Timestamp,HedefLinX_m_s,AnlikHiz_m_s,MotorGucu,TurnBoost,StallBoost,HedefAngZ_rad_s,HedefAci_deg,YayinAci_deg,Fren,GeriVites
2026-08-16 19:31:32.561,0.00,0.00,0,0.0,0.0,0.000,0.0,0,HAYIR,HAYIR
2026-08-16 19:31:32.581,0.00,0.00,0,0.0,0.0,0.000,0.0,0,HAYIR,HAYIR
2026-08-16 19:31:32.601,0.00,0.00,0,0.0,0.0,0.000,0.0,0,HAYIR,HAYIR
2026-08-16 19:31:32.621,0.00,0.00,0,0.0,0.0,0.000,0.0,0,HAYIR,HAYIR
2026-08-16 19:31:32.641,0.00,0.00,0,0.0,0.0,0.000,0.0,0,HAYIR,HAYIR
2026-08-16 19:31:32.661,0.00,0.00,0,0.0,0.0,0.000,0.0,0,HAYIR,HAYIR
2026-08-16 19:31:32.681,0.00,0.00,0,0.0,0.0,0.000,0.0,0,HAYIR,HAYIR
2026-08-16 19:31:32.701,0.00,0.00,0,0.0,0.0,0.000,0.0,0,HAYIR,HAYIR
2026-08-16 19:31:32.721,0.00,0.00,0,0.0,0.0,0.000,0.0,0,HAYIR,HAYIR
2026-08-16 19:31:32.741,0.00,0.00,0,0.0,0.0,0.000,0.0,0,HAYIR,HAYIR
2026-08-16 19:31:32.761,0.00,0.00,0,0.0,0.0,0.000,0.0,0,HAYIR,HAYIR
2026-08-16 19:31:32.781,0.00,0.00,0,0.0,0.0,0.000,0.0,0,HAYIR,HAYIR
2026-08-16 19:31:32.801,0.00,0.00,0,0.0,0.0,0.000,0.0,0,HAYIR,HAYIR
2026-08-16 19:31:32.821,0.00,0.00,0,0.0,0.0,0.000,0.0,0,HAYIR,HAYIR
2026-08-16 19:31:32.841,0.00,0.00,0,0.0,0.0,0.000,0.0,0,HAYIR,HAYIR
2026-08-16 19:31:32.861,0.00,0.00,0,0.0,0.0,0.000,0.0,0,HAYIR,HAYIR
2026-08-16 19:31:32.881,0.00,0.00,0,0.0,0.0,0.000,0.0,0,HAYIR,HAYIR
2026-08-16 19:31:32.901,0.00,0.00,0,0.0,0.0,0.000,0.0,0,HAYIR,HAYIR
2026-08-16 19:31:32.921,0.00,0.00,0,0.0,0.0,0.000,0.0,0,HAYIR,HAYIR
2026-08-16 19:31:32.941,0.00,0.00,0,0.0,0.0,0.000,0.0,0,HAYIR,HAYIR
2026-08-16 19:31:32.961,0.00,0.00,0,0.0,0.0,0.000,0.0,0,HAYIR,HAYIR
2026-08-16 19:31:32.981,0.00,0.00,0,0.0,0.0,0.000,0.0,0,HAYIR,HAYIR
2026-08-16 19:31:33.001,0.00,0.00,0,0.0,0.0,0.000,0.0,0,HAYIR,HAYIR
2026-08-16 19:31:33.021,0.00,0.00,0,0.0,0.0,0.000,0.0,0,HAYIR,HAYIR
2026-08-16 19:31:33.041,0.00,0.00,0,0.0,0.0,0.000,0.0,0,HAYIR,HAYIR
2026-08-16 19:31:33.061,0.00,0.00,0,0.0,0.0,0.000,0.0,0,HAYIR,HAYIR
2026-08-16 19:31:33.081,0.00,0.00,0,0.0,0.0,0.000,0.0,0,HAYIR,HAYIR
2026-08-16 19:31:33.101,0.00,0.00,0,0.0,0.0,0.000,0.0,0,HAYIR,HAYIR
2026-08-16 19:31:33.121,0.00,0.00,0,0.0,0.0,0.000,0.0,0,HAYIR,HAYIR
2026-08-16 19:31:33.141,0.00,0.00,0,0.0,0.0,0.000,0.0,0,HAYIR,HAYIR
2026-08-16 19:31:33.161,0.00,0.00,0,0.0,0.0,0.000,0.0,0,HAYIR,HAYIR
2026-08-16 19:31:33.181,0.00,0.00,0,0.0,0.0,0.000,0.0,0,HAYIR,HAYIR
2026-08-16 19:31:33.201,0.00,0.00,0,0.0,0.0,0.000,0.0,0,HAYIR,HAYIR
2026-08-16 19:31:33.221,0.00,0.00,0,0.0,0.0,0.000,0.0,0,HAYIR,HAYIR
2026-08-16 19:31:33.241,0.00,0.00,0,0.0,0.0,0.000,0.0,0,HAYIR,HAYIR
2026-08-16 19:31:33.261,0.00,0.00,0,0.0,0.0,0.000,0.0,0,HAYIR,HAYIR
2026-08-16 19:31:33.281,0.00,0.00,0,0.0,0.0,0.000,0.0,0,HAYIR,HAYIR
2026-08-16 19:31:33.301,0.00,0.00,0,0.0,0.0,0.000,0.0,0,HAYIR,HAYIR
2026-08-16 19:31:33.321,0.00,0.00,0,0.0,0.0,0.000,0.0,0,HAYIR,HAYIR
2026-08-16 19:31:33.341,0.00,0.00,0,0.0,0.0,0.000,0.0,0,HAYIR,HAYIR
2026-08-16 19:31:33.361,0.00,0.00,0,0.0,0.0,0.000,0.0,0,HAYIR,HAYIR
2026-08-16 19:31:33.381,0.00,0.00,0,0.0,0.0,0.000,0.0,0,HAYIR,HAYIR
2026-08-16 19:31:33.401,0.00,0.00,0,0.0,0.0,0.000,0.0,0,HAYIR,HAYIR
2026-08-16 19:31:33.421,0.00,0.00,0,0.0,0.0,0.000,0.0,0,HAYIR,HAYIR
2026-08-16 19:31:33.441,0.00,0.00,0,0.0,0.0,0.000,0.0,0,HAYIR,HAYIR
2026-08-16 19:31:33.461,0.00,0.00,0,0.0,0.0,0.000,0.0,0,HAYIR,HAYIR
2026-08-16 19:31:33.481,0.00,0.00,0,0.0,0.0,0.000,0.0,0,HAYIR,HAYIR
2026-08-16 19:31:33.501,0.00,0.00,0,0.0,0.0,0.000,0.0,0,HAYIR,HAYIR
2026-08-16 19:31:33.521,0.00,0.00,0,0.0,0.0,0.000,0.0,0,HAYIR,HAYIR
2026-08-16 19:31:33.541,0.00,0.00,0,0.0,0.0,0.000,0.0,0,HAYIR,HAYIR
2026-08-16 19:31:33.561,0.00,0.00,0,0.0,0.0,0.000,0.0,0,HAYIR,HAYIR
2026-08-16 19:31:33.581,0.00,0.00,0,0.0,0.0,0.000,0.0,0,HAYIR,HAYIR
2026-08-16 19:31:33.601,0.00,0.00,0,0.0,0.0,0.000,0.0,0,HAYIR,HAYIR
2026-08-16 19:31:33.621,0.00,0.00,0,0.0,0.0,0.000,0.0,0,HAYIR,HAYIR
2026-08-16 19:31:33.641,0.00,0.00,0,0.0,0.0,0.000,0.0,0,HAYIR,HAYIR
2026-08-16 19:31:33.661,0.00,0.00,0,0.0,0.0,0.000,0.0,0,HAYIR,HAYIR
2026-08-16 19:31:33.681,0.00,0.00,0,0.0,0.0,0.000,0.0,0,HAYIR,HAYIR
2026-08-16 19:31:33.701,0.00,0.00,0,0.0,0.0,0.000,0.0,0,HAYIR,HAYIR
2026-08-16 19:31:33.721,0.00,0.00,0,0.0,0.0,0.000,0.0,0,HAYIR,HAYIR
2026-08-16 19:31:33.741,0.00,0.00,0,0.0,0.0,0.000,0.0,0,HAYIR,HAYIR
2026-08-16 19:31:33.761,0.00,0.00,0,0.0,0.0,0.000,0.0,0,HAYIR,HAYIR
2026-08-16 19:31:33.781,0.00,0.00,0,0.0,0.0,0.000,0.0,0,HAYIR,HAYIR
2026-08-16 19:31:33.801,0.00,0.00,0,0.0,0.0,0.000,0.0,0,HAYIR,HAYIR
2026-08-16 19:31:33.821,0.00,0.00,0,0.0,0.0,0.000,0.0,0,HAYIR,HAYIR
2026-08-16 19:31:33.841,0.00,0.00,0,0.0,0.0,0.000,0.0,0,HAYIR,HAYIR
2026-08-16 19:31:33.861,0.00,0.00,0,0.0,0.0,0.000,0.0,0,HAYIR,HAYIR
2026-08-16 19:31:33.881,0.00,0.00,0,0.0,0.0,0.000,0.0,0,HAYIR,HAYIR
2026-08-16 19:31:33.901,0.00,0.00,0,0.0,0.0,0.000,0.0,0,HAYIR,HAYIR
2026-08-16 19:31:33.921,0.00,0.00,0,0.0,0.0,0.000,0.0,0,HAYIR,HAYIR
2026-08-16 19:31:33.941,0.00,0.00,0,0.0,0.0,0.000,0.0,0,HAYIR,HAYIR
2026-08-16 19:31:33.961,0.00,0.00,0,0.0,0.0,0.000,0.0,0,HAYIR,HAYIR
2026-08-16 19:31:33.981,0.00,0.00,0,0.0,0.0,0.000,0.0,0,HAYIR,HAYIR
2026-08-16 19:31:34.001,0.00,0.00,0,0.0,0.0,0.000,0.0,0,HAYIR,HAYIR
2026-08-16 19:31:34.021,0.00,0.00,0,0.0,0.0,0.000,0.0,0,HAYIR,HAYIR
2026-08-16 19:31:34.041,0.00,0.00,0,0.0,0.0,0.000,0.0,0,HAYIR,HAYIR
2026-08-16 19:31:34.061,0.00,0.00,0,0.0,0.0,0.000,0.0,0,HAYIR,HAYIR
2026-08-16 19:31:34.081,0.00,0.00,0,0.0,0.0,0.000,0.0,0,HAYIR,HAYIR
2026-08-16 19:31:34.101,0.00,0.00,0,0.0,0.0,0.000,0.0,0,HAYIR,HAYIR
2026-08-16 19:31:34.121,0.00,0.00,0,0.0,0.0,0.000,0.0,0,HAYIR,HAYIR
2026-08-16 19:31:34.141,0.00,0.00,0,0.0,0.0,0.000,0.0,0,HAYIR,HAYIR
2026-08-16 19:31:34.161,0.00,0.00,0,0.0,0.0,0.000,0.0,0,HAYIR,HAYIR
2026-08-16 19:31:34.181,0.00,0.00,0,0.0,0.0,0.000,0.0,0,HAYIR,HAYIR
2026-08-16 19:31:34.201,0.00,0.00,0,0.0,0.0,0.000,0.0,0,HAYIR,HAYIR
2026-08-16 19:31:34.221,0.00,0.00,0,0.0,0.0,0.000,0.0,0,HAYIR,HAYIR
2026-08-16 19:31:34.241,0.00,0.00,0,0.0,0.0,0.000,0.0,0,HAYIR,HAYIR
2026-08-16 19:31:34.261,0.00,0.00,0,0.0,0.0,0.000,0.0,0,HAYIR,HAYIR
2026-08-16 19:31:34.281,0.00,0.00,0,0.0,0.0,0.000,0.0,0,HAYIR,HAYIR
2026-08-16 19:31:34.301,0.00,0.00,0,0.0,0.0,0.000,0.0,0,HAYIR,HAYIR
2026-08-16 19:31:34.321,0.00,0.00,0,0.0,0.0,0.000,0.0,0,HAYIR,HAYIR
2026-08-16 19:31:34.341,0.00,0.00,0,0.0,0.0,0.000,0.0,0,HAYIR,HAYIR
2026-08-16 19:31:34.361,0.00,0.00,0,0.0,0.0,0.000,0.0,0,HAYIR,HAYIR
2026-08-16 19:31:34.381,0.00,0.00,0,0.0,0.0,0.000,0.0,0,HAYIR,HAYIR
2026-08-16 19:31:34.401,0.00,0.00,0,0.0,0.0,0.000,0.0,0,HAYIR,HAYIR
2026-08-16 19:31:34.421,0.00,0.00,0,0.0,0.0,0.000,0.0,0,HAYIR,HAYIR
2026-08-16 19:31:34.441,0.00,0.00,0,0.0,0.0,0.000,0.0,0,HAYIR,HAYIR
2026-08-16 19:31:34.461,0.00,0.00,0,0.0,0.0,0.000,0.0,0,HAYIR,HAYIR
2026-08-16 19:31:34.481,0.00,0.00,0,0.0,0.0,0.000,0.0,0,HAYIR,HAYIR
2026-08-16 19:31:34.501,0.00,0.00,0,0.0,0.0,0.000,0.0,0,HAYIR,HAYIR
2026-08-16 19:31:34.521,0.00,0.00,0,0.0,0.0,0.000,0.0,0,HAYIR,HAYIR
2026-08-16 19:31:34.541,0.00,0.00,0,0.0,0.0,0.000,0.0,0,HAYIR,HAYIR
2026-08-16 19:31:34.561,0.00,0.00,0,0.0,0.0,0.000,0.0,0,HAYIR,HAYIR
2026-08-16 19:31:34.581,0.00,0.00,0,0.0,0.0,0.000,0.0,0,HAYIR,HAYIR
2026-08-16 19:31:34.601,0.00,0.00,0,0.0,0.0,0.000,0.0,0,HAYIR,HAYIR
2026-08-16 19:31:34.621,0.00,0.00,0,0.0,0.0,0.000,0.0,0,HAYIR,HAYIR
2026-08-16 19:31:34.641,0.00,0.00,0,0.0,0.0,0.000,0.0,0,HAYIR,HAYIR
2026-08-16 19:31:34.661,0.00,0.00,0,0.0,0.0,0.000,0.0,0,HAYIR,HAYIR
2026-08-16 19:31:34.681,0.00,0.00,0,0.0,0.0,0.000,0.0,0,HAYIR,HAYIR
2026-08-16 19:31:34.702,0.00,0.00,0,0.0,0.0,0.000,0.0,0,HAYIR,HAYIR
2026-08-16 19:31:34.721,0.00,0.00,0,0.0,0.0,0.000,0.0,0,HAYIR,HAYIR
2026-08-16 19:31:34.741,0.00,0.00,0,0.0,0.0,0.000,0.0,0,HAYIR,HAYIR
2026-08-16 19:31:34.761,0.00,0.00,0,0.0,0.0,0.000,0.0,0,HAYIR,HAYIR
2026-08-16 19:31:34.781,0.00,0.00,0,0.0,0.0,0.000,0.0,0,HAYIR,HAYIR
2026-08-16 19:31:34.801,0.00,0.00,0,0.0,0.0,0.000,0.0,0,HAYIR,HAYIR
2026-08-16 19:31:34.821,0.00,0.00,0,0.0,0.0,0.000,0.0,0,HAYIR,HAYIR
2026-08-16 19:31:34.841,0.00,0.00,0,0.0,0.0,0.000,0.0,0,HAYIR,HAYIR
2026-08-16 19:31:34.861,0.00,0.00,0,0.0,0.0,0.000,0.0,0,HAYIR,HAYIR
2026-08-16 19:31:34.881,0.00,0.00,0,0.0,0.0,0.000,0.0,0,HAYIR,HAYIR
2026-08-16 19:31:34.901,0.00,0.00,0,0.0,0.0,0.000,0.0,0,HAYIR,HAYIR
2026-08-16 19:31:34.921,0.00,0.00,0,0.0,0.0,0.000,0.0,0,HAYIR,HAYIR
2026-08-16 19:31:34.941,0.00,0.00,0,0.0,0.0,0.000,0.0,0,HAYIR,HAYIR
2026-08-16 19:31:34.961,0.00,0.00,0,0.0,0.0,0.000,0.0,0,HAYIR,HAYIR
2026-08-16 19:31:34.981,0.00,0.00,0,0.0,0.0,0.000,0.0,0,HAYIR,HAYIR
2026-08-16 19:31:35.001,0.00,0.00,0,0.0,0.0,0.000,0.0,0,HAYIR,HAYIR
2026-08-16 19:31:35.021,0.00,0.00,0,0.0,0.0,0.000,0.0,0,HAYIR,HAYIR
2026-08-16 19:31:35.041,0.00,0.00,0,0.0,0.0,0.000,0.0,0,HAYIR,HAYIR
2026-08-16 19:31:35.061,0.00,0.00,0,0.0,0.0,0.000,0.0,0,HAYIR,HAYIR
2026-08-16 19:31:35.081,0.00,0.00,0,0.0,0.0,0.000,0.0,0,HAYIR,HAYIR
2026-08-16 19:31:35.101,0.00,0.00,0,0.0,0.0,0.000,0.0,0,HAYIR,HAYIR
2026-08-16 19:31:35.121,0.00,0.00,0,0.0,0.0,0.000,0.0,0,HAYIR,HAYIR
2026-08-16 19:31:35.141,0.00,0.00,0,0.0,0.0,0.000,0.0,0,HAYIR,HAYIR
2026-08-16 19:31:35.161,0.00,0.00,0,0.0,0.0,0.000,0.0,0,HAYIR,HAYIR
2026-08-16 19:31:35.181,0.00,0.00,0,0.0,0.0,0.000,0.0,0,HAYIR,HAYIR
2026-08-16 19:31:35.201,0.00,0.00,0,0.0,0.0,0.000,0.0,0,HAYIR,HAYIR
2026-08-16 19:31:35.221,0.00,0.00,0,0.0,0.0,0.000,0.0,0,HAYIR,HAYIR
2026-08-16 19:31:35.241,0.00,0.00,0,0.0,0.0,0.000,0.0,0,HAYIR,HAYIR
2026-08-16 19:31:35.261,0.00,0.00,0,0.0,0.0,0.000,0.0,0,HAYIR,HAYIR
2026-08-16 19:31:35.281,0.00,0.00,0,0.0,0.0,0.000,0.0,0,HAYIR,HAYIR
2026-08-16 19:31:35.301,0.00,0.00,0,0.0,0.0,0.000,0.0,0,HAYIR,HAYIR
2026-08-16 19:31:35.321,0.00,0.00,0,0.0,0.0,0.000,0.0,0,HAYIR,HAYIR
2026-08-16 19:31:35.341,0.00,0.00,0,0.0,0.0,0.000,0.0,0,HAYIR,HAYIR
2026-08-16 19:31:35.361,0.00,0.00,0,0.0,0.0,0.000,0.0,0,HAYIR,HAYIR
2026-08-16 19:31:35.381,0.00,0.00,0,0.0,0.0,0.000,0.0,0,HAYIR,HAYIR
2026-08-16 19:31:35.401,0.00,0.00,0,0.0,0.0,0.000,0.0,0,HAYIR,HAYIR
2026-08-16 19:31:35.421,0.00,0.00,0,0.0,0.0,0.000,0.0,0,HAYIR,HAYIR
2026-08-16 19:31:35.441,0.00,0.00,0,0.0,0.0,0.000,0.0,0,HAYIR,HAYIR
2026-08-16 19:31:35.461,0.00,0.00,0,0.0,0.0,0.000,0.0,0,HAYIR,HAYIR
2026-08-16 19:31:35.481,0.00,0.00,0,0.0,0.0,0.000,0.0,0,HAYIR,HAYIR
2026-08-16 19:31:35.501,0.00,0.00,0,0.0,0.0,0.000,0.0,0,HAYIR,HAYIR
2026-08-16 19:31:35.521,0.00,0.00,0,0.0,0.0,0.000,0.0,0,HAYIR,HAYIR
2026-08-16 19:31:35.541,0.00,0.00,0,0.0,0.0,0.000,0.0,0,HAYIR,HAYIR
2026-08-16 19:31:35.561,0.00,0.00,0,0.0,0.0,0.000,0.0,0,HAYIR,HAYIR
2026-08-16 19:31:35.581,0.00,0.00,0,0.0,0.0,0.000,0.0,0,HAYIR,HAYIR
2026-08-16 19:31:35.601,0.00,0.00,0,0.0,0.0,0.000,0.0,0,HAYIR,HAYIR
2026-08-16 19:31:35.621,0.00,0.00,0,0.0,0.0,0.000,0.0,0,HAYIR,HAYIR
2026-08-16 19:31:35.641,0.00,0.00,0,0.0,0.0,0.000,0.0,0,HAYIR,HAYIR
2026-08-16 19:31:35.661,0.00,0.00,0,0.0,0.0,0.000,0.0,0,HAYIR,HAYIR
2026-08-16 19:31:35.681,0.00,0.00,0,0.0,0.0,0.000,0.0,0,HAYIR,HAYIR
2026-08-16 19:31:35.701,0.00,0.00,0,0.0,0.0,0.000,0.0,0,HAYIR,HAYIR
2026-08-16 19:31:35.721,0.00,0.00,0,0.0,0.0,0.000,0.0,0,HAYIR,HAYIR
2026-08-16 19:31:35.741,0.00,0.00,0,0.0,0.0,0.000,0.0,0,HAYIR,HAYIR
2026-08-16 19:31:35.761,0.00,0.00,0,0.0,0.0,0.000,0.0,0,HAYIR,HAYIR
2026-08-16 19:31:35.781,0.00,0.00,0,0.0,0.0,0.000,0.0,0,HAYIR,HAYIR
2026-08-16 19:31:35.801,0.00,0.00,0,0.0,0.0,0.000,0.0,0,HAYIR,HAYIR
2026-08-16 19:31:35.821,0.00,0.00,0,0.0,0.0,0.000,0.0,0,HAYIR,HAYIR
2026-08-16 19:31:35.841,0.00,0.00,0,0.0,0.0,0.000,0.0,0,HAYIR,HAYIR
2026-08-16 19:31:35.861,0.00,0.00,0,0.0,0.0,0.000,0.0,0,HAYIR,HAYIR
2026-08-16 19:31:35.881,0.00,0.00,0,0.0,0.0,0.000,0.0,0,HAYIR,HAYIR
2026-08-16 19:31:35.901,0.00,0.00,0,0.0,0.0,0.000,0.0,0,HAYIR,HAYIR
2026-08-16 19:31:35.921,0.00,0.00,0,0.0,0.0,0.000,0.0,0,HAYIR,HAYIR
2026-08-16 19:31:35.941,0.00,0.00,0,0.0,0.0,0.000,0.0,0,HAYIR,HAYIR
2026-08-16 19:31:35.961,0.00,0.00,0,0.0,0.0,0.000,0.0,0,HAYIR,HAYIR
2026-08-16 19:31:35.981,0.00,0.00,0,0.0,0.0,0.000,0.0,0,HAYIR,HAYIR
2026-08-16 19:31:36.001,0.00,0.00,0,0.0,0.0,0.000,0.0,0,HAYIR,HAYIR
2026-08-16 19:31:36.021,0.00,0.00,0,0.0,0.0,0.000,0.0,0,HAYIR,HAYIR
2026-08-16 19:31:36.041,0.00,0.00,0,0.0,0.0,0.000,0.0,0,HAYIR,HAYIR
2026-08-16 19:31:36.061,0.00,0.00,0,0.0,0.0,0.000,0.0,0,HAYIR,HAYIR
2026-08-16 19:31:36.081,0.00,0.00,0,0.0,0.0,0.000,0.0,0,HAYIR,HAYIR
2026-08-16 19:31:36.101,0.00,0.00,0,0.0,0.0,0.000,0.0,0,HAYIR,HAYIR
2026-08-16 19:31:36.121,0.00,0.00,0,0.0,0.0,0.000,0.0,0,HAYIR,HAYIR
2026-08-16 19:31:36.141,0.00,0.00,0,0.0,0.0,0.000,0.0,0,HAYIR,HAYIR
2026-08-16 19:31:36.161,0.00,0.00,0,0.0,0.0,0.000,0.0,0,HAYIR,HAYIR
2026-08-16 19:31:36.181,0.00,0.00,0,0.0,0.0,0.000,0.0,0,HAYIR,HAYIR
2026-08-16 19:31:36.201,0.00,0.00,0,0.0,0.0,0.000,0.0,0,HAYIR,HAYIR
2026-08-16 19:31:36.221,0.00,0.00,0,0.0,0.0,0.000,0.0,0,HAYIR,HAYIR
2026-08-16 19:31:36.241,0.00,0.00,0,0.0,0.0,0.000,0.0,0,HAYIR,HAYIR
2026-08-16 19:31:36.261,0.00,0.00,0,0.0,0.0,0.000,0.0,0,HAYIR,HAYIR
2026-08-16 19:31:36.281,0.00,0.00,0,0.0,0.0,0.000,0.0,0,HAYIR,HAYIR
2026-08-16 19:31:36.301,0.00,0.00,0,0.0,0.0,0.000,0.0,0,HAYIR,HAYIR
2026-08-16 19:31:36.321,0.00,0.00,0,0.0,0.0,0.000,0.0,0,HAYIR,HAYIR
2026-08-16 19:31:36.341,0.00,0.00,0,0.0,0.0,0.000,0.0,0,HAYIR,HAYIR
2026-08-16 19:31:36.361,0.00,0.00,0,0.0,0.0,0.000,0.0,0,HAYIR,HAYIR
2026-08-16 19:31:36.381,0.00,0.00,0,0.0,0.0,0.000,0.0,0,HAYIR,HAYIR
2026-08-16 19:31:36.401,0.00,0.00,0,0.0,0.0,0.000,0.0,0,HAYIR,HAYIR
2026-08-16 19:31:36.421,0.00,0.00,0,0.0,0.0,0.000,0.0,0,HAYIR,HAYIR
2026-08-16 19:31:36.441,0.00,0.00,0,0.0,0.0,0.000,0.0,0,HAYIR,HAYIR
2026-08-16 19:31:36.461,0.00,0.00,0,0.0,0.0,0.000,0.0,0,HAYIR,HAYIR
2026-08-16 19:31:36.481,0.00,0.00,0,0.0,0.0,0.000,0.0,0,HAYIR,HAYIR
2026-08-16 19:31:36.501,0.00,0.00,0,0.0,0.0,0.000,0.0,0,HAYIR,HAYIR
2026-08-16 19:31:36.521,0.00,0.00,0,0.0,0.0,0.000,0.0,0,HAYIR,HAYIR
2026-08-16 19:31:36.541,0.00,0.00,0,0.0,0.0,0.000,0.0,0,HAYIR,HAYIR
2026-08-16 19:31:36.561,0.00,0.00,0,0.0,0.0,0.000,0.0,0,HAYIR,HAYIR
2026-08-16 19:31:36.581,0.00,0.00,0,0.0,0.0,0.000,0.0,0,HAYIR,HAYIR
2026-08-16 19:31:36.601,0.00,0.00,0,0.0,0.0,0.000,0.0,0,HAYIR,HAYIR
2026-08-16 19:31:36.621,0.00,0.00,0,0.0,0.0,0.000,0.0,0,HAYIR,HAYIR
2026-08-16 19:31:36.641,0.00,0.00,0,0.0,0.0,0.000,0.0,0,HAYIR,HAYIR
2026-08-16 19:31:36.661,0.00,0.00,0,0.0,0.0,0.000,0.0,0,HAYIR,HAYIR
2026-08-16 19:31:36.681,0.00,0.00,0,0.0,0.0,0.000,0.0,0,HAYIR,HAYIR
2026-08-16 19:31:36.701,0.00,0.00,0,0.0,0.0,0.000,0.0,0,HAYIR,HAYIR
2026-08-16 19:31:36.721,0.00,0.00,0,0.0,0.0,0.000,0.0,0,HAYIR,HAYIR
2026-08-16 19:31:36.741,0.00,0.00,0,0.0,0.0,0.000,0.0,0,HAYIR,HAYIR
2026-08-16 19:31:36.761,0.00,0.00,0,0.0,0.0,0.000,0.0,0,HAYIR,HAYIR
2026-08-16 19:31:36.781,0.00,0.00,0,0.0,0.0,0.000,0.0,0,HAYIR,HAYIR
2026-08-16 19:31:36.801,0.00,0.00,0,0.0,0.0,0.000,0.0,0,HAYIR,HAYIR
2026-08-16 19:31:36.821,0.00,0.00,0,0.0,0.0,0.000,0.0,0,HAYIR,HAYIR
2026-08-16 19:31:36.841,0.00,0.00,0,0.0,0.0,0.000,0.0,0,HAYIR,HAYIR
2026-08-16 19:31:36.861,0.00,0.00,0,0.0,0.0,0.000,0.0,0,HAYIR,HAYIR
2026-08-16 19:31:36.881,0.00,0.00,0,0.0,0.0,0.000,0.0,0,HAYIR,HAYIR
2026-08-16 19:31:36.901,0.00,0.00,0,0.0,0.0,0.000,0.0,0,HAYIR,HAYIR
2026-08-16 19:31:36.921,0.00,0.00,0,0.0,0.0,0.000,0.0,0,HAYIR,HAYIR
2026-08-16 19:31:36.941,0.00,0.00,0,0.0,0.0,0.000,0.0,0,HAYIR,HAYIR
2026-08-16 19:31:36.961,0.00,0.00,0,0.0,0.0,0.000,0.0,0,HAYIR,HAYIR
2026-08-16 19:31:36.981,0.00,0.00,0,0.0,0.0,0.000,0.0,0,HAYIR,HAYIR
2026-08-16 19:31:37.001,0.00,0.00,0,0.0,0.0,0.000,0.0,0,HAYIR,HAYIR
2026-08-16 19:31:37.021,0.00,0.00,0,0.0,0.0,0.000,0.0,0,HAYIR,HAYIR
2026-08-16 19:31:37.041,0.00,0.00,0,0.0,0.0,0.000,0.0,0,HAYIR,HAYIR
2026-08-16 19:31:37.061,0.00,0.00,0,0.0,0.0,0.000,0.0,0,HAYIR,HAYIR
2026-08-16 19:31:37.081,0.00,0.00,0,0.0,0.0,0.000,0.0,0,HAYIR,HAYIR
2026-08-16 19:31:37.101,0.00,0.00,0,0.0,0.0,0.000,0.0,0,HAYIR,HAYIR
2026-08-16 19:31:37.121,0.00,0.00,0,0.0,0.0,0.000,0.0,0,HAYIR,HAYIR
2026-08-16 19:31:37.141,0.00,0.00,0,0.0,0.0,0.000,0.0,0,HAYIR,HAYIR
2026-08-16 19:31:37.161,0.00,0.00,0,0.0,0.0,0.000,0.0,0,HAYIR,HAYIR
2026-08-16 19:31:37.181,0.00,0.00,0,0.0,0.0,0.000,0.0,0,HAYIR,HAYIR
2026-08-16 19:31:37.201,0.00,0.00,0,0.0,0.0,0.000,0.0,0,HAYIR,HAYIR
2026-08-16 19:31:37.221,0.00,0.00,0,0.0,0.0,0.000,0.0,0,HAYIR,HAYIR
2026-08-16 19:31:37.241,0.00,0.00,0,0.0,0.0,0.000,0.0,0,HAYIR,HAYIR
2026-08-16 19:31:37.261,0.00,0.00,0,0.0,0.0,0.000,0.0,0,HAYIR,HAYIR
2026-08-16 19:31:37.281,0.00,0.00,0,0.0,0.0,0.000,0.0,0,HAYIR,HAYIR
2026-08-16 19:31:37.301,0.00,0.00,0,0.0,0.0,0.000,0.0,0,HAYIR,HAYIR
2026-08-16 19:31:37.321,0.00,0.00,0,0.0,0.0,0.000,0.0,0,HAYIR,HAYIR
2026-08-16 19:31:37.341,0.00,0.00,0,0.0,0.0,0.000,0.0,0,HAYIR,HAYIR
2026-08-16 19:31:37.361,0.00,0.00,0,0.0,0.0,0.000,0.0,0,HAYIR,HAYIR
2026-08-16 19:31:37.381,0.00,0.00,0,0.0,0.0,0.000,0.0,0,HAYIR,HAYIR
2026-08-16 19:31:37.401,0.00,0.00,0,0.0,0.0,0.000,0.0,0,HAYIR,HAYIR
2026-08-16 19:31:37.421,0.00,0.00,0,0.0,0.0,0.000,0.0,0,HAYIR,HAYIR
2026-08-16 19:31:37.441,0.00,0.00,0,0.0,0.0,0.000,0.0,0,HAYIR,HAYIR
2026-08-16 19:31:37.461,0.00,0.00,0,0.0,0.0,0.000,0.0,0,HAYIR,HAYIR
2026-08-16 19:31:37.481,0.00,0.00,0,0.0,0.0,0.000,0.0,0,HAYIR,HAYIR
2026-08-16 19:31:37.501,0.00,0.00,0,0.0,0.0,0.000,0.0,0,HAYIR,HAYIR
2026-08-16 19:31:37.521,0.00,0.00,0,0.0,0.0,0.000,0.0,0,HAYIR,HAYIR
2026-08-16 19:31:37.541,0.00,0.00,0,0.0,0.0,0.000,0.0,0,HAYIR,HAYIR
2026-08-16 19:31:37.561,0.00,0.00,0,0.0,0.0,0.000,0.0,0,HAYIR,HAYIR
2026-08-16 19:31:37.581,0.00,0.00,0,0.0,0.0,0.000,0.0,0,HAYIR,HAYIR
2026-08-16 19:31:37.601,0.00,0.00,0,0.0,0.0,0.000,0.0,0,HAYIR,HAYIR
2026-08-16 19:31:37.621,0.00,0.00,0,0.0,0.0,0.000,0.0,0,HAYIR,HAYIR
2026-08-16 19:31:37.641,0.00,0.00,0,0.0,0.0,0.000,0.0,0,HAYIR,HAYIR
2026-08-16 19:31:37.661,0.00,0.00,0,0.0,0.0,0.000,0.0,0,HAYIR,HAYIR
2026-08-16 19:31:37.681,0.00,0.00,0,0.0,0.0,0.000,0.0,0,HAYIR,HAYIR
2026-08-16 19:31:37.701,0.00,0.00,0,0.0,0.0,0.000,0.0,0,HAYIR,HAYIR
2026-08-16 19:31:37.721,0.00,0.00,0,0.0,0.0,0.000,0.0,0,HAYIR,HAYIR
2026-08-16 19:31:37.741,0.00,0.00,0,0.0,0.0,0.000,0.0,0,HAYIR,HAYIR
2026-08-16 19:31:37.761,0.00,0.00,0,0.0,0.0,0.000,0.0,0,HAYIR,HAYIR
2026-08-16 19:31:37.781,0.00,0.00,0,0.0,0.0,0.000,0.0,0,HAYIR,HAYIR
2026-08-16 19:31:37.801,0.00,0.00,0,0.0,0.0,0.000,0.0,0,HAYIR,HAYIR
2026-08-16 19:31:37.821,0.00,0.00,0,0.0,0.0,0.000,0.0,0,HAYIR,HAYIR
2026-08-16 19:31:37.841,0.00,0.00,0,0.0,0.0,0.000,0.0,0,HAYIR,HAYIR
2026-08-16 19:31:37.861,0.00,0.00,0,0.0,0.0,0.000,0.0,0,HAYIR,HAYIR
2026-08-16 19:31:37.881,0.00,0.00,0,0.0,0.0,0.000,0.0,0,HAYIR,HAYIR
2026-08-16 19:31:37.901,0.00,0.00,0,0.0,0.0,0.000,0.0,0,HAYIR,HAYIR
2026-08-16 19:31:37.921,0.00,0.00,0,0.0,0.0,0.000,0.0,0,HAYIR,HAYIR
2026-08-16 19:31:37.941,0.00,0.00,0,0.0,0.0,0.000,0.0,0,HAYIR,HAYIR
2026-08-16 19:31:37.961,0.00,0.00,0,0.0,0.0,0.000,0.0,0,HAYIR,HAYIR
2026-08-16 19:31:37.981,0.00,0.00,0,0.0,0.0,0.000,0.0,0,HAYIR,HAYIR
2026-08-16 19:31:38.001,0.00,0.00,0,0.0,0.0,0.000,0.0,0,HAYIR,HAYIR
2026-08-16 19:31:38.021,0.00,0.00,0,0.0,0.0,0.000,0.0,0,HAYIR,HAYIR
2026-08-16 19:31:38.041,0.00,0.00,0,0.0,0.0,0.000,0.0,0,HAYIR,HAYIR
2026-08-16 19:31:38.061,0.00,0.00,0,0.0,0.0,0.000,0.0,0,HAYIR,HAYIR
2026-08-16 19:31:38.081,0.00,0.00,0,0.0,0.0,0.000,0.0,0,HAYIR,HAYIR
2026-08-16 19:31:38.101,0.00,0.00,0,0.0,0.0,0.000,0.0,0,HAYIR,HAYIR
2026-08-16 19:31:38.121,0.00,0.00,0,0.0,0.0,0.000,0.0,0,HAYIR,HAYIR
2026-08-16 19:31:38.141,0.00,0.00,0,0.0,0.0,0.000,0.0,0,HAYIR,HAYIR
2026-08-16 19:31:38.161,0.00,0.00,0,0.0,0.0,0.000,0.0,0,HAYIR,HAYIR
2026-08-16 19:31:38.181,0.00,0.00,0,0.0,0.0,0.000,0.0,0,HAYIR,HAYIR
2026-08-16 19:31:38.201,0.00,0.00,0,0.0,0.0,0.000,0.0,0,HAYIR,HAYIR
2026-08-16 19:31:38.221,0.00,0.00,0,0.0,0.0,0.000,0.0,0,HAYIR,HAYIR
2026-08-16 19:31:38.241,0.00,0.00,0,0.0,0.0,0.000,0.0,0,HAYIR,HAYIR
2026-08-16 19:31:38.261,0.00,0.00,0,0.0,0.0,0.000,0.0,0,HAYIR,HAYIR
2026-08-16 19:31:38.281,0.00,0.00,0,0.0,0.0,0.000,0.0,0,HAYIR,HAYIR
2026-08-16 19:31:38.301,0.00,0.00,0,0.0,0.0,0.000,0.0,0,HAYIR,HAYIR
2026-08-16 19:31:38.321,0.00,0.00,0,0.0,0.0,0.000,0.0,0,HAYIR,HAYIR
2026-08-16 19:31:38.341,0.00,0.00,0,0.0,0.0,0.000,0.0,0,HAYIR,HAYIR
2026-08-16 19:31:38.361,0.00,0.00,0,0.0,0.0,0.000,0.0,0,HAYIR,HAYIR
2026-08-16 19:31:38.381,0.00,0.00,0,0.0,0.0,0.000,0.0,0,HAYIR,HAYIR
2026-08-16 19:31:38.401,0.00,0.00,0,0.0,0.0,0.000,0.0,0,HAYIR,HAYIR
2026-08-16 19:31:38.421,0.00,0.00,0,0.0,0.0,0.000,0.0,0,HAYIR,HAYIR
2026-08-16 19:31:38.441,0.00,0.00,0,0.0,0.0,0.000,0.0,0,HAYIR,HAYIR
2026-08-16 19:31:38.461,0.00,0.00,0,0.0,0.0,0.000,0.0,0,HAYIR,HAYIR
2026-08-16 19:31:38.481,0.00,0.00,0,0.0,0.0,0.000,0.0,0,HAYIR,HAYIR
2026-08-16 19:31:38.501,0.00,0.00,0,0.0,0.0,0.000,0.0,0,HAYIR,HAYIR
2026-08-16 19:31:38.521,0.00,0.00,0,0.0,0.0,0.000,0.0,0,HAYIR,HAYIR
2026-08-16 19:31:38.541,0.00,0.00,0,0.0,0.0,0.000,0.0,0,HAYIR,HAYIR
2026-08-16 19:31:38.561,0.00,0.00,0,0.0,0.0,0.000,0.0,0,HAYIR,HAYIR
2026-08-16 19:31:38.581,0.00,0.00,0,0.0,0.0,0.000,0.0,0,HAYIR,HAYIR
2026-08-16 19:31:38.601,0.00,0.00,0,0.0,0.0,0.000,0.0,0,HAYIR,HAYIR
2026-08-16 19:31:38.621,0.00,0.00,0,0.0,0.0,0.000,0.0,0,HAYIR,HAYIR
2026-08-16 19:31:38.641,0.00,0.00,0,0.0,0.0,0.000,0.0,0,HAYIR,HAYIR
2026-08-16 19:31:38.661,0.00,0.00,0,0.0,0.0,0.000,0.0,0,HAYIR,HAYIR
2026-08-16 19:31:38.681,0.00,0.00,0,0.0,0.0,0.000,0.0,0,HAYIR,HAYIR
2026-08-16 19:31:38.701,0.00,0.00,0,0.0,0.0,0.000,0.0,0,HAYIR,HAYIR
2026-08-16 19:31:38.721,0.00,0.00,0,0.0,0.0,0.000,0.0,0,HAYIR,HAYIR
2026-08-16 19:31:38.741,0.00,0.00,0,0.0,0.0,0.000,0.0,0,HAYIR,HAYIR
2026-08-16 19:31:38.761,0.00,0.00,0,0.0,0.0,0.000,0.0,0,HAYIR,HAYIR
2026-08-16 19:31:38.781,0.00,0.00,0,0.0,0.0,0.000,0.0,0,HAYIR,HAYIR
2026-08-16 19:31:38.801,0.00,0.00,0,0.0,0.0,0.000,0.0,0,HAYIR,HAYIR
2026-08-16 19:31:38.821,0.00,0.00,0,0.0,0.0,0.000,0.0,0,HAYIR,HAYIR
2026-08-16 19:31:38.841,0.00,0.00,0,0.0,0.0,0.000,0.0,0,HAYIR,HAYIR
2026-08-16 19:31:38.861,0.00,0.00,0,0.0,0.0,0.000,0.0,0,HAYIR,HAYIR
2026-08-16 19:31:38.881,0.00,0.00,0,0.0,0.0,0.000,0.0,0,HAYIR,HAYIR
2026-08-16 19:31:38.901,0.00,0.00,0,0.0,0.0,0.000,0.0,0,HAYIR,HAYIR
2026-08-16 19:31:38.921,0.00,0.00,0,0.0,0.0,0.000,0.0,0,HAYIR,HAYIR
2026-08-16 19:31:38.941,0.00,0.00,0,0.0,0.0,0.000,0.0,0,HAYIR,HAYIR
2026-08-16 19:31:38.961,0.00,0.00,0,0.0,0.0,0.000,0.0,0,HAYIR,HAYIR
2026-08-16 19:31:38.981,0.00,0.00,0,0.0,0.0,0.000,0.0,0,HAYIR,HAYIR
2026-08-16 19:31:39.001,0.00,0.00,0,0.0,0.0,0.000,0.0,0,HAYIR,HAYIR
2026-08-16 19:31:39.021,0.00,0.00,0,0.0,0.0,0.000,0.0,0,HAYIR,HAYIR
2026-08-16 19:31:39.041,0.00,0.00,0,0.0,0.0,0.000,0.0,0,HAYIR,HAYIR
2026-08-16 19:31:39.061,0.00,0.00,0,0.0,0.0,0.000,0.0,0,HAYIR,HAYIR
2026-08-16 19:31:39.081,0.00,0.00,0,0.0,0.0,0.000,0.0,0,HAYIR,HAYIR
2026-08-16 19:31:39.101,0.00,0.00,0,0.0,0.0,0.000,0.0,0,HAYIR,HAYIR
2026-08-16 19:31:39.121,0.00,0.00,0,0.0,0.0,0.000,0.0,0,HAYIR,HAYIR
2026-08-16 19:31:39.141,0.00,0.00,0,0.0,0.0,0.000,0.0,0,HAYIR,HAYIR
2026-08-16 19:31:39.161,0.00,0.00,0,0.0,0.0,0.000,0.0,0,HAYIR,HAYIR
2026-08-16 19:31:39.181,0.00,0.00,0,0.0,0.0,0.000,0.0,0,HAYIR,HAYIR
2026-08-16 19:31:39.201,0.00,0.00,0,0.0,0.0,0.000,0.0,0,HAYIR,HAYIR
2026-08-16 19:31:39.221,0.00,0.00,0,0.0,0.0,0.000,0.0,0,HAYIR,HAYIR
2026-08-16 19:31:39.241,0.00,0.00,0,0.0,0.0,0.000,0.0,0,HAYIR,HAYIR
2026-08-16 19:31:39.261,0.00,0.00,0,0.0,0.0,0.000,0.0,0,HAYIR,HAYIR
2026-08-16 19:31:39.281,0.00,0.00,0,0.0,0.0,0.000,0.0,0,HAYIR,HAYIR
2026-08-16 19:31:39.301,0.00,0.00,0,0.0,0.0,0.000,0.0,0,HAYIR,HAYIR
2026-08-16 19:31:39.321,0.00,0.00,0,0.0,0.0,0.000,0.0,0,HAYIR,HAYIR
2026-08-16 19:31:39.341,0.00,0.00,0,0.0,0.0,0.000,0.0,0,HAYIR,HAYIR
2026-08-16 19:31:39.361,0.00,0.00,0,0.0,0.0,0.000,0.0,0,HAYIR,HAYIR
2026-08-16 19:31:39.381,0.00,0.00,0,0.0,0.0,0.000,0.0,0,HAYIR,HAYIR
2026-08-16 19:31:39.401,0.00,0.00,0,0.0,0.0,0.000,0.0,0,HAYIR,HAYIR
2026-08-16 19:31:39.421,0.00,0.00,0,0.0,0.0,0.000,0.0,0,HAYIR,HAYIR
2026-08-16 19:31:39.441,0.00,0.00,0,0.0,0.0,0.000,0.0,0,HAYIR,HAYIR
2026-08-16 19:31:39.461,0.00,0.00,0,0.0,0.0,0.000,0.0,0,HAYIR,HAYIR
2026-08-16 19:31:39.481,0.00,0.00,0,0.0,0.0,0.000,0.0,0,HAYIR,HAYIR
2026-08-16 19:31:39.501,0.00,0.00,0,0.0,0.0,0.000,0.0,0,HAYIR,HAYIR
2026-08-16 19:31:39.521,0.00,0.00,0,0.0,0.0,0.000,0.0,0,HAYIR,HAYIR
2026-08-16 19:31:39.541,0.00,0.00,0,0.0,0.0,0.000,0.0,0,HAYIR,HAYIR
2026-08-16 19:31:39.561,0.00,0.00,0,0.0,0.0,0.000,0.0,0,HAYIR,HAYIR
2026-08-16 19:31:39.581,0.00,0.00,0,0.0,0.0,0.000,0.0,0,HAYIR,HAYIR
2026-08-16 19:31:39.601,0.00,0.00,0,0.0,0.0,0.000,0.0,0,HAYIR,HAYIR
2026-08-16 19:31:39.621,0.00,0.00,0,0.0,0.0,0.000,0.0,0,HAYIR,HAYIR
2026-08-16 19:31:39.641,0.00,0.00,0,0.0,0.0,0.000,0.0,0,HAYIR,HAYIR
2026-08-16 19:31:39.661,0.00,0.00,0,0.0,0.0,0.000,0.0,0,HAYIR,HAYIR
2026-08-16 19:31:39.681,0.00,0.00,0,0.0,0.0,0.000,0.0,0,HAYIR,HAYIR
2026-08-16 19:31:39.701,0.00,0.00,0,0.0,0.0,0.000,0.0,0,HAYIR,HAYIR
2026-08-16 19:31:39.721,0.00,0.00,0,0.0,0.0,0.000,0.0,0,HAYIR,HAYIR
2026-08-16 19:31:39.741,0.00,0.00,0,0.0,0.0,0.000,0.0,0,HAYIR,HAYIR
2026-08-16 19:31:39.761,0.00,0.00,0,0.0,0.0,0.000,0.0,0,HAYIR,HAYIR
2026-08-16 19:31:39.781,0.00,0.00,0,0.0,0.0,0.000,0.0,0,HAYIR,HAYIR
2026-08-16 19:31:39.801,0.00,0.00,0,0.0,0.0,0.000,0.0,0,HAYIR,HAYIR
2026-08-16 19:31:39.821,0.00,0.00,0,0.0,0.0,0.000,0.0,0,HAYIR,HAYIR
2026-08-16 19:31:39.841,0.00,0.00,0,0.0,0.0,0.000,0.0,0,HAYIR,HAYIR
2026-08-16 19:31:39.861,0.00,0.00,0,0.0,0.0,0.000,0.0,0,HAYIR,HAYIR
2026-08-16 19:31:39.881,0.00,0.00,0,0.0,0.0,0.000,0.0,0,HAYIR,HAYIR
2026-08-16 19:31:39.901,0.00,0.00,0,0.0,0.0,0.000,0.0,0,HAYIR,HAYIR
2026-08-16 19:31:39.921,0.00,0.00,0,0.0,0.0,0.000,0.0,0,HAYIR,HAYIR
2026-08-16 19:31:39.941,0.00,0.00,0,0.0,0.0,0.000,0.0,0,HAYIR,HAYIR
2026-08-16 19:31:39.961,0.00,0.00,0,0.0,0.0,0.000,0.0,0,HAYIR,HAYIR
2026-08-16 19:31:39.981,0.00,0.00,0,0.0,0.0,0.000,0.0,0,HAYIR,HAYIR
2026-08-16 19:31:40.001,0.00,0.00,0,0.0,0.0,0.000,0.0,0,HAYIR,HAYIR
2026-08-16 19:31:40.021,0.00,0.00,0,0.0,0.0,0.000,0.0,0,HAYIR,HAYIR
2026-08-16 19:31:40.041,0.00,0.00,0,0.0,0.0,0.000,0.0,0,HAYIR,HAYIR
2026-08-16 19:31:40.061,0.00,0.00,0,0.0,0.0,0.000,0.0,0,HAYIR,HAYIR
2026-08-16 19:31:40.081,0.00,0.00,0,0.0,0.0,0.000,0.0,0,HAYIR,HAYIR
2026-08-16 19:31:40.101,0.00,0.00,0,0.0,0.0,0.000,0.0,0,HAYIR,HAYIR
2026-08-16 19:31:40.121,0.00,0.00,0,0.0,0.0,0.000,0.0,0,HAYIR,HAYIR
2026-08-16 19:31:40.141,0.00,0.00,0,0.0,0.0,0.000,0.0,0,HAYIR,HAYIR
2026-08-16 19:31:40.161,0.00,0.00,0,0.0,0.0,0.000,0.0,0,HAYIR,HAYIR
2026-08-16 19:31:40.181,0.00,0.00,0,0.0,0.0,0.000,0.0,0,HAYIR,HAYIR
2026-08-16 19:31:40.201,0.00,0.00,0,0.0,0.0,0.000,0.0,0,HAYIR,HAYIR
2026-08-16 19:31:40.221,0.00,0.00,0,0.0,0.0,0.000,0.0,0,HAYIR,HAYIR
2026-08-16 19:31:40.241,0.00,0.00,0,0.0,0.0,0.000,0.0,0,HAYIR,HAYIR
2026-08-16 19:31:40.261,0.00,0.00,0,0.0,0.0,0.000,0.0,0,HAYIR,HAYIR
2026-08-16 19:31:40.281,0.00,0.00,0,0.0,0.0,0.000,0.0,0,HAYIR,HAYIR
2026-08-16 19:31:40.301,0.00,0.00,0,0.0,0.0,0.000,0.0,0,HAYIR,HAYIR
2026-08-16 19:31:40.321,0.00,0.00,0,0.0,0.0,0.000,0.0,0,HAYIR,HAYIR
2026-08-16 19:31:40.341,0.00,0.00,0,0.0,0.0,0.000,0.0,0,HAYIR,HAYIR
2026-08-16 19:31:40.361,0.00,0.00,0,0.0,0.0,0.000,0.0,0,HAYIR,HAYIR
2026-08-16 19:31:40.381,0.00,0.00,0,0.0,0.0,0.000,0.0,0,HAYIR,HAYIR
2026-08-16 19:31:40.401,0.00,0.00,0,0.0,0.0,0.000,0.0,0,HAYIR,HAYIR
2026-08-16 19:31:40.421,0.00,0.00,0,0.0,0.0,0.000,0.0,0,HAYIR,HAYIR
2026-08-16 19:31:40.441,0.00,0.00,0,0.0,0.0,0.000,0.0,0,HAYIR,HAYIR
2026-08-16 19:31:40.461,0.00,0.00,0,0.0,0.0,0.000,0.0,0,HAYIR,HAYIR
2026-08-16 19:31:40.481,0.00,0.00,0,0.0,0.0,0.000,0.0,0,HAYIR,HAYIR
2026-08-16 19:31:40.501,0.00,0.00,0,0.0,0.0,0.000,0.0,0,HAYIR,HAYIR
2026-08-16 19:31:40.521,0.00,0.00,0,0.0,0.0,0.000,0.0,0,HAYIR,HAYIR
2026-08-16 19:31:40.541,0.00,0.00,0,0.0,0.0,0.000,0.0,0,HAYIR,HAYIR
2026-08-16 19:31:40.561,0.00,0.00,0,0.0,0.0,0.000,0.0,0,HAYIR,HAYIR
2026-08-16 19:31:40.581,0.00,0.00,0,0.0,0.0,0.000,0.0,0,HAYIR,HAYIR
2026-08-16 19:31:40.601,0.00,0.00,0,0.0,0.0,0.000,0.0,0,HAYIR,HAYIR
2026-08-16 19:31:40.621,0.00,0.00,0,0.0,0.0,0.000,0.0,0,HAYIR,HAYIR
2026-08-16 19:31:40.641,0.00,0.00,0,0.0,0.0,0.000,0.0,0,HAYIR,HAYIR
2026-08-16 19:31:40.661,0.00,0.00,0,0.0,0.0,0.000,0.0,0,HAYIR,HAYIR
2026-08-16 19:31:40.681,0.00,0.00,0,0.0,0.0,0.000,0.0,0,HAYIR,HAYIR
2026-08-16 19:31:40.701,0.00,0.00,0,0.0,0.0,0.000,0.0,0,HAYIR,HAYIR
2026-08-16 19:31:40.721,0.00,0.00,0,0.0,0.0,0.000,0.0,0,HAYIR,HAYIR
2026-08-16 19:31:40.741,0.00,0.00,0,0.0,0.0,0.000,0.0,0,HAYIR,HAYIR
2026-08-16 19:31:40.761,0.00,0.00,0,0.0,0.0,0.000,0.0,0,HAYIR,HAYIR
2026-08-16 19:31:40.781,0.00,0.00,0,0.0,0.0,0.000,0.0,0,HAYIR,HAYIR
2026-08-16 19:31:40.801,0.00,0.00,0,0.0,0.0,0.000,0.0,0,HAYIR,HAYIR
2026-08-16 19:31:40.821,0.03,0.00,28,0.0,0.0,-0.050,160.0,1,HAYIR,HAYIR
2026-08-16 19:31:40.841,0.03,0.00,28,0.0,0.0,-0.050,160.0,2,HAYIR,HAYIR
2026-08-16 19:31:40.861,0.03,0.00,28,0.0,0.1,-0.050,160.0,4,HAYIR,HAYIR
2026-08-16 19:31:40.881,0.05,0.00,29,0.0,0.1,-0.078,160.0,5,HAYIR,HAYIR
2026-08-16 19:31:40.901,0.05,0.00,29,0.0,0.1,-0.078,160.0,6,HAYIR,HAYIR
2026-08-16 19:31:40.921,0.08,0.00,29,0.0,0.1,-0.077,160.0,7,HAYIR,HAYIR
2026-08-16 19:31:40.941,0.08,0.00,29,0.0,0.1,-0.077,160.0,8,HAYIR,HAYIR
2026-08-16 19:31:40.961,0.08,0.00,29,0.0,0.2,-0.077,160.0,10,HAYIR,HAYIR
2026-08-16 19:31:40.981,0.10,0.00,29,0.0,0.2,-0.076,160.0,11,HAYIR,HAYIR
2026-08-16 19:31:41.001,0.10,0.00,29,0.0,0.2,-0.076,160.0,12,HAYIR,HAYIR
2026-08-16 19:31:41.021,0.12,0.00,29,0.0,0.2,-0.076,150.8,13,HAYIR,HAYIR
2026-08-16 19:31:41.041,0.12,0.00,29,0.0,0.2,-0.076,150.8,14,HAYIR,HAYIR
2026-08-16 19:31:41.061,0.12,0.00,29,0.0,0.3,-0.076,150.8,16,HAYIR,HAYIR
2026-08-16 19:31:41.081,0.15,0.00,29,0.0,0.3,-0.076,132.8,17,HAYIR,HAYIR
2026-08-16 19:31:41.101,0.15,0.00,29,0.0,0.3,-0.076,132.8,18,HAYIR,HAYIR
2026-08-16 19:31:41.121,0.17,0.00,29,0.0,0.3,-0.076,117.6,19,HAYIR,HAYIR
2026-08-16 19:31:41.141,0.17,0.00,29,0.0,0.3,-0.076,117.6,20,HAYIR,HAYIR
2026-08-16 19:31:41.161,0.17,0.00,29,0.0,0.4,-0.076,117.6,22,HAYIR,HAYIR
2026-08-16 19:31:41.181,0.20,0.00,29,0.0,0.4,-0.075,105.6,23,HAYIR,HAYIR
2026-08-16 19:31:41.201,0.20,0.00,30,0.0,0.4,-0.075,105.6,24,HAYIR,HAYIR
2026-08-16 19:31:41.221,0.22,0.00,30,0.0,0.4,-0.076,96.2,25,HAYIR,HAYIR
2026-08-16 19:31:41.241,0.22,0.00,30,0.0,0.4,-0.076,96.2,26,HAYIR,HAYIR
2026-08-16 19:31:41.261,0.22,0.00,30,0.0,0.5,-0.076,96.2,28,HAYIR,HAYIR
2026-08-16 19:31:41.281,0.25,0.00,30,0.0,0.5,-0.076,87.7,29,HAYIR,HAYIR
2026-08-16 19:31:41.301,0.25,0.00,30,0.0,0.5,-0.076,87.7,30,HAYIR,HAYIR
2026-08-16 19:31:41.321,0.27,0.00,30,0.0,0.5,-0.076,81.1,31,HAYIR,HAYIR
2026-08-16 19:31:41.341,0.27,0.00,30,0.0,0.5,-0.076,81.1,32,HAYIR,HAYIR
2026-08-16 19:31:41.361,0.27,0.00,30,0.0,0.6,-0.076,81.1,34,HAYIR,HAYIR
2026-08-16 19:31:41.381,0.30,0.00,30,0.0,0.6,-0.076,75.0,35,HAYIR,HAYIR
2026-08-16 19:31:41.401,0.30,0.00,30,0.0,0.6,-0.076,75.0,36,HAYIR,HAYIR
2026-08-16 19:31:41.421,0.33,0.00,30,0.0,0.6,-0.077,69.8,37,HAYIR,HAYIR
2026-08-16 19:31:41.441,0.33,0.00,30,0.0,0.6,-0.077,69.8,38,HAYIR,HAYIR
2026-08-16 19:31:41.461,0.33,0.00,30,0.0,0.7,-0.077,69.8,40,HAYIR,HAYIR
2026-08-16 19:31:41.481,0.35,0.00,30,0.0,0.7,-0.077,65.2,41,HAYIR,HAYIR
2026-08-16 19:31:41.501,0.35,0.00,31,0.0,0.7,-0.077,65.2,42,HAYIR,HAYIR
2026-08-16 19:31:41.521,0.38,0.00,31,0.0,0.7,-0.077,61.1,43,HAYIR,HAYIR
2026-08-16 19:31:41.541,0.38,0.00,31,0.1,0.7,-0.077,61.1,44,HAYIR,HAYIR
2026-08-16 19:31:41.561,0.38,0.00,31,0.1,0.8,-0.077,61.1,46,HAYIR,HAYIR
2026-08-16 19:31:41.581,0.40,0.00,31,0.1,0.8,-0.076,57.4,47,HAYIR,HAYIR
2026-08-16 19:31:41.601,0.40,0.00,31,0.1,0.8,-0.076,57.4,48,HAYIR,HAYIR
2026-08-16 19:31:41.621,0.43,0.00,31,0.2,0.8,-0.075,53.5,49,HAYIR,HAYIR
2026-08-16 19:31:41.641,0.43,0.00,31,0.2,0.8,-0.075,53.5,50,HAYIR,HAYIR
2026-08-16 19:31:41.661,0.43,0.00,31,0.2,0.9,-0.075,53.5,52,HAYIR,HAYIR
2026-08-16 19:31:41.681,0.45,0.00,31,0.2,0.9,-0.075,50.7,51,HAYIR,HAYIR
2026-08-16 19:31:41.701,0.45,0.00,31,0.2,0.9,-0.075,50.7,51,HAYIR,HAYIR
2026-08-16 19:31:41.721,0.48,0.00,31,0.2,0.9,-0.075,48.0,49,HAYIR,HAYIR
2026-08-16 19:31:41.741,0.48,0.00,31,0.1,0.9,-0.075,48.0,48,HAYIR,HAYIR
2026-08-16 19:31:41.761,0.48,0.00,31,0.1,1.0,-0.075,48.0,48,HAYIR,HAYIR
2026-08-16 19:31:41.781,0.50,0.00,32,0.1,1.0,-0.075,45.3,47,HAYIR,HAYIR
2026-08-16 19:31:41.801,0.50,0.00,32,0.1,1.0,-0.075,45.3,46,HAYIR,HAYIR
2026-08-16 19:31:41.821,0.53,0.00,32,0.1,1.0,-0.075,43.4,44,HAYIR,HAYIR
2026-08-16 19:31:41.841,0.53,0.00,32,0.0,1.0,-0.075,43.4,43,HAYIR,HAYIR
2026-08-16 19:31:41.861,0.53,0.00,32,0.0,1.1,-0.075,43.4,43,HAYIR,HAYIR
2026-08-16 19:31:41.881,0.55,0.00,32,0.0,1.1,0.000,-0.0,42,HAYIR,HAYIR
2026-08-16 19:31:41.901,0.55,0.00,32,0.0,1.1,0.000,-0.0,41,HAYIR,HAYIR
2026-08-16 19:31:41.921,0.58,0.00,32,0.0,1.1,0.000,-0.0,40,HAYIR,HAYIR
2026-08-16 19:31:41.941,0.58,0.00,32,0.0,1.1,0.000,-0.0,39,HAYIR,HAYIR
2026-08-16 19:31:41.961,0.58,0.00,32,0.0,1.2,0.000,-0.0,37,HAYIR,HAYIR
2026-08-16 19:31:41.981,0.60,0.00,32,0.0,1.2,0.000,-0.0,36,HAYIR,HAYIR
2026-08-16 19:31:42.001,0.60,0.00,32,0.0,1.2,0.000,-0.0,35,HAYIR,HAYIR
2026-08-16 19:31:42.021,0.63,0.00,32,0.0,1.2,0.000,-0.0,34,HAYIR,HAYIR
2026-08-16 19:31:42.041,0.63,0.00,32,0.0,1.2,0.000,-0.0,33,HAYIR,HAYIR
2026-08-16 19:31:42.061,0.63,0.00,32,0.0,1.3,0.000,-0.0,31,HAYIR,HAYIR
2026-08-16 19:31:42.081,0.65,0.00,32,0.0,1.3,0.000,-0.0,30,HAYIR,HAYIR
2026-08-16 19:31:42.101,0.65,0.00,33,0.0,1.3,0.000,-0.0,29,HAYIR,HAYIR
2026-08-16 19:31:42.121,0.68,0.00,33,0.0,1.3,0.000,-0.0,28,HAYIR,HAYIR
2026-08-16 19:31:42.141,0.68,0.00,33,0.0,1.3,0.000,-0.0,27,HAYIR,HAYIR
2026-08-16 19:31:42.161,0.68,0.00,33,0.0,1.4,0.000,-0.0,25,HAYIR,HAYIR
2026-08-16 19:31:42.181,0.70,0.00,33,0.0,1.4,0.000,-0.0,24,HAYIR,HAYIR
2026-08-16 19:31:42.201,0.70,0.00,33,0.0,1.4,0.000,-0.0,23,HAYIR,HAYIR
2026-08-16 19:31:42.221,0.73,0.01,33,0.0,1.4,0.000,-0.0,22,HAYIR,HAYIR
2026-08-16 19:31:42.241,0.73,0.01,33,0.0,1.4,0.000,-0.0,21,HAYIR,HAYIR
2026-08-16 19:31:42.261,0.73,0.01,33,0.0,1.5,0.000,-0.0,19,HAYIR,HAYIR
2026-08-16 19:31:42.281,0.75,0.01,33,0.0,1.5,0.000,-0.0,18,HAYIR,HAYIR
2026-08-16 19:31:42.301,0.75,0.01,33,0.0,1.5,0.000,-0.0,17,HAYIR,HAYIR
2026-08-16 19:31:42.321,0.78,0.01,33,0.0,1.5,0.000,-0.0,16,HAYIR,HAYIR
2026-08-16 19:31:42.341,0.78,0.01,33,0.0,1.5,0.000,-0.0,15,HAYIR,HAYIR
2026-08-16 19:31:42.361,0.78,0.01,34,0.0,1.6,0.000,-0.0,13,HAYIR,HAYIR
2026-08-16 19:31:42.381,0.80,0.01,34,0.0,1.6,0.000,-0.0,12,HAYIR,HAYIR
2026-08-16 19:31:42.401,0.80,0.01,34,0.0,1.6,0.000,-0.0,11,HAYIR,HAYIR
2026-08-16 19:31:42.421,0.80,0.01,34,0.0,1.6,0.000,-0.0,10,HAYIR,HAYIR
2026-08-16 19:31:42.441,0.80,0.01,34,0.0,1.6,0.000,-0.0,9,HAYIR,HAYIR
2026-08-16 19:31:42.461,0.80,0.01,34,0.0,1.7,0.000,-0.0,7,HAYIR,HAYIR
2026-08-16 19:31:42.481,0.80,0.01,34,0.0,1.7,0.000,-0.0,6,HAYIR,HAYIR
2026-08-16 19:31:42.501,0.80,0.01,34,0.0,1.7,0.000,-0.0,5,HAYIR,HAYIR
2026-08-16 19:31:42.521,0.80,0.01,34,0.0,1.7,0.000,-0.0,4,HAYIR,HAYIR
2026-08-16 19:31:42.541,0.80,0.02,34,0.0,1.7,0.000,-0.0,3,HAYIR,HAYIR
2026-08-16 19:31:42.561,0.80,0.02,34,0.0,1.8,0.000,-0.0,1,HAYIR,HAYIR
2026-08-16 19:31:42.581,0.80,0.02,34,0.0,1.8,0.000,-0.0,0,HAYIR,HAYIR
2026-08-16 19:31:42.601,0.80,0.02,34,0.0,1.8,0.000,-0.0,0,HAYIR,HAYIR
2026-08-16 19:31:42.621,0.80,0.02,34,0.0,1.8,0.000,-0.0,0,HAYIR,HAYIR
2026-08-16 19:31:42.641,0.80,0.02,34,0.0,1.8,0.000,-0.0,0,HAYIR,HAYIR
2026-08-16 19:31:42.661,0.80,0.02,34,0.0,1.9,0.000,-0.0,0,HAYIR,HAYIR
2026-08-16 19:31:42.681,0.80,0.02,34,0.0,1.9,0.000,-0.0,0,HAYIR,HAYIR
2026-08-16 19:31:42.701,0.80,0.02,34,0.0,1.9,0.000,-0.0,0,HAYIR,HAYIR
2026-08-16 19:31:42.721,0.80,0.02,34,0.0,1.9,0.000,-0.0,0,HAYIR,HAYIR
2026-08-16 19:31:42.741,0.80,0.02,34,0.0,1.9,0.000,-0.0,0,HAYIR,HAYIR
2026-08-16 19:31:42.761,0.80,0.02,34,0.0,2.0,0.000,-0.0,0,HAYIR,HAYIR
2026-08-16 19:31:42.781,0.80,0.02,34,0.0,2.0,0.000,-0.0,0,HAYIR,HAYIR
2026-08-16 19:31:42.801,0.80,0.02,34,0.0,2.0,0.000,-0.0,0,HAYIR,HAYIR
2026-08-16 19:31:42.821,0.80,0.02,35,0.0,2.0,0.000,-0.0,0,HAYIR,HAYIR
2026-08-16 19:31:42.841,0.80,0.02,35,0.0,2.0,0.000,-0.0,0,HAYIR,HAYIR
2026-08-16 19:31:42.861,0.80,0.03,34,0.0,2.1,0.000,-0.0,0,HAYIR,HAYIR
2026-08-16 19:31:42.881,0.80,0.03,35,0.0,2.1,0.000,-0.0,0,HAYIR,HAYIR
2026-08-16 19:31:42.901,0.80,0.03,35,0.0,2.1,0.000,-0.0,0,HAYIR,HAYIR
2026-08-16 19:31:42.921,0.80,0.03,35,0.0,2.1,0.000,-0.0,0,HAYIR,HAYIR
2026-08-16 19:31:42.941,0.80,0.03,35,0.0,2.1,0.000,-0.0,0,HAYIR,HAYIR
2026-08-16 19:31:42.961,0.80,0.03,35,0.0,2.2,0.000,-0.0,0,HAYIR,HAYIR
2026-08-16 19:31:42.981,0.80,0.03,35,0.0,2.2,0.000,-0.0,0,HAYIR,HAYIR
2026-08-16 19:31:43.001,0.80,0.03,35,0.0,2.2,0.000,-0.0,0,HAYIR,HAYIR
2026-08-16 19:31:43.021,0.80,0.03,35,0.0,2.2,0.000,-0.0,0,HAYIR,HAYIR
2026-08-16 19:31:43.041,0.80,0.03,35,0.0,2.2,0.000,-0.0,0,HAYIR,HAYIR
2026-08-16 19:31:43.061,0.80,0.03,35,0.0,2.3,0.000,-0.0,0,HAYIR,HAYIR
2026-08-16 19:31:43.081,0.80,0.03,35,0.0,2.3,0.000,-0.0,0,HAYIR,HAYIR
2026-08-16 19:31:43.101,0.80,0.03,35,0.0,2.3,0.000,-0.0,0,HAYIR,HAYIR
2026-08-16 19:31:43.121,0.80,0.03,35,0.0,2.3,0.000,-0.0,0,HAYIR,HAYIR
2026-08-16 19:31:43.141,0.80,0.03,35,0.0,2.3,0.000,-0.0,0,HAYIR,HAYIR
2026-08-16 19:31:43.161,0.80,0.03,35,0.0,2.4,0.000,-0.0,0,HAYIR,HAYIR
2026-08-16 19:31:43.181,0.80,0.03,35,0.0,2.4,0.000,-0.0,0,HAYIR,HAYIR
2026-08-16 19:31:43.201,0.80,0.03,35,0.0,2.4,0.000,-0.0,0,HAYIR,HAYIR
2026-08-16 19:31:43.221,0.80,0.03,35,0.0,2.4,0.000,-0.0,0,HAYIR,HAYIR
2026-08-16 19:31:43.241,0.80,0.07,34,0.0,2.4,0.000,-0.0,0,HAYIR,HAYIR
2026-08-16 19:31:43.261,0.80,0.07,35,0.0,2.5,0.000,-0.0,0,HAYIR,HAYIR
2026-08-16 19:31:43.281,0.80,0.07,35,0.0,2.5,0.000,-0.0,0,HAYIR,HAYIR
2026-08-16 19:31:43.301,0.80,0.07,35,0.0,2.5,0.000,-0.0,0,HAYIR,HAYIR
2026-08-16 19:31:43.321,0.80,0.07,35,0.0,2.5,0.000,-0.0,0,HAYIR,HAYIR
2026-08-16 19:31:43.341,0.80,0.07,35,0.0,2.5,0.000,-0.0,0,HAYIR,HAYIR
2026-08-16 19:31:43.361,0.80,0.07,35,0.0,2.6,0.000,-0.0,0,HAYIR,HAYIR
2026-08-16 19:31:43.381,0.80,0.07,36,0.0,2.6,0.000,-0.0,0,HAYIR,HAYIR
2026-08-16 19:31:43.401,0.80,0.07,36,0.0,2.6,0.000,-0.0,0,HAYIR,HAYIR
2026-08-16 19:31:43.421,0.80,0.07,36,0.0,2.6,0.000,-0.0,0,HAYIR,HAYIR
2026-08-16 19:31:43.441,0.80,0.07,36,0.0,2.6,0.000,-0.0,0,HAYIR,HAYIR
2026-08-16 19:31:43.461,0.80,0.07,36,0.0,2.7,0.000,-0.0,0,HAYIR,HAYIR
2026-08-16 19:31:43.481,0.80,0.07,36,0.0,2.7,0.000,-0.0,0,HAYIR,HAYIR
2026-08-16 19:31:43.501,0.80,0.07,36,0.0,2.7,0.000,-0.0,0,HAYIR,HAYIR
2026-08-16 19:31:43.521,0.80,0.07,36,0.0,2.7,0.000,-0.0,0,HAYIR,HAYIR
2026-08-16 19:31:43.541,0.80,0.07,36,0.0,2.7,0.000,-0.0,0,HAYIR,HAYIR
2026-08-16 19:31:43.561,0.80,0.14,30,0.0,0.0,0.000,-0.0,0,HAYIR,HAYIR
2026-08-16 19:31:43.581,0.80,0.14,33,0.0,0.0,0.000,-0.0,0,HAYIR,HAYIR
2026-08-16 19:31:43.601,0.80,0.14,33,0.0,0.0,0.000,-0.0,0,HAYIR,HAYIR
2026-08-16 19:31:43.621,0.80,0.14,33,0.0,0.0,0.000,-0.0,0,HAYIR,HAYIR
2026-08-16 19:31:43.641,0.80,0.14,33,0.0,0.0,0.000,-0.0,0,HAYIR,HAYIR
2026-08-16 19:31:43.661,0.80,0.14,33,0.0,0.0,0.000,-0.0,0,HAYIR,HAYIR
2026-08-16 19:31:43.681,0.80,0.14,33,0.0,0.0,0.000,-0.0,0,HAYIR,HAYIR
2026-08-16 19:31:43.701,0.80,0.14,33,0.0,0.0,0.000,-0.0,0,HAYIR,HAYIR
2026-08-16 19:31:43.721,0.80,0.14,33,0.0,0.0,0.000,-0.0,0,HAYIR,HAYIR
2026-08-16 19:31:43.741,0.80,0.14,33,0.0,0.0,0.000,-0.0,0,HAYIR,HAYIR
2026-08-16 19:31:43.761,0.80,0.14,33,0.0,0.0,0.000,-0.0,0,HAYIR,HAYIR
2026-08-16 19:31:43.781,0.80,0.14,33,0.0,0.0,0.000,-0.0,0,HAYIR,HAYIR
2026-08-16 19:31:43.801,0.80,0.14,33,0.0,0.0,0.000,-0.0,0,HAYIR,HAYIR
2026-08-16 19:31:43.821,0.80,0.14,33,0.0,0.0,0.000,-0.0,0,HAYIR,HAYIR
2026-08-16 19:31:43.841,0.80,0.14,33,0.0,0.0,0.000,-0.0,0,HAYIR,HAYIR
2026-08-16 19:31:43.861,0.80,0.14,33,0.0,0.0,0.000,-0.0,0,HAYIR,HAYIR
2026-08-16 19:31:43.881,0.80,0.24,29,0.0,0.0,0.000,-0.0,0,HAYIR,HAYIR
2026-08-16 19:31:43.901,0.80,0.24,33,0.0,0.0,0.000,-0.0,0,HAYIR,HAYIR
2026-08-16 19:31:43.921,0.80,0.24,33,0.0,0.0,0.000,-0.0,0,HAYIR,HAYIR
2026-08-16 19:31:43.941,0.80,0.24,33,0.0,0.0,0.000,-0.0,0,HAYIR,HAYIR
2026-08-16 19:31:43.961,0.80,0.24,33,0.0,0.0,0.000,-0.0,0,HAYIR,HAYIR
2026-08-16 19:31:43.981,0.80,0.24,33,0.0,0.0,0.000,-0.0,0,HAYIR,HAYIR
2026-08-16 19:31:44.001,0.80,0.24,33,0.0,0.0,0.000,-0.0,0,HAYIR,HAYIR
2026-08-16 19:31:44.021,0.80,0.24,33,0.0,0.0,0.000,-0.0,0,HAYIR,HAYIR
2026-08-16 19:31:44.041,0.80,0.24,33,0.0,0.0,0.000,-0.0,0,HAYIR,HAYIR
2026-08-16 19:31:44.061,0.80,0.24,33,0.0,0.0,0.000,-0.0,0,HAYIR,HAYIR
2026-08-16 19:31:44.081,0.80,0.24,33,0.0,0.0,0.000,-0.0,0,HAYIR,HAYIR
2026-08-16 19:31:44.101,0.80,0.24,33,0.0,0.0,0.000,-0.0,0,HAYIR,HAYIR
2026-08-16 19:31:44.121,0.80,0.24,33,0.0,0.0,0.000,-0.0,0,HAYIR,HAYIR
2026-08-16 19:31:44.141,0.80,0.24,33,0.0,0.0,0.000,-0.0,0,HAYIR,HAYIR
2026-08-16 19:31:44.161,0.80,0.24,33,0.0,0.0,0.000,-0.0,0,HAYIR,HAYIR
2026-08-16 19:31:44.181,0.80,0.24,33,0.0,0.0,0.000,-0.0,0,HAYIR,HAYIR
2026-08-16 19:31:44.201,0.80,0.36,28,0.0,0.0,0.000,-0.0,0,HAYIR,HAYIR
2026-08-16 19:31:44.221,0.80,0.36,33,0.0,0.0,0.000,-0.0,0,HAYIR,HAYIR
2026-08-16 19:31:44.241,0.80,0.36,33,0.0,0.0,0.000,-0.0,0,HAYIR,HAYIR
2026-08-16 19:31:44.261,0.80,0.36,33,0.0,0.0,0.000,-0.0,0,HAYIR,HAYIR
2026-08-16 19:31:44.281,0.80,0.36,33,0.0,0.0,0.000,-0.0,0,HAYIR,HAYIR
2026-08-16 19:31:44.301,0.80,0.36,33,0.0,0.0,0.000,-0.0,0,HAYIR,HAYIR
2026-08-16 19:31:44.321,0.80,0.36,33,0.0,0.0,0.000,-0.0,0,HAYIR,HAYIR
2026-08-16 19:31:44.341,0.80,0.36,33,0.0,0.0,0.000,-0.0,0,HAYIR,HAYIR
2026-08-16 19:31:44.361,0.80,0.36,33,0.0,0.0,0.000,-0.0,0,HAYIR,HAYIR
2026-08-16 19:31:44.381,0.80,0.36,33,0.0,0.0,0.000,-0.0,0,HAYIR,HAYIR
2026-08-16 19:31:44.401,0.80,0.36,33,0.0,0.0,0.000,-0.0,0,HAYIR,HAYIR
2026-08-16 19:31:44.421,0.80,0.36,33,0.0,0.0,0.000,-0.0,0,HAYIR,HAYIR
2026-08-16 19:31:44.441,0.80,0.36,33,0.0,0.0,0.000,-0.0,0,HAYIR,HAYIR
2026-08-16 19:31:44.461,0.80,0.36,33,0.0,0.0,0.000,-0.0,0,HAYIR,HAYIR
2026-08-16 19:31:44.481,0.80,0.36,33,0.0,0.0,0.000,-0.0,0,HAYIR,HAYIR
2026-08-16 19:31:44.501,0.80,0.36,33,0.0,0.0,0.000,-0.0,0,HAYIR,HAYIR
2026-08-16 19:31:44.521,0.80,0.45,29,0.0,0.0,0.000,-0.0,0,HAYIR,HAYIR
2026-08-16 19:31:44.541,0.80,0.45,32,0.0,0.0,0.000,-0.0,0,HAYIR,HAYIR
2026-08-16 19:31:44.561,0.80,0.45,32,0.0,0.0,0.000,-0.0,0,HAYIR,HAYIR
2026-08-16 19:31:44.581,0.80,0.45,32,0.0,0.0,0.000,-0.0,0,HAYIR,HAYIR
2026-08-16 19:31:44.601,0.80,0.45,32,0.0,0.0,0.000,-0.0,0,HAYIR,HAYIR
2026-08-16 19:31:44.621,0.80,0.45,32,0.0,0.0,0.000,-0.0,0,HAYIR,HAYIR
2026-08-16 19:31:44.641,0.80,0.45,32,0.0,0.0,0.000,-0.0,0,HAYIR,HAYIR
2026-08-16 19:31:44.661,0.80,0.45,32,0.0,0.0,0.000,-0.0,0,HAYIR,HAYIR
2026-08-16 19:31:44.681,0.80,0.45,32,0.0,0.0,0.000,-0.0,0,HAYIR,HAYIR
2026-08-16 19:31:44.701,0.80,0.45,32,0.0,0.0,0.000,-0.0,0,HAYIR,HAYIR
2026-08-16 19:31:44.721,0.80,0.45,32,0.0,0.0,0.000,-0.0,0,HAYIR,HAYIR
2026-08-16 19:31:44.741,0.80,0.45,32,0.0,0.0,0.000,-0.0,0,HAYIR,HAYIR
2026-08-16 19:31:44.761,0.80,0.45,32,0.0,0.0,0.000,-0.0,0,HAYIR,HAYIR
2026-08-16 19:31:44.781,0.80,0.45,33,0.0,0.0,0.000,-0.0,0,HAYIR,HAYIR
2026-08-16 19:31:44.801,0.80,0.45,33,0.0,0.0,0.000,-0.0,0,HAYIR,HAYIR
2026-08-16 19:31:44.821,0.80,0.45,33,0.0,0.0,0.000,-0.0,0,HAYIR,HAYIR
2026-08-16 19:31:44.841,0.80,0.45,33,0.0,0.0,0.000,-0.0,0,HAYIR,HAYIR
2026-08-16 19:31:44.861,0.80,0.45,33,0.0,0.0,0.000,-0.0,0,HAYIR,HAYIR
2026-08-16 19:31:44.881,0.80,0.45,33,0.0,0.0,0.000,-0.0,0,HAYIR,HAYIR
2026-08-16 19:31:44.901,0.80,0.53,29,0.0,0.0,0.000,-0.0,0,HAYIR,HAYIR
2026-08-16 19:31:44.921,0.80,0.53,32,0.0,0.0,0.000,-0.0,0,HAYIR,HAYIR
2026-08-16 19:31:44.941,0.80,0.53,32,0.0,0.0,0.000,-0.0,0,HAYIR,HAYIR
2026-08-16 19:31:44.961,0.80,0.53,32,0.0,0.0,0.000,-0.0,0,HAYIR,HAYIR
2026-08-16 19:31:44.981,0.80,0.53,32,0.0,0.0,-0.057,22.0,1,HAYIR,HAYIR
2026-08-16 19:31:45.001,0.80,0.53,32,0.0,0.0,-0.057,22.0,2,HAYIR,HAYIR
2026-08-16 19:31:45.021,0.80,0.53,32,0.0,0.0,-0.057,21.9,4,HAYIR,HAYIR
2026-08-16 19:31:45.041,0.80,0.53,32,0.0,0.0,-0.057,21.9,5,HAYIR,HAYIR
2026-08-16 19:31:45.061,0.80,0.53,32,0.0,0.0,-0.057,21.9,6,HAYIR,HAYIR
2026-08-16 19:31:45.081,0.80,0.53,32,0.0,0.0,-0.057,21.8,7,HAYIR,HAYIR
2026-08-16 19:31:45.101,0.80,0.53,32,0.0,0.0,-0.057,21.8,8,HAYIR,HAYIR
2026-08-16 19:31:45.121,0.80,0.53,32,0.0,0.0,-0.056,21.7,10,HAYIR,HAYIR
2026-08-16 19:31:45.141,0.80,0.53,32,0.0,0.0,-0.056,21.7,11,HAYIR,HAYIR
2026-08-16 19:31:45.161,0.80,0.53,32,0.0,0.0,-0.056,21.7,12,HAYIR,HAYIR
2026-08-16 19:31:45.181,0.80,0.53,32,0.0,0.0,-0.056,21.6,13,HAYIR,HAYIR
2026-08-16 19:31:45.201,0.80,0.53,32,0.0,0.0,-0.056,21.6,14,HAYIR,HAYIR
2026-08-16 19:31:45.221,0.80,0.57,30,0.0,0.0,-0.056,21.5,16,HAYIR,HAYIR
2026-08-16 19:31:45.241,0.80,0.57,32,0.0,0.0,-0.056,21.5,17,HAYIR,HAYIR
2026-08-16 19:31:45.261,0.80,0.57,32,0.0,0.0,-0.056,21.5,18,HAYIR,HAYIR
2026-08-16 19:31:45.281,0.80,0.57,32,0.0,0.0,-0.056,21.4,19,HAYIR,HAYIR
2026-08-16 19:31:45.301,0.80,0.57,32,0.0,0.0,-0.056,21.4,20,HAYIR,HAYIR
2026-08-16 19:31:45.321,0.80,0.57,32,0.0,0.0,-0.052,20.2,20,HAYIR,HAYIR
2026-08-16 19:31:45.341,0.80,0.57,32,0.0,0.0,-0.052,20.2,20,HAYIR,HAYIR
2026-08-16 19:31:45.361,0.80,0.57,32,0.0,0.0,-0.052,20.2,20,HAYIR,HAYIR
2026-08-16 19:31:45.381,0.80,0.57,32,0.0,0.0,-0.052,20.1,20,HAYIR,HAYIR
2026-08-16 19:31:45.401,0.80,0.57,32,0.0,0.0,-0.052,20.1,20,HAYIR,HAYIR
2026-08-16 19:31:45.421,0.80,0.57,32,0.0,0.0,-0.051,19.8,20,HAYIR,HAYIR
2026-08-16 19:31:45.441,0.80,0.57,32,0.0,0.0,-0.051,19.8,20,HAYIR,HAYIR
2026-08-16 19:31:45.461,0.80,0.57,32,0.0,0.0,-0.051,19.8,20,HAYIR,HAYIR
2026-08-16 19:31:45.481,0.80,0.57,32,0.0,0.0,-0.051,19.6,20,HAYIR,HAYIR
2026-08-16 19:31:45.501,0.80,0.57,32,0.0,0.0,-0.051,19.6,20,HAYIR,HAYIR
2026-08-16 19:31:45.521,0.80,0.57,32,0.0,0.0,-0.049,18.9,19,HAYIR,HAYIR
2026-08-16 19:31:45.541,0.80,0.57,32,0.0,0.0,-0.049,18.9,19,HAYIR,HAYIR
2026-08-16 19:31:45.561,0.80,0.60,31,0.0,0.0,-0.049,18.9,19,HAYIR,HAYIR
2026-08-16 19:31:45.581,0.80,0.60,32,0.0,0.0,-0.049,18.8,19,HAYIR,HAYIR
2026-08-16 19:31:45.601,0.80,0.60,32,0.0,0.0,-0.049,18.8,19,HAYIR,HAYIR
2026-08-16 19:31:45.621,0.80,0.60,32,0.0,0.0,-0.047,18.2,18,HAYIR,HAYIR
2026-08-16 19:31:45.641,0.80,0.60,32,0.0,0.0,-0.047,18.2,18,HAYIR,HAYIR
2026-08-16 19:31:45.661,0.80,0.60,32,0.0,0.0,-0.047,18.2,18,HAYIR,HAYIR
2026-08-16 19:31:45.681,0.80,0.60,32,0.0,0.0,-0.047,18.1,18,HAYIR,HAYIR
2026-08-16 19:31:45.701,0.80,0.60,32,0.0,0.0,-0.047,18.1,18,HAYIR,HAYIR
2026-08-16 19:31:45.721,0.80,0.60,32,0.0,0.0,-0.046,17.6,18,HAYIR,HAYIR
2026-08-16 19:31:45.741,0.80,0.60,32,0.0,0.0,-0.046,17.6,18,HAYIR,HAYIR
2026-08-16 19:31:45.761,0.80,0.60,32,0.0,0.0,-0.046,17.6,18,HAYIR,HAYIR
2026-08-16 19:31:45.781,0.80,0.60,32,0.0,0.0,-0.045,17.5,17,HAYIR,HAYIR
2026-08-16 19:31:45.801,0.80,0.60,32,0.0,0.0,-0.045,17.5,17,HAYIR,HAYIR
2026-08-16 19:31:45.821,0.80,0.60,32,0.0,0.0,-0.044,16.8,17,HAYIR,HAYIR
2026-08-16 19:31:45.841,0.80,0.60,32,0.0,0.0,-0.044,16.8,17,HAYIR,HAYIR
2026-08-16 19:31:45.861,0.80,0.60,32,0.0,0.0,-0.044,16.8,17,HAYIR,HAYIR
2026-08-16 19:31:45.881,0.80,0.63,31,0.0,0.0,-0.043,16.6,17,HAYIR,HAYIR
2026-08-16 19:31:45.901,0.80,0.63,32,0.0,0.0,-0.043,16.6,17,HAYIR,HAYIR
2026-08-16 19:31:45.921,0.80,0.63,32,0.0,0.0,-0.043,16.7,17,HAYIR,HAYIR
2026-08-16 19:31:45.941,0.80,0.63,32,0.0,0.0,-0.043,16.7,17,HAYIR,HAYIR
2026-08-16 19:31:45.961,0.80,0.63,32,0.0,0.0,-0.043,16.7,17,HAYIR,HAYIR
2026-08-16 19:31:45.981,0.80,0.63,32,0.0,0.0,-0.043,16.6,17,HAYIR,HAYIR
2026-08-16 19:31:46.001,0.80,0.63,32,0.0,0.0,-0.043,16.6,17,HAYIR,HAYIR
2026-08-16 19:31:46.021,0.80,0.63,32,0.0,0.0,0.000,-0.0,15,HAYIR,HAYIR
2026-08-16 19:31:46.041,0.80,0.63,32,0.0,0.0,0.000,-0.0,14,HAYIR,HAYIR
2026-08-16 19:31:46.061,0.80,0.63,32,0.0,0.0,0.000,-0.0,13,HAYIR,HAYIR
2026-08-16 19:31:46.081,0.80,0.63,32,0.0,0.0,0.000,-0.0,12,HAYIR,HAYIR
2026-08-16 19:31:46.101,0.80,0.63,32,0.0,0.0,0.000,-0.0,11,HAYIR,HAYIR
2026-08-16 19:31:46.121,0.80,0.63,32,0.0,0.0,0.000,-0.0,9,HAYIR,HAYIR
2026-08-16 19:31:46.141,0.80,0.63,32,0.0,0.0,0.000,-0.0,8,HAYIR,HAYIR
2026-08-16 19:31:46.161,0.80,0.63,32,0.0,0.0,0.000,-0.0,7,HAYIR,HAYIR
2026-08-16 19:31:46.181,0.80,0.63,32,0.0,0.0,0.000,-0.0,6,HAYIR,HAYIR
2026-08-16 19:31:46.201,0.80,0.64,32,0.0,0.0,0.000,-0.0,5,HAYIR,HAYIR
2026-08-16 19:31:46.221,0.80,0.64,32,0.0,0.0,0.000,-0.0,3,HAYIR,HAYIR
2026-08-16 19:31:46.241,0.80,0.64,32,0.0,0.0,0.000,-0.0,2,HAYIR,HAYIR
2026-08-16 19:31:46.261,0.80,0.64,32,0.0,0.0,0.000,-0.0,1,HAYIR,HAYIR
2026-08-16 19:31:46.281,0.80,0.64,32,0.0,0.0,0.000,-0.0,0,HAYIR,HAYIR
2026-08-16 19:31:46.301,0.80,0.64,32,0.0,0.0,0.000,-0.0,0,HAYIR,HAYIR
2026-08-16 19:31:46.321,0.80,0.64,32,0.0,0.0,0.000,-0.0,0,HAYIR,HAYIR
2026-08-16 19:31:46.341,0.80,0.64,32,0.0,0.0,0.000,-0.0,0,HAYIR,HAYIR
2026-08-16 19:31:46.361,0.80,0.64,32,0.0,0.0,0.000,-0.0,0,HAYIR,HAYIR
2026-08-16 19:31:46.381,0.80,0.64,32,0.0,0.0,0.000,-0.0,0,HAYIR,HAYIR
2026-08-16 19:31:46.401,0.80,0.64,32,0.0,0.0,0.000,-0.0,0,HAYIR,HAYIR
2026-08-16 19:31:46.421,0.80,0.64,32,0.0,0.0,0.000,-0.0,0,HAYIR,HAYIR
2026-08-16 19:31:46.441,0.80,0.64,32,0.0,0.0,0.000,-0.0,0,HAYIR,HAYIR
2026-08-16 19:31:46.461,0.80,0.64,32,0.0,0.0,0.000,-0.0,0,HAYIR,HAYIR
2026-08-16 19:31:46.481,0.80,0.64,32,0.0,0.0,0.000,-0.0,0,HAYIR,HAYIR
2026-08-16 19:31:46.501,0.80,0.64,32,0.0,0.0,0.000,-0.0,0,HAYIR,HAYIR
2026-08-16 19:31:46.521,0.80,0.64,32,0.0,0.0,0.000,-0.0,0,HAYIR,HAYIR
2026-08-16 19:31:46.541,0.80,0.64,32,0.0,0.0,0.000,-0.0,0,HAYIR,HAYIR
2026-08-16 19:31:46.561,0.80,0.64,32,0.0,0.0,0.000,-0.0,0,HAYIR,HAYIR
2026-08-16 19:31:46.581,0.80,0.64,32,0.0,0.0,0.000,-0.0,0,HAYIR,HAYIR
2026-08-16 19:31:46.601,0.80,0.64,32,0.0,0.0,0.000,-0.0,0,HAYIR,HAYIR
2026-08-16 19:31:46.621,0.80,0.64,32,0.0,0.0,-0.031,11.8,1,HAYIR,HAYIR
2026-08-16 19:31:46.641,0.80,0.64,32,0.0,0.0,-0.031,11.8,2,HAYIR,HAYIR
2026-08-16 19:31:46.661,0.80,0.64,32,0.0,0.0,-0.031,11.8,4,HAYIR,HAYIR
2026-08-16 19:31:46.681,0.80,0.64,32,0.0,0.0,0.000,-0.0,2,HAYIR,HAYIR
2026-08-16 19:31:46.701,0.80,0.64,32,0.0,0.0,0.000,-0.0,1,HAYIR,HAYIR
2026-08-16 19:31:46.721,0.80,0.64,32,0.0,0.0,0.000,-0.0,0,HAYIR,HAYIR
2026-08-16 19:31:46.741,0.80,0.64,32,0.0,0.0,0.000,-0.0,0,HAYIR,HAYIR
2026-08-16 19:31:46.761,0.80,0.64,32,0.0,0.0,0.000,-0.0,0,HAYIR,HAYIR
2026-08-16 19:31:46.781,0.80,0.64,32,0.0,0.0,-0.031,11.8,1,HAYIR,HAYIR
2026-08-16 19:31:46.801,0.80,0.64,32,0.0,0.0,-0.031,11.8,2,HAYIR,HAYIR
2026-08-16 19:31:46.821,0.80,0.64,32,0.0,0.0,-0.032,12.5,4,HAYIR,HAYIR
2026-08-16 19:31:46.841,0.80,0.64,32,0.0,0.0,-0.032,12.5,5,HAYIR,HAYIR
2026-08-16 19:31:46.861,0.80,0.64,32,0.0,0.0,-0.032,12.5,6,HAYIR,HAYIR
2026-08-16 19:31:46.881,0.80,0.64,32,0.0,0.0,-0.033,12.8,7,HAYIR,HAYIR
2026-08-16 19:31:46.901,0.80,0.65,32,0.0,0.0,-0.033,12.8,8,HAYIR,HAYIR
2026-08-16 19:31:46.921,0.80,0.65,32,0.0,0.0,-0.036,13.9,10,HAYIR,HAYIR
2026-08-16 19:31:46.941,0.80,0.65,32,0.0,0.0,-0.036,13.9,11,HAYIR,HAYIR
2026-08-16 19:31:46.961,0.80,0.65,32,0.0,0.0,-0.036,13.9,12,HAYIR,HAYIR
2026-08-16 19:31:46.981,0.80,0.65,32,0.0,0.0,-0.033,12.8,13,HAYIR,HAYIR
2026-08-16 19:31:47.001,0.80,0.65,32,0.0,0.0,-0.033,12.8,13,HAYIR,HAYIR
2026-08-16 19:31:47.021,0.80,0.65,32,0.0,0.0,0.000,-0.0,12,HAYIR,HAYIR
2026-08-16 19:31:47.041,0.80,0.65,32,0.0,0.0,0.000,-0.0,10,HAYIR,HAYIR
2026-08-16 19:31:47.061,0.80,0.65,32,0.0,0.0,0.000,-0.0,9,HAYIR,HAYIR
2026-08-16 19:31:47.081,0.80,0.65,32,0.0,0.0,0.000,-0.0,8,HAYIR,HAYIR
2026-08-16 19:31:47.101,0.80,0.65,32,0.0,0.0,0.000,-0.0,7,HAYIR,HAYIR
2026-08-16 19:31:47.121,0.80,0.65,32,0.0,0.0,-0.032,12.5,8,HAYIR,HAYIR
2026-08-16 19:31:47.141,0.80,0.65,32,0.0,0.0,-0.032,12.5,9,HAYIR,HAYIR
2026-08-16 19:31:47.161,0.80,0.65,32,0.0,0.0,-0.032,12.5,10,HAYIR,HAYIR
2026-08-16 19:31:47.181,0.80,0.65,32,0.0,0.0,-0.033,12.9,12,HAYIR,HAYIR
2026-08-16 19:31:47.201,0.80,0.65,32,0.0,0.0,-0.033,12.9,13,HAYIR,HAYIR
2026-08-16 19:31:47.221,0.80,0.63,33,0.0,0.0,-0.036,14.0,14,HAYIR,HAYIR
2026-08-16 19:31:47.241,0.80,0.63,33,0.0,0.0,-0.036,14.0,14,HAYIR,HAYIR
2026-08-16 19:31:47.261,0.80,0.63,33,0.0,0.0,-0.036,14.0,14,HAYIR,HAYIR
2026-08-16 19:31:47.281,0.80,0.63,33,0.0,0.0,-0.038,14.6,15,HAYIR,HAYIR
2026-08-16 19:31:47.301,0.80,0.63,33,0.0,0.0,-0.038,14.6,15,HAYIR,HAYIR
2026-08-16 19:31:47.321,0.80,0.63,33,0.0,0.0,-0.035,13.4,13,HAYIR,HAYIR
2026-08-16 19:31:47.341,0.80,0.63,33,0.0,0.0,-0.035,13.4,13,HAYIR,HAYIR
2026-08-16 19:31:47.361,0.80,0.63,33,0.0,0.0,-0.035,13.4,13,HAYIR,HAYIR
2026-08-16 19:31:47.381,0.80,0.63,33,0.0,0.0,-0.036,13.8,14,HAYIR,HAYIR
2026-08-16 19:31:47.401,0.80,0.63,33,0.0,0.0,-0.036,13.8,14,HAYIR,HAYIR
2026-08-16 19:31:47.421,0.80,0.63,33,0.0,0.0,-0.038,14.8,15,HAYIR,HAYIR
2026-08-16 19:31:47.441,0.80,0.63,33,0.0,0.0,-0.038,14.8,15,HAYIR,HAYIR
2026-08-16 19:31:47.461,0.80,0.63,33,0.0,0.0,-0.038,14.8,15,HAYIR,HAYIR
2026-08-16 19:31:47.481,0.80,0.63,33,0.0,0.0,-0.040,15.3,15,HAYIR,HAYIR
2026-08-16 19:31:47.501,0.80,0.63,33,0.0,0.0,-0.040,15.3,15,HAYIR,HAYIR
2026-08-16 19:31:47.521,0.80,0.63,33,0.0,0.0,-0.042,16.1,16,HAYIR,HAYIR
2026-08-16 19:31:47.541,0.80,0.60,34,0.0,0.0,-0.042,16.1,16,HAYIR,HAYIR
2026-08-16 19:31:47.561,0.80,0.60,33,0.0,0.0,-0.042,16.1,16,HAYIR,HAYIR
2026-08-16 19:31:47.581,0.80,0.60,33,0.0,0.0,-0.043,16.6,17,HAYIR,HAYIR
2026-08-16 19:31:47.601,0.80,0.60,33,0.0,0.0,-0.043,16.6,17,HAYIR,HAYIR
2026-08-16 19:31:47.621,0.80,0.60,33,0.0,0.0,-0.039,15.0,15,HAYIR,HAYIR
2026-08-16 19:31:47.641,0.80,0.60,33,0.0,0.0,-0.039,15.0,15,HAYIR,HAYIR
2026-08-16 19:31:47.661,0.80,0.60,33,0.0,0.0,-0.039,15.0,15,HAYIR,HAYIR
2026-08-16 19:31:47.681,0.80,0.60,33,0.0,0.0,-0.040,15.4,15,HAYIR,HAYIR
2026-08-16 19:31:47.701,0.80,0.60,33,0.0,0.0,-0.040,15.4,15,HAYIR,HAYIR
2026-08-16 19:31:47.721,0.80,0.60,33,0.0,0.0,-0.043,16.4,16,HAYIR,HAYIR
2026-08-16 19:31:47.741,0.80,0.60,33,0.0,0.0,-0.043,16.4,16,HAYIR,HAYIR
2026-08-16 19:31:47.761,0.80,0.60,33,0.0,0.0,-0.043,16.4,16,HAYIR,HAYIR
2026-08-16 19:31:47.781,0.80,0.60,33,0.0,0.0,-0.043,16.8,17,HAYIR,HAYIR
2026-08-16 19:31:47.801,0.80,0.60,33,0.0,0.0,-0.043,16.8,17,HAYIR,HAYIR
2026-08-16 19:31:47.821,0.80,0.60,33,0.0,0.0,-0.045,17.4,17,HAYIR,HAYIR
2026-08-16 19:31:47.841,0.80,0.60,33,0.0,0.0,-0.045,17.4,17,HAYIR,HAYIR
2026-08-16 19:31:47.861,0.80,0.58,34,0.0,0.0,-0.045,17.4,17,HAYIR,HAYIR
2026-08-16 19:31:47.881,0.80,0.58,33,0.0,0.0,-0.046,17.7,18,HAYIR,HAYIR
2026-08-16 19:31:47.901,0.80,0.58,33,0.0,0.0,-0.046,17.7,18,HAYIR,HAYIR
2026-08-16 19:31:47.921,0.80,0.58,33,0.0,0.0,-0.040,15.3,17,HAYIR,HAYIR
2026-08-16 19:31:47.941,0.80,0.58,33,0.0,0.0,-0.040,15.3,15,HAYIR,HAYIR
2026-08-16 19:31:47.961,0.80,0.58,33,0.0,0.0,-0.040,15.3,15,HAYIR,HAYIR
2026-08-16 19:31:47.981,0.80,0.58,33,0.0,0.0,-0.042,16.1,16,HAYIR,HAYIR
2026-08-16 19:31:48.001,0.80,0.58,33,0.0,0.0,-0.042,16.1,16,HAYIR,HAYIR
2026-08-16 19:31:48.021,0.80,0.58,33,0.0,0.0,-0.043,16.6,17,HAYIR,HAYIR
2026-08-16 19:31:48.041,0.80,0.58,33,0.0,0.0,-0.043,16.6,17,HAYIR,HAYIR
2026-08-16 19:31:48.061,0.80,0.58,33,0.0,0.0,-0.043,16.6,17,HAYIR,HAYIR
2026-08-16 19:31:48.081,0.80,0.58,33,0.0,0.0,-0.051,19.7,18,HAYIR,HAYIR
2026-08-16 19:31:48.101,0.80,0.58,33,0.0,0.0,-0.051,19.7,19,HAYIR,HAYIR
2026-08-16 19:31:48.121,0.80,0.58,33,0.0,0.0,-0.052,20.0,20,HAYIR,HAYIR
2026-08-16 19:31:48.141,0.80,0.58,33,0.0,0.0,-0.052,20.0,20,HAYIR,HAYIR
2026-08-16 19:31:48.161,0.80,0.58,33,0.0,0.0,-0.052,20.0,20,HAYIR,HAYIR
2026-08-16 19:31:48.181,0.80,0.55,34,0.0,0.0,-0.053,20.5,21,HAYIR,HAYIR
2026-08-16 19:31:48.201,0.80,0.55,33,0.0,0.0,-0.053,20.5,21,HAYIR,HAYIR
2026-08-16 19:31:48.221,0.80,0.55,33,0.0,0.0,-0.047,18.3,19,HAYIR,HAYIR
2026-08-16 19:31:48.241,0.80,0.55,33,0.0,0.0,-0.047,18.3,18,HAYIR,HAYIR
2026-08-16 19:31:48.261,0.80,0.55,33,0.0,0.0,-0.047,18.3,18,HAYIR,HAYIR
2026-08-16 19:31:48.281,0.80,0.55,33,0.0,0.0,-0.049,18.9,19,HAYIR,HAYIR
2026-08-16 19:31:48.301,0.80,0.55,33,0.0,0.0,-0.049,18.9,19,HAYIR,HAYIR
2026-08-16 19:31:48.321,0.80,0.55,33,0.0,0.0,-0.050,19.2,19,HAYIR,HAYIR
2026-08-16 19:31:48.341,0.80,0.55,33,0.0,0.0,-0.050,19.2,19,HAYIR,HAYIR
2026-08-16 19:31:48.361,0.80,0.55,33,0.0,0.0,-0.050,19.2,19,HAYIR,HAYIR
2026-08-16 19:31:48.381,0.80,0.55,33,0.0,0.0,-0.051,19.5,20,HAYIR,HAYIR
2026-08-16 19:31:48.401,0.80,0.55,33,0.0,0.0,-0.051,19.5,20,HAYIR,HAYIR
2026-08-16 19:31:48.421,0.80,0.55,33,0.0,0.0,-0.051,19.8,20,HAYIR,HAYIR
2026-08-16 19:31:48.441,0.80,0.55,33,0.0,0.0,-0.051,19.8,20,HAYIR,HAYIR
2026-08-16 19:31:48.461,0.80,0.55,33,0.0,0.0,-0.051,19.8,20,HAYIR,HAYIR
2026-08-16 19:31:48.481,0.80,0.55,33,0.0,0.0,-0.053,20.3,20,HAYIR,HAYIR
2026-08-16 19:31:48.501,0.80,0.55,33,0.0,0.0,-0.053,20.3,20,HAYIR,HAYIR
2026-08-16 19:31:48.521,0.80,0.55,33,0.0,0.0,-0.053,20.4,20,HAYIR,HAYIR
2026-08-16 19:31:48.541,0.80,0.55,33,0.0,0.0,-0.053,20.4,20,HAYIR,HAYIR
2026-08-16 19:31:48.561,0.80,0.53,34,0.0,0.0,-0.053,20.4,20,HAYIR,HAYIR
2026-08-16 19:31:48.581,0.80,0.53,33,0.0,0.0,-0.054,20.7,21,HAYIR,HAYIR
2026-08-16 19:31:48.601,0.80,0.53,33,0.0,0.0,-0.054,20.7,21,HAYIR,HAYIR
2026-08-16 19:31:48.621,0.80,0.53,33,0.0,0.0,-0.047,18.1,20,HAYIR,HAYIR
2026-08-16 19:31:48.641,0.80,0.53,33,0.0,0.0,-0.047,18.1,18,HAYIR,HAYIR
2026-08-16 19:31:48.661,0.80,0.53,33,0.0,0.0,-0.047,18.1,18,HAYIR,HAYIR
2026-08-16 19:31:48.681,0.80,0.53,33,0.0,0.0,-0.049,18.8,19,HAYIR,HAYIR
2026-08-16 19:31:48.701,0.80,0.53,33,0.0,0.0,-0.049,18.8,19,HAYIR,HAYIR
2026-08-16 19:31:48.721,0.80,0.53,33,0.0,0.0,-0.049,18.8,19,HAYIR,HAYIR
2026-08-16 19:31:48.741,0.80,0.53,33,0.0,0.0,-0.049,18.8,19,HAYIR,HAYIR
2026-08-16 19:31:48.761,0.80,0.53,33,0.0,0.0,-0.049,18.8,19,HAYIR,HAYIR
2026-08-16 19:31:48.781,0.80,0.53,33,0.0,0.0,-0.049,19.0,19,HAYIR,HAYIR
2026-08-16 19:31:48.801,0.80,0.53,33,0.0,0.0,-0.049,19.0,19,HAYIR,HAYIR
2026-08-16 19:31:48.821,0.80,0.53,33,0.0,0.0,-0.049,19.1,19,HAYIR,HAYIR
2026-08-16 19:31:48.841,0.80,0.53,33,0.0,0.0,-0.049,19.1,19,HAYIR,HAYIR
2026-08-16 19:31:48.861,0.80,0.53,33,0.0,0.0,-0.049,19.1,19,HAYIR,HAYIR
2026-08-16 19:31:48.881,0.80,0.51,34,0.0,0.0,-0.050,19.4,19,HAYIR,HAYIR
2026-08-16 19:31:48.901,0.80,0.51,34,0.0,0.0,-0.050,19.4,19,HAYIR,HAYIR
2026-08-16 19:31:48.921,0.80,0.51,34,0.0,0.0,-0.051,19.5,19,HAYIR,HAYIR
2026-08-16 19:31:48.941,0.80,0.51,34,0.0,0.0,-0.051,19.5,19,HAYIR,HAYIR
2026-08-16 19:31:48.961,0.80,0.51,34,0.0,0.0,-0.051,19.5,19,HAYIR,HAYIR
2026-08-16 19:31:48.981,0.80,0.51,34,0.0,0.0,-0.044,17.1,18,HAYIR,HAYIR
2026-08-16 19:31:49.001,0.80,0.51,34,0.0,0.0,-0.044,17.1,17,HAYIR,HAYIR
2026-08-16 19:31:49.021,0.80,0.51,34,0.0,0.0,-0.045,17.2,17,HAYIR,HAYIR
2026-08-16 19:31:49.041,0.80,0.51,34,0.0,0.0,-0.045,17.2,17,HAYIR,HAYIR
2026-08-16 19:31:49.061,0.80,0.51,34,0.0,0.0,-0.045,17.2,17,HAYIR,HAYIR
2026-08-16 19:31:49.081,0.80,0.51,34,0.0,0.0,-0.046,17.6,18,HAYIR,HAYIR
2026-08-16 19:31:49.101,0.80,0.51,34,0.0,0.0,-0.046,17.6,18,HAYIR,HAYIR
2026-08-16 19:31:49.121,0.80,0.51,34,0.0,0.0,-0.084,32.1,19,HAYIR,HAYIR
2026-08-16 19:31:49.141,0.80,0.51,34,0.0,0.0,-0.084,32.1,20,HAYIR,HAYIR
2026-08-16 19:31:49.161,0.80,0.51,34,0.0,0.0,-0.084,32.1,21,HAYIR,HAYIR
2026-08-16 19:31:49.181,0.80,0.51,34,0.0,0.0,-0.084,32.3,22,HAYIR,HAYIR
2026-08-16 19:31:49.201,0.80,0.50,34,0.0,0.0,-0.084,32.3,24,HAYIR,HAYIR
2026-08-16 19:31:49.221,0.80,0.50,34,0.0,0.0,-0.083,31.9,25,HAYIR,HAYIR
2026-08-16 19:31:49.241,0.80,0.50,34,0.0,0.0,-0.083,31.9,26,HAYIR,HAYIR
2026-08-16 19:31:49.261,0.80,0.50,34,0.0,0.0,-0.083,31.9,27,HAYIR,HAYIR
2026-08-16 19:31:49.281,0.80,0.50,34,0.0,0.0,-0.085,32.7,28,HAYIR,HAYIR
2026-08-16 19:31:49.301,0.80,0.50,34,0.0,0.0,-0.085,32.7,30,HAYIR,HAYIR
2026-08-16 19:31:49.321,0.80,0.50,34,0.0,0.0,-0.085,32.6,31,HAYIR,HAYIR
2026-08-16 19:31:49.341,0.80,0.50,34,0.0,0.0,-0.085,32.6,32,HAYIR,HAYIR
2026-08-16 19:31:49.361,0.80,0.50,34,0.0,0.0,-0.085,32.6,33,HAYIR,HAYIR
2026-08-16 19:31:49.381,0.80,0.50,34,0.0,0.0,-0.086,32.9,33,HAYIR,HAYIR
2026-08-16 19:31:49.401,0.80,0.50,34,0.0,0.0,-0.086,32.9,33,HAYIR,HAYIR
2026-08-16 19:31:49.421,0.80,0.50,34,0.0,0.0,-0.085,32.7,33,HAYIR,HAYIR
2026-08-16 19:31:49.441,0.80,0.50,34,0.0,0.0,-0.085,32.7,33,HAYIR,HAYIR
2026-08-16 19:31:49.461,0.80,0.50,34,0.0,0.0,-0.085,32.7,33,HAYIR,HAYIR
2026-08-16 19:31:49.481,0.80,0.50,34,0.0,0.0,-0.086,32.8,33,HAYIR,HAYIR
2026-08-16 19:31:49.501,0.80,0.50,34,0.0,0.0,-0.086,32.8,33,HAYIR,HAYIR
2026-08-16 19:31:49.521,0.80,0.47,35,0.0,0.0,-0.086,32.8,33,HAYIR,HAYIR
2026-08-16 19:31:49.541,0.80,0.47,34,0.0,0.0,-0.086,32.8,33,HAYIR,HAYIR
2026-08-16 19:31:49.561,0.80,0.47,34,0.0,0.0,-0.086,32.8,33,HAYIR,HAYIR
2026-08-16 19:31:49.581,0.80,0.47,34,0.0,0.0,-0.086,33.0,33,HAYIR,HAYIR
2026-08-16 19:31:49.601,0.80,0.47,34,0.0,0.0,-0.086,33.0,33,HAYIR,HAYIR
2026-08-16 19:31:49.621,0.80,0.47,34,0.0,0.0,-0.087,33.4,33,HAYIR,HAYIR
2026-08-16 19:31:49.641,0.80,0.47,34,0.0,0.0,-0.087,33.4,33,HAYIR,HAYIR
2026-08-16 19:31:49.661,0.80,0.47,34,0.0,0.0,-0.087,33.4,33,HAYIR,HAYIR
2026-08-16 19:31:49.681,0.80,0.47,34,0.0,0.0,-0.088,33.5,34,HAYIR,HAYIR
2026-08-16 19:31:49.701,0.80,0.47,34,0.0,0.0,-0.088,33.5,34,HAYIR,HAYIR
2026-08-16 19:31:49.721,0.80,0.47,34,0.0,0.0,-0.088,33.7,34,HAYIR,HAYIR
2026-08-16 19:31:49.741,0.80,0.47,34,0.0,0.0,-0.088,33.7,34,HAYIR,HAYIR
2026-08-16 19:31:49.761,0.80,0.47,34,0.0,0.0,-0.088,33.7,34,HAYIR,HAYIR
2026-08-16 19:31:49.781,0.80,0.47,34,0.0,0.0,-0.088,33.8,34,HAYIR,HAYIR
2026-08-16 19:31:49.801,0.80,0.47,34,0.0,0.0,-0.088,33.8,34,HAYIR,HAYIR
2026-08-16 19:31:49.821,0.80,0.47,34,0.0,0.0,-0.088,33.9,34,HAYIR,HAYIR
2026-08-16 19:31:49.841,0.80,0.45,35,0.0,0.0,-0.088,33.9,34,HAYIR,HAYIR
2026-08-16 19:31:49.861,0.80,0.45,34,0.0,0.0,-0.088,33.9,34,HAYIR,HAYIR
2026-08-16 19:31:49.881,0.80,0.45,34,0.0,0.0,-0.089,33.9,34,HAYIR,HAYIR
2026-08-16 19:31:49.901,0.80,0.45,34,0.0,0.0,-0.089,33.9,34,HAYIR,HAYIR
2026-08-16 19:31:49.921,0.80,0.45,34,0.0,0.0,-0.090,34.5,35,HAYIR,HAYIR
2026-08-16 19:31:49.941,0.80,0.45,34,0.0,0.0,-0.090,34.5,35,HAYIR,HAYIR
2026-08-16 19:31:49.961,0.80,0.45,34,0.0,0.0,-0.090,34.5,35,HAYIR,HAYIR
2026-08-16 19:31:49.981,0.80,0.45,34,0.0,0.0,-0.091,34.7,35,HAYIR,HAYIR
2026-08-16 19:31:50.001,0.80,0.45,34,0.0,0.0,-0.091,34.7,35,HAYIR,HAYIR
2026-08-16 19:31:50.021,0.80,0.45,34,0.0,0.0,-0.091,34.9,35,HAYIR,HAYIR
2026-08-16 19:31:50.041,0.80,0.45,34,0.0,0.0,-0.091,34.9,35,HAYIR,HAYIR
2026-08-16 19:31:50.061,0.80,0.45,34,0.0,0.0,-0.091,34.9,35,HAYIR,HAYIR
2026-08-16 19:31:50.081,0.80,0.45,34,0.0,0.0,-0.091,34.9,35,HAYIR,HAYIR
2026-08-16 19:31:50.101,0.80,0.45,34,0.0,0.0,-0.091,34.9,35,HAYIR,HAYIR
2026-08-16 19:31:50.121,0.80,0.45,34,0.0,0.0,-0.091,35.0,35,HAYIR,HAYIR
2026-08-16 19:31:50.141,0.80,0.45,34,0.0,0.0,-0.091,35.0,35,HAYIR,HAYIR
2026-08-16 19:31:50.161,0.80,0.45,34,0.0,0.0,-0.091,35.0,35,HAYIR,HAYIR
2026-08-16 19:31:50.181,0.80,0.45,34,0.0,0.0,-0.091,34.9,35,HAYIR,HAYIR
2026-08-16 19:31:50.201,0.80,0.45,34,0.0,0.0,-0.091,34.9,35,HAYIR,HAYIR
2026-08-16 19:31:50.221,0.80,0.45,34,0.0,0.0,-0.091,34.9,35,HAYIR,HAYIR
2026-08-16 19:31:50.241,0.80,0.44,35,0.0,0.0,-0.091,34.9,35,HAYIR,HAYIR
2026-08-16 19:31:50.261,0.80,0.44,34,0.0,0.0,-0.091,34.9,35,HAYIR,HAYIR
2026-08-16 19:31:50.281,0.80,0.44,35,0.0,0.0,-0.092,35.0,35,HAYIR,HAYIR
2026-08-16 19:31:50.301,0.80,0.44,35,0.0,0.0,-0.092,35.0,35,HAYIR,HAYIR
2026-08-16 19:31:50.321,0.80,0.44,35,0.0,0.0,-0.093,35.6,36,HAYIR,HAYIR
2026-08-16 19:31:50.341,0.80,0.44,35,0.0,0.0,-0.093,35.6,36,HAYIR,HAYIR
2026-08-16 19:31:50.361,0.80,0.44,35,0.0,0.0,-0.093,35.6,36,HAYIR,HAYIR
2026-08-16 19:31:50.381,0.80,0.44,35,0.0,0.0,-0.093,35.5,36,HAYIR,HAYIR
2026-08-16 19:31:50.401,0.80,0.44,35,0.0,0.0,-0.093,35.5,36,HAYIR,HAYIR
2026-08-16 19:31:50.421,0.80,0.44,35,0.0,0.0,-0.092,35.4,35,HAYIR,HAYIR
2026-08-16 19:31:50.441,0.80,0.44,35,0.0,0.0,-0.092,35.4,35,HAYIR,HAYIR
2026-08-16 19:31:50.461,0.80,0.44,35,0.0,0.0,-0.092,35.4,35,HAYIR,HAYIR
2026-08-16 19:31:50.481,0.80,0.44,35,0.0,0.0,-0.093,35.4,35,HAYIR,HAYIR
2026-08-16 19:31:50.501,0.80,0.44,35,0.0,0.0,-0.093,35.4,35,HAYIR,HAYIR
2026-08-16 19:31:50.521,0.80,0.44,35,0.0,0.0,-0.092,35.3,35,HAYIR,HAYIR
2026-08-16 19:31:50.541,0.80,0.44,35,0.0,0.0,-0.092,35.3,35,HAYIR,HAYIR
2026-08-16 19:31:50.561,0.80,0.46,34,0.0,0.0,-0.092,35.3,35,HAYIR,HAYIR
2026-08-16 19:31:50.581,0.80,0.46,35,0.0,0.0,-0.092,35.3,35,HAYIR,HAYIR
2026-08-16 19:31:50.601,0.80,0.46,35,0.0,0.0,-0.092,35.3,35,HAYIR,HAYIR
2026-08-16 19:31:50.621,0.80,0.46,35,0.0,0.0,-0.093,35.5,36,HAYIR,HAYIR
2026-08-16 19:31:50.641,0.80,0.46,35,0.0,0.0,-0.093,35.5,36,HAYIR,HAYIR
2026-08-16 19:31:50.661,0.80,0.46,35,0.0,0.0,-0.093,35.5,36,HAYIR,HAYIR
2026-08-16 19:31:50.681,0.80,0.46,35,0.0,0.0,-0.093,35.5,36,HAYIR,HAYIR
2026-08-16 19:31:50.701,0.80,0.46,35,0.0,0.0,-0.093,35.5,36,HAYIR,HAYIR
2026-08-16 19:31:50.721,0.80,0.46,35,0.0,0.0,-0.093,35.7,36,HAYIR,HAYIR
2026-08-16 19:31:50.741,0.80,0.46,35,0.0,0.0,-0.093,35.7,36,HAYIR,HAYIR
2026-08-16 19:31:50.761,0.80,0.46,35,0.0,0.0,-0.093,35.7,36,HAYIR,HAYIR
2026-08-16 19:31:50.781,0.80,0.46,35,0.0,0.0,-0.079,30.3,34,HAYIR,HAYIR
2026-08-16 19:31:50.802,0.80,0.46,35,0.0,0.0,-0.079,30.3,33,HAYIR,HAYIR
2026-08-16 19:31:50.821,0.80,0.46,35,0.0,0.0,-0.079,30.3,32,HAYIR,HAYIR
2026-08-16 19:31:50.841,0.80,0.46,35,0.0,0.0,-0.079,30.3,31,HAYIR,HAYIR
2026-08-16 19:31:50.861,0.80,0.46,35,0.0,0.0,-0.079,30.3,30,HAYIR,HAYIR
2026-08-16 19:31:50.881,0.80,0.46,35,0.0,0.0,-0.079,30.2,30,HAYIR,HAYIR
2026-08-16 19:31:50.901,0.80,0.46,35,0.0,0.0,-0.079,30.2,30,HAYIR,HAYIR
2026-08-16 19:31:50.921,0.80,0.46,35,0.0,0.0,-0.076,29.3,29,HAYIR,HAYIR
2026-08-16 19:31:50.941,0.80,0.46,35,0.0,0.0,-0.076,29.3,29,HAYIR,HAYIR
2026-08-16 19:31:50.961,0.80,0.46,35,0.0,0.0,-0.076,29.3,29,HAYIR,HAYIR
2026-08-16 19:31:50.981,0.80,0.46,35,0.0,0.0,-0.076,29.1,29,HAYIR,HAYIR
2026-08-16 19:31:51.001,0.80,0.46,35,0.0,0.0,-0.076,29.1,29,HAYIR,HAYIR
2026-08-16 19:31:51.021,0.80,0.46,35,0.0,0.0,-0.075,28.8,29,HAYIR,HAYIR
2026-08-16 19:31:51.041,0.80,0.46,35,0.0,0.0,-0.075,28.8,29,HAYIR,HAYIR
2026-08-16 19:31:51.061,0.80,0.46,35,0.0,0.0,-0.075,28.8,29,HAYIR,HAYIR
2026-08-16 19:31:51.081,0.80,0.46,35,0.0,0.0,-0.075,28.7,29,HAYIR,HAYIR
2026-08-16 19:31:51.101,0.80,0.46,35,0.0,0.0,-0.075,28.7,29,HAYIR,HAYIR
2026-08-16 19:31:51.121,0.80,0.46,35,0.0,0.0,-0.074,28.4,28,HAYIR,HAYIR
2026-08-16 19:31:51.141,0.80,0.46,35,0.0,0.0,-0.074,28.4,28,HAYIR,HAYIR
2026-08-16 19:31:51.161,0.80,0.46,35,0.0,0.0,-0.074,28.4,28,HAYIR,HAYIR
2026-08-16 19:31:51.181,0.80,0.46,35,0.0,0.0,-0.074,28.3,28,HAYIR,HAYIR
2026-08-16 19:31:51.201,0.80,0.48,34,0.0,0.0,-0.074,28.3,28,HAYIR,HAYIR
2026-08-16 19:31:51.221,0.80,0.48,35,0.0,0.0,-0.073,28.2,28,HAYIR,HAYIR
2026-08-16 19:31:51.241,0.80,0.48,35,0.0,0.0,-0.073,28.2,28,HAYIR,HAYIR
2026-08-16 19:31:51.261,0.80,0.48,35,0.0,0.0,-0.073,28.2,28,HAYIR,HAYIR
2026-08-16 19:31:51.281,0.80,0.48,35,0.0,0.0,-0.074,28.3,28,HAYIR,HAYIR
2026-08-16 19:31:51.301,0.80,0.48,35,0.0,0.0,-0.074,28.3,28,HAYIR,HAYIR
2026-08-16 19:31:51.321,0.80,0.48,35,0.0,0.0,-0.072,27.8,28,HAYIR,HAYIR
2026-08-16 19:31:51.341,0.80,0.48,35,0.0,0.0,-0.072,27.8,28,HAYIR,HAYIR
2026-08-16 19:31:51.361,0.80,0.48,35,0.0,0.0,-0.072,27.8,28,HAYIR,HAYIR
2026-08-16 19:31:51.381,0.80,0.48,35,0.0,0.0,-0.072,27.7,28,HAYIR,HAYIR
2026-08-16 19:31:51.401,0.80,0.48,35,0.0,0.0,-0.072,27.7,28,HAYIR,HAYIR
2026-08-16 19:31:51.421,0.80,0.48,35,0.0,0.0,-0.072,27.7,28,HAYIR,HAYIR
2026-08-16 19:31:51.441,0.80,0.48,35,0.0,0.0,-0.072,27.7,28,HAYIR,HAYIR
2026-08-16 19:31:51.461,0.80,0.48,35,0.0,0.0,-0.072,27.7,28,HAYIR,HAYIR
2026-08-16 19:31:51.481,0.80,0.48,35,0.0,0.0,-0.072,27.8,28,HAYIR,HAYIR
2026-08-16 19:31:51.501,0.80,0.48,35,0.0,0.0,-0.072,27.8,28,HAYIR,HAYIR
2026-08-16 19:31:51.521,0.80,0.50,34,0.0,0.0,-0.073,28.2,28,HAYIR,HAYIR
2026-08-16 19:31:51.541,0.80,0.50,35,0.0,0.0,-0.073,28.2,28,HAYIR,HAYIR
2026-08-16 19:31:51.561,0.80,0.50,35,0.0,0.0,-0.073,28.2,28,HAYIR,HAYIR
2026-08-16 19:31:51.581,0.80,0.50,35,0.0,0.0,-0.073,28.2,28,HAYIR,HAYIR
2026-08-16 19:31:51.601,0.80,0.50,35,0.0,0.0,-0.073,28.2,28,HAYIR,HAYIR
2026-08-16 19:31:51.621,0.80,0.50,35,0.0,0.0,-0.076,29.3,29,HAYIR,HAYIR
2026-08-16 19:31:51.641,0.80,0.50,35,0.0,0.0,-0.076,29.3,29,HAYIR,HAYIR
2026-08-16 19:31:51.661,0.80,0.50,35,0.0,0.0,-0.076,29.3,29,HAYIR,HAYIR
2026-08-16 19:31:51.681,0.80,0.50,35,0.0,0.0,-0.076,29.3,29,HAYIR,HAYIR
2026-08-16 19:31:51.701,0.80,0.50,35,0.0,0.0,-0.076,29.3,29,HAYIR,HAYIR
2026-08-16 19:31:51.721,0.80,0.50,35,0.0,0.0,-0.078,30.0,30,HAYIR,HAYIR
2026-08-16 19:31:51.741,0.80,0.50,35,0.0,0.0,-0.078,30.0,30,HAYIR,HAYIR
2026-08-16 19:31:51.761,0.80,0.50,35,0.0,0.0,-0.078,30.0,30,HAYIR,HAYIR
2026-08-16 19:31:51.781,0.80,0.50,35,0.0,0.0,-0.079,30.2,30,HAYIR,HAYIR
2026-08-16 19:31:51.801,0.80,0.50,35,0.0,0.0,-0.079,30.2,30,HAYIR,HAYIR
2026-08-16 19:31:51.821,0.80,0.50,35,0.0,0.0,-0.067,25.6,29,HAYIR,HAYIR
2026-08-16 19:31:51.841,0.80,0.50,35,0.0,0.0,-0.067,25.6,28,HAYIR,HAYIR
2026-08-16 19:31:51.861,0.80,0.50,35,0.0,0.0,-0.067,25.6,27,HAYIR,HAYIR
2026-08-16 19:31:51.881,0.80,0.50,35,0.0,0.0,-0.067,25.7,26,HAYIR,HAYIR
2026-08-16 19:31:51.901,0.80,0.51,34,0.0,0.0,-0.067,25.7,26,HAYIR,HAYIR
2026-08-16 19:31:51.921,0.80,0.51,35,0.0,0.0,-0.069,26.4,26,HAYIR,HAYIR
2026-08-16 19:31:51.941,0.80,0.51,35,0.0,0.0,-0.069,26.4,26,HAYIR,HAYIR
2026-08-16 19:31:51.961,0.80,0.51,35,0.0,0.0,-0.069,26.4,26,HAYIR,HAYIR
2026-08-16 19:31:51.981,0.80,0.51,35,0.0,0.0,-0.073,27.9,28,HAYIR,HAYIR
2026-08-16 19:31:52.001,0.80,0.51,35,0.0,0.0,-0.073,27.9,28,HAYIR,HAYIR
2026-08-16 19:31:52.021,0.80,0.51,35,0.0,0.0,-0.074,28.4,28,HAYIR,HAYIR
2026-08-16 19:31:52.041,0.80,0.51,35,0.0,0.0,-0.074,28.4,28,HAYIR,HAYIR
2026-08-16 19:31:52.061,0.80,0.51,35,0.0,0.0,-0.074,28.4,28,HAYIR,HAYIR
2026-08-16 19:31:52.081,0.80,0.51,35,0.0,0.0,-0.075,28.6,29,HAYIR,HAYIR
2026-08-16 19:31:52.101,0.80,0.51,35,0.0,0.0,-0.075,28.6,29,HAYIR,HAYIR
2026-08-16 19:31:52.121,0.80,0.51,35,0.0,0.0,-0.076,29.3,29,HAYIR,HAYIR
2026-08-16 19:31:52.141,0.80,0.51,35,0.0,0.0,-0.076,29.3,29,HAYIR,HAYIR
2026-08-16 19:31:52.161,0.80,0.51,35,0.0,0.0,-0.076,29.3,29,HAYIR,HAYIR
2026-08-16 19:31:52.181,0.80,0.51,35,0.0,0.0,-0.076,29.3,29,HAYIR,HAYIR
2026-08-16 19:31:52.201,0.80,0.51,35,0.0,0.0,-0.076,29.3,29,HAYIR,HAYIR
2026-08-16 19:31:52.221,0.80,0.53,35,0.0,0.0,-0.078,30.0,30,HAYIR,HAYIR
2026-08-16 19:31:52.241,0.80,0.53,35,0.0,0.0,-0.078,30.0,30,HAYIR,HAYIR
2026-08-16 19:31:52.261,0.80,0.53,35,0.0,0.0,-0.078,30.0,30,HAYIR,HAYIR
2026-08-16 19:31:52.281,0.80,0.53,35,0.0,0.0,-0.079,30.3,30,HAYIR,HAYIR
2026-08-16 19:31:52.301,0.80,0.53,35,0.0,0.0,-0.079,30.3,30,HAYIR,HAYIR
2026-08-16 19:31:52.321,0.80,0.53,35,0.0,0.0,-0.083,31.6,31,HAYIR,HAYIR
2026-08-16 19:31:52.341,0.80,0.53,35,0.0,0.0,-0.083,31.6,32,HAYIR,HAYIR
2026-08-16 19:31:52.361,0.80,0.53,35,0.0,0.0,-0.083,31.6,32,HAYIR,HAYIR
2026-08-16 19:31:52.381,0.80,0.53,35,0.0,0.0,-0.083,31.8,32,HAYIR,HAYIR
2026-08-16 19:31:52.401,0.80,0.53,35,0.0,0.0,-0.083,31.8,32,HAYIR,HAYIR
2026-08-16 19:31:52.421,0.80,0.53,35,0.0,0.0,-0.085,32.6,33,HAYIR,HAYIR
2026-08-16 19:31:52.441,0.80,0.53,35,0.0,0.0,-0.085,32.6,33,HAYIR,HAYIR
2026-08-16 19:31:52.461,0.80,0.53,35,0.0,0.0,-0.085,32.6,33,HAYIR,HAYIR
2026-08-16 19:31:52.481,0.80,0.53,35,0.0,0.0,-0.086,32.9,33,HAYIR,HAYIR
2026-08-16 19:31:52.501,0.80,0.53,35,0.0,0.0,-0.086,32.9,33,HAYIR,HAYIR
2026-08-16 19:31:52.521,0.80,0.53,35,0.0,0.0,-0.088,33.8,34,HAYIR,HAYIR
2026-08-16 19:31:52.541,0.80,0.53,35,0.0,0.0,-0.088,33.8,34,HAYIR,HAYIR
2026-08-16 19:31:52.561,0.80,0.53,35,0.0,0.0,-0.088,33.8,34,HAYIR,HAYIR
2026-08-16 19:31:52.581,0.80,0.53,35,0.0,0.0,-0.089,34.1,34,HAYIR,HAYIR
2026-08-16 19:31:52.601,0.80,0.53,35,0.0,0.0,-0.089,34.1,34,HAYIR,HAYIR
2026-08-16 19:31:52.621,0.80,0.53,35,0.0,0.0,-0.092,35.3,35,HAYIR,HAYIR
2026-08-16 19:31:52.641,0.80,0.53,35,0.0,0.0,-0.092,35.3,35,HAYIR,HAYIR
2026-08-16 19:31:52.661,0.80,0.53,35,0.0,0.0,-0.092,35.3,35,HAYIR,HAYIR
2026-08-16 19:31:52.681,0.80,0.53,35,0.0,0.0,-0.093,35.6,36,HAYIR,HAYIR
2026-08-16 19:31:52.702,0.80,0.53,35,0.0,0.0,-0.093,35.6,36,HAYIR,HAYIR
2026-08-16 19:31:52.721,0.80,0.53,35,0.0,0.0,-0.095,36.4,36,HAYIR,HAYIR
2026-08-16 19:31:52.741,0.80,0.53,35,0.0,0.0,-0.095,36.4,36,HAYIR,HAYIR
2026-08-16 19:31:52.761,0.80,0.53,35,0.0,0.0,-0.095,36.4,36,HAYIR,HAYIR
2026-08-16 19:31:52.781,0.80,0.53,35,0.0,0.0,-0.096,36.8,37,HAYIR,HAYIR
2026-08-16 19:31:52.801,0.80,0.53,35,0.0,0.0,-0.096,36.8,37,HAYIR,HAYIR
2026-08-16 19:31:52.821,0.80,0.53,35,0.0,0.0,-0.110,41.9,38,HAYIR,HAYIR
2026-08-16 19:31:52.841,0.80,0.53,35,0.0,0.0,-0.110,41.9,39,HAYIR,HAYIR
2026-08-16 19:31:52.861,0.80,0.54,35,0.0,0.0,-0.110,41.9,40,HAYIR,HAYIR
2026-08-16 19:31:52.881,0.80,0.54,35,0.0,0.0,-0.111,42.1,42,HAYIR,HAYIR
2026-08-16 19:31:52.901,0.80,0.54,35,0.0,0.0,-0.111,42.1,42,HAYIR,HAYIR
2026-08-16 19:31:52.921,0.80,0.54,35,0.0,0.0,-0.112,42.6,43,HAYIR,HAYIR
2026-08-16 19:31:52.941,0.80,0.54,35,0.0,0.0,-0.112,42.6,43,HAYIR,HAYIR
2026-08-16 19:31:52.961,0.80,0.54,35,0.0,0.0,-0.112,42.6,43,HAYIR,HAYIR
2026-08-16 19:31:52.981,0.80,0.54,35,0.0,0.0,-0.112,42.7,43,HAYIR,HAYIR
2026-08-16 19:31:53.001,0.80,0.54,35,0.0,0.0,-0.112,42.7,43,HAYIR,HAYIR
2026-08-16 19:31:53.021,0.80,0.54,35,0.0,0.0,-0.114,43.4,43,HAYIR,HAYIR
2026-08-16 19:31:53.041,0.80,0.54,35,0.0,0.0,-0.114,43.4,43,HAYIR,HAYIR
2026-08-16 19:31:53.061,0.80,0.54,35,0.0,0.0,-0.114,43.4,43,HAYIR,HAYIR
2026-08-16 19:31:53.081,0.80,0.54,35,0.1,0.0,-0.115,43.8,44,HAYIR,HAYIR
2026-08-16 19:31:53.101,0.80,0.54,35,0.1,0.0,-0.115,43.8,44,HAYIR,HAYIR
2026-08-16 19:31:53.121,0.80,0.54,35,0.1,0.0,-0.116,44.3,44,HAYIR,HAYIR
2026-08-16 19:31:53.141,0.80,0.54,35,0.1,0.0,-0.116,44.3,44,HAYIR,HAYIR
2026-08-16 19:31:53.161,0.80,0.54,36,0.1,0.0,-0.116,44.3,44,HAYIR,HAYIR
2026-08-16 19:31:53.181,0.80,0.54,35,0.1,0.0,-0.117,44.4,44,HAYIR,HAYIR
2026-08-16 19:31:53.201,0.80,0.54,35,0.1,0.0,-0.117,44.4,44,HAYIR,HAYIR
2026-08-16 19:31:53.221,0.80,0.54,36,0.1,0.0,-0.118,44.9,45,HAYIR,HAYIR
2026-08-16 19:31:53.241,0.80,0.54,36,0.1,0.0,-0.118,44.9,45,HAYIR,HAYIR
2026-08-16 19:31:53.261,0.80,0.54,36,0.1,0.0,-0.118,44.9,45,HAYIR,HAYIR
2026-08-16 19:31:53.281,0.80,0.54,36,0.1,0.0,-0.119,45.2,45,HAYIR,HAYIR
2026-08-16 19:31:53.301,0.80,0.54,36,0.1,0.0,-0.119,45.2,45,HAYIR,HAYIR
2026-08-16 19:31:53.321,0.80,0.54,36,0.1,0.0,-0.120,45.7,46,HAYIR,HAYIR
2026-08-16 19:31:53.341,0.80,0.54,36,0.1,0.0,-0.120,45.7,46,HAYIR,HAYIR
2026-08-16 19:31:53.361,0.80,0.54,36,0.1,0.0,-0.120,45.7,46,HAYIR,HAYIR
2026-08-16 19:31:53.381,0.80,0.54,36,0.1,0.0,-0.121,45.9,46,HAYIR,HAYIR
2026-08-16 19:31:53.401,0.80,0.54,36,0.1,0.0,-0.121,45.9,46,HAYIR,HAYIR
2026-08-16 19:31:53.421,0.80,0.54,36,0.1,0.0,-0.122,46.4,46,HAYIR,HAYIR
2026-08-16 19:31:53.441,0.80,0.54,36,0.1,0.0,-0.122,46.4,46,HAYIR,HAYIR
2026-08-16 19:31:53.461,0.80,0.54,36,0.1,0.0,-0.122,46.4,46,HAYIR,HAYIR
2026-08-16 19:31:53.481,0.80,0.54,36,0.1,0.0,-0.123,46.5,47,HAYIR,HAYIR
2026-08-16 19:31:53.501,0.80,0.54,36,0.1,0.0,-0.123,46.5,47,HAYIR,HAYIR
2026-08-16 19:31:53.521,0.80,0.54,36,0.1,0.0,-0.124,46.9,47,HAYIR,HAYIR
2026-08-16 19:31:53.541,0.80,0.54,36,0.1,0.0,-0.124,46.9,47,HAYIR,HAYIR
2026-08-16 19:31:53.561,0.80,0.54,36,0.1,0.0,-0.124,46.9,47,HAYIR,HAYIR
2026-08-16 19:31:53.581,0.80,0.55,35,0.1,0.0,-0.124,47.1,47,HAYIR,HAYIR
2026-08-16 19:31:53.601,0.80,0.55,36,0.1,0.0,-0.124,47.1,47,HAYIR,HAYIR
2026-08-16 19:31:53.621,0.80,0.55,36,0.1,0.0,-0.125,47.6,48,HAYIR,HAYIR
2026-08-16 19:31:53.641,0.80,0.55,36,0.1,0.0,-0.125,47.6,48,HAYIR,HAYIR
2026-08-16 19:31:53.661,0.80,0.55,36,0.1,0.0,-0.125,47.6,48,HAYIR,HAYIR
2026-08-16 19:31:53.681,0.80,0.55,36,0.1,0.0,-0.126,47.8,48,HAYIR,HAYIR
2026-08-16 19:31:53.701,0.80,0.55,36,0.1,0.0,-0.126,47.8,48,HAYIR,HAYIR
2026-08-16 19:31:53.721,0.80,0.55,36,0.1,0.0,-0.127,48.3,48,HAYIR,HAYIR
2026-08-16 19:31:53.741,0.80,0.55,36,0.1,0.0,-0.127,48.3,48,HAYIR,HAYIR
2026-08-16 19:31:53.761,0.80,0.55,36,0.1,0.0,-0.127,48.3,48,HAYIR,HAYIR
2026-08-16 19:31:53.781,0.80,0.55,36,0.2,0.0,-0.128,48.5,49,HAYIR,HAYIR
2026-08-16 19:31:53.801,0.80,0.55,36,0.2,0.0,-0.128,48.5,49,HAYIR,HAYIR
2026-08-16 19:31:53.821,0.80,0.55,36,0.2,0.0,-0.129,48.8,49,HAYIR,HAYIR
2026-08-16 19:31:53.841,0.80,0.55,36,0.2,0.0,-0.129,48.8,49,HAYIR,HAYIR
2026-08-16 19:31:53.861,0.80,0.55,36,0.2,0.0,-0.129,48.8,49,HAYIR,HAYIR
2026-08-16 19:31:53.881,0.80,0.55,36,0.1,0.0,-0.127,48.0,48,HAYIR,HAYIR
2026-08-16 19:31:53.901,0.80,0.57,35,0.1,0.0,-0.127,48.0,48,HAYIR,HAYIR
2026-08-16 19:31:53.921,0.80,0.57,36,0.1,0.0,-0.128,48.4,48,HAYIR,HAYIR
2026-08-16 19:31:53.941,0.80,0.57,36,0.1,0.0,-0.128,48.4,48,HAYIR,HAYIR
2026-08-16 19:31:53.961,0.80,0.57,36,0.1,0.0,-0.128,48.4,48,HAYIR,HAYIR
2026-08-16 19:31:53.981,0.80,0.57,36,0.1,0.0,-0.128,48.5,48,HAYIR,HAYIR
2026-08-16 19:31:54.001,0.80,0.57,36,0.1,0.0,-0.128,48.5,48,HAYIR,HAYIR
2026-08-16 19:31:54.021,0.80,0.57,36,0.2,0.0,-0.128,48.7,49,HAYIR,HAYIR
2026-08-16 19:31:54.041,0.80,0.57,36,0.2,0.0,-0.128,48.7,49,HAYIR,HAYIR
2026-08-16 19:31:54.061,0.80,0.57,36,0.2,0.0,-0.128,48.7,49,HAYIR,HAYIR
2026-08-16 19:31:54.081,0.80,0.57,36,0.2,0.0,-0.129,48.8,49,HAYIR,HAYIR
2026-08-16 19:31:54.101,0.80,0.57,36,0.2,0.0,-0.129,48.8,49,HAYIR,HAYIR
2026-08-16 19:31:54.121,0.80,0.57,36,0.2,0.0,-0.129,49.0,49,HAYIR,HAYIR
2026-08-16 19:31:54.141,0.80,0.57,36,0.2,0.0,-0.129,49.0,49,HAYIR,HAYIR
2026-08-16 19:31:54.161,0.80,0.57,36,0.2,0.0,-0.129,49.0,49,HAYIR,HAYIR
2026-08-16 19:31:54.181,0.80,0.57,36,0.2,0.0,-0.130,49.2,49,HAYIR,HAYIR
2026-08-16 19:31:54.201,0.80,0.57,36,0.2,0.0,-0.130,49.2,49,HAYIR,HAYIR
2026-08-16 19:31:54.221,0.80,0.58,36,0.2,0.0,-0.131,49.5,49,HAYIR,HAYIR
2026-08-16 19:31:54.241,0.80,0.58,36,0.2,0.0,-0.131,49.5,49,HAYIR,HAYIR
2026-08-16 19:31:54.261,0.80,0.58,36,0.2,0.0,-0.131,49.5,49,HAYIR,HAYIR
2026-08-16 19:31:54.281,0.80,0.58,36,0.2,0.0,-0.131,49.6,50,HAYIR,HAYIR
2026-08-16 19:31:54.301,0.80,0.58,36,0.2,0.0,-0.131,49.6,50,HAYIR,HAYIR
2026-08-16 19:31:54.321,0.80,0.58,36,0.2,0.0,-0.132,49.8,50,HAYIR,HAYIR
2026-08-16 19:31:54.341,0.80,0.58,36,0.2,0.0,-0.132,49.8,50,HAYIR,HAYIR
2026-08-16 19:31:54.361,0.80,0.58,36,0.2,0.0,-0.132,49.8,50,HAYIR,HAYIR
2026-08-16 19:31:54.381,0.80,0.58,36,0.2,0.0,-0.131,49.8,50,HAYIR,HAYIR
2026-08-16 19:31:54.401,0.80,0.58,36,0.2,0.0,-0.131,49.8,50,HAYIR,HAYIR
2026-08-16 19:31:54.421,0.80,0.58,36,0.2,0.0,-0.133,50.2,50,HAYIR,HAYIR
2026-08-16 19:31:54.441,0.80,0.58,36,0.2,0.0,-0.133,50.2,50,HAYIR,HAYIR
2026-08-16 19:31:54.461,0.80,0.58,36,0.2,0.0,-0.133,50.2,50,HAYIR,HAYIR
2026-08-16 19:31:54.481,0.80,0.58,36,0.2,0.0,-0.133,50.4,50,HAYIR,HAYIR
2026-08-16 19:31:54.501,0.80,0.58,36,0.2,0.0,-0.133,50.4,50,HAYIR,HAYIR
2026-08-16 19:31:54.521,0.80,0.58,36,0.2,0.0,-0.133,50.5,50,HAYIR,HAYIR
2026-08-16 19:31:54.541,0.80,0.59,35,0.2,0.0,-0.133,50.5,50,HAYIR,HAYIR
2026-08-16 19:31:54.561,0.80,0.59,36,0.2,0.0,-0.133,50.5,50,HAYIR,HAYIR
2026-08-16 19:31:54.581,0.80,0.59,36,0.2,0.0,-0.134,50.6,51,HAYIR,HAYIR
2026-08-16 19:31:54.601,0.80,0.59,36,0.2,0.0,-0.134,50.6,51,HAYIR,HAYIR
2026-08-16 19:31:54.621,0.80,0.59,36,0.2,0.0,-0.134,50.7,51,HAYIR,HAYIR
2026-08-16 19:31:54.641,0.80,0.59,36,0.2,0.0,-0.134,50.7,51,HAYIR,HAYIR
2026-08-16 19:31:54.661,0.80,0.59,36,0.2,0.0,-0.134,50.7,51,HAYIR,HAYIR
2026-08-16 19:31:54.681,0.80,0.59,36,0.2,0.0,-0.134,50.7,51,HAYIR,HAYIR
2026-08-16 19:31:54.701,0.80,0.59,36,0.2,0.0,-0.134,50.7,51,HAYIR,HAYIR
2026-08-16 19:31:54.721,0.80,0.59,36,0.2,0.0,-0.134,50.8,51,HAYIR,HAYIR
2026-08-16 19:31:54.741,0.80,0.59,36,0.2,0.0,-0.134,50.8,51,HAYIR,HAYIR
2026-08-16 19:31:54.761,0.80,0.59,36,0.2,0.0,-0.134,50.8,51,HAYIR,HAYIR
2026-08-16 19:31:54.781,0.80,0.59,36,0.2,0.0,-0.135,50.9,51,HAYIR,HAYIR
2026-08-16 19:31:54.801,0.80,0.59,36,0.2,0.0,-0.135,50.9,51,HAYIR,HAYIR
2026-08-16 19:31:54.821,0.80,0.59,36,0.2,0.0,-0.135,51.1,51,HAYIR,HAYIR
2026-08-16 19:31:54.841,0.80,0.59,36,0.2,0.0,-0.135,51.1,51,HAYIR,HAYIR
2026-08-16 19:31:54.861,0.80,0.59,36,0.2,0.0,-0.135,51.1,51,HAYIR,HAYIR
2026-08-16 19:31:54.881,0.80,0.59,36,0.2,0.0,-0.135,51.1,51,HAYIR,HAYIR
2026-08-16 19:31:54.901,0.80,0.59,36,0.2,0.0,-0.135,51.1,51,HAYIR,HAYIR
2026-08-16 19:31:54.921,0.80,0.59,36,0.2,0.0,-0.143,53.8,52,HAYIR,HAYIR
2026-08-16 19:31:54.941,0.80,0.59,36,0.2,0.0,-0.143,53.8,54,HAYIR,HAYIR
2026-08-16 19:31:54.961,0.80,0.59,36,0.2,0.0,-0.143,53.8,54,HAYIR,HAYIR
2026-08-16 19:31:54.981,0.80,0.59,36,0.2,0.0,-0.143,53.8,54,HAYIR,HAYIR
2026-08-16 19:31:55.001,0.80,0.59,36,0.2,0.0,-0.143,53.8,54,HAYIR,HAYIR
2026-08-16 19:31:55.021,0.80,0.59,36,0.2,0.0,-0.142,53.6,54,HAYIR,HAYIR
2026-08-16 19:31:55.041,0.80,0.59,36,0.2,0.0,-0.142,53.6,54,HAYIR,HAYIR
2026-08-16 19:31:55.061,0.80,0.59,36,0.2,0.0,-0.142,53.6,54,HAYIR,HAYIR
2026-08-16 19:31:55.081,0.80,0.59,36,0.2,0.0,-0.142,53.5,53,HAYIR,HAYIR
2026-08-16 19:31:55.101,0.80,0.59,36,0.2,0.0,-0.142,53.5,53,HAYIR,HAYIR
2026-08-16 19:31:55.121,0.80,0.59,36,0.2,0.0,-0.142,53.5,53,HAYIR,HAYIR
2026-08-16 19:31:55.141,0.80,0.59,36,0.2,0.0,-0.142,53.5,53,HAYIR,HAYIR
2026-08-16 19:31:55.161,0.80,0.59,36,0.2,0.0,-0.142,53.5,53,HAYIR,HAYIR
2026-08-16 19:31:55.181,0.80,0.59,36,0.2,0.0,-0.141,53.4,53,HAYIR,HAYIR
2026-08-16 19:31:55.201,0.80,0.59,36,0.2,0.0,-0.141,53.4,53,HAYIR,HAYIR
2026-08-16 19:31:55.221,0.80,0.59,36,0.2,0.0,-0.141,53.3,53,HAYIR,HAYIR
2026-08-16 19:31:55.241,0.80,0.61,35,0.2,0.0,-0.141,53.3,53,HAYIR,HAYIR
2026-08-16 19:31:55.261,0.80,0.61,36,0.2,0.0,-0.141,53.3,53,HAYIR,HAYIR
2026-08-16 19:31:55.281,0.80,0.61,36,0.2,0.0,-0.141,53.4,53,HAYIR,HAYIR
2026-08-16 19:31:55.301,0.80,0.61,36,0.2,0.0,-0.141,53.4,53,HAYIR,HAYIR
2026-08-16 19:31:55.321,0.80,0.61,36,0.2,0.0,-0.141,53.1,53,HAYIR,HAYIR
2026-08-16 19:31:55.341,0.80,0.61,36,0.2,0.0,-0.141,53.1,53,HAYIR,HAYIR
2026-08-16 19:31:55.361,0.80,0.61,36,0.2,0.0,-0.141,53.1,53,HAYIR,HAYIR
2026-08-16 19:31:55.381,0.80,0.61,36,0.2,0.0,-0.140,53.0,53,HAYIR,HAYIR
2026-08-16 19:31:55.401,0.80,0.61,36,0.2,0.0,-0.140,53.0,53,HAYIR,HAYIR
2026-08-16 19:31:55.421,0.80,0.61,36,0.2,0.0,-0.140,52.9,53,HAYIR,HAYIR
2026-08-16 19:31:55.441,0.80,0.61,36,0.2,0.0,-0.140,52.9,53,HAYIR,HAYIR
2026-08-16 19:31:55.461,0.80,0.61,36,0.2,0.0,-0.140,52.9,53,HAYIR,HAYIR
2026-08-16 19:31:55.481,0.80,0.61,36,0.2,0.0,-0.140,52.8,53,HAYIR,HAYIR
2026-08-16 19:31:55.501,0.80,0.61,36,0.2,0.0,-0.140,52.8,53,HAYIR,HAYIR
2026-08-16 19:31:55.521,0.80,0.61,36,0.2,0.0,-0.140,52.8,53,HAYIR,HAYIR
2026-08-16 19:31:55.541,0.80,0.61,36,0.2,0.0,-0.140,52.8,53,HAYIR,HAYIR
2026-08-16 19:31:55.561,0.80,0.62,36,0.2,0.0,-0.140,52.8,53,HAYIR,HAYIR
2026-08-16 19:31:55.581,0.80,0.62,36,0.2,0.0,-0.140,52.7,53,HAYIR,HAYIR
2026-08-16 19:31:55.601,0.80,0.62,36,0.2,0.0,-0.140,52.7,53,HAYIR,HAYIR
2026-08-16 19:31:55.621,0.80,0.62,36,0.2,0.0,-0.138,52.2,52,HAYIR,HAYIR
2026-08-16 19:31:55.641,0.80,0.62,36,0.2,0.0,-0.138,52.2,52,HAYIR,HAYIR
2026-08-16 19:31:55.661,0.80,0.62,36,0.2,0.0,-0.138,52.2,52,HAYIR,HAYIR
2026-08-16 19:31:55.681,0.80,0.62,36,0.2,0.0,-0.138,52.0,52,HAYIR,HAYIR
2026-08-16 19:31:55.701,0.80,0.62,36,0.2,0.0,-0.138,52.0,52,HAYIR,HAYIR
2026-08-16 19:31:55.721,0.80,0.62,36,0.2,0.0,-0.137,51.7,52,HAYIR,HAYIR
2026-08-16 19:31:55.741,0.80,0.62,36,0.2,0.0,-0.137,51.7,52,HAYIR,HAYIR
2026-08-16 19:31:55.761,0.80,0.62,36,0.2,0.0,-0.137,51.7,52,HAYIR,HAYIR
2026-08-16 19:31:55.781,0.80,0.62,36,0.2,0.0,-0.136,51.5,52,HAYIR,HAYIR
2026-08-16 19:31:55.801,0.80,0.62,36,0.2,0.0,-0.136,51.5,52,HAYIR,HAYIR
2026-08-16 19:31:55.821,0.80,0.62,36,0.2,0.0,-0.136,51.3,51,HAYIR,HAYIR
2026-08-16 19:31:55.841,0.80,0.62,36,0.2,0.0,-0.136,51.3,51,HAYIR,HAYIR
2026-08-16 19:31:55.861,0.80,0.62,36,0.2,0.0,-0.136,51.3,51,HAYIR,HAYIR
2026-08-16 19:31:55.881,0.80,0.65,35,0.2,0.0,-0.135,51.0,51,HAYIR,HAYIR
2026-08-16 19:31:55.901,0.80,0.65,36,0.2,0.0,-0.135,51.0,51,HAYIR,HAYIR
2026-08-16 19:31:55.921,0.80,0.65,36,0.2,0.0,-0.133,50.2,50,HAYIR,HAYIR
2026-08-16 19:31:55.941,0.80,0.65,36,0.2,0.0,-0.133,50.2,50,HAYIR,HAYIR
2026-08-16 19:31:55.961,0.80,0.65,36,0.2,0.0,-0.133,50.2,50,HAYIR,HAYIR
2026-08-16 19:31:55.981,0.80,0.65,36,0.2,0.0,-0.132,50.1,50,HAYIR,HAYIR
2026-08-16 19:31:56.001,0.80,0.65,36,0.2,0.0,-0.132,50.1,50,HAYIR,HAYIR
2026-08-16 19:31:56.021,0.80,0.65,36,0.2,0.0,-0.132,50.0,50,HAYIR,HAYIR
2026-08-16 19:31:56.041,0.80,0.65,36,0.2,0.0,-0.132,50.0,50,HAYIR,HAYIR
2026-08-16 19:31:56.061,0.80,0.65,36,0.2,0.0,-0.132,50.0,50,HAYIR,HAYIR
2026-08-16 19:31:56.081,0.80,0.65,36,0.2,0.0,-0.131,49.7,50,HAYIR,HAYIR
2026-08-16 19:31:56.101,0.80,0.65,36,0.2,0.0,-0.131,49.7,50,HAYIR,HAYIR
2026-08-16 19:31:56.121,0.80,0.65,36,0.2,0.0,-0.131,49.5,49,HAYIR,HAYIR
2026-08-16 19:31:56.141,0.80,0.65,36,0.2,0.0,-0.131,49.5,49,HAYIR,HAYIR
2026-08-16 19:31:56.161,0.80,0.65,36,0.2,0.0,-0.131,49.5,49,HAYIR,HAYIR
2026-08-16 19:31:56.181,0.80,0.65,36,0.2,0.0,-0.130,49.2,49,HAYIR,HAYIR
2026-08-16 19:31:56.201,0.80,0.68,35,0.2,0.0,-0.130,49.2,49,HAYIR,HAYIR
2026-08-16 19:31:56.221,0.80,0.68,36,0.2,0.0,-0.130,49.1,49,HAYIR,HAYIR
2026-08-16 19:31:56.241,0.80,0.68,36,0.2,0.0,-0.130,49.1,49,HAYIR,HAYIR
2026-08-16 19:31:56.261,0.80,0.68,36,0.2,0.0,-0.130,49.1,49,HAYIR,HAYIR
2026-08-16 19:31:56.281,0.80,0.68,36,0.1,0.0,-0.127,48.2,48,HAYIR,HAYIR
2026-08-16 19:31:56.301,0.80,0.68,36,0.1,0.0,-0.127,48.2,48,HAYIR,HAYIR
2026-08-16 19:31:56.321,0.80,0.68,36,0.1,0.0,-0.126,47.7,48,HAYIR,HAYIR
2026-08-16 19:31:56.341,0.80,0.68,36,0.1,0.0,-0.126,47.7,48,HAYIR,HAYIR
2026-08-16 19:31:56.361,0.80,0.68,36,0.1,0.0,-0.126,47.7,48,HAYIR,HAYIR
2026-08-16 19:31:56.381,0.80,0.68,36,0.1,0.0,-0.125,47.5,47,HAYIR,HAYIR
2026-08-16 19:31:56.401,0.80,0.68,36,0.1,0.0,-0.125,47.5,47,HAYIR,HAYIR
2026-08-16 19:31:56.421,0.80,0.68,36,0.1,0.0,-0.124,47.2,47,HAYIR,HAYIR
2026-08-16 19:31:56.441,0.80,0.68,36,0.1,0.0,-0.124,47.2,47,HAYIR,HAYIR
2026-08-16 19:31:56.461,0.80,0.68,36,0.1,0.0,-0.124,47.2,47,HAYIR,HAYIR
2026-08-16 19:31:56.481,0.80,0.68,36,0.1,0.0,-0.124,47.0,47,HAYIR,HAYIR
2026-08-16 19:31:56.501,0.80,0.68,36,0.1,0.0,-0.124,47.0,47,HAYIR,HAYIR
2026-08-16 19:31:56.521,0.80,0.73,34,0.1,0.0,-0.123,46.8,47,HAYIR,HAYIR
2026-08-16 19:31:56.541,0.80,0.73,36,0.1,0.0,-0.123,46.8,47,HAYIR,HAYIR
2026-08-16 19:31:56.561,0.80,0.73,36,0.1,0.0,-0.123,46.8,47,HAYIR,HAYIR
2026-08-16 19:31:56.581,0.80,0.73,36,0.1,0.0,-0.123,46.6,47,HAYIR,HAYIR
2026-08-16 19:31:56.601,0.80,0.73,36,0.1,0.0,-0.123,46.6,47,HAYIR,HAYIR
2026-08-16 19:31:56.621,0.80,0.73,36,0.1,0.0,-0.119,45.1,45,HAYIR,HAYIR
2026-08-16 19:31:56.641,0.80,0.73,36,0.1,0.0,-0.119,45.1,45,HAYIR,HAYIR
2026-08-16 19:31:56.661,0.80,0.73,36,0.1,0.0,-0.119,45.1,45,HAYIR,HAYIR
2026-08-16 19:31:56.681,0.80,0.73,36,0.1,0.0,-0.118,44.9,45,HAYIR,HAYIR
2026-08-16 19:31:56.701,0.80,0.73,36,0.1,0.0,-0.118,44.9,45,HAYIR,HAYIR
2026-08-16 19:31:56.721,0.80,0.73,36,0.1,0.0,-0.117,44.6,45,HAYIR,HAYIR
2026-08-16 19:31:56.741,0.80,0.73,36,0.1,0.0,-0.117,44.6,45,HAYIR,HAYIR
2026-08-16 19:31:56.761,0.80,0.73,36,0.1,0.0,-0.117,44.6,45,HAYIR,HAYIR
2026-08-16 19:31:56.781,0.80,0.73,36,0.1,0.0,-0.116,44.3,44,HAYIR,HAYIR
2026-08-16 19:31:56.801,0.80,0.73,36,0.1,0.0,-0.116,44.3,44,HAYIR,HAYIR
2026-08-16 19:31:56.821,0.80,0.73,36,0.1,0.0,-0.116,44.0,44,HAYIR,HAYIR
2026-08-16 19:31:56.841,0.80,0.73,36,0.1,0.0,-0.116,44.0,44,HAYIR,HAYIR
2026-08-16 19:31:56.861,0.80,0.73,36,0.1,0.0,-0.116,44.0,44,HAYIR,HAYIR
2026-08-16 19:31:56.881,0.80,0.73,36,0.1,0.0,-0.115,43.8,44,HAYIR,HAYIR
2026-08-16 19:31:56.901,0.80,0.75,35,0.1,0.0,-0.115,43.8,44,HAYIR,HAYIR
2026-08-16 19:31:56.921,0.80,0.75,36,0.1,0.0,-0.149,56.2,45,HAYIR,HAYIR
2026-08-16 19:31:56.941,0.80,0.75,36,0.1,0.0,-0.149,56.2,46,HAYIR,HAYIR
2026-08-16 19:31:56.961,0.80,0.75,36,0.1,0.0,-0.149,56.2,47,HAYIR,HAYIR
2026-08-16 19:31:56.981,0.80,0.75,36,0.2,0.0,-0.144,54.4,49,HAYIR,HAYIR
2026-08-16 19:31:57.001,0.80,0.75,36,0.2,0.0,-0.144,54.4,50,HAYIR,HAYIR
2026-08-16 19:31:57.021,0.80,0.75,36,0.2,0.0,-0.143,54.0,51,HAYIR,HAYIR
2026-08-16 19:31:57.041,0.80,0.75,36,0.2,0.0,-0.143,54.0,52,HAYIR,HAYIR
2026-08-16 19:31:57.061,0.80,0.75,36,0.2,0.0,-0.143,54.0,53,HAYIR,HAYIR
2026-08-16 19:31:57.081,0.80,0.75,36,0.2,0.0,-0.142,53.7,54,HAYIR,HAYIR
2026-08-16 19:31:57.101,0.80,0.75,36,0.2,0.0,-0.142,53.7,54,HAYIR,HAYIR
2026-08-16 19:31:57.121,0.80,0.75,36,0.2,0.0,-0.142,53.4,53,HAYIR,HAYIR
2026-08-16 19:31:57.141,0.80,0.75,36,0.2,0.0,-0.142,53.4,53,HAYIR,HAYIR
2026-08-16 19:31:57.161,0.80,0.75,36,0.2,0.0,-0.142,53.4,53,HAYIR,HAYIR
2026-08-16 19:31:57.181,0.80,0.75,36,0.2,0.0,-0.141,53.2,53,HAYIR,HAYIR
2026-08-16 19:31:57.201,0.80,0.75,36,0.2,0.0,-0.141,53.2,53,HAYIR,HAYIR
2026-08-16 19:31:57.221,0.80,0.78,35,0.2,0.0,-0.140,52.9,53,HAYIR,HAYIR
2026-08-16 19:31:57.241,0.80,0.78,36,0.2,0.0,-0.140,52.9,53,HAYIR,HAYIR
2026-08-16 19:31:57.261,0.80,0.78,36,0.2,0.0,-0.140,52.9,53,HAYIR,HAYIR
2026-08-16 19:31:57.281,0.80,0.78,36,0.2,0.0,-0.140,52.7,53,HAYIR,HAYIR
2026-08-16 19:31:57.301,0.80,0.78,36,0.2,0.0,-0.140,52.7,53,HAYIR,HAYIR
2026-08-16 19:31:57.321,0.80,0.78,36,0.2,0.0,-0.135,51.0,52,HAYIR,HAYIR
2026-08-16 19:31:57.341,0.80,0.78,36,0.2,0.0,-0.135,51.0,51,HAYIR,HAYIR
2026-08-16 19:31:57.361,0.80,0.78,36,0.2,0.0,-0.135,51.0,51,HAYIR,HAYIR
2026-08-16 19:31:57.381,0.80,0.78,36,0.2,0.0,-0.134,50.8,51,HAYIR,HAYIR
2026-08-16 19:31:57.401,0.80,0.78,36,0.2,0.0,-0.134,50.8,51,HAYIR,HAYIR
2026-08-16 19:31:57.421,0.80,0.78,36,0.2,0.0,-0.133,50.3,50,HAYIR,HAYIR
2026-08-16 19:31:57.441,0.80,0.78,36,0.2,0.0,-0.133,50.3,50,HAYIR,HAYIR
2026-08-16 19:31:57.461,0.80,0.78,36,0.2,0.0,-0.133,50.3,50,HAYIR,HAYIR
2026-08-16 19:31:57.481,0.80,0.78,36,0.2,0.0,-0.132,49.9,50,HAYIR,HAYIR
2026-08-16 19:31:57.501,0.80,0.78,36,0.2,0.0,-0.132,49.9,50,HAYIR,HAYIR
2026-08-16 19:31:57.521,0.80,0.78,36,0.2,0.0,-0.130,49.2,49,HAYIR,HAYIR
2026-08-16 19:31:57.541,0.80,0.82,28,0.2,0.0,-0.130,49.2,49,HAYIR,HAYIR
2026-08-16 19:31:57.561,0.80,0.82,28,0.2,0.0,-0.130,49.2,49,HAYIR,HAYIR
2026-08-16 19:31:57.581,0.80,0.82,28,0.2,0.0,-0.129,48.9,49,HAYIR,HAYIR
2026-08-16 19:31:57.601,0.80,0.82,28,0.2,0.0,-0.129,48.9,49,HAYIR,HAYIR
2026-08-16 19:31:57.621,0.80,0.82,28,0.1,0.0,-0.126,47.8,48,HAYIR,HAYIR
2026-08-16 19:31:57.641,0.80,0.82,28,0.1,0.0,-0.126,47.8,48,HAYIR,HAYIR
2026-08-16 19:31:57.661,0.80,0.82,28,0.1,0.0,-0.126,47.8,48,HAYIR,HAYIR
2026-08-16 19:31:57.681,0.80,0.82,28,0.1,0.0,-0.125,47.4,47,HAYIR,HAYIR
2026-08-16 19:31:57.702,0.80,0.82,28,0.1,0.0,-0.125,47.4,47,HAYIR,HAYIR
2026-08-16 19:31:57.721,0.80,0.82,28,0.1,0.0,-0.123,46.7,47,HAYIR,HAYIR
2026-08-16 19:31:57.741,0.80,0.82,28,0.1,0.0,-0.123,46.7,47,HAYIR,HAYIR
2026-08-16 19:31:57.761,0.80,0.82,28,0.1,0.0,-0.123,46.7,47,HAYIR,HAYIR
2026-08-16 19:31:57.781,0.80,0.82,28,0.1,0.0,-0.122,46.3,46,HAYIR,HAYIR
2026-08-16 19:31:57.801,0.80,0.82,28,0.1,0.0,-0.122,46.3,46,HAYIR,HAYIR
2026-08-16 19:31:57.821,0.80,0.82,28,0.1,0.0,-0.120,45.7,46,HAYIR,HAYIR
2026-08-16 19:31:57.841,0.80,0.82,28,0.1,0.0,-0.120,45.7,46,HAYIR,HAYIR
2026-08-16 19:31:57.861,0.80,0.82,28,0.1,0.0,-0.120,45.7,46,HAYIR,HAYIR
2026-08-16 19:31:57.881,0.80,0.85,28,0.1,0.0,-0.119,45.4,45,HAYIR,HAYIR
2026-08-16 19:31:57.901,0.80,0.85,28,0.1,0.0,-0.119,45.4,45,HAYIR,HAYIR
2026-08-16 19:31:57.921,0.80,0.85,28,0.1,0.0,-0.115,43.9,44,HAYIR,HAYIR
2026-08-16 19:31:57.941,0.80,0.85,28,0.1,0.0,-0.115,43.9,44,HAYIR,HAYIR
2026-08-16 19:31:57.961,0.80,0.85,28,0.1,0.0,-0.115,43.9,44,HAYIR,HAYIR
2026-08-16 19:31:57.981,0.80,0.85,28,0.1,0.0,-0.125,47.4,45,HAYIR,HAYIR
2026-08-16 19:31:58.001,0.80,0.85,28,0.1,0.0,-0.125,47.4,46,HAYIR,HAYIR
2026-08-16 19:31:58.021,0.80,0.85,28,0.1,0.0,-0.124,47.0,47,HAYIR,HAYIR
2026-08-16 19:31:58.041,0.80,0.85,28,0.1,0.0,-0.124,47.0,47,HAYIR,HAYIR
2026-08-16 19:31:58.061,0.80,0.85,28,0.1,0.0,-0.124,47.0,47,HAYIR,HAYIR
2026-08-16 19:31:58.081,0.80,0.85,28,0.1,0.0,-0.123,46.7,47,HAYIR,HAYIR
2026-08-16 19:31:58.101,0.80,0.85,28,0.1,0.0,-0.123,46.7,47,HAYIR,HAYIR
2026-08-16 19:31:58.121,0.80,0.85,28,0.1,0.0,-0.122,46.4,46,HAYIR,HAYIR
2026-08-16 19:31:58.141,0.80,0.85,28,0.1,0.0,-0.122,46.4,46,HAYIR,HAYIR
2026-08-16 19:31:58.161,0.80,0.85,28,0.1,0.0,-0.122,46.4,46,HAYIR,HAYIR
2026-08-16 19:31:58.181,0.80,0.85,28,0.1,0.0,-0.122,46.2,46,HAYIR,HAYIR
2026-08-16 19:31:58.201,0.80,0.90,28,0.1,0.0,-0.122,46.2,46,HAYIR,HAYIR
2026-08-16 19:31:58.221,0.80,0.90,28,0.1,0.0,-0.120,45.6,46,HAYIR,HAYIR
2026-08-16 19:31:58.241,0.80,0.90,28,0.1,0.0,-0.120,45.6,46,HAYIR,HAYIR
2026-08-16 19:31:58.261,0.80,0.90,28,0.1,0.0,-0.120,45.6,46,HAYIR,HAYIR
2026-08-16 19:31:58.281,0.80,0.90,28,0.1,0.0,-0.117,44.7,45,HAYIR,HAYIR
2026-08-16 19:31:58.301,0.80,0.90,28,0.1,0.0,-0.117,44.7,45,HAYIR,HAYIR
2026-08-16 19:31:58.321,0.80,0.90,28,0.1,0.0,-0.116,44.2,44,HAYIR,HAYIR
2026-08-16 19:31:58.341,0.80,0.90,28,0.1,0.0,-0.116,44.2,44,HAYIR,HAYIR
2026-08-16 19:31:58.361,0.80,0.90,28,0.1,0.0,-0.116,44.2,44,HAYIR,HAYIR
2026-08-16 19:31:58.381,0.80,0.90,28,0.1,0.0,-0.116,44.0,44,HAYIR,HAYIR
2026-08-16 19:31:58.401,0.80,0.90,28,0.1,0.0,-0.116,44.0,44,HAYIR,HAYIR
2026-08-16 19:31:58.421,0.80,0.90,28,0.1,0.0,-0.115,43.6,44,HAYIR,HAYIR
2026-08-16 19:31:58.441,0.80,0.90,28,0.1,0.0,-0.115,43.6,44,HAYIR,HAYIR
2026-08-16 19:31:58.461,0.80,0.90,28,0.1,0.0,-0.115,43.6,44,HAYIR,HAYIR
2026-08-16 19:31:58.481,0.80,0.90,28,0.0,0.0,-0.114,43.4,43,HAYIR,HAYIR
2026-08-16 19:31:58.501,0.80,0.90,28,0.0,0.0,-0.114,43.4,43,HAYIR,HAYIR
2026-08-16 19:31:58.521,0.80,0.90,28,0.0,0.0,-0.113,42.9,43,HAYIR,HAYIR
2026-08-16 19:31:58.541,0.80,0.90,28,0.0,0.0,-0.113,42.9,43,HAYIR,HAYIR
2026-08-16 19:31:58.561,0.80,0.90,28,0.0,0.0,-0.113,42.9,43,HAYIR,HAYIR
2026-08-16 19:31:58.581,0.80,0.94,28,0.0,0.0,-0.112,42.6,43,HAYIR,HAYIR
2026-08-16 19:31:58.601,0.80,0.94,28,0.0,0.0,-0.112,42.6,43,HAYIR,HAYIR
2026-08-16 19:31:58.621,0.80,0.94,28,0.0,0.0,-0.109,41.6,42,HAYIR,HAYIR
2026-08-16 19:31:58.641,0.80,0.94,28,0.0,0.0,-0.109,41.6,42,HAYIR,HAYIR
2026-08-16 19:31:58.661,0.80,0.94,28,0.0,0.0,-0.109,41.6,42,HAYIR,HAYIR
2026-08-16 19:31:58.681,0.80,0.94,28,0.0,0.0,-0.108,41.2,41,HAYIR,HAYIR
2026-08-16 19:31:58.701,0.80,0.94,28,0.0,0.0,-0.108,41.2,41,HAYIR,HAYIR
2026-08-16 19:31:58.721,0.80,0.94,28,0.0,0.0,-0.107,40.8,41,HAYIR,HAYIR
2026-08-16 19:31:58.741,0.80,0.94,28,0.0,0.0,-0.107,40.8,41,HAYIR,HAYIR
2026-08-16 19:31:58.761,0.80,0.94,28,0.0,0.0,-0.107,40.8,41,HAYIR,HAYIR
2026-08-16 19:31:58.781,0.80,0.94,28,0.0,0.0,-0.106,40.6,41,HAYIR,HAYIR
2026-08-16 19:31:58.801,0.80,0.94,28,0.0,0.0,-0.106,40.6,41,HAYIR,HAYIR
2026-08-16 19:31:58.821,0.80,0.94,28,0.0,0.0,-0.105,40.1,40,HAYIR,HAYIR
2026-08-16 19:31:58.841,0.80,0.94,28,0.0,0.0,-0.105,40.1,40,HAYIR,HAYIR
2026-08-16 19:31:58.861,0.80,0.94,28,0.0,0.0,-0.105,40.1,40,HAYIR,HAYIR
2026-08-16 19:31:58.881,0.80,0.94,28,0.0,0.0,-0.105,39.9,40,HAYIR,HAYIR
2026-08-16 19:31:58.901,0.80,0.91,28,0.0,0.0,-0.105,39.9,40,HAYIR,HAYIR
2026-08-16 19:31:58.921,0.80,0.91,28,0.0,0.0,-0.103,39.4,39,HAYIR,HAYIR
2026-08-16 19:31:58.941,0.80,0.91,28,0.0,0.0,-0.103,39.4,39,HAYIR,HAYIR
2026-08-16 19:31:58.961,0.80,0.91,28,0.0,0.0,-0.103,39.4,39,HAYIR,HAYIR
2026-08-16 19:31:58.981,0.80,0.91,28,0.0,0.0,-0.102,39.0,39,HAYIR,HAYIR
2026-08-16 19:31:59.001,0.80,0.91,28,0.0,0.0,-0.102,39.0,39,HAYIR,HAYIR
2026-08-16 19:31:59.021,0.80,0.91,28,0.0,0.0,-0.052,20.1,38,HAYIR,HAYIR
2026-08-16 19:31:59.041,0.80,0.91,28,0.0,0.0,-0.052,20.1,37,HAYIR,HAYIR
2026-08-16 19:31:59.061,0.80,0.91,28,0.0,0.0,-0.052,20.1,35,HAYIR,HAYIR
2026-08-16 19:31:59.081,0.80,0.91,28,0.0,0.0,0.000,-0.0,34,HAYIR,HAYIR
2026-08-16 19:31:59.101,0.80,0.91,28,0.0,0.0,0.000,-0.0,33,HAYIR,HAYIR
2026-08-16 19:31:59.121,0.80,0.91,28,0.0,0.0,0.000,-0.0,32,HAYIR,HAYIR
2026-08-16 19:31:59.141,0.80,0.91,28,0.0,0.0,0.000,-0.0,31,HAYIR,HAYIR
2026-08-16 19:31:59.161,0.80,0.91,28,0.0,0.0,0.000,-0.0,29,HAYIR,HAYIR
2026-08-16 19:31:59.181,0.80,0.91,28,0.0,0.0,0.000,-0.0,28,HAYIR,HAYIR
2026-08-16 19:31:59.201,0.80,0.91,28,0.0,0.0,0.000,-0.0,27,HAYIR,HAYIR
2026-08-16 19:31:59.221,0.80,0.86,28,0.0,0.0,0.000,-0.0,26,HAYIR,HAYIR
2026-08-16 19:31:59.241,0.80,0.86,28,0.0,0.0,0.000,-0.0,25,HAYIR,HAYIR
2026-08-16 19:31:59.261,0.80,0.86,28,0.0,0.0,0.000,-0.0,23,HAYIR,HAYIR
2026-08-16 19:31:59.281,0.80,0.86,28,0.0,0.0,0.000,-0.0,22,HAYIR,HAYIR
2026-08-16 19:31:59.301,0.80,0.86,28,0.0,0.0,0.000,-0.0,21,HAYIR,HAYIR
2026-08-16 19:31:59.321,0.80,0.86,28,0.0,0.0,0.000,-0.0,20,HAYIR,HAYIR
2026-08-16 19:31:59.341,0.80,0.86,28,0.0,0.0,0.000,-0.0,19,HAYIR,HAYIR
2026-08-16 19:31:59.361,0.80,0.86,28,0.0,0.0,0.000,-0.0,17,HAYIR,HAYIR
2026-08-16 19:31:59.381,0.80,0.86,28,0.0,0.0,0.000,-0.0,16,HAYIR,HAYIR
2026-08-16 19:31:59.401,0.80,0.86,28,0.0,0.0,0.000,-0.0,15,HAYIR,HAYIR
2026-08-16 19:31:59.421,0.80,0.86,28,0.0,0.0,0.000,-0.0,14,HAYIR,HAYIR
2026-08-16 19:31:59.441,0.80,0.86,28,0.0,0.0,0.000,-0.0,13,HAYIR,HAYIR
2026-08-16 19:31:59.461,0.80,0.86,28,0.0,0.0,0.000,-0.0,11,HAYIR,HAYIR
2026-08-16 19:31:59.481,0.80,0.86,28,0.0,0.0,0.000,-0.0,10,HAYIR,HAYIR
2026-08-16 19:31:59.501,0.80,0.86,28,0.0,0.0,0.000,-0.0,9,HAYIR,HAYIR
2026-08-16 19:31:59.521,0.80,0.86,28,0.0,0.0,0.000,-0.0,8,HAYIR,HAYIR
2026-08-16 19:31:59.541,0.80,0.80,37,0.0,0.0,0.000,-0.0,7,HAYIR,HAYIR
2026-08-16 19:31:59.561,0.80,0.80,35,0.0,0.0,0.000,-0.0,5,HAYIR,HAYIR
2026-08-16 19:31:59.581,0.80,0.80,35,0.0,0.0,0.000,-0.0,4,HAYIR,HAYIR
2026-08-16 19:31:59.601,0.80,0.80,35,0.0,0.0,0.000,-0.0,3,HAYIR,HAYIR
2026-08-16 19:31:59.621,0.80,0.80,35,0.0,0.0,0.000,-0.0,2,HAYIR,HAYIR
2026-08-16 19:31:59.641,0.80,0.80,35,0.0,0.0,0.000,-0.0,1,HAYIR,HAYIR
2026-08-16 19:31:59.661,0.80,0.80,35,0.0,0.0,0.000,-0.0,0,HAYIR,HAYIR
2026-08-16 19:31:59.681,0.80,0.80,35,0.0,0.0,0.000,-0.0,0,HAYIR,HAYIR
2026-08-16 19:31:59.701,0.80,0.80,35,0.0,0.0,0.000,-0.0,0,HAYIR,HAYIR
2026-08-16 19:31:59.721,0.80,0.80,35,0.0,0.0,0.000,-0.0,0,HAYIR,HAYIR
2026-08-16 19:31:59.741,0.80,0.80,35,0.0,0.0,0.000,-0.0,0,HAYIR,HAYIR
2026-08-16 19:31:59.761,0.80,0.80,35,0.0,0.0,0.000,-0.0,0,HAYIR,HAYIR
2026-08-16 19:31:59.781,0.80,0.80,35,0.0,0.0,0.000,-0.0,0,HAYIR,HAYIR
2026-08-16 19:31:59.801,0.80,0.80,35,0.0,0.0,0.000,-0.0,0,HAYIR,HAYIR
2026-08-16 19:31:59.821,0.80,0.80,35,0.0,0.0,0.000,-0.0,0,HAYIR,HAYIR
2026-08-16 19:31:59.841,0.80,0.80,35,0.0,0.0,0.000,-0.0,0,HAYIR,HAYIR
2026-08-16 19:31:59.861,0.80,0.74,37,0.0,0.0,0.000,-0.0,0,HAYIR,HAYIR
2026-08-16 19:31:59.881,0.80,0.74,35,0.0,0.0,0.000,-0.0,0,HAYIR,HAYIR
2026-08-16 19:31:59.901,0.80,0.74,35,0.0,0.0,0.000,-0.0,0,HAYIR,HAYIR
2026-08-16 19:31:59.921,0.80,0.74,35,0.0,0.0,0.000,-0.0,0,HAYIR,HAYIR
2026-08-16 19:31:59.941,0.80,0.74,35,0.0,0.0,0.000,-0.0,0,HAYIR,HAYIR
2026-08-16 19:31:59.961,0.80,0.74,35,0.0,0.0,0.000,-0.0,0,HAYIR,HAYIR
2026-08-16 19:31:59.981,0.80,0.74,36,0.0,0.0,0.000,-0.0,0,HAYIR,HAYIR
2026-08-16 19:32:00.001,0.80,0.74,36,0.0,0.0,0.000,-0.0,0,HAYIR,HAYIR
2026-08-16 19:32:00.021,0.80,0.74,36,0.0,0.0,0.000,-0.0,0,HAYIR,HAYIR
2026-08-16 19:32:00.041,0.80,0.74,36,0.0,0.0,0.000,-0.0,0,HAYIR,HAYIR
2026-08-16 19:32:00.061,0.80,0.74,36,0.0,0.0,0.000,-0.0,0,HAYIR,HAYIR
2026-08-16 19:32:00.081,0.80,0.74,36,0.0,0.0,0.000,-0.0,0,HAYIR,HAYIR
2026-08-16 19:32:00.101,0.80,0.74,36,0.0,0.0,0.000,-0.0,0,HAYIR,HAYIR
2026-08-16 19:32:00.121,0.80,0.74,36,0.0,0.0,0.000,-0.0,0,HAYIR,HAYIR
2026-08-16 19:32:00.141,0.80,0.74,36,0.0,0.0,0.000,-0.0,0,HAYIR,HAYIR
2026-08-16 19:32:00.161,0.80,0.74,36,0.0,0.0,0.000,-0.0,0,HAYIR,HAYIR
2026-08-16 19:32:00.181,0.80,0.74,36,0.0,0.0,0.000,-0.0,0,HAYIR,HAYIR
2026-08-16 19:32:00.201,0.80,0.74,36,0.0,0.0,0.000,-0.0,0,HAYIR,HAYIR
2026-08-16 19:32:00.221,0.80,0.74,36,0.0,0.0,0.000,-0.0,0,HAYIR,HAYIR
2026-08-16 19:32:00.241,0.80,0.67,37,0.0,0.0,0.000,-0.0,0,HAYIR,HAYIR
2026-08-16 19:32:00.261,0.80,0.67,36,0.0,0.0,0.000,-0.0,0,HAYIR,HAYIR
2026-08-16 19:32:00.281,0.80,0.67,36,0.0,0.0,0.000,-0.0,0,HAYIR,HAYIR
2026-08-16 19:32:00.301,0.80,0.67,36,0.0,0.0,0.000,-0.0,0,HAYIR,HAYIR
2026-08-16 19:32:00.321,0.80,0.67,36,0.0,0.0,0.000,-0.0,0,HAYIR,HAYIR
2026-08-16 19:32:00.341,0.80,0.67,36,0.0,0.0,0.000,-0.0,0,HAYIR,HAYIR
2026-08-16 19:32:00.361,0.80,0.67,36,0.0,0.0,0.000,-0.0,0,HAYIR,HAYIR
2026-08-16 19:32:00.381,0.80,0.67,36,0.0,0.0,0.000,-0.0,0,HAYIR,HAYIR
2026-08-16 19:32:00.401,0.80,0.67,36,0.0,0.0,0.000,-0.0,0,HAYIR,HAYIR
2026-08-16 19:32:00.421,0.80,0.67,36,0.0,0.0,0.000,-0.0,0,HAYIR,HAYIR
2026-08-16 19:32:00.441,0.80,0.67,36,0.0,0.0,0.000,-0.0,0,HAYIR,HAYIR
2026-08-16 19:32:00.461,0.80,0.67,36,0.0,0.0,0.000,-0.0,0,HAYIR,HAYIR
2026-08-16 19:32:00.481,0.80,0.67,36,0.0,0.0,0.000,-0.0,0,HAYIR,HAYIR
2026-08-16 19:32:00.501,0.80,0.67,36,0.0,0.0,0.000,-0.0,0,HAYIR,HAYIR
2026-08-16 19:32:00.521,0.80,0.67,36,0.0,0.0,0.000,-0.0,0,HAYIR,HAYIR
2026-08-16 19:32:00.541,0.80,0.67,36,0.0,0.0,0.000,-0.0,0,HAYIR,HAYIR
2026-08-16 19:32:00.561,0.80,0.65,37,0.0,0.0,0.000,-0.0,0,HAYIR,HAYIR
2026-08-16 19:32:00.581,0.80,0.65,36,0.0,0.0,0.000,-0.0,0,HAYIR,HAYIR
2026-08-16 19:32:00.601,0.80,0.65,36,0.0,0.0,0.000,-0.0,0,HAYIR,HAYIR
2026-08-16 19:32:00.621,0.80,0.65,36,0.0,0.0,0.000,-0.0,0,HAYIR,HAYIR
2026-08-16 19:32:00.641,0.80,0.65,36,0.0,0.0,0.000,-0.0,0,HAYIR,HAYIR
2026-08-16 19:32:00.661,0.80,0.65,36,0.0,0.0,0.000,-0.0,0,HAYIR,HAYIR
2026-08-16 19:32:00.681,0.80,0.65,36,0.0,0.0,0.000,-0.0,0,HAYIR,HAYIR
2026-08-16 19:32:00.701,0.80,0.65,36,0.0,0.0,0.000,-0.0,0,HAYIR,HAYIR
2026-08-16 19:32:00.721,0.80,0.65,36,0.0,0.0,0.000,-0.0,0,HAYIR,HAYIR
2026-08-16 19:32:00.741,0.80,0.65,36,0.0,0.0,0.000,-0.0,0,HAYIR,HAYIR
2026-08-16 19:32:00.761,0.80,0.65,36,0.0,0.0,0.000,-0.0,0,HAYIR,HAYIR
2026-08-16 19:32:00.781,0.80,0.65,36,0.0,0.0,0.000,-0.0,0,HAYIR,HAYIR
2026-08-16 19:32:00.801,0.80,0.65,36,0.0,0.0,0.000,-0.0,0,HAYIR,HAYIR
2026-08-16 19:32:00.821,0.80,0.65,36,0.0,0.0,-0.031,12.0,1,HAYIR,HAYIR
2026-08-16 19:32:00.841,0.80,0.65,36,0.0,0.0,-0.031,12.0,2,HAYIR,HAYIR
2026-08-16 19:32:00.861,0.80,0.65,36,0.0,0.0,-0.031,12.0,4,HAYIR,HAYIR
2026-08-16 19:32:00.881,0.80,0.67,35,0.0,0.0,-0.031,12.0,5,HAYIR,HAYIR
2026-08-16 19:32:00.901,0.80,0.67,36,0.0,0.0,-0.031,12.0,6,HAYIR,HAYIR
2026-08-16 19:32:00.921,0.80,0.67,36,0.0,0.0,-0.031,11.9,7,HAYIR,HAYIR
2026-08-16 19:32:00.941,0.80,0.67,36,0.0,0.0,-0.031,11.9,8,HAYIR,HAYIR
2026-08-16 19:32:00.961,0.80,0.67,36,0.0,0.0,-0.031,11.9,10,HAYIR,HAYIR
2026-08-16 19:32:00.981,0.80,0.67,36,0.0,0.0,-0.034,13.2,11,HAYIR,HAYIR
2026-08-16 19:32:01.001,0.80,0.67,36,0.0,0.0,-0.034,13.2,12,HAYIR,HAYIR
2026-08-16 19:32:01.021,0.80,0.67,36,0.0,0.0,-0.035,13.4,13,HAYIR,HAYIR
2026-08-16 19:32:01.041,0.80,0.67,36,0.0,0.0,-0.035,13.4,13,HAYIR,HAYIR
2026-08-16 19:32:01.061,0.80,0.67,36,0.0,0.0,-0.035,13.4,13,HAYIR,HAYIR
2026-08-16 19:32:01.081,0.80,0.67,36,0.0,0.0,0.000,-0.0,12,HAYIR,HAYIR
2026-08-16 19:32:01.101,0.80,0.67,36,0.0,0.0,0.000,-0.0,11,HAYIR,HAYIR
2026-08-16 19:32:01.121,0.80,0.67,36,0.0,0.0,0.000,-0.0,10,HAYIR,HAYIR
2026-08-16 19:32:01.141,0.80,0.67,36,0.0,0.0,0.000,-0.0,9,HAYIR,HAYIR
2026-08-16 19:32:01.161,0.80,0.67,36,0.0,0.0,0.000,-0.0,7,HAYIR,HAYIR
2026-08-16 19:32:01.181,0.80,0.67,36,0.0,0.0,0.000,-0.0,6,HAYIR,HAYIR
2026-08-16 19:32:01.201,0.80,0.72,34,0.0,0.0,0.000,-0.0,5,HAYIR,HAYIR
2026-08-16 19:32:01.221,0.80,0.72,36,0.0,0.0,-0.031,12.0,6,HAYIR,HAYIR
2026-08-16 19:32:01.241,0.80,0.72,36,0.0,0.0,-0.031,12.0,7,HAYIR,HAYIR
2026-08-16 19:32:01.261,0.80,0.72,36,0.0,0.0,-0.031,12.0,9,HAYIR,HAYIR
2026-08-16 19:32:01.281,0.80,0.72,36,0.0,0.0,-0.030,11.7,10,HAYIR,HAYIR
2026-08-16 19:32:01.301,0.80,0.72,36,0.0,0.0,-0.030,11.7,11,HAYIR,HAYIR
2026-08-16 19:32:01.321,0.80,0.72,36,0.0,0.0,-0.031,12.1,12,HAYIR,HAYIR
2026-08-16 19:32:01.341,0.80,0.72,36,0.0,0.0,-0.031,12.1,12,HAYIR,HAYIR
2026-08-16 19:32:01.361,0.80,0.72,36,0.0,0.0,-0.031,12.1,12,HAYIR,HAYIR
2026-08-16 19:32:01.381,0.80,0.72,36,0.0,0.0,-0.032,12.3,12,HAYIR,HAYIR
2026-08-16 19:32:01.401,0.80,0.72,36,0.0,0.0,-0.032,12.3,12,HAYIR,HAYIR
2026-08-16 19:32:01.421,0.80,0.72,36,0.0,0.0,-0.033,12.7,13,HAYIR,HAYIR
2026-08-16 19:32:01.441,0.80,0.72,36,0.0,0.0,-0.033,12.7,13,HAYIR,HAYIR
2026-08-16 19:32:01.461,0.80,0.72,36,0.0,0.0,-0.033,12.7,13,HAYIR,HAYIR
2026-08-16 19:32:01.481,0.80,0.72,36,0.0,0.0,-0.033,12.7,13,HAYIR,HAYIR
2026-08-16 19:32:01.501,0.80,0.72,36,0.0,0.0,-0.033,12.7,13,HAYIR,HAYIR
2026-08-16 19:32:01.521,0.80,0.77,34,0.0,0.0,-0.033,12.8,13,HAYIR,HAYIR
2026-08-16 19:32:01.541,0.80,0.77,36,0.0,0.0,-0.033,12.8,13,HAYIR,HAYIR
2026-08-16 19:32:01.561,0.80,0.77,36,0.0,0.0,-0.033,12.8,13,HAYIR,HAYIR
2026-08-16 19:32:01.581,0.80,0.77,36,0.0,0.0,-0.033,12.9,13,HAYIR,HAYIR
2026-08-16 19:32:01.601,0.80,0.77,36,0.0,0.0,-0.033,12.9,13,HAYIR,HAYIR
2026-08-16 19:32:01.621,0.80,0.77,36,0.0,0.0,0.000,-0.0,12,HAYIR,HAYIR
2026-08-16 19:32:01.641,0.80,0.77,36,0.0,0.0,0.000,-0.0,10,HAYIR,HAYIR
2026-08-16 19:32:01.661,0.80,0.77,36,0.0,0.0,0.000,-0.0,9,HAYIR,HAYIR
2026-08-16 19:32:01.681,0.80,0.77,36,0.0,0.0,0.000,-0.0,8,HAYIR,HAYIR
2026-08-16 19:32:01.701,0.80,0.77,36,0.0,0.0,0.000,-0.0,7,HAYIR,HAYIR
2026-08-16 19:32:01.721,0.80,0.77,36,0.0,0.0,0.000,-0.0,6,HAYIR,HAYIR
2026-08-16 19:32:01.741,0.80,0.77,36,0.0,0.0,0.000,-0.0,4,HAYIR,HAYIR
2026-08-16 19:32:01.761,0.80,0.77,36,0.0,0.0,0.000,-0.0,3,HAYIR,HAYIR
2026-08-16 19:32:01.781,0.80,0.77,36,0.0,0.0,0.000,-0.0,2,HAYIR,HAYIR
2026-08-16 19:32:01.801,0.80,0.77,36,0.0,0.0,0.000,-0.0,1,HAYIR,HAYIR
2026-08-16 19:32:01.821,0.80,0.77,36,0.0,0.0,0.000,-0.0,0,HAYIR,HAYIR
2026-08-16 19:32:01.841,0.80,0.84,28,0.0,0.0,0.000,-0.0,0,HAYIR,HAYIR
2026-08-16 19:32:01.861,0.80,0.84,28,0.0,0.0,0.000,-0.0,0,HAYIR,HAYIR
2026-08-16 19:32:01.881,0.80,0.84,28,0.0,0.0,0.000,-0.0,0,HAYIR,HAYIR
2026-08-16 19:32:01.901,0.80,0.84,28,0.0,0.0,0.000,-0.0,0,HAYIR,HAYIR
2026-08-16 19:32:01.921,0.80,0.84,28,0.0,0.0,0.000,-0.0,0,HAYIR,HAYIR
2026-08-16 19:32:01.941,0.80,0.84,28,0.0,0.0,0.000,-0.0,0,HAYIR,HAYIR
2026-08-16 19:32:01.961,0.80,0.84,28,0.0,0.0,0.000,-0.0,0,HAYIR,HAYIR
2026-08-16 19:32:01.981,0.80,0.84,28,0.0,0.0,0.000,-0.0,0,HAYIR,HAYIR
2026-08-16 19:32:02.001,0.80,0.84,28,0.0,0.0,0.000,-0.0,0,HAYIR,HAYIR
2026-08-16 19:32:02.021,0.80,0.84,28,0.0,0.0,0.000,-0.0,0,HAYIR,HAYIR
2026-08-16 19:32:02.041,0.80,0.84,28,0.0,0.0,0.000,-0.0,0,HAYIR,HAYIR
2026-08-16 19:32:02.061,0.80,0.84,28,0.0,0.0,0.000,-0.0,0,HAYIR,HAYIR
2026-08-16 19:32:02.081,0.80,0.84,28,0.0,0.0,0.000,-0.0,0,HAYIR,HAYIR
2026-08-16 19:32:02.101,0.80,0.84,28,0.0,0.0,0.000,-0.0,0,HAYIR,HAYIR
2026-08-16 19:32:02.121,0.80,0.84,28,0.0,0.0,0.000,-0.0,0,HAYIR,HAYIR
2026-08-16 19:32:02.141,0.80,0.84,28,0.0,0.0,0.000,-0.0,0,HAYIR,HAYIR
2026-08-16 19:32:02.161,0.80,0.84,28,0.0,0.0,0.000,-0.0,0,HAYIR,HAYIR
2026-08-16 19:32:02.181,0.80,0.84,28,0.0,0.0,0.000,-0.0,0,HAYIR,HAYIR
2026-08-16 19:32:02.201,0.80,0.84,28,0.0,0.0,0.000,-0.0,0,HAYIR,HAYIR
2026-08-16 19:32:02.221,0.80,0.84,28,0.0,0.0,0.000,-0.0,0,HAYIR,HAYIR
2026-08-16 19:32:02.241,0.80,0.90,28,0.0,0.0,0.000,-0.0,0,HAYIR,HAYIR
2026-08-16 19:32:02.261,0.80,0.90,28,0.0,0.0,0.000,-0.0,0,HAYIR,HAYIR
2026-08-16 19:32:02.281,0.80,0.90,28,0.0,0.0,0.000,-0.0,0,HAYIR,HAYIR
2026-08-16 19:32:02.301,0.80,0.90,28,0.0,0.0,0.000,-0.0,0,HAYIR,HAYIR
2026-08-16 19:32:02.321,0.80,0.90,28,0.0,0.0,0.000,-0.0,0,HAYIR,HAYIR
2026-08-16 19:32:02.341,0.80,0.90,28,0.0,0.0,0.000,-0.0,0,HAYIR,HAYIR
2026-08-16 19:32:02.361,0.80,0.90,28,0.0,0.0,0.000,-0.0,0,HAYIR,HAYIR
2026-08-16 19:32:02.381,0.80,0.90,28,0.0,0.0,0.000,-0.0,0,HAYIR,HAYIR
2026-08-16 19:32:02.401,0.80,0.90,28,0.0,0.0,0.000,-0.0,0,HAYIR,HAYIR
2026-08-16 19:32:02.421,0.80,0.90,28,0.0,0.0,0.000,-0.0,0,HAYIR,HAYIR
2026-08-16 19:32:02.441,0.80,0.90,28,0.0,0.0,0.000,-0.0,0,HAYIR,HAYIR
2026-08-16 19:32:02.461,0.80,0.90,28,0.0,0.0,0.000,-0.0,0,HAYIR,HAYIR
2026-08-16 19:32:02.481,0.80,0.90,28,0.0,0.0,0.000,-0.0,0,HAYIR,HAYIR
2026-08-16 19:32:02.501,0.80,0.90,28,0.0,0.0,0.000,-0.0,0,HAYIR,HAYIR
2026-08-16 19:32:02.521,0.80,0.90,28,0.0,0.0,0.000,-0.0,0,HAYIR,HAYIR
2026-08-16 19:32:02.541,0.80,0.90,28,0.0,0.0,0.000,-0.0,0,HAYIR,HAYIR
2026-08-16 19:32:02.561,0.80,0.98,28,0.0,0.0,0.000,-0.0,0,HAYIR,HAYIR
2026-08-16 19:32:02.581,0.80,0.98,28,0.0,0.0,0.000,-0.0,0,HAYIR,HAYIR
2026-08-16 19:32:02.601,0.80,0.98,28,0.0,0.0,0.000,-0.0,0,HAYIR,HAYIR
2026-08-16 19:32:02.621,0.80,0.98,28,0.0,0.0,0.000,-0.0,0,HAYIR,HAYIR
2026-08-16 19:32:02.641,0.80,0.98,28,0.0,0.0,0.000,-0.0,0,HAYIR,HAYIR
2026-08-16 19:32:02.661,0.80,0.98,28,0.0,0.0,0.000,-0.0,0,HAYIR,HAYIR
2026-08-16 19:32:02.681,0.80,0.98,28,0.0,0.0,0.000,-0.0,0,HAYIR,HAYIR
2026-08-16 19:32:02.701,0.80,0.98,28,0.0,0.0,0.000,-0.0,0,HAYIR,HAYIR
2026-08-16 19:32:02.721,0.80,0.98,28,0.0,0.0,0.000,-0.0,0,HAYIR,HAYIR
2026-08-16 19:32:02.741,0.80,0.98,28,0.0,0.0,0.000,-0.0,0,HAYIR,HAYIR
2026-08-16 19:32:02.761,0.80,0.98,28,0.0,0.0,0.000,-0.0,0,HAYIR,HAYIR
2026-08-16 19:32:02.781,0.80,0.98,28,0.0,0.0,0.000,-0.0,0,HAYIR,HAYIR
2026-08-16 19:32:02.801,0.80,0.98,28,0.0,0.0,0.000,-0.0,0,HAYIR,HAYIR
2026-08-16 19:32:02.821,0.80,0.98,28,0.0,0.0,0.000,-0.0,0,HAYIR,HAYIR
2026-08-16 19:32:02.841,0.80,0.98,28,0.0,0.0,0.000,-0.0,0,HAYIR,HAYIR
2026-08-16 19:32:02.861,0.80,0.98,28,0.0,0.0,0.000,-0.0,0,HAYIR,HAYIR
2026-08-16 19:32:02.881,0.80,1.06,28,0.0,0.0,0.000,-0.0,0,HAYIR,HAYIR
2026-08-16 19:32:02.901,0.80,1.06,28,0.0,0.0,0.000,-0.0,0,HAYIR,HAYIR
2026-08-16 19:32:02.921,0.80,1.06,28,0.0,0.0,0.000,-0.0,0,HAYIR,HAYIR
2026-08-16 19:32:02.941,0.80,1.06,28,0.0,0.0,0.000,-0.0,0,HAYIR,HAYIR
2026-08-16 19:32:02.961,0.80,1.06,28,0.0,0.0,0.000,-0.0,0,HAYIR,HAYIR
2026-08-16 19:32:02.981,0.80,1.06,28,0.0,0.0,0.000,-0.0,0,HAYIR,HAYIR
2026-08-16 19:32:03.001,0.80,1.06,28,0.0,0.0,0.000,-0.0,0,HAYIR,HAYIR
2026-08-16 19:32:03.021,0.80,1.06,28,0.0,0.0,0.000,-0.0,0,HAYIR,HAYIR
2026-08-16 19:32:03.041,0.80,1.06,28,0.0,0.0,0.000,-0.0,0,HAYIR,HAYIR
2026-08-16 19:32:03.061,0.80,1.06,28,0.0,0.0,0.000,-0.0,0,HAYIR,HAYIR
2026-08-16 19:32:03.081,0.80,1.06,28,0.0,0.0,0.000,-0.0,0,HAYIR,HAYIR
2026-08-16 19:32:03.101,0.80,1.06,28,0.0,0.0,0.000,-0.0,0,HAYIR,HAYIR
2026-08-16 19:32:03.121,0.80,1.06,28,0.0,0.0,0.000,-0.0,0,HAYIR,HAYIR
2026-08-16 19:32:03.141,0.80,1.06,28,0.0,0.0,0.000,-0.0,0,HAYIR,HAYIR
2026-08-16 19:32:03.161,0.80,1.06,28,0.0,0.0,0.000,-0.0,0,HAYIR,HAYIR
2026-08-16 19:32:03.181,0.80,1.06,28,0.0,0.0,0.000,-0.0,0,HAYIR,HAYIR
2026-08-16 19:32:03.201,0.80,1.08,28,0.0,0.0,0.000,-0.0,0,HAYIR,HAYIR
2026-08-16 19:32:03.221,0.80,1.08,28,0.0,0.0,0.000,-0.0,0,HAYIR,HAYIR
2026-08-16 19:32:03.241,0.80,1.08,28,0.0,0.0,0.000,-0.0,0,HAYIR,HAYIR
2026-08-16 19:32:03.261,0.80,1.08,28,0.0,0.0,0.000,-0.0,0,HAYIR,HAYIR
2026-08-16 19:32:03.281,0.80,1.08,28,0.0,0.0,0.000,-0.0,0,HAYIR,HAYIR
2026-08-16 19:32:03.301,0.80,1.08,28,0.0,0.0,0.000,-0.0,0,HAYIR,HAYIR
2026-08-16 19:32:03.321,0.80,1.08,28,0.0,0.0,0.000,-0.0,0,HAYIR,HAYIR
2026-08-16 19:32:03.341,0.80,1.08,28,0.0,0.0,0.000,-0.0,0,HAYIR,HAYIR
2026-08-16 19:32:03.361,0.80,1.08,28,0.0,0.0,0.000,-0.0,0,HAYIR,HAYIR
2026-08-16 19:32:03.381,0.80,1.08,28,0.0,0.0,0.000,-0.0,0,HAYIR,HAYIR
2026-08-16 19:32:03.401,0.80,1.08,28,0.0,0.0,0.000,-0.0,0,HAYIR,HAYIR
2026-08-16 19:32:03.421,0.80,1.08,28,0.0,0.0,0.000,-0.0,0,HAYIR,HAYIR
2026-08-16 19:32:03.441,0.80,1.08,28,0.0,0.0,0.000,-0.0,0,HAYIR,HAYIR
2026-08-16 19:32:03.461,0.80,1.08,28,0.0,0.0,0.000,-0.0,0,HAYIR,HAYIR
2026-08-16 19:32:03.481,0.80,1.08,28,0.0,0.0,0.000,-0.0,0,HAYIR,HAYIR
2026-08-16 19:32:03.501,0.80,1.08,28,0.0,0.0,0.000,-0.0,0,HAYIR,HAYIR
2026-08-16 19:32:03.521,0.80,1.08,28,0.0,0.0,0.000,-0.0,0,HAYIR,HAYIR
2026-08-16 19:32:03.541,0.80,1.08,28,0.0,0.0,0.000,-0.0,0,HAYIR,HAYIR
2026-08-16 19:32:03.561,0.80,1.08,28,0.0,0.0,0.000,-0.0,0,HAYIR,HAYIR
2026-08-16 19:32:03.581,0.80,1.08,28,0.0,0.0,0.000,-0.0,0,HAYIR,HAYIR
2026-08-16 19:32:03.601,0.80,1.08,28,0.0,0.0,0.000,-0.0,0,HAYIR,HAYIR
2026-08-16 19:32:03.621,0.80,1.08,28,0.0,0.0,0.000,-0.0,0,HAYIR,HAYIR
2026-08-16 19:32:03.641,0.80,1.08,28,0.0,0.0,0.000,-0.0,0,HAYIR,HAYIR
2026-08-16 19:32:03.661,0.80,1.08,28,0.0,0.0,0.000,-0.0,0,HAYIR,HAYIR
2026-08-16 19:32:03.681,0.80,1.08,28,0.0,0.0,0.000,-0.0,0,HAYIR,HAYIR
2026-08-16 19:32:03.701,0.80,1.08,28,0.0,0.0,0.000,-0.0,0,HAYIR,HAYIR
2026-08-16 19:32:03.721,0.80,1.08,28,0.0,0.0,0.000,-0.0,0,HAYIR,HAYIR
2026-08-16 19:32:03.741,0.80,1.08,28,0.0,0.0,0.000,-0.0,0,HAYIR,HAYIR
2026-08-16 19:32:03.761,0.80,1.08,28,0.0,0.0,0.000,-0.0,0,HAYIR,HAYIR
2026-08-16 19:32:03.781,0.80,1.08,28,0.0,0.0,0.000,-0.0,0,HAYIR,HAYIR
2026-08-16 19:32:03.801,0.80,1.08,28,0.0,0.0,0.000,-0.0,0,HAYIR,HAYIR
2026-08-16 19:32:03.821,0.80,1.08,28,0.0,0.0,0.000,-0.0,0,HAYIR,HAYIR
2026-08-16 19:32:03.841,0.80,1.08,28,0.0,0.0,0.000,-0.0,0,HAYIR,HAYIR
2026-08-16 19:32:03.861,0.80,1.08,28,0.0,0.0,0.000,-0.0,0,HAYIR,HAYIR
2026-08-16 19:32:03.881,0.80,1.08,28,0.0,0.0,0.000,-0.0,0,HAYIR,HAYIR
2026-08-16 19:32:03.901,0.80,1.05,28,0.0,0.0,0.000,-0.0,0,HAYIR,HAYIR
2026-08-16 19:32:03.921,0.80,1.05,28,0.0,0.0,0.000,-0.0,0,HAYIR,HAYIR
2026-08-16 19:32:03.941,0.80,1.05,28,0.0,0.0,0.000,-0.0,0,HAYIR,HAYIR
2026-08-16 19:32:03.961,0.80,1.05,28,0.0,0.0,0.000,-0.0,0,HAYIR,HAYIR
2026-08-16 19:32:03.981,0.80,1.05,28,0.0,0.0,0.000,-0.0,0,HAYIR,HAYIR
2026-08-16 19:32:04.001,0.80,1.05,28,0.0,0.0,0.000,-0.0,0,HAYIR,HAYIR
2026-08-16 19:32:04.021,0.80,1.05,28,0.0,0.0,0.000,-0.0,0,HAYIR,HAYIR
2026-08-16 19:32:04.041,0.80,1.05,28,0.0,0.0,0.000,-0.0,0,HAYIR,HAYIR
2026-08-16 19:32:04.061,0.80,1.05,28,0.0,0.0,0.000,-0.0,0,HAYIR,HAYIR
2026-08-16 19:32:04.081,0.80,1.05,28,0.0,0.0,0.000,-0.0,0,HAYIR,HAYIR
2026-08-16 19:32:04.101,0.80,1.05,28,0.0,0.0,0.000,-0.0,0,HAYIR,HAYIR
2026-08-16 19:32:04.121,0.80,1.05,28,0.0,0.0,0.000,-0.0,0,HAYIR,HAYIR
2026-08-16 19:32:04.141,0.80,1.05,28,0.0,0.0,0.000,-0.0,0,HAYIR,HAYIR
2026-08-16 19:32:04.161,0.80,1.05,28,0.0,0.0,0.000,-0.0,0,HAYIR,HAYIR
2026-08-16 19:32:04.181,0.80,1.05,28,0.0,0.0,0.000,-0.0,0,HAYIR,HAYIR
2026-08-16 19:32:04.201,0.80,1.05,28,0.0,0.0,0.000,-0.0,0,HAYIR,HAYIR
2026-08-16 19:32:04.221,0.80,1.00,28,0.0,0.0,0.000,-0.0,0,HAYIR,HAYIR
2026-08-16 19:32:04.241,0.80,1.00,28,0.0,0.0,0.000,-0.0,0,HAYIR,HAYIR
2026-08-16 19:32:04.261,0.80,1.00,28,0.0,0.0,0.000,-0.0,0,HAYIR,HAYIR
2026-08-16 19:32:04.281,0.80,1.00,28,0.0,0.0,0.000,-0.0,0,HAYIR,HAYIR
2026-08-16 19:32:04.301,0.80,1.00,28,0.0,0.0,0.000,-0.0,0,HAYIR,HAYIR
2026-08-16 19:32:04.321,0.80,1.00,28,0.0,0.0,0.000,-0.0,0,HAYIR,HAYIR
2026-08-16 19:32:04.341,0.80,1.00,28,0.0,0.0,0.000,-0.0,0,HAYIR,HAYIR
2026-08-16 19:32:04.361,0.80,1.00,28,0.0,0.0,0.000,-0.0,0,HAYIR,HAYIR
2026-08-16 19:32:04.381,0.80,1.00,28,0.0,0.0,0.000,-0.0,0,HAYIR,HAYIR
2026-08-16 19:32:04.401,0.80,1.00,28,0.0,0.0,0.000,-0.0,0,HAYIR,HAYIR
2026-08-16 19:32:04.421,0.80,1.00,28,0.0,0.0,0.000,-0.0,0,HAYIR,HAYIR
2026-08-16 19:32:04.441,0.80,1.00,28,0.0,0.0,0.000,-0.0,0,HAYIR,HAYIR
2026-08-16 19:32:04.461,0.80,1.00,28,0.0,0.0,0.000,-0.0,0,HAYIR,HAYIR
2026-08-16 19:32:04.481,0.80,1.00,28,0.0,0.0,0.000,-0.0,0,HAYIR,HAYIR
2026-08-16 19:32:04.501,0.80,1.00,28,0.0,0.0,0.000,-0.0,0,HAYIR,HAYIR
2026-08-16 19:32:04.521,0.80,1.00,28,0.0,0.0,0.000,-0.0,0,HAYIR,HAYIR
2026-08-16 19:32:04.541,0.80,0.96,28,0.0,0.0,0.000,-0.0,0,HAYIR,HAYIR
2026-08-16 19:32:04.561,0.80,0.96,28,0.0,0.0,0.000,-0.0,0,HAYIR,HAYIR
2026-08-16 19:32:04.581,0.80,0.96,28,0.0,0.0,0.000,-0.0,0,HAYIR,HAYIR
2026-08-16 19:32:04.601,0.80,0.96,28,0.0,0.0,0.000,-0.0,0,HAYIR,HAYIR
2026-08-16 19:32:04.621,0.80,0.96,28,0.0,0.0,0.000,-0.0,0,HAYIR,HAYIR
2026-08-16 19:32:04.641,0.80,0.96,28,0.0,0.0,0.000,-0.0,0,HAYIR,HAYIR
2026-08-16 19:32:04.661,0.80,0.96,28,0.0,0.0,0.000,-0.0,0,HAYIR,HAYIR
2026-08-16 19:32:04.681,0.80,0.96,28,0.0,0.0,0.000,-0.0,0,HAYIR,HAYIR
2026-08-16 19:32:04.701,0.80,0.96,28,0.0,0.0,0.000,-0.0,0,HAYIR,HAYIR
2026-08-16 19:32:04.721,0.80,0.96,28,0.0,0.0,0.000,-0.0,0,HAYIR,HAYIR
2026-08-16 19:32:04.741,0.80,0.96,28,0.0,0.0,0.000,-0.0,0,HAYIR,HAYIR
2026-08-16 19:32:04.761,0.80,0.96,28,0.0,0.0,0.000,-0.0,0,HAYIR,HAYIR
2026-08-16 19:32:04.781,0.80,0.96,28,0.0,0.0,0.000,-0.0,0,HAYIR,HAYIR
2026-08-16 19:32:04.801,0.80,0.96,28,0.0,0.0,0.000,-0.0,0,HAYIR,HAYIR
2026-08-16 19:32:04.821,0.80,0.96,28,0.0,0.0,0.000,-0.0,0,HAYIR,HAYIR
2026-08-16 19:32:04.841,0.80,0.96,28,0.0,0.0,0.000,-0.0,0,HAYIR,HAYIR
2026-08-16 19:32:04.861,0.80,0.91,28,0.0,0.0,0.000,-0.0,0,HAYIR,HAYIR
2026-08-16 19:32:04.881,0.80,0.91,28,0.0,0.0,0.000,-0.0,0,HAYIR,HAYIR
2026-08-16 19:32:04.901,0.80,0.91,28,0.0,0.0,0.000,-0.0,0,HAYIR,HAYIR
2026-08-16 19:32:04.921,0.80,0.91,28,0.0,0.0,0.000,-0.0,0,HAYIR,HAYIR
2026-08-16 19:32:04.941,0.80,0.91,28,0.0,0.0,0.000,-0.0,0,HAYIR,HAYIR
2026-08-16 19:32:04.961,0.80,0.91,28,0.0,0.0,0.000,-0.0,0,HAYIR,HAYIR
2026-08-16 19:32:04.981,0.80,0.91,28,0.0,0.0,0.000,-0.0,0,HAYIR,HAYIR
2026-08-16 19:32:05.001,0.80,0.91,28,0.0,0.0,0.000,-0.0,0,HAYIR,HAYIR
2026-08-16 19:32:05.021,0.80,0.91,28,0.0,0.0,0.000,-0.0,0,HAYIR,HAYIR
2026-08-16 19:32:05.041,0.80,0.91,28,0.0,0.0,0.000,-0.0,0,HAYIR,HAYIR
2026-08-16 19:32:05.061,0.80,0.91,28,0.0,0.0,0.000,-0.0,0,HAYIR,HAYIR
2026-08-16 19:32:05.081,0.80,0.91,28,0.0,0.0,0.000,-0.0,0,HAYIR,HAYIR
2026-08-16 19:32:05.101,0.80,0.91,28,0.0,0.0,0.000,-0.0,0,HAYIR,HAYIR
2026-08-16 19:32:05.121,0.80,0.91,28,0.0,0.0,0.000,-0.0,0,HAYIR,HAYIR
2026-08-16 19:32:05.141,0.80,0.91,28,0.0,0.0,0.000,-0.0,0,HAYIR,HAYIR
2026-08-16 19:32:05.161,0.80,0.91,28,0.0,0.0,0.000,-0.0,0,HAYIR,HAYIR
2026-08-16 19:32:05.181,0.80,0.87,28,0.0,0.0,0.000,-0.0,0,HAYIR,HAYIR
2026-08-16 19:32:05.201,0.80,0.87,28,0.0,0.0,0.000,-0.0,0,HAYIR,HAYIR
2026-08-16 19:32:05.221,0.80,0.87,28,0.0,0.0,0.000,-0.0,0,HAYIR,HAYIR
2026-08-16 19:32:05.241,0.80,0.87,28,0.0,0.0,0.000,-0.0,0,HAYIR,HAYIR
2026-08-16 19:32:05.261,0.80,0.87,28,0.0,0.0,0.000,-0.0,0,HAYIR,HAYIR
2026-08-16 19:32:05.281,0.80,0.87,28,0.0,0.0,0.000,-0.0,0,HAYIR,HAYIR
2026-08-16 19:32:05.301,0.80,0.87,28,0.0,0.0,0.000,-0.0,0,HAYIR,HAYIR
2026-08-16 19:32:05.321,0.80,0.87,28,0.0,0.0,0.000,-0.0,0,HAYIR,HAYIR
2026-08-16 19:32:05.341,0.80,0.87,28,0.0,0.0,0.000,-0.0,0,HAYIR,HAYIR
2026-08-16 19:32:05.361,0.80,0.87,28,0.0,0.0,0.000,-0.0,0,HAYIR,HAYIR
2026-08-16 19:32:05.381,0.80,0.87,28,0.0,0.0,0.000,-0.0,0,HAYIR,HAYIR
2026-08-16 19:32:05.401,0.80,0.87,28,0.0,0.0,0.000,-0.0,0,HAYIR,HAYIR
2026-08-16 19:32:05.421,0.80,0.87,28,0.0,0.0,0.000,-0.0,0,HAYIR,HAYIR
2026-08-16 19:32:05.441,0.80,0.87,28,0.0,0.0,0.000,-0.0,0,HAYIR,HAYIR
2026-08-16 19:32:05.461,0.80,0.87,28,0.0,0.0,0.000,-0.0,0,HAYIR,HAYIR
2026-08-16 19:32:05.481,0.80,0.87,28,0.0,0.0,0.000,-0.0,0,HAYIR,HAYIR
2026-08-16 19:32:05.501,0.80,0.87,28,0.0,0.0,0.000,-0.0,0,HAYIR,HAYIR
2026-08-16 19:32:05.521,0.80,0.87,28,0.0,0.0,0.000,-0.0,0,HAYIR,HAYIR
2026-08-16 19:32:05.541,0.80,0.87,28,0.0,0.0,0.000,-0.0,0,HAYIR,HAYIR
2026-08-16 19:32:05.561,0.80,0.82,28,0.0,0.0,0.000,-0.0,0,HAYIR,HAYIR
2026-08-16 19:32:05.581,0.80,0.82,28,0.0,0.0,0.000,-0.0,0,HAYIR,HAYIR
2026-08-16 19:32:05.601,0.80,0.82,28,0.0,0.0,0.000,-0.0,0,HAYIR,HAYIR
2026-08-16 19:32:05.621,0.80,0.82,28,0.0,0.0,0.000,-0.0,0,HAYIR,HAYIR
2026-08-16 19:32:05.641,0.80,0.82,28,0.0,0.0,0.000,-0.0,0,HAYIR,HAYIR
2026-08-16 19:32:05.661,0.80,0.82,28,0.0,0.0,0.000,-0.0,0,HAYIR,HAYIR
2026-08-16 19:32:05.681,0.80,0.82,28,0.0,0.0,0.000,-0.0,0,HAYIR,HAYIR
2026-08-16 19:32:05.701,0.80,0.82,28,0.0,0.0,0.000,-0.0,0,HAYIR,HAYIR
2026-08-16 19:32:05.721,0.80,0.82,28,0.0,0.0,0.000,-0.0,0,HAYIR,HAYIR
2026-08-16 19:32:05.741,0.80,0.82,28,0.0,0.0,0.000,-0.0,0,HAYIR,HAYIR
2026-08-16 19:32:05.761,0.80,0.82,28,0.0,0.0,0.000,-0.0,0,HAYIR,HAYIR
2026-08-16 19:32:05.781,0.80,0.82,28,0.0,0.0,0.000,-0.0,0,HAYIR,HAYIR
2026-08-16 19:32:05.801,0.80,0.82,28,0.0,0.0,0.000,-0.0,0,HAYIR,HAYIR
2026-08-16 19:32:05.821,0.80,0.82,28,0.0,0.0,0.000,-0.0,0,HAYIR,HAYIR
2026-08-16 19:32:05.841,0.80,0.82,28,0.0,0.0,0.000,-0.0,0,HAYIR,HAYIR
2026-08-16 19:32:05.861,0.80,0.82,28,0.0,0.0,0.000,-0.0,0,HAYIR,HAYIR
2026-08-16 19:32:05.881,0.80,0.82,28,0.0,0.0,0.000,-0.0,0,HAYIR,HAYIR
2026-08-16 19:32:05.901,0.80,0.76,37,0.0,0.0,0.000,-0.0,0,HAYIR,HAYIR
2026-08-16 19:32:05.921,0.80,0.76,35,0.0,0.0,0.000,-0.0,0,HAYIR,HAYIR
2026-08-16 19:32:05.941,0.80,0.76,35,0.0,0.0,0.000,-0.0,0,HAYIR,HAYIR
2026-08-16 19:32:05.961,0.80,0.76,35,0.0,0.0,0.000,-0.0,0,HAYIR,HAYIR
2026-08-16 19:32:05.981,0.80,0.76,35,0.0,0.0,0.000,-0.0,0,HAYIR,HAYIR
2026-08-16 19:32:06.001,0.80,0.76,35,0.0,0.0,0.000,-0.0,0,HAYIR,HAYIR
2026-08-16 19:32:06.021,0.80,0.76,35,0.0,0.0,0.000,-0.0,0,HAYIR,HAYIR
2026-08-16 19:32:06.041,0.80,0.76,35,0.0,0.0,0.000,-0.0,0,HAYIR,HAYIR
2026-08-16 19:32:06.061,0.80,0.76,35,0.0,0.0,0.000,-0.0,0,HAYIR,HAYIR
2026-08-16 19:32:06.081,0.80,0.76,35,0.0,0.0,0.000,-0.0,0,HAYIR,HAYIR
2026-08-16 19:32:06.101,0.80,0.76,35,0.0,0.0,0.000,-0.0,0,HAYIR,HAYIR
2026-08-16 19:32:06.121,0.80,0.76,35,0.0,0.0,0.000,-0.0,0,HAYIR,HAYIR
2026-08-16 19:32:06.141,0.80,0.76,35,0.0,0.0,0.000,-0.0,0,HAYIR,HAYIR
2026-08-16 19:32:06.161,0.80,0.76,35,0.0,0.0,0.000,-0.0,0,HAYIR,HAYIR
2026-08-16 19:32:06.181,0.80,0.76,35,0.0,0.0,0.000,-0.0,0,HAYIR,HAYIR
2026-08-16 19:32:06.201,0.80,0.76,35,0.0,0.0,0.000,-0.0,0,HAYIR,HAYIR
2026-08-16 19:32:06.221,0.80,0.69,37,0.0,0.0,0.000,-0.0,0,HAYIR,HAYIR
2026-08-16 19:32:06.241,0.80,0.69,35,0.0,0.0,0.000,-0.0,0,HAYIR,HAYIR
2026-08-16 19:32:06.261,0.80,0.69,35,0.0,0.0,0.000,-0.0,0,HAYIR,HAYIR
2026-08-16 19:32:06.281,0.80,0.69,35,0.0,0.0,0.000,-0.0,0,HAYIR,HAYIR
2026-08-16 19:32:06.301,0.80,0.69,35,0.0,0.0,0.000,-0.0,0,HAYIR,HAYIR
2026-08-16 19:32:06.321,0.80,0.69,35,0.0,0.0,0.000,-0.0,0,HAYIR,HAYIR
2026-08-16 19:32:06.341,0.80,0.69,35,0.0,0.0,0.000,-0.0,0,HAYIR,HAYIR
2026-08-16 19:32:06.361,0.80,0.69,35,0.0,0.0,0.000,-0.0,0,HAYIR,HAYIR
2026-08-16 19:32:06.381,0.80,0.69,35,0.0,0.0,0.000,-0.0,0,HAYIR,HAYIR
2026-08-16 19:32:06.401,0.80,0.69,35,0.0,0.0,0.000,-0.0,0,HAYIR,HAYIR
2026-08-16 19:32:06.421,0.80,0.69,35,0.0,0.0,0.000,-0.0,0,HAYIR,HAYIR
2026-08-16 19:32:06.441,0.80,0.69,35,0.0,0.0,0.000,-0.0,0,HAYIR,HAYIR
2026-08-16 19:32:06.461,0.80,0.69,35,0.0,0.0,0.000,-0.0,0,HAYIR,HAYIR
2026-08-16 19:32:06.481,0.80,0.69,35,0.0,0.0,0.000,-0.0,0,HAYIR,HAYIR
2026-08-16 19:32:06.501,0.80,0.69,35,0.0,0.0,0.000,-0.0,0,HAYIR,HAYIR
2026-08-16 19:32:06.521,0.80,0.69,35,0.0,0.0,0.000,-0.0,0,HAYIR,HAYIR
2026-08-16 19:32:06.541,0.80,0.62,37,0.0,0.0,0.000,-0.0,0,HAYIR,HAYIR
2026-08-16 19:32:06.561,0.80,0.62,35,0.0,0.0,0.000,-0.0,0,HAYIR,HAYIR
2026-08-16 19:32:06.581,0.80,0.62,35,0.0,0.0,0.000,-0.0,0,HAYIR,HAYIR
2026-08-16 19:32:06.601,0.80,0.62,35,0.0,0.0,0.000,-0.0,0,HAYIR,HAYIR
2026-08-16 19:32:06.621,0.80,0.62,35,0.0,0.0,0.000,-0.0,0,HAYIR,HAYIR
2026-08-16 19:32:06.641,0.80,0.62,35,0.0,0.0,0.000,-0.0,0,HAYIR,HAYIR
2026-08-16 19:32:06.661,0.80,0.62,35,0.0,0.0,0.000,-0.0,0,HAYIR,HAYIR
2026-08-16 19:32:06.681,0.80,0.62,35,0.0,0.0,0.000,-0.0,0,HAYIR,HAYIR
2026-08-16 19:32:06.701,0.80,0.62,35,0.0,0.0,0.000,-0.0,0,HAYIR,HAYIR
2026-08-16 19:32:06.721,0.80,0.62,35,0.0,0.0,0.000,-0.0,0,HAYIR,HAYIR
2026-08-16 19:32:06.741,0.80,0.62,35,0.0,0.0,0.000,-0.0,0,HAYIR,HAYIR
2026-08-16 19:32:06.761,0.80,0.62,35,0.0,0.0,0.000,-0.0,0,HAYIR,HAYIR
2026-08-16 19:32:06.781,0.80,0.62,35,0.0,0.0,0.000,-0.0,0,HAYIR,HAYIR
2026-08-16 19:32:06.801,0.80,0.62,35,0.0,0.0,0.000,-0.0,0,HAYIR,HAYIR
2026-08-16 19:32:06.821,0.80,0.62,35,0.0,0.0,0.000,-0.0,0,HAYIR,HAYIR
2026-08-16 19:32:06.841,0.80,0.62,35,0.0,0.0,0.000,-0.0,0,HAYIR,HAYIR
2026-08-16 19:32:06.861,0.80,0.61,36,0.0,0.0,0.000,-0.0,0,HAYIR,HAYIR
2026-08-16 19:32:06.881,0.80,0.61,35,0.0,0.0,0.000,-0.0,0,HAYIR,HAYIR
2026-08-16 19:32:06.901,0.80,0.61,36,0.0,0.0,0.000,-0.0,0,HAYIR,HAYIR
2026-08-16 19:32:06.921,0.80,0.61,36,0.0,0.0,0.000,-0.0,0,HAYIR,HAYIR
2026-08-16 19:32:06.941,0.80,0.61,36,0.0,0.0,0.000,-0.0,0,HAYIR,HAYIR
2026-08-16 19:32:06.961,0.80,0.61,36,0.0,0.0,0.000,-0.0,0,HAYIR,HAYIR
2026-08-16 19:32:06.981,0.80,0.61,36,0.0,0.0,0.000,-0.0,0,HAYIR,HAYIR
2026-08-16 19:32:07.001,0.80,0.61,36,0.0,0.0,0.000,-0.0,0,HAYIR,HAYIR
2026-08-16 19:32:07.021,0.80,0.61,36,0.0,0.0,0.000,-0.0,0,HAYIR,HAYIR
2026-08-16 19:32:07.041,0.80,0.61,36,0.0,0.0,0.000,-0.0,0,HAYIR,HAYIR
2026-08-16 19:32:07.061,0.80,0.61,36,0.0,0.0,0.000,-0.0,0,HAYIR,HAYIR
2026-08-16 19:32:07.081,0.80,0.61,36,0.0,0.0,0.000,-0.0,0,HAYIR,HAYIR
2026-08-16 19:32:07.101,0.80,0.61,36,0.0,0.0,0.000,-0.0,0,HAYIR,HAYIR
2026-08-16 19:32:07.121,0.80,0.61,36,0.0,0.0,0.000,-0.0,0,HAYIR,HAYIR
2026-08-16 19:32:07.141,0.80,0.61,36,0.0,0.0,0.000,-0.0,0,HAYIR,HAYIR
2026-08-16 19:32:07.161,0.80,0.61,36,0.0,0.0,0.000,-0.0,0,HAYIR,HAYIR
2026-08-16 19:32:07.181,0.80,0.61,36,0.0,0.0,0.000,-0.0,0,HAYIR,HAYIR
2026-08-16 19:32:07.201,0.80,0.61,36,0.0,0.0,0.000,-0.0,0,HAYIR,HAYIR
2026-08-16 19:32:07.221,0.80,0.61,36,0.0,0.0,0.000,-0.0,0,HAYIR,HAYIR
2026-08-16 19:32:07.241,0.80,0.63,35,0.0,0.0,0.000,-0.0,0,HAYIR,HAYIR
2026-08-16 19:32:07.261,0.80,0.63,36,0.0,0.0,0.000,-0.0,0,HAYIR,HAYIR
2026-08-16 19:32:07.281,0.80,0.63,36,0.0,0.0,0.000,-0.0,0,HAYIR,HAYIR
2026-08-16 19:32:07.301,0.80,0.63,36,0.0,0.0,0.000,-0.0,0,HAYIR,HAYIR
2026-08-16 19:32:07.321,0.80,0.63,36,0.0,0.0,0.000,-0.0,0,HAYIR,HAYIR
2026-08-16 19:32:07.341,0.80,0.63,36,0.0,0.0,0.000,-0.0,0,HAYIR,HAYIR
2026-08-16 19:32:07.361,0.80,0.63,36,0.0,0.0,0.000,-0.0,0,HAYIR,HAYIR
2026-08-16 19:32:07.381,0.80,0.63,36,0.0,0.0,0.000,-0.0,0,HAYIR,HAYIR
2026-08-16 19:32:07.401,0.80,0.63,36,0.0,0.0,0.000,-0.0,0,HAYIR,HAYIR
2026-08-16 19:32:07.421,0.80,0.63,36,0.0,0.0,0.000,-0.0,0,HAYIR,HAYIR
2026-08-16 19:32:07.441,0.80,0.63,36,0.0,0.0,0.000,-0.0,0,HAYIR,HAYIR
2026-08-16 19:32:07.461,0.80,0.63,36,0.0,0.0,0.000,-0.0,0,HAYIR,HAYIR
2026-08-16 19:32:07.481,0.80,0.63,36,0.0,0.0,0.000,-0.0,0,HAYIR,HAYIR
2026-08-16 19:32:07.501,0.80,0.63,36,0.0,0.0,0.000,-0.0,0,HAYIR,HAYIR
2026-08-16 19:32:07.521,0.80,0.63,36,0.0,0.0,0.000,-0.0,0,HAYIR,HAYIR
2026-08-16 19:32:07.541,0.80,0.63,36,0.0,0.0,0.000,-0.0,0,HAYIR,HAYIR
2026-08-16 19:32:07.561,0.80,0.67,34,0.0,0.0,0.000,-0.0,0,HAYIR,HAYIR
2026-08-16 19:32:07.581,0.80,0.67,35,0.0,0.0,0.000,-0.0,0,HAYIR,HAYIR
2026-08-16 19:32:07.601,0.80,0.67,35,0.0,0.0,0.000,-0.0,0,HAYIR,HAYIR
2026-08-16 19:32:07.621,0.80,0.67,35,0.0,0.0,0.000,-0.0,0,HAYIR,HAYIR
2026-08-16 19:32:07.641,0.80,0.67,35,0.0,0.0,0.000,-0.0,0,HAYIR,HAYIR
2026-08-16 19:32:07.661,0.80,0.67,35,0.0,0.0,0.000,-0.0,0,HAYIR,HAYIR
2026-08-16 19:32:07.681,0.80,0.67,35,0.0,0.0,0.000,-0.0,0,HAYIR,HAYIR
2026-08-16 19:32:07.701,0.80,0.67,35,0.0,0.0,0.000,-0.0,0,HAYIR,HAYIR
2026-08-16 19:32:07.721,0.80,0.67,35,0.0,0.0,0.000,-0.0,0,HAYIR,HAYIR
2026-08-16 19:32:07.741,0.80,0.67,35,0.0,0.0,0.000,-0.0,0,HAYIR,HAYIR
2026-08-16 19:32:07.761,0.80,0.67,35,0.0,0.0,0.000,-0.0,0,HAYIR,HAYIR
2026-08-16 19:32:07.781,0.80,0.67,35,0.0,0.0,0.000,-0.0,0,HAYIR,HAYIR
2026-08-16 19:32:07.801,0.80,0.67,35,0.0,0.0,0.000,-0.0,0,HAYIR,HAYIR
2026-08-16 19:32:07.821,0.80,0.67,35,0.0,0.0,0.000,-0.0,0,HAYIR,HAYIR
2026-08-16 19:32:07.841,0.80,0.67,35,0.0,0.0,0.000,-0.0,0,HAYIR,HAYIR
2026-08-16 19:32:07.861,0.80,0.67,35,0.0,0.0,0.000,-0.0,0,HAYIR,HAYIR
2026-08-16 19:32:07.881,0.80,0.73,33,0.0,0.0,0.000,-0.0,0,HAYIR,HAYIR
2026-08-16 19:32:07.901,0.80,0.73,35,0.0,0.0,0.000,-0.0,0,HAYIR,HAYIR
2026-08-16 19:32:07.921,0.80,0.73,35,0.0,0.0,0.000,-0.0,0,HAYIR,HAYIR
2026-08-16 19:32:07.941,0.80,0.73,35,0.0,0.0,0.000,-0.0,0,HAYIR,HAYIR
2026-08-16 19:32:07.961,0.80,0.73,35,0.0,0.0,0.000,-0.0,0,HAYIR,HAYIR
2026-08-16 19:32:07.981,0.80,0.73,35,0.0,0.0,0.000,-0.0,0,HAYIR,HAYIR
2026-08-16 19:32:08.001,0.80,0.73,35,0.0,0.0,0.000,-0.0,0,HAYIR,HAYIR
2026-08-16 19:32:08.021,0.80,0.73,35,0.0,0.0,0.000,-0.0,0,HAYIR,HAYIR
2026-08-16 19:32:08.041,0.80,0.73,35,0.0,0.0,0.000,-0.0,0,HAYIR,HAYIR
2026-08-16 19:32:08.061,0.80,0.73,35,0.0,0.0,0.000,-0.0,0,HAYIR,HAYIR
2026-08-16 19:32:08.081,0.80,0.73,35,0.0,0.0,0.000,-0.0,0,HAYIR,HAYIR
2026-08-16 19:32:08.101,0.80,0.73,35,0.0,0.0,0.000,-0.0,0,HAYIR,HAYIR
2026-08-16 19:32:08.121,0.80,0.73,35,0.0,0.0,0.000,-0.0,0,HAYIR,HAYIR
2026-08-16 19:32:08.141,0.80,0.73,35,0.0,0.0,0.000,-0.0,0,HAYIR,HAYIR
2026-08-16 19:32:08.161,0.80,0.73,35,0.0,0.0,0.000,-0.0,0,HAYIR,HAYIR
2026-08-16 19:32:08.181,0.80,0.73,35,0.0,0.0,0.000,-0.0,0,HAYIR,HAYIR
2026-08-16 19:32:08.201,0.80,0.79,33,0.0,0.0,0.000,-0.0,0,HAYIR,HAYIR
2026-08-16 19:32:08.221,0.80,0.79,35,0.0,0.0,0.000,-0.0,0,HAYIR,HAYIR
2026-08-16 19:32:08.241,0.80,0.79,35,0.0,0.0,0.000,-0.0,0,HAYIR,HAYIR
2026-08-16 19:32:08.261,0.80,0.79,35,0.0,0.0,0.000,-0.0,0,HAYIR,HAYIR
2026-08-16 19:32:08.281,0.80,0.79,35,0.0,0.0,0.000,-0.0,0,HAYIR,HAYIR
2026-08-16 19:32:08.301,0.80,0.79,35,0.0,0.0,0.000,-0.0,0,HAYIR,HAYIR
2026-08-16 19:32:08.321,0.80,0.79,35,0.0,0.0,0.000,-0.0,0,HAYIR,HAYIR
2026-08-16 19:32:08.341,0.80,0.79,35,0.0,0.0,0.000,-0.0,0,HAYIR,HAYIR
2026-08-16 19:32:08.361,0.80,0.79,35,0.0,0.0,0.000,-0.0,0,HAYIR,HAYIR
2026-08-16 19:32:08.381,0.80,0.79,35,0.0,0.0,0.000,-0.0,0,HAYIR,HAYIR
2026-08-16 19:32:08.401,0.80,0.79,35,0.0,0.0,0.000,-0.0,0,HAYIR,HAYIR
2026-08-16 19:32:08.421,0.80,0.79,35,0.0,0.0,0.000,-0.0,0,HAYIR,HAYIR
2026-08-16 19:32:08.441,0.80,0.79,35,0.0,0.0,0.000,-0.0,0,HAYIR,HAYIR
2026-08-16 19:32:08.461,0.80,0.79,35,0.0,0.0,0.000,-0.0,0,HAYIR,HAYIR
2026-08-16 19:32:08.481,0.80,0.79,35,0.0,0.0,0.000,-0.0,0,HAYIR,HAYIR
2026-08-16 19:32:08.501,0.80,0.79,35,0.0,0.0,0.000,-0.0,0,HAYIR,HAYIR
2026-08-16 19:32:08.521,0.80,0.85,28,0.0,0.0,0.000,-0.0,0,HAYIR,HAYIR
2026-08-16 19:32:08.541,0.80,0.85,28,0.0,0.0,0.000,-0.0,0,HAYIR,HAYIR
2026-08-16 19:32:08.561,0.80,0.85,28,0.0,0.0,0.000,-0.0,0,HAYIR,HAYIR
2026-08-16 19:32:08.581,0.80,0.85,28,0.0,0.0,0.000,-0.0,0,HAYIR,HAYIR
2026-08-16 19:32:08.602,0.80,0.85,28,0.0,0.0,0.000,-0.0,0,HAYIR,HAYIR
2026-08-16 19:32:08.621,0.80,0.85,28,0.0,0.0,0.000,-0.0,0,HAYIR,HAYIR
2026-08-16 19:32:08.641,0.80,0.85,28,0.0,0.0,0.000,-0.0,0,HAYIR,HAYIR
2026-08-16 19:32:08.661,0.80,0.85,28,0.0,0.0,0.000,-0.0,0,HAYIR,HAYIR
2026-08-16 19:32:08.681,0.80,0.85,28,0.0,0.0,0.000,-0.0,0,HAYIR,HAYIR
2026-08-16 19:32:08.701,0.80,0.85,28,0.0,0.0,0.000,-0.0,0,HAYIR,HAYIR
2026-08-16 19:32:08.721,0.80,0.85,28,0.0,0.0,0.000,-0.0,0,HAYIR,HAYIR
2026-08-16 19:32:08.741,0.80,0.85,28,0.0,0.0,0.000,-0.0,0,HAYIR,HAYIR
2026-08-16 19:32:08.761,0.80,0.85,28,0.0,0.0,0.000,-0.0,0,HAYIR,HAYIR
2026-08-16 19:32:08.781,0.80,0.85,28,0.0,0.0,0.000,-0.0,0,HAYIR,HAYIR
2026-08-16 19:32:08.801,0.80,0.85,28,0.0,0.0,0.000,-0.0,0,HAYIR,HAYIR
2026-08-16 19:32:08.821,0.80,0.85,28,0.0,0.0,0.000,-0.0,0,HAYIR,HAYIR
2026-08-16 19:32:08.841,0.80,0.85,28,0.0,0.0,0.000,-0.0,0,HAYIR,HAYIR
2026-08-16 19:32:08.861,0.80,0.85,28,0.0,0.0,0.000,-0.0,0,HAYIR,HAYIR
2026-08-16 19:32:08.881,0.80,0.85,28,0.0,0.0,0.000,-0.0,0,HAYIR,HAYIR
2026-08-16 19:32:08.901,0.80,0.91,28,0.0,0.0,0.000,-0.0,0,HAYIR,HAYIR
2026-08-16 19:32:08.921,0.80,0.91,28,0.0,0.0,0.000,-0.0,0,HAYIR,HAYIR
2026-08-16 19:32:08.941,0.80,0.91,28,0.0,0.0,0.000,-0.0,0,HAYIR,HAYIR
2026-08-16 19:32:08.961,0.80,0.91,28,0.0,0.0,0.000,-0.0,0,HAYIR,HAYIR
2026-08-16 19:32:08.981,0.80,0.91,28,0.0,0.0,0.000,-0.0,0,HAYIR,HAYIR
2026-08-16 19:32:09.001,0.80,0.91,28,0.0,0.0,0.000,-0.0,0,HAYIR,HAYIR
2026-08-16 19:32:09.021,0.80,0.91,28,0.0,0.0,0.000,-0.0,0,HAYIR,HAYIR
2026-08-16 19:32:09.041,0.80,0.91,28,0.0,0.0,0.000,-0.0,0,HAYIR,HAYIR
2026-08-16 19:32:09.061,0.80,0.91,28,0.0,0.0,0.000,-0.0,0,HAYIR,HAYIR
2026-08-16 19:32:09.081,0.80,0.91,28,0.0,0.0,0.000,-0.0,0,HAYIR,HAYIR
2026-08-16 19:32:09.101,0.80,0.91,28,0.0,0.0,0.000,-0.0,0,HAYIR,HAYIR
2026-08-16 19:32:09.121,0.80,0.91,28,0.0,0.0,0.000,-0.0,0,HAYIR,HAYIR
2026-08-16 19:32:09.141,0.80,0.91,28,0.0,0.0,0.000,-0.0,0,HAYIR,HAYIR
2026-08-16 19:32:09.161,0.80,0.91,28,0.0,0.0,0.000,-0.0,0,HAYIR,HAYIR
2026-08-16 19:32:09.181,0.80,0.91,28,0.0,0.0,0.000,-0.0,0,HAYIR,HAYIR
2026-08-16 19:32:09.201,0.80,0.91,28,0.0,0.0,0.000,-0.0,0,HAYIR,HAYIR
2026-08-16 19:32:09.221,0.80,0.97,28,0.0,0.0,0.000,-0.0,0,HAYIR,HAYIR
2026-08-16 19:32:09.241,0.80,0.97,28,0.0,0.0,0.000,-0.0,0,HAYIR,HAYIR
2026-08-16 19:32:09.261,0.80,0.97,28,0.0,0.0,0.000,-0.0,0,HAYIR,HAYIR
2026-08-16 19:32:09.281,0.80,0.97,28,0.0,0.0,0.000,-0.0,0,HAYIR,HAYIR
2026-08-16 19:32:09.301,0.80,0.97,28,0.0,0.0,0.000,-0.0,0,HAYIR,HAYIR
2026-08-16 19:32:09.321,0.80,0.97,28,0.0,0.0,0.000,-0.0,0,HAYIR,HAYIR
2026-08-16 19:32:09.341,0.80,0.97,28,0.0,0.0,0.000,-0.0,0,HAYIR,HAYIR
2026-08-16 19:32:09.361,0.80,0.97,28,0.0,0.0,0.000,-0.0,0,HAYIR,HAYIR
2026-08-16 19:32:09.381,0.80,0.97,28,0.0,0.0,0.000,-0.0,0,HAYIR,HAYIR
2026-08-16 19:32:09.401,0.80,0.97,28,0.0,0.0,0.000,-0.0,0,HAYIR,HAYIR
2026-08-16 19:32:09.421,0.80,0.97,28,0.0,0.0,0.000,-0.0,0,HAYIR,HAYIR
2026-08-16 19:32:09.441,0.80,0.97,28,0.0,0.0,0.000,-0.0,0,HAYIR,HAYIR
2026-08-16 19:32:09.461,0.80,0.97,28,0.0,0.0,0.000,-0.0,0,HAYIR,HAYIR
2026-08-16 19:32:09.481,0.80,0.97,28,0.0,0.0,0.000,-0.0,0,HAYIR,HAYIR
2026-08-16 19:32:09.501,0.80,0.97,28,0.0,0.0,0.000,-0.0,0,HAYIR,HAYIR
2026-08-16 19:32:09.521,0.80,0.97,28,0.0,0.0,0.000,-0.0,0,HAYIR,HAYIR
2026-08-16 19:32:09.541,0.80,1.00,28,0.0,0.0,0.000,-0.0,0,HAYIR,HAYIR
2026-08-16 19:32:09.561,0.80,1.00,28,0.0,0.0,0.000,-0.0,0,HAYIR,HAYIR
2026-08-16 19:32:09.581,0.80,1.00,28,0.0,0.0,0.000,-0.0,0,HAYIR,HAYIR
2026-08-16 19:32:09.601,0.80,1.00,28,0.0,0.0,0.000,-0.0,0,HAYIR,HAYIR
2026-08-16 19:32:09.621,0.80,1.00,28,0.0,0.0,0.000,-0.0,0,HAYIR,HAYIR
2026-08-16 19:32:09.641,0.80,1.00,28,0.0,0.0,0.000,-0.0,0,HAYIR,HAYIR
2026-08-16 19:32:09.661,0.80,1.00,28,0.0,0.0,0.000,-0.0,0,HAYIR,HAYIR
2026-08-16 19:32:09.681,0.80,1.00,28,0.0,0.0,0.000,-0.0,0,HAYIR,HAYIR
2026-08-16 19:32:09.701,0.80,1.00,28,0.0,0.0,0.000,-0.0,0,HAYIR,HAYIR
2026-08-16 19:32:09.721,0.80,1.00,28,0.0,0.0,0.000,-0.0,0,HAYIR,HAYIR
2026-08-16 19:32:09.741,0.80,1.00,28,0.0,0.0,0.000,-0.0,0,HAYIR,HAYIR
2026-08-16 19:32:09.761,0.80,1.00,28,0.0,0.0,0.000,-0.0,0,HAYIR,HAYIR
2026-08-16 19:32:09.781,0.80,1.00,28,0.0,0.0,0.000,-0.0,0,HAYIR,HAYIR
2026-08-16 19:32:09.801,0.80,1.00,28,0.0,0.0,0.000,-0.0,0,HAYIR,HAYIR
2026-08-16 19:32:09.821,0.80,1.00,28,0.0,0.0,0.000,-0.0,0,HAYIR,HAYIR
2026-08-16 19:32:09.841,0.80,1.00,28,0.0,0.0,0.000,-0.0,0,HAYIR,HAYIR
2026-08-16 19:32:09.861,0.80,0.99,28,0.0,0.0,0.000,-0.0,0,HAYIR,HAYIR
2026-08-16 19:32:09.881,0.80,0.99,28,0.0,0.0,0.000,-0.0,0,HAYIR,HAYIR
2026-08-16 19:32:09.901,0.80,0.99,28,0.0,0.0,0.000,-0.0,0,HAYIR,HAYIR
2026-08-16 19:32:09.921,0.80,0.99,28,0.0,0.0,0.000,-0.0,0,HAYIR,HAYIR
2026-08-16 19:32:09.941,0.80,0.99,28,0.0,0.0,0.000,-0.0,0,HAYIR,HAYIR
2026-08-16 19:32:09.961,0.80,0.99,28,0.0,0.0,0.000,-0.0,0,HAYIR,HAYIR
2026-08-16 19:32:09.981,0.80,0.99,28,0.0,0.0,0.000,-0.0,0,HAYIR,HAYIR
2026-08-16 19:32:10.001,0.80,0.99,28,0.0,0.0,0.000,-0.0,0,HAYIR,HAYIR
2026-08-16 19:32:10.021,0.80,0.99,28,0.0,0.0,0.000,-0.0,0,HAYIR,HAYIR
2026-08-16 19:32:10.041,0.80,0.99,28,0.0,0.0,0.000,-0.0,0,HAYIR,HAYIR
2026-08-16 19:32:10.061,0.80,0.99,28,0.0,0.0,0.000,-0.0,0,HAYIR,HAYIR
2026-08-16 19:32:10.081,0.80,0.99,28,0.0,0.0,0.000,-0.0,0,HAYIR,HAYIR
2026-08-16 19:32:10.101,0.80,0.99,28,0.0,0.0,0.000,-0.0,0,HAYIR,HAYIR
2026-08-16 19:32:10.121,0.80,0.99,28,0.0,0.0,0.000,-0.0,0,HAYIR,HAYIR
2026-08-16 19:32:10.141,0.80,0.99,28,0.0,0.0,0.000,-0.0,0,HAYIR,HAYIR
2026-08-16 19:32:10.161,0.80,0.99,28,0.0,0.0,0.000,-0.0,0,HAYIR,HAYIR
2026-08-16 19:32:10.181,0.80,0.97,28,0.0,0.0,0.000,-0.0,0,HAYIR,HAYIR
2026-08-16 19:32:10.201,0.80,0.97,28,0.0,0.0,0.000,-0.0,0,HAYIR,HAYIR
2026-08-16 19:32:10.221,0.80,0.97,28,0.0,0.0,0.000,-0.0,0,HAYIR,HAYIR
2026-08-16 19:32:10.241,0.80,0.97,28,0.0,0.0,0.000,-0.0,0,HAYIR,HAYIR
2026-08-16 19:32:10.261,0.80,0.97,28,0.0,0.0,0.000,-0.0,0,HAYIR,HAYIR
2026-08-16 19:32:10.281,0.80,0.97,28,0.0,0.0,0.000,-0.0,0,HAYIR,HAYIR
2026-08-16 19:32:10.301,0.80,0.97,28,0.0,0.0,0.000,-0.0,0,HAYIR,HAYIR
2026-08-16 19:32:10.321,0.80,0.97,28,0.0,0.0,0.000,-0.0,0,HAYIR,HAYIR
2026-08-16 19:32:10.341,0.80,0.97,28,0.0,0.0,0.000,-0.0,0,HAYIR,HAYIR
2026-08-16 19:32:10.361,0.80,0.97,28,0.0,0.0,0.000,-0.0,0,HAYIR,HAYIR
2026-08-16 19:32:10.381,0.80,0.97,28,0.0,0.0,0.000,-0.0,0,HAYIR,HAYIR
2026-08-16 19:32:10.401,0.80,0.97,28,0.0,0.0,0.000,-0.0,0,HAYIR,HAYIR
2026-08-16 19:32:10.421,0.80,0.97,28,0.0,0.0,0.000,-0.0,0,HAYIR,HAYIR
2026-08-16 19:32:10.441,0.80,0.97,28,0.0,0.0,0.000,-0.0,0,HAYIR,HAYIR
2026-08-16 19:32:10.461,0.80,0.97,28,0.0,0.0,0.000,-0.0,0,HAYIR,HAYIR
2026-08-16 19:32:10.481,0.80,0.97,28,0.0,0.0,0.000,-0.0,0,HAYIR,HAYIR
2026-08-16 19:32:10.501,0.80,0.97,28,0.0,0.0,0.000,-0.0,0,HAYIR,HAYIR
2026-08-16 19:32:10.521,0.80,0.97,28,0.0,0.0,0.000,-0.0,0,HAYIR,HAYIR
2026-08-16 19:32:10.541,0.80,0.97,28,0.0,0.0,0.000,-0.0,0,HAYIR,HAYIR
2026-08-16 19:32:10.561,0.80,0.97,28,0.0,0.0,0.000,-0.0,0,HAYIR,HAYIR
2026-08-16 19:32:10.581,0.80,0.92,28,0.0,0.0,0.000,-0.0,0,HAYIR,HAYIR
2026-08-16 19:32:10.601,0.80,0.92,28,0.0,0.0,0.000,-0.0,0,HAYIR,HAYIR
2026-08-16 19:32:10.621,0.80,0.92,28,0.0,0.0,0.000,-0.0,0,HAYIR,HAYIR
2026-08-16 19:32:10.641,0.80,0.92,28,0.0,0.0,0.000,-0.0,0,HAYIR,HAYIR
2026-08-16 19:32:10.661,0.80,0.92,28,0.0,0.0,0.000,-0.0,0,HAYIR,HAYIR
2026-08-16 19:32:10.681,0.80,0.92,28,0.0,0.0,0.000,-0.0,0,HAYIR,HAYIR
2026-08-16 19:32:10.701,0.80,0.92,28,0.0,0.0,0.000,-0.0,0,HAYIR,HAYIR
2026-08-16 19:32:10.721,0.80,0.92,28,0.0,0.0,0.000,-0.0,0,HAYIR,HAYIR
2026-08-16 19:32:10.741,0.80,0.92,28,0.0,0.0,0.000,-0.0,0,HAYIR,HAYIR
2026-08-16 19:32:10.761,0.80,0.92,28,0.0,0.0,0.000,-0.0,0,HAYIR,HAYIR
2026-08-16 19:32:10.781,0.80,0.92,28,0.0,0.0,0.000,-0.0,0,HAYIR,HAYIR
2026-08-16 19:32:10.801,0.80,0.92,28,0.0,0.0,0.000,-0.0,0,HAYIR,HAYIR
2026-08-16 19:32:10.821,0.80,0.92,28,0.0,0.0,0.000,-0.0,0,HAYIR,HAYIR
2026-08-16 19:32:10.841,0.80,0.92,28,0.0,0.0,0.000,-0.0,0,HAYIR,HAYIR
2026-08-16 19:32:10.861,0.80,0.92,28,0.0,0.0,0.000,-0.0,0,HAYIR,HAYIR
2026-08-16 19:32:10.881,0.80,0.92,28,0.0,0.0,0.000,-0.0,0,HAYIR,HAYIR
2026-08-16 19:32:10.901,0.80,0.86,28,0.0,0.0,0.000,-0.0,0,HAYIR,HAYIR
2026-08-16 19:32:10.921,0.80,0.86,28,0.0,0.0,0.000,-0.0,0,HAYIR,HAYIR
2026-08-16 19:32:10.941,0.80,0.86,28,0.0,0.0,0.000,-0.0,0,HAYIR,HAYIR
2026-08-16 19:32:10.961,0.80,0.86,28,0.0,0.0,0.000,-0.0,0,HAYIR,HAYIR
2026-08-16 19:32:10.981,0.80,0.86,28,0.0,0.0,0.000,-0.0,0,HAYIR,HAYIR
2026-08-16 19:32:11.001,0.80,0.86,28,0.0,0.0,0.000,-0.0,0,HAYIR,HAYIR
2026-08-16 19:32:11.021,0.80,0.86,28,0.0,0.0,0.000,-0.0,0,HAYIR,HAYIR
2026-08-16 19:32:11.041,0.80,0.86,28,0.0,0.0,0.000,-0.0,0,HAYIR,HAYIR
2026-08-16 19:32:11.061,0.80,0.86,28,0.0,0.0,0.000,-0.0,0,HAYIR,HAYIR
2026-08-16 19:32:11.081,0.80,0.86,28,0.0,0.0,0.000,-0.0,0,HAYIR,HAYIR
2026-08-16 19:32:11.101,0.80,0.86,28,0.0,0.0,0.000,-0.0,0,HAYIR,HAYIR
2026-08-16 19:32:11.121,0.80,0.86,28,0.0,0.0,0.000,-0.0,0,HAYIR,HAYIR
2026-08-16 19:32:11.141,0.80,0.86,28,0.0,0.0,0.000,-0.0,0,HAYIR,HAYIR
2026-08-16 19:32:11.161,0.80,0.86,28,0.0,0.0,0.000,-0.0,0,HAYIR,HAYIR
2026-08-16 19:32:11.181,0.80,0.86,28,0.0,0.0,0.000,-0.0,0,HAYIR,HAYIR
2026-08-16 19:32:11.201,0.80,0.86,28,0.0,0.0,0.000,-0.0,0,HAYIR,HAYIR
2026-08-16 19:32:11.221,0.80,0.79,37,0.0,0.0,0.000,-0.0,0,HAYIR,HAYIR
2026-08-16 19:32:11.241,0.80,0.79,35,0.0,0.0,0.000,-0.0,0,HAYIR,HAYIR
2026-08-16 19:32:11.261,0.80,0.79,35,0.0,0.0,0.000,-0.0,0,HAYIR,HAYIR
2026-08-16 19:32:11.281,0.80,0.79,35,0.0,0.0,0.000,-0.0,0,HAYIR,HAYIR
2026-08-16 19:32:11.301,0.80,0.79,35,0.0,0.0,0.000,-0.0,0,HAYIR,HAYIR
2026-08-16 19:32:11.321,0.80,0.79,35,0.0,0.0,0.000,-0.0,0,HAYIR,HAYIR
2026-08-16 19:32:11.341,0.80,0.79,35,0.0,0.0,0.000,-0.0,0,HAYIR,HAYIR
2026-08-16 19:32:11.361,0.80,0.79,35,0.0,0.0,0.000,-0.0,0,HAYIR,HAYIR
2026-08-16 19:32:11.381,0.80,0.79,35,0.0,0.0,0.000,-0.0,0,HAYIR,HAYIR
2026-08-16 19:32:11.401,0.80,0.79,35,0.0,0.0,0.000,-0.0,0,HAYIR,HAYIR
2026-08-16 19:32:11.421,0.80,0.79,35,0.0,0.0,0.000,-0.0,0,HAYIR,HAYIR
2026-08-16 19:32:11.441,0.80,0.79,35,0.0,0.0,0.000,-0.0,0,HAYIR,HAYIR
2026-08-16 19:32:11.461,0.80,0.79,35,0.0,0.0,0.000,-0.0,0,HAYIR,HAYIR
2026-08-16 19:32:11.481,0.80,0.79,35,0.0,0.0,0.000,-0.0,0,HAYIR,HAYIR
2026-08-16 19:32:11.501,0.80,0.79,35,0.0,0.0,0.000,-0.0,0,HAYIR,HAYIR
2026-08-16 19:32:11.521,0.80,0.79,35,0.0,0.0,0.000,-0.0,0,HAYIR,HAYIR
2026-08-16 19:32:11.541,0.80,0.73,37,0.0,0.0,0.000,-0.0,0,HAYIR,HAYIR
2026-08-16 19:32:11.561,0.80,0.73,35,0.0,0.0,0.000,-0.0,0,HAYIR,HAYIR
2026-08-16 19:32:11.581,0.80,0.73,35,0.0,0.0,0.000,-0.0,0,HAYIR,HAYIR
2026-08-16 19:32:11.601,0.80,0.73,35,0.0,0.0,0.000,-0.0,0,HAYIR,HAYIR
2026-08-16 19:32:11.621,0.80,0.73,35,0.0,0.0,0.000,-0.0,0,HAYIR,HAYIR
2026-08-16 19:32:11.641,0.80,0.73,35,0.0,0.0,0.000,-0.0,0,HAYIR,HAYIR
2026-08-16 19:32:11.661,0.80,0.73,35,0.0,0.0,0.000,-0.0,0,HAYIR,HAYIR
2026-08-16 19:32:11.681,0.80,0.73,35,0.0,0.0,0.000,-0.0,0,HAYIR,HAYIR
2026-08-16 19:32:11.701,0.80,0.73,35,0.0,0.0,0.000,-0.0,0,HAYIR,HAYIR
2026-08-16 19:32:11.721,0.80,0.73,35,0.0,0.0,0.000,-0.0,0,HAYIR,HAYIR
2026-08-16 19:32:11.741,0.80,0.73,35,0.0,0.0,0.000,-0.0,0,HAYIR,HAYIR
2026-08-16 19:32:11.761,0.80,0.73,35,0.0,0.0,0.000,-0.0,0,HAYIR,HAYIR
2026-08-16 19:32:11.781,0.80,0.73,35,0.0,0.0,0.000,-0.0,0,HAYIR,HAYIR
2026-08-16 19:32:11.801,0.80,0.73,35,0.0,0.0,0.000,-0.0,0,HAYIR,HAYIR
2026-08-16 19:32:11.821,0.80,0.73,35,0.0,0.0,0.000,-0.0,0,HAYIR,HAYIR
2026-08-16 19:32:11.841,0.80,0.73,35,0.0,0.0,0.000,-0.0,0,HAYIR,HAYIR
2026-08-16 19:32:11.861,0.80,0.65,37,0.0,0.0,0.000,-0.0,0,HAYIR,HAYIR
2026-08-16 19:32:11.881,0.80,0.65,35,0.0,0.0,0.000,-0.0,0,HAYIR,HAYIR
2026-08-16 19:32:11.901,0.80,0.65,35,0.0,0.0,0.000,-0.0,0,HAYIR,HAYIR
2026-08-16 19:32:11.921,0.80,0.65,35,0.0,0.0,0.000,-0.0,0,HAYIR,HAYIR
2026-08-16 19:32:11.941,0.80,0.65,35,0.0,0.0,0.000,-0.0,0,HAYIR,HAYIR
2026-08-16 19:32:11.961,0.80,0.65,35,0.0,0.0,0.000,-0.0,0,HAYIR,HAYIR
2026-08-16 19:32:11.981,0.80,0.65,35,0.0,0.0,0.000,-0.0,0,HAYIR,HAYIR
2026-08-16 19:32:12.001,0.80,0.65,35,0.0,0.0,0.000,-0.0,0,HAYIR,HAYIR
2026-08-16 19:32:12.021,0.80,0.65,35,0.0,0.0,0.000,-0.0,0,HAYIR,HAYIR
2026-08-16 19:32:12.041,0.80,0.65,35,0.0,0.0,0.000,-0.0,0,HAYIR,HAYIR
2026-08-16 19:32:12.061,0.80,0.65,35,0.0,0.0,0.000,-0.0,0,HAYIR,HAYIR
2026-08-16 19:32:12.081,0.80,0.65,35,0.0,0.0,0.000,-0.0,0,HAYIR,HAYIR
2026-08-16 19:32:12.101,0.80,0.65,35,0.0,0.0,0.000,-0.0,0,HAYIR,HAYIR
2026-08-16 19:32:12.121,0.80,0.65,35,0.0,0.0,0.000,-0.0,0,HAYIR,HAYIR
2026-08-16 19:32:12.141,0.80,0.65,35,0.0,0.0,0.000,-0.0,0,HAYIR,HAYIR
2026-08-16 19:32:12.161,0.80,0.65,35,0.0,0.0,0.000,-0.0,0,HAYIR,HAYIR
2026-08-16 19:32:12.181,0.80,0.65,35,0.0,0.0,0.000,-0.0,0,HAYIR,HAYIR
2026-08-16 19:32:12.201,0.80,0.65,35,0.0,0.0,0.000,-0.0,0,HAYIR,HAYIR
2026-08-16 19:32:12.221,0.80,0.65,35,0.0,0.0,0.000,-0.0,0,HAYIR,HAYIR
2026-08-16 19:32:12.241,0.80,0.63,36,0.0,0.0,0.000,-0.0,0,HAYIR,HAYIR
2026-08-16 19:32:12.261,0.80,0.63,35,0.0,0.0,0.000,-0.0,0,HAYIR,HAYIR
2026-08-16 19:32:12.281,0.80,0.63,35,0.0,0.0,0.000,-0.0,0,HAYIR,HAYIR
2026-08-16 19:32:12.301,0.80,0.63,35,0.0,0.0,0.000,-0.0,0,HAYIR,HAYIR
2026-08-16 19:32:12.321,0.80,0.63,35,0.0,0.0,0.000,-0.0,0,HAYIR,HAYIR
2026-08-16 19:32:12.341,0.80,0.63,35,0.0,0.0,0.000,-0.0,0,HAYIR,HAYIR
2026-08-16 19:32:12.361,0.80,0.63,35,0.0,0.0,0.000,-0.0,0,HAYIR,HAYIR
2026-08-16 19:32:12.381,0.80,0.63,35,0.0,0.0,0.000,-0.0,0,HAYIR,HAYIR
2026-08-16 19:32:12.401,0.80,0.63,35,0.0,0.0,0.000,-0.0,0,HAYIR,HAYIR
2026-08-16 19:32:12.421,0.80,0.63,35,0.0,0.0,0.000,-0.0,0,HAYIR,HAYIR
2026-08-16 19:32:12.441,0.80,0.63,35,0.0,0.0,0.000,-0.0,0,HAYIR,HAYIR
2026-08-16 19:32:12.461,0.80,0.63,35,0.0,0.0,0.000,-0.0,0,HAYIR,HAYIR
2026-08-16 19:32:12.481,0.80,0.63,35,0.0,0.0,0.000,-0.0,0,HAYIR,HAYIR
2026-08-16 19:32:12.501,0.80,0.63,35,0.0,0.0,0.000,-0.0,0,HAYIR,HAYIR
2026-08-16 19:32:12.521,0.80,0.63,35,0.0,0.0,0.000,-0.0,0,HAYIR,HAYIR
2026-08-16 19:32:12.541,0.80,0.63,35,0.0,0.0,0.000,-0.0,0,HAYIR,HAYIR
2026-08-16 19:32:12.561,0.80,0.63,35,0.0,0.0,0.000,-0.0,0,HAYIR,HAYIR
2026-08-16 19:32:12.581,0.80,0.63,35,0.0,0.0,0.000,-0.0,0,HAYIR,HAYIR
2026-08-16 19:32:12.601,0.80,0.63,35,0.0,0.0,0.000,-0.0,0,HAYIR,HAYIR
2026-08-16 19:32:12.621,0.80,0.63,35,0.0,0.0,0.000,-0.0,0,HAYIR,HAYIR
2026-08-16 19:32:12.641,0.80,0.63,35,0.0,0.0,0.000,-0.0,0,HAYIR,HAYIR
2026-08-16 19:32:12.661,0.80,0.63,35,0.0,0.0,0.000,-0.0,0,HAYIR,HAYIR
2026-08-16 19:32:12.681,0.80,0.63,35,0.0,0.0,0.000,-0.0,0,HAYIR,HAYIR
2026-08-16 19:32:12.701,0.80,0.63,35,0.0,0.0,0.000,-0.0,0,HAYIR,HAYIR
2026-08-16 19:32:12.721,0.80,0.63,35,0.0,0.0,0.000,-0.0,0,HAYIR,HAYIR
2026-08-16 19:32:12.741,0.80,0.63,35,0.0,0.0,0.000,-0.0,0,HAYIR,HAYIR
2026-08-16 19:32:12.761,0.80,0.63,35,0.0,0.0,0.000,-0.0,0,HAYIR,HAYIR
2026-08-16 19:32:12.781,0.80,0.63,35,0.0,0.0,0.000,-0.0,0,HAYIR,HAYIR
2026-08-16 19:32:12.801,0.80,0.63,35,0.0,0.0,0.000,-0.0,0,HAYIR,HAYIR
2026-08-16 19:32:12.821,0.80,0.63,35,0.0,0.0,0.000,-0.0,0,HAYIR,HAYIR
2026-08-16 19:32:12.841,0.80,0.63,35,0.0,0.0,0.000,-0.0,0,HAYIR,HAYIR
2026-08-16 19:32:12.861,0.80,0.63,35,0.0,0.0,0.000,-0.0,0,HAYIR,HAYIR
2026-08-16 19:32:12.881,0.80,0.66,34,0.0,0.0,0.000,-0.0,0,HAYIR,HAYIR
2026-08-16 19:32:12.901,0.80,0.66,35,0.0,0.0,0.000,-0.0,0,HAYIR,HAYIR
2026-08-16 19:32:12.921,0.80,0.66,35,0.0,0.0,0.000,-0.0,0,HAYIR,HAYIR
2026-08-16 19:32:12.941,0.80,0.66,35,0.0,0.0,0.000,-0.0,0,HAYIR,HAYIR
2026-08-16 19:32:12.961,0.80,0.66,35,0.0,0.0,0.000,-0.0,0,HAYIR,HAYIR
2026-08-16 19:32:12.981,0.80,0.66,35,0.0,0.0,0.000,-0.0,0,HAYIR,HAYIR
2026-08-16 19:32:13.001,0.80,0.66,35,0.0,0.0,0.000,-0.0,0,HAYIR,HAYIR
2026-08-16 19:32:13.021,0.80,0.66,35,0.0,0.0,0.000,-0.0,0,HAYIR,HAYIR
2026-08-16 19:32:13.041,0.80,0.66,35,0.0,0.0,0.000,-0.0,0,HAYIR,HAYIR
2026-08-16 19:32:13.061,0.80,0.66,35,0.0,0.0,0.000,-0.0,0,HAYIR,HAYIR
2026-08-16 19:32:13.081,0.80,0.66,35,0.0,0.0,0.000,-0.0,0,HAYIR,HAYIR
2026-08-16 19:32:13.101,0.80,0.66,35,0.0,0.0,0.000,-0.0,0,HAYIR,HAYIR
2026-08-16 19:32:13.121,0.80,0.66,35,0.0,0.0,0.000,-0.0,0,HAYIR,HAYIR
2026-08-16 19:32:13.141,0.80,0.66,35,0.0,0.0,0.000,-0.0,0,HAYIR,HAYIR
2026-08-16 19:32:13.161,0.80,0.66,35,0.0,0.0,0.000,-0.0,0,HAYIR,HAYIR
2026-08-16 19:32:13.181,0.80,0.66,35,0.0,0.0,0.000,-0.0,0,HAYIR,HAYIR
2026-08-16 19:32:13.201,0.80,0.69,34,0.0,0.0,0.000,-0.0,0,HAYIR,HAYIR
2026-08-16 19:32:13.221,0.80,0.69,35,0.0,0.0,0.000,-0.0,0,HAYIR,HAYIR
2026-08-16 19:32:13.241,0.80,0.69,35,0.0,0.0,0.000,-0.0,0,HAYIR,HAYIR
2026-08-16 19:32:13.261,0.80,0.69,35,0.0,0.0,0.000,-0.0,0,HAYIR,HAYIR
2026-08-16 19:32:13.281,0.80,0.69,35,0.0,0.0,0.000,-0.0,0,HAYIR,HAYIR
2026-08-16 19:32:13.301,0.80,0.69,35,0.0,0.0,0.000,-0.0,0,HAYIR,HAYIR
2026-08-16 19:32:13.321,0.80,0.69,35,0.0,0.0,0.000,-0.0,0,HAYIR,HAYIR
2026-08-16 19:32:13.341,0.80,0.69,35,0.0,0.0,0.000,-0.0,0,HAYIR,HAYIR
2026-08-16 19:32:13.361,0.80,0.69,35,0.0,0.0,0.000,-0.0,0,HAYIR,HAYIR
2026-08-16 19:32:13.381,0.80,0.69,35,0.0,0.0,0.000,-0.0,0,HAYIR,HAYIR
2026-08-16 19:32:13.401,0.80,0.69,35,0.0,0.0,0.000,-0.0,0,HAYIR,HAYIR
2026-08-16 19:32:13.421,0.80,0.69,35,0.0,0.0,0.000,-0.0,0,HAYIR,HAYIR
2026-08-16 19:32:13.441,0.80,0.69,35,0.0,0.0,0.000,-0.0,0,HAYIR,HAYIR
2026-08-16 19:32:13.461,0.80,0.69,35,0.0,0.0,0.000,-0.0,0,HAYIR,HAYIR
2026-08-16 19:32:13.481,0.80,0.69,35,0.0,0.0,0.000,-0.0,0,HAYIR,HAYIR
2026-08-16 19:32:13.501,0.80,0.69,35,0.0,0.0,0.000,-0.0,0,HAYIR,HAYIR
2026-08-16 19:32:13.521,0.80,0.72,34,0.0,0.0,0.000,-0.0,0,HAYIR,HAYIR
2026-08-16 19:32:13.541,0.80,0.72,35,0.0,0.0,0.000,-0.0,0,HAYIR,HAYIR
2026-08-16 19:32:13.561,0.80,0.72,35,0.0,0.0,0.000,-0.0,0,HAYIR,HAYIR
2026-08-16 19:32:13.581,0.80,0.72,35,0.0,0.0,0.000,-0.0,0,HAYIR,HAYIR
2026-08-16 19:32:13.601,0.80,0.72,35,0.0,0.0,0.000,-0.0,0,HAYIR,HAYIR
2026-08-16 19:32:13.621,0.80,0.72,35,0.0,0.0,0.000,-0.0,0,HAYIR,HAYIR
2026-08-16 19:32:13.641,0.80,0.72,35,0.0,0.0,0.000,-0.0,0,HAYIR,HAYIR
2026-08-16 19:32:13.661,0.80,0.72,35,0.0,0.0,0.000,-0.0,0,HAYIR,HAYIR
2026-08-16 19:32:13.681,0.80,0.72,35,0.0,0.0,0.000,-0.0,0,HAYIR,HAYIR
2026-08-16 19:32:13.701,0.80,0.72,35,0.0,0.0,0.000,-0.0,0,HAYIR,HAYIR
2026-08-16 19:32:13.721,0.80,0.72,35,0.0,0.0,0.000,-0.0,0,HAYIR,HAYIR
2026-08-16 19:32:13.741,0.80,0.72,35,0.0,0.0,0.000,-0.0,0,HAYIR,HAYIR
2026-08-16 19:32:13.761,0.80,0.72,35,0.0,0.0,0.000,-0.0,0,HAYIR,HAYIR
2026-08-16 19:32:13.781,0.80,0.72,35,0.0,0.0,0.000,-0.0,0,HAYIR,HAYIR
2026-08-16 19:32:13.801,0.80,0.72,35,0.0,0.0,0.000,-0.0,0,HAYIR,HAYIR
2026-08-16 19:32:13.821,0.80,0.72,35,0.0,0.0,0.000,-0.0,0,HAYIR,HAYIR
2026-08-16 19:32:13.841,0.80,0.72,35,0.0,0.0,0.000,-0.0,0,HAYIR,HAYIR
2026-08-16 19:32:13.861,0.80,0.72,35,0.0,0.0,0.000,-0.0,0,HAYIR,HAYIR
2026-08-16 19:32:13.881,0.80,0.72,35,0.0,0.0,0.000,-0.0,0,HAYIR,HAYIR
2026-08-16 19:32:13.901,0.80,0.72,35,0.0,0.0,0.000,-0.0,0,HAYIR,HAYIR
2026-08-16 19:32:13.921,0.80,0.76,33,0.0,0.0,0.000,-0.0,0,HAYIR,HAYIR
2026-08-16 19:32:13.941,0.80,0.76,35,0.0,0.0,0.000,-0.0,0,HAYIR,HAYIR
2026-08-16 19:32:13.961,0.80,0.76,35,0.0,0.0,0.000,-0.0,0,HAYIR,HAYIR
2026-08-16 19:32:13.981,0.80,0.76,35,0.0,0.0,0.000,-0.0,0,HAYIR,HAYIR
2026-08-16 19:32:14.001,0.80,0.76,35,0.0,0.0,0.000,-0.0,0,HAYIR,HAYIR
2026-08-16 19:32:14.021,0.80,0.76,35,0.0,0.0,0.000,-0.0,0,HAYIR,HAYIR
2026-08-16 19:32:14.041,0.80,0.76,35,0.0,0.0,0.000,-0.0,0,HAYIR,HAYIR
2026-08-16 19:32:14.061,0.80,0.76,35,0.0,0.0,0.000,-0.0,0,HAYIR,HAYIR
2026-08-16 19:32:14.081,0.80,0.76,35,0.0,0.0,0.000,-0.0,0,HAYIR,HAYIR
2026-08-16 19:32:14.101,0.80,0.76,35,0.0,0.0,0.000,-0.0,0,HAYIR,HAYIR
2026-08-16 19:32:14.121,0.80,0.76,35,0.0,0.0,0.000,-0.0,0,HAYIR,HAYIR
2026-08-16 19:32:14.141,0.80,0.76,35,0.0,0.0,0.000,-0.0,0,HAYIR,HAYIR
2026-08-16 19:32:14.161,0.80,0.76,35,0.0,0.0,0.000,-0.0,0,HAYIR,HAYIR
2026-08-16 19:32:14.181,0.80,0.76,35,0.0,0.0,0.000,-0.0,0,HAYIR,HAYIR
2026-08-16 19:32:14.201,0.80,0.76,35,0.0,0.0,0.000,-0.0,0,HAYIR,HAYIR
2026-08-16 19:32:14.221,0.80,0.76,35,0.0,0.0,0.000,-0.0,0,HAYIR,HAYIR
2026-08-16 19:32:14.241,0.80,0.83,28,0.0,0.0,0.000,-0.0,0,HAYIR,HAYIR
2026-08-16 19:32:14.261,0.80,0.83,28,0.0,0.0,0.000,-0.0,0,HAYIR,HAYIR
2026-08-16 19:32:14.281,0.80,0.83,28,0.0,0.0,0.000,-0.0,0,HAYIR,HAYIR
2026-08-16 19:32:14.301,0.80,0.83,28,0.0,0.0,0.000,-0.0,0,HAYIR,HAYIR
2026-08-16 19:32:14.321,0.80,0.83,28,0.0,0.0,0.000,-0.0,0,HAYIR,HAYIR
2026-08-16 19:32:14.341,0.80,0.83,28,0.0,0.0,0.000,-0.0,0,HAYIR,HAYIR
2026-08-16 19:32:14.361,0.80,0.83,28,0.0,0.0,0.000,-0.0,0,HAYIR,HAYIR
2026-08-16 19:32:14.381,0.80,0.83,28,0.0,0.0,0.000,-0.0,0,HAYIR,HAYIR
2026-08-16 19:32:14.401,0.80,0.83,28,0.0,0.0,0.000,-0.0,0,HAYIR,HAYIR
2026-08-16 19:32:14.421,0.80,0.83,28,0.0,0.0,0.000,-0.0,0,HAYIR,HAYIR
2026-08-16 19:32:14.441,0.80,0.83,28,0.0,0.0,0.000,-0.0,0,HAYIR,HAYIR
2026-08-16 19:32:14.461,0.80,0.83,28,0.0,0.0,0.000,-0.0,0,HAYIR,HAYIR
2026-08-16 19:32:14.481,0.80,0.83,28,0.0,0.0,0.000,-0.0,0,HAYIR,HAYIR
2026-08-16 19:32:14.501,0.80,0.83,28,0.0,0.0,0.000,-0.0,0,HAYIR,HAYIR
2026-08-16 19:32:14.521,0.80,0.83,28,0.0,0.0,0.000,-0.0,0,HAYIR,HAYIR
2026-08-16 19:32:14.541,0.80,0.83,28,0.0,0.0,0.000,-0.0,0,HAYIR,HAYIR
2026-08-16 19:32:14.561,0.80,0.90,28,0.0,0.0,0.000,-0.0,0,HAYIR,HAYIR
2026-08-16 19:32:14.581,0.80,0.90,28,0.0,0.0,0.000,-0.0,0,HAYIR,HAYIR
2026-08-16 19:32:14.601,0.80,0.90,28,0.0,0.0,0.000,-0.0,0,HAYIR,HAYIR
2026-08-16 19:32:14.621,0.80,0.90,28,0.0,0.0,0.000,-0.0,0,HAYIR,HAYIR
2026-08-16 19:32:14.641,0.80,0.90,28,0.0,0.0,0.000,-0.0,0,HAYIR,HAYIR
2026-08-16 19:32:14.661,0.80,0.90,28,0.0,0.0,0.000,-0.0,0,HAYIR,HAYIR
2026-08-16 19:32:14.681,0.80,0.90,28,0.0,0.0,0.000,-0.0,0,HAYIR,HAYIR
2026-08-16 19:32:14.701,0.80,0.90,28,0.0,0.0,0.000,-0.0,0,HAYIR,HAYIR
2026-08-16 19:32:14.721,0.80,0.90,28,0.0,0.0,0.000,-0.0,0,HAYIR,HAYIR
2026-08-16 19:32:14.741,0.80,0.90,28,0.0,0.0,0.000,-0.0,0,HAYIR,HAYIR
2026-08-16 19:32:14.761,0.80,0.90,28,0.0,0.0,0.000,-0.0,0,HAYIR,HAYIR
2026-08-16 19:32:14.781,0.80,0.90,28,0.0,0.0,0.000,-0.0,0,HAYIR,HAYIR
2026-08-16 19:32:14.801,0.80,0.90,28,0.0,0.0,0.000,-0.0,0,HAYIR,HAYIR
2026-08-16 19:32:14.821,0.80,0.90,28,0.0,0.0,0.000,-0.0,0,HAYIR,HAYIR
2026-08-16 19:32:14.841,0.80,0.90,28,0.0,0.0,0.000,-0.0,0,HAYIR,HAYIR
2026-08-16 19:32:14.861,0.80,0.90,28,0.0,0.0,0.000,-0.0,0,HAYIR,HAYIR
2026-08-16 19:32:14.881,0.80,0.96,28,0.0,0.0,0.000,-0.0,0,HAYIR,HAYIR
2026-08-16 19:32:14.901,0.80,0.96,28,0.0,0.0,0.000,-0.0,0,HAYIR,HAYIR
2026-08-16 19:32:14.921,0.80,0.96,28,0.0,0.0,0.000,-0.0,0,HAYIR,HAYIR
2026-08-16 19:32:14.941,0.80,0.96,28,0.0,0.0,0.000,-0.0,0,HAYIR,HAYIR
2026-08-16 19:32:14.961,0.80,0.96,28,0.0,0.0,0.000,-0.0,0,HAYIR,HAYIR
2026-08-16 19:32:14.981,0.80,0.96,28,0.0,0.0,0.000,-0.0,0,HAYIR,HAYIR
2026-08-16 19:32:15.001,0.80,0.96,28,0.0,0.0,0.000,-0.0,0,HAYIR,HAYIR
2026-08-16 19:32:15.021,0.80,0.96,28,0.0,0.0,0.000,-0.0,0,HAYIR,HAYIR
2026-08-16 19:32:15.041,0.80,0.96,28,0.0,0.0,0.000,-0.0,0,HAYIR,HAYIR
2026-08-16 19:32:15.061,0.80,0.96,28,0.0,0.0,0.000,-0.0,0,HAYIR,HAYIR
2026-08-16 19:32:15.081,0.80,0.96,28,0.0,0.0,0.000,-0.0,0,HAYIR,HAYIR
2026-08-16 19:32:15.101,0.80,0.96,28,0.0,0.0,0.000,-0.0,0,HAYIR,HAYIR
2026-08-16 19:32:15.121,0.80,0.96,28,0.0,0.0,0.000,-0.0,0,HAYIR,HAYIR
2026-08-16 19:32:15.141,0.80,0.96,28,0.0,0.0,0.000,-0.0,0,HAYIR,HAYIR
2026-08-16 19:32:15.161,0.80,0.96,28,0.0,0.0,0.000,-0.0,0,HAYIR,HAYIR
2026-08-16 19:32:15.181,0.80,0.96,28,0.0,0.0,0.000,-0.0,0,HAYIR,HAYIR
2026-08-16 19:32:15.201,0.80,0.98,28,0.0,0.0,0.000,-0.0,0,HAYIR,HAYIR
2026-08-16 19:32:15.221,0.80,0.98,28,0.0,0.0,0.000,-0.0,0,HAYIR,HAYIR
2026-08-16 19:32:15.241,0.80,0.98,28,0.0,0.0,0.000,-0.0,0,HAYIR,HAYIR
2026-08-16 19:32:15.261,0.80,0.98,28,0.0,0.0,0.000,-0.0,0,HAYIR,HAYIR
2026-08-16 19:32:15.281,0.80,0.98,28,0.0,0.0,0.000,-0.0,0,HAYIR,HAYIR
2026-08-16 19:32:15.301,0.80,0.98,28,0.0,0.0,0.000,-0.0,0,HAYIR,HAYIR
2026-08-16 19:32:15.321,0.80,0.98,28,0.0,0.0,0.000,-0.0,0,HAYIR,HAYIR
2026-08-16 19:32:15.341,0.80,0.98,28,0.0,0.0,0.000,-0.0,0,HAYIR,HAYIR
2026-08-16 19:32:15.361,0.80,0.98,28,0.0,0.0,0.000,-0.0,0,HAYIR,HAYIR
2026-08-16 19:32:15.381,0.80,0.98,28,0.0,0.0,0.000,-0.0,0,HAYIR,HAYIR
2026-08-16 19:32:15.401,0.80,0.98,28,0.0,0.0,0.000,-0.0,0,HAYIR,HAYIR
2026-08-16 19:32:15.421,0.80,0.98,28,0.0,0.0,0.000,-0.0,0,HAYIR,HAYIR
2026-08-16 19:32:15.441,0.80,0.98,28,0.0,0.0,0.000,-0.0,0,HAYIR,HAYIR
2026-08-16 19:32:15.461,0.80,0.98,28,0.0,0.0,0.000,-0.0,0,HAYIR,HAYIR
2026-08-16 19:32:15.481,0.80,0.98,28,0.0,0.0,0.000,-0.0,0,HAYIR,HAYIR
2026-08-16 19:32:15.501,0.80,0.98,28,0.0,0.0,0.000,-0.0,0,HAYIR,HAYIR
2026-08-16 19:32:15.521,0.80,0.98,28,0.0,0.0,0.000,-0.0,0,HAYIR,HAYIR
2026-08-16 19:32:15.541,0.80,0.98,28,0.0,0.0,0.000,-0.0,0,HAYIR,HAYIR
2026-08-16 19:32:15.561,0.80,0.98,28,0.0,0.0,0.000,-0.0,0,HAYIR,HAYIR
2026-08-16 19:32:15.581,0.80,0.98,28,0.0,0.0,0.000,-0.0,0,HAYIR,HAYIR
2026-08-16 19:32:15.601,0.80,0.98,28,0.0,0.0,0.000,-0.0,0,HAYIR,HAYIR
2026-08-16 19:32:15.621,0.80,0.98,28,0.0,0.0,0.000,-0.0,0,HAYIR,HAYIR
2026-08-16 19:32:15.641,0.80,0.98,28,0.0,0.0,0.000,-0.0,0,HAYIR,HAYIR
2026-08-16 19:32:15.661,0.80,0.98,28,0.0,0.0,0.000,-0.0,0,HAYIR,HAYIR
2026-08-16 19:32:15.681,0.80,0.98,28,0.0,0.0,0.000,-0.0,0,HAYIR,HAYIR
2026-08-16 19:32:15.701,0.80,0.98,28,0.0,0.0,0.000,-0.0,0,HAYIR,HAYIR
2026-08-16 19:32:15.721,0.80,0.98,28,0.0,0.0,0.000,-0.0,0,HAYIR,HAYIR
2026-08-16 19:32:15.741,0.80,0.98,28,0.0,0.0,0.000,-0.0,0,HAYIR,HAYIR
2026-08-16 19:32:15.761,0.80,0.98,28,0.0,0.0,0.000,-0.0,0,HAYIR,HAYIR
2026-08-16 19:32:15.781,0.80,0.98,28,0.0,0.0,0.000,-0.0,0,HAYIR,HAYIR
2026-08-16 19:32:15.801,0.80,0.98,28,0.0,0.0,0.000,-0.0,0,HAYIR,HAYIR
2026-08-16 19:32:15.821,0.80,0.98,28,0.0,0.0,0.000,-0.0,0,HAYIR,HAYIR
2026-08-16 19:32:15.841,0.80,0.98,28,0.0,0.0,0.000,-0.0,0,HAYIR,HAYIR
2026-08-16 19:32:15.861,0.80,0.98,28,0.0,0.0,0.000,-0.0,0,HAYIR,HAYIR
2026-08-16 19:32:15.881,0.80,0.98,28,0.0,0.0,0.000,-0.0,0,HAYIR,HAYIR
2026-08-16 19:32:15.901,0.80,0.95,28,0.0,0.0,0.000,-0.0,0,HAYIR,HAYIR
2026-08-16 19:32:15.921,0.80,0.95,28,0.0,0.0,0.000,-0.0,0,HAYIR,HAYIR
2026-08-16 19:32:15.941,0.80,0.95,28,0.0,0.0,0.000,-0.0,0,HAYIR,HAYIR
2026-08-16 19:32:15.961,0.80,0.95,28,0.0,0.0,0.000,-0.0,0,HAYIR,HAYIR
2026-08-16 19:32:15.981,0.80,0.95,28,0.0,0.0,0.000,-0.0,0,HAYIR,HAYIR
2026-08-16 19:32:16.001,0.80,0.95,28,0.0,0.0,0.000,-0.0,0,HAYIR,HAYIR
2026-08-16 19:32:16.021,0.80,0.95,28,0.0,0.0,0.000,-0.0,0,HAYIR,HAYIR
2026-08-16 19:32:16.041,0.80,0.95,28,0.0,0.0,0.000,-0.0,0,HAYIR,HAYIR
2026-08-16 19:32:16.061,0.80,0.95,28,0.0,0.0,0.000,-0.0,0,HAYIR,HAYIR
2026-08-16 19:32:16.081,0.80,0.95,28,0.0,0.0,0.000,-0.0,0,HAYIR,HAYIR
2026-08-16 19:32:16.101,0.80,0.95,28,0.0,0.0,0.000,-0.0,0,HAYIR,HAYIR
2026-08-16 19:32:16.121,0.80,0.95,28,0.0,0.0,0.000,-0.0,0,HAYIR,HAYIR
2026-08-16 19:32:16.141,0.80,0.95,28,0.0,0.0,0.000,-0.0,0,HAYIR,HAYIR
2026-08-16 19:32:16.161,0.80,0.95,28,0.0,0.0,0.000,-0.0,0,HAYIR,HAYIR
2026-08-16 19:32:16.181,0.80,0.95,28,0.0,0.0,0.000,-0.0,0,HAYIR,HAYIR
2026-08-16 19:32:16.201,0.80,0.95,28,0.0,0.0,0.000,-0.0,0,HAYIR,HAYIR
2026-08-16 19:32:16.221,0.80,0.88,28,0.0,0.0,0.000,-0.0,0,HAYIR,HAYIR
2026-08-16 19:32:16.241,0.80,0.88,28,0.0,0.0,0.000,-0.0,0,HAYIR,HAYIR
2026-08-16 19:32:16.261,0.80,0.88,28,0.0,0.0,0.000,-0.0,0,HAYIR,HAYIR
2026-08-16 19:32:16.281,0.80,0.88,28,0.0,0.0,0.000,-0.0,0,HAYIR,HAYIR
2026-08-16 19:32:16.301,0.80,0.88,28,0.0,0.0,0.000,-0.0,0,HAYIR,HAYIR
2026-08-16 19:32:16.321,0.80,0.88,28,0.0,0.0,0.000,-0.0,0,HAYIR,HAYIR
2026-08-16 19:32:16.341,0.80,0.88,28,0.0,0.0,0.000,-0.0,0,HAYIR,HAYIR
2026-08-16 19:32:16.361,0.80,0.88,28,0.0,0.0,0.000,-0.0,0,HAYIR,HAYIR
2026-08-16 19:32:16.381,0.80,0.88,28,0.0,0.0,0.000,-0.0,0,HAYIR,HAYIR
2026-08-16 19:32:16.402,0.80,0.88,28,0.0,0.0,0.000,-0.0,0,HAYIR,HAYIR
2026-08-16 19:32:16.421,0.80,0.88,28,0.0,0.0,0.000,-0.0,0,HAYIR,HAYIR
2026-08-16 19:32:16.441,0.80,0.88,28,0.0,0.0,0.000,-0.0,0,HAYIR,HAYIR
2026-08-16 19:32:16.461,0.80,0.88,28,0.0,0.0,0.000,-0.0,0,HAYIR,HAYIR
2026-08-16 19:32:16.481,0.80,0.88,28,0.0,0.0,0.000,-0.0,0,HAYIR,HAYIR
2026-08-16 19:32:16.501,0.80,0.88,28,0.0,0.0,0.000,-0.0,0,HAYIR,HAYIR
2026-08-16 19:32:16.521,0.80,0.88,28,0.0,0.0,0.000,-0.0,0,HAYIR,HAYIR
2026-08-16 19:32:16.541,0.80,0.83,28,0.0,0.0,0.000,-0.0,0,HAYIR,HAYIR
2026-08-16 19:32:16.561,0.80,0.83,28,0.0,0.0,0.000,-0.0,0,HAYIR,HAYIR
2026-08-16 19:32:16.581,0.80,0.83,28,0.0,0.0,0.000,-0.0,0,HAYIR,HAYIR
2026-08-16 19:32:16.601,0.80,0.83,28,0.0,0.0,0.000,-0.0,0,HAYIR,HAYIR
2026-08-16 19:32:16.621,0.80,0.83,28,0.0,0.0,0.000,-0.0,0,HAYIR,HAYIR
2026-08-16 19:32:16.641,0.80,0.83,28,0.0,0.0,0.000,-0.0,0,HAYIR,HAYIR
2026-08-16 19:32:16.661,0.80,0.83,28,0.0,0.0,0.000,-0.0,0,HAYIR,HAYIR
2026-08-16 19:32:16.681,0.80,0.83,28,0.0,0.0,0.000,-0.0,0,HAYIR,HAYIR
2026-08-16 19:32:16.701,0.80,0.83,28,0.0,0.0,0.000,-0.0,0,HAYIR,HAYIR
2026-08-16 19:32:16.721,0.80,0.83,28,0.0,0.0,0.000,-0.0,0,HAYIR,HAYIR
2026-08-16 19:32:16.741,0.80,0.83,28,0.0,0.0,0.000,-0.0,0,HAYIR,HAYIR
2026-08-16 19:32:16.761,0.80,0.83,28,0.0,0.0,0.000,-0.0,0,HAYIR,HAYIR
2026-08-16 19:32:16.781,0.80,0.83,28,0.0,0.0,0.000,-0.0,0,HAYIR,HAYIR
2026-08-16 19:32:16.801,0.80,0.83,28,0.0,0.0,0.000,-0.0,0,HAYIR,HAYIR
2026-08-16 19:32:16.821,0.80,0.83,28,0.0,0.0,0.000,-0.0,0,HAYIR,HAYIR
2026-08-16 19:32:16.841,0.80,0.83,28,0.0,0.0,0.000,-0.0,0,HAYIR,HAYIR
2026-08-16 19:32:16.861,0.80,0.77,37,0.0,0.0,0.000,-0.0,0,HAYIR,HAYIR
2026-08-16 19:32:16.881,0.80,0.77,35,0.0,0.0,0.000,-0.0,0,HAYIR,HAYIR
2026-08-16 19:32:16.901,0.80,0.77,35,0.0,0.0,0.000,-0.0,0,HAYIR,HAYIR
2026-08-16 19:32:16.921,0.80,0.77,35,0.0,0.0,0.000,-0.0,0,HAYIR,HAYIR
2026-08-16 19:32:16.941,0.80,0.77,35,0.0,0.0,0.000,-0.0,0,HAYIR,HAYIR
2026-08-16 19:32:16.961,0.80,0.77,35,0.0,0.0,0.000,-0.0,0,HAYIR,HAYIR
2026-08-16 19:32:16.981,0.80,0.77,35,0.0,0.0,0.000,-0.0,0,HAYIR,HAYIR
2026-08-16 19:32:17.001,0.80,0.77,35,0.0,0.0,0.000,-0.0,0,HAYIR,HAYIR
2026-08-16 19:32:17.021,0.80,0.77,35,0.0,0.0,0.000,-0.0,0,HAYIR,HAYIR
2026-08-16 19:32:17.041,0.80,0.77,35,0.0,0.0,0.000,-0.0,0,HAYIR,HAYIR
2026-08-16 19:32:17.061,0.80,0.77,35,0.0,0.0,0.000,-0.0,0,HAYIR,HAYIR
2026-08-16 19:32:17.081,0.80,0.77,35,0.0,0.0,0.000,-0.0,0,HAYIR,HAYIR
2026-08-16 19:32:17.101,0.80,0.77,35,0.0,0.0,0.000,-0.0,0,HAYIR,HAYIR
2026-08-16 19:32:17.121,0.80,0.77,35,0.0,0.0,0.000,-0.0,0,HAYIR,HAYIR
2026-08-16 19:32:17.141,0.80,0.77,35,0.0,0.0,0.000,-0.0,0,HAYIR,HAYIR
2026-08-16 19:32:17.161,0.80,0.77,35,0.0,0.0,0.000,-0.0,0,HAYIR,HAYIR
2026-08-16 19:32:17.181,0.80,0.71,37,0.0,0.0,0.000,-0.0,0,HAYIR,HAYIR
2026-08-16 19:32:17.201,0.80,0.71,35,0.0,0.0,0.000,-0.0,0,HAYIR,HAYIR
2026-08-16 19:32:17.221,0.80,0.71,35,0.0,0.0,0.000,-0.0,0,HAYIR,HAYIR
2026-08-16 19:32:17.241,0.80,0.71,35,0.0,0.0,0.000,-0.0,0,HAYIR,HAYIR
2026-08-16 19:32:17.261,0.80,0.71,35,0.0,0.0,0.000,-0.0,0,HAYIR,HAYIR
2026-08-16 19:32:17.281,0.80,0.71,35,0.0,0.0,0.000,-0.0,0,HAYIR,HAYIR
2026-08-16 19:32:17.301,0.80,0.71,35,0.0,0.0,0.000,-0.0,0,HAYIR,HAYIR
2026-08-16 19:32:17.321,0.80,0.71,35,0.0,0.0,0.000,-0.0,0,HAYIR,HAYIR
2026-08-16 19:32:17.341,0.80,0.71,35,0.0,0.0,0.000,-0.0,0,HAYIR,HAYIR
2026-08-16 19:32:17.361,0.80,0.71,35,0.0,0.0,0.000,-0.0,0,HAYIR,HAYIR
2026-08-16 19:32:17.381,0.80,0.71,35,0.0,0.0,0.000,-0.0,0,HAYIR,HAYIR
2026-08-16 19:32:17.401,0.80,0.71,35,0.0,0.0,0.000,-0.0,0,HAYIR,HAYIR
2026-08-16 19:32:17.421,0.80,0.71,35,0.0,0.0,0.000,-0.0,0,HAYIR,HAYIR
2026-08-16 19:32:17.441,0.80,0.71,35,0.0,0.0,0.000,-0.0,0,HAYIR,HAYIR
2026-08-16 19:32:17.461,0.80,0.71,35,0.0,0.0,0.000,-0.0,0,HAYIR,HAYIR
2026-08-16 19:32:17.481,0.80,0.71,35,0.0,0.0,0.000,-0.0,0,HAYIR,HAYIR
2026-08-16 19:32:17.501,0.80,0.71,35,0.0,0.0,0.000,-0.0,0,HAYIR,HAYIR
2026-08-16 19:32:17.521,0.80,0.71,35,0.0,0.0,0.000,-0.0,0,HAYIR,HAYIR
2026-08-16 19:32:17.541,0.80,0.71,35,0.0,0.0,0.000,-0.0,0,HAYIR,HAYIR
2026-08-16 19:32:17.561,0.80,0.63,37,0.0,0.0,0.000,-0.0,0,HAYIR,HAYIR
2026-08-16 19:32:17.581,0.80,0.63,35,0.0,0.0,0.000,-0.0,0,HAYIR,HAYIR
2026-08-16 19:32:17.601,0.80,0.63,35,0.0,0.0,0.000,-0.0,0,HAYIR,HAYIR
2026-08-16 19:32:17.621,0.80,0.63,35,0.0,0.0,0.000,-0.0,0,HAYIR,HAYIR
2026-08-16 19:32:17.641,0.80,0.63,35,0.0,0.0,0.000,-0.0,0,HAYIR,HAYIR
2026-08-16 19:32:17.661,0.80,0.63,35,0.0,0.0,0.000,-0.0,0,HAYIR,HAYIR
2026-08-16 19:32:17.681,0.80,0.63,35,0.0,0.0,0.000,-0.0,0,HAYIR,HAYIR
2026-08-16 19:32:17.701,0.80,0.63,35,0.0,0.0,0.000,-0.0,0,HAYIR,HAYIR
2026-08-16 19:32:17.721,0.80,0.63,35,0.0,0.0,0.000,-0.0,0,HAYIR,HAYIR
2026-08-16 19:32:17.741,0.80,0.63,35,0.0,0.0,0.000,-0.0,0,HAYIR,HAYIR
2026-08-16 19:32:17.761,0.80,0.63,35,0.0,0.0,0.000,-0.0,0,HAYIR,HAYIR
2026-08-16 19:32:17.781,0.80,0.63,35,0.0,0.0,0.000,-0.0,0,HAYIR,HAYIR
2026-08-16 19:32:17.801,0.80,0.63,35,0.0,0.0,0.000,-0.0,0,HAYIR,HAYIR
2026-08-16 19:32:17.821,0.80,0.63,35,0.0,0.0,0.000,-0.0,0,HAYIR,HAYIR
2026-08-16 19:32:17.841,0.80,0.63,35,0.0,0.0,0.000,-0.0,0,HAYIR,HAYIR
2026-08-16 19:32:17.861,0.80,0.63,35,0.0,0.0,0.000,-0.0,0,HAYIR,HAYIR
2026-08-16 19:32:17.881,0.80,0.60,37,0.0,0.0,0.000,-0.0,0,HAYIR,HAYIR
2026-08-16 19:32:17.901,0.80,0.60,35,0.0,0.0,0.000,-0.0,0,HAYIR,HAYIR
2026-08-16 19:32:17.921,0.80,0.60,35,0.0,0.0,0.000,-0.0,0,HAYIR,HAYIR
2026-08-16 19:32:17.941,0.80,0.60,35,0.0,0.0,0.000,-0.0,0,HAYIR,HAYIR
2026-08-16 19:32:17.961,0.80,0.60,35,0.0,0.0,0.000,-0.0,0,HAYIR,HAYIR
2026-08-16 19:32:17.981,0.80,0.60,35,0.0,0.0,0.000,-0.0,0,HAYIR,HAYIR
2026-08-16 19:32:18.001,0.80,0.60,35,0.0,0.0,0.000,-0.0,0,HAYIR,HAYIR
2026-08-16 19:32:18.021,0.80,0.60,35,0.0,0.0,0.000,-0.0,0,HAYIR,HAYIR
2026-08-16 19:32:18.041,0.80,0.60,35,0.0,0.0,0.000,-0.0,0,HAYIR,HAYIR
2026-08-16 19:32:18.061,0.80,0.60,35,0.0,0.0,0.000,-0.0,0,HAYIR,HAYIR
2026-08-16 19:32:18.081,0.80,0.60,35,0.0,0.0,0.000,-0.0,0,HAYIR,HAYIR
2026-08-16 19:32:18.101,0.80,0.60,35,0.0,0.0,0.000,-0.0,0,HAYIR,HAYIR
2026-08-16 19:32:18.121,0.80,0.60,35,0.0,0.0,0.000,-0.0,0,HAYIR,HAYIR
2026-08-16 19:32:18.141,0.80,0.60,36,0.0,0.0,0.000,-0.0,0,HAYIR,HAYIR
2026-08-16 19:32:18.161,0.80,0.60,36,0.0,0.0,0.000,-0.0,0,HAYIR,HAYIR
2026-08-16 19:32:18.181,0.80,0.60,36,0.0,0.0,0.000,-0.0,0,HAYIR,HAYIR
2026-08-16 19:32:18.201,0.80,0.60,36,0.0,0.0,0.000,-0.0,0,HAYIR,HAYIR
2026-08-16 19:32:18.221,0.80,0.60,36,0.0,0.0,0.000,-0.0,0,HAYIR,HAYIR
2026-08-16 19:32:18.241,0.80,0.60,36,0.0,0.0,0.000,-0.0,0,HAYIR,HAYIR
2026-08-16 19:32:18.261,0.80,0.60,36,0.0,0.0,0.000,-0.0,0,HAYIR,HAYIR
2026-08-16 19:32:18.281,0.80,0.60,36,0.0,0.0,0.000,-0.0,0,HAYIR,HAYIR
2026-08-16 19:32:18.301,0.80,0.60,36,0.0,0.0,0.000,-0.0,0,HAYIR,HAYIR
2026-08-16 19:32:18.321,0.80,0.60,36,0.0,0.0,0.000,-0.0,0,HAYIR,HAYIR
2026-08-16 19:32:18.341,0.80,0.60,36,0.0,0.0,0.000,-0.0,0,HAYIR,HAYIR
2026-08-16 19:32:18.361,0.80,0.60,36,0.0,0.0,0.000,-0.0,0,HAYIR,HAYIR
2026-08-16 19:32:18.381,0.80,0.60,36,0.0,0.0,0.000,-0.0,0,HAYIR,HAYIR
2026-08-16 19:32:18.401,0.80,0.60,36,0.0,0.0,0.000,-0.0,0,HAYIR,HAYIR
2026-08-16 19:32:18.421,0.80,0.60,36,0.0,0.0,0.000,-0.0,0,HAYIR,HAYIR
2026-08-16 19:32:18.441,0.80,0.60,36,0.0,0.0,0.000,-0.0,0,HAYIR,HAYIR
2026-08-16 19:32:18.461,0.80,0.60,36,0.0,0.0,0.000,-0.0,0,HAYIR,HAYIR
2026-08-16 19:32:18.481,0.80,0.60,36,0.0,0.0,0.000,-0.0,0,HAYIR,HAYIR
2026-08-16 19:32:18.501,0.80,0.60,36,0.0,0.0,0.000,-0.0,0,HAYIR,HAYIR
2026-08-16 19:32:18.521,0.80,0.60,36,0.0,0.0,0.000,-0.0,0,HAYIR,HAYIR
2026-08-16 19:32:18.541,0.80,0.62,35,0.0,0.0,0.000,-0.0,0,HAYIR,HAYIR
2026-08-16 19:32:18.561,0.80,0.62,36,0.0,0.0,0.000,-0.0,0,HAYIR,HAYIR
2026-08-16 19:32:18.581,0.80,0.62,36,0.0,0.0,0.000,-0.0,0,HAYIR,HAYIR
2026-08-16 19:32:18.601,0.80,0.62,36,0.0,0.0,0.000,-0.0,0,HAYIR,HAYIR
2026-08-16 19:32:18.621,0.80,0.62,36,0.0,0.0,0.000,-0.0,0,HAYIR,HAYIR
2026-08-16 19:32:18.641,0.80,0.62,36,0.0,0.0,0.000,-0.0,0,HAYIR,HAYIR
2026-08-16 19:32:18.661,0.80,0.62,36,0.0,0.0,0.000,-0.0,0,HAYIR,HAYIR
2026-08-16 19:32:18.681,0.80,0.62,36,0.0,0.0,0.000,-0.0,0,HAYIR,HAYIR
2026-08-16 19:32:18.701,0.80,0.62,36,0.0,0.0,0.000,-0.0,0,HAYIR,HAYIR
2026-08-16 19:32:18.721,0.80,0.62,36,0.0,0.0,0.000,-0.0,0,HAYIR,HAYIR
2026-08-16 19:32:18.741,0.80,0.62,36,0.0,0.0,0.000,-0.0,0,HAYIR,HAYIR
2026-08-16 19:32:18.761,0.80,0.62,36,0.0,0.0,0.000,-0.0,0,HAYIR,HAYIR
2026-08-16 19:32:18.781,0.80,0.62,36,0.0,0.0,0.000,-0.0,0,HAYIR,HAYIR
2026-08-16 19:32:18.801,0.80,0.62,36,0.0,0.0,0.000,-0.0,0,HAYIR,HAYIR
2026-08-16 19:32:18.821,0.80,0.62,36,0.0,0.0,0.000,-0.0,0,HAYIR,HAYIR
2026-08-16 19:32:18.841,0.80,0.62,36,0.0,0.0,0.000,-0.0,0,HAYIR,HAYIR
2026-08-16 19:32:18.861,0.80,0.65,34,0.0,0.0,0.000,-0.0,0,HAYIR,HAYIR
2026-08-16 19:32:18.881,0.80,0.65,36,0.0,0.0,0.000,-0.0,0,HAYIR,HAYIR
2026-08-16 19:32:18.901,0.80,0.65,36,0.0,0.0,0.000,-0.0,0,HAYIR,HAYIR
2026-08-16 19:32:18.921,0.80,0.65,36,0.0,0.0,0.000,-0.0,0,HAYIR,HAYIR
2026-08-16 19:32:18.941,0.80,0.65,36,0.0,0.0,0.000,-0.0,0,HAYIR,HAYIR
2026-08-16 19:32:18.961,0.80,0.65,36,0.0,0.0,0.000,-0.0,0,HAYIR,HAYIR
2026-08-16 19:32:18.981,0.80,0.65,36,0.0,0.0,0.000,-0.0,0,HAYIR,HAYIR
2026-08-16 19:32:19.001,0.80,0.65,36,0.0,0.0,0.000,-0.0,0,HAYIR,HAYIR
2026-08-16 19:32:19.021,0.80,0.65,36,0.0,0.0,0.000,-0.0,0,HAYIR,HAYIR
2026-08-16 19:32:19.041,0.80,0.65,36,0.0,0.0,0.000,-0.0,0,HAYIR,HAYIR
2026-08-16 19:32:19.061,0.80,0.65,36,0.0,0.0,0.000,-0.0,0,HAYIR,HAYIR
2026-08-16 19:32:19.081,0.80,0.65,36,0.0,0.0,0.000,-0.0,0,HAYIR,HAYIR
2026-08-16 19:32:19.101,0.80,0.65,36,0.0,0.0,0.000,-0.0,0,HAYIR,HAYIR
2026-08-16 19:32:19.121,0.80,0.65,36,0.0,0.0,0.000,-0.0,0,HAYIR,HAYIR
2026-08-16 19:32:19.141,0.80,0.65,36,0.0,0.0,0.000,-0.0,0,HAYIR,HAYIR
2026-08-16 19:32:19.161,0.80,0.65,36,0.0,0.0,0.000,-0.0,0,HAYIR,HAYIR
2026-08-16 19:32:19.181,0.80,0.65,36,0.0,0.0,0.000,-0.0,0,HAYIR,HAYIR
2026-08-16 19:32:19.201,0.80,0.65,36,0.0,0.0,0.000,-0.0,0,HAYIR,HAYIR
2026-08-16 19:32:19.221,0.80,0.65,36,0.0,0.0,0.000,-0.0,0,HAYIR,HAYIR
2026-08-16 19:32:19.241,0.80,0.70,33,0.0,0.0,0.000,-0.0,0,HAYIR,HAYIR
2026-08-16 19:32:19.261,0.80,0.70,35,0.0,0.0,0.000,-0.0,0,HAYIR,HAYIR
2026-08-16 19:32:19.281,0.80,0.70,35,0.0,0.0,0.000,-0.0,0,HAYIR,HAYIR
2026-08-16 19:32:19.301,0.80,0.70,35,0.0,0.0,0.000,-0.0,0,HAYIR,HAYIR
2026-08-16 19:32:19.321,0.80,0.70,35,0.0,0.0,0.000,-0.0,0,HAYIR,HAYIR
2026-08-16 19:32:19.341,0.80,0.70,35,0.0,0.0,0.000,-0.0,0,HAYIR,HAYIR
2026-08-16 19:32:19.361,0.80,0.70,35,0.0,0.0,0.000,-0.0,0,HAYIR,HAYIR
2026-08-16 19:32:19.381,0.80,0.70,35,0.0,0.0,0.000,-0.0,0,HAYIR,HAYIR
2026-08-16 19:32:19.401,0.80,0.70,35,0.0,0.0,0.000,-0.0,0,HAYIR,HAYIR
2026-08-16 19:32:19.421,0.80,0.70,35,0.0,0.0,0.000,-0.0,0,HAYIR,HAYIR
2026-08-16 19:32:19.441,0.80,0.70,35,0.0,0.0,0.000,-0.0,0,HAYIR,HAYIR
2026-08-16 19:32:19.461,0.80,0.70,35,0.0,0.0,0.000,-0.0,0,HAYIR,HAYIR
2026-08-16 19:32:19.481,0.80,0.70,35,0.0,0.0,0.000,-0.0,0,HAYIR,HAYIR
2026-08-16 19:32:19.501,0.80,0.70,35,0.0,0.0,0.000,-0.0,0,HAYIR,HAYIR
2026-08-16 19:32:19.521,0.80,0.70,35,0.0,0.0,0.000,-0.0,0,HAYIR,HAYIR
2026-08-16 19:32:19.541,0.80,0.70,35,0.0,0.0,0.000,-0.0,0,HAYIR,HAYIR
2026-08-16 19:32:19.561,0.80,0.77,32,0.0,0.0,0.000,-0.0,0,HAYIR,HAYIR
2026-08-16 19:32:19.581,0.80,0.77,35,0.0,0.0,0.000,-0.0,0,HAYIR,HAYIR
2026-08-16 19:32:19.601,0.80,0.77,35,0.0,0.0,0.000,-0.0,0,HAYIR,HAYIR
2026-08-16 19:32:19.621,0.80,0.77,35,0.0,0.0,0.000,-0.0,0,HAYIR,HAYIR
2026-08-16 19:32:19.641,0.80,0.77,35,0.0,0.0,0.000,-0.0,0,HAYIR,HAYIR
2026-08-16 19:32:19.661,0.80,0.77,35,0.0,0.0,0.000,-0.0,0,HAYIR,HAYIR
2026-08-16 19:32:19.681,0.80,0.77,35,0.0,0.0,0.000,-0.0,0,HAYIR,HAYIR
2026-08-16 19:32:19.701,0.80,0.77,35,0.0,0.0,0.000,-0.0,0,HAYIR,HAYIR
2026-08-16 19:32:19.721,0.80,0.77,35,0.0,0.0,0.000,-0.0,0,HAYIR,HAYIR
2026-08-16 19:32:19.741,0.80,0.77,35,0.0,0.0,0.000,-0.0,0,HAYIR,HAYIR
2026-08-16 19:32:19.761,0.80,0.77,35,0.0,0.0,0.000,-0.0,0,HAYIR,HAYIR
2026-08-16 19:32:19.781,0.80,0.77,35,0.0,0.0,0.000,-0.0,0,HAYIR,HAYIR
2026-08-16 19:32:19.801,0.80,0.77,35,0.0,0.0,0.000,-0.0,0,HAYIR,HAYIR
2026-08-16 19:32:19.821,0.80,0.77,35,0.0,0.0,0.000,-0.0,0,HAYIR,HAYIR
2026-08-16 19:32:19.841,0.80,0.77,35,0.0,0.0,0.000,-0.0,0,HAYIR,HAYIR
2026-08-16 19:32:19.861,0.80,0.77,35,0.0,0.0,0.000,-0.0,0,HAYIR,HAYIR
2026-08-16 19:32:19.881,0.80,0.84,28,0.0,0.0,0.000,-0.0,0,HAYIR,HAYIR
2026-08-16 19:32:19.901,0.80,0.84,28,0.0,0.0,0.000,-0.0,0,HAYIR,HAYIR
2026-08-16 19:32:19.921,0.80,0.84,28,0.0,0.0,0.000,-0.0,0,HAYIR,HAYIR
2026-08-16 19:32:19.941,0.80,0.84,28,0.0,0.0,0.000,-0.0,0,HAYIR,HAYIR
2026-08-16 19:32:19.961,0.80,0.84,28,0.0,0.0,0.000,-0.0,0,HAYIR,HAYIR
2026-08-16 19:32:19.981,0.80,0.84,28,0.0,0.0,0.000,-0.0,0,HAYIR,HAYIR
2026-08-16 19:32:20.001,0.80,0.84,28,0.0,0.0,0.000,-0.0,0,HAYIR,HAYIR
2026-08-16 19:32:20.021,0.80,0.84,28,0.0,0.0,0.000,-0.0,0,HAYIR,HAYIR
2026-08-16 19:32:20.041,0.80,0.84,28,0.0,0.0,0.000,-0.0,0,HAYIR,HAYIR
2026-08-16 19:32:20.061,0.80,0.84,28,0.0,0.0,0.000,-0.0,0,HAYIR,HAYIR
2026-08-16 19:32:20.081,0.80,0.84,28,0.0,0.0,0.000,-0.0,0,HAYIR,HAYIR
2026-08-16 19:32:20.101,0.80,0.84,28,0.0,0.0,0.000,-0.0,0,HAYIR,HAYIR
2026-08-16 19:32:20.121,0.80,0.84,28,0.0,0.0,0.000,-0.0,0,HAYIR,HAYIR
2026-08-16 19:32:20.141,0.80,0.84,28,0.0,0.0,0.000,-0.0,0,HAYIR,HAYIR
2026-08-16 19:32:20.161,0.80,0.84,28,0.0,0.0,0.000,-0.0,0,HAYIR,HAYIR
2026-08-16 19:32:20.181,0.80,0.84,28,0.0,0.0,0.000,-0.0,0,HAYIR,HAYIR
2026-08-16 19:32:20.201,0.80,0.90,28,0.0,0.0,0.000,-0.0,0,HAYIR,HAYIR
2026-08-16 19:32:20.221,0.80,0.90,28,0.0,0.0,0.000,-0.0,0,HAYIR,HAYIR
2026-08-16 19:32:20.241,0.80,0.90,28,0.0,0.0,0.000,-0.0,0,HAYIR,HAYIR
2026-08-16 19:32:20.261,0.80,0.90,28,0.0,0.0,0.000,-0.0,0,HAYIR,HAYIR
2026-08-16 19:32:20.281,0.80,0.90,28,0.0,0.0,0.000,-0.0,0,HAYIR,HAYIR
2026-08-16 19:32:20.301,0.80,0.90,28,0.0,0.0,0.000,-0.0,0,HAYIR,HAYIR
2026-08-16 19:32:20.321,0.80,0.90,28,0.0,0.0,0.000,-0.0,0,HAYIR,HAYIR
2026-08-16 19:32:20.341,0.80,0.90,28,0.0,0.0,0.000,-0.0,0,HAYIR,HAYIR
2026-08-16 19:32:20.361,0.80,0.90,28,0.0,0.0,0.000,-0.0,0,HAYIR,HAYIR
2026-08-16 19:32:20.381,0.80,0.90,28,0.0,0.0,0.000,-0.0,0,HAYIR,HAYIR
2026-08-16 19:32:20.401,0.80,0.90,28,0.0,0.0,0.000,-0.0,0,HAYIR,HAYIR
2026-08-16 19:32:20.421,0.80,0.90,28,0.0,0.0,0.000,-0.0,0,HAYIR,HAYIR
2026-08-16 19:32:20.441,0.80,0.90,28,0.0,0.0,0.000,-0.0,0,HAYIR,HAYIR
2026-08-16 19:32:20.461,0.80,0.90,28,0.0,0.0,0.000,-0.0,0,HAYIR,HAYIR
2026-08-16 19:32:20.481,0.80,0.90,28,0.0,0.0,0.000,-0.0,0,HAYIR,HAYIR
2026-08-16 19:32:20.501,0.80,0.90,28,0.0,0.0,0.000,-0.0,0,HAYIR,HAYIR
2026-08-16 19:32:20.521,0.80,0.95,28,0.0,0.0,0.000,-0.0,0,HAYIR,HAYIR
2026-08-16 19:32:20.541,0.80,0.95,28,0.0,0.0,0.000,-0.0,0,HAYIR,HAYIR
2026-08-16 19:32:20.561,0.80,0.95,28,0.0,0.0,0.000,-0.0,0,HAYIR,HAYIR
2026-08-16 19:32:20.581,0.80,0.95,28,0.0,0.0,0.000,-0.0,0,HAYIR,HAYIR
2026-08-16 19:32:20.601,0.80,0.95,28,0.0,0.0,0.000,-0.0,0,HAYIR,HAYIR
2026-08-16 19:32:20.621,0.80,0.95,28,0.0,0.0,0.000,-0.0,0,HAYIR,HAYIR
2026-08-16 19:32:20.641,0.80,0.95,28,0.0,0.0,0.000,-0.0,0,HAYIR,HAYIR
2026-08-16 19:32:20.661,0.80,0.95,28,0.0,0.0,0.000,-0.0,0,HAYIR,HAYIR
2026-08-16 19:32:20.681,0.80,0.95,28,0.0,0.0,0.000,-0.0,0,HAYIR,HAYIR
2026-08-16 19:32:20.701,0.80,0.95,28,0.0,0.0,0.000,-0.0,0,HAYIR,HAYIR
2026-08-16 19:32:20.721,0.80,0.95,28,0.0,0.0,0.000,-0.0,0,HAYIR,HAYIR
2026-08-16 19:32:20.741,0.80,0.95,28,0.0,0.0,0.000,-0.0,0,HAYIR,HAYIR
2026-08-16 19:32:20.761,0.80,0.95,28,0.0,0.0,0.000,-0.0,0,HAYIR,HAYIR
2026-08-16 19:32:20.781,0.80,0.95,28,0.0,0.0,0.000,-0.0,0,HAYIR,HAYIR
2026-08-16 19:32:20.801,0.80,0.95,28,0.0,0.0,0.000,-0.0,0,HAYIR,HAYIR
2026-08-16 19:32:20.821,0.80,0.95,28,0.0,0.0,0.000,-0.0,0,HAYIR,HAYIR
2026-08-16 19:32:20.841,0.80,0.95,28,0.0,0.0,0.000,-0.0,0,HAYIR,HAYIR
2026-08-16 19:32:20.861,0.80,0.95,28,0.0,0.0,0.000,-0.0,0,HAYIR,HAYIR
2026-08-16 19:32:20.881,0.80,0.95,28,0.0,0.0,0.000,-0.0,0,HAYIR,HAYIR
2026-08-16 19:32:20.901,0.80,0.96,28,0.0,0.0,0.000,-0.0,0,HAYIR,HAYIR
2026-08-16 19:32:20.921,0.80,0.96,28,0.0,0.0,0.000,-0.0,0,HAYIR,HAYIR
2026-08-16 19:32:20.941,0.80,0.96,28,0.0,0.0,0.000,-0.0,0,HAYIR,HAYIR
2026-08-16 19:32:20.961,0.80,0.96,28,0.0,0.0,0.000,-0.0,0,HAYIR,HAYIR
2026-08-16 19:32:20.981,0.80,0.96,28,0.0,0.0,0.000,-0.0,0,HAYIR,HAYIR
2026-08-16 19:32:21.001,0.80,0.96,28,0.0,0.0,0.000,-0.0,0,HAYIR,HAYIR
2026-08-16 19:32:21.021,0.80,0.96,28,0.0,0.0,0.000,-0.0,0,HAYIR,HAYIR
2026-08-16 19:32:21.041,0.80,0.96,28,0.0,0.0,0.000,-0.0,0,HAYIR,HAYIR
2026-08-16 19:32:21.061,0.80,0.96,28,0.0,0.0,0.000,-0.0,0,HAYIR,HAYIR
2026-08-16 19:32:21.081,0.80,0.96,28,0.0,0.0,0.000,-0.0,0,HAYIR,HAYIR
2026-08-16 19:32:21.102,0.80,0.96,28,0.0,0.0,0.000,-0.0,0,HAYIR,HAYIR
2026-08-16 19:32:21.121,0.80,0.96,28,0.0,0.0,0.000,-0.0,0,HAYIR,HAYIR
2026-08-16 19:32:21.141,0.80,0.96,28,0.0,0.0,0.000,-0.0,0,HAYIR,HAYIR
2026-08-16 19:32:21.161,0.80,0.96,28,0.0,0.0,0.000,-0.0,0,HAYIR,HAYIR
2026-08-16 19:32:21.181,0.80,0.96,28,0.0,0.0,0.000,-0.0,0,HAYIR,HAYIR
2026-08-16 19:32:21.201,0.80,0.96,28,0.0,0.0,0.000,-0.0,0,HAYIR,HAYIR
2026-08-16 19:32:21.221,0.80,0.93,28,0.0,0.0,0.000,-0.0,0,HAYIR,HAYIR
2026-08-16 19:32:21.241,0.80,0.93,28,0.0,0.0,0.000,-0.0,0,HAYIR,HAYIR
2026-08-16 19:32:21.261,0.80,0.93,28,0.0,0.0,0.000,-0.0,0,HAYIR,HAYIR
2026-08-16 19:32:21.281,0.80,0.93,28,0.0,0.0,0.000,-0.0,0,HAYIR,HAYIR
2026-08-16 19:32:21.301,0.80,0.93,28,0.0,0.0,0.000,-0.0,0,HAYIR,HAYIR
2026-08-16 19:32:21.321,0.80,0.93,28,0.0,0.0,0.000,-0.0,0,HAYIR,HAYIR
2026-08-16 19:32:21.341,0.80,0.93,28,0.0,0.0,0.000,-0.0,0,HAYIR,HAYIR
2026-08-16 19:32:21.361,0.80,0.93,28,0.0,0.0,0.000,-0.0,0,HAYIR,HAYIR
2026-08-16 19:32:21.381,0.80,0.93,28,0.0,0.0,0.000,-0.0,0,HAYIR,HAYIR
2026-08-16 19:32:21.401,0.80,0.93,28,0.0,0.0,0.000,-0.0,0,HAYIR,HAYIR
2026-08-16 19:32:21.421,0.80,0.93,28,0.0,0.0,0.000,-0.0,0,HAYIR,HAYIR
2026-08-16 19:32:21.441,0.80,0.93,28,0.0,0.0,0.000,-0.0,0,HAYIR,HAYIR
2026-08-16 19:32:21.461,0.80,0.93,28,0.0,0.0,0.000,-0.0,0,HAYIR,HAYIR
2026-08-16 19:32:21.481,0.80,0.93,28,0.0,0.0,0.000,-0.0,0,HAYIR,HAYIR
2026-08-16 19:32:21.501,0.80,0.93,28,0.0,0.0,0.000,-0.0,0,HAYIR,HAYIR
2026-08-16 19:32:21.521,0.80,0.93,28,0.0,0.0,0.000,-0.0,0,HAYIR,HAYIR
2026-08-16 19:32:21.541,0.80,0.89,28,0.0,0.0,0.000,-0.0,0,HAYIR,HAYIR
2026-08-16 19:32:21.561,0.80,0.89,28,0.0,0.0,0.000,-0.0,0,HAYIR,HAYIR
2026-08-16 19:32:21.581,0.80,0.89,28,0.0,0.0,0.000,-0.0,0,HAYIR,HAYIR
2026-08-16 19:32:21.601,0.80,0.89,28,0.0,0.0,0.000,-0.0,0,HAYIR,HAYIR
2026-08-16 19:32:21.621,0.80,0.89,28,0.0,0.0,0.000,-0.0,0,HAYIR,HAYIR
2026-08-16 19:32:21.641,0.80,0.89,28,0.0,0.0,0.000,-0.0,0,HAYIR,HAYIR
2026-08-16 19:32:21.661,0.80,0.89,28,0.0,0.0,0.000,-0.0,0,HAYIR,HAYIR
2026-08-16 19:32:21.681,0.80,0.89,28,0.0,0.0,0.000,-0.0,0,HAYIR,HAYIR
2026-08-16 19:32:21.701,0.80,0.89,28,0.0,0.0,0.000,-0.0,0,HAYIR,HAYIR
2026-08-16 19:32:21.721,0.80,0.89,28,0.0,0.0,0.000,-0.0,0,HAYIR,HAYIR
2026-08-16 19:32:21.741,0.80,0.89,28,0.0,0.0,0.000,-0.0,0,HAYIR,HAYIR
2026-08-16 19:32:21.761,0.80,0.89,28,0.0,0.0,0.000,-0.0,0,HAYIR,HAYIR
2026-08-16 19:32:21.781,0.80,0.89,28,0.0,0.0,0.000,-0.0,0,HAYIR,HAYIR
2026-08-16 19:32:21.801,0.80,0.89,28,0.0,0.0,0.000,-0.0,0,HAYIR,HAYIR
2026-08-16 19:32:21.821,0.80,0.89,28,0.0,0.0,0.000,-0.0,0,HAYIR,HAYIR
2026-08-16 19:32:21.841,0.80,0.89,28,0.0,0.0,0.000,-0.0,0,HAYIR,HAYIR
2026-08-16 19:32:21.861,0.80,0.84,28,0.0,0.0,0.000,-0.0,0,HAYIR,HAYIR
2026-08-16 19:32:21.881,0.80,0.84,28,0.0,0.0,0.000,-0.0,0,HAYIR,HAYIR
2026-08-16 19:32:21.901,0.80,0.84,28,0.0,0.0,0.000,-0.0,0,HAYIR,HAYIR
2026-08-16 19:32:21.921,0.80,0.84,28,0.0,0.0,0.000,-0.0,0,HAYIR,HAYIR
2026-08-16 19:32:21.941,0.80,0.84,28,0.0,0.0,0.000,-0.0,0,HAYIR,HAYIR
2026-08-16 19:32:21.961,0.80,0.84,28,0.0,0.0,0.000,-0.0,0,HAYIR,HAYIR
2026-08-16 19:32:21.981,0.80,0.84,28,0.0,0.0,0.000,-0.0,0,HAYIR,HAYIR
2026-08-16 19:32:22.001,0.80,0.84,28,0.0,0.0,0.000,-0.0,0,HAYIR,HAYIR
2026-08-16 19:32:22.021,0.80,0.84,28,0.0,0.0,0.000,-0.0,0,HAYIR,HAYIR
2026-08-16 19:32:22.041,0.80,0.84,28,0.0,0.0,0.000,-0.0,0,HAYIR,HAYIR
2026-08-16 19:32:22.061,0.80,0.84,28,0.0,0.0,0.000,-0.0,0,HAYIR,HAYIR
2026-08-16 19:32:22.081,0.80,0.84,28,0.0,0.0,0.000,-0.0,0,HAYIR,HAYIR
2026-08-16 19:32:22.101,0.80,0.84,28,0.0,0.0,0.000,-0.0,0,HAYIR,HAYIR
2026-08-16 19:32:22.121,0.80,0.84,28,0.0,0.0,0.000,-0.0,0,HAYIR,HAYIR
2026-08-16 19:32:22.141,0.80,0.84,28,0.0,0.0,0.000,-0.0,0,HAYIR,HAYIR
2026-08-16 19:32:22.161,0.80,0.84,28,0.0,0.0,0.000,-0.0,0,HAYIR,HAYIR
2026-08-16 19:32:22.181,0.80,0.78,37,0.0,0.0,0.000,-0.0,0,HAYIR,HAYIR
2026-08-16 19:32:22.201,0.80,0.78,35,0.0,0.0,0.000,-0.0,0,HAYIR,HAYIR
2026-08-16 19:32:22.221,0.80,0.78,35,0.0,0.0,0.000,-0.0,0,HAYIR,HAYIR
2026-08-16 19:32:22.241,0.80,0.78,35,0.0,0.0,0.000,-0.0,0,HAYIR,HAYIR
2026-08-16 19:32:22.261,0.80,0.78,35,0.0,0.0,0.000,-0.0,0,HAYIR,HAYIR
2026-08-16 19:32:22.281,0.80,0.78,35,0.0,0.0,0.000,-0.0,0,HAYIR,HAYIR
2026-08-16 19:32:22.301,0.80,0.78,35,0.0,0.0,0.000,-0.0,0,HAYIR,HAYIR
2026-08-16 19:32:22.321,0.80,0.78,35,0.0,0.0,0.000,-0.0,0,HAYIR,HAYIR
2026-08-16 19:32:22.341,0.80,0.78,35,0.0,0.0,0.000,-0.0,0,HAYIR,HAYIR
2026-08-16 19:32:22.361,0.80,0.78,35,0.0,0.0,0.000,-0.0,0,HAYIR,HAYIR
2026-08-16 19:32:22.381,0.80,0.78,35,0.0,0.0,0.000,-0.0,0,HAYIR,HAYIR
2026-08-16 19:32:22.401,0.80,0.78,35,0.0,0.0,0.000,-0.0,0,HAYIR,HAYIR
2026-08-16 19:32:22.421,0.80,0.78,35,0.0,0.0,0.000,-0.0,0,HAYIR,HAYIR
2026-08-16 19:32:22.441,0.80,0.78,35,0.0,0.0,0.000,-0.0,0,HAYIR,HAYIR
2026-08-16 19:32:22.461,0.80,0.78,35,0.0,0.0,0.000,-0.0,0,HAYIR,HAYIR
2026-08-16 19:32:22.481,0.80,0.78,35,0.0,0.0,0.000,-0.0,0,HAYIR,HAYIR
2026-08-16 19:32:22.501,0.80,0.78,35,0.0,0.0,0.000,-0.0,0,HAYIR,HAYIR
2026-08-16 19:32:22.521,0.80,0.78,35,0.0,0.0,0.000,-0.0,0,HAYIR,HAYIR
2026-08-16 19:32:22.541,0.80,0.78,35,0.0,0.0,0.000,-0.0,0,HAYIR,HAYIR
2026-08-16 19:32:22.561,0.80,0.78,35,0.0,0.0,0.000,-0.0,0,HAYIR,HAYIR
2026-08-16 19:32:22.581,0.80,0.73,37,0.0,0.0,0.000,-0.0,0,HAYIR,HAYIR
2026-08-16 19:32:22.601,0.80,0.73,35,0.0,0.0,0.000,-0.0,0,HAYIR,HAYIR
2026-08-16 19:32:22.621,0.80,0.73,35,0.0,0.0,0.000,-0.0,0,HAYIR,HAYIR
2026-08-16 19:32:22.641,0.80,0.73,35,0.0,0.0,0.000,-0.0,0,HAYIR,HAYIR
2026-08-16 19:32:22.661,0.80,0.73,35,0.0,0.0,0.000,-0.0,0,HAYIR,HAYIR
2026-08-16 19:32:22.681,0.80,0.73,35,0.0,0.0,0.000,-0.0,0,HAYIR,HAYIR
2026-08-16 19:32:22.701,0.80,0.73,35,0.0,0.0,0.000,-0.0,0,HAYIR,HAYIR
2026-08-16 19:32:22.721,0.80,0.73,35,0.0,0.0,0.000,-0.0,0,HAYIR,HAYIR
2026-08-16 19:32:22.741,0.80,0.73,35,0.0,0.0,0.000,-0.0,0,HAYIR,HAYIR
2026-08-16 19:32:22.761,0.80,0.73,35,0.0,0.0,0.000,-0.0,0,HAYIR,HAYIR
2026-08-16 19:32:22.781,0.80,0.73,35,0.0,0.0,0.000,-0.0,0,HAYIR,HAYIR
2026-08-16 19:32:22.801,0.80,0.73,35,0.0,0.0,0.000,-0.0,0,HAYIR,HAYIR
2026-08-16 19:32:22.821,0.80,0.73,35,0.0,0.0,0.000,-0.0,0,HAYIR,HAYIR
2026-08-16 19:32:22.841,0.80,0.73,35,0.0,0.0,0.000,-0.0,0,HAYIR,HAYIR
2026-08-16 19:32:22.861,0.80,0.73,35,0.0,0.0,0.000,-0.0,0,HAYIR,HAYIR
2026-08-16 19:32:22.881,0.80,0.73,35,0.0,0.0,0.000,-0.0,0,HAYIR,HAYIR
2026-08-16 19:32:22.901,0.80,0.67,37,0.0,0.0,0.000,-0.0,0,HAYIR,HAYIR
2026-08-16 19:32:22.921,0.80,0.67,35,0.0,0.0,0.000,-0.0,0,HAYIR,HAYIR
2026-08-16 19:32:22.941,0.80,0.67,35,0.0,0.0,0.000,-0.0,0,HAYIR,HAYIR
2026-08-16 19:32:22.961,0.80,0.67,35,0.0,0.0,0.000,-0.0,0,HAYIR,HAYIR
2026-08-16 19:32:22.981,0.80,0.67,35,0.0,0.0,0.000,-0.0,0,HAYIR,HAYIR
2026-08-16 19:32:23.001,0.80,0.67,35,0.0,0.0,0.000,-0.0,0,HAYIR,HAYIR
2026-08-16 19:32:23.021,0.80,0.67,35,0.0,0.0,0.000,-0.0,0,HAYIR,HAYIR
2026-08-16 19:32:23.041,0.80,0.67,35,0.0,0.0,0.000,-0.0,0,HAYIR,HAYIR
2026-08-16 19:32:23.061,0.80,0.67,35,0.0,0.0,0.000,-0.0,0,HAYIR,HAYIR
2026-08-16 19:32:23.081,0.80,0.67,35,0.0,0.0,0.000,-0.0,0,HAYIR,HAYIR
2026-08-16 19:32:23.101,0.80,0.67,35,0.0,0.0,0.000,-0.0,0,HAYIR,HAYIR
2026-08-16 19:32:23.121,0.80,0.67,35,0.0,0.0,0.000,-0.0,0,HAYIR,HAYIR
2026-08-16 19:32:23.141,0.80,0.67,35,0.0,0.0,0.000,-0.0,0,HAYIR,HAYIR
2026-08-16 19:32:23.161,0.80,0.67,35,0.0,0.0,0.000,-0.0,0,HAYIR,HAYIR
2026-08-16 19:32:23.181,0.80,0.67,35,0.0,0.0,0.000,-0.0,0,HAYIR,HAYIR
2026-08-16 19:32:23.201,0.80,0.67,35,0.0,0.0,0.000,-0.0,0,HAYIR,HAYIR
2026-08-16 19:32:23.221,0.80,0.65,36,0.0,0.0,0.000,-0.0,0,HAYIR,HAYIR
2026-08-16 19:32:23.241,0.80,0.65,35,0.0,0.0,0.000,-0.0,0,HAYIR,HAYIR
2026-08-16 19:32:23.261,0.80,0.65,35,0.0,0.0,0.000,-0.0,0,HAYIR,HAYIR
2026-08-16 19:32:23.281,0.80,0.65,35,0.0,0.0,0.000,-0.0,0,HAYIR,HAYIR
2026-08-16 19:32:23.301,0.80,0.65,35,0.0,0.0,0.000,-0.0,0,HAYIR,HAYIR
2026-08-16 19:32:23.321,0.80,0.65,35,0.0,0.0,0.000,-0.0,0,HAYIR,HAYIR
2026-08-16 19:32:23.341,0.80,0.65,35,0.0,0.0,0.000,-0.0,0,HAYIR,HAYIR
2026-08-16 19:32:23.361,0.80,0.65,35,0.0,0.0,0.000,-0.0,0,HAYIR,HAYIR
2026-08-16 19:32:23.381,0.80,0.65,35,0.0,0.0,0.000,-0.0,0,HAYIR,HAYIR
2026-08-16 19:32:23.401,0.80,0.65,35,0.0,0.0,0.000,-0.0,0,HAYIR,HAYIR
2026-08-16 19:32:23.421,0.80,0.65,35,0.0,0.0,0.000,-0.0,0,HAYIR,HAYIR
2026-08-16 19:32:23.441,0.80,0.65,35,0.0,0.0,0.000,-0.0,0,HAYIR,HAYIR
2026-08-16 19:32:23.461,0.80,0.65,35,0.0,0.0,0.000,-0.0,0,HAYIR,HAYIR
2026-08-16 19:32:23.481,0.80,0.65,35,0.0,0.0,0.000,-0.0,0,HAYIR,HAYIR
2026-08-16 19:32:23.501,0.80,0.65,35,0.0,0.0,0.000,-0.0,0,HAYIR,HAYIR
2026-08-16 19:32:23.521,0.80,0.65,35,0.0,0.0,0.000,-0.0,0,HAYIR,HAYIR
2026-08-16 19:32:23.541,0.80,0.66,35,0.0,0.0,0.000,-0.0,0,HAYIR,HAYIR
2026-08-16 19:32:23.561,0.80,0.66,35,0.0,0.0,0.000,-0.0,0,HAYIR,HAYIR
2026-08-16 19:32:23.581,0.80,0.66,35,0.0,0.0,0.000,-0.0,0,HAYIR,HAYIR
2026-08-16 19:32:23.601,0.80,0.66,35,0.0,0.0,0.000,-0.0,0,HAYIR,HAYIR
2026-08-16 19:32:23.621,0.80,0.66,35,0.0,0.0,0.000,-0.0,0,HAYIR,HAYIR
2026-08-16 19:32:23.641,0.80,0.66,35,0.0,0.0,0.000,-0.0,0,HAYIR,HAYIR
2026-08-16 19:32:23.661,0.80,0.66,35,0.0,0.0,0.000,-0.0,0,HAYIR,HAYIR
2026-08-16 19:32:23.681,0.80,0.66,35,0.0,0.0,0.000,-0.0,0,HAYIR,HAYIR
2026-08-16 19:32:23.701,0.80,0.66,35,0.0,0.0,0.000,-0.0,0,HAYIR,HAYIR
2026-08-16 19:32:23.721,0.80,0.66,35,0.0,0.0,0.000,-0.0,0,HAYIR,HAYIR
2026-08-16 19:32:23.741,0.80,0.66,35,0.0,0.0,0.000,-0.0,0,HAYIR,HAYIR
2026-08-16 19:32:23.761,0.80,0.66,35,0.0,0.0,0.000,-0.0,0,HAYIR,HAYIR
2026-08-16 19:32:23.781,0.80,0.66,35,0.0,0.0,0.000,-0.0,0,HAYIR,HAYIR
2026-08-16 19:32:23.801,0.80,0.66,36,0.0,0.0,0.000,-0.0,0,HAYIR,HAYIR
2026-08-16 19:32:23.821,0.80,0.66,36,0.0,0.0,0.000,-0.0,0,HAYIR,HAYIR
2026-08-16 19:32:23.841,0.80,0.66,36,0.0,0.0,0.000,-0.0,0,HAYIR,HAYIR
2026-08-16 19:32:23.861,0.80,0.71,34,0.0,0.0,0.000,-0.0,0,HAYIR,HAYIR
2026-08-16 19:32:23.881,0.80,0.71,35,0.0,0.0,0.000,-0.0,0,HAYIR,HAYIR
2026-08-16 19:32:23.901,0.80,0.71,35,0.0,0.0,0.000,-0.0,0,HAYIR,HAYIR
2026-08-16 19:32:23.921,0.80,0.71,35,0.0,0.0,0.000,-0.0,0,HAYIR,HAYIR
2026-08-16 19:32:23.941,0.80,0.71,35,0.0,0.0,0.000,-0.0,0,HAYIR,HAYIR
2026-08-16 19:32:23.961,0.80,0.71,35,0.0,0.0,0.000,-0.0,0,HAYIR,HAYIR
2026-08-16 19:32:23.981,0.80,0.71,35,0.0,0.0,0.000,-0.0,0,HAYIR,HAYIR
2026-08-16 19:32:24.001,0.80,0.71,35,0.0,0.0,0.000,-0.0,0,HAYIR,HAYIR
2026-08-16 19:32:24.021,0.80,0.71,35,0.0,0.0,0.000,-0.0,0,HAYIR,HAYIR
2026-08-16 19:32:24.041,0.80,0.71,35,0.0,0.0,0.000,-0.0,0,HAYIR,HAYIR
2026-08-16 19:32:24.061,0.80,0.71,35,0.0,0.0,0.000,-0.0,0,HAYIR,HAYIR
2026-08-16 19:32:24.081,0.80,0.71,35,0.0,0.0,0.000,-0.0,0,HAYIR,HAYIR
2026-08-16 19:32:24.101,0.80,0.71,35,0.0,0.0,0.000,-0.0,0,HAYIR,HAYIR
2026-08-16 19:32:24.121,0.80,0.71,35,0.0,0.0,0.000,-0.0,0,HAYIR,HAYIR
2026-08-16 19:32:24.141,0.80,0.71,35,0.0,0.0,0.000,-0.0,0,HAYIR,HAYIR
2026-08-16 19:32:24.161,0.80,0.71,35,0.0,0.0,0.000,-0.0,0,HAYIR,HAYIR
2026-08-16 19:32:24.181,0.80,0.71,35,0.0,0.0,0.000,-0.0,0,HAYIR,HAYIR
2026-08-16 19:32:24.201,0.80,0.71,35,0.0,0.0,0.000,-0.0,0,HAYIR,HAYIR
2026-08-16 19:32:24.221,0.80,0.71,35,0.0,0.0,0.000,-0.0,0,HAYIR,HAYIR
2026-08-16 19:32:24.241,0.80,0.75,33,0.0,0.0,0.000,-0.0,0,HAYIR,HAYIR
2026-08-16 19:32:24.261,0.80,0.75,35,0.0,0.0,0.000,-0.0,0,HAYIR,HAYIR
2026-08-16 19:32:24.281,0.80,0.75,35,0.0,0.0,0.000,-0.0,0,HAYIR,HAYIR
2026-08-16 19:32:24.301,0.80,0.75,35,0.0,0.0,0.000,-0.0,0,HAYIR,HAYIR
2026-08-16 19:32:24.321,0.80,0.75,35,0.0,0.0,0.000,-0.0,0,HAYIR,HAYIR
2026-08-16 19:32:24.341,0.80,0.75,35,0.0,0.0,0.000,-0.0,0,HAYIR,HAYIR
2026-08-16 19:32:24.361,0.80,0.75,35,0.0,0.0,0.000,-0.0,0,HAYIR,HAYIR
2026-08-16 19:32:24.381,0.80,0.75,35,0.0,0.0,0.000,-0.0,0,HAYIR,HAYIR
2026-08-16 19:32:24.401,0.80,0.75,35,0.0,0.0,0.000,-0.0,0,HAYIR,HAYIR
2026-08-16 19:32:24.421,0.80,0.75,35,0.0,0.0,0.000,-0.0,0,HAYIR,HAYIR
2026-08-16 19:32:24.441,0.80,0.75,35,0.0,0.0,0.000,-0.0,0,HAYIR,HAYIR
2026-08-16 19:32:24.461,0.80,0.75,35,0.0,0.0,0.000,-0.0,0,HAYIR,HAYIR
2026-08-16 19:32:24.481,0.80,0.75,35,0.0,0.0,0.000,-0.0,0,HAYIR,HAYIR
2026-08-16 19:32:24.501,0.80,0.75,35,0.0,0.0,0.000,-0.0,0,HAYIR,HAYIR
2026-08-16 19:32:24.521,0.80,0.75,35,0.0,0.0,0.000,-0.0,0,HAYIR,HAYIR
2026-08-16 19:32:24.541,0.80,0.75,35,0.0,0.0,0.000,-0.0,0,HAYIR,HAYIR
2026-08-16 19:32:24.561,0.80,0.82,28,0.0,0.0,0.000,-0.0,0,HAYIR,HAYIR
2026-08-16 19:32:24.581,0.80,0.82,28,0.0,0.0,0.000,-0.0,0,HAYIR,HAYIR
2026-08-16 19:32:24.601,0.80,0.82,28,0.0,0.0,0.000,-0.0,0,HAYIR,HAYIR
2026-08-16 19:32:24.621,0.80,0.82,28,0.0,0.0,0.000,-0.0,0,HAYIR,HAYIR
2026-08-16 19:32:24.641,0.80,0.82,28,0.0,0.0,0.000,-0.0,0,HAYIR,HAYIR
2026-08-16 19:32:24.661,0.80,0.82,28,0.0,0.0,0.000,-0.0,0,HAYIR,HAYIR
2026-08-16 19:32:24.681,0.80,0.82,28,0.0,0.0,0.000,-0.0,0,HAYIR,HAYIR
2026-08-16 19:32:24.701,0.80,0.82,28,0.0,0.0,0.000,-0.0,0,HAYIR,HAYIR
2026-08-16 19:32:24.721,0.80,0.82,28,0.0,0.0,0.000,-0.0,0,HAYIR,HAYIR
2026-08-16 19:32:24.741,0.80,0.82,28,0.0,0.0,0.000,-0.0,0,HAYIR,HAYIR
2026-08-16 19:32:24.761,0.80,0.82,28,0.0,0.0,0.000,-0.0,0,HAYIR,HAYIR
2026-08-16 19:32:24.781,0.80,0.82,28,0.0,0.0,0.000,-0.0,0,HAYIR,HAYIR
2026-08-16 19:32:24.801,0.80,0.82,28,0.0,0.0,0.000,-0.0,0,HAYIR,HAYIR
2026-08-16 19:32:24.821,0.80,0.82,28,0.0,0.0,0.000,-0.0,0,HAYIR,HAYIR
2026-08-16 19:32:24.841,0.80,0.82,28,0.0,0.0,0.000,-0.0,0,HAYIR,HAYIR
2026-08-16 19:32:24.861,0.80,0.82,28,0.0,0.0,0.000,-0.0,0,HAYIR,HAYIR
2026-08-16 19:32:24.881,0.80,0.87,28,0.0,0.0,0.000,-0.0,0,HAYIR,HAYIR
2026-08-16 19:32:24.901,0.80,0.87,28,0.0,0.0,0.000,-0.0,0,HAYIR,HAYIR
2026-08-16 19:32:24.921,0.80,0.87,28,0.0,0.0,0.000,-0.0,0,HAYIR,HAYIR
2026-08-16 19:32:24.941,0.80,0.87,28,0.0,0.0,0.000,-0.0,0,HAYIR,HAYIR
2026-08-16 19:32:24.961,0.80,0.87,28,0.0,0.0,0.000,-0.0,0,HAYIR,HAYIR
2026-08-16 19:32:24.981,0.80,0.87,28,0.0,0.0,0.000,-0.0,0,HAYIR,HAYIR
2026-08-16 19:32:25.001,0.80,0.87,28,0.0,0.0,0.000,-0.0,0,HAYIR,HAYIR
2026-08-16 19:32:25.021,0.80,0.87,28,0.0,0.0,0.000,-0.0,0,HAYIR,HAYIR
2026-08-16 19:32:25.041,0.80,0.87,28,0.0,0.0,0.000,-0.0,0,HAYIR,HAYIR
2026-08-16 19:32:25.061,0.80,0.87,28,0.0,0.0,0.000,-0.0,0,HAYIR,HAYIR
2026-08-16 19:32:25.081,0.80,0.87,28,0.0,0.0,0.000,-0.0,0,HAYIR,HAYIR
2026-08-16 19:32:25.101,0.80,0.87,28,0.0,0.0,0.000,-0.0,0,HAYIR,HAYIR
2026-08-16 19:32:25.121,0.80,0.87,28,0.0,0.0,0.000,-0.0,0,HAYIR,HAYIR
2026-08-16 19:32:25.141,0.80,0.87,28,0.0,0.0,0.000,-0.0,0,HAYIR,HAYIR
2026-08-16 19:32:25.161,0.80,0.87,28,0.0,0.0,0.000,-0.0,0,HAYIR,HAYIR
2026-08-16 19:32:25.181,0.80,0.87,28,0.0,0.0,0.000,-0.0,0,HAYIR,HAYIR
2026-08-16 19:32:25.201,0.80,0.95,28,0.0,0.0,0.000,-0.0,0,HAYIR,HAYIR
2026-08-16 19:32:25.221,0.80,0.95,28,0.0,0.0,0.000,-0.0,0,HAYIR,HAYIR
2026-08-16 19:32:25.241,0.80,0.95,28,0.0,0.0,0.000,-0.0,0,HAYIR,HAYIR
2026-08-16 19:32:25.261,0.80,0.95,28,0.0,0.0,0.000,-0.0,0,HAYIR,HAYIR
2026-08-16 19:32:25.281,0.80,0.95,28,0.0,0.0,0.000,-0.0,0,HAYIR,HAYIR
2026-08-16 19:32:25.301,0.80,0.95,28,0.0,0.0,0.000,-0.0,0,HAYIR,HAYIR
2026-08-16 19:32:25.321,0.80,0.95,28,0.0,0.0,0.000,-0.0,0,HAYIR,HAYIR
2026-08-16 19:32:25.341,0.80,0.95,28,0.0,0.0,0.000,-0.0,0,HAYIR,HAYIR
2026-08-16 19:32:25.361,0.80,0.95,28,0.0,0.0,0.000,-0.0,0,HAYIR,HAYIR
2026-08-16 19:32:25.381,0.80,0.95,28,0.0,0.0,0.000,-0.0,0,HAYIR,HAYIR
2026-08-16 19:32:25.401,0.80,0.95,28,0.0,0.0,0.000,-0.0,0,HAYIR,HAYIR
2026-08-16 19:32:25.421,0.80,0.95,28,0.0,0.0,0.000,-0.0,0,HAYIR,HAYIR
2026-08-16 19:32:25.441,0.80,0.95,28,0.0,0.0,0.000,-0.0,0,HAYIR,HAYIR
2026-08-16 19:32:25.461,0.80,0.95,28,0.0,0.0,0.000,-0.0,0,HAYIR,HAYIR
2026-08-16 19:32:25.481,0.80,0.95,28,0.0,0.0,0.000,-0.0,0,HAYIR,HAYIR
2026-08-16 19:32:25.501,0.80,0.95,28,0.0,0.0,0.000,-0.0,0,HAYIR,HAYIR
2026-08-16 19:32:25.521,0.80,0.98,28,0.0,0.0,0.000,-0.0,0,HAYIR,HAYIR
2026-08-16 19:32:25.541,0.80,0.98,28,0.0,0.0,0.000,-0.0,0,HAYIR,HAYIR
2026-08-16 19:32:25.561,0.80,0.98,28,0.0,0.0,0.000,-0.0,0,HAYIR,HAYIR
2026-08-16 19:32:25.581,0.80,0.98,28,0.0,0.0,0.000,-0.0,0,HAYIR,HAYIR
2026-08-16 19:32:25.601,0.80,0.98,28,0.0,0.0,0.000,-0.0,0,HAYIR,HAYIR
2026-08-16 19:32:25.621,0.80,0.98,28,0.0,0.0,0.000,-0.0,0,HAYIR,HAYIR
2026-08-16 19:32:25.641,0.80,0.98,28,0.0,0.0,0.000,-0.0,0,HAYIR,HAYIR
2026-08-16 19:32:25.661,0.80,0.98,28,0.0,0.0,0.000,-0.0,0,HAYIR,HAYIR
2026-08-16 19:32:25.681,0.80,0.98,28,0.0,0.0,0.000,-0.0,0,HAYIR,HAYIR
2026-08-16 19:32:25.701,0.80,0.98,28,0.0,0.0,0.000,-0.0,0,HAYIR,HAYIR
2026-08-16 19:32:25.721,0.80,0.98,28,0.0,0.0,0.000,-0.0,0,HAYIR,HAYIR
2026-08-16 19:32:25.741,0.80,0.98,28,0.0,0.0,0.000,-0.0,0,HAYIR,HAYIR
2026-08-16 19:32:25.761,0.80,0.98,28,0.0,0.0,0.000,-0.0,0,HAYIR,HAYIR
2026-08-16 19:32:25.781,0.80,0.98,28,0.0,0.0,0.000,-0.0,0,HAYIR,HAYIR
2026-08-16 19:32:25.801,0.80,0.98,28,0.0,0.0,0.000,-0.0,0,HAYIR,HAYIR
2026-08-16 19:32:25.821,0.80,0.98,28,0.0,0.0,0.000,-0.0,0,HAYIR,HAYIR
2026-08-16 19:32:25.841,0.80,0.98,28,0.0,0.0,0.000,-0.0,0,HAYIR,HAYIR
2026-08-16 19:32:25.861,0.80,0.98,28,0.0,0.0,0.000,-0.0,0,HAYIR,HAYIR
2026-08-16 19:32:25.881,0.80,0.98,28,0.0,0.0,0.000,-0.0,0,HAYIR,HAYIR
2026-08-16 19:32:25.901,0.80,0.98,28,0.0,0.0,0.000,-0.0,0,HAYIR,HAYIR
2026-08-16 19:32:25.921,0.80,0.98,28,0.0,0.0,0.000,-0.0,0,HAYIR,HAYIR
2026-08-16 19:32:25.941,0.80,0.98,28,0.0,0.0,0.000,-0.0,0,HAYIR,HAYIR
2026-08-16 19:32:25.961,0.80,0.98,28,0.0,0.0,0.000,-0.0,0,HAYIR,HAYIR
2026-08-16 19:32:25.981,0.80,0.98,28,0.0,0.0,0.000,-0.0,0,HAYIR,HAYIR
2026-08-16 19:32:26.001,0.80,0.98,28,0.0,0.0,0.000,-0.0,0,HAYIR,HAYIR
2026-08-16 19:32:26.021,0.80,0.98,28,0.0,0.0,0.000,-0.0,0,HAYIR,HAYIR
2026-08-16 19:32:26.041,0.80,0.98,28,0.0,0.0,0.000,-0.0,0,HAYIR,HAYIR
2026-08-16 19:32:26.061,0.80,0.98,28,0.0,0.0,0.000,-0.0,0,HAYIR,HAYIR
2026-08-16 19:32:26.081,0.80,0.98,28,0.0,0.0,0.000,-0.0,0,HAYIR,HAYIR
2026-08-16 19:32:26.101,0.80,0.98,28,0.0,0.0,0.000,-0.0,0,HAYIR,HAYIR
2026-08-16 19:32:26.121,0.80,0.98,28,0.0,0.0,0.000,-0.0,0,HAYIR,HAYIR
2026-08-16 19:32:26.141,0.80,0.98,28,0.0,0.0,0.000,-0.0,0,HAYIR,HAYIR
2026-08-16 19:32:26.161,0.80,0.98,28,0.0,0.0,0.000,-0.0,0,HAYIR,HAYIR
2026-08-16 19:32:26.181,0.80,0.98,28,0.0,0.0,0.000,-0.0,0,HAYIR,HAYIR
2026-08-16 19:32:26.201,0.80,0.98,28,0.0,0.0,0.000,-0.0,0,HAYIR,HAYIR
2026-08-16 19:32:26.221,0.80,0.98,28,0.0,0.0,0.000,-0.0,0,HAYIR,HAYIR
2026-08-16 19:32:26.241,0.80,0.97,28,0.0,0.0,0.000,-0.0,0,HAYIR,HAYIR
2026-08-16 19:32:26.261,0.80,0.97,28,0.0,0.0,0.000,-0.0,0,HAYIR,HAYIR
2026-08-16 19:32:26.281,0.80,0.97,28,0.0,0.0,0.000,-0.0,0,HAYIR,HAYIR
2026-08-16 19:32:26.301,0.80,0.97,28,0.0,0.0,0.000,-0.0,0,HAYIR,HAYIR
2026-08-16 19:32:26.321,0.80,0.97,28,0.0,0.0,0.000,-0.0,0,HAYIR,HAYIR
2026-08-16 19:32:26.341,0.80,0.97,28,0.0,0.0,0.000,-0.0,0,HAYIR,HAYIR
2026-08-16 19:32:26.361,0.80,0.97,28,0.0,0.0,0.000,-0.0,0,HAYIR,HAYIR
2026-08-16 19:32:26.381,0.80,0.97,28,0.0,0.0,0.000,-0.0,0,HAYIR,HAYIR
2026-08-16 19:32:26.401,0.80,0.97,28,0.0,0.0,0.000,-0.0,0,HAYIR,HAYIR
2026-08-16 19:32:26.421,0.80,0.97,28,0.0,0.0,0.000,-0.0,0,HAYIR,HAYIR
2026-08-16 19:32:26.441,0.80,0.97,28,0.0,0.0,0.000,-0.0,0,HAYIR,HAYIR
2026-08-16 19:32:26.461,0.80,0.97,28,0.0,0.0,0.000,-0.0,0,HAYIR,HAYIR
2026-08-16 19:32:26.481,0.80,0.97,28,0.0,0.0,0.000,-0.0,0,HAYIR,HAYIR
2026-08-16 19:32:26.501,0.80,0.97,28,0.0,0.0,0.000,-0.0,0,HAYIR,HAYIR
2026-08-16 19:32:26.521,0.80,0.97,28,0.0,0.0,0.000,-0.0,0,HAYIR,HAYIR
2026-08-16 19:32:26.541,0.80,0.97,28,0.0,0.0,0.000,-0.0,0,HAYIR,HAYIR
2026-08-16 19:32:26.561,0.80,0.95,28,0.0,0.0,0.000,-0.0,0,HAYIR,HAYIR
2026-08-16 19:32:26.581,0.80,0.95,28,0.0,0.0,0.000,-0.0,0,HAYIR,HAYIR
2026-08-16 19:32:26.601,0.80,0.95,28,0.0,0.0,0.000,-0.0,0,HAYIR,HAYIR
2026-08-16 19:32:26.621,0.80,0.95,28,0.0,0.0,0.000,-0.0,0,HAYIR,HAYIR
2026-08-16 19:32:26.641,0.80,0.95,28,0.0,0.0,0.000,-0.0,0,HAYIR,HAYIR
2026-08-16 19:32:26.661,0.80,0.95,28,0.0,0.0,0.000,-0.0,0,HAYIR,HAYIR
2026-08-16 19:32:26.681,0.80,0.95,28,0.0,0.0,0.000,-0.0,0,HAYIR,HAYIR
2026-08-16 19:32:26.701,0.80,0.95,28,0.0,0.0,0.000,-0.0,0,HAYIR,HAYIR
2026-08-16 19:32:26.721,0.80,0.95,28,0.0,0.0,0.000,-0.0,0,HAYIR,HAYIR
2026-08-16 19:32:26.741,0.80,0.95,28,0.0,0.0,0.000,-0.0,0,HAYIR,HAYIR
2026-08-16 19:32:26.761,0.80,0.95,28,0.0,0.0,0.000,-0.0,0,HAYIR,HAYIR
2026-08-16 19:32:26.781,0.80,0.95,28,0.0,0.0,0.000,-0.0,0,HAYIR,HAYIR
2026-08-16 19:32:26.801,0.80,0.95,28,0.0,0.0,0.000,-0.0,0,HAYIR,HAYIR
2026-08-16 19:32:26.821,0.80,0.95,28,0.0,0.0,0.000,-0.0,0,HAYIR,HAYIR
2026-08-16 19:32:26.841,0.80,0.95,28,0.0,0.0,0.000,-0.0,0,HAYIR,HAYIR
2026-08-16 19:32:26.861,0.80,0.95,28,0.0,0.0,0.000,-0.0,0,HAYIR,HAYIR
2026-08-16 19:32:26.881,0.80,0.92,28,0.0,0.0,0.000,-0.0,0,HAYIR,HAYIR
2026-08-16 19:32:26.901,0.80,0.92,28,0.0,0.0,0.000,-0.0,0,HAYIR,HAYIR
2026-08-16 19:32:26.921,0.80,0.92,28,0.0,0.0,0.000,-0.0,0,HAYIR,HAYIR
2026-08-16 19:32:26.941,0.80,0.92,28,0.0,0.0,0.000,-0.0,0,HAYIR,HAYIR
2026-08-16 19:32:26.961,0.80,0.92,28,0.0,0.0,0.000,-0.0,0,HAYIR,HAYIR
2026-08-16 19:32:26.981,0.80,0.92,28,0.0,0.0,0.000,-0.0,0,HAYIR,HAYIR
2026-08-16 19:32:27.001,0.80,0.92,28,0.0,0.0,0.000,-0.0,0,HAYIR,HAYIR
2026-08-16 19:32:27.021,0.80,0.92,28,0.0,0.0,0.000,-0.0,0,HAYIR,HAYIR
2026-08-16 19:32:27.041,0.80,0.92,28,0.0,0.0,0.000,-0.0,0,HAYIR,HAYIR
2026-08-16 19:32:27.061,0.80,0.92,28,0.0,0.0,0.000,-0.0,0,HAYIR,HAYIR
2026-08-16 19:32:27.081,0.80,0.92,28,0.0,0.0,0.000,-0.0,0,HAYIR,HAYIR
2026-08-16 19:32:27.101,0.80,0.92,28,0.0,0.0,0.000,-0.0,0,HAYIR,HAYIR
2026-08-16 19:32:27.121,0.80,0.92,28,0.0,0.0,0.000,-0.0,0,HAYIR,HAYIR
2026-08-16 19:32:27.141,0.80,0.92,28,0.0,0.0,0.000,-0.0,0,HAYIR,HAYIR
2026-08-16 19:32:27.161,0.80,0.92,28,0.0,0.0,0.000,-0.0,0,HAYIR,HAYIR
2026-08-16 19:32:27.181,0.80,0.92,28,0.0,0.0,0.000,-0.0,0,HAYIR,HAYIR
2026-08-16 19:32:27.201,0.80,0.89,28,0.0,0.0,0.000,-0.0,0,HAYIR,HAYIR
2026-08-16 19:32:27.221,0.80,0.89,28,0.0,0.0,0.000,-0.0,0,HAYIR,HAYIR
2026-08-16 19:32:27.241,0.80,0.89,28,0.0,0.0,0.000,-0.0,0,HAYIR,HAYIR
2026-08-16 19:32:27.261,0.80,0.89,28,0.0,0.0,0.000,-0.0,0,HAYIR,HAYIR
2026-08-16 19:32:27.281,0.80,0.89,28,0.0,0.0,0.000,-0.0,0,HAYIR,HAYIR
2026-08-16 19:32:27.301,0.80,0.89,28,0.0,0.0,0.000,-0.0,0,HAYIR,HAYIR
2026-08-16 19:32:27.321,0.80,0.89,28,0.0,0.0,0.000,-0.0,0,HAYIR,HAYIR
2026-08-16 19:32:27.341,0.80,0.89,28,0.0,0.0,0.000,-0.0,0,HAYIR,HAYIR
2026-08-16 19:32:27.361,0.80,0.89,28,0.0,0.0,0.000,-0.0,0,HAYIR,HAYIR
2026-08-16 19:32:27.381,0.80,0.89,28,0.0,0.0,0.000,-0.0,0,HAYIR,HAYIR
2026-08-16 19:32:27.401,0.80,0.89,28,0.0,0.0,0.000,-0.0,0,HAYIR,HAYIR
2026-08-16 19:32:27.421,0.80,0.89,28,0.0,0.0,0.000,-0.0,0,HAYIR,HAYIR
2026-08-16 19:32:27.441,0.80,0.89,28,0.0,0.0,0.000,-0.0,0,HAYIR,HAYIR
2026-08-16 19:32:27.461,0.80,0.89,28,0.0,0.0,0.000,-0.0,0,HAYIR,HAYIR
2026-08-16 19:32:27.481,0.80,0.89,28,0.0,0.0,0.000,-0.0,0,HAYIR,HAYIR
2026-08-16 19:32:27.501,0.80,0.89,28,0.0,0.0,0.000,-0.0,0,HAYIR,HAYIR
2026-08-16 19:32:27.521,0.80,0.89,28,0.0,0.0,0.000,-0.0,0,HAYIR,HAYIR
2026-08-16 19:32:27.541,0.80,0.89,28,0.0,0.0,0.000,-0.0,0,HAYIR,HAYIR
2026-08-16 19:32:27.561,0.80,0.89,28,0.0,0.0,0.000,-0.0,0,HAYIR,HAYIR
2026-08-16 19:32:27.581,0.80,0.83,28,0.0,0.0,0.000,-0.0,0,HAYIR,HAYIR
2026-08-16 19:32:27.601,0.80,0.83,28,0.0,0.0,0.000,-0.0,0,HAYIR,HAYIR
2026-08-16 19:32:27.621,0.80,0.83,28,0.0,0.0,0.000,-0.0,0,HAYIR,HAYIR
2026-08-16 19:32:27.641,0.80,0.83,28,0.0,0.0,0.000,-0.0,0,HAYIR,HAYIR
2026-08-16 19:32:27.661,0.80,0.83,28,0.0,0.0,0.000,-0.0,0,HAYIR,HAYIR
2026-08-16 19:32:27.681,0.80,0.83,28,0.0,0.0,0.000,-0.0,0,HAYIR,HAYIR
2026-08-16 19:32:27.701,0.80,0.83,28,0.0,0.0,0.000,-0.0,0,HAYIR,HAYIR
2026-08-16 19:32:27.721,0.80,0.83,28,0.0,0.0,0.000,-0.0,0,HAYIR,HAYIR
2026-08-16 19:32:27.741,0.80,0.83,28,0.0,0.0,0.000,-0.0,0,HAYIR,HAYIR
2026-08-16 19:32:27.761,0.80,0.83,28,0.0,0.0,0.000,-0.0,0,HAYIR,HAYIR
2026-08-16 19:32:27.781,0.80,0.83,28,0.0,0.0,0.000,-0.0,0,HAYIR,HAYIR
2026-08-16 19:32:27.801,0.80,0.83,28,0.0,0.0,0.000,-0.0,0,HAYIR,HAYIR
2026-08-16 19:32:27.821,0.80,0.83,28,0.0,0.0,0.000,-0.0,0,HAYIR,HAYIR
2026-08-16 19:32:27.841,0.80,0.83,28,0.0,0.0,0.000,-0.0,0,HAYIR,HAYIR
2026-08-16 19:32:27.861,0.80,0.83,28,0.0,0.0,0.000,-0.0,0,HAYIR,HAYIR
2026-08-16 19:32:27.881,0.80,0.83,28,0.0,0.0,0.000,-0.0,0,HAYIR,HAYIR
2026-08-16 19:32:27.901,0.80,0.78,37,0.0,0.0,0.000,-0.0,0,HAYIR,HAYIR
2026-08-16 19:32:27.921,0.80,0.78,35,0.0,0.0,0.000,-0.0,0,HAYIR,HAYIR
2026-08-16 19:32:27.941,0.80,0.78,35,0.0,0.0,0.000,-0.0,0,HAYIR,HAYIR
2026-08-16 19:32:27.961,0.80,0.78,35,0.0,0.0,0.000,-0.0,0,HAYIR,HAYIR
2026-08-16 19:32:27.981,0.80,0.78,35,0.0,0.0,0.000,-0.0,0,HAYIR,HAYIR
2026-08-16 19:32:28.001,0.80,0.78,35,0.0,0.0,0.000,-0.0,0,HAYIR,HAYIR
2026-08-16 19:32:28.021,0.80,0.78,35,0.0,0.0,0.000,-0.0,0,HAYIR,HAYIR
2026-08-16 19:32:28.041,0.80,0.78,35,0.0,0.0,0.000,-0.0,0,HAYIR,HAYIR
2026-08-16 19:32:28.061,0.80,0.78,35,0.0,0.0,0.000,-0.0,0,HAYIR,HAYIR
2026-08-16 19:32:28.081,0.80,0.78,35,0.0,0.0,0.000,-0.0,0,HAYIR,HAYIR
2026-08-16 19:32:28.101,0.80,0.78,35,0.0,0.0,0.000,-0.0,0,HAYIR,HAYIR
2026-08-16 19:32:28.121,0.80,0.78,35,0.0,0.0,0.000,-0.0,0,HAYIR,HAYIR
2026-08-16 19:32:28.141,0.80,0.78,35,0.0,0.0,0.000,-0.0,0,HAYIR,HAYIR
2026-08-16 19:32:28.161,0.80,0.78,35,0.0,0.0,0.000,-0.0,0,HAYIR,HAYIR
2026-08-16 19:32:28.181,0.80,0.78,35,0.0,0.0,0.000,-0.0,0,HAYIR,HAYIR
2026-08-16 19:32:28.201,0.80,0.78,35,0.0,0.0,0.000,-0.0,0,HAYIR,HAYIR
2026-08-16 19:32:28.221,0.80,0.73,37,0.0,0.0,0.000,-0.0,0,HAYIR,HAYIR
2026-08-16 19:32:28.241,0.80,0.73,35,0.0,0.0,0.000,-0.0,0,HAYIR,HAYIR
2026-08-16 19:32:28.261,0.80,0.73,35,0.0,0.0,0.000,-0.0,0,HAYIR,HAYIR
2026-08-16 19:32:28.281,0.80,0.73,35,0.0,0.0,0.000,-0.0,0,HAYIR,HAYIR
2026-08-16 19:32:28.301,0.80,0.73,35,0.0,0.0,0.000,-0.0,0,HAYIR,HAYIR
2026-08-16 19:32:28.321,0.80,0.73,35,0.0,0.0,0.000,-0.0,0,HAYIR,HAYIR
2026-08-16 19:32:28.341,0.80,0.73,35,0.0,0.0,0.000,-0.0,0,HAYIR,HAYIR
2026-08-16 19:32:28.361,0.80,0.73,35,0.0,0.0,0.000,-0.0,0,HAYIR,HAYIR
2026-08-16 19:32:28.381,0.80,0.73,35,0.0,0.0,0.000,-0.0,0,HAYIR,HAYIR
2026-08-16 19:32:28.401,0.80,0.73,35,0.0,0.0,0.000,-0.0,0,HAYIR,HAYIR
2026-08-16 19:32:28.421,0.80,0.73,35,0.0,0.0,0.000,-0.0,0,HAYIR,HAYIR
2026-08-16 19:32:28.441,0.80,0.73,35,0.0,0.0,0.000,-0.0,0,HAYIR,HAYIR
2026-08-16 19:32:28.461,0.80,0.73,35,0.0,0.0,0.000,-0.0,0,HAYIR,HAYIR
2026-08-16 19:32:28.481,0.80,0.73,35,0.0,0.0,0.000,-0.0,0,HAYIR,HAYIR
2026-08-16 19:32:28.501,0.80,0.73,35,0.0,0.0,0.000,-0.0,0,HAYIR,HAYIR
2026-08-16 19:32:28.521,0.80,0.73,35,0.0,0.0,0.000,-0.0,0,HAYIR,HAYIR
2026-08-16 19:32:28.541,0.80,0.69,37,0.0,0.0,0.000,-0.0,0,HAYIR,HAYIR
2026-08-16 19:32:28.561,0.80,0.69,35,0.0,0.0,0.000,-0.0,0,HAYIR,HAYIR
2026-08-16 19:32:28.581,0.80,0.69,35,0.0,0.0,0.000,-0.0,0,HAYIR,HAYIR
2026-08-16 19:32:28.602,0.80,0.69,35,0.0,0.0,0.000,-0.0,0,HAYIR,HAYIR
2026-08-16 19:32:28.621,0.80,0.69,35,0.0,0.0,0.000,-0.0,0,HAYIR,HAYIR
2026-08-16 19:32:28.641,0.80,0.69,35,0.0,0.0,0.000,-0.0,0,HAYIR,HAYIR
2026-08-16 19:32:28.661,0.80,0.69,35,0.0,0.0,0.000,-0.0,0,HAYIR,HAYIR
2026-08-16 19:32:28.681,0.80,0.69,35,0.0,0.0,0.000,-0.0,0,HAYIR,HAYIR
2026-08-16 19:32:28.701,0.80,0.69,35,0.0,0.0,0.000,-0.0,0,HAYIR,HAYIR
2026-08-16 19:32:28.721,0.80,0.69,35,0.0,0.0,0.000,-0.0,0,HAYIR,HAYIR
2026-08-16 19:32:28.741,0.80,0.69,35,0.0,0.0,0.000,-0.0,0,HAYIR,HAYIR
2026-08-16 19:32:28.761,0.80,0.69,35,0.0,0.0,0.000,-0.0,0,HAYIR,HAYIR
2026-08-16 19:32:28.781,0.80,0.69,35,0.0,0.0,0.000,-0.0,0,HAYIR,HAYIR
2026-08-16 19:32:28.801,0.80,0.69,35,0.0,0.0,0.000,-0.0,0,HAYIR,HAYIR
2026-08-16 19:32:28.821,0.80,0.69,35,0.0,0.0,0.000,-0.0,0,HAYIR,HAYIR
2026-08-16 19:32:28.841,0.80,0.69,35,0.0,0.0,0.000,-0.0,0,HAYIR,HAYIR
2026-08-16 19:32:28.861,0.80,0.67,36,0.0,0.0,0.000,-0.0,0,HAYIR,HAYIR
2026-08-16 19:32:28.881,0.80,0.67,35,0.0,0.0,0.000,-0.0,0,HAYIR,HAYIR
2026-08-16 19:32:28.901,0.80,0.67,35,0.0,0.0,0.000,-0.0,0,HAYIR,HAYIR
2026-08-16 19:32:28.921,0.80,0.67,35,0.0,0.0,0.000,-0.0,0,HAYIR,HAYIR
2026-08-16 19:32:28.941,0.80,0.67,35,0.0,0.0,0.000,-0.0,0,HAYIR,HAYIR
2026-08-16 19:32:28.961,0.80,0.67,35,0.0,0.0,0.000,-0.0,0,HAYIR,HAYIR
2026-08-16 19:32:28.981,0.80,0.67,35,0.0,0.0,0.000,-0.0,0,HAYIR,HAYIR
2026-08-16 19:32:29.001,0.80,0.67,35,0.0,0.0,0.000,-0.0,0,HAYIR,HAYIR
2026-08-16 19:32:29.021,0.80,0.67,35,0.0,0.0,0.000,-0.0,0,HAYIR,HAYIR
2026-08-16 19:32:29.041,0.80,0.67,35,0.0,0.0,0.000,-0.0,0,HAYIR,HAYIR
2026-08-16 19:32:29.061,0.80,0.67,35,0.0,0.0,0.000,-0.0,0,HAYIR,HAYIR
2026-08-16 19:32:29.081,0.80,0.67,35,0.0,0.0,0.000,-0.0,0,HAYIR,HAYIR
2026-08-16 19:32:29.101,0.80,0.67,35,0.0,0.0,0.000,-0.0,0,HAYIR,HAYIR
2026-08-16 19:32:29.121,0.80,0.67,35,0.0,0.0,0.000,-0.0,0,HAYIR,HAYIR
2026-08-16 19:32:29.141,0.80,0.67,35,0.0,0.0,0.000,-0.0,0,HAYIR,HAYIR
2026-08-16 19:32:29.161,0.80,0.67,35,0.0,0.0,0.000,-0.0,0,HAYIR,HAYIR
2026-08-16 19:32:29.181,0.80,0.67,35,0.0,0.0,0.000,-0.0,0,HAYIR,HAYIR
2026-08-16 19:32:29.201,0.80,0.67,35,0.0,0.0,0.000,-0.0,0,HAYIR,HAYIR
2026-08-16 19:32:29.221,0.80,0.67,35,0.0,0.0,0.000,-0.0,0,HAYIR,HAYIR
2026-08-16 19:32:29.241,0.80,0.67,35,0.0,0.0,0.000,-0.0,0,HAYIR,HAYIR
2026-08-16 19:32:29.261,0.80,0.67,35,0.0,0.0,0.000,-0.0,0,HAYIR,HAYIR
2026-08-16 19:32:29.281,0.80,0.67,35,0.0,0.0,0.000,-0.0,0,HAYIR,HAYIR
2026-08-16 19:32:29.301,0.80,0.67,35,0.0,0.0,0.000,-0.0,0,HAYIR,HAYIR
2026-08-16 19:32:29.321,0.80,0.67,35,0.0,0.0,0.000,-0.0,0,HAYIR,HAYIR
2026-08-16 19:32:29.341,0.80,0.67,35,0.0,0.0,0.000,-0.0,0,HAYIR,HAYIR
2026-08-16 19:32:29.361,0.80,0.67,35,0.0,0.0,0.000,-0.0,0,HAYIR,HAYIR
2026-08-16 19:32:29.381,0.80,0.67,35,0.0,0.0,0.000,-0.0,0,HAYIR,HAYIR
2026-08-16 19:32:29.401,0.80,0.67,35,0.0,0.0,0.000,-0.0,0,HAYIR,HAYIR
2026-08-16 19:32:29.421,0.80,0.67,35,0.0,0.0,0.000,-0.0,0,HAYIR,HAYIR
2026-08-16 19:32:29.441,0.80,0.67,35,0.0,0.0,0.000,-0.0,0,HAYIR,HAYIR
2026-08-16 19:32:29.461,0.80,0.67,35,0.0,0.0,0.000,-0.0,0,HAYIR,HAYIR
2026-08-16 19:32:29.481,0.80,0.67,35,0.0,0.0,0.000,-0.0,0,HAYIR,HAYIR
2026-08-16 19:32:29.501,0.80,0.67,35,0.0,0.0,0.000,-0.0,0,HAYIR,HAYIR
2026-08-16 19:32:29.521,0.80,0.67,35,0.0,0.0,0.000,-0.0,0,HAYIR,HAYIR
2026-08-16 19:32:29.541,0.80,0.67,35,0.0,0.0,0.000,-0.0,0,HAYIR,HAYIR
2026-08-16 19:32:29.561,0.80,0.71,34,0.0,0.0,0.000,-0.0,0,HAYIR,HAYIR
2026-08-16 19:32:29.581,0.80,0.71,35,0.0,0.0,0.000,-0.0,0,HAYIR,HAYIR
2026-08-16 19:32:29.601,0.80,0.71,35,0.0,0.0,0.000,-0.0,0,HAYIR,HAYIR
2026-08-16 19:32:29.621,0.80,0.71,35,0.0,0.0,0.000,-0.0,0,HAYIR,HAYIR
2026-08-16 19:32:29.641,0.80,0.71,35,0.0,0.0,0.000,-0.0,0,HAYIR,HAYIR
2026-08-16 19:32:29.661,0.80,0.71,35,0.0,0.0,0.000,-0.0,0,HAYIR,HAYIR
2026-08-16 19:32:29.681,0.80,0.71,35,0.0,0.0,0.000,-0.0,0,HAYIR,HAYIR
2026-08-16 19:32:29.701,0.80,0.71,35,0.0,0.0,0.000,-0.0,0,HAYIR,HAYIR
2026-08-16 19:32:29.721,0.80,0.71,35,0.0,0.0,0.000,-0.0,0,HAYIR,HAYIR
2026-08-16 19:32:29.741,0.80,0.71,35,0.0,0.0,0.000,-0.0,0,HAYIR,HAYIR
2026-08-16 19:32:29.761,0.80,0.71,35,0.0,0.0,0.000,-0.0,0,HAYIR,HAYIR
2026-08-16 19:32:29.781,0.80,0.71,35,0.0,0.0,0.000,-0.0,0,HAYIR,HAYIR
2026-08-16 19:32:29.801,0.80,0.71,35,0.0,0.0,0.000,-0.0,0,HAYIR,HAYIR
2026-08-16 19:32:29.821,0.80,0.71,35,0.0,0.0,0.000,-0.0,0,HAYIR,HAYIR
2026-08-16 19:32:29.841,0.80,0.71,35,0.0,0.0,0.000,-0.0,0,HAYIR,HAYIR
2026-08-16 19:32:29.861,0.80,0.71,35,0.0,0.0,0.000,-0.0,0,HAYIR,HAYIR
2026-08-16 19:32:29.881,0.80,0.74,34,0.0,0.0,0.000,-0.0,0,HAYIR,HAYIR
2026-08-16 19:32:29.901,0.80,0.74,35,0.0,0.0,0.000,-0.0,0,HAYIR,HAYIR
2026-08-16 19:32:29.921,0.80,0.74,35,0.0,0.0,0.000,-0.0,0,HAYIR,HAYIR
2026-08-16 19:32:29.941,0.80,0.74,35,0.0,0.0,0.000,-0.0,0,HAYIR,HAYIR
2026-08-16 19:32:29.961,0.80,0.74,35,0.0,0.0,0.000,-0.0,0,HAYIR,HAYIR
2026-08-16 19:32:29.981,0.80,0.74,35,0.0,0.0,0.000,-0.0,0,HAYIR,HAYIR
2026-08-16 19:32:30.001,0.80,0.74,35,0.0,0.0,0.000,-0.0,0,HAYIR,HAYIR
2026-08-16 19:32:30.021,0.80,0.74,35,0.0,0.0,0.000,-0.0,0,HAYIR,HAYIR
2026-08-16 19:32:30.041,0.80,0.74,35,0.0,0.0,0.000,-0.0,0,HAYIR,HAYIR
2026-08-16 19:32:30.061,0.80,0.74,35,0.0,0.0,0.000,-0.0,0,HAYIR,HAYIR
2026-08-16 19:32:30.081,0.80,0.74,35,0.0,0.0,0.000,-0.0,0,HAYIR,HAYIR
2026-08-16 19:32:30.101,0.80,0.74,35,0.0,0.0,0.000,-0.0,0,HAYIR,HAYIR
2026-08-16 19:32:30.121,0.80,0.74,35,0.0,0.0,0.000,-0.0,0,HAYIR,HAYIR
2026-08-16 19:32:30.141,0.80,0.74,35,0.0,0.0,0.000,-0.0,0,HAYIR,HAYIR
2026-08-16 19:32:30.161,0.80,0.74,35,0.0,0.0,0.000,-0.0,0,HAYIR,HAYIR
2026-08-16 19:32:30.181,0.80,0.74,35,0.0,0.0,0.000,-0.0,0,HAYIR,HAYIR
2026-08-16 19:32:30.201,0.80,0.78,33,0.0,0.0,0.000,-0.0,0,HAYIR,HAYIR
2026-08-16 19:32:30.221,0.80,0.78,35,0.0,0.0,0.000,-0.0,0,HAYIR,HAYIR
2026-08-16 19:32:30.241,0.80,0.78,35,0.0,0.0,0.000,-0.0,0,HAYIR,HAYIR
2026-08-16 19:32:30.261,0.80,0.78,35,0.0,0.0,0.000,-0.0,0,HAYIR,HAYIR
2026-08-16 19:32:30.281,0.80,0.78,35,0.0,0.0,0.000,-0.0,0,HAYIR,HAYIR
2026-08-16 19:32:30.301,0.80,0.78,35,0.0,0.0,0.000,-0.0,0,HAYIR,HAYIR
2026-08-16 19:32:30.321,0.80,0.78,35,0.0,0.0,0.000,-0.0,0,HAYIR,HAYIR
2026-08-16 19:32:30.341,0.80,0.78,35,0.0,0.0,0.000,-0.0,0,HAYIR,HAYIR
2026-08-16 19:32:30.361,0.80,0.78,35,0.0,0.0,0.000,-0.0,0,HAYIR,HAYIR
2026-08-16 19:32:30.381,0.80,0.78,35,0.0,0.0,0.000,-0.0,0,HAYIR,HAYIR
2026-08-16 19:32:30.401,0.80,0.78,35,0.0,0.0,0.000,-0.0,0,HAYIR,HAYIR
2026-08-16 19:32:30.421,0.80,0.78,35,0.0,0.0,0.000,-0.0,0,HAYIR,HAYIR
2026-08-16 19:32:30.441,0.80,0.78,35,0.0,0.0,0.000,-0.0,0,HAYIR,HAYIR
2026-08-16 19:32:30.461,0.80,0.78,35,0.0,0.0,0.000,-0.0,0,HAYIR,HAYIR
2026-08-16 19:32:30.481,0.80,0.78,35,0.0,0.0,0.000,-0.0,0,HAYIR,HAYIR
2026-08-16 19:32:30.501,0.80,0.78,35,0.0,0.0,0.000,-0.0,0,HAYIR,HAYIR
2026-08-16 19:32:30.521,0.80,0.83,28,0.0,0.0,0.000,-0.0,0,HAYIR,HAYIR
2026-08-16 19:32:30.541,0.80,0.83,28,0.0,0.0,0.000,-0.0,0,HAYIR,HAYIR
2026-08-16 19:32:30.561,0.80,0.83,28,0.0,0.0,0.000,-0.0,0,HAYIR,HAYIR
2026-08-16 19:32:30.581,0.80,0.83,28,0.0,0.0,0.000,-0.0,0,HAYIR,HAYIR
2026-08-16 19:32:30.602,0.80,0.83,28,0.0,0.0,0.000,-0.0,0,HAYIR,HAYIR
2026-08-16 19:32:30.621,0.80,0.83,28,0.0,0.0,0.000,-0.0,0,HAYIR,HAYIR
2026-08-16 19:32:30.641,0.80,0.83,28,0.0,0.0,0.000,-0.0,0,HAYIR,HAYIR
2026-08-16 19:32:30.661,0.80,0.83,28,0.0,0.0,0.000,-0.0,0,HAYIR,HAYIR
2026-08-16 19:32:30.681,0.80,0.83,28,0.0,0.0,0.000,-0.0,0,HAYIR,HAYIR
2026-08-16 19:32:30.701,0.80,0.83,28,0.0,0.0,0.000,-0.0,0,HAYIR,HAYIR
2026-08-16 19:32:30.721,0.80,0.83,28,0.0,0.0,0.000,-0.0,0,HAYIR,HAYIR
2026-08-16 19:32:30.741,0.80,0.83,28,0.0,0.0,0.000,-0.0,0,HAYIR,HAYIR
2026-08-16 19:32:30.761,0.80,0.83,28,0.0,0.0,0.000,-0.0,0,HAYIR,HAYIR
2026-08-16 19:32:30.781,0.80,0.83,28,0.0,0.0,0.000,-0.0,0,HAYIR,HAYIR
2026-08-16 19:32:30.801,0.80,0.83,28,0.0,0.0,0.000,-0.0,0,HAYIR,HAYIR
2026-08-16 19:32:30.821,0.80,0.83,28,0.0,0.0,0.000,-0.0,0,HAYIR,HAYIR
2026-08-16 19:32:30.841,0.80,0.89,28,0.0,0.0,0.000,-0.0,0,HAYIR,HAYIR
2026-08-16 19:32:30.861,0.80,0.89,28,0.0,0.0,0.000,-0.0,0,HAYIR,HAYIR
2026-08-16 19:32:30.881,0.80,0.89,28,0.0,0.0,0.000,-0.0,0,HAYIR,HAYIR
2026-08-16 19:32:30.901,0.80,0.89,28,0.0,0.0,0.000,-0.0,0,HAYIR,HAYIR
2026-08-16 19:32:30.921,0.80,0.89,28,0.0,0.0,0.000,-0.0,0,HAYIR,HAYIR
2026-08-16 19:32:30.941,0.80,0.89,28,0.0,0.0,0.000,-0.0,0,HAYIR,HAYIR
2026-08-16 19:32:30.961,0.80,0.89,28,0.0,0.0,0.000,-0.0,0,HAYIR,HAYIR
2026-08-16 19:32:30.981,0.80,0.89,28,0.0,0.0,0.000,-0.0,0,HAYIR,HAYIR
2026-08-16 19:32:31.001,0.80,0.89,28,0.0,0.0,0.000,-0.0,0,HAYIR,HAYIR
2026-08-16 19:32:31.021,0.80,0.89,28,0.0,0.0,0.000,-0.0,0,HAYIR,HAYIR
2026-08-16 19:32:31.041,0.80,0.89,28,0.0,0.0,0.000,-0.0,0,HAYIR,HAYIR
2026-08-16 19:32:31.061,0.80,0.89,28,0.0,0.0,0.000,-0.0,0,HAYIR,HAYIR
2026-08-16 19:32:31.081,0.80,0.89,28,0.0,0.0,0.000,-0.0,0,HAYIR,HAYIR
2026-08-16 19:32:31.101,0.80,0.89,28,0.0,0.0,0.000,-0.0,0,HAYIR,HAYIR
2026-08-16 19:32:31.121,0.80,0.89,28,0.0,0.0,0.000,-0.0,0,HAYIR,HAYIR
2026-08-16 19:32:31.141,0.80,0.89,28,0.0,0.0,0.000,-0.0,0,HAYIR,HAYIR
2026-08-16 19:32:31.161,0.80,0.89,28,0.0,0.0,0.000,-0.0,0,HAYIR,HAYIR
2026-08-16 19:32:31.181,0.80,0.89,28,0.0,0.0,0.000,-0.0,0,HAYIR,HAYIR
2026-08-16 19:32:31.201,0.80,0.89,28,0.0,0.0,0.000,-0.0,0,HAYIR,HAYIR
2026-08-16 19:32:31.221,0.80,0.89,28,0.0,0.0,0.000,-0.0,0,HAYIR,HAYIR
2026-08-16 19:32:31.241,0.80,0.94,28,0.0,0.0,0.000,-0.0,0,HAYIR,HAYIR
2026-08-16 19:32:31.261,0.80,0.94,28,0.0,0.0,0.000,-0.0,0,HAYIR,HAYIR
2026-08-16 19:32:31.281,0.80,0.94,28,0.0,0.0,0.000,-0.0,0,HAYIR,HAYIR
2026-08-16 19:32:31.301,0.80,0.94,28,0.0,0.0,0.000,-0.0,0,HAYIR,HAYIR
2026-08-16 19:32:31.321,0.80,0.94,28,0.0,0.0,0.000,-0.0,0,HAYIR,HAYIR
2026-08-16 19:32:31.341,0.80,0.94,28,0.0,0.0,0.000,-0.0,0,HAYIR,HAYIR
2026-08-16 19:32:31.361,0.80,0.94,28,0.0,0.0,0.000,-0.0,0,HAYIR,HAYIR
2026-08-16 19:32:31.381,0.80,0.94,28,0.0,0.0,0.000,-0.0,0,HAYIR,HAYIR
2026-08-16 19:32:31.401,0.80,0.94,28,0.0,0.0,0.000,-0.0,0,HAYIR,HAYIR
2026-08-16 19:32:31.421,0.80,0.94,28,0.0,0.0,0.000,-0.0,0,HAYIR,HAYIR
2026-08-16 19:32:31.441,0.80,0.94,28,0.0,0.0,0.000,-0.0,0,HAYIR,HAYIR
2026-08-16 19:32:31.461,0.80,0.94,28,0.0,0.0,0.000,-0.0,0,HAYIR,HAYIR
2026-08-16 19:32:31.481,0.80,0.94,28,0.0,0.0,0.000,-0.0,0,HAYIR,HAYIR
2026-08-16 19:32:31.501,0.80,0.94,28,0.0,0.0,0.000,-0.0,0,HAYIR,HAYIR
2026-08-16 19:32:31.521,0.80,0.94,28,0.0,0.0,0.000,-0.0,0,HAYIR,HAYIR
2026-08-16 19:32:31.541,0.80,0.94,28,0.0,0.0,0.000,-0.0,0,HAYIR,HAYIR
2026-08-16 19:32:31.561,0.80,0.97,28,0.0,0.0,0.000,-0.0,0,HAYIR,HAYIR
2026-08-16 19:32:31.581,0.80,0.97,28,0.0,0.0,0.000,-0.0,0,HAYIR,HAYIR
2026-08-16 19:32:31.601,0.80,0.97,28,0.0,0.0,0.000,-0.0,0,HAYIR,HAYIR
2026-08-16 19:32:31.621,0.80,0.97,28,0.0,0.0,0.000,-0.0,0,HAYIR,HAYIR
2026-08-16 19:32:31.641,0.80,0.97,28,0.0,0.0,0.000,-0.0,0,HAYIR,HAYIR
2026-08-16 19:32:31.661,0.80,0.97,28,0.0,0.0,0.000,-0.0,0,HAYIR,HAYIR
2026-08-16 19:32:31.681,0.80,0.97,28,0.0,0.0,0.000,-0.0,0,HAYIR,HAYIR
2026-08-16 19:32:31.701,0.80,0.97,28,0.0,0.0,0.000,-0.0,0,HAYIR,HAYIR
2026-08-16 19:32:31.721,0.80,0.97,28,0.0,0.0,0.000,-0.0,0,HAYIR,HAYIR
2026-08-16 19:32:31.741,0.80,0.97,28,0.0,0.0,0.000,-0.0,0,HAYIR,HAYIR
2026-08-16 19:32:31.761,0.80,0.97,28,0.0,0.0,0.000,-0.0,0,HAYIR,HAYIR
2026-08-16 19:32:31.781,0.80,0.97,28,0.0,0.0,0.000,-0.0,0,HAYIR,HAYIR
2026-08-16 19:32:31.801,0.80,0.97,28,0.0,0.0,0.000,-0.0,0,HAYIR,HAYIR
2026-08-16 19:32:31.821,0.80,0.97,28,0.0,0.0,0.000,-0.0,0,HAYIR,HAYIR
2026-08-16 19:32:31.841,0.80,0.97,28,0.0,0.0,0.000,-0.0,0,HAYIR,HAYIR
2026-08-16 19:32:31.861,0.80,0.97,28,0.0,0.0,0.000,-0.0,0,HAYIR,HAYIR
2026-08-16 19:32:31.881,0.80,0.96,28,0.0,0.0,0.000,-0.0,0,HAYIR,HAYIR
2026-08-16 19:32:31.901,0.80,0.96,28,0.0,0.0,0.000,-0.0,0,HAYIR,HAYIR
2026-08-16 19:32:31.921,0.80,0.96,28,0.0,0.0,0.000,-0.0,0,HAYIR,HAYIR
2026-08-16 19:32:31.941,0.80,0.96,28,0.0,0.0,0.000,-0.0,0,HAYIR,HAYIR
2026-08-16 19:32:31.961,0.80,0.96,28,0.0,0.0,0.000,-0.0,0,HAYIR,HAYIR
2026-08-16 19:32:31.981,0.80,0.96,28,0.0,0.0,0.000,-0.0,0,HAYIR,HAYIR
2026-08-16 19:32:32.001,0.80,0.96,28,0.0,0.0,0.000,-0.0,0,HAYIR,HAYIR
2026-08-16 19:32:32.021,0.80,0.96,28,0.0,0.0,0.000,-0.0,0,HAYIR,HAYIR
2026-08-16 19:32:32.041,0.80,0.96,28,0.0,0.0,0.000,-0.0,0,HAYIR,HAYIR
2026-08-16 19:32:32.061,0.80,0.96,28,0.0,0.0,0.000,-0.0,0,HAYIR,HAYIR
2026-08-16 19:32:32.081,0.80,0.96,28,0.0,0.0,0.000,-0.0,0,HAYIR,HAYIR
2026-08-16 19:32:32.101,0.80,0.96,28,0.0,0.0,0.000,-0.0,0,HAYIR,HAYIR
2026-08-16 19:32:32.121,0.80,0.96,28,0.0,0.0,0.000,-0.0,0,HAYIR,HAYIR
2026-08-16 19:32:32.141,0.80,0.96,28,0.0,0.0,0.000,-0.0,0,HAYIR,HAYIR
2026-08-16 19:32:32.161,0.80,0.96,28,0.0,0.0,0.000,-0.0,0,HAYIR,HAYIR
2026-08-16 19:32:32.181,0.80,0.96,28,0.0,0.0,0.000,-0.0,0,HAYIR,HAYIR
2026-08-16 19:32:32.201,0.80,0.92,28,0.0,0.0,0.000,-0.0,0,HAYIR,HAYIR
2026-08-16 19:32:32.221,0.80,0.92,28,0.0,0.0,0.000,-0.0,0,HAYIR,HAYIR
2026-08-16 19:32:32.241,0.80,0.92,28,0.0,0.0,0.000,-0.0,0,HAYIR,HAYIR
2026-08-16 19:32:32.261,0.80,0.92,28,0.0,0.0,0.000,-0.0,0,HAYIR,HAYIR
2026-08-16 19:32:32.281,0.80,0.92,28,0.0,0.0,0.000,-0.0,0,HAYIR,HAYIR
2026-08-16 19:32:32.301,0.80,0.92,28,0.0,0.0,0.000,-0.0,0,HAYIR,HAYIR
2026-08-16 19:32:32.321,0.80,0.92,28,0.0,0.0,0.000,-0.0,0,HAYIR,HAYIR
2026-08-16 19:32:32.341,0.80,0.92,28,0.0,0.0,0.000,-0.0,0,HAYIR,HAYIR
2026-08-16 19:32:32.361,0.80,0.92,28,0.0,0.0,0.000,-0.0,0,HAYIR,HAYIR
2026-08-16 19:32:32.381,0.80,0.92,28,0.0,0.0,0.000,-0.0,0,HAYIR,HAYIR
2026-08-16 19:32:32.401,0.80,0.92,28,0.0,0.0,0.000,-0.0,0,HAYIR,HAYIR
2026-08-16 19:32:32.421,0.80,0.92,28,0.0,0.0,0.000,-0.0,0,HAYIR,HAYIR
2026-08-16 19:32:32.441,0.80,0.92,28,0.0,0.0,0.000,-0.0,0,HAYIR,HAYIR
2026-08-16 19:32:32.461,0.80,0.92,28,0.0,0.0,0.000,-0.0,0,HAYIR,HAYIR
2026-08-16 19:32:32.481,0.80,0.92,28,0.0,0.0,0.000,-0.0,0,HAYIR,HAYIR
2026-08-16 19:32:32.501,0.80,0.92,28,0.0,0.0,0.000,-0.0,0,HAYIR,HAYIR
2026-08-16 19:32:32.521,0.80,0.87,28,0.0,0.0,0.000,-0.0,0,HAYIR,HAYIR
2026-08-16 19:32:32.541,0.80,0.87,28,0.0,0.0,0.000,-0.0,0,HAYIR,HAYIR
2026-08-16 19:32:32.561,0.80,0.87,28,0.0,0.0,0.000,-0.0,0,HAYIR,HAYIR
2026-08-16 19:32:32.581,0.80,0.87,28,0.0,0.0,0.000,-0.0,0,HAYIR,HAYIR
2026-08-16 19:32:32.601,0.80,0.87,28,0.0,0.0,0.000,-0.0,0,HAYIR,HAYIR
2026-08-16 19:32:32.621,0.80,0.87,28,0.0,0.0,0.000,-0.0,0,HAYIR,HAYIR
2026-08-16 19:32:32.641,0.80,0.87,28,0.0,0.0,0.000,-0.0,0,HAYIR,HAYIR
2026-08-16 19:32:32.661,0.80,0.87,28,0.0,0.0,0.000,-0.0,0,HAYIR,HAYIR
2026-08-16 19:32:32.681,0.80,0.87,28,0.0,0.0,0.000,-0.0,0,HAYIR,HAYIR
2026-08-16 19:32:32.701,0.80,0.87,28,0.0,0.0,0.000,-0.0,0,HAYIR,HAYIR
2026-08-16 19:32:32.721,0.80,0.87,28,0.0,0.0,0.000,-0.0,0,HAYIR,HAYIR
2026-08-16 19:32:32.741,0.80,0.87,28,0.0,0.0,0.000,-0.0,0,HAYIR,HAYIR
2026-08-16 19:32:32.761,0.80,0.87,28,0.0,0.0,0.000,-0.0,0,HAYIR,HAYIR
2026-08-16 19:32:32.781,0.80,0.87,28,0.0,0.0,0.000,-0.0,0,HAYIR,HAYIR
2026-08-16 19:32:32.801,0.80,0.87,28,0.0,0.0,0.000,-0.0,0,HAYIR,HAYIR
2026-08-16 19:32:32.821,0.80,0.87,28,0.0,0.0,0.000,-0.0,0,HAYIR,HAYIR
2026-08-16 19:32:32.841,0.80,0.87,28,0.0,0.0,0.000,-0.0,0,HAYIR,HAYIR
2026-08-16 19:32:32.861,0.80,0.87,28,0.0,0.0,0.000,-0.0,0,HAYIR,HAYIR
2026-08-16 19:32:32.881,0.80,0.87,28,0.0,0.0,0.000,-0.0,0,HAYIR,HAYIR
2026-08-16 19:32:32.901,0.80,0.82,28,0.0,0.0,0.000,-0.0,0,HAYIR,HAYIR
2026-08-16 19:32:32.921,0.80,0.82,28,0.0,0.0,0.000,-0.0,0,HAYIR,HAYIR
2026-08-16 19:32:32.941,0.80,0.82,28,0.0,0.0,0.000,-0.0,0,HAYIR,HAYIR
2026-08-16 19:32:32.961,0.80,0.82,28,0.0,0.0,0.000,-0.0,0,HAYIR,HAYIR
2026-08-16 19:32:32.981,0.80,0.82,28,0.0,0.0,0.000,-0.0,0,HAYIR,HAYIR
2026-08-16 19:32:33.001,0.80,0.82,28,0.0,0.0,0.000,-0.0,0,HAYIR,HAYIR
2026-08-16 19:32:33.021,0.80,0.82,28,0.0,0.0,0.000,-0.0,0,HAYIR,HAYIR
2026-08-16 19:32:33.041,0.80,0.82,28,0.0,0.0,0.000,-0.0,0,HAYIR,HAYIR
2026-08-16 19:32:33.061,0.80,0.82,28,0.0,0.0,0.000,-0.0,0,HAYIR,HAYIR
2026-08-16 19:32:33.081,0.80,0.82,28,0.0,0.0,0.000,-0.0,0,HAYIR,HAYIR
2026-08-16 19:32:33.101,0.80,0.82,28,0.0,0.0,0.000,-0.0,0,HAYIR,HAYIR
2026-08-16 19:32:33.121,0.80,0.82,28,0.0,0.0,0.000,-0.0,0,HAYIR,HAYIR
2026-08-16 19:32:33.141,0.80,0.82,28,0.0,0.0,0.000,-0.0,0,HAYIR,HAYIR
2026-08-16 19:32:33.161,0.80,0.82,28,0.0,0.0,0.000,-0.0,0,HAYIR,HAYIR
2026-08-16 19:32:33.181,0.80,0.82,28,0.0,0.0,0.000,-0.0,0,HAYIR,HAYIR
2026-08-16 19:32:33.201,0.80,0.82,28,0.0,0.0,0.000,-0.0,0,HAYIR,HAYIR
2026-08-16 19:32:33.221,0.80,0.76,37,0.0,0.0,0.000,-0.0,0,HAYIR,HAYIR
2026-08-16 19:32:33.241,0.80,0.76,35,0.0,0.0,0.000,-0.0,0,HAYIR,HAYIR
2026-08-16 19:32:33.261,0.80,0.76,35,0.0,0.0,0.000,-0.0,0,HAYIR,HAYIR
2026-08-16 19:32:33.281,0.80,0.76,35,0.0,0.0,0.000,-0.0,0,HAYIR,HAYIR
2026-08-16 19:32:33.301,0.80,0.76,35,0.0,0.0,0.000,-0.0,0,HAYIR,HAYIR
2026-08-16 19:32:33.321,0.80,0.76,35,0.0,0.0,0.000,-0.0,0,HAYIR,HAYIR
2026-08-16 19:32:33.341,0.80,0.76,35,0.0,0.0,0.000,-0.0,0,HAYIR,HAYIR
2026-08-16 19:32:33.361,0.80,0.76,35,0.0,0.0,0.000,-0.0,0,HAYIR,HAYIR
2026-08-16 19:32:33.381,0.80,0.76,35,0.0,0.0,0.000,-0.0,0,HAYIR,HAYIR
2026-08-16 19:32:33.401,0.80,0.76,35,0.0,0.0,0.000,-0.0,0,HAYIR,HAYIR
2026-08-16 19:32:33.421,0.80,0.76,35,0.0,0.0,0.000,-0.0,0,HAYIR,HAYIR
2026-08-16 19:32:33.441,0.80,0.76,35,0.0,0.0,0.000,-0.0,0,HAYIR,HAYIR
2026-08-16 19:32:33.461,0.80,0.76,35,0.0,0.0,0.000,-0.0,0,HAYIR,HAYIR
2026-08-16 19:32:33.481,0.80,0.76,35,0.0,0.0,0.000,-0.0,0,HAYIR,HAYIR
2026-08-16 19:32:33.501,0.80,0.76,35,0.0,0.0,0.000,-0.0,0,HAYIR,HAYIR
2026-08-16 19:32:33.521,0.80,0.76,35,0.0,0.0,0.000,-0.0,0,HAYIR,HAYIR
2026-08-16 19:32:33.541,0.80,0.71,37,0.0,0.0,0.000,-0.0,0,HAYIR,HAYIR
2026-08-16 19:32:33.561,0.80,0.71,35,0.0,0.0,0.000,-0.0,0,HAYIR,HAYIR
2026-08-16 19:32:33.581,0.80,0.71,35,0.0,0.0,0.000,-0.0,0,HAYIR,HAYIR
2026-08-16 19:32:33.601,0.80,0.71,35,0.0,0.0,0.000,-0.0,0,HAYIR,HAYIR
2026-08-16 19:32:33.621,0.80,0.71,35,0.0,0.0,0.000,-0.0,0,HAYIR,HAYIR
2026-08-16 19:32:33.641,0.80,0.71,35,0.0,0.0,0.000,-0.0,0,HAYIR,HAYIR
2026-08-16 19:32:33.661,0.80,0.71,35,0.0,0.0,0.000,-0.0,0,HAYIR,HAYIR
2026-08-16 19:32:33.681,0.80,0.71,35,0.0,0.0,0.000,-0.0,0,HAYIR,HAYIR
2026-08-16 19:32:33.701,0.80,0.71,35,0.0,0.0,0.000,-0.0,0,HAYIR,HAYIR
2026-08-16 19:32:33.721,0.80,0.71,35,0.0,0.0,0.000,-0.0,0,HAYIR,HAYIR
2026-08-16 19:32:33.741,0.80,0.71,35,0.0,0.0,0.000,-0.0,0,HAYIR,HAYIR
2026-08-16 19:32:33.761,0.80,0.71,35,0.0,0.0,0.000,-0.0,0,HAYIR,HAYIR
2026-08-16 19:32:33.781,0.80,0.71,35,0.0,0.0,0.000,-0.0,0,HAYIR,HAYIR
2026-08-16 19:32:33.801,0.80,0.71,35,0.0,0.0,0.000,-0.0,0,HAYIR,HAYIR
2026-08-16 19:32:33.821,0.80,0.71,35,0.0,0.0,0.000,-0.0,0,HAYIR,HAYIR
2026-08-16 19:32:33.841,0.80,0.71,35,0.0,0.0,0.000,-0.0,0,HAYIR,HAYIR
2026-08-16 19:32:33.861,0.80,0.66,37,0.0,0.0,0.000,-0.0,0,HAYIR,HAYIR
2026-08-16 19:32:33.881,0.80,0.66,35,0.0,0.0,0.000,-0.0,0,HAYIR,HAYIR
2026-08-16 19:32:33.901,0.80,0.66,35,0.0,0.0,0.000,-0.0,0,HAYIR,HAYIR
2026-08-16 19:32:33.921,0.80,0.66,35,0.0,0.0,0.000,-0.0,0,HAYIR,HAYIR
2026-08-16 19:32:33.941,0.80,0.66,35,0.0,0.0,0.000,-0.0,0,HAYIR,HAYIR
2026-08-16 19:32:33.961,0.80,0.66,35,0.0,0.0,0.000,-0.0,0,HAYIR,HAYIR
2026-08-16 19:32:33.981,0.80,0.66,35,0.0,0.0,0.000,-0.0,0,HAYIR,HAYIR
2026-08-16 19:32:34.001,0.80,0.66,35,0.0,0.0,0.000,-0.0,0,HAYIR,HAYIR
2026-08-16 19:32:34.021,0.80,0.66,35,0.0,0.0,0.000,-0.0,0,HAYIR,HAYIR
2026-08-16 19:32:34.041,0.80,0.66,35,0.0,0.0,0.000,-0.0,0,HAYIR,HAYIR
2026-08-16 19:32:34.061,0.80,0.66,35,0.0,0.0,0.000,-0.0,0,HAYIR,HAYIR
2026-08-16 19:32:34.081,0.80,0.66,35,0.0,0.0,0.000,-0.0,0,HAYIR,HAYIR
2026-08-16 19:32:34.101,0.80,0.66,35,0.0,0.0,0.000,-0.0,0,HAYIR,HAYIR
2026-08-16 19:32:34.121,0.80,0.66,35,0.0,0.0,0.000,-0.0,0,HAYIR,HAYIR
2026-08-16 19:32:34.141,0.80,0.66,35,0.0,0.0,0.000,-0.0,0,HAYIR,HAYIR
2026-08-16 19:32:34.161,0.80,0.66,35,0.0,0.0,0.000,-0.0,0,HAYIR,HAYIR
2026-08-16 19:32:34.181,0.80,0.64,36,0.0,0.0,0.000,-0.0,0,HAYIR,HAYIR
2026-08-16 19:32:34.201,0.80,0.64,35,0.0,0.0,0.000,-0.0,0,HAYIR,HAYIR
2026-08-16 19:32:34.221,0.80,0.64,35,0.0,0.0,0.000,-0.0,0,HAYIR,HAYIR
2026-08-16 19:32:34.241,0.80,0.64,35,0.0,0.0,0.000,-0.0,0,HAYIR,HAYIR
2026-08-16 19:32:34.261,0.80,0.64,35,0.0,0.0,0.000,-0.0,0,HAYIR,HAYIR
2026-08-16 19:32:34.281,0.80,0.64,35,0.0,0.0,0.000,-0.0,0,HAYIR,HAYIR
2026-08-16 19:32:34.301,0.80,0.64,35,0.0,0.0,0.000,-0.0,0,HAYIR,HAYIR
2026-08-16 19:32:34.321,0.80,0.64,35,0.0,0.0,0.000,-0.0,0,HAYIR,HAYIR
2026-08-16 19:32:34.341,0.80,0.64,35,0.0,0.0,0.000,-0.0,0,HAYIR,HAYIR
2026-08-16 19:32:34.361,0.80,0.64,35,0.0,0.0,0.000,-0.0,0,HAYIR,HAYIR
2026-08-16 19:32:34.381,0.80,0.64,35,0.0,0.0,0.000,-0.0,0,HAYIR,HAYIR
2026-08-16 19:32:34.401,0.80,0.64,35,0.0,0.0,0.000,-0.0,0,HAYIR,HAYIR
2026-08-16 19:32:34.421,0.80,0.64,35,0.0,0.0,0.000,-0.0,0,HAYIR,HAYIR
2026-08-16 19:32:34.441,0.80,0.64,35,0.0,0.0,0.000,-0.0,0,HAYIR,HAYIR
2026-08-16 19:32:34.461,0.80,0.64,35,0.0,0.0,0.000,-0.0,0,HAYIR,HAYIR
2026-08-16 19:32:34.481,0.80,0.64,35,0.0,0.0,0.000,-0.0,0,HAYIR,HAYIR
2026-08-16 19:32:34.501,0.80,0.64,35,0.0,0.0,0.000,-0.0,0,HAYIR,HAYIR
2026-08-16 19:32:34.521,0.80,0.64,35,0.0,0.0,0.000,-0.0,0,HAYIR,HAYIR
2026-08-16 19:32:34.541,0.80,0.64,35,0.0,0.0,0.000,-0.0,0,HAYIR,HAYIR
2026-08-16 19:32:34.561,0.80,0.64,35,0.0,0.0,0.000,-0.0,0,HAYIR,HAYIR
2026-08-16 19:32:34.581,0.80,0.63,35,0.0,0.0,0.000,-0.0,0,HAYIR,HAYIR
2026-08-16 19:32:34.601,0.80,0.63,35,0.0,0.0,0.000,-0.0,0,HAYIR,HAYIR
2026-08-16 19:32:34.621,0.80,0.63,35,0.0,0.0,0.000,-0.0,0,HAYIR,HAYIR
2026-08-16 19:32:34.641,0.80,0.63,35,0.0,0.0,0.000,-0.0,0,HAYIR,HAYIR
2026-08-16 19:32:34.661,0.80,0.63,35,0.0,0.0,0.000,-0.0,0,HAYIR,HAYIR
2026-08-16 19:32:34.681,0.80,0.63,35,0.0,0.0,0.000,-0.0,0,HAYIR,HAYIR
2026-08-16 19:32:34.701,0.80,0.63,35,0.0,0.0,0.000,-0.0,0,HAYIR,HAYIR
2026-08-16 19:32:34.721,0.80,0.63,35,0.0,0.0,0.000,-0.0,0,HAYIR,HAYIR
2026-08-16 19:32:34.741,0.80,0.63,35,0.0,0.0,0.000,-0.0,0,HAYIR,HAYIR
2026-08-16 19:32:34.761,0.80,0.63,35,0.0,0.0,0.000,-0.0,0,HAYIR,HAYIR
2026-08-16 19:32:34.781,0.80,0.63,35,0.0,0.0,0.000,-0.0,0,HAYIR,HAYIR
2026-08-16 19:32:34.801,0.80,0.63,35,0.0,0.0,0.000,-0.0,0,HAYIR,HAYIR
2026-08-16 19:32:34.821,0.80,0.63,35,0.0,0.0,0.000,-0.0,0,HAYIR,HAYIR
2026-08-16 19:32:34.841,0.80,0.63,35,0.0,0.0,0.000,-0.0,0,HAYIR,HAYIR
2026-08-16 19:32:34.861,0.80,0.63,35,0.0,0.0,0.000,-0.0,0,HAYIR,HAYIR
2026-08-16 19:32:34.881,0.80,0.63,35,0.0,0.0,0.000,-0.0,0,HAYIR,HAYIR
2026-08-16 19:32:34.901,0.80,0.65,35,0.0,0.0,0.000,-0.0,0,HAYIR,HAYIR
2026-08-16 19:32:34.921,0.80,0.65,35,0.0,0.0,0.000,-0.0,0,HAYIR,HAYIR
2026-08-16 19:32:34.941,0.80,0.65,35,0.0,0.0,0.000,-0.0,0,HAYIR,HAYIR
2026-08-16 19:32:34.961,0.80,0.65,35,0.0,0.0,0.000,-0.0,0,HAYIR,HAYIR
2026-08-16 19:32:34.981,0.80,0.65,35,0.0,0.0,0.000,-0.0,0,HAYIR,HAYIR
2026-08-16 19:32:35.001,0.80,0.65,35,0.0,0.0,0.000,-0.0,0,HAYIR,HAYIR
2026-08-16 19:32:35.021,0.80,0.65,35,0.0,0.0,0.000,-0.0,0,HAYIR,HAYIR
2026-08-16 19:32:35.041,0.80,0.65,35,0.0,0.0,0.000,-0.0,0,HAYIR,HAYIR
2026-08-16 19:32:35.061,0.80,0.65,35,0.0,0.0,0.000,-0.0,0,HAYIR,HAYIR
2026-08-16 19:32:35.081,0.80,0.65,35,0.0,0.0,0.000,-0.0,0,HAYIR,HAYIR
2026-08-16 19:32:35.101,0.80,0.65,35,0.0,0.0,0.000,-0.0,0,HAYIR,HAYIR
2026-08-16 19:32:35.121,0.80,0.65,35,0.0,0.0,0.000,-0.0,0,HAYIR,HAYIR
2026-08-16 19:32:35.141,0.80,0.65,35,0.0,0.0,0.000,-0.0,0,HAYIR,HAYIR
2026-08-16 19:32:35.161,0.80,0.65,35,0.0,0.0,0.000,-0.0,0,HAYIR,HAYIR
2026-08-16 19:32:35.181,0.80,0.65,35,0.0,0.0,0.000,-0.0,0,HAYIR,HAYIR
2026-08-16 19:32:35.201,0.80,0.65,35,0.0,0.0,0.000,-0.0,0,HAYIR,HAYIR
2026-08-16 19:32:35.221,0.80,0.70,33,0.0,0.0,0.000,-0.0,0,HAYIR,HAYIR
2026-08-16 19:32:35.241,0.80,0.70,35,0.0,0.0,0.000,-0.0,0,HAYIR,HAYIR
2026-08-16 19:32:35.261,0.80,0.70,35,0.0,0.0,0.000,-0.0,0,HAYIR,HAYIR
2026-08-16 19:32:35.281,0.80,0.70,35,0.0,0.0,0.000,-0.0,0,HAYIR,HAYIR
2026-08-16 19:32:35.301,0.80,0.70,35,0.0,0.0,0.000,-0.0,0,HAYIR,HAYIR
2026-08-16 19:32:35.321,0.80,0.70,35,0.0,0.0,0.000,-0.0,0,HAYIR,HAYIR
2026-08-16 19:32:35.341,0.80,0.70,35,0.0,0.0,0.000,-0.0,0,HAYIR,HAYIR
2026-08-16 19:32:35.361,0.80,0.70,35,0.0,0.0,0.000,-0.0,0,HAYIR,HAYIR
2026-08-16 19:32:35.381,0.80,0.70,35,0.0,0.0,0.000,-0.0,0,HAYIR,HAYIR
2026-08-16 19:32:35.401,0.80,0.70,35,0.0,0.0,0.000,-0.0,0,HAYIR,HAYIR
2026-08-16 19:32:35.421,0.80,0.70,35,0.0,0.0,0.000,-0.0,0,HAYIR,HAYIR
2026-08-16 19:32:35.441,0.80,0.70,35,0.0,0.0,0.000,-0.0,0,HAYIR,HAYIR
2026-08-16 19:32:35.461,0.80,0.70,35,0.0,0.0,0.000,-0.0,0,HAYIR,HAYIR
2026-08-16 19:32:35.481,0.80,0.70,35,0.0,0.0,0.000,-0.0,0,HAYIR,HAYIR
2026-08-16 19:32:35.501,0.80,0.70,35,0.0,0.0,0.000,-0.0,0,HAYIR,HAYIR
2026-08-16 19:32:35.521,0.80,0.70,35,0.0,0.0,0.000,-0.0,0,HAYIR,HAYIR
2026-08-16 19:32:35.541,0.80,0.76,32,0.0,0.0,0.000,-0.0,0,HAYIR,HAYIR
2026-08-16 19:32:35.561,0.80,0.76,35,0.0,0.0,0.000,-0.0,0,HAYIR,HAYIR
2026-08-16 19:32:35.581,0.80,0.76,35,0.0,0.0,0.000,-0.0,0,HAYIR,HAYIR
2026-08-16 19:32:35.601,0.80,0.76,35,0.0,0.0,0.000,-0.0,0,HAYIR,HAYIR
2026-08-16 19:32:35.621,0.80,0.76,35,0.0,0.0,0.000,-0.0,0,HAYIR,HAYIR
2026-08-16 19:32:35.641,0.80,0.76,35,0.0,0.0,0.000,-0.0,0,HAYIR,HAYIR
2026-08-16 19:32:35.661,0.80,0.76,35,0.0,0.0,0.000,-0.0,0,HAYIR,HAYIR
2026-08-16 19:32:35.681,0.80,0.76,35,0.0,0.0,0.000,-0.0,0,HAYIR,HAYIR
2026-08-16 19:32:35.701,0.80,0.76,35,0.0,0.0,0.000,-0.0,0,HAYIR,HAYIR
2026-08-16 19:32:35.721,0.80,0.76,35,0.0,0.0,0.000,-0.0,0,HAYIR,HAYIR
2026-08-16 19:32:35.741,0.80,0.76,35,0.0,0.0,0.000,-0.0,0,HAYIR,HAYIR
2026-08-16 19:32:35.761,0.80,0.76,35,0.0,0.0,0.000,-0.0,0,HAYIR,HAYIR
2026-08-16 19:32:35.781,0.80,0.76,35,0.0,0.0,0.000,-0.0,0,HAYIR,HAYIR
2026-08-16 19:32:35.801,0.80,0.76,35,0.0,0.0,0.000,-0.0,0,HAYIR,HAYIR
2026-08-16 19:32:35.821,0.80,0.76,35,0.0,0.0,0.000,-0.0,0,HAYIR,HAYIR
2026-08-16 19:32:35.841,0.80,0.76,35,0.0,0.0,0.000,-0.0,0,HAYIR,HAYIR
2026-08-16 19:32:35.861,0.80,0.82,28,0.0,0.0,0.000,-0.0,0,HAYIR,HAYIR
2026-08-16 19:32:35.881,0.80,0.82,28,0.0,0.0,0.000,-0.0,0,HAYIR,HAYIR
2026-08-16 19:32:35.901,0.80,0.82,28,0.0,0.0,0.000,-0.0,0,HAYIR,HAYIR
2026-08-16 19:32:35.921,0.80,0.82,28,0.0,0.0,0.000,-0.0,0,HAYIR,HAYIR
2026-08-16 19:32:35.941,0.80,0.82,28,0.0,0.0,0.000,-0.0,0,HAYIR,HAYIR
2026-08-16 19:32:35.961,0.80,0.82,28,0.0,0.0,0.000,-0.0,0,HAYIR,HAYIR
2026-08-16 19:32:35.981,0.80,0.82,28,0.0,0.0,0.000,-0.0,0,HAYIR,HAYIR
2026-08-16 19:32:36.001,0.80,0.82,28,0.0,0.0,0.000,-0.0,0,HAYIR,HAYIR
2026-08-16 19:32:36.021,0.80,0.82,28,0.0,0.0,0.000,-0.0,0,HAYIR,HAYIR
2026-08-16 19:32:36.041,0.80,0.82,28,0.0,0.0,0.000,-0.0,0,HAYIR,HAYIR
2026-08-16 19:32:36.061,0.80,0.82,28,0.0,0.0,0.000,-0.0,0,HAYIR,HAYIR
2026-08-16 19:32:36.081,0.80,0.82,28,0.0,0.0,0.000,-0.0,0,HAYIR,HAYIR
2026-08-16 19:32:36.101,0.80,0.82,28,0.0,0.0,0.000,-0.0,0,HAYIR,HAYIR
2026-08-16 19:32:36.121,0.80,0.82,28,0.0,0.0,0.000,-0.0,0,HAYIR,HAYIR
2026-08-16 19:32:36.141,0.80,0.82,28,0.0,0.0,0.000,-0.0,0,HAYIR,HAYIR
2026-08-16 19:32:36.161,0.80,0.82,28,0.0,0.0,0.000,-0.0,0,HAYIR,HAYIR
2026-08-16 19:32:36.181,0.80,0.82,28,0.0,0.0,0.000,-0.0,0,HAYIR,HAYIR
2026-08-16 19:32:36.201,0.80,0.82,28,0.0,0.0,0.000,-0.0,0,HAYIR,HAYIR
2026-08-16 19:32:36.221,0.80,0.82,28,0.0,0.0,0.000,-0.0,0,HAYIR,HAYIR
2026-08-16 19:32:36.241,0.80,0.89,28,0.0,0.0,0.000,-0.0,0,HAYIR,HAYIR
2026-08-16 19:32:36.261,0.80,0.89,28,0.0,0.0,0.000,-0.0,0,HAYIR,HAYIR
2026-08-16 19:32:36.281,0.80,0.89,28,0.0,0.0,0.000,-0.0,0,HAYIR,HAYIR
2026-08-16 19:32:36.301,0.80,0.89,28,0.0,0.0,0.000,-0.0,0,HAYIR,HAYIR
2026-08-16 19:32:36.321,0.80,0.89,28,0.0,0.0,0.000,-0.0,0,HAYIR,HAYIR
2026-08-16 19:32:36.341,0.80,0.89,28,0.0,0.0,0.000,-0.0,0,HAYIR,HAYIR
2026-08-16 19:32:36.361,0.80,0.89,28,0.0,0.0,0.000,-0.0,0,HAYIR,HAYIR
2026-08-16 19:32:36.381,0.80,0.89,28,0.0,0.0,0.000,-0.0,0,HAYIR,HAYIR
2026-08-16 19:32:36.401,0.80,0.89,28,0.0,0.0,0.000,-0.0,0,HAYIR,HAYIR
2026-08-16 19:32:36.421,0.80,0.89,28,0.0,0.0,0.000,-0.0,0,HAYIR,HAYIR
2026-08-16 19:32:36.441,0.80,0.89,28,0.0,0.0,0.000,-0.0,0,HAYIR,HAYIR
2026-08-16 19:32:36.461,0.80,0.89,28,0.0,0.0,0.000,-0.0,0,HAYIR,HAYIR
2026-08-16 19:32:36.481,0.80,0.89,28,0.0,0.0,0.000,-0.0,0,HAYIR,HAYIR
2026-08-16 19:32:36.501,0.80,0.89,28,0.0,0.0,0.000,-0.0,0,HAYIR,HAYIR
2026-08-16 19:32:36.521,0.80,0.89,28,0.0,0.0,0.000,-0.0,0,HAYIR,HAYIR
2026-08-16 19:32:36.541,0.80,0.89,28,0.0,0.0,0.000,-0.0,0,HAYIR,HAYIR
2026-08-16 19:32:36.561,0.80,0.96,28,0.0,0.0,0.000,-0.0,0,HAYIR,HAYIR
2026-08-16 19:32:36.581,0.80,0.96,28,0.0,0.0,0.000,-0.0,0,HAYIR,HAYIR
2026-08-16 19:32:36.601,0.80,0.96,28,0.0,0.0,0.000,-0.0,0,HAYIR,HAYIR
2026-08-16 19:32:36.621,0.80,0.96,28,0.0,0.0,0.000,-0.0,0,HAYIR,HAYIR
2026-08-16 19:32:36.641,0.80,0.96,28,0.0,0.0,0.000,-0.0,0,HAYIR,HAYIR
2026-08-16 19:32:36.661,0.80,0.96,28,0.0,0.0,0.000,-0.0,0,HAYIR,HAYIR
2026-08-16 19:32:36.681,0.80,0.96,28,0.0,0.0,0.000,-0.0,0,HAYIR,HAYIR
2026-08-16 19:32:36.701,0.80,0.96,28,0.0,0.0,0.000,-0.0,0,HAYIR,HAYIR
2026-08-16 19:32:36.721,0.80,0.96,28,0.0,0.0,0.000,-0.0,0,HAYIR,HAYIR
2026-08-16 19:32:36.741,0.80,0.96,28,0.0,0.0,0.000,-0.0,0,HAYIR,HAYIR
2026-08-16 19:32:36.761,0.80,0.96,28,0.0,0.0,0.000,-0.0,0,HAYIR,HAYIR
2026-08-16 19:32:36.781,0.80,0.96,28,0.0,0.0,0.000,-0.0,0,HAYIR,HAYIR
2026-08-16 19:32:36.801,0.80,0.96,28,0.0,0.0,0.000,-0.0,0,HAYIR,HAYIR
2026-08-16 19:32:36.821,0.80,0.96,28,0.0,0.0,0.000,-0.0,0,HAYIR,HAYIR
2026-08-16 19:32:36.841,0.80,0.96,28,0.0,0.0,0.000,-0.0,0,HAYIR,HAYIR
2026-08-16 19:32:36.861,0.80,0.96,28,0.0,0.0,0.000,-0.0,0,HAYIR,HAYIR
2026-08-16 19:32:36.881,0.80,0.99,28,0.0,0.0,0.000,-0.0,0,HAYIR,HAYIR
2026-08-16 19:32:36.901,0.80,0.99,28,0.0,0.0,0.000,-0.0,0,HAYIR,HAYIR
2026-08-16 19:32:36.921,0.80,0.99,28,0.0,0.0,0.000,-0.0,0,HAYIR,HAYIR
2026-08-16 19:32:36.941,0.80,0.99,28,0.0,0.0,0.000,-0.0,0,HAYIR,HAYIR
2026-08-16 19:32:36.961,0.80,0.99,28,0.0,0.0,0.000,-0.0,0,HAYIR,HAYIR
2026-08-16 19:32:36.981,0.80,0.99,28,0.0,0.0,0.000,-0.0,0,HAYIR,HAYIR
2026-08-16 19:32:37.001,0.80,0.99,28,0.0,0.0,0.000,-0.0,0,HAYIR,HAYIR
2026-08-16 19:32:37.021,0.80,0.99,28,0.0,0.0,0.000,-0.0,0,HAYIR,HAYIR
2026-08-16 19:32:37.041,0.80,0.99,28,0.0,0.0,0.000,-0.0,0,HAYIR,HAYIR
2026-08-16 19:32:37.061,0.80,0.99,28,0.0,0.0,0.000,-0.0,0,HAYIR,HAYIR
2026-08-16 19:32:37.081,0.80,0.99,28,0.0,0.0,0.000,-0.0,0,HAYIR,HAYIR
2026-08-16 19:32:37.101,0.80,0.99,28,0.0,0.0,0.000,-0.0,0,HAYIR,HAYIR
2026-08-16 19:32:37.121,0.80,0.99,28,0.0,0.0,0.000,-0.0,0,HAYIR,HAYIR
2026-08-16 19:32:37.141,0.80,0.99,28,0.0,0.0,0.000,-0.0,0,HAYIR,HAYIR
2026-08-16 19:32:37.161,0.80,0.99,28,0.0,0.0,0.000,-0.0,0,HAYIR,HAYIR
2026-08-16 19:32:37.181,0.80,0.99,28,0.0,0.0,0.000,-0.0,0,HAYIR,HAYIR
2026-08-16 19:32:37.201,0.80,0.98,28,0.0,0.0,0.000,-0.0,0,HAYIR,HAYIR
2026-08-16 19:32:37.221,0.80,0.98,28,0.0,0.0,0.000,-0.0,0,HAYIR,HAYIR
2026-08-16 19:32:37.241,0.80,0.98,28,0.0,0.0,0.000,-0.0,0,HAYIR,HAYIR
2026-08-16 19:32:37.261,0.80,0.98,28,0.0,0.0,0.000,-0.0,0,HAYIR,HAYIR
2026-08-16 19:32:37.281,0.80,0.98,28,0.0,0.0,0.000,-0.0,0,HAYIR,HAYIR
2026-08-16 19:32:37.301,0.80,0.98,28,0.0,0.0,0.000,-0.0,0,HAYIR,HAYIR
2026-08-16 19:32:37.321,0.80,0.98,28,0.0,0.0,0.000,-0.0,0,HAYIR,HAYIR
2026-08-16 19:32:37.341,0.80,0.98,28,0.0,0.0,0.000,-0.0,0,HAYIR,HAYIR
2026-08-16 19:32:37.361,0.80,0.98,28,0.0,0.0,0.000,-0.0,0,HAYIR,HAYIR
2026-08-16 19:32:37.381,0.80,0.98,28,0.0,0.0,0.000,-0.0,0,HAYIR,HAYIR
2026-08-16 19:32:37.401,0.80,0.98,28,0.0,0.0,0.000,-0.0,0,HAYIR,HAYIR
2026-08-16 19:32:37.421,0.80,0.98,28,0.0,0.0,0.000,-0.0,0,HAYIR,HAYIR
2026-08-16 19:32:37.441,0.80,0.98,28,0.0,0.0,0.000,-0.0,0,HAYIR,HAYIR
2026-08-16 19:32:37.461,0.80,0.98,28,0.0,0.0,0.000,-0.0,0,HAYIR,HAYIR
2026-08-16 19:32:37.481,0.80,0.98,28,0.0,0.0,0.000,-0.0,0,HAYIR,HAYIR
2026-08-16 19:32:37.501,0.80,0.98,28,0.0,0.0,0.000,-0.0,0,HAYIR,HAYIR
2026-08-16 19:32:37.521,0.80,0.95,28,0.0,0.0,0.000,-0.0,0,HAYIR,HAYIR
2026-08-16 19:32:37.541,0.80,0.95,28,0.0,0.0,0.000,-0.0,0,HAYIR,HAYIR
2026-08-16 19:32:37.561,0.80,0.95,28,0.0,0.0,0.000,-0.0,0,HAYIR,HAYIR
2026-08-16 19:32:37.581,0.80,0.95,28,0.0,0.0,0.000,-0.0,0,HAYIR,HAYIR
2026-08-16 19:32:37.601,0.80,0.95,28,0.0,0.0,0.000,-0.0,0,HAYIR,HAYIR
2026-08-16 19:32:37.621,0.80,0.95,28,0.0,0.0,0.000,-0.0,0,HAYIR,HAYIR
2026-08-16 19:32:37.641,0.80,0.95,28,0.0,0.0,0.000,-0.0,0,HAYIR,HAYIR
2026-08-16 19:32:37.661,0.80,0.95,28,0.0,0.0,0.000,-0.0,0,HAYIR,HAYIR
2026-08-16 19:32:37.681,0.80,0.95,28,0.0,0.0,0.000,-0.0,0,HAYIR,HAYIR
2026-08-16 19:32:37.701,0.80,0.95,28,0.0,0.0,0.000,-0.0,0,HAYIR,HAYIR
2026-08-16 19:32:37.721,0.80,0.95,28,0.0,0.0,0.000,-0.0,0,HAYIR,HAYIR
2026-08-16 19:32:37.741,0.80,0.95,28,0.0,0.0,0.000,-0.0,0,HAYIR,HAYIR
2026-08-16 19:32:37.761,0.80,0.95,28,0.0,0.0,0.000,-0.0,0,HAYIR,HAYIR
2026-08-16 19:32:37.781,0.80,0.95,28,0.0,0.0,0.000,-0.0,0,HAYIR,HAYIR
2026-08-16 19:32:37.801,0.80,0.95,28,0.0,0.0,0.000,-0.0,0,HAYIR,HAYIR
2026-08-16 19:32:37.821,0.80,0.95,28,0.0,0.0,0.000,-0.0,0,HAYIR,HAYIR
2026-08-16 19:32:37.841,0.80,0.95,28,0.0,0.0,0.000,-0.0,0,HAYIR,HAYIR
2026-08-16 19:32:37.861,0.80,0.95,28,0.0,0.0,0.000,-0.0,0,HAYIR,HAYIR
2026-08-16 19:32:37.881,0.80,0.95,28,0.0,0.0,0.000,-0.0,0,HAYIR,HAYIR
2026-08-16 19:32:37.901,0.80,0.91,28,0.0,0.0,0.000,-0.0,0,HAYIR,HAYIR
2026-08-16 19:32:37.921,0.80,0.91,28,0.0,0.0,0.000,-0.0,0,HAYIR,HAYIR
2026-08-16 19:32:37.941,0.80,0.91,28,0.0,0.0,0.000,-0.0,0,HAYIR,HAYIR
2026-08-16 19:32:37.961,0.80,0.91,28,0.0,0.0,0.000,-0.0,0,HAYIR,HAYIR
2026-08-16 19:32:37.981,0.80,0.91,28,0.0,0.0,0.000,-0.0,0,HAYIR,HAYIR
2026-08-16 19:32:38.001,0.80,0.91,28,0.0,0.0,0.000,-0.0,0,HAYIR,HAYIR
2026-08-16 19:32:38.021,0.80,0.91,28,0.0,0.0,0.000,-0.0,0,HAYIR,HAYIR
2026-08-16 19:32:38.041,0.80,0.91,28,0.0,0.0,0.000,-0.0,0,HAYIR,HAYIR
2026-08-16 19:32:38.061,0.80,0.91,28,0.0,0.0,0.000,-0.0,0,HAYIR,HAYIR
2026-08-16 19:32:38.081,0.80,0.91,28,0.0,0.0,0.000,-0.0,0,HAYIR,HAYIR
2026-08-16 19:32:38.101,0.80,0.91,28,0.0,0.0,0.000,-0.0,0,HAYIR,HAYIR
2026-08-16 19:32:38.121,0.80,0.91,28,0.0,0.0,0.000,-0.0,0,HAYIR,HAYIR
2026-08-16 19:32:38.141,0.80,0.91,28,0.0,0.0,0.000,-0.0,0,HAYIR,HAYIR
2026-08-16 19:32:38.161,0.80,0.91,28,0.0,0.0,0.000,-0.0,0,HAYIR,HAYIR
2026-08-16 19:32:38.181,0.80,0.91,28,0.0,0.0,0.000,-0.0,0,HAYIR,HAYIR
2026-08-16 19:32:38.201,0.80,0.91,28,0.0,0.0,0.000,-0.0,0,HAYIR,HAYIR
2026-08-16 19:32:38.221,0.80,0.88,28,0.0,0.0,0.000,-0.0,0,HAYIR,HAYIR
2026-08-16 19:32:38.241,0.80,0.88,28,0.0,0.0,0.000,-0.0,0,HAYIR,HAYIR
2026-08-16 19:32:38.261,0.80,0.88,28,0.0,0.0,0.000,-0.0,0,HAYIR,HAYIR
2026-08-16 19:32:38.281,0.80,0.88,28,0.0,0.0,0.000,-0.0,0,HAYIR,HAYIR
2026-08-16 19:32:38.301,0.80,0.88,28,0.0,0.0,0.000,-0.0,0,HAYIR,HAYIR
2026-08-16 19:32:38.321,0.80,0.88,28,0.0,0.0,0.000,-0.0,0,HAYIR,HAYIR
2026-08-16 19:32:38.341,0.80,0.88,28,0.0,0.0,0.000,-0.0,0,HAYIR,HAYIR
2026-08-16 19:32:38.361,0.80,0.88,28,0.0,0.0,0.000,-0.0,0,HAYIR,HAYIR
2026-08-16 19:32:38.381,0.80,0.88,28,0.0,0.0,0.000,-0.0,0,HAYIR,HAYIR
2026-08-16 19:32:38.401,0.80,0.88,28,0.0,0.0,0.000,-0.0,0,HAYIR,HAYIR
2026-08-16 19:32:38.421,0.80,0.88,28,0.0,0.0,0.000,-0.0,0,HAYIR,HAYIR
2026-08-16 19:32:38.441,0.80,0.88,28,0.0,0.0,0.000,-0.0,0,HAYIR,HAYIR
2026-08-16 19:32:38.461,0.80,0.88,28,0.0,0.0,0.000,-0.0,0,HAYIR,HAYIR
2026-08-16 19:32:38.481,0.80,0.88,28,0.0,0.0,0.000,-0.0,0,HAYIR,HAYIR
2026-08-16 19:32:38.501,0.80,0.88,28,0.0,0.0,0.000,-0.0,0,HAYIR,HAYIR
2026-08-16 19:32:38.521,0.80,0.88,28,0.0,0.0,0.000,-0.0,0,HAYIR,HAYIR
2026-08-16 19:32:38.541,0.80,0.83,28,0.0,0.0,0.000,-0.0,0,HAYIR,HAYIR
2026-08-16 19:32:38.561,0.80,0.83,28,0.0,0.0,0.000,-0.0,0,HAYIR,HAYIR
2026-08-16 19:32:38.581,0.80,0.83,28,0.0,0.0,0.000,-0.0,0,HAYIR,HAYIR
2026-08-16 19:32:38.601,0.80,0.83,28,0.0,0.0,0.000,-0.0,0,HAYIR,HAYIR
2026-08-16 19:32:38.621,0.80,0.83,28,0.0,0.0,0.000,-0.0,0,HAYIR,HAYIR
2026-08-16 19:32:38.641,0.80,0.83,28,0.0,0.0,0.000,-0.0,0,HAYIR,HAYIR
2026-08-16 19:32:38.661,0.80,0.83,28,0.0,0.0,0.000,-0.0,0,HAYIR,HAYIR
2026-08-16 19:32:38.681,0.80,0.83,28,0.0,0.0,0.000,-0.0,0,HAYIR,HAYIR
2026-08-16 19:32:38.701,0.80,0.83,28,0.0,0.0,0.000,-0.0,0,HAYIR,HAYIR
2026-08-16 19:32:38.721,0.80,0.83,28,0.0,0.0,0.000,-0.0,0,HAYIR,HAYIR
2026-08-16 19:32:38.741,0.80,0.83,28,0.0,0.0,0.000,-0.0,0,HAYIR,HAYIR
2026-08-16 19:32:38.761,0.80,0.83,28,0.0,0.0,0.000,-0.0,0,HAYIR,HAYIR
2026-08-16 19:32:38.781,0.80,0.83,28,0.0,0.0,0.000,-0.0,0,HAYIR,HAYIR
2026-08-16 19:32:38.801,0.80,0.83,28,0.0,0.0,0.000,-0.0,0,HAYIR,HAYIR
2026-08-16 19:32:38.821,0.80,0.83,28,0.0,0.0,0.000,-0.0,0,HAYIR,HAYIR
2026-08-16 19:32:38.841,0.80,0.83,28,0.0,0.0,0.000,-0.0,0,HAYIR,HAYIR
2026-08-16 19:32:38.861,0.80,0.77,37,0.0,0.0,0.000,-0.0,0,HAYIR,HAYIR
2026-08-16 19:32:38.881,0.80,0.77,34,0.0,0.0,0.000,-0.0,0,HAYIR,HAYIR
2026-08-16 19:32:38.901,0.80,0.77,34,0.0,0.0,0.000,-0.0,0,HAYIR,HAYIR
2026-08-16 19:32:38.921,0.80,0.77,34,0.0,0.0,0.000,-0.0,0,HAYIR,HAYIR
2026-08-16 19:32:38.941,0.80,0.77,34,0.0,0.0,0.000,-0.0,0,HAYIR,HAYIR
2026-08-16 19:32:38.961,0.80,0.77,34,0.0,0.0,0.000,-0.0,0,HAYIR,HAYIR
2026-08-16 19:32:38.981,0.80,0.77,34,0.0,0.0,0.000,-0.0,0,HAYIR,HAYIR
2026-08-16 19:32:39.001,0.80,0.77,34,0.0,0.0,0.000,-0.0,0,HAYIR,HAYIR
2026-08-16 19:32:39.021,0.80,0.77,34,0.0,0.0,0.000,-0.0,0,HAYIR,HAYIR
2026-08-16 19:32:39.041,0.80,0.77,34,0.0,0.0,0.000,-0.0,0,HAYIR,HAYIR
2026-08-16 19:32:39.061,0.80,0.77,34,0.0,0.0,0.000,-0.0,0,HAYIR,HAYIR
2026-08-16 19:32:39.081,0.80,0.77,34,0.0,0.0,0.000,-0.0,0,HAYIR,HAYIR
2026-08-16 19:32:39.101,0.80,0.77,34,0.0,0.0,0.000,-0.0,0,HAYIR,HAYIR
2026-08-16 19:32:39.121,0.80,0.77,34,0.0,0.0,0.000,-0.0,0,HAYIR,HAYIR
2026-08-16 19:32:39.141,0.80,0.77,34,0.0,0.0,0.000,-0.0,0,HAYIR,HAYIR
2026-08-16 19:32:39.161,0.80,0.77,34,0.0,0.0,0.000,-0.0,0,HAYIR,HAYIR
2026-08-16 19:32:39.181,0.80,0.77,34,0.0,0.0,0.000,-0.0,0,HAYIR,HAYIR
2026-08-16 19:32:39.201,0.80,0.71,37,0.0,0.0,0.000,-0.0,0,HAYIR,HAYIR
2026-08-16 19:32:39.221,0.80,0.71,35,0.0,0.0,0.000,-0.0,0,HAYIR,HAYIR
2026-08-16 19:32:39.241,0.80,0.71,35,0.0,0.0,0.000,-0.0,0,HAYIR,HAYIR
2026-08-16 19:32:39.261,0.80,0.71,35,0.0,0.0,0.000,-0.0,0,HAYIR,HAYIR
2026-08-16 19:32:39.281,0.80,0.71,35,0.0,0.0,0.000,-0.0,0,HAYIR,HAYIR
2026-08-16 19:32:39.301,0.80,0.71,35,0.0,0.0,0.000,-0.0,0,HAYIR,HAYIR
2026-08-16 19:32:39.321,0.80,0.71,35,0.0,0.0,0.000,-0.0,0,HAYIR,HAYIR
2026-08-16 19:32:39.341,0.80,0.71,35,0.0,0.0,0.000,-0.0,0,HAYIR,HAYIR
2026-08-16 19:32:39.361,0.80,0.71,35,0.0,0.0,0.000,-0.0,0,HAYIR,HAYIR
2026-08-16 19:32:39.381,0.80,0.71,35,0.0,0.0,0.000,-0.0,0,HAYIR,HAYIR
2026-08-16 19:32:39.401,0.80,0.71,35,0.0,0.0,0.000,-0.0,0,HAYIR,HAYIR
2026-08-16 19:32:39.421,0.80,0.71,35,0.0,0.0,0.000,-0.0,0,HAYIR,HAYIR
2026-08-16 19:32:39.441,0.80,0.71,35,0.0,0.0,0.000,-0.0,0,HAYIR,HAYIR
2026-08-16 19:32:39.461,0.80,0.71,35,0.0,0.0,0.000,-0.0,0,HAYIR,HAYIR
2026-08-16 19:32:39.481,0.80,0.71,35,0.0,0.0,0.000,-0.0,0,HAYIR,HAYIR
2026-08-16 19:32:39.501,0.80,0.71,35,0.0,0.0,0.000,-0.0,0,HAYIR,HAYIR
2026-08-16 19:32:39.521,0.80,0.71,35,0.0,0.0,0.000,-0.0,0,HAYIR,HAYIR
2026-08-16 19:32:39.541,0.80,0.71,35,0.0,0.0,0.000,-0.0,0,HAYIR,HAYIR
2026-08-16 19:32:39.561,0.80,0.71,35,0.0,0.0,0.000,-0.0,0,HAYIR,HAYIR
2026-08-16 19:32:39.581,0.80,0.65,37,0.0,0.0,0.000,-0.0,0,HAYIR,HAYIR
2026-08-16 19:32:39.601,0.80,0.65,35,0.0,0.0,0.000,-0.0,0,HAYIR,HAYIR
2026-08-16 19:32:39.621,0.80,0.65,35,0.0,0.0,0.000,-0.0,0,HAYIR,HAYIR
2026-08-16 19:32:39.641,0.80,0.65,35,0.0,0.0,0.000,-0.0,0,HAYIR,HAYIR
2026-08-16 19:32:39.661,0.80,0.65,35,0.0,0.0,0.000,-0.0,0,HAYIR,HAYIR
2026-08-16 19:32:39.681,0.80,0.65,35,0.0,0.0,0.000,-0.0,0,HAYIR,HAYIR
2026-08-16 19:32:39.701,0.80,0.65,35,0.0,0.0,0.000,-0.0,0,HAYIR,HAYIR
2026-08-16 19:32:39.721,0.80,0.65,35,0.0,0.0,0.000,-0.0,0,HAYIR,HAYIR
2026-08-16 19:32:39.741,0.80,0.65,35,0.0,0.0,0.000,-0.0,0,HAYIR,HAYIR
2026-08-16 19:32:39.761,0.80,0.65,35,0.0,0.0,0.000,-0.0,0,HAYIR,HAYIR
2026-08-16 19:32:39.781,0.80,0.65,35,0.0,0.0,0.000,-0.0,0,HAYIR,HAYIR
2026-08-16 19:32:39.801,0.80,0.65,35,0.0,0.0,0.000,-0.0,0,HAYIR,HAYIR
2026-08-16 19:32:39.821,0.80,0.65,35,0.0,0.0,0.000,-0.0,0,HAYIR,HAYIR
2026-08-16 19:32:39.841,0.80,0.65,35,0.0,0.0,0.000,-0.0,0,HAYIR,HAYIR
2026-08-16 19:32:39.861,0.80,0.65,35,0.0,0.0,0.000,-0.0,0,HAYIR,HAYIR
2026-08-16 19:32:39.881,0.80,0.65,35,0.0,0.0,0.000,-0.0,0,HAYIR,HAYIR
2026-08-16 19:32:39.901,0.80,0.63,36,0.0,0.0,0.000,-0.0,0,HAYIR,HAYIR
2026-08-16 19:32:39.921,0.80,0.63,35,0.0,0.0,0.000,-0.0,0,HAYIR,HAYIR
2026-08-16 19:32:39.941,0.80,0.63,35,0.0,0.0,0.000,-0.0,0,HAYIR,HAYIR
2026-08-16 19:32:39.961,0.80,0.63,35,0.0,0.0,0.000,-0.0,0,HAYIR,HAYIR
2026-08-16 19:32:39.981,0.80,0.63,35,0.0,0.0,0.000,-0.0,0,HAYIR,HAYIR
2026-08-16 19:32:40.001,0.80,0.63,35,0.0,0.0,0.000,-0.0,0,HAYIR,HAYIR
2026-08-16 19:32:40.021,0.80,0.63,35,0.0,0.0,0.000,-0.0,0,HAYIR,HAYIR
2026-08-16 19:32:40.041,0.80,0.63,35,0.0,0.0,0.000,-0.0,0,HAYIR,HAYIR
2026-08-16 19:32:40.061,0.80,0.63,35,0.0,0.0,0.000,-0.0,0,HAYIR,HAYIR
2026-08-16 19:32:40.081,0.80,0.63,35,0.0,0.0,0.000,-0.0,0,HAYIR,HAYIR
2026-08-16 19:32:40.101,0.80,0.63,35,0.0,0.0,0.000,-0.0,0,HAYIR,HAYIR
2026-08-16 19:32:40.121,0.80,0.63,35,0.0,0.0,0.000,-0.0,0,HAYIR,HAYIR
2026-08-16 19:32:40.141,0.80,0.63,35,0.0,0.0,0.000,-0.0,0,HAYIR,HAYIR
2026-08-16 19:32:40.161,0.80,0.63,35,0.0,0.0,0.000,-0.0,0,HAYIR,HAYIR
2026-08-16 19:32:40.181,0.80,0.63,35,0.0,0.0,0.000,-0.0,0,HAYIR,HAYIR
2026-08-16 19:32:40.201,0.80,0.63,35,0.0,0.0,0.000,-0.0,0,HAYIR,HAYIR
2026-08-16 19:32:40.221,0.80,0.64,35,0.0,0.0,0.000,-0.0,0,HAYIR,HAYIR
2026-08-16 19:32:40.241,0.80,0.64,35,0.0,0.0,0.000,-0.0,0,HAYIR,HAYIR
2026-08-16 19:32:40.261,0.80,0.64,35,0.0,0.0,0.000,-0.0,0,HAYIR,HAYIR
2026-08-16 19:32:40.281,0.80,0.64,35,0.0,0.0,0.000,-0.0,0,HAYIR,HAYIR
2026-08-16 19:32:40.301,0.80,0.64,35,0.0,0.0,0.000,-0.0,0,HAYIR,HAYIR
2026-08-16 19:32:40.321,0.80,0.64,35,0.0,0.0,0.000,-0.0,0,HAYIR,HAYIR
2026-08-16 19:32:40.341,0.80,0.64,35,0.0,0.0,0.000,-0.0,0,HAYIR,HAYIR
2026-08-16 19:32:40.361,0.80,0.64,35,0.0,0.0,0.000,-0.0,0,HAYIR,HAYIR
2026-08-16 19:32:40.381,0.80,0.64,35,0.0,0.0,0.000,-0.0,0,HAYIR,HAYIR
2026-08-16 19:32:40.401,0.80,0.64,35,0.0,0.0,0.000,-0.0,0,HAYIR,HAYIR
2026-08-16 19:32:40.421,0.80,0.64,35,0.0,0.0,0.000,-0.0,0,HAYIR,HAYIR
2026-08-16 19:32:40.441,0.80,0.64,35,0.0,0.0,0.000,-0.0,0,HAYIR,HAYIR
2026-08-16 19:32:40.461,0.80,0.64,35,0.0,0.0,0.000,-0.0,0,HAYIR,HAYIR
2026-08-16 19:32:40.481,0.80,0.64,35,0.0,0.0,0.000,-0.0,0,HAYIR,HAYIR
2026-08-16 19:32:40.501,0.80,0.64,35,0.0,0.0,0.000,-0.0,0,HAYIR,HAYIR
2026-08-16 19:32:40.521,0.80,0.64,35,0.0,0.0,0.000,-0.0,0,HAYIR,HAYIR
2026-08-16 19:32:40.541,0.80,0.68,33,0.0,0.0,0.000,-0.0,0,HAYIR,HAYIR
2026-08-16 19:32:40.561,0.80,0.68,35,0.0,0.0,0.000,-0.0,0,HAYIR,HAYIR
2026-08-16 19:32:40.581,0.80,0.68,35,0.0,0.0,0.000,-0.0,0,HAYIR,HAYIR
2026-08-16 19:32:40.601,0.80,0.68,35,0.0,0.0,0.000,-0.0,0,HAYIR,HAYIR
2026-08-16 19:32:40.621,0.80,0.68,35,0.0,0.0,0.000,-0.0,0,HAYIR,HAYIR
2026-08-16 19:32:40.641,0.80,0.68,35,0.0,0.0,0.000,-0.0,0,HAYIR,HAYIR
2026-08-16 19:32:40.661,0.80,0.68,35,0.0,0.0,0.000,-0.0,0,HAYIR,HAYIR
2026-08-16 19:32:40.681,0.80,0.68,35,0.0,0.0,0.000,-0.0,0,HAYIR,HAYIR
2026-08-16 19:32:40.701,0.80,0.68,35,0.0,0.0,0.000,-0.0,0,HAYIR,HAYIR
2026-08-16 19:32:40.721,0.80,0.68,35,0.0,0.0,0.000,-0.0,0,HAYIR,HAYIR
2026-08-16 19:32:40.741,0.80,0.68,35,0.0,0.0,0.000,-0.0,0,HAYIR,HAYIR
2026-08-16 19:32:40.761,0.80,0.68,35,0.0,0.0,0.000,-0.0,0,HAYIR,HAYIR
2026-08-16 19:32:40.781,0.80,0.68,35,0.0,0.0,0.000,-0.0,0,HAYIR,HAYIR
2026-08-16 19:32:40.801,0.80,0.68,35,0.0,0.0,0.000,-0.0,0,HAYIR,HAYIR
2026-08-16 19:32:40.821,0.80,0.68,35,0.0,0.0,0.000,-0.0,0,HAYIR,HAYIR
2026-08-16 19:32:40.841,0.80,0.68,35,0.0,0.0,0.000,-0.0,0,HAYIR,HAYIR
2026-08-16 19:32:40.861,0.80,0.74,33,0.0,0.0,0.000,-0.0,0,HAYIR,HAYIR
2026-08-16 19:32:40.881,0.80,0.74,35,0.0,0.0,0.000,-0.0,0,HAYIR,HAYIR
2026-08-16 19:32:40.901,0.80,0.74,35,0.0,0.0,0.000,-0.0,0,HAYIR,HAYIR
2026-08-16 19:32:40.921,0.80,0.74,35,0.0,0.0,0.000,-0.0,0,HAYIR,HAYIR
2026-08-16 19:32:40.941,0.80,0.74,35,0.0,0.0,0.000,-0.0,0,HAYIR,HAYIR
2026-08-16 19:32:40.961,0.80,0.74,35,0.0,0.0,0.000,-0.0,0,HAYIR,HAYIR
2026-08-16 19:32:40.981,0.80,0.74,35,0.0,0.0,0.000,-0.0,0,HAYIR,HAYIR
2026-08-16 19:32:41.001,0.80,0.74,35,0.0,0.0,0.000,-0.0,0,HAYIR,HAYIR
2026-08-16 19:32:41.021,0.80,0.74,35,0.0,0.0,0.000,-0.0,0,HAYIR,HAYIR
2026-08-16 19:32:41.041,0.80,0.74,35,0.0,0.0,0.000,-0.0,0,HAYIR,HAYIR
2026-08-16 19:32:41.061,0.80,0.74,35,0.0,0.0,0.000,-0.0,0,HAYIR,HAYIR
2026-08-16 19:32:41.081,0.80,0.74,35,0.0,0.0,0.000,-0.0,0,HAYIR,HAYIR
2026-08-16 19:32:41.101,0.80,0.74,35,0.0,0.0,0.000,-0.0,0,HAYIR,HAYIR
2026-08-16 19:32:41.121,0.80,0.74,35,0.0,0.0,0.000,-0.0,0,HAYIR,HAYIR
2026-08-16 19:32:41.141,0.80,0.74,35,0.0,0.0,0.000,-0.0,0,HAYIR,HAYIR
2026-08-16 19:32:41.161,0.80,0.74,35,0.0,0.0,0.000,-0.0,0,HAYIR,HAYIR
2026-08-16 19:32:41.181,0.80,0.74,35,0.0,0.0,0.000,-0.0,0,HAYIR,HAYIR
2026-08-16 19:32:41.201,0.80,0.74,35,0.0,0.0,0.000,-0.0,0,HAYIR,HAYIR
2026-08-16 19:32:41.221,0.80,0.74,35,0.0,0.0,0.000,-0.0,0,HAYIR,HAYIR
2026-08-16 19:32:41.241,0.80,0.80,32,0.0,0.0,0.000,-0.0,0,HAYIR,HAYIR
2026-08-16 19:32:41.261,0.80,0.80,35,0.0,0.0,0.000,-0.0,0,HAYIR,HAYIR
2026-08-16 19:32:41.281,0.80,0.80,35,0.0,0.0,0.000,-0.0,0,HAYIR,HAYIR
2026-08-16 19:32:41.301,0.80,0.80,35,0.0,0.0,0.000,-0.0,0,HAYIR,HAYIR
2026-08-16 19:32:41.321,0.80,0.80,35,0.0,0.0,0.000,-0.0,0,HAYIR,HAYIR
2026-08-16 19:32:41.341,0.80,0.80,35,0.0,0.0,0.000,-0.0,0,HAYIR,HAYIR
2026-08-16 19:32:41.361,0.80,0.80,35,0.0,0.0,0.000,-0.0,0,HAYIR,HAYIR
2026-08-16 19:32:41.381,0.80,0.80,35,0.0,0.0,0.000,-0.0,0,HAYIR,HAYIR
2026-08-16 19:32:41.401,0.80,0.80,35,0.0,0.0,0.000,-0.0,0,HAYIR,HAYIR
2026-08-16 19:32:41.421,0.80,0.80,35,0.0,0.0,0.000,-0.0,0,HAYIR,HAYIR
2026-08-16 19:32:41.441,0.80,0.80,35,0.0,0.0,0.000,-0.0,0,HAYIR,HAYIR
2026-08-16 19:32:41.461,0.80,0.80,35,0.0,0.0,0.000,-0.0,0,HAYIR,HAYIR
2026-08-16 19:32:41.481,0.80,0.80,35,0.0,0.0,0.000,-0.0,0,HAYIR,HAYIR
2026-08-16 19:32:41.501,0.80,0.80,35,0.0,0.0,0.000,-0.0,0,HAYIR,HAYIR
2026-08-16 19:32:41.521,0.80,0.80,35,0.0,0.0,0.000,-0.0,0,HAYIR,HAYIR
2026-08-16 19:32:41.541,0.80,0.80,35,0.0,0.0,0.000,-0.0,0,HAYIR,HAYIR
2026-08-16 19:32:41.561,0.80,0.84,28,0.0,0.0,0.000,-0.0,0,HAYIR,HAYIR
2026-08-16 19:32:41.581,0.80,0.84,28,0.0,0.0,0.000,-0.0,0,HAYIR,HAYIR
2026-08-16 19:32:41.601,0.80,0.84,28,0.0,0.0,0.000,-0.0,0,HAYIR,HAYIR
2026-08-16 19:32:41.621,0.80,0.84,28,0.0,0.0,0.000,-0.0,0,HAYIR,HAYIR
2026-08-16 19:32:41.641,0.80,0.84,28,0.0,0.0,0.000,-0.0,0,HAYIR,HAYIR
2026-08-16 19:32:41.661,0.80,0.84,28,0.0,0.0,0.000,-0.0,0,HAYIR,HAYIR
2026-08-16 19:32:41.681,0.80,0.84,28,0.0,0.0,0.000,-0.0,0,HAYIR,HAYIR
2026-08-16 19:32:41.701,0.80,0.84,28,0.0,0.0,0.000,-0.0,0,HAYIR,HAYIR
2026-08-16 19:32:41.721,0.80,0.84,28,0.0,0.0,0.000,-0.0,0,HAYIR,HAYIR
2026-08-16 19:32:41.741,0.80,0.84,28,0.0,0.0,0.000,-0.0,0,HAYIR,HAYIR
2026-08-16 19:32:41.761,0.80,0.84,28,0.0,0.0,0.000,-0.0,0,HAYIR,HAYIR
2026-08-16 19:32:41.781,0.80,0.84,28,0.0,0.0,0.000,-0.0,0,HAYIR,HAYIR
2026-08-16 19:32:41.801,0.80,0.84,28,0.0,0.0,0.000,-0.0,0,HAYIR,HAYIR
2026-08-16 19:32:41.821,0.80,0.84,28,0.0,0.0,0.000,-0.0,0,HAYIR,HAYIR
2026-08-16 19:32:41.841,0.80,0.84,28,0.0,0.0,0.000,-0.0,0,HAYIR,HAYIR
2026-08-16 19:32:41.861,0.80,0.84,28,0.0,0.0,0.000,-0.0,0,HAYIR,HAYIR
2026-08-16 19:32:41.881,0.80,0.91,28,0.0,0.0,0.000,-0.0,0,HAYIR,HAYIR
2026-08-16 19:32:41.901,0.80,0.91,28,0.0,0.0,0.000,-0.0,0,HAYIR,HAYIR
2026-08-16 19:32:41.921,0.80,0.91,28,0.0,0.0,0.000,-0.0,0,HAYIR,HAYIR
2026-08-16 19:32:41.941,0.80,0.91,28,0.0,0.0,0.000,-0.0,0,HAYIR,HAYIR
2026-08-16 19:32:41.961,0.80,0.91,28,0.0,0.0,0.000,-0.0,0,HAYIR,HAYIR
2026-08-16 19:32:41.981,0.80,0.91,28,0.0,0.0,0.000,-0.0,0,HAYIR,HAYIR
2026-08-16 19:32:42.001,0.80,0.91,28,0.0,0.0,0.000,-0.0,0,HAYIR,HAYIR
2026-08-16 19:32:42.021,0.80,0.91,28,0.0,0.0,0.000,-0.0,0,HAYIR,HAYIR
2026-08-16 19:32:42.041,0.80,0.91,28,0.0,0.0,0.000,-0.0,0,HAYIR,HAYIR
2026-08-16 19:32:42.061,0.80,0.91,28,0.0,0.0,0.000,-0.0,0,HAYIR,HAYIR
2026-08-16 19:32:42.081,0.80,0.91,28,0.0,0.0,0.000,-0.0,0,HAYIR,HAYIR
2026-08-16 19:32:42.101,0.80,0.91,28,0.0,0.0,0.000,-0.0,0,HAYIR,HAYIR
2026-08-16 19:32:42.121,0.80,0.91,28,0.0,0.0,0.000,-0.0,0,HAYIR,HAYIR
2026-08-16 19:32:42.141,0.80,0.91,28,0.0,0.0,0.000,-0.0,0,HAYIR,HAYIR
2026-08-16 19:32:42.161,0.80,0.91,28,0.0,0.0,0.000,-0.0,0,HAYIR,HAYIR
2026-08-16 19:32:42.181,0.80,0.91,28,0.0,0.0,0.000,-0.0,0,HAYIR,HAYIR
2026-08-16 19:32:42.201,0.80,0.97,28,0.0,0.0,0.000,-0.0,0,HAYIR,HAYIR
2026-08-16 19:32:42.221,0.80,0.97,28,0.0,0.0,0.000,-0.0,0,HAYIR,HAYIR
2026-08-16 19:32:42.241,0.80,0.97,28,0.0,0.0,0.000,-0.0,0,HAYIR,HAYIR
2026-08-16 19:32:42.261,0.80,0.97,28,0.0,0.0,0.000,-0.0,0,HAYIR,HAYIR
2026-08-16 19:32:42.281,0.80,0.97,28,0.0,0.0,0.000,-0.0,0,HAYIR,HAYIR
2026-08-16 19:32:42.301,0.80,0.97,28,0.0,0.0,0.000,-0.0,0,HAYIR,HAYIR
2026-08-16 19:32:42.321,0.80,0.97,28,0.0,0.0,0.000,-0.0,0,HAYIR,HAYIR
2026-08-16 19:32:42.341,0.80,0.97,28,0.0,0.0,0.000,-0.0,0,HAYIR,HAYIR
2026-08-16 19:32:42.361,0.80,0.97,28,0.0,0.0,0.000,-0.0,0,HAYIR,HAYIR
2026-08-16 19:32:42.381,0.80,0.97,28,0.0,0.0,0.000,-0.0,0,HAYIR,HAYIR
2026-08-16 19:32:42.401,0.80,0.97,28,0.0,0.0,0.000,-0.0,0,HAYIR,HAYIR
2026-08-16 19:32:42.421,0.80,0.97,28,0.0,0.0,0.000,-0.0,0,HAYIR,HAYIR
2026-08-16 19:32:42.441,0.80,0.97,28,0.0,0.0,0.000,-0.0,0,HAYIR,HAYIR
2026-08-16 19:32:42.461,0.80,0.97,28,0.0,0.0,0.000,-0.0,0,HAYIR,HAYIR
2026-08-16 19:32:42.481,0.80,0.97,28,0.0,0.0,0.000,-0.0,0,HAYIR,HAYIR
2026-08-16 19:32:42.501,0.80,0.97,28,0.0,0.0,0.000,-0.0,0,HAYIR,HAYIR
2026-08-16 19:32:42.521,0.80,1.00,28,0.0,0.0,0.000,-0.0,0,HAYIR,HAYIR
2026-08-16 19:32:42.541,0.80,1.00,28,0.0,0.0,0.000,-0.0,0,HAYIR,HAYIR
2026-08-16 19:32:42.561,0.80,1.00,28,0.0,0.0,0.000,-0.0,0,HAYIR,HAYIR
2026-08-16 19:32:42.581,0.80,1.00,28,0.0,0.0,0.000,-0.0,0,HAYIR,HAYIR
2026-08-16 19:32:42.601,0.80,1.00,28,0.0,0.0,0.000,-0.0,0,HAYIR,HAYIR
2026-08-16 19:32:42.621,0.80,1.00,28,0.0,0.0,0.000,-0.0,0,HAYIR,HAYIR
2026-08-16 19:32:42.641,0.80,1.00,28,0.0,0.0,0.000,-0.0,0,HAYIR,HAYIR
2026-08-16 19:32:42.661,0.80,1.00,28,0.0,0.0,0.000,-0.0,0,HAYIR,HAYIR
2026-08-16 19:32:42.681,0.80,1.00,28,0.0,0.0,0.000,-0.0,0,HAYIR,HAYIR
2026-08-16 19:32:42.701,0.80,1.00,28,0.0,0.0,0.000,-0.0,0,HAYIR,HAYIR
2026-08-16 19:32:42.721,0.80,1.00,28,0.0,0.0,0.000,-0.0,0,HAYIR,HAYIR
2026-08-16 19:32:42.741,0.80,1.00,28,0.0,0.0,0.000,-0.0,0,HAYIR,HAYIR
2026-08-16 19:32:42.761,0.80,1.00,28,0.0,0.0,0.000,-0.0,0,HAYIR,HAYIR
2026-08-16 19:32:42.781,0.80,1.00,28,0.0,0.0,0.000,-0.0,0,HAYIR,HAYIR
2026-08-16 19:32:42.801,0.80,1.00,28,0.0,0.0,0.000,-0.0,0,HAYIR,HAYIR
2026-08-16 19:32:42.821,0.80,1.00,28,0.0,0.0,0.000,-0.0,0,HAYIR,HAYIR
2026-08-16 19:32:42.841,0.80,1.02,28,0.0,0.0,0.000,-0.0,0,HAYIR,HAYIR
2026-08-16 19:32:42.861,0.80,1.02,28,0.0,0.0,0.000,-0.0,0,HAYIR,HAYIR
2026-08-16 19:32:42.881,0.80,1.02,28,0.0,0.0,0.000,-0.0,0,HAYIR,HAYIR
2026-08-16 19:32:42.901,0.80,1.02,28,0.0,0.0,0.000,-0.0,0,HAYIR,HAYIR
2026-08-16 19:32:42.921,0.80,1.02,28,0.0,0.0,0.000,-0.0,0,HAYIR,HAYIR
2026-08-16 19:32:42.941,0.80,1.02,28,0.0,0.0,0.000,-0.0,0,HAYIR,HAYIR
2026-08-16 19:32:42.961,0.80,1.02,28,0.0,0.0,0.000,-0.0,0,HAYIR,HAYIR
2026-08-16 19:32:42.981,0.80,1.02,28,0.0,0.0,0.000,-0.0,0,HAYIR,HAYIR
2026-08-16 19:32:43.001,0.80,1.02,28,0.0,0.0,0.000,-0.0,0,HAYIR,HAYIR
2026-08-16 19:32:43.021,0.80,1.02,28,0.0,0.0,0.000,-0.0,0,HAYIR,HAYIR
2026-08-16 19:32:43.041,0.80,1.02,28,0.0,0.0,0.000,-0.0,0,HAYIR,HAYIR
2026-08-16 19:32:43.061,0.80,1.02,28,0.0,0.0,0.000,-0.0,0,HAYIR,HAYIR
2026-08-16 19:32:43.081,0.80,1.02,28,0.0,0.0,0.000,-0.0,0,HAYIR,HAYIR
2026-08-16 19:32:43.101,0.80,1.02,28,0.0,0.0,0.000,-0.0,0,HAYIR,HAYIR
2026-08-16 19:32:43.121,0.80,1.02,28,0.0,0.0,0.000,-0.0,0,HAYIR,HAYIR
2026-08-16 19:32:43.141,0.80,1.02,28,0.0,0.0,0.000,-0.0,0,HAYIR,HAYIR
2026-08-16 19:32:43.161,0.80,1.02,28,0.0,0.0,0.000,-0.0,0,HAYIR,HAYIR
2026-08-16 19:32:43.181,0.80,1.02,28,0.0,0.0,0.000,-0.0,0,HAYIR,HAYIR
2026-08-16 19:32:43.201,0.80,1.02,28,0.0,0.0,0.000,-0.0,0,HAYIR,HAYIR
2026-08-16 19:32:43.221,0.80,1.02,28,0.0,0.0,0.000,-0.0,0,HAYIR,HAYIR
2026-08-16 19:32:43.241,0.80,0.98,28,0.0,0.0,0.000,-0.0,0,HAYIR,HAYIR
2026-08-16 19:32:43.261,0.80,0.98,28,0.0,0.0,0.000,-0.0,0,HAYIR,HAYIR
2026-08-16 19:32:43.281,0.80,0.98,28,0.0,0.0,0.000,-0.0,0,HAYIR,HAYIR
2026-08-16 19:32:43.301,0.80,0.98,28,0.0,0.0,0.000,-0.0,0,HAYIR,HAYIR
2026-08-16 19:32:43.321,0.80,0.98,28,0.0,0.0,0.000,-0.0,0,HAYIR,HAYIR
2026-08-16 19:32:43.341,0.80,0.98,28,0.0,0.0,0.000,-0.0,0,HAYIR,HAYIR
2026-08-16 19:32:43.361,0.80,0.98,28,0.0,0.0,0.000,-0.0,0,HAYIR,HAYIR
2026-08-16 19:32:43.381,0.80,0.98,28,0.0,0.0,0.000,-0.0,0,HAYIR,HAYIR
2026-08-16 19:32:43.401,0.80,0.98,28,0.0,0.0,0.000,-0.0,0,HAYIR,HAYIR
2026-08-16 19:32:43.421,0.80,0.98,28,0.0,0.0,0.000,-0.0,0,HAYIR,HAYIR
2026-08-16 19:32:43.441,0.80,0.98,28,0.0,0.0,0.000,-0.0,0,HAYIR,HAYIR
2026-08-16 19:32:43.461,0.80,0.98,28,0.0,0.0,0.000,-0.0,0,HAYIR,HAYIR
2026-08-16 19:32:43.481,0.80,0.98,28,0.0,0.0,0.000,-0.0,0,HAYIR,HAYIR
2026-08-16 19:32:43.501,0.80,0.98,28,0.0,0.0,0.000,-0.0,0,HAYIR,HAYIR
2026-08-16 19:32:43.521,0.80,0.98,28,0.0,0.0,0.000,-0.0,0,HAYIR,HAYIR
2026-08-16 19:32:43.541,0.80,0.98,28,0.0,0.0,0.000,-0.0,0,HAYIR,HAYIR
2026-08-16 19:32:43.561,0.80,0.94,28,0.0,0.0,0.000,-0.0,0,HAYIR,HAYIR
2026-08-16 19:32:43.581,0.80,0.94,28,0.0,0.0,0.000,-0.0,0,HAYIR,HAYIR
2026-08-16 19:32:43.601,0.80,0.94,28,0.0,0.0,0.000,-0.0,0,HAYIR,HAYIR
2026-08-16 19:32:43.621,0.80,0.94,28,0.0,0.0,0.000,-0.0,0,HAYIR,HAYIR
2026-08-16 19:32:43.642,0.80,0.94,28,0.0,0.0,0.000,-0.0,0,HAYIR,HAYIR
2026-08-16 19:32:43.661,0.80,0.94,28,0.0,0.0,0.000,-0.0,0,HAYIR,HAYIR
2026-08-16 19:32:43.681,0.80,0.94,28,0.0,0.0,0.000,-0.0,0,HAYIR,HAYIR
2026-08-16 19:32:43.701,0.80,0.94,28,0.0,0.0,0.000,-0.0,0,HAYIR,HAYIR
2026-08-16 19:32:43.721,0.80,0.94,28,0.0,0.0,0.000,-0.0,0,HAYIR,HAYIR
2026-08-16 19:32:43.741,0.80,0.94,28,0.0,0.0,0.000,-0.0,0,HAYIR,HAYIR
2026-08-16 19:32:43.761,0.80,0.94,28,0.0,0.0,0.000,-0.0,0,HAYIR,HAYIR
2026-08-16 19:32:43.781,0.80,0.94,28,0.0,0.0,0.000,-0.0,0,HAYIR,HAYIR
2026-08-16 19:32:43.801,0.80,0.94,28,0.0,0.0,0.000,-0.0,0,HAYIR,HAYIR
2026-08-16 19:32:43.821,0.80,0.94,28,0.0,0.0,0.000,-0.0,0,HAYIR,HAYIR
2026-08-16 19:32:43.841,0.80,0.94,28,0.0,0.0,0.000,-0.0,0,HAYIR,HAYIR
2026-08-16 19:32:43.861,0.80,0.94,28,0.0,0.0,0.000,-0.0,0,HAYIR,HAYIR
2026-08-16 19:32:43.881,0.80,0.89,28,0.0,0.0,0.000,-0.0,0,HAYIR,HAYIR
2026-08-16 19:32:43.901,0.80,0.89,28,0.0,0.0,0.000,-0.0,0,HAYIR,HAYIR
2026-08-16 19:32:43.921,0.80,0.89,28,0.0,0.0,0.000,-0.0,0,HAYIR,HAYIR
2026-08-16 19:32:43.941,0.80,0.89,28,0.0,0.0,0.000,-0.0,0,HAYIR,HAYIR
2026-08-16 19:32:43.961,0.80,0.89,28,0.0,0.0,0.000,-0.0,0,HAYIR,HAYIR
2026-08-16 19:32:43.981,0.80,0.89,28,0.0,0.0,0.000,-0.0,0,HAYIR,HAYIR
2026-08-16 19:32:44.001,0.80,0.89,28,0.0,0.0,0.000,-0.0,0,HAYIR,HAYIR
2026-08-16 19:32:44.021,0.80,0.89,28,0.0,0.0,0.000,-0.0,0,HAYIR,HAYIR
2026-08-16 19:32:44.041,0.80,0.89,28,0.0,0.0,0.000,-0.0,0,HAYIR,HAYIR
2026-08-16 19:32:44.061,0.80,0.89,28,0.0,0.0,0.000,-0.0,0,HAYIR,HAYIR
2026-08-16 19:32:44.081,0.80,0.89,28,0.0,0.0,0.000,-0.0,0,HAYIR,HAYIR
2026-08-16 19:32:44.102,0.80,0.89,28,0.0,0.0,0.000,-0.0,0,HAYIR,HAYIR
2026-08-16 19:32:44.121,0.80,0.89,28,0.0,0.0,0.000,-0.0,0,HAYIR,HAYIR
2026-08-16 19:32:44.141,0.80,0.89,28,0.0,0.0,0.000,-0.0,0,HAYIR,HAYIR
2026-08-16 19:32:44.161,0.80,0.89,28,0.0,0.0,0.000,-0.0,0,HAYIR,HAYIR
2026-08-16 19:32:44.181,0.80,0.89,28,0.0,0.0,0.000,-0.0,0,HAYIR,HAYIR
2026-08-16 19:32:44.201,0.80,0.84,28,0.0,0.0,0.000,-0.0,0,HAYIR,HAYIR
2026-08-16 19:32:44.221,0.80,0.84,28,0.0,0.0,0.000,-0.0,0,HAYIR,HAYIR
2026-08-16 19:32:44.241,0.80,0.84,28,0.0,0.0,0.000,-0.0,0,HAYIR,HAYIR
2026-08-16 19:32:44.261,0.80,0.84,28,0.0,0.0,0.000,-0.0,0,HAYIR,HAYIR
2026-08-16 19:32:44.281,0.80,0.84,28,0.0,0.0,0.000,-0.0,0,HAYIR,HAYIR
2026-08-16 19:32:44.301,0.80,0.84,28,0.0,0.0,0.000,-0.0,0,HAYIR,HAYIR
2026-08-16 19:32:44.321,0.80,0.84,28,0.0,0.0,0.000,-0.0,0,HAYIR,HAYIR
2026-08-16 19:32:44.341,0.80,0.84,28,0.0,0.0,0.000,-0.0,0,HAYIR,HAYIR
2026-08-16 19:32:44.361,0.80,0.84,28,0.0,0.0,0.000,-0.0,0,HAYIR,HAYIR
2026-08-16 19:32:44.381,0.80,0.84,28,0.0,0.0,0.000,-0.0,0,HAYIR,HAYIR
2026-08-16 19:32:44.401,0.80,0.84,28,0.0,0.0,0.000,-0.0,0,HAYIR,HAYIR
2026-08-16 19:32:44.421,0.80,0.84,28,0.0,0.0,0.000,-0.0,0,HAYIR,HAYIR
2026-08-16 19:32:44.441,0.80,0.84,28,0.0,0.0,0.000,-0.0,0,HAYIR,HAYIR
2026-08-16 19:32:44.461,0.80,0.84,28,0.0,0.0,0.000,-0.0,0,HAYIR,HAYIR
2026-08-16 19:32:44.481,0.80,0.84,28,0.0,0.0,0.000,-0.0,0,HAYIR,HAYIR
2026-08-16 19:32:44.501,0.80,0.84,28,0.0,0.0,0.000,-0.0,0,HAYIR,HAYIR
2026-08-16 19:32:44.521,0.80,0.80,28,0.0,0.0,0.000,-0.0,0,HAYIR,HAYIR
2026-08-16 19:32:44.541,0.80,0.80,28,0.0,0.0,0.000,-0.0,0,HAYIR,HAYIR
2026-08-16 19:32:44.561,0.80,0.80,28,0.0,0.0,0.000,-0.0,0,HAYIR,HAYIR
2026-08-16 19:32:44.581,0.80,0.80,28,0.0,0.0,0.000,-0.0,0,HAYIR,HAYIR
2026-08-16 19:32:44.601,0.80,0.80,28,0.0,0.0,0.000,-0.0,0,HAYIR,HAYIR
2026-08-16 19:32:44.621,0.80,0.80,28,0.0,0.0,0.000,-0.0,0,HAYIR,HAYIR
2026-08-16 19:32:44.641,0.80,0.80,28,0.0,0.0,0.000,-0.0,0,HAYIR,HAYIR
2026-08-16 19:32:44.661,0.80,0.80,28,0.0,0.0,0.000,-0.0,0,HAYIR,HAYIR
2026-08-16 19:32:44.681,0.80,0.80,28,0.0,0.0,0.000,-0.0,0,HAYIR,HAYIR
2026-08-16 19:32:44.701,0.80,0.80,28,0.0,0.0,0.000,-0.0,0,HAYIR,HAYIR
2026-08-16 19:32:44.721,0.80,0.80,28,0.0,0.0,0.000,-0.0,0,HAYIR,HAYIR
2026-08-16 19:32:44.741,0.80,0.80,28,0.0,0.0,0.000,-0.0,0,HAYIR,HAYIR
2026-08-16 19:32:44.761,0.80,0.80,28,0.0,0.0,0.000,-0.0,0,HAYIR,HAYIR
2026-08-16 19:32:44.781,0.80,0.80,28,0.0,0.0,0.000,-0.0,0,HAYIR,HAYIR
2026-08-16 19:32:44.801,0.80,0.80,28,0.0,0.0,0.000,-0.0,0,HAYIR,HAYIR
2026-08-16 19:32:44.821,0.80,0.80,28,0.0,0.0,0.000,-0.0,0,HAYIR,HAYIR
2026-08-16 19:32:44.841,0.80,0.80,28,0.0,0.0,0.000,-0.0,0,HAYIR,HAYIR
2026-08-16 19:32:44.861,0.80,0.80,28,0.0,0.0,0.000,-0.0,0,HAYIR,HAYIR
2026-08-16 19:32:44.881,0.80,0.80,28,0.0,0.0,0.000,-0.0,0,HAYIR,HAYIR
2026-08-16 19:32:44.901,0.80,0.78,35,0.0,0.0,0.000,-0.0,0,HAYIR,HAYIR
2026-08-16 19:32:44.921,0.80,0.78,34,0.0,0.0,0.000,-0.0,0,HAYIR,HAYIR
2026-08-16 19:32:44.941,0.80,0.78,34,0.0,0.0,0.000,-0.0,0,HAYIR,HAYIR
2026-08-16 19:32:44.961,0.80,0.78,34,0.0,0.0,0.000,-0.0,0,HAYIR,HAYIR
2026-08-16 19:32:44.981,0.80,0.78,34,0.0,0.0,0.000,-0.0,0,HAYIR,HAYIR
2026-08-16 19:32:45.001,0.80,0.78,34,0.0,0.0,0.000,-0.0,0,HAYIR,HAYIR
2026-08-16 19:32:45.021,0.80,0.78,34,0.0,0.0,0.000,-0.0,0,HAYIR,HAYIR
2026-08-16 19:32:45.041,0.80,0.78,34,0.0,0.0,0.000,-0.0,0,HAYIR,HAYIR
2026-08-16 19:32:45.061,0.80,0.78,34,0.0,0.0,0.000,-0.0,0,HAYIR,HAYIR
2026-08-16 19:32:45.081,0.80,0.78,34,0.0,0.0,0.000,-0.0,0,HAYIR,HAYIR
2026-08-16 19:32:45.101,0.80,0.78,34,0.0,0.0,0.000,-0.0,0,HAYIR,HAYIR
2026-08-16 19:32:45.121,0.80,0.78,34,0.0,0.0,0.000,-0.0,0,HAYIR,HAYIR
2026-08-16 19:32:45.141,0.80,0.78,34,0.0,0.0,0.000,-0.0,0,HAYIR,HAYIR
2026-08-16 19:32:45.161,0.80,0.78,34,0.0,0.0,0.000,-0.0,0,HAYIR,HAYIR
2026-08-16 19:32:45.181,0.80,0.78,34,0.0,0.0,0.000,-0.0,0,HAYIR,HAYIR
2026-08-16 19:32:45.201,0.80,0.78,34,0.0,0.0,0.000,-0.0,0,HAYIR,HAYIR
2026-08-16 19:32:45.221,0.80,0.74,36,0.0,0.0,0.000,-0.0,0,HAYIR,HAYIR
2026-08-16 19:32:45.241,0.80,0.74,34,0.0,0.0,0.000,-0.0,0,HAYIR,HAYIR
2026-08-16 19:32:45.261,0.80,0.74,34,0.0,0.0,0.000,-0.0,0,HAYIR,HAYIR
2026-08-16 19:32:45.281,0.80,0.74,34,0.0,0.0,0.000,-0.0,0,HAYIR,HAYIR
2026-08-16 19:32:45.301,0.80,0.74,34,0.0,0.0,0.000,-0.0,0,HAYIR,HAYIR
2026-08-16 19:32:45.321,0.80,0.74,34,0.0,0.0,0.000,-0.0,0,HAYIR,HAYIR
2026-08-16 19:32:45.341,0.80,0.74,34,0.0,0.0,0.000,-0.0,0,HAYIR,HAYIR
2026-08-16 19:32:45.361,0.80,0.74,34,0.0,0.0,0.000,-0.0,0,HAYIR,HAYIR
2026-08-16 19:32:45.381,0.80,0.74,34,0.0,0.0,0.000,-0.0,0,HAYIR,HAYIR
2026-08-16 19:32:45.401,0.80,0.74,34,0.0,0.0,0.000,-0.0,0,HAYIR,HAYIR
2026-08-16 19:32:45.421,0.80,0.74,34,0.0,0.0,0.000,-0.0,0,HAYIR,HAYIR
2026-08-16 19:32:45.441,0.80,0.74,34,0.0,0.0,0.000,-0.0,0,HAYIR,HAYIR
2026-08-16 19:32:45.461,0.80,0.74,34,0.0,0.0,0.000,-0.0,0,HAYIR,HAYIR
2026-08-16 19:32:45.481,0.80,0.74,34,0.0,0.0,0.000,-0.0,0,HAYIR,HAYIR
2026-08-16 19:32:45.501,0.80,0.74,34,0.0,0.0,0.000,-0.0,0,HAYIR,HAYIR
2026-08-16 19:32:45.521,0.80,0.74,34,0.0,0.0,0.000,-0.0,0,HAYIR,HAYIR
2026-08-16 19:32:45.541,0.80,0.72,36,0.0,0.0,0.000,-0.0,0,HAYIR,HAYIR
2026-08-16 19:32:45.561,0.80,0.72,34,0.0,0.0,0.000,-0.0,0,HAYIR,HAYIR
2026-08-16 19:32:45.581,0.80,0.72,34,0.0,0.0,0.000,-0.0,0,HAYIR,HAYIR
2026-08-16 19:32:45.601,0.80,0.72,34,0.0,0.0,0.000,-0.0,0,HAYIR,HAYIR
2026-08-16 19:32:45.621,0.80,0.72,34,0.0,0.0,0.000,-0.0,0,HAYIR,HAYIR
2026-08-16 19:32:45.641,0.80,0.72,34,0.0,0.0,0.000,-0.0,0,HAYIR,HAYIR
2026-08-16 19:32:45.661,0.80,0.72,34,0.0,0.0,0.000,-0.0,0,HAYIR,HAYIR
2026-08-16 19:32:45.681,0.80,0.72,35,0.0,0.0,0.000,-0.0,0,HAYIR,HAYIR
2026-08-16 19:32:45.701,0.80,0.72,35,0.0,0.0,0.000,-0.0,0,HAYIR,HAYIR
2026-08-16 19:32:45.721,0.80,0.72,35,0.0,0.0,0.000,-0.0,0,HAYIR,HAYIR
2026-08-16 19:32:45.741,0.80,0.72,35,0.0,0.0,0.000,-0.0,0,HAYIR,HAYIR
2026-08-16 19:32:45.761,0.80,0.72,35,0.0,0.0,0.000,-0.0,0,HAYIR,HAYIR
2026-08-16 19:32:45.781,0.80,0.72,35,0.0,0.0,0.000,-0.0,0,HAYIR,HAYIR
2026-08-16 19:32:45.801,0.80,0.72,35,0.0,0.0,0.000,-0.0,0,HAYIR,HAYIR
2026-08-16 19:32:45.821,0.80,0.72,35,0.0,0.0,0.000,-0.0,0,HAYIR,HAYIR
2026-08-16 19:32:45.841,0.80,0.72,35,0.0,0.0,0.000,-0.0,0,HAYIR,HAYIR
2026-08-16 19:32:45.861,0.80,0.71,35,0.0,0.0,0.000,-0.0,0,HAYIR,HAYIR
2026-08-16 19:32:45.881,0.80,0.71,35,0.0,0.0,0.000,-0.0,0,HAYIR,HAYIR
2026-08-16 19:32:45.901,0.80,0.71,35,0.0,0.0,0.000,-0.0,0,HAYIR,HAYIR
2026-08-16 19:32:45.921,0.80,0.71,35,0.0,0.0,0.000,-0.0,0,HAYIR,HAYIR
2026-08-16 19:32:45.941,0.80,0.71,35,0.0,0.0,0.000,-0.0,0,HAYIR,HAYIR
2026-08-16 19:32:45.961,0.80,0.71,35,0.0,0.0,0.000,-0.0,0,HAYIR,HAYIR
2026-08-16 19:32:45.981,0.80,0.71,35,0.0,0.0,0.000,-0.0,0,HAYIR,HAYIR
2026-08-16 19:32:46.001,0.80,0.71,35,0.0,0.0,0.000,-0.0,0,HAYIR,HAYIR
2026-08-16 19:32:46.021,0.80,0.71,35,0.0,0.0,0.000,-0.0,0,HAYIR,HAYIR
2026-08-16 19:32:46.041,0.80,0.71,35,0.0,0.0,0.000,-0.0,0,HAYIR,HAYIR
2026-08-16 19:32:46.061,0.80,0.71,35,0.0,0.0,0.000,-0.0,0,HAYIR,HAYIR
2026-08-16 19:32:46.081,0.80,0.71,35,0.0,0.0,0.000,-0.0,0,HAYIR,HAYIR
2026-08-16 19:32:46.101,0.80,0.71,35,0.0,0.0,0.000,-0.0,0,HAYIR,HAYIR
2026-08-16 19:32:46.121,0.80,0.71,35,0.0,0.0,0.000,-0.0,0,HAYIR,HAYIR
2026-08-16 19:32:46.141,0.80,0.71,35,0.0,0.0,0.000,-0.0,0,HAYIR,HAYIR
2026-08-16 19:32:46.161,0.80,0.71,35,0.0,0.0,0.000,-0.0,0,HAYIR,HAYIR
2026-08-16 19:32:46.181,0.80,0.72,34,0.0,0.0,0.000,-0.0,0,HAYIR,HAYIR
2026-08-16 19:32:46.201,0.80,0.72,35,0.0,0.0,0.000,-0.0,0,HAYIR,HAYIR
2026-08-16 19:32:46.221,0.80,0.72,35,0.0,0.0,0.000,-0.0,0,HAYIR,HAYIR
2026-08-16 19:32:46.241,0.80,0.72,35,0.0,0.0,0.000,-0.0,0,HAYIR,HAYIR
2026-08-16 19:32:46.261,0.80,0.72,35,0.0,0.0,0.000,-0.0,0,HAYIR,HAYIR
2026-08-16 19:32:46.281,0.80,0.72,35,0.0,0.0,0.000,-0.0,0,HAYIR,HAYIR
2026-08-16 19:32:46.301,0.80,0.72,35,0.0,0.0,0.000,-0.0,0,HAYIR,HAYIR
2026-08-16 19:32:46.321,0.80,0.72,35,0.0,0.0,0.000,-0.0,0,HAYIR,HAYIR
2026-08-16 19:32:46.341,0.80,0.72,35,0.0,0.0,0.000,-0.0,0,HAYIR,HAYIR
2026-08-16 19:32:46.361,0.80,0.72,35,0.0,0.0,0.000,-0.0,0,HAYIR,HAYIR
2026-08-16 19:32:46.381,0.80,0.72,35,0.0,0.0,0.000,-0.0,0,HAYIR,HAYIR
2026-08-16 19:32:46.401,0.80,0.72,35,0.0,0.0,0.000,-0.0,0,HAYIR,HAYIR
2026-08-16 19:32:46.421,0.80,0.72,35,0.0,0.0,0.000,-0.0,0,HAYIR,HAYIR
2026-08-16 19:32:46.441,0.80,0.72,35,0.0,0.0,0.000,-0.0,0,HAYIR,HAYIR
2026-08-16 19:32:46.461,0.80,0.72,35,0.0,0.0,0.000,-0.0,0,HAYIR,HAYIR
2026-08-16 19:32:46.481,0.80,0.72,35,0.0,0.0,0.000,-0.0,0,HAYIR,HAYIR
2026-08-16 19:32:46.501,0.80,0.72,35,0.0,0.0,0.000,-0.0,0,HAYIR,HAYIR
2026-08-16 19:32:46.521,0.80,0.72,35,0.0,0.0,0.000,-0.0,0,HAYIR,HAYIR
2026-08-16 19:32:46.541,0.80,0.72,35,0.0,0.0,0.000,-0.0,0,HAYIR,HAYIR
2026-08-16 19:32:46.561,0.80,0.76,33,0.0,0.0,0.000,-0.0,0,HAYIR,HAYIR
2026-08-16 19:32:46.581,0.80,0.76,34,0.0,0.0,0.000,-0.0,0,HAYIR,HAYIR
2026-08-16 19:32:46.601,0.80,0.76,34,0.0,0.0,0.000,-0.0,0,HAYIR,HAYIR
2026-08-16 19:32:46.621,0.80,0.76,34,0.0,0.0,0.000,-0.0,0,HAYIR,HAYIR
2026-08-16 19:32:46.641,0.80,0.76,34,0.0,0.0,0.000,-0.0,0,HAYIR,HAYIR
2026-08-16 19:32:46.661,0.80,0.76,34,0.0,0.0,0.000,-0.0,0,HAYIR,HAYIR
2026-08-16 19:32:46.681,0.80,0.76,34,0.0,0.0,0.000,-0.0,0,HAYIR,HAYIR
2026-08-16 19:32:46.701,0.80,0.76,34,0.0,0.0,0.000,-0.0,0,HAYIR,HAYIR
2026-08-16 19:32:46.721,0.80,0.76,34,0.0,0.0,0.000,-0.0,0,HAYIR,HAYIR
2026-08-16 19:32:46.741,0.80,0.76,34,0.0,0.0,0.000,-0.0,0,HAYIR,HAYIR
2026-08-16 19:32:46.761,0.80,0.76,34,0.0,0.0,0.000,-0.0,0,HAYIR,HAYIR
2026-08-16 19:32:46.781,0.80,0.76,34,0.0,0.0,0.000,-0.0,0,HAYIR,HAYIR
2026-08-16 19:32:46.801,0.80,0.76,34,0.0,0.0,0.000,-0.0,0,HAYIR,HAYIR
2026-08-16 19:32:46.821,0.80,0.76,34,0.0,0.0,0.000,-0.0,0,HAYIR,HAYIR
2026-08-16 19:32:46.841,0.80,0.76,34,0.0,0.0,0.000,-0.0,0,HAYIR,HAYIR
2026-08-16 19:32:46.861,0.80,0.76,34,0.0,0.0,0.000,-0.0,0,HAYIR,HAYIR
2026-08-16 19:32:46.881,0.80,0.76,34,0.0,0.0,0.000,-0.0,0,HAYIR,HAYIR
2026-08-16 19:32:46.901,0.80,0.83,28,0.0,0.0,0.000,-0.0,0,HAYIR,HAYIR
2026-08-16 19:32:46.921,0.80,0.83,28,0.0,0.0,0.000,-0.0,0,HAYIR,HAYIR
2026-08-16 19:32:46.941,0.80,0.83,28,0.0,0.0,0.000,-0.0,0,HAYIR,HAYIR
2026-08-16 19:32:46.961,0.80,0.83,28,0.0,0.0,0.000,-0.0,0,HAYIR,HAYIR
2026-08-16 19:32:46.981,0.80,0.83,28,0.0,0.0,0.000,-0.0,0,HAYIR,HAYIR
2026-08-16 19:32:47.001,0.80,0.83,28,0.0,0.0,0.000,-0.0,0,HAYIR,HAYIR
2026-08-16 19:32:47.021,0.80,0.83,28,0.0,0.0,0.000,-0.0,0,HAYIR,HAYIR
2026-08-16 19:32:47.041,0.80,0.83,28,0.0,0.0,0.000,-0.0,0,HAYIR,HAYIR
2026-08-16 19:32:47.061,0.80,0.83,28,0.0,0.0,0.000,-0.0,0,HAYIR,HAYIR
2026-08-16 19:32:47.081,0.80,0.83,28,0.0,0.0,0.000,-0.0,0,HAYIR,HAYIR
2026-08-16 19:32:47.101,0.80,0.83,28,0.0,0.0,0.000,-0.0,0,HAYIR,HAYIR
2026-08-16 19:32:47.121,0.80,0.83,28,0.0,0.0,0.000,-0.0,0,HAYIR,HAYIR
2026-08-16 19:32:47.141,0.80,0.83,28,0.0,0.0,0.000,-0.0,0,HAYIR,HAYIR
2026-08-16 19:32:47.161,0.80,0.83,28,0.0,0.0,0.000,-0.0,0,HAYIR,HAYIR
2026-08-16 19:32:47.181,0.80,0.83,28,0.0,0.0,0.000,-0.0,0,HAYIR,HAYIR
2026-08-16 19:32:47.201,0.80,0.83,28,0.0,0.0,0.000,-0.0,0,HAYIR,HAYIR
2026-08-16 19:32:47.221,0.80,0.93,28,0.0,0.0,0.000,-0.0,0,HAYIR,HAYIR
2026-08-16 19:32:47.241,0.80,0.93,28,0.0,0.0,0.000,-0.0,0,HAYIR,HAYIR
2026-08-16 19:32:47.261,0.80,0.93,28,0.0,0.0,0.000,-0.0,0,HAYIR,HAYIR
2026-08-16 19:32:47.281,0.80,0.93,28,0.0,0.0,0.000,-0.0,0,HAYIR,HAYIR
2026-08-16 19:32:47.301,0.80,0.93,28,0.0,0.0,0.000,-0.0,0,HAYIR,HAYIR
2026-08-16 19:32:47.321,0.80,0.93,28,0.0,0.0,0.000,-0.0,0,HAYIR,HAYIR
2026-08-16 19:32:47.341,0.80,0.93,28,0.0,0.0,0.000,-0.0,0,HAYIR,HAYIR
2026-08-16 19:32:47.361,0.80,0.93,28,0.0,0.0,0.000,-0.0,0,HAYIR,HAYIR
2026-08-16 19:32:47.381,0.80,0.93,28,0.0,0.0,0.000,-0.0,0,HAYIR,HAYIR
2026-08-16 19:32:47.401,0.80,0.93,28,0.0,0.0,0.000,-0.0,0,HAYIR,HAYIR
2026-08-16 19:32:47.421,0.80,0.93,28,0.0,0.0,0.000,-0.0,0,HAYIR,HAYIR
2026-08-16 19:32:47.441,0.80,0.93,28,0.0,0.0,0.000,-0.0,0,HAYIR,HAYIR
2026-08-16 19:32:47.461,0.80,0.93,28,0.0,0.0,0.000,-0.0,0,HAYIR,HAYIR
2026-08-16 19:32:47.481,0.80,0.93,28,0.0,0.0,0.000,-0.0,0,HAYIR,HAYIR
2026-08-16 19:32:47.501,0.80,0.93,28,0.0,0.0,0.000,-0.0,0,HAYIR,HAYIR
2026-08-16 19:32:47.521,0.80,0.93,28,0.0,0.0,0.000,-0.0,0,HAYIR,HAYIR
2026-08-16 19:32:47.541,0.80,0.99,28,0.0,0.0,0.000,-0.0,0,HAYIR,HAYIR
2026-08-16 19:32:47.561,0.80,0.99,28,0.0,0.0,0.000,-0.0,0,HAYIR,HAYIR
2026-08-16 19:32:47.581,0.80,0.99,28,0.0,0.0,0.000,-0.0,0,HAYIR,HAYIR
2026-08-16 19:32:47.601,0.80,0.99,28,0.0,0.0,0.000,-0.0,0,HAYIR,HAYIR
2026-08-16 19:32:47.621,0.80,0.99,28,0.0,0.0,0.000,-0.0,0,HAYIR,HAYIR
2026-08-16 19:32:47.641,0.80,0.99,28,0.0,0.0,0.000,-0.0,0,HAYIR,HAYIR
2026-08-16 19:32:47.661,0.80,0.99,28,0.0,0.0,0.000,-0.0,0,HAYIR,HAYIR
2026-08-16 19:32:47.681,0.80,0.99,28,0.0,0.0,0.000,-0.0,0,HAYIR,HAYIR
2026-08-16 19:32:47.701,0.80,0.99,28,0.0,0.0,0.000,-0.0,0,HAYIR,HAYIR
2026-08-16 19:32:47.721,0.80,0.99,28,0.0,0.0,0.000,-0.0,0,HAYIR,HAYIR
2026-08-16 19:32:47.741,0.80,0.99,28,0.0,0.0,0.000,-0.0,0,HAYIR,HAYIR
2026-08-16 19:32:47.761,0.80,0.99,28,0.0,0.0,0.000,-0.0,0,HAYIR,HAYIR
2026-08-16 19:32:47.781,0.80,0.99,28,0.0,0.0,0.000,-0.0,0,HAYIR,HAYIR
2026-08-16 19:32:47.801,0.80,0.99,28,0.0,0.0,0.000,-0.0,0,HAYIR,HAYIR
2026-08-16 19:32:47.821,0.80,0.99,28,0.0,0.0,0.000,-0.0,0,HAYIR,HAYIR
2026-08-16 19:32:47.841,0.80,0.99,28,0.0,0.0,0.000,-0.0,0,HAYIR,HAYIR
2026-08-16 19:32:47.861,0.80,1.03,28,0.0,0.0,0.000,-0.0,0,HAYIR,HAYIR
2026-08-16 19:32:47.881,0.80,1.03,28,0.0,0.0,0.000,-0.0,0,HAYIR,HAYIR
2026-08-16 19:32:47.901,0.80,1.03,28,0.0,0.0,0.000,-0.0,0,HAYIR,HAYIR
2026-08-16 19:32:47.921,0.80,1.03,28,0.0,0.0,0.000,-0.0,0,HAYIR,HAYIR
2026-08-16 19:32:47.941,0.80,1.03,28,0.0,0.0,0.000,-0.0,0,HAYIR,HAYIR
2026-08-16 19:32:47.961,0.80,1.03,28,0.0,0.0,0.000,-0.0,0,HAYIR,HAYIR
2026-08-16 19:32:47.981,0.80,1.03,28,0.0,0.0,0.000,-0.0,0,HAYIR,HAYIR
2026-08-16 19:32:48.001,0.80,1.03,28,0.0,0.0,0.000,-0.0,0,HAYIR,HAYIR
2026-08-16 19:32:48.021,0.80,1.03,28,0.0,0.0,0.000,-0.0,0,HAYIR,HAYIR
2026-08-16 19:32:48.041,0.80,1.03,28,0.0,0.0,0.000,-0.0,0,HAYIR,HAYIR
2026-08-16 19:32:48.061,0.80,1.03,28,0.0,0.0,0.000,-0.0,0,HAYIR,HAYIR
2026-08-16 19:32:48.081,0.80,1.03,28,0.0,0.0,0.000,-0.0,0,HAYIR,HAYIR
2026-08-16 19:32:48.101,0.80,1.03,28,0.0,0.0,0.000,-0.0,0,HAYIR,HAYIR
2026-08-16 19:32:48.121,0.80,1.03,28,0.0,0.0,0.000,-0.0,0,HAYIR,HAYIR
2026-08-16 19:32:48.141,0.80,1.03,28,0.0,0.0,0.000,-0.0,0,HAYIR,HAYIR
2026-08-16 19:32:48.161,0.80,1.03,28,0.0,0.0,0.000,-0.0,0,HAYIR,HAYIR
2026-08-16 19:32:48.181,0.80,1.03,28,0.0,0.0,0.000,-0.0,0,HAYIR,HAYIR
2026-08-16 19:32:48.201,0.80,1.03,28,0.0,0.0,0.000,-0.0,0,HAYIR,HAYIR
2026-08-16 19:32:48.221,0.80,1.03,28,0.0,0.0,0.000,-0.0,0,HAYIR,HAYIR
2026-08-16 19:32:48.241,0.80,1.03,28,0.0,0.0,0.000,-0.0,0,HAYIR,HAYIR
2026-08-16 19:32:48.261,0.80,1.03,28,0.0,0.0,0.000,-0.0,0,HAYIR,HAYIR
2026-08-16 19:32:48.281,0.80,1.03,28,0.0,0.0,0.000,-0.0,0,HAYIR,HAYIR
2026-08-16 19:32:48.301,0.80,1.03,28,0.0,0.0,0.000,-0.0,0,HAYIR,HAYIR
2026-08-16 19:32:48.321,0.80,1.03,28,0.0,0.0,0.000,-0.0,0,HAYIR,HAYIR
2026-08-16 19:32:48.341,0.80,1.03,28,0.0,0.0,0.000,-0.0,0,HAYIR,HAYIR
2026-08-16 19:32:48.361,0.80,1.03,28,0.0,0.0,0.000,-0.0,0,HAYIR,HAYIR
2026-08-16 19:32:48.381,0.80,1.03,28,0.0,0.0,0.000,-0.0,0,HAYIR,HAYIR
2026-08-16 19:32:48.401,0.80,1.03,28,0.0,0.0,0.000,-0.0,0,HAYIR,HAYIR
2026-08-16 19:32:48.421,0.80,1.03,28,0.0,0.0,0.000,-0.0,0,HAYIR,HAYIR
2026-08-16 19:32:48.441,0.80,1.03,28,0.0,0.0,0.000,-0.0,0,HAYIR,HAYIR
2026-08-16 19:32:48.461,0.80,1.03,28,0.0,0.0,0.000,-0.0,0,HAYIR,HAYIR
2026-08-16 19:32:48.481,0.80,1.03,28,0.0,0.0,0.000,-0.0,0,HAYIR,HAYIR
2026-08-16 19:32:48.501,0.80,1.03,28,0.0,0.0,0.000,-0.0,0,HAYIR,HAYIR
2026-08-16 19:32:48.521,0.80,1.03,28,0.0,0.0,0.000,-0.0,0,HAYIR,HAYIR
2026-08-16 19:32:48.541,0.80,1.03,28,0.0,0.0,0.000,-0.0,0,HAYIR,HAYIR
2026-08-16 19:32:48.561,0.80,1.00,28,0.0,0.0,0.000,-0.0,0,HAYIR,HAYIR
2026-08-16 19:32:48.581,0.80,1.00,28,0.0,0.0,0.000,-0.0,0,HAYIR,HAYIR
2026-08-16 19:32:48.601,0.80,1.00,28,0.0,0.0,0.000,-0.0,0,HAYIR,HAYIR
2026-08-16 19:32:48.621,0.80,1.00,28,0.0,0.0,0.000,-0.0,0,HAYIR,HAYIR
2026-08-16 19:32:48.641,0.80,1.00,28,0.0,0.0,0.000,-0.0,0,HAYIR,HAYIR
2026-08-16 19:32:48.661,0.80,1.00,28,0.0,0.0,0.000,-0.0,0,HAYIR,HAYIR
2026-08-16 19:32:48.681,0.80,1.00,28,0.0,0.0,0.000,-0.0,0,HAYIR,HAYIR
2026-08-16 19:32:48.701,0.80,1.00,28,0.0,0.0,0.000,-0.0,0,HAYIR,HAYIR
2026-08-16 19:32:48.721,0.80,1.00,28,0.0,0.0,0.000,-0.0,0,HAYIR,HAYIR
2026-08-16 19:32:48.741,0.80,1.00,28,0.0,0.0,0.000,-0.0,0,HAYIR,HAYIR
2026-08-16 19:32:48.761,0.80,1.00,28,0.0,0.0,0.000,-0.0,0,HAYIR,HAYIR
2026-08-16 19:32:48.781,0.80,1.00,28,0.0,0.0,0.000,-0.0,0,HAYIR,HAYIR
2026-08-16 19:32:48.801,0.80,1.00,28,0.0,0.0,0.000,-0.0,0,HAYIR,HAYIR
2026-08-16 19:32:48.821,0.80,1.00,28,0.0,0.0,0.000,-0.0,0,HAYIR,HAYIR
2026-08-16 19:32:48.841,0.80,1.00,28,0.0,0.0,0.000,-0.0,0,HAYIR,HAYIR
2026-08-16 19:32:48.861,0.80,1.00,28,0.0,0.0,0.000,-0.0,0,HAYIR,HAYIR
2026-08-16 19:32:48.881,0.80,0.96,28,0.0,0.0,0.000,-0.0,0,HAYIR,HAYIR
2026-08-16 19:32:48.901,0.80,0.96,28,0.0,0.0,0.000,-0.0,0,HAYIR,HAYIR
2026-08-16 19:32:48.921,0.80,0.96,28,0.0,0.0,0.000,-0.0,0,HAYIR,HAYIR
2026-08-16 19:32:48.941,0.80,0.96,28,0.0,0.0,0.000,-0.0,0,HAYIR,HAYIR
2026-08-16 19:32:48.961,0.80,0.96,28,0.0,0.0,0.000,-0.0,0,HAYIR,HAYIR
2026-08-16 19:32:48.981,0.80,0.96,28,0.0,0.0,0.000,-0.0,0,HAYIR,HAYIR
2026-08-16 19:32:49.001,0.80,0.96,28,0.0,0.0,0.000,-0.0,0,HAYIR,HAYIR
2026-08-16 19:32:49.021,0.80,0.96,28,0.0,0.0,0.000,-0.0,0,HAYIR,HAYIR
2026-08-16 19:32:49.041,0.80,0.96,28,0.0,0.0,0.000,-0.0,0,HAYIR,HAYIR
2026-08-16 19:32:49.061,0.80,0.96,28,0.0,0.0,0.000,-0.0,0,HAYIR,HAYIR
2026-08-16 19:32:49.081,0.80,0.96,28,0.0,0.0,0.000,-0.0,0,HAYIR,HAYIR
2026-08-16 19:32:49.101,0.80,0.96,28,0.0,0.0,0.000,-0.0,0,HAYIR,HAYIR
2026-08-16 19:32:49.121,0.80,0.96,28,0.0,0.0,0.000,-0.0,0,HAYIR,HAYIR
2026-08-16 19:32:49.141,0.80,0.96,28,0.0,0.0,0.000,-0.0,0,HAYIR,HAYIR
2026-08-16 19:32:49.161,0.80,0.96,28,0.0,0.0,0.000,-0.0,0,HAYIR,HAYIR
2026-08-16 19:32:49.181,0.80,0.96,28,0.0,0.0,0.000,-0.0,0,HAYIR,HAYIR
2026-08-16 19:32:49.201,0.80,0.93,28,0.0,0.0,0.000,-0.0,0,HAYIR,HAYIR
2026-08-16 19:32:49.221,0.80,0.93,28,0.0,0.0,0.000,-0.0,0,HAYIR,HAYIR
2026-08-16 19:32:49.241,0.80,0.93,28,0.0,0.0,0.000,-0.0,0,HAYIR,HAYIR
2026-08-16 19:32:49.261,0.80,0.93,28,0.0,0.0,0.000,-0.0,0,HAYIR,HAYIR
2026-08-16 19:32:49.281,0.80,0.93,28,0.0,0.0,0.000,-0.0,0,HAYIR,HAYIR
2026-08-16 19:32:49.301,0.80,0.93,28,0.0,0.0,0.000,-0.0,0,HAYIR,HAYIR
2026-08-16 19:32:49.321,0.80,0.93,28,0.0,0.0,0.000,-0.0,0,HAYIR,HAYIR
2026-08-16 19:32:49.341,0.80,0.93,28,0.0,0.0,0.000,-0.0,0,HAYIR,HAYIR
2026-08-16 19:32:49.361,0.80,0.93,28,0.0,0.0,0.000,-0.0,0,HAYIR,HAYIR
2026-08-16 19:32:49.381,0.80,0.93,28,0.0,0.0,0.000,-0.0,0,HAYIR,HAYIR
2026-08-16 19:32:49.401,0.80,0.93,28,0.0,0.0,0.000,-0.0,0,HAYIR,HAYIR
2026-08-16 19:32:49.421,0.80,0.93,28,0.0,0.0,0.000,-0.0,0,HAYIR,HAYIR
2026-08-16 19:32:49.441,0.80,0.93,28,0.0,0.0,0.000,-0.0,0,HAYIR,HAYIR
2026-08-16 19:32:49.461,0.80,0.93,28,0.0,0.0,0.000,-0.0,0,HAYIR,HAYIR
2026-08-16 19:32:49.481,0.80,0.93,28,0.0,0.0,0.000,-0.0,0,HAYIR,HAYIR
2026-08-16 19:32:49.501,0.80,0.93,28,0.0,0.0,0.000,-0.0,0,HAYIR,HAYIR
2026-08-16 19:32:49.521,0.80,0.89,28,0.0,0.0,0.000,-0.0,0,HAYIR,HAYIR
2026-08-16 19:32:49.541,0.80,0.89,28,0.0,0.0,0.000,-0.0,0,HAYIR,HAYIR
2026-08-16 19:32:49.561,0.80,0.89,28,0.0,0.0,0.000,-0.0,0,HAYIR,HAYIR
2026-08-16 19:32:49.581,0.80,0.89,28,0.0,0.0,0.000,-0.0,0,HAYIR,HAYIR
2026-08-16 19:32:49.601,0.80,0.89,28,0.0,0.0,0.000,-0.0,0,HAYIR,HAYIR
2026-08-16 19:32:49.621,0.80,0.89,28,0.0,0.0,0.000,-0.0,0,HAYIR,HAYIR
2026-08-16 19:32:49.641,0.80,0.89,28,0.0,0.0,0.000,-0.0,0,HAYIR,HAYIR
2026-08-16 19:32:49.661,0.80,0.89,28,0.0,0.0,0.000,-0.0,0,HAYIR,HAYIR
2026-08-16 19:32:49.681,0.80,0.89,28,0.0,0.0,0.000,-0.0,0,HAYIR,HAYIR
2026-08-16 19:32:49.701,0.80,0.89,28,0.0,0.0,0.000,-0.0,0,HAYIR,HAYIR
2026-08-16 19:32:49.721,0.80,0.89,28,0.0,0.0,0.000,-0.0,0,HAYIR,HAYIR
2026-08-16 19:32:49.741,0.80,0.89,28,0.0,0.0,0.000,-0.0,0,HAYIR,HAYIR
2026-08-16 19:32:49.761,0.80,0.89,28,0.0,0.0,0.000,-0.0,0,HAYIR,HAYIR
2026-08-16 19:32:49.781,0.80,0.89,28,0.0,0.0,0.000,-0.0,0,HAYIR,HAYIR
2026-08-16 19:32:49.801,0.80,0.89,28,0.0,0.0,0.000,-0.0,0,HAYIR,HAYIR
2026-08-16 19:32:49.821,0.80,0.89,28,0.0,0.0,0.000,-0.0,0,HAYIR,HAYIR
2026-08-16 19:32:49.841,0.80,0.89,28,0.0,0.0,0.000,-0.0,0,HAYIR,HAYIR
2026-08-16 19:32:49.861,0.80,0.89,28,0.0,0.0,0.000,-0.0,0,HAYIR,HAYIR
2026-08-16 19:32:49.881,0.80,0.89,28,0.0,0.0,0.000,-0.0,0,HAYIR,HAYIR
2026-08-16 19:32:49.901,0.80,0.84,28,0.0,0.0,0.000,-0.0,0,HAYIR,HAYIR
2026-08-16 19:32:49.921,0.80,0.84,28,0.0,0.0,0.000,-0.0,0,HAYIR,HAYIR
2026-08-16 19:32:49.941,0.80,0.84,28,0.0,0.0,0.000,-0.0,0,HAYIR,HAYIR
2026-08-16 19:32:49.961,0.80,0.84,28,0.0,0.0,0.000,-0.0,0,HAYIR,HAYIR
2026-08-16 19:32:49.981,0.80,0.84,28,0.0,0.0,0.000,-0.0,0,HAYIR,HAYIR
2026-08-16 19:32:50.001,0.80,0.84,28,0.0,0.0,0.000,-0.0,0,HAYIR,HAYIR
2026-08-16 19:32:50.021,0.80,0.84,28,0.0,0.0,0.000,-0.0,0,HAYIR,HAYIR
2026-08-16 19:32:50.041,0.80,0.84,28,0.0,0.0,0.000,-0.0,0,HAYIR,HAYIR
2026-08-16 19:32:50.061,0.80,0.84,28,0.0,0.0,0.000,-0.0,0,HAYIR,HAYIR
2026-08-16 19:32:50.081,0.80,0.84,28,0.0,0.0,0.000,-0.0,0,HAYIR,HAYIR
2026-08-16 19:32:50.101,0.80,0.84,28,0.0,0.0,0.000,-0.0,0,HAYIR,HAYIR
2026-08-16 19:32:50.121,0.80,0.84,28,0.0,0.0,0.000,-0.0,0,HAYIR,HAYIR
2026-08-16 19:32:50.141,0.80,0.84,28,0.0,0.0,0.000,-0.0,0,HAYIR,HAYIR
2026-08-16 19:32:50.161,0.80,0.84,28,0.0,0.0,0.000,-0.0,0,HAYIR,HAYIR
2026-08-16 19:32:50.181,0.80,0.84,28,0.0,0.0,0.000,-0.0,0,HAYIR,HAYIR
2026-08-16 19:32:50.201,0.80,0.84,28,0.0,0.0,0.000,-0.0,0,HAYIR,HAYIR
2026-08-16 19:32:50.221,0.80,0.79,36,0.0,0.0,0.000,-0.0,0,HAYIR,HAYIR
2026-08-16 19:32:50.241,0.80,0.79,34,0.0,0.0,0.000,-0.0,0,HAYIR,HAYIR
2026-08-16 19:32:50.261,0.80,0.79,34,0.0,0.0,0.000,-0.0,0,HAYIR,HAYIR
2026-08-16 19:32:50.281,0.80,0.79,34,0.0,0.0,0.000,-0.0,0,HAYIR,HAYIR
2026-08-16 19:32:50.301,0.80,0.79,34,0.0,0.0,0.000,-0.0,0,HAYIR,HAYIR
2026-08-16 19:32:50.321,0.80,0.79,34,0.0,0.0,0.000,-0.0,0,HAYIR,HAYIR
2026-08-16 19:32:50.341,0.80,0.79,34,0.0,0.0,0.000,-0.0,0,HAYIR,HAYIR
2026-08-16 19:32:50.361,0.80,0.79,34,0.0,0.0,0.000,-0.0,0,HAYIR,HAYIR
2026-08-16 19:32:50.381,0.80,0.79,34,0.0,0.0,0.000,-0.0,0,HAYIR,HAYIR
2026-08-16 19:32:50.401,0.80,0.79,34,0.0,0.0,0.000,-0.0,0,HAYIR,HAYIR
2026-08-16 19:32:50.421,0.80,0.79,34,0.0,0.0,0.000,-0.0,0,HAYIR,HAYIR
2026-08-16 19:32:50.441,0.80,0.79,34,0.0,0.0,0.000,-0.0,0,HAYIR,HAYIR
2026-08-16 19:32:50.461,0.80,0.79,34,0.0,0.0,0.000,-0.0,0,HAYIR,HAYIR
2026-08-16 19:32:50.481,0.80,0.79,34,0.0,0.0,0.000,-0.0,0,HAYIR,HAYIR
2026-08-16 19:32:50.501,0.80,0.79,34,0.0,0.0,0.000,-0.0,0,HAYIR,HAYIR
2026-08-16 19:32:50.521,0.80,0.79,34,0.0,0.0,0.000,-0.0,0,HAYIR,HAYIR
2026-08-16 19:32:50.541,0.80,0.73,36,0.0,0.0,0.000,-0.0,0,HAYIR,HAYIR
2026-08-16 19:32:50.561,0.80,0.73,34,0.0,0.0,0.000,-0.0,0,HAYIR,HAYIR
2026-08-16 19:32:50.581,0.80,0.73,34,0.0,0.0,0.000,-0.0,0,HAYIR,HAYIR
2026-08-16 19:32:50.601,0.80,0.73,34,0.0,0.0,0.000,-0.0,0,HAYIR,HAYIR
2026-08-16 19:32:50.621,0.80,0.73,34,0.0,0.0,0.000,-0.0,0,HAYIR,HAYIR
2026-08-16 19:32:50.641,0.80,0.73,34,0.0,0.0,0.000,-0.0,0,HAYIR,HAYIR
2026-08-16 19:32:50.661,0.80,0.73,34,0.0,0.0,0.000,-0.0,0,HAYIR,HAYIR
2026-08-16 19:32:50.681,0.80,0.73,34,0.0,0.0,0.000,-0.0,0,HAYIR,HAYIR
2026-08-16 19:32:50.701,0.80,0.73,34,0.0,0.0,0.000,-0.0,0,HAYIR,HAYIR
2026-08-16 19:32:50.721,0.80,0.73,34,0.0,0.0,0.000,-0.0,0,HAYIR,HAYIR
2026-08-16 19:32:50.741,0.80,0.73,34,0.0,0.0,0.000,-0.0,0,HAYIR,HAYIR
2026-08-16 19:32:50.761,0.80,0.73,34,0.0,0.0,0.000,-0.0,0,HAYIR,HAYIR
2026-08-16 19:32:50.781,0.80,0.73,34,0.0,0.0,0.000,-0.0,0,HAYIR,HAYIR
2026-08-16 19:32:50.801,0.80,0.73,34,0.0,0.0,0.000,-0.0,0,HAYIR,HAYIR
2026-08-16 19:32:50.821,0.80,0.73,34,0.0,0.0,0.000,-0.0,0,HAYIR,HAYIR
2026-08-16 19:32:50.841,0.80,0.73,34,0.0,0.0,0.000,-0.0,0,HAYIR,HAYIR
2026-08-16 19:32:50.861,0.80,0.67,37,0.0,0.0,0.000,-0.0,0,HAYIR,HAYIR
2026-08-16 19:32:50.881,0.80,0.67,34,0.0,0.0,0.000,-0.0,0,HAYIR,HAYIR
2026-08-16 19:32:50.901,0.80,0.67,34,0.0,0.0,0.000,-0.0,0,HAYIR,HAYIR
2026-08-16 19:32:50.921,0.80,0.67,34,0.0,0.0,0.000,-0.0,0,HAYIR,HAYIR
2026-08-16 19:32:50.941,0.80,0.67,34,0.0,0.0,0.000,-0.0,0,HAYIR,HAYIR
2026-08-16 19:32:50.961,0.80,0.67,34,0.0,0.0,0.000,-0.0,0,HAYIR,HAYIR
2026-08-16 19:32:50.981,0.80,0.67,34,0.0,0.0,0.000,-0.0,0,HAYIR,HAYIR
2026-08-16 19:32:51.001,0.80,0.67,34,0.0,0.0,0.000,-0.0,0,HAYIR,HAYIR
2026-08-16 19:32:51.021,0.80,0.67,34,0.0,0.0,0.000,-0.0,0,HAYIR,HAYIR
2026-08-16 19:32:51.041,0.80,0.67,34,0.0,0.0,0.000,-0.0,0,HAYIR,HAYIR
2026-08-16 19:32:51.061,0.80,0.67,34,0.0,0.0,0.000,-0.0,0,HAYIR,HAYIR
2026-08-16 19:32:51.081,0.80,0.67,34,0.0,0.0,0.000,-0.0,0,HAYIR,HAYIR
2026-08-16 19:32:51.101,0.80,0.67,34,0.0,0.0,0.000,-0.0,0,HAYIR,HAYIR
2026-08-16 19:32:51.121,0.80,0.67,34,0.0,0.0,0.000,-0.0,0,HAYIR,HAYIR
2026-08-16 19:32:51.141,0.80,0.67,34,0.0,0.0,0.000,-0.0,0,HAYIR,HAYIR
2026-08-16 19:32:51.161,0.80,0.67,34,0.0,0.0,0.000,-0.0,0,HAYIR,HAYIR
2026-08-16 19:32:51.181,0.80,0.66,35,0.0,0.0,0.000,-0.0,0,HAYIR,HAYIR
2026-08-16 19:32:51.201,0.80,0.66,34,0.0,0.0,0.000,-0.0,0,HAYIR,HAYIR
2026-08-16 19:32:51.221,0.80,0.66,34,0.0,0.0,0.000,-0.0,0,HAYIR,HAYIR
2026-08-16 19:32:51.241,0.80,0.66,34,0.0,0.0,0.000,-0.0,0,HAYIR,HAYIR
2026-08-16 19:32:51.261,0.80,0.66,34,0.0,0.0,0.000,-0.0,0,HAYIR,HAYIR
2026-08-16 19:32:51.281,0.80,0.66,34,0.0,0.0,0.000,-0.0,0,HAYIR,HAYIR
2026-08-16 19:32:51.301,0.80,0.66,34,0.0,0.0,0.000,-0.0,0,HAYIR,HAYIR
2026-08-16 19:32:51.321,0.80,0.66,34,0.0,0.0,0.000,-0.0,0,HAYIR,HAYIR
2026-08-16 19:32:51.341,0.80,0.66,34,0.0,0.0,0.000,-0.0,0,HAYIR,HAYIR
2026-08-16 19:32:51.361,0.80,0.66,34,0.0,0.0,0.000,-0.0,0,HAYIR,HAYIR
2026-08-16 19:32:51.381,0.80,0.66,34,0.0,0.0,0.000,-0.0,0,HAYIR,HAYIR
2026-08-16 19:32:51.401,0.80,0.66,34,0.0,0.0,0.000,-0.0,0,HAYIR,HAYIR
2026-08-16 19:32:51.421,0.80,0.66,34,0.0,0.0,0.000,-0.0,0,HAYIR,HAYIR
2026-08-16 19:32:51.441,0.80,0.66,34,0.0,0.0,0.000,-0.0,0,HAYIR,HAYIR
2026-08-16 19:32:51.461,0.80,0.66,34,0.0,0.0,0.000,-0.0,0,HAYIR,HAYIR
2026-08-16 19:32:51.481,0.80,0.66,34,0.0,0.0,0.000,-0.0,0,HAYIR,HAYIR
2026-08-16 19:32:51.501,0.80,0.66,34,0.0,0.0,0.000,-0.0,0,HAYIR,HAYIR
2026-08-16 19:32:51.521,0.80,0.66,34,0.0,0.0,0.000,-0.0,0,HAYIR,HAYIR
2026-08-16 19:32:51.541,0.80,0.66,34,0.0,0.0,0.000,-0.0,0,HAYIR,HAYIR
2026-08-16 19:32:51.561,0.80,0.66,34,0.0,0.0,0.000,-0.0,0,HAYIR,HAYIR
2026-08-16 19:32:51.581,0.80,0.68,33,0.0,0.0,0.000,-0.0,0,HAYIR,HAYIR
2026-08-16 19:32:51.601,0.80,0.68,34,0.0,0.0,0.000,-0.0,0,HAYIR,HAYIR
2026-08-16 19:32:51.621,0.80,0.68,34,0.0,0.0,0.000,-0.0,0,HAYIR,HAYIR
2026-08-16 19:32:51.641,0.80,0.68,34,0.0,0.0,0.000,-0.0,0,HAYIR,HAYIR
2026-08-16 19:32:51.661,0.80,0.68,34,0.0,0.0,0.000,-0.0,0,HAYIR,HAYIR
2026-08-16 19:32:51.681,0.80,0.68,34,0.0,0.0,0.000,-0.0,0,HAYIR,HAYIR
2026-08-16 19:32:51.701,0.80,0.68,34,0.0,0.0,0.000,-0.0,0,HAYIR,HAYIR
2026-08-16 19:32:51.721,0.80,0.68,34,0.0,0.0,0.000,-0.0,0,HAYIR,HAYIR
2026-08-16 19:32:51.741,0.80,0.68,34,0.0,0.0,0.000,-0.0,0,HAYIR,HAYIR
2026-08-16 19:32:51.761,0.80,0.68,34,0.0,0.0,0.000,-0.0,0,HAYIR,HAYIR
2026-08-16 19:32:51.781,0.80,0.68,34,0.0,0.0,0.000,-0.0,0,HAYIR,HAYIR
2026-08-16 19:32:51.801,0.80,0.68,34,0.0,0.0,0.000,-0.0,0,HAYIR,HAYIR
2026-08-16 19:32:51.821,0.80,0.68,34,0.0,0.0,0.000,-0.0,0,HAYIR,HAYIR
2026-08-16 19:32:51.841,0.80,0.68,34,0.0,0.0,0.000,-0.0,0,HAYIR,HAYIR
2026-08-16 19:32:51.861,0.80,0.68,34,0.0,0.0,0.000,-0.0,0,HAYIR,HAYIR
2026-08-16 19:32:51.881,0.80,0.68,34,0.0,0.0,0.000,-0.0,0,HAYIR,HAYIR
2026-08-16 19:32:51.901,0.80,0.70,33,0.0,0.0,0.000,-0.0,0,HAYIR,HAYIR
2026-08-16 19:32:51.921,0.80,0.70,34,0.0,0.0,0.000,-0.0,0,HAYIR,HAYIR
2026-08-16 19:32:51.941,0.80,0.70,34,0.0,0.0,0.000,-0.0,0,HAYIR,HAYIR
2026-08-16 19:32:51.961,0.80,0.70,34,0.0,0.0,0.000,-0.0,0,HAYIR,HAYIR
2026-08-16 19:32:51.981,0.80,0.70,34,0.0,0.0,0.000,-0.0,0,HAYIR,HAYIR
2026-08-16 19:32:52.001,0.80,0.70,34,0.0,0.0,0.000,-0.0,0,HAYIR,HAYIR
2026-08-16 19:32:52.021,0.80,0.70,34,0.0,0.0,0.000,-0.0,0,HAYIR,HAYIR
2026-08-16 19:32:52.041,0.80,0.70,34,0.0,0.0,0.000,-0.0,0,HAYIR,HAYIR
2026-08-16 19:32:52.061,0.80,0.70,34,0.0,0.0,0.000,-0.0,0,HAYIR,HAYIR
2026-08-16 19:32:52.081,0.80,0.70,34,0.0,0.0,0.000,-0.0,0,HAYIR,HAYIR
2026-08-16 19:32:52.101,0.80,0.70,34,0.0,0.0,0.000,-0.0,0,HAYIR,HAYIR
2026-08-16 19:32:52.121,0.80,0.70,34,0.0,0.0,0.000,-0.0,0,HAYIR,HAYIR
2026-08-16 19:32:52.141,0.80,0.70,34,0.0,0.0,0.000,-0.0,0,HAYIR,HAYIR
2026-08-16 19:32:52.161,0.80,0.70,34,0.0,0.0,0.000,-0.0,0,HAYIR,HAYIR
2026-08-16 19:32:52.181,0.80,0.70,34,0.0,0.0,0.000,-0.0,0,HAYIR,HAYIR
2026-08-16 19:32:52.201,0.80,0.70,34,0.0,0.0,0.000,-0.0,0,HAYIR,HAYIR
2026-08-16 19:32:52.221,0.80,0.75,32,0.0,0.0,0.000,-0.0,0,HAYIR,HAYIR
2026-08-16 19:32:52.241,0.80,0.75,34,0.0,0.0,0.000,-0.0,0,HAYIR,HAYIR
2026-08-16 19:32:52.261,0.80,0.75,34,0.0,0.0,0.000,-0.0,0,HAYIR,HAYIR
2026-08-16 19:32:52.281,0.80,0.75,34,0.0,0.0,0.000,-0.0,0,HAYIR,HAYIR
2026-08-16 19:32:52.301,0.80,0.75,34,0.0,0.0,0.000,-0.0,0,HAYIR,HAYIR
2026-08-16 19:32:52.321,0.80,0.75,34,0.0,0.0,0.000,-0.0,0,HAYIR,HAYIR
2026-08-16 19:32:52.341,0.80,0.75,34,0.0,0.0,0.000,-0.0,0,HAYIR,HAYIR
2026-08-16 19:32:52.361,0.80,0.75,34,0.0,0.0,0.000,-0.0,0,HAYIR,HAYIR
2026-08-16 19:32:52.381,0.80,0.75,34,0.0,0.0,0.000,-0.0,0,HAYIR,HAYIR
2026-08-16 19:32:52.401,0.80,0.75,34,0.0,0.0,0.000,-0.0,0,HAYIR,HAYIR
2026-08-16 19:32:52.421,0.80,0.75,34,0.0,0.0,0.000,-0.0,0,HAYIR,HAYIR
2026-08-16 19:32:52.441,0.80,0.75,34,0.0,0.0,0.000,-0.0,0,HAYIR,HAYIR
2026-08-16 19:32:52.461,0.80,0.75,34,0.0,0.0,0.000,-0.0,0,HAYIR,HAYIR
2026-08-16 19:32:52.481,0.80,0.75,34,0.0,0.0,0.000,-0.0,0,HAYIR,HAYIR
2026-08-16 19:32:52.501,0.80,0.75,34,0.0,0.0,0.000,-0.0,0,HAYIR,HAYIR
2026-08-16 19:32:52.521,0.80,0.75,34,0.0,0.0,0.000,-0.0,0,HAYIR,HAYIR
2026-08-16 19:32:52.541,0.80,0.80,32,0.0,0.0,0.000,-0.0,0,HAYIR,HAYIR
2026-08-16 19:32:52.561,0.80,0.80,34,0.0,0.0,0.000,-0.0,0,HAYIR,HAYIR
2026-08-16 19:32:52.581,0.80,0.80,34,0.0,0.0,0.000,-0.0,0,HAYIR,HAYIR
2026-08-16 19:32:52.601,0.80,0.80,34,0.0,0.0,0.000,-0.0,0,HAYIR,HAYIR
2026-08-16 19:32:52.621,0.80,0.80,34,0.0,0.0,0.000,-0.0,0,HAYIR,HAYIR
2026-08-16 19:32:52.641,0.80,0.80,34,0.0,0.0,0.000,-0.0,0,HAYIR,HAYIR
2026-08-16 19:32:52.661,0.80,0.80,34,0.0,0.0,0.000,-0.0,0,HAYIR,HAYIR
2026-08-16 19:32:52.681,0.80,0.80,34,0.0,0.0,0.000,-0.0,0,HAYIR,HAYIR
2026-08-16 19:32:52.701,0.80,0.80,34,0.0,0.0,0.000,-0.0,0,HAYIR,HAYIR
2026-08-16 19:32:52.721,0.80,0.80,34,0.0,0.0,0.000,-0.0,0,HAYIR,HAYIR
2026-08-16 19:32:52.741,0.80,0.80,34,0.0,0.0,0.000,-0.0,0,HAYIR,HAYIR
2026-08-16 19:32:52.761,0.80,0.80,34,0.0,0.0,0.000,-0.0,0,HAYIR,HAYIR
2026-08-16 19:32:52.781,0.80,0.80,34,0.0,0.0,0.000,-0.0,0,HAYIR,HAYIR
2026-08-16 19:32:52.801,0.80,0.80,34,0.0,0.0,0.000,-0.0,0,HAYIR,HAYIR
2026-08-16 19:32:52.821,0.80,0.80,34,0.0,0.0,0.000,-0.0,0,HAYIR,HAYIR
2026-08-16 19:32:52.841,0.80,0.80,34,0.0,0.0,0.000,-0.0,0,HAYIR,HAYIR
2026-08-16 19:32:52.861,0.80,0.84,28,0.0,0.0,0.000,-0.0,0,HAYIR,HAYIR
2026-08-16 19:32:52.881,0.80,0.84,28,0.0,0.0,0.000,-0.0,0,HAYIR,HAYIR
2026-08-16 19:32:52.901,0.80,0.84,28,0.0,0.0,0.000,-0.0,0,HAYIR,HAYIR
2026-08-16 19:32:52.921,0.80,0.84,28,0.0,0.0,0.000,-0.0,0,HAYIR,HAYIR
2026-08-16 19:32:52.941,0.80,0.84,28,0.0,0.0,0.000,-0.0,0,HAYIR,HAYIR
2026-08-16 19:32:52.961,0.80,0.84,28,0.0,0.0,0.000,-0.0,0,HAYIR,HAYIR
2026-08-16 19:32:52.981,0.80,0.84,28,0.0,0.0,0.000,-0.0,0,HAYIR,HAYIR
2026-08-16 19:32:53.001,0.80,0.84,28,0.0,0.0,0.000,-0.0,0,HAYIR,HAYIR
2026-08-16 19:32:53.021,0.80,0.84,28,0.0,0.0,0.000,-0.0,0,HAYIR,HAYIR
2026-08-16 19:32:53.041,0.80,0.84,28,0.0,0.0,0.000,-0.0,0,HAYIR,HAYIR
2026-08-16 19:32:53.061,0.80,0.84,28,0.0,0.0,0.000,-0.0,0,HAYIR,HAYIR
2026-08-16 19:32:53.081,0.80,0.84,28,0.0,0.0,0.000,-0.0,0,HAYIR,HAYIR
2026-08-16 19:32:53.101,0.80,0.84,28,0.0,0.0,0.000,-0.0,0,HAYIR,HAYIR
2026-08-16 19:32:53.121,0.80,0.84,28,0.0,0.0,0.000,-0.0,0,HAYIR,HAYIR
2026-08-16 19:32:53.141,0.80,0.84,28,0.0,0.0,0.000,-0.0,0,HAYIR,HAYIR
2026-08-16 19:32:53.161,0.80,0.84,28,0.0,0.0,0.000,-0.0,0,HAYIR,HAYIR
2026-08-16 19:32:53.181,0.80,0.84,28,0.0,0.0,0.000,-0.0,0,HAYIR,HAYIR
2026-08-16 19:32:53.201,0.80,0.84,28,0.0,0.0,0.000,-0.0,0,HAYIR,HAYIR
2026-08-16 19:32:53.221,0.80,0.84,28,0.0,0.0,0.000,-0.0,0,HAYIR,HAYIR
2026-08-16 19:32:53.241,0.80,0.89,28,0.0,0.0,0.000,-0.0,0,HAYIR,HAYIR
2026-08-16 19:32:53.261,0.80,0.89,28,0.0,0.0,0.000,-0.0,0,HAYIR,HAYIR
2026-08-16 19:32:53.281,0.80,0.89,28,0.0,0.0,0.000,-0.0,0,HAYIR,HAYIR
2026-08-16 19:32:53.301,0.80,0.89,28,0.0,0.0,0.000,-0.0,0,HAYIR,HAYIR
2026-08-16 19:32:53.321,0.80,0.89,28,0.0,0.0,0.000,-0.0,0,HAYIR,HAYIR
2026-08-16 19:32:53.341,0.80,0.89,28,0.0,0.0,0.000,-0.0,0,HAYIR,HAYIR
2026-08-16 19:32:53.361,0.80,0.89,28,0.0,0.0,0.000,-0.0,0,HAYIR,HAYIR
2026-08-16 19:32:53.381,0.80,0.89,28,0.0,0.0,0.000,-0.0,0,HAYIR,HAYIR
2026-08-16 19:32:53.401,0.80,0.89,28,0.0,0.0,0.000,-0.0,0,HAYIR,HAYIR
2026-08-16 19:32:53.421,0.80,0.89,28,0.0,0.0,0.000,-0.0,0,HAYIR,HAYIR
2026-08-16 19:32:53.441,0.80,0.89,28,0.0,0.0,0.000,-0.0,0,HAYIR,HAYIR
2026-08-16 19:32:53.461,0.80,0.89,28,0.0,0.0,0.000,-0.0,0,HAYIR,HAYIR
2026-08-16 19:32:53.481,0.80,0.89,28,0.0,0.0,0.000,-0.0,0,HAYIR,HAYIR
2026-08-16 19:32:53.501,0.80,0.89,28,0.0,0.0,0.000,-0.0,0,HAYIR,HAYIR
2026-08-16 19:32:53.521,0.80,0.89,28,0.0,0.0,0.000,-0.0,0,HAYIR,HAYIR
2026-08-16 19:32:53.541,0.80,0.89,28,0.0,0.0,0.000,-0.0,0,HAYIR,HAYIR
2026-08-16 19:32:53.561,0.80,0.97,28,0.0,0.0,0.000,-0.0,0,HAYIR,HAYIR
2026-08-16 19:32:53.581,0.80,0.97,28,0.0,0.0,0.000,-0.0,0,HAYIR,HAYIR
2026-08-16 19:32:53.601,0.80,0.97,28,0.0,0.0,0.000,-0.0,0,HAYIR,HAYIR
2026-08-16 19:32:53.621,0.80,0.97,28,0.0,0.0,0.000,-0.0,0,HAYIR,HAYIR
2026-08-16 19:32:53.641,0.80,0.97,28,0.0,0.0,0.000,-0.0,0,HAYIR,HAYIR
2026-08-16 19:32:53.661,0.80,0.97,28,0.0,0.0,0.000,-0.0,0,HAYIR,HAYIR
2026-08-16 19:32:53.681,0.80,0.97,28,0.0,0.0,0.000,-0.0,0,HAYIR,HAYIR
2026-08-16 19:32:53.701,0.80,0.97,28,0.0,0.0,0.000,-0.0,0,HAYIR,HAYIR
2026-08-16 19:32:53.721,0.80,0.97,28,0.0,0.0,0.000,-0.0,0,HAYIR,HAYIR
2026-08-16 19:32:53.741,0.80,0.97,28,0.0,0.0,0.000,-0.0,0,HAYIR,HAYIR
2026-08-16 19:32:53.761,0.80,0.97,28,0.0,0.0,0.000,-0.0,0,HAYIR,HAYIR
2026-08-16 19:32:53.781,0.80,0.97,28,0.0,0.0,0.000,-0.0,0,HAYIR,HAYIR
2026-08-16 19:32:53.801,0.80,0.97,28,0.0,0.0,0.000,-0.0,0,HAYIR,HAYIR
2026-08-16 19:32:53.821,0.80,0.97,28,0.0,0.0,0.000,-0.0,0,HAYIR,HAYIR
2026-08-16 19:32:53.841,0.80,0.97,28,0.0,0.0,0.000,-0.0,0,HAYIR,HAYIR
2026-08-16 19:32:53.861,0.80,0.97,28,0.0,0.0,0.000,-0.0,0,HAYIR,HAYIR
2026-08-16 19:32:53.881,0.80,0.99,28,0.0,0.0,0.000,-0.0,0,HAYIR,HAYIR
2026-08-16 19:32:53.901,0.80,0.99,28,0.0,0.0,0.000,-0.0,0,HAYIR,HAYIR
2026-08-16 19:32:53.921,0.80,0.99,28,0.0,0.0,0.000,-0.0,0,HAYIR,HAYIR
2026-08-16 19:32:53.941,0.80,0.99,28,0.0,0.0,0.000,-0.0,0,HAYIR,HAYIR
2026-08-16 19:32:53.961,0.80,0.99,28,0.0,0.0,0.000,-0.0,0,HAYIR,HAYIR
2026-08-16 19:32:53.981,0.80,0.99,28,0.0,0.0,0.000,-0.0,0,HAYIR,HAYIR
2026-08-16 19:32:54.001,0.80,0.99,28,0.0,0.0,0.000,-0.0,0,HAYIR,HAYIR
2026-08-16 19:32:54.021,0.80,0.99,28,0.0,0.0,0.000,-0.0,0,HAYIR,HAYIR
2026-08-16 19:32:54.041,0.80,0.99,28,0.0,0.0,0.000,-0.0,0,HAYIR,HAYIR
2026-08-16 19:32:54.061,0.80,0.99,28,0.0,0.0,0.000,-0.0,0,HAYIR,HAYIR
2026-08-16 19:32:54.081,0.80,0.99,28,0.0,0.0,0.000,-0.0,0,HAYIR,HAYIR
2026-08-16 19:32:54.101,0.80,0.99,28,0.0,0.0,0.000,-0.0,0,HAYIR,HAYIR
2026-08-16 19:32:54.121,0.80,0.99,28,0.0,0.0,0.000,-0.0,0,HAYIR,HAYIR
2026-08-16 19:32:54.141,0.80,0.99,28,0.0,0.0,0.000,-0.0,0,HAYIR,HAYIR
2026-08-16 19:32:54.161,0.80,0.99,28,0.0,0.0,0.000,-0.0,0,HAYIR,HAYIR
2026-08-16 19:32:54.181,0.80,0.99,28,0.0,0.0,0.000,-0.0,0,HAYIR,HAYIR
2026-08-16 19:32:54.201,0.80,0.99,28,0.0,0.0,0.000,-0.0,0,HAYIR,HAYIR
2026-08-16 19:32:54.221,0.80,0.99,28,0.0,0.0,0.000,-0.0,0,HAYIR,HAYIR
2026-08-16 19:32:54.241,0.80,0.99,28,0.0,0.0,0.000,-0.0,0,HAYIR,HAYIR
2026-08-16 19:32:54.261,0.80,0.99,28,0.0,0.0,0.000,-0.0,0,HAYIR,HAYIR
2026-08-16 19:32:54.281,0.80,0.99,28,0.0,0.0,0.031,-12.0,-1,HAYIR,HAYIR
2026-08-16 19:32:54.301,0.80,0.99,28,0.0,0.0,0.031,-12.0,-2,HAYIR,HAYIR
2026-08-16 19:32:54.321,0.80,0.99,28,0.0,0.0,0.034,-13.0,-4,HAYIR,HAYIR
2026-08-16 19:32:54.341,0.80,0.99,28,0.0,0.0,0.034,-13.0,-5,HAYIR,HAYIR
2026-08-16 19:32:54.361,0.80,0.99,28,0.0,0.0,0.034,-13.0,-6,HAYIR,HAYIR
2026-08-16 19:32:54.381,0.80,0.99,28,0.0,0.0,0.035,-13.5,-7,HAYIR,HAYIR
2026-08-16 19:32:54.401,0.80,0.99,28,0.0,0.0,0.035,-13.5,-8,HAYIR,HAYIR
2026-08-16 19:32:54.421,0.80,0.99,28,0.0,0.0,0.037,-14.5,-10,HAYIR,HAYIR
2026-08-16 19:32:54.441,0.80,0.99,28,0.0,0.0,0.037,-14.5,-11,HAYIR,HAYIR
2026-08-16 19:32:54.461,0.80,0.99,28,0.0,0.0,0.037,-14.5,-12,HAYIR,HAYIR
2026-08-16 19:32:54.481,0.80,0.99,28,0.0,0.0,0.039,-15.0,-13,HAYIR,HAYIR
2026-08-16 19:32:54.501,0.80,0.99,28,0.0,0.0,0.039,-15.0,-14,HAYIR,HAYIR
2026-08-16 19:32:54.521,0.80,0.97,28,0.0,0.0,0.042,-16.3,-16,HAYIR,HAYIR
2026-08-16 19:32:54.541,0.80,0.97,28,0.0,0.0,0.042,-16.3,-16,HAYIR,HAYIR
2026-08-16 19:32:54.561,0.80,0.97,28,0.0,0.0,0.042,-16.3,-16,HAYIR,HAYIR
2026-08-16 19:32:54.581,0.80,0.97,28,0.0,0.0,0.043,-16.4,-16,HAYIR,HAYIR
2026-08-16 19:32:54.601,0.80,0.97,28,0.0,0.0,0.043,-16.4,-16,HAYIR,HAYIR
2026-08-16 19:32:54.621,0.80,0.97,28,0.0,0.0,0.045,-17.2,-17,HAYIR,HAYIR
2026-08-16 19:32:54.641,0.80,0.97,28,0.0,0.0,0.045,-17.2,-17,HAYIR,HAYIR
2026-08-16 19:32:54.661,0.80,0.97,28,0.0,0.0,0.045,-17.2,-17,HAYIR,HAYIR
2026-08-16 19:32:54.681,0.80,0.97,28,0.0,0.0,0.046,-17.7,-18,HAYIR,HAYIR
2026-08-16 19:32:54.701,0.80,0.97,28,0.0,0.0,0.046,-17.7,-18,HAYIR,HAYIR
2026-08-16 19:32:54.721,0.80,0.97,28,0.0,0.0,0.048,-18.6,-19,HAYIR,HAYIR
2026-08-16 19:32:54.741,0.80,0.97,28,0.0,0.0,0.048,-18.6,-19,HAYIR,HAYIR
2026-08-16 19:32:54.761,0.80,0.97,28,0.0,0.0,0.048,-18.6,-19,HAYIR,HAYIR
2026-08-16 19:32:54.781,0.80,0.97,28,0.0,0.0,0.049,-18.9,-19,HAYIR,HAYIR
2026-08-16 19:32:54.801,0.80,0.97,28,0.0,0.0,0.049,-18.9,-19,HAYIR,HAYIR
2026-08-16 19:32:54.821,0.80,0.97,28,0.0,0.0,0.056,-21.7,-20,HAYIR,HAYIR
2026-08-16 19:32:54.841,0.80,0.97,28,0.0,0.0,0.056,-21.7,-21,HAYIR,HAYIR
2026-08-16 19:32:54.861,0.80,0.97,28,0.0,0.0,0.056,-21.7,-22,HAYIR,HAYIR
2026-08-16 19:32:54.881,0.80,0.97,28,0.0,0.0,0.057,-22.1,-22,HAYIR,HAYIR
2026-08-16 19:32:54.901,0.80,0.97,28,0.0,0.0,0.057,-22.1,-22,HAYIR,HAYIR
2026-08-16 19:32:54.921,0.80,0.92,28,0.0,0.0,0.059,-22.7,-23,HAYIR,HAYIR
2026-08-16 19:32:54.941,0.80,0.92,28,0.0,0.0,0.059,-22.7,-23,HAYIR,HAYIR
2026-08-16 19:32:54.961,0.80,0.92,28,0.0,0.0,0.059,-22.7,-23,HAYIR,HAYIR
2026-08-16 19:32:54.981,0.80,0.92,28,0.0,0.0,0.057,-21.8,-22,HAYIR,HAYIR
2026-08-16 19:32:55.001,0.80,0.92,28,0.0,0.0,0.057,-21.8,-22,HAYIR,HAYIR
2026-08-16 19:32:55.021,0.80,0.92,28,0.0,0.0,0.059,-22.8,-23,HAYIR,HAYIR
2026-08-16 19:32:55.041,0.80,0.92,28,0.0,0.0,0.059,-22.8,-23,HAYIR,HAYIR
2026-08-16 19:32:55.061,0.80,0.92,28,0.0,0.0,0.059,-22.8,-23,HAYIR,HAYIR
2026-08-16 19:32:55.081,0.80,0.92,28,0.0,0.0,0.060,-23.2,-23,HAYIR,HAYIR
2026-08-16 19:32:55.101,0.80,0.92,28,0.0,0.0,0.060,-23.2,-23,HAYIR,HAYIR
2026-08-16 19:32:55.121,0.80,0.92,28,0.0,0.0,0.062,-23.8,-24,HAYIR,HAYIR
2026-08-16 19:32:55.141,0.80,0.92,28,0.0,0.0,0.062,-23.8,-24,HAYIR,HAYIR
2026-08-16 19:32:55.161,0.80,0.92,28,0.0,0.0,0.062,-23.8,-24,HAYIR,HAYIR
2026-08-16 19:32:55.181,0.80,0.92,28,0.0,0.0,0.063,-24.1,-24,HAYIR,HAYIR
2026-08-16 19:32:55.201,0.80,0.92,28,0.0,0.0,0.063,-24.1,-24,HAYIR,HAYIR
2026-08-16 19:32:55.221,0.80,0.92,28,0.0,0.0,0.064,-24.5,-24,HAYIR,HAYIR
2026-08-16 19:32:55.241,0.80,0.88,28,0.0,0.0,0.064,-24.5,-24,HAYIR,HAYIR
2026-08-16 19:32:55.261,0.80,0.88,28,0.0,0.0,0.064,-24.5,-24,HAYIR,HAYIR
2026-08-16 19:32:55.281,0.80,0.88,28,0.0,0.0,0.065,-24.9,-25,HAYIR,HAYIR
2026-08-16 19:32:55.301,0.80,0.88,28,0.0,0.0,0.065,-24.9,-25,HAYIR,HAYIR
2026-08-16 19:32:55.321,0.80,0.88,28,0.0,0.0,0.061,-23.3,-24,HAYIR,HAYIR
2026-08-16 19:32:55.341,0.80,0.88,28,0.0,0.0,0.061,-23.3,-23,HAYIR,HAYIR
2026-08-16 19:32:55.361,0.80,0.88,28,0.0,0.0,0.061,-23.3,-23,HAYIR,HAYIR
2026-08-16 19:32:55.381,0.80,0.88,28,0.0,0.0,0.062,-23.8,-24,HAYIR,HAYIR
2026-08-16 19:32:55.401,0.80,0.88,28,0.0,0.0,0.062,-23.8,-24,HAYIR,HAYIR
2026-08-16 19:32:55.421,0.80,0.88,28,0.0,0.0,0.063,-24.2,-24,HAYIR,HAYIR
2026-08-16 19:32:55.441,0.80,0.88,28,0.0,0.0,0.063,-24.2,-24,HAYIR,HAYIR
2026-08-16 19:32:55.461,0.80,0.88,28,0.0,0.0,0.063,-24.2,-24,HAYIR,HAYIR
2026-08-16 19:32:55.481,0.80,0.88,28,0.0,0.0,0.063,-24.4,-24,HAYIR,HAYIR
2026-08-16 19:32:55.501,0.80,0.88,28,0.0,0.0,0.063,-24.4,-24,HAYIR,HAYIR
2026-08-16 19:32:55.521,0.80,0.88,28,0.0,0.0,0.064,-24.8,-25,HAYIR,HAYIR
2026-08-16 19:32:55.541,0.80,0.88,28,0.0,0.0,0.064,-24.8,-25,HAYIR,HAYIR
2026-08-16 19:32:55.561,0.80,0.85,28,0.0,0.0,0.064,-24.8,-25,HAYIR,HAYIR
2026-08-16 19:32:55.581,0.80,0.85,28,0.0,0.0,0.065,-25.1,-25,HAYIR,HAYIR
2026-08-16 19:32:55.601,0.80,0.85,28,0.0,0.0,0.065,-25.1,-25,HAYIR,HAYIR
2026-08-16 19:32:55.621,0.80,0.85,28,0.0,0.0,0.059,-22.6,-24,HAYIR,HAYIR
2026-08-16 19:32:55.641,0.80,0.85,28,0.0,0.0,0.059,-22.6,-23,HAYIR,HAYIR
2026-08-16 19:32:55.661,0.80,0.85,28,0.0,0.0,0.059,-22.6,-23,HAYIR,HAYIR
2026-08-16 19:32:55.681,0.80,0.85,28,0.0,0.0,0.061,-23.6,-24,HAYIR,HAYIR
2026-08-16 19:32:55.701,0.80,0.85,28,0.0,0.0,0.061,-23.6,-24,HAYIR,HAYIR
2026-08-16 19:32:55.721,0.80,0.85,28,0.0,0.0,0.062,-23.9,-24,HAYIR,HAYIR
2026-08-16 19:32:55.741,0.80,0.85,28,0.0,0.0,0.062,-23.9,-24,HAYIR,HAYIR
2026-08-16 19:32:55.761,0.80,0.85,28,0.0,0.0,0.062,-23.9,-24,HAYIR,HAYIR
2026-08-16 19:32:55.781,0.80,0.85,28,0.0,0.0,0.063,-24.2,-24,HAYIR,HAYIR
2026-08-16 19:32:55.801,0.80,0.85,28,0.0,0.0,0.063,-24.2,-24,HAYIR,HAYIR
2026-08-16 19:32:55.821,0.80,0.85,28,0.0,0.0,0.063,-24.4,-24,HAYIR,HAYIR
2026-08-16 19:32:55.841,0.80,0.85,28,0.0,0.0,0.063,-24.4,-24,HAYIR,HAYIR
2026-08-16 19:32:55.861,0.80,0.85,28,0.0,0.0,0.063,-24.4,-24,HAYIR,HAYIR
2026-08-16 19:32:55.881,0.80,0.79,36,0.0,0.0,0.072,-27.7,-26,HAYIR,HAYIR
2026-08-16 19:32:55.901,0.80,0.79,33,0.0,0.0,0.072,-27.7,-27,HAYIR,HAYIR
2026-08-16 19:32:55.921,0.80,0.79,33,0.0,0.0,0.069,-26.5,-27,HAYIR,HAYIR
2026-08-16 19:32:55.941,0.80,0.79,33,0.0,0.0,0.069,-26.5,-27,HAYIR,HAYIR
2026-08-16 19:32:55.961,0.80,0.79,33,0.0,0.0,0.069,-26.5,-27,HAYIR,HAYIR
2026-08-16 19:32:55.981,0.80,0.79,33,0.0,0.0,0.071,-27.3,-27,HAYIR,HAYIR
2026-08-16 19:32:56.001,0.80,0.79,33,0.0,0.0,0.071,-27.3,-27,HAYIR,HAYIR
2026-08-16 19:32:56.021,0.80,0.79,33,0.0,0.0,0.071,-27.5,-27,HAYIR,HAYIR
2026-08-16 19:32:56.041,0.80,0.79,33,0.0,0.0,0.071,-27.5,-27,HAYIR,HAYIR
2026-08-16 19:32:56.061,0.80,0.79,33,0.0,0.0,0.071,-27.5,-27,HAYIR,HAYIR
2026-08-16 19:32:56.081,0.80,0.79,33,0.0,0.0,0.072,-27.6,-28,HAYIR,HAYIR
2026-08-16 19:32:56.101,0.80,0.79,33,0.0,0.0,0.072,-27.6,-28,HAYIR,HAYIR
2026-08-16 19:32:56.121,0.80,0.79,33,0.0,0.0,0.072,-27.7,-28,HAYIR,HAYIR
2026-08-16 19:32:56.141,0.80,0.79,33,0.0,0.0,0.072,-27.7,-28,HAYIR,HAYIR
2026-08-16 19:32:56.161,0.80,0.79,33,0.0,0.0,0.072,-27.7,-28,HAYIR,HAYIR
2026-08-16 19:32:56.181,0.80,0.79,33,0.0,0.0,0.073,-28.1,-28,HAYIR,HAYIR
2026-08-16 19:32:56.201,0.80,0.75,35,0.0,0.0,0.073,-28.1,-28,HAYIR,HAYIR
2026-08-16 19:32:56.221,0.80,0.75,34,0.0,0.0,0.073,-28.1,-28,HAYIR,HAYIR
2026-08-16 19:32:56.241,0.80,0.75,34,0.0,0.0,0.073,-28.1,-28,HAYIR,HAYIR
2026-08-16 19:32:56.261,0.80,0.75,34,0.0,0.0,0.073,-28.1,-28,HAYIR,HAYIR
2026-08-16 19:32:56.281,0.80,0.75,34,0.0,0.0,0.069,-26.4,-27,HAYIR,HAYIR
2026-08-16 19:32:56.301,0.80,0.75,34,0.0,0.0,0.069,-26.4,-26,HAYIR,HAYIR
2026-08-16 19:32:56.321,0.80,0.75,34,0.0,0.0,0.070,-27.1,-27,HAYIR,HAYIR
2026-08-16 19:32:56.341,0.80,0.75,34,0.0,0.0,0.070,-27.1,-27,HAYIR,HAYIR
2026-08-16 19:32:56.361,0.80,0.75,34,0.0,0.0,0.070,-27.1,-27,HAYIR,HAYIR
2026-08-16 19:32:56.381,0.80,0.75,34,0.0,0.0,0.071,-27.2,-27,HAYIR,HAYIR
2026-08-16 19:32:56.401,0.80,0.75,34,0.0,0.0,0.071,-27.2,-27,HAYIR,HAYIR
2026-08-16 19:32:56.421,0.80,0.75,34,0.0,0.0,0.071,-27.3,-27,HAYIR,HAYIR
2026-08-16 19:32:56.441,0.80,0.75,34,0.0,0.0,0.071,-27.3,-27,HAYIR,HAYIR
2026-08-16 19:32:56.461,0.80,0.75,34,0.0,0.0,0.071,-27.3,-27,HAYIR,HAYIR
2026-08-16 19:32:56.481,0.80,0.75,34,0.0,0.0,0.072,-27.6,-28,HAYIR,HAYIR
2026-08-16 19:32:56.501,0.80,0.75,34,0.0,0.0,0.072,-27.6,-28,HAYIR,HAYIR
2026-08-16 19:32:56.521,0.80,0.70,36,0.0,0.0,0.072,-27.6,-28,HAYIR,HAYIR
2026-08-16 19:32:56.541,0.80,0.70,34,0.0,0.0,0.072,-27.6,-28,HAYIR,HAYIR
2026-08-16 19:32:56.561,0.80,0.70,34,0.0,0.0,0.072,-27.6,-28,HAYIR,HAYIR
2026-08-16 19:32:56.581,0.80,0.70,34,0.0,0.0,0.068,-26.2,-26,HAYIR,HAYIR
2026-08-16 19:32:56.601,0.80,0.70,34,0.0,0.0,0.068,-26.2,-26,HAYIR,HAYIR
2026-08-16 19:32:56.621,0.80,0.70,34,0.0,0.0,0.069,-26.6,-27,HAYIR,HAYIR
2026-08-16 19:32:56.641,0.80,0.70,34,0.0,0.0,0.069,-26.6,-27,HAYIR,HAYIR
2026-08-16 19:32:56.661,0.80,0.70,34,0.0,0.0,0.069,-26.6,-27,HAYIR,HAYIR
2026-08-16 19:32:56.681,0.80,0.70,34,0.0,0.0,0.070,-26.7,-27,HAYIR,HAYIR
2026-08-16 19:32:56.701,0.80,0.70,34,0.0,0.0,0.070,-26.7,-27,HAYIR,HAYIR
2026-08-16 19:32:56.721,0.80,0.70,34,0.0,0.0,0.070,-26.8,-27,HAYIR,HAYIR
2026-08-16 19:32:56.741,0.80,0.70,34,0.0,0.0,0.070,-26.8,-27,HAYIR,HAYIR
2026-08-16 19:32:56.761,0.80,0.70,34,0.0,0.0,0.070,-26.8,-27,HAYIR,HAYIR
2026-08-16 19:32:56.781,0.80,0.70,34,0.0,0.0,0.070,-27.0,-27,HAYIR,HAYIR
2026-08-16 19:32:56.801,0.80,0.70,34,0.0,0.0,0.070,-27.0,-27,HAYIR,HAYIR
2026-08-16 19:32:56.821,0.80,0.70,34,0.0,0.0,0.070,-27.0,-27,HAYIR,HAYIR
2026-08-16 19:32:56.841,0.80,0.70,34,0.0,0.0,0.070,-27.0,-27,HAYIR,HAYIR
2026-08-16 19:32:56.861,0.80,0.70,34,0.0,0.0,0.070,-27.0,-27,HAYIR,HAYIR
2026-08-16 19:32:56.881,0.80,0.70,34,0.0,0.0,0.071,-27.1,-27,HAYIR,HAYIR
2026-08-16 19:32:56.901,0.80,0.68,35,0.0,0.0,0.071,-27.1,-27,HAYIR,HAYIR
2026-08-16 19:32:56.921,0.80,0.68,34,0.0,0.0,0.076,-29.2,-28,HAYIR,HAYIR
2026-08-16 19:32:56.941,0.80,0.68,34,0.0,0.0,0.076,-29.2,-29,HAYIR,HAYIR
2026-08-16 19:32:56.961,0.80,0.68,34,0.0,0.0,0.076,-29.2,-29,HAYIR,HAYIR
2026-08-16 19:32:56.981,0.80,0.68,34,0.0,0.0,0.075,-28.9,-29,HAYIR,HAYIR
2026-08-16 19:32:57.001,0.80,0.68,34,0.0,0.0,0.075,-28.9,-29,HAYIR,HAYIR
2026-08-16 19:32:57.021,0.80,0.68,34,0.0,0.0,0.076,-29.1,-29,HAYIR,HAYIR
2026-08-16 19:32:57.041,0.80,0.68,34,0.0,0.0,0.076,-29.1,-29,HAYIR,HAYIR
2026-08-16 19:32:57.061,0.80,0.68,34,0.0,0.0,0.076,-29.1,-29,HAYIR,HAYIR
2026-08-16 19:32:57.081,0.80,0.68,34,0.0,0.0,0.076,-29.3,-29,HAYIR,HAYIR
2026-08-16 19:32:57.101,0.80,0.68,34,0.0,0.0,0.076,-29.3,-29,HAYIR,HAYIR
2026-08-16 19:32:57.121,0.80,0.68,34,0.0,0.0,0.076,-29.3,-29,HAYIR,HAYIR
2026-08-16 19:32:57.141,0.80,0.68,34,0.0,0.0,0.076,-29.3,-29,HAYIR,HAYIR
2026-08-16 19:32:57.161,0.80,0.68,34,0.0,0.0,0.076,-29.3,-29,HAYIR,HAYIR
2026-08-16 19:32:57.181,0.80,0.68,34,0.0,0.0,0.077,-29.4,-29,HAYIR,HAYIR
2026-08-16 19:32:57.201,0.80,0.68,34,0.0,0.0,0.077,-29.4,-29,HAYIR,HAYIR
2026-08-16 19:32:57.221,0.80,0.68,34,0.0,0.0,0.077,-29.5,-29,HAYIR,HAYIR
2026-08-16 19:32:57.241,0.80,0.68,34,0.0,0.0,0.077,-29.5,-29,HAYIR,HAYIR
2026-08-16 19:32:57.261,0.80,0.68,34,0.0,0.0,0.077,-29.5,-29,HAYIR,HAYIR
2026-08-16 19:32:57.281,0.80,0.68,34,0.0,0.0,0.077,-29.6,-30,HAYIR,HAYIR
2026-08-16 19:32:57.301,0.80,0.68,34,0.0,0.0,0.077,-29.6,-30,HAYIR,HAYIR
2026-08-16 19:32:57.321,0.80,0.68,34,0.0,0.0,0.077,-29.6,-30,HAYIR,HAYIR
2026-08-16 19:32:57.341,0.80,0.68,34,0.0,0.0,0.077,-29.6,-30,HAYIR,HAYIR
2026-08-16 19:32:57.361,0.80,0.68,34,0.0,0.0,0.077,-29.6,-30,HAYIR,HAYIR
2026-08-16 19:32:57.381,0.80,0.68,34,0.0,0.0,0.077,-29.7,-30,HAYIR,HAYIR
2026-08-16 19:32:57.401,0.80,0.68,34,0.0,0.0,0.077,-29.7,-30,HAYIR,HAYIR
2026-08-16 19:32:57.421,0.80,0.68,34,0.0,0.0,0.077,-29.7,-30,HAYIR,HAYIR
2026-08-16 19:32:57.441,0.80,0.68,34,0.0,0.0,0.077,-29.7,-30,HAYIR,HAYIR
2026-08-16 19:32:57.461,0.80,0.68,34,0.0,0.0,0.077,-29.7,-30,HAYIR,HAYIR
2026-08-16 19:32:57.481,0.80,0.68,34,0.0,0.0,0.078,-29.8,-30,HAYIR,HAYIR
2026-08-16 19:32:57.501,0.80,0.68,34,0.0,0.0,0.078,-29.8,-30,HAYIR,HAYIR
2026-08-16 19:32:57.521,0.80,0.68,34,0.0,0.0,0.078,-29.9,-30,HAYIR,HAYIR
2026-08-16 19:32:57.541,0.80,0.69,34,0.0,0.0,0.078,-29.9,-30,HAYIR,HAYIR
2026-08-16 19:32:57.561,0.80,0.69,34,0.0,0.0,0.078,-29.9,-30,HAYIR,HAYIR
2026-08-16 19:32:57.581,0.80,0.69,34,0.0,0.0,0.078,-29.8,-30,HAYIR,HAYIR
2026-08-16 19:32:57.601,0.80,0.69,34,0.0,0.0,0.078,-29.8,-30,HAYIR,HAYIR
2026-08-16 19:32:57.621,0.80,0.69,34,0.0,0.0,0.079,-30.3,-30,HAYIR,HAYIR
2026-08-16 19:32:57.641,0.80,0.69,34,0.0,0.0,0.079,-30.3,-30,HAYIR,HAYIR
2026-08-16 19:32:57.661,0.80,0.69,34,0.0,0.0,0.079,-30.3,-30,HAYIR,HAYIR
2026-08-16 19:32:57.681,0.80,0.69,34,0.0,0.0,0.079,-30.2,-30,HAYIR,HAYIR
2026-08-16 19:32:57.701,0.80,0.69,34,0.0,0.0,0.079,-30.2,-30,HAYIR,HAYIR
2026-08-16 19:32:57.721,0.80,0.69,34,0.0,0.0,0.079,-30.4,-30,HAYIR,HAYIR
2026-08-16 19:32:57.741,0.80,0.69,34,0.0,0.0,0.079,-30.4,-30,HAYIR,HAYIR
2026-08-16 19:32:57.761,0.80,0.69,34,0.0,0.0,0.079,-30.4,-30,HAYIR,HAYIR
2026-08-16 19:32:57.781,0.80,0.69,34,0.0,0.0,0.079,-30.5,-30,HAYIR,HAYIR
2026-08-16 19:32:57.801,0.80,0.69,34,0.0,0.0,0.079,-30.5,-30,HAYIR,HAYIR
2026-08-16 19:32:57.821,0.80,0.69,34,0.0,0.0,0.079,-30.5,-30,HAYIR,HAYIR
2026-08-16 19:32:57.841,0.80,0.69,34,0.0,0.0,0.079,-30.5,-30,HAYIR,HAYIR
2026-08-16 19:32:57.861,0.80,0.74,32,0.0,0.0,0.079,-30.5,-30,HAYIR,HAYIR
2026-08-16 19:32:57.881,0.80,0.74,34,0.0,0.0,0.079,-30.5,-30,HAYIR,HAYIR
2026-08-16 19:32:57.901,0.80,0.74,34,0.0,0.0,0.079,-30.5,-30,HAYIR,HAYIR
2026-08-16 19:32:57.921,0.80,0.74,34,0.0,0.0,0.076,-29.3,-29,HAYIR,HAYIR
2026-08-16 19:32:57.941,0.80,0.74,34,0.0,0.0,0.076,-29.3,-29,HAYIR,HAYIR
2026-08-16 19:32:57.961,0.80,0.74,34,0.0,0.0,0.076,-29.3,-29,HAYIR,HAYIR
2026-08-16 19:32:57.981,0.80,0.74,34,0.0,0.0,0.075,-28.9,-29,HAYIR,HAYIR
2026-08-16 19:32:58.001,0.80,0.74,34,0.0,0.0,0.075,-28.9,-29,HAYIR,HAYIR
2026-08-16 19:32:58.021,0.80,0.74,34,0.0,0.0,0.076,-29.2,-29,HAYIR,HAYIR
2026-08-16 19:32:58.041,0.80,0.74,34,0.0,0.0,0.076,-29.2,-29,HAYIR,HAYIR
2026-08-16 19:32:58.061,0.80,0.74,34,0.0,0.0,0.076,-29.2,-29,HAYIR,HAYIR
2026-08-16 19:32:58.081,0.80,0.74,34,0.0,0.0,0.076,-29.2,-29,HAYIR,HAYIR
2026-08-16 19:32:58.101,0.80,0.74,34,0.0,0.0,0.076,-29.2,-29,HAYIR,HAYIR
2026-08-16 19:32:58.121,0.80,0.74,34,0.0,0.0,0.077,-29.6,-30,HAYIR,HAYIR
2026-08-16 19:32:58.141,0.80,0.74,34,0.0,0.0,0.077,-29.6,-30,HAYIR,HAYIR
2026-08-16 19:32:58.161,0.80,0.74,34,0.0,0.0,0.077,-29.6,-30,HAYIR,HAYIR
2026-08-16 19:32:58.181,0.80,0.81,28,0.0,0.0,0.077,-29.6,-30,HAYIR,HAYIR
2026-08-16 19:32:58.201,0.80,0.81,28,0.0,0.0,0.077,-29.6,-30,HAYIR,HAYIR
2026-08-16 19:32:58.221,0.80,0.81,28,0.0,0.0,0.079,-30.2,-30,HAYIR,HAYIR
2026-08-16 19:32:58.241,0.80,0.81,28,0.0,0.0,0.079,-30.2,-30,HAYIR,HAYIR
2026-08-16 19:32:58.261,0.80,0.81,28,0.0,0.0,0.079,-30.2,-30,HAYIR,HAYIR
2026-08-16 19:32:58.281,0.80,0.81,28,0.0,0.0,0.085,-32.4,-31,HAYIR,HAYIR
2026-08-16 19:32:58.301,0.80,0.81,28,0.0,0.0,0.085,-32.4,-32,HAYIR,HAYIR
2026-08-16 19:32:58.321,0.80,0.81,28,0.0,0.0,0.084,-32.2,-32,HAYIR,HAYIR
2026-08-16 19:32:58.341,0.80,0.81,28,0.0,0.0,0.084,-32.2,-32,HAYIR,HAYIR
2026-08-16 19:32:58.361,0.80,0.81,28,0.0,0.0,0.084,-32.2,-32,HAYIR,HAYIR
2026-08-16 19:32:58.381,0.80,0.81,28,0.0,0.0,0.084,-32.2,-32,HAYIR,HAYIR
2026-08-16 19:32:58.401,0.80,0.81,28,0.0,0.0,0.084,-32.2,-32,HAYIR,HAYIR
2026-08-16 19:32:58.421,0.80,0.81,28,0.0,0.0,0.086,-32.8,-33,HAYIR,HAYIR
2026-08-16 19:32:58.441,0.80,0.81,28,0.0,0.0,0.086,-32.8,-33,HAYIR,HAYIR
2026-08-16 19:32:58.461,0.80,0.81,28,0.0,0.0,0.086,-32.8,-33,HAYIR,HAYIR
2026-08-16 19:32:58.481,0.80,0.81,28,0.0,0.0,0.086,-32.8,-33,HAYIR,HAYIR
2026-08-16 19:32:58.501,0.80,0.81,28,0.0,0.0,0.086,-32.8,-33,HAYIR,HAYIR
2026-08-16 19:32:58.521,0.80,0.81,28,0.0,0.0,0.087,-33.4,-33,HAYIR,HAYIR
2026-08-16 19:32:58.541,0.80,0.81,28,0.0,0.0,0.087,-33.4,-33,HAYIR,HAYIR
2026-08-16 19:32:58.561,0.80,0.86,28,0.0,0.0,0.087,-33.4,-33,HAYIR,HAYIR
2026-08-16 19:32:58.581,0.80,0.86,28,0.0,0.0,0.088,-33.5,-34,HAYIR,HAYIR
2026-08-16 19:32:58.601,0.80,0.86,28,0.0,0.0,0.088,-33.5,-34,HAYIR,HAYIR
2026-08-16 19:32:58.621,0.80,0.86,28,0.0,0.0,0.091,-34.7,-35,HAYIR,HAYIR
2026-08-16 19:32:58.641,0.80,0.86,28,0.0,0.0,0.091,-34.7,-35,HAYIR,HAYIR
2026-08-16 19:32:58.661,0.80,0.86,28,0.0,0.0,0.091,-34.7,-35,HAYIR,HAYIR
2026-08-16 19:32:58.681,0.80,0.86,28,0.0,0.0,0.089,-34.0,-34,HAYIR,HAYIR
2026-08-16 19:32:58.701,0.80,0.86,28,0.0,0.0,0.089,-34.0,-34,HAYIR,HAYIR
2026-08-16 19:32:58.721,0.80,0.86,28,0.0,0.0,0.089,-34.2,-34,HAYIR,HAYIR
2026-08-16 19:32:58.741,0.80,0.86,28,0.0,0.0,0.089,-34.2,-34,HAYIR,HAYIR
2026-08-16 19:32:58.761,0.80,0.86,28,0.0,0.0,0.089,-34.2,-34,HAYIR,HAYIR
2026-08-16 19:32:58.781,0.80,0.86,28,0.0,0.0,0.089,-34.2,-34,HAYIR,HAYIR
2026-08-16 19:32:58.801,0.80,0.86,28,0.0,0.0,0.089,-34.2,-34,HAYIR,HAYIR
2026-08-16 19:32:58.821,0.80,0.86,28,0.0,0.0,0.090,-34.6,-35,HAYIR,HAYIR
2026-08-16 19:32:58.841,0.80,0.86,28,0.0,0.0,0.090,-34.6,-35,HAYIR,HAYIR
2026-08-16 19:32:58.861,0.80,0.86,28,0.0,0.0,0.090,-34.6,-35,HAYIR,HAYIR
2026-08-16 19:32:58.881,0.80,0.92,28,0.0,0.0,0.090,-34.6,-35,HAYIR,HAYIR
2026-08-16 19:32:58.901,0.80,0.92,28,0.0,0.0,0.090,-34.6,-35,HAYIR,HAYIR
2026-08-16 19:32:58.921,0.80,0.92,28,0.0,0.0,0.091,-35.0,-35,HAYIR,HAYIR
2026-08-16 19:32:58.941,0.80,0.92,28,0.0,0.0,0.091,-35.0,-35,HAYIR,HAYIR
2026-08-16 19:32:58.961,0.80,0.92,28,0.0,0.0,0.091,-35.0,-35,HAYIR,HAYIR
2026-08-16 19:32:58.981,0.80,0.92,28,0.0,0.0,0.104,-39.8,-36,HAYIR,HAYIR
2026-08-16 19:32:59.001,0.80,0.92,28,0.0,0.0,0.104,-39.8,-37,HAYIR,HAYIR
2026-08-16 19:32:59.021,0.80,0.92,28,0.0,0.0,0.104,-39.7,-39,HAYIR,HAYIR
2026-08-16 19:32:59.041,0.80,0.92,28,0.0,0.0,0.104,-39.7,-40,HAYIR,HAYIR
2026-08-16 19:32:59.061,0.80,0.92,28,0.0,0.0,0.104,-39.7,-40,HAYIR,HAYIR
2026-08-16 19:32:59.081,0.80,0.92,28,0.0,0.0,0.104,-39.7,-40,HAYIR,HAYIR
2026-08-16 19:32:59.101,0.80,0.92,28,0.0,0.0,0.104,-39.7,-40,HAYIR,HAYIR
2026-08-16 19:32:59.121,0.80,0.92,28,0.0,0.0,0.105,-40.2,-40,HAYIR,HAYIR
2026-08-16 19:32:59.141,0.80,0.92,28,0.0,0.0,0.105,-40.2,-40,HAYIR,HAYIR
2026-08-16 19:32:59.161,0.80,0.92,28,0.0,0.0,0.105,-40.2,-40,HAYIR,HAYIR
2026-08-16 19:32:59.181,0.80,0.92,28,0.0,0.0,0.105,-40.2,-40,HAYIR,HAYIR
2026-08-16 19:32:59.201,0.80,0.94,28,0.0,0.0,0.105,-40.2,-40,HAYIR,HAYIR
2026-08-16 19:32:59.221,0.80,0.94,28,0.0,0.0,0.106,-40.5,-41,HAYIR,HAYIR
2026-08-16 19:32:59.241,0.80,0.94,28,0.0,0.0,0.106,-40.5,-41,HAYIR,HAYIR
2026-08-16 19:32:59.261,0.80,0.94,28,0.0,0.0,0.106,-40.5,-41,HAYIR,HAYIR
2026-08-16 19:32:59.281,0.80,0.94,28,0.0,0.0,0.105,-39.9,-40,HAYIR,HAYIR
2026-08-16 19:32:59.301,0.80,0.94,28,0.0,0.0,0.105,-39.9,-40,HAYIR,HAYIR
2026-08-16 19:32:59.321,0.80,0.94,28,0.0,0.0,0.105,-40.0,-40,HAYIR,HAYIR
2026-08-16 19:32:59.341,0.80,0.94,28,0.0,0.0,0.105,-40.0,-40,HAYIR,HAYIR
2026-08-16 19:32:59.361,0.80,0.94,28,0.0,0.0,0.105,-40.0,-40,HAYIR,HAYIR
2026-08-16 19:32:59.381,0.80,0.94,28,0.0,0.0,0.105,-40.0,-40,HAYIR,HAYIR
2026-08-16 19:32:59.401,0.80,0.94,28,0.0,0.0,0.105,-40.0,-40,HAYIR,HAYIR
2026-08-16 19:32:59.421,0.80,0.94,28,0.0,0.0,0.105,-40.2,-40,HAYIR,HAYIR
2026-08-16 19:32:59.441,0.80,0.94,28,0.0,0.0,0.105,-40.2,-40,HAYIR,HAYIR
2026-08-16 19:32:59.461,0.80,0.94,28,0.0,0.0,0.105,-40.2,-40,HAYIR,HAYIR
2026-08-16 19:32:59.481,0.80,0.94,28,0.0,0.0,0.105,-40.1,-40,HAYIR,HAYIR
2026-08-16 19:32:59.501,0.80,0.94,28,0.0,0.0,0.105,-40.1,-40,HAYIR,HAYIR
2026-08-16 19:32:59.521,0.80,0.94,28,0.0,0.0,0.105,-40.1,-40,HAYIR,HAYIR
2026-08-16 19:32:59.541,0.80,0.91,28,0.0,0.0,0.105,-40.1,-40,HAYIR,HAYIR
2026-08-16 19:32:59.561,0.80,0.91,28,0.0,0.0,0.105,-40.1,-40,HAYIR,HAYIR
2026-08-16 19:32:59.581,0.80,0.91,28,0.0,0.0,0.105,-40.1,-40,HAYIR,HAYIR
2026-08-16 19:32:59.601,0.80,0.91,28,0.0,0.0,0.105,-40.1,-40,HAYIR,HAYIR
2026-08-16 19:32:59.621,0.80,0.91,28,0.0,0.0,0.104,-39.7,-40,HAYIR,HAYIR
2026-08-16 19:32:59.641,0.80,0.91,28,0.0,0.0,0.104,-39.7,-40,HAYIR,HAYIR
2026-08-16 19:32:59.661,0.80,0.91,28,0.0,0.0,0.104,-39.7,-40,HAYIR,HAYIR
2026-08-16 19:32:59.681,0.80,0.91,28,0.0,0.0,0.104,-39.7,-40,HAYIR,HAYIR
2026-08-16 19:32:59.701,0.80,0.91,28,0.0,0.0,0.104,-39.7,-40,HAYIR,HAYIR
2026-08-16 19:32:59.721,0.80,0.91,28,0.0,0.0,0.104,-39.7,-40,HAYIR,HAYIR
2026-08-16 19:32:59.741,0.80,0.91,28,0.0,0.0,0.104,-39.7,-40,HAYIR,HAYIR
2026-08-16 19:32:59.761,0.80,0.91,28,0.0,0.0,0.104,-39.7,-40,HAYIR,HAYIR
2026-08-16 19:32:59.781,0.80,0.91,28,0.0,0.0,0.104,-39.7,-40,HAYIR,HAYIR
2026-08-16 19:32:59.801,0.80,0.91,28,0.0,0.0,0.104,-39.7,-40,HAYIR,HAYIR
2026-08-16 19:32:59.821,0.80,0.91,28,0.0,0.0,0.104,-39.6,-40,HAYIR,HAYIR
2026-08-16 19:32:59.841,0.80,0.91,28,0.0,0.0,0.104,-39.6,-40,HAYIR,HAYIR
2026-08-16 19:32:59.861,0.80,0.89,28,0.0,0.0,0.104,-39.6,-40,HAYIR,HAYIR
2026-08-16 19:32:59.881,0.80,0.89,28,0.0,0.0,0.104,-39.5,-40,HAYIR,HAYIR
2026-08-16 19:32:59.901,0.80,0.89,28,0.0,0.0,0.104,-39.5,-40,HAYIR,HAYIR
2026-08-16 19:32:59.921,0.80,0.89,28,0.0,0.0,0.106,-40.4,-40,HAYIR,HAYIR
2026-08-16 19:32:59.941,0.80,0.89,28,0.0,0.0,0.106,-40.4,-40,HAYIR,HAYIR
2026-08-16 19:32:59.961,0.80,0.89,28,0.0,0.0,0.106,-40.4,-40,HAYIR,HAYIR
2026-08-16 19:32:59.981,0.80,0.89,28,0.0,0.0,0.107,-40.6,-41,HAYIR,HAYIR
2026-08-16 19:33:00.001,0.80,0.89,28,0.0,0.0,0.107,-40.6,-41,HAYIR,HAYIR
2026-08-16 19:33:00.021,0.80,0.89,28,0.0,0.0,0.090,-34.6,-39,HAYIR,HAYIR
2026-08-16 19:33:00.041,0.80,0.89,28,0.0,0.0,0.090,-34.6,-38,HAYIR,HAYIR
2026-08-16 19:33:00.061,0.80,0.89,28,0.0,0.0,0.090,-34.6,-37,HAYIR,HAYIR
2026-08-16 19:33:00.081,0.80,0.89,28,0.0,0.0,0.090,-34.6,-36,HAYIR,HAYIR
2026-08-16 19:33:00.101,0.80,0.89,28,0.0,0.0,0.090,-34.6,-35,HAYIR,HAYIR
2026-08-16 19:33:00.121,0.80,0.89,28,0.0,0.0,0.090,-34.3,-34,HAYIR,HAYIR
2026-08-16 19:33:00.141,0.80,0.89,28,0.0,0.0,0.090,-34.3,-34,HAYIR,HAYIR
2026-08-16 19:33:00.161,0.80,0.89,28,0.0,0.0,0.090,-34.3,-34,HAYIR,HAYIR
2026-08-16 19:33:00.181,0.80,0.89,28,0.0,0.0,0.090,-34.3,-34,HAYIR,HAYIR
2026-08-16 19:33:00.201,0.80,0.89,28,0.0,0.0,0.090,-34.3,-34,HAYIR,HAYIR
2026-08-16 19:33:00.221,0.80,0.89,28,0.0,0.0,0.089,-34.1,-34,HAYIR,HAYIR
2026-08-16 19:33:00.241,0.80,0.84,28,0.0,0.0,0.089,-34.1,-34,HAYIR,HAYIR
2026-08-16 19:33:00.261,0.80,0.84,28,0.0,0.0,0.089,-34.1,-34,HAYIR,HAYIR
2026-08-16 19:33:00.281,0.80,0.84,28,0.0,0.0,0.089,-34.0,-34,HAYIR,HAYIR
2026-08-16 19:33:00.301,0.80,0.84,28,0.0,0.0,0.089,-34.0,-34,HAYIR,HAYIR
2026-08-16 19:33:00.321,0.80,0.84,28,0.0,0.0,0.093,-35.4,-35,HAYIR,HAYIR
2026-08-16 19:33:00.341,0.80,0.84,28,0.0,0.0,0.093,-35.4,-35,HAYIR,HAYIR
2026-08-16 19:33:00.361,0.80,0.84,28,0.0,0.0,0.093,-35.4,-35,HAYIR,HAYIR
2026-08-16 19:33:00.381,0.80,0.84,28,0.0,0.0,0.093,-35.4,-35,HAYIR,HAYIR
2026-08-16 19:33:00.401,0.80,0.84,28,0.0,0.0,0.093,-35.4,-35,HAYIR,HAYIR
2026-08-16 19:33:00.421,0.80,0.84,28,0.0,0.0,0.092,-35.2,-35,HAYIR,HAYIR
2026-08-16 19:33:00.441,0.80,0.84,28,0.0,0.0,0.092,-35.2,-35,HAYIR,HAYIR
2026-08-16 19:33:00.461,0.80,0.84,28,0.0,0.0,0.092,-35.2,-35,HAYIR,HAYIR
2026-08-16 19:33:00.481,0.80,0.84,28,0.0,0.0,0.092,-35.2,-35,HAYIR,HAYIR
2026-08-16 19:33:00.501,0.80,0.84,28,0.0,0.0,0.092,-35.2,-35,HAYIR,HAYIR
2026-08-16 19:33:00.521,0.80,0.84,28,0.0,0.0,0.091,-35.0,-35,HAYIR,HAYIR
2026-08-16 19:33:00.541,0.80,0.84,28,0.0,0.0,0.091,-35.0,-35,HAYIR,HAYIR
2026-08-16 19:33:00.561,0.80,0.78,36,0.0,0.0,0.091,-35.0,-35,HAYIR,HAYIR
2026-08-16 19:33:00.581,0.80,0.78,33,0.0,0.0,0.091,-35.0,-35,HAYIR,HAYIR
2026-08-16 19:33:00.601,0.80,0.78,33,0.0,0.0,0.091,-35.0,-35,HAYIR,HAYIR
2026-08-16 19:33:00.621,0.80,0.78,33,0.0,0.0,0.097,-37.1,-36,HAYIR,HAYIR
2026-08-16 19:33:00.641,0.80,0.78,33,0.0,0.0,0.097,-37.1,-37,HAYIR,HAYIR
2026-08-16 19:33:00.661,0.80,0.78,33,0.0,0.0,0.097,-37.1,-37,HAYIR,HAYIR
2026-08-16 19:33:00.681,0.80,0.78,33,0.0,0.0,0.098,-37.3,-37,HAYIR,HAYIR
2026-08-16 19:33:00.701,0.80,0.78,33,0.0,0.0,0.098,-37.3,-37,HAYIR,HAYIR
2026-08-16 19:33:00.721,0.80,0.78,33,0.0,0.0,0.098,-37.6,-38,HAYIR,HAYIR
2026-08-16 19:33:00.741,0.80,0.78,33,0.0,0.0,0.098,-37.6,-38,HAYIR,HAYIR
2026-08-16 19:33:00.761,0.80,0.78,33,0.0,0.0,0.098,-37.6,-38,HAYIR,HAYIR
2026-08-16 19:33:00.781,0.80,0.78,33,0.0,0.0,0.098,-37.6,-38,HAYIR,HAYIR
2026-08-16 19:33:00.801,0.80,0.78,33,0.0,0.0,0.098,-37.6,-38,HAYIR,HAYIR
2026-08-16 19:33:00.821,0.80,0.78,33,0.0,0.0,0.098,-37.3,-37,HAYIR,HAYIR
2026-08-16 19:33:00.841,0.80,0.78,33,0.0,0.0,0.098,-37.3,-37,HAYIR,HAYIR
2026-08-16 19:33:00.861,0.80,0.78,33,0.0,0.0,0.098,-37.3,-37,HAYIR,HAYIR
2026-08-16 19:33:00.881,0.80,0.73,35,0.0,0.0,0.098,-37.3,-37,HAYIR,HAYIR
2026-08-16 19:33:00.901,0.80,0.73,34,0.0,0.0,0.098,-37.3,-37,HAYIR,HAYIR
2026-08-16 19:33:00.921,0.80,0.73,34,0.0,0.0,0.105,-40.0,-38,HAYIR,HAYIR
2026-08-16 19:33:00.941,0.80,0.73,34,0.0,0.0,0.105,-40.0,-40,HAYIR,HAYIR
2026-08-16 19:33:00.961,0.80,0.73,34,0.0,0.0,0.105,-40.0,-40,HAYIR,HAYIR
2026-08-16 19:33:00.981,0.80,0.73,34,0.0,0.0,0.106,-40.6,-41,HAYIR,HAYIR
2026-08-16 19:33:01.001,0.80,0.73,34,0.0,0.0,0.106,-40.6,-41,HAYIR,HAYIR
2026-08-16 19:33:01.021,0.80,0.73,34,0.0,0.0,0.116,-44.1,-42,HAYIR,HAYIR
2026-08-16 19:33:01.041,0.80,0.73,34,0.0,0.0,0.116,-44.1,-43,HAYIR,HAYIR
2026-08-16 19:33:01.061,0.80,0.73,34,0.1,0.0,0.116,-44.1,-44,HAYIR,HAYIR
2026-08-16 19:33:01.081,0.80,0.73,34,0.1,0.0,0.117,-44.3,-44,HAYIR,HAYIR
2026-08-16 19:33:01.101,0.80,0.73,34,0.1,0.0,0.117,-44.3,-44,HAYIR,HAYIR
2026-08-16 19:33:01.121,0.80,0.73,34,0.1,0.0,0.116,-44.3,-44,HAYIR,HAYIR
2026-08-16 19:33:01.141,0.80,0.73,34,0.1,0.0,0.116,-44.3,-44,HAYIR,HAYIR
2026-08-16 19:33:01.161,0.80,0.73,34,0.1,0.0,0.116,-44.3,-44,HAYIR,HAYIR
2026-08-16 19:33:01.181,0.80,0.73,34,0.1,0.0,0.117,-44.5,-44,HAYIR,HAYIR
2026-08-16 19:33:01.201,0.80,0.67,36,0.1,0.0,0.117,-44.5,-44,HAYIR,HAYIR
2026-08-16 19:33:01.221,0.80,0.67,34,0.1,0.0,0.117,-44.4,-44,HAYIR,HAYIR
2026-08-16 19:33:01.241,0.80,0.67,34,0.1,0.0,0.117,-44.4,-44,HAYIR,HAYIR
2026-08-16 19:33:01.261,0.80,0.67,34,0.1,0.0,0.117,-44.4,-44,HAYIR,HAYIR
2026-08-16 19:33:01.281,0.80,0.67,34,0.1,0.0,0.122,-46.4,-46,HAYIR,HAYIR
2026-08-16 19:33:01.301,0.80,0.67,34,0.1,0.0,0.122,-46.4,-46,HAYIR,HAYIR
2026-08-16 19:33:01.321,0.80,0.67,34,0.1,0.0,0.124,-47.0,-47,HAYIR,HAYIR
2026-08-16 19:33:01.341,0.80,0.67,34,0.1,0.0,0.124,-47.0,-47,HAYIR,HAYIR
2026-08-16 19:33:01.361,0.80,0.67,34,0.1,0.0,0.124,-47.0,-47,HAYIR,HAYIR
2026-08-16 19:33:01.381,0.80,0.67,34,0.1,0.0,0.125,-47.3,-47,HAYIR,HAYIR
2026-08-16 19:33:01.401,0.80,0.67,34,0.1,0.0,0.125,-47.3,-47,HAYIR,HAYIR
2026-08-16 19:33:01.421,0.80,0.67,34,0.1,0.0,0.125,-47.3,-47,HAYIR,HAYIR
2026-08-16 19:33:01.441,0.80,0.67,34,0.1,0.0,0.125,-47.3,-47,HAYIR,HAYIR
2026-08-16 19:33:01.461,0.80,0.67,34,0.1,0.0,0.125,-47.3,-47,HAYIR,HAYIR
2026-08-16 19:33:01.481,0.80,0.67,34,0.1,0.0,0.125,-47.4,-47,HAYIR,HAYIR
2026-08-16 19:33:01.501,0.80,0.67,34,0.1,0.0,0.125,-47.4,-47,HAYIR,HAYIR
2026-08-16 19:33:01.521,0.80,0.63,36,0.1,0.0,0.125,-47.4,-47,HAYIR,HAYIR
2026-08-16 19:33:01.541,0.80,0.63,34,0.1,0.0,0.125,-47.4,-47,HAYIR,HAYIR
2026-08-16 19:33:01.561,0.80,0.63,34,0.1,0.0,0.125,-47.4,-47,HAYIR,HAYIR
2026-08-16 19:33:01.581,0.80,0.63,34,0.1,0.0,0.125,-47.6,-48,HAYIR,HAYIR
2026-08-16 19:33:01.601,0.80,0.63,34,0.1,0.0,0.125,-47.6,-48,HAYIR,HAYIR
2026-08-16 19:33:01.621,0.80,0.63,34,0.2,0.0,0.133,-50.1,-49,HAYIR,HAYIR
2026-08-16 19:33:01.641,0.80,0.63,34,0.2,0.0,0.133,-50.1,-50,HAYIR,HAYIR
2026-08-16 19:33:01.661,0.80,0.63,34,0.2,0.0,0.133,-50.1,-50,HAYIR,HAYIR
2026-08-16 19:33:01.681,0.80,0.63,34,0.2,0.0,0.134,-50.5,-51,HAYIR,HAYIR
2026-08-16 19:33:01.701,0.80,0.63,34,0.2,0.0,0.134,-50.5,-51,HAYIR,HAYIR
2026-08-16 19:33:01.721,0.80,0.63,34,0.2,0.0,0.134,-50.6,-51,HAYIR,HAYIR
2026-08-16 19:33:01.741,0.80,0.63,34,0.2,0.0,0.134,-50.6,-51,HAYIR,HAYIR
2026-08-16 19:33:01.761,0.80,0.63,34,0.2,0.0,0.134,-50.6,-51,HAYIR,HAYIR
2026-08-16 19:33:01.781,0.80,0.63,34,0.2,0.0,0.134,-50.7,-51,HAYIR,HAYIR
2026-08-16 19:33:01.801,0.80,0.63,34,0.2,0.0,0.134,-50.7,-51,HAYIR,HAYIR
2026-08-16 19:33:01.821,0.80,0.63,34,0.2,0.0,0.134,-50.8,-51,HAYIR,HAYIR
2026-08-16 19:33:01.841,0.80,0.63,34,0.2,0.0,0.134,-50.8,-51,HAYIR,HAYIR
2026-08-16 19:33:01.861,0.80,0.63,34,0.2,0.0,0.134,-50.8,-51,HAYIR,HAYIR
2026-08-16 19:33:01.881,0.80,0.63,34,0.2,0.0,0.135,-51.0,-51,HAYIR,HAYIR
2026-08-16 19:33:01.901,0.80,0.61,35,0.2,0.0,0.135,-51.0,-51,HAYIR,HAYIR
2026-08-16 19:33:01.921,0.80,0.61,34,0.2,0.0,0.135,-51.0,-51,HAYIR,HAYIR
2026-08-16 19:33:01.941,0.80,0.61,34,0.2,0.0,0.135,-51.0,-51,HAYIR,HAYIR
2026-08-16 19:33:01.961,0.80,0.61,34,0.2,0.0,0.135,-51.0,-51,HAYIR,HAYIR
2026-08-16 19:33:01.981,0.80,0.61,35,0.2,0.0,0.139,-52.6,-52,HAYIR,HAYIR
2026-08-16 19:33:02.001,0.80,0.61,35,0.2,0.0,0.139,-52.6,-53,HAYIR,HAYIR
2026-08-16 19:33:02.021,0.80,0.61,35,0.2,0.0,0.129,-49.0,-51,HAYIR,HAYIR
2026-08-16 19:33:02.041,0.80,0.61,35,0.2,0.0,0.129,-49.0,-50,HAYIR,HAYIR
2026-08-16 19:33:02.061,0.80,0.61,34,0.2,0.0,0.129,-49.0,-49,HAYIR,HAYIR
2026-08-16 19:33:02.081,0.80,0.61,34,0.2,0.0,0.130,-49.2,-49,HAYIR,HAYIR
2026-08-16 19:33:02.101,0.80,0.61,35,0.2,0.0,0.130,-49.2,-49,HAYIR,HAYIR
2026-08-16 19:33:02.121,0.80,0.61,35,0.2,0.0,0.130,-49.2,-49,HAYIR,HAYIR
2026-08-16 19:33:02.141,0.80,0.61,35,0.2,0.0,0.130,-49.2,-49,HAYIR,HAYIR
2026-08-16 19:33:02.161,0.80,0.61,35,0.2,0.0,0.130,-49.2,-49,HAYIR,HAYIR
2026-08-16 19:33:02.181,0.80,0.61,35,0.2,0.0,0.130,-49.3,-49,HAYIR,HAYIR
2026-08-16 19:33:02.201,0.80,0.61,35,0.2,0.0,0.130,-49.3,-49,HAYIR,HAYIR
2026-08-16 19:33:02.221,0.80,0.61,35,0.2,0.0,0.129,-49.0,-49,HAYIR,HAYIR
2026-08-16 19:33:02.241,0.80,0.61,35,0.2,0.0,0.129,-49.0,-49,HAYIR,HAYIR
2026-08-16 19:33:02.261,0.80,0.61,35,0.2,0.0,0.129,-49.0,-49,HAYIR,HAYIR
2026-08-16 19:33:02.281,0.80,0.61,35,0.2,0.0,0.130,-49.1,-49,HAYIR,HAYIR
2026-08-16 19:33:02.301,0.80,0.61,35,0.2,0.0,0.130,-49.1,-49,HAYIR,HAYIR
2026-08-16 19:33:02.321,0.80,0.61,35,0.1,0.0,0.128,-48.5,-48,HAYIR,HAYIR
2026-08-16 19:33:02.341,0.80,0.61,35,0.1,0.0,0.128,-48.5,-48,HAYIR,HAYIR
2026-08-16 19:33:02.361,0.80,0.61,35,0.1,0.0,0.128,-48.5,-48,HAYIR,HAYIR
2026-08-16 19:33:02.381,0.80,0.61,35,0.2,0.0,0.128,-48.5,-49,HAYIR,HAYIR
2026-08-16 19:33:02.401,0.80,0.61,35,0.2,0.0,0.128,-48.5,-49,HAYIR,HAYIR
2026-08-16 19:33:02.421,0.80,0.61,35,0.1,0.0,0.128,-48.5,-48,HAYIR,HAYIR
2026-08-16 19:33:02.441,0.80,0.61,35,0.1,0.0,0.128,-48.5,-48,HAYIR,HAYIR
2026-08-16 19:33:02.461,0.80,0.61,35,0.1,0.0,0.128,-48.5,-48,HAYIR,HAYIR
2026-08-16 19:33:02.481,0.80,0.61,35,0.1,0.0,0.128,-48.5,-48,HAYIR,HAYIR
2026-08-16 19:33:02.501,0.80,0.61,35,0.1,0.0,0.128,-48.5,-48,HAYIR,HAYIR
2026-08-16 19:33:02.521,0.80,0.61,35,0.1,0.0,0.127,-48.2,-48,HAYIR,HAYIR
2026-08-16 19:33:02.541,0.80,0.63,34,0.1,0.0,0.127,-48.2,-48,HAYIR,HAYIR
2026-08-16 19:33:02.561,0.80,0.63,35,0.1,0.0,0.127,-48.2,-48,HAYIR,HAYIR
2026-08-16 19:33:02.581,0.80,0.63,35,0.1,0.0,0.127,-48.3,-48,HAYIR,HAYIR
2026-08-16 19:33:02.601,0.80,0.63,35,0.1,0.0,0.127,-48.3,-48,HAYIR,HAYIR
2026-08-16 19:33:02.621,0.80,0.63,35,0.1,0.0,0.121,-46.1,-47,HAYIR,HAYIR
2026-08-16 19:33:02.641,0.80,0.63,35,0.1,0.0,0.121,-46.1,-46,HAYIR,HAYIR
2026-08-16 19:33:02.661,0.80,0.63,35,0.1,0.0,0.121,-46.1,-46,HAYIR,HAYIR
2026-08-16 19:33:02.681,0.80,0.63,35,0.1,0.0,0.121,-46.1,-46,HAYIR,HAYIR
2026-08-16 19:33:02.701,0.80,0.63,35,0.1,0.0,0.121,-46.1,-46,HAYIR,HAYIR
2026-08-16 19:33:02.721,0.80,0.63,35,0.1,0.0,0.121,-45.9,-46,HAYIR,HAYIR
2026-08-16 19:33:02.741,0.80,0.63,35,0.1,0.0,0.121,-45.9,-46,HAYIR,HAYIR
2026-08-16 19:33:02.761,0.80,0.63,35,0.1,0.0,0.121,-45.9,-46,HAYIR,HAYIR
2026-08-16 19:33:02.781,0.80,0.63,35,0.1,0.0,0.121,-45.8,-46,HAYIR,HAYIR
2026-08-16 19:33:02.801,0.80,0.63,35,0.1,0.0,0.121,-45.8,-46,HAYIR,HAYIR
2026-08-16 19:33:02.821,0.80,0.63,35,0.1,0.0,0.120,-45.6,-46,HAYIR,HAYIR
2026-08-16 19:33:02.841,0.80,0.63,35,0.1,0.0,0.120,-45.6,-46,HAYIR,HAYIR
2026-08-16 19:33:02.861,0.80,0.68,32,0.1,0.0,0.120,-45.6,-46,HAYIR,HAYIR
2026-08-16 19:33:02.881,0.80,0.68,34,0.1,0.0,0.120,-45.5,-45,HAYIR,HAYIR
2026-08-16 19:33:02.901,0.80,0.68,34,0.1,0.0,0.120,-45.5,-45,HAYIR,HAYIR
2026-08-16 19:33:02.921,0.80,0.68,34,0.1,0.0,0.109,-41.6,-44,HAYIR,HAYIR
2026-08-16 19:33:02.941,0.80,0.68,34,0.0,0.0,0.109,-41.6,-43,HAYIR,HAYIR
2026-08-16 19:33:02.961,0.80,0.68,34,0.0,0.0,0.109,-41.6,-42,HAYIR,HAYIR
2026-08-16 19:33:02.981,0.80,0.68,34,0.0,0.0,0.108,-41.2,-41,HAYIR,HAYIR
2026-08-16 19:33:03.001,0.80,0.68,34,0.0,0.0,0.108,-41.2,-41,HAYIR,HAYIR
2026-08-16 19:33:03.021,0.80,0.68,34,0.0,0.0,0.107,-40.7,-41,HAYIR,HAYIR
2026-08-16 19:33:03.041,0.80,0.68,34,0.0,0.0,0.107,-40.7,-41,HAYIR,HAYIR
2026-08-16 19:33:03.061,0.80,0.68,34,0.0,0.0,0.107,-40.7,-41,HAYIR,HAYIR
2026-08-16 19:33:03.081,0.80,0.68,34,0.0,0.0,0.098,-37.6,-39,HAYIR,HAYIR
2026-08-16 19:33:03.101,0.80,0.68,34,0.0,0.0,0.098,-37.6,-38,HAYIR,HAYIR
2026-08-16 19:33:03.121,0.80,0.68,34,0.0,0.0,0.097,-37.1,-37,HAYIR,HAYIR
2026-08-16 19:33:03.141,0.80,0.68,34,0.0,0.0,0.097,-37.1,-37,HAYIR,HAYIR
2026-08-16 19:33:03.161,0.80,0.68,34,0.0,0.0,0.097,-37.1,-37,HAYIR,HAYIR
2026-08-16 19:33:03.181,0.80,0.73,32,0.0,0.0,0.097,-36.9,-37,HAYIR,HAYIR
2026-08-16 19:33:03.201,0.80,0.73,34,0.0,0.0,0.097,-36.9,-37,HAYIR,HAYIR
2026-08-16 19:33:03.221,0.80,0.73,34,0.0,0.0,0.096,-36.6,-37,HAYIR,HAYIR
2026-08-16 19:33:03.241,0.80,0.73,34,0.0,0.0,0.096,-36.6,-37,HAYIR,HAYIR
2026-08-16 19:33:03.261,0.80,0.73,34,0.0,0.0,0.096,-36.6,-37,HAYIR,HAYIR
2026-08-16 19:33:03.281,0.80,0.73,34,0.0,0.0,0.084,-32.2,-35,HAYIR,HAYIR
2026-08-16 19:33:03.301,0.80,0.73,34,0.0,0.0,0.084,-32.2,-34,HAYIR,HAYIR
2026-08-16 19:33:03.321,0.80,0.73,34,0.0,0.0,0.081,-31.2,-33,HAYIR,HAYIR
2026-08-16 19:33:03.341,0.80,0.73,34,0.0,0.0,0.081,-31.2,-32,HAYIR,HAYIR
2026-08-16 19:33:03.361,0.80,0.73,34,0.0,0.0,0.081,-31.2,-31,HAYIR,HAYIR
2026-08-16 19:33:03.381,0.80,0.73,34,0.0,0.0,0.081,-30.9,-31,HAYIR,HAYIR
2026-08-16 19:33:03.401,0.80,0.73,34,0.0,0.0,0.081,-30.9,-31,HAYIR,HAYIR
2026-08-16 19:33:03.421,0.80,0.73,34,0.0,0.0,0.079,-30.4,-30,HAYIR,HAYIR
2026-08-16 19:33:03.441,0.80,0.73,34,0.0,0.0,0.079,-30.4,-30,HAYIR,HAYIR
2026-08-16 19:33:03.461,0.80,0.73,34,0.0,0.0,0.079,-30.4,-30,HAYIR,HAYIR
2026-08-16 19:33:03.481,0.80,0.73,34,0.0,0.0,0.078,-30.0,-30,HAYIR,HAYIR
2026-08-16 19:33:03.501,0.80,0.73,34,0.0,0.0,0.078,-30.0,-30,HAYIR,HAYIR
2026-08-16 19:33:03.521,0.80,0.73,34,0.0,0.0,0.077,-29.7,-30,HAYIR,HAYIR
2026-08-16 19:33:03.541,0.80,0.73,34,0.0,0.0,0.077,-29.7,-30,HAYIR,HAYIR
2026-08-16 19:33:03.561,0.80,0.73,34,0.0,0.0,0.077,-29.7,-30,HAYIR,HAYIR
2026-08-16 19:33:03.581,0.80,0.78,32,0.0,0.0,0.077,-29.5,-30,HAYIR,HAYIR
2026-08-16 19:33:03.601,0.80,0.78,34,0.0,0.0,0.077,-29.5,-30,HAYIR,HAYIR
2026-08-16 19:33:03.621,0.80,0.78,34,0.0,0.0,0.068,-26.3,-28,HAYIR,HAYIR
2026-08-16 19:33:03.641,0.80,0.78,34,0.0,0.0,0.068,-26.3,-27,HAYIR,HAYIR
2026-08-16 19:33:03.661,0.80,0.78,34,0.0,0.0,0.068,-26.3,-26,HAYIR,HAYIR
2026-08-16 19:33:03.681,0.80,0.78,34,0.0,0.0,0.067,-25.7,-26,HAYIR,HAYIR
2026-08-16 19:33:03.701,0.80,0.78,34,0.0,0.0,0.067,-25.7,-26,HAYIR,HAYIR
2026-08-16 19:33:03.721,0.80,0.78,34,0.0,0.0,0.065,-25.1,-25,HAYIR,HAYIR
2026-08-16 19:33:03.741,0.80,0.78,34,0.0,0.0,0.065,-25.1,-25,HAYIR,HAYIR
2026-08-16 19:33:03.761,0.80,0.78,34,0.0,0.0,0.065,-25.1,-25,HAYIR,HAYIR
2026-08-16 19:33:03.781,0.80,0.78,34,0.0,0.0,0.065,-24.8,-25,HAYIR,HAYIR
2026-08-16 19:33:03.801,0.80,0.78,34,0.0,0.0,0.065,-24.8,-25,HAYIR,HAYIR
2026-08-16 19:33:03.821,0.80,0.78,34,0.0,0.0,0.064,-24.6,-25,HAYIR,HAYIR
2026-08-16 19:33:03.841,0.80,0.78,34,0.0,0.0,0.064,-24.6,-25,HAYIR,HAYIR
2026-08-16 19:33:03.861,0.80,0.78,34,0.0,0.0,0.064,-24.6,-25,HAYIR,HAYIR
2026-08-16 19:33:03.881,0.80,0.78,34,0.0,0.0,0.063,-24.4,-24,HAYIR,HAYIR
2026-08-16 19:33:03.901,0.80,0.81,28,0.0,0.0,0.063,-24.4,-24,HAYIR,HAYIR
2026-08-16 19:33:03.921,0.80,0.81,28,0.0,0.0,0.063,-24.2,-24,HAYIR,HAYIR
2026-08-16 19:33:03.941,0.80,0.81,28,0.0,0.0,0.063,-24.2,-24,HAYIR,HAYIR
2026-08-16 19:33:03.961,0.80,0.81,28,0.0,0.0,0.063,-24.2,-24,HAYIR,HAYIR
2026-08-16 19:33:03.981,0.80,0.81,28,0.0,0.0,0.057,-22.1,-23,HAYIR,HAYIR
2026-08-16 19:33:04.001,0.80,0.81,28,0.0,0.0,0.057,-22.1,-22,HAYIR,HAYIR
2026-08-16 19:33:04.021,0.80,0.81,28,0.0,0.0,0.056,-21.7,-22,HAYIR,HAYIR
2026-08-16 19:33:04.041,0.80,0.81,28,0.0,0.0,0.056,-21.7,-22,HAYIR,HAYIR
2026-08-16 19:33:04.061,0.80,0.81,28,0.0,0.0,0.056,-21.7,-22,HAYIR,HAYIR
2026-08-16 19:33:04.081,0.80,0.81,28,0.0,0.0,0.055,-21.4,-21,HAYIR,HAYIR
2026-08-16 19:33:04.101,0.80,0.81,28,0.0,0.0,0.055,-21.4,-21,HAYIR,HAYIR
2026-08-16 19:33:04.121,0.80,0.81,28,0.0,0.0,0.083,-31.8,-23,HAYIR,HAYIR
2026-08-16 19:33:04.141,0.80,0.81,28,0.0,0.0,0.083,-31.8,-24,HAYIR,HAYIR
2026-08-16 19:33:04.161,0.80,0.81,28,0.0,0.0,0.083,-31.8,-25,HAYIR,HAYIR
2026-08-16 19:33:04.181,0.80,0.81,28,0.0,0.0,0.083,-31.7,-26,HAYIR,HAYIR
2026-08-16 19:33:04.201,0.80,0.81,28,0.0,0.0,0.083,-31.7,-27,HAYIR,HAYIR
2026-08-16 19:33:04.221,0.80,0.84,28,0.0,0.0,0.083,-31.8,-29,HAYIR,HAYIR
2026-08-16 19:33:04.241,0.80,0.84,28,0.0,0.0,0.083,-31.8,-30,HAYIR,HAYIR
2026-08-16 19:33:04.261,0.80,0.84,28,0.0,0.0,0.083,-31.8,-31,HAYIR,HAYIR
2026-08-16 19:33:04.281,0.80,0.84,28,0.0,0.0,0.079,-30.3,-30,HAYIR,HAYIR
2026-08-16 19:33:04.301,0.80,0.84,28,0.0,0.0,0.079,-30.3,-30,HAYIR,HAYIR
2026-08-16 19:33:04.321,0.80,0.84,28,0.0,0.0,0.078,-30.0,-30,HAYIR,HAYIR
2026-08-16 19:33:04.341,0.80,0.84,28,0.0,0.0,0.078,-30.0,-30,HAYIR,HAYIR
2026-08-16 19:33:04.361,0.80,0.84,28,0.0,0.0,0.078,-30.0,-30,HAYIR,HAYIR
2026-08-16 19:33:04.381,0.80,0.84,28,0.0,0.0,0.078,-29.8,-30,HAYIR,HAYIR
2026-08-16 19:33:04.401,0.80,0.84,28,0.0,0.0,0.078,-29.8,-30,HAYIR,HAYIR
2026-08-16 19:33:04.421,0.80,0.84,28,0.0,0.0,0.077,-29.6,-30,HAYIR,HAYIR
2026-08-16 19:33:04.441,0.80,0.84,28,0.0,0.0,0.077,-29.6,-30,HAYIR,HAYIR
2026-08-16 19:33:04.461,0.80,0.84,28,0.0,0.0,0.077,-29.6,-30,HAYIR,HAYIR
2026-08-16 19:33:04.481,0.80,0.84,28,0.0,0.0,0.077,-29.5,-30,HAYIR,HAYIR
2026-08-16 19:33:04.501,0.80,0.84,28,0.0,0.0,0.077,-29.5,-30,HAYIR,HAYIR
2026-08-16 19:33:04.521,0.80,0.84,28,0.0,0.0,0.077,-29.5,-29,HAYIR,HAYIR
2026-08-16 19:33:04.541,0.80,0.87,28,0.0,0.0,0.077,-29.5,-29,HAYIR,HAYIR
2026-08-16 19:33:04.561,0.80,0.87,28,0.0,0.0,0.077,-29.5,-29,HAYIR,HAYIR
2026-08-16 19:33:04.581,0.80,0.87,28,0.0,0.0,0.076,-29.3,-29,HAYIR,HAYIR
2026-08-16 19:33:04.601,0.80,0.87,28,0.0,0.0,0.076,-29.3,-29,HAYIR,HAYIR
2026-08-16 19:33:04.621,0.80,0.87,28,0.0,0.0,0.075,-28.7,-29,HAYIR,HAYIR
2026-08-16 19:33:04.641,0.80,0.87,28,0.0,0.0,0.075,-28.7,-29,HAYIR,HAYIR
2026-08-16 19:33:04.661,0.80,0.87,28,0.0,0.0,0.075,-28.7,-29,HAYIR,HAYIR
2026-08-16 19:33:04.681,0.80,0.87,28,0.0,0.0,0.074,-28.5,-29,HAYIR,HAYIR
2026-08-16 19:33:04.701,0.80,0.87,28,0.0,0.0,0.074,-28.5,-29,HAYIR,HAYIR
2026-08-16 19:33:04.721,0.80,0.87,28,0.0,0.0,0.074,-28.4,-28,HAYIR,HAYIR
2026-08-16 19:33:04.741,0.80,0.87,28,0.0,0.0,0.074,-28.4,-28,HAYIR,HAYIR
2026-08-16 19:33:04.761,0.80,0.87,28,0.0,0.0,0.074,-28.4,-28,HAYIR,HAYIR
2026-08-16 19:33:04.781,0.80,0.87,28,0.0,0.0,0.074,-28.3,-28,HAYIR,HAYIR
2026-08-16 19:33:04.801,0.80,0.87,28,0.0,0.0,0.074,-28.3,-28,HAYIR,HAYIR
2026-08-16 19:33:04.821,0.80,0.87,28,0.0,0.0,0.073,-28.0,-28,HAYIR,HAYIR
2026-08-16 19:33:04.841,0.80,0.87,28,0.0,0.0,0.073,-28.0,-28,HAYIR,HAYIR
2026-08-16 19:33:04.861,0.80,0.89,28,0.0,0.0,0.073,-28.0,-28,HAYIR,HAYIR
2026-08-16 19:33:04.881,0.80,0.89,28,0.0,0.0,0.072,-27.8,-28,HAYIR,HAYIR
2026-08-16 19:33:04.901,0.80,0.89,28,0.0,0.0,0.072,-27.8,-28,HAYIR,HAYIR
2026-08-16 19:33:04.921,0.80,0.89,28,0.0,0.0,0.071,-27.1,-27,HAYIR,HAYIR
2026-08-16 19:33:04.941,0.80,0.89,28,0.0,0.0,0.071,-27.1,-27,HAYIR,HAYIR
2026-08-16 19:33:04.961,0.80,0.89,28,0.0,0.0,0.071,-27.1,-27,HAYIR,HAYIR
2026-08-16 19:33:04.981,0.80,0.89,28,0.0,0.0,0.070,-27.0,-27,HAYIR,HAYIR
2026-08-16 19:33:05.001,0.80,0.89,28,0.0,0.0,0.070,-27.0,-27,HAYIR,HAYIR
2026-08-16 19:33:05.021,0.80,0.89,28,0.0,0.0,0.069,-26.7,-27,HAYIR,HAYIR
2026-08-16 19:33:05.041,0.80,0.89,28,0.0,0.0,0.069,-26.7,-27,HAYIR,HAYIR
2026-08-16 19:33:05.061,0.80,0.89,28,0.0,0.0,0.069,-26.7,-27,HAYIR,HAYIR
2026-08-16 19:33:05.081,0.80,0.89,28,0.0,0.0,0.069,-26.5,-27,HAYIR,HAYIR
2026-08-16 19:33:05.101,0.80,0.89,28,0.0,0.0,0.069,-26.5,-27,HAYIR,HAYIR
2026-08-16 19:33:05.121,0.80,0.89,28,0.0,0.0,0.068,-26.3,-26,HAYIR,HAYIR
2026-08-16 19:33:05.141,0.80,0.89,28,0.0,0.0,0.068,-26.3,-26,HAYIR,HAYIR
2026-08-16 19:33:05.161,0.80,0.89,28,0.0,0.0,0.068,-26.3,-26,HAYIR,HAYIR
2026-08-16 19:33:05.181,0.80,0.89,28,0.0,0.0,0.068,-26.1,-26,HAYIR,HAYIR
2026-08-16 19:33:05.201,0.80,0.89,28,0.0,0.0,0.068,-26.1,-26,HAYIR,HAYIR
2026-08-16 19:33:05.221,0.80,0.89,28,0.0,0.0,0.067,-25.9,-26,HAYIR,HAYIR
2026-08-16 19:33:05.241,0.80,0.87,28,0.0,0.0,0.067,-25.9,-26,HAYIR,HAYIR
2026-08-16 19:33:05.261,0.80,0.87,28,0.0,0.0,0.067,-25.9,-26,HAYIR,HAYIR
2026-08-16 19:33:05.281,0.80,0.87,28,0.0,0.0,0.067,-25.7,-26,HAYIR,HAYIR
2026-08-16 19:33:05.301,0.80,0.87,28,0.0,0.0,0.067,-25.7,-26,HAYIR,HAYIR
2026-08-16 19:33:05.321,0.80,0.87,28,0.0,0.0,0.067,-25.7,-26,HAYIR,HAYIR
2026-08-16 19:33:05.341,0.80,0.87,28,0.0,0.0,0.067,-25.7,-26,HAYIR,HAYIR
2026-08-16 19:33:05.361,0.80,0.87,28,0.0,0.0,0.067,-25.7,-26,HAYIR,HAYIR
2026-08-16 19:33:05.381,0.80,0.87,28,0.0,0.0,0.066,-25.4,-25,HAYIR,HAYIR
2026-08-16 19:33:05.401,0.80,0.87,28,0.0,0.0,0.066,-25.4,-25,HAYIR,HAYIR
2026-08-16 19:33:05.421,0.80,0.87,28,0.0,0.0,0.065,-25.1,-25,HAYIR,HAYIR
2026-08-16 19:33:05.441,0.80,0.87,28,0.0,0.0,0.065,-25.1,-25,HAYIR,HAYIR
2026-08-16 19:33:05.461,0.80,0.87,28,0.0,0.0,0.065,-25.1,-25,HAYIR,HAYIR
2026-08-16 19:33:05.481,0.80,0.87,28,0.0,0.0,0.065,-24.9,-25,HAYIR,HAYIR
2026-08-16 19:33:05.501,0.80,0.87,28,0.0,0.0,0.065,-24.9,-25,HAYIR,HAYIR
2026-08-16 19:33:05.521,0.80,0.87,28,0.0,0.0,0.064,-24.7,-25,HAYIR,HAYIR
2026-08-16 19:33:05.541,0.80,0.87,28,0.0,0.0,0.064,-24.7,-25,HAYIR,HAYIR
2026-08-16 19:33:05.561,0.80,0.83,28,0.0,0.0,0.064,-24.7,-25,HAYIR,HAYIR
2026-08-16 19:33:05.581,0.80,0.83,28,0.0,0.0,0.064,-24.5,-25,HAYIR,HAYIR
2026-08-16 19:33:05.601,0.80,0.83,28,0.0,0.0,0.064,-24.5,-25,HAYIR,HAYIR
2026-08-16 19:33:05.621,0.80,0.83,28,0.0,0.0,0.066,-25.5,-25,HAYIR,HAYIR
2026-08-16 19:33:05.641,0.80,0.83,28,0.0,0.0,0.066,-25.5,-25,HAYIR,HAYIR
2026-08-16 19:33:05.661,0.80,0.83,28,0.0,0.0,0.066,-25.5,-25,HAYIR,HAYIR
2026-08-16 19:33:05.681,0.80,0.83,28,0.0,0.0,0.066,-25.4,-25,HAYIR,HAYIR
2026-08-16 19:33:05.701,0.80,0.83,28,0.0,0.0,0.066,-25.4,-25,HAYIR,HAYIR
2026-08-16 19:33:05.721,0.80,0.83,28,0.0,0.0,0.065,-25.1,-25,HAYIR,HAYIR
2026-08-16 19:33:05.741,0.80,0.83,28,0.0,0.0,0.065,-25.1,-25,HAYIR,HAYIR
2026-08-16 19:33:05.761,0.80,0.83,28,0.0,0.0,0.065,-25.1,-25,HAYIR,HAYIR
2026-08-16 19:33:05.781,0.80,0.83,28,0.0,0.0,0.000,-0.0,-24,HAYIR,HAYIR
2026-08-16 19:33:05.801,0.80,0.83,28,0.0,0.0,0.000,-0.0,-23,HAYIR,HAYIR
2026-08-16 19:33:05.821,0.80,0.83,28,0.0,0.0,0.000,-0.0,-21,HAYIR,HAYIR
2026-08-16 19:33:05.841,0.80,0.83,28,0.0,0.0,0.000,-0.0,-20,HAYIR,HAYIR
2026-08-16 19:33:05.861,0.80,0.83,28,0.0,0.0,0.000,-0.0,-19,HAYIR,HAYIR
2026-08-16 19:33:05.881,0.80,0.79,36,0.0,0.0,0.000,-0.0,-18,HAYIR,HAYIR
2026-08-16 19:33:05.901,0.80,0.79,34,0.0,0.0,0.000,-0.0,-17,HAYIR,HAYIR
2026-08-16 19:33:05.921,0.80,0.79,34,0.0,0.0,0.000,-0.0,-15,HAYIR,HAYIR
2026-08-16 19:33:05.941,0.80,0.79,34,0.0,0.0,0.000,-0.0,-14,HAYIR,HAYIR
2026-08-16 19:33:05.961,0.80,0.79,34,0.0,0.0,0.000,-0.0,-13,HAYIR,HAYIR
2026-08-16 19:33:05.981,0.80,0.79,34,0.0,0.0,0.000,-0.0,-12,HAYIR,HAYIR
2026-08-16 19:33:06.001,0.80,0.79,34,0.0,0.0,0.000,-0.0,-11,HAYIR,HAYIR
2026-08-16 19:33:06.021,0.80,0.79,34,0.0,0.0,0.000,-0.0,-9,HAYIR,HAYIR
2026-08-16 19:33:06.041,0.80,0.79,34,0.0,0.0,0.000,-0.0,-8,HAYIR,HAYIR
2026-08-16 19:33:06.061,0.80,0.79,34,0.0,0.0,0.000,-0.0,-7,HAYIR,HAYIR
2026-08-16 19:33:06.081,0.80,0.79,34,0.0,0.0,0.000,-0.0,-6,HAYIR,HAYIR
2026-08-16 19:33:06.101,0.80,0.79,34,0.0,0.0,0.000,-0.0,-5,HAYIR,HAYIR
2026-08-16 19:33:06.121,0.80,0.79,34,0.0,0.0,0.000,-0.0,-3,HAYIR,HAYIR
2026-08-16 19:33:06.141,0.80,0.79,34,0.0,0.0,0.000,-0.0,-2,HAYIR,HAYIR
2026-08-16 19:33:06.161,0.80,0.79,34,0.0,0.0,0.000,-0.0,-1,HAYIR,HAYIR
2026-08-16 19:33:06.181,0.80,0.79,34,0.0,0.0,0.000,-0.0,0,HAYIR,HAYIR
2026-08-16 19:33:06.201,0.80,0.72,37,0.0,0.0,0.000,-0.0,0,HAYIR,HAYIR
2026-08-16 19:33:06.221,0.80,0.72,34,0.0,0.0,0.000,-0.0,0,HAYIR,HAYIR
2026-08-16 19:33:06.241,0.80,0.72,34,0.0,0.0,0.000,-0.0,0,HAYIR,HAYIR
2026-08-16 19:33:06.261,0.80,0.72,34,0.0,0.0,0.000,-0.0,0,HAYIR,HAYIR
2026-08-16 19:33:06.281,0.80,0.72,34,0.0,0.0,0.000,-0.0,0,HAYIR,HAYIR
2026-08-16 19:33:06.301,0.80,0.72,34,0.0,0.0,0.000,-0.0,0,HAYIR,HAYIR
2026-08-16 19:33:06.321,0.80,0.72,34,0.0,0.0,0.000,-0.0,0,HAYIR,HAYIR
2026-08-16 19:33:06.341,0.80,0.72,34,0.0,0.0,0.000,-0.0,0,HAYIR,HAYIR
2026-08-16 19:33:06.361,0.80,0.72,34,0.0,0.0,0.000,-0.0,0,HAYIR,HAYIR
2026-08-16 19:33:06.381,0.80,0.72,34,0.0,0.0,0.000,-0.0,0,HAYIR,HAYIR
2026-08-16 19:33:06.401,0.80,0.72,34,0.0,0.0,0.000,-0.0,0,HAYIR,HAYIR
2026-08-16 19:33:06.421,0.80,0.72,34,0.0,0.0,0.000,-0.0,0,HAYIR,HAYIR
2026-08-16 19:33:06.441,0.80,0.72,34,0.0,0.0,0.000,-0.0,0,HAYIR,HAYIR
2026-08-16 19:33:06.461,0.80,0.72,34,0.0,0.0,0.000,-0.0,0,HAYIR,HAYIR
2026-08-16 19:33:06.481,0.80,0.72,34,0.0,0.0,0.000,-0.0,0,HAYIR,HAYIR
2026-08-16 19:33:06.501,0.80,0.72,34,0.0,0.0,0.000,-0.0,0,HAYIR,HAYIR
2026-08-16 19:33:06.521,0.80,0.65,37,0.0,0.0,0.000,-0.0,0,HAYIR,HAYIR
2026-08-16 19:33:06.541,0.80,0.65,34,0.0,0.0,0.000,-0.0,0,HAYIR,HAYIR
2026-08-16 19:33:06.561,0.80,0.65,34,0.0,0.0,0.000,-0.0,0,HAYIR,HAYIR
2026-08-16 19:33:06.581,0.80,0.65,34,0.0,0.0,0.000,-0.0,0,HAYIR,HAYIR
2026-08-16 19:33:06.601,0.80,0.65,34,0.0,0.0,0.000,-0.0,0,HAYIR,HAYIR
2026-08-16 19:33:06.621,0.80,0.65,34,0.0,0.0,0.000,-0.0,0,HAYIR,HAYIR
2026-08-16 19:33:06.641,0.80,0.65,34,0.0,0.0,0.000,-0.0,0,HAYIR,HAYIR
2026-08-16 19:33:06.661,0.80,0.65,34,0.0,0.0,0.000,-0.0,0,HAYIR,HAYIR
2026-08-16 19:33:06.681,0.80,0.65,34,0.0,0.0,0.000,-0.0,0,HAYIR,HAYIR
2026-08-16 19:33:06.701,0.80,0.65,34,0.0,0.0,0.000,-0.0,0,HAYIR,HAYIR
2026-08-16 19:33:06.721,0.80,0.65,34,0.0,0.0,0.000,-0.0,0,HAYIR,HAYIR
2026-08-16 19:33:06.741,0.80,0.65,34,0.0,0.0,0.000,-0.0,0,HAYIR,HAYIR
2026-08-16 19:33:06.761,0.80,0.65,34,0.0,0.0,0.000,-0.0,0,HAYIR,HAYIR
2026-08-16 19:33:06.781,0.80,0.65,34,0.0,0.0,0.000,-0.0,0,HAYIR,HAYIR
2026-08-16 19:33:06.801,0.80,0.65,34,0.0,0.0,0.000,-0.0,0,HAYIR,HAYIR
2026-08-16 19:33:06.821,0.80,0.65,34,0.0,0.0,0.000,-0.0,0,HAYIR,HAYIR
2026-08-16 19:33:06.841,0.80,0.65,34,0.0,0.0,0.000,-0.0,0,HAYIR,HAYIR
2026-08-16 19:33:06.861,0.80,0.65,34,0.0,0.0,0.000,-0.0,0,HAYIR,HAYIR
2026-08-16 19:33:06.881,0.80,0.65,34,0.0,0.0,0.000,-0.0,0,HAYIR,HAYIR
2026-08-16 19:33:06.901,0.80,0.61,36,0.0,0.0,0.000,-0.0,0,HAYIR,HAYIR
2026-08-16 19:33:06.921,0.80,0.61,35,0.0,0.0,0.000,-0.0,0,HAYIR,HAYIR
2026-08-16 19:33:06.941,0.80,0.61,35,0.0,0.0,0.000,-0.0,0,HAYIR,HAYIR
2026-08-16 19:33:06.961,0.80,0.61,35,0.0,0.0,0.000,-0.0,0,HAYIR,HAYIR
2026-08-16 19:33:06.981,0.80,0.61,35,0.0,0.0,0.000,-0.0,0,HAYIR,HAYIR
2026-08-16 19:33:07.001,0.80,0.61,35,0.0,0.0,0.000,-0.0,0,HAYIR,HAYIR
2026-08-16 19:33:07.021,0.80,0.61,35,0.0,0.0,0.000,-0.0,0,HAYIR,HAYIR
2026-08-16 19:33:07.041,0.80,0.61,35,0.0,0.0,0.000,-0.0,0,HAYIR,HAYIR
2026-08-16 19:33:07.061,0.80,0.61,35,0.0,0.0,0.000,-0.0,0,HAYIR,HAYIR
2026-08-16 19:33:07.081,0.80,0.61,35,0.0,0.0,0.000,-0.0,0,HAYIR,HAYIR
2026-08-16 19:33:07.101,0.80,0.61,35,0.0,0.0,0.000,-0.0,0,HAYIR,HAYIR
2026-08-16 19:33:07.121,0.80,0.61,35,0.0,0.0,0.000,-0.0,0,HAYIR,HAYIR
2026-08-16 19:33:07.141,0.80,0.61,35,0.0,0.0,0.000,-0.0,0,HAYIR,HAYIR
2026-08-16 19:33:07.161,0.80,0.61,35,0.0,0.0,0.000,-0.0,0,HAYIR,HAYIR
2026-08-16 19:33:07.181,0.80,0.61,35,0.0,0.0,0.000,-0.0,0,HAYIR,HAYIR
2026-08-16 19:33:07.201,0.80,0.61,35,0.0,0.0,0.000,-0.0,0,HAYIR,HAYIR
2026-08-16 19:33:07.221,0.80,0.62,35,0.0,0.0,0.000,-0.0,0,HAYIR,HAYIR
2026-08-16 19:33:07.241,0.80,0.62,35,0.0,0.0,0.000,-0.0,0,HAYIR,HAYIR
2026-08-16 19:33:07.261,0.80,0.62,35,0.0,0.0,0.000,-0.0,0,HAYIR,HAYIR
2026-08-16 19:33:07.281,0.80,0.62,35,0.0,0.0,0.000,-0.0,0,HAYIR,HAYIR
2026-08-16 19:33:07.301,0.80,0.62,35,0.0,0.0,0.000,-0.0,0,HAYIR,HAYIR
2026-08-16 19:33:07.321,0.80,0.62,35,0.0,0.0,0.000,-0.0,0,HAYIR,HAYIR
2026-08-16 19:33:07.341,0.80,0.62,35,0.0,0.0,0.000,-0.0,0,HAYIR,HAYIR
2026-08-16 19:33:07.361,0.80,0.62,35,0.0,0.0,0.000,-0.0,0,HAYIR,HAYIR
2026-08-16 19:33:07.381,0.80,0.62,35,0.0,0.0,0.000,-0.0,0,HAYIR,HAYIR
2026-08-16 19:33:07.401,0.80,0.62,35,0.0,0.0,0.000,-0.0,0,HAYIR,HAYIR
2026-08-16 19:33:07.421,0.80,0.62,35,0.0,0.0,0.000,-0.0,0,HAYIR,HAYIR
2026-08-16 19:33:07.441,0.80,0.62,35,0.0,0.0,0.000,-0.0,0,HAYIR,HAYIR
2026-08-16 19:33:07.461,0.80,0.62,35,0.0,0.0,0.000,-0.0,0,HAYIR,HAYIR
2026-08-16 19:33:07.481,0.80,0.62,35,0.0,0.0,0.000,-0.0,0,HAYIR,HAYIR
2026-08-16 19:33:07.501,0.80,0.62,35,0.0,0.0,0.000,-0.0,0,HAYIR,HAYIR
2026-08-16 19:33:07.521,0.80,0.62,35,0.0,0.0,0.031,-11.8,-1,HAYIR,HAYIR
2026-08-16 19:33:07.541,0.80,0.62,35,0.0,0.0,0.031,-11.8,-2,HAYIR,HAYIR
2026-08-16 19:33:07.561,0.80,0.64,34,0.0,0.0,0.031,-11.8,-4,HAYIR,HAYIR
2026-08-16 19:33:07.581,0.80,0.64,35,0.0,0.0,0.031,-11.9,-5,HAYIR,HAYIR
2026-08-16 19:33:07.601,0.80,0.64,35,0.0,0.0,0.031,-11.9,-6,HAYIR,HAYIR
2026-08-16 19:33:07.621,0.80,0.64,35,0.0,0.0,0.031,-12.0,-7,HAYIR,HAYIR
2026-08-16 19:33:07.641,0.80,0.64,35,0.0,0.0,0.031,-12.0,-8,HAYIR,HAYIR
2026-08-16 19:33:07.661,0.80,0.64,35,0.0,0.0,0.031,-12.0,-10,HAYIR,HAYIR
2026-08-16 19:33:07.681,0.80,0.64,35,0.0,0.0,0.031,-12.1,-11,HAYIR,HAYIR
2026-08-16 19:33:07.702,0.80,0.64,35,0.0,0.0,0.031,-12.1,-12,HAYIR,HAYIR
2026-08-16 19:33:07.721,0.80,0.64,35,0.0,0.0,0.032,-12.5,-12,HAYIR,HAYIR
2026-08-16 19:33:07.741,0.80,0.64,35,0.0,0.0,0.032,-12.5,-12,HAYIR,HAYIR
2026-08-16 19:33:07.761,0.80,0.64,35,0.0,0.0,0.032,-12.5,-12,HAYIR,HAYIR
2026-08-16 19:33:07.781,0.80,0.64,35,0.0,0.0,0.033,-12.6,-13,HAYIR,HAYIR
2026-08-16 19:33:07.801,0.80,0.64,35,0.0,0.0,0.033,-12.6,-13,HAYIR,HAYIR
2026-08-16 19:33:07.821,0.80,0.64,35,0.0,0.0,0.030,-11.7,-12,HAYIR,HAYIR
2026-08-16 19:33:07.841,0.80,0.64,35,0.0,0.0,0.030,-11.7,-12,HAYIR,HAYIR
2026-08-16 19:33:07.861,0.80,0.64,35,0.0,0.0,0.030,-11.7,-12,HAYIR,HAYIR
2026-08-16 19:33:07.881,0.80,0.69,33,0.0,0.0,0.031,-11.9,-12,HAYIR,HAYIR
2026-08-16 19:33:07.901,0.80,0.69,35,0.0,0.0,0.031,-11.9,-12,HAYIR,HAYIR
2026-08-16 19:33:07.921,0.80,0.69,35,0.0,0.0,0.000,-0.0,-11,HAYIR,HAYIR
2026-08-16 19:33:07.941,0.80,0.69,35,0.0,0.0,0.000,-0.0,-9,HAYIR,HAYIR
2026-08-16 19:33:07.961,0.80,0.69,35,0.0,0.0,0.000,-0.0,-8,HAYIR,HAYIR
2026-08-16 19:33:07.981,0.80,0.69,35,0.0,0.0,0.000,-0.0,-7,HAYIR,HAYIR
2026-08-16 19:33:08.001,0.80,0.69,35,0.0,0.0,0.000,-0.0,-6,HAYIR,HAYIR
2026-08-16 19:33:08.021,0.80,0.69,35,0.0,0.0,0.031,-11.9,-7,HAYIR,HAYIR
2026-08-16 19:33:08.041,0.80,0.69,35,0.0,0.0,0.031,-11.9,-8,HAYIR,HAYIR
2026-08-16 19:33:08.061,0.80,0.69,35,0.0,0.0,0.031,-11.9,-9,HAYIR,HAYIR
2026-08-16 19:33:08.081,0.80,0.69,35,0.0,0.0,0.031,-12.0,-11,HAYIR,HAYIR
2026-08-16 19:33:08.101,0.80,0.69,35,0.0,0.0,0.031,-12.0,-12,HAYIR,HAYIR
2026-08-16 19:33:08.121,0.80,0.69,35,0.0,0.0,0.032,-12.3,-12,HAYIR,HAYIR
2026-08-16 19:33:08.141,0.80,0.69,35,0.0,0.0,0.032,-12.3,-12,HAYIR,HAYIR
2026-08-16 19:33:08.161,0.80,0.69,35,0.0,0.0,0.032,-12.3,-12,HAYIR,HAYIR
2026-08-16 19:33:08.181,0.80,0.69,35,0.0,0.0,0.032,-12.2,-12,HAYIR,HAYIR
2026-08-16 19:33:08.201,0.80,0.73,33,0.0,0.0,0.032,-12.2,-12,HAYIR,HAYIR
2026-08-16 19:33:08.221,0.80,0.73,34,0.0,0.0,0.031,-12.0,-12,HAYIR,HAYIR
2026-08-16 19:33:08.241,0.80,0.73,34,0.0,0.0,0.031,-12.0,-12,HAYIR,HAYIR
2026-08-16 19:33:08.261,0.80,0.73,34,0.0,0.0,0.031,-12.0,-12,HAYIR,HAYIR
2026-08-16 19:33:08.281,0.80,0.73,34,0.0,0.0,0.000,-0.0,-11,HAYIR,HAYIR
2026-08-16 19:33:08.301,0.80,0.73,34,0.0,0.0,0.000,-0.0,-10,HAYIR,HAYIR
2026-08-16 19:33:08.321,0.80,0.73,35,0.0,0.0,0.000,-0.0,-8,HAYIR,HAYIR
2026-08-16 19:33:08.341,0.80,0.73,35,0.0,0.0,0.000,-0.0,-7,HAYIR,HAYIR
2026-08-16 19:33:08.361,0.80,0.73,35,0.0,0.0,0.000,-0.0,-6,HAYIR,HAYIR
2026-08-16 19:33:08.381,0.80,0.73,35,0.0,0.0,0.000,-0.0,-5,HAYIR,HAYIR
2026-08-16 19:33:08.401,0.80,0.73,35,0.0,0.0,0.000,-0.0,-4,HAYIR,HAYIR
2026-08-16 19:33:08.421,0.80,0.73,35,0.0,0.0,0.000,-0.0,-2,HAYIR,HAYIR
2026-08-16 19:33:08.441,0.80,0.73,35,0.0,0.0,0.000,-0.0,-1,HAYIR,HAYIR
2026-08-16 19:33:08.461,0.80,0.73,35,0.0,0.0,0.000,-0.0,0,HAYIR,HAYIR
2026-08-16 19:33:08.481,0.80,0.73,35,0.0,0.0,0.000,-0.0,0,HAYIR,HAYIR
2026-08-16 19:33:08.501,0.80,0.73,35,0.0,0.0,0.000,-0.0,0,HAYIR,HAYIR
2026-08-16 19:33:08.521,0.80,0.73,35,0.0,0.0,0.000,-0.0,0,HAYIR,HAYIR
2026-08-16 19:33:08.541,0.80,0.73,35,0.0,0.0,0.000,-0.0,0,HAYIR,HAYIR
2026-08-16 19:33:08.561,0.80,0.73,35,0.0,0.0,0.000,-0.0,0,HAYIR,HAYIR
2026-08-16 19:33:08.581,0.80,0.77,33,0.0,0.0,0.000,-0.0,0,HAYIR,HAYIR
2026-08-16 19:33:08.601,0.80,0.77,34,0.0,0.0,0.000,-0.0,0,HAYIR,HAYIR
2026-08-16 19:33:08.621,0.80,0.77,34,0.0,0.0,0.000,-0.0,0,HAYIR,HAYIR
2026-08-16 19:33:08.641,0.80,0.77,34,0.0,0.0,0.000,-0.0,0,HAYIR,HAYIR
2026-08-16 19:33:08.661,0.80,0.77,34,0.0,0.0,0.000,-0.0,0,HAYIR,HAYIR
2026-08-16 19:33:08.681,0.80,0.77,34,0.0,0.0,0.000,-0.0,0,HAYIR,HAYIR
2026-08-16 19:33:08.701,0.80,0.77,34,0.0,0.0,0.000,-0.0,0,HAYIR,HAYIR
2026-08-16 19:33:08.721,0.80,0.77,34,0.0,0.0,0.000,-0.0,0,HAYIR,HAYIR
2026-08-16 19:33:08.741,0.80,0.77,34,0.0,0.0,0.000,-0.0,0,HAYIR,HAYIR
2026-08-16 19:33:08.761,0.80,0.77,34,0.0,0.0,0.000,-0.0,0,HAYIR,HAYIR
2026-08-16 19:33:08.781,0.80,0.77,34,0.0,0.0,0.000,-0.0,0,HAYIR,HAYIR
2026-08-16 19:33:08.801,0.80,0.77,34,0.0,0.0,0.000,-0.0,0,HAYIR,HAYIR
2026-08-16 19:33:08.821,0.80,0.77,34,0.0,0.0,0.055,-21.4,-1,HAYIR,HAYIR
2026-08-16 19:33:08.841,0.80,0.77,34,0.0,0.0,0.055,-21.4,-2,HAYIR,HAYIR
2026-08-16 19:33:08.861,0.80,0.77,34,0.0,0.0,0.055,-21.4,-4,HAYIR,HAYIR
2026-08-16 19:33:08.881,0.80,0.77,34,0.0,0.0,0.056,-21.6,-5,HAYIR,HAYIR
2026-08-16 19:33:08.901,0.80,0.81,28,0.0,0.0,0.056,-21.6,-6,HAYIR,HAYIR
2026-08-16 19:33:08.921,0.80,0.81,28,0.0,0.0,0.057,-22.0,-7,HAYIR,HAYIR
2026-08-16 19:33:08.941,0.80,0.81,28,0.0,0.0,0.057,-22.0,-8,HAYIR,HAYIR
2026-08-16 19:33:08.961,0.80,0.81,28,0.0,0.0,0.057,-22.0,-10,HAYIR,HAYIR
2026-08-16 19:33:08.981,0.80,0.81,28,0.0,0.0,0.054,-20.8,-11,HAYIR,HAYIR
2026-08-16 19:33:09.001,0.80,0.81,28,0.0,0.0,0.054,-20.8,-12,HAYIR,HAYIR
2026-08-16 19:33:09.021,0.80,0.81,28,0.0,0.0,0.054,-20.8,-13,HAYIR,HAYIR
2026-08-16 19:33:09.041,0.80,0.81,28,0.0,0.0,0.054,-20.8,-14,HAYIR,HAYIR
2026-08-16 19:33:09.061,0.80,0.81,28,0.0,0.0,0.054,-20.8,-16,HAYIR,HAYIR
2026-08-16 19:33:09.081,0.80,0.81,28,0.0,0.0,0.054,-20.9,-17,HAYIR,HAYIR
2026-08-16 19:33:09.101,0.80,0.81,28,0.0,0.0,0.054,-20.9,-18,HAYIR,HAYIR
2026-08-16 19:33:09.121,0.80,0.81,28,0.0,0.0,0.055,-21.3,-19,HAYIR,HAYIR
2026-08-16 19:33:09.141,0.80,0.81,28,0.0,0.0,0.055,-21.3,-20,HAYIR,HAYIR
2026-08-16 19:33:09.161,0.80,0.81,28,0.0,0.0,0.055,-21.3,-21,HAYIR,HAYIR
2026-08-16 19:33:09.181,0.80,0.81,28,0.0,0.0,0.056,-21.4,-21,HAYIR,HAYIR
2026-08-16 19:33:09.201,0.80,0.81,28,0.0,0.0,0.056,-21.4,-21,HAYIR,HAYIR
2026-08-16 19:33:09.221,0.80,0.86,28,0.0,0.0,0.056,-21.7,-22,HAYIR,HAYIR
2026-08-16 19:33:09.241,0.80,0.86,28,0.0,0.0,0.056,-21.7,-22,HAYIR,HAYIR
2026-08-16 19:33:09.261,0.80,0.86,28,0.0,0.0,0.056,-21.7,-22,HAYIR,HAYIR
2026-08-16 19:33:09.281,0.80,0.86,28,0.0,0.0,0.056,-21.7,-22,HAYIR,HAYIR
2026-08-16 19:33:09.301,0.80,0.86,28,0.0,0.0,0.056,-21.7,-22,HAYIR,HAYIR
2026-08-16 19:33:09.321,0.80,0.86,28,0.0,0.0,0.054,-20.8,-21,HAYIR,HAYIR
2026-08-16 19:33:09.341,0.80,0.86,28,0.0,0.0,0.054,-20.8,-21,HAYIR,HAYIR
2026-08-16 19:33:09.361,0.80,0.86,28,0.0,0.0,0.054,-20.8,-21,HAYIR,HAYIR
2026-08-16 19:33:09.381,0.80,0.86,28,0.0,0.0,0.054,-20.9,-21,HAYIR,HAYIR
2026-08-16 19:33:09.401,0.80,0.86,28,0.0,0.0,0.054,-20.9,-21,HAYIR,HAYIR
2026-08-16 19:33:09.421,0.80,0.86,28,0.0,0.0,0.055,-21.1,-21,HAYIR,HAYIR
2026-08-16 19:33:09.441,0.80,0.86,28,0.0,0.0,0.055,-21.1,-21,HAYIR,HAYIR
2026-08-16 19:33:09.461,0.80,0.86,28,0.0,0.0,0.055,-21.1,-21,HAYIR,HAYIR
2026-08-16 19:33:09.481,0.80,0.86,28,0.0,0.0,0.055,-21.1,-21,HAYIR,HAYIR
2026-08-16 19:33:09.501,0.80,0.86,28,0.0,0.0,0.055,-21.1,-21,HAYIR,HAYIR
2026-08-16 19:33:09.521,0.80,0.86,28,0.0,0.0,0.054,-20.9,-21,HAYIR,HAYIR
2026-08-16 19:33:09.541,0.80,0.93,28,0.0,0.0,0.054,-20.9,-21,HAYIR,HAYIR
2026-08-16 19:33:09.561,0.80,0.93,28,0.0,0.0,0.054,-20.9,-21,HAYIR,HAYIR
2026-08-16 19:33:09.581,0.80,0.93,28,0.0,0.0,0.054,-20.8,-21,HAYIR,HAYIR
2026-08-16 19:33:09.601,0.80,0.93,28,0.0,0.0,0.054,-20.8,-21,HAYIR,HAYIR
2026-08-16 19:33:09.621,0.80,0.93,28,0.0,0.0,0.050,-19.2,-20,HAYIR,HAYIR
2026-08-16 19:33:09.641,0.80,0.93,28,0.0,0.0,0.050,-19.2,-19,HAYIR,HAYIR
2026-08-16 19:33:09.661,0.80,0.93,28,0.0,0.0,0.050,-19.2,-19,HAYIR,HAYIR
2026-08-16 19:33:09.681,0.80,0.93,28,0.0,0.0,0.050,-19.1,-19,HAYIR,HAYIR
2026-08-16 19:33:09.701,0.80,0.93,28,0.0,0.0,0.050,-19.1,-19,HAYIR,HAYIR
2026-08-16 19:33:09.721,0.80,0.93,28,0.0,0.0,0.049,-18.8,-19,HAYIR,HAYIR
2026-08-16 19:33:09.741,0.80,0.93,28,0.0,0.0,0.049,-18.8,-19,HAYIR,HAYIR
2026-08-16 19:33:09.761,0.80,0.93,28,0.0,0.0,0.049,-18.8,-19,HAYIR,HAYIR
2026-08-16 19:33:09.781,0.80,0.93,28,0.0,0.0,0.049,-18.7,-19,HAYIR,HAYIR
2026-08-16 19:33:09.801,0.80,0.93,28,0.0,0.0,0.049,-18.7,-19,HAYIR,HAYIR
2026-08-16 19:33:09.821,0.80,0.93,28,0.0,0.0,0.048,-18.4,-18,HAYIR,HAYIR
2026-08-16 19:33:09.841,0.80,0.93,28,0.0,0.0,0.048,-18.4,-18,HAYIR,HAYIR
2026-08-16 19:33:09.861,0.80,0.97,28,0.0,0.0,0.048,-18.4,-18,HAYIR,HAYIR
2026-08-16 19:33:09.881,0.80,0.97,28,0.0,0.0,0.042,-16.1,-17,HAYIR,HAYIR
2026-08-16 19:33:09.901,0.80,0.97,28,0.0,0.0,0.042,-16.1,-16,HAYIR,HAYIR
2026-08-16 19:33:09.921,0.80,0.97,28,0.0,0.0,0.039,-15.1,-15,HAYIR,HAYIR
2026-08-16 19:33:09.941,0.80,0.97,28,0.0,0.0,0.039,-15.1,-15,HAYIR,HAYIR
2026-08-16 19:33:09.961,0.80,0.97,28,0.0,0.0,0.039,-15.1,-15,HAYIR,HAYIR
2026-08-16 19:33:09.981,0.80,0.97,28,0.0,0.0,0.039,-14.9,-15,HAYIR,HAYIR
2026-08-16 19:33:10.001,0.80,0.97,28,0.0,0.0,0.039,-14.9,-15,HAYIR,HAYIR
2026-08-16 19:33:10.021,0.80,0.97,28,0.0,0.0,0.038,-14.6,-15,HAYIR,HAYIR
2026-08-16 19:33:10.041,0.80,0.97,28,0.0,0.0,0.038,-14.6,-15,HAYIR,HAYIR
2026-08-16 19:33:10.061,0.80,0.97,28,0.0,0.0,0.038,-14.6,-15,HAYIR,HAYIR
2026-08-16 19:33:10.081,0.80,0.97,28,0.0,0.0,0.038,-14.5,-15,HAYIR,HAYIR
2026-08-16 19:33:10.101,0.80,0.97,28,0.0,0.0,0.038,-14.5,-15,HAYIR,HAYIR
2026-08-16 19:33:10.121,0.80,0.97,28,0.0,0.0,0.037,-14.4,-14,HAYIR,HAYIR
2026-08-16 19:33:10.141,0.80,0.97,28,0.0,0.0,0.037,-14.4,-14,HAYIR,HAYIR
2026-08-16 19:33:10.161,0.80,0.97,28,0.0,0.0,0.037,-14.4,-14,HAYIR,HAYIR
2026-08-16 19:33:10.181,0.80,0.97,28,0.0,0.0,0.037,-14.3,-14,HAYIR,HAYIR
2026-08-16 19:33:10.201,0.80,0.97,28,0.0,0.0,0.037,-14.3,-14,HAYIR,HAYIR
2026-08-16 19:33:10.221,0.80,0.97,28,0.0,0.0,0.036,-14.0,-14,HAYIR,HAYIR
2026-08-16 19:33:10.241,0.80,0.98,28,0.0,0.0,0.036,-14.0,-14,HAYIR,HAYIR
2026-08-16 19:33:10.261,0.80,0.98,28,0.0,0.0,0.036,-14.0,-14,HAYIR,HAYIR
2026-08-16 19:33:10.281,0.80,0.98,28,0.0,0.0,0.036,-13.9,-14,HAYIR,HAYIR
2026-08-16 19:33:10.301,0.80,0.98,28,0.0,0.0,0.036,-13.9,-14,HAYIR,HAYIR
2026-08-16 19:33:10.321,0.80,0.98,28,0.0,0.0,0.035,-13.3,-13,HAYIR,HAYIR
2026-08-16 19:33:10.341,0.80,0.98,28,0.0,0.0,0.035,-13.3,-13,HAYIR,HAYIR
2026-08-16 19:33:10.361,0.80,0.98,28,0.0,0.0,0.035,-13.3,-13,HAYIR,HAYIR
2026-08-16 19:33:10.381,0.80,0.98,28,0.0,0.0,0.034,-13.3,-13,HAYIR,HAYIR
2026-08-16 19:33:10.401,0.80,0.98,28,0.0,0.0,0.034,-13.3,-13,HAYIR,HAYIR
2026-08-16 19:33:10.421,0.80,0.98,28,0.0,0.0,0.034,-13.1,-13,HAYIR,HAYIR
2026-08-16 19:33:10.441,0.80,0.98,28,0.0,0.0,0.034,-13.1,-13,HAYIR,HAYIR
2026-08-16 19:33:10.461,0.80,0.98,28,0.0,0.0,0.034,-13.1,-13,HAYIR,HAYIR
2026-08-16 19:33:10.481,0.80,0.98,28,0.0,0.0,0.034,-12.9,-13,HAYIR,HAYIR
2026-08-16 19:33:10.501,0.80,0.98,28,0.0,0.0,0.034,-12.9,-13,HAYIR,HAYIR
2026-08-16 19:33:10.521,0.80,0.98,28,0.0,0.0,0.033,-12.7,-13,HAYIR,HAYIR
2026-08-16 19:33:10.541,0.80,0.98,28,0.0,0.0,0.033,-12.7,-13,HAYIR,HAYIR
2026-08-16 19:33:10.561,0.80,0.94,28,0.0,0.0,0.033,-12.7,-13,HAYIR,HAYIR
2026-08-16 19:33:10.581,0.80,0.94,28,0.0,0.0,0.033,-12.7,-13,HAYIR,HAYIR
2026-08-16 19:33:10.601,0.80,0.94,28,0.0,0.0,0.033,-12.7,-13,HAYIR,HAYIR
2026-08-16 19:33:10.621,0.80,0.94,28,0.0,0.0,0.033,-12.8,-13,HAYIR,HAYIR
2026-08-16 19:33:10.641,0.80,0.94,28,0.0,0.0,0.033,-12.8,-13,HAYIR,HAYIR
2026-08-16 19:33:10.661,0.80,0.94,28,0.0,0.0,0.033,-12.8,-13,HAYIR,HAYIR
2026-08-16 19:33:10.681,0.80,0.94,28,0.0,0.0,0.033,-12.7,-13,HAYIR,HAYIR
2026-08-16 19:33:10.701,0.80,0.94,28,0.0,0.0,0.033,-12.7,-13,HAYIR,HAYIR
2026-08-16 19:33:10.721,0.80,0.94,28,0.0,0.0,0.032,-12.5,-12,HAYIR,HAYIR
2026-08-16 19:33:10.741,0.80,0.94,28,0.0,0.0,0.032,-12.5,-12,HAYIR,HAYIR
2026-08-16 19:33:10.761,0.80,0.94,28,0.0,0.0,0.032,-12.5,-12,HAYIR,HAYIR
2026-08-16 19:33:10.781,0.80,0.94,28,0.0,0.0,0.032,-12.4,-12,HAYIR,HAYIR
2026-08-16 19:33:10.801,0.80,0.94,28,0.0,0.0,0.032,-12.4,-12,HAYIR,HAYIR
2026-08-16 19:33:10.821,0.80,0.94,28,0.0,0.0,0.032,-12.3,-12,HAYIR,HAYIR
2026-08-16 19:33:10.841,0.80,0.94,28,0.0,0.0,0.032,-12.3,-12,HAYIR,HAYIR
2026-08-16 19:33:10.861,0.80,0.94,28,0.0,0.0,0.032,-12.3,-12,HAYIR,HAYIR
2026-08-16 19:33:10.881,0.80,0.89,28,0.0,0.0,0.032,-12.2,-12,HAYIR,HAYIR
2026-08-16 19:33:10.901,0.80,0.89,28,0.0,0.0,0.032,-12.2,-12,HAYIR,HAYIR
2026-08-16 19:33:10.921,0.80,0.89,28,0.0,0.0,0.000,-0.0,-11,HAYIR,HAYIR
2026-08-16 19:33:10.941,0.80,0.89,28,0.0,0.0,0.000,-0.0,-10,HAYIR,HAYIR
2026-08-16 19:33:10.961,0.80,0.89,28,0.0,0.0,0.000,-0.0,-9,HAYIR,HAYIR
2026-08-16 19:33:10.981,0.80,0.89,28,0.0,0.0,0.000,-0.0,-7,HAYIR,HAYIR
2026-08-16 19:33:11.001,0.80,0.89,28,0.0,0.0,0.000,-0.0,-6,HAYIR,HAYIR
2026-08-16 19:33:11.021,0.80,0.89,28,0.0,0.0,0.000,-0.0,-5,HAYIR,HAYIR
2026-08-16 19:33:11.041,0.80,0.89,28,0.0,0.0,0.000,-0.0,-4,HAYIR,HAYIR
2026-08-16 19:33:11.061,0.80,0.89,28,0.0,0.0,0.000,-0.0,-3,HAYIR,HAYIR
2026-08-16 19:33:11.081,0.80,0.89,28,0.0,0.0,0.000,-0.0,-1,HAYIR,HAYIR
2026-08-16 19:33:11.101,0.80,0.89,28,0.0,0.0,0.000,-0.0,0,HAYIR,HAYIR
2026-08-16 19:33:11.121,0.80,0.89,28,0.0,0.0,0.000,-0.0,0,HAYIR,HAYIR
2026-08-16 19:33:11.141,0.80,0.89,28,0.0,0.0,0.000,-0.0,0,HAYIR,HAYIR
2026-08-16 19:33:11.161,0.80,0.89,28,0.0,0.0,0.000,-0.0,0,HAYIR,HAYIR
2026-08-16 19:33:11.181,0.80,0.89,28,0.0,0.0,0.000,-0.0,0,HAYIR,HAYIR
2026-08-16 19:33:11.201,0.80,0.85,28,0.0,0.0,0.000,-0.0,0,HAYIR,HAYIR
2026-08-16 19:33:11.221,0.80,0.85,28,0.0,0.0,0.000,-0.0,0,HAYIR,HAYIR
2026-08-16 19:33:11.241,0.80,0.85,28,0.0,0.0,0.000,-0.0,0,HAYIR,HAYIR
2026-08-16 19:33:11.261,0.80,0.85,28,0.0,0.0,0.000,-0.0,0,HAYIR,HAYIR
2026-08-16 19:33:11.281,0.80,0.85,28,0.0,0.0,0.030,-11.6,-1,HAYIR,HAYIR
2026-08-16 19:33:11.301,0.80,0.85,28,0.0,0.0,0.030,-11.6,-2,HAYIR,HAYIR
2026-08-16 19:33:11.321,0.80,0.85,28,0.0,0.0,0.000,-0.0,-1,HAYIR,HAYIR
2026-08-16 19:33:11.341,0.80,0.85,28,0.0,0.0,0.000,-0.0,0,HAYIR,HAYIR
2026-08-16 19:33:11.361,0.80,0.85,28,0.0,0.0,0.000,-0.0,0,HAYIR,HAYIR
2026-08-16 19:33:11.381,0.80,0.85,28,0.0,0.0,0.000,-0.0,0,HAYIR,HAYIR
2026-08-16 19:33:11.401,0.80,0.85,28,0.0,0.0,0.000,-0.0,0,HAYIR,HAYIR
2026-08-16 19:33:11.421,0.80,0.85,28,0.0,0.0,0.000,-0.0,0,HAYIR,HAYIR
2026-08-16 19:33:11.441,0.80,0.85,28,0.0,0.0,0.000,-0.0,0,HAYIR,HAYIR
2026-08-16 19:33:11.461,0.80,0.85,28,0.0,0.0,0.000,-0.0,0,HAYIR,HAYIR
2026-08-16 19:33:11.481,0.80,0.85,28,0.0,0.0,0.000,-0.0,0,HAYIR,HAYIR
2026-08-16 19:33:11.501,0.80,0.85,28,0.0,0.0,0.000,-0.0,0,HAYIR,HAYIR
2026-08-16 19:33:11.521,0.80,0.82,28,0.0,0.0,0.030,-11.6,-1,HAYIR,HAYIR
2026-08-16 19:33:11.541,0.80,0.82,28,0.0,0.0,0.030,-11.6,-2,HAYIR,HAYIR
2026-08-16 19:33:11.561,0.80,0.82,28,0.0,0.0,0.030,-11.6,-4,HAYIR,HAYIR
2026-08-16 19:33:11.581,0.80,0.82,28,0.0,0.0,0.030,-11.6,-5,HAYIR,HAYIR
2026-08-16 19:33:11.601,0.80,0.82,28,0.0,0.0,0.030,-11.6,-6,HAYIR,HAYIR
2026-08-16 19:33:11.621,0.80,0.82,28,0.0,0.0,0.033,-12.8,-7,HAYIR,HAYIR
2026-08-16 19:33:11.641,0.80,0.82,28,0.0,0.0,0.033,-12.8,-8,HAYIR,HAYIR
2026-08-16 19:33:11.661,0.80,0.82,28,0.0,0.0,0.033,-12.8,-10,HAYIR,HAYIR
2026-08-16 19:33:11.681,0.80,0.82,28,0.0,0.0,0.033,-12.9,-11,HAYIR,HAYIR
2026-08-16 19:33:11.701,0.80,0.82,28,0.0,0.0,0.033,-12.9,-12,HAYIR,HAYIR
2026-08-16 19:33:11.721,0.80,0.82,28,0.0,0.0,0.033,-12.9,-13,HAYIR,HAYIR
2026-08-16 19:33:11.741,0.80,0.82,28,0.0,0.0,0.033,-12.9,-13,HAYIR,HAYIR
2026-08-16 19:33:11.761,0.80,0.82,28,0.0,0.0,0.033,-12.9,-13,HAYIR,HAYIR
2026-08-16 19:33:11.781,0.80,0.82,28,0.0,0.0,0.034,-13.0,-13,HAYIR,HAYIR
2026-08-16 19:33:11.801,0.80,0.82,28,0.0,0.0,0.034,-13.0,-13,HAYIR,HAYIR
2026-08-16 19:33:11.821,0.80,0.82,28,0.0,0.0,0.034,-13.1,-13,HAYIR,HAYIR
2026-08-16 19:33:11.841,0.80,0.80,35,0.0,0.0,0.034,-13.1,-13,HAYIR,HAYIR
2026-08-16 19:33:11.861,0.80,0.80,34,0.0,0.0,0.034,-13.1,-13,HAYIR,HAYIR
2026-08-16 19:33:11.881,0.80,0.80,34,0.0,0.0,0.034,-13.1,-13,HAYIR,HAYIR
2026-08-16 19:33:11.901,0.80,0.80,34,0.0,0.0,0.034,-13.1,-13,HAYIR,HAYIR
2026-08-16 19:33:11.921,0.80,0.80,34,0.0,0.0,0.034,-13.0,-13,HAYIR,HAYIR
2026-08-16 19:33:11.941,0.80,0.80,34,0.0,0.0,0.034,-13.0,-13,HAYIR,HAYIR
2026-08-16 19:33:11.961,0.80,0.80,34,0.0,0.0,0.034,-13.0,-13,HAYIR,HAYIR
2026-08-16 19:33:11.981,0.80,0.80,34,0.0,0.0,0.034,-13.2,-13,HAYIR,HAYIR
2026-08-16 19:33:12.001,0.80,0.80,34,0.0,0.0,0.034,-13.2,-13,HAYIR,HAYIR
2026-08-16 19:33:12.021,0.80,0.80,34,0.0,0.0,0.035,-13.4,-13,HAYIR,HAYIR
2026-08-16 19:33:12.041,0.80,0.80,34,0.0,0.0,0.035,-13.4,-13,HAYIR,HAYIR
2026-08-16 19:33:12.061,0.80,0.80,34,0.0,0.0,0.035,-13.4,-13,HAYIR,HAYIR
2026-08-16 19:33:12.081,0.80,0.80,34,0.0,0.0,0.035,-13.5,-14,HAYIR,HAYIR
2026-08-16 19:33:12.101,0.80,0.80,34,0.0,0.0,0.035,-13.5,-14,HAYIR,HAYIR
2026-08-16 19:33:12.121,0.80,0.80,34,0.0,0.0,0.035,-13.6,-14,HAYIR,HAYIR
2026-08-16 19:33:12.141,0.80,0.80,34,0.0,0.0,0.035,-13.6,-14,HAYIR,HAYIR
2026-08-16 19:33:12.161,0.80,0.80,34,0.0,0.0,0.035,-13.6,-14,HAYIR,HAYIR
2026-08-16 19:33:12.181,0.80,0.80,34,0.0,0.0,0.035,-13.6,-14,HAYIR,HAYIR
2026-08-16 19:33:12.201,0.80,0.80,34,0.0,0.0,0.035,-13.6,-14,HAYIR,HAYIR
2026-08-16 19:33:12.221,0.80,0.80,34,0.0,0.0,0.035,-13.5,-13,HAYIR,HAYIR
2026-08-16 19:33:12.241,0.80,0.78,35,0.0,0.0,0.035,-13.5,-13,HAYIR,HAYIR
2026-08-16 19:33:12.261,0.80,0.78,34,0.0,0.0,0.035,-13.5,-13,HAYIR,HAYIR
2026-08-16 19:33:12.281,0.80,0.78,34,0.0,0.0,0.035,-13.5,-13,HAYIR,HAYIR
2026-08-16 19:33:12.301,0.80,0.78,34,0.0,0.0,0.035,-13.5,-13,HAYIR,HAYIR
2026-08-16 19:33:12.321,0.80,0.78,34,0.0,0.0,0.036,-14.0,-14,HAYIR,HAYIR
2026-08-16 19:33:12.341,0.80,0.78,34,0.0,0.0,0.036,-14.0,-14,HAYIR,HAYIR
2026-08-16 19:33:12.361,0.80,0.78,34,0.0,0.0,0.036,-14.0,-14,HAYIR,HAYIR
2026-08-16 19:33:12.381,0.80,0.78,34,0.0,0.0,0.036,-14.0,-14,HAYIR,HAYIR
2026-08-16 19:33:12.401,0.80,0.78,34,0.0,0.0,0.036,-14.0,-14,HAYIR,HAYIR
2026-08-16 19:33:12.421,0.80,0.78,34,0.0,0.0,0.037,-14.2,-14,HAYIR,HAYIR
2026-08-16 19:33:12.441,0.80,0.78,34,0.0,0.0,0.037,-14.2,-14,HAYIR,HAYIR
2026-08-16 19:33:12.461,0.80,0.78,34,0.0,0.0,0.037,-14.2,-14,HAYIR,HAYIR
2026-08-16 19:33:12.481,0.80,0.78,34,0.0,0.0,0.037,-14.2,-14,HAYIR,HAYIR
2026-08-16 19:33:12.501,0.80,0.78,34,0.0,0.0,0.037,-14.2,-14,HAYIR,HAYIR
2026-08-16 19:33:12.521,0.80,0.78,34,0.0,0.0,0.036,-14.1,-14,HAYIR,HAYIR
2026-08-16 19:33:12.541,0.80,0.78,34,0.0,0.0,0.036,-14.1,-14,HAYIR,HAYIR
2026-08-16 19:33:12.561,0.80,0.76,35,0.0,0.0,0.036,-14.1,-14,HAYIR,HAYIR
2026-08-16 19:33:12.581,0.80,0.76,34,0.0,0.0,0.036,-14.1,-14,HAYIR,HAYIR
2026-08-16 19:33:12.601,0.80,0.76,34,0.0,0.0,0.036,-14.1,-14,HAYIR,HAYIR
2026-08-16 19:33:12.621,0.80,0.76,34,0.0,0.0,0.037,-14.2,-14,HAYIR,HAYIR
2026-08-16 19:33:12.641,0.80,0.76,34,0.0,0.0,0.037,-14.2,-14,HAYIR,HAYIR
2026-08-16 19:33:12.661,0.80,0.76,34,0.0,0.0,0.037,-14.2,-14,HAYIR,HAYIR
2026-08-16 19:33:12.681,0.80,0.76,34,0.0,0.0,0.037,-14.3,-14,HAYIR,HAYIR
2026-08-16 19:33:12.702,0.80,0.76,34,0.0,0.0,0.037,-14.3,-14,HAYIR,HAYIR
2026-08-16 19:33:12.721,0.80,0.76,34,0.0,0.0,0.037,-14.4,-14,HAYIR,HAYIR
2026-08-16 19:33:12.741,0.80,0.76,34,0.0,0.0,0.037,-14.4,-14,HAYIR,HAYIR
2026-08-16 19:33:12.761,0.80,0.76,34,0.0,0.0,0.037,-14.4,-14,HAYIR,HAYIR
2026-08-16 19:33:12.781,0.80,0.76,34,0.0,0.0,0.037,-14.4,-14,HAYIR,HAYIR
2026-08-16 19:33:12.801,0.80,0.76,34,0.0,0.0,0.037,-14.4,-14,HAYIR,HAYIR
2026-08-16 19:33:12.821,0.80,0.76,34,0.0,0.0,0.037,-14.3,-14,HAYIR,HAYIR
2026-08-16 19:33:12.841,0.80,0.76,34,0.0,0.0,0.037,-14.3,-14,HAYIR,HAYIR
2026-08-16 19:33:12.861,0.80,0.76,34,0.0,0.0,0.037,-14.3,-14,HAYIR,HAYIR
2026-08-16 19:33:12.881,0.80,0.75,35,0.0,0.0,0.037,-14.3,-14,HAYIR,HAYIR
2026-08-16 19:33:12.901,0.80,0.75,34,0.0,0.0,0.037,-14.3,-14,HAYIR,HAYIR
2026-08-16 19:33:12.921,0.80,0.75,34,0.0,0.0,0.037,-14.4,-14,HAYIR,HAYIR
2026-08-16 19:33:12.941,0.80,0.75,34,0.0,0.0,0.037,-14.4,-14,HAYIR,HAYIR
2026-08-16 19:33:12.961,0.80,0.75,34,0.0,0.0,0.037,-14.4,-14,HAYIR,HAYIR
2026-08-16 19:33:12.981,0.80,0.75,34,0.0,0.0,0.032,-12.4,-13,HAYIR,HAYIR
2026-08-16 19:33:13.001,0.80,0.75,34,0.0,0.0,0.032,-12.4,-12,HAYIR,HAYIR
2026-08-16 19:33:13.021,0.80,0.75,34,0.0,0.0,0.032,-12.4,-12,HAYIR,HAYIR
2026-08-16 19:33:13.041,0.80,0.75,34,0.0,0.0,0.032,-12.4,-12,HAYIR,HAYIR
2026-08-16 19:33:13.061,0.80,0.75,34,0.0,0.0,0.032,-12.4,-12,HAYIR,HAYIR
2026-08-16 19:33:13.081,0.80,0.75,34,0.0,0.0,0.032,-12.4,-12,HAYIR,HAYIR
2026-08-16 19:33:13.101,0.80,0.75,34,0.0,0.0,0.032,-12.4,-12,HAYIR,HAYIR
2026-08-16 19:33:13.121,0.80,0.75,34,0.0,0.0,0.032,-12.3,-12,HAYIR,HAYIR
2026-08-16 19:33:13.141,0.80,0.75,34,0.0,0.0,0.032,-12.3,-12,HAYIR,HAYIR
2026-08-16 19:33:13.161,0.80,0.75,34,0.0,0.0,0.032,-12.3,-12,HAYIR,HAYIR
2026-08-16 19:33:13.181,0.80,0.75,34,0.0,0.0,0.032,-12.3,-12,HAYIR,HAYIR
2026-08-16 19:33:13.201,0.80,0.76,34,0.0,0.0,0.032,-12.3,-12,HAYIR,HAYIR
2026-08-16 19:33:13.221,0.80,0.76,34,0.0,0.0,0.031,-12.1,-12,HAYIR,HAYIR
2026-08-16 19:33:13.241,0.80,0.76,34,0.0,0.0,0.031,-12.1,-12,HAYIR,HAYIR
2026-08-16 19:33:13.261,0.80,0.76,34,0.0,0.0,0.031,-12.1,-12,HAYIR,HAYIR
2026-08-16 19:33:13.281,0.80,0.76,34,0.0,0.0,0.031,-12.0,-12,HAYIR,HAYIR
2026-08-16 19:33:13.301,0.80,0.76,34,0.0,0.0,0.031,-12.0,-12,HAYIR,HAYIR
2026-08-16 19:33:13.321,0.80,0.76,34,0.0,0.0,0.031,-11.8,-12,HAYIR,HAYIR
2026-08-16 19:33:13.341,0.80,0.76,34,0.0,0.0,0.031,-11.8,-12,HAYIR,HAYIR
2026-08-16 19:33:13.361,0.80,0.76,34,0.0,0.0,0.031,-11.8,-12,HAYIR,HAYIR
2026-08-16 19:33:13.381,0.80,0.76,34,0.0,0.0,0.031,-11.8,-12,HAYIR,HAYIR
2026-08-16 19:33:13.401,0.80,0.76,34,0.0,0.0,0.031,-11.8,-12,HAYIR,HAYIR
2026-08-16 19:33:13.421,0.80,0.76,34,0.0,0.0,0.000,-0.0,-11,HAYIR,HAYIR
2026-08-16 19:33:13.441,0.80,0.76,34,0.0,0.0,0.000,-0.0,-9,HAYIR,HAYIR
2026-08-16 19:33:13.461,0.80,0.76,34,0.0,0.0,0.000,-0.0,-8,HAYIR,HAYIR
2026-08-16 19:33:13.481,0.80,0.76,34,0.0,0.0,0.000,-0.0,-7,HAYIR,HAYIR
2026-08-16 19:33:13.501,0.80,0.76,34,0.0,0.0,0.000,-0.0,-6,HAYIR,HAYIR
2026-08-16 19:33:13.521,0.80,0.78,33,0.0,0.0,0.000,-0.0,-5,HAYIR,HAYIR
2026-08-16 19:33:13.541,0.80,0.78,34,0.0,0.0,0.000,-0.0,-3,HAYIR,HAYIR
2026-08-16 19:33:13.561,0.80,0.78,34,0.0,0.0,0.000,-0.0,-2,HAYIR,HAYIR
2026-08-16 19:33:13.581,0.80,0.78,34,0.0,0.0,0.000,-0.0,-1,HAYIR,HAYIR
2026-08-16 19:33:13.601,0.80,0.78,34,0.0,0.0,0.000,-0.0,0,HAYIR,HAYIR
2026-08-16 19:33:13.621,0.80,0.78,34,0.0,0.0,0.000,-0.0,0,HAYIR,HAYIR
2026-08-16 19:33:13.641,0.80,0.78,34,0.0,0.0,0.000,-0.0,0,HAYIR,HAYIR
2026-08-16 19:33:13.661,0.80,0.78,34,0.0,0.0,0.000,-0.0,0,HAYIR,HAYIR
2026-08-16 19:33:13.681,0.80,0.78,34,0.0,0.0,0.000,-0.0,0,HAYIR,HAYIR
2026-08-16 19:33:13.701,0.80,0.78,34,0.0,0.0,0.000,-0.0,0,HAYIR,HAYIR
2026-08-16 19:33:13.721,0.80,0.78,34,0.0,0.0,0.000,-0.0,0,HAYIR,HAYIR
2026-08-16 19:33:13.741,0.80,0.78,34,0.0,0.0,0.000,-0.0,0,HAYIR,HAYIR
2026-08-16 19:33:13.761,0.80,0.78,34,0.0,0.0,0.000,-0.0,0,HAYIR,HAYIR
2026-08-16 19:33:13.781,0.80,0.78,34,0.0,0.0,0.000,-0.0,0,HAYIR,HAYIR
2026-08-16 19:33:13.801,0.80,0.78,34,0.0,0.0,0.000,-0.0,0,HAYIR,HAYIR
2026-08-16 19:33:13.821,0.80,0.78,34,0.0,0.0,0.000,-0.0,0,HAYIR,HAYIR
2026-08-16 19:33:13.841,0.80,0.78,34,0.0,0.0,0.000,-0.0,0,HAYIR,HAYIR
2026-08-16 19:33:13.861,0.80,0.78,34,0.0,0.0,0.000,-0.0,0,HAYIR,HAYIR
2026-08-16 19:33:13.881,0.80,0.78,34,0.0,0.0,0.000,-0.0,0,HAYIR,HAYIR
2026-08-16 19:33:13.901,0.80,0.85,28,0.0,0.0,0.000,-0.0,0,HAYIR,HAYIR
2026-08-16 19:33:13.921,0.80,0.85,28,0.0,0.0,0.000,-0.0,0,HAYIR,HAYIR
2026-08-16 19:33:13.941,0.80,0.85,28,0.0,0.0,0.000,-0.0,0,HAYIR,HAYIR
2026-08-16 19:33:13.961,0.80,0.85,28,0.0,0.0,0.000,-0.0,0,HAYIR,HAYIR
2026-08-16 19:33:13.981,0.80,0.85,28,0.0,0.0,0.000,-0.0,0,HAYIR,HAYIR
2026-08-16 19:33:14.001,0.80,0.85,28,0.0,0.0,0.000,-0.0,0,HAYIR,HAYIR
2026-08-16 19:33:14.021,0.80,0.85,28,0.0,0.0,0.000,-0.0,0,HAYIR,HAYIR
2026-08-16 19:33:14.041,0.80,0.85,28,0.0,0.0,0.000,-0.0,0,HAYIR,HAYIR
2026-08-16 19:33:14.061,0.80,0.85,28,0.0,0.0,0.000,-0.0,0,HAYIR,HAYIR
2026-08-16 19:33:14.081,0.80,0.85,28,0.0,0.0,0.000,-0.0,0,HAYIR,HAYIR
2026-08-16 19:33:14.101,0.80,0.85,28,0.0,0.0,0.000,-0.0,0,HAYIR,HAYIR
2026-08-16 19:33:14.121,0.80,0.85,28,0.0,0.0,0.000,-0.0,0,HAYIR,HAYIR
2026-08-16 19:33:14.141,0.80,0.85,28,0.0,0.0,0.000,-0.0,0,HAYIR,HAYIR
2026-08-16 19:33:14.161,0.80,0.85,28,0.0,0.0,0.000,-0.0,0,HAYIR,HAYIR
2026-08-16 19:33:14.181,0.80,0.85,28,0.0,0.0,0.000,-0.0,0,HAYIR,HAYIR
2026-08-16 19:33:14.201,0.80,0.85,28,0.0,0.0,0.000,-0.0,0,HAYIR,HAYIR
2026-08-16 19:33:14.221,0.80,0.92,28,0.0,0.0,0.000,-0.0,0,HAYIR,HAYIR
2026-08-16 19:33:14.241,0.80,0.92,28,0.0,0.0,0.000,-0.0,0,HAYIR,HAYIR
2026-08-16 19:33:14.261,0.80,0.92,28,0.0,0.0,0.000,-0.0,0,HAYIR,HAYIR
2026-08-16 19:33:14.281,0.80,0.92,28,0.0,0.0,0.000,-0.0,0,HAYIR,HAYIR
2026-08-16 19:33:14.301,0.80,0.92,28,0.0,0.0,0.000,-0.0,0,HAYIR,HAYIR
2026-08-16 19:33:14.321,0.80,0.92,28,0.0,0.0,0.000,-0.0,0,HAYIR,HAYIR
2026-08-16 19:33:14.341,0.80,0.92,28,0.0,0.0,0.000,-0.0,0,HAYIR,HAYIR
2026-08-16 19:33:14.361,0.80,0.92,28,0.0,0.0,0.000,-0.0,0,HAYIR,HAYIR
2026-08-16 19:33:14.381,0.80,0.92,28,0.0,0.0,0.000,-0.0,0,HAYIR,HAYIR
2026-08-16 19:33:14.401,0.80,0.92,28,0.0,0.0,0.000,-0.0,0,HAYIR,HAYIR
2026-08-16 19:33:14.421,0.80,0.92,28,0.0,0.0,0.000,-0.0,0,HAYIR,HAYIR
2026-08-16 19:33:14.441,0.80,0.92,28,0.0,0.0,0.000,-0.0,0,HAYIR,HAYIR
2026-08-16 19:33:14.461,0.80,0.92,28,0.0,0.0,0.000,-0.0,0,HAYIR,HAYIR
2026-08-16 19:33:14.481,0.80,0.92,28,0.0,0.0,0.000,-0.0,0,HAYIR,HAYIR
2026-08-16 19:33:14.501,0.80,0.92,28,0.0,0.0,0.000,-0.0,0,HAYIR,HAYIR
2026-08-16 19:33:14.521,0.80,0.92,28,0.0,0.0,0.000,-0.0,0,HAYIR,HAYIR
2026-08-16 19:33:14.541,0.80,1.00,28,0.0,0.0,0.000,-0.0,0,HAYIR,HAYIR
2026-08-16 19:33:14.561,0.80,1.00,28,0.0,0.0,0.000,-0.0,0,HAYIR,HAYIR
2026-08-16 19:33:14.581,0.80,1.00,28,0.0,0.0,0.000,-0.0,0,HAYIR,HAYIR
2026-08-16 19:33:14.601,0.80,1.00,28,0.0,0.0,0.000,-0.0,0,HAYIR,HAYIR
2026-08-16 19:33:14.621,0.80,1.00,28,0.0,0.0,0.000,-0.0,0,HAYIR,HAYIR
2026-08-16 19:33:14.641,0.80,1.00,28,0.0,0.0,0.000,-0.0,0,HAYIR,HAYIR
2026-08-16 19:33:14.661,0.80,1.00,28,0.0,0.0,0.000,-0.0,0,HAYIR,HAYIR
2026-08-16 19:33:14.681,0.80,1.00,28,0.0,0.0,0.000,-0.0,0,HAYIR,HAYIR
2026-08-16 19:33:14.701,0.80,1.00,28,0.0,0.0,0.000,-0.0,0,HAYIR,HAYIR
2026-08-16 19:33:14.721,0.80,1.00,28,0.0,0.0,0.000,-0.0,0,HAYIR,HAYIR
2026-08-16 19:33:14.741,0.80,1.00,28,0.0,0.0,0.000,-0.0,0,HAYIR,HAYIR
2026-08-16 19:33:14.761,0.80,1.00,28,0.0,0.0,0.000,-0.0,0,HAYIR,HAYIR
2026-08-16 19:33:14.781,0.80,1.00,28,0.0,0.0,0.000,-0.0,0,HAYIR,HAYIR
2026-08-16 19:33:14.801,0.80,1.00,28,0.0,0.0,0.000,-0.0,0,HAYIR,HAYIR
2026-08-16 19:33:14.821,0.80,1.00,28,0.0,0.0,0.000,-0.0,0,HAYIR,HAYIR
2026-08-16 19:33:14.841,0.80,1.00,28,0.0,0.0,0.000,-0.0,0,HAYIR,HAYIR
2026-08-16 19:33:14.861,0.80,1.03,28,0.0,0.0,0.000,-0.0,0,HAYIR,HAYIR
2026-08-16 19:33:14.881,0.80,1.03,28,0.0,0.0,0.000,-0.0,0,HAYIR,HAYIR
2026-08-16 19:33:14.901,0.80,1.03,28,0.0,0.0,0.000,-0.0,0,HAYIR,HAYIR
2026-08-16 19:33:14.921,0.80,1.03,28,0.0,0.0,0.000,-0.0,0,HAYIR,HAYIR
2026-08-16 19:33:14.941,0.80,1.03,28,0.0,0.0,0.000,-0.0,0,HAYIR,HAYIR
2026-08-16 19:33:14.961,0.80,1.03,28,0.0,0.0,0.000,-0.0,0,HAYIR,HAYIR
2026-08-16 19:33:14.981,0.80,1.03,28,0.0,0.0,0.000,-0.0,0,HAYIR,HAYIR
2026-08-16 19:33:15.001,0.80,1.03,28,0.0,0.0,0.000,-0.0,0,HAYIR,HAYIR
2026-08-16 19:33:15.021,0.80,1.03,28,0.0,0.0,0.000,-0.0,0,HAYIR,HAYIR
2026-08-16 19:33:15.041,0.80,1.03,28,0.0,0.0,0.000,-0.0,0,HAYIR,HAYIR
2026-08-16 19:33:15.061,0.80,1.03,28,0.0,0.0,0.000,-0.0,0,HAYIR,HAYIR
2026-08-16 19:33:15.081,0.80,1.03,28,0.0,0.0,0.000,-0.0,0,HAYIR,HAYIR
2026-08-16 19:33:15.101,0.80,1.03,28,0.0,0.0,0.000,-0.0,0,HAYIR,HAYIR
2026-08-16 19:33:15.121,0.80,1.03,28,0.0,0.0,0.000,-0.0,0,HAYIR,HAYIR
2026-08-16 19:33:15.141,0.80,1.03,28,0.0,0.0,0.000,-0.0,0,HAYIR,HAYIR
2026-08-16 19:33:15.161,0.80,1.03,28,0.0,0.0,0.000,-0.0,0,HAYIR,HAYIR
2026-08-16 19:33:15.181,0.80,1.02,28,0.0,0.0,0.000,-0.0,0,HAYIR,HAYIR
2026-08-16 19:33:15.201,0.80,1.02,28,0.0,0.0,0.000,-0.0,0,HAYIR,HAYIR
2026-08-16 19:33:15.221,0.80,1.02,28,0.0,0.0,0.000,-0.0,0,HAYIR,HAYIR
2026-08-16 19:33:15.241,0.80,1.02,28,0.0,0.0,0.000,-0.0,0,HAYIR,HAYIR
2026-08-16 19:33:15.261,0.80,1.02,28,0.0,0.0,0.000,-0.0,0,HAYIR,HAYIR
2026-08-16 19:33:15.281,0.80,1.02,28,0.0,0.0,0.000,-0.0,0,HAYIR,HAYIR
2026-08-16 19:33:15.301,0.80,1.02,28,0.0,0.0,0.000,-0.0,0,HAYIR,HAYIR
2026-08-16 19:33:15.321,0.80,1.02,28,0.0,0.0,0.000,-0.0,0,HAYIR,HAYIR
2026-08-16 19:33:15.341,0.80,1.02,28,0.0,0.0,0.000,-0.0,0,HAYIR,HAYIR
2026-08-16 19:33:15.361,0.80,1.02,28,0.0,0.0,0.000,-0.0,0,HAYIR,HAYIR
2026-08-16 19:33:15.381,0.80,1.02,28,0.0,0.0,0.000,-0.0,0,HAYIR,HAYIR
2026-08-16 19:33:15.401,0.80,1.02,28,0.0,0.0,0.000,-0.0,0,HAYIR,HAYIR
2026-08-16 19:33:15.421,0.80,1.02,28,0.0,0.0,0.000,-0.0,0,HAYIR,HAYIR
2026-08-16 19:33:15.441,0.80,1.02,28,0.0,0.0,0.000,-0.0,0,HAYIR,HAYIR
2026-08-16 19:33:15.461,0.80,1.02,28,0.0,0.0,0.000,-0.0,0,HAYIR,HAYIR
2026-08-16 19:33:15.481,0.80,1.02,28,0.0,0.0,0.000,-0.0,0,HAYIR,HAYIR
2026-08-16 19:33:15.501,0.80,1.02,28,0.0,0.0,0.000,-0.0,0,HAYIR,HAYIR
2026-08-16 19:33:15.521,0.80,1.02,28,0.0,0.0,0.000,-0.0,0,HAYIR,HAYIR
2026-08-16 19:33:15.541,0.80,1.02,28,0.0,0.0,0.000,-0.0,0,HAYIR,HAYIR
2026-08-16 19:33:15.561,0.80,1.02,28,0.0,0.0,0.000,-0.0,0,HAYIR,HAYIR
2026-08-16 19:33:15.581,0.80,1.00,28,0.0,0.0,0.000,-0.0,0,HAYIR,HAYIR
2026-08-16 19:33:15.601,0.80,1.00,28,0.0,0.0,0.000,-0.0,0,HAYIR,HAYIR
2026-08-16 19:33:15.621,0.80,1.00,28,0.0,0.0,0.000,-0.0,0,HAYIR,HAYIR
2026-08-16 19:33:15.641,0.80,1.00,28,0.0,0.0,0.000,-0.0,0,HAYIR,HAYIR
2026-08-16 19:33:15.661,0.80,1.00,28,0.0,0.0,0.000,-0.0,0,HAYIR,HAYIR
2026-08-16 19:33:15.681,0.80,1.00,28,0.0,0.0,0.000,-0.0,0,HAYIR,HAYIR
2026-08-16 19:33:15.701,0.80,1.00,28,0.0,0.0,0.000,-0.0,0,HAYIR,HAYIR
2026-08-16 19:33:15.721,0.80,1.00,28,0.0,0.0,0.000,-0.0,0,HAYIR,HAYIR
2026-08-16 19:33:15.741,0.80,1.00,28,0.0,0.0,0.000,-0.0,0,HAYIR,HAYIR
2026-08-16 19:33:15.761,0.80,1.00,28,0.0,0.0,0.000,-0.0,0,HAYIR,HAYIR
2026-08-16 19:33:15.781,0.80,1.00,28,0.0,0.0,0.000,-0.0,0,HAYIR,HAYIR
2026-08-16 19:33:15.801,0.80,1.00,28,0.0,0.0,0.000,-0.0,0,HAYIR,HAYIR
2026-08-16 19:33:15.821,0.80,1.00,28,0.0,0.0,0.000,-0.0,0,HAYIR,HAYIR
2026-08-16 19:33:15.841,0.80,1.00,28,0.0,0.0,0.000,-0.0,0,HAYIR,HAYIR
2026-08-16 19:33:15.861,0.80,1.00,28,0.0,0.0,0.000,-0.0,0,HAYIR,HAYIR
2026-08-16 19:33:15.881,0.80,1.00,28,0.0,0.0,0.000,-0.0,0,HAYIR,HAYIR
2026-08-16 19:33:15.901,0.80,0.95,28,0.0,0.0,0.000,-0.0,0,HAYIR,HAYIR
2026-08-16 19:33:15.921,0.80,0.95,28,0.0,0.0,0.000,-0.0,0,HAYIR,HAYIR
2026-08-16 19:33:15.941,0.80,0.95,28,0.0,0.0,0.000,-0.0,0,HAYIR,HAYIR
2026-08-16 19:33:15.961,0.80,0.95,28,0.0,0.0,0.000,-0.0,0,HAYIR,HAYIR
2026-08-16 19:33:15.981,0.80,0.95,28,0.0,0.0,0.000,-0.0,0,HAYIR,HAYIR
2026-08-16 19:33:16.001,0.80,0.95,28,0.0,0.0,0.000,-0.0,0,HAYIR,HAYIR
2026-08-16 19:33:16.021,0.80,0.95,28,0.0,0.0,0.000,-0.0,0,HAYIR,HAYIR
2026-08-16 19:33:16.041,0.80,0.95,28,0.0,0.0,0.000,-0.0,0,HAYIR,HAYIR
2026-08-16 19:33:16.061,0.80,0.95,28,0.0,0.0,0.000,-0.0,0,HAYIR,HAYIR
2026-08-16 19:33:16.081,0.80,0.95,28,0.0,0.0,0.000,-0.0,0,HAYIR,HAYIR
2026-08-16 19:33:16.101,0.80,0.95,28,0.0,0.0,0.000,-0.0,0,HAYIR,HAYIR
2026-08-16 19:33:16.121,0.80,0.95,28,0.0,0.0,0.000,-0.0,0,HAYIR,HAYIR
2026-08-16 19:33:16.141,0.80,0.95,28,0.0,0.0,0.000,-0.0,0,HAYIR,HAYIR
2026-08-16 19:33:16.161,0.80,0.95,28,0.0,0.0,0.000,-0.0,0,HAYIR,HAYIR
2026-08-16 19:33:16.181,0.80,0.95,28,0.0,0.0,0.000,-0.0,0,HAYIR,HAYIR
2026-08-16 19:33:16.201,0.80,0.95,28,0.0,0.0,0.000,-0.0,0,HAYIR,HAYIR
2026-08-16 19:33:16.221,0.80,0.91,28,0.0,0.0,0.000,-0.0,0,HAYIR,HAYIR
2026-08-16 19:33:16.241,0.80,0.91,28,0.0,0.0,0.000,-0.0,0,HAYIR,HAYIR
2026-08-16 19:33:16.261,0.80,0.91,28,0.0,0.0,0.000,-0.0,0,HAYIR,HAYIR
2026-08-16 19:33:16.281,0.80,0.91,28,0.0,0.0,0.000,-0.0,0,HAYIR,HAYIR
2026-08-16 19:33:16.301,0.80,0.91,28,0.0,0.0,0.000,-0.0,0,HAYIR,HAYIR
2026-08-16 19:33:16.321,0.80,0.91,28,0.0,0.0,0.000,-0.0,0,HAYIR,HAYIR
2026-08-16 19:33:16.341,0.80,0.91,28,0.0,0.0,0.000,-0.0,0,HAYIR,HAYIR
2026-08-16 19:33:16.361,0.80,0.91,28,0.0,0.0,0.000,-0.0,0,HAYIR,HAYIR
2026-08-16 19:33:16.381,0.80,0.91,28,0.0,0.0,0.000,-0.0,0,HAYIR,HAYIR
2026-08-16 19:33:16.401,0.80,0.91,28,0.0,0.0,0.000,-0.0,0,HAYIR,HAYIR
2026-08-16 19:33:16.421,0.80,0.91,28,0.0,0.0,0.000,-0.0,0,HAYIR,HAYIR
2026-08-16 19:33:16.441,0.80,0.91,28,0.0,0.0,0.000,-0.0,0,HAYIR,HAYIR
2026-08-16 19:33:16.461,0.80,0.91,28,0.0,0.0,0.000,-0.0,0,HAYIR,HAYIR
2026-08-16 19:33:16.481,0.80,0.91,28,0.0,0.0,0.000,-0.0,0,HAYIR,HAYIR
2026-08-16 19:33:16.501,0.80,0.91,28,0.0,0.0,0.000,-0.0,0,HAYIR,HAYIR
2026-08-16 19:33:16.521,0.80,0.91,28,0.0,0.0,0.000,-0.0,0,HAYIR,HAYIR
2026-08-16 19:33:16.541,0.80,0.87,28,0.0,0.0,0.000,-0.0,0,HAYIR,HAYIR
2026-08-16 19:33:16.561,0.80,0.87,28,0.0,0.0,0.000,-0.0,0,HAYIR,HAYIR
2026-08-16 19:33:16.581,0.80,0.87,28,0.0,0.0,0.000,-0.0,0,HAYIR,HAYIR
2026-08-16 19:33:16.601,0.80,0.87,28,0.0,0.0,0.000,-0.0,0,HAYIR,HAYIR
2026-08-16 19:33:16.621,0.80,0.87,28,0.0,0.0,0.000,-0.0,0,HAYIR,HAYIR
2026-08-16 19:33:16.641,0.80,0.87,28,0.0,0.0,0.000,-0.0,0,HAYIR,HAYIR
2026-08-16 19:33:16.661,0.80,0.87,28,0.0,0.0,0.000,-0.0,0,HAYIR,HAYIR
2026-08-16 19:33:16.681,0.80,0.87,28,0.0,0.0,0.000,-0.0,0,HAYIR,HAYIR
2026-08-16 19:33:16.701,0.80,0.87,28,0.0,0.0,0.000,-0.0,0,HAYIR,HAYIR
2026-08-16 19:33:16.721,0.80,0.87,28,0.0,0.0,0.000,-0.0,0,HAYIR,HAYIR
2026-08-16 19:33:16.741,0.80,0.87,28,0.0,0.0,0.000,-0.0,0,HAYIR,HAYIR
2026-08-16 19:33:16.761,0.80,0.87,28,0.0,0.0,0.000,-0.0,0,HAYIR,HAYIR
2026-08-16 19:33:16.781,0.80,0.87,28,0.0,0.0,0.000,-0.0,0,HAYIR,HAYIR
2026-08-16 19:33:16.801,0.80,0.87,28,0.0,0.0,0.000,-0.0,0,HAYIR,HAYIR
2026-08-16 19:33:16.821,0.80,0.87,28,0.0,0.0,0.000,-0.0,0,HAYIR,HAYIR
2026-08-16 19:33:16.841,0.80,0.87,28,0.0,0.0,0.000,-0.0,0,HAYIR,HAYIR
2026-08-16 19:33:16.861,0.80,0.83,28,0.0,0.0,0.000,-0.0,0,HAYIR,HAYIR
2026-08-16 19:33:16.881,0.80,0.83,28,0.0,0.0,0.000,-0.0,0,HAYIR,HAYIR
2026-08-16 19:33:16.901,0.80,0.83,28,0.0,0.0,0.000,-0.0,0,HAYIR,HAYIR
2026-08-16 19:33:16.921,0.80,0.83,28,0.0,0.0,0.000,-0.0,0,HAYIR,HAYIR
2026-08-16 19:33:16.941,0.80,0.83,28,0.0,0.0,0.000,-0.0,0,HAYIR,HAYIR
2026-08-16 19:33:16.961,0.80,0.83,28,0.0,0.0,0.000,-0.0,0,HAYIR,HAYIR
2026-08-16 19:33:16.981,0.80,0.83,28,0.0,0.0,0.000,-0.0,0,HAYIR,HAYIR
2026-08-16 19:33:17.001,0.80,0.83,28,0.0,0.0,0.000,-0.0,0,HAYIR,HAYIR
2026-08-16 19:33:17.021,0.80,0.83,28,0.0,0.0,0.000,-0.0,0,HAYIR,HAYIR
2026-08-16 19:33:17.041,0.80,0.83,28,0.0,0.0,0.000,-0.0,0,HAYIR,HAYIR
2026-08-16 19:33:17.061,0.80,0.83,28,0.0,0.0,0.000,-0.0,0,HAYIR,HAYIR
2026-08-16 19:33:17.081,0.80,0.83,28,0.0,0.0,0.000,-0.0,0,HAYIR,HAYIR
2026-08-16 19:33:17.101,0.80,0.83,28,0.0,0.0,0.000,-0.0,0,HAYIR,HAYIR
2026-08-16 19:33:17.121,0.80,0.83,28,0.0,0.0,0.000,-0.0,0,HAYIR,HAYIR
2026-08-16 19:33:17.141,0.80,0.83,28,0.0,0.0,0.000,-0.0,0,HAYIR,HAYIR
2026-08-16 19:33:17.161,0.80,0.83,28,0.0,0.0,0.000,-0.0,0,HAYIR,HAYIR
2026-08-16 19:33:17.181,0.80,0.83,28,0.0,0.0,0.000,-0.0,0,HAYIR,HAYIR
2026-08-16 19:33:17.201,0.80,0.83,28,0.0,0.0,0.000,-0.0,0,HAYIR,HAYIR
2026-08-16 19:33:17.221,0.80,0.83,28,0.0,0.0,0.000,-0.0,0,HAYIR,HAYIR
2026-08-16 19:33:17.241,0.80,0.78,36,0.0,0.0,0.000,-0.0,0,HAYIR,HAYIR
2026-08-16 19:33:17.261,0.80,0.78,33,0.0,0.0,0.000,-0.0,0,HAYIR,HAYIR
2026-08-16 19:33:17.281,0.80,0.78,33,0.0,0.0,0.000,-0.0,0,HAYIR,HAYIR
2026-08-16 19:33:17.301,0.80,0.78,33,0.0,0.0,0.000,-0.0,0,HAYIR,HAYIR
2026-08-16 19:33:17.321,0.80,0.78,33,0.0,0.0,0.000,-0.0,0,HAYIR,HAYIR
2026-08-16 19:33:17.341,0.80,0.78,33,0.0,0.0,0.000,-0.0,0,HAYIR,HAYIR
2026-08-16 19:33:17.361,0.80,0.78,33,0.0,0.0,0.000,-0.0,0,HAYIR,HAYIR
2026-08-16 19:33:17.381,0.80,0.78,33,0.0,0.0,0.000,-0.0,0,HAYIR,HAYIR
2026-08-16 19:33:17.401,0.80,0.78,33,0.0,0.0,0.000,-0.0,0,HAYIR,HAYIR
2026-08-16 19:33:17.421,0.80,0.78,33,0.0,0.0,0.000,-0.0,0,HAYIR,HAYIR
2026-08-16 19:33:17.441,0.80,0.78,33,0.0,0.0,0.000,-0.0,0,HAYIR,HAYIR
2026-08-16 19:33:17.461,0.80,0.78,33,0.0,0.0,0.000,-0.0,0,HAYIR,HAYIR
2026-08-16 19:33:17.481,0.80,0.78,33,0.0,0.0,0.000,-0.0,0,HAYIR,HAYIR
2026-08-16 19:33:17.501,0.80,0.78,33,0.0,0.0,0.000,-0.0,0,HAYIR,HAYIR
2026-08-16 19:33:17.521,0.80,0.78,33,0.0,0.0,0.000,-0.0,0,HAYIR,HAYIR
2026-08-16 19:33:17.541,0.80,0.78,33,0.0,0.0,0.000,-0.0,0,HAYIR,HAYIR
2026-08-16 19:33:17.561,0.80,0.72,36,0.0,0.0,0.000,-0.0,0,HAYIR,HAYIR
2026-08-16 19:33:17.581,0.80,0.72,34,0.0,0.0,0.000,-0.0,0,HAYIR,HAYIR
2026-08-16 19:33:17.601,0.80,0.72,34,0.0,0.0,0.000,-0.0,0,HAYIR,HAYIR
2026-08-16 19:33:17.621,0.80,0.72,34,0.0,0.0,0.000,-0.0,0,HAYIR,HAYIR
2026-08-16 19:33:17.641,0.80,0.72,34,0.0,0.0,0.000,-0.0,0,HAYIR,HAYIR
2026-08-16 19:33:17.661,0.80,0.72,34,0.0,0.0,0.000,-0.0,0,HAYIR,HAYIR
2026-08-16 19:33:17.681,0.80,0.72,34,0.0,0.0,0.000,-0.0,0,HAYIR,HAYIR
2026-08-16 19:33:17.701,0.80,0.72,34,0.0,0.0,0.000,-0.0,0,HAYIR,HAYIR
2026-08-16 19:33:17.721,0.80,0.72,34,0.0,0.0,0.000,-0.0,0,HAYIR,HAYIR
2026-08-16 19:33:17.741,0.80,0.72,34,0.0,0.0,0.000,-0.0,0,HAYIR,HAYIR
2026-08-16 19:33:17.761,0.80,0.72,34,0.0,0.0,0.000,-0.0,0,HAYIR,HAYIR
2026-08-16 19:33:17.781,0.80,0.72,34,0.0,0.0,0.000,-0.0,0,HAYIR,HAYIR
2026-08-16 19:33:17.801,0.80,0.72,34,0.0,0.0,0.000,-0.0,0,HAYIR,HAYIR
2026-08-16 19:33:17.821,0.80,0.72,34,0.0,0.0,0.030,-11.6,-1,HAYIR,HAYIR
2026-08-16 19:33:17.841,0.80,0.72,34,0.0,0.0,0.030,-11.6,-2,HAYIR,HAYIR
2026-08-16 19:33:17.861,0.80,0.72,34,0.0,0.0,0.030,-11.6,-4,HAYIR,HAYIR
2026-08-16 19:33:17.881,0.80,0.68,35,0.0,0.0,0.030,-11.7,-5,HAYIR,HAYIR
2026-08-16 19:33:17.901,0.80,0.68,34,0.0,0.0,0.030,-11.7,-6,HAYIR,HAYIR
2026-08-16 19:33:17.921,0.80,0.68,34,0.0,0.0,0.033,-12.6,-7,HAYIR,HAYIR
2026-08-16 19:33:17.941,0.80,0.68,34,0.0,0.0,0.033,-12.6,-8,HAYIR,HAYIR
2026-08-16 19:33:17.961,0.80,0.68,34,0.0,0.0,0.033,-12.6,-10,HAYIR,HAYIR
2026-08-16 19:33:17.981,0.80,0.68,34,0.0,0.0,0.033,-12.8,-11,HAYIR,HAYIR
2026-08-16 19:33:18.001,0.80,0.68,34,0.0,0.0,0.033,-12.8,-12,HAYIR,HAYIR
2026-08-16 19:33:18.021,0.80,0.68,34,0.0,0.0,0.034,-13.0,-13,HAYIR,HAYIR
2026-08-16 19:33:18.041,0.80,0.68,34,0.0,0.0,0.034,-13.0,-13,HAYIR,HAYIR
2026-08-16 19:33:18.061,0.80,0.68,34,0.0,0.0,0.034,-13.0,-13,HAYIR,HAYIR
2026-08-16 19:33:18.081,0.80,0.68,34,0.0,0.0,0.034,-13.2,-13,HAYIR,HAYIR
2026-08-16 19:33:18.101,0.80,0.68,34,0.0,0.0,0.034,-13.2,-13,HAYIR,HAYIR
2026-08-16 19:33:18.121,0.80,0.68,34,0.0,0.0,0.035,-13.4,-13,HAYIR,HAYIR
2026-08-16 19:33:18.141,0.80,0.68,34,0.0,0.0,0.035,-13.4,-13,HAYIR,HAYIR
2026-08-16 19:33:18.161,0.80,0.68,34,0.0,0.0,0.035,-13.4,-13,HAYIR,HAYIR
2026-08-16 19:33:18.181,0.80,0.68,34,0.0,0.0,0.035,-13.6,-14,HAYIR,HAYIR
2026-08-16 19:33:18.201,0.80,0.67,34,0.0,0.0,0.035,-13.6,-14,HAYIR,HAYIR
2026-08-16 19:33:18.221,0.80,0.67,34,0.0,0.0,0.036,-13.8,-14,HAYIR,HAYIR
2026-08-16 19:33:18.241,0.80,0.67,34,0.0,0.0,0.036,-13.8,-14,HAYIR,HAYIR
2026-08-16 19:33:18.261,0.80,0.67,34,0.0,0.0,0.036,-13.8,-14,HAYIR,HAYIR
2026-08-16 19:33:18.281,0.80,0.67,34,0.0,0.0,0.037,-14.4,-14,HAYIR,HAYIR
2026-08-16 19:33:18.301,0.80,0.67,34,0.0,0.0,0.037,-14.4,-14,HAYIR,HAYIR
2026-08-16 19:33:18.321,0.80,0.67,34,0.0,0.0,0.038,-14.8,-15,HAYIR,HAYIR
2026-08-16 19:33:18.341,0.80,0.67,34,0.0,0.0,0.038,-14.8,-15,HAYIR,HAYIR
2026-08-16 19:33:18.361,0.80,0.67,34,0.0,0.0,0.038,-14.8,-15,HAYIR,HAYIR
2026-08-16 19:33:18.381,0.80,0.67,34,0.0,0.0,0.039,-15.1,-15,HAYIR,HAYIR
2026-08-16 19:33:18.401,0.80,0.67,34,0.0,0.0,0.039,-15.1,-15,HAYIR,HAYIR
2026-08-16 19:33:18.421,0.80,0.67,34,0.0,0.0,0.040,-15.3,-15,HAYIR,HAYIR
2026-08-16 19:33:18.441,0.80,0.67,34,0.0,0.0,0.040,-15.3,-15,HAYIR,HAYIR
2026-08-16 19:33:18.461,0.80,0.67,34,0.0,0.0,0.040,-15.3,-15,HAYIR,HAYIR
2026-08-16 19:33:18.481,0.80,0.67,34,0.0,0.0,0.040,-15.4,-15,HAYIR,HAYIR
2026-08-16 19:33:18.501,0.80,0.67,34,0.0,0.0,0.040,-15.4,-15,HAYIR,HAYIR
2026-08-16 19:33:18.521,0.80,0.69,33,0.0,0.0,0.040,-15.4,-15,HAYIR,HAYIR
2026-08-16 19:33:18.541,0.80,0.69,34,0.0,0.0,0.040,-15.4,-15,HAYIR,HAYIR
2026-08-16 19:33:18.561,0.80,0.69,34,0.0,0.0,0.040,-15.4,-15,HAYIR,HAYIR
2026-08-16 19:33:18.581,0.80,0.69,34,0.0,0.0,0.040,-15.5,-15,HAYIR,HAYIR
2026-08-16 19:33:18.601,0.80,0.69,34,0.0,0.0,0.040,-15.5,-15,HAYIR,HAYIR
2026-08-16 19:33:18.621,0.80,0.69,34,0.0,0.0,0.039,-15.1,-15,HAYIR,HAYIR
2026-08-16 19:33:18.641,0.80,0.69,34,0.0,0.0,0.039,-15.1,-15,HAYIR,HAYIR
2026-08-16 19:33:18.661,0.80,0.69,34,0.0,0.0,0.039,-15.1,-15,HAYIR,HAYIR
2026-08-16 19:33:18.681,0.80,0.69,34,0.0,0.0,0.039,-15.1,-15,HAYIR,HAYIR
2026-08-16 19:33:18.701,0.80,0.69,34,0.0,0.0,0.039,-15.1,-15,HAYIR,HAYIR
2026-08-16 19:33:18.721,0.80,0.69,34,0.0,0.0,0.039,-14.9,-15,HAYIR,HAYIR
2026-08-16 19:33:18.741,0.80,0.69,34,0.0,0.0,0.039,-14.9,-15,HAYIR,HAYIR
2026-08-16 19:33:18.761,0.80,0.69,34,0.0,0.0,0.039,-14.9,-15,HAYIR,HAYIR
2026-08-16 19:33:18.781,0.80,0.69,34,0.0,0.0,0.038,-14.8,-15,HAYIR,HAYIR
2026-08-16 19:33:18.801,0.80,0.69,34,0.0,0.0,0.038,-14.8,-15,HAYIR,HAYIR
2026-08-16 19:33:18.821,0.80,0.69,34,0.0,0.0,0.038,-14.6,-15,HAYIR,HAYIR
2026-08-16 19:33:18.841,0.80,0.69,34,0.0,0.0,0.038,-14.6,-15,HAYIR,HAYIR
2026-08-16 19:33:18.861,0.80,0.69,34,0.0,0.0,0.038,-14.6,-15,HAYIR,HAYIR
2026-08-16 19:33:18.881,0.80,0.69,34,0.0,0.0,0.038,-14.7,-15,HAYIR,HAYIR
2026-08-16 19:33:18.901,0.80,0.72,32,0.0,0.0,0.038,-14.7,-15,HAYIR,HAYIR
2026-08-16 19:33:18.921,0.80,0.72,34,0.0,0.0,0.037,-14.4,-14,HAYIR,HAYIR
2026-08-16 19:33:18.941,0.80,0.72,34,0.0,0.0,0.037,-14.4,-14,HAYIR,HAYIR
2026-08-16 19:33:18.961,0.80,0.72,34,0.0,0.0,0.037,-14.4,-14,HAYIR,HAYIR
2026-08-16 19:33:18.981,0.80,0.72,34,0.0,0.0,0.034,-13.2,-13,HAYIR,HAYIR
2026-08-16 19:33:19.001,0.80,0.72,34,0.0,0.0,0.034,-13.2,-13,HAYIR,HAYIR
2026-08-16 19:33:19.021,0.80,0.72,34,0.0,0.0,0.034,-12.9,-13,HAYIR,HAYIR
2026-08-16 19:33:19.041,0.80,0.72,34,0.0,0.0,0.034,-12.9,-13,HAYIR,HAYIR
2026-08-16 19:33:19.061,0.80,0.72,34,0.0,0.0,0.034,-12.9,-13,HAYIR,HAYIR
2026-08-16 19:33:19.081,0.80,0.72,34,0.0,0.0,0.033,-12.9,-13,HAYIR,HAYIR
2026-08-16 19:33:19.101,0.80,0.72,34,0.0,0.0,0.033,-12.9,-13,HAYIR,HAYIR
2026-08-16 19:33:19.121,0.80,0.72,34,0.0,0.0,0.033,-12.7,-13,HAYIR,HAYIR
2026-08-16 19:33:19.141,0.80,0.72,34,0.0,0.0,0.033,-12.7,-13,HAYIR,HAYIR
2026-08-16 19:33:19.161,0.80,0.72,34,0.0,0.0,0.033,-12.7,-13,HAYIR,HAYIR
2026-08-16 19:33:19.181,0.80,0.72,34,0.0,0.0,0.033,-12.7,-13,HAYIR,HAYIR
2026-08-16 19:33:19.201,0.80,0.72,34,0.0,0.0,0.033,-12.7,-13,HAYIR,HAYIR
2026-08-16 19:33:19.221,0.80,0.78,31,0.0,0.0,0.032,-12.4,-12,HAYIR,HAYIR
2026-08-16 19:33:19.241,0.80,0.78,34,0.0,0.0,0.032,-12.4,-12,HAYIR,HAYIR
2026-08-16 19:33:19.261,0.80,0.78,34,0.0,0.0,0.032,-12.4,-12,HAYIR,HAYIR
2026-08-16 19:33:19.281,0.80,0.78,34,0.0,0.0,0.032,-12.3,-12,HAYIR,HAYIR
2026-08-16 19:33:19.301,0.80,0.78,34,0.0,0.0,0.032,-12.3,-12,HAYIR,HAYIR
2026-08-16 19:33:19.321,0.80,0.78,34,0.0,0.0,0.000,-0.0,-11,HAYIR,HAYIR
2026-08-16 19:33:19.341,0.80,0.78,34,0.0,0.0,0.000,-0.0,-10,HAYIR,HAYIR
2026-08-16 19:33:19.361,0.80,0.78,34,0.0,0.0,0.000,-0.0,-9,HAYIR,HAYIR
2026-08-16 19:33:19.381,0.80,0.78,34,0.0,0.0,0.000,-0.0,-8,HAYIR,HAYIR
2026-08-16 19:33:19.401,0.80,0.78,34,0.0,0.0,0.000,-0.0,-6,HAYIR,HAYIR
2026-08-16 19:33:19.421,0.80,0.78,34,0.0,0.0,0.000,-0.0,-5,HAYIR,HAYIR
2026-08-16 19:33:19.441,0.80,0.78,34,0.0,0.0,0.000,-0.0,-4,HAYIR,HAYIR
2026-08-16 19:33:19.461,0.80,0.78,34,0.0,0.0,0.000,-0.0,-3,HAYIR,HAYIR
2026-08-16 19:33:19.481,0.80,0.78,34,0.0,0.0,0.000,-0.0,-2,HAYIR,HAYIR
2026-08-16 19:33:19.501,0.80,0.78,34,0.0,0.0,0.000,-0.0,0,HAYIR,HAYIR
2026-08-16 19:33:19.521,0.80,0.78,34,0.0,0.0,0.000,-0.0,0,HAYIR,HAYIR
2026-08-16 19:33:19.541,0.80,0.81,28,0.0,0.0,0.000,-0.0,0,HAYIR,HAYIR
2026-08-16 19:33:19.561,0.80,0.81,28,0.0,0.0,0.000,-0.0,0,HAYIR,HAYIR
2026-08-16 19:33:19.581,0.80,0.81,28,0.0,0.0,0.000,-0.0,0,HAYIR,HAYIR
2026-08-16 19:33:19.601,0.80,0.81,28,0.0,0.0,0.000,-0.0,0,HAYIR,HAYIR
2026-08-16 19:33:19.621,0.80,0.81,28,0.0,0.0,0.000,-0.0,0,HAYIR,HAYIR
2026-08-16 19:33:19.641,0.80,0.81,28,0.0,0.0,0.000,-0.0,0,HAYIR,HAYIR
2026-08-16 19:33:19.661,0.80,0.81,28,0.0,0.0,0.000,-0.0,0,HAYIR,HAYIR
2026-08-16 19:33:19.681,0.80,0.81,28,0.0,0.0,0.000,-0.0,0,HAYIR,HAYIR
2026-08-16 19:33:19.701,0.80,0.81,28,0.0,0.0,0.000,-0.0,0,HAYIR,HAYIR
2026-08-16 19:33:19.721,0.80,0.81,28,0.0,0.0,0.000,-0.0,0,HAYIR,HAYIR
2026-08-16 19:33:19.741,0.80,0.81,28,0.0,0.0,0.000,-0.0,0,HAYIR,HAYIR
2026-08-16 19:33:19.761,0.80,0.81,28,0.0,0.0,0.000,-0.0,0,HAYIR,HAYIR
2026-08-16 19:33:19.781,0.80,0.81,28,0.0,0.0,0.000,-0.0,0,HAYIR,HAYIR
2026-08-16 19:33:19.801,0.80,0.81,28,0.0,0.0,0.000,-0.0,0,HAYIR,HAYIR
2026-08-16 19:33:19.821,0.80,0.81,28,0.0,0.0,0.054,-20.7,-1,HAYIR,HAYIR
2026-08-16 19:33:19.841,0.80,0.81,28,0.0,0.0,0.054,-20.7,-2,HAYIR,HAYIR
2026-08-16 19:33:19.862,0.80,0.84,28,0.0,0.0,0.054,-20.7,-4,HAYIR,HAYIR
2026-08-16 19:33:19.881,0.80,0.84,28,0.0,0.0,0.054,-20.7,-5,HAYIR,HAYIR
2026-08-16 19:33:19.901,0.80,0.84,28,0.0,0.0,0.054,-20.7,-6,HAYIR,HAYIR
2026-08-16 19:33:19.921,0.80,0.84,28,0.0,0.0,0.050,-19.5,-7,HAYIR,HAYIR
2026-08-16 19:33:19.941,0.80,0.84,28,0.0,0.0,0.050,-19.5,-8,HAYIR,HAYIR
2026-08-16 19:33:19.961,0.80,0.84,28,0.0,0.0,0.050,-19.5,-10,HAYIR,HAYIR
2026-08-16 19:33:19.981,0.80,0.84,28,0.0,0.0,0.050,-19.4,-11,HAYIR,HAYIR
2026-08-16 19:33:20.002,0.80,0.84,28,0.0,0.0,0.050,-19.4,-12,HAYIR,HAYIR
2026-08-16 19:33:20.021,0.80,0.84,28,0.0,0.0,0.051,-19.6,-13,HAYIR,HAYIR
2026-08-16 19:33:20.041,0.80,0.84,28,0.0,0.0,0.051,-19.6,-14,HAYIR,HAYIR
2026-08-16 19:33:20.061,0.80,0.84,28,0.0,0.0,0.051,-19.6,-16,HAYIR,HAYIR
2026-08-16 19:33:20.081,0.80,0.84,28,0.0,0.0,0.051,-19.6,-17,HAYIR,HAYIR
2026-08-16 19:33:20.101,0.80,0.84,28,0.0,0.0,0.051,-19.6,-18,HAYIR,HAYIR
2026-08-16 19:33:20.121,0.80,0.84,28,0.0,0.0,0.051,-19.7,-19,HAYIR,HAYIR
2026-08-16 19:33:20.141,0.80,0.84,28,0.0,0.0,0.051,-19.7,-20,HAYIR,HAYIR
2026-08-16 19:33:20.161,0.80,0.84,28,0.0,0.0,0.051,-19.7,-20,HAYIR,HAYIR
2026-08-16 19:33:20.181,0.80,0.84,28,0.0,0.0,0.051,-19.6,-20,HAYIR,HAYIR
2026-08-16 19:33:20.201,0.80,0.90,28,0.0,0.0,0.051,-19.6,-20,HAYIR,HAYIR
2026-08-16 19:33:20.221,0.80,0.90,28,0.0,0.0,0.051,-19.7,-20,HAYIR,HAYIR
2026-08-16 19:33:20.241,0.80,0.90,28,0.0,0.0,0.051,-19.7,-20,HAYIR,HAYIR
2026-08-16 19:33:20.261,0.80,0.90,28,0.0,0.0,0.051,-19.7,-20,HAYIR,HAYIR
2026-08-16 19:33:20.281,0.80,0.90,28,0.0,0.0,0.048,-18.5,-19,HAYIR,HAYIR
2026-08-16 19:33:20.301,0.80,0.90,28,0.0,0.0,0.048,-18.5,-19,HAYIR,HAYIR
2026-08-16 19:33:20.321,0.80,0.90,28,0.0,0.0,0.047,-18.0,-18,HAYIR,HAYIR
2026-08-16 19:33:20.341,0.80,0.90,28,0.0,0.0,0.047,-18.0,-18,HAYIR,HAYIR
2026-08-16 19:33:20.361,0.80,0.90,28,0.0,0.0,0.047,-18.0,-18,HAYIR,HAYIR
2026-08-16 19:33:20.381,0.80,0.90,28,0.0,0.0,0.046,-17.7,-18,HAYIR,HAYIR
2026-08-16 19:33:20.401,0.80,0.90,28,0.0,0.0,0.046,-17.7,-18,HAYIR,HAYIR
2026-08-16 19:33:20.421,0.80,0.90,28,0.0,0.0,0.044,-17.1,-17,HAYIR,HAYIR
2026-08-16 19:33:20.441,0.80,0.90,28,0.0,0.0,0.044,-17.1,-17,HAYIR,HAYIR
2026-08-16 19:33:20.461,0.80,0.90,28,0.0,0.0,0.044,-17.1,-17,HAYIR,HAYIR
2026-08-16 19:33:20.481,0.80,0.90,28,0.0,0.0,0.044,-16.8,-17,HAYIR,HAYIR
2026-08-16 19:33:20.501,0.80,0.90,28,0.0,0.0,0.044,-16.8,-17,HAYIR,HAYIR
2026-08-16 19:33:20.521,0.80,0.90,28,0.0,0.0,0.042,-16.1,-16,HAYIR,HAYIR
2026-08-16 19:33:20.541,0.80,0.90,28,0.0,0.0,0.042,-16.1,-16,HAYIR,HAYIR
2026-08-16 19:33:20.561,0.80,0.90,28,0.0,0.0,0.042,-16.1,-16,HAYIR,HAYIR
2026-08-16 19:33:20.581,0.80,0.93,28,0.0,0.0,0.040,-15.6,-16,HAYIR,HAYIR
2026-08-16 19:33:20.601,0.80,0.93,28,0.0,0.0,0.040,-15.6,-16,HAYIR,HAYIR
2026-08-16 19:33:20.621,0.80,0.93,28,0.0,0.0,0.036,-13.9,-14,HAYIR,HAYIR
2026-08-16 19:33:20.641,0.80,0.93,28,0.0,0.0,0.036,-13.9,-14,HAYIR,HAYIR
2026-08-16 19:33:20.661,0.80,0.93,28,0.0,0.0,0.036,-13.9,-14,HAYIR,HAYIR
2026-08-16 19:33:20.681,0.80,0.93,28,0.0,0.0,0.035,-13.4,-13,HAYIR,HAYIR
2026-08-16 19:33:20.701,0.80,0.93,28,0.0,0.0,0.035,-13.4,-13,HAYIR,HAYIR
2026-08-16 19:33:20.721,0.80,0.93,28,0.0,0.0,0.032,-12.3,-12,HAYIR,HAYIR
2026-08-16 19:33:20.741,0.80,0.93,28,0.0,0.0,0.032,-12.3,-12,HAYIR,HAYIR
2026-08-16 19:33:20.761,0.80,0.93,28,0.0,0.0,0.032,-12.3,-12,HAYIR,HAYIR
2026-08-16 19:33:20.781,0.80,0.93,28,0.0,0.0,0.030,-11.7,-12,HAYIR,HAYIR
2026-08-16 19:33:20.801,0.80,0.93,28,0.0,0.0,0.030,-11.7,-12,HAYIR,HAYIR
2026-08-16 19:33:20.821,0.80,0.93,28,0.0,0.0,0.000,-0.0,-11,HAYIR,HAYIR
2026-08-16 19:33:20.841,0.80,0.93,28,0.0,0.0,0.000,-0.0,-9,HAYIR,HAYIR
2026-08-16 19:33:20.861,0.80,0.93,28,0.0,0.0,0.000,-0.0,-8,HAYIR,HAYIR
2026-08-16 19:33:20.881,0.80,0.93,28,0.0,0.0,0.000,-0.0,-7,HAYIR,HAYIR
2026-08-16 19:33:20.901,0.80,0.91,28,0.0,0.0,0.000,-0.0,-6,HAYIR,HAYIR
2026-08-16 19:33:20.921,0.80,0.91,28,0.0,0.0,0.000,-0.0,-5,HAYIR,HAYIR
2026-08-16 19:33:20.941,0.80,0.91,28,0.0,0.0,0.000,-0.0,-3,HAYIR,HAYIR
2026-08-16 19:33:20.961,0.80,0.91,28,0.0,0.0,0.000,-0.0,-2,HAYIR,HAYIR
2026-08-16 19:33:20.981,0.80,0.91,28,0.0,0.0,0.000,-0.0,-1,HAYIR,HAYIR
2026-08-16 19:33:21.001,0.80,0.91,28,0.0,0.0,0.000,-0.0,0,HAYIR,HAYIR
2026-08-16 19:33:21.021,0.80,0.91,28,0.0,0.0,0.000,-0.0,0,HAYIR,HAYIR
2026-08-16 19:33:21.041,0.80,0.91,28,0.0,0.0,0.000,-0.0,0,HAYIR,HAYIR
2026-08-16 19:33:21.061,0.80,0.91,28,0.0,0.0,0.000,-0.0,0,HAYIR,HAYIR
2026-08-16 19:33:21.081,0.80,0.91,28,0.0,0.0,0.000,-0.0,0,HAYIR,HAYIR
2026-08-16 19:33:21.101,0.80,0.91,28,0.0,0.0,0.000,-0.0,0,HAYIR,HAYIR
2026-08-16 19:33:21.121,0.80,0.91,28,0.0,0.0,0.000,-0.0,0,HAYIR,HAYIR
2026-08-16 19:33:21.141,0.80,0.91,28,0.0,0.0,0.000,-0.0,0,HAYIR,HAYIR
2026-08-16 19:33:21.161,0.80,0.91,28,0.0,0.0,0.000,-0.0,0,HAYIR,HAYIR
2026-08-16 19:33:21.181,0.80,0.91,28,0.0,0.0,0.000,-0.0,0,HAYIR,HAYIR
2026-08-16 19:33:21.201,0.80,0.91,28,0.0,0.0,0.000,-0.0,0,HAYIR,HAYIR
2026-08-16 19:33:21.221,0.80,0.83,28,0.0,0.0,0.000,-0.0,0,HAYIR,HAYIR
2026-08-16 19:33:21.241,0.80,0.83,28,0.0,0.0,0.000,-0.0,0,HAYIR,HAYIR
2026-08-16 19:33:21.261,0.80,0.83,28,0.0,0.0,0.000,-0.0,0,HAYIR,HAYIR
2026-08-16 19:33:21.281,0.80,0.83,28,0.0,0.0,0.000,-0.0,0,HAYIR,HAYIR
2026-08-16 19:33:21.301,0.80,0.83,28,0.0,0.0,0.000,-0.0,0,HAYIR,HAYIR
2026-08-16 19:33:21.321,0.80,0.83,28,0.0,0.0,0.000,-0.0,0,HAYIR,HAYIR
2026-08-16 19:33:21.341,0.80,0.83,28,0.0,0.0,0.000,-0.0,0,HAYIR,HAYIR
2026-08-16 19:33:21.361,0.80,0.83,28,0.0,0.0,0.000,-0.0,0,HAYIR,HAYIR
2026-08-16 19:33:21.381,0.80,0.83,28,0.0,0.0,0.000,-0.0,0,HAYIR,HAYIR
2026-08-16 19:33:21.401,0.80,0.83,28,0.0,0.0,0.000,-0.0,0,HAYIR,HAYIR
2026-08-16 19:33:21.421,0.80,0.83,28,0.0,0.0,0.000,-0.0,0,HAYIR,HAYIR
2026-08-16 19:33:21.441,0.80,0.83,28,0.0,0.0,0.000,-0.0,0,HAYIR,HAYIR
2026-08-16 19:33:21.461,0.80,0.83,28,0.0,0.0,0.000,-0.0,0,HAYIR,HAYIR
2026-08-16 19:33:21.481,0.80,0.83,28,0.0,0.0,0.000,-0.0,0,HAYIR,HAYIR
2026-08-16 19:33:21.501,0.80,0.83,28,0.0,0.0,0.000,-0.0,0,HAYIR,HAYIR
2026-08-16 19:33:21.521,0.80,0.83,28,0.0,0.0,0.000,-0.0,0,HAYIR,HAYIR
2026-08-16 19:33:21.541,0.80,0.71,37,0.0,0.0,0.000,-0.0,0,HAYIR,HAYIR
2026-08-16 19:33:21.561,0.80,0.71,34,0.0,0.0,0.000,-0.0,0,HAYIR,HAYIR
2026-08-16 19:33:21.581,0.80,0.71,34,0.0,0.0,0.000,-0.0,0,HAYIR,HAYIR
2026-08-16 19:33:21.601,0.80,0.71,34,0.0,0.0,0.000,-0.0,0,HAYIR,HAYIR
2026-08-16 19:33:21.621,0.80,0.71,34,0.0,0.0,0.000,-0.0,0,HAYIR,HAYIR
2026-08-16 19:33:21.641,0.80,0.71,34,0.0,0.0,0.000,-0.0,0,HAYIR,HAYIR
2026-08-16 19:33:21.661,0.80,0.71,34,0.0,0.0,0.000,-0.0,0,HAYIR,HAYIR
2026-08-16 19:33:21.681,0.80,0.71,34,0.0,0.0,0.000,-0.0,0,HAYIR,HAYIR
2026-08-16 19:33:21.701,0.80,0.71,34,0.0,0.0,0.000,-0.0,0,HAYIR,HAYIR
2026-08-16 19:33:21.721,0.80,0.71,34,0.0,0.0,0.000,-0.0,0,HAYIR,HAYIR
2026-08-16 19:33:21.741,0.80,0.71,34,0.0,0.0,0.000,-0.0,0,HAYIR,HAYIR
2026-08-16 19:33:21.761,0.80,0.71,34,0.0,0.0,0.000,-0.0,0,HAYIR,HAYIR
2026-08-16 19:33:21.781,0.80,0.71,34,0.0,0.0,0.000,-0.0,0,HAYIR,HAYIR
2026-08-16 19:33:21.801,0.80,0.71,34,0.0,0.0,0.000,-0.0,0,HAYIR,HAYIR
2026-08-16 19:33:21.821,0.80,0.71,34,0.0,0.0,0.031,-11.9,-1,HAYIR,HAYIR
2026-08-16 19:33:21.841,0.80,0.71,34,0.0,0.0,0.031,-11.9,-2,HAYIR,HAYIR
2026-08-16 19:33:21.861,0.80,0.58,37,0.0,0.0,0.031,-11.9,-4,HAYIR,HAYIR
2026-08-16 19:33:21.881,0.80,0.58,34,0.0,0.0,0.031,-11.8,-5,HAYIR,HAYIR
2026-08-16 19:33:21.901,0.80,0.58,34,0.0,0.0,0.031,-11.8,-6,HAYIR,HAYIR
2026-08-16 19:33:21.921,0.80,0.58,34,0.0,0.0,0.035,-13.4,-7,HAYIR,HAYIR
2026-08-16 19:33:21.941,0.80,0.58,34,0.0,0.0,0.035,-13.4,-8,HAYIR,HAYIR
2026-08-16 19:33:21.961,0.80,0.58,34,0.0,0.0,0.035,-13.4,-10,HAYIR,HAYIR
2026-08-16 19:33:21.981,0.80,0.58,34,0.0,0.0,0.035,-13.7,-11,HAYIR,HAYIR
2026-08-16 19:33:22.001,0.80,0.58,34,0.0,0.0,0.035,-13.7,-12,HAYIR,HAYIR
2026-08-16 19:33:22.021,0.80,0.58,34,0.0,0.0,0.035,-13.6,-13,HAYIR,HAYIR
2026-08-16 19:33:22.041,0.80,0.58,34,0.0,0.0,0.035,-13.6,-14,HAYIR,HAYIR
2026-08-16 19:33:22.061,0.80,0.58,34,0.0,0.0,0.035,-13.6,-14,HAYIR,HAYIR
2026-08-16 19:33:22.081,0.80,0.58,34,0.0,0.0,0.035,-13.6,-14,HAYIR,HAYIR
2026-08-16 19:33:22.101,0.80,0.58,34,0.0,0.0,0.035,-13.6,-14,HAYIR,HAYIR
2026-08-16 19:33:22.121,0.80,0.58,34,0.0,0.0,0.036,-14.0,-14,HAYIR,HAYIR
2026-08-16 19:33:22.141,0.80,0.58,34,0.0,0.0,0.036,-14.0,-14,HAYIR,HAYIR
2026-08-16 19:33:22.161,0.80,0.58,34,0.0,0.0,0.036,-14.0,-14,HAYIR,HAYIR
2026-08-16 19:33:22.181,0.80,0.58,34,0.0,0.0,0.036,-14.0,-14,HAYIR,HAYIR
2026-08-16 19:33:22.201,0.80,0.58,34,0.0,0.0,0.036,-14.0,-14,HAYIR,HAYIR
2026-08-16 19:33:22.221,0.80,0.58,34,0.0,0.0,0.037,-14.2,-14,HAYIR,HAYIR
2026-08-16 19:33:22.241,0.80,0.49,37,0.0,0.0,0.037,-14.2,-14,HAYIR,HAYIR
2026-08-16 19:33:22.261,0.80,0.49,35,0.0,0.0,0.037,-14.2,-14,HAYIR,HAYIR
2026-08-16 19:33:22.281,0.80,0.49,35,0.0,0.0,0.037,-14.2,-14,HAYIR,HAYIR
2026-08-16 19:33:22.301,0.80,0.49,35,0.0,0.0,0.037,-14.2,-14,HAYIR,HAYIR
2026-08-16 19:33:22.321,0.80,0.49,35,0.0,0.0,0.046,-17.9,-15,HAYIR,HAYIR
2026-08-16 19:33:22.341,0.80,0.49,35,0.0,0.0,0.046,-17.9,-17,HAYIR,HAYIR
2026-08-16 19:33:22.361,0.80,0.49,35,0.0,0.0,0.046,-17.9,-18,HAYIR,HAYIR
2026-08-16 19:33:22.381,0.80,0.49,35,0.0,0.0,0.047,-18.1,-18,HAYIR,HAYIR
2026-08-16 19:33:22.401,0.80,0.49,35,0.0,0.0,0.047,-18.1,-18,HAYIR,HAYIR
2026-08-16 19:33:22.421,0.80,0.49,35,0.0,0.0,0.048,-18.6,-19,HAYIR,HAYIR
2026-08-16 19:33:22.441,0.80,0.49,35,0.0,0.0,0.048,-18.6,-19,HAYIR,HAYIR
2026-08-16 19:33:22.461,0.80,0.49,35,0.0,0.0,0.048,-18.6,-19,HAYIR,HAYIR
2026-08-16 19:33:22.481,0.80,0.49,35,0.0,0.0,0.048,-18.7,-19,HAYIR,HAYIR
2026-08-16 19:33:22.501,0.80,0.49,35,0.0,0.0,0.048,-18.7,-19,HAYIR,HAYIR
2026-08-16 19:33:22.521,0.80,0.49,35,0.0,0.0,0.050,-19.2,-19,HAYIR,HAYIR
2026-08-16 19:33:22.541,0.80,0.49,35,0.0,0.0,0.050,-19.2,-19,HAYIR,HAYIR
2026-08-16 19:33:22.561,0.80,0.45,37,0.0,0.0,0.050,-19.2,-19,HAYIR,HAYIR
2026-08-16 19:33:22.581,0.80,0.45,35,0.0,0.0,0.050,-19.1,-19,HAYIR,HAYIR
2026-08-16 19:33:22.601,0.80,0.45,35,0.0,0.0,0.050,-19.1,-19,HAYIR,HAYIR
2026-08-16 19:33:22.621,0.80,0.45,35,0.0,0.0,0.058,-22.3,-20,HAYIR,HAYIR
2026-08-16 19:33:22.641,0.80,0.45,35,0.0,0.0,0.058,-22.3,-22,HAYIR,HAYIR
2026-08-16 19:33:22.661,0.80,0.45,35,0.0,0.0,0.058,-22.3,-22,HAYIR,HAYIR
2026-08-16 19:33:22.681,0.80,0.45,35,0.0,0.0,0.059,-22.9,-23,HAYIR,HAYIR
2026-08-16 19:33:22.701,0.80,0.45,35,0.0,0.0,0.059,-22.9,-23,HAYIR,HAYIR
2026-08-16 19:33:22.721,0.80,0.45,35,0.0,0.0,0.061,-23.6,-24,HAYIR,HAYIR
2026-08-16 19:33:22.741,0.80,0.45,35,0.0,0.0,0.061,-23.6,-24,HAYIR,HAYIR
2026-08-16 19:33:22.761,0.80,0.45,35,0.0,0.0,0.061,-23.6,-24,HAYIR,HAYIR
2026-08-16 19:33:22.781,0.80,0.45,35,0.0,0.0,0.062,-23.7,-24,HAYIR,HAYIR
2026-08-16 19:33:22.802,0.80,0.45,35,0.0,0.0,0.062,-23.7,-24,HAYIR,HAYIR
2026-08-16 19:33:22.821,0.80,0.45,35,0.0,0.0,0.063,-24.4,-24,HAYIR,HAYIR
2026-08-16 19:33:22.841,0.80,0.45,35,0.0,0.0,0.063,-24.4,-24,HAYIR,HAYIR
2026-08-16 19:33:22.861,0.80,0.45,35,0.0,0.0,0.063,-24.4,-24,HAYIR,HAYIR
2026-08-16 19:33:22.881,0.80,0.45,35,0.0,0.0,0.000,-0.0,-23,HAYIR,HAYIR
2026-08-16 19:33:22.901,0.80,0.45,35,0.0,0.0,0.000,-0.0,-22,HAYIR,HAYIR
2026-08-16 19:33:22.921,0.80,0.45,35,0.0,0.0,0.000,-0.0,-21,HAYIR,HAYIR
2026-08-16 19:33:22.941,0.80,0.45,35,0.0,0.0,0.000,-0.0,-20,HAYIR,HAYIR
2026-08-16 19:33:22.961,0.80,0.45,35,0.0,0.0,0.000,-0.0,-18,HAYIR,HAYIR
2026-08-16 19:33:22.981,0.80,0.45,35,0.0,0.0,0.000,-0.0,-17,HAYIR,HAYIR
2026-08-16 19:33:23.001,0.80,0.45,35,0.0,0.0,0.000,-0.0,-16,HAYIR,HAYIR
2026-08-16 19:33:23.021,0.80,0.45,35,0.0,0.0,0.000,-0.0,-15,HAYIR,HAYIR
2026-08-16 19:33:23.041,0.80,0.45,35,0.0,0.0,0.000,-0.0,-14,HAYIR,HAYIR
2026-08-16 19:33:23.061,0.80,0.45,35,0.0,0.0,0.000,-0.0,-12,HAYIR,HAYIR
2026-08-16 19:33:23.081,0.80,0.45,35,0.0,0.0,0.000,-0.0,-11,HAYIR,HAYIR
2026-08-16 19:33:23.101,0.80,0.45,35,0.0,0.0,0.000,-0.0,-10,HAYIR,HAYIR
2026-08-16 19:33:23.121,0.80,0.45,35,0.0,0.0,0.000,-0.0,-9,HAYIR,HAYIR
2026-08-16 19:33:23.141,0.80,0.45,35,0.0,0.0,0.000,-0.0,-8,HAYIR,HAYIR
2026-08-16 19:33:23.161,0.80,0.45,35,0.0,0.0,0.000,-0.0,-6,HAYIR,HAYIR
2026-08-16 19:33:23.181,0.80,0.45,35,0.0,0.0,0.000,-0.0,-5,HAYIR,HAYIR
2026-08-16 19:33:23.201,0.80,0.50,34,0.0,0.0,0.000,-0.0,-4,HAYIR,HAYIR
2026-08-16 19:33:23.221,0.80,0.50,35,0.0,0.0,0.000,-0.0,-3,HAYIR,HAYIR
2026-08-16 19:33:23.241,0.80,0.50,35,0.0,0.0,0.000,-0.0,-2,HAYIR,HAYIR
2026-08-16 19:33:23.261,0.80,0.50,35,0.0,0.0,0.000,-0.0,0,HAYIR,HAYIR
2026-08-16 19:33:23.281,0.80,0.50,35,0.0,0.0,0.000,-0.0,0,HAYIR,HAYIR
2026-08-16 19:33:23.301,0.80,0.50,35,0.0,0.0,0.000,-0.0,0,HAYIR,HAYIR
2026-08-16 19:33:23.321,0.80,0.50,35,0.0,0.0,0.000,-0.0,0,HAYIR,HAYIR
2026-08-16 19:33:23.341,0.80,0.50,35,0.0,0.0,0.000,-0.0,0,HAYIR,HAYIR
2026-08-16 19:33:23.361,0.80,0.50,35,0.0,0.0,0.000,-0.0,0,HAYIR,HAYIR
2026-08-16 19:33:23.381,0.80,0.50,35,0.0,0.0,0.000,-0.0,0,HAYIR,HAYIR
2026-08-16 19:33:23.401,0.80,0.50,35,0.0,0.0,0.000,-0.0,0,HAYIR,HAYIR
2026-08-16 19:33:23.421,0.80,0.50,35,0.0,0.0,0.000,-0.0,0,HAYIR,HAYIR
2026-08-16 19:33:23.441,0.80,0.50,35,0.0,0.0,0.000,-0.0,0,HAYIR,HAYIR
2026-08-16 19:33:23.461,0.80,0.50,35,0.0,0.0,0.000,-0.0,0,HAYIR,HAYIR
2026-08-16 19:33:23.481,0.80,0.50,35,0.0,0.0,0.000,-0.0,0,HAYIR,HAYIR
2026-08-16 19:33:23.501,0.80,0.50,35,0.0,0.0,0.000,-0.0,0,HAYIR,HAYIR
2026-08-16 19:33:23.521,0.80,0.56,32,0.0,0.0,0.000,-0.0,0,HAYIR,HAYIR
2026-08-16 19:33:23.541,0.80,0.56,35,0.0,0.0,0.000,-0.0,0,HAYIR,HAYIR
2026-08-16 19:33:23.561,0.80,0.56,35,0.0,0.0,0.000,-0.0,0,HAYIR,HAYIR
2026-08-16 19:33:23.581,0.80,0.56,35,0.0,0.0,0.000,-0.0,0,HAYIR,HAYIR
2026-08-16 19:33:23.601,0.80,0.56,35,0.0,0.0,0.000,-0.0,0,HAYIR,HAYIR
2026-08-16 19:33:23.621,0.80,0.56,35,0.0,0.0,0.000,-0.0,0,HAYIR,HAYIR
2026-08-16 19:33:23.641,0.80,0.56,35,0.0,0.0,0.000,-0.0,0,HAYIR,HAYIR
2026-08-16 19:33:23.661,0.80,0.56,35,0.0,0.0,0.000,-0.0,0,HAYIR,HAYIR
2026-08-16 19:33:23.681,0.80,0.56,35,0.0,0.0,0.000,-0.0,0,HAYIR,HAYIR
2026-08-16 19:33:23.701,0.80,0.56,35,0.0,0.0,0.000,-0.0,0,HAYIR,HAYIR
2026-08-16 19:33:23.721,0.80,0.56,35,0.0,0.0,0.000,-0.0,0,HAYIR,HAYIR
2026-08-16 19:33:23.741,0.80,0.56,35,0.0,0.0,0.000,-0.0,0,HAYIR,HAYIR
2026-08-16 19:33:23.761,0.80,0.56,35,0.0,0.0,0.000,-0.0,0,HAYIR,HAYIR
2026-08-16 19:33:23.781,0.80,0.56,35,0.0,0.0,0.000,-0.0,0,HAYIR,HAYIR
2026-08-16 19:33:23.801,0.80,0.56,35,0.0,0.0,0.000,-0.0,0,HAYIR,HAYIR
2026-08-16 19:33:23.821,0.80,0.56,35,0.0,0.0,0.000,-0.0,0,HAYIR,HAYIR
2026-08-16 19:33:23.841,0.80,0.62,33,0.0,0.0,0.000,-0.0,0,HAYIR,HAYIR
2026-08-16 19:33:23.861,0.80,0.62,35,0.0,0.0,0.000,-0.0,0,HAYIR,HAYIR
2026-08-16 19:33:23.881,0.80,0.62,35,0.0,0.0,0.000,-0.0,0,HAYIR,HAYIR
2026-08-16 19:33:23.901,0.80,0.62,35,0.0,0.0,0.000,-0.0,0,HAYIR,HAYIR
2026-08-16 19:33:23.921,0.80,0.62,35,0.0,0.0,0.000,-0.0,0,HAYIR,HAYIR
2026-08-16 19:33:23.941,0.80,0.62,35,0.0,0.0,0.000,-0.0,0,HAYIR,HAYIR
2026-08-16 19:33:23.961,0.80,0.62,35,0.0,0.0,0.000,-0.0,0,HAYIR,HAYIR
2026-08-16 19:33:23.981,0.80,0.62,35,0.0,0.0,0.000,-0.0,0,HAYIR,HAYIR
2026-08-16 19:33:24.001,0.80,0.62,35,0.0,0.0,0.000,-0.0,0,HAYIR,HAYIR
2026-08-16 19:33:24.021,0.80,0.62,35,0.0,0.0,0.000,-0.0,0,HAYIR,HAYIR
2026-08-16 19:33:24.041,0.80,0.62,35,0.0,0.0,0.000,-0.0,0,HAYIR,HAYIR
2026-08-16 19:33:24.061,0.80,0.62,35,0.0,0.0,0.000,-0.0,0,HAYIR,HAYIR
2026-08-16 19:33:24.081,0.80,0.62,35,0.0,0.0,0.000,-0.0,0,HAYIR,HAYIR
2026-08-16 19:33:24.101,0.80,0.62,35,0.0,0.0,0.000,-0.0,0,HAYIR,HAYIR
2026-08-16 19:33:24.121,0.80,0.62,35,0.0,0.0,0.000,-0.0,0,HAYIR,HAYIR
2026-08-16 19:33:24.141,0.80,0.62,35,0.0,0.0,0.000,-0.0,0,HAYIR,HAYIR
2026-08-16 19:33:24.161,0.80,0.62,35,0.0,0.0,0.000,-0.0,0,HAYIR,HAYIR
2026-08-16 19:33:24.181,0.80,0.62,35,0.0,0.0,0.000,-0.0,0,HAYIR,HAYIR
2026-08-16 19:33:24.201,0.80,0.62,35,0.0,0.0,0.000,-0.0,0,HAYIR,HAYIR
2026-08-16 19:33:24.221,0.80,0.62,35,0.0,0.0,0.000,-0.0,0,HAYIR,HAYIR
2026-08-16 19:33:24.241,0.80,0.68,32,0.0,0.0,0.000,-0.0,0,HAYIR,HAYIR
2026-08-16 19:33:24.261,0.80,0.68,35,0.0,0.0,0.000,-0.0,0,HAYIR,HAYIR
2026-08-16 19:33:24.281,0.80,0.68,35,0.0,0.0,0.000,-0.0,0,HAYIR,HAYIR
2026-08-16 19:33:24.301,0.80,0.68,35,0.0,0.0,0.000,-0.0,0,HAYIR,HAYIR
2026-08-16 19:33:24.321,0.80,0.68,35,0.0,0.0,0.000,-0.0,0,HAYIR,HAYIR
2026-08-16 19:33:24.341,0.80,0.68,35,0.0,0.0,0.000,-0.0,0,HAYIR,HAYIR
2026-08-16 19:33:24.361,0.80,0.68,35,0.0,0.0,0.000,-0.0,0,HAYIR,HAYIR
2026-08-16 19:33:24.381,0.80,0.68,35,0.0,0.0,0.000,-0.0,0,HAYIR,HAYIR
2026-08-16 19:33:24.401,0.80,0.68,35,0.0,0.0,0.000,-0.0,0,HAYIR,HAYIR
2026-08-16 19:33:24.421,0.80,0.68,35,0.0,0.0,0.000,-0.0,0,HAYIR,HAYIR
2026-08-16 19:33:24.441,0.80,0.68,35,0.0,0.0,0.000,-0.0,0,HAYIR,HAYIR
2026-08-16 19:33:24.461,0.80,0.68,35,0.0,0.0,0.000,-0.0,0,HAYIR,HAYIR
2026-08-16 19:33:24.481,0.80,0.68,35,0.0,0.0,0.000,-0.0,0,HAYIR,HAYIR
2026-08-16 19:33:24.501,0.80,0.68,35,0.0,0.0,0.000,-0.0,0,HAYIR,HAYIR
2026-08-16 19:33:24.521,0.80,0.68,35,0.0,0.0,0.000,-0.0,0,HAYIR,HAYIR
2026-08-16 19:33:24.541,0.80,0.68,35,0.0,0.0,0.000,-0.0,0,HAYIR,HAYIR
2026-08-16 19:33:24.561,0.80,0.75,32,0.0,0.0,0.000,-0.0,0,HAYIR,HAYIR
2026-08-16 19:33:24.581,0.80,0.75,35,0.0,0.0,0.000,-0.0,0,HAYIR,HAYIR
2026-08-16 19:33:24.601,0.80,0.75,35,0.0,0.0,0.000,-0.0,0,HAYIR,HAYIR
2026-08-16 19:33:24.621,0.80,0.75,35,0.0,0.0,0.000,-0.0,0,HAYIR,HAYIR
2026-08-16 19:33:24.641,0.80,0.75,35,0.0,0.0,0.000,-0.0,0,HAYIR,HAYIR
2026-08-16 19:33:24.661,0.80,0.75,35,0.0,0.0,0.000,-0.0,0,HAYIR,HAYIR
2026-08-16 19:33:24.681,0.80,0.75,35,0.0,0.0,0.000,-0.0,0,HAYIR,HAYIR
2026-08-16 19:33:24.701,0.80,0.75,35,0.0,0.0,0.000,-0.0,0,HAYIR,HAYIR
2026-08-16 19:33:24.721,0.80,0.75,35,0.0,0.0,0.000,-0.0,0,HAYIR,HAYIR
2026-08-16 19:33:24.741,0.80,0.75,35,0.0,0.0,0.000,-0.0,0,HAYIR,HAYIR
2026-08-16 19:33:24.761,0.80,0.75,35,0.0,0.0,0.000,-0.0,0,HAYIR,HAYIR
2026-08-16 19:33:24.781,0.80,0.75,35,0.0,0.0,0.000,-0.0,0,HAYIR,HAYIR
2026-08-16 19:33:24.801,0.80,0.75,35,0.0,0.0,0.000,-0.0,0,HAYIR,HAYIR
2026-08-16 19:33:24.821,0.80,0.75,35,0.0,0.0,-0.032,12.5,1,HAYIR,HAYIR
2026-08-16 19:33:24.841,0.80,0.75,35,0.0,0.0,-0.032,12.5,2,HAYIR,HAYIR
2026-08-16 19:33:24.861,0.80,0.75,35,0.0,0.0,-0.032,12.5,4,HAYIR,HAYIR
2026-08-16 19:33:24.881,0.80,0.83,28,0.0,0.0,-0.034,13.3,5,HAYIR,HAYIR
2026-08-16 19:33:24.901,0.80,0.83,28,0.0,0.0,-0.034,13.3,6,HAYIR,HAYIR
2026-08-16 19:33:24.921,0.80,0.83,28,0.0,0.0,0.000,-0.0,5,HAYIR,HAYIR
2026-08-16 19:33:24.941,0.80,0.83,28,0.0,0.0,0.000,-0.0,4,HAYIR,HAYIR
2026-08-16 19:33:24.961,0.80,0.83,28,0.0,0.0,0.000,-0.0,2,HAYIR,HAYIR
2026-08-16 19:33:24.981,0.80,0.83,28,0.0,0.0,0.000,-0.0,1,HAYIR,HAYIR
2026-08-16 19:33:25.001,0.80,0.83,28,0.0,0.0,0.000,-0.0,0,HAYIR,HAYIR
2026-08-16 19:33:25.021,0.80,0.83,28,0.0,0.0,0.000,-0.0,0,HAYIR,HAYIR
2026-08-16 19:33:25.041,0.80,0.83,28,0.0,0.0,0.000,-0.0,0,HAYIR,HAYIR
2026-08-16 19:33:25.061,0.80,0.83,28,0.0,0.0,0.000,-0.0,0,HAYIR,HAYIR
2026-08-16 19:33:25.081,0.80,0.83,28,0.0,0.0,0.000,-0.0,0,HAYIR,HAYIR
2026-08-16 19:33:25.101,0.80,0.83,28,0.0,0.0,0.000,-0.0,0,HAYIR,HAYIR
2026-08-16 19:33:25.121,0.80,0.83,28,0.0,0.0,0.000,-0.0,0,HAYIR,HAYIR
2026-08-16 19:33:25.141,0.80,0.83,28,0.0,0.0,0.000,-0.0,0,HAYIR,HAYIR
2026-08-16 19:33:25.161,0.80,0.83,28,0.0,0.0,0.000,-0.0,0,HAYIR,HAYIR
2026-08-16 19:33:25.181,0.80,0.83,28,0.0,0.0,0.000,-0.0,0,HAYIR,HAYIR
2026-08-16 19:33:25.201,0.80,0.90,28,0.0,0.0,0.000,-0.0,0,HAYIR,HAYIR
2026-08-16 19:33:25.221,0.80,0.90,28,0.0,0.0,-0.038,14.6,1,HAYIR,HAYIR
2026-08-16 19:33:25.241,0.80,0.90,28,0.0,0.0,-0.038,14.6,2,HAYIR,HAYIR
2026-08-16 19:33:25.261,0.80,0.90,28,0.0,0.0,-0.038,14.6,4,HAYIR,HAYIR
2026-08-16 19:33:25.281,0.80,0.90,28,0.0,0.0,-0.037,14.4,5,HAYIR,HAYIR
2026-08-16 19:33:25.301,0.80,0.90,28,0.0,0.0,-0.037,14.4,6,HAYIR,HAYIR
2026-08-16 19:33:25.321,0.80,0.90,28,0.0,0.0,-0.045,17.2,7,HAYIR,HAYIR
2026-08-16 19:33:25.341,0.80,0.90,28,0.0,0.0,-0.045,17.2,8,HAYIR,HAYIR
2026-08-16 19:33:25.361,0.80,0.90,28,0.0,0.0,-0.045,17.2,10,HAYIR,HAYIR
2026-08-16 19:33:25.381,0.80,0.90,28,0.0,0.0,-0.048,18.4,11,HAYIR,HAYIR
2026-08-16 19:33:25.401,0.80,0.90,28,0.0,0.0,-0.048,18.4,12,HAYIR,HAYIR
2026-08-16 19:33:25.421,0.80,0.90,28,0.0,0.0,-0.055,21.0,13,HAYIR,HAYIR
2026-08-16 19:33:25.441,0.80,0.90,28,0.0,0.0,-0.055,21.0,14,HAYIR,HAYIR
2026-08-16 19:33:25.461,0.80,0.90,28,0.0,0.0,-0.055,21.0,16,HAYIR,HAYIR
2026-08-16 19:33:25.481,0.80,0.90,28,0.0,0.0,-0.057,21.8,17,HAYIR,HAYIR
2026-08-16 19:33:25.501,0.80,0.90,28,0.0,0.0,-0.057,21.8,18,HAYIR,HAYIR
2026-08-16 19:33:25.521,0.80,0.90,28,0.0,0.0,-0.064,24.5,19,HAYIR,HAYIR
2026-08-16 19:33:25.541,0.80,0.95,28,0.0,0.0,-0.064,24.5,20,HAYIR,HAYIR
2026-08-16 19:33:25.561,0.80,0.95,28,0.0,0.0,-0.064,24.5,22,HAYIR,HAYIR
2026-08-16 19:33:25.581,0.80,0.95,28,0.0,0.0,-0.066,25.3,23,HAYIR,HAYIR
2026-08-16 19:33:25.601,0.80,0.95,28,0.0,0.0,-0.066,25.3,24,HAYIR,HAYIR
2026-08-16 19:33:25.621,0.80,0.95,28,0.0,0.0,-0.066,25.5,25,HAYIR,HAYIR
2026-08-16 19:33:25.641,0.80,0.95,28,0.0,0.0,-0.066,25.5,25,HAYIR,HAYIR
2026-08-16 19:33:25.661,0.80,0.95,28,0.0,0.0,-0.066,25.5,25,HAYIR,HAYIR
2026-08-16 19:33:25.681,0.80,0.95,28,0.0,0.0,-0.068,26.2,26,HAYIR,HAYIR
2026-08-16 19:33:25.701,0.80,0.95,28,0.0,0.0,-0.068,26.2,26,HAYIR,HAYIR
2026-08-16 19:33:25.721,0.80,0.95,28,0.0,0.0,-0.071,27.4,27,HAYIR,HAYIR
2026-08-16 19:33:25.741,0.80,0.95,28,0.0,0.0,-0.071,27.4,27,HAYIR,HAYIR
2026-08-16 19:33:25.761,0.80,0.95,28,0.0,0.0,-0.071,27.4,27,HAYIR,HAYIR
2026-08-16 19:33:25.781,0.80,0.95,28,0.0,0.0,-0.073,27.9,28,HAYIR,HAYIR
2026-08-16 19:33:25.801,0.80,0.95,28,0.0,0.0,-0.073,27.9,28,HAYIR,HAYIR
2026-08-16 19:33:25.821,0.80,0.95,28,0.0,0.0,-0.075,28.9,29,HAYIR,HAYIR
2026-08-16 19:33:25.841,0.80,0.95,28,0.0,0.0,-0.075,28.9,29,HAYIR,HAYIR
2026-08-16 19:33:25.861,0.80,0.95,28,0.0,0.0,-0.075,28.9,29,HAYIR,HAYIR
2026-08-16 19:33:25.881,0.80,0.95,28,0.0,0.0,-0.076,29.2,29,HAYIR,HAYIR
2026-08-16 19:33:25.901,0.80,0.95,28,0.0,0.0,-0.076,29.2,29,HAYIR,HAYIR
2026-08-16 19:33:25.921,0.80,0.95,28,0.0,0.0,-0.078,30.0,30,HAYIR,HAYIR
2026-08-16 19:33:25.941,0.80,0.88,28,0.0,0.0,-0.078,30.0,30,HAYIR,HAYIR
2026-08-16 19:33:25.961,0.80,0.88,28,0.0,0.0,-0.078,30.0,30,HAYIR,HAYIR
2026-08-16 19:33:25.981,0.80,0.88,28,0.0,0.0,0.000,-0.0,29,HAYIR,HAYIR
2026-08-16 19:33:26.001,0.80,0.88,28,0.0,0.0,0.000,-0.0,28,HAYIR,HAYIR
2026-08-16 19:33:26.021,0.80,0.88,28,0.0,0.0,0.000,-0.0,26,HAYIR,HAYIR
2026-08-16 19:33:26.041,0.80,0.88,28,0.0,0.0,0.000,-0.0,25,HAYIR,HAYIR
2026-08-16 19:33:26.061,0.80,0.88,28,0.0,0.0,0.000,-0.0,24,HAYIR,HAYIR
2026-08-16 19:33:26.081,0.80,0.88,28,0.0,0.0,0.000,-0.0,23,HAYIR,HAYIR
2026-08-16 19:33:26.101,0.80,0.88,28,0.0,0.0,0.000,-0.0,22,HAYIR,HAYIR
2026-08-16 19:33:26.121,0.80,0.88,28,0.0,0.0,0.000,-0.0,20,HAYIR,HAYIR
2026-08-16 19:33:26.141,0.80,0.88,28,0.0,0.0,0.000,-0.0,19,HAYIR,HAYIR
2026-08-16 19:33:26.161,0.80,0.88,28,0.0,0.0,0.000,-0.0,18,HAYIR,HAYIR
2026-08-16 19:33:26.181,0.80,0.88,28,0.0,0.0,0.000,-0.0,17,HAYIR,HAYIR
2026-08-16 19:33:26.201,0.80,0.88,28,0.0,0.0,0.000,-0.0,16,HAYIR,HAYIR
2026-08-16 19:33:26.221,0.80,0.78,37,0.0,0.0,0.000,-0.0,14,HAYIR,HAYIR
2026-08-16 19:33:26.241,0.80,0.78,34,0.0,0.0,0.000,-0.0,13,HAYIR,HAYIR
2026-08-16 19:33:26.261,0.80,0.78,34,0.0,0.0,0.000,-0.0,12,HAYIR,HAYIR
2026-08-16 19:33:26.281,0.80,0.78,34,0.0,0.0,0.000,-0.0,11,HAYIR,HAYIR
2026-08-16 19:33:26.301,0.80,0.78,34,0.0,0.0,0.000,-0.0,10,HAYIR,HAYIR
2026-08-16 19:33:26.321,0.80,0.78,34,0.0,0.0,0.000,-0.0,8,HAYIR,HAYIR
2026-08-16 19:33:26.341,0.80,0.78,34,0.0,0.0,0.000,-0.0,7,HAYIR,HAYIR
2026-08-16 19:33:26.361,0.80,0.78,34,0.0,0.0,0.000,-0.0,6,HAYIR,HAYIR
2026-08-16 19:33:26.381,0.80,0.78,34,0.0,0.0,0.000,-0.0,5,HAYIR,HAYIR
2026-08-16 19:33:26.401,0.80,0.78,34,0.0,0.0,0.000,-0.0,4,HAYIR,HAYIR
2026-08-16 19:33:26.421,0.80,0.78,34,0.0,0.0,0.000,-0.0,2,HAYIR,HAYIR
2026-08-16 19:33:26.441,0.80,0.78,34,0.0,0.0,0.000,-0.0,1,HAYIR,HAYIR
2026-08-16 19:33:26.461,0.80,0.78,34,0.0,0.0,0.000,-0.0,0,HAYIR,HAYIR
2026-08-16 19:33:26.481,0.80,0.78,34,0.0,0.0,0.000,-0.0,0,HAYIR,HAYIR
2026-08-16 19:33:26.501,0.80,0.78,34,0.0,0.0,0.000,-0.0,0,HAYIR,HAYIR
2026-08-16 19:33:26.521,0.80,0.78,34,0.0,0.0,0.000,-0.0,0,HAYIR,HAYIR
2026-08-16 19:33:26.541,0.80,0.69,37,0.0,0.0,0.000,-0.0,0,HAYIR,HAYIR
2026-08-16 19:33:26.561,0.80,0.69,35,0.0,0.0,0.000,-0.0,0,HAYIR,HAYIR
2026-08-16 19:33:26.581,0.80,0.69,35,0.0,0.0,0.000,-0.0,0,HAYIR,HAYIR
2026-08-16 19:33:26.601,0.80,0.69,35,0.0,0.0,0.000,-0.0,0,HAYIR,HAYIR
2026-08-16 19:33:26.621,0.80,0.69,35,0.0,0.0,0.000,-0.0,0,HAYIR,HAYIR
2026-08-16 19:33:26.641,0.80,0.69,35,0.0,0.0,0.000,-0.0,0,HAYIR,HAYIR
2026-08-16 19:33:26.661,0.80,0.69,35,0.0,0.0,0.000,-0.0,0,HAYIR,HAYIR
2026-08-16 19:33:26.681,0.80,0.69,35,0.0,0.0,0.000,-0.0,0,HAYIR,HAYIR
2026-08-16 19:33:26.701,0.80,0.69,35,0.0,0.0,0.000,-0.0,0,HAYIR,HAYIR
2026-08-16 19:33:26.721,0.80,0.69,35,0.0,0.0,0.000,-0.0,0,HAYIR,HAYIR
2026-08-16 19:33:26.741,0.80,0.69,35,0.0,0.0,0.000,-0.0,0,HAYIR,HAYIR
2026-08-16 19:33:26.761,0.80,0.69,35,0.0,0.0,0.000,-0.0,0,HAYIR,HAYIR
2026-08-16 19:33:26.781,0.80,0.69,35,0.0,0.0,0.000,-0.0,0,HAYIR,HAYIR
2026-08-16 19:33:26.801,0.80,0.69,35,0.0,0.0,0.000,-0.0,0,HAYIR,HAYIR
2026-08-16 19:33:26.821,0.80,0.69,35,0.0,0.0,0.000,-0.0,0,HAYIR,HAYIR
2026-08-16 19:33:26.841,0.80,0.69,35,0.0,0.0,0.000,-0.0,0,HAYIR,HAYIR
2026-08-16 19:33:26.861,0.80,0.60,37,0.0,0.0,0.000,-0.0,0,HAYIR,HAYIR
2026-08-16 19:33:26.881,0.80,0.60,35,0.0,0.0,0.000,-0.0,0,HAYIR,HAYIR
2026-08-16 19:33:26.901,0.80,0.60,35,0.0,0.0,0.000,-0.0,0,HAYIR,HAYIR
2026-08-16 19:33:26.921,0.80,0.60,35,0.0,0.0,-0.033,12.9,1,HAYIR,HAYIR
2026-08-16 19:33:26.941,0.80,0.60,35,0.0,0.0,-0.033,12.9,2,HAYIR,HAYIR
2026-08-16 19:33:26.961,0.80,0.60,35,0.0,0.0,-0.033,12.9,4,HAYIR,HAYIR
2026-08-16 19:33:26.981,0.80,0.60,35,0.0,0.0,-0.034,13.3,5,HAYIR,HAYIR
2026-08-16 19:33:27.001,0.80,0.60,35,0.0,0.0,-0.034,13.3,6,HAYIR,HAYIR
2026-08-16 19:33:27.021,0.80,0.60,35,0.0,0.0,0.000,-0.0,5,HAYIR,HAYIR
2026-08-16 19:33:27.041,0.80,0.60,35,0.0,0.0,0.000,-0.0,4,HAYIR,HAYIR
2026-08-16 19:33:27.061,0.80,0.60,35,0.0,0.0,0.000,-0.0,2,HAYIR,HAYIR
2026-08-16 19:33:27.081,0.80,0.60,35,0.0,0.0,0.000,-0.0,1,HAYIR,HAYIR
2026-08-16 19:33:27.101,0.80,0.60,35,0.0,0.0,0.000,-0.0,0,HAYIR,HAYIR
2026-08-16 19:33:27.121,0.80,0.60,35,0.0,0.0,0.000,-0.0,0,HAYIR,HAYIR
2026-08-16 19:33:27.141,0.80,0.60,35,0.0,0.0,0.000,-0.0,0,HAYIR,HAYIR
2026-08-16 19:33:27.161,0.80,0.60,35,0.0,0.0,0.000,-0.0,0,HAYIR,HAYIR
2026-08-16 19:33:27.181,0.80,0.56,37,0.0,0.0,0.000,-0.0,0,HAYIR,HAYIR
2026-08-16 19:33:27.201,0.80,0.56,35,0.0,0.0,0.000,-0.0,0,HAYIR,HAYIR
2026-08-16 19:33:27.221,0.80,0.56,35,0.0,0.0,0.000,-0.0,0,HAYIR,HAYIR
2026-08-16 19:33:27.241,0.80,0.56,35,0.0,0.0,0.000,-0.0,0,HAYIR,HAYIR
2026-08-16 19:33:27.261,0.80,0.56,35,0.0,0.0,0.000,-0.0,0,HAYIR,HAYIR
2026-08-16 19:33:27.281,0.80,0.56,35,0.0,0.0,0.000,-0.0,0,HAYIR,HAYIR
2026-08-16 19:33:27.301,0.80,0.56,35,0.0,0.0,0.000,-0.0,0,HAYIR,HAYIR
2026-08-16 19:33:27.321,0.80,0.56,35,0.0,0.0,0.000,-0.0,0,HAYIR,HAYIR
2026-08-16 19:33:27.341,0.80,0.56,35,0.0,0.0,0.000,-0.0,0,HAYIR,HAYIR
2026-08-16 19:33:27.361,0.80,0.56,35,0.0,0.0,0.000,-0.0,0,HAYIR,HAYIR
2026-08-16 19:33:27.381,0.80,0.56,35,0.0,0.0,0.000,-0.0,0,HAYIR,HAYIR
2026-08-16 19:33:27.401,0.80,0.56,35,0.0,0.0,0.000,-0.0,0,HAYIR,HAYIR
2026-08-16 19:33:27.421,0.80,0.56,35,0.0,0.0,0.000,-0.0,0,HAYIR,HAYIR
2026-08-16 19:33:27.441,0.80,0.56,35,0.0,0.0,0.000,-0.0,0,HAYIR,HAYIR
2026-08-16 19:33:27.461,0.80,0.56,35,0.0,0.0,0.000,-0.0,0,HAYIR,HAYIR
2026-08-16 19:33:27.481,0.80,0.56,35,0.0,0.0,0.000,-0.0,0,HAYIR,HAYIR
2026-08-16 19:33:27.501,0.80,0.56,35,0.0,0.0,0.000,-0.0,0,HAYIR,HAYIR
2026-08-16 19:33:27.521,0.80,0.56,35,0.0,0.0,0.000,-0.0,0,HAYIR,HAYIR
2026-08-16 19:33:27.541,0.80,0.56,35,0.0,0.0,0.000,-0.0,0,HAYIR,HAYIR
2026-08-16 19:33:27.561,0.80,0.57,35,0.0,0.0,0.000,-0.0,0,HAYIR,HAYIR
2026-08-16 19:33:27.581,0.80,0.57,35,0.0,0.0,0.000,-0.0,0,HAYIR,HAYIR
2026-08-16 19:33:27.601,0.80,0.57,35,0.0,0.0,0.000,-0.0,0,HAYIR,HAYIR
2026-08-16 19:33:27.621,0.80,0.57,35,0.0,0.0,0.000,-0.0,0,HAYIR,HAYIR
2026-08-16 19:33:27.641,0.80,0.57,35,0.0,0.0,0.000,-0.0,0,HAYIR,HAYIR
2026-08-16 19:33:27.661,0.80,0.57,35,0.0,0.0,0.000,-0.0,0,HAYIR,HAYIR
2026-08-16 19:33:27.681,0.80,0.57,35,0.0,0.0,0.000,-0.0,0,HAYIR,HAYIR
2026-08-16 19:33:27.701,0.80,0.57,35,0.0,0.0,0.000,-0.0,0,HAYIR,HAYIR
2026-08-16 19:33:27.721,0.80,0.57,35,0.0,0.0,0.000,-0.0,0,HAYIR,HAYIR
2026-08-16 19:33:27.741,0.80,0.57,35,0.0,0.0,0.000,-0.0,0,HAYIR,HAYIR
2026-08-16 19:33:27.761,0.80,0.57,35,0.0,0.0,0.000,-0.0,0,HAYIR,HAYIR
2026-08-16 19:33:27.781,0.80,0.57,35,0.0,0.0,0.000,-0.0,0,HAYIR,HAYIR
2026-08-16 19:33:27.801,0.80,0.57,35,0.0,0.0,0.000,-0.0,0,HAYIR,HAYIR
2026-08-16 19:33:27.821,0.80,0.57,35,0.0,0.0,0.000,-0.0,0,HAYIR,HAYIR
2026-08-16 19:33:27.841,0.80,0.57,35,0.0,0.0,0.000,-0.0,0,HAYIR,HAYIR
2026-08-16 19:33:27.861,0.80,0.57,36,0.0,0.0,0.000,-0.0,0,HAYIR,HAYIR
2026-08-16 19:33:27.881,0.80,0.57,36,0.0,0.0,0.000,-0.0,0,HAYIR,HAYIR
2026-08-16 19:33:27.901,0.80,0.61,34,0.0,0.0,0.000,-0.0,0,HAYIR,HAYIR
2026-08-16 19:33:27.921,0.80,0.61,35,0.0,0.0,0.000,-0.0,0,HAYIR,HAYIR
2026-08-16 19:33:27.941,0.80,0.61,35,0.0,0.0,0.000,-0.0,0,HAYIR,HAYIR
2026-08-16 19:33:27.961,0.80,0.61,35,0.0,0.0,0.000,-0.0,0,HAYIR,HAYIR
2026-08-16 19:33:27.981,0.80,0.61,35,0.0,0.0,0.000,-0.0,0,HAYIR,HAYIR
2026-08-16 19:33:28.001,0.80,0.61,35,0.0,0.0,0.000,-0.0,0,HAYIR,HAYIR
2026-08-16 19:33:28.021,0.80,0.61,35,0.0,0.0,0.000,-0.0,0,HAYIR,HAYIR
2026-08-16 19:33:28.041,0.80,0.61,35,0.0,0.0,0.000,-0.0,0,HAYIR,HAYIR
2026-08-16 19:33:28.061,0.80,0.61,35,0.0,0.0,0.000,-0.0,0,HAYIR,HAYIR
2026-08-16 19:33:28.081,0.80,0.61,35,0.0,0.0,0.000,-0.0,0,HAYIR,HAYIR
2026-08-16 19:33:28.101,0.80,0.61,35,0.0,0.0,0.000,-0.0,0,HAYIR,HAYIR
2026-08-16 19:33:28.121,0.80,0.61,35,0.0,0.0,0.000,-0.0,0,HAYIR,HAYIR
2026-08-16 19:33:28.141,0.80,0.61,35,0.0,0.0,0.000,-0.0,0,HAYIR,HAYIR
2026-08-16 19:33:28.161,0.80,0.61,35,0.0,0.0,0.000,-0.0,0,HAYIR,HAYIR
2026-08-16 19:33:28.181,0.80,0.61,35,0.0,0.0,0.000,-0.0,0,HAYIR,HAYIR
2026-08-16 19:33:28.201,0.80,0.61,35,0.0,0.0,0.000,-0.0,0,HAYIR,HAYIR
2026-08-16 19:33:28.221,0.80,0.66,33,0.0,0.0,0.000,-0.0,0,HAYIR,HAYIR
2026-08-16 19:33:28.241,0.80,0.66,35,0.0,0.0,0.000,-0.0,0,HAYIR,HAYIR
2026-08-16 19:33:28.261,0.80,0.66,35,0.0,0.0,0.000,-0.0,0,HAYIR,HAYIR
2026-08-16 19:33:28.281,0.80,0.66,35,0.0,0.0,0.000,-0.0,0,HAYIR,HAYIR
2026-08-16 19:33:28.301,0.80,0.66,35,0.0,0.0,0.000,-0.0,0,HAYIR,HAYIR
2026-08-16 19:33:28.321,0.80,0.66,35,0.0,0.0,0.000,-0.0,0,HAYIR,HAYIR
2026-08-16 19:33:28.341,0.80,0.66,35,0.0,0.0,0.000,-0.0,0,HAYIR,HAYIR
2026-08-16 19:33:28.361,0.80,0.66,35,0.0,0.0,0.000,-0.0,0,HAYIR,HAYIR
2026-08-16 19:33:28.381,0.80,0.66,35,0.0,0.0,0.000,-0.0,0,HAYIR,HAYIR
2026-08-16 19:33:28.401,0.80,0.66,35,0.0,0.0,0.000,-0.0,0,HAYIR,HAYIR
2026-08-16 19:33:28.421,0.80,0.66,35,0.0,0.0,0.000,-0.0,0,HAYIR,HAYIR
2026-08-16 19:33:28.441,0.80,0.66,35,0.0,0.0,0.000,-0.0,0,HAYIR,HAYIR
2026-08-16 19:33:28.461,0.80,0.66,35,0.0,0.0,0.000,-0.0,0,HAYIR,HAYIR
2026-08-16 19:33:28.481,0.80,0.66,35,0.0,0.0,0.000,-0.0,0,HAYIR,HAYIR
2026-08-16 19:33:28.501,0.80,0.66,35,0.0,0.0,0.000,-0.0,0,HAYIR,HAYIR
2026-08-16 19:33:28.521,0.80,0.66,35,0.0,0.0,0.000,-0.0,0,HAYIR,HAYIR
2026-08-16 19:33:28.541,0.80,0.71,33,0.0,0.0,0.000,-0.0,0,HAYIR,HAYIR
2026-08-16 19:33:28.561,0.80,0.71,35,0.0,0.0,0.000,-0.0,0,HAYIR,HAYIR
2026-08-16 19:33:28.581,0.80,0.71,35,0.0,0.0,0.000,-0.0,0,HAYIR,HAYIR
2026-08-16 19:33:28.601,0.80,0.71,35,0.0,0.0,0.000,-0.0,0,HAYIR,HAYIR
2026-08-16 19:33:28.621,0.80,0.71,35,0.0,0.0,0.000,-0.0,0,HAYIR,HAYIR
2026-08-16 19:33:28.641,0.80,0.71,35,0.0,0.0,0.000,-0.0,0,HAYIR,HAYIR
2026-08-16 19:33:28.661,0.80,0.71,35,0.0,0.0,0.000,-0.0,0,HAYIR,HAYIR
2026-08-16 19:33:28.681,0.80,0.71,35,0.0,0.0,0.000,-0.0,0,HAYIR,HAYIR
2026-08-16 19:33:28.701,0.80,0.71,35,0.0,0.0,0.000,-0.0,0,HAYIR,HAYIR
2026-08-16 19:33:28.721,0.80,0.71,35,0.0,0.0,0.000,-0.0,0,HAYIR,HAYIR
2026-08-16 19:33:28.741,0.80,0.71,35,0.0,0.0,0.000,-0.0,0,HAYIR,HAYIR
2026-08-16 19:33:28.761,0.80,0.71,35,0.0,0.0,0.000,-0.0,0,HAYIR,HAYIR
2026-08-16 19:33:28.781,0.80,0.71,35,0.0,0.0,0.000,-0.0,0,HAYIR,HAYIR
2026-08-16 19:33:28.801,0.80,0.71,35,0.0,0.0,0.000,-0.0,0,HAYIR,HAYIR
2026-08-16 19:33:28.821,0.80,0.71,35,0.0,0.0,0.000,-0.0,0,HAYIR,HAYIR
2026-08-16 19:33:28.841,0.80,0.71,35,0.0,0.0,0.000,-0.0,0,HAYIR,HAYIR
2026-08-16 19:33:28.861,0.80,0.77,33,0.0,0.0,0.000,-0.0,0,HAYIR,HAYIR
2026-08-16 19:33:28.881,0.80,0.77,35,0.0,0.0,0.000,-0.0,0,HAYIR,HAYIR
2026-08-16 19:33:28.901,0.80,0.77,35,0.0,0.0,0.000,-0.0,0,HAYIR,HAYIR
2026-08-16 19:33:28.921,0.80,0.77,35,0.0,0.0,0.000,-0.0,0,HAYIR,HAYIR
2026-08-16 19:33:28.941,0.80,0.77,35,0.0,0.0,0.000,-0.0,0,HAYIR,HAYIR
2026-08-16 19:33:28.961,0.80,0.77,35,0.0,0.0,0.000,-0.0,0,HAYIR,HAYIR
2026-08-16 19:33:28.981,0.80,0.77,35,0.0,0.0,0.000,-0.0,0,HAYIR,HAYIR
2026-08-16 19:33:29.001,0.80,0.77,35,0.0,0.0,0.000,-0.0,0,HAYIR,HAYIR
2026-08-16 19:33:29.021,0.80,0.77,35,0.0,0.0,0.000,-0.0,0,HAYIR,HAYIR
2026-08-16 19:33:29.041,0.80,0.77,35,0.0,0.0,0.000,-0.0,0,HAYIR,HAYIR
2026-08-16 19:33:29.061,0.80,0.77,35,0.0,0.0,0.000,-0.0,0,HAYIR,HAYIR
2026-08-16 19:33:29.081,0.80,0.77,35,0.0,0.0,0.000,-0.0,0,HAYIR,HAYIR
2026-08-16 19:33:29.101,0.80,0.77,35,0.0,0.0,0.000,-0.0,0,HAYIR,HAYIR
2026-08-16 19:33:29.121,0.80,0.77,35,0.0,0.0,0.000,-0.0,0,HAYIR,HAYIR
2026-08-16 19:33:29.141,0.80,0.77,35,0.0,0.0,0.000,-0.0,0,HAYIR,HAYIR
2026-08-16 19:33:29.161,0.80,0.77,35,0.0,0.0,0.000,-0.0,0,HAYIR,HAYIR
2026-08-16 19:33:29.181,0.80,0.77,35,0.0,0.0,0.000,-0.0,0,HAYIR,HAYIR
2026-08-16 19:33:29.201,0.80,0.77,35,0.0,0.0,0.000,-0.0,0,HAYIR,HAYIR
2026-08-16 19:33:29.221,0.80,0.77,35,0.0,0.0,0.000,-0.0,0,HAYIR,HAYIR
2026-08-16 19:33:29.241,0.80,0.83,28,0.0,0.0,0.000,-0.0,0,HAYIR,HAYIR
2026-08-16 19:33:29.261,0.80,0.83,28,0.0,0.0,0.000,-0.0,0,HAYIR,HAYIR
2026-08-16 19:33:29.281,0.80,0.83,28,0.0,0.0,0.000,-0.0,0,HAYIR,HAYIR
2026-08-16 19:33:29.301,0.80,0.83,28,0.0,0.0,0.000,-0.0,0,HAYIR,HAYIR
2026-08-16 19:33:29.321,0.80,0.83,28,0.0,0.0,0.000,-0.0,0,HAYIR,HAYIR
2026-08-16 19:33:29.341,0.80,0.83,28,0.0,0.0,0.000,-0.0,0,HAYIR,HAYIR
2026-08-16 19:33:29.361,0.80,0.83,28,0.0,0.0,0.000,-0.0,0,HAYIR,HAYIR
2026-08-16 19:33:29.381,0.80,0.83,28,0.0,0.0,0.000,-0.0,0,HAYIR,HAYIR
2026-08-16 19:33:29.401,0.80,0.83,28,0.0,0.0,0.000,-0.0,0,HAYIR,HAYIR
2026-08-16 19:33:29.421,0.80,0.83,28,0.0,0.0,0.000,-0.0,0,HAYIR,HAYIR
2026-08-16 19:33:29.441,0.80,0.83,28,0.0,0.0,0.000,-0.0,0,HAYIR,HAYIR
2026-08-16 19:33:29.461,0.80,0.83,28,0.0,0.0,0.000,-0.0,0,HAYIR,HAYIR
2026-08-16 19:33:29.481,0.80,0.83,28,0.0,0.0,0.000,-0.0,0,HAYIR,HAYIR
2026-08-16 19:33:29.501,0.80,0.83,28,0.0,0.0,0.000,-0.0,0,HAYIR,HAYIR
2026-08-16 19:33:29.521,0.80,0.83,28,0.0,0.0,0.000,-0.0,0,HAYIR,HAYIR
2026-08-16 19:33:29.541,0.80,0.83,28,0.0,0.0,0.000,-0.0,0,HAYIR,HAYIR
2026-08-16 19:33:29.561,0.80,0.90,28,0.0,0.0,0.000,-0.0,0,HAYIR,HAYIR
2026-08-16 19:33:29.581,0.80,0.90,28,0.0,0.0,0.000,-0.0,0,HAYIR,HAYIR
2026-08-16 19:33:29.601,0.80,0.90,28,0.0,0.0,0.000,-0.0,0,HAYIR,HAYIR
2026-08-16 19:33:29.621,0.80,0.90,28,0.0,0.0,0.000,-0.0,0,HAYIR,HAYIR
2026-08-16 19:33:29.641,0.80,0.90,28,0.0,0.0,0.000,-0.0,0,HAYIR,HAYIR
2026-08-16 19:33:29.661,0.80,0.90,28,0.0,0.0,0.000,-0.0,0,HAYIR,HAYIR
2026-08-16 19:33:29.681,0.80,0.90,28,0.0,0.0,0.000,-0.0,0,HAYIR,HAYIR
2026-08-16 19:33:29.701,0.80,0.90,28,0.0,0.0,0.000,-0.0,0,HAYIR,HAYIR
2026-08-16 19:33:29.721,0.80,0.90,28,0.0,0.0,-0.032,12.4,1,HAYIR,HAYIR
2026-08-16 19:33:29.741,0.80,0.90,28,0.0,0.0,-0.032,12.4,2,HAYIR,HAYIR
2026-08-16 19:33:29.761,0.80,0.90,28,0.0,0.0,-0.032,12.4,4,HAYIR,HAYIR
2026-08-16 19:33:29.781,0.80,0.90,28,0.0,0.0,-0.034,13.1,5,HAYIR,HAYIR
2026-08-16 19:33:29.801,0.80,0.90,28,0.0,0.0,-0.034,13.1,6,HAYIR,HAYIR
2026-08-16 19:33:29.821,0.80,0.90,28,0.0,0.0,-0.038,14.8,7,HAYIR,HAYIR
2026-08-16 19:33:29.841,0.80,0.90,28,0.0,0.0,-0.038,14.8,8,HAYIR,HAYIR
2026-08-16 19:33:29.861,0.80,0.90,28,0.0,0.0,-0.038,14.8,10,HAYIR,HAYIR
2026-08-16 19:33:29.881,0.80,0.96,28,0.0,0.0,-0.040,15.6,11,HAYIR,HAYIR
2026-08-16 19:33:29.901,0.80,0.96,28,0.0,0.0,-0.040,15.6,12,HAYIR,HAYIR
2026-08-16 19:33:29.921,0.80,0.96,28,0.0,0.0,-0.042,16.3,13,HAYIR,HAYIR
2026-08-16 19:33:29.941,0.80,0.96,28,0.0,0.0,-0.042,16.3,14,HAYIR,HAYIR
2026-08-16 19:33:29.961,0.80,0.96,28,0.0,0.0,-0.042,16.3,16,HAYIR,HAYIR
2026-08-16 19:33:29.981,0.80,0.96,28,0.0,0.0,-0.043,16.4,16,HAYIR,HAYIR
2026-08-16 19:33:30.001,0.80,0.96,28,0.0,0.0,-0.043,16.4,16,HAYIR,HAYIR
2026-08-16 19:33:30.021,0.80,0.96,28,0.0,0.0,-0.047,18.1,18,HAYIR,HAYIR
2026-08-16 19:33:30.041,0.80,0.96,28,0.0,0.0,-0.047,18.1,18,HAYIR,HAYIR
2026-08-16 19:33:30.061,0.80,0.96,28,0.0,0.0,-0.047,18.1,18,HAYIR,HAYIR
2026-08-16 19:33:30.081,0.80,0.96,28,0.0,0.0,-0.049,18.8,19,HAYIR,HAYIR
2026-08-16 19:33:30.101,0.80,0.96,28,0.0,0.0,-0.049,18.8,19,HAYIR,HAYIR
2026-08-16 19:33:30.121,0.80,0.96,28,0.0,0.0,0.000,-0.0,18,HAYIR,HAYIR
2026-08-16 19:33:30.141,0.80,0.96,28,0.0,0.0,0.000,-0.0,16,HAYIR,HAYIR
2026-08-16 19:33:30.161,0.80,0.96,28,0.0,0.0,0.000,-0.0,15,HAYIR,HAYIR
2026-08-16 19:33:30.181,0.80,0.96,28,0.0,0.0,0.000,-0.0,14,HAYIR,HAYIR
2026-08-16 19:33:30.201,0.80,0.93,28,0.0,0.0,0.000,-0.0,13,HAYIR,HAYIR
2026-08-16 19:33:30.221,0.80,0.93,28,0.0,0.0,0.000,-0.0,12,HAYIR,HAYIR
2026-08-16 19:33:30.241,0.80,0.93,28,0.0,0.0,0.000,-0.0,10,HAYIR,HAYIR
2026-08-16 19:33:30.261,0.80,0.93,28,0.0,0.0,0.000,-0.0,9,HAYIR,HAYIR
2026-08-16 19:33:30.281,0.80,0.93,28,0.0,0.0,0.000,-0.0,8,HAYIR,HAYIR
2026-08-16 19:33:30.301,0.80,0.93,28,0.0,0.0,0.000,-0.0,7,HAYIR,HAYIR
2026-08-16 19:33:30.321,0.80,0.93,28,0.0,0.0,0.000,-0.0,6,HAYIR,HAYIR
2026-08-16 19:33:30.341,0.80,0.93,28,0.0,0.0,0.000,-0.0,4,HAYIR,HAYIR
2026-08-16 19:33:30.361,0.80,0.93,28,0.0,0.0,0.000,-0.0,3,HAYIR,HAYIR
2026-08-16 19:33:30.381,0.80,0.93,28,0.0,0.0,0.000,-0.0,2,HAYIR,HAYIR
2026-08-16 19:33:30.401,0.80,0.93,28,0.0,0.0,0.000,-0.0,1,HAYIR,HAYIR
2026-08-16 19:33:30.421,0.80,0.93,28,0.0,0.0,0.000,-0.0,0,HAYIR,HAYIR
2026-08-16 19:33:30.441,0.80,0.93,28,0.0,0.0,0.000,-0.0,0,HAYIR,HAYIR
2026-08-16 19:33:30.461,0.80,0.93,28,0.0,0.0,0.000,-0.0,0,HAYIR,HAYIR
2026-08-16 19:33:30.481,0.80,0.93,28,0.0,0.0,0.000,-0.0,0,HAYIR,HAYIR
2026-08-16 19:33:30.501,0.80,0.93,28,0.0,0.0,0.000,-0.0,0,HAYIR,HAYIR
2026-08-16 19:33:30.521,0.80,0.85,28,0.0,0.0,0.000,-0.0,0,HAYIR,HAYIR
2026-08-16 19:33:30.541,0.80,0.85,28,0.0,0.0,0.000,-0.0,0,HAYIR,HAYIR
2026-08-16 19:33:30.561,0.80,0.85,28,0.0,0.0,0.000,-0.0,0,HAYIR,HAYIR
2026-08-16 19:33:30.581,0.80,0.85,28,0.0,0.0,0.000,-0.0,0,HAYIR,HAYIR
2026-08-16 19:33:30.601,0.80,0.85,28,0.0,0.0,0.000,-0.0,0,HAYIR,HAYIR
2026-08-16 19:33:30.621,0.80,0.85,28,0.0,0.0,-0.032,12.5,1,HAYIR,HAYIR
2026-08-16 19:33:30.641,0.80,0.85,28,0.0,0.0,-0.032,12.5,2,HAYIR,HAYIR
2026-08-16 19:33:30.661,0.80,0.85,28,0.0,0.0,-0.032,12.5,4,HAYIR,HAYIR
2026-08-16 19:33:30.681,0.80,0.85,28,0.0,0.0,-0.033,12.6,5,HAYIR,HAYIR
2026-08-16 19:33:30.701,0.80,0.85,28,0.0,0.0,-0.033,12.6,6,HAYIR,HAYIR
2026-08-16 19:33:30.721,0.80,0.85,28,0.0,0.0,-0.034,13.0,7,HAYIR,HAYIR
2026-08-16 19:33:30.741,0.80,0.85,28,0.0,0.0,-0.034,13.0,8,HAYIR,HAYIR
2026-08-16 19:33:30.761,0.80,0.85,28,0.0,0.0,-0.034,13.0,10,HAYIR,HAYIR
2026-08-16 19:33:30.781,0.80,0.85,28,0.0,0.0,-0.034,13.2,11,HAYIR,HAYIR
2026-08-16 19:33:30.801,0.80,0.85,28,0.0,0.0,-0.034,13.2,12,HAYIR,HAYIR
2026-08-16 19:33:30.821,0.80,0.85,28,0.0,0.0,-0.035,13.4,13,HAYIR,HAYIR
2026-08-16 19:33:30.841,0.80,0.85,28,0.0,0.0,-0.035,13.4,13,HAYIR,HAYIR
2026-08-16 19:33:30.861,0.80,0.85,28,0.0,0.0,-0.035,13.4,13,HAYIR,HAYIR
2026-08-16 19:33:30.881,0.80,0.85,28,0.0,0.0,-0.035,13.4,13,HAYIR,HAYIR
2026-08-16 19:33:30.901,0.80,0.75,37,0.0,0.0,-0.035,13.4,13,HAYIR,HAYIR
2026-08-16 19:33:30.921,0.80,0.75,35,0.0,0.0,-0.035,13.3,13,HAYIR,HAYIR
2026-08-16 19:33:30.941,0.80,0.75,35,0.0,0.0,-0.035,13.3,13,HAYIR,HAYIR
2026-08-16 19:33:30.961,0.80,0.75,35,0.0,0.0,-0.035,13.3,13,HAYIR,HAYIR
2026-08-16 19:33:30.981,0.80,0.75,35,0.0,0.0,-0.041,15.7,15,HAYIR,HAYIR
2026-08-16 19:33:31.001,0.80,0.75,35,0.0,0.0,-0.041,15.7,16,HAYIR,HAYIR
2026-08-16 19:33:31.021,0.80,0.75,35,0.0,0.0,-0.041,15.9,16,HAYIR,HAYIR
2026-08-16 19:33:31.041,0.80,0.75,35,0.0,0.0,-0.041,15.9,16,HAYIR,HAYIR
2026-08-16 19:33:31.061,0.80,0.75,35,0.0,0.0,-0.041,15.9,16,HAYIR,HAYIR
2026-08-16 19:33:31.081,0.80,0.75,35,0.0,0.0,-0.041,16.0,16,HAYIR,HAYIR
2026-08-16 19:33:31.101,0.80,0.75,35,0.0,0.0,-0.041,16.0,16,HAYIR,HAYIR
2026-08-16 19:33:31.121,0.80,0.75,35,0.0,0.0,-0.041,15.9,16,HAYIR,HAYIR
2026-08-16 19:33:31.141,0.80,0.75,35,0.0,0.0,-0.041,15.9,16,HAYIR,HAYIR
2026-08-16 19:33:31.161,0.80,0.75,35,0.0,0.0,-0.041,15.9,16,HAYIR,HAYIR
2026-08-16 19:33:31.181,0.80,0.75,35,0.0,0.0,-0.041,16.0,16,HAYIR,HAYIR
2026-08-16 19:33:31.201,0.80,0.75,35,0.0,0.0,-0.041,16.0,16,HAYIR,HAYIR
2026-08-16 19:33:31.221,0.80,0.65,37,0.0,0.0,-0.041,15.9,16,HAYIR,HAYIR
2026-08-16 19:33:31.241,0.80,0.65,35,0.0,0.0,-0.041,15.9,16,HAYIR,HAYIR
2026-08-16 19:33:31.261,0.80,0.65,35,0.0,0.0,-0.041,15.9,16,HAYIR,HAYIR
2026-08-16 19:33:31.281,0.80,0.65,35,0.0,0.0,-0.041,15.9,16,HAYIR,HAYIR
2026-08-16 19:33:31.301,0.80,0.65,35,0.0,0.0,-0.041,15.9,16,HAYIR,HAYIR
2026-08-16 19:33:31.321,0.80,0.65,35,0.0,0.0,-0.051,19.8,17,HAYIR,HAYIR
2026-08-16 19:33:31.341,0.80,0.65,35,0.0,0.0,-0.051,19.8,18,HAYIR,HAYIR
2026-08-16 19:33:31.361,0.80,0.65,35,0.0,0.0,-0.051,19.8,20,HAYIR,HAYIR
2026-08-16 19:33:31.381,0.80,0.65,35,0.0,0.0,-0.052,20.1,20,HAYIR,HAYIR
2026-08-16 19:33:31.401,0.80,0.65,35,0.0,0.0,-0.052,20.1,20,HAYIR,HAYIR
2026-08-16 19:33:31.421,0.80,0.65,35,0.0,0.0,-0.052,20.1,20,HAYIR,HAYIR
2026-08-16 19:33:31.441,0.80,0.65,35,0.0,0.0,-0.052,20.1,20,HAYIR,HAYIR
2026-08-16 19:33:31.461,0.80,0.65,35,0.0,0.0,-0.052,20.1,20,HAYIR,HAYIR
2026-08-16 19:33:31.481,0.80,0.65,35,0.0,0.0,-0.052,20.1,20,HAYIR,HAYIR
2026-08-16 19:33:31.501,0.80,0.65,35,0.0,0.0,-0.052,20.1,20,HAYIR,HAYIR
2026-08-16 19:33:31.521,0.80,0.65,35,0.0,0.0,-0.052,19.9,20,HAYIR,HAYIR
2026-08-16 19:33:31.541,0.80,0.56,37,0.0,0.0,-0.052,19.9,20,HAYIR,HAYIR
2026-08-16 19:33:31.561,0.80,0.56,36,0.0,0.0,-0.052,19.9,20,HAYIR,HAYIR
2026-08-16 19:33:31.581,0.80,0.56,36,0.0,0.0,-0.052,20.0,20,HAYIR,HAYIR
2026-08-16 19:33:31.601,0.80,0.56,36,0.0,0.0,-0.052,20.0,20,HAYIR,HAYIR
2026-08-16 19:33:31.621,0.80,0.56,36,0.0,0.0,-0.068,26.0,21,HAYIR,HAYIR
2026-08-16 19:33:31.641,0.80,0.56,36,0.0,0.0,-0.068,26.0,22,HAYIR,HAYIR
2026-08-16 19:33:31.661,0.80,0.56,36,0.0,0.0,-0.068,26.0,24,HAYIR,HAYIR
2026-08-16 19:33:31.681,0.80,0.56,36,0.0,0.0,-0.069,26.4,25,HAYIR,HAYIR
2026-08-16 19:33:31.701,0.80,0.56,36,0.0,0.0,-0.069,26.4,26,HAYIR,HAYIR
2026-08-16 19:33:31.721,0.80,0.56,36,0.0,0.0,-0.068,26.3,26,HAYIR,HAYIR
2026-08-16 19:33:31.741,0.80,0.56,36,0.0,0.0,-0.068,26.3,26,HAYIR,HAYIR
2026-08-16 19:33:31.761,0.80,0.56,36,0.0,0.0,-0.068,26.3,26,HAYIR,HAYIR
2026-08-16 19:33:31.781,0.80,0.56,36,0.0,0.0,0.000,-0.0,25,HAYIR,HAYIR
2026-08-16 19:33:31.801,0.80,0.56,36,0.0,0.0,0.000,-0.0,24,HAYIR,HAYIR
2026-08-16 19:33:31.821,0.80,0.56,36,0.0,0.0,0.000,-0.0,23,HAYIR,HAYIR
2026-08-16 19:33:31.841,0.80,0.56,36,0.0,0.0,0.000,-0.0,22,HAYIR,HAYIR
2026-08-16 19:33:31.861,0.80,0.53,37,0.0,0.0,0.000,-0.0,20,HAYIR,HAYIR
2026-08-16 19:33:31.881,0.80,0.53,36,0.0,0.0,0.000,-0.0,19,HAYIR,HAYIR
2026-08-16 19:33:31.901,0.80,0.53,36,0.0,0.0,0.000,-0.0,18,HAYIR,HAYIR
2026-08-16 19:33:31.921,0.80,0.53,36,0.0,0.0,0.000,-0.0,17,HAYIR,HAYIR
2026-08-16 19:33:31.941,0.80,0.53,36,0.0,0.0,0.000,-0.0,16,HAYIR,HAYIR
2026-08-16 19:33:31.961,0.80,0.53,36,0.0,0.0,0.000,-0.0,14,HAYIR,HAYIR
2026-08-16 19:33:31.981,0.80,0.53,36,0.0,0.0,0.000,-0.0,13,HAYIR,HAYIR
2026-08-16 19:33:32.001,0.80,0.53,36,0.0,0.0,0.000,-0.0,12,HAYIR,HAYIR
2026-08-16 19:33:32.021,0.80,0.53,36,0.0,0.0,0.000,-0.0,11,HAYIR,HAYIR
2026-08-16 19:33:32.041,0.80,0.53,36,0.0,0.0,0.000,-0.0,10,HAYIR,HAYIR
2026-08-16 19:33:32.061,0.80,0.53,36,0.0,0.0,0.000,-0.0,8,HAYIR,HAYIR
2026-08-16 19:33:32.081,0.80,0.53,36,0.0,0.0,0.000,-0.0,7,HAYIR,HAYIR
2026-08-16 19:33:32.101,0.80,0.53,36,0.0,0.0,0.000,-0.0,6,HAYIR,HAYIR
2026-08-16 19:33:32.121,0.80,0.53,36,0.0,0.0,0.000,-0.0,5,HAYIR,HAYIR
2026-08-16 19:33:32.141,0.80,0.53,36,0.0,0.0,0.000,-0.0,4,HAYIR,HAYIR
2026-08-16 19:33:32.161,0.80,0.53,36,0.0,0.0,0.000,-0.0,2,HAYIR,HAYIR
2026-08-16 19:33:32.181,0.80,0.53,36,0.0,0.0,0.000,-0.0,1,HAYIR,HAYIR
2026-08-16 19:33:32.201,0.80,0.53,36,0.0,0.0,0.000,-0.0,0,HAYIR,HAYIR
2026-08-16 19:33:32.221,0.80,0.53,36,0.0,0.0,0.000,-0.0,0,HAYIR,HAYIR
2026-08-16 19:33:32.241,0.80,0.53,36,0.0,0.0,0.000,-0.0,0,HAYIR,HAYIR
2026-08-16 19:33:32.261,0.80,0.53,36,0.0,0.0,0.000,-0.0,0,HAYIR,HAYIR
2026-08-16 19:33:32.281,0.80,0.53,36,0.0,0.0,0.000,-0.0,0,HAYIR,HAYIR
2026-08-16 19:33:32.301,0.80,0.53,36,0.0,0.0,0.000,-0.0,0,HAYIR,HAYIR
2026-08-16 19:33:32.321,0.80,0.53,36,0.0,0.0,0.000,-0.0,0,HAYIR,HAYIR
2026-08-16 19:33:32.341,0.80,0.53,36,0.0,0.0,0.000,-0.0,0,HAYIR,HAYIR
2026-08-16 19:33:32.361,0.80,0.53,36,0.0,0.0,0.000,-0.0,0,HAYIR,HAYIR
2026-08-16 19:33:32.381,0.80,0.53,36,0.0,0.0,0.000,-0.0,0,HAYIR,HAYIR
2026-08-16 19:33:32.401,0.80,0.53,36,0.0,0.0,0.000,-0.0,0,HAYIR,HAYIR
2026-08-16 19:33:32.421,0.80,0.53,36,0.0,0.0,0.000,-0.0,0,HAYIR,HAYIR
2026-08-16 19:33:32.441,0.80,0.53,36,0.0,0.0,0.000,-0.0,0,HAYIR,HAYIR
2026-08-16 19:33:32.461,0.80,0.53,36,0.0,0.0,0.000,-0.0,0,HAYIR,HAYIR
2026-08-16 19:33:32.481,0.80,0.53,36,0.0,0.0,0.000,-0.0,0,HAYIR,HAYIR
2026-08-16 19:33:32.501,0.80,0.53,36,0.0,0.0,0.000,-0.0,0,HAYIR,HAYIR
2026-08-16 19:33:32.521,0.80,0.53,36,0.0,0.0,0.000,-0.0,0,HAYIR,HAYIR
2026-08-16 19:33:32.541,0.80,0.53,36,0.0,0.0,0.000,-0.0,0,HAYIR,HAYIR
2026-08-16 19:33:32.561,0.80,0.53,36,0.0,0.0,0.000,-0.0,0,HAYIR,HAYIR
2026-08-16 19:33:32.581,0.80,0.56,35,0.0,0.0,0.000,-0.0,0,HAYIR,HAYIR
2026-08-16 19:33:32.601,0.80,0.56,36,0.0,0.0,0.000,-0.0,0,HAYIR,HAYIR
2026-08-16 19:33:32.621,0.80,0.56,36,0.0,0.0,0.000,-0.0,0,HAYIR,HAYIR
2026-08-16 19:33:32.641,0.80,0.56,36,0.0,0.0,0.000,-0.0,0,HAYIR,HAYIR
2026-08-16 19:33:32.661,0.80,0.56,36,0.0,0.0,0.000,-0.0,0,HAYIR,HAYIR
2026-08-16 19:33:32.681,0.80,0.56,36,0.0,0.0,0.000,-0.0,0,HAYIR,HAYIR
2026-08-16 19:33:32.701,0.80,0.56,36,0.0,0.0,0.000,-0.0,0,HAYIR,HAYIR
2026-08-16 19:33:32.721,0.80,0.56,36,0.0,0.0,0.032,-12.2,-1,HAYIR,HAYIR
2026-08-16 19:33:32.741,0.80,0.56,36,0.0,0.0,0.032,-12.2,-2,HAYIR,HAYIR
2026-08-16 19:33:32.761,0.80,0.56,36,0.0,0.0,0.032,-12.2,-4,HAYIR,HAYIR
2026-08-16 19:33:32.781,0.80,0.56,36,0.0,0.0,0.032,-12.4,-5,HAYIR,HAYIR
2026-08-16 19:33:32.801,0.80,0.56,36,0.0,0.0,0.032,-12.4,-6,HAYIR,HAYIR
2026-08-16 19:33:32.821,0.80,0.56,36,0.0,0.0,0.000,-0.0,-5,HAYIR,HAYIR
2026-08-16 19:33:32.841,0.80,0.56,36,0.0,0.0,0.000,-0.0,-4,HAYIR,HAYIR
2026-08-16 19:33:32.861,0.80,0.56,36,0.0,0.0,0.000,-0.0,-2,HAYIR,HAYIR
2026-08-16 19:33:32.881,0.80,0.56,36,0.0,0.0,-0.040,15.2,-1,HAYIR,HAYIR
2026-08-16 19:33:32.901,0.80,0.60,34,0.0,0.0,-0.040,15.2,0,HAYIR,HAYIR
2026-08-16 19:33:32.921,0.80,0.60,36,0.0,0.0,-0.040,15.6,1,HAYIR,HAYIR
2026-08-16 19:33:32.941,0.80,0.60,36,0.0,0.0,-0.040,15.6,2,HAYIR,HAYIR
2026-08-16 19:33:32.961,0.80,0.60,36,0.0,0.0,-0.040,15.6,4,HAYIR,HAYIR
2026-08-16 19:33:32.981,0.80,0.60,36,0.0,0.0,-0.035,13.3,5,HAYIR,HAYIR
2026-08-16 19:33:33.001,0.80,0.60,36,0.0,0.0,-0.035,13.3,6,HAYIR,HAYIR
2026-08-16 19:33:33.021,0.80,0.60,36,0.0,0.0,-0.034,13.2,7,HAYIR,HAYIR
2026-08-16 19:33:33.041,0.80,0.60,36,0.0,0.0,-0.034,13.2,8,HAYIR,HAYIR
2026-08-16 19:33:33.061,0.80,0.60,36,0.0,0.0,-0.034,13.2,10,HAYIR,HAYIR
2026-08-16 19:33:33.081,0.80,0.60,36,0.0,0.0,-0.035,13.3,11,HAYIR,HAYIR
2026-08-16 19:33:33.101,0.80,0.60,36,0.0,0.0,-0.035,13.3,12,HAYIR,HAYIR
2026-08-16 19:33:33.121,0.80,0.60,36,0.0,0.0,-0.036,13.7,13,HAYIR,HAYIR
2026-08-16 19:33:33.141,0.80,0.60,36,0.0,0.0,-0.036,13.7,14,HAYIR,HAYIR
2026-08-16 19:33:33.161,0.80,0.60,36,0.0,0.0,-0.036,13.7,14,HAYIR,HAYIR
2026-08-16 19:33:33.181,0.80,0.60,36,0.0,0.0,-0.036,14.0,14,HAYIR,HAYIR
2026-08-16 19:33:33.201,0.80,0.60,36,0.0,0.0,-0.036,14.0,14,HAYIR,HAYIR
2026-08-16 19:33:33.221,0.80,0.68,33,0.0,0.0,-0.037,14.5,14,HAYIR,HAYIR
2026-08-16 19:33:33.241,0.80,0.68,36,0.0,0.0,-0.037,14.5,14,HAYIR,HAYIR
2026-08-16 19:33:33.261,0.80,0.68,36,0.0,0.0,-0.037,14.5,14,HAYIR,HAYIR
2026-08-16 19:33:33.281,0.80,0.68,36,0.0,0.0,-0.031,12.1,13,HAYIR,HAYIR
2026-08-16 19:33:33.301,0.80,0.68,36,0.0,0.0,-0.031,12.1,12,HAYIR,HAYIR
2026-08-16 19:33:33.321,0.80,0.68,36,0.0,0.0,-0.031,12.1,12,HAYIR,HAYIR
2026-08-16 19:33:33.341,0.80,0.68,36,0.0,0.0,-0.031,12.1,12,HAYIR,HAYIR
2026-08-16 19:33:33.361,0.80,0.68,36,0.0,0.0,-0.031,12.1,12,HAYIR,HAYIR
2026-08-16 19:33:33.381,0.80,0.68,36,0.0,0.0,-0.032,12.3,12,HAYIR,HAYIR
2026-08-16 19:33:33.401,0.80,0.68,36,0.0,0.0,-0.032,12.3,12,HAYIR,HAYIR
2026-08-16 19:33:33.421,0.80,0.68,36,0.0,0.0,-0.033,12.8,13,HAYIR,HAYIR
2026-08-16 19:33:33.441,0.80,0.68,36,0.0,0.0,-0.033,12.8,13,HAYIR,HAYIR
2026-08-16 19:33:33.461,0.80,0.68,36,0.0,0.0,-0.033,12.8,13,HAYIR,HAYIR
2026-08-16 19:33:33.481,0.80,0.68,36,0.0,0.0,-0.033,12.8,13,HAYIR,HAYIR
2026-08-16 19:33:33.501,0.80,0.68,36,0.0,0.0,-0.033,12.8,13,HAYIR,HAYIR
2026-08-16 19:33:33.521,0.80,0.68,36,0.0,0.0,-0.033,12.6,13,HAYIR,HAYIR
2026-08-16 19:33:33.541,0.80,0.77,32,0.0,0.0,-0.033,12.6,13,HAYIR,HAYIR
2026-08-16 19:33:33.561,0.80,0.77,35,0.0,0.0,-0.033,12.6,13,HAYIR,HAYIR
2026-08-16 19:33:33.581,0.80,0.77,35,0.0,0.0,-0.032,12.5,12,HAYIR,HAYIR
2026-08-16 19:33:33.601,0.80,0.77,35,0.0,0.0,-0.032,12.5,12,HAYIR,HAYIR
2026-08-16 19:33:33.621,0.80,0.77,35,0.0,0.0,0.000,-0.0,11,HAYIR,HAYIR
2026-08-16 19:33:33.641,0.80,0.77,35,0.0,0.0,0.000,-0.0,10,HAYIR,HAYIR
2026-08-16 19:33:33.661,0.80,0.77,35,0.0,0.0,0.000,-0.0,9,HAYIR,HAYIR
2026-08-16 19:33:33.681,0.80,0.77,36,0.0,0.0,0.000,-0.0,8,HAYIR,HAYIR
2026-08-16 19:33:33.701,0.80,0.77,36,0.0,0.0,0.000,-0.0,6,HAYIR,HAYIR
2026-08-16 19:33:33.721,0.80,0.77,36,0.0,0.0,0.000,-0.0,5,HAYIR,HAYIR
2026-08-16 19:33:33.742,0.80,0.77,36,0.0,0.0,0.000,-0.0,4,HAYIR,HAYIR
2026-08-16 19:33:33.761,0.80,0.77,36,0.0,0.0,0.000,-0.0,3,HAYIR,HAYIR
2026-08-16 19:33:33.781,0.80,0.77,36,0.0,0.0,0.000,-0.0,2,HAYIR,HAYIR
2026-08-16 19:33:33.801,0.80,0.77,36,0.0,0.0,0.000,-0.0,0,HAYIR,HAYIR
2026-08-16 19:33:33.821,0.80,0.77,36,0.0,0.0,0.000,-0.0,0,HAYIR,HAYIR
2026-08-16 19:33:33.841,0.80,0.77,36,0.0,0.0,0.000,-0.0,0,HAYIR,HAYIR
2026-08-16 19:33:33.861,0.80,0.87,28,0.0,0.0,0.000,-0.0,0,HAYIR,HAYIR
2026-08-16 19:33:33.881,0.80,0.87,28,0.0,0.0,0.000,-0.0,0,HAYIR,HAYIR
2026-08-16 19:33:33.901,0.80,0.87,28,0.0,0.0,0.000,-0.0,0,HAYIR,HAYIR
2026-08-16 19:33:33.921,0.80,0.87,28,0.0,0.0,0.000,-0.0,0,HAYIR,HAYIR
2026-08-16 19:33:33.941,0.80,0.87,28,0.0,0.0,0.000,-0.0,0,HAYIR,HAYIR
2026-08-16 19:33:33.961,0.80,0.87,28,0.0,0.0,0.000,-0.0,0,HAYIR,HAYIR
2026-08-16 19:33:33.981,0.80,0.87,28,0.0,0.0,0.000,-0.0,0,HAYIR,HAYIR
2026-08-16 19:33:34.001,0.80,0.87,28,0.0,0.0,0.000,-0.0,0,HAYIR,HAYIR
2026-08-16 19:33:34.021,0.80,0.87,28,0.0,0.0,0.000,-0.0,0,HAYIR,HAYIR
2026-08-16 19:33:34.041,0.80,0.87,28,0.0,0.0,0.000,-0.0,0,HAYIR,HAYIR
2026-08-16 19:33:34.061,0.80,0.87,28,0.0,0.0,0.000,-0.0,0,HAYIR,HAYIR
2026-08-16 19:33:34.081,0.80,0.87,28,0.0,0.0,0.000,-0.0,0,HAYIR,HAYIR
2026-08-16 19:33:34.101,0.80,0.87,28,0.0,0.0,0.000,-0.0,0,HAYIR,HAYIR
2026-08-16 19:33:34.121,0.80,0.87,28,0.0,0.0,0.000,-0.0,0,HAYIR,HAYIR
2026-08-16 19:33:34.141,0.80,0.87,28,0.0,0.0,0.000,-0.0,0,HAYIR,HAYIR
2026-08-16 19:33:34.161,0.80,0.87,28,0.0,0.0,0.000,-0.0,0,HAYIR,HAYIR
2026-08-16 19:33:34.181,0.80,0.87,28,0.0,0.0,0.000,-0.0,0,HAYIR,HAYIR
2026-08-16 19:33:34.201,0.80,0.87,28,0.0,0.0,0.000,-0.0,0,HAYIR,HAYIR
2026-08-16 19:33:34.221,0.80,0.87,28,0.0,0.0,0.000,-0.0,0,HAYIR,HAYIR
2026-08-16 19:33:34.241,0.80,0.97,28,0.0,0.0,0.000,-0.0,0,HAYIR,HAYIR
2026-08-16 19:33:34.261,0.80,0.97,28,0.0,0.0,0.000,-0.0,0,HAYIR,HAYIR
2026-08-16 19:33:34.281,0.80,0.97,28,0.0,0.0,0.000,-0.0,0,HAYIR,HAYIR
2026-08-16 19:33:34.301,0.80,0.97,28,0.0,0.0,0.000,-0.0,0,HAYIR,HAYIR
2026-08-16 19:33:34.321,0.80,0.97,28,0.0,0.0,0.000,-0.0,0,HAYIR,HAYIR
2026-08-16 19:33:34.341,0.80,0.97,28,0.0,0.0,0.000,-0.0,0,HAYIR,HAYIR
2026-08-16 19:33:34.361,0.80,0.97,28,0.0,0.0,0.000,-0.0,0,HAYIR,HAYIR
2026-08-16 19:33:34.381,0.80,0.97,28,0.0,0.0,0.000,-0.0,0,HAYIR,HAYIR
2026-08-16 19:33:34.401,0.80,0.97,28,0.0,0.0,0.000,-0.0,0,HAYIR,HAYIR
2026-08-16 19:33:34.421,0.80,0.97,28,0.0,0.0,0.000,-0.0,0,HAYIR,HAYIR
2026-08-16 19:33:34.441,0.80,0.97,28,0.0,0.0,0.000,-0.0,0,HAYIR,HAYIR
2026-08-16 19:33:34.461,0.80,0.97,28,0.0,0.0,0.000,-0.0,0,HAYIR,HAYIR
2026-08-16 19:33:34.481,0.80,0.97,28,0.0,0.0,0.000,-0.0,0,HAYIR,HAYIR
2026-08-16 19:33:34.501,0.80,0.97,28,0.0,0.0,0.000,-0.0,0,HAYIR,HAYIR
2026-08-16 19:33:34.521,0.80,0.97,28,0.0,0.0,0.000,-0.0,0,HAYIR,HAYIR
2026-08-16 19:33:34.541,0.80,0.97,28,0.0,0.0,0.000,-0.0,0,HAYIR,HAYIR
2026-08-16 19:33:34.561,0.80,1.07,28,0.0,0.0,0.000,-0.0,0,HAYIR,HAYIR
2026-08-16 19:33:34.581,0.80,1.07,28,0.0,0.0,0.000,-0.0,0,HAYIR,HAYIR
2026-08-16 19:33:34.601,0.80,1.07,28,0.0,0.0,0.000,-0.0,0,HAYIR,HAYIR
2026-08-16 19:33:34.621,0.80,1.07,28,0.0,0.0,-0.031,11.9,1,HAYIR,HAYIR
2026-08-16 19:33:34.641,0.80,1.07,28,0.0,0.0,-0.031,11.9,2,HAYIR,HAYIR
2026-08-16 19:33:34.661,0.80,1.07,28,0.0,0.0,-0.031,11.9,4,HAYIR,HAYIR
2026-08-16 19:33:34.681,0.80,1.07,28,0.0,0.0,-0.033,12.6,5,HAYIR,HAYIR
2026-08-16 19:33:34.701,0.80,1.07,28,0.0,0.0,-0.033,12.6,6,HAYIR,HAYIR
2026-08-16 19:33:34.721,0.80,1.07,28,0.0,0.0,-0.037,14.3,7,HAYIR,HAYIR
2026-08-16 19:33:34.741,0.80,1.07,28,0.0,0.0,-0.037,14.3,8,HAYIR,HAYIR
2026-08-16 19:33:34.761,0.80,1.07,28,0.0,0.0,-0.037,14.3,10,HAYIR,HAYIR
2026-08-16 19:33:34.781,0.80,1.07,28,0.0,0.0,-0.039,15.0,11,HAYIR,HAYIR
2026-08-16 19:33:34.801,0.80,1.07,28,0.0,0.0,-0.039,15.0,12,HAYIR,HAYIR
2026-08-16 19:33:34.821,0.80,1.07,28,0.0,0.0,-0.044,17.0,13,HAYIR,HAYIR
2026-08-16 19:33:34.841,0.80,1.07,28,0.0,0.0,-0.044,17.0,14,HAYIR,HAYIR
2026-08-16 19:33:34.861,0.80,1.07,28,0.0,0.0,-0.044,17.0,16,HAYIR,HAYIR
2026-08-16 19:33:34.881,0.80,1.17,28,0.0,0.0,0.000,-0.0,14,HAYIR,HAYIR
2026-08-16 19:33:34.901,0.80,1.17,28,0.0,0.0,0.000,-0.0,13,HAYIR,HAYIR
2026-08-16 19:33:34.921,0.80,1.17,28,0.0,0.0,0.000,-0.0,12,HAYIR,HAYIR
2026-08-16 19:33:34.941,0.80,1.17,28,0.0,0.0,0.000,-0.0,11,HAYIR,HAYIR
2026-08-16 19:33:34.961,0.80,1.17,28,0.0,0.0,0.000,-0.0,10,HAYIR,HAYIR
2026-08-16 19:33:34.981,0.80,1.17,28,0.0,0.0,0.000,-0.0,8,HAYIR,HAYIR
2026-08-16 19:33:35.001,0.80,1.17,28,0.0,0.0,0.000,-0.0,7,HAYIR,HAYIR
2026-08-16 19:33:35.021,0.80,1.17,28,0.0,0.0,0.000,-0.0,6,HAYIR,HAYIR
2026-08-16 19:33:35.041,0.80,1.17,28,0.0,0.0,0.000,-0.0,5,HAYIR,HAYIR
2026-08-16 19:33:35.061,0.80,1.17,28,0.0,0.0,0.000,-0.0,4,HAYIR,HAYIR
2026-08-16 19:33:35.081,0.80,1.17,28,0.0,0.0,0.000,-0.0,2,HAYIR,HAYIR
2026-08-16 19:33:35.101,0.80,1.17,28,0.0,0.0,0.000,-0.0,1,HAYIR,HAYIR
2026-08-16 19:33:35.121,0.80,1.17,28,0.0,0.0,0.000,-0.0,0,HAYIR,HAYIR
2026-08-16 19:33:35.141,0.80,1.17,28,0.0,0.0,0.000,-0.0,0,HAYIR,HAYIR
2026-08-16 19:33:35.161,0.80,1.17,28,0.0,0.0,0.000,-0.0,0,HAYIR,HAYIR
2026-08-16 19:33:35.181,0.80,1.17,28,0.0,0.0,-0.030,11.7,1,HAYIR,HAYIR
2026-08-16 19:33:35.201,0.80,1.17,28,0.0,0.0,-0.030,11.7,2,HAYIR,HAYIR
2026-08-16 19:33:35.221,0.80,1.17,28,0.0,0.0,-0.037,14.1,4,HAYIR,HAYIR
2026-08-16 19:33:35.241,0.80,1.15,28,0.0,0.0,-0.037,14.1,5,HAYIR,HAYIR
2026-08-16 19:33:35.261,0.80,1.15,28,0.0,0.0,-0.037,14.1,6,HAYIR,HAYIR
2026-08-16 19:33:35.281,0.80,1.15,28,0.0,0.0,-0.039,15.1,7,HAYIR,HAYIR
2026-08-16 19:33:35.301,0.80,1.15,28,0.0,0.0,-0.039,15.1,8,HAYIR,HAYIR
2026-08-16 19:33:35.321,0.80,1.15,28,0.0,0.0,-0.046,17.7,10,HAYIR,HAYIR
2026-08-16 19:33:35.341,0.80,1.15,28,0.0,0.0,-0.046,17.7,11,HAYIR,HAYIR
2026-08-16 19:33:35.361,0.80,1.15,28,0.0,0.0,-0.046,17.7,12,HAYIR,HAYIR
2026-08-16 19:33:35.381,0.80,1.15,28,0.0,0.0,-0.048,18.5,13,HAYIR,HAYIR
2026-08-16 19:33:35.401,0.80,1.15,28,0.0,0.0,-0.048,18.5,14,HAYIR,HAYIR
2026-08-16 19:33:35.421,0.80,1.15,28,0.0,0.0,-0.054,20.6,16,HAYIR,HAYIR
2026-08-16 19:33:35.441,0.80,1.15,28,0.0,0.0,-0.054,20.6,17,HAYIR,HAYIR
2026-08-16 19:33:35.461,0.80,1.15,28,0.0,0.0,-0.054,20.6,18,HAYIR,HAYIR
2026-08-16 19:33:35.481,0.80,1.15,28,0.0,0.0,-0.056,21.4,19,HAYIR,HAYIR
2026-08-16 19:33:35.501,0.80,1.15,28,0.0,0.0,-0.056,21.4,20,HAYIR,HAYIR
2026-08-16 19:33:35.521,0.80,1.08,28,0.0,0.0,-0.059,22.8,22,HAYIR,HAYIR
2026-08-16 19:33:35.541,0.80,1.08,28,0.0,0.0,-0.059,22.8,23,HAYIR,HAYIR
2026-08-16 19:33:35.561,0.80,1.08,28,0.0,0.0,-0.059,22.8,23,HAYIR,HAYIR
2026-08-16 19:33:35.581,0.80,1.08,28,0.0,0.0,-0.060,23.0,23,HAYIR,HAYIR
2026-08-16 19:33:35.601,0.80,1.08,28,0.0,0.0,-0.060,23.0,23,HAYIR,HAYIR
2026-08-16 19:33:35.621,0.80,1.08,28,0.0,0.0,-0.066,25.3,24,HAYIR,HAYIR
2026-08-16 19:33:35.641,0.80,1.08,28,0.0,0.0,-0.066,25.3,25,HAYIR,HAYIR
2026-08-16 19:33:35.661,0.80,1.08,28,0.0,0.0,-0.066,25.3,25,HAYIR,HAYIR
2026-08-16 19:33:35.681,0.80,1.08,28,0.0,0.0,-0.067,25.8,26,HAYIR,HAYIR
2026-08-16 19:33:35.701,0.80,1.08,28,0.0,0.0,-0.067,25.8,26,HAYIR,HAYIR
2026-08-16 19:33:35.721,0.80,1.08,28,0.0,0.0,-0.070,26.9,27,HAYIR,HAYIR
2026-08-16 19:33:35.741,0.80,1.08,28,0.0,0.0,-0.070,26.9,27,HAYIR,HAYIR
2026-08-16 19:33:35.761,0.80,1.08,28,0.0,0.0,-0.070,26.9,27,HAYIR,HAYIR
2026-08-16 19:33:35.781,0.80,1.08,28,0.0,0.0,-0.072,27.5,27,HAYIR,HAYIR
2026-08-16 19:33:35.801,0.80,1.08,28,0.0,0.0,-0.072,27.5,27,HAYIR,HAYIR
2026-08-16 19:33:35.821,0.80,1.08,28,0.0,0.0,-0.074,28.5,29,HAYIR,HAYIR
2026-08-16 19:33:35.841,0.80,1.08,28,0.0,0.0,-0.074,28.5,29,HAYIR,HAYIR
2026-08-16 19:33:35.861,0.80,1.08,28,0.0,0.0,-0.074,28.5,29,HAYIR,HAYIR
2026-08-16 19:33:35.881,0.80,1.08,28,0.0,0.0,-0.076,29.0,29,HAYIR,HAYIR
2026-08-16 19:33:35.901,0.80,1.08,28,0.0,0.0,-0.076,29.0,29,HAYIR,HAYIR
2026-08-16 19:33:35.921,0.80,0.97,28,0.0,0.0,-0.070,27.0,28,HAYIR,HAYIR
2026-08-16 19:33:35.941,0.80,0.97,28,0.0,0.0,-0.070,27.0,27,HAYIR,HAYIR
2026-08-16 19:33:35.961,0.80,0.97,28,0.0,0.0,-0.070,27.0,27,HAYIR,HAYIR
2026-08-16 19:33:35.981,0.80,0.97,28,0.0,0.0,-0.070,27.0,27,HAYIR,HAYIR
2026-08-16 19:33:36.001,0.80,0.97,28,0.0,0.0,-0.070,27.0,27,HAYIR,HAYIR
2026-08-16 19:33:36.021,0.80,0.97,28,0.0,0.0,-0.074,28.5,28,HAYIR,HAYIR
2026-08-16 19:33:36.041,0.80,0.97,28,0.0,0.0,-0.074,28.5,29,HAYIR,HAYIR
2026-08-16 19:33:36.061,0.80,0.97,28,0.0,0.0,-0.074,28.5,29,HAYIR,HAYIR
2026-08-16 19:33:36.081,0.80,0.97,28,0.0,0.0,-0.076,29.1,29,HAYIR,HAYIR
2026-08-16 19:33:36.101,0.80,0.97,28,0.0,0.0,-0.076,29.1,29,HAYIR,HAYIR
2026-08-16 19:33:36.121,0.80,0.97,28,0.0,0.0,-0.078,29.7,30,HAYIR,HAYIR
2026-08-16 19:33:36.141,0.80,0.97,28,0.0,0.0,-0.078,29.7,30,HAYIR,HAYIR
2026-08-16 19:33:36.161,0.80,0.97,28,0.0,0.0,-0.078,29.7,30,HAYIR,HAYIR
2026-08-16 19:33:36.181,0.80,0.97,28,0.0,0.0,-0.079,30.3,30,HAYIR,HAYIR
2026-08-16 19:33:36.201,0.80,0.88,28,0.0,0.0,-0.079,30.3,30,HAYIR,HAYIR
2026-08-16 19:33:36.221,0.80,0.88,28,0.0,0.0,-0.079,30.3,30,HAYIR,HAYIR
2026-08-16 19:33:36.241,0.80,0.88,28,0.0,0.0,-0.079,30.3,30,HAYIR,HAYIR
2026-08-16 19:33:36.261,0.80,0.88,28,0.0,0.0,-0.079,30.3,30,HAYIR,HAYIR
2026-08-16 19:33:36.281,0.80,0.88,28,0.0,0.0,-0.082,31.4,31,HAYIR,HAYIR
2026-08-16 19:33:36.301,0.80,0.88,28,0.0,0.0,-0.082,31.4,31,HAYIR,HAYIR
2026-08-16 19:33:36.321,0.80,0.88,28,0.0,0.0,-0.086,32.8,33,HAYIR,HAYIR
2026-08-16 19:33:36.341,0.80,0.88,28,0.0,0.0,-0.086,32.8,33,HAYIR,HAYIR
2026-08-16 19:33:36.361,0.80,0.88,28,0.0,0.0,-0.086,32.8,33,HAYIR,HAYIR
2026-08-16 19:33:36.381,0.80,0.88,28,0.0,0.0,-0.087,33.3,33,HAYIR,HAYIR
2026-08-16 19:33:36.401,0.80,0.88,28,0.0,0.0,-0.087,33.3,33,HAYIR,HAYIR
2026-08-16 19:33:36.421,0.80,0.88,28,0.0,0.0,-0.088,33.5,34,HAYIR,HAYIR
2026-08-16 19:33:36.441,0.80,0.88,28,0.0,0.0,-0.088,33.5,34,HAYIR,HAYIR
2026-08-16 19:33:36.461,0.80,0.88,28,0.0,0.0,-0.088,33.5,34,HAYIR,HAYIR
2026-08-16 19:33:36.481,0.80,0.88,28,0.0,0.0,-0.089,34.0,34,HAYIR,HAYIR
2026-08-16 19:33:36.501,0.80,0.88,28,0.0,0.0,-0.089,34.0,34,HAYIR,HAYIR
2026-08-16 19:33:36.521,0.80,0.88,28,0.0,0.0,-0.089,34.2,34,HAYIR,HAYIR
2026-08-16 19:33:36.541,0.80,0.88,28,0.0,0.0,-0.089,34.2,34,HAYIR,HAYIR
2026-08-16 19:33:36.561,0.80,0.78,37,0.0,0.0,-0.089,34.2,34,HAYIR,HAYIR
2026-08-16 19:33:36.581,0.80,0.78,35,0.0,0.0,-0.090,34.5,35,HAYIR,HAYIR
2026-08-16 19:33:36.601,0.80,0.78,35,0.0,0.0,-0.090,34.5,35,HAYIR,HAYIR
2026-08-16 19:33:36.621,0.80,0.78,35,0.0,0.0,-0.094,35.9,36,HAYIR,HAYIR
2026-08-16 19:33:36.641,0.80,0.78,35,0.0,0.0,-0.094,35.9,36,HAYIR,HAYIR
2026-08-16 19:33:36.661,0.80,0.78,35,0.0,0.0,-0.094,35.9,36,HAYIR,HAYIR
2026-08-16 19:33:36.681,0.80,0.78,35,0.0,0.0,-0.098,37.3,37,HAYIR,HAYIR
2026-08-16 19:33:36.701,0.80,0.78,35,0.0,0.0,-0.098,37.3,37,HAYIR,HAYIR
2026-08-16 19:33:36.721,0.80,0.78,35,0.0,0.0,-0.098,37.4,37,HAYIR,HAYIR
2026-08-16 19:33:36.741,0.80,0.78,35,0.0,0.0,-0.098,37.4,37,HAYIR,HAYIR
2026-08-16 19:33:36.761,0.80,0.78,35,0.0,0.0,-0.098,37.4,37,HAYIR,HAYIR
2026-08-16 19:33:36.781,0.80,0.78,35,0.0,0.0,-0.099,37.9,38,HAYIR,HAYIR
2026-08-16 19:33:36.801,0.80,0.78,35,0.0,0.0,-0.099,37.9,38,HAYIR,HAYIR
2026-08-16 19:33:36.821,0.80,0.78,35,0.0,0.0,-0.099,37.7,38,HAYIR,HAYIR
2026-08-16 19:33:36.841,0.80,0.78,35,0.0,0.0,-0.099,37.7,38,HAYIR,HAYIR
2026-08-16 19:33:36.861,0.80,0.78,35,0.0,0.0,-0.099,37.7,38,HAYIR,HAYIR
2026-08-16 19:33:36.881,0.80,0.70,37,0.0,0.0,-0.099,37.9,38,HAYIR,HAYIR
2026-08-16 19:33:36.901,0.80,0.70,35,0.0,0.0,-0.099,37.9,38,HAYIR,HAYIR
2026-08-16 19:33:36.921,0.80,0.70,35,0.0,0.0,-0.103,39.3,39,HAYIR,HAYIR
2026-08-16 19:33:36.941,0.80,0.70,35,0.0,0.0,-0.103,39.3,39,HAYIR,HAYIR
2026-08-16 19:33:36.961,0.80,0.70,35,0.0,0.0,-0.103,39.3,39,HAYIR,HAYIR
2026-08-16 19:33:36.981,0.80,0.70,35,0.0,0.0,-0.108,41.0,40,HAYIR,HAYIR
2026-08-16 19:33:37.001,0.80,0.70,35,0.0,0.0,-0.108,41.0,41,HAYIR,HAYIR
2026-08-16 19:33:37.021,0.80,0.70,35,0.0,0.0,-0.107,40.8,41,HAYIR,HAYIR
2026-08-16 19:33:37.041,0.80,0.70,35,0.0,0.0,-0.107,40.8,41,HAYIR,HAYIR
2026-08-16 19:33:37.061,0.80,0.70,35,0.0,0.0,-0.107,40.8,41,HAYIR,HAYIR
2026-08-16 19:33:37.081,0.80,0.70,35,0.0,0.0,-0.108,41.3,41,HAYIR,HAYIR
2026-08-16 19:33:37.101,0.80,0.70,35,0.0,0.0,-0.108,41.3,41,HAYIR,HAYIR
2026-08-16 19:33:37.121,0.80,0.70,35,0.0,0.0,-0.107,40.8,41,HAYIR,HAYIR
2026-08-16 19:33:37.141,0.80,0.70,35,0.0,0.0,-0.107,40.8,41,HAYIR,HAYIR
2026-08-16 19:33:37.161,0.80,0.70,35,0.0,0.0,-0.107,40.8,41,HAYIR,HAYIR
2026-08-16 19:33:37.181,0.80,0.70,35,0.0,0.0,-0.108,41.1,41,HAYIR,HAYIR
2026-08-16 19:33:37.201,0.80,0.61,37,0.0,0.0,-0.108,41.1,41,HAYIR,HAYIR
2026-08-16 19:33:37.221,0.80,0.61,35,0.0,0.0,-0.107,40.8,41,HAYIR,HAYIR
2026-08-16 19:33:37.241,0.80,0.61,35,0.0,0.0,-0.107,40.8,41,HAYIR,HAYIR
2026-08-16 19:33:37.261,0.80,0.61,35,0.0,0.0,-0.107,40.8,41,HAYIR,HAYIR
2026-08-16 19:33:37.281,0.80,0.61,35,0.0,0.0,-0.105,40.0,40,HAYIR,HAYIR
2026-08-16 19:33:37.301,0.80,0.61,35,0.0,0.0,-0.105,40.0,40,HAYIR,HAYIR
2026-08-16 19:33:37.321,0.80,0.61,35,0.0,0.0,-0.107,40.7,41,HAYIR,HAYIR
2026-08-16 19:33:37.341,0.80,0.61,35,0.0,0.0,-0.107,40.7,41,HAYIR,HAYIR
2026-08-16 19:33:37.361,0.80,0.61,35,0.0,0.0,-0.107,40.7,41,HAYIR,HAYIR
2026-08-16 19:33:37.381,0.80,0.61,35,0.0,0.0,-0.108,41.1,41,HAYIR,HAYIR
2026-08-16 19:33:37.401,0.80,0.61,35,0.0,0.0,-0.108,41.1,41,HAYIR,HAYIR
2026-08-16 19:33:37.421,0.80,0.61,35,0.0,0.0,-0.105,40.1,40,HAYIR,HAYIR
2026-08-16 19:33:37.441,0.80,0.61,35,0.0,0.0,-0.105,40.1,40,HAYIR,HAYIR
2026-08-16 19:33:37.461,0.80,0.61,35,0.0,0.0,-0.105,40.1,40,HAYIR,HAYIR
2026-08-16 19:33:37.481,0.80,0.61,35,0.0,0.0,-0.106,40.5,41,HAYIR,HAYIR
2026-08-16 19:33:37.501,0.80,0.61,35,0.0,0.0,-0.106,40.5,41,HAYIR,HAYIR
2026-08-16 19:33:37.521,0.80,0.61,35,0.0,0.0,-0.104,39.7,40,HAYIR,HAYIR
2026-08-16 19:33:37.541,0.80,0.61,35,0.0,0.0,-0.104,39.7,40,HAYIR,HAYIR
2026-08-16 19:33:37.561,0.80,0.61,35,0.0,0.0,-0.104,39.7,40,HAYIR,HAYIR
2026-08-16 19:33:37.581,0.80,0.58,37,0.0,0.0,-0.105,40.0,40,HAYIR,HAYIR
2026-08-16 19:33:37.601,0.80,0.58,36,0.0,0.0,-0.105,40.0,40,HAYIR,HAYIR
2026-08-16 19:33:37.621,0.80,0.58,36,0.0,0.0,-0.100,38.1,39,HAYIR,HAYIR
2026-08-16 19:33:37.641,0.80,0.58,36,0.0,0.0,-0.100,38.1,38,HAYIR,HAYIR
2026-08-16 19:33:37.661,0.80,0.58,36,0.0,0.0,-0.100,38.1,38,HAYIR,HAYIR
2026-08-16 19:33:37.681,0.80,0.58,36,0.0,0.0,-0.102,39.1,39,HAYIR,HAYIR
2026-08-16 19:33:37.701,0.80,0.58,36,0.0,0.0,-0.102,39.1,39,HAYIR,HAYIR
2026-08-16 19:33:37.721,0.80,0.58,36,0.0,0.0,-0.100,38.2,38,HAYIR,HAYIR
2026-08-16 19:33:37.741,0.80,0.58,36,0.0,0.0,-0.100,38.2,38,HAYIR,HAYIR
2026-08-16 19:33:37.761,0.80,0.58,36,0.0,0.0,-0.100,38.2,38,HAYIR,HAYIR
2026-08-16 19:33:37.781,0.80,0.58,36,0.0,0.0,-0.101,38.4,38,HAYIR,HAYIR
2026-08-16 19:33:37.801,0.80,0.58,36,0.0,0.0,-0.101,38.4,38,HAYIR,HAYIR
2026-08-16 19:33:37.821,0.80,0.58,36,0.0,0.0,-0.098,37.4,37,HAYIR,HAYIR
2026-08-16 19:33:37.841,0.80,0.58,36,0.0,0.0,-0.098,37.4,37,HAYIR,HAYIR
2026-08-16 19:33:37.861,0.80,0.58,36,0.0,0.0,-0.098,37.4,37,HAYIR,HAYIR
2026-08-16 19:33:37.881,0.80,0.58,36,0.0,0.0,-0.098,37.5,38,HAYIR,HAYIR
2026-08-16 19:33:37.901,0.80,0.58,35,0.0,0.0,-0.098,37.5,38,HAYIR,HAYIR
2026-08-16 19:33:37.921,0.80,0.58,36,0.0,0.0,-0.100,38.2,38,HAYIR,HAYIR
2026-08-16 19:33:37.941,0.80,0.58,36,0.0,0.0,-0.100,38.2,38,HAYIR,HAYIR
2026-08-16 19:33:37.961,0.80,0.58,36,0.0,0.0,-0.100,38.2,38,HAYIR,HAYIR
2026-08-16 19:33:37.981,0.80,0.58,36,0.0,0.0,-0.101,38.5,38,HAYIR,HAYIR
2026-08-16 19:33:38.001,0.80,0.58,36,0.0,0.0,-0.101,38.5,38,HAYIR,HAYIR
2026-08-16 19:33:38.021,0.80,0.58,36,0.0,0.0,-0.099,37.7,38,HAYIR,HAYIR
2026-08-16 19:33:38.041,0.80,0.58,36,0.0,0.0,-0.099,37.7,38,HAYIR,HAYIR
2026-08-16 19:33:38.061,0.80,0.58,36,0.0,0.0,-0.099,37.7,38,HAYIR,HAYIR
2026-08-16 19:33:38.081,0.80,0.58,36,0.0,0.0,-0.099,37.8,38,HAYIR,HAYIR
2026-08-16 19:33:38.101,0.80,0.58,36,0.0,0.0,-0.099,37.8,38,HAYIR,HAYIR
2026-08-16 19:33:38.121,0.80,0.58,36,0.0,0.0,-0.098,37.3,37,HAYIR,HAYIR
2026-08-16 19:33:38.141,0.80,0.58,36,0.0,0.0,-0.098,37.3,37,HAYIR,HAYIR
2026-08-16 19:33:38.161,0.80,0.58,36,0.0,0.0,-0.098,37.3,37,HAYIR,HAYIR
2026-08-16 19:33:38.181,0.80,0.58,36,0.0,0.0,-0.098,37.4,37,HAYIR,HAYIR
2026-08-16 19:33:38.201,0.80,0.58,36,0.0,0.0,-0.098,37.4,37,HAYIR,HAYIR
2026-08-16 19:33:38.221,0.80,0.61,34,0.0,0.0,-0.097,37.0,37,HAYIR,HAYIR
2026-08-16 19:33:38.241,0.80,0.61,36,0.0,0.0,-0.097,37.0,37,HAYIR,HAYIR
2026-08-16 19:33:38.261,0.80,0.61,36,0.0,0.0,-0.097,37.0,37,HAYIR,HAYIR
2026-08-16 19:33:38.281,0.80,0.61,36,0.0,0.0,-0.097,36.9,37,HAYIR,HAYIR
2026-08-16 19:33:38.301,0.80,0.61,36,0.0,0.0,-0.097,36.9,37,HAYIR,HAYIR
2026-08-16 19:33:38.321,0.80,0.61,36,0.0,0.0,-0.094,35.8,36,HAYIR,HAYIR
2026-08-16 19:33:38.341,0.80,0.61,36,0.0,0.0,-0.094,35.8,36,HAYIR,HAYIR
2026-08-16 19:33:38.361,0.80,0.61,36,0.0,0.0,-0.094,35.8,36,HAYIR,HAYIR
2026-08-16 19:33:38.381,0.80,0.61,36,0.0,0.0,-0.094,35.9,36,HAYIR,HAYIR
2026-08-16 19:33:38.401,0.80,0.61,36,0.0,0.0,-0.094,35.9,36,HAYIR,HAYIR
2026-08-16 19:33:38.421,0.80,0.61,36,0.0,0.0,-0.093,35.6,36,HAYIR,HAYIR
2026-08-16 19:33:38.441,0.80,0.61,36,0.0,0.0,-0.093,35.6,36,HAYIR,HAYIR
2026-08-16 19:33:38.461,0.80,0.61,36,0.0,0.0,-0.093,35.6,36,HAYIR,HAYIR
2026-08-16 19:33:38.481,0.80,0.61,36,0.0,0.0,-0.093,35.5,36,HAYIR,HAYIR
2026-08-16 19:33:38.501,0.80,0.61,36,0.0,0.0,-0.093,35.5,36,HAYIR,HAYIR
2026-08-16 19:33:38.521,0.80,0.61,36,0.0,0.0,-0.092,35.1,35,HAYIR,HAYIR
2026-08-16 19:33:38.541,0.80,0.66,34,0.0,0.0,-0.092,35.1,35,HAYIR,HAYIR
2026-08-16 19:33:38.561,0.80,0.66,36,0.0,0.0,-0.092,35.1,35,HAYIR,HAYIR
2026-08-16 19:33:38.581,0.80,0.66,36,0.0,0.0,-0.091,35.0,35,HAYIR,HAYIR
2026-08-16 19:33:38.601,0.80,0.66,36,0.0,0.0,-0.091,35.0,35,HAYIR,HAYIR
2026-08-16 19:33:38.621,0.80,0.66,36,0.0,0.0,-0.091,34.8,35,HAYIR,HAYIR
2026-08-16 19:33:38.641,0.80,0.66,36,0.0,0.0,-0.091,34.8,35,HAYIR,HAYIR
2026-08-16 19:33:38.661,0.80,0.66,36,0.0,0.0,-0.091,34.8,35,HAYIR,HAYIR
2026-08-16 19:33:38.681,0.80,0.66,36,0.0,0.0,-0.091,34.7,35,HAYIR,HAYIR
2026-08-16 19:33:38.701,0.80,0.66,36,0.0,0.0,-0.091,34.7,35,HAYIR,HAYIR
2026-08-16 19:33:38.721,0.80,0.66,36,0.0,0.0,-0.091,34.9,35,HAYIR,HAYIR
2026-08-16 19:33:38.741,0.80,0.66,36,0.0,0.0,-0.091,34.9,35,HAYIR,HAYIR
2026-08-16 19:33:38.761,0.80,0.66,36,0.0,0.0,-0.091,34.9,35,HAYIR,HAYIR
2026-08-16 19:33:38.781,0.80,0.66,36,0.0,0.0,-0.091,34.8,35,HAYIR,HAYIR
2026-08-16 19:33:38.801,0.80,0.66,36,0.0,0.0,-0.091,34.8,35,HAYIR,HAYIR
2026-08-16 19:33:38.821,0.80,0.66,36,0.0,0.0,-0.092,35.0,35,HAYIR,HAYIR
2026-08-16 19:33:38.841,0.80,0.66,36,0.0,0.0,-0.092,35.0,35,HAYIR,HAYIR
2026-08-16 19:33:38.861,0.80,0.73,32,0.0,0.0,-0.092,35.0,35,HAYIR,HAYIR
2026-08-16 19:33:38.881,0.80,0.73,35,0.0,0.0,-0.091,35.0,35,HAYIR,HAYIR
2026-08-16 19:33:38.901,0.80,0.73,35,0.0,0.0,-0.091,35.0,35,HAYIR,HAYIR
2026-08-16 19:33:38.921,0.80,0.73,35,0.0,0.0,-0.098,37.3,36,HAYIR,HAYIR
2026-08-16 19:33:38.941,0.80,0.73,35,0.0,0.0,-0.098,37.3,37,HAYIR,HAYIR
2026-08-16 19:33:38.961,0.80,0.73,35,0.0,0.0,-0.098,37.3,37,HAYIR,HAYIR
2026-08-16 19:33:38.981,0.80,0.73,35,0.0,0.0,-0.094,36.1,36,HAYIR,HAYIR
2026-08-16 19:33:39.001,0.80,0.73,35,0.0,0.0,-0.094,36.1,36,HAYIR,HAYIR
2026-08-16 19:33:39.021,0.80,0.73,35,0.0,0.0,-0.144,54.4,37,HAYIR,HAYIR
2026-08-16 19:33:39.041,0.80,0.73,35,0.0,0.0,-0.144,54.4,38,HAYIR,HAYIR
2026-08-16 19:33:39.061,0.80,0.73,35,0.0,0.0,-0.144,54.4,40,HAYIR,HAYIR
2026-08-16 19:33:39.081,0.80,0.73,35,0.0,0.0,-0.194,71.9,41,HAYIR,HAYIR
2026-08-16 19:33:39.101,0.80,0.73,35,0.0,0.0,-0.194,71.9,42,HAYIR,HAYIR
2026-08-16 19:33:39.121,0.80,0.73,35,0.0,0.0,-0.244,88.2,43,HAYIR,HAYIR
2026-08-16 19:33:39.141,0.80,0.73,35,0.1,0.0,-0.244,88.2,44,HAYIR,HAYIR
2026-08-16 19:33:39.161,0.80,0.73,35,0.1,0.0,-0.244,88.2,46,HAYIR,HAYIR
2026-08-16 19:33:39.181,0.80,0.80,28,0.1,0.0,-0.278,98.7,47,HAYIR,HAYIR
2026-08-16 19:33:39.201,0.80,0.80,28,0.1,0.0,-0.278,98.7,48,HAYIR,HAYIR
2026-08-16 19:33:39.221,0.80,0.80,28,0.2,0.0,-0.285,100.6,49,HAYIR,HAYIR
2026-08-16 19:33:39.241,0.80,0.80,28,0.2,0.0,-0.285,100.6,50,HAYIR,HAYIR
2026-08-16 19:33:39.261,0.80,0.80,28,0.2,0.0,-0.285,100.6,52,HAYIR,HAYIR
2026-08-16 19:33:39.281,0.80,0.80,28,0.2,0.0,-0.253,90.9,53,HAYIR,HAYIR
2026-08-16 19:33:39.301,0.80,0.80,28,0.2,0.0,-0.253,90.9,54,HAYIR,HAYIR
2026-08-16 19:33:39.321,0.80,0.80,28,0.2,0.0,-0.252,90.7,55,HAYIR,HAYIR
2026-08-16 19:33:39.341,0.80,0.80,28,0.3,0.0,-0.252,90.7,56,HAYIR,HAYIR
2026-08-16 19:33:39.361,0.80,0.80,28,0.3,0.0,-0.252,90.7,58,HAYIR,HAYIR
2026-08-16 19:33:39.381,0.80,0.80,28,0.3,0.0,-0.253,90.9,59,HAYIR,HAYIR
2026-08-16 19:33:39.401,0.80,0.80,28,0.3,0.0,-0.253,90.9,60,HAYIR,HAYIR
2026-08-16 19:33:39.421,0.80,0.80,28,0.3,0.0,-0.256,91.9,61,HAYIR,HAYIR
2026-08-16 19:33:39.441,0.80,0.80,28,0.4,0.0,-0.256,91.9,62,HAYIR,HAYIR
2026-08-16 19:33:39.461,0.80,0.80,28,0.4,0.0,-0.256,91.9,64,HAYIR,HAYIR
2026-08-16 19:33:39.481,0.80,0.80,28,0.4,0.0,-0.256,92.0,65,HAYIR,HAYIR
2026-08-16 19:33:39.501,0.80,0.80,28,0.4,0.0,-0.256,92.0,66,HAYIR,HAYIR
2026-08-16 19:33:39.521,0.80,0.80,28,0.5,0.0,-0.259,93.0,67,HAYIR,HAYIR
2026-08-16 19:33:39.541,0.80,0.80,28,0.5,0.0,-0.259,93.0,68,HAYIR,HAYIR
2026-08-16 19:33:39.561,0.80,0.90,28,0.5,0.0,-0.259,93.0,70,HAYIR,HAYIR
2026-08-16 19:33:39.581,0.80,0.90,29,0.5,0.0,-0.260,93.0,71,HAYIR,HAYIR
2026-08-16 19:33:39.601,0.80,0.90,29,0.5,0.0,-0.260,93.0,72,HAYIR,HAYIR
2026-08-16 19:33:39.621,0.80,0.90,29,0.5,0.0,-0.233,84.7,73,HAYIR,HAYIR
2026-08-16 19:33:39.641,0.80,0.90,29,0.6,0.0,-0.233,84.7,74,HAYIR,HAYIR
2026-08-16 19:33:39.661,0.80,0.90,29,0.6,0.0,-0.233,84.7,76,HAYIR,HAYIR
2026-08-16 19:33:39.681,0.80,0.90,29,0.6,0.0,-0.231,84.0,77,HAYIR,HAYIR
2026-08-16 19:33:39.702,0.80,0.90,29,0.6,0.0,-0.231,84.0,78,HAYIR,HAYIR
2026-08-16 19:33:39.721,0.80,0.90,29,0.7,0.0,-0.231,84.1,79,HAYIR,HAYIR
2026-08-16 19:33:39.741,0.80,0.90,29,0.7,0.0,-0.231,84.1,80,HAYIR,HAYIR
2026-08-16 19:33:39.761,0.80,0.90,29,0.7,0.0,-0.231,84.1,82,HAYIR,HAYIR
2026-08-16 19:33:39.781,0.80,0.90,29,0.7,0.0,-0.231,83.9,83,HAYIR,HAYIR
2026-08-16 19:33:39.801,0.80,0.90,29,0.7,0.0,-0.231,83.9,84,HAYIR,HAYIR
2026-08-16 19:33:39.821,0.80,0.90,29,0.7,0.0,-0.231,84.0,84,HAYIR,HAYIR
2026-08-16 19:33:39.841,0.80,0.90,29,0.7,0.0,-0.231,84.0,84,HAYIR,HAYIR
2026-08-16 19:33:39.861,0.80,0.90,29,0.7,0.0,-0.231,84.0,84,HAYIR,HAYIR
2026-08-16 19:33:39.881,0.80,0.97,29,0.7,0.0,-0.230,83.6,84,HAYIR,HAYIR
2026-08-16 19:33:39.901,0.80,0.97,29,0.7,0.0,-0.230,83.6,84,HAYIR,HAYIR
2026-08-16 19:33:39.921,0.80,0.97,29,0.7,0.0,-0.230,83.5,84,HAYIR,HAYIR
2026-08-16 19:33:39.941,0.80,0.97,29,0.7,0.0,-0.230,83.5,84,HAYIR,HAYIR
2026-08-16 19:33:39.961,0.80,0.97,29,0.7,0.0,-0.230,83.5,84,HAYIR,HAYIR
2026-08-16 19:33:39.981,0.80,0.97,29,0.7,0.0,-0.198,73.0,82,HAYIR,HAYIR
2026-08-16 19:33:40.001,0.80,0.97,29,0.7,0.0,-0.198,73.0,81,HAYIR,HAYIR
2026-08-16 19:33:40.021,0.80,0.97,29,0.7,0.0,-0.213,78.1,80,HAYIR,HAYIR
2026-08-16 19:33:40.041,0.80,0.97,29,0.7,0.0,-0.213,78.1,79,HAYIR,HAYIR
2026-08-16 19:33:40.061,0.80,0.97,29,0.6,0.0,-0.213,78.1,78,HAYIR,HAYIR
2026-08-16 19:33:40.081,0.80,0.97,29,0.6,0.0,-0.213,78.2,78,HAYIR,HAYIR
2026-08-16 19:33:40.102,0.80,0.97,29,0.6,0.0,-0.213,78.2,78,HAYIR,HAYIR
2026-08-16 19:33:40.121,0.80,0.97,29,0.7,0.0,-0.216,78.9,79,HAYIR,HAYIR
2026-08-16 19:33:40.141,0.80,0.97,29,0.7,0.0,-0.216,78.9,79,HAYIR,HAYIR
2026-08-16 19:33:40.161,0.80,0.97,29,0.7,0.0,-0.216,78.9,79,HAYIR,HAYIR
2026-08-16 19:33:40.181,0.80,0.97,29,0.7,0.0,-0.216,79.0,79,HAYIR,HAYIR
2026-08-16 19:33:40.201,0.80,1.04,29,0.7,0.0,-0.216,79.0,79,HAYIR,HAYIR
2026-08-16 19:33:40.221,0.80,1.04,29,0.7,0.0,-0.218,79.6,80,HAYIR,HAYIR
2026-08-16 19:33:40.241,0.80,1.04,29,0.7,0.0,-0.218,79.6,80,HAYIR,HAYIR
2026-08-16 19:33:40.261,0.80,1.04,29,0.7,0.0,-0.218,79.6,80,HAYIR,HAYIR
2026-08-16 19:33:40.281,0.80,1.04,29,0.6,0.0,-0.203,74.8,78,HAYIR,HAYIR
2026-08-16 19:33:40.301,0.80,1.04,29,0.6,0.0,-0.203,74.8,77,HAYIR,HAYIR
2026-08-16 19:33:40.321,0.80,1.04,29,0.6,0.0,-0.203,74.8,76,HAYIR,HAYIR
2026-08-16 19:33:40.341,0.80,1.04,29,0.6,0.0,-0.203,74.8,75,HAYIR,HAYIR
2026-08-16 19:33:40.361,0.80,1.04,29,0.6,0.0,-0.203,74.8,75,HAYIR,HAYIR
2026-08-16 19:33:40.381,0.80,1.04,29,0.6,0.0,-0.203,74.8,75,HAYIR,HAYIR
2026-08-16 19:33:40.401,0.80,1.04,29,0.6,0.0,-0.203,74.8,75,HAYIR,HAYIR
2026-08-16 19:33:40.421,0.80,1.04,29,0.6,0.0,-0.203,74.8,75,HAYIR,HAYIR
2026-08-16 19:33:40.441,0.80,1.04,29,0.6,0.0,-0.203,74.8,75,HAYIR,HAYIR
2026-08-16 19:33:40.461,0.80,1.04,29,0.6,0.0,-0.203,74.8,75,HAYIR,HAYIR
2026-08-16 19:33:40.481,0.80,1.04,29,0.6,0.0,-0.204,75.1,75,HAYIR,HAYIR
2026-08-16 19:33:40.501,0.80,1.04,29,0.6,0.0,-0.204,75.1,75,HAYIR,HAYIR
2026-08-16 19:33:40.521,0.80,1.04,29,0.6,0.0,-0.205,75.5,76,HAYIR,HAYIR
2026-08-16 19:33:40.541,0.80,1.07,29,0.6,0.0,-0.205,75.5,76,HAYIR,HAYIR
2026-08-16 19:33:40.561,0.80,1.07,29,0.6,0.0,-0.205,75.5,76,HAYIR,HAYIR
2026-08-16 19:33:40.581,0.80,1.07,29,0.6,0.0,-0.205,75.6,76,HAYIR,HAYIR
2026-08-16 19:33:40.601,0.80,1.07,29,0.6,0.0,-0.205,75.6,76,HAYIR,HAYIR
2026-08-16 19:33:40.621,0.80,1.07,29,0.6,0.0,-0.197,72.9,74,HAYIR,HAYIR
2026-08-16 19:33:40.641,0.80,1.07,29,0.5,0.0,-0.197,72.9,73,HAYIR,HAYIR
2026-08-16 19:33:40.661,0.80,1.07,29,0.5,0.0,-0.197,72.9,73,HAYIR,HAYIR
2026-08-16 19:33:40.681,0.80,1.07,29,0.5,0.0,-0.197,72.8,73,HAYIR,HAYIR
2026-08-16 19:33:40.701,0.80,1.07,29,0.5,0.0,-0.197,72.8,73,HAYIR,HAYIR
2026-08-16 19:33:40.721,0.80,1.07,29,0.5,0.0,-0.198,73.0,73,HAYIR,HAYIR
2026-08-16 19:33:40.741,0.80,1.07,29,0.5,0.0,-0.198,73.0,73,HAYIR,HAYIR
2026-08-16 19:33:40.761,0.80,1.07,29,0.5,0.0,-0.198,73.0,73,HAYIR,HAYIR
2026-08-16 19:33:40.781,0.80,1.07,29,0.5,0.0,-0.197,72.9,73,HAYIR,HAYIR
2026-08-16 19:33:40.801,0.80,1.07,29,0.5,0.0,-0.197,72.9,73,HAYIR,HAYIR
2026-08-16 19:33:40.821,0.80,1.07,29,0.5,0.0,-0.198,73.2,73,HAYIR,HAYIR
2026-08-16 19:33:40.841,0.80,1.07,29,0.5,0.0,-0.198,73.2,73,HAYIR,HAYIR
2026-08-16 19:33:40.861,0.80,1.10,29,0.5,0.0,-0.198,73.2,73,HAYIR,HAYIR
2026-08-16 19:33:40.881,0.80,1.10,29,0.5,0.0,-0.198,73.1,73,HAYIR,HAYIR
2026-08-16 19:33:40.901,0.80,1.10,29,0.5,0.0,-0.198,73.1,73,HAYIR,HAYIR
2026-08-16 19:33:40.921,0.80,1.10,29,0.5,0.0,-0.198,73.1,73,HAYIR,HAYIR
2026-08-16 19:33:40.941,0.80,1.10,29,0.5,0.0,-0.198,73.1,73,HAYIR,HAYIR
2026-08-16 19:33:40.961,0.80,1.10,29,0.5,0.0,-0.198,73.1,73,HAYIR,HAYIR
2026-08-16 19:33:40.981,0.80,1.10,29,0.5,0.0,-0.198,73.0,73,HAYIR,HAYIR
2026-08-16 19:33:41.001,0.80,1.10,29,0.5,0.0,-0.198,73.0,73,HAYIR,HAYIR
2026-08-16 19:33:41.021,0.80,1.10,29,0.5,0.0,-0.199,73.3,73,HAYIR,HAYIR
2026-08-16 19:33:41.041,0.80,1.10,29,0.5,0.0,-0.199,73.3,73,HAYIR,HAYIR
2026-08-16 19:33:41.061,0.80,1.10,29,0.5,0.0,-0.199,73.3,73,HAYIR,HAYIR
2026-08-16 19:33:41.081,0.80,1.10,29,0.5,0.0,-0.198,73.3,73,HAYIR,HAYIR
2026-08-16 19:33:41.101,0.80,1.10,29,0.5,0.0,-0.198,73.3,73,HAYIR,HAYIR
2026-08-16 19:33:41.121,0.80,1.10,29,0.5,0.0,-0.148,55.9,72,HAYIR,HAYIR
2026-08-16 19:33:41.141,0.80,1.10,29,0.5,0.0,-0.148,55.9,71,HAYIR,HAYIR
2026-08-16 19:33:41.161,0.80,1.10,28,0.5,0.0,-0.148,55.9,70,HAYIR,HAYIR
2026-08-16 19:33:41.181,0.80,1.10,28,0.5,0.0,-0.098,37.6,68,HAYIR,HAYIR
2026-08-16 19:33:41.201,0.80,1.10,28,0.5,0.0,-0.098,37.6,67,HAYIR,HAYIR
2026-08-16 19:33:41.221,0.80,1.10,28,0.4,0.0,-0.048,18.7,66,HAYIR,HAYIR
2026-08-16 19:33:41.241,0.80,1.10,28,0.4,0.0,-0.048,18.7,65,HAYIR,HAYIR
2026-08-16 19:33:41.261,0.80,1.10,28,0.4,0.0,-0.048,18.7,64,HAYIR,HAYIR
2026-08-16 19:33:41.281,0.80,1.10,28,0.4,0.0,0.000,-0.0,62,HAYIR,HAYIR
2026-08-16 19:33:41.301,0.80,1.10,28,0.3,0.0,0.000,-0.0,61,HAYIR,HAYIR
2026-08-16 19:33:41.321,0.80,1.10,28,0.3,0.0,0.052,-19.9,60,HAYIR,HAYIR
2026-08-16 19:33:41.341,0.80,1.10,28,0.3,0.0,0.052,-19.9,59,HAYIR,HAYIR
2026-08-16 19:33:41.361,0.80,1.10,28,0.3,0.0,0.052,-19.9,58,HAYIR,HAYIR
2026-08-16 19:33:41.381,0.80,1.10,28,0.3,0.0,0.102,-38.8,56,HAYIR,HAYIR
2026-08-16 19:33:41.401,0.80,1.10,28,0.2,0.0,0.102,-38.8,55,HAYIR,HAYIR
2026-08-16 19:33:41.421,0.80,1.10,28,0.2,0.0,0.105,-40.0,54,HAYIR,HAYIR
2026-08-16 19:33:41.441,0.80,1.10,28,0.2,0.0,0.105,-40.0,53,HAYIR,HAYIR
2026-08-16 19:33:41.461,0.80,1.10,28,0.2,0.0,0.105,-40.0,52,HAYIR,HAYIR
2026-08-16 19:33:41.481,0.80,1.10,28,0.2,0.0,0.103,-39.3,50,HAYIR,HAYIR
2026-08-16 19:33:41.501,0.80,1.10,28,0.2,0.0,0.103,-39.3,49,HAYIR,HAYIR
2026-08-16 19:33:41.521,0.80,1.10,28,0.1,0.0,0.098,-37.4,48,HAYIR,HAYIR
2026-08-16 19:33:41.541,0.80,1.10,28,0.1,0.0,0.098,-37.4,47,HAYIR,HAYIR
2026-08-16 19:33:41.561,0.80,1.10,28,0.1,0.0,0.098,-37.4,46,HAYIR,HAYIR
2026-08-16 19:33:41.581,0.80,1.04,28,0.1,0.0,0.096,-36.7,44,HAYIR,HAYIR
2026-08-16 19:33:41.601,0.80,1.04,28,0.0,0.0,0.096,-36.7,43,HAYIR,HAYIR
2026-08-16 19:33:41.621,0.80,1.04,28,0.0,0.0,0.091,-34.8,42,HAYIR,HAYIR
2026-08-16 19:33:41.641,0.80,1.04,28,0.0,0.0,0.091,-34.8,41,HAYIR,HAYIR
2026-08-16 19:33:41.661,0.80,1.04,28,0.0,0.0,0.091,-34.8,40,HAYIR,HAYIR
2026-08-16 19:33:41.681,0.80,1.04,28,0.0,0.0,0.097,-37.0,38,HAYIR,HAYIR
2026-08-16 19:33:41.701,0.80,1.04,28,0.0,0.0,0.097,-37.0,37,HAYIR,HAYIR
2026-08-16 19:33:41.721,0.80,1.04,28,0.0,0.0,0.091,-35.0,36,HAYIR,HAYIR
2026-08-16 19:33:41.741,0.80,1.04,28,0.0,0.0,0.091,-35.0,35,HAYIR,HAYIR
2026-08-16 19:33:41.761,0.80,1.04,28,0.0,0.0,0.091,-35.0,34,HAYIR,HAYIR
2026-08-16 19:33:41.781,0.80,1.04,28,0.0,0.0,0.089,-34.2,32,HAYIR,HAYIR
2026-08-16 19:33:41.801,0.80,1.04,28,0.0,0.0,0.089,-34.2,31,HAYIR,HAYIR
2026-08-16 19:33:41.821,0.80,1.04,28,0.0,0.0,0.084,-32.2,30,HAYIR,HAYIR
2026-08-16 19:33:41.841,0.80,1.04,28,0.0,0.0,0.084,-32.2,29,HAYIR,HAYIR
2026-08-16 19:33:41.861,0.80,1.04,28,0.0,0.0,0.084,-32.2,28,HAYIR,HAYIR
2026-08-16 19:33:41.881,0.80,0.92,28,0.0,0.0,0.082,-31.6,26,HAYIR,HAYIR
2026-08-16 19:33:41.901,0.80,0.92,28,0.0,0.0,0.082,-31.6,25,HAYIR,HAYIR
2026-08-16 19:33:41.921,0.80,0.92,28,0.0,0.0,0.094,-35.9,24,HAYIR,HAYIR
2026-08-16 19:33:41.941,0.80,0.92,28,0.0,0.0,0.094,-35.9,23,HAYIR,HAYIR
2026-08-16 19:33:41.961,0.80,0.92,28,0.0,0.0,0.094,-35.9,22,HAYIR,HAYIR
2026-08-16 19:33:41.981,0.80,0.92,28,0.0,0.0,0.093,-35.7,20,HAYIR,HAYIR
2026-08-16 19:33:42.001,0.80,0.92,28,0.0,0.0,0.093,-35.7,19,HAYIR,HAYIR
2026-08-16 19:33:42.021,0.80,0.92,28,0.0,0.0,0.089,-34.1,18,HAYIR,HAYIR
2026-08-16 19:33:42.041,0.80,0.92,28,0.0,0.0,0.089,-34.1,17,HAYIR,HAYIR
2026-08-16 19:33:42.061,0.80,0.92,28,0.0,0.0,0.089,-34.1,16,HAYIR,HAYIR
2026-08-16 19:33:42.081,0.80,0.92,28,0.0,0.0,0.087,-33.4,14,HAYIR,HAYIR
2026-08-16 19:33:42.101,0.80,0.92,28,0.0,0.0,0.087,-33.4,13,HAYIR,HAYIR
2026-08-16 19:33:42.121,0.80,0.92,28,0.0,0.0,0.083,-32.0,12,HAYIR,HAYIR
2026-08-16 19:33:42.141,0.80,0.92,28,0.0,0.0,0.083,-32.0,11,HAYIR,HAYIR
2026-08-16 19:33:42.161,0.80,0.92,28,0.0,0.0,0.083,-32.0,10,HAYIR,HAYIR
2026-08-16 19:33:42.181,0.80,0.92,28,0.0,0.0,0.082,-31.3,8,HAYIR,HAYIR
2026-08-16 19:33:42.201,0.80,0.92,28,0.0,0.0,0.082,-31.3,7,HAYIR,HAYIR
2026-08-16 19:33:42.221,0.80,0.92,28,0.0,0.0,0.079,-30.2,6,HAYIR,HAYIR
2026-08-16 19:33:42.241,0.80,0.92,28,0.0,0.0,0.079,-30.2,5,HAYIR,HAYIR
2026-08-16 19:33:42.261,0.80,0.78,37,0.0,0.0,0.079,-30.2,4,HAYIR,HAYIR
2026-08-16 19:33:42.281,0.80,0.78,34,0.0,0.0,0.078,-29.9,2,HAYIR,HAYIR
2026-08-16 19:33:42.301,0.80,0.78,34,0.0,0.0,0.078,-29.9,1,HAYIR,HAYIR
2026-08-16 19:33:42.321,0.80,0.78,34,0.0,0.0,0.098,-37.4,0,HAYIR,HAYIR
2026-08-16 19:33:42.341,0.80,0.78,34,0.0,0.0,0.098,-37.4,-1,HAYIR,HAYIR
2026-08-16 19:33:42.361,0.80,0.78,34,0.0,0.0,0.098,-37.4,-2,HAYIR,HAYIR
2026-08-16 19:33:42.381,0.80,0.78,34,0.0,0.0,0.099,-37.7,-4,HAYIR,HAYIR
2026-08-16 19:33:42.401,0.80,0.78,34,0.0,0.0,0.099,-37.7,-5,HAYIR,HAYIR
2026-08-16 19:33:42.421,0.80,0.78,34,0.0,0.0,0.098,-37.4,-6,HAYIR,HAYIR
2026-08-16 19:33:42.441,0.80,0.78,34,0.0,0.0,0.098,-37.4,-7,HAYIR,HAYIR
2026-08-16 19:33:42.461,0.80,0.78,34,0.0,0.0,0.098,-37.4,-8,HAYIR,HAYIR
2026-08-16 19:33:42.481,0.80,0.78,34,0.0,0.0,0.097,-37.2,-10,HAYIR,HAYIR
2026-08-16 19:33:42.501,0.80,0.78,34,0.0,0.0,0.097,-37.2,-11,HAYIR,HAYIR
2026-08-16 19:33:42.521,0.80,0.78,34,0.0,0.0,0.096,-36.7,-12,HAYIR,HAYIR
2026-08-16 19:33:42.541,0.80,0.78,34,0.0,0.0,0.096,-36.7,-13,HAYIR,HAYIR
2026-08-16 19:33:42.561,0.80,0.64,37,0.0,0.0,0.096,-36.7,-14,HAYIR,HAYIR
2026-08-16 19:33:42.581,0.80,0.64,35,0.0,0.0,0.096,-36.7,-16,HAYIR,HAYIR
2026-08-16 19:33:42.601,0.80,0.64,35,0.0,0.0,0.096,-36.7,-17,HAYIR,HAYIR
2026-08-16 19:33:42.621,0.80,0.64,35,0.0,0.0,0.116,-44.1,-18,HAYIR,HAYIR
2026-08-16 19:33:42.641,0.80,0.64,35,0.0,0.0,0.116,-44.1,-19,HAYIR,HAYIR
2026-08-16 19:33:42.661,0.80,0.64,35,0.0,0.0,0.116,-44.1,-20,HAYIR,HAYIR
2026-08-16 19:33:42.681,0.80,0.64,35,0.0,0.0,0.119,-45.1,-22,HAYIR,HAYIR
2026-08-16 19:33:42.701,0.80,0.64,35,0.0,0.0,0.119,-45.1,-23,HAYIR,HAYIR
2026-08-16 19:33:42.721,0.80,0.64,35,0.0,0.0,0.110,-41.9,-24,HAYIR,HAYIR
2026-08-16 19:33:42.741,0.80,0.64,35,0.0,0.0,0.110,-41.9,-25,HAYIR,HAYIR
2026-08-16 19:33:42.761,0.80,0.64,35,0.0,0.0,0.110,-41.9,-26,HAYIR,HAYIR
2026-08-16 19:33:42.781,0.80,0.64,35,0.0,0.0,0.110,-42.1,-28,HAYIR,HAYIR
2026-08-16 19:33:42.801,0.80,0.64,35,0.0,0.0,0.110,-42.1,-29,HAYIR,HAYIR
2026-08-16 19:33:42.821,0.80,0.64,35,0.0,0.0,0.110,-41.8,-30,HAYIR,HAYIR
2026-08-16 19:33:42.841,0.80,0.64,35,0.0,0.0,0.110,-41.8,-31,HAYIR,HAYIR
2026-08-16 19:33:42.861,0.80,0.64,35,0.0,0.0,0.110,-41.8,-32,HAYIR,HAYIR
2026-08-16 19:33:42.881,0.80,0.64,35,0.0,0.0,0.110,-41.8,-34,HAYIR,HAYIR
2026-08-16 19:33:42.901,0.80,0.64,35,0.0,0.0,0.110,-41.8,-35,HAYIR,HAYIR
2026-08-16 19:33:42.921,0.80,0.64,35,0.0,0.0,0.108,-41.3,-36,HAYIR,HAYIR
2026-08-16 19:33:42.941,0.80,0.50,37,0.0,0.0,0.108,-41.3,-37,HAYIR,HAYIR
2026-08-16 19:33:42.961,0.80,0.50,36,0.0,0.0,0.108,-41.3,-38,HAYIR,HAYIR
2026-08-16 19:33:42.981,0.80,0.50,36,0.0,0.0,0.108,-41.3,-40,HAYIR,HAYIR
2026-08-16 19:33:43.001,0.80,0.50,36,0.0,0.0,0.108,-41.3,-41,HAYIR,HAYIR
2026-08-16 19:33:43.021,0.80,0.50,36,0.0,0.0,0.132,-49.8,-42,HAYIR,HAYIR
2026-08-16 19:33:43.041,0.80,0.50,36,0.0,0.0,0.132,-49.8,-43,HAYIR,HAYIR
2026-08-16 19:33:43.061,0.80,0.50,36,0.1,0.0,0.132,-49.8,-44,HAYIR,HAYIR
2026-08-16 19:33:43.081,0.80,0.50,36,0.1,0.0,0.133,-50.2,-46,HAYIR,HAYIR
2026-08-16 19:33:43.101,0.80,0.50,36,0.1,0.0,0.133,-50.2,-47,HAYIR,HAYIR
2026-08-16 19:33:43.121,0.80,0.50,36,0.1,0.0,0.132,-50.1,-48,HAYIR,HAYIR
2026-08-16 19:33:43.141,0.80,0.50,36,0.2,0.0,0.132,-50.1,-49,HAYIR,HAYIR
2026-08-16 19:33:43.161,0.80,0.50,36,0.2,0.0,0.132,-50.1,-50,HAYIR,HAYIR
2026-08-16 19:33:43.181,0.80,0.50,36,0.2,0.0,0.133,-50.2,-50,HAYIR,HAYIR
2026-08-16 19:33:43.201,0.80,0.50,36,0.2,0.0,0.133,-50.2,-50,HAYIR,HAYIR
2026-08-16 19:33:43.221,0.80,0.40,37,0.2,0.0,0.132,-49.9,-50,HAYIR,HAYIR
2026-08-16 19:33:43.241,0.80,0.40,36,0.2,0.0,0.132,-49.9,-50,HAYIR,HAYIR
2026-08-16 19:33:43.261,0.80,0.40,36,0.2,0.0,0.132,-49.9,-50,HAYIR,HAYIR
2026-08-16 19:33:43.281,0.80,0.40,36,0.2,0.0,0.132,-50.0,-50,HAYIR,HAYIR
2026-08-16 19:33:43.301,0.80,0.40,36,0.2,0.0,0.132,-50.0,-50,HAYIR,HAYIR
2026-08-16 19:33:43.321,0.80,0.40,36,0.2,0.0,0.154,-57.9,-51,HAYIR,HAYIR
2026-08-16 19:33:43.341,0.80,0.40,36,0.2,0.0,0.154,-57.9,-52,HAYIR,HAYIR
2026-08-16 19:33:43.361,0.80,0.40,36,0.2,0.0,0.154,-57.9,-54,HAYIR,HAYIR
2026-08-16 19:33:43.381,0.80,0.40,36,0.2,0.0,0.155,-58.4,-55,HAYIR,HAYIR
2026-08-16 19:33:43.401,0.80,0.40,36,0.3,0.0,0.155,-58.4,-56,HAYIR,HAYIR
2026-08-16 19:33:43.421,0.80,0.40,36,0.3,0.0,0.155,-58.2,-57,HAYIR,HAYIR
2026-08-16 19:33:43.441,0.80,0.40,36,0.3,0.0,0.155,-58.2,-58,HAYIR,HAYIR
2026-08-16 19:33:43.461,0.80,0.40,36,0.3,0.0,0.155,-58.2,-58,HAYIR,HAYIR
2026-08-16 19:33:43.481,0.80,0.40,36,0.3,0.0,0.155,-58.3,-58,HAYIR,HAYIR
2026-08-16 19:33:43.501,0.80,0.40,36,0.3,0.0,0.155,-58.3,-58,HAYIR,HAYIR
2026-08-16 19:33:43.521,0.80,0.40,36,0.3,0.0,0.154,-57.7,-58,HAYIR,HAYIR
2026-08-16 19:33:43.541,0.80,0.40,37,0.3,0.0,0.154,-57.7,-58,HAYIR,HAYIR
2026-08-16 19:33:43.561,0.80,0.40,37,0.3,0.0,0.154,-57.7,-58,HAYIR,HAYIR
2026-08-16 19:33:43.581,0.80,0.40,37,0.3,0.0,0.153,-57.5,-58,HAYIR,HAYIR
2026-08-16 19:33:43.602,0.80,0.37,37,0.3,0.0,0.153,-57.5,-58,HAYIR,HAYIR
2026-08-16 19:33:43.621,0.80,0.37,37,0.3,0.0,0.150,-56.3,-56,HAYIR,HAYIR
2026-08-16 19:33:43.641,0.80,0.37,37,0.3,0.0,0.150,-56.3,-56,HAYIR,HAYIR
2026-08-16 19:33:43.661,0.80,0.37,37,0.3,0.0,0.150,-56.3,-56,HAYIR,HAYIR
2026-08-16 19:33:43.681,0.80,0.37,37,0.2,0.0,0.143,-53.9,-55,HAYIR,HAYIR
2026-08-16 19:33:43.701,0.80,0.37,37,0.2,0.0,0.143,-53.9,-54,HAYIR,HAYIR
2026-08-16 19:33:43.721,0.80,0.37,37,0.2,0.0,0.142,-53.7,-54,HAYIR,HAYIR
2026-08-16 19:33:43.741,0.80,0.37,37,0.2,0.0,0.142,-53.7,-54,HAYIR,HAYIR
2026-08-16 19:33:43.761,0.80,0.37,37,0.2,0.0,0.142,-53.7,-54,HAYIR,HAYIR
2026-08-16 19:33:43.781,0.80,0.37,37,0.2,0.0,0.141,-53.3,-53,HAYIR,HAYIR
2026-08-16 19:33:43.801,0.80,0.37,37,0.2,0.0,0.141,-53.3,-53,HAYIR,HAYIR
2026-08-16 19:33:43.821,0.80,0.37,37,0.2,0.0,0.191,-70.8,-54,HAYIR,HAYIR
2026-08-16 19:33:43.841,0.80,0.37,37,0.3,0.0,0.191,-70.8,-56,HAYIR,HAYIR
2026-08-16 19:33:43.861,0.80,0.37,37,0.3,0.0,0.191,-70.8,-57,HAYIR,HAYIR
2026-08-16 19:33:43.881,0.80,0.37,37,0.3,0.0,0.204,-75.2,-58,HAYIR,HAYIR
2026-08-16 19:33:43.901,0.80,0.35,37,0.3,0.0,0.204,-75.2,-59,HAYIR,HAYIR
2026-08-16 19:33:43.921,0.80,0.35,37,0.3,0.0,0.201,-74.2,-60,HAYIR,HAYIR
2026-08-16 19:33:43.941,0.80,0.35,37,0.4,0.0,0.201,-74.2,-62,HAYIR,HAYIR
2026-08-16 19:33:43.961,0.80,0.35,37,0.4,0.0,0.201,-74.2,-63,HAYIR,HAYIR
2026-08-16 19:33:43.981,0.80,0.35,37,0.4,0.0,0.201,-74.0,-64,HAYIR,HAYIR
2026-08-16 19:33:44.001,0.80,0.35,37,0.4,0.0,0.201,-74.0,-65,HAYIR,HAYIR
2026-08-16 19:33:44.021,0.80,0.35,37,0.4,0.0,0.195,-72.2,-66,HAYIR,HAYIR
2026-08-16 19:33:44.041,0.80,0.35,37,0.5,0.0,0.195,-72.2,-68,HAYIR,HAYIR
2026-08-16 19:33:44.061,0.80,0.35,37,0.5,0.0,0.195,-72.2,-69,HAYIR,HAYIR
2026-08-16 19:33:44.081,0.80,0.35,37,0.5,0.0,0.192,-71.2,-70,HAYIR,HAYIR
2026-08-16 19:33:44.101,0.80,0.35,37,0.5,0.0,0.192,-71.2,-71,HAYIR,HAYIR
2026-08-16 19:33:44.121,0.80,0.35,37,0.5,0.0,0.189,-69.9,-70,HAYIR,HAYIR
2026-08-16 19:33:44.141,0.80,0.35,37,0.5,0.0,0.189,-69.9,-70,HAYIR,HAYIR
2026-08-16 19:33:44.161,0.80,0.35,37,0.5,0.0,0.189,-69.9,-70,HAYIR,HAYIR
2026-08-16 19:33:44.181,0.80,0.36,37,0.5,0.0,0.186,-69.0,-69,HAYIR,HAYIR
2026-08-16 19:33:44.201,0.80,0.36,37,0.5,0.0,0.186,-69.0,-69,HAYIR,HAYIR
2026-08-16 19:33:44.221,0.80,0.36,37,0.5,0.0,0.180,-67.1,-68,HAYIR,HAYIR
2026-08-16 19:33:44.241,0.80,0.36,37,0.5,0.0,0.180,-67.1,-67,HAYIR,HAYIR
2026-08-16 19:33:44.261,0.80,0.36,37,0.5,0.0,0.180,-67.1,-67,HAYIR,HAYIR
2026-08-16 19:33:44.281,0.80,0.36,37,0.5,0.0,0.182,-67.5,-67,HAYIR,HAYIR
2026-08-16 19:33:44.301,0.80,0.36,37,0.5,0.0,0.182,-67.5,-67,HAYIR,HAYIR
2026-08-16 19:33:44.321,0.80,0.36,37,0.4,0.0,0.175,-65.2,-66,HAYIR,HAYIR
2026-08-16 19:33:44.341,0.80,0.36,37,0.4,0.0,0.175,-65.2,-65,HAYIR,HAYIR
2026-08-16 19:33:44.361,0.80,0.36,37,0.4,0.0,0.175,-65.2,-65,HAYIR,HAYIR
2026-08-16 19:33:44.381,0.80,0.36,37,0.4,0.0,0.173,-64.5,-64,HAYIR,HAYIR
2026-08-16 19:33:44.401,0.80,0.36,37,0.4,0.0,0.173,-64.5,-64,HAYIR,HAYIR
2026-08-16 19:33:44.421,0.80,0.36,37,0.4,0.0,0.169,-63.1,-63,HAYIR,HAYIR
2026-08-16 19:33:44.441,0.80,0.36,37,0.4,0.0,0.169,-63.1,-63,HAYIR,HAYIR
2026-08-16 19:33:44.461,0.80,0.36,37,0.4,0.0,0.169,-63.1,-63,HAYIR,HAYIR
2026-08-16 19:33:44.481,0.80,0.36,37,0.4,0.0,0.166,-62.1,-62,HAYIR,HAYIR
2026-08-16 19:33:44.501,0.80,0.36,37,0.4,0.0,0.166,-62.1,-62,HAYIR,HAYIR
2026-08-16 19:33:44.521,0.80,0.36,37,0.3,0.0,0.164,-61.3,-61,HAYIR,HAYIR
2026-08-16 19:33:44.541,0.80,0.36,37,0.3,0.0,0.164,-61.3,-61,HAYIR,HAYIR
2026-08-16 19:33:44.561,0.80,0.36,37,0.3,0.0,0.164,-61.3,-61,HAYIR,HAYIR
2026-08-16 19:33:44.581,0.80,0.38,36,0.3,0.0,0.161,-60.5,-60,HAYIR,HAYIR
2026-08-16 19:33:44.601,0.80,0.38,37,0.3,0.0,0.161,-60.5,-60,HAYIR,HAYIR
2026-08-16 19:33:44.621,0.80,0.38,37,0.4,0.0,0.165,-61.7,-62,HAYIR,HAYIR
2026-08-16 19:33:44.641,0.80,0.38,37,0.4,0.0,0.165,-61.7,-62,HAYIR,HAYIR
2026-08-16 19:33:44.661,0.80,0.38,37,0.4,0.0,0.165,-61.7,-62,HAYIR,HAYIR
2026-08-16 19:33:44.681,0.80,0.38,37,0.3,0.0,0.157,-59.1,-61,HAYIR,HAYIR
2026-08-16 19:33:44.701,0.80,0.38,37,0.3,0.0,0.157,-59.1,-59,HAYIR,HAYIR
2026-08-16 19:33:44.721,0.80,0.38,37,0.3,0.0,0.156,-58.6,-59,HAYIR,HAYIR
2026-08-16 19:33:44.741,0.80,0.38,37,0.3,0.0,0.156,-58.6,-59,HAYIR,HAYIR
2026-08-16 19:33:44.761,0.80,0.38,37,0.3,0.0,0.156,-58.6,-59,HAYIR,HAYIR
2026-08-16 19:33:44.781,0.80,0.38,37,0.3,0.0,0.154,-57.8,-58,HAYIR,HAYIR
2026-08-16 19:33:44.801,0.80,0.38,37,0.3,0.0,0.154,-57.8,-58,HAYIR,HAYIR
2026-08-16 19:33:44.821,0.80,0.38,37,0.3,0.0,0.148,-55.8,-57,HAYIR,HAYIR
2026-08-16 19:33:44.841,0.80,0.38,37,0.3,0.0,0.148,-55.8,-56,HAYIR,HAYIR
2026-08-16 19:33:44.861,0.80,0.46,34,0.3,0.0,0.148,-55.8,-56,HAYIR,HAYIR
2026-08-16 19:33:44.881,0.80,0.46,37,0.2,0.0,0.145,-54.7,-55,HAYIR,HAYIR
2026-08-16 19:33:44.901,0.80,0.46,37,0.2,0.0,0.145,-54.7,-55,HAYIR,HAYIR
2026-08-16 19:33:44.921,0.80,0.46,37,0.2,0.0,0.147,-55.5,-55,HAYIR,HAYIR
2026-08-16 19:33:44.941,0.80,0.46,37,0.2,0.0,0.147,-55.5,-55,HAYIR,HAYIR
2026-08-16 19:33:44.961,0.80,0.46,37,0.2,0.0,0.147,-55.5,-55,HAYIR,HAYIR
2026-08-16 19:33:44.981,0.80,0.46,37,0.2,0.0,0.139,-52.6,-54,HAYIR,HAYIR
2026-08-16 19:33:45.001,0.80,0.46,37,0.2,0.0,0.139,-52.6,-53,HAYIR,HAYIR
2026-08-16 19:33:45.021,0.80,0.46,37,0.2,0.0,0.134,-50.7,-52,HAYIR,HAYIR
2026-08-16 19:33:45.041,0.80,0.46,37,0.2,0.0,0.134,-50.7,-51,HAYIR,HAYIR
2026-08-16 19:33:45.061,0.80,0.46,37,0.2,0.0,0.134,-50.7,-51,HAYIR,HAYIR
2026-08-16 19:33:45.081,0.80,0.46,37,0.2,0.0,0.130,-49.2,-50,HAYIR,HAYIR
2026-08-16 19:33:45.101,0.80,0.46,37,0.2,0.0,0.130,-49.2,-49,HAYIR,HAYIR
2026-08-16 19:33:45.121,0.80,0.46,37,0.1,0.0,0.124,-47.1,-48,HAYIR,HAYIR
2026-08-16 19:33:45.141,0.80,0.46,37,0.1,0.0,0.124,-47.1,-47,HAYIR,HAYIR
2026-08-16 19:33:45.161,0.80,0.46,37,0.1,0.0,0.124,-47.1,-47,HAYIR,HAYIR
2026-08-16 19:33:45.181,0.80,0.46,37,0.1,0.0,0.121,-46.1,-46,HAYIR,HAYIR
2026-08-16 19:33:45.201,0.80,0.46,37,0.1,0.0,0.121,-46.1,-46,HAYIR,HAYIR
2026-08-16 19:33:45.221,0.80,0.54,33,0.1,0.0,0.117,-44.6,-45,HAYIR,HAYIR
2026-08-16 19:33:45.241,0.80,0.54,37,0.1,0.0,0.117,-44.6,-45,HAYIR,HAYIR
2026-08-16 19:33:45.261,0.80,0.54,37,0.1,0.0,0.117,-44.6,-45,HAYIR,HAYIR
2026-08-16 19:33:45.281,0.80,0.54,37,0.0,0.0,0.114,-43.3,-43,HAYIR,HAYIR
2026-08-16 19:33:45.301,0.80,0.54,37,0.0,0.0,0.114,-43.3,-43,HAYIR,HAYIR
2026-08-16 19:33:45.321,0.80,0.54,37,0.0,0.0,0.108,-41.0,-42,HAYIR,HAYIR
2026-08-16 19:33:45.341,0.80,0.54,37,0.0,0.0,0.108,-41.0,-41,HAYIR,HAYIR
2026-08-16 19:33:45.361,0.80,0.54,37,0.0,0.0,0.108,-41.0,-41,HAYIR,HAYIR
2026-08-16 19:33:45.381,0.80,0.54,37,0.0,0.0,0.105,-40.2,-40,HAYIR,HAYIR
2026-08-16 19:33:45.401,0.80,0.54,37,0.0,0.0,0.105,-40.2,-40,HAYIR,HAYIR
2026-08-16 19:33:45.421,0.80,0.54,37,0.0,0.0,0.104,-39.8,-40,HAYIR,HAYIR
2026-08-16 19:33:45.441,0.80,0.54,37,0.0,0.0,0.104,-39.8,-40,HAYIR,HAYIR
2026-08-16 19:33:45.461,0.80,0.54,37,0.0,0.0,0.104,-39.8,-40,HAYIR,HAYIR
2026-08-16 19:33:45.481,0.80,0.54,37,0.0,0.0,0.102,-39.0,-39,HAYIR,HAYIR
2026-08-16 19:33:45.501,0.80,0.54,37,0.0,0.0,0.102,-39.0,-39,HAYIR,HAYIR
2026-08-16 19:33:45.521,0.80,0.54,37,0.0,0.0,0.102,-38.9,-39,HAYIR,HAYIR
2026-08-16 19:33:45.541,0.80,0.60,34,0.0,0.0,0.102,-38.9,-39,HAYIR,HAYIR
2026-08-16 19:33:45.561,0.80,0.60,37,0.0,0.0,0.102,-38.9,-39,HAYIR,HAYIR
2026-08-16 19:33:45.581,0.80,0.60,37,0.0,0.0,0.100,-38.1,-38,HAYIR,HAYIR
2026-08-16 19:33:45.601,0.80,0.60,37,0.0,0.0,0.100,-38.1,-38,HAYIR,HAYIR
2026-08-16 19:33:45.621,0.80,0.60,37,0.0,0.0,0.073,-27.9,-37,HAYIR,HAYIR
2026-08-16 19:33:45.641,0.80,0.60,37,0.0,0.0,0.073,-27.9,-36,HAYIR,HAYIR
2026-08-16 19:33:45.661,0.80,0.60,37,0.0,0.0,0.073,-27.9,-35,HAYIR,HAYIR
2026-08-16 19:33:45.681,0.80,0.60,37,0.0,0.0,0.070,-27.0,-33,HAYIR,HAYIR
2026-08-16 19:33:45.701,0.80,0.60,37,0.0,0.0,0.070,-27.0,-32,HAYIR,HAYIR
2026-08-16 19:33:45.721,0.80,0.60,37,0.0,0.0,0.068,-26.3,-31,HAYIR,HAYIR
2026-08-16 19:33:45.741,0.80,0.60,37,0.0,0.0,0.068,-26.3,-30,HAYIR,HAYIR
2026-08-16 19:33:45.761,0.80,0.60,37,0.0,0.0,0.068,-26.3,-29,HAYIR,HAYIR
2026-08-16 19:33:45.781,0.80,0.60,37,0.0,0.0,0.067,-25.7,-27,HAYIR,HAYIR
2026-08-16 19:33:45.801,0.80,0.60,37,0.0,0.0,0.067,-25.7,-26,HAYIR,HAYIR
2026-08-16 19:33:45.821,0.80,0.60,37,0.0,0.0,0.065,-25.1,-25,HAYIR,HAYIR
2026-08-16 19:33:45.841,0.80,0.60,37,0.0,0.0,0.065,-25.1,-25,HAYIR,HAYIR
2026-08-16 19:33:45.861,0.80,0.67,34,0.0,0.0,0.065,-25.1,-25,HAYIR,HAYIR
2026-08-16 19:33:45.881,0.80,0.67,36,0.0,0.0,0.064,-24.8,-25,HAYIR,HAYIR
2026-08-16 19:33:45.901,0.80,0.67,36,0.0,0.0,0.064,-24.8,-25,HAYIR,HAYIR
2026-08-16 19:33:45.921,0.80,0.67,36,0.0,0.0,0.053,-20.4,-24,HAYIR,HAYIR
2026-08-16 19:33:45.941,0.80,0.67,36,0.0,0.0,0.053,-20.4,-22,HAYIR,HAYIR
2026-08-16 19:33:45.961,0.80,0.67,36,0.0,0.0,0.053,-20.4,-21,HAYIR,HAYIR
2026-08-16 19:33:45.981,0.80,0.67,36,0.0,0.0,0.050,-19.3,-20,HAYIR,HAYIR
2026-08-16 19:33:46.001,0.80,0.67,36,0.0,0.0,0.050,-19.3,-19,HAYIR,HAYIR
2026-08-16 19:33:46.021,0.80,0.67,36,0.0,0.0,0.048,-18.6,-19,HAYIR,HAYIR
2026-08-16 19:33:46.041,0.80,0.67,36,0.0,0.0,0.048,-18.6,-19,HAYIR,HAYIR
2026-08-16 19:33:46.061,0.80,0.67,36,0.0,0.0,0.048,-18.6,-19,HAYIR,HAYIR
2026-08-16 19:33:46.081,0.80,0.67,36,0.0,0.0,0.047,-18.1,-18,HAYIR,HAYIR
2026-08-16 19:33:46.101,0.80,0.67,36,0.0,0.0,0.047,-18.1,-18,HAYIR,HAYIR
2026-08-16 19:33:46.121,0.80,0.67,36,0.0,0.0,0.045,-17.3,-17,HAYIR,HAYIR
2026-08-16 19:33:46.141,0.80,0.67,36,0.0,0.0,0.045,-17.3,-17,HAYIR,HAYIR
2026-08-16 19:33:46.161,0.80,0.67,36,0.0,0.0,0.045,-17.3,-17,HAYIR,HAYIR
2026-08-16 19:33:46.181,0.80,0.67,36,0.0,0.0,0.044,-17.0,-17,HAYIR,HAYIR
2026-08-16 19:33:46.201,0.80,0.67,36,0.0,0.0,0.044,-17.0,-17,HAYIR,HAYIR
2026-08-16 19:33:46.221,0.80,0.67,36,0.0,0.0,0.043,-16.7,-17,HAYIR,HAYIR
2026-08-16 19:33:46.241,0.80,0.75,33,0.0,0.0,0.043,-16.7,-17,HAYIR,HAYIR
2026-08-16 19:33:46.261,0.80,0.75,36,0.0,0.0,0.043,-16.7,-17,HAYIR,HAYIR
2026-08-16 19:33:46.281,0.80,0.75,36,0.0,0.0,0.042,-16.2,-16,HAYIR,HAYIR
2026-08-16 19:33:46.301,0.80,0.75,36,0.0,0.0,0.042,-16.2,-16,HAYIR,HAYIR
2026-08-16 19:33:46.321,0.80,0.75,36,0.0,0.0,0.033,-12.7,-15,HAYIR,HAYIR
2026-08-16 19:33:46.341,0.80,0.75,36,0.0,0.0,0.033,-12.7,-14,HAYIR,HAYIR
2026-08-16 19:33:46.361,0.80,0.75,36,0.0,0.0,0.033,-12.7,-13,HAYIR,HAYIR
2026-08-16 19:33:46.381,0.80,0.75,36,0.0,0.0,0.032,-12.3,-12,HAYIR,HAYIR
2026-08-16 19:33:46.401,0.80,0.75,36,0.0,0.0,0.032,-12.3,-12,HAYIR,HAYIR
2026-08-16 19:33:46.421,0.80,0.75,36,0.0,0.0,0.000,-0.0,-11,HAYIR,HAYIR
2026-08-16 19:33:46.441,0.80,0.75,36,0.0,0.0,0.000,-0.0,-10,HAYIR,HAYIR
2026-08-16 19:33:46.461,0.80,0.75,36,0.0,0.0,0.000,-0.0,-9,HAYIR,HAYIR
2026-08-16 19:33:46.481,0.80,0.75,36,0.0,0.0,0.000,-0.0,-7,HAYIR,HAYIR
2026-08-16 19:33:46.501,0.80,0.75,36,0.0,0.0,0.000,-0.0,-6,HAYIR,HAYIR
2026-08-16 19:33:46.521,0.80,0.75,36,0.0,0.0,0.000,-0.0,-5,HAYIR,HAYIR
2026-08-16 19:33:46.541,0.80,0.75,36,0.0,0.0,0.000,-0.0,-4,HAYIR,HAYIR
2026-08-16 19:33:46.561,0.80,0.83,28,0.0,0.0,0.000,-0.0,-3,HAYIR,HAYIR
2026-08-16 19:33:46.581,0.80,0.83,28,0.0,0.0,0.000,-0.0,-1,HAYIR,HAYIR
2026-08-16 19:33:46.601,0.80,0.83,28,0.0,0.0,0.000,-0.0,0,HAYIR,HAYIR
2026-08-16 19:33:46.621,0.80,0.83,28,0.0,0.0,0.000,-0.0,0,HAYIR,HAYIR
2026-08-16 19:33:46.641,0.80,0.83,28,0.0,0.0,0.000,-0.0,0,HAYIR,HAYIR
2026-08-16 19:33:46.661,0.80,0.83,28,0.0,0.0,0.000,-0.0,0,HAYIR,HAYIR
2026-08-16 19:33:46.681,0.80,0.83,28,0.0,0.0,0.000,-0.0,0,HAYIR,HAYIR
2026-08-16 19:33:46.701,0.80,0.83,28,0.0,0.0,0.000,-0.0,0,HAYIR,HAYIR
2026-08-16 19:33:46.721,0.80,0.83,28,0.0,0.0,0.000,-0.0,0,HAYIR,HAYIR
2026-08-16 19:33:46.741,0.80,0.83,28,0.0,0.0,0.000,-0.0,0,HAYIR,HAYIR
2026-08-16 19:33:46.761,0.80,0.83,28,0.0,0.0,0.000,-0.0,0,HAYIR,HAYIR
2026-08-16 19:33:46.781,0.80,0.83,28,0.0,0.0,0.000,-0.0,0,HAYIR,HAYIR
2026-08-16 19:33:46.801,0.80,0.83,28,0.0,0.0,0.000,-0.0,0,HAYIR,HAYIR
2026-08-16 19:33:46.821,0.80,0.83,28,0.0,0.0,0.000,-0.0,0,HAYIR,HAYIR
2026-08-16 19:33:46.841,0.80,0.83,28,0.0,0.0,0.000,-0.0,0,HAYIR,HAYIR
2026-08-16 19:33:46.861,0.80,0.83,28,0.0,0.0,0.000,-0.0,0,HAYIR,HAYIR
2026-08-16 19:33:46.881,0.80,0.92,28,0.0,0.0,0.000,-0.0,0,HAYIR,HAYIR
2026-08-16 19:33:46.901,0.80,0.92,28,0.0,0.0,0.000,-0.0,0,HAYIR,HAYIR
2026-08-16 19:33:46.921,0.80,0.92,28,0.0,0.0,0.000,-0.0,0,HAYIR,HAYIR
2026-08-16 19:33:46.941,0.80,0.92,28,0.0,0.0,0.000,-0.0,0,HAYIR,HAYIR
2026-08-16 19:33:46.961,0.80,0.92,28,0.0,0.0,0.000,-0.0,0,HAYIR,HAYIR
2026-08-16 19:33:46.981,0.80,0.92,28,0.0,0.0,-0.030,11.7,1,HAYIR,HAYIR
2026-08-16 19:33:47.001,0.80,0.92,28,0.0,0.0,-0.030,11.7,2,HAYIR,HAYIR
2026-08-16 19:33:47.021,0.80,0.92,28,0.0,0.0,-0.035,13.4,4,HAYIR,HAYIR
2026-08-16 19:33:47.041,0.80,0.92,28,0.0,0.0,-0.035,13.4,5,HAYIR,HAYIR
2026-08-16 19:33:47.061,0.80,0.92,28,0.0,0.0,-0.035,13.4,6,HAYIR,HAYIR
2026-08-16 19:33:47.081,0.80,0.92,28,0.0,0.0,-0.036,13.9,7,HAYIR,HAYIR
2026-08-16 19:33:47.101,0.80,0.92,28,0.0,0.0,-0.036,13.9,8,HAYIR,HAYIR
2026-08-16 19:33:47.121,0.80,0.92,28,0.0,0.0,-0.040,15.3,10,HAYIR,HAYIR
2026-08-16 19:33:47.141,0.80,0.92,28,0.0,0.0,-0.040,15.3,11,HAYIR,HAYIR
2026-08-16 19:33:47.161,0.80,0.92,28,0.0,0.0,-0.040,15.3,12,HAYIR,HAYIR
2026-08-16 19:33:47.181,0.80,0.92,28,0.0,0.0,-0.041,15.6,13,HAYIR,HAYIR
2026-08-16 19:33:47.201,0.80,1.00,28,0.0,0.0,-0.041,15.6,14,HAYIR,HAYIR
2026-08-16 19:33:47.221,0.80,1.00,28,0.0,0.0,-0.043,16.8,16,HAYIR,HAYIR
2026-08-16 19:33:47.241,0.80,1.00,28,0.0,0.0,-0.043,16.8,17,HAYIR,HAYIR
2026-08-16 19:33:47.261,0.80,1.00,28,0.0,0.0,-0.043,16.8,17,HAYIR,HAYIR
2026-08-16 19:33:47.281,0.80,1.00,28,0.0,0.0,-0.056,21.5,18,HAYIR,HAYIR
2026-08-16 19:33:47.301,0.80,1.00,28,0.0,0.0,-0.056,21.5,19,HAYIR,HAYIR
2026-08-16 19:33:47.321,0.80,1.00,28,0.0,0.0,-0.055,21.3,20,HAYIR,HAYIR
2026-08-16 19:33:47.341,0.80,1.00,28,0.0,0.0,-0.055,21.3,21,HAYIR,HAYIR
2026-08-16 19:33:47.361,0.80,1.00,28,0.0,0.0,-0.055,21.3,21,HAYIR,HAYIR
2026-08-16 19:33:47.381,0.80,1.00,28,0.0,0.0,-0.055,21.3,21,HAYIR,HAYIR
2026-08-16 19:33:47.401,0.80,1.00,28,0.0,0.0,-0.055,21.3,21,HAYIR,HAYIR
2026-08-16 19:33:47.421,0.80,1.00,28,0.0,0.0,-0.056,21.6,22,HAYIR,HAYIR
2026-08-16 19:33:47.441,0.80,1.00,28,0.0,0.0,-0.056,21.6,22,HAYIR,HAYIR
2026-08-16 19:33:47.461,0.80,1.00,28,0.0,0.0,-0.056,21.6,22,HAYIR,HAYIR
2026-08-16 19:33:47.481,0.80,1.00,28,0.0,0.0,-0.057,21.8,22,HAYIR,HAYIR
2026-08-16 19:33:47.501,0.80,1.00,28,0.0,0.0,-0.057,21.8,22,HAYIR,HAYIR
2026-08-16 19:33:47.521,0.80,1.03,28,0.0,0.0,-0.058,22.4,22,HAYIR,HAYIR
2026-08-16 19:33:47.541,0.80,1.03,28,0.0,0.0,-0.058,22.4,22,HAYIR,HAYIR
2026-08-16 19:33:47.561,0.80,1.03,28,0.0,0.0,-0.058,22.4,22,HAYIR,HAYIR
2026-08-16 19:33:47.581,0.80,1.03,28,0.0,0.0,-0.059,22.6,23,HAYIR,HAYIR
2026-08-16 19:33:47.601,0.80,1.03,28,0.0,0.0,-0.059,22.6,23,HAYIR,HAYIR
2026-08-16 19:33:47.621,0.80,1.03,28,0.0,0.0,-0.063,24.2,24,HAYIR,HAYIR
2026-08-16 19:33:47.641,0.80,1.03,28,0.0,0.0,-0.063,24.2,24,HAYIR,HAYIR
2026-08-16 19:33:47.661,0.80,1.03,28,0.0,0.0,-0.063,24.2,24,HAYIR,HAYIR
2026-08-16 19:33:47.681,0.80,1.03,28,0.0,0.0,-0.063,24.3,24,HAYIR,HAYIR
2026-08-16 19:33:47.701,0.80,1.03,28,0.0,0.0,-0.063,24.3,24,HAYIR,HAYIR
2026-08-16 19:33:47.721,0.80,1.03,28,0.0,0.0,-0.064,24.6,25,HAYIR,HAYIR
2026-08-16 19:33:47.741,0.80,1.03,28,0.0,0.0,-0.064,24.6,25,HAYIR,HAYIR
2026-08-16 19:33:47.761,0.80,1.03,28,0.0,0.0,-0.064,24.6,25,HAYIR,HAYIR
2026-08-16 19:33:47.781,0.80,1.03,28,0.0,0.0,-0.064,24.6,25,HAYIR,HAYIR
2026-08-16 19:33:47.801,0.80,1.03,28,0.0,0.0,-0.064,24.6,25,HAYIR,HAYIR
2026-08-16 19:33:47.821,0.80,1.03,28,0.0,0.0,-0.064,24.6,25,HAYIR,HAYIR
2026-08-16 19:33:47.841,0.80,1.03,28,0.0,0.0,-0.064,24.6,25,HAYIR,HAYIR
2026-08-16 19:33:47.861,0.80,1.03,28,0.0,0.0,-0.064,24.6,25,HAYIR,HAYIR
2026-08-16 19:33:47.881,0.80,1.03,28,0.0,0.0,-0.064,24.6,25,HAYIR,HAYIR
2026-08-16 19:33:47.901,0.80,1.02,28,0.0,0.0,-0.064,24.6,25,HAYIR,HAYIR
2026-08-16 19:33:47.921,0.80,1.02,28,0.0,0.0,-0.070,26.8,26,HAYIR,HAYIR
2026-08-16 19:33:47.941,0.80,1.02,28,0.0,0.0,-0.070,26.8,27,HAYIR,HAYIR
2026-08-16 19:33:47.961,0.80,1.02,28,0.0,0.0,-0.070,26.8,27,HAYIR,HAYIR
2026-08-16 19:33:47.981,0.80,1.02,28,0.0,0.0,-0.068,26.2,26,HAYIR,HAYIR
2026-08-16 19:33:48.001,0.80,1.02,28,0.0,0.0,-0.068,26.2,26,HAYIR,HAYIR
2026-08-16 19:33:48.021,0.80,1.02,28,0.0,0.0,-0.067,25.9,26,HAYIR,HAYIR
2026-08-16 19:33:48.041,0.80,1.02,28,0.0,0.0,-0.067,25.9,26,HAYIR,HAYIR
2026-08-16 19:33:48.061,0.80,1.02,28,0.0,0.0,-0.067,25.9,26,HAYIR,HAYIR
2026-08-16 19:33:48.081,0.80,1.02,28,0.0,0.0,-0.067,25.7,26,HAYIR,HAYIR
2026-08-16 19:33:48.101,0.80,1.02,28,0.0,0.0,-0.067,25.7,26,HAYIR,HAYIR
2026-08-16 19:33:48.121,0.80,1.02,28,0.0,0.0,-0.065,25.0,25,HAYIR,HAYIR
2026-08-16 19:33:48.141,0.80,1.02,28,0.0,0.0,-0.065,25.0,25,HAYIR,HAYIR
2026-08-16 19:33:48.161,0.80,1.02,28,0.0,0.0,-0.065,25.0,25,HAYIR,HAYIR
2026-08-16 19:33:48.181,0.80,1.02,28,0.0,0.0,-0.065,24.9,25,HAYIR,HAYIR
2026-08-16 19:33:48.201,0.80,1.02,28,0.0,0.0,-0.065,24.9,25,HAYIR,HAYIR
2026-08-16 19:33:48.221,0.80,1.02,28,0.0,0.0,-0.063,24.4,24,HAYIR,HAYIR
2026-08-16 19:33:48.241,0.80,1.02,28,0.0,0.0,-0.063,24.4,24,HAYIR,HAYIR
2026-08-16 19:33:48.261,0.80,0.95,28,0.0,0.0,-0.063,24.4,24,HAYIR,HAYIR
2026-08-16 19:33:48.281,0.80,0.95,28,0.0,0.0,-0.063,24.4,24,HAYIR,HAYIR
2026-08-16 19:33:48.301,0.80,0.95,28,0.0,0.0,-0.063,24.4,24,HAYIR,HAYIR
2026-08-16 19:33:48.321,0.80,0.95,28,0.0,0.0,-0.058,22.3,23,HAYIR,HAYIR
2026-08-16 19:33:48.341,0.80,0.95,28,0.0,0.0,-0.058,22.3,22,HAYIR,HAYIR
2026-08-16 19:33:48.361,0.80,0.95,28,0.0,0.0,-0.058,22.3,22,HAYIR,HAYIR
2026-08-16 19:33:48.381,0.80,0.95,28,0.0,0.0,-0.059,22.9,23,HAYIR,HAYIR
2026-08-16 19:33:48.401,0.80,0.95,28,0.0,0.0,-0.059,22.9,23,HAYIR,HAYIR
2026-08-16 19:33:48.421,0.80,0.95,28,0.0,0.0,-0.059,22.7,23,HAYIR,HAYIR
2026-08-16 19:33:48.441,0.80,0.95,28,0.0,0.0,-0.059,22.7,23,HAYIR,HAYIR
2026-08-16 19:33:48.461,0.80,0.95,28,0.0,0.0,-0.059,22.7,23,HAYIR,HAYIR
2026-08-16 19:33:48.481,0.80,0.95,28,0.0,0.0,-0.059,22.8,23,HAYIR,HAYIR
2026-08-16 19:33:48.501,0.80,0.95,28,0.0,0.0,-0.059,22.8,23,HAYIR,HAYIR
2026-08-16 19:33:48.521,0.80,0.95,28,0.0,0.0,-0.059,22.7,23,HAYIR,HAYIR
2026-08-16 19:33:48.541,0.80,0.95,28,0.0,0.0,-0.059,22.7,23,HAYIR,HAYIR
2026-08-16 19:33:48.561,0.80,0.88,28,0.0,0.0,-0.059,22.7,23,HAYIR,HAYIR
2026-08-16 19:33:48.581,0.80,0.88,28,0.0,0.0,-0.059,22.8,23,HAYIR,HAYIR
2026-08-16 19:33:48.601,0.80,0.88,28,0.0,0.0,-0.059,22.8,23,HAYIR,HAYIR
2026-08-16 19:33:48.621,0.80,0.88,28,0.0,0.0,-0.049,19.1,22,HAYIR,HAYIR
2026-08-16 19:33:48.641,0.80,0.88,28,0.0,0.0,-0.049,19.1,20,HAYIR,HAYIR
2026-08-16 19:33:48.661,0.80,0.88,28,0.0,0.0,-0.049,19.1,19,HAYIR,HAYIR
2026-08-16 19:33:48.681,0.80,0.88,28,0.0,0.0,-0.052,20.1,20,HAYIR,HAYIR
2026-08-16 19:33:48.701,0.80,0.88,28,0.0,0.0,-0.052,20.1,20,HAYIR,HAYIR
2026-08-16 19:33:48.721,0.80,0.88,28,0.0,0.0,-0.051,19.6,20,HAYIR,HAYIR
2026-08-16 19:33:48.741,0.80,0.88,28,0.0,0.0,-0.051,19.6,20,HAYIR,HAYIR
2026-08-16 19:33:48.761,0.80,0.88,28,0.0,0.0,-0.051,19.6,20,HAYIR,HAYIR
2026-08-16 19:33:48.781,0.80,0.88,28,0.0,0.0,-0.051,19.6,20,HAYIR,HAYIR
2026-08-16 19:33:48.801,0.80,0.88,28,0.0,0.0,-0.051,19.6,20,HAYIR,HAYIR
2026-08-16 19:33:48.821,0.80,0.88,28,0.0,0.0,-0.049,19.0,19,HAYIR,HAYIR
2026-08-16 19:33:48.841,0.80,0.88,28,0.0,0.0,-0.049,19.0,19,HAYIR,HAYIR
2026-08-16 19:33:48.861,0.80,0.88,28,0.0,0.0,-0.049,19.0,19,HAYIR,HAYIR
2026-08-16 19:33:48.881,0.80,0.80,28,0.0,0.0,-0.049,18.9,19,HAYIR,HAYIR
2026-08-16 19:33:48.901,0.80,0.80,28,0.0,0.0,-0.049,18.9,19,HAYIR,HAYIR
2026-08-16 19:33:48.921,0.80,0.80,28,0.0,0.0,-0.057,21.8,20,HAYIR,HAYIR
2026-08-16 19:33:48.941,0.80,0.80,28,0.0,0.0,-0.057,21.8,21,HAYIR,HAYIR
2026-08-16 19:33:48.961,0.80,0.80,28,0.0,0.0,-0.057,21.8,22,HAYIR,HAYIR
2026-08-16 19:33:48.981,0.80,0.80,28,0.0,0.0,-0.058,22.4,22,HAYIR,HAYIR
2026-08-16 19:33:49.001,0.80,0.80,28,0.0,0.0,-0.058,22.4,22,HAYIR,HAYIR
2026-08-16 19:33:49.021,0.80,0.80,28,0.0,0.0,-0.055,21.4,21,HAYIR,HAYIR
2026-08-16 19:33:49.041,0.80,0.80,28,0.0,0.0,-0.055,21.4,21,HAYIR,HAYIR
2026-08-16 19:33:49.061,0.80,0.80,28,0.0,0.0,-0.055,21.4,21,HAYIR,HAYIR
2026-08-16 19:33:49.081,0.80,0.80,28,0.0,0.0,-0.055,21.1,21,HAYIR,HAYIR
2026-08-16 19:33:49.102,0.80,0.80,28,0.0,0.0,-0.055,21.1,21,HAYIR,HAYIR
2026-08-16 19:33:49.121,0.80,0.80,28,0.0,0.0,-0.051,19.8,20,HAYIR,HAYIR
2026-08-16 19:33:49.141,0.80,0.80,28,0.0,0.0,-0.051,19.8,20,HAYIR,HAYIR
2026-08-16 19:33:49.161,0.80,0.80,28,0.0,0.0,-0.051,19.8,20,HAYIR,HAYIR
2026-08-16 19:33:49.181,0.80,0.80,28,0.0,0.0,-0.051,19.5,20,HAYIR,HAYIR
2026-08-16 19:33:49.201,0.80,0.80,28,0.0,0.0,-0.051,19.5,20,HAYIR,HAYIR
2026-08-16 19:33:49.221,0.80,0.72,37,0.0,0.0,-0.048,18.4,18,HAYIR,HAYIR
2026-08-16 19:33:49.241,0.80,0.72,36,0.0,0.0,-0.048,18.4,18,HAYIR,HAYIR
2026-08-16 19:33:49.261,0.80,0.72,36,0.0,0.0,-0.048,18.4,18,HAYIR,HAYIR
2026-08-16 19:33:49.281,0.80,0.72,36,0.0,0.0,-0.047,18.2,18,HAYIR,HAYIR
2026-08-16 19:33:49.301,0.80,0.72,36,0.0,0.0,-0.047,18.2,18,HAYIR,HAYIR
2026-08-16 19:33:49.321,0.80,0.72,36,0.0,0.0,-0.035,13.6,17,HAYIR,HAYIR
2026-08-16 19:33:49.341,0.80,0.72,36,0.0,0.0,-0.035,13.6,16,HAYIR,HAYIR
2026-08-16 19:33:49.361,0.80,0.72,36,0.0,0.0,-0.035,13.6,15,HAYIR,HAYIR
2026-08-16 19:33:49.381,0.80,0.72,36,0.0,0.0,-0.035,13.4,13,HAYIR,HAYIR
2026-08-16 19:33:49.401,0.80,0.72,36,0.0,0.0,-0.035,13.4,13,HAYIR,HAYIR
2026-08-16 19:33:49.421,0.80,0.72,36,0.0,0.0,-0.031,12.2,12,HAYIR,HAYIR
2026-08-16 19:33:49.441,0.80,0.72,36,0.0,0.0,-0.031,12.2,12,HAYIR,HAYIR
2026-08-16 19:33:49.461,0.80,0.72,36,0.0,0.0,-0.031,12.2,12,HAYIR,HAYIR
2026-08-16 19:33:49.481,0.80,0.72,36,0.0,0.0,-0.031,12.0,12,HAYIR,HAYIR
2026-08-16 19:33:49.501,0.80,0.72,36,0.0,0.0,-0.031,12.0,12,HAYIR,HAYIR
2026-08-16 19:33:49.521,0.80,0.72,36,0.0,0.0,0.000,-0.0,11,HAYIR,HAYIR
2026-08-16 19:33:49.541,0.80,0.72,36,0.0,0.0,0.000,-0.0,10,HAYIR,HAYIR
2026-08-16 19:33:49.561,0.80,0.72,36,0.0,0.0,0.000,-0.0,8,HAYIR,HAYIR
2026-08-16 19:33:49.581,0.80,0.72,36,0.0,0.0,0.000,-0.0,7,HAYIR,HAYIR
2026-08-16 19:33:49.601,0.80,0.62,37,0.0,0.0,0.000,-0.0,6,HAYIR,HAYIR
2026-08-16 19:33:49.621,0.80,0.62,36,0.0,0.0,0.000,-0.0,5,HAYIR,HAYIR
2026-08-16 19:33:49.641,0.80,0.62,36,0.0,0.0,0.000,-0.0,4,HAYIR,HAYIR
2026-08-16 19:33:49.661,0.80,0.62,36,0.0,0.0,0.000,-0.0,2,HAYIR,HAYIR
2026-08-16 19:33:49.681,0.80,0.62,36,0.0,0.0,0.000,-0.0,1,HAYIR,HAYIR
2026-08-16 19:33:49.701,0.80,0.62,36,0.0,0.0,0.000,-0.0,0,HAYIR,HAYIR
2026-08-16 19:33:49.721,0.80,0.62,36,0.0,0.0,0.000,-0.0,0,HAYIR,HAYIR
2026-08-16 19:33:49.741,0.80,0.62,36,0.0,0.0,0.000,-0.0,0,HAYIR,HAYIR
2026-08-16 19:33:49.761,0.80,0.62,36,0.0,0.0,0.000,-0.0,0,HAYIR,HAYIR
2026-08-16 19:33:49.781,0.80,0.62,36,0.0,0.0,0.000,-0.0,0,HAYIR,HAYIR
2026-08-16 19:33:49.801,0.80,0.62,36,0.0,0.0,0.000,-0.0,0,HAYIR,HAYIR
2026-08-16 19:33:49.821,0.80,0.62,36,0.0,0.0,0.000,-0.0,0,HAYIR,HAYIR
2026-08-16 19:33:49.841,0.80,0.62,36,0.0,0.0,0.000,-0.0,0,HAYIR,HAYIR
2026-08-16 19:33:49.861,0.80,0.62,36,0.0,0.0,0.000,-0.0,0,HAYIR,HAYIR
2026-08-16 19:33:49.881,0.80,0.62,36,0.0,0.0,0.000,-0.0,0,HAYIR,HAYIR
2026-08-16 19:33:49.901,0.80,0.54,37,0.0,0.0,0.000,-0.0,0,HAYIR,HAYIR
2026-08-16 19:33:49.921,0.80,0.54,37,0.0,0.0,0.000,-0.0,0,HAYIR,HAYIR
2026-08-16 19:33:49.941,0.80,0.54,37,0.0,0.0,0.000,-0.0,0,HAYIR,HAYIR
2026-08-16 19:33:49.961,0.80,0.54,37,0.0,0.0,0.000,-0.0,0,HAYIR,HAYIR
2026-08-16 19:33:49.981,0.80,0.54,37,0.0,0.0,-0.046,17.6,1,HAYIR,HAYIR
2026-08-16 19:33:50.001,0.80,0.54,37,0.0,0.0,-0.046,17.6,2,HAYIR,HAYIR
2026-08-16 19:33:50.021,0.80,0.54,37,0.0,0.0,-0.044,17.1,4,HAYIR,HAYIR
2026-08-16 19:33:50.041,0.80,0.54,37,0.0,0.0,-0.044,17.1,5,HAYIR,HAYIR
2026-08-16 19:33:50.061,0.80,0.54,37,0.0,0.0,-0.044,17.1,6,HAYIR,HAYIR
2026-08-16 19:33:50.081,0.80,0.54,37,0.0,0.0,-0.043,16.6,7,HAYIR,HAYIR
2026-08-16 19:33:50.101,0.80,0.54,37,0.0,0.0,-0.043,16.6,8,HAYIR,HAYIR
2026-08-16 19:33:50.121,0.80,0.54,37,0.0,0.0,-0.040,15.5,10,HAYIR,HAYIR
2026-08-16 19:33:50.141,0.80,0.54,37,0.0,0.0,-0.040,15.5,11,HAYIR,HAYIR
2026-08-16 19:33:50.161,0.80,0.54,37,0.0,0.0,-0.040,15.5,12,HAYIR,HAYIR
2026-08-16 19:33:50.181,0.80,0.54,37,0.0,0.0,-0.039,14.9,13,HAYIR,HAYIR
2026-08-16 19:33:50.201,0.80,0.54,37,0.0,0.0,-0.039,14.9,14,HAYIR,HAYIR
2026-08-16 19:33:50.221,0.80,0.48,37,0.0,0.0,-0.036,13.8,14,HAYIR,HAYIR
2026-08-16 19:33:50.241,0.80,0.48,37,0.0,0.0,-0.036,13.8,14,HAYIR,HAYIR
2026-08-16 19:33:50.261,0.80,0.48,37,0.0,0.0,-0.036,13.8,14,HAYIR,HAYIR
2026-08-16 19:33:50.281,0.80,0.48,37,0.0,0.0,-0.035,13.3,13,HAYIR,HAYIR
2026-08-16 19:33:50.301,0.80,0.48,37,0.0,0.0,-0.035,13.3,13,HAYIR,HAYIR
2026-08-16 19:33:50.321,0.80,0.48,37,0.0,0.0,-0.034,13.1,13,HAYIR,HAYIR
2026-08-16 19:33:50.341,0.80,0.48,37,0.0,0.0,-0.034,13.1,13,HAYIR,HAYIR
2026-08-16 19:33:50.361,0.80,0.48,37,0.0,0.0,-0.034,13.1,13,HAYIR,HAYIR
2026-08-16 19:33:50.381,0.80,0.48,37,0.0,0.0,-0.033,12.6,13,HAYIR,HAYIR
2026-08-16 19:33:50.401,0.80,0.48,37,0.0,0.0,-0.033,12.6,13,HAYIR,HAYIR
2026-08-16 19:33:50.421,0.80,0.48,37,0.0,0.0,-0.030,11.6,12,HAYIR,HAYIR
2026-08-16 19:33:50.441,0.80,0.48,37,0.0,0.0,-0.030,11.6,12,HAYIR,HAYIR
2026-08-16 19:33:50.461,0.80,0.48,37,0.0,0.0,-0.030,11.6,12,HAYIR,HAYIR
2026-08-16 19:33:50.481,0.80,0.48,37,0.0,0.0,0.000,-0.0,10,HAYIR,HAYIR
2026-08-16 19:33:50.501,0.80,0.48,37,0.0,0.0,0.000,-0.0,9,HAYIR,HAYIR
2026-08-16 19:33:50.521,0.80,0.48,37,0.0,0.0,0.000,-0.0,8,HAYIR,HAYIR
2026-08-16 19:33:50.541,0.80,0.47,37,0.0,0.0,0.000,-0.0,7,HAYIR,HAYIR
2026-08-16 19:33:50.561,0.80,0.47,37,0.0,0.0,0.000,-0.0,6,HAYIR,HAYIR
2026-08-16 19:33:50.581,0.80,0.47,37,0.0,0.0,0.000,-0.0,4,HAYIR,HAYIR
2026-08-16 19:33:50.601,0.80,0.47,37,0.0,0.0,0.000,-0.0,3,HAYIR,HAYIR
2026-08-16 19:33:50.621,0.80,0.47,37,0.0,0.0,0.000,-0.0,2,HAYIR,HAYIR
2026-08-16 19:33:50.641,0.80,0.47,37,0.0,0.0,0.000,-0.0,1,HAYIR,HAYIR
2026-08-16 19:33:50.661,0.80,0.47,37,0.0,0.0,0.000,-0.0,0,HAYIR,HAYIR
2026-08-16 19:33:50.681,0.80,0.47,37,0.0,0.0,0.000,-0.0,0,HAYIR,HAYIR
2026-08-16 19:33:50.701,0.80,0.47,37,0.0,0.0,0.000,-0.0,0,HAYIR,HAYIR
2026-08-16 19:33:50.721,0.80,0.47,37,0.0,0.0,0.000,-0.0,0,HAYIR,HAYIR
2026-08-16 19:33:50.741,0.80,0.47,37,0.0,0.0,0.000,-0.0,0,HAYIR,HAYIR
2026-08-16 19:33:50.761,0.80,0.47,37,0.0,0.0,0.000,-0.0,0,HAYIR,HAYIR
2026-08-16 19:33:50.781,0.80,0.47,37,0.0,0.0,0.000,-0.0,0,HAYIR,HAYIR
2026-08-16 19:33:50.801,0.80,0.47,37,0.0,0.0,0.000,-0.0,0,HAYIR,HAYIR
2026-08-16 19:33:50.821,0.80,0.47,37,0.0,0.0,0.000,-0.0,0,HAYIR,HAYIR
2026-08-16 19:33:50.841,0.80,0.47,37,0.0,0.0,0.000,-0.0,0,HAYIR,HAYIR
2026-08-16 19:33:50.861,0.80,0.50,36,0.0,0.0,0.000,-0.0,0,HAYIR,HAYIR
2026-08-16 19:33:50.881,0.80,0.50,37,0.0,0.0,0.000,-0.0,0,HAYIR,HAYIR
2026-08-16 19:33:50.901,0.80,0.50,37,0.0,0.0,0.000,-0.0,0,HAYIR,HAYIR
2026-08-16 19:33:50.921,0.80,0.50,37,0.0,0.0,0.000,-0.0,0,HAYIR,HAYIR
2026-08-16 19:33:50.941,0.80,0.50,37,0.0,0.0,0.000,-0.0,0,HAYIR,HAYIR
2026-08-16 19:33:50.961,0.80,0.50,37,0.0,0.0,0.000,-0.0,0,HAYIR,HAYIR
2026-08-16 19:33:50.981,0.80,0.50,37,0.0,0.0,0.000,-0.0,0,HAYIR,HAYIR
2026-08-16 19:33:51.001,0.80,0.50,37,0.0,0.0,0.000,-0.0,0,HAYIR,HAYIR
2026-08-16 19:33:51.021,0.80,0.50,37,0.0,0.0,0.000,-0.0,0,HAYIR,HAYIR
2026-08-16 19:33:51.041,0.80,0.50,37,0.0,0.0,0.000,-0.0,0,HAYIR,HAYIR
2026-08-16 19:33:51.061,0.80,0.50,37,0.0,0.0,0.000,-0.0,0,HAYIR,HAYIR
2026-08-16 19:33:51.081,0.80,0.50,37,0.0,0.0,0.000,-0.0,0,HAYIR,HAYIR
2026-08-16 19:33:51.101,0.80,0.50,37,0.0,0.0,0.000,-0.0,0,HAYIR,HAYIR
2026-08-16 19:33:51.121,0.80,0.50,37,0.0,0.0,0.000,-0.0,0,HAYIR,HAYIR
2026-08-16 19:33:51.141,0.80,0.50,37,0.0,0.0,0.000,-0.0,0,HAYIR,HAYIR
2026-08-16 19:33:51.161,0.80,0.50,37,0.0,0.0,0.000,-0.0,0,HAYIR,HAYIR
2026-08-16 19:33:51.181,0.80,0.50,37,0.0,0.0,0.000,-0.0,0,HAYIR,HAYIR
2026-08-16 19:33:51.201,0.80,0.50,37,0.0,0.0,0.000,-0.0,0,HAYIR,HAYIR
2026-08-16 19:33:51.221,0.80,0.50,37,0.0,0.0,0.000,-0.0,0,HAYIR,HAYIR
2026-08-16 19:33:51.241,0.80,0.57,34,0.0,0.0,0.000,-0.0,0,HAYIR,HAYIR
2026-08-16 19:33:51.261,0.80,0.57,37,0.0,0.0,0.000,-0.0,0,HAYIR,HAYIR
2026-08-16 19:33:51.281,0.80,0.57,37,0.0,0.0,0.000,-0.0,0,HAYIR,HAYIR
2026-08-16 19:33:51.301,0.80,0.57,37,0.0,0.0,0.000,-0.0,0,HAYIR,HAYIR
2026-08-16 19:33:51.321,0.80,0.57,37,0.0,0.0,0.000,-0.0,0,HAYIR,HAYIR
2026-08-16 19:33:51.341,0.80,0.57,37,0.0,0.0,0.000,-0.0,0,HAYIR,HAYIR
2026-08-16 19:33:51.361,0.80,0.57,37,0.0,0.0,0.000,-0.0,0,HAYIR,HAYIR
2026-08-16 19:33:51.381,0.80,0.57,37,0.0,0.0,0.000,-0.0,0,HAYIR,HAYIR
2026-08-16 19:33:51.401,0.80,0.57,37,0.0,0.0,0.000,-0.0,0,HAYIR,HAYIR
2026-08-16 19:33:51.421,0.80,0.57,37,0.0,0.0,0.000,-0.0,0,HAYIR,HAYIR
2026-08-16 19:33:51.441,0.80,0.57,37,0.0,0.0,0.000,-0.0,0,HAYIR,HAYIR
2026-08-16 19:33:51.461,0.80,0.57,37,0.0,0.0,0.000,-0.0,0,HAYIR,HAYIR
2026-08-16 19:33:51.481,0.80,0.57,37,0.0,0.0,0.000,-0.0,0,HAYIR,HAYIR
2026-08-16 19:33:51.501,0.80,0.57,37,0.0,0.0,0.000,-0.0,0,HAYIR,HAYIR
2026-08-16 19:33:51.521,0.80,0.57,37,0.0,0.0,0.000,-0.0,0,HAYIR,HAYIR
2026-08-16 19:33:51.541,0.80,0.57,37,0.0,0.0,0.000,-0.0,0,HAYIR,HAYIR
2026-08-16 19:33:51.561,0.80,0.66,33,0.0,0.0,0.000,-0.0,0,HAYIR,HAYIR
2026-08-16 19:33:51.581,0.80,0.66,37,0.0,0.0,0.000,-0.0,0,HAYIR,HAYIR
2026-08-16 19:33:51.601,0.80,0.66,37,0.0,0.0,0.000,-0.0,0,HAYIR,HAYIR
2026-08-16 19:33:51.621,0.80,0.66,37,0.0,0.0,0.000,-0.0,0,HAYIR,HAYIR
2026-08-16 19:33:51.641,0.80,0.66,37,0.0,0.0,0.000,-0.0,0,HAYIR,HAYIR
2026-08-16 19:33:51.661,0.80,0.66,37,0.0,0.0,0.000,-0.0,0,HAYIR,HAYIR
2026-08-16 19:33:51.681,0.80,0.66,37,0.0,0.0,0.000,-0.0,0,HAYIR,HAYIR
2026-08-16 19:33:51.702,0.80,0.66,37,0.0,0.0,0.000,-0.0,0,HAYIR,HAYIR
2026-08-16 19:33:51.721,0.80,0.66,37,0.0,0.0,-0.031,12.1,1,HAYIR,HAYIR
2026-08-16 19:33:51.741,0.80,0.66,37,0.0,0.0,-0.031,12.1,2,HAYIR,HAYIR
2026-08-16 19:33:51.761,0.80,0.66,37,0.0,0.0,-0.031,12.1,4,HAYIR,HAYIR
2026-08-16 19:33:51.781,0.80,0.66,37,0.0,0.0,-0.032,12.2,5,HAYIR,HAYIR
2026-08-16 19:33:51.801,0.80,0.66,37,0.0,0.0,-0.032,12.2,6,HAYIR,HAYIR
2026-08-16 19:33:51.821,0.80,0.66,37,0.0,0.0,-0.037,14.1,7,HAYIR,HAYIR
2026-08-16 19:33:51.841,0.80,0.66,37,0.0,0.0,-0.037,14.1,8,HAYIR,HAYIR
2026-08-16 19:33:51.861,0.80,0.66,37,0.0,0.0,-0.037,14.1,10,HAYIR,HAYIR
2026-08-16 19:33:51.881,0.80,0.75,33,0.0,0.0,-0.037,14.3,11,HAYIR,HAYIR
2026-08-16 19:33:51.901,0.80,0.75,37,0.0,0.0,-0.037,14.3,12,HAYIR,HAYIR
2026-08-16 19:33:51.921,0.80,0.75,37,0.0,0.0,-0.043,16.5,13,HAYIR,HAYIR
2026-08-16 19:33:51.941,0.80,0.75,37,0.0,0.0,-0.043,16.5,14,HAYIR,HAYIR
2026-08-16 19:33:51.961,0.80,0.75,37,0.0,0.0,-0.043,16.5,16,HAYIR,HAYIR
2026-08-16 19:33:51.981,0.80,0.75,37,0.0,0.0,-0.056,21.6,17,HAYIR,HAYIR
2026-08-16 19:33:52.001,0.80,0.75,37,0.0,0.0,-0.056,21.6,18,HAYIR,HAYIR
2026-08-16 19:33:52.021,0.80,0.75,37,0.0,0.0,-0.049,18.9,19,HAYIR,HAYIR
2026-08-16 19:33:52.041,0.80,0.75,37,0.0,0.0,-0.049,18.9,19,HAYIR,HAYIR
2026-08-16 19:33:52.061,0.80,0.75,37,0.0,0.0,-0.049,18.9,19,HAYIR,HAYIR
2026-08-16 19:33:52.081,0.80,0.75,37,0.0,0.0,-0.050,19.3,19,HAYIR,HAYIR
2026-08-16 19:33:52.101,0.80,0.75,37,0.0,0.0,-0.050,19.3,19,HAYIR,HAYIR
2026-08-16 19:33:52.121,0.80,0.75,37,0.0,0.0,-0.050,19.3,19,HAYIR,HAYIR
2026-08-16 19:33:52.141,0.80,0.75,37,0.0,0.0,-0.050,19.3,19,HAYIR,HAYIR
2026-08-16 19:33:52.161,0.80,0.75,37,0.0,0.0,-0.050,19.3,19,HAYIR,HAYIR
2026-08-16 19:33:52.181,0.80,0.75,37,0.0,0.0,-0.050,19.3,19,HAYIR,HAYIR
2026-08-16 19:33:52.201,0.80,0.75,37,0.0,0.0,-0.050,19.3,19,HAYIR,HAYIR
2026-08-16 19:33:52.221,0.80,0.75,37,0.0,0.0,-0.050,19.3,19,HAYIR,HAYIR
2026-08-16 19:33:52.241,0.80,0.75,37,0.0,0.0,-0.050,19.3,19,HAYIR,HAYIR
2026-08-16 19:33:52.261,0.80,0.75,37,0.0,0.0,-0.050,19.3,19,HAYIR,HAYIR
2026-08-16 19:33:52.281,0.80,0.75,37,0.0,0.0,-0.050,19.3,19,HAYIR,HAYIR
2026-08-16 19:33:52.301,0.80,0.75,37,0.0,0.0,-0.050,19.3,19,HAYIR,HAYIR
2026-08-16 19:33:52.321,0.80,0.75,37,0.0,0.0,-0.050,19.3,19,HAYIR,HAYIR
2026-08-16 19:33:52.341,0.80,0.75,37,0.0,0.0,-0.050,19.3,19,HAYIR,HAYIR
2026-08-16 19:33:52.361,0.80,0.75,37,0.0,0.0,-0.050,19.3,19,HAYIR,HAYIR
2026-08-16 19:33:52.381,0.80,0.75,37,0.0,0.0,-0.050,19.3,19,HAYIR,HAYIR
2026-08-16 19:33:52.401,0.80,0.75,37,0.0,0.0,-0.050,19.3,19,HAYIR,HAYIR
2026-08-16 19:33:52.421,0.80,0.75,37,0.0,0.0,-0.050,19.3,19,HAYIR,HAYIR
2026-08-16 19:33:52.441,0.80,0.75,37,0.0,0.0,-0.050,19.3,19,HAYIR,HAYIR
2026-08-16 19:33:52.461,0.80,0.75,37,0.0,0.0,-0.050,19.3,19,HAYIR,HAYIR
2026-08-16 19:33:52.481,0.80,0.75,37,0.0,0.0,-0.050,19.3,19,HAYIR,HAYIR
2026-08-16 19:33:52.501,0.80,0.75,37,0.0,0.0,-0.050,19.3,19,HAYIR,HAYIR
2026-08-16 19:33:52.521,0.80,0.75,37,0.0,0.0,-0.050,19.3,19,HAYIR,HAYIR
2026-08-16 19:33:52.541,0.80,0.75,37,0.0,0.0,-0.050,19.3,19,HAYIR,HAYIR
2026-08-16 19:33:52.561,0.80,0.75,37,0.0,0.0,-0.050,19.3,19,HAYIR,HAYIR
2026-08-16 19:33:52.581,0.80,0.75,37,0.0,0.0,-0.050,19.3,19,HAYIR,HAYIR
2026-08-16 19:33:52.601,0.80,0.75,37,0.0,0.0,-0.050,19.3,19,HAYIR,HAYIR
2026-08-16 19:33:52.621,0.80,0.75,37,0.0,0.0,-0.050,19.3,19,HAYIR,HAYIR
2026-08-16 19:33:52.641,0.80,0.75,37,0.0,0.0,-0.050,19.3,19,HAYIR,HAYIR
2026-08-16 19:33:52.661,0.80,0.75,37,0.0,0.0,-0.050,19.3,19,HAYIR,HAYIR
2026-08-16 19:33:52.681,0.80,0.75,37,0.0,0.0,-0.050,19.3,19,HAYIR,HAYIR
2026-08-16 19:33:52.701,0.80,0.75,37,0.0,0.0,-0.050,19.3,19,HAYIR,HAYIR
2026-08-16 19:33:52.721,0.80,0.75,37,0.0,0.0,-0.050,19.3,19,HAYIR,HAYIR
2026-08-16 19:33:52.741,0.80,0.75,37,0.0,0.0,-0.050,19.3,19,HAYIR,HAYIR
2026-08-16 19:33:52.761,0.80,0.75,37,0.0,0.0,-0.050,19.3,19,HAYIR,HAYIR
2026-08-16 19:33:52.781,0.80,0.75,37,0.0,0.0,-0.050,19.3,19,HAYIR,HAYIR
2026-08-16 19:33:52.801,0.80,0.75,37,0.0,0.0,-0.050,19.3,19,HAYIR,HAYIR
2026-08-16 19:33:52.821,0.80,0.75,37,0.0,0.0,-0.050,19.3,19,HAYIR,HAYIR
2026-08-16 19:33:52.841,0.80,0.75,37,0.0,0.0,-0.050,19.3,19,HAYIR,HAYIR
2026-08-16 19:33:52.861,0.80,0.75,37,0.0,0.0,-0.050,19.3,19,HAYIR,HAYIR
2026-08-16 19:33:52.881,0.80,0.75,37,0.0,0.0,-0.050,19.3,19,HAYIR,HAYIR
2026-08-16 19:33:52.901,0.80,0.75,37,0.0,0.0,-0.050,19.3,19,HAYIR,HAYIR
2026-08-16 19:33:52.921,0.80,0.75,37,0.0,0.0,-0.050,19.3,19,HAYIR,HAYIR
2026-08-16 19:33:52.941,0.80,0.75,37,0.0,0.0,-0.050,19.3,19,HAYIR,HAYIR
2026-08-16 19:33:52.961,0.80,0.75,37,0.0,0.0,-0.050,19.3,19,HAYIR,HAYIR
2026-08-16 19:33:52.981,0.80,0.75,37,0.0,0.0,-0.050,19.3,19,HAYIR,HAYIR
2026-08-16 19:33:53.001,0.80,0.75,37,0.0,0.0,-0.050,19.3,19,HAYIR,HAYIR
2026-08-16 19:33:53.021,0.80,0.75,37,0.0,0.0,-0.050,19.3,19,HAYIR,HAYIR
2026-08-16 19:33:53.041,0.80,0.75,37,0.0,0.0,-0.050,19.3,19,HAYIR,HAYIR
2026-08-16 19:33:53.061,0.80,0.75,37,0.0,0.0,-0.050,19.3,19,HAYIR,HAYIR
2026-08-16 19:33:53.081,0.80,0.75,37,0.0,0.0,-0.050,19.3,19,HAYIR,HAYIR
2026-08-16 19:33:53.101,0.80,0.75,37,0.0,0.0,-0.050,19.3,19,HAYIR,HAYIR
2026-08-16 19:33:53.121,0.80,0.75,37,0.0,0.0,-0.050,19.3,19,HAYIR,HAYIR
2026-08-16 19:33:53.141,0.80,0.75,37,0.0,0.0,-0.050,19.3,19,HAYIR,HAYIR
2026-08-16 19:33:53.161,0.80,0.75,37,0.0,0.0,-0.050,19.3,19,HAYIR,HAYIR
2026-08-16 19:33:53.181,0.80,0.75,37,0.0,0.0,-0.050,19.3,19,HAYIR,HAYIR
2026-08-16 19:33:53.201,0.80,0.75,37,0.0,0.0,-0.050,19.3,19,HAYIR,HAYIR
2026-08-16 19:33:53.221,0.80,0.75,37,0.0,0.0,-0.050,19.3,19,HAYIR,HAYIR
2026-08-16 19:33:53.241,0.80,0.75,37,0.0,0.0,-0.050,19.3,19,HAYIR,HAYIR
2026-08-16 19:33:53.261,0.80,0.75,37,0.0,0.0,-0.050,19.3,19,HAYIR,HAYIR
2026-08-16 19:33:53.281,0.80,0.75,37,0.0,0.0,-0.050,19.3,19,HAYIR,HAYIR
2026-08-16 19:33:53.301,0.80,0.75,37,0.0,0.0,-0.050,19.3,19,HAYIR,HAYIR
2026-08-16 19:33:53.321,0.80,0.75,37,0.0,0.0,-0.050,19.3,19,HAYIR,HAYIR
2026-08-16 19:33:53.341,0.80,0.75,37,0.0,0.0,-0.050,19.3,19,HAYIR,HAYIR
2026-08-16 19:33:53.361,0.80,0.75,37,0.0,0.0,-0.050,19.3,19,HAYIR,HAYIR
2026-08-16 19:33:53.381,0.80,0.75,37,0.0,0.0,-0.050,19.3,19,HAYIR,HAYIR
2026-08-16 19:33:53.401,0.80,0.75,37,0.0,0.0,-0.050,19.3,19,HAYIR,HAYIR
2026-08-16 19:33:53.421,0.80,0.75,37,0.0,0.0,-0.050,19.3,19,HAYIR,HAYIR
2026-08-16 19:33:53.441,0.80,0.75,37,0.0,0.0,-0.050,19.3,19,HAYIR,HAYIR
2026-08-16 19:33:53.461,0.80,0.75,37,0.0,0.0,-0.050,19.3,19,HAYIR,HAYIR
2026-08-16 19:33:53.481,0.80,0.75,37,0.0,0.0,-0.050,19.3,19,HAYIR,HAYIR
2026-08-16 19:33:53.501,0.80,0.75,37,0.0,0.0,-0.050,19.3,19,HAYIR,HAYIR
2026-08-16 19:33:53.521,0.80,0.75,37,0.0,0.0,-0.050,19.3,19,HAYIR,HAYIR
2026-08-16 19:33:53.541,0.80,0.75,37,0.0,0.0,-0.050,19.3,19,HAYIR,HAYIR
2026-08-16 19:33:53.561,0.80,0.75,37,0.0,0.0,-0.050,19.3,19,HAYIR,HAYIR
2026-08-16 19:33:53.581,0.80,0.75,37,0.0,0.0,-0.050,19.3,19,HAYIR,HAYIR
2026-08-16 19:33:53.601,0.80,0.75,37,0.0,0.0,-0.050,19.3,19,HAYIR,HAYIR
2026-08-16 19:33:53.621,0.80,0.75,37,0.0,0.0,-0.050,19.3,19,HAYIR,HAYIR
2026-08-16 19:33:53.641,0.80,0.75,37,0.0,0.0,-0.050,19.3,19,HAYIR,HAYIR
2026-08-16 19:33:53.661,0.80,0.75,37,0.0,0.0,-0.050,19.3,19,HAYIR,HAYIR
2026-08-16 19:33:53.681,0.80,0.75,37,0.0,0.0,-0.050,19.3,19,HAYIR,HAYIR
2026-08-16 19:33:53.701,0.80,0.75,37,0.0,0.0,-0.050,19.3,19,HAYIR,HAYIR
2026-08-16 19:33:53.721,0.80,0.75,37,0.0,0.0,-0.050,19.3,19,HAYIR,HAYIR
2026-08-16 19:33:53.741,0.80,0.75,37,0.0,0.0,-0.050,19.3,19,HAYIR,HAYIR
2026-08-16 19:33:53.761,0.80,0.75,37,0.0,0.0,-0.050,19.3,19,HAYIR,HAYIR
2026-08-16 19:33:53.781,0.80,0.75,37,0.0,0.0,-0.050,19.3,19,HAYIR,HAYIR
2026-08-16 19:33:53.801,0.80,0.75,37,0.0,0.0,-0.050,19.3,19,HAYIR,HAYIR
2026-08-16 19:33:53.821,0.80,0.75,37,0.0,0.0,-0.050,19.3,19,HAYIR,HAYIR
2026-08-16 19:33:53.841,0.80,0.75,37,0.0,0.0,-0.050,19.3,19,HAYIR,HAYIR
2026-08-16 19:33:53.861,0.80,0.75,37,0.0,0.0,-0.050,19.3,19,HAYIR,HAYIR
2026-08-16 19:33:53.881,0.80,0.75,37,0.0,0.0,-0.050,19.3,19,HAYIR,HAYIR
2026-08-16 19:33:53.901,0.80,0.75,37,0.0,0.0,-0.050,19.3,19,HAYIR,HAYIR
2026-08-16 19:33:53.921,0.80,0.75,37,0.0,0.0,-0.050,19.3,19,HAYIR,HAYIR
2026-08-16 19:33:53.941,0.80,0.75,37,0.0,0.0,-0.050,19.3,19,HAYIR,HAYIR
2026-08-16 19:33:53.961,0.80,0.75,37,0.0,0.0,-0.050,19.3,19,HAYIR,HAYIR
2026-08-16 19:33:53.981,0.80,0.75,37,0.0,0.0,-0.050,19.3,19,HAYIR,HAYIR
2026-08-16 19:33:54.001,0.80,0.75,37,0.0,0.0,-0.050,19.3,19,HAYIR,HAYIR
2026-08-16 19:33:54.021,0.80,0.75,37,0.0,0.0,-0.050,19.3,19,HAYIR,HAYIR
2026-08-16 19:33:54.041,0.80,0.75,37,0.0,0.0,-0.050,19.3,19,HAYIR,HAYIR
2026-08-16 19:33:54.061,0.80,0.75,37,0.0,0.0,-0.050,19.3,19,HAYIR,HAYIR
2026-08-16 19:33:54.081,0.80,0.75,37,0.0,0.0,-0.050,19.3,19,HAYIR,HAYIR
2026-08-16 19:33:54.101,0.80,0.75,37,0.0,0.0,-0.050,19.3,19,HAYIR,HAYIR
2026-08-16 19:33:54.121,0.80,0.75,37,0.0,0.0,-0.050,19.3,19,HAYIR,HAYIR
2026-08-16 19:33:54.141,0.80,0.75,37,0.0,0.0,-0.050,19.3,19,HAYIR,HAYIR
2026-08-16 19:33:54.161,0.80,0.75,37,0.0,0.0,-0.050,19.3,19,HAYIR,HAYIR
2026-08-16 19:33:54.181,0.80,0.75,37,0.0,0.0,-0.050,19.3,19,HAYIR,HAYIR
2026-08-16 19:33:54.201,0.80,0.75,37,0.0,0.0,-0.050,19.3,19,HAYIR,HAYIR
2026-08-16 19:33:54.221,0.80,0.75,37,0.0,0.0,-0.050,19.3,19,HAYIR,HAYIR
2026-08-16 19:33:54.241,0.80,0.75,37,0.0,0.0,-0.050,19.3,19,HAYIR,HAYIR
2026-08-16 19:33:54.261,0.80,0.75,37,0.0,0.0,-0.050,19.3,19,HAYIR,HAYIR
2026-08-16 19:33:54.281,0.80,0.75,37,0.0,0.0,-0.050,19.3,19,HAYIR,HAYIR
2026-08-16 19:33:54.301,0.80,0.75,37,0.0,0.0,-0.050,19.3,19,HAYIR,HAYIR
2026-08-16 19:33:54.321,0.80,0.75,37,0.0,0.0,-0.050,19.3,19,HAYIR,HAYIR
2026-08-16 19:33:54.341,0.80,0.75,37,0.0,0.0,-0.050,19.3,19,HAYIR,HAYIR
2026-08-16 19:33:54.361,0.80,0.75,37,0.0,0.0,-0.050,19.3,19,HAYIR,HAYIR
2026-08-16 19:33:54.381,0.80,0.75,37,0.0,0.0,-0.050,19.3,19,HAYIR,HAYIR
2026-08-16 19:33:54.401,0.80,0.75,37,0.0,0.0,-0.050,19.3,19,HAYIR,HAYIR
2026-08-16 19:33:54.421,0.80,0.75,37,0.0,0.0,-0.050,19.3,19,HAYIR,HAYIR
2026-08-16 19:33:54.441,0.80,0.75,37,0.0,0.0,-0.050,19.3,19,HAYIR,HAYIR
2026-08-16 19:33:54.461,0.80,0.75,37,0.0,0.0,-0.050,19.3,19,HAYIR,HAYIR
2026-08-16 19:33:54.481,0.80,0.75,37,0.0,0.0,-0.050,19.3,19,HAYIR,HAYIR
2026-08-16 19:33:54.501,0.80,0.75,37,0.0,0.0,-0.050,19.3,19,HAYIR,HAYIR
2026-08-16 19:33:54.521,0.80,0.75,37,0.0,0.0,-0.050,19.3,19,HAYIR,HAYIR
2026-08-16 19:33:54.541,0.80,0.75,37,0.0,0.0,-0.050,19.3,19,HAYIR,HAYIR
2026-08-16 19:33:54.561,0.80,0.75,37,0.0,0.0,-0.050,19.3,19,HAYIR,HAYIR
2026-08-16 19:33:54.581,0.80,0.75,37,0.0,0.0,-0.050,19.3,19,HAYIR,HAYIR
2026-08-16 19:33:54.601,0.80,0.75,37,0.0,0.0,-0.050,19.3,19,HAYIR,HAYIR
2026-08-16 19:33:54.621,0.80,0.75,37,0.0,0.0,-0.050,19.3,19,HAYIR,HAYIR
2026-08-16 19:33:54.641,0.80,0.75,37,0.0,0.0,-0.050,19.3,19,HAYIR,HAYIR
2026-08-16 19:33:54.661,0.80,0.75,37,0.0,0.0,-0.050,19.3,19,HAYIR,HAYIR
2026-08-16 19:33:54.681,0.80,0.75,37,0.0,0.0,-0.050,19.3,19,HAYIR,HAYIR
2026-08-16 19:33:54.701,0.80,0.75,37,0.0,0.0,-0.050,19.3,19,HAYIR,HAYIR
2026-08-16 19:33:54.721,0.80,0.75,37,0.0,0.0,-0.050,19.3,19,HAYIR,HAYIR
2026-08-16 19:33:54.741,0.80,0.75,37,0.0,0.0,-0.050,19.3,19,HAYIR,HAYIR
2026-08-16 19:33:54.761,0.80,0.75,37,0.0,0.0,-0.050,19.3,19,HAYIR,HAYIR
2026-08-16 19:33:54.781,0.80,0.75,37,0.0,0.0,-0.050,19.3,19,HAYIR,HAYIR
2026-08-16 19:33:54.801,0.80,0.75,37,0.0,0.0,-0.050,19.3,19,HAYIR,HAYIR
2026-08-16 19:33:54.821,0.80,0.75,37,0.0,0.0,-0.050,19.3,19,HAYIR,HAYIR
2026-08-16 19:33:54.841,0.80,0.75,37,0.0,0.0,-0.050,19.3,19,HAYIR,HAYIR
2026-08-16 19:33:54.861,0.80,0.75,37,0.0,0.0,-0.050,19.3,19,HAYIR,HAYIR
2026-08-16 19:33:54.881,0.80,0.75,37,0.0,0.0,-0.050,19.3,19,HAYIR,HAYIR
2026-08-16 19:33:54.901,0.80,0.75,37,0.0,0.0,-0.050,19.3,19,HAYIR,HAYIR
2026-08-16 19:33:54.921,0.80,0.75,37,0.0,0.0,-0.050,19.3,19,HAYIR,HAYIR
2026-08-16 19:33:54.941,0.80,0.75,37,0.0,0.0,-0.050,19.3,19,HAYIR,HAYIR
2026-08-16 19:33:54.961,0.80,0.75,37,0.0,0.0,-0.050,19.3,19,HAYIR,HAYIR
2026-08-16 19:33:54.981,0.80,0.75,37,0.0,0.0,-0.050,19.3,19,HAYIR,HAYIR
2026-08-16 19:33:55.001,0.80,0.75,37,0.0,0.0,-0.050,19.3,19,HAYIR,HAYIR
2026-08-16 19:33:55.021,0.80,0.75,37,0.0,0.0,-0.050,19.3,19,HAYIR,HAYIR
2026-08-16 19:33:55.041,0.80,0.75,37,0.0,0.0,-0.050,19.3,19,HAYIR,HAYIR
2026-08-16 19:33:55.061,0.80,0.75,37,0.0,0.0,-0.050,19.3,19,HAYIR,HAYIR
2026-08-16 19:33:55.081,0.80,0.75,37,0.0,0.0,-0.050,19.3,19,HAYIR,HAYIR
2026-08-16 19:33:55.101,0.80,0.75,37,0.0,0.0,-0.050,19.3,19,HAYIR,HAYIR
2026-08-16 19:33:55.121,0.80,0.75,37,0.0,0.0,-0.050,19.3,19,HAYIR,HAYIR
2026-08-16 19:33:55.141,0.80,0.75,37,0.0,0.0,-0.050,19.3,19,HAYIR,HAYIR
2026-08-16 19:33:55.161,0.80,0.75,37,0.0,0.0,-0.050,19.3,19,HAYIR,HAYIR
2026-08-16 19:33:55.181,0.80,0.75,37,0.0,0.0,-0.050,19.3,19,HAYIR,HAYIR
2026-08-16 19:33:55.201,0.80,0.75,37,0.0,0.0,-0.050,19.3,19,HAYIR,HAYIR
2026-08-16 19:33:55.221,0.80,0.75,37,0.0,0.0,-0.050,19.3,19,HAYIR,HAYIR
2026-08-16 19:33:55.241,0.80,0.75,37,0.0,0.0,-0.050,19.3,19,HAYIR,HAYIR
2026-08-16 19:33:55.261,0.80,0.75,37,0.0,0.0,-0.050,19.3,19,HAYIR,HAYIR
2026-08-16 19:33:55.281,0.80,0.75,37,0.0,0.0,-0.050,19.3,19,HAYIR,HAYIR
2026-08-16 19:33:55.301,0.80,0.75,37,0.0,0.0,-0.050,19.3,19,HAYIR,HAYIR
2026-08-16 19:33:55.321,0.80,0.75,37,0.0,0.0,-0.050,19.3,19,HAYIR,HAYIR
2026-08-16 19:33:55.341,0.80,0.75,37,0.0,0.0,-0.050,19.3,19,HAYIR,HAYIR
2026-08-16 19:33:55.361,0.80,0.75,37,0.0,0.0,-0.050,19.3,19,HAYIR,HAYIR
2026-08-16 19:33:55.381,0.80,0.75,37,0.0,0.0,-0.050,19.3,19,HAYIR,HAYIR
2026-08-16 19:33:55.401,0.80,0.75,37,0.0,0.0,-0.050,19.3,19,HAYIR,HAYIR
2026-08-16 19:33:55.421,0.80,0.75,37,0.0,0.0,-0.050,19.3,19,HAYIR,HAYIR
2026-08-16 19:33:55.441,0.80,0.75,37,0.0,0.0,-0.050,19.3,19,HAYIR,HAYIR
2026-08-16 19:33:55.461,0.80,0.75,37,0.0,0.0,-0.050,19.3,19,HAYIR,HAYIR
2026-08-16 19:33:55.481,0.80,0.75,37,0.0,0.0,-0.050,19.3,19,HAYIR,HAYIR
2026-08-16 19:33:55.501,0.80,0.75,37,0.0,0.0,-0.050,19.3,19,HAYIR,HAYIR
2026-08-16 19:33:55.521,0.80,0.75,37,0.0,0.0,-0.050,19.3,19,HAYIR,HAYIR
2026-08-16 19:33:55.541,0.80,0.75,37,0.0,0.0,-0.050,19.3,19,HAYIR,HAYIR
2026-08-16 19:33:55.561,0.80,0.75,37,0.0,0.0,-0.050,19.3,19,HAYIR,HAYIR
2026-08-16 19:33:55.581,0.80,0.75,37,0.0,0.0,-0.050,19.3,19,HAYIR,HAYIR
2026-08-16 19:33:55.601,0.80,0.75,37,0.0,0.0,-0.050,19.3,19,HAYIR,HAYIR
2026-08-16 19:33:55.621,0.80,0.75,37,0.0,0.0,-0.050,19.3,19,HAYIR,HAYIR
2026-08-16 19:33:55.641,0.80,0.75,37,0.0,0.0,-0.050,19.3,19,HAYIR,HAYIR
2026-08-16 19:33:55.661,0.80,0.75,37,0.0,0.0,-0.050,19.3,19,HAYIR,HAYIR
2026-08-16 19:33:55.681,0.80,0.75,37,0.0,0.0,-0.050,19.3,19,HAYIR,HAYIR
2026-08-16 19:33:55.701,0.80,0.75,37,0.0,0.0,-0.050,19.3,19,HAYIR,HAYIR
2026-08-16 19:33:55.721,0.80,0.75,37,0.0,0.0,-0.050,19.3,19,HAYIR,HAYIR
2026-08-16 19:33:55.741,0.80,0.75,37,0.0,0.0,-0.050,19.3,19,HAYIR,HAYIR
2026-08-16 19:33:55.761,0.80,0.75,37,0.0,0.0,-0.050,19.3,19,HAYIR,HAYIR
2026-08-16 19:33:55.781,0.80,0.75,37,0.0,0.0,-0.050,19.3,19,HAYIR,HAYIR
2026-08-16 19:33:55.801,0.80,0.75,37,0.0,0.0,-0.050,19.3,19,HAYIR,HAYIR
2026-08-16 19:33:55.821,0.80,0.75,37,0.0,0.0,-0.050,19.3,19,HAYIR,HAYIR
2026-08-16 19:33:55.841,0.80,0.75,37,0.0,0.0,-0.050,19.3,19,HAYIR,HAYIR
2026-08-16 19:33:55.861,0.80,0.75,37,0.0,0.0,-0.050,19.3,19,HAYIR,HAYIR
2026-08-16 19:33:55.881,0.80,0.75,37,0.0,0.0,-0.050,19.3,19,HAYIR,HAYIR
2026-08-16 19:33:55.901,0.80,0.75,37,0.0,0.0,-0.050,19.3,19,HAYIR,HAYIR
2026-08-16 19:33:55.921,0.80,0.75,37,0.0,0.0,-0.050,19.3,19,HAYIR,HAYIR
2026-08-16 19:33:55.941,0.80,0.75,37,0.0,0.0,-0.050,19.3,19,HAYIR,HAYIR
2026-08-16 19:33:55.961,0.80,0.75,37,0.0,0.0,-0.050,19.3,19,HAYIR,HAYIR
2026-08-16 19:33:55.981,0.80,0.75,37,0.0,0.0,-0.050,19.3,19,HAYIR,HAYIR
2026-08-16 19:33:56.001,0.80,0.75,37,0.0,0.0,-0.050,19.3,19,HAYIR,HAYIR
2026-08-16 19:33:56.021,0.80,0.75,37,0.0,0.0,-0.050,19.3,19,HAYIR,HAYIR
2026-08-16 19:33:56.041,0.80,0.75,37,0.0,0.0,-0.050,19.3,19,HAYIR,HAYIR
2026-08-16 19:33:56.061,0.80,0.75,37,0.0,0.0,-0.050,19.3,19,HAYIR,HAYIR
2026-08-16 19:33:56.081,0.80,0.75,37,0.0,0.0,-0.050,19.3,19,HAYIR,HAYIR
2026-08-16 19:33:56.101,0.80,0.75,37,0.0,0.0,-0.050,19.3,19,HAYIR,HAYIR
2026-08-16 19:33:56.121,0.80,0.75,37,0.0,0.0,-0.050,19.3,19,HAYIR,HAYIR
2026-08-16 19:33:56.141,0.80,0.75,37,0.0,0.0,-0.050,19.3,19,HAYIR,HAYIR
2026-08-16 19:33:56.161,0.80,0.75,37,0.0,0.0,-0.050,19.3,19,HAYIR,HAYIR
2026-08-16 19:33:56.181,0.80,0.75,37,0.0,0.0,-0.050,19.3,19,HAYIR,HAYIR
2026-08-16 19:33:56.201,0.80,0.75,37,0.0,0.0,-0.050,19.3,19,HAYIR,HAYIR
2026-08-16 19:33:56.221,0.80,0.75,37,0.0,0.0,-0.050,19.3,19,HAYIR,HAYIR
2026-08-16 19:33:56.241,0.80,0.75,37,0.0,0.0,-0.050,19.3,19,HAYIR,HAYIR
2026-08-16 19:33:56.261,0.80,0.75,37,0.0,0.0,-0.050,19.3,19,HAYIR,HAYIR
2026-08-16 19:33:56.281,0.80,0.75,37,0.0,0.0,-0.050,19.3,19,HAYIR,HAYIR
2026-08-16 19:33:56.301,0.80,0.75,37,0.0,0.0,-0.050,19.3,19,HAYIR,HAYIR
2026-08-16 19:33:56.321,0.80,0.75,37,0.0,0.0,-0.050,19.3,19,HAYIR,HAYIR
2026-08-16 19:33:56.341,0.80,0.75,37,0.0,0.0,-0.050,19.3,19,HAYIR,HAYIR
2026-08-16 19:33:56.361,0.80,0.75,37,0.0,0.0,-0.050,19.3,19,HAYIR,HAYIR
2026-08-16 19:33:56.381,0.80,0.75,37,0.0,0.0,-0.050,19.3,19,HAYIR,HAYIR
2026-08-16 19:33:56.401,0.80,0.75,37,0.0,0.0,-0.050,19.3,19,HAYIR,HAYIR
2026-08-16 19:33:56.421,0.80,0.75,37,0.0,0.0,-0.050,19.3,19,HAYIR,HAYIR
2026-08-16 19:33:56.441,0.80,0.75,37,0.0,0.0,-0.050,19.3,19,HAYIR,HAYIR
2026-08-16 19:33:56.461,0.80,0.75,37,0.0,0.0,-0.050,19.3,19,HAYIR,HAYIR
2026-08-16 19:33:56.481,0.80,0.75,37,0.0,0.0,-0.050,19.3,19,HAYIR,HAYIR
2026-08-16 19:33:56.501,0.80,0.75,37,0.0,0.0,-0.050,19.3,19,HAYIR,HAYIR
2026-08-16 19:33:56.521,0.80,0.75,37,0.0,0.0,-0.050,19.3,19,HAYIR,HAYIR
2026-08-16 19:33:56.541,0.80,0.75,37,0.0,0.0,-0.050,19.3,19,HAYIR,HAYIR
2026-08-16 19:33:56.561,0.80,0.75,37,0.0,0.0,-0.050,19.3,19,HAYIR,HAYIR
2026-08-16 19:33:56.581,0.80,0.75,37,0.0,0.0,-0.050,19.3,19,HAYIR,HAYIR
2026-08-16 19:33:56.601,0.80,0.75,37,0.0,0.0,-0.050,19.3,19,HAYIR,HAYIR
2026-08-16 19:33:56.621,0.80,0.75,37,0.0,0.0,-0.050,19.3,19,HAYIR,HAYIR
2026-08-16 19:33:56.641,0.80,0.75,37,0.0,0.0,-0.050,19.3,19,HAYIR,HAYIR
2026-08-16 19:33:56.661,0.80,0.75,37,0.0,0.0,-0.050,19.3,19,HAYIR,HAYIR
2026-08-16 19:33:56.682,0.80,0.75,37,0.0,0.0,-0.050,19.3,19,HAYIR,HAYIR
2026-08-16 19:33:56.701,0.80,0.75,37,0.0,0.0,-0.050,19.3,19,HAYIR,HAYIR
2026-08-16 19:33:56.721,0.80,0.75,37,0.0,0.0,-0.050,19.3,19,HAYIR,HAYIR
2026-08-16 19:33:56.741,0.80,0.75,37,0.0,0.0,-0.050,19.3,19,HAYIR,HAYIR
2026-08-16 19:33:56.761,0.80,0.75,37,0.0,0.0,-0.050,19.3,19,HAYIR,HAYIR
2026-08-16 19:33:56.781,0.80,0.75,37,0.0,0.0,-0.050,19.3,19,HAYIR,HAYIR
2026-08-16 19:33:56.801,0.80,0.75,37,0.0,0.0,-0.050,19.3,19,HAYIR,HAYIR
2026-08-16 19:33:56.821,0.80,0.75,37,0.0,0.0,-0.050,19.3,19,HAYIR,HAYIR
2026-08-16 19:33:56.841,0.80,0.75,37,0.0,0.0,-0.050,19.3,19,HAYIR,HAYIR
2026-08-16 19:33:56.861,0.80,0.75,37,0.0,0.0,-0.050,19.3,19,HAYIR,HAYIR
2026-08-16 19:33:56.881,0.80,0.75,37,0.0,0.0,-0.050,19.3,19,HAYIR,HAYIR
2026-08-16 19:33:56.901,0.80,0.75,37,0.0,0.0,-0.050,19.3,19,HAYIR,HAYIR
2026-08-16 19:33:56.921,0.80,0.75,37,0.0,0.0,-0.050,19.3,19,HAYIR,HAYIR
2026-08-16 19:33:56.941,0.80,0.75,37,0.0,0.0,-0.050,19.3,19,HAYIR,HAYIR
2026-08-16 19:33:56.961,0.80,0.75,37,0.0,0.0,-0.050,19.3,19,HAYIR,HAYIR
2026-08-16 19:33:56.981,0.80,0.75,37,0.0,0.0,-0.050,19.3,19,HAYIR,HAYIR
2026-08-16 19:33:57.001,0.80,0.75,37,0.0,0.0,-0.050,19.3,19,HAYIR,HAYIR
2026-08-16 19:33:57.021,0.80,0.75,37,0.0,0.0,-0.050,19.3,19,HAYIR,HAYIR
2026-08-16 19:33:57.041,0.80,0.75,37,0.0,0.0,-0.050,19.3,19,HAYIR,HAYIR
2026-08-16 19:33:57.061,0.80,0.75,37,0.0,0.0,-0.050,19.3,19,HAYIR,HAYIR
2026-08-16 19:33:57.081,0.80,0.75,37,0.0,0.0,-0.050,19.3,19,HAYIR,HAYIR
2026-08-16 19:33:57.101,0.80,0.75,37,0.0,0.0,-0.050,19.3,19,HAYIR,HAYIR
2026-08-16 19:33:57.121,0.80,0.75,37,0.0,0.0,-0.050,19.3,19,HAYIR,HAYIR
2026-08-16 19:33:57.141,0.80,0.75,37,0.0,0.0,-0.050,19.3,19,HAYIR,HAYIR
2026-08-16 19:33:57.161,0.80,0.75,37,0.0,0.0,-0.050,19.3,19,HAYIR,HAYIR
2026-08-16 19:33:57.181,0.80,0.75,37,0.0,0.0,-0.050,19.3,19,HAYIR,HAYIR
2026-08-16 19:33:57.201,0.80,0.75,37,0.0,0.0,-0.050,19.3,19,HAYIR,HAYIR
2026-08-16 19:33:57.221,0.80,0.75,37,0.0,0.0,-0.050,19.3,19,HAYIR,HAYIR
2026-08-16 19:33:57.241,0.80,0.75,37,0.0,0.0,-0.050,19.3,19,HAYIR,HAYIR
2026-08-16 19:33:57.261,0.80,0.75,37,0.0,0.0,-0.050,19.3,19,HAYIR,HAYIR
2026-08-16 19:33:57.281,0.80,0.75,37,0.0,0.0,-0.050,19.3,19,HAYIR,HAYIR
2026-08-16 19:33:57.301,0.80,0.75,37,0.0,0.0,-0.050,19.3,19,HAYIR,HAYIR
2026-08-16 19:33:57.321,0.80,0.75,37,0.0,0.0,-0.050,19.3,19,HAYIR,HAYIR
2026-08-16 19:33:57.341,0.80,0.75,37,0.0,0.0,-0.050,19.3,19,HAYIR,HAYIR
2026-08-16 19:33:57.361,0.80,0.75,37,0.0,0.0,-0.050,19.3,19,HAYIR,HAYIR
2026-08-16 19:33:57.381,0.80,0.75,37,0.0,0.0,-0.050,19.3,19,HAYIR,HAYIR
2026-08-16 19:33:57.401,0.80,0.75,37,0.0,0.0,-0.050,19.3,19,HAYIR,HAYIR
2026-08-16 19:33:57.421,0.80,0.75,37,0.0,0.0,-0.050,19.3,19,HAYIR,HAYIR
2026-08-16 19:33:57.441,0.80,0.75,37,0.0,0.0,-0.050,19.3,19,HAYIR,HAYIR
2026-08-16 19:33:57.461,0.80,0.75,37,0.0,0.0,-0.050,19.3,19,HAYIR,HAYIR
2026-08-16 19:33:57.481,0.80,0.75,37,0.0,0.0,-0.050,19.3,19,HAYIR,HAYIR
2026-08-16 19:33:57.501,0.80,0.75,37,0.0,0.0,-0.050,19.3,19,HAYIR,HAYIR
2026-08-16 19:33:57.521,0.80,0.75,37,0.0,0.0,-0.050,19.3,19,HAYIR,HAYIR
2026-08-16 19:33:57.541,0.80,0.75,37,0.0,0.0,-0.050,19.3,19,HAYIR,HAYIR
2026-08-16 19:33:57.561,0.80,0.75,37,0.0,0.0,-0.050,19.3,19,HAYIR,HAYIR
2026-08-16 19:33:57.581,0.80,0.75,37,0.0,0.0,-0.050,19.3,19,HAYIR,HAYIR
2026-08-16 19:33:57.601,0.80,0.75,37,0.0,0.0,-0.050,19.3,19,HAYIR,HAYIR
2026-08-16 19:33:57.621,0.80,0.75,37,0.0,0.0,-0.050,19.3,19,HAYIR,HAYIR
2026-08-16 19:33:57.641,0.80,0.75,37,0.0,0.0,-0.050,19.3,19,HAYIR,HAYIR
2026-08-16 19:33:57.661,0.80,0.75,37,0.0,0.0,-0.050,19.3,19,HAYIR,HAYIR
2026-08-16 19:33:57.681,0.80,0.75,37,0.0,0.0,-0.050,19.3,19,HAYIR,HAYIR
2026-08-16 19:33:57.701,0.80,0.75,37,0.0,0.0,-0.050,19.3,19,HAYIR,HAYIR
2026-08-16 19:33:57.721,0.80,0.75,37,0.0,0.0,-0.050,19.3,19,HAYIR,HAYIR
2026-08-16 19:33:57.741,0.80,0.75,37,0.0,0.0,-0.050,19.3,19,HAYIR,HAYIR
2026-08-16 19:33:57.761,0.80,0.75,37,0.0,0.0,-0.050,19.3,19,HAYIR,HAYIR
2026-08-16 19:33:57.781,0.80,0.75,37,0.0,0.0,-0.050,19.3,19,HAYIR,HAYIR
2026-08-16 19:33:57.801,0.80,0.75,37,0.0,0.0,-0.050,19.3,19,HAYIR,HAYIR
2026-08-16 19:33:57.821,0.80,0.75,37,0.0,0.0,-0.050,19.3,19,HAYIR,HAYIR
2026-08-16 19:33:57.841,0.80,0.75,37,0.0,0.0,-0.050,19.3,19,HAYIR,HAYIR
2026-08-16 19:33:57.861,0.80,0.75,37,0.0,0.0,-0.050,19.3,19,HAYIR,HAYIR
2026-08-16 19:33:57.881,0.80,0.75,37,0.0,0.0,-0.050,19.3,19,HAYIR,HAYIR
2026-08-16 19:33:57.901,0.80,0.75,37,0.0,0.0,-0.050,19.3,19,HAYIR,HAYIR
2026-08-16 19:33:57.921,0.80,0.75,37,0.0,0.0,-0.050,19.3,19,HAYIR,HAYIR
2026-08-16 19:33:57.941,0.80,0.75,37,0.0,0.0,-0.050,19.3,19,HAYIR,HAYIR
2026-08-16 19:33:57.961,0.80,0.75,37,0.0,0.0,-0.050,19.3,19,HAYIR,HAYIR
2026-08-16 19:33:57.981,0.80,0.75,37,0.0,0.0,-0.050,19.3,19,HAYIR,HAYIR
2026-08-16 19:33:58.001,0.80,0.75,37,0.0,0.0,-0.050,19.3,19,HAYIR,HAYIR
2026-08-16 19:33:58.021,0.80,0.75,37,0.0,0.0,-0.050,19.3,19,HAYIR,HAYIR
2026-08-16 19:33:58.041,0.80,0.75,37,0.0,0.0,-0.050,19.3,19,HAYIR,HAYIR
2026-08-16 19:33:58.061,0.80,0.75,37,0.0,0.0,-0.050,19.3,19,HAYIR,HAYIR
2026-08-16 19:33:58.081,0.80,0.75,37,0.0,0.0,-0.050,19.3,19,HAYIR,HAYIR
2026-08-16 19:33:58.101,0.80,0.75,37,0.0,0.0,-0.050,19.3,19,HAYIR,HAYIR
2026-08-16 19:33:58.121,0.80,0.75,37,0.0,0.0,-0.050,19.3,19,HAYIR,HAYIR
2026-08-16 19:33:58.141,0.80,0.75,37,0.0,0.0,-0.050,19.3,19,HAYIR,HAYIR
2026-08-16 19:33:58.161,0.80,0.75,37,0.0,0.0,-0.050,19.3,19,HAYIR,HAYIR
2026-08-16 19:33:58.181,0.80,0.75,37,0.0,0.0,-0.050,19.3,19,HAYIR,HAYIR
2026-08-16 19:33:58.201,0.80,0.75,37,0.0,0.0,-0.050,19.3,19,HAYIR,HAYIR
2026-08-16 19:33:58.221,0.80,0.75,37,0.0,0.0,-0.050,19.3,19,HAYIR,HAYIR
2026-08-16 19:33:58.241,0.80,0.75,37,0.0,0.0,-0.050,19.3,19,HAYIR,HAYIR
2026-08-16 19:33:58.261,0.80,0.75,37,0.0,0.0,-0.050,19.3,19,HAYIR,HAYIR
2026-08-16 19:33:58.281,0.80,0.75,37,0.0,0.0,-0.050,19.3,19,HAYIR,HAYIR
2026-08-16 19:33:58.301,0.80,0.75,37,0.0,0.0,-0.050,19.3,19,HAYIR,HAYIR
2026-08-16 19:33:58.321,0.80,0.75,37,0.0,0.0,-0.050,19.3,19,HAYIR,HAYIR
2026-08-16 19:33:58.341,0.80,0.75,37,0.0,0.0,-0.050,19.3,19,HAYIR,HAYIR
2026-08-16 19:33:58.361,0.80,0.75,37,0.0,0.0,-0.050,19.3,19,HAYIR,HAYIR
2026-08-16 19:33:58.381,0.80,0.75,37,0.0,0.0,-0.050,19.3,19,HAYIR,HAYIR
2026-08-16 19:33:58.401,0.80,0.75,37,0.0,0.0,-0.050,19.3,19,HAYIR,HAYIR
2026-08-16 19:33:58.421,0.80,0.75,37,0.0,0.0,-0.050,19.3,19,HAYIR,HAYIR
2026-08-16 19:33:58.441,0.80,0.75,37,0.0,0.0,-0.050,19.3,19,HAYIR,HAYIR
2026-08-16 19:33:58.461,0.80,0.75,37,0.0,0.0,-0.050,19.3,19,HAYIR,HAYIR
2026-08-16 19:33:58.481,0.80,0.75,37,0.0,0.0,-0.050,19.3,19,HAYIR,HAYIR
2026-08-16 19:33:58.501,0.80,0.75,37,0.0,0.0,-0.050,19.3,19,HAYIR,HAYIR
2026-08-16 19:33:58.521,0.80,0.75,37,0.0,0.0,-0.050,19.3,19,HAYIR,HAYIR
2026-08-16 19:33:58.541,0.80,0.75,37,0.0,0.0,-0.050,19.3,19,HAYIR,HAYIR
2026-08-16 19:33:58.561,0.80,0.75,37,0.0,0.0,-0.050,19.3,19,HAYIR,HAYIR
2026-08-16 19:33:58.581,0.80,0.75,37,0.0,0.0,-0.050,19.3,19,HAYIR,HAYIR
2026-08-16 19:33:58.601,0.80,0.75,37,0.0,0.0,-0.050,19.3,19,HAYIR,HAYIR
2026-08-16 19:33:58.621,0.80,0.75,37,0.0,0.0,-0.050,19.3,19,HAYIR,HAYIR
2026-08-16 19:33:58.641,0.80,0.75,37,0.0,0.0,-0.050,19.3,19,HAYIR,HAYIR
2026-08-16 19:33:58.661,0.80,0.75,37,0.0,0.0,-0.050,19.3,19,HAYIR,HAYIR
2026-08-16 19:33:58.681,0.80,0.75,37,0.0,0.0,-0.050,19.3,19,HAYIR,HAYIR
2026-08-16 19:33:58.701,0.80,0.75,37,0.0,0.0,-0.050,19.3,19,HAYIR,HAYIR
2026-08-16 19:33:58.721,0.80,0.75,37,0.0,0.0,-0.050,19.3,19,HAYIR,HAYIR
2026-08-16 19:33:58.741,0.80,0.75,37,0.0,0.0,-0.050,19.3,19,HAYIR,HAYIR
2026-08-16 19:33:58.761,0.80,0.75,37,0.0,0.0,-0.050,19.3,19,HAYIR,HAYIR
2026-08-16 19:33:58.781,0.80,0.75,37,0.0,0.0,-0.050,19.3,19,HAYIR,HAYIR
2026-08-16 19:33:58.801,0.80,0.75,37,0.0,0.0,-0.050,19.3,19,HAYIR,HAYIR
2026-08-16 19:33:58.821,0.80,0.75,37,0.0,0.0,-0.050,19.3,19,HAYIR,HAYIR
2026-08-16 19:33:58.841,0.80,0.75,37,0.0,0.0,-0.050,19.3,19,HAYIR,HAYIR
2026-08-16 19:33:58.861,0.80,0.75,37,0.0,0.0,-0.050,19.3,19,HAYIR,HAYIR
2026-08-16 19:33:58.881,0.80,0.75,37,0.0,0.0,-0.050,19.3,19,HAYIR,HAYIR
2026-08-16 19:33:58.901,0.80,0.75,37,0.0,0.0,-0.050,19.3,19,HAYIR,HAYIR
2026-08-16 19:33:58.921,0.80,0.75,37,0.0,0.0,-0.050,19.3,19,HAYIR,HAYIR
2026-08-16 19:33:58.941,0.80,0.75,37,0.0,0.0,-0.050,19.3,19,HAYIR,HAYIR
2026-08-16 19:33:58.961,0.80,0.75,37,0.0,0.0,-0.050,19.3,19,HAYIR,HAYIR
2026-08-16 19:33:58.981,0.80,0.75,37,0.0,0.0,-0.050,19.3,19,HAYIR,HAYIR
2026-08-16 19:33:59.001,0.80,0.75,37,0.0,0.0,-0.050,19.3,19,HAYIR,HAYIR
2026-08-16 19:33:59.021,0.80,0.75,37,0.0,0.0,-0.050,19.3,19,HAYIR,HAYIR
2026-08-16 19:33:59.041,0.80,0.75,37,0.0,0.0,-0.050,19.3,19,HAYIR,HAYIR
2026-08-16 19:33:59.061,0.80,0.75,37,0.0,0.0,-0.050,19.3,19,HAYIR,HAYIR
2026-08-16 19:33:59.081,0.80,0.75,37,0.0,0.0,-0.050,19.3,19,HAYIR,HAYIR
2026-08-16 19:33:59.101,0.80,0.75,37,0.0,0.0,-0.050,19.3,19,HAYIR,HAYIR
2026-08-16 19:33:59.121,0.80,0.75,37,0.0,0.0,-0.050,19.3,19,HAYIR,HAYIR
2026-08-16 19:33:59.141,0.80,0.75,37,0.0,0.0,-0.050,19.3,19,HAYIR,HAYIR
2026-08-16 19:33:59.161,0.80,0.75,37,0.0,0.0,-0.050,19.3,19,HAYIR,HAYIR
2026-08-16 19:33:59.181,0.80,0.75,37,0.0,0.0,-0.050,19.3,19,HAYIR,HAYIR
2026-08-16 19:33:59.201,0.80,0.75,37,0.0,0.0,-0.050,19.3,19,HAYIR,HAYIR
2026-08-16 19:33:59.221,0.80,0.75,37,0.0,0.0,-0.050,19.3,19,HAYIR,HAYIR
2026-08-16 19:33:59.241,0.80,0.75,37,0.0,0.0,-0.050,19.3,19,HAYIR,HAYIR
2026-08-16 19:33:59.261,0.80,0.75,37,0.0,0.0,-0.050,19.3,19,HAYIR,HAYIR
2026-08-16 19:33:59.281,0.80,0.75,37,0.0,0.0,-0.050,19.3,19,HAYIR,HAYIR
2026-08-16 19:33:59.301,0.80,0.75,37,0.0,0.0,-0.050,19.3,19,HAYIR,HAYIR
2026-08-16 19:33:59.321,0.80,0.75,37,0.0,0.0,-0.050,19.3,19,HAYIR,HAYIR
2026-08-16 19:33:59.341,0.80,0.75,37,0.0,0.0,-0.050,19.3,19,HAYIR,HAYIR
2026-08-16 19:33:59.361,0.80,0.75,37,0.0,0.0,-0.050,19.3,19,HAYIR,HAYIR
2026-08-16 19:33:59.381,0.80,0.75,37,0.0,0.0,-0.050,19.3,19,HAYIR,HAYIR
2026-08-16 19:33:59.401,0.80,0.75,37,0.0,0.0,-0.050,19.3,19,HAYIR,HAYIR
2026-08-16 19:33:59.421,0.80,0.75,37,0.0,0.0,-0.050,19.3,19,HAYIR,HAYIR
2026-08-16 19:33:59.441,0.80,0.75,37,0.0,0.0,-0.050,19.3,19,HAYIR,HAYIR
2026-08-16 19:33:59.461,0.80,0.75,37,0.0,0.0,-0.050,19.3,19,HAYIR,HAYIR
2026-08-16 19:33:59.481,0.80,0.75,37,0.0,0.0,-0.050,19.3,19,HAYIR,HAYIR
2026-08-16 19:33:59.501,0.80,0.75,37,0.0,0.0,-0.050,19.3,19,HAYIR,HAYIR
2026-08-16 19:33:59.521,0.80,0.75,37,0.0,0.0,-0.050,19.3,19,HAYIR,HAYIR
2026-08-16 19:33:59.541,0.80,0.75,37,0.0,0.0,-0.050,19.3,19,HAYIR,HAYIR
2026-08-16 19:33:59.561,0.80,0.75,37,0.0,0.0,-0.050,19.3,19,HAYIR,HAYIR
2026-08-16 19:33:59.581,0.80,0.75,37,0.0,0.0,-0.050,19.3,19,HAYIR,HAYIR
2026-08-16 19:33:59.601,0.80,0.75,37,0.0,0.0,-0.050,19.3,19,HAYIR,HAYIR
2026-08-16 19:33:59.621,0.80,0.75,37,0.0,0.0,-0.050,19.3,19,HAYIR,HAYIR
2026-08-16 19:33:59.641,0.80,0.75,37,0.0,0.0,-0.050,19.3,19,HAYIR,HAYIR
2026-08-16 19:33:59.661,0.80,0.75,37,0.0,0.0,-0.050,19.3,19,HAYIR,HAYIR
2026-08-16 19:33:59.681,0.80,0.75,37,0.0,0.0,-0.050,19.3,19,HAYIR,HAYIR
2026-08-16 19:33:59.701,0.80,0.75,37,0.0,0.0,-0.050,19.3,19,HAYIR,HAYIR
2026-08-16 19:33:59.721,0.80,0.75,37,0.0,0.0,-0.050,19.3,19,HAYIR,HAYIR
2026-08-16 19:33:59.741,0.80,0.75,37,0.0,0.0,-0.050,19.3,19,HAYIR,HAYIR
2026-08-16 19:33:59.761,0.80,0.75,37,0.0,0.0,-0.050,19.3,19,HAYIR,HAYIR
2026-08-16 19:33:59.781,0.80,0.75,37,0.0,0.0,-0.050,19.3,19,HAYIR,HAYIR
2026-08-16 19:33:59.801,0.80,0.75,37,0.0,0.0,-0.050,19.3,19,HAYIR,HAYIR
2026-08-16 19:33:59.821,0.80,0.75,37,0.0,0.0,-0.050,19.3,19,HAYIR,HAYIR
2026-08-16 19:33:59.841,0.80,0.75,37,0.0,0.0,-0.050,19.3,19,HAYIR,HAYIR
2026-08-16 19:33:59.861,0.80,0.75,37,0.0,0.0,-0.050,19.3,19,HAYIR,HAYIR
2026-08-16 19:33:59.881,0.80,0.75,37,0.0,0.0,-0.050,19.3,19,HAYIR,HAYIR
2026-08-16 19:33:59.901,0.80,0.75,37,0.0,0.0,-0.050,19.3,19,HAYIR,HAYIR
2026-08-16 19:33:59.921,0.80,0.75,37,0.0,0.0,-0.050,19.3,19,HAYIR,HAYIR
2026-08-16 19:33:59.941,0.80,0.75,37,0.0,0.0,-0.050,19.3,19,HAYIR,HAYIR
2026-08-16 19:33:59.961,0.80,0.75,37,0.0,0.0,-0.050,19.3,19,HAYIR,HAYIR
2026-08-16 19:33:59.981,0.80,0.75,37,0.0,0.0,-0.050,19.3,19,HAYIR,HAYIR
2026-08-16 19:34:00.001,0.80,0.75,37,0.0,0.0,-0.050,19.3,19,HAYIR,HAYIR
2026-08-16 19:34:00.021,0.80,0.75,37,0.0,0.0,-0.050,19.3,19,HAYIR,HAYIR
2026-08-16 19:34:00.041,0.80,0.75,37,0.0,0.0,-0.050,19.3,19,HAYIR,HAYIR
2026-08-16 19:34:00.061,0.80,0.75,37,0.0,0.0,-0.050,19.3,19,HAYIR,HAYIR
2026-08-16 19:34:00.081,0.80,0.75,37,0.0,0.0,-0.050,19.3,19,HAYIR,HAYIR
2026-08-16 19:34:00.101,0.80,0.75,37,0.0,0.0,-0.050,19.3,19,HAYIR,HAYIR
2026-08-16 19:34:00.121,0.80,0.75,37,0.0,0.0,-0.050,19.3,19,HAYIR,HAYIR
2026-08-16 19:34:00.141,0.80,0.75,37,0.0,0.0,-0.050,19.3,19,HAYIR,HAYIR
2026-08-16 19:34:00.161,0.80,0.75,37,0.0,0.0,-0.050,19.3,19,HAYIR,HAYIR
2026-08-16 19:34:00.181,0.80,0.75,37,0.0,0.0,-0.050,19.3,19,HAYIR,HAYIR
2026-08-16 19:34:00.201,0.80,0.75,37,0.0,0.0,-0.050,19.3,19,HAYIR,HAYIR
2026-08-16 19:34:00.221,0.80,0.75,37,0.0,0.0,-0.050,19.3,19,HAYIR,HAYIR
2026-08-16 19:34:00.241,0.80,0.75,37,0.0,0.0,-0.050,19.3,19,HAYIR,HAYIR
2026-08-16 19:34:00.261,0.80,0.75,37,0.0,0.0,-0.050,19.3,19,HAYIR,HAYIR
2026-08-16 19:34:00.281,0.80,0.75,37,0.0,0.0,-0.050,19.3,19,HAYIR,HAYIR
2026-08-16 19:34:00.301,0.80,0.75,37,0.0,0.0,-0.050,19.3,19,HAYIR,HAYIR
2026-08-16 19:34:00.321,0.80,0.75,37,0.0,0.0,-0.050,19.3,19,HAYIR,HAYIR
2026-08-16 19:34:00.341,0.80,0.75,37,0.0,0.0,-0.050,19.3,19,HAYIR,HAYIR
2026-08-16 19:34:00.361,0.80,0.75,37,0.0,0.0,-0.050,19.3,19,HAYIR,HAYIR
2026-08-16 19:34:00.381,0.80,0.75,37,0.0,0.0,-0.050,19.3,19,HAYIR,HAYIR
2026-08-16 19:34:00.401,0.80,0.75,37,0.0,0.0,-0.050,19.3,19,HAYIR,HAYIR
2026-08-16 19:34:00.421,0.80,0.75,37,0.0,0.0,-0.050,19.3,19,HAYIR,HAYIR
2026-08-16 19:34:00.441,0.80,0.75,37,0.0,0.0,-0.050,19.3,19,HAYIR,HAYIR
2026-08-16 19:34:00.461,0.80,0.75,37,0.0,0.0,-0.050,19.3,19,HAYIR,HAYIR
2026-08-16 19:34:00.481,0.80,0.75,37,0.0,0.0,-0.050,19.3,19,HAYIR,HAYIR
2026-08-16 19:34:00.501,0.80,0.75,37,0.0,0.0,-0.050,19.3,19,HAYIR,HAYIR
2026-08-16 19:34:00.521,0.80,0.75,37,0.0,0.0,-0.050,19.3,19,HAYIR,HAYIR
2026-08-16 19:34:00.541,0.80,0.75,37,0.0,0.0,-0.050,19.3,19,HAYIR,HAYIR
2026-08-16 19:34:00.561,0.80,0.75,37,0.0,0.0,-0.050,19.3,19,HAYIR,HAYIR
2026-08-16 19:34:00.581,0.80,0.75,37,0.0,0.0,-0.050,19.3,19,HAYIR,HAYIR
2026-08-16 19:34:00.601,0.80,0.75,37,0.0,0.0,-0.050,19.3,19,HAYIR,HAYIR
2026-08-16 19:34:00.621,0.80,0.75,37,0.0,0.0,-0.050,19.3,19,HAYIR,HAYIR
2026-08-16 19:34:00.641,0.80,0.75,37,0.0,0.0,-0.050,19.3,19,HAYIR,HAYIR
2026-08-16 19:34:00.661,0.80,0.75,37,0.0,0.0,-0.050,19.3,19,HAYIR,HAYIR
2026-08-16 19:34:00.681,0.80,0.75,37,0.0,0.0,-0.050,19.3,19,HAYIR,HAYIR
2026-08-16 19:34:00.701,0.80,0.75,37,0.0,0.0,-0.050,19.3,19,HAYIR,HAYIR
2026-08-16 19:34:00.721,0.80,0.75,37,0.0,0.0,-0.050,19.3,19,HAYIR,HAYIR
2026-08-16 19:34:00.741,0.80,0.75,37,0.0,0.0,-0.050,19.3,19,HAYIR,HAYIR
2026-08-16 19:34:00.761,0.80,0.75,37,0.0,0.0,-0.050,19.3,19,HAYIR,HAYIR
2026-08-16 19:34:00.781,0.80,0.75,37,0.0,0.0,-0.050,19.3,19,HAYIR,HAYIR
2026-08-16 19:34:00.801,0.80,0.75,37,0.0,0.0,-0.050,19.3,19,HAYIR,HAYIR
2026-08-16 19:34:00.821,0.80,0.75,37,0.0,0.0,-0.050,19.3,19,HAYIR,HAYIR
2026-08-16 19:34:00.841,0.80,0.75,37,0.0,0.0,-0.050,19.3,19,HAYIR,HAYIR
2026-08-16 19:34:00.861,0.80,0.75,37,0.0,0.0,-0.050,19.3,19,HAYIR,HAYIR
2026-08-16 19:34:00.881,0.80,0.75,37,0.0,0.0,-0.050,19.3,19,HAYIR,HAYIR
2026-08-16 19:34:00.901,0.80,0.75,37,0.0,0.0,-0.050,19.3,19,HAYIR,HAYIR
2026-08-16 19:34:00.921,0.80,0.75,37,0.0,0.0,-0.050,19.3,19,HAYIR,HAYIR
2026-08-16 19:34:00.941,0.80,0.75,37,0.0,0.0,-0.050,19.3,19,HAYIR,HAYIR
2026-08-16 19:34:00.961,0.80,0.75,37,0.0,0.0,-0.050,19.3,19,HAYIR,HAYIR
2026-08-16 19:34:00.981,0.80,0.75,37,0.0,0.0,-0.050,19.3,19,HAYIR,HAYIR
2026-08-16 19:34:01.001,0.80,0.75,37,0.0,0.0,-0.050,19.3,19,HAYIR,HAYIR
2026-08-16 19:34:01.021,0.80,0.75,37,0.0,0.0,-0.050,19.3,19,HAYIR,HAYIR
2026-08-16 19:34:01.041,0.80,0.75,37,0.0,0.0,-0.050,19.3,19,HAYIR,HAYIR
2026-08-16 19:34:01.061,0.80,0.75,37,0.0,0.0,-0.050,19.3,19,HAYIR,HAYIR
2026-08-16 19:34:01.081,0.80,0.75,37,0.0,0.0,-0.050,19.3,19,HAYIR,HAYIR
2026-08-16 19:34:01.101,0.80,0.75,37,0.0,0.0,-0.050,19.3,19,HAYIR,HAYIR
2026-08-16 19:34:01.121,0.80,0.75,37,0.0,0.0,-0.050,19.3,19,HAYIR,HAYIR
2026-08-16 19:34:01.141,0.80,0.75,37,0.0,0.0,-0.050,19.3,19,HAYIR,HAYIR
2026-08-16 19:34:01.161,0.80,0.75,37,0.0,0.0,-0.050,19.3,19,HAYIR,HAYIR
2026-08-16 19:34:01.181,0.80,0.75,37,0.0,0.0,-0.050,19.3,19,HAYIR,HAYIR
2026-08-16 19:34:01.201,0.80,0.75,37,0.0,0.0,-0.050,19.3,19,HAYIR,HAYIR
2026-08-16 19:34:01.221,0.80,0.75,37,0.0,0.0,-0.050,19.3,19,HAYIR,HAYIR
2026-08-16 19:34:01.241,0.80,0.75,37,0.0,0.0,-0.050,19.3,19,HAYIR,HAYIR
2026-08-16 19:34:01.261,0.80,0.75,37,0.0,0.0,-0.050,19.3,19,HAYIR,HAYIR
2026-08-16 19:34:01.281,0.80,0.75,37,0.0,0.0,-0.050,19.3,19,HAYIR,HAYIR
2026-08-16 19:34:01.301,0.80,0.75,37,0.0,0.0,-0.050,19.3,19,HAYIR,HAYIR
2026-08-16 19:34:01.321,0.80,0.75,37,0.0,0.0,-0.050,19.3,19,HAYIR,HAYIR
2026-08-16 19:34:01.341,0.80,0.75,37,0.0,0.0,-0.050,19.3,19,HAYIR,HAYIR
2026-08-16 19:34:01.361,0.80,0.75,37,0.0,0.0,-0.050,19.3,19,HAYIR,HAYIR
2026-08-16 19:34:01.381,0.80,0.75,37,0.0,0.0,-0.050,19.3,19,HAYIR,HAYIR
2026-08-16 19:34:01.401,0.80,0.75,37,0.0,0.0,-0.050,19.3,19,HAYIR,HAYIR
2026-08-16 19:34:01.421,0.80,0.75,37,0.0,0.0,-0.050,19.3,19,HAYIR,HAYIR
2026-08-16 19:34:01.441,0.80,0.75,37,0.0,0.0,-0.050,19.3,19,HAYIR,HAYIR
2026-08-16 19:34:01.461,0.80,0.75,37,0.0,0.0,-0.050,19.3,19,HAYIR,HAYIR
2026-08-16 19:34:01.481,0.80,0.75,37,0.0,0.0,-0.050,19.3,19,HAYIR,HAYIR
2026-08-16 19:34:01.501,0.80,0.75,37,0.0,0.0,-0.050,19.3,19,HAYIR,HAYIR
2026-08-16 19:34:01.521,0.80,0.75,37,0.0,0.0,-0.050,19.3,19,HAYIR,HAYIR
2026-08-16 19:34:01.541,0.80,0.75,37,0.0,0.0,-0.050,19.3,19,HAYIR,HAYIR
2026-08-16 19:34:01.561,0.80,0.75,37,0.0,0.0,-0.050,19.3,19,HAYIR,HAYIR
2026-08-16 19:34:01.581,0.80,0.75,37,0.0,0.0,-0.050,19.3,19,HAYIR,HAYIR
2026-08-16 19:34:01.601,0.80,0.75,37,0.0,0.0,-0.050,19.3,19,HAYIR,HAYIR
2026-08-16 19:34:01.622,0.80,0.75,37,0.0,0.0,-0.050,19.3,19,HAYIR,HAYIR
2026-08-16 19:34:01.641,0.80,0.75,37,0.0,0.0,-0.050,19.3,19,HAYIR,HAYIR
2026-08-16 19:34:01.661,0.80,0.75,37,0.0,0.0,-0.050,19.3,19,HAYIR,HAYIR
2026-08-16 19:34:01.681,0.80,0.75,37,0.0,0.0,-0.050,19.3,19,HAYIR,HAYIR
2026-08-16 19:34:01.701,0.80,0.75,37,0.0,0.0,-0.050,19.3,19,HAYIR,HAYIR
2026-08-16 19:34:01.721,0.80,0.75,37,0.0,0.0,-0.050,19.3,19,HAYIR,HAYIR
2026-08-16 19:34:01.741,0.80,0.75,37,0.0,0.0,-0.050,19.3,19,HAYIR,HAYIR
2026-08-16 19:34:01.761,0.80,0.75,37,0.0,0.0,-0.050,19.3,19,HAYIR,HAYIR
2026-08-16 19:34:01.781,0.80,0.75,37,0.0,0.0,-0.050,19.3,19,HAYIR,HAYIR
2026-08-16 19:34:01.801,0.80,0.75,37,0.0,0.0,-0.050,19.3,19,HAYIR,HAYIR
2026-08-16 19:34:01.821,0.80,0.75,37,0.0,0.0,-0.050,19.3,19,HAYIR,HAYIR
2026-08-16 19:34:01.841,0.80,0.75,37,0.0,0.0,-0.050,19.3,19,HAYIR,HAYIR
2026-08-16 19:34:01.861,0.80,0.75,37,0.0,0.0,-0.050,19.3,19,HAYIR,HAYIR
2026-08-16 19:34:01.881,0.80,0.75,37,0.0,0.0,-0.050,19.3,19,HAYIR,HAYIR
2026-08-16 19:34:01.901,0.80,0.75,37,0.0,0.0,-0.050,19.3,19,HAYIR,HAYIR
2026-08-16 19:34:01.921,0.80,0.75,37,0.0,0.0,-0.050,19.3,19,HAYIR,HAYIR
2026-08-16 19:34:01.941,0.80,0.75,37,0.0,0.0,-0.050,19.3,19,HAYIR,HAYIR
2026-08-16 19:34:01.961,0.80,0.75,37,0.0,0.0,-0.050,19.3,19,HAYIR,HAYIR
2026-08-16 19:34:01.981,0.80,0.75,37,0.0,0.0,-0.050,19.3,19,HAYIR,HAYIR
2026-08-16 19:34:02.001,0.80,0.75,37,0.0,0.0,-0.050,19.3,19,HAYIR,HAYIR
2026-08-16 19:34:02.021,0.80,0.75,37,0.0,0.0,-0.050,19.3,19,HAYIR,HAYIR
2026-08-16 19:34:02.041,0.80,0.75,37,0.0,0.0,-0.050,19.3,19,HAYIR,HAYIR
2026-08-16 19:34:02.061,0.80,0.75,37,0.0,0.0,-0.050,19.3,19,HAYIR,HAYIR
2026-08-16 19:34:02.081,0.80,0.75,37,0.0,0.0,-0.050,19.3,19,HAYIR,HAYIR
2026-08-16 19:34:02.101,0.80,0.75,37,0.0,0.0,-0.050,19.3,19,HAYIR,HAYIR
2026-08-16 19:34:02.121,0.80,0.75,37,0.0,0.0,-0.050,19.3,19,HAYIR,HAYIR
2026-08-16 19:34:02.141,0.80,0.75,37,0.0,0.0,-0.050,19.3,19,HAYIR,HAYIR
2026-08-16 19:34:02.161,0.80,0.75,37,0.0,0.0,-0.050,19.3,19,HAYIR,HAYIR
2026-08-16 19:34:02.181,0.80,0.75,37,0.0,0.0,-0.050,19.3,19,HAYIR,HAYIR
2026-08-16 19:34:02.201,0.80,0.75,37,0.0,0.0,-0.050,19.3,19,HAYIR,HAYIR
2026-08-16 19:34:02.221,0.80,0.75,37,0.0,0.0,-0.050,19.3,19,HAYIR,HAYIR
2026-08-16 19:34:02.241,0.80,0.75,37,0.0,0.0,-0.050,19.3,19,HAYIR,HAYIR
2026-08-16 19:34:02.261,0.80,0.75,37,0.0,0.0,-0.050,19.3,19,HAYIR,HAYIR
2026-08-16 19:34:02.281,0.80,0.75,37,0.0,0.0,-0.050,19.3,19,HAYIR,HAYIR
2026-08-16 19:34:02.301,0.80,0.75,37,0.0,0.0,-0.050,19.3,19,HAYIR,HAYIR
2026-08-16 19:34:02.321,0.80,0.75,37,0.0,0.0,-0.050,19.3,19,HAYIR,HAYIR
2026-08-16 19:34:02.341,0.80,0.75,37,0.0,0.0,-0.050,19.3,19,HAYIR,HAYIR
2026-08-16 19:34:02.361,0.80,0.75,37,0.0,0.0,-0.050,19.3,19,HAYIR,HAYIR
2026-08-16 19:34:02.381,0.80,0.75,37,0.0,0.0,-0.050,19.3,19,HAYIR,HAYIR
2026-08-16 19:34:02.401,0.80,0.75,37,0.0,0.0,-0.050,19.3,19,HAYIR,HAYIR
2026-08-16 19:34:02.421,0.80,0.75,37,0.0,0.0,-0.050,19.3,19,HAYIR,HAYIR
2026-08-16 19:34:02.441,0.80,0.75,37,0.0,0.0,-0.050,19.3,19,HAYIR,HAYIR
2026-08-16 19:34:02.461,0.80,0.75,37,0.0,0.0,-0.050,19.3,19,HAYIR,HAYIR
2026-08-16 19:34:02.481,0.80,0.75,37,0.0,0.0,-0.050,19.3,19,HAYIR,HAYIR
2026-08-16 19:34:02.501,0.80,0.75,37,0.0,0.0,-0.050,19.3,19,HAYIR,HAYIR
2026-08-16 19:34:02.521,0.80,0.75,37,0.0,0.0,-0.050,19.3,19,HAYIR,HAYIR
2026-08-16 19:34:02.541,0.80,0.75,37,0.0,0.0,-0.050,19.3,19,HAYIR,HAYIR
2026-08-16 19:34:02.561,0.80,0.75,37,0.0,0.0,-0.050,19.3,19,HAYIR,HAYIR
2026-08-16 19:34:02.581,0.80,0.75,37,0.0,0.0,-0.050,19.3,19,HAYIR,HAYIR
2026-08-16 19:34:02.601,0.80,0.75,37,0.0,0.0,-0.050,19.3,19,HAYIR,HAYIR
2026-08-16 19:34:02.621,0.80,0.75,37,0.0,0.0,-0.050,19.3,19,HAYIR,HAYIR
2026-08-16 19:34:02.641,0.80,0.75,37,0.0,0.0,-0.050,19.3,19,HAYIR,HAYIR
2026-08-16 19:34:02.661,0.80,0.75,37,0.0,0.0,-0.050,19.3,19,HAYIR,HAYIR
2026-08-16 19:34:02.681,0.80,0.75,37,0.0,0.0,-0.050,19.3,19,HAYIR,HAYIR
2026-08-16 19:34:02.701,0.80,0.75,37,0.0,0.0,-0.050,19.3,19,HAYIR,HAYIR
2026-08-16 19:34:02.721,0.80,0.75,37,0.0,0.0,-0.050,19.3,19,HAYIR,HAYIR
2026-08-16 19:34:02.741,0.80,0.75,37,0.0,0.0,-0.050,19.3,19,HAYIR,HAYIR
2026-08-16 19:34:02.761,0.80,0.75,37,0.0,0.0,-0.050,19.3,19,HAYIR,HAYIR
2026-08-16 19:34:02.781,0.80,0.75,37,0.0,0.0,-0.050,19.3,19,HAYIR,HAYIR
2026-08-16 19:34:02.801,0.80,0.75,37,0.0,0.0,-0.050,19.3,19,HAYIR,HAYIR
2026-08-16 19:34:02.821,0.80,0.75,37,0.0,0.0,-0.050,19.3,19,HAYIR,HAYIR
2026-08-16 19:34:02.841,0.80,0.75,37,0.0,0.0,-0.050,19.3,19,HAYIR,HAYIR
2026-08-16 19:34:02.861,0.80,0.75,37,0.0,0.0,-0.050,19.3,19,HAYIR,HAYIR
2026-08-16 19:34:02.881,0.80,0.75,37,0.0,0.0,-0.050,19.3,19,HAYIR,HAYIR
2026-08-16 19:34:02.901,0.80,0.75,37,0.0,0.0,-0.050,19.3,19,HAYIR,HAYIR
2026-08-16 19:34:02.921,0.80,0.75,37,0.0,0.0,-0.050,19.3,19,HAYIR,HAYIR
2026-08-16 19:34:02.941,0.80,0.75,37,0.0,0.0,-0.050,19.3,19,HAYIR,HAYIR
2026-08-16 19:34:02.961,0.80,0.75,37,0.0,0.0,-0.050,19.3,19,HAYIR,HAYIR
2026-08-16 19:34:02.981,0.80,0.75,37,0.0,0.0,-0.050,19.3,19,HAYIR,HAYIR
2026-08-16 19:34:03.001,0.80,0.75,37,0.0,0.0,-0.050,19.3,19,HAYIR,HAYIR
2026-08-16 19:34:03.021,0.80,0.75,37,0.0,0.0,-0.050,19.3,19,HAYIR,HAYIR
2026-08-16 19:34:03.041,0.80,0.75,37,0.0,0.0,-0.050,19.3,19,HAYIR,HAYIR
2026-08-16 19:34:03.061,0.80,0.75,37,0.0,0.0,-0.050,19.3,19,HAYIR,HAYIR
2026-08-16 19:34:03.081,0.80,0.75,37,0.0,0.0,-0.050,19.3,19,HAYIR,HAYIR
2026-08-16 19:34:03.101,0.80,0.75,37,0.0,0.0,-0.050,19.3,19,HAYIR,HAYIR
2026-08-16 19:34:03.121,0.80,0.75,37,0.0,0.0,-0.050,19.3,19,HAYIR,HAYIR
2026-08-16 19:34:03.141,0.80,0.75,37,0.0,0.0,-0.050,19.3,19,HAYIR,HAYIR
2026-08-16 19:34:03.161,0.80,0.75,37,0.0,0.0,-0.050,19.3,19,HAYIR,HAYIR
2026-08-16 19:34:03.181,0.80,0.75,37,0.0,0.0,-0.050,19.3,19,HAYIR,HAYIR
2026-08-16 19:34:03.201,0.80,0.75,37,0.0,0.0,-0.050,19.3,19,HAYIR,HAYIR
2026-08-16 19:34:03.221,0.80,0.75,37,0.0,0.0,-0.050,19.3,19,HAYIR,HAYIR
2026-08-16 19:34:03.241,0.80,0.75,37,0.0,0.0,-0.050,19.3,19,HAYIR,HAYIR
2026-08-16 19:34:03.261,0.80,0.75,37,0.0,0.0,-0.050,19.3,19,HAYIR,HAYIR
2026-08-16 19:34:03.281,0.80,0.75,37,0.0,0.0,-0.050,19.3,19,HAYIR,HAYIR
2026-08-16 19:34:03.301,0.80,0.75,37,0.0,0.0,-0.050,19.3,19,HAYIR,HAYIR
2026-08-16 19:34:03.321,0.80,0.75,37,0.0,0.0,-0.050,19.3,19,HAYIR,HAYIR
2026-08-16 19:34:03.341,0.80,0.75,37,0.0,0.0,-0.050,19.3,19,HAYIR,HAYIR
2026-08-16 19:34:03.361,0.80,0.75,37,0.0,0.0,-0.050,19.3,19,HAYIR,HAYIR
2026-08-16 19:34:03.381,0.80,0.75,37,0.0,0.0,-0.050,19.3,19,HAYIR,HAYIR
2026-08-16 19:34:03.401,0.80,0.75,37,0.0,0.0,-0.050,19.3,19,HAYIR,HAYIR
2026-08-16 19:34:03.421,0.80,0.75,37,0.0,0.0,-0.050,19.3,19,HAYIR,HAYIR
2026-08-16 19:34:03.441,0.80,0.75,37,0.0,0.0,-0.050,19.3,19,HAYIR,HAYIR
2026-08-16 19:34:03.461,0.80,0.75,37,0.0,0.0,-0.050,19.3,19,HAYIR,HAYIR
2026-08-16 19:34:03.481,0.80,0.75,37,0.0,0.0,-0.050,19.3,19,HAYIR,HAYIR
2026-08-16 19:34:03.501,0.80,0.75,37,0.0,0.0,-0.050,19.3,19,HAYIR,HAYIR
2026-08-16 19:34:03.521,0.80,0.75,37,0.0,0.0,-0.050,19.3,19,HAYIR,HAYIR
2026-08-16 19:34:03.541,0.80,0.75,37,0.0,0.0,-0.050,19.3,19,HAYIR,HAYIR
2026-08-16 19:34:03.561,0.80,0.75,37,0.0,0.0,-0.050,19.3,19,HAYIR,HAYIR
2026-08-16 19:34:03.581,0.80,0.75,37,0.0,0.0,-0.050,19.3,19,HAYIR,HAYIR
2026-08-16 19:34:03.601,0.80,0.75,37,0.0,0.0,-0.050,19.3,19,HAYIR,HAYIR
2026-08-16 19:34:03.621,0.80,0.75,37,0.0,0.0,-0.050,19.3,19,HAYIR,HAYIR
2026-08-16 19:34:03.641,0.80,0.75,37,0.0,0.0,-0.050,19.3,19,HAYIR,HAYIR
2026-08-16 19:34:03.661,0.80,0.75,37,0.0,0.0,-0.050,19.3,19,HAYIR,HAYIR
2026-08-16 19:34:03.681,0.80,0.75,37,0.0,0.0,-0.050,19.3,19,HAYIR,HAYIR
2026-08-16 19:34:03.701,0.80,0.75,37,0.0,0.0,-0.050,19.3,19,HAYIR,HAYIR
2026-08-16 19:34:03.721,0.80,0.75,37,0.0,0.0,-0.050,19.3,19,HAYIR,HAYIR
2026-08-16 19:34:03.741,0.80,0.75,37,0.0,0.0,-0.050,19.3,19,HAYIR,HAYIR
2026-08-16 19:34:03.761,0.80,0.75,37,0.0,0.0,-0.050,19.3,19,HAYIR,HAYIR
2026-08-16 19:34:03.781,0.80,0.75,37,0.0,0.0,-0.050,19.3,19,HAYIR,HAYIR
2026-08-16 19:34:03.801,0.80,0.75,37,0.0,0.0,-0.050,19.3,19,HAYIR,HAYIR
2026-08-16 19:34:03.821,0.80,0.75,37,0.0,0.0,-0.050,19.3,19,HAYIR,HAYIR
2026-08-16 19:34:03.841,0.80,0.75,37,0.0,0.0,-0.050,19.3,19,HAYIR,HAYIR
2026-08-16 19:34:03.861,0.80,0.75,37,0.0,0.0,-0.050,19.3,19,HAYIR,HAYIR
2026-08-16 19:34:03.881,0.80,0.75,37,0.0,0.0,-0.050,19.3,19,HAYIR,HAYIR
2026-08-16 19:34:03.901,0.80,0.75,37,0.0,0.0,-0.050,19.3,19,HAYIR,HAYIR
2026-08-16 19:34:03.921,0.80,0.75,37,0.0,0.0,-0.050,19.3,19,HAYIR,HAYIR
2026-08-16 19:34:03.941,0.80,0.75,37,0.0,0.0,-0.050,19.3,19,HAYIR,HAYIR
2026-08-16 19:34:03.961,0.80,0.75,37,0.0,0.0,-0.050,19.3,19,HAYIR,HAYIR
2026-08-16 19:34:03.981,0.80,0.75,37,0.0,0.0,-0.050,19.3,19,HAYIR,HAYIR
2026-08-16 19:34:04.001,0.80,0.75,37,0.0,0.0,-0.050,19.3,19,HAYIR,HAYIR
2026-08-16 19:34:04.021,0.80,0.75,37,0.0,0.0,-0.050,19.3,19,HAYIR,HAYIR
2026-08-16 19:34:04.041,0.80,0.75,37,0.0,0.0,-0.050,19.3,19,HAYIR,HAYIR
2026-08-16 19:34:04.061,0.80,0.75,37,0.0,0.0,-0.050,19.3,19,HAYIR,HAYIR
2026-08-16 19:34:04.081,0.80,0.75,37,0.0,0.0,-0.050,19.3,19,HAYIR,HAYIR
2026-08-16 19:34:04.101,0.80,0.75,37,0.0,0.0,-0.050,19.3,19,HAYIR,HAYIR
2026-08-16 19:34:04.121,0.80,0.75,37,0.0,0.0,-0.050,19.3,19,HAYIR,HAYIR
2026-08-16 19:34:04.141,0.80,0.75,37,0.0,0.0,-0.050,19.3,19,HAYIR,HAYIR
2026-08-16 19:34:04.161,0.80,0.75,37,0.0,0.0,-0.050,19.3,19,HAYIR,HAYIR
2026-08-16 19:34:04.181,0.80,0.75,37,0.0,0.0,-0.050,19.3,19,HAYIR,HAYIR
2026-08-16 19:34:04.201,0.80,0.75,37,0.0,0.0,-0.050,19.3,19,HAYIR,HAYIR
2026-08-16 19:34:04.221,0.80,0.75,37,0.0,0.0,-0.050,19.3,19,HAYIR,HAYIR
2026-08-16 19:34:04.241,0.80,0.75,37,0.0,0.0,-0.050,19.3,19,HAYIR,HAYIR
2026-08-16 19:34:04.261,0.80,0.75,37,0.0,0.0,-0.050,19.3,19,HAYIR,HAYIR
2026-08-16 19:34:04.281,0.80,0.75,37,0.0,0.0,-0.050,19.3,19,HAYIR,HAYIR
2026-08-16 19:34:04.301,0.80,0.75,37,0.0,0.0,-0.050,19.3,19,HAYIR,HAYIR
2026-08-16 19:34:04.321,0.80,0.75,37,0.0,0.0,-0.050,19.3,19,HAYIR,HAYIR
2026-08-16 19:34:04.341,0.80,0.75,37,0.0,0.0,-0.050,19.3,19,HAYIR,HAYIR
2026-08-16 19:34:04.361,0.80,0.75,37,0.0,0.0,-0.050,19.3,19,HAYIR,HAYIR
2026-08-16 19:34:04.381,0.80,0.75,37,0.0,0.0,-0.050,19.3,19,HAYIR,HAYIR
2026-08-16 19:34:04.401,0.80,0.75,37,0.0,0.0,-0.050,19.3,19,HAYIR,HAYIR
2026-08-16 19:34:04.421,0.80,0.75,37,0.0,0.0,-0.050,19.3,19,HAYIR,HAYIR
2026-08-16 19:34:04.441,0.80,0.75,37,0.0,0.0,-0.050,19.3,19,HAYIR,HAYIR
2026-08-16 19:34:04.461,0.80,0.75,37,0.0,0.0,-0.050,19.3,19,HAYIR,HAYIR
2026-08-16 19:34:04.481,0.80,0.75,37,0.0,0.0,-0.050,19.3,19,HAYIR,HAYIR
2026-08-16 19:34:04.501,0.80,0.75,37,0.0,0.0,-0.050,19.3,19,HAYIR,HAYIR
2026-08-16 19:34:04.521,0.80,0.75,37,0.0,0.0,-0.050,19.3,19,HAYIR,HAYIR
2026-08-16 19:34:04.541,0.80,0.75,37,0.0,0.0,-0.050,19.3,19,HAYIR,HAYIR
2026-08-16 19:34:04.561,0.80,0.75,37,0.0,0.0,-0.050,19.3,19,HAYIR,HAYIR
2026-08-16 19:34:04.581,0.80,0.75,37,0.0,0.0,-0.050,19.3,19,HAYIR,HAYIR
2026-08-16 19:34:04.601,0.80,0.75,37,0.0,0.0,-0.050,19.3,19,HAYIR,HAYIR
2026-08-16 19:34:04.621,0.80,0.75,37,0.0,0.0,-0.050,19.3,19,HAYIR,HAYIR
2026-08-16 19:34:04.641,0.80,0.75,37,0.0,0.0,-0.050,19.3,19,HAYIR,HAYIR
2026-08-16 19:34:04.661,0.80,0.75,37,0.0,0.0,-0.050,19.3,19,HAYIR,HAYIR
2026-08-16 19:34:04.681,0.80,0.75,37,0.0,0.0,-0.050,19.3,19,HAYIR,HAYIR
2026-08-16 19:34:04.701,0.80,0.75,37,0.0,0.0,-0.050,19.3,19,HAYIR,HAYIR
2026-08-16 19:34:04.721,0.80,0.75,37,0.0,0.0,-0.050,19.3,19,HAYIR,HAYIR
2026-08-16 19:34:04.741,0.80,0.75,37,0.0,0.0,-0.050,19.3,19,HAYIR,HAYIR
2026-08-16 19:34:04.761,0.80,0.75,37,0.0,0.0,-0.050,19.3,19,HAYIR,HAYIR
2026-08-16 19:34:04.781,0.80,0.75,37,0.0,0.0,-0.050,19.3,19,HAYIR,HAYIR
2026-08-16 19:34:04.801,0.80,0.75,37,0.0,0.0,-0.050,19.3,19,HAYIR,HAYIR
2026-08-16 19:34:04.821,0.80,0.75,37,0.0,0.0,-0.050,19.3,19,HAYIR,HAYIR
2026-08-16 19:34:04.841,0.80,0.75,37,0.0,0.0,-0.050,19.3,19,HAYIR,HAYIR
2026-08-16 19:34:04.861,0.80,0.75,37,0.0,0.0,-0.050,19.3,19,HAYIR,HAYIR
2026-08-16 19:34:04.881,0.80,0.75,37,0.0,0.0,-0.050,19.3,19,HAYIR,HAYIR
2026-08-16 19:34:04.901,0.80,0.75,37,0.0,0.0,-0.050,19.3,19,HAYIR,HAYIR
2026-08-16 19:34:04.921,0.80,0.75,37,0.0,0.0,-0.050,19.3,19,HAYIR,HAYIR
2026-08-16 19:34:04.941,0.80,0.75,37,0.0,0.0,-0.050,19.3,19,HAYIR,HAYIR
2026-08-16 19:34:04.961,0.80,0.75,37,0.0,0.0,-0.050,19.3,19,HAYIR,HAYIR
2026-08-16 19:34:04.981,0.80,0.75,37,0.0,0.0,-0.050,19.3,19,HAYIR,HAYIR
2026-08-16 19:34:05.001,0.80,0.75,37,0.0,0.0,-0.050,19.3,19,HAYIR,HAYIR
2026-08-16 19:34:05.021,0.80,0.75,37,0.0,0.0,-0.050,19.3,19,HAYIR,HAYIR
2026-08-16 19:34:05.041,0.80,0.75,37,0.0,0.0,-0.050,19.3,19,HAYIR,HAYIR
2026-08-16 19:34:05.061,0.80,0.75,37,0.0,0.0,-0.050,19.3,19,HAYIR,HAYIR
2026-08-16 19:34:05.081,0.80,0.75,37,0.0,0.0,-0.050,19.3,19,HAYIR,HAYIR
2026-08-16 19:34:05.101,0.80,0.75,37,0.0,0.0,-0.050,19.3,19,HAYIR,HAYIR
2026-08-16 19:34:05.121,0.80,0.75,37,0.0,0.0,-0.050,19.3,19,HAYIR,HAYIR
2026-08-16 19:34:05.141,0.80,0.75,37,0.0,0.0,-0.050,19.3,19,HAYIR,HAYIR
2026-08-16 19:34:05.161,0.80,0.75,37,0.0,0.0,-0.050,19.3,19,HAYIR,HAYIR
2026-08-16 19:34:05.181,0.80,0.75,37,0.0,0.0,-0.050,19.3,19,HAYIR,HAYIR
2026-08-16 19:34:05.201,0.80,0.75,37,0.0,0.0,-0.050,19.3,19,HAYIR,HAYIR
2026-08-16 19:34:05.221,0.80,0.75,37,0.0,0.0,-0.050,19.3,19,HAYIR,HAYIR
2026-08-16 19:34:05.241,0.80,0.75,37,0.0,0.0,-0.050,19.3,19,HAYIR,HAYIR
2026-08-16 19:34:05.261,0.80,0.75,37,0.0,0.0,-0.050,19.3,19,HAYIR,HAYIR
2026-08-16 19:34:05.281,0.80,0.75,37,0.0,0.0,-0.050,19.3,19,HAYIR,HAYIR
2026-08-16 19:34:05.301,0.80,0.75,37,0.0,0.0,-0.050,19.3,19,HAYIR,HAYIR
2026-08-16 19:34:05.321,0.80,0.75,37,0.0,0.0,-0.050,19.3,19,HAYIR,HAYIR
2026-08-16 19:34:05.341,0.80,0.75,37,0.0,0.0,-0.050,19.3,19,HAYIR,HAYIR
2026-08-16 19:34:05.361,0.80,0.75,37,0.0,0.0,-0.050,19.3,19,HAYIR,HAYIR
2026-08-16 19:34:05.381,0.80,0.75,37,0.0,0.0,-0.050,19.3,19,HAYIR,HAYIR
2026-08-16 19:34:05.401,0.80,0.75,37,0.0,0.0,-0.050,19.3,19,HAYIR,HAYIR
2026-08-16 19:34:05.421,0.80,0.75,37,0.0,0.0,-0.050,19.3,19,HAYIR,HAYIR
2026-08-16 19:34:05.441,0.80,0.75,37,0.0,0.0,-0.050,19.3,19,HAYIR,HAYIR
2026-08-16 19:34:05.461,0.80,0.75,37,0.0,0.0,-0.050,19.3,19,HAYIR,HAYIR
2026-08-16 19:34:05.481,0.80,0.75,37,0.0,0.0,-0.050,19.3,19,HAYIR,HAYIR
2026-08-16 19:34:05.501,0.80,0.75,37,0.0,0.0,-0.050,19.3,19,HAYIR,HAYIR
2026-08-16 19:34:05.521,0.80,0.75,37,0.0,0.0,-0.050,19.3,19,HAYIR,HAYIR
2026-08-16 19:34:05.541,0.80,0.75,37,0.0,0.0,-0.050,19.3,19,HAYIR,HAYIR
2026-08-16 19:34:05.561,0.80,0.75,37,0.0,0.0,-0.050,19.3,19,HAYIR,HAYIR
2026-08-16 19:34:05.581,0.80,0.75,37,0.0,0.0,-0.050,19.3,19,HAYIR,HAYIR
2026-08-16 19:34:05.601,0.80,0.75,37,0.0,0.0,-0.050,19.3,19,HAYIR,HAYIR
2026-08-16 19:34:05.621,0.80,0.75,37,0.0,0.0,-0.050,19.3,19,HAYIR,HAYIR
2026-08-16 19:34:05.641,0.80,0.75,37,0.0,0.0,-0.050,19.3,19,HAYIR,HAYIR
2026-08-16 19:34:05.661,0.80,0.75,37,0.0,0.0,-0.050,19.3,19,HAYIR,HAYIR
2026-08-16 19:34:05.681,0.80,0.75,37,0.0,0.0,-0.050,19.3,19,HAYIR,HAYIR
2026-08-16 19:34:05.701,0.80,0.75,37,0.0,0.0,-0.050,19.3,19,HAYIR,HAYIR
2026-08-16 19:34:05.721,0.80,0.75,37,0.0,0.0,-0.050,19.3,19,HAYIR,HAYIR
2026-08-16 19:34:05.741,0.80,0.75,37,0.0,0.0,-0.050,19.3,19,HAYIR,HAYIR
2026-08-16 19:34:05.761,0.80,0.75,37,0.0,0.0,-0.050,19.3,19,HAYIR,HAYIR
2026-08-16 19:34:05.781,0.80,0.75,37,0.0,0.0,-0.050,19.3,19,HAYIR,HAYIR
2026-08-16 19:34:05.801,0.80,0.75,37,0.0,0.0,-0.050,19.3,19,HAYIR,HAYIR
2026-08-16 19:34:05.821,0.80,0.75,37,0.0,0.0,-0.050,19.3,19,HAYIR,HAYIR
2026-08-16 19:34:05.841,0.80,0.75,37,0.0,0.0,-0.050,19.3,19,HAYIR,HAYIR
2026-08-16 19:34:05.861,0.80,0.75,37,0.0,0.0,-0.050,19.3,19,HAYIR,HAYIR
2026-08-16 19:34:05.881,0.80,0.75,37,0.0,0.0,-0.050,19.3,19,HAYIR,HAYIR
2026-08-16 19:34:05.901,0.80,0.75,37,0.0,0.0,-0.050,19.3,19,HAYIR,HAYIR
2026-08-16 19:34:05.921,0.80,0.75,37,0.0,0.0,-0.050,19.3,19,HAYIR,HAYIR
2026-08-16 19:34:05.941,0.80,0.75,37,0.0,0.0,-0.050,19.3,19,HAYIR,HAYIR
2026-08-16 19:34:05.961,0.80,0.75,37,0.0,0.0,-0.050,19.3,19,HAYIR,HAYIR
2026-08-16 19:34:05.981,0.80,0.75,37,0.0,0.0,-0.050,19.3,19,HAYIR,HAYIR
2026-08-16 19:34:06.001,0.80,0.75,37,0.0,0.0,-0.050,19.3,19,HAYIR,HAYIR
2026-08-16 19:34:06.021,0.80,0.75,37,0.0,0.0,-0.050,19.3,19,HAYIR,HAYIR
2026-08-16 19:34:06.041,0.80,0.75,37,0.0,0.0,-0.050,19.3,19,HAYIR,HAYIR
2026-08-16 19:34:06.061,0.80,0.75,37,0.0,0.0,-0.050,19.3,19,HAYIR,HAYIR
2026-08-16 19:34:06.081,0.80,0.75,37,0.0,0.0,-0.050,19.3,19,HAYIR,HAYIR
2026-08-16 19:34:06.101,0.80,0.75,37,0.0,0.0,-0.050,19.3,19,HAYIR,HAYIR
2026-08-16 19:34:06.121,0.80,0.75,37,0.0,0.0,-0.050,19.3,19,HAYIR,HAYIR
2026-08-16 19:34:06.141,0.80,0.75,37,0.0,0.0,-0.050,19.3,19,HAYIR,HAYIR
2026-08-16 19:34:06.161,0.80,0.75,37,0.0,0.0,-0.050,19.3,19,HAYIR,HAYIR
2026-08-16 19:34:06.181,0.80,0.75,37,0.0,0.0,-0.050,19.3,19,HAYIR,HAYIR
2026-08-16 19:34:06.201,0.80,0.75,37,0.0,0.0,-0.050,19.3,19,HAYIR,HAYIR
2026-08-16 19:34:06.221,0.80,0.75,37,0.0,0.0,-0.050,19.3,19,HAYIR,HAYIR
2026-08-16 19:34:06.241,0.80,0.75,37,0.0,0.0,-0.050,19.3,19,HAYIR,HAYIR
2026-08-16 19:34:06.261,0.80,0.75,37,0.0,0.0,-0.050,19.3,19,HAYIR,HAYIR
2026-08-16 19:34:06.281,0.80,0.75,37,0.0,0.0,-0.050,19.3,19,HAYIR,HAYIR
2026-08-16 19:34:06.301,0.80,0.75,37,0.0,0.0,-0.050,19.3,19,HAYIR,HAYIR
2026-08-16 19:34:06.321,0.80,0.75,37,0.0,0.0,-0.050,19.3,19,HAYIR,HAYIR
2026-08-16 19:34:06.341,0.80,0.75,37,0.0,0.0,-0.050,19.3,19,HAYIR,HAYIR
2026-08-16 19:34:06.361,0.80,0.75,37,0.0,0.0,-0.050,19.3,19,HAYIR,HAYIR
2026-08-16 19:34:06.381,0.80,0.75,37,0.0,0.0,-0.050,19.3,19,HAYIR,HAYIR
2026-08-16 19:34:06.401,0.80,0.75,37,0.0,0.0,-0.050,19.3,19,HAYIR,HAYIR
2026-08-16 19:34:06.421,0.80,0.75,37,0.0,0.0,-0.050,19.3,19,HAYIR,HAYIR
2026-08-16 19:34:06.441,0.80,0.75,37,0.0,0.0,-0.050,19.3,19,HAYIR,HAYIR
2026-08-16 19:34:06.461,0.80,0.75,37,0.0,0.0,-0.050,19.3,19,HAYIR,HAYIR
2026-08-16 19:34:06.481,0.80,0.75,37,0.0,0.0,-0.050,19.3,19,HAYIR,HAYIR
2026-08-16 19:34:06.501,0.80,0.75,37,0.0,0.0,-0.050,19.3,19,HAYIR,HAYIR
2026-08-16 19:34:06.521,0.80,0.75,37,0.0,0.0,-0.050,19.3,19,HAYIR,HAYIR
2026-08-16 19:34:06.541,0.80,0.75,37,0.0,0.0,-0.050,19.3,19,HAYIR,HAYIR
2026-08-16 19:34:06.561,0.80,0.75,37,0.0,0.0,-0.050,19.3,19,HAYIR,HAYIR
2026-08-16 19:34:06.581,0.80,0.75,37,0.0,0.0,-0.050,19.3,19,HAYIR,HAYIR
2026-08-16 19:34:06.601,0.80,0.75,37,0.0,0.0,-0.050,19.3,19,HAYIR,HAYIR
2026-08-16 19:34:06.621,0.80,0.75,37,0.0,0.0,-0.050,19.3,19,HAYIR,HAYIR
2026-08-16 19:34:06.641,0.80,0.75,37,0.0,0.0,-0.050,19.3,19,HAYIR,HAYIR
2026-08-16 19:34:06.661,0.80,0.75,37,0.0,0.0,-0.050,19.3,19,HAYIR,HAYIR
2026-08-16 19:34:06.681,0.80,0.75,37,0.0,0.0,-0.050,19.3,19,HAYIR,HAYIR
2026-08-16 19:34:06.701,0.80,0.75,37,0.0,0.0,-0.050,19.3,19,HAYIR,HAYIR
2026-08-16 19:34:06.721,0.80,0.75,37,0.0,0.0,-0.050,19.3,19,HAYIR,HAYIR
2026-08-16 19:34:06.741,0.80,0.75,37,0.0,0.0,-0.050,19.3,19,HAYIR,HAYIR
2026-08-16 19:34:06.761,0.80,0.75,37,0.0,0.0,-0.050,19.3,19,HAYIR,HAYIR
2026-08-16 19:34:06.781,0.80,0.75,37,0.0,0.0,-0.050,19.3,19,HAYIR,HAYIR
2026-08-16 19:34:06.801,0.80,0.75,37,0.0,0.0,-0.050,19.3,19,HAYIR,HAYIR
2026-08-16 19:34:06.821,0.80,0.75,37,0.0,0.0,-0.050,19.3,19,HAYIR,HAYIR
2026-08-16 19:34:06.841,0.80,0.75,37,0.0,0.0,-0.050,19.3,19,HAYIR,HAYIR
2026-08-16 19:34:06.861,0.80,0.75,37,0.0,0.0,-0.050,19.3,19,HAYIR,HAYIR
2026-08-16 19:34:06.881,0.80,0.75,37,0.0,0.0,-0.050,19.3,19,HAYIR,HAYIR
2026-08-16 19:34:06.901,0.80,0.75,37,0.0,0.0,-0.050,19.3,19,HAYIR,HAYIR
2026-08-16 19:34:06.921,0.80,0.75,37,0.0,0.0,-0.050,19.3,19,HAYIR,HAYIR
2026-08-16 19:34:06.941,0.80,0.75,37,0.0,0.0,-0.050,19.3,19,HAYIR,HAYIR
2026-08-16 19:34:06.961,0.80,0.75,37,0.0,0.0,-0.050,19.3,19,HAYIR,HAYIR
2026-08-16 19:34:06.981,0.80,0.75,37,0.0,0.0,-0.050,19.3,19,HAYIR,HAYIR
2026-08-16 19:34:07.001,0.80,0.75,37,0.0,0.0,-0.050,19.3,19,HAYIR,HAYIR
2026-08-16 19:34:07.021,0.80,0.75,37,0.0,0.0,-0.050,19.3,19,HAYIR,HAYIR
2026-08-16 19:34:07.041,0.80,0.75,37,0.0,0.0,-0.050,19.3,19,HAYIR,HAYIR
2026-08-16 19:34:07.061,0.80,0.75,37,0.0,0.0,-0.050,19.3,19,HAYIR,HAYIR
2026-08-16 19:34:07.081,0.80,0.75,37,0.0,0.0,-0.050,19.3,19,HAYIR,HAYIR
2026-08-16 19:34:07.101,0.80,0.75,37,0.0,0.0,-0.050,19.3,19,HAYIR,HAYIR
2026-08-16 19:34:07.121,0.80,0.75,37,0.0,0.0,-0.050,19.3,19,HAYIR,HAYIR
2026-08-16 19:34:07.141,0.80,0.75,37,0.0,0.0,-0.050,19.3,19,HAYIR,HAYIR
2026-08-16 19:34:07.161,0.80,0.75,37,0.0,0.0,-0.050,19.3,19,HAYIR,HAYIR
2026-08-16 19:34:07.181,0.80,0.75,37,0.0,0.0,-0.050,19.3,19,HAYIR,HAYIR
2026-08-16 19:34:07.201,0.80,0.75,37,0.0,0.0,-0.050,19.3,19,HAYIR,HAYIR
2026-08-16 19:34:07.221,0.80,0.75,37,0.0,0.0,-0.050,19.3,19,HAYIR,HAYIR
2026-08-16 19:34:07.241,0.80,0.75,37,0.0,0.0,-0.050,19.3,19,HAYIR,HAYIR
2026-08-16 19:34:07.261,0.80,0.75,37,0.0,0.0,-0.050,19.3,19,HAYIR,HAYIR
2026-08-16 19:34:07.281,0.80,0.75,37,0.0,0.0,-0.050,19.3,19,HAYIR,HAYIR
2026-08-16 19:34:07.301,0.80,0.75,37,0.0,0.0,-0.050,19.3,19,HAYIR,HAYIR
2026-08-16 19:34:07.321,0.80,0.75,37,0.0,0.0,-0.050,19.3,19,HAYIR,HAYIR
2026-08-16 19:34:07.341,0.80,0.75,37,0.0,0.0,-0.050,19.3,19,HAYIR,HAYIR
2026-08-16 19:34:07.361,0.80,0.75,37,0.0,0.0,-0.050,19.3,19,HAYIR,HAYIR
2026-08-16 19:34:07.381,0.80,0.75,37,0.0,0.0,-0.050,19.3,19,HAYIR,HAYIR
2026-08-16 19:34:07.401,0.80,0.75,37,0.0,0.0,-0.050,19.3,19,HAYIR,HAYIR
2026-08-16 19:34:07.421,0.80,0.75,37,0.0,0.0,-0.050,19.3,19,HAYIR,HAYIR
2026-08-16 19:34:07.441,0.80,0.75,37,0.0,0.0,-0.050,19.3,19,HAYIR,HAYIR
2026-08-16 19:34:07.461,0.80,0.75,37,0.0,0.0,-0.050,19.3,19,HAYIR,HAYIR
2026-08-16 19:34:07.481,0.80,0.75,37,0.0,0.0,-0.050,19.3,19,HAYIR,HAYIR
2026-08-16 19:34:07.501,0.80,0.75,37,0.0,0.0,-0.050,19.3,19,HAYIR,HAYIR
2026-08-16 19:34:07.521,0.80,0.75,37,0.0,0.0,-0.050,19.3,19,HAYIR,HAYIR
2026-08-16 19:34:07.541,0.80,0.75,37,0.0,0.0,-0.050,19.3,19,HAYIR,HAYIR
2026-08-16 19:34:07.561,0.80,0.75,37,0.0,0.0,-0.050,19.3,19,HAYIR,HAYIR
2026-08-16 19:34:07.581,0.80,0.75,37,0.0,0.0,-0.050,19.3,19,HAYIR,HAYIR
2026-08-16 19:34:07.601,0.80,0.75,37,0.0,0.0,-0.050,19.3,19,HAYIR,HAYIR
2026-08-16 19:34:07.621,0.80,0.75,37,0.0,0.0,-0.050,19.3,19,HAYIR,HAYIR
2026-08-16 19:34:07.641,0.80,0.75,37,0.0,0.0,-0.050,19.3,19,HAYIR,HAYIR
2026-08-16 19:34:07.661,0.80,0.75,37,0.0,0.0,-0.050,19.3,19,HAYIR,HAYIR
2026-08-16 19:34:07.681,0.80,0.75,37,0.0,0.0,-0.050,19.3,19,HAYIR,HAYIR
2026-08-16 19:34:07.701,0.80,0.75,37,0.0,0.0,-0.050,19.3,19,HAYIR,HAYIR
2026-08-16 19:34:07.721,0.80,0.75,37,0.0,0.0,-0.050,19.3,19,HAYIR,HAYIR
2026-08-16 19:34:07.741,0.80,0.75,37,0.0,0.0,-0.050,19.3,19,HAYIR,HAYIR
2026-08-16 19:34:07.761,0.80,0.75,37,0.0,0.0,-0.050,19.3,19,HAYIR,HAYIR
2026-08-16 19:34:07.781,0.80,0.75,37,0.0,0.0,-0.050,19.3,19,HAYIR,HAYIR
2026-08-16 19:34:07.801,0.80,0.75,37,0.0,0.0,-0.050,19.3,19,HAYIR,HAYIR
2026-08-16 19:34:07.821,0.80,0.75,37,0.0,0.0,-0.050,19.3,19,HAYIR,HAYIR
2026-08-16 19:34:07.841,0.80,0.75,37,0.0,0.0,-0.050,19.3,19,HAYIR,HAYIR
2026-08-16 19:34:07.861,0.80,0.75,37,0.0,0.0,-0.050,19.3,19,HAYIR,HAYIR
2026-08-16 19:34:07.881,0.80,0.75,37,0.0,0.0,-0.050,19.3,19,HAYIR,HAYIR
2026-08-16 19:34:07.901,0.80,0.75,37,0.0,0.0,-0.050,19.3,19,HAYIR,HAYIR
2026-08-16 19:34:07.921,0.80,0.75,37,0.0,0.0,-0.050,19.3,19,HAYIR,HAYIR
2026-08-16 19:34:07.941,0.80,0.75,37,0.0,0.0,-0.050,19.3,19,HAYIR,HAYIR
2026-08-16 19:34:07.961,0.80,0.75,37,0.0,0.0,-0.050,19.3,19,HAYIR,HAYIR
2026-08-16 19:34:07.981,0.80,0.75,37,0.0,0.0,-0.050,19.3,19,HAYIR,HAYIR
2026-08-16 19:34:08.001,0.80,0.75,37,0.0,0.0,-0.050,19.3,19,HAYIR,HAYIR
2026-08-16 19:34:08.021,0.80,0.75,37,0.0,0.0,-0.050,19.3,19,HAYIR,HAYIR
2026-08-16 19:34:08.041,0.80,0.75,37,0.0,0.0,-0.050,19.3,19,HAYIR,HAYIR
2026-08-16 19:34:08.061,0.80,0.75,37,0.0,0.0,-0.050,19.3,19,HAYIR,HAYIR
2026-08-16 19:34:08.081,0.80,0.75,37,0.0,0.0,-0.050,19.3,19,HAYIR,HAYIR
2026-08-16 19:34:08.101,0.80,0.75,37,0.0,0.0,-0.050,19.3,19,HAYIR,HAYIR
2026-08-16 19:34:08.121,0.80,0.75,37,0.0,0.0,-0.050,19.3,19,HAYIR,HAYIR
2026-08-16 19:34:08.141,0.80,0.75,37,0.0,0.0,-0.050,19.3,19,HAYIR,HAYIR
2026-08-16 19:34:08.161,0.80,0.75,37,0.0,0.0,-0.050,19.3,19,HAYIR,HAYIR
2026-08-16 19:34:08.181,0.80,0.75,37,0.0,0.0,-0.050,19.3,19,HAYIR,HAYIR
2026-08-16 19:34:08.201,0.80,0.75,37,0.0,0.0,-0.050,19.3,19,HAYIR,HAYIR
2026-08-16 19:34:08.221,0.80,0.75,37,0.0,0.0,-0.050,19.3,19,HAYIR,HAYIR
2026-08-16 19:34:08.241,0.80,0.75,37,0.0,0.0,-0.050,19.3,19,HAYIR,HAYIR
2026-08-16 19:34:08.261,0.80,0.75,37,0.0,0.0,-0.050,19.3,19,HAYIR,HAYIR
2026-08-16 19:34:08.281,0.80,0.75,37,0.0,0.0,-0.050,19.3,19,HAYIR,HAYIR
2026-08-16 19:34:08.301,0.80,0.75,37,0.0,0.0,-0.050,19.3,19,HAYIR,HAYIR
2026-08-16 19:34:08.321,0.80,0.75,37,0.0,0.0,-0.050,19.3,19,HAYIR,HAYIR
2026-08-16 19:34:08.341,0.80,0.75,37,0.0,0.0,-0.050,19.3,19,HAYIR,HAYIR
2026-08-16 19:34:08.361,0.80,0.75,37,0.0,0.0,-0.050,19.3,19,HAYIR,HAYIR
2026-08-16 19:34:08.381,0.80,0.75,37,0.0,0.0,-0.050,19.3,19,HAYIR,HAYIR
2026-08-16 19:34:08.401,0.80,0.75,37,0.0,0.0,-0.050,19.3,19,HAYIR,HAYIR
2026-08-16 19:34:08.421,0.80,0.75,37,0.0,0.0,-0.050,19.3,19,HAYIR,HAYIR
2026-08-16 19:34:08.441,0.80,0.75,37,0.0,0.0,-0.050,19.3,19,HAYIR,HAYIR
2026-08-16 19:34:08.461,0.80,0.75,37,0.0,0.0,-0.050,19.3,19,HAYIR,HAYIR
2026-08-16 19:34:08.481,0.80,0.75,37,0.0,0.0,-0.050,19.3,19,HAYIR,HAYIR
2026-08-16 19:34:08.501,0.80,0.75,37,0.0,0.0,-0.050,19.3,19,HAYIR,HAYIR
2026-08-16 19:34:08.521,0.80,0.75,37,0.0,0.0,-0.050,19.3,19,HAYIR,HAYIR
2026-08-16 19:34:08.541,0.80,0.75,37,0.0,0.0,-0.050,19.3,19,HAYIR,HAYIR
2026-08-16 19:34:08.561,0.80,0.75,37,0.0,0.0,-0.050,19.3,19,HAYIR,HAYIR
2026-08-16 19:34:08.581,0.80,0.75,37,0.0,0.0,-0.050,19.3,19,HAYIR,HAYIR
2026-08-16 19:34:08.601,0.80,0.75,37,0.0,0.0,-0.050,19.3,19,HAYIR,HAYIR
2026-08-16 19:34:08.621,0.80,0.75,37,0.0,0.0,-0.050,19.3,19,HAYIR,HAYIR
2026-08-16 19:34:08.641,0.80,0.75,37,0.0,0.0,-0.050,19.3,19,HAYIR,HAYIR
2026-08-16 19:34:08.661,0.80,0.75,37,0.0,0.0,-0.050,19.3,19,HAYIR,HAYIR
2026-08-16 19:34:08.681,0.80,0.75,37,0.0,0.0,-0.050,19.3,19,HAYIR,HAYIR
2026-08-16 19:34:08.701,0.80,0.75,37,0.0,0.0,-0.050,19.3,19,HAYIR,HAYIR
2026-08-16 19:34:08.721,0.80,0.75,37,0.0,0.0,-0.050,19.3,19,HAYIR,HAYIR
2026-08-16 19:34:08.741,0.80,0.75,37,0.0,0.0,-0.050,19.3,19,HAYIR,HAYIR
2026-08-16 19:34:08.761,0.80,0.75,37,0.0,0.0,-0.050,19.3,19,HAYIR,HAYIR
2026-08-16 19:34:08.781,0.80,0.75,37,0.0,0.0,-0.050,19.3,19,HAYIR,HAYIR
2026-08-16 19:34:08.801,0.80,0.75,37,0.0,0.0,-0.050,19.3,19,HAYIR,HAYIR
2026-08-16 19:34:08.821,0.80,0.75,37,0.0,0.0,-0.050,19.3,19,HAYIR,HAYIR
2026-08-16 19:34:08.841,0.80,0.75,37,0.0,0.0,-0.050,19.3,19,HAYIR,HAYIR
2026-08-16 19:34:08.861,0.80,0.75,37,0.0,0.0,-0.050,19.3,19,HAYIR,HAYIR
2026-08-16 19:34:08.881,0.80,0.75,37,0.0,0.0,-0.050,19.3,19,HAYIR,HAYIR
2026-08-16 19:34:08.901,0.80,0.75,37,0.0,0.0,-0.050,19.3,19,HAYIR,HAYIR
2026-08-16 19:34:08.921,0.80,0.75,37,0.0,0.0,-0.050,19.3,19,HAYIR,HAYIR
2026-08-16 19:34:08.941,0.80,0.75,37,0.0,0.0,-0.050,19.3,19,HAYIR,HAYIR
2026-08-16 19:34:08.961,0.80,0.75,37,0.0,0.0,-0.050,19.3,19,HAYIR,HAYIR
2026-08-16 19:34:08.981,0.80,0.75,37,0.0,0.0,-0.050,19.3,19,HAYIR,HAYIR
2026-08-16 19:34:09.001,0.80,0.75,37,0.0,0.0,-0.050,19.3,19,HAYIR,HAYIR
2026-08-16 19:34:09.021,0.80,0.75,37,0.0,0.0,-0.050,19.3,19,HAYIR,HAYIR
2026-08-16 19:34:09.041,0.80,0.75,37,0.0,0.0,-0.050,19.3,19,HAYIR,HAYIR
2026-08-16 19:34:09.061,0.80,0.75,37,0.0,0.0,-0.050,19.3,19,HAYIR,HAYIR
2026-08-16 19:34:09.081,0.80,0.75,37,0.0,0.0,-0.050,19.3,19,HAYIR,HAYIR
2026-08-16 19:34:09.101,0.80,0.75,37,0.0,0.0,-0.050,19.3,19,HAYIR,HAYIR
2026-08-16 19:34:09.121,0.80,0.75,37,0.0,0.0,-0.050,19.3,19,HAYIR,HAYIR
2026-08-16 19:34:09.141,0.80,0.75,37,0.0,0.0,-0.050,19.3,19,HAYIR,HAYIR
2026-08-16 19:34:09.161,0.80,0.75,37,0.0,0.0,-0.050,19.3,19,HAYIR,HAYIR
2026-08-16 19:34:09.181,0.80,0.75,37,0.0,0.0,-0.050,19.3,19,HAYIR,HAYIR
2026-08-16 19:34:09.201,0.80,0.75,37,0.0,0.0,-0.050,19.3,19,HAYIR,HAYIR
2026-08-16 19:34:09.221,0.80,0.75,37,0.0,0.0,-0.050,19.3,19,HAYIR,HAYIR
2026-08-16 19:34:09.241,0.80,0.75,37,0.0,0.0,-0.050,19.3,19,HAYIR,HAYIR
2026-08-16 19:34:09.261,0.80,0.75,37,0.0,0.0,-0.050,19.3,19,HAYIR,HAYIR
2026-08-16 19:34:09.281,0.80,0.75,37,0.0,0.0,-0.050,19.3,19,HAYIR,HAYIR
2026-08-16 19:34:09.301,0.80,0.75,37,0.0,0.0,-0.050,19.3,19,HAYIR,HAYIR
2026-08-16 19:34:09.321,0.80,0.75,37,0.0,0.0,-0.050,19.3,19,HAYIR,HAYIR
2026-08-16 19:34:09.341,0.80,0.75,37,0.0,0.0,-0.050,19.3,19,HAYIR,HAYIR
2026-08-16 19:34:09.361,0.80,0.75,37,0.0,0.0,-0.050,19.3,19,HAYIR,HAYIR
2026-08-16 19:34:09.381,0.80,0.75,37,0.0,0.0,-0.050,19.3,19,HAYIR,HAYIR
2026-08-16 19:34:09.401,0.80,0.75,37,0.0,0.0,-0.050,19.3,19,HAYIR,HAYIR
2026-08-16 19:34:09.421,0.80,0.75,37,0.0,0.0,-0.050,19.3,19,HAYIR,HAYIR
2026-08-16 19:34:09.441,0.80,0.75,37,0.0,0.0,-0.050,19.3,19,HAYIR,HAYIR
2026-08-16 19:34:09.461,0.80,0.75,37,0.0,0.0,-0.050,19.3,19,HAYIR,HAYIR
2026-08-16 19:34:09.481,0.80,0.75,37,0.0,0.0,-0.050,19.3,19,HAYIR,HAYIR
2026-08-16 19:34:09.501,0.80,0.75,37,0.0,0.0,-0.050,19.3,19,HAYIR,HAYIR
2026-08-16 19:34:09.521,0.80,0.75,37,0.0,0.0,-0.050,19.3,19,HAYIR,HAYIR
2026-08-16 19:34:09.541,0.80,0.75,37,0.0,0.0,-0.050,19.3,19,HAYIR,HAYIR
2026-08-16 19:34:09.561,0.80,0.75,37,0.0,0.0,-0.050,19.3,19,HAYIR,HAYIR
2026-08-16 19:34:09.581,0.80,0.75,37,0.0,0.0,-0.050,19.3,19,HAYIR,HAYIR
2026-08-16 19:34:09.601,0.80,0.75,37,0.0,0.0,-0.050,19.3,19,HAYIR,HAYIR
2026-08-16 19:34:09.621,0.80,0.75,37,0.0,0.0,-0.050,19.3,19,HAYIR,HAYIR
2026-08-16 19:34:09.641,0.80,0.75,37,0.0,0.0,-0.050,19.3,19,HAYIR,HAYIR
2026-08-16 19:34:09.661,0.80,0.75,37,0.0,0.0,-0.050,19.3,19,HAYIR,HAYIR
2026-08-16 19:34:09.681,0.80,0.75,37,0.0,0.0,-0.050,19.3,19,HAYIR,HAYIR
2026-08-16 19:34:09.701,0.80,0.75,37,0.0,0.0,-0.050,19.3,19,HAYIR,HAYIR
2026-08-16 19:34:09.721,0.80,0.75,37,0.0,0.0,-0.050,19.3,19,HAYIR,HAYIR
2026-08-16 19:34:09.741,0.80,0.75,37,0.0,0.0,-0.050,19.3,19,HAYIR,HAYIR
2026-08-16 19:34:09.761,0.80,0.75,37,0.0,0.0,-0.050,19.3,19,HAYIR,HAYIR
2026-08-16 19:34:09.781,0.80,0.75,37,0.0,0.0,-0.050,19.3,19,HAYIR,HAYIR
2026-08-16 19:34:09.801,0.80,0.75,37,0.0,0.0,-0.050,19.3,19,HAYIR,HAYIR
2026-08-16 19:34:09.821,0.80,0.75,37,0.0,0.0,-0.050,19.3,19,HAYIR,HAYIR
2026-08-16 19:34:09.841,0.80,0.75,37,0.0,0.0,-0.050,19.3,19,HAYIR,HAYIR
2026-08-16 19:34:09.861,0.80,0.75,37,0.0,0.0,-0.050,19.3,19,HAYIR,HAYIR
2026-08-16 19:34:09.881,0.80,0.75,37,0.0,0.0,-0.050,19.3,19,HAYIR,HAYIR
2026-08-16 19:34:09.901,0.80,0.75,37,0.0,0.0,-0.050,19.3,19,HAYIR,HAYIR
2026-08-16 19:34:09.921,0.80,0.75,37,0.0,0.0,-0.050,19.3,19,HAYIR,HAYIR
2026-08-16 19:34:09.941,0.80,0.75,37,0.0,0.0,-0.050,19.3,19,HAYIR,HAYIR
2026-08-16 19:34:09.961,0.80,0.75,37,0.0,0.0,-0.050,19.3,19,HAYIR,HAYIR
2026-08-16 19:34:09.981,0.80,0.75,37,0.0,0.0,-0.050,19.3,19,HAYIR,HAYIR
2026-08-16 19:34:10.001,0.80,0.75,37,0.0,0.0,-0.050,19.3,19,HAYIR,HAYIR
2026-08-16 19:34:10.021,0.80,0.75,37,0.0,0.0,-0.050,19.3,19,HAYIR,HAYIR
2026-08-16 19:34:10.041,0.80,0.75,37,0.0,0.0,-0.050,19.3,19,HAYIR,HAYIR
2026-08-16 19:34:10.061,0.80,0.75,37,0.0,0.0,-0.050,19.3,19,HAYIR,HAYIR
2026-08-16 19:34:10.081,0.80,0.75,37,0.0,0.0,-0.050,19.3,19,HAYIR,HAYIR
2026-08-16 19:34:10.101,0.80,0.75,37,0.0,0.0,-0.050,19.3,19,HAYIR,HAYIR
2026-08-16 19:34:10.121,0.80,0.75,37,0.0,0.0,-0.050,19.3,19,HAYIR,HAYIR
2026-08-16 19:34:10.141,0.80,0.75,37,0.0,0.0,-0.050,19.3,19,HAYIR,HAYIR
2026-08-16 19:34:10.161,0.80,0.75,37,0.0,0.0,-0.050,19.3,19,HAYIR,HAYIR
2026-08-16 19:34:10.181,0.80,0.75,37,0.0,0.0,-0.050,19.3,19,HAYIR,HAYIR
2026-08-16 19:34:10.201,0.80,0.75,37,0.0,0.0,-0.050,19.3,19,HAYIR,HAYIR
2026-08-16 19:34:10.221,0.80,0.75,37,0.0,0.0,-0.050,19.3,19,HAYIR,HAYIR
2026-08-16 19:34:10.241,0.80,0.75,37,0.0,0.0,-0.050,19.3,19,HAYIR,HAYIR
2026-08-16 19:34:10.261,0.80,0.75,37,0.0,0.0,-0.050,19.3,19,HAYIR,HAYIR
2026-08-16 19:34:10.281,0.80,0.75,37,0.0,0.0,-0.050,19.3,19,HAYIR,HAYIR
2026-08-16 19:34:10.301,0.80,0.75,37,0.0,0.0,-0.050,19.3,19,HAYIR,HAYIR
2026-08-16 19:34:10.321,0.80,0.75,37,0.0,0.0,-0.050,19.3,19,HAYIR,HAYIR
2026-08-16 19:34:10.341,0.80,0.75,37,0.0,0.0,-0.050,19.3,19,HAYIR,HAYIR
2026-08-16 19:34:10.361,0.80,0.75,37,0.0,0.0,-0.050,19.3,19,HAYIR,HAYIR
2026-08-16 19:34:10.381,0.80,0.75,37,0.0,0.0,-0.050,19.3,19,HAYIR,HAYIR
2026-08-16 19:34:10.401,0.80,0.75,37,0.0,0.0,-0.050,19.3,19,HAYIR,HAYIR
2026-08-16 19:34:10.421,0.80,0.75,37,0.0,0.0,-0.050,19.3,19,HAYIR,HAYIR
2026-08-16 19:34:10.441,0.80,0.75,37,0.0,0.0,-0.050,19.3,19,HAYIR,HAYIR
2026-08-16 19:34:10.461,0.80,0.75,37,0.0,0.0,-0.050,19.3,19,HAYIR,HAYIR
2026-08-16 19:34:10.481,0.80,0.75,37,0.0,0.0,-0.050,19.3,19,HAYIR,HAYIR
2026-08-16 19:34:10.501,0.80,0.75,37,0.0,0.0,-0.050,19.3,19,HAYIR,HAYIR
2026-08-16 19:34:10.521,0.80,0.75,37,0.0,0.0,-0.050,19.3,19,HAYIR,HAYIR
2026-08-16 19:34:10.541,0.80,0.75,37,0.0,0.0,-0.050,19.3,19,HAYIR,HAYIR
2026-08-16 19:34:10.561,0.80,0.75,37,0.0,0.0,-0.050,19.3,19,HAYIR,HAYIR
2026-08-16 19:34:10.581,0.80,0.75,37,0.0,0.0,-0.050,19.3,19,HAYIR,HAYIR
2026-08-16 19:34:10.601,0.80,0.75,37,0.0,0.0,-0.050,19.3,19,HAYIR,HAYIR
2026-08-16 19:34:10.621,0.80,0.75,37,0.0,0.0,-0.050,19.3,19,HAYIR,HAYIR
2026-08-16 19:34:10.641,0.80,0.75,37,0.0,0.0,-0.050,19.3,19,HAYIR,HAYIR
2026-08-16 19:34:10.661,0.80,0.75,37,0.0,0.0,-0.050,19.3,19,HAYIR,HAYIR
2026-08-16 19:34:10.681,0.80,0.75,37,0.0,0.0,-0.050,19.3,19,HAYIR,HAYIR
2026-08-16 19:34:10.701,0.80,0.75,37,0.0,0.0,-0.050,19.3,19,HAYIR,HAYIR
2026-08-16 19:34:10.721,0.80,0.75,37,0.0,0.0,-0.050,19.3,19,HAYIR,HAYIR
2026-08-16 19:34:10.741,0.80,0.75,37,0.0,0.0,-0.050,19.3,19,HAYIR,HAYIR
2026-08-16 19:34:10.761,0.80,0.75,37,0.0,0.0,-0.050,19.3,19,HAYIR,HAYIR
2026-08-16 19:34:10.781,0.80,0.75,37,0.0,0.0,-0.050,19.3,19,HAYIR,HAYIR
2026-08-16 19:34:10.801,0.80,0.75,37,0.0,0.0,-0.050,19.3,19,HAYIR,HAYIR
2026-08-16 19:34:10.821,0.80,0.75,37,0.0,0.0,-0.050,19.3,19,HAYIR,HAYIR
2026-08-16 19:34:10.841,0.80,0.75,37,0.0,0.0,-0.050,19.3,19,HAYIR,HAYIR
2026-08-16 19:34:10.861,0.80,0.75,37,0.0,0.0,-0.050,19.3,19,HAYIR,HAYIR
2026-08-16 19:34:10.881,0.80,0.75,37,0.0,0.0,-0.050,19.3,19,HAYIR,HAYIR
2026-08-16 19:34:10.901,0.80,0.75,37,0.0,0.0,-0.050,19.3,19,HAYIR,HAYIR
2026-08-16 19:34:10.921,0.80,0.75,37,0.0,0.0,-0.050,19.3,19,HAYIR,HAYIR
2026-08-16 19:34:10.941,0.80,0.75,37,0.0,0.0,-0.050,19.3,19,HAYIR,HAYIR
2026-08-16 19:34:10.961,0.80,0.75,37,0.0,0.0,-0.050,19.3,19,HAYIR,HAYIR
2026-08-16 19:34:10.981,0.80,0.75,37,0.0,0.0,-0.050,19.3,19,HAYIR,HAYIR
2026-08-16 19:34:11.001,0.80,0.75,37,0.0,0.0,-0.050,19.3,19,HAYIR,HAYIR
2026-08-16 19:34:11.021,0.80,0.75,37,0.0,0.0,-0.050,19.3,19,HAYIR,HAYIR
2026-08-16 19:34:11.041,0.80,0.75,37,0.0,0.0,-0.050,19.3,19,HAYIR,HAYIR
2026-08-16 19:34:11.061,0.80,0.75,37,0.0,0.0,-0.050,19.3,19,HAYIR,HAYIR
2026-08-16 19:34:11.081,0.80,0.75,37,0.0,0.0,-0.050,19.3,19,HAYIR,HAYIR
2026-08-16 19:34:11.101,0.80,0.75,37,0.0,0.0,-0.050,19.3,19,HAYIR,HAYIR
2026-08-16 19:34:11.121,0.80,0.75,37,0.0,0.0,-0.050,19.3,19,HAYIR,HAYIR
2026-08-16 19:34:11.141,0.80,0.75,37,0.0,0.0,-0.050,19.3,19,HAYIR,HAYIR
2026-08-16 19:34:11.161,0.80,0.75,37,0.0,0.0,-0.050,19.3,19,HAYIR,HAYIR
2026-08-16 19:34:11.181,0.80,0.75,37,0.0,0.0,-0.050,19.3,19,HAYIR,HAYIR
2026-08-16 19:34:11.201,0.80,0.75,37,0.0,0.0,-0.050,19.3,19,HAYIR,HAYIR
2026-08-16 19:34:11.221,0.80,0.75,37,0.0,0.0,-0.050,19.3,19,HAYIR,HAYIR
2026-08-16 19:34:11.241,0.80,0.75,37,0.0,0.0,-0.050,19.3,19,HAYIR,HAYIR
2026-08-16 19:34:11.261,0.80,0.75,37,0.0,0.0,-0.050,19.3,19,HAYIR,HAYIR
2026-08-16 19:34:11.281,0.80,0.75,37,0.0,0.0,-0.050,19.3,19,HAYIR,HAYIR
2026-08-16 19:34:11.301,0.80,0.75,37,0.0,0.0,-0.050,19.3,19,HAYIR,HAYIR
2026-08-16 19:34:11.321,0.80,0.75,37,0.0,0.0,-0.050,19.3,19,HAYIR,HAYIR
2026-08-16 19:34:11.341,0.80,0.75,37,0.0,0.0,-0.050,19.3,19,HAYIR,HAYIR
2026-08-16 19:34:11.361,0.80,0.75,37,0.0,0.0,-0.050,19.3,19,HAYIR,HAYIR
2026-08-16 19:34:11.381,0.80,0.75,37,0.0,0.0,-0.050,19.3,19,HAYIR,HAYIR
2026-08-16 19:34:11.401,0.80,0.75,37,0.0,0.0,-0.050,19.3,19,HAYIR,HAYIR
2026-08-16 19:34:11.421,0.80,0.75,37,0.0,0.0,-0.050,19.3,19,HAYIR,HAYIR
2026-08-16 19:34:11.441,0.80,0.75,37,0.0,0.0,-0.050,19.3,19,HAYIR,HAYIR
2026-08-16 19:34:11.461,0.80,0.75,37,0.0,0.0,-0.050,19.3,19,HAYIR,HAYIR
2026-08-16 19:34:11.481,0.80,0.75,37,0.0,0.0,-0.050,19.3,19,HAYIR,HAYIR
2026-08-16 19:34:11.501,0.80,0.75,37,0.0,0.0,-0.050,19.3,19,HAYIR,HAYIR
2026-08-16 19:34:11.521,0.80,0.75,37,0.0,0.0,-0.050,19.3,19,HAYIR,HAYIR
2026-08-16 19:34:11.541,0.80,0.75,37,0.0,0.0,-0.050,19.3,19,HAYIR,HAYIR
2026-08-16 19:34:11.561,0.80,0.75,37,0.0,0.0,-0.050,19.3,19,HAYIR,HAYIR
2026-08-16 19:34:11.581,0.80,0.75,37,0.0,0.0,-0.050,19.3,19,HAYIR,HAYIR
2026-08-16 19:34:11.601,0.80,0.75,37,0.0,0.0,-0.050,19.3,19,HAYIR,HAYIR
2026-08-16 19:34:11.621,0.80,0.75,37,0.0,0.0,-0.050,19.3,19,HAYIR,HAYIR
2026-08-16 19:34:11.641,0.80,0.75,37,0.0,0.0,-0.050,19.3,19,HAYIR,HAYIR
2026-08-16 19:34:11.661,0.80,0.75,37,0.0,0.0,-0.050,19.3,19,HAYIR,HAYIR
2026-08-16 19:34:11.681,0.80,0.75,37,0.0,0.0,-0.050,19.3,19,HAYIR,HAYIR
2026-08-16 19:34:11.701,0.80,0.75,37,0.0,0.0,-0.050,19.3,19,HAYIR,HAYIR
2026-08-16 19:34:11.721,0.80,0.75,37,0.0,0.0,-0.050,19.3,19,HAYIR,HAYIR
2026-08-16 19:34:11.741,0.80,0.75,37,0.0,0.0,-0.050,19.3,19,HAYIR,HAYIR
2026-08-16 19:34:11.761,0.80,0.75,37,0.0,0.0,-0.050,19.3,19,HAYIR,HAYIR
2026-08-16 19:34:11.781,0.80,0.75,37,0.0,0.0,-0.050,19.3,19,HAYIR,HAYIR
2026-08-16 19:34:11.801,0.80,0.75,37,0.0,0.0,-0.050,19.3,19,HAYIR,HAYIR
2026-08-16 19:34:11.821,0.80,0.75,37,0.0,0.0,-0.050,19.3,19,HAYIR,HAYIR
2026-08-16 19:34:11.841,0.80,0.75,37,0.0,0.0,-0.050,19.3,19,HAYIR,HAYIR
2026-08-16 19:34:11.861,0.80,0.75,37,0.0,0.0,-0.050,19.3,19,HAYIR,HAYIR
2026-08-16 19:34:11.881,0.80,0.75,37,0.0,0.0,-0.050,19.3,19,HAYIR,HAYIR
2026-08-16 19:34:11.901,0.80,0.75,37,0.0,0.0,-0.050,19.3,19,HAYIR,HAYIR
2026-08-16 19:34:11.921,0.80,0.75,37,0.0,0.0,-0.050,19.3,19,HAYIR,HAYIR
2026-08-16 19:34:11.941,0.80,0.75,37,0.0,0.0,-0.050,19.3,19,HAYIR,HAYIR
2026-08-16 19:34:11.961,0.80,0.75,37,0.0,0.0,-0.050,19.3,19,HAYIR,HAYIR
2026-08-16 19:34:11.981,0.80,0.75,37,0.0,0.0,-0.050,19.3,19,HAYIR,HAYIR
2026-08-16 19:34:12.001,0.80,0.75,37,0.0,0.0,-0.050,19.3,19,HAYIR,HAYIR
2026-08-16 19:34:12.021,0.80,0.75,37,0.0,0.0,-0.050,19.3,19,HAYIR,HAYIR
2026-08-16 19:34:12.041,0.80,0.75,37,0.0,0.0,-0.050,19.3,19,HAYIR,HAYIR
2026-08-16 19:34:12.061,0.80,0.75,37,0.0,0.0,-0.050,19.3,19,HAYIR,HAYIR
2026-08-16 19:34:12.081,0.80,0.75,37,0.0,0.0,-0.050,19.3,19,HAYIR,HAYIR
2026-08-16 19:34:12.101,0.80,0.75,37,0.0,0.0,-0.050,19.3,19,HAYIR,HAYIR
2026-08-16 19:34:12.121,0.80,0.75,37,0.0,0.0,-0.050,19.3,19,HAYIR,HAYIR
2026-08-16 19:34:12.141,0.80,0.75,37,0.0,0.0,-0.050,19.3,19,HAYIR,HAYIR
2026-08-16 19:34:12.161,0.80,0.75,37,0.0,0.0,-0.050,19.3,19,HAYIR,HAYIR
2026-08-16 19:34:12.181,0.80,0.75,37,0.0,0.0,-0.050,19.3,19,HAYIR,HAYIR
2026-08-16 19:34:12.201,0.80,0.75,37,0.0,0.0,-0.050,19.3,19,HAYIR,HAYIR
2026-08-16 19:34:12.221,0.80,0.75,37,0.0,0.0,-0.050,19.3,19,HAYIR,HAYIR
2026-08-16 19:34:12.241,0.80,0.75,37,0.0,0.0,-0.050,19.3,19,HAYIR,HAYIR
2026-08-16 19:34:12.261,0.80,0.75,37,0.0,0.0,-0.050,19.3,19,HAYIR,HAYIR
2026-08-16 19:34:12.281,0.80,0.75,37,0.0,0.0,-0.050,19.3,19,HAYIR,HAYIR
2026-08-16 19:34:12.301,0.80,0.75,37,0.0,0.0,-0.050,19.3,19,HAYIR,HAYIR
2026-08-16 19:34:12.321,0.80,0.75,37,0.0,0.0,-0.050,19.3,19,HAYIR,HAYIR
2026-08-16 19:34:12.341,0.80,0.75,37,0.0,0.0,-0.050,19.3,19,HAYIR,HAYIR
2026-08-16 19:34:12.361,0.80,0.75,37,0.0,0.0,-0.050,19.3,19,HAYIR,HAYIR
2026-08-16 19:34:12.381,0.80,0.75,37,0.0,0.0,-0.050,19.3,19,HAYIR,HAYIR
2026-08-16 19:34:12.401,0.80,0.75,37,0.0,0.0,-0.050,19.3,19,HAYIR,HAYIR
2026-08-16 19:34:12.421,0.80,0.75,37,0.0,0.0,-0.050,19.3,19,HAYIR,HAYIR
2026-08-16 19:34:12.441,0.80,0.75,37,0.0,0.0,-0.050,19.3,19,HAYIR,HAYIR
2026-08-16 19:34:12.461,0.80,0.75,37,0.0,0.0,-0.050,19.3,19,HAYIR,HAYIR
2026-08-16 19:34:12.481,0.80,0.75,37,0.0,0.0,-0.050,19.3,19,HAYIR,HAYIR
2026-08-16 19:34:12.501,0.80,0.75,37,0.0,0.0,-0.050,19.3,19,HAYIR,HAYIR
2026-08-16 19:34:12.521,0.80,0.75,37,0.0,0.0,-0.050,19.3,19,HAYIR,HAYIR
2026-08-16 19:34:12.541,0.80,0.75,37,0.0,0.0,-0.050,19.3,19,HAYIR,HAYIR
2026-08-16 19:34:12.561,0.80,0.75,37,0.0,0.0,-0.050,19.3,19,HAYIR,HAYIR
2026-08-16 19:34:12.581,0.80,0.75,37,0.0,0.0,-0.050,19.3,19,HAYIR,HAYIR
2026-08-16 19:34:12.601,0.80,0.75,37,0.0,0.0,-0.050,19.3,19,HAYIR,HAYIR
2026-08-16 19:34:12.621,0.80,0.75,37,0.0,0.0,-0.050,19.3,19,HAYIR,HAYIR
2026-08-16 19:34:12.641,0.80,0.75,37,0.0,0.0,-0.050,19.3,19,HAYIR,HAYIR
2026-08-16 19:34:12.661,0.80,0.75,37,0.0,0.0,-0.050,19.3,19,HAYIR,HAYIR
2026-08-16 19:34:12.681,0.80,0.75,37,0.0,0.0,-0.050,19.3,19,HAYIR,HAYIR
2026-08-16 19:34:12.701,0.80,0.75,37,0.0,0.0,-0.050,19.3,19,HAYIR,HAYIR
2026-08-16 19:34:12.721,0.80,0.75,37,0.0,0.0,-0.050,19.3,19,HAYIR,HAYIR
2026-08-16 19:34:12.741,0.80,0.75,37,0.0,0.0,-0.050,19.3,19,HAYIR,HAYIR
2026-08-16 19:34:12.761,0.80,0.75,37,0.0,0.0,-0.050,19.3,19,HAYIR,HAYIR
2026-08-16 19:34:12.781,0.80,0.75,37,0.0,0.0,-0.050,19.3,19,HAYIR,HAYIR
2026-08-16 19:34:12.801,0.80,0.75,37,0.0,0.0,-0.050,19.3,19,HAYIR,HAYIR
2026-08-16 19:34:12.821,0.80,0.75,37,0.0,0.0,-0.050,19.3,19,HAYIR,HAYIR
2026-08-16 19:34:12.841,0.80,0.75,37,0.0,0.0,-0.050,19.3,19,HAYIR,HAYIR
2026-08-16 19:34:12.861,0.80,0.75,37,0.0,0.0,-0.050,19.3,19,HAYIR,HAYIR
2026-08-16 19:34:12.881,0.80,0.75,37,0.0,0.0,-0.050,19.3,19,HAYIR,HAYIR
2026-08-16 19:34:12.901,0.80,0.75,37,0.0,0.0,-0.050,19.3,19,HAYIR,HAYIR
2026-08-16 19:34:12.921,0.80,0.75,37,0.0,0.0,-0.050,19.3,19,HAYIR,HAYIR
2026-08-16 19:34:12.941,0.80,0.75,37,0.0,0.0,-0.050,19.3,19,HAYIR,HAYIR
2026-08-16 19:34:12.961,0.80,0.75,37,0.0,0.0,-0.050,19.3,19,HAYIR,HAYIR
2026-08-16 19:34:12.981,0.80,0.75,37,0.0,0.0,-0.050,19.3,19,HAYIR,HAYIR
2026-08-16 19:34:13.001,0.80,0.75,37,0.0,0.0,-0.050,19.3,19,HAYIR,HAYIR
2026-08-16 19:34:13.021,0.80,0.75,37,0.0,0.0,-0.050,19.3,19,HAYIR,HAYIR
2026-08-16 19:34:13.041,0.80,0.75,37,0.0,0.0,-0.050,19.3,19,HAYIR,HAYIR
2026-08-16 19:34:13.061,0.80,0.75,37,0.0,0.0,-0.050,19.3,19,HAYIR,HAYIR
2026-08-16 19:34:13.081,0.80,0.75,37,0.0,0.0,-0.050,19.3,19,HAYIR,HAYIR
2026-08-16 19:34:13.101,0.80,0.75,37,0.0,0.0,-0.050,19.3,19,HAYIR,HAYIR
2026-08-16 19:34:13.121,0.80,0.75,37,0.0,0.0,-0.050,19.3,19,HAYIR,HAYIR
2026-08-16 19:34:13.141,0.80,0.75,37,0.0,0.0,-0.050,19.3,19,HAYIR,HAYIR
2026-08-16 19:34:13.161,0.80,0.75,37,0.0,0.0,-0.050,19.3,19,HAYIR,HAYIR
2026-08-16 19:34:13.181,0.80,0.75,37,0.0,0.0,-0.050,19.3,19,HAYIR,HAYIR
2026-08-16 19:34:13.201,0.80,0.75,37,0.0,0.0,-0.050,19.3,19,HAYIR,HAYIR
2026-08-16 19:34:13.221,0.80,0.75,37,0.0,0.0,-0.050,19.3,19,HAYIR,HAYIR
2026-08-16 19:34:13.241,0.80,0.75,37,0.0,0.0,-0.050,19.3,19,HAYIR,HAYIR
2026-08-16 19:34:13.261,0.80,0.75,37,0.0,0.0,-0.050,19.3,19,HAYIR,HAYIR
2026-08-16 19:34:13.281,0.80,0.75,37,0.0,0.0,-0.050,19.3,19,HAYIR,HAYIR
2026-08-16 19:34:13.301,0.80,0.75,37,0.0,0.0,-0.050,19.3,19,HAYIR,HAYIR
2026-08-16 19:34:13.321,0.80,0.75,37,0.0,0.0,-0.050,19.3,19,HAYIR,HAYIR
2026-08-16 19:34:13.341,0.80,0.75,37,0.0,0.0,-0.050,19.3,19,HAYIR,HAYIR
2026-08-16 19:34:13.361,0.80,0.75,37,0.0,0.0,-0.050,19.3,19,HAYIR,HAYIR
2026-08-16 19:34:13.381,0.80,0.75,37,0.0,0.0,-0.050,19.3,19,HAYIR,HAYIR
2026-08-16 19:34:13.401,0.80,0.75,37,0.0,0.0,-0.050,19.3,19,HAYIR,HAYIR
2026-08-16 19:34:13.421,0.80,0.75,37,0.0,0.0,-0.050,19.3,19,HAYIR,HAYIR
2026-08-16 19:34:13.441,0.80,0.75,37,0.0,0.0,-0.050,19.3,19,HAYIR,HAYIR
2026-08-16 19:34:13.461,0.80,0.75,37,0.0,0.0,-0.050,19.3,19,HAYIR,HAYIR
2026-08-16 19:34:13.481,0.80,0.75,37,0.0,0.0,-0.050,19.3,19,HAYIR,HAYIR
2026-08-16 19:34:13.501,0.80,0.75,37,0.0,0.0,-0.050,19.3,19,HAYIR,HAYIR
2026-08-16 19:34:13.521,0.80,0.75,37,0.0,0.0,-0.050,19.3,19,HAYIR,HAYIR
2026-08-16 19:34:13.541,0.80,0.75,37,0.0,0.0,-0.050,19.3,19,HAYIR,HAYIR
2026-08-16 19:34:13.561,0.80,0.75,37,0.0,0.0,-0.050,19.3,19,HAYIR,HAYIR
2026-08-16 19:34:13.581,0.80,0.75,37,0.0,0.0,-0.050,19.3,19,HAYIR,HAYIR
2026-08-16 19:34:13.601,0.80,0.75,37,0.0,0.0,-0.050,19.3,19,HAYIR,HAYIR
2026-08-16 19:34:13.621,0.80,0.75,37,0.0,0.0,-0.050,19.3,19,HAYIR,HAYIR
2026-08-16 19:34:13.641,0.80,0.75,37,0.0,0.0,-0.050,19.3,19,HAYIR,HAYIR
2026-08-16 19:34:13.661,0.80,0.75,37,0.0,0.0,-0.050,19.3,19,HAYIR,HAYIR
2026-08-16 19:34:13.681,0.80,0.75,37,0.0,0.0,-0.050,19.3,19,HAYIR,HAYIR
2026-08-16 19:34:13.701,0.80,0.75,37,0.0,0.0,-0.050,19.3,19,HAYIR,HAYIR
2026-08-16 19:34:13.721,0.80,0.75,37,0.0,0.0,-0.050,19.3,19,HAYIR,HAYIR
2026-08-16 19:34:13.741,0.80,0.75,37,0.0,0.0,-0.050,19.3,19,HAYIR,HAYIR
2026-08-16 19:34:13.761,0.80,0.75,37,0.0,0.0,-0.050,19.3,19,HAYIR,HAYIR
2026-08-16 19:34:13.781,0.80,0.75,37,0.0,0.0,-0.050,19.3,19,HAYIR,HAYIR
2026-08-16 19:34:13.801,0.80,0.75,37,0.0,0.0,-0.050,19.3,19,HAYIR,HAYIR
2026-08-16 19:34:13.821,0.80,0.75,37,0.0,0.0,-0.050,19.3,19,HAYIR,HAYIR
2026-08-16 19:34:13.841,0.80,0.75,37,0.0,0.0,-0.050,19.3,19,HAYIR,HAYIR
2026-08-16 19:34:13.861,0.80,0.75,37,0.0,0.0,-0.050,19.3,19,HAYIR,HAYIR
2026-08-16 19:34:13.881,0.80,0.75,37,0.0,0.0,-0.050,19.3,19,HAYIR,HAYIR
2026-08-16 19:34:13.901,0.80,0.75,37,0.0,0.0,-0.050,19.3,19,HAYIR,HAYIR
2026-08-16 19:34:13.921,0.80,0.75,37,0.0,0.0,-0.050,19.3,19,HAYIR,HAYIR
2026-08-16 19:34:13.941,0.80,0.75,37,0.0,0.0,-0.050,19.3,19,HAYIR,HAYIR
2026-08-16 19:34:13.961,0.80,0.75,37,0.0,0.0,-0.050,19.3,19,HAYIR,HAYIR
2026-08-16 19:34:13.981,0.80,0.75,37,0.0,0.0,-0.050,19.3,19,HAYIR,HAYIR
2026-08-16 19:34:14.001,0.80,0.75,37,0.0,0.0,-0.050,19.3,19,HAYIR,HAYIR
2026-08-16 19:34:14.021,0.80,0.75,37,0.0,0.0,-0.050,19.3,19,HAYIR,HAYIR
2026-08-16 19:34:14.041,0.80,0.75,37,0.0,0.0,-0.050,19.3,19,HAYIR,HAYIR
2026-08-16 19:34:14.061,0.80,0.75,37,0.0,0.0,-0.050,19.3,19,HAYIR,HAYIR
2026-08-16 19:34:14.081,0.80,0.75,37,0.0,0.0,-0.050,19.3,19,HAYIR,HAYIR
2026-08-16 19:34:14.101,0.80,0.75,37,0.0,0.0,-0.050,19.3,19,HAYIR,HAYIR
2026-08-16 19:34:14.121,0.80,0.75,37,0.0,0.0,-0.050,19.3,19,HAYIR,HAYIR
2026-08-16 19:34:14.141,0.80,0.75,37,0.0,0.0,-0.050,19.3,19,HAYIR,HAYIR
2026-08-16 19:34:14.161,0.80,0.75,37,0.0,0.0,-0.050,19.3,19,HAYIR,HAYIR
2026-08-16 19:34:14.181,0.80,0.75,37,0.0,0.0,-0.050,19.3,19,HAYIR,HAYIR
2026-08-16 19:34:14.201,0.80,0.75,37,0.0,0.0,-0.050,19.3,19,HAYIR,HAYIR
2026-08-16 19:34:14.221,0.80,0.75,37,0.0,0.0,-0.050,19.3,19,HAYIR,HAYIR
2026-08-16 19:34:14.241,0.80,0.75,37,0.0,0.0,-0.050,19.3,19,HAYIR,HAYIR
2026-08-16 19:34:14.261,0.80,0.75,37,0.0,0.0,-0.050,19.3,19,HAYIR,HAYIR
2026-08-16 19:34:14.281,0.80,0.75,37,0.0,0.0,-0.050,19.3,19,HAYIR,HAYIR
2026-08-16 19:34:14.301,0.80,0.75,37,0.0,0.0,-0.050,19.3,19,HAYIR,HAYIR
2026-08-16 19:34:14.321,0.80,0.75,37,0.0,0.0,-0.050,19.3,19,HAYIR,HAYIR
2026-08-16 19:34:14.341,0.80,0.75,37,0.0,0.0,-0.050,19.3,19,HAYIR,HAYIR
2026-08-16 19:34:14.361,0.80,0.75,37,0.0,0.0,-0.050,19.3,19,HAYIR,HAYIR
2026-08-16 19:34:14.381,0.80,0.75,37,0.0,0.0,-0.050,19.3,19,HAYIR,HAYIR
2026-08-16 19:34:14.401,0.80,0.75,37,0.0,0.0,-0.050,19.3,19,HAYIR,HAYIR
2026-08-16 19:34:14.421,0.80,0.75,37,0.0,0.0,-0.050,19.3,19,HAYIR,HAYIR
2026-08-16 19:34:14.441,0.80,0.75,37,0.0,0.0,-0.050,19.3,19,HAYIR,HAYIR
2026-08-16 19:34:14.461,0.80,0.75,37,0.0,0.0,-0.050,19.3,19,HAYIR,HAYIR
2026-08-16 19:34:14.481,0.80,0.75,37,0.0,0.0,-0.050,19.3,19,HAYIR,HAYIR
2026-08-16 19:34:14.501,0.80,0.75,37,0.0,0.0,-0.050,19.3,19,HAYIR,HAYIR
2026-08-16 19:34:14.521,0.80,0.75,37,0.0,0.0,-0.050,19.3,19,HAYIR,HAYIR
2026-08-16 19:34:14.541,0.80,0.75,37,0.0,0.0,-0.050,19.3,19,HAYIR,HAYIR
2026-08-16 19:34:14.561,0.80,0.75,37,0.0,0.0,-0.050,19.3,19,HAYIR,HAYIR
2026-08-16 19:34:14.581,0.80,0.75,37,0.0,0.0,-0.050,19.3,19,HAYIR,HAYIR
2026-08-16 19:34:14.601,0.80,0.75,37,0.0,0.0,-0.050,19.3,19,HAYIR,HAYIR
2026-08-16 19:34:14.621,0.80,0.75,37,0.0,0.0,-0.050,19.3,19,HAYIR,HAYIR
2026-08-16 19:34:14.641,0.80,0.75,37,0.0,0.0,-0.050,19.3,19,HAYIR,HAYIR
2026-08-16 19:34:14.661,0.80,0.75,37,0.0,0.0,-0.050,19.3,19,HAYIR,HAYIR
2026-08-16 19:34:14.681,0.80,0.75,37,0.0,0.0,-0.050,19.3,19,HAYIR,HAYIR
2026-08-16 19:34:14.701,0.80,0.75,37,0.0,0.0,-0.050,19.3,19,HAYIR,HAYIR
2026-08-16 19:34:14.721,0.80,0.75,37,0.0,0.0,-0.050,19.3,19,HAYIR,HAYIR
2026-08-16 19:34:14.741,0.80,0.75,37,0.0,0.0,-0.050,19.3,19,HAYIR,HAYIR
2026-08-16 19:34:14.761,0.80,0.75,37,0.0,0.0,-0.050,19.3,19,HAYIR,HAYIR
2026-08-16 19:34:14.781,0.80,0.75,37,0.0,0.0,-0.050,19.3,19,HAYIR,HAYIR
2026-08-16 19:34:14.801,0.80,0.75,37,0.0,0.0,-0.050,19.3,19,HAYIR,HAYIR
2026-08-16 19:34:14.821,0.80,0.75,37,0.0,0.0,-0.050,19.3,19,HAYIR,HAYIR
2026-08-16 19:34:14.841,0.80,0.75,37,0.0,0.0,-0.050,19.3,19,HAYIR,HAYIR
2026-08-16 19:34:14.861,0.80,0.75,37,0.0,0.0,-0.050,19.3,19,HAYIR,HAYIR
2026-08-16 19:34:14.881,0.80,0.75,37,0.0,0.0,-0.050,19.3,19,HAYIR,HAYIR
2026-08-16 19:34:14.901,0.80,0.75,37,0.0,0.0,-0.050,19.3,19,HAYIR,HAYIR
2026-08-16 19:34:14.921,0.80,0.75,37,0.0,0.0,-0.050,19.3,19,HAYIR,HAYIR
2026-08-16 19:34:14.941,0.80,0.75,37,0.0,0.0,-0.050,19.3,19,HAYIR,HAYIR
2026-08-16 19:34:14.961,0.80,0.75,37,0.0,0.0,-0.050,19.3,19,HAYIR,HAYIR
2026-08-16 19:34:14.981,0.80,0.75,37,0.0,0.0,-0.050,19.3,19,HAYIR,HAYIR
2026-08-16 19:34:15.001,0.80,0.75,37,0.0,0.0,-0.050,19.3,19,HAYIR,HAYIR
2026-08-16 19:34:15.021,0.80,0.75,37,0.0,0.0,-0.050,19.3,19,HAYIR,HAYIR
2026-08-16 19:34:15.041,0.80,0.75,37,0.0,0.0,-0.050,19.3,19,HAYIR,HAYIR
2026-08-16 19:34:15.061,0.80,0.75,37,0.0,0.0,-0.050,19.3,19,HAYIR,HAYIR
2026-08-16 19:34:15.081,0.80,0.75,37,0.0,0.0,-0.050,19.3,19,HAYIR,HAYIR
2026-08-16 19:34:15.101,0.80,0.75,37,0.0,0.0,-0.050,19.3,19,HAYIR,HAYIR
2026-08-16 19:34:15.121,0.80,0.75,37,0.0,0.0,-0.050,19.3,19,HAYIR,HAYIR
2026-08-16 19:34:15.141,0.80,0.75,37,0.0,0.0,-0.050,19.3,19,HAYIR,HAYIR
2026-08-16 19:34:15.161,0.80,0.75,37,0.0,0.0,-0.050,19.3,19,HAYIR,HAYIR
2026-08-16 19:34:15.181,0.80,0.75,37,0.0,0.0,-0.050,19.3,19,HAYIR,HAYIR
2026-08-16 19:34:15.201,0.80,0.75,37,0.0,0.0,-0.050,19.3,19,HAYIR,HAYIR
2026-08-16 19:34:15.221,0.80,0.75,37,0.0,0.0,-0.050,19.3,19,HAYIR,HAYIR
2026-08-16 19:34:15.241,0.80,0.75,37,0.0,0.0,-0.050,19.3,19,HAYIR,HAYIR
2026-08-16 19:34:15.261,0.80,0.75,37,0.0,0.0,-0.050,19.3,19,HAYIR,HAYIR
2026-08-16 19:34:15.281,0.80,0.75,37,0.0,0.0,-0.050,19.3,19,HAYIR,HAYIR
2026-08-16 19:34:15.301,0.80,0.75,37,0.0,0.0,-0.050,19.3,19,HAYIR,HAYIR
2026-08-16 19:34:15.321,0.80,0.75,37,0.0,0.0,-0.050,19.3,19,HAYIR,HAYIR
2026-08-16 19:34:15.341,0.80,0.75,37,0.0,0.0,-0.050,19.3,19,HAYIR,HAYIR
2026-08-16 19:34:15.361,0.80,0.75,37,0.0,0.0,-0.050,19.3,19,HAYIR,HAYIR
2026-08-16 19:34:15.381,0.80,0.75,37,0.0,0.0,-0.050,19.3,19,HAYIR,HAYIR
2026-08-16 19:34:15.401,0.80,0.75,37,0.0,0.0,-0.050,19.3,19,HAYIR,HAYIR
2026-08-16 19:34:15.421,0.80,0.75,37,0.0,0.0,-0.050,19.3,19,HAYIR,HAYIR
2026-08-16 19:34:15.441,0.80,0.75,37,0.0,0.0,-0.050,19.3,19,HAYIR,HAYIR
2026-08-16 19:34:15.461,0.80,0.75,37,0.0,0.0,-0.050,19.3,19,HAYIR,HAYIR
2026-08-16 19:34:15.481,0.80,0.75,37,0.0,0.0,-0.050,19.3,19,HAYIR,HAYIR
2026-08-16 19:34:15.501,0.80,0.75,37,0.0,0.0,-0.050,19.3,19,HAYIR,HAYIR
2026-08-16 19:34:15.521,0.80,0.75,37,0.0,0.0,-0.050,19.3,19,HAYIR,HAYIR
2026-08-16 19:34:15.541,0.80,0.75,37,0.0,0.0,-0.050,19.3,19,HAYIR,HAYIR
2026-08-16 19:34:15.561,0.80,0.75,37,0.0,0.0,-0.050,19.3,19,HAYIR,HAYIR
2026-08-16 19:34:15.581,0.80,0.75,37,0.0,0.0,-0.050,19.3,19,HAYIR,HAYIR
2026-08-16 19:34:15.601,0.80,0.75,37,0.0,0.0,-0.050,19.3,19,HAYIR,HAYIR
2026-08-16 19:34:15.621,0.80,0.75,37,0.0,0.0,-0.050,19.3,19,HAYIR,HAYIR
2026-08-16 19:34:15.641,0.80,0.75,37,0.0,0.0,-0.050,19.3,19,HAYIR,HAYIR
2026-08-16 19:34:15.661,0.80,0.75,37,0.0,0.0,-0.050,19.3,19,HAYIR,HAYIR
2026-08-16 19:34:15.681,0.80,0.75,37,0.0,0.0,-0.050,19.3,19,HAYIR,HAYIR
2026-08-16 19:34:15.701,0.80,0.75,37,0.0,0.0,-0.050,19.3,19,HAYIR,HAYIR
2026-08-16 19:34:15.721,0.80,0.75,37,0.0,0.0,-0.050,19.3,19,HAYIR,HAYIR
2026-08-16 19:34:15.741,0.80,0.75,37,0.0,0.0,-0.050,19.3,19,HAYIR,HAYIR
2026-08-16 19:34:15.761,0.80,0.75,37,0.0,0.0,-0.050,19.3,19,HAYIR,HAYIR
2026-08-16 19:34:15.781,0.80,0.75,37,0.0,0.0,-0.050,19.3,19,HAYIR,HAYIR
2026-08-16 19:34:15.801,0.80,0.75,37,0.0,0.0,-0.050,19.3,19,HAYIR,HAYIR
2026-08-16 19:34:15.821,0.80,0.75,37,0.0,0.0,-0.050,19.3,19,HAYIR,HAYIR
2026-08-16 19:34:15.841,0.80,0.75,37,0.0,0.0,-0.050,19.3,19,HAYIR,HAYIR
2026-08-16 19:34:15.861,0.80,0.75,37,0.0,0.0,-0.050,19.3,19,HAYIR,HAYIR
2026-08-16 19:34:15.881,0.80,0.75,37,0.0,0.0,-0.050,19.3,19,HAYIR,HAYIR
2026-08-16 19:34:15.901,0.80,0.75,37,0.0,0.0,-0.050,19.3,19,HAYIR,HAYIR
2026-08-16 19:34:15.921,0.80,0.75,37,0.0,0.0,-0.050,19.3,19,HAYIR,HAYIR
2026-08-16 19:34:15.941,0.80,0.75,37,0.0,0.0,-0.050,19.3,19,HAYIR,HAYIR
2026-08-16 19:34:15.961,0.80,0.75,37,0.0,0.0,-0.050,19.3,19,HAYIR,HAYIR
2026-08-16 19:34:15.981,0.80,0.75,37,0.0,0.0,-0.050,19.3,19,HAYIR,HAYIR
2026-08-16 19:34:16.001,0.80,0.75,37,0.0,0.0,-0.050,19.3,19,HAYIR,HAYIR
2026-08-16 19:34:16.021,0.80,0.75,37,0.0,0.0,-0.050,19.3,19,HAYIR,HAYIR
2026-08-16 19:34:16.041,0.80,0.75,37,0.0,0.0,-0.050,19.3,19,HAYIR,HAYIR
2026-08-16 19:34:16.061,0.80,0.75,37,0.0,0.0,-0.050,19.3,19,HAYIR,HAYIR
2026-08-16 19:34:16.081,0.80,0.75,37,0.0,0.0,-0.050,19.3,19,HAYIR,HAYIR
2026-08-16 19:34:16.101,0.80,0.75,37,0.0,0.0,-0.050,19.3,19,HAYIR,HAYIR
2026-08-16 19:34:16.121,0.80,0.75,37,0.0,0.0,-0.050,19.3,19,HAYIR,HAYIR
2026-08-16 19:34:16.141,0.80,0.75,37,0.0,0.0,-0.050,19.3,19,HAYIR,HAYIR
2026-08-16 19:34:16.161,0.80,0.75,37,0.0,0.0,-0.050,19.3,19,HAYIR,HAYIR
2026-08-16 19:34:16.181,0.80,0.75,37,0.0,0.0,-0.050,19.3,19,HAYIR,HAYIR
2026-08-16 19:34:16.201,0.80,0.75,37,0.0,0.0,-0.050,19.3,19,HAYIR,HAYIR
2026-08-16 19:34:16.221,0.80,0.75,37,0.0,0.0,-0.050,19.3,19,HAYIR,HAYIR
2026-08-16 19:34:16.241,0.80,0.75,37,0.0,0.0,-0.050,19.3,19,HAYIR,HAYIR
2026-08-16 19:34:16.261,0.80,0.75,37,0.0,0.0,-0.050,19.3,19,HAYIR,HAYIR
2026-08-16 19:34:16.281,0.80,0.75,37,0.0,0.0,-0.050,19.3,19,HAYIR,HAYIR
2026-08-16 19:34:16.301,0.80,0.75,37,0.0,0.0,-0.050,19.3,19,HAYIR,HAYIR
2026-08-16 19:34:16.321,0.80,0.75,37,0.0,0.0,-0.050,19.3,19,HAYIR,HAYIR
2026-08-16 19:34:16.341,0.80,0.75,37,0.0,0.0,-0.050,19.3,19,HAYIR,HAYIR
2026-08-16 19:34:16.361,0.80,0.75,37,0.0,0.0,-0.050,19.3,19,HAYIR,HAYIR
2026-08-16 19:34:16.381,0.80,0.75,37,0.0,0.0,-0.050,19.3,19,HAYIR,HAYIR
2026-08-16 19:34:16.401,0.80,0.75,37,0.0,0.0,-0.050,19.3,19,HAYIR,HAYIR
2026-08-16 19:34:16.422,0.80,0.75,37,0.0,0.0,-0.050,19.3,19,HAYIR,HAYIR
2026-08-16 19:34:16.441,0.80,0.75,37,0.0,0.0,-0.050,19.3,19,HAYIR,HAYIR
2026-08-16 19:34:16.461,0.80,0.75,37,0.0,0.0,-0.050,19.3,19,HAYIR,HAYIR
2026-08-16 19:34:16.481,0.80,0.75,37,0.0,0.0,-0.050,19.3,19,HAYIR,HAYIR
2026-08-16 19:34:16.501,0.80,0.75,37,0.0,0.0,-0.050,19.3,19,HAYIR,HAYIR
2026-08-16 19:34:16.521,0.80,0.75,37,0.0,0.0,-0.050,19.3,19,HAYIR,HAYIR
2026-08-16 19:34:16.541,0.80,0.75,37,0.0,0.0,-0.050,19.3,19,HAYIR,HAYIR
2026-08-16 19:34:16.561,0.80,0.75,37,0.0,0.0,-0.050,19.3,19,HAYIR,HAYIR
2026-08-16 19:34:16.581,0.80,0.75,37,0.0,0.0,-0.050,19.3,19,HAYIR,HAYIR
2026-08-16 19:34:16.601,0.80,0.75,37,0.0,0.0,-0.050,19.3,19,HAYIR,HAYIR
2026-08-16 19:34:16.621,0.80,0.75,37,0.0,0.0,-0.050,19.3,19,HAYIR,HAYIR
2026-08-16 19:34:16.641,0.80,0.75,37,0.0,0.0,-0.050,19.3,19,HAYIR,HAYIR
2026-08-16 19:34:16.661,0.80,0.75,37,0.0,0.0,-0.050,19.3,19,HAYIR,HAYIR
2026-08-16 19:34:16.681,0.80,0.75,37,0.0,0.0,-0.050,19.3,19,HAYIR,HAYIR
2026-08-16 19:34:16.701,0.80,0.75,37,0.0,0.0,-0.050,19.3,19,HAYIR,HAYIR
2026-08-16 19:34:16.721,0.80,0.75,37,0.0,0.0,-0.050,19.3,19,HAYIR,HAYIR
2026-08-16 19:34:16.741,0.80,0.75,37,0.0,0.0,-0.050,19.3,19,HAYIR,HAYIR
2026-08-16 19:34:16.761,0.80,0.75,37,0.0,0.0,-0.050,19.3,19,HAYIR,HAYIR
2026-08-16 19:34:16.781,0.80,0.75,37,0.0,0.0,-0.050,19.3,19,HAYIR,HAYIR
2026-08-16 19:34:16.801,0.80,0.75,37,0.0,0.0,-0.050,19.3,19,HAYIR,HAYIR
2026-08-16 19:34:16.821,0.80,0.75,37,0.0,0.0,-0.050,19.3,19,HAYIR,HAYIR
2026-08-16 19:34:16.841,0.80,0.75,37,0.0,0.0,-0.050,19.3,19,HAYIR,HAYIR
2026-08-16 19:34:16.861,0.80,0.75,37,0.0,0.0,-0.050,19.3,19,HAYIR,HAYIR
2026-08-16 19:34:16.881,0.80,0.75,37,0.0,0.0,-0.050,19.3,19,HAYIR,HAYIR
2026-08-16 19:34:16.901,0.80,0.75,37,0.0,0.0,-0.050,19.3,19,HAYIR,HAYIR
2026-08-16 19:34:16.921,0.80,0.75,37,0.0,0.0,-0.050,19.3,19,HAYIR,HAYIR
2026-08-16 19:34:16.941,0.80,0.75,37,0.0,0.0,-0.050,19.3,19,HAYIR,HAYIR
2026-08-16 19:34:16.961,0.80,0.75,37,0.0,0.0,-0.050,19.3,19,HAYIR,HAYIR
2026-08-16 19:34:16.981,0.80,0.75,37,0.0,0.0,-0.050,19.3,19,HAYIR,HAYIR
2026-08-16 19:34:17.001,0.80,0.75,37,0.0,0.0,-0.050,19.3,19,HAYIR,HAYIR
2026-08-16 19:34:17.021,0.80,0.75,37,0.0,0.0,-0.050,19.3,19,HAYIR,HAYIR
2026-08-16 19:34:17.041,0.80,0.75,37,0.0,0.0,-0.050,19.3,19,HAYIR,HAYIR
2026-08-16 19:34:17.061,0.80,0.75,37,0.0,0.0,-0.050,19.3,19,HAYIR,HAYIR
2026-08-16 19:34:17.081,0.80,0.75,37,0.0,0.0,-0.050,19.3,19,HAYIR,HAYIR
2026-08-16 19:34:17.101,0.80,0.75,37,0.0,0.0,-0.050,19.3,19,HAYIR,HAYIR
2026-08-16 19:34:17.121,0.80,0.75,37,0.0,0.0,-0.050,19.3,19,HAYIR,HAYIR
2026-08-16 19:34:17.141,0.80,0.75,37,0.0,0.0,-0.050,19.3,19,HAYIR,HAYIR
2026-08-16 19:34:17.161,0.80,0.75,37,0.0,0.0,-0.050,19.3,19,HAYIR,HAYIR
2026-08-16 19:34:17.181,0.80,0.75,37,0.0,0.0,-0.050,19.3,19,HAYIR,HAYIR
2026-08-16 19:34:17.201,0.80,0.75,37,0.0,0.0,-0.050,19.3,19,HAYIR,HAYIR
2026-08-16 19:34:17.221,0.80,0.75,37,0.0,0.0,-0.050,19.3,19,HAYIR,HAYIR
2026-08-16 19:34:17.241,0.80,0.75,37,0.0,0.0,-0.050,19.3,19,HAYIR,HAYIR
2026-08-16 19:34:17.261,0.80,0.75,37,0.0,0.0,-0.050,19.3,19,HAYIR,HAYIR
2026-08-16 19:34:17.281,0.80,0.75,37,0.0,0.0,-0.050,19.3,19,HAYIR,HAYIR
2026-08-16 19:34:17.301,0.80,0.75,37,0.0,0.0,-0.050,19.3,19,HAYIR,HAYIR
2026-08-16 19:34:17.321,0.80,0.75,37,0.0,0.0,-0.050,19.3,19,HAYIR,HAYIR
2026-08-16 19:34:17.341,0.80,0.75,37,0.0,0.0,-0.050,19.3,19,HAYIR,HAYIR
2026-08-16 19:34:17.361,0.80,0.75,37,0.0,0.0,-0.050,19.3,19,HAYIR,HAYIR
2026-08-16 19:34:17.381,0.80,0.75,37,0.0,0.0,-0.050,19.3,19,HAYIR,HAYIR
2026-08-16 19:34:17.401,0.80,0.75,37,0.0,0.0,-0.050,19.3,19,HAYIR,HAYIR
2026-08-16 19:34:17.421,0.80,0.75,37,0.0,0.0,-0.050,19.3,19,HAYIR,HAYIR
2026-08-16 19:34:17.441,0.80,0.75,37,0.0,0.0,-0.050,19.3,19,HAYIR,HAYIR
2026-08-16 19:34:17.461,0.80,0.75,37,0.0,0.0,-0.050,19.3,19,HAYIR,HAYIR
2026-08-16 19:34:17.481,0.80,0.75,37,0.0,0.0,-0.050,19.3,19,HAYIR,HAYIR
2026-08-16 19:34:17.501,0.80,0.75,37,0.0,0.0,-0.050,19.3,19,HAYIR,HAYIR
2026-08-16 19:34:17.521,0.80,0.75,37,0.0,0.0,-0.050,19.3,19,HAYIR,HAYIR
2026-08-16 19:34:17.541,0.80,0.75,37,0.0,0.0,-0.050,19.3,19,HAYIR,HAYIR
2026-08-16 19:34:17.561,0.80,0.75,37,0.0,0.0,-0.050,19.3,19,HAYIR,HAYIR
2026-08-16 19:34:17.581,0.80,0.75,37,0.0,0.0,-0.050,19.3,19,HAYIR,HAYIR
2026-08-16 19:34:17.601,0.80,0.75,37,0.0,0.0,-0.050,19.3,19,HAYIR,HAYIR
2026-08-16 19:34:17.621,0.80,0.75,37,0.0,0.0,-0.050,19.3,19,HAYIR,HAYIR
2026-08-16 19:34:17.641,0.80,0.75,37,0.0,0.0,-0.050,19.3,19,HAYIR,HAYIR
2026-08-16 19:34:17.661,0.80,0.75,37,0.0,0.0,-0.050,19.3,19,HAYIR,HAYIR
2026-08-16 19:34:17.681,0.80,0.75,37,0.0,0.0,-0.050,19.3,19,HAYIR,HAYIR
2026-08-16 19:34:17.701,0.80,0.75,37,0.0,0.0,-0.050,19.3,19,HAYIR,HAYIR
2026-08-16 19:34:17.721,0.80,0.75,37,0.0,0.0,-0.050,19.3,19,HAYIR,HAYIR
2026-08-16 19:34:17.741,0.80,0.75,37,0.0,0.0,-0.050,19.3,19,HAYIR,HAYIR
2026-08-16 19:34:17.761,0.80,0.75,37,0.0,0.0,-0.050,19.3,19,HAYIR,HAYIR
2026-08-16 19:34:17.781,0.80,0.75,37,0.0,0.0,-0.050,19.3,19,HAYIR,HAYIR
2026-08-16 19:34:17.801,0.80,0.75,37,0.0,0.0,-0.050,19.3,19,HAYIR,HAYIR
2026-08-16 19:34:17.821,0.80,0.75,37,0.0,0.0,-0.050,19.3,19,HAYIR,HAYIR
2026-08-16 19:34:17.841,0.80,0.75,37,0.0,0.0,-0.050,19.3,19,HAYIR,HAYIR
2026-08-16 19:34:17.861,0.80,0.75,37,0.0,0.0,-0.050,19.3,19,HAYIR,HAYIR
2026-08-16 19:34:17.881,0.80,0.75,37,0.0,0.0,-0.050,19.3,19,HAYIR,HAYIR
2026-08-16 19:34:17.901,0.80,0.75,37,0.0,0.0,-0.050,19.3,19,HAYIR,HAYIR
2026-08-16 19:34:17.921,0.80,0.75,37,0.0,0.0,-0.050,19.3,19,HAYIR,HAYIR
2026-08-16 19:34:17.941,0.80,0.75,37,0.0,0.0,-0.050,19.3,19,HAYIR,HAYIR
2026-08-16 19:34:17.961,0.80,0.75,37,0.0,0.0,-0.050,19.3,19,HAYIR,HAYIR
2026-08-16 19:34:17.981,0.80,0.75,37,0.0,0.0,-0.050,19.3,19,HAYIR,HAYIR
2026-08-16 19:34:18.001,0.80,0.75,37,0.0,0.0,-0.050,19.3,19,HAYIR,HAYIR
2026-08-16 19:34:18.021,0.80,0.75,37,0.0,0.0,-0.050,19.3,19,HAYIR,HAYIR
2026-08-16 19:34:18.041,0.80,0.75,37,0.0,0.0,-0.050,19.3,19,HAYIR,HAYIR
2026-08-16 19:34:18.061,0.80,0.75,37,0.0,0.0,-0.050,19.3,19,HAYIR,HAYIR
2026-08-16 19:34:18.081,0.80,0.75,37,0.0,0.0,-0.050,19.3,19,HAYIR,HAYIR
2026-08-16 19:34:18.101,0.80,0.75,37,0.0,0.0,-0.050,19.3,19,HAYIR,HAYIR
2026-08-16 19:34:18.121,0.80,0.75,37,0.0,0.0,-0.050,19.3,19,HAYIR,HAYIR
2026-08-16 19:34:18.141,0.80,0.75,37,0.0,0.0,-0.050,19.3,19,HAYIR,HAYIR
2026-08-16 19:34:18.161,0.80,0.75,37,0.0,0.0,-0.050,19.3,19,HAYIR,HAYIR
2026-08-16 19:34:18.181,0.80,0.75,37,0.0,0.0,-0.050,19.3,19,HAYIR,HAYIR
2026-08-16 19:34:18.201,0.80,0.75,37,0.0,0.0,-0.050,19.3,19,HAYIR,HAYIR
2026-08-16 19:34:18.221,0.80,0.75,37,0.0,0.0,-0.050,19.3,19,HAYIR,HAYIR
2026-08-16 19:34:18.241,0.80,0.75,37,0.0,0.0,-0.050,19.3,19,HAYIR,HAYIR
2026-08-16 19:34:18.261,0.80,0.75,37,0.0,0.0,-0.050,19.3,19,HAYIR,HAYIR
2026-08-16 19:34:18.281,0.80,0.75,37,0.0,0.0,-0.050,19.3,19,HAYIR,HAYIR
2026-08-16 19:34:18.301,0.80,0.75,37,0.0,0.0,-0.050,19.3,19,HAYIR,HAYIR
2026-08-16 19:34:18.321,0.80,0.75,37,0.0,0.0,-0.050,19.3,19,HAYIR,HAYIR
2026-08-16 19:34:18.341,0.80,0.75,37,0.0,0.0,-0.050,19.3,19,HAYIR,HAYIR
2026-08-16 19:34:18.361,0.80,0.75,37,0.0,0.0,-0.050,19.3,19,HAYIR,HAYIR
2026-08-16 19:34:18.381,0.80,0.75,37,0.0,0.0,-0.050,19.3,19,HAYIR,HAYIR
2026-08-16 19:34:18.401,0.80,0.75,37,0.0,0.0,-0.050,19.3,19,HAYIR,HAYIR
2026-08-16 19:34:18.421,0.80,0.75,37,0.0,0.0,-0.050,19.3,19,HAYIR,HAYIR
2026-08-16 19:34:18.441,0.80,0.75,37,0.0,0.0,-0.050,19.3,19,HAYIR,HAYIR
2026-08-16 19:34:18.461,0.80,0.75,37,0.0,0.0,-0.050,19.3,19,HAYIR,HAYIR
2026-08-16 19:34:18.481,0.80,0.75,37,0.0,0.0,-0.050,19.3,19,HAYIR,HAYIR
2026-08-16 19:34:18.501,0.80,0.75,37,0.0,0.0,-0.050,19.3,19,HAYIR,HAYIR
2026-08-16 19:34:18.521,0.80,0.75,37,0.0,0.0,-0.050,19.3,19,HAYIR,HAYIR
2026-08-16 19:34:18.541,0.80,0.75,37,0.0,0.0,-0.050,19.3,19,HAYIR,HAYIR
2026-08-16 19:34:18.561,0.80,0.75,37,0.0,0.0,-0.050,19.3,19,HAYIR,HAYIR
2026-08-16 19:34:18.581,0.80,0.75,37,0.0,0.0,-0.050,19.3,19,HAYIR,HAYIR
2026-08-16 19:34:18.601,0.80,0.75,37,0.0,0.0,-0.050,19.3,19,HAYIR,HAYIR
2026-08-16 19:34:18.621,0.80,0.75,37,0.0,0.0,-0.050,19.3,19,HAYIR,HAYIR
2026-08-16 19:34:18.641,0.80,0.75,37,0.0,0.0,-0.050,19.3,19,HAYIR,HAYIR
2026-08-16 19:34:18.661,0.80,0.75,37,0.0,0.0,-0.050,19.3,19,HAYIR,HAYIR
2026-08-16 19:34:18.681,0.80,0.75,37,0.0,0.0,-0.050,19.3,19,HAYIR,HAYIR
2026-08-16 19:34:18.701,0.80,0.75,37,0.0,0.0,-0.050,19.3,19,HAYIR,HAYIR
2026-08-16 19:34:18.721,0.80,0.75,37,0.0,0.0,-0.050,19.3,19,HAYIR,HAYIR
2026-08-16 19:34:18.741,0.80,0.75,37,0.0,0.0,-0.050,19.3,19,HAYIR,HAYIR
2026-08-16 19:34:18.761,0.80,0.75,37,0.0,0.0,-0.050,19.3,19,HAYIR,HAYIR
2026-08-16 19:34:18.781,0.80,0.75,37,0.0,0.0,-0.050,19.3,19,HAYIR,HAYIR
2026-08-16 19:34:18.801,0.80,0.75,37,0.0,0.0,-0.050,19.3,19,HAYIR,HAYIR
2026-08-16 19:34:18.821,0.80,0.75,37,0.0,0.0,-0.050,19.3,19,HAYIR,HAYIR
2026-08-16 19:34:18.841,0.80,0.75,37,0.0,0.0,-0.050,19.3,19,HAYIR,HAYIR
2026-08-16 19:34:18.861,0.80,0.75,37,0.0,0.0,-0.050,19.3,19,HAYIR,HAYIR
2026-08-16 19:34:18.881,0.80,0.75,37,0.0,0.0,-0.050,19.3,19,HAYIR,HAYIR
2026-08-16 19:34:18.901,0.80,0.75,37,0.0,0.0,-0.050,19.3,19,HAYIR,HAYIR
2026-08-16 19:34:18.921,0.80,0.75,37,0.0,0.0,-0.050,19.3,19,HAYIR,HAYIR
2026-08-16 19:34:18.941,0.80,0.75,37,0.0,0.0,-0.050,19.3,19,HAYIR,HAYIR
2026-08-16 19:34:18.961,0.80,0.75,37,0.0,0.0,-0.050,19.3,19,HAYIR,HAYIR
2026-08-16 19:34:18.981,0.80,0.75,37,0.0,0.0,-0.050,19.3,19,HAYIR,HAYIR
2026-08-16 19:34:19.001,0.80,0.75,37,0.0,0.0,-0.050,19.3,19,HAYIR,HAYIR
2026-08-16 19:34:19.021,0.80,0.75,37,0.0,0.0,-0.050,19.3,19,HAYIR,HAYIR
2026-08-16 19:34:19.041,0.80,0.75,37,0.0,0.0,-0.050,19.3,19,HAYIR,HAYIR
2026-08-16 19:34:19.061,0.80,0.75,37,0.0,0.0,-0.050,19.3,19,HAYIR,HAYIR
2026-08-16 19:34:19.081,0.80,0.75,37,0.0,0.0,-0.050,19.3,19,HAYIR,HAYIR
2026-08-16 19:34:19.101,0.80,0.75,37,0.0,0.0,-0.050,19.3,19,HAYIR,HAYIR
2026-08-16 19:34:19.121,0.80,0.75,37,0.0,0.0,-0.050,19.3,19,HAYIR,HAYIR
2026-08-16 19:34:19.141,0.80,0.75,37,0.0,0.0,-0.050,19.3,19,HAYIR,HAYIR
2026-08-16 19:34:19.161,0.80,0.75,37,0.0,0.0,-0.050,19.3,19,HAYIR,HAYIR
2026-08-16 19:34:19.181,0.80,0.75,37,0.0,0.0,-0.050,19.3,19,HAYIR,HAYIR
2026-08-16 19:34:19.201,0.80,0.75,37,0.0,0.0,-0.050,19.3,19,HAYIR,HAYIR
2026-08-16 19:34:19.221,0.80,0.75,37,0.0,0.0,-0.050,19.3,19,HAYIR,HAYIR
2026-08-16 19:34:19.241,0.80,0.75,37,0.0,0.0,-0.050,19.3,19,HAYIR,HAYIR
2026-08-16 19:34:19.261,0.80,0.75,37,0.0,0.0,-0.050,19.3,19,HAYIR,HAYIR
2026-08-16 19:34:19.281,0.80,0.75,37,0.0,0.0,-0.050,19.3,19,HAYIR,HAYIR
2026-08-16 19:34:19.301,0.80,0.75,37,0.0,0.0,-0.050,19.3,19,HAYIR,HAYIR
2026-08-16 19:34:19.321,0.80,0.75,37,0.0,0.0,-0.050,19.3,19,HAYIR,HAYIR
2026-08-16 19:34:19.341,0.80,0.75,37,0.0,0.0,-0.050,19.3,19,HAYIR,HAYIR
2026-08-16 19:34:19.361,0.80,0.75,37,0.0,0.0,-0.050,19.3,19,HAYIR,HAYIR
2026-08-16 19:34:19.381,0.80,0.75,37,0.0,0.0,-0.050,19.3,19,HAYIR,HAYIR
2026-08-16 19:34:19.401,0.80,0.75,37,0.0,0.0,-0.050,19.3,19,HAYIR,HAYIR
2026-08-16 19:34:19.421,0.80,0.75,37,0.0,0.0,-0.050,19.3,19,HAYIR,HAYIR
2026-08-16 19:34:19.441,0.80,0.75,37,0.0,0.0,-0.050,19.3,19,HAYIR,HAYIR
2026-08-16 19:34:19.461,0.80,0.75,37,0.0,0.0,-0.050,19.3,19,HAYIR,HAYIR
2026-08-16 19:34:19.481,0.80,0.75,37,0.0,0.0,-0.050,19.3,19,HAYIR,HAYIR
2026-08-16 19:34:19.501,0.80,0.75,37,0.0,0.0,-0.050,19.3,19,HAYIR,HAYIR
2026-08-16 19:34:19.521,0.80,0.75,37,0.0,0.0,-0.050,19.3,19,HAYIR,HAYIR
2026-08-16 19:34:19.541,0.80,0.75,37,0.0,0.0,-0.050,19.3,19,HAYIR,HAYIR
2026-08-16 19:34:19.561,0.80,0.75,37,0.0,0.0,-0.050,19.3,19,HAYIR,HAYIR
2026-08-16 19:34:19.581,0.80,0.75,37,0.0,0.0,-0.050,19.3,19,HAYIR,HAYIR
2026-08-16 19:34:19.601,0.80,0.75,37,0.0,0.0,-0.050,19.3,19,HAYIR,HAYIR
2026-08-16 19:34:19.621,0.80,0.75,37,0.0,0.0,-0.050,19.3,19,HAYIR,HAYIR
2026-08-16 19:34:19.641,0.80,0.75,37,0.0,0.0,-0.050,19.3,19,HAYIR,HAYIR
2026-08-16 19:34:19.661,0.80,0.75,37,0.0,0.0,-0.050,19.3,19,HAYIR,HAYIR
2026-08-16 19:34:19.681,0.80,0.75,37,0.0,0.0,-0.050,19.3,19,HAYIR,HAYIR
2026-08-16 19:34:19.701,0.80,0.75,37,0.0,0.0,-0.050,19.3,19,HAYIR,HAYIR
2026-08-16 19:34:19.721,0.80,0.75,37,0.0,0.0,-0.050,19.3,19,HAYIR,HAYIR
2026-08-16 19:34:19.741,0.80,0.75,37,0.0,0.0,-0.050,19.3,19,HAYIR,HAYIR
2026-08-16 19:34:19.761,0.80,0.75,37,0.0,0.0,-0.050,19.3,19,HAYIR,HAYIR
2026-08-16 19:34:19.781,0.80,0.75,37,0.0,0.0,-0.050,19.3,19,HAYIR,HAYIR
2026-08-16 19:34:19.801,0.80,0.75,37,0.0,0.0,-0.050,19.3,19,HAYIR,HAYIR
2026-08-16 19:34:19.821,0.80,0.75,37,0.0,0.0,-0.050,19.3,19,HAYIR,HAYIR
2026-08-16 19:34:19.841,0.80,0.75,37,0.0,0.0,-0.050,19.3,19,HAYIR,HAYIR
2026-08-16 19:34:19.861,0.80,0.75,37,0.0,0.0,-0.050,19.3,19,HAYIR,HAYIR
2026-08-16 19:34:19.881,0.80,0.75,37,0.0,0.0,-0.050,19.3,19,HAYIR,HAYIR
2026-08-16 19:34:19.901,0.80,0.75,37,0.0,0.0,-0.050,19.3,19,HAYIR,HAYIR
2026-08-16 19:34:19.921,0.80,0.75,37,0.0,0.0,-0.050,19.3,19,HAYIR,HAYIR
2026-08-16 19:34:19.941,0.80,0.75,37,0.0,0.0,-0.050,19.3,19,HAYIR,HAYIR
2026-08-16 19:34:19.961,0.80,0.75,37,0.0,0.0,-0.050,19.3,19,HAYIR,HAYIR
2026-08-16 19:34:19.981,0.80,0.75,37,0.0,0.0,-0.050,19.3,19,HAYIR,HAYIR
2026-08-16 19:34:20.001,0.80,0.75,37,0.0,0.0,-0.050,19.3,19,HAYIR,HAYIR
2026-08-16 19:34:20.021,0.80,0.75,37,0.0,0.0,-0.050,19.3,19,HAYIR,HAYIR
2026-08-16 19:34:20.041,0.80,0.75,37,0.0,0.0,-0.050,19.3,19,HAYIR,HAYIR
2026-08-16 19:34:20.061,0.80,0.75,37,0.0,0.0,-0.050,19.3,19,HAYIR,HAYIR
2026-08-16 19:34:20.081,0.80,0.75,37,0.0,0.0,-0.050,19.3,19,HAYIR,HAYIR
2026-08-16 19:34:20.101,0.80,0.75,37,0.0,0.0,-0.050,19.3,19,HAYIR,HAYIR
2026-08-16 19:34:20.121,0.80,0.75,37,0.0,0.0,-0.050,19.3,19,HAYIR,HAYIR
2026-08-16 19:34:20.141,0.80,0.75,37,0.0,0.0,-0.050,19.3,19,HAYIR,HAYIR
2026-08-16 19:34:20.161,0.80,0.75,37,0.0,0.0,-0.050,19.3,19,HAYIR,HAYIR
2026-08-16 19:34:20.181,0.80,0.75,37,0.0,0.0,-0.050,19.3,19,HAYIR,HAYIR
2026-08-16 19:34:20.201,0.80,0.75,37,0.0,0.0,-0.050,19.3,19,HAYIR,HAYIR
2026-08-16 19:34:20.221,0.80,0.75,37,0.0,0.0,-0.050,19.3,19,HAYIR,HAYIR
2026-08-16 19:34:20.241,0.80,0.75,37,0.0,0.0,-0.050,19.3,19,HAYIR,HAYIR
2026-08-16 19:34:20.261,0.80,0.75,37,0.0,0.0,-0.050,19.3,19,HAYIR,HAYIR
2026-08-16 19:34:20.281,0.80,0.75,37,0.0,0.0,-0.050,19.3,19,HAYIR,HAYIR
2026-08-16 19:34:20.301,0.80,0.75,37,0.0,0.0,-0.050,19.3,19,HAYIR,HAYIR
2026-08-16 19:34:20.321,0.80,0.75,37,0.0,0.0,-0.050,19.3,19,HAYIR,HAYIR
2026-08-16 19:34:20.341,0.80,0.75,37,0.0,0.0,-0.050,19.3,19,HAYIR,HAYIR
2026-08-16 19:34:20.361,0.80,0.75,37,0.0,0.0,-0.050,19.3,19,HAYIR,HAYIR
2026-08-16 19:34:20.381,0.80,0.75,37,0.0,0.0,-0.050,19.3,19,HAYIR,HAYIR
2026-08-16 19:34:20.401,0.80,0.75,37,0.0,0.0,-0.050,19.3,19,HAYIR,HAYIR
2026-08-16 19:34:20.421,0.80,0.75,37,0.0,0.0,-0.050,19.3,19,HAYIR,HAYIR
2026-08-16 19:34:20.441,0.80,0.75,37,0.0,0.0,-0.050,19.3,19,HAYIR,HAYIR
2026-08-16 19:34:20.461,0.80,0.75,37,0.0,0.0,-0.050,19.3,19,HAYIR,HAYIR
2026-08-16 19:34:20.481,0.80,0.75,37,0.0,0.0,-0.050,19.3,19,HAYIR,HAYIR
2026-08-16 19:34:20.501,0.80,0.75,37,0.0,0.0,-0.050,19.3,19,HAYIR,HAYIR
2026-08-16 19:34:20.521,0.80,0.75,37,0.0,0.0,-0.050,19.3,19,HAYIR,HAYIR
2026-08-16 19:34:20.541,0.80,0.75,37,0.0,0.0,-0.050,19.3,19,HAYIR,HAYIR
2026-08-16 19:34:20.561,0.80,0.75,37,0.0,0.0,-0.050,19.3,19,HAYIR,HAYIR
2026-08-16 19:34:20.581,0.80,0.75,37,0.0,0.0,-0.050,19.3,19,HAYIR,HAYIR
2026-08-16 19:34:20.601,0.80,0.75,37,0.0,0.0,-0.050,19.3,19,HAYIR,HAYIR
2026-08-16 19:34:20.621,0.80,0.75,37,0.0,0.0,-0.050,19.3,19,HAYIR,HAYIR
2026-08-16 19:34:20.641,0.80,0.75,37,0.0,0.0,-0.050,19.3,19,HAYIR,HAYIR
2026-08-16 19:34:20.661,0.80,0.75,37,0.0,0.0,-0.050,19.3,19,HAYIR,HAYIR
2026-08-16 19:34:20.681,0.80,0.75,37,0.0,0.0,-0.050,19.3,19,HAYIR,HAYIR
2026-08-16 19:34:20.701,0.80,0.75,37,0.0,0.0,-0.050,19.3,19,HAYIR,HAYIR
2026-08-16 19:34:20.721,0.80,0.75,37,0.0,0.0,-0.050,19.3,19,HAYIR,HAYIR
2026-08-16 19:34:20.741,0.80,0.75,37,0.0,0.0,-0.050,19.3,19,HAYIR,HAYIR
2026-08-16 19:34:20.761,0.80,0.75,37,0.0,0.0,-0.050,19.3,19,HAYIR,HAYIR
2026-08-16 19:34:20.781,0.80,0.75,37,0.0,0.0,-0.050,19.3,19,HAYIR,HAYIR
2026-08-16 19:34:20.801,0.80,0.75,37,0.0,0.0,-0.050,19.3,19,HAYIR,HAYIR
2026-08-16 19:34:20.821,0.80,0.75,37,0.0,0.0,-0.050,19.3,19,HAYIR,HAYIR
2026-08-16 19:34:20.841,0.80,0.75,37,0.0,0.0,-0.050,19.3,19,HAYIR,HAYIR
2026-08-16 19:34:20.861,0.80,0.75,37,0.0,0.0,-0.050,19.3,19,HAYIR,HAYIR
2026-08-16 19:34:20.881,0.80,0.75,37,0.0,0.0,-0.050,19.3,19,HAYIR,HAYIR
2026-08-16 19:34:20.901,0.80,0.75,37,0.0,0.0,-0.050,19.3,19,HAYIR,HAYIR
2026-08-16 19:34:20.921,0.80,0.75,37,0.0,0.0,-0.050,19.3,19,HAYIR,HAYIR
2026-08-16 19:34:20.941,0.80,0.75,37,0.0,0.0,-0.050,19.3,19,HAYIR,HAYIR
2026-08-16 19:34:20.961,0.80,0.75,37,0.0,0.0,-0.050,19.3,19,HAYIR,HAYIR
2026-08-16 19:34:20.981,0.80,0.75,37,0.0,0.0,-0.050,19.3,19,HAYIR,HAYIR
2026-08-16 19:34:21.001,0.80,0.75,37,0.0,0.0,-0.050,19.3,19,HAYIR,HAYIR
2026-08-16 19:34:21.021,0.80,0.75,37,0.0,0.0,-0.050,19.3,19,HAYIR,HAYIR
2026-08-16 19:34:21.041,0.80,0.75,37,0.0,0.0,-0.050,19.3,19,HAYIR,HAYIR
2026-08-16 19:34:21.061,0.80,0.75,37,0.0,0.0,-0.050,19.3,19,HAYIR,HAYIR
2026-08-16 19:34:21.081,0.80,0.75,37,0.0,0.0,-0.050,19.3,19,HAYIR,HAYIR
2026-08-16 19:34:21.101,0.80,0.75,37,0.0,0.0,-0.050,19.3,19,HAYIR,HAYIR
2026-08-16 19:34:21.121,0.80,0.75,37,0.0,0.0,-0.050,19.3,19,HAYIR,HAYIR
2026-08-16 19:34:21.141,0.80,0.75,37,0.0,0.0,-0.050,19.3,19,HAYIR,HAYIR
2026-08-16 19:34:21.161,0.80,0.75,37,0.0,0.0,-0.050,19.3,19,HAYIR,HAYIR
2026-08-16 19:34:21.181,0.80,0.75,37,0.0,0.0,-0.050,19.3,19,HAYIR,HAYIR
2026-08-16 19:34:21.201,0.80,0.75,37,0.0,0.0,-0.050,19.3,19,HAYIR,HAYIR
2026-08-16 19:34:21.221,0.80,0.75,37,0.0,0.0,-0.050,19.3,19,HAYIR,HAYIR
2026-08-16 19:34:21.241,0.80,0.75,37,0.0,0.0,-0.050,19.3,19,HAYIR,HAYIR
2026-08-16 19:34:21.261,0.80,0.75,37,0.0,0.0,-0.050,19.3,19,HAYIR,HAYIR
2026-08-16 19:34:21.281,0.80,0.75,37,0.0,0.0,-0.050,19.3,19,HAYIR,HAYIR
2026-08-16 19:34:21.301,0.80,0.75,37,0.0,0.0,-0.050,19.3,19,HAYIR,HAYIR
2026-08-16 19:34:21.321,0.80,0.75,37,0.0,0.0,-0.050,19.3,19,HAYIR,HAYIR
2026-08-16 19:34:21.341,0.80,0.75,37,0.0,0.0,-0.050,19.3,19,HAYIR,HAYIR
2026-08-16 19:34:21.361,0.80,0.75,37,0.0,0.0,-0.050,19.3,19,HAYIR,HAYIR
2026-08-16 19:34:21.381,0.80,0.75,37,0.0,0.0,-0.050,19.3,19,HAYIR,HAYIR
2026-08-16 19:34:21.401,0.80,0.75,37,0.0,0.0,-0.050,19.3,19,HAYIR,HAYIR
2026-08-16 19:34:21.421,0.80,0.75,37,0.0,0.0,-0.050,19.3,19,HAYIR,HAYIR
2026-08-16 19:34:21.441,0.80,0.75,37,0.0,0.0,-0.050,19.3,19,HAYIR,HAYIR
2026-08-16 19:34:21.461,0.80,0.75,37,0.0,0.0,-0.050,19.3,19,HAYIR,HAYIR
2026-08-16 19:34:21.481,0.80,0.75,37,0.0,0.0,-0.050,19.3,19,HAYIR,HAYIR
2026-08-16 19:34:21.501,0.80,0.75,37,0.0,0.0,-0.050,19.3,19,HAYIR,HAYIR
2026-08-16 19:34:21.521,0.80,0.75,37,0.0,0.0,-0.050,19.3,19,HAYIR,HAYIR
2026-08-16 19:34:21.541,0.80,0.75,37,0.0,0.0,-0.050,19.3,19,HAYIR,HAYIR
2026-08-16 19:34:21.561,0.80,0.75,37,0.0,0.0,-0.050,19.3,19,HAYIR,HAYIR
2026-08-16 19:34:21.581,0.80,0.75,37,0.0,0.0,-0.050,19.3,19,HAYIR,HAYIR
2026-08-16 19:34:21.601,0.80,0.75,37,0.0,0.0,-0.050,19.3,19,HAYIR,HAYIR
2026-08-16 19:34:21.621,0.80,0.75,37,0.0,0.0,-0.050,19.3,19,HAYIR,HAYIR
2026-08-16 19:34:21.641,0.80,0.75,37,0.0,0.0,-0.050,19.3,19,HAYIR,HAYIR
2026-08-16 19:34:21.661,0.80,0.75,37,0.0,0.0,-0.050,19.3,19,HAYIR,HAYIR
2026-08-16 19:34:21.681,0.80,0.75,37,0.0,0.0,-0.050,19.3,19,HAYIR,HAYIR
2026-08-16 19:34:21.701,0.80,0.75,37,0.0,0.0,-0.050,19.3,19,HAYIR,HAYIR
2026-08-16 19:34:21.721,0.80,0.75,37,0.0,0.0,-0.050,19.3,19,HAYIR,HAYIR
2026-08-16 19:34:21.741,0.80,0.75,37,0.0,0.0,-0.050,19.3,19,HAYIR,HAYIR
2026-08-16 19:34:21.761,0.80,0.75,37,0.0,0.0,-0.050,19.3,19,HAYIR,HAYIR
2026-08-16 19:34:21.781,0.80,0.75,37,0.0,0.0,-0.050,19.3,19,HAYIR,HAYIR
2026-08-16 19:34:21.801,0.80,0.75,37,0.0,0.0,-0.050,19.3,19,HAYIR,HAYIR
2026-08-16 19:34:21.821,0.80,0.75,37,0.0,0.0,-0.050,19.3,19,HAYIR,HAYIR
2026-08-16 19:34:21.841,0.80,0.75,37,0.0,0.0,-0.050,19.3,19,HAYIR,HAYIR
2026-08-16 19:34:21.861,0.80,0.75,37,0.0,0.0,-0.050,19.3,19,HAYIR,HAYIR
2026-08-16 19:34:21.881,0.80,0.75,37,0.0,0.0,-0.050,19.3,19,HAYIR,HAYIR
2026-08-16 19:34:21.901,0.80,0.75,37,0.0,0.0,-0.050,19.3,19,HAYIR,HAYIR
2026-08-16 19:34:21.921,0.80,0.75,37,0.0,0.0,-0.050,19.3,19,HAYIR,HAYIR
2026-08-16 19:34:21.941,0.80,0.75,37,0.0,0.0,-0.050,19.3,19,HAYIR,HAYIR
2026-08-16 19:34:21.961,0.80,0.75,37,0.0,0.0,-0.050,19.3,19,HAYIR,HAYIR
2026-08-16 19:34:21.981,0.80,0.75,37,0.0,0.0,-0.050,19.3,19,HAYIR,HAYIR
2026-08-16 19:34:22.001,0.80,0.75,37,0.0,0.0,-0.050,19.3,19,HAYIR,HAYIR
2026-08-16 19:34:22.021,0.80,0.75,37,0.0,0.0,-0.050,19.3,19,HAYIR,HAYIR
2026-08-16 19:34:22.041,0.80,0.75,37,0.0,0.0,-0.050,19.3,19,HAYIR,HAYIR
2026-08-16 19:34:22.061,0.80,0.75,37,0.0,0.0,-0.050,19.3,19,HAYIR,HAYIR
2026-08-16 19:34:22.081,0.80,0.75,37,0.0,0.0,-0.050,19.3,19,HAYIR,HAYIR
2026-08-16 19:34:22.101,0.80,0.75,37,0.0,0.0,-0.050,19.3,19,HAYIR,HAYIR
2026-08-16 19:34:22.121,0.80,0.75,37,0.0,0.0,-0.050,19.3,19,HAYIR,HAYIR
2026-08-16 19:34:22.141,0.80,0.75,37,0.0,0.0,-0.050,19.3,19,HAYIR,HAYIR
2026-08-16 19:34:22.161,0.80,0.75,37,0.0,0.0,-0.050,19.3,19,HAYIR,HAYIR
2026-08-16 19:34:22.181,0.80,0.75,37,0.0,0.0,-0.050,19.3,19,HAYIR,HAYIR
2026-08-16 19:34:22.201,0.80,0.75,37,0.0,0.0,-0.050,19.3,19,HAYIR,HAYIR
2026-08-16 19:34:22.221,0.80,0.75,37,0.0,0.0,-0.050,19.3,19,HAYIR,HAYIR
2026-08-16 19:34:22.241,0.80,0.75,37,0.0,0.0,-0.050,19.3,19,HAYIR,HAYIR
2026-08-16 19:34:22.261,0.80,0.75,37,0.0,0.0,-0.050,19.3,19,HAYIR,HAYIR
2026-08-16 19:34:22.281,0.80,0.75,37,0.0,0.0,-0.050,19.3,19,HAYIR,HAYIR
2026-08-16 19:34:22.301,0.80,0.75,37,0.0,0.0,-0.050,19.3,19,HAYIR,HAYIR
2026-08-16 19:34:22.321,0.80,0.75,37,0.0,0.0,-0.050,19.3,19,HAYIR,HAYIR
2026-08-16 19:34:22.341,0.80,0.75,37,0.0,0.0,-0.050,19.3,19,HAYIR,HAYIR
2026-08-16 19:34:22.361,0.80,0.75,37,0.0,0.0,-0.050,19.3,19,HAYIR,HAYIR
2026-08-16 19:34:22.381,0.80,0.75,37,0.0,0.0,-0.050,19.3,19,HAYIR,HAYIR
2026-08-16 19:34:22.401,0.80,0.75,37,0.0,0.0,-0.050,19.3,19,HAYIR,HAYIR
2026-08-16 19:34:22.421,0.80,0.75,37,0.0,0.0,-0.050,19.3,19,HAYIR,HAYIR
2026-08-16 19:34:22.441,0.80,0.75,37,0.0,0.0,-0.050,19.3,19,HAYIR,HAYIR
2026-08-16 19:34:22.461,0.80,0.75,37,0.0,0.0,-0.050,19.3,19,HAYIR,HAYIR
2026-08-16 19:34:22.481,0.80,0.75,37,0.0,0.0,-0.050,19.3,19,HAYIR,HAYIR
2026-08-16 19:34:22.501,0.80,0.75,37,0.0,0.0,-0.050,19.3,19,HAYIR,HAYIR
2026-08-16 19:34:22.521,0.80,0.75,37,0.0,0.0,-0.050,19.3,19,HAYIR,HAYIR
2026-08-16 19:34:22.541,0.80,0.75,37,0.0,0.0,-0.050,19.3,19,HAYIR,HAYIR
2026-08-16 19:34:22.561,0.80,0.75,37,0.0,0.0,-0.050,19.3,19,HAYIR,HAYIR
2026-08-16 19:34:22.581,0.80,0.75,37,0.0,0.0,-0.050,19.3,19,HAYIR,HAYIR
2026-08-16 19:34:22.601,0.80,0.75,37,0.0,0.0,-0.050,19.3,19,HAYIR,HAYIR
2026-08-16 19:34:22.621,0.80,0.75,37,0.0,0.0,-0.050,19.3,19,HAYIR,HAYIR
2026-08-16 19:34:22.641,0.80,0.75,37,0.0,0.0,-0.050,19.3,19,HAYIR,HAYIR
2026-08-16 19:34:22.661,0.80,0.75,37,0.0,0.0,-0.050,19.3,19,HAYIR,HAYIR
2026-08-16 19:34:22.681,0.80,0.75,37,0.0,0.0,-0.050,19.3,19,HAYIR,HAYIR
2026-08-16 19:34:22.701,0.80,0.75,37,0.0,0.0,-0.050,19.3,19,HAYIR,HAYIR
2026-08-16 19:34:22.721,0.80,0.75,37,0.0,0.0,-0.050,19.3,19,HAYIR,HAYIR
2026-08-16 19:34:22.741,0.80,0.75,37,0.0,0.0,-0.050,19.3,19,HAYIR,HAYIR
2026-08-16 19:34:22.761,0.80,0.75,37,0.0,0.0,-0.050,19.3,19,HAYIR,HAYIR
2026-08-16 19:34:22.781,0.80,0.75,37,0.0,0.0,-0.050,19.3,19,HAYIR,HAYIR
2026-08-16 19:34:22.801,0.80,0.75,37,0.0,0.0,-0.050,19.3,19,HAYIR,HAYIR
2026-08-16 19:34:22.821,0.80,0.75,37,0.0,0.0,-0.050,19.3,19,HAYIR,HAYIR
2026-08-16 19:34:22.841,0.80,0.75,37,0.0,0.0,-0.050,19.3,19,HAYIR,HAYIR
2026-08-16 19:34:22.861,0.80,0.75,37,0.0,0.0,-0.050,19.3,19,HAYIR,HAYIR
2026-08-16 19:34:22.881,0.80,0.75,37,0.0,0.0,-0.050,19.3,19,HAYIR,HAYIR
2026-08-16 19:34:22.901,0.80,0.75,37,0.0,0.0,-0.050,19.3,19,HAYIR,HAYIR
2026-08-16 19:34:22.921,0.80,0.75,37,0.0,0.0,-0.050,19.3,19,HAYIR,HAYIR
2026-08-16 19:34:22.941,0.80,0.75,37,0.0,0.0,-0.050,19.3,19,HAYIR,HAYIR
2026-08-16 19:34:22.961,0.80,0.75,37,0.0,0.0,-0.050,19.3,19,HAYIR,HAYIR
2026-08-16 19:34:22.981,0.80,0.75,37,0.0,0.0,-0.050,19.3,19,HAYIR,HAYIR
2026-08-16 19:34:23.001,0.80,0.75,37,0.0,0.0,-0.050,19.3,19,HAYIR,HAYIR
2026-08-16 19:34:23.021,0.80,0.75,37,0.0,0.0,-0.050,19.3,19,HAYIR,HAYIR
2026-08-16 19:34:23.041,0.80,0.75,37,0.0,0.0,-0.050,19.3,19,HAYIR,HAYIR
2026-08-16 19:34:23.061,0.80,0.75,37,0.0,0.0,-0.050,19.3,19,HAYIR,HAYIR
2026-08-16 19:34:23.081,0.80,0.75,37,0.0,0.0,-0.050,19.3,19,HAYIR,HAYIR
2026-08-16 19:34:23.101,0.80,0.75,37,0.0,0.0,-0.050,19.3,19,HAYIR,HAYIR
2026-08-16 19:34:23.121,0.80,0.75,37,0.0,0.0,-0.050,19.3,19,HAYIR,HAYIR
2026-08-16 19:34:23.141,0.80,0.75,37,0.0,0.0,-0.050,19.3,19,HAYIR,HAYIR
2026-08-16 19:34:23.161,0.80,0.75,37,0.0,0.0,-0.050,19.3,19,HAYIR,HAYIR
2026-08-16 19:34:23.181,0.80,0.75,37,0.0,0.0,-0.050,19.3,19,HAYIR,HAYIR
2026-08-16 19:34:23.201,0.80,0.75,37,0.0,0.0,-0.050,19.3,19,HAYIR,HAYIR
2026-08-16 19:34:23.221,0.80,0.75,37,0.0,0.0,-0.050,19.3,19,HAYIR,HAYIR
2026-08-16 19:34:23.241,0.80,0.75,37,0.0,0.0,-0.050,19.3,19,HAYIR,HAYIR
2026-08-16 19:34:23.261,0.80,0.75,37,0.0,0.0,-0.050,19.3,19,HAYIR,HAYIR
2026-08-16 19:34:23.281,0.80,0.75,37,0.0,0.0,-0.050,19.3,19,HAYIR,HAYIR
2026-08-16 19:34:23.301,0.80,0.75,37,0.0,0.0,-0.050,19.3,19,HAYIR,HAYIR
2026-08-16 19:34:23.321,0.80,0.75,37,0.0,0.0,-0.050,19.3,19,HAYIR,HAYIR
2026-08-16 19:34:23.341,0.80,0.75,37,0.0,0.0,-0.050,19.3,19,HAYIR,HAYIR
2026-08-16 19:34:23.361,0.80,0.75,37,0.0,0.0,-0.050,19.3,19,HAYIR,HAYIR
2026-08-16 19:34:23.381,0.80,0.75,37,0.0,0.0,-0.050,19.3,19,HAYIR,HAYIR
2026-08-16 19:34:23.401,0.80,0.75,37,0.0,0.0,-0.050,19.3,19,HAYIR,HAYIR
2026-08-16 19:34:23.421,0.80,0.75,37,0.0,0.0,-0.050,19.3,19,HAYIR,HAYIR
2026-08-16 19:34:23.441,0.80,0.75,37,0.0,0.0,-0.050,19.3,19,HAYIR,HAYIR
2026-08-16 19:34:23.461,0.80,0.75,37,0.0,0.0,-0.050,19.3,19,HAYIR,HAYIR
2026-08-16 19:34:23.481,0.80,0.75,37,0.0,0.0,-0.050,19.3,19,HAYIR,HAYIR
2026-08-16 19:34:23.501,0.80,0.75,37,0.0,0.0,-0.050,19.3,19,HAYIR,HAYIR
2026-08-16 19:34:23.521,0.80,0.75,37,0.0,0.0,-0.050,19.3,19,HAYIR,HAYIR
2026-08-16 19:34:23.541,0.80,0.75,37,0.0,0.0,-0.050,19.3,19,HAYIR,HAYIR
2026-08-16 19:34:23.561,0.80,0.75,37,0.0,0.0,-0.050,19.3,19,HAYIR,HAYIR
2026-08-16 19:34:23.581,0.80,0.75,37,0.0,0.0,-0.050,19.3,19,HAYIR,HAYIR
2026-08-16 19:34:23.601,0.80,0.75,37,0.0,0.0,-0.050,19.3,19,HAYIR,HAYIR
2026-08-16 19:34:23.621,0.80,0.75,37,0.0,0.0,-0.050,19.3,19,HAYIR,HAYIR
2026-08-16 19:34:23.641,0.80,0.75,37,0.0,0.0,-0.050,19.3,19,HAYIR,HAYIR
2026-08-16 19:34:23.661,0.80,0.75,37,0.0,0.0,-0.050,19.3,19,HAYIR,HAYIR
2026-08-16 19:34:23.681,0.80,0.75,37,0.0,0.0,-0.050,19.3,19,HAYIR,HAYIR
2026-08-16 19:34:23.701,0.80,0.75,37,0.0,0.0,-0.050,19.3,19,HAYIR,HAYIR
2026-08-16 19:34:23.721,0.80,0.75,37,0.0,0.0,-0.050,19.3,19,HAYIR,HAYIR
2026-08-16 19:34:23.741,0.80,0.75,37,0.0,0.0,-0.050,19.3,19,HAYIR,HAYIR
2026-08-16 19:34:23.761,0.80,0.75,37,0.0,0.0,-0.050,19.3,19,HAYIR,HAYIR
2026-08-16 19:34:23.781,0.80,0.75,37,0.0,0.0,-0.050,19.3,19,HAYIR,HAYIR
2026-08-16 19:34:23.801,0.80,0.75,37,0.0,0.0,-0.050,19.3,19,HAYIR,HAYIR
2026-08-16 19:34:23.821,0.80,0.75,37,0.0,0.0,-0.050,19.3,19,HAYIR,HAYIR
2026-08-16 19:34:23.841,0.80,0.75,37,0.0,0.0,-0.050,19.3,19,HAYIR,HAYIR
2026-08-16 19:34:23.861,0.80,0.75,37,0.0,0.0,-0.050,19.3,19,HAYIR,HAYIR
2026-08-16 19:34:23.881,0.80,0.75,37,0.0,0.0,-0.050,19.3,19,HAYIR,HAYIR
2026-08-16 19:34:23.901,0.80,0.75,37,0.0,0.0,-0.050,19.3,19,HAYIR,HAYIR
2026-08-16 19:34:23.921,0.80,0.75,37,0.0,0.0,-0.050,19.3,19,HAYIR,HAYIR
2026-08-16 19:34:23.941,0.80,0.75,37,0.0,0.0,-0.050,19.3,19,HAYIR,HAYIR
2026-08-16 19:34:23.961,0.80,0.75,37,0.0,0.0,-0.050,19.3,19,HAYIR,HAYIR
2026-08-16 19:34:23.981,0.80,0.75,37,0.0,0.0,-0.050,19.3,19,HAYIR,HAYIR
2026-08-16 19:34:24.001,0.80,0.75,37,0.0,0.0,-0.050,19.3,19,HAYIR,HAYIR
2026-08-16 19:34:24.021,0.80,0.75,37,0.0,0.0,-0.050,19.3,19,HAYIR,HAYIR
2026-08-16 19:34:24.041,0.80,0.75,37,0.0,0.0,-0.050,19.3,19,HAYIR,HAYIR
2026-08-16 19:34:24.061,0.80,0.75,37,0.0,0.0,-0.050,19.3,19,HAYIR,HAYIR
2026-08-16 19:34:24.081,0.80,0.75,37,0.0,0.0,-0.050,19.3,19,HAYIR,HAYIR
2026-08-16 19:34:24.101,0.80,0.75,37,0.0,0.0,-0.050,19.3,19,HAYIR,HAYIR
2026-08-16 19:34:24.121,0.80,0.75,37,0.0,0.0,-0.050,19.3,19,HAYIR,HAYIR
2026-08-16 19:34:24.141,0.80,0.75,37,0.0,0.0,-0.050,19.3,19,HAYIR,HAYIR
2026-08-16 19:34:24.161,0.80,0.75,37,0.0,0.0,-0.050,19.3,19,HAYIR,HAYIR
2026-08-16 19:34:24.181,0.80,0.75,37,0.0,0.0,-0.050,19.3,19,HAYIR,HAYIR
2026-08-16 19:34:24.201,0.80,0.75,37,0.0,0.0,-0.050,19.3,19,HAYIR,HAYIR
2026-08-16 19:34:24.221,0.80,0.75,37,0.0,0.0,-0.050,19.3,19,HAYIR,HAYIR
2026-08-16 19:34:24.241,0.80,0.75,37,0.0,0.0,-0.050,19.3,19,HAYIR,HAYIR
2026-08-16 19:34:24.261,0.80,0.75,37,0.0,0.0,-0.050,19.3,19,HAYIR,HAYIR
2026-08-16 19:34:24.281,0.80,0.75,37,0.0,0.0,-0.050,19.3,19,HAYIR,HAYIR
2026-08-16 19:34:24.301,0.80,0.75,37,0.0,0.0,-0.050,19.3,19,HAYIR,HAYIR
2026-08-16 19:34:24.321,0.80,0.75,37,0.0,0.0,-0.050,19.3,19,HAYIR,HAYIR
2026-08-16 19:34:24.341,0.80,0.75,37,0.0,0.0,-0.050,19.3,19,HAYIR,HAYIR
2026-08-16 19:34:24.361,0.80,0.75,37,0.0,0.0,-0.050,19.3,19,HAYIR,HAYIR
2026-08-16 19:34:24.381,0.80,0.75,37,0.0,0.0,-0.050,19.3,19,HAYIR,HAYIR
2026-08-16 19:34:24.401,0.80,0.75,37,0.0,0.0,-0.050,19.3,19,HAYIR,HAYIR
2026-08-16 19:34:24.421,0.80,0.75,37,0.0,0.0,-0.050,19.3,19,HAYIR,HAYIR
2026-08-16 19:34:24.441,0.80,0.75,37,0.0,0.0,-0.050,19.3,19,HAYIR,HAYIR
2026-08-16 19:34:24.461,0.80,0.75,37,0.0,0.0,-0.050,19.3,19,HAYIR,HAYIR
2026-08-16 19:34:24.481,0.80,0.75,37,0.0,0.0,-0.050,19.3,19,HAYIR,HAYIR
2026-08-16 19:34:24.501,0.80,0.75,37,0.0,0.0,-0.050,19.3,19,HAYIR,HAYIR
2026-08-16 19:34:24.521,0.80,0.75,37,0.0,0.0,-0.050,19.3,19,HAYIR,HAYIR
2026-08-16 19:34:24.541,0.80,0.75,37,0.0,0.0,-0.050,19.3,19,HAYIR,HAYIR
2026-08-16 19:34:24.561,0.80,0.75,37,0.0,0.0,-0.050,19.3,19,HAYIR,HAYIR
2026-08-16 19:34:24.581,0.80,0.75,37,0.0,0.0,-0.050,19.3,19,HAYIR,HAYIR
2026-08-16 19:34:24.601,0.80,0.75,37,0.0,0.0,-0.050,19.3,19,HAYIR,HAYIR
2026-08-16 19:34:24.621,0.80,0.75,37,0.0,0.0,-0.050,19.3,19,HAYIR,HAYIR
2026-08-16 19:34:24.641,0.80,0.75,37,0.0,0.0,-0.050,19.3,19,HAYIR,HAYIR
2026-08-16 19:34:24.661,0.80,0.75,37,0.0,0.0,-0.050,19.3,19,HAYIR,HAYIR
2026-08-16 19:34:24.681,0.80,0.75,37,0.0,0.0,-0.050,19.3,19,HAYIR,HAYIR
2026-08-16 19:34:24.701,0.80,0.75,37,0.0,0.0,-0.050,19.3,19,HAYIR,HAYIR
2026-08-16 19:34:24.721,0.80,0.75,37,0.0,0.0,-0.050,19.3,19,HAYIR,HAYIR
2026-08-16 19:34:24.741,0.80,0.75,37,0.0,0.0,-0.050,19.3,19,HAYIR,HAYIR
2026-08-16 19:34:24.761,0.80,0.75,37,0.0,0.0,-0.050,19.3,19,HAYIR,HAYIR
2026-08-16 19:34:24.781,0.80,0.75,37,0.0,0.0,-0.050,19.3,19,HAYIR,HAYIR
2026-08-16 19:34:24.801,0.80,0.75,37,0.0,0.0,-0.050,19.3,19,HAYIR,HAYIR
2026-08-16 19:34:24.821,0.80,0.75,37,0.0,0.0,-0.050,19.3,19,HAYIR,HAYIR
2026-08-16 19:34:24.841,0.80,0.75,37,0.0,0.0,-0.050,19.3,19,HAYIR,HAYIR
2026-08-16 19:34:24.861,0.80,0.75,37,0.0,0.0,-0.050,19.3,19,HAYIR,HAYIR
2026-08-16 19:34:24.881,0.80,0.75,37,0.0,0.0,-0.050,19.3,19,HAYIR,HAYIR
2026-08-16 19:34:24.901,0.80,0.75,37,0.0,0.0,-0.050,19.3,19,HAYIR,HAYIR
2026-08-16 19:34:24.921,0.80,0.75,37,0.0,0.0,-0.050,19.3,19,HAYIR,HAYIR
2026-08-16 19:34:24.941,0.80,0.75,37,0.0,0.0,-0.050,19.3,19,HAYIR,HAYIR
2026-08-16 19:34:24.961,0.80,0.75,37,0.0,0.0,-0.050,19.3,19,HAYIR,HAYIR
2026-08-16 19:34:24.981,0.80,0.75,37,0.0,0.0,-0.050,19.3,19,HAYIR,HAYIR
2026-08-16 19:34:25.001,0.80,0.75,37,0.0,0.0,-0.050,19.3,19,HAYIR,HAYIR
2026-08-16 19:34:25.021,0.80,0.75,37,0.0,0.0,-0.050,19.3,19,HAYIR,HAYIR
2026-08-16 19:34:25.041,0.80,0.75,37,0.0,0.0,-0.050,19.3,19,HAYIR,HAYIR
2026-08-16 19:34:25.061,0.80,0.75,37,0.0,0.0,-0.050,19.3,19,HAYIR,HAYIR
2026-08-16 19:34:25.081,0.80,0.75,37,0.0,0.0,-0.050,19.3,19,HAYIR,HAYIR
2026-08-16 19:34:25.101,0.80,0.75,37,0.0,0.0,-0.050,19.3,19,HAYIR,HAYIR
2026-08-16 19:34:25.121,0.80,0.75,37,0.0,0.0,-0.050,19.3,19,HAYIR,HAYIR
2026-08-16 19:34:25.141,0.80,0.75,37,0.0,0.0,-0.050,19.3,19,HAYIR,HAYIR
2026-08-16 19:34:25.161,0.80,0.75,37,0.0,0.0,-0.050,19.3,19,HAYIR,HAYIR
2026-08-16 19:34:25.181,0.80,0.75,37,0.0,0.0,-0.050,19.3,19,HAYIR,HAYIR
2026-08-16 19:34:25.201,0.80,0.75,37,0.0,0.0,-0.050,19.3,19,HAYIR,HAYIR
2026-08-16 19:34:25.221,0.80,0.75,37,0.0,0.0,-0.050,19.3,19,HAYIR,HAYIR
2026-08-16 19:34:25.241,0.80,0.75,37,0.0,0.0,-0.050,19.3,19,HAYIR,HAYIR
2026-08-16 19:34:25.261,0.80,0.75,37,0.0,0.0,-0.050,19.3,19,HAYIR,HAYIR
2026-08-16 19:34:25.281,0.80,0.75,37,0.0,0.0,-0.050,19.3,19,HAYIR,HAYIR
2026-08-16 19:34:25.301,0.80,0.75,37,0.0,0.0,-0.050,19.3,19,HAYIR,HAYIR
2026-08-16 19:34:25.321,0.80,0.75,37,0.0,0.0,-0.050,19.3,19,HAYIR,HAYIR
2026-08-16 19:34:25.341,0.80,0.75,37,0.0,0.0,-0.050,19.3,19,HAYIR,HAYIR
2026-08-16 19:34:25.361,0.80,0.75,37,0.0,0.0,-0.050,19.3,19,HAYIR,HAYIR
2026-08-16 19:34:25.381,0.80,0.75,37,0.0,0.0,-0.050,19.3,19,HAYIR,HAYIR
2026-08-16 19:34:25.401,0.80,0.75,37,0.0,0.0,-0.050,19.3,19,HAYIR,HAYIR
2026-08-16 19:34:25.421,0.80,0.75,37,0.0,0.0,-0.050,19.3,19,HAYIR,HAYIR
2026-08-16 19:34:25.441,0.80,0.75,37,0.0,0.0,-0.050,19.3,19,HAYIR,HAYIR
2026-08-16 19:34:25.461,0.80,0.75,37,0.0,0.0,-0.050,19.3,19,HAYIR,HAYIR
2026-08-16 19:34:25.481,0.80,0.75,37,0.0,0.0,-0.050,19.3,19,HAYIR,HAYIR
2026-08-16 19:34:25.501,0.80,0.75,37,0.0,0.0,-0.050,19.3,19,HAYIR,HAYIR
2026-08-16 19:34:25.521,0.80,0.75,37,0.0,0.0,-0.050,19.3,19,HAYIR,HAYIR
2026-08-16 19:34:25.541,0.80,0.75,37,0.0,0.0,-0.050,19.3,19,HAYIR,HAYIR
2026-08-16 19:34:25.561,0.80,0.75,37,0.0,0.0,-0.050,19.3,19,HAYIR,HAYIR
2026-08-16 19:34:25.581,0.80,0.75,37,0.0,0.0,-0.050,19.3,19,HAYIR,HAYIR
2026-08-16 19:34:25.601,0.80,0.75,37,0.0,0.0,-0.050,19.3,19,HAYIR,HAYIR
2026-08-16 19:34:25.621,0.80,0.75,37,0.0,0.0,-0.050,19.3,19,HAYIR,HAYIR
2026-08-16 19:34:25.641,0.80,0.75,37,0.0,0.0,-0.050,19.3,19,HAYIR,HAYIR
2026-08-16 19:34:25.661,0.80,0.75,37,0.0,0.0,-0.050,19.3,19,HAYIR,HAYIR
2026-08-16 19:34:25.681,0.80,0.75,37,0.0,0.0,-0.050,19.3,19,HAYIR,HAYIR
2026-08-16 19:34:25.701,0.80,0.75,37,0.0,0.0,-0.050,19.3,19,HAYIR,HAYIR
2026-08-16 19:34:25.721,0.80,0.75,37,0.0,0.0,-0.050,19.3,19,HAYIR,HAYIR
2026-08-16 19:34:25.741,0.80,0.75,37,0.0,0.0,-0.050,19.3,19,HAYIR,HAYIR
2026-08-16 19:34:25.761,0.80,0.75,37,0.0,0.0,-0.050,19.3,19,HAYIR,HAYIR
2026-08-16 19:34:25.781,0.80,0.75,37,0.0,0.0,-0.050,19.3,19,HAYIR,HAYIR
2026-08-16 19:34:25.801,0.80,0.75,37,0.0,0.0,-0.050,19.3,19,HAYIR,HAYIR
2026-08-16 19:34:25.821,0.80,0.75,37,0.0,0.0,-0.050,19.3,19,HAYIR,HAYIR
2026-08-16 19:34:25.841,0.80,0.75,37,0.0,0.0,-0.050,19.3,19,HAYIR,HAYIR
2026-08-16 19:34:25.861,0.80,0.75,37,0.0,0.0,-0.050,19.3,19,HAYIR,HAYIR
2026-08-16 19:34:25.881,0.80,0.75,37,0.0,0.0,-0.050,19.3,19,HAYIR,HAYIR
2026-08-16 19:34:25.901,0.80,0.75,37,0.0,0.0,-0.050,19.3,19,HAYIR,HAYIR
2026-08-16 19:34:25.921,0.80,0.75,37,0.0,0.0,-0.050,19.3,19,HAYIR,HAYIR
2026-08-16 19:34:25.941,0.80,0.75,37,0.0,0.0,-0.050,19.3,19,HAYIR,HAYIR
2026-08-16 19:34:25.961,0.80,0.75,37,0.0,0.0,-0.050,19.3,19,HAYIR,HAYIR
2026-08-16 19:34:25.981,0.80,0.75,37,0.0,0.0,-0.050,19.3,19,HAYIR,HAYIR
2026-08-16 19:34:26.001,0.80,0.75,37,0.0,0.0,-0.050,19.3,19,HAYIR,HAYIR
2026-08-16 19:34:26.021,0.80,0.75,37,0.0,0.0,-0.050,19.3,19,HAYIR,HAYIR
2026-08-16 19:34:26.041,0.80,0.75,37,0.0,0.0,-0.050,19.3,19,HAYIR,HAYIR
2026-08-16 19:34:26.061,0.80,0.75,37,0.0,0.0,-0.050,19.3,19,HAYIR,HAYIR
2026-08-16 19:34:26.081,0.80,0.75,37,0.0,0.0,-0.050,19.3,19,HAYIR,HAYIR
2026-08-16 19:34:26.101,0.80,0.75,37,0.0,0.0,-0.050,19.3,19,HAYIR,HAYIR
2026-08-16 19:34:26.121,0.80,0.75,37,0.0,0.0,-0.050,19.3,19,HAYIR,HAYIR
2026-08-16 19:34:26.141,0.80,0.75,37,0.0,0.0,-0.050,19.3,19,HAYIR,HAYIR
2026-08-16 19:34:26.161,0.80,0.75,37,0.0,0.0,-0.050,19.3,19,HAYIR,HAYIR
2026-08-16 19:34:26.181,0.80,0.75,37,0.0,0.0,-0.050,19.3,19,HAYIR,HAYIR
2026-08-16 19:34:26.201,0.80,0.75,37,0.0,0.0,-0.050,19.3,19,HAYIR,HAYIR
2026-08-16 19:34:26.221,0.80,0.75,37,0.0,0.0,-0.050,19.3,19,HAYIR,HAYIR
2026-08-16 19:34:26.241,0.80,0.75,37,0.0,0.0,-0.050,19.3,19,HAYIR,HAYIR
2026-08-16 19:34:26.261,0.80,0.75,37,0.0,0.0,-0.050,19.3,19,HAYIR,HAYIR
2026-08-16 19:34:26.281,0.80,0.75,37,0.0,0.0,-0.050,19.3,19,HAYIR,HAYIR
2026-08-16 19:34:26.301,0.80,0.75,37,0.0,0.0,-0.050,19.3,19,HAYIR,HAYIR
2026-08-16 19:34:26.321,0.80,0.75,37,0.0,0.0,-0.050,19.3,19,HAYIR,HAYIR
2026-08-16 19:34:26.341,0.80,0.75,37,0.0,0.0,-0.050,19.3,19,HAYIR,HAYIR
2026-08-16 19:34:26.361,0.80,0.75,37,0.0,0.0,-0.050,19.3,19,HAYIR,HAYIR
2026-08-16 19:34:26.381,0.80,0.75,37,0.0,0.0,-0.050,19.3,19,HAYIR,HAYIR
2026-08-16 19:34:26.401,0.80,0.75,37,0.0,0.0,-0.050,19.3,19,HAYIR,HAYIR
2026-08-16 19:34:26.421,0.80,0.75,37,0.0,0.0,-0.050,19.3,19,HAYIR,HAYIR
2026-08-16 19:34:26.441,0.80,0.75,37,0.0,0.0,-0.050,19.3,19,HAYIR,HAYIR
2026-08-16 19:34:26.461,0.80,0.75,37,0.0,0.0,-0.050,19.3,19,HAYIR,HAYIR
2026-08-16 19:34:26.481,0.80,0.75,37,0.0,0.0,-0.050,19.3,19,HAYIR,HAYIR
2026-08-16 19:34:26.501,0.80,0.75,37,0.0,0.0,-0.050,19.3,19,HAYIR,HAYIR
2026-08-16 19:34:26.521,0.80,0.75,37,0.0,0.0,-0.050,19.3,19,HAYIR,HAYIR
2026-08-16 19:34:26.541,0.80,0.75,37,0.0,0.0,-0.050,19.3,19,HAYIR,HAYIR
2026-08-16 19:34:26.561,0.80,0.75,37,0.0,0.0,-0.050,19.3,19,HAYIR,HAYIR
2026-08-16 19:34:26.581,0.80,0.75,37,0.0,0.0,-0.050,19.3,19,HAYIR,HAYIR
2026-08-16 19:34:26.601,0.80,0.75,37,0.0,0.0,-0.050,19.3,19,HAYIR,HAYIR
2026-08-16 19:34:26.621,0.80,0.75,37,0.0,0.0,-0.050,19.3,19,HAYIR,HAYIR
2026-08-16 19:34:26.641,0.80,0.75,37,0.0,0.0,-0.050,19.3,19,HAYIR,HAYIR
2026-08-16 19:34:26.661,0.80,0.75,37,0.0,0.0,-0.050,19.3,19,HAYIR,HAYIR
2026-08-16 19:34:26.681,0.80,0.75,37,0.0,0.0,-0.050,19.3,19,HAYIR,HAYIR
2026-08-16 19:34:26.701,0.80,0.75,37,0.0,0.0,-0.050,19.3,19,HAYIR,HAYIR
2026-08-16 19:34:26.721,0.80,0.75,37,0.0,0.0,-0.050,19.3,19,HAYIR,HAYIR
2026-08-16 19:34:26.741,0.80,0.75,37,0.0,0.0,-0.050,19.3,19,HAYIR,HAYIR
2026-08-16 19:34:26.761,0.80,0.75,37,0.0,0.0,-0.050,19.3,19,HAYIR,HAYIR
2026-08-16 19:34:26.781,0.80,0.75,37,0.0,0.0,-0.050,19.3,19,HAYIR,HAYIR
2026-08-16 19:34:26.801,0.80,0.75,37,0.0,0.0,-0.050,19.3,19,HAYIR,HAYIR
2026-08-16 19:34:26.821,0.80,0.75,37,0.0,0.0,-0.050,19.3,19,HAYIR,HAYIR
2026-08-16 19:34:26.841,0.80,0.75,37,0.0,0.0,-0.050,19.3,19,HAYIR,HAYIR
2026-08-16 19:34:26.861,0.80,0.75,37,0.0,0.0,-0.050,19.3,19,HAYIR,HAYIR
2026-08-16 19:34:26.881,0.80,0.75,37,0.0,0.0,-0.050,19.3,19,HAYIR,HAYIR
2026-08-16 19:34:26.901,0.80,0.75,37,0.0,0.0,-0.050,19.3,19,HAYIR,HAYIR
2026-08-16 19:34:26.921,0.80,0.75,37,0.0,0.0,-0.050,19.3,19,HAYIR,HAYIR
2026-08-16 19:34:26.941,0.80,0.75,37,0.0,0.0,-0.050,19.3,19,HAYIR,HAYIR
2026-08-16 19:34:26.961,0.80,0.75,37,0.0,0.0,-0.050,19.3,19,HAYIR,HAYIR
2026-08-16 19:34:26.981,0.80,0.75,37,0.0,0.0,-0.050,19.3,19,HAYIR,HAYIR
2026-08-16 19:34:27.001,0.80,0.75,37,0.0,0.0,-0.050,19.3,19,HAYIR,HAYIR
2026-08-16 19:34:27.021,0.80,0.75,37,0.0,0.0,-0.050,19.3,19,HAYIR,HAYIR
2026-08-16 19:34:27.041,0.80,0.75,37,0.0,0.0,-0.050,19.3,19,HAYIR,HAYIR
2026-08-16 19:34:27.061,0.80,0.75,37,0.0,0.0,-0.050,19.3,19,HAYIR,HAYIR
2026-08-16 19:34:27.081,0.80,0.75,37,0.0,0.0,-0.050,19.3,19,HAYIR,HAYIR
2026-08-16 19:34:27.101,0.80,0.75,37,0.0,0.0,-0.050,19.3,19,HAYIR,HAYIR
2026-08-16 19:34:27.121,0.80,0.75,37,0.0,0.0,-0.050,19.3,19,HAYIR,HAYIR
2026-08-16 19:34:27.141,0.80,0.75,37,0.0,0.0,-0.050,19.3,19,HAYIR,HAYIR
2026-08-16 19:34:27.161,0.80,0.75,37,0.0,0.0,-0.050,19.3,19,HAYIR,HAYIR
2026-08-16 19:34:27.181,0.80,0.75,37,0.0,0.0,-0.050,19.3,19,HAYIR,HAYIR
2026-08-16 19:34:27.201,0.80,0.75,37,0.0,0.0,-0.050,19.3,19,HAYIR,HAYIR
2026-08-16 19:34:27.221,0.80,0.75,37,0.0,0.0,-0.050,19.3,19,HAYIR,HAYIR
2026-08-16 19:34:27.241,0.80,0.75,37,0.0,0.0,-0.050,19.3,19,HAYIR,HAYIR
2026-08-16 19:34:27.261,0.80,0.75,37,0.0,0.0,-0.050,19.3,19,HAYIR,HAYIR
2026-08-16 19:34:27.281,0.80,0.75,37,0.0,0.0,-0.050,19.3,19,HAYIR,HAYIR
2026-08-16 19:34:27.301,0.80,0.75,37,0.0,0.0,-0.050,19.3,19,HAYIR,HAYIR
2026-08-16 19:34:27.321,0.80,0.75,37,0.0,0.0,-0.050,19.3,19,HAYIR,HAYIR
2026-08-16 19:34:27.341,0.80,0.75,37,0.0,0.0,-0.050,19.3,19,HAYIR,HAYIR
2026-08-16 19:34:27.361,0.80,0.75,37,0.0,0.0,-0.050,19.3,19,HAYIR,HAYIR
2026-08-16 19:34:27.381,0.80,0.75,37,0.0,0.0,-0.050,19.3,19,HAYIR,HAYIR
2026-08-16 19:34:27.401,0.80,0.75,37,0.0,0.0,-0.050,19.3,19,HAYIR,HAYIR
2026-08-16 19:34:27.421,0.80,0.75,37,0.0,0.0,-0.050,19.3,19,HAYIR,HAYIR
2026-08-16 19:34:27.441,0.80,0.75,37,0.0,0.0,-0.050,19.3,19,HAYIR,HAYIR
2026-08-16 19:34:27.461,0.80,0.75,37,0.0,0.0,-0.050,19.3,19,HAYIR,HAYIR
2026-08-16 19:34:27.481,0.80,0.75,37,0.0,0.0,-0.050,19.3,19,HAYIR,HAYIR
2026-08-16 19:34:27.501,0.80,0.75,37,0.0,0.0,-0.050,19.3,19,HAYIR,HAYIR
2026-08-16 19:34:27.521,0.80,0.75,37,0.0,0.0,-0.050,19.3,19,HAYIR,HAYIR
2026-08-16 19:34:27.541,0.80,0.75,37,0.0,0.0,-0.050,19.3,19,HAYIR,HAYIR
2026-08-16 19:34:27.561,0.80,0.75,37,0.0,0.0,-0.050,19.3,19,HAYIR,HAYIR
2026-08-16 19:34:27.581,0.80,0.75,37,0.0,0.0,-0.050,19.3,19,HAYIR,HAYIR
2026-08-16 19:34:27.601,0.80,0.75,37,0.0,0.0,-0.050,19.3,19,HAYIR,HAYIR
2026-08-16 19:34:27.621,0.80,0.75,37,0.0,0.0,-0.050,19.3,19,HAYIR,HAYIR
2026-08-16 19:34:27.641,0.80,0.75,37,0.0,0.0,-0.050,19.3,19,HAYIR,HAYIR
2026-08-16 19:34:27.661,0.80,0.75,37,0.0,0.0,-0.050,19.3,19,HAYIR,HAYIR
2026-08-16 19:34:27.681,0.80,0.75,37,0.0,0.0,-0.050,19.3,19,HAYIR,HAYIR
2026-08-16 19:34:27.701,0.80,0.75,37,0.0,0.0,-0.050,19.3,19,HAYIR,HAYIR
2026-08-16 19:34:27.721,0.80,0.75,37,0.0,0.0,-0.050,19.3,19,HAYIR,HAYIR
2026-08-16 19:34:27.741,0.80,0.75,37,0.0,0.0,-0.050,19.3,19,HAYIR,HAYIR
2026-08-16 19:34:27.761,0.80,0.75,37,0.0,0.0,-0.050,19.3,19,HAYIR,HAYIR
2026-08-16 19:34:27.781,0.80,0.75,37,0.0,0.0,-0.050,19.3,19,HAYIR,HAYIR
2026-08-16 19:34:27.801,0.80,0.75,37,0.0,0.0,-0.050,19.3,19,HAYIR,HAYIR
2026-08-16 19:34:27.821,0.80,0.75,37,0.0,0.0,-0.050,19.3,19,HAYIR,HAYIR
2026-08-16 19:34:27.841,0.80,0.75,37,0.0,0.0,-0.050,19.3,19,HAYIR,HAYIR
2026-08-16 19:34:27.861,0.80,0.75,37,0.0,0.0,-0.050,19.3,19,HAYIR,HAYIR
2026-08-16 19:34:27.881,0.80,0.75,37,0.0,0.0,-0.050,19.3,19,HAYIR,HAYIR
2026-08-16 19:34:27.901,0.80,0.75,37,0.0,0.0,-0.050,19.3,19,HAYIR,HAYIR
2026-08-16 19:34:27.921,0.80,0.75,37,0.0,0.0,-0.050,19.3,19,HAYIR,HAYIR
2026-08-16 19:34:27.941,0.80,0.75,37,0.0,0.0,-0.050,19.3,19,HAYIR,HAYIR
2026-08-16 19:34:27.961,0.80,0.75,37,0.0,0.0,-0.050,19.3,19,HAYIR,HAYIR
2026-08-16 19:34:27.981,0.80,0.75,37,0.0,0.0,-0.050,19.3,19,HAYIR,HAYIR
2026-08-16 19:34:28.001,0.80,0.75,37,0.0,0.0,-0.050,19.3,19,HAYIR,HAYIR
2026-08-16 19:34:28.021,0.80,0.75,37,0.0,0.0,-0.050,19.3,19,HAYIR,HAYIR
2026-08-16 19:34:28.041,0.80,0.75,37,0.0,0.0,-0.050,19.3,19,HAYIR,HAYIR
2026-08-16 19:34:28.061,0.80,0.75,37,0.0,0.0,-0.050,19.3,19,HAYIR,HAYIR
2026-08-16 19:34:28.081,0.80,0.75,37,0.0,0.0,-0.050,19.3,19,HAYIR,HAYIR
2026-08-16 19:34:28.101,0.80,0.75,37,0.0,0.0,-0.050,19.3,19,HAYIR,HAYIR
2026-08-16 19:34:28.121,0.80,0.75,37,0.0,0.0,-0.050,19.3,19,HAYIR,HAYIR
2026-08-16 19:34:28.141,0.80,0.75,37,0.0,0.0,-0.050,19.3,19,HAYIR,HAYIR
2026-08-16 19:34:28.161,0.80,0.75,37,0.0,0.0,-0.050,19.3,19,HAYIR,HAYIR
2026-08-16 19:34:28.181,0.80,0.75,37,0.0,0.0,-0.050,19.3,19,HAYIR,HAYIR
2026-08-16 19:34:28.201,0.80,0.75,37,0.0,0.0,-0.050,19.3,19,HAYIR,HAYIR
2026-08-16 19:34:28.221,0.80,0.75,37,0.0,0.0,-0.050,19.3,19,HAYIR,HAYIR
2026-08-16 19:34:28.241,0.80,0.75,37,0.0,0.0,-0.050,19.3,19,HAYIR,HAYIR
2026-08-16 19:34:28.261,0.80,0.75,37,0.0,0.0,-0.050,19.3,19,HAYIR,HAYIR
2026-08-16 19:34:28.281,0.80,0.75,37,0.0,0.0,-0.050,19.3,19,HAYIR,HAYIR
2026-08-16 19:34:28.301,0.80,0.75,37,0.0,0.0,-0.050,19.3,19,HAYIR,HAYIR
2026-08-16 19:34:28.321,0.80,0.75,37,0.0,0.0,-0.050,19.3,19,HAYIR,HAYIR
2026-08-16 19:34:28.341,0.80,0.75,37,0.0,0.0,-0.050,19.3,19,HAYIR,HAYIR
2026-08-16 19:34:28.361,0.80,0.75,37,0.0,0.0,-0.050,19.3,19,HAYIR,HAYIR
2026-08-16 19:34:28.381,0.80,0.75,37,0.0,0.0,-0.050,19.3,19,HAYIR,HAYIR
2026-08-16 19:34:28.401,0.80,0.75,37,0.0,0.0,-0.050,19.3,19,HAYIR,HAYIR
2026-08-16 19:34:28.421,0.80,0.75,37,0.0,0.0,-0.050,19.3,19,HAYIR,HAYIR
2026-08-16 19:34:28.441,0.80,0.75,37,0.0,0.0,-0.050,19.3,19,HAYIR,HAYIR
2026-08-16 19:34:28.461,0.80,0.75,37,0.0,0.0,-0.050,19.3,19,HAYIR,HAYIR
2026-08-16 19:34:28.481,0.80,0.75,37,0.0,0.0,-0.050,19.3,19,HAYIR,HAYIR
2026-08-16 19:34:28.501,0.80,0.75,37,0.0,0.0,-0.050,19.3,19,HAYIR,HAYIR
2026-08-16 19:34:28.521,0.80,0.75,37,0.0,0.0,-0.050,19.3,19,HAYIR,HAYIR
2026-08-16 19:34:28.541,0.80,0.75,37,0.0,0.0,-0.050,19.3,19,HAYIR,HAYIR
2026-08-16 19:34:28.561,0.80,0.75,37,0.0,0.0,-0.050,19.3,19,HAYIR,HAYIR
2026-08-16 19:34:28.581,0.80,0.75,37,0.0,0.0,-0.050,19.3,19,HAYIR,HAYIR
2026-08-16 19:34:28.601,0.80,0.75,37,0.0,0.0,-0.050,19.3,19,HAYIR,HAYIR
2026-08-16 19:34:28.621,0.80,0.75,37,0.0,0.0,-0.050,19.3,19,HAYIR,HAYIR
2026-08-16 19:34:28.641,0.80,0.75,37,0.0,0.0,-0.050,19.3,19,HAYIR,HAYIR
2026-08-16 19:34:28.661,0.80,0.75,37,0.0,0.0,-0.050,19.3,19,HAYIR,HAYIR
2026-08-16 19:34:28.681,0.80,0.75,37,0.0,0.0,-0.050,19.3,19,HAYIR,HAYIR
2026-08-16 19:34:28.701,0.80,0.75,37,0.0,0.0,-0.050,19.3,19,HAYIR,HAYIR
2026-08-16 19:34:28.721,0.80,0.75,37,0.0,0.0,-0.050,19.3,19,HAYIR,HAYIR
2026-08-16 19:34:28.741,0.80,0.75,37,0.0,0.0,-0.050,19.3,19,HAYIR,HAYIR
2026-08-16 19:34:28.761,0.80,0.75,37,0.0,0.0,-0.050,19.3,19,HAYIR,HAYIR
2026-08-16 19:34:28.781,0.80,0.75,37,0.0,0.0,-0.050,19.3,19,HAYIR,HAYIR
2026-08-16 19:34:28.801,0.80,0.75,37,0.0,0.0,-0.050,19.3,19,HAYIR,HAYIR
2026-08-16 19:34:28.821,0.80,0.75,37,0.0,0.0,-0.050,19.3,19,HAYIR,HAYIR
2026-08-16 19:34:28.841,0.80,0.75,37,0.0,0.0,-0.050,19.3,19,HAYIR,HAYIR
2026-08-16 19:34:28.861,0.80,0.75,37,0.0,0.0,-0.050,19.3,19,HAYIR,HAYIR
2026-08-16 19:34:28.881,0.80,0.75,37,0.0,0.0,-0.050,19.3,19,HAYIR,HAYIR
2026-08-16 19:34:28.901,0.80,0.75,37,0.0,0.0,-0.050,19.3,19,HAYIR,HAYIR
2026-08-16 19:34:28.921,0.80,0.75,37,0.0,0.0,-0.050,19.3,19,HAYIR,HAYIR
2026-08-16 19:34:28.941,0.80,0.75,37,0.0,0.0,-0.050,19.3,19,HAYIR,HAYIR
2026-08-16 19:34:28.961,0.80,0.75,37,0.0,0.0,-0.050,19.3,19,HAYIR,HAYIR
2026-08-16 19:34:28.981,0.80,0.75,37,0.0,0.0,-0.050,19.3,19,HAYIR,HAYIR
2026-08-16 19:34:29.001,0.80,0.75,37,0.0,0.0,-0.050,19.3,19,HAYIR,HAYIR
2026-08-16 19:34:29.021,0.80,0.75,37,0.0,0.0,-0.050,19.3,19,HAYIR,HAYIR
2026-08-16 19:34:29.041,0.80,0.75,37,0.0,0.0,-0.050,19.3,19,HAYIR,HAYIR
2026-08-16 19:34:29.061,0.80,0.75,37,0.0,0.0,-0.050,19.3,19,HAYIR,HAYIR
2026-08-16 19:34:29.081,0.80,0.75,37,0.0,0.0,-0.050,19.3,19,HAYIR,HAYIR
2026-08-16 19:34:29.101,0.80,0.75,37,0.0,0.0,-0.050,19.3,19,HAYIR,HAYIR
2026-08-16 19:34:29.121,0.80,0.75,37,0.0,0.0,-0.050,19.3,19,HAYIR,HAYIR
2026-08-16 19:34:29.141,0.80,0.75,37,0.0,0.0,-0.050,19.3,19,HAYIR,HAYIR
2026-08-16 19:34:29.161,0.80,0.75,37,0.0,0.0,-0.050,19.3,19,HAYIR,HAYIR
2026-08-16 19:34:29.181,0.80,0.75,37,0.0,0.0,-0.050,19.3,19,HAYIR,HAYIR
2026-08-16 19:34:29.201,0.80,0.75,37,0.0,0.0,-0.050,19.3,19,HAYIR,HAYIR
2026-08-16 19:34:29.221,0.80,0.75,37,0.0,0.0,-0.050,19.3,19,HAYIR,HAYIR
2026-08-16 19:34:29.241,0.80,0.75,37,0.0,0.0,-0.050,19.3,19,HAYIR,HAYIR
2026-08-16 19:34:29.261,0.80,0.75,37,0.0,0.0,-0.050,19.3,19,HAYIR,HAYIR
2026-08-16 19:34:29.281,0.80,0.75,37,0.0,0.0,-0.050,19.3,19,HAYIR,HAYIR
2026-08-16 19:34:29.301,0.80,0.75,37,0.0,0.0,-0.050,19.3,19,HAYIR,HAYIR
2026-08-16 19:34:29.321,0.80,0.75,37,0.0,0.0,-0.050,19.3,19,HAYIR,HAYIR
2026-08-16 19:34:29.341,0.80,0.75,37,0.0,0.0,-0.050,19.3,19,HAYIR,HAYIR
2026-08-16 19:34:29.361,0.80,0.75,37,0.0,0.0,-0.050,19.3,19,HAYIR,HAYIR
2026-08-16 19:34:29.381,0.80,0.75,37,0.0,0.0,-0.050,19.3,19,HAYIR,HAYIR
2026-08-16 19:34:29.401,0.80,0.75,37,0.0,0.0,-0.050,19.3,19,HAYIR,HAYIR
2026-08-16 19:34:29.421,0.80,0.75,37,0.0,0.0,-0.050,19.3,19,HAYIR,HAYIR
2026-08-16 19:34:29.441,0.80,0.75,37,0.0,0.0,-0.050,19.3,19,HAYIR,HAYIR
2026-08-16 19:34:29.461,0.80,0.75,37,0.0,0.0,-0.050,19.3,19,HAYIR,HAYIR
2026-08-16 19:34:29.481,0.80,0.75,37,0.0,0.0,-0.050,19.3,19,HAYIR,HAYIR
2026-08-16 19:34:29.501,0.80,0.75,37,0.0,0.0,-0.050,19.3,19,HAYIR,HAYIR
2026-08-16 19:34:29.521,0.80,0.75,37,0.0,0.0,-0.050,19.3,19,HAYIR,HAYIR
2026-08-16 19:34:29.541,0.80,0.75,37,0.0,0.0,-0.050,19.3,19,HAYIR,HAYIR
2026-08-16 19:34:29.561,0.80,0.75,37,0.0,0.0,-0.050,19.3,19,HAYIR,HAYIR
2026-08-16 19:34:29.581,0.80,0.75,37,0.0,0.0,-0.050,19.3,19,HAYIR,HAYIR
2026-08-16 19:34:29.601,0.80,0.75,37,0.0,0.0,-0.050,19.3,19,HAYIR,HAYIR
2026-08-16 19:34:29.621,0.80,0.75,37,0.0,0.0,-0.050,19.3,19,HAYIR,HAYIR
2026-08-16 19:34:29.641,0.80,0.75,37,0.0,0.0,-0.050,19.3,19,HAYIR,HAYIR
2026-08-16 19:34:29.661,0.80,0.75,37,0.0,0.0,-0.050,19.3,19,HAYIR,HAYIR
2026-08-16 19:34:29.681,0.80,0.75,37,0.0,0.0,-0.050,19.3,19,HAYIR,HAYIR
2026-08-16 19:34:29.701,0.80,0.75,37,0.0,0.0,-0.050,19.3,19,HAYIR,HAYIR
2026-08-16 19:34:29.721,0.80,0.75,37,0.0,0.0,-0.050,19.3,19,HAYIR,HAYIR
2026-08-16 19:34:29.741,0.80,0.75,37,0.0,0.0,-0.050,19.3,19,HAYIR,HAYIR
2026-08-16 19:34:29.761,0.80,0.75,37,0.0,0.0,-0.050,19.3,19,HAYIR,HAYIR
2026-08-16 19:34:29.781,0.80,0.75,37,0.0,0.0,-0.050,19.3,19,HAYIR,HAYIR
2026-08-16 19:34:29.801,0.80,0.75,37,0.0,0.0,-0.050,19.3,19,HAYIR,HAYIR
2026-08-16 19:34:29.821,0.80,0.75,37,0.0,0.0,-0.050,19.3,19,HAYIR,HAYIR
2026-08-16 19:34:29.841,0.80,0.75,37,0.0,0.0,-0.050,19.3,19,HAYIR,HAYIR
2026-08-16 19:34:29.861,0.80,0.75,37,0.0,0.0,-0.050,19.3,19,HAYIR,HAYIR
2026-08-16 19:34:29.881,0.80,0.75,37,0.0,0.0,-0.050,19.3,19,HAYIR,HAYIR
2026-08-16 19:34:29.901,0.80,0.75,37,0.0,0.0,-0.050,19.3,19,HAYIR,HAYIR
2026-08-16 19:34:29.921,0.80,0.75,37,0.0,0.0,-0.050,19.3,19,HAYIR,HAYIR
2026-08-16 19:34:29.941,0.80,0.75,37,0.0,0.0,-0.050,19.3,19,HAYIR,HAYIR
2026-08-16 19:34:29.961,0.80,0.75,37,0.0,0.0,-0.050,19.3,19,HAYIR,HAYIR
2026-08-16 19:34:29.981,0.80,0.75,37,0.0,0.0,-0.050,19.3,19,HAYIR,HAYIR
2026-08-16 19:34:30.001,0.80,0.75,37,0.0,0.0,-0.050,19.3,19,HAYIR,HAYIR
2026-08-16 19:34:30.021,0.80,0.75,37,0.0,0.0,-0.050,19.3,19,HAYIR,HAYIR
2026-08-16 19:34:30.041,0.80,0.75,37,0.0,0.0,-0.050,19.3,19,HAYIR,HAYIR
2026-08-16 19:34:30.061,0.80,0.75,37,0.0,0.0,-0.050,19.3,19,HAYIR,HAYIR
2026-08-16 19:34:30.081,0.80,0.75,37,0.0,0.0,-0.050,19.3,19,HAYIR,HAYIR
2026-08-16 19:34:30.101,0.80,0.75,37,0.0,0.0,-0.050,19.3,19,HAYIR,HAYIR
2026-08-16 19:34:30.121,0.80,0.75,37,0.0,0.0,-0.050,19.3,19,HAYIR,HAYIR
2026-08-16 19:34:30.141,0.80,0.75,37,0.0,0.0,-0.050,19.3,19,HAYIR,HAYIR
2026-08-16 19:34:30.161,0.80,0.75,37,0.0,0.0,-0.050,19.3,19,HAYIR,HAYIR
2026-08-16 19:34:30.181,0.80,0.75,37,0.0,0.0,-0.050,19.3,19,HAYIR,HAYIR
2026-08-16 19:34:30.201,0.80,0.75,37,0.0,0.0,-0.050,19.3,19,HAYIR,HAYIR
2026-08-16 19:34:30.221,0.80,0.75,37,0.0,0.0,-0.050,19.3,19,HAYIR,HAYIR
2026-08-16 19:34:30.241,0.80,0.75,37,0.0,0.0,-0.050,19.3,19,HAYIR,HAYIR
2026-08-16 19:34:30.261,0.80,0.75,37,0.0,0.0,-0.050,19.3,19,HAYIR,HAYIR
2026-08-16 19:34:30.281,0.80,0.75,37,0.0,0.0,-0.050,19.3,19,HAYIR,HAYIR
2026-08-16 19:34:30.301,0.80,0.75,37,0.0,0.0,-0.050,19.3,19,HAYIR,HAYIR
2026-08-16 19:34:30.321,0.80,0.75,37,0.0,0.0,-0.050,19.3,19,HAYIR,HAYIR
2026-08-16 19:34:30.341,0.80,0.75,37,0.0,0.0,-0.050,19.3,19,HAYIR,HAYIR
2026-08-16 19:34:30.361,0.80,0.75,37,0.0,0.0,-0.050,19.3,19,HAYIR,HAYIR
2026-08-16 19:34:30.381,0.80,0.75,37,0.0,0.0,-0.050,19.3,19,HAYIR,HAYIR
2026-08-16 19:34:30.401,0.80,0.75,37,0.0,0.0,-0.050,19.3,19,HAYIR,HAYIR
2026-08-16 19:34:30.421,0.80,0.75,37,0.0,0.0,-0.050,19.3,19,HAYIR,HAYIR
2026-08-16 19:34:30.441,0.80,0.75,37,0.0,0.0,-0.050,19.3,19,HAYIR,HAYIR
2026-08-16 19:34:30.461,0.80,0.75,37,0.0,0.0,-0.050,19.3,19,HAYIR,HAYIR
2026-08-16 19:34:30.481,0.80,0.75,37,0.0,0.0,-0.050,19.3,19,HAYIR,HAYIR
2026-08-16 19:34:30.501,0.80,0.75,37,0.0,0.0,-0.050,19.3,19,HAYIR,HAYIR
2026-08-16 19:34:30.521,0.80,0.75,37,0.0,0.0,-0.050,19.3,19,HAYIR,HAYIR
2026-08-16 19:34:30.541,0.80,0.75,37,0.0,0.0,-0.050,19.3,19,HAYIR,HAYIR
2026-08-16 19:34:30.561,0.80,0.75,37,0.0,0.0,-0.050,19.3,19,HAYIR,HAYIR
2026-08-16 19:34:30.581,0.80,0.75,37,0.0,0.0,-0.050,19.3,19,HAYIR,HAYIR
2026-08-16 19:34:30.601,0.80,0.75,37,0.0,0.0,-0.050,19.3,19,HAYIR,HAYIR
2026-08-16 19:34:30.621,0.80,0.75,37,0.0,0.0,-0.050,19.3,19,HAYIR,HAYIR
2026-08-16 19:34:30.641,0.80,0.75,37,0.0,0.0,-0.050,19.3,19,HAYIR,HAYIR
2026-08-16 19:34:30.661,0.80,0.75,37,0.0,0.0,-0.050,19.3,19,HAYIR,HAYIR
2026-08-16 19:34:30.681,0.80,0.75,37,0.0,0.0,-0.050,19.3,19,HAYIR,HAYIR
2026-08-16 19:34:30.701,0.80,0.75,37,0.0,0.0,-0.050,19.3,19,HAYIR,HAYIR
2026-08-16 19:34:30.721,0.80,0.75,37,0.0,0.0,-0.050,19.3,19,HAYIR,HAYIR
2026-08-16 19:34:30.741,0.80,0.75,37,0.0,0.0,-0.050,19.3,19,HAYIR,HAYIR
2026-08-16 19:34:30.761,0.80,0.75,37,0.0,0.0,-0.050,19.3,19,HAYIR,HAYIR
2026-08-16 19:34:30.781,0.80,0.75,37,0.0,0.0,-0.050,19.3,19,HAYIR,HAYIR
2026-08-16 19:34:30.801,0.80,0.75,37,0.0,0.0,-0.050,19.3,19,HAYIR,HAYIR
2026-08-16 19:34:30.821,0.80,0.75,37,0.0,0.0,-0.050,19.3,19,HAYIR,HAYIR
2026-08-16 19:34:30.841,0.80,0.75,37,0.0,0.0,-0.050,19.3,19,HAYIR,HAYIR
2026-08-16 19:34:30.861,0.80,0.75,37,0.0,0.0,-0.050,19.3,19,HAYIR,HAYIR
2026-08-16 19:34:30.881,0.80,0.75,37,0.0,0.0,-0.050,19.3,19,HAYIR,HAYIR
2026-08-16 19:34:30.901,0.80,0.75,37,0.0,0.0,-0.050,19.3,19,HAYIR,HAYIR
2026-08-16 19:34:30.921,0.80,0.75,37,0.0,0.0,-0.050,19.3,19,HAYIR,HAYIR
2026-08-16 19:34:30.941,0.80,0.75,37,0.0,0.0,-0.050,19.3,19,HAYIR,HAYIR
2026-08-16 19:34:30.961,0.80,0.75,37,0.0,0.0,-0.050,19.3,19,HAYIR,HAYIR
2026-08-16 19:34:30.981,0.80,0.75,37,0.0,0.0,-0.050,19.3,19,HAYIR,HAYIR
2026-08-16 19:34:31.001,0.80,0.75,37,0.0,0.0,-0.050,19.3,19,HAYIR,HAYIR
2026-08-16 19:34:31.021,0.80,0.75,37,0.0,0.0,-0.050,19.3,19,HAYIR,HAYIR
2026-08-16 19:34:31.041,0.80,0.75,37,0.0,0.0,-0.050,19.3,19,HAYIR,HAYIR
2026-08-16 19:34:31.061,0.80,0.75,37,0.0,0.0,-0.050,19.3,19,HAYIR,HAYIR
2026-08-16 19:34:31.081,0.80,0.75,37,0.0,0.0,-0.050,19.3,19,HAYIR,HAYIR
2026-08-16 19:34:31.101,0.80,0.75,37,0.0,0.0,-0.050,19.3,19,HAYIR,HAYIR
2026-08-16 19:34:31.121,0.80,0.75,37,0.0,0.0,-0.050,19.3,19,HAYIR,HAYIR
2026-08-16 19:34:31.141,0.80,0.75,37,0.0,0.0,-0.050,19.3,19,HAYIR,HAYIR
2026-08-16 19:34:31.161,0.80,0.75,37,0.0,0.0,-0.050,19.3,19,HAYIR,HAYIR
2026-08-16 19:34:31.181,0.80,0.75,37,0.0,0.0,-0.050,19.3,19,HAYIR,HAYIR
2026-08-16 19:34:31.201,0.80,0.75,37,0.0,0.0,-0.050,19.3,19,HAYIR,HAYIR
2026-08-16 19:34:31.221,0.80,0.75,37,0.0,0.0,-0.050,19.3,19,HAYIR,HAYIR
2026-08-16 19:34:31.241,0.80,0.75,37,0.0,0.0,-0.050,19.3,19,HAYIR,HAYIR
2026-08-16 19:34:31.261,0.80,0.75,37,0.0,0.0,-0.050,19.3,19,HAYIR,HAYIR
2026-08-16 19:34:31.281,0.80,0.75,37,0.0,0.0,-0.050,19.3,19,HAYIR,HAYIR
2026-08-16 19:34:31.301,0.80,0.75,37,0.0,0.0,-0.050,19.3,19,HAYIR,HAYIR
2026-08-16 19:34:31.321,0.80,0.75,37,0.0,0.0,-0.050,19.3,19,HAYIR,HAYIR
2026-08-16 19:34:31.341,0.80,0.75,37,0.0,0.0,-0.050,19.3,19,HAYIR,HAYIR
2026-08-16 19:34:31.361,0.80,0.75,37,0.0,0.0,-0.050,19.3,19,HAYIR,HAYIR
2026-08-16 19:34:31.381,0.80,0.75,37,0.0,0.0,-0.050,19.3,19,HAYIR,HAYIR
2026-08-16 19:34:31.401,0.80,0.75,37,0.0,0.0,-0.050,19.3,19,HAYIR,HAYIR
2026-08-16 19:34:31.421,0.80,0.75,37,0.0,0.0,-0.050,19.3,19,HAYIR,HAYIR
2026-08-16 19:34:31.441,0.80,0.75,37,0.0,0.0,-0.050,19.3,19,HAYIR,HAYIR
2026-08-16 19:34:31.461,0.80,0.75,37,0.0,0.0,-0.050,19.3,19,HAYIR,HAYIR
2026-08-16 19:34:31.481,0.80,0.75,37,0.0,0.0,-0.050,19.3,19,HAYIR,HAYIR
2026-08-16 19:34:31.501,0.80,0.75,37,0.0,0.0,-0.050,19.3,19,HAYIR,HAYIR
2026-08-16 19:34:31.521,0.80,0.75,37,0.0,0.0,-0.050,19.3,19,HAYIR,HAYIR
2026-08-16 19:34:31.541,0.80,0.75,37,0.0,0.0,-0.050,19.3,19,HAYIR,HAYIR
2026-08-16 19:34:31.561,0.80,0.75,37,0.0,0.0,-0.050,19.3,19,HAYIR,HAYIR
2026-08-16 19:34:31.581,0.80,0.75,37,0.0,0.0,-0.050,19.3,19,HAYIR,HAYIR
2026-08-16 19:34:31.601,0.80,0.75,37,0.0,0.0,-0.050,19.3,19,HAYIR,HAYIR
2026-08-16 19:34:31.621,0.80,0.75,37,0.0,0.0,-0.050,19.3,19,HAYIR,HAYIR
2026-08-16 19:34:31.641,0.80,0.75,37,0.0,0.0,-0.050,19.3,19,HAYIR,HAYIR
2026-08-16 19:34:31.661,0.80,0.75,37,0.0,0.0,-0.050,19.3,19,HAYIR,HAYIR
2026-08-16 19:34:31.681,0.80,0.75,37,0.0,0.0,-0.050,19.3,19,HAYIR,HAYIR
2026-08-16 19:34:31.701,0.80,0.75,37,0.0,0.0,-0.050,19.3,19,HAYIR,HAYIR
2026-08-16 19:34:31.721,0.80,0.75,37,0.0,0.0,-0.050,19.3,19,HAYIR,HAYIR
2026-08-16 19:34:31.741,0.80,0.75,37,0.0,0.0,-0.050,19.3,19,HAYIR,HAYIR
2026-08-16 19:34:31.761,0.80,0.75,37,0.0,0.0,-0.050,19.3,19,HAYIR,HAYIR
2026-08-16 19:34:31.781,0.80,0.75,37,0.0,0.0,-0.050,19.3,19,HAYIR,HAYIR
2026-08-16 19:34:31.801,0.80,0.75,37,0.0,0.0,-0.050,19.3,19,HAYIR,HAYIR
2026-08-16 19:34:31.821,0.80,0.75,37,0.0,0.0,-0.050,19.3,19,HAYIR,HAYIR
2026-08-16 19:34:31.841,0.80,0.75,37,0.0,0.0,-0.050,19.3,19,HAYIR,HAYIR
2026-08-16 19:34:31.861,0.80,0.75,37,0.0,0.0,-0.050,19.3,19,HAYIR,HAYIR
2026-08-16 19:34:31.881,0.80,0.75,37,0.0,0.0,-0.050,19.3,19,HAYIR,HAYIR
2026-08-16 19:34:31.901,0.80,0.75,37,0.0,0.0,-0.050,19.3,19,HAYIR,HAYIR
2026-08-16 19:34:31.921,0.80,0.75,37,0.0,0.0,-0.050,19.3,19,HAYIR,HAYIR
2026-08-16 19:34:31.941,0.80,0.75,37,0.0,0.0,-0.050,19.3,19,HAYIR,HAYIR
2026-08-16 19:34:31.961,0.80,0.75,37,0.0,0.0,-0.050,19.3,19,HAYIR,HAYIR
2026-08-16 19:34:31.981,0.80,0.75,37,0.0,0.0,-0.050,19.3,19,HAYIR,HAYIR
2026-08-16 19:34:32.001,0.80,0.75,37,0.0,0.0,-0.050,19.3,19,HAYIR,HAYIR
2026-08-16 19:34:32.021,0.80,0.75,37,0.0,0.0,-0.050,19.3,19,HAYIR,HAYIR
2026-08-16 19:34:32.041,0.80,0.75,37,0.0,0.0,-0.050,19.3,19,HAYIR,HAYIR
2026-08-16 19:34:32.061,0.80,0.75,37,0.0,0.0,-0.050,19.3,19,HAYIR,HAYIR
2026-08-16 19:34:32.081,0.80,0.75,37,0.0,0.0,-0.050,19.3,19,HAYIR,HAYIR
2026-08-16 19:34:32.101,0.80,0.75,37,0.0,0.0,-0.050,19.3,19,HAYIR,HAYIR
2026-08-16 19:34:32.121,0.80,0.75,37,0.0,0.0,-0.050,19.3,19,HAYIR,HAYIR
2026-08-16 19:34:32.141,0.80,0.75,37,0.0,0.0,-0.050,19.3,19,HAYIR,HAYIR
2026-08-16 19:34:32.161,0.80,0.75,37,0.0,0.0,-0.050,19.3,19,HAYIR,HAYIR
2026-08-16 19:34:32.181,0.80,0.75,37,0.0,0.0,-0.050,19.3,19,HAYIR,HAYIR
2026-08-16 19:34:32.201,0.80,0.75,37,0.0,0.0,-0.050,19.3,19,HAYIR,HAYIR
2026-08-16 19:34:32.221,0.80,0.75,37,0.0,0.0,-0.050,19.3,19,HAYIR,HAYIR
2026-08-16 19:34:32.241,0.80,0.75,37,0.0,0.0,-0.050,19.3,19,HAYIR,HAYIR
2026-08-16 19:34:32.261,0.80,0.75,37,0.0,0.0,-0.050,19.3,19,HAYIR,HAYIR
2026-08-16 19:34:32.281,0.80,0.75,37,0.0,0.0,-0.050,19.3,19,HAYIR,HAYIR
2026-08-16 19:34:32.301,0.80,0.75,37,0.0,0.0,-0.050,19.3,19,HAYIR,HAYIR
2026-08-16 19:34:32.321,0.80,0.75,37,0.0,0.0,-0.050,19.3,19,HAYIR,HAYIR
2026-08-16 19:34:32.341,0.80,0.75,37,0.0,0.0,-0.050,19.3,19,HAYIR,HAYIR
2026-08-16 19:34:32.361,0.80,0.75,37,0.0,0.0,-0.050,19.3,19,HAYIR,HAYIR
2026-08-16 19:34:32.381,0.80,0.75,37,0.0,0.0,-0.050,19.3,19,HAYIR,HAYIR
2026-08-16 19:34:32.401,0.80,0.75,37,0.0,0.0,-0.050,19.3,19,HAYIR,HAYIR
2026-08-16 19:34:32.421,0.80,0.75,37,0.0,0.0,-0.050,19.3,19,HAYIR,HAYIR
2026-08-16 19:34:32.441,0.80,0.75,37,0.0,0.0,-0.050,19.3,19,HAYIR,HAYIR
2026-08-16 19:34:32.461,0.80,0.75,37,0.0,0.0,-0.050,19.3,19,HAYIR,HAYIR
2026-08-16 19:34:32.481,0.80,0.75,37,0.0,0.0,-0.050,19.3,19,HAYIR,HAYIR
2026-08-16 19:34:32.501,0.80,0.75,37,0.0,0.0,-0.050,19.3,19,HAYIR,HAYIR
2026-08-16 19:34:32.521,0.80,0.75,37,0.0,0.0,-0.050,19.3,19,HAYIR,HAYIR
2026-08-16 19:34:32.541,0.80,0.75,37,0.0,0.0,-0.050,19.3,19,HAYIR,HAYIR
2026-08-16 19:34:32.561,0.80,0.75,37,0.0,0.0,-0.050,19.3,19,HAYIR,HAYIR
2026-08-16 19:34:32.581,0.80,0.75,37,0.0,0.0,-0.050,19.3,19,HAYIR,HAYIR
2026-08-16 19:34:32.601,0.80,0.75,37,0.0,0.0,-0.050,19.3,19,HAYIR,HAYIR
2026-08-16 19:34:32.621,0.80,0.75,37,0.0,0.0,-0.050,19.3,19,HAYIR,HAYIR
2026-08-16 19:34:32.641,0.80,0.75,37,0.0,0.0,-0.050,19.3,19,HAYIR,HAYIR
2026-08-16 19:34:32.661,0.80,0.75,37,0.0,0.0,-0.050,19.3,19,HAYIR,HAYIR
2026-08-16 19:34:32.681,0.80,0.75,37,0.0,0.0,-0.050,19.3,19,HAYIR,HAYIR
2026-08-16 19:34:32.701,0.80,0.75,37,0.0,0.0,-0.050,19.3,19,HAYIR,HAYIR
2026-08-16 19:34:32.721,0.80,0.75,37,0.0,0.0,-0.050,19.3,19,HAYIR,HAYIR
2026-08-16 19:34:32.741,0.80,0.75,37,0.0,0.0,-0.050,19.3,19,HAYIR,HAYIR
2026-08-16 19:34:32.761,0.80,0.75,37,0.0,0.0,-0.050,19.3,19,HAYIR,HAYIR
2026-08-16 19:34:32.781,0.80,0.75,37,0.0,0.0,-0.050,19.3,19,HAYIR,HAYIR
2026-08-16 19:34:32.801,0.80,0.75,37,0.0,0.0,-0.050,19.3,19,HAYIR,HAYIR
2026-08-16 19:34:32.821,0.80,0.75,37,0.0,0.0,-0.050,19.3,19,HAYIR,HAYIR
2026-08-16 19:34:32.841,0.80,0.75,37,0.0,0.0,-0.050,19.3,19,HAYIR,HAYIR
2026-08-16 19:34:32.861,0.80,0.75,37,0.0,0.0,-0.050,19.3,19,HAYIR,HAYIR
2026-08-16 19:34:32.881,0.80,0.75,37,0.0,0.0,-0.050,19.3,19,HAYIR,HAYIR
2026-08-16 19:34:32.901,0.80,0.75,37,0.0,0.0,-0.050,19.3,19,HAYIR,HAYIR
2026-08-16 19:34:32.921,0.80,0.75,37,0.0,0.0,-0.050,19.3,19,HAYIR,HAYIR
2026-08-16 19:34:32.941,0.80,0.75,37,0.0,0.0,-0.050,19.3,19,HAYIR,HAYIR
2026-08-16 19:34:32.961,0.80,0.75,37,0.0,0.0,-0.050,19.3,19,HAYIR,HAYIR
2026-08-16 19:34:32.981,0.80,0.75,37,0.0,0.0,-0.050,19.3,19,HAYIR,HAYIR
2026-08-16 19:34:33.001,0.80,0.75,37,0.0,0.0,-0.050,19.3,19,HAYIR,HAYIR
2026-08-16 19:34:33.021,0.80,0.75,37,0.0,0.0,-0.050,19.3,19,HAYIR,HAYIR
2026-08-16 19:34:33.041,0.80,0.75,37,0.0,0.0,-0.050,19.3,19,HAYIR,HAYIR
2026-08-16 19:34:33.061,0.80,0.75,37,0.0,0.0,-0.050,19.3,19,HAYIR,HAYIR
2026-08-16 19:34:33.081,0.80,0.75,37,0.0,0.0,-0.050,19.3,19,HAYIR,HAYIR
2026-08-16 19:34:33.101,0.80,0.75,37,0.0,0.0,-0.050,19.3,19,HAYIR,HAYIR
2026-08-16 19:34:33.121,0.80,0.75,37,0.0,0.0,-0.050,19.3,19,HAYIR,HAYIR
2026-08-16 19:34:33.141,0.80,0.75,37,0.0,0.0,-0.050,19.3,19,HAYIR,HAYIR
2026-08-16 19:34:33.161,0.80,0.75,37,0.0,0.0,-0.050,19.3,19,HAYIR,HAYIR
2026-08-16 19:34:33.181,0.80,0.75,37,0.0,0.0,-0.050,19.3,19,HAYIR,HAYIR
2026-08-16 19:34:33.201,0.80,0.75,37,0.0,0.0,-0.050,19.3,19,HAYIR,HAYIR
2026-08-16 19:34:33.221,0.80,0.75,37,0.0,0.0,-0.050,19.3,19,HAYIR,HAYIR
2026-08-16 19:34:33.241,0.80,0.75,37,0.0,0.0,-0.050,19.3,19,HAYIR,HAYIR
2026-08-16 19:34:33.261,0.80,0.75,37,0.0,0.0,-0.050,19.3,19,HAYIR,HAYIR
2026-08-16 19:34:33.281,0.80,0.75,37,0.0,0.0,-0.050,19.3,19,HAYIR,HAYIR
2026-08-16 19:34:33.301,0.80,0.75,37,0.0,0.0,-0.050,19.3,19,HAYIR,HAYIR
2026-08-16 19:34:33.321,0.80,0.75,37,0.0,0.0,-0.050,19.3,19,HAYIR,HAYIR
2026-08-16 19:34:33.341,0.80,0.75,37,0.0,0.0,-0.050,19.3,19,HAYIR,HAYIR
2026-08-16 19:34:33.361,0.80,0.75,37,0.0,0.0,-0.050,19.3,19,HAYIR,HAYIR
2026-08-16 19:34:33.381,0.80,0.75,37,0.0,0.0,-0.050,19.3,19,HAYIR,HAYIR
2026-08-16 19:34:33.401,0.80,0.75,37,0.0,0.0,-0.050,19.3,19,HAYIR,HAYIR
2026-08-16 19:34:33.421,0.80,0.75,37,0.0,0.0,-0.050,19.3,19,HAYIR,HAYIR
2026-08-16 19:34:33.441,0.80,0.75,37,0.0,0.0,-0.050,19.3,19,HAYIR,HAYIR
2026-08-16 19:34:33.461,0.80,0.75,37,0.0,0.0,-0.050,19.3,19,HAYIR,HAYIR
2026-08-16 19:34:33.481,0.80,0.75,37,0.0,0.0,-0.050,19.3,19,HAYIR,HAYIR
2026-08-16 19:34:33.501,0.80,0.75,37,0.0,0.0,-0.050,19.3,19,HAYIR,HAYIR
2026-08-16 19:34:33.521,0.80,0.75,37,0.0,0.0,-0.050,19.3,19,HAYIR,HAYIR
2026-08-16 19:34:33.541,0.80,0.75,37,0.0,0.0,-0.050,19.3,19,HAYIR,HAYIR
2026-08-16 19:34:33.561,0.80,0.75,37,0.0,0.0,-0.050,19.3,19,HAYIR,HAYIR
2026-08-16 19:34:33.581,0.80,0.75,37,0.0,0.0,-0.050,19.3,19,HAYIR,HAYIR
2026-08-16 19:34:33.601,0.80,0.75,37,0.0,0.0,-0.050,19.3,19,HAYIR,HAYIR
2026-08-16 19:34:33.621,0.80,0.75,37,0.0,0.0,-0.050,19.3,19,HAYIR,HAYIR
2026-08-16 19:34:33.641,0.80,0.75,37,0.0,0.0,-0.050,19.3,19,HAYIR,HAYIR
2026-08-16 19:34:33.661,0.80,0.75,37,0.0,0.0,-0.050,19.3,19,HAYIR,HAYIR
2026-08-16 19:34:33.681,0.80,0.75,37,0.0,0.0,-0.050,19.3,19,HAYIR,HAYIR
2026-08-16 19:34:33.701,0.80,0.75,37,0.0,0.0,-0.050,19.3,19,HAYIR,HAYIR
2026-08-16 19:34:33.721,0.80,0.75,37,0.0,0.0,-0.050,19.3,19,HAYIR,HAYIR
2026-08-16 19:34:33.741,0.80,0.75,37,0.0,0.0,-0.050,19.3,19,HAYIR,HAYIR
2026-08-16 19:34:33.761,0.80,0.75,37,0.0,0.0,-0.050,19.3,19,HAYIR,HAYIR
2026-08-16 19:34:33.781,0.80,0.75,37,0.0,0.0,-0.050,19.3,19,HAYIR,HAYIR
2026-08-16 19:34:33.801,0.80,0.75,37,0.0,0.0,-0.050,19.3,19,HAYIR,HAYIR
2026-08-16 19:34:33.821,0.80,0.75,37,0.0,0.0,-0.050,19.3,19,HAYIR,HAYIR
2026-08-16 19:34:33.841,0.80,0.75,37,0.0,0.0,-0.050,19.3,19,HAYIR,HAYIR
2026-08-16 19:34:33.861,0.80,0.75,37,0.0,0.0,-0.050,19.3,19,HAYIR,HAYIR
2026-08-16 19:34:33.881,0.80,0.75,37,0.0,0.0,-0.050,19.3,19,HAYIR,HAYIR
2026-08-16 19:34:33.901,0.80,0.75,37,0.0,0.0,-0.050,19.3,19,HAYIR,HAYIR
2026-08-16 19:34:33.921,0.80,0.75,37,0.0,0.0,-0.050,19.3,19,HAYIR,HAYIR
2026-08-16 19:34:33.941,0.80,0.75,37,0.0,0.0,-0.050,19.3,19,HAYIR,HAYIR
2026-08-16 19:34:33.961,0.80,0.75,37,0.0,0.0,-0.050,19.3,19,HAYIR,HAYIR
2026-08-16 19:34:33.981,0.80,0.75,37,0.0,0.0,-0.050,19.3,19,HAYIR,HAYIR
2026-08-16 19:34:34.001,0.80,0.75,37,0.0,0.0,-0.050,19.3,19,HAYIR,HAYIR
2026-08-16 19:34:34.021,0.80,0.75,37,0.0,0.0,-0.050,19.3,19,HAYIR,HAYIR
2026-08-16 19:34:34.041,0.80,0.75,37,0.0,0.0,-0.050,19.3,19,HAYIR,HAYIR
2026-08-16 19:34:34.061,0.80,0.75,37,0.0,0.0,-0.050,19.3,19,HAYIR,HAYIR
2026-08-16 19:34:34.081,0.80,0.75,37,0.0,0.0,-0.050,19.3,19,HAYIR,HAYIR
2026-08-16 19:34:34.101,0.80,0.75,37,0.0,0.0,-0.050,19.3,19,HAYIR,HAYIR
2026-08-16 19:34:34.121,0.80,0.75,37,0.0,0.0,-0.050,19.3,19,HAYIR,HAYIR
2026-08-16 19:34:34.141,0.80,0.75,37,0.0,0.0,-0.050,19.3,19,HAYIR,HAYIR
2026-08-16 19:34:34.161,0.80,0.75,37,0.0,0.0,-0.050,19.3,19,HAYIR,HAYIR
2026-08-16 19:34:34.181,0.80,0.75,37,0.0,0.0,-0.050,19.3,19,HAYIR,HAYIR
2026-08-16 19:34:34.201,0.80,0.75,37,0.0,0.0,-0.050,19.3,19,HAYIR,HAYIR
2026-08-16 19:34:34.221,0.80,0.75,37,0.0,0.0,-0.050,19.3,19,HAYIR,HAYIR
2026-08-16 19:34:34.241,0.80,0.75,37,0.0,0.0,-0.050,19.3,19,HAYIR,HAYIR
2026-08-16 19:34:34.261,0.80,0.75,37,0.0,0.0,-0.050,19.3,19,HAYIR,HAYIR
2026-08-16 19:34:34.281,0.80,0.75,37,0.0,0.0,-0.050,19.3,19,HAYIR,HAYIR
2026-08-16 19:34:34.301,0.80,0.75,37,0.0,0.0,-0.050,19.3,19,HAYIR,HAYIR
2026-08-16 19:34:34.321,0.80,0.75,37,0.0,0.0,-0.050,19.3,19,HAYIR,HAYIR
2026-08-16 19:34:34.341,0.80,0.75,37,0.0,0.0,-0.050,19.3,19,HAYIR,HAYIR
2026-08-16 19:34:34.361,0.80,0.75,37,0.0,0.0,-0.050,19.3,19,HAYIR,HAYIR
2026-08-16 19:34:34.381,0.80,0.75,37,0.0,0.0,-0.050,19.3,19,HAYIR,HAYIR
2026-08-16 19:34:34.401,0.80,0.75,37,0.0,0.0,-0.050,19.3,19,HAYIR,HAYIR
2026-08-16 19:34:34.421,0.80,0.75,37,0.0,0.0,-0.050,19.3,19,HAYIR,HAYIR
2026-08-16 19:34:34.441,0.80,0.75,37,0.0,0.0,-0.050,19.3,19,HAYIR,HAYIR
2026-08-16 19:34:34.461,0.80,0.75,37,0.0,0.0,-0.050,19.3,19,HAYIR,HAYIR
2026-08-16 19:34:34.481,0.80,0.75,37,0.0,0.0,-0.050,19.3,19,HAYIR,HAYIR
2026-08-16 19:34:34.501,0.80,0.75,37,0.0,0.0,-0.050,19.3,19,HAYIR,HAYIR
2026-08-16 19:34:34.521,0.80,0.75,37,0.0,0.0,-0.050,19.3,19,HAYIR,HAYIR
2026-08-16 19:34:34.541,0.80,0.75,37,0.0,0.0,-0.050,19.3,19,HAYIR,HAYIR
2026-08-16 19:34:34.561,0.80,0.75,37,0.0,0.0,-0.050,19.3,19,HAYIR,HAYIR
2026-08-16 19:34:34.581,0.80,0.75,37,0.0,0.0,-0.050,19.3,19,HAYIR,HAYIR
2026-08-16 19:34:34.601,0.80,0.75,37,0.0,0.0,-0.050,19.3,19,HAYIR,HAYIR
2026-08-16 19:34:34.621,0.80,0.75,37,0.0,0.0,-0.050,19.3,19,HAYIR,HAYIR
2026-08-16 19:34:34.641,0.80,0.75,37,0.0,0.0,-0.050,19.3,19,HAYIR,HAYIR
2026-08-16 19:34:34.661,0.80,0.75,37,0.0,0.0,-0.050,19.3,19,HAYIR,HAYIR
2026-08-16 19:34:34.681,0.80,0.75,37,0.0,0.0,-0.050,19.3,19,HAYIR,HAYIR
2026-08-16 19:34:34.701,0.80,0.75,37,0.0,0.0,-0.050,19.3,19,HAYIR,HAYIR
2026-08-16 19:34:34.721,0.80,0.75,37,0.0,0.0,-0.050,19.3,19,HAYIR,HAYIR
2026-08-16 19:34:34.741,0.80,0.75,37,0.0,0.0,-0.050,19.3,19,HAYIR,HAYIR
2026-08-16 19:34:34.761,0.80,0.75,37,0.0,0.0,-0.050,19.3,19,HAYIR,HAYIR
2026-08-16 19:34:34.781,0.80,0.75,37,0.0,0.0,-0.050,19.3,19,HAYIR,HAYIR
2026-08-16 19:34:34.801,0.80,0.75,37,0.0,0.0,-0.050,19.3,19,HAYIR,HAYIR
2026-08-16 19:34:34.821,0.80,0.75,37,0.0,0.0,-0.050,19.3,19,HAYIR,HAYIR
2026-08-16 19:34:34.841,0.80,0.75,37,0.0,0.0,-0.050,19.3,19,HAYIR,HAYIR
2026-08-16 19:34:34.861,0.80,0.75,37,0.0,0.0,-0.050,19.3,19,HAYIR,HAYIR
2026-08-16 19:34:34.881,0.80,0.75,37,0.0,0.0,-0.050,19.3,19,HAYIR,HAYIR
2026-08-16 19:34:34.901,0.80,0.75,37,0.0,0.0,-0.050,19.3,19,HAYIR,HAYIR
2026-08-16 19:34:34.921,0.80,0.75,37,0.0,0.0,-0.050,19.3,19,HAYIR,HAYIR
2026-08-16 19:34:34.941,0.80,0.75,37,0.0,0.0,-0.050,19.3,19,HAYIR,HAYIR
2026-08-16 19:34:34.961,0.80,0.75,37,0.0,0.0,-0.050,19.3,19,HAYIR,HAYIR
2026-08-16 19:34:34.981,0.80,0.75,37,0.0,0.0,-0.050,19.3,19,HAYIR,HAYIR
2026-08-16 19:34:35.001,0.80,0.75,37,0.0,0.0,-0.050,19.3,19,HAYIR,HAYIR
2026-08-16 19:34:35.021,0.80,0.75,37,0.0,0.0,-0.050,19.3,19,HAYIR,HAYIR
2026-08-16 19:34:35.041,0.80,0.75,37,0.0,0.0,-0.050,19.3,19,HAYIR,HAYIR
2026-08-16 19:34:35.061,0.80,0.75,37,0.0,0.0,-0.050,19.3,19,HAYIR,HAYIR
2026-08-16 19:34:35.081,0.80,0.75,37,0.0,0.0,-0.050,19.3,19,HAYIR,HAYIR
2026-08-16 19:34:35.101,0.80,0.75,37,0.0,0.0,-0.050,19.3,19,HAYIR,HAYIR
2026-08-16 19:34:35.121,0.80,0.75,37,0.0,0.0,-0.050,19.3,19,HAYIR,HAYIR
2026-08-16 19:34:35.141,0.80,0.75,37,0.0,0.0,-0.050,19.3,19,HAYIR,HAYIR
2026-08-16 19:34:35.161,0.80,0.75,37,0.0,0.0,-0.050,19.3,19,HAYIR,HAYIR
2026-08-16 19:34:35.181,0.80,0.75,37,0.0,0.0,-0.050,19.3,19,HAYIR,HAYIR
2026-08-16 19:34:35.201,0.80,0.75,37,0.0,0.0,-0.050,19.3,19,HAYIR,HAYIR
2026-08-16 19:34:35.221,0.80,0.75,37,0.0,0.0,-0.050,19.3,19,HAYIR,HAYIR
2026-08-16 19:34:35.241,0.80,0.75,37,0.0,0.0,-0.050,19.3,19,HAYIR,HAYIR
2026-08-16 19:34:35.261,0.80,0.75,37,0.0,0.0,-0.050,19.3,19,HAYIR,HAYIR
2026-08-16 19:34:35.281,0.80,0.75,37,0.0,0.0,-0.050,19.3,19,HAYIR,HAYIR
2026-08-16 19:34:35.301,0.80,0.75,37,0.0,0.0,-0.050,19.3,19,HAYIR,HAYIR
2026-08-16 19:34:35.321,0.80,0.75,37,0.0,0.0,-0.050,19.3,19,HAYIR,HAYIR
2026-08-16 19:34:35.341,0.80,0.75,37,0.0,0.0,-0.050,19.3,19,HAYIR,HAYIR
2026-08-16 19:34:35.361,0.80,0.75,37,0.0,0.0,-0.050,19.3,19,HAYIR,HAYIR
2026-08-16 19:34:35.381,0.80,0.75,37,0.0,0.0,-0.050,19.3,19,HAYIR,HAYIR
2026-08-16 19:34:35.401,0.80,0.75,37,0.0,0.0,-0.050,19.3,19,HAYIR,HAYIR
2026-08-16 19:34:35.421,0.80,0.75,37,0.0,0.0,-0.050,19.3,19,HAYIR,HAYIR
2026-08-16 19:34:35.441,0.80,0.75,37,0.0,0.0,-0.050,19.3,19,HAYIR,HAYIR
2026-08-16 19:34:35.461,0.80,0.75,37,0.0,0.0,-0.050,19.3,19,HAYIR,HAYIR
2026-08-16 19:34:35.481,0.80,0.75,37,0.0,0.0,-0.050,19.3,19,HAYIR,HAYIR
2026-08-16 19:34:35.501,0.80,0.75,37,0.0,0.0,-0.050,19.3,19,HAYIR,HAYIR
2026-08-16 19:34:35.521,0.80,0.75,37,0.0,0.0,-0.050,19.3,19,HAYIR,HAYIR
2026-08-16 19:34:35.541,0.80,0.75,37,0.0,0.0,-0.050,19.3,19,HAYIR,HAYIR
2026-08-16 19:34:35.561,0.80,0.75,37,0.0,0.0,-0.050,19.3,19,HAYIR,HAYIR
2026-08-16 19:34:35.581,0.80,0.75,37,0.0,0.0,-0.050,19.3,19,HAYIR,HAYIR
2026-08-16 19:34:35.601,0.80,0.75,37,0.0,0.0,-0.050,19.3,19,HAYIR,HAYIR
2026-08-16 19:34:35.622,0.80,0.75,37,0.0,0.0,-0.050,19.3,19,HAYIR,HAYIR
2026-08-16 19:34:35.641,0.80,0.75,37,0.0,0.0,-0.050,19.3,19,HAYIR,HAYIR
2026-08-16 19:34:35.661,0.80,0.75,37,0.0,0.0,-0.050,19.3,19,HAYIR,HAYIR
2026-08-16 19:34:35.681,0.80,0.75,37,0.0,0.0,-0.050,19.3,19,HAYIR,HAYIR
2026-08-16 19:34:35.701,0.80,0.75,37,0.0,0.0,-0.050,19.3,19,HAYIR,HAYIR
2026-08-16 19:34:35.721,0.80,0.75,37,0.0,0.0,-0.050,19.3,19,HAYIR,HAYIR
2026-08-16 19:34:35.741,0.80,0.75,37,0.0,0.0,-0.050,19.3,19,HAYIR,HAYIR
2026-08-16 19:34:35.761,0.80,0.75,37,0.0,0.0,-0.050,19.3,19,HAYIR,HAYIR
2026-08-16 19:34:35.781,0.80,0.75,37,0.0,0.0,-0.050,19.3,19,HAYIR,HAYIR
2026-08-16 19:34:35.801,0.80,0.75,37,0.0,0.0,-0.050,19.3,19,HAYIR,HAYIR
2026-08-16 19:34:35.821,0.80,0.75,37,0.0,0.0,-0.050,19.3,19,HAYIR,HAYIR
2026-08-16 19:34:35.841,0.80,0.75,37,0.0,0.0,-0.050,19.3,19,HAYIR,HAYIR
2026-08-16 19:34:35.861,0.80,0.75,37,0.0,0.0,-0.050,19.3,19,HAYIR,HAYIR
2026-08-16 19:34:35.881,0.80,0.75,37,0.0,0.0,-0.050,19.3,19,HAYIR,HAYIR
2026-08-16 19:34:35.901,0.80,0.75,37,0.0,0.0,-0.050,19.3,19,HAYIR,HAYIR
2026-08-16 19:34:35.921,0.80,0.75,37,0.0,0.0,-0.050,19.3,19,HAYIR,HAYIR
2026-08-16 19:34:35.941,0.80,0.75,37,0.0,0.0,-0.050,19.3,19,HAYIR,HAYIR
2026-08-16 19:34:35.961,0.80,0.75,37,0.0,0.0,-0.050,19.3,19,HAYIR,HAYIR
2026-08-16 19:34:35.981,0.80,0.75,37,0.0,0.0,-0.050,19.3,19,HAYIR,HAYIR
2026-08-16 19:34:36.001,0.80,0.75,37,0.0,0.0,-0.050,19.3,19,HAYIR,HAYIR
2026-08-16 19:34:36.021,0.80,0.75,37,0.0,0.0,-0.050,19.3,19,HAYIR,HAYIR
2026-08-16 19:34:36.041,0.80,0.75,37,0.0,0.0,-0.050,19.3,19,HAYIR,HAYIR
2026-08-16 19:34:36.061,0.80,0.75,37,0.0,0.0,-0.050,19.3,19,HAYIR,HAYIR
2026-08-16 19:34:36.081,0.80,0.75,37,0.0,0.0,-0.050,19.3,19,HAYIR,HAYIR
2026-08-16 19:34:36.101,0.80,0.75,37,0.0,0.0,-0.050,19.3,19,HAYIR,HAYIR
2026-08-16 19:34:36.121,0.80,0.75,37,0.0,0.0,-0.050,19.3,19,HAYIR,HAYIR
2026-08-16 19:34:36.141,0.80,0.75,37,0.0,0.0,-0.050,19.3,19,HAYIR,HAYIR
2026-08-16 19:34:36.161,0.80,0.75,37,0.0,0.0,-0.050,19.3,19,HAYIR,HAYIR
2026-08-16 19:34:36.181,0.80,0.75,37,0.0,0.0,-0.050,19.3,19,HAYIR,HAYIR
2026-08-16 19:34:36.201,0.80,0.75,37,0.0,0.0,-0.050,19.3,19,HAYIR,HAYIR
2026-08-16 19:34:36.221,0.80,0.75,37,0.0,0.0,-0.050,19.3,19,HAYIR,HAYIR
2026-08-16 19:34:36.241,0.80,0.75,37,0.0,0.0,-0.050,19.3,19,HAYIR,HAYIR
2026-08-16 19:34:36.261,0.80,0.75,37,0.0,0.0,-0.050,19.3,19,HAYIR,HAYIR
2026-08-16 19:34:36.281,0.80,0.75,37,0.0,0.0,-0.050,19.3,19,HAYIR,HAYIR
2026-08-16 19:34:36.301,0.80,0.75,37,0.0,0.0,-0.050,19.3,19,HAYIR,HAYIR
2026-08-16 19:34:36.321,0.80,0.75,37,0.0,0.0,-0.050,19.3,19,HAYIR,HAYIR
2026-08-16 19:34:36.341,0.80,0.75,37,0.0,0.0,-0.050,19.3,19,HAYIR,HAYIR
2026-08-16 19:34:36.361,0.80,0.75,37,0.0,0.0,-0.050,19.3,19,HAYIR,HAYIR
2026-08-16 19:34:36.381,0.80,0.75,37,0.0,0.0,-0.050,19.3,19,HAYIR,HAYIR
2026-08-16 19:34:36.401,0.80,0.75,37,0.0,0.0,-0.050,19.3,19,HAYIR,HAYIR
2026-08-16 19:34:36.421,0.80,0.75,37,0.0,0.0,-0.050,19.3,19,HAYIR,HAYIR
2026-08-16 19:34:36.441,0.80,0.75,37,0.0,0.0,-0.050,19.3,19,HAYIR,HAYIR
2026-08-16 19:34:36.461,0.80,0.75,37,0.0,0.0,-0.050,19.3,19,HAYIR,HAYIR
2026-08-16 19:34:36.481,0.80,0.75,37,0.0,0.0,-0.050,19.3,19,HAYIR,HAYIR
2026-08-16 19:34:36.501,0.80,0.75,37,0.0,0.0,-0.050,19.3,19,HAYIR,HAYIR
2026-08-16 19:34:36.521,0.80,0.75,37,0.0,0.0,-0.050,19.3,19,HAYIR,HAYIR
2026-08-16 19:34:36.541,0.80,0.75,37,0.0,0.0,-0.050,19.3,19,HAYIR,HAYIR
2026-08-16 19:34:36.561,0.80,0.75,37,0.0,0.0,-0.050,19.3,19,HAYIR,HAYIR
2026-08-16 19:34:36.581,0.80,0.75,37,0.0,0.0,-0.050,19.3,19,HAYIR,HAYIR
2026-08-16 19:34:36.601,0.80,0.75,37,0.0,0.0,-0.050,19.3,19,HAYIR,HAYIR
2026-08-16 19:34:36.621,0.80,0.75,37,0.0,0.0,-0.050,19.3,19,HAYIR,HAYIR
2026-08-16 19:34:36.641,0.80,0.75,37,0.0,0.0,-0.050,19.3,19,HAYIR,HAYIR
2026-08-16 19:34:36.661,0.80,0.75,37,0.0,0.0,-0.050,19.3,19,HAYIR,HAYIR
2026-08-16 19:34:36.681,0.80,0.75,37,0.0,0.0,-0.050,19.3,19,HAYIR,HAYIR
2026-08-16 19:34:36.701,0.80,0.75,37,0.0,0.0,-0.050,19.3,19,HAYIR,HAYIR
2026-08-16 19:34:36.721,0.80,0.75,37,0.0,0.0,-0.050,19.3,19,HAYIR,HAYIR
2026-08-16 19:34:36.741,0.80,0.75,37,0.0,0.0,-0.050,19.3,19,HAYIR,HAYIR
2026-08-16 19:34:36.761,0.80,0.75,37,0.0,0.0,-0.050,19.3,19,HAYIR,HAYIR
2026-08-16 19:34:36.781,0.80,0.75,37,0.0,0.0,-0.050,19.3,19,HAYIR,HAYIR
2026-08-16 19:34:36.801,0.80,0.75,37,0.0,0.0,-0.050,19.3,19,HAYIR,HAYIR
2026-08-16 19:34:36.821,0.80,0.75,37,0.0,0.0,-0.050,19.3,19,HAYIR,HAYIR
2026-08-16 19:34:36.841,0.80,0.75,37,0.0,0.0,-0.050,19.3,19,HAYIR,HAYIR
2026-08-16 19:34:36.861,0.80,0.75,37,0.0,0.0,-0.050,19.3,19,HAYIR,HAYIR
2026-08-16 19:34:36.881,0.80,0.75,37,0.0,0.0,-0.050,19.3,19,HAYIR,HAYIR
2026-08-16 19:34:36.901,0.80,0.75,37,0.0,0.0,-0.050,19.3,19,HAYIR,HAYIR
2026-08-16 19:34:36.921,0.80,0.75,37,0.0,0.0,-0.050,19.3,19,HAYIR,HAYIR
2026-08-16 19:34:36.941,0.80,0.75,37,0.0,0.0,-0.050,19.3,19,HAYIR,HAYIR
2026-08-16 19:34:36.961,0.80,0.75,37,0.0,0.0,-0.050,19.3,19,HAYIR,HAYIR
2026-08-16 19:34:36.981,0.80,0.75,37,0.0,0.0,-0.050,19.3,19,HAYIR,HAYIR
2026-08-16 19:34:37.001,0.80,0.75,37,0.0,0.0,-0.050,19.3,19,HAYIR,HAYIR
2026-08-16 19:34:37.021,0.80,0.75,37,0.0,0.0,-0.050,19.3,19,HAYIR,HAYIR
2026-08-16 19:34:37.041,0.80,0.75,37,0.0,0.0,-0.050,19.3,19,HAYIR,HAYIR
2026-08-16 19:34:37.061,0.80,0.75,37,0.0,0.0,-0.050,19.3,19,HAYIR,HAYIR
2026-08-16 19:34:37.081,0.80,0.75,37,0.0,0.0,-0.050,19.3,19,HAYIR,HAYIR
2026-08-16 19:34:37.101,0.80,0.75,37,0.0,0.0,-0.050,19.3,19,HAYIR,HAYIR
2026-08-16 19:34:37.121,0.80,0.75,37,0.0,0.0,-0.050,19.3,19,HAYIR,HAYIR
2026-08-16 19:34:37.141,0.80,0.75,37,0.0,0.0,-0.050,19.3,19,HAYIR,HAYIR
2026-08-16 19:34:37.161,0.80,0.75,37,0.0,0.0,-0.050,19.3,19,HAYIR,HAYIR
2026-08-16 19:34:37.181,0.80,0.75,37,0.0,0.0,-0.050,19.3,19,HAYIR,HAYIR
2026-08-16 19:34:37.201,0.80,0.75,37,0.0,0.0,-0.050,19.3,19,HAYIR,HAYIR
2026-08-16 19:34:37.221,0.80,0.75,37,0.0,0.0,-0.050,19.3,19,HAYIR,HAYIR
2026-08-16 19:34:37.241,0.80,0.75,37,0.0,0.0,-0.050,19.3,19,HAYIR,HAYIR
2026-08-16 19:34:37.261,0.80,0.75,37,0.0,0.0,-0.050,19.3,19,HAYIR,HAYIR
2026-08-16 19:34:37.281,0.80,0.75,37,0.0,0.0,-0.050,19.3,19,HAYIR,HAYIR
2026-08-16 19:34:37.301,0.80,0.75,37,0.0,0.0,-0.050,19.3,19,HAYIR,HAYIR
2026-08-16 19:34:37.321,0.80,0.75,37,0.0,0.0,-0.050,19.3,19,HAYIR,HAYIR
2026-08-16 19:34:37.341,0.80,0.75,37,0.0,0.0,-0.050,19.3,19,HAYIR,HAYIR
2026-08-16 19:34:37.361,0.80,0.75,37,0.0,0.0,-0.050,19.3,19,HAYIR,HAYIR
2026-08-16 19:34:37.381,0.80,0.75,37,0.0,0.0,-0.050,19.3,19,HAYIR,HAYIR
2026-08-16 19:34:37.401,0.80,0.75,37,0.0,0.0,-0.050,19.3,19,HAYIR,HAYIR
2026-08-16 19:34:37.421,0.80,0.75,37,0.0,0.0,-0.050,19.3,19,HAYIR,HAYIR
2026-08-16 19:34:37.441,0.80,0.75,37,0.0,0.0,-0.050,19.3,19,HAYIR,HAYIR
2026-08-16 19:34:37.461,0.80,0.75,37,0.0,0.0,-0.050,19.3,19,HAYIR,HAYIR
2026-08-16 19:34:37.481,0.80,0.75,37,0.0,0.0,-0.050,19.3,19,HAYIR,HAYIR
2026-08-16 19:34:37.501,0.80,0.75,37,0.0,0.0,-0.050,19.3,19,HAYIR,HAYIR
2026-08-16 19:34:37.521,0.80,0.75,37,0.0,0.0,-0.050,19.3,19,HAYIR,HAYIR
2026-08-16 19:34:37.541,0.80,0.75,37,0.0,0.0,-0.050,19.3,19,HAYIR,HAYIR
2026-08-16 19:34:37.561,0.80,0.75,37,0.0,0.0,-0.050,19.3,19,HAYIR,HAYIR
2026-08-16 19:34:37.581,0.80,0.75,37,0.0,0.0,-0.050,19.3,19,HAYIR,HAYIR
2026-08-16 19:34:37.601,0.80,0.75,37,0.0,0.0,-0.050,19.3,19,HAYIR,HAYIR
2026-08-16 19:34:37.621,0.80,0.75,37,0.0,0.0,-0.050,19.3,19,HAYIR,HAYIR
2026-08-16 19:34:37.641,0.80,0.75,37,0.0,0.0,-0.050,19.3,19,HAYIR,HAYIR
2026-08-16 19:34:37.661,0.80,0.75,37,0.0,0.0,-0.050,19.3,19,HAYIR,HAYIR
2026-08-16 19:34:37.681,0.80,0.75,37,0.0,0.0,-0.050,19.3,19,HAYIR,HAYIR
2026-08-16 19:34:37.701,0.80,0.75,37,0.0,0.0,-0.050,19.3,19,HAYIR,HAYIR
2026-08-16 19:34:37.721,0.80,0.75,37,0.0,0.0,-0.050,19.3,19,HAYIR,HAYIR
2026-08-16 19:34:37.741,0.80,0.75,37,0.0,0.0,-0.050,19.3,19,HAYIR,HAYIR
2026-08-16 19:34:37.761,0.80,0.75,37,0.0,0.0,-0.050,19.3,19,HAYIR,HAYIR
2026-08-16 19:34:37.781,0.80,0.75,37,0.0,0.0,-0.050,19.3,19,HAYIR,HAYIR
2026-08-16 19:34:37.801,0.80,0.75,37,0.0,0.0,-0.050,19.3,19,HAYIR,HAYIR
2026-08-16 19:34:37.821,0.80,0.75,37,0.0,0.0,-0.050,19.3,19,HAYIR,HAYIR
2026-08-16 19:34:37.841,0.80,0.75,37,0.0,0.0,-0.050,19.3,19,HAYIR,HAYIR
2026-08-16 19:34:37.861,0.80,0.75,37,0.0,0.0,-0.050,19.3,19,HAYIR,HAYIR
2026-08-16 19:34:37.881,0.80,0.75,37,0.0,0.0,-0.050,19.3,19,HAYIR,HAYIR
2026-08-16 19:34:37.901,0.80,0.75,37,0.0,0.0,-0.050,19.3,19,HAYIR,HAYIR
2026-08-16 19:34:37.921,0.80,0.75,37,0.0,0.0,-0.050,19.3,19,HAYIR,HAYIR
2026-08-16 19:34:37.941,0.80,0.75,37,0.0,0.0,-0.050,19.3,19,HAYIR,HAYIR
2026-08-16 19:34:37.961,0.80,0.75,37,0.0,0.0,-0.050,19.3,19,HAYIR,HAYIR
2026-08-16 19:34:37.981,0.80,0.75,37,0.0,0.0,-0.050,19.3,19,HAYIR,HAYIR
2026-08-16 19:34:38.001,0.80,0.75,37,0.0,0.0,-0.050,19.3,19,HAYIR,HAYIR
2026-08-16 19:34:38.021,0.80,0.75,37,0.0,0.0,-0.050,19.3,19,HAYIR,HAYIR
2026-08-16 19:34:38.041,0.80,0.75,37,0.0,0.0,-0.050,19.3,19,HAYIR,HAYIR
2026-08-16 19:34:38.061,0.80,0.75,37,0.0,0.0,-0.050,19.3,19,HAYIR,HAYIR
2026-08-16 19:34:38.081,0.80,0.75,37,0.0,0.0,-0.050,19.3,19,HAYIR,HAYIR
2026-08-16 19:34:38.101,0.80,0.75,37,0.0,0.0,-0.050,19.3,19,HAYIR,HAYIR
2026-08-16 19:34:38.121,0.80,0.75,37,0.0,0.0,-0.050,19.3,19,HAYIR,HAYIR
2026-08-16 19:34:38.141,0.80,0.75,37,0.0,0.0,-0.050,19.3,19,HAYIR,HAYIR
2026-08-16 19:34:38.161,0.80,0.75,37,0.0,0.0,-0.050,19.3,19,HAYIR,HAYIR
2026-08-16 19:34:38.181,0.80,0.75,37,0.0,0.0,-0.050,19.3,19,HAYIR,HAYIR
2026-08-16 19:34:38.201,0.80,0.75,37,0.0,0.0,-0.050,19.3,19,HAYIR,HAYIR
2026-08-16 19:34:38.221,0.80,0.75,37,0.0,0.0,-0.050,19.3,19,HAYIR,HAYIR
2026-08-16 19:34:38.241,0.80,0.75,37,0.0,0.0,-0.050,19.3,19,HAYIR,HAYIR
2026-08-16 19:34:38.261,0.80,0.75,37,0.0,0.0,-0.050,19.3,19,HAYIR,HAYIR
2026-08-16 19:34:38.281,0.80,0.75,37,0.0,0.0,-0.050,19.3,19,HAYIR,HAYIR
2026-08-16 19:34:38.301,0.80,0.75,37,0.0,0.0,-0.050,19.3,19,HAYIR,HAYIR
2026-08-16 19:34:38.321,0.80,0.75,37,0.0,0.0,-0.050,19.3,19,HAYIR,HAYIR
2026-08-16 19:34:38.341,0.80,0.75,37,0.0,0.0,-0.050,19.3,19,HAYIR,HAYIR
2026-08-16 19:34:38.361,0.80,0.75,37,0.0,0.0,-0.050,19.3,19,HAYIR,HAYIR
2026-08-16 19:34:38.381,0.80,0.75,37,0.0,0.0,-0.050,19.3,19,HAYIR,HAYIR
2026-08-16 19:34:38.401,0.80,0.75,37,0.0,0.0,-0.050,19.3,19,HAYIR,HAYIR
2026-08-16 19:34:38.421,0.80,0.75,37,0.0,0.0,-0.050,19.3,19,HAYIR,HAYIR
2026-08-16 19:34:38.441,0.80,0.75,37,0.0,0.0,-0.050,19.3,19,HAYIR,HAYIR
2026-08-16 19:34:38.461,0.80,0.75,37,0.0,0.0,-0.050,19.3,19,HAYIR,HAYIR
2026-08-16 19:34:38.481,0.80,0.75,37,0.0,0.0,-0.050,19.3,19,HAYIR,HAYIR
2026-08-16 19:34:38.501,0.80,0.75,37,0.0,0.0,-0.050,19.3,19,HAYIR,HAYIR
2026-08-16 19:34:38.521,0.80,0.75,37,0.0,0.0,-0.050,19.3,19,HAYIR,HAYIR
2026-08-16 19:34:38.541,0.80,0.75,37,0.0,0.0,-0.050,19.3,19,HAYIR,HAYIR
2026-08-16 19:34:38.561,0.80,0.75,37,0.0,0.0,-0.050,19.3,19,HAYIR,HAYIR
2026-08-16 19:34:38.581,0.80,0.75,37,0.0,0.0,-0.050,19.3,19,HAYIR,HAYIR
2026-08-16 19:34:38.601,0.80,0.75,37,0.0,0.0,-0.050,19.3,19,HAYIR,HAYIR
2026-08-16 19:34:38.621,0.80,0.75,37,0.0,0.0,-0.050,19.3,19,HAYIR,HAYIR
2026-08-16 19:34:38.641,0.80,0.75,37,0.0,0.0,-0.050,19.3,19,HAYIR,HAYIR
2026-08-16 19:34:38.661,0.80,0.75,37,0.0,0.0,-0.050,19.3,19,HAYIR,HAYIR
2026-08-16 19:34:38.681,0.80,0.75,37,0.0,0.0,-0.050,19.3,19,HAYIR,HAYIR
2026-08-16 19:34:38.701,0.80,0.75,37,0.0,0.0,-0.050,19.3,19,HAYIR,HAYIR
2026-08-16 19:34:38.721,0.80,0.75,37,0.0,0.0,-0.050,19.3,19,HAYIR,HAYIR
2026-08-16 19:34:38.741,0.80,0.75,37,0.0,0.0,-0.050,19.3,19,HAYIR,HAYIR
2026-08-16 19:34:38.761,0.80,0.75,37,0.0,0.0,-0.050,19.3,19,HAYIR,HAYIR
2026-08-16 19:34:38.781,0.80,0.75,37,0.0,0.0,-0.050,19.3,19,HAYIR,HAYIR
2026-08-16 19:34:38.801,0.80,0.75,37,0.0,0.0,-0.050,19.3,19,HAYIR,HAYIR
2026-08-16 19:34:38.821,0.80,0.75,37,0.0,0.0,-0.050,19.3,19,HAYIR,HAYIR
2026-08-16 19:34:38.841,0.80,0.75,37,0.0,0.0,-0.050,19.3,19,HAYIR,HAYIR
2026-08-16 19:34:38.861,0.80,0.75,37,0.0,0.0,-0.050,19.3,19,HAYIR,HAYIR
2026-08-16 19:34:38.881,0.80,0.75,37,0.0,0.0,-0.050,19.3,19,HAYIR,HAYIR
2026-08-16 19:34:38.901,0.80,0.75,37,0.0,0.0,-0.050,19.3,19,HAYIR,HAYIR
2026-08-16 19:34:38.921,0.80,0.75,37,0.0,0.0,-0.050,19.3,19,HAYIR,HAYIR
2026-08-16 19:34:38.941,0.80,0.75,37,0.0,0.0,-0.050,19.3,19,HAYIR,HAYIR
2026-08-16 19:34:38.961,0.80,0.75,37,0.0,0.0,-0.050,19.3,19,HAYIR,HAYIR
2026-08-16 19:34:38.981,0.80,0.75,37,0.0,0.0,-0.050,19.3,19,HAYIR,HAYIR
2026-08-16 19:34:39.001,0.80,0.75,37,0.0,0.0,-0.050,19.3,19,HAYIR,HAYIR
2026-08-16 19:34:39.021,0.80,0.75,37,0.0,0.0,-0.050,19.3,19,HAYIR,HAYIR
2026-08-16 19:34:39.041,0.80,0.75,37,0.0,0.0,-0.050,19.3,19,HAYIR,HAYIR
2026-08-16 19:34:39.061,0.80,0.75,37,0.0,0.0,-0.050,19.3,19,HAYIR,HAYIR
2026-08-16 19:34:39.081,0.80,0.75,37,0.0,0.0,-0.050,19.3,19,HAYIR,HAYIR
2026-08-16 19:34:39.101,0.80,0.75,37,0.0,0.0,-0.050,19.3,19,HAYIR,HAYIR
2026-08-16 19:34:39.121,0.80,0.75,37,0.0,0.0,-0.050,19.3,19,HAYIR,HAYIR
2026-08-16 19:34:39.141,0.80,0.75,37,0.0,0.0,-0.050,19.3,19,HAYIR,HAYIR
2026-08-16 19:34:39.161,0.80,0.75,37,0.0,0.0,-0.050,19.3,19,HAYIR,HAYIR
2026-08-16 19:34:39.181,0.80,0.75,37,0.0,0.0,-0.050,19.3,19,HAYIR,HAYIR
2026-08-16 19:34:39.201,0.80,0.75,37,0.0,0.0,-0.050,19.3,19,HAYIR,HAYIR
2026-08-16 19:34:39.221,0.80,0.75,37,0.0,0.0,-0.050,19.3,19,HAYIR,HAYIR
2026-08-16 19:34:39.241,0.80,0.75,37,0.0,0.0,-0.050,19.3,19,HAYIR,HAYIR
2026-08-16 19:34:39.261,0.80,0.75,37,0.0,0.0,-0.050,19.3,19,HAYIR,HAYIR
2026-08-16 19:34:39.281,0.80,0.75,37,0.0,0.0,-0.050,19.3,19,HAYIR,HAYIR
2026-08-16 19:34:39.301,0.80,0.75,37,0.0,0.0,-0.050,19.3,19,HAYIR,HAYIR
2026-08-16 19:34:39.321,0.80,0.75,37,0.0,0.0,-0.050,19.3,19,HAYIR,HAYIR
2026-08-16 19:34:39.341,0.80,0.75,37,0.0,0.0,-0.050,19.3,19,HAYIR,HAYIR
2026-08-16 19:34:39.361,0.80,0.75,37,0.0,0.0,-0.050,19.3,19,HAYIR,HAYIR
2026-08-16 19:34:39.381,0.80,0.75,37,0.0,0.0,-0.050,19.3,19,HAYIR,HAYIR
2026-08-16 19:34:39.401,0.80,0.75,37,0.0,0.0,-0.050,19.3,19,HAYIR,HAYIR
2026-08-16 19:34:39.421,0.80,0.75,37,0.0,0.0,-0.050,19.3,19,HAYIR,HAYIR
2026-08-16 19:34:39.441,0.80,0.75,37,0.0,0.0,-0.050,19.3,19,HAYIR,HAYIR
2026-08-16 19:34:39.461,0.80,0.75,37,0.0,0.0,-0.050,19.3,19,HAYIR,HAYIR
2026-08-16 19:34:39.481,0.80,0.75,37,0.0,0.0,-0.050,19.3,19,HAYIR,HAYIR
2026-08-16 19:34:39.501,0.80,0.75,37,0.0,0.0,-0.050,19.3,19,HAYIR,HAYIR
2026-08-16 19:34:39.521,0.80,0.75,37,0.0,0.0,-0.050,19.3,19,HAYIR,HAYIR
2026-08-16 19:34:39.541,0.80,0.75,37,0.0,0.0,-0.050,19.3,19,HAYIR,HAYIR
2026-08-16 19:34:39.561,0.80,0.75,37,0.0,0.0,-0.050,19.3,19,HAYIR,HAYIR
2026-08-16 19:34:39.581,0.80,0.75,37,0.0,0.0,-0.050,19.3,19,HAYIR,HAYIR
2026-08-16 19:34:39.601,0.80,0.75,37,0.0,0.0,-0.050,19.3,19,HAYIR,HAYIR
2026-08-16 19:34:39.621,0.80,0.75,37,0.0,0.0,-0.050,19.3,19,HAYIR,HAYIR
2026-08-16 19:34:39.641,0.80,0.75,37,0.0,0.0,-0.050,19.3,19,HAYIR,HAYIR
2026-08-16 19:34:39.661,0.80,0.75,37,0.0,0.0,-0.050,19.3,19,HAYIR,HAYIR
2026-08-16 19:34:39.681,0.80,0.75,37,0.0,0.0,-0.050,19.3,19,HAYIR,HAYIR
2026-08-16 19:34:39.701,0.80,0.75,37,0.0,0.0,-0.050,19.3,19,HAYIR,HAYIR
2026-08-16 19:34:39.721,0.80,0.75,37,0.0,0.0,-0.050,19.3,19,HAYIR,HAYIR
2026-08-16 19:34:39.741,0.80,0.75,37,0.0,0.0,-0.050,19.3,19,HAYIR,HAYIR
2026-08-16 19:34:39.761,0.80,0.75,37,0.0,0.0,-0.050,19.3,19,HAYIR,HAYIR
2026-08-16 19:34:39.781,0.80,0.75,37,0.0,0.0,-0.050,19.3,19,HAYIR,HAYIR
2026-08-16 19:34:39.801,0.80,0.75,37,0.0,0.0,-0.050,19.3,19,HAYIR,HAYIR
2026-08-16 19:34:39.821,0.80,0.75,37,0.0,0.0,-0.050,19.3,19,HAYIR,HAYIR
2026-08-16 19:34:39.841,0.80,0.75,37,0.0,0.0,-0.050,19.3,19,HAYIR,HAYIR
2026-08-16 19:34:39.861,0.80,0.75,37,0.0,0.0,-0.050,19.3,19,HAYIR,HAYIR
2026-08-16 19:34:39.881,0.80,0.75,37,0.0,0.0,-0.050,19.3,19,HAYIR,HAYIR
2026-08-16 19:34:39.901,0.80,0.75,37,0.0,0.0,-0.050,19.3,19,HAYIR,HAYIR
2026-08-16 19:34:39.921,0.80,0.75,37,0.0,0.0,-0.050,19.3,19,HAYIR,HAYIR
2026-08-16 19:34:39.941,0.80,0.75,37,0.0,0.0,-0.050,19.3,19,HAYIR,HAYIR
2026-08-16 19:34:39.961,0.80,0.75,37,0.0,0.0,-0.050,19.3,19,HAYIR,HAYIR
2026-08-16 19:34:39.981,0.80,0.75,37,0.0,0.0,-0.050,19.3,19,HAYIR,HAYIR
2026-08-16 19:34:40.001,0.80,0.75,37,0.0,0.0,-0.050,19.3,19,HAYIR,HAYIR
2026-08-16 19:34:40.021,0.80,0.75,37,0.0,0.0,-0.050,19.3,19,HAYIR,HAYIR
2026-08-16 19:34:40.041,0.80,0.75,37,0.0,0.0,-0.050,19.3,19,HAYIR,HAYIR
2026-08-16 19:34:40.061,0.80,0.75,37,0.0,0.0,-0.050,19.3,19,HAYIR,HAYIR
2026-08-16 19:34:40.081,0.80,0.75,37,0.0,0.0,-0.050,19.3,19,HAYIR,HAYIR
2026-08-16 19:34:40.101,0.80,0.75,37,0.0,0.0,-0.050,19.3,19,HAYIR,HAYIR
2026-08-16 19:34:40.121,0.80,0.75,37,0.0,0.0,-0.050,19.3,19,HAYIR,HAYIR
2026-08-16 19:34:40.141,0.80,0.75,37,0.0,0.0,-0.050,19.3,19,HAYIR,HAYIR
2026-08-16 19:34:40.161,0.80,0.75,37,0.0,0.0,-0.050,19.3,19,HAYIR,HAYIR
2026-08-16 19:34:40.181,0.80,0.75,37,0.0,0.0,-0.050,19.3,19,HAYIR,HAYIR
2026-08-16 19:34:40.201,0.80,0.75,37,0.0,0.0,-0.050,19.3,19,HAYIR,HAYIR
2026-08-16 19:34:40.221,0.80,0.75,37,0.0,0.0,-0.050,19.3,19,HAYIR,HAYIR
2026-08-16 19:34:40.241,0.80,0.75,37,0.0,0.0,-0.050,19.3,19,HAYIR,HAYIR
2026-08-16 19:34:40.261,0.80,0.75,37,0.0,0.0,-0.050,19.3,19,HAYIR,HAYIR
2026-08-16 19:34:40.281,0.80,0.75,37,0.0,0.0,-0.050,19.3,19,HAYIR,HAYIR
2026-08-16 19:34:40.301,0.80,0.75,37,0.0,0.0,-0.050,19.3,19,HAYIR,HAYIR
2026-08-16 19:34:40.321,0.80,0.75,37,0.0,0.0,-0.050,19.3,19,HAYIR,HAYIR
2026-08-16 19:34:40.341,0.80,0.75,37,0.0,0.0,-0.050,19.3,19,HAYIR,HAYIR
2026-08-16 19:34:40.361,0.80,0.75,37,0.0,0.0,-0.050,19.3,19,HAYIR,HAYIR
2026-08-16 19:34:40.381,0.80,0.75,37,0.0,0.0,-0.050,19.3,19,HAYIR,HAYIR
2026-08-16 19:34:40.401,0.80,0.75,37,0.0,0.0,-0.050,19.3,19,HAYIR,HAYIR
2026-08-16 19:34:40.421,0.80,0.75,37,0.0,0.0,-0.050,19.3,19,HAYIR,HAYIR
2026-08-16 19:34:40.441,0.80,0.75,37,0.0,0.0,-0.050,19.3,19,HAYIR,HAYIR
2026-08-16 19:34:40.461,0.80,0.75,37,0.0,0.0,-0.050,19.3,19,HAYIR,HAYIR
2026-08-16 19:34:40.481,0.80,0.75,37,0.0,0.0,-0.050,19.3,19,HAYIR,HAYIR
2026-08-16 19:34:40.501,0.80,0.75,37,0.0,0.0,-0.050,19.3,19,HAYIR,HAYIR
2026-08-16 19:34:40.521,0.80,0.75,37,0.0,0.0,-0.050,19.3,19,HAYIR,HAYIR
2026-08-16 19:34:40.541,0.80,0.75,37,0.0,0.0,-0.050,19.3,19,HAYIR,HAYIR
2026-08-16 19:34:40.561,0.80,0.75,37,0.0,0.0,-0.050,19.3,19,HAYIR,HAYIR
2026-08-16 19:34:40.581,0.80,0.75,37,0.0,0.0,-0.050,19.3,19,HAYIR,HAYIR
2026-08-16 19:34:40.601,0.80,0.75,37,0.0,0.0,-0.050,19.3,19,HAYIR,HAYIR
2026-08-16 19:34:40.621,0.80,0.75,37,0.0,0.0,-0.050,19.3,19,HAYIR,HAYIR
2026-08-16 19:34:40.641,0.80,0.75,37,0.0,0.0,-0.050,19.3,19,HAYIR,HAYIR
2026-08-16 19:34:40.661,0.80,0.75,37,0.0,0.0,-0.050,19.3,19,HAYIR,HAYIR
2026-08-16 19:34:40.681,0.80,0.75,37,0.0,0.0,-0.050,19.3,19,HAYIR,HAYIR
2026-08-16 19:34:40.701,0.80,0.75,37,0.0,0.0,-0.050,19.3,19,HAYIR,HAYIR
2026-08-16 19:34:40.721,0.80,0.75,37,0.0,0.0,-0.050,19.3,19,HAYIR,HAYIR
2026-08-16 19:34:40.741,0.80,0.75,37,0.0,0.0,-0.050,19.3,19,HAYIR,HAYIR
2026-08-16 19:34:40.761,0.80,0.75,37,0.0,0.0,-0.050,19.3,19,HAYIR,HAYIR
2026-08-16 19:34:40.781,0.80,0.75,37,0.0,0.0,-0.050,19.3,19,HAYIR,HAYIR
2026-08-16 19:34:40.801,0.80,0.75,37,0.0,0.0,-0.050,19.3,19,HAYIR,HAYIR
2026-08-16 19:34:40.821,0.80,0.75,37,0.0,0.0,-0.050,19.3,19,HAYIR,HAYIR
2026-08-16 19:34:40.841,0.80,0.75,37,0.0,0.0,-0.050,19.3,19,HAYIR,HAYIR
2026-08-16 19:34:40.861,0.80,0.75,37,0.0,0.0,-0.050,19.3,19,HAYIR,HAYIR
2026-08-16 19:34:40.881,0.80,0.75,37,0.0,0.0,-0.050,19.3,19,HAYIR,HAYIR
2026-08-16 19:34:40.901,0.80,0.75,37,0.0,0.0,-0.050,19.3,19,HAYIR,HAYIR
2026-08-16 19:34:40.921,0.80,0.75,37,0.0,0.0,-0.050,19.3,19,HAYIR,HAYIR
2026-08-16 19:34:40.941,0.80,0.75,37,0.0,0.0,-0.050,19.3,19,HAYIR,HAYIR
2026-08-16 19:34:40.961,0.80,0.75,37,0.0,0.0,-0.050,19.3,19,HAYIR,HAYIR
2026-08-16 19:34:40.981,0.80,0.75,37,0.0,0.0,-0.050,19.3,19,HAYIR,HAYIR
2026-08-16 19:34:41.001,0.80,0.75,37,0.0,0.0,-0.050,19.3,19,HAYIR,HAYIR
2026-08-16 19:34:41.021,0.80,0.75,37,0.0,0.0,-0.050,19.3,19,HAYIR,HAYIR
2026-08-16 19:34:41.041,0.80,0.75,37,0.0,0.0,-0.050,19.3,19,HAYIR,HAYIR
2026-08-16 19:34:41.061,0.80,0.75,37,0.0,0.0,-0.050,19.3,19,HAYIR,HAYIR
2026-08-16 19:34:41.081,0.80,0.75,37,0.0,0.0,-0.050,19.3,19,HAYIR,HAYIR
2026-08-16 19:34:41.101,0.80,0.75,37,0.0,0.0,-0.050,19.3,19,HAYIR,HAYIR
2026-08-16 19:34:41.121,0.80,0.75,37,0.0,0.0,-0.050,19.3,19,HAYIR,HAYIR
2026-08-16 19:34:41.141,0.80,0.75,37,0.0,0.0,-0.050,19.3,19,HAYIR,HAYIR
2026-08-16 19:34:41.161,0.80,0.75,37,0.0,0.0,-0.050,19.3,19,HAYIR,HAYIR
2026-08-16 19:34:41.181,0.80,0.75,37,0.0,0.0,-0.050,19.3,19,HAYIR,HAYIR
2026-08-16 19:34:41.201,0.80,0.75,37,0.0,0.0,-0.050,19.3,19,HAYIR,HAYIR
2026-08-16 19:34:41.221,0.80,0.75,37,0.0,0.0,-0.050,19.3,19,HAYIR,HAYIR
2026-08-16 19:34:41.241,0.80,0.75,37,0.0,0.0,-0.050,19.3,19,HAYIR,HAYIR
2026-08-16 19:34:41.261,0.80,0.75,37,0.0,0.0,-0.050,19.3,19,HAYIR,HAYIR
2026-08-16 19:34:41.281,0.80,0.75,37,0.0,0.0,-0.050,19.3,19,HAYIR,HAYIR
2026-08-16 19:34:41.301,0.80,0.75,37,0.0,0.0,-0.050,19.3,19,HAYIR,HAYIR
2026-08-16 19:34:41.321,0.80,0.75,37,0.0,0.0,-0.050,19.3,19,HAYIR,HAYIR
2026-08-16 19:34:41.341,0.80,0.75,37,0.0,0.0,-0.050,19.3,19,HAYIR,HAYIR
2026-08-16 19:34:41.361,0.80,0.75,37,0.0,0.0,-0.050,19.3,19,HAYIR,HAYIR
2026-08-16 19:34:41.381,0.80,0.75,37,0.0,0.0,-0.050,19.3,19,HAYIR,HAYIR
2026-08-16 19:34:41.401,0.80,0.75,37,0.0,0.0,-0.050,19.3,19,HAYIR,HAYIR
2026-08-16 19:34:41.421,0.80,0.75,37,0.0,0.0,-0.050,19.3,19,HAYIR,HAYIR
2026-08-16 19:34:41.441,0.80,0.75,37,0.0,0.0,-0.050,19.3,19,HAYIR,HAYIR
2026-08-16 19:34:41.461,0.80,0.75,37,0.0,0.0,-0.050,19.3,19,HAYIR,HAYIR
2026-08-16 19:34:41.481,0.80,0.75,37,0.0,0.0,-0.050,19.3,19,HAYIR,HAYIR
2026-08-16 19:34:41.501,0.80,0.75,37,0.0,0.0,-0.050,19.3,19,HAYIR,HAYIR
2026-08-16 19:34:41.521,0.80,0.75,37,0.0,0.0,-0.050,19.3,19,HAYIR,HAYIR
2026-08-16 19:34:41.541,0.80,0.75,37,0.0,0.0,-0.050,19.3,19,HAYIR,HAYIR
2026-08-16 19:34:41.561,0.80,0.75,37,0.0,0.0,-0.050,19.3,19,HAYIR,HAYIR
2026-08-16 19:34:41.581,0.80,0.75,37,0.0,0.0,-0.050,19.3,19,HAYIR,HAYIR
2026-08-16 19:34:41.601,0.80,0.75,37,0.0,0.0,-0.050,19.3,19,HAYIR,HAYIR
2026-08-16 19:34:41.621,0.80,0.75,37,0.0,0.0,-0.050,19.3,19,HAYIR,HAYIR
2026-08-16 19:34:41.641,0.80,0.75,37,0.0,0.0,-0.050,19.3,19,HAYIR,HAYIR
2026-08-16 19:34:41.661,0.80,0.75,37,0.0,0.0,-0.050,19.3,19,HAYIR,HAYIR
2026-08-16 19:34:41.681,0.80,0.75,37,0.0,0.0,-0.050,19.3,19,HAYIR,HAYIR
2026-08-16 19:34:41.701,0.80,0.75,37,0.0,0.0,-0.050,19.3,19,HAYIR,HAYIR
2026-08-16 19:34:41.721,0.80,0.75,37,0.0,0.0,-0.050,19.3,19,HAYIR,HAYIR
2026-08-16 19:34:41.741,0.80,0.75,37,0.0,0.0,-0.050,19.3,19,HAYIR,HAYIR
2026-08-16 19:34:41.761,0.80,0.75,37,0.0,0.0,-0.050,19.3,19,HAYIR,HAYIR
2026-08-16 19:34:41.781,0.80,0.75,37,0.0,0.0,-0.050,19.3,19,HAYIR,HAYIR
2026-08-16 19:34:41.801,0.80,0.75,37,0.0,0.0,-0.050,19.3,19,HAYIR,HAYIR
2026-08-16 19:34:41.821,0.80,0.75,37,0.0,0.0,-0.050,19.3,19,HAYIR,HAYIR
2026-08-16 19:34:41.841,0.80,0.75,37,0.0,0.0,-0.050,19.3,19,HAYIR,HAYIR
2026-08-16 19:34:41.861,0.80,0.75,37,0.0,0.0,-0.050,19.3,19,HAYIR,HAYIR
2026-08-16 19:34:41.881,0.80,0.75,37,0.0,0.0,-0.050,19.3,19,HAYIR,HAYIR
2026-08-16 19:34:41.901,0.80,0.75,37,0.0,0.0,-0.050,19.3,19,HAYIR,HAYIR
2026-08-16 19:34:41.921,0.80,0.75,37,0.0,0.0,-0.050,19.3,19,HAYIR,HAYIR
2026-08-16 19:34:41.941,0.80,0.75,37,0.0,0.0,-0.050,19.3,19,HAYIR,HAYIR
2026-08-16 19:34:41.961,0.80,0.75,37,0.0,0.0,-0.050,19.3,19,HAYIR,HAYIR
2026-08-16 19:34:41.981,0.80,0.75,37,0.0,0.0,-0.050,19.3,19,HAYIR,HAYIR
2026-08-16 19:34:42.001,0.80,0.75,37,0.0,0.0,-0.050,19.3,19,HAYIR,HAYIR
2026-08-16 19:34:42.021,0.80,0.75,37,0.0,0.0,-0.050,19.3,19,HAYIR,HAYIR
2026-08-16 19:34:42.041,0.80,0.75,37,0.0,0.0,-0.050,19.3,19,HAYIR,HAYIR
2026-08-16 19:34:42.061,0.80,0.75,37,0.0,0.0,-0.050,19.3,19,HAYIR,HAYIR
2026-08-16 19:34:42.081,0.80,0.75,37,0.0,0.0,-0.050,19.3,19,HAYIR,HAYIR
2026-08-16 19:34:42.101,0.80,0.75,37,0.0,0.0,-0.050,19.3,19,HAYIR,HAYIR
2026-08-16 19:34:42.121,0.80,0.75,37,0.0,0.0,-0.050,19.3,19,HAYIR,HAYIR
2026-08-16 19:34:42.141,0.80,0.75,37,0.0,0.0,-0.050,19.3,19,HAYIR,HAYIR
2026-08-16 19:34:42.161,0.80,0.75,37,0.0,0.0,-0.050,19.3,19,HAYIR,HAYIR
2026-08-16 19:34:42.181,0.80,0.75,37,0.0,0.0,-0.050,19.3,19,HAYIR,HAYIR
2026-08-16 19:34:42.201,0.80,0.75,37,0.0,0.0,-0.050,19.3,19,HAYIR,HAYIR
2026-08-16 19:34:42.221,0.80,0.75,37,0.0,0.0,-0.050,19.3,19,HAYIR,HAYIR
2026-08-16 19:34:42.241,0.80,0.75,37,0.0,0.0,-0.050,19.3,19,HAYIR,HAYIR
2026-08-16 19:34:42.261,0.80,0.75,37,0.0,0.0,-0.050,19.3,19,HAYIR,HAYIR
2026-08-16 19:34:42.281,0.80,0.75,37,0.0,0.0,-0.050,19.3,19,HAYIR,HAYIR
2026-08-16 19:34:42.301,0.80,0.75,37,0.0,0.0,-0.050,19.3,19,HAYIR,HAYIR
2026-08-16 19:34:42.321,0.80,0.75,37,0.0,0.0,-0.050,19.3,19,HAYIR,HAYIR
2026-08-16 19:34:42.341,0.80,0.75,37,0.0,0.0,-0.050,19.3,19,HAYIR,HAYIR
2026-08-16 19:34:42.361,0.80,0.75,37,0.0,0.0,-0.050,19.3,19,HAYIR,HAYIR
2026-08-16 19:34:42.381,0.80,0.75,37,0.0,0.0,-0.050,19.3,19,HAYIR,HAYIR
2026-08-16 19:34:42.401,0.80,0.75,37,0.0,0.0,-0.050,19.3,19,HAYIR,HAYIR
2026-08-16 19:34:42.421,0.80,0.75,37,0.0,0.0,-0.050,19.3,19,HAYIR,HAYIR
2026-08-16 19:34:42.441,0.80,0.75,37,0.0,0.0,-0.050,19.3,19,HAYIR,HAYIR
2026-08-16 19:34:42.461,0.80,0.75,37,0.0,0.0,-0.050,19.3,19,HAYIR,HAYIR
2026-08-16 19:34:42.481,0.80,0.75,37,0.0,0.0,-0.050,19.3,19,HAYIR,HAYIR
2026-08-16 19:34:42.501,0.80,0.75,37,0.0,0.0,-0.050,19.3,19,HAYIR,HAYIR
2026-08-16 19:34:42.521,0.80,0.75,37,0.0,0.0,-0.050,19.3,19,HAYIR,HAYIR
2026-08-16 19:34:42.541,0.80,0.75,37,0.0,0.0,-0.050,19.3,19,HAYIR,HAYIR
2026-08-16 19:34:42.561,0.80,0.75,37,0.0,0.0,-0.050,19.3,19,HAYIR,HAYIR
2026-08-16 19:34:42.581,0.80,0.75,37,0.0,0.0,-0.050,19.3,19,HAYIR,HAYIR
2026-08-16 19:34:42.601,0.80,0.75,37,0.0,0.0,-0.050,19.3,19,HAYIR,HAYIR
2026-08-16 19:34:42.621,0.80,0.75,37,0.0,0.0,-0.050,19.3,19,HAYIR,HAYIR
2026-08-16 19:34:42.641,0.80,0.75,37,0.0,0.0,-0.050,19.3,19,HAYIR,HAYIR
2026-08-16 19:34:42.661,0.80,0.75,37,0.0,0.0,-0.050,19.3,19,HAYIR,HAYIR
2026-08-16 19:34:42.681,0.80,0.75,37,0.0,0.0,-0.050,19.3,19,HAYIR,HAYIR
2026-08-16 19:34:42.701,0.80,0.75,37,0.0,0.0,-0.050,19.3,19,HAYIR,HAYIR
2026-08-16 19:34:42.721,0.80,0.75,37,0.0,0.0,-0.050,19.3,19,HAYIR,HAYIR
2026-08-16 19:34:42.741,0.80,0.75,37,0.0,0.0,-0.050,19.3,19,HAYIR,HAYIR
2026-08-16 19:34:42.761,0.80,0.75,37,0.0,0.0,-0.050,19.3,19,HAYIR,HAYIR
2026-08-16 19:34:42.781,0.80,0.75,37,0.0,0.0,-0.050,19.3,19,HAYIR,HAYIR
2026-08-16 19:34:42.801,0.80,0.75,37,0.0,0.0,-0.050,19.3,19,HAYIR,HAYIR
2026-08-16 19:34:42.821,0.80,0.75,37,0.0,0.0,-0.050,19.3,19,HAYIR,HAYIR
2026-08-16 19:34:42.841,0.80,0.75,37,0.0,0.0,-0.050,19.3,19,HAYIR,HAYIR
2026-08-16 19:34:42.861,0.80,0.75,37,0.0,0.0,-0.050,19.3,19,HAYIR,HAYIR
2026-08-16 19:34:42.881,0.80,0.75,37,0.0,0.0,-0.050,19.3,19,HAYIR,HAYIR
2026-08-16 19:34:42.901,0.80,0.75,37,0.0,0.0,-0.050,19.3,19,HAYIR,HAYIR
2026-08-16 19:34:42.921,0.80,0.75,37,0.0,0.0,-0.050,19.3,19,HAYIR,HAYIR
2026-08-16 19:34:42.941,0.80,0.75,37,0.0,0.0,-0.050,19.3,19,HAYIR,HAYIR
2026-08-16 19:34:42.961,0.80,0.75,37,0.0,0.0,-0.050,19.3,19,HAYIR,HAYIR
2026-08-16 19:34:42.981,0.80,0.75,37,0.0,0.0,-0.050,19.3,19,HAYIR,HAYIR
2026-08-16 19:34:43.001,0.80,0.75,37,0.0,0.0,-0.050,19.3,19,HAYIR,HAYIR
2026-08-16 19:34:43.021,0.80,0.75,37,0.0,0.0,-0.050,19.3,19,HAYIR,HAYIR
2026-08-16 19:34:43.041,0.80,0.75,37,0.0,0.0,-0.050,19.3,19,HAYIR,HAYIR
2026-08-16 19:34:43.061,0.80,0.75,37,0.0,0.0,-0.050,19.3,19,HAYIR,HAYIR
2026-08-16 19:34:43.081,0.80,0.75,37,0.0,0.0,-0.050,19.3,19,HAYIR,HAYIR
2026-08-16 19:34:43.101,0.80,0.75,37,0.0,0.0,-0.050,19.3,19,HAYIR,HAYIR
2026-08-16 19:34:43.121,0.80,0.75,37,0.0,0.0,-0.050,19.3,19,HAYIR,HAYIR
2026-08-16 19:34:43.141,0.80,0.75,37,0.0,0.0,-0.050,19.3,19,HAYIR,HAYIR
2026-08-16 19:34:43.161,0.80,0.75,37,0.0,0.0,-0.050,19.3,19,HAYIR,HAYIR
2026-08-16 19:34:43.181,0.80,0.75,37,0.0,0.0,-0.050,19.3,19,HAYIR,HAYIR
2026-08-16 19:34:43.201,0.80,0.75,37,0.0,0.0,-0.050,19.3,19,HAYIR,HAYIR
2026-08-16 19:34:43.221,0.80,0.75,37,0.0,0.0,-0.050,19.3,19,HAYIR,HAYIR
2026-08-16 19:34:43.241,0.80,0.75,37,0.0,0.0,-0.050,19.3,19,HAYIR,HAYIR
2026-08-16 19:34:43.261,0.80,0.75,37,0.0,0.0,-0.050,19.3,19,HAYIR,HAYIR
2026-08-16 19:34:43.281,0.80,0.75,37,0.0,0.0,-0.050,19.3,19,HAYIR,HAYIR
2026-08-16 19:34:43.301,0.80,0.75,37,0.0,0.0,-0.050,19.3,19,HAYIR,HAYIR
2026-08-16 19:34:43.321,0.80,0.75,37,0.0,0.0,-0.050,19.3,19,HAYIR,HAYIR
2026-08-16 19:34:43.341,0.80,0.75,37,0.0,0.0,-0.050,19.3,19,HAYIR,HAYIR
2026-08-16 19:34:43.361,0.80,0.75,37,0.0,0.0,-0.050,19.3,19,HAYIR,HAYIR
2026-08-16 19:34:43.381,0.80,0.75,37,0.0,0.0,-0.050,19.3,19,HAYIR,HAYIR
2026-08-16 19:34:43.401,0.80,0.75,37,0.0,0.0,-0.050,19.3,19,HAYIR,HAYIR
2026-08-16 19:34:43.421,0.80,0.75,37,0.0,0.0,-0.050,19.3,19,HAYIR,HAYIR
2026-08-16 19:34:43.441,0.80,0.75,37,0.0,0.0,-0.050,19.3,19,HAYIR,HAYIR
2026-08-16 19:34:43.461,0.80,0.75,37,0.0,0.0,-0.050,19.3,19,HAYIR,HAYIR
2026-08-16 19:34:43.481,0.80,0.75,37,0.0,0.0,-0.050,19.3,19,HAYIR,HAYIR
2026-08-16 19:34:43.501,0.80,0.75,37,0.0,0.0,-0.050,19.3,19,HAYIR,HAYIR
2026-08-16 19:34:43.521,0.80,0.75,37,0.0,0.0,-0.050,19.3,19,HAYIR,HAYIR
2026-08-16 19:34:43.541,0.80,0.75,37,0.0,0.0,-0.050,19.3,19,HAYIR,HAYIR
2026-08-16 19:34:43.561,0.80,0.75,37,0.0,0.0,-0.050,19.3,19,HAYIR,HAYIR
2026-08-16 19:34:43.581,0.80,0.75,37,0.0,0.0,-0.050,19.3,19,HAYIR,HAYIR
2026-08-16 19:34:43.601,0.80,0.75,37,0.0,0.0,-0.050,19.3,19,HAYIR,HAYIR
2026-08-16 19:34:43.621,0.80,0.75,37,0.0,0.0,-0.050,19.3,19,HAYIR,HAYIR
2026-08-16 19:34:43.641,0.80,0.75,37,0.0,0.0,-0.050,19.3,19,HAYIR,HAYIR
2026-08-16 19:34:43.661,0.80,0.75,37,0.0,0.0,-0.050,19.3,19,HAYIR,HAYIR
2026-08-16 19:34:43.681,0.80,0.75,37,0.0,0.0,-0.050,19.3,19,HAYIR,HAYIR
2026-08-16 19:34:43.701,0.80,0.75,37,0.0,0.0,-0.050,19.3,19,HAYIR,HAYIR
2026-08-16 19:34:43.721,0.80,0.75,37,0.0,0.0,-0.050,19.3,19,HAYIR,HAYIR
2026-08-16 19:34:43.741,0.80,0.75,37,0.0,0.0,-0.050,19.3,19,HAYIR,HAYIR
2026-08-16 19:34:43.761,0.80,0.75,37,0.0,0.0,-0.050,19.3,19,HAYIR,HAYIR
2026-08-16 19:34:43.781,0.80,0.75,37,0.0,0.0,-0.050,19.3,19,HAYIR,HAYIR
2026-08-16 19:34:43.801,0.80,0.75,37,0.0,0.0,-0.050,19.3,19,HAYIR,HAYIR
2026-08-16 19:34:43.821,0.80,0.75,37,0.0,0.0,-0.050,19.3,19,HAYIR,HAYIR
2026-08-16 19:34:43.841,0.80,0.75,37,0.0,0.0,-0.050,19.3,19,HAYIR,HAYIR
2026-08-16 19:34:43.861,0.80,0.75,37,0.0,0.0,-0.050,19.3,19,HAYIR,HAYIR
2026-08-16 19:34:43.881,0.80,0.75,37,0.0,0.0,-0.050,19.3,19,HAYIR,HAYIR
2026-08-16 19:34:43.901,0.80,0.75,37,0.0,0.0,-0.050,19.3,19,HAYIR,HAYIR
2026-08-16 19:34:43.921,0.80,0.75,37,0.0,0.0,-0.050,19.3,19,HAYIR,HAYIR
2026-08-16 19:34:43.941,0.80,0.75,37,0.0,0.0,-0.050,19.3,19,HAYIR,HAYIR
2026-08-16 19:34:43.961,0.80,0.75,37,0.0,0.0,-0.050,19.3,19,HAYIR,HAYIR
2026-08-16 19:34:43.981,0.80,0.75,37,0.0,0.0,-0.050,19.3,19,HAYIR,HAYIR
2026-08-16 19:34:44.001,0.80,0.75,37,0.0,0.0,-0.050,19.3,19,HAYIR,HAYIR
2026-08-16 19:34:44.021,0.80,0.75,37,0.0,0.0,-0.050,19.3,19,HAYIR,HAYIR
2026-08-16 19:34:44.041,0.80,0.75,37,0.0,0.0,-0.050,19.3,19,HAYIR,HAYIR
2026-08-16 19:34:44.061,0.80,0.75,37,0.0,0.0,-0.050,19.3,19,HAYIR,HAYIR
2026-08-16 19:34:44.081,0.80,0.75,37,0.0,0.0,-0.050,19.3,19,HAYIR,HAYIR
2026-08-16 19:34:44.101,0.80,0.75,37,0.0,0.0,-0.050,19.3,19,HAYIR,HAYIR
2026-08-16 19:34:44.121,0.80,0.75,37,0.0,0.0,-0.050,19.3,19,HAYIR,HAYIR
2026-08-16 19:34:44.141,0.80,0.75,37,0.0,0.0,-0.050,19.3,19,HAYIR,HAYIR
2026-08-16 19:34:44.161,0.80,0.75,37,0.0,0.0,-0.050,19.3,19,HAYIR,HAYIR
2026-08-16 19:34:44.181,0.80,0.75,37,0.0,0.0,-0.050,19.3,19,HAYIR,HAYIR
2026-08-16 19:34:44.201,0.80,0.75,37,0.0,0.0,-0.050,19.3,19,HAYIR,HAYIR
2026-08-16 19:34:44.221,0.80,0.75,37,0.0,0.0,-0.050,19.3,19,HAYIR,HAYIR
2026-08-16 19:34:44.241,0.80,0.75,37,0.0,0.0,-0.050,19.3,19,HAYIR,HAYIR
2026-08-16 19:34:44.261,0.80,0.75,37,0.0,0.0,-0.050,19.3,19,HAYIR,HAYIR
2026-08-16 19:34:44.281,0.80,0.75,37,0.0,0.0,-0.050,19.3,19,HAYIR,HAYIR
2026-08-16 19:34:44.301,0.80,0.75,37,0.0,0.0,-0.050,19.3,19,HAYIR,HAYIR
2026-08-16 19:34:44.321,0.80,0.75,37,0.0,0.0,-0.050,19.3,19,HAYIR,HAYIR
2026-08-16 19:34:44.341,0.80,0.75,37,0.0,0.0,-0.050,19.3,19,HAYIR,HAYIR
2026-08-16 19:34:44.361,0.80,0.75,37,0.0,0.0,-0.050,19.3,19,HAYIR,HAYIR
2026-08-16 19:34:44.381,0.80,0.75,37,0.0,0.0,-0.050,19.3,19,HAYIR,HAYIR
2026-08-16 19:34:44.401,0.80,0.75,37,0.0,0.0,-0.050,19.3,19,HAYIR,HAYIR
2026-08-16 19:34:44.421,0.80,0.75,37,0.0,0.0,-0.050,19.3,19,HAYIR,HAYIR
2026-08-16 19:34:44.441,0.80,0.75,37,0.0,0.0,-0.050,19.3,19,HAYIR,HAYIR
2026-08-16 19:34:44.461,0.80,0.75,37,0.0,0.0,-0.050,19.3,19,HAYIR,HAYIR
2026-08-16 19:34:44.481,0.80,0.75,37,0.0,0.0,-0.050,19.3,19,HAYIR,HAYIR
2026-08-16 19:34:44.501,0.80,0.75,37,0.0,0.0,-0.050,19.3,19,HAYIR,HAYIR
2026-08-16 19:34:44.521,0.80,0.75,37,0.0,0.0,-0.050,19.3,19,HAYIR,HAYIR
2026-08-16 19:34:44.541,0.80,0.75,37,0.0,0.0,-0.050,19.3,19,HAYIR,HAYIR
2026-08-16 19:34:44.561,0.80,0.75,37,0.0,0.0,-0.050,19.3,19,HAYIR,HAYIR
2026-08-16 19:34:44.581,0.80,0.75,37,0.0,0.0,-0.050,19.3,19,HAYIR,HAYIR
2026-08-16 19:34:44.601,0.80,0.75,37,0.0,0.0,-0.050,19.3,19,HAYIR,HAYIR
2026-08-16 19:34:44.621,0.80,0.75,37,0.0,0.0,-0.050,19.3,19,HAYIR,HAYIR
2026-08-16 19:34:44.641,0.80,0.75,37,0.0,0.0,-0.050,19.3,19,HAYIR,HAYIR
2026-08-16 19:34:44.663,0.80,0.75,37,0.0,0.0,-0.050,19.3,19,HAYIR,HAYIR
