Timestamp,HedefLinX_m_s,AnlikHiz_m_s,MotorGucu,TurnBoost,StallBoost,HedefAngZ_rad_s,HedefAci_deg,YayinAci_deg,Fren,GeriVites
2026-08-16 19:55:35.025,0.00,0.00,0,0.0,0.0,0.000,0.0,0,HAYIR,HAYIR
2026-08-16 19:55:35.045,0.00,0.00,0,0.0,0.0,0.000,0.0,0,HAYIR,HAYIR
2026-08-16 19:55:35.065,0.00,0.00,0,0.0,0.0,0.000,0.0,0,HAYIR,HAYIR
2026-08-16 19:55:35.085,0.00,0.00,0,0.0,0.0,0.000,0.0,0,HAYIR,HAYIR
2026-08-16 19:55:35.104,0.00,0.00,0,0.0,0.0,0.000,0.0,0,HAYIR,HAYIR
2026-08-16 19:55:35.124,0.00,0.00,0,0.0,0.0,0.000,0.0,0,HAYIR,HAYIR
2026-08-16 19:55:35.144,0.00,0.00,0,0.0,0.0,0.000,0.0,0,HAYIR,HAYIR
2026-08-16 19:55:35.164,0.00,0.00,0,0.0,0.0,0.000,0.0,0,HAYIR,HAYIR
2026-08-16 19:55:35.184,0.00,0.00,0,0.0,0.0,0.000,0.0,0,HAYIR,HAYIR
2026-08-16 19:55:35.204,0.00,0.00,0,0.0,0.0,0.000,0.0,0,HAYIR,HAYIR
2026-08-16 19:55:35.224,0.00,0.00,0,0.0,0.0,0.000,0.0,0,HAYIR,HAYIR
2026-08-16 19:55:35.244,0.00,0.00,0,0.0,0.0,0.000,0.0,0,HAYIR,HAYIR
2026-08-16 19:55:35.264,0.00,0.00,0,0.0,0.0,0.000,0.0,0,HAYIR,HAYIR
2026-08-16 19:55:35.284,0.00,0.00,0,0.0,0.0,0.000,0.0,0,HAYIR,HAYIR
2026-08-16 19:55:35.304,0.00,0.00,0,0.0,0.0,0.000,0.0,0,HAYIR,HAYIR
2026-08-16 19:55:35.324,0.00,0.00,0,0.0,0.0,0.000,0.0,0,HAYIR,HAYIR
2026-08-16 19:55:35.345,0.00,0.00,0,0.0,0.0,0.000,0.0,0,HAYIR,HAYIR
2026-08-16 19:55:35.365,0.00,0.00,0,0.0,0.0,0.000,0.0,0,HAYIR,HAYIR
2026-08-16 19:55:35.384,0.00,0.00,0,0.0,0.0,0.000,0.0,0,HAYIR,HAYIR
2026-08-16 19:55:35.404,0.00,0.00,0,0.0,0.0,0.000,0.0,0,HAYIR,HAYIR
2026-08-16 19:55:35.424,0.00,0.00,0,0.0,0.0,0.000,0.0,0,HAYIR,HAYIR
2026-08-16 19:55:35.444,0.00,0.00,0,0.0,0.0,0.000,0.0,0,HAYIR,HAYIR
2026-08-16 19:55:35.465,0.00,0.00,0,0.0,0.0,0.000,0.0,0,HAYIR,HAYIR
2026-08-16 19:55:35.485,0.00,0.00,0,0.0,0.0,0.000,0.0,0,HAYIR,HAYIR
2026-08-16 19:55:35.505,0.00,0.00,0,0.0,0.0,0.000,0.0,0,HAYIR,HAYIR
2026-08-16 19:55:35.524,0.00,0.00,0,0.0,0.0,0.000,0.0,0,HAYIR,HAYIR
2026-08-16 19:55:35.544,0.00,0.00,0,0.0,0.0,0.000,0.0,0,HAYIR,HAYIR
2026-08-16 19:55:35.565,0.00,0.00,0,0.0,0.0,0.000,0.0,0,HAYIR,HAYIR
2026-08-16 19:55:35.584,0.00,0.00,0,0.0,0.0,0.000,0.0,0,HAYIR,HAYIR
2026-08-16 19:55:35.604,0.00,0.00,0,0.0,0.0,0.000,0.0,0,HAYIR,HAYIR
2026-08-16 19:55:35.624,0.00,0.00,0,0.0,0.0,0.000,0.0,0,HAYIR,HAYIR
2026-08-16 19:55:35.644,0.00,0.00,0,0.0,0.0,0.000,0.0,0,HAYIR,HAYIR
2026-08-16 19:55:35.664,0.00,0.00,0,0.0,0.0,0.000,0.0,0,HAYIR,HAYIR
2026-08-16 19:55:35.684,0.00,0.00,0,0.0,0.0,0.000,0.0,0,HAYIR,HAYIR
2026-08-16 19:55:35.704,0.00,0.00,0,0.0,0.0,0.000,0.0,0,HAYIR,HAYIR
2026-08-16 19:55:35.724,0.00,0.00,0,0.0,0.0,0.000,0.0,0,HAYIR,HAYIR
2026-08-16 19:55:35.744,0.00,0.00,0,0.0,0.0,0.000,0.0,0,HAYIR,HAYIR
2026-08-16 19:55:35.764,0.00,0.00,0,0.0,0.0,0.000,0.0,0,HAYIR,HAYIR
2026-08-16 19:55:35.784,0.00,0.00,0,0.0,0.0,0.000,0.0,0,HAYIR,HAYIR
2026-08-16 19:55:35.804,0.00,0.00,0,0.0,0.0,0.000,0.0,0,HAYIR,HAYIR
2026-08-16 19:55:35.824,0.00,0.00,0,0.0,0.0,0.000,0.0,0,HAYIR,HAYIR
2026-08-16 19:55:35.844,0.00,0.00,0,0.0,0.0,0.000,0.0,0,HAYIR,HAYIR
2026-08-16 19:55:35.864,0.00,0.00,0,0.0,0.0,0.000,0.0,0,HAYIR,HAYIR
2026-08-16 19:55:35.884,0.00,0.00,0,0.0,0.0,0.000,0.0,0,HAYIR,HAYIR
2026-08-16 19:55:35.904,0.00,0.00,0,0.0,0.0,0.000,0.0,0,HAYIR,HAYIR
2026-08-16 19:55:35.924,0.00,0.00,0,0.0,0.0,0.000,0.0,0,HAYIR,HAYIR
2026-08-16 19:55:35.944,0.00,0.00,0,0.0,0.0,0.000,0.0,0,HAYIR,HAYIR
2026-08-16 19:55:35.964,0.00,0.00,0,0.0,0.0,0.000,0.0,0,HAYIR,HAYIR
2026-08-16 19:55:35.984,0.00,0.00,0,0.0,0.0,0.000,0.0,0,HAYIR,HAYIR
2026-08-16 19:55:36.004,0.00,0.00,0,0.0,0.0,0.000,0.0,0,HAYIR,HAYIR
2026-08-16 19:55:36.024,0.00,0.00,0,0.0,0.0,0.000,0.0,0,HAYIR,HAYIR
2026-08-16 19:55:36.044,0.00,0.00,0,0.0,0.0,0.000,0.0,0,HAYIR,HAYIR
2026-08-16 19:55:36.064,0.00,0.00,0,0.0,0.0,0.000,0.0,0,HAYIR,HAYIR
2026-08-16 19:55:36.084,0.00,0.00,0,0.0,0.0,0.000,0.0,0,HAYIR,HAYIR
2026-08-16 19:55:36.104,0.00,0.00,0,0.0,0.0,0.000,0.0,0,HAYIR,HAYIR
2026-08-16 19:55:36.124,0.00,0.00,0,0.0,0.0,0.000,0.0,0,HAYIR,HAYIR
2026-08-16 19:55:36.144,0.00,0.00,0,0.0,0.0,0.000,0.0,0,HAYIR,HAYIR
2026-08-16 19:55:36.164,0.00,0.00,0,0.0,0.0,0.000,0.0,0,HAYIR,HAYIR
2026-08-16 19:55:36.184,0.00,0.00,0,0.0,0.0,0.000,0.0,0,HAYIR,HAYIR
2026-08-16 19:55:36.204,0.00,0.00,0,0.0,0.0,0.000,0.0,0,HAYIR,HAYIR
2026-08-16 19:55:36.224,0.00,0.00,0,0.0,0.0,0.000,0.0,0,HAYIR,HAYIR
2026-08-16 19:55:36.244,0.00,0.00,0,0.0,0.0,0.000,0.0,0,HAYIR,HAYIR
2026-08-16 19:55:36.264,0.00,0.00,0,0.0,0.0,0.000,0.0,0,HAYIR,HAYIR
2026-08-16 19:55:36.284,0.00,0.00,0,0.0,0.0,0.000,0.0,0,HAYIR,HAYIR
2026-08-16 19:55:36.304,0.00,0.00,0,0.0,0.0,0.000,0.0,0,HAYIR,HAYIR
2026-08-16 19:55:36.324,0.00,0.00,0,0.0,0.0,0.000,0.0,0,HAYIR,HAYIR
2026-08-16 19:55:36.344,0.00,0.00,0,0.0,0.0,0.000,0.0,0,HAYIR,HAYIR
2026-08-16 19:55:36.364,0.00,0.00,0,0.0,0.0,0.000,0.0,0,HAYIR,HAYIR
2026-08-16 19:55:36.384,0.00,0.00,0,0.0,0.0,0.000,0.0,0,HAYIR,HAYIR
2026-08-16 19:55:36.404,0.00,0.00,0,0.0,0.0,0.000,0.0,0,HAYIR,HAYIR
2026-08-16 19:55:36.424,0.00,0.00,0,0.0,0.0,0.000,0.0,0,HAYIR,HAYIR
2026-08-16 19:55:36.445,0.00,0.00,0,0.0,0.0,0.000,0.0,0,HAYIR,HAYIR
2026-08-16 19:55:36.465,0.00,0.00,0,0.0,0.0,0.000,0.0,0,HAYIR,HAYIR
2026-08-16 19:55:36.485,0.00,0.00,0,0.0,0.0,0.000,0.0,0,HAYIR,HAYIR
2026-08-16 19:55:36.505,0.00,0.00,0,0.0,0.0,0.000,0.0,0,HAYIR,HAYIR
2026-08-16 19:55:36.524,0.00,0.00,0,0.0,0.0,0.000,0.0,0,HAYIR,HAYIR
2026-08-16 19:55:36.544,0.00,0.00,0,0.0,0.0,0.000,0.0,0,HAYIR,HAYIR
2026-08-16 19:55:36.564,0.00,0.00,0,0.0,0.0,0.000,0.0,0,HAYIR,HAYIR
2026-08-16 19:55:36.584,0.00,0.00,0,0.0,0.0,0.000,0.0,0,HAYIR,HAYIR
2026-08-16 19:55:36.604,0.00,0.00,0,0.0,0.0,0.000,0.0,0,HAYIR,HAYIR
2026-08-16 19:55:36.624,0.00,0.00,0,0.0,0.0,0.000,0.0,0,HAYIR,HAYIR
2026-08-16 19:55:36.644,0.00,0.00,0,0.0,0.0,0.000,0.0,0,HAYIR,HAYIR
2026-08-16 19:55:36.665,0.00,0.00,0,0.0,0.0,0.000,0.0,0,HAYIR,HAYIR
2026-08-16 19:55:36.684,0.00,0.00,0,0.0,0.0,0.000,0.0,0,HAYIR,HAYIR
2026-08-16 19:55:36.704,0.00,0.00,0,0.0,0.0,0.000,0.0,0,HAYIR,HAYIR
2026-08-16 19:55:36.724,0.00,0.00,0,0.0,0.0,0.000,0.0,0,HAYIR,HAYIR
2026-08-16 19:55:36.744,0.00,0.00,0,0.0,0.0,0.000,0.0,0,HAYIR,HAYIR
2026-08-16 19:55:36.764,0.00,0.00,0,0.0,0.0,0.000,0.0,0,HAYIR,HAYIR
2026-08-16 19:55:36.784,0.00,0.00,0,0.0,0.0,0.000,0.0,0,HAYIR,HAYIR
2026-08-16 19:55:36.804,0.00,0.00,0,0.0,0.0,0.000,0.0,0,HAYIR,HAYIR
2026-08-16 19:55:36.824,0.00,0.00,0,0.0,0.0,0.000,0.0,0,HAYIR,HAYIR
2026-08-16 19:55:36.844,0.00,0.00,0,0.0,0.0,0.000,0.0,0,HAYIR,HAYIR
2026-08-16 19:55:36.864,0.00,0.00,0,0.0,0.0,0.000,0.0,0,HAYIR,HAYIR
2026-08-16 19:55:36.884,0.00,0.00,0,0.0,0.0,0.000,0.0,0,HAYIR,HAYIR
2026-08-16 19:55:36.904,0.00,0.00,0,0.0,0.0,0.000,0.0,0,HAYIR,HAYIR
2026-08-16 19:55:36.924,0.00,0.00,0,0.0,0.0,0.000,0.0,0,HAYIR,HAYIR
2026-08-16 19:55:36.944,0.00,0.00,0,0.0,0.0,0.000,0.0,0,HAYIR,HAYIR
2026-08-16 19:55:36.965,0.00,0.00,0,0.0,0.0,0.000,0.0,0,HAYIR,HAYIR
2026-08-16 19:55:36.984,0.00,0.00,0,0.0,0.0,0.000,0.0,0,HAYIR,HAYIR
2026-08-16 19:55:37.004,0.00,0.00,0,0.0,0.0,0.000,0.0,0,HAYIR,HAYIR
2026-08-16 19:55:37.024,0.00,0.00,0,0.0,0.0,0.000,0.0,0,HAYIR,HAYIR
2026-08-16 19:55:37.045,0.00,0.00,0,0.0,0.0,0.000,0.0,0,HAYIR,HAYIR
2026-08-16 19:55:37.064,0.00,0.00,0,0.0,0.0,0.000,0.0,0,HAYIR,HAYIR
2026-08-16 19:55:37.084,0.00,0.00,0,0.0,0.0,0.000,0.0,0,HAYIR,HAYIR
2026-08-16 19:55:37.104,0.00,0.00,0,0.0,0.0,0.000,0.0,0,HAYIR,HAYIR
2026-08-16 19:55:37.124,0.00,0.00,0,0.0,0.0,0.000,0.0,0,HAYIR,HAYIR
2026-08-16 19:55:37.144,0.00,0.00,0,0.0,0.0,0.000,0.0,0,HAYIR,HAYIR
2026-08-16 19:55:37.165,0.00,0.00,0,0.0,0.0,0.000,0.0,0,HAYIR,HAYIR
2026-08-16 19:55:37.184,0.00,0.00,0,0.0,0.0,0.000,0.0,0,HAYIR,HAYIR
2026-08-16 19:55:37.205,0.00,0.00,0,0.0,0.0,0.000,0.0,0,HAYIR,HAYIR
2026-08-16 19:55:37.224,0.00,0.00,0,0.0,0.0,0.000,0.0,0,HAYIR,HAYIR
2026-08-16 19:55:37.244,0.00,0.00,0,0.0,0.0,0.000,0.0,0,HAYIR,HAYIR
2026-08-16 19:55:37.264,0.00,0.00,0,0.0,0.0,0.000,0.0,0,HAYIR,HAYIR
2026-08-16 19:55:37.284,0.00,0.00,0,0.0,0.0,0.000,0.0,0,HAYIR,HAYIR
2026-08-16 19:55:37.304,0.00,0.00,0,0.0,0.0,0.000,0.0,0,HAYIR,HAYIR
2026-08-16 19:55:37.324,0.00,0.00,0,0.0,0.0,0.000,0.0,0,HAYIR,HAYIR
2026-08-16 19:55:37.344,0.00,0.00,0,0.0,0.0,0.000,0.0,0,HAYIR,HAYIR
2026-08-16 19:55:37.364,0.00,0.00,0,0.0,0.0,0.000,0.0,0,HAYIR,HAYIR
2026-08-16 19:55:37.384,0.00,0.00,0,0.0,0.0,0.000,0.0,0,HAYIR,HAYIR
2026-08-16 19:55:37.404,0.00,0.00,0,0.0,0.0,0.000,0.0,0,HAYIR,HAYIR
2026-08-16 19:55:37.424,0.00,0.00,0,0.0,0.0,0.000,0.0,0,HAYIR,HAYIR
2026-08-16 19:55:37.444,0.00,0.00,0,0.0,0.0,0.000,0.0,0,HAYIR,HAYIR
2026-08-16 19:55:37.464,0.00,0.00,0,0.0,0.0,0.000,0.0,0,HAYIR,HAYIR
2026-08-16 19:55:37.484,0.00,0.00,0,0.0,0.0,0.000,0.0,0,HAYIR,HAYIR
2026-08-16 19:55:37.504,0.00,0.00,0,0.0,0.0,0.000,0.0,0,HAYIR,HAYIR
2026-08-16 19:55:37.524,0.00,0.00,0,0.0,0.0,0.000,0.0,0,HAYIR,HAYIR
2026-08-16 19:55:37.544,0.00,0.00,0,0.0,0.0,0.000,0.0,0,HAYIR,HAYIR
2026-08-16 19:55:37.564,0.00,0.00,0,0.0,0.0,0.000,0.0,0,HAYIR,HAYIR
2026-08-16 19:55:37.584,0.00,0.00,0,0.0,0.0,0.000,0.0,0,HAYIR,HAYIR
2026-08-16 19:55:37.604,0.00,0.00,0,0.0,0.0,0.000,0.0,0,HAYIR,HAYIR
2026-08-16 19:55:37.624,0.00,0.00,0,0.0,0.0,0.000,0.0,0,HAYIR,HAYIR
2026-08-16 19:55:37.644,0.00,0.00,0,0.0,0.0,0.000,0.0,0,HAYIR,HAYIR
2026-08-16 19:55:37.664,0.00,0.00,0,0.0,0.0,0.000,0.0,0,HAYIR,HAYIR
2026-08-16 19:55:37.684,0.00,0.00,0,0.0,0.0,0.000,0.0,0,HAYIR,HAYIR
2026-08-16 19:55:37.704,0.00,0.00,0,0.0,0.0,0.000,0.0,0,HAYIR,HAYIR
2026-08-16 19:55:37.724,0.00,0.00,0,0.0,0.0,0.000,0.0,0,HAYIR,HAYIR
2026-08-16 19:55:37.744,0.00,0.00,0,0.0,0.0,0.000,0.0,0,HAYIR,HAYIR
2026-08-16 19:55:37.764,0.00,0.00,0,0.0,0.0,0.000,0.0,0,HAYIR,HAYIR
2026-08-16 19:55:37.784,0.00,0.00,0,0.0,0.0,0.000,0.0,0,HAYIR,HAYIR
2026-08-16 19:55:37.804,0.00,0.00,0,0.0,0.0,0.000,0.0,0,HAYIR,HAYIR
2026-08-16 19:55:37.824,0.00,0.00,0,0.0,0.0,0.000,0.0,0,HAYIR,HAYIR
2026-08-16 19:55:37.844,0.00,0.00,0,0.0,0.0,0.000,0.0,0,HAYIR,HAYIR
2026-08-16 19:55:37.864,0.00,0.00,0,0.0,0.0,0.000,0.0,0,HAYIR,HAYIR
2026-08-16 19:55:37.884,0.00,0.00,0,0.0,0.0,0.000,0.0,0,HAYIR,HAYIR
2026-08-16 19:55:37.904,0.00,0.00,0,0.0,0.0,0.000,0.0,0,HAYIR,HAYIR
2026-08-16 19:55:37.924,0.00,0.00,0,0.0,0.0,0.000,0.0,0,HAYIR,HAYIR
2026-08-16 19:55:37.944,0.00,0.00,0,0.0,0.0,0.000,0.0,0,HAYIR,HAYIR
2026-08-16 19:55:37.964,0.00,0.00,0,0.0,0.0,0.000,0.0,0,HAYIR,HAYIR
2026-08-16 19:55:37.984,0.00,0.00,0,0.0,0.0,0.000,0.0,0,HAYIR,HAYIR
2026-08-16 19:55:38.004,0.00,0.00,0,0.0,0.0,0.000,0.0,0,HAYIR,HAYIR
2026-08-16 19:55:38.024,0.00,0.00,0,0.0,0.0,0.000,0.0,0,HAYIR,HAYIR
2026-08-16 19:55:38.044,0.00,0.00,0,0.0,0.0,0.000,0.0,0,HAYIR,HAYIR
2026-08-16 19:55:38.064,0.00,0.00,0,0.0,0.0,0.000,0.0,0,HAYIR,HAYIR
2026-08-16 19:55:38.084,0.00,0.00,0,0.0,0.0,0.000,0.0,0,HAYIR,HAYIR
2026-08-16 19:55:38.104,0.00,0.00,0,0.0,0.0,0.000,0.0,0,HAYIR,HAYIR
2026-08-16 19:55:38.124,0.00,0.00,0,0.0,0.0,0.000,0.0,0,HAYIR,HAYIR
2026-08-16 19:55:38.144,0.00,0.00,0,0.0,0.0,0.000,0.0,0,HAYIR,HAYIR
2026-08-16 19:55:38.164,0.00,0.00,0,0.0,0.0,0.000,0.0,0,HAYIR,HAYIR
2026-08-16 19:55:38.184,0.00,0.00,0,0.0,0.0,0.000,0.0,0,HAYIR,HAYIR
2026-08-16 19:55:38.204,0.00,0.00,0,0.0,0.0,0.000,0.0,0,HAYIR,HAYIR
2026-08-16 19:55:38.224,0.00,0.00,0,0.0,0.0,0.000,0.0,0,HAYIR,HAYIR
2026-08-16 19:55:38.244,0.00,0.00,0,0.0,0.0,0.000,0.0,0,HAYIR,HAYIR
2026-08-16 19:55:38.265,0.00,0.00,0,0.0,0.0,0.000,0.0,0,HAYIR,HAYIR
2026-08-16 19:55:38.284,0.00,0.00,0,0.0,0.0,0.000,0.0,0,HAYIR,HAYIR
2026-08-16 19:55:38.304,0.00,0.00,0,0.0,0.0,0.000,0.0,0,HAYIR,HAYIR
2026-08-16 19:55:38.324,0.00,0.00,0,0.0,0.0,0.000,0.0,0,HAYIR,HAYIR
2026-08-16 19:55:38.344,0.00,0.00,0,0.0,0.0,0.000,0.0,0,HAYIR,HAYIR
2026-08-16 19:55:38.364,0.00,0.00,0,0.0,0.0,0.000,0.0,0,HAYIR,HAYIR
2026-08-16 19:55:38.384,0.00,0.00,0,0.0,0.0,0.000,0.0,0,HAYIR,HAYIR
2026-08-16 19:55:38.404,0.00,0.00,0,0.0,0.0,0.000,0.0,0,HAYIR,HAYIR
2026-08-16 19:55:38.424,0.00,0.00,0,0.0,0.0,0.000,0.0,0,HAYIR,HAYIR
2026-08-16 19:55:38.444,0.00,0.00,0,0.0,0.0,0.000,0.0,0,HAYIR,HAYIR
2026-08-16 19:55:38.465,0.00,0.00,0,0.0,0.0,0.000,0.0,0,HAYIR,HAYIR
2026-08-16 19:55:38.485,0.00,0.00,0,0.0,0.0,0.000,0.0,0,HAYIR,HAYIR
2026-08-16 19:55:38.504,0.00,0.00,0,0.0,0.0,0.000,0.0,0,HAYIR,HAYIR
2026-08-16 19:55:38.524,0.00,0.00,0,0.0,0.0,0.000,0.0,0,HAYIR,HAYIR
2026-08-16 19:55:38.544,0.00,0.00,0,0.0,0.0,0.000,0.0,0,HAYIR,HAYIR
2026-08-16 19:55:38.564,0.00,0.00,0,0.0,0.0,0.000,0.0,0,HAYIR,HAYIR
2026-08-16 19:55:38.584,0.00,0.00,0,0.0,0.0,0.000,0.0,0,HAYIR,HAYIR
2026-08-16 19:55:38.604,0.00,0.00,0,0.0,0.0,0.000,0.0,0,HAYIR,HAYIR
2026-08-16 19:55:38.624,0.00,0.00,0,0.0,0.0,0.000,0.0,0,HAYIR,HAYIR
2026-08-16 19:55:38.644,0.00,0.00,0,0.0,0.0,0.000,0.0,0,HAYIR,HAYIR
2026-08-16 19:55:38.664,0.00,0.00,0,0.0,0.0,0.000,0.0,0,HAYIR,HAYIR
2026-08-16 19:55:38.684,0.00,0.00,0,0.0,0.0,0.000,0.0,0,HAYIR,HAYIR
2026-08-16 19:55:38.704,0.00,0.00,0,0.0,0.0,0.000,0.0,0,HAYIR,HAYIR
2026-08-16 19:55:38.724,0.00,0.00,0,0.0,0.0,0.000,0.0,0,HAYIR,HAYIR
2026-08-16 19:55:38.744,0.00,0.00,0,0.0,0.0,0.000,0.0,0,HAYIR,HAYIR
2026-08-16 19:55:38.764,0.00,0.00,0,0.0,0.0,0.000,0.0,0,HAYIR,HAYIR
2026-08-16 19:55:38.784,0.00,0.00,0,0.0,0.0,0.000,0.0,0,HAYIR,HAYIR
2026-08-16 19:55:38.804,0.00,0.00,0,0.0,0.0,0.000,0.0,0,HAYIR,HAYIR
2026-08-16 19:55:38.824,0.00,0.00,0,0.0,0.0,0.000,0.0,0,HAYIR,HAYIR
2026-08-16 19:55:38.844,0.00,0.00,0,0.0,0.0,0.000,0.0,0,HAYIR,HAYIR
2026-08-16 19:55:38.864,0.00,0.00,0,0.0,0.0,0.000,0.0,0,HAYIR,HAYIR
2026-08-16 19:55:38.884,0.00,0.00,0,0.0,0.0,0.000,0.0,0,HAYIR,HAYIR
2026-08-16 19:55:38.904,0.00,0.00,0,0.0,0.0,0.000,0.0,0,HAYIR,HAYIR
2026-08-16 19:55:38.924,0.00,0.00,0,0.0,0.0,0.000,0.0,0,HAYIR,HAYIR
2026-08-16 19:55:38.944,0.00,0.00,0,0.0,0.0,0.000,0.0,0,HAYIR,HAYIR
2026-08-16 19:55:38.964,0.00,0.00,0,0.0,0.0,0.000,0.0,0,HAYIR,HAYIR
2026-08-16 19:55:38.984,0.00,0.00,0,0.0,0.0,0.000,0.0,0,HAYIR,HAYIR
2026-08-16 19:55:39.004,0.00,0.00,0,0.0,0.0,0.000,0.0,0,HAYIR,HAYIR
2026-08-16 19:55:39.024,0.00,0.00,0,0.0,0.0,0.000,0.0,0,HAYIR,HAYIR
2026-08-16 19:55:39.044,0.00,0.00,0,0.0,0.0,0.000,0.0,0,HAYIR,HAYIR
2026-08-16 19:55:39.064,0.00,0.00,0,0.0,0.0,0.000,0.0,0,HAYIR,HAYIR
2026-08-16 19:55:39.084,0.00,0.00,0,0.0,0.0,0.000,0.0,0,HAYIR,HAYIR
2026-08-16 19:55:39.104,0.00,0.00,0,0.0,0.0,0.000,0.0,0,HAYIR,HAYIR
2026-08-16 19:55:39.124,0.00,0.00,0,0.0,0.0,0.000,0.0,0,HAYIR,HAYIR
2026-08-16 19:55:39.144,0.00,0.00,0,0.0,0.0,0.000,0.0,0,HAYIR,HAYIR
2026-08-16 19:55:39.164,0.00,0.00,0,0.0,0.0,0.000,0.0,0,HAYIR,HAYIR
2026-08-16 19:55:39.184,0.00,0.00,0,0.0,0.0,0.000,0.0,0,HAYIR,HAYIR
2026-08-16 19:55:39.204,0.00,0.00,0,0.0,0.0,0.000,0.0,0,HAYIR,HAYIR
2026-08-16 19:55:39.224,0.00,0.00,0,0.0,0.0,0.000,0.0,0,HAYIR,HAYIR
2026-08-16 19:55:39.244,0.00,0.00,0,0.0,0.0,0.000,0.0,0,HAYIR,HAYIR
2026-08-16 19:55:39.264,0.00,0.00,0,0.0,0.0,0.000,0.0,0,HAYIR,HAYIR
2026-08-16 19:55:39.284,0.00,0.00,0,0.0,0.0,0.000,0.0,0,HAYIR,HAYIR
2026-08-16 19:55:39.304,0.00,0.00,0,0.0,0.0,0.000,0.0,0,HAYIR,HAYIR
2026-08-16 19:55:39.324,0.00,0.00,0,0.0,0.0,0.000,0.0,0,HAYIR,HAYIR
2026-08-16 19:55:39.344,0.00,0.00,0,0.0,0.0,0.000,0.0,0,HAYIR,HAYIR
2026-08-16 19:55:39.364,0.00,0.00,0,0.0,0.0,0.000,0.0,0,HAYIR,HAYIR
2026-08-16 19:55:39.384,0.00,0.00,0,0.0,0.0,0.000,0.0,0,HAYIR,HAYIR
2026-08-16 19:55:39.404,0.00,0.00,0,0.0,0.0,0.000,0.0,0,HAYIR,HAYIR
2026-08-16 19:55:39.424,0.00,0.00,0,0.0,0.0,0.000,0.0,0,HAYIR,HAYIR
2026-08-16 19:55:39.444,0.00,0.00,0,0.0,0.0,0.000,0.0,0,HAYIR,HAYIR
2026-08-16 19:55:39.464,0.00,0.00,0,0.0,0.0,0.000,0.0,0,HAYIR,HAYIR
2026-08-16 19:55:39.484,0.00,0.00,0,0.0,0.0,0.000,0.0,0,HAYIR,HAYIR
2026-08-16 19:55:39.504,0.00,0.00,0,0.0,0.0,0.000,0.0,0,HAYIR,HAYIR
2026-08-16 19:55:39.524,0.00,0.00,0,0.0,0.0,0.000,0.0,0,HAYIR,HAYIR
2026-08-16 19:55:39.544,0.00,0.00,0,0.0,0.0,0.000,0.0,0,HAYIR,HAYIR
2026-08-16 19:55:39.564,0.00,0.00,0,0.0,0.0,0.000,0.0,0,HAYIR,HAYIR
2026-08-16 19:55:39.584,0.00,0.00,0,0.0,0.0,0.000,0.0,0,HAYIR,HAYIR
2026-08-16 19:55:39.604,0.00,0.00,0,0.0,0.0,0.000,0.0,0,HAYIR,HAYIR
2026-08-16 19:55:39.624,0.00,0.00,0,0.0,0.0,0.000,0.0,0,HAYIR,HAYIR
2026-08-16 19:55:39.644,0.00,0.00,0,0.0,0.0,0.000,0.0,0,HAYIR,HAYIR
2026-08-16 19:55:39.664,0.00,0.00,0,0.0,0.0,0.000,0.0,0,HAYIR,HAYIR
2026-08-16 19:55:39.684,0.00,0.00,0,0.0,0.0,0.000,0.0,0,HAYIR,HAYIR
2026-08-16 19:55:39.705,0.00,0.00,0,0.0,0.0,0.000,0.0,0,HAYIR,HAYIR
2026-08-16 19:55:39.724,0.00,0.00,0,0.0,0.0,0.000,0.0,0,HAYIR,HAYIR
2026-08-16 19:55:39.744,0.00,0.00,0,0.0,0.0,0.000,0.0,0,HAYIR,HAYIR
2026-08-16 19:55:39.764,0.00,0.00,0,0.0,0.0,0.000,0.0,0,HAYIR,HAYIR
2026-08-16 19:55:39.784,0.00,0.00,0,0.0,0.0,0.000,0.0,0,HAYIR,HAYIR
2026-08-16 19:55:39.804,0.00,0.00,0,0.0,0.0,0.000,0.0,0,HAYIR,HAYIR
2026-08-16 19:55:39.824,0.00,0.00,0,0.0,0.0,0.000,0.0,0,HAYIR,HAYIR
2026-08-16 19:55:39.844,0.00,0.00,0,0.0,0.0,0.000,0.0,0,HAYIR,HAYIR
2026-08-16 19:55:39.864,0.00,0.00,0,0.0,0.0,0.000,0.0,0,HAYIR,HAYIR
2026-08-16 19:55:39.884,0.00,0.00,0,0.0,0.0,0.000,0.0,0,HAYIR,HAYIR
2026-08-16 19:55:39.904,0.00,0.00,0,0.0,0.0,0.000,0.0,0,HAYIR,HAYIR
2026-08-16 19:55:39.924,0.00,0.00,0,0.0,0.0,0.000,0.0,0,HAYIR,HAYIR
2026-08-16 19:55:39.944,0.00,0.00,0,0.0,0.0,0.000,0.0,0,HAYIR,HAYIR
2026-08-16 19:55:39.964,0.00,0.00,0,0.0,0.0,0.000,0.0,0,HAYIR,HAYIR
2026-08-16 19:55:39.984,0.00,0.00,0,0.0,0.0,0.000,0.0,0,HAYIR,HAYIR
2026-08-16 19:55:40.004,0.00,0.00,0,0.0,0.0,0.000,0.0,0,HAYIR,HAYIR
2026-08-16 19:55:40.025,0.00,0.00,0,0.0,0.0,0.000,0.0,0,HAYIR,HAYIR
2026-08-16 19:55:40.045,0.00,0.00,0,0.0,0.0,0.000,0.0,0,HAYIR,HAYIR
2026-08-16 19:55:40.064,0.00,0.00,0,0.0,0.0,0.000,0.0,0,HAYIR,HAYIR
2026-08-16 19:55:40.084,0.00,0.00,0,0.0,0.0,0.000,0.0,0,HAYIR,HAYIR
2026-08-16 19:55:40.104,0.00,0.00,0,0.0,0.0,0.000,0.0,0,HAYIR,HAYIR
2026-08-16 19:55:40.124,0.00,0.00,0,0.0,0.0,0.000,0.0,0,HAYIR,HAYIR
2026-08-16 19:55:40.144,0.00,0.00,0,0.0,0.0,0.000,0.0,0,HAYIR,HAYIR
2026-08-16 19:55:40.164,0.00,0.00,0,0.0,0.0,0.000,0.0,0,HAYIR,HAYIR
2026-08-16 19:55:40.184,0.00,0.00,0,0.0,0.0,0.000,0.0,0,HAYIR,HAYIR
2026-08-16 19:55:40.204,0.00,0.00,0,0.0,0.0,0.000,0.0,0,HAYIR,HAYIR
2026-08-16 19:55:40.224,0.00,0.00,0,0.0,0.0,0.000,0.0,0,HAYIR,HAYIR
2026-08-16 19:55:40.244,0.00,0.00,0,0.0,0.0,0.000,0.0,0,HAYIR,HAYIR
2026-08-16 19:55:40.264,0.00,0.00,0,0.0,0.0,0.000,0.0,0,HAYIR,HAYIR
2026-08-16 19:55:40.284,0.00,0.00,0,0.0,0.0,0.000,0.0,0,HAYIR,HAYIR
2026-08-16 19:55:40.304,0.00,0.00,0,0.0,0.0,0.000,0.0,0,HAYIR,HAYIR
2026-08-16 19:55:40.324,0.00,0.00,0,0.0,0.0,0.000,0.0,0,HAYIR,HAYIR
2026-08-16 19:55:40.344,0.00,0.00,0,0.0,0.0,0.000,0.0,0,HAYIR,HAYIR
2026-08-16 19:55:40.364,0.00,0.00,0,0.0,0.0,0.000,0.0,0,HAYIR,HAYIR
2026-08-16 19:55:40.384,0.00,0.00,0,0.0,0.0,0.000,0.0,0,HAYIR,HAYIR
2026-08-16 19:55:40.404,0.00,0.00,0,0.0,0.0,0.000,0.0,0,HAYIR,HAYIR
2026-08-16 19:55:40.424,0.00,0.00,0,0.0,0.0,0.000,0.0,0,HAYIR,HAYIR
2026-08-16 19:55:40.444,0.00,0.00,0,0.0,0.0,0.000,0.0,0,HAYIR,HAYIR
2026-08-16 19:55:40.465,0.00,0.00,0,0.0,0.0,0.000,0.0,0,HAYIR,HAYIR
2026-08-16 19:55:40.485,0.00,0.00,0,0.0,0.0,0.000,0.0,0,HAYIR,HAYIR
2026-08-16 19:55:40.504,0.00,0.00,0,0.0,0.0,0.000,0.0,0,HAYIR,HAYIR
2026-08-16 19:55:40.524,0.00,0.00,0,0.0,0.0,0.000,0.0,0,HAYIR,HAYIR
2026-08-16 19:55:40.544,0.00,0.00,0,0.0,0.0,0.000,0.0,0,HAYIR,HAYIR
2026-08-16 19:55:40.564,0.00,0.00,0,0.0,0.0,0.000,0.0,0,HAYIR,HAYIR
2026-08-16 19:55:40.584,0.00,0.00,0,0.0,0.0,0.000,0.0,0,HAYIR,HAYIR
2026-08-16 19:55:40.604,0.00,0.00,0,0.0,0.0,0.000,0.0,0,HAYIR,HAYIR
2026-08-16 19:55:40.624,0.00,0.00,0,0.0,0.0,0.000,0.0,0,HAYIR,HAYIR
2026-08-16 19:55:40.644,0.00,0.00,0,0.0,0.0,0.000,0.0,0,HAYIR,HAYIR
2026-08-16 19:55:40.664,0.00,0.00,0,0.0,0.0,0.000,0.0,0,HAYIR,HAYIR
2026-08-16 19:55:40.684,0.00,0.00,0,0.0,0.0,0.000,0.0,0,HAYIR,HAYIR
2026-08-16 19:55:40.704,0.00,0.00,0,0.0,0.0,0.000,0.0,0,HAYIR,HAYIR
2026-08-16 19:55:40.724,0.00,0.00,0,0.0,0.0,0.000,0.0,0,HAYIR,HAYIR
2026-08-16 19:55:40.744,0.00,0.00,0,0.0,0.0,0.000,0.0,0,HAYIR,HAYIR
2026-08-16 19:55:40.764,0.00,0.00,0,0.0,0.0,0.000,0.0,0,HAYIR,HAYIR
2026-08-16 19:55:40.784,0.00,0.00,0,0.0,0.0,0.000,0.0,0,HAYIR,HAYIR
2026-08-16 19:55:40.804,0.00,0.00,0,0.0,0.0,0.000,0.0,0,HAYIR,HAYIR
2026-08-16 19:55:40.825,0.00,0.00,0,0.0,0.0,0.000,0.0,0,HAYIR,HAYIR
2026-08-16 19:55:40.845,0.00,0.00,0,0.0,0.0,0.000,0.0,0,HAYIR,HAYIR
2026-08-16 19:55:40.865,0.00,0.00,0,0.0,0.0,0.000,0.0,0,HAYIR,HAYIR
2026-08-16 19:55:40.884,0.00,0.00,0,0.0,0.0,0.000,0.0,0,HAYIR,HAYIR
2026-08-16 19:55:40.904,0.00,0.00,0,0.0,0.0,0.000,0.0,0,HAYIR,HAYIR
2026-08-16 19:55:40.924,0.00,0.00,0,0.0,0.0,0.000,0.0,0,HAYIR,HAYIR
2026-08-16 19:55:40.944,0.00,0.00,0,0.0,0.0,0.000,0.0,0,HAYIR,HAYIR
2026-08-16 19:55:40.964,0.00,0.00,0,0.0,0.0,0.000,0.0,0,HAYIR,HAYIR
2026-08-16 19:55:40.984,0.00,0.00,0,0.0,0.0,0.000,0.0,0,HAYIR,HAYIR
2026-08-16 19:55:41.004,0.00,0.00,0,0.0,0.0,0.000,0.0,0,HAYIR,HAYIR
2026-08-16 19:55:41.024,0.00,0.00,0,0.0,0.0,0.000,0.0,0,HAYIR,HAYIR
2026-08-16 19:55:41.044,0.00,0.00,0,0.0,0.0,0.000,0.0,0,HAYIR,HAYIR
2026-08-16 19:55:41.065,0.00,0.00,0,0.0,0.0,0.000,0.0,0,HAYIR,HAYIR
2026-08-16 19:55:41.084,0.00,0.00,0,0.0,0.0,0.000,0.0,0,HAYIR,HAYIR
2026-08-16 19:55:41.104,0.00,0.00,0,0.0,0.0,0.000,0.0,0,HAYIR,HAYIR
2026-08-16 19:55:41.124,0.00,0.00,0,0.0,0.0,0.000,0.0,0,HAYIR,HAYIR
2026-08-16 19:55:41.144,0.00,0.00,0,0.0,0.0,0.000,0.0,0,HAYIR,HAYIR
2026-08-16 19:55:41.164,0.00,0.00,0,0.0,0.0,0.000,0.0,0,HAYIR,HAYIR
2026-08-16 19:55:41.184,0.00,0.00,0,0.0,0.0,0.000,0.0,0,HAYIR,HAYIR
2026-08-16 19:55:41.204,0.00,0.00,0,0.0,0.0,0.000,0.0,0,HAYIR,HAYIR
2026-08-16 19:55:41.224,0.00,0.00,0,0.0,0.0,0.000,0.0,0,HAYIR,HAYIR
2026-08-16 19:55:41.244,0.00,0.00,0,0.0,0.0,0.000,0.0,0,HAYIR,HAYIR
2026-08-16 19:55:41.264,0.00,0.00,0,0.0,0.0,0.000,0.0,0,HAYIR,HAYIR
2026-08-16 19:55:41.284,0.00,0.00,0,0.0,0.0,0.000,0.0,0,HAYIR,HAYIR
2026-08-16 19:55:41.304,0.00,0.00,0,0.0,0.0,0.000,0.0,0,HAYIR,HAYIR
2026-08-16 19:55:41.324,0.00,0.00,0,0.0,0.0,0.000,0.0,0,HAYIR,HAYIR
2026-08-16 19:55:41.344,0.00,0.00,0,0.0,0.0,0.000,0.0,0,HAYIR,HAYIR
2026-08-16 19:55:41.364,0.00,0.00,0,0.0,0.0,0.000,0.0,0,HAYIR,HAYIR
2026-08-16 19:55:41.384,0.00,0.00,0,0.0,0.0,0.000,0.0,0,HAYIR,HAYIR
2026-08-16 19:55:41.404,0.00,0.00,0,0.0,0.0,0.000,0.0,0,HAYIR,HAYIR
2026-08-16 19:55:41.424,0.00,0.00,0,0.0,0.0,0.000,0.0,0,HAYIR,HAYIR
2026-08-16 19:55:41.444,0.00,0.00,0,0.0,0.0,0.000,0.0,0,HAYIR,HAYIR
2026-08-16 19:55:41.465,0.00,0.00,0,0.0,0.0,0.000,0.0,0,HAYIR,HAYIR
2026-08-16 19:55:41.485,0.00,0.00,0,0.0,0.0,0.000,0.0,0,HAYIR,HAYIR
2026-08-16 19:55:41.504,0.00,0.00,0,0.0,0.0,0.000,0.0,0,HAYIR,HAYIR
2026-08-16 19:55:41.524,0.00,0.00,0,0.0,0.0,0.000,0.0,0,HAYIR,HAYIR
2026-08-16 19:55:41.544,0.00,0.00,0,0.0,0.0,0.000,0.0,0,HAYIR,HAYIR
2026-08-16 19:55:41.565,0.00,0.00,0,0.0,0.0,0.000,0.0,0,HAYIR,HAYIR
2026-08-16 19:55:41.584,0.00,0.00,0,0.0,0.0,0.000,0.0,0,HAYIR,HAYIR
2026-08-16 19:55:41.604,0.00,0.00,0,0.0,0.0,0.000,0.0,0,HAYIR,HAYIR
2026-08-16 19:55:41.624,0.00,0.00,0,0.0,0.0,0.000,0.0,0,HAYIR,HAYIR
2026-08-16 19:55:41.644,0.00,0.00,0,0.0,0.0,0.000,0.0,0,HAYIR,HAYIR
2026-08-16 19:55:41.664,0.00,0.00,0,0.0,0.0,0.000,0.0,0,HAYIR,HAYIR
2026-08-16 19:55:41.684,0.00,0.00,0,0.0,0.0,0.000,0.0,0,HAYIR,HAYIR
2026-08-16 19:55:41.704,0.00,0.00,0,0.0,0.0,0.000,0.0,0,HAYIR,HAYIR
2026-08-16 19:55:41.724,0.00,0.00,0,0.0,0.0,0.000,0.0,0,HAYIR,HAYIR
2026-08-16 19:55:41.744,0.00,0.00,0,0.0,0.0,0.000,0.0,0,HAYIR,HAYIR
2026-08-16 19:55:41.764,0.00,0.00,0,0.0,0.0,0.000,0.0,0,HAYIR,HAYIR
2026-08-16 19:55:41.784,0.00,0.00,0,0.0,0.0,0.000,0.0,0,HAYIR,HAYIR
2026-08-16 19:55:41.804,0.00,0.00,0,0.0,0.0,0.000,0.0,0,HAYIR,HAYIR
2026-08-16 19:55:41.824,0.00,0.00,0,0.0,0.0,0.000,0.0,0,HAYIR,HAYIR
2026-08-16 19:55:41.844,0.00,0.00,0,0.0,0.0,0.000,0.0,0,HAYIR,HAYIR
2026-08-16 19:55:41.865,0.00,0.00,0,0.0,0.0,0.000,0.0,0,HAYIR,HAYIR
2026-08-16 19:55:41.884,0.00,0.00,0,0.0,0.0,0.000,0.0,0,HAYIR,HAYIR
2026-08-16 19:55:41.904,0.00,0.00,0,0.0,0.0,0.000,0.0,0,HAYIR,HAYIR
2026-08-16 19:55:41.924,0.00,0.00,0,0.0,0.0,0.000,0.0,0,HAYIR,HAYIR
2026-08-16 19:55:41.944,0.00,0.00,0,0.0,0.0,0.000,0.0,0,HAYIR,HAYIR
2026-08-16 19:55:41.964,0.00,0.00,0,0.0,0.0,0.000,0.0,0,HAYIR,HAYIR
2026-08-16 19:55:41.985,0.00,0.00,0,0.0,0.0,0.000,0.0,0,HAYIR,HAYIR
2026-08-16 19:55:42.004,0.00,0.00,0,0.0,0.0,0.000,0.0,0,HAYIR,HAYIR
2026-08-16 19:55:42.024,0.00,0.00,0,0.0,0.0,0.000,0.0,0,HAYIR,HAYIR
2026-08-16 19:55:42.045,0.00,0.00,0,0.0,0.0,0.000,0.0,0,HAYIR,HAYIR
2026-08-16 19:55:42.065,0.00,0.00,0,0.0,0.0,0.000,0.0,0,HAYIR,HAYIR
2026-08-16 19:55:42.084,0.00,0.00,0,0.0,0.0,0.000,0.0,0,HAYIR,HAYIR
2026-08-16 19:55:42.104,0.00,0.00,0,0.0,0.0,0.000,0.0,0,HAYIR,HAYIR
2026-08-16 19:55:42.124,0.00,0.00,0,0.0,0.0,0.000,0.0,0,HAYIR,HAYIR
2026-08-16 19:55:42.144,0.00,0.00,0,0.0,0.0,0.000,0.0,0,HAYIR,HAYIR
2026-08-16 19:55:42.165,0.00,0.00,0,0.0,0.0,0.000,0.0,0,HAYIR,HAYIR
2026-08-16 19:55:42.184,0.00,0.00,0,0.0,0.0,0.000,0.0,0,HAYIR,HAYIR
2026-08-16 19:55:42.205,0.00,0.00,0,0.0,0.0,0.000,0.0,0,HAYIR,HAYIR
2026-08-16 19:55:42.224,0.00,0.00,0,0.0,0.0,0.000,0.0,0,HAYIR,HAYIR
2026-08-16 19:55:42.244,0.00,0.00,0,0.0,0.0,0.000,0.0,0,HAYIR,HAYIR
2026-08-16 19:55:42.265,0.00,0.00,0,0.0,0.0,0.000,0.0,0,HAYIR,HAYIR
2026-08-16 19:55:42.284,0.00,0.00,0,0.0,0.0,0.000,0.0,0,HAYIR,HAYIR
2026-08-16 19:55:42.304,0.00,0.00,0,0.0,0.0,0.000,0.0,0,HAYIR,HAYIR
2026-08-16 19:55:42.324,0.00,0.00,0,0.0,0.0,0.000,0.0,0,HAYIR,HAYIR
2026-08-16 19:55:42.344,0.00,0.00,0,0.0,0.0,0.000,0.0,0,HAYIR,HAYIR
2026-08-16 19:55:42.365,0.00,0.00,0,0.0,0.0,0.000,0.0,0,HAYIR,HAYIR
2026-08-16 19:55:42.384,0.00,0.00,0,0.0,0.0,0.000,0.0,0,HAYIR,HAYIR
2026-08-16 19:55:42.404,0.00,0.00,0,0.0,0.0,0.000,0.0,0,HAYIR,HAYIR
2026-08-16 19:55:42.424,0.00,0.00,0,0.0,0.0,0.000,0.0,0,HAYIR,HAYIR
2026-08-16 19:55:42.444,0.00,0.00,0,0.0,0.0,0.000,0.0,0,HAYIR,HAYIR
2026-08-16 19:55:42.464,0.00,0.00,0,0.0,0.0,0.000,0.0,0,HAYIR,HAYIR
2026-08-16 19:55:42.485,0.00,0.00,0,0.0,0.0,0.000,0.0,0,HAYIR,HAYIR
2026-08-16 19:55:42.504,0.00,0.00,0,0.0,0.0,0.000,0.0,0,HAYIR,HAYIR
2026-08-16 19:55:42.524,0.00,0.00,0,0.0,0.0,0.000,0.0,0,HAYIR,HAYIR
2026-08-16 19:55:42.545,0.00,0.00,0,0.0,0.0,0.000,0.0,0,HAYIR,HAYIR
2026-08-16 19:55:42.564,0.00,0.00,0,0.0,0.0,0.000,0.0,0,HAYIR,HAYIR
2026-08-16 19:55:42.584,0.00,0.00,0,0.0,0.0,0.000,0.0,0,HAYIR,HAYIR
2026-08-16 19:55:42.604,0.00,0.00,0,0.0,0.0,0.000,0.0,0,HAYIR,HAYIR
2026-08-16 19:55:42.624,0.00,0.00,0,0.0,0.0,0.000,0.0,0,HAYIR,HAYIR
2026-08-16 19:55:42.644,0.00,0.00,0,0.0,0.0,0.000,0.0,0,HAYIR,HAYIR
2026-08-16 19:55:42.664,0.00,0.00,0,0.0,0.0,0.000,0.0,0,HAYIR,HAYIR
2026-08-16 19:55:42.684,0.00,0.00,0,0.0,0.0,0.000,0.0,0,HAYIR,HAYIR
2026-08-16 19:55:42.704,0.00,0.00,0,0.0,0.0,0.000,0.0,0,HAYIR,HAYIR
2026-08-16 19:55:42.724,0.00,0.00,0,0.0,0.0,0.000,0.0,0,HAYIR,HAYIR
2026-08-16 19:55:42.744,0.00,0.00,0,0.0,0.0,0.000,0.0,0,HAYIR,HAYIR
2026-08-16 19:55:42.765,0.00,0.00,0,0.0,0.0,0.000,0.0,0,HAYIR,HAYIR
2026-08-16 19:55:42.784,0.00,0.00,0,0.0,0.0,0.000,0.0,0,HAYIR,HAYIR
2026-08-16 19:55:42.804,0.00,0.00,0,0.0,0.0,0.000,0.0,0,HAYIR,HAYIR
2026-08-16 19:55:42.824,0.00,0.00,0,0.0,0.0,0.000,0.0,0,HAYIR,HAYIR
2026-08-16 19:55:42.844,0.00,0.00,0,0.0,0.0,0.000,0.0,0,HAYIR,HAYIR
2026-08-16 19:55:42.864,0.00,0.00,0,0.0,0.0,0.000,0.0,0,HAYIR,HAYIR
2026-08-16 19:55:42.884,0.00,0.00,0,0.0,0.0,0.000,0.0,0,HAYIR,HAYIR
2026-08-16 19:55:42.904,0.00,0.00,0,0.0,0.0,0.000,0.0,0,HAYIR,HAYIR
2026-08-16 19:55:42.924,0.00,0.00,0,0.0,0.0,0.000,0.0,0,HAYIR,HAYIR
2026-08-16 19:55:42.944,0.00,0.00,0,0.0,0.0,0.000,0.0,0,HAYIR,HAYIR
2026-08-16 19:55:42.965,0.00,0.00,0,0.0,0.0,0.000,0.0,0,HAYIR,HAYIR
2026-08-16 19:55:42.984,0.00,0.00,0,0.0,0.0,0.000,0.0,0,HAYIR,HAYIR
2026-08-16 19:55:43.004,0.00,0.00,0,0.0,0.0,0.000,0.0,0,HAYIR,HAYIR
2026-08-16 19:55:43.024,0.00,0.00,0,0.0,0.0,0.000,0.0,0,HAYIR,HAYIR
2026-08-16 19:55:43.044,0.00,0.00,0,0.0,0.0,0.000,0.0,0,HAYIR,HAYIR
2026-08-16 19:55:43.065,0.00,0.00,0,0.0,0.0,0.000,0.0,0,HAYIR,HAYIR
2026-08-16 19:55:43.085,0.00,0.00,0,0.0,0.0,0.000,0.0,0,HAYIR,HAYIR
2026-08-16 19:55:43.104,0.00,0.00,0,0.0,0.0,0.000,0.0,0,HAYIR,HAYIR
2026-08-16 19:55:43.125,0.00,0.00,0,0.0,0.0,0.000,0.0,0,HAYIR,HAYIR
2026-08-16 19:55:43.145,0.00,0.00,0,0.0,0.0,0.000,0.0,0,HAYIR,HAYIR
2026-08-16 19:55:43.164,0.00,0.00,0,0.0,0.0,0.000,0.0,0,HAYIR,HAYIR
2026-08-16 19:55:43.184,0.00,0.00,0,0.0,0.0,0.000,0.0,0,HAYIR,HAYIR
2026-08-16 19:55:43.204,0.00,0.00,0,0.0,0.0,0.000,0.0,0,HAYIR,HAYIR
2026-08-16 19:55:43.224,0.00,0.00,0,0.0,0.0,0.000,0.0,0,HAYIR,HAYIR
2026-08-16 19:55:43.244,0.00,0.00,0,0.0,0.0,0.000,0.0,0,HAYIR,HAYIR
2026-08-16 19:55:43.264,0.00,0.00,0,0.0,0.0,0.000,0.0,0,HAYIR,HAYIR
2026-08-16 19:55:43.284,0.00,0.00,0,0.0,0.0,0.000,0.0,0,HAYIR,HAYIR
2026-08-16 19:55:43.304,0.00,0.00,0,0.0,0.0,0.000,0.0,0,HAYIR,HAYIR
2026-08-16 19:55:43.324,0.00,0.00,0,0.0,0.0,0.000,0.0,0,HAYIR,HAYIR
2026-08-16 19:55:43.344,0.00,0.00,0,0.0,0.0,0.000,0.0,0,HAYIR,HAYIR
2026-08-16 19:55:43.364,0.00,0.00,0,0.0,0.0,0.000,0.0,0,HAYIR,HAYIR
2026-08-16 19:55:43.384,0.00,0.00,0,0.0,0.0,0.000,0.0,0,HAYIR,HAYIR
2026-08-16 19:55:43.404,0.00,0.00,0,0.0,0.0,0.000,0.0,0,HAYIR,HAYIR
2026-08-16 19:55:43.424,0.00,0.00,0,0.0,0.0,0.000,0.0,0,HAYIR,HAYIR
2026-08-16 19:55:43.444,0.00,0.00,0,0.0,0.0,0.000,0.0,0,HAYIR,HAYIR
2026-08-16 19:55:43.465,0.00,0.00,0,0.0,0.0,0.000,0.0,0,HAYIR,HAYIR
2026-08-16 19:55:43.485,0.00,0.00,0,0.0,0.0,0.000,0.0,0,HAYIR,HAYIR
2026-08-16 19:55:43.504,0.00,0.00,0,0.0,0.0,0.000,0.0,0,HAYIR,HAYIR
2026-08-16 19:55:43.524,0.00,0.00,0,0.0,0.0,0.000,0.0,0,HAYIR,HAYIR
2026-08-16 19:55:43.544,0.00,0.00,0,0.0,0.0,0.000,0.0,0,HAYIR,HAYIR
2026-08-16 19:55:43.564,0.00,0.00,0,0.0,0.0,0.000,0.0,0,HAYIR,HAYIR
2026-08-16 19:55:43.584,0.00,0.00,0,0.0,0.0,0.000,0.0,0,HAYIR,HAYIR
2026-08-16 19:55:43.604,0.00,0.00,0,0.0,0.0,0.000,0.0,0,HAYIR,HAYIR
2026-08-16 19:55:43.624,0.00,0.00,0,0.0,0.0,0.000,0.0,0,HAYIR,HAYIR
2026-08-16 19:55:43.645,0.00,0.00,0,0.0,0.0,0.000,0.0,0,HAYIR,HAYIR
2026-08-16 19:55:43.664,0.00,0.00,0,0.0,0.0,0.000,0.0,0,HAYIR,HAYIR
2026-08-16 19:55:43.684,0.00,0.00,0,0.0,0.0,0.000,0.0,0,HAYIR,HAYIR
2026-08-16 19:55:43.704,0.00,0.00,0,0.0,0.0,0.000,0.0,0,HAYIR,HAYIR
2026-08-16 19:55:43.724,0.00,0.00,0,0.0,0.0,0.000,0.0,0,HAYIR,HAYIR
2026-08-16 19:55:43.744,0.00,0.00,0,0.0,0.0,0.000,0.0,0,HAYIR,HAYIR
2026-08-16 19:55:43.764,0.00,0.00,0,0.0,0.0,0.000,0.0,0,HAYIR,HAYIR
2026-08-16 19:55:43.784,0.00,0.00,0,0.0,0.0,0.000,0.0,0,HAYIR,HAYIR
2026-08-16 19:55:43.804,0.00,0.00,0,0.0,0.0,0.000,0.0,0,HAYIR,HAYIR
2026-08-16 19:55:43.824,0.00,0.00,0,0.0,0.0,0.000,0.0,0,HAYIR,HAYIR
2026-08-16 19:55:43.844,0.00,0.00,0,0.0,0.0,0.000,0.0,0,HAYIR,HAYIR
2026-08-16 19:55:43.865,0.00,0.00,0,0.0,0.0,0.000,0.0,0,HAYIR,HAYIR
2026-08-16 19:55:43.884,0.00,0.00,0,0.0,0.0,0.000,0.0,0,HAYIR,HAYIR
2026-08-16 19:55:43.904,0.00,0.00,0,0.0,0.0,0.000,0.0,0,HAYIR,HAYIR
2026-08-16 19:55:43.924,0.00,0.00,0,0.0,0.0,0.000,0.0,0,HAYIR,HAYIR
2026-08-16 19:55:43.944,0.00,0.00,0,0.0,0.0,0.000,0.0,0,HAYIR,HAYIR
2026-08-16 19:55:43.965,0.00,0.00,0,0.0,0.0,0.000,0.0,0,HAYIR,HAYIR
2026-08-16 19:55:43.984,0.00,0.00,0,0.0,0.0,0.000,0.0,0,HAYIR,HAYIR
2026-08-16 19:55:44.004,0.00,0.00,0,0.0,0.0,0.000,0.0,0,HAYIR,HAYIR
2026-08-16 19:55:44.024,0.00,0.00,0,0.0,0.0,0.000,0.0,0,HAYIR,HAYIR
2026-08-16 19:55:44.044,0.00,0.00,0,0.0,0.0,0.000,0.0,0,HAYIR,HAYIR
2026-08-16 19:55:44.064,0.00,0.00,0,0.0,0.0,0.000,0.0,0,HAYIR,HAYIR
2026-08-16 19:55:44.085,0.00,0.00,0,0.0,0.0,0.000,0.0,0,HAYIR,HAYIR
2026-08-16 19:55:44.104,0.00,0.00,0,0.0,0.0,0.000,0.0,0,HAYIR,HAYIR
2026-08-16 19:55:44.124,0.00,0.00,0,0.0,0.0,0.000,0.0,0,HAYIR,HAYIR
2026-08-16 19:55:44.144,0.00,0.00,0,0.0,0.0,0.000,0.0,0,HAYIR,HAYIR
2026-08-16 19:55:44.164,0.00,0.00,0,0.0,0.0,0.000,0.0,0,HAYIR,HAYIR
2026-08-16 19:55:44.184,0.00,0.00,0,0.0,0.0,0.000,0.0,0,HAYIR,HAYIR
2026-08-16 19:55:44.204,0.00,0.00,0,0.0,0.0,0.000,0.0,0,HAYIR,HAYIR
2026-08-16 19:55:44.224,0.00,0.00,0,0.0,0.0,0.000,0.0,0,HAYIR,HAYIR
2026-08-16 19:55:44.244,0.00,0.00,0,0.0,0.0,0.000,0.0,0,HAYIR,HAYIR
2026-08-16 19:55:44.264,0.00,0.00,0,0.0,0.0,0.000,0.0,0,HAYIR,HAYIR
2026-08-16 19:55:44.284,0.00,0.00,0,0.0,0.0,0.000,0.0,0,HAYIR,HAYIR
2026-08-16 19:55:44.304,0.00,0.00,0,0.0,0.0,0.000,0.0,0,HAYIR,HAYIR
2026-08-16 19:55:44.324,0.00,0.00,0,0.0,0.0,0.000,0.0,0,HAYIR,HAYIR
2026-08-16 19:55:44.344,0.00,0.00,0,0.0,0.0,0.000,0.0,0,HAYIR,HAYIR
2026-08-16 19:55:44.364,0.00,0.00,0,0.0,0.0,0.000,0.0,0,HAYIR,HAYIR
2026-08-16 19:55:44.384,0.00,0.00,0,0.0,0.0,0.000,0.0,0,HAYIR,HAYIR
2026-08-16 19:55:44.404,0.00,0.00,0,0.0,0.0,0.000,0.0,0,HAYIR,HAYIR
2026-08-16 19:55:44.424,0.00,0.00,0,0.0,0.0,0.000,0.0,0,HAYIR,HAYIR
2026-08-16 19:55:44.444,0.00,0.00,0,0.0,0.0,0.000,0.0,0,HAYIR,HAYIR
2026-08-16 19:55:44.465,0.00,0.00,0,0.0,0.0,0.000,0.0,0,HAYIR,HAYIR
2026-08-16 19:55:44.485,0.00,0.00,0,0.0,0.0,0.000,0.0,0,HAYIR,HAYIR
2026-08-16 19:55:44.504,0.00,0.00,0,0.0,0.0,0.000,0.0,0,HAYIR,HAYIR
2026-08-16 19:55:44.524,0.00,0.00,0,0.0,0.0,0.000,0.0,0,HAYIR,HAYIR
2026-08-16 19:55:44.544,0.00,0.00,0,0.0,0.0,0.000,0.0,0,HAYIR,HAYIR
2026-08-16 19:55:44.564,0.00,0.00,0,0.0,0.0,0.000,0.0,0,HAYIR,HAYIR
2026-08-16 19:55:44.584,0.00,0.00,0,0.0,0.0,0.000,0.0,0,HAYIR,HAYIR
2026-08-16 19:55:44.604,0.00,0.00,0,0.0,0.0,0.000,0.0,0,HAYIR,HAYIR
2026-08-16 19:55:44.624,0.00,0.00,0,0.0,0.0,0.000,0.0,0,HAYIR,HAYIR
2026-08-16 19:55:44.644,0.00,0.00,0,0.0,0.0,0.000,0.0,0,HAYIR,HAYIR
2026-08-16 19:55:44.664,0.00,0.00,0,0.0,0.0,0.000,0.0,0,HAYIR,HAYIR
2026-08-16 19:55:44.684,0.00,0.00,0,0.0,0.0,0.000,0.0,0,HAYIR,HAYIR
2026-08-16 19:55:44.704,0.00,0.00,0,0.0,0.0,0.000,0.0,0,HAYIR,HAYIR
2026-08-16 19:55:44.724,0.00,0.00,0,0.0,0.0,0.000,0.0,0,HAYIR,HAYIR
2026-08-16 19:55:44.744,0.00,0.00,0,0.0,0.0,0.000,0.0,0,HAYIR,HAYIR
2026-08-16 19:55:44.764,0.00,0.00,0,0.0,0.0,0.000,0.0,0,HAYIR,HAYIR
2026-08-16 19:55:44.784,0.00,0.00,0,0.0,0.0,0.000,0.0,0,HAYIR,HAYIR
2026-08-16 19:55:44.804,0.00,0.00,0,0.0,0.0,0.000,0.0,0,HAYIR,HAYIR
2026-08-16 19:55:44.824,0.00,0.00,0,0.0,0.0,0.000,0.0,0,HAYIR,HAYIR
2026-08-16 19:55:44.844,0.00,0.00,0,0.0,0.0,0.000,0.0,0,HAYIR,HAYIR
2026-08-16 19:55:44.864,0.00,0.00,0,0.0,0.0,0.000,0.0,0,HAYIR,HAYIR
2026-08-16 19:55:44.884,0.00,0.00,0,0.0,0.0,0.000,0.0,0,HAYIR,HAYIR
2026-08-16 19:55:44.904,0.00,0.00,0,0.0,0.0,0.000,0.0,0,HAYIR,HAYIR
2026-08-16 19:55:44.924,0.00,0.00,0,0.0,0.0,0.000,0.0,0,HAYIR,HAYIR
2026-08-16 19:55:44.944,0.00,0.00,0,0.0,0.0,0.000,0.0,0,HAYIR,HAYIR
2026-08-16 19:55:44.965,0.00,0.00,0,0.0,0.0,0.000,0.0,0,HAYIR,HAYIR
2026-08-16 19:55:44.984,0.00,0.00,0,0.0,0.0,0.000,0.0,0,HAYIR,HAYIR
2026-08-16 19:55:45.004,0.00,0.00,0,0.0,0.0,0.000,0.0,0,HAYIR,HAYIR
2026-08-16 19:55:45.025,0.00,0.00,0,0.0,0.0,0.000,0.0,0,HAYIR,HAYIR
2026-08-16 19:55:45.044,0.00,0.00,0,0.0,0.0,0.000,0.0,0,HAYIR,HAYIR
2026-08-16 19:55:45.064,0.00,0.00,0,0.0,0.0,0.000,0.0,0,HAYIR,HAYIR
2026-08-16 19:55:45.084,0.00,0.00,0,0.0,0.0,0.000,0.0,0,HAYIR,HAYIR
2026-08-16 19:55:45.104,0.00,0.00,0,0.0,0.0,0.000,0.0,0,HAYIR,HAYIR
2026-08-16 19:55:45.124,0.00,0.00,0,0.0,0.0,0.000,0.0,0,HAYIR,HAYIR
2026-08-16 19:55:45.144,0.00,0.00,0,0.0,0.0,0.000,0.0,0,HAYIR,HAYIR
2026-08-16 19:55:45.164,0.00,0.00,0,0.0,0.0,0.000,0.0,0,HAYIR,HAYIR
2026-08-16 19:55:45.184,0.00,0.00,0,0.0,0.0,0.000,0.0,0,HAYIR,HAYIR
2026-08-16 19:55:45.204,0.00,0.00,0,0.0,0.0,0.000,0.0,0,HAYIR,HAYIR
2026-08-16 19:55:45.224,0.00,0.00,0,0.0,0.0,0.000,0.0,0,HAYIR,HAYIR
2026-08-16 19:55:45.244,0.00,0.00,0,0.0,0.0,0.000,0.0,0,HAYIR,HAYIR
2026-08-16 19:55:45.264,0.00,0.00,0,0.0,0.0,0.000,0.0,0,HAYIR,HAYIR
2026-08-16 19:55:45.284,0.00,0.00,0,0.0,0.0,0.000,0.0,0,HAYIR,HAYIR
2026-08-16 19:55:45.304,0.00,0.00,0,0.0,0.0,0.000,0.0,0,HAYIR,HAYIR
2026-08-16 19:55:45.324,0.00,0.00,0,0.0,0.0,0.000,0.0,0,HAYIR,HAYIR
2026-08-16 19:55:45.344,0.00,0.00,0,0.0,0.0,0.000,0.0,0,HAYIR,HAYIR
2026-08-16 19:55:45.364,0.00,0.00,0,0.0,0.0,0.000,0.0,0,HAYIR,HAYIR
2026-08-16 19:55:45.384,0.00,0.00,0,0.0,0.0,0.000,0.0,0,HAYIR,HAYIR
2026-08-16 19:55:45.404,0.00,0.00,0,0.0,0.0,0.000,0.0,0,HAYIR,HAYIR
2026-08-16 19:55:45.424,0.00,0.00,0,0.0,0.0,0.000,0.0,0,HAYIR,HAYIR
2026-08-16 19:55:45.444,0.00,0.00,0,0.0,0.0,0.000,0.0,0,HAYIR,HAYIR
2026-08-16 19:55:45.465,0.00,0.00,0,0.0,0.0,0.000,0.0,0,HAYIR,HAYIR
2026-08-16 19:55:45.485,0.00,0.00,0,0.0,0.0,0.000,0.0,0,HAYIR,HAYIR
2026-08-16 19:55:45.504,0.00,0.00,0,0.0,0.0,0.000,0.0,0,HAYIR,HAYIR
2026-08-16 19:55:45.524,0.00,0.00,0,0.0,0.0,0.000,0.0,0,HAYIR,HAYIR
2026-08-16 19:55:45.544,0.00,0.00,0,0.0,0.0,0.000,0.0,0,HAYIR,HAYIR
2026-08-16 19:55:45.564,0.00,0.00,0,0.0,0.0,0.000,0.0,0,HAYIR,HAYIR
2026-08-16 19:55:45.584,0.00,0.00,0,0.0,0.0,0.000,0.0,0,HAYIR,HAYIR
2026-08-16 19:55:45.604,0.00,0.00,0,0.0,0.0,0.000,0.0,0,HAYIR,HAYIR
2026-08-16 19:55:45.624,0.00,0.00,0,0.0,0.0,0.000,0.0,0,HAYIR,HAYIR
2026-08-16 19:55:45.644,0.00,0.00,0,0.0,0.0,0.000,0.0,0,HAYIR,HAYIR
2026-08-16 19:55:45.664,0.00,0.00,0,0.0,0.0,0.000,0.0,0,HAYIR,HAYIR
2026-08-16 19:55:45.684,0.00,0.00,0,0.0,0.0,0.000,0.0,0,HAYIR,HAYIR
2026-08-16 19:55:45.704,0.00,0.00,0,0.0,0.0,0.000,0.0,0,HAYIR,HAYIR
2026-08-16 19:55:45.724,0.00,0.00,0,0.0,0.0,0.000,0.0,0,HAYIR,HAYIR
2026-08-16 19:55:45.744,0.00,0.00,0,0.0,0.0,0.000,0.0,0,HAYIR,HAYIR
2026-08-16 19:55:45.764,0.00,0.00,0,0.0,0.0,0.000,0.0,0,HAYIR,HAYIR
2026-08-16 19:55:45.784,0.00,0.00,0,0.0,0.0,0.000,0.0,0,HAYIR,HAYIR
2026-08-16 19:55:45.804,0.00,0.00,0,0.0,0.0,0.000,0.0,0,HAYIR,HAYIR
2026-08-16 19:55:45.824,0.00,0.00,0,0.0,0.0,0.000,0.0,0,HAYIR,HAYIR
2026-08-16 19:55:45.844,0.00,0.00,0,0.0,0.0,0.000,0.0,0,HAYIR,HAYIR
2026-08-16 19:55:45.864,0.00,0.00,0,0.0,0.0,0.000,0.0,0,HAYIR,HAYIR
2026-08-16 19:55:45.884,0.00,0.00,0,0.0,0.0,0.000,0.0,0,HAYIR,HAYIR
2026-08-16 19:55:45.904,0.00,0.00,0,0.0,0.0,0.000,0.0,0,HAYIR,HAYIR
2026-08-16 19:55:45.924,0.00,0.00,0,0.0,0.0,0.000,0.0,0,HAYIR,HAYIR
2026-08-16 19:55:45.944,0.00,0.00,0,0.0,0.0,0.000,0.0,0,HAYIR,HAYIR
2026-08-16 19:55:45.964,0.00,0.00,0,0.0,0.0,0.000,0.0,0,HAYIR,HAYIR
2026-08-16 19:55:45.984,0.00,0.00,0,0.0,0.0,0.000,0.0,0,HAYIR,HAYIR
2026-08-16 19:55:46.004,0.00,0.00,0,0.0,0.0,0.000,0.0,0,HAYIR,HAYIR
2026-08-16 19:55:46.024,0.00,0.00,0,0.0,0.0,0.000,0.0,0,HAYIR,HAYIR
2026-08-16 19:55:46.044,0.00,0.00,0,0.0,0.0,0.000,0.0,0,HAYIR,HAYIR
2026-08-16 19:55:46.064,0.00,0.00,0,0.0,0.0,0.000,0.0,0,HAYIR,HAYIR
2026-08-16 19:55:46.084,0.00,0.00,0,0.0,0.0,0.000,0.0,0,HAYIR,HAYIR
2026-08-16 19:55:46.104,0.00,0.00,0,0.0,0.0,0.000,0.0,0,HAYIR,HAYIR
2026-08-16 19:55:46.124,0.00,0.00,0,0.0,0.0,0.000,0.0,0,HAYIR,HAYIR
2026-08-16 19:55:46.144,0.00,0.00,0,0.0,0.0,0.000,0.0,0,HAYIR,HAYIR
2026-08-16 19:55:46.164,0.00,0.00,0,0.0,0.0,0.000,0.0,0,HAYIR,HAYIR
2026-08-16 19:55:46.184,0.00,0.00,0,0.0,0.0,0.000,0.0,0,HAYIR,HAYIR
2026-08-16 19:55:46.204,0.00,0.00,0,0.0,0.0,0.000,0.0,0,HAYIR,HAYIR
2026-08-16 19:55:46.224,0.00,0.00,0,0.0,0.0,0.000,0.0,0,HAYIR,HAYIR
2026-08-16 19:55:46.244,0.00,0.00,0,0.0,0.0,0.000,0.0,0,HAYIR,HAYIR
2026-08-16 19:55:46.264,0.00,0.00,0,0.0,0.0,0.000,0.0,0,HAYIR,HAYIR
2026-08-16 19:55:46.284,0.00,0.00,0,0.0,0.0,0.000,0.0,0,HAYIR,HAYIR
2026-08-16 19:55:46.304,0.00,0.00,0,0.0,0.0,0.000,0.0,0,HAYIR,HAYIR
2026-08-16 19:55:46.324,0.00,0.00,0,0.0,0.0,0.000,0.0,0,HAYIR,HAYIR
2026-08-16 19:55:46.344,0.00,0.00,0,0.0,0.0,0.000,0.0,0,HAYIR,HAYIR
2026-08-16 19:55:46.364,0.00,0.00,0,0.0,0.0,0.000,0.0,0,HAYIR,HAYIR
2026-08-16 19:55:46.384,0.00,0.00,0,0.0,0.0,0.000,0.0,0,HAYIR,HAYIR
2026-08-16 19:55:46.404,0.00,0.00,0,0.0,0.0,0.000,0.0,0,HAYIR,HAYIR
2026-08-16 19:55:46.424,0.00,0.00,0,0.0,0.0,0.000,0.0,0,HAYIR,HAYIR
2026-08-16 19:55:46.444,0.00,0.00,0,0.0,0.0,0.000,0.0,0,HAYIR,HAYIR
2026-08-16 19:55:46.465,0.00,0.00,0,0.0,0.0,0.000,0.0,0,HAYIR,HAYIR
2026-08-16 19:55:46.485,0.00,0.00,0,0.0,0.0,0.000,0.0,0,HAYIR,HAYIR
2026-08-16 19:55:46.505,0.00,0.00,0,0.0,0.0,0.000,0.0,0,HAYIR,HAYIR
2026-08-16 19:55:46.524,0.00,0.00,0,0.0,0.0,0.000,0.0,0,HAYIR,HAYIR
2026-08-16 19:55:46.544,0.00,0.00,0,0.0,0.0,0.000,0.0,0,HAYIR,HAYIR
2026-08-16 19:55:46.565,0.00,0.00,0,0.0,0.0,0.000,0.0,0,HAYIR,HAYIR
2026-08-16 19:55:46.584,0.00,0.00,0,0.0,0.0,0.000,0.0,0,HAYIR,HAYIR
2026-08-16 19:55:46.604,0.00,0.00,0,0.0,0.0,0.000,0.0,0,HAYIR,HAYIR
2026-08-16 19:55:46.624,0.00,0.00,0,0.0,0.0,0.000,0.0,0,HAYIR,HAYIR
2026-08-16 19:55:46.644,0.00,0.00,0,0.0,0.0,0.000,0.0,0,HAYIR,HAYIR
2026-08-16 19:55:46.664,0.00,0.00,0,0.0,0.0,0.000,0.0,0,HAYIR,HAYIR
2026-08-16 19:55:46.684,0.00,0.00,0,0.0,0.0,0.000,0.0,0,HAYIR,HAYIR
2026-08-16 19:55:46.704,0.00,0.00,0,0.0,0.0,0.000,0.0,0,HAYIR,HAYIR
2026-08-16 19:55:46.724,0.00,0.00,0,0.0,0.0,0.000,0.0,0,HAYIR,HAYIR
2026-08-16 19:55:46.744,0.00,0.00,0,0.0,0.0,0.000,0.0,0,HAYIR,HAYIR
2026-08-16 19:55:46.764,0.00,0.00,0,0.0,0.0,0.000,0.0,0,HAYIR,HAYIR
2026-08-16 19:55:46.784,0.00,0.00,0,0.0,0.0,0.000,0.0,0,HAYIR,HAYIR
2026-08-16 19:55:46.804,0.00,0.00,0,0.0,0.0,0.000,0.0,0,HAYIR,HAYIR
2026-08-16 19:55:46.824,0.00,0.00,0,0.0,0.0,0.000,0.0,0,HAYIR,HAYIR
2026-08-16 19:55:46.844,0.00,0.00,0,0.0,0.0,0.000,0.0,0,HAYIR,HAYIR
2026-08-16 19:55:46.865,0.00,0.00,0,0.0,0.0,0.000,0.0,0,HAYIR,HAYIR
2026-08-16 19:55:46.884,0.00,0.00,0,0.0,0.0,0.000,0.0,0,HAYIR,HAYIR
2026-08-16 19:55:46.904,0.00,0.00,0,0.0,0.0,0.000,0.0,0,HAYIR,HAYIR
2026-08-16 19:55:46.924,0.00,0.00,0,0.0,0.0,0.000,0.0,0,HAYIR,HAYIR
2026-08-16 19:55:46.944,0.00,0.00,0,0.0,0.0,0.000,0.0,0,HAYIR,HAYIR
2026-08-16 19:55:46.965,0.00,0.00,0,0.0,0.0,0.000,0.0,0,HAYIR,HAYIR
2026-08-16 19:55:46.985,0.00,0.00,0,0.0,0.0,0.000,0.0,0,HAYIR,HAYIR
2026-08-16 19:55:47.005,0.00,0.00,0,0.0,0.0,0.000,0.0,0,HAYIR,HAYIR
2026-08-16 19:55:47.024,0.00,0.00,0,0.0,0.0,0.000,0.0,0,HAYIR,HAYIR
2026-08-16 19:55:47.044,0.00,0.00,0,0.0,0.0,0.000,0.0,0,HAYIR,HAYIR
2026-08-16 19:55:47.064,0.00,0.00,0,0.0,0.0,0.000,0.0,0,HAYIR,HAYIR
2026-08-16 19:55:47.084,0.00,0.00,0,0.0,0.0,0.000,0.0,0,HAYIR,HAYIR
2026-08-16 19:55:47.104,0.00,0.00,0,0.0,0.0,0.000,0.0,0,HAYIR,HAYIR
2026-08-16 19:55:47.124,0.00,0.00,0,0.0,0.0,0.000,0.0,0,HAYIR,HAYIR
2026-08-16 19:55:47.144,0.00,0.00,0,0.0,0.0,0.000,0.0,0,HAYIR,HAYIR
2026-08-16 19:55:47.164,0.00,0.00,0,0.0,0.0,0.000,0.0,0,HAYIR,HAYIR
2026-08-16 19:55:47.184,0.00,0.00,0,0.0,0.0,0.000,0.0,0,HAYIR,HAYIR
2026-08-16 19:55:47.204,0.00,0.00,0,0.0,0.0,0.000,0.0,0,HAYIR,HAYIR
2026-08-16 19:55:47.224,0.00,0.00,0,0.0,0.0,0.000,0.0,0,HAYIR,HAYIR
2026-08-16 19:55:47.244,0.00,0.00,0,0.0,0.0,0.000,0.0,0,HAYIR,HAYIR
2026-08-16 19:55:47.264,0.00,0.00,0,0.0,0.0,0.000,0.0,0,HAYIR,HAYIR
2026-08-16 19:55:47.284,0.00,0.00,0,0.0,0.0,0.000,0.0,0,HAYIR,HAYIR
2026-08-16 19:55:47.304,0.00,0.00,0,0.0,0.0,0.000,0.0,0,HAYIR,HAYIR
2026-08-16 19:55:47.324,0.00,0.00,0,0.0,0.0,0.000,0.0,0,HAYIR,HAYIR
2026-08-16 19:55:47.344,0.00,0.00,0,0.0,0.0,0.000,0.0,0,HAYIR,HAYIR
2026-08-16 19:55:47.364,0.00,0.00,0,0.0,0.0,0.000,0.0,0,HAYIR,HAYIR
2026-08-16 19:55:47.384,0.00,0.00,0,0.0,0.0,0.000,0.0,0,HAYIR,HAYIR
2026-08-16 19:55:47.404,0.00,0.00,0,0.0,0.0,0.000,0.0,0,HAYIR,HAYIR
2026-08-16 19:55:47.424,0.00,0.00,0,0.0,0.0,0.000,0.0,0,HAYIR,HAYIR
2026-08-16 19:55:47.444,0.00,0.00,0,0.0,0.0,0.000,0.0,0,HAYIR,HAYIR
2026-08-16 19:55:47.465,0.00,0.00,0,0.0,0.0,0.000,0.0,0,HAYIR,HAYIR
2026-08-16 19:55:47.484,0.00,0.00,0,0.0,0.0,0.000,0.0,0,HAYIR,HAYIR
2026-08-16 19:55:47.505,0.00,0.00,0,0.0,0.0,0.000,0.0,0,HAYIR,HAYIR
2026-08-16 19:55:47.524,0.00,0.00,0,0.0,0.0,0.000,0.0,0,HAYIR,HAYIR
2026-08-16 19:55:47.544,0.00,0.00,0,0.0,0.0,0.000,0.0,0,HAYIR,HAYIR
2026-08-16 19:55:47.564,0.00,0.00,0,0.0,0.0,0.000,0.0,0,HAYIR,HAYIR
2026-08-16 19:55:47.584,0.00,0.00,0,0.0,0.0,0.000,0.0,0,HAYIR,HAYIR
2026-08-16 19:55:47.604,0.00,0.00,0,0.0,0.0,0.000,0.0,0,HAYIR,HAYIR
2026-08-16 19:55:47.624,0.00,0.00,0,0.0,0.0,0.000,0.0,0,HAYIR,HAYIR
2026-08-16 19:55:47.644,0.00,0.00,0,0.0,0.0,0.000,0.0,0,HAYIR,HAYIR
2026-08-16 19:55:47.664,0.00,0.00,0,0.0,0.0,0.000,0.0,0,HAYIR,HAYIR
2026-08-16 19:55:47.684,0.00,0.00,0,0.0,0.0,0.000,0.0,0,HAYIR,HAYIR
2026-08-16 19:55:47.704,0.00,0.00,0,0.0,0.0,0.000,0.0,0,HAYIR,HAYIR
2026-08-16 19:55:47.724,0.00,0.00,0,0.0,0.0,0.000,0.0,0,HAYIR,HAYIR
2026-08-16 19:55:47.744,0.00,0.00,0,0.0,0.0,0.000,0.0,0,HAYIR,HAYIR
2026-08-16 19:55:47.764,0.00,0.00,0,0.0,0.0,0.000,0.0,0,HAYIR,HAYIR
2026-08-16 19:55:47.784,0.00,0.00,0,0.0,0.0,0.000,0.0,0,HAYIR,HAYIR
2026-08-16 19:55:47.804,0.00,0.00,0,0.0,0.0,0.000,0.0,0,HAYIR,HAYIR
2026-08-16 19:55:47.824,0.00,0.00,0,0.0,0.0,0.000,0.0,0,HAYIR,HAYIR
2026-08-16 19:55:47.844,0.00,0.00,0,0.0,0.0,0.000,0.0,0,HAYIR,HAYIR
2026-08-16 19:55:47.864,0.00,0.00,0,0.0,0.0,0.000,0.0,0,HAYIR,HAYIR
2026-08-16 19:55:47.884,0.00,0.00,0,0.0,0.0,0.000,0.0,0,HAYIR,HAYIR
2026-08-16 19:55:47.904,0.00,0.00,0,0.0,0.0,0.000,0.0,0,HAYIR,HAYIR
2026-08-16 19:55:47.924,0.00,0.00,0,0.0,0.0,0.000,0.0,0,HAYIR,HAYIR
2026-08-16 19:55:47.944,0.00,0.00,0,0.0,0.0,0.000,0.0,0,HAYIR,HAYIR
2026-08-16 19:55:47.964,0.00,0.00,0,0.0,0.0,0.000,0.0,0,HAYIR,HAYIR
2026-08-16 19:55:47.984,0.00,0.00,0,0.0,0.0,0.000,0.0,0,HAYIR,HAYIR
2026-08-16 19:55:48.004,0.00,0.00,0,0.0,0.0,0.000,0.0,0,HAYIR,HAYIR
2026-08-16 19:55:48.024,0.00,0.00,0,0.0,0.0,0.000,0.0,0,HAYIR,HAYIR
2026-08-16 19:55:48.044,0.00,0.00,0,0.0,0.0,0.000,0.0,0,HAYIR,HAYIR
2026-08-16 19:55:48.064,0.00,0.00,0,0.0,0.0,0.000,0.0,0,HAYIR,HAYIR
2026-08-16 19:55:48.084,0.00,0.00,0,0.0,0.0,0.000,0.0,0,HAYIR,HAYIR
2026-08-16 19:55:48.104,0.00,0.00,0,0.0,0.0,0.000,0.0,0,HAYIR,HAYIR
2026-08-16 19:55:48.124,0.00,0.00,0,0.0,0.0,0.000,0.0,0,HAYIR,HAYIR
2026-08-16 19:55:48.144,0.00,0.00,0,0.0,0.0,0.000,0.0,0,HAYIR,HAYIR
2026-08-16 19:55:48.164,0.00,0.00,0,0.0,0.0,0.000,0.0,0,HAYIR,HAYIR
2026-08-16 19:55:48.184,0.00,0.00,0,0.0,0.0,0.000,0.0,0,HAYIR,HAYIR
2026-08-16 19:55:48.204,0.00,0.00,0,0.0,0.0,0.000,0.0,0,HAYIR,HAYIR
2026-08-16 19:55:48.224,0.00,0.00,0,0.0,0.0,0.000,0.0,0,HAYIR,HAYIR
2026-08-16 19:55:48.244,0.00,0.00,0,0.0,0.0,0.000,0.0,0,HAYIR,HAYIR
2026-08-16 19:55:48.264,0.00,0.00,0,0.0,0.0,0.000,0.0,0,HAYIR,HAYIR
2026-08-16 19:55:48.284,0.00,0.00,0,0.0,0.0,0.000,0.0,0,HAYIR,HAYIR
2026-08-16 19:55:48.304,0.00,0.00,0,0.0,0.0,0.000,0.0,0,HAYIR,HAYIR
2026-08-16 19:55:48.324,0.00,0.00,0,0.0,0.0,0.000,0.0,0,HAYIR,HAYIR
2026-08-16 19:55:48.344,0.00,0.00,0,0.0,0.0,0.000,0.0,0,HAYIR,HAYIR
2026-08-16 19:55:48.364,0.00,0.00,0,0.0,0.0,0.000,0.0,0,HAYIR,HAYIR
2026-08-16 19:55:48.384,0.00,0.00,0,0.0,0.0,0.000,0.0,0,HAYIR,HAYIR
2026-08-16 19:55:48.404,0.00,0.00,0,0.0,0.0,0.000,0.0,0,HAYIR,HAYIR
2026-08-16 19:55:48.424,0.00,0.00,0,0.0,0.0,0.000,0.0,0,HAYIR,HAYIR
2026-08-16 19:55:48.444,0.00,0.00,0,0.0,0.0,0.000,0.0,0,HAYIR,HAYIR
2026-08-16 19:55:48.465,0.00,0.00,0,0.0,0.0,0.000,0.0,0,HAYIR,HAYIR
2026-08-16 19:55:48.485,0.00,0.00,0,0.0,0.0,0.000,0.0,0,HAYIR,HAYIR
2026-08-16 19:55:48.505,0.00,0.00,0,0.0,0.0,0.000,0.0,0,HAYIR,HAYIR
2026-08-16 19:55:48.524,0.00,0.00,0,0.0,0.0,0.000,0.0,0,HAYIR,HAYIR
2026-08-16 19:55:48.544,0.00,0.00,0,0.0,0.0,0.000,0.0,0,HAYIR,HAYIR
2026-08-16 19:55:48.564,0.00,0.00,0,0.0,0.0,0.000,0.0,0,HAYIR,HAYIR
2026-08-16 19:55:48.584,0.00,0.00,0,0.0,0.0,0.000,0.0,0,HAYIR,HAYIR
2026-08-16 19:55:48.604,0.00,0.00,0,0.0,0.0,0.000,0.0,0,HAYIR,HAYIR
2026-08-16 19:55:48.624,0.00,0.00,0,0.0,0.0,0.000,0.0,0,HAYIR,HAYIR
2026-08-16 19:55:48.644,0.00,0.00,0,0.0,0.0,0.000,0.0,0,HAYIR,HAYIR
2026-08-16 19:55:48.665,0.00,0.00,0,0.0,0.0,0.000,0.0,0,HAYIR,HAYIR
2026-08-16 19:55:48.684,0.00,0.00,0,0.0,0.0,0.000,0.0,0,HAYIR,HAYIR
2026-08-16 19:55:48.704,0.00,0.00,0,0.0,0.0,0.000,0.0,0,HAYIR,HAYIR
2026-08-16 19:55:48.724,0.00,0.00,0,0.0,0.0,0.000,0.0,0,HAYIR,HAYIR
2026-08-16 19:55:48.744,0.00,0.00,0,0.0,0.0,0.000,0.0,0,HAYIR,HAYIR
2026-08-16 19:55:48.764,0.00,0.00,0,0.0,0.0,0.000,0.0,0,HAYIR,HAYIR
2026-08-16 19:55:48.784,0.00,0.00,0,0.0,0.0,0.000,0.0,0,HAYIR,HAYIR
2026-08-16 19:55:48.804,0.00,0.00,0,0.0,0.0,0.000,0.0,0,HAYIR,HAYIR
2026-08-16 19:55:48.824,0.00,0.00,0,0.0,0.0,0.000,0.0,0,HAYIR,HAYIR
2026-08-16 19:55:48.844,0.00,0.00,0,0.0,0.0,0.000,0.0,0,HAYIR,HAYIR
2026-08-16 19:55:48.864,0.00,0.00,0,0.0,0.0,0.000,0.0,0,HAYIR,HAYIR
2026-08-16 19:55:48.884,0.00,0.00,0,0.0,0.0,0.000,0.0,0,HAYIR,HAYIR
2026-08-16 19:55:48.904,0.00,0.00,0,0.0,0.0,0.000,0.0,0,HAYIR,HAYIR
2026-08-16 19:55:48.925,0.00,0.00,0,0.0,0.0,0.000,0.0,0,HAYIR,HAYIR
2026-08-16 19:55:48.944,0.00,0.00,0,0.0,0.0,0.000,0.0,0,HAYIR,HAYIR
2026-08-16 19:55:48.964,0.00,0.00,0,0.0,0.0,0.000,0.0,0,HAYIR,HAYIR
2026-08-16 19:55:48.985,0.00,0.00,0,0.0,0.0,0.000,0.0,0,HAYIR,HAYIR
2026-08-16 19:55:49.004,0.00,0.00,0,0.0,0.0,0.000,0.0,0,HAYIR,HAYIR
2026-08-16 19:55:49.025,0.00,0.00,0,0.0,0.0,0.000,0.0,0,HAYIR,HAYIR
2026-08-16 19:55:49.044,0.00,0.00,0,0.0,0.0,0.000,0.0,0,HAYIR,HAYIR
2026-08-16 19:55:49.064,0.00,0.00,0,0.0,0.0,0.000,0.0,0,HAYIR,HAYIR
2026-08-16 19:55:49.084,0.00,0.00,0,0.0,0.0,0.000,0.0,0,HAYIR,HAYIR
2026-08-16 19:55:49.104,0.00,0.00,0,0.0,0.0,0.000,0.0,0,HAYIR,HAYIR
2026-08-16 19:55:49.124,0.00,0.00,0,0.0,0.0,0.000,0.0,0,HAYIR,HAYIR
2026-08-16 19:55:49.144,0.00,0.00,0,0.0,0.0,0.000,0.0,0,HAYIR,HAYIR
2026-08-16 19:55:49.164,0.00,0.00,0,0.0,0.0,0.000,0.0,0,HAYIR,HAYIR
2026-08-16 19:55:49.184,0.00,0.00,0,0.0,0.0,0.000,0.0,0,HAYIR,HAYIR
2026-08-16 19:55:49.204,0.00,0.00,0,0.0,0.0,0.000,0.0,0,HAYIR,HAYIR
2026-08-16 19:55:49.224,0.00,0.00,0,0.0,0.0,0.000,0.0,0,HAYIR,HAYIR
2026-08-16 19:55:49.244,0.00,0.00,0,0.0,0.0,0.000,0.0,0,HAYIR,HAYIR
2026-08-16 19:55:49.264,0.00,0.00,0,0.0,0.0,0.000,0.0,0,HAYIR,HAYIR
2026-08-16 19:55:49.284,0.00,0.00,0,0.0,0.0,0.000,0.0,0,HAYIR,HAYIR
2026-08-16 19:55:49.304,0.00,0.00,0,0.0,0.0,0.000,0.0,0,HAYIR,HAYIR
2026-08-16 19:55:49.325,0.00,0.00,0,0.0,0.0,0.000,0.0,0,HAYIR,HAYIR
2026-08-16 19:55:49.344,0.00,0.00,0,0.0,0.0,0.000,0.0,0,HAYIR,HAYIR
2026-08-16 19:55:49.364,0.00,0.00,0,0.0,0.0,0.000,0.0,0,HAYIR,HAYIR
2026-08-16 19:55:49.384,0.00,0.00,0,0.0,0.0,0.000,0.0,0,HAYIR,HAYIR
2026-08-16 19:55:49.404,0.00,0.00,0,0.0,0.0,0.000,0.0,0,HAYIR,HAYIR
2026-08-16 19:55:49.424,0.00,0.00,0,0.0,0.0,0.000,0.0,0,HAYIR,HAYIR
2026-08-16 19:55:49.444,0.00,0.00,0,0.0,0.0,0.000,0.0,0,HAYIR,HAYIR
2026-08-16 19:55:49.465,0.00,0.00,0,0.0,0.0,0.000,0.0,0,HAYIR,HAYIR
2026-08-16 19:55:49.484,0.00,0.00,0,0.0,0.0,0.000,0.0,0,HAYIR,HAYIR
2026-08-16 19:55:49.505,0.00,0.00,0,0.0,0.0,0.000,0.0,0,HAYIR,HAYIR
2026-08-16 19:55:49.524,0.00,0.00,0,0.0,0.0,0.000,0.0,0,HAYIR,HAYIR
2026-08-16 19:55:49.544,0.00,0.00,0,0.0,0.0,0.000,0.0,0,HAYIR,HAYIR
2026-08-16 19:55:49.564,0.00,0.00,0,0.0,0.0,0.000,0.0,0,HAYIR,HAYIR
2026-08-16 19:55:49.584,0.00,0.00,0,0.0,0.0,0.000,0.0,0,HAYIR,HAYIR
2026-08-16 19:55:49.604,0.00,0.00,0,0.0,0.0,0.000,0.0,0,HAYIR,HAYIR
2026-08-16 19:55:49.624,0.00,0.00,0,0.0,0.0,0.000,0.0,0,HAYIR,HAYIR
2026-08-16 19:55:49.644,0.00,0.00,0,0.0,0.0,0.000,0.0,0,HAYIR,HAYIR
2026-08-16 19:55:49.664,0.00,0.00,0,0.0,0.0,0.000,0.0,0,HAYIR,HAYIR
2026-08-16 19:55:49.684,0.00,0.00,0,0.0,0.0,0.000,0.0,0,HAYIR,HAYIR
2026-08-16 19:55:49.704,0.00,0.00,0,0.0,0.0,0.000,0.0,0,HAYIR,HAYIR
2026-08-16 19:55:49.724,0.00,0.00,0,0.0,0.0,0.000,0.0,0,HAYIR,HAYIR
2026-08-16 19:55:49.744,0.00,0.00,0,0.0,0.0,0.000,0.0,0,HAYIR,HAYIR
2026-08-16 19:55:49.764,0.00,0.00,0,0.0,0.0,0.000,0.0,0,HAYIR,HAYIR
2026-08-16 19:55:49.784,0.00,0.00,0,0.0,0.0,0.000,0.0,0,HAYIR,HAYIR
2026-08-16 19:55:49.804,0.00,0.00,0,0.0,0.0,0.000,0.0,0,HAYIR,HAYIR
2026-08-16 19:55:49.824,0.00,0.00,0,0.0,0.0,0.000,0.0,0,HAYIR,HAYIR
2026-08-16 19:55:49.844,0.00,0.00,0,0.0,0.0,0.000,0.0,0,HAYIR,HAYIR
2026-08-16 19:55:49.864,0.00,0.00,0,0.0,0.0,0.000,0.0,0,HAYIR,HAYIR
2026-08-16 19:55:49.884,0.00,0.00,0,0.0,0.0,0.000,0.0,0,HAYIR,HAYIR
2026-08-16 19:55:49.904,0.00,0.00,0,0.0,0.0,0.000,0.0,0,HAYIR,HAYIR
2026-08-16 19:55:49.924,0.00,0.00,0,0.0,0.0,0.000,0.0,0,HAYIR,HAYIR
2026-08-16 19:55:49.945,0.00,0.00,0,0.0,0.0,0.000,0.0,0,HAYIR,HAYIR
2026-08-16 19:55:49.964,0.00,0.00,0,0.0,0.0,0.000,0.0,0,HAYIR,HAYIR
2026-08-16 19:55:49.985,0.00,0.00,0,0.0,0.0,0.000,0.0,0,HAYIR,HAYIR
2026-08-16 19:55:50.004,0.00,0.00,0,0.0,0.0,0.000,0.0,0,HAYIR,HAYIR
2026-08-16 19:55:50.024,0.00,0.00,0,0.0,0.0,0.000,0.0,0,HAYIR,HAYIR
2026-08-16 19:55:50.044,0.00,0.00,0,0.0,0.0,0.000,0.0,0,HAYIR,HAYIR
2026-08-16 19:55:50.064,0.00,0.00,0,0.0,0.0,0.000,0.0,0,HAYIR,HAYIR
2026-08-16 19:55:50.084,0.00,0.00,0,0.0,0.0,0.000,0.0,0,HAYIR,HAYIR
2026-08-16 19:55:50.104,0.00,0.00,0,0.0,0.0,0.000,0.0,0,HAYIR,HAYIR
2026-08-16 19:55:50.124,0.00,0.00,0,0.0,0.0,0.000,0.0,0,HAYIR,HAYIR
2026-08-16 19:55:50.144,0.00,0.00,0,0.0,0.0,0.000,0.0,0,HAYIR,HAYIR
2026-08-16 19:55:50.164,0.00,0.00,0,0.0,0.0,0.000,0.0,0,HAYIR,HAYIR
2026-08-16 19:55:50.184,0.00,0.00,0,0.0,0.0,0.000,0.0,0,HAYIR,HAYIR
2026-08-16 19:55:50.204,0.00,0.00,0,0.0,0.0,0.000,0.0,0,HAYIR,HAYIR
2026-08-16 19:55:50.224,0.00,0.00,0,0.0,0.0,0.000,0.0,0,HAYIR,HAYIR
2026-08-16 19:55:50.244,0.00,0.00,0,0.0,0.0,0.000,0.0,0,HAYIR,HAYIR
2026-08-16 19:55:50.264,0.00,0.00,0,0.0,0.0,0.000,0.0,0,HAYIR,HAYIR
2026-08-16 19:55:50.284,0.00,0.00,0,0.0,0.0,0.000,0.0,0,HAYIR,HAYIR
2026-08-16 19:55:50.305,0.00,0.00,0,0.0,0.0,0.000,0.0,0,HAYIR,HAYIR
2026-08-16 19:55:50.325,0.00,0.00,0,0.0,0.0,0.000,0.0,0,HAYIR,HAYIR
2026-08-16 19:55:50.344,0.00,0.00,0,0.0,0.0,0.000,0.0,0,HAYIR,HAYIR
2026-08-16 19:55:50.364,0.00,0.00,0,0.0,0.0,0.000,0.0,0,HAYIR,HAYIR
2026-08-16 19:55:50.384,0.00,0.00,0,0.0,0.0,0.000,0.0,0,HAYIR,HAYIR
2026-08-16 19:55:50.404,0.00,0.00,0,0.0,0.0,0.000,0.0,0,HAYIR,HAYIR
2026-08-16 19:55:50.424,0.00,0.00,0,0.0,0.0,0.000,0.0,0,HAYIR,HAYIR
2026-08-16 19:55:50.444,0.00,0.00,0,0.0,0.0,0.000,0.0,0,HAYIR,HAYIR
2026-08-16 19:55:50.464,0.00,0.00,0,0.0,0.0,0.000,0.0,0,HAYIR,HAYIR
2026-08-16 19:55:50.485,0.00,0.00,0,0.0,0.0,0.000,0.0,0,HAYIR,HAYIR
2026-08-16 19:55:50.504,0.00,0.00,0,0.0,0.0,0.000,0.0,0,HAYIR,HAYIR
2026-08-16 19:55:50.524,0.00,0.00,0,0.0,0.0,0.000,0.0,0,HAYIR,HAYIR
2026-08-16 19:55:50.544,0.00,0.00,0,0.0,0.0,0.000,0.0,0,HAYIR,HAYIR
2026-08-16 19:55:50.564,0.00,0.00,0,0.0,0.0,0.000,0.0,0,HAYIR,HAYIR
2026-08-16 19:55:50.584,0.00,0.00,0,0.0,0.0,0.000,0.0,0,HAYIR,HAYIR
2026-08-16 19:55:50.604,0.00,0.00,0,0.0,0.0,0.000,0.0,0,HAYIR,HAYIR
2026-08-16 19:55:50.624,0.00,0.00,0,0.0,0.0,0.000,0.0,0,HAYIR,HAYIR
2026-08-16 19:55:50.644,0.00,0.00,0,0.0,0.0,0.000,0.0,0,HAYIR,HAYIR
2026-08-16 19:55:50.665,0.00,0.00,0,0.0,0.0,0.000,0.0,0,HAYIR,HAYIR
2026-08-16 19:55:50.684,0.00,0.00,0,0.0,0.0,0.000,0.0,0,HAYIR,HAYIR
2026-08-16 19:55:50.704,0.00,0.00,0,0.0,0.0,0.000,0.0,0,HAYIR,HAYIR
2026-08-16 19:55:50.724,0.00,0.00,0,0.0,0.0,0.000,0.0,0,HAYIR,HAYIR
2026-08-16 19:55:50.744,0.00,0.00,0,0.0,0.0,0.000,0.0,0,HAYIR,HAYIR
2026-08-16 19:55:50.764,0.00,0.00,0,0.0,0.0,0.000,0.0,0,HAYIR,HAYIR
2026-08-16 19:55:50.784,0.00,0.00,0,0.0,0.0,0.000,0.0,0,HAYIR,HAYIR
2026-08-16 19:55:50.804,0.00,0.00,0,0.0,0.0,0.000,0.0,0,HAYIR,HAYIR
2026-08-16 19:55:50.824,0.00,0.00,0,0.0,0.0,0.000,0.0,0,HAYIR,HAYIR
2026-08-16 19:55:50.844,0.00,0.00,0,0.0,0.0,0.000,0.0,0,HAYIR,HAYIR
2026-08-16 19:55:50.864,0.00,0.00,0,0.0,0.0,0.000,0.0,0,HAYIR,HAYIR
2026-08-16 19:55:50.884,0.00,0.00,0,0.0,0.0,0.000,0.0,0,HAYIR,HAYIR
2026-08-16 19:55:50.904,0.00,0.00,0,0.0,0.0,0.000,0.0,0,HAYIR,HAYIR
2026-08-16 19:55:50.924,0.00,0.00,0,0.0,0.0,0.000,0.0,0,HAYIR,HAYIR
2026-08-16 19:55:50.944,0.00,0.00,0,0.0,0.0,0.000,0.0,0,HAYIR,HAYIR
2026-08-16 19:55:50.965,0.00,0.00,0,0.0,0.0,0.000,0.0,0,HAYIR,HAYIR
2026-08-16 19:55:50.984,0.00,0.00,0,0.0,0.0,0.000,0.0,0,HAYIR,HAYIR
2026-08-16 19:55:51.004,0.00,0.00,0,0.0,0.0,0.000,0.0,0,HAYIR,HAYIR
2026-08-16 19:55:51.024,0.00,0.00,0,0.0,0.0,0.000,0.0,0,HAYIR,HAYIR
2026-08-16 19:55:51.044,0.00,0.00,0,0.0,0.0,0.000,0.0,0,HAYIR,HAYIR
2026-08-16 19:55:51.064,0.00,0.00,0,0.0,0.0,0.000,0.0,0,HAYIR,HAYIR
2026-08-16 19:55:51.084,0.00,0.00,0,0.0,0.0,0.000,0.0,0,HAYIR,HAYIR
2026-08-16 19:55:51.104,0.00,0.00,0,0.0,0.0,0.000,0.0,0,HAYIR,HAYIR
2026-08-16 19:55:51.124,0.00,0.00,0,0.0,0.0,0.000,0.0,0,HAYIR,HAYIR
2026-08-16 19:55:51.144,0.00,0.00,0,0.0,0.0,0.000,0.0,0,HAYIR,HAYIR
2026-08-16 19:55:51.165,0.00,0.00,0,0.0,0.0,0.000,0.0,0,HAYIR,HAYIR
2026-08-16 19:55:51.184,0.00,0.00,0,0.0,0.0,0.000,0.0,0,HAYIR,HAYIR
2026-08-16 19:55:51.205,0.00,0.00,0,0.0,0.0,0.000,0.0,0,HAYIR,HAYIR
2026-08-16 19:55:51.224,0.00,0.00,0,0.0,0.0,0.000,0.0,0,HAYIR,HAYIR
2026-08-16 19:55:51.244,0.00,0.00,0,0.0,0.0,0.000,0.0,0,HAYIR,HAYIR
2026-08-16 19:55:51.264,0.00,0.00,0,0.0,0.0,0.000,0.0,0,HAYIR,HAYIR
2026-08-16 19:55:51.284,0.00,0.00,0,0.0,0.0,0.000,0.0,0,HAYIR,HAYIR
2026-08-16 19:55:51.304,0.00,0.00,0,0.0,0.0,0.000,0.0,0,HAYIR,HAYIR
2026-08-16 19:55:51.324,0.00,0.00,0,0.0,0.0,0.000,0.0,0,HAYIR,HAYIR
2026-08-16 19:55:51.344,0.00,0.00,0,0.0,0.0,0.000,0.0,0,HAYIR,HAYIR
2026-08-16 19:55:51.364,0.00,0.00,0,0.0,0.0,0.000,0.0,0,HAYIR,HAYIR
2026-08-16 19:55:51.384,0.00,0.00,0,0.0,0.0,0.000,0.0,0,HAYIR,HAYIR
2026-08-16 19:55:51.404,0.00,0.00,0,0.0,0.0,0.000,0.0,0,HAYIR,HAYIR
2026-08-16 19:55:51.424,0.00,0.00,0,0.0,0.0,0.000,0.0,0,HAYIR,HAYIR
2026-08-16 19:55:51.444,0.00,0.00,0,0.0,0.0,0.000,0.0,0,HAYIR,HAYIR
2026-08-16 19:55:51.464,0.00,0.00,0,0.0,0.0,0.000,0.0,0,HAYIR,HAYIR
2026-08-16 19:55:51.484,0.00,0.00,0,0.0,0.0,0.000,0.0,0,HAYIR,HAYIR
2026-08-16 19:55:51.504,0.00,0.00,0,0.0,0.0,0.000,0.0,0,HAYIR,HAYIR
2026-08-16 19:55:51.524,0.00,0.00,0,0.0,0.0,0.000,0.0,0,HAYIR,HAYIR
2026-08-16 19:55:51.544,0.00,0.00,0,0.0,0.0,0.000,0.0,0,HAYIR,HAYIR
2026-08-16 19:55:51.564,0.00,0.00,0,0.0,0.0,0.000,0.0,0,HAYIR,HAYIR
2026-08-16 19:55:51.584,0.00,0.00,0,0.0,0.0,0.000,0.0,0,HAYIR,HAYIR
2026-08-16 19:55:51.604,0.00,0.00,0,0.0,0.0,0.000,0.0,0,HAYIR,HAYIR
2026-08-16 19:55:51.624,0.00,0.00,0,0.0,0.0,0.000,0.0,0,HAYIR,HAYIR
2026-08-16 19:55:51.644,0.00,0.00,0,0.0,0.0,0.000,0.0,0,HAYIR,HAYIR
2026-08-16 19:55:51.664,0.00,0.00,0,0.0,0.0,0.000,0.0,0,HAYIR,HAYIR
2026-08-16 19:55:51.684,0.00,0.00,0,0.0,0.0,0.000,0.0,0,HAYIR,HAYIR
2026-08-16 19:55:51.704,0.00,0.00,0,0.0,0.0,0.000,0.0,0,HAYIR,HAYIR
2026-08-16 19:55:51.725,0.00,0.00,0,0.0,0.0,0.000,0.0,0,HAYIR,HAYIR
2026-08-16 19:55:51.744,0.00,0.00,0,0.0,0.0,0.000,0.0,0,HAYIR,HAYIR
2026-08-16 19:55:51.764,0.00,0.00,0,0.0,0.0,0.000,0.0,0,HAYIR,HAYIR
2026-08-16 19:55:51.784,0.00,0.00,0,0.0,0.0,0.000,0.0,0,HAYIR,HAYIR
2026-08-16 19:55:51.804,0.00,0.00,0,0.0,0.0,0.000,0.0,0,HAYIR,HAYIR
2026-08-16 19:55:51.824,0.00,0.00,0,0.0,0.0,0.000,0.0,0,HAYIR,HAYIR
2026-08-16 19:55:51.844,0.00,0.00,0,0.0,0.0,0.000,0.0,0,HAYIR,HAYIR
2026-08-16 19:55:51.865,0.00,0.00,0,0.0,0.0,0.000,0.0,0,HAYIR,HAYIR
2026-08-16 19:55:51.884,0.00,0.00,0,0.0,0.0,0.000,0.0,0,HAYIR,HAYIR
2026-08-16 19:55:51.904,0.00,0.00,0,0.0,0.0,0.000,0.0,0,HAYIR,HAYIR
2026-08-16 19:55:51.924,0.00,0.00,0,0.0,0.0,0.000,0.0,0,HAYIR,HAYIR
2026-08-16 19:55:51.944,0.00,0.00,0,0.0,0.0,0.000,0.0,0,HAYIR,HAYIR
2026-08-16 19:55:51.965,0.00,0.00,0,0.0,0.0,0.000,0.0,0,HAYIR,HAYIR
2026-08-16 19:55:51.984,0.00,0.00,0,0.0,0.0,0.000,0.0,0,HAYIR,HAYIR
2026-08-16 19:55:52.005,0.00,0.00,0,0.0,0.0,0.000,0.0,0,HAYIR,HAYIR
2026-08-16 19:55:52.025,0.00,0.00,0,0.0,0.0,0.000,0.0,0,HAYIR,HAYIR
2026-08-16 19:55:52.044,0.00,0.00,0,0.0,0.0,0.000,0.0,0,HAYIR,HAYIR
2026-08-16 19:55:52.064,0.00,0.00,0,0.0,0.0,0.000,0.0,0,HAYIR,HAYIR
2026-08-16 19:55:52.084,0.00,0.00,0,0.0,0.0,0.000,0.0,0,HAYIR,HAYIR
2026-08-16 19:55:52.104,0.00,0.00,0,0.0,0.0,0.000,0.0,0,HAYIR,HAYIR
2026-08-16 19:55:52.124,0.00,0.00,0,0.0,0.0,0.000,0.0,0,HAYIR,HAYIR
2026-08-16 19:55:52.144,0.00,0.00,0,0.0,0.0,0.000,0.0,0,HAYIR,HAYIR
2026-08-16 19:55:52.165,0.00,0.00,0,0.0,0.0,0.000,0.0,0,HAYIR,HAYIR
2026-08-16 19:55:52.184,0.00,0.00,0,0.0,0.0,0.000,0.0,0,HAYIR,HAYIR
2026-08-16 19:55:52.204,0.00,0.00,0,0.0,0.0,0.000,0.0,0,HAYIR,HAYIR
2026-08-16 19:55:52.224,0.00,0.00,0,0.0,0.0,0.000,0.0,0,HAYIR,HAYIR
2026-08-16 19:55:52.244,0.00,0.00,0,0.0,0.0,0.000,0.0,0,HAYIR,HAYIR
2026-08-16 19:55:52.265,0.00,0.00,0,0.0,0.0,0.000,0.0,0,HAYIR,HAYIR
2026-08-16 19:55:52.284,0.00,0.00,0,0.0,0.0,0.000,0.0,0,HAYIR,HAYIR
2026-08-16 19:55:52.304,0.00,0.00,0,0.0,0.0,0.000,0.0,0,HAYIR,HAYIR
2026-08-16 19:55:52.324,0.00,0.00,0,0.0,0.0,0.000,0.0,0,HAYIR,HAYIR
2026-08-16 19:55:52.344,0.00,0.00,0,0.0,0.0,0.000,0.0,0,HAYIR,HAYIR
2026-08-16 19:55:52.364,0.00,0.00,0,0.0,0.0,0.000,0.0,0,HAYIR,HAYIR
2026-08-16 19:55:52.384,0.00,0.00,0,0.0,0.0,0.000,0.0,0,HAYIR,HAYIR
2026-08-16 19:55:52.404,0.00,0.00,0,0.0,0.0,0.000,0.0,0,HAYIR,HAYIR
2026-08-16 19:55:52.424,0.00,0.00,0,0.0,0.0,0.000,0.0,0,HAYIR,HAYIR
2026-08-16 19:55:52.444,0.00,0.00,0,0.0,0.0,0.000,0.0,0,HAYIR,HAYIR
2026-08-16 19:55:52.465,0.00,0.00,0,0.0,0.0,0.000,0.0,0,HAYIR,HAYIR
2026-08-16 19:55:52.485,0.00,0.00,0,0.0,0.0,0.000,0.0,0,HAYIR,HAYIR
2026-08-16 19:55:52.504,0.00,0.00,0,0.0,0.0,0.000,0.0,0,HAYIR,HAYIR
2026-08-16 19:55:52.525,0.00,0.00,0,0.0,0.0,0.000,0.0,0,HAYIR,HAYIR
2026-08-16 19:55:52.544,0.00,0.00,0,0.0,0.0,0.000,0.0,0,HAYIR,HAYIR
2026-08-16 19:55:52.564,0.00,0.00,0,0.0,0.0,0.000,0.0,0,HAYIR,HAYIR
2026-08-16 19:55:52.584,0.00,0.00,0,0.0,0.0,0.000,0.0,0,HAYIR,HAYIR
2026-08-16 19:55:52.604,0.00,0.00,0,0.0,0.0,0.000,0.0,0,HAYIR,HAYIR
2026-08-16 19:55:52.624,0.00,0.00,0,0.0,0.0,0.000,0.0,0,HAYIR,HAYIR
2026-08-16 19:55:52.644,0.00,0.00,0,0.0,0.0,0.000,0.0,0,HAYIR,HAYIR
2026-08-16 19:55:52.664,0.00,0.00,0,0.0,0.0,0.000,0.0,0,HAYIR,HAYIR
2026-08-16 19:55:52.684,0.00,0.00,0,0.0,0.0,0.000,0.0,0,HAYIR,HAYIR
2026-08-16 19:55:52.704,0.00,0.00,0,0.0,0.0,0.000,0.0,0,HAYIR,HAYIR
2026-08-16 19:55:52.724,0.00,0.00,0,0.0,0.0,0.000,0.0,0,HAYIR,HAYIR
2026-08-16 19:55:52.744,0.00,0.00,0,0.0,0.0,0.000,0.0,0,HAYIR,HAYIR
2026-08-16 19:55:52.764,0.00,0.00,0,0.0,0.0,0.000,0.0,0,HAYIR,HAYIR
2026-08-16 19:55:52.784,0.00,0.00,0,0.0,0.0,0.000,0.0,0,HAYIR,HAYIR
2026-08-16 19:55:52.804,0.00,0.00,0,0.0,0.0,0.000,0.0,0,HAYIR,HAYIR
2026-08-16 19:55:52.824,0.00,0.00,0,0.0,0.0,0.000,0.0,0,HAYIR,HAYIR
2026-08-16 19:55:52.844,0.00,0.00,0,0.0,0.0,0.000,0.0,0,HAYIR,HAYIR
2026-08-16 19:55:52.864,0.00,0.00,0,0.0,0.0,0.000,0.0,0,HAYIR,HAYIR
2026-08-16 19:55:52.884,0.00,0.00,0,0.0,0.0,0.000,0.0,0,HAYIR,HAYIR
2026-08-16 19:55:52.904,0.00,0.00,0,0.0,0.0,0.000,0.0,0,HAYIR,HAYIR
2026-08-16 19:55:52.924,0.00,0.00,0,0.0,0.0,0.000,0.0,0,HAYIR,HAYIR
2026-08-16 19:55:52.944,0.00,0.00,0,0.0,0.0,0.000,0.0,0,HAYIR,HAYIR
2026-08-16 19:55:52.964,0.00,0.00,0,0.0,0.0,0.000,0.0,0,HAYIR,HAYIR
2026-08-16 19:55:52.984,0.00,0.00,0,0.0,0.0,0.000,0.0,0,HAYIR,HAYIR
2026-08-16 19:55:53.004,0.00,0.00,0,0.0,0.0,0.000,0.0,0,HAYIR,HAYIR
2026-08-16 19:55:53.024,0.00,0.00,0,0.0,0.0,0.000,0.0,0,HAYIR,HAYIR
2026-08-16 19:55:53.044,0.00,0.00,0,0.0,0.0,0.000,0.0,0,HAYIR,HAYIR
2026-08-16 19:55:53.064,0.00,0.00,0,0.0,0.0,0.000,0.0,0,HAYIR,HAYIR
2026-08-16 19:55:53.084,0.00,0.00,0,0.0,0.0,0.000,0.0,0,HAYIR,HAYIR
2026-08-16 19:55:53.104,0.00,0.00,0,0.0,0.0,0.000,0.0,0,HAYIR,HAYIR
2026-08-16 19:55:53.124,0.00,0.00,0,0.0,0.0,0.000,0.0,0,HAYIR,HAYIR
2026-08-16 19:55:53.144,0.00,0.00,0,0.0,0.0,0.000,0.0,0,HAYIR,HAYIR
2026-08-16 19:55:53.164,0.00,0.00,0,0.0,0.0,0.000,0.0,0,HAYIR,HAYIR
2026-08-16 19:55:53.184,0.00,0.00,0,0.0,0.0,0.000,0.0,0,HAYIR,HAYIR
2026-08-16 19:55:53.204,0.00,0.00,0,0.0,0.0,0.000,0.0,0,HAYIR,HAYIR
2026-08-16 19:55:53.224,0.00,0.00,0,0.0,0.0,0.000,0.0,0,HAYIR,HAYIR
2026-08-16 19:55:53.244,0.00,0.00,0,0.0,0.0,0.000,0.0,0,HAYIR,HAYIR
2026-08-16 19:55:53.264,0.00,0.00,0,0.0,0.0,0.000,0.0,0,HAYIR,HAYIR
2026-08-16 19:55:53.284,0.00,0.00,0,0.0,0.0,0.000,0.0,0,HAYIR,HAYIR
2026-08-16 19:55:53.304,0.00,0.00,0,0.0,0.0,0.000,0.0,0,HAYIR,HAYIR
2026-08-16 19:55:53.324,0.00,0.00,0,0.0,0.0,0.000,0.0,0,HAYIR,HAYIR
2026-08-16 19:55:53.344,0.00,0.00,0,0.0,0.0,0.000,0.0,0,HAYIR,HAYIR
2026-08-16 19:55:53.364,0.00,0.00,0,0.0,0.0,0.000,0.0,0,HAYIR,HAYIR
2026-08-16 19:55:53.384,0.00,0.00,0,0.0,0.0,0.000,0.0,0,HAYIR,HAYIR
2026-08-16 19:55:53.404,0.00,0.00,0,0.0,0.0,0.000,0.0,0,HAYIR,HAYIR
2026-08-16 19:55:53.424,0.00,0.00,0,0.0,0.0,0.000,0.0,0,HAYIR,HAYIR
2026-08-16 19:55:53.444,0.00,0.00,0,0.0,0.0,0.000,0.0,0,HAYIR,HAYIR
2026-08-16 19:55:53.465,0.00,0.00,0,0.0,0.0,0.000,0.0,0,HAYIR,HAYIR
2026-08-16 19:55:53.485,0.00,0.00,0,0.0,0.0,0.000,0.0,0,HAYIR,HAYIR
2026-08-16 19:55:53.504,0.00,0.00,0,0.0,0.0,0.000,0.0,0,HAYIR,HAYIR
2026-08-16 19:55:53.524,0.00,0.00,0,0.0,0.0,0.000,0.0,0,HAYIR,HAYIR
2026-08-16 19:55:53.545,0.00,0.00,0,0.0,0.0,0.000,0.0,0,HAYIR,HAYIR
2026-08-16 19:55:53.564,0.00,0.00,0,0.0,0.0,0.000,0.0,0,HAYIR,HAYIR
2026-08-16 19:55:53.584,0.00,0.00,0,0.0,0.0,0.000,0.0,0,HAYIR,HAYIR
2026-08-16 19:55:53.604,0.00,0.00,0,0.0,0.0,0.000,0.0,0,HAYIR,HAYIR
2026-08-16 19:55:53.624,0.00,0.00,0,0.0,0.0,0.000,0.0,0,HAYIR,HAYIR
2026-08-16 19:55:53.645,0.00,0.00,0,0.0,0.0,0.000,0.0,0,HAYIR,HAYIR
2026-08-16 19:55:53.664,0.00,0.00,0,0.0,0.0,0.000,0.0,0,HAYIR,HAYIR
2026-08-16 19:55:53.684,0.00,0.00,0,0.0,0.0,0.000,0.0,0,HAYIR,HAYIR
2026-08-16 19:55:53.704,0.00,0.00,0,0.0,0.0,0.000,0.0,0,HAYIR,HAYIR
2026-08-16 19:55:53.724,0.00,0.00,0,0.0,0.0,0.000,0.0,0,HAYIR,HAYIR
2026-08-16 19:55:53.744,0.00,0.00,0,0.0,0.0,0.000,0.0,0,HAYIR,HAYIR
2026-08-16 19:55:53.764,0.00,0.00,0,0.0,0.0,0.000,0.0,0,HAYIR,HAYIR
2026-08-16 19:55:53.784,0.00,0.00,0,0.0,0.0,0.000,0.0,0,HAYIR,HAYIR
2026-08-16 19:55:53.804,0.00,0.00,0,0.0,0.0,0.000,0.0,0,HAYIR,HAYIR
2026-08-16 19:55:53.825,0.00,0.00,0,0.0,0.0,0.000,0.0,0,HAYIR,HAYIR
2026-08-16 19:55:53.844,0.00,0.00,0,0.0,0.0,0.000,0.0,0,HAYIR,HAYIR
2026-08-16 19:55:53.864,0.00,0.00,0,0.0,0.0,0.000,0.0,0,HAYIR,HAYIR
2026-08-16 19:55:53.884,0.00,0.00,0,0.0,0.0,0.000,0.0,0,HAYIR,HAYIR
2026-08-16 19:55:53.904,0.00,0.00,0,0.0,0.0,0.000,0.0,0,HAYIR,HAYIR
2026-08-16 19:55:53.924,0.00,0.00,0,0.0,0.0,0.000,0.0,0,HAYIR,HAYIR
2026-08-16 19:55:53.944,0.00,0.00,0,0.0,0.0,0.000,0.0,0,HAYIR,HAYIR
2026-08-16 19:55:53.965,0.00,0.00,0,0.0,0.0,0.000,0.0,0,HAYIR,HAYIR
2026-08-16 19:55:53.984,0.00,0.00,0,0.0,0.0,0.000,0.0,0,HAYIR,HAYIR
2026-08-16 19:55:54.004,0.00,0.00,0,0.0,0.0,0.000,0.0,0,HAYIR,HAYIR
2026-08-16 19:55:54.024,0.00,0.00,0,0.0,0.0,0.000,0.0,0,HAYIR,HAYIR
2026-08-16 19:55:54.044,0.00,0.00,0,0.0,0.0,0.000,0.0,0,HAYIR,HAYIR
2026-08-16 19:55:54.065,0.00,0.00,0,0.0,0.0,0.000,0.0,0,HAYIR,HAYIR
2026-08-16 19:55:54.084,0.00,0.00,0,0.0,0.0,0.000,0.0,0,HAYIR,HAYIR
2026-08-16 19:55:54.104,0.00,0.00,0,0.0,0.0,0.000,0.0,0,HAYIR,HAYIR
2026-08-16 19:55:54.124,0.00,0.00,0,0.0,0.0,0.000,0.0,0,HAYIR,HAYIR
2026-08-16 19:55:54.144,0.00,0.00,0,0.0,0.0,0.000,0.0,0,HAYIR,HAYIR
2026-08-16 19:55:54.164,0.00,0.00,0,0.0,0.0,0.000,0.0,0,HAYIR,HAYIR
2026-08-16 19:55:54.184,0.00,0.00,0,0.0,0.0,0.000,0.0,0,HAYIR,HAYIR
2026-08-16 19:55:54.204,0.00,0.00,0,0.0,0.0,0.000,0.0,0,HAYIR,HAYIR
2026-08-16 19:55:54.224,0.00,0.00,0,0.0,0.0,0.000,0.0,0,HAYIR,HAYIR
2026-08-16 19:55:54.244,0.00,0.00,0,0.0,0.0,0.000,0.0,0,HAYIR,HAYIR
2026-08-16 19:55:54.264,0.00,0.00,0,0.0,0.0,0.000,0.0,0,HAYIR,HAYIR
2026-08-16 19:55:54.284,0.00,0.00,0,0.0,0.0,0.000,0.0,0,HAYIR,HAYIR
2026-08-16 19:55:54.304,0.00,0.00,0,0.0,0.0,0.000,0.0,0,HAYIR,HAYIR
2026-08-16 19:55:54.324,0.00,0.00,0,0.0,0.0,0.000,0.0,0,HAYIR,HAYIR
2026-08-16 19:55:54.344,0.00,0.00,0,0.0,0.0,0.000,0.0,0,HAYIR,HAYIR
2026-08-16 19:55:54.364,0.00,0.00,0,0.0,0.0,0.000,0.0,0,HAYIR,HAYIR
2026-08-16 19:55:54.384,0.00,0.00,0,0.0,0.0,0.000,0.0,0,HAYIR,HAYIR
2026-08-16 19:55:54.404,0.00,0.00,0,0.0,0.0,0.000,0.0,0,HAYIR,HAYIR
2026-08-16 19:55:54.424,0.00,0.00,0,0.0,0.0,0.000,0.0,0,HAYIR,HAYIR
2026-08-16 19:55:54.444,0.00,0.00,0,0.0,0.0,0.000,0.0,0,HAYIR,HAYIR
2026-08-16 19:55:54.465,0.00,0.00,0,0.0,0.0,0.000,0.0,0,HAYIR,HAYIR
2026-08-16 19:55:54.485,0.00,0.00,0,0.0,0.0,0.000,0.0,0,HAYIR,HAYIR
2026-08-16 19:55:54.505,0.00,0.00,0,0.0,0.0,0.000,0.0,0,HAYIR,HAYIR
2026-08-16 19:55:54.524,0.00,0.00,0,0.0,0.0,0.000,0.0,0,HAYIR,HAYIR
2026-08-16 19:55:54.544,0.00,0.00,0,0.0,0.0,0.000,0.0,0,HAYIR,HAYIR
2026-08-16 19:55:54.564,0.00,0.00,0,0.0,0.0,0.000,0.0,0,HAYIR,HAYIR
2026-08-16 19:55:54.584,0.00,0.00,0,0.0,0.0,0.000,0.0,0,HAYIR,HAYIR
2026-08-16 19:55:54.604,0.00,0.00,0,0.0,0.0,0.000,0.0,0,HAYIR,HAYIR
2026-08-16 19:55:54.624,0.00,0.00,0,0.0,0.0,0.000,0.0,0,HAYIR,HAYIR
2026-08-16 19:55:54.644,0.00,0.00,0,0.0,0.0,0.000,0.0,0,HAYIR,HAYIR
2026-08-16 19:55:54.664,0.00,0.00,0,0.0,0.0,0.000,0.0,0,HAYIR,HAYIR
2026-08-16 19:55:54.684,0.00,0.00,0,0.0,0.0,0.000,0.0,0,HAYIR,HAYIR
2026-08-16 19:55:54.704,0.00,0.00,0,0.0,0.0,0.000,0.0,0,HAYIR,HAYIR
2026-08-16 19:55:54.724,0.00,0.00,0,0.0,0.0,0.000,0.0,0,HAYIR,HAYIR
2026-08-16 19:55:54.744,0.00,0.00,0,0.0,0.0,0.000,0.0,0,HAYIR,HAYIR
2026-08-16 19:55:54.764,0.00,0.00,0,0.0,0.0,0.000,0.0,0,HAYIR,HAYIR
2026-08-16 19:55:54.784,0.00,0.00,0,0.0,0.0,0.000,0.0,0,HAYIR,HAYIR
2026-08-16 19:55:54.804,0.00,0.00,0,0.0,0.0,0.000,0.0,0,HAYIR,HAYIR
2026-08-16 19:55:54.824,0.00,0.00,0,0.0,0.0,0.000,0.0,0,HAYIR,HAYIR
2026-08-16 19:55:54.844,0.00,0.00,0,0.0,0.0,0.000,0.0,0,HAYIR,HAYIR
2026-08-16 19:55:54.864,0.00,0.00,0,0.0,0.0,0.000,0.0,0,HAYIR,HAYIR
2026-08-16 19:55:54.884,0.00,0.00,0,0.0,0.0,0.000,0.0,0,HAYIR,HAYIR
2026-08-16 19:55:54.904,0.00,0.00,0,0.0,0.0,0.000,0.0,0,HAYIR,HAYIR
2026-08-16 19:55:54.924,0.00,0.00,0,0.0,0.0,0.000,0.0,0,HAYIR,HAYIR
2026-08-16 19:55:54.944,0.00,0.00,0,0.0,0.0,0.000,0.0,0,HAYIR,HAYIR
2026-08-16 19:55:54.964,0.00,0.00,0,0.0,0.0,0.000,0.0,0,HAYIR,HAYIR
2026-08-16 19:55:54.984,0.00,0.00,0,0.0,0.0,0.000,0.0,0,HAYIR,HAYIR
2026-08-16 19:55:55.004,0.00,0.00,0,0.0,0.0,0.000,0.0,0,HAYIR,HAYIR
2026-08-16 19:55:55.024,0.00,0.00,0,0.0,0.0,0.000,0.0,0,HAYIR,HAYIR
2026-08-16 19:55:55.044,0.00,0.00,0,0.0,0.0,0.000,0.0,0,HAYIR,HAYIR
2026-08-16 19:55:55.065,0.00,0.00,0,0.0,0.0,0.000,0.0,0,HAYIR,HAYIR
2026-08-16 19:55:55.084,0.00,0.00,0,0.0,0.0,0.000,0.0,0,HAYIR,HAYIR
2026-08-16 19:55:55.104,0.00,0.00,0,0.0,0.0,0.000,0.0,0,HAYIR,HAYIR
2026-08-16 19:55:55.124,0.00,0.00,0,0.0,0.0,0.000,0.0,0,HAYIR,HAYIR
2026-08-16 19:55:55.144,0.00,0.00,0,0.0,0.0,0.000,0.0,0,HAYIR,HAYIR
2026-08-16 19:55:55.165,0.00,0.00,0,0.0,0.0,0.000,0.0,0,HAYIR,HAYIR
2026-08-16 19:55:55.184,0.00,0.00,0,0.0,0.0,0.000,0.0,0,HAYIR,HAYIR
2026-08-16 19:55:55.204,0.00,0.00,0,0.0,0.0,0.000,0.0,0,HAYIR,HAYIR
2026-08-16 19:55:55.224,0.00,0.00,0,0.0,0.0,0.000,0.0,0,HAYIR,HAYIR
2026-08-16 19:55:55.244,0.00,0.00,0,0.0,0.0,0.000,0.0,0,HAYIR,HAYIR
2026-08-16 19:55:55.264,0.00,0.00,0,0.0,0.0,0.000,0.0,0,HAYIR,HAYIR
2026-08-16 19:55:55.284,0.00,0.00,0,0.0,0.0,0.000,0.0,0,HAYIR,HAYIR
2026-08-16 19:55:55.304,0.00,0.00,0,0.0,0.0,0.000,0.0,0,HAYIR,HAYIR
2026-08-16 19:55:55.324,0.00,0.00,0,0.0,0.0,0.000,0.0,0,HAYIR,HAYIR
2026-08-16 19:55:55.344,0.00,0.00,0,0.0,0.0,0.000,0.0,0,HAYIR,HAYIR
2026-08-16 19:55:55.364,0.00,0.00,0,0.0,0.0,0.000,0.0,0,HAYIR,HAYIR
2026-08-16 19:55:55.384,0.00,0.00,0,0.0,0.0,0.000,0.0,0,HAYIR,HAYIR
2026-08-16 19:55:55.404,0.00,0.00,0,0.0,0.0,0.000,0.0,0,HAYIR,HAYIR
2026-08-16 19:55:55.424,0.00,0.00,0,0.0,0.0,0.000,0.0,0,HAYIR,HAYIR
2026-08-16 19:55:55.444,0.00,0.00,0,0.0,0.0,0.000,0.0,0,HAYIR,HAYIR
2026-08-16 19:55:55.465,0.00,0.00,0,0.0,0.0,0.000,0.0,0,HAYIR,HAYIR
2026-08-16 19:55:55.485,0.00,0.00,0,0.0,0.0,0.000,0.0,0,HAYIR,HAYIR
2026-08-16 19:55:55.504,0.00,0.00,0,0.0,0.0,0.000,0.0,0,HAYIR,HAYIR
2026-08-16 19:55:55.524,0.00,0.00,0,0.0,0.0,0.000,0.0,0,HAYIR,HAYIR
2026-08-16 19:55:55.544,0.00,0.00,0,0.0,0.0,0.000,0.0,0,HAYIR,HAYIR
2026-08-16 19:55:55.564,0.00,0.00,0,0.0,0.0,0.000,0.0,0,HAYIR,HAYIR
2026-08-16 19:55:55.584,0.00,0.00,0,0.0,0.0,0.000,0.0,0,HAYIR,HAYIR
2026-08-16 19:55:55.604,0.00,0.00,0,0.0,0.0,0.000,0.0,0,HAYIR,HAYIR
2026-08-16 19:55:55.624,0.00,0.00,0,0.0,0.0,0.000,0.0,0,HAYIR,HAYIR
2026-08-16 19:55:55.644,0.00,0.00,0,0.0,0.0,0.000,0.0,0,HAYIR,HAYIR
2026-08-16 19:55:55.665,0.00,0.00,0,0.0,0.0,0.000,0.0,0,HAYIR,HAYIR
2026-08-16 19:55:55.684,0.00,0.00,0,0.0,0.0,0.000,0.0,0,HAYIR,HAYIR
2026-08-16 19:55:55.704,0.00,0.00,0,0.0,0.0,0.000,0.0,0,HAYIR,HAYIR
2026-08-16 19:55:55.724,0.00,0.00,0,0.0,0.0,0.000,0.0,0,HAYIR,HAYIR
2026-08-16 19:55:55.744,0.00,0.00,0,0.0,0.0,0.000,0.0,0,HAYIR,HAYIR
2026-08-16 19:55:55.764,0.00,0.00,0,0.0,0.0,0.000,0.0,0,HAYIR,HAYIR
2026-08-16 19:55:55.784,0.00,0.00,0,0.0,0.0,0.000,0.0,0,HAYIR,HAYIR
2026-08-16 19:55:55.804,0.00,0.00,0,0.0,0.0,0.000,0.0,0,HAYIR,HAYIR
2026-08-16 19:55:55.824,0.00,0.00,0,0.0,0.0,0.000,0.0,0,HAYIR,HAYIR
2026-08-16 19:55:55.844,0.00,0.00,0,0.0,0.0,0.000,0.0,0,HAYIR,HAYIR
2026-08-16 19:55:55.864,0.00,0.00,0,0.0,0.0,0.000,0.0,0,HAYIR,HAYIR
2026-08-16 19:55:55.884,0.00,0.00,0,0.0,0.0,0.000,0.0,0,HAYIR,HAYIR
2026-08-16 19:55:55.904,0.00,0.00,0,0.0,0.0,0.000,0.0,0,HAYIR,HAYIR
2026-08-16 19:55:55.924,0.00,0.00,0,0.0,0.0,0.000,0.0,0,HAYIR,HAYIR
2026-08-16 19:55:55.944,0.00,0.00,0,0.0,0.0,0.000,0.0,0,HAYIR,HAYIR
2026-08-16 19:55:55.965,0.00,0.00,0,0.0,0.0,0.000,0.0,0,HAYIR,HAYIR
2026-08-16 19:55:55.985,0.00,0.00,0,0.0,0.0,0.000,0.0,0,HAYIR,HAYIR
2026-08-16 19:55:56.004,0.00,0.00,0,0.0,0.0,0.000,0.0,0,HAYIR,HAYIR
2026-08-16 19:55:56.025,0.00,0.00,0,0.0,0.0,0.000,0.0,0,HAYIR,HAYIR
2026-08-16 19:55:56.044,0.00,0.00,0,0.0,0.0,0.000,0.0,0,HAYIR,HAYIR
2026-08-16 19:55:56.064,0.00,0.00,0,0.0,0.0,0.000,0.0,0,HAYIR,HAYIR
2026-08-16 19:55:56.084,0.00,0.00,0,0.0,0.0,0.000,0.0,0,HAYIR,HAYIR
2026-08-16 19:55:56.104,0.00,0.00,0,0.0,0.0,0.000,0.0,0,HAYIR,HAYIR
2026-08-16 19:55:56.124,0.00,0.00,0,0.0,0.0,0.000,0.0,0,HAYIR,HAYIR
2026-08-16 19:55:56.144,0.00,0.00,0,0.0,0.0,0.000,0.0,0,HAYIR,HAYIR
2026-08-16 19:55:56.164,0.00,0.00,0,0.0,0.0,0.000,0.0,0,HAYIR,HAYIR
2026-08-16 19:55:56.184,0.00,0.00,0,0.0,0.0,0.000,0.0,0,HAYIR,HAYIR
2026-08-16 19:55:56.204,0.00,0.00,0,0.0,0.0,0.000,0.0,0,HAYIR,HAYIR
2026-08-16 19:55:56.224,0.00,0.00,0,0.0,0.0,0.000,0.0,0,HAYIR,HAYIR
2026-08-16 19:55:56.244,0.00,0.00,0,0.0,0.0,0.000,0.0,0,HAYIR,HAYIR
2026-08-16 19:55:56.264,0.00,0.00,0,0.0,0.0,0.000,0.0,0,HAYIR,HAYIR
2026-08-16 19:55:56.284,0.00,0.00,0,0.0,0.0,0.000,0.0,0,HAYIR,HAYIR
2026-08-16 19:55:56.304,0.00,0.00,0,0.0,0.0,0.000,0.0,0,HAYIR,HAYIR
2026-08-16 19:55:56.324,0.00,0.00,0,0.0,0.0,0.000,0.0,0,HAYIR,HAYIR
2026-08-16 19:55:56.344,0.00,0.00,0,0.0,0.0,0.000,0.0,0,HAYIR,HAYIR
2026-08-16 19:55:56.364,0.00,0.00,0,0.0,0.0,0.000,0.0,0,HAYIR,HAYIR
2026-08-16 19:55:56.384,0.00,0.00,0,0.0,0.0,0.000,0.0,0,HAYIR,HAYIR
2026-08-16 19:55:56.404,0.00,0.00,0,0.0,0.0,0.000,0.0,0,HAYIR,HAYIR
2026-08-16 19:55:56.424,0.00,0.00,0,0.0,0.0,0.000,0.0,0,HAYIR,HAYIR
2026-08-16 19:55:56.444,0.00,0.00,0,0.0,0.0,0.000,0.0,0,HAYIR,HAYIR
2026-08-16 19:55:56.465,0.00,0.00,0,0.0,0.0,0.000,0.0,0,HAYIR,HAYIR
2026-08-16 19:55:56.485,0.00,0.00,0,0.0,0.0,0.000,0.0,0,HAYIR,HAYIR
2026-08-16 19:55:56.504,0.00,0.00,0,0.0,0.0,0.000,0.0,0,HAYIR,HAYIR
2026-08-16 19:55:56.524,0.00,0.00,0,0.0,0.0,0.000,0.0,0,HAYIR,HAYIR
2026-08-16 19:55:56.544,0.00,0.00,0,0.0,0.0,0.000,0.0,0,HAYIR,HAYIR
2026-08-16 19:55:56.564,0.00,0.00,0,0.0,0.0,0.000,0.0,0,HAYIR,HAYIR
2026-08-16 19:55:56.584,0.00,0.00,0,0.0,0.0,0.000,0.0,0,HAYIR,HAYIR
2026-08-16 19:55:56.604,0.00,0.00,0,0.0,0.0,0.000,0.0,0,HAYIR,HAYIR
2026-08-16 19:55:56.624,0.00,0.00,0,0.0,0.0,0.000,0.0,0,HAYIR,HAYIR
2026-08-16 19:55:56.644,0.00,0.00,0,0.0,0.0,0.000,0.0,0,HAYIR,HAYIR
2026-08-16 19:55:56.664,0.00,0.00,0,0.0,0.0,0.000,0.0,0,HAYIR,HAYIR
2026-08-16 19:55:56.684,0.00,0.00,0,0.0,0.0,0.000,0.0,0,HAYIR,HAYIR
2026-08-16 19:55:56.704,0.00,0.00,0,0.0,0.0,0.000,0.0,0,HAYIR,HAYIR
2026-08-16 19:55:56.724,0.00,0.00,0,0.0,0.0,0.000,0.0,0,HAYIR,HAYIR
2026-08-16 19:55:56.744,0.00,0.00,0,0.0,0.0,0.000,0.0,0,HAYIR,HAYIR
2026-08-16 19:55:56.764,0.00,0.00,0,0.0,0.0,0.000,0.0,0,HAYIR,HAYIR
2026-08-16 19:55:56.784,0.00,0.00,0,0.0,0.0,0.000,0.0,0,HAYIR,HAYIR
2026-08-16 19:55:56.804,0.00,0.00,0,0.0,0.0,0.000,0.0,0,HAYIR,HAYIR
2026-08-16 19:55:56.824,0.00,0.00,0,0.0,0.0,0.000,0.0,0,HAYIR,HAYIR
2026-08-16 19:55:56.845,0.00,0.00,0,0.0,0.0,0.000,0.0,0,HAYIR,HAYIR
2026-08-16 19:55:56.864,0.00,0.00,0,0.0,0.0,0.000,0.0,0,HAYIR,HAYIR
2026-08-16 19:55:56.884,0.00,0.00,0,0.0,0.0,0.000,0.0,0,HAYIR,HAYIR
2026-08-16 19:55:56.904,0.00,0.00,0,0.0,0.0,0.000,0.0,0,HAYIR,HAYIR
2026-08-16 19:55:56.924,0.00,0.00,0,0.0,0.0,0.000,0.0,0,HAYIR,HAYIR
2026-08-16 19:55:56.944,0.00,0.00,0,0.0,0.0,0.000,0.0,0,HAYIR,HAYIR
2026-08-16 19:55:56.965,0.00,0.00,0,0.0,0.0,0.000,0.0,0,HAYIR,HAYIR
2026-08-16 19:55:56.985,0.00,0.00,0,0.0,0.0,0.000,0.0,0,HAYIR,HAYIR
2026-08-16 19:55:57.004,0.00,0.00,0,0.0,0.0,0.000,0.0,0,HAYIR,HAYIR
2026-08-16 19:55:57.025,0.00,0.00,0,0.0,0.0,0.000,0.0,0,HAYIR,HAYIR
2026-08-16 19:55:57.044,0.00,0.00,0,0.0,0.0,0.000,0.0,0,HAYIR,HAYIR
2026-08-16 19:55:57.064,0.00,0.00,0,0.0,0.0,0.000,0.0,0,HAYIR,HAYIR
2026-08-16 19:55:57.084,0.00,0.00,0,0.0,0.0,0.000,0.0,0,HAYIR,HAYIR
2026-08-16 19:55:57.104,0.00,0.00,0,0.0,0.0,0.000,0.0,0,HAYIR,HAYIR
2026-08-16 19:55:57.124,0.00,0.00,0,0.0,0.0,0.000,0.0,0,HAYIR,HAYIR
2026-08-16 19:55:57.144,0.00,0.00,0,0.0,0.0,0.000,0.0,0,HAYIR,HAYIR
2026-08-16 19:55:57.164,0.00,0.00,0,0.0,0.0,0.000,0.0,0,HAYIR,HAYIR
2026-08-16 19:55:57.184,0.00,0.00,0,0.0,0.0,0.000,0.0,0,HAYIR,HAYIR
2026-08-16 19:55:57.204,0.00,0.00,0,0.0,0.0,0.000,0.0,0,HAYIR,HAYIR
2026-08-16 19:55:57.224,0.00,0.00,0,0.0,0.0,0.000,0.0,0,HAYIR,HAYIR
2026-08-16 19:55:57.244,0.00,0.00,0,0.0,0.0,0.000,0.0,0,HAYIR,HAYIR
2026-08-16 19:55:57.264,0.00,0.00,0,0.0,0.0,0.000,0.0,0,HAYIR,HAYIR
2026-08-16 19:55:57.284,0.00,0.00,0,0.0,0.0,0.000,0.0,0,HAYIR,HAYIR
2026-08-16 19:55:57.304,0.00,0.00,0,0.0,0.0,0.000,0.0,0,HAYIR,HAYIR
2026-08-16 19:55:57.324,0.00,0.00,0,0.0,0.0,0.000,0.0,0,HAYIR,HAYIR
2026-08-16 19:55:57.344,0.00,0.00,0,0.0,0.0,0.000,0.0,0,HAYIR,HAYIR
2026-08-16 19:55:57.364,0.00,0.00,0,0.0,0.0,0.000,0.0,0,HAYIR,HAYIR
2026-08-16 19:55:57.384,0.00,0.00,0,0.0,0.0,0.000,0.0,0,HAYIR,HAYIR
2026-08-16 19:55:57.404,0.00,0.00,0,0.0,0.0,0.000,0.0,0,HAYIR,HAYIR
2026-08-16 19:55:57.424,0.00,0.00,0,0.0,0.0,0.000,0.0,0,HAYIR,HAYIR
2026-08-16 19:55:57.445,0.00,0.00,0,0.0,0.0,0.000,0.0,0,HAYIR,HAYIR
2026-08-16 19:55:57.465,0.00,0.00,0,0.0,0.0,0.000,0.0,0,HAYIR,HAYIR
2026-08-16 19:55:57.484,0.00,0.00,0,0.0,0.0,0.000,0.0,0,HAYIR,HAYIR
2026-08-16 19:55:57.504,0.00,0.00,0,0.0,0.0,0.000,0.0,0,HAYIR,HAYIR
2026-08-16 19:55:57.524,0.00,0.00,0,0.0,0.0,0.000,0.0,0,HAYIR,HAYIR
2026-08-16 19:55:57.544,0.00,0.00,0,0.0,0.0,0.000,0.0,0,HAYIR,HAYIR
2026-08-16 19:55:57.564,0.00,0.00,0,0.0,0.0,0.000,0.0,0,HAYIR,HAYIR
2026-08-16 19:55:57.584,0.00,0.00,0,0.0,0.0,0.000,0.0,0,HAYIR,HAYIR
2026-08-16 19:55:57.604,0.00,0.00,0,0.0,0.0,0.000,0.0,0,HAYIR,HAYIR
2026-08-16 19:55:57.624,0.00,0.00,0,0.0,0.0,0.000,0.0,0,HAYIR,HAYIR
2026-08-16 19:55:57.644,0.00,0.00,0,0.0,0.0,0.000,0.0,0,HAYIR,HAYIR
2026-08-16 19:55:57.664,0.00,0.00,0,0.0,0.0,0.000,0.0,0,HAYIR,HAYIR
2026-08-16 19:55:57.684,0.00,0.00,0,0.0,0.0,0.000,0.0,0,HAYIR,HAYIR
2026-08-16 19:55:57.704,0.00,0.00,0,0.0,0.0,0.000,0.0,0,HAYIR,HAYIR
2026-08-16 19:55:57.724,0.00,0.00,0,0.0,0.0,0.000,0.0,0,HAYIR,HAYIR
2026-08-16 19:55:57.744,0.00,0.00,0,0.0,0.0,0.000,0.0,0,HAYIR,HAYIR
2026-08-16 19:55:57.764,0.00,0.00,0,0.0,0.0,0.000,0.0,0,HAYIR,HAYIR
2026-08-16 19:55:57.784,0.00,0.00,0,0.0,0.0,0.000,0.0,0,HAYIR,HAYIR
2026-08-16 19:55:57.804,0.00,0.00,0,0.0,0.0,0.000,0.0,0,HAYIR,HAYIR
2026-08-16 19:55:57.824,0.00,0.00,0,0.0,0.0,0.000,0.0,0,HAYIR,HAYIR
2026-08-16 19:55:57.844,0.00,0.00,0,0.0,0.0,0.000,0.0,0,HAYIR,HAYIR
2026-08-16 19:55:57.864,0.00,0.00,0,0.0,0.0,0.000,0.0,0,HAYIR,HAYIR
2026-08-16 19:55:57.884,0.00,0.00,0,0.0,0.0,0.000,0.0,0,HAYIR,HAYIR
2026-08-16 19:55:57.904,0.00,0.00,0,0.0,0.0,0.000,0.0,0,HAYIR,HAYIR
2026-08-16 19:55:57.924,0.00,0.00,0,0.0,0.0,0.000,0.0,0,HAYIR,HAYIR
2026-08-16 19:55:57.944,0.00,0.00,0,0.0,0.0,0.000,0.0,0,HAYIR,HAYIR
2026-08-16 19:55:57.964,0.00,0.00,0,0.0,0.0,0.000,0.0,0,HAYIR,HAYIR
2026-08-16 19:55:57.984,0.00,0.00,0,0.0,0.0,0.000,0.0,0,HAYIR,HAYIR
2026-08-16 19:55:58.004,0.00,0.00,0,0.0,0.0,0.000,0.0,0,HAYIR,HAYIR
2026-08-16 19:55:58.024,0.00,0.00,0,0.0,0.0,0.000,0.0,0,HAYIR,HAYIR
2026-08-16 19:55:58.044,0.00,0.00,0,0.0,0.0,0.000,0.0,0,HAYIR,HAYIR
2026-08-16 19:55:58.064,0.00,0.00,0,0.0,0.0,0.000,0.0,0,HAYIR,HAYIR
2026-08-16 19:55:58.084,0.00,0.00,0,0.0,0.0,0.000,0.0,0,HAYIR,HAYIR
2026-08-16 19:55:58.104,0.00,0.00,0,0.0,0.0,0.000,0.0,0,HAYIR,HAYIR
2026-08-16 19:55:58.124,0.00,0.00,0,0.0,0.0,0.000,0.0,0,HAYIR,HAYIR
2026-08-16 19:55:58.144,0.00,0.00,0,0.0,0.0,0.000,0.0,0,HAYIR,HAYIR
2026-08-16 19:55:58.164,0.00,0.00,0,0.0,0.0,0.000,0.0,0,HAYIR,HAYIR
2026-08-16 19:55:58.184,0.00,0.00,0,0.0,0.0,0.000,0.0,0,HAYIR,HAYIR
2026-08-16 19:55:58.204,0.00,0.00,0,0.0,0.0,0.000,0.0,0,HAYIR,HAYIR
2026-08-16 19:55:58.224,0.00,0.00,0,0.0,0.0,0.000,0.0,0,HAYIR,HAYIR
2026-08-16 19:55:58.244,0.00,0.00,0,0.0,0.0,0.000,0.0,0,HAYIR,HAYIR
2026-08-16 19:55:58.264,0.00,0.00,0,0.0,0.0,0.000,0.0,0,HAYIR,HAYIR
2026-08-16 19:55:58.284,0.00,0.00,0,0.0,0.0,0.000,0.0,0,HAYIR,HAYIR
2026-08-16 19:55:58.304,0.00,0.00,0,0.0,0.0,0.000,0.0,0,HAYIR,HAYIR
2026-08-16 19:55:58.324,0.00,0.00,0,0.0,0.0,0.000,0.0,0,HAYIR,HAYIR
2026-08-16 19:55:58.344,0.00,0.00,0,0.0,0.0,0.000,0.0,0,HAYIR,HAYIR
2026-08-16 19:55:58.364,0.00,0.00,0,0.0,0.0,0.000,0.0,0,HAYIR,HAYIR
2026-08-16 19:55:58.384,0.00,0.00,0,0.0,0.0,0.000,0.0,0,HAYIR,HAYIR
2026-08-16 19:55:58.404,0.00,0.00,0,0.0,0.0,0.000,0.0,0,HAYIR,HAYIR
2026-08-16 19:55:58.424,0.00,0.00,0,0.0,0.0,0.000,0.0,0,HAYIR,HAYIR
2026-08-16 19:55:58.444,0.00,0.00,0,0.0,0.0,0.000,0.0,0,HAYIR,HAYIR
2026-08-16 19:55:58.465,0.00,0.00,0,0.0,0.0,0.000,0.0,0,HAYIR,HAYIR
2026-08-16 19:55:58.484,0.00,0.00,0,0.0,0.0,0.000,0.0,0,HAYIR,HAYIR
2026-08-16 19:55:58.504,0.00,0.00,0,0.0,0.0,0.000,0.0,0,HAYIR,HAYIR
2026-08-16 19:55:58.524,0.00,0.00,0,0.0,0.0,0.000,0.0,0,HAYIR,HAYIR
2026-08-16 19:55:58.544,0.00,0.00,0,0.0,0.0,0.000,0.0,0,HAYIR,HAYIR
2026-08-16 19:55:58.564,0.00,0.00,0,0.0,0.0,0.000,0.0,0,HAYIR,HAYIR
2026-08-16 19:55:58.584,0.00,0.00,0,0.0,0.0,0.000,0.0,0,HAYIR,HAYIR
2026-08-16 19:55:58.604,0.00,0.00,0,0.0,0.0,0.000,0.0,0,HAYIR,HAYIR
2026-08-16 19:55:58.624,0.00,0.00,0,0.0,0.0,0.000,0.0,0,HAYIR,HAYIR
2026-08-16 19:55:58.644,0.00,0.00,0,0.0,0.0,0.000,0.0,0,HAYIR,HAYIR
2026-08-16 19:55:58.664,0.00,0.00,0,0.0,0.0,0.000,0.0,0,HAYIR,HAYIR
2026-08-16 19:55:58.684,0.00,0.00,0,0.0,0.0,0.000,0.0,0,HAYIR,HAYIR
2026-08-16 19:55:58.704,0.00,0.00,0,0.0,0.0,0.000,0.0,0,HAYIR,HAYIR
2026-08-16 19:55:58.724,0.00,0.00,0,0.0,0.0,0.000,0.0,0,HAYIR,HAYIR
2026-08-16 19:55:58.744,0.00,0.00,0,0.0,0.0,0.000,0.0,0,HAYIR,HAYIR
2026-08-16 19:55:58.765,0.00,0.00,0,0.0,0.0,0.000,0.0,0,HAYIR,HAYIR
2026-08-16 19:55:58.784,0.00,0.00,0,0.0,0.0,0.000,0.0,0,HAYIR,HAYIR
2026-08-16 19:55:58.804,0.00,0.00,0,0.0,0.0,0.000,0.0,0,HAYIR,HAYIR
2026-08-16 19:55:58.824,0.00,0.00,0,0.0,0.0,0.000,0.0,0,HAYIR,HAYIR
2026-08-16 19:55:58.844,0.00,0.00,0,0.0,0.0,0.000,0.0,0,HAYIR,HAYIR
2026-08-16 19:55:58.864,0.00,0.00,0,0.0,0.0,0.000,0.0,0,HAYIR,HAYIR
2026-08-16 19:55:58.884,0.00,0.00,0,0.0,0.0,0.000,0.0,0,HAYIR,HAYIR
2026-08-16 19:55:58.904,0.00,0.00,0,0.0,0.0,0.000,0.0,0,HAYIR,HAYIR
2026-08-16 19:55:58.924,0.00,0.00,0,0.0,0.0,0.000,0.0,0,HAYIR,HAYIR
2026-08-16 19:55:58.944,0.00,0.00,0,0.0,0.0,0.000,0.0,0,HAYIR,HAYIR
2026-08-16 19:55:58.965,0.00,0.00,0,0.0,0.0,0.000,0.0,0,HAYIR,HAYIR
2026-08-16 19:55:58.985,0.00,0.00,0,0.0,0.0,0.000,0.0,0,HAYIR,HAYIR
2026-08-16 19:55:59.004,0.00,0.00,0,0.0,0.0,0.000,0.0,0,HAYIR,HAYIR
2026-08-16 19:55:59.024,0.00,0.00,0,0.0,0.0,0.000,0.0,0,HAYIR,HAYIR
2026-08-16 19:55:59.044,0.00,0.00,0,0.0,0.0,0.000,0.0,0,HAYIR,HAYIR
2026-08-16 19:55:59.065,0.00,0.00,0,0.0,0.0,0.000,0.0,0,HAYIR,HAYIR
2026-08-16 19:55:59.084,0.00,0.00,0,0.0,0.0,0.000,0.0,0,HAYIR,HAYIR
2026-08-16 19:55:59.104,0.00,0.00,0,0.0,0.0,0.000,0.0,0,HAYIR,HAYIR
2026-08-16 19:55:59.124,0.00,0.00,0,0.0,0.0,0.000,0.0,0,HAYIR,HAYIR
2026-08-16 19:55:59.144,0.00,0.00,0,0.0,0.0,0.000,0.0,0,HAYIR,HAYIR
2026-08-16 19:55:59.164,0.00,0.00,0,0.0,0.0,0.000,0.0,0,HAYIR,HAYIR
2026-08-16 19:55:59.184,0.00,0.00,0,0.0,0.0,0.000,0.0,0,HAYIR,HAYIR
2026-08-16 19:55:59.204,0.00,0.00,0,0.0,0.0,0.000,0.0,0,HAYIR,HAYIR
2026-08-16 19:55:59.224,0.00,0.00,0,0.0,0.0,0.000,0.0,0,HAYIR,HAYIR
2026-08-16 19:55:59.244,0.00,0.00,0,0.0,0.0,0.000,0.0,0,HAYIR,HAYIR
2026-08-16 19:55:59.264,0.00,0.00,0,0.0,0.0,0.000,0.0,0,HAYIR,HAYIR
2026-08-16 19:55:59.284,0.00,0.00,0,0.0,0.0,0.000,0.0,0,HAYIR,HAYIR
2026-08-16 19:55:59.304,0.00,0.00,0,0.0,0.0,0.000,0.0,0,HAYIR,HAYIR
2026-08-16 19:55:59.324,0.00,0.00,0,0.0,0.0,0.000,0.0,0,HAYIR,HAYIR
2026-08-16 19:55:59.344,0.00,0.00,0,0.0,0.0,0.000,0.0,0,HAYIR,HAYIR
2026-08-16 19:55:59.364,0.00,0.00,0,0.0,0.0,0.000,0.0,0,HAYIR,HAYIR
2026-08-16 19:55:59.384,0.00,0.00,0,0.0,0.0,0.000,0.0,0,HAYIR,HAYIR
2026-08-16 19:55:59.404,0.00,0.00,0,0.0,0.0,0.000,0.0,0,HAYIR,HAYIR
2026-08-16 19:55:59.424,0.00,0.00,0,0.0,0.0,0.000,0.0,0,HAYIR,HAYIR
2026-08-16 19:55:59.445,0.00,0.00,0,0.0,0.0,0.000,0.0,0,HAYIR,HAYIR
2026-08-16 19:55:59.465,0.00,0.00,0,0.0,0.0,0.000,0.0,0,HAYIR,HAYIR
2026-08-16 19:55:59.485,0.00,0.00,0,0.0,0.0,0.000,0.0,0,HAYIR,HAYIR
2026-08-16 19:55:59.504,0.00,0.00,0,0.0,0.0,0.000,0.0,0,HAYIR,HAYIR
2026-08-16 19:55:59.524,0.00,0.00,0,0.0,0.0,0.000,0.0,0,HAYIR,HAYIR
2026-08-16 19:55:59.544,0.00,0.00,0,0.0,0.0,0.000,0.0,0,HAYIR,HAYIR
2026-08-16 19:55:59.564,0.00,0.00,0,0.0,0.0,0.000,0.0,0,HAYIR,HAYIR
2026-08-16 19:55:59.584,0.00,0.00,0,0.0,0.0,0.000,0.0,0,HAYIR,HAYIR
2026-08-16 19:55:59.604,0.00,0.00,0,0.0,0.0,0.000,0.0,0,HAYIR,HAYIR
2026-08-16 19:55:59.624,0.00,0.00,0,0.0,0.0,0.000,0.0,0,HAYIR,HAYIR
2026-08-16 19:55:59.644,0.00,0.00,0,0.0,0.0,0.000,0.0,0,HAYIR,HAYIR
2026-08-16 19:55:59.664,0.00,0.00,0,0.0,0.0,0.000,0.0,0,HAYIR,HAYIR
2026-08-16 19:55:59.684,0.00,0.00,0,0.0,0.0,0.000,0.0,0,HAYIR,HAYIR
2026-08-16 19:55:59.704,0.00,0.00,0,0.0,0.0,0.000,0.0,0,HAYIR,HAYIR
2026-08-16 19:55:59.724,0.00,0.00,0,0.0,0.0,0.000,0.0,0,HAYIR,HAYIR
2026-08-16 19:55:59.745,0.00,0.00,0,0.0,0.0,0.000,0.0,0,HAYIR,HAYIR
2026-08-16 19:55:59.764,0.00,0.00,0,0.0,0.0,0.000,0.0,0,HAYIR,HAYIR
2026-08-16 19:55:59.784,0.00,0.00,0,0.0,0.0,0.000,0.0,0,HAYIR,HAYIR
2026-08-16 19:55:59.804,0.00,0.00,0,0.0,0.0,0.000,0.0,0,HAYIR,HAYIR
2026-08-16 19:55:59.824,0.00,0.00,0,0.0,0.0,0.000,0.0,0,HAYIR,HAYIR
2026-08-16 19:55:59.845,0.00,0.00,0,0.0,0.0,0.000,0.0,0,HAYIR,HAYIR
2026-08-16 19:55:59.864,0.00,0.00,0,0.0,0.0,0.000,0.0,0,HAYIR,HAYIR
2026-08-16 19:55:59.884,0.00,0.00,0,0.0,0.0,0.000,0.0,0,HAYIR,HAYIR
2026-08-16 19:55:59.904,0.00,0.00,0,0.0,0.0,0.000,0.0,0,HAYIR,HAYIR
2026-08-16 19:55:59.924,0.00,0.00,0,0.0,0.0,0.000,0.0,0,HAYIR,HAYIR
2026-08-16 19:55:59.944,0.00,0.00,0,0.0,0.0,0.000,0.0,0,HAYIR,HAYIR
2026-08-16 19:55:59.965,0.00,0.00,0,0.0,0.0,0.000,0.0,0,HAYIR,HAYIR
2026-08-16 19:55:59.985,0.00,0.00,0,0.0,0.0,0.000,0.0,0,HAYIR,HAYIR
2026-08-16 19:56:00.004,0.00,0.00,0,0.0,0.0,0.000,0.0,0,HAYIR,HAYIR
2026-08-16 19:56:00.025,0.00,0.00,0,0.0,0.0,0.000,0.0,0,HAYIR,HAYIR
2026-08-16 19:56:00.044,0.00,0.00,0,0.0,0.0,0.000,0.0,0,HAYIR,HAYIR
2026-08-16 19:56:00.064,0.00,0.00,0,0.0,0.0,0.000,0.0,0,HAYIR,HAYIR
2026-08-16 19:56:00.084,0.00,0.00,0,0.0,0.0,0.000,0.0,0,HAYIR,HAYIR
2026-08-16 19:56:00.104,0.00,0.00,0,0.0,0.0,0.000,0.0,0,HAYIR,HAYIR
2026-08-16 19:56:00.124,0.00,0.00,0,0.0,0.0,0.000,0.0,0,HAYIR,HAYIR
2026-08-16 19:56:00.144,0.00,0.00,0,0.0,0.0,0.000,0.0,0,HAYIR,HAYIR
2026-08-16 19:56:00.165,0.00,0.00,0,0.0,0.0,0.000,0.0,0,HAYIR,HAYIR
2026-08-16 19:56:00.184,0.00,0.00,0,0.0,0.0,0.000,0.0,0,HAYIR,HAYIR
2026-08-16 19:56:00.204,0.00,0.00,0,0.0,0.0,0.000,0.0,0,HAYIR,HAYIR
2026-08-16 19:56:00.224,0.00,0.00,0,0.0,0.0,0.000,0.0,0,HAYIR,HAYIR
2026-08-16 19:56:00.244,0.00,0.00,0,0.0,0.0,0.000,0.0,0,HAYIR,HAYIR
2026-08-16 19:56:00.264,0.00,0.00,0,0.0,0.0,0.000,0.0,0,HAYIR,HAYIR
2026-08-16 19:56:00.284,0.00,0.00,0,0.0,0.0,0.000,0.0,0,HAYIR,HAYIR
2026-08-16 19:56:00.304,0.00,0.00,0,0.0,0.0,0.000,0.0,0,HAYIR,HAYIR
2026-08-16 19:56:00.324,0.00,0.00,0,0.0,0.0,0.000,0.0,0,HAYIR,HAYIR
2026-08-16 19:56:00.344,0.00,0.00,0,0.0,0.0,0.000,0.0,0,HAYIR,HAYIR
2026-08-16 19:56:00.364,0.00,0.00,0,0.0,0.0,0.000,0.0,0,HAYIR,HAYIR
2026-08-16 19:56:00.384,0.00,0.00,0,0.0,0.0,0.000,0.0,0,HAYIR,HAYIR
2026-08-16 19:56:00.404,0.00,0.00,0,0.0,0.0,0.000,0.0,0,HAYIR,HAYIR
2026-08-16 19:56:00.424,0.00,0.00,0,0.0,0.0,0.000,0.0,0,HAYIR,HAYIR
2026-08-16 19:56:00.445,0.00,0.00,0,0.0,0.0,0.000,0.0,0,HAYIR,HAYIR
2026-08-16 19:56:00.465,0.00,0.00,0,0.0,0.0,0.000,0.0,0,HAYIR,HAYIR
2026-08-16 19:56:00.485,0.00,0.00,0,0.0,0.0,0.000,0.0,0,HAYIR,HAYIR
2026-08-16 19:56:00.504,0.00,0.00,0,0.0,0.0,0.000,0.0,0,HAYIR,HAYIR
2026-08-16 19:56:00.524,0.00,0.00,0,0.0,0.0,0.000,0.0,0,HAYIR,HAYIR
2026-08-16 19:56:00.544,0.00,0.00,0,0.0,0.0,0.000,0.0,0,HAYIR,HAYIR
2026-08-16 19:56:00.564,0.00,0.00,0,0.0,0.0,0.000,0.0,0,HAYIR,HAYIR
2026-08-16 19:56:00.584,0.00,0.00,0,0.0,0.0,0.000,0.0,0,HAYIR,HAYIR
2026-08-16 19:56:00.604,0.00,0.00,0,0.0,0.0,0.000,0.0,0,HAYIR,HAYIR
2026-08-16 19:56:00.624,0.00,0.00,0,0.0,0.0,0.000,0.0,0,HAYIR,HAYIR
2026-08-16 19:56:00.644,0.00,0.00,0,0.0,0.0,0.000,0.0,0,HAYIR,HAYIR
2026-08-16 19:56:00.664,0.00,0.00,0,0.0,0.0,0.000,0.0,0,HAYIR,HAYIR
2026-08-16 19:56:00.684,0.00,0.00,0,0.0,0.0,0.000,0.0,0,HAYIR,HAYIR
2026-08-16 19:56:00.704,0.00,0.00,0,0.0,0.0,0.000,0.0,0,HAYIR,HAYIR
2026-08-16 19:56:00.724,0.00,0.00,0,0.0,0.0,0.000,0.0,0,HAYIR,HAYIR
2026-08-16 19:56:00.744,0.00,0.00,0,0.0,0.0,0.000,0.0,0,HAYIR,HAYIR
2026-08-16 19:56:00.764,0.00,0.00,0,0.0,0.0,0.000,0.0,0,HAYIR,HAYIR
2026-08-16 19:56:00.784,0.00,0.00,0,0.0,0.0,0.000,0.0,0,HAYIR,HAYIR
2026-08-16 19:56:00.804,0.00,0.00,0,0.0,0.0,0.000,0.0,0,HAYIR,HAYIR
2026-08-16 19:56:00.824,0.00,0.00,0,0.0,0.0,0.000,0.0,0,HAYIR,HAYIR
2026-08-16 19:56:00.844,0.00,0.00,0,0.0,0.0,0.000,0.0,0,HAYIR,HAYIR
2026-08-16 19:56:00.864,0.00,0.00,0,0.0,0.0,0.000,0.0,0,HAYIR,HAYIR
2026-08-16 19:56:00.884,0.00,0.00,0,0.0,0.0,0.000,0.0,0,HAYIR,HAYIR
2026-08-16 19:56:00.904,0.00,0.00,0,0.0,0.0,0.000,0.0,0,HAYIR,HAYIR
2026-08-16 19:56:00.924,0.00,0.00,0,0.0,0.0,0.000,0.0,0,HAYIR,HAYIR
2026-08-16 19:56:00.944,0.00,0.00,0,0.0,0.0,0.000,0.0,0,HAYIR,HAYIR
2026-08-16 19:56:00.965,0.00,0.00,0,0.0,0.0,0.000,0.0,0,HAYIR,HAYIR
2026-08-16 19:56:00.984,0.00,0.00,0,0.0,0.0,0.000,0.0,0,HAYIR,HAYIR
2026-08-16 19:56:01.004,0.00,0.00,0,0.0,0.0,0.000,0.0,0,HAYIR,HAYIR
2026-08-16 19:56:01.024,0.00,0.00,0,0.0,0.0,0.000,0.0,0,HAYIR,HAYIR
2026-08-16 19:56:01.044,0.00,0.00,0,0.0,0.0,0.000,0.0,0,HAYIR,HAYIR
2026-08-16 19:56:01.065,0.00,0.00,0,0.0,0.0,0.000,0.0,0,HAYIR,HAYIR
2026-08-16 19:56:01.084,0.00,0.00,0,0.0,0.0,0.000,0.0,0,HAYIR,HAYIR
2026-08-16 19:56:01.104,0.00,0.00,0,0.0,0.0,0.000,0.0,0,HAYIR,HAYIR
2026-08-16 19:56:01.124,0.00,0.00,0,0.0,0.0,0.000,0.0,0,HAYIR,HAYIR
2026-08-16 19:56:01.144,0.00,0.00,0,0.0,0.0,0.000,0.0,0,HAYIR,HAYIR
2026-08-16 19:56:01.164,0.00,0.00,0,0.0,0.0,0.000,0.0,0,HAYIR,HAYIR
2026-08-16 19:56:01.184,0.00,0.00,0,0.0,0.0,0.000,0.0,0,HAYIR,HAYIR
2026-08-16 19:56:01.204,0.00,0.00,0,0.0,0.0,0.000,0.0,0,HAYIR,HAYIR
2026-08-16 19:56:01.224,0.00,0.00,0,0.0,0.0,0.000,0.0,0,HAYIR,HAYIR
2026-08-16 19:56:01.244,0.00,0.00,0,0.0,0.0,0.000,0.0,0,HAYIR,HAYIR
2026-08-16 19:56:01.264,0.00,0.00,0,0.0,0.0,0.000,0.0,0,HAYIR,HAYIR
2026-08-16 19:56:01.284,0.00,0.00,0,0.0,0.0,0.000,0.0,0,HAYIR,HAYIR
2026-08-16 19:56:01.304,0.00,0.00,0,0.0,0.0,0.000,0.0,0,HAYIR,HAYIR
2026-08-16 19:56:01.325,0.00,0.00,0,0.0,0.0,0.000,0.0,0,HAYIR,HAYIR
2026-08-16 19:56:01.344,0.00,0.00,0,0.0,0.0,0.000,0.0,0,HAYIR,HAYIR
2026-08-16 19:56:01.364,0.00,0.00,0,0.0,0.0,0.000,0.0,0,HAYIR,HAYIR
2026-08-16 19:56:01.384,0.00,0.00,0,0.0,0.0,0.000,0.0,0,HAYIR,HAYIR
2026-08-16 19:56:01.405,0.00,0.00,0,0.0,0.0,0.000,0.0,0,HAYIR,HAYIR
2026-08-16 19:56:01.424,0.00,0.00,0,0.0,0.0,0.000,0.0,0,HAYIR,HAYIR
2026-08-16 19:56:01.444,0.00,0.00,0,0.0,0.0,0.000,0.0,0,HAYIR,HAYIR
2026-08-16 19:56:01.465,0.00,0.00,0,0.0,0.0,0.000,0.0,0,HAYIR,HAYIR
2026-08-16 19:56:01.485,0.00,0.00,0,0.0,0.0,0.000,0.0,0,HAYIR,HAYIR
2026-08-16 19:56:01.505,0.00,0.00,0,0.0,0.0,0.000,0.0,0,HAYIR,HAYIR
2026-08-16 19:56:01.524,0.00,0.00,0,0.0,0.0,0.000,0.0,0,HAYIR,HAYIR
2026-08-16 19:56:01.544,0.00,0.00,0,0.0,0.0,0.000,0.0,0,HAYIR,HAYIR
2026-08-16 19:56:01.564,0.00,0.00,0,0.0,0.0,0.000,0.0,0,HAYIR,HAYIR
2026-08-16 19:56:01.584,0.00,0.00,0,0.0,0.0,0.000,0.0,0,HAYIR,HAYIR
2026-08-16 19:56:01.604,0.00,0.00,0,0.0,0.0,0.000,0.0,0,HAYIR,HAYIR
2026-08-16 19:56:01.624,0.00,0.00,0,0.0,0.0,0.000,0.0,0,HAYIR,HAYIR
2026-08-16 19:56:01.644,0.00,0.00,0,0.0,0.0,0.000,0.0,0,HAYIR,HAYIR
2026-08-16 19:56:01.665,0.00,0.00,0,0.0,0.0,0.000,0.0,0,HAYIR,HAYIR
2026-08-16 19:56:01.684,0.00,0.00,0,0.0,0.0,0.000,0.0,0,HAYIR,HAYIR
2026-08-16 19:56:01.704,0.00,0.00,0,0.0,0.0,0.000,0.0,0,HAYIR,HAYIR
2026-08-16 19:56:01.724,0.00,0.00,0,0.0,0.0,0.000,0.0,0,HAYIR,HAYIR
2026-08-16 19:56:01.744,0.00,0.00,0,0.0,0.0,0.000,0.0,0,HAYIR,HAYIR
2026-08-16 19:56:01.764,0.00,0.00,0,0.0,0.0,0.000,0.0,0,HAYIR,HAYIR
2026-08-16 19:56:01.784,0.00,0.00,0,0.0,0.0,0.000,0.0,0,HAYIR,HAYIR
2026-08-16 19:56:01.804,0.00,0.00,0,0.0,0.0,0.000,0.0,0,HAYIR,HAYIR
2026-08-16 19:56:01.824,0.00,0.00,0,0.0,0.0,0.000,0.0,0,HAYIR,HAYIR
2026-08-16 19:56:01.844,0.00,0.00,0,0.0,0.0,0.000,0.0,0,HAYIR,HAYIR
2026-08-16 19:56:01.865,0.00,0.00,0,0.0,0.0,0.000,0.0,0,HAYIR,HAYIR
2026-08-16 19:56:01.884,0.00,0.00,0,0.0,0.0,0.000,0.0,0,HAYIR,HAYIR
2026-08-16 19:56:01.904,0.00,0.00,0,0.0,0.0,0.000,0.0,0,HAYIR,HAYIR
2026-08-16 19:56:01.924,0.00,0.00,0,0.0,0.0,0.000,0.0,0,HAYIR,HAYIR
2026-08-16 19:56:01.944,0.00,0.00,0,0.0,0.0,0.000,0.0,0,HAYIR,HAYIR
2026-08-16 19:56:01.965,0.00,0.00,0,0.0,0.0,0.000,0.0,0,HAYIR,HAYIR
2026-08-16 19:56:01.985,0.00,0.00,0,0.0,0.0,0.000,0.0,0,HAYIR,HAYIR
2026-08-16 19:56:02.004,0.00,0.00,0,0.0,0.0,0.000,0.0,0,HAYIR,HAYIR
2026-08-16 19:56:02.024,0.00,0.00,0,0.0,0.0,0.000,0.0,0,HAYIR,HAYIR
2026-08-16 19:56:02.045,0.00,0.00,0,0.0,0.0,0.000,0.0,0,HAYIR,HAYIR
2026-08-16 19:56:02.064,0.00,0.00,0,0.0,0.0,0.000,0.0,0,HAYIR,HAYIR
2026-08-16 19:56:02.084,0.00,0.00,0,0.0,0.0,0.000,0.0,0,HAYIR,HAYIR
2026-08-16 19:56:02.104,0.00,0.00,0,0.0,0.0,0.000,0.0,0,HAYIR,HAYIR
2026-08-16 19:56:02.124,0.00,0.00,0,0.0,0.0,0.000,0.0,0,HAYIR,HAYIR
2026-08-16 19:56:02.144,0.00,0.00,0,0.0,0.0,0.000,0.0,0,HAYIR,HAYIR
2026-08-16 19:56:02.164,0.00,0.00,0,0.0,0.0,0.000,0.0,0,HAYIR,HAYIR
2026-08-16 19:56:02.184,0.00,0.00,0,0.0,0.0,0.000,0.0,0,HAYIR,HAYIR
2026-08-16 19:56:02.204,0.00,0.00,0,0.0,0.0,0.000,0.0,0,HAYIR,HAYIR
2026-08-16 19:56:02.224,0.00,0.00,0,0.0,0.0,0.000,0.0,0,HAYIR,HAYIR
2026-08-16 19:56:02.244,0.00,0.00,0,0.0,0.0,0.000,0.0,0,HAYIR,HAYIR
2026-08-16 19:56:02.264,0.00,0.00,0,0.0,0.0,0.000,0.0,0,HAYIR,HAYIR
2026-08-16 19:56:02.284,0.00,0.00,0,0.0,0.0,0.000,0.0,0,HAYIR,HAYIR
2026-08-16 19:56:02.304,0.00,0.00,0,0.0,0.0,0.000,0.0,0,HAYIR,HAYIR
2026-08-16 19:56:02.324,0.00,0.00,0,0.0,0.0,0.000,0.0,0,HAYIR,HAYIR
2026-08-16 19:56:02.344,0.00,0.00,0,0.0,0.0,0.000,0.0,0,HAYIR,HAYIR
2026-08-16 19:56:02.364,0.00,0.00,0,0.0,0.0,0.000,0.0,0,HAYIR,HAYIR
2026-08-16 19:56:02.384,0.00,0.00,0,0.0,0.0,0.000,0.0,0,HAYIR,HAYIR
2026-08-16 19:56:02.404,0.00,0.00,0,0.0,0.0,0.000,0.0,0,HAYIR,HAYIR
2026-08-16 19:56:02.424,0.00,0.00,0,0.0,0.0,0.000,0.0,0,HAYIR,HAYIR
2026-08-16 19:56:02.444,0.00,0.00,0,0.0,0.0,0.000,0.0,0,HAYIR,HAYIR
2026-08-16 19:56:02.464,0.00,0.00,0,0.0,0.0,0.000,0.0,0,HAYIR,HAYIR
2026-08-16 19:56:02.485,0.00,0.00,0,0.0,0.0,0.000,0.0,0,HAYIR,HAYIR
2026-08-16 19:56:02.505,0.00,0.00,0,0.0,0.0,0.000,0.0,0,HAYIR,HAYIR
2026-08-16 19:56:02.524,0.00,0.00,0,0.0,0.0,0.000,0.0,0,HAYIR,HAYIR
2026-08-16 19:56:02.544,0.00,0.00,0,0.0,0.0,0.000,0.0,0,HAYIR,HAYIR
2026-08-16 19:56:02.564,0.00,0.00,0,0.0,0.0,0.000,0.0,0,HAYIR,HAYIR
2026-08-16 19:56:02.584,0.00,0.00,0,0.0,0.0,0.000,0.0,0,HAYIR,HAYIR
2026-08-16 19:56:02.604,0.00,0.00,0,0.0,0.0,0.000,0.0,0,HAYIR,HAYIR
2026-08-16 19:56:02.624,0.00,0.00,0,0.0,0.0,0.000,0.0,0,HAYIR,HAYIR
2026-08-16 19:56:02.644,0.00,0.00,0,0.0,0.0,0.000,0.0,0,HAYIR,HAYIR
2026-08-16 19:56:02.665,0.00,0.00,0,0.0,0.0,0.000,0.0,0,HAYIR,HAYIR
2026-08-16 19:56:02.684,0.00,0.00,0,0.0,0.0,0.000,0.0,0,HAYIR,HAYIR
2026-08-16 19:56:02.704,0.00,0.00,0,0.0,0.0,0.000,0.0,0,HAYIR,HAYIR
2026-08-16 19:56:02.724,0.00,0.00,0,0.0,0.0,0.000,0.0,0,HAYIR,HAYIR
2026-08-16 19:56:02.744,0.00,0.00,0,0.0,0.0,0.000,0.0,0,HAYIR,HAYIR
2026-08-16 19:56:02.764,0.00,0.00,0,0.0,0.0,0.000,0.0,0,HAYIR,HAYIR
2026-08-16 19:56:02.784,0.00,0.00,0,0.0,0.0,0.000,0.0,0,HAYIR,HAYIR
2026-08-16 19:56:02.804,0.00,0.00,0,0.0,0.0,0.000,0.0,0,HAYIR,HAYIR
2026-08-16 19:56:02.824,0.00,0.00,0,0.0,0.0,0.000,0.0,0,HAYIR,HAYIR
2026-08-16 19:56:02.844,0.00,0.00,0,0.0,0.0,0.000,0.0,0,HAYIR,HAYIR
2026-08-16 19:56:02.864,0.00,0.00,0,0.0,0.0,0.000,0.0,0,HAYIR,HAYIR
2026-08-16 19:56:02.884,0.00,0.00,0,0.0,0.0,0.000,0.0,0,HAYIR,HAYIR
2026-08-16 19:56:02.904,0.00,0.00,0,0.0,0.0,0.000,0.0,0,HAYIR,HAYIR
2026-08-16 19:56:02.924,0.00,0.00,0,0.0,0.0,0.000,0.0,0,HAYIR,HAYIR
2026-08-16 19:56:02.944,0.00,0.00,0,0.0,0.0,0.000,0.0,0,HAYIR,HAYIR
2026-08-16 19:56:02.965,0.00,0.00,0,0.0,0.0,0.000,0.0,0,HAYIR,HAYIR
2026-08-16 19:56:02.984,0.00,0.00,0,0.0,0.0,0.000,0.0,0,HAYIR,HAYIR
2026-08-16 19:56:03.004,0.00,0.00,0,0.0,0.0,0.000,0.0,0,HAYIR,HAYIR
2026-08-16 19:56:03.024,0.00,0.00,0,0.0,0.0,0.000,0.0,0,HAYIR,HAYIR
2026-08-16 19:56:03.044,0.00,0.00,0,0.0,0.0,0.000,0.0,0,HAYIR,HAYIR
2026-08-16 19:56:03.064,0.00,0.00,0,0.0,0.0,0.000,0.0,0,HAYIR,HAYIR
2026-08-16 19:56:03.084,0.00,0.00,0,0.0,0.0,0.000,0.0,0,HAYIR,HAYIR
2026-08-16 19:56:03.104,0.00,0.00,0,0.0,0.0,0.000,0.0,0,HAYIR,HAYIR
2026-08-16 19:56:03.124,0.00,0.00,0,0.0,0.0,0.000,0.0,0,HAYIR,HAYIR
2026-08-16 19:56:03.144,0.00,0.00,0,0.0,0.0,0.000,0.0,0,HAYIR,HAYIR
2026-08-16 19:56:03.164,0.00,0.00,0,0.0,0.0,0.000,0.0,0,HAYIR,HAYIR
2026-08-16 19:56:03.184,0.00,0.00,0,0.0,0.0,0.000,0.0,0,HAYIR,HAYIR
2026-08-16 19:56:03.204,0.00,0.00,0,0.0,0.0,0.000,0.0,0,HAYIR,HAYIR
2026-08-16 19:56:03.224,0.00,0.00,0,0.0,0.0,0.000,0.0,0,HAYIR,HAYIR
2026-08-16 19:56:03.244,0.00,0.00,0,0.0,0.0,0.000,0.0,0,HAYIR,HAYIR
2026-08-16 19:56:03.264,0.00,0.00,0,0.0,0.0,0.000,0.0,0,HAYIR,HAYIR
2026-08-16 19:56:03.284,0.00,0.00,0,0.0,0.0,0.000,0.0,0,HAYIR,HAYIR
2026-08-16 19:56:03.304,0.00,0.00,0,0.0,0.0,0.000,0.0,0,HAYIR,HAYIR
2026-08-16 19:56:03.324,0.00,0.00,0,0.0,0.0,0.000,0.0,0,HAYIR,HAYIR
2026-08-16 19:56:03.344,0.00,0.00,0,0.0,0.0,0.000,0.0,0,HAYIR,HAYIR
2026-08-16 19:56:03.364,0.00,0.00,0,0.0,0.0,0.000,0.0,0,HAYIR,HAYIR
2026-08-16 19:56:03.384,0.00,0.00,0,0.0,0.0,0.000,0.0,0,HAYIR,HAYIR
2026-08-16 19:56:03.404,0.00,0.00,0,0.0,0.0,0.000,0.0,0,HAYIR,HAYIR
2026-08-16 19:56:03.424,0.00,0.00,0,0.0,0.0,0.000,0.0,0,HAYIR,HAYIR
2026-08-16 19:56:03.444,0.00,0.00,0,0.0,0.0,0.000,0.0,0,HAYIR,HAYIR
2026-08-16 19:56:03.465,0.00,0.00,0,0.0,0.0,0.000,0.0,0,HAYIR,HAYIR
2026-08-16 19:56:03.484,0.00,0.00,0,0.0,0.0,0.000,0.0,0,HAYIR,HAYIR
2026-08-16 19:56:03.504,0.00,0.00,0,0.0,0.0,0.000,0.0,0,HAYIR,HAYIR
2026-08-16 19:56:03.524,0.00,0.00,0,0.0,0.0,0.000,0.0,0,HAYIR,HAYIR
2026-08-16 19:56:03.544,0.00,0.00,0,0.0,0.0,0.000,0.0,0,HAYIR,HAYIR
2026-08-16 19:56:03.564,0.00,0.00,0,0.0,0.0,0.000,0.0,0,HAYIR,HAYIR
2026-08-16 19:56:03.584,0.00,0.00,0,0.0,0.0,0.000,0.0,0,HAYIR,HAYIR
2026-08-16 19:56:03.604,0.00,0.00,0,0.0,0.0,0.000,0.0,0,HAYIR,HAYIR
2026-08-16 19:56:03.624,0.00,0.00,0,0.0,0.0,0.000,0.0,0,HAYIR,HAYIR
2026-08-16 19:56:03.644,0.00,0.00,0,0.0,0.0,0.000,0.0,0,HAYIR,HAYIR
2026-08-16 19:56:03.664,0.00,0.00,0,0.0,0.0,0.000,0.0,0,HAYIR,HAYIR
2026-08-16 19:56:03.684,0.00,0.00,0,0.0,0.0,0.000,0.0,0,HAYIR,HAYIR
2026-08-16 19:56:03.704,0.00,0.00,0,0.0,0.0,0.000,0.0,0,HAYIR,HAYIR
2026-08-16 19:56:03.724,0.00,0.00,0,0.0,0.0,0.000,0.0,0,HAYIR,HAYIR
2026-08-16 19:56:03.744,0.00,0.00,0,0.0,0.0,0.000,0.0,0,HAYIR,HAYIR
2026-08-16 19:56:03.764,0.00,0.00,0,0.0,0.0,0.000,0.0,0,HAYIR,HAYIR
2026-08-16 19:56:03.784,0.00,0.00,0,0.0,0.0,0.000,0.0,0,HAYIR,HAYIR
2026-08-16 19:56:03.804,0.00,0.00,0,0.0,0.0,0.000,0.0,0,HAYIR,HAYIR
2026-08-16 19:56:03.825,0.00,0.00,0,0.0,0.0,0.000,0.0,0,HAYIR,HAYIR
2026-08-16 19:56:03.844,0.00,0.00,0,0.0,0.0,0.000,0.0,0,HAYIR,HAYIR
2026-08-16 19:56:03.864,0.00,0.00,0,0.0,0.0,0.000,0.0,0,HAYIR,HAYIR
2026-08-16 19:56:03.884,0.00,0.00,0,0.0,0.0,0.000,0.0,0,HAYIR,HAYIR
2026-08-16 19:56:03.904,0.00,0.00,0,0.0,0.0,0.000,0.0,0,HAYIR,HAYIR
2026-08-16 19:56:03.924,0.00,0.00,0,0.0,0.0,0.000,0.0,0,HAYIR,HAYIR
2026-08-16 19:56:03.944,0.00,0.00,0,0.0,0.0,0.000,0.0,0,HAYIR,HAYIR
2026-08-16 19:56:03.965,0.00,0.00,0,0.0,0.0,0.000,0.0,0,HAYIR,HAYIR
2026-08-16 19:56:03.984,0.00,0.00,0,0.0,0.0,0.000,0.0,0,HAYIR,HAYIR
2026-08-16 19:56:04.004,0.00,0.00,0,0.0,0.0,0.000,0.0,0,HAYIR,HAYIR
2026-08-16 19:56:04.024,0.00,0.00,0,0.0,0.0,0.000,0.0,0,HAYIR,HAYIR
2026-08-16 19:56:04.044,0.00,0.00,0,0.0,0.0,0.000,0.0,0,HAYIR,HAYIR
2026-08-16 19:56:04.064,0.00,0.00,0,0.0,0.0,0.000,0.0,0,HAYIR,HAYIR
2026-08-16 19:56:04.084,0.00,0.00,0,0.0,0.0,0.000,0.0,0,HAYIR,HAYIR
2026-08-16 19:56:04.104,0.00,0.00,0,0.0,0.0,0.000,0.0,0,HAYIR,HAYIR
2026-08-16 19:56:04.124,0.00,0.00,0,0.0,0.0,0.000,0.0,0,HAYIR,HAYIR
2026-08-16 19:56:04.144,0.00,0.00,0,0.0,0.0,0.000,0.0,0,HAYIR,HAYIR
2026-08-16 19:56:04.165,0.00,0.00,0,0.0,0.0,0.000,0.0,0,HAYIR,HAYIR
2026-08-16 19:56:04.184,0.00,0.00,0,0.0,0.0,0.000,0.0,0,HAYIR,HAYIR
2026-08-16 19:56:04.205,0.00,0.00,0,0.0,0.0,0.000,0.0,0,HAYIR,HAYIR
2026-08-16 19:56:04.224,0.00,0.00,0,0.0,0.0,0.000,0.0,0,HAYIR,HAYIR
2026-08-16 19:56:04.244,0.00,0.00,0,0.0,0.0,0.000,0.0,0,HAYIR,HAYIR
2026-08-16 19:56:04.265,0.00,0.00,0,0.0,0.0,0.000,0.0,0,HAYIR,HAYIR
2026-08-16 19:56:04.284,0.00,0.00,0,0.0,0.0,0.000,0.0,0,HAYIR,HAYIR
2026-08-16 19:56:04.304,0.00,0.00,0,0.0,0.0,0.000,0.0,0,HAYIR,HAYIR
2026-08-16 19:56:04.324,0.00,0.00,0,0.0,0.0,0.000,0.0,0,HAYIR,HAYIR
2026-08-16 19:56:04.345,0.00,0.00,0,0.0,0.0,0.000,0.0,0,HAYIR,HAYIR
2026-08-16 19:56:04.364,0.00,0.00,0,0.0,0.0,0.000,0.0,0,HAYIR,HAYIR
2026-08-16 19:56:04.384,0.00,0.00,0,0.0,0.0,0.000,0.0,0,HAYIR,HAYIR
2026-08-16 19:56:04.404,0.00,0.00,0,0.0,0.0,0.000,0.0,0,HAYIR,HAYIR
2026-08-16 19:56:04.424,0.00,0.00,0,0.0,0.0,0.000,0.0,0,HAYIR,HAYIR
2026-08-16 19:56:04.444,0.00,0.00,0,0.0,0.0,0.000,0.0,0,HAYIR,HAYIR
2026-08-16 19:56:04.465,0.00,0.00,0,0.0,0.0,0.000,0.0,0,HAYIR,HAYIR
2026-08-16 19:56:04.485,0.00,0.00,0,0.0,0.0,0.000,0.0,0,HAYIR,HAYIR
2026-08-16 19:56:04.504,0.00,0.00,0,0.0,0.0,0.000,0.0,0,HAYIR,HAYIR
2026-08-16 19:56:04.524,0.00,0.00,0,0.0,0.0,0.000,0.0,0,HAYIR,HAYIR
2026-08-16 19:56:04.544,0.00,0.00,0,0.0,0.0,0.000,0.0,0,HAYIR,HAYIR
2026-08-16 19:56:04.564,0.00,0.00,0,0.0,0.0,0.000,0.0,0,HAYIR,HAYIR
2026-08-16 19:56:04.584,0.00,0.00,0,0.0,0.0,0.000,0.0,0,HAYIR,HAYIR
2026-08-16 19:56:04.604,0.00,0.00,0,0.0,0.0,0.000,0.0,0,HAYIR,HAYIR
2026-08-16 19:56:04.624,0.00,0.00,0,0.0,0.0,0.000,0.0,0,HAYIR,HAYIR
2026-08-16 19:56:04.644,0.00,0.00,0,0.0,0.0,0.000,0.0,0,HAYIR,HAYIR
2026-08-16 19:56:04.664,0.00,0.00,0,0.0,0.0,0.000,0.0,0,HAYIR,HAYIR
2026-08-16 19:56:04.684,0.00,0.00,0,0.0,0.0,0.000,0.0,0,HAYIR,HAYIR
2026-08-16 19:56:04.704,0.00,0.00,0,0.0,0.0,0.000,0.0,0,HAYIR,HAYIR
2026-08-16 19:56:04.724,0.00,0.00,0,0.0,0.0,0.000,0.0,0,HAYIR,HAYIR
2026-08-16 19:56:04.744,0.00,0.00,0,0.0,0.0,0.000,0.0,0,HAYIR,HAYIR
2026-08-16 19:56:04.764,0.00,0.00,0,0.0,0.0,0.000,0.0,0,HAYIR,HAYIR
2026-08-16 19:56:04.784,0.00,0.00,0,0.0,0.0,0.000,0.0,0,HAYIR,HAYIR
2026-08-16 19:56:04.804,0.00,0.00,0,0.0,0.0,0.000,0.0,0,HAYIR,HAYIR
2026-08-16 19:56:04.824,0.00,0.00,0,0.0,0.0,0.000,0.0,0,HAYIR,HAYIR
2026-08-16 19:56:04.844,0.00,0.00,0,0.0,0.0,0.000,0.0,0,HAYIR,HAYIR
2026-08-16 19:56:04.864,0.00,0.00,0,0.0,0.0,0.000,0.0,0,HAYIR,HAYIR
2026-08-16 19:56:04.884,0.00,0.00,0,0.0,0.0,0.000,0.0,0,HAYIR,HAYIR
2026-08-16 19:56:04.904,0.00,0.00,0,0.0,0.0,0.000,0.0,0,HAYIR,HAYIR
2026-08-16 19:56:04.924,0.00,0.00,0,0.0,0.0,0.000,0.0,0,HAYIR,HAYIR
2026-08-16 19:56:04.944,0.00,0.00,0,0.0,0.0,0.000,0.0,0,HAYIR,HAYIR
2026-08-16 19:56:04.964,0.00,0.00,0,0.0,0.0,0.000,0.0,0,HAYIR,HAYIR
2026-08-16 19:56:04.984,0.00,0.00,0,0.0,0.0,0.000,0.0,0,HAYIR,HAYIR
2026-08-16 19:56:05.005,0.00,0.00,0,0.0,0.0,0.000,0.0,0,HAYIR,HAYIR
2026-08-16 19:56:05.024,0.00,0.00,0,0.0,0.0,0.000,0.0,0,HAYIR,HAYIR
2026-08-16 19:56:05.044,0.00,0.00,0,0.0,0.0,0.000,0.0,0,HAYIR,HAYIR
2026-08-16 19:56:05.065,0.00,0.00,0,0.0,0.0,0.000,0.0,0,HAYIR,HAYIR
2026-08-16 19:56:05.084,0.00,0.00,0,0.0,0.0,0.000,0.0,0,HAYIR,HAYIR
2026-08-16 19:56:05.104,0.00,0.00,0,0.0,0.0,0.000,0.0,0,HAYIR,HAYIR
2026-08-16 19:56:05.124,0.00,0.00,0,0.0,0.0,0.000,0.0,0,HAYIR,HAYIR
2026-08-16 19:56:05.144,0.00,0.00,0,0.0,0.0,0.000,0.0,0,HAYIR,HAYIR
2026-08-16 19:56:05.165,0.00,0.00,0,0.0,0.0,0.000,0.0,0,HAYIR,HAYIR
2026-08-16 19:56:05.184,0.00,0.00,0,0.0,0.0,0.000,0.0,0,HAYIR,HAYIR
2026-08-16 19:56:05.204,0.00,0.00,0,0.0,0.0,0.000,0.0,0,HAYIR,HAYIR
2026-08-16 19:56:05.225,0.00,0.00,0,0.0,0.0,0.000,0.0,0,HAYIR,HAYIR
2026-08-16 19:56:05.244,0.00,0.00,0,0.0,0.0,0.000,0.0,0,HAYIR,HAYIR
2026-08-16 19:56:05.264,0.00,0.00,0,0.0,0.0,0.000,0.0,0,HAYIR,HAYIR
2026-08-16 19:56:05.284,0.00,0.00,0,0.0,0.0,0.000,0.0,0,HAYIR,HAYIR
2026-08-16 19:56:05.304,0.00,0.00,0,0.0,0.0,0.000,0.0,0,HAYIR,HAYIR
2026-08-16 19:56:05.324,0.00,0.00,0,0.0,0.0,0.000,0.0,0,HAYIR,HAYIR
2026-08-16 19:56:05.344,0.00,0.00,0,0.0,0.0,0.000,0.0,0,HAYIR,HAYIR
2026-08-16 19:56:05.364,0.00,0.00,0,0.0,0.0,0.000,0.0,0,HAYIR,HAYIR
2026-08-16 19:56:05.384,0.00,0.00,0,0.0,0.0,0.000,0.0,0,HAYIR,HAYIR
2026-08-16 19:56:05.404,0.00,0.00,0,0.0,0.0,0.000,0.0,0,HAYIR,HAYIR
2026-08-16 19:56:05.424,0.00,0.00,0,0.0,0.0,0.000,0.0,0,HAYIR,HAYIR
2026-08-16 19:56:05.444,0.00,0.00,0,0.0,0.0,0.000,0.0,0,HAYIR,HAYIR
2026-08-16 19:56:05.465,0.00,0.00,0,0.0,0.0,0.000,0.0,0,HAYIR,HAYIR
2026-08-16 19:56:05.485,0.00,0.00,0,0.0,0.0,0.000,0.0,0,HAYIR,HAYIR
2026-08-16 19:56:05.504,0.00,0.00,0,0.0,0.0,0.000,0.0,0,HAYIR,HAYIR
2026-08-16 19:56:05.524,0.00,0.00,0,0.0,0.0,0.000,0.0,0,HAYIR,HAYIR
2026-08-16 19:56:05.544,0.00,0.00,0,0.0,0.0,0.000,0.0,0,HAYIR,HAYIR
2026-08-16 19:56:05.564,0.00,0.00,0,0.0,0.0,0.000,0.0,0,HAYIR,HAYIR
2026-08-16 19:56:05.584,0.00,0.00,0,0.0,0.0,0.000,0.0,0,HAYIR,HAYIR
2026-08-16 19:56:05.604,0.00,0.00,0,0.0,0.0,0.000,0.0,0,HAYIR,HAYIR
2026-08-16 19:56:05.624,0.00,0.00,0,0.0,0.0,0.000,0.0,0,HAYIR,HAYIR
2026-08-16 19:56:05.644,0.00,0.00,0,0.0,0.0,0.000,0.0,0,HAYIR,HAYIR
2026-08-16 19:56:05.664,0.00,0.00,0,0.0,0.0,0.000,0.0,0,HAYIR,HAYIR
2026-08-16 19:56:05.684,0.00,0.00,0,0.0,0.0,0.000,0.0,0,HAYIR,HAYIR
2026-08-16 19:56:05.704,0.00,0.00,0,0.0,0.0,0.000,0.0,0,HAYIR,HAYIR
2026-08-16 19:56:05.724,0.00,0.00,0,0.0,0.0,0.000,0.0,0,HAYIR,HAYIR
2026-08-16 19:56:05.744,0.00,0.00,0,0.0,0.0,0.000,0.0,0,HAYIR,HAYIR
2026-08-16 19:56:05.764,0.00,0.00,0,0.0,0.0,0.000,0.0,0,HAYIR,HAYIR
2026-08-16 19:56:05.784,0.00,0.00,0,0.0,0.0,0.000,0.0,0,HAYIR,HAYIR
2026-08-16 19:56:05.804,0.00,0.00,0,0.0,0.0,0.000,0.0,0,HAYIR,HAYIR
2026-08-16 19:56:05.824,0.00,0.00,0,0.0,0.0,0.000,0.0,0,HAYIR,HAYIR
2026-08-16 19:56:05.844,0.00,0.00,0,0.0,0.0,0.000,0.0,0,HAYIR,HAYIR
2026-08-16 19:56:05.864,0.00,0.00,0,0.0,0.0,0.000,0.0,0,HAYIR,HAYIR
2026-08-16 19:56:05.884,0.00,0.00,0,0.0,0.0,0.000,0.0,0,HAYIR,HAYIR
2026-08-16 19:56:05.904,0.00,0.00,0,0.0,0.0,0.000,0.0,0,HAYIR,HAYIR
2026-08-16 19:56:05.924,0.00,0.00,0,0.0,0.0,0.000,0.0,0,HAYIR,HAYIR
2026-08-16 19:56:05.945,0.00,0.00,0,0.0,0.0,0.000,0.0,0,HAYIR,HAYIR
2026-08-16 19:56:05.964,0.00,0.00,0,0.0,0.0,0.000,0.0,0,HAYIR,HAYIR
2026-08-16 19:56:05.984,0.00,0.00,0,0.0,0.0,0.000,0.0,0,HAYIR,HAYIR
2026-08-16 19:56:06.004,0.00,0.00,0,0.0,0.0,0.000,0.0,0,HAYIR,HAYIR
2026-08-16 19:56:06.024,0.00,0.00,0,0.0,0.0,0.000,0.0,0,HAYIR,HAYIR
2026-08-16 19:56:06.044,0.00,0.00,0,0.0,0.0,0.000,0.0,0,HAYIR,HAYIR
2026-08-16 19:56:06.064,0.00,0.00,0,0.0,0.0,0.000,0.0,0,HAYIR,HAYIR
2026-08-16 19:56:06.084,0.00,0.00,0,0.0,0.0,0.000,0.0,0,HAYIR,HAYIR
2026-08-16 19:56:06.104,0.00,0.00,0,0.0,0.0,0.000,0.0,0,HAYIR,HAYIR
2026-08-16 19:56:06.124,0.00,0.00,0,0.0,0.0,0.000,0.0,0,HAYIR,HAYIR
2026-08-16 19:56:06.144,0.00,0.00,0,0.0,0.0,0.000,0.0,0,HAYIR,HAYIR
2026-08-16 19:56:06.164,0.00,0.00,0,0.0,0.0,0.000,0.0,0,HAYIR,HAYIR
2026-08-16 19:56:06.184,0.00,0.00,0,0.0,0.0,0.000,0.0,0,HAYIR,HAYIR
2026-08-16 19:56:06.204,0.00,0.00,0,0.0,0.0,0.000,0.0,0,HAYIR,HAYIR
2026-08-16 19:56:06.224,0.00,0.00,0,0.0,0.0,0.000,0.0,0,HAYIR,HAYIR
2026-08-16 19:56:06.244,0.00,0.00,0,0.0,0.0,0.000,0.0,0,HAYIR,HAYIR
2026-08-16 19:56:06.264,0.00,0.00,0,0.0,0.0,0.000,0.0,0,HAYIR,HAYIR
2026-08-16 19:56:06.284,0.00,0.00,0,0.0,0.0,0.000,0.0,0,HAYIR,HAYIR
2026-08-16 19:56:06.304,0.00,0.00,0,0.0,0.0,0.000,0.0,0,HAYIR,HAYIR
2026-08-16 19:56:06.324,0.00,0.00,0,0.0,0.0,0.000,0.0,0,HAYIR,HAYIR
2026-08-16 19:56:06.344,0.00,0.00,0,0.0,0.0,0.000,0.0,0,HAYIR,HAYIR
2026-08-16 19:56:06.364,0.00,0.00,0,0.0,0.0,0.000,0.0,0,HAYIR,HAYIR
2026-08-16 19:56:06.384,0.00,0.00,0,0.0,0.0,0.000,0.0,0,HAYIR,HAYIR
2026-08-16 19:56:06.404,0.00,0.00,0,0.0,0.0,0.000,0.0,0,HAYIR,HAYIR
2026-08-16 19:56:06.424,0.00,0.00,0,0.0,0.0,0.000,0.0,0,HAYIR,HAYIR
2026-08-16 19:56:06.444,0.00,0.00,0,0.0,0.0,0.000,0.0,0,HAYIR,HAYIR
2026-08-16 19:56:06.465,0.00,0.00,0,0.0,0.0,0.000,0.0,0,HAYIR,HAYIR
2026-08-16 19:56:06.485,0.00,0.00,0,0.0,0.0,0.000,0.0,0,HAYIR,HAYIR
2026-08-16 19:56:06.504,0.00,0.00,0,0.0,0.0,0.000,0.0,0,HAYIR,HAYIR
2026-08-16 19:56:06.524,0.00,0.00,0,0.0,0.0,0.000,0.0,0,HAYIR,HAYIR
2026-08-16 19:56:06.544,0.00,0.00,0,0.0,0.0,0.000,0.0,0,HAYIR,HAYIR
2026-08-16 19:56:06.564,0.00,0.00,0,0.0,0.0,0.000,0.0,0,HAYIR,HAYIR
2026-08-16 19:56:06.584,0.00,0.00,0,0.0,0.0,0.000,0.0,0,HAYIR,HAYIR
2026-08-16 19:56:06.604,0.00,0.00,0,0.0,0.0,0.000,0.0,0,HAYIR,HAYIR
2026-08-16 19:56:06.624,0.00,0.00,0,0.0,0.0,0.000,0.0,0,HAYIR,HAYIR
2026-08-16 19:56:06.644,0.00,0.00,0,0.0,0.0,0.000,0.0,0,HAYIR,HAYIR
2026-08-16 19:56:06.664,0.00,0.00,0,0.0,0.0,0.000,0.0,0,HAYIR,HAYIR
2026-08-16 19:56:06.684,0.00,0.00,0,0.0,0.0,0.000,0.0,0,HAYIR,HAYIR
2026-08-16 19:56:06.704,0.00,0.00,0,0.0,0.0,0.000,0.0,0,HAYIR,HAYIR
2026-08-16 19:56:06.724,0.00,0.00,0,0.0,0.0,0.000,0.0,0,HAYIR,HAYIR
2026-08-16 19:56:06.744,0.00,0.00,0,0.0,0.0,0.000,0.0,0,HAYIR,HAYIR
2026-08-16 19:56:06.764,0.00,0.00,0,0.0,0.0,0.000,0.0,0,HAYIR,HAYIR
2026-08-16 19:56:06.784,0.00,0.00,0,0.0,0.0,0.000,0.0,0,HAYIR,HAYIR
2026-08-16 19:56:06.804,0.00,0.00,0,0.0,0.0,0.000,0.0,0,HAYIR,HAYIR
2026-08-16 19:56:06.824,0.00,0.00,0,0.0,0.0,0.000,0.0,0,HAYIR,HAYIR
2026-08-16 19:56:06.844,0.00,0.00,0,0.0,0.0,0.000,0.0,0,HAYIR,HAYIR
2026-08-16 19:56:06.864,0.00,0.00,0,0.0,0.0,0.000,0.0,0,HAYIR,HAYIR
2026-08-16 19:56:06.884,0.00,0.00,0,0.0,0.0,0.000,0.0,0,HAYIR,HAYIR
2026-08-16 19:56:06.904,0.00,0.00,0,0.0,0.0,0.000,0.0,0,HAYIR,HAYIR
2026-08-16 19:56:06.924,0.00,0.00,0,0.0,0.0,0.000,0.0,0,HAYIR,HAYIR
2026-08-16 19:56:06.944,0.00,0.00,0,0.0,0.0,0.000,0.0,0,HAYIR,HAYIR
2026-08-16 19:56:06.965,0.00,0.00,0,0.0,0.0,0.000,0.0,0,HAYIR,HAYIR
2026-08-16 19:56:06.984,0.00,0.00,0,0.0,0.0,0.000,0.0,0,HAYIR,HAYIR
2026-08-16 19:56:07.004,0.00,0.00,0,0.0,0.0,0.000,0.0,0,HAYIR,HAYIR
2026-08-16 19:56:07.024,0.00,0.00,0,0.0,0.0,0.000,0.0,0,HAYIR,HAYIR
2026-08-16 19:56:07.045,0.00,0.00,0,0.0,0.0,0.000,0.0,0,HAYIR,HAYIR
2026-08-16 19:56:07.064,0.00,0.00,0,0.0,0.0,0.000,0.0,0,HAYIR,HAYIR
2026-08-16 19:56:07.085,0.00,0.00,0,0.0,0.0,0.000,0.0,0,HAYIR,HAYIR
2026-08-16 19:56:07.104,0.00,0.00,0,0.0,0.0,0.000,0.0,0,HAYIR,HAYIR
2026-08-16 19:56:07.124,0.00,0.00,0,0.0,0.0,0.000,0.0,0,HAYIR,HAYIR
2026-08-16 19:56:07.144,0.00,0.00,0,0.0,0.0,0.000,0.0,0,HAYIR,HAYIR
2026-08-16 19:56:07.164,0.00,0.00,0,0.0,0.0,0.000,0.0,0,HAYIR,HAYIR
2026-08-16 19:56:07.184,0.00,0.00,0,0.0,0.0,0.000,0.0,0,HAYIR,HAYIR
2026-08-16 19:56:07.204,0.00,0.00,0,0.0,0.0,0.000,0.0,0,HAYIR,HAYIR
2026-08-16 19:56:07.224,0.00,0.00,0,0.0,0.0,0.000,0.0,0,HAYIR,HAYIR
2026-08-16 19:56:07.244,0.00,0.00,0,0.0,0.0,0.000,0.0,0,HAYIR,HAYIR
2026-08-16 19:56:07.264,0.00,0.00,0,0.0,0.0,0.000,0.0,0,HAYIR,HAYIR
2026-08-16 19:56:07.284,0.00,0.00,0,0.0,0.0,0.000,0.0,0,HAYIR,HAYIR
2026-08-16 19:56:07.304,0.00,0.00,0,0.0,0.0,0.000,0.0,0,HAYIR,HAYIR
2026-08-16 19:56:07.324,0.00,0.00,0,0.0,0.0,0.000,0.0,0,HAYIR,HAYIR
2026-08-16 19:56:07.344,0.00,0.00,0,0.0,0.0,0.000,0.0,0,HAYIR,HAYIR
2026-08-16 19:56:07.364,0.00,0.00,0,0.0,0.0,0.000,0.0,0,HAYIR,HAYIR
2026-08-16 19:56:07.384,0.00,0.00,0,0.0,0.0,0.000,0.0,0,HAYIR,HAYIR
2026-08-16 19:56:07.404,0.00,0.00,0,0.0,0.0,0.000,0.0,0,HAYIR,HAYIR
2026-08-16 19:56:07.424,0.00,0.00,0,0.0,0.0,0.000,0.0,0,HAYIR,HAYIR
2026-08-16 19:56:07.444,0.00,0.00,0,0.0,0.0,0.000,0.0,0,HAYIR,HAYIR
2026-08-16 19:56:07.465,0.00,0.00,0,0.0,0.0,0.000,0.0,0,HAYIR,HAYIR
2026-08-16 19:56:07.485,0.00,0.00,0,0.0,0.0,0.000,0.0,0,HAYIR,HAYIR
2026-08-16 19:56:07.504,0.00,0.00,0,0.0,0.0,0.000,0.0,0,HAYIR,HAYIR
2026-08-16 19:56:07.524,0.00,0.00,0,0.0,0.0,0.000,0.0,0,HAYIR,HAYIR
2026-08-16 19:56:07.544,0.00,0.00,0,0.0,0.0,0.000,0.0,0,HAYIR,HAYIR
2026-08-16 19:56:07.565,0.00,0.00,0,0.0,0.0,0.000,0.0,0,HAYIR,HAYIR
2026-08-16 19:56:07.584,0.00,0.00,0,0.0,0.0,0.000,0.0,0,HAYIR,HAYIR
2026-08-16 19:56:07.604,0.00,0.00,0,0.0,0.0,0.000,0.0,0,HAYIR,HAYIR
2026-08-16 19:56:07.624,0.00,0.00,0,0.0,0.0,0.000,0.0,0,HAYIR,HAYIR
2026-08-16 19:56:07.644,0.00,0.00,0,0.0,0.0,0.000,0.0,0,HAYIR,HAYIR
2026-08-16 19:56:07.664,0.00,0.00,0,0.0,0.0,0.000,0.0,0,HAYIR,HAYIR
2026-08-16 19:56:07.684,0.00,0.00,0,0.0,0.0,0.000,0.0,0,HAYIR,HAYIR
2026-08-16 19:56:07.704,0.00,0.00,0,0.0,0.0,0.000,0.0,0,HAYIR,HAYIR
2026-08-16 19:56:07.724,0.00,0.00,0,0.0,0.0,0.000,0.0,0,HAYIR,HAYIR
2026-08-16 19:56:07.745,0.00,0.00,0,0.0,0.0,0.000,0.0,0,HAYIR,HAYIR
2026-08-16 19:56:07.764,0.00,0.00,0,0.0,0.0,0.000,0.0,0,HAYIR,HAYIR
2026-08-16 19:56:07.784,0.00,0.00,0,0.0,0.0,0.000,0.0,0,HAYIR,HAYIR
2026-08-16 19:56:07.804,0.00,0.00,0,0.0,0.0,0.000,0.0,0,HAYIR,HAYIR
2026-08-16 19:56:07.824,0.00,0.00,0,0.0,0.0,0.000,0.0,0,HAYIR,HAYIR
2026-08-16 19:56:07.844,0.00,0.00,0,0.0,0.0,0.000,0.0,0,HAYIR,HAYIR
2026-08-16 19:56:07.864,0.00,0.00,0,0.0,0.0,0.000,0.0,0,HAYIR,HAYIR
2026-08-16 19:56:07.884,0.00,0.00,0,0.0,0.0,0.000,0.0,0,HAYIR,HAYIR
2026-08-16 19:56:07.904,0.00,0.00,0,0.0,0.0,0.000,0.0,0,HAYIR,HAYIR
2026-08-16 19:56:07.924,0.00,0.00,0,0.0,0.0,0.000,0.0,0,HAYIR,HAYIR
2026-08-16 19:56:07.944,0.00,0.00,0,0.0,0.0,0.000,0.0,0,HAYIR,HAYIR
2026-08-16 19:56:07.964,0.00,0.00,0,0.0,0.0,0.000,0.0,0,HAYIR,HAYIR
2026-08-16 19:56:07.984,0.00,0.00,0,0.0,0.0,0.000,0.0,0,HAYIR,HAYIR
2026-08-16 19:56:08.004,0.00,0.00,0,0.0,0.0,0.000,0.0,0,HAYIR,HAYIR
2026-08-16 19:56:08.024,0.00,0.00,0,0.0,0.0,0.000,0.0,0,HAYIR,HAYIR
2026-08-16 19:56:08.044,0.00,0.00,0,0.0,0.0,0.000,0.0,0,HAYIR,HAYIR
2026-08-16 19:56:08.064,0.00,0.00,0,0.0,0.0,0.000,0.0,0,HAYIR,HAYIR
2026-08-16 19:56:08.084,0.00,0.00,0,0.0,0.0,0.000,0.0,0,HAYIR,HAYIR
2026-08-16 19:56:08.104,0.00,0.00,0,0.0,0.0,0.000,0.0,0,HAYIR,HAYIR
2026-08-16 19:56:08.124,0.00,0.00,0,0.0,0.0,0.000,0.0,0,HAYIR,HAYIR
2026-08-16 19:56:08.144,0.00,0.00,0,0.0,0.0,0.000,0.0,0,HAYIR,HAYIR
2026-08-16 19:56:08.164,0.00,0.00,0,0.0,0.0,0.000,0.0,0,HAYIR,HAYIR
2026-08-16 19:56:08.184,0.00,0.00,0,0.0,0.0,0.000,0.0,0,HAYIR,HAYIR
2026-08-16 19:56:08.204,0.00,0.00,0,0.0,0.0,0.000,0.0,0,HAYIR,HAYIR
2026-08-16 19:56:08.225,0.00,0.00,0,0.0,0.0,0.000,0.0,0,HAYIR,HAYIR
2026-08-16 19:56:08.244,0.00,0.00,0,0.0,0.0,0.000,0.0,0,HAYIR,HAYIR
2026-08-16 19:56:08.264,0.00,0.00,0,0.0,0.0,0.000,0.0,0,HAYIR,HAYIR
2026-08-16 19:56:08.284,0.00,0.00,0,0.0,0.0,0.000,0.0,0,HAYIR,HAYIR
2026-08-16 19:56:08.304,0.00,0.00,0,0.0,0.0,0.000,0.0,0,HAYIR,HAYIR
2026-08-16 19:56:08.324,0.00,0.00,0,0.0,0.0,0.000,0.0,0,HAYIR,HAYIR
2026-08-16 19:56:08.344,0.00,0.00,0,0.0,0.0,0.000,0.0,0,HAYIR,HAYIR
2026-08-16 19:56:08.364,0.00,0.00,0,0.0,0.0,0.000,0.0,0,HAYIR,HAYIR
2026-08-16 19:56:08.384,0.00,0.00,0,0.0,0.0,0.000,0.0,0,HAYIR,HAYIR
2026-08-16 19:56:08.404,0.00,0.00,0,0.0,0.0,0.000,0.0,0,HAYIR,HAYIR
2026-08-16 19:56:08.424,0.00,0.00,0,0.0,0.0,0.000,0.0,0,HAYIR,HAYIR
2026-08-16 19:56:08.444,0.00,0.00,0,0.0,0.0,0.000,0.0,0,HAYIR,HAYIR
2026-08-16 19:56:08.465,0.00,0.00,0,0.0,0.0,0.000,0.0,0,HAYIR,HAYIR
2026-08-16 19:56:08.485,0.00,0.00,0,0.0,0.0,0.000,0.0,0,HAYIR,HAYIR
2026-08-16 19:56:08.504,0.00,0.00,0,0.0,0.0,0.000,0.0,0,HAYIR,HAYIR
2026-08-16 19:56:08.524,0.00,0.00,0,0.0,0.0,0.000,0.0,0,HAYIR,HAYIR
2026-08-16 19:56:08.544,0.00,0.00,0,0.0,0.0,0.000,0.0,0,HAYIR,HAYIR
2026-08-16 19:56:08.564,0.00,0.00,0,0.0,0.0,0.000,0.0,0,HAYIR,HAYIR
2026-08-16 19:56:08.584,0.00,0.00,0,0.0,0.0,0.000,0.0,0,HAYIR,HAYIR
2026-08-16 19:56:08.604,0.00,0.00,0,0.0,0.0,0.000,0.0,0,HAYIR,HAYIR
2026-08-16 19:56:08.624,0.00,0.00,0,0.0,0.0,0.000,0.0,0,HAYIR,HAYIR
2026-08-16 19:56:08.644,0.00,0.00,0,0.0,0.0,0.000,0.0,0,HAYIR,HAYIR
2026-08-16 19:56:08.664,0.00,0.00,0,0.0,0.0,0.000,0.0,0,HAYIR,HAYIR
2026-08-16 19:56:08.684,0.00,0.00,0,0.0,0.0,0.000,0.0,0,HAYIR,HAYIR
2026-08-16 19:56:08.705,0.00,0.00,0,0.0,0.0,0.000,0.0,0,HAYIR,HAYIR
2026-08-16 19:56:08.724,0.00,0.00,0,0.0,0.0,0.000,0.0,0,HAYIR,HAYIR
2026-08-16 19:56:08.744,0.00,0.00,0,0.0,0.0,0.000,0.0,0,HAYIR,HAYIR
2026-08-16 19:56:08.764,0.00,0.00,0,0.0,0.0,0.000,0.0,0,HAYIR,HAYIR
2026-08-16 19:56:08.784,0.00,0.00,0,0.0,0.0,0.000,0.0,0,HAYIR,HAYIR
2026-08-16 19:56:08.804,0.00,0.00,0,0.0,0.0,0.000,0.0,0,HAYIR,HAYIR
2026-08-16 19:56:08.824,0.00,0.00,0,0.0,0.0,0.000,0.0,0,HAYIR,HAYIR
2026-08-16 19:56:08.844,0.00,0.00,0,0.0,0.0,0.000,0.0,0,HAYIR,HAYIR
2026-08-16 19:56:08.864,0.00,0.00,0,0.0,0.0,0.000,0.0,0,HAYIR,HAYIR
2026-08-16 19:56:08.884,0.00,0.00,0,0.0,0.0,0.000,0.0,0,HAYIR,HAYIR
2026-08-16 19:56:08.904,0.00,0.00,0,0.0,0.0,0.000,0.0,0,HAYIR,HAYIR
2026-08-16 19:56:08.924,0.00,0.00,0,0.0,0.0,0.000,0.0,0,HAYIR,HAYIR
2026-08-16 19:56:08.944,0.00,0.00,0,0.0,0.0,0.000,0.0,0,HAYIR,HAYIR
2026-08-16 19:56:08.964,0.00,0.00,0,0.0,0.0,0.000,0.0,0,HAYIR,HAYIR
2026-08-16 19:56:08.984,0.00,0.00,0,0.0,0.0,0.000,0.0,0,HAYIR,HAYIR
2026-08-16 19:56:09.004,0.00,0.00,0,0.0,0.0,0.000,0.0,0,HAYIR,HAYIR
2026-08-16 19:56:09.024,0.00,0.00,0,0.0,0.0,0.000,0.0,0,HAYIR,HAYIR
2026-08-16 19:56:09.044,0.00,0.00,0,0.0,0.0,0.000,0.0,0,HAYIR,HAYIR
2026-08-16 19:56:09.064,0.00,0.00,0,0.0,0.0,0.000,0.0,0,HAYIR,HAYIR
2026-08-16 19:56:09.084,0.00,0.00,0,0.0,0.0,0.000,0.0,0,HAYIR,HAYIR
2026-08-16 19:56:09.104,0.00,0.00,0,0.0,0.0,0.000,0.0,0,HAYIR,HAYIR
2026-08-16 19:56:09.124,0.00,0.00,0,0.0,0.0,0.000,0.0,0,HAYIR,HAYIR
2026-08-16 19:56:09.144,0.00,0.00,0,0.0,0.0,0.000,0.0,0,HAYIR,HAYIR
2026-08-16 19:56:09.164,0.00,0.00,0,0.0,0.0,0.000,0.0,0,HAYIR,HAYIR
2026-08-16 19:56:09.184,0.00,0.00,0,0.0,0.0,0.000,0.0,0,HAYIR,HAYIR
2026-08-16 19:56:09.204,0.00,0.00,0,0.0,0.0,0.000,0.0,0,HAYIR,HAYIR
2026-08-16 19:56:09.224,0.00,0.00,0,0.0,0.0,0.000,0.0,0,HAYIR,HAYIR
2026-08-16 19:56:09.245,0.00,0.00,0,0.0,0.0,0.000,0.0,0,HAYIR,HAYIR
2026-08-16 19:56:09.264,0.00,0.00,0,0.0,0.0,0.000,0.0,0,HAYIR,HAYIR
2026-08-16 19:56:09.284,0.00,0.00,0,0.0,0.0,0.000,0.0,0,HAYIR,HAYIR
2026-08-16 19:56:09.304,0.00,0.00,0,0.0,0.0,0.000,0.0,0,HAYIR,HAYIR
2026-08-16 19:56:09.324,0.00,0.00,0,0.0,0.0,0.000,0.0,0,HAYIR,HAYIR
2026-08-16 19:56:09.344,0.00,0.00,0,0.0,0.0,0.000,0.0,0,HAYIR,HAYIR
2026-08-16 19:56:09.364,0.00,0.00,0,0.0,0.0,0.000,0.0,0,HAYIR,HAYIR
2026-08-16 19:56:09.384,0.00,0.00,0,0.0,0.0,0.000,0.0,0,HAYIR,HAYIR
2026-08-16 19:56:09.404,0.00,0.00,0,0.0,0.0,0.000,0.0,0,HAYIR,HAYIR
2026-08-16 19:56:09.424,0.00,0.00,0,0.0,0.0,0.000,0.0,0,HAYIR,HAYIR
2026-08-16 19:56:09.444,0.00,0.00,0,0.0,0.0,0.000,0.0,0,HAYIR,HAYIR
2026-08-16 19:56:09.465,0.00,0.00,0,0.0,0.0,0.000,0.0,0,HAYIR,HAYIR
2026-08-16 19:56:09.485,0.00,0.00,0,0.0,0.0,0.000,0.0,0,HAYIR,HAYIR
2026-08-16 19:56:09.504,0.00,0.00,0,0.0,0.0,0.000,0.0,0,HAYIR,HAYIR
2026-08-16 19:56:09.524,0.00,0.00,0,0.0,0.0,0.000,0.0,0,HAYIR,HAYIR
2026-08-16 19:56:09.544,0.00,0.00,0,0.0,0.0,0.000,0.0,0,HAYIR,HAYIR
2026-08-16 19:56:09.564,0.00,0.00,0,0.0,0.0,0.000,0.0,0,HAYIR,HAYIR
2026-08-16 19:56:09.584,0.00,0.00,0,0.0,0.0,0.000,0.0,0,HAYIR,HAYIR
2026-08-16 19:56:09.604,0.00,0.00,0,0.0,0.0,0.000,0.0,0,HAYIR,HAYIR
2026-08-16 19:56:09.625,0.00,0.00,0,0.0,0.0,0.000,0.0,0,HAYIR,HAYIR
2026-08-16 19:56:09.644,0.00,0.00,0,0.0,0.0,0.000,0.0,0,HAYIR,HAYIR
2026-08-16 19:56:09.664,0.00,0.00,0,0.0,0.0,0.000,0.0,0,HAYIR,HAYIR
2026-08-16 19:56:09.684,0.00,0.00,0,0.0,0.0,0.000,0.0,0,HAYIR,HAYIR
2026-08-16 19:56:09.704,0.00,0.00,0,0.0,0.0,0.000,0.0,0,HAYIR,HAYIR
2026-08-16 19:56:09.724,0.00,0.00,0,0.0,0.0,0.000,0.0,0,HAYIR,HAYIR
2026-08-16 19:56:09.744,0.00,0.00,0,0.0,0.0,0.000,0.0,0,HAYIR,HAYIR
2026-08-16 19:56:09.764,0.00,0.00,0,0.0,0.0,0.000,0.0,0,HAYIR,HAYIR
2026-08-16 19:56:09.784,0.00,0.00,0,0.0,0.0,0.000,0.0,0,HAYIR,HAYIR
2026-08-16 19:56:09.804,0.00,0.00,0,0.0,0.0,0.000,0.0,0,HAYIR,HAYIR
2026-08-16 19:56:09.824,0.00,0.00,0,0.0,0.0,0.000,0.0,0,HAYIR,HAYIR
2026-08-16 19:56:09.844,0.00,0.00,0,0.0,0.0,0.000,0.0,0,HAYIR,HAYIR
2026-08-16 19:56:09.864,0.00,0.00,0,0.0,0.0,0.000,0.0,0,HAYIR,HAYIR
2026-08-16 19:56:09.884,0.00,0.00,0,0.0,0.0,0.000,0.0,0,HAYIR,HAYIR
2026-08-16 19:56:09.904,0.00,0.00,0,0.0,0.0,0.000,0.0,0,HAYIR,HAYIR
2026-08-16 19:56:09.924,0.00,0.00,0,0.0,0.0,0.000,0.0,0,HAYIR,HAYIR
2026-08-16 19:56:09.944,0.00,0.00,0,0.0,0.0,0.000,0.0,0,HAYIR,HAYIR
2026-08-16 19:56:09.964,0.00,0.00,0,0.0,0.0,0.000,0.0,0,HAYIR,HAYIR
2026-08-16 19:56:09.984,0.00,0.00,0,0.0,0.0,0.000,0.0,0,HAYIR,HAYIR
2026-08-16 19:56:10.004,0.00,0.00,0,0.0,0.0,0.000,0.0,0,HAYIR,HAYIR
2026-08-16 19:56:10.024,0.00,0.00,0,0.0,0.0,0.000,0.0,0,HAYIR,HAYIR
2026-08-16 19:56:10.044,0.00,0.00,0,0.0,0.0,0.000,0.0,0,HAYIR,HAYIR
2026-08-16 19:56:10.064,0.00,0.00,0,0.0,0.0,0.000,0.0,0,HAYIR,HAYIR
2026-08-16 19:56:10.084,0.00,0.00,0,0.0,0.0,0.000,0.0,0,HAYIR,HAYIR
2026-08-16 19:56:10.105,0.00,0.00,0,0.0,0.0,0.000,0.0,0,HAYIR,HAYIR
2026-08-16 19:56:10.124,0.00,0.00,0,0.0,0.0,0.000,0.0,0,HAYIR,HAYIR
2026-08-16 19:56:10.144,0.00,0.00,0,0.0,0.0,0.000,0.0,0,HAYIR,HAYIR
2026-08-16 19:56:10.164,0.00,0.00,0,0.0,0.0,0.000,0.0,0,HAYIR,HAYIR
2026-08-16 19:56:10.184,0.00,0.00,0,0.0,0.0,0.000,0.0,0,HAYIR,HAYIR
2026-08-16 19:56:10.204,0.00,0.00,0,0.0,0.0,0.000,0.0,0,HAYIR,HAYIR
2026-08-16 19:56:10.224,0.00,0.00,0,0.0,0.0,0.000,0.0,0,HAYIR,HAYIR
2026-08-16 19:56:10.244,0.00,0.00,0,0.0,0.0,0.000,0.0,0,HAYIR,HAYIR
2026-08-16 19:56:10.264,0.00,0.00,0,0.0,0.0,0.000,0.0,0,HAYIR,HAYIR
2026-08-16 19:56:10.284,0.00,0.00,0,0.0,0.0,0.000,0.0,0,HAYIR,HAYIR
2026-08-16 19:56:10.304,0.00,0.00,0,0.0,0.0,0.000,0.0,0,HAYIR,HAYIR
2026-08-16 19:56:10.325,0.00,0.00,0,0.0,0.0,0.000,0.0,0,HAYIR,HAYIR
2026-08-16 19:56:10.344,0.00,0.00,0,0.0,0.0,0.000,0.0,0,HAYIR,HAYIR
2026-08-16 19:56:10.364,0.00,0.00,0,0.0,0.0,0.000,0.0,0,HAYIR,HAYIR
2026-08-16 19:56:10.384,0.00,0.00,0,0.0,0.0,0.000,0.0,0,HAYIR,HAYIR
2026-08-16 19:56:10.404,0.00,0.00,0,0.0,0.0,0.000,0.0,0,HAYIR,HAYIR
2026-08-16 19:56:10.424,0.00,0.00,0,0.0,0.0,0.000,0.0,0,HAYIR,HAYIR
2026-08-16 19:56:10.444,0.00,0.00,0,0.0,0.0,0.000,0.0,0,HAYIR,HAYIR
2026-08-16 19:56:10.464,0.00,0.00,0,0.0,0.0,0.000,0.0,0,HAYIR,HAYIR
2026-08-16 19:56:10.484,0.00,0.00,0,0.0,0.0,0.000,0.0,0,HAYIR,HAYIR
2026-08-16 19:56:10.505,0.00,0.00,0,0.0,0.0,0.000,0.0,0,HAYIR,HAYIR
2026-08-16 19:56:10.524,0.00,0.00,0,0.0,0.0,0.000,0.0,0,HAYIR,HAYIR
2026-08-16 19:56:10.544,0.00,0.00,0,0.0,0.0,0.000,0.0,0,HAYIR,HAYIR
2026-08-16 19:56:10.564,0.00,0.00,0,0.0,0.0,0.000,0.0,0,HAYIR,HAYIR
2026-08-16 19:56:10.584,0.00,0.00,0,0.0,0.0,0.000,0.0,0,HAYIR,HAYIR
2026-08-16 19:56:10.604,0.00,0.00,0,0.0,0.0,0.000,0.0,0,HAYIR,HAYIR
2026-08-16 19:56:10.624,0.00,0.00,0,0.0,0.0,0.000,0.0,0,HAYIR,HAYIR
2026-08-16 19:56:10.644,0.00,0.00,0,0.0,0.0,0.000,0.0,0,HAYIR,HAYIR
2026-08-16 19:56:10.664,0.00,0.00,0,0.0,0.0,0.000,0.0,0,HAYIR,HAYIR
2026-08-16 19:56:10.685,0.00,0.00,0,0.0,0.0,0.000,0.0,0,HAYIR,HAYIR
2026-08-16 19:56:10.704,0.00,0.00,0,0.0,0.0,0.000,0.0,0,HAYIR,HAYIR
2026-08-16 19:56:10.724,0.00,0.00,0,0.0,0.0,0.000,0.0,0,HAYIR,HAYIR
2026-08-16 19:56:10.744,0.00,0.00,0,0.0,0.0,0.000,0.0,0,HAYIR,HAYIR
2026-08-16 19:56:10.764,0.00,0.00,0,0.0,0.0,0.000,0.0,0,HAYIR,HAYIR
2026-08-16 19:56:10.784,0.00,0.00,0,0.0,0.0,0.000,0.0,0,HAYIR,HAYIR
2026-08-16 19:56:10.804,0.00,0.00,0,0.0,0.0,0.000,0.0,0,HAYIR,HAYIR
2026-08-16 19:56:10.824,0.00,0.00,0,0.0,0.0,0.000,0.0,0,HAYIR,HAYIR
2026-08-16 19:56:10.844,0.00,0.00,0,0.0,0.0,0.000,0.0,0,HAYIR,HAYIR
2026-08-16 19:56:10.865,0.00,0.00,0,0.0,0.0,0.000,0.0,0,HAYIR,HAYIR
2026-08-16 19:56:10.884,0.00,0.00,0,0.0,0.0,0.000,0.0,0,HAYIR,HAYIR
2026-08-16 19:56:10.904,0.00,0.00,0,0.0,0.0,0.000,0.0,0,HAYIR,HAYIR
2026-08-16 19:56:10.924,0.00,0.00,0,0.0,0.0,0.000,0.0,0,HAYIR,HAYIR
2026-08-16 19:56:10.944,0.00,0.00,0,0.0,0.0,0.000,0.0,0,HAYIR,HAYIR
2026-08-16 19:56:10.964,0.00,0.00,0,0.0,0.0,0.000,0.0,0,HAYIR,HAYIR
2026-08-16 19:56:10.984,0.00,0.00,0,0.0,0.0,0.000,0.0,0,HAYIR,HAYIR
2026-08-16 19:56:11.004,0.00,0.00,0,0.0,0.0,0.000,0.0,0,HAYIR,HAYIR
2026-08-16 19:56:11.024,0.00,0.00,0,0.0,0.0,0.000,0.0,0,HAYIR,HAYIR
2026-08-16 19:56:11.044,0.00,0.00,0,0.0,0.0,0.000,0.0,0,HAYIR,HAYIR
2026-08-16 19:56:11.064,0.00,0.00,0,0.0,0.0,0.000,0.0,0,HAYIR,HAYIR
2026-08-16 19:56:11.084,0.00,0.00,0,0.0,0.0,0.000,0.0,0,HAYIR,HAYIR
2026-08-16 19:56:11.104,0.00,0.00,0,0.0,0.0,0.000,0.0,0,HAYIR,HAYIR
2026-08-16 19:56:11.124,0.00,0.00,0,0.0,0.0,0.000,0.0,0,HAYIR,HAYIR
2026-08-16 19:56:11.144,0.00,0.00,0,0.0,0.0,0.000,0.0,0,HAYIR,HAYIR
2026-08-16 19:56:11.164,0.00,0.00,0,0.0,0.0,0.000,0.0,0,HAYIR,HAYIR
2026-08-16 19:56:11.184,0.00,0.00,0,0.0,0.0,0.000,0.0,0,HAYIR,HAYIR
2026-08-16 19:56:11.204,0.00,0.00,0,0.0,0.0,0.000,0.0,0,HAYIR,HAYIR
2026-08-16 19:56:11.224,0.00,0.00,0,0.0,0.0,0.000,0.0,0,HAYIR,HAYIR
2026-08-16 19:56:11.244,0.00,0.00,0,0.0,0.0,0.000,0.0,0,HAYIR,HAYIR
2026-08-16 19:56:11.264,0.00,0.00,0,0.0,0.0,0.000,0.0,0,HAYIR,HAYIR
2026-08-16 19:56:11.284,0.00,0.00,0,0.0,0.0,0.000,0.0,0,HAYIR,HAYIR
2026-08-16 19:56:11.304,0.00,0.00,0,0.0,0.0,0.000,0.0,0,HAYIR,HAYIR
2026-08-16 19:56:11.324,0.00,0.00,0,0.0,0.0,0.000,0.0,0,HAYIR,HAYIR
2026-08-16 19:56:11.344,0.00,0.00,0,0.0,0.0,0.000,0.0,0,HAYIR,HAYIR
2026-08-16 19:56:11.364,0.00,0.00,0,0.0,0.0,0.000,0.0,0,HAYIR,HAYIR
2026-08-16 19:56:11.384,0.00,0.00,0,0.0,0.0,0.000,0.0,0,HAYIR,HAYIR
2026-08-16 19:56:11.404,0.00,0.00,0,0.0,0.0,0.000,0.0,0,HAYIR,HAYIR
2026-08-16 19:56:11.424,0.00,0.00,0,0.0,0.0,0.000,0.0,0,HAYIR,HAYIR
2026-08-16 19:56:11.444,0.00,0.00,0,0.0,0.0,0.000,0.0,0,HAYIR,HAYIR
2026-08-16 19:56:11.465,0.00,0.00,0,0.0,0.0,0.000,0.0,0,HAYIR,HAYIR
2026-08-16 19:56:11.485,0.00,0.00,0,0.0,0.0,0.000,0.0,0,HAYIR,HAYIR
2026-08-16 19:56:11.504,0.00,0.00,0,0.0,0.0,0.000,0.0,0,HAYIR,HAYIR
2026-08-16 19:56:11.524,0.00,0.00,0,0.0,0.0,0.000,0.0,0,HAYIR,HAYIR
2026-08-16 19:56:11.544,0.00,0.00,0,0.0,0.0,0.000,0.0,0,HAYIR,HAYIR
2026-08-16 19:56:11.564,0.00,0.00,0,0.0,0.0,0.000,0.0,0,HAYIR,HAYIR
2026-08-16 19:56:11.584,0.00,0.00,0,0.0,0.0,0.000,0.0,0,HAYIR,HAYIR
2026-08-16 19:56:11.604,0.00,0.00,0,0.0,0.0,0.000,0.0,0,HAYIR,HAYIR
2026-08-16 19:56:11.624,0.00,0.00,0,0.0,0.0,0.000,0.0,0,HAYIR,HAYIR
2026-08-16 19:56:11.644,0.00,0.00,0,0.0,0.0,0.000,0.0,0,HAYIR,HAYIR
2026-08-16 19:56:11.664,0.00,0.00,0,0.0,0.0,0.000,0.0,0,HAYIR,HAYIR
2026-08-16 19:56:11.684,0.00,0.00,0,0.0,0.0,0.000,0.0,0,HAYIR,HAYIR
2026-08-16 19:56:11.704,0.00,0.00,0,0.0,0.0,0.000,0.0,0,HAYIR,HAYIR
2026-08-16 19:56:11.724,0.00,0.00,0,0.0,0.0,0.000,0.0,0,HAYIR,HAYIR
2026-08-16 19:56:11.744,0.00,0.00,0,0.0,0.0,0.000,0.0,0,HAYIR,HAYIR
2026-08-16 19:56:11.764,0.00,0.00,0,0.0,0.0,0.000,0.0,0,HAYIR,HAYIR
2026-08-16 19:56:11.784,0.00,0.00,0,0.0,0.0,0.000,0.0,0,HAYIR,HAYIR
2026-08-16 19:56:11.804,0.00,0.00,0,0.0,0.0,0.000,0.0,0,HAYIR,HAYIR
2026-08-16 19:56:11.824,0.00,0.00,0,0.0,0.0,0.000,0.0,0,HAYIR,HAYIR
2026-08-16 19:56:11.844,0.00,0.00,0,0.0,0.0,0.000,0.0,0,HAYIR,HAYIR
2026-08-16 19:56:11.864,0.00,0.00,0,0.0,0.0,0.000,0.0,0,HAYIR,HAYIR
2026-08-16 19:56:11.884,0.00,0.00,0,0.0,0.0,0.000,0.0,0,HAYIR,HAYIR
2026-08-16 19:56:11.904,0.00,0.00,0,0.0,0.0,0.000,0.0,0,HAYIR,HAYIR
2026-08-16 19:56:11.924,0.00,0.00,0,0.0,0.0,0.000,0.0,0,HAYIR,HAYIR
2026-08-16 19:56:11.944,0.00,0.00,0,0.0,0.0,0.000,0.0,0,HAYIR,HAYIR
2026-08-16 19:56:11.965,0.00,0.00,0,0.0,0.0,0.000,0.0,0,HAYIR,HAYIR
2026-08-16 19:56:11.985,0.00,0.00,0,0.0,0.0,0.000,0.0,0,HAYIR,HAYIR
2026-08-16 19:56:12.004,0.00,0.00,0,0.0,0.0,0.000,0.0,0,HAYIR,HAYIR
2026-08-16 19:56:12.024,0.00,0.00,0,0.0,0.0,0.000,0.0,0,HAYIR,HAYIR
2026-08-16 19:56:12.044,0.00,0.00,0,0.0,0.0,0.000,0.0,0,HAYIR,HAYIR
2026-08-16 19:56:12.064,0.00,0.00,0,0.0,0.0,0.000,0.0,0,HAYIR,HAYIR
2026-08-16 19:56:12.084,0.00,0.00,0,0.0,0.0,0.000,0.0,0,HAYIR,HAYIR
2026-08-16 19:56:12.104,0.00,0.00,0,0.0,0.0,0.000,0.0,0,HAYIR,HAYIR
2026-08-16 19:56:12.124,0.00,0.00,0,0.0,0.0,0.000,0.0,0,HAYIR,HAYIR
2026-08-16 19:56:12.144,0.00,0.00,0,0.0,0.0,0.000,0.0,0,HAYIR,HAYIR
2026-08-16 19:56:12.164,0.00,0.00,0,0.0,0.0,0.000,0.0,0,HAYIR,HAYIR
2026-08-16 19:56:12.184,0.00,0.00,0,0.0,0.0,0.000,0.0,0,HAYIR,HAYIR
2026-08-16 19:56:12.204,0.00,0.00,0,0.0,0.0,0.000,0.0,0,HAYIR,HAYIR
2026-08-16 19:56:12.224,0.00,0.00,0,0.0,0.0,0.000,0.0,0,HAYIR,HAYIR
2026-08-16 19:56:12.244,0.00,0.00,0,0.0,0.0,0.000,0.0,0,HAYIR,HAYIR
2026-08-16 19:56:12.265,0.00,0.00,0,0.0,0.0,0.000,0.0,0,HAYIR,HAYIR
2026-08-16 19:56:12.284,0.00,0.00,0,0.0,0.0,0.000,0.0,0,HAYIR,HAYIR
2026-08-16 19:56:12.304,0.00,0.00,0,0.0,0.0,0.000,0.0,0,HAYIR,HAYIR
2026-08-16 19:56:12.324,0.00,0.00,0,0.0,0.0,0.000,0.0,0,HAYIR,HAYIR
2026-08-16 19:56:12.344,0.00,0.00,0,0.0,0.0,0.000,0.0,0,HAYIR,HAYIR
2026-08-16 19:56:12.364,0.00,0.00,0,0.0,0.0,0.000,0.0,0,HAYIR,HAYIR
2026-08-16 19:56:12.384,0.00,0.00,0,0.0,0.0,0.000,0.0,0,HAYIR,HAYIR
2026-08-16 19:56:12.404,0.00,0.00,0,0.0,0.0,0.000,0.0,0,HAYIR,HAYIR
2026-08-16 19:56:12.424,0.00,0.00,0,0.0,0.0,0.000,0.0,0,HAYIR,HAYIR
2026-08-16 19:56:12.444,0.00,0.00,0,0.0,0.0,0.000,0.0,0,HAYIR,HAYIR
2026-08-16 19:56:12.465,0.00,0.00,0,0.0,0.0,0.000,0.0,0,HAYIR,HAYIR
2026-08-16 19:56:12.485,0.00,0.00,0,0.0,0.0,0.000,0.0,0,HAYIR,HAYIR
2026-08-16 19:56:12.504,0.00,0.00,0,0.0,0.0,0.000,0.0,0,HAYIR,HAYIR
2026-08-16 19:56:12.524,0.00,0.00,0,0.0,0.0,0.000,0.0,0,HAYIR,HAYIR
2026-08-16 19:56:12.544,0.00,0.00,0,0.0,0.0,0.000,0.0,0,HAYIR,HAYIR
2026-08-16 19:56:12.564,0.00,0.00,0,0.0,0.0,0.000,0.0,0,HAYIR,HAYIR
2026-08-16 19:56:12.584,0.00,0.00,0,0.0,0.0,0.000,0.0,0,HAYIR,HAYIR
2026-08-16 19:56:12.604,0.00,0.00,0,0.0,0.0,0.000,0.0,0,HAYIR,HAYIR
2026-08-16 19:56:12.625,0.00,0.00,0,0.0,0.0,0.000,0.0,0,HAYIR,HAYIR
2026-08-16 19:56:12.644,0.00,0.00,0,0.0,0.0,0.000,0.0,0,HAYIR,HAYIR
2026-08-16 19:56:12.664,0.00,0.00,0,0.0,0.0,0.000,0.0,0,HAYIR,HAYIR
2026-08-16 19:56:12.684,0.00,0.00,0,0.0,0.0,0.000,0.0,0,HAYIR,HAYIR
2026-08-16 19:56:12.704,0.00,0.00,0,0.0,0.0,0.000,0.0,0,HAYIR,HAYIR
2026-08-16 19:56:12.724,0.00,0.00,0,0.0,0.0,0.000,0.0,0,HAYIR,HAYIR
2026-08-16 19:56:12.744,0.00,0.00,0,0.0,0.0,0.000,0.0,0,HAYIR,HAYIR
2026-08-16 19:56:12.764,0.00,0.00,0,0.0,0.0,0.000,0.0,0,HAYIR,HAYIR
2026-08-16 19:56:12.784,0.00,0.00,0,0.0,0.0,0.000,0.0,0,HAYIR,HAYIR
2026-08-16 19:56:12.804,0.00,0.00,0,0.0,0.0,0.000,0.0,0,HAYIR,HAYIR
2026-08-16 19:56:12.824,0.00,0.00,0,0.0,0.0,0.000,0.0,0,HAYIR,HAYIR
2026-08-16 19:56:12.844,0.00,0.00,0,0.0,0.0,0.000,0.0,0,HAYIR,HAYIR
2026-08-16 19:56:12.864,0.00,0.00,0,0.0,0.0,0.000,0.0,0,HAYIR,HAYIR
2026-08-16 19:56:12.884,0.00,0.00,0,0.0,0.0,0.000,0.0,0,HAYIR,HAYIR
2026-08-16 19:56:12.904,0.00,0.00,0,0.0,0.0,0.000,0.0,0,HAYIR,HAYIR
2026-08-16 19:56:12.924,0.00,0.00,0,0.0,0.0,0.000,0.0,0,HAYIR,HAYIR
2026-08-16 19:56:12.944,0.00,0.00,0,0.0,0.0,0.000,0.0,0,HAYIR,HAYIR
2026-08-16 19:56:12.964,0.00,0.00,0,0.0,0.0,0.000,0.0,0,HAYIR,HAYIR
2026-08-16 19:56:12.984,0.00,0.00,0,0.0,0.0,0.000,0.0,0,HAYIR,HAYIR
2026-08-16 19:56:13.004,0.00,0.00,0,0.0,0.0,0.000,0.0,0,HAYIR,HAYIR
2026-08-16 19:56:13.024,0.00,0.00,0,0.0,0.0,0.000,0.0,0,HAYIR,HAYIR
2026-08-16 19:56:13.044,0.00,0.00,0,0.0,0.0,0.000,0.0,0,HAYIR,HAYIR
2026-08-16 19:56:13.064,0.00,0.00,0,0.0,0.0,0.000,0.0,0,HAYIR,HAYIR
2026-08-16 19:56:13.084,0.00,0.00,0,0.0,0.0,0.000,0.0,0,HAYIR,HAYIR
2026-08-16 19:56:13.104,0.00,0.00,0,0.0,0.0,0.000,0.0,0,HAYIR,HAYIR
2026-08-16 19:56:13.124,0.00,0.00,0,0.0,0.0,0.000,0.0,0,HAYIR,HAYIR
2026-08-16 19:56:13.144,0.00,0.00,0,0.0,0.0,0.000,0.0,0,HAYIR,HAYIR
2026-08-16 19:56:13.164,0.00,0.00,0,0.0,0.0,0.000,0.0,0,HAYIR,HAYIR
2026-08-16 19:56:13.184,0.00,0.00,0,0.0,0.0,0.000,0.0,0,HAYIR,HAYIR
2026-08-16 19:56:13.204,0.00,0.00,0,0.0,0.0,0.000,0.0,0,HAYIR,HAYIR
2026-08-16 19:56:13.224,0.00,0.00,0,0.0,0.0,0.000,0.0,0,HAYIR,HAYIR
2026-08-16 19:56:13.244,0.00,0.00,0,0.0,0.0,0.000,0.0,0,HAYIR,HAYIR
2026-08-16 19:56:13.264,0.00,0.00,0,0.0,0.0,0.000,0.0,0,HAYIR,HAYIR
2026-08-16 19:56:13.284,0.00,0.00,0,0.0,0.0,0.000,0.0,0,HAYIR,HAYIR
2026-08-16 19:56:13.304,0.00,0.00,0,0.0,0.0,0.000,0.0,0,HAYIR,HAYIR
2026-08-16 19:56:13.324,0.00,0.00,0,0.0,0.0,0.000,0.0,0,HAYIR,HAYIR
2026-08-16 19:56:13.344,0.00,0.00,0,0.0,0.0,0.000,0.0,0,HAYIR,HAYIR
2026-08-16 19:56:13.364,0.00,0.00,0,0.0,0.0,0.000,0.0,0,HAYIR,HAYIR
2026-08-16 19:56:13.384,0.00,0.00,0,0.0,0.0,0.000,0.0,0,HAYIR,HAYIR
2026-08-16 19:56:13.404,0.00,0.00,0,0.0,0.0,0.000,0.0,0,HAYIR,HAYIR
2026-08-16 19:56:13.424,0.00,0.00,0,0.0,0.0,0.000,0.0,0,HAYIR,HAYIR
2026-08-16 19:56:13.444,0.00,0.00,0,0.0,0.0,0.000,0.0,0,HAYIR,HAYIR
2026-08-16 19:56:13.464,0.00,0.00,0,0.0,0.0,0.000,0.0,0,HAYIR,HAYIR
2026-08-16 19:56:13.484,0.00,0.00,0,0.0,0.0,0.000,0.0,0,HAYIR,HAYIR
2026-08-16 19:56:13.504,0.00,0.00,0,0.0,0.0,0.000,0.0,0,HAYIR,HAYIR
2026-08-16 19:56:13.524,0.00,0.00,0,0.0,0.0,0.000,0.0,0,HAYIR,HAYIR
2026-08-16 19:56:13.544,0.00,0.00,0,0.0,0.0,0.000,0.0,0,HAYIR,HAYIR
2026-08-16 19:56:13.564,0.00,0.00,0,0.0,0.0,0.000,0.0,0,HAYIR,HAYIR
2026-08-16 19:56:13.584,0.00,0.00,0,0.0,0.0,0.000,0.0,0,HAYIR,HAYIR
2026-08-16 19:56:13.604,0.00,0.00,0,0.0,0.0,0.000,0.0,0,HAYIR,HAYIR
2026-08-16 19:56:13.624,0.00,0.00,0,0.0,0.0,0.000,0.0,0,HAYIR,HAYIR
2026-08-16 19:56:13.644,0.00,0.00,0,0.0,0.0,0.000,0.0,0,HAYIR,HAYIR
2026-08-16 19:56:13.664,0.00,0.00,0,0.0,0.0,0.000,0.0,0,HAYIR,HAYIR
2026-08-16 19:56:13.684,0.00,0.00,0,0.0,0.0,0.000,0.0,0,HAYIR,HAYIR
2026-08-16 19:56:13.704,0.00,0.00,0,0.0,0.0,0.000,0.0,0,HAYIR,HAYIR
2026-08-16 19:56:13.724,0.00,0.00,0,0.0,0.0,0.000,0.0,0,HAYIR,HAYIR
2026-08-16 19:56:13.744,0.00,0.00,0,0.0,0.0,0.000,0.0,0,HAYIR,HAYIR
2026-08-16 19:56:13.764,0.00,0.00,0,0.0,0.0,0.000,0.0,0,HAYIR,HAYIR
2026-08-16 19:56:13.784,0.00,0.00,0,0.0,0.0,0.000,0.0,0,HAYIR,HAYIR
2026-08-16 19:56:13.804,0.00,0.00,0,0.0,0.0,0.000,0.0,0,HAYIR,HAYIR
2026-08-16 19:56:13.824,0.00,0.00,0,0.0,0.0,0.000,0.0,0,HAYIR,HAYIR
2026-08-16 19:56:13.844,0.00,0.00,0,0.0,0.0,0.000,0.0,0,HAYIR,HAYIR
2026-08-16 19:56:13.864,0.00,0.00,0,0.0,0.0,0.000,0.0,0,HAYIR,HAYIR
2026-08-16 19:56:13.884,0.00,0.00,0,0.0,0.0,0.000,0.0,0,HAYIR,HAYIR
2026-08-16 19:56:13.904,0.00,0.00,0,0.0,0.0,0.000,0.0,0,HAYIR,HAYIR
2026-08-16 19:56:13.924,0.00,0.00,0,0.0,0.0,0.000,0.0,0,HAYIR,HAYIR
2026-08-16 19:56:13.944,0.00,0.00,0,0.0,0.0,0.000,0.0,0,HAYIR,HAYIR
2026-08-16 19:56:13.964,0.00,0.00,0,0.0,0.0,0.000,0.0,0,HAYIR,HAYIR
2026-08-16 19:56:13.984,0.00,0.00,0,0.0,0.0,0.000,0.0,0,HAYIR,HAYIR
2026-08-16 19:56:14.004,0.00,0.00,0,0.0,0.0,0.000,0.0,0,HAYIR,HAYIR
2026-08-16 19:56:14.024,0.00,0.00,0,0.0,0.0,0.000,0.0,0,HAYIR,HAYIR
2026-08-16 19:56:14.044,0.00,0.00,0,0.0,0.0,0.000,0.0,0,HAYIR,HAYIR
2026-08-16 19:56:14.064,0.00,0.00,0,0.0,0.0,0.000,0.0,0,HAYIR,HAYIR
2026-08-16 19:56:14.084,0.00,0.00,0,0.0,0.0,0.000,0.0,0,HAYIR,HAYIR
2026-08-16 19:56:14.104,0.00,0.00,0,0.0,0.0,0.000,0.0,0,HAYIR,HAYIR
2026-08-16 19:56:14.124,0.00,0.00,0,0.0,0.0,0.000,0.0,0,HAYIR,HAYIR
2026-08-16 19:56:14.145,0.00,0.00,0,0.0,0.0,0.000,0.0,0,HAYIR,HAYIR
2026-08-16 19:56:14.164,0.00,0.00,0,0.0,0.0,0.000,0.0,0,HAYIR,HAYIR
2026-08-16 19:56:14.184,0.00,0.00,0,0.0,0.0,0.000,0.0,0,HAYIR,HAYIR
2026-08-16 19:56:14.204,0.00,0.00,0,0.0,0.0,0.000,0.0,0,HAYIR,HAYIR
2026-08-16 19:56:14.224,0.00,0.00,0,0.0,0.0,0.000,0.0,0,HAYIR,HAYIR
2026-08-16 19:56:14.244,0.00,0.00,0,0.0,0.0,0.000,0.0,0,HAYIR,HAYIR
2026-08-16 19:56:14.264,0.00,0.00,0,0.0,0.0,0.000,0.0,0,HAYIR,HAYIR
2026-08-16 19:56:14.284,0.00,0.00,0,0.0,0.0,0.000,0.0,0,HAYIR,HAYIR
2026-08-16 19:56:14.304,0.00,0.00,0,0.0,0.0,0.000,0.0,0,HAYIR,HAYIR
2026-08-16 19:56:14.324,0.00,0.00,0,0.0,0.0,0.000,0.0,0,HAYIR,HAYIR
2026-08-16 19:56:14.344,0.00,0.00,0,0.0,0.0,0.000,0.0,0,HAYIR,HAYIR
2026-08-16 19:56:14.364,0.00,0.00,0,0.0,0.0,0.000,0.0,0,HAYIR,HAYIR
2026-08-16 19:56:14.384,0.00,0.00,0,0.0,0.0,0.000,0.0,0,HAYIR,HAYIR
2026-08-16 19:56:14.404,0.00,0.00,0,0.0,0.0,0.000,0.0,0,HAYIR,HAYIR
2026-08-16 19:56:14.424,0.00,0.00,0,0.0,0.0,0.000,0.0,0,HAYIR,HAYIR
2026-08-16 19:56:14.444,0.00,0.00,0,0.0,0.0,0.000,0.0,0,HAYIR,HAYIR
2026-08-16 19:56:14.464,0.00,0.00,0,0.0,0.0,0.000,0.0,0,HAYIR,HAYIR
2026-08-16 19:56:14.485,0.00,0.00,0,0.0,0.0,0.000,0.0,0,HAYIR,HAYIR
2026-08-16 19:56:14.504,0.00,0.00,0,0.0,0.0,0.000,0.0,0,HAYIR,HAYIR
2026-08-16 19:56:14.524,0.00,0.00,0,0.0,0.0,0.000,0.0,0,HAYIR,HAYIR
2026-08-16 19:56:14.544,0.00,0.00,0,0.0,0.0,0.000,0.0,0,HAYIR,HAYIR
2026-08-16 19:56:14.564,0.00,0.00,0,0.0,0.0,0.000,0.0,0,HAYIR,HAYIR
2026-08-16 19:56:14.584,0.00,0.00,0,0.0,0.0,0.000,0.0,0,HAYIR,HAYIR
2026-08-16 19:56:14.604,0.00,0.00,0,0.0,0.0,0.000,0.0,0,HAYIR,HAYIR
2026-08-16 19:56:14.624,0.00,0.00,0,0.0,0.0,0.000,0.0,0,HAYIR,HAYIR
2026-08-16 19:56:14.644,0.00,0.00,0,0.0,0.0,0.000,0.0,0,HAYIR,HAYIR
2026-08-16 19:56:14.664,0.00,0.00,0,0.0,0.0,0.000,0.0,0,HAYIR,HAYIR
2026-08-16 19:56:14.684,0.00,0.00,0,0.0,0.0,0.000,0.0,0,HAYIR,HAYIR
2026-08-16 19:56:14.704,0.00,0.00,0,0.0,0.0,0.000,0.0,0,HAYIR,HAYIR
2026-08-16 19:56:14.724,0.00,0.00,0,0.0,0.0,0.000,0.0,0,HAYIR,HAYIR
2026-08-16 19:56:14.744,0.00,0.00,0,0.0,0.0,0.000,0.0,0,HAYIR,HAYIR
2026-08-16 19:56:14.764,0.00,0.00,0,0.0,0.0,0.000,0.0,0,HAYIR,HAYIR
2026-08-16 19:56:14.784,0.00,0.00,0,0.0,0.0,0.000,0.0,0,HAYIR,HAYIR
2026-08-16 19:56:14.804,0.00,0.00,0,0.0,0.0,0.000,0.0,0,HAYIR,HAYIR
2026-08-16 19:56:14.824,0.00,0.00,0,0.0,0.0,0.000,0.0,0,HAYIR,HAYIR
2026-08-16 19:56:14.844,0.00,0.00,0,0.0,0.0,0.000,0.0,0,HAYIR,HAYIR
2026-08-16 19:56:14.864,0.00,0.00,0,0.0,0.0,0.000,0.0,0,HAYIR,HAYIR
2026-08-16 19:56:14.884,0.00,0.00,0,0.0,0.0,0.000,0.0,0,HAYIR,HAYIR
2026-08-16 19:56:14.904,0.00,0.00,0,0.0,0.0,0.000,0.0,0,HAYIR,HAYIR
2026-08-16 19:56:14.924,0.00,0.00,0,0.0,0.0,0.000,0.0,0,HAYIR,HAYIR
2026-08-16 19:56:14.944,0.00,0.00,0,0.0,0.0,0.000,0.0,0,HAYIR,HAYIR
2026-08-16 19:56:14.965,0.00,0.00,0,0.0,0.0,0.000,0.0,0,HAYIR,HAYIR
2026-08-16 19:56:14.985,0.00,0.00,0,0.0,0.0,0.000,0.0,0,HAYIR,HAYIR
2026-08-16 19:56:15.004,0.00,0.00,0,0.0,0.0,0.000,0.0,0,HAYIR,HAYIR
2026-08-16 19:56:15.024,0.00,0.00,0,0.0,0.0,0.000,0.0,0,HAYIR,HAYIR
2026-08-16 19:56:15.044,0.00,0.00,0,0.0,0.0,0.000,0.0,0,HAYIR,HAYIR
2026-08-16 19:56:15.064,0.00,0.00,0,0.0,0.0,0.000,0.0,0,HAYIR,HAYIR
2026-08-16 19:56:15.084,0.00,0.00,0,0.0,0.0,0.000,0.0,0,HAYIR,HAYIR
2026-08-16 19:56:15.104,0.00,0.00,0,0.0,0.0,0.000,0.0,0,HAYIR,HAYIR
2026-08-16 19:56:15.124,0.00,0.00,0,0.0,0.0,0.000,0.0,0,HAYIR,HAYIR
2026-08-16 19:56:15.144,0.00,0.00,0,0.0,0.0,0.000,0.0,0,HAYIR,HAYIR
2026-08-16 19:56:15.164,0.00,0.00,0,0.0,0.0,0.000,0.0,0,HAYIR,HAYIR
2026-08-16 19:56:15.184,0.00,0.00,0,0.0,0.0,0.000,0.0,0,HAYIR,HAYIR
2026-08-16 19:56:15.204,0.00,0.00,0,0.0,0.0,0.000,0.0,0,HAYIR,HAYIR
2026-08-16 19:56:15.224,0.00,0.00,0,0.0,0.0,0.000,0.0,0,HAYIR,HAYIR
2026-08-16 19:56:15.244,0.00,0.00,0,0.0,0.0,0.000,0.0,0,HAYIR,HAYIR
2026-08-16 19:56:15.264,0.00,0.00,0,0.0,0.0,0.000,0.0,0,HAYIR,HAYIR
2026-08-16 19:56:15.284,0.00,0.00,0,0.0,0.0,0.000,0.0,0,HAYIR,HAYIR
2026-08-16 19:56:15.304,0.00,0.00,0,0.0,0.0,0.000,0.0,0,HAYIR,HAYIR
2026-08-16 19:56:15.324,0.00,0.00,0,0.0,0.0,0.000,0.0,0,HAYIR,HAYIR
2026-08-16 19:56:15.344,0.00,0.00,0,0.0,0.0,0.000,0.0,0,HAYIR,HAYIR
2026-08-16 19:56:15.364,0.00,0.00,0,0.0,0.0,0.000,0.0,0,HAYIR,HAYIR
2026-08-16 19:56:15.384,0.00,0.00,0,0.0,0.0,0.000,0.0,0,HAYIR,HAYIR
2026-08-16 19:56:15.404,0.00,0.00,0,0.0,0.0,0.000,0.0,0,HAYIR,HAYIR
2026-08-16 19:56:15.424,0.00,0.00,0,0.0,0.0,0.000,0.0,0,HAYIR,HAYIR
2026-08-16 19:56:15.445,0.00,0.00,0,0.0,0.0,0.000,0.0,0,HAYIR,HAYIR
2026-08-16 19:56:15.464,0.00,0.00,0,0.0,0.0,0.000,0.0,0,HAYIR,HAYIR
2026-08-16 19:56:15.484,0.00,0.00,0,0.0,0.0,0.000,0.0,0,HAYIR,HAYIR
2026-08-16 19:56:15.504,0.00,0.00,0,0.0,0.0,0.000,0.0,0,HAYIR,HAYIR
2026-08-16 19:56:15.524,0.00,0.00,0,0.0,0.0,0.000,0.0,0,HAYIR,HAYIR
2026-08-16 19:56:15.544,0.00,0.00,0,0.0,0.0,0.000,0.0,0,HAYIR,HAYIR
2026-08-16 19:56:15.564,0.00,0.00,0,0.0,0.0,0.000,0.0,0,HAYIR,HAYIR
2026-08-16 19:56:15.584,0.00,0.00,0,0.0,0.0,0.000,0.0,0,HAYIR,HAYIR
2026-08-16 19:56:15.604,0.00,0.00,0,0.0,0.0,0.000,0.0,0,HAYIR,HAYIR
2026-08-16 19:56:15.624,0.00,0.00,0,0.0,0.0,0.000,0.0,0,HAYIR,HAYIR
2026-08-16 19:56:15.644,0.00,0.00,0,0.0,0.0,0.000,0.0,0,HAYIR,HAYIR
2026-08-16 19:56:15.664,0.00,0.00,0,0.0,0.0,0.000,0.0,0,HAYIR,HAYIR
2026-08-16 19:56:15.684,0.00,0.00,0,0.0,0.0,0.000,0.0,0,HAYIR,HAYIR
2026-08-16 19:56:15.704,0.00,0.00,0,0.0,0.0,0.000,0.0,0,HAYIR,HAYIR
2026-08-16 19:56:15.724,0.00,0.00,0,0.0,0.0,0.000,0.0,0,HAYIR,HAYIR
2026-08-16 19:56:15.744,0.00,0.00,0,0.0,0.0,0.000,0.0,0,HAYIR,HAYIR
2026-08-16 19:56:15.764,0.00,0.00,0,0.0,0.0,0.000,0.0,0,HAYIR,HAYIR
2026-08-16 19:56:15.784,0.00,0.00,0,0.0,0.0,0.000,0.0,0,HAYIR,HAYIR
2026-08-16 19:56:15.804,0.00,0.00,0,0.0,0.0,0.000,0.0,0,HAYIR,HAYIR
2026-08-16 19:56:15.824,0.00,0.00,0,0.0,0.0,0.000,0.0,0,HAYIR,HAYIR
2026-08-16 19:56:15.844,0.00,0.00,0,0.0,0.0,0.000,0.0,0,HAYIR,HAYIR
2026-08-16 19:56:15.864,0.00,0.00,0,0.0,0.0,0.000,0.0,0,HAYIR,HAYIR
2026-08-16 19:56:15.884,0.00,0.00,0,0.0,0.0,0.000,0.0,0,HAYIR,HAYIR
2026-08-16 19:56:15.904,0.00,0.00,0,0.0,0.0,0.000,0.0,0,HAYIR,HAYIR
2026-08-16 19:56:15.924,0.00,0.00,0,0.0,0.0,0.000,0.0,0,HAYIR,HAYIR
2026-08-16 19:56:15.944,0.00,0.00,0,0.0,0.0,0.000,0.0,0,HAYIR,HAYIR
2026-08-16 19:56:15.965,0.00,0.00,0,0.0,0.0,0.000,0.0,0,HAYIR,HAYIR
2026-08-16 19:56:15.984,0.00,0.00,0,0.0,0.0,0.000,0.0,0,HAYIR,HAYIR
2026-08-16 19:56:16.004,0.00,0.00,0,0.0,0.0,0.000,0.0,0,HAYIR,HAYIR
2026-08-16 19:56:16.024,0.00,0.00,0,0.0,0.0,0.000,0.0,0,HAYIR,HAYIR
2026-08-16 19:56:16.044,0.00,0.00,0,0.0,0.0,0.000,0.0,0,HAYIR,HAYIR
2026-08-16 19:56:16.064,0.00,0.00,0,0.0,0.0,0.000,0.0,0,HAYIR,HAYIR
2026-08-16 19:56:16.084,0.00,0.00,0,0.0,0.0,0.000,0.0,0,HAYIR,HAYIR
2026-08-16 19:56:16.104,0.00,0.00,0,0.0,0.0,0.000,0.0,0,HAYIR,HAYIR
2026-08-16 19:56:16.124,0.00,0.00,0,0.0,0.0,0.000,0.0,0,HAYIR,HAYIR
2026-08-16 19:56:16.144,0.00,0.00,0,0.0,0.0,0.000,0.0,0,HAYIR,HAYIR
2026-08-16 19:56:16.164,0.00,0.00,0,0.0,0.0,0.000,0.0,0,HAYIR,HAYIR
2026-08-16 19:56:16.184,0.00,0.00,0,0.0,0.0,0.000,0.0,0,HAYIR,HAYIR
2026-08-16 19:56:16.204,0.00,0.00,0,0.0,0.0,0.000,0.0,0,HAYIR,HAYIR
2026-08-16 19:56:16.224,0.00,0.00,0,0.0,0.0,0.000,0.0,0,HAYIR,HAYIR
2026-08-16 19:56:16.244,0.00,0.00,0,0.0,0.0,0.000,0.0,0,HAYIR,HAYIR
2026-08-16 19:56:16.265,0.00,0.00,0,0.0,0.0,0.000,0.0,0,HAYIR,HAYIR
2026-08-16 19:56:16.284,0.00,0.00,0,0.0,0.0,0.000,0.0,0,HAYIR,HAYIR
2026-08-16 19:56:16.304,0.00,0.00,0,0.0,0.0,0.000,0.0,0,HAYIR,HAYIR
2026-08-16 19:56:16.324,0.00,0.00,0,0.0,0.0,0.000,0.0,0,HAYIR,HAYIR
2026-08-16 19:56:16.344,0.00,0.00,0,0.0,0.0,0.000,0.0,0,HAYIR,HAYIR
2026-08-16 19:56:16.364,0.00,0.00,0,0.0,0.0,0.000,0.0,0,HAYIR,HAYIR
2026-08-16 19:56:16.384,0.00,0.00,0,0.0,0.0,0.000,0.0,0,HAYIR,HAYIR
2026-08-16 19:56:16.404,0.00,0.00,0,0.0,0.0,0.000,0.0,0,HAYIR,HAYIR
2026-08-16 19:56:16.424,0.00,0.00,0,0.0,0.0,0.000,0.0,0,HAYIR,HAYIR
2026-08-16 19:56:16.444,0.00,0.00,0,0.0,0.0,0.000,0.0,0,HAYIR,HAYIR
2026-08-16 19:56:16.465,0.00,0.00,0,0.0,0.0,0.000,0.0,0,HAYIR,HAYIR
2026-08-16 19:56:16.485,0.00,0.00,0,0.0,0.0,0.000,0.0,0,HAYIR,HAYIR
2026-08-16 19:56:16.504,0.00,0.00,0,0.0,0.0,0.000,0.0,0,HAYIR,HAYIR
2026-08-16 19:56:16.524,0.00,0.00,0,0.0,0.0,0.000,0.0,0,HAYIR,HAYIR
2026-08-16 19:56:16.544,0.00,0.00,0,0.0,0.0,0.000,0.0,0,HAYIR,HAYIR
2026-08-16 19:56:16.564,0.00,0.00,0,0.0,0.0,0.000,0.0,0,HAYIR,HAYIR
2026-08-16 19:56:16.584,0.00,0.00,0,0.0,0.0,0.000,0.0,0,HAYIR,HAYIR
2026-08-16 19:56:16.604,0.00,0.00,0,0.0,0.0,0.000,0.0,0,HAYIR,HAYIR
2026-08-16 19:56:16.624,0.00,0.00,0,0.0,0.0,0.000,0.0,0,HAYIR,HAYIR
2026-08-16 19:56:16.644,0.00,0.00,0,0.0,0.0,0.000,0.0,0,HAYIR,HAYIR
2026-08-16 19:56:16.664,0.00,0.00,0,0.0,0.0,0.000,0.0,0,HAYIR,HAYIR
2026-08-16 19:56:16.684,0.00,0.00,0,0.0,0.0,0.000,0.0,0,HAYIR,HAYIR
2026-08-16 19:56:16.704,0.00,0.00,0,0.0,0.0,0.000,0.0,0,HAYIR,HAYIR
2026-08-16 19:56:16.724,0.00,0.00,0,0.0,0.0,0.000,0.0,0,HAYIR,HAYIR
2026-08-16 19:56:16.744,0.00,0.00,0,0.0,0.0,0.000,0.0,0,HAYIR,HAYIR
2026-08-16 19:56:16.764,0.00,0.00,0,0.0,0.0,0.000,0.0,0,HAYIR,HAYIR
2026-08-16 19:56:16.784,0.00,0.00,0,0.0,0.0,0.000,0.0,0,HAYIR,HAYIR
2026-08-16 19:56:16.804,0.00,0.00,0,0.0,0.0,0.000,0.0,0,HAYIR,HAYIR
2026-08-16 19:56:16.824,0.00,0.00,0,0.0,0.0,0.000,0.0,0,HAYIR,HAYIR
2026-08-16 19:56:16.844,0.00,0.00,0,0.0,0.0,0.000,0.0,0,HAYIR,HAYIR
2026-08-16 19:56:16.864,0.00,0.00,0,0.0,0.0,0.000,0.0,0,HAYIR,HAYIR
2026-08-16 19:56:16.884,0.00,0.00,0,0.0,0.0,0.000,0.0,0,HAYIR,HAYIR
2026-08-16 19:56:16.904,0.00,0.00,0,0.0,0.0,0.000,0.0,0,HAYIR,HAYIR
2026-08-16 19:56:16.924,0.00,0.00,0,0.0,0.0,0.000,0.0,0,HAYIR,HAYIR
2026-08-16 19:56:16.944,0.00,0.00,0,0.0,0.0,0.000,0.0,0,HAYIR,HAYIR
2026-08-16 19:56:16.964,0.00,0.00,0,0.0,0.0,0.000,0.0,0,HAYIR,HAYIR
2026-08-16 19:56:16.984,0.00,0.00,0,0.0,0.0,0.000,0.0,0,HAYIR,HAYIR
2026-08-16 19:56:17.004,0.00,0.00,0,0.0,0.0,0.000,0.0,0,HAYIR,HAYIR
2026-08-16 19:56:17.024,0.00,0.00,0,0.0,0.0,0.000,0.0,0,HAYIR,HAYIR
2026-08-16 19:56:17.044,0.00,0.00,0,0.0,0.0,0.000,0.0,0,HAYIR,HAYIR
2026-08-16 19:56:17.064,0.00,0.00,0,0.0,0.0,0.000,0.0,0,HAYIR,HAYIR
2026-08-16 19:56:17.084,0.00,0.00,0,0.0,0.0,0.000,0.0,0,HAYIR,HAYIR
2026-08-16 19:56:17.104,0.00,0.00,0,0.0,0.0,0.000,0.0,0,HAYIR,HAYIR
2026-08-16 19:56:17.124,0.00,0.00,0,0.0,0.0,0.000,0.0,0,HAYIR,HAYIR
2026-08-16 19:56:17.144,0.00,0.00,0,0.0,0.0,0.000,0.0,0,HAYIR,HAYIR
2026-08-16 19:56:17.164,0.00,0.00,0,0.0,0.0,0.000,0.0,0,HAYIR,HAYIR
2026-08-16 19:56:17.184,0.00,0.00,0,0.0,0.0,0.000,0.0,0,HAYIR,HAYIR
2026-08-16 19:56:17.204,0.00,0.00,0,0.0,0.0,0.000,0.0,0,HAYIR,HAYIR
2026-08-16 19:56:17.224,0.00,0.00,0,0.0,0.0,0.000,0.0,0,HAYIR,HAYIR
2026-08-16 19:56:17.244,0.00,0.00,0,0.0,0.0,0.000,0.0,0,HAYIR,HAYIR
2026-08-16 19:56:17.264,0.00,0.00,0,0.0,0.0,0.000,0.0,0,HAYIR,HAYIR
2026-08-16 19:56:17.284,0.00,0.00,0,0.0,0.0,0.000,0.0,0,HAYIR,HAYIR
2026-08-16 19:56:17.304,0.00,0.00,0,0.0,0.0,0.000,0.0,0,HAYIR,HAYIR
2026-08-16 19:56:17.324,0.00,0.00,0,0.0,0.0,0.000,0.0,0,HAYIR,HAYIR
2026-08-16 19:56:17.344,0.00,0.00,0,0.0,0.0,0.000,0.0,0,HAYIR,HAYIR
2026-08-16 19:56:17.364,0.00,0.00,0,0.0,0.0,0.000,0.0,0,HAYIR,HAYIR
2026-08-16 19:56:17.384,0.00,0.00,0,0.0,0.0,0.000,0.0,0,HAYIR,HAYIR
2026-08-16 19:56:17.404,0.00,0.00,0,0.0,0.0,0.000,0.0,0,HAYIR,HAYIR
2026-08-16 19:56:17.424,0.00,0.00,0,0.0,0.0,0.000,0.0,0,HAYIR,HAYIR
2026-08-16 19:56:17.444,0.00,0.00,0,0.0,0.0,0.000,0.0,0,HAYIR,HAYIR
2026-08-16 19:56:17.465,0.00,0.00,0,0.0,0.0,0.000,0.0,0,HAYIR,HAYIR
2026-08-16 19:56:17.485,0.00,0.00,0,0.0,0.0,0.000,0.0,0,HAYIR,HAYIR
2026-08-16 19:56:17.504,0.00,0.00,0,0.0,0.0,0.000,0.0,0,HAYIR,HAYIR
2026-08-16 19:56:17.524,0.00,0.00,0,0.0,0.0,0.000,0.0,0,HAYIR,HAYIR
2026-08-16 19:56:17.544,0.00,0.00,0,0.0,0.0,0.000,0.0,0,HAYIR,HAYIR
2026-08-16 19:56:17.564,0.00,0.00,0,0.0,0.0,0.000,0.0,0,HAYIR,HAYIR
2026-08-16 19:56:17.584,0.00,0.00,0,0.0,0.0,0.000,0.0,0,HAYIR,HAYIR
2026-08-16 19:56:17.604,0.00,0.00,0,0.0,0.0,0.000,0.0,0,HAYIR,HAYIR
2026-08-16 19:56:17.624,0.00,0.00,0,0.0,0.0,0.000,0.0,0,HAYIR,HAYIR
2026-08-16 19:56:17.644,0.00,0.00,0,0.0,0.0,0.000,0.0,0,HAYIR,HAYIR
2026-08-16 19:56:17.664,0.00,0.00,0,0.0,0.0,0.000,0.0,0,HAYIR,HAYIR
2026-08-16 19:56:17.684,0.00,0.00,0,0.0,0.0,0.000,0.0,0,HAYIR,HAYIR
2026-08-16 19:56:17.704,0.00,0.00,0,0.0,0.0,0.000,0.0,0,HAYIR,HAYIR
2026-08-16 19:56:17.724,0.00,0.00,0,0.0,0.0,0.000,0.0,0,HAYIR,HAYIR
2026-08-16 19:56:17.744,0.00,0.00,0,0.0,0.0,0.000,0.0,0,HAYIR,HAYIR
2026-08-16 19:56:17.764,0.00,0.00,0,0.0,0.0,0.000,0.0,0,HAYIR,HAYIR
2026-08-16 19:56:17.784,0.00,0.00,0,0.0,0.0,0.000,0.0,0,HAYIR,HAYIR
2026-08-16 19:56:17.804,0.00,0.00,0,0.0,0.0,0.000,0.0,0,HAYIR,HAYIR
2026-08-16 19:56:17.824,0.00,0.00,0,0.0,0.0,0.000,0.0,0,HAYIR,HAYIR
2026-08-16 19:56:17.844,0.00,0.00,0,0.0,0.0,0.000,0.0,0,HAYIR,HAYIR
2026-08-16 19:56:17.864,0.00,0.00,0,0.0,0.0,0.000,0.0,0,HAYIR,HAYIR
2026-08-16 19:56:17.884,0.00,0.00,0,0.0,0.0,0.000,0.0,0,HAYIR,HAYIR
2026-08-16 19:56:17.904,0.00,0.00,0,0.0,0.0,0.000,0.0,0,HAYIR,HAYIR
2026-08-16 19:56:17.924,0.00,0.00,0,0.0,0.0,0.000,0.0,0,HAYIR,HAYIR
2026-08-16 19:56:17.944,0.00,0.00,0,0.0,0.0,0.000,0.0,0,HAYIR,HAYIR
2026-08-16 19:56:17.965,0.00,0.00,0,0.0,0.0,0.000,0.0,0,HAYIR,HAYIR
2026-08-16 19:56:17.985,0.00,0.00,0,0.0,0.0,0.000,0.0,0,HAYIR,HAYIR
2026-08-16 19:56:18.004,0.00,0.00,0,0.0,0.0,0.000,0.0,0,HAYIR,HAYIR
2026-08-16 19:56:18.024,0.00,0.00,0,0.0,0.0,0.000,0.0,0,HAYIR,HAYIR
2026-08-16 19:56:18.044,0.00,0.00,0,0.0,0.0,0.000,0.0,0,HAYIR,HAYIR
2026-08-16 19:56:18.064,0.00,0.00,0,0.0,0.0,0.000,0.0,0,HAYIR,HAYIR
2026-08-16 19:56:18.084,0.00,0.00,0,0.0,0.0,0.000,0.0,0,HAYIR,HAYIR
2026-08-16 19:56:18.104,0.00,0.00,0,0.0,0.0,0.000,0.0,0,HAYIR,HAYIR
2026-08-16 19:56:18.124,0.00,0.00,0,0.0,0.0,0.000,0.0,0,HAYIR,HAYIR
2026-08-16 19:56:18.144,0.00,0.00,0,0.0,0.0,0.000,0.0,0,HAYIR,HAYIR
2026-08-16 19:56:18.165,0.00,0.00,0,0.0,0.0,0.000,0.0,0,HAYIR,HAYIR
2026-08-16 19:56:18.184,0.00,0.00,0,0.0,0.0,0.000,0.0,0,HAYIR,HAYIR
2026-08-16 19:56:18.205,0.00,0.00,0,0.0,0.0,0.000,0.0,0,HAYIR,HAYIR
2026-08-16 19:56:18.224,0.00,0.00,0,0.0,0.0,0.000,0.0,0,HAYIR,HAYIR
2026-08-16 19:56:18.244,0.00,0.00,0,0.0,0.0,0.000,0.0,0,HAYIR,HAYIR
2026-08-16 19:56:18.264,0.00,0.00,0,0.0,0.0,0.000,0.0,0,HAYIR,HAYIR
2026-08-16 19:56:18.284,0.00,0.00,0,0.0,0.0,0.000,0.0,0,HAYIR,HAYIR
2026-08-16 19:56:18.304,0.00,0.00,0,0.0,0.0,0.000,0.0,0,HAYIR,HAYIR
2026-08-16 19:56:18.324,0.00,0.00,0,0.0,0.0,0.000,0.0,0,HAYIR,HAYIR
2026-08-16 19:56:18.344,0.00,0.00,0,0.0,0.0,0.000,0.0,0,HAYIR,HAYIR
2026-08-16 19:56:18.364,0.00,0.00,0,0.0,0.0,0.000,0.0,0,HAYIR,HAYIR
2026-08-16 19:56:18.384,0.00,0.00,0,0.0,0.0,0.000,0.0,0,HAYIR,HAYIR
2026-08-16 19:56:18.404,0.00,0.00,0,0.0,0.0,0.000,0.0,0,HAYIR,HAYIR
2026-08-16 19:56:18.424,0.00,0.00,0,0.0,0.0,0.000,0.0,0,HAYIR,HAYIR
2026-08-16 19:56:18.444,0.00,0.00,0,0.0,0.0,0.000,0.0,0,HAYIR,HAYIR
2026-08-16 19:56:18.465,0.00,0.00,0,0.0,0.0,0.000,0.0,0,HAYIR,HAYIR
2026-08-16 19:56:18.484,0.00,0.00,0,0.0,0.0,0.000,0.0,0,HAYIR,HAYIR
2026-08-16 19:56:18.504,0.00,0.00,0,0.0,0.0,0.000,0.0,0,HAYIR,HAYIR
2026-08-16 19:56:18.524,0.00,0.00,0,0.0,0.0,0.000,0.0,0,HAYIR,HAYIR
2026-08-16 19:56:18.544,0.00,0.00,0,0.0,0.0,0.000,0.0,0,HAYIR,HAYIR
2026-08-16 19:56:18.564,0.00,0.00,0,0.0,0.0,0.000,0.0,0,HAYIR,HAYIR
2026-08-16 19:56:18.584,0.00,0.00,0,0.0,0.0,0.000,0.0,0,HAYIR,HAYIR
2026-08-16 19:56:18.604,0.00,0.00,0,0.0,0.0,0.000,0.0,0,HAYIR,HAYIR
2026-08-16 19:56:18.624,0.00,0.00,0,0.0,0.0,0.000,0.0,0,HAYIR,HAYIR
2026-08-16 19:56:18.644,0.00,0.00,0,0.0,0.0,0.000,0.0,0,HAYIR,HAYIR
2026-08-16 19:56:18.664,0.00,0.00,0,0.0,0.0,0.000,0.0,0,HAYIR,HAYIR
2026-08-16 19:56:18.684,0.00,0.00,0,0.0,0.0,0.000,0.0,0,HAYIR,HAYIR
2026-08-16 19:56:18.704,0.00,0.00,0,0.0,0.0,0.000,0.0,0,HAYIR,HAYIR
2026-08-16 19:56:18.724,0.00,0.00,0,0.0,0.0,0.000,0.0,0,HAYIR,HAYIR
2026-08-16 19:56:18.744,0.00,0.00,0,0.0,0.0,0.000,0.0,0,HAYIR,HAYIR
2026-08-16 19:56:18.764,0.00,0.00,0,0.0,0.0,0.000,0.0,0,HAYIR,HAYIR
2026-08-16 19:56:18.784,0.00,0.00,0,0.0,0.0,0.000,0.0,0,HAYIR,HAYIR
2026-08-16 19:56:18.804,0.00,0.00,0,0.0,0.0,0.000,0.0,0,HAYIR,HAYIR
2026-08-16 19:56:18.824,0.00,0.00,0,0.0,0.0,0.000,0.0,0,HAYIR,HAYIR
2026-08-16 19:56:18.844,0.00,0.00,0,0.0,0.0,0.000,0.0,0,HAYIR,HAYIR
2026-08-16 19:56:18.864,0.00,0.00,0,0.0,0.0,0.000,0.0,0,HAYIR,HAYIR
2026-08-16 19:56:18.884,0.00,0.00,0,0.0,0.0,0.000,0.0,0,HAYIR,HAYIR
2026-08-16 19:56:18.904,0.00,0.00,0,0.0,0.0,0.000,0.0,0,HAYIR,HAYIR
2026-08-16 19:56:18.924,0.00,0.00,0,0.0,0.0,0.000,0.0,0,HAYIR,HAYIR
2026-08-16 19:56:18.944,0.00,0.00,0,0.0,0.0,0.000,0.0,0,HAYIR,HAYIR
2026-08-16 19:56:18.964,0.00,0.00,0,0.0,0.0,0.000,0.0,0,HAYIR,HAYIR
2026-08-16 19:56:18.984,0.00,0.00,0,0.0,0.0,0.000,0.0,0,HAYIR,HAYIR
2026-08-16 19:56:19.004,0.00,0.00,0,0.0,0.0,0.000,0.0,0,HAYIR,HAYIR
2026-08-16 19:56:19.024,0.00,0.00,0,0.0,0.0,0.000,0.0,0,HAYIR,HAYIR
2026-08-16 19:56:19.044,0.00,0.00,0,0.0,0.0,0.000,0.0,0,HAYIR,HAYIR
2026-08-16 19:56:19.064,0.00,0.00,0,0.0,0.0,0.000,0.0,0,HAYIR,HAYIR
2026-08-16 19:56:19.084,0.00,0.00,0,0.0,0.0,0.000,0.0,0,HAYIR,HAYIR
2026-08-16 19:56:19.104,0.00,0.00,0,0.0,0.0,0.000,0.0,0,HAYIR,HAYIR
2026-08-16 19:56:19.124,0.00,0.00,0,0.0,0.0,0.000,0.0,0,HAYIR,HAYIR
2026-08-16 19:56:19.144,0.00,0.00,0,0.0,0.0,0.000,0.0,0,HAYIR,HAYIR
2026-08-16 19:56:19.164,0.00,0.00,0,0.0,0.0,0.000,0.0,0,HAYIR,HAYIR
2026-08-16 19:56:19.184,0.00,0.00,0,0.0,0.0,0.000,0.0,0,HAYIR,HAYIR
2026-08-16 19:56:19.204,0.00,0.00,0,0.0,0.0,0.000,0.0,0,HAYIR,HAYIR
2026-08-16 19:56:19.224,0.00,0.00,0,0.0,0.0,0.000,0.0,0,HAYIR,HAYIR
2026-08-16 19:56:19.244,0.00,0.00,0,0.0,0.0,0.000,0.0,0,HAYIR,HAYIR
2026-08-16 19:56:19.264,0.00,0.00,0,0.0,0.0,0.000,0.0,0,HAYIR,HAYIR
2026-08-16 19:56:19.284,0.00,0.00,0,0.0,0.0,0.000,0.0,0,HAYIR,HAYIR
2026-08-16 19:56:19.304,0.00,0.00,0,0.0,0.0,0.000,0.0,0,HAYIR,HAYIR
2026-08-16 19:56:19.324,0.00,0.00,0,0.0,0.0,0.000,0.0,0,HAYIR,HAYIR
2026-08-16 19:56:19.344,0.00,0.00,0,0.0,0.0,0.000,0.0,0,HAYIR,HAYIR
2026-08-16 19:56:19.365,0.00,0.00,0,0.0,0.0,0.000,0.0,0,HAYIR,HAYIR
2026-08-16 19:56:19.384,0.00,0.00,0,0.0,0.0,0.000,0.0,0,HAYIR,HAYIR
2026-08-16 19:56:19.405,0.00,0.00,0,0.0,0.0,0.000,0.0,0,HAYIR,HAYIR
2026-08-16 19:56:19.425,0.00,0.00,0,0.0,0.0,0.000,0.0,0,HAYIR,HAYIR
2026-08-16 19:56:19.444,0.00,0.00,0,0.0,0.0,0.000,0.0,0,HAYIR,HAYIR
2026-08-16 19:56:19.465,0.00,0.00,0,0.0,0.0,0.000,0.0,0,HAYIR,HAYIR
2026-08-16 19:56:19.485,0.00,0.00,0,0.0,0.0,0.000,0.0,0,HAYIR,HAYIR
2026-08-16 19:56:19.504,0.00,0.00,0,0.0,0.0,0.000,0.0,0,HAYIR,HAYIR
2026-08-16 19:56:19.524,0.00,0.00,0,0.0,0.0,0.000,0.0,0,HAYIR,HAYIR
2026-08-16 19:56:19.544,0.00,0.00,0,0.0,0.0,0.000,0.0,0,HAYIR,HAYIR
2026-08-16 19:56:19.564,0.00,0.00,0,0.0,0.0,0.000,0.0,0,HAYIR,HAYIR
2026-08-16 19:56:19.584,0.00,0.00,0,0.0,0.0,0.000,0.0,0,HAYIR,HAYIR
2026-08-16 19:56:19.604,0.00,0.00,0,0.0,0.0,0.000,0.0,0,HAYIR,HAYIR
2026-08-16 19:56:19.624,0.00,0.00,0,0.0,0.0,0.000,0.0,0,HAYIR,HAYIR
2026-08-16 19:56:19.644,0.00,0.00,0,0.0,0.0,0.000,0.0,0,HAYIR,HAYIR
2026-08-16 19:56:19.664,0.00,0.00,0,0.0,0.0,0.000,0.0,0,HAYIR,HAYIR
2026-08-16 19:56:19.685,0.00,0.00,0,0.0,0.0,0.000,0.0,0,HAYIR,HAYIR
2026-08-16 19:56:19.704,0.00,0.00,0,0.0,0.0,0.000,0.0,0,HAYIR,HAYIR
2026-08-16 19:56:19.724,0.00,0.00,0,0.0,0.0,0.000,0.0,0,HAYIR,HAYIR
2026-08-16 19:56:19.744,0.00,0.00,0,0.0,0.0,0.000,0.0,0,HAYIR,HAYIR
2026-08-16 19:56:19.765,0.00,0.00,0,0.0,0.0,0.000,0.0,0,HAYIR,HAYIR
2026-08-16 19:56:19.784,0.00,0.00,0,0.0,0.0,0.000,0.0,0,HAYIR,HAYIR
2026-08-16 19:56:19.804,0.00,0.00,0,0.0,0.0,0.000,0.0,0,HAYIR,HAYIR
2026-08-16 19:56:19.824,0.00,0.00,0,0.0,0.0,0.000,0.0,0,HAYIR,HAYIR
2026-08-16 19:56:19.844,0.00,0.00,0,0.0,0.0,0.000,0.0,0,HAYIR,HAYIR
2026-08-16 19:56:19.864,0.00,0.00,0,0.0,0.0,0.000,0.0,0,HAYIR,HAYIR
2026-08-16 19:56:19.885,0.00,0.00,0,0.0,0.0,0.000,0.0,0,HAYIR,HAYIR
2026-08-16 19:56:19.904,0.00,0.00,0,0.0,0.0,0.000,0.0,0,HAYIR,HAYIR
2026-08-16 19:56:19.924,0.00,0.00,0,0.0,0.0,0.000,0.0,0,HAYIR,HAYIR
2026-08-16 19:56:19.944,0.00,0.00,0,0.0,0.0,0.000,0.0,0,HAYIR,HAYIR
2026-08-16 19:56:19.965,0.00,0.00,0,0.0,0.0,0.000,0.0,0,HAYIR,HAYIR
2026-08-16 19:56:19.984,0.00,0.00,0,0.0,0.0,0.000,0.0,0,HAYIR,HAYIR
2026-08-16 19:56:20.005,0.00,0.00,0,0.0,0.0,0.000,0.0,0,HAYIR,HAYIR
2026-08-16 19:56:20.025,0.00,0.00,0,0.0,0.0,0.000,0.0,0,HAYIR,HAYIR
2026-08-16 19:56:20.045,0.00,0.00,0,0.0,0.0,0.000,0.0,0,HAYIR,HAYIR
2026-08-16 19:56:20.065,0.00,0.00,0,0.0,0.0,0.000,0.0,0,HAYIR,HAYIR
2026-08-16 19:56:20.085,0.00,0.00,0,0.0,0.0,0.000,0.0,0,HAYIR,HAYIR
2026-08-16 19:56:20.105,0.00,0.00,0,0.0,0.0,0.000,0.0,0,HAYIR,HAYIR
2026-08-16 19:56:20.124,0.00,0.00,0,0.0,0.0,0.000,0.0,0,HAYIR,HAYIR
2026-08-16 19:56:20.144,0.00,0.00,0,0.0,0.0,0.000,0.0,0,HAYIR,HAYIR
2026-08-16 19:56:20.165,0.00,0.00,0,0.0,0.0,0.000,0.0,0,HAYIR,HAYIR
2026-08-16 19:56:20.184,0.00,0.00,0,0.0,0.0,0.000,0.0,0,HAYIR,HAYIR
2026-08-16 19:56:20.205,0.00,0.00,0,0.0,0.0,0.000,0.0,0,HAYIR,HAYIR
2026-08-16 19:56:20.225,0.00,0.00,0,0.0,0.0,0.000,0.0,0,HAYIR,HAYIR
2026-08-16 19:56:20.244,0.00,0.00,0,0.0,0.0,0.000,0.0,0,HAYIR,HAYIR
2026-08-16 19:56:20.264,0.00,0.00,0,0.0,0.0,0.000,0.0,0,HAYIR,HAYIR
2026-08-16 19:56:20.285,0.00,0.00,0,0.0,0.0,0.000,0.0,0,HAYIR,HAYIR
2026-08-16 19:56:20.304,0.00,0.00,0,0.0,0.0,0.000,0.0,0,HAYIR,HAYIR
2026-08-16 19:56:20.324,0.00,0.00,0,0.0,0.0,0.000,0.0,0,HAYIR,HAYIR
2026-08-16 19:56:20.344,0.00,0.00,0,0.0,0.0,0.000,0.0,0,HAYIR,HAYIR
2026-08-16 19:56:20.365,0.00,0.00,0,0.0,0.0,0.000,0.0,0,HAYIR,HAYIR
2026-08-16 19:56:20.384,0.00,0.00,0,0.0,0.0,0.000,0.0,0,HAYIR,HAYIR
2026-08-16 19:56:20.404,0.00,0.00,0,0.0,0.0,0.000,0.0,0,HAYIR,HAYIR
2026-08-16 19:56:20.424,0.00,0.00,0,0.0,0.0,0.000,0.0,0,HAYIR,HAYIR
2026-08-16 19:56:20.445,0.00,0.00,0,0.0,0.0,0.000,0.0,0,HAYIR,HAYIR
2026-08-16 19:56:20.465,0.00,0.00,0,0.0,0.0,0.000,0.0,0,HAYIR,HAYIR
2026-08-16 19:56:22.504,0.00,0.00,0,0.0,0.0,0.000,0.0,0,HAYIR,HAYIR
2026-08-16 19:56:23.224,0.00,0.00,0,0.0,0.0,0.000,0.0,0,HAYIR,HAYIR
2026-08-16 19:56:24.824,0.25,0.00,31,0.0,1.6,-0.033,40.6,41,HAYIR,HAYIR
2026-08-16 19:56:25.224,0.45,0.00,33,0.0,2.0,-0.033,22.6,23,HAYIR,HAYIR
2026-08-16 19:56:28.024,0.80,0.55,30,0.0,0.0,0.051,-19.6,-20,HAYIR,HAYIR
2026-08-16 19:56:28.045,0.80,0.55,30,0.0,0.0,0.051,-19.6,-20,HAYIR,HAYIR
2026-08-16 19:56:28.064,0.80,0.55,30,0.0,0.0,0.054,-20.9,-21,HAYIR,HAYIR
2026-08-16 19:56:28.084,0.80,0.55,30,0.0,0.0,0.054,-20.9,-21,HAYIR,HAYIR
2026-08-16 19:56:28.245,0.80,0.65,29,0.0,0.0,0.066,-25.3,-25,HAYIR,HAYIR
2026-08-16 19:56:28.264,0.80,0.65,29,0.0,0.0,0.067,-25.9,-26,HAYIR,HAYIR
2026-08-16 19:56:28.284,0.80,0.65,29,0.0,0.0,0.067,-25.9,-26,HAYIR,HAYIR
2026-08-16 19:56:28.304,0.80,0.65,29,0.0,0.0,0.070,-26.9,-27,HAYIR,HAYIR
2026-08-16 19:56:29.504,0.80,0.88,28,0.0,0.0,0.057,-21.9,-22,HAYIR,HAYIR
2026-08-16 19:56:31.024,0.80,0.90,28,0.0,0.0,0.041,-15.8,-16,HAYIR,HAYIR
2026-08-16 19:57:28.724,0.80,0.00,36,0.8,57.7,-0.250,89.9,90,HAYIR,HAYIR
2026-08-16 19:57:28.744,0.80,0.00,36,0.8,57.7,-0.250,89.9,90,HAYIR,HAYIR
2026-08-16 19:57:28.764,0.80,0.00,36,0.8,57.7,-0.250,89.9,90,HAYIR,HAYIR
2026-08-16 19:57:28.784,0.80,0.00,36,0.8,57.8,-0.250,89.9,90,HAYIR,HAYIR
2026-08-16 19:57:28.804,0.80,0.00,36,0.8,57.8,-0.250,90.0,90,HAYIR,HAYIR
2026-08-16 19:57:28.824,0.80,0.00,36,0.8,57.8,-0.250,90.0,90,HAYIR,HAYIR
2026-08-16 19:57:28.844,0.80,0.00,36,0.8,57.8,-0.250,90.0,90,HAYIR,HAYIR
2026-08-16 19:57:28.864,0.80,0.00,36,0.8,57.8,-0.250,90.0,90,HAYIR,HAYIR
2026-08-16 19:57:28.884,0.80,0.00,36,0.8,57.9,-0.250,90.0,90,HAYIR,HAYIR
2026-08-16 19:57:28.904,0.80,0.00,36,0.8,57.9,-0.250,90.0,90,HAYIR,HAYIR
2026-08-16 19:57:28.924,0.80,0.00,36,0.8,57.9,-0.250,90.0,90,HAYIR,HAYIR
2026-08-16 19:57:28.944,0.80,0.00,36,0.8,57.9,-0.250,90.0,90,HAYIR,HAYIR
2026-08-16 19:57:28.965,0.80,0.00,36,0.8,57.9,-0.250,90.0,90,HAYIR,HAYIR
2026-08-16 19:57:28.984,0.80,0.00,36,0.8,58.0,-0.250,90.0,90,HAYIR,HAYIR
2026-08-16 19:57:29.004,0.80,0.00,36,0.8,58.0,-0.250,90.1,90,HAYIR,HAYIR
2026-08-16 19:57:29.024,0.80,0.00,36,0.8,58.0,-0.250,90.1,90,HAYIR,HAYIR
2026-08-16 19:57:29.044,0.80,0.00,36,0.8,58.0,-0.250,90.1,90,HAYIR,HAYIR
2026-08-16 19:57:29.064,0.80,0.00,36,0.8,58.0,-0.251,90.2,90,HAYIR,HAYIR
2026-08-16 19:57:29.084,0.80,0.00,36,0.8,58.1,-0.251,90.2,90,HAYIR,HAYIR
2026-08-16 19:57:29.104,0.80,0.00,36,0.8,58.1,-0.251,90.3,90,HAYIR,HAYIR
2026-08-16 19:57:29.124,0.80,0.00,36,0.8,58.1,-0.251,90.3,90,HAYIR,HAYIR
2026-08-16 19:57:29.144,0.80,0.00,36,0.8,58.1,-0.251,90.3,90,HAYIR,HAYIR
2026-08-16 19:57:29.165,0.80,0.00,36,0.8,58.1,-0.251,90.3,90,HAYIR,HAYIR
2026-08-16 19:57:29.184,0.80,0.00,36,0.8,58.2,-0.251,90.3,90,HAYIR,HAYIR
2026-08-16 19:57:29.204,0.80,0.00,36,0.8,58.2,-0.251,90.3,90,HAYIR,HAYIR
2026-08-16 19:57:29.224,0.80,0.00,36,0.8,58.2,-0.251,90.3,90,HAYIR,HAYIR
2026-08-16 19:57:29.244,0.80,0.00,36,0.8,58.2,-0.251,90.3,90,HAYIR,HAYIR
2026-08-16 19:57:29.264,0.80,0.00,36,0.8,58.2,-0.251,90.2,90,HAYIR,HAYIR
2026-08-16 19:57:29.284,0.80,0.00,36,0.8,58.3,-0.251,90.2,90,HAYIR,HAYIR
2026-08-16 19:57:29.304,0.80,0.00,36,0.8,58.3,-0.251,90.4,90,HAYIR,HAYIR
2026-08-16 19:57:29.324,0.80,0.00,36,0.8,58.3,-0.251,90.4,90,HAYIR,HAYIR
2026-08-16 19:57:29.344,0.80,0.00,36,0.8,58.3,-0.251,90.4,90,HAYIR,HAYIR
2026-08-16 19:57:29.365,0.80,0.00,36,0.8,58.3,-0.252,90.5,90,HAYIR,HAYIR
2026-08-16 19:57:29.384,0.80,0.00,36,0.8,58.4,-0.252,90.5,90,HAYIR,HAYIR
2026-08-16 19:57:29.404,0.80,0.00,36,0.8,58.4,-0.252,90.6,91,HAYIR,HAYIR
2026-08-16 19:57:29.424,0.80,0.00,36,0.8,58.4,-0.252,90.6,91,HAYIR,HAYIR
2026-08-16 19:57:29.444,0.80,0.00,36,0.8,58.4,-0.252,90.6,91,HAYIR,HAYIR
2026-08-16 19:57:29.464,0.80,0.00,36,0.8,58.4,-0.252,90.6,91,HAYIR,HAYIR
2026-08-16 19:57:29.484,0.80,0.00,36,0.8,58.5,-0.252,90.6,91,HAYIR,HAYIR
2026-08-16 19:57:29.504,0.80,0.00,36,0.8,58.5,-0.252,90.6,91,HAYIR,HAYIR
2026-08-16 19:57:29.524,0.80,0.00,36,0.8,58.5,-0.252,90.6,91,HAYIR,HAYIR
2026-08-16 19:57:29.544,0.80,0.00,36,0.8,58.5,-0.252,90.6,91,HAYIR,HAYIR
2026-08-16 19:57:29.564,0.80,0.00,36,0.8,58.5,-0.252,90.6,91,HAYIR,HAYIR
2026-08-16 19:57:29.584,0.80,0.00,36,0.8,58.6,-0.252,90.6,91,HAYIR,HAYIR
2026-08-16 19:57:29.604,0.80,0.03,36,0.8,58.6,-0.252,90.5,91,HAYIR,HAYIR
2026-08-16 19:57:29.624,0.80,0.03,36,0.8,58.6,-0.252,90.5,91,HAYIR,HAYIR
2026-08-16 19:57:29.644,0.80,0.03,36,0.8,58.6,-0.252,90.5,91,HAYIR,HAYIR
2026-08-16 19:57:29.664,0.80,0.03,36,0.8,58.6,-0.253,90.9,91,HAYIR,HAYIR
2026-08-16 19:57:29.684,0.80,0.03,36,0.8,58.7,-0.253,90.9,91,HAYIR,HAYIR
2026-08-16 19:57:29.704,0.80,0.03,36,0.8,58.7,-0.253,90.8,91,HAYIR,HAYIR
2026-08-16 19:57:29.724,0.80,0.03,36,0.8,58.7,-0.253,90.8,91,HAYIR,HAYIR
2026-08-16 19:57:29.744,0.80,0.03,36,0.8,58.7,-0.253,90.8,91,HAYIR,HAYIR
2026-08-16 19:57:29.764,0.80,0.03,36,0.8,58.7,-0.254,91.2,91,HAYIR,HAYIR
2026-08-16 19:57:29.784,0.80,0.03,36,0.8,58.8,-0.254,91.2,91,HAYIR,HAYIR
2026-08-16 19:57:29.804,0.80,0.03,36,0.8,58.8,-0.253,90.8,91,HAYIR,HAYIR
2026-08-16 19:57:29.824,0.80,0.03,36,0.8,58.8,-0.253,90.8,91,HAYIR,HAYIR
2026-08-16 19:57:29.844,0.80,0.03,36,0.8,58.8,-0.253,90.8,91,HAYIR,HAYIR
2026-08-16 19:57:29.864,0.80,0.03,36,0.8,58.8,-0.254,91.3,91,HAYIR,HAYIR
2026-08-16 19:57:29.884,0.80,0.03,36,0.8,58.9,-0.254,91.3,91,HAYIR,HAYIR
2026-08-16 19:57:29.904,0.80,0.03,36,0.8,58.9,-0.253,90.8,91,HAYIR,HAYIR
2026-08-16 19:57:29.924,0.80,0.10,36,0.8,0.0,-0.253,90.8,91,HAYIR,HAYIR
2026-08-16 19:57:29.944,0.80,0.10,36,0.8,0.0,-0.253,90.8,91,HAYIR,HAYIR
2026-08-16 19:57:29.965,0.80,0.10,36,0.8,0.0,-0.255,91.5,91,HAYIR,HAYIR
2026-08-16 19:57:29.984,0.80,0.10,36,0.8,0.0,-0.255,91.5,91,HAYIR,HAYIR
2026-08-16 19:57:30.004,0.80,0.10,36,0.9,0.0,-0.256,91.8,92,HAYIR,HAYIR
2026-08-16 19:57:30.024,0.80,0.10,36,0.9,0.0,-0.256,91.8,92,HAYIR,HAYIR
2026-08-16 19:57:30.044,0.80,0.10,36,0.9,0.0,-0.256,91.8,92,HAYIR,HAYIR
2026-08-16 19:57:30.064,0.80,0.10,36,0.8,0.0,-0.255,91.5,91,HAYIR,HAYIR
2026-08-16 19:57:30.084,0.80,0.10,36,0.8,0.0,-0.255,91.5,91,HAYIR,HAYIR
2026-08-16 19:57:30.104,0.80,0.10,36,0.9,0.0,-0.255,91.5,92,HAYIR,HAYIR
2026-08-16 19:57:30.124,0.80,0.10,36,0.9,0.0,-0.255,91.5,92,HAYIR,HAYIR
2026-08-16 19:57:30.144,0.80,0.10,36,0.9,0.0,-0.255,91.5,92,HAYIR,HAYIR
2026-08-16 19:57:30.165,0.80,0.10,36,0.8,0.0,-0.253,91.1,91,HAYIR,HAYIR
2026-08-16 19:57:30.184,0.80,0.10,36,0.8,0.0,-0.253,91.1,91,HAYIR,HAYIR
2026-08-16 19:57:30.204,0.80,0.10,36,0.8,0.0,-0.249,89.8,90,HAYIR,HAYIR
2026-08-16 19:57:30.224,0.80,0.10,36,0.8,0.0,-0.249,89.8,90,HAYIR,HAYIR
2026-08-16 19:57:30.244,0.80,0.20,36,0.8,0.0,-0.249,89.8,90,HAYIR,HAYIR
2026-08-16 19:57:30.264,0.80,0.20,36,0.8,0.0,-0.251,90.5,90,HAYIR,HAYIR
2026-08-16 19:57:30.284,0.80,0.20,36,0.8,0.0,-0.251,90.5,90,HAYIR,HAYIR
2026-08-16 19:57:30.304,0.80,0.20,36,0.8,0.0,-0.252,90.6,91,HAYIR,HAYIR
2026-08-16 19:57:30.324,0.80,0.20,36,0.8,0.0,-0.252,90.6,91,HAYIR,HAYIR
2026-08-16 19:57:30.344,0.80,0.20,36,0.8,0.0,-0.252,90.6,91,HAYIR,HAYIR
2026-08-16 19:57:30.365,0.80,0.20,36,0.8,0.0,-0.250,90.1,90,HAYIR,HAYIR
2026-08-16 19:57:30.384,0.80,0.20,36,0.8,0.0,-0.250,90.1,90,HAYIR,HAYIR
2026-08-16 19:57:30.404,0.80,0.20,36,0.8,0.0,-0.250,89.9,90,HAYIR,HAYIR
2026-08-16 19:57:30.425,0.80,0.20,36,0.8,0.0,-0.250,89.9,90,HAYIR,HAYIR
2026-08-16 19:57:30.444,0.80,0.20,36,0.8,0.0,-0.250,89.9,90,HAYIR,HAYIR
2026-08-16 19:57:30.464,0.80,0.20,36,0.8,0.0,-0.248,89.5,90,HAYIR,HAYIR
2026-08-16 19:57:30.484,0.80,0.20,36,0.8,0.0,-0.248,89.5,90,HAYIR,HAYIR
2026-08-16 19:57:30.504,0.80,0.20,36,0.8,0.0,-0.244,88.0,88,HAYIR,HAYIR
2026-08-16 19:57:30.524,0.80,0.20,36,0.8,0.0,-0.244,88.0,88,HAYIR,HAYIR
2026-08-16 19:57:30.544,0.80,0.20,36,0.8,0.0,-0.244,88.0,88,HAYIR,HAYIR
2026-08-16 19:57:30.565,0.80,0.20,36,0.8,0.0,-0.245,88.3,88,HAYIR,HAYIR
2026-08-16 19:57:30.584,0.80,0.20,36,0.8,0.0,-0.245,88.3,88,HAYIR,HAYIR
2026-08-16 19:57:30.604,0.80,0.20,36,0.8,0.0,-0.241,87.2,87,HAYIR,HAYIR
2026-08-16 19:57:30.624,0.80,0.31,36,0.8,0.0,-0.241,87.2,87,HAYIR,HAYIR
2026-08-16 19:57:30.644,0.80,0.31,36,0.8,0.0,-0.241,87.2,87,HAYIR,HAYIR
2026-08-16 19:57:30.664,0.80,0.31,36,0.8,0.0,-0.242,87.6,88,HAYIR,HAYIR
2026-08-16 19:57:30.684,0.80,0.31,36,0.8,0.0,-0.242,87.6,88,HAYIR,HAYIR
2026-08-16 19:57:30.704,0.80,0.31,36,0.8,0.0,-0.238,86.3,86,HAYIR,HAYIR
2026-08-16 19:57:30.724,0.80,0.31,36,0.8,0.0,-0.238,86.3,86,HAYIR,HAYIR
2026-08-16 19:57:30.744,0.80,0.31,36,0.8,0.0,-0.238,86.3,86,HAYIR,HAYIR
2026-08-16 19:57:30.765,0.80,0.31,36,0.8,0.0,-0.239,86.6,87,HAYIR,HAYIR
2026-08-16 19:57:30.784,0.80,0.31,36,0.8,0.0,-0.239,86.6,87,HAYIR,HAYIR
2026-08-16 19:57:30.804,0.80,0.31,36,0.8,0.0,-0.234,85.0,85,HAYIR,HAYIR
2026-08-16 19:57:30.824,0.80,0.31,36,0.8,0.0,-0.234,85.0,85,HAYIR,HAYIR
2026-08-16 19:57:30.844,0.80,0.31,36,0.8,0.0,-0.234,85.0,85,HAYIR,HAYIR
2026-08-16 19:57:30.864,0.80,0.31,36,0.8,0.0,-0.235,85.3,85,HAYIR,HAYIR
2026-08-16 19:57:30.884,0.80,0.31,36,0.8,0.0,-0.235,85.3,85,HAYIR,HAYIR
2026-08-16 19:57:30.904,0.80,0.31,36,0.8,0.0,-0.233,84.6,85,HAYIR,HAYIR
2026-08-16 19:57:30.924,0.80,0.31,36,0.8,0.0,-0.233,84.6,85,HAYIR,HAYIR
2026-08-16 19:57:30.944,0.80,0.41,36,0.8,0.0,-0.233,84.6,85,HAYIR,HAYIR
2026-08-16 19:57:30.964,0.80,0.41,36,0.7,0.0,-0.231,84.0,84,HAYIR,HAYIR
2026-08-16 19:57:30.985,0.80,0.41,36,0.7,0.0,-0.231,84.0,84,HAYIR,HAYIR
2026-08-16 19:57:31.004,0.80,0.41,36,0.7,0.0,-0.226,82.2,83,HAYIR,HAYIR
2026-08-16 19:57:31.024,0.80,0.41,36,0.7,0.0,-0.226,82.2,82,HAYIR,HAYIR
2026-08-16 19:57:31.044,0.80,0.41,36,0.7,0.0,-0.226,82.2,82,HAYIR,HAYIR
2026-08-16 19:57:31.064,0.80,0.41,36,0.7,0.0,-0.224,81.6,82,HAYIR,HAYIR
2026-08-16 19:57:31.084,0.80,0.41,36,0.7,0.0,-0.224,81.6,82,HAYIR,HAYIR
2026-08-16 19:57:31.104,0.80,0.41,36,0.7,0.0,-0.266,94.9,83,HAYIR,HAYIR
2026-08-16 19:57:31.124,0.80,0.41,36,0.7,0.0,-0.266,94.9,84,HAYIR,HAYIR
2026-08-16 19:57:31.144,0.80,0.41,36,0.8,0.0,-0.266,94.9,85,HAYIR,HAYIR
2026-08-16 19:57:31.164,0.80,0.41,36,0.8,0.0,-0.265,94.6,86,HAYIR,HAYIR
2026-08-16 19:57:31.184,0.80,0.41,36,0.8,0.0,-0.265,94.6,88,HAYIR,HAYIR
2026-08-16 19:57:31.204,0.80,0.41,36,0.8,0.0,-0.260,93.1,89,HAYIR,HAYIR
2026-08-16 19:57:31.225,0.80,0.41,36,0.8,0.0,-0.260,93.1,90,HAYIR,HAYIR
2026-08-16 19:57:31.244,0.80,0.41,36,0.8,0.0,-0.260,93.1,91,HAYIR,HAYIR
2026-08-16 19:57:31.264,0.80,0.50,36,0.9,0.0,-0.263,93.9,92,HAYIR,HAYIR
2026-08-16 19:57:31.284,0.80,0.50,36,0.9,0.0,-0.263,93.9,94,HAYIR,HAYIR
2026-08-16 19:57:31.304,0.80,0.50,36,0.9,0.0,-0.226,82.3,92,HAYIR,HAYIR
2026-08-16 19:57:31.324,0.80,0.50,36,0.8,0.0,-0.226,82.3,91,HAYIR,HAYIR
2026-08-16 19:57:31.344,0.80,0.50,36,0.8,0.0,-0.226,82.3,90,HAYIR,HAYIR
2026-08-16 19:57:31.365,0.80,0.50,36,0.8,0.0,-0.223,81.5,89,HAYIR,HAYIR
2026-08-16 19:57:31.384,0.80,0.50,36,0.8,0.0,-0.223,81.5,88,HAYIR,HAYIR
2026-08-16 19:57:31.404,0.80,0.50,36,0.8,0.0,-0.215,78.8,86,HAYIR,HAYIR
2026-08-16 19:57:31.425,0.80,0.50,36,0.8,0.0,-0.215,78.8,85,HAYIR,HAYIR
2026-08-16 19:57:31.444,0.80,0.50,36,0.7,0.0,-0.215,78.8,84,HAYIR,HAYIR
2026-08-16 19:57:31.464,0.80,0.50,36,0.7,0.0,-0.213,78.0,83,HAYIR,HAYIR
2026-08-16 19:57:31.485,0.80,0.50,36,0.7,0.0,-0.213,78.0,82,HAYIR,HAYIR
2026-08-16 19:57:31.504,0.80,0.50,36,0.7,0.0,-0.205,75.4,80,HAYIR,HAYIR
2026-08-16 19:57:31.524,0.80,0.50,36,0.7,0.0,-0.205,75.4,79,HAYIR,HAYIR
2026-08-16 19:57:31.544,0.80,0.50,36,0.6,0.0,-0.205,75.4,78,HAYIR,HAYIR
2026-08-16 19:57:31.565,0.80,0.50,36,0.6,0.0,-0.203,74.8,77,HAYIR,HAYIR
2026-08-16 19:57:31.584,0.80,0.60,36,0.6,0.0,-0.203,74.8,76,HAYIR,HAYIR
2026-08-16 19:57:31.604,0.80,0.60,36,0.6,0.0,-0.196,72.6,74,HAYIR,HAYIR
2026-08-16 19:57:31.624,0.80,0.60,36,0.5,0.0,-0.196,72.6,73,HAYIR,HAYIR
2026-08-16 19:57:31.644,0.80,0.60,36,0.5,0.0,-0.196,72.6,73,HAYIR,HAYIR
2026-08-16 19:57:31.664,0.80,0.60,36,0.5,0.0,-0.179,66.7,71,HAYIR,HAYIR
2026-08-16 19:57:31.684,0.80,0.60,36,0.5,0.0,-0.179,66.7,70,HAYIR,HAYIR
2026-08-16 19:57:31.704,0.80,0.60,36,0.5,0.0,-0.175,65.1,69,HAYIR,HAYIR
2026-08-16 19:57:31.724,0.80,0.60,36,0.5,0.0,-0.175,65.1,68,HAYIR,HAYIR
2026-08-16 19:57:31.744,0.80,0.60,36,0.5,0.0,-0.175,65.1,67,HAYIR,HAYIR
2026-08-16 19:57:31.764,0.80,0.60,36,0.4,0.0,-0.172,64.1,65,HAYIR,HAYIR
2026-08-16 19:57:31.784,0.80,0.60,36,0.4,0.0,-0.172,64.1,64,HAYIR,HAYIR
2026-08-16 19:57:31.804,0.80,0.60,36,0.4,0.0,-0.165,61.6,63,HAYIR,HAYIR
2026-08-16 19:57:31.825,0.80,0.60,36,0.4,0.0,-0.165,61.6,62,HAYIR,HAYIR
2026-08-16 19:57:31.844,0.80,0.60,36,0.4,0.0,-0.165,61.6,62,HAYIR,HAYIR
2026-08-16 19:57:31.864,0.80,0.60,36,0.3,0.0,-0.163,60.9,61,HAYIR,HAYIR
2026-08-16 19:57:31.884,0.80,0.60,36,0.3,0.0,-0.163,60.9,61,HAYIR,HAYIR
2026-08-16 19:57:31.904,0.80,0.72,36,0.3,0.0,-0.156,58.5,60,HAYIR,HAYIR
2026-08-16 19:57:31.924,0.80,0.72,36,0.3,0.0,-0.156,58.5,59,HAYIR,HAYIR
2026-08-16 19:57:31.944,0.80,0.72,36,0.3,0.0,-0.156,58.5,59,HAYIR,HAYIR
2026-08-16 19:57:31.964,0.80,0.72,36,0.3,0.0,-0.144,54.2,57,HAYIR,HAYIR
2026-08-16 19:57:31.984,0.80,0.72,36,0.3,0.0,-0.144,54.2,56,HAYIR,HAYIR
2026-08-16 19:57:32.004,0.80,0.72,36,0.2,0.0,-0.138,52.2,55,HAYIR,HAYIR
2026-08-16 19:57:32.025,0.80,0.72,36,0.2,0.0,-0.138,52.2,54,HAYIR,HAYIR
2026-08-16 19:57:32.044,0.80,0.72,36,0.2,0.0,-0.138,52.2,53,HAYIR,HAYIR
2026-08-16 19:57:32.065,0.80,0.72,36,0.2,0.0,-0.135,51.1,51,HAYIR,HAYIR
2026-08-16 19:57:32.084,0.80,0.72,36,0.2,0.0,-0.135,51.1,51,HAYIR,HAYIR
2026-08-16 19:57:32.104,0.80,0.72,36,0.2,0.0,-0.129,48.9,50,HAYIR,HAYIR
2026-08-16 19:57:32.124,0.80,0.72,36,0.2,0.0,-0.129,48.9,49,HAYIR,HAYIR
2026-08-16 19:57:32.144,0.80,0.72,36,0.2,0.0,-0.129,48.9,49,HAYIR,HAYIR
2026-08-16 19:57:32.164,0.80,0.72,36,0.1,0.0,-0.122,46.3,48,HAYIR,HAYIR
2026-08-16 19:57:32.184,0.80,0.72,36,0.1,0.0,-0.122,46.3,46,HAYIR,HAYIR
2026-08-16 19:57:32.204,0.80,0.72,36,0.1,0.0,-0.117,44.4,45,HAYIR,HAYIR
2026-08-16 19:57:32.224,0.80,0.72,36,0.1,0.0,-0.117,44.4,44,HAYIR,HAYIR
2026-08-16 19:57:32.244,0.80,0.72,36,0.1,0.0,-0.117,44.4,44,HAYIR,HAYIR
2026-08-16 19:57:32.265,0.80,0.72,36,0.1,0.0,-0.115,43.7,44,HAYIR,HAYIR
2026-08-16 19:57:32.284,0.80,0.85,31,0.1,0.0,-0.115,43.7,44,HAYIR,HAYIR
2026-08-16 19:57:32.304,0.80,0.85,36,0.0,0.0,-0.111,42.1,42,HAYIR,HAYIR
2026-08-16 19:57:32.324,0.80,0.85,36,0.0,0.0,-0.111,42.1,42,HAYIR,HAYIR
2026-08-16 19:57:32.344,0.80,0.85,36,0.0,0.0,-0.111,42.1,42,HAYIR,HAYIR
2026-08-16 19:57:32.364,0.80,0.85,36,0.0,0.0,-0.103,39.2,41,HAYIR,HAYIR
2026-08-16 19:57:32.384,0.80,0.85,36,0.0,0.0,-0.103,39.2,40,HAYIR,HAYIR
2026-08-16 19:57:32.404,0.80,0.85,36,0.0,0.0,-0.098,37.5,39,HAYIR,HAYIR
2026-08-16 19:57:32.424,0.80,0.85,36,0.0,0.0,-0.098,37.5,38,HAYIR,HAYIR
2026-08-16 19:57:32.444,0.80,0.85,36,0.0,0.0,-0.098,37.5,38,HAYIR,HAYIR
2026-08-16 19:57:32.464,0.80,0.85,36,0.0,0.0,-0.096,36.7,37,HAYIR,HAYIR
2026-08-16 19:57:32.484,0.80,0.85,36,0.0,0.0,-0.096,36.7,37,HAYIR,HAYIR
2026-08-16 19:57:32.504,0.80,0.85,36,0.0,0.0,-0.092,35.1,36,HAYIR,HAYIR
2026-08-16 19:57:32.524,0.80,0.85,36,0.0,0.0,-0.092,35.1,35,HAYIR,HAYIR
2026-08-16 19:57:32.544,0.80,0.85,36,0.0,0.0,-0.092,35.1,35,HAYIR,HAYIR
2026-08-16 19:57:32.564,0.80,0.85,36,0.0,0.0,-0.090,34.4,34,HAYIR,HAYIR
2026-08-16 19:57:32.584,0.80,0.85,36,0.0,0.0,-0.090,34.4,34,HAYIR,HAYIR
2026-08-16 19:57:32.604,0.80,0.98,30,0.0,0.0,-0.087,33.2,33,HAYIR,HAYIR
2026-08-16 19:57:32.625,0.80,0.98,35,0.0,0.0,-0.087,33.2,33,HAYIR,HAYIR
2026-08-16 19:57:32.644,0.80,0.98,35,0.0,0.0,-0.087,33.2,33,HAYIR,HAYIR
2026-08-16 19:57:32.664,0.80,0.98,35,0.0,0.0,-0.078,29.9,32,HAYIR,HAYIR
2026-08-16 19:57:32.684,0.80,0.98,35,0.0,0.0,-0.078,29.9,31,HAYIR,HAYIR
2026-08-16 19:57:32.704,0.80,0.98,35,0.0,0.0,-0.072,27.8,30,HAYIR,HAYIR
2026-08-16 19:57:32.724,0.80,0.98,35,0.0,0.0,-0.072,27.8,28,HAYIR,HAYIR
2026-08-16 19:57:32.744,0.80,0.98,35,0.0,0.0,-0.072,27.8,28,HAYIR,HAYIR
2026-08-16 19:57:32.764,0.80,0.98,35,0.0,0.0,-0.069,26.6,27,HAYIR,HAYIR
2026-08-16 19:57:32.785,0.80,0.98,35,0.0,0.0,-0.069,26.6,27,HAYIR,HAYIR
2026-08-16 19:57:32.804,0.80,0.98,35,0.0,0.0,-0.063,24.1,25,HAYIR,HAYIR
2026-08-16 19:57:32.825,0.80,0.98,35,0.0,0.0,-0.063,24.1,24,HAYIR,HAYIR
2026-08-16 19:57:32.844,0.80,0.98,35,0.0,0.0,-0.063,24.1,24,HAYIR,HAYIR
2026-08-16 19:57:32.864,0.80,0.98,35,0.0,0.0,-0.059,22.8,23,HAYIR,HAYIR
2026-08-16 19:57:32.884,0.80,0.98,35,0.0,0.0,-0.059,22.8,23,HAYIR,HAYIR
2026-08-16 19:57:32.904,0.80,0.98,35,0.0,0.0,-0.052,20.0,22,HAYIR,HAYIR
2026-08-16 19:57:32.924,0.80,1.09,30,0.0,0.0,-0.052,20.0,20,HAYIR,HAYIR
2026-08-16 19:57:32.944,0.80,1.09,35,0.0,0.0,-0.052,20.0,20,HAYIR,HAYIR
2026-08-16 19:57:32.965,0.80,1.09,35,0.0,0.0,-0.048,18.6,19,HAYIR,HAYIR
2026-08-16 19:57:32.985,0.80,1.09,35,0.0,0.0,-0.048,18.6,19,HAYIR,HAYIR
2026-08-16 19:57:33.004,0.80,1.09,35,0.0,0.0,-0.034,13.0,17,HAYIR,HAYIR
2026-08-16 19:57:33.024,0.80,1.09,35,0.0,0.0,-0.034,13.0,16,HAYIR,HAYIR
2026-08-16 19:57:33.044,0.80,1.09,35,0.0,0.0,-0.034,13.0,15,HAYIR,HAYIR
2026-08-16 19:57:33.064,0.80,1.09,35,0.0,0.0,-0.033,12.8,14,HAYIR,HAYIR
2026-08-16 19:57:33.084,0.80,1.09,35,0.0,0.0,-0.033,12.8,13,HAYIR,HAYIR
2026-08-16 19:57:33.104,0.80,1.09,35,0.0,0.0,-0.031,12.1,12,HAYIR,HAYIR
2026-08-16 19:57:33.124,0.80,1.09,35,0.0,0.0,-0.031,12.1,12,HAYIR,HAYIR
2026-08-16 19:57:33.144,0.80,1.09,35,0.0,0.0,-0.031,12.1,12,HAYIR,HAYIR
2026-08-16 19:57:33.164,0.80,1.09,35,0.0,0.0,-0.031,12.0,12,HAYIR,HAYIR
2026-08-16 19:57:33.184,0.80,1.09,35,0.0,0.0,-0.031,12.0,12,HAYIR,HAYIR
2026-08-16 19:57:33.204,0.80,1.09,35,0.0,0.0,-0.030,11.7,12,HAYIR,HAYIR
2026-08-16 19:57:33.224,0.80,1.09,35,0.0,0.0,-0.030,11.7,12,HAYIR,HAYIR
2026-08-16 19:57:33.244,0.80,1.20,30,0.0,0.0,-0.030,11.7,12,HAYIR,HAYIR
2026-08-16 19:57:33.264,0.80,1.20,34,0.0,0.0,-0.030,11.7,12,HAYIR,HAYIR
2026-08-16 19:57:33.284,0.80,1.20,34,0.0,0.0,-0.030,11.7,12,HAYIR,HAYIR
2026-08-16 19:57:33.304,0.80,1.20,34,0.0,0.0,-0.030,11.7,12,HAYIR,HAYIR
2026-08-16 19:57:33.324,0.80,1.20,34,0.0,0.0,-0.030,11.7,12,HAYIR,HAYIR
2026-08-16 19:57:33.344,0.80,1.20,34,0.0,0.0,-0.030,11.7,12,HAYIR,HAYIR
2026-08-16 19:57:33.364,0.80,1.20,34,0.0,0.0,0.000,-0.0,10,HAYIR,HAYIR
2026-08-16 19:57:33.384,0.80,1.20,34,0.0,0.0,0.000,-0.0,9,HAYIR,HAYIR
2026-08-16 19:57:33.404,0.80,1.20,34,0.0,0.0,0.000,-0.0,8,HAYIR,HAYIR
2026-08-16 19:57:33.424,0.80,1.20,34,0.0,0.0,0.000,-0.0,7,HAYIR,HAYIR
2026-08-16 19:57:33.444,0.80,1.20,34,0.0,0.0,0.000,-0.0,6,HAYIR,HAYIR
2026-08-16 19:57:33.464,0.80,1.20,34,0.0,0.0,0.000,-0.0,4,HAYIR,HAYIR
2026-08-16 19:57:33.484,0.80,1.20,34,0.0,0.0,0.000,-0.0,3,HAYIR,HAYIR
2026-08-16 19:57:33.504,0.80,1.20,34,0.0,0.0,0.000,-0.0,2,HAYIR,HAYIR
2026-08-16 19:57:33.524,0.80,1.20,34,0.0,0.0,0.000,-0.0,1,HAYIR,HAYIR
2026-08-16 19:57:33.544,0.80,1.20,34,0.0,0.0,0.000,-0.0,0,HAYIR,HAYIR
2026-08-16 19:57:33.565,0.80,1.20,34,0.0,0.0,0.000,-0.0,0,HAYIR,HAYIR
2026-08-16 19:57:33.584,0.80,1.32,29,0.0,0.0,0.000,-0.0,0,HAYIR,HAYIR
2026-08-16 19:57:33.604,0.80,1.32,33,0.0,0.0,-0.030,11.6,1,HAYIR,HAYIR
2026-08-16 19:57:33.625,0.80,1.32,33,0.0,0.0,-0.030,11.6,2,HAYIR,HAYIR
2026-08-16 19:57:33.644,0.80,1.32,33,0.0,0.0,-0.030,11.6,4,HAYIR,HAYIR
2026-08-16 19:57:33.664,0.80,1.32,33,0.0,0.0,-0.031,12.0,5,HAYIR,HAYIR
2026-08-16 19:57:33.684,0.80,1.32,33,0.0,0.0,-0.031,12.0,6,HAYIR,HAYIR
2026-08-16 19:57:33.704,0.80,1.32,33,0.0,0.0,-0.031,12.0,7,HAYIR,HAYIR
2026-08-16 19:57:33.724,0.80,1.32,33,0.0,0.0,-0.031,12.0,8,HAYIR,HAYIR
2026-08-16 19:57:33.744,0.80,1.32,33,0.0,0.0,-0.031,12.0,10,HAYIR,HAYIR
2026-08-16 19:57:33.764,0.80,1.32,33,0.0,0.0,-0.032,12.2,11,HAYIR,HAYIR
2026-08-16 19:57:33.784,0.80,1.32,33,0.0,0.0,-0.032,12.2,12,HAYIR,HAYIR
2026-08-16 19:57:33.804,0.80,1.32,33,0.0,0.0,-0.031,12.1,12,HAYIR,HAYIR
2026-08-16 19:57:33.825,0.80,1.32,33,0.0,0.0,-0.031,12.1,12,HAYIR,HAYIR
2026-08-16 19:57:33.844,0.80,1.32,33,0.0,0.0,-0.031,12.1,12,HAYIR,HAYIR
2026-08-16 19:57:33.865,0.80,1.32,33,0.0,0.0,-0.032,12.4,12,HAYIR,HAYIR
2026-08-16 19:57:33.884,0.80,1.32,33,0.0,0.0,-0.032,12.4,12,HAYIR,HAYIR
2026-08-16 19:57:33.904,0.80,1.32,33,0.0,0.0,-0.033,12.9,13,HAYIR,HAYIR
2026-08-16 19:57:33.924,0.80,1.32,33,0.0,0.0,-0.033,12.9,13,HAYIR,HAYIR
2026-08-16 19:57:33.944,0.80,1.32,33,0.0,0.0,-0.033,12.9,13,HAYIR,HAYIR
2026-08-16 19:57:33.965,0.80,1.43,28,0.0,0.0,-0.035,13.3,13,HAYIR,HAYIR
2026-08-16 19:57:33.985,0.80,1.43,33,0.0,0.0,-0.035,13.3,13,HAYIR,HAYIR
2026-08-16 19:57:34.004,0.80,1.43,33,0.0,0.0,-0.035,13.6,14,HAYIR,HAYIR
2026-08-16 19:57:34.025,0.80,1.43,33,0.0,0.0,-0.035,13.6,14,HAYIR,HAYIR
2026-08-16 19:57:34.044,0.80,1.43,33,0.0,0.0,-0.035,13.6,14,HAYIR,HAYIR
2026-08-16 19:57:34.065,0.80,1.43,33,0.0,0.0,-0.037,14.5,14,HAYIR,HAYIR
2026-08-16 19:57:34.084,0.80,1.43,33,0.0,0.0,-0.037,14.5,14,HAYIR,HAYIR
2026-08-16 19:57:34.104,0.80,1.43,33,0.0,0.0,-0.038,14.8,15,HAYIR,HAYIR
2026-08-16 19:57:34.124,0.80,1.43,33,0.0,0.0,-0.038,14.8,15,HAYIR,HAYIR
2026-08-16 19:57:34.144,0.80,1.43,33,0.0,0.0,-0.038,14.8,15,HAYIR,HAYIR
2026-08-16 19:57:34.164,0.80,1.43,33,0.0,0.0,-0.040,15.5,16,HAYIR,HAYIR
2026-08-16 19:57:34.185,0.80,1.43,33,0.0,0.0,-0.040,15.5,16,HAYIR,HAYIR
2026-08-16 19:57:34.204,0.80,1.43,32,0.0,0.0,-0.043,16.7,17,HAYIR,HAYIR
2026-08-16 19:57:34.225,0.80,1.43,32,0.0,0.0,-0.043,16.7,17,HAYIR,HAYIR
2026-08-16 19:57:34.244,0.80,1.43,32,0.0,0.0,-0.043,16.7,17,HAYIR,HAYIR
2026-08-16 19:57:34.265,0.80,1.43,32,0.0,0.0,-0.044,17.0,17,HAYIR,HAYIR
2026-08-16 19:57:34.284,0.80,1.52,28,0.0,0.0,-0.044,17.0,17,HAYIR,HAYIR
2026-08-16 19:57:34.304,0.80,1.52,32,0.0,0.0,-0.047,18.3,18,HAYIR,HAYIR
2026-08-16 19:57:34.324,0.80,1.52,32,0.0,0.0,-0.047,18.3,18,HAYIR,HAYIR
2026-08-16 19:57:34.344,0.80,1.52,32,0.0,0.0,-0.047,18.3,18,HAYIR,HAYIR
2026-08-16 19:57:34.364,0.80,1.52,32,0.0,0.0,-0.048,18.4,18,HAYIR,HAYIR
2026-08-16 19:57:34.384,0.80,1.52,32,0.0,0.0,-0.048,18.4,18,HAYIR,HAYIR
2026-08-16 19:57:34.404,0.80,1.52,32,0.0,0.0,-0.049,18.9,19,HAYIR,HAYIR
2026-08-16 19:57:34.425,0.80,1.52,32,0.0,0.0,-0.049,18.9,19,HAYIR,HAYIR
2026-08-16 19:57:34.445,0.80,1.52,32,0.0,0.0,-0.049,18.9,19,HAYIR,HAYIR
2026-08-16 19:57:34.464,0.80,1.52,32,0.0,0.0,-0.053,20.4,20,HAYIR,HAYIR
2026-08-16 19:57:34.484,0.80,1.52,32,0.0,0.0,-0.053,20.4,20,HAYIR,HAYIR
2026-08-16 19:57:34.504,0.80,1.52,32,0.0,0.0,-0.055,21.2,21,HAYIR,HAYIR
2026-08-16 19:57:34.524,0.80,1.52,32,0.0,0.0,-0.055,21.2,21,HAYIR,HAYIR
2026-08-16 19:57:34.544,0.80,1.52,32,0.0,0.0,-0.055,21.2,21,HAYIR,HAYIR
2026-08-16 19:57:34.564,0.80,1.52,32,0.0,0.0,-0.057,22.0,22,HAYIR,HAYIR
2026-08-16 19:57:34.584,0.80,1.52,32,0.0,0.0,-0.057,22.0,22,HAYIR,HAYIR
2026-08-16 19:57:34.604,0.80,1.62,28,0.0,0.0,-0.059,22.9,23,HAYIR,HAYIR
2026-08-16 19:57:34.625,0.80,1.62,31,0.0,0.0,-0.059,22.9,23,HAYIR,HAYIR
2026-08-16 19:57:34.644,0.80,1.62,31,0.0,0.0,-0.059,22.9,23,HAYIR,HAYIR
2026-08-16 19:57:34.664,0.80,1.62,31,0.0,0.0,-0.062,23.8,24,HAYIR,HAYIR
2026-08-16 19:57:34.684,0.80,1.62,31,0.0,0.0,-0.062,23.8,24,HAYIR,HAYIR
2026-08-16 19:57:34.704,0.80,1.62,31,0.0,0.0,-0.066,25.3,25,HAYIR,HAYIR
2026-08-16 19:57:34.724,0.80,1.62,31,0.0,0.0,-0.066,25.3,25,HAYIR,HAYIR
2026-08-16 19:57:34.744,0.80,1.62,31,0.0,0.0,-0.066,25.3,25,HAYIR,HAYIR
2026-08-16 19:57:34.765,0.80,1.62,31,0.0,0.0,-0.069,26.7,27,HAYIR,HAYIR
2026-08-16 19:57:34.785,0.80,1.62,31,0.0,0.0,-0.069,26.7,27,HAYIR,HAYIR
2026-08-16 19:57:34.804,0.80,1.62,31,0.0,0.0,-0.074,28.2,28,HAYIR,HAYIR
2026-08-16 19:57:34.825,0.80,1.62,31,0.0,0.0,-0.074,28.2,28,HAYIR,HAYIR
2026-08-16 19:57:34.844,0.80,1.62,31,0.0,0.0,-0.074,28.2,28,HAYIR,HAYIR
2026-08-16 19:57:34.865,0.80,1.62,31,0.0,0.0,-0.077,29.4,29,HAYIR,HAYIR
2026-08-16 19:57:34.884,0.80,1.62,31,0.0,0.0,-0.077,29.4,29,HAYIR,HAYIR
2026-08-16 19:57:34.904,0.80,1.62,31,0.0,0.0,-0.083,31.8,31,HAYIR,HAYIR
2026-08-16 19:57:34.924,0.80,1.68,28,0.0,0.0,-0.083,31.8,32,HAYIR,HAYIR
2026-08-16 19:57:34.944,0.80,1.68,31,0.0,0.0,-0.083,31.8,32,HAYIR,HAYIR
2026-08-16 19:57:34.964,0.80,1.68,31,0.0,0.0,-0.085,32.7,33,HAYIR,HAYIR
2026-08-16 19:57:34.984,0.80,1.68,31,0.0,0.0,-0.085,32.7,33,HAYIR,HAYIR
2026-08-16 19:57:35.004,0.80,1.68,31,0.0,0.0,-0.092,35.0,34,HAYIR,HAYIR
2026-08-16 19:57:35.024,0.80,1.68,31,0.0,0.0,-0.092,35.0,35,HAYIR,HAYIR
2026-08-16 19:57:35.044,0.80,1.68,31,0.0,0.0,-0.092,35.0,35,HAYIR,HAYIR
2026-08-16 19:57:35.064,0.80,1.68,31,0.0,0.0,-0.095,36.5,36,HAYIR,HAYIR
2026-08-16 19:57:35.084,0.80,1.68,30,0.0,0.0,-0.095,36.5,36,HAYIR,HAYIR
2026-08-16 19:57:35.104,0.78,1.68,30,0.0,0.0,-0.100,39.3,38,HAYIR,HAYIR
2026-08-16 19:57:35.124,0.78,1.68,30,0.0,0.0,-0.100,39.3,39,HAYIR,HAYIR
2026-08-16 19:57:35.144,0.78,1.68,30,0.0,0.0,-0.100,39.3,39,HAYIR,HAYIR
2026-08-16 19:57:35.164,0.75,1.68,29,0.0,0.0,-0.098,40.1,40,HAYIR,HAYIR
2026-08-16 19:57:35.184,0.75,1.68,30,0.0,0.0,-0.098,40.1,40,HAYIR,HAYIR
2026-08-16 19:57:35.204,0.72,1.68,29,0.0,0.0,-0.099,41.5,41,HAYIR,HAYIR
2026-08-16 19:57:35.224,0.72,1.68,30,0.0,0.0,-0.099,41.5,41,HAYIR,HAYIR
2026-08-16 19:57:35.244,0.72,1.69,29,0.0,0.0,-0.099,41.5,41,HAYIR,HAYIR
2026-08-16 19:57:35.264,0.70,1.69,29,0.0,0.0,-0.102,44.2,43,HAYIR,HAYIR
2026-08-16 19:57:35.284,0.70,1.69,30,0.1,0.0,-0.102,44.2,44,HAYIR,HAYIR
2026-08-16 19:57:35.304,0.67,1.69,29,0.1,0.0,-0.104,46.9,45,HAYIR,HAYIR
2026-08-16 19:57:35.324,0.67,1.69,29,0.1,0.0,-0.104,46.9,46,HAYIR,HAYIR
2026-08-16 19:57:35.344,0.67,1.69,30,0.1,0.0,-0.104,46.9,47,HAYIR,HAYIR
2026-08-16 19:57:35.365,0.65,1.69,29,0.1,0.0,-0.103,48.2,48,HAYIR,HAYIR
2026-08-16 19:57:35.385,0.65,1.69,29,0.1,0.0,-0.103,48.2,48,HAYIR,HAYIR
2026-08-16 19:57:35.404,0.62,1.69,29,0.2,0.0,-0.108,52.0,49,HAYIR,HAYIR
2026-08-16 19:57:35.425,0.62,1.69,29,0.2,0.0,-0.108,52.0,51,HAYIR,HAYIR
2026-08-16 19:57:35.444,0.62,1.69,29,0.2,0.0,-0.108,52.0,52,HAYIR,HAYIR
2026-08-16 19:57:35.465,0.60,1.69,29,0.2,0.0,-0.110,55.4,53,HAYIR,HAYIR
2026-08-16 19:57:35.485,0.60,1.69,29,0.2,0.0,-0.110,55.4,54,HAYIR,HAYIR
2026-08-16 19:57:35.504,0.62,1.69,30,0.2,0.0,-0.160,75.5,55,HAYIR,HAYIR
2026-08-16 19:57:35.524,0.62,1.69,30,0.3,0.0,-0.160,75.5,57,HAYIR,HAYIR
2026-08-16 19:57:35.544,0.62,1.69,30,0.3,0.0,-0.160,75.5,58,HAYIR,HAYIR
2026-08-16 19:57:35.564,0.65,1.70,29,0.3,0.0,-0.210,92.7,59,HAYIR,HAYIR
2026-08-16 19:57:35.584,0.65,1.70,30,0.3,0.0,-0.210,92.7,60,HAYIR,HAYIR
2026-08-16 19:57:35.604,0.67,1.70,30,0.3,0.0,-0.237,99.4,61,HAYIR,HAYIR
2026-08-16 19:57:35.625,0.67,1.70,30,0.4,0.0,-0.237,99.4,63,HAYIR,HAYIR
2026-08-16 19:57:35.645,0.67,1.70,30,0.4,0.0,-0.237,99.4,64,HAYIR,HAYIR
2026-08-16 19:57:35.665,0.65,1.70,29,0.4,0.0,-0.187,83.7,65,HAYIR,HAYIR
2026-08-16 19:57:35.684,0.65,1.70,29,0.4,0.0,-0.187,83.7,66,HAYIR,HAYIR
2026-08-16 19:57:35.704,0.62,1.70,28,0.4,0.0,-0.137,65.3,65,HAYIR,HAYIR
2026-08-16 19:57:35.724,0.62,1.70,29,0.4,0.0,-0.137,65.3,65,HAYIR,HAYIR
2026-08-16 19:57:35.744,0.62,1.70,29,0.4,0.0,-0.137,65.3,65,HAYIR,HAYIR
2026-08-16 19:57:35.764,0.60,1.70,28,0.4,0.0,-0.087,44.1,64,HAYIR,HAYIR
2026-08-16 19:57:35.784,0.60,1.70,29,0.4,0.0,-0.087,44.1,63,HAYIR,HAYIR
2026-08-16 19:57:35.804,0.57,1.70,28,0.4,0.0,-0.037,19.8,62,HAYIR,HAYIR
2026-08-16 19:57:35.824,0.57,1.70,28,0.3,0.0,-0.037,19.8,61,HAYIR,HAYIR
2026-08-16 19:57:35.844,0.57,1.70,29,0.3,0.0,-0.037,19.8,59,HAYIR,HAYIR
2026-08-16 19:57:35.865,0.55,1.70,28,0.3,0.0,0.000,-0.0,58,HAYIR,HAYIR
2026-08-16 19:57:35.884,0.55,1.70,28,0.3,0.0,0.000,-0.0,57,HAYIR,HAYIR
2026-08-16 19:57:35.904,0.52,1.70,28,0.3,0.0,0.000,-0.0,56,HAYIR,HAYIR
2026-08-16 19:57:35.924,0.52,1.70,28,0.2,0.0,0.000,-0.0,55,HAYIR,HAYIR
2026-08-16 19:57:35.944,0.52,1.67,29,0.2,0.0,0.000,-0.0,53,HAYIR,HAYIR
2026-08-16 19:57:35.964,0.50,1.67,28,0.2,0.0,0.000,-0.0,52,HAYIR,HAYIR
2026-08-16 19:57:35.984,0.50,1.67,28,0.2,0.0,0.000,-0.0,51,HAYIR,HAYIR
2026-08-16 19:57:36.004,0.47,1.67,28,0.2,0.0,0.000,-0.0,50,HAYIR,HAYIR
2026-08-16 19:57:36.025,0.47,1.67,28,0.1,0.0,0.000,-0.0,48,HAYIR,HAYIR
2026-08-16 19:57:36.045,0.47,1.67,28,0.1,0.0,0.000,-0.0,47,HAYIR,HAYIR
2026-08-16 19:57:36.065,0.45,1.67,28,0.1,0.0,0.000,-0.0,46,HAYIR,HAYIR
2026-08-16 19:57:36.085,0.45,1.67,28,0.1,0.0,0.000,-0.0,45,HAYIR,HAYIR
2026-08-16 19:57:36.104,0.47,1.67,28,0.1,0.0,0.050,-32.3,44,HAYIR,HAYIR
2026-08-16 19:57:36.124,0.47,1.67,28,0.0,0.0,0.050,-32.3,43,HAYIR,HAYIR
2026-08-16 19:57:36.144,0.47,1.67,28,0.0,0.0,0.050,-32.3,41,HAYIR,HAYIR
2026-08-16 19:57:36.165,0.50,1.67,28,0.0,0.0,0.100,-60.0,40,HAYIR,HAYIR
2026-08-16 19:57:36.184,0.50,1.67,28,0.0,0.0,0.100,-60.0,39,HAYIR,HAYIR
2026-08-16 19:57:36.204,0.52,1.67,28,0.0,0.0,0.150,-83.2,38,HAYIR,HAYIR
2026-08-16 19:57:36.224,0.52,1.67,28,0.0,0.0,0.150,-83.2,37,HAYIR,HAYIR
2026-08-16 19:57:36.245,0.52,1.67,28,0.0,0.0,0.150,-83.2,35,HAYIR,HAYIR
2026-08-16 19:57:36.264,0.55,1.63,30,0.0,0.0,0.200,-102.4,34,HAYIR,HAYIR
2026-08-16 19:57:36.284,0.55,1.63,28,0.0,0.0,0.200,-102.4,33,HAYIR,HAYIR
2026-08-16 19:57:36.304,0.57,1.63,28,0.0,0.0,0.228,-110.1,32,HAYIR,HAYIR
2026-08-16 19:57:36.325,0.57,1.63,28,0.0,0.0,0.228,-110.1,30,HAYIR,HAYIR
2026-08-16 19:57:36.344,0.57,1.63,28,0.0,0.0,0.228,-110.1,29,HAYIR,HAYIR
2026-08-16 19:57:36.364,0.60,1.63,28,0.0,0.0,0.229,-106.4,28,HAYIR,HAYIR
2026-08-16 19:57:36.384,0.60,1.63,28,0.0,0.0,0.229,-106.4,27,HAYIR,HAYIR
2026-08-16 19:57:36.404,0.62,1.63,28,0.0,0.0,0.229,-102.9,26,HAYIR,HAYIR
2026-08-16 19:57:36.425,0.62,1.63,28,0.0,0.0,0.229,-102.9,24,HAYIR,HAYIR
2026-08-16 19:57:36.445,0.62,1.63,28,0.0,0.0,0.229,-102.9,23,HAYIR,HAYIR
2026-08-16 19:57:36.464,0.65,1.63,28,0.0,0.0,0.229,-99.6,22,HAYIR,HAYIR
2026-08-16 19:57:36.485,0.65,1.63,28,0.0,0.0,0.229,-99.6,21,HAYIR,HAYIR
2026-08-16 19:57:36.504,0.67,1.63,28,0.0,0.0,0.228,-96.4,20,HAYIR,HAYIR
2026-08-16 19:57:36.524,0.67,1.63,28,0.0,0.0,0.228,-96.4,19,HAYIR,HAYIR
2026-08-16 19:57:36.544,0.67,1.63,28,0.0,0.0,0.228,-96.4,17,HAYIR,HAYIR
2026-08-16 19:57:36.565,0.70,1.63,28,0.0,0.0,0.228,-93.4,16,HAYIR,HAYIR
2026-08-16 19:57:36.584,0.70,1.59,30,0.0,0.0,0.228,-93.4,15,HAYIR,HAYIR
2026-08-16 19:57:36.604,0.72,1.59,28,0.0,0.0,0.228,-90.5,14,HAYIR,HAYIR
2026-08-16 19:57:36.625,0.72,1.59,28,0.0,0.0,0.228,-90.5,12,HAYIR,HAYIR
2026-08-16 19:57:36.645,0.72,1.59,28,0.0,0.0,0.228,-90.5,11,HAYIR,HAYIR
2026-08-16 19:57:36.664,0.75,1.59,28,0.0,0.0,0.228,-87.8,10,HAYIR,HAYIR
2026-08-16 19:57:36.684,0.75,1.59,28,0.0,0.0,0.228,-87.8,9,HAYIR,HAYIR
2026-08-16 19:57:36.704,0.78,1.59,28,0.0,0.0,0.227,-85.2,8,HAYIR,HAYIR
2026-08-16 19:57:36.724,0.78,1.59,28,0.0,0.0,0.227,-85.2,7,HAYIR,HAYIR
2026-08-16 19:57:36.744,0.78,1.59,28,0.0,0.0,0.227,-85.2,5,HAYIR,HAYIR
2026-08-16 19:57:36.764,0.75,1.59,28,0.0,0.0,0.177,-70.1,4,HAYIR,HAYIR
2026-08-16 19:57:36.784,0.75,1.59,28,0.0,0.0,0.177,-70.1,3,HAYIR,HAYIR
2026-08-16 19:57:36.804,0.72,1.59,28,0.0,0.0,0.127,-53.1,2,HAYIR,HAYIR
2026-08-16 19:57:36.825,0.72,1.59,28,0.0,0.0,0.127,-53.1,0,HAYIR,HAYIR
2026-08-16 19:57:36.844,0.00,1.59,0,0.0,0.0,0.000,0.0,0,EVET,HAYIR
2026-08-16 19:57:36.864,0.70,1.59,28,0.0,0.0,0.077,-33.9,-1,HAYIR,HAYIR
2026-08-16 19:57:36.884,0.70,1.59,28,0.0,0.0,0.077,-33.9,-2,HAYIR,HAYIR
2026-08-16 19:57:36.904,0.67,1.48,28,0.0,0.0,0.000,-0.0,-1,HAYIR,HAYIR
2026-08-16 19:57:36.924,0.67,1.48,28,0.0,0.0,0.000,-0.0,0,HAYIR,HAYIR
2026-08-16 19:57:36.944,0.00,1.48,0,0.0,0.0,0.000,0.0,0,EVET,HAYIR
2026-08-16 19:57:36.965,0.65,1.48,28,0.0,0.0,0.000,-0.0,0,HAYIR,HAYIR
2026-08-16 19:57:36.985,0.65,1.48,28,0.0,0.0,0.000,-0.0,0,HAYIR,HAYIR
2026-08-16 19:57:37.004,0.62,1.48,28,0.0,0.0,0.000,-0.0,0,HAYIR,HAYIR
2026-08-16 19:57:37.025,0.62,1.48,28,0.0,0.0,0.000,-0.0,0,HAYIR,HAYIR
2026-08-16 19:57:37.044,0.00,1.48,0,0.0,0.0,0.000,0.0,0,EVET,HAYIR
2026-08-16 19:57:37.065,0.60,1.48,28,0.0,0.0,0.000,-0.0,0,HAYIR,HAYIR
2026-08-16 19:57:37.084,0.60,1.48,28,0.0,0.0,0.000,-0.0,0,HAYIR,HAYIR
2026-08-16 19:57:37.104,0.57,1.48,28,0.0,0.0,0.000,-0.0,0,HAYIR,HAYIR
2026-08-16 19:57:37.124,0.57,1.48,28,0.0,0.0,0.000,-0.0,0,HAYIR,HAYIR
2026-08-16 19:57:37.144,0.57,1.48,28,0.0,0.0,0.000,-0.0,0,HAYIR,HAYIR
2026-08-16 19:57:37.165,0.55,1.48,28,0.0,0.0,0.000,-0.0,0,HAYIR,HAYIR
2026-08-16 19:57:37.184,0.55,1.48,28,0.0,0.0,0.000,-0.0,0,HAYIR,HAYIR
2026-08-16 19:57:37.204,0.52,1.48,28,0.0,0.0,0.000,-0.0,0,HAYIR,HAYIR
2026-08-16 19:57:37.224,0.52,1.26,28,0.0,0.0,0.000,-0.0,0,HAYIR,HAYIR
2026-08-16 19:57:37.244,0.52,1.26,28,0.0,0.0,0.000,-0.0,0,HAYIR,HAYIR
2026-08-16 19:57:37.264,0.50,1.26,28,0.0,0.0,0.000,-0.0,0,HAYIR,HAYIR
2026-08-16 19:57:37.284,0.50,1.26,28,0.0,0.0,0.000,-0.0,0,HAYIR,HAYIR
2026-08-16 19:57:37.304,0.47,1.26,28,0.0,0.0,0.000,-0.0,0,HAYIR,HAYIR
2026-08-16 19:57:37.324,0.47,1.26,28,0.0,0.0,0.000,-0.0,0,HAYIR,HAYIR
2026-08-16 19:57:37.344,0.47,1.26,28,0.0,0.0,0.000,-0.0,0,HAYIR,HAYIR
2026-08-16 19:57:37.364,0.45,1.26,28,0.0,0.0,0.000,-0.0,0,HAYIR,HAYIR
2026-08-16 19:57:37.384,0.45,1.26,28,0.0,0.0,0.000,-0.0,0,HAYIR,HAYIR
2026-08-16 19:57:37.404,0.42,1.26,28,0.0,0.0,0.000,-0.0,0,HAYIR,HAYIR
2026-08-16 19:57:37.424,0.42,1.26,28,0.0,0.0,0.000,-0.0,0,HAYIR,HAYIR
2026-08-16 19:57:37.444,0.42,1.26,28,0.0,0.0,0.000,-0.0,0,HAYIR,HAYIR
2026-08-16 19:57:37.464,0.40,1.26,28,0.0,0.0,0.000,-0.0,0,HAYIR,HAYIR
2026-08-16 19:57:37.484,0.40,1.26,28,0.0,0.0,0.000,-0.0,0,HAYIR,HAYIR
2026-08-16 19:57:37.504,0.37,1.26,28,0.0,0.0,0.000,-0.0,0,HAYIR,HAYIR
2026-08-16 19:57:37.524,0.37,1.26,28,0.0,0.0,0.000,-0.0,0,HAYIR,HAYIR
2026-08-16 19:57:37.544,0.37,1.26,28,0.0,0.0,0.000,-0.0,0,HAYIR,HAYIR
2026-08-16 19:57:37.564,0.35,1.26,28,0.0,0.0,0.000,-0.0,0,HAYIR,HAYIR
2026-08-16 19:57:37.584,0.35,1.26,28,0.0,0.0,0.000,-0.0,0,HAYIR,HAYIR
2026-08-16 19:57:37.604,0.32,1.26,28,0.0,0.0,0.000,-0.0,0,HAYIR,HAYIR
2026-08-16 19:57:37.624,0.32,0.93,28,0.0,0.0,0.000,-0.0,0,HAYIR,HAYIR
2026-08-16 19:57:37.644,0.32,0.93,28,0.0,0.0,0.000,-0.0,0,HAYIR,HAYIR
2026-08-16 19:57:37.664,0.30,0.93,28,0.0,0.0,0.000,-0.0,0,HAYIR,HAYIR
2026-08-16 19:57:37.684,0.30,0.93,28,0.0,0.0,0.000,-0.0,0,HAYIR,HAYIR
2026-08-16 19:57:37.704,0.27,0.93,28,0.0,0.0,0.000,-0.0,0,HAYIR,HAYIR
2026-08-16 19:57:37.724,0.27,0.93,28,0.0,0.0,0.000,-0.0,0,HAYIR,HAYIR
2026-08-16 19:57:37.744,0.27,0.93,28,0.0,0.0,0.000,-0.0,0,HAYIR,HAYIR
2026-08-16 19:57:37.764,0.25,0.93,28,0.0,0.0,0.000,-0.0,0,HAYIR,HAYIR
2026-08-16 19:57:37.784,0.25,0.93,28,0.0,0.0,0.000,-0.0,0,HAYIR,HAYIR
2026-08-16 19:57:37.804,0.22,0.93,28,0.0,0.0,0.000,-0.0,0,HAYIR,HAYIR
2026-08-16 19:57:37.824,0.22,0.93,28,0.0,0.0,0.000,-0.0,0,HAYIR,HAYIR
2026-08-16 19:57:37.844,0.22,0.93,28,0.0,0.0,0.000,-0.0,0,HAYIR,HAYIR
2026-08-16 19:57:37.865,0.20,0.93,28,0.0,0.0,0.000,-0.0,0,HAYIR,HAYIR
2026-08-16 19:57:37.884,0.20,0.93,28,0.0,0.0,0.000,-0.0,0,HAYIR,HAYIR
2026-08-16 19:57:37.904,0.17,0.93,28,0.0,0.0,0.000,-0.0,0,HAYIR,HAYIR
2026-08-16 19:57:37.924,0.17,0.93,28,0.0,0.0,0.000,-0.0,0,HAYIR,HAYIR
2026-08-16 19:57:37.944,0.17,0.65,28,0.0,0.0,0.000,-0.0,0,HAYIR,HAYIR
2026-08-16 19:57:37.964,0.15,0.65,28,0.0,0.0,0.000,-0.0,0,HAYIR,HAYIR
2026-08-16 19:57:37.985,0.15,0.65,28,0.0,0.0,0.000,-0.0,0,HAYIR,HAYIR
2026-08-16 19:57:38.004,0.12,0.65,28,0.0,0.0,0.000,-0.0,0,HAYIR,HAYIR
2026-08-16 19:57:38.025,0.12,0.65,28,0.0,0.0,0.000,-0.0,0,HAYIR,HAYIR
2026-08-16 19:57:38.045,0.12,0.65,28,0.0,0.0,0.000,-0.0,0,HAYIR,HAYIR
2026-08-16 19:57:38.065,0.10,0.65,28,0.0,0.0,0.000,-0.0,0,HAYIR,HAYIR
2026-08-16 19:57:38.084,0.10,0.65,28,0.0,0.0,0.000,-0.0,0,HAYIR,HAYIR
2026-08-16 19:57:38.104,0.07,0.65,28,0.0,0.0,0.000,-0.0,0,HAYIR,HAYIR
2026-08-16 19:57:38.124,0.07,0.65,28,0.0,0.0,0.000,-0.0,0,HAYIR,HAYIR
2026-08-16 19:57:38.144,0.07,0.65,28,0.0,0.0,0.000,-0.0,0,HAYIR,HAYIR
2026-08-16 19:57:38.164,0.05,0.65,28,0.0,0.0,0.000,-0.0,0,HAYIR,HAYIR
2026-08-16 19:57:38.184,0.05,0.65,28,0.0,0.0,0.000,-0.0,0,HAYIR,HAYIR
2026-08-16 19:57:38.204,0.02,0.65,28,0.0,0.0,0.000,-0.0,0,HAYIR,HAYIR
2026-08-16 19:57:38.224,0.02,0.65,28,0.0,0.0,0.000,-0.0,0,HAYIR,HAYIR
2026-08-16 19:57:38.244,0.02,0.65,28,0.0,0.0,0.000,-0.0,0,HAYIR,HAYIR
2026-08-16 19:57:38.264,0.00,0.45,0,0.0,0.0,0.000,0.0,0,EVET,HAYIR
2026-08-16 19:57:38.284,0.00,0.45,0,0.0,0.0,0.000,0.0,0,EVET,HAYIR
2026-08-16 19:57:38.304,0.00,0.45,0,0.0,0.0,0.000,0.0,0,EVET,HAYIR
2026-08-16 19:57:38.324,0.00,0.45,0,0.0,0.0,0.000,0.0,0,EVET,HAYIR
2026-08-16 19:57:38.344,0.00,0.45,0,0.0,0.0,0.000,0.0,0,EVET,HAYIR
2026-08-16 19:57:38.364,0.00,0.45,0,0.0,0.0,0.000,0.0,0,EVET,HAYIR
2026-08-16 19:57:38.384,0.00,0.45,0,0.0,0.0,0.000,0.0,0,EVET,HAYIR
2026-08-16 19:57:38.404,0.00,0.45,0,0.0,0.0,0.000,0.0,0,EVET,HAYIR
2026-08-16 19:57:38.424,0.00,0.45,0,0.0,0.0,0.000,0.0,0,EVET,HAYIR
2026-08-16 19:57:38.444,0.00,0.45,0,0.0,0.0,0.000,0.0,0,EVET,HAYIR
2026-08-16 19:57:38.464,0.00,0.45,0,0.0,0.0,0.000,0.0,0,EVET,HAYIR
2026-08-16 19:57:38.484,0.00,0.45,0,0.0,0.0,0.000,0.0,0,EVET,HAYIR
2026-08-16 19:57:38.504,0.00,0.45,0,0.0,0.0,0.000,0.0,0,EVET,HAYIR
2026-08-16 19:57:38.524,0.00,0.45,0,0.0,0.0,0.000,0.0,0,EVET,HAYIR
2026-08-16 19:57:38.544,0.00,0.45,0,0.0,0.0,0.000,0.0,0,EVET,HAYIR
2026-08-16 19:57:38.565,0.00,0.45,0,0.0,0.0,0.000,0.0,0,EVET,HAYIR
2026-08-16 19:57:38.585,0.00,0.32,0,0.0,0.0,0.000,0.0,0,EVET,HAYIR
2026-08-16 19:57:38.604,0.00,0.32,0,0.0,0.0,0.000,0.0,0,EVET,HAYIR
2026-08-16 19:57:38.624,0.00,0.32,0,0.0,0.0,0.000,0.0,0,EVET,HAYIR
2026-08-16 19:57:38.644,0.00,0.32,0,0.0,0.0,0.000,0.0,0,EVET,HAYIR
2026-08-16 19:57:38.665,0.00,0.32,0,0.0,0.0,0.000,0.0,0,EVET,HAYIR
2026-08-16 19:57:38.684,0.00,0.32,0,0.0,0.0,0.000,0.0,0,EVET,HAYIR
2026-08-16 19:57:38.704,0.00,0.32,0,0.0,0.0,0.000,0.0,0,EVET,HAYIR
2026-08-16 19:57:38.724,0.00,0.32,0,0.0,0.0,0.000,0.0,0,EVET,HAYIR
2026-08-16 19:57:38.744,0.00,0.32,0,0.0,0.0,0.000,0.0,0,EVET,HAYIR
2026-08-16 19:57:38.764,0.00,0.32,0,0.0,0.0,0.000,0.0,0,EVET,HAYIR
2026-08-16 19:57:38.784,0.00,0.32,0,0.0,0.0,0.000,0.0,0,EVET,HAYIR
2026-08-16 19:57:38.804,0.00,0.32,0,0.0,0.0,0.000,0.0,0,EVET,HAYIR
2026-08-16 19:57:38.824,0.00,0.32,0,0.0,0.0,0.000,0.0,0,EVET,HAYIR
2026-08-16 19:57:38.844,0.00,0.32,0,0.0,0.0,0.000,0.0,0,EVET,HAYIR
2026-08-16 19:57:38.864,0.00,0.32,0,0.0,0.0,0.000,0.0,0,EVET,HAYIR
2026-08-16 19:57:38.884,0.00,0.32,0,0.0,0.0,0.000,0.0,0,EVET,HAYIR
2026-08-16 19:57:38.904,0.00,0.22,0,0.0,0.0,0.000,0.0,0,EVET,HAYIR
2026-08-16 19:57:38.924,0.00,0.22,0,0.0,0.0,0.000,0.0,0,EVET,HAYIR
2026-08-16 19:57:38.944,0.00,0.22,0,0.0,0.0,0.000,0.0,0,EVET,HAYIR
2026-08-16 19:57:38.965,0.00,0.22,0,0.0,0.0,0.000,0.0,0,EVET,HAYIR
2026-08-16 19:57:38.984,0.00,0.22,0,0.0,0.0,0.000,0.0,0,EVET,HAYIR
2026-08-16 19:57:39.004,0.00,0.22,0,0.0,0.0,0.000,0.0,0,EVET,HAYIR
2026-08-16 19:57:39.024,0.00,0.22,0,0.0,0.0,0.000,0.0,0,EVET,HAYIR
2026-08-16 19:57:39.044,0.00,0.22,0,0.0,0.0,0.000,0.0,0,EVET,HAYIR
2026-08-16 19:57:39.065,0.00,0.22,0,0.0,0.0,0.000,0.0,0,EVET,HAYIR
2026-08-16 19:57:39.084,0.00,0.22,0,0.0,0.0,0.000,0.0,0,EVET,HAYIR
2026-08-16 19:57:39.105,0.00,0.22,0,0.0,0.0,0.000,0.0,0,EVET,HAYIR
2026-08-16 19:57:39.124,0.00,0.22,0,0.0,0.0,0.000,0.0,0,EVET,HAYIR
2026-08-16 19:57:39.144,0.00,0.22,0,0.0,0.0,0.000,0.0,0,EVET,HAYIR
2026-08-16 19:57:39.165,0.00,0.22,0,0.0,0.0,0.000,0.0,0,EVET,HAYIR
2026-08-16 19:57:39.184,0.00,0.22,0,0.0,0.0,0.000,0.0,0,EVET,HAYIR
2026-08-16 19:57:39.204,0.00,0.22,0,0.0,0.0,0.000,0.0,0,EVET,HAYIR
2026-08-16 19:57:39.224,0.00,0.22,0,0.0,0.0,0.000,0.0,0,EVET,HAYIR
2026-08-16 19:57:39.245,0.00,0.22,0,0.0,0.0,0.000,0.0,0,EVET,HAYIR
2026-08-16 19:57:39.265,0.00,0.22,0,0.0,0.0,0.000,0.0,0,EVET,HAYIR
2026-08-16 19:57:39.284,0.00,0.16,0,0.0,0.0,0.000,0.0,0,EVET,HAYIR
2026-08-16 19:57:39.305,0.00,0.16,0,0.0,0.0,0.000,0.0,0,EVET,HAYIR
2026-08-16 19:57:39.325,0.00,0.16,0,0.0,0.0,0.000,0.0,0,EVET,HAYIR
2026-08-16 19:57:39.344,0.00,0.16,0,0.0,0.0,0.000,0.0,0,EVET,HAYIR
2026-08-16 19:57:39.364,0.00,0.16,0,0.0,0.0,0.000,0.0,0,EVET,HAYIR
2026-08-16 19:57:39.384,0.00,0.16,0,0.0,0.0,0.000,0.0,0,EVET,HAYIR
2026-08-16 19:57:39.404,0.00,0.16,0,0.0,0.0,0.000,0.0,0,EVET,HAYIR
2026-08-16 19:57:39.424,0.00,0.16,0,0.0,0.0,0.000,0.0,0,EVET,HAYIR
2026-08-16 19:57:39.445,0.00,0.16,0,0.0,0.0,0.000,0.0,0,EVET,HAYIR
2026-08-16 19:57:39.465,0.00,0.16,0,0.0,0.0,0.000,0.0,0,EVET,HAYIR
2026-08-16 19:57:39.484,0.00,0.16,0,0.0,0.0,0.000,0.0,0,EVET,HAYIR
2026-08-16 19:57:39.504,0.00,0.16,0,0.0,0.0,0.000,0.0,0,EVET,HAYIR
2026-08-16 19:57:39.524,0.00,0.16,0,0.0,0.0,0.000,0.0,0,EVET,HAYIR
2026-08-16 19:57:39.544,0.00,0.16,0,0.0,0.0,0.000,0.0,0,EVET,HAYIR
2026-08-16 19:57:39.564,0.00,0.16,0,0.0,0.0,0.000,0.0,0,EVET,HAYIR
2026-08-16 19:57:39.584,0.00,0.16,0,0.0,0.0,0.000,0.0,0,EVET,HAYIR
2026-08-16 19:57:39.604,0.00,0.11,0,0.0,0.0,0.000,0.0,0,EVET,HAYIR
2026-08-16 19:57:39.624,0.00,0.11,0,0.0,0.0,0.000,0.0,0,EVET,HAYIR
2026-08-16 19:57:39.645,0.00,0.11,0,0.0,0.0,0.000,0.0,0,EVET,HAYIR
2026-08-16 19:57:39.665,0.00,0.11,0,0.0,0.0,0.000,0.0,0,EVET,HAYIR
2026-08-16 19:57:39.684,0.00,0.11,0,0.0,0.0,0.000,0.0,0,EVET,HAYIR
2026-08-16 19:57:39.704,0.00,0.11,0,0.0,0.0,0.000,0.0,0,EVET,HAYIR
2026-08-16 19:57:39.724,0.00,0.11,0,0.0,0.0,0.000,0.0,0,EVET,HAYIR
2026-08-16 19:57:39.744,0.00,0.11,0,0.0,0.0,0.000,0.0,0,EVET,HAYIR
2026-08-16 19:57:39.765,0.00,0.11,0,0.0,0.0,0.000,0.0,0,EVET,HAYIR
2026-08-16 19:57:39.784,0.00,0.11,0,0.0,0.0,0.000,0.0,0,EVET,HAYIR
2026-08-16 19:57:39.804,0.00,0.11,0,0.0,0.0,0.000,0.0,0,EVET,HAYIR
2026-08-16 19:57:39.824,0.00,0.11,0,0.0,0.0,0.000,0.0,0,EVET,HAYIR
2026-08-16 19:57:39.844,0.00,0.11,0,0.0,0.0,0.000,0.0,0,EVET,HAYIR
2026-08-16 19:57:39.865,0.00,0.11,0,0.0,0.0,0.000,0.0,0,EVET,HAYIR
2026-08-16 19:57:39.884,0.00,0.11,0,0.0,0.0,0.000,0.0,0,EVET,HAYIR
2026-08-16 19:57:39.904,0.00,0.11,0,0.0,0.0,0.000,0.0,0,EVET,HAYIR
2026-08-16 19:57:39.924,0.00,0.08,0,0.0,0.0,0.000,0.0,0,HAYIR,HAYIR
2026-08-16 19:57:39.944,0.00,0.08,0,0.0,0.0,0.000,0.0,0,HAYIR,HAYIR
2026-08-16 19:57:39.964,0.00,0.08,0,0.0,0.0,0.000,0.0,0,HAYIR,HAYIR
2026-08-16 19:57:39.984,0.00,0.08,0,0.0,0.0,0.000,0.0,0,HAYIR,HAYIR
2026-08-16 19:57:40.004,0.00,0.08,0,0.0,0.0,0.000,0.0,0,HAYIR,HAYIR
2026-08-16 19:57:40.024,0.00,0.08,0,0.0,0.0,0.000,0.0,0,HAYIR,HAYIR
2026-08-16 19:57:40.045,0.00,0.08,0,0.0,0.0,0.000,0.0,0,HAYIR,HAYIR
2026-08-16 19:57:40.065,0.00,0.08,0,0.0,0.0,0.000,0.0,0,HAYIR,HAYIR
2026-08-16 19:57:40.084,0.00,0.08,0,0.0,0.0,0.000,0.0,0,HAYIR,HAYIR
2026-08-16 19:57:40.104,0.00,0.08,0,0.0,0.0,0.000,0.0,0,HAYIR,HAYIR
2026-08-16 19:57:40.124,0.00,0.08,0,0.0,0.0,0.000,0.0,0,HAYIR,HAYIR
2026-08-16 19:57:40.144,0.00,0.08,0,0.0,0.0,0.000,0.0,0,HAYIR,HAYIR
2026-08-16 19:57:40.165,0.00,0.08,0,0.0,0.0,0.000,0.0,0,HAYIR,HAYIR
2026-08-16 19:57:40.184,0.00,0.08,0,0.0,0.0,0.000,0.0,0,HAYIR,HAYIR
2026-08-16 19:57:40.204,0.00,0.08,0,0.0,0.0,0.000,0.0,0,HAYIR,HAYIR
2026-08-16 19:57:40.224,0.00,0.08,0,0.0,0.0,0.000,0.0,0,HAYIR,HAYIR
2026-08-16 19:57:40.244,0.00,0.05,0,0.0,0.0,0.000,0.0,0,HAYIR,HAYIR
2026-08-16 19:57:40.264,0.00,0.05,0,0.0,0.0,0.000,0.0,0,HAYIR,HAYIR
2026-08-16 19:57:40.284,0.00,0.05,0,0.0,0.0,0.000,0.0,0,HAYIR,HAYIR
2026-08-16 19:57:40.304,0.00,0.05,0,0.0,0.0,0.000,0.0,0,HAYIR,HAYIR
2026-08-16 19:57:40.324,0.00,0.05,0,0.0,0.0,0.000,0.0,0,HAYIR,HAYIR
2026-08-16 19:57:40.344,0.00,0.05,0,0.0,0.0,0.000,0.0,0,HAYIR,HAYIR
2026-08-16 19:57:40.364,0.00,0.05,0,0.0,0.0,0.000,0.0,0,HAYIR,HAYIR
2026-08-16 19:57:40.384,0.00,0.05,0,0.0,0.0,0.000,0.0,0,HAYIR,HAYIR
2026-08-16 19:57:40.404,0.00,0.05,0,0.0,0.0,0.000,0.0,0,HAYIR,HAYIR
2026-08-16 19:57:40.424,0.00,0.05,0,0.0,0.0,0.000,0.0,0,HAYIR,HAYIR
2026-08-16 19:57:40.444,0.00,0.05,0,0.0,0.0,0.000,0.0,0,HAYIR,HAYIR
2026-08-16 19:57:40.464,0.00,0.05,0,0.0,0.0,0.000,0.0,0,HAYIR,HAYIR
2026-08-16 19:57:40.484,0.00,0.05,0,0.0,0.0,0.000,0.0,0,HAYIR,HAYIR
2026-08-16 19:57:40.505,0.00,0.05,0,0.0,0.0,0.000,0.0,0,HAYIR,HAYIR
2026-08-16 19:57:40.524,0.00,0.05,0,0.0,0.0,0.000,0.0,0,HAYIR,HAYIR
2026-08-16 19:57:40.544,0.00,0.05,0,0.0,0.0,0.000,0.0,0,HAYIR,HAYIR
2026-08-16 19:57:40.564,0.00,0.04,0,0.0,0.0,0.000,0.0,0,HAYIR,HAYIR
2026-08-16 19:57:40.584,0.00,0.04,0,0.0,0.0,0.000,0.0,0,HAYIR,HAYIR
2026-08-16 19:57:40.604,0.00,0.04,0,0.0,0.0,0.000,0.0,0,HAYIR,HAYIR
2026-08-16 19:57:40.624,0.00,0.04,0,0.0,0.0,0.000,0.0,0,HAYIR,HAYIR
2026-08-16 19:57:40.644,0.00,0.04,0,0.0,0.0,0.000,0.0,0,HAYIR,HAYIR
2026-08-16 19:57:40.664,0.00,0.04,0,0.0,0.0,0.000,0.0,0,HAYIR,HAYIR
2026-08-16 19:57:40.684,0.00,0.04,0,0.0,0.0,0.000,0.0,0,HAYIR,HAYIR
2026-08-16 19:57:40.704,0.00,0.04,0,0.0,0.0,0.000,0.0,0,HAYIR,HAYIR
2026-08-16 19:57:40.724,0.00,0.04,0,0.0,0.0,0.000,0.0,0,HAYIR,HAYIR
2026-08-16 19:57:40.744,0.00,0.04,0,0.0,0.0,0.000,0.0,0,HAYIR,HAYIR
2026-08-16 19:57:40.765,0.00,0.04,0,0.0,0.0,0.000,0.0,0,HAYIR,HAYIR
2026-08-16 19:57:40.784,0.00,0.04,0,0.0,0.0,0.000,0.0,0,HAYIR,HAYIR
2026-08-16 19:57:40.804,0.00,0.04,0,0.0,0.0,0.000,0.0,0,HAYIR,HAYIR
2026-08-16 19:57:40.824,0.00,0.04,0,0.0,0.0,0.000,0.0,0,HAYIR,HAYIR
2026-08-16 19:57:40.845,0.00,0.04,0,0.0,0.0,0.000,0.0,0,HAYIR,HAYIR
2026-08-16 19:57:40.864,0.00,0.04,0,0.0,0.0,0.000,0.0,0,HAYIR,HAYIR
2026-08-16 19:57:40.884,0.00,0.04,0,0.0,0.0,0.000,0.0,0,HAYIR,HAYIR
2026-08-16 19:57:40.905,0.00,0.04,0,0.0,0.0,0.000,0.0,0,HAYIR,HAYIR
2026-08-16 19:57:40.924,0.00,0.04,0,0.0,0.0,0.000,0.0,0,HAYIR,HAYIR
2026-08-16 19:57:40.944,0.00,0.03,0,0.0,0.0,0.000,0.0,0,HAYIR,HAYIR
2026-08-16 19:57:40.965,0.00,0.03,0,0.0,0.0,0.000,0.0,0,HAYIR,HAYIR
2026-08-16 19:57:40.984,0.00,0.03,0,0.0,0.0,0.000,0.0,0,HAYIR,HAYIR
2026-08-16 19:57:41.004,0.00,0.03,0,0.0,0.0,0.000,0.0,0,HAYIR,HAYIR
2026-08-16 19:57:41.024,0.00,0.03,0,0.0,0.0,0.000,0.0,0,HAYIR,HAYIR
2026-08-16 19:57:41.045,0.00,0.03,0,0.0,0.0,0.000,0.0,0,HAYIR,HAYIR
2026-08-16 19:57:41.064,0.00,0.03,0,0.0,0.0,0.000,0.0,0,HAYIR,HAYIR
2026-08-16 19:57:41.084,0.00,0.03,0,0.0,0.0,0.000,0.0,0,HAYIR,HAYIR
2026-08-16 19:57:41.104,0.00,0.03,0,0.0,0.0,0.000,0.0,0,HAYIR,HAYIR
2026-08-16 19:57:41.124,0.00,0.03,0,0.0,0.0,0.000,0.0,0,HAYIR,HAYIR
2026-08-16 19:57:41.144,0.00,0.03,0,0.0,0.0,0.000,0.0,0,HAYIR,HAYIR
2026-08-16 19:57:41.165,0.00,0.03,0,0.0,0.0,0.000,0.0,0,HAYIR,HAYIR
2026-08-16 19:57:41.184,0.00,0.03,0,0.0,0.0,0.000,0.0,0,HAYIR,HAYIR
2026-08-16 19:57:41.204,0.00,0.03,0,0.0,0.0,0.000,0.0,0,HAYIR,HAYIR
2026-08-16 19:57:41.224,0.00,0.03,0,0.0,0.0,0.000,0.0,0,HAYIR,HAYIR
2026-08-16 19:57:41.245,0.00,0.03,0,0.0,0.0,0.000,0.0,0,HAYIR,HAYIR
2026-08-16 19:57:41.264,0.00,0.02,0,0.0,0.0,0.000,0.0,0,HAYIR,HAYIR
2026-08-16 19:57:41.284,0.00,0.02,0,0.0,0.0,0.000,0.0,0,HAYIR,HAYIR
2026-08-16 19:57:41.304,0.00,0.02,0,0.0,0.0,0.000,0.0,0,HAYIR,HAYIR
2026-08-16 19:57:41.324,0.00,0.02,0,0.0,0.0,0.000,0.0,0,HAYIR,HAYIR
2026-08-16 19:57:41.344,0.00,0.02,0,0.0,0.0,0.000,0.0,0,HAYIR,HAYIR
2026-08-16 19:57:41.364,0.00,0.02,0,0.0,0.0,0.000,0.0,0,HAYIR,HAYIR
2026-08-16 19:57:41.384,0.00,0.02,0,0.0,0.0,0.000,0.0,0,HAYIR,HAYIR
2026-08-16 19:57:41.404,0.00,0.02,0,0.0,0.0,0.000,0.0,0,HAYIR,HAYIR
2026-08-16 19:57:41.424,0.00,0.02,0,0.0,0.0,0.000,0.0,0,HAYIR,HAYIR
2026-08-16 19:57:41.444,0.00,0.02,0,0.0,0.0,0.000,0.0,0,HAYIR,HAYIR
2026-08-16 19:57:41.464,0.00,0.02,0,0.0,0.0,0.000,0.0,0,HAYIR,HAYIR
2026-08-16 19:57:41.484,0.00,0.02,0,0.0,0.0,0.000,0.0,0,HAYIR,HAYIR
2026-08-16 19:57:41.504,0.00,0.02,0,0.0,0.0,0.000,0.0,0,HAYIR,HAYIR
2026-08-16 19:57:41.524,0.00,0.02,0,0.0,0.0,0.000,0.0,0,HAYIR,HAYIR
2026-08-16 19:57:41.544,0.00,0.02,0,0.0,0.0,0.000,0.0,0,HAYIR,HAYIR
2026-08-16 19:57:41.564,0.00,0.02,0,0.0,0.0,0.000,0.0,0,HAYIR,HAYIR
2026-08-16 19:57:41.584,0.00,0.02,0,0.0,0.0,0.000,0.0,0,HAYIR,HAYIR
2026-08-16 19:57:41.604,0.00,0.01,0,0.0,0.0,0.000,0.0,0,HAYIR,HAYIR
2026-08-16 19:57:41.624,0.00,0.01,0,0.0,0.0,0.000,0.0,0,HAYIR,HAYIR
2026-08-16 19:57:41.644,0.00,0.01,0,0.0,0.0,0.000,0.0,0,HAYIR,HAYIR
2026-08-16 19:57:41.664,0.00,0.01,0,0.0,0.0,0.000,0.0,0,HAYIR,HAYIR
2026-08-16 19:57:41.684,0.00,0.01,0,0.0,0.0,0.000,0.0,0,HAYIR,HAYIR
2026-08-16 19:57:41.704,0.00,0.01,0,0.0,0.0,0.000,0.0,0,HAYIR,HAYIR
2026-08-16 19:57:41.724,0.00,0.01,0,0.0,0.0,0.000,0.0,0,HAYIR,HAYIR
2026-08-16 19:57:41.744,0.00,0.01,0,0.0,0.0,0.000,0.0,0,HAYIR,HAYIR
2026-08-16 19:57:41.765,0.00,0.01,0,0.0,0.0,0.000,0.0,0,HAYIR,HAYIR
2026-08-16 19:57:41.784,0.00,0.01,0,0.0,0.0,0.000,0.0,0,HAYIR,HAYIR
2026-08-16 19:57:41.804,0.00,0.01,0,0.0,0.0,0.000,0.0,0,HAYIR,HAYIR
2026-08-16 19:57:41.824,0.00,0.01,0,0.0,0.0,0.000,0.0,0,HAYIR,HAYIR
2026-08-16 19:57:41.845,0.00,0.01,0,0.0,0.0,0.000,0.0,0,HAYIR,HAYIR
2026-08-16 19:57:41.865,0.00,0.01,0,0.0,0.0,0.000,0.0,0,HAYIR,HAYIR
2026-08-16 19:57:41.884,0.00,0.01,0,0.0,0.0,0.000,0.0,0,HAYIR,HAYIR
2026-08-16 19:57:41.904,0.00,0.01,0,0.0,0.0,0.000,0.0,0,HAYIR,HAYIR
2026-08-16 19:57:41.924,0.00,0.01,0,0.0,0.0,0.000,0.0,0,HAYIR,HAYIR
2026-08-16 19:57:41.944,0.00,0.01,0,0.0,0.0,0.000,0.0,0,HAYIR,HAYIR
2026-08-16 19:57:41.965,0.00,0.01,0,0.0,0.0,0.000,0.0,0,HAYIR,HAYIR
2026-08-16 19:57:41.985,0.00,0.01,0,0.0,0.0,0.000,0.0,0,HAYIR,HAYIR
2026-08-16 19:57:42.004,0.00,0.01,0,0.0,0.0,0.000,0.0,0,HAYIR,HAYIR
2026-08-16 19:57:42.024,0.00,0.01,0,0.0,0.0,0.000,0.0,0,HAYIR,HAYIR
2026-08-16 19:57:42.045,0.00,0.01,0,0.0,0.0,0.000,0.0,0,HAYIR,HAYIR
2026-08-16 19:57:42.065,0.00,0.01,0,0.0,0.0,0.000,0.0,0,HAYIR,HAYIR
2026-08-16 19:57:42.085,0.00,0.01,0,0.0,0.0,0.000,0.0,0,HAYIR,HAYIR
2026-08-16 19:57:42.104,0.00,0.01,0,0.0,0.0,0.000,0.0,0,HAYIR,HAYIR
2026-08-16 19:57:42.124,0.00,0.01,0,0.0,0.0,0.000,0.0,0,HAYIR,HAYIR
2026-08-16 19:57:42.144,0.00,0.01,0,0.0,0.0,0.000,0.0,0,HAYIR,HAYIR
2026-08-16 19:57:42.164,0.00,0.01,0,0.0,0.0,0.000,0.0,0,HAYIR,HAYIR
2026-08-16 19:57:42.184,0.00,0.01,0,0.0,0.0,0.000,0.0,0,HAYIR,HAYIR
2026-08-16 19:57:42.204,0.00,0.01,0,0.0,0.0,0.000,0.0,0,HAYIR,HAYIR
2026-08-16 19:57:42.224,0.00,0.01,0,0.0,0.0,0.000,0.0,0,HAYIR,HAYIR
2026-08-16 19:57:42.245,0.00,0.01,0,0.0,0.0,0.000,0.0,0,HAYIR,HAYIR
2026-08-16 19:57:42.265,0.00,0.01,0,0.0,0.0,0.000,0.0,0,HAYIR,HAYIR
2026-08-16 19:57:42.284,0.00,0.01,0,0.0,0.0,0.000,0.0,0,HAYIR,HAYIR
2026-08-16 19:57:42.304,0.00,0.01,0,0.0,0.0,0.000,0.0,0,HAYIR,HAYIR
2026-08-16 19:57:42.324,0.00,0.01,0,0.0,0.0,0.000,0.0,0,HAYIR,HAYIR
2026-08-16 19:57:42.344,0.00,0.01,0,0.0,0.0,0.000,0.0,0,HAYIR,HAYIR
2026-08-16 19:57:42.365,0.00,0.01,0,0.0,0.0,0.000,0.0,0,HAYIR,HAYIR
2026-08-16 19:57:42.384,0.00,0.01,0,0.0,0.0,0.000,0.0,0,HAYIR,HAYIR
2026-08-16 19:57:42.404,0.00,0.01,0,0.0,0.0,0.000,0.0,0,HAYIR,HAYIR
2026-08-16 19:57:42.424,0.00,0.01,0,0.0,0.0,0.000,0.0,0,HAYIR,HAYIR
2026-08-16 19:57:42.445,0.00,0.01,0,0.0,0.0,0.000,0.0,0,HAYIR,HAYIR
2026-08-16 19:57:42.465,0.00,0.01,0,0.0,0.0,0.000,0.0,0,HAYIR,HAYIR
2026-08-16 19:57:42.484,0.00,0.01,0,0.0,0.0,0.000,0.0,0,HAYIR,HAYIR
2026-08-16 19:57:42.504,0.00,0.01,0,0.0,0.0,0.000,0.0,0,HAYIR,HAYIR
2026-08-16 19:57:42.524,0.00,0.01,0,0.0,0.0,0.000,0.0,0,HAYIR,HAYIR
2026-08-16 19:57:42.544,0.00,0.01,0,0.0,0.0,0.000,0.0,0,HAYIR,HAYIR
2026-08-16 19:57:42.566,0.00,0.01,0,0.0,0.0,0.000,0.0,0,HAYIR,HAYIR
2026-08-16 19:57:42.584,0.00,0.01,0,0.0,0.0,0.000,0.0,0,HAYIR,HAYIR
2026-08-16 19:57:42.604,0.00,0.01,0,0.0,0.0,0.000,0.0,0,HAYIR,HAYIR
2026-08-16 19:57:42.624,0.00,0.00,0,0.0,0.0,0.000,0.0,0,HAYIR,HAYIR
2026-08-16 19:57:42.645,0.00,0.00,0,0.0,0.0,0.000,0.0,0,HAYIR,HAYIR
2026-08-16 19:57:42.665,0.00,0.00,0,0.0,0.0,0.000,0.0,0,HAYIR,HAYIR
2026-08-16 19:57:42.684,0.00,0.00,0,0.0,0.0,0.000,0.0,0,HAYIR,HAYIR
2026-08-16 19:57:42.704,0.00,0.00,0,0.0,0.0,0.000,0.0,0,HAYIR,HAYIR
2026-08-16 19:57:42.724,0.00,0.00,0,0.0,0.0,0.000,0.0,0,HAYIR,HAYIR
2026-08-16 19:57:42.744,0.00,0.00,0,0.0,0.0,0.000,0.0,0,HAYIR,HAYIR
2026-08-16 19:57:42.765,0.00,0.00,0,0.0,0.0,0.000,0.0,0,HAYIR,HAYIR
2026-08-16 19:57:42.784,0.00,0.00,0,0.0,0.0,0.000,0.0,0,HAYIR,HAYIR
2026-08-16 19:57:42.804,0.00,0.00,0,0.0,0.0,0.000,0.0,0,HAYIR,HAYIR
2026-08-16 19:57:42.824,0.00,0.00,0,0.0,0.0,0.000,0.0,0,HAYIR,HAYIR
2026-08-16 19:57:42.844,0.00,0.00,0,0.0,0.0,0.000,0.0,0,HAYIR,HAYIR
2026-08-16 19:57:42.864,0.00,0.00,0,0.0,0.0,0.000,0.0,0,HAYIR,HAYIR
2026-08-16 19:57:42.884,0.00,0.00,0,0.0,0.0,0.000,0.0,0,HAYIR,HAYIR
2026-08-16 19:57:42.904,0.00,0.00,0,0.0,0.0,0.000,0.0,0,HAYIR,HAYIR
2026-08-16 19:57:42.924,0.00,0.00,0,0.0,0.0,0.000,0.0,0,HAYIR,HAYIR
2026-08-16 19:57:42.944,0.00,0.00,0,0.0,0.0,0.000,0.0,0,HAYIR,HAYIR
2026-08-16 19:57:42.964,0.00,0.00,0,0.0,0.0,0.000,0.0,0,HAYIR,HAYIR
2026-08-16 19:57:42.984,0.00,0.00,0,0.0,0.0,0.000,0.0,0,HAYIR,HAYIR
2026-08-16 19:57:43.004,0.00,0.00,0,0.0,0.0,0.000,0.0,0,HAYIR,HAYIR
2026-08-16 19:57:43.024,0.00,0.00,0,0.0,0.0,0.000,0.0,0,HAYIR,HAYIR
2026-08-16 19:57:43.045,0.00,0.00,0,0.0,0.0,0.000,0.0,0,HAYIR,HAYIR
2026-08-16 19:57:43.064,0.00,0.00,0,0.0,0.0,0.000,0.0,0,HAYIR,HAYIR
2026-08-16 19:57:43.084,0.00,0.00,0,0.0,0.0,0.000,0.0,0,HAYIR,HAYIR
2026-08-16 19:57:43.104,0.00,0.00,0,0.0,0.0,0.000,0.0,0,HAYIR,HAYIR
2026-08-16 19:57:43.124,0.00,0.00,0,0.0,0.0,0.000,0.0,0,HAYIR,HAYIR
2026-08-16 19:57:43.144,0.00,0.00,0,0.0,0.0,0.000,0.0,0,HAYIR,HAYIR
2026-08-16 19:57:43.164,0.00,0.00,0,0.0,0.0,0.000,0.0,0,HAYIR,HAYIR
2026-08-16 19:57:43.184,0.00,0.00,0,0.0,0.0,0.000,0.0,0,HAYIR,HAYIR
2026-08-16 19:57:43.204,0.00,0.00,0,0.0,0.0,0.000,0.0,0,HAYIR,HAYIR
2026-08-16 19:57:43.224,0.00,0.00,0,0.0,0.0,0.000,0.0,0,HAYIR,HAYIR
2026-08-16 19:57:43.244,0.00,0.00,0,0.0,0.0,0.000,0.0,0,HAYIR,HAYIR
2026-08-16 19:57:43.264,0.00,0.00,0,0.0,0.0,0.000,0.0,0,HAYIR,HAYIR
2026-08-16 19:57:43.284,0.00,0.00,0,0.0,0.0,0.000,0.0,0,HAYIR,HAYIR
2026-08-16 19:57:43.304,0.00,0.00,0,0.0,0.0,0.000,0.0,0,HAYIR,HAYIR
2026-08-16 19:57:43.324,0.00,0.00,0,0.0,0.0,0.000,0.0,0,HAYIR,HAYIR
2026-08-16 19:57:43.344,0.00,0.00,0,0.0,0.0,0.000,0.0,0,HAYIR,HAYIR
2026-08-16 19:57:43.364,0.00,0.00,0,0.0,0.0,0.000,0.0,0,HAYIR,HAYIR
2026-08-16 19:57:43.384,0.00,0.00,0,0.0,0.0,0.000,0.0,0,HAYIR,HAYIR
2026-08-16 19:57:43.404,0.00,0.00,0,0.0,0.0,0.000,0.0,0,HAYIR,HAYIR
2026-08-16 19:57:43.424,0.00,0.00,0,0.0,0.0,0.000,0.0,0,HAYIR,HAYIR
2026-08-16 19:57:43.444,0.00,0.00,0,0.0,0.0,0.000,0.0,0,HAYIR,HAYIR
2026-08-16 19:57:43.464,0.00,0.00,0,0.0,0.0,0.000,0.0,0,HAYIR,HAYIR
2026-08-16 19:57:43.484,0.00,0.00,0,0.0,0.0,0.000,0.0,0,HAYIR,HAYIR
2026-08-16 19:57:43.504,0.00,0.00,0,0.0,0.0,0.000,0.0,0,HAYIR,HAYIR
2026-08-16 19:57:43.524,0.00,0.00,0,0.0,0.0,0.000,0.0,0,HAYIR,HAYIR
2026-08-16 19:57:43.544,0.00,0.00,0,0.0,0.0,0.000,0.0,0,HAYIR,HAYIR
2026-08-16 19:57:43.565,0.00,0.00,0,0.0,0.0,0.000,0.0,0,HAYIR,HAYIR
2026-08-16 19:57:43.584,0.00,0.00,0,0.0,0.0,0.000,0.0,0,HAYIR,HAYIR
2026-08-16 19:57:43.604,0.00,0.00,0,0.0,0.0,0.000,0.0,0,HAYIR,HAYIR
2026-08-16 19:57:43.624,0.00,0.00,0,0.0,0.0,0.000,0.0,0,HAYIR,HAYIR
2026-08-16 19:57:43.644,0.00,0.00,0,0.0,0.0,0.000,0.0,0,HAYIR,HAYIR
2026-08-16 19:57:43.664,0.00,0.00,0,0.0,0.0,0.000,0.0,0,HAYIR,HAYIR
2026-08-16 19:57:43.684,0.00,0.00,0,0.0,0.0,0.000,0.0,0,HAYIR,HAYIR
2026-08-16 19:57:43.704,0.00,0.00,0,0.0,0.0,0.000,0.0,0,HAYIR,HAYIR
2026-08-16 19:57:43.724,0.00,0.00,0,0.0,0.0,0.000,0.0,0,HAYIR,HAYIR
2026-08-16 19:57:43.744,0.00,0.00,0,0.0,0.0,0.000,0.0,0,HAYIR,HAYIR
2026-08-16 19:57:43.764,0.00,0.00,0,0.0,0.0,0.000,0.0,0,HAYIR,HAYIR
2026-08-16 19:57:43.784,0.00,0.00,0,0.0,0.0,0.000,0.0,0,HAYIR,HAYIR
2026-08-16 19:57:43.804,0.00,0.00,0,0.0,0.0,0.000,0.0,0,HAYIR,HAYIR
2026-08-16 19:57:43.824,0.00,0.00,0,0.0,0.0,0.000,0.0,0,HAYIR,HAYIR
2026-08-16 19:57:43.844,0.00,0.00,0,0.0,0.0,0.000,0.0,0,HAYIR,HAYIR
2026-08-16 19:57:43.864,0.00,0.00,0,0.0,0.0,0.000,0.0,0,HAYIR,HAYIR
2026-08-16 19:57:43.884,0.00,0.00,0,0.0,0.0,0.000,0.0,0,HAYIR,HAYIR
2026-08-16 19:57:43.904,0.00,0.00,0,0.0,0.0,0.000,0.0,0,HAYIR,HAYIR
2026-08-16 19:57:43.924,0.00,0.00,0,0.0,0.0,0.000,0.0,0,HAYIR,HAYIR
2026-08-16 19:57:43.944,0.00,0.00,0,0.0,0.0,0.000,0.0,0,HAYIR,HAYIR
2026-08-16 19:57:43.965,0.00,0.00,0,0.0,0.0,0.000,0.0,0,HAYIR,HAYIR
2026-08-16 19:57:43.984,0.00,0.00,0,0.0,0.0,0.000,0.0,0,HAYIR,HAYIR
2026-08-16 19:57:44.004,0.00,0.00,0,0.0,0.0,0.000,0.0,0,HAYIR,HAYIR
2026-08-16 19:57:44.024,0.00,0.00,0,0.0,0.0,0.000,0.0,0,HAYIR,HAYIR
2026-08-16 19:57:44.044,0.00,0.00,0,0.0,0.0,0.000,0.0,0,HAYIR,HAYIR
2026-08-16 19:57:44.065,0.00,0.00,0,0.0,0.0,0.000,0.0,0,HAYIR,HAYIR
2026-08-16 19:57:44.084,0.00,0.00,0,0.0,0.0,0.000,0.0,0,HAYIR,HAYIR
2026-08-16 19:57:44.104,0.00,0.00,0,0.0,0.0,0.000,0.0,0,HAYIR,HAYIR
2026-08-16 19:57:44.124,0.00,0.00,0,0.0,0.0,0.000,0.0,0,HAYIR,HAYIR
2026-08-16 19:57:44.144,0.00,0.00,0,0.0,0.0,0.000,0.0,0,HAYIR,HAYIR
2026-08-16 19:57:44.165,0.00,0.00,0,0.0,0.0,0.000,0.0,0,HAYIR,HAYIR
2026-08-16 19:57:44.184,0.00,0.00,0,0.0,0.0,0.000,0.0,0,HAYIR,HAYIR
2026-08-16 19:57:44.204,0.00,0.00,0,0.0,0.0,0.000,0.0,0,HAYIR,HAYIR
2026-08-16 19:57:44.224,0.00,0.00,0,0.0,0.0,0.000,0.0,0,HAYIR,HAYIR
2026-08-16 19:57:44.244,0.00,0.00,0,0.0,0.0,0.000,0.0,0,HAYIR,HAYIR
2026-08-16 19:57:44.265,0.00,0.00,0,0.0,0.0,0.000,0.0,0,HAYIR,HAYIR
2026-08-16 19:57:44.284,0.00,0.00,0,0.0,0.0,0.000,0.0,0,HAYIR,HAYIR
2026-08-16 19:57:44.304,0.00,0.00,0,0.0,0.0,0.000,0.0,0,HAYIR,HAYIR
2026-08-16 19:57:44.324,0.00,0.00,0,0.0,0.0,0.000,0.0,0,HAYIR,HAYIR
2026-08-16 19:57:44.344,0.00,0.00,0,0.0,0.0,0.000,0.0,0,HAYIR,HAYIR
2026-08-16 19:57:44.365,0.00,0.00,0,0.0,0.0,0.000,0.0,0,HAYIR,HAYIR
2026-08-16 19:57:44.384,0.00,0.00,0,0.0,0.0,0.000,0.0,0,HAYIR,HAYIR
2026-08-16 19:57:44.404,0.00,0.00,0,0.0,0.0,0.000,0.0,0,HAYIR,HAYIR
2026-08-16 19:57:44.424,0.00,0.00,0,0.0,0.0,0.000,0.0,0,HAYIR,HAYIR
2026-08-16 19:57:44.445,0.00,0.00,0,0.0,0.0,0.000,0.0,0,HAYIR,HAYIR
2026-08-16 19:57:44.464,0.00,0.00,0,0.0,0.0,0.000,0.0,0,HAYIR,HAYIR
2026-08-16 19:57:44.484,0.00,0.00,0,0.0,0.0,0.000,0.0,0,HAYIR,HAYIR
2026-08-16 19:57:44.504,0.00,0.00,0,0.0,0.0,0.000,0.0,0,HAYIR,HAYIR
2026-08-16 19:57:44.524,0.00,0.00,0,0.0,0.0,0.000,0.0,0,HAYIR,HAYIR
2026-08-16 19:57:44.544,0.00,0.00,0,0.0,0.0,0.000,0.0,0,HAYIR,HAYIR
2026-08-16 19:57:44.565,0.00,0.00,0,0.0,0.0,0.000,0.0,0,HAYIR,HAYIR
2026-08-16 19:57:44.584,0.00,0.00,0,0.0,0.0,0.000,0.0,0,HAYIR,HAYIR
2026-08-16 19:57:44.604,0.00,0.00,0,0.0,0.0,0.000,0.0,0,HAYIR,HAYIR
2026-08-16 19:57:44.624,0.00,0.00,0,0.0,0.0,0.000,0.0,0,HAYIR,HAYIR
2026-08-16 19:57:44.645,0.00,0.00,0,0.0,0.0,0.000,0.0,0,HAYIR,HAYIR
2026-08-16 19:57:44.664,0.00,0.00,0,0.0,0.0,0.000,0.0,0,HAYIR,HAYIR
2026-08-16 19:57:44.684,0.00,0.00,0,0.0,0.0,0.000,0.0,0,HAYIR,HAYIR
2026-08-16 19:57:44.704,0.00,0.00,0,0.0,0.0,0.000,0.0,0,HAYIR,HAYIR
2026-08-16 19:57:44.724,0.00,0.00,0,0.0,0.0,0.000,0.0,0,HAYIR,HAYIR
2026-08-16 19:57:44.744,0.00,0.00,0,0.0,0.0,0.000,0.0,0,HAYIR,HAYIR
2026-08-16 19:57:44.764,0.00,0.00,0,0.0,0.0,0.000,0.0,0,HAYIR,HAYIR
2026-08-16 19:57:44.784,0.00,0.00,0,0.0,0.0,0.000,0.0,0,HAYIR,HAYIR
2026-08-16 19:57:44.804,0.00,0.00,0,0.0,0.0,0.000,0.0,0,HAYIR,HAYIR
2026-08-16 19:57:44.824,0.00,0.00,0,0.0,0.0,0.000,0.0,0,HAYIR,HAYIR
2026-08-16 19:57:44.844,0.00,0.00,0,0.0,0.0,0.000,0.0,0,HAYIR,HAYIR
2026-08-16 19:57:44.864,0.00,0.00,0,0.0,0.0,0.000,0.0,0,HAYIR,HAYIR
2026-08-16 19:57:44.884,0.00,0.00,0,0.0,0.0,0.000,0.0,0,HAYIR,HAYIR
2026-08-16 19:57:44.904,0.00,0.00,0,0.0,0.0,0.000,0.0,0,HAYIR,HAYIR
2026-08-16 19:57:44.924,0.00,0.00,0,0.0,0.0,0.000,0.0,0,HAYIR,HAYIR
2026-08-16 19:57:44.944,0.00,0.00,0,0.0,0.0,0.000,0.0,0,HAYIR,HAYIR
2026-08-16 19:57:44.964,0.00,0.00,0,0.0,0.0,0.000,0.0,0,HAYIR,HAYIR
2026-08-16 19:57:44.985,0.00,0.00,0,0.0,0.0,0.000,0.0,0,HAYIR,HAYIR
2026-08-16 19:57:45.004,0.00,0.00,0,0.0,0.0,0.000,0.0,0,HAYIR,HAYIR
2026-08-16 19:57:45.024,0.00,0.00,0,0.0,0.0,0.000,0.0,0,HAYIR,HAYIR
2026-08-16 19:57:45.044,0.00,0.00,0,0.0,0.0,0.000,0.0,0,HAYIR,HAYIR
2026-08-16 19:57:45.065,0.00,0.00,0,0.0,0.0,0.000,0.0,0,HAYIR,HAYIR
2026-08-16 19:57:45.084,0.00,0.00,0,0.0,0.0,0.000,0.0,0,HAYIR,HAYIR
2026-08-16 19:57:45.104,0.00,0.00,0,0.0,0.0,0.000,0.0,0,HAYIR,HAYIR
2026-08-16 19:57:45.124,0.00,0.00,0,0.0,0.0,0.000,0.0,0,HAYIR,HAYIR
2026-08-16 19:57:45.144,0.00,0.00,0,0.0,0.0,0.000,0.0,0,HAYIR,HAYIR
2026-08-16 19:57:45.164,0.00,0.00,0,0.0,0.0,0.000,0.0,0,HAYIR,HAYIR
2026-08-16 19:57:45.184,0.00,0.00,0,0.0,0.0,0.000,0.0,0,HAYIR,HAYIR
2026-08-16 19:57:45.204,0.00,0.00,0,0.0,0.0,0.000,0.0,0,HAYIR,HAYIR
2026-08-16 19:57:45.224,0.00,0.00,0,0.0,0.0,0.000,0.0,0,HAYIR,HAYIR
2026-08-16 19:57:45.244,0.00,0.00,0,0.0,0.0,0.000,0.0,0,HAYIR,HAYIR
2026-08-16 19:57:45.265,0.00,0.00,0,0.0,0.0,0.000,0.0,0,HAYIR,HAYIR
2026-08-16 19:57:45.284,0.00,0.00,0,0.0,0.0,0.000,0.0,0,HAYIR,HAYIR
2026-08-16 19:57:45.304,0.00,0.00,0,0.0,0.0,0.000,0.0,0,HAYIR,HAYIR
2026-08-16 19:57:45.324,0.00,0.00,0,0.0,0.0,0.000,0.0,0,HAYIR,HAYIR
2026-08-16 19:57:45.344,0.00,0.00,0,0.0,0.0,0.000,0.0,0,HAYIR,HAYIR
2026-08-16 19:57:45.364,0.00,0.00,0,0.0,0.0,0.000,0.0,0,HAYIR,HAYIR
2026-08-16 19:57:45.384,0.00,0.00,0,0.0,0.0,0.000,0.0,0,HAYIR,HAYIR
2026-08-16 19:57:45.404,0.00,0.00,0,0.0,0.0,0.000,0.0,0,HAYIR,HAYIR
2026-08-16 19:57:45.424,0.00,0.00,0,0.0,0.0,0.000,0.0,0,HAYIR,HAYIR
2026-08-16 19:57:45.444,0.00,0.00,0,0.0,0.0,0.000,0.0,0,HAYIR,HAYIR
2026-08-16 19:57:45.465,0.00,0.00,0,0.0,0.0,0.000,0.0,0,HAYIR,HAYIR
2026-08-16 19:57:45.484,0.00,0.00,0,0.0,0.0,0.000,0.0,0,HAYIR,HAYIR
2026-08-16 19:57:45.504,0.00,0.00,0,0.0,0.0,0.000,0.0,0,HAYIR,HAYIR
2026-08-16 19:57:45.524,0.00,0.00,0,0.0,0.0,0.000,0.0,0,HAYIR,HAYIR
2026-08-16 19:57:45.544,0.00,0.00,0,0.0,0.0,0.000,0.0,0,HAYIR,HAYIR
2026-08-16 19:57:45.564,0.00,0.00,0,0.0,0.0,0.000,0.0,0,HAYIR,HAYIR
2026-08-16 19:57:45.584,0.00,0.00,0,0.0,0.0,0.000,0.0,0,HAYIR,HAYIR
2026-08-16 19:57:45.604,0.00,0.00,0,0.0,0.0,0.000,0.0,0,HAYIR,HAYIR
2026-08-16 19:57:45.624,0.00,0.00,0,0.0,0.0,0.000,0.0,0,HAYIR,HAYIR
2026-08-16 19:57:45.645,0.00,0.00,0,0.0,0.0,0.000,0.0,0,HAYIR,HAYIR
2026-08-16 19:57:45.665,0.00,0.00,0,0.0,0.0,0.000,0.0,0,HAYIR,HAYIR
2026-08-16 19:57:45.684,0.00,0.00,0,0.0,0.0,0.000,0.0,0,HAYIR,HAYIR
2026-08-16 19:57:45.704,0.00,0.00,0,0.0,0.0,0.000,0.0,0,HAYIR,HAYIR
2026-08-16 19:57:45.724,0.00,0.00,0,0.0,0.0,0.000,0.0,0,HAYIR,HAYIR
2026-08-16 19:57:45.744,0.00,0.00,0,0.0,0.0,0.000,0.0,0,HAYIR,HAYIR
2026-08-16 19:57:45.765,0.00,0.00,0,0.0,0.0,0.000,0.0,0,HAYIR,HAYIR
2026-08-16 19:57:45.784,0.00,0.00,0,0.0,0.0,0.000,0.0,0,HAYIR,HAYIR
2026-08-16 19:57:45.804,0.00,0.00,0,0.0,0.0,0.000,0.0,0,HAYIR,HAYIR
2026-08-16 19:57:45.824,0.00,0.00,0,0.0,0.0,0.000,0.0,0,HAYIR,HAYIR
2026-08-16 19:57:45.845,0.00,0.00,0,0.0,0.0,0.000,0.0,0,HAYIR,HAYIR
2026-08-16 19:57:45.864,0.00,0.00,0,0.0,0.0,0.000,0.0,0,HAYIR,HAYIR
2026-08-16 19:57:45.884,0.00,0.00,0,0.0,0.0,0.000,0.0,0,HAYIR,HAYIR
2026-08-16 19:57:45.904,0.00,0.00,0,0.0,0.0,0.000,0.0,0,HAYIR,HAYIR
2026-08-16 19:57:45.924,0.00,0.00,0,0.0,0.0,0.000,0.0,0,HAYIR,HAYIR
2026-08-16 19:57:45.944,0.00,0.00,0,0.0,0.0,0.000,0.0,0,HAYIR,HAYIR
2026-08-16 19:57:45.964,0.00,0.00,0,0.0,0.0,0.000,0.0,0,HAYIR,HAYIR
2026-08-16 19:57:45.984,0.00,0.00,0,0.0,0.0,0.000,0.0,0,HAYIR,HAYIR
2026-08-16 19:57:46.004,0.00,0.00,0,0.0,0.0,0.000,0.0,0,HAYIR,HAYIR
2026-08-16 19:57:46.024,0.00,0.00,0,0.0,0.0,0.000,0.0,0,HAYIR,HAYIR
2026-08-16 19:57:46.045,0.00,0.00,0,0.0,0.0,0.000,0.0,0,HAYIR,HAYIR
2026-08-16 19:57:46.065,0.00,0.00,0,0.0,0.0,0.000,0.0,0,HAYIR,HAYIR
2026-08-16 19:57:46.084,0.00,0.00,0,0.0,0.0,0.000,0.0,0,HAYIR,HAYIR
2026-08-16 19:57:46.104,0.00,0.00,0,0.0,0.0,0.000,0.0,0,HAYIR,HAYIR
2026-08-16 19:57:46.124,0.00,0.00,0,0.0,0.0,0.000,0.0,0,HAYIR,HAYIR
2026-08-16 19:57:46.144,0.00,0.00,0,0.0,0.0,0.000,0.0,0,HAYIR,HAYIR
2026-08-16 19:57:46.164,0.00,0.00,0,0.0,0.0,0.000,0.0,0,HAYIR,HAYIR
2026-08-16 19:57:46.184,0.00,0.00,0,0.0,0.0,0.000,0.0,0,HAYIR,HAYIR
2026-08-16 19:57:46.204,0.00,0.00,0,0.0,0.0,0.000,0.0,0,HAYIR,HAYIR
2026-08-16 19:57:46.224,0.00,0.00,0,0.0,0.0,0.000,0.0,0,HAYIR,HAYIR
2026-08-16 19:57:46.244,0.00,0.00,0,0.0,0.0,0.000,0.0,0,HAYIR,HAYIR
2026-08-16 19:57:46.265,0.00,0.00,0,0.0,0.0,0.000,0.0,0,HAYIR,HAYIR
2026-08-16 19:57:46.284,0.00,0.00,0,0.0,0.0,0.000,0.0,0,HAYIR,HAYIR
2026-08-16 19:57:46.304,0.00,0.00,0,0.0,0.0,0.000,0.0,0,HAYIR,HAYIR
2026-08-16 19:57:46.324,0.00,0.00,0,0.0,0.0,0.000,0.0,0,HAYIR,HAYIR
2026-08-16 19:57:46.344,0.00,0.00,0,0.0,0.0,0.000,0.0,0,HAYIR,HAYIR
2026-08-16 19:57:46.365,0.00,0.00,0,0.0,0.0,0.000,0.0,0,HAYIR,HAYIR
2026-08-16 19:57:46.384,0.00,0.00,0,0.0,0.0,0.000,0.0,0,HAYIR,HAYIR
2026-08-16 19:57:46.404,0.00,0.00,0,0.0,0.0,0.000,0.0,0,HAYIR,HAYIR
2026-08-16 19:57:46.424,0.00,0.00,0,0.0,0.0,0.000,0.0,0,HAYIR,HAYIR
2026-08-16 19:57:46.444,0.00,0.00,0,0.0,0.0,0.000,0.0,0,HAYIR,HAYIR
2026-08-16 19:57:46.465,0.00,0.00,0,0.0,0.0,0.000,0.0,0,HAYIR,HAYIR
2026-08-16 19:57:46.484,0.00,0.00,0,0.0,0.0,0.000,0.0,0,HAYIR,HAYIR
2026-08-16 19:57:46.504,0.00,0.00,0,0.0,0.0,0.000,0.0,0,HAYIR,HAYIR
2026-08-16 19:57:46.524,0.00,0.00,0,0.0,0.0,0.000,0.0,0,HAYIR,HAYIR
2026-08-16 19:57:46.544,0.00,0.00,0,0.0,0.0,0.000,0.0,0,HAYIR,HAYIR
2026-08-16 19:57:46.564,0.00,0.00,0,0.0,0.0,0.000,0.0,0,HAYIR,HAYIR
2026-08-16 19:57:46.585,-0.05,0.00,32,0.0,0.0,0.000,0.0,0,HAYIR,EVET
2026-08-16 19:57:46.604,-0.05,0.00,32,0.0,0.0,0.000,0.0,0,HAYIR,EVET
2026-08-16 19:57:46.624,-0.05,0.00,32,0.0,0.1,0.000,0.0,0,HAYIR,EVET
2026-08-16 19:57:46.644,-0.05,0.00,32,0.0,0.1,0.000,0.0,0,HAYIR,EVET
2026-08-16 19:57:46.664,-0.05,0.00,33,0.0,0.1,0.000,0.0,0,HAYIR,EVET
2026-08-16 19:57:46.684,-0.05,0.00,33,0.0,0.1,0.000,0.0,0,HAYIR,EVET
2026-08-16 19:57:46.704,-0.05,0.00,33,0.0,0.1,0.000,0.0,0,HAYIR,EVET
2026-08-16 19:57:46.724,-0.05,0.00,32,0.0,0.2,0.000,0.0,0,HAYIR,EVET
2026-08-16 19:57:46.744,-0.05,0.00,32,0.0,0.2,0.000,0.0,0,HAYIR,EVET
2026-08-16 19:57:46.764,-0.05,0.00,32,0.0,0.2,0.000,0.0,0,HAYIR,EVET
2026-08-16 19:57:46.784,-0.05,0.00,32,0.0,0.2,0.000,0.0,0,HAYIR,EVET
2026-08-16 19:57:46.804,-0.05,0.00,32,0.0,0.2,0.000,0.0,0,HAYIR,EVET
2026-08-16 19:57:46.824,-0.05,0.00,32,0.0,0.3,0.000,0.0,0,HAYIR,EVET
2026-08-16 19:57:46.844,-0.05,0.00,32,0.0,0.3,0.000,0.0,0,HAYIR,EVET
2026-08-16 19:57:46.864,-0.05,0.00,33,0.0,0.3,0.000,0.0,0,HAYIR,EVET
2026-08-16 19:57:46.884,-0.05,0.00,33,0.0,0.3,0.000,0.0,0,HAYIR,EVET
2026-08-16 19:57:46.904,-0.05,0.00,33,0.0,0.3,0.000,0.0,0,HAYIR,EVET
2026-08-16 19:57:46.924,-0.05,0.00,33,0.0,0.4,0.000,0.0,0,HAYIR,EVET
2026-08-16 19:57:46.944,-0.05,0.00,33,0.0,0.4,0.000,0.0,0,HAYIR,EVET
2026-08-16 19:57:46.964,-0.05,0.00,33,0.0,0.4,0.000,0.0,0,HAYIR,EVET
2026-08-16 19:57:46.984,-0.05,0.00,33,0.0,0.4,0.000,0.0,0,HAYIR,EVET
2026-08-16 19:57:47.004,-0.05,0.00,33,0.0,0.4,0.000,0.0,0,HAYIR,EVET
2026-08-16 19:57:47.024,-0.05,0.00,33,0.0,0.5,0.000,0.0,0,HAYIR,EVET
2026-08-16 19:57:47.044,-0.05,0.00,33,0.0,0.5,0.000,0.0,0,HAYIR,EVET
2026-08-16 19:57:47.065,-0.05,0.00,33,0.0,0.5,0.000,0.0,0,HAYIR,EVET
2026-08-16 19:57:47.084,-0.05,0.00,33,0.0,0.5,0.000,0.0,0,HAYIR,EVET
2026-08-16 19:57:47.104,-0.05,0.00,33,0.0,0.5,0.000,0.0,0,HAYIR,EVET
2026-08-16 19:57:47.124,-0.05,0.00,33,0.0,0.6,0.000,0.0,0,HAYIR,EVET
2026-08-16 19:57:47.144,-0.05,0.00,33,0.0,0.6,0.000,0.0,0,HAYIR,EVET
2026-08-16 19:57:47.164,-0.05,0.00,33,0.0,0.6,0.000,0.0,0,HAYIR,EVET
2026-08-16 19:57:47.184,-0.05,0.00,33,0.0,0.6,0.000,0.0,0,HAYIR,EVET
2026-08-16 19:57:47.204,-0.05,0.00,33,0.0,0.6,0.000,0.0,0,HAYIR,EVET
2026-08-16 19:57:47.224,-0.05,0.00,33,0.0,0.7,0.000,0.0,0,HAYIR,EVET
2026-08-16 19:57:47.244,-0.05,0.00,33,0.0,0.7,0.000,0.0,0,HAYIR,EVET
2026-08-16 19:57:47.265,-0.05,0.00,33,0.0,0.7,0.000,0.0,0,HAYIR,EVET
2026-08-16 19:57:47.284,-0.05,0.00,33,0.0,0.7,0.000,0.0,0,HAYIR,EVET
2026-08-16 19:57:47.304,-0.05,0.00,33,0.0,0.7,0.000,0.0,0,HAYIR,EVET
2026-08-16 19:57:47.324,-0.05,0.00,33,0.0,0.8,0.000,0.0,0,HAYIR,EVET
2026-08-16 19:57:47.344,-0.05,0.00,33,0.0,0.8,0.000,0.0,0,HAYIR,EVET
2026-08-16 19:57:47.364,-0.05,0.00,33,0.0,0.8,0.000,0.0,0,HAYIR,EVET
2026-08-16 19:57:47.384,-0.05,0.00,33,0.0,0.8,0.000,0.0,0,HAYIR,EVET
2026-08-16 19:57:47.404,-0.05,0.00,33,0.0,0.8,0.000,0.0,0,HAYIR,EVET
2026-08-16 19:57:47.424,-0.05,0.00,33,0.0,0.9,0.000,0.0,0,HAYIR,EVET
2026-08-16 19:57:47.444,-0.05,0.00,33,0.0,0.9,0.000,0.0,0,HAYIR,EVET
2026-08-16 19:57:47.464,-0.05,0.00,33,0.0,0.9,0.000,0.0,0,HAYIR,EVET
2026-08-16 19:57:47.484,-0.05,0.00,33,0.0,0.9,0.000,0.0,0,HAYIR,EVET
2026-08-16 19:57:47.504,-0.05,0.00,33,0.0,0.9,0.000,0.0,0,HAYIR,EVET
2026-08-16 19:57:47.524,-0.05,0.00,33,0.0,1.0,0.000,0.0,0,HAYIR,EVET
2026-08-16 19:57:47.544,-0.05,0.00,33,0.0,1.0,0.000,0.0,0,HAYIR,EVET
2026-08-16 19:57:47.564,-0.05,0.00,33,0.0,1.0,0.000,0.0,0,HAYIR,EVET
2026-08-16 19:57:47.584,-0.05,0.00,33,0.0,1.0,0.000,0.0,0,HAYIR,EVET
2026-08-16 19:57:47.604,-0.05,0.00,33,0.0,1.0,0.000,0.0,0,HAYIR,EVET
2026-08-16 19:57:47.624,-0.05,0.00,33,0.0,1.1,0.000,0.0,0,HAYIR,EVET
2026-08-16 19:57:47.644,-0.05,0.00,33,0.0,1.1,0.000,0.0,0,HAYIR,EVET
2026-08-16 19:57:47.664,-0.05,0.00,33,0.0,1.1,0.000,0.0,0,HAYIR,EVET
2026-08-16 19:57:47.684,-0.05,0.00,33,0.0,1.1,0.000,0.0,0,HAYIR,EVET
2026-08-16 19:57:47.704,-0.05,0.00,33,0.0,1.1,0.000,0.0,0,HAYIR,EVET
2026-08-16 19:57:47.724,-0.05,0.00,33,0.0,1.2,0.000,0.0,0,HAYIR,EVET
2026-08-16 19:57:47.744,-0.05,0.00,33,0.0,1.2,0.000,0.0,0,HAYIR,EVET
2026-08-16 19:57:47.765,-0.05,0.00,33,0.0,1.2,0.000,0.0,0,HAYIR,EVET
2026-08-16 19:57:47.784,-0.05,0.00,34,0.0,1.2,0.000,0.0,0,HAYIR,EVET
2026-08-16 19:57:47.804,-0.05,0.00,34,0.0,1.2,0.000,0.0,0,HAYIR,EVET
2026-08-16 19:57:47.824,-0.05,0.00,34,0.0,1.3,0.000,0.0,0,HAYIR,EVET
2026-08-16 19:57:47.844,-0.05,0.00,34,0.0,1.3,0.000,0.0,0,HAYIR,EVET
2026-08-16 19:57:47.865,-0.05,0.00,34,0.0,1.3,0.000,0.0,0,HAYIR,EVET
2026-08-16 19:57:47.884,-0.05,0.00,34,0.0,1.3,0.000,0.0,0,HAYIR,EVET
2026-08-16 19:57:47.904,-0.05,0.00,34,0.0,1.3,0.000,0.0,0,HAYIR,EVET
2026-08-16 19:57:47.924,-0.05,0.00,34,0.0,1.4,0.000,0.0,0,HAYIR,EVET
2026-08-16 19:57:47.944,-0.05,0.00,34,0.0,1.4,0.000,0.0,0,HAYIR,EVET
2026-08-16 19:57:47.965,-0.05,0.00,34,0.0,1.4,0.000,0.0,0,HAYIR,EVET
2026-08-16 19:57:47.984,-0.05,0.00,34,0.0,1.4,0.000,0.0,0,HAYIR,EVET
2026-08-16 19:57:48.004,-0.05,0.00,34,0.0,1.4,0.000,0.0,0,HAYIR,EVET
2026-08-16 19:57:48.024,-0.05,0.00,34,0.0,1.5,0.000,0.0,0,HAYIR,EVET
2026-08-16 19:57:48.045,-0.05,0.00,34,0.0,1.5,0.000,0.0,0,HAYIR,EVET
2026-08-16 19:57:48.064,-0.05,0.00,34,0.0,1.5,0.000,0.0,0,HAYIR,EVET
2026-08-16 19:57:48.084,-0.05,0.00,34,0.0,1.5,0.000,0.0,0,HAYIR,EVET
2026-08-16 19:57:48.104,-0.05,0.00,34,0.0,1.5,0.000,0.0,0,HAYIR,EVET
2026-08-16 19:57:48.124,-0.05,0.00,34,0.0,1.6,0.000,0.0,0,HAYIR,EVET
2026-08-16 19:57:48.145,-0.05,0.00,34,0.0,1.6,0.000,0.0,0,HAYIR,EVET
2026-08-16 19:57:48.165,-0.05,0.00,34,0.0,1.6,0.000,0.0,0,HAYIR,EVET
2026-08-16 19:57:48.184,-0.05,0.00,34,0.0,1.6,0.000,0.0,0,HAYIR,EVET
2026-08-16 19:57:48.204,-0.05,0.00,34,0.0,1.6,0.000,0.0,0,HAYIR,EVET
2026-08-16 19:57:48.224,-0.05,0.00,34,0.0,1.7,0.000,0.0,0,HAYIR,EVET
2026-08-16 19:57:48.244,-0.05,0.00,34,0.0,1.7,0.000,0.0,0,HAYIR,EVET
2026-08-16 19:57:48.264,-0.05,0.00,34,0.0,1.7,0.000,0.0,0,HAYIR,EVET
2026-08-16 19:57:48.284,-0.05,0.00,34,0.0,1.7,0.000,0.0,0,HAYIR,EVET
2026-08-16 19:57:48.304,-0.05,0.00,34,0.0,1.7,0.000,0.0,0,HAYIR,EVET
2026-08-16 19:57:48.324,-0.05,0.00,34,0.0,1.8,0.000,0.0,0,HAYIR,EVET
2026-08-16 19:57:48.344,-0.05,0.00,34,0.0,1.8,0.000,0.0,0,HAYIR,EVET
2026-08-16 19:57:48.365,-0.05,0.00,34,0.0,1.8,0.000,0.0,0,HAYIR,EVET
2026-08-16 19:57:48.384,-0.05,0.00,34,0.0,1.8,0.000,0.0,0,HAYIR,EVET
2026-08-16 19:57:48.404,-0.05,0.00,34,0.0,1.8,0.000,0.0,0,HAYIR,EVET
2026-08-16 19:57:48.424,-0.05,0.00,34,0.0,1.9,0.000,0.0,0,HAYIR,EVET
2026-08-16 19:57:48.445,-0.05,0.00,34,0.0,1.9,0.000,0.0,0,HAYIR,EVET
2026-08-16 19:57:48.465,-0.05,0.00,34,0.0,1.9,0.000,0.0,0,HAYIR,EVET
2026-08-16 19:57:48.484,-0.05,0.00,34,0.0,1.9,0.000,0.0,0,HAYIR,EVET
2026-08-16 19:57:48.504,-0.05,0.00,34,0.0,1.9,0.000,0.0,0,HAYIR,EVET
2026-08-16 19:57:48.524,-0.05,0.00,34,0.0,2.0,0.000,0.0,0,HAYIR,EVET
2026-08-16 19:57:48.544,-0.05,0.00,34,0.0,2.0,0.000,0.0,0,HAYIR,EVET
2026-08-16 19:57:48.565,-0.05,0.00,34,0.0,2.0,0.000,0.0,0,HAYIR,EVET
2026-08-16 19:57:48.584,-0.05,0.00,34,0.0,2.0,0.000,0.0,0,HAYIR,EVET
2026-08-16 19:57:48.604,-0.05,0.00,34,0.0,2.0,0.000,0.0,0,HAYIR,EVET
2026-08-16 19:57:48.624,-0.05,0.00,34,0.0,2.1,0.000,0.0,0,HAYIR,EVET
2026-08-16 19:57:48.645,-0.05,0.00,34,0.0,2.1,0.000,0.0,0,HAYIR,EVET
2026-08-16 19:57:48.665,-0.05,0.00,34,0.0,2.1,0.000,0.0,0,HAYIR,EVET
2026-08-16 19:57:48.684,-0.05,0.00,34,0.0,2.1,0.000,0.0,0,HAYIR,EVET
2026-08-16 19:57:48.704,-0.05,0.00,34,0.0,2.1,0.000,0.0,0,HAYIR,EVET
2026-08-16 19:57:48.724,-0.05,0.00,35,0.0,2.2,0.000,0.0,0,HAYIR,EVET
2026-08-16 19:57:48.744,-0.05,0.00,35,0.0,2.2,0.000,0.0,0,HAYIR,EVET
2026-08-16 19:57:48.764,-0.05,0.00,35,0.0,2.2,0.000,0.0,0,HAYIR,EVET
2026-08-16 19:57:48.784,-0.05,0.00,35,0.0,2.2,0.000,0.0,0,HAYIR,EVET
2026-08-16 19:57:48.804,-0.05,0.00,35,0.0,2.2,0.000,0.0,0,HAYIR,EVET
2026-08-16 19:57:48.824,-0.05,0.00,35,0.0,2.3,0.000,0.0,0,HAYIR,EVET
2026-08-16 19:57:48.844,-0.05,0.00,35,0.0,2.3,0.000,0.0,0,HAYIR,EVET
2026-08-16 19:57:48.865,-0.05,0.00,35,0.0,2.3,0.000,0.0,0,HAYIR,EVET
2026-08-16 19:57:48.884,-0.05,0.00,35,0.0,2.3,0.000,0.0,0,HAYIR,EVET
2026-08-16 19:57:48.904,-0.05,0.00,35,0.0,2.3,0.000,0.0,0,HAYIR,EVET
2026-08-16 19:57:48.924,-0.05,0.00,35,0.0,2.4,0.000,0.0,0,HAYIR,EVET
2026-08-16 19:57:48.944,-0.05,0.00,35,0.0,2.4,0.000,0.0,0,HAYIR,EVET
2026-08-16 19:57:48.964,-0.05,0.00,35,0.0,2.4,0.000,0.0,0,HAYIR,EVET
2026-08-16 19:57:48.984,-0.05,0.00,35,0.0,2.4,0.000,0.0,0,HAYIR,EVET
2026-08-16 19:57:49.004,-0.05,0.00,35,0.0,2.4,0.000,0.0,0,HAYIR,EVET
2026-08-16 19:57:49.024,-0.05,0.00,35,0.0,2.5,0.000,0.0,0,HAYIR,EVET
2026-08-16 19:57:49.044,-0.05,0.00,35,0.0,2.5,0.000,0.0,0,HAYIR,EVET
2026-08-16 19:57:49.064,-0.05,0.00,35,0.0,2.5,0.000,0.0,0,HAYIR,EVET
2026-08-16 19:57:49.084,-0.05,0.00,35,0.0,2.5,0.000,0.0,0,HAYIR,EVET
2026-08-16 19:57:49.104,-0.05,0.00,35,0.0,2.5,0.000,0.0,0,HAYIR,EVET
2026-08-16 19:57:49.124,-0.05,0.00,35,0.0,2.6,0.000,0.0,0,HAYIR,EVET
2026-08-16 19:57:49.144,-0.05,0.00,35,0.0,2.6,0.000,0.0,0,HAYIR,EVET
2026-08-16 19:57:49.164,-0.05,0.00,35,0.0,2.6,0.000,0.0,0,HAYIR,EVET
2026-08-16 19:57:49.184,-0.05,0.00,35,0.0,2.6,0.000,0.0,0,HAYIR,EVET
2026-08-16 19:57:49.204,-0.05,0.00,35,0.0,2.6,0.000,0.0,0,HAYIR,EVET
2026-08-16 19:57:49.224,-0.05,0.00,35,0.0,2.7,0.000,0.0,0,HAYIR,EVET
2026-08-16 19:57:49.244,-0.05,0.00,35,0.0,2.7,0.000,0.0,0,HAYIR,EVET
2026-08-16 19:57:49.265,-0.05,0.00,35,0.0,2.7,0.000,0.0,0,HAYIR,EVET
2026-08-16 19:57:49.284,-0.05,0.00,35,0.0,2.7,0.000,0.0,0,HAYIR,EVET
2026-08-16 19:57:49.304,-0.05,0.00,35,0.0,2.7,0.000,0.0,0,HAYIR,EVET
2026-08-16 19:57:49.324,-0.05,0.00,35,0.0,2.8,0.000,0.0,0,HAYIR,EVET
2026-08-16 19:57:49.344,-0.05,0.00,35,0.0,2.8,0.000,0.0,0,HAYIR,EVET
2026-08-16 19:57:49.364,-0.05,0.00,35,0.0,2.8,0.000,0.0,0,HAYIR,EVET
2026-08-16 19:57:49.384,-0.05,0.00,35,0.0,2.8,0.000,0.0,0,HAYIR,EVET
2026-08-16 19:57:49.404,-0.05,0.00,35,0.0,2.8,0.000,0.0,0,HAYIR,EVET
2026-08-16 19:57:49.424,-0.05,0.00,35,0.0,2.9,0.000,0.0,0,HAYIR,EVET
2026-08-16 19:57:49.444,-0.05,0.00,35,0.0,2.9,0.000,0.0,0,HAYIR,EVET
2026-08-16 19:57:49.464,-0.05,0.00,35,0.0,2.9,0.000,0.0,0,HAYIR,EVET
2026-08-16 19:57:49.484,-0.05,0.00,35,0.0,2.9,0.000,0.0,0,HAYIR,EVET
2026-08-16 19:57:49.504,-0.05,0.00,35,0.0,2.9,0.000,0.0,0,HAYIR,EVET
2026-08-16 19:57:49.524,-0.05,0.00,35,0.0,3.0,0.000,0.0,0,HAYIR,EVET
2026-08-16 19:57:49.544,-0.05,0.00,35,0.0,3.0,0.000,0.0,0,HAYIR,EVET
2026-08-16 19:57:49.564,-0.05,0.00,35,0.0,3.0,0.000,0.0,0,HAYIR,EVET
2026-08-16 19:57:49.584,-0.05,0.00,35,0.0,3.0,0.000,0.0,0,HAYIR,EVET
2026-08-16 19:57:49.604,-0.05,0.00,35,0.0,3.0,0.000,0.0,0,HAYIR,EVET
2026-08-16 19:57:49.624,-0.05,0.00,35,0.0,3.1,0.000,0.0,0,HAYIR,EVET
2026-08-16 19:57:49.644,-0.05,0.00,35,0.0,3.1,0.000,0.0,0,HAYIR,EVET
2026-08-16 19:57:49.664,-0.05,0.00,35,0.0,3.1,0.000,0.0,0,HAYIR,EVET
2026-08-16 19:57:49.684,-0.05,0.00,35,0.0,3.1,0.000,0.0,0,HAYIR,EVET
2026-08-16 19:57:49.704,-0.05,0.00,35,0.0,3.1,0.000,0.0,0,HAYIR,EVET
2026-08-16 19:57:49.724,-0.05,0.00,35,0.0,3.2,0.000,0.0,0,HAYIR,EVET
2026-08-16 19:57:49.744,-0.05,0.00,35,0.0,3.2,0.000,0.0,0,HAYIR,EVET
2026-08-16 19:57:49.764,-0.05,0.00,35,0.0,3.2,0.000,0.0,0,HAYIR,EVET
2026-08-16 19:57:49.784,-0.05,0.00,35,0.0,3.2,0.000,0.0,0,HAYIR,EVET
2026-08-16 19:57:49.804,-0.05,0.00,35,0.0,3.2,0.000,0.0,0,HAYIR,EVET
2026-08-16 19:57:49.824,-0.05,0.00,35,0.0,3.3,0.000,0.0,0,HAYIR,EVET
2026-08-16 19:57:49.844,-0.05,0.00,35,0.0,3.3,0.000,0.0,0,HAYIR,EVET
2026-08-16 19:57:49.865,-0.05,0.00,35,0.0,3.3,0.000,0.0,0,HAYIR,EVET
2026-08-16 19:57:49.884,-0.05,0.00,35,0.0,3.3,0.000,0.0,0,HAYIR,EVET
2026-08-16 19:57:49.904,-0.05,0.00,35,0.0,3.3,0.000,0.0,0,HAYIR,EVET
2026-08-16 19:57:49.924,-0.05,0.00,35,0.0,3.4,0.000,0.0,0,HAYIR,EVET
2026-08-16 19:57:49.944,-0.05,0.00,35,0.0,3.4,0.000,0.0,0,HAYIR,EVET
2026-08-16 19:57:49.964,-0.05,0.00,35,0.0,3.4,0.000,0.0,0,HAYIR,EVET
2026-08-16 19:57:49.985,-0.05,0.00,35,0.0,3.4,0.000,0.0,0,HAYIR,EVET
2026-08-16 19:57:50.004,-0.05,0.00,35,0.0,3.4,0.000,0.0,0,HAYIR,EVET
2026-08-16 19:57:50.024,-0.05,0.00,35,0.0,3.5,0.000,0.0,0,HAYIR,EVET
2026-08-16 19:57:50.045,-0.05,0.00,35,0.0,3.5,0.000,0.0,0,HAYIR,EVET
2026-08-16 19:57:50.064,-0.05,0.00,35,0.0,3.5,0.000,0.0,0,HAYIR,EVET
2026-08-16 19:57:50.084,-0.05,0.00,35,0.0,3.5,0.000,0.0,0,HAYIR,EVET
2026-08-16 19:57:50.104,-0.05,0.00,35,0.0,3.5,0.000,0.0,0,HAYIR,EVET
2026-08-16 19:57:50.125,-0.05,0.00,35,0.0,3.6,0.000,0.0,0,HAYIR,EVET
2026-08-16 19:57:50.144,-0.05,0.00,35,0.0,3.6,0.000,0.0,0,HAYIR,EVET
2026-08-16 19:57:50.164,-0.05,0.00,35,0.0,3.6,0.000,0.0,0,HAYIR,EVET
2026-08-16 19:57:50.184,-0.05,0.00,35,0.0,3.6,0.000,0.0,0,HAYIR,EVET
2026-08-16 19:57:50.204,-0.05,0.00,35,0.0,3.6,0.000,0.0,0,HAYIR,EVET
2026-08-16 19:57:50.224,-0.05,0.00,35,0.0,3.7,0.000,0.0,0,HAYIR,EVET
2026-08-16 19:57:50.244,-0.05,0.00,35,0.0,3.7,0.000,0.0,0,HAYIR,EVET
2026-08-16 19:57:50.264,-0.05,0.00,35,0.0,3.7,0.000,0.0,0,HAYIR,EVET
2026-08-16 19:57:50.284,-0.05,0.00,35,0.0,3.7,0.000,0.0,0,HAYIR,EVET
2026-08-16 19:57:50.304,-0.05,0.00,35,0.0,3.7,0.000,0.0,0,HAYIR,EVET
2026-08-16 19:57:50.324,-0.05,0.00,35,0.0,3.8,0.000,0.0,0,HAYIR,EVET
2026-08-16 19:57:50.344,-0.05,0.00,35,0.0,3.8,0.000,0.0,0,HAYIR,EVET
2026-08-16 19:57:50.364,-0.05,0.00,35,0.0,3.8,0.000,0.0,0,HAYIR,EVET
2026-08-16 19:57:50.384,-0.05,0.00,35,0.0,3.8,0.000,0.0,0,HAYIR,EVET
2026-08-16 19:57:50.404,-0.05,0.00,35,0.0,3.8,0.000,0.0,0,HAYIR,EVET
2026-08-16 19:57:50.424,-0.05,0.00,35,0.0,3.9,0.000,0.0,0,HAYIR,EVET
2026-08-16 19:57:50.445,-0.05,0.00,35,0.0,3.9,0.000,0.0,0,HAYIR,EVET
2026-08-16 19:57:50.465,-0.05,0.00,35,0.0,3.9,0.000,0.0,0,HAYIR,EVET
2026-08-16 19:57:50.484,-0.05,0.00,35,0.0,3.9,0.000,0.0,0,HAYIR,EVET
2026-08-16 19:57:50.504,-0.05,0.00,35,0.0,3.9,0.000,0.0,0,HAYIR,EVET
2026-08-16 19:57:50.524,-0.05,0.00,35,0.0,4.0,0.000,0.0,0,HAYIR,EVET
2026-08-16 19:57:50.544,-0.05,0.00,35,0.0,4.0,0.000,0.0,0,HAYIR,EVET
2026-08-16 19:57:50.564,-0.05,0.00,35,0.0,4.0,0.000,0.0,0,HAYIR,EVET
2026-08-16 19:57:50.584,-0.05,0.00,35,0.0,4.0,0.000,0.0,0,HAYIR,EVET
2026-08-16 19:57:50.604,-0.05,0.00,35,0.0,4.0,0.000,0.0,0,HAYIR,EVET
2026-08-16 19:57:50.624,-0.05,0.00,35,0.0,4.1,0.000,0.0,0,HAYIR,EVET
2026-08-16 19:57:50.645,-0.05,0.00,35,0.0,4.1,0.000,0.0,0,HAYIR,EVET
2026-08-16 19:57:50.665,-0.05,0.00,35,0.0,4.1,0.000,0.0,0,HAYIR,EVET
2026-08-16 19:57:50.684,-0.05,0.00,35,0.0,4.1,0.000,0.0,0,HAYIR,EVET
2026-08-16 19:57:50.704,-0.05,0.00,35,0.0,4.1,0.000,0.0,0,HAYIR,EVET
2026-08-16 19:57:50.724,-0.05,0.00,35,0.0,4.2,0.000,0.0,0,HAYIR,EVET
2026-08-16 19:57:50.744,-0.05,0.00,35,0.0,4.2,0.000,0.0,0,HAYIR,EVET
2026-08-16 19:57:50.765,-0.05,0.00,35,0.0,4.2,0.000,0.0,0,HAYIR,EVET
2026-08-16 19:57:50.784,-0.05,0.00,35,0.0,4.2,0.000,0.0,0,HAYIR,EVET
2026-08-16 19:57:50.804,-0.05,0.00,35,0.0,4.2,0.000,0.0,0,HAYIR,EVET
2026-08-16 19:57:50.824,-0.05,0.00,35,0.0,4.3,0.000,0.0,0,HAYIR,EVET
2026-08-16 19:57:50.845,-0.05,0.00,35,0.0,4.3,0.000,0.0,0,HAYIR,EVET
2026-08-16 19:57:50.865,-0.05,0.00,35,0.0,4.3,0.000,0.0,0,HAYIR,EVET
2026-08-16 19:57:50.884,-0.05,0.00,35,0.0,4.3,0.000,0.0,0,HAYIR,EVET
2026-08-16 19:57:50.904,-0.05,0.00,35,0.0,4.3,0.000,0.0,0,HAYIR,EVET
2026-08-16 19:57:50.924,-0.05,0.00,35,0.0,4.4,0.000,0.0,0,HAYIR,EVET
2026-08-16 19:57:50.944,-0.05,0.00,35,0.0,4.4,0.000,0.0,0,HAYIR,EVET
2026-08-16 19:57:50.964,-0.05,0.00,35,0.0,4.4,0.000,0.0,0,HAYIR,EVET
2026-08-16 19:57:50.984,-0.05,0.00,35,0.0,4.4,0.000,0.0,0,HAYIR,EVET
2026-08-16 19:57:51.004,-0.05,0.00,35,0.0,4.4,0.000,0.0,0,HAYIR,EVET
2026-08-16 19:57:51.024,-0.05,0.00,35,0.0,4.5,0.000,0.0,0,HAYIR,EVET
2026-08-16 19:57:51.045,-0.05,0.00,35,0.0,4.5,0.000,0.0,0,HAYIR,EVET
2026-08-16 19:57:51.065,-0.05,0.00,35,0.0,4.5,0.000,0.0,0,HAYIR,EVET
2026-08-16 19:57:51.084,-0.05,0.00,35,0.0,4.5,0.000,0.0,0,HAYIR,EVET
2026-08-16 19:57:51.104,-0.05,0.00,35,0.0,4.5,0.000,0.0,0,HAYIR,EVET
2026-08-16 19:57:51.124,-0.05,0.00,35,0.0,4.6,0.000,0.0,0,HAYIR,EVET
2026-08-16 19:57:51.145,-0.05,0.00,35,0.0,4.6,0.000,0.0,0,HAYIR,EVET
2026-08-16 19:57:51.165,-0.05,0.00,35,0.0,4.6,0.000,0.0,0,HAYIR,EVET
2026-08-16 19:57:51.184,-0.05,0.00,35,0.0,4.6,0.000,0.0,0,HAYIR,EVET
2026-08-16 19:57:51.205,-0.05,0.00,35,0.0,4.6,0.000,0.0,0,HAYIR,EVET
2026-08-16 19:57:51.224,-0.05,0.00,35,0.0,4.7,0.000,0.0,0,HAYIR,EVET
2026-08-16 19:57:51.245,-0.05,0.00,35,0.0,4.7,0.000,0.0,0,HAYIR,EVET
2026-08-16 19:57:51.265,-0.05,0.00,35,0.0,4.7,0.000,0.0,0,HAYIR,EVET
2026-08-16 19:57:51.284,-0.05,0.00,35,0.0,4.7,0.000,0.0,0,HAYIR,EVET
2026-08-16 19:57:51.305,-0.05,0.00,35,0.0,4.7,0.000,0.0,0,HAYIR,EVET
2026-08-16 19:57:51.324,-0.05,0.00,35,0.0,4.8,0.000,0.0,0,HAYIR,EVET
2026-08-16 19:57:51.344,-0.05,0.00,35,0.0,4.8,0.000,0.0,0,HAYIR,EVET
2026-08-16 19:57:51.364,-0.05,0.00,35,0.0,4.8,0.000,0.0,0,HAYIR,EVET
2026-08-16 19:57:51.384,-0.05,0.00,35,0.0,4.8,0.000,0.0,0,HAYIR,EVET
2026-08-16 19:57:51.404,-0.05,0.00,35,0.0,4.8,0.000,0.0,0,HAYIR,EVET
2026-08-16 19:57:51.424,-0.05,0.00,35,0.0,4.9,0.000,0.0,0,HAYIR,EVET
2026-08-16 19:57:51.445,-0.05,0.00,35,0.0,4.9,0.000,0.0,0,HAYIR,EVET
2026-08-16 19:57:51.464,-0.05,0.00,35,0.0,4.9,0.000,0.0,0,HAYIR,EVET
2026-08-16 19:57:51.484,-0.05,0.00,35,0.0,4.9,0.000,0.0,0,HAYIR,EVET
2026-08-16 19:57:51.504,-0.05,0.00,35,0.0,4.9,0.000,0.0,0,HAYIR,EVET
2026-08-16 19:57:51.524,-0.05,0.00,35,0.0,5.0,0.000,0.0,0,HAYIR,EVET
2026-08-16 19:57:51.544,-0.05,0.00,35,0.0,5.0,0.000,0.0,0,HAYIR,EVET
2026-08-16 19:57:51.564,-0.05,0.00,35,0.0,5.0,0.000,0.0,0,HAYIR,EVET
2026-08-16 19:57:51.584,-0.05,0.00,35,0.0,5.0,0.000,0.0,0,HAYIR,EVET
2026-08-16 19:57:51.604,-0.05,0.00,35,0.0,5.0,0.000,0.0,0,HAYIR,EVET
2026-08-16 19:57:51.624,-0.05,0.00,35,0.0,5.1,0.000,0.0,0,HAYIR,EVET
2026-08-16 19:57:51.644,-0.05,0.00,35,0.0,5.1,0.000,0.0,0,HAYIR,EVET
2026-08-16 19:57:51.664,-0.05,0.00,35,0.0,5.1,0.000,0.0,0,HAYIR,EVET
2026-08-16 19:57:51.684,-0.05,0.00,35,0.0,5.1,0.000,0.0,0,HAYIR,EVET
2026-08-16 19:57:51.704,-0.05,0.00,35,0.0,5.1,0.000,0.0,0,HAYIR,EVET
2026-08-16 19:57:51.724,-0.05,0.00,35,0.0,5.2,0.000,0.0,0,HAYIR,EVET
2026-08-16 19:57:51.744,-0.05,0.00,35,0.0,5.2,0.000,0.0,0,HAYIR,EVET
2026-08-16 19:57:51.764,-0.05,0.00,35,0.0,5.2,0.000,0.0,0,HAYIR,EVET
2026-08-16 19:57:51.784,-0.05,0.00,35,0.0,5.2,0.000,0.0,0,HAYIR,EVET
2026-08-16 19:57:51.804,-0.05,0.00,35,0.0,5.2,0.000,0.0,0,HAYIR,EVET
2026-08-16 19:57:51.824,-0.05,0.00,35,0.0,5.3,0.000,0.0,0,HAYIR,EVET
2026-08-16 19:57:51.844,-0.05,0.00,35,0.0,5.3,0.000,0.0,0,HAYIR,EVET
2026-08-16 19:57:51.864,-0.05,0.00,35,0.0,5.3,0.000,0.0,0,HAYIR,EVET
2026-08-16 19:57:51.884,-0.05,0.00,35,0.0,5.3,0.000,0.0,0,HAYIR,EVET
2026-08-16 19:57:51.904,-0.05,0.00,35,0.0,5.3,0.000,0.0,0,HAYIR,EVET
2026-08-16 19:57:51.924,-0.05,0.00,35,0.0,5.4,0.000,0.0,0,HAYIR,EVET
2026-08-16 19:57:51.944,-0.05,0.00,35,0.0,5.4,0.000,0.0,0,HAYIR,EVET
2026-08-16 19:57:51.964,-0.05,0.00,35,0.0,5.4,0.000,0.0,0,HAYIR,EVET
2026-08-16 19:57:51.984,-0.05,0.00,35,0.0,5.4,0.000,0.0,0,HAYIR,EVET
2026-08-16 19:57:52.004,-0.05,0.00,35,0.0,5.4,0.000,0.0,0,HAYIR,EVET
2026-08-16 19:57:52.024,-0.05,0.00,35,0.0,5.5,0.000,0.0,0,HAYIR,EVET
2026-08-16 19:57:52.045,-0.05,0.00,35,0.0,5.5,0.000,0.0,0,HAYIR,EVET
2026-08-16 19:57:52.065,-0.05,0.00,35,0.0,5.5,0.000,0.0,0,HAYIR,EVET
2026-08-16 19:57:52.084,-0.05,0.00,35,0.0,5.5,0.000,0.0,0,HAYIR,EVET
2026-08-16 19:57:52.105,-0.05,0.00,35,0.0,5.5,0.000,0.0,0,HAYIR,EVET
2026-08-16 19:57:52.124,-0.05,0.00,35,0.0,5.6,0.000,0.0,0,HAYIR,EVET
2026-08-16 19:57:52.144,-0.05,0.00,35,0.0,5.6,0.000,0.0,0,HAYIR,EVET
2026-08-16 19:57:52.165,-0.05,0.00,35,0.0,5.6,0.000,0.0,0,HAYIR,EVET
2026-08-16 19:57:52.184,-0.05,0.00,35,0.0,5.6,0.000,0.0,0,HAYIR,EVET
2026-08-16 19:57:52.204,-0.05,0.00,35,0.0,5.6,0.000,0.0,0,HAYIR,EVET
2026-08-16 19:57:52.224,-0.05,0.00,35,0.0,5.7,0.000,0.0,0,HAYIR,EVET
2026-08-16 19:57:52.244,-0.05,0.00,35,0.0,5.7,0.000,0.0,0,HAYIR,EVET
2026-08-16 19:57:52.265,-0.05,0.00,35,0.0,5.7,0.000,0.0,0,HAYIR,EVET
2026-08-16 19:57:52.284,-0.05,0.00,35,0.0,5.7,0.000,0.0,0,HAYIR,EVET
2026-08-16 19:57:52.304,-0.05,0.00,35,0.0,5.7,0.000,0.0,0,HAYIR,EVET
2026-08-16 19:57:52.324,-0.05,0.00,35,0.0,5.8,0.000,0.0,0,HAYIR,EVET
2026-08-16 19:57:52.344,-0.05,0.00,35,0.0,5.8,0.000,0.0,0,HAYIR,EVET
2026-08-16 19:57:52.365,-0.05,0.00,35,0.0,5.8,0.000,0.0,0,HAYIR,EVET
2026-08-16 19:57:52.384,-0.05,0.00,35,0.0,5.8,0.000,0.0,0,HAYIR,EVET
2026-08-16 19:57:52.404,-0.05,0.00,35,0.0,5.8,0.000,0.0,0,HAYIR,EVET
2026-08-16 19:57:52.424,-0.05,0.00,35,0.0,5.9,0.000,0.0,0,HAYIR,EVET
2026-08-16 19:57:52.444,-0.05,0.00,35,0.0,5.9,0.000,0.0,0,HAYIR,EVET
2026-08-16 19:57:52.465,-0.05,0.00,35,0.0,5.9,0.000,0.0,0,HAYIR,EVET
2026-08-16 19:57:52.484,-0.05,0.00,35,0.0,5.9,0.000,0.0,0,HAYIR,EVET
2026-08-16 19:57:52.504,-0.05,0.00,35,0.0,5.9,0.000,0.0,0,HAYIR,EVET
2026-08-16 19:57:52.524,-0.05,0.00,35,0.0,6.0,0.000,0.0,0,HAYIR,EVET
2026-08-16 19:57:52.544,-0.05,0.00,35,0.0,6.0,0.000,0.0,0,HAYIR,EVET
2026-08-16 19:57:52.564,-0.05,0.00,35,0.0,6.0,0.000,0.0,0,HAYIR,EVET
2026-08-16 19:57:52.584,-0.05,0.00,35,0.0,6.0,0.000,0.0,0,HAYIR,EVET
2026-08-16 19:57:52.604,-0.05,0.00,35,0.0,6.0,0.000,0.0,0,HAYIR,EVET
2026-08-16 19:57:52.624,-0.05,0.00,35,0.0,6.1,0.000,0.0,0,HAYIR,EVET
2026-08-16 19:57:52.644,-0.05,0.00,35,0.0,6.1,0.000,0.0,0,HAYIR,EVET
2026-08-16 19:57:52.664,-0.05,0.00,35,0.0,6.1,0.000,0.0,0,HAYIR,EVET
2026-08-16 19:57:52.684,-0.05,0.00,35,0.0,6.1,0.000,0.0,0,HAYIR,EVET
2026-08-16 19:57:52.704,-0.05,0.00,35,0.0,6.1,0.000,0.0,0,HAYIR,EVET
2026-08-16 19:57:52.724,-0.05,0.00,35,0.0,6.2,0.000,0.0,0,HAYIR,EVET
2026-08-16 19:57:52.744,-0.05,0.00,35,0.0,6.2,0.000,0.0,0,HAYIR,EVET
2026-08-16 19:57:52.764,-0.05,0.00,35,0.0,6.2,0.000,0.0,0,HAYIR,EVET
2026-08-16 19:57:52.784,-0.05,0.00,35,0.0,6.2,0.000,0.0,0,HAYIR,EVET
2026-08-16 19:57:52.804,-0.05,0.00,35,0.0,6.2,0.000,0.0,0,HAYIR,EVET
2026-08-16 19:57:52.824,-0.05,0.00,35,0.0,6.3,0.000,0.0,0,HAYIR,EVET
2026-08-16 19:57:52.844,-0.05,0.00,35,0.0,6.3,0.000,0.0,0,HAYIR,EVET
2026-08-16 19:57:52.864,-0.05,0.00,35,0.0,6.3,0.000,0.0,0,HAYIR,EVET
2026-08-16 19:57:52.884,-0.05,0.00,35,0.0,6.3,0.000,0.0,0,HAYIR,EVET
2026-08-16 19:57:52.904,-0.05,0.00,35,0.0,6.3,0.000,0.0,0,HAYIR,EVET
2026-08-16 19:57:52.924,-0.05,0.00,35,0.0,6.4,0.000,0.0,0,HAYIR,EVET
2026-08-16 19:57:52.944,-0.05,0.00,35,0.0,6.4,0.000,0.0,0,HAYIR,EVET
2026-08-16 19:57:52.964,-0.05,0.00,35,0.0,6.4,0.000,0.0,0,HAYIR,EVET
2026-08-16 19:57:52.984,-0.05,0.00,35,0.0,6.4,0.000,0.0,0,HAYIR,EVET
2026-08-16 19:57:53.004,-0.05,0.00,35,0.0,6.4,0.000,0.0,0,HAYIR,EVET
2026-08-16 19:57:53.024,-0.05,0.00,35,0.0,6.5,0.000,0.0,0,HAYIR,EVET
2026-08-16 19:57:53.044,-0.05,0.00,35,0.0,6.5,0.000,0.0,0,HAYIR,EVET
2026-08-16 19:57:53.065,-0.05,0.00,35,0.0,6.5,0.000,0.0,0,HAYIR,EVET
2026-08-16 19:57:53.084,-0.05,0.00,35,0.0,6.5,0.000,0.0,0,HAYIR,EVET
2026-08-16 19:57:53.104,-0.05,0.00,35,0.0,6.5,0.000,0.0,0,HAYIR,EVET
2026-08-16 19:57:53.124,-0.05,0.00,35,0.0,6.6,0.000,0.0,0,HAYIR,EVET
2026-08-16 19:57:53.144,-0.05,0.00,35,0.0,6.6,0.000,0.0,0,HAYIR,EVET
2026-08-16 19:57:53.164,-0.05,0.00,35,0.0,6.6,0.000,0.0,0,HAYIR,EVET
2026-08-16 19:57:53.184,-0.05,0.00,35,0.0,6.6,0.000,0.0,0,HAYIR,EVET
2026-08-16 19:57:53.204,-0.05,0.00,35,0.0,6.6,0.000,0.0,0,HAYIR,EVET
2026-08-16 19:57:53.224,-0.05,0.00,35,0.0,6.7,0.000,0.0,0,HAYIR,EVET
2026-08-16 19:57:53.244,-0.05,0.00,35,0.0,6.7,0.000,0.0,0,HAYIR,EVET
2026-08-16 19:57:53.264,-0.05,0.00,35,0.0,6.7,0.000,0.0,0,HAYIR,EVET
2026-08-16 19:57:53.284,-0.05,0.00,35,0.0,6.7,0.000,0.0,0,HAYIR,EVET
2026-08-16 19:57:53.304,-0.05,0.00,35,0.0,6.7,0.000,0.0,0,HAYIR,EVET
2026-08-16 19:57:53.324,-0.05,0.00,35,0.0,6.8,0.000,0.0,0,HAYIR,EVET
2026-08-16 19:57:53.344,-0.05,0.00,35,0.0,6.8,0.000,0.0,0,HAYIR,EVET
2026-08-16 19:57:53.364,-0.05,0.00,35,0.0,6.8,0.000,0.0,0,HAYIR,EVET
2026-08-16 19:57:53.384,-0.05,0.00,35,0.0,6.8,0.000,0.0,0,HAYIR,EVET
2026-08-16 19:57:53.404,-0.05,0.00,35,0.0,6.8,0.000,0.0,0,HAYIR,EVET
2026-08-16 19:57:53.424,-0.05,0.00,35,0.0,6.9,0.000,0.0,0,HAYIR,EVET
2026-08-16 19:57:53.444,-0.05,0.00,35,0.0,6.9,0.000,0.0,0,HAYIR,EVET
2026-08-16 19:57:53.464,-0.05,0.00,35,0.0,6.9,0.000,0.0,0,HAYIR,EVET
2026-08-16 19:57:53.484,-0.05,0.00,35,0.0,6.9,0.000,0.0,0,HAYIR,EVET
2026-08-16 19:57:53.504,-0.05,0.00,35,0.0,6.9,0.000,0.0,0,HAYIR,EVET
2026-08-16 19:57:53.524,-0.05,0.00,35,0.0,7.0,0.000,0.0,0,HAYIR,EVET
2026-08-16 19:57:53.544,-0.05,0.00,35,0.0,7.0,0.000,0.0,0,HAYIR,EVET
2026-08-16 19:57:53.564,-0.05,0.00,35,0.0,7.0,0.000,0.0,0,HAYIR,EVET
2026-08-16 19:57:53.584,-0.05,0.00,35,0.0,7.0,0.000,0.0,0,HAYIR,EVET
2026-08-16 19:57:53.604,-0.05,0.00,35,0.0,7.0,0.000,0.0,0,HAYIR,EVET
2026-08-16 19:57:53.624,-0.05,0.00,35,0.0,7.1,0.000,0.0,0,HAYIR,EVET
2026-08-16 19:57:53.644,-0.05,0.00,35,0.0,7.1,0.000,0.0,0,HAYIR,EVET
2026-08-16 19:57:53.665,-0.05,0.00,35,0.0,7.1,0.000,0.0,0,HAYIR,EVET
2026-08-16 19:57:53.684,-0.05,0.00,35,0.0,7.1,0.000,0.0,0,HAYIR,EVET
2026-08-16 19:57:53.704,-0.05,0.00,35,0.0,7.1,0.000,0.0,0,HAYIR,EVET
2026-08-16 19:57:53.724,-0.05,0.00,35,0.0,7.2,0.000,0.0,0,HAYIR,EVET
2026-08-16 19:57:53.744,-0.05,0.00,35,0.0,7.2,0.000,0.0,0,HAYIR,EVET
2026-08-16 19:57:53.764,-0.05,0.00,35,0.0,7.2,0.000,0.0,0,HAYIR,EVET
2026-08-16 19:57:53.784,-0.05,0.00,35,0.0,7.2,0.000,0.0,0,HAYIR,EVET
2026-08-16 19:57:53.804,-0.05,0.00,35,0.0,7.2,0.000,0.0,0,HAYIR,EVET
2026-08-16 19:57:53.824,-0.05,0.00,35,0.0,7.3,0.000,0.0,0,HAYIR,EVET
2026-08-16 19:57:53.844,-0.05,0.00,35,0.0,7.3,0.000,0.0,0,HAYIR,EVET
2026-08-16 19:57:53.864,-0.05,0.00,35,0.0,7.3,0.000,0.0,0,HAYIR,EVET
2026-08-16 19:57:53.884,-0.05,0.00,35,0.0,7.3,0.000,0.0,0,HAYIR,EVET
2026-08-16 19:57:53.904,-0.05,0.00,35,0.0,7.3,0.000,0.0,0,HAYIR,EVET
2026-08-16 19:57:53.924,-0.05,0.00,35,0.0,7.4,0.000,0.0,0,HAYIR,EVET
2026-08-16 19:57:53.944,-0.05,0.00,35,0.0,7.4,0.000,0.0,0,HAYIR,EVET
2026-08-16 19:57:53.964,-0.05,0.00,35,0.0,7.4,0.000,0.0,0,HAYIR,EVET
2026-08-16 19:57:53.984,-0.05,0.00,35,0.0,7.4,0.000,0.0,0,HAYIR,EVET
2026-08-16 19:57:54.004,-0.05,0.00,35,0.0,7.4,0.000,0.0,0,HAYIR,EVET
2026-08-16 19:57:54.024,-0.05,0.00,35,0.0,7.5,0.000,0.0,0,HAYIR,EVET
2026-08-16 19:57:54.044,-0.05,0.00,35,0.0,7.5,0.000,0.0,0,HAYIR,EVET
2026-08-16 19:57:54.065,-0.05,0.00,35,0.0,7.5,0.000,0.0,0,HAYIR,EVET
2026-08-16 19:57:54.084,-0.05,0.00,35,0.0,7.5,0.000,0.0,0,HAYIR,EVET
2026-08-16 19:57:54.104,-0.05,0.00,35,0.0,7.5,0.000,0.0,0,HAYIR,EVET
2026-08-16 19:57:54.124,-0.05,0.00,35,0.0,7.6,0.000,0.0,0,HAYIR,EVET
2026-08-16 19:57:54.144,-0.05,0.00,35,0.0,7.6,0.000,0.0,0,HAYIR,EVET
2026-08-16 19:57:54.164,-0.05,0.00,35,0.0,7.6,0.000,0.0,0,HAYIR,EVET
2026-08-16 19:57:54.184,-0.05,0.00,35,0.0,7.6,0.000,0.0,0,HAYIR,EVET
2026-08-16 19:57:54.204,-0.05,0.00,35,0.0,7.6,0.000,0.0,0,HAYIR,EVET
2026-08-16 19:57:54.224,-0.05,0.00,35,0.0,7.7,0.000,0.0,0,HAYIR,EVET
2026-08-16 19:57:54.244,-0.05,0.00,35,0.0,7.7,0.000,0.0,0,HAYIR,EVET
2026-08-16 19:57:54.264,-0.05,0.00,35,0.0,7.7,0.000,0.0,0,HAYIR,EVET
2026-08-16 19:57:54.284,-0.05,0.00,35,0.0,7.7,0.000,0.0,0,HAYIR,EVET
2026-08-16 19:57:54.304,-0.05,0.00,35,0.0,7.7,0.000,0.0,0,HAYIR,EVET
2026-08-16 19:57:54.324,-0.05,0.00,35,0.0,7.8,0.000,0.0,0,HAYIR,EVET
2026-08-16 19:57:54.344,-0.05,0.00,35,0.0,7.8,0.000,0.0,0,HAYIR,EVET
2026-08-16 19:57:54.364,-0.05,0.00,35,0.0,7.8,0.000,0.0,0,HAYIR,EVET
2026-08-16 19:57:54.384,-0.05,0.00,35,0.0,7.8,0.000,0.0,0,HAYIR,EVET
2026-08-16 19:57:54.404,-0.05,0.00,35,0.0,7.8,0.000,0.0,0,HAYIR,EVET
2026-08-16 19:57:54.424,-0.05,0.00,35,0.0,7.9,0.000,0.0,0,HAYIR,EVET
2026-08-16 19:57:54.444,-0.05,0.00,35,0.0,7.9,0.000,0.0,0,HAYIR,EVET
2026-08-16 19:57:54.464,-0.05,0.00,35,0.0,7.9,0.000,0.0,0,HAYIR,EVET
2026-08-16 19:57:54.484,-0.05,0.00,35,0.0,7.9,0.000,0.0,0,HAYIR,EVET
2026-08-16 19:57:54.504,-0.05,0.00,35,0.0,7.9,0.000,0.0,0,HAYIR,EVET
2026-08-16 19:57:54.524,-0.05,0.00,35,0.0,8.0,0.000,0.0,0,HAYIR,EVET
2026-08-16 19:57:54.544,-0.05,0.00,35,0.0,8.0,0.000,0.0,0,HAYIR,EVET
2026-08-16 19:57:54.564,-0.05,0.00,35,0.0,8.0,0.000,0.0,0,HAYIR,EVET
2026-08-16 19:57:54.584,-0.05,0.00,35,0.0,8.0,0.000,0.0,0,HAYIR,EVET
2026-08-16 19:57:54.604,-0.05,0.00,35,0.0,8.0,0.000,0.0,0,HAYIR,EVET
2026-08-16 19:57:54.624,-0.05,0.00,35,0.0,8.1,0.000,0.0,0,HAYIR,EVET
2026-08-16 19:57:54.644,-0.05,0.00,35,0.0,8.1,0.000,0.0,0,HAYIR,EVET
2026-08-16 19:57:54.664,-0.05,0.00,35,0.0,8.1,0.000,0.0,0,HAYIR,EVET
2026-08-16 19:57:54.684,-0.05,0.00,35,0.0,8.1,0.000,0.0,0,HAYIR,EVET
2026-08-16 19:57:54.704,-0.05,0.00,35,0.0,8.1,0.000,0.0,0,HAYIR,EVET
2026-08-16 19:57:54.724,-0.05,0.00,35,0.0,8.2,0.000,0.0,0,HAYIR,EVET
2026-08-16 19:57:54.744,-0.05,0.00,35,0.0,8.2,0.000,0.0,0,HAYIR,EVET
2026-08-16 19:57:54.764,-0.05,0.00,35,0.0,8.2,0.000,0.0,0,HAYIR,EVET
2026-08-16 19:57:54.784,-0.05,0.00,35,0.0,8.2,0.000,0.0,0,HAYIR,EVET
2026-08-16 19:57:54.804,-0.05,0.00,35,0.0,8.2,0.000,0.0,0,HAYIR,EVET
2026-08-16 19:57:54.824,-0.05,0.00,35,0.0,8.3,0.000,0.0,0,HAYIR,EVET
2026-08-16 19:57:54.845,-0.05,0.00,35,0.0,8.3,0.000,0.0,0,HAYIR,EVET
2026-08-16 19:57:54.865,-0.05,0.00,35,0.0,8.3,0.000,0.0,0,HAYIR,EVET
2026-08-16 19:57:54.884,-0.05,0.00,35,0.0,8.3,0.000,0.0,0,HAYIR,EVET
2026-08-16 19:57:54.904,-0.05,0.00,35,0.0,8.3,0.000,0.0,0,HAYIR,EVET
2026-08-16 19:57:54.924,-0.05,0.00,35,0.0,8.4,0.000,0.0,0,HAYIR,EVET
2026-08-16 19:57:54.944,-0.05,0.00,35,0.0,8.4,0.000,0.0,0,HAYIR,EVET
2026-08-16 19:57:54.964,-0.05,0.00,35,0.0,8.4,0.000,0.0,0,HAYIR,EVET
2026-08-16 19:57:54.984,-0.05,0.00,35,0.0,8.4,0.000,0.0,0,HAYIR,EVET
2026-08-16 19:57:55.004,-0.05,0.00,35,0.0,8.4,0.000,0.0,0,HAYIR,EVET
2026-08-16 19:57:55.025,-0.05,0.00,35,0.0,8.5,0.000,0.0,0,HAYIR,EVET
2026-08-16 19:57:55.044,-0.05,0.00,35,0.0,8.5,0.000,0.0,0,HAYIR,EVET
2026-08-16 19:57:55.064,-0.05,0.00,35,0.0,8.5,0.000,0.0,0,HAYIR,EVET
2026-08-16 19:57:55.084,-0.05,0.00,35,0.0,8.5,0.000,0.0,0,HAYIR,EVET
2026-08-16 19:57:55.104,-0.05,0.00,35,0.0,8.5,0.000,0.0,0,HAYIR,EVET
2026-08-16 19:57:55.124,-0.05,0.00,35,0.0,8.6,0.000,0.0,0,HAYIR,EVET
2026-08-16 19:57:55.144,-0.05,0.00,35,0.0,8.6,0.000,0.0,0,HAYIR,EVET
2026-08-16 19:57:55.165,-0.05,0.00,35,0.0,8.6,0.000,0.0,0,HAYIR,EVET
2026-08-16 19:57:55.184,-0.05,0.00,35,0.0,8.6,0.000,0.0,0,HAYIR,EVET
2026-08-16 19:57:55.204,-0.05,0.00,35,0.0,8.6,0.000,0.0,0,HAYIR,EVET
2026-08-16 19:57:55.224,-0.05,0.00,35,0.0,8.7,0.000,0.0,0,HAYIR,EVET
2026-08-16 19:57:55.244,-0.05,0.00,35,0.0,8.7,0.000,0.0,0,HAYIR,EVET
2026-08-16 19:57:55.264,-0.05,0.00,35,0.0,8.7,0.000,0.0,0,HAYIR,EVET
2026-08-16 19:57:55.284,-0.05,0.00,35,0.0,8.7,0.000,0.0,0,HAYIR,EVET
2026-08-16 19:57:55.304,-0.05,0.00,35,0.0,8.7,0.000,0.0,0,HAYIR,EVET
2026-08-16 19:57:55.324,-0.05,0.00,35,0.0,8.8,0.000,0.0,0,HAYIR,EVET
2026-08-16 19:57:55.344,-0.05,0.00,35,0.0,8.8,0.000,0.0,0,HAYIR,EVET
2026-08-16 19:57:55.364,-0.05,0.00,35,0.0,8.8,0.000,0.0,0,HAYIR,EVET
2026-08-16 19:57:55.384,-0.05,0.00,35,0.0,8.8,0.000,0.0,0,HAYIR,EVET
2026-08-16 19:57:55.404,-0.05,0.00,35,0.0,8.8,0.000,0.0,0,HAYIR,EVET
2026-08-16 19:57:55.424,-0.05,0.00,35,0.0,8.9,0.000,0.0,0,HAYIR,EVET
2026-08-16 19:57:55.444,-0.05,0.00,35,0.0,8.9,0.000,0.0,0,HAYIR,EVET
2026-08-16 19:57:55.465,-0.05,0.00,35,0.0,8.9,0.000,0.0,0,HAYIR,EVET
2026-08-16 19:57:55.484,-0.05,0.00,35,0.0,8.9,0.000,0.0,0,HAYIR,EVET
2026-08-16 19:57:55.504,-0.05,0.00,35,0.0,8.9,0.000,0.0,0,HAYIR,EVET
2026-08-16 19:57:55.524,-0.05,0.00,35,0.0,9.0,0.000,0.0,0,HAYIR,EVET
2026-08-16 19:57:55.544,-0.05,0.00,35,0.0,9.0,0.000,0.0,0,HAYIR,EVET
2026-08-16 19:57:55.565,-0.05,0.00,35,0.0,9.0,0.000,0.0,0,HAYIR,EVET
2026-08-16 19:57:55.584,-0.05,0.00,35,0.0,9.0,0.000,0.0,0,HAYIR,EVET
2026-08-16 19:57:55.604,-0.05,0.00,35,0.0,9.0,0.000,0.0,0,HAYIR,EVET
2026-08-16 19:57:55.624,-0.05,0.00,35,0.0,9.1,0.000,0.0,0,HAYIR,EVET
2026-08-16 19:57:55.645,-0.05,0.00,35,0.0,9.1,0.000,0.0,0,HAYIR,EVET
2026-08-16 19:57:55.665,-0.05,0.00,35,0.0,9.1,0.000,0.0,0,HAYIR,EVET
2026-08-16 19:57:55.684,-0.05,0.00,35,0.0,9.1,0.000,0.0,0,HAYIR,EVET
2026-08-16 19:57:55.705,-0.05,0.00,35,0.0,9.1,0.000,0.0,0,HAYIR,EVET
2026-08-16 19:57:55.725,-0.05,0.00,35,0.0,9.2,0.000,0.0,0,HAYIR,EVET
2026-08-16 19:57:55.744,-0.05,0.00,35,0.0,9.2,0.000,0.0,0,HAYIR,EVET
2026-08-16 19:57:55.765,-0.05,0.00,35,0.0,9.2,0.000,0.0,0,HAYIR,EVET
2026-08-16 19:57:55.784,-0.05,0.00,35,0.0,9.2,0.000,0.0,0,HAYIR,EVET
2026-08-16 19:57:55.804,-0.05,0.00,35,0.0,9.2,0.000,0.0,0,HAYIR,EVET
2026-08-16 19:57:55.824,-0.05,0.00,35,0.0,9.3,0.000,0.0,0,HAYIR,EVET
2026-08-16 19:57:55.844,-0.05,0.00,35,0.0,9.3,0.000,0.0,0,HAYIR,EVET
2026-08-16 19:57:55.865,-0.05,0.00,35,0.0,9.3,0.000,0.0,0,HAYIR,EVET
2026-08-16 19:57:55.884,-0.05,0.00,35,0.0,9.3,0.000,0.0,0,HAYIR,EVET
2026-08-16 19:57:55.904,-0.05,0.00,35,0.0,9.3,0.000,0.0,0,HAYIR,EVET
2026-08-16 19:57:55.924,-0.05,0.00,35,0.0,9.4,0.000,0.0,0,HAYIR,EVET
2026-08-16 19:57:55.945,-0.05,0.00,35,0.0,9.4,0.000,0.0,0,HAYIR,EVET
2026-08-16 19:57:55.965,-0.05,0.00,35,0.0,9.4,0.000,0.0,0,HAYIR,EVET
2026-08-16 19:57:55.984,-0.05,0.00,35,0.0,9.4,0.000,0.0,0,HAYIR,EVET
2026-08-16 19:57:56.004,-0.05,0.00,35,0.0,9.4,0.000,0.0,0,HAYIR,EVET
2026-08-16 19:57:56.024,-0.05,0.00,35,0.0,9.5,0.000,0.0,0,HAYIR,EVET
2026-08-16 19:57:56.044,-0.05,0.00,35,0.0,9.5,0.000,0.0,0,HAYIR,EVET
2026-08-16 19:57:56.065,-0.05,0.00,35,0.0,9.5,0.000,0.0,0,HAYIR,EVET
2026-08-16 19:57:56.084,-0.05,0.00,35,0.0,9.5,0.000,0.0,0,HAYIR,EVET
2026-08-16 19:57:56.104,-0.05,0.00,35,0.0,9.5,0.000,0.0,0,HAYIR,EVET
2026-08-16 19:57:56.124,-0.05,0.00,35,0.0,9.6,0.000,0.0,0,HAYIR,EVET
2026-08-16 19:57:56.144,-0.05,0.00,35,0.0,9.6,0.000,0.0,0,HAYIR,EVET
2026-08-16 19:57:56.164,-0.05,0.00,35,0.0,9.6,0.000,0.0,0,HAYIR,EVET
2026-08-16 19:57:56.184,-0.05,0.00,35,0.0,9.6,0.000,0.0,0,HAYIR,EVET
2026-08-16 19:57:56.204,-0.05,0.00,35,0.0,9.6,0.000,0.0,0,HAYIR,EVET
2026-08-16 19:57:56.224,-0.05,0.00,35,0.0,9.7,0.000,0.0,0,HAYIR,EVET
2026-08-16 19:57:56.245,-0.05,0.00,35,0.0,9.7,0.000,0.0,0,HAYIR,EVET
2026-08-16 19:57:56.265,-0.05,0.00,35,0.0,9.7,0.000,0.0,0,HAYIR,EVET
2026-08-16 19:57:56.284,-0.05,0.00,35,0.0,9.7,0.000,0.0,0,HAYIR,EVET
2026-08-16 19:57:56.304,-0.05,0.00,35,0.0,9.7,0.000,0.0,0,HAYIR,EVET
2026-08-16 19:57:56.324,-0.05,0.00,35,0.0,9.8,0.000,0.0,0,HAYIR,EVET
2026-08-16 19:57:56.344,-0.05,0.00,35,0.0,9.8,0.000,0.0,0,HAYIR,EVET
2026-08-16 19:57:56.365,-0.05,0.00,35,0.0,9.8,0.000,0.0,0,HAYIR,EVET
2026-08-16 19:57:56.384,-0.05,0.00,35,0.0,9.8,0.000,0.0,0,HAYIR,EVET
2026-08-16 19:57:56.404,-0.05,0.00,35,0.0,9.8,0.000,0.0,0,HAYIR,EVET
2026-08-16 19:57:56.424,-0.05,0.00,35,0.0,9.9,0.000,0.0,0,HAYIR,EVET
2026-08-16 19:57:56.444,-0.05,0.00,35,0.0,9.9,0.000,0.0,0,HAYIR,EVET
2026-08-16 19:57:56.465,-0.05,0.00,35,0.0,9.9,0.000,0.0,0,HAYIR,EVET
2026-08-16 19:57:56.484,-0.05,0.00,35,0.0,9.9,0.000,0.0,0,HAYIR,EVET
2026-08-16 19:57:56.504,-0.05,0.00,35,0.0,9.9,0.000,0.0,0,HAYIR,EVET
2026-08-16 19:57:56.524,-0.05,0.00,35,0.0,10.0,0.000,0.0,0,HAYIR,EVET
2026-08-16 19:57:56.544,-0.05,0.00,35,0.0,10.0,0.000,0.0,0,HAYIR,EVET
2026-08-16 19:57:56.564,-0.05,0.00,35,0.0,10.0,0.000,0.0,0,HAYIR,EVET
2026-08-16 19:57:56.584,0.00,0.00,0,0.0,0.0,0.000,0.0,0,HAYIR,EVET
2026-08-16 19:57:56.604,0.00,0.00,0,0.0,0.0,0.000,0.0,0,HAYIR,EVET
2026-08-16 19:57:56.624,0.00,0.00,0,0.0,0.0,0.000,0.0,0,HAYIR,EVET
2026-08-16 19:57:56.644,0.00,0.00,0,0.0,0.0,0.000,0.0,0,HAYIR,EVET
2026-08-16 19:57:56.665,0.00,0.00,0,0.0,0.0,0.000,0.0,0,HAYIR,EVET
2026-08-16 19:57:56.684,0.00,0.00,0,0.0,0.0,0.000,0.0,0,HAYIR,EVET
2026-08-16 19:57:56.704,0.00,0.00,0,0.0,0.0,0.000,0.0,0,HAYIR,EVET
2026-08-16 19:57:56.724,0.00,0.00,0,0.0,0.0,0.000,0.0,0,HAYIR,EVET
2026-08-16 19:57:56.744,0.00,0.00,0,0.0,0.0,0.000,0.0,0,HAYIR,EVET
2026-08-16 19:57:56.765,0.00,0.00,0,0.0,0.0,0.000,0.0,0,HAYIR,EVET
2026-08-16 19:57:56.784,0.00,0.00,0,0.0,0.0,0.000,0.0,0,HAYIR,EVET
2026-08-16 19:57:56.804,0.00,0.00,0,0.0,0.0,0.000,0.0,0,HAYIR,EVET
2026-08-16 19:57:56.824,0.00,0.00,0,0.0,0.0,0.000,0.0,0,HAYIR,EVET
2026-08-16 19:57:56.845,0.00,0.00,0,0.0,0.0,0.000,0.0,0,HAYIR,EVET
2026-08-16 19:57:56.865,0.00,0.00,0,0.0,0.0,0.000,0.0,0,HAYIR,EVET
2026-08-16 19:57:56.884,0.00,0.00,0,0.0,0.0,0.000,0.0,0,HAYIR,EVET
2026-08-16 19:57:56.904,0.00,0.00,0,0.0,0.0,0.000,0.0,0,HAYIR,EVET
2026-08-16 19:57:56.924,0.00,0.00,0,0.0,0.0,0.000,0.0,0,HAYIR,EVET
2026-08-16 19:57:56.944,0.00,0.00,0,0.0,0.0,0.000,0.0,0,HAYIR,EVET
2026-08-16 19:57:56.965,0.00,0.00,0,0.0,0.0,0.000,0.0,0,HAYIR,EVET
2026-08-16 19:57:56.984,0.00,0.00,0,0.0,0.0,0.000,0.0,0,HAYIR,EVET
2026-08-16 19:57:57.004,0.00,0.00,0,0.0,0.0,0.000,0.0,0,HAYIR,EVET
2026-08-16 19:57:57.024,0.00,0.00,0,0.0,0.0,0.000,0.0,0,HAYIR,EVET
2026-08-16 19:57:57.045,0.00,0.00,0,0.0,0.0,0.000,0.0,0,HAYIR,EVET
2026-08-16 19:57:57.065,0.00,0.00,0,0.0,0.0,0.000,0.0,0,HAYIR,EVET
2026-08-16 19:57:57.084,0.00,0.00,0,0.0,0.0,0.000,0.0,0,HAYIR,EVET
2026-08-16 19:57:57.104,0.00,0.00,0,0.0,0.0,0.000,0.0,0,HAYIR,EVET
2026-08-16 19:57:57.124,0.00,0.00,0,0.0,0.0,0.000,0.0,0,HAYIR,EVET
2026-08-16 19:57:57.144,0.00,0.00,0,0.0,0.0,0.000,0.0,0,HAYIR,EVET
2026-08-16 19:57:57.164,0.00,0.00,0,0.0,0.0,0.000,0.0,0,HAYIR,EVET
2026-08-16 19:57:57.184,0.00,0.00,0,0.0,0.0,0.000,0.0,0,HAYIR,EVET
2026-08-16 19:57:57.204,0.00,0.00,0,0.0,0.0,0.000,0.0,0,HAYIR,EVET
2026-08-16 19:57:57.224,0.00,0.00,0,0.0,0.0,0.000,0.0,0,HAYIR,EVET
2026-08-16 19:57:57.245,0.00,0.00,0,0.0,0.0,0.000,0.0,0,HAYIR,EVET
2026-08-16 19:57:57.265,0.00,0.00,0,0.0,0.0,0.000,0.0,0,HAYIR,EVET
2026-08-16 19:57:57.285,0.00,0.00,0,0.0,0.0,0.000,0.0,0,HAYIR,EVET
2026-08-16 19:57:57.305,0.00,0.00,0,0.0,0.0,0.000,0.0,0,HAYIR,EVET
2026-08-16 19:57:57.325,0.00,0.00,0,0.0,0.0,0.000,0.0,0,HAYIR,EVET
2026-08-16 19:57:57.344,0.00,0.00,0,0.0,0.0,0.000,0.0,0,HAYIR,EVET
2026-08-16 19:57:57.365,0.00,0.00,0,0.0,0.0,0.000,0.0,0,HAYIR,EVET
2026-08-16 19:57:57.385,0.00,0.00,0,0.0,0.0,0.000,0.0,0,HAYIR,EVET
2026-08-16 19:57:57.404,0.00,0.00,0,0.0,0.0,0.000,0.0,0,HAYIR,EVET
2026-08-16 19:57:57.424,0.00,0.00,0,0.0,0.0,0.000,0.0,0,HAYIR,EVET
2026-08-16 19:57:57.444,0.00,0.00,0,0.0,0.0,0.000,0.0,0,HAYIR,EVET
2026-08-16 19:57:57.464,0.00,0.00,0,0.0,0.0,0.000,0.0,0,HAYIR,EVET
2026-08-16 19:57:57.484,0.00,0.00,0,0.0,0.0,0.000,0.0,0,HAYIR,EVET
2026-08-16 19:57:57.504,0.00,0.00,0,0.0,0.0,0.000,0.0,0,HAYIR,EVET
2026-08-16 19:57:57.524,0.00,0.00,0,0.0,0.0,0.000,0.0,0,HAYIR,EVET
2026-08-16 19:57:57.545,0.00,0.00,0,0.0,0.0,0.000,0.0,0,HAYIR,EVET
2026-08-16 19:57:57.565,0.00,0.00,0,0.0,0.0,0.000,0.0,0,HAYIR,EVET
2026-08-16 19:57:57.584,0.00,0.00,0,0.0,0.0,0.000,0.0,0,HAYIR,EVET
2026-08-16 19:57:57.604,0.00,0.00,0,0.0,0.0,0.000,0.0,0,HAYIR,EVET
2026-08-16 19:57:57.624,0.00,0.00,0,0.0,0.0,0.000,0.0,0,HAYIR,EVET
2026-08-16 19:57:57.644,0.00,0.00,0,0.0,0.0,0.000,0.0,0,HAYIR,EVET
2026-08-16 19:57:57.665,0.00,0.00,0,0.0,0.0,0.000,0.0,0,HAYIR,EVET
2026-08-16 19:57:57.684,0.00,0.00,0,0.0,0.0,0.000,0.0,0,HAYIR,EVET
2026-08-16 19:57:57.704,0.00,0.00,0,0.0,0.0,0.000,0.0,0,HAYIR,EVET
2026-08-16 19:57:57.724,0.00,0.00,0,0.0,0.0,0.000,0.0,0,HAYIR,EVET
2026-08-16 19:57:57.744,0.00,0.00,0,0.0,0.0,0.000,0.0,0,HAYIR,EVET
2026-08-16 19:57:57.764,0.00,0.00,0,0.0,0.0,0.000,0.0,0,HAYIR,EVET
2026-08-16 19:57:57.784,0.00,0.00,0,0.0,0.0,0.000,0.0,0,HAYIR,EVET
2026-08-16 19:57:57.804,0.00,0.00,0,0.0,0.0,0.000,0.0,0,HAYIR,EVET
2026-08-16 19:57:57.824,0.00,0.00,0,0.0,0.0,0.000,0.0,0,HAYIR,EVET
2026-08-16 19:57:57.845,0.00,0.00,0,0.0,0.0,0.000,0.0,0,HAYIR,EVET
2026-08-16 19:57:57.865,0.00,0.00,0,0.0,0.0,0.000,0.0,0,HAYIR,EVET
2026-08-16 19:57:57.884,0.00,0.00,0,0.0,0.0,0.000,0.0,0,HAYIR,EVET
2026-08-16 19:57:57.904,0.00,0.00,0,0.0,0.0,0.000,0.0,0,HAYIR,EVET
2026-08-16 19:57:57.924,0.00,0.00,0,0.0,0.0,0.000,0.0,0,HAYIR,EVET
2026-08-16 19:57:57.944,0.00,0.00,0,0.0,0.0,0.000,0.0,0,HAYIR,EVET
2026-08-16 19:57:57.964,0.00,0.00,0,0.0,0.0,0.000,0.0,0,HAYIR,EVET
2026-08-16 19:57:57.984,0.00,0.00,0,0.0,0.0,0.000,0.0,0,HAYIR,EVET
2026-08-16 19:57:58.004,0.00,0.00,0,0.0,0.0,0.000,0.0,0,HAYIR,EVET
2026-08-16 19:57:58.024,0.00,0.00,0,0.0,0.0,0.000,0.0,0,HAYIR,EVET
2026-08-16 19:57:58.045,0.00,0.00,0,0.0,0.0,0.000,0.0,0,HAYIR,EVET
2026-08-16 19:57:58.064,0.00,0.00,0,0.0,0.0,0.000,0.0,0,HAYIR,EVET
2026-08-16 19:57:58.084,0.00,0.00,0,0.0,0.0,0.000,0.0,0,HAYIR,EVET
2026-08-16 19:57:58.104,0.00,0.00,0,0.0,0.0,0.000,0.0,0,HAYIR,EVET
2026-08-16 19:57:58.125,0.00,0.00,0,0.0,0.0,0.000,0.0,0,HAYIR,EVET
2026-08-16 19:57:58.144,0.00,0.00,0,0.0,0.0,0.000,0.0,0,HAYIR,EVET
2026-08-16 19:57:58.165,0.00,0.00,0,0.0,0.0,0.000,0.0,0,HAYIR,EVET
2026-08-16 19:57:58.184,0.00,0.00,0,0.0,0.0,0.000,0.0,0,HAYIR,EVET
2026-08-16 19:57:58.204,0.00,0.00,0,0.0,0.0,0.000,0.0,0,HAYIR,EVET
2026-08-16 19:57:58.224,0.00,0.00,0,0.0,0.0,0.000,0.0,0,HAYIR,EVET
2026-08-16 19:57:58.244,0.00,0.00,0,0.0,0.0,0.000,0.0,0,HAYIR,EVET
2026-08-16 19:57:58.264,0.00,0.00,0,0.0,0.0,0.000,0.0,0,HAYIR,EVET
2026-08-16 19:57:58.284,0.00,0.00,0,0.0,0.0,0.000,0.0,0,HAYIR,EVET
2026-08-16 19:57:58.304,0.00,0.00,0,0.0,0.0,0.000,0.0,0,HAYIR,EVET
2026-08-16 19:57:58.324,0.00,0.00,0,0.0,0.0,0.000,0.0,0,HAYIR,EVET
2026-08-16 19:57:58.344,0.00,0.00,0,0.0,0.0,0.000,0.0,0,HAYIR,EVET
2026-08-16 19:57:58.364,0.00,0.00,0,0.0,0.0,0.000,0.0,0,HAYIR,EVET
2026-08-16 19:57:58.384,0.00,0.00,0,0.0,0.0,0.000,0.0,0,HAYIR,EVET
2026-08-16 19:57:58.404,0.00,0.00,0,0.0,0.0,0.000,0.0,0,HAYIR,EVET
2026-08-16 19:57:58.424,0.00,0.00,0,0.0,0.0,0.000,0.0,0,HAYIR,EVET
2026-08-16 19:57:58.445,0.00,0.00,0,0.0,0.0,0.000,0.0,0,HAYIR,EVET
2026-08-16 19:57:58.465,0.00,0.00,0,0.0,0.0,0.000,0.0,0,HAYIR,EVET
2026-08-16 19:57:58.484,0.00,0.00,0,0.0,0.0,0.000,0.0,0,HAYIR,EVET
2026-08-16 19:57:58.504,0.00,0.00,0,0.0,0.0,0.000,0.0,0,HAYIR,EVET
2026-08-16 19:57:58.524,0.00,0.00,0,0.0,0.0,0.000,0.0,0,HAYIR,EVET
2026-08-16 19:57:58.544,0.00,0.00,0,0.0,0.0,0.000,0.0,0,HAYIR,EVET
2026-08-16 19:57:58.565,0.00,0.00,0,0.0,0.0,0.000,0.0,0,HAYIR,EVET
2026-08-16 19:57:58.584,0.00,0.00,0,0.0,0.0,0.000,0.0,0,HAYIR,EVET
2026-08-16 19:57:58.604,0.00,0.00,0,0.0,0.0,0.000,0.0,0,HAYIR,EVET
2026-08-16 19:57:58.624,0.00,0.00,0,0.0,0.0,0.000,0.0,0,HAYIR,EVET
2026-08-16 19:57:58.645,0.00,0.00,0,0.0,0.0,0.000,0.0,0,HAYIR,EVET
2026-08-16 19:57:58.665,0.00,0.00,0,0.0,0.0,0.000,0.0,0,HAYIR,EVET
2026-08-16 19:57:58.684,0.00,0.00,0,0.0,0.0,0.000,0.0,0,HAYIR,EVET
2026-08-16 19:57:58.704,0.00,0.00,0,0.0,0.0,0.000,0.0,0,HAYIR,EVET
2026-08-16 19:57:58.724,0.00,0.00,0,0.0,0.0,0.000,0.0,0,HAYIR,EVET
2026-08-16 19:57:58.744,0.00,0.00,0,0.0,0.0,0.000,0.0,0,HAYIR,EVET
2026-08-16 19:57:58.765,0.00,0.00,0,0.0,0.0,0.000,0.0,0,HAYIR,EVET
2026-08-16 19:57:58.784,0.00,0.00,0,0.0,0.0,0.000,0.0,0,HAYIR,EVET
2026-08-16 19:57:58.804,0.00,0.00,0,0.0,0.0,0.000,0.0,0,HAYIR,EVET
2026-08-16 19:57:58.824,0.00,0.00,0,0.0,0.0,0.000,0.0,0,HAYIR,EVET
2026-08-16 19:57:58.844,0.00,0.00,0,0.0,0.0,0.000,0.0,0,HAYIR,EVET
2026-08-16 19:57:58.865,0.00,0.00,0,0.0,0.0,0.000,0.0,0,HAYIR,EVET
2026-08-16 19:57:58.884,0.00,0.00,0,0.0,0.0,0.000,0.0,0,HAYIR,EVET
2026-08-16 19:57:58.904,0.00,0.00,0,0.0,0.0,0.000,0.0,0,HAYIR,EVET
2026-08-16 19:57:58.925,0.00,0.00,0,0.0,0.0,0.000,0.0,0,HAYIR,EVET
2026-08-16 19:57:58.944,0.00,0.00,0,0.0,0.0,0.000,0.0,0,HAYIR,EVET
2026-08-16 19:57:58.964,0.00,0.00,0,0.0,0.0,0.000,0.0,0,HAYIR,EVET
2026-08-16 19:57:58.984,0.00,0.00,0,0.0,0.0,0.000,0.0,0,HAYIR,EVET
2026-08-16 19:57:59.004,0.00,0.00,0,0.0,0.0,0.000,0.0,0,HAYIR,EVET
2026-08-16 19:57:59.024,0.00,0.00,0,0.0,0.0,0.000,0.0,0,HAYIR,EVET
2026-08-16 19:57:59.044,0.00,0.00,0,0.0,0.0,0.000,0.0,0,HAYIR,EVET
2026-08-16 19:57:59.064,0.00,0.00,0,0.0,0.0,0.000,0.0,0,HAYIR,EVET
2026-08-16 19:57:59.084,0.00,0.00,0,0.0,0.0,0.000,0.0,0,HAYIR,EVET
2026-08-16 19:57:59.104,0.00,0.00,0,0.0,0.0,0.000,0.0,0,HAYIR,EVET
2026-08-16 19:57:59.124,0.00,0.00,0,0.0,0.0,0.000,0.0,0,HAYIR,EVET
2026-08-16 19:57:59.144,0.00,0.00,0,0.0,0.0,0.000,0.0,0,HAYIR,EVET
2026-08-16 19:57:59.165,0.00,0.00,0,0.0,0.0,0.000,0.0,0,HAYIR,EVET
2026-08-16 19:57:59.184,0.00,0.00,0,0.0,0.0,0.000,0.0,0,HAYIR,EVET
2026-08-16 19:57:59.204,0.00,0.00,0,0.0,0.0,0.000,0.0,0,HAYIR,EVET
2026-08-16 19:57:59.224,0.00,0.00,0,0.0,0.0,0.000,0.0,0,HAYIR,EVET
2026-08-16 19:57:59.244,0.00,0.00,0,0.0,0.0,0.000,0.0,0,HAYIR,EVET
2026-08-16 19:57:59.265,0.00,0.00,0,0.0,0.0,0.000,0.0,0,HAYIR,EVET
2026-08-16 19:57:59.284,0.00,0.00,0,0.0,0.0,0.000,0.0,0,HAYIR,EVET
2026-08-16 19:57:59.304,0.00,0.00,0,0.0,0.0,0.000,0.0,0,HAYIR,EVET
2026-08-16 19:57:59.324,0.00,0.00,0,0.0,0.0,0.000,0.0,0,HAYIR,EVET
2026-08-16 19:57:59.344,0.00,0.00,0,0.0,0.0,0.000,0.0,0,HAYIR,EVET
2026-08-16 19:57:59.365,0.00,0.00,0,0.0,0.0,0.000,0.0,0,HAYIR,EVET
2026-08-16 19:57:59.384,0.00,0.00,0,0.0,0.0,0.000,0.0,0,HAYIR,EVET
2026-08-16 19:57:59.404,0.00,0.00,0,0.0,0.0,0.000,0.0,0,HAYIR,EVET
2026-08-16 19:57:59.424,0.00,0.00,0,0.0,0.0,0.000,0.0,0,HAYIR,EVET
2026-08-16 19:57:59.444,0.00,0.00,0,0.0,0.0,0.000,0.0,0,HAYIR,EVET
2026-08-16 19:57:59.464,0.00,0.00,0,0.0,0.0,0.000,0.0,0,HAYIR,EVET
2026-08-16 19:57:59.484,0.00,0.00,0,0.0,0.0,0.000,0.0,0,HAYIR,EVET
2026-08-16 19:57:59.504,0.00,0.00,0,0.0,0.0,0.000,0.0,0,HAYIR,EVET
2026-08-16 19:57:59.524,0.00,0.00,0,0.0,0.0,0.000,0.0,0,HAYIR,EVET
2026-08-16 19:57:59.544,0.00,0.00,0,0.0,0.0,0.000,0.0,0,HAYIR,EVET
2026-08-16 19:57:59.564,0.00,0.00,0,0.0,0.0,0.000,0.0,0,HAYIR,EVET
2026-08-16 19:57:59.584,0.00,0.00,0,0.0,0.0,0.000,0.0,0,HAYIR,EVET
2026-08-16 19:57:59.604,0.00,0.00,0,0.0,0.0,0.000,0.0,0,HAYIR,EVET
2026-08-16 19:57:59.624,0.00,0.00,0,0.0,0.0,0.000,0.0,0,HAYIR,EVET
2026-08-16 19:57:59.645,0.00,0.00,0,0.0,0.0,0.000,0.0,0,HAYIR,EVET
2026-08-16 19:57:59.664,0.00,0.00,0,0.0,0.0,0.000,0.0,0,HAYIR,EVET
2026-08-16 19:57:59.684,0.00,0.00,0,0.0,0.0,0.000,0.0,0,HAYIR,EVET
2026-08-16 19:57:59.704,0.00,0.00,0,0.0,0.0,0.000,0.0,0,HAYIR,EVET
2026-08-16 19:57:59.724,0.00,0.00,0,0.0,0.0,0.000,0.0,0,HAYIR,EVET
2026-08-16 19:57:59.744,0.00,0.00,0,0.0,0.0,0.000,0.0,0,HAYIR,EVET
2026-08-16 19:57:59.764,0.00,0.00,0,0.0,0.0,0.000,0.0,0,HAYIR,EVET
2026-08-16 19:57:59.784,0.00,0.00,0,0.0,0.0,0.000,0.0,0,HAYIR,EVET
2026-08-16 19:57:59.804,0.00,0.00,0,0.0,0.0,0.000,0.0,0,HAYIR,EVET
2026-08-16 19:57:59.824,0.00,0.00,0,0.0,0.0,0.000,0.0,0,HAYIR,EVET
2026-08-16 19:57:59.844,0.00,0.00,0,0.0,0.0,0.000,0.0,0,HAYIR,EVET
2026-08-16 19:57:59.864,0.00,0.00,0,0.0,0.0,0.000,0.0,0,HAYIR,EVET
2026-08-16 19:57:59.884,0.00,0.00,0,0.0,0.0,0.000,0.0,0,HAYIR,EVET
2026-08-16 19:57:59.904,0.00,0.00,0,0.0,0.0,0.000,0.0,0,HAYIR,EVET
2026-08-16 19:57:59.924,0.00,0.00,0,0.0,0.0,0.000,0.0,0,HAYIR,EVET
2026-08-16 19:57:59.944,0.00,0.00,0,0.0,0.0,0.000,0.0,0,HAYIR,EVET
2026-08-16 19:57:59.964,0.00,0.00,0,0.0,0.0,0.000,0.0,0,HAYIR,EVET
2026-08-16 19:57:59.984,0.00,0.00,0,0.0,0.0,0.000,0.0,0,HAYIR,EVET
2026-08-16 19:58:00.004,0.00,0.00,0,0.0,0.0,0.000,0.0,0,HAYIR,EVET
2026-08-16 19:58:00.024,0.00,0.00,0,0.0,0.0,0.000,0.0,0,HAYIR,EVET
2026-08-16 19:58:00.044,0.00,0.00,0,0.0,0.0,0.000,0.0,0,HAYIR,EVET
2026-08-16 19:58:00.065,0.00,0.00,0,0.0,0.0,0.000,0.0,0,HAYIR,EVET
2026-08-16 19:58:00.084,0.00,0.00,0,0.0,0.0,0.000,0.0,0,HAYIR,EVET
2026-08-16 19:58:00.104,0.00,0.00,0,0.0,0.0,0.000,0.0,0,HAYIR,EVET
2026-08-16 19:58:00.125,0.00,0.00,0,0.0,0.0,0.000,0.0,0,HAYIR,EVET
2026-08-16 19:58:00.144,0.00,0.00,0,0.0,0.0,0.000,0.0,0,HAYIR,EVET
2026-08-16 19:58:00.164,0.00,0.00,0,0.0,0.0,0.000,0.0,0,HAYIR,EVET
2026-08-16 19:58:00.184,0.00,0.00,0,0.0,0.0,0.000,0.0,0,HAYIR,EVET
2026-08-16 19:58:00.204,0.00,0.00,0,0.0,0.0,0.000,0.0,0,HAYIR,EVET
2026-08-16 19:58:00.224,0.00,0.00,0,0.0,0.0,0.000,0.0,0,HAYIR,EVET
2026-08-16 19:58:00.244,0.00,0.00,0,0.0,0.0,0.000,0.0,0,HAYIR,EVET
2026-08-16 19:58:00.264,0.00,0.00,0,0.0,0.0,0.000,0.0,0,HAYIR,EVET
2026-08-16 19:58:00.284,0.00,0.00,0,0.0,0.0,0.000,0.0,0,HAYIR,EVET
2026-08-16 19:58:00.304,0.00,0.00,0,0.0,0.0,0.000,0.0,0,HAYIR,EVET
2026-08-16 19:58:00.325,0.00,0.00,0,0.0,0.0,0.000,0.0,0,HAYIR,EVET
2026-08-16 19:58:00.344,0.00,0.00,0,0.0,0.0,0.000,0.0,0,HAYIR,EVET
2026-08-16 19:58:00.364,0.00,0.00,0,0.0,0.0,0.000,0.0,0,HAYIR,EVET
2026-08-16 19:58:00.384,0.00,0.00,0,0.0,0.0,0.000,0.0,0,HAYIR,EVET
2026-08-16 19:58:00.404,0.00,0.00,0,0.0,0.0,0.000,0.0,0,HAYIR,EVET
2026-08-16 19:58:00.424,0.00,0.00,0,0.0,0.0,0.000,0.0,0,HAYIR,EVET
2026-08-16 19:58:00.444,0.00,0.00,0,0.0,0.0,0.000,0.0,0,HAYIR,EVET
2026-08-16 19:58:00.465,0.00,0.00,0,0.0,0.0,0.000,0.0,0,HAYIR,EVET
2026-08-16 19:58:00.484,0.00,0.00,0,0.0,0.0,0.000,0.0,0,HAYIR,EVET
2026-08-16 19:58:00.504,0.00,0.00,0,0.0,0.0,0.000,0.0,0,HAYIR,EVET
2026-08-16 19:58:00.525,0.00,0.00,0,0.0,0.0,0.000,0.0,0,HAYIR,EVET
2026-08-16 19:58:00.544,0.00,0.00,0,0.0,0.0,0.000,0.0,0,HAYIR,EVET
2026-08-16 19:58:00.564,0.00,0.00,0,0.0,0.0,0.000,0.0,0,HAYIR,EVET
2026-08-16 19:58:00.584,0.00,0.00,0,0.0,0.0,0.000,0.0,0,HAYIR,EVET
2026-08-16 19:58:00.604,0.00,0.00,0,0.0,0.0,0.000,0.0,0,HAYIR,EVET
2026-08-16 19:58:00.624,0.00,0.00,0,0.0,0.0,0.000,0.0,0,HAYIR,EVET
2026-08-16 19:58:00.644,0.00,0.00,0,0.0,0.0,0.000,0.0,0,HAYIR,EVET
2026-08-16 19:58:00.665,0.00,0.00,0,0.0,0.0,0.000,0.0,0,HAYIR,EVET
2026-08-16 19:58:00.684,0.00,0.00,0,0.0,0.0,0.000,0.0,0,HAYIR,EVET
2026-08-16 19:58:00.704,0.00,0.00,0,0.0,0.0,0.000,0.0,0,HAYIR,EVET
2026-08-16 19:58:00.724,0.00,0.00,0,0.0,0.0,0.000,0.0,0,HAYIR,EVET
2026-08-16 19:58:00.744,0.00,0.00,0,0.0,0.0,0.000,0.0,0,HAYIR,EVET
2026-08-16 19:58:00.764,0.00,0.00,0,0.0,0.0,0.000,0.0,0,HAYIR,EVET
2026-08-16 19:58:00.784,0.00,0.00,0,0.0,0.0,0.000,0.0,0,HAYIR,EVET
2026-08-16 19:58:00.804,0.00,0.00,0,0.0,0.0,0.000,0.0,0,HAYIR,EVET
2026-08-16 19:58:00.824,0.00,0.00,0,0.0,0.0,0.000,0.0,0,HAYIR,EVET
2026-08-16 19:58:00.844,0.00,0.00,0,0.0,0.0,0.000,0.0,0,HAYIR,EVET
2026-08-16 19:58:00.865,0.00,0.00,0,0.0,0.0,0.000,0.0,0,HAYIR,EVET
2026-08-16 19:58:00.884,0.00,0.00,0,0.0,0.0,0.000,0.0,0,HAYIR,EVET
2026-08-16 19:58:00.904,0.00,0.00,0,0.0,0.0,0.000,0.0,0,HAYIR,EVET
2026-08-16 19:58:00.924,0.00,0.00,0,0.0,0.0,0.000,0.0,0,HAYIR,EVET
2026-08-16 19:58:00.944,0.00,0.00,0,0.0,0.0,0.000,0.0,0,HAYIR,EVET
2026-08-16 19:58:00.964,0.00,0.00,0,0.0,0.0,0.000,0.0,0,HAYIR,EVET
2026-08-16 19:58:00.984,0.00,0.00,0,0.0,0.0,0.000,0.0,0,HAYIR,EVET
2026-08-16 19:58:01.004,0.00,0.00,0,0.0,0.0,0.000,0.0,0,HAYIR,EVET
2026-08-16 19:58:01.024,0.00,0.00,0,0.0,0.0,0.000,0.0,0,HAYIR,EVET
2026-08-16 19:58:01.044,0.00,0.00,0,0.0,0.0,0.000,0.0,0,HAYIR,EVET
2026-08-16 19:58:01.065,0.00,0.00,0,0.0,0.0,0.000,0.0,0,HAYIR,EVET
2026-08-16 19:58:01.084,0.00,0.00,0,0.0,0.0,0.000,0.0,0,HAYIR,EVET
2026-08-16 19:58:01.104,0.00,0.00,0,0.0,0.0,0.000,0.0,0,HAYIR,EVET
2026-08-16 19:58:01.124,0.00,0.00,0,0.0,0.0,0.000,0.0,0,HAYIR,EVET
2026-08-16 19:58:01.145,0.00,0.00,0,0.0,0.0,0.000,0.0,0,HAYIR,EVET
2026-08-16 19:58:01.164,0.00,0.00,0,0.0,0.0,0.000,0.0,0,HAYIR,EVET
2026-08-16 19:58:01.184,0.00,0.00,0,0.0,0.0,0.000,0.0,0,HAYIR,EVET
2026-08-16 19:58:01.204,0.00,0.00,0,0.0,0.0,0.000,0.0,0,HAYIR,EVET
2026-08-16 19:58:01.224,0.00,0.00,0,0.0,0.0,0.000,0.0,0,HAYIR,EVET
2026-08-16 19:58:01.244,0.00,0.00,0,0.0,0.0,0.000,0.0,0,HAYIR,EVET
2026-08-16 19:58:01.265,0.00,0.00,0,0.0,0.0,0.000,0.0,0,HAYIR,EVET
2026-08-16 19:58:01.284,0.00,0.00,0,0.0,0.0,0.000,0.0,0,HAYIR,EVET
2026-08-16 19:58:01.304,0.00,0.00,0,0.0,0.0,0.000,0.0,0,HAYIR,EVET
2026-08-16 19:58:01.324,0.00,0.00,0,0.0,0.0,0.000,0.0,0,HAYIR,EVET
2026-08-16 19:58:01.344,0.00,0.00,0,0.0,0.0,0.000,0.0,0,HAYIR,EVET
2026-08-16 19:58:01.364,0.00,0.00,0,0.0,0.0,0.000,0.0,0,HAYIR,EVET
2026-08-16 19:58:01.384,0.00,0.00,0,0.0,0.0,0.000,0.0,0,HAYIR,EVET
2026-08-16 19:58:01.404,0.00,0.00,0,0.0,0.0,0.000,0.0,0,HAYIR,EVET
2026-08-16 19:58:01.424,0.00,0.00,0,0.0,0.0,0.000,0.0,0,HAYIR,EVET
2026-08-16 19:58:01.444,0.00,0.00,0,0.0,0.0,0.000,0.0,0,HAYIR,EVET
2026-08-16 19:58:01.464,0.00,0.00,0,0.0,0.0,0.000,0.0,0,HAYIR,EVET
2026-08-16 19:58:01.484,0.00,0.00,0,0.0,0.0,0.000,0.0,0,HAYIR,EVET
2026-08-16 19:58:01.504,0.00,0.00,0,0.0,0.0,0.000,0.0,0,HAYIR,EVET
2026-08-16 19:58:01.524,0.00,0.00,0,0.0,0.0,0.000,0.0,0,HAYIR,EVET
2026-08-16 19:58:01.544,0.00,0.00,0,0.0,0.0,0.000,0.0,0,HAYIR,EVET
2026-08-16 19:58:01.564,0.00,0.00,0,0.0,0.0,0.000,0.0,0,HAYIR,EVET
2026-08-16 19:58:01.584,0.00,0.00,0,0.0,0.0,0.000,0.0,0,HAYIR,EVET
2026-08-16 19:58:01.604,0.00,0.00,0,0.0,0.0,0.000,0.0,0,HAYIR,EVET
2026-08-16 19:58:01.624,0.00,0.00,0,0.0,0.0,0.000,0.0,0,HAYIR,EVET
2026-08-16 19:58:01.644,0.00,0.00,0,0.0,0.0,0.000,0.0,0,HAYIR,EVET
2026-08-16 19:58:01.664,0.00,0.00,0,0.0,0.0,0.000,0.0,0,HAYIR,EVET
2026-08-16 19:58:01.684,0.00,0.00,0,0.0,0.0,0.000,0.0,0,HAYIR,EVET
2026-08-16 19:58:01.704,0.00,0.00,0,0.0,0.0,0.000,0.0,0,HAYIR,EVET
2026-08-16 19:58:01.724,0.00,0.00,0,0.0,0.0,0.000,0.0,0,HAYIR,EVET
2026-08-16 19:58:01.745,0.00,0.00,0,0.0,0.0,0.000,0.0,0,HAYIR,EVET
2026-08-16 19:58:01.765,0.00,0.00,0,0.0,0.0,0.000,0.0,0,HAYIR,EVET
2026-08-16 19:58:01.784,0.00,0.00,0,0.0,0.0,0.000,0.0,0,HAYIR,EVET
2026-08-16 19:58:01.805,0.00,0.00,0,0.0,0.0,0.000,0.0,0,HAYIR,EVET
2026-08-16 19:58:01.825,0.00,0.00,0,0.0,0.0,0.000,0.0,0,HAYIR,EVET
2026-08-16 19:58:01.845,0.00,0.00,0,0.0,0.0,0.000,0.0,0,HAYIR,EVET
2026-08-16 19:58:01.865,0.00,0.00,0,0.0,0.0,0.000,0.0,0,HAYIR,EVET
2026-08-16 19:58:01.885,0.00,0.00,0,0.0,0.0,0.000,0.0,0,HAYIR,EVET
2026-08-16 19:58:01.904,0.00,0.00,0,0.0,0.0,0.000,0.0,0,HAYIR,EVET
2026-08-16 19:58:01.924,0.00,0.00,0,0.0,0.0,0.000,0.0,0,HAYIR,EVET
2026-08-16 19:58:01.944,0.00,0.00,0,0.0,0.0,0.000,0.0,0,HAYIR,EVET
2026-08-16 19:58:01.964,0.00,0.00,0,0.0,0.0,0.000,0.0,0,HAYIR,EVET
2026-08-16 19:58:01.984,0.00,0.00,0,0.0,0.0,0.000,0.0,0,HAYIR,EVET
2026-08-16 19:58:02.004,0.00,0.00,0,0.0,0.0,0.000,0.0,0,HAYIR,EVET
2026-08-16 19:58:02.024,0.00,0.00,0,0.0,0.0,0.000,0.0,0,HAYIR,EVET
2026-08-16 19:58:02.044,0.00,0.00,0,0.0,0.0,0.000,0.0,0,HAYIR,EVET
2026-08-16 19:58:02.065,0.00,0.00,0,0.0,0.0,0.000,0.0,0,HAYIR,EVET
2026-08-16 19:58:02.084,0.00,0.00,0,0.0,0.0,0.000,0.0,0,HAYIR,EVET
2026-08-16 19:58:02.104,0.00,0.00,0,0.0,0.0,0.000,0.0,0,HAYIR,EVET
2026-08-16 19:58:02.124,0.00,0.00,0,0.0,0.0,0.000,0.0,0,HAYIR,EVET
2026-08-16 19:58:02.144,0.00,0.00,0,0.0,0.0,0.000,0.0,0,HAYIR,EVET
2026-08-16 19:58:02.164,0.00,0.00,0,0.0,0.0,0.000,0.0,0,HAYIR,EVET
2026-08-16 19:58:02.184,0.00,0.00,0,0.0,0.0,0.000,0.0,0,HAYIR,EVET
2026-08-16 19:58:02.204,0.00,0.00,0,0.0,0.0,0.000,0.0,0,HAYIR,EVET
2026-08-16 19:58:02.224,0.00,0.00,0,0.0,0.0,0.000,0.0,0,HAYIR,EVET
2026-08-16 19:58:02.244,0.00,0.00,0,0.0,0.0,0.000,0.0,0,HAYIR,EVET
2026-08-16 19:58:02.264,0.00,0.00,0,0.0,0.0,0.000,0.0,0,HAYIR,EVET
2026-08-16 19:58:02.284,0.00,0.00,0,0.0,0.0,0.000,0.0,0,HAYIR,EVET
2026-08-16 19:58:02.304,0.00,0.00,0,0.0,0.0,0.000,0.0,0,HAYIR,EVET
2026-08-16 19:58:02.324,0.00,0.00,0,0.0,0.0,0.000,0.0,0,HAYIR,EVET
2026-08-16 19:58:02.344,0.00,0.00,0,0.0,0.0,0.000,0.0,0,HAYIR,EVET
2026-08-16 19:58:02.365,0.00,0.00,0,0.0,0.0,0.000,0.0,0,HAYIR,EVET
2026-08-16 19:58:02.384,0.00,0.00,0,0.0,0.0,0.000,0.0,0,HAYIR,EVET
2026-08-16 19:58:02.404,0.00,0.00,0,0.0,0.0,0.000,0.0,0,HAYIR,EVET
2026-08-16 19:58:02.424,0.00,0.00,0,0.0,0.0,0.000,0.0,0,HAYIR,EVET
2026-08-16 19:58:02.445,0.00,0.00,0,0.0,0.0,0.000,0.0,0,HAYIR,EVET
2026-08-16 19:58:02.464,0.00,0.00,0,0.0,0.0,0.000,0.0,0,HAYIR,EVET
2026-08-16 19:58:02.484,0.00,0.00,0,0.0,0.0,0.000,0.0,0,HAYIR,EVET
2026-08-16 19:58:02.504,0.00,0.00,0,0.0,0.0,0.000,0.0,0,HAYIR,EVET
2026-08-16 19:58:02.524,0.00,0.00,0,0.0,0.0,0.000,0.0,0,HAYIR,EVET
2026-08-16 19:58:02.544,0.00,0.00,0,0.0,0.0,0.000,0.0,0,HAYIR,EVET
2026-08-16 19:58:02.564,0.00,0.00,0,0.0,0.0,0.000,0.0,0,HAYIR,EVET
2026-08-16 19:58:02.584,0.00,0.00,0,0.0,0.0,0.000,0.0,0,HAYIR,EVET
2026-08-16 19:58:02.604,0.00,0.00,0,0.0,0.0,0.000,0.0,0,HAYIR,EVET
2026-08-16 19:58:02.624,0.00,0.00,0,0.0,0.0,0.000,0.0,0,HAYIR,EVET
2026-08-16 19:58:02.645,0.00,0.00,0,0.0,0.0,0.000,0.0,0,HAYIR,EVET
2026-08-16 19:58:02.665,0.00,0.00,0,0.0,0.0,0.000,0.0,0,HAYIR,EVET
2026-08-16 19:58:02.684,0.00,0.00,0,0.0,0.0,0.000,0.0,0,HAYIR,EVET
2026-08-16 19:58:02.704,0.00,0.00,0,0.0,0.0,0.000,0.0,0,HAYIR,EVET
2026-08-16 19:58:02.724,0.00,0.00,0,0.0,0.0,0.000,0.0,0,HAYIR,EVET
2026-08-16 19:58:02.744,0.00,0.00,0,0.0,0.0,0.000,0.0,0,HAYIR,EVET
2026-08-16 19:58:02.764,0.00,0.00,0,0.0,0.0,0.000,0.0,0,HAYIR,EVET
2026-08-16 19:58:02.784,0.00,0.00,0,0.0,0.0,0.000,0.0,0,HAYIR,EVET
2026-08-16 19:58:02.804,0.00,0.00,0,0.0,0.0,0.000,0.0,0,HAYIR,EVET
2026-08-16 19:58:02.824,0.00,0.00,0,0.0,0.0,0.000,0.0,0,HAYIR,EVET
2026-08-16 19:58:02.844,0.00,0.00,0,0.0,0.0,0.000,0.0,0,HAYIR,EVET
2026-08-16 19:58:02.865,0.00,0.00,0,0.0,0.0,0.000,0.0,0,HAYIR,EVET
2026-08-16 19:58:02.884,0.00,0.00,0,0.0,0.0,0.000,0.0,0,HAYIR,EVET
2026-08-16 19:58:02.904,0.00,0.00,0,0.0,0.0,0.000,0.0,0,HAYIR,EVET
2026-08-16 19:58:02.924,0.00,0.00,0,0.0,0.0,0.000,0.0,0,HAYIR,EVET
2026-08-16 19:58:02.944,0.00,0.00,0,0.0,0.0,0.000,0.0,0,HAYIR,EVET
2026-08-16 19:58:02.964,0.00,0.00,0,0.0,0.0,0.000,0.0,0,HAYIR,EVET
2026-08-16 19:58:02.984,0.00,0.00,0,0.0,0.0,0.000,0.0,0,HAYIR,EVET
2026-08-16 19:58:03.004,0.00,0.00,0,0.0,0.0,0.000,0.0,0,HAYIR,EVET
2026-08-16 19:58:03.024,0.00,0.00,0,0.0,0.0,0.000,0.0,0,HAYIR,EVET
2026-08-16 19:58:03.045,0.00,0.00,0,0.0,0.0,0.000,0.0,0,HAYIR,EVET
2026-08-16 19:58:03.065,0.00,0.00,0,0.0,0.0,0.000,0.0,0,HAYIR,EVET
2026-08-16 19:58:03.084,0.00,0.00,0,0.0,0.0,0.000,0.0,0,HAYIR,EVET
2026-08-16 19:58:03.104,0.00,0.00,0,0.0,0.0,0.000,0.0,0,HAYIR,EVET
2026-08-16 19:58:03.124,0.00,0.00,0,0.0,0.0,0.000,0.0,0,HAYIR,EVET
2026-08-16 19:58:03.145,0.00,0.00,0,0.0,0.0,0.000,0.0,0,HAYIR,EVET
2026-08-16 19:58:03.164,0.00,0.00,0,0.0,0.0,0.000,0.0,0,HAYIR,EVET
2026-08-16 19:58:03.184,0.00,0.00,0,0.0,0.0,0.000,0.0,0,HAYIR,EVET
2026-08-16 19:58:03.204,0.00,0.00,0,0.0,0.0,0.000,0.0,0,HAYIR,EVET
2026-08-16 19:58:03.224,0.00,0.00,0,0.0,0.0,0.000,0.0,0,HAYIR,EVET
2026-08-16 19:58:03.244,0.00,0.00,0,0.0,0.0,0.000,0.0,0,HAYIR,EVET
2026-08-16 19:58:03.265,0.00,0.00,0,0.0,0.0,0.000,0.0,0,HAYIR,EVET
2026-08-16 19:58:03.284,0.00,0.00,0,0.0,0.0,0.000,0.0,0,HAYIR,EVET
2026-08-16 19:58:03.304,0.00,0.00,0,0.0,0.0,0.000,0.0,0,HAYIR,EVET
2026-08-16 19:58:03.325,0.00,0.00,0,0.0,0.0,0.000,0.0,0,HAYIR,EVET
2026-08-16 19:58:03.344,0.00,0.00,0,0.0,0.0,0.000,0.0,0,HAYIR,EVET
2026-08-16 19:58:03.364,0.00,0.00,0,0.0,0.0,0.000,0.0,0,HAYIR,EVET
2026-08-16 19:58:03.384,0.00,0.00,0,0.0,0.0,0.000,0.0,0,HAYIR,EVET
2026-08-16 19:58:03.405,0.00,0.00,0,0.0,0.0,0.000,0.0,0,HAYIR,EVET
2026-08-16 19:58:03.424,0.00,0.00,0,0.0,0.0,0.000,0.0,0,HAYIR,EVET
2026-08-16 19:58:03.444,0.00,0.00,0,0.0,0.0,0.000,0.0,0,HAYIR,EVET
2026-08-16 19:58:03.465,0.00,0.00,0,0.0,0.0,0.000,0.0,0,HAYIR,EVET
2026-08-16 19:58:03.484,0.00,0.00,0,0.0,0.0,0.000,0.0,0,HAYIR,EVET
2026-08-16 19:58:03.504,0.00,0.00,0,0.0,0.0,0.000,0.0,0,HAYIR,EVET
2026-08-16 19:58:03.524,0.00,0.00,0,0.0,0.0,0.000,0.0,0,HAYIR,EVET
2026-08-16 19:58:03.544,0.00,0.00,0,0.0,0.0,0.000,0.0,0,HAYIR,EVET
2026-08-16 19:58:03.564,0.00,0.00,0,0.0,0.0,0.000,0.0,0,HAYIR,EVET
2026-08-16 19:58:03.584,0.00,0.00,0,0.0,0.0,0.000,0.0,0,HAYIR,EVET
2026-08-16 19:58:03.604,0.00,0.00,0,0.0,0.0,0.000,0.0,0,HAYIR,EVET
2026-08-16 19:58:03.624,0.00,0.00,0,0.0,0.0,0.000,0.0,0,HAYIR,EVET
2026-08-16 19:58:03.644,0.00,0.00,0,0.0,0.0,0.000,0.0,0,HAYIR,EVET
2026-08-16 19:58:03.665,0.00,0.00,0,0.0,0.0,0.000,0.0,0,HAYIR,EVET
2026-08-16 19:58:03.684,0.00,0.00,0,0.0,0.0,0.000,0.0,0,HAYIR,EVET
2026-08-16 19:58:03.704,0.00,0.00,0,0.0,0.0,0.000,0.0,0,HAYIR,EVET
2026-08-16 19:58:03.724,0.00,0.00,0,0.0,0.0,0.000,0.0,0,HAYIR,EVET
2026-08-16 19:58:03.744,0.00,0.00,0,0.0,0.0,0.000,0.0,0,HAYIR,EVET
2026-08-16 19:58:03.764,0.00,0.00,0,0.0,0.0,0.000,0.0,0,HAYIR,EVET
2026-08-16 19:58:03.784,0.00,0.00,0,0.0,0.0,0.000,0.0,0,HAYIR,EVET
2026-08-16 19:58:03.804,0.00,0.00,0,0.0,0.0,0.000,0.0,0,HAYIR,EVET
2026-08-16 19:58:03.824,0.00,0.00,0,0.0,0.0,0.000,0.0,0,HAYIR,EVET
2026-08-16 19:58:03.844,0.00,0.00,0,0.0,0.0,0.000,0.0,0,HAYIR,EVET
2026-08-16 19:58:03.864,0.00,0.00,0,0.0,0.0,0.000,0.0,0,HAYIR,EVET
2026-08-16 19:58:03.884,0.00,0.00,0,0.0,0.0,0.000,0.0,0,HAYIR,EVET
2026-08-16 19:58:03.904,0.00,0.00,0,0.0,0.0,0.000,0.0,0,HAYIR,EVET
2026-08-16 19:58:03.924,0.00,0.00,0,0.0,0.0,0.000,0.0,0,HAYIR,EVET
2026-08-16 19:58:03.944,0.00,0.00,0,0.0,0.0,0.000,0.0,0,HAYIR,EVET
2026-08-16 19:58:03.964,0.00,0.00,0,0.0,0.0,0.000,0.0,0,HAYIR,EVET
2026-08-16 19:58:03.984,0.00,0.00,0,0.0,0.0,0.000,0.0,0,HAYIR,EVET
2026-08-16 19:58:04.004,0.00,0.00,0,0.0,0.0,0.000,0.0,0,HAYIR,EVET
2026-08-16 19:58:04.024,0.00,0.00,0,0.0,0.0,0.000,0.0,0,HAYIR,EVET
2026-08-16 19:58:04.044,0.00,0.00,0,0.0,0.0,0.000,0.0,0,HAYIR,EVET
2026-08-16 19:58:04.065,0.00,0.00,0,0.0,0.0,0.000,0.0,0,HAYIR,EVET
2026-08-16 19:58:04.084,0.00,0.00,0,0.0,0.0,0.000,0.0,0,HAYIR,EVET
2026-08-16 19:58:04.104,0.00,0.00,0,0.0,0.0,0.000,0.0,0,HAYIR,EVET
2026-08-16 19:58:04.124,0.00,0.00,0,0.0,0.0,0.000,0.0,0,HAYIR,EVET
2026-08-16 19:58:04.144,0.00,0.00,0,0.0,0.0,0.000,0.0,0,HAYIR,EVET
2026-08-16 19:58:04.164,0.00,0.00,0,0.0,0.0,0.000,0.0,0,HAYIR,EVET
2026-08-16 19:58:04.184,0.00,0.00,0,0.0,0.0,0.000,0.0,0,HAYIR,EVET
2026-08-16 19:58:04.204,0.00,0.00,0,0.0,0.0,0.000,0.0,0,HAYIR,EVET
2026-08-16 19:58:04.224,0.00,0.00,0,0.0,0.0,0.000,0.0,0,HAYIR,EVET
2026-08-16 19:58:04.244,0.00,0.00,0,0.0,0.0,0.000,0.0,0,HAYIR,EVET
2026-08-16 19:58:04.265,0.00,0.00,0,0.0,0.0,0.000,0.0,0,HAYIR,EVET
2026-08-16 19:58:04.284,0.00,0.00,0,0.0,0.0,0.000,0.0,0,HAYIR,EVET
2026-08-16 19:58:04.304,0.00,0.00,0,0.0,0.0,0.000,0.0,0,HAYIR,EVET
2026-08-16 19:58:04.324,0.00,0.00,0,0.0,0.0,0.000,0.0,0,HAYIR,EVET
2026-08-16 19:58:04.344,0.00,0.00,0,0.0,0.0,0.000,0.0,0,HAYIR,EVET
2026-08-16 19:58:04.364,0.00,0.00,0,0.0,0.0,0.000,0.0,0,HAYIR,EVET
2026-08-16 19:58:04.384,0.00,0.00,0,0.0,0.0,0.000,0.0,0,HAYIR,EVET
2026-08-16 19:58:04.404,0.00,0.00,0,0.0,0.0,0.000,0.0,0,HAYIR,EVET
2026-08-16 19:58:04.424,0.00,0.00,0,0.0,0.0,0.000,0.0,0,HAYIR,EVET
2026-08-16 19:58:04.444,0.00,0.00,0,0.0,0.0,0.000,0.0,0,HAYIR,EVET
2026-08-16 19:58:04.465,0.00,0.00,0,0.0,0.0,0.000,0.0,0,HAYIR,EVET
2026-08-16 19:58:04.484,0.00,0.00,0,0.0,0.0,0.000,0.0,0,HAYIR,EVET
2026-08-16 19:58:04.504,0.00,0.00,0,0.0,0.0,0.000,0.0,0,HAYIR,EVET
2026-08-16 19:58:04.524,0.00,0.00,0,0.0,0.0,0.000,0.0,0,HAYIR,EVET
2026-08-16 19:58:04.544,0.00,0.00,0,0.0,0.0,0.000,0.0,0,HAYIR,EVET
2026-08-16 19:58:04.565,0.00,0.00,0,0.0,0.0,0.000,0.0,0,HAYIR,EVET
2026-08-16 19:58:04.584,0.00,0.00,0,0.0,0.0,0.000,0.0,0,HAYIR,EVET
2026-08-16 19:58:04.604,0.00,0.00,0,0.0,0.0,0.000,0.0,0,HAYIR,EVET
2026-08-16 19:58:04.624,0.00,0.00,0,0.0,0.0,0.000,0.0,0,HAYIR,EVET
2026-08-16 19:58:04.644,0.00,0.00,0,0.0,0.0,0.000,0.0,0,HAYIR,EVET
2026-08-16 19:58:04.664,0.00,0.00,0,0.0,0.0,0.000,0.0,0,HAYIR,EVET
2026-08-16 19:58:04.684,0.00,0.00,0,0.0,0.0,0.000,0.0,0,HAYIR,EVET
2026-08-16 19:58:04.704,0.00,0.00,0,0.0,0.0,0.000,0.0,0,HAYIR,EVET
2026-08-16 19:58:04.724,0.00,0.00,0,0.0,0.0,0.000,0.0,0,HAYIR,EVET
2026-08-16 19:58:04.744,0.00,0.00,0,0.0,0.0,0.000,0.0,0,HAYIR,EVET
2026-08-16 19:58:04.764,0.00,0.00,0,0.0,0.0,0.000,0.0,0,HAYIR,EVET
2026-08-16 19:58:04.784,0.00,0.00,0,0.0,0.0,0.000,0.0,0,HAYIR,EVET
2026-08-16 19:58:04.804,0.00,0.00,0,0.0,0.0,0.000,0.0,0,HAYIR,EVET
2026-08-16 19:58:04.824,0.00,0.00,0,0.0,0.0,0.000,0.0,0,HAYIR,EVET
2026-08-16 19:58:04.844,0.00,0.00,0,0.0,0.0,0.000,0.0,0,HAYIR,EVET
2026-08-16 19:58:04.865,0.00,0.00,0,0.0,0.0,0.000,0.0,0,HAYIR,EVET
2026-08-16 19:58:04.884,0.00,0.00,0,0.0,0.0,0.000,0.0,0,HAYIR,EVET
2026-08-16 19:58:04.904,0.00,0.00,0,0.0,0.0,0.000,0.0,0,HAYIR,EVET
2026-08-16 19:58:04.924,0.00,0.00,0,0.0,0.0,0.000,0.0,0,HAYIR,EVET
2026-08-16 19:58:04.945,0.00,0.00,0,0.0,0.0,0.000,0.0,0,HAYIR,EVET
2026-08-16 19:58:04.964,0.00,0.00,0,0.0,0.0,0.000,0.0,0,HAYIR,EVET
2026-08-16 19:58:04.984,0.00,0.00,0,0.0,0.0,0.000,0.0,0,HAYIR,EVET
2026-08-16 19:58:05.004,0.00,0.00,0,0.0,0.0,0.000,0.0,0,HAYIR,EVET
2026-08-16 19:58:05.024,0.00,0.00,0,0.0,0.0,0.000,0.0,0,HAYIR,EVET
2026-08-16 19:58:05.044,0.00,0.00,0,0.0,0.0,0.000,0.0,0,HAYIR,EVET
2026-08-16 19:58:05.065,0.00,0.00,0,0.0,0.0,0.000,0.0,0,HAYIR,EVET
2026-08-16 19:58:05.084,0.00,0.00,0,0.0,0.0,0.000,0.0,0,HAYIR,EVET
2026-08-16 19:58:05.104,0.00,0.00,0,0.0,0.0,0.000,0.0,0,HAYIR,EVET
2026-08-16 19:58:05.124,0.00,0.00,0,0.0,0.0,0.000,0.0,0,HAYIR,EVET
2026-08-16 19:58:05.144,0.00,0.00,0,0.0,0.0,0.000,0.0,0,HAYIR,EVET
2026-08-16 19:58:05.164,0.00,0.00,0,0.0,0.0,0.000,0.0,0,HAYIR,EVET
2026-08-16 19:58:05.184,0.00,0.00,0,0.0,0.0,0.000,0.0,0,HAYIR,EVET
2026-08-16 19:58:05.204,0.00,0.00,0,0.0,0.0,0.000,0.0,0,HAYIR,EVET
2026-08-16 19:58:05.224,0.00,0.00,0,0.0,0.0,0.000,0.0,0,HAYIR,EVET
2026-08-16 19:58:05.244,0.00,0.00,0,0.0,0.0,0.000,0.0,0,HAYIR,EVET
2026-08-16 19:58:05.264,0.00,0.00,0,0.0,0.0,0.000,0.0,0,HAYIR,EVET
2026-08-16 19:58:05.284,0.00,0.00,0,0.0,0.0,0.000,0.0,0,HAYIR,EVET
2026-08-16 19:58:05.304,0.00,0.00,0,0.0,0.0,0.000,0.0,0,HAYIR,EVET
2026-08-16 19:58:05.324,0.00,0.00,0,0.0,0.0,0.000,0.0,0,HAYIR,EVET
2026-08-16 19:58:05.344,0.00,0.00,0,0.0,0.0,0.000,0.0,0,HAYIR,EVET
2026-08-16 19:58:05.364,0.00,0.00,0,0.0,0.0,0.000,0.0,0,HAYIR,EVET
2026-08-16 19:58:05.384,0.00,0.00,0,0.0,0.0,0.000,0.0,0,HAYIR,EVET
2026-08-16 19:58:05.404,0.00,0.00,0,0.0,0.0,0.000,0.0,0,HAYIR,EVET
2026-08-16 19:58:05.424,0.00,0.00,0,0.0,0.0,0.000,0.0,0,HAYIR,EVET
2026-08-16 19:58:05.444,0.00,0.00,0,0.0,0.0,0.000,0.0,0,HAYIR,EVET
2026-08-16 19:58:05.465,0.00,0.00,0,0.0,0.0,0.000,0.0,0,HAYIR,EVET
2026-08-16 19:58:05.484,0.00,0.00,0,0.0,0.0,0.000,0.0,0,HAYIR,EVET
2026-08-16 19:58:05.504,0.00,0.00,0,0.0,0.0,0.000,0.0,0,HAYIR,EVET
2026-08-16 19:58:05.524,0.00,0.00,0,0.0,0.0,0.000,0.0,0,HAYIR,EVET
2026-08-16 19:58:05.544,0.00,0.00,0,0.0,0.0,0.000,0.0,0,HAYIR,EVET
2026-08-16 19:58:05.564,0.00,0.00,0,0.0,0.0,0.000,0.0,0,HAYIR,EVET
2026-08-16 19:58:05.584,0.00,0.00,0,0.0,0.0,0.000,0.0,0,HAYIR,EVET
2026-08-16 19:58:05.604,0.00,0.00,0,0.0,0.0,0.000,0.0,0,HAYIR,EVET
2026-08-16 19:58:05.624,0.00,0.00,0,0.0,0.0,0.000,0.0,0,HAYIR,EVET
2026-08-16 19:58:05.644,0.00,0.00,0,0.0,0.0,0.000,0.0,0,HAYIR,EVET
2026-08-16 19:58:05.665,0.00,0.00,0,0.0,0.0,0.000,0.0,0,HAYIR,EVET
2026-08-16 19:58:05.684,0.00,0.00,0,0.0,0.0,0.000,0.0,0,HAYIR,EVET
2026-08-16 19:58:05.704,0.00,0.00,0,0.0,0.0,0.000,0.0,0,HAYIR,EVET
2026-08-16 19:58:05.725,0.00,0.00,0,0.0,0.0,0.000,0.0,0,HAYIR,EVET
2026-08-16 19:58:05.744,0.00,0.00,0,0.0,0.0,0.000,0.0,0,HAYIR,EVET
2026-08-16 19:58:05.764,0.00,0.00,0,0.0,0.0,0.000,0.0,0,HAYIR,EVET
2026-08-16 19:58:05.784,0.00,0.00,0,0.0,0.0,0.000,0.0,0,HAYIR,EVET
2026-08-16 19:58:05.804,0.00,0.00,0,0.0,0.0,0.000,0.0,0,HAYIR,EVET
2026-08-16 19:58:05.824,0.00,0.00,0,0.0,0.0,0.000,0.0,0,HAYIR,EVET
2026-08-16 19:58:05.844,0.00,0.00,0,0.0,0.0,0.000,0.0,0,HAYIR,EVET
2026-08-16 19:58:05.865,0.00,0.00,0,0.0,0.0,0.000,0.0,0,HAYIR,EVET
2026-08-16 19:58:05.884,0.00,0.00,0,0.0,0.0,0.000,0.0,0,HAYIR,EVET
2026-08-16 19:58:05.904,0.00,0.00,0,0.0,0.0,0.000,0.0,0,HAYIR,EVET
2026-08-16 19:58:05.924,0.00,0.00,0,0.0,0.0,0.000,0.0,0,HAYIR,EVET
2026-08-16 19:58:05.944,0.00,0.00,0,0.0,0.0,0.000,0.0,0,HAYIR,EVET
2026-08-16 19:58:05.964,0.00,0.00,0,0.0,0.0,0.000,0.0,0,HAYIR,EVET
2026-08-16 19:58:05.984,0.00,0.00,0,0.0,0.0,0.000,0.0,0,HAYIR,EVET
2026-08-16 19:58:06.004,0.00,0.00,0,0.0,0.0,0.000,0.0,0,HAYIR,EVET
2026-08-16 19:58:06.024,0.00,0.00,0,0.0,0.0,0.000,0.0,0,HAYIR,EVET
2026-08-16 19:58:06.044,0.00,0.00,0,0.0,0.0,0.000,0.0,0,HAYIR,EVET
2026-08-16 19:58:06.065,0.00,0.00,0,0.0,0.0,0.000,0.0,0,HAYIR,EVET
2026-08-16 19:58:06.084,0.00,0.00,0,0.0,0.0,0.000,0.0,0,HAYIR,EVET
2026-08-16 19:58:06.104,0.00,0.00,0,0.0,0.0,0.000,0.0,0,HAYIR,EVET
2026-08-16 19:58:06.124,0.00,0.00,0,0.0,0.0,0.000,0.0,0,HAYIR,EVET
2026-08-16 19:58:06.144,0.00,0.00,0,0.0,0.0,0.000,0.0,0,HAYIR,EVET
2026-08-16 19:58:06.164,0.00,0.00,0,0.0,0.0,0.000,0.0,0,HAYIR,EVET
2026-08-16 19:58:06.184,0.00,0.00,0,0.0,0.0,0.000,0.0,0,HAYIR,EVET
2026-08-16 19:58:06.204,0.00,0.00,0,0.0,0.0,0.000,0.0,0,HAYIR,EVET
2026-08-16 19:58:06.224,0.00,0.00,0,0.0,0.0,0.000,0.0,0,HAYIR,EVET
2026-08-16 19:58:06.244,0.00,0.00,0,0.0,0.0,0.000,0.0,0,HAYIR,EVET
2026-08-16 19:58:06.265,0.00,0.00,0,0.0,0.0,0.000,0.0,0,HAYIR,EVET
2026-08-16 19:58:06.284,0.00,0.00,0,0.0,0.0,0.000,0.0,0,HAYIR,EVET
2026-08-16 19:58:06.304,0.00,0.00,0,0.0,0.0,0.000,0.0,0,HAYIR,EVET
2026-08-16 19:58:06.325,0.00,0.00,0,0.0,0.0,0.000,0.0,0,HAYIR,EVET
2026-08-16 19:58:06.344,0.00,0.00,0,0.0,0.0,0.000,0.0,0,HAYIR,EVET
2026-08-16 19:58:06.365,0.00,0.00,0,0.0,0.0,0.000,0.0,0,HAYIR,EVET
2026-08-16 19:58:06.385,0.00,0.00,0,0.0,0.0,0.000,0.0,0,HAYIR,EVET
2026-08-16 19:58:06.405,0.00,0.00,0,0.0,0.0,0.000,0.0,0,HAYIR,EVET
2026-08-16 19:58:06.424,0.00,0.00,0,0.0,0.0,0.000,0.0,0,HAYIR,EVET
2026-08-16 19:58:06.444,0.00,0.00,0,0.0,0.0,0.000,0.0,0,HAYIR,EVET
2026-08-16 19:58:06.465,0.00,0.00,0,0.0,0.0,0.000,0.0,0,HAYIR,EVET
2026-08-16 19:58:06.485,0.00,0.00,0,0.0,0.0,0.000,0.0,0,HAYIR,EVET
2026-08-16 19:58:06.505,0.00,0.00,0,0.0,0.0,0.000,0.0,0,HAYIR,EVET
2026-08-16 19:58:06.524,0.00,0.00,0,0.0,0.0,0.000,0.0,0,HAYIR,EVET
2026-08-16 19:58:06.544,0.00,0.00,0,0.0,0.0,0.000,0.0,0,HAYIR,EVET
2026-08-16 19:58:06.564,0.00,0.00,0,0.0,0.0,0.000,0.0,0,HAYIR,EVET
2026-08-16 19:58:06.584,0.00,0.00,0,0.0,0.0,0.000,0.0,0,HAYIR,EVET
2026-08-16 19:58:06.604,0.00,0.00,0,0.0,0.0,0.000,0.0,0,HAYIR,EVET
2026-08-16 19:58:06.624,0.00,0.00,0,0.0,0.0,0.000,0.0,0,HAYIR,EVET
2026-08-16 19:58:06.644,0.00,0.00,0,0.0,0.0,0.000,0.0,0,HAYIR,EVET
2026-08-16 19:58:06.664,0.00,0.00,0,0.0,0.0,0.000,0.0,0,HAYIR,EVET
2026-08-16 19:58:06.684,0.00,0.00,0,0.0,0.0,0.000,0.0,0,HAYIR,EVET
2026-08-16 19:58:06.704,0.00,0.00,0,0.0,0.0,0.000,0.0,0,HAYIR,EVET
2026-08-16 19:58:06.724,0.00,0.00,0,0.0,0.0,0.000,0.0,0,HAYIR,EVET
2026-08-16 19:58:06.744,0.00,0.00,0,0.0,0.0,0.000,0.0,0,HAYIR,EVET
2026-08-16 19:58:06.764,0.00,0.00,0,0.0,0.0,0.000,0.0,0,HAYIR,EVET
2026-08-16 19:58:06.784,0.00,0.00,0,0.0,0.0,0.000,0.0,0,HAYIR,EVET
2026-08-16 19:58:06.804,0.00,0.00,0,0.0,0.0,0.000,0.0,0,HAYIR,EVET
2026-08-16 19:58:06.824,0.00,0.00,0,0.0,0.0,0.000,0.0,0,HAYIR,EVET
2026-08-16 19:58:06.844,0.00,0.00,0,0.0,0.0,0.000,0.0,0,HAYIR,EVET
2026-08-16 19:58:06.865,0.00,0.00,0,0.0,0.0,0.000,0.0,0,HAYIR,EVET
2026-08-16 19:58:06.884,0.00,0.00,0,0.0,0.0,0.000,0.0,0,HAYIR,EVET
2026-08-16 19:58:06.904,0.00,0.00,0,0.0,0.0,0.000,0.0,0,HAYIR,EVET
2026-08-16 19:58:06.924,0.00,0.00,0,0.0,0.0,0.000,0.0,0,HAYIR,EVET
2026-08-16 19:58:06.944,0.00,0.00,0,0.0,0.0,0.000,0.0,0,HAYIR,EVET
2026-08-16 19:58:06.964,0.00,0.00,0,0.0,0.0,0.000,0.0,0,HAYIR,EVET
2026-08-16 19:58:06.984,0.00,0.00,0,0.0,0.0,0.000,0.0,0,HAYIR,EVET
2026-08-16 19:58:07.004,0.00,0.00,0,0.0,0.0,0.000,0.0,0,HAYIR,EVET
2026-08-16 19:58:07.024,0.00,0.00,0,0.0,0.0,0.000,0.0,0,HAYIR,EVET
2026-08-16 19:58:07.044,0.00,0.00,0,0.0,0.0,0.000,0.0,0,HAYIR,EVET
2026-08-16 19:58:07.065,0.00,0.00,0,0.0,0.0,0.000,0.0,0,HAYIR,EVET
2026-08-16 19:58:07.084,0.00,0.00,0,0.0,0.0,0.000,0.0,0,HAYIR,EVET
2026-08-16 19:58:07.104,0.00,0.00,0,0.0,0.0,0.000,0.0,0,HAYIR,EVET
2026-08-16 19:58:07.124,0.00,0.00,0,0.0,0.0,0.000,0.0,0,HAYIR,EVET
2026-08-16 19:58:07.144,0.00,0.00,0,0.0,0.0,0.000,0.0,0,HAYIR,EVET
2026-08-16 19:58:07.164,0.00,0.00,0,0.0,0.0,0.000,0.0,0,HAYIR,EVET
2026-08-16 19:58:07.184,0.00,0.00,0,0.0,0.0,0.000,0.0,0,HAYIR,EVET
2026-08-16 19:58:07.204,0.00,0.00,0,0.0,0.0,0.000,0.0,0,HAYIR,EVET
2026-08-16 19:58:07.224,0.00,0.00,0,0.0,0.0,0.000,0.0,0,HAYIR,EVET
2026-08-16 19:58:07.244,0.00,0.00,0,0.0,0.0,0.000,0.0,0,HAYIR,EVET
2026-08-16 19:58:07.265,0.00,0.00,0,0.0,0.0,0.000,0.0,0,HAYIR,EVET
2026-08-16 19:58:07.284,0.00,0.00,0,0.0,0.0,0.000,0.0,0,HAYIR,EVET
2026-08-16 19:58:07.304,0.00,0.00,0,0.0,0.0,0.000,0.0,0,HAYIR,EVET
2026-08-16 19:58:07.324,0.00,0.00,0,0.0,0.0,0.000,0.0,0,HAYIR,EVET
2026-08-16 19:58:07.344,0.00,0.00,0,0.0,0.0,0.000,0.0,0,HAYIR,EVET
2026-08-16 19:58:07.364,0.00,0.00,0,0.0,0.0,0.000,0.0,0,HAYIR,EVET
2026-08-16 19:58:07.384,0.00,0.00,0,0.0,0.0,0.000,0.0,0,HAYIR,EVET
2026-08-16 19:58:07.404,0.00,0.00,0,0.0,0.0,0.000,0.0,0,HAYIR,EVET
2026-08-16 19:58:07.424,0.00,0.00,0,0.0,0.0,0.000,0.0,0,HAYIR,EVET
2026-08-16 19:58:07.444,0.00,0.00,0,0.0,0.0,0.000,0.0,0,HAYIR,EVET
2026-08-16 19:58:07.465,0.00,0.00,0,0.0,0.0,0.000,0.0,0,HAYIR,EVET
2026-08-16 19:58:07.484,0.00,0.00,0,0.0,0.0,0.000,0.0,0,HAYIR,EVET
2026-08-16 19:58:07.504,0.00,0.00,0,0.0,0.0,0.000,0.0,0,HAYIR,EVET
2026-08-16 19:58:07.524,0.00,0.00,0,0.0,0.0,0.000,0.0,0,HAYIR,EVET
2026-08-16 19:58:07.544,0.00,0.00,0,0.0,0.0,0.000,0.0,0,HAYIR,EVET
2026-08-16 19:58:07.565,0.00,0.00,0,0.0,0.0,0.000,0.0,0,HAYIR,EVET
2026-08-16 19:58:07.584,0.00,0.00,0,0.0,0.0,0.000,0.0,0,HAYIR,EVET
2026-08-16 19:58:07.604,0.00,0.00,0,0.0,0.0,0.000,0.0,0,HAYIR,EVET
2026-08-16 19:58:07.624,0.00,0.00,0,0.0,0.0,0.000,0.0,0,HAYIR,EVET
2026-08-16 19:58:07.644,0.00,0.00,0,0.0,0.0,0.000,0.0,0,HAYIR,EVET
2026-08-16 19:58:07.665,0.00,0.00,0,0.0,0.0,0.000,0.0,0,HAYIR,EVET
2026-08-16 19:58:07.684,0.00,0.00,0,0.0,0.0,0.000,0.0,0,HAYIR,EVET
2026-08-16 19:58:07.704,0.00,0.00,0,0.0,0.0,0.000,0.0,0,HAYIR,EVET
2026-08-16 19:58:07.724,0.00,0.00,0,0.0,0.0,0.000,0.0,0,HAYIR,EVET
2026-08-16 19:58:07.744,0.00,0.00,0,0.0,0.0,0.000,0.0,0,HAYIR,EVET
2026-08-16 19:58:07.764,0.00,0.00,0,0.0,0.0,0.000,0.0,0,HAYIR,EVET
2026-08-16 19:58:07.784,0.00,0.00,0,0.0,0.0,0.000,0.0,0,HAYIR,EVET
2026-08-16 19:58:07.804,0.00,0.00,0,0.0,0.0,0.000,0.0,0,HAYIR,EVET
2026-08-16 19:58:07.824,0.00,0.00,0,0.0,0.0,0.000,0.0,0,HAYIR,EVET
2026-08-16 19:58:07.844,0.00,0.00,0,0.0,0.0,0.000,0.0,0,HAYIR,EVET
2026-08-16 19:58:07.865,0.00,0.00,0,0.0,0.0,0.000,0.0,0,HAYIR,EVET
2026-08-16 19:58:07.884,0.00,0.00,0,0.0,0.0,0.000,0.0,0,HAYIR,EVET
2026-08-16 19:58:07.905,0.00,0.00,0,0.0,0.0,0.000,0.0,0,HAYIR,EVET
2026-08-16 19:58:07.924,0.00,0.00,0,0.0,0.0,0.000,0.0,0,HAYIR,EVET
2026-08-16 19:58:07.944,0.00,0.00,0,0.0,0.0,0.000,0.0,0,HAYIR,EVET
2026-08-16 19:58:07.964,0.00,0.00,0,0.0,0.0,0.000,0.0,0,HAYIR,EVET
2026-08-16 19:58:07.984,0.00,0.00,0,0.0,0.0,0.000,0.0,0,HAYIR,EVET
2026-08-16 19:58:08.004,0.00,0.00,0,0.0,0.0,0.000,0.0,0,HAYIR,EVET
2026-08-16 19:58:08.024,0.00,0.00,0,0.0,0.0,0.000,0.0,0,HAYIR,EVET
2026-08-16 19:58:08.044,0.00,0.00,0,0.0,0.0,0.000,0.0,0,HAYIR,EVET
2026-08-16 19:58:08.065,0.00,0.00,0,0.0,0.0,0.000,0.0,0,HAYIR,EVET
2026-08-16 19:58:08.084,0.00,0.00,0,0.0,0.0,0.000,0.0,0,HAYIR,EVET
2026-08-16 19:58:08.104,0.00,0.00,0,0.0,0.0,0.000,0.0,0,HAYIR,EVET
2026-08-16 19:58:08.124,0.00,0.00,0,0.0,0.0,0.000,0.0,0,HAYIR,EVET
2026-08-16 19:58:08.144,0.00,0.00,0,0.0,0.0,0.000,0.0,0,HAYIR,EVET
2026-08-16 19:58:08.165,0.00,0.00,0,0.0,0.0,0.000,0.0,0,HAYIR,EVET
2026-08-16 19:58:08.184,0.00,0.00,0,0.0,0.0,0.000,0.0,0,HAYIR,EVET
2026-08-16 19:58:08.204,0.00,0.00,0,0.0,0.0,0.000,0.0,0,HAYIR,EVET
2026-08-16 19:58:08.224,0.00,0.00,0,0.0,0.0,0.000,0.0,0,HAYIR,EVET
2026-08-16 19:58:08.244,0.00,0.00,0,0.0,0.0,0.000,0.0,0,HAYIR,EVET
2026-08-16 19:58:08.265,0.00,0.00,0,0.0,0.0,0.000,0.0,0,HAYIR,EVET
2026-08-16 19:58:08.284,0.00,0.00,0,0.0,0.0,0.000,0.0,0,HAYIR,EVET
2026-08-16 19:58:08.304,0.00,0.00,0,0.0,0.0,0.000,0.0,0,HAYIR,EVET
2026-08-16 19:58:08.324,0.00,0.00,0,0.0,0.0,0.000,0.0,0,HAYIR,EVET
2026-08-16 19:58:08.344,0.00,0.00,0,0.0,0.0,0.000,0.0,0,HAYIR,EVET
2026-08-16 19:58:08.365,0.00,0.00,0,0.0,0.0,0.000,0.0,0,HAYIR,EVET
2026-08-16 19:58:08.384,0.00,0.00,0,0.0,0.0,0.000,0.0,0,HAYIR,EVET
2026-08-16 19:58:08.404,0.00,0.00,0,0.0,0.0,0.000,0.0,0,HAYIR,EVET
2026-08-16 19:58:08.424,0.00,0.00,0,0.0,0.0,0.000,0.0,0,HAYIR,EVET
2026-08-16 19:58:08.444,0.00,0.00,0,0.0,0.0,0.000,0.0,0,HAYIR,EVET
2026-08-16 19:58:08.465,0.00,0.00,0,0.0,0.0,0.000,0.0,0,HAYIR,EVET
2026-08-16 19:58:08.484,0.00,0.00,0,0.0,0.0,0.000,0.0,0,HAYIR,EVET
2026-08-16 19:58:08.504,0.00,0.00,0,0.0,0.0,0.000,0.0,0,HAYIR,EVET
2026-08-16 19:58:08.524,0.00,0.00,0,0.0,0.0,0.000,0.0,0,HAYIR,EVET
2026-08-16 19:58:08.544,0.00,0.00,0,0.0,0.0,0.000,0.0,0,HAYIR,EVET
2026-08-16 19:58:08.564,0.00,0.00,0,0.0,0.0,0.000,0.0,0,HAYIR,EVET
2026-08-16 19:58:08.584,0.00,0.00,0,0.0,0.0,0.000,0.0,0,HAYIR,EVET
2026-08-16 19:58:08.604,0.00,0.00,0,0.0,0.0,0.000,0.0,0,HAYIR,EVET
2026-08-16 19:58:08.624,0.00,0.00,0,0.0,0.0,0.000,0.0,0,HAYIR,EVET
2026-08-16 19:58:08.644,0.00,0.00,0,0.0,0.0,0.000,0.0,0,HAYIR,EVET
2026-08-16 19:58:08.665,0.00,0.00,0,0.0,0.0,0.000,0.0,0,HAYIR,EVET
2026-08-16 19:58:08.684,0.00,0.00,0,0.0,0.0,0.000,0.0,0,HAYIR,EVET
2026-08-16 19:58:08.704,0.00,0.00,0,0.0,0.0,0.000,0.0,0,HAYIR,EVET
2026-08-16 19:58:08.724,0.00,0.00,0,0.0,0.0,0.000,0.0,0,HAYIR,EVET
2026-08-16 19:58:08.744,0.00,0.00,0,0.0,0.0,0.000,0.0,0,HAYIR,EVET
2026-08-16 19:58:08.764,0.00,0.00,0,0.0,0.0,0.000,0.0,0,HAYIR,EVET
2026-08-16 19:58:08.784,0.00,0.00,0,0.0,0.0,0.000,0.0,0,HAYIR,EVET
2026-08-16 19:58:08.804,0.00,0.00,0,0.0,0.0,0.000,0.0,0,HAYIR,EVET
2026-08-16 19:58:08.824,0.00,0.00,0,0.0,0.0,0.000,0.0,0,HAYIR,EVET
2026-08-16 19:58:08.844,0.00,0.00,0,0.0,0.0,0.000,0.0,0,HAYIR,EVET
2026-08-16 19:58:08.865,0.00,0.00,0,0.0,0.0,0.000,0.0,0,HAYIR,EVET
2026-08-16 19:58:08.884,0.00,0.00,0,0.0,0.0,0.000,0.0,0,HAYIR,EVET
2026-08-16 19:58:08.904,0.00,0.00,0,0.0,0.0,0.000,0.0,0,HAYIR,EVET
2026-08-16 19:58:08.924,0.00,0.00,0,0.0,0.0,0.000,0.0,0,HAYIR,EVET
2026-08-16 19:58:08.944,0.00,0.00,0,0.0,0.0,0.000,0.0,0,HAYIR,EVET
2026-08-16 19:58:08.964,0.00,0.00,0,0.0,0.0,0.000,0.0,0,HAYIR,EVET
2026-08-16 19:58:08.984,0.00,0.00,0,0.0,0.0,0.000,0.0,0,HAYIR,EVET
2026-08-16 19:58:09.005,0.00,0.00,0,0.0,0.0,0.000,0.0,0,HAYIR,EVET
2026-08-16 19:58:09.024,0.00,0.00,0,0.0,0.0,0.000,0.0,0,HAYIR,EVET
2026-08-16 19:58:09.044,0.00,0.00,0,0.0,0.0,0.000,0.0,0,HAYIR,EVET
2026-08-16 19:58:09.065,0.00,0.00,0,0.0,0.0,0.000,0.0,0,HAYIR,EVET
2026-08-16 19:58:09.084,0.00,0.00,0,0.0,0.0,0.000,0.0,0,HAYIR,EVET
2026-08-16 19:58:09.104,0.00,0.00,0,0.0,0.0,0.000,0.0,0,HAYIR,EVET
2026-08-16 19:58:09.124,0.00,0.00,0,0.0,0.0,0.000,0.0,0,HAYIR,EVET
2026-08-16 19:58:09.144,0.00,0.00,0,0.0,0.0,0.000,0.0,0,HAYIR,EVET
2026-08-16 19:58:09.164,0.00,0.00,0,0.0,0.0,0.000,0.0,0,HAYIR,EVET
2026-08-16 19:58:09.184,0.00,0.00,0,0.0,0.0,0.000,0.0,0,HAYIR,EVET
2026-08-16 19:58:09.204,0.00,0.00,0,0.0,0.0,0.000,0.0,0,HAYIR,EVET
2026-08-16 19:58:09.224,0.00,0.00,0,0.0,0.0,0.000,0.0,0,HAYIR,EVET
2026-08-16 19:58:09.244,0.00,0.00,0,0.0,0.0,0.000,0.0,0,HAYIR,EVET
2026-08-16 19:58:09.265,0.00,0.00,0,0.0,0.0,0.000,0.0,0,HAYIR,EVET
2026-08-16 19:58:09.284,0.00,0.00,0,0.0,0.0,0.000,0.0,0,HAYIR,EVET
2026-08-16 19:58:09.304,0.00,0.00,0,0.0,0.0,0.000,0.0,0,HAYIR,EVET
2026-08-16 19:58:09.324,0.00,0.00,0,0.0,0.0,0.000,0.0,0,HAYIR,EVET
2026-08-16 19:58:09.344,0.00,0.00,0,0.0,0.0,0.000,0.0,0,HAYIR,EVET
2026-08-16 19:58:09.364,0.00,0.00,0,0.0,0.0,0.000,0.0,0,HAYIR,EVET
2026-08-16 19:58:09.384,0.00,0.00,0,0.0,0.0,0.000,0.0,0,HAYIR,EVET
2026-08-16 19:58:09.404,0.00,0.00,0,0.0,0.0,0.000,0.0,0,HAYIR,EVET
2026-08-16 19:58:09.424,0.00,0.00,0,0.0,0.0,0.000,0.0,0,HAYIR,EVET
2026-08-16 19:58:09.444,0.00,0.00,0,0.0,0.0,0.000,0.0,0,HAYIR,EVET
2026-08-16 19:58:09.465,0.00,0.00,0,0.0,0.0,0.000,0.0,0,HAYIR,EVET
2026-08-16 19:58:09.484,0.00,0.00,0,0.0,0.0,0.000,0.0,0,HAYIR,EVET
2026-08-16 19:58:09.504,0.00,0.00,0,0.0,0.0,0.000,0.0,0,HAYIR,EVET
2026-08-16 19:58:09.524,0.00,0.00,0,0.0,0.0,0.000,0.0,0,HAYIR,EVET
2026-08-16 19:58:09.544,0.00,0.00,0,0.0,0.0,0.000,0.0,0,HAYIR,EVET
2026-08-16 19:58:09.564,0.00,0.00,0,0.0,0.0,0.000,0.0,0,HAYIR,EVET
2026-08-16 19:58:09.584,0.00,0.00,0,0.0,0.0,0.000,0.0,0,HAYIR,EVET
2026-08-16 19:58:09.604,0.00,0.00,0,0.0,0.0,0.000,0.0,0,HAYIR,EVET
2026-08-16 19:58:09.624,0.00,-0.01,0,0.0,0.0,0.000,0.0,0,HAYIR,EVET
2026-08-16 19:58:09.644,0.00,-0.01,0,0.0,0.0,0.000,0.0,0,HAYIR,EVET
2026-08-16 19:58:09.665,0.00,-0.01,0,0.0,0.0,0.000,0.0,0,HAYIR,EVET
2026-08-16 19:58:09.684,0.00,-0.01,0,0.0,0.0,0.000,0.0,0,HAYIR,EVET
2026-08-16 19:58:09.704,0.00,-0.01,0,0.0,0.0,0.000,0.0,0,HAYIR,EVET
2026-08-16 19:58:09.724,0.00,-0.01,0,0.0,0.0,0.000,0.0,0,HAYIR,EVET
2026-08-16 19:58:09.744,0.00,-0.01,0,0.0,0.0,0.000,0.0,0,HAYIR,EVET
2026-08-16 19:58:09.765,0.00,-0.01,0,0.0,0.0,0.000,0.0,0,HAYIR,EVET
2026-08-16 19:58:09.784,0.00,-0.01,0,0.0,0.0,0.000,0.0,0,HAYIR,EVET
2026-08-16 19:58:09.804,0.00,-0.01,0,0.0,0.0,0.000,0.0,0,HAYIR,EVET
2026-08-16 19:58:09.824,0.00,-0.01,0,0.0,0.0,0.000,0.0,0,HAYIR,EVET
2026-08-16 19:58:09.844,0.00,-0.01,0,0.0,0.0,0.000,0.0,0,HAYIR,EVET
2026-08-16 19:58:09.865,0.00,-0.01,0,0.0,0.0,0.000,0.0,0,HAYIR,EVET
2026-08-16 19:58:09.884,0.00,-0.01,0,0.0,0.0,0.000,0.0,0,HAYIR,EVET
2026-08-16 19:58:09.904,0.00,-0.01,0,0.0,0.0,0.000,0.0,0,HAYIR,EVET
2026-08-16 19:58:09.924,0.00,-0.01,0,0.0,0.0,0.000,0.0,0,HAYIR,EVET
2026-08-16 19:58:09.944,0.00,-0.01,0,0.0,0.0,0.000,0.0,0,HAYIR,EVET
2026-08-16 19:58:09.964,0.00,-0.01,0,0.0,0.0,0.000,0.0,0,HAYIR,EVET
2026-08-16 19:58:09.984,0.00,-0.01,0,0.0,0.0,0.000,0.0,0,HAYIR,EVET
2026-08-16 19:58:10.004,0.00,-0.01,0,0.0,0.0,0.000,0.0,0,HAYIR,EVET
2026-08-16 19:58:10.024,0.00,-0.01,0,0.0,0.0,0.000,0.0,0,HAYIR,EVET
2026-08-16 19:58:10.044,0.00,-0.01,0,0.0,0.0,0.000,0.0,0,HAYIR,EVET
2026-08-16 19:58:10.065,0.00,-0.01,0,0.0,0.0,0.000,0.0,0,HAYIR,EVET
2026-08-16 19:58:10.084,0.00,-0.01,0,0.0,0.0,0.000,0.0,0,HAYIR,EVET
2026-08-16 19:58:10.104,0.00,-0.01,0,0.0,0.0,0.000,0.0,0,HAYIR,EVET
2026-08-16 19:58:10.124,0.00,-0.01,0,0.0,0.0,0.000,0.0,0,HAYIR,EVET
2026-08-16 19:58:10.144,0.00,-0.01,0,0.0,0.0,0.000,0.0,0,HAYIR,EVET
2026-08-16 19:58:10.165,0.00,-0.01,0,0.0,0.0,0.000,0.0,0,HAYIR,EVET
2026-08-16 19:58:10.184,0.00,-0.01,0,0.0,0.0,0.000,0.0,0,HAYIR,EVET
2026-08-16 19:58:10.204,0.00,-0.01,0,0.0,0.0,0.000,0.0,0,HAYIR,EVET
2026-08-16 19:58:10.224,0.00,-0.01,0,0.0,0.0,0.000,0.0,0,HAYIR,EVET
2026-08-16 19:58:10.244,0.00,-0.01,0,0.0,0.0,0.000,0.0,0,HAYIR,EVET
2026-08-16 19:58:10.265,0.00,-0.01,0,0.0,0.0,0.000,0.0,0,HAYIR,EVET
2026-08-16 19:58:10.284,0.00,-0.01,0,0.0,0.0,0.000,0.0,0,HAYIR,EVET
2026-08-16 19:58:10.304,0.00,-0.00,0,0.0,0.0,0.000,0.0,0,HAYIR,EVET
2026-08-16 19:58:10.324,0.00,-0.00,0,0.0,0.0,0.000,0.0,0,HAYIR,EVET
2026-08-16 19:58:10.344,0.00,-0.00,0,0.0,0.0,0.000,0.0,0,HAYIR,EVET
2026-08-16 19:58:10.364,0.00,-0.00,0,0.0,0.0,0.000,0.0,0,HAYIR,EVET
2026-08-16 19:58:10.384,0.00,-0.00,0,0.0,0.0,0.000,0.0,0,HAYIR,EVET
2026-08-16 19:58:10.404,0.00,-0.00,0,0.0,0.0,0.000,0.0,0,HAYIR,EVET
2026-08-16 19:58:10.424,0.00,-0.00,0,0.0,0.0,0.000,0.0,0,HAYIR,EVET
2026-08-16 19:58:10.444,0.00,-0.00,0,0.0,0.0,0.000,0.0,0,HAYIR,EVET
2026-08-16 19:58:10.465,0.00,-0.00,0,0.0,0.0,0.000,0.0,0,HAYIR,EVET
2026-08-16 19:58:10.484,0.00,-0.00,0,0.0,0.0,0.000,0.0,0,HAYIR,EVET
2026-08-16 19:58:10.504,0.00,-0.00,0,0.0,0.0,0.000,0.0,0,HAYIR,EVET
2026-08-16 19:58:10.524,0.00,-0.00,0,0.0,0.0,0.000,0.0,0,HAYIR,EVET
2026-08-16 19:58:10.544,0.00,-0.00,0,0.0,0.0,0.000,0.0,0,HAYIR,EVET
2026-08-16 19:58:10.564,0.00,-0.00,0,0.0,0.0,0.000,0.0,0,HAYIR,EVET
2026-08-16 19:58:10.584,0.00,-0.00,0,0.0,0.0,0.000,0.0,0,HAYIR,EVET
2026-08-16 19:58:10.604,0.00,-0.00,0,0.0,0.0,0.000,0.0,0,HAYIR,EVET
2026-08-16 19:58:10.624,0.00,-0.00,0,0.0,0.0,0.000,0.0,0,HAYIR,EVET
2026-08-16 19:58:10.644,0.00,-0.00,0,0.0,0.0,0.000,0.0,0,HAYIR,EVET
2026-08-16 19:58:10.665,0.00,-0.00,0,0.0,0.0,0.000,0.0,0,HAYIR,EVET
2026-08-16 19:58:10.684,0.00,-0.00,0,0.0,0.0,0.000,0.0,0,HAYIR,EVET
2026-08-16 19:58:10.704,0.00,-0.00,0,0.0,0.0,0.000,0.0,0,HAYIR,EVET
2026-08-16 19:58:10.724,0.00,-0.00,0,0.0,0.0,0.000,0.0,0,HAYIR,EVET
2026-08-16 19:58:10.744,0.00,-0.00,0,0.0,0.0,0.000,0.0,0,HAYIR,EVET
2026-08-16 19:58:10.765,0.00,-0.00,0,0.0,0.0,0.000,0.0,0,HAYIR,EVET
2026-08-16 19:58:10.784,0.00,-0.00,0,0.0,0.0,0.000,0.0,0,HAYIR,EVET
2026-08-16 19:58:10.805,0.00,-0.00,0,0.0,0.0,0.000,0.0,0,HAYIR,EVET
2026-08-16 19:58:10.824,0.00,-0.00,0,0.0,0.0,0.000,0.0,0,HAYIR,EVET
2026-08-16 19:58:10.844,0.00,-0.00,0,0.0,0.0,0.000,0.0,0,HAYIR,EVET
2026-08-16 19:58:10.865,0.00,-0.00,0,0.0,0.0,0.000,0.0,0,HAYIR,EVET
2026-08-16 19:58:10.884,0.00,-0.00,0,0.0,0.0,0.000,0.0,0,HAYIR,EVET
2026-08-16 19:58:10.904,0.00,-0.00,0,0.0,0.0,0.000,0.0,0,HAYIR,EVET
2026-08-16 19:58:10.924,0.00,-0.00,0,0.0,0.0,0.000,0.0,0,HAYIR,EVET
2026-08-16 19:58:10.945,0.00,-0.00,0,0.0,0.0,0.000,0.0,0,HAYIR,EVET
2026-08-16 19:58:10.965,0.00,-0.00,0,0.0,0.0,0.000,0.0,0,HAYIR,EVET
2026-08-16 19:58:10.985,0.00,-0.03,0,0.0,0.0,0.000,0.0,0,HAYIR,EVET
2026-08-16 19:58:11.004,0.00,-0.03,0,0.0,0.0,0.000,0.0,0,HAYIR,EVET
2026-08-16 19:58:11.024,0.00,-0.03,0,0.0,0.0,0.000,0.0,0,HAYIR,EVET
2026-08-16 19:58:11.044,0.00,-0.03,0,0.0,0.0,0.000,0.0,0,HAYIR,EVET
2026-08-16 19:58:11.064,0.00,-0.03,0,0.0,0.0,0.000,0.0,0,HAYIR,EVET
2026-08-16 19:58:11.084,0.00,-0.03,0,0.0,0.0,0.000,0.0,0,HAYIR,EVET
2026-08-16 19:58:11.104,0.00,-0.03,0,0.0,0.0,0.000,0.0,0,HAYIR,EVET
2026-08-16 19:58:11.124,0.00,-0.03,0,0.0,0.0,0.000,0.0,0,HAYIR,EVET
2026-08-16 19:58:11.144,0.00,-0.03,0,0.0,0.0,0.000,0.0,0,HAYIR,EVET
2026-08-16 19:58:11.165,0.00,-0.03,0,0.0,0.0,0.000,0.0,0,HAYIR,EVET
2026-08-16 19:58:11.184,0.00,-0.03,0,0.0,0.0,0.000,0.0,0,HAYIR,EVET
2026-08-16 19:58:11.204,0.00,-0.03,0,0.0,0.0,0.000,0.0,0,HAYIR,EVET
2026-08-16 19:58:11.224,0.00,-0.03,0,0.0,0.0,0.000,0.0,0,HAYIR,EVET
2026-08-16 19:58:11.244,0.00,-0.03,0,0.0,0.0,0.000,0.0,0,HAYIR,EVET
2026-08-16 19:58:11.264,0.00,-0.08,0,0.0,0.0,0.000,0.0,0,HAYIR,EVET
2026-08-16 19:58:11.285,0.00,-0.08,0,0.0,0.0,0.000,0.0,0,HAYIR,EVET
2026-08-16 19:58:11.304,0.00,-0.08,0,0.0,0.0,0.000,0.0,0,HAYIR,EVET
2026-08-16 19:58:11.324,0.00,-0.08,0,0.0,0.0,0.000,0.0,0,HAYIR,EVET
2026-08-16 19:58:11.345,0.00,-0.08,0,0.0,0.0,0.000,0.0,0,HAYIR,EVET
2026-08-16 19:58:11.365,0.00,-0.08,0,0.0,0.0,0.000,0.0,0,HAYIR,EVET
2026-08-16 19:58:11.384,0.00,-0.08,0,0.0,0.0,0.000,0.0,0,HAYIR,EVET
2026-08-16 19:58:11.404,0.00,-0.08,0,0.0,0.0,0.000,0.0,0,HAYIR,EVET
2026-08-16 19:58:11.424,0.00,-0.08,0,0.0,0.0,0.000,0.0,0,HAYIR,EVET
2026-08-16 19:58:11.444,0.00,-0.08,0,0.0,0.0,0.000,0.0,0,HAYIR,EVET
2026-08-16 19:58:11.465,0.00,-0.08,0,0.0,0.0,0.000,0.0,0,HAYIR,EVET
2026-08-16 19:58:11.484,0.00,-0.08,0,0.0,0.0,0.000,0.0,0,HAYIR,EVET
2026-08-16 19:58:11.504,0.00,-0.08,0,0.0,0.0,0.000,0.0,0,HAYIR,EVET
2026-08-16 19:58:11.524,0.00,-0.08,0,0.0,0.0,0.000,0.0,0,HAYIR,EVET
2026-08-16 19:58:11.544,0.00,-0.08,0,0.0,0.0,0.000,0.0,0,HAYIR,EVET
2026-08-16 19:58:11.565,0.00,-0.08,0,0.0,0.0,0.000,0.0,0,HAYIR,EVET
2026-08-16 19:58:11.592,0.00,-0.08,0,0.0,0.0,0.000,0.0,0,HAYIR,EVET
2026-08-16 19:58:11.604,0.00,-0.08,0,0.0,0.0,0.000,0.0,0,HAYIR,EVET
2026-08-16 19:58:11.624,0.00,-0.08,0,0.0,0.0,0.000,0.0,0,HAYIR,EVET
2026-08-16 19:58:11.644,0.00,-0.14,0,0.0,0.0,0.000,0.0,0,EVET,EVET
2026-08-16 19:58:11.664,0.00,-0.14,0,0.0,0.0,0.000,0.0,0,EVET,EVET
2026-08-16 19:58:11.684,0.00,-0.14,0,0.0,0.0,0.000,0.0,0,EVET,EVET
2026-08-16 19:58:11.704,0.00,-0.14,0,0.0,0.0,0.000,0.0,0,EVET,EVET
2026-08-16 19:58:11.724,0.00,-0.14,0,0.0,0.0,0.000,0.0,0,EVET,EVET
2026-08-16 19:58:11.744,0.00,-0.14,0,0.0,0.0,0.000,0.0,0,EVET,EVET
2026-08-16 19:58:11.765,0.00,-0.14,0,0.0,0.0,0.000,0.0,0,EVET,EVET
2026-08-16 19:58:11.784,0.00,-0.14,0,0.0,0.0,0.000,0.0,0,EVET,EVET
2026-08-16 19:58:11.804,0.00,-0.14,0,0.0,0.0,0.000,0.0,0,EVET,EVET
2026-08-16 19:58:11.824,0.00,-0.14,0,0.0,0.0,0.000,0.0,0,EVET,EVET
2026-08-16 19:58:11.844,0.00,-0.14,0,0.0,0.0,0.000,0.0,0,EVET,EVET
2026-08-16 19:58:11.865,0.00,-0.14,0,0.0,0.0,0.000,0.0,0,EVET,EVET
2026-08-16 19:58:11.884,0.00,-0.14,0,0.0,0.0,0.000,0.0,0,EVET,EVET
2026-08-16 19:58:11.904,0.00,-0.14,0,0.0,0.0,0.000,0.0,0,EVET,EVET
2026-08-16 19:58:11.924,0.00,-0.14,0,0.0,0.0,0.000,0.0,0,EVET,EVET
2026-08-16 19:58:11.944,0.00,-0.21,0,0.0,0.0,0.000,0.0,0,EVET,EVET
2026-08-16 19:58:11.964,0.00,-0.21,0,0.0,0.0,0.000,0.0,0,EVET,EVET
2026-08-16 19:58:11.984,0.00,-0.21,0,0.0,0.0,0.000,0.0,0,EVET,EVET
2026-08-16 19:58:12.004,0.00,-0.21,0,0.0,0.0,0.000,0.0,0,EVET,EVET
2026-08-16 19:58:12.024,0.00,-0.21,0,0.0,0.0,0.000,0.0,0,EVET,EVET
2026-08-16 19:58:12.044,0.00,-0.21,0,0.0,0.0,0.000,0.0,0,EVET,EVET
2026-08-16 19:58:12.064,0.00,-0.21,0,0.0,0.0,0.000,0.0,0,EVET,EVET
2026-08-16 19:58:12.084,0.00,-0.21,0,0.0,0.0,0.000,0.0,0,EVET,EVET
2026-08-16 19:58:12.104,0.00,-0.21,0,0.0,0.0,0.000,0.0,0,EVET,EVET
2026-08-16 19:58:12.124,0.00,-0.21,0,0.0,0.0,0.000,0.0,0,EVET,EVET
2026-08-16 19:58:12.144,0.00,-0.21,0,0.0,0.0,0.000,0.0,0,EVET,EVET
2026-08-16 19:58:12.164,0.00,-0.21,0,0.0,0.0,0.000,0.0,0,EVET,EVET
2026-08-16 19:58:12.184,0.00,-0.21,0,0.0,0.0,0.000,0.0,0,EVET,EVET
2026-08-16 19:58:12.204,0.00,-0.21,0,0.0,0.0,0.000,0.0,0,EVET,EVET
2026-08-16 19:58:12.224,0.00,-0.21,0,0.0,0.0,0.000,0.0,0,EVET,EVET
2026-08-16 19:58:12.244,0.00,-0.21,0,0.0,0.0,0.000,0.0,0,EVET,EVET
2026-08-16 19:58:12.265,0.00,-0.27,0,0.0,0.0,0.000,0.0,0,EVET,EVET
2026-08-16 19:58:12.284,0.00,-0.27,0,0.0,0.0,0.000,0.0,0,EVET,EVET
2026-08-16 19:58:12.304,0.00,-0.27,0,0.0,0.0,0.000,0.0,0,EVET,EVET
2026-08-16 19:58:12.324,0.00,-0.27,0,0.0,0.0,0.000,0.0,0,EVET,EVET
2026-08-16 19:58:12.344,0.00,-0.27,0,0.0,0.0,0.000,0.0,0,EVET,EVET
2026-08-16 19:58:12.364,0.00,-0.27,0,0.0,0.0,0.000,0.0,0,EVET,EVET
2026-08-16 19:58:12.384,0.00,-0.27,0,0.0,0.0,0.000,0.0,0,EVET,EVET
2026-08-16 19:58:12.404,0.00,-0.27,0,0.0,0.0,0.000,0.0,0,EVET,EVET
2026-08-16 19:58:12.424,0.00,-0.27,0,0.0,0.0,0.000,0.0,0,EVET,EVET
2026-08-16 19:58:12.444,0.00,-0.27,0,0.0,0.0,0.000,0.0,0,EVET,EVET
2026-08-16 19:58:12.465,0.00,-0.27,0,0.0,0.0,0.000,0.0,0,EVET,EVET
2026-08-16 19:58:12.484,0.00,-0.27,0,0.0,0.0,0.000,0.0,0,EVET,EVET
2026-08-16 19:58:12.504,0.00,-0.27,0,0.0,0.0,0.000,0.0,0,EVET,EVET
2026-08-16 19:58:12.524,0.00,-0.27,0,0.0,0.0,0.000,0.0,0,EVET,EVET
2026-08-16 19:58:12.544,0.00,-0.27,0,0.0,0.0,0.000,0.0,0,EVET,EVET
2026-08-16 19:58:12.565,0.00,-0.27,0,0.0,0.0,0.000,0.0,0,EVET,EVET
2026-08-16 19:58:12.584,0.00,-0.27,0,0.0,0.0,0.000,0.0,0,EVET,EVET
2026-08-16 19:58:12.604,0.00,-0.27,0,0.0,0.0,0.000,0.0,0,EVET,EVET
2026-08-16 19:58:12.624,0.00,-0.27,0,0.0,0.0,0.000,0.0,0,EVET,EVET
2026-08-16 19:58:12.644,0.00,-0.27,0,0.0,0.0,0.000,0.0,0,EVET,EVET
2026-08-16 19:58:12.665,0.00,-0.27,0,0.0,0.0,0.000,0.0,0,EVET,EVET
2026-08-16 19:58:12.684,0.00,-0.27,0,0.0,0.0,0.000,0.0,0,EVET,EVET
2026-08-16 19:58:12.704,0.00,-0.27,0,0.0,0.0,0.000,0.0,0,EVET,EVET
2026-08-16 19:58:12.724,0.00,-0.27,0,0.0,0.0,0.000,0.0,0,EVET,EVET
2026-08-16 19:58:12.744,0.00,-0.27,0,0.0,0.0,0.000,0.0,0,EVET,EVET
2026-08-16 19:58:12.765,0.00,-0.27,0,0.0,0.0,0.000,0.0,0,EVET,EVET
2026-08-16 19:58:12.784,0.00,-0.27,0,0.0,0.0,0.000,0.0,0,EVET,EVET
2026-08-16 19:58:12.804,0.00,-0.27,0,0.0,0.0,0.000,0.0,0,EVET,EVET
2026-08-16 19:58:12.824,0.00,-0.27,0,0.0,0.0,0.000,0.0,0,EVET,EVET
2026-08-16 19:58:12.844,0.00,-0.27,0,0.0,0.0,0.000,0.0,0,EVET,EVET
2026-08-16 19:58:12.865,0.00,-0.27,0,0.0,0.0,0.000,0.0,0,EVET,EVET
2026-08-16 19:58:12.884,0.00,-0.27,0,0.0,0.0,0.000,0.0,0,EVET,EVET
2026-08-16 19:58:12.904,0.00,-0.27,0,0.0,0.0,0.000,0.0,0,EVET,EVET
2026-08-16 19:58:12.924,0.00,-0.27,0,0.0,0.0,0.000,0.0,0,EVET,EVET
2026-08-16 19:58:12.944,0.00,-0.27,0,0.0,0.0,0.000,0.0,0,EVET,EVET
2026-08-16 19:58:12.964,0.00,-0.27,0,0.0,0.0,0.000,0.0,0,EVET,EVET
2026-08-16 19:58:12.984,0.00,-0.27,0,0.0,0.0,0.000,0.0,0,EVET,EVET
2026-08-16 19:58:13.004,0.00,-0.27,0,0.0,0.0,0.000,0.0,0,EVET,EVET
2026-08-16 19:58:13.024,0.00,-0.27,0,0.0,0.0,0.000,0.0,0,EVET,EVET
2026-08-16 19:58:13.044,0.00,-0.27,0,0.0,0.0,0.000,0.0,0,EVET,EVET
2026-08-16 19:58:13.065,0.00,-0.27,0,0.0,0.0,0.000,0.0,0,EVET,EVET
2026-08-16 19:58:13.084,0.00,-0.27,0,0.0,0.0,0.000,0.0,0,EVET,EVET
2026-08-16 19:58:13.104,0.00,-0.27,0,0.0,0.0,0.000,0.0,0,EVET,EVET
2026-08-16 19:58:13.124,0.00,-0.27,0,0.0,0.0,0.000,0.0,0,EVET,EVET
2026-08-16 19:58:13.144,0.00,-0.27,0,0.0,0.0,0.000,0.0,0,EVET,EVET
2026-08-16 19:58:13.164,0.00,-0.27,0,0.0,0.0,0.000,0.0,0,EVET,EVET
2026-08-16 19:58:13.185,0.00,-0.27,0,0.0,0.0,0.000,0.0,0,EVET,EVET
2026-08-16 19:58:13.204,0.00,-0.27,0,0.0,0.0,0.000,0.0,0,EVET,EVET
2026-08-16 19:58:13.224,0.00,-0.27,0,0.0,0.0,0.000,0.0,0,EVET,EVET
2026-08-16 19:58:13.244,0.00,-0.27,0,0.0,0.0,0.000,0.0,0,EVET,EVET
2026-08-16 19:58:13.265,0.00,-0.27,0,0.0,0.0,0.000,0.0,0,EVET,EVET
2026-08-16 19:58:13.284,0.00,-0.26,0,0.0,0.0,0.000,0.0,0,EVET,EVET
2026-08-16 19:58:13.304,0.00,-0.26,0,0.0,0.0,0.000,0.0,0,EVET,EVET
2026-08-16 19:58:13.324,0.00,-0.26,0,0.0,0.0,0.000,0.0,0,EVET,EVET
2026-08-16 19:58:13.344,0.00,-0.26,0,0.0,0.0,0.000,0.0,0,EVET,EVET
2026-08-16 19:58:13.364,0.00,-0.26,0,0.0,0.0,0.000,0.0,0,EVET,EVET
2026-08-16 19:58:13.385,0.00,-0.26,0,0.0,0.0,0.000,0.0,0,EVET,EVET
2026-08-16 19:58:13.404,0.00,-0.26,0,0.0,0.0,0.000,0.0,0,EVET,EVET
2026-08-16 19:58:13.424,0.00,-0.26,0,0.0,0.0,0.000,0.0,0,EVET,EVET
2026-08-16 19:58:13.444,0.00,-0.26,0,0.0,0.0,0.000,0.0,0,EVET,EVET
2026-08-16 19:58:13.465,0.00,-0.26,0,0.0,0.0,0.000,0.0,0,EVET,EVET
2026-08-16 19:58:13.484,0.00,-0.26,0,0.0,0.0,0.000,0.0,0,EVET,EVET
2026-08-16 19:58:13.504,0.00,-0.26,0,0.0,0.0,0.000,0.0,0,EVET,EVET
2026-08-16 19:58:13.524,0.00,-0.26,0,0.0,0.0,0.000,0.0,0,EVET,EVET
2026-08-16 19:58:13.544,0.00,-0.26,0,0.0,0.0,0.000,0.0,0,EVET,EVET
2026-08-16 19:58:13.565,0.00,-0.26,0,0.0,0.0,0.000,0.0,0,EVET,EVET
2026-08-16 19:58:13.584,0.00,-0.26,0,0.0,0.0,0.000,0.0,0,EVET,EVET
2026-08-16 19:58:13.604,0.00,-0.25,0,0.0,0.0,0.000,0.0,0,EVET,EVET
2026-08-16 19:58:13.624,0.00,-0.25,0,0.0,0.0,0.000,0.0,0,EVET,EVET
2026-08-16 19:58:13.644,0.00,-0.25,0,0.0,0.0,0.000,0.0,0,EVET,EVET
2026-08-16 19:58:13.664,0.00,-0.25,0,0.0,0.0,0.000,0.0,0,EVET,EVET
2026-08-16 19:58:13.684,0.00,-0.25,0,0.0,0.0,0.000,0.0,0,EVET,EVET
2026-08-16 19:58:13.704,0.00,-0.25,0,0.0,0.0,0.000,0.0,0,EVET,EVET
2026-08-16 19:58:13.724,0.00,-0.25,0,0.0,0.0,0.000,0.0,0,EVET,EVET
2026-08-16 19:58:13.745,0.00,-0.25,0,0.0,0.0,0.000,0.0,0,EVET,EVET
2026-08-16 19:58:13.765,0.00,-0.25,0,0.0,0.0,0.000,0.0,0,EVET,EVET
2026-08-16 19:58:13.784,0.00,-0.25,0,0.0,0.0,0.000,0.0,0,EVET,EVET
2026-08-16 19:58:13.805,0.00,-0.25,0,0.0,0.0,0.000,0.0,0,EVET,EVET
2026-08-16 19:58:13.824,0.00,-0.25,0,0.0,0.0,0.000,0.0,0,EVET,EVET
2026-08-16 19:58:13.844,0.00,-0.25,0,0.0,0.0,0.000,0.0,0,EVET,EVET
2026-08-16 19:58:13.865,0.00,-0.25,0,0.0,0.0,0.000,0.0,0,EVET,EVET
2026-08-16 19:58:13.885,0.00,-0.25,0,0.0,0.0,0.000,0.0,0,EVET,EVET
2026-08-16 19:58:13.904,0.00,-0.25,0,0.0,0.0,0.000,0.0,0,EVET,EVET
2026-08-16 19:58:13.924,0.00,-0.18,0,0.0,0.0,0.000,0.0,0,EVET,EVET
2026-08-16 19:58:13.945,0.00,-0.18,0,0.0,0.0,0.000,0.0,0,EVET,EVET
2026-08-16 19:58:13.965,0.00,-0.18,0,0.0,0.0,0.000,0.0,0,EVET,EVET
2026-08-16 19:58:13.984,0.00,-0.18,0,0.0,0.0,0.000,0.0,0,EVET,EVET
2026-08-16 19:58:14.004,0.00,-0.18,0,0.0,0.0,0.000,0.0,0,EVET,EVET
2026-08-16 19:58:14.024,0.00,-0.18,0,0.0,0.0,0.000,0.0,0,EVET,EVET
2026-08-16 19:58:14.044,0.00,-0.18,0,0.0,0.0,0.000,0.0,0,EVET,EVET
2026-08-16 19:58:14.065,0.00,-0.18,0,0.0,0.0,0.000,0.0,0,EVET,EVET
2026-08-16 19:58:14.084,0.00,-0.18,0,0.0,0.0,0.000,0.0,0,EVET,EVET
2026-08-16 19:58:14.104,0.00,-0.18,0,0.0,0.0,0.000,0.0,0,EVET,EVET
2026-08-16 19:58:14.124,0.00,-0.18,0,0.0,0.0,0.000,0.0,0,EVET,EVET
2026-08-16 19:58:14.144,0.00,-0.18,0,0.0,0.0,0.000,0.0,0,EVET,EVET
2026-08-16 19:58:14.164,0.00,-0.18,0,0.0,0.0,0.000,0.0,0,EVET,EVET
2026-08-16 19:58:14.184,0.00,-0.18,0,0.0,0.0,0.000,0.0,0,EVET,EVET
2026-08-16 19:58:14.204,0.00,-0.18,0,0.0,0.0,0.000,0.0,0,EVET,EVET
2026-08-16 19:58:14.224,0.00,-0.18,0,0.0,0.0,0.000,0.0,0,EVET,EVET
2026-08-16 19:58:14.244,0.00,-0.11,0,0.0,0.0,0.000,0.0,0,EVET,EVET
2026-08-16 19:58:14.264,0.00,-0.11,0,0.0,0.0,0.000,0.0,0,EVET,EVET
2026-08-16 19:58:14.284,0.00,-0.11,0,0.0,0.0,0.000,0.0,0,EVET,EVET
2026-08-16 19:58:14.304,0.00,-0.11,0,0.0,0.0,0.000,0.0,0,EVET,EVET
2026-08-16 19:58:14.324,0.00,-0.11,0,0.0,0.0,0.000,0.0,0,EVET,EVET
2026-08-16 19:58:14.344,0.00,-0.11,0,0.0,0.0,0.000,0.0,0,EVET,EVET
2026-08-16 19:58:14.364,0.00,-0.11,0,0.0,0.0,0.000,0.0,0,EVET,EVET
2026-08-16 19:58:14.384,0.00,-0.11,0,0.0,0.0,0.000,0.0,0,EVET,EVET
2026-08-16 19:58:14.404,0.00,-0.11,0,0.0,0.0,0.000,0.0,0,EVET,EVET
2026-08-16 19:58:14.424,0.00,-0.11,0,0.0,0.0,0.000,0.0,0,EVET,EVET
2026-08-16 19:58:14.444,0.00,-0.11,0,0.0,0.0,0.000,0.0,0,EVET,EVET
2026-08-16 19:58:14.465,0.00,-0.11,0,0.0,0.0,0.000,0.0,0,EVET,EVET
2026-08-16 19:58:14.485,0.00,-0.11,0,0.0,0.0,0.000,0.0,0,EVET,EVET
2026-08-16 19:58:14.504,0.00,-0.11,0,0.0,0.0,0.000,0.0,0,EVET,EVET
2026-08-16 19:58:14.524,0.00,-0.11,0,0.0,0.0,0.000,0.0,0,EVET,EVET
2026-08-16 19:58:14.545,0.00,-0.11,0,0.0,0.0,0.000,0.0,0,EVET,EVET
2026-08-16 19:58:14.564,0.00,-0.10,0,0.0,0.0,0.000,0.0,0,EVET,EVET
2026-08-16 19:58:14.584,0.00,-0.10,0,0.0,0.0,0.000,0.0,0,EVET,EVET
2026-08-16 19:58:14.604,0.00,-0.10,0,0.0,0.0,0.000,0.0,0,EVET,EVET
2026-08-16 19:58:14.624,0.00,-0.10,0,0.0,0.0,0.000,0.0,0,EVET,EVET
2026-08-16 19:58:14.644,0.00,-0.10,0,0.0,0.0,0.000,0.0,0,EVET,EVET
2026-08-16 19:58:14.665,0.00,-0.10,0,0.0,0.0,0.000,0.0,0,EVET,EVET
2026-08-16 19:58:14.684,0.00,-0.10,0,0.0,0.0,0.000,0.0,0,EVET,EVET
2026-08-16 19:58:14.704,0.00,-0.10,0,0.0,0.0,0.000,0.0,0,EVET,EVET
2026-08-16 19:58:14.724,0.00,-0.10,0,0.0,0.0,0.000,0.0,0,EVET,EVET
2026-08-16 19:58:14.744,0.00,-0.10,0,0.0,0.0,0.000,0.0,0,EVET,EVET
2026-08-16 19:58:14.764,0.00,-0.10,0,0.0,0.0,0.000,0.0,0,EVET,EVET
2026-08-16 19:58:14.784,0.00,-0.10,0,0.0,0.0,0.000,0.0,0,EVET,EVET
2026-08-16 19:58:14.804,0.00,-0.10,0,0.0,0.0,0.000,0.0,0,EVET,EVET
2026-08-16 19:58:14.824,0.00,-0.10,0,0.0,0.0,0.000,0.0,0,EVET,EVET
2026-08-16 19:58:14.844,0.00,-0.10,0,0.0,0.0,0.000,0.0,0,EVET,EVET
2026-08-16 19:58:14.865,0.00,-0.10,0,0.0,0.0,0.000,0.0,0,EVET,EVET
2026-08-16 19:58:14.884,0.00,-0.10,0,0.0,0.0,0.000,0.0,0,EVET,EVET
2026-08-16 19:58:14.904,0.00,-0.10,0,0.0,0.0,0.000,0.0,0,EVET,EVET
2026-08-16 19:58:14.924,0.00,-0.10,0,0.0,0.0,0.000,0.0,0,EVET,EVET
2026-08-16 19:58:14.945,0.00,-0.10,0,0.0,0.0,0.000,0.0,0,EVET,EVET
2026-08-16 19:58:14.965,0.00,-0.07,0,0.0,0.0,0.000,0.0,0,HAYIR,EVET
2026-08-16 19:58:14.984,0.00,-0.07,0,0.0,0.0,0.000,0.0,0,HAYIR,EVET
2026-08-16 19:58:15.004,0.00,-0.07,0,0.0,0.0,0.000,0.0,0,HAYIR,EVET
2026-08-16 19:58:15.024,0.00,-0.07,0,0.0,0.0,0.000,0.0,0,HAYIR,EVET
2026-08-16 19:58:15.044,0.00,-0.07,0,0.0,0.0,0.000,0.0,0,HAYIR,EVET
2026-08-16 19:58:15.065,0.00,-0.07,0,0.0,0.0,0.000,0.0,0,HAYIR,EVET
2026-08-16 19:58:15.084,0.00,-0.07,0,0.0,0.0,0.000,0.0,0,HAYIR,EVET
2026-08-16 19:58:15.104,0.00,-0.07,0,0.0,0.0,0.000,0.0,0,HAYIR,EVET
2026-08-16 19:58:15.124,0.00,-0.07,0,0.0,0.0,0.000,0.0,0,HAYIR,EVET
2026-08-16 19:58:15.144,0.00,-0.07,0,0.0,0.0,0.000,0.0,0,HAYIR,EVET
2026-08-16 19:58:15.164,0.00,-0.07,0,0.0,0.0,0.000,0.0,0,HAYIR,EVET
2026-08-16 19:58:15.184,0.00,-0.07,0,0.0,0.0,0.000,0.0,0,HAYIR,EVET
2026-08-16 19:58:15.205,0.00,-0.07,0,0.0,0.0,0.000,0.0,0,HAYIR,EVET
2026-08-16 19:58:15.224,0.00,-0.07,0,0.0,0.0,0.000,0.0,0,HAYIR,EVET
2026-08-16 19:58:15.245,0.00,-0.07,0,0.0,0.0,0.000,0.0,0,HAYIR,EVET
2026-08-16 19:58:15.265,0.00,-0.07,0,0.0,0.0,0.000,0.0,0,HAYIR,EVET
2026-08-16 19:58:15.284,0.00,-0.05,0,0.0,0.0,0.000,0.0,0,HAYIR,EVET
2026-08-16 19:58:15.304,0.00,-0.05,0,0.0,0.0,0.000,0.0,0,HAYIR,EVET
2026-08-16 19:58:15.324,0.00,-0.05,0,0.0,0.0,0.000,0.0,0,HAYIR,EVET
2026-08-16 19:58:15.345,0.00,-0.05,0,0.0,0.0,0.000,0.0,0,HAYIR,EVET
2026-08-16 19:58:15.365,0.00,-0.05,0,0.0,0.0,0.000,0.0,0,HAYIR,EVET
2026-08-16 19:58:15.384,0.00,-0.05,0,0.0,0.0,0.000,0.0,0,HAYIR,EVET
2026-08-16 19:58:15.405,0.00,-0.05,0,0.0,0.0,0.000,0.0,0,HAYIR,EVET
2026-08-16 19:58:15.424,0.00,-0.05,0,0.0,0.0,0.000,0.0,0,HAYIR,EVET
2026-08-16 19:58:15.444,0.00,-0.05,0,0.0,0.0,0.000,0.0,0,HAYIR,EVET
2026-08-16 19:58:15.465,0.00,-0.05,0,0.0,0.0,0.000,0.0,0,HAYIR,EVET
2026-08-16 19:58:15.484,0.00,-0.05,0,0.0,0.0,0.000,0.0,0,HAYIR,EVET
2026-08-16 19:58:15.504,0.00,-0.05,0,0.0,0.0,0.000,0.0,0,HAYIR,EVET
2026-08-16 19:58:15.524,0.00,-0.05,0,0.0,0.0,0.000,0.0,0,HAYIR,EVET
2026-08-16 19:58:15.544,0.00,-0.05,0,0.0,0.0,0.000,0.0,0,HAYIR,EVET
2026-08-16 19:58:15.565,0.00,-0.05,0,0.0,0.0,0.000,0.0,0,HAYIR,EVET
2026-08-16 19:58:15.584,0.00,-0.05,0,0.0,0.0,0.000,0.0,0,HAYIR,EVET
2026-08-16 19:58:15.604,0.00,-0.03,0,0.0,0.0,0.000,0.0,0,HAYIR,EVET
2026-08-16 19:58:15.624,0.00,-0.03,0,0.0,0.0,0.000,0.0,0,HAYIR,EVET
2026-08-16 19:58:15.644,0.00,-0.03,0,0.0,0.0,0.000,0.0,0,HAYIR,EVET
2026-08-16 19:58:15.665,0.00,-0.03,0,0.0,0.0,0.000,0.0,0,HAYIR,EVET
2026-08-16 19:58:15.685,0.00,-0.03,0,0.0,0.0,0.000,0.0,0,HAYIR,EVET
2026-08-16 19:58:15.704,0.00,-0.03,0,0.0,0.0,0.000,0.0,0,HAYIR,EVET
2026-08-16 19:58:15.724,0.00,-0.03,0,0.0,0.0,0.000,0.0,0,HAYIR,EVET
2026-08-16 19:58:15.744,0.00,-0.03,0,0.0,0.0,0.000,0.0,0,HAYIR,EVET
2026-08-16 19:58:15.764,0.00,-0.03,0,0.0,0.0,0.000,0.0,0,HAYIR,EVET
2026-08-16 19:58:15.784,0.00,-0.03,0,0.0,0.0,0.000,0.0,0,HAYIR,EVET
2026-08-16 19:58:15.805,0.00,-0.03,0,0.0,0.0,0.000,0.0,0,HAYIR,EVET
2026-08-16 19:58:15.824,0.00,-0.03,0,0.0,0.0,0.000,0.0,0,HAYIR,EVET
2026-08-16 19:58:15.844,0.00,-0.03,0,0.0,0.0,0.000,0.0,0,HAYIR,EVET
2026-08-16 19:58:15.865,0.00,-0.03,0,0.0,0.0,0.000,0.0,0,HAYIR,EVET
2026-08-16 19:58:15.884,0.00,-0.03,0,0.0,0.0,0.000,0.0,0,HAYIR,EVET
2026-08-16 19:58:15.904,0.00,-0.03,0,0.0,0.0,0.000,0.0,0,HAYIR,EVET
2026-08-16 19:58:15.924,0.00,-0.02,0,0.0,0.0,0.000,0.0,0,HAYIR,EVET
2026-08-16 19:58:15.945,0.00,-0.02,0,0.0,0.0,0.000,0.0,0,HAYIR,EVET
2026-08-16 19:58:15.965,0.00,-0.02,0,0.0,0.0,0.000,0.0,0,HAYIR,EVET
2026-08-16 19:58:15.985,0.00,-0.02,0,0.0,0.0,0.000,0.0,0,HAYIR,EVET
2026-08-16 19:58:16.005,0.00,-0.02,0,0.0,0.0,0.000,0.0,0,HAYIR,EVET
2026-08-16 19:58:16.024,0.00,-0.02,0,0.0,0.0,0.000,0.0,0,HAYIR,EVET
2026-08-16 19:58:16.044,0.00,-0.02,0,0.0,0.0,0.000,0.0,0,HAYIR,EVET
2026-08-16 19:58:16.065,0.00,-0.02,0,0.0,0.0,0.000,0.0,0,HAYIR,EVET
2026-08-16 19:58:16.084,0.00,-0.02,0,0.0,0.0,0.000,0.0,0,HAYIR,EVET
2026-08-16 19:58:16.104,0.00,-0.02,0,0.0,0.0,0.000,0.0,0,HAYIR,EVET
2026-08-16 19:58:16.124,0.00,-0.02,0,0.0,0.0,0.000,0.0,0,HAYIR,EVET
2026-08-16 19:58:16.144,0.00,-0.02,0,0.0,0.0,0.000,0.0,0,HAYIR,EVET
2026-08-16 19:58:16.164,0.00,-0.02,0,0.0,0.0,0.000,0.0,0,HAYIR,EVET
2026-08-16 19:58:16.184,0.00,-0.02,0,0.0,0.0,0.000,0.0,0,HAYIR,EVET
2026-08-16 19:58:16.205,0.00,-0.02,0,0.0,0.0,0.000,0.0,0,HAYIR,EVET
2026-08-16 19:58:16.224,0.00,-0.02,0,0.0,0.0,0.000,0.0,0,HAYIR,EVET
2026-08-16 19:58:16.244,0.00,-0.02,0,0.0,0.0,0.000,0.0,0,HAYIR,EVET
2026-08-16 19:58:16.265,0.00,-0.02,0,0.0,0.0,0.000,0.0,0,HAYIR,EVET
2026-08-16 19:58:16.284,0.00,-0.02,0,0.0,0.0,0.000,0.0,0,HAYIR,EVET
2026-08-16 19:58:16.304,0.00,-0.02,0,0.0,0.0,0.000,0.0,0,HAYIR,EVET
2026-08-16 19:58:16.324,0.00,-0.02,0,0.0,0.0,0.000,0.0,0,HAYIR,EVET
2026-08-16 19:58:16.345,0.00,-0.02,0,0.0,0.0,0.000,0.0,0,HAYIR,EVET
2026-08-16 19:58:16.365,0.00,-0.02,0,0.0,0.0,0.000,0.0,0,HAYIR,EVET
2026-08-16 19:58:16.384,0.00,-0.02,0,0.0,0.0,0.000,0.0,0,HAYIR,EVET
2026-08-16 19:58:16.405,0.00,-0.02,0,0.0,0.0,0.000,0.0,0,HAYIR,EVET
2026-08-16 19:58:16.424,0.00,-0.02,0,0.0,0.0,0.000,0.0,0,HAYIR,EVET
2026-08-16 19:58:16.444,0.00,-0.02,0,0.0,0.0,0.000,0.0,0,HAYIR,EVET
2026-08-16 19:58:16.465,0.00,-0.02,0,0.0,0.0,0.000,0.0,0,HAYIR,EVET
2026-08-16 19:58:16.485,0.00,-0.02,0,0.0,0.0,0.000,0.0,0,HAYIR,EVET
2026-08-16 19:58:16.505,0.00,-0.02,0,0.0,0.0,0.000,0.0,0,HAYIR,EVET
2026-08-16 19:58:16.524,0.00,-0.02,0,0.0,0.0,0.000,0.0,0,HAYIR,EVET
2026-08-16 19:58:16.545,0.00,-0.02,0,0.0,0.0,0.000,0.0,0,HAYIR,EVET
2026-08-16 19:58:16.565,0.00,-0.02,0,0.0,0.0,0.000,0.0,0,HAYIR,EVET
2026-08-16 19:58:16.584,0.00,-0.02,0,0.0,0.0,0.000,0.0,0,HAYIR,EVET
2026-08-16 19:58:16.604,0.00,-0.02,0,0.0,0.0,0.000,0.0,0,HAYIR,EVET
2026-08-16 19:58:16.624,0.00,-0.01,0,0.0,0.0,0.000,0.0,0,HAYIR,EVET
2026-08-16 19:58:16.644,0.00,-0.01,0,0.0,0.0,0.000,0.0,0,HAYIR,EVET
2026-08-16 19:58:16.664,0.00,-0.01,0,0.0,0.0,0.000,0.0,0,HAYIR,EVET
2026-08-16 19:58:16.684,0.00,-0.01,0,0.0,0.0,0.000,0.0,0,HAYIR,EVET
2026-08-16 19:58:16.704,0.00,-0.01,0,0.0,0.0,0.000,0.0,0,HAYIR,EVET
2026-08-16 19:58:16.724,0.00,-0.01,0,0.0,0.0,0.000,0.0,0,HAYIR,EVET
2026-08-16 19:58:16.745,0.00,-0.01,0,0.0,0.0,0.000,0.0,0,HAYIR,EVET
2026-08-16 19:58:16.765,0.00,-0.01,0,0.0,0.0,0.000,0.0,0,HAYIR,EVET
2026-08-16 19:58:16.784,0.00,-0.01,0,0.0,0.0,0.000,0.0,0,HAYIR,EVET
2026-08-16 19:58:16.805,0.00,-0.01,0,0.0,0.0,0.000,0.0,0,HAYIR,EVET
2026-08-16 19:58:16.824,0.00,-0.01,0,0.0,0.0,0.000,0.0,0,HAYIR,EVET
2026-08-16 19:58:16.844,0.00,-0.01,0,0.0,0.0,0.000,0.0,0,HAYIR,EVET
2026-08-16 19:58:16.865,0.00,-0.01,0,0.0,0.0,0.000,0.0,0,HAYIR,EVET
2026-08-16 19:58:16.884,0.00,-0.01,0,0.0,0.0,0.000,0.0,0,HAYIR,EVET
2026-08-16 19:58:16.904,0.00,-0.01,0,0.0,0.0,0.000,0.0,0,HAYIR,EVET
2026-08-16 19:58:16.924,0.00,-0.01,0,0.0,0.0,0.000,0.0,0,HAYIR,EVET
2026-08-16 19:58:16.944,0.00,-0.02,0,0.0,0.0,0.000,0.0,0,HAYIR,EVET
2026-08-16 19:58:16.965,0.00,-0.02,0,0.0,0.0,0.000,0.0,0,HAYIR,EVET
2026-08-16 19:58:16.984,0.00,-0.02,0,0.0,0.0,0.000,0.0,0,HAYIR,EVET
2026-08-16 19:58:17.004,0.00,-0.02,0,0.0,0.0,0.000,0.0,0,HAYIR,EVET
2026-08-16 19:58:17.024,0.00,-0.02,0,0.0,0.0,0.000,0.0,0,HAYIR,EVET
2026-08-16 19:58:17.044,0.00,-0.02,0,0.0,0.0,0.000,0.0,0,HAYIR,EVET
2026-08-16 19:58:17.065,0.00,-0.02,0,0.0,0.0,0.000,0.0,0,HAYIR,EVET
2026-08-16 19:58:17.084,0.00,-0.02,0,0.0,0.0,0.000,0.0,0,HAYIR,EVET
2026-08-16 19:58:17.104,0.00,-0.02,0,0.0,0.0,0.000,0.0,0,HAYIR,EVET
2026-08-16 19:58:17.124,0.00,-0.02,0,0.0,0.0,0.000,0.0,0,HAYIR,EVET
2026-08-16 19:58:17.144,0.00,-0.02,0,0.0,0.0,0.000,0.0,0,HAYIR,EVET
2026-08-16 19:58:17.165,0.00,-0.02,0,0.0,0.0,0.000,0.0,0,HAYIR,EVET
2026-08-16 19:58:17.184,0.00,-0.02,0,0.0,0.0,0.000,0.0,0,HAYIR,EVET
2026-08-16 19:58:17.204,0.00,-0.02,0,0.0,0.0,0.000,0.0,0,HAYIR,EVET
2026-08-16 19:58:17.224,0.00,-0.02,0,0.0,0.0,0.000,0.0,0,HAYIR,EVET
2026-08-16 19:58:17.244,0.00,-0.02,0,0.0,0.0,0.000,0.0,0,HAYIR,EVET
2026-08-16 19:58:17.265,0.00,-0.05,0,0.0,0.0,0.000,0.0,0,HAYIR,EVET
2026-08-16 19:58:17.284,0.00,-0.05,0,0.0,0.0,0.000,0.0,0,HAYIR,EVET
2026-08-16 19:58:17.304,0.00,-0.05,0,0.0,0.0,0.000,0.0,0,HAYIR,EVET
2026-08-16 19:58:17.324,0.00,-0.05,0,0.0,0.0,0.000,0.0,0,HAYIR,EVET
2026-08-16 19:58:17.344,0.00,-0.05,0,0.0,0.0,0.000,0.0,0,HAYIR,EVET
2026-08-16 19:58:17.364,0.00,-0.05,0,0.0,0.0,0.000,0.0,0,HAYIR,EVET
2026-08-16 19:58:17.384,0.00,-0.05,0,0.0,0.0,0.000,0.0,0,HAYIR,EVET
2026-08-16 19:58:17.404,0.00,-0.05,0,0.0,0.0,0.000,0.0,0,HAYIR,EVET
2026-08-16 19:58:17.424,0.00,-0.05,0,0.0,0.0,0.000,0.0,0,HAYIR,EVET
2026-08-16 19:58:17.444,0.00,-0.05,0,0.0,0.0,0.000,0.0,0,HAYIR,EVET
2026-08-16 19:58:17.465,0.00,-0.05,0,0.0,0.0,0.000,0.0,0,HAYIR,EVET
2026-08-16 19:58:17.484,0.00,-0.05,0,0.0,0.0,0.000,0.0,0,HAYIR,EVET
2026-08-16 19:58:17.504,0.00,-0.05,0,0.0,0.0,0.000,0.0,0,HAYIR,EVET
2026-08-16 19:58:17.524,0.00,-0.05,0,0.0,0.0,0.000,0.0,0,HAYIR,EVET
2026-08-16 19:58:17.544,0.00,-0.05,0,0.0,0.0,0.000,0.0,0,HAYIR,EVET
2026-08-16 19:58:17.565,0.00,-0.05,0,0.0,0.0,0.000,0.0,0,HAYIR,EVET
2026-08-16 19:58:17.584,0.00,-0.08,0,0.0,0.0,0.000,0.0,0,EVET,EVET
2026-08-16 19:58:17.604,0.00,-0.08,0,0.0,0.0,0.000,0.0,0,EVET,EVET
2026-08-16 19:58:17.624,0.00,-0.08,0,0.0,0.0,0.000,0.0,0,EVET,EVET
2026-08-16 19:58:17.644,0.00,-0.08,0,0.0,0.0,0.000,0.0,0,EVET,EVET
2026-08-16 19:58:17.665,0.00,-0.08,0,0.0,0.0,0.000,0.0,0,EVET,EVET
2026-08-16 19:58:17.684,0.00,-0.08,0,0.0,0.0,0.000,0.0,0,EVET,EVET
2026-08-16 19:58:17.705,0.00,-0.08,0,0.0,0.0,0.000,0.0,0,EVET,EVET
2026-08-16 19:58:17.724,0.00,-0.08,0,0.0,0.0,0.000,0.0,0,EVET,EVET
2026-08-16 19:58:17.745,0.00,-0.08,0,0.0,0.0,0.000,0.0,0,EVET,EVET
2026-08-16 19:58:17.765,0.00,-0.08,0,0.0,0.0,0.000,0.0,0,EVET,EVET
2026-08-16 19:58:17.784,0.00,-0.08,0,0.0,0.0,0.000,0.0,0,EVET,EVET
2026-08-16 19:58:17.805,0.00,-0.08,0,0.0,0.0,0.000,0.0,0,EVET,EVET
2026-08-16 19:58:17.824,0.00,-0.08,0,0.0,0.0,0.000,0.0,0,EVET,EVET
2026-08-16 19:58:17.844,0.00,-0.08,0,0.0,0.0,0.000,0.0,0,EVET,EVET
2026-08-16 19:58:17.865,0.00,-0.08,0,0.0,0.0,0.000,0.0,0,EVET,EVET
2026-08-16 19:58:17.884,0.00,-0.08,0,0.0,0.0,0.000,0.0,0,EVET,EVET
2026-08-16 19:58:17.904,0.00,-0.07,0,0.0,0.0,0.000,0.0,0,HAYIR,EVET
2026-08-16 19:58:17.925,0.00,-0.07,0,0.0,0.0,0.000,0.0,0,HAYIR,EVET
2026-08-16 19:58:17.945,0.00,-0.07,0,0.0,0.0,0.000,0.0,0,HAYIR,EVET
2026-08-16 19:58:17.965,0.00,-0.07,0,0.0,0.0,0.000,0.0,0,HAYIR,EVET
2026-08-16 19:58:17.984,0.00,-0.07,0,0.0,0.0,0.000,0.0,0,HAYIR,EVET
2026-08-16 19:58:18.004,0.00,-0.07,0,0.0,0.0,0.000,0.0,0,HAYIR,EVET
2026-08-16 19:58:18.024,0.00,-0.07,0,0.0,0.0,0.000,0.0,0,HAYIR,EVET
2026-08-16 19:58:18.044,0.00,-0.07,0,0.0,0.0,0.000,0.0,0,HAYIR,EVET
2026-08-16 19:58:18.065,0.00,-0.07,0,0.0,0.0,0.000,0.0,0,HAYIR,EVET
2026-08-16 19:58:18.084,0.00,-0.07,0,0.0,0.0,0.000,0.0,0,HAYIR,EVET
2026-08-16 19:58:18.104,0.00,-0.07,0,0.0,0.0,0.000,0.0,0,HAYIR,EVET
2026-08-16 19:58:18.124,0.00,-0.07,0,0.0,0.0,0.000,0.0,0,HAYIR,EVET
2026-08-16 19:58:18.144,0.00,-0.07,0,0.0,0.0,0.000,0.0,0,HAYIR,EVET
2026-08-16 19:58:18.165,0.00,-0.07,0,0.0,0.0,0.000,0.0,0,HAYIR,EVET
2026-08-16 19:58:18.184,0.00,-0.07,0,0.0,0.0,0.000,0.0,0,HAYIR,EVET
2026-08-16 19:58:18.204,0.00,-0.07,0,0.0,0.0,0.000,0.0,0,HAYIR,EVET
2026-08-16 19:58:18.225,0.00,-0.07,0,0.0,0.0,0.000,0.0,0,HAYIR,EVET
2026-08-16 19:58:18.244,0.00,-0.07,0,0.0,0.0,0.000,0.0,0,HAYIR,EVET
2026-08-16 19:58:18.265,0.00,-0.07,0,0.0,0.0,0.000,0.0,0,HAYIR,EVET
2026-08-16 19:58:18.284,0.00,-0.04,0,0.0,0.0,0.000,0.0,0,HAYIR,EVET
2026-08-16 19:58:18.304,0.00,-0.04,0,0.0,0.0,0.000,0.0,0,HAYIR,EVET
2026-08-16 19:58:18.324,0.00,-0.04,0,0.0,0.0,0.000,0.0,0,HAYIR,EVET
2026-08-16 19:58:18.344,0.00,-0.04,0,0.0,0.0,0.000,0.0,0,HAYIR,EVET
2026-08-16 19:58:18.365,0.00,-0.04,0,0.0,0.0,0.000,0.0,0,HAYIR,EVET
2026-08-16 19:58:18.384,0.00,-0.04,0,0.0,0.0,0.000,0.0,0,HAYIR,EVET
2026-08-16 19:58:18.404,0.00,-0.04,0,0.0,0.0,0.000,0.0,0,HAYIR,EVET
2026-08-16 19:58:18.424,0.00,-0.04,0,0.0,0.0,0.000,0.0,0,HAYIR,EVET
2026-08-16 19:58:18.444,0.00,-0.04,0,0.0,0.0,0.000,0.0,0,HAYIR,EVET
2026-08-16 19:58:18.465,0.00,-0.04,0,0.0,0.0,0.000,0.0,0,HAYIR,EVET
2026-08-16 19:58:18.485,0.00,-0.04,0,0.0,0.0,0.000,0.0,0,HAYIR,EVET
2026-08-16 19:58:18.504,0.00,-0.04,0,0.0,0.0,0.000,0.0,0,HAYIR,EVET
2026-08-16 19:58:18.525,0.00,-0.04,0,0.0,0.0,0.000,0.0,0,HAYIR,EVET
2026-08-16 19:58:18.545,0.00,-0.04,0,0.0,0.0,0.000,0.0,0,HAYIR,EVET
2026-08-16 19:58:18.564,0.00,-0.04,0,0.0,0.0,0.000,0.0,0,HAYIR,EVET
2026-08-16 19:58:18.585,0.00,-0.04,0,0.0,0.0,0.000,0.0,0,HAYIR,EVET
2026-08-16 19:58:18.604,0.00,0.00,0,0.0,0.0,0.000,0.0,0,HAYIR,EVET
2026-08-16 19:58:18.624,0.00,0.00,0,0.0,0.0,0.000,0.0,0,HAYIR,EVET
2026-08-16 19:58:18.644,0.00,0.00,0,0.0,0.0,0.000,0.0,0,HAYIR,EVET
2026-08-16 19:58:18.665,0.00,0.00,0,0.0,0.0,0.000,0.0,0,HAYIR,EVET
2026-08-16 19:58:18.684,0.00,0.00,0,0.0,0.0,0.000,0.0,0,HAYIR,EVET
2026-08-16 19:58:18.704,0.00,0.00,0,0.0,0.0,0.000,0.0,0,HAYIR,EVET
2026-08-16 19:58:18.724,0.00,0.00,0,0.0,0.0,0.000,0.0,0,HAYIR,EVET
2026-08-16 19:58:18.745,0.00,0.00,0,0.0,0.0,0.000,0.0,0,HAYIR,EVET
2026-08-16 19:58:18.765,0.00,0.00,0,0.0,0.0,0.000,0.0,0,HAYIR,EVET
2026-08-16 19:58:18.784,0.00,0.00,0,0.0,0.0,0.000,0.0,0,HAYIR,EVET
2026-08-16 19:58:18.804,0.00,0.00,0,0.0,0.0,0.000,0.0,0,HAYIR,EVET
2026-08-16 19:58:18.824,0.00,0.00,0,0.0,0.0,0.000,0.0,0,HAYIR,EVET
2026-08-16 19:58:18.844,0.00,0.00,0,0.0,0.0,0.000,0.0,0,HAYIR,EVET
2026-08-16 19:58:18.864,0.00,0.00,0,0.0,0.0,0.000,0.0,0,HAYIR,EVET
2026-08-16 19:58:18.884,0.00,0.00,0,0.0,0.0,0.000,0.0,0,HAYIR,EVET
2026-08-16 19:58:18.904,0.00,0.00,0,0.0,0.0,0.000,0.0,0,HAYIR,EVET
2026-08-16 19:58:18.924,0.00,0.03,0,0.0,0.0,0.000,0.0,0,HAYIR,EVET
2026-08-16 19:58:18.945,0.00,0.03,0,0.0,0.0,0.000,0.0,0,HAYIR,EVET
2026-08-16 19:58:18.965,0.00,0.03,0,0.0,0.0,0.000,0.0,0,HAYIR,EVET
2026-08-16 19:58:18.984,0.00,0.03,0,0.0,0.0,0.000,0.0,0,HAYIR,EVET
2026-08-16 19:58:19.005,0.00,0.03,0,0.0,0.0,0.000,0.0,0,HAYIR,EVET
2026-08-16 19:58:19.024,0.00,0.03,0,0.0,0.0,0.000,0.0,0,HAYIR,EVET
2026-08-16 19:58:19.044,0.00,0.03,0,0.0,0.0,0.000,0.0,0,HAYIR,EVET
2026-08-16 19:58:19.065,0.00,0.03,0,0.0,0.0,0.000,0.0,0,HAYIR,EVET
2026-08-16 19:58:19.084,0.00,0.03,0,0.0,0.0,0.000,0.0,0,HAYIR,EVET
2026-08-16 19:58:19.104,0.00,0.03,0,0.0,0.0,0.000,0.0,0,HAYIR,EVET
2026-08-16 19:58:19.124,0.00,0.03,0,0.0,0.0,0.000,0.0,0,HAYIR,EVET
2026-08-16 19:58:19.145,0.00,0.03,0,0.0,0.0,0.000,0.0,0,HAYIR,EVET
2026-08-16 19:58:19.165,0.00,0.03,0,0.0,0.0,0.000,0.0,0,HAYIR,EVET
2026-08-16 19:58:19.184,0.00,0.03,0,0.0,0.0,0.000,0.0,0,HAYIR,EVET
2026-08-16 19:58:19.204,0.00,0.03,0,0.0,0.0,0.000,0.0,0,HAYIR,EVET
2026-08-16 19:58:19.224,0.00,0.03,0,0.0,0.0,0.000,0.0,0,HAYIR,EVET
2026-08-16 19:58:19.244,0.00,0.04,0,0.0,0.0,0.000,0.0,0,HAYIR,EVET
2026-08-16 19:58:19.264,0.00,0.04,0,0.0,0.0,0.000,0.0,0,HAYIR,EVET
2026-08-16 19:58:19.284,0.00,0.04,0,0.0,0.0,0.000,0.0,0,HAYIR,EVET
2026-08-16 19:58:19.304,0.00,0.04,0,0.0,0.0,0.000,0.0,0,HAYIR,EVET
2026-08-16 19:58:19.324,0.00,0.04,0,0.0,0.0,0.000,0.0,0,HAYIR,EVET
2026-08-16 19:58:19.345,0.00,0.04,0,0.0,0.0,0.000,0.0,0,HAYIR,EVET
2026-08-16 19:58:19.364,0.00,0.04,0,0.0,0.0,0.000,0.0,0,HAYIR,EVET
2026-08-16 19:58:19.384,0.00,0.04,0,0.0,0.0,0.000,0.0,0,HAYIR,EVET
2026-08-16 19:58:19.404,0.00,0.04,0,0.0,0.0,0.000,0.0,0,HAYIR,EVET
2026-08-16 19:58:19.424,0.00,0.04,0,0.0,0.0,0.000,0.0,0,HAYIR,EVET
2026-08-16 19:58:19.444,0.00,0.04,0,0.0,0.0,0.000,0.0,0,HAYIR,EVET
2026-08-16 19:58:19.465,0.00,0.04,0,0.0,0.0,0.000,0.0,0,HAYIR,EVET
2026-08-16 19:58:19.484,0.00,0.04,0,0.0,0.0,0.000,0.0,0,HAYIR,EVET
2026-08-16 19:58:19.504,0.00,0.04,0,0.0,0.0,0.000,0.0,0,HAYIR,EVET
2026-08-16 19:58:19.524,0.00,0.04,0,0.0,0.0,0.000,0.0,0,HAYIR,EVET
2026-08-16 19:58:19.544,0.00,0.04,0,0.0,0.0,0.000,0.0,0,HAYIR,EVET
2026-08-16 19:58:19.564,0.00,0.04,0,0.0,0.0,0.000,0.0,0,HAYIR,EVET
2026-08-16 19:58:19.584,0.00,0.04,0,0.0,0.0,0.000,0.0,0,HAYIR,EVET
2026-08-16 19:58:19.604,0.00,0.04,0,0.0,0.0,0.000,0.0,0,HAYIR,EVET
2026-08-16 19:58:19.624,0.00,0.04,0,0.0,0.0,0.000,0.0,0,HAYIR,EVET
2026-08-16 19:58:19.644,0.00,0.04,0,0.0,0.0,0.000,0.0,0,HAYIR,EVET
2026-08-16 19:58:19.664,0.00,0.04,0,0.0,0.0,0.000,0.0,0,HAYIR,EVET
2026-08-16 19:58:19.684,0.00,0.04,0,0.0,0.0,0.000,0.0,0,HAYIR,EVET
2026-08-16 19:58:19.704,0.00,0.04,0,0.0,0.0,0.000,0.0,0,HAYIR,EVET
2026-08-16 19:58:19.724,0.00,0.04,0,0.0,0.0,0.000,0.0,0,HAYIR,EVET
2026-08-16 19:58:19.744,0.00,0.04,0,0.0,0.0,0.000,0.0,0,HAYIR,EVET
2026-08-16 19:58:19.764,0.00,0.04,0,0.0,0.0,0.000,0.0,0,HAYIR,EVET
2026-08-16 19:58:19.784,0.00,0.04,0,0.0,0.0,0.000,0.0,0,HAYIR,EVET
2026-08-16 19:58:19.804,0.00,0.04,0,0.0,0.0,0.000,0.0,0,HAYIR,EVET
2026-08-16 19:58:19.824,0.00,0.04,0,0.0,0.0,0.000,0.0,0,HAYIR,EVET
2026-08-16 19:58:19.844,0.00,0.04,0,0.0,0.0,0.000,0.0,0,HAYIR,EVET
2026-08-16 19:58:19.865,0.00,0.04,0,0.0,0.0,0.000,0.0,0,HAYIR,EVET
2026-08-16 19:58:19.884,0.00,0.04,0,0.0,0.0,0.000,0.0,0,HAYIR,EVET
2026-08-16 19:58:19.904,0.00,0.04,0,0.0,0.0,0.000,0.0,0,HAYIR,EVET
2026-08-16 19:58:19.924,0.00,0.04,0,0.0,0.0,0.000,0.0,0,HAYIR,EVET
2026-08-16 19:58:19.945,0.00,0.04,0,0.0,0.0,0.000,0.0,0,HAYIR,EVET
