Timestamp,HedefLinX_m_s,AnlikHiz_m_s,MotorGucu,TurnBoost,StallBoost,HedefAngZ_rad_s,HedefAci_deg,YayinAci_deg,Fren,GeriVites
2026-08-19 12:12:41.765,0.00,0.00,0,0.0,0.0,0.000,0.0,0,HAYIR,HAYIR
2026-08-19 12:12:41.785,0.00,0.00,0,0.0,0.0,0.000,0.0,0,HAYIR,HAYIR
2026-08-19 12:12:41.804,0.00,0.00,0,0.0,0.0,0.000,0.0,0,HAYIR,HAYIR
2026-08-19 12:12:41.825,0.00,0.00,0,0.0,0.0,0.000,0.0,0,HAYIR,HAYIR
2026-08-19 12:12:41.845,0.00,0.00,0,0.0,0.0,0.000,0.0,0,HAYIR,HAYIR
2026-08-19 12:12:41.864,0.00,0.00,0,0.0,0.0,0.000,0.0,0,HAYIR,HAYIR
2026-08-19 12:12:41.885,0.00,0.00,0,0.0,0.0,0.000,0.0,0,HAYIR,HAYIR
2026-08-19 12:12:41.905,0.00,0.00,0,0.0,0.0,0.000,0.0,0,HAYIR,HAYIR
2026-08-19 12:12:41.924,0.00,0.00,0,0.0,0.0,0.000,0.0,0,HAYIR,HAYIR
2026-08-19 12:12:41.944,0.00,0.00,0,0.0,0.0,0.000,0.0,0,HAYIR,HAYIR
2026-08-19 12:12:41.964,0.00,0.00,0,0.0,0.0,0.000,0.0,0,HAYIR,HAYIR
2026-08-19 12:12:41.984,0.00,0.00,0,0.0,0.0,0.000,0.0,0,HAYIR,HAYIR
2026-08-19 12:12:42.004,0.00,0.00,0,0.0,0.0,0.000,0.0,0,HAYIR,HAYIR
2026-08-19 12:12:42.024,0.00,0.00,0,0.0,0.0,0.000,0.0,0,HAYIR,HAYIR
2026-08-19 12:12:42.045,0.00,0.00,0,0.0,0.0,0.000,0.0,0,HAYIR,HAYIR
2026-08-19 12:12:42.064,0.00,0.00,0,0.0,0.0,0.000,0.0,0,HAYIR,HAYIR
2026-08-19 12:12:42.084,0.00,0.00,0,0.0,0.0,0.000,0.0,0,HAYIR,HAYIR
2026-08-19 12:12:42.105,0.00,0.00,0,0.0,0.0,0.000,0.0,0,HAYIR,HAYIR
2026-08-19 12:12:42.124,0.00,0.00,0,0.0,0.0,0.000,0.0,0,HAYIR,HAYIR
2026-08-19 12:12:42.144,0.00,0.00,0,0.0,0.0,0.000,0.0,0,HAYIR,HAYIR
2026-08-19 12:12:42.164,0.00,0.00,0,0.0,0.0,0.000,0.0,0,HAYIR,HAYIR
2026-08-19 12:12:42.184,0.00,0.00,0,0.0,0.0,0.000,0.0,0,HAYIR,HAYIR
2026-08-19 12:12:42.204,0.00,0.00,0,0.0,0.0,0.000,0.0,0,HAYIR,HAYIR
2026-08-19 12:12:42.224,0.00,0.00,0,0.0,0.0,0.000,0.0,0,HAYIR,HAYIR
2026-08-19 12:12:42.245,0.00,0.00,0,0.0,0.0,0.000,0.0,0,HAYIR,HAYIR
2026-08-19 12:12:42.264,0.00,0.00,0,0.0,0.0,0.000,0.0,0,HAYIR,HAYIR
2026-08-19 12:12:42.285,0.00,0.00,0,0.0,0.0,0.000,0.0,0,HAYIR,HAYIR
2026-08-19 12:12:42.305,0.00,0.00,0,0.0,0.0,0.000,0.0,0,HAYIR,HAYIR
2026-08-19 12:12:42.325,0.00,0.00,0,0.0,0.0,0.000,0.0,0,HAYIR,HAYIR
2026-08-19 12:12:42.345,0.00,0.00,0,0.0,0.0,0.000,0.0,0,HAYIR,HAYIR
2026-08-19 12:12:42.365,0.00,0.00,0,0.0,0.0,0.000,0.0,0,HAYIR,HAYIR
2026-08-19 12:12:42.384,0.00,0.00,0,0.0,0.0,0.000,0.0,0,HAYIR,HAYIR
2026-08-19 12:12:42.404,0.00,0.00,0,0.0,0.0,0.000,0.0,0,HAYIR,HAYIR
2026-08-19 12:12:42.425,0.00,0.00,0,0.0,0.0,0.000,0.0,0,HAYIR,HAYIR
2026-08-19 12:12:42.445,0.00,0.00,0,0.0,0.0,0.000,0.0,0,HAYIR,HAYIR
2026-08-19 12:12:42.464,0.00,0.00,0,0.0,0.0,0.000,0.0,0,HAYIR,HAYIR
2026-08-19 12:12:42.485,0.00,0.00,0,0.0,0.0,0.000,0.0,0,HAYIR,HAYIR
2026-08-19 12:12:42.505,0.00,0.00,0,0.0,0.0,0.000,0.0,0,HAYIR,HAYIR
2026-08-19 12:12:42.524,0.00,0.00,0,0.0,0.0,0.000,0.0,0,HAYIR,HAYIR
2026-08-19 12:12:42.544,0.00,0.00,0,0.0,0.0,0.000,0.0,0,HAYIR,HAYIR
2026-08-19 12:12:42.564,0.00,0.00,0,0.0,0.0,0.000,0.0,0,HAYIR,HAYIR
2026-08-19 12:12:42.584,0.00,0.00,0,0.0,0.0,0.000,0.0,0,HAYIR,HAYIR
2026-08-19 12:12:42.604,0.00,0.00,0,0.0,0.0,0.000,0.0,0,HAYIR,HAYIR
2026-08-19 12:12:42.624,0.00,0.00,0,0.0,0.0,0.000,0.0,0,HAYIR,HAYIR
2026-08-19 12:12:42.645,0.00,0.00,0,0.0,0.0,0.000,0.0,0,HAYIR,HAYIR
2026-08-19 12:12:42.664,0.00,0.00,0,0.0,0.0,0.000,0.0,0,HAYIR,HAYIR
2026-08-19 12:12:42.684,0.00,0.00,0,0.0,0.0,0.000,0.0,0,HAYIR,HAYIR
2026-08-19 12:12:42.704,0.00,0.00,0,0.0,0.0,0.000,0.0,0,HAYIR,HAYIR
2026-08-19 12:12:42.724,0.00,0.00,0,0.0,0.0,0.000,0.0,0,HAYIR,HAYIR
2026-08-19 12:12:42.744,0.00,0.00,0,0.0,0.0,0.000,0.0,0,HAYIR,HAYIR
2026-08-19 12:12:42.764,0.00,0.00,0,0.0,0.0,0.000,0.0,0,HAYIR,HAYIR
2026-08-19 12:12:42.785,0.00,0.00,0,0.0,0.0,0.000,0.0,0,HAYIR,HAYIR
2026-08-19 12:12:42.805,0.00,0.00,0,0.0,0.0,0.000,0.0,0,HAYIR,HAYIR
2026-08-19 12:12:42.825,0.00,0.00,0,0.0,0.0,0.000,0.0,0,HAYIR,HAYIR
2026-08-19 12:12:42.845,0.00,0.00,0,0.0,0.0,0.000,0.0,0,HAYIR,HAYIR
2026-08-19 12:12:42.864,0.00,0.00,0,0.0,0.0,0.000,0.0,0,HAYIR,HAYIR
2026-08-19 12:12:42.885,0.00,0.00,0,0.0,0.0,0.000,0.0,0,HAYIR,HAYIR
2026-08-19 12:12:42.905,0.00,0.00,0,0.0,0.0,0.000,0.0,0,HAYIR,HAYIR
2026-08-19 12:12:42.924,0.00,0.00,0,0.0,0.0,0.000,0.0,0,HAYIR,HAYIR
2026-08-19 12:12:42.944,0.00,0.00,0,0.0,0.0,0.000,0.0,0,HAYIR,HAYIR
2026-08-19 12:12:42.964,0.00,0.00,0,0.0,0.0,0.000,0.0,0,HAYIR,HAYIR
2026-08-19 12:12:42.984,0.00,0.00,0,0.0,0.0,0.000,0.0,0,HAYIR,HAYIR
2026-08-19 12:12:43.004,0.00,0.00,0,0.0,0.0,0.000,0.0,0,HAYIR,HAYIR
2026-08-19 12:12:43.025,0.00,0.00,0,0.0,0.0,0.000,0.0,0,HAYIR,HAYIR
2026-08-19 12:12:43.044,0.00,0.00,0,0.0,0.0,0.000,0.0,0,HAYIR,HAYIR
2026-08-19 12:12:43.064,0.00,0.00,0,0.0,0.0,0.000,0.0,0,HAYIR,HAYIR
2026-08-19 12:12:43.084,0.00,0.00,0,0.0,0.0,0.000,0.0,0,HAYIR,HAYIR
2026-08-19 12:12:43.104,0.00,0.00,0,0.0,0.0,0.000,0.0,0,HAYIR,HAYIR
2026-08-19 12:12:43.124,0.00,0.00,0,0.0,0.0,0.000,0.0,0,HAYIR,HAYIR
2026-08-19 12:12:43.145,0.00,0.00,0,0.0,0.0,0.000,0.0,0,HAYIR,HAYIR
2026-08-19 12:12:43.164,0.00,0.00,0,0.0,0.0,0.000,0.0,0,HAYIR,HAYIR
2026-08-19 12:12:43.184,0.00,0.00,0,0.0,0.0,0.000,0.0,0,HAYIR,HAYIR
2026-08-19 12:12:43.204,0.00,0.00,0,0.0,0.0,0.000,0.0,0,HAYIR,HAYIR
2026-08-19 12:12:43.225,0.00,0.00,0,0.0,0.0,0.000,0.0,0,HAYIR,HAYIR
2026-08-19 12:12:43.244,0.00,0.00,0,0.0,0.0,0.000,0.0,0,HAYIR,HAYIR
2026-08-19 12:12:43.264,0.00,0.00,0,0.0,0.0,0.000,0.0,0,HAYIR,HAYIR
2026-08-19 12:12:43.285,0.00,0.00,0,0.0,0.0,0.000,0.0,0,HAYIR,HAYIR
2026-08-19 12:12:43.305,0.00,0.00,0,0.0,0.0,0.000,0.0,0,HAYIR,HAYIR
2026-08-19 12:12:43.325,0.00,0.00,0,0.0,0.0,0.000,0.0,0,HAYIR,HAYIR
2026-08-19 12:12:43.344,0.00,0.00,0,0.0,0.0,0.000,0.0,0,HAYIR,HAYIR
2026-08-19 12:12:43.364,0.00,0.00,0,0.0,0.0,0.000,0.0,0,HAYIR,HAYIR
2026-08-19 12:12:43.384,0.00,0.00,0,0.0,0.0,0.000,0.0,0,HAYIR,HAYIR
2026-08-19 12:12:43.405,0.00,0.00,0,0.0,0.0,0.000,0.0,0,HAYIR,HAYIR
2026-08-19 12:12:43.424,0.00,0.00,0,0.0,0.0,0.000,0.0,0,HAYIR,HAYIR
2026-08-19 12:12:43.444,0.00,0.00,0,0.0,0.0,0.000,0.0,0,HAYIR,HAYIR
2026-08-19 12:12:43.464,0.00,0.00,0,0.0,0.0,0.000,0.0,0,HAYIR,HAYIR
2026-08-19 12:12:43.484,0.00,0.00,0,0.0,0.0,0.000,0.0,0,HAYIR,HAYIR
2026-08-19 12:12:43.504,0.00,0.00,0,0.0,0.0,0.000,0.0,0,HAYIR,HAYIR
2026-08-19 12:12:43.524,0.00,0.00,0,0.0,0.0,0.000,0.0,0,HAYIR,HAYIR
2026-08-19 12:12:43.544,0.00,0.00,0,0.0,0.0,0.000,0.0,0,HAYIR,HAYIR
2026-08-19 12:12:43.564,0.00,0.00,0,0.0,0.0,0.000,0.0,0,HAYIR,HAYIR
2026-08-19 12:12:43.584,0.00,0.00,0,0.0,0.0,0.000,0.0,0,HAYIR,HAYIR
2026-08-19 12:12:43.604,0.00,0.00,0,0.0,0.0,0.000,0.0,0,HAYIR,HAYIR
2026-08-19 12:12:43.624,0.00,0.00,0,0.0,0.0,0.000,0.0,0,HAYIR,HAYIR
2026-08-19 12:12:43.645,0.00,0.00,0,0.0,0.0,0.000,0.0,0,HAYIR,HAYIR
2026-08-19 12:12:43.665,0.00,0.00,0,0.0,0.0,0.000,0.0,0,HAYIR,HAYIR
2026-08-19 12:12:43.685,0.00,0.00,0,0.0,0.0,0.000,0.0,0,HAYIR,HAYIR
2026-08-19 12:12:43.705,0.00,0.00,0,0.0,0.0,0.000,0.0,0,HAYIR,HAYIR
2026-08-19 12:12:43.724,0.00,0.00,0,0.0,0.0,0.000,0.0,0,HAYIR,HAYIR
2026-08-19 12:12:43.745,0.00,0.00,0,0.0,0.0,0.000,0.0,0,HAYIR,HAYIR
2026-08-19 12:12:43.764,0.00,0.00,0,0.0,0.0,0.000,0.0,0,HAYIR,HAYIR
2026-08-19 12:12:43.784,0.00,0.00,0,0.0,0.0,0.000,0.0,0,HAYIR,HAYIR
2026-08-19 12:12:43.805,0.00,0.00,0,0.0,0.0,0.000,0.0,0,HAYIR,HAYIR
2026-08-19 12:12:43.824,0.00,0.00,0,0.0,0.0,0.000,0.0,0,HAYIR,HAYIR
2026-08-19 12:12:43.845,0.00,0.00,0,0.0,0.0,0.000,0.0,0,HAYIR,HAYIR
2026-08-19 12:12:43.864,0.00,0.00,0,0.0,0.0,0.000,0.0,0,HAYIR,HAYIR
2026-08-19 12:12:43.885,0.00,0.00,0,0.0,0.0,0.000,0.0,0,HAYIR,HAYIR
2026-08-19 12:12:43.905,0.00,0.00,0,0.0,0.0,0.000,0.0,0,HAYIR,HAYIR
2026-08-19 12:12:43.924,0.00,0.00,0,0.0,0.0,0.000,0.0,0,HAYIR,HAYIR
2026-08-19 12:12:43.945,0.00,0.00,0,0.0,0.0,0.000,0.0,0,HAYIR,HAYIR
2026-08-19 12:12:43.964,0.00,0.00,0,0.0,0.0,0.000,0.0,0,HAYIR,HAYIR
2026-08-19 12:12:43.984,0.00,0.00,0,0.0,0.0,0.000,0.0,0,HAYIR,HAYIR
2026-08-19 12:12:44.004,0.00,0.00,0,0.0,0.0,0.000,0.0,0,HAYIR,HAYIR
2026-08-19 12:12:44.024,0.00,0.00,0,0.0,0.0,0.000,0.0,0,HAYIR,HAYIR
2026-08-19 12:12:44.045,0.00,0.00,0,0.0,0.0,0.000,0.0,0,HAYIR,HAYIR
2026-08-19 12:12:44.064,0.00,0.00,0,0.0,0.0,0.000,0.0,0,HAYIR,HAYIR
2026-08-19 12:12:44.084,0.00,0.00,0,0.0,0.0,0.000,0.0,0,HAYIR,HAYIR
2026-08-19 12:12:44.105,0.00,0.00,0,0.0,0.0,0.000,0.0,0,HAYIR,HAYIR
2026-08-19 12:12:44.124,0.00,0.00,0,0.0,0.0,0.000,0.0,0,HAYIR,HAYIR
2026-08-19 12:12:44.144,0.00,0.00,0,0.0,0.0,0.000,0.0,0,HAYIR,HAYIR
2026-08-19 12:12:44.164,0.00,0.00,0,0.0,0.0,0.000,0.0,0,HAYIR,HAYIR
2026-08-19 12:12:44.185,0.00,0.00,0,0.0,0.0,0.000,0.0,0,HAYIR,HAYIR
2026-08-19 12:12:44.205,0.00,0.00,0,0.0,0.0,0.000,0.0,0,HAYIR,HAYIR
2026-08-19 12:12:44.224,0.00,0.00,0,0.0,0.0,0.000,0.0,0,HAYIR,HAYIR
2026-08-19 12:12:44.245,0.00,0.00,0,0.0,0.0,0.000,0.0,0,HAYIR,HAYIR
2026-08-19 12:12:44.264,0.00,0.00,0,0.0,0.0,0.000,0.0,0,HAYIR,HAYIR
2026-08-19 12:12:44.284,0.00,0.00,0,0.0,0.0,0.000,0.0,0,HAYIR,HAYIR
2026-08-19 12:12:44.304,0.00,0.00,0,0.0,0.0,0.000,0.0,0,HAYIR,HAYIR
2026-08-19 12:12:44.324,0.00,0.00,0,0.0,0.0,0.000,0.0,0,HAYIR,HAYIR
2026-08-19 12:12:44.344,0.00,0.00,0,0.0,0.0,0.000,0.0,0,HAYIR,HAYIR
2026-08-19 12:12:44.364,0.00,0.00,0,0.0,0.0,0.000,0.0,0,HAYIR,HAYIR
2026-08-19 12:12:44.384,0.00,0.00,0,0.0,0.0,0.000,0.0,0,HAYIR,HAYIR
2026-08-19 12:12:44.404,0.00,0.00,0,0.0,0.0,0.000,0.0,0,HAYIR,HAYIR
2026-08-19 12:12:44.424,0.00,0.00,0,0.0,0.0,0.000,0.0,0,HAYIR,HAYIR
2026-08-19 12:12:44.444,0.00,0.00,0,0.0,0.0,0.000,0.0,0,HAYIR,HAYIR
2026-08-19 12:12:44.464,0.00,0.00,0,0.0,0.0,0.000,0.0,0,HAYIR,HAYIR
2026-08-19 12:12:44.484,0.00,0.00,0,0.0,0.0,0.000,0.0,0,HAYIR,HAYIR
2026-08-19 12:12:44.504,0.00,0.00,0,0.0,0.0,0.000,0.0,0,HAYIR,HAYIR
2026-08-19 12:12:44.524,0.00,0.00,0,0.0,0.0,0.000,0.0,0,HAYIR,HAYIR
2026-08-19 12:12:44.544,0.00,0.00,0,0.0,0.0,0.000,0.0,0,HAYIR,HAYIR
2026-08-19 12:12:44.564,0.00,0.00,0,0.0,0.0,0.000,0.0,0,HAYIR,HAYIR
2026-08-19 12:12:44.584,0.00,0.00,0,0.0,0.0,0.000,0.0,0,HAYIR,HAYIR
2026-08-19 12:12:44.604,0.00,0.00,0,0.0,0.0,0.000,0.0,0,HAYIR,HAYIR
2026-08-19 12:12:44.625,0.00,0.00,0,0.0,0.0,0.000,0.0,0,HAYIR,HAYIR
2026-08-19 12:12:44.644,0.00,0.00,0,0.0,0.0,0.000,0.0,0,HAYIR,HAYIR
2026-08-19 12:12:44.665,0.00,0.00,0,0.0,0.0,0.000,0.0,0,HAYIR,HAYIR
2026-08-19 12:12:44.685,0.00,0.00,0,0.0,0.0,0.000,0.0,0,HAYIR,HAYIR
2026-08-19 12:12:44.705,0.00,0.00,0,0.0,0.0,0.000,0.0,0,HAYIR,HAYIR
2026-08-19 12:12:44.724,0.00,0.00,0,0.0,0.0,0.000,0.0,0,HAYIR,HAYIR
2026-08-19 12:12:44.744,0.00,0.00,0,0.0,0.0,0.000,0.0,0,HAYIR,HAYIR
2026-08-19 12:12:44.765,0.00,0.00,0,0.0,0.0,0.000,0.0,0,HAYIR,HAYIR
2026-08-19 12:12:44.784,0.00,0.00,0,0.0,0.0,0.000,0.0,0,HAYIR,HAYIR
2026-08-19 12:12:44.804,0.00,0.00,0,0.0,0.0,0.000,0.0,0,HAYIR,HAYIR
2026-08-19 12:12:44.824,0.00,0.00,0,0.0,0.0,0.000,0.0,0,HAYIR,HAYIR
2026-08-19 12:12:44.845,0.00,0.00,0,0.0,0.0,0.000,0.0,0,HAYIR,HAYIR
2026-08-19 12:12:44.864,0.00,0.00,0,0.0,0.0,0.000,0.0,0,HAYIR,HAYIR
2026-08-19 12:12:44.884,0.00,0.00,0,0.0,0.0,0.000,0.0,0,HAYIR,HAYIR
2026-08-19 12:12:44.905,0.00,0.00,0,0.0,0.0,0.000,0.0,0,HAYIR,HAYIR
2026-08-19 12:12:44.925,0.00,0.00,0,0.0,0.0,0.000,0.0,0,HAYIR,HAYIR
2026-08-19 12:12:44.944,0.00,0.00,0,0.0,0.0,0.000,0.0,0,HAYIR,HAYIR
2026-08-19 12:12:44.964,0.00,0.00,0,0.0,0.0,0.000,0.0,0,HAYIR,HAYIR
2026-08-19 12:12:44.984,0.00,0.00,0,0.0,0.0,0.000,0.0,0,HAYIR,HAYIR
2026-08-19 12:12:45.004,0.00,0.00,0,0.0,0.0,0.000,0.0,0,HAYIR,HAYIR
2026-08-19 12:12:45.024,0.00,0.00,0,0.0,0.0,0.000,0.0,0,HAYIR,HAYIR
2026-08-19 12:12:45.044,0.00,0.00,0,0.0,0.0,0.000,0.0,0,HAYIR,HAYIR
2026-08-19 12:12:45.064,0.00,0.00,0,0.0,0.0,0.000,0.0,0,HAYIR,HAYIR
2026-08-19 12:12:45.084,0.00,0.00,0,0.0,0.0,0.000,0.0,0,HAYIR,HAYIR
2026-08-19 12:12:45.104,0.00,0.00,0,0.0,0.0,0.000,0.0,0,HAYIR,HAYIR
2026-08-19 12:12:45.124,0.00,0.00,0,0.0,0.0,0.000,0.0,0,HAYIR,HAYIR
2026-08-19 12:12:45.144,0.00,0.00,0,0.0,0.0,0.000,0.0,0,HAYIR,HAYIR
2026-08-19 12:12:45.164,0.00,0.00,0,0.0,0.0,0.000,0.0,0,HAYIR,HAYIR
2026-08-19 12:12:45.184,0.00,0.00,0,0.0,0.0,0.000,0.0,0,HAYIR,HAYIR
2026-08-19 12:12:45.205,0.00,0.00,0,0.0,0.0,0.000,0.0,0,HAYIR,HAYIR
2026-08-19 12:12:45.225,0.00,0.00,0,0.0,0.0,0.000,0.0,0,HAYIR,HAYIR
2026-08-19 12:12:45.245,0.00,0.00,0,0.0,0.0,0.000,0.0,0,HAYIR,HAYIR
2026-08-19 12:12:45.265,0.00,0.00,0,0.0,0.0,0.000,0.0,0,HAYIR,HAYIR
2026-08-19 12:12:45.285,0.00,0.00,0,0.0,0.0,0.000,0.0,0,HAYIR,HAYIR
2026-08-19 12:12:45.305,0.00,0.00,0,0.0,0.0,0.000,0.0,0,HAYIR,HAYIR
2026-08-19 12:12:45.325,0.00,0.00,0,0.0,0.0,0.000,0.0,0,HAYIR,HAYIR
2026-08-19 12:12:45.344,0.00,0.00,0,0.0,0.0,0.000,0.0,0,HAYIR,HAYIR
2026-08-19 12:12:45.364,0.00,0.00,0,0.0,0.0,0.000,0.0,0,HAYIR,HAYIR
2026-08-19 12:12:45.384,0.00,0.00,0,0.0,0.0,0.000,0.0,0,HAYIR,HAYIR
2026-08-19 12:12:45.405,0.00,0.00,0,0.0,0.0,0.000,0.0,0,HAYIR,HAYIR
2026-08-19 12:12:45.424,0.00,0.00,0,0.0,0.0,0.000,0.0,0,HAYIR,HAYIR
2026-08-19 12:12:45.445,0.00,0.00,0,0.0,0.0,0.000,0.0,0,HAYIR,HAYIR
2026-08-19 12:12:45.464,0.00,0.00,0,0.0,0.0,0.000,0.0,0,HAYIR,HAYIR
2026-08-19 12:12:45.484,0.00,0.00,0,0.0,0.0,0.000,0.0,0,HAYIR,HAYIR
2026-08-19 12:12:45.505,0.00,0.00,0,0.0,0.0,0.000,0.0,0,HAYIR,HAYIR
2026-08-19 12:12:45.524,0.00,0.00,0,0.0,0.0,0.000,0.0,0,HAYIR,HAYIR
2026-08-19 12:12:45.545,0.00,0.00,0,0.0,0.0,0.000,0.0,0,HAYIR,HAYIR
2026-08-19 12:12:45.565,0.00,0.00,0,0.0,0.0,0.000,0.0,0,HAYIR,HAYIR
2026-08-19 12:12:45.584,0.00,0.00,0,0.0,0.0,0.000,0.0,0,HAYIR,HAYIR
2026-08-19 12:12:45.604,0.00,0.00,0,0.0,0.0,0.000,0.0,0,HAYIR,HAYIR
2026-08-19 12:12:45.625,0.00,0.00,0,0.0,0.0,0.000,0.0,0,HAYIR,HAYIR
2026-08-19 12:12:45.645,0.00,0.00,0,0.0,0.0,0.000,0.0,0,HAYIR,HAYIR
2026-08-19 12:12:45.665,0.00,0.00,0,0.0,0.0,0.000,0.0,0,HAYIR,HAYIR
2026-08-19 12:12:45.685,0.00,0.00,0,0.0,0.0,0.000,0.0,0,HAYIR,HAYIR
2026-08-19 12:12:45.705,0.00,0.00,0,0.0,0.0,0.000,0.0,0,HAYIR,HAYIR
2026-08-19 12:12:45.724,0.00,0.00,0,0.0,0.0,0.000,0.0,0,HAYIR,HAYIR
2026-08-19 12:12:45.744,0.00,0.00,0,0.0,0.0,0.000,0.0,0,HAYIR,HAYIR
2026-08-19 12:12:45.764,0.00,0.00,0,0.0,0.0,0.000,0.0,0,HAYIR,HAYIR
2026-08-19 12:12:45.784,0.00,0.00,0,0.0,0.0,0.000,0.0,0,HAYIR,HAYIR
2026-08-19 12:12:45.805,0.00,0.00,0,0.0,0.0,0.000,0.0,0,HAYIR,HAYIR
2026-08-19 12:12:45.825,0.00,0.00,0,0.0,0.0,0.000,0.0,0,HAYIR,HAYIR
2026-08-19 12:12:45.845,0.00,0.00,0,0.0,0.0,0.000,0.0,0,HAYIR,HAYIR
2026-08-19 12:12:45.864,0.00,0.00,0,0.0,0.0,0.000,0.0,0,HAYIR,HAYIR
2026-08-19 12:12:45.885,0.00,0.00,0,0.0,0.0,0.000,0.0,0,HAYIR,HAYIR
2026-08-19 12:12:45.905,0.00,0.00,0,0.0,0.0,0.000,0.0,0,HAYIR,HAYIR
2026-08-19 12:12:45.924,0.00,0.00,0,0.0,0.0,0.000,0.0,0,HAYIR,HAYIR
2026-08-19 12:12:45.945,0.00,0.00,0,0.0,0.0,0.000,0.0,0,HAYIR,HAYIR
2026-08-19 12:12:45.964,0.00,0.00,0,0.0,0.0,0.000,0.0,0,HAYIR,HAYIR
2026-08-19 12:12:45.984,0.00,0.00,0,0.0,0.0,0.000,0.0,0,HAYIR,HAYIR
2026-08-19 12:12:46.004,0.00,0.00,0,0.0,0.0,0.000,0.0,0,HAYIR,HAYIR
2026-08-19 12:12:46.024,0.00,0.00,0,0.0,0.0,0.000,0.0,0,HAYIR,HAYIR
2026-08-19 12:12:46.045,0.00,0.00,0,0.0,0.0,0.000,0.0,0,HAYIR,HAYIR
2026-08-19 12:12:46.064,0.00,0.00,0,0.0,0.0,0.000,0.0,0,HAYIR,HAYIR
2026-08-19 12:12:46.085,0.00,0.00,0,0.0,0.0,0.000,0.0,0,HAYIR,HAYIR
2026-08-19 12:12:46.105,0.00,0.00,0,0.0,0.0,0.000,0.0,0,HAYIR,HAYIR
2026-08-19 12:12:46.125,0.00,0.00,0,0.0,0.0,0.000,0.0,0,HAYIR,HAYIR
2026-08-19 12:12:46.145,0.00,0.00,0,0.0,0.0,0.000,0.0,0,HAYIR,HAYIR
2026-08-19 12:12:46.164,0.00,0.00,0,0.0,0.0,0.000,0.0,0,HAYIR,HAYIR
2026-08-19 12:12:46.185,0.00,0.00,0,0.0,0.0,0.000,0.0,0,HAYIR,HAYIR
2026-08-19 12:12:46.204,0.00,0.00,0,0.0,0.0,0.000,0.0,0,HAYIR,HAYIR
2026-08-19 12:12:46.225,0.00,0.00,0,0.0,0.0,0.000,0.0,0,HAYIR,HAYIR
2026-08-19 12:12:46.245,0.00,0.00,0,0.0,0.0,0.000,0.0,0,HAYIR,HAYIR
2026-08-19 12:12:46.264,0.00,0.00,0,0.0,0.0,0.000,0.0,0,HAYIR,HAYIR
2026-08-19 12:12:46.285,0.00,0.00,0,0.0,0.0,0.000,0.0,0,HAYIR,HAYIR
2026-08-19 12:12:46.305,0.00,0.00,0,0.0,0.0,0.000,0.0,0,HAYIR,HAYIR
2026-08-19 12:12:46.324,0.00,0.00,0,0.0,0.0,0.000,0.0,0,HAYIR,HAYIR
2026-08-19 12:12:46.345,0.00,0.00,0,0.0,0.0,0.000,0.0,0,HAYIR,HAYIR
2026-08-19 12:12:46.364,0.00,0.00,0,0.0,0.0,0.000,0.0,0,HAYIR,HAYIR
2026-08-19 12:12:46.384,0.00,0.00,0,0.0,0.0,0.000,0.0,0,HAYIR,HAYIR
2026-08-19 12:12:46.404,0.00,0.00,0,0.0,0.0,0.000,0.0,0,HAYIR,HAYIR
2026-08-19 12:12:46.424,0.00,0.00,0,0.0,0.0,0.000,0.0,0,HAYIR,HAYIR
2026-08-19 12:12:46.445,0.00,0.00,0,0.0,0.0,0.000,0.0,0,HAYIR,HAYIR
2026-08-19 12:12:46.464,0.00,0.00,0,0.0,0.0,0.000,0.0,0,HAYIR,HAYIR
2026-08-19 12:12:46.484,0.00,0.00,0,0.0,0.0,0.000,0.0,0,HAYIR,HAYIR
2026-08-19 12:12:46.504,0.00,0.00,0,0.0,0.0,0.000,0.0,0,HAYIR,HAYIR
2026-08-19 12:12:46.524,0.00,0.00,0,0.0,0.0,0.000,0.0,0,HAYIR,HAYIR
2026-08-19 12:12:46.545,0.00,0.00,0,0.0,0.0,0.000,0.0,0,HAYIR,HAYIR
2026-08-19 12:12:46.564,0.00,0.00,0,0.0,0.0,0.000,0.0,0,HAYIR,HAYIR
2026-08-19 12:12:46.585,0.00,0.00,0,0.0,0.0,0.000,0.0,0,HAYIR,HAYIR
2026-08-19 12:12:46.605,0.00,0.00,0,0.0,0.0,0.000,0.0,0,HAYIR,HAYIR
2026-08-19 12:12:46.625,0.00,0.00,0,0.0,0.0,0.000,0.0,0,HAYIR,HAYIR
2026-08-19 12:12:46.645,0.00,0.00,0,0.0,0.0,0.000,0.0,0,HAYIR,HAYIR
2026-08-19 12:12:46.665,0.00,0.00,0,0.0,0.0,0.000,0.0,0,HAYIR,HAYIR
2026-08-19 12:12:46.685,0.00,0.00,0,0.0,0.0,0.000,0.0,0,HAYIR,HAYIR
2026-08-19 12:12:46.705,0.00,0.00,0,0.0,0.0,0.000,0.0,0,HAYIR,HAYIR
2026-08-19 12:12:46.725,0.00,0.00,0,0.0,0.0,0.000,0.0,0,HAYIR,HAYIR
2026-08-19 12:12:46.744,0.00,0.00,0,0.0,0.0,0.000,0.0,0,HAYIR,HAYIR
2026-08-19 12:12:46.764,0.00,0.00,0,0.0,0.0,0.000,0.0,0,HAYIR,HAYIR
2026-08-19 12:12:46.784,0.00,0.00,0,0.0,0.0,0.000,0.0,0,HAYIR,HAYIR
2026-08-19 12:12:46.804,0.00,0.00,0,0.0,0.0,0.000,0.0,0,HAYIR,HAYIR
2026-08-19 12:12:46.824,0.00,0.00,0,0.0,0.0,0.000,0.0,0,HAYIR,HAYIR
2026-08-19 12:12:46.844,0.00,0.00,0,0.0,0.0,0.000,0.0,0,HAYIR,HAYIR
2026-08-19 12:12:46.864,0.00,0.00,0,0.0,0.0,0.000,0.0,0,HAYIR,HAYIR
2026-08-19 12:12:46.885,0.00,0.00,0,0.0,0.0,0.000,0.0,0,HAYIR,HAYIR
2026-08-19 12:12:46.905,0.00,0.00,0,0.0,0.0,0.000,0.0,0,HAYIR,HAYIR
2026-08-19 12:12:46.925,0.00,0.00,0,0.0,0.0,0.000,0.0,0,HAYIR,HAYIR
2026-08-19 12:12:46.944,0.00,0.00,0,0.0,0.0,0.000,0.0,0,HAYIR,HAYIR
2026-08-19 12:12:46.964,0.00,0.00,0,0.0,0.0,0.000,0.0,0,HAYIR,HAYIR
2026-08-19 12:12:46.985,0.00,0.00,0,0.0,0.0,0.000,0.0,0,HAYIR,HAYIR
2026-08-19 12:12:47.004,0.00,0.00,0,0.0,0.0,0.000,0.0,0,HAYIR,HAYIR
2026-08-19 12:12:47.025,0.00,0.00,0,0.0,0.0,0.000,0.0,0,HAYIR,HAYIR
2026-08-19 12:12:47.045,0.00,0.00,0,0.0,0.0,0.000,0.0,0,HAYIR,HAYIR
2026-08-19 12:12:47.064,0.00,0.00,0,0.0,0.0,0.000,0.0,0,HAYIR,HAYIR
2026-08-19 12:12:47.084,0.00,0.00,0,0.0,0.0,0.000,0.0,0,HAYIR,HAYIR
2026-08-19 12:12:47.104,0.00,0.00,0,0.0,0.0,0.000,0.0,0,HAYIR,HAYIR
2026-08-19 12:12:47.124,0.00,0.00,0,0.0,0.0,0.000,0.0,0,HAYIR,HAYIR
2026-08-19 12:12:47.145,0.00,0.00,0,0.0,0.0,0.000,0.0,0,HAYIR,HAYIR
2026-08-19 12:12:47.164,0.00,0.00,0,0.0,0.0,0.000,0.0,0,HAYIR,HAYIR
2026-08-19 12:12:47.184,0.00,0.00,0,0.0,0.0,0.000,0.0,0,HAYIR,HAYIR
2026-08-19 12:12:47.204,0.00,0.00,0,0.0,0.0,0.000,0.0,0,HAYIR,HAYIR
2026-08-19 12:12:47.224,0.00,0.00,0,0.0,0.0,0.000,0.0,0,HAYIR,HAYIR
2026-08-19 12:12:47.245,0.00,0.00,0,0.0,0.0,0.000,0.0,0,HAYIR,HAYIR
2026-08-19 12:12:47.264,0.00,0.00,0,0.0,0.0,0.000,0.0,0,HAYIR,HAYIR
2026-08-19 12:12:47.284,0.00,0.00,0,0.0,0.0,0.000,0.0,0,HAYIR,HAYIR
2026-08-19 12:12:47.304,0.00,0.00,0,0.0,0.0,0.000,0.0,0,HAYIR,HAYIR
2026-08-19 12:12:47.324,0.00,0.00,0,0.0,0.0,0.000,0.0,0,HAYIR,HAYIR
2026-08-19 12:12:47.344,0.00,0.00,0,0.0,0.0,0.000,0.0,0,HAYIR,HAYIR
2026-08-19 12:12:47.365,0.00,0.00,0,0.0,0.0,0.000,0.0,0,HAYIR,HAYIR
2026-08-19 12:12:47.384,0.00,0.00,0,0.0,0.0,0.000,0.0,0,HAYIR,HAYIR
2026-08-19 12:12:47.404,0.00,0.00,0,0.0,0.0,0.000,0.0,0,HAYIR,HAYIR
2026-08-19 12:12:47.424,0.00,0.00,0,0.0,0.0,0.000,0.0,0,HAYIR,HAYIR
2026-08-19 12:12:47.444,0.00,0.00,0,0.0,0.0,0.000,0.0,0,HAYIR,HAYIR
2026-08-19 12:12:47.464,0.00,0.00,0,0.0,0.0,0.000,0.0,0,HAYIR,HAYIR
2026-08-19 12:12:47.484,0.00,0.00,0,0.0,0.0,0.000,0.0,0,HAYIR,HAYIR
2026-08-19 12:12:47.504,0.00,0.00,0,0.0,0.0,0.000,0.0,0,HAYIR,HAYIR
2026-08-19 12:12:47.524,0.00,0.00,0,0.0,0.0,0.000,0.0,0,HAYIR,HAYIR
2026-08-19 12:12:47.544,0.00,0.00,0,0.0,0.0,0.000,0.0,0,HAYIR,HAYIR
2026-08-19 12:12:47.565,0.00,0.00,0,0.0,0.0,0.000,0.0,0,HAYIR,HAYIR
2026-08-19 12:12:47.584,0.00,0.00,0,0.0,0.0,0.000,0.0,0,HAYIR,HAYIR
2026-08-19 12:12:47.604,0.00,0.00,0,0.0,0.0,0.000,0.0,0,HAYIR,HAYIR
2026-08-19 12:12:47.624,0.00,0.00,0,0.0,0.0,0.000,0.0,0,HAYIR,HAYIR
2026-08-19 12:12:47.645,0.00,0.00,0,0.0,0.0,0.000,0.0,0,HAYIR,HAYIR
2026-08-19 12:12:47.664,0.00,0.00,0,0.0,0.0,0.000,0.0,0,HAYIR,HAYIR
2026-08-19 12:12:47.685,0.00,0.00,0,0.0,0.0,0.000,0.0,0,HAYIR,HAYIR
2026-08-19 12:12:47.705,0.00,0.00,0,0.0,0.0,0.000,0.0,0,HAYIR,HAYIR
2026-08-19 12:12:47.724,0.00,0.00,0,0.0,0.0,0.000,0.0,0,HAYIR,HAYIR
2026-08-19 12:12:47.744,0.00,0.00,0,0.0,0.0,0.000,0.0,0,HAYIR,HAYIR
2026-08-19 12:12:47.764,0.00,0.00,0,0.0,0.0,0.000,0.0,0,HAYIR,HAYIR
2026-08-19 12:12:47.784,0.00,0.00,0,0.0,0.0,0.000,0.0,0,HAYIR,HAYIR
2026-08-19 12:12:47.804,0.00,0.00,0,0.0,0.0,0.000,0.0,0,HAYIR,HAYIR
2026-08-19 12:12:47.824,0.00,0.00,0,0.0,0.0,0.000,0.0,0,HAYIR,HAYIR
2026-08-19 12:12:47.844,0.00,0.00,0,0.0,0.0,0.000,0.0,0,HAYIR,HAYIR
2026-08-19 12:12:47.864,0.00,0.00,0,0.0,0.0,0.000,0.0,0,HAYIR,HAYIR
2026-08-19 12:12:47.884,0.00,0.00,0,0.0,0.0,0.000,0.0,0,HAYIR,HAYIR
2026-08-19 12:12:47.905,0.00,0.00,0,0.0,0.0,0.000,0.0,0,HAYIR,HAYIR
2026-08-19 12:12:47.924,0.00,0.00,0,0.0,0.0,0.000,0.0,0,HAYIR,HAYIR
2026-08-19 12:12:47.944,0.00,0.00,0,0.0,0.0,0.000,0.0,0,HAYIR,HAYIR
2026-08-19 12:12:47.964,0.00,0.00,0,0.0,0.0,0.000,0.0,0,HAYIR,HAYIR
2026-08-19 12:12:47.984,0.00,0.00,0,0.0,0.0,0.000,0.0,0,HAYIR,HAYIR
2026-08-19 12:12:48.004,0.00,0.00,0,0.0,0.0,0.000,0.0,0,HAYIR,HAYIR
2026-08-19 12:12:48.024,0.00,0.00,0,0.0,0.0,0.000,0.0,0,HAYIR,HAYIR
2026-08-19 12:12:48.045,0.00,0.00,0,0.0,0.0,0.000,0.0,0,HAYIR,HAYIR
2026-08-19 12:12:48.064,0.00,0.00,0,0.0,0.0,0.000,0.0,0,HAYIR,HAYIR
2026-08-19 12:12:48.085,0.00,0.00,0,0.0,0.0,0.000,0.0,0,HAYIR,HAYIR
2026-08-19 12:12:48.105,0.00,0.00,0,0.0,0.0,0.000,0.0,0,HAYIR,HAYIR
2026-08-19 12:12:48.124,0.00,0.00,0,0.0,0.0,0.000,0.0,0,HAYIR,HAYIR
2026-08-19 12:12:48.145,0.00,0.00,0,0.0,0.0,0.000,0.0,0,HAYIR,HAYIR
2026-08-19 12:12:48.164,0.00,0.00,0,0.0,0.0,0.000,0.0,0,HAYIR,HAYIR
2026-08-19 12:12:48.185,0.00,0.00,0,0.0,0.0,0.000,0.0,0,HAYIR,HAYIR
2026-08-19 12:12:48.205,0.00,0.00,0,0.0,0.0,0.000,0.0,0,HAYIR,HAYIR
2026-08-19 12:12:48.225,0.00,0.00,0,0.0,0.0,0.000,0.0,0,HAYIR,HAYIR
2026-08-19 12:12:48.245,0.00,0.00,0,0.0,0.0,0.000,0.0,0,HAYIR,HAYIR
2026-08-19 12:12:48.264,0.00,0.00,0,0.0,0.0,0.000,0.0,0,HAYIR,HAYIR
2026-08-19 12:12:48.285,0.00,0.00,0,0.0,0.0,0.000,0.0,0,HAYIR,HAYIR
2026-08-19 12:12:48.305,0.00,0.00,0,0.0,0.0,0.000,0.0,0,HAYIR,HAYIR
2026-08-19 12:12:48.325,0.00,0.00,0,0.0,0.0,0.000,0.0,0,HAYIR,HAYIR
2026-08-19 12:12:48.344,0.00,0.00,0,0.0,0.0,0.000,0.0,0,HAYIR,HAYIR
2026-08-19 12:12:48.365,0.00,0.00,0,0.0,0.0,0.000,0.0,0,HAYIR,HAYIR
2026-08-19 12:12:48.384,0.00,0.00,0,0.0,0.0,0.000,0.0,0,HAYIR,HAYIR
2026-08-19 12:12:48.405,0.00,0.00,0,0.0,0.0,0.000,0.0,0,HAYIR,HAYIR
2026-08-19 12:12:48.425,0.00,0.00,0,0.0,0.0,0.000,0.0,0,HAYIR,HAYIR
2026-08-19 12:12:48.445,0.00,0.00,0,0.0,0.0,0.000,0.0,0,HAYIR,HAYIR
2026-08-19 12:12:48.465,0.00,0.00,0,0.0,0.0,0.000,0.0,0,HAYIR,HAYIR
2026-08-19 12:12:48.485,0.00,0.00,0,0.0,0.0,0.000,0.0,0,HAYIR,HAYIR
2026-08-19 12:12:48.505,0.00,0.00,0,0.0,0.0,0.000,0.0,0,HAYIR,HAYIR
2026-08-19 12:12:48.524,0.00,0.00,0,0.0,0.0,0.000,0.0,0,HAYIR,HAYIR
2026-08-19 12:12:48.544,0.00,0.00,0,0.0,0.0,0.000,0.0,0,HAYIR,HAYIR
2026-08-19 12:12:48.564,0.00,0.00,0,0.0,0.0,0.000,0.0,0,HAYIR,HAYIR
2026-08-19 12:12:48.584,0.00,0.00,0,0.0,0.0,0.000,0.0,0,HAYIR,HAYIR
2026-08-19 12:12:48.604,0.00,0.00,0,0.0,0.0,0.000,0.0,0,HAYIR,HAYIR
2026-08-19 12:12:48.624,0.00,0.00,0,0.0,0.0,0.000,0.0,0,HAYIR,HAYIR
2026-08-19 12:12:48.644,0.00,0.00,0,0.0,0.0,0.000,0.0,0,HAYIR,HAYIR
2026-08-19 12:12:48.664,0.00,0.00,0,0.0,0.0,0.000,0.0,0,HAYIR,HAYIR
2026-08-19 12:12:48.685,0.00,0.00,0,0.0,0.0,0.000,0.0,0,HAYIR,HAYIR
2026-08-19 12:12:48.704,0.00,0.00,0,0.0,0.0,0.000,0.0,0,HAYIR,HAYIR
2026-08-19 12:12:48.724,0.00,0.00,0,0.0,0.0,0.000,0.0,0,HAYIR,HAYIR
2026-08-19 12:12:48.744,0.00,0.00,0,0.0,0.0,0.000,0.0,0,HAYIR,HAYIR
2026-08-19 12:12:48.764,0.00,0.00,0,0.0,0.0,0.000,0.0,0,HAYIR,HAYIR
2026-08-19 12:12:48.784,0.00,0.00,0,0.0,0.0,0.000,0.0,0,HAYIR,HAYIR
2026-08-19 12:12:48.804,0.00,0.00,0,0.0,0.0,0.000,0.0,0,HAYIR,HAYIR
2026-08-19 12:12:48.824,0.00,0.00,0,0.0,0.0,0.000,0.0,0,HAYIR,HAYIR
2026-08-19 12:12:48.844,0.00,0.00,0,0.0,0.0,0.000,0.0,0,HAYIR,HAYIR
2026-08-19 12:12:48.864,0.00,0.00,0,0.0,0.0,0.000,0.0,0,HAYIR,HAYIR
2026-08-19 12:12:48.884,0.00,0.00,0,0.0,0.0,0.000,0.0,0,HAYIR,HAYIR
2026-08-19 12:12:48.904,0.00,0.00,0,0.0,0.0,0.000,0.0,0,HAYIR,HAYIR
2026-08-19 12:12:48.924,0.00,0.00,0,0.0,0.0,0.000,0.0,0,HAYIR,HAYIR
2026-08-19 12:12:48.944,0.00,0.00,0,0.0,0.0,0.000,0.0,0,HAYIR,HAYIR
2026-08-19 12:12:48.964,0.00,0.00,0,0.0,0.0,0.000,0.0,0,HAYIR,HAYIR
2026-08-19 12:12:48.984,0.00,0.00,0,0.0,0.0,0.000,0.0,0,HAYIR,HAYIR
2026-08-19 12:12:49.004,0.00,0.00,0,0.0,0.0,0.000,0.0,0,HAYIR,HAYIR
2026-08-19 12:12:49.024,0.00,0.00,0,0.0,0.0,0.000,0.0,0,HAYIR,HAYIR
2026-08-19 12:12:49.044,0.00,0.00,0,0.0,0.0,0.000,0.0,0,HAYIR,HAYIR
2026-08-19 12:12:49.064,0.00,0.00,0,0.0,0.0,0.000,0.0,0,HAYIR,HAYIR
2026-08-19 12:12:49.084,0.00,0.00,0,0.0,0.0,0.000,0.0,0,HAYIR,HAYIR
2026-08-19 12:12:49.105,0.00,0.00,0,0.0,0.0,0.000,0.0,0,HAYIR,HAYIR
2026-08-19 12:12:49.125,0.00,0.00,0,0.0,0.0,0.000,0.0,0,HAYIR,HAYIR
2026-08-19 12:12:49.144,0.00,0.00,0,0.0,0.0,0.000,0.0,0,HAYIR,HAYIR
2026-08-19 12:12:49.164,0.00,0.00,0,0.0,0.0,0.000,0.0,0,HAYIR,HAYIR
2026-08-19 12:12:49.184,0.00,0.00,0,0.0,0.0,0.000,0.0,0,HAYIR,HAYIR
2026-08-19 12:12:49.204,0.00,0.00,0,0.0,0.0,0.000,0.0,0,HAYIR,HAYIR
2026-08-19 12:12:49.225,0.00,0.00,0,0.0,0.0,0.000,0.0,0,HAYIR,HAYIR
2026-08-19 12:12:49.244,0.00,0.00,0,0.0,0.0,0.000,0.0,0,HAYIR,HAYIR
2026-08-19 12:12:49.264,0.00,0.00,0,0.0,0.0,0.000,0.0,0,HAYIR,HAYIR
2026-08-19 12:12:49.284,0.00,0.00,0,0.0,0.0,0.000,0.0,0,HAYIR,HAYIR
2026-08-19 12:12:49.305,0.00,0.00,0,0.0,0.0,0.000,0.0,0,HAYIR,HAYIR
2026-08-19 12:12:49.324,0.00,0.00,0,0.0,0.0,0.000,0.0,0,HAYIR,HAYIR
2026-08-19 12:12:49.344,0.00,0.00,0,0.0,0.0,0.000,0.0,0,HAYIR,HAYIR
2026-08-19 12:12:49.364,0.00,0.00,0,0.0,0.0,0.000,0.0,0,HAYIR,HAYIR
2026-08-19 12:12:49.384,0.00,0.00,0,0.0,0.0,0.000,0.0,0,HAYIR,HAYIR
2026-08-19 12:12:49.404,0.00,0.00,0,0.0,0.0,0.000,0.0,0,HAYIR,HAYIR
2026-08-19 12:12:49.424,0.00,0.00,0,0.0,0.0,0.000,0.0,0,HAYIR,HAYIR
2026-08-19 12:12:49.445,0.00,0.00,0,0.0,0.0,0.000,0.0,0,HAYIR,HAYIR
2026-08-19 12:12:49.464,0.00,0.00,0,0.0,0.0,0.000,0.0,0,HAYIR,HAYIR
2026-08-19 12:12:49.485,0.00,0.00,0,0.0,0.0,0.000,0.0,0,HAYIR,HAYIR
2026-08-19 12:12:49.505,0.00,0.00,0,0.0,0.0,0.000,0.0,0,HAYIR,HAYIR
2026-08-19 12:12:49.524,0.00,0.00,0,0.0,0.0,0.000,0.0,0,HAYIR,HAYIR
2026-08-19 12:12:49.544,0.00,0.00,0,0.0,0.0,0.000,0.0,0,HAYIR,HAYIR
2026-08-19 12:12:49.564,0.00,0.00,0,0.0,0.0,0.000,0.0,0,HAYIR,HAYIR
2026-08-19 12:12:49.584,0.00,0.00,0,0.0,0.0,0.000,0.0,0,HAYIR,HAYIR
2026-08-19 12:12:49.604,0.00,0.00,0,0.0,0.0,0.000,0.0,0,HAYIR,HAYIR
2026-08-19 12:12:49.624,0.00,0.00,0,0.0,0.0,0.000,0.0,0,HAYIR,HAYIR
2026-08-19 12:12:49.645,0.00,0.00,0,0.0,0.0,0.000,0.0,0,HAYIR,HAYIR
2026-08-19 12:12:49.664,0.00,0.00,0,0.0,0.0,0.000,0.0,0,HAYIR,HAYIR
2026-08-19 12:12:49.684,0.00,0.00,0,0.0,0.0,0.000,0.0,0,HAYIR,HAYIR
2026-08-19 12:12:49.705,0.00,0.00,0,0.0,0.0,0.000,0.0,0,HAYIR,HAYIR
2026-08-19 12:12:49.724,0.00,0.00,0,0.0,0.0,0.000,0.0,0,HAYIR,HAYIR
2026-08-19 12:12:49.744,0.00,0.00,0,0.0,0.0,0.000,0.0,0,HAYIR,HAYIR
2026-08-19 12:12:49.764,0.00,0.00,0,0.0,0.0,0.000,0.0,0,HAYIR,HAYIR
2026-08-19 12:12:49.784,0.00,0.00,0,0.0,0.0,0.000,0.0,0,HAYIR,HAYIR
2026-08-19 12:12:49.804,0.00,0.00,0,0.0,0.0,0.000,0.0,0,HAYIR,HAYIR
2026-08-19 12:12:49.824,0.00,0.00,0,0.0,0.0,0.000,0.0,0,HAYIR,HAYIR
2026-08-19 12:12:49.845,0.00,0.00,0,0.0,0.0,0.000,0.0,0,HAYIR,HAYIR
2026-08-19 12:12:49.864,0.00,0.00,0,0.0,0.0,0.000,0.0,0,HAYIR,HAYIR
2026-08-19 12:12:49.885,0.00,0.00,0,0.0,0.0,0.000,0.0,0,HAYIR,HAYIR
2026-08-19 12:12:49.905,0.00,0.00,0,0.0,0.0,0.000,0.0,0,HAYIR,HAYIR
2026-08-19 12:12:49.924,0.00,0.00,0,0.0,0.0,0.000,0.0,0,HAYIR,HAYIR
2026-08-19 12:12:49.944,0.00,0.00,0,0.0,0.0,0.000,0.0,0,HAYIR,HAYIR
2026-08-19 12:12:49.965,0.00,0.00,0,0.0,0.0,0.000,0.0,0,HAYIR,HAYIR
2026-08-19 12:12:49.984,0.00,0.00,0,0.0,0.0,0.000,0.0,0,HAYIR,HAYIR
2026-08-19 12:12:50.004,0.00,0.00,0,0.0,0.0,0.000,0.0,0,HAYIR,HAYIR
2026-08-19 12:12:50.025,0.00,0.00,0,0.0,0.0,0.000,0.0,0,HAYIR,HAYIR
2026-08-19 12:12:50.045,0.00,0.00,0,0.0,0.0,0.000,0.0,0,HAYIR,HAYIR
2026-08-19 12:12:50.064,0.00,0.00,0,0.0,0.0,0.000,0.0,0,HAYIR,HAYIR
2026-08-19 12:12:50.085,0.00,0.00,0,0.0,0.0,0.000,0.0,0,HAYIR,HAYIR
2026-08-19 12:12:50.105,0.00,0.00,0,0.0,0.0,0.000,0.0,0,HAYIR,HAYIR
2026-08-19 12:12:50.124,0.00,0.00,0,0.0,0.0,0.000,0.0,0,HAYIR,HAYIR
2026-08-19 12:12:50.144,0.00,0.00,0,0.0,0.0,0.000,0.0,0,HAYIR,HAYIR
2026-08-19 12:12:50.165,0.00,0.00,0,0.0,0.0,0.000,0.0,0,HAYIR,HAYIR
2026-08-19 12:12:50.185,0.00,0.00,0,0.0,0.0,0.000,0.0,0,HAYIR,HAYIR
2026-08-19 12:12:50.204,0.00,0.00,0,0.0,0.0,0.000,0.0,0,HAYIR,HAYIR
2026-08-19 12:12:50.224,0.00,0.00,0,0.0,0.0,0.000,0.0,0,HAYIR,HAYIR
2026-08-19 12:12:50.244,0.00,0.00,0,0.0,0.0,0.000,0.0,0,HAYIR,HAYIR
2026-08-19 12:12:50.264,0.00,0.00,0,0.0,0.0,0.000,0.0,0,HAYIR,HAYIR
2026-08-19 12:12:50.284,0.00,0.00,0,0.0,0.0,0.000,0.0,0,HAYIR,HAYIR
2026-08-19 12:12:50.304,0.00,0.00,0,0.0,0.0,0.000,0.0,0,HAYIR,HAYIR
2026-08-19 12:12:50.324,0.00,0.00,0,0.0,0.0,0.000,0.0,0,HAYIR,HAYIR
2026-08-19 12:12:50.344,0.00,0.00,0,0.0,0.0,0.000,0.0,0,HAYIR,HAYIR
2026-08-19 12:12:50.364,0.00,0.00,0,0.0,0.0,0.000,0.0,0,HAYIR,HAYIR
2026-08-19 12:12:50.384,0.00,0.00,0,0.0,0.0,0.000,0.0,0,HAYIR,HAYIR
2026-08-19 12:12:50.404,0.00,0.00,0,0.0,0.0,0.000,0.0,0,HAYIR,HAYIR
2026-08-19 12:12:50.424,0.00,0.00,0,0.0,0.0,0.000,0.0,0,HAYIR,HAYIR
2026-08-19 12:12:50.444,0.00,0.00,0,0.0,0.0,0.000,0.0,0,HAYIR,HAYIR
2026-08-19 12:12:50.465,0.00,0.00,0,0.0,0.0,0.000,0.0,0,HAYIR,HAYIR
2026-08-19 12:12:50.485,0.00,0.00,0,0.0,0.0,0.000,0.0,0,HAYIR,HAYIR
2026-08-19 12:12:50.504,0.03,0.00,28,0.0,0.0,0.000,-0.0,0,HAYIR,HAYIR
2026-08-19 12:12:50.525,0.03,0.00,28,0.0,0.0,0.000,-0.0,0,HAYIR,HAYIR
2026-08-19 12:12:50.544,0.03,0.00,28,0.0,0.1,0.000,-0.0,0,HAYIR,HAYIR
2026-08-19 12:12:50.565,0.05,0.00,29,0.0,0.1,0.000,-0.0,0,HAYIR,HAYIR
2026-08-19 12:12:50.585,0.05,0.00,29,0.0,0.1,0.000,-0.0,0,HAYIR,HAYIR
2026-08-19 12:12:50.605,0.08,0.00,29,0.0,0.1,0.000,-0.0,0,HAYIR,HAYIR
2026-08-19 12:12:50.625,0.08,0.00,29,0.0,0.1,0.000,-0.0,0,HAYIR,HAYIR
2026-08-19 12:12:50.644,0.08,0.00,29,0.0,0.2,0.000,-0.0,0,HAYIR,HAYIR
2026-08-19 12:12:50.664,0.10,0.00,29,0.0,0.2,0.000,-0.0,0,HAYIR,HAYIR
2026-08-19 12:12:50.684,0.10,0.00,29,0.0,0.2,0.000,-0.0,0,HAYIR,HAYIR
2026-08-19 12:12:50.704,0.12,0.00,29,0.0,0.2,0.000,-0.0,0,HAYIR,HAYIR
2026-08-19 12:12:50.724,0.12,0.00,29,0.0,0.2,0.000,-0.0,0,HAYIR,HAYIR
2026-08-19 12:12:50.744,0.12,0.00,29,0.0,0.3,0.000,-0.0,0,HAYIR,HAYIR
2026-08-19 12:12:50.764,0.15,0.00,29,0.0,0.3,0.000,-0.0,0,HAYIR,HAYIR
2026-08-19 12:12:50.785,0.15,0.00,29,0.0,0.3,0.000,-0.0,0,HAYIR,HAYIR
2026-08-19 12:12:50.804,0.17,0.00,29,0.0,0.3,0.000,-0.0,0,HAYIR,HAYIR
2026-08-19 12:12:50.824,0.17,0.00,29,0.0,0.3,0.000,-0.0,0,HAYIR,HAYIR
2026-08-19 12:12:50.844,0.17,0.00,29,0.0,0.4,0.000,-0.0,0,HAYIR,HAYIR
2026-08-19 12:12:50.864,0.20,0.00,29,0.0,0.4,0.000,-0.0,0,HAYIR,HAYIR
2026-08-19 12:12:50.885,0.20,0.00,29,0.0,0.4,0.000,-0.0,0,HAYIR,HAYIR
2026-08-19 12:12:50.904,0.22,0.00,29,0.0,0.4,0.000,-0.0,0,HAYIR,HAYIR
2026-08-19 12:12:50.924,0.22,0.00,29,0.0,0.4,0.000,-0.0,0,HAYIR,HAYIR
2026-08-19 12:12:50.944,0.22,0.00,29,0.0,0.5,0.000,-0.0,0,HAYIR,HAYIR
2026-08-19 12:12:50.964,0.25,0.00,29,0.0,0.5,0.000,-0.0,0,HAYIR,HAYIR
2026-08-19 12:12:50.984,0.25,0.00,29,0.0,0.5,0.000,-0.0,0,HAYIR,HAYIR
2026-08-19 12:12:51.004,0.27,0.00,29,0.0,0.5,0.000,-0.0,0,HAYIR,HAYIR
2026-08-19 12:12:51.024,0.27,0.00,29,0.0,0.5,0.000,-0.0,0,HAYIR,HAYIR
2026-08-19 12:12:51.044,0.27,0.00,30,0.0,0.6,0.000,-0.0,0,HAYIR,HAYIR
2026-08-19 12:12:51.064,0.30,0.00,30,0.0,0.6,0.000,-0.0,0,HAYIR,HAYIR
2026-08-19 12:12:51.085,0.30,0.00,30,0.0,0.6,0.000,-0.0,0,HAYIR,HAYIR
2026-08-19 12:12:51.105,0.33,0.00,30,0.0,0.6,0.000,-0.0,0,HAYIR,HAYIR
2026-08-19 12:12:51.125,0.33,0.00,30,0.0,0.6,0.000,-0.0,0,HAYIR,HAYIR
2026-08-19 12:12:51.145,0.33,0.00,30,0.0,0.7,0.000,-0.0,0,HAYIR,HAYIR
2026-08-19 12:12:51.164,0.35,0.00,30,0.0,0.7,0.000,-0.0,0,HAYIR,HAYIR
2026-08-19 12:12:51.184,0.35,0.00,30,0.0,0.7,0.000,-0.0,0,HAYIR,HAYIR
2026-08-19 12:12:51.204,0.38,0.00,30,0.0,0.7,0.000,-0.0,0,HAYIR,HAYIR
2026-08-19 12:12:51.224,0.38,0.00,30,0.0,0.7,0.000,-0.0,0,HAYIR,HAYIR
2026-08-19 12:12:51.245,0.38,0.00,30,0.0,0.8,0.000,-0.0,0,HAYIR,HAYIR
2026-08-19 12:12:51.264,0.40,0.00,30,0.0,0.8,0.000,-0.0,0,HAYIR,HAYIR
2026-08-19 12:12:51.285,0.40,0.00,30,0.0,0.8,0.000,-0.0,0,HAYIR,HAYIR
2026-08-19 12:12:51.304,0.43,0.00,30,0.0,0.8,0.000,-0.0,0,HAYIR,HAYIR
2026-08-19 12:12:51.324,0.43,0.00,30,0.0,0.8,0.000,-0.0,0,HAYIR,HAYIR
2026-08-19 12:12:51.344,0.43,0.00,30,0.0,0.9,0.000,-0.0,0,HAYIR,HAYIR
2026-08-19 12:12:51.364,0.45,0.00,30,0.0,0.9,0.000,-0.0,0,HAYIR,HAYIR
2026-08-19 12:12:51.384,0.45,0.00,30,0.0,0.9,0.000,-0.0,0,HAYIR,HAYIR
2026-08-19 12:12:51.404,0.48,0.00,30,0.0,0.9,0.000,-0.0,0,HAYIR,HAYIR
2026-08-19 12:12:51.424,0.48,0.00,30,0.0,0.9,0.000,-0.0,0,HAYIR,HAYIR
2026-08-19 12:12:51.445,0.48,0.00,30,0.0,1.0,0.000,-0.0,0,HAYIR,HAYIR
2026-08-19 12:12:51.464,0.50,0.00,31,0.0,1.0,0.000,-0.0,0,HAYIR,HAYIR
2026-08-19 12:12:51.484,0.50,0.00,31,0.0,1.0,0.000,-0.0,0,HAYIR,HAYIR
2026-08-19 12:12:51.504,0.53,0.00,31,0.0,1.0,0.000,-0.0,0,HAYIR,HAYIR
2026-08-19 12:12:51.524,0.53,0.00,31,0.0,1.0,0.000,-0.0,0,HAYIR,HAYIR
2026-08-19 12:12:51.545,0.53,0.00,31,0.0,1.1,0.000,-0.0,0,HAYIR,HAYIR
2026-08-19 12:12:51.565,0.55,0.00,31,0.0,1.1,0.000,-0.0,0,HAYIR,HAYIR
2026-08-19 12:12:51.585,0.55,0.00,31,0.0,1.1,0.000,-0.0,0,HAYIR,HAYIR
2026-08-19 12:12:51.604,0.58,0.00,31,0.0,1.1,0.000,-0.0,0,HAYIR,HAYIR
2026-08-19 12:12:51.625,0.58,0.00,31,0.0,1.1,0.000,-0.0,0,HAYIR,HAYIR
2026-08-19 12:12:51.645,0.58,0.00,31,0.0,1.2,0.000,-0.0,0,HAYIR,HAYIR
2026-08-19 12:12:51.665,0.60,0.00,31,0.0,1.2,0.000,-0.0,0,HAYIR,HAYIR
2026-08-19 12:12:51.685,0.60,0.00,31,0.0,1.2,0.000,-0.0,0,HAYIR,HAYIR
2026-08-19 12:12:51.705,0.60,0.00,31,0.0,1.2,0.000,-0.0,0,HAYIR,HAYIR
2026-08-19 12:12:51.724,0.60,0.00,31,0.0,1.2,0.000,-0.0,0,HAYIR,HAYIR
2026-08-19 12:12:51.745,0.60,0.00,31,0.0,1.3,0.000,-0.0,0,HAYIR,HAYIR
2026-08-19 12:12:51.765,0.60,0.00,31,0.0,1.3,0.000,-0.0,0,HAYIR,HAYIR
2026-08-19 12:12:51.784,0.60,0.00,31,0.0,1.3,0.000,-0.0,0,HAYIR,HAYIR
2026-08-19 12:12:51.804,0.60,0.00,31,0.0,1.3,0.000,-0.0,0,HAYIR,HAYIR
2026-08-19 12:12:51.825,0.60,0.00,31,0.0,1.3,0.000,-0.0,0,HAYIR,HAYIR
2026-08-19 12:12:51.844,0.60,0.00,31,0.0,1.4,0.000,-0.0,0,HAYIR,HAYIR
2026-08-19 12:12:51.864,0.60,0.00,31,0.0,1.4,0.000,-0.0,0,HAYIR,HAYIR
2026-08-19 12:12:51.884,0.60,0.00,31,0.0,1.4,0.000,-0.0,0,HAYIR,HAYIR
2026-08-19 12:12:51.904,0.60,0.00,31,0.0,1.4,0.000,-0.0,0,HAYIR,HAYIR
2026-08-19 12:12:51.924,0.60,0.00,31,0.0,1.4,0.000,-0.0,0,HAYIR,HAYIR
2026-08-19 12:12:51.944,0.60,0.00,31,0.0,1.5,0.000,-0.0,0,HAYIR,HAYIR
2026-08-19 12:12:51.964,0.60,0.00,31,0.0,1.5,0.000,-0.0,0,HAYIR,HAYIR
2026-08-19 12:12:51.984,0.60,0.00,31,0.0,1.5,0.000,-0.0,0,HAYIR,HAYIR
2026-08-19 12:12:52.004,0.60,0.00,31,0.0,1.5,0.000,-0.0,0,HAYIR,HAYIR
2026-08-19 12:12:52.024,0.60,0.00,32,0.0,1.5,0.000,-0.0,0,HAYIR,HAYIR
2026-08-19 12:12:52.045,0.60,0.00,32,0.0,1.6,0.000,-0.0,0,HAYIR,HAYIR
2026-08-19 12:12:52.065,0.60,0.00,32,0.0,1.6,0.000,-0.0,0,HAYIR,HAYIR
2026-08-19 12:12:52.085,0.60,0.00,32,0.0,1.6,0.000,-0.0,0,HAYIR,HAYIR
2026-08-19 12:12:52.104,0.60,0.00,32,0.0,1.6,0.000,-0.0,0,HAYIR,HAYIR
2026-08-19 12:12:52.125,0.60,0.00,32,0.0,1.6,0.000,-0.0,0,HAYIR,HAYIR
2026-08-19 12:12:52.145,0.60,0.00,32,0.0,1.7,0.000,-0.0,0,HAYIR,HAYIR
2026-08-19 12:12:52.165,0.60,0.00,32,0.0,1.7,0.000,-0.0,0,HAYIR,HAYIR
2026-08-19 12:12:52.185,0.60,0.00,32,0.0,1.7,0.000,-0.0,0,HAYIR,HAYIR
2026-08-19 12:12:52.204,0.60,0.00,32,0.0,1.7,0.000,-0.0,0,HAYIR,HAYIR
2026-08-19 12:12:52.224,0.60,0.00,32,0.0,1.7,0.000,-0.0,0,HAYIR,HAYIR
2026-08-19 12:12:52.245,0.60,0.00,32,0.0,1.8,0.000,-0.0,0,HAYIR,HAYIR
2026-08-19 12:12:52.265,0.60,0.00,32,0.0,1.8,0.000,-0.0,0,HAYIR,HAYIR
2026-08-19 12:12:52.285,0.60,0.00,32,0.0,1.8,0.000,-0.0,0,HAYIR,HAYIR
2026-08-19 12:12:52.304,0.60,0.00,32,0.0,1.8,0.000,-0.0,0,HAYIR,HAYIR
2026-08-19 12:12:52.324,0.60,0.00,32,0.0,1.8,0.000,-0.0,0,HAYIR,HAYIR
2026-08-19 12:12:52.344,0.60,0.00,32,0.0,1.9,0.000,-0.0,0,HAYIR,HAYIR
2026-08-19 12:12:52.365,0.60,0.00,32,0.0,1.9,0.000,-0.0,0,HAYIR,HAYIR
2026-08-19 12:12:52.384,0.60,0.00,32,0.0,1.9,0.000,-0.0,0,HAYIR,HAYIR
2026-08-19 12:12:52.404,0.60,0.00,32,0.0,1.9,0.000,-0.0,0,HAYIR,HAYIR
2026-08-19 12:12:52.424,0.60,0.00,32,0.0,1.9,0.000,-0.0,0,HAYIR,HAYIR
2026-08-19 12:12:52.445,0.60,0.00,32,0.0,2.0,0.000,-0.0,0,HAYIR,HAYIR
2026-08-19 12:12:52.464,0.60,0.00,32,0.0,2.0,0.000,-0.0,0,HAYIR,HAYIR
2026-08-19 12:12:52.484,0.60,0.00,32,0.0,2.0,0.000,-0.0,0,HAYIR,HAYIR
2026-08-19 12:12:52.505,0.60,0.00,32,0.0,2.0,0.000,-0.0,0,HAYIR,HAYIR
2026-08-19 12:12:52.524,0.60,0.00,32,0.0,2.0,0.000,-0.0,0,HAYIR,HAYIR
2026-08-19 12:12:52.544,0.60,0.00,33,0.0,2.1,0.000,-0.0,0,HAYIR,HAYIR
2026-08-19 12:12:52.564,0.60,0.00,33,0.0,2.1,0.000,-0.0,0,HAYIR,HAYIR
2026-08-19 12:12:52.584,0.60,0.00,33,0.0,2.1,0.000,-0.0,0,HAYIR,HAYIR
2026-08-19 12:12:52.604,0.60,0.00,33,0.0,2.1,0.000,-0.0,0,HAYIR,HAYIR
2026-08-19 12:12:52.624,0.60,0.00,33,0.0,2.1,0.000,-0.0,0,HAYIR,HAYIR
2026-08-19 12:12:52.645,0.60,0.00,33,0.0,2.2,0.000,-0.0,0,HAYIR,HAYIR
2026-08-19 12:12:52.664,0.60,0.00,33,0.0,2.2,0.000,-0.0,0,HAYIR,HAYIR
2026-08-19 12:12:52.685,0.60,0.00,33,0.0,2.2,0.000,-0.0,0,HAYIR,HAYIR
2026-08-19 12:12:52.704,0.60,0.00,33,0.0,2.2,0.000,-0.0,0,HAYIR,HAYIR
2026-08-19 12:12:52.725,0.60,0.00,33,0.0,2.2,0.000,-0.0,0,HAYIR,HAYIR
2026-08-19 12:12:52.745,0.60,0.00,33,0.0,2.3,0.000,-0.0,0,HAYIR,HAYIR
2026-08-19 12:12:52.764,0.60,0.00,33,0.0,2.3,0.000,-0.0,0,HAYIR,HAYIR
2026-08-19 12:12:52.784,0.60,0.00,33,0.0,2.3,0.000,-0.0,0,HAYIR,HAYIR
2026-08-19 12:12:52.804,0.60,0.00,33,0.0,2.3,0.000,-0.0,0,HAYIR,HAYIR
2026-08-19 12:12:52.824,0.60,0.00,33,0.0,2.3,0.000,-0.0,0,HAYIR,HAYIR
2026-08-19 12:12:52.845,0.60,0.00,33,0.0,2.4,0.000,-0.0,0,HAYIR,HAYIR
2026-08-19 12:12:52.864,0.60,0.00,33,0.0,2.4,0.000,-0.0,0,HAYIR,HAYIR
2026-08-19 12:12:52.884,0.60,0.00,33,0.0,2.4,0.000,-0.0,0,HAYIR,HAYIR
2026-08-19 12:12:52.904,0.60,0.00,33,0.0,2.4,0.000,-0.0,0,HAYIR,HAYIR
2026-08-19 12:12:52.925,0.60,0.00,33,0.0,2.4,0.000,-0.0,0,HAYIR,HAYIR
2026-08-19 12:12:52.944,0.60,0.00,33,0.0,2.5,0.000,-0.0,0,HAYIR,HAYIR
2026-08-19 12:12:52.964,0.60,0.00,33,0.0,2.5,0.000,-0.0,0,HAYIR,HAYIR
2026-08-19 12:12:52.984,0.60,0.00,33,0.0,2.5,0.000,-0.0,0,HAYIR,HAYIR
2026-08-19 12:12:53.005,0.60,0.00,33,0.0,2.5,0.000,-0.0,0,HAYIR,HAYIR
2026-08-19 12:12:53.024,0.60,0.00,33,0.0,2.5,0.000,-0.0,0,HAYIR,HAYIR
2026-08-19 12:12:53.044,0.60,0.00,33,0.0,2.6,0.000,-0.0,0,HAYIR,HAYIR
2026-08-19 12:12:53.064,0.60,0.00,34,0.0,2.6,0.000,-0.0,0,HAYIR,HAYIR
2026-08-19 12:12:53.084,0.60,0.00,34,0.0,2.6,0.000,-0.0,0,HAYIR,HAYIR
2026-08-19 12:12:53.104,0.60,0.00,34,0.0,2.6,0.000,-0.0,0,HAYIR,HAYIR
2026-08-19 12:12:53.124,0.60,0.00,34,0.0,2.6,0.000,-0.0,0,HAYIR,HAYIR
2026-08-19 12:12:53.144,0.60,0.00,34,0.0,2.7,0.000,-0.0,0,HAYIR,HAYIR
2026-08-19 12:12:53.164,0.60,0.00,34,0.0,2.7,0.000,-0.0,0,HAYIR,HAYIR
2026-08-19 12:12:53.184,0.60,0.00,34,0.0,2.7,0.000,-0.0,0,HAYIR,HAYIR
2026-08-19 12:12:53.204,0.60,0.00,34,0.0,2.7,0.000,-0.0,0,HAYIR,HAYIR
2026-08-19 12:12:53.225,0.60,0.00,34,0.0,2.7,0.000,-0.0,0,HAYIR,HAYIR
2026-08-19 12:12:53.245,0.60,0.00,34,0.0,2.8,0.000,-0.0,0,HAYIR,HAYIR
2026-08-19 12:12:53.264,0.60,0.00,34,0.0,2.8,0.000,-0.0,0,HAYIR,HAYIR
2026-08-19 12:12:53.284,0.60,0.00,34,0.0,2.8,0.000,-0.0,0,HAYIR,HAYIR
2026-08-19 12:12:53.304,0.60,0.00,34,0.0,2.8,0.000,-0.0,0,HAYIR,HAYIR
2026-08-19 12:12:53.324,0.60,0.00,34,0.0,2.8,0.000,-0.0,0,HAYIR,HAYIR
2026-08-19 12:12:53.344,0.60,0.00,34,0.0,2.9,0.000,-0.0,0,HAYIR,HAYIR
2026-08-19 12:12:53.364,0.60,0.00,34,0.0,2.9,0.000,-0.0,0,HAYIR,HAYIR
2026-08-19 12:12:53.384,0.60,0.00,34,0.0,2.9,0.000,-0.0,0,HAYIR,HAYIR
2026-08-19 12:12:53.404,0.60,0.00,34,0.0,2.9,0.000,-0.0,0,HAYIR,HAYIR
2026-08-19 12:12:53.424,0.60,0.00,34,0.0,2.9,0.000,-0.0,0,HAYIR,HAYIR
2026-08-19 12:12:53.444,0.60,0.00,34,0.0,3.0,0.000,-0.0,0,HAYIR,HAYIR
2026-08-19 12:12:53.464,0.60,0.00,34,0.0,3.0,0.000,-0.0,0,HAYIR,HAYIR
2026-08-19 12:12:53.484,0.60,0.00,34,0.0,3.0,0.000,-0.0,0,HAYIR,HAYIR
2026-08-19 12:12:53.504,0.60,0.00,34,0.0,3.0,0.000,-0.0,0,HAYIR,HAYIR
2026-08-19 12:12:53.525,0.60,0.00,34,0.0,3.0,0.000,-0.0,0,HAYIR,HAYIR
2026-08-19 12:12:53.544,0.60,0.00,34,0.0,3.1,0.000,-0.0,0,HAYIR,HAYIR
2026-08-19 12:12:53.565,0.60,0.00,34,0.0,3.1,0.000,-0.0,0,HAYIR,HAYIR
2026-08-19 12:12:53.584,0.60,0.00,34,0.0,3.1,0.000,-0.0,0,HAYIR,HAYIR
2026-08-19 12:12:53.604,0.60,0.00,35,0.0,3.1,0.000,-0.0,0,HAYIR,HAYIR
2026-08-19 12:12:53.624,0.60,0.00,35,0.0,3.1,0.000,-0.0,0,HAYIR,HAYIR
2026-08-19 12:12:53.645,0.60,0.00,35,0.0,3.2,0.000,-0.0,0,HAYIR,HAYIR
2026-08-19 12:12:53.664,0.60,0.00,35,0.0,3.2,0.000,-0.0,0,HAYIR,HAYIR
2026-08-19 12:12:53.684,0.60,0.00,35,0.0,3.2,0.000,-0.0,0,HAYIR,HAYIR
2026-08-19 12:12:53.704,0.60,0.00,35,0.0,3.2,0.000,-0.0,0,HAYIR,HAYIR
2026-08-19 12:12:53.724,0.60,0.00,35,0.0,3.2,0.000,-0.0,0,HAYIR,HAYIR
2026-08-19 12:12:53.744,0.60,0.00,35,0.0,3.3,0.000,-0.0,0,HAYIR,HAYIR
2026-08-19 12:12:53.765,0.60,0.00,35,0.0,3.3,0.000,-0.0,0,HAYIR,HAYIR
2026-08-19 12:12:53.784,0.60,0.00,35,0.0,3.3,0.000,-0.0,0,HAYIR,HAYIR
2026-08-19 12:12:53.804,0.60,0.00,35,0.0,3.3,0.000,-0.0,0,HAYIR,HAYIR
2026-08-19 12:12:53.825,0.60,0.00,35,0.0,3.3,0.000,-0.0,0,HAYIR,HAYIR
2026-08-19 12:12:53.845,0.60,0.00,35,0.0,3.4,0.000,-0.0,0,HAYIR,HAYIR
2026-08-19 12:12:53.864,0.60,0.00,35,0.0,3.4,0.000,-0.0,0,HAYIR,HAYIR
2026-08-19 12:12:53.885,0.60,0.00,35,0.0,3.4,0.000,-0.0,0,HAYIR,HAYIR
2026-08-19 12:12:53.905,0.60,0.00,35,0.0,3.4,0.000,-0.0,0,HAYIR,HAYIR
2026-08-19 12:12:53.924,0.60,0.00,35,0.0,3.4,0.000,-0.0,0,HAYIR,HAYIR
2026-08-19 12:12:53.944,0.60,0.00,35,0.0,3.5,0.000,-0.0,0,HAYIR,HAYIR
2026-08-19 12:12:53.965,0.60,0.00,35,0.0,3.5,0.000,-0.0,0,HAYIR,HAYIR
2026-08-19 12:12:53.984,0.60,0.00,35,0.0,3.5,0.000,-0.0,0,HAYIR,HAYIR
2026-08-19 12:12:54.004,0.60,0.00,35,0.0,3.5,0.000,-0.0,0,HAYIR,HAYIR
2026-08-19 12:12:54.024,0.60,0.00,35,0.0,3.5,0.000,-0.0,0,HAYIR,HAYIR
2026-08-19 12:12:54.045,0.60,0.00,35,0.0,3.6,0.000,-0.0,0,HAYIR,HAYIR
2026-08-19 12:12:54.064,0.60,0.00,35,0.0,3.6,0.000,-0.0,0,HAYIR,HAYIR
2026-08-19 12:12:54.084,0.60,0.00,35,0.0,3.6,0.000,-0.0,0,HAYIR,HAYIR
2026-08-19 12:12:54.105,0.60,0.00,35,0.0,3.6,0.000,-0.0,0,HAYIR,HAYIR
2026-08-19 12:12:54.124,0.60,0.00,36,0.0,3.6,0.000,-0.0,0,HAYIR,HAYIR
2026-08-19 12:12:54.144,0.60,0.00,36,0.0,3.7,0.000,-0.0,0,HAYIR,HAYIR
2026-08-19 12:12:54.165,0.60,0.00,36,0.0,3.7,0.000,-0.0,0,HAYIR,HAYIR
2026-08-19 12:12:54.184,0.60,0.00,36,0.0,3.7,0.000,-0.0,0,HAYIR,HAYIR
2026-08-19 12:12:54.204,0.60,0.00,36,0.0,3.7,0.000,-0.0,0,HAYIR,HAYIR
2026-08-19 12:12:54.224,0.60,0.00,36,0.0,3.7,0.000,-0.0,0,HAYIR,HAYIR
2026-08-19 12:12:54.245,0.60,0.00,36,0.0,3.8,0.000,-0.0,0,HAYIR,HAYIR
2026-08-19 12:12:54.264,0.60,0.00,36,0.0,3.8,0.000,-0.0,0,HAYIR,HAYIR
2026-08-19 12:12:54.284,0.60,0.00,36,0.0,3.8,0.000,-0.0,0,HAYIR,HAYIR
2026-08-19 12:12:54.305,0.60,0.00,36,0.0,3.8,0.000,-0.0,0,HAYIR,HAYIR
2026-08-19 12:12:54.324,0.60,0.00,36,0.0,3.8,0.000,-0.0,0,HAYIR,HAYIR
2026-08-19 12:12:54.344,0.60,0.00,36,0.0,3.9,0.000,-0.0,0,HAYIR,HAYIR
2026-08-19 12:12:54.365,0.60,0.00,36,0.0,3.9,0.000,-0.0,0,HAYIR,HAYIR
2026-08-19 12:12:54.384,0.60,0.00,36,0.0,3.9,0.000,-0.0,0,HAYIR,HAYIR
2026-08-19 12:12:54.405,0.60,0.00,36,0.0,3.9,0.000,-0.0,0,HAYIR,HAYIR
2026-08-19 12:12:54.425,0.60,0.00,36,0.0,3.9,0.000,-0.0,0,HAYIR,HAYIR
2026-08-19 12:12:54.444,0.60,0.00,36,0.0,4.0,0.000,-0.0,0,HAYIR,HAYIR
2026-08-19 12:12:54.464,0.60,0.00,36,0.0,4.0,0.000,-0.0,0,HAYIR,HAYIR
2026-08-19 12:12:54.485,0.60,0.00,36,0.0,4.0,0.000,-0.0,0,HAYIR,HAYIR
2026-08-19 12:12:54.505,0.60,0.00,36,0.0,4.0,0.000,-0.0,0,HAYIR,HAYIR
2026-08-19 12:12:54.524,0.60,0.00,36,0.0,4.0,0.000,-0.0,0,HAYIR,HAYIR
2026-08-19 12:12:54.545,0.60,0.00,36,0.0,4.1,0.000,-0.0,0,HAYIR,HAYIR
2026-08-19 12:12:54.565,0.60,0.00,36,0.0,4.1,0.000,-0.0,0,HAYIR,HAYIR
2026-08-19 12:12:54.584,0.60,0.00,36,0.0,4.1,0.000,-0.0,0,HAYIR,HAYIR
2026-08-19 12:12:54.605,0.60,0.00,36,0.0,4.1,0.000,-0.0,0,HAYIR,HAYIR
2026-08-19 12:12:54.625,0.60,0.00,36,0.0,4.1,0.000,-0.0,0,HAYIR,HAYIR
2026-08-19 12:12:54.645,0.60,0.00,36,0.0,4.2,0.000,-0.0,0,HAYIR,HAYIR
2026-08-19 12:12:54.665,0.60,0.00,36,0.0,4.2,0.000,-0.0,0,HAYIR,HAYIR
2026-08-19 12:12:54.685,0.60,0.00,36,0.0,4.2,0.000,-0.0,0,HAYIR,HAYIR
2026-08-19 12:12:54.705,0.60,0.00,36,0.0,4.2,0.000,-0.0,0,HAYIR,HAYIR
2026-08-19 12:12:54.724,0.60,0.00,36,0.0,4.2,0.000,-0.0,0,HAYIR,HAYIR
2026-08-19 12:12:54.744,0.60,0.00,36,0.0,4.3,0.000,-0.0,0,HAYIR,HAYIR
2026-08-19 12:12:54.765,0.60,0.00,36,0.0,4.3,0.000,-0.0,0,HAYIR,HAYIR
2026-08-19 12:12:54.784,0.60,0.00,36,0.0,4.3,0.000,-0.0,0,HAYIR,HAYIR
2026-08-19 12:12:54.804,0.60,0.00,36,0.0,4.3,0.000,-0.0,0,HAYIR,HAYIR
2026-08-19 12:12:54.824,0.60,0.00,36,0.0,4.3,0.000,-0.0,0,HAYIR,HAYIR
2026-08-19 12:12:54.844,0.60,0.00,36,0.0,4.4,0.000,-0.0,0,HAYIR,HAYIR
2026-08-19 12:12:54.864,0.60,0.00,36,0.0,4.4,0.000,-0.0,0,HAYIR,HAYIR
2026-08-19 12:12:54.884,0.60,0.00,36,0.0,4.4,0.000,-0.0,0,HAYIR,HAYIR
2026-08-19 12:12:54.905,0.60,0.00,36,0.0,4.4,0.000,-0.0,0,HAYIR,HAYIR
2026-08-19 12:12:54.924,0.60,0.00,36,0.0,4.4,0.000,-0.0,0,HAYIR,HAYIR
2026-08-19 12:12:54.945,0.60,0.00,36,0.0,4.5,0.000,-0.0,0,HAYIR,HAYIR
2026-08-19 12:12:54.965,0.60,0.00,36,0.0,4.5,0.000,-0.0,0,HAYIR,HAYIR
2026-08-19 12:12:54.984,0.60,0.00,36,0.0,4.5,0.000,-0.0,0,HAYIR,HAYIR
2026-08-19 12:12:55.004,0.60,0.00,36,0.0,4.5,0.000,-0.0,0,HAYIR,HAYIR
2026-08-19 12:12:55.024,0.60,0.00,36,0.0,4.5,0.000,-0.0,0,HAYIR,HAYIR
2026-08-19 12:12:55.044,0.60,0.00,36,0.0,4.6,0.000,-0.0,0,HAYIR,HAYIR
2026-08-19 12:12:55.064,0.60,0.00,36,0.0,4.6,0.000,-0.0,0,HAYIR,HAYIR
2026-08-19 12:12:55.084,0.60,0.00,36,0.0,4.6,0.000,-0.0,0,HAYIR,HAYIR
2026-08-19 12:12:55.104,0.60,0.00,36,0.0,4.6,0.000,-0.0,0,HAYIR,HAYIR
2026-08-19 12:12:55.124,0.60,0.00,36,0.0,4.6,0.000,-0.0,0,HAYIR,HAYIR
2026-08-19 12:12:55.145,0.60,0.00,36,0.0,4.7,0.000,-0.0,0,HAYIR,HAYIR
2026-08-19 12:12:55.165,0.60,0.00,36,0.0,4.7,0.000,-0.0,0,HAYIR,HAYIR
2026-08-19 12:12:55.184,0.60,0.00,36,0.0,4.7,0.000,-0.0,0,HAYIR,HAYIR
2026-08-19 12:12:55.204,0.60,0.00,36,0.0,4.7,0.000,-0.0,0,HAYIR,HAYIR
2026-08-19 12:12:55.224,0.60,0.00,36,0.0,4.7,0.000,-0.0,0,HAYIR,HAYIR
2026-08-19 12:12:55.245,0.60,0.00,36,0.0,4.8,0.000,-0.0,0,HAYIR,HAYIR
2026-08-19 12:12:55.265,0.60,0.00,36,0.0,4.8,0.000,-0.0,0,HAYIR,HAYIR
2026-08-19 12:12:55.284,0.60,0.00,36,0.0,4.8,0.000,-0.0,0,HAYIR,HAYIR
2026-08-19 12:12:55.305,0.60,0.00,36,0.0,4.8,0.000,-0.0,0,HAYIR,HAYIR
2026-08-19 12:12:55.324,0.60,0.00,36,0.0,4.8,0.000,-0.0,0,HAYIR,HAYIR
2026-08-19 12:12:55.345,0.60,0.00,36,0.0,4.9,0.000,-0.0,0,HAYIR,HAYIR
2026-08-19 12:12:55.365,0.60,0.00,36,0.0,4.9,0.000,-0.0,0,HAYIR,HAYIR
2026-08-19 12:12:55.384,0.60,0.00,36,0.0,4.9,0.000,-0.0,0,HAYIR,HAYIR
2026-08-19 12:12:55.405,0.60,0.00,36,0.0,4.9,0.000,-0.0,0,HAYIR,HAYIR
2026-08-19 12:12:55.424,0.60,0.00,36,0.0,4.9,0.000,-0.0,0,HAYIR,HAYIR
2026-08-19 12:12:55.444,0.60,0.00,36,0.0,5.0,0.000,-0.0,0,HAYIR,HAYIR
2026-08-19 12:12:55.465,0.60,0.00,36,0.0,5.0,0.000,-0.0,0,HAYIR,HAYIR
2026-08-19 12:12:55.484,0.60,0.00,36,0.0,5.0,0.000,-0.0,0,HAYIR,HAYIR
2026-08-19 12:12:55.505,0.60,0.00,36,0.0,5.0,0.000,-0.0,0,HAYIR,HAYIR
2026-08-19 12:12:55.525,0.60,0.00,36,0.0,5.0,0.000,-0.0,0,HAYIR,HAYIR
2026-08-19 12:12:55.545,0.60,0.00,36,0.0,5.1,0.000,-0.0,0,HAYIR,HAYIR
2026-08-19 12:12:55.565,0.60,0.00,36,0.0,5.1,0.000,-0.0,0,HAYIR,HAYIR
2026-08-19 12:12:55.585,0.60,0.00,36,0.0,5.1,0.000,-0.0,0,HAYIR,HAYIR
2026-08-19 12:12:55.605,0.60,0.00,36,0.0,5.1,0.000,-0.0,0,HAYIR,HAYIR
2026-08-19 12:12:55.625,0.60,0.00,36,0.0,5.1,0.000,-0.0,0,HAYIR,HAYIR
2026-08-19 12:12:55.645,0.60,0.00,36,0.0,5.2,0.000,-0.0,0,HAYIR,HAYIR
2026-08-19 12:12:55.665,0.60,0.00,36,0.0,5.2,0.000,-0.0,0,HAYIR,HAYIR
2026-08-19 12:12:55.685,0.60,0.00,36,0.0,5.2,0.000,-0.0,0,HAYIR,HAYIR
2026-08-19 12:12:55.705,0.60,0.00,36,0.0,5.2,0.000,-0.0,0,HAYIR,HAYIR
2026-08-19 12:12:55.724,0.60,0.00,36,0.0,5.2,0.000,-0.0,0,HAYIR,HAYIR
2026-08-19 12:12:55.744,0.60,0.00,36,0.0,5.3,0.000,-0.0,0,HAYIR,HAYIR
2026-08-19 12:12:55.764,0.60,0.00,36,0.0,5.3,0.000,-0.0,0,HAYIR,HAYIR
2026-08-19 12:12:55.784,0.60,0.00,36,0.0,5.3,0.000,-0.0,0,HAYIR,HAYIR
2026-08-19 12:12:55.805,0.60,0.00,36,0.0,5.3,0.000,-0.0,0,HAYIR,HAYIR
2026-08-19 12:12:55.825,0.60,0.00,36,0.0,5.3,0.000,-0.0,0,HAYIR,HAYIR
2026-08-19 12:12:55.844,0.60,0.00,36,0.0,5.4,0.000,-0.0,0,HAYIR,HAYIR
2026-08-19 12:12:55.864,0.60,0.00,36,0.0,5.4,0.000,-0.0,0,HAYIR,HAYIR
2026-08-19 12:12:55.885,0.60,0.00,36,0.0,5.4,0.000,-0.0,0,HAYIR,HAYIR
2026-08-19 12:12:55.904,0.60,0.00,36,0.0,5.4,0.000,-0.0,0,HAYIR,HAYIR
2026-08-19 12:12:55.924,0.60,0.00,36,0.0,5.4,0.000,-0.0,0,HAYIR,HAYIR
2026-08-19 12:12:55.944,0.60,0.00,36,0.0,5.5,0.000,-0.0,0,HAYIR,HAYIR
2026-08-19 12:12:55.964,0.60,0.00,36,0.0,5.5,0.000,-0.0,0,HAYIR,HAYIR
2026-08-19 12:12:55.985,0.60,0.00,36,0.0,5.5,0.000,-0.0,0,HAYIR,HAYIR
2026-08-19 12:12:56.004,0.60,0.00,36,0.0,5.5,0.000,-0.0,0,HAYIR,HAYIR
2026-08-19 12:12:56.024,0.60,0.00,36,0.0,5.5,0.000,-0.0,0,HAYIR,HAYIR
2026-08-19 12:12:56.045,0.60,0.00,36,0.0,5.6,0.000,-0.0,0,HAYIR,HAYIR
2026-08-19 12:12:56.065,0.60,0.00,36,0.0,5.6,0.000,-0.0,0,HAYIR,HAYIR
2026-08-19 12:12:56.084,0.60,0.00,36,0.0,5.6,0.000,-0.0,0,HAYIR,HAYIR
2026-08-19 12:12:56.105,0.60,0.00,36,0.0,5.6,0.000,-0.0,0,HAYIR,HAYIR
2026-08-19 12:12:56.124,0.60,0.00,36,0.0,5.6,0.000,-0.0,0,HAYIR,HAYIR
2026-08-19 12:12:56.144,0.60,0.00,36,0.0,5.7,0.000,-0.0,0,HAYIR,HAYIR
2026-08-19 12:12:56.165,0.60,0.00,36,0.0,5.7,0.000,-0.0,0,HAYIR,HAYIR
2026-08-19 12:12:56.184,0.60,0.00,36,0.0,5.7,0.000,-0.0,0,HAYIR,HAYIR
2026-08-19 12:12:56.204,0.60,0.00,36,0.0,5.7,0.000,-0.0,0,HAYIR,HAYIR
2026-08-19 12:12:56.224,0.60,0.00,36,0.0,5.7,0.000,-0.0,0,HAYIR,HAYIR
2026-08-19 12:12:56.245,0.60,0.00,36,0.0,5.8,0.000,-0.0,0,HAYIR,HAYIR
2026-08-19 12:12:56.264,0.60,0.00,36,0.0,5.8,0.000,-0.0,0,HAYIR,HAYIR
2026-08-19 12:12:56.284,0.60,0.00,36,0.0,5.8,0.000,-0.0,0,HAYIR,HAYIR
2026-08-19 12:12:56.304,0.60,0.00,36,0.0,5.8,0.000,-0.0,0,HAYIR,HAYIR
2026-08-19 12:12:56.324,0.60,0.00,36,0.0,5.8,0.000,-0.0,0,HAYIR,HAYIR
2026-08-19 12:12:56.344,0.60,0.00,36,0.0,5.9,0.000,-0.0,0,HAYIR,HAYIR
2026-08-19 12:12:56.364,0.60,0.00,36,0.0,5.9,0.000,-0.0,0,HAYIR,HAYIR
2026-08-19 12:12:56.384,0.60,0.00,36,0.0,5.9,0.000,-0.0,0,HAYIR,HAYIR
2026-08-19 12:12:56.404,0.60,0.00,36,0.0,5.9,0.000,-0.0,0,HAYIR,HAYIR
2026-08-19 12:12:56.425,0.60,0.00,36,0.0,5.9,0.000,-0.0,0,HAYIR,HAYIR
2026-08-19 12:12:56.444,0.60,0.00,36,0.0,6.0,0.000,-0.0,0,HAYIR,HAYIR
2026-08-19 12:12:56.464,0.60,0.00,36,0.0,6.0,0.000,-0.0,0,HAYIR,HAYIR
2026-08-19 12:12:56.485,0.60,0.00,36,0.0,6.0,0.000,-0.0,0,HAYIR,HAYIR
2026-08-19 12:12:56.504,0.60,0.00,36,0.0,6.0,0.000,-0.0,0,HAYIR,HAYIR
2026-08-19 12:12:56.524,0.60,0.00,36,0.0,6.0,0.000,-0.0,0,HAYIR,HAYIR
2026-08-19 12:12:56.544,0.60,0.00,36,0.0,6.1,0.000,-0.0,0,HAYIR,HAYIR
2026-08-19 12:12:56.564,0.60,0.00,36,0.0,6.1,0.000,-0.0,0,HAYIR,HAYIR
2026-08-19 12:12:56.584,0.60,0.00,36,0.0,6.1,0.000,-0.0,0,HAYIR,HAYIR
2026-08-19 12:12:56.604,0.60,0.00,36,0.0,6.1,0.000,-0.0,0,HAYIR,HAYIR
2026-08-19 12:12:56.624,0.60,0.00,36,0.0,6.1,0.000,-0.0,0,HAYIR,HAYIR
2026-08-19 12:12:56.645,0.60,0.00,36,0.0,6.2,0.000,-0.0,0,HAYIR,HAYIR
2026-08-19 12:12:56.664,0.60,0.00,36,0.0,6.2,0.000,-0.0,0,HAYIR,HAYIR
2026-08-19 12:12:56.684,0.60,0.00,36,0.0,6.2,0.000,-0.0,0,HAYIR,HAYIR
2026-08-19 12:12:56.705,0.60,0.00,36,0.0,6.2,0.000,-0.0,0,HAYIR,HAYIR
2026-08-19 12:12:56.724,0.60,0.00,36,0.0,6.2,0.000,-0.0,0,HAYIR,HAYIR
2026-08-19 12:12:56.745,0.60,0.00,36,0.0,6.3,0.000,-0.0,0,HAYIR,HAYIR
2026-08-19 12:12:56.765,0.60,0.00,36,0.0,6.3,0.000,-0.0,0,HAYIR,HAYIR
2026-08-19 12:12:56.784,0.60,0.00,36,0.0,6.3,0.000,-0.0,0,HAYIR,HAYIR
2026-08-19 12:12:56.804,0.60,0.00,36,0.0,6.3,0.000,-0.0,0,HAYIR,HAYIR
2026-08-19 12:12:56.825,0.60,0.00,36,0.0,6.3,0.000,-0.0,0,HAYIR,HAYIR
2026-08-19 12:12:56.845,0.60,0.00,36,0.0,6.4,0.000,-0.0,0,HAYIR,HAYIR
2026-08-19 12:12:56.865,0.60,0.00,36,0.0,6.4,0.000,-0.0,0,HAYIR,HAYIR
2026-08-19 12:12:56.884,0.60,0.00,36,0.0,6.4,0.000,-0.0,0,HAYIR,HAYIR
2026-08-19 12:12:56.905,0.60,0.00,36,0.0,6.4,0.000,-0.0,0,HAYIR,HAYIR
2026-08-19 12:12:56.925,0.60,0.00,36,0.0,6.4,0.000,-0.0,0,HAYIR,HAYIR
2026-08-19 12:12:56.944,0.60,0.00,36,0.0,6.5,0.000,-0.0,0,HAYIR,HAYIR
2026-08-19 12:12:56.965,0.60,0.00,36,0.0,6.5,0.000,-0.0,0,HAYIR,HAYIR
2026-08-19 12:12:56.985,0.60,0.00,36,0.0,6.5,0.000,-0.0,0,HAYIR,HAYIR
2026-08-19 12:12:57.005,0.60,0.00,36,0.0,6.5,0.000,-0.0,0,HAYIR,HAYIR
2026-08-19 12:12:57.025,0.60,0.00,36,0.0,6.5,0.000,-0.0,0,HAYIR,HAYIR
2026-08-19 12:12:57.045,0.60,0.00,36,0.0,6.6,0.000,-0.0,0,HAYIR,HAYIR
2026-08-19 12:12:57.065,0.60,0.00,36,0.0,6.6,0.000,-0.0,0,HAYIR,HAYIR
2026-08-19 12:12:57.084,0.60,0.00,36,0.0,6.6,0.000,-0.0,0,HAYIR,HAYIR
2026-08-19 12:12:57.105,0.60,0.00,36,0.0,6.6,0.000,-0.0,0,HAYIR,HAYIR
2026-08-19 12:12:57.125,0.60,0.00,36,0.0,6.6,0.000,-0.0,0,HAYIR,HAYIR
2026-08-19 12:12:57.145,0.60,0.00,36,0.0,6.7,0.000,-0.0,0,HAYIR,HAYIR
2026-08-19 12:12:57.165,0.60,0.00,36,0.0,6.7,0.000,-0.0,0,HAYIR,HAYIR
2026-08-19 12:12:57.184,0.60,0.00,36,0.0,6.7,0.000,-0.0,0,HAYIR,HAYIR
2026-08-19 12:12:57.205,0.60,0.00,36,0.0,6.7,0.000,-0.0,0,HAYIR,HAYIR
2026-08-19 12:12:57.225,0.60,0.00,36,0.0,6.7,0.000,-0.0,0,HAYIR,HAYIR
2026-08-19 12:12:57.245,0.60,0.00,36,0.0,6.8,0.000,-0.0,0,HAYIR,HAYIR
2026-08-19 12:12:57.265,0.60,0.00,36,0.0,6.8,0.000,-0.0,0,HAYIR,HAYIR
2026-08-19 12:12:57.284,0.60,0.00,36,0.0,6.8,0.000,-0.0,0,HAYIR,HAYIR
2026-08-19 12:12:57.305,0.60,0.00,36,0.0,6.8,0.000,-0.0,0,HAYIR,HAYIR
2026-08-19 12:12:57.324,0.60,0.00,36,0.0,6.8,0.000,-0.0,0,HAYIR,HAYIR
2026-08-19 12:12:57.344,0.60,0.00,36,0.0,6.9,0.000,-0.0,0,HAYIR,HAYIR
2026-08-19 12:12:57.365,0.60,0.00,36,0.0,6.9,0.000,-0.0,0,HAYIR,HAYIR
2026-08-19 12:12:57.384,0.60,0.00,36,0.0,6.9,0.000,-0.0,0,HAYIR,HAYIR
2026-08-19 12:12:57.404,0.60,0.00,36,0.0,6.9,0.000,-0.0,0,HAYIR,HAYIR
2026-08-19 12:12:57.424,0.60,0.00,36,0.0,6.9,0.000,-0.0,0,HAYIR,HAYIR
2026-08-19 12:12:57.444,0.60,0.00,36,0.0,7.0,0.000,-0.0,0,HAYIR,HAYIR
2026-08-19 12:12:57.464,0.60,0.00,36,0.0,7.0,0.000,-0.0,0,HAYIR,HAYIR
2026-08-19 12:12:57.485,0.60,0.00,36,0.0,7.0,0.000,-0.0,0,HAYIR,HAYIR
2026-08-19 12:12:57.504,0.60,0.00,36,0.0,7.0,0.000,-0.0,0,HAYIR,HAYIR
2026-08-19 12:12:57.524,0.60,0.00,36,0.0,7.0,0.000,-0.0,0,HAYIR,HAYIR
2026-08-19 12:12:57.544,0.60,0.00,36,0.0,7.1,0.000,-0.0,0,HAYIR,HAYIR
2026-08-19 12:12:57.564,0.60,0.00,36,0.0,7.1,0.000,-0.0,0,HAYIR,HAYIR
2026-08-19 12:12:57.585,0.60,0.00,36,0.0,7.1,0.000,-0.0,0,HAYIR,HAYIR
2026-08-19 12:12:57.604,0.60,0.00,36,0.0,7.1,0.000,-0.0,0,HAYIR,HAYIR
2026-08-19 12:12:57.624,0.60,0.00,36,0.0,7.1,0.000,-0.0,0,HAYIR,HAYIR
2026-08-19 12:12:57.645,0.60,0.00,36,0.0,7.2,0.000,-0.0,0,HAYIR,HAYIR
2026-08-19 12:12:57.665,0.60,0.00,36,0.0,7.2,0.000,-0.0,0,HAYIR,HAYIR
2026-08-19 12:12:57.685,0.60,0.00,36,0.0,7.2,0.000,-0.0,0,HAYIR,HAYIR
2026-08-19 12:12:57.705,0.60,0.00,36,0.0,7.2,0.000,-0.0,0,HAYIR,HAYIR
2026-08-19 12:12:57.724,0.60,0.00,36,0.0,7.2,0.000,-0.0,0,HAYIR,HAYIR
2026-08-19 12:12:57.744,0.60,0.00,36,0.0,7.3,0.000,-0.0,0,HAYIR,HAYIR
2026-08-19 12:12:57.764,0.60,0.00,36,0.0,7.3,0.000,-0.0,0,HAYIR,HAYIR
2026-08-19 12:12:57.784,0.60,0.00,36,0.0,7.3,0.000,-0.0,0,HAYIR,HAYIR
2026-08-19 12:12:57.804,0.60,0.00,36,0.0,7.3,0.000,-0.0,0,HAYIR,HAYIR
2026-08-19 12:12:57.825,0.60,0.00,36,0.0,7.3,0.000,-0.0,0,HAYIR,HAYIR
2026-08-19 12:12:57.845,0.60,0.00,36,0.0,7.4,0.000,-0.0,0,HAYIR,HAYIR
2026-08-19 12:12:57.864,0.60,0.00,36,0.0,7.4,0.000,-0.0,0,HAYIR,HAYIR
2026-08-19 12:12:57.884,0.60,0.00,36,0.0,7.4,0.000,-0.0,0,HAYIR,HAYIR
2026-08-19 12:12:57.905,0.60,0.00,36,0.0,7.4,0.000,-0.0,0,HAYIR,HAYIR
2026-08-19 12:12:57.925,0.60,0.00,36,0.0,7.4,0.000,-0.0,0,HAYIR,HAYIR
2026-08-19 12:12:57.945,0.60,0.00,36,0.0,7.5,0.000,-0.0,0,HAYIR,HAYIR
2026-08-19 12:12:57.965,0.60,0.00,36,0.0,7.5,0.000,-0.0,0,HAYIR,HAYIR
2026-08-19 12:12:57.985,0.60,0.00,36,0.0,7.5,0.000,-0.0,0,HAYIR,HAYIR
2026-08-19 12:12:58.005,0.60,0.00,36,0.0,7.5,0.000,-0.0,0,HAYIR,HAYIR
2026-08-19 12:12:58.025,0.60,0.00,36,0.0,7.5,0.000,-0.0,0,HAYIR,HAYIR
2026-08-19 12:12:58.045,0.60,0.00,36,0.0,7.6,0.000,-0.0,0,HAYIR,HAYIR
2026-08-19 12:12:58.064,0.60,0.00,36,0.0,7.6,0.000,-0.0,0,HAYIR,HAYIR
2026-08-19 12:12:58.084,0.60,0.00,36,0.0,7.6,0.000,-0.0,0,HAYIR,HAYIR
2026-08-19 12:12:58.104,0.60,0.00,36,0.0,7.6,0.000,-0.0,0,HAYIR,HAYIR
2026-08-19 12:12:58.124,0.60,0.00,36,0.0,7.6,0.000,-0.0,0,HAYIR,HAYIR
2026-08-19 12:12:58.145,0.60,0.00,36,0.0,7.7,0.000,-0.0,0,HAYIR,HAYIR
2026-08-19 12:12:58.164,0.60,0.00,36,0.0,7.7,0.000,-0.0,0,HAYIR,HAYIR
2026-08-19 12:12:58.184,0.60,0.00,36,0.0,7.7,0.000,-0.0,0,HAYIR,HAYIR
2026-08-19 12:12:58.204,0.60,0.00,36,0.0,7.7,0.000,-0.0,0,HAYIR,HAYIR
2026-08-19 12:12:58.224,0.60,0.00,36,0.0,7.7,0.000,-0.0,0,HAYIR,HAYIR
2026-08-19 12:12:58.245,0.60,0.00,36,0.0,7.8,0.000,-0.0,0,HAYIR,HAYIR
2026-08-19 12:12:58.264,0.60,0.00,36,0.0,7.8,0.000,-0.0,0,HAYIR,HAYIR
2026-08-19 12:12:58.284,0.60,0.00,36,0.0,7.8,0.000,-0.0,0,HAYIR,HAYIR
2026-08-19 12:12:58.305,0.60,0.00,36,0.0,7.8,0.000,-0.0,0,HAYIR,HAYIR
2026-08-19 12:12:58.325,0.60,0.00,36,0.0,7.8,0.000,-0.0,0,HAYIR,HAYIR
2026-08-19 12:12:58.345,0.60,0.00,36,0.0,7.9,0.000,-0.0,0,HAYIR,HAYIR
2026-08-19 12:12:58.364,0.60,0.00,36,0.0,7.9,0.000,-0.0,0,HAYIR,HAYIR
2026-08-19 12:12:58.384,0.60,0.00,36,0.0,7.9,0.000,-0.0,0,HAYIR,HAYIR
2026-08-19 12:12:58.404,0.60,0.00,36,0.0,7.9,0.000,-0.0,0,HAYIR,HAYIR
2026-08-19 12:12:58.424,0.60,0.00,36,0.0,7.9,0.000,-0.0,0,HAYIR,HAYIR
2026-08-19 12:12:58.444,0.60,0.00,36,0.0,8.0,0.000,-0.0,0,HAYIR,HAYIR
2026-08-19 12:12:58.465,0.60,0.00,36,0.0,8.0,0.000,-0.0,0,HAYIR,HAYIR
2026-08-19 12:12:58.484,0.60,0.00,36,0.0,8.0,0.000,-0.0,0,HAYIR,HAYIR
2026-08-19 12:12:58.504,0.60,0.00,36,0.0,8.0,0.000,-0.0,0,HAYIR,HAYIR
2026-08-19 12:12:58.524,0.60,0.00,36,0.0,8.0,0.000,-0.0,0,HAYIR,HAYIR
2026-08-19 12:12:58.544,0.60,0.00,36,0.0,8.1,0.000,-0.0,0,HAYIR,HAYIR
2026-08-19 12:12:58.565,0.60,0.00,36,0.0,8.1,0.000,-0.0,0,HAYIR,HAYIR
2026-08-19 12:12:58.585,0.60,0.00,36,0.0,8.1,0.000,-0.0,0,HAYIR,HAYIR
2026-08-19 12:12:58.604,0.60,0.00,36,0.0,8.1,0.000,-0.0,0,HAYIR,HAYIR
2026-08-19 12:12:58.625,0.60,0.00,36,0.0,8.1,0.000,-0.0,0,HAYIR,HAYIR
2026-08-19 12:12:58.645,0.60,0.00,36,0.0,8.2,0.000,-0.0,0,HAYIR,HAYIR
2026-08-19 12:12:58.665,0.60,0.00,36,0.0,8.2,0.000,-0.0,0,HAYIR,HAYIR
2026-08-19 12:12:58.685,0.60,0.00,36,0.0,8.2,0.000,-0.0,0,HAYIR,HAYIR
2026-08-19 12:12:58.704,0.60,0.00,36,0.0,8.2,0.000,-0.0,0,HAYIR,HAYIR
2026-08-19 12:12:58.724,0.60,0.00,36,0.0,8.2,0.000,-0.0,0,HAYIR,HAYIR
2026-08-19 12:12:58.744,0.60,0.00,36,0.0,8.3,0.000,-0.0,0,HAYIR,HAYIR
2026-08-19 12:12:58.764,0.60,0.00,36,0.0,8.3,0.000,-0.0,0,HAYIR,HAYIR
2026-08-19 12:12:58.785,0.60,0.00,36,0.0,8.3,0.000,-0.0,0,HAYIR,HAYIR
2026-08-19 12:12:58.804,0.60,0.00,36,0.0,8.3,0.000,-0.0,0,HAYIR,HAYIR
2026-08-19 12:12:58.825,0.60,0.00,36,0.0,8.3,0.000,-0.0,0,HAYIR,HAYIR
2026-08-19 12:12:58.845,0.60,0.00,36,0.0,8.4,0.000,-0.0,0,HAYIR,HAYIR
2026-08-19 12:12:58.865,0.60,0.00,36,0.0,8.4,0.000,-0.0,0,HAYIR,HAYIR
2026-08-19 12:12:58.885,0.60,0.00,36,0.0,8.4,0.000,-0.0,0,HAYIR,HAYIR
2026-08-19 12:12:58.904,0.60,0.00,36,0.0,8.4,0.000,-0.0,0,HAYIR,HAYIR
2026-08-19 12:12:58.924,0.60,0.00,36,0.0,8.4,0.000,-0.0,0,HAYIR,HAYIR
2026-08-19 12:12:58.945,0.60,0.00,36,0.0,8.5,0.000,-0.0,0,HAYIR,HAYIR
2026-08-19 12:12:58.965,0.60,0.00,36,0.0,8.5,0.000,-0.0,0,HAYIR,HAYIR
2026-08-19 12:12:58.984,0.60,0.00,36,0.0,8.5,0.000,-0.0,0,HAYIR,HAYIR
2026-08-19 12:12:59.004,0.60,0.00,36,0.0,8.5,0.000,-0.0,0,HAYIR,HAYIR
2026-08-19 12:12:59.025,0.60,0.00,36,0.0,8.5,0.000,-0.0,0,HAYIR,HAYIR
2026-08-19 12:12:59.045,0.60,0.00,36,0.0,8.6,0.000,-0.0,0,HAYIR,HAYIR
2026-08-19 12:12:59.064,0.60,0.00,36,0.0,8.6,0.000,-0.0,0,HAYIR,HAYIR
2026-08-19 12:12:59.084,0.60,0.00,36,0.0,8.6,0.000,-0.0,0,HAYIR,HAYIR
2026-08-19 12:12:59.104,0.60,0.00,36,0.0,8.6,0.000,-0.0,0,HAYIR,HAYIR
2026-08-19 12:12:59.124,0.60,0.00,36,0.0,8.6,0.000,-0.0,0,HAYIR,HAYIR
2026-08-19 12:12:59.144,0.60,0.00,36,0.0,8.7,0.000,-0.0,0,HAYIR,HAYIR
2026-08-19 12:12:59.164,0.60,0.00,36,0.0,8.7,0.000,-0.0,0,HAYIR,HAYIR
2026-08-19 12:12:59.184,0.60,0.00,36,0.0,8.7,0.000,-0.0,0,HAYIR,HAYIR
2026-08-19 12:12:59.204,0.60,0.00,36,0.0,8.7,0.000,-0.0,0,HAYIR,HAYIR
2026-08-19 12:12:59.224,0.60,0.00,36,0.0,8.7,0.000,-0.0,0,HAYIR,HAYIR
2026-08-19 12:12:59.245,0.60,0.00,36,0.0,8.8,0.000,-0.0,0,HAYIR,HAYIR
2026-08-19 12:12:59.265,0.60,0.00,36,0.0,8.8,0.000,-0.0,0,HAYIR,HAYIR
2026-08-19 12:12:59.285,0.60,0.00,36,0.0,8.8,0.000,-0.0,0,HAYIR,HAYIR
2026-08-19 12:12:59.305,0.60,0.00,36,0.0,8.8,0.000,-0.0,0,HAYIR,HAYIR
2026-08-19 12:12:59.324,0.60,0.00,36,0.0,8.8,0.000,-0.0,0,HAYIR,HAYIR
2026-08-19 12:12:59.344,0.60,0.00,36,0.0,8.9,0.000,-0.0,0,HAYIR,HAYIR
2026-08-19 12:12:59.364,0.60,0.00,36,0.0,8.9,0.000,-0.0,0,HAYIR,HAYIR
2026-08-19 12:12:59.384,0.60,0.00,36,0.0,8.9,0.000,-0.0,0,HAYIR,HAYIR
2026-08-19 12:12:59.404,0.60,0.00,36,0.0,8.9,0.000,-0.0,0,HAYIR,HAYIR
2026-08-19 12:12:59.424,0.60,0.00,36,0.0,8.9,0.000,-0.0,0,HAYIR,HAYIR
2026-08-19 12:12:59.444,0.60,0.00,36,0.0,9.0,0.000,-0.0,0,HAYIR,HAYIR
2026-08-19 12:12:59.464,0.60,0.00,36,0.0,9.0,0.000,-0.0,0,HAYIR,HAYIR
2026-08-19 12:12:59.484,0.60,0.00,36,0.0,9.0,0.000,-0.0,0,HAYIR,HAYIR
2026-08-19 12:12:59.504,0.60,0.00,36,0.0,9.0,0.000,-0.0,0,HAYIR,HAYIR
2026-08-19 12:12:59.524,0.60,0.00,36,0.0,9.0,0.000,-0.0,0,HAYIR,HAYIR
2026-08-19 12:12:59.544,0.60,0.00,36,0.0,9.1,0.000,-0.0,0,HAYIR,HAYIR
2026-08-19 12:12:59.564,0.60,0.00,36,0.0,9.1,0.000,-0.0,0,HAYIR,HAYIR
2026-08-19 12:12:59.584,0.60,0.00,36,0.0,9.1,0.000,-0.0,0,HAYIR,HAYIR
2026-08-19 12:12:59.604,0.60,0.00,36,0.0,9.1,0.000,-0.0,0,HAYIR,HAYIR
2026-08-19 12:12:59.624,0.60,0.00,36,0.0,9.1,0.000,-0.0,0,HAYIR,HAYIR
2026-08-19 12:12:59.645,0.60,0.00,36,0.0,9.2,0.000,-0.0,0,HAYIR,HAYIR
2026-08-19 12:12:59.665,0.60,0.00,36,0.0,9.2,0.000,-0.0,0,HAYIR,HAYIR
2026-08-19 12:12:59.684,0.60,0.00,36,0.0,9.2,0.000,-0.0,0,HAYIR,HAYIR
2026-08-19 12:12:59.704,0.60,0.00,36,0.0,9.2,0.000,-0.0,0,HAYIR,HAYIR
2026-08-19 12:12:59.725,0.60,0.00,36,0.0,9.2,0.000,-0.0,0,HAYIR,HAYIR
2026-08-19 12:12:59.744,0.60,0.00,36,0.0,9.3,0.000,-0.0,0,HAYIR,HAYIR
2026-08-19 12:12:59.764,0.60,0.00,36,0.0,9.3,0.000,-0.0,0,HAYIR,HAYIR
2026-08-19 12:12:59.784,0.60,0.00,36,0.0,9.3,0.000,-0.0,0,HAYIR,HAYIR
2026-08-19 12:12:59.804,0.60,0.00,36,0.0,9.3,0.000,-0.0,0,HAYIR,HAYIR
2026-08-19 12:12:59.824,0.60,0.00,36,0.0,9.3,0.000,-0.0,0,HAYIR,HAYIR
2026-08-19 12:12:59.845,0.60,0.00,36,0.0,9.4,0.000,-0.0,0,HAYIR,HAYIR
2026-08-19 12:12:59.865,0.60,0.00,36,0.0,9.4,-0.054,40.2,1,HAYIR,HAYIR
2026-08-19 12:12:59.884,0.60,0.00,36,0.0,9.4,-0.054,40.2,1,HAYIR,HAYIR
2026-08-19 12:12:59.904,0.60,0.00,36,0.0,9.4,-0.071,52.2,2,HAYIR,HAYIR
2026-08-19 12:12:59.925,0.60,0.00,36,0.0,9.4,-0.071,52.2,2,HAYIR,HAYIR
2026-08-19 12:12:59.944,0.60,0.00,36,0.0,9.5,-0.071,52.2,3,HAYIR,HAYIR
2026-08-19 12:12:59.964,0.60,0.00,36,0.0,9.5,-0.071,52.2,3,HAYIR,HAYIR
2026-08-19 12:12:59.984,0.60,0.00,36,0.0,9.5,-0.071,52.2,4,HAYIR,HAYIR
2026-08-19 12:13:00.004,0.60,0.00,36,0.0,9.5,-0.071,52.2,4,HAYIR,HAYIR
2026-08-19 12:13:00.024,0.60,0.00,36,0.0,9.5,-0.071,52.2,5,HAYIR,HAYIR
2026-08-19 12:13:00.045,0.60,0.00,36,0.0,9.6,-0.071,52.2,6,HAYIR,HAYIR
2026-08-19 12:13:00.064,0.60,0.00,36,0.0,9.6,-0.084,61.8,6,HAYIR,HAYIR
2026-08-19 12:13:00.084,0.60,0.00,36,0.0,9.6,-0.084,61.8,7,HAYIR,HAYIR
2026-08-19 12:13:00.104,0.60,0.00,36,0.0,9.6,-0.084,61.8,7,HAYIR,HAYIR
2026-08-19 12:13:00.124,0.60,0.00,36,0.0,9.6,-0.084,61.8,8,HAYIR,HAYIR
2026-08-19 12:13:00.144,0.60,0.00,36,0.0,9.7,-0.084,61.8,8,HAYIR,HAYIR
2026-08-19 12:13:00.164,0.60,0.00,36,0.0,9.7,-0.084,61.8,9,HAYIR,HAYIR
2026-08-19 12:13:00.185,0.60,0.00,36,0.0,9.7,-0.084,61.8,10,HAYIR,HAYIR
2026-08-19 12:13:00.204,0.60,0.00,36,0.0,9.7,-0.079,58.0,10,HAYIR,HAYIR
2026-08-19 12:13:00.225,0.60,0.00,36,0.0,9.7,-0.079,58.0,11,HAYIR,HAYIR
2026-08-19 12:13:00.244,0.60,0.00,36,0.0,9.8,-0.079,58.0,11,HAYIR,HAYIR
2026-08-19 12:13:00.265,0.60,0.00,36,0.0,9.8,-0.079,58.0,12,HAYIR,HAYIR
2026-08-19 12:13:00.284,0.60,0.00,36,0.0,9.8,-0.079,58.0,12,HAYIR,HAYIR
2026-08-19 12:13:00.304,0.60,0.00,36,0.0,9.8,-0.081,59.6,13,HAYIR,HAYIR
2026-08-19 12:13:00.325,0.60,0.00,36,0.0,9.8,-0.081,59.6,13,HAYIR,HAYIR
2026-08-19 12:13:00.344,0.60,0.00,36,0.0,9.9,-0.081,59.6,14,HAYIR,HAYIR
2026-08-19 12:13:00.365,0.60,0.00,36,0.0,9.9,-0.081,59.6,15,HAYIR,HAYIR
2026-08-19 12:13:00.385,0.60,0.00,36,0.0,9.9,-0.081,59.6,15,HAYIR,HAYIR
2026-08-19 12:13:00.404,0.60,0.00,36,0.0,9.9,-0.084,61.7,16,HAYIR,HAYIR
2026-08-19 12:13:00.424,0.60,0.00,36,0.0,9.9,-0.084,61.7,16,HAYIR,HAYIR
2026-08-19 12:13:00.445,0.60,0.00,36,0.0,10.0,-0.084,61.7,17,HAYIR,HAYIR
2026-08-19 12:13:00.464,0.60,0.00,36,0.0,10.0,-0.084,61.7,17,HAYIR,HAYIR
2026-08-19 12:13:00.484,0.60,0.00,36,0.0,10.0,-0.084,61.7,18,HAYIR,HAYIR
2026-08-19 12:13:00.504,0.60,0.00,36,0.0,10.0,-0.086,63.1,18,HAYIR,HAYIR
2026-08-19 12:13:00.524,0.60,0.00,36,0.0,10.0,-0.086,63.1,19,HAYIR,HAYIR
2026-08-19 12:13:00.544,0.60,0.00,36,0.0,10.1,-0.086,63.1,20,HAYIR,HAYIR
2026-08-19 12:13:00.564,0.60,0.00,36,0.0,10.1,-0.094,68.6,20,HAYIR,HAYIR
2026-08-19 12:13:00.584,0.60,0.00,36,0.0,10.1,-0.094,68.6,21,HAYIR,HAYIR
2026-08-19 12:13:00.604,0.60,0.00,36,0.0,10.1,-0.094,68.6,21,HAYIR,HAYIR
2026-08-19 12:13:00.624,0.60,0.00,36,0.0,10.1,-0.094,68.6,22,HAYIR,HAYIR
2026-08-19 12:13:00.645,0.60,0.00,36,0.0,10.2,-0.094,68.6,22,HAYIR,HAYIR
2026-08-19 12:13:00.664,0.60,0.00,36,0.0,10.2,-0.094,68.6,23,HAYIR,HAYIR
2026-08-19 12:13:00.684,0.60,0.00,36,0.0,10.2,-0.094,68.6,24,HAYIR,HAYIR
2026-08-19 12:13:00.704,0.60,0.00,36,0.0,10.2,-0.090,65.6,24,HAYIR,HAYIR
2026-08-19 12:13:00.724,0.60,0.00,36,0.0,10.2,-0.090,65.6,25,HAYIR,HAYIR
2026-08-19 12:13:00.744,0.60,0.00,36,0.0,10.3,-0.090,65.6,25,HAYIR,HAYIR
2026-08-19 12:13:00.764,0.60,0.00,36,0.0,10.3,-0.090,65.6,26,HAYIR,HAYIR
2026-08-19 12:13:00.784,0.60,0.00,36,0.0,10.3,-0.090,65.6,26,HAYIR,HAYIR
2026-08-19 12:13:00.804,0.60,0.00,36,0.0,10.3,-0.091,66.5,27,HAYIR,HAYIR
2026-08-19 12:13:00.824,0.60,0.00,36,0.0,10.3,-0.091,66.5,27,HAYIR,HAYIR
2026-08-19 12:13:00.845,0.60,0.00,36,0.0,10.4,-0.091,66.5,28,HAYIR,HAYIR
2026-08-19 12:13:00.864,0.60,0.00,36,0.0,10.4,-0.091,66.5,29,HAYIR,HAYIR
2026-08-19 12:13:00.884,0.60,0.00,36,0.0,10.4,-0.091,66.5,29,HAYIR,HAYIR
2026-08-19 12:13:00.905,0.60,0.00,36,0.0,10.4,-0.071,52.2,30,HAYIR,HAYIR
2026-08-19 12:13:00.925,0.60,0.00,36,0.0,10.4,-0.071,52.2,30,HAYIR,HAYIR
2026-08-19 12:13:00.944,0.60,0.00,36,0.0,10.5,-0.071,52.2,31,HAYIR,HAYIR
2026-08-19 12:13:00.964,0.60,0.00,36,0.0,10.5,-0.071,52.2,31,HAYIR,HAYIR
2026-08-19 12:13:00.984,0.60,0.00,36,0.0,10.5,-0.071,52.2,32,HAYIR,HAYIR
2026-08-19 12:13:01.004,0.60,0.00,36,0.0,10.5,-0.072,53.2,32,HAYIR,HAYIR
2026-08-19 12:13:01.024,0.60,0.00,36,0.0,10.5,-0.072,53.2,33,HAYIR,HAYIR
2026-08-19 12:13:01.044,0.60,0.00,36,0.0,10.6,-0.072,53.2,34,HAYIR,HAYIR
2026-08-19 12:13:01.064,0.60,0.00,36,0.0,10.6,-0.072,53.2,34,HAYIR,HAYIR
2026-08-19 12:13:01.084,0.60,0.00,36,0.0,10.6,-0.072,53.2,35,HAYIR,HAYIR
2026-08-19 12:13:01.105,0.60,0.00,36,0.0,10.6,-0.087,63.6,35,HAYIR,HAYIR
2026-08-19 12:13:01.125,0.60,0.00,36,0.0,10.6,-0.087,63.6,36,HAYIR,HAYIR
2026-08-19 12:13:01.145,0.60,0.00,36,0.0,10.7,-0.087,63.6,36,HAYIR,HAYIR
2026-08-19 12:13:01.164,0.60,0.00,36,0.0,10.7,-0.087,63.6,37,HAYIR,HAYIR
2026-08-19 12:13:01.184,0.60,0.00,36,0.0,10.7,-0.087,63.6,38,HAYIR,HAYIR
2026-08-19 12:13:01.204,0.60,0.00,36,0.0,10.7,-0.076,55.7,38,HAYIR,HAYIR
2026-08-19 12:13:01.224,0.60,0.00,36,0.0,10.7,-0.076,55.7,39,HAYIR,HAYIR
2026-08-19 12:13:01.245,0.60,0.00,36,0.0,10.8,-0.076,55.7,39,HAYIR,HAYIR
2026-08-19 12:13:01.264,0.60,0.00,36,0.0,10.8,-0.076,55.7,40,HAYIR,HAYIR
2026-08-19 12:13:01.284,0.60,0.00,36,0.0,10.8,-0.076,55.7,40,HAYIR,HAYIR
2026-08-19 12:13:01.305,0.60,0.00,36,0.0,10.8,-0.076,56.1,41,HAYIR,HAYIR
2026-08-19 12:13:01.325,0.60,0.00,36,0.0,10.8,-0.076,56.1,41,HAYIR,HAYIR
2026-08-19 12:13:01.345,0.60,0.00,36,0.0,10.9,-0.076,56.1,42,HAYIR,HAYIR
2026-08-19 12:13:01.365,0.60,0.00,36,0.0,10.9,-0.076,56.1,43,HAYIR,HAYIR
2026-08-19 12:13:01.385,0.60,0.00,36,0.0,10.9,-0.076,56.1,43,HAYIR,HAYIR
2026-08-19 12:13:01.404,0.60,0.00,36,0.1,10.9,-0.077,56.7,44,HAYIR,HAYIR
2026-08-19 12:13:01.424,0.60,0.00,36,0.1,10.9,-0.077,56.7,44,HAYIR,HAYIR
2026-08-19 12:13:01.445,0.60,0.00,36,0.1,11.0,-0.077,56.7,45,HAYIR,HAYIR
2026-08-19 12:13:01.464,0.60,0.00,36,0.1,11.0,-0.077,56.7,45,HAYIR,HAYIR
2026-08-19 12:13:01.484,0.60,0.00,36,0.1,11.0,-0.077,56.7,46,HAYIR,HAYIR
2026-08-19 12:13:01.505,0.60,0.00,36,0.1,11.0,-0.078,57.2,46,HAYIR,HAYIR
2026-08-19 12:13:01.525,0.60,0.00,36,0.1,11.0,-0.078,57.2,47,HAYIR,HAYIR
2026-08-19 12:13:01.545,0.60,0.00,36,0.1,11.1,-0.078,57.2,48,HAYIR,HAYIR
2026-08-19 12:13:01.564,0.60,0.00,36,0.1,11.1,-0.078,57.2,48,HAYIR,HAYIR
2026-08-19 12:13:01.584,0.60,0.00,36,0.2,11.1,-0.078,57.2,49,HAYIR,HAYIR
2026-08-19 12:13:01.604,0.60,0.00,36,0.2,11.1,-0.092,67.2,49,HAYIR,HAYIR
2026-08-19 12:13:01.625,0.60,0.00,36,0.2,11.1,-0.092,67.2,50,HAYIR,HAYIR
2026-08-19 12:13:01.645,0.60,0.00,36,0.2,11.2,-0.092,67.2,50,HAYIR,HAYIR
2026-08-19 12:13:01.665,0.60,0.00,36,0.2,11.2,-0.092,67.2,51,HAYIR,HAYIR
2026-08-19 12:13:01.685,0.60,0.00,36,0.2,11.2,-0.092,67.2,52,HAYIR,HAYIR
2026-08-19 12:13:01.705,0.60,0.00,36,0.2,11.2,-0.079,57.7,52,HAYIR,HAYIR
2026-08-19 12:13:01.724,0.60,0.00,36,0.2,11.2,-0.079,57.7,53,HAYIR,HAYIR
2026-08-19 12:13:01.744,0.60,0.00,36,0.2,11.3,-0.079,57.7,53,HAYIR,HAYIR
2026-08-19 12:13:01.765,0.60,0.00,36,0.2,11.3,-0.079,57.7,54,HAYIR,HAYIR
2026-08-19 12:13:01.785,0.60,0.00,36,0.2,11.3,-0.079,57.7,54,HAYIR,HAYIR
2026-08-19 12:13:01.804,0.60,0.00,36,0.2,11.3,-0.079,58.1,55,HAYIR,HAYIR
2026-08-19 12:13:01.824,0.60,0.00,36,0.2,11.3,-0.079,58.1,55,HAYIR,HAYIR
2026-08-19 12:13:01.845,0.60,0.00,36,0.3,11.4,-0.079,58.1,56,HAYIR,HAYIR
2026-08-19 12:13:01.865,0.60,0.00,36,0.3,11.4,-0.079,58.1,57,HAYIR,HAYIR
2026-08-19 12:13:01.885,0.60,0.00,36,0.3,11.4,-0.079,58.1,57,HAYIR,HAYIR
2026-08-19 12:13:01.905,0.60,0.00,36,0.3,11.4,-0.079,57.8,58,HAYIR,HAYIR
2026-08-19 12:13:01.924,0.60,0.00,36,0.3,11.4,-0.079,57.8,58,HAYIR,HAYIR
2026-08-19 12:13:01.945,0.60,0.00,36,0.3,11.5,-0.079,57.8,58,HAYIR,HAYIR
2026-08-19 12:13:01.965,0.60,0.00,36,0.3,11.5,-0.079,57.8,58,HAYIR,HAYIR
2026-08-19 12:13:01.985,0.60,0.00,36,0.3,11.5,-0.079,57.8,58,HAYIR,HAYIR
2026-08-19 12:13:02.004,0.60,0.00,36,0.3,11.5,-0.087,63.7,58,HAYIR,HAYIR
2026-08-19 12:13:02.024,0.60,0.00,36,0.3,11.5,-0.087,63.7,59,HAYIR,HAYIR
2026-08-19 12:13:02.045,0.60,0.00,36,0.3,11.6,-0.087,63.7,59,HAYIR,HAYIR
2026-08-19 12:13:02.064,0.60,0.00,36,0.3,11.6,-0.087,63.7,60,HAYIR,HAYIR
2026-08-19 12:13:02.084,0.60,0.00,36,0.3,11.6,-0.087,63.7,61,HAYIR,HAYIR
2026-08-19 12:13:02.105,0.60,0.00,36,0.3,11.6,-0.087,63.7,61,HAYIR,HAYIR
2026-08-19 12:13:02.124,0.60,0.00,36,0.4,11.6,-0.087,63.7,62,HAYIR,HAYIR
2026-08-19 12:13:02.145,0.60,0.00,36,0.4,11.7,-0.087,63.7,62,HAYIR,HAYIR
2026-08-19 12:13:02.164,0.60,0.00,36,0.4,11.7,-0.111,80.2,63,HAYIR,HAYIR
2026-08-19 12:13:02.184,0.60,0.00,36,0.4,11.7,-0.111,80.2,63,HAYIR,HAYIR
2026-08-19 12:13:02.204,0.60,0.00,36,0.4,11.7,-0.111,80.2,64,HAYIR,HAYIR
2026-08-19 12:13:02.225,0.60,0.00,36,0.4,11.7,-0.111,80.2,64,HAYIR,HAYIR
2026-08-19 12:13:02.245,0.60,0.00,36,0.4,11.8,-0.111,80.2,65,HAYIR,HAYIR
2026-08-19 12:13:02.265,0.60,0.00,36,0.4,11.8,-0.111,80.2,66,HAYIR,HAYIR
2026-08-19 12:13:02.285,0.60,0.00,36,0.4,11.8,-0.111,80.2,66,HAYIR,HAYIR
2026-08-19 12:13:02.305,0.60,0.00,36,0.4,11.8,-0.086,62.9,66,HAYIR,HAYIR
2026-08-19 12:13:02.324,0.60,0.00,36,0.4,11.8,-0.086,62.9,65,HAYIR,HAYIR
2026-08-19 12:13:02.345,0.60,0.00,36,0.4,11.9,-0.086,62.9,64,HAYIR,HAYIR
2026-08-19 12:13:02.365,0.60,0.00,36,0.4,11.9,-0.086,62.9,64,HAYIR,HAYIR
2026-08-19 12:13:02.384,0.60,0.00,36,0.4,11.9,-0.086,62.9,63,HAYIR,HAYIR
2026-08-19 12:13:02.405,0.60,0.00,36,0.4,11.9,-0.084,61.7,63,HAYIR,HAYIR
2026-08-19 12:13:02.425,0.60,0.00,36,0.4,11.9,-0.084,61.7,62,HAYIR,HAYIR
2026-08-19 12:13:02.445,0.60,0.00,36,0.4,12.0,-0.084,61.7,62,HAYIR,HAYIR
2026-08-19 12:13:02.465,0.60,0.00,36,0.4,12.0,-0.084,61.7,62,HAYIR,HAYIR
2026-08-19 12:13:02.484,0.60,0.00,36,0.4,12.0,-0.084,61.7,62,HAYIR,HAYIR
2026-08-19 12:13:02.505,0.60,0.00,36,0.3,12.0,-0.082,60.5,61,HAYIR,HAYIR
2026-08-19 12:13:02.524,0.60,0.00,36,0.3,12.0,-0.082,60.5,61,HAYIR,HAYIR
2026-08-19 12:13:02.544,0.60,0.00,36,0.3,12.1,-0.082,60.5,60,HAYIR,HAYIR
2026-08-19 12:13:02.564,0.60,0.00,36,0.3,12.1,-0.082,60.5,60,HAYIR,HAYIR
2026-08-19 12:13:02.584,0.60,0.00,36,0.3,12.1,-0.082,60.5,60,HAYIR,HAYIR
2026-08-19 12:13:02.604,0.60,0.00,36,0.3,12.1,-0.081,59.3,60,HAYIR,HAYIR
2026-08-19 12:13:02.625,0.60,0.00,36,0.3,12.1,-0.081,59.3,59,HAYIR,HAYIR
2026-08-19 12:13:02.645,0.60,0.00,36,0.3,12.2,-0.081,59.3,59,HAYIR,HAYIR
2026-08-19 12:13:02.665,0.60,0.00,36,0.3,12.2,-0.090,66.2,60,HAYIR,HAYIR
2026-08-19 12:13:02.684,0.60,0.00,36,0.3,12.2,-0.090,66.2,60,HAYIR,HAYIR
2026-08-19 12:13:02.705,0.60,0.00,36,0.3,12.2,-0.090,66.2,61,HAYIR,HAYIR
2026-08-19 12:13:02.724,0.60,0.00,36,0.4,12.2,-0.090,66.2,62,HAYIR,HAYIR
2026-08-19 12:13:02.744,0.60,0.00,36,0.4,12.3,-0.090,66.2,62,HAYIR,HAYIR
2026-08-19 12:13:02.764,0.60,0.00,36,0.4,12.3,-0.090,66.2,63,HAYIR,HAYIR
2026-08-19 12:13:02.784,0.60,0.00,36,0.4,12.3,-0.090,66.2,63,HAYIR,HAYIR
2026-08-19 12:13:02.804,0.60,0.00,36,0.4,12.3,-0.074,54.7,63,HAYIR,HAYIR
2026-08-19 12:13:02.824,0.60,0.00,36,0.4,12.3,-0.074,54.7,62,HAYIR,HAYIR
2026-08-19 12:13:02.845,0.60,0.00,36,0.4,12.4,-0.074,54.7,62,HAYIR,HAYIR
2026-08-19 12:13:02.865,0.60,0.00,36,0.3,12.4,-0.074,54.7,61,HAYIR,HAYIR
2026-08-19 12:13:02.884,0.60,0.00,36,0.3,12.4,-0.074,54.7,60,HAYIR,HAYIR
2026-08-19 12:13:02.904,0.60,0.00,36,0.3,12.4,-0.071,52.2,60,HAYIR,HAYIR
2026-08-19 12:13:02.925,0.60,0.00,36,0.3,12.4,-0.071,52.2,59,HAYIR,HAYIR
2026-08-19 12:13:02.944,0.60,0.00,36,0.3,12.5,-0.071,52.2,59,HAYIR,HAYIR
2026-08-19 12:13:02.964,0.60,0.00,36,0.3,12.5,-0.071,52.2,58,HAYIR,HAYIR
2026-08-19 12:13:02.984,0.60,0.00,36,0.3,12.5,-0.071,52.2,58,HAYIR,HAYIR
2026-08-19 12:13:03.004,0.60,0.00,36,0.3,12.5,-0.067,49.6,57,HAYIR,HAYIR
2026-08-19 12:13:03.024,0.60,0.00,36,0.3,12.5,-0.067,49.6,56,HAYIR,HAYIR
2026-08-19 12:13:03.045,0.60,0.00,36,0.3,12.6,-0.067,49.6,56,HAYIR,HAYIR
2026-08-19 12:13:03.064,0.60,0.00,36,0.2,12.6,-0.067,49.6,55,HAYIR,HAYIR
2026-08-19 12:13:03.084,0.60,0.00,36,0.2,12.6,-0.067,49.6,55,HAYIR,HAYIR
2026-08-19 12:13:03.104,0.60,0.00,36,0.2,12.6,-0.062,45.8,54,HAYIR,HAYIR
2026-08-19 12:13:03.125,0.60,0.00,36,0.2,12.6,-0.062,45.8,54,HAYIR,HAYIR
2026-08-19 12:13:03.145,0.60,0.00,36,0.2,12.7,-0.062,45.8,53,HAYIR,HAYIR
2026-08-19 12:13:03.165,0.60,0.00,36,0.2,12.7,-0.070,51.4,53,HAYIR,HAYIR
2026-08-19 12:13:03.185,0.60,0.00,36,0.2,12.7,-0.070,51.4,52,HAYIR,HAYIR
2026-08-19 12:13:03.204,0.60,0.00,36,0.2,12.7,-0.070,51.4,51,HAYIR,HAYIR
2026-08-19 12:13:03.224,0.60,0.00,36,0.2,12.7,-0.070,51.4,51,HAYIR,HAYIR
2026-08-19 12:13:03.245,0.60,0.00,36,0.2,12.8,-0.070,51.4,51,HAYIR,HAYIR
2026-08-19 12:13:03.264,0.60,0.00,36,0.2,12.8,-0.070,51.4,51,HAYIR,HAYIR
2026-08-19 12:13:03.284,0.60,0.00,36,0.2,12.8,-0.070,51.4,51,HAYIR,HAYIR
2026-08-19 12:13:03.305,0.60,0.00,36,0.2,12.8,-0.052,38.4,51,HAYIR,HAYIR
2026-08-19 12:13:03.325,0.60,0.00,36,0.2,12.8,-0.052,38.4,50,HAYIR,HAYIR
2026-08-19 12:13:03.345,0.60,0.00,36,0.2,12.9,-0.052,38.4,50,HAYIR,HAYIR
2026-08-19 12:13:03.365,0.60,0.00,36,0.2,12.9,-0.052,38.4,49,HAYIR,HAYIR
2026-08-19 12:13:03.385,0.60,0.00,36,0.2,12.9,-0.052,38.4,49,HAYIR,HAYIR
2026-08-19 12:13:03.404,0.60,0.00,36,0.1,12.9,-0.046,34.0,48,HAYIR,HAYIR
2026-08-19 12:13:03.424,0.60,0.00,36,0.1,12.9,-0.046,34.0,47,HAYIR,HAYIR
2026-08-19 12:13:03.445,0.60,0.00,36,0.1,13.0,-0.046,34.0,47,HAYIR,HAYIR
2026-08-19 12:13:03.464,0.60,0.00,36,0.1,13.0,-0.046,34.0,46,HAYIR,HAYIR
2026-08-19 12:13:03.484,0.60,0.00,36,0.1,13.0,-0.046,34.0,46,HAYIR,HAYIR
2026-08-19 12:13:03.504,0.60,0.00,36,0.1,13.0,-0.040,29.7,45,HAYIR,HAYIR
2026-08-19 12:13:03.524,0.60,0.00,36,0.1,13.0,-0.040,29.7,45,HAYIR,HAYIR
2026-08-19 12:13:03.544,0.60,0.00,36,0.1,13.1,-0.040,29.7,44,HAYIR,HAYIR
2026-08-19 12:13:03.564,0.60,0.00,36,0.1,13.1,-0.040,29.7,44,HAYIR,HAYIR
2026-08-19 12:13:03.584,0.60,0.00,36,0.0,13.1,-0.040,29.7,43,HAYIR,HAYIR
2026-08-19 12:13:03.604,0.60,0.00,36,0.0,13.1,0.000,-0.0,42,HAYIR,HAYIR
2026-08-19 12:13:03.624,0.60,0.00,36,0.0,13.1,0.000,-0.0,42,HAYIR,HAYIR
2026-08-19 12:13:03.645,0.60,0.00,36,0.0,13.2,0.000,-0.0,41,HAYIR,HAYIR
2026-08-19 12:13:03.664,0.60,0.00,36,0.0,13.2,0.000,-0.0,41,HAYIR,HAYIR
2026-08-19 12:13:03.684,0.60,0.00,36,0.0,13.2,0.000,-0.0,40,HAYIR,HAYIR
2026-08-19 12:13:03.704,0.60,0.00,36,0.0,13.2,0.000,-0.0,40,HAYIR,HAYIR
2026-08-19 12:13:03.724,0.60,0.00,36,0.0,13.2,0.000,-0.0,39,HAYIR,HAYIR
2026-08-19 12:13:03.745,0.60,0.00,36,0.0,13.3,0.000,-0.0,38,HAYIR,HAYIR
2026-08-19 12:13:03.765,0.60,0.00,36,0.0,13.3,0.000,-0.0,38,HAYIR,HAYIR
2026-08-19 12:13:03.784,0.60,0.00,36,0.0,13.3,0.000,-0.0,37,HAYIR,HAYIR
2026-08-19 12:13:03.804,0.60,0.00,36,0.0,13.3,0.000,-0.0,37,HAYIR,HAYIR
2026-08-19 12:13:03.824,0.60,0.00,36,0.0,13.3,0.000,-0.0,36,HAYIR,HAYIR
2026-08-19 12:13:03.845,0.60,0.00,36,0.0,13.4,0.000,-0.0,36,HAYIR,HAYIR
2026-08-19 12:13:03.864,0.60,0.00,36,0.0,13.4,0.000,-0.0,35,HAYIR,HAYIR
2026-08-19 12:13:03.884,0.60,0.00,36,0.0,13.4,0.000,-0.0,35,HAYIR,HAYIR
2026-08-19 12:13:03.904,0.60,0.00,36,0.0,13.4,0.000,-0.0,34,HAYIR,HAYIR
2026-08-19 12:13:03.925,0.60,0.00,36,0.0,13.4,0.000,-0.0,33,HAYIR,HAYIR
2026-08-19 12:13:03.944,0.60,0.00,36,0.0,13.5,0.000,-0.0,33,HAYIR,HAYIR
2026-08-19 12:13:03.964,0.60,0.00,36,0.0,13.5,0.000,-0.0,32,HAYIR,HAYIR
2026-08-19 12:13:03.985,0.60,0.00,36,0.0,13.5,0.000,-0.0,32,HAYIR,HAYIR
2026-08-19 12:13:04.004,0.60,0.00,36,0.0,13.5,0.000,-0.0,31,HAYIR,HAYIR
2026-08-19 12:13:04.024,0.60,0.00,36,0.0,13.5,0.000,-0.0,31,HAYIR,HAYIR
2026-08-19 12:13:04.045,0.60,0.00,36,0.0,13.6,0.000,-0.0,30,HAYIR,HAYIR
2026-08-19 12:13:04.064,0.60,0.00,36,0.0,13.6,0.000,-0.0,30,HAYIR,HAYIR
2026-08-19 12:13:04.085,0.60,0.00,36,0.0,13.6,0.000,-0.0,29,HAYIR,HAYIR
2026-08-19 12:13:04.104,0.60,0.00,36,0.0,13.6,0.000,-0.0,28,HAYIR,HAYIR
2026-08-19 12:13:04.124,0.60,0.00,36,0.0,13.6,0.000,-0.0,28,HAYIR,HAYIR
2026-08-19 12:13:04.144,0.60,0.00,36,0.0,13.7,0.000,-0.0,27,HAYIR,HAYIR
2026-08-19 12:13:04.165,0.60,0.00,36,0.0,13.7,0.000,-0.0,27,HAYIR,HAYIR
2026-08-19 12:13:04.184,0.60,0.00,36,0.0,13.7,0.000,-0.0,26,HAYIR,HAYIR
2026-08-19 12:13:04.204,0.60,0.00,36,0.0,13.7,0.000,-0.0,26,HAYIR,HAYIR
2026-08-19 12:13:04.225,0.60,0.00,36,0.0,13.7,0.000,-0.0,25,HAYIR,HAYIR
2026-08-19 12:13:04.245,0.60,0.00,36,0.0,13.8,0.000,-0.0,24,HAYIR,HAYIR
2026-08-19 12:13:04.265,0.60,0.00,36,0.0,13.8,0.000,-0.0,24,HAYIR,HAYIR
2026-08-19 12:13:04.284,0.60,0.00,36,0.0,13.8,0.000,-0.0,23,HAYIR,HAYIR
2026-08-19 12:13:04.305,0.60,0.00,36,0.0,13.8,0.000,-0.0,23,HAYIR,HAYIR
2026-08-19 12:13:04.324,0.60,0.00,36,0.0,13.8,0.000,-0.0,22,HAYIR,HAYIR
2026-08-19 12:13:04.344,0.60,0.00,36,0.0,13.9,0.000,-0.0,22,HAYIR,HAYIR
2026-08-19 12:13:04.364,0.60,0.00,36,0.0,13.9,0.000,-0.0,21,HAYIR,HAYIR
2026-08-19 12:13:04.384,0.60,0.00,36,0.0,13.9,0.000,-0.0,21,HAYIR,HAYIR
2026-08-19 12:13:04.404,0.60,0.00,36,0.0,13.9,0.000,-0.0,20,HAYIR,HAYIR
2026-08-19 12:13:04.424,0.60,0.00,36,0.0,13.9,0.000,-0.0,19,HAYIR,HAYIR
2026-08-19 12:13:04.445,0.60,0.00,36,0.0,14.0,0.000,-0.0,19,HAYIR,HAYIR
2026-08-19 12:13:04.464,0.60,0.00,36,0.0,14.0,0.000,-0.0,18,HAYIR,HAYIR
2026-08-19 12:13:04.484,0.60,0.00,36,0.0,14.0,0.000,-0.0,18,HAYIR,HAYIR
2026-08-19 12:13:04.504,0.60,0.00,36,0.0,14.0,0.000,-0.0,17,HAYIR,HAYIR
2026-08-19 12:13:04.524,0.60,0.00,36,0.0,14.0,0.000,-0.0,17,HAYIR,HAYIR
2026-08-19 12:13:04.544,0.60,0.00,36,0.0,14.1,0.000,-0.0,16,HAYIR,HAYIR
2026-08-19 12:13:04.565,0.60,0.00,36,0.0,14.1,0.000,-0.0,16,HAYIR,HAYIR
2026-08-19 12:13:04.584,0.60,1.12,28,0.0,0.0,0.000,-0.0,15,HAYIR,HAYIR
2026-08-19 12:13:04.605,0.60,1.12,28,0.0,0.0,0.000,-0.0,14,HAYIR,HAYIR
2026-08-19 12:13:04.625,0.60,1.12,28,0.0,0.0,0.000,-0.0,14,HAYIR,HAYIR
2026-08-19 12:13:04.645,0.60,1.12,28,0.0,0.0,0.000,-0.0,13,HAYIR,HAYIR
2026-08-19 12:13:04.664,0.57,1.12,28,0.0,0.0,0.000,-0.0,13,HAYIR,HAYIR
2026-08-19 12:13:04.684,0.57,1.12,28,0.0,0.0,0.000,-0.0,12,HAYIR,HAYIR
2026-08-19 12:13:04.704,0.55,1.12,28,0.0,0.0,0.000,-0.0,12,HAYIR,HAYIR
2026-08-19 12:13:04.724,0.55,1.12,28,0.0,0.0,0.000,-0.0,11,HAYIR,HAYIR
2026-08-19 12:13:04.744,0.55,1.12,28,0.0,0.0,0.000,-0.0,10,HAYIR,HAYIR
2026-08-19 12:13:04.764,0.52,1.12,28,0.0,0.0,0.000,-0.0,10,HAYIR,HAYIR
2026-08-19 12:13:04.784,0.00,1.12,0,0.0,0.0,0.000,0.0,9,EVET,HAYIR
2026-08-19 12:13:04.804,0.50,1.12,28,0.0,0.0,0.000,-0.0,9,HAYIR,HAYIR
2026-08-19 12:13:04.825,0.50,1.12,28,0.0,0.0,0.000,-0.0,8,HAYIR,HAYIR
2026-08-19 12:13:04.844,0.50,1.12,28,0.0,0.0,0.000,-0.0,8,HAYIR,HAYIR
2026-08-19 12:13:04.864,0.47,1.12,28,0.0,0.0,0.000,-0.0,7,HAYIR,HAYIR
2026-08-19 12:13:04.884,0.00,1.12,0,0.0,0.0,0.000,0.0,7,EVET,HAYIR
2026-08-19 12:13:04.904,0.45,1.11,28,0.0,0.0,0.000,-0.0,6,HAYIR,HAYIR
2026-08-19 12:13:04.925,0.45,1.11,28,0.0,0.0,0.000,-0.0,5,HAYIR,HAYIR
2026-08-19 12:13:04.945,0.45,1.11,28,0.0,0.0,0.000,-0.0,5,HAYIR,HAYIR
2026-08-19 12:13:04.965,0.42,1.11,28,0.0,0.0,0.000,-0.0,4,HAYIR,HAYIR
2026-08-19 12:13:04.984,0.00,1.11,0,0.0,0.0,0.000,0.0,4,EVET,HAYIR
2026-08-19 12:13:05.005,0.40,1.11,28,0.0,0.0,0.000,-0.0,3,HAYIR,HAYIR
2026-08-19 12:13:05.025,0.40,1.11,28,0.0,0.0,0.000,-0.0,3,HAYIR,HAYIR
2026-08-19 12:13:05.045,0.40,1.11,28,0.0,0.0,0.000,-0.0,2,HAYIR,HAYIR
2026-08-19 12:13:05.065,0.37,1.11,28,0.0,0.0,0.000,-0.0,2,HAYIR,HAYIR
2026-08-19 12:13:05.085,0.37,1.11,28,0.0,0.0,0.000,-0.0,1,HAYIR,HAYIR
2026-08-19 12:13:05.105,0.35,1.11,28,0.0,0.0,0.000,-0.0,0,HAYIR,HAYIR
2026-08-19 12:13:05.125,0.35,1.11,28,0.0,0.0,0.000,-0.0,0,HAYIR,HAYIR
2026-08-19 12:13:05.145,0.35,1.11,28,0.0,0.0,0.000,-0.0,0,HAYIR,HAYIR
2026-08-19 12:13:05.165,0.32,1.11,28,0.0,0.0,0.000,-0.0,0,HAYIR,HAYIR
2026-08-19 12:13:05.185,0.32,1.11,28,0.0,0.0,0.000,-0.0,0,HAYIR,HAYIR
2026-08-19 12:13:05.204,0.30,1.11,28,0.0,0.0,0.000,-0.0,0,HAYIR,HAYIR
2026-08-19 12:13:05.225,0.30,1.13,28,0.0,0.0,0.000,-0.0,0,HAYIR,HAYIR
2026-08-19 12:13:05.245,0.30,1.13,28,0.0,0.0,0.000,-0.0,0,HAYIR,HAYIR
2026-08-19 12:13:05.264,0.27,1.13,28,0.0,0.0,0.000,-0.0,0,HAYIR,HAYIR
2026-08-19 12:13:05.284,0.27,1.13,28,0.0,0.0,0.000,-0.0,0,HAYIR,HAYIR
2026-08-19 12:13:05.304,0.25,1.13,28,0.0,0.0,0.000,-0.0,0,HAYIR,HAYIR
2026-08-19 12:13:05.324,0.25,1.13,28,0.0,0.0,0.000,-0.0,0,HAYIR,HAYIR
2026-08-19 12:13:05.344,0.25,1.13,28,0.0,0.0,0.000,-0.0,0,HAYIR,HAYIR
2026-08-19 12:13:05.364,0.22,1.13,28,0.0,0.0,0.000,-0.0,0,HAYIR,HAYIR
2026-08-19 12:13:05.384,0.22,1.13,28,0.0,0.0,0.000,-0.0,0,HAYIR,HAYIR
2026-08-19 12:13:05.404,0.20,1.13,28,0.0,0.0,0.000,-0.0,0,HAYIR,HAYIR
2026-08-19 12:13:05.425,0.20,1.13,28,0.0,0.0,0.000,-0.0,0,HAYIR,HAYIR
2026-08-19 12:13:05.445,0.20,1.13,28,0.0,0.0,0.000,-0.0,0,HAYIR,HAYIR
2026-08-19 12:13:05.464,0.17,1.13,28,0.0,0.0,0.000,-0.0,0,HAYIR,HAYIR
2026-08-19 12:13:05.484,0.17,1.13,28,0.0,0.0,0.000,-0.0,0,HAYIR,HAYIR
2026-08-19 12:13:05.504,0.15,1.13,28,0.0,0.0,0.000,-0.0,0,HAYIR,HAYIR
2026-08-19 12:13:05.524,0.15,1.13,28,0.0,0.0,0.000,-0.0,0,HAYIR,HAYIR
2026-08-19 12:13:05.545,0.15,1.13,28,0.0,0.0,0.000,-0.0,0,HAYIR,HAYIR
2026-08-19 12:13:05.564,0.12,1.13,28,0.0,0.0,0.000,-0.0,0,HAYIR,HAYIR
2026-08-19 12:13:05.584,0.12,1.13,28,0.0,0.0,0.000,-0.0,0,HAYIR,HAYIR
2026-08-19 12:13:05.604,0.10,1.11,28,0.0,0.0,0.000,-0.0,0,HAYIR,HAYIR
2026-08-19 12:13:05.624,0.10,1.11,28,0.0,0.0,0.000,-0.0,0,HAYIR,HAYIR
2026-08-19 12:13:05.644,0.10,1.11,28,0.0,0.0,0.000,-0.0,0,HAYIR,HAYIR
2026-08-19 12:13:05.664,0.07,1.11,28,0.0,0.0,0.000,-0.0,0,HAYIR,HAYIR
2026-08-19 12:13:05.684,0.07,1.11,28,0.0,0.0,0.000,-0.0,0,HAYIR,HAYIR
2026-08-19 12:13:05.704,0.05,1.11,28,0.0,0.0,0.000,-0.0,0,HAYIR,HAYIR
2026-08-19 12:13:05.725,0.05,1.11,28,0.0,0.0,0.000,-0.0,0,HAYIR,HAYIR
2026-08-19 12:13:05.744,0.05,1.11,28,0.0,0.0,0.000,-0.0,0,HAYIR,HAYIR
2026-08-19 12:13:05.764,0.02,1.11,28,0.0,0.0,0.000,-0.0,0,HAYIR,HAYIR
2026-08-19 12:13:05.784,0.02,1.11,28,0.0,0.0,0.000,-0.0,0,HAYIR,HAYIR
2026-08-19 12:13:05.804,0.00,1.11,0,0.0,0.0,0.000,0.0,0,EVET,HAYIR
2026-08-19 12:13:05.824,0.00,1.11,0,0.0,0.0,0.000,0.0,0,EVET,HAYIR
2026-08-19 12:13:05.844,0.00,1.11,0,0.0,0.0,0.000,0.0,0,EVET,HAYIR
2026-08-19 12:13:05.864,0.00,1.11,0,0.0,0.0,0.000,0.0,0,EVET,HAYIR
2026-08-19 12:13:05.884,0.00,1.11,0,0.0,0.0,0.000,0.0,0,EVET,HAYIR
2026-08-19 12:13:05.904,0.00,1.11,0,0.0,0.0,0.000,0.0,0,EVET,HAYIR
2026-08-19 12:13:05.924,0.00,1.07,0,0.0,0.0,0.000,0.0,0,EVET,HAYIR
2026-08-19 12:13:05.944,0.00,1.07,0,0.0,0.0,0.000,0.0,0,EVET,HAYIR
2026-08-19 12:13:05.964,0.00,1.07,0,0.0,0.0,0.000,0.0,0,EVET,HAYIR
2026-08-19 12:13:05.984,0.00,1.07,0,0.0,0.0,0.000,0.0,0,EVET,HAYIR
2026-08-19 12:13:06.004,0.00,1.07,0,0.0,0.0,0.000,0.0,0,EVET,HAYIR
2026-08-19 12:13:06.024,0.00,1.07,0,0.0,0.0,0.000,0.0,0,EVET,HAYIR
2026-08-19 12:13:06.044,0.00,1.07,0,0.0,0.0,0.000,0.0,0,EVET,HAYIR
2026-08-19 12:13:06.064,0.00,1.07,0,0.0,0.0,0.000,0.0,0,EVET,HAYIR
2026-08-19 12:13:06.084,0.00,1.07,0,0.0,0.0,0.000,0.0,0,EVET,HAYIR
2026-08-19 12:13:06.104,0.00,1.07,0,0.0,0.0,0.000,0.0,0,EVET,HAYIR
2026-08-19 12:13:06.125,0.00,1.07,0,0.0,0.0,0.000,0.0,0,EVET,HAYIR
2026-08-19 12:13:06.145,0.00,1.07,0,0.0,0.0,0.000,0.0,0,EVET,HAYIR
2026-08-19 12:13:06.164,0.00,1.07,0,0.0,0.0,0.000,0.0,0,EVET,HAYIR
2026-08-19 12:13:06.184,0.00,1.07,0,0.0,0.0,0.000,0.0,0,EVET,HAYIR
2026-08-19 12:13:06.204,0.00,1.07,0,0.0,0.0,0.000,0.0,0,EVET,HAYIR
2026-08-19 12:13:06.224,0.00,1.07,0,0.0,0.0,0.000,0.0,0,EVET,HAYIR
2026-08-19 12:13:06.245,0.00,0.97,0,0.0,0.0,0.000,0.0,0,EVET,HAYIR
2026-08-19 12:13:06.264,0.00,0.97,0,0.0,0.0,0.000,0.0,0,EVET,HAYIR
2026-08-19 12:13:06.284,0.00,0.97,0,0.0,0.0,0.000,0.0,0,EVET,HAYIR
2026-08-19 12:13:06.305,0.00,0.97,0,0.0,0.0,0.000,0.0,0,EVET,HAYIR
2026-08-19 12:13:06.325,0.00,0.97,0,0.0,0.0,0.000,0.0,0,EVET,HAYIR
2026-08-19 12:13:06.345,0.00,0.97,0,0.0,0.0,0.000,0.0,0,EVET,HAYIR
2026-08-19 12:13:06.364,0.00,0.97,0,0.0,0.0,0.000,0.0,0,EVET,HAYIR
2026-08-19 12:13:06.385,0.00,0.97,0,0.0,0.0,0.000,0.0,0,EVET,HAYIR
2026-08-19 12:13:06.404,0.00,0.97,0,0.0,0.0,0.000,0.0,0,EVET,HAYIR
2026-08-19 12:13:06.425,0.00,0.97,0,0.0,0.0,0.000,0.0,0,EVET,HAYIR
2026-08-19 12:13:06.445,0.00,0.97,0,0.0,0.0,0.000,0.0,0,EVET,HAYIR
2026-08-19 12:13:06.465,0.00,0.97,0,0.0,0.0,0.000,0.0,0,EVET,HAYIR
2026-08-19 12:13:06.484,0.00,0.97,0,0.0,0.0,0.000,0.0,0,EVET,HAYIR
2026-08-19 12:13:06.504,0.00,0.97,0,0.0,0.0,0.000,0.0,0,EVET,HAYIR
2026-08-19 12:13:06.524,0.00,0.97,0,0.0,0.0,0.000,0.0,0,EVET,HAYIR
2026-08-19 12:13:06.544,0.00,0.97,0,0.0,0.0,0.000,0.0,0,EVET,HAYIR
2026-08-19 12:13:06.565,0.00,0.83,0,0.0,0.0,0.000,0.0,0,EVET,HAYIR
2026-08-19 12:13:06.585,0.00,0.83,0,0.0,0.0,0.000,0.0,0,EVET,HAYIR
2026-08-19 12:13:06.604,0.00,0.83,0,0.0,0.0,0.000,0.0,0,EVET,HAYIR
2026-08-19 12:13:06.625,0.00,0.83,0,0.0,0.0,0.000,0.0,0,EVET,HAYIR
2026-08-19 12:13:06.645,0.00,0.83,0,0.0,0.0,0.000,0.0,0,EVET,HAYIR
2026-08-19 12:13:06.665,0.00,0.83,0,0.0,0.0,0.000,0.0,0,EVET,HAYIR
2026-08-19 12:13:06.685,0.00,0.83,0,0.0,0.0,0.000,0.0,0,EVET,HAYIR
2026-08-19 12:13:06.705,0.00,0.83,0,0.0,0.0,0.000,0.0,0,EVET,HAYIR
2026-08-19 12:13:06.725,0.00,0.83,0,0.0,0.0,0.000,0.0,0,EVET,HAYIR
2026-08-19 12:13:06.745,0.00,0.83,0,0.0,0.0,0.000,0.0,0,EVET,HAYIR
2026-08-19 12:13:06.765,0.00,0.83,0,0.0,0.0,0.000,0.0,0,EVET,HAYIR
2026-08-19 12:13:06.784,0.00,0.83,0,0.0,0.0,0.000,0.0,0,EVET,HAYIR
2026-08-19 12:13:06.804,0.00,0.83,0,0.0,0.0,0.000,0.0,0,EVET,HAYIR
2026-08-19 12:13:06.824,0.00,0.83,0,0.0,0.0,0.000,0.0,0,EVET,HAYIR
2026-08-19 12:13:06.845,0.00,0.83,0,0.0,0.0,0.000,0.0,0,EVET,HAYIR
2026-08-19 12:13:06.864,0.00,0.83,0,0.0,0.0,0.000,0.0,0,EVET,HAYIR
2026-08-19 12:13:06.884,0.00,0.67,0,0.0,0.0,0.000,0.0,0,EVET,HAYIR
2026-08-19 12:13:06.904,0.00,0.67,0,0.0,0.0,0.000,0.0,0,EVET,HAYIR
2026-08-19 12:13:06.925,0.00,0.67,0,0.0,0.0,0.000,0.0,0,EVET,HAYIR
2026-08-19 12:13:06.945,0.00,0.67,0,0.0,0.0,0.000,0.0,0,EVET,HAYIR
2026-08-19 12:13:06.965,0.00,0.67,0,0.0,0.0,0.000,0.0,0,EVET,HAYIR
2026-08-19 12:13:06.984,0.00,0.67,0,0.0,0.0,0.000,0.0,0,EVET,HAYIR
2026-08-19 12:13:07.004,0.00,0.67,0,0.0,0.0,0.000,0.0,0,EVET,HAYIR
2026-08-19 12:13:07.024,0.00,0.67,0,0.0,0.0,0.000,0.0,0,EVET,HAYIR
2026-08-19 12:13:07.045,0.00,0.67,0,0.0,0.0,0.000,0.0,0,EVET,HAYIR
2026-08-19 12:13:07.064,0.00,0.67,0,0.0,0.0,0.000,0.0,0,EVET,HAYIR
2026-08-19 12:13:07.084,0.00,0.67,0,0.0,0.0,0.000,0.0,0,EVET,HAYIR
2026-08-19 12:13:07.105,0.00,0.67,0,0.0,0.0,0.000,0.0,0,EVET,HAYIR
2026-08-19 12:13:07.125,0.00,0.67,0,0.0,0.0,0.000,0.0,0,EVET,HAYIR
2026-08-19 12:13:07.145,0.00,0.67,0,0.0,0.0,0.000,0.0,0,EVET,HAYIR
2026-08-19 12:13:07.165,0.00,0.67,0,0.0,0.0,0.000,0.0,0,EVET,HAYIR
2026-08-19 12:13:07.184,0.00,0.67,0,0.0,0.0,0.000,0.0,0,EVET,HAYIR
2026-08-19 12:13:07.204,0.00,0.67,0,0.0,0.0,0.000,0.0,0,EVET,HAYIR
2026-08-19 12:13:07.225,0.00,0.67,0,0.0,0.0,0.000,0.0,0,EVET,HAYIR
2026-08-19 12:13:07.244,0.00,0.67,0,0.0,0.0,0.000,0.0,0,EVET,HAYIR
2026-08-19 12:13:07.264,0.00,0.50,0,0.0,0.0,0.000,0.0,0,EVET,HAYIR
2026-08-19 12:13:07.284,0.00,0.50,0,0.0,0.0,0.000,0.0,0,EVET,HAYIR
2026-08-19 12:13:07.304,0.00,0.50,0,0.0,0.0,0.000,0.0,0,EVET,HAYIR
2026-08-19 12:13:07.325,0.00,0.50,0,0.0,0.0,0.000,0.0,0,EVET,HAYIR
2026-08-19 12:13:07.344,0.00,0.50,0,0.0,0.0,0.000,0.0,0,EVET,HAYIR
2026-08-19 12:13:07.364,0.00,0.50,0,0.0,0.0,0.000,0.0,0,EVET,HAYIR
2026-08-19 12:13:07.384,0.00,0.50,0,0.0,0.0,0.000,0.0,0,EVET,HAYIR
2026-08-19 12:13:07.404,0.00,0.50,0,0.0,0.0,0.000,0.0,0,EVET,HAYIR
2026-08-19 12:13:07.424,0.00,0.50,0,0.0,0.0,0.000,0.0,0,EVET,HAYIR
2026-08-19 12:13:07.445,0.00,0.50,0,0.0,0.0,0.000,0.0,0,EVET,HAYIR
2026-08-19 12:13:07.464,0.00,0.50,0,0.0,0.0,0.000,0.0,0,EVET,HAYIR
2026-08-19 12:13:07.484,0.00,0.50,0,0.0,0.0,0.000,0.0,0,EVET,HAYIR
2026-08-19 12:13:07.505,0.00,0.50,0,0.0,0.0,0.000,0.0,0,EVET,HAYIR
2026-08-19 12:13:07.524,0.00,0.50,0,0.0,0.0,0.000,0.0,0,EVET,HAYIR
2026-08-19 12:13:07.545,0.00,0.50,0,0.0,0.0,0.000,0.0,0,EVET,HAYIR
2026-08-19 12:13:07.564,0.00,0.50,0,0.0,0.0,0.000,0.0,0,EVET,HAYIR
2026-08-19 12:13:07.584,0.00,0.35,0,0.0,0.0,0.000,0.0,0,EVET,HAYIR
2026-08-19 12:13:07.604,0.00,0.35,0,0.0,0.0,0.000,0.0,0,EVET,HAYIR
2026-08-19 12:13:07.624,0.00,0.35,0,0.0,0.0,0.000,0.0,0,EVET,HAYIR
2026-08-19 12:13:07.645,0.00,0.35,0,0.0,0.0,0.000,0.0,0,EVET,HAYIR
2026-08-19 12:13:07.665,0.00,0.35,0,0.0,0.0,0.000,0.0,0,EVET,HAYIR
2026-08-19 12:13:07.685,0.00,0.35,0,0.0,0.0,0.000,0.0,0,EVET,HAYIR
2026-08-19 12:13:07.704,0.00,0.35,0,0.0,0.0,0.000,0.0,0,EVET,HAYIR
2026-08-19 12:13:07.725,0.00,0.35,0,0.0,0.0,0.000,0.0,0,EVET,HAYIR
2026-08-19 12:13:07.745,0.00,0.35,0,0.0,0.0,0.000,0.0,0,EVET,HAYIR
2026-08-19 12:13:07.764,0.00,0.35,0,0.0,0.0,0.000,0.0,0,EVET,HAYIR
2026-08-19 12:13:07.784,0.00,0.35,0,0.0,0.0,0.000,0.0,0,EVET,HAYIR
2026-08-19 12:13:07.804,0.00,0.35,0,0.0,0.0,0.000,0.0,0,EVET,HAYIR
2026-08-19 12:13:07.824,0.00,0.35,0,0.0,0.0,0.000,0.0,0,EVET,HAYIR
2026-08-19 12:13:07.845,0.00,0.35,0,0.0,0.0,0.000,0.0,0,EVET,HAYIR
2026-08-19 12:13:07.864,0.00,0.35,0,0.0,0.0,0.000,0.0,0,EVET,HAYIR
2026-08-19 12:13:07.884,0.00,0.35,0,0.0,0.0,0.000,0.0,0,EVET,HAYIR
2026-08-19 12:13:07.904,0.00,0.25,0,0.0,0.0,0.000,0.0,0,EVET,HAYIR
2026-08-19 12:13:07.925,0.00,0.25,0,0.0,0.0,0.000,0.0,0,EVET,HAYIR
2026-08-19 12:13:07.945,0.00,0.25,0,0.0,0.0,0.000,0.0,0,EVET,HAYIR
2026-08-19 12:13:07.964,0.00,0.25,0,0.0,0.0,0.000,0.0,0,EVET,HAYIR
2026-08-19 12:13:07.984,0.00,0.25,0,0.0,0.0,0.000,0.0,0,EVET,HAYIR
2026-08-19 12:13:08.004,0.00,0.25,0,0.0,0.0,0.000,0.0,0,EVET,HAYIR
2026-08-19 12:13:08.025,0.00,0.25,0,0.0,0.0,0.000,0.0,0,EVET,HAYIR
2026-08-19 12:13:08.045,0.00,0.25,0,0.0,0.0,0.000,0.0,0,EVET,HAYIR
2026-08-19 12:13:08.065,0.00,0.25,0,0.0,0.0,0.000,0.0,0,EVET,HAYIR
2026-08-19 12:13:08.084,0.00,0.25,0,0.0,0.0,0.000,0.0,0,EVET,HAYIR
2026-08-19 12:13:08.104,0.00,0.25,0,0.0,0.0,0.000,0.0,0,EVET,HAYIR
2026-08-19 12:13:08.125,0.00,0.25,0,0.0,0.0,0.000,0.0,0,EVET,HAYIR
2026-08-19 12:13:08.145,0.00,0.25,0,0.0,0.0,0.000,0.0,0,EVET,HAYIR
2026-08-19 12:13:08.164,0.00,0.25,0,0.0,0.0,0.000,0.0,0,EVET,HAYIR
2026-08-19 12:13:08.184,0.00,0.25,0,0.0,0.0,0.000,0.0,0,EVET,HAYIR
2026-08-19 12:13:08.204,0.00,0.25,0,0.0,0.0,0.000,0.0,0,EVET,HAYIR
2026-08-19 12:13:08.224,0.00,0.25,0,0.0,0.0,0.000,0.0,0,EVET,HAYIR
2026-08-19 12:13:08.245,0.00,0.17,0,0.0,0.0,0.000,0.0,0,EVET,HAYIR
2026-08-19 12:13:08.264,0.00,0.17,0,0.0,0.0,0.000,0.0,0,EVET,HAYIR
2026-08-19 12:13:08.284,0.00,0.17,0,0.0,0.0,0.000,0.0,0,EVET,HAYIR
2026-08-19 12:13:08.304,0.00,0.17,0,0.0,0.0,0.000,0.0,0,EVET,HAYIR
2026-08-19 12:13:08.325,0.00,0.17,0,0.0,0.0,0.000,0.0,0,EVET,HAYIR
2026-08-19 12:13:08.345,0.00,0.17,0,0.0,0.0,0.000,0.0,0,EVET,HAYIR
2026-08-19 12:13:08.365,0.00,0.17,0,0.0,0.0,0.000,0.0,0,EVET,HAYIR
2026-08-19 12:13:08.384,0.00,0.17,0,0.0,0.0,0.000,0.0,0,EVET,HAYIR
2026-08-19 12:13:08.404,0.00,0.17,0,0.0,0.0,0.000,0.0,0,EVET,HAYIR
2026-08-19 12:13:08.424,0.00,0.17,0,0.0,0.0,0.000,0.0,0,EVET,HAYIR
2026-08-19 12:13:08.445,0.00,0.17,0,0.0,0.0,0.000,0.0,0,EVET,HAYIR
2026-08-19 12:13:08.464,0.00,0.17,0,0.0,0.0,0.000,0.0,0,EVET,HAYIR
2026-08-19 12:13:08.484,0.00,0.17,0,0.0,0.0,0.000,0.0,0,EVET,HAYIR
2026-08-19 12:13:08.504,0.00,0.17,0,0.0,0.0,0.000,0.0,0,EVET,HAYIR
2026-08-19 12:13:08.524,0.00,0.17,0,0.0,0.0,0.000,0.0,0,EVET,HAYIR
2026-08-19 12:13:08.544,0.00,0.17,0,0.0,0.0,0.000,0.0,0,EVET,HAYIR
2026-08-19 12:13:08.564,0.00,0.12,0,0.0,0.0,0.000,0.0,0,EVET,HAYIR
2026-08-19 12:13:08.584,0.00,0.12,0,0.0,0.0,0.000,0.0,0,EVET,HAYIR
2026-08-19 12:13:08.604,0.00,0.12,0,0.0,0.0,0.000,0.0,0,EVET,HAYIR
2026-08-19 12:13:08.624,0.00,0.12,0,0.0,0.0,0.000,0.0,0,EVET,HAYIR
2026-08-19 12:13:08.645,0.00,0.12,0,0.0,0.0,0.000,0.0,0,EVET,HAYIR
2026-08-19 12:13:08.665,0.00,0.12,0,0.0,0.0,0.000,0.0,0,EVET,HAYIR
2026-08-19 12:13:08.684,0.00,0.12,0,0.0,0.0,0.000,0.0,0,EVET,HAYIR
2026-08-19 12:13:08.705,0.00,0.12,0,0.0,0.0,0.000,0.0,0,EVET,HAYIR
2026-08-19 12:13:08.725,0.00,0.12,0,0.0,0.0,0.000,0.0,0,EVET,HAYIR
2026-08-19 12:13:08.745,0.00,0.12,0,0.0,0.0,0.000,0.0,0,EVET,HAYIR
2026-08-19 12:13:08.764,0.00,0.12,0,0.0,0.0,0.000,0.0,0,EVET,HAYIR
2026-08-19 12:13:08.784,0.00,0.12,0,0.0,0.0,0.000,0.0,0,EVET,HAYIR
2026-08-19 12:13:08.804,0.00,0.12,0,0.0,0.0,0.000,0.0,0,EVET,HAYIR
2026-08-19 12:13:08.824,0.00,0.12,0,0.0,0.0,0.000,0.0,0,EVET,HAYIR
2026-08-19 12:13:08.844,0.00,0.12,0,0.0,0.0,0.000,0.0,0,EVET,HAYIR
2026-08-19 12:13:08.864,0.00,0.12,0,0.0,0.0,0.000,0.0,0,EVET,HAYIR
2026-08-19 12:13:08.884,0.00,0.08,0,0.0,0.0,0.000,0.0,0,EVET,HAYIR
2026-08-19 12:13:08.904,0.00,0.08,0,0.0,0.0,0.000,0.0,0,EVET,HAYIR
2026-08-19 12:13:08.924,0.00,0.08,0,0.0,0.0,0.000,0.0,0,EVET,HAYIR
2026-08-19 12:13:08.944,0.00,0.08,0,0.0,0.0,0.000,0.0,0,EVET,HAYIR
2026-08-19 12:13:08.964,0.00,0.08,0,0.0,0.0,0.000,0.0,0,EVET,HAYIR
2026-08-19 12:13:08.984,0.00,0.08,0,0.0,0.0,0.000,0.0,0,EVET,HAYIR
2026-08-19 12:13:09.004,0.00,0.08,0,0.0,0.0,0.000,0.0,0,EVET,HAYIR
2026-08-19 12:13:09.024,0.00,0.08,0,0.0,0.0,0.000,0.0,0,EVET,HAYIR
2026-08-19 12:13:09.044,0.00,0.08,0,0.0,0.0,0.000,0.0,0,EVET,HAYIR
2026-08-19 12:13:09.064,0.00,0.08,0,0.0,0.0,0.000,0.0,0,EVET,HAYIR
2026-08-19 12:13:09.084,0.00,0.08,0,0.0,0.0,0.000,0.0,0,EVET,HAYIR
2026-08-19 12:13:09.104,0.00,0.08,0,0.0,0.0,0.000,0.0,0,EVET,HAYIR
2026-08-19 12:13:09.125,0.00,0.08,0,0.0,0.0,0.000,0.0,0,EVET,HAYIR
2026-08-19 12:13:09.145,0.00,0.08,0,0.0,0.0,0.000,0.0,0,EVET,HAYIR
2026-08-19 12:13:09.164,0.00,0.08,0,0.0,0.0,0.000,0.0,0,EVET,HAYIR
2026-08-19 12:13:09.184,0.00,0.08,0,0.0,0.0,0.000,0.0,0,EVET,HAYIR
2026-08-19 12:13:09.204,0.00,0.08,0,0.0,0.0,0.000,0.0,0,EVET,HAYIR
2026-08-19 12:13:09.224,0.00,0.08,0,0.0,0.0,0.000,0.0,0,EVET,HAYIR
2026-08-19 12:13:09.245,0.00,0.08,0,0.0,0.0,0.000,0.0,0,EVET,HAYIR
2026-08-19 12:13:09.264,0.00,0.06,0,0.0,0.0,0.000,0.0,0,HAYIR,HAYIR
2026-08-19 12:13:09.284,0.00,0.06,0,0.0,0.0,0.000,0.0,0,HAYIR,HAYIR
2026-08-19 12:13:09.304,0.00,0.06,0,0.0,0.0,0.000,0.0,0,HAYIR,HAYIR
2026-08-19 12:13:09.324,0.00,0.06,0,0.0,0.0,0.000,0.0,0,HAYIR,HAYIR
2026-08-19 12:13:09.345,0.00,0.06,0,0.0,0.0,0.000,0.0,0,HAYIR,HAYIR
2026-08-19 12:13:09.364,0.00,0.06,0,0.0,0.0,0.000,0.0,0,HAYIR,HAYIR
2026-08-19 12:13:09.384,0.00,0.06,0,0.0,0.0,0.000,0.0,0,HAYIR,HAYIR
2026-08-19 12:13:09.404,0.00,0.06,0,0.0,0.0,0.000,0.0,0,HAYIR,HAYIR
2026-08-19 12:13:09.424,0.00,0.06,0,0.0,0.0,0.000,0.0,0,HAYIR,HAYIR
2026-08-19 12:13:09.445,0.00,0.06,0,0.0,0.0,0.000,0.0,0,HAYIR,HAYIR
2026-08-19 12:13:09.464,0.00,0.06,0,0.0,0.0,0.000,0.0,0,HAYIR,HAYIR
2026-08-19 12:13:09.484,0.00,0.06,0,0.0,0.0,0.000,0.0,0,HAYIR,HAYIR
2026-08-19 12:13:09.504,0.00,0.06,0,0.0,0.0,0.000,0.0,0,HAYIR,HAYIR
2026-08-19 12:13:09.525,0.00,0.06,0,0.0,0.0,0.000,0.0,0,HAYIR,HAYIR
2026-08-19 12:13:09.545,0.00,0.06,0,0.0,0.0,0.000,0.0,0,HAYIR,HAYIR
2026-08-19 12:13:09.565,0.00,0.06,0,0.0,0.0,0.000,0.0,0,HAYIR,HAYIR
2026-08-19 12:13:09.584,0.00,0.04,0,0.0,0.0,0.000,0.0,0,HAYIR,HAYIR
2026-08-19 12:13:09.604,0.00,0.04,0,0.0,0.0,0.000,0.0,0,HAYIR,HAYIR
2026-08-19 12:13:09.625,0.00,0.04,0,0.0,0.0,0.000,0.0,0,HAYIR,HAYIR
2026-08-19 12:13:09.645,0.00,0.04,0,0.0,0.0,0.000,0.0,0,HAYIR,HAYIR
2026-08-19 12:13:09.664,0.00,0.04,0,0.0,0.0,0.000,0.0,0,HAYIR,HAYIR
2026-08-19 12:13:09.684,0.00,0.04,0,0.0,0.0,0.000,0.0,0,HAYIR,HAYIR
2026-08-19 12:13:09.705,0.00,0.04,0,0.0,0.0,0.000,0.0,0,HAYIR,HAYIR
2026-08-19 12:13:09.725,0.00,0.04,0,0.0,0.0,0.000,0.0,0,HAYIR,HAYIR
2026-08-19 12:13:09.745,0.00,0.04,0,0.0,0.0,0.000,0.0,0,HAYIR,HAYIR
2026-08-19 12:13:09.764,0.00,0.04,0,0.0,0.0,0.000,0.0,0,HAYIR,HAYIR
2026-08-19 12:13:09.784,0.00,0.04,0,0.0,0.0,0.000,0.0,0,HAYIR,HAYIR
2026-08-19 12:13:09.804,0.00,0.04,0,0.0,0.0,0.000,0.0,0,HAYIR,HAYIR
2026-08-19 12:13:09.824,0.00,0.04,0,0.0,0.0,0.000,0.0,0,HAYIR,HAYIR
2026-08-19 12:13:09.845,0.00,0.04,0,0.0,0.0,0.000,0.0,0,HAYIR,HAYIR
2026-08-19 12:13:09.864,0.00,0.04,0,0.0,0.0,0.000,0.0,0,HAYIR,HAYIR
2026-08-19 12:13:09.884,0.00,0.04,0,0.0,0.0,0.000,0.0,0,HAYIR,HAYIR
2026-08-19 12:13:09.904,0.00,0.03,0,0.0,0.0,0.000,0.0,0,HAYIR,HAYIR
2026-08-19 12:13:09.924,0.00,0.03,0,0.0,0.0,0.000,0.0,0,HAYIR,HAYIR
2026-08-19 12:13:09.944,0.00,0.03,0,0.0,0.0,0.000,0.0,0,HAYIR,HAYIR
2026-08-19 12:13:09.964,0.00,0.03,0,0.0,0.0,0.000,0.0,0,HAYIR,HAYIR
2026-08-19 12:13:09.984,0.00,0.03,0,0.0,0.0,0.000,0.0,0,HAYIR,HAYIR
2026-08-19 12:13:10.004,0.00,0.03,0,0.0,0.0,0.000,0.0,0,HAYIR,HAYIR
2026-08-19 12:13:10.024,0.00,0.03,0,0.0,0.0,0.000,0.0,0,HAYIR,HAYIR
2026-08-19 12:13:10.045,0.00,0.03,0,0.0,0.0,0.000,0.0,0,HAYIR,HAYIR
2026-08-19 12:13:10.064,0.00,0.03,0,0.0,0.0,0.000,0.0,0,HAYIR,HAYIR
2026-08-19 12:13:10.084,0.00,0.03,0,0.0,0.0,0.000,0.0,0,HAYIR,HAYIR
2026-08-19 12:13:10.104,0.00,0.03,0,0.0,0.0,0.000,0.0,0,HAYIR,HAYIR
2026-08-19 12:13:10.125,0.00,0.03,0,0.0,0.0,0.000,0.0,0,HAYIR,HAYIR
2026-08-19 12:13:10.145,0.00,0.03,0,0.0,0.0,0.000,0.0,0,HAYIR,HAYIR
2026-08-19 12:13:10.164,0.00,0.03,0,0.0,0.0,0.000,0.0,0,HAYIR,HAYIR
2026-08-19 12:13:10.184,0.00,0.03,0,0.0,0.0,0.000,0.0,0,HAYIR,HAYIR
2026-08-19 12:13:10.204,0.00,0.03,0,0.0,0.0,0.000,0.0,0,HAYIR,HAYIR
2026-08-19 12:13:10.224,0.00,0.02,0,0.0,0.0,0.000,0.0,0,HAYIR,HAYIR
2026-08-19 12:13:10.244,0.00,0.02,0,0.0,0.0,0.000,0.0,0,HAYIR,HAYIR
2026-08-19 12:13:10.264,0.00,0.02,0,0.0,0.0,0.000,0.0,0,HAYIR,HAYIR
2026-08-19 12:13:10.284,0.00,0.02,0,0.0,0.0,0.000,0.0,0,HAYIR,HAYIR
2026-08-19 12:13:10.304,0.00,0.02,0,0.0,0.0,0.000,0.0,0,HAYIR,HAYIR
2026-08-19 12:13:10.325,0.00,0.02,0,0.0,0.0,0.000,0.0,0,HAYIR,HAYIR
2026-08-19 12:13:10.345,0.00,0.02,0,0.0,0.0,0.000,0.0,0,HAYIR,HAYIR
2026-08-19 12:13:10.364,0.00,0.02,0,0.0,0.0,0.000,0.0,0,HAYIR,HAYIR
2026-08-19 12:13:10.384,0.00,0.02,0,0.0,0.0,0.000,0.0,0,HAYIR,HAYIR
2026-08-19 12:13:10.404,0.00,0.02,0,0.0,0.0,0.000,0.0,0,HAYIR,HAYIR
2026-08-19 12:13:10.424,0.00,0.02,0,0.0,0.0,0.000,0.0,0,HAYIR,HAYIR
2026-08-19 12:13:10.444,0.00,0.02,0,0.0,0.0,0.000,0.0,0,HAYIR,HAYIR
2026-08-19 12:13:10.464,0.00,0.02,0,0.0,0.0,0.000,0.0,0,HAYIR,HAYIR
2026-08-19 12:13:10.484,0.00,0.02,0,0.0,0.0,0.000,0.0,0,HAYIR,HAYIR
2026-08-19 12:13:10.504,0.00,0.02,0,0.0,0.0,0.000,0.0,0,HAYIR,HAYIR
2026-08-19 12:13:10.524,0.00,0.02,0,0.0,0.0,0.000,0.0,0,HAYIR,HAYIR
2026-08-19 12:13:10.544,0.00,0.01,0,0.0,0.0,0.000,0.0,0,HAYIR,HAYIR
2026-08-19 12:13:10.565,0.00,0.01,0,0.0,0.0,0.000,0.0,0,HAYIR,HAYIR
2026-08-19 12:13:10.585,0.00,0.01,0,0.0,0.0,0.000,0.0,0,HAYIR,HAYIR
2026-08-19 12:13:10.605,0.00,0.01,0,0.0,0.0,0.000,0.0,0,HAYIR,HAYIR
2026-08-19 12:13:10.625,0.00,0.01,0,0.0,0.0,0.000,0.0,0,HAYIR,HAYIR
2026-08-19 12:13:10.645,0.00,0.01,0,0.0,0.0,0.000,0.0,0,HAYIR,HAYIR
2026-08-19 12:13:10.665,0.00,0.01,0,0.0,0.0,0.000,0.0,0,HAYIR,HAYIR
2026-08-19 12:13:10.685,0.00,0.01,0,0.0,0.0,0.000,0.0,0,HAYIR,HAYIR
2026-08-19 12:13:10.705,0.00,0.01,0,0.0,0.0,0.000,0.0,0,HAYIR,HAYIR
2026-08-19 12:13:10.725,0.00,0.01,0,0.0,0.0,0.000,0.0,0,HAYIR,HAYIR
2026-08-19 12:13:10.745,0.00,0.01,0,0.0,0.0,0.000,0.0,0,HAYIR,HAYIR
2026-08-19 12:13:10.765,0.03,0.01,28,0.0,0.0,0.050,-160.0,-1,HAYIR,HAYIR
2026-08-19 12:13:10.785,0.03,0.01,28,0.0,0.0,0.050,-160.0,-1,HAYIR,HAYIR
2026-08-19 12:13:10.804,0.05,0.01,28,0.0,0.1,0.100,-160.0,-2,HAYIR,HAYIR
2026-08-19 12:13:10.825,0.05,0.01,28,0.0,0.1,0.100,-160.0,-2,HAYIR,HAYIR
2026-08-19 12:13:10.845,0.05,0.01,28,0.0,0.1,0.100,-160.0,-3,HAYIR,HAYIR
2026-08-19 12:13:10.864,0.08,0.01,29,0.0,0.1,0.150,-160.0,-3,HAYIR,HAYIR
2026-08-19 12:13:10.884,0.08,0.01,29,0.0,0.1,0.150,-160.0,-4,HAYIR,HAYIR
2026-08-19 12:13:10.904,0.10,0.01,29,0.0,0.2,0.193,-160.0,-4,HAYIR,HAYIR
2026-08-19 12:13:10.924,0.10,0.01,29,0.0,0.2,0.193,-160.0,-5,HAYIR,HAYIR
2026-08-19 12:13:10.945,0.10,0.01,29,0.0,0.2,0.193,-160.0,-6,HAYIR,HAYIR
2026-08-19 12:13:10.964,0.12,0.01,29,0.0,0.2,0.143,-160.0,-6,HAYIR,HAYIR
2026-08-19 12:13:10.985,0.12,0.01,29,0.0,0.2,0.143,-160.0,-7,HAYIR,HAYIR
2026-08-19 12:13:11.004,0.15,0.01,29,0.0,0.3,0.141,-160.0,-7,HAYIR,HAYIR
2026-08-19 12:13:11.024,0.15,0.01,29,0.0,0.3,0.141,-160.0,-8,HAYIR,HAYIR
2026-08-19 12:13:11.045,0.15,0.01,29,0.0,0.3,0.141,-160.0,-8,HAYIR,HAYIR
2026-08-19 12:13:11.065,0.17,0.01,29,0.0,0.3,0.141,-160.0,-9,HAYIR,HAYIR
2026-08-19 12:13:11.084,0.17,0.01,29,0.0,0.3,0.141,-160.0,-10,HAYIR,HAYIR
2026-08-19 12:13:11.105,0.20,0.01,29,0.0,0.4,0.191,-160.0,-10,HAYIR,HAYIR
2026-08-19 12:13:11.125,0.20,0.01,29,0.0,0.4,0.191,-160.0,-11,HAYIR,HAYIR
2026-08-19 12:13:11.145,0.20,0.01,29,0.0,0.4,0.191,-160.0,-11,HAYIR,HAYIR
2026-08-19 12:13:11.165,0.22,0.01,29,0.0,0.4,0.193,-160.0,-12,HAYIR,HAYIR
2026-08-19 12:13:11.185,0.22,0.01,29,0.0,0.4,0.193,-160.0,-12,HAYIR,HAYIR
2026-08-19 12:13:11.204,0.25,0.01,29,0.0,0.5,0.193,-160.0,-13,HAYIR,HAYIR
2026-08-19 12:13:11.224,0.25,0.01,29,0.0,0.5,0.193,-160.0,-13,HAYIR,HAYIR
2026-08-19 12:13:11.244,0.25,0.01,30,0.0,0.5,0.193,-160.0,-14,HAYIR,HAYIR
2026-08-19 12:13:11.265,0.27,0.01,29,0.0,0.5,0.193,-160.0,-15,HAYIR,HAYIR
2026-08-19 12:13:11.284,0.27,0.01,29,0.0,0.5,0.193,-160.0,-15,HAYIR,HAYIR
2026-08-19 12:13:11.304,0.30,0.01,30,0.0,0.6,0.149,-160.0,-16,HAYIR,HAYIR
2026-08-19 12:13:11.324,0.30,0.01,30,0.0,0.6,0.149,-160.0,-16,HAYIR,HAYIR
2026-08-19 12:13:11.344,0.30,0.01,30,0.0,0.6,0.149,-160.0,-17,HAYIR,HAYIR
2026-08-19 12:13:11.364,0.33,0.01,30,0.0,0.6,0.149,-160.0,-17,HAYIR,HAYIR
2026-08-19 12:13:11.384,0.33,0.01,30,0.0,0.6,0.149,-160.0,-18,HAYIR,HAYIR
2026-08-19 12:13:11.405,0.35,0.01,30,0.0,0.7,0.149,-160.0,-18,HAYIR,HAYIR
2026-08-19 12:13:11.424,0.35,0.01,30,0.0,0.7,0.149,-160.0,-19,HAYIR,HAYIR
2026-08-19 12:13:11.444,0.35,0.01,30,0.0,0.7,0.149,-160.0,-20,HAYIR,HAYIR
2026-08-19 12:13:11.464,0.38,0.01,30,0.0,0.7,0.149,-159.0,-20,HAYIR,HAYIR
2026-08-19 12:13:11.484,0.38,0.01,30,0.0,0.7,0.149,-159.0,-21,HAYIR,HAYIR
2026-08-19 12:13:11.505,0.40,0.01,30,0.0,0.8,0.193,-160.0,-21,HAYIR,HAYIR
2026-08-19 12:13:11.525,0.40,0.01,30,0.0,0.8,0.193,-160.0,-22,HAYIR,HAYIR
2026-08-19 12:13:11.545,0.40,0.01,30,0.0,0.8,0.193,-160.0,-22,HAYIR,HAYIR
2026-08-19 12:13:11.564,0.43,0.00,30,0.0,0.8,0.193,-160.0,-23,HAYIR,HAYIR
2026-08-19 12:13:11.585,0.43,0.00,30,0.0,0.8,0.193,-160.0,-24,HAYIR,HAYIR
2026-08-19 12:13:11.604,0.45,0.00,30,0.0,0.9,0.174,-155.3,-24,HAYIR,HAYIR
2026-08-19 12:13:11.625,0.45,0.00,30,0.0,0.9,0.174,-155.3,-25,HAYIR,HAYIR
2026-08-19 12:13:11.645,0.45,0.00,30,0.0,0.9,0.174,-155.3,-25,HAYIR,HAYIR
2026-08-19 12:13:11.665,0.48,0.00,30,0.0,0.9,0.174,-148.5,-26,HAYIR,HAYIR
2026-08-19 12:13:11.685,0.48,0.00,30,0.0,0.9,0.174,-148.5,-26,HAYIR,HAYIR
2026-08-19 12:13:11.705,0.50,0.00,30,0.0,1.0,0.174,-142.3,-27,HAYIR,HAYIR
2026-08-19 12:13:11.725,0.50,0.00,31,0.0,1.0,0.174,-142.3,-27,HAYIR,HAYIR
2026-08-19 12:13:11.745,0.50,0.00,31,0.0,1.0,0.174,-142.3,-28,HAYIR,HAYIR
2026-08-19 12:13:11.765,0.53,0.00,31,0.0,1.0,0.174,-136.5,-29,HAYIR,HAYIR
2026-08-19 12:13:11.785,0.53,0.00,31,0.0,1.0,0.174,-136.5,-29,HAYIR,HAYIR
2026-08-19 12:13:11.804,0.55,0.00,31,0.0,1.1,0.193,-143.5,-30,HAYIR,HAYIR
2026-08-19 12:13:11.825,0.55,0.00,31,0.0,1.1,0.193,-143.5,-30,HAYIR,HAYIR
2026-08-19 12:13:11.845,0.55,0.00,31,0.0,1.1,0.193,-143.5,-31,HAYIR,HAYIR
2026-08-19 12:13:11.865,0.58,0.00,31,0.0,1.1,0.143,-106.0,-31,HAYIR,HAYIR
2026-08-19 12:13:11.884,0.58,0.00,31,0.0,1.1,0.143,-106.0,-32,HAYIR,HAYIR
2026-08-19 12:13:11.905,0.60,0.00,31,0.0,1.2,0.128,-92.3,-32,HAYIR,HAYIR
2026-08-19 12:13:11.925,0.60,0.00,31,0.0,1.2,0.128,-92.3,-33,HAYIR,HAYIR
2026-08-19 12:13:11.945,0.60,0.00,31,0.0,1.2,0.128,-92.3,-34,HAYIR,HAYIR
2026-08-19 12:13:11.964,0.60,0.00,31,0.0,1.2,0.113,-82.0,-34,HAYIR,HAYIR
2026-08-19 12:13:11.984,0.60,0.00,31,0.0,1.2,0.113,-82.0,-35,HAYIR,HAYIR
2026-08-19 12:13:12.004,0.60,0.00,31,0.0,1.3,0.113,-82.0,-35,HAYIR,HAYIR
2026-08-19 12:13:12.024,0.60,0.00,31,0.0,1.3,0.113,-82.0,-36,HAYIR,HAYIR
2026-08-19 12:13:12.044,0.60,0.00,31,0.0,1.3,0.113,-82.0,-36,HAYIR,HAYIR
2026-08-19 12:13:12.064,0.60,0.00,31,0.0,1.3,0.113,-82.0,-37,HAYIR,HAYIR
2026-08-19 12:13:12.084,0.60,0.00,31,0.0,1.3,0.113,-82.0,-38,HAYIR,HAYIR
2026-08-19 12:13:12.104,0.60,0.00,31,0.0,1.4,0.128,-92.4,-38,HAYIR,HAYIR
2026-08-19 12:13:12.125,0.60,0.00,31,0.0,1.4,0.128,-92.4,-39,HAYIR,HAYIR
2026-08-19 12:13:12.144,0.60,0.00,31,0.0,1.4,0.128,-92.4,-39,HAYIR,HAYIR
2026-08-19 12:13:12.164,0.60,0.00,31,0.0,1.4,0.128,-92.4,-40,HAYIR,HAYIR
2026-08-19 12:13:12.184,0.60,0.00,31,0.0,1.4,0.128,-92.4,-40,HAYIR,HAYIR
2026-08-19 12:13:12.204,0.60,0.00,31,0.0,1.5,0.128,-92.3,-41,HAYIR,HAYIR
2026-08-19 12:13:12.224,0.60,0.00,31,0.0,1.5,0.128,-92.3,-41,HAYIR,HAYIR
2026-08-19 12:13:12.245,0.60,0.00,31,0.0,1.5,0.128,-92.3,-42,HAYIR,HAYIR
2026-08-19 12:13:12.265,0.60,0.00,32,0.0,1.5,0.119,-85.7,-43,HAYIR,HAYIR
2026-08-19 12:13:12.284,0.60,0.00,32,0.0,1.5,0.119,-85.7,-43,HAYIR,HAYIR
2026-08-19 12:13:12.304,0.60,0.00,32,0.1,1.6,0.119,-85.7,-44,HAYIR,HAYIR
2026-08-19 12:13:12.324,0.60,0.00,32,0.1,1.6,0.119,-85.7,-44,HAYIR,HAYIR
2026-08-19 12:13:12.345,0.60,0.00,32,0.1,1.6,0.119,-85.7,-45,HAYIR,HAYIR
2026-08-19 12:13:12.364,0.60,0.00,32,0.1,1.6,0.119,-85.7,-45,HAYIR,HAYIR
2026-08-19 12:13:12.385,0.60,0.00,32,0.1,1.6,0.119,-85.7,-46,HAYIR,HAYIR
2026-08-19 12:13:12.404,0.60,0.00,32,0.1,1.7,0.128,-92.3,-46,HAYIR,HAYIR
2026-08-19 12:13:12.424,0.60,0.00,32,0.1,1.7,0.128,-92.3,-47,HAYIR,HAYIR
2026-08-19 12:13:12.445,0.60,0.00,32,0.1,1.7,0.128,-92.3,-48,HAYIR,HAYIR
2026-08-19 12:13:12.465,0.60,0.00,32,0.1,1.7,0.128,-92.3,-48,HAYIR,HAYIR
2026-08-19 12:13:12.484,0.60,0.00,32,0.2,1.7,0.128,-92.3,-49,HAYIR,HAYIR
2026-08-19 12:13:12.504,0.60,0.00,32,0.2,1.8,0.129,-92.5,-49,HAYIR,HAYIR
2026-08-19 12:13:12.525,0.60,0.00,32,0.2,1.8,0.129,-92.5,-50,HAYIR,HAYIR
2026-08-19 12:13:12.545,0.60,0.00,32,0.2,1.8,0.129,-92.5,-50,HAYIR,HAYIR
2026-08-19 12:13:12.564,0.60,0.00,32,0.2,1.8,0.129,-92.5,-51,HAYIR,HAYIR
2026-08-19 12:13:12.585,0.60,0.00,32,0.2,1.8,0.129,-92.5,-52,HAYIR,HAYIR
2026-08-19 12:13:12.604,0.60,0.00,32,0.2,1.9,0.128,-92.4,-52,HAYIR,HAYIR
2026-08-19 12:13:12.624,0.60,0.00,32,0.2,1.9,0.128,-92.4,-53,HAYIR,HAYIR
2026-08-19 12:13:12.645,0.60,0.00,32,0.2,1.9,0.128,-92.4,-53,HAYIR,HAYIR
2026-08-19 12:13:12.665,0.60,0.00,32,0.2,1.9,0.111,-80.3,-54,HAYIR,HAYIR
2026-08-19 12:13:12.684,0.60,0.00,33,0.2,1.9,0.111,-80.3,-54,HAYIR,HAYIR
2026-08-19 12:13:12.705,0.60,0.00,33,0.2,2.0,0.111,-80.3,-55,HAYIR,HAYIR
2026-08-19 12:13:12.725,0.60,0.00,33,0.2,2.0,0.111,-80.3,-55,HAYIR,HAYIR
2026-08-19 12:13:12.745,0.60,0.00,33,0.3,2.0,0.111,-80.3,-56,HAYIR,HAYIR
2026-08-19 12:13:12.765,0.60,0.00,33,0.3,2.0,0.111,-80.3,-57,HAYIR,HAYIR
2026-08-19 12:13:12.785,0.60,0.00,33,0.3,2.0,0.111,-80.3,-57,HAYIR,HAYIR
2026-08-19 12:13:12.804,0.60,0.00,33,0.3,2.1,0.129,-92.5,-58,HAYIR,HAYIR
2026-08-19 12:13:12.824,0.60,0.00,33,0.3,2.1,0.129,-92.5,-58,HAYIR,HAYIR
2026-08-19 12:13:12.844,0.60,0.00,33,0.3,2.1,0.129,-92.5,-59,HAYIR,HAYIR
2026-08-19 12:13:12.864,0.60,0.00,33,0.3,2.1,0.129,-92.5,-59,HAYIR,HAYIR
2026-08-19 12:13:12.884,0.60,0.00,33,0.3,2.1,0.129,-92.5,-60,HAYIR,HAYIR
2026-08-19 12:13:12.905,0.60,0.00,33,0.3,2.2,0.129,-92.5,-60,HAYIR,HAYIR
2026-08-19 12:13:12.925,0.60,0.00,33,0.3,2.2,0.129,-92.5,-61,HAYIR,HAYIR
2026-08-19 12:13:12.945,0.60,0.00,33,0.4,2.2,0.129,-92.5,-62,HAYIR,HAYIR
2026-08-19 12:13:12.964,0.60,0.00,33,0.4,2.2,0.125,-89.9,-62,HAYIR,HAYIR
2026-08-19 12:13:12.985,0.60,0.00,33,0.4,2.2,0.125,-89.9,-63,HAYIR,HAYIR
2026-08-19 12:13:13.004,0.60,0.00,33,0.4,2.3,0.125,-89.9,-63,HAYIR,HAYIR
2026-08-19 12:13:13.024,0.60,0.00,33,0.4,2.3,0.125,-89.9,-64,HAYIR,HAYIR
2026-08-19 12:13:13.044,0.60,0.00,33,0.4,2.3,0.125,-89.9,-64,HAYIR,HAYIR
2026-08-19 12:13:13.064,0.60,0.00,33,0.4,2.3,0.125,-89.9,-65,HAYIR,HAYIR
2026-08-19 12:13:13.084,0.60,0.00,33,0.4,2.3,0.125,-89.9,-66,HAYIR,HAYIR
2026-08-19 12:13:13.104,0.60,0.00,34,0.4,2.4,0.129,-92.6,-66,HAYIR,HAYIR
2026-08-19 12:13:13.124,0.60,0.00,34,0.5,2.4,0.129,-92.6,-67,HAYIR,HAYIR
2026-08-19 12:13:13.144,0.60,0.00,34,0.5,2.4,0.129,-92.6,-67,HAYIR,HAYIR
2026-08-19 12:13:13.164,0.60,0.00,34,0.5,2.4,0.129,-92.6,-68,HAYIR,HAYIR
2026-08-19 12:13:13.184,0.60,0.00,34,0.5,2.4,0.129,-92.6,-68,HAYIR,HAYIR
2026-08-19 12:13:13.204,0.60,0.00,34,0.5,2.5,0.129,-92.6,-69,HAYIR,HAYIR
2026-08-19 12:13:13.224,0.60,0.00,34,0.5,2.5,0.129,-92.6,-69,HAYIR,HAYIR
2026-08-19 12:13:13.245,0.60,0.00,34,0.5,2.5,0.129,-92.6,-70,HAYIR,HAYIR
2026-08-19 12:13:13.265,0.60,0.00,34,0.5,2.5,0.126,-90.9,-71,HAYIR,HAYIR
2026-08-19 12:13:13.284,0.60,0.00,34,0.5,2.5,0.126,-90.9,-71,HAYIR,HAYIR
2026-08-19 12:13:13.305,0.60,0.00,34,0.5,2.6,0.126,-90.9,-72,HAYIR,HAYIR
2026-08-19 12:13:13.325,0.60,0.00,34,0.5,2.6,0.126,-90.9,-72,HAYIR,HAYIR
2026-08-19 12:13:13.345,0.60,0.00,34,0.5,2.6,0.126,-90.9,-73,HAYIR,HAYIR
2026-08-19 12:13:13.364,0.60,0.00,34,0.5,2.6,0.126,-90.9,-73,HAYIR,HAYIR
2026-08-19 12:13:13.385,0.60,0.00,34,0.6,2.6,0.126,-90.9,-74,HAYIR,HAYIR
2026-08-19 12:13:13.404,0.60,0.00,34,0.6,2.7,0.129,-92.6,-74,HAYIR,HAYIR
2026-08-19 12:13:13.424,0.60,0.00,34,0.6,2.7,0.129,-92.6,-75,HAYIR,HAYIR
2026-08-19 12:13:13.444,0.60,0.00,34,0.6,2.7,0.129,-92.6,-76,HAYIR,HAYIR
2026-08-19 12:13:13.464,0.60,0.00,34,0.6,2.7,0.129,-92.6,-76,HAYIR,HAYIR
2026-08-19 12:13:13.484,0.60,0.00,34,0.6,2.7,0.129,-92.6,-77,HAYIR,HAYIR
2026-08-19 12:13:13.505,0.60,0.00,34,0.6,2.8,0.129,-92.7,-77,HAYIR,HAYIR
2026-08-19 12:13:13.524,0.60,0.00,35,0.6,2.8,0.129,-92.7,-78,HAYIR,HAYIR
2026-08-19 12:13:13.544,0.60,0.00,35,0.6,2.8,0.129,-92.7,-78,HAYIR,HAYIR
2026-08-19 12:13:13.564,0.60,0.00,35,0.7,2.8,0.129,-92.7,-79,HAYIR,HAYIR
2026-08-19 12:13:13.585,0.60,0.00,35,0.7,2.8,0.129,-92.7,-80,HAYIR,HAYIR
2026-08-19 12:13:13.604,0.60,0.00,35,0.7,2.9,0.126,-90.7,-80,HAYIR,HAYIR
2026-08-19 12:13:13.625,0.60,0.00,35,0.7,2.9,0.126,-90.7,-81,HAYIR,HAYIR
2026-08-19 12:13:13.645,0.60,0.00,35,0.7,2.9,0.126,-90.7,-81,HAYIR,HAYIR
2026-08-19 12:13:13.665,0.60,0.00,35,0.7,2.9,0.126,-90.7,-82,HAYIR,HAYIR
2026-08-19 12:13:13.685,0.60,0.00,35,0.7,2.9,0.126,-90.7,-82,HAYIR,HAYIR
2026-08-19 12:13:13.705,0.60,0.00,35,0.7,3.0,0.126,-90.7,-83,HAYIR,HAYIR
2026-08-19 12:13:13.724,0.60,0.00,35,0.7,3.0,0.126,-90.7,-83,HAYIR,HAYIR
2026-08-19 12:13:13.744,0.60,0.00,35,0.7,3.0,0.126,-90.7,-84,HAYIR,HAYIR
2026-08-19 12:13:13.764,0.60,0.00,35,0.8,3.0,0.126,-90.7,-85,HAYIR,HAYIR
2026-08-19 12:13:13.785,0.60,0.00,35,0.8,3.0,0.126,-90.7,-85,HAYIR,HAYIR
2026-08-19 12:13:13.805,0.60,0.00,35,0.8,3.1,0.129,-92.8,-86,HAYIR,HAYIR
2026-08-19 12:13:13.825,0.60,0.00,35,0.8,3.1,0.129,-92.8,-86,HAYIR,HAYIR
2026-08-19 12:13:13.845,0.60,0.00,35,0.8,3.1,0.129,-92.8,-87,HAYIR,HAYIR
2026-08-19 12:13:13.865,0.60,0.00,35,0.8,3.1,0.129,-92.8,-87,HAYIR,HAYIR
2026-08-19 12:13:13.884,0.60,0.00,35,0.8,3.1,0.129,-92.8,-88,HAYIR,HAYIR
2026-08-19 12:13:13.904,0.60,0.00,35,0.8,3.2,0.129,-92.8,-88,HAYIR,HAYIR
2026-08-19 12:13:13.925,0.60,0.00,35,0.8,3.2,0.129,-92.8,-89,HAYIR,HAYIR
2026-08-19 12:13:13.945,0.60,0.00,36,0.8,3.2,0.129,-92.8,-90,HAYIR,HAYIR
2026-08-19 12:13:13.964,0.60,0.00,36,0.8,3.2,0.128,-92.4,-90,HAYIR,HAYIR
2026-08-19 12:13:13.984,0.60,0.00,36,0.8,3.2,0.128,-92.4,-91,HAYIR,HAYIR
2026-08-19 12:13:14.004,0.60,0.00,36,0.8,3.3,0.128,-92.4,-91,HAYIR,HAYIR
2026-08-19 12:13:14.024,0.60,0.00,36,0.9,3.3,0.128,-92.4,-92,HAYIR,HAYIR
2026-08-19 12:13:14.044,0.60,0.00,36,0.9,3.3,0.128,-92.4,-92,HAYIR,HAYIR
2026-08-19 12:13:14.065,0.60,0.00,36,0.9,3.3,0.128,-92.4,-92,HAYIR,HAYIR
2026-08-19 12:13:14.084,0.60,0.00,36,0.9,3.3,0.128,-92.4,-92,HAYIR,HAYIR
2026-08-19 12:13:14.105,0.60,0.00,36,0.9,3.4,0.129,-92.9,-93,HAYIR,HAYIR
2026-08-19 12:13:14.125,0.60,0.00,36,0.9,3.4,0.129,-92.9,-93,HAYIR,HAYIR
2026-08-19 12:13:14.145,0.60,0.00,36,0.9,3.4,0.129,-92.9,-93,HAYIR,HAYIR
2026-08-19 12:13:14.164,0.60,0.00,36,0.9,3.4,0.129,-92.9,-93,HAYIR,HAYIR
2026-08-19 12:13:14.185,0.60,0.00,36,0.9,3.4,0.129,-92.9,-93,HAYIR,HAYIR
2026-08-19 12:13:14.204,0.60,0.00,36,0.9,3.5,0.130,-93.1,-93,HAYIR,HAYIR
2026-08-19 12:13:14.224,0.60,0.00,36,0.9,3.5,0.130,-93.1,-93,HAYIR,HAYIR
2026-08-19 12:13:14.245,0.60,0.00,36,0.9,3.5,0.130,-93.1,-93,HAYIR,HAYIR
2026-08-19 12:13:14.265,0.60,-0.01,36,0.9,3.5,0.130,-93.1,-93,HAYIR,HAYIR
2026-08-19 12:13:14.284,0.60,-0.01,36,0.9,3.5,0.130,-93.1,-93,HAYIR,HAYIR
2026-08-19 12:13:14.305,0.60,-0.01,36,0.9,3.6,0.129,-92.6,-93,HAYIR,HAYIR
2026-08-19 12:13:14.325,0.60,-0.01,36,0.9,3.6,0.129,-92.6,-93,HAYIR,HAYIR
2026-08-19 12:13:14.345,0.60,-0.01,36,0.9,3.6,0.129,-92.6,-93,HAYIR,HAYIR
2026-08-19 12:13:14.365,0.60,-0.01,36,0.9,3.6,0.129,-92.6,-93,HAYIR,HAYIR
2026-08-19 12:13:14.385,0.60,-0.01,36,0.9,3.6,0.129,-92.6,-93,HAYIR,HAYIR
2026-08-19 12:13:14.405,0.60,-0.01,36,0.9,3.7,0.129,-92.6,-93,HAYIR,HAYIR
2026-08-19 12:13:14.424,0.60,-0.01,36,0.9,3.7,0.129,-92.6,-93,HAYIR,HAYIR
2026-08-19 12:13:14.445,0.60,-0.01,36,0.9,3.7,0.129,-92.6,-93,HAYIR,HAYIR
2026-08-19 12:13:14.465,0.60,-0.01,36,0.9,3.7,0.129,-92.6,-93,HAYIR,HAYIR
2026-08-19 12:13:14.484,0.60,-0.01,36,0.9,3.7,0.129,-92.6,-93,HAYIR,HAYIR
2026-08-19 12:13:14.504,0.60,-0.01,36,0.9,3.8,0.130,-93.2,-93,HAYIR,HAYIR
2026-08-19 12:13:14.525,0.60,-0.01,36,0.9,3.8,0.130,-93.2,-93,HAYIR,HAYIR
2026-08-19 12:13:14.545,0.60,-0.01,36,0.9,3.8,0.130,-93.2,-93,HAYIR,HAYIR
2026-08-19 12:13:14.564,0.60,-0.01,36,0.9,3.8,0.130,-93.2,-93,HAYIR,HAYIR
2026-08-19 12:13:14.585,0.60,-0.01,36,0.9,3.8,0.130,-93.2,-93,HAYIR,HAYIR
2026-08-19 12:13:14.604,0.60,-0.01,36,0.9,3.9,0.130,-93.2,-93,HAYIR,HAYIR
2026-08-19 12:13:14.625,0.60,-0.01,36,0.9,3.9,0.130,-93.2,-93,HAYIR,HAYIR
2026-08-19 12:13:14.645,0.60,-0.01,36,0.9,3.9,0.130,-93.2,-93,HAYIR,HAYIR
2026-08-19 12:13:14.665,0.60,-0.01,36,0.9,3.9,0.130,-93.2,-93,HAYIR,HAYIR
2026-08-19 12:13:14.685,0.60,-0.01,36,0.9,3.9,0.130,-93.2,-93,HAYIR,HAYIR
2026-08-19 12:13:14.705,0.60,-0.01,36,0.9,4.0,0.130,-93.2,-93,HAYIR,HAYIR
2026-08-19 12:13:14.725,0.60,-0.01,36,0.9,4.0,0.130,-93.2,-93,HAYIR,HAYIR
2026-08-19 12:13:14.744,0.60,-0.01,36,0.9,4.0,0.130,-93.2,-93,HAYIR,HAYIR
2026-08-19 12:13:14.764,0.60,-0.01,36,0.9,4.0,0.130,-93.2,-93,HAYIR,HAYIR
2026-08-19 12:13:14.784,0.60,-0.01,36,0.9,4.0,0.130,-93.2,-93,HAYIR,HAYIR
2026-08-19 12:13:14.804,0.60,-0.01,36,0.9,4.1,0.130,-93.2,-93,HAYIR,HAYIR
2026-08-19 12:13:14.824,0.60,-0.01,36,0.9,4.1,0.130,-93.2,-93,HAYIR,HAYIR
2026-08-19 12:13:14.844,0.60,-0.01,36,0.9,4.1,0.130,-93.2,-93,HAYIR,HAYIR
2026-08-19 12:13:14.865,0.60,-0.01,36,0.9,4.1,0.130,-93.2,-93,HAYIR,HAYIR
2026-08-19 12:13:14.885,0.60,-0.01,36,0.9,4.1,0.130,-93.2,-93,HAYIR,HAYIR
2026-08-19 12:13:14.905,0.60,-0.00,36,0.9,4.2,0.130,-93.2,-93,HAYIR,HAYIR
2026-08-19 12:13:14.924,0.60,-0.00,36,0.9,4.2,0.130,-93.2,-93,HAYIR,HAYIR
2026-08-19 12:13:14.945,0.60,-0.00,36,0.9,4.2,0.130,-93.2,-93,HAYIR,HAYIR
2026-08-19 12:13:14.964,0.60,-0.00,36,0.9,4.2,0.130,-93.6,-94,HAYIR,HAYIR
2026-08-19 12:13:14.985,0.60,-0.00,36,0.9,4.2,0.130,-93.6,-94,HAYIR,HAYIR
2026-08-19 12:13:15.004,0.60,-0.00,36,0.9,4.3,0.130,-93.6,-94,HAYIR,HAYIR
2026-08-19 12:13:15.024,0.60,-0.00,36,0.9,4.3,0.130,-93.6,-94,HAYIR,HAYIR
2026-08-19 12:13:15.044,0.60,-0.00,36,0.9,4.3,0.130,-93.6,-94,HAYIR,HAYIR
2026-08-19 12:13:15.064,0.60,-0.00,36,0.9,4.3,0.130,-93.6,-94,HAYIR,HAYIR
2026-08-19 12:13:15.084,0.60,-0.00,36,0.9,4.3,0.130,-93.6,-94,HAYIR,HAYIR
2026-08-19 12:13:15.104,0.60,-0.00,36,0.9,4.4,0.130,-93.1,-93,HAYIR,HAYIR
2026-08-19 12:13:15.124,0.60,-0.00,36,0.9,4.4,0.130,-93.1,-93,HAYIR,HAYIR
2026-08-19 12:13:15.145,0.60,-0.00,36,0.9,4.4,0.130,-93.1,-93,HAYIR,HAYIR
2026-08-19 12:13:15.164,0.60,-0.00,36,0.9,4.4,0.130,-93.1,-93,HAYIR,HAYIR
2026-08-19 12:13:15.184,0.60,-0.00,36,0.9,4.4,0.130,-93.1,-93,HAYIR,HAYIR
2026-08-19 12:13:15.204,0.60,-0.00,36,0.9,4.5,0.129,-93.1,-93,HAYIR,HAYIR
2026-08-19 12:13:15.224,0.60,-0.00,36,0.9,4.5,0.129,-93.1,-93,HAYIR,HAYIR
2026-08-19 12:13:15.245,0.60,-0.00,36,0.9,4.5,0.129,-93.1,-93,HAYIR,HAYIR
2026-08-19 12:13:15.265,0.60,-0.00,36,0.9,4.5,0.130,-93.6,-94,HAYIR,HAYIR
2026-08-19 12:13:15.284,0.60,-0.00,36,0.9,4.5,0.130,-93.6,-94,HAYIR,HAYIR
2026-08-19 12:13:15.305,0.60,-0.00,36,0.9,4.6,0.130,-93.6,-94,HAYIR,HAYIR
2026-08-19 12:13:15.325,0.60,-0.00,36,0.9,4.6,0.130,-93.6,-94,HAYIR,HAYIR
2026-08-19 12:13:15.344,0.60,-0.00,36,0.9,4.6,0.130,-93.6,-94,HAYIR,HAYIR
2026-08-19 12:13:15.364,0.60,-0.00,36,0.9,4.6,0.130,-93.6,-94,HAYIR,HAYIR
2026-08-19 12:13:15.385,0.60,-0.00,36,0.9,4.6,0.130,-93.6,-94,HAYIR,HAYIR
2026-08-19 12:13:15.404,0.60,-0.00,36,0.9,4.7,0.130,-93.1,-93,HAYIR,HAYIR
2026-08-19 12:13:15.424,0.60,-0.00,36,0.9,4.7,0.130,-93.1,-93,HAYIR,HAYIR
2026-08-19 12:13:15.444,0.60,-0.00,36,0.9,4.7,0.130,-93.1,-93,HAYIR,HAYIR
2026-08-19 12:13:15.465,0.60,-0.00,36,0.9,4.7,0.130,-93.1,-93,HAYIR,HAYIR
2026-08-19 12:13:15.485,0.60,-0.00,36,0.9,4.7,0.130,-93.1,-93,HAYIR,HAYIR
2026-08-19 12:13:15.504,0.60,-0.00,36,0.9,4.8,0.129,-93.0,-93,HAYIR,HAYIR
2026-08-19 12:13:15.525,0.60,-0.00,36,0.9,4.8,0.129,-93.0,-93,HAYIR,HAYIR
2026-08-19 12:13:15.544,0.60,-0.00,36,0.9,4.8,0.129,-93.0,-93,HAYIR,HAYIR
2026-08-19 12:13:15.564,0.60,-0.00,36,0.9,4.8,0.129,-93.0,-93,HAYIR,HAYIR
2026-08-19 12:13:15.584,0.60,-0.00,36,0.9,4.8,0.129,-93.0,-93,HAYIR,HAYIR
2026-08-19 12:13:15.604,0.60,-0.00,36,0.9,4.9,0.130,-93.5,-94,HAYIR,HAYIR
2026-08-19 12:13:15.624,0.60,-0.00,36,0.9,4.9,0.130,-93.5,-94,HAYIR,HAYIR
2026-08-19 12:13:15.644,0.60,-0.00,36,0.9,4.9,0.130,-93.5,-94,HAYIR,HAYIR
2026-08-19 12:13:15.664,0.60,-0.00,36,0.9,4.9,0.130,-93.5,-94,HAYIR,HAYIR
2026-08-19 12:13:15.684,0.60,-0.00,36,0.9,4.9,0.130,-93.5,-94,HAYIR,HAYIR
2026-08-19 12:13:15.704,0.60,-0.00,36,0.9,5.0,0.130,-93.5,-94,HAYIR,HAYIR
2026-08-19 12:13:15.725,0.60,-0.00,36,0.9,5.0,0.130,-93.5,-94,HAYIR,HAYIR
2026-08-19 12:13:15.744,0.60,-0.00,36,0.9,5.0,0.130,-93.5,-94,HAYIR,HAYIR
2026-08-19 12:13:15.764,0.60,-0.00,36,0.9,5.0,0.130,-93.5,-94,HAYIR,HAYIR
2026-08-19 12:13:15.784,0.60,-0.00,36,0.9,5.0,0.130,-93.5,-94,HAYIR,HAYIR
2026-08-19 12:13:15.804,0.60,-0.00,36,0.9,5.1,0.129,-93.0,-93,HAYIR,HAYIR
2026-08-19 12:13:15.825,0.60,-0.00,36,0.9,5.1,0.129,-93.0,-93,HAYIR,HAYIR
2026-08-19 12:13:15.845,0.60,-0.00,36,0.9,5.1,0.129,-93.0,-93,HAYIR,HAYIR
2026-08-19 12:13:15.864,0.60,-0.00,36,0.9,5.1,0.129,-93.0,-93,HAYIR,HAYIR
2026-08-19 12:13:15.885,0.60,-0.00,36,0.9,5.1,0.129,-93.0,-93,HAYIR,HAYIR
2026-08-19 12:13:15.905,0.60,-0.00,36,0.9,5.2,0.129,-93.0,-93,HAYIR,HAYIR
2026-08-19 12:13:15.924,0.60,-0.00,36,0.9,5.2,0.129,-93.0,-93,HAYIR,HAYIR
2026-08-19 12:13:15.945,0.60,-0.00,36,0.9,5.2,0.129,-93.0,-93,HAYIR,HAYIR
2026-08-19 12:13:15.964,0.60,-0.00,36,0.9,5.2,0.130,-93.5,-93,HAYIR,HAYIR
2026-08-19 12:13:15.985,0.60,-0.00,36,0.9,5.2,0.130,-93.5,-93,HAYIR,HAYIR
2026-08-19 12:13:16.004,0.60,-0.00,36,0.9,5.3,0.130,-93.5,-93,HAYIR,HAYIR
2026-08-19 12:13:16.024,0.60,-0.00,36,0.9,5.3,0.130,-93.5,-93,HAYIR,HAYIR
2026-08-19 12:13:16.045,0.60,-0.00,36,0.9,5.3,0.130,-93.5,-93,HAYIR,HAYIR
2026-08-19 12:13:16.064,0.60,-0.00,36,0.9,5.3,0.130,-93.5,-93,HAYIR,HAYIR
2026-08-19 12:13:16.084,0.60,-0.00,36,0.9,5.3,0.130,-93.5,-93,HAYIR,HAYIR
2026-08-19 12:13:16.104,0.60,-0.00,36,0.9,5.4,0.130,-93.1,-93,HAYIR,HAYIR
2026-08-19 12:13:16.125,0.60,-0.00,36,0.9,5.4,0.130,-93.1,-93,HAYIR,HAYIR
2026-08-19 12:13:16.144,0.60,-0.00,36,0.9,5.4,0.130,-93.1,-93,HAYIR,HAYIR
2026-08-19 12:13:16.164,0.60,-0.00,36,0.9,5.4,0.130,-93.1,-93,HAYIR,HAYIR
2026-08-19 12:13:16.184,0.60,-0.00,36,0.9,5.4,0.130,-93.1,-93,HAYIR,HAYIR
2026-08-19 12:13:16.204,0.60,-0.00,36,0.9,5.5,0.130,-93.1,-93,HAYIR,HAYIR
2026-08-19 12:13:16.224,0.60,-0.00,36,0.9,5.5,0.130,-93.1,-93,HAYIR,HAYIR
2026-08-19 12:13:16.244,0.60,-0.00,36,0.9,5.5,0.130,-93.1,-93,HAYIR,HAYIR
2026-08-19 12:13:16.265,0.60,-0.00,36,0.9,5.5,0.130,-93.1,-93,HAYIR,HAYIR
2026-08-19 12:13:16.284,0.60,-0.00,36,0.9,5.5,0.130,-93.1,-93,HAYIR,HAYIR
2026-08-19 12:13:16.304,0.60,-0.00,36,0.9,5.6,0.130,-93.4,-93,HAYIR,HAYIR
2026-08-19 12:13:16.325,0.60,-0.00,36,0.9,5.6,0.130,-93.4,-93,HAYIR,HAYIR
2026-08-19 12:13:16.344,0.60,-0.00,36,0.9,5.6,0.130,-93.4,-93,HAYIR,HAYIR
2026-08-19 12:13:16.364,0.60,-0.00,36,0.9,5.6,0.130,-93.4,-93,HAYIR,HAYIR
2026-08-19 12:13:16.385,0.60,-0.00,36,0.9,5.6,0.130,-93.4,-93,HAYIR,HAYIR
2026-08-19 12:13:16.404,0.60,-0.00,36,0.9,5.7,0.130,-93.4,-93,HAYIR,HAYIR
2026-08-19 12:13:16.424,0.60,-0.00,36,0.9,5.7,0.130,-93.4,-93,HAYIR,HAYIR
2026-08-19 12:13:16.444,0.60,-0.00,36,0.9,5.7,0.130,-93.4,-93,HAYIR,HAYIR
2026-08-19 12:13:16.464,0.60,-0.00,36,0.9,5.7,0.130,-93.4,-93,HAYIR,HAYIR
2026-08-19 12:13:16.484,0.60,-0.00,36,0.9,5.7,0.130,-93.4,-93,HAYIR,HAYIR
2026-08-19 12:13:16.504,0.60,-0.00,36,0.9,5.8,0.129,-93.1,-93,HAYIR,HAYIR
2026-08-19 12:13:16.525,0.60,-0.00,36,0.9,5.8,0.129,-93.1,-93,HAYIR,HAYIR
2026-08-19 12:13:16.544,0.60,-0.00,36,0.9,5.8,0.129,-93.1,-93,HAYIR,HAYIR
2026-08-19 12:13:16.564,0.60,-0.00,36,0.9,5.8,0.129,-93.1,-93,HAYIR,HAYIR
2026-08-19 12:13:16.584,0.60,-0.00,36,0.9,5.8,0.129,-93.1,-93,HAYIR,HAYIR
2026-08-19 12:13:16.604,0.60,-0.00,36,0.9,5.9,0.130,-93.4,-93,HAYIR,HAYIR
2026-08-19 12:13:16.624,0.60,-0.00,36,0.9,5.9,0.130,-93.4,-93,HAYIR,HAYIR
2026-08-19 12:13:16.645,0.60,-0.00,36,0.9,5.9,0.130,-93.4,-93,HAYIR,HAYIR
2026-08-19 12:13:16.664,0.60,-0.00,36,0.9,5.9,0.130,-93.4,-93,HAYIR,HAYIR
2026-08-19 12:13:16.684,0.60,-0.00,36,0.9,5.9,0.130,-93.4,-93,HAYIR,HAYIR
2026-08-19 12:13:16.704,0.60,-0.00,36,0.9,6.0,0.130,-93.4,-93,HAYIR,HAYIR
2026-08-19 12:13:16.725,0.60,-0.00,36,0.9,6.0,0.130,-93.4,-93,HAYIR,HAYIR
2026-08-19 12:13:16.744,0.60,-0.00,36,0.9,6.0,0.130,-93.4,-93,HAYIR,HAYIR
2026-08-19 12:13:16.764,0.60,-0.00,36,0.9,6.0,0.130,-93.4,-93,HAYIR,HAYIR
2026-08-19 12:13:16.784,0.60,-0.00,36,0.9,6.0,0.130,-93.4,-93,HAYIR,HAYIR
2026-08-19 12:13:16.804,0.60,-0.00,36,0.9,6.1,0.130,-93.2,-93,HAYIR,HAYIR
2026-08-19 12:13:16.824,0.60,-0.00,36,0.9,6.1,0.130,-93.2,-93,HAYIR,HAYIR
2026-08-19 12:13:16.845,0.60,-0.00,36,0.9,6.1,0.130,-93.2,-93,HAYIR,HAYIR
2026-08-19 12:13:16.864,0.60,-0.00,36,0.9,6.1,0.130,-93.2,-93,HAYIR,HAYIR
2026-08-19 12:13:16.884,0.60,-0.00,36,0.9,6.1,0.130,-93.2,-93,HAYIR,HAYIR
2026-08-19 12:13:16.904,0.60,-0.00,36,0.9,6.2,0.130,-93.2,-93,HAYIR,HAYIR
2026-08-19 12:13:16.924,0.60,-0.00,36,0.9,6.2,0.130,-93.2,-93,HAYIR,HAYIR
2026-08-19 12:13:16.944,0.60,-0.00,36,0.9,6.2,0.130,-93.2,-93,HAYIR,HAYIR
2026-08-19 12:13:16.964,0.60,-0.00,36,0.9,6.2,0.130,-93.5,-93,HAYIR,HAYIR
2026-08-19 12:13:16.984,0.60,-0.00,36,0.9,6.2,0.130,-93.5,-93,HAYIR,HAYIR
2026-08-19 12:13:17.004,0.60,-0.00,36,0.9,6.3,0.130,-93.5,-93,HAYIR,HAYIR
2026-08-19 12:13:17.024,0.60,-0.00,36,0.9,6.3,0.130,-93.5,-93,HAYIR,HAYIR
2026-08-19 12:13:17.044,0.60,-0.00,36,0.9,6.3,0.130,-93.5,-93,HAYIR,HAYIR
2026-08-19 12:13:17.065,0.60,-0.00,36,0.9,6.3,0.130,-93.5,-93,HAYIR,HAYIR
2026-08-19 12:13:17.084,0.60,-0.00,36,0.9,6.3,0.130,-93.5,-93,HAYIR,HAYIR
2026-08-19 12:13:17.104,0.60,-0.00,36,0.9,6.4,0.130,-93.1,-93,HAYIR,HAYIR
2026-08-19 12:13:17.124,0.60,-0.00,36,0.9,6.4,0.130,-93.1,-93,HAYIR,HAYIR
2026-08-19 12:13:17.144,0.60,-0.00,36,0.9,6.4,0.130,-93.1,-93,HAYIR,HAYIR
2026-08-19 12:13:17.164,0.60,-0.00,36,0.9,6.4,0.130,-93.1,-93,HAYIR,HAYIR
2026-08-19 12:13:17.185,0.60,-0.00,36,0.9,6.4,0.130,-93.1,-93,HAYIR,HAYIR
2026-08-19 12:13:17.204,0.60,-0.00,36,0.9,6.5,0.130,-93.1,-93,HAYIR,HAYIR
2026-08-19 12:13:17.224,0.60,-0.00,36,0.9,6.5,0.130,-93.1,-93,HAYIR,HAYIR
2026-08-19 12:13:17.244,0.60,-0.00,36,0.9,6.5,0.130,-93.1,-93,HAYIR,HAYIR
2026-08-19 12:13:17.265,0.60,-0.00,36,0.9,6.5,0.130,-93.5,-94,HAYIR,HAYIR
2026-08-19 12:13:17.285,0.60,-0.00,36,0.9,6.5,0.130,-93.5,-94,HAYIR,HAYIR
2026-08-19 12:13:17.304,0.60,-0.00,36,0.9,6.6,0.130,-93.5,-94,HAYIR,HAYIR
2026-08-19 12:13:17.325,0.60,-0.00,36,0.9,6.6,0.130,-93.5,-94,HAYIR,HAYIR
2026-08-19 12:13:17.345,0.60,-0.00,36,0.9,6.6,0.130,-93.5,-94,HAYIR,HAYIR
2026-08-19 12:13:17.364,0.60,-0.00,36,0.9,6.6,0.130,-93.5,-94,HAYIR,HAYIR
2026-08-19 12:13:17.385,0.60,-0.00,36,0.9,6.6,0.130,-93.5,-94,HAYIR,HAYIR
2026-08-19 12:13:17.404,0.60,-0.00,36,0.9,6.7,0.129,-93.1,-93,HAYIR,HAYIR
2026-08-19 12:13:17.424,0.60,-0.00,36,0.9,6.7,0.129,-93.1,-93,HAYIR,HAYIR
2026-08-19 12:13:17.444,0.60,-0.00,36,0.9,6.7,0.129,-93.1,-93,HAYIR,HAYIR
2026-08-19 12:13:17.464,0.60,-0.00,36,0.9,6.7,0.129,-93.1,-93,HAYIR,HAYIR
2026-08-19 12:13:17.484,0.60,-0.00,36,0.9,6.7,0.129,-93.1,-93,HAYIR,HAYIR
2026-08-19 12:13:17.504,0.60,-0.00,36,0.9,6.8,0.129,-93.0,-93,HAYIR,HAYIR
2026-08-19 12:13:17.525,0.60,-0.00,36,0.9,6.8,0.129,-93.0,-93,HAYIR,HAYIR
2026-08-19 12:13:17.544,0.60,-0.00,36,0.9,6.8,0.129,-93.0,-93,HAYIR,HAYIR
2026-08-19 12:13:17.565,0.60,-0.00,36,0.9,6.8,0.129,-93.0,-93,HAYIR,HAYIR
2026-08-19 12:13:17.584,0.60,-0.00,36,0.9,6.8,0.129,-93.0,-93,HAYIR,HAYIR
2026-08-19 12:13:17.604,0.60,-0.00,36,0.9,6.9,0.130,-93.2,-93,HAYIR,HAYIR
2026-08-19 12:13:17.625,0.60,-0.00,36,0.9,6.9,0.130,-93.2,-93,HAYIR,HAYIR
2026-08-19 12:13:17.645,0.60,-0.00,36,0.9,6.9,0.130,-93.2,-93,HAYIR,HAYIR
2026-08-19 12:13:17.665,0.60,-0.00,36,0.9,6.9,0.129,-92.4,-93,HAYIR,HAYIR
2026-08-19 12:13:17.685,0.60,-0.00,36,0.9,6.9,0.129,-92.4,-92,HAYIR,HAYIR
2026-08-19 12:13:17.704,0.60,-0.00,36,0.9,7.0,0.129,-92.4,-92,HAYIR,HAYIR
2026-08-19 12:13:17.725,0.60,-0.00,36,0.9,7.0,0.129,-92.4,-92,HAYIR,HAYIR
2026-08-19 12:13:17.745,0.60,-0.00,36,0.9,7.0,0.129,-92.4,-92,HAYIR,HAYIR
2026-08-19 12:13:17.764,0.60,-0.00,36,0.9,7.0,0.129,-92.4,-92,HAYIR,HAYIR
2026-08-19 12:13:17.785,0.60,-0.00,36,0.9,7.0,0.129,-92.4,-92,HAYIR,HAYIR
2026-08-19 12:13:17.804,0.60,-0.00,36,0.9,7.1,0.130,-93.1,-93,HAYIR,HAYIR
2026-08-19 12:13:17.825,0.60,-0.00,36,0.9,7.1,0.130,-93.1,-93,HAYIR,HAYIR
2026-08-19 12:13:17.845,0.60,-0.00,36,0.9,7.1,0.130,-93.1,-93,HAYIR,HAYIR
2026-08-19 12:13:17.864,0.60,-0.00,36,0.9,7.1,0.130,-93.1,-93,HAYIR,HAYIR
2026-08-19 12:13:17.884,0.60,-0.00,36,0.9,7.1,0.130,-93.1,-93,HAYIR,HAYIR
2026-08-19 12:13:17.904,0.60,-0.00,36,0.9,7.2,0.130,-93.1,-93,HAYIR,HAYIR
2026-08-19 12:13:17.925,0.60,-0.00,36,0.9,7.2,0.130,-93.1,-93,HAYIR,HAYIR
2026-08-19 12:13:17.944,0.60,-0.00,36,0.9,7.2,0.130,-93.1,-93,HAYIR,HAYIR
2026-08-19 12:13:17.964,0.60,-0.00,36,0.9,7.2,0.130,-93.5,-94,HAYIR,HAYIR
2026-08-19 12:13:17.985,0.60,-0.00,36,0.9,7.2,0.130,-93.5,-94,HAYIR,HAYIR
2026-08-19 12:13:18.004,0.60,-0.00,36,0.9,7.3,0.130,-93.5,-94,HAYIR,HAYIR
2026-08-19 12:13:18.024,0.60,-0.00,36,0.9,7.3,0.130,-93.5,-94,HAYIR,HAYIR
2026-08-19 12:13:18.045,0.60,-0.00,36,0.9,7.3,0.130,-93.5,-94,HAYIR,HAYIR
2026-08-19 12:13:18.065,0.60,-0.00,36,0.9,7.3,0.130,-93.5,-94,HAYIR,HAYIR
2026-08-19 12:13:18.084,0.60,-0.00,36,0.9,7.3,0.130,-93.5,-94,HAYIR,HAYIR
2026-08-19 12:13:18.104,0.60,-0.00,36,0.9,7.4,0.130,-93.2,-93,HAYIR,HAYIR
2026-08-19 12:13:18.125,0.60,-0.00,36,0.9,7.4,0.130,-93.2,-93,HAYIR,HAYIR
2026-08-19 12:13:18.145,0.60,-0.00,36,0.9,7.4,0.130,-93.2,-93,HAYIR,HAYIR
2026-08-19 12:13:18.164,0.60,-0.00,36,0.9,7.4,0.130,-93.2,-93,HAYIR,HAYIR
2026-08-19 12:13:18.184,0.60,-0.00,36,0.9,7.4,0.130,-93.2,-93,HAYIR,HAYIR
2026-08-19 12:13:18.204,0.60,-0.00,36,0.9,7.5,0.130,-93.1,-93,HAYIR,HAYIR
2026-08-19 12:13:18.224,0.60,-0.00,36,0.9,7.5,0.130,-93.1,-93,HAYIR,HAYIR
2026-08-19 12:13:18.245,0.60,-0.00,36,0.9,7.5,0.130,-93.1,-93,HAYIR,HAYIR
2026-08-19 12:13:18.265,0.60,-0.00,36,0.9,7.5,0.130,-93.5,-94,HAYIR,HAYIR
2026-08-19 12:13:18.284,0.60,-0.00,36,0.9,7.5,0.130,-93.5,-94,HAYIR,HAYIR
2026-08-19 12:13:18.304,0.60,-0.00,36,0.9,7.6,0.130,-93.5,-94,HAYIR,HAYIR
2026-08-19 12:13:18.325,0.60,-0.00,36,0.9,7.6,0.130,-93.5,-94,HAYIR,HAYIR
2026-08-19 12:13:18.345,0.60,-0.00,36,0.9,7.6,0.130,-93.5,-94,HAYIR,HAYIR
2026-08-19 12:13:18.365,0.60,-0.00,36,0.9,7.6,0.130,-93.5,-94,HAYIR,HAYIR
2026-08-19 12:13:18.384,0.60,-0.00,36,0.9,7.6,0.130,-93.5,-94,HAYIR,HAYIR
2026-08-19 12:13:18.404,0.60,-0.00,36,0.9,7.7,0.129,-93.0,-93,HAYIR,HAYIR
2026-08-19 12:13:18.424,0.60,-0.00,36,0.9,7.7,0.129,-93.0,-93,HAYIR,HAYIR
2026-08-19 12:13:18.444,0.60,-0.00,36,0.9,7.7,0.129,-93.0,-93,HAYIR,HAYIR
2026-08-19 12:13:18.465,0.60,-0.00,36,0.9,7.7,0.129,-93.0,-93,HAYIR,HAYIR
2026-08-19 12:13:18.484,0.60,-0.00,36,0.9,7.7,0.129,-93.0,-93,HAYIR,HAYIR
2026-08-19 12:13:18.504,0.60,-0.00,36,0.9,7.8,0.130,-93.2,-93,HAYIR,HAYIR
2026-08-19 12:13:18.525,0.60,-0.00,36,0.9,7.8,0.130,-93.2,-93,HAYIR,HAYIR
2026-08-19 12:13:18.545,0.60,-0.00,36,0.9,7.8,0.130,-93.2,-93,HAYIR,HAYIR
2026-08-19 12:13:18.564,0.60,-0.00,36,0.9,7.8,0.130,-93.2,-93,HAYIR,HAYIR
2026-08-19 12:13:18.584,0.60,-0.00,36,0.9,7.8,0.130,-93.2,-93,HAYIR,HAYIR
2026-08-19 12:13:18.604,0.60,-0.00,36,0.9,7.9,0.130,-93.2,-93,HAYIR,HAYIR
2026-08-19 12:13:18.625,0.60,-0.00,36,0.9,7.9,0.130,-93.2,-93,HAYIR,HAYIR
2026-08-19 12:13:18.645,0.60,-0.00,36,0.9,7.9,0.130,-93.2,-93,HAYIR,HAYIR
2026-08-19 12:13:18.665,0.60,-0.00,36,0.9,7.9,0.130,-93.2,-93,HAYIR,HAYIR
2026-08-19 12:13:18.684,0.60,-0.00,36,0.9,7.9,0.130,-93.2,-93,HAYIR,HAYIR
2026-08-19 12:13:18.704,0.60,-0.00,36,0.9,8.0,0.130,-93.2,-93,HAYIR,HAYIR
2026-08-19 12:13:18.725,0.60,-0.00,36,0.9,8.0,0.130,-93.2,-93,HAYIR,HAYIR
2026-08-19 12:13:18.745,0.60,-0.00,36,0.9,8.0,0.130,-93.2,-93,HAYIR,HAYIR
2026-08-19 12:13:18.765,0.60,-0.00,36,0.9,8.0,0.130,-93.2,-93,HAYIR,HAYIR
2026-08-19 12:13:18.784,0.60,-0.00,36,0.9,8.0,0.130,-93.2,-93,HAYIR,HAYIR
2026-08-19 12:13:18.804,0.60,-0.00,36,0.9,8.1,0.130,-93.2,-93,HAYIR,HAYIR
2026-08-19 12:13:18.824,0.60,-0.00,36,0.9,8.1,0.130,-93.2,-93,HAYIR,HAYIR
2026-08-19 12:13:18.845,0.60,-0.00,36,0.9,8.1,0.130,-93.2,-93,HAYIR,HAYIR
2026-08-19 12:13:18.864,0.60,-0.00,36,0.9,8.1,0.130,-93.2,-93,HAYIR,HAYIR
2026-08-19 12:13:18.884,0.60,-0.00,36,0.9,8.1,0.130,-93.2,-93,HAYIR,HAYIR
2026-08-19 12:13:18.905,0.60,-0.00,36,0.9,8.2,0.130,-93.2,-93,HAYIR,HAYIR
2026-08-19 12:13:18.925,0.60,-0.00,36,0.9,8.2,0.130,-93.2,-93,HAYIR,HAYIR
2026-08-19 12:13:18.945,0.60,-0.00,36,0.9,8.2,0.130,-93.2,-93,HAYIR,HAYIR
2026-08-19 12:13:18.964,0.60,-0.00,36,0.9,8.2,0.130,-93.5,-93,HAYIR,HAYIR
2026-08-19 12:13:18.984,0.60,-0.00,36,0.9,8.2,0.130,-93.5,-93,HAYIR,HAYIR
2026-08-19 12:13:19.004,0.60,-0.00,36,0.9,8.3,0.130,-93.5,-93,HAYIR,HAYIR
2026-08-19 12:13:19.024,0.60,-0.00,36,0.9,8.3,0.130,-93.5,-93,HAYIR,HAYIR
2026-08-19 12:13:19.045,0.60,-0.00,36,0.9,8.3,0.130,-93.5,-93,HAYIR,HAYIR
2026-08-19 12:13:19.065,0.60,-0.00,36,0.9,8.3,0.130,-93.5,-93,HAYIR,HAYIR
2026-08-19 12:13:19.084,0.60,-0.00,36,0.9,8.3,0.130,-93.5,-93,HAYIR,HAYIR
2026-08-19 12:13:19.104,0.60,-0.00,36,0.9,8.4,0.130,-93.1,-93,HAYIR,HAYIR
2026-08-19 12:13:19.125,0.60,-0.00,36,0.9,8.4,0.130,-93.1,-93,HAYIR,HAYIR
2026-08-19 12:13:19.145,0.60,-0.00,36,0.9,8.4,0.130,-93.1,-93,HAYIR,HAYIR
2026-08-19 12:13:19.164,0.60,-0.00,36,0.9,8.4,0.130,-93.1,-93,HAYIR,HAYIR
2026-08-19 12:13:19.184,0.60,-0.00,36,0.9,8.4,0.130,-93.1,-93,HAYIR,HAYIR
2026-08-19 12:13:19.204,0.60,-0.00,36,0.9,8.5,0.130,-93.1,-93,HAYIR,HAYIR
2026-08-19 12:13:19.224,0.60,-0.00,36,0.9,8.5,0.130,-93.1,-93,HAYIR,HAYIR
2026-08-19 12:13:19.245,0.60,-0.00,36,0.9,8.5,0.130,-93.1,-93,HAYIR,HAYIR
2026-08-19 12:13:19.265,0.60,-0.00,36,0.9,8.5,0.130,-93.1,-93,HAYIR,HAYIR
2026-08-19 12:13:19.284,0.60,-0.00,36,0.9,8.5,0.130,-93.1,-93,HAYIR,HAYIR
2026-08-19 12:13:19.304,0.60,-0.00,36,0.9,8.6,0.130,-93.5,-94,HAYIR,HAYIR
2026-08-19 12:13:19.325,0.60,-0.00,36,0.9,8.6,0.130,-93.5,-94,HAYIR,HAYIR
2026-08-19 12:13:19.344,0.60,-0.00,36,0.9,8.6,0.130,-93.5,-94,HAYIR,HAYIR
2026-08-19 12:13:19.364,0.60,-0.00,36,0.9,8.6,0.130,-93.5,-94,HAYIR,HAYIR
2026-08-19 12:13:19.384,0.60,-0.00,36,0.9,8.6,0.130,-93.5,-94,HAYIR,HAYIR
2026-08-19 12:13:19.404,0.60,-0.00,36,0.9,8.7,0.130,-93.5,-94,HAYIR,HAYIR
2026-08-19 12:13:19.424,0.60,-0.00,36,0.9,8.7,0.130,-93.5,-94,HAYIR,HAYIR
2026-08-19 12:13:19.444,0.60,-0.00,36,0.9,8.7,0.130,-93.5,-94,HAYIR,HAYIR
2026-08-19 12:13:19.464,0.60,-0.00,36,0.9,8.7,0.130,-93.5,-94,HAYIR,HAYIR
2026-08-19 12:13:19.484,0.60,-0.00,36,0.9,8.7,0.130,-93.5,-94,HAYIR,HAYIR
2026-08-19 12:13:19.504,0.60,-0.00,36,0.9,8.8,0.129,-93.0,-93,HAYIR,HAYIR
2026-08-19 12:13:19.525,0.60,-0.00,36,0.9,8.8,0.129,-93.0,-93,HAYIR,HAYIR
2026-08-19 12:13:19.544,0.60,-0.00,36,0.9,8.8,0.129,-93.0,-93,HAYIR,HAYIR
2026-08-19 12:13:19.564,0.60,-0.00,36,0.9,8.8,0.129,-93.0,-93,HAYIR,HAYIR
2026-08-19 12:13:19.584,0.60,-0.00,36,0.9,8.8,0.129,-93.0,-93,HAYIR,HAYIR
2026-08-19 12:13:19.604,0.60,-0.00,36,0.9,8.9,0.129,-93.0,-93,HAYIR,HAYIR
2026-08-19 12:13:19.625,0.60,-0.00,36,0.9,8.9,0.129,-93.0,-93,HAYIR,HAYIR
2026-08-19 12:13:19.645,0.60,-0.00,36,0.9,8.9,0.129,-93.0,-93,HAYIR,HAYIR
2026-08-19 12:13:19.665,0.60,-0.00,36,0.9,8.9,0.130,-93.4,-93,HAYIR,HAYIR
2026-08-19 12:13:19.685,0.60,-0.00,36,0.9,8.9,0.130,-93.4,-93,HAYIR,HAYIR
2026-08-19 12:13:19.705,0.60,-0.00,36,0.9,9.0,0.130,-93.4,-93,HAYIR,HAYIR
2026-08-19 12:13:19.725,0.60,-0.00,36,0.9,9.0,0.130,-93.4,-93,HAYIR,HAYIR
2026-08-19 12:13:19.745,0.60,-0.00,36,0.9,9.0,0.130,-93.4,-93,HAYIR,HAYIR
2026-08-19 12:13:19.765,0.60,-0.00,36,0.9,9.0,0.130,-93.4,-93,HAYIR,HAYIR
2026-08-19 12:13:19.784,0.60,-0.00,36,0.9,9.0,0.130,-93.4,-93,HAYIR,HAYIR
2026-08-19 12:13:19.805,0.60,-0.00,36,0.9,9.1,0.129,-93.0,-93,HAYIR,HAYIR
2026-08-19 12:13:19.825,0.60,-0.00,36,0.9,9.1,0.129,-93.0,-93,HAYIR,HAYIR
2026-08-19 12:13:19.844,0.60,-0.00,36,0.9,9.1,0.129,-93.0,-93,HAYIR,HAYIR
2026-08-19 12:13:19.864,0.60,-0.00,36,0.9,9.1,0.129,-93.0,-93,HAYIR,HAYIR
2026-08-19 12:13:19.884,0.60,-0.00,36,0.9,9.1,0.129,-93.0,-93,HAYIR,HAYIR
2026-08-19 12:13:19.904,0.60,-0.00,36,0.9,9.2,0.129,-93.0,-93,HAYIR,HAYIR
2026-08-19 12:13:19.925,0.60,-0.00,36,0.9,9.2,0.129,-93.0,-93,HAYIR,HAYIR
2026-08-19 12:13:19.945,0.60,-0.00,36,0.9,9.2,0.129,-93.0,-93,HAYIR,HAYIR
2026-08-19 12:13:19.964,0.60,-0.00,36,0.9,9.2,0.130,-93.4,-93,HAYIR,HAYIR
2026-08-19 12:13:19.985,0.60,-0.00,36,0.9,9.2,0.130,-93.4,-93,HAYIR,HAYIR
2026-08-19 12:13:20.004,0.60,-0.00,36,0.9,9.3,0.130,-93.4,-93,HAYIR,HAYIR
2026-08-19 12:13:20.024,0.60,-0.00,36,0.9,9.3,0.130,-93.4,-93,HAYIR,HAYIR
2026-08-19 12:13:20.045,0.60,-0.00,36,0.9,9.3,0.130,-93.4,-93,HAYIR,HAYIR
2026-08-19 12:13:20.065,0.60,-0.00,36,0.9,9.3,0.130,-93.4,-93,HAYIR,HAYIR
2026-08-19 12:13:20.085,0.60,-0.00,36,0.9,9.3,0.130,-93.4,-93,HAYIR,HAYIR
2026-08-19 12:13:20.104,0.60,-0.00,36,0.9,9.4,0.130,-93.1,-93,HAYIR,HAYIR
2026-08-19 12:13:20.125,0.60,-0.00,36,0.9,9.4,0.130,-93.1,-93,HAYIR,HAYIR
2026-08-19 12:13:20.144,0.60,-0.00,36,0.9,9.4,0.130,-93.1,-93,HAYIR,HAYIR
2026-08-19 12:13:20.164,0.60,-0.00,36,0.9,9.4,0.130,-93.1,-93,HAYIR,HAYIR
2026-08-19 12:13:20.185,0.60,-0.00,36,0.9,9.4,0.130,-93.1,-93,HAYIR,HAYIR
2026-08-19 12:13:20.204,0.60,-0.00,36,0.9,9.5,0.130,-93.1,-93,HAYIR,HAYIR
2026-08-19 12:13:20.224,0.60,-0.00,36,0.9,9.5,0.130,-93.1,-93,HAYIR,HAYIR
2026-08-19 12:13:20.245,0.60,-0.00,36,0.9,9.5,0.130,-93.1,-93,HAYIR,HAYIR
2026-08-19 12:13:20.265,0.60,-0.00,36,0.9,9.5,0.130,-93.4,-93,HAYIR,HAYIR
2026-08-19 12:13:20.285,0.60,-0.00,36,0.9,9.5,0.130,-93.4,-93,HAYIR,HAYIR
2026-08-19 12:13:20.304,0.60,-0.00,36,0.9,9.6,0.130,-93.4,-93,HAYIR,HAYIR
2026-08-19 12:13:20.325,0.60,-0.00,36,0.9,9.6,0.130,-93.4,-93,HAYIR,HAYIR
2026-08-19 12:13:20.345,0.60,-0.00,36,0.9,9.6,0.130,-93.4,-93,HAYIR,HAYIR
2026-08-19 12:13:20.364,0.60,-0.00,36,0.9,9.6,0.130,-93.4,-93,HAYIR,HAYIR
2026-08-19 12:13:20.384,0.60,-0.00,36,0.9,9.6,0.130,-93.4,-93,HAYIR,HAYIR
2026-08-19 12:13:20.404,0.60,-0.00,36,0.9,9.7,0.130,-93.2,-93,HAYIR,HAYIR
2026-08-19 12:13:20.424,0.60,-0.00,36,0.9,9.7,0.130,-93.2,-93,HAYIR,HAYIR
2026-08-19 12:13:20.444,0.60,-0.00,36,0.9,9.7,0.130,-93.2,-93,HAYIR,HAYIR
2026-08-19 12:13:20.464,0.60,-0.00,36,0.9,9.7,0.130,-93.2,-93,HAYIR,HAYIR
2026-08-19 12:13:20.484,0.60,-0.00,36,0.9,9.7,0.130,-93.2,-93,HAYIR,HAYIR
2026-08-19 12:13:20.504,0.60,-0.00,36,0.9,9.8,0.130,-93.2,-93,HAYIR,HAYIR
2026-08-19 12:13:20.525,0.60,-0.00,36,0.9,9.8,0.130,-93.2,-93,HAYIR,HAYIR
2026-08-19 12:13:20.544,0.60,-0.00,36,0.9,9.8,0.130,-93.2,-93,HAYIR,HAYIR
2026-08-19 12:13:20.564,0.60,-0.00,36,0.9,9.8,0.130,-93.2,-93,HAYIR,HAYIR
2026-08-19 12:13:20.585,0.60,-0.00,36,0.9,9.8,0.130,-93.2,-93,HAYIR,HAYIR
2026-08-19 12:13:20.604,0.60,-0.00,36,0.9,9.9,0.130,-93.4,-93,HAYIR,HAYIR
2026-08-19 12:13:20.625,0.60,-0.00,36,0.9,9.9,0.130,-93.4,-93,HAYIR,HAYIR
2026-08-19 12:13:20.645,0.60,-0.00,36,0.9,9.9,0.130,-93.4,-93,HAYIR,HAYIR
2026-08-19 12:13:20.665,0.60,-0.00,36,0.9,9.9,0.130,-93.4,-93,HAYIR,HAYIR
2026-08-19 12:13:20.685,0.60,-0.00,36,0.9,9.9,0.130,-93.4,-93,HAYIR,HAYIR
2026-08-19 12:13:20.705,0.60,-0.00,36,0.9,10.0,0.130,-93.4,-93,HAYIR,HAYIR
2026-08-19 12:13:20.725,0.60,-0.00,36,0.9,10.0,0.130,-93.4,-93,HAYIR,HAYIR
2026-08-19 12:13:20.745,0.60,-0.00,36,0.9,10.0,0.130,-93.4,-93,HAYIR,HAYIR
2026-08-19 12:13:20.764,0.60,-0.00,36,0.9,10.0,0.130,-93.4,-93,HAYIR,HAYIR
2026-08-19 12:13:20.784,0.60,-0.00,36,0.9,10.0,0.130,-93.4,-93,HAYIR,HAYIR
2026-08-19 12:13:20.804,0.60,-0.00,36,0.9,10.1,0.129,-93.1,-93,HAYIR,HAYIR
2026-08-19 12:13:20.824,0.60,-0.00,36,0.9,10.1,0.129,-93.1,-93,HAYIR,HAYIR
2026-08-19 12:13:20.844,0.60,-0.00,36,0.9,10.1,0.129,-93.1,-93,HAYIR,HAYIR
2026-08-19 12:13:20.864,0.60,-0.00,36,0.9,10.1,0.129,-93.1,-93,HAYIR,HAYIR
2026-08-19 12:13:20.884,0.60,-0.00,36,0.9,10.1,0.129,-93.1,-93,HAYIR,HAYIR
2026-08-19 12:13:20.904,0.60,-0.00,36,0.9,10.2,0.130,-93.1,-93,HAYIR,HAYIR
2026-08-19 12:13:20.924,0.60,-0.00,36,0.9,10.2,0.130,-93.1,-93,HAYIR,HAYIR
2026-08-19 12:13:20.944,0.60,-0.00,36,0.9,10.2,0.130,-93.1,-93,HAYIR,HAYIR
2026-08-19 12:13:20.964,0.60,-0.00,36,0.9,10.2,0.130,-93.5,-94,HAYIR,HAYIR
2026-08-19 12:13:20.984,0.60,-0.00,36,0.9,10.2,0.130,-93.5,-94,HAYIR,HAYIR
2026-08-19 12:13:21.004,0.60,-0.00,36,0.9,10.3,0.130,-93.5,-94,HAYIR,HAYIR
2026-08-19 12:13:21.024,0.60,-0.00,36,0.9,10.3,0.130,-93.5,-94,HAYIR,HAYIR
2026-08-19 12:13:21.044,0.60,-0.00,36,0.9,10.3,0.130,-93.5,-94,HAYIR,HAYIR
2026-08-19 12:13:21.065,0.60,-0.00,36,0.9,10.3,0.130,-93.5,-94,HAYIR,HAYIR
2026-08-19 12:13:21.084,0.60,-0.00,36,0.9,10.3,0.130,-93.5,-94,HAYIR,HAYIR
2026-08-19 12:13:21.104,0.60,-0.00,36,0.9,10.4,0.130,-93.1,-93,HAYIR,HAYIR
2026-08-19 12:13:21.125,0.60,-0.00,36,0.9,10.4,0.130,-93.1,-93,HAYIR,HAYIR
2026-08-19 12:13:21.145,0.60,-0.00,36,0.9,10.4,0.130,-93.1,-93,HAYIR,HAYIR
2026-08-19 12:13:21.164,0.60,-0.00,36,0.9,10.4,0.130,-93.1,-93,HAYIR,HAYIR
2026-08-19 12:13:21.184,0.60,-0.00,36,0.9,10.4,0.130,-93.1,-93,HAYIR,HAYIR
2026-08-19 12:13:21.204,0.60,-0.00,36,0.9,10.5,0.130,-93.1,-93,HAYIR,HAYIR
2026-08-19 12:13:21.225,0.60,-0.00,36,0.9,10.5,0.130,-93.1,-93,HAYIR,HAYIR
2026-08-19 12:13:21.244,0.60,-0.00,36,0.9,10.5,0.130,-93.1,-93,HAYIR,HAYIR
2026-08-19 12:13:21.265,0.60,-0.00,36,0.9,10.5,0.130,-93.1,-93,HAYIR,HAYIR
2026-08-19 12:13:21.284,0.60,-0.00,36,0.9,10.5,0.130,-93.1,-93,HAYIR,HAYIR
2026-08-19 12:13:21.304,0.60,-0.00,36,0.9,10.6,0.130,-93.4,-93,HAYIR,HAYIR
2026-08-19 12:13:21.325,0.60,-0.00,36,0.9,10.6,0.130,-93.4,-93,HAYIR,HAYIR
2026-08-19 12:13:21.345,0.60,-0.00,36,0.9,10.6,0.130,-93.4,-93,HAYIR,HAYIR
2026-08-19 12:13:21.364,0.60,-0.00,36,0.9,10.6,0.130,-93.4,-93,HAYIR,HAYIR
2026-08-19 12:13:21.384,0.60,-0.00,36,0.9,10.6,0.130,-93.4,-93,HAYIR,HAYIR
2026-08-19 12:13:21.404,0.60,-0.00,36,0.9,10.7,0.130,-93.4,-93,HAYIR,HAYIR
2026-08-19 12:13:21.424,0.60,-0.00,36,0.9,10.7,0.130,-93.4,-93,HAYIR,HAYIR
2026-08-19 12:13:21.445,0.60,-0.00,36,0.9,10.7,0.130,-93.4,-93,HAYIR,HAYIR
2026-08-19 12:13:21.465,0.60,-0.00,36,0.9,10.7,0.130,-93.4,-93,HAYIR,HAYIR
2026-08-19 12:13:21.484,0.60,-0.00,36,0.9,10.7,0.130,-93.4,-93,HAYIR,HAYIR
2026-08-19 12:13:21.504,0.60,-0.00,36,0.9,10.8,0.130,-93.1,-93,HAYIR,HAYIR
2026-08-19 12:13:21.524,0.60,-0.00,36,0.9,10.8,0.130,-93.1,-93,HAYIR,HAYIR
2026-08-19 12:13:21.544,0.60,-0.00,36,0.9,10.8,0.130,-93.1,-93,HAYIR,HAYIR
2026-08-19 12:13:21.564,0.60,-0.00,36,0.9,10.8,0.130,-93.1,-93,HAYIR,HAYIR
2026-08-19 12:13:21.584,0.60,-0.00,36,0.9,10.8,0.130,-93.1,-93,HAYIR,HAYIR
2026-08-19 12:13:21.604,0.60,-0.00,36,0.9,10.9,0.130,-93.1,-93,HAYIR,HAYIR
2026-08-19 12:13:21.624,0.60,-0.00,36,0.9,10.9,0.130,-93.1,-93,HAYIR,HAYIR
2026-08-19 12:13:21.645,0.60,-0.00,36,0.9,10.9,0.130,-93.1,-93,HAYIR,HAYIR
2026-08-19 12:13:21.665,0.60,-0.00,36,0.9,10.9,0.130,-93.5,-93,HAYIR,HAYIR
2026-08-19 12:13:21.685,0.60,-0.00,36,0.9,10.9,0.130,-93.5,-93,HAYIR,HAYIR
2026-08-19 12:13:21.704,0.60,-0.00,36,0.9,11.0,0.130,-93.5,-93,HAYIR,HAYIR
2026-08-19 12:13:21.725,0.60,-0.00,36,0.9,11.0,0.130,-93.5,-93,HAYIR,HAYIR
2026-08-19 12:13:21.744,0.60,-0.00,36,0.9,11.0,0.130,-93.5,-93,HAYIR,HAYIR
2026-08-19 12:13:21.764,0.60,-0.00,36,0.9,11.0,0.130,-93.5,-93,HAYIR,HAYIR
2026-08-19 12:13:21.784,0.60,-0.00,36,0.9,11.0,0.130,-93.5,-93,HAYIR,HAYIR
2026-08-19 12:13:21.804,0.60,-0.00,36,0.9,11.1,0.129,-93.1,-93,HAYIR,HAYIR
2026-08-19 12:13:21.824,0.60,-0.00,36,0.9,11.1,0.129,-93.1,-93,HAYIR,HAYIR
2026-08-19 12:13:21.844,0.60,-0.00,36,0.9,11.1,0.129,-93.1,-93,HAYIR,HAYIR
2026-08-19 12:13:21.864,0.60,-0.00,36,0.9,11.1,0.129,-93.1,-93,HAYIR,HAYIR
2026-08-19 12:13:21.884,0.60,-0.00,36,0.9,11.1,0.129,-93.1,-93,HAYIR,HAYIR
2026-08-19 12:13:21.904,0.60,-0.00,36,0.9,11.2,0.129,-93.0,-93,HAYIR,HAYIR
2026-08-19 12:13:21.924,0.60,-0.00,36,0.9,11.2,0.129,-93.0,-93,HAYIR,HAYIR
2026-08-19 12:13:21.944,0.60,-0.00,36,0.9,11.2,0.129,-93.0,-93,HAYIR,HAYIR
2026-08-19 12:13:21.964,0.60,-0.00,36,0.9,11.2,0.130,-93.4,-93,HAYIR,HAYIR
2026-08-19 12:13:21.984,0.60,-0.00,36,0.9,11.2,0.130,-93.4,-93,HAYIR,HAYIR
2026-08-19 12:13:22.005,0.60,-0.00,36,0.9,11.3,0.130,-93.4,-93,HAYIR,HAYIR
2026-08-19 12:13:22.024,0.60,-0.00,36,0.9,11.3,0.130,-93.4,-93,HAYIR,HAYIR
2026-08-19 12:13:22.045,0.60,-0.00,36,0.9,11.3,0.130,-93.4,-93,HAYIR,HAYIR
2026-08-19 12:13:22.064,0.60,-0.00,36,0.9,11.3,0.130,-93.4,-93,HAYIR,HAYIR
2026-08-19 12:13:22.084,0.60,-0.00,36,0.9,11.3,0.130,-93.4,-93,HAYIR,HAYIR
2026-08-19 12:13:22.104,0.60,-0.00,36,0.9,11.4,0.130,-93.2,-93,HAYIR,HAYIR
2026-08-19 12:13:22.125,0.60,-0.00,36,0.9,11.4,0.130,-93.2,-93,HAYIR,HAYIR
2026-08-19 12:13:22.144,0.60,-0.00,36,0.9,11.4,0.130,-93.2,-93,HAYIR,HAYIR
2026-08-19 12:13:22.164,0.60,-0.00,36,0.9,11.4,0.130,-93.2,-93,HAYIR,HAYIR
2026-08-19 12:13:22.184,0.60,-0.00,36,0.9,11.4,0.130,-93.2,-93,HAYIR,HAYIR
2026-08-19 12:13:22.204,0.60,-0.00,36,0.9,11.5,0.130,-93.2,-93,HAYIR,HAYIR
2026-08-19 12:13:22.224,0.60,-0.00,36,0.9,11.5,0.130,-93.2,-93,HAYIR,HAYIR
2026-08-19 12:13:22.245,0.60,-0.00,36,0.9,11.5,0.130,-93.2,-93,HAYIR,HAYIR
2026-08-19 12:13:22.265,0.60,-0.00,36,0.9,11.5,0.130,-93.4,-93,HAYIR,HAYIR
2026-08-19 12:13:22.284,0.60,-0.00,36,0.9,11.5,0.130,-93.4,-93,HAYIR,HAYIR
2026-08-19 12:13:22.304,0.60,-0.00,36,0.9,11.6,0.130,-93.4,-93,HAYIR,HAYIR
2026-08-19 12:13:22.325,0.60,-0.00,36,0.9,11.6,0.130,-93.4,-93,HAYIR,HAYIR
2026-08-19 12:13:22.345,0.60,-0.00,36,0.9,11.6,0.130,-93.4,-93,HAYIR,HAYIR
2026-08-19 12:13:22.364,0.60,-0.00,36,0.9,11.6,0.130,-93.4,-93,HAYIR,HAYIR
2026-08-19 12:13:22.384,0.60,-0.00,36,0.9,11.6,0.130,-93.4,-93,HAYIR,HAYIR
2026-08-19 12:13:22.404,0.60,-0.00,36,0.9,11.7,0.130,-93.1,-93,HAYIR,HAYIR
2026-08-19 12:13:22.425,0.60,-0.00,36,0.9,11.7,0.130,-93.1,-93,HAYIR,HAYIR
2026-08-19 12:13:22.445,0.60,-0.00,36,0.9,11.7,0.130,-93.1,-93,HAYIR,HAYIR
2026-08-19 12:13:22.464,0.60,-0.00,36,0.9,11.7,0.130,-93.1,-93,HAYIR,HAYIR
2026-08-19 12:13:22.484,0.60,-0.00,36,0.9,11.7,0.130,-93.1,-93,HAYIR,HAYIR
2026-08-19 12:13:22.504,0.60,-0.00,36,0.9,11.8,0.130,-93.1,-93,HAYIR,HAYIR
2026-08-19 12:13:22.524,0.60,-0.00,36,0.9,11.8,0.130,-93.1,-93,HAYIR,HAYIR
2026-08-19 12:13:22.544,0.60,-0.00,36,0.9,11.8,0.130,-93.1,-93,HAYIR,HAYIR
2026-08-19 12:13:22.565,0.60,-0.00,36,0.9,11.8,0.130,-93.1,-93,HAYIR,HAYIR
2026-08-19 12:13:22.584,0.60,-0.00,36,0.9,11.8,0.130,-93.1,-93,HAYIR,HAYIR
2026-08-19 12:13:22.604,0.60,-0.00,36,0.9,11.9,0.130,-93.2,-93,HAYIR,HAYIR
2026-08-19 12:13:22.625,0.60,-0.00,36,0.9,11.9,0.130,-93.2,-93,HAYIR,HAYIR
2026-08-19 12:13:22.645,0.60,-0.00,36,0.9,11.9,0.130,-93.2,-93,HAYIR,HAYIR
2026-08-19 12:13:22.665,0.60,-0.00,36,0.9,11.9,0.129,-92.5,-93,HAYIR,HAYIR
2026-08-19 12:13:22.685,0.60,-0.00,36,0.9,11.9,0.129,-92.5,-92,HAYIR,HAYIR
2026-08-19 12:13:22.704,0.60,-0.00,36,0.9,12.0,0.129,-92.5,-92,HAYIR,HAYIR
2026-08-19 12:13:22.725,0.60,-0.00,36,0.9,12.0,0.129,-92.5,-92,HAYIR,HAYIR
2026-08-19 12:13:22.745,0.60,-0.00,36,0.9,12.0,0.129,-92.5,-92,HAYIR,HAYIR
2026-08-19 12:13:22.764,0.60,-0.00,36,0.9,12.0,0.129,-92.5,-92,HAYIR,HAYIR
2026-08-19 12:13:22.784,0.60,-0.00,36,0.9,12.0,0.129,-92.5,-92,HAYIR,HAYIR
2026-08-19 12:13:22.804,0.60,-0.00,36,0.9,12.1,0.130,-93.2,-93,HAYIR,HAYIR
2026-08-19 12:13:22.825,0.60,-0.00,36,0.9,12.1,0.130,-93.2,-93,HAYIR,HAYIR
2026-08-19 12:13:22.845,0.60,-0.00,36,0.9,12.1,0.130,-93.2,-93,HAYIR,HAYIR
2026-08-19 12:13:22.865,0.60,-0.00,36,0.9,12.1,0.130,-93.2,-93,HAYIR,HAYIR
2026-08-19 12:13:22.884,0.60,-0.00,36,0.9,12.1,0.130,-93.2,-93,HAYIR,HAYIR
2026-08-19 12:13:22.904,0.60,-0.00,36,0.9,12.2,0.129,-93.0,-93,HAYIR,HAYIR
2026-08-19 12:13:22.925,0.60,-0.00,36,0.9,12.2,0.129,-93.0,-93,HAYIR,HAYIR
2026-08-19 12:13:22.945,0.60,-0.00,36,0.9,12.2,0.129,-93.0,-93,HAYIR,HAYIR
2026-08-19 12:13:22.964,0.60,-0.00,36,0.9,12.2,0.130,-93.6,-94,HAYIR,HAYIR
2026-08-19 12:13:22.984,0.60,-0.00,36,0.9,12.2,0.130,-93.6,-94,HAYIR,HAYIR
2026-08-19 12:13:23.004,0.60,-0.00,36,0.9,12.3,0.130,-93.6,-94,HAYIR,HAYIR
2026-08-19 12:13:23.024,0.60,-0.00,36,0.9,12.3,0.130,-93.6,-94,HAYIR,HAYIR
2026-08-19 12:13:23.045,0.60,-0.00,36,0.9,12.3,0.130,-93.6,-94,HAYIR,HAYIR
2026-08-19 12:13:23.064,0.60,-0.00,36,0.9,12.3,0.130,-93.6,-94,HAYIR,HAYIR
2026-08-19 12:13:23.084,0.60,-0.00,36,0.9,12.3,0.130,-93.6,-94,HAYIR,HAYIR
2026-08-19 12:13:23.104,0.60,-0.00,36,0.9,12.4,0.129,-93.0,-93,HAYIR,HAYIR
2026-08-19 12:13:23.125,0.60,-0.00,36,0.9,12.4,0.129,-93.0,-93,HAYIR,HAYIR
2026-08-19 12:13:23.145,0.60,-0.00,36,0.9,12.4,0.129,-93.0,-93,HAYIR,HAYIR
2026-08-19 12:13:23.164,0.60,-0.00,36,0.9,12.4,0.129,-93.0,-93,HAYIR,HAYIR
2026-08-19 12:13:23.184,0.60,-0.00,36,0.9,12.4,0.129,-93.0,-93,HAYIR,HAYIR
2026-08-19 12:13:23.204,0.60,-0.00,36,0.9,12.5,0.129,-93.0,-93,HAYIR,HAYIR
2026-08-19 12:13:23.224,0.60,-0.00,36,0.9,12.5,0.129,-93.0,-93,HAYIR,HAYIR
2026-08-19 12:13:23.244,0.60,-0.00,36,0.9,12.5,0.129,-93.0,-93,HAYIR,HAYIR
2026-08-19 12:13:23.264,0.60,-0.00,36,0.9,12.5,0.129,-93.0,-93,HAYIR,HAYIR
2026-08-19 12:13:23.284,0.60,-0.00,36,0.9,12.5,0.129,-93.0,-93,HAYIR,HAYIR
2026-08-19 12:13:23.304,0.60,-0.00,36,0.9,12.6,0.130,-93.4,-93,HAYIR,HAYIR
2026-08-19 12:13:23.325,0.60,-0.00,36,0.9,12.6,0.130,-93.4,-93,HAYIR,HAYIR
2026-08-19 12:13:23.345,0.60,-0.00,36,0.9,12.6,0.130,-93.4,-93,HAYIR,HAYIR
2026-08-19 12:13:23.364,0.60,-0.00,36,0.9,12.6,0.130,-93.4,-93,HAYIR,HAYIR
2026-08-19 12:13:23.384,0.60,-0.00,36,0.9,12.6,0.130,-93.4,-93,HAYIR,HAYIR
2026-08-19 12:13:23.404,0.60,-0.00,36,0.9,12.7,0.130,-93.1,-93,HAYIR,HAYIR
2026-08-19 12:13:23.424,0.60,-0.00,36,0.9,12.7,0.130,-93.1,-93,HAYIR,HAYIR
2026-08-19 12:13:23.444,0.60,-0.00,36,0.9,12.7,0.130,-93.1,-93,HAYIR,HAYIR
2026-08-19 12:13:23.465,0.60,-0.00,36,0.9,12.7,0.130,-93.1,-93,HAYIR,HAYIR
2026-08-19 12:13:23.484,0.60,-0.00,36,0.9,12.7,0.130,-93.1,-93,HAYIR,HAYIR
2026-08-19 12:13:23.504,0.60,-0.00,36,0.9,12.8,0.130,-93.1,-93,HAYIR,HAYIR
2026-08-19 12:13:23.525,0.60,-0.00,36,0.9,12.8,0.130,-93.1,-93,HAYIR,HAYIR
2026-08-19 12:13:23.544,0.60,-0.00,36,0.9,12.8,0.130,-93.1,-93,HAYIR,HAYIR
2026-08-19 12:13:23.564,0.60,-0.00,36,0.9,12.8,0.130,-93.1,-93,HAYIR,HAYIR
2026-08-19 12:13:23.584,0.60,-0.00,36,0.9,12.8,0.130,-93.1,-93,HAYIR,HAYIR
2026-08-19 12:13:23.604,0.60,-0.00,36,0.9,12.9,0.129,-92.9,-93,HAYIR,HAYIR
2026-08-19 12:13:23.624,0.60,-0.00,36,0.9,12.9,0.129,-92.9,-93,HAYIR,HAYIR
2026-08-19 12:13:23.645,0.60,-0.00,36,0.9,12.9,0.129,-92.9,-93,HAYIR,HAYIR
2026-08-19 12:13:23.665,0.60,-0.00,36,0.9,12.9,0.129,-92.9,-93,HAYIR,HAYIR
2026-08-19 12:13:23.684,0.60,-0.00,36,0.9,12.9,0.129,-92.9,-93,HAYIR,HAYIR
2026-08-19 12:13:23.704,0.60,-0.00,36,0.9,13.0,0.129,-92.9,-93,HAYIR,HAYIR
2026-08-19 12:13:23.724,0.60,-0.00,36,0.9,13.0,0.129,-92.9,-93,HAYIR,HAYIR
2026-08-19 12:13:23.744,0.60,-0.00,36,0.9,13.0,0.129,-92.9,-93,HAYIR,HAYIR
2026-08-19 12:13:23.765,0.60,-0.00,36,0.9,13.0,0.129,-92.9,-93,HAYIR,HAYIR
2026-08-19 12:13:23.785,0.60,-0.00,36,0.9,13.0,0.129,-92.9,-93,HAYIR,HAYIR
2026-08-19 12:13:23.804,0.60,-0.00,36,0.9,13.1,0.129,-93.0,-93,HAYIR,HAYIR
2026-08-19 12:13:23.824,0.60,-0.00,36,0.9,13.1,0.129,-93.0,-93,HAYIR,HAYIR
2026-08-19 12:13:23.845,0.60,-0.00,36,0.9,13.1,0.129,-93.0,-93,HAYIR,HAYIR
2026-08-19 12:13:23.865,0.60,-0.00,36,0.9,13.1,0.129,-93.0,-93,HAYIR,HAYIR
2026-08-19 12:13:23.884,0.60,-0.00,36,0.9,13.1,0.129,-93.0,-93,HAYIR,HAYIR
2026-08-19 12:13:23.904,0.60,-0.00,36,0.9,13.2,0.129,-92.9,-93,HAYIR,HAYIR
2026-08-19 12:13:23.925,0.60,-0.00,36,0.9,13.2,0.129,-92.9,-93,HAYIR,HAYIR
2026-08-19 12:13:23.945,0.60,-0.00,36,0.9,13.2,0.129,-92.9,-93,HAYIR,HAYIR
2026-08-19 12:13:23.964,0.60,-0.00,36,0.9,13.2,0.130,-93.4,-93,HAYIR,HAYIR
2026-08-19 12:13:23.984,0.60,-0.00,36,0.9,13.2,0.130,-93.4,-93,HAYIR,HAYIR
2026-08-19 12:13:24.004,0.60,-0.00,36,0.9,13.3,0.130,-93.4,-93,HAYIR,HAYIR
2026-08-19 12:13:24.024,0.60,-0.00,36,0.9,13.3,0.130,-93.4,-93,HAYIR,HAYIR
2026-08-19 12:13:24.045,0.60,-0.00,36,0.9,13.3,0.130,-93.4,-93,HAYIR,HAYIR
2026-08-19 12:13:24.065,0.60,-0.00,36,0.9,13.3,0.130,-93.4,-93,HAYIR,HAYIR
2026-08-19 12:13:24.085,0.60,-0.00,36,0.9,13.3,0.130,-93.4,-93,HAYIR,HAYIR
2026-08-19 12:13:24.104,0.60,-0.00,36,0.9,13.4,0.129,-92.9,-93,HAYIR,HAYIR
2026-08-19 12:13:24.125,0.60,-0.00,36,0.9,13.4,0.129,-92.9,-93,HAYIR,HAYIR
2026-08-19 12:13:24.145,0.60,-0.00,36,0.9,13.4,0.129,-92.9,-93,HAYIR,HAYIR
2026-08-19 12:13:24.164,0.60,-0.00,36,0.9,13.4,0.129,-92.9,-93,HAYIR,HAYIR
2026-08-19 12:13:24.184,0.60,-0.00,36,0.9,13.4,0.129,-92.9,-93,HAYIR,HAYIR
2026-08-19 12:13:24.204,0.60,-0.00,36,0.9,13.5,0.129,-92.9,-93,HAYIR,HAYIR
2026-08-19 12:13:24.225,0.60,-0.00,36,0.9,13.5,0.129,-92.9,-93,HAYIR,HAYIR
2026-08-19 12:13:24.244,0.60,-0.00,36,0.9,13.5,0.129,-92.9,-93,HAYIR,HAYIR
2026-08-19 12:13:24.265,0.60,-0.00,36,0.9,13.5,0.129,-92.9,-93,HAYIR,HAYIR
2026-08-19 12:13:24.284,0.60,-0.00,36,0.9,13.5,0.129,-92.9,-93,HAYIR,HAYIR
2026-08-19 12:13:24.304,0.60,-0.00,36,0.9,13.6,0.129,-92.9,-93,HAYIR,HAYIR
2026-08-19 12:13:24.324,0.60,-0.00,36,0.9,13.6,0.129,-92.9,-93,HAYIR,HAYIR
2026-08-19 12:13:24.344,0.60,-0.00,36,0.9,13.6,0.129,-92.9,-93,HAYIR,HAYIR
2026-08-19 12:13:24.364,0.60,-0.00,36,0.9,13.6,0.129,-92.9,-93,HAYIR,HAYIR
2026-08-19 12:13:24.384,0.60,-0.00,36,0.9,13.6,0.129,-92.9,-93,HAYIR,HAYIR
2026-08-19 12:13:24.404,0.60,-0.00,36,0.9,13.7,0.129,-92.9,-93,HAYIR,HAYIR
2026-08-19 12:13:24.424,0.60,-0.00,36,0.9,13.7,0.129,-92.9,-93,HAYIR,HAYIR
2026-08-19 12:13:24.444,0.60,-0.00,36,0.9,13.7,0.129,-92.9,-93,HAYIR,HAYIR
2026-08-19 12:13:24.464,0.60,-0.00,36,0.9,13.7,0.129,-92.9,-93,HAYIR,HAYIR
2026-08-19 12:13:24.484,0.60,-0.00,36,0.9,13.7,0.129,-92.9,-93,HAYIR,HAYIR
2026-08-19 12:13:24.504,0.60,-0.00,36,0.9,13.8,0.129,-93.0,-93,HAYIR,HAYIR
2026-08-19 12:13:24.524,0.60,-0.00,36,0.9,13.8,0.129,-93.0,-93,HAYIR,HAYIR
2026-08-19 12:13:24.544,0.60,-0.00,36,0.9,13.8,0.129,-93.0,-93,HAYIR,HAYIR
2026-08-19 12:13:24.564,0.60,-0.00,36,0.9,13.8,0.129,-93.0,-93,HAYIR,HAYIR
2026-08-19 12:13:24.584,0.60,-0.00,36,0.9,13.8,0.129,-93.0,-93,HAYIR,HAYIR
2026-08-19 12:13:24.604,0.60,-0.00,36,0.9,13.9,0.129,-92.9,-93,HAYIR,HAYIR
2026-08-19 12:13:24.625,0.60,-0.00,36,0.9,13.9,0.129,-92.9,-93,HAYIR,HAYIR
2026-08-19 12:13:24.645,0.60,-0.00,36,0.9,13.9,0.129,-92.9,-93,HAYIR,HAYIR
2026-08-19 12:13:24.665,0.60,-0.00,36,0.9,13.9,0.130,-93.2,-93,HAYIR,HAYIR
2026-08-19 12:13:24.685,0.60,-0.00,36,0.9,13.9,0.130,-93.2,-93,HAYIR,HAYIR
2026-08-19 12:13:24.704,0.60,-0.00,36,0.9,14.0,0.130,-93.2,-93,HAYIR,HAYIR
2026-08-19 12:13:24.725,0.60,-0.00,36,0.9,14.0,0.130,-93.2,-93,HAYIR,HAYIR
2026-08-19 12:13:24.745,0.60,-0.00,36,0.9,14.0,0.130,-93.2,-93,HAYIR,HAYIR
2026-08-19 12:13:24.764,0.60,-0.00,36,0.9,14.0,0.130,-93.2,-93,HAYIR,HAYIR
2026-08-19 12:13:24.784,0.60,-0.00,36,0.9,14.0,0.130,-93.2,-93,HAYIR,HAYIR
2026-08-19 12:13:24.804,0.60,-0.00,36,0.9,14.1,0.129,-93.0,-93,HAYIR,HAYIR
2026-08-19 12:13:24.824,0.60,-0.00,36,0.9,14.1,0.129,-93.0,-93,HAYIR,HAYIR
2026-08-19 12:13:24.845,0.60,-0.00,36,0.9,14.1,0.129,-93.0,-93,HAYIR,HAYIR
2026-08-19 12:13:24.865,0.60,-0.00,36,0.9,14.1,0.129,-93.0,-93,HAYIR,HAYIR
2026-08-19 12:13:24.884,0.60,-0.00,36,0.9,14.1,0.129,-93.0,-93,HAYIR,HAYIR
2026-08-19 12:13:24.904,0.60,-0.00,36,0.9,14.2,0.129,-92.9,-93,HAYIR,HAYIR
2026-08-19 12:13:24.925,0.60,-0.00,36,0.9,14.2,0.129,-92.9,-93,HAYIR,HAYIR
2026-08-19 12:13:24.945,0.60,-0.00,36,0.9,14.2,0.129,-92.9,-93,HAYIR,HAYIR
2026-08-19 12:13:24.965,0.60,-0.00,36,0.9,14.2,0.130,-93.2,-93,HAYIR,HAYIR
2026-08-19 12:13:24.985,0.60,-0.00,36,0.9,14.2,0.130,-93.2,-93,HAYIR,HAYIR
2026-08-19 12:13:25.004,0.60,-0.00,36,0.9,14.3,0.130,-93.2,-93,HAYIR,HAYIR
2026-08-19 12:13:25.024,0.60,-0.00,36,0.9,14.3,0.130,-93.2,-93,HAYIR,HAYIR
2026-08-19 12:13:25.044,0.60,-0.00,36,0.9,14.3,0.130,-93.2,-93,HAYIR,HAYIR
2026-08-19 12:13:25.065,0.60,-0.00,36,0.9,14.3,0.130,-93.2,-93,HAYIR,HAYIR
2026-08-19 12:13:25.084,0.60,-0.00,36,0.9,14.3,0.130,-93.2,-93,HAYIR,HAYIR
2026-08-19 12:13:25.104,0.60,-0.00,36,0.9,14.4,0.130,-93.1,-93,HAYIR,HAYIR
2026-08-19 12:13:25.125,0.60,-0.00,36,0.9,14.4,0.130,-93.1,-93,HAYIR,HAYIR
2026-08-19 12:13:25.145,0.60,-0.00,36,0.9,14.4,0.130,-93.1,-93,HAYIR,HAYIR
2026-08-19 12:13:25.165,0.60,-0.00,36,0.9,14.4,0.130,-93.1,-93,HAYIR,HAYIR
2026-08-19 12:13:25.184,0.60,-0.00,36,0.9,14.4,0.130,-93.1,-93,HAYIR,HAYIR
2026-08-19 12:13:25.204,0.60,-0.00,36,0.9,14.5,0.130,-93.1,-93,HAYIR,HAYIR
2026-08-19 12:13:25.224,0.60,-0.00,36,0.9,14.5,0.130,-93.1,-93,HAYIR,HAYIR
2026-08-19 12:13:25.245,0.60,-0.00,36,0.9,14.5,0.130,-93.1,-93,HAYIR,HAYIR
2026-08-19 12:13:25.265,0.60,-0.00,36,0.9,14.5,0.130,-93.4,-93,HAYIR,HAYIR
2026-08-19 12:13:25.284,0.60,-0.00,36,0.9,14.5,0.130,-93.4,-93,HAYIR,HAYIR
2026-08-19 12:13:25.304,0.60,-0.00,36,0.9,14.6,0.130,-93.4,-93,HAYIR,HAYIR
2026-08-19 12:13:25.325,0.60,-0.00,36,0.9,14.6,0.130,-93.4,-93,HAYIR,HAYIR
2026-08-19 12:13:25.345,0.60,-0.00,36,0.9,14.6,0.130,-93.4,-93,HAYIR,HAYIR
2026-08-19 12:13:25.364,0.60,-0.00,36,0.9,14.6,0.130,-93.4,-93,HAYIR,HAYIR
2026-08-19 12:13:25.384,0.60,-0.00,36,0.9,14.6,0.130,-93.4,-93,HAYIR,HAYIR
2026-08-19 12:13:25.404,0.60,-0.00,36,0.9,14.7,0.130,-93.2,-93,HAYIR,HAYIR
2026-08-19 12:13:25.424,0.60,-0.00,36,0.9,14.7,0.130,-93.2,-93,HAYIR,HAYIR
2026-08-19 12:13:25.445,0.60,-0.00,36,0.9,14.7,0.130,-93.2,-93,HAYIR,HAYIR
2026-08-19 12:13:25.465,0.60,-0.00,36,0.9,14.7,0.130,-93.2,-93,HAYIR,HAYIR
2026-08-19 12:13:25.485,0.60,-0.00,36,0.9,14.7,0.130,-93.2,-93,HAYIR,HAYIR
2026-08-19 12:13:25.504,0.60,-0.00,36,0.9,14.8,0.130,-93.2,-93,HAYIR,HAYIR
2026-08-19 12:13:25.525,0.60,-0.00,36,0.9,14.8,0.130,-93.2,-93,HAYIR,HAYIR
2026-08-19 12:13:25.544,0.60,-0.00,36,0.9,14.8,0.130,-93.2,-93,HAYIR,HAYIR
2026-08-19 12:13:25.564,0.60,-0.00,36,0.9,14.8,0.130,-93.2,-93,HAYIR,HAYIR
2026-08-19 12:13:25.584,0.60,-0.00,36,0.9,14.8,0.130,-93.2,-93,HAYIR,HAYIR
2026-08-19 12:13:25.604,0.60,-0.00,36,0.9,14.9,0.130,-93.4,-93,HAYIR,HAYIR
2026-08-19 12:13:25.625,0.60,-0.00,36,0.9,14.9,0.130,-93.4,-93,HAYIR,HAYIR
2026-08-19 12:13:25.645,0.60,-0.00,36,0.9,14.9,0.130,-93.4,-93,HAYIR,HAYIR
2026-08-19 12:13:25.665,0.60,-0.00,36,0.9,14.9,0.130,-93.4,-93,HAYIR,HAYIR
2026-08-19 12:13:25.685,0.60,-0.00,36,0.9,14.9,0.130,-93.4,-93,HAYIR,HAYIR
2026-08-19 12:13:25.704,0.60,-0.00,36,0.9,15.0,0.130,-93.4,-93,HAYIR,HAYIR
2026-08-19 12:13:25.725,0.60,-0.00,36,0.9,15.0,0.130,-93.4,-93,HAYIR,HAYIR
2026-08-19 12:13:25.745,0.60,-0.00,36,0.9,15.0,0.130,-93.4,-93,HAYIR,HAYIR
2026-08-19 12:13:25.764,0.60,-0.00,36,0.9,15.0,0.130,-93.4,-93,HAYIR,HAYIR
2026-08-19 12:13:25.784,0.60,-0.00,36,0.9,15.0,0.130,-93.4,-93,HAYIR,HAYIR
2026-08-19 12:13:25.804,0.60,-0.00,36,0.9,15.1,0.130,-93.1,-93,HAYIR,HAYIR
2026-08-19 12:13:25.824,0.60,-0.00,36,0.9,15.1,0.130,-93.1,-93,HAYIR,HAYIR
2026-08-19 12:13:25.845,0.60,-0.00,36,0.9,15.1,0.130,-93.1,-93,HAYIR,HAYIR
2026-08-19 12:13:25.865,0.60,-0.00,36,0.9,15.1,0.130,-93.1,-93,HAYIR,HAYIR
2026-08-19 12:13:25.884,0.60,-0.00,36,0.9,15.1,0.130,-93.1,-93,HAYIR,HAYIR
2026-08-19 12:13:25.904,0.60,-0.00,36,0.9,15.2,0.129,-93.1,-93,HAYIR,HAYIR
2026-08-19 12:13:25.925,0.60,-0.00,36,0.9,15.2,0.129,-93.1,-93,HAYIR,HAYIR
2026-08-19 12:13:25.945,0.60,-0.00,36,0.9,15.2,0.129,-93.1,-93,HAYIR,HAYIR
2026-08-19 12:13:25.964,0.60,-0.00,36,0.9,15.2,0.130,-93.5,-94,HAYIR,HAYIR
2026-08-19 12:13:25.985,0.60,-0.00,36,0.9,15.2,0.130,-93.5,-94,HAYIR,HAYIR
2026-08-19 12:13:26.004,0.60,-0.00,36,0.9,15.3,0.130,-93.5,-94,HAYIR,HAYIR
2026-08-19 12:13:26.025,0.60,-0.00,36,0.9,15.3,0.130,-93.5,-94,HAYIR,HAYIR
2026-08-19 12:13:26.045,0.60,-0.00,36,0.9,15.3,0.130,-93.5,-94,HAYIR,HAYIR
2026-08-19 12:13:26.064,0.60,-0.00,36,0.9,15.3,0.130,-93.5,-94,HAYIR,HAYIR
2026-08-19 12:13:26.084,0.60,-0.00,36,0.9,15.3,0.130,-93.5,-94,HAYIR,HAYIR
2026-08-19 12:13:26.104,0.60,-0.00,36,0.9,15.4,0.130,-93.2,-93,HAYIR,HAYIR
2026-08-19 12:13:26.124,0.60,-0.00,36,0.9,15.4,0.130,-93.2,-93,HAYIR,HAYIR
2026-08-19 12:13:26.144,0.60,-0.00,36,0.9,15.4,0.130,-93.2,-93,HAYIR,HAYIR
2026-08-19 12:13:26.164,0.60,-0.00,36,0.9,15.4,0.130,-93.2,-93,HAYIR,HAYIR
2026-08-19 12:13:26.184,0.60,-0.00,36,0.9,15.4,0.130,-93.2,-93,HAYIR,HAYIR
2026-08-19 12:13:26.204,0.60,-0.00,36,0.9,15.5,0.130,-93.3,-93,HAYIR,HAYIR
2026-08-19 12:13:26.224,0.60,-0.00,36,0.9,15.5,0.130,-93.3,-93,HAYIR,HAYIR
2026-08-19 12:13:26.244,0.60,-0.00,36,0.9,15.5,0.130,-93.3,-93,HAYIR,HAYIR
2026-08-19 12:13:26.265,0.60,-0.00,36,0.9,15.5,0.130,-93.3,-93,HAYIR,HAYIR
2026-08-19 12:13:26.284,0.60,-0.00,36,0.9,15.5,0.130,-93.3,-93,HAYIR,HAYIR
2026-08-19 12:13:26.304,0.60,-0.00,36,0.9,15.6,0.130,-93.4,-93,HAYIR,HAYIR
2026-08-19 12:13:26.324,0.60,-0.00,36,0.9,15.6,0.130,-93.4,-93,HAYIR,HAYIR
2026-08-19 12:13:26.344,0.60,-0.00,36,0.9,15.6,0.130,-93.4,-93,HAYIR,HAYIR
2026-08-19 12:13:26.364,0.60,-0.00,36,0.9,15.6,0.130,-93.4,-93,HAYIR,HAYIR
2026-08-19 12:13:26.385,0.60,-0.00,36,0.9,15.6,0.130,-93.4,-93,HAYIR,HAYIR
2026-08-19 12:13:26.404,0.60,-0.00,36,0.9,15.7,0.130,-93.4,-93,HAYIR,HAYIR
2026-08-19 12:13:26.424,0.60,-0.00,36,0.9,15.7,0.130,-93.4,-93,HAYIR,HAYIR
2026-08-19 12:13:26.444,0.60,-0.00,36,0.9,15.7,0.130,-93.4,-93,HAYIR,HAYIR
2026-08-19 12:13:26.464,0.60,-0.00,36,0.9,15.7,0.130,-93.4,-93,HAYIR,HAYIR
2026-08-19 12:13:26.484,0.60,-0.00,36,0.9,15.7,0.130,-93.4,-93,HAYIR,HAYIR
2026-08-19 12:13:26.504,0.60,-0.00,36,0.9,15.8,0.129,-92.9,-93,HAYIR,HAYIR
2026-08-19 12:13:26.524,0.60,-0.00,36,0.9,15.8,0.129,-92.9,-93,HAYIR,HAYIR
2026-08-19 12:13:26.545,0.60,-0.00,36,0.9,15.8,0.129,-92.9,-93,HAYIR,HAYIR
2026-08-19 12:13:26.564,0.60,-0.00,36,0.9,15.8,0.129,-92.9,-93,HAYIR,HAYIR
2026-08-19 12:13:26.584,0.60,-0.00,36,0.9,15.8,0.129,-92.9,-93,HAYIR,HAYIR
2026-08-19 12:13:26.604,0.60,-0.00,36,0.9,15.9,0.129,-92.9,-93,HAYIR,HAYIR
2026-08-19 12:13:26.624,0.60,-0.00,36,0.9,15.9,0.129,-92.9,-93,HAYIR,HAYIR
2026-08-19 12:13:26.644,0.60,-0.00,36,0.9,15.9,0.129,-92.9,-93,HAYIR,HAYIR
2026-08-19 12:13:26.665,0.60,-0.00,36,0.9,15.9,0.130,-93.6,-93,HAYIR,HAYIR
2026-08-19 12:13:26.684,0.60,-0.00,36,0.9,15.9,0.130,-93.6,-94,HAYIR,HAYIR
2026-08-19 12:13:26.704,0.60,-0.00,36,0.9,16.0,0.130,-93.6,-94,HAYIR,HAYIR
2026-08-19 12:13:26.724,0.60,-0.00,36,0.9,16.0,0.130,-93.6,-94,HAYIR,HAYIR
2026-08-19 12:13:26.744,0.60,-0.00,36,0.9,16.0,0.130,-93.6,-94,HAYIR,HAYIR
2026-08-19 12:13:26.764,0.60,-0.00,36,0.9,16.0,0.130,-93.6,-94,HAYIR,HAYIR
2026-08-19 12:13:26.784,0.60,-0.00,36,0.9,16.0,0.130,-93.6,-94,HAYIR,HAYIR
2026-08-19 12:13:26.804,0.60,-0.00,36,0.9,16.1,0.129,-92.9,-93,HAYIR,HAYIR
2026-08-19 12:13:26.824,0.60,-0.00,36,0.9,16.1,0.129,-92.9,-93,HAYIR,HAYIR
2026-08-19 12:13:26.844,0.60,-0.00,36,0.9,16.1,0.129,-92.9,-93,HAYIR,HAYIR
2026-08-19 12:13:26.865,0.60,-0.00,36,0.9,16.1,0.129,-92.9,-93,HAYIR,HAYIR
2026-08-19 12:13:26.884,0.60,-0.00,36,0.9,16.1,0.129,-92.9,-93,HAYIR,HAYIR
2026-08-19 12:13:26.904,0.60,-0.00,36,0.9,16.2,0.129,-92.8,-93,HAYIR,HAYIR
2026-08-19 12:13:26.925,0.60,-0.00,36,0.9,16.2,0.129,-92.8,-93,HAYIR,HAYIR
2026-08-19 12:13:26.944,0.60,-0.00,36,0.9,16.2,0.129,-92.8,-93,HAYIR,HAYIR
2026-08-19 12:13:26.964,0.60,-0.00,36,0.9,16.2,0.130,-93.1,-93,HAYIR,HAYIR
2026-08-19 12:13:26.984,0.60,-0.00,36,0.9,16.2,0.130,-93.1,-93,HAYIR,HAYIR
2026-08-19 12:13:27.004,0.60,-0.00,36,0.9,16.3,0.130,-93.1,-93,HAYIR,HAYIR
2026-08-19 12:13:27.025,0.60,-0.00,36,0.9,16.3,0.130,-93.1,-93,HAYIR,HAYIR
2026-08-19 12:13:27.045,0.60,-0.00,36,0.9,16.3,0.130,-93.1,-93,HAYIR,HAYIR
2026-08-19 12:13:27.065,0.60,-0.00,36,0.9,16.3,0.130,-93.1,-93,HAYIR,HAYIR
2026-08-19 12:13:27.084,0.60,-0.00,36,0.9,16.3,0.130,-93.1,-93,HAYIR,HAYIR
2026-08-19 12:13:27.104,0.60,-0.00,36,0.9,16.4,0.129,-92.9,-93,HAYIR,HAYIR
2026-08-19 12:13:27.124,0.60,-0.00,36,0.9,16.4,0.129,-92.9,-93,HAYIR,HAYIR
2026-08-19 12:13:27.144,0.60,-0.00,36,0.9,16.4,0.129,-92.9,-93,HAYIR,HAYIR
2026-08-19 12:13:27.164,0.60,-0.00,36,0.9,16.4,0.129,-92.9,-93,HAYIR,HAYIR
2026-08-19 12:13:27.184,0.60,-0.00,36,0.9,16.4,0.129,-92.9,-93,HAYIR,HAYIR
2026-08-19 12:13:27.204,0.60,-0.00,36,0.9,16.5,0.129,-92.9,-93,HAYIR,HAYIR
2026-08-19 12:13:27.224,0.60,-0.00,36,0.9,16.5,0.129,-92.9,-93,HAYIR,HAYIR
2026-08-19 12:13:27.244,0.60,-0.00,36,0.9,16.5,0.129,-92.9,-93,HAYIR,HAYIR
2026-08-19 12:13:27.264,0.60,-0.00,36,0.9,16.5,0.129,-93.0,-93,HAYIR,HAYIR
2026-08-19 12:13:27.284,0.60,-0.00,36,0.9,16.5,0.129,-93.0,-93,HAYIR,HAYIR
2026-08-19 12:13:27.304,0.60,-0.00,36,0.9,16.6,0.129,-93.0,-93,HAYIR,HAYIR
2026-08-19 12:13:27.325,0.60,-0.00,36,0.9,16.6,0.129,-93.0,-93,HAYIR,HAYIR
2026-08-19 12:13:27.345,0.60,-0.00,36,0.9,16.6,0.129,-93.0,-93,HAYIR,HAYIR
2026-08-19 12:13:27.364,0.60,-0.00,36,0.9,16.6,0.129,-93.0,-93,HAYIR,HAYIR
2026-08-19 12:13:27.384,0.60,-0.00,36,0.9,16.6,0.129,-93.0,-93,HAYIR,HAYIR
2026-08-19 12:13:27.404,0.60,-0.00,36,0.9,16.7,0.129,-92.8,-93,HAYIR,HAYIR
2026-08-19 12:13:27.424,0.60,-0.00,36,0.9,16.7,0.129,-92.8,-93,HAYIR,HAYIR
2026-08-19 12:13:27.444,0.60,-0.00,36,0.9,16.7,0.129,-92.8,-93,HAYIR,HAYIR
2026-08-19 12:13:27.464,0.60,-0.00,36,0.9,16.7,0.129,-92.8,-93,HAYIR,HAYIR
2026-08-19 12:13:27.485,0.60,-0.00,36,0.9,16.7,0.129,-92.8,-93,HAYIR,HAYIR
2026-08-19 12:13:27.504,0.60,-0.00,36,0.9,16.8,0.129,-92.8,-93,HAYIR,HAYIR
2026-08-19 12:13:27.525,0.60,-0.00,36,0.9,16.8,0.129,-92.8,-93,HAYIR,HAYIR
2026-08-19 12:13:27.545,0.60,-0.00,36,0.9,16.8,0.129,-92.8,-93,HAYIR,HAYIR
2026-08-19 12:13:27.564,0.60,-0.00,36,0.9,16.8,0.129,-92.8,-93,HAYIR,HAYIR
2026-08-19 12:13:27.585,0.60,-0.00,36,0.9,16.8,0.129,-92.8,-93,HAYIR,HAYIR
2026-08-19 12:13:27.604,0.60,-0.00,36,0.9,16.9,0.129,-92.8,-93,HAYIR,HAYIR
2026-08-19 12:13:27.625,0.60,-0.00,36,0.9,16.9,0.129,-92.8,-93,HAYIR,HAYIR
2026-08-19 12:13:27.645,0.60,-0.00,36,0.9,16.9,0.129,-92.8,-93,HAYIR,HAYIR
2026-08-19 12:13:27.665,0.60,-0.00,36,0.9,16.9,0.128,-92.1,-92,HAYIR,HAYIR
2026-08-19 12:13:27.684,0.60,-0.00,36,0.9,16.9,0.128,-92.1,-92,HAYIR,HAYIR
2026-08-19 12:13:27.704,0.60,-0.00,36,0.9,17.0,0.128,-92.1,-92,HAYIR,HAYIR
2026-08-19 12:13:27.725,0.60,-0.00,36,0.9,17.0,0.128,-92.1,-92,HAYIR,HAYIR
2026-08-19 12:13:27.745,0.60,-0.00,36,0.9,17.0,0.128,-92.1,-92,HAYIR,HAYIR
2026-08-19 12:13:27.764,0.60,-0.00,36,0.9,17.0,0.128,-92.1,-92,HAYIR,HAYIR
2026-08-19 12:13:27.784,0.60,-0.00,36,0.9,17.0,0.128,-92.1,-92,HAYIR,HAYIR
2026-08-19 12:13:27.805,0.60,-0.00,36,0.9,17.1,0.129,-92.8,-93,HAYIR,HAYIR
2026-08-19 12:13:27.824,0.60,-0.00,36,0.9,17.1,0.129,-92.8,-93,HAYIR,HAYIR
2026-08-19 12:13:27.844,0.60,-0.00,36,0.9,17.1,0.129,-92.8,-93,HAYIR,HAYIR
2026-08-19 12:13:27.865,0.60,-0.00,36,0.9,17.1,0.129,-92.8,-93,HAYIR,HAYIR
2026-08-19 12:13:27.884,0.60,-0.00,36,0.9,17.1,0.129,-92.8,-93,HAYIR,HAYIR
2026-08-19 12:13:27.905,0.60,-0.00,36,0.9,17.2,0.129,-92.8,-93,HAYIR,HAYIR
2026-08-19 12:13:27.925,0.60,-0.00,36,0.9,17.2,0.129,-92.8,-93,HAYIR,HAYIR
2026-08-19 12:13:27.945,0.60,-0.00,36,0.9,17.2,0.129,-92.8,-93,HAYIR,HAYIR
2026-08-19 12:13:27.964,0.60,-0.00,36,0.9,17.2,0.129,-93.0,-93,HAYIR,HAYIR
2026-08-19 12:13:27.984,0.60,-0.00,36,0.9,17.2,0.129,-93.0,-93,HAYIR,HAYIR
2026-08-19 12:13:28.004,0.60,-0.00,36,0.9,17.3,0.129,-93.0,-93,HAYIR,HAYIR
2026-08-19 12:13:28.024,0.60,-0.00,36,0.9,17.3,0.129,-93.0,-93,HAYIR,HAYIR
2026-08-19 12:13:28.044,0.60,-0.00,36,0.9,17.3,0.129,-93.0,-93,HAYIR,HAYIR
2026-08-19 12:13:28.065,0.60,-0.00,36,0.9,17.3,0.129,-93.0,-93,HAYIR,HAYIR
2026-08-19 12:13:28.084,0.60,-0.00,36,0.9,17.3,0.129,-93.0,-93,HAYIR,HAYIR
2026-08-19 12:13:28.104,0.60,-0.00,36,0.9,17.4,0.129,-92.8,-93,HAYIR,HAYIR
2026-08-19 12:13:28.125,0.60,-0.00,36,0.9,17.4,0.129,-92.8,-93,HAYIR,HAYIR
2026-08-19 12:13:28.145,0.60,-0.00,36,0.9,17.4,0.129,-92.8,-93,HAYIR,HAYIR
2026-08-19 12:13:28.164,0.60,-0.00,36,0.9,17.4,0.129,-92.8,-93,HAYIR,HAYIR
2026-08-19 12:13:28.184,0.60,-0.00,36,0.9,17.4,0.129,-92.8,-93,HAYIR,HAYIR
2026-08-19 12:13:28.204,0.60,-0.00,36,0.9,17.5,0.129,-92.9,-93,HAYIR,HAYIR
2026-08-19 12:13:28.224,0.60,-0.00,36,0.9,17.5,0.129,-92.9,-93,HAYIR,HAYIR
2026-08-19 12:13:28.244,0.60,-0.00,36,0.9,17.5,0.129,-92.9,-93,HAYIR,HAYIR
2026-08-19 12:13:28.265,0.60,-0.00,36,0.9,17.5,0.129,-92.9,-93,HAYIR,HAYIR
2026-08-19 12:13:28.284,0.60,-0.00,36,0.9,17.5,0.129,-92.9,-93,HAYIR,HAYIR
2026-08-19 12:13:28.304,0.60,-0.00,36,0.9,17.6,0.129,-93.0,-93,HAYIR,HAYIR
2026-08-19 12:13:28.325,0.60,-0.00,36,0.9,17.6,0.129,-93.0,-93,HAYIR,HAYIR
2026-08-19 12:13:28.345,0.60,-0.00,36,0.9,17.6,0.129,-93.0,-93,HAYIR,HAYIR
2026-08-19 12:13:28.364,0.60,-0.00,36,0.9,17.6,0.129,-93.0,-93,HAYIR,HAYIR
2026-08-19 12:13:28.384,0.60,-0.00,36,0.9,17.6,0.129,-93.0,-93,HAYIR,HAYIR
2026-08-19 12:13:28.404,0.60,-0.00,36,0.9,17.7,0.129,-93.0,-93,HAYIR,HAYIR
2026-08-19 12:13:28.424,0.60,-0.00,36,0.9,17.7,0.129,-93.0,-93,HAYIR,HAYIR
2026-08-19 12:13:28.445,0.60,-0.00,36,0.9,17.7,0.129,-93.0,-93,HAYIR,HAYIR
