Timestamp,HedefLinX_m_s,AnlikHiz_m_s,MotorGucu,TurnBoost,StallBoost,HedefAngZ_rad_s,HedefAci_deg,YayinAci_deg,Fren,GeriVites
2026-08-19 09:27:10.520,0.00,0.00,0,0.0,0.0,0.000,0.0,0,HAYIR,HAYIR
2026-08-19 09:27:10.540,0.00,0.00,0,0.0,0.0,0.000,0.0,0,HAYIR,HAYIR
2026-08-19 09:27:10.560,0.00,0.00,0,0.0,0.0,0.000,0.0,0,HAYIR,HAYIR
2026-08-19 09:27:10.580,0.00,0.00,0,0.0,0.0,0.000,0.0,0,HAYIR,HAYIR
2026-08-19 09:27:10.600,0.00,0.00,0,0.0,0.0,0.000,0.0,0,HAYIR,HAYIR
2026-08-19 09:27:10.620,0.00,0.00,0,0.0,0.0,0.000,0.0,0,HAYIR,HAYIR
2026-08-19 09:27:10.640,0.00,0.00,0,0.0,0.0,0.000,0.0,0,HAYIR,HAYIR
2026-08-19 09:27:10.661,0.00,0.00,0,0.0,0.0,0.000,0.0,0,HAYIR,HAYIR
2026-08-19 09:27:10.680,0.00,0.00,0,0.0,0.0,0.000,0.0,0,HAYIR,HAYIR
2026-08-19 09:27:10.700,0.00,0.00,0,0.0,0.0,0.000,0.0,0,HAYIR,HAYIR
2026-08-19 09:27:10.720,0.00,0.00,0,0.0,0.0,0.000,0.0,0,HAYIR,HAYIR
2026-08-19 09:27:10.740,0.00,0.00,0,0.0,0.0,0.000,0.0,0,HAYIR,HAYIR
2026-08-19 09:27:10.760,0.00,0.00,0,0.0,0.0,0.000,0.0,0,HAYIR,HAYIR
2026-08-19 09:27:10.780,0.00,0.00,0,0.0,0.0,0.000,0.0,0,HAYIR,HAYIR
2026-08-19 09:27:10.800,0.00,0.00,0,0.0,0.0,0.000,0.0,0,HAYIR,HAYIR
2026-08-19 09:27:10.820,0.00,0.00,0,0.0,0.0,0.000,0.0,0,HAYIR,HAYIR
2026-08-19 09:27:10.840,0.00,0.00,0,0.0,0.0,0.000,0.0,0,HAYIR,HAYIR
2026-08-19 09:27:10.860,0.00,0.00,0,0.0,0.0,0.000,0.0,0,HAYIR,HAYIR
2026-08-19 09:27:10.880,0.00,0.00,0,0.0,0.0,0.000,0.0,0,HAYIR,HAYIR
2026-08-19 09:27:10.900,0.00,0.00,0,0.0,0.0,0.000,0.0,0,HAYIR,HAYIR
2026-08-19 09:27:10.920,0.00,0.00,0,0.0,0.0,0.000,0.0,0,HAYIR,HAYIR
2026-08-19 09:27:10.940,0.00,0.00,0,0.0,0.0,0.000,0.0,0,HAYIR,HAYIR
2026-08-19 09:27:10.960,0.00,0.00,0,0.0,0.0,0.000,0.0,0,HAYIR,HAYIR
2026-08-19 09:27:10.980,0.00,0.00,0,0.0,0.0,0.000,0.0,0,HAYIR,HAYIR
2026-08-19 09:27:11.000,0.00,0.00,0,0.0,0.0,0.000,0.0,0,HAYIR,HAYIR
2026-08-19 09:27:11.020,0.00,0.00,0,0.0,0.0,0.000,0.0,0,HAYIR,HAYIR
2026-08-19 09:27:11.040,0.00,0.00,0,0.0,0.0,0.000,0.0,0,HAYIR,HAYIR
2026-08-19 09:27:11.060,0.00,0.00,0,0.0,0.0,0.000,0.0,0,HAYIR,HAYIR
2026-08-19 09:27:11.080,0.00,0.00,0,0.0,0.0,0.000,0.0,0,HAYIR,HAYIR
2026-08-19 09:27:11.100,0.00,0.00,0,0.0,0.0,0.000,0.0,0,HAYIR,HAYIR
2026-08-19 09:27:11.120,0.00,0.00,0,0.0,0.0,0.000,0.0,0,HAYIR,HAYIR
2026-08-19 09:27:11.140,0.00,0.00,0,0.0,0.0,0.000,0.0,0,HAYIR,HAYIR
2026-08-19 09:27:11.160,0.00,0.00,0,0.0,0.0,0.000,0.0,0,HAYIR,HAYIR
2026-08-19 09:27:11.180,0.00,0.00,0,0.0,0.0,0.000,0.0,0,HAYIR,HAYIR
2026-08-19 09:27:11.201,0.00,0.00,0,0.0,0.0,0.000,0.0,0,HAYIR,HAYIR
2026-08-19 09:27:11.221,0.00,0.00,0,0.0,0.0,0.000,0.0,0,HAYIR,HAYIR
2026-08-19 09:27:11.240,0.00,0.00,0,0.0,0.0,0.000,0.0,0,HAYIR,HAYIR
2026-08-19 09:27:11.260,0.00,0.00,0,0.0,0.0,0.000,0.0,0,HAYIR,HAYIR
2026-08-19 09:27:11.280,0.00,0.00,0,0.0,0.0,0.000,0.0,0,HAYIR,HAYIR
2026-08-19 09:27:11.300,0.00,0.00,0,0.0,0.0,0.000,0.0,0,HAYIR,HAYIR
2026-08-19 09:27:11.320,0.00,0.00,0,0.0,0.0,0.000,0.0,0,HAYIR,HAYIR
2026-08-19 09:27:11.340,0.00,0.00,0,0.0,0.0,0.000,0.0,0,HAYIR,HAYIR
2026-08-19 09:27:11.360,0.00,0.00,0,0.0,0.0,0.000,0.0,0,HAYIR,HAYIR
2026-08-19 09:27:11.380,0.00,0.00,0,0.0,0.0,0.000,0.0,0,HAYIR,HAYIR
2026-08-19 09:27:11.400,0.00,0.00,0,0.0,0.0,0.000,0.0,0,HAYIR,HAYIR
2026-08-19 09:27:11.420,0.00,0.00,0,0.0,0.0,0.000,0.0,0,HAYIR,HAYIR
2026-08-19 09:27:11.440,0.00,0.00,0,0.0,0.0,0.000,0.0,0,HAYIR,HAYIR
2026-08-19 09:27:11.460,0.00,0.00,0,0.0,0.0,0.000,0.0,0,HAYIR,HAYIR
2026-08-19 09:27:11.480,0.00,0.00,0,0.0,0.0,0.000,0.0,0,HAYIR,HAYIR
2026-08-19 09:27:11.500,0.00,0.00,0,0.0,0.0,0.000,0.0,0,HAYIR,HAYIR
2026-08-19 09:27:11.520,0.00,0.00,0,0.0,0.0,0.000,0.0,0,HAYIR,HAYIR
2026-08-19 09:27:11.540,0.00,0.00,0,0.0,0.0,0.000,0.0,0,HAYIR,HAYIR
2026-08-19 09:27:11.561,0.00,0.00,0,0.0,0.0,0.000,0.0,0,HAYIR,HAYIR
2026-08-19 09:27:11.580,0.00,0.00,0,0.0,0.0,0.000,0.0,0,HAYIR,HAYIR
2026-08-19 09:27:11.601,0.00,0.00,0,0.0,0.0,0.000,0.0,0,HAYIR,HAYIR
2026-08-19 09:27:11.620,0.00,0.00,0,0.0,0.0,0.000,0.0,0,HAYIR,HAYIR
2026-08-19 09:27:11.640,0.00,0.00,0,0.0,0.0,0.000,0.0,0,HAYIR,HAYIR
2026-08-19 09:27:11.660,0.00,0.00,0,0.0,0.0,0.000,0.0,0,HAYIR,HAYIR
2026-08-19 09:27:11.680,0.00,0.00,0,0.0,0.0,0.000,0.0,0,HAYIR,HAYIR
2026-08-19 09:27:11.700,0.00,0.00,0,0.0,0.0,0.000,0.0,0,HAYIR,HAYIR
2026-08-19 09:27:11.720,0.00,0.00,0,0.0,0.0,0.000,0.0,0,HAYIR,HAYIR
2026-08-19 09:27:11.740,0.00,0.00,0,0.0,0.0,0.000,0.0,0,HAYIR,HAYIR
2026-08-19 09:27:11.761,0.00,0.00,0,0.0,0.0,0.000,0.0,0,HAYIR,HAYIR
2026-08-19 09:27:11.780,0.00,0.00,0,0.0,0.0,0.000,0.0,0,HAYIR,HAYIR
2026-08-19 09:27:11.800,0.00,0.00,0,0.0,0.0,0.000,0.0,0,HAYIR,HAYIR
2026-08-19 09:27:11.820,0.00,0.00,0,0.0,0.0,0.000,0.0,0,HAYIR,HAYIR
2026-08-19 09:27:11.840,0.00,0.00,0,0.0,0.0,0.000,0.0,0,HAYIR,HAYIR
2026-08-19 09:27:11.861,0.00,0.00,0,0.0,0.0,0.000,0.0,0,HAYIR,HAYIR
2026-08-19 09:27:11.880,0.00,0.00,0,0.0,0.0,0.000,0.0,0,HAYIR,HAYIR
2026-08-19 09:27:11.900,0.00,0.00,0,0.0,0.0,0.000,0.0,0,HAYIR,HAYIR
2026-08-19 09:27:11.920,0.00,0.00,0,0.0,0.0,0.000,0.0,0,HAYIR,HAYIR
2026-08-19 09:27:11.940,0.00,0.00,0,0.0,0.0,0.000,0.0,0,HAYIR,HAYIR
2026-08-19 09:27:11.960,0.00,0.00,0,0.0,0.0,0.000,0.0,0,HAYIR,HAYIR
2026-08-19 09:27:11.980,0.00,0.00,0,0.0,0.0,0.000,0.0,0,HAYIR,HAYIR
2026-08-19 09:27:12.000,0.00,0.00,0,0.0,0.0,0.000,0.0,0,HAYIR,HAYIR
2026-08-19 09:27:12.021,0.00,0.00,0,0.0,0.0,0.000,0.0,0,HAYIR,HAYIR
2026-08-19 09:27:12.041,0.00,0.00,0,0.0,0.0,0.000,0.0,0,HAYIR,HAYIR
2026-08-19 09:27:12.060,0.00,0.00,0,0.0,0.0,0.000,0.0,0,HAYIR,HAYIR
2026-08-19 09:27:12.080,0.00,0.00,0,0.0,0.0,0.000,0.0,0,HAYIR,HAYIR
2026-08-19 09:27:12.100,0.00,0.00,0,0.0,0.0,0.000,0.0,0,HAYIR,HAYIR
2026-08-19 09:27:12.120,0.00,0.00,0,0.0,0.0,0.000,0.0,0,HAYIR,HAYIR
2026-08-19 09:27:12.140,0.00,0.00,0,0.0,0.0,0.000,0.0,0,HAYIR,HAYIR
2026-08-19 09:27:12.160,0.00,0.00,0,0.0,0.0,0.000,0.0,0,HAYIR,HAYIR
2026-08-19 09:27:12.180,0.00,0.00,0,0.0,0.0,0.000,0.0,0,HAYIR,HAYIR
2026-08-19 09:27:12.200,0.00,0.00,0,0.0,0.0,0.000,0.0,0,HAYIR,HAYIR
2026-08-19 09:27:12.220,0.00,0.00,0,0.0,0.0,0.000,0.0,0,HAYIR,HAYIR
2026-08-19 09:27:12.240,0.00,0.00,0,0.0,0.0,0.000,0.0,0,HAYIR,HAYIR
2026-08-19 09:27:12.260,0.00,0.00,0,0.0,0.0,0.000,0.0,0,HAYIR,HAYIR
2026-08-19 09:27:12.280,0.00,0.00,0,0.0,0.0,0.000,0.0,0,HAYIR,HAYIR
2026-08-19 09:27:12.300,0.00,0.00,0,0.0,0.0,0.000,0.0,0,HAYIR,HAYIR
2026-08-19 09:27:12.320,0.00,0.00,0,0.0,0.0,0.000,0.0,0,HAYIR,HAYIR
2026-08-19 09:27:12.340,0.00,0.00,0,0.0,0.0,0.000,0.0,0,HAYIR,HAYIR
2026-08-19 09:27:12.360,0.00,0.00,0,0.0,0.0,0.000,0.0,0,HAYIR,HAYIR
2026-08-19 09:27:12.380,0.00,0.00,0,0.0,0.0,0.000,0.0,0,HAYIR,HAYIR
2026-08-19 09:27:12.400,0.00,0.00,0,0.0,0.0,0.000,0.0,0,HAYIR,HAYIR
2026-08-19 09:27:12.420,0.00,0.00,0,0.0,0.0,0.000,0.0,0,HAYIR,HAYIR
2026-08-19 09:27:12.440,0.00,0.00,0,0.0,0.0,0.000,0.0,0,HAYIR,HAYIR
2026-08-19 09:27:12.460,0.00,0.00,0,0.0,0.0,0.000,0.0,0,HAYIR,HAYIR
2026-08-19 09:27:12.480,0.00,0.00,0,0.0,0.0,0.000,0.0,0,HAYIR,HAYIR
2026-08-19 09:27:12.500,0.00,0.00,0,0.0,0.0,0.000,0.0,0,HAYIR,HAYIR
2026-08-19 09:27:12.520,0.00,0.00,0,0.0,0.0,0.000,0.0,0,HAYIR,HAYIR
2026-08-19 09:27:12.540,0.00,0.00,0,0.0,0.0,0.000,0.0,0,HAYIR,HAYIR
2026-08-19 09:27:12.560,0.00,0.00,0,0.0,0.0,0.000,0.0,0,HAYIR,HAYIR
2026-08-19 09:27:12.580,0.00,0.00,0,0.0,0.0,0.000,0.0,0,HAYIR,HAYIR
2026-08-19 09:27:12.600,0.00,0.00,0,0.0,0.0,0.000,0.0,0,HAYIR,HAYIR
2026-08-19 09:27:12.620,0.00,0.00,0,0.0,0.0,0.000,0.0,0,HAYIR,HAYIR
2026-08-19 09:27:12.640,0.00,0.00,0,0.0,0.0,0.000,0.0,0,HAYIR,HAYIR
2026-08-19 09:27:12.660,0.00,0.00,0,0.0,0.0,0.000,0.0,0,HAYIR,HAYIR
2026-08-19 09:27:12.680,0.00,0.00,0,0.0,0.0,0.000,0.0,0,HAYIR,HAYIR
2026-08-19 09:27:12.700,0.00,0.00,0,0.0,0.0,0.000,0.0,0,HAYIR,HAYIR
2026-08-19 09:27:12.720,0.00,0.00,0,0.0,0.0,0.000,0.0,0,HAYIR,HAYIR
2026-08-19 09:27:12.740,0.00,0.00,0,0.0,0.0,0.000,0.0,0,HAYIR,HAYIR
2026-08-19 09:27:12.760,0.00,0.00,0,0.0,0.0,0.000,0.0,0,HAYIR,HAYIR
2026-08-19 09:27:12.780,0.00,0.00,0,0.0,0.0,0.000,0.0,0,HAYIR,HAYIR
2026-08-19 09:27:12.800,0.00,0.00,0,0.0,0.0,0.000,0.0,0,HAYIR,HAYIR
2026-08-19 09:27:12.820,0.00,0.00,0,0.0,0.0,0.000,0.0,0,HAYIR,HAYIR
2026-08-19 09:27:12.840,0.00,0.00,0,0.0,0.0,0.000,0.0,0,HAYIR,HAYIR
2026-08-19 09:27:12.860,0.00,0.00,0,0.0,0.0,0.000,0.0,0,HAYIR,HAYIR
2026-08-19 09:27:12.880,0.00,0.00,0,0.0,0.0,0.000,0.0,0,HAYIR,HAYIR
2026-08-19 09:27:12.900,0.00,0.00,0,0.0,0.0,0.000,0.0,0,HAYIR,HAYIR
2026-08-19 09:27:12.920,0.00,0.00,0,0.0,0.0,0.000,0.0,0,HAYIR,HAYIR
2026-08-19 09:27:12.940,0.00,0.00,0,0.0,0.0,0.000,0.0,0,HAYIR,HAYIR
2026-08-19 09:27:12.960,0.00,0.00,0,0.0,0.0,0.000,0.0,0,HAYIR,HAYIR
2026-08-19 09:27:12.980,0.00,0.00,0,0.0,0.0,0.000,0.0,0,HAYIR,HAYIR
2026-08-19 09:27:13.000,0.00,0.00,0,0.0,0.0,0.000,0.0,0,HAYIR,HAYIR
2026-08-19 09:27:13.020,0.00,0.00,0,0.0,0.0,0.000,0.0,0,HAYIR,HAYIR
2026-08-19 09:27:13.040,0.00,0.00,0,0.0,0.0,0.000,0.0,0,HAYIR,HAYIR
2026-08-19 09:27:13.060,0.00,0.00,0,0.0,0.0,0.000,0.0,0,HAYIR,HAYIR
2026-08-19 09:27:13.080,0.00,0.00,0,0.0,0.0,0.000,0.0,0,HAYIR,HAYIR
2026-08-19 09:27:13.100,0.00,0.00,0,0.0,0.0,0.000,0.0,0,HAYIR,HAYIR
2026-08-19 09:27:13.120,0.00,0.00,0,0.0,0.0,0.000,0.0,0,HAYIR,HAYIR
2026-08-19 09:27:13.140,0.00,0.00,0,0.0,0.0,0.000,0.0,0,HAYIR,HAYIR
2026-08-19 09:27:13.160,0.00,0.00,0,0.0,0.0,0.000,0.0,0,HAYIR,HAYIR
2026-08-19 09:27:13.180,0.00,0.00,0,0.0,0.0,0.000,0.0,0,HAYIR,HAYIR
2026-08-19 09:27:13.200,0.00,0.00,0,0.0,0.0,0.000,0.0,0,HAYIR,HAYIR
2026-08-19 09:27:13.220,0.00,0.00,0,0.0,0.0,0.000,0.0,0,HAYIR,HAYIR
2026-08-19 09:27:13.240,0.00,0.00,0,0.0,0.0,0.000,0.0,0,HAYIR,HAYIR
2026-08-19 09:27:13.260,0.00,0.00,0,0.0,0.0,0.000,0.0,0,HAYIR,HAYIR
2026-08-19 09:27:13.280,0.00,0.00,0,0.0,0.0,0.000,0.0,0,HAYIR,HAYIR
2026-08-19 09:27:13.300,0.00,0.00,0,0.0,0.0,0.000,0.0,0,HAYIR,HAYIR
2026-08-19 09:27:13.320,0.00,0.00,0,0.0,0.0,0.000,0.0,0,HAYIR,HAYIR
2026-08-19 09:27:13.340,0.00,0.00,0,0.0,0.0,0.000,0.0,0,HAYIR,HAYIR
2026-08-19 09:27:13.361,0.00,0.00,0,0.0,0.0,0.000,0.0,0,HAYIR,HAYIR
2026-08-19 09:27:13.380,0.00,0.00,0,0.0,0.0,0.000,0.0,0,HAYIR,HAYIR
2026-08-19 09:27:13.400,0.00,0.00,0,0.0,0.0,0.000,0.0,0,HAYIR,HAYIR
2026-08-19 09:27:13.420,0.00,0.00,0,0.0,0.0,0.000,0.0,0,HAYIR,HAYIR
2026-08-19 09:27:13.440,0.00,0.00,0,0.0,0.0,0.000,0.0,0,HAYIR,HAYIR
2026-08-19 09:27:13.460,0.00,0.00,0,0.0,0.0,0.000,0.0,0,HAYIR,HAYIR
2026-08-19 09:27:13.480,0.00,0.00,0,0.0,0.0,0.000,0.0,0,HAYIR,HAYIR
2026-08-19 09:27:13.500,0.00,0.00,0,0.0,0.0,0.000,0.0,0,HAYIR,HAYIR
2026-08-19 09:27:13.520,0.00,0.00,0,0.0,0.0,0.000,0.0,0,HAYIR,HAYIR
2026-08-19 09:27:13.540,0.00,0.00,0,0.0,0.0,0.000,0.0,0,HAYIR,HAYIR
2026-08-19 09:27:13.561,0.00,0.00,0,0.0,0.0,0.000,0.0,0,HAYIR,HAYIR
2026-08-19 09:27:13.580,0.00,0.00,0,0.0,0.0,0.000,0.0,0,HAYIR,HAYIR
2026-08-19 09:27:13.600,0.00,0.00,0,0.0,0.0,0.000,0.0,0,HAYIR,HAYIR
2026-08-19 09:27:13.621,0.00,0.00,0,0.0,0.0,0.000,0.0,0,HAYIR,HAYIR
2026-08-19 09:27:13.640,0.00,0.00,0,0.0,0.0,0.000,0.0,0,HAYIR,HAYIR
2026-08-19 09:27:13.660,0.00,0.00,0,0.0,0.0,0.000,0.0,0,HAYIR,HAYIR
2026-08-19 09:27:13.680,0.00,0.00,0,0.0,0.0,0.000,0.0,0,HAYIR,HAYIR
2026-08-19 09:27:13.700,0.00,0.00,0,0.0,0.0,0.000,0.0,0,HAYIR,HAYIR
2026-08-19 09:27:13.720,0.00,0.00,0,0.0,0.0,0.000,0.0,0,HAYIR,HAYIR
2026-08-19 09:27:13.740,0.00,0.00,0,0.0,0.0,0.000,0.0,0,HAYIR,HAYIR
2026-08-19 09:27:13.760,0.00,0.00,0,0.0,0.0,0.000,0.0,0,HAYIR,HAYIR
2026-08-19 09:27:13.780,0.00,0.00,0,0.0,0.0,0.000,0.0,0,HAYIR,HAYIR
2026-08-19 09:27:13.800,0.00,0.00,0,0.0,0.0,0.000,0.0,0,HAYIR,HAYIR
2026-08-19 09:27:13.821,0.00,0.00,0,0.0,0.0,0.000,0.0,0,HAYIR,HAYIR
2026-08-19 09:27:13.840,0.00,0.00,0,0.0,0.0,0.000,0.0,0,HAYIR,HAYIR
2026-08-19 09:27:13.860,0.00,0.00,0,0.0,0.0,0.000,0.0,0,HAYIR,HAYIR
2026-08-19 09:27:13.880,0.00,0.00,0,0.0,0.0,0.000,0.0,0,HAYIR,HAYIR
2026-08-19 09:27:13.900,0.00,0.00,0,0.0,0.0,0.000,0.0,0,HAYIR,HAYIR
2026-08-19 09:27:13.920,0.00,0.00,0,0.0,0.0,0.000,0.0,0,HAYIR,HAYIR
2026-08-19 09:27:13.940,0.00,0.00,0,0.0,0.0,0.000,0.0,0,HAYIR,HAYIR
2026-08-19 09:27:13.960,0.00,0.00,0,0.0,0.0,0.000,0.0,0,HAYIR,HAYIR
2026-08-19 09:27:13.980,0.00,0.00,0,0.0,0.0,0.000,0.0,0,HAYIR,HAYIR
2026-08-19 09:27:14.000,0.00,0.00,0,0.0,0.0,0.000,0.0,0,HAYIR,HAYIR
2026-08-19 09:27:14.021,0.00,0.00,0,0.0,0.0,0.000,0.0,0,HAYIR,HAYIR
2026-08-19 09:27:14.041,0.00,0.00,0,0.0,0.0,0.000,0.0,0,HAYIR,HAYIR
2026-08-19 09:27:14.060,0.00,0.00,0,0.0,0.0,0.000,0.0,0,HAYIR,HAYIR
2026-08-19 09:27:14.080,0.00,0.00,0,0.0,0.0,0.000,0.0,0,HAYIR,HAYIR
2026-08-19 09:27:14.100,0.00,0.00,0,0.0,0.0,0.000,0.0,0,HAYIR,HAYIR
2026-08-19 09:27:14.120,0.00,0.00,0,0.0,0.0,0.000,0.0,0,HAYIR,HAYIR
2026-08-19 09:27:14.140,0.00,0.00,0,0.0,0.0,0.000,0.0,0,HAYIR,HAYIR
2026-08-19 09:27:14.160,0.00,0.00,0,0.0,0.0,0.000,0.0,0,HAYIR,HAYIR
2026-08-19 09:27:14.180,0.00,0.00,0,0.0,0.0,0.000,0.0,0,HAYIR,HAYIR
2026-08-19 09:27:14.200,0.00,0.00,0,0.0,0.0,0.000,0.0,0,HAYIR,HAYIR
2026-08-19 09:27:14.220,0.00,0.00,0,0.0,0.0,0.000,0.0,0,HAYIR,HAYIR
2026-08-19 09:27:14.240,0.00,0.00,0,0.0,0.0,0.000,0.0,0,HAYIR,HAYIR
2026-08-19 09:27:14.260,0.00,0.00,0,0.0,0.0,0.000,0.0,0,HAYIR,HAYIR
2026-08-19 09:27:14.280,0.00,0.00,0,0.0,0.0,0.000,0.0,0,HAYIR,HAYIR
2026-08-19 09:27:14.300,0.00,0.00,0,0.0,0.0,0.000,0.0,0,HAYIR,HAYIR
2026-08-19 09:27:14.320,0.00,0.00,0,0.0,0.0,0.000,0.0,0,HAYIR,HAYIR
2026-08-19 09:27:14.340,0.00,0.00,0,0.0,0.0,0.000,0.0,0,HAYIR,HAYIR
2026-08-19 09:27:14.360,0.00,0.00,0,0.0,0.0,0.000,0.0,0,HAYIR,HAYIR
2026-08-19 09:27:14.380,0.00,0.00,0,0.0,0.0,0.000,0.0,0,HAYIR,HAYIR
2026-08-19 09:27:14.400,0.00,0.00,0,0.0,0.0,0.000,0.0,0,HAYIR,HAYIR
2026-08-19 09:27:14.420,0.00,0.00,0,0.0,0.0,0.000,0.0,0,HAYIR,HAYIR
2026-08-19 09:27:14.440,0.00,0.00,0,0.0,0.0,0.000,0.0,0,HAYIR,HAYIR
2026-08-19 09:27:14.460,0.00,0.00,0,0.0,0.0,0.000,0.0,0,HAYIR,HAYIR
2026-08-19 09:27:14.480,0.00,0.00,0,0.0,0.0,0.000,0.0,0,HAYIR,HAYIR
2026-08-19 09:27:14.500,0.00,0.00,0,0.0,0.0,0.000,0.0,0,HAYIR,HAYIR
2026-08-19 09:27:14.520,0.00,0.00,0,0.0,0.0,0.000,0.0,0,HAYIR,HAYIR
2026-08-19 09:27:14.540,0.00,0.00,0,0.0,0.0,0.000,0.0,0,HAYIR,HAYIR
2026-08-19 09:27:14.560,0.00,0.00,0,0.0,0.0,0.000,0.0,0,HAYIR,HAYIR
2026-08-19 09:27:14.580,0.00,0.00,0,0.0,0.0,0.000,0.0,0,HAYIR,HAYIR
2026-08-19 09:27:14.600,0.00,0.00,0,0.0,0.0,0.000,0.0,0,HAYIR,HAYIR
2026-08-19 09:27:14.620,0.00,0.00,0,0.0,0.0,0.000,0.0,0,HAYIR,HAYIR
2026-08-19 09:27:14.640,0.00,0.00,0,0.0,0.0,0.000,0.0,0,HAYIR,HAYIR
2026-08-19 09:27:14.660,0.00,0.00,0,0.0,0.0,0.000,0.0,0,HAYIR,HAYIR
2026-08-19 09:27:14.680,0.00,0.00,0,0.0,0.0,0.000,0.0,0,HAYIR,HAYIR
2026-08-19 09:27:14.700,0.00,0.00,0,0.0,0.0,0.000,0.0,0,HAYIR,HAYIR
2026-08-19 09:27:14.720,0.00,0.00,0,0.0,0.0,0.000,0.0,0,HAYIR,HAYIR
2026-08-19 09:27:14.740,0.00,0.00,0,0.0,0.0,0.000,0.0,0,HAYIR,HAYIR
2026-08-19 09:27:14.760,0.00,0.00,0,0.0,0.0,0.000,0.0,0,HAYIR,HAYIR
2026-08-19 09:27:14.780,0.00,0.00,0,0.0,0.0,0.000,0.0,0,HAYIR,HAYIR
2026-08-19 09:27:14.800,0.00,0.00,0,0.0,0.0,0.000,0.0,0,HAYIR,HAYIR
2026-08-19 09:27:14.820,0.00,0.00,0,0.0,0.0,0.000,0.0,0,HAYIR,HAYIR
2026-08-19 09:27:14.840,0.00,0.00,0,0.0,0.0,0.000,0.0,0,HAYIR,HAYIR
2026-08-19 09:27:14.860,0.00,0.00,0,0.0,0.0,0.000,0.0,0,HAYIR,HAYIR
2026-08-19 09:27:14.880,0.00,0.00,0,0.0,0.0,0.000,0.0,0,HAYIR,HAYIR
2026-08-19 09:27:14.900,0.00,0.00,0,0.0,0.0,0.000,0.0,0,HAYIR,HAYIR
2026-08-19 09:27:14.920,0.00,0.00,0,0.0,0.0,0.000,0.0,0,HAYIR,HAYIR
2026-08-19 09:27:14.940,0.00,0.00,0,0.0,0.0,0.000,0.0,0,HAYIR,HAYIR
2026-08-19 09:27:14.960,0.00,0.00,0,0.0,0.0,0.000,0.0,0,HAYIR,HAYIR
2026-08-19 09:27:14.980,0.00,0.00,0,0.0,0.0,0.000,0.0,0,HAYIR,HAYIR
2026-08-19 09:27:15.000,0.00,0.00,0,0.0,0.0,0.000,0.0,0,HAYIR,HAYIR
2026-08-19 09:27:15.020,0.00,0.00,0,0.0,0.0,0.000,0.0,0,HAYIR,HAYIR
2026-08-19 09:27:15.040,0.00,0.00,0,0.0,0.0,0.000,0.0,0,HAYIR,HAYIR
2026-08-19 09:27:15.060,0.00,0.00,0,0.0,0.0,0.000,0.0,0,HAYIR,HAYIR
2026-08-19 09:27:15.080,0.00,0.00,0,0.0,0.0,0.000,0.0,0,HAYIR,HAYIR
2026-08-19 09:27:15.100,0.00,0.00,0,0.0,0.0,0.000,0.0,0,HAYIR,HAYIR
2026-08-19 09:27:15.120,0.00,0.00,0,0.0,0.0,0.000,0.0,0,HAYIR,HAYIR
2026-08-19 09:27:15.140,0.00,0.00,0,0.0,0.0,0.000,0.0,0,HAYIR,HAYIR
2026-08-19 09:27:15.160,0.00,0.00,0,0.0,0.0,0.000,0.0,0,HAYIR,HAYIR
2026-08-19 09:27:15.180,0.00,0.00,0,0.0,0.0,0.000,0.0,0,HAYIR,HAYIR
2026-08-19 09:27:15.200,0.00,0.00,0,0.0,0.0,0.000,0.0,0,HAYIR,HAYIR
2026-08-19 09:27:15.220,0.00,0.00,0,0.0,0.0,0.000,0.0,0,HAYIR,HAYIR
2026-08-19 09:27:15.240,0.00,0.00,0,0.0,0.0,0.000,0.0,0,HAYIR,HAYIR
2026-08-19 09:27:15.260,0.00,0.00,0,0.0,0.0,0.000,0.0,0,HAYIR,HAYIR
2026-08-19 09:27:15.280,0.00,0.00,0,0.0,0.0,0.000,0.0,0,HAYIR,HAYIR
2026-08-19 09:27:15.300,0.00,0.00,0,0.0,0.0,0.000,0.0,0,HAYIR,HAYIR
2026-08-19 09:27:15.320,0.00,0.00,0,0.0,0.0,0.000,0.0,0,HAYIR,HAYIR
2026-08-19 09:27:15.340,0.00,0.00,0,0.0,0.0,0.000,0.0,0,HAYIR,HAYIR
2026-08-19 09:27:15.360,0.00,0.00,0,0.0,0.0,0.000,0.0,0,HAYIR,HAYIR
2026-08-19 09:27:15.380,0.00,0.00,0,0.0,0.0,0.000,0.0,0,HAYIR,HAYIR
2026-08-19 09:27:15.400,0.00,0.00,0,0.0,0.0,0.000,0.0,0,HAYIR,HAYIR
2026-08-19 09:27:15.420,0.00,0.00,0,0.0,0.0,0.000,0.0,0,HAYIR,HAYIR
2026-08-19 09:27:15.440,0.00,0.00,0,0.0,0.0,0.000,0.0,0,HAYIR,HAYIR
2026-08-19 09:27:15.460,0.00,0.00,0,0.0,0.0,0.000,0.0,0,HAYIR,HAYIR
2026-08-19 09:27:15.480,0.00,0.00,0,0.0,0.0,0.000,0.0,0,HAYIR,HAYIR
2026-08-19 09:27:15.500,0.00,0.00,0,0.0,0.0,0.000,0.0,0,HAYIR,HAYIR
2026-08-19 09:27:15.520,0.00,0.00,0,0.0,0.0,0.000,0.0,0,HAYIR,HAYIR
2026-08-19 09:27:15.540,0.00,0.00,0,0.0,0.0,0.000,0.0,0,HAYIR,HAYIR
2026-08-19 09:27:15.560,0.00,0.00,0,0.0,0.0,0.000,0.0,0,HAYIR,HAYIR
2026-08-19 09:27:15.580,0.00,0.00,0,0.0,0.0,0.000,0.0,0,HAYIR,HAYIR
2026-08-19 09:27:15.600,0.00,0.00,0,0.0,0.0,0.000,0.0,0,HAYIR,HAYIR
2026-08-19 09:27:15.620,0.00,0.00,0,0.0,0.0,0.000,0.0,0,HAYIR,HAYIR
2026-08-19 09:27:15.640,0.00,0.00,0,0.0,0.0,0.000,0.0,0,HAYIR,HAYIR
2026-08-19 09:27:15.661,0.00,0.00,0,0.0,0.0,0.000,0.0,0,HAYIR,HAYIR
2026-08-19 09:27:15.681,0.00,0.00,0,0.0,0.0,0.000,0.0,0,HAYIR,HAYIR
2026-08-19 09:27:15.700,0.00,0.00,0,0.0,0.0,0.000,0.0,0,HAYIR,HAYIR
2026-08-19 09:27:15.720,0.00,0.00,0,0.0,0.0,0.000,0.0,0,HAYIR,HAYIR
2026-08-19 09:27:15.740,0.00,0.00,0,0.0,0.0,0.000,0.0,0,HAYIR,HAYIR
2026-08-19 09:27:15.761,0.00,0.00,0,0.0,0.0,0.000,0.0,0,HAYIR,HAYIR
2026-08-19 09:27:15.781,0.00,0.00,0,0.0,0.0,0.000,0.0,0,HAYIR,HAYIR
2026-08-19 09:27:15.800,0.00,0.00,0,0.0,0.0,0.000,0.0,0,HAYIR,HAYIR
2026-08-19 09:27:15.821,0.00,0.00,0,0.0,0.0,0.000,0.0,0,HAYIR,HAYIR
2026-08-19 09:27:15.840,0.00,0.00,0,0.0,0.0,0.000,0.0,0,HAYIR,HAYIR
2026-08-19 09:27:15.860,0.00,0.00,0,0.0,0.0,0.000,0.0,0,HAYIR,HAYIR
2026-08-19 09:27:15.881,0.00,0.00,0,0.0,0.0,0.000,0.0,0,HAYIR,HAYIR
2026-08-19 09:27:15.900,0.00,0.00,0,0.0,0.0,0.000,0.0,0,HAYIR,HAYIR
2026-08-19 09:27:15.920,0.00,0.00,0,0.0,0.0,0.000,0.0,0,HAYIR,HAYIR
2026-08-19 09:27:15.940,0.00,0.00,0,0.0,0.0,0.000,0.0,0,HAYIR,HAYIR
2026-08-19 09:27:15.960,0.00,0.00,0,0.0,0.0,0.000,0.0,0,HAYIR,HAYIR
2026-08-19 09:27:15.981,0.00,0.00,0,0.0,0.0,0.000,0.0,0,HAYIR,HAYIR
2026-08-19 09:27:16.000,0.00,0.00,0,0.0,0.0,0.000,0.0,0,HAYIR,HAYIR
2026-08-19 09:27:16.020,0.00,0.00,0,0.0,0.0,0.000,0.0,0,HAYIR,HAYIR
2026-08-19 09:27:16.040,0.00,0.00,0,0.0,0.0,0.000,0.0,0,HAYIR,HAYIR
2026-08-19 09:27:16.061,0.00,0.00,0,0.0,0.0,0.000,0.0,0,HAYIR,HAYIR
2026-08-19 09:27:16.080,0.00,0.00,0,0.0,0.0,0.000,0.0,0,HAYIR,HAYIR
2026-08-19 09:27:16.100,0.00,0.00,0,0.0,0.0,0.000,0.0,0,HAYIR,HAYIR
2026-08-19 09:27:16.121,0.00,0.00,0,0.0,0.0,0.000,0.0,0,HAYIR,HAYIR
2026-08-19 09:27:16.140,0.00,0.00,0,0.0,0.0,0.000,0.0,0,HAYIR,HAYIR
2026-08-19 09:27:16.160,0.00,0.00,0,0.0,0.0,0.000,0.0,0,HAYIR,HAYIR
2026-08-19 09:27:16.180,0.00,0.00,0,0.0,0.0,0.000,0.0,0,HAYIR,HAYIR
2026-08-19 09:27:16.201,0.00,0.00,0,0.0,0.0,0.000,0.0,0,HAYIR,HAYIR
2026-08-19 09:27:16.220,0.00,0.00,0,0.0,0.0,0.000,0.0,0,HAYIR,HAYIR
2026-08-19 09:27:16.240,0.00,0.00,0,0.0,0.0,0.000,0.0,0,HAYIR,HAYIR
2026-08-19 09:27:16.261,0.00,0.00,0,0.0,0.0,0.000,0.0,0,HAYIR,HAYIR
2026-08-19 09:27:16.280,0.00,0.00,0,0.0,0.0,0.000,0.0,0,HAYIR,HAYIR
2026-08-19 09:27:16.300,0.00,0.00,0,0.0,0.0,0.000,0.0,0,HAYIR,HAYIR
2026-08-19 09:27:16.320,0.00,0.00,0,0.0,0.0,0.000,0.0,0,HAYIR,HAYIR
2026-08-19 09:27:16.340,0.00,0.00,0,0.0,0.0,0.000,0.0,0,HAYIR,HAYIR
2026-08-19 09:27:16.360,0.00,0.00,0,0.0,0.0,0.000,0.0,0,HAYIR,HAYIR
2026-08-19 09:27:16.380,0.00,0.00,0,0.0,0.0,0.000,0.0,0,HAYIR,HAYIR
2026-08-19 09:27:16.400,0.00,0.00,0,0.0,0.0,0.000,0.0,0,HAYIR,HAYIR
2026-08-19 09:27:16.420,0.00,0.00,0,0.0,0.0,0.000,0.0,0,HAYIR,HAYIR
2026-08-19 09:27:16.440,0.00,0.00,0,0.0,0.0,0.000,0.0,0,HAYIR,HAYIR
2026-08-19 09:27:16.460,0.00,0.00,0,0.0,0.0,0.000,0.0,0,HAYIR,HAYIR
2026-08-19 09:27:16.480,0.00,0.00,0,0.0,0.0,0.000,0.0,0,HAYIR,HAYIR
2026-08-19 09:27:16.500,0.00,0.00,0,0.0,0.0,0.000,0.0,0,HAYIR,HAYIR
2026-08-19 09:27:16.520,0.00,0.00,0,0.0,0.0,0.000,0.0,0,HAYIR,HAYIR
2026-08-19 09:27:16.540,0.00,0.00,0,0.0,0.0,0.000,0.0,0,HAYIR,HAYIR
2026-08-19 09:27:16.560,0.00,0.00,0,0.0,0.0,0.000,0.0,0,HAYIR,HAYIR
2026-08-19 09:27:16.580,0.00,0.00,0,0.0,0.0,0.000,0.0,0,HAYIR,HAYIR
2026-08-19 09:27:16.600,0.00,0.00,0,0.0,0.0,0.000,0.0,0,HAYIR,HAYIR
2026-08-19 09:27:16.620,0.00,0.00,0,0.0,0.0,0.000,0.0,0,HAYIR,HAYIR
2026-08-19 09:27:16.640,0.00,0.00,0,0.0,0.0,0.000,0.0,0,HAYIR,HAYIR
2026-08-19 09:27:16.660,0.00,0.00,0,0.0,0.0,0.000,0.0,0,HAYIR,HAYIR
2026-08-19 09:27:16.680,0.00,0.00,0,0.0,0.0,0.000,0.0,0,HAYIR,HAYIR
2026-08-19 09:27:16.700,0.00,0.00,0,0.0,0.0,0.000,0.0,0,HAYIR,HAYIR
2026-08-19 09:27:16.720,0.00,0.00,0,0.0,0.0,0.000,0.0,0,HAYIR,HAYIR
2026-08-19 09:27:16.740,0.00,0.00,0,0.0,0.0,0.000,0.0,0,HAYIR,HAYIR
2026-08-19 09:27:16.760,0.00,0.00,0,0.0,0.0,0.000,0.0,0,HAYIR,HAYIR
2026-08-19 09:27:16.780,0.00,0.00,0,0.0,0.0,0.000,0.0,0,HAYIR,HAYIR
2026-08-19 09:27:16.800,0.00,0.00,0,0.0,0.0,0.000,0.0,0,HAYIR,HAYIR
2026-08-19 09:27:16.820,0.00,0.00,0,0.0,0.0,0.000,0.0,0,HAYIR,HAYIR
2026-08-19 09:27:16.840,0.00,0.00,0,0.0,0.0,0.000,0.0,0,HAYIR,HAYIR
2026-08-19 09:27:16.861,0.00,0.00,0,0.0,0.0,0.000,0.0,0,HAYIR,HAYIR
2026-08-19 09:27:16.880,0.00,0.00,0,0.0,0.0,0.000,0.0,0,HAYIR,HAYIR
2026-08-19 09:27:16.900,0.00,0.00,0,0.0,0.0,0.000,0.0,0,HAYIR,HAYIR
2026-08-19 09:27:16.920,0.00,0.00,0,0.0,0.0,0.000,0.0,0,HAYIR,HAYIR
2026-08-19 09:27:16.940,0.00,0.00,0,0.0,0.0,0.000,0.0,0,HAYIR,HAYIR
2026-08-19 09:27:16.960,0.00,0.00,0,0.0,0.0,0.000,0.0,0,HAYIR,HAYIR
2026-08-19 09:27:16.980,0.00,0.00,0,0.0,0.0,0.000,0.0,0,HAYIR,HAYIR
2026-08-19 09:27:17.000,0.00,0.00,0,0.0,0.0,0.000,0.0,0,HAYIR,HAYIR
2026-08-19 09:27:17.020,0.00,0.00,0,0.0,0.0,0.000,0.0,0,HAYIR,HAYIR
2026-08-19 09:27:17.040,0.00,0.00,0,0.0,0.0,0.000,0.0,0,HAYIR,HAYIR
2026-08-19 09:27:17.060,0.00,0.00,0,0.0,0.0,0.000,0.0,0,HAYIR,HAYIR
2026-08-19 09:27:17.080,0.00,0.00,0,0.0,0.0,0.000,0.0,0,HAYIR,HAYIR
2026-08-19 09:27:17.100,0.00,0.00,0,0.0,0.0,0.000,0.0,0,HAYIR,HAYIR
2026-08-19 09:27:17.120,0.00,0.00,0,0.0,0.0,0.000,0.0,0,HAYIR,HAYIR
2026-08-19 09:27:17.140,0.00,0.00,0,0.0,0.0,0.000,0.0,0,HAYIR,HAYIR
2026-08-19 09:27:17.161,0.00,0.00,0,0.0,0.0,0.000,0.0,0,HAYIR,HAYIR
2026-08-19 09:27:17.180,0.00,0.00,0,0.0,0.0,0.000,0.0,0,HAYIR,HAYIR
2026-08-19 09:27:17.201,0.00,0.00,0,0.0,0.0,0.000,0.0,0,HAYIR,HAYIR
2026-08-19 09:27:17.220,0.00,0.00,0,0.0,0.0,0.000,0.0,0,HAYIR,HAYIR
2026-08-19 09:27:17.240,0.00,0.00,0,0.0,0.0,0.000,0.0,0,HAYIR,HAYIR
2026-08-19 09:27:17.260,0.00,0.00,0,0.0,0.0,0.000,0.0,0,HAYIR,HAYIR
2026-08-19 09:27:17.280,0.00,0.00,0,0.0,0.0,0.000,0.0,0,HAYIR,HAYIR
2026-08-19 09:27:17.300,0.00,0.00,0,0.0,0.0,0.000,0.0,0,HAYIR,HAYIR
2026-08-19 09:27:17.321,0.00,0.00,0,0.0,0.0,0.000,0.0,0,HAYIR,HAYIR
2026-08-19 09:27:17.340,0.00,0.00,0,0.0,0.0,0.000,0.0,0,HAYIR,HAYIR
2026-08-19 09:27:17.361,0.00,0.00,0,0.0,0.0,0.000,0.0,0,HAYIR,HAYIR
2026-08-19 09:27:17.380,0.00,0.00,0,0.0,0.0,0.000,0.0,0,HAYIR,HAYIR
2026-08-19 09:27:17.401,0.00,0.00,0,0.0,0.0,0.000,0.0,0,HAYIR,HAYIR
2026-08-19 09:27:17.420,0.00,0.00,0,0.0,0.0,0.000,0.0,0,HAYIR,HAYIR
2026-08-19 09:27:17.440,0.00,0.00,0,0.0,0.0,0.000,0.0,0,HAYIR,HAYIR
2026-08-19 09:27:17.460,0.00,0.00,0,0.0,0.0,0.000,0.0,0,HAYIR,HAYIR
2026-08-19 09:27:17.480,0.00,0.00,0,0.0,0.0,0.000,0.0,0,HAYIR,HAYIR
2026-08-19 09:27:17.501,0.00,0.00,0,0.0,0.0,0.000,0.0,0,HAYIR,HAYIR
2026-08-19 09:27:17.521,0.00,0.00,0,0.0,0.0,0.000,0.0,0,HAYIR,HAYIR
2026-08-19 09:27:17.540,0.00,0.00,0,0.0,0.0,0.000,0.0,0,HAYIR,HAYIR
2026-08-19 09:27:17.560,0.00,0.00,0,0.0,0.0,0.000,0.0,0,HAYIR,HAYIR
2026-08-19 09:27:17.580,0.00,0.00,0,0.0,0.0,0.000,0.0,0,HAYIR,HAYIR
2026-08-19 09:27:17.600,0.00,0.00,0,0.0,0.0,0.000,0.0,0,HAYIR,HAYIR
2026-08-19 09:27:17.620,0.00,0.00,0,0.0,0.0,0.000,0.0,0,HAYIR,HAYIR
2026-08-19 09:27:17.640,0.00,0.00,0,0.0,0.0,0.000,0.0,0,HAYIR,HAYIR
2026-08-19 09:27:17.660,0.00,0.00,0,0.0,0.0,0.000,0.0,0,HAYIR,HAYIR
2026-08-19 09:27:17.680,0.00,0.00,0,0.0,0.0,0.000,0.0,0,HAYIR,HAYIR
2026-08-19 09:27:17.700,0.00,0.00,0,0.0,0.0,0.000,0.0,0,HAYIR,HAYIR
2026-08-19 09:27:17.721,0.00,0.00,0,0.0,0.0,0.000,0.0,0,HAYIR,HAYIR
2026-08-19 09:27:17.740,0.00,0.00,0,0.0,0.0,0.000,0.0,0,HAYIR,HAYIR
2026-08-19 09:27:17.760,0.00,0.00,0,0.0,0.0,0.000,0.0,0,HAYIR,HAYIR
2026-08-19 09:27:17.780,0.00,0.00,0,0.0,0.0,0.000,0.0,0,HAYIR,HAYIR
2026-08-19 09:27:17.800,0.00,0.00,0,0.0,0.0,0.000,0.0,0,HAYIR,HAYIR
2026-08-19 09:27:17.821,0.00,0.00,0,0.0,0.0,0.000,0.0,0,HAYIR,HAYIR
2026-08-19 09:27:17.840,0.00,0.00,0,0.0,0.0,0.000,0.0,0,HAYIR,HAYIR
2026-08-19 09:27:17.860,0.00,0.00,0,0.0,0.0,0.000,0.0,0,HAYIR,HAYIR
2026-08-19 09:27:17.880,0.00,0.00,0,0.0,0.0,0.000,0.0,0,HAYIR,HAYIR
2026-08-19 09:27:17.900,0.00,0.00,0,0.0,0.0,0.000,0.0,0,HAYIR,HAYIR
2026-08-19 09:27:17.920,0.00,0.00,0,0.0,0.0,0.000,0.0,0,HAYIR,HAYIR
2026-08-19 09:27:17.940,0.00,0.00,0,0.0,0.0,0.000,0.0,0,HAYIR,HAYIR
2026-08-19 09:27:17.960,0.00,0.00,0,0.0,0.0,0.000,0.0,0,HAYIR,HAYIR
2026-08-19 09:27:17.980,0.00,0.00,0,0.0,0.0,0.000,0.0,0,HAYIR,HAYIR
2026-08-19 09:27:18.000,0.00,0.00,0,0.0,0.0,0.000,0.0,0,HAYIR,HAYIR
2026-08-19 09:27:18.020,0.00,0.00,0,0.0,0.0,0.000,0.0,0,HAYIR,HAYIR
2026-08-19 09:27:18.040,0.00,0.00,0,0.0,0.0,0.000,0.0,0,HAYIR,HAYIR
2026-08-19 09:27:18.060,0.00,0.00,0,0.0,0.0,0.000,0.0,0,HAYIR,HAYIR
2026-08-19 09:27:18.080,0.00,0.00,0,0.0,0.0,0.000,0.0,0,HAYIR,HAYIR
2026-08-19 09:27:18.100,0.00,0.00,0,0.0,0.0,0.000,0.0,0,HAYIR,HAYIR
2026-08-19 09:27:18.120,0.00,0.00,0,0.0,0.0,0.000,0.0,0,HAYIR,HAYIR
2026-08-19 09:27:18.140,0.00,0.00,0,0.0,0.0,0.000,0.0,0,HAYIR,HAYIR
2026-08-19 09:27:18.160,0.00,0.00,0,0.0,0.0,0.000,0.0,0,HAYIR,HAYIR
2026-08-19 09:27:18.180,0.00,0.00,0,0.0,0.0,0.000,0.0,0,HAYIR,HAYIR
2026-08-19 09:27:18.200,0.00,0.00,0,0.0,0.0,0.000,0.0,0,HAYIR,HAYIR
2026-08-19 09:27:18.220,0.00,0.00,0,0.0,0.0,0.000,0.0,0,HAYIR,HAYIR
2026-08-19 09:27:18.240,0.00,0.00,0,0.0,0.0,0.000,0.0,0,HAYIR,HAYIR
2026-08-19 09:27:18.260,0.00,0.00,0,0.0,0.0,0.000,0.0,0,HAYIR,HAYIR
2026-08-19 09:27:18.280,0.00,0.00,0,0.0,0.0,0.000,0.0,0,HAYIR,HAYIR
2026-08-19 09:27:18.300,0.00,0.00,0,0.0,0.0,0.000,0.0,0,HAYIR,HAYIR
2026-08-19 09:27:18.321,0.00,0.00,0,0.0,0.0,0.000,0.0,0,HAYIR,HAYIR
2026-08-19 09:27:18.340,0.00,0.00,0,0.0,0.0,0.000,0.0,0,HAYIR,HAYIR
2026-08-19 09:27:18.360,0.00,0.00,0,0.0,0.0,0.000,0.0,0,HAYIR,HAYIR
2026-08-19 09:27:18.380,0.00,0.00,0,0.0,0.0,0.000,0.0,0,HAYIR,HAYIR
2026-08-19 09:27:18.400,0.00,0.00,0,0.0,0.0,0.000,0.0,0,HAYIR,HAYIR
2026-08-19 09:27:18.420,0.00,0.00,0,0.0,0.0,0.000,0.0,0,HAYIR,HAYIR
2026-08-19 09:27:18.440,0.00,0.00,0,0.0,0.0,0.000,0.0,0,HAYIR,HAYIR
2026-08-19 09:27:18.460,0.00,0.00,0,0.0,0.0,0.000,0.0,0,HAYIR,HAYIR
2026-08-19 09:27:18.480,0.00,0.00,0,0.0,0.0,0.000,0.0,0,HAYIR,HAYIR
2026-08-19 09:27:18.500,0.00,0.00,0,0.0,0.0,0.000,0.0,0,HAYIR,HAYIR
2026-08-19 09:27:18.520,0.00,0.00,0,0.0,0.0,0.000,0.0,0,HAYIR,HAYIR
2026-08-19 09:27:18.540,0.00,0.00,0,0.0,0.0,0.000,0.0,0,HAYIR,HAYIR
2026-08-19 09:27:18.560,0.00,0.00,0,0.0,0.0,0.000,0.0,0,HAYIR,HAYIR
2026-08-19 09:27:18.580,0.00,0.00,0,0.0,0.0,0.000,0.0,0,HAYIR,HAYIR
2026-08-19 09:27:18.600,0.00,0.00,0,0.0,0.0,0.000,0.0,0,HAYIR,HAYIR
2026-08-19 09:27:18.620,0.00,0.00,0,0.0,0.0,0.000,0.0,0,HAYIR,HAYIR
2026-08-19 09:27:18.640,0.00,0.00,0,0.0,0.0,0.000,0.0,0,HAYIR,HAYIR
2026-08-19 09:27:18.660,0.00,0.00,0,0.0,0.0,0.000,0.0,0,HAYIR,HAYIR
2026-08-19 09:27:18.680,0.00,0.00,0,0.0,0.0,0.000,0.0,0,HAYIR,HAYIR
2026-08-19 09:27:18.700,0.00,0.00,0,0.0,0.0,0.000,0.0,0,HAYIR,HAYIR
2026-08-19 09:27:18.720,0.00,0.00,0,0.0,0.0,0.000,0.0,0,HAYIR,HAYIR
2026-08-19 09:27:18.740,0.00,0.00,0,0.0,0.0,0.000,0.0,0,HAYIR,HAYIR
2026-08-19 09:27:18.760,0.00,0.00,0,0.0,0.0,0.000,0.0,0,HAYIR,HAYIR
2026-08-19 09:27:18.780,0.00,0.00,0,0.0,0.0,0.000,0.0,0,HAYIR,HAYIR
2026-08-19 09:27:18.800,0.00,0.00,0,0.0,0.0,0.000,0.0,0,HAYIR,HAYIR
2026-08-19 09:27:18.820,0.00,0.00,0,0.0,0.0,0.000,0.0,0,HAYIR,HAYIR
2026-08-19 09:27:18.840,0.00,0.00,0,0.0,0.0,0.000,0.0,0,HAYIR,HAYIR
2026-08-19 09:27:18.860,0.00,0.00,0,0.0,0.0,0.000,0.0,0,HAYIR,HAYIR
2026-08-19 09:27:18.880,0.00,0.00,0,0.0,0.0,0.000,0.0,0,HAYIR,HAYIR
2026-08-19 09:27:18.900,0.00,0.00,0,0.0,0.0,0.000,0.0,0,HAYIR,HAYIR
2026-08-19 09:27:18.920,0.00,0.00,0,0.0,0.0,0.000,0.0,0,HAYIR,HAYIR
2026-08-19 09:27:18.940,0.00,0.00,0,0.0,0.0,0.000,0.0,0,HAYIR,HAYIR
2026-08-19 09:27:18.960,0.00,0.00,0,0.0,0.0,0.000,0.0,0,HAYIR,HAYIR
2026-08-19 09:27:18.980,0.00,0.00,0,0.0,0.0,0.000,0.0,0,HAYIR,HAYIR
2026-08-19 09:27:19.000,0.00,0.00,0,0.0,0.0,0.000,0.0,0,HAYIR,HAYIR
2026-08-19 09:27:19.020,0.00,0.00,0,0.0,0.0,0.000,0.0,0,HAYIR,HAYIR
2026-08-19 09:27:19.040,0.00,0.00,0,0.0,0.0,0.000,0.0,0,HAYIR,HAYIR
2026-08-19 09:27:19.060,0.00,0.00,0,0.0,0.0,0.000,0.0,0,HAYIR,HAYIR
2026-08-19 09:27:19.080,0.00,0.00,0,0.0,0.0,0.000,0.0,0,HAYIR,HAYIR
2026-08-19 09:27:19.100,0.00,0.00,0,0.0,0.0,0.000,0.0,0,HAYIR,HAYIR
2026-08-19 09:27:19.121,0.00,0.00,0,0.0,0.0,0.000,0.0,0,HAYIR,HAYIR
2026-08-19 09:27:19.140,0.00,0.00,0,0.0,0.0,0.000,0.0,0,HAYIR,HAYIR
2026-08-19 09:27:19.160,0.00,0.00,0,0.0,0.0,0.000,0.0,0,HAYIR,HAYIR
2026-08-19 09:27:19.180,0.00,0.00,0,0.0,0.0,0.000,0.0,0,HAYIR,HAYIR
2026-08-19 09:27:19.200,0.00,0.00,0,0.0,0.0,0.000,0.0,0,HAYIR,HAYIR
2026-08-19 09:27:19.220,0.00,0.00,0,0.0,0.0,0.000,0.0,0,HAYIR,HAYIR
2026-08-19 09:27:19.240,0.00,0.00,0,0.0,0.0,0.000,0.0,0,HAYIR,HAYIR
2026-08-19 09:27:19.260,0.00,0.00,0,0.0,0.0,0.000,0.0,0,HAYIR,HAYIR
2026-08-19 09:27:19.280,0.00,0.00,0,0.0,0.0,0.000,0.0,0,HAYIR,HAYIR
2026-08-19 09:27:19.300,0.00,0.00,0,0.0,0.0,0.000,0.0,0,HAYIR,HAYIR
2026-08-19 09:27:19.320,0.00,0.00,0,0.0,0.0,0.000,0.0,0,HAYIR,HAYIR
2026-08-19 09:27:19.340,0.00,0.00,0,0.0,0.0,0.000,0.0,0,HAYIR,HAYIR
2026-08-19 09:27:19.360,0.00,0.00,0,0.0,0.0,0.000,0.0,0,HAYIR,HAYIR
2026-08-19 09:27:19.380,0.00,0.00,0,0.0,0.0,0.000,0.0,0,HAYIR,HAYIR
2026-08-19 09:27:19.400,0.00,0.00,0,0.0,0.0,0.000,0.0,0,HAYIR,HAYIR
2026-08-19 09:27:19.420,0.00,0.00,0,0.0,0.0,0.000,0.0,0,HAYIR,HAYIR
2026-08-19 09:27:19.440,0.00,0.00,0,0.0,0.0,0.000,0.0,0,HAYIR,HAYIR
2026-08-19 09:27:19.460,0.00,0.00,0,0.0,0.0,0.000,0.0,0,HAYIR,HAYIR
2026-08-19 09:27:19.480,0.00,0.00,0,0.0,0.0,0.000,0.0,0,HAYIR,HAYIR
2026-08-19 09:27:19.500,0.00,0.00,0,0.0,0.0,0.000,0.0,0,HAYIR,HAYIR
2026-08-19 09:27:19.520,0.00,0.00,0,0.0,0.0,0.000,0.0,0,HAYIR,HAYIR
2026-08-19 09:27:19.540,0.00,0.00,0,0.0,0.0,0.000,0.0,0,HAYIR,HAYIR
2026-08-19 09:27:19.560,0.00,0.00,0,0.0,0.0,0.000,0.0,0,HAYIR,HAYIR
2026-08-19 09:27:19.580,0.00,0.00,0,0.0,0.0,0.000,0.0,0,HAYIR,HAYIR
2026-08-19 09:27:19.600,0.00,0.00,0,0.0,0.0,0.000,0.0,0,HAYIR,HAYIR
2026-08-19 09:27:19.620,0.00,0.00,0,0.0,0.0,0.000,0.0,0,HAYIR,HAYIR
2026-08-19 09:27:19.640,0.00,0.00,0,0.0,0.0,0.000,0.0,0,HAYIR,HAYIR
2026-08-19 09:27:19.660,0.00,0.00,0,0.0,0.0,0.000,0.0,0,HAYIR,HAYIR
2026-08-19 09:27:19.680,0.00,0.00,0,0.0,0.0,0.000,0.0,0,HAYIR,HAYIR
2026-08-19 09:27:19.700,0.00,0.00,0,0.0,0.0,0.000,0.0,0,HAYIR,HAYIR
2026-08-19 09:27:19.720,0.00,0.00,0,0.0,0.0,0.000,0.0,0,HAYIR,HAYIR
2026-08-19 09:27:19.740,0.00,0.00,0,0.0,0.0,0.000,0.0,0,HAYIR,HAYIR
2026-08-19 09:27:19.761,0.00,0.00,0,0.0,0.0,0.000,0.0,0,HAYIR,HAYIR
2026-08-19 09:27:19.780,0.00,0.00,0,0.0,0.0,0.000,0.0,0,HAYIR,HAYIR
2026-08-19 09:27:19.800,0.00,0.00,0,0.0,0.0,0.000,0.0,0,HAYIR,HAYIR
2026-08-19 09:27:19.821,0.00,0.00,0,0.0,0.0,0.000,0.0,0,HAYIR,HAYIR
2026-08-19 09:27:19.840,0.00,0.00,0,0.0,0.0,0.000,0.0,0,HAYIR,HAYIR
2026-08-19 09:27:19.860,0.00,0.00,0,0.0,0.0,0.000,0.0,0,HAYIR,HAYIR
2026-08-19 09:27:19.880,0.00,0.00,0,0.0,0.0,0.000,0.0,0,HAYIR,HAYIR
2026-08-19 09:27:19.900,0.00,0.00,0,0.0,0.0,0.000,0.0,0,HAYIR,HAYIR
2026-08-19 09:27:19.921,0.00,0.00,0,0.0,0.0,0.000,0.0,0,HAYIR,HAYIR
2026-08-19 09:27:19.940,0.00,0.00,0,0.0,0.0,0.000,0.0,0,HAYIR,HAYIR
2026-08-19 09:27:19.960,0.00,0.00,0,0.0,0.0,0.000,0.0,0,HAYIR,HAYIR
2026-08-19 09:27:19.980,0.00,0.00,0,0.0,0.0,0.000,0.0,0,HAYIR,HAYIR
2026-08-19 09:27:20.000,0.00,0.00,0,0.0,0.0,0.000,0.0,0,HAYIR,HAYIR
2026-08-19 09:27:20.020,0.00,0.00,0,0.0,0.0,0.000,0.0,0,HAYIR,HAYIR
2026-08-19 09:27:20.040,0.00,0.00,0,0.0,0.0,0.000,0.0,0,HAYIR,HAYIR
2026-08-19 09:27:20.060,0.00,0.00,0,0.0,0.0,0.000,0.0,0,HAYIR,HAYIR
2026-08-19 09:27:20.080,0.00,0.00,0,0.0,0.0,0.000,0.0,0,HAYIR,HAYIR
2026-08-19 09:27:20.100,0.00,0.00,0,0.0,0.0,0.000,0.0,0,HAYIR,HAYIR
2026-08-19 09:27:20.121,0.00,0.00,0,0.0,0.0,0.000,0.0,0,HAYIR,HAYIR
2026-08-19 09:27:20.140,0.00,0.00,0,0.0,0.0,0.000,0.0,0,HAYIR,HAYIR
2026-08-19 09:27:20.160,0.00,0.00,0,0.0,0.0,0.000,0.0,0,HAYIR,HAYIR
2026-08-19 09:27:20.180,0.00,0.00,0,0.0,0.0,0.000,0.0,0,HAYIR,HAYIR
2026-08-19 09:27:20.201,0.00,0.00,0,0.0,0.0,0.000,0.0,0,HAYIR,HAYIR
2026-08-19 09:27:20.220,0.00,0.00,0,0.0,0.0,0.000,0.0,0,HAYIR,HAYIR
2026-08-19 09:27:20.240,0.00,0.00,0,0.0,0.0,0.000,0.0,0,HAYIR,HAYIR
2026-08-19 09:27:20.260,0.00,0.00,0,0.0,0.0,0.000,0.0,0,HAYIR,HAYIR
2026-08-19 09:27:20.280,0.00,0.00,0,0.0,0.0,0.000,0.0,0,HAYIR,HAYIR
2026-08-19 09:27:20.300,0.00,0.00,0,0.0,0.0,0.000,0.0,0,HAYIR,HAYIR
2026-08-19 09:27:20.321,0.00,0.00,0,0.0,0.0,0.000,0.0,0,HAYIR,HAYIR
2026-08-19 09:27:20.340,0.00,0.00,0,0.0,0.0,0.000,0.0,0,HAYIR,HAYIR
2026-08-19 09:27:20.360,0.00,0.00,0,0.0,0.0,0.000,0.0,0,HAYIR,HAYIR
2026-08-19 09:27:20.380,0.00,0.00,0,0.0,0.0,0.000,0.0,0,HAYIR,HAYIR
2026-08-19 09:27:20.400,0.00,0.00,0,0.0,0.0,0.000,0.0,0,HAYIR,HAYIR
2026-08-19 09:27:20.420,0.00,0.00,0,0.0,0.0,0.000,0.0,0,HAYIR,HAYIR
2026-08-19 09:27:20.440,0.00,0.00,0,0.0,0.0,0.000,0.0,0,HAYIR,HAYIR
2026-08-19 09:27:20.460,0.00,0.00,0,0.0,0.0,0.000,0.0,0,HAYIR,HAYIR
2026-08-19 09:27:20.480,0.00,0.00,0,0.0,0.0,0.000,0.0,0,HAYIR,HAYIR
2026-08-19 09:27:20.500,0.00,0.00,0,0.0,0.0,0.000,0.0,0,HAYIR,HAYIR
2026-08-19 09:27:20.521,0.00,0.00,0,0.0,0.0,0.000,0.0,0,HAYIR,HAYIR
2026-08-19 09:27:20.540,0.00,0.00,0,0.0,0.0,0.000,0.0,0,HAYIR,HAYIR
2026-08-19 09:27:20.560,0.00,0.00,0,0.0,0.0,0.000,0.0,0,HAYIR,HAYIR
2026-08-19 09:27:20.580,0.00,0.00,0,0.0,0.0,0.000,0.0,0,HAYIR,HAYIR
2026-08-19 09:27:20.600,0.00,0.00,0,0.0,0.0,0.000,0.0,0,HAYIR,HAYIR
2026-08-19 09:27:20.620,0.00,0.00,0,0.0,0.0,0.000,0.0,0,HAYIR,HAYIR
2026-08-19 09:27:20.640,0.00,0.00,0,0.0,0.0,0.000,0.0,0,HAYIR,HAYIR
2026-08-19 09:27:20.660,0.00,0.00,0,0.0,0.0,0.000,0.0,0,HAYIR,HAYIR
2026-08-19 09:27:20.680,0.00,0.00,0,0.0,0.0,0.000,0.0,0,HAYIR,HAYIR
2026-08-19 09:27:20.700,0.00,0.00,0,0.0,0.0,0.000,0.0,0,HAYIR,HAYIR
2026-08-19 09:27:20.721,0.00,0.00,0,0.0,0.0,0.000,0.0,0,HAYIR,HAYIR
2026-08-19 09:27:20.740,0.00,0.00,0,0.0,0.0,0.000,0.0,0,HAYIR,HAYIR
2026-08-19 09:27:20.760,0.00,0.00,0,0.0,0.0,0.000,0.0,0,HAYIR,HAYIR
2026-08-19 09:27:20.780,0.00,0.00,0,0.0,0.0,0.000,0.0,0,HAYIR,HAYIR
2026-08-19 09:27:20.800,0.00,0.00,0,0.0,0.0,0.000,0.0,0,HAYIR,HAYIR
2026-08-19 09:27:20.820,0.00,0.00,0,0.0,0.0,0.000,0.0,0,HAYIR,HAYIR
2026-08-19 09:27:20.840,0.00,0.00,0,0.0,0.0,0.000,0.0,0,HAYIR,HAYIR
2026-08-19 09:27:20.861,0.00,0.00,0,0.0,0.0,0.000,0.0,0,HAYIR,HAYIR
2026-08-19 09:27:20.880,0.00,0.00,0,0.0,0.0,0.000,0.0,0,HAYIR,HAYIR
2026-08-19 09:27:20.900,0.00,0.00,0,0.0,0.0,0.000,0.0,0,HAYIR,HAYIR
2026-08-19 09:27:20.921,0.00,0.00,0,0.0,0.0,0.000,0.0,0,HAYIR,HAYIR
2026-08-19 09:27:20.940,0.00,0.00,0,0.0,0.0,0.000,0.0,0,HAYIR,HAYIR
2026-08-19 09:27:20.960,0.00,0.00,0,0.0,0.0,0.000,0.0,0,HAYIR,HAYIR
2026-08-19 09:27:20.980,0.00,0.00,0,0.0,0.0,0.000,0.0,0,HAYIR,HAYIR
2026-08-19 09:27:21.000,0.00,0.00,0,0.0,0.0,0.000,0.0,0,HAYIR,HAYIR
2026-08-19 09:27:21.020,0.00,0.00,0,0.0,0.0,0.000,0.0,0,HAYIR,HAYIR
2026-08-19 09:27:21.040,0.00,0.00,0,0.0,0.0,0.000,0.0,0,HAYIR,HAYIR
2026-08-19 09:27:21.060,0.00,0.00,0,0.0,0.0,0.000,0.0,0,HAYIR,HAYIR
2026-08-19 09:27:21.080,0.00,0.00,0,0.0,0.0,0.000,0.0,0,HAYIR,HAYIR
2026-08-19 09:27:21.101,0.00,0.00,0,0.0,0.0,0.000,0.0,0,HAYIR,HAYIR
2026-08-19 09:27:21.120,0.00,0.00,0,0.0,0.0,0.000,0.0,0,HAYIR,HAYIR
2026-08-19 09:27:21.140,0.00,0.00,0,0.0,0.0,0.000,0.0,0,HAYIR,HAYIR
2026-08-19 09:27:21.161,0.00,0.00,0,0.0,0.0,0.000,0.0,0,HAYIR,HAYIR
2026-08-19 09:27:21.180,0.00,0.00,0,0.0,0.0,0.000,0.0,0,HAYIR,HAYIR
2026-08-19 09:27:21.200,0.00,0.00,0,0.0,0.0,0.000,0.0,0,HAYIR,HAYIR
2026-08-19 09:27:21.220,0.00,0.00,0,0.0,0.0,0.000,0.0,0,HAYIR,HAYIR
2026-08-19 09:27:21.240,0.00,0.00,0,0.0,0.0,0.000,0.0,0,HAYIR,HAYIR
2026-08-19 09:27:21.261,0.00,0.00,0,0.0,0.0,0.000,0.0,0,HAYIR,HAYIR
2026-08-19 09:27:21.280,0.00,0.00,0,0.0,0.0,0.000,0.0,0,HAYIR,HAYIR
2026-08-19 09:27:21.300,0.00,0.00,0,0.0,0.0,0.000,0.0,0,HAYIR,HAYIR
2026-08-19 09:27:21.320,0.00,0.00,0,0.0,0.0,0.000,0.0,0,HAYIR,HAYIR
2026-08-19 09:27:21.340,0.00,0.00,0,0.0,0.0,0.000,0.0,0,HAYIR,HAYIR
2026-08-19 09:27:21.360,0.00,0.00,0,0.0,0.0,0.000,0.0,0,HAYIR,HAYIR
2026-08-19 09:27:21.380,0.00,0.00,0,0.0,0.0,0.000,0.0,0,HAYIR,HAYIR
2026-08-19 09:27:21.400,0.00,0.00,0,0.0,0.0,0.000,0.0,0,HAYIR,HAYIR
2026-08-19 09:27:21.420,0.00,0.00,0,0.0,0.0,0.000,0.0,0,HAYIR,HAYIR
2026-08-19 09:27:21.440,0.00,0.00,0,0.0,0.0,0.000,0.0,0,HAYIR,HAYIR
2026-08-19 09:27:21.460,0.00,0.00,0,0.0,0.0,0.000,0.0,0,HAYIR,HAYIR
2026-08-19 09:27:21.480,0.00,0.00,0,0.0,0.0,0.000,0.0,0,HAYIR,HAYIR
2026-08-19 09:27:21.501,0.00,0.00,0,0.0,0.0,0.000,0.0,0,HAYIR,HAYIR
2026-08-19 09:27:21.520,0.00,0.00,0,0.0,0.0,0.000,0.0,0,HAYIR,HAYIR
2026-08-19 09:27:21.540,0.00,0.00,0,0.0,0.0,0.000,0.0,0,HAYIR,HAYIR
2026-08-19 09:27:21.561,0.00,0.00,0,0.0,0.0,0.000,0.0,0,HAYIR,HAYIR
2026-08-19 09:27:21.580,0.00,0.00,0,0.0,0.0,0.000,0.0,0,HAYIR,HAYIR
2026-08-19 09:27:21.601,0.00,0.00,0,0.0,0.0,0.000,0.0,0,HAYIR,HAYIR
2026-08-19 09:27:21.620,0.00,0.00,0,0.0,0.0,0.000,0.0,0,HAYIR,HAYIR
2026-08-19 09:27:21.640,0.00,0.00,0,0.0,0.0,0.000,0.0,0,HAYIR,HAYIR
2026-08-19 09:27:21.660,0.00,0.00,0,0.0,0.0,0.000,0.0,0,HAYIR,HAYIR
2026-08-19 09:27:21.681,0.00,0.00,0,0.0,0.0,0.000,0.0,0,HAYIR,HAYIR
2026-08-19 09:27:21.701,0.00,0.00,0,0.0,0.0,0.000,0.0,0,HAYIR,HAYIR
2026-08-19 09:27:21.720,0.00,0.00,0,0.0,0.0,0.000,0.0,0,HAYIR,HAYIR
2026-08-19 09:27:21.740,0.00,0.00,0,0.0,0.0,0.000,0.0,0,HAYIR,HAYIR
2026-08-19 09:27:21.760,0.00,0.00,0,0.0,0.0,0.000,0.0,0,HAYIR,HAYIR
2026-08-19 09:27:21.780,0.00,0.00,0,0.0,0.0,0.000,0.0,0,HAYIR,HAYIR
2026-08-19 09:27:21.800,0.00,0.00,0,0.0,0.0,0.000,0.0,0,HAYIR,HAYIR
2026-08-19 09:27:21.821,0.00,0.00,0,0.0,0.0,0.000,0.0,0,HAYIR,HAYIR
2026-08-19 09:27:21.840,0.00,0.00,0,0.0,0.0,0.000,0.0,0,HAYIR,HAYIR
2026-08-19 09:27:21.861,0.00,0.00,0,0.0,0.0,0.000,0.0,0,HAYIR,HAYIR
2026-08-19 09:27:21.880,0.00,0.00,0,0.0,0.0,0.000,0.0,0,HAYIR,HAYIR
2026-08-19 09:27:21.900,0.00,0.00,0,0.0,0.0,0.000,0.0,0,HAYIR,HAYIR
2026-08-19 09:27:21.920,0.00,0.00,0,0.0,0.0,0.000,0.0,0,HAYIR,HAYIR
2026-08-19 09:27:21.940,0.00,0.00,0,0.0,0.0,0.000,0.0,0,HAYIR,HAYIR
2026-08-19 09:27:21.960,0.00,0.00,0,0.0,0.0,0.000,0.0,0,HAYIR,HAYIR
2026-08-19 09:27:21.980,0.00,0.00,0,0.0,0.0,0.000,0.0,0,HAYIR,HAYIR
2026-08-19 09:27:22.000,0.00,0.00,0,0.0,0.0,0.000,0.0,0,HAYIR,HAYIR
2026-08-19 09:27:22.020,0.00,0.00,0,0.0,0.0,0.000,0.0,0,HAYIR,HAYIR
2026-08-19 09:27:22.041,0.00,0.00,0,0.0,0.0,0.000,0.0,0,HAYIR,HAYIR
2026-08-19 09:27:22.061,0.00,0.00,0,0.0,0.0,0.000,0.0,0,HAYIR,HAYIR
2026-08-19 09:27:22.080,0.00,0.00,0,0.0,0.0,0.000,0.0,0,HAYIR,HAYIR
2026-08-19 09:27:22.100,0.00,0.00,0,0.0,0.0,0.000,0.0,0,HAYIR,HAYIR
2026-08-19 09:27:22.120,0.00,0.00,0,0.0,0.0,0.000,0.0,0,HAYIR,HAYIR
2026-08-19 09:27:22.140,0.00,0.00,0,0.0,0.0,0.000,0.0,0,HAYIR,HAYIR
2026-08-19 09:27:22.160,0.00,0.00,0,0.0,0.0,0.000,0.0,0,HAYIR,HAYIR
2026-08-19 09:27:22.180,0.00,0.00,0,0.0,0.0,0.000,0.0,0,HAYIR,HAYIR
2026-08-19 09:27:22.200,0.00,0.00,0,0.0,0.0,0.000,0.0,0,HAYIR,HAYIR
2026-08-19 09:27:22.220,0.00,0.00,0,0.0,0.0,0.000,0.0,0,HAYIR,HAYIR
2026-08-19 09:27:22.240,0.00,0.00,0,0.0,0.0,0.000,0.0,0,HAYIR,HAYIR
2026-08-19 09:27:22.261,0.00,0.00,0,0.0,0.0,0.000,0.0,0,HAYIR,HAYIR
2026-08-19 09:27:22.280,0.00,0.00,0,0.0,0.0,0.000,0.0,0,HAYIR,HAYIR
2026-08-19 09:27:22.300,0.00,0.00,0,0.0,0.0,0.000,0.0,0,HAYIR,HAYIR
2026-08-19 09:27:22.320,0.00,0.00,0,0.0,0.0,0.000,0.0,0,HAYIR,HAYIR
2026-08-19 09:27:22.340,0.00,0.00,0,0.0,0.0,0.000,0.0,0,HAYIR,HAYIR
2026-08-19 09:27:22.360,0.00,0.00,0,0.0,0.0,0.000,0.0,0,HAYIR,HAYIR
2026-08-19 09:27:22.380,0.00,0.00,0,0.0,0.0,0.000,0.0,0,HAYIR,HAYIR
2026-08-19 09:27:22.400,0.00,0.00,0,0.0,0.0,0.000,0.0,0,HAYIR,HAYIR
2026-08-19 09:27:22.420,0.00,0.00,0,0.0,0.0,0.000,0.0,0,HAYIR,HAYIR
2026-08-19 09:27:22.440,0.00,0.00,0,0.0,0.0,0.000,0.0,0,HAYIR,HAYIR
2026-08-19 09:27:22.460,0.00,0.00,0,0.0,0.0,0.000,0.0,0,HAYIR,HAYIR
2026-08-19 09:27:22.480,0.00,0.00,0,0.0,0.0,0.000,0.0,0,HAYIR,HAYIR
2026-08-19 09:27:22.500,0.00,0.00,0,0.0,0.0,0.000,0.0,0,HAYIR,HAYIR
2026-08-19 09:27:22.520,0.00,0.00,0,0.0,0.0,0.000,0.0,0,HAYIR,HAYIR
2026-08-19 09:27:22.540,0.00,0.00,0,0.0,0.0,0.000,0.0,0,HAYIR,HAYIR
2026-08-19 09:27:22.560,0.00,0.00,0,0.0,0.0,0.000,0.0,0,HAYIR,HAYIR
2026-08-19 09:27:22.580,0.00,0.00,0,0.0,0.0,0.000,0.0,0,HAYIR,HAYIR
2026-08-19 09:27:22.600,0.00,0.00,0,0.0,0.0,0.000,0.0,0,HAYIR,HAYIR
2026-08-19 09:27:22.620,0.00,0.00,0,0.0,0.0,0.000,0.0,0,HAYIR,HAYIR
2026-08-19 09:27:22.640,0.00,0.00,0,0.0,0.0,0.000,0.0,0,HAYIR,HAYIR
2026-08-19 09:27:22.660,0.00,0.00,0,0.0,0.0,0.000,0.0,0,HAYIR,HAYIR
2026-08-19 09:27:22.680,0.00,0.00,0,0.0,0.0,0.000,0.0,0,HAYIR,HAYIR
2026-08-19 09:27:22.700,0.00,0.00,0,0.0,0.0,0.000,0.0,0,HAYIR,HAYIR
2026-08-19 09:27:22.720,0.00,0.00,0,0.0,0.0,0.000,0.0,0,HAYIR,HAYIR
2026-08-19 09:27:22.740,0.00,0.00,0,0.0,0.0,0.000,0.0,0,HAYIR,HAYIR
2026-08-19 09:27:22.761,0.00,0.00,0,0.0,0.0,0.000,0.0,0,HAYIR,HAYIR
2026-08-19 09:27:22.780,0.00,0.00,0,0.0,0.0,0.000,0.0,0,HAYIR,HAYIR
2026-08-19 09:27:22.800,0.00,0.00,0,0.0,0.0,0.000,0.0,0,HAYIR,HAYIR
2026-08-19 09:27:22.820,0.00,0.00,0,0.0,0.0,0.000,0.0,0,HAYIR,HAYIR
2026-08-19 09:27:22.840,0.00,0.00,0,0.0,0.0,0.000,0.0,0,HAYIR,HAYIR
2026-08-19 09:27:22.860,0.00,0.00,0,0.0,0.0,0.000,0.0,0,HAYIR,HAYIR
2026-08-19 09:27:22.880,0.00,0.00,0,0.0,0.0,0.000,0.0,0,HAYIR,HAYIR
2026-08-19 09:27:22.900,0.00,0.00,0,0.0,0.0,0.000,0.0,0,HAYIR,HAYIR
2026-08-19 09:27:22.920,0.00,0.00,0,0.0,0.0,0.000,0.0,0,HAYIR,HAYIR
2026-08-19 09:27:22.940,0.00,0.00,0,0.0,0.0,0.000,0.0,0,HAYIR,HAYIR
2026-08-19 09:27:22.960,0.00,0.00,0,0.0,0.0,0.000,0.0,0,HAYIR,HAYIR
2026-08-19 09:27:22.980,0.00,0.00,0,0.0,0.0,0.000,0.0,0,HAYIR,HAYIR
2026-08-19 09:27:23.000,0.00,0.00,0,0.0,0.0,0.000,0.0,0,HAYIR,HAYIR
2026-08-19 09:27:23.020,0.00,0.00,0,0.0,0.0,0.000,0.0,0,HAYIR,HAYIR
2026-08-19 09:27:23.040,0.00,0.00,0,0.0,0.0,0.000,0.0,0,HAYIR,HAYIR
2026-08-19 09:27:23.060,0.00,0.00,0,0.0,0.0,0.000,0.0,0,HAYIR,HAYIR
2026-08-19 09:27:23.080,0.00,0.00,0,0.0,0.0,0.000,0.0,0,HAYIR,HAYIR
2026-08-19 09:27:23.100,0.00,0.00,0,0.0,0.0,0.000,0.0,0,HAYIR,HAYIR
2026-08-19 09:27:23.120,0.00,0.00,0,0.0,0.0,0.000,0.0,0,HAYIR,HAYIR
2026-08-19 09:27:23.140,0.00,0.00,0,0.0,0.0,0.000,0.0,0,HAYIR,HAYIR
2026-08-19 09:27:23.160,0.00,0.00,0,0.0,0.0,0.000,0.0,0,HAYIR,HAYIR
2026-08-19 09:27:23.180,0.00,0.00,0,0.0,0.0,0.000,0.0,0,HAYIR,HAYIR
2026-08-19 09:27:23.200,0.00,0.00,0,0.0,0.0,0.000,0.0,0,HAYIR,HAYIR
2026-08-19 09:27:23.220,0.00,0.00,0,0.0,0.0,0.000,0.0,0,HAYIR,HAYIR
2026-08-19 09:27:23.240,0.00,0.00,0,0.0,0.0,0.000,0.0,0,HAYIR,HAYIR
2026-08-19 09:27:23.260,0.00,0.00,0,0.0,0.0,0.000,0.0,0,HAYIR,HAYIR
2026-08-19 09:27:23.280,0.00,0.00,0,0.0,0.0,0.000,0.0,0,HAYIR,HAYIR
2026-08-19 09:27:23.300,0.00,0.00,0,0.0,0.0,0.000,0.0,0,HAYIR,HAYIR
2026-08-19 09:27:23.321,0.00,0.00,0,0.0,0.0,0.000,0.0,0,HAYIR,HAYIR
2026-08-19 09:27:23.340,0.00,0.00,0,0.0,0.0,0.000,0.0,0,HAYIR,HAYIR
2026-08-19 09:27:23.360,0.00,0.00,0,0.0,0.0,0.000,0.0,0,HAYIR,HAYIR
2026-08-19 09:27:23.380,0.00,0.00,0,0.0,0.0,0.000,0.0,0,HAYIR,HAYIR
2026-08-19 09:27:23.400,0.00,0.00,0,0.0,0.0,0.000,0.0,0,HAYIR,HAYIR
2026-08-19 09:27:23.420,0.00,0.00,0,0.0,0.0,0.000,0.0,0,HAYIR,HAYIR
2026-08-19 09:27:23.441,0.00,0.00,0,0.0,0.0,0.000,0.0,0,HAYIR,HAYIR
2026-08-19 09:27:23.461,0.00,0.00,0,0.0,0.0,0.000,0.0,0,HAYIR,HAYIR
2026-08-19 09:27:23.480,0.00,0.00,0,0.0,0.0,0.000,0.0,0,HAYIR,HAYIR
2026-08-19 09:27:23.501,0.00,0.00,0,0.0,0.0,0.000,0.0,0,HAYIR,HAYIR
2026-08-19 09:27:23.520,0.00,0.00,0,0.0,0.0,0.000,0.0,0,HAYIR,HAYIR
2026-08-19 09:27:23.540,0.00,0.00,0,0.0,0.0,0.000,0.0,0,HAYIR,HAYIR
2026-08-19 09:27:23.560,0.00,0.00,0,0.0,0.0,0.000,0.0,0,HAYIR,HAYIR
2026-08-19 09:27:23.580,0.00,0.00,0,0.0,0.0,0.000,0.0,0,HAYIR,HAYIR
2026-08-19 09:27:23.600,0.00,0.00,0,0.0,0.0,0.000,0.0,0,HAYIR,HAYIR
2026-08-19 09:27:23.620,0.00,0.00,0,0.0,0.0,0.000,0.0,0,HAYIR,HAYIR
2026-08-19 09:27:23.640,0.00,0.00,0,0.0,0.0,0.000,0.0,0,HAYIR,HAYIR
2026-08-19 09:27:23.660,0.00,0.00,0,0.0,0.0,0.000,0.0,0,HAYIR,HAYIR
2026-08-19 09:27:23.680,0.00,0.00,0,0.0,0.0,0.000,0.0,0,HAYIR,HAYIR
2026-08-19 09:27:23.701,0.00,0.00,0,0.0,0.0,0.000,0.0,0,HAYIR,HAYIR
2026-08-19 09:27:23.721,0.00,0.00,0,0.0,0.0,0.000,0.0,0,HAYIR,HAYIR
2026-08-19 09:27:23.740,0.00,0.00,0,0.0,0.0,0.000,0.0,0,HAYIR,HAYIR
2026-08-19 09:27:23.760,0.00,0.00,0,0.0,0.0,0.000,0.0,0,HAYIR,HAYIR
2026-08-19 09:27:23.780,0.00,0.00,0,0.0,0.0,0.000,0.0,0,HAYIR,HAYIR
2026-08-19 09:27:23.800,0.00,0.00,0,0.0,0.0,0.000,0.0,0,HAYIR,HAYIR
2026-08-19 09:27:23.821,0.00,0.00,0,0.0,0.0,0.000,0.0,0,HAYIR,HAYIR
2026-08-19 09:27:23.840,0.00,0.00,0,0.0,0.0,0.000,0.0,0,HAYIR,HAYIR
2026-08-19 09:27:23.860,0.00,0.00,0,0.0,0.0,0.000,0.0,0,HAYIR,HAYIR
2026-08-19 09:27:23.880,0.00,0.00,0,0.0,0.0,0.000,0.0,0,HAYIR,HAYIR
2026-08-19 09:27:23.901,0.00,0.00,0,0.0,0.0,0.000,0.0,0,HAYIR,HAYIR
2026-08-19 09:27:23.921,0.00,0.00,0,0.0,0.0,0.000,0.0,0,HAYIR,HAYIR
2026-08-19 09:27:23.940,0.00,0.00,0,0.0,0.0,0.000,0.0,0,HAYIR,HAYIR
2026-08-19 09:27:23.960,0.00,0.00,0,0.0,0.0,0.000,0.0,0,HAYIR,HAYIR
2026-08-19 09:27:23.980,0.00,0.00,0,0.0,0.0,0.000,0.0,0,HAYIR,HAYIR
2026-08-19 09:27:24.000,0.00,0.00,0,0.0,0.0,0.000,0.0,0,HAYIR,HAYIR
2026-08-19 09:27:24.020,0.00,0.00,0,0.0,0.0,0.000,0.0,0,HAYIR,HAYIR
2026-08-19 09:27:24.040,0.00,0.00,0,0.0,0.0,0.000,0.0,0,HAYIR,HAYIR
2026-08-19 09:27:24.060,0.00,0.00,0,0.0,0.0,0.000,0.0,0,HAYIR,HAYIR
2026-08-19 09:27:24.080,0.00,0.00,0,0.0,0.0,0.000,0.0,0,HAYIR,HAYIR
2026-08-19 09:27:24.100,0.00,0.00,0,0.0,0.0,0.000,0.0,0,HAYIR,HAYIR
2026-08-19 09:27:24.121,0.00,0.00,0,0.0,0.0,0.000,0.0,0,HAYIR,HAYIR
2026-08-19 09:27:24.140,0.00,0.00,0,0.0,0.0,0.000,0.0,0,HAYIR,HAYIR
2026-08-19 09:27:24.160,0.00,0.00,0,0.0,0.0,0.000,0.0,0,HAYIR,HAYIR
2026-08-19 09:27:24.180,0.00,0.00,0,0.0,0.0,0.000,0.0,0,HAYIR,HAYIR
2026-08-19 09:27:24.200,0.00,0.00,0,0.0,0.0,0.000,0.0,0,HAYIR,HAYIR
2026-08-19 09:27:24.220,0.00,0.00,0,0.0,0.0,0.000,0.0,0,HAYIR,HAYIR
2026-08-19 09:27:24.240,0.00,0.00,0,0.0,0.0,0.000,0.0,0,HAYIR,HAYIR
2026-08-19 09:27:24.260,0.00,0.00,0,0.0,0.0,0.000,0.0,0,HAYIR,HAYIR
2026-08-19 09:27:24.280,0.00,0.00,0,0.0,0.0,0.000,0.0,0,HAYIR,HAYIR
2026-08-19 09:27:24.300,0.00,0.00,0,0.0,0.0,0.000,0.0,0,HAYIR,HAYIR
2026-08-19 09:27:24.321,0.00,0.00,0,0.0,0.0,0.000,0.0,0,HAYIR,HAYIR
2026-08-19 09:27:24.340,0.00,0.00,0,0.0,0.0,0.000,0.0,0,HAYIR,HAYIR
2026-08-19 09:27:24.360,0.00,0.00,0,0.0,0.0,0.000,0.0,0,HAYIR,HAYIR
2026-08-19 09:27:24.380,0.00,0.00,0,0.0,0.0,0.000,0.0,0,HAYIR,HAYIR
2026-08-19 09:27:24.400,0.00,0.00,0,0.0,0.0,0.000,0.0,0,HAYIR,HAYIR
2026-08-19 09:27:24.420,0.00,0.00,0,0.0,0.0,0.000,0.0,0,HAYIR,HAYIR
2026-08-19 09:27:24.440,0.00,0.00,0,0.0,0.0,0.000,0.0,0,HAYIR,HAYIR
2026-08-19 09:27:24.460,0.00,0.00,0,0.0,0.0,0.000,0.0,0,HAYIR,HAYIR
2026-08-19 09:27:24.480,0.00,0.00,0,0.0,0.0,0.000,0.0,0,HAYIR,HAYIR
2026-08-19 09:27:24.501,0.00,0.00,0,0.0,0.0,0.000,0.0,0,HAYIR,HAYIR
2026-08-19 09:27:24.521,0.00,0.00,0,0.0,0.0,0.000,0.0,0,HAYIR,HAYIR
2026-08-19 09:27:24.541,0.00,0.00,0,0.0,0.0,0.000,0.0,0,HAYIR,HAYIR
2026-08-19 09:27:24.560,0.00,0.00,0,0.0,0.0,0.000,0.0,0,HAYIR,HAYIR
2026-08-19 09:27:24.580,0.00,0.00,0,0.0,0.0,0.000,0.0,0,HAYIR,HAYIR
2026-08-19 09:27:24.600,0.00,0.00,0,0.0,0.0,0.000,0.0,0,HAYIR,HAYIR
2026-08-19 09:27:24.620,0.00,0.00,0,0.0,0.0,0.000,0.0,0,HAYIR,HAYIR
2026-08-19 09:27:24.640,0.00,0.00,0,0.0,0.0,0.000,0.0,0,HAYIR,HAYIR
2026-08-19 09:27:24.660,0.00,0.00,0,0.0,0.0,0.000,0.0,0,HAYIR,HAYIR
2026-08-19 09:27:24.680,0.00,0.00,0,0.0,0.0,0.000,0.0,0,HAYIR,HAYIR
2026-08-19 09:27:24.700,0.00,0.00,0,0.0,0.0,0.000,0.0,0,HAYIR,HAYIR
2026-08-19 09:27:24.721,0.00,0.00,0,0.0,0.0,0.000,0.0,0,HAYIR,HAYIR
2026-08-19 09:27:24.740,0.00,0.00,0,0.0,0.0,0.000,0.0,0,HAYIR,HAYIR
2026-08-19 09:27:24.761,0.00,0.00,0,0.0,0.0,0.000,0.0,0,HAYIR,HAYIR
2026-08-19 09:27:24.780,0.00,0.00,0,0.0,0.0,0.000,0.0,0,HAYIR,HAYIR
2026-08-19 09:27:24.800,0.00,0.00,0,0.0,0.0,0.000,0.0,0,HAYIR,HAYIR
2026-08-19 09:27:24.821,0.00,0.00,0,0.0,0.0,0.000,0.0,0,HAYIR,HAYIR
2026-08-19 09:27:24.840,0.00,0.00,0,0.0,0.0,0.000,0.0,0,HAYIR,HAYIR
2026-08-19 09:27:24.860,0.00,0.00,0,0.0,0.0,0.000,0.0,0,HAYIR,HAYIR
2026-08-19 09:27:24.880,0.00,0.00,0,0.0,0.0,0.000,0.0,0,HAYIR,HAYIR
2026-08-19 09:27:24.900,0.00,0.00,0,0.0,0.0,0.000,0.0,0,HAYIR,HAYIR
2026-08-19 09:27:24.921,0.00,0.00,0,0.0,0.0,0.000,0.0,0,HAYIR,HAYIR
2026-08-19 09:27:24.940,0.00,0.00,0,0.0,0.0,0.000,0.0,0,HAYIR,HAYIR
2026-08-19 09:27:24.960,0.00,0.00,0,0.0,0.0,0.000,0.0,0,HAYIR,HAYIR
2026-08-19 09:27:24.980,0.00,0.00,0,0.0,0.0,0.000,0.0,0,HAYIR,HAYIR
2026-08-19 09:27:25.001,0.00,0.00,0,0.0,0.0,0.000,0.0,0,HAYIR,HAYIR
2026-08-19 09:27:25.021,0.00,0.00,0,0.0,0.0,0.000,0.0,0,HAYIR,HAYIR
2026-08-19 09:27:25.040,0.00,0.00,0,0.0,0.0,0.000,0.0,0,HAYIR,HAYIR
2026-08-19 09:27:25.061,0.00,0.00,0,0.0,0.0,0.000,0.0,0,HAYIR,HAYIR
2026-08-19 09:27:25.080,0.00,0.00,0,0.0,0.0,0.000,0.0,0,HAYIR,HAYIR
2026-08-19 09:27:25.100,0.00,0.00,0,0.0,0.0,0.000,0.0,0,HAYIR,HAYIR
2026-08-19 09:27:25.120,0.00,0.00,0,0.0,0.0,0.000,0.0,0,HAYIR,HAYIR
2026-08-19 09:27:25.140,0.00,0.00,0,0.0,0.0,0.000,0.0,0,HAYIR,HAYIR
2026-08-19 09:27:25.160,0.00,0.00,0,0.0,0.0,0.000,0.0,0,HAYIR,HAYIR
2026-08-19 09:27:25.180,0.00,0.00,0,0.0,0.0,0.000,0.0,0,HAYIR,HAYIR
2026-08-19 09:27:25.200,0.00,0.00,0,0.0,0.0,0.000,0.0,0,HAYIR,HAYIR
2026-08-19 09:27:25.220,0.00,0.00,0,0.0,0.0,0.000,0.0,0,HAYIR,HAYIR
2026-08-19 09:27:25.241,0.00,0.00,0,0.0,0.0,0.000,0.0,0,HAYIR,HAYIR
2026-08-19 09:27:25.260,0.00,0.00,0,0.0,0.0,0.000,0.0,0,HAYIR,HAYIR
2026-08-19 09:27:25.280,0.00,0.00,0,0.0,0.0,0.000,0.0,0,HAYIR,HAYIR
2026-08-19 09:27:25.301,0.00,0.00,0,0.0,0.0,0.000,0.0,0,HAYIR,HAYIR
2026-08-19 09:27:25.321,0.00,0.00,0,0.0,0.0,0.000,0.0,0,HAYIR,HAYIR
2026-08-19 09:27:25.340,0.00,0.00,0,0.0,0.0,0.000,0.0,0,HAYIR,HAYIR
2026-08-19 09:27:25.360,0.00,0.00,0,0.0,0.0,0.000,0.0,0,HAYIR,HAYIR
2026-08-19 09:27:25.380,0.00,0.00,0,0.0,0.0,0.000,0.0,0,HAYIR,HAYIR
2026-08-19 09:27:25.400,0.00,0.00,0,0.0,0.0,0.000,0.0,0,HAYIR,HAYIR
2026-08-19 09:27:25.420,0.00,0.00,0,0.0,0.0,0.000,0.0,0,HAYIR,HAYIR
2026-08-19 09:27:25.440,0.00,0.00,0,0.0,0.0,0.000,0.0,0,HAYIR,HAYIR
2026-08-19 09:27:25.460,0.00,0.00,0,0.0,0.0,0.000,0.0,0,HAYIR,HAYIR
2026-08-19 09:27:25.480,0.00,0.00,0,0.0,0.0,0.000,0.0,0,HAYIR,HAYIR
2026-08-19 09:27:25.501,0.00,0.00,0,0.0,0.0,0.000,0.0,0,HAYIR,HAYIR
2026-08-19 09:27:25.521,0.00,0.00,0,0.0,0.0,0.000,0.0,0,HAYIR,HAYIR
2026-08-19 09:27:25.540,0.00,0.00,0,0.0,0.0,0.000,0.0,0,HAYIR,HAYIR
2026-08-19 09:27:25.560,0.00,0.00,0,0.0,0.0,0.000,0.0,0,HAYIR,HAYIR
2026-08-19 09:27:25.580,0.00,0.00,0,0.0,0.0,0.000,0.0,0,HAYIR,HAYIR
2026-08-19 09:27:25.601,0.00,0.00,0,0.0,0.0,0.000,0.0,0,HAYIR,HAYIR
2026-08-19 09:27:25.620,0.00,0.00,0,0.0,0.0,0.000,0.0,0,HAYIR,HAYIR
2026-08-19 09:27:25.640,0.00,0.00,0,0.0,0.0,0.000,0.0,0,HAYIR,HAYIR
2026-08-19 09:27:25.660,0.00,0.00,0,0.0,0.0,0.000,0.0,0,HAYIR,HAYIR
2026-08-19 09:27:25.680,0.00,0.00,0,0.0,0.0,0.000,0.0,0,HAYIR,HAYIR
2026-08-19 09:27:25.700,0.00,0.00,0,0.0,0.0,0.000,0.0,0,HAYIR,HAYIR
2026-08-19 09:27:25.721,0.00,0.00,0,0.0,0.0,0.000,0.0,0,HAYIR,HAYIR
2026-08-19 09:27:25.740,0.00,0.00,0,0.0,0.0,0.000,0.0,0,HAYIR,HAYIR
2026-08-19 09:27:25.760,0.00,0.00,0,0.0,0.0,0.000,0.0,0,HAYIR,HAYIR
2026-08-19 09:27:25.780,0.00,0.00,0,0.0,0.0,0.000,0.0,0,HAYIR,HAYIR
2026-08-19 09:27:25.800,0.00,0.00,0,0.0,0.0,0.000,0.0,0,HAYIR,HAYIR
2026-08-19 09:27:25.821,0.00,0.00,0,0.0,0.0,0.000,0.0,0,HAYIR,HAYIR
2026-08-19 09:27:25.840,0.00,0.00,0,0.0,0.0,0.000,0.0,0,HAYIR,HAYIR
2026-08-19 09:27:25.860,0.00,0.00,0,0.0,0.0,0.000,0.0,0,HAYIR,HAYIR
2026-08-19 09:27:25.880,0.00,0.00,0,0.0,0.0,0.000,0.0,0,HAYIR,HAYIR
2026-08-19 09:27:25.900,0.00,0.00,0,0.0,0.0,0.000,0.0,0,HAYIR,HAYIR
2026-08-19 09:27:25.921,0.00,0.00,0,0.0,0.0,0.000,0.0,0,HAYIR,HAYIR
2026-08-19 09:27:25.940,0.00,0.00,0,0.0,0.0,0.000,0.0,0,HAYIR,HAYIR
2026-08-19 09:27:25.960,0.00,0.00,0,0.0,0.0,0.000,0.0,0,HAYIR,HAYIR
2026-08-19 09:27:25.980,0.00,0.00,0,0.0,0.0,0.000,0.0,0,HAYIR,HAYIR
2026-08-19 09:27:26.000,0.00,0.00,0,0.0,0.0,0.000,0.0,0,HAYIR,HAYIR
2026-08-19 09:27:26.020,0.00,0.00,0,0.0,0.0,0.000,0.0,0,HAYIR,HAYIR
2026-08-19 09:27:26.040,0.00,0.00,0,0.0,0.0,0.000,0.0,0,HAYIR,HAYIR
2026-08-19 09:27:26.061,0.00,0.00,0,0.0,0.0,0.000,0.0,0,HAYIR,HAYIR
2026-08-19 09:27:26.080,0.00,0.00,0,0.0,0.0,0.000,0.0,0,HAYIR,HAYIR
2026-08-19 09:27:26.100,0.00,0.00,0,0.0,0.0,0.000,0.0,0,HAYIR,HAYIR
2026-08-19 09:27:26.121,0.00,0.00,0,0.0,0.0,0.000,0.0,0,HAYIR,HAYIR
2026-08-19 09:27:26.140,0.00,0.00,0,0.0,0.0,0.000,0.0,0,HAYIR,HAYIR
2026-08-19 09:27:26.160,0.00,0.00,0,0.0,0.0,0.000,0.0,0,HAYIR,HAYIR
2026-08-19 09:27:26.180,0.00,0.00,0,0.0,0.0,0.000,0.0,0,HAYIR,HAYIR
2026-08-19 09:27:26.200,0.00,0.00,0,0.0,0.0,0.000,0.0,0,HAYIR,HAYIR
2026-08-19 09:27:26.220,0.00,0.00,0,0.0,0.0,0.000,0.0,0,HAYIR,HAYIR
2026-08-19 09:27:26.240,0.00,0.00,0,0.0,0.0,0.000,0.0,0,HAYIR,HAYIR
2026-08-19 09:27:26.260,0.00,0.00,0,0.0,0.0,0.000,0.0,0,HAYIR,HAYIR
2026-08-19 09:27:26.280,0.00,0.00,0,0.0,0.0,0.000,0.0,0,HAYIR,HAYIR
2026-08-19 09:27:26.300,0.00,0.00,0,0.0,0.0,0.000,0.0,0,HAYIR,HAYIR
2026-08-19 09:27:26.321,0.00,0.00,0,0.0,0.0,0.000,0.0,0,HAYIR,HAYIR
2026-08-19 09:27:26.340,0.00,0.00,0,0.0,0.0,0.000,0.0,0,HAYIR,HAYIR
2026-08-19 09:27:26.360,0.00,0.00,0,0.0,0.0,0.000,0.0,0,HAYIR,HAYIR
2026-08-19 09:27:26.380,0.00,0.00,0,0.0,0.0,0.000,0.0,0,HAYIR,HAYIR
2026-08-19 09:27:26.401,0.00,0.00,0,0.0,0.0,0.000,0.0,0,HAYIR,HAYIR
2026-08-19 09:27:26.420,0.00,0.00,0,0.0,0.0,0.000,0.0,0,HAYIR,HAYIR
2026-08-19 09:27:26.440,0.00,0.00,0,0.0,0.0,0.000,0.0,0,HAYIR,HAYIR
2026-08-19 09:27:26.461,0.00,0.00,0,0.0,0.0,0.000,0.0,0,HAYIR,HAYIR
2026-08-19 09:27:26.480,0.00,0.00,0,0.0,0.0,0.000,0.0,0,HAYIR,HAYIR
2026-08-19 09:27:26.500,0.00,0.00,0,0.0,0.0,0.000,0.0,0,HAYIR,HAYIR
2026-08-19 09:27:26.521,0.00,0.00,0,0.0,0.0,0.000,0.0,0,HAYIR,HAYIR
2026-08-19 09:27:26.540,0.00,0.00,0,0.0,0.0,0.000,0.0,0,HAYIR,HAYIR
2026-08-19 09:27:26.560,0.00,0.00,0,0.0,0.0,0.000,0.0,0,HAYIR,HAYIR
2026-08-19 09:27:26.580,0.00,0.00,0,0.0,0.0,0.000,0.0,0,HAYIR,HAYIR
2026-08-19 09:27:26.600,0.00,0.00,0,0.0,0.0,0.000,0.0,0,HAYIR,HAYIR
2026-08-19 09:27:26.620,0.00,0.00,0,0.0,0.0,0.000,0.0,0,HAYIR,HAYIR
2026-08-19 09:27:26.640,0.00,0.00,0,0.0,0.0,0.000,0.0,0,HAYIR,HAYIR
2026-08-19 09:27:26.660,0.00,0.00,0,0.0,0.0,0.000,0.0,0,HAYIR,HAYIR
2026-08-19 09:27:26.680,0.00,0.00,0,0.0,0.0,0.000,0.0,0,HAYIR,HAYIR
2026-08-19 09:27:26.700,0.00,0.00,0,0.0,0.0,0.000,0.0,0,HAYIR,HAYIR
2026-08-19 09:27:26.720,0.00,0.00,0,0.0,0.0,0.000,0.0,0,HAYIR,HAYIR
2026-08-19 09:27:26.740,0.00,0.00,0,0.0,0.0,0.000,0.0,0,HAYIR,HAYIR
2026-08-19 09:27:26.760,0.00,0.00,0,0.0,0.0,0.000,0.0,0,HAYIR,HAYIR
2026-08-19 09:27:26.780,0.00,0.00,0,0.0,0.0,0.000,0.0,0,HAYIR,HAYIR
2026-08-19 09:27:26.800,0.00,0.00,0,0.0,0.0,0.000,0.0,0,HAYIR,HAYIR
2026-08-19 09:27:26.821,0.00,0.00,0,0.0,0.0,0.000,0.0,0,HAYIR,HAYIR
2026-08-19 09:27:26.840,0.00,0.00,0,0.0,0.0,0.000,0.0,0,HAYIR,HAYIR
2026-08-19 09:27:26.860,0.00,0.00,0,0.0,0.0,0.000,0.0,0,HAYIR,HAYIR
2026-08-19 09:27:26.880,0.00,0.00,0,0.0,0.0,0.000,0.0,0,HAYIR,HAYIR
2026-08-19 09:27:26.901,0.00,0.00,0,0.0,0.0,0.000,0.0,0,HAYIR,HAYIR
2026-08-19 09:27:26.921,0.00,0.00,0,0.0,0.0,0.000,0.0,0,HAYIR,HAYIR
2026-08-19 09:27:26.940,0.00,0.00,0,0.0,0.0,0.000,0.0,0,HAYIR,HAYIR
2026-08-19 09:27:26.960,0.00,0.00,0,0.0,0.0,0.000,0.0,0,HAYIR,HAYIR
2026-08-19 09:27:26.980,0.00,0.00,0,0.0,0.0,0.000,0.0,0,HAYIR,HAYIR
2026-08-19 09:27:27.000,0.00,0.00,0,0.0,0.0,0.000,0.0,0,HAYIR,HAYIR
2026-08-19 09:27:27.020,0.00,0.00,0,0.0,0.0,0.000,0.0,0,HAYIR,HAYIR
2026-08-19 09:27:27.040,0.00,0.00,0,0.0,0.0,0.000,0.0,0,HAYIR,HAYIR
2026-08-19 09:27:27.060,0.00,0.00,0,0.0,0.0,0.000,0.0,0,HAYIR,HAYIR
2026-08-19 09:27:27.080,0.00,0.00,0,0.0,0.0,0.000,0.0,0,HAYIR,HAYIR
2026-08-19 09:27:27.101,0.00,0.00,0,0.0,0.0,0.000,0.0,0,HAYIR,HAYIR
2026-08-19 09:27:27.121,0.00,0.00,0,0.0,0.0,0.000,0.0,0,HAYIR,HAYIR
2026-08-19 09:27:27.140,0.00,0.00,0,0.0,0.0,0.000,0.0,0,HAYIR,HAYIR
2026-08-19 09:27:27.160,0.00,0.00,0,0.0,0.0,0.000,0.0,0,HAYIR,HAYIR
2026-08-19 09:27:27.180,0.00,0.00,0,0.0,0.0,0.000,0.0,0,HAYIR,HAYIR
2026-08-19 09:27:27.200,0.00,0.00,0,0.0,0.0,0.000,0.0,0,HAYIR,HAYIR
2026-08-19 09:27:27.220,0.00,0.00,0,0.0,0.0,0.000,0.0,0,HAYIR,HAYIR
2026-08-19 09:27:27.240,0.00,0.00,0,0.0,0.0,0.000,0.0,0,HAYIR,HAYIR
2026-08-19 09:27:27.260,0.00,0.00,0,0.0,0.0,0.000,0.0,0,HAYIR,HAYIR
2026-08-19 09:27:27.280,0.00,0.00,0,0.0,0.0,0.000,0.0,0,HAYIR,HAYIR
2026-08-19 09:27:27.300,0.00,0.00,0,0.0,0.0,0.000,0.0,0,HAYIR,HAYIR
2026-08-19 09:27:27.321,0.00,0.00,0,0.0,0.0,0.000,0.0,0,HAYIR,HAYIR
2026-08-19 09:27:27.340,0.00,0.00,0,0.0,0.0,0.000,0.0,0,HAYIR,HAYIR
2026-08-19 09:27:27.360,0.00,0.00,0,0.0,0.0,0.000,0.0,0,HAYIR,HAYIR
2026-08-19 09:27:27.380,0.00,0.00,0,0.0,0.0,0.000,0.0,0,HAYIR,HAYIR
2026-08-19 09:27:27.400,0.00,0.00,0,0.0,0.0,0.000,0.0,0,HAYIR,HAYIR
2026-08-19 09:27:27.420,0.00,0.00,0,0.0,0.0,0.000,0.0,0,HAYIR,HAYIR
2026-08-19 09:27:27.440,0.00,0.00,0,0.0,0.0,0.000,0.0,0,HAYIR,HAYIR
2026-08-19 09:27:27.460,0.00,0.00,0,0.0,0.0,0.000,0.0,0,HAYIR,HAYIR
2026-08-19 09:27:27.480,0.00,0.00,0,0.0,0.0,0.000,0.0,0,HAYIR,HAYIR
2026-08-19 09:27:27.500,0.00,0.00,0,0.0,0.0,0.000,0.0,0,HAYIR,HAYIR
2026-08-19 09:27:27.521,0.00,0.00,0,0.0,0.0,0.000,0.0,0,HAYIR,HAYIR
2026-08-19 09:27:27.540,0.00,0.00,0,0.0,0.0,0.000,0.0,0,HAYIR,HAYIR
2026-08-19 09:27:27.560,0.00,0.00,0,0.0,0.0,0.000,0.0,0,HAYIR,HAYIR
2026-08-19 09:27:27.580,0.00,0.00,0,0.0,0.0,0.000,0.0,0,HAYIR,HAYIR
2026-08-19 09:27:27.601,0.00,0.00,0,0.0,0.0,0.000,0.0,0,HAYIR,HAYIR
2026-08-19 09:27:27.620,0.00,0.00,0,0.0,0.0,0.000,0.0,0,HAYIR,HAYIR
2026-08-19 09:27:27.640,0.00,0.00,0,0.0,0.0,0.000,0.0,0,HAYIR,HAYIR
2026-08-19 09:27:27.660,0.00,0.00,0,0.0,0.0,0.000,0.0,0,HAYIR,HAYIR
2026-08-19 09:27:27.680,0.00,0.00,0,0.0,0.0,0.000,0.0,0,HAYIR,HAYIR
2026-08-19 09:27:27.700,0.00,0.00,0,0.0,0.0,0.000,0.0,0,HAYIR,HAYIR
2026-08-19 09:27:27.721,0.00,0.00,0,0.0,0.0,0.000,0.0,0,HAYIR,HAYIR
2026-08-19 09:27:27.740,0.00,0.00,0,0.0,0.0,0.000,0.0,0,HAYIR,HAYIR
2026-08-19 09:27:27.760,0.00,0.00,0,0.0,0.0,0.000,0.0,0,HAYIR,HAYIR
2026-08-19 09:27:27.780,0.00,0.00,0,0.0,0.0,0.000,0.0,0,HAYIR,HAYIR
2026-08-19 09:27:27.800,0.00,0.00,0,0.0,0.0,0.000,0.0,0,HAYIR,HAYIR
2026-08-19 09:27:27.821,0.00,0.00,0,0.0,0.0,0.000,0.0,0,HAYIR,HAYIR
2026-08-19 09:27:27.840,0.00,0.00,0,0.0,0.0,0.000,0.0,0,HAYIR,HAYIR
2026-08-19 09:27:27.860,0.00,0.00,0,0.0,0.0,0.000,0.0,0,HAYIR,HAYIR
2026-08-19 09:27:27.880,0.00,0.00,0,0.0,0.0,0.000,0.0,0,HAYIR,HAYIR
2026-08-19 09:27:27.900,0.00,0.00,0,0.0,0.0,0.000,0.0,0,HAYIR,HAYIR
2026-08-19 09:27:27.921,0.00,0.00,0,0.0,0.0,0.000,0.0,0,HAYIR,HAYIR
2026-08-19 09:27:27.940,0.00,0.00,0,0.0,0.0,0.000,0.0,0,HAYIR,HAYIR
2026-08-19 09:27:27.960,0.00,0.00,0,0.0,0.0,0.000,0.0,0,HAYIR,HAYIR
2026-08-19 09:27:27.980,0.00,0.00,0,0.0,0.0,0.000,0.0,0,HAYIR,HAYIR
2026-08-19 09:27:28.000,0.00,0.00,0,0.0,0.0,0.000,0.0,0,HAYIR,HAYIR
2026-08-19 09:27:28.020,0.00,0.00,0,0.0,0.0,0.000,0.0,0,HAYIR,HAYIR
2026-08-19 09:27:28.040,0.00,0.00,0,0.0,0.0,0.000,0.0,0,HAYIR,HAYIR
2026-08-19 09:27:28.060,0.00,0.00,0,0.0,0.0,0.000,0.0,0,HAYIR,HAYIR
2026-08-19 09:27:28.080,0.00,0.00,0,0.0,0.0,0.000,0.0,0,HAYIR,HAYIR
2026-08-19 09:27:28.100,0.00,0.00,0,0.0,0.0,0.000,0.0,0,HAYIR,HAYIR
2026-08-19 09:27:28.121,0.00,0.00,0,0.0,0.0,0.000,0.0,0,HAYIR,HAYIR
2026-08-19 09:27:28.140,0.00,0.00,0,0.0,0.0,0.000,0.0,0,HAYIR,HAYIR
2026-08-19 09:27:28.160,0.00,0.00,0,0.0,0.0,0.000,0.0,0,HAYIR,HAYIR
2026-08-19 09:27:28.180,0.00,0.00,0,0.0,0.0,0.000,0.0,0,HAYIR,HAYIR
2026-08-19 09:27:28.200,0.00,0.00,0,0.0,0.0,0.000,0.0,0,HAYIR,HAYIR
2026-08-19 09:27:28.220,0.00,0.00,0,0.0,0.0,0.000,0.0,0,HAYIR,HAYIR
2026-08-19 09:27:28.240,0.00,0.00,0,0.0,0.0,0.000,0.0,0,HAYIR,HAYIR
2026-08-19 09:27:28.261,0.00,0.00,0,0.0,0.0,0.000,0.0,0,HAYIR,HAYIR
2026-08-19 09:27:28.280,0.00,0.00,0,0.0,0.0,0.000,0.0,0,HAYIR,HAYIR
2026-08-19 09:27:28.300,0.00,0.00,0,0.0,0.0,0.000,0.0,0,HAYIR,HAYIR
2026-08-19 09:27:28.320,0.00,0.00,0,0.0,0.0,0.000,0.0,0,HAYIR,HAYIR
2026-08-19 09:27:28.340,0.00,0.00,0,0.0,0.0,0.000,0.0,0,HAYIR,HAYIR
2026-08-19 09:27:28.360,0.00,0.00,0,0.0,0.0,0.000,0.0,0,HAYIR,HAYIR
2026-08-19 09:27:28.380,0.00,0.00,0,0.0,0.0,0.000,0.0,0,HAYIR,HAYIR
2026-08-19 09:27:28.400,0.00,0.00,0,0.0,0.0,0.000,0.0,0,HAYIR,HAYIR
2026-08-19 09:27:28.420,0.00,0.00,0,0.0,0.0,0.000,0.0,0,HAYIR,HAYIR
2026-08-19 09:27:28.440,0.00,0.00,0,0.0,0.0,0.000,0.0,0,HAYIR,HAYIR
2026-08-19 09:27:28.460,0.00,0.00,0,0.0,0.0,0.000,0.0,0,HAYIR,HAYIR
2026-08-19 09:27:28.480,0.00,0.00,0,0.0,0.0,0.000,0.0,0,HAYIR,HAYIR
2026-08-19 09:27:28.501,0.00,0.00,0,0.0,0.0,0.000,0.0,0,HAYIR,HAYIR
2026-08-19 09:27:28.520,0.00,0.00,0,0.0,0.0,0.000,0.0,0,HAYIR,HAYIR
2026-08-19 09:27:28.541,0.00,0.00,0,0.0,0.0,0.000,0.0,0,HAYIR,HAYIR
2026-08-19 09:27:28.560,0.00,0.00,0,0.0,0.0,0.000,0.0,0,HAYIR,HAYIR
2026-08-19 09:27:28.580,0.00,0.00,0,0.0,0.0,0.000,0.0,0,HAYIR,HAYIR
2026-08-19 09:27:28.600,0.00,0.00,0,0.0,0.0,0.000,0.0,0,HAYIR,HAYIR
2026-08-19 09:27:28.620,0.00,0.00,0,0.0,0.0,0.000,0.0,0,HAYIR,HAYIR
2026-08-19 09:27:28.640,0.00,0.00,0,0.0,0.0,0.000,0.0,0,HAYIR,HAYIR
2026-08-19 09:27:28.660,0.00,0.00,0,0.0,0.0,0.000,0.0,0,HAYIR,HAYIR
2026-08-19 09:27:28.680,0.00,0.00,0,0.0,0.0,0.000,0.0,0,HAYIR,HAYIR
2026-08-19 09:27:28.700,0.00,0.00,0,0.0,0.0,0.000,0.0,0,HAYIR,HAYIR
2026-08-19 09:27:28.720,0.00,0.00,0,0.0,0.0,0.000,0.0,0,HAYIR,HAYIR
2026-08-19 09:27:28.740,0.00,0.00,0,0.0,0.0,0.000,0.0,0,HAYIR,HAYIR
2026-08-19 09:27:28.760,0.00,0.00,0,0.0,0.0,0.000,0.0,0,HAYIR,HAYIR
2026-08-19 09:27:28.780,0.00,0.00,0,0.0,0.0,0.000,0.0,0,HAYIR,HAYIR
2026-08-19 09:27:28.801,0.00,0.00,0,0.0,0.0,0.000,0.0,0,HAYIR,HAYIR
2026-08-19 09:27:28.821,0.00,0.00,0,0.0,0.0,0.000,0.0,0,HAYIR,HAYIR
2026-08-19 09:27:28.840,0.00,0.00,0,0.0,0.0,0.000,0.0,0,HAYIR,HAYIR
2026-08-19 09:27:28.860,0.00,0.00,0,0.0,0.0,0.000,0.0,0,HAYIR,HAYIR
2026-08-19 09:27:28.880,0.00,0.00,0,0.0,0.0,0.000,0.0,0,HAYIR,HAYIR
2026-08-19 09:27:28.900,0.00,0.00,0,0.0,0.0,0.000,0.0,0,HAYIR,HAYIR
2026-08-19 09:27:28.920,0.00,0.00,0,0.0,0.0,0.000,0.0,0,HAYIR,HAYIR
2026-08-19 09:27:28.940,0.00,0.00,0,0.0,0.0,0.000,0.0,0,HAYIR,HAYIR
2026-08-19 09:27:28.960,0.00,0.00,0,0.0,0.0,0.000,0.0,0,HAYIR,HAYIR
2026-08-19 09:27:28.980,0.00,0.00,0,0.0,0.0,0.000,0.0,0,HAYIR,HAYIR
2026-08-19 09:27:29.000,0.00,0.00,0,0.0,0.0,0.000,0.0,0,HAYIR,HAYIR
2026-08-19 09:27:29.020,0.00,0.00,0,0.0,0.0,0.000,0.0,0,HAYIR,HAYIR
2026-08-19 09:27:29.040,0.00,0.00,0,0.0,0.0,0.000,0.0,0,HAYIR,HAYIR
2026-08-19 09:27:29.060,0.00,0.00,0,0.0,0.0,0.000,0.0,0,HAYIR,HAYIR
2026-08-19 09:27:29.080,0.00,0.00,0,0.0,0.0,0.000,0.0,0,HAYIR,HAYIR
2026-08-19 09:27:29.100,0.00,0.00,0,0.0,0.0,0.000,0.0,0,HAYIR,HAYIR
2026-08-19 09:27:29.120,0.00,0.00,0,0.0,0.0,0.000,0.0,0,HAYIR,HAYIR
2026-08-19 09:27:29.140,0.00,0.00,0,0.0,0.0,0.000,0.0,0,HAYIR,HAYIR
2026-08-19 09:27:29.160,0.00,0.00,0,0.0,0.0,0.000,0.0,0,HAYIR,HAYIR
2026-08-19 09:27:29.180,0.00,0.00,0,0.0,0.0,0.000,0.0,0,HAYIR,HAYIR
2026-08-19 09:27:29.200,0.00,0.00,0,0.0,0.0,0.000,0.0,0,HAYIR,HAYIR
2026-08-19 09:27:29.220,0.00,0.00,0,0.0,0.0,0.000,0.0,0,HAYIR,HAYIR
2026-08-19 09:27:29.240,0.00,0.00,0,0.0,0.0,0.000,0.0,0,HAYIR,HAYIR
2026-08-19 09:27:29.260,0.00,0.00,0,0.0,0.0,0.000,0.0,0,HAYIR,HAYIR
2026-08-19 09:27:29.280,0.00,0.00,0,0.0,0.0,0.000,0.0,0,HAYIR,HAYIR
2026-08-19 09:27:29.300,0.00,0.00,0,0.0,0.0,0.000,0.0,0,HAYIR,HAYIR
2026-08-19 09:27:29.320,0.00,0.00,0,0.0,0.0,0.000,0.0,0,HAYIR,HAYIR
2026-08-19 09:27:29.340,0.00,0.00,0,0.0,0.0,0.000,0.0,0,HAYIR,HAYIR
2026-08-19 09:27:29.360,0.00,0.00,0,0.0,0.0,0.000,0.0,0,HAYIR,HAYIR
2026-08-19 09:27:29.380,0.00,0.00,0,0.0,0.0,0.000,0.0,0,HAYIR,HAYIR
2026-08-19 09:27:29.400,0.00,0.00,0,0.0,0.0,0.000,0.0,0,HAYIR,HAYIR
2026-08-19 09:27:29.420,0.00,0.00,0,0.0,0.0,0.000,0.0,0,HAYIR,HAYIR
2026-08-19 09:27:29.440,0.00,0.00,0,0.0,0.0,0.000,0.0,0,HAYIR,HAYIR
2026-08-19 09:27:29.460,0.00,0.00,0,0.0,0.0,0.000,0.0,0,HAYIR,HAYIR
2026-08-19 09:27:29.480,0.00,0.00,0,0.0,0.0,0.000,0.0,0,HAYIR,HAYIR
2026-08-19 09:27:29.500,0.00,0.00,0,0.0,0.0,0.000,0.0,0,HAYIR,HAYIR
2026-08-19 09:27:29.520,0.00,0.00,0,0.0,0.0,0.000,0.0,0,HAYIR,HAYIR
2026-08-19 09:27:29.540,0.00,0.00,0,0.0,0.0,0.000,0.0,0,HAYIR,HAYIR
2026-08-19 09:27:29.560,0.00,0.00,0,0.0,0.0,0.000,0.0,0,HAYIR,HAYIR
2026-08-19 09:27:29.580,0.00,0.00,0,0.0,0.0,0.000,0.0,0,HAYIR,HAYIR
2026-08-19 09:27:29.600,0.00,0.00,0,0.0,0.0,0.000,0.0,0,HAYIR,HAYIR
2026-08-19 09:27:29.620,0.00,0.00,0,0.0,0.0,0.000,0.0,0,HAYIR,HAYIR
2026-08-19 09:27:29.640,0.00,0.00,0,0.0,0.0,0.000,0.0,0,HAYIR,HAYIR
2026-08-19 09:27:29.660,0.00,0.00,0,0.0,0.0,0.000,0.0,0,HAYIR,HAYIR
2026-08-19 09:27:29.680,0.00,0.00,0,0.0,0.0,0.000,0.0,0,HAYIR,HAYIR
2026-08-19 09:27:29.700,0.00,0.00,0,0.0,0.0,0.000,0.0,0,HAYIR,HAYIR
2026-08-19 09:27:29.720,0.00,0.00,0,0.0,0.0,0.000,0.0,0,HAYIR,HAYIR
2026-08-19 09:27:29.740,0.00,0.00,0,0.0,0.0,0.000,0.0,0,HAYIR,HAYIR
2026-08-19 09:27:29.761,0.00,0.00,0,0.0,0.0,0.000,0.0,0,HAYIR,HAYIR
2026-08-19 09:27:29.780,0.00,0.00,0,0.0,0.0,0.000,0.0,0,HAYIR,HAYIR
2026-08-19 09:27:29.800,0.00,0.00,0,0.0,0.0,0.000,0.0,0,HAYIR,HAYIR
2026-08-19 09:27:29.820,0.00,0.00,0,0.0,0.0,0.000,0.0,0,HAYIR,HAYIR
2026-08-19 09:27:29.840,0.00,0.00,0,0.0,0.0,0.000,0.0,0,HAYIR,HAYIR
2026-08-19 09:27:29.860,0.00,0.00,0,0.0,0.0,0.000,0.0,0,HAYIR,HAYIR
2026-08-19 09:27:29.880,0.00,0.00,0,0.0,0.0,0.000,0.0,0,HAYIR,HAYIR
2026-08-19 09:27:29.900,0.00,0.00,0,0.0,0.0,0.000,0.0,0,HAYIR,HAYIR
2026-08-19 09:27:29.921,0.00,0.00,0,0.0,0.0,0.000,0.0,0,HAYIR,HAYIR
2026-08-19 09:27:29.940,0.00,0.00,0,0.0,0.0,0.000,0.0,0,HAYIR,HAYIR
2026-08-19 09:27:29.960,0.00,0.00,0,0.0,0.0,0.000,0.0,0,HAYIR,HAYIR
2026-08-19 09:27:29.980,0.00,0.00,0,0.0,0.0,0.000,0.0,0,HAYIR,HAYIR
2026-08-19 09:27:30.000,0.00,0.00,0,0.0,0.0,0.000,0.0,0,HAYIR,HAYIR
2026-08-19 09:27:30.020,0.00,0.00,0,0.0,0.0,0.000,0.0,0,HAYIR,HAYIR
2026-08-19 09:27:30.040,0.00,0.00,0,0.0,0.0,0.000,0.0,0,HAYIR,HAYIR
2026-08-19 09:27:30.060,0.00,0.00,0,0.0,0.0,0.000,0.0,0,HAYIR,HAYIR
2026-08-19 09:27:30.080,0.00,0.00,0,0.0,0.0,0.000,0.0,0,HAYIR,HAYIR
2026-08-19 09:27:30.101,0.00,0.00,0,0.0,0.0,0.000,0.0,0,HAYIR,HAYIR
2026-08-19 09:27:30.120,0.00,0.00,0,0.0,0.0,0.000,0.0,0,HAYIR,HAYIR
2026-08-19 09:27:30.140,0.00,0.00,0,0.0,0.0,0.000,0.0,0,HAYIR,HAYIR
2026-08-19 09:27:30.160,0.00,0.00,0,0.0,0.0,0.000,0.0,0,HAYIR,HAYIR
2026-08-19 09:27:30.180,0.00,0.00,0,0.0,0.0,0.000,0.0,0,HAYIR,HAYIR
2026-08-19 09:27:30.200,0.00,0.00,0,0.0,0.0,0.000,0.0,0,HAYIR,HAYIR
2026-08-19 09:27:30.220,0.00,0.00,0,0.0,0.0,0.000,0.0,0,HAYIR,HAYIR
2026-08-19 09:27:30.240,0.00,0.00,0,0.0,0.0,0.000,0.0,0,HAYIR,HAYIR
2026-08-19 09:27:30.260,0.00,0.00,0,0.0,0.0,0.000,0.0,0,HAYIR,HAYIR
2026-08-19 09:27:30.280,0.00,0.00,0,0.0,0.0,0.000,0.0,0,HAYIR,HAYIR
2026-08-19 09:27:30.300,0.00,0.00,0,0.0,0.0,0.000,0.0,0,HAYIR,HAYIR
2026-08-19 09:27:30.320,0.00,0.00,0,0.0,0.0,0.000,0.0,0,HAYIR,HAYIR
2026-08-19 09:27:30.340,0.00,0.00,0,0.0,0.0,0.000,0.0,0,HAYIR,HAYIR
2026-08-19 09:27:30.360,0.00,0.00,0,0.0,0.0,0.000,0.0,0,HAYIR,HAYIR
2026-08-19 09:27:30.380,0.00,0.00,0,0.0,0.0,0.000,0.0,0,HAYIR,HAYIR
2026-08-19 09:27:30.400,0.00,0.00,0,0.0,0.0,0.000,0.0,0,HAYIR,HAYIR
2026-08-19 09:27:30.421,0.00,0.00,0,0.0,0.0,0.000,0.0,0,HAYIR,HAYIR
2026-08-19 09:27:30.440,0.00,0.00,0,0.0,0.0,0.000,0.0,0,HAYIR,HAYIR
2026-08-19 09:27:30.460,0.00,0.00,0,0.0,0.0,0.000,0.0,0,HAYIR,HAYIR
2026-08-19 09:27:30.480,0.00,0.00,0,0.0,0.0,0.000,0.0,0,HAYIR,HAYIR
2026-08-19 09:27:30.500,0.00,0.00,0,0.0,0.0,0.000,0.0,0,HAYIR,HAYIR
2026-08-19 09:27:30.520,0.00,0.00,0,0.0,0.0,0.000,0.0,0,HAYIR,HAYIR
2026-08-19 09:27:30.540,0.00,0.00,0,0.0,0.0,0.000,0.0,0,HAYIR,HAYIR
2026-08-19 09:27:30.561,0.00,0.00,0,0.0,0.0,0.000,0.0,0,HAYIR,HAYIR
2026-08-19 09:27:30.580,0.00,0.00,0,0.0,0.0,0.000,0.0,0,HAYIR,HAYIR
2026-08-19 09:27:30.600,0.00,0.00,0,0.0,0.0,0.000,0.0,0,HAYIR,HAYIR
2026-08-19 09:27:30.620,0.00,0.00,0,0.0,0.0,0.000,0.0,0,HAYIR,HAYIR
2026-08-19 09:27:30.640,0.00,0.00,0,0.0,0.0,0.000,0.0,0,HAYIR,HAYIR
2026-08-19 09:27:30.660,0.00,0.00,0,0.0,0.0,0.000,0.0,0,HAYIR,HAYIR
2026-08-19 09:27:30.680,0.00,0.00,0,0.0,0.0,0.000,0.0,0,HAYIR,HAYIR
2026-08-19 09:27:30.700,0.00,0.00,0,0.0,0.0,0.000,0.0,0,HAYIR,HAYIR
2026-08-19 09:27:30.720,0.00,0.00,0,0.0,0.0,0.000,0.0,0,HAYIR,HAYIR
2026-08-19 09:27:30.740,0.00,0.00,0,0.0,0.0,0.000,0.0,0,HAYIR,HAYIR
2026-08-19 09:27:30.761,0.00,0.00,0,0.0,0.0,0.000,0.0,0,HAYIR,HAYIR
2026-08-19 09:27:30.780,0.00,0.00,0,0.0,0.0,0.000,0.0,0,HAYIR,HAYIR
2026-08-19 09:27:30.800,0.00,0.00,0,0.0,0.0,0.000,0.0,0,HAYIR,HAYIR
2026-08-19 09:27:30.820,0.00,0.00,0,0.0,0.0,0.000,0.0,0,HAYIR,HAYIR
2026-08-19 09:27:30.840,0.00,0.00,0,0.0,0.0,0.000,0.0,0,HAYIR,HAYIR
2026-08-19 09:27:30.860,0.00,0.00,0,0.0,0.0,0.000,0.0,0,HAYIR,HAYIR
2026-08-19 09:27:30.880,0.00,0.00,0,0.0,0.0,0.000,0.0,0,HAYIR,HAYIR
2026-08-19 09:27:30.900,0.00,0.00,0,0.0,0.0,0.000,0.0,0,HAYIR,HAYIR
2026-08-19 09:27:30.921,0.00,0.00,0,0.0,0.0,0.000,0.0,0,HAYIR,HAYIR
2026-08-19 09:27:30.940,0.00,0.00,0,0.0,0.0,0.000,0.0,0,HAYIR,HAYIR
2026-08-19 09:27:30.960,0.00,0.00,0,0.0,0.0,0.000,0.0,0,HAYIR,HAYIR
2026-08-19 09:27:30.980,0.00,0.00,0,0.0,0.0,0.000,0.0,0,HAYIR,HAYIR
2026-08-19 09:27:31.000,0.00,0.00,0,0.0,0.0,0.000,0.0,0,HAYIR,HAYIR
2026-08-19 09:27:31.020,0.00,0.00,0,0.0,0.0,0.000,0.0,0,HAYIR,HAYIR
2026-08-19 09:27:31.040,0.00,0.00,0,0.0,0.0,0.000,0.0,0,HAYIR,HAYIR
2026-08-19 09:27:31.060,0.00,0.00,0,0.0,0.0,0.000,0.0,0,HAYIR,HAYIR
2026-08-19 09:27:31.080,0.00,0.00,0,0.0,0.0,0.000,0.0,0,HAYIR,HAYIR
2026-08-19 09:27:31.100,0.00,0.00,0,0.0,0.0,0.000,0.0,0,HAYIR,HAYIR
2026-08-19 09:27:31.120,0.00,0.00,0,0.0,0.0,0.000,0.0,0,HAYIR,HAYIR
2026-08-19 09:27:31.140,0.00,0.00,0,0.0,0.0,0.000,0.0,0,HAYIR,HAYIR
2026-08-19 09:27:31.160,0.00,0.00,0,0.0,0.0,0.000,0.0,0,HAYIR,HAYIR
2026-08-19 09:27:31.180,0.00,0.00,0,0.0,0.0,0.000,0.0,0,HAYIR,HAYIR
2026-08-19 09:27:31.200,0.00,0.00,0,0.0,0.0,0.000,0.0,0,HAYIR,HAYIR
2026-08-19 09:27:31.220,0.00,0.00,0,0.0,0.0,0.000,0.0,0,HAYIR,HAYIR
2026-08-19 09:27:31.240,0.00,0.00,0,0.0,0.0,0.000,0.0,0,HAYIR,HAYIR
2026-08-19 09:27:31.260,0.00,0.00,0,0.0,0.0,0.000,0.0,0,HAYIR,HAYIR
2026-08-19 09:27:31.280,0.00,0.00,0,0.0,0.0,0.000,0.0,0,HAYIR,HAYIR
2026-08-19 09:27:31.300,0.00,0.00,0,0.0,0.0,0.000,0.0,0,HAYIR,HAYIR
2026-08-19 09:27:31.320,0.00,0.00,0,0.0,0.0,0.000,0.0,0,HAYIR,HAYIR
2026-08-19 09:27:31.340,0.00,0.00,0,0.0,0.0,0.000,0.0,0,HAYIR,HAYIR
2026-08-19 09:27:31.360,0.00,0.00,0,0.0,0.0,0.000,0.0,0,HAYIR,HAYIR
2026-08-19 09:27:31.380,0.00,0.00,0,0.0,0.0,0.000,0.0,0,HAYIR,HAYIR
2026-08-19 09:27:31.400,0.00,0.00,0,0.0,0.0,0.000,0.0,0,HAYIR,HAYIR
2026-08-19 09:27:31.420,0.00,0.00,0,0.0,0.0,0.000,0.0,0,HAYIR,HAYIR
2026-08-19 09:27:31.440,0.00,0.00,0,0.0,0.0,0.000,0.0,0,HAYIR,HAYIR
2026-08-19 09:27:31.460,0.00,0.00,0,0.0,0.0,0.000,0.0,0,HAYIR,HAYIR
2026-08-19 09:27:31.480,0.00,0.00,0,0.0,0.0,0.000,0.0,0,HAYIR,HAYIR
2026-08-19 09:27:31.500,0.00,0.00,0,0.0,0.0,0.000,0.0,0,HAYIR,HAYIR
2026-08-19 09:27:31.520,0.00,0.00,0,0.0,0.0,0.000,0.0,0,HAYIR,HAYIR
2026-08-19 09:27:31.540,0.00,0.00,0,0.0,0.0,0.000,0.0,0,HAYIR,HAYIR
2026-08-19 09:27:31.560,0.00,0.00,0,0.0,0.0,0.000,0.0,0,HAYIR,HAYIR
2026-08-19 09:27:31.580,0.00,0.00,0,0.0,0.0,0.000,0.0,0,HAYIR,HAYIR
2026-08-19 09:27:31.600,0.00,0.00,0,0.0,0.0,0.000,0.0,0,HAYIR,HAYIR
2026-08-19 09:27:31.620,0.00,0.00,0,0.0,0.0,0.000,0.0,0,HAYIR,HAYIR
2026-08-19 09:27:31.640,0.00,0.00,0,0.0,0.0,0.000,0.0,0,HAYIR,HAYIR
2026-08-19 09:27:31.660,0.00,0.00,0,0.0,0.0,0.000,0.0,0,HAYIR,HAYIR
2026-08-19 09:27:31.680,0.00,0.00,0,0.0,0.0,0.000,0.0,0,HAYIR,HAYIR
2026-08-19 09:27:31.700,0.00,0.00,0,0.0,0.0,0.000,0.0,0,HAYIR,HAYIR
2026-08-19 09:27:31.720,0.00,0.00,0,0.0,0.0,0.000,0.0,0,HAYIR,HAYIR
2026-08-19 09:27:31.740,0.00,0.00,0,0.0,0.0,0.000,0.0,0,HAYIR,HAYIR
2026-08-19 09:27:31.760,0.00,0.00,0,0.0,0.0,0.000,0.0,0,HAYIR,HAYIR
2026-08-19 09:27:31.780,0.00,0.00,0,0.0,0.0,0.000,0.0,0,HAYIR,HAYIR
2026-08-19 09:27:31.801,0.00,0.00,0,0.0,0.0,0.000,0.0,0,HAYIR,HAYIR
2026-08-19 09:27:31.821,0.00,0.00,0,0.0,0.0,0.000,0.0,0,HAYIR,HAYIR
2026-08-19 09:27:31.840,0.00,0.00,0,0.0,0.0,0.000,0.0,0,HAYIR,HAYIR
2026-08-19 09:27:31.860,0.00,0.00,0,0.0,0.0,0.000,0.0,0,HAYIR,HAYIR
2026-08-19 09:27:31.880,0.00,0.00,0,0.0,0.0,0.000,0.0,0,HAYIR,HAYIR
2026-08-19 09:27:31.900,0.00,0.00,0,0.0,0.0,0.000,0.0,0,HAYIR,HAYIR
2026-08-19 09:27:31.920,0.00,0.00,0,0.0,0.0,0.000,0.0,0,HAYIR,HAYIR
2026-08-19 09:27:31.940,0.00,0.00,0,0.0,0.0,0.000,0.0,0,HAYIR,HAYIR
2026-08-19 09:27:31.961,0.00,0.00,0,0.0,0.0,0.000,0.0,0,HAYIR,HAYIR
2026-08-19 09:27:31.980,0.00,0.00,0,0.0,0.0,0.000,0.0,0,HAYIR,HAYIR
2026-08-19 09:27:32.000,0.00,0.00,0,0.0,0.0,0.000,0.0,0,HAYIR,HAYIR
2026-08-19 09:27:32.021,0.00,0.00,0,0.0,0.0,0.000,0.0,0,HAYIR,HAYIR
2026-08-19 09:27:32.040,0.00,0.00,0,0.0,0.0,0.000,0.0,0,HAYIR,HAYIR
2026-08-19 09:27:32.060,0.00,0.00,0,0.0,0.0,0.000,0.0,0,HAYIR,HAYIR
2026-08-19 09:27:32.080,0.00,0.00,0,0.0,0.0,0.000,0.0,0,HAYIR,HAYIR
2026-08-19 09:27:32.100,0.00,0.00,0,0.0,0.0,0.000,0.0,0,HAYIR,HAYIR
2026-08-19 09:27:32.120,0.00,0.00,0,0.0,0.0,0.000,0.0,0,HAYIR,HAYIR
2026-08-19 09:27:32.140,0.00,0.00,0,0.0,0.0,0.000,0.0,0,HAYIR,HAYIR
2026-08-19 09:27:32.160,0.00,0.00,0,0.0,0.0,0.000,0.0,0,HAYIR,HAYIR
2026-08-19 09:27:32.180,0.00,0.00,0,0.0,0.0,0.000,0.0,0,HAYIR,HAYIR
2026-08-19 09:27:32.200,0.00,0.00,0,0.0,0.0,0.000,0.0,0,HAYIR,HAYIR
2026-08-19 09:27:32.220,0.00,0.00,0,0.0,0.0,0.000,0.0,0,HAYIR,HAYIR
2026-08-19 09:27:32.240,0.00,0.00,0,0.0,0.0,0.000,0.0,0,HAYIR,HAYIR
2026-08-19 09:27:32.260,0.00,0.00,0,0.0,0.0,0.000,0.0,0,HAYIR,HAYIR
2026-08-19 09:27:32.280,0.00,0.00,0,0.0,0.0,0.000,0.0,0,HAYIR,HAYIR
2026-08-19 09:27:32.301,0.00,0.00,0,0.0,0.0,0.000,0.0,0,HAYIR,HAYIR
2026-08-19 09:27:32.320,0.00,0.00,0,0.0,0.0,0.000,0.0,0,HAYIR,HAYIR
2026-08-19 09:27:32.340,0.00,0.00,0,0.0,0.0,0.000,0.0,0,HAYIR,HAYIR
2026-08-19 09:27:32.360,0.00,0.00,0,0.0,0.0,0.000,0.0,0,HAYIR,HAYIR
2026-08-19 09:27:32.380,0.00,0.00,0,0.0,0.0,0.000,0.0,0,HAYIR,HAYIR
2026-08-19 09:27:32.400,0.00,0.00,0,0.0,0.0,0.000,0.0,0,HAYIR,HAYIR
2026-08-19 09:27:32.420,0.00,0.00,0,0.0,0.0,0.000,0.0,0,HAYIR,HAYIR
2026-08-19 09:27:32.440,0.00,0.00,0,0.0,0.0,0.000,0.0,0,HAYIR,HAYIR
2026-08-19 09:27:32.461,0.00,0.00,0,0.0,0.0,0.000,0.0,0,HAYIR,HAYIR
2026-08-19 09:27:32.481,0.00,0.00,0,0.0,0.0,0.000,0.0,0,HAYIR,HAYIR
2026-08-19 09:27:32.500,0.00,0.00,0,0.0,0.0,0.000,0.0,0,HAYIR,HAYIR
2026-08-19 09:27:32.521,0.00,0.00,0,0.0,0.0,0.000,0.0,0,HAYIR,HAYIR
2026-08-19 09:27:32.540,0.00,0.00,0,0.0,0.0,0.000,0.0,0,HAYIR,HAYIR
2026-08-19 09:27:32.560,0.00,0.00,0,0.0,0.0,0.000,0.0,0,HAYIR,HAYIR
2026-08-19 09:27:32.580,0.00,0.00,0,0.0,0.0,0.000,0.0,0,HAYIR,HAYIR
2026-08-19 09:27:32.600,0.00,0.00,0,0.0,0.0,0.000,0.0,0,HAYIR,HAYIR
2026-08-19 09:27:32.620,0.00,0.00,0,0.0,0.0,0.000,0.0,0,HAYIR,HAYIR
2026-08-19 09:27:32.640,0.00,0.00,0,0.0,0.0,0.000,0.0,0,HAYIR,HAYIR
2026-08-19 09:27:32.660,0.00,0.00,0,0.0,0.0,0.000,0.0,0,HAYIR,HAYIR
2026-08-19 09:27:32.680,0.00,0.00,0,0.0,0.0,0.000,0.0,0,HAYIR,HAYIR
2026-08-19 09:27:32.701,0.00,0.00,0,0.0,0.0,0.000,0.0,0,HAYIR,HAYIR
2026-08-19 09:27:32.720,0.00,0.00,0,0.0,0.0,0.000,0.0,0,HAYIR,HAYIR
2026-08-19 09:27:32.740,0.00,0.00,0,0.0,0.0,0.000,0.0,0,HAYIR,HAYIR
2026-08-19 09:27:32.761,0.00,0.00,0,0.0,0.0,0.000,0.0,0,HAYIR,HAYIR
2026-08-19 09:27:32.780,0.00,0.00,0,0.0,0.0,0.000,0.0,0,HAYIR,HAYIR
2026-08-19 09:27:32.800,0.00,0.00,0,0.0,0.0,0.000,0.0,0,HAYIR,HAYIR
2026-08-19 09:27:32.820,0.00,0.00,0,0.0,0.0,0.000,0.0,0,HAYIR,HAYIR
2026-08-19 09:27:32.840,0.00,0.00,0,0.0,0.0,0.000,0.0,0,HAYIR,HAYIR
2026-08-19 09:27:32.860,0.00,0.00,0,0.0,0.0,0.000,0.0,0,HAYIR,HAYIR
2026-08-19 09:27:32.880,0.00,0.00,0,0.0,0.0,0.000,0.0,0,HAYIR,HAYIR
2026-08-19 09:27:32.900,0.00,0.00,0,0.0,0.0,0.000,0.0,0,HAYIR,HAYIR
2026-08-19 09:27:32.920,0.00,0.00,0,0.0,0.0,0.000,0.0,0,HAYIR,HAYIR
2026-08-19 09:27:32.940,0.00,0.00,0,0.0,0.0,0.000,0.0,0,HAYIR,HAYIR
2026-08-19 09:27:32.960,0.00,0.00,0,0.0,0.0,0.000,0.0,0,HAYIR,HAYIR
2026-08-19 09:27:32.980,0.00,0.00,0,0.0,0.0,0.000,0.0,0,HAYIR,HAYIR
2026-08-19 09:27:33.000,0.00,0.00,0,0.0,0.0,0.000,0.0,0,HAYIR,HAYIR
2026-08-19 09:27:33.020,0.00,0.00,0,0.0,0.0,0.000,0.0,0,HAYIR,HAYIR
2026-08-19 09:27:33.040,0.00,0.00,0,0.0,0.0,0.000,0.0,0,HAYIR,HAYIR
2026-08-19 09:27:33.060,0.00,0.00,0,0.0,0.0,0.000,0.0,0,HAYIR,HAYIR
2026-08-19 09:27:33.080,0.00,0.00,0,0.0,0.0,0.000,0.0,0,HAYIR,HAYIR
2026-08-19 09:27:33.100,0.00,0.00,0,0.0,0.0,0.000,0.0,0,HAYIR,HAYIR
2026-08-19 09:27:33.120,0.00,0.00,0,0.0,0.0,0.000,0.0,0,HAYIR,HAYIR
2026-08-19 09:27:33.140,0.00,0.00,0,0.0,0.0,0.000,0.0,0,HAYIR,HAYIR
2026-08-19 09:27:33.160,0.00,0.00,0,0.0,0.0,0.000,0.0,0,HAYIR,HAYIR
2026-08-19 09:27:33.180,0.00,0.00,0,0.0,0.0,0.000,0.0,0,HAYIR,HAYIR
2026-08-19 09:27:33.200,0.00,0.00,0,0.0,0.0,0.000,0.0,0,HAYIR,HAYIR
2026-08-19 09:27:33.220,0.00,0.00,0,0.0,0.0,0.000,0.0,0,HAYIR,HAYIR
2026-08-19 09:27:33.240,0.00,0.00,0,0.0,0.0,0.000,0.0,0,HAYIR,HAYIR
2026-08-19 09:27:33.260,0.00,0.00,0,0.0,0.0,0.000,0.0,0,HAYIR,HAYIR
2026-08-19 09:27:33.280,0.00,0.00,0,0.0,0.0,0.000,0.0,0,HAYIR,HAYIR
2026-08-19 09:27:33.301,0.00,0.00,0,0.0,0.0,0.000,0.0,0,HAYIR,HAYIR
2026-08-19 09:27:33.321,0.00,0.00,0,0.0,0.0,0.000,0.0,0,HAYIR,HAYIR
2026-08-19 09:27:33.341,0.00,0.00,0,0.0,0.0,0.000,0.0,0,HAYIR,HAYIR
2026-08-19 09:27:33.360,0.00,0.00,0,0.0,0.0,0.000,0.0,0,HAYIR,HAYIR
2026-08-19 09:27:33.380,0.00,0.00,0,0.0,0.0,0.000,0.0,0,HAYIR,HAYIR
2026-08-19 09:27:33.400,0.00,0.00,0,0.0,0.0,0.000,0.0,0,HAYIR,HAYIR
2026-08-19 09:27:33.420,0.00,0.00,0,0.0,0.0,0.000,0.0,0,HAYIR,HAYIR
2026-08-19 09:27:33.440,0.00,0.00,0,0.0,0.0,0.000,0.0,0,HAYIR,HAYIR
2026-08-19 09:27:33.460,0.00,0.00,0,0.0,0.0,0.000,0.0,0,HAYIR,HAYIR
2026-08-19 09:27:33.480,0.00,0.00,0,0.0,0.0,0.000,0.0,0,HAYIR,HAYIR
2026-08-19 09:27:33.500,0.00,0.00,0,0.0,0.0,0.000,0.0,0,HAYIR,HAYIR
2026-08-19 09:27:33.520,0.00,0.00,0,0.0,0.0,0.000,0.0,0,HAYIR,HAYIR
2026-08-19 09:27:33.540,0.00,0.00,0,0.0,0.0,0.000,0.0,0,HAYIR,HAYIR
2026-08-19 09:27:33.560,0.00,0.00,0,0.0,0.0,0.000,0.0,0,HAYIR,HAYIR
2026-08-19 09:27:33.580,0.00,0.00,0,0.0,0.0,0.000,0.0,0,HAYIR,HAYIR
2026-08-19 09:27:33.600,0.00,0.00,0,0.0,0.0,0.000,0.0,0,HAYIR,HAYIR
2026-08-19 09:27:33.620,0.03,0.00,28,0.0,0.0,-0.050,160.0,1,HAYIR,HAYIR
2026-08-19 09:27:33.640,0.03,0.00,28,0.0,0.0,-0.050,160.0,2,HAYIR,HAYIR
2026-08-19 09:27:33.660,0.03,0.00,28,0.0,0.1,-0.050,160.0,4,HAYIR,HAYIR
2026-08-19 09:27:33.680,0.05,0.00,29,0.0,0.1,-0.090,160.0,5,HAYIR,HAYIR
2026-08-19 09:27:33.700,0.05,0.00,29,0.0,0.1,-0.090,160.0,6,HAYIR,HAYIR
2026-08-19 09:27:33.720,0.08,0.00,29,0.0,0.1,-0.090,160.0,7,HAYIR,HAYIR
2026-08-19 09:27:33.740,0.08,0.00,29,0.0,0.1,-0.090,160.0,8,HAYIR,HAYIR
2026-08-19 09:27:33.760,0.08,0.00,29,0.0,0.2,-0.090,160.0,10,HAYIR,HAYIR
2026-08-19 09:27:33.780,0.10,0.00,29,0.0,0.2,-0.090,160.0,11,HAYIR,HAYIR
2026-08-19 09:27:33.800,0.10,0.00,29,0.0,0.2,-0.090,160.0,12,HAYIR,HAYIR
2026-08-19 09:27:33.820,0.12,0.00,29,0.0,0.2,-0.091,160.0,13,HAYIR,HAYIR
2026-08-19 09:27:33.840,0.12,0.00,29,0.0,0.2,-0.091,160.0,14,HAYIR,HAYIR
2026-08-19 09:27:33.861,0.12,0.00,29,0.0,0.3,-0.091,160.0,16,HAYIR,HAYIR
2026-08-19 09:27:33.880,0.15,0.00,29,0.0,0.3,-0.091,160.0,17,HAYIR,HAYIR
2026-08-19 09:27:33.900,0.15,0.00,29,0.0,0.3,-0.091,160.0,18,HAYIR,HAYIR
2026-08-19 09:27:33.920,0.17,0.00,29,0.0,0.3,-0.090,160.0,19,HAYIR,HAYIR
2026-08-19 09:27:33.940,0.17,0.00,29,0.0,0.3,-0.090,160.0,20,HAYIR,HAYIR
2026-08-19 09:27:33.960,0.17,0.00,29,0.0,0.4,-0.090,160.0,22,HAYIR,HAYIR
2026-08-19 09:27:33.980,0.20,0.00,29,0.0,0.4,-0.090,160.0,23,HAYIR,HAYIR
2026-08-19 09:27:34.000,0.20,0.00,29,0.0,0.4,-0.090,160.0,24,HAYIR,HAYIR
2026-08-19 09:27:34.020,0.22,0.00,29,0.0,0.4,-0.090,160.0,25,HAYIR,HAYIR
2026-08-19 09:27:34.040,0.22,0.00,29,0.0,0.4,-0.090,160.0,26,HAYIR,HAYIR
2026-08-19 09:27:34.060,0.22,0.00,29,0.0,0.5,-0.090,160.0,28,HAYIR,HAYIR
2026-08-19 09:27:34.080,0.25,0.00,29,0.0,0.5,-0.090,146.9,29,HAYIR,HAYIR
2026-08-19 09:27:34.100,0.25,0.00,29,0.0,0.5,-0.090,146.9,30,HAYIR,HAYIR
2026-08-19 09:27:34.120,0.27,0.00,29,0.0,0.5,-0.092,138.2,31,HAYIR,HAYIR
2026-08-19 09:27:34.141,0.27,0.00,29,0.0,0.5,-0.092,138.2,32,HAYIR,HAYIR
2026-08-19 09:27:34.161,0.27,0.00,30,0.0,0.6,-0.092,138.2,34,HAYIR,HAYIR
2026-08-19 09:27:34.180,0.28,0.00,30,0.0,0.6,-0.092,136.5,35,HAYIR,HAYIR
2026-08-19 09:27:34.201,0.28,0.00,30,0.0,0.6,-0.092,136.5,36,HAYIR,HAYIR
2026-08-19 09:27:34.220,0.28,0.00,30,0.0,0.6,-0.092,136.0,37,HAYIR,HAYIR
2026-08-19 09:27:34.240,0.28,0.00,29,0.0,0.6,-0.092,136.0,38,HAYIR,HAYIR
2026-08-19 09:27:34.261,0.28,0.00,29,0.0,0.7,-0.092,136.0,40,HAYIR,HAYIR
2026-08-19 09:27:34.280,0.28,0.00,29,0.0,0.7,-0.092,136.0,41,HAYIR,HAYIR
2026-08-19 09:27:34.300,0.28,0.00,29,0.0,0.7,-0.092,136.0,42,HAYIR,HAYIR
2026-08-19 09:27:34.320,0.28,0.00,30,0.0,0.7,-0.090,133.4,43,HAYIR,HAYIR
2026-08-19 09:27:34.340,0.28,0.00,30,0.1,0.7,-0.090,133.4,44,HAYIR,HAYIR
2026-08-19 09:27:34.360,0.28,0.00,30,0.1,0.8,-0.090,133.4,46,HAYIR,HAYIR
2026-08-19 09:27:34.380,0.28,0.00,30,0.1,0.8,-0.090,133.4,47,HAYIR,HAYIR
2026-08-19 09:27:34.400,0.28,0.00,30,0.1,0.8,-0.090,133.4,48,HAYIR,HAYIR
2026-08-19 09:27:34.420,0.28,0.00,30,0.2,0.8,-0.090,133.4,49,HAYIR,HAYIR
2026-08-19 09:27:34.440,0.28,0.00,30,0.2,0.8,-0.090,133.4,50,HAYIR,HAYIR
2026-08-19 09:27:34.460,0.28,0.00,30,0.2,0.9,-0.090,133.4,52,HAYIR,HAYIR
2026-08-19 09:27:34.480,0.28,0.00,30,0.2,0.9,-0.090,133.4,53,HAYIR,HAYIR
2026-08-19 09:27:34.501,0.28,0.00,30,0.2,0.9,-0.090,133.4,54,HAYIR,HAYIR
2026-08-19 09:27:34.520,0.28,0.00,30,0.2,0.9,-0.092,136.5,55,HAYIR,HAYIR
2026-08-19 09:27:34.540,0.28,0.00,30,0.3,0.9,-0.092,136.5,56,HAYIR,HAYIR
2026-08-19 09:27:34.560,0.28,0.00,30,0.3,1.0,-0.092,136.5,58,HAYIR,HAYIR
2026-08-19 09:27:34.580,0.28,0.00,30,0.3,1.0,-0.092,136.5,59,HAYIR,HAYIR
2026-08-19 09:27:34.600,0.28,0.00,30,0.3,1.0,-0.092,136.5,60,HAYIR,HAYIR
2026-08-19 09:27:34.620,0.28,0.00,30,0.3,1.0,-0.092,136.6,61,HAYIR,HAYIR
2026-08-19 09:27:34.640,0.28,0.00,30,0.4,1.0,-0.092,136.6,62,HAYIR,HAYIR
2026-08-19 09:27:34.660,0.28,0.00,30,0.4,1.1,-0.092,136.6,64,HAYIR,HAYIR
2026-08-19 09:27:34.680,0.28,0.00,30,0.4,1.1,-0.091,134.6,65,HAYIR,HAYIR
2026-08-19 09:27:34.700,0.28,0.00,30,0.4,1.1,-0.091,134.6,66,HAYIR,HAYIR
2026-08-19 09:27:34.720,0.28,0.00,30,0.5,1.1,-0.091,134.6,67,HAYIR,HAYIR
2026-08-19 09:27:34.741,0.28,0.00,31,0.5,1.1,-0.091,134.6,68,HAYIR,HAYIR
2026-08-19 09:27:34.761,0.28,0.00,31,0.5,1.2,-0.091,134.6,70,HAYIR,HAYIR
2026-08-19 09:27:34.780,0.28,0.00,31,0.5,1.2,-0.091,134.6,71,HAYIR,HAYIR
2026-08-19 09:27:34.800,0.28,0.00,31,0.5,1.2,-0.091,134.6,72,HAYIR,HAYIR
2026-08-19 09:27:34.820,0.28,0.00,31,0.5,1.2,-0.092,136.8,73,HAYIR,HAYIR
2026-08-19 09:27:34.840,0.28,0.00,31,0.6,1.2,-0.092,136.8,74,HAYIR,HAYIR
2026-08-19 09:27:34.861,0.28,0.00,31,0.6,1.3,-0.092,136.8,76,HAYIR,HAYIR
2026-08-19 09:27:34.880,0.28,0.00,31,0.6,1.3,-0.092,136.8,77,HAYIR,HAYIR
2026-08-19 09:27:34.900,0.28,0.00,31,0.6,1.3,-0.092,136.8,78,HAYIR,HAYIR
2026-08-19 09:27:34.920,0.28,0.00,31,0.7,1.3,-0.093,137.7,79,HAYIR,HAYIR
2026-08-19 09:27:34.940,0.28,0.01,31,0.7,1.3,-0.093,137.7,80,HAYIR,HAYIR
2026-08-19 09:27:34.961,0.28,0.01,31,0.7,1.4,-0.093,137.7,82,HAYIR,HAYIR
2026-08-19 09:27:34.980,0.28,0.01,31,0.7,1.4,-0.091,135.5,83,HAYIR,HAYIR
2026-08-19 09:27:35.000,0.28,0.01,31,0.7,1.4,-0.091,135.5,84,HAYIR,HAYIR
2026-08-19 09:27:35.020,0.28,0.01,31,0.8,1.4,-0.091,135.5,85,HAYIR,HAYIR
2026-08-19 09:27:35.040,0.28,0.01,31,0.8,1.4,-0.091,135.5,86,HAYIR,HAYIR
2026-08-19 09:27:35.060,0.28,0.01,31,0.8,1.5,-0.091,135.5,88,HAYIR,HAYIR
2026-08-19 09:27:35.080,0.28,0.01,31,0.8,1.5,-0.091,135.5,89,HAYIR,HAYIR
2026-08-19 09:27:35.100,0.28,0.01,31,0.8,1.5,-0.091,135.5,90,HAYIR,HAYIR
2026-08-19 09:27:35.120,0.28,0.01,31,0.8,1.5,-0.092,137.4,91,HAYIR,HAYIR
2026-08-19 09:27:35.140,0.28,0.01,31,0.9,1.5,-0.092,137.4,92,HAYIR,HAYIR
2026-08-19 09:27:35.160,0.28,0.01,32,0.9,1.6,-0.092,137.4,94,HAYIR,HAYIR
2026-08-19 09:27:35.180,0.28,0.01,32,0.9,1.6,-0.092,137.4,95,HAYIR,HAYIR
2026-08-19 09:27:35.200,0.28,0.01,32,0.9,1.6,-0.092,137.4,96,HAYIR,HAYIR
2026-08-19 09:27:35.220,0.28,0.01,32,0.9,1.6,-0.093,139.0,97,HAYIR,HAYIR
2026-08-19 09:27:35.240,0.28,0.01,32,1.0,1.6,-0.093,139.0,98,HAYIR,HAYIR
2026-08-19 09:27:35.260,0.28,0.03,31,1.0,1.7,-0.093,139.0,100,HAYIR,HAYIR
2026-08-19 09:27:35.280,0.28,0.03,32,1.0,1.7,-0.093,139.0,101,HAYIR,HAYIR
2026-08-19 09:27:35.300,0.28,0.03,32,1.0,1.7,-0.093,139.0,102,HAYIR,HAYIR
2026-08-19 09:27:35.320,0.28,0.03,32,1.1,1.7,-0.092,136.6,103,HAYIR,HAYIR
2026-08-19 09:27:35.340,0.28,0.03,32,1.1,1.7,-0.092,136.6,104,HAYIR,HAYIR
2026-08-19 09:27:35.360,0.28,0.03,32,1.1,1.8,-0.092,136.6,106,HAYIR,HAYIR
2026-08-19 09:27:35.380,0.28,0.03,32,1.1,1.8,-0.092,136.6,107,HAYIR,HAYIR
2026-08-19 09:27:35.400,0.28,0.03,32,1.1,1.8,-0.092,136.6,108,HAYIR,HAYIR
2026-08-19 09:27:35.420,0.27,0.03,32,1.2,1.8,-0.093,138.8,109,HAYIR,HAYIR
2026-08-19 09:27:35.440,0.27,0.03,32,1.2,1.8,-0.093,138.8,110,HAYIR,HAYIR
2026-08-19 09:27:35.460,0.27,0.03,32,1.2,1.9,-0.093,138.8,112,HAYIR,HAYIR
2026-08-19 09:27:35.480,0.27,0.03,32,1.2,1.9,-0.093,138.8,113,HAYIR,HAYIR
2026-08-19 09:27:35.500,0.27,0.03,32,1.2,1.9,-0.093,138.8,114,HAYIR,HAYIR
2026-08-19 09:27:35.520,0.27,0.03,32,1.2,1.9,-0.092,138.6,115,HAYIR,HAYIR
2026-08-19 09:27:35.540,0.27,0.03,32,1.3,1.9,-0.092,138.6,116,HAYIR,HAYIR
2026-08-19 09:27:35.560,0.27,0.03,32,1.3,2.0,-0.092,138.6,118,HAYIR,HAYIR
2026-08-19 09:27:35.580,0.27,0.06,31,1.3,2.0,-0.092,138.6,119,HAYIR,HAYIR
2026-08-19 09:27:35.600,0.27,0.06,32,1.3,2.0,-0.092,138.6,120,HAYIR,HAYIR
2026-08-19 09:27:35.620,0.27,0.06,33,1.3,2.0,-0.092,138.2,121,HAYIR,HAYIR
2026-08-19 09:27:35.640,0.27,0.06,33,1.4,2.0,-0.092,138.2,122,HAYIR,HAYIR
2026-08-19 09:27:35.660,0.27,0.06,33,1.4,2.1,-0.092,138.2,124,HAYIR,HAYIR
2026-08-19 09:27:35.680,0.27,0.06,33,1.4,2.1,-0.094,140.7,125,HAYIR,HAYIR
2026-08-19 09:27:35.700,0.27,0.06,33,1.4,2.1,-0.094,140.7,126,HAYIR,HAYIR
2026-08-19 09:27:35.720,0.27,0.06,33,1.4,2.1,-0.094,141.6,127,HAYIR,HAYIR
2026-08-19 09:27:35.740,0.27,0.06,33,1.5,2.1,-0.094,141.6,128,HAYIR,HAYIR
2026-08-19 09:27:35.760,0.27,0.06,33,1.5,2.2,-0.094,141.6,130,HAYIR,HAYIR
2026-08-19 09:27:35.780,0.27,0.06,33,1.5,2.2,-0.094,141.6,131,HAYIR,HAYIR
2026-08-19 09:27:35.800,0.27,0.06,33,1.5,2.2,-0.094,141.6,132,HAYIR,HAYIR
2026-08-19 09:27:35.820,0.27,0.06,33,1.6,2.2,-0.093,141.1,133,HAYIR,HAYIR
2026-08-19 09:27:35.840,0.27,0.06,33,1.6,2.2,-0.093,141.1,134,HAYIR,HAYIR
2026-08-19 09:27:35.860,0.27,0.06,33,1.6,2.3,-0.093,141.1,136,HAYIR,HAYIR
2026-08-19 09:27:35.880,0.27,0.06,33,1.6,2.3,-0.093,141.1,137,HAYIR,HAYIR
2026-08-19 09:27:35.900,0.27,0.06,33,1.6,2.3,-0.093,141.1,138,HAYIR,HAYIR
2026-08-19 09:27:35.920,0.27,0.06,33,1.7,2.3,-0.092,140.8,139,HAYIR,HAYIR
2026-08-19 09:27:35.940,0.27,0.06,33,1.7,2.3,-0.092,140.8,140,HAYIR,HAYIR
2026-08-19 09:27:35.960,0.27,0.09,30,1.7,0.0,-0.092,140.8,141,HAYIR,HAYIR
2026-08-19 09:27:35.980,0.27,0.09,31,1.7,0.0,-0.092,140.8,141,HAYIR,HAYIR
2026-08-19 09:27:36.000,0.27,0.09,31,1.7,0.0,-0.092,140.8,141,HAYIR,HAYIR
2026-08-19 09:27:36.020,0.27,0.09,31,1.7,0.0,-0.093,141.2,141,HAYIR,HAYIR
2026-08-19 09:27:36.040,0.27,0.09,31,1.7,0.0,-0.093,141.2,141,HAYIR,HAYIR
2026-08-19 09:27:36.060,0.27,0.09,31,1.7,0.0,-0.093,141.2,141,HAYIR,HAYIR
2026-08-19 09:27:36.080,0.27,0.09,31,1.7,0.0,-0.093,141.2,141,HAYIR,HAYIR
2026-08-19 09:27:36.100,0.27,0.09,31,1.7,0.0,-0.093,141.2,141,HAYIR,HAYIR
2026-08-19 09:27:36.120,0.27,0.09,31,1.7,0.0,-0.089,137.7,140,HAYIR,HAYIR
2026-08-19 09:27:36.140,0.27,0.09,31,1.7,0.0,-0.089,137.7,139,HAYIR,HAYIR
2026-08-19 09:27:36.160,0.27,0.09,31,1.6,0.0,-0.089,137.7,138,HAYIR,HAYIR
2026-08-19 09:27:36.180,0.27,0.09,31,1.6,0.0,-0.089,137.7,138,HAYIR,HAYIR
2026-08-19 09:27:36.200,0.27,0.09,31,1.6,0.0,-0.089,137.7,138,HAYIR,HAYIR
2026-08-19 09:27:36.220,0.26,0.09,31,1.6,0.0,-0.088,137.5,138,HAYIR,HAYIR
2026-08-19 09:27:36.240,0.26,0.09,31,1.6,0.0,-0.088,137.5,138,HAYIR,HAYIR
2026-08-19 09:27:36.260,0.26,0.09,31,1.6,0.0,-0.088,137.5,138,HAYIR,HAYIR
2026-08-19 09:27:36.280,0.26,0.09,31,1.6,0.0,-0.088,137.5,138,HAYIR,HAYIR
2026-08-19 09:27:36.300,0.26,0.09,31,1.6,0.0,-0.088,137.5,138,HAYIR,HAYIR
2026-08-19 09:27:36.320,0.26,0.13,30,1.6,0.0,-0.086,136.0,136,HAYIR,HAYIR
2026-08-19 09:27:36.340,0.26,0.13,31,1.6,0.0,-0.086,136.0,136,HAYIR,HAYIR
2026-08-19 09:27:36.360,0.26,0.13,31,1.6,0.0,-0.086,136.0,136,HAYIR,HAYIR
2026-08-19 09:27:36.380,0.26,0.13,31,1.6,0.0,-0.094,146.1,137,HAYIR,HAYIR
2026-08-19 09:27:36.400,0.26,0.13,31,1.6,0.0,-0.094,146.1,138,HAYIR,HAYIR
2026-08-19 09:27:36.420,0.26,0.13,31,1.7,0.0,-0.094,146.1,140,HAYIR,HAYIR
2026-08-19 09:27:36.440,0.26,0.13,31,1.7,0.0,-0.094,146.1,141,HAYIR,HAYIR
2026-08-19 09:27:36.460,0.26,0.13,31,1.7,0.0,-0.094,146.1,142,HAYIR,HAYIR
2026-08-19 09:27:36.480,0.26,0.13,31,1.7,0.0,-0.094,146.1,143,HAYIR,HAYIR
2026-08-19 09:27:36.500,0.26,0.13,31,1.7,0.0,-0.094,146.1,144,HAYIR,HAYIR
2026-08-19 09:27:36.520,0.26,0.13,31,1.7,0.0,-0.082,132.0,143,HAYIR,HAYIR
2026-08-19 09:27:36.540,0.26,0.13,31,1.7,0.0,-0.082,132.0,142,HAYIR,HAYIR
2026-08-19 09:27:36.560,0.26,0.13,31,1.7,0.0,-0.082,132.0,141,HAYIR,HAYIR
2026-08-19 09:27:36.580,0.26,0.13,31,1.7,0.0,-0.082,132.0,140,HAYIR,HAYIR
2026-08-19 09:27:36.600,0.26,0.17,30,1.6,0.0,-0.082,132.0,138,HAYIR,HAYIR
2026-08-19 09:27:36.620,0.26,0.17,31,1.6,0.0,-0.081,131.6,137,HAYIR,HAYIR
2026-08-19 09:27:36.640,0.26,0.17,31,1.6,0.0,-0.081,131.6,136,HAYIR,HAYIR
2026-08-19 09:27:36.660,0.26,0.17,31,1.6,0.0,-0.081,131.6,135,HAYIR,HAYIR
2026-08-19 09:27:36.681,0.26,0.17,31,1.6,0.0,-0.081,131.6,134,HAYIR,HAYIR
2026-08-19 09:27:36.700,0.26,0.17,31,1.5,0.0,-0.081,131.6,132,HAYIR,HAYIR
2026-08-19 09:27:36.720,0.26,0.17,31,1.5,0.0,-0.078,127.9,131,HAYIR,HAYIR
2026-08-19 09:27:36.740,0.26,0.17,31,1.5,0.0,-0.078,127.9,130,HAYIR,HAYIR
2026-08-19 09:27:36.760,0.26,0.17,31,1.5,0.0,-0.078,127.9,129,HAYIR,HAYIR
2026-08-19 09:27:36.780,0.26,0.17,31,1.5,0.0,-0.078,127.9,128,HAYIR,HAYIR
2026-08-19 09:27:36.800,0.26,0.17,31,1.5,0.0,-0.078,127.9,128,HAYIR,HAYIR
2026-08-19 09:27:36.820,0.25,0.17,30,1.4,0.0,-0.071,119.5,127,HAYIR,HAYIR
2026-08-19 09:27:36.840,0.25,0.17,31,1.4,0.0,-0.071,119.5,126,HAYIR,HAYIR
2026-08-19 09:27:36.860,0.25,0.17,31,1.4,0.0,-0.071,119.5,124,HAYIR,HAYIR
2026-08-19 09:27:36.880,0.25,0.17,31,1.4,0.0,-0.071,119.5,123,HAYIR,HAYIR
2026-08-19 09:27:36.900,0.25,0.17,31,1.4,0.0,-0.071,119.5,122,HAYIR,HAYIR
2026-08-19 09:27:36.920,0.25,0.17,30,1.3,0.0,-0.069,117.1,121,HAYIR,HAYIR
2026-08-19 09:27:36.940,0.25,0.17,30,1.3,0.0,-0.069,117.1,120,HAYIR,HAYIR
2026-08-19 09:27:36.960,0.25,0.17,30,1.3,0.0,-0.069,117.1,118,HAYIR,HAYIR
2026-08-19 09:27:36.980,0.25,0.17,30,1.3,0.0,-0.069,117.1,117,HAYIR,HAYIR
2026-08-19 09:27:37.000,0.25,0.21,29,1.3,0.0,-0.069,117.1,117,HAYIR,HAYIR
2026-08-19 09:27:37.020,0.24,0.21,30,1.3,0.0,-0.071,122.4,118,HAYIR,HAYIR
2026-08-19 09:27:37.040,0.24,0.21,30,1.3,0.0,-0.071,122.4,120,HAYIR,HAYIR
2026-08-19 09:27:37.060,0.24,0.21,30,1.3,0.0,-0.071,122.4,121,HAYIR,HAYIR
2026-08-19 09:27:37.080,0.24,0.21,30,1.4,0.0,-0.071,122.4,122,HAYIR,HAYIR
2026-08-19 09:27:37.100,0.24,0.21,30,1.4,0.0,-0.071,122.4,122,HAYIR,HAYIR
2026-08-19 09:27:37.120,0.24,0.21,30,1.4,0.0,-0.071,122.4,122,HAYIR,HAYIR
2026-08-19 09:27:37.140,0.24,0.21,30,1.4,0.0,-0.071,122.4,122,HAYIR,HAYIR
2026-08-19 09:27:37.160,0.24,0.21,30,1.4,0.0,-0.071,122.4,122,HAYIR,HAYIR
2026-08-19 09:27:37.180,0.24,0.21,30,1.4,0.0,-0.071,122.4,122,HAYIR,HAYIR
2026-08-19 09:27:37.200,0.24,0.21,30,1.4,0.0,-0.071,122.4,122,HAYIR,HAYIR
2026-08-19 09:27:37.220,0.24,0.21,30,1.3,0.0,-0.058,103.6,121,HAYIR,HAYIR
2026-08-19 09:27:37.240,0.24,0.21,30,1.3,0.0,-0.058,103.6,120,HAYIR,HAYIR
2026-08-19 09:27:37.260,0.24,0.21,30,1.3,0.0,-0.058,103.6,119,HAYIR,HAYIR
2026-08-19 09:27:37.280,0.24,0.25,29,1.3,0.0,-0.058,103.6,118,HAYIR,HAYIR
2026-08-19 09:27:37.300,0.24,0.25,29,1.3,0.0,-0.058,103.6,116,HAYIR,HAYIR
2026-08-19 09:27:37.320,0.23,0.25,29,1.2,0.0,-0.055,100.5,115,HAYIR,HAYIR
2026-08-19 09:27:37.340,0.23,0.25,29,1.2,0.0,-0.055,100.5,114,HAYIR,HAYIR
2026-08-19 09:27:37.360,0.23,0.25,29,1.2,0.0,-0.055,100.5,113,HAYIR,HAYIR
2026-08-19 09:27:37.380,0.23,0.25,29,1.2,0.0,-0.055,100.5,112,HAYIR,HAYIR
2026-08-19 09:27:37.400,0.23,0.25,29,1.2,0.0,-0.055,100.5,110,HAYIR,HAYIR
2026-08-19 09:27:37.420,0.23,0.25,29,1.2,0.0,-0.051,94.5,109,HAYIR,HAYIR
2026-08-19 09:27:37.440,0.23,0.25,29,1.1,0.0,-0.051,94.5,108,HAYIR,HAYIR
2026-08-19 09:27:37.460,0.23,0.25,29,1.1,0.0,-0.051,94.5,107,HAYIR,HAYIR
2026-08-19 09:27:37.480,0.23,0.25,29,1.1,0.0,-0.051,94.5,106,HAYIR,HAYIR
2026-08-19 09:27:37.501,0.23,0.25,29,1.1,0.0,-0.051,94.5,104,HAYIR,HAYIR
2026-08-19 09:27:37.520,0.23,0.25,29,1.1,0.0,-0.048,90.3,103,HAYIR,HAYIR
2026-08-19 09:27:37.540,0.23,0.25,29,1.0,0.0,-0.048,90.3,102,HAYIR,HAYIR
2026-08-19 09:27:37.560,0.23,0.25,29,1.0,0.0,-0.048,90.3,101,HAYIR,HAYIR
2026-08-19 09:27:37.580,0.23,0.25,29,1.0,0.0,-0.048,90.3,100,HAYIR,HAYIR
2026-08-19 09:27:37.600,0.23,0.25,29,1.0,0.0,-0.048,90.3,98,HAYIR,HAYIR
2026-08-19 09:27:37.620,0.22,0.25,29,0.9,0.0,-0.044,84.9,97,HAYIR,HAYIR
2026-08-19 09:27:37.640,0.22,0.25,29,0.9,0.0,-0.044,84.9,96,HAYIR,HAYIR
2026-08-19 09:27:37.660,0.22,0.29,29,0.9,0.0,-0.044,84.9,95,HAYIR,HAYIR
2026-08-19 09:27:37.680,0.22,0.29,29,0.9,0.0,-0.044,84.9,94,HAYIR,HAYIR
2026-08-19 09:27:37.700,0.22,0.29,29,0.9,0.0,-0.044,84.9,92,HAYIR,HAYIR
2026-08-19 09:27:37.720,0.22,0.29,29,0.8,0.0,-0.043,85.7,91,HAYIR,HAYIR
2026-08-19 09:27:37.740,0.22,0.29,29,0.8,0.0,-0.043,85.7,90,HAYIR,HAYIR
2026-08-19 09:27:37.760,0.22,0.29,29,0.8,0.0,-0.043,85.7,89,HAYIR,HAYIR
2026-08-19 09:27:37.780,0.22,0.29,29,0.8,0.0,-0.043,85.7,88,HAYIR,HAYIR
2026-08-19 09:27:37.800,0.22,0.29,29,0.8,0.0,-0.043,85.7,86,HAYIR,HAYIR
2026-08-19 09:27:37.820,0.22,0.29,29,0.8,0.0,-0.037,75.3,85,HAYIR,HAYIR
2026-08-19 09:27:37.840,0.22,0.29,29,0.7,0.0,-0.037,75.3,84,HAYIR,HAYIR
2026-08-19 09:27:37.860,0.22,0.29,29,0.7,0.0,-0.037,75.3,83,HAYIR,HAYIR
2026-08-19 09:27:37.880,0.22,0.29,29,0.7,0.0,-0.037,75.3,82,HAYIR,HAYIR
2026-08-19 09:27:37.900,0.22,0.29,29,0.7,0.0,-0.037,75.3,80,HAYIR,HAYIR
2026-08-19 09:27:37.920,0.21,0.29,29,0.7,0.0,-0.034,69.6,79,HAYIR,HAYIR
2026-08-19 09:27:37.940,0.21,0.29,29,0.6,0.0,-0.034,69.6,78,HAYIR,HAYIR
2026-08-19 09:27:37.960,0.21,0.33,29,0.6,0.0,-0.034,69.6,77,HAYIR,HAYIR
2026-08-19 09:27:37.980,0.21,0.33,29,0.6,0.0,-0.034,69.6,76,HAYIR,HAYIR
2026-08-19 09:27:38.000,0.21,0.33,29,0.6,0.0,-0.034,69.6,74,HAYIR,HAYIR
2026-08-19 09:27:38.020,0.20,0.33,29,0.5,0.0,-0.030,65.2,73,HAYIR,HAYIR
2026-08-19 09:27:38.040,0.20,0.33,29,0.5,0.0,-0.030,65.2,72,HAYIR,HAYIR
2026-08-19 09:27:38.060,0.20,0.33,29,0.5,0.0,-0.030,65.2,71,HAYIR,HAYIR
2026-08-19 09:27:38.080,0.20,0.33,28,0.5,0.0,-0.030,65.2,70,HAYIR,HAYIR
2026-08-19 09:27:38.100,0.20,0.33,28,0.5,0.0,-0.030,65.2,68,HAYIR,HAYIR
2026-08-19 09:27:38.120,0.21,0.33,28,0.5,0.0,0.000,-0.0,67,HAYIR,HAYIR
2026-08-19 09:27:38.140,0.21,0.33,28,0.4,0.0,0.000,-0.0,66,HAYIR,HAYIR
2026-08-19 09:27:38.160,0.21,0.33,28,0.4,0.0,0.000,-0.0,65,HAYIR,HAYIR
2026-08-19 09:27:38.180,0.21,0.33,28,0.4,0.0,0.000,-0.0,64,HAYIR,HAYIR
2026-08-19 09:27:38.200,0.21,0.33,28,0.4,0.0,0.000,-0.0,62,HAYIR,HAYIR
2026-08-19 09:27:38.220,0.20,0.33,28,0.3,0.0,0.000,-0.0,61,HAYIR,HAYIR
2026-08-19 09:27:38.240,0.20,0.33,28,0.3,0.0,0.000,-0.0,60,HAYIR,HAYIR
2026-08-19 09:27:38.260,0.20,0.33,28,0.3,0.0,0.000,-0.0,59,HAYIR,HAYIR
2026-08-19 09:27:38.280,0.20,0.33,28,0.3,0.0,0.000,-0.0,58,HAYIR,HAYIR
2026-08-19 09:27:38.300,0.20,0.33,28,0.3,0.0,0.000,-0.0,56,HAYIR,HAYIR
2026-08-19 09:27:38.320,0.20,0.33,28,0.2,0.0,0.000,-0.0,55,HAYIR,HAYIR
2026-08-19 09:27:38.340,0.20,0.35,28,0.2,0.0,0.000,-0.0,54,HAYIR,HAYIR
2026-08-19 09:27:38.360,0.20,0.35,28,0.2,0.0,0.000,-0.0,53,HAYIR,HAYIR
2026-08-19 09:27:38.380,0.19,0.35,28,0.2,0.0,0.000,-0.0,52,HAYIR,HAYIR
2026-08-19 09:27:38.400,0.19,0.35,28,0.2,0.0,0.000,-0.0,50,HAYIR,HAYIR
2026-08-19 09:27:38.420,0.19,0.35,28,0.2,0.0,0.000,-0.0,49,HAYIR,HAYIR
2026-08-19 09:27:38.440,0.19,0.35,28,0.1,0.0,0.000,-0.0,48,HAYIR,HAYIR
2026-08-19 09:27:38.460,0.19,0.35,28,0.1,0.0,0.000,-0.0,47,HAYIR,HAYIR
2026-08-19 09:27:38.480,0.19,0.35,28,0.1,0.0,0.000,-0.0,46,HAYIR,HAYIR
2026-08-19 09:27:38.500,0.19,0.35,28,0.1,0.0,0.000,-0.0,44,HAYIR,HAYIR
2026-08-19 09:27:38.520,0.19,0.35,28,0.0,0.0,0.000,-0.0,43,HAYIR,HAYIR
2026-08-19 09:27:38.540,0.19,0.35,28,0.0,0.0,0.000,-0.0,42,HAYIR,HAYIR
2026-08-19 09:27:38.560,0.19,0.35,28,0.0,0.0,0.000,-0.0,41,HAYIR,HAYIR
2026-08-19 09:27:38.580,0.19,0.35,28,0.0,0.0,0.000,-0.0,40,HAYIR,HAYIR
2026-08-19 09:27:38.600,0.19,0.35,28,0.0,0.0,0.000,-0.0,38,HAYIR,HAYIR
2026-08-19 09:27:38.621,0.19,0.38,28,0.0,0.0,0.000,-0.0,37,HAYIR,HAYIR
2026-08-19 09:27:38.640,0.19,0.38,28,0.0,0.0,0.000,-0.0,36,HAYIR,HAYIR
2026-08-19 09:27:38.660,0.19,0.38,28,0.0,0.0,0.000,-0.0,35,HAYIR,HAYIR
2026-08-19 09:27:38.680,0.18,0.38,28,0.0,0.0,0.000,-0.0,34,HAYIR,HAYIR
2026-08-19 09:27:38.700,0.18,0.38,28,0.0,0.0,0.000,-0.0,32,HAYIR,HAYIR
2026-08-19 09:27:38.720,0.18,0.38,28,0.0,0.0,0.000,-0.0,31,HAYIR,HAYIR
2026-08-19 09:27:38.740,0.18,0.38,28,0.0,0.0,0.000,-0.0,30,HAYIR,HAYIR
2026-08-19 09:27:38.760,0.18,0.38,28,0.0,0.0,0.000,-0.0,29,HAYIR,HAYIR
2026-08-19 09:27:38.780,0.18,0.38,28,0.0,0.0,0.000,-0.0,28,HAYIR,HAYIR
2026-08-19 09:27:38.800,0.18,0.38,28,0.0,0.0,0.000,-0.0,26,HAYIR,HAYIR
2026-08-19 09:27:38.820,0.18,0.38,28,0.0,0.0,0.000,-0.0,25,HAYIR,HAYIR
2026-08-19 09:27:38.840,0.18,0.38,28,0.0,0.0,0.000,-0.0,24,HAYIR,HAYIR
2026-08-19 09:27:38.860,0.18,0.38,28,0.0,0.0,0.000,-0.0,23,HAYIR,HAYIR
2026-08-19 09:27:38.880,0.18,0.38,28,0.0,0.0,0.000,-0.0,22,HAYIR,HAYIR
2026-08-19 09:27:38.900,0.18,0.38,28,0.0,0.0,0.000,-0.0,20,HAYIR,HAYIR
2026-08-19 09:27:38.920,0.18,0.39,28,0.0,0.0,0.000,-0.0,19,HAYIR,HAYIR
2026-08-19 09:27:38.940,0.18,0.39,28,0.0,0.0,0.000,-0.0,18,HAYIR,HAYIR
2026-08-19 09:27:38.960,0.18,0.39,28,0.0,0.0,0.000,-0.0,17,HAYIR,HAYIR
2026-08-19 09:27:38.980,0.18,0.39,28,0.0,0.0,0.000,-0.0,16,HAYIR,HAYIR
2026-08-19 09:27:39.000,0.18,0.39,28,0.0,0.0,0.000,-0.0,14,HAYIR,HAYIR
2026-08-19 09:27:39.021,0.18,0.39,28,0.0,0.0,0.000,-0.0,13,HAYIR,HAYIR
2026-08-19 09:27:39.041,0.18,0.39,28,0.0,0.0,0.000,-0.0,12,HAYIR,HAYIR
2026-08-19 09:27:39.061,0.18,0.39,28,0.0,0.0,0.000,-0.0,11,HAYIR,HAYIR
2026-08-19 09:27:39.080,0.18,0.39,28,0.0,0.0,0.000,-0.0,10,HAYIR,HAYIR
2026-08-19 09:27:39.100,0.18,0.39,28,0.0,0.0,0.000,-0.0,8,HAYIR,HAYIR
2026-08-19 09:27:39.120,0.17,0.39,28,0.0,0.0,0.000,-0.0,7,HAYIR,HAYIR
2026-08-19 09:27:39.140,0.17,0.39,28,0.0,0.0,0.000,-0.0,6,HAYIR,HAYIR
2026-08-19 09:27:39.160,0.17,0.39,28,0.0,0.0,0.000,-0.0,5,HAYIR,HAYIR
2026-08-19 09:27:39.180,0.17,0.39,28,0.0,0.0,0.000,-0.0,4,HAYIR,HAYIR
2026-08-19 09:27:39.200,0.17,0.39,28,0.0,0.0,0.000,-0.0,2,HAYIR,HAYIR
2026-08-19 09:27:39.220,0.17,0.39,28,0.0,0.0,0.000,-0.0,1,HAYIR,HAYIR
2026-08-19 09:27:39.240,0.17,0.39,28,0.0,0.0,0.000,-0.0,0,HAYIR,HAYIR
2026-08-19 09:27:39.260,0.17,0.39,28,0.0,0.0,0.000,-0.0,0,HAYIR,HAYIR
2026-08-19 09:27:39.280,0.17,0.39,28,0.0,0.0,0.000,-0.0,0,HAYIR,HAYIR
2026-08-19 09:27:39.300,0.17,0.40,28,0.0,0.0,0.000,-0.0,0,HAYIR,HAYIR
2026-08-19 09:27:39.320,0.16,0.40,28,0.0,0.0,0.000,-0.0,0,HAYIR,HAYIR
2026-08-19 09:27:39.340,0.16,0.40,28,0.0,0.0,0.000,-0.0,0,HAYIR,HAYIR
2026-08-19 09:27:39.360,0.16,0.40,28,0.0,0.0,0.000,-0.0,0,HAYIR,HAYIR
2026-08-19 09:27:39.380,0.16,0.40,28,0.0,0.0,0.000,-0.0,0,HAYIR,HAYIR
2026-08-19 09:27:39.400,0.16,0.40,28,0.0,0.0,0.000,-0.0,0,HAYIR,HAYIR
2026-08-19 09:27:39.420,0.16,0.40,28,0.0,0.0,0.000,-0.0,0,HAYIR,HAYIR
2026-08-19 09:27:39.440,0.16,0.40,28,0.0,0.0,0.000,-0.0,0,HAYIR,HAYIR
2026-08-19 09:27:39.460,0.16,0.40,28,0.0,0.0,0.000,-0.0,0,HAYIR,HAYIR
2026-08-19 09:27:39.480,0.16,0.40,28,0.0,0.0,0.000,-0.0,0,HAYIR,HAYIR
2026-08-19 09:27:39.500,0.16,0.40,28,0.0,0.0,0.000,-0.0,0,HAYIR,HAYIR
2026-08-19 09:27:39.520,0.16,0.40,28,0.0,0.0,0.000,-0.0,0,HAYIR,HAYIR
2026-08-19 09:27:39.540,0.16,0.40,28,0.0,0.0,0.000,-0.0,0,HAYIR,HAYIR
2026-08-19 09:27:39.561,0.16,0.40,28,0.0,0.0,0.000,-0.0,0,HAYIR,HAYIR
2026-08-19 09:27:39.580,0.16,0.40,28,0.0,0.0,0.000,-0.0,0,HAYIR,HAYIR
2026-08-19 09:27:39.600,0.16,0.40,28,0.0,0.0,0.000,-0.0,0,HAYIR,HAYIR
2026-08-19 09:27:39.620,0.16,0.41,28,0.0,0.0,0.000,-0.0,0,HAYIR,HAYIR
2026-08-19 09:27:39.640,0.16,0.41,28,0.0,0.0,0.000,-0.0,0,HAYIR,HAYIR
2026-08-19 09:27:39.660,0.16,0.41,28,0.0,0.0,0.000,-0.0,0,HAYIR,HAYIR
2026-08-19 09:27:39.680,0.14,0.41,28,0.0,0.0,0.000,-0.0,0,HAYIR,HAYIR
2026-08-19 09:27:39.700,0.14,0.41,28,0.0,0.0,0.000,-0.0,0,HAYIR,HAYIR
2026-08-19 09:27:39.720,0.12,0.41,28,0.0,0.0,0.000,-0.0,0,HAYIR,HAYIR
2026-08-19 09:27:39.740,0.12,0.41,28,0.0,0.0,0.000,-0.0,0,HAYIR,HAYIR
2026-08-19 09:27:39.760,0.12,0.41,28,0.0,0.0,0.000,-0.0,0,HAYIR,HAYIR
2026-08-19 09:27:39.780,0.09,0.41,28,0.0,0.0,0.000,-0.0,0,HAYIR,HAYIR
2026-08-19 09:27:39.800,0.09,0.41,28,0.0,0.0,0.000,-0.0,0,HAYIR,HAYIR
2026-08-19 09:27:39.820,0.07,0.41,28,0.0,0.0,0.000,-0.0,0,HAYIR,HAYIR
2026-08-19 09:27:39.840,0.07,0.41,28,0.0,0.0,0.000,-0.0,0,HAYIR,HAYIR
2026-08-19 09:27:39.860,0.07,0.41,28,0.0,0.0,0.000,-0.0,0,HAYIR,HAYIR
2026-08-19 09:27:39.880,0.04,0.41,28,0.0,0.0,0.000,-0.0,0,HAYIR,HAYIR
2026-08-19 09:27:39.900,0.04,0.41,28,0.0,0.0,0.000,-0.0,0,HAYIR,HAYIR
2026-08-19 09:27:39.920,0.02,0.41,28,0.0,0.0,0.000,-0.0,0,HAYIR,HAYIR
2026-08-19 09:27:39.940,0.02,0.40,28,0.0,0.0,0.000,-0.0,0,HAYIR,HAYIR
2026-08-19 09:27:39.960,0.02,0.40,28,0.0,0.0,0.000,-0.0,0,HAYIR,HAYIR
2026-08-19 09:27:39.980,0.00,0.40,0,0.0,0.0,0.000,0.0,0,EVET,HAYIR
2026-08-19 09:27:40.000,0.00,0.40,0,0.0,0.0,0.000,0.0,0,EVET,HAYIR
2026-08-19 09:27:40.020,0.00,0.40,0,0.0,0.0,0.000,0.0,0,EVET,HAYIR
2026-08-19 09:27:40.040,0.00,0.40,0,0.0,0.0,0.000,0.0,0,EVET,HAYIR
2026-08-19 09:27:40.060,0.00,0.40,0,0.0,0.0,0.000,0.0,0,EVET,HAYIR
2026-08-19 09:27:40.080,0.00,0.40,0,0.0,0.0,0.000,0.0,0,EVET,HAYIR
2026-08-19 09:27:40.100,0.00,0.40,0,0.0,0.0,0.000,0.0,0,EVET,HAYIR
2026-08-19 09:27:40.120,0.00,0.40,0,0.0,0.0,0.000,0.0,0,EVET,HAYIR
2026-08-19 09:27:40.140,0.00,0.40,0,0.0,0.0,0.000,0.0,0,EVET,HAYIR
2026-08-19 09:27:40.160,0.00,0.40,0,0.0,0.0,0.000,0.0,0,EVET,HAYIR
2026-08-19 09:27:40.180,0.00,0.40,0,0.0,0.0,0.000,0.0,0,EVET,HAYIR
2026-08-19 09:27:40.200,0.00,0.40,0,0.0,0.0,0.000,0.0,0,EVET,HAYIR
2026-08-19 09:27:40.220,0.00,0.40,0,0.0,0.0,0.000,0.0,0,EVET,HAYIR
2026-08-19 09:27:40.240,0.00,0.40,0,0.0,0.0,0.000,0.0,0,EVET,HAYIR
2026-08-19 09:27:40.260,0.00,0.39,0,0.0,0.0,0.000,0.0,0,EVET,HAYIR
2026-08-19 09:27:40.280,0.00,0.39,0,0.0,0.0,0.000,0.0,0,EVET,HAYIR
2026-08-19 09:27:40.300,0.00,0.39,0,0.0,0.0,0.000,0.0,0,EVET,HAYIR
2026-08-19 09:27:40.320,0.00,0.39,0,0.0,0.0,0.000,0.0,0,EVET,HAYIR
2026-08-19 09:27:40.340,0.00,0.39,0,0.0,0.0,0.000,0.0,0,EVET,HAYIR
2026-08-19 09:27:40.360,0.00,0.39,0,0.0,0.0,0.000,0.0,0,EVET,HAYIR
2026-08-19 09:27:40.380,0.00,0.39,0,0.0,0.0,0.000,0.0,0,EVET,HAYIR
2026-08-19 09:27:40.400,0.00,0.39,0,0.0,0.0,0.000,0.0,0,EVET,HAYIR
2026-08-19 09:27:40.420,0.00,0.39,0,0.0,0.0,0.000,0.0,0,EVET,HAYIR
2026-08-19 09:27:40.440,0.00,0.39,0,0.0,0.0,0.000,0.0,0,EVET,HAYIR
2026-08-19 09:27:40.460,0.00,0.39,0,0.0,0.0,0.000,0.0,0,EVET,HAYIR
2026-08-19 09:27:40.480,0.00,0.39,0,0.0,0.0,0.000,0.0,0,EVET,HAYIR
2026-08-19 09:27:40.501,0.00,0.39,0,0.0,0.0,0.000,0.0,0,EVET,HAYIR
2026-08-19 09:27:40.520,0.00,0.39,0,0.0,0.0,0.000,0.0,0,EVET,HAYIR
2026-08-19 09:27:40.540,0.00,0.39,0,0.0,0.0,0.000,0.0,0,EVET,HAYIR
2026-08-19 09:27:40.560,0.00,0.39,0,0.0,0.0,0.000,0.0,0,EVET,HAYIR
2026-08-19 09:27:40.580,0.00,0.38,0,0.0,0.0,0.000,0.0,0,EVET,HAYIR
2026-08-19 09:27:40.600,0.00,0.38,0,0.0,0.0,0.000,0.0,0,EVET,HAYIR
2026-08-19 09:27:40.620,0.03,0.38,28,0.0,0.0,0.000,-0.0,0,HAYIR,HAYIR
2026-08-19 09:27:40.640,0.03,0.38,28,0.0,0.0,0.000,-0.0,0,HAYIR,HAYIR
2026-08-19 09:27:40.660,0.03,0.38,28,0.0,0.0,0.000,-0.0,0,HAYIR,HAYIR
2026-08-19 09:27:40.680,0.05,0.38,28,0.0,0.0,0.000,-0.0,0,HAYIR,HAYIR
2026-08-19 09:27:40.700,0.05,0.38,28,0.0,0.0,0.000,-0.0,0,HAYIR,HAYIR
2026-08-19 09:27:40.720,0.08,0.38,28,0.0,0.0,0.000,-0.0,0,HAYIR,HAYIR
2026-08-19 09:27:40.740,0.08,0.38,28,0.0,0.0,0.000,-0.0,0,HAYIR,HAYIR
2026-08-19 09:27:40.760,0.08,0.38,28,0.0,0.0,0.000,-0.0,0,HAYIR,HAYIR
2026-08-19 09:27:40.780,0.10,0.38,28,0.0,0.0,0.000,-0.0,0,HAYIR,HAYIR
2026-08-19 09:27:40.800,0.10,0.38,28,0.0,0.0,0.000,-0.0,0,HAYIR,HAYIR
2026-08-19 09:27:40.820,0.12,0.38,28,0.0,0.0,0.000,-0.0,0,HAYIR,HAYIR
2026-08-19 09:27:40.840,0.12,0.38,28,0.0,0.0,0.000,-0.0,0,HAYIR,HAYIR
2026-08-19 09:27:40.860,0.12,0.38,28,0.0,0.0,0.000,-0.0,0,HAYIR,HAYIR
2026-08-19 09:27:40.880,0.15,0.38,28,0.0,0.0,0.000,-0.0,0,HAYIR,HAYIR
2026-08-19 09:27:40.900,0.15,0.38,28,0.0,0.0,0.000,-0.0,0,HAYIR,HAYIR
2026-08-19 09:27:40.920,0.17,0.38,28,0.0,0.0,0.000,-0.0,0,HAYIR,HAYIR
2026-08-19 09:27:40.940,0.17,0.38,28,0.0,0.0,0.000,-0.0,0,HAYIR,HAYIR
2026-08-19 09:27:40.960,0.17,0.34,28,0.0,0.0,0.000,-0.0,0,HAYIR,HAYIR
2026-08-19 09:27:40.980,0.20,0.34,28,0.0,0.0,0.000,-0.0,0,HAYIR,HAYIR
2026-08-19 09:27:41.000,0.20,0.34,28,0.0,0.0,0.000,-0.0,0,HAYIR,HAYIR
2026-08-19 09:27:41.020,0.22,0.34,28,0.0,0.0,0.000,-0.0,0,HAYIR,HAYIR
2026-08-19 09:27:41.040,0.22,0.34,28,0.0,0.0,0.000,-0.0,0,HAYIR,HAYIR
2026-08-19 09:27:41.060,0.22,0.34,28,0.0,0.0,0.000,-0.0,0,HAYIR,HAYIR
2026-08-19 09:27:41.080,0.25,0.34,28,0.0,0.0,0.000,-0.0,0,HAYIR,HAYIR
2026-08-19 09:27:41.100,0.25,0.34,28,0.0,0.0,0.000,-0.0,0,HAYIR,HAYIR
2026-08-19 09:27:41.120,0.27,0.34,28,0.0,0.0,-0.030,49.0,1,HAYIR,HAYIR
2026-08-19 09:27:41.140,0.27,0.34,28,0.0,0.0,-0.030,49.0,2,HAYIR,HAYIR
2026-08-19 09:27:41.160,0.27,0.34,28,0.0,0.0,-0.030,49.0,4,HAYIR,HAYIR
2026-08-19 09:27:41.180,0.30,0.34,28,0.0,0.0,-0.030,45.0,5,HAYIR,HAYIR
2026-08-19 09:27:41.200,0.30,0.34,28,0.0,0.0,-0.030,45.0,6,HAYIR,HAYIR
2026-08-19 09:27:41.220,0.33,0.34,28,0.0,0.0,-0.030,41.2,7,HAYIR,HAYIR
2026-08-19 09:27:41.240,0.33,0.34,28,0.0,0.0,-0.030,41.2,8,HAYIR,HAYIR
2026-08-19 09:27:41.260,0.33,0.34,28,0.0,0.0,-0.030,41.2,10,HAYIR,HAYIR
2026-08-19 09:27:41.280,0.35,0.31,28,0.0,0.0,-0.030,38.3,11,HAYIR,HAYIR
2026-08-19 09:27:41.300,0.35,0.31,28,0.0,0.0,-0.030,38.3,12,HAYIR,HAYIR
2026-08-19 09:27:41.320,0.38,0.31,28,0.0,0.0,-0.030,35.8,13,HAYIR,HAYIR
2026-08-19 09:27:41.340,0.38,0.31,28,0.0,0.0,-0.030,35.8,14,HAYIR,HAYIR
2026-08-19 09:27:41.360,0.38,0.31,28,0.0,0.0,-0.030,35.8,16,HAYIR,HAYIR
2026-08-19 09:27:41.380,0.37,0.31,28,0.0,0.0,-0.034,40.8,17,HAYIR,HAYIR
2026-08-19 09:27:41.400,0.37,0.31,28,0.0,0.0,-0.034,40.8,18,HAYIR,HAYIR
2026-08-19 09:27:41.420,0.38,0.31,28,0.0,0.0,-0.034,39.3,19,HAYIR,HAYIR
2026-08-19 09:27:41.440,0.38,0.31,28,0.0,0.0,-0.034,39.3,20,HAYIR,HAYIR
2026-08-19 09:27:41.460,0.38,0.31,28,0.0,0.0,-0.034,39.3,22,HAYIR,HAYIR
2026-08-19 09:27:41.480,0.38,0.31,28,0.0,0.0,-0.034,39.3,23,HAYIR,HAYIR
2026-08-19 09:27:41.500,0.38,0.31,28,0.0,0.0,-0.034,39.3,24,HAYIR,HAYIR
2026-08-19 09:27:41.520,0.38,0.31,28,0.0,0.0,-0.034,40.2,25,HAYIR,HAYIR
2026-08-19 09:27:41.540,0.38,0.31,28,0.0,0.0,-0.034,40.2,26,HAYIR,HAYIR
2026-08-19 09:27:41.560,0.38,0.31,28,0.0,0.0,-0.034,40.2,28,HAYIR,HAYIR
2026-08-19 09:27:41.580,0.38,0.31,28,0.0,0.0,-0.034,40.2,29,HAYIR,HAYIR
2026-08-19 09:27:41.600,0.38,0.27,30,0.0,0.0,-0.034,40.2,30,HAYIR,HAYIR
2026-08-19 09:27:41.620,0.38,0.27,28,0.0,0.0,0.000,-0.0,29,HAYIR,HAYIR
2026-08-19 09:27:41.640,0.38,0.27,28,0.0,0.0,0.000,-0.0,28,HAYIR,HAYIR
2026-08-19 09:27:41.660,0.38,0.27,28,0.0,0.0,0.000,-0.0,26,HAYIR,HAYIR
2026-08-19 09:27:41.680,0.37,0.27,28,0.0,0.0,0.000,-0.0,25,HAYIR,HAYIR
2026-08-19 09:27:41.701,0.37,0.27,28,0.0,0.0,0.000,-0.0,24,HAYIR,HAYIR
2026-08-19 09:27:41.720,0.37,0.27,28,0.0,0.0,0.000,-0.0,23,HAYIR,HAYIR
2026-08-19 09:27:41.740,0.37,0.27,28,0.0,0.0,0.000,-0.0,22,HAYIR,HAYIR
2026-08-19 09:27:41.760,0.37,0.27,28,0.0,0.0,0.000,-0.0,20,HAYIR,HAYIR
2026-08-19 09:27:41.780,0.37,0.27,28,0.0,0.0,0.000,-0.0,19,HAYIR,HAYIR
2026-08-19 09:27:41.800,0.37,0.27,28,0.0,0.0,0.000,-0.0,18,HAYIR,HAYIR
2026-08-19 09:27:41.820,0.38,0.27,28,0.0,0.0,0.000,-0.0,17,HAYIR,HAYIR
2026-08-19 09:27:41.840,0.38,0.27,28,0.0,0.0,0.000,-0.0,16,HAYIR,HAYIR
2026-08-19 09:27:41.860,0.38,0.27,28,0.0,0.0,0.000,-0.0,14,HAYIR,HAYIR
2026-08-19 09:27:41.880,0.38,0.27,28,0.0,0.0,0.000,-0.0,13,HAYIR,HAYIR
2026-08-19 09:27:41.900,0.38,0.27,28,0.0,0.0,0.000,-0.0,12,HAYIR,HAYIR
2026-08-19 09:27:41.920,0.37,0.24,29,0.0,0.0,0.000,-0.0,11,HAYIR,HAYIR
2026-08-19 09:27:41.940,0.37,0.24,28,0.0,0.0,0.000,-0.0,10,HAYIR,HAYIR
2026-08-19 09:27:41.960,0.37,0.24,28,0.0,0.0,0.000,-0.0,8,HAYIR,HAYIR
2026-08-19 09:27:41.980,0.37,0.24,28,0.0,0.0,0.000,-0.0,7,HAYIR,HAYIR
2026-08-19 09:27:42.000,0.37,0.24,28,0.0,0.0,0.000,-0.0,6,HAYIR,HAYIR
2026-08-19 09:27:42.020,0.37,0.24,28,0.0,0.0,0.000,-0.0,5,HAYIR,HAYIR
2026-08-19 09:27:42.040,0.37,0.24,28,0.0,0.0,0.000,-0.0,4,HAYIR,HAYIR
2026-08-19 09:27:42.060,0.37,0.24,28,0.0,0.0,0.000,-0.0,2,HAYIR,HAYIR
2026-08-19 09:27:42.080,0.37,0.24,28,0.0,0.0,0.000,-0.0,1,HAYIR,HAYIR
2026-08-19 09:27:42.100,0.37,0.24,28,0.0,0.0,0.000,-0.0,0,HAYIR,HAYIR
2026-08-19 09:27:42.120,0.37,0.24,28,0.0,0.0,0.000,-0.0,0,HAYIR,HAYIR
2026-08-19 09:27:42.140,0.37,0.24,28,0.0,0.0,0.000,-0.0,0,HAYIR,HAYIR
2026-08-19 09:27:42.160,0.37,0.24,28,0.0,0.0,0.000,-0.0,0,HAYIR,HAYIR
2026-08-19 09:27:42.180,0.37,0.24,28,0.0,0.0,0.000,-0.0,0,HAYIR,HAYIR
2026-08-19 09:27:42.200,0.37,0.24,28,0.0,0.0,0.000,-0.0,0,HAYIR,HAYIR
2026-08-19 09:27:42.220,0.37,0.24,28,0.0,0.0,0.000,-0.0,0,HAYIR,HAYIR
2026-08-19 09:27:42.240,0.37,0.22,29,0.0,0.0,0.000,-0.0,0,HAYIR,HAYIR
2026-08-19 09:27:42.260,0.37,0.22,28,0.0,0.0,0.000,-0.0,0,HAYIR,HAYIR
2026-08-19 09:27:42.280,0.37,0.22,28,0.0,0.0,0.000,-0.0,0,HAYIR,HAYIR
2026-08-19 09:27:42.300,0.37,0.22,28,0.0,0.0,0.000,-0.0,0,HAYIR,HAYIR
2026-08-19 09:27:42.320,0.36,0.22,28,0.0,0.0,0.000,-0.0,0,HAYIR,HAYIR
2026-08-19 09:27:42.340,0.36,0.22,28,0.0,0.0,0.000,-0.0,0,HAYIR,HAYIR
2026-08-19 09:27:42.360,0.36,0.22,28,0.0,0.0,0.000,-0.0,0,HAYIR,HAYIR
2026-08-19 09:27:42.380,0.36,0.22,28,0.0,0.0,0.000,-0.0,0,HAYIR,HAYIR
2026-08-19 09:27:42.400,0.36,0.22,28,0.0,0.0,0.000,-0.0,0,HAYIR,HAYIR
2026-08-19 09:27:42.420,0.37,0.22,28,0.0,0.0,0.000,-0.0,0,HAYIR,HAYIR
2026-08-19 09:27:42.440,0.37,0.22,28,0.0,0.0,0.000,-0.0,0,HAYIR,HAYIR
2026-08-19 09:27:42.460,0.37,0.22,28,0.0,0.0,0.000,-0.0,0,HAYIR,HAYIR
2026-08-19 09:27:42.480,0.37,0.22,28,0.0,0.0,0.000,-0.0,0,HAYIR,HAYIR
2026-08-19 09:27:42.500,0.37,0.22,28,0.0,0.0,0.000,-0.0,0,HAYIR,HAYIR
2026-08-19 09:27:42.520,0.37,0.22,28,0.0,0.0,0.000,-0.0,0,HAYIR,HAYIR
2026-08-19 09:27:42.540,0.37,0.22,28,0.0,0.0,0.000,-0.0,0,HAYIR,HAYIR
2026-08-19 09:27:42.560,0.37,0.22,28,0.0,0.0,0.000,-0.0,0,HAYIR,HAYIR
2026-08-19 09:27:42.580,0.37,0.22,28,0.0,0.0,0.000,-0.0,0,HAYIR,HAYIR
2026-08-19 09:27:42.600,0.37,0.22,28,0.0,0.0,0.000,-0.0,0,HAYIR,HAYIR
2026-08-19 09:27:42.620,0.37,0.22,28,0.0,0.0,0.000,-0.0,0,HAYIR,HAYIR
2026-08-19 09:27:42.641,0.37,0.21,29,0.0,0.0,0.000,-0.0,0,HAYIR,HAYIR
2026-08-19 09:27:42.660,0.37,0.21,28,0.0,0.0,0.000,-0.0,0,HAYIR,HAYIR
2026-08-19 09:27:42.680,0.37,0.21,28,0.0,0.0,0.000,-0.0,0,HAYIR,HAYIR
2026-08-19 09:27:42.700,0.37,0.21,28,0.0,0.0,0.000,-0.0,0,HAYIR,HAYIR
2026-08-19 09:27:42.720,0.36,0.21,28,0.0,0.0,0.000,-0.0,0,HAYIR,HAYIR
2026-08-19 09:27:42.740,0.36,0.21,28,0.0,0.0,0.000,-0.0,0,HAYIR,HAYIR
2026-08-19 09:27:42.761,0.36,0.21,28,0.0,0.0,0.000,-0.0,0,HAYIR,HAYIR
2026-08-19 09:27:42.781,0.36,0.21,28,0.0,0.0,0.000,-0.0,0,HAYIR,HAYIR
2026-08-19 09:27:42.800,0.36,0.21,28,0.0,0.0,0.000,-0.0,0,HAYIR,HAYIR
2026-08-19 09:27:42.820,0.36,0.21,28,0.0,0.0,0.000,-0.0,0,HAYIR,HAYIR
2026-08-19 09:27:42.840,0.36,0.21,28,0.0,0.0,0.000,-0.0,0,HAYIR,HAYIR
2026-08-19 09:27:42.860,0.36,0.21,28,0.0,0.0,0.000,-0.0,0,HAYIR,HAYIR
2026-08-19 09:27:42.880,0.36,0.21,28,0.0,0.0,0.000,-0.0,0,HAYIR,HAYIR
2026-08-19 09:27:42.900,0.36,0.21,28,0.0,0.0,0.000,-0.0,0,HAYIR,HAYIR
2026-08-19 09:27:42.920,0.36,0.21,28,0.0,0.0,0.000,-0.0,0,HAYIR,HAYIR
2026-08-19 09:27:42.940,0.36,0.21,28,0.0,0.0,0.000,-0.0,0,HAYIR,HAYIR
2026-08-19 09:27:42.960,0.36,0.20,29,0.0,0.0,0.000,-0.0,0,HAYIR,HAYIR
2026-08-19 09:27:42.980,0.36,0.20,28,0.0,0.0,0.000,-0.0,0,HAYIR,HAYIR
2026-08-19 09:27:43.000,0.36,0.20,28,0.0,0.0,0.000,-0.0,0,HAYIR,HAYIR
2026-08-19 09:27:43.020,0.36,0.20,28,0.0,0.0,0.000,-0.0,0,HAYIR,HAYIR
2026-08-19 09:27:43.040,0.36,0.20,28,0.0,0.0,0.000,-0.0,0,HAYIR,HAYIR
2026-08-19 09:27:43.060,0.36,0.20,28,0.0,0.0,0.000,-0.0,0,HAYIR,HAYIR
2026-08-19 09:27:43.080,0.36,0.20,28,0.0,0.0,0.000,-0.0,0,HAYIR,HAYIR
2026-08-19 09:27:43.100,0.36,0.20,28,0.0,0.0,0.000,-0.0,0,HAYIR,HAYIR
2026-08-19 09:27:43.120,0.36,0.20,28,0.0,0.0,0.000,-0.0,0,HAYIR,HAYIR
2026-08-19 09:27:43.140,0.36,0.20,28,0.0,0.0,0.000,-0.0,0,HAYIR,HAYIR
2026-08-19 09:27:43.160,0.36,0.20,28,0.0,0.0,0.000,-0.0,0,HAYIR,HAYIR
2026-08-19 09:27:43.180,0.36,0.20,28,0.0,0.0,0.000,-0.0,0,HAYIR,HAYIR
2026-08-19 09:27:43.200,0.36,0.20,28,0.0,0.0,0.000,-0.0,0,HAYIR,HAYIR
2026-08-19 09:27:43.220,0.36,0.20,28,0.0,0.0,0.000,-0.0,0,HAYIR,HAYIR
2026-08-19 09:27:43.240,0.36,0.20,28,0.0,0.0,0.000,-0.0,0,HAYIR,HAYIR
2026-08-19 09:27:43.260,0.36,0.20,28,0.0,0.0,0.000,-0.0,0,HAYIR,HAYIR
2026-08-19 09:27:43.280,0.36,0.20,29,0.0,0.0,0.000,-0.0,0,HAYIR,HAYIR
2026-08-19 09:27:43.301,0.36,0.20,29,0.0,0.0,0.000,-0.0,0,HAYIR,HAYIR
2026-08-19 09:27:43.320,0.36,0.20,28,0.0,0.0,0.000,-0.0,0,HAYIR,HAYIR
2026-08-19 09:27:43.340,0.36,0.20,29,0.0,0.0,0.000,-0.0,0,HAYIR,HAYIR
2026-08-19 09:27:43.360,0.36,0.20,29,0.0,0.0,0.000,-0.0,0,HAYIR,HAYIR
2026-08-19 09:27:43.380,0.36,0.20,29,0.0,0.0,0.000,-0.0,0,HAYIR,HAYIR
2026-08-19 09:27:43.400,0.36,0.20,29,0.0,0.0,0.000,-0.0,0,HAYIR,HAYIR
2026-08-19 09:27:43.420,0.35,0.20,28,0.0,0.0,0.000,-0.0,0,HAYIR,HAYIR
2026-08-19 09:27:43.440,0.35,0.20,29,0.0,0.0,0.000,-0.0,0,HAYIR,HAYIR
2026-08-19 09:27:43.460,0.35,0.20,29,0.0,0.0,0.000,-0.0,0,HAYIR,HAYIR
2026-08-19 09:27:43.480,0.35,0.20,29,0.0,0.0,0.000,-0.0,0,HAYIR,HAYIR
2026-08-19 09:27:43.501,0.35,0.20,29,0.0,0.0,0.000,-0.0,0,HAYIR,HAYIR
2026-08-19 09:27:43.520,0.35,0.20,28,0.0,0.0,0.000,-0.0,0,HAYIR,HAYIR
2026-08-19 09:27:43.540,0.35,0.20,29,0.0,0.0,0.000,-0.0,0,HAYIR,HAYIR
2026-08-19 09:27:43.560,0.35,0.20,29,0.0,0.0,0.000,-0.0,0,HAYIR,HAYIR
2026-08-19 09:27:43.580,0.35,0.20,29,0.0,0.0,0.000,-0.0,0,HAYIR,HAYIR
2026-08-19 09:27:43.600,0.35,0.19,29,0.0,0.0,0.000,-0.0,0,HAYIR,HAYIR
2026-08-19 09:27:43.620,0.35,0.19,29,0.0,0.0,0.000,-0.0,0,HAYIR,HAYIR
2026-08-19 09:27:43.640,0.35,0.19,29,0.0,0.0,0.000,-0.0,0,HAYIR,HAYIR
2026-08-19 09:27:43.660,0.35,0.19,29,0.0,0.0,0.000,-0.0,0,HAYIR,HAYIR
2026-08-19 09:27:43.680,0.35,0.19,29,0.0,0.0,0.000,-0.0,0,HAYIR,HAYIR
2026-08-19 09:27:43.701,0.35,0.19,29,0.0,0.0,0.000,-0.0,0,HAYIR,HAYIR
2026-08-19 09:27:43.720,0.35,0.19,29,0.0,0.0,0.000,-0.0,0,HAYIR,HAYIR
2026-08-19 09:27:43.740,0.35,0.19,29,0.0,0.0,0.000,-0.0,0,HAYIR,HAYIR
2026-08-19 09:27:43.760,0.35,0.19,29,0.0,0.0,0.000,-0.0,0,HAYIR,HAYIR
2026-08-19 09:27:43.780,0.35,0.19,29,0.0,0.0,0.000,-0.0,0,HAYIR,HAYIR
2026-08-19 09:27:43.800,0.35,0.19,29,0.0,0.0,0.000,-0.0,0,HAYIR,HAYIR
2026-08-19 09:27:43.820,0.35,0.19,29,0.0,0.0,0.000,-0.0,0,HAYIR,HAYIR
2026-08-19 09:27:43.840,0.35,0.19,29,0.0,0.0,0.000,-0.0,0,HAYIR,HAYIR
2026-08-19 09:27:43.860,0.35,0.19,29,0.0,0.0,0.000,-0.0,0,HAYIR,HAYIR
2026-08-19 09:27:43.880,0.35,0.19,29,0.0,0.0,0.000,-0.0,0,HAYIR,HAYIR
2026-08-19 09:27:43.900,0.35,0.19,29,0.0,0.0,0.000,-0.0,0,HAYIR,HAYIR
2026-08-19 09:27:43.920,0.35,0.20,28,0.0,0.0,0.000,-0.0,0,HAYIR,HAYIR
2026-08-19 09:27:43.940,0.35,0.20,29,0.0,0.0,0.000,-0.0,0,HAYIR,HAYIR
2026-08-19 09:27:43.960,0.35,0.20,29,0.0,0.0,0.000,-0.0,0,HAYIR,HAYIR
2026-08-19 09:27:43.980,0.35,0.20,29,0.0,0.0,0.000,-0.0,0,HAYIR,HAYIR
2026-08-19 09:27:44.000,0.35,0.20,29,0.0,0.0,0.000,-0.0,0,HAYIR,HAYIR
2026-08-19 09:27:44.020,0.34,0.20,28,0.0,0.0,0.000,-0.0,0,HAYIR,HAYIR
2026-08-19 09:27:44.040,0.34,0.20,29,0.0,0.0,0.000,-0.0,0,HAYIR,HAYIR
2026-08-19 09:27:44.060,0.34,0.20,29,0.0,0.0,0.000,-0.0,0,HAYIR,HAYIR
2026-08-19 09:27:44.080,0.34,0.20,29,0.0,0.0,0.000,-0.0,0,HAYIR,HAYIR
2026-08-19 09:27:44.100,0.34,0.20,29,0.0,0.0,0.000,-0.0,0,HAYIR,HAYIR
2026-08-19 09:27:44.120,0.34,0.20,29,0.0,0.0,0.000,-0.0,0,HAYIR,HAYIR
2026-08-19 09:27:44.140,0.34,0.20,29,0.0,0.0,0.000,-0.0,0,HAYIR,HAYIR
2026-08-19 09:27:44.160,0.34,0.20,29,0.0,0.0,0.000,-0.0,0,HAYIR,HAYIR
2026-08-19 09:27:44.180,0.34,0.20,29,0.0,0.0,0.000,-0.0,0,HAYIR,HAYIR
2026-08-19 09:27:44.200,0.34,0.20,29,0.0,0.0,0.000,-0.0,0,HAYIR,HAYIR
2026-08-19 09:27:44.220,0.34,0.20,29,0.0,0.0,0.000,-0.0,0,HAYIR,HAYIR
2026-08-19 09:27:44.240,0.34,0.20,29,0.0,0.0,0.000,-0.0,0,HAYIR,HAYIR
2026-08-19 09:27:44.260,0.34,0.20,29,0.0,0.0,0.000,-0.0,0,HAYIR,HAYIR
2026-08-19 09:27:44.280,0.34,0.20,29,0.0,0.0,0.000,-0.0,0,HAYIR,HAYIR
2026-08-19 09:27:44.300,0.34,0.21,28,0.0,0.0,0.000,-0.0,0,HAYIR,HAYIR
2026-08-19 09:27:44.320,0.34,0.21,29,0.0,0.0,0.000,-0.0,0,HAYIR,HAYIR
2026-08-19 09:27:44.340,0.34,0.21,29,0.0,0.0,0.000,-0.0,0,HAYIR,HAYIR
2026-08-19 09:27:44.360,0.34,0.21,29,0.0,0.0,0.000,-0.0,0,HAYIR,HAYIR
2026-08-19 09:27:44.380,0.34,0.21,29,0.0,0.0,0.000,-0.0,0,HAYIR,HAYIR
2026-08-19 09:27:44.400,0.34,0.21,29,0.0,0.0,0.000,-0.0,0,HAYIR,HAYIR
2026-08-19 09:27:44.420,0.34,0.21,29,0.0,0.0,0.000,-0.0,0,HAYIR,HAYIR
2026-08-19 09:27:44.440,0.34,0.21,29,0.0,0.0,0.000,-0.0,0,HAYIR,HAYIR
2026-08-19 09:27:44.460,0.34,0.21,29,0.0,0.0,0.000,-0.0,0,HAYIR,HAYIR
2026-08-19 09:27:44.480,0.34,0.21,29,0.0,0.0,0.000,-0.0,0,HAYIR,HAYIR
2026-08-19 09:27:44.501,0.34,0.21,29,0.0,0.0,0.000,-0.0,0,HAYIR,HAYIR
2026-08-19 09:27:44.520,0.34,0.21,29,0.0,0.0,0.000,-0.0,0,HAYIR,HAYIR
2026-08-19 09:27:44.540,0.34,0.21,29,0.0,0.0,0.000,-0.0,0,HAYIR,HAYIR
2026-08-19 09:27:44.560,0.34,0.21,29,0.0,0.0,0.000,-0.0,0,HAYIR,HAYIR
2026-08-19 09:27:44.581,0.34,0.21,29,0.0,0.0,0.000,-0.0,0,HAYIR,HAYIR
2026-08-19 09:27:44.600,0.34,0.21,29,0.0,0.0,0.000,-0.0,0,HAYIR,HAYIR
2026-08-19 09:27:44.620,0.33,0.23,28,0.0,0.0,0.000,-0.0,0,HAYIR,HAYIR
2026-08-19 09:27:44.640,0.33,0.23,29,0.0,0.0,0.000,-0.0,0,HAYIR,HAYIR
2026-08-19 09:27:44.660,0.33,0.23,29,0.0,0.0,0.000,-0.0,0,HAYIR,HAYIR
2026-08-19 09:27:44.680,0.33,0.23,29,0.0,0.0,0.000,-0.0,0,HAYIR,HAYIR
2026-08-19 09:27:44.701,0.33,0.23,29,0.0,0.0,0.000,-0.0,0,HAYIR,HAYIR
2026-08-19 09:27:44.720,0.33,0.23,29,0.0,0.0,0.000,-0.0,0,HAYIR,HAYIR
2026-08-19 09:27:44.740,0.33,0.23,29,0.0,0.0,0.000,-0.0,0,HAYIR,HAYIR
2026-08-19 09:27:44.760,0.33,0.23,29,0.0,0.0,0.000,-0.0,0,HAYIR,HAYIR
2026-08-19 09:27:44.780,0.33,0.23,29,0.0,0.0,0.000,-0.0,0,HAYIR,HAYIR
2026-08-19 09:27:44.800,0.33,0.23,29,0.0,0.0,0.000,-0.0,0,HAYIR,HAYIR
2026-08-19 09:27:44.820,0.33,0.23,29,0.0,0.0,0.000,-0.0,0,HAYIR,HAYIR
2026-08-19 09:27:44.840,0.33,0.23,29,0.0,0.0,0.000,-0.0,0,HAYIR,HAYIR
2026-08-19 09:27:44.860,0.33,0.23,29,0.0,0.0,0.000,-0.0,0,HAYIR,HAYIR
2026-08-19 09:27:44.880,0.33,0.23,29,0.0,0.0,0.000,-0.0,0,HAYIR,HAYIR
2026-08-19 09:27:44.900,0.33,0.23,29,0.0,0.0,0.000,-0.0,0,HAYIR,HAYIR
2026-08-19 09:27:44.920,0.33,0.23,29,0.0,0.0,0.000,-0.0,0,HAYIR,HAYIR
2026-08-19 09:27:44.940,0.33,0.25,28,0.0,0.0,0.000,-0.0,0,HAYIR,HAYIR
2026-08-19 09:27:44.960,0.33,0.25,29,0.0,0.0,0.000,-0.0,0,HAYIR,HAYIR
2026-08-19 09:27:44.980,0.33,0.25,29,0.0,0.0,0.000,-0.0,0,HAYIR,HAYIR
2026-08-19 09:27:45.000,0.33,0.25,29,0.0,0.0,0.000,-0.0,0,HAYIR,HAYIR
2026-08-19 09:27:45.020,0.33,0.25,29,0.0,0.0,0.000,-0.0,0,HAYIR,HAYIR
2026-08-19 09:27:45.040,0.33,0.25,29,0.0,0.0,0.000,-0.0,0,HAYIR,HAYIR
2026-08-19 09:27:45.060,0.33,0.25,29,0.0,0.0,0.000,-0.0,0,HAYIR,HAYIR
2026-08-19 09:27:45.080,0.33,0.25,29,0.0,0.0,0.000,-0.0,0,HAYIR,HAYIR
2026-08-19 09:27:45.100,0.33,0.25,29,0.0,0.0,0.000,-0.0,0,HAYIR,HAYIR
2026-08-19 09:27:45.120,0.32,0.25,29,0.0,0.0,0.000,-0.0,0,HAYIR,HAYIR
2026-08-19 09:27:45.140,0.32,0.25,29,0.0,0.0,0.000,-0.0,0,HAYIR,HAYIR
2026-08-19 09:27:45.160,0.32,0.25,29,0.0,0.0,0.000,-0.0,0,HAYIR,HAYIR
2026-08-19 09:27:45.180,0.32,0.25,29,0.0,0.0,0.000,-0.0,0,HAYIR,HAYIR
2026-08-19 09:27:45.200,0.32,0.25,29,0.0,0.0,0.000,-0.0,0,HAYIR,HAYIR
2026-08-19 09:27:45.220,0.32,0.25,29,0.0,0.0,0.000,-0.0,0,HAYIR,HAYIR
2026-08-19 09:27:45.240,0.32,0.25,29,0.0,0.0,0.000,-0.0,0,HAYIR,HAYIR
2026-08-19 09:27:45.260,0.32,0.26,28,0.0,0.0,0.000,-0.0,0,HAYIR,HAYIR
2026-08-19 09:27:45.280,0.32,0.26,29,0.0,0.0,0.000,-0.0,0,HAYIR,HAYIR
2026-08-19 09:27:45.300,0.32,0.26,29,0.0,0.0,0.000,-0.0,0,HAYIR,HAYIR
2026-08-19 09:27:45.320,0.32,0.26,28,0.0,0.0,0.000,-0.0,0,HAYIR,HAYIR
2026-08-19 09:27:45.340,0.32,0.26,29,0.0,0.0,0.000,-0.0,0,HAYIR,HAYIR
2026-08-19 09:27:45.360,0.32,0.26,29,0.0,0.0,0.000,-0.0,0,HAYIR,HAYIR
2026-08-19 09:27:45.380,0.32,0.26,29,0.0,0.0,0.000,-0.0,0,HAYIR,HAYIR
2026-08-19 09:27:45.400,0.32,0.26,29,0.0,0.0,0.000,-0.0,0,HAYIR,HAYIR
2026-08-19 09:27:45.420,0.32,0.26,29,0.0,0.0,0.000,-0.0,0,HAYIR,HAYIR
2026-08-19 09:27:45.440,0.32,0.26,29,0.0,0.0,0.000,-0.0,0,HAYIR,HAYIR
2026-08-19 09:27:45.460,0.32,0.26,29,0.0,0.0,0.000,-0.0,0,HAYIR,HAYIR
2026-08-19 09:27:45.480,0.32,0.26,29,0.0,0.0,0.000,-0.0,0,HAYIR,HAYIR
2026-08-19 09:27:45.500,0.32,0.26,29,0.0,0.0,0.000,-0.0,0,HAYIR,HAYIR
2026-08-19 09:27:45.520,0.31,0.26,29,0.0,0.0,0.000,-0.0,0,HAYIR,HAYIR
2026-08-19 09:27:45.540,0.31,0.26,29,0.0,0.0,0.000,-0.0,0,HAYIR,HAYIR
2026-08-19 09:27:45.560,0.31,0.26,29,0.0,0.0,0.000,-0.0,0,HAYIR,HAYIR
2026-08-19 09:27:45.580,0.31,0.26,28,0.0,0.0,0.000,-0.0,0,HAYIR,HAYIR
2026-08-19 09:27:45.600,0.31,0.26,29,0.0,0.0,0.000,-0.0,0,HAYIR,HAYIR
2026-08-19 09:27:45.620,0.31,0.26,29,0.0,0.0,0.000,-0.0,0,HAYIR,HAYIR
2026-08-19 09:27:45.640,0.31,0.26,29,0.0,0.0,0.000,-0.0,0,HAYIR,HAYIR
2026-08-19 09:27:45.660,0.31,0.26,29,0.0,0.0,0.000,-0.0,0,HAYIR,HAYIR
2026-08-19 09:27:45.680,0.31,0.26,28,0.0,0.0,0.000,-0.0,0,HAYIR,HAYIR
2026-08-19 09:27:45.700,0.31,0.26,29,0.0,0.0,0.000,-0.0,0,HAYIR,HAYIR
2026-08-19 09:27:45.720,0.31,0.26,29,0.0,0.0,0.000,-0.0,0,HAYIR,HAYIR
2026-08-19 09:27:45.740,0.31,0.26,29,0.0,0.0,0.000,-0.0,0,HAYIR,HAYIR
2026-08-19 09:27:45.760,0.31,0.26,29,0.0,0.0,0.000,-0.0,0,HAYIR,HAYIR
2026-08-19 09:27:45.780,0.31,0.26,29,0.0,0.0,0.000,-0.0,0,HAYIR,HAYIR
2026-08-19 09:27:45.800,0.31,0.26,29,0.0,0.0,0.000,-0.0,0,HAYIR,HAYIR
2026-08-19 09:27:45.820,0.31,0.26,29,0.0,0.0,0.000,-0.0,0,HAYIR,HAYIR
2026-08-19 09:27:45.840,0.31,0.26,29,0.0,0.0,0.000,-0.0,0,HAYIR,HAYIR
2026-08-19 09:27:45.860,0.31,0.26,29,0.0,0.0,0.000,-0.0,0,HAYIR,HAYIR
2026-08-19 09:27:45.880,0.31,0.26,29,0.0,0.0,0.000,-0.0,0,HAYIR,HAYIR
2026-08-19 09:27:45.900,0.31,0.26,29,0.0,0.0,0.000,-0.0,0,HAYIR,HAYIR
2026-08-19 09:27:45.920,0.31,0.26,29,0.0,0.0,0.000,-0.0,0,HAYIR,HAYIR
2026-08-19 09:27:45.940,0.31,0.26,29,0.0,0.0,0.000,-0.0,0,HAYIR,HAYIR
2026-08-19 09:27:45.960,0.31,0.29,28,0.0,0.0,0.000,-0.0,0,HAYIR,HAYIR
2026-08-19 09:27:45.980,0.31,0.29,29,0.0,0.0,0.000,-0.0,0,HAYIR,HAYIR
2026-08-19 09:27:46.000,0.31,0.29,29,0.0,0.0,0.000,-0.0,0,HAYIR,HAYIR
2026-08-19 09:27:46.020,0.30,0.29,28,0.0,0.0,0.000,-0.0,0,HAYIR,HAYIR
2026-08-19 09:27:46.040,0.30,0.29,29,0.0,0.0,0.000,-0.0,0,HAYIR,HAYIR
2026-08-19 09:27:46.060,0.30,0.29,29,0.0,0.0,0.000,-0.0,0,HAYIR,HAYIR
2026-08-19 09:27:46.080,0.30,0.29,29,0.0,0.0,0.000,-0.0,0,HAYIR,HAYIR
2026-08-19 09:27:46.100,0.30,0.29,29,0.0,0.0,0.000,-0.0,0,HAYIR,HAYIR
2026-08-19 09:27:46.120,0.30,0.29,29,0.0,0.0,0.000,-0.0,0,HAYIR,HAYIR
2026-08-19 09:27:46.140,0.30,0.29,29,0.0,0.0,0.000,-0.0,0,HAYIR,HAYIR
2026-08-19 09:27:46.160,0.30,0.29,29,0.0,0.0,0.000,-0.0,0,HAYIR,HAYIR
2026-08-19 09:27:46.180,0.30,0.29,29,0.0,0.0,0.000,-0.0,0,HAYIR,HAYIR
2026-08-19 09:27:46.200,0.30,0.29,29,0.0,0.0,0.000,-0.0,0,HAYIR,HAYIR
2026-08-19 09:27:46.220,0.30,0.29,29,0.0,0.0,0.000,-0.0,0,HAYIR,HAYIR
2026-08-19 09:27:46.240,0.30,0.29,29,0.0,0.0,0.000,-0.0,0,HAYIR,HAYIR
2026-08-19 09:27:46.260,0.30,0.29,29,0.0,0.0,0.000,-0.0,0,HAYIR,HAYIR
2026-08-19 09:27:46.280,0.30,0.31,28,0.0,0.0,0.000,-0.0,0,HAYIR,HAYIR
2026-08-19 09:27:46.300,0.30,0.31,28,0.0,0.0,0.000,-0.0,0,HAYIR,HAYIR
2026-08-19 09:27:46.320,0.30,0.31,28,0.0,0.0,0.000,-0.0,0,HAYIR,HAYIR
2026-08-19 09:27:46.340,0.30,0.31,28,0.0,0.0,0.000,-0.0,0,HAYIR,HAYIR
2026-08-19 09:27:46.360,0.30,0.31,28,0.0,0.0,0.000,-0.0,0,HAYIR,HAYIR
2026-08-19 09:27:46.380,0.29,0.31,28,0.0,0.0,0.000,-0.0,0,HAYIR,HAYIR
2026-08-19 09:27:46.400,0.29,0.31,28,0.0,0.0,0.000,-0.0,0,HAYIR,HAYIR
2026-08-19 09:27:46.420,0.29,0.31,28,0.0,0.0,0.000,-0.0,0,HAYIR,HAYIR
2026-08-19 09:27:46.440,0.29,0.31,28,0.0,0.0,0.000,-0.0,0,HAYIR,HAYIR
2026-08-19 09:27:46.460,0.29,0.31,28,0.0,0.0,0.000,-0.0,0,HAYIR,HAYIR
2026-08-19 09:27:46.480,0.29,0.31,28,0.0,0.0,0.000,-0.0,0,HAYIR,HAYIR
2026-08-19 09:27:46.500,0.29,0.31,28,0.0,0.0,0.000,-0.0,0,HAYIR,HAYIR
2026-08-19 09:27:46.520,0.29,0.31,28,0.0,0.0,0.000,-0.0,0,HAYIR,HAYIR
2026-08-19 09:27:46.540,0.29,0.31,28,0.0,0.0,0.000,-0.0,0,HAYIR,HAYIR
2026-08-19 09:27:46.560,0.29,0.31,28,0.0,0.0,0.000,-0.0,0,HAYIR,HAYIR
2026-08-19 09:27:46.580,0.29,0.31,28,0.0,0.0,0.000,-0.0,0,HAYIR,HAYIR
2026-08-19 09:27:46.600,0.29,0.33,28,0.0,0.0,0.000,-0.0,0,HAYIR,HAYIR
2026-08-19 09:27:46.620,0.29,0.33,28,0.0,0.0,0.000,-0.0,0,HAYIR,HAYIR
2026-08-19 09:27:46.640,0.29,0.33,28,0.0,0.0,0.000,-0.0,0,HAYIR,HAYIR
2026-08-19 09:27:46.660,0.29,0.33,28,0.0,0.0,0.000,-0.0,0,HAYIR,HAYIR
2026-08-19 09:27:46.680,0.28,0.33,28,0.0,0.0,0.000,-0.0,0,HAYIR,HAYIR
2026-08-19 09:27:46.701,0.28,0.33,28,0.0,0.0,0.000,-0.0,0,HAYIR,HAYIR
2026-08-19 09:27:46.720,0.28,0.33,28,0.0,0.0,0.000,-0.0,0,HAYIR,HAYIR
2026-08-19 09:27:46.740,0.28,0.33,28,0.0,0.0,0.000,-0.0,0,HAYIR,HAYIR
2026-08-19 09:27:46.760,0.28,0.33,28,0.0,0.0,0.000,-0.0,0,HAYIR,HAYIR
2026-08-19 09:27:46.780,0.28,0.33,28,0.0,0.0,0.000,-0.0,0,HAYIR,HAYIR
2026-08-19 09:27:46.800,0.28,0.33,28,0.0,0.0,0.000,-0.0,0,HAYIR,HAYIR
2026-08-19 09:27:46.820,0.28,0.33,28,0.0,0.0,0.000,-0.0,0,HAYIR,HAYIR
2026-08-19 09:27:46.840,0.28,0.33,28,0.0,0.0,0.000,-0.0,0,HAYIR,HAYIR
2026-08-19 09:27:46.860,0.28,0.33,28,0.0,0.0,0.000,-0.0,0,HAYIR,HAYIR
2026-08-19 09:27:46.880,0.28,0.33,28,0.0,0.0,0.000,-0.0,0,HAYIR,HAYIR
2026-08-19 09:27:46.900,0.28,0.33,28,0.0,0.0,0.000,-0.0,0,HAYIR,HAYIR
2026-08-19 09:27:46.920,0.28,0.33,28,0.0,0.0,0.000,-0.0,0,HAYIR,HAYIR
2026-08-19 09:27:46.940,0.28,0.33,28,0.0,0.0,0.000,-0.0,0,HAYIR,HAYIR
2026-08-19 09:27:46.960,0.28,0.33,28,0.0,0.0,0.000,-0.0,0,HAYIR,HAYIR
2026-08-19 09:27:46.980,0.28,0.33,28,0.0,0.0,0.000,-0.0,0,HAYIR,HAYIR
2026-08-19 09:27:47.000,0.28,0.33,28,0.0,0.0,0.000,-0.0,0,HAYIR,HAYIR
2026-08-19 09:27:47.020,0.27,0.33,28,0.0,0.0,0.000,-0.0,0,HAYIR,HAYIR
2026-08-19 09:27:47.040,0.27,0.33,28,0.0,0.0,0.000,-0.0,0,HAYIR,HAYIR
2026-08-19 09:27:47.061,0.27,0.33,28,0.0,0.0,0.000,-0.0,0,HAYIR,HAYIR
2026-08-19 09:27:47.080,0.27,0.33,28,0.0,0.0,0.000,-0.0,0,HAYIR,HAYIR
2026-08-19 09:27:47.100,0.27,0.33,28,0.0,0.0,0.000,-0.0,0,HAYIR,HAYIR
2026-08-19 09:27:47.120,0.28,0.33,28,0.0,0.0,0.000,-0.0,0,HAYIR,HAYIR
2026-08-19 09:27:47.140,0.28,0.33,28,0.0,0.0,0.000,-0.0,0,HAYIR,HAYIR
2026-08-19 09:27:47.160,0.28,0.33,28,0.0,0.0,0.000,-0.0,0,HAYIR,HAYIR
2026-08-19 09:27:47.180,0.28,0.33,28,0.0,0.0,0.000,-0.0,0,HAYIR,HAYIR
2026-08-19 09:27:47.200,0.28,0.33,28,0.0,0.0,0.000,-0.0,0,HAYIR,HAYIR
2026-08-19 09:27:47.220,0.27,0.33,28,0.0,0.0,0.000,-0.0,0,HAYIR,HAYIR
2026-08-19 09:27:47.240,0.27,0.34,28,0.0,0.0,0.000,-0.0,0,HAYIR,HAYIR
2026-08-19 09:27:47.260,0.27,0.34,28,0.0,0.0,0.000,-0.0,0,HAYIR,HAYIR
2026-08-19 09:27:47.280,0.27,0.34,28,0.0,0.0,0.000,-0.0,0,HAYIR,HAYIR
2026-08-19 09:27:47.300,0.27,0.34,28,0.0,0.0,0.000,-0.0,0,HAYIR,HAYIR
2026-08-19 09:27:47.320,0.26,0.34,28,0.0,0.0,-0.033,55.6,1,HAYIR,HAYIR
2026-08-19 09:27:47.340,0.26,0.34,28,0.0,0.0,-0.033,55.6,2,HAYIR,HAYIR
2026-08-19 09:27:47.360,0.26,0.34,28,0.0,0.0,-0.033,55.6,4,HAYIR,HAYIR
2026-08-19 09:27:47.380,0.26,0.34,28,0.0,0.0,-0.033,55.6,5,HAYIR,HAYIR
2026-08-19 09:27:47.400,0.26,0.34,28,0.0,0.0,-0.033,55.6,6,HAYIR,HAYIR
2026-08-19 09:27:47.420,0.27,0.34,28,0.0,0.0,-0.031,51.8,7,HAYIR,HAYIR
2026-08-19 09:27:47.440,0.27,0.34,28,0.0,0.0,-0.031,51.8,8,HAYIR,HAYIR
2026-08-19 09:27:47.460,0.27,0.34,28,0.0,0.0,-0.031,51.8,10,HAYIR,HAYIR
2026-08-19 09:27:47.480,0.27,0.34,28,0.0,0.0,-0.031,51.8,11,HAYIR,HAYIR
2026-08-19 09:27:47.500,0.27,0.34,28,0.0,0.0,-0.031,51.8,12,HAYIR,HAYIR
2026-08-19 09:27:47.520,0.27,0.34,28,0.0,0.0,-0.032,53.3,13,HAYIR,HAYIR
2026-08-19 09:27:47.540,0.27,0.34,28,0.0,0.0,-0.032,53.3,14,HAYIR,HAYIR
2026-08-19 09:27:47.560,0.27,0.34,28,0.0,0.0,-0.032,53.3,16,HAYIR,HAYIR
2026-08-19 09:27:47.580,0.27,0.34,28,0.0,0.0,-0.032,53.3,17,HAYIR,HAYIR
2026-08-19 09:27:47.600,0.27,0.34,28,0.0,0.0,-0.032,53.3,18,HAYIR,HAYIR
2026-08-19 09:27:47.620,0.26,0.34,28,0.0,0.0,-0.033,55.2,19,HAYIR,HAYIR
2026-08-19 09:27:47.640,0.26,0.33,28,0.0,0.0,-0.033,55.2,20,HAYIR,HAYIR
2026-08-19 09:27:47.660,0.26,0.33,28,0.0,0.0,-0.033,55.2,22,HAYIR,HAYIR
2026-08-19 09:27:47.680,0.26,0.33,28,0.0,0.0,-0.033,55.2,23,HAYIR,HAYIR
2026-08-19 09:27:47.700,0.26,0.33,28,0.0,0.0,-0.033,55.2,24,HAYIR,HAYIR
2026-08-19 09:27:47.720,0.26,0.33,28,0.0,0.0,-0.033,56.0,25,HAYIR,HAYIR
2026-08-19 09:27:47.740,0.26,0.33,28,0.0,0.0,-0.033,56.0,26,HAYIR,HAYIR
2026-08-19 09:27:47.760,0.26,0.33,28,0.0,0.0,-0.033,56.0,28,HAYIR,HAYIR
2026-08-19 09:27:47.780,0.26,0.33,28,0.0,0.0,-0.033,56.0,29,HAYIR,HAYIR
2026-08-19 09:27:47.800,0.26,0.33,28,0.0,0.0,-0.033,56.0,30,HAYIR,HAYIR
2026-08-19 09:27:47.820,0.26,0.33,28,0.0,0.0,0.000,-0.0,29,HAYIR,HAYIR
2026-08-19 09:27:47.840,0.26,0.33,28,0.0,0.0,0.000,-0.0,28,HAYIR,HAYIR
2026-08-19 09:27:47.860,0.26,0.33,28,0.0,0.0,0.000,-0.0,26,HAYIR,HAYIR
2026-08-19 09:27:47.880,0.26,0.33,28,0.0,0.0,0.000,-0.0,25,HAYIR,HAYIR
2026-08-19 09:27:47.900,0.26,0.33,28,0.0,0.0,0.000,-0.0,24,HAYIR,HAYIR
2026-08-19 09:27:47.920,0.26,0.33,28,0.0,0.0,0.000,-0.0,23,HAYIR,HAYIR
2026-08-19 09:27:47.940,0.26,0.33,28,0.0,0.0,0.000,-0.0,22,HAYIR,HAYIR
2026-08-19 09:27:47.960,0.26,0.33,28,0.0,0.0,0.000,-0.0,20,HAYIR,HAYIR
2026-08-19 09:27:47.980,0.26,0.33,28,0.0,0.0,0.000,-0.0,19,HAYIR,HAYIR
2026-08-19 09:27:48.000,0.26,0.33,28,0.0,0.0,0.000,-0.0,18,HAYIR,HAYIR
2026-08-19 09:27:48.020,0.25,0.33,28,0.0,0.0,0.000,-0.0,17,HAYIR,HAYIR
2026-08-19 09:27:48.040,0.25,0.33,28,0.0,0.0,0.000,-0.0,16,HAYIR,HAYIR
2026-08-19 09:27:48.060,0.25,0.33,28,0.0,0.0,0.000,-0.0,14,HAYIR,HAYIR
2026-08-19 09:27:48.080,0.25,0.33,28,0.0,0.0,0.000,-0.0,13,HAYIR,HAYIR
2026-08-19 09:27:48.100,0.25,0.33,28,0.0,0.0,0.000,-0.0,12,HAYIR,HAYIR
2026-08-19 09:27:48.120,0.25,0.33,28,0.0,0.0,0.000,-0.0,11,HAYIR,HAYIR
2026-08-19 09:27:48.140,0.25,0.33,28,0.0,0.0,0.000,-0.0,10,HAYIR,HAYIR
2026-08-19 09:27:48.160,0.25,0.33,28,0.0,0.0,0.000,-0.0,8,HAYIR,HAYIR
2026-08-19 09:27:48.180,0.25,0.33,28,0.0,0.0,0.000,-0.0,7,HAYIR,HAYIR
2026-08-19 09:27:48.200,0.25,0.33,28,0.0,0.0,0.000,-0.0,6,HAYIR,HAYIR
2026-08-19 09:27:48.220,0.25,0.33,28,0.0,0.0,0.000,-0.0,5,HAYIR,HAYIR
2026-08-19 09:27:48.240,0.25,0.33,28,0.0,0.0,0.000,-0.0,4,HAYIR,HAYIR
2026-08-19 09:27:48.260,0.25,0.33,28,0.0,0.0,0.000,-0.0,2,HAYIR,HAYIR
2026-08-19 09:27:48.280,0.25,0.34,28,0.0,0.0,0.000,-0.0,1,HAYIR,HAYIR
2026-08-19 09:27:48.300,0.25,0.34,28,0.0,0.0,0.000,-0.0,0,HAYIR,HAYIR
2026-08-19 09:27:48.320,0.24,0.34,28,0.0,0.0,0.000,-0.0,0,HAYIR,HAYIR
2026-08-19 09:27:48.340,0.24,0.34,28,0.0,0.0,0.000,-0.0,0,HAYIR,HAYIR
2026-08-19 09:27:48.360,0.24,0.34,28,0.0,0.0,0.000,-0.0,0,HAYIR,HAYIR
2026-08-19 09:27:48.380,0.24,0.34,28,0.0,0.0,0.000,-0.0,0,HAYIR,HAYIR
2026-08-19 09:27:48.400,0.24,0.34,28,0.0,0.0,0.000,-0.0,0,HAYIR,HAYIR
2026-08-19 09:27:48.420,0.24,0.34,28,0.0,0.0,0.000,-0.0,0,HAYIR,HAYIR
2026-08-19 09:27:48.440,0.24,0.34,28,0.0,0.0,0.000,-0.0,0,HAYIR,HAYIR
2026-08-19 09:27:48.460,0.24,0.34,28,0.0,0.0,0.000,-0.0,0,HAYIR,HAYIR
2026-08-19 09:27:48.480,0.24,0.34,28,0.0,0.0,0.000,-0.0,0,HAYIR,HAYIR
2026-08-19 09:27:48.500,0.24,0.34,28,0.0,0.0,0.000,-0.0,0,HAYIR,HAYIR
2026-08-19 09:27:48.520,0.24,0.34,28,0.0,0.0,0.000,-0.0,0,HAYIR,HAYIR
2026-08-19 09:27:48.540,0.24,0.34,28,0.0,0.0,0.000,-0.0,0,HAYIR,HAYIR
2026-08-19 09:27:48.560,0.24,0.34,28,0.0,0.0,0.000,-0.0,0,HAYIR,HAYIR
2026-08-19 09:27:48.581,0.24,0.34,28,0.0,0.0,0.000,-0.0,0,HAYIR,HAYIR
2026-08-19 09:27:48.600,0.24,0.33,28,0.0,0.0,0.000,-0.0,0,HAYIR,HAYIR
2026-08-19 09:27:48.620,0.24,0.33,28,0.0,0.0,0.000,-0.0,0,HAYIR,HAYIR
2026-08-19 09:27:48.640,0.24,0.33,28,0.0,0.0,0.000,-0.0,0,HAYIR,HAYIR
2026-08-19 09:27:48.660,0.24,0.33,28,0.0,0.0,0.000,-0.0,0,HAYIR,HAYIR
2026-08-19 09:27:48.680,0.23,0.33,28,0.0,0.0,0.000,-0.0,0,HAYIR,HAYIR
2026-08-19 09:27:48.700,0.23,0.33,28,0.0,0.0,0.000,-0.0,0,HAYIR,HAYIR
2026-08-19 09:27:48.720,0.23,0.33,28,0.0,0.0,0.000,-0.0,0,HAYIR,HAYIR
2026-08-19 09:27:48.740,0.23,0.33,28,0.0,0.0,0.000,-0.0,0,HAYIR,HAYIR
2026-08-19 09:27:48.760,0.23,0.33,28,0.0,0.0,0.000,-0.0,0,HAYIR,HAYIR
2026-08-19 09:27:48.780,0.23,0.33,28,0.0,0.0,0.000,-0.0,0,HAYIR,HAYIR
2026-08-19 09:27:48.800,0.23,0.33,28,0.0,0.0,0.000,-0.0,0,HAYIR,HAYIR
2026-08-19 09:27:48.820,0.23,0.33,28,0.0,0.0,0.000,-0.0,0,HAYIR,HAYIR
2026-08-19 09:27:48.840,0.23,0.33,28,0.0,0.0,0.000,-0.0,0,HAYIR,HAYIR
2026-08-19 09:27:48.860,0.23,0.33,28,0.0,0.0,0.000,-0.0,0,HAYIR,HAYIR
2026-08-19 09:27:48.880,0.23,0.33,28,0.0,0.0,0.000,-0.0,0,HAYIR,HAYIR
2026-08-19 09:27:48.900,0.23,0.33,28,0.0,0.0,0.000,-0.0,0,HAYIR,HAYIR
2026-08-19 09:27:48.920,0.23,0.32,28,0.0,0.0,0.000,-0.0,0,HAYIR,HAYIR
2026-08-19 09:27:48.940,0.23,0.32,28,0.0,0.0,0.000,-0.0,0,HAYIR,HAYIR
2026-08-19 09:27:48.960,0.23,0.32,28,0.0,0.0,0.000,-0.0,0,HAYIR,HAYIR
2026-08-19 09:27:48.980,0.23,0.32,28,0.0,0.0,0.000,-0.0,0,HAYIR,HAYIR
2026-08-19 09:27:49.000,0.23,0.32,28,0.0,0.0,0.000,-0.0,0,HAYIR,HAYIR
2026-08-19 09:27:49.020,0.22,0.32,28,0.0,0.0,0.000,-0.0,0,HAYIR,HAYIR
2026-08-19 09:27:49.040,0.22,0.32,28,0.0,0.0,0.000,-0.0,0,HAYIR,HAYIR
2026-08-19 09:27:49.060,0.22,0.32,28,0.0,0.0,0.000,-0.0,0,HAYIR,HAYIR
2026-08-19 09:27:49.080,0.22,0.32,28,0.0,0.0,0.000,-0.0,0,HAYIR,HAYIR
2026-08-19 09:27:49.100,0.22,0.32,28,0.0,0.0,0.000,-0.0,0,HAYIR,HAYIR
2026-08-19 09:27:49.120,0.23,0.32,28,0.0,0.0,0.000,-0.0,0,HAYIR,HAYIR
2026-08-19 09:27:49.140,0.23,0.32,28,0.0,0.0,0.000,-0.0,0,HAYIR,HAYIR
2026-08-19 09:27:49.160,0.23,0.32,28,0.0,0.0,0.000,-0.0,0,HAYIR,HAYIR
2026-08-19 09:27:49.180,0.23,0.32,28,0.0,0.0,0.000,-0.0,0,HAYIR,HAYIR
2026-08-19 09:27:49.200,0.23,0.32,28,0.0,0.0,0.000,-0.0,0,HAYIR,HAYIR
2026-08-19 09:27:49.220,0.23,0.32,28,0.0,0.0,0.000,-0.0,0,HAYIR,HAYIR
2026-08-19 09:27:49.240,0.23,0.32,28,0.0,0.0,0.000,-0.0,0,HAYIR,HAYIR
2026-08-19 09:27:49.260,0.23,0.32,28,0.0,0.0,0.000,-0.0,0,HAYIR,HAYIR
2026-08-19 09:27:49.280,0.23,0.32,28,0.0,0.0,0.000,-0.0,0,HAYIR,HAYIR
2026-08-19 09:27:49.300,0.23,0.33,28,0.0,0.0,0.000,-0.0,0,HAYIR,HAYIR
2026-08-19 09:27:49.320,0.22,0.33,28,0.0,0.0,0.000,-0.0,0,HAYIR,HAYIR
2026-08-19 09:27:49.340,0.22,0.33,28,0.0,0.0,0.000,-0.0,0,HAYIR,HAYIR
2026-08-19 09:27:49.360,0.22,0.33,28,0.0,0.0,0.000,-0.0,0,HAYIR,HAYIR
2026-08-19 09:27:49.380,0.22,0.33,28,0.0,0.0,0.000,-0.0,0,HAYIR,HAYIR
2026-08-19 09:27:49.400,0.22,0.33,28,0.0,0.0,0.000,-0.0,0,HAYIR,HAYIR
2026-08-19 09:27:49.420,0.22,0.33,28,0.0,0.0,0.000,-0.0,0,HAYIR,HAYIR
2026-08-19 09:27:49.440,0.22,0.33,28,0.0,0.0,0.000,-0.0,0,HAYIR,HAYIR
2026-08-19 09:27:49.460,0.22,0.33,28,0.0,0.0,0.000,-0.0,0,HAYIR,HAYIR
2026-08-19 09:27:49.480,0.22,0.33,28,0.0,0.0,0.000,-0.0,0,HAYIR,HAYIR
2026-08-19 09:27:49.500,0.22,0.33,28,0.0,0.0,0.000,-0.0,0,HAYIR,HAYIR
2026-08-19 09:27:49.520,0.22,0.33,28,0.0,0.0,0.000,-0.0,0,HAYIR,HAYIR
2026-08-19 09:27:49.540,0.22,0.33,28,0.0,0.0,0.000,-0.0,0,HAYIR,HAYIR
2026-08-19 09:27:49.560,0.22,0.33,28,0.0,0.0,0.000,-0.0,0,HAYIR,HAYIR
2026-08-19 09:27:49.580,0.22,0.33,28,0.0,0.0,0.000,-0.0,0,HAYIR,HAYIR
2026-08-19 09:27:49.600,0.22,0.33,28,0.0,0.0,0.000,-0.0,0,HAYIR,HAYIR
2026-08-19 09:27:49.620,0.22,0.32,28,0.0,0.0,0.000,-0.0,0,HAYIR,HAYIR
2026-08-19 09:27:49.641,0.22,0.32,28,0.0,0.0,0.000,-0.0,0,HAYIR,HAYIR
2026-08-19 09:27:49.661,0.22,0.32,28,0.0,0.0,0.000,-0.0,0,HAYIR,HAYIR
2026-08-19 09:27:49.680,0.22,0.32,28,0.0,0.0,0.000,-0.0,0,HAYIR,HAYIR
2026-08-19 09:27:49.701,0.22,0.32,28,0.0,0.0,0.000,-0.0,0,HAYIR,HAYIR
2026-08-19 09:27:49.720,0.21,0.32,28,0.0,0.0,0.000,-0.0,0,HAYIR,HAYIR
2026-08-19 09:27:49.740,0.21,0.32,28,0.0,0.0,0.000,-0.0,0,HAYIR,HAYIR
2026-08-19 09:27:49.760,0.21,0.32,28,0.0,0.0,0.000,-0.0,0,HAYIR,HAYIR
2026-08-19 09:27:49.780,0.21,0.32,28,0.0,0.0,0.000,-0.0,0,HAYIR,HAYIR
2026-08-19 09:27:49.800,0.21,0.32,28,0.0,0.0,0.000,-0.0,0,HAYIR,HAYIR
2026-08-19 09:27:49.820,0.21,0.32,28,0.0,0.0,0.000,-0.0,0,HAYIR,HAYIR
2026-08-19 09:27:49.840,0.21,0.32,28,0.0,0.0,0.000,-0.0,0,HAYIR,HAYIR
2026-08-19 09:27:49.860,0.21,0.32,28,0.0,0.0,0.000,-0.0,0,HAYIR,HAYIR
2026-08-19 09:27:49.880,0.21,0.32,28,0.0,0.0,0.000,-0.0,0,HAYIR,HAYIR
2026-08-19 09:27:49.900,0.21,0.32,28,0.0,0.0,0.000,-0.0,0,HAYIR,HAYIR
2026-08-19 09:27:49.920,0.21,0.32,28,0.0,0.0,0.000,-0.0,0,HAYIR,HAYIR
2026-08-19 09:27:49.940,0.21,0.33,28,0.0,0.0,0.000,-0.0,0,HAYIR,HAYIR
2026-08-19 09:27:49.960,0.21,0.33,28,0.0,0.0,0.000,-0.0,0,HAYIR,HAYIR
2026-08-19 09:27:49.980,0.21,0.33,28,0.0,0.0,0.000,-0.0,0,HAYIR,HAYIR
2026-08-19 09:27:50.000,0.21,0.33,28,0.0,0.0,0.000,-0.0,0,HAYIR,HAYIR
2026-08-19 09:27:50.020,0.20,0.33,28,0.0,0.0,0.000,-0.0,0,HAYIR,HAYIR
2026-08-19 09:27:50.040,0.20,0.33,28,0.0,0.0,0.000,-0.0,0,HAYIR,HAYIR
2026-08-19 09:27:50.061,0.20,0.33,28,0.0,0.0,0.000,-0.0,0,HAYIR,HAYIR
2026-08-19 09:27:50.080,0.20,0.33,28,0.0,0.0,0.000,-0.0,0,HAYIR,HAYIR
2026-08-19 09:27:50.100,0.20,0.33,28,0.0,0.0,0.000,-0.0,0,HAYIR,HAYIR
2026-08-19 09:27:50.120,0.20,0.33,28,0.0,0.0,0.000,-0.0,0,HAYIR,HAYIR
2026-08-19 09:27:50.140,0.20,0.33,28,0.0,0.0,0.000,-0.0,0,HAYIR,HAYIR
2026-08-19 09:27:50.160,0.20,0.33,28,0.0,0.0,0.000,-0.0,0,HAYIR,HAYIR
2026-08-19 09:27:50.180,0.20,0.33,28,0.0,0.0,0.000,-0.0,0,HAYIR,HAYIR
2026-08-19 09:27:50.200,0.20,0.33,28,0.0,0.0,0.000,-0.0,0,HAYIR,HAYIR
2026-08-19 09:27:50.220,0.20,0.33,28,0.0,0.0,0.000,-0.0,0,HAYIR,HAYIR
2026-08-19 09:27:50.240,0.20,0.33,28,0.0,0.0,0.000,-0.0,0,HAYIR,HAYIR
2026-08-19 09:27:50.260,0.20,0.33,28,0.0,0.0,0.000,-0.0,0,HAYIR,HAYIR
2026-08-19 09:27:50.280,0.20,0.33,28,0.0,0.0,0.000,-0.0,0,HAYIR,HAYIR
2026-08-19 09:27:50.300,0.20,0.33,28,0.0,0.0,0.000,-0.0,0,HAYIR,HAYIR
2026-08-19 09:27:50.320,0.19,0.33,28,0.0,0.0,0.000,-0.0,0,HAYIR,HAYIR
2026-08-19 09:27:50.340,0.19,0.33,28,0.0,0.0,0.000,-0.0,0,HAYIR,HAYIR
2026-08-19 09:27:50.360,0.19,0.33,28,0.0,0.0,0.000,-0.0,0,HAYIR,HAYIR
2026-08-19 09:27:50.380,0.19,0.33,28,0.0,0.0,0.000,-0.0,0,HAYIR,HAYIR
2026-08-19 09:27:50.400,0.19,0.33,28,0.0,0.0,0.000,-0.0,0,HAYIR,HAYIR
2026-08-19 09:27:50.420,0.20,0.33,28,0.0,0.0,0.000,-0.0,0,HAYIR,HAYIR
2026-08-19 09:27:50.440,0.20,0.33,28,0.0,0.0,0.000,-0.0,0,HAYIR,HAYIR
2026-08-19 09:27:50.460,0.20,0.33,28,0.0,0.0,0.000,-0.0,0,HAYIR,HAYIR
2026-08-19 09:27:50.480,0.20,0.33,28,0.0,0.0,0.000,-0.0,0,HAYIR,HAYIR
2026-08-19 09:27:50.500,0.20,0.33,28,0.0,0.0,0.000,-0.0,0,HAYIR,HAYIR
2026-08-19 09:27:50.520,0.19,0.33,28,0.0,0.0,0.000,-0.0,0,HAYIR,HAYIR
2026-08-19 09:27:50.540,0.19,0.33,28,0.0,0.0,0.000,-0.0,0,HAYIR,HAYIR
2026-08-19 09:27:50.560,0.19,0.33,28,0.0,0.0,0.000,-0.0,0,HAYIR,HAYIR
2026-08-19 09:27:50.580,0.19,0.33,28,0.0,0.0,0.000,-0.0,0,HAYIR,HAYIR
2026-08-19 09:27:50.600,0.19,0.33,28,0.0,0.0,0.000,-0.0,0,HAYIR,HAYIR
2026-08-19 09:27:50.620,0.19,0.33,28,0.0,0.0,0.000,-0.0,0,HAYIR,HAYIR
2026-08-19 09:27:50.640,0.19,0.33,28,0.0,0.0,0.000,-0.0,0,HAYIR,HAYIR
2026-08-19 09:27:50.660,0.19,0.33,28,0.0,0.0,0.000,-0.0,0,HAYIR,HAYIR
2026-08-19 09:27:50.680,0.18,0.33,28,0.0,0.0,0.000,-0.0,0,HAYIR,HAYIR
2026-08-19 09:27:50.700,0.18,0.33,28,0.0,0.0,0.000,-0.0,0,HAYIR,HAYIR
2026-08-19 09:27:50.720,0.19,0.33,28,0.0,0.0,0.000,-0.0,0,HAYIR,HAYIR
2026-08-19 09:27:50.740,0.19,0.33,28,0.0,0.0,0.000,-0.0,0,HAYIR,HAYIR
2026-08-19 09:27:50.760,0.19,0.33,28,0.0,0.0,0.000,-0.0,0,HAYIR,HAYIR
2026-08-19 09:27:50.780,0.19,0.33,28,0.0,0.0,0.000,-0.0,0,HAYIR,HAYIR
2026-08-19 09:27:50.800,0.19,0.33,28,0.0,0.0,0.000,-0.0,0,HAYIR,HAYIR
2026-08-19 09:27:50.820,0.19,0.33,28,0.0,0.0,0.000,-0.0,0,HAYIR,HAYIR
2026-08-19 09:27:50.840,0.19,0.33,28,0.0,0.0,0.000,-0.0,0,HAYIR,HAYIR
2026-08-19 09:27:50.860,0.19,0.33,28,0.0,0.0,0.000,-0.0,0,HAYIR,HAYIR
2026-08-19 09:27:50.880,0.19,0.33,28,0.0,0.0,0.000,-0.0,0,HAYIR,HAYIR
2026-08-19 09:27:50.900,0.19,0.33,28,0.0,0.0,0.000,-0.0,0,HAYIR,HAYIR
2026-08-19 09:27:50.920,0.18,0.33,28,0.0,0.0,0.000,-0.0,0,HAYIR,HAYIR
2026-08-19 09:27:50.940,0.18,0.33,28,0.0,0.0,0.000,-0.0,0,HAYIR,HAYIR
2026-08-19 09:27:50.960,0.18,0.33,28,0.0,0.0,0.000,-0.0,0,HAYIR,HAYIR
2026-08-19 09:27:50.980,0.18,0.33,28,0.0,0.0,0.000,-0.0,0,HAYIR,HAYIR
2026-08-19 09:27:51.000,0.18,0.33,28,0.0,0.0,0.000,-0.0,0,HAYIR,HAYIR
2026-08-19 09:27:51.020,0.17,0.33,28,0.0,0.0,0.000,-0.0,0,HAYIR,HAYIR
2026-08-19 09:27:51.040,0.17,0.33,28,0.0,0.0,0.000,-0.0,0,HAYIR,HAYIR
2026-08-19 09:27:51.060,0.17,0.33,28,0.0,0.0,0.000,-0.0,0,HAYIR,HAYIR
2026-08-19 09:27:51.080,0.17,0.33,28,0.0,0.0,0.000,-0.0,0,HAYIR,HAYIR
2026-08-19 09:27:51.101,0.17,0.33,28,0.0,0.0,0.000,-0.0,0,HAYIR,HAYIR
2026-08-19 09:27:51.120,0.18,0.33,28,0.0,0.0,0.000,-0.0,0,HAYIR,HAYIR
2026-08-19 09:27:51.140,0.18,0.33,28,0.0,0.0,0.000,-0.0,0,HAYIR,HAYIR
2026-08-19 09:27:51.160,0.18,0.33,28,0.0,0.0,0.000,-0.0,0,HAYIR,HAYIR
2026-08-19 09:27:51.180,0.18,0.33,28,0.0,0.0,0.000,-0.0,0,HAYIR,HAYIR
2026-08-19 09:27:51.200,0.18,0.33,28,0.0,0.0,0.000,-0.0,0,HAYIR,HAYIR
2026-08-19 09:27:51.220,0.18,0.33,28,0.0,0.0,0.000,-0.0,0,HAYIR,HAYIR
2026-08-19 09:27:51.240,0.18,0.33,28,0.0,0.0,0.000,-0.0,0,HAYIR,HAYIR
2026-08-19 09:27:51.260,0.18,0.33,28,0.0,0.0,0.000,-0.0,0,HAYIR,HAYIR
2026-08-19 09:27:51.280,0.18,0.33,28,0.0,0.0,0.000,-0.0,0,HAYIR,HAYIR
2026-08-19 09:27:51.300,0.18,0.33,28,0.0,0.0,0.000,-0.0,0,HAYIR,HAYIR
2026-08-19 09:27:51.320,0.17,0.33,28,0.0,0.0,0.000,-0.0,0,HAYIR,HAYIR
2026-08-19 09:27:51.340,0.17,0.33,28,0.0,0.0,0.000,-0.0,0,HAYIR,HAYIR
2026-08-19 09:27:51.360,0.17,0.33,28,0.0,0.0,0.000,-0.0,0,HAYIR,HAYIR
2026-08-19 09:27:51.380,0.17,0.33,28,0.0,0.0,0.000,-0.0,0,HAYIR,HAYIR
2026-08-19 09:27:51.400,0.17,0.33,28,0.0,0.0,0.000,-0.0,0,HAYIR,HAYIR
2026-08-19 09:27:51.420,0.17,0.33,28,0.0,0.0,0.000,-0.0,0,HAYIR,HAYIR
2026-08-19 09:27:51.440,0.17,0.33,28,0.0,0.0,0.000,-0.0,0,HAYIR,HAYIR
2026-08-19 09:27:51.460,0.17,0.33,28,0.0,0.0,0.000,-0.0,0,HAYIR,HAYIR
2026-08-19 09:27:51.480,0.17,0.33,28,0.0,0.0,0.000,-0.0,0,HAYIR,HAYIR
2026-08-19 09:27:51.500,0.17,0.33,28,0.0,0.0,0.000,-0.0,0,HAYIR,HAYIR
2026-08-19 09:27:51.520,0.17,0.33,28,0.0,0.0,0.000,-0.0,0,HAYIR,HAYIR
2026-08-19 09:27:51.540,0.17,0.33,28,0.0,0.0,0.000,-0.0,0,HAYIR,HAYIR
2026-08-19 09:27:51.560,0.17,0.33,28,0.0,0.0,0.000,-0.0,0,HAYIR,HAYIR
2026-08-19 09:27:51.580,0.17,0.33,28,0.0,0.0,0.000,-0.0,0,HAYIR,HAYIR
2026-08-19 09:27:51.600,0.17,0.34,28,0.0,0.0,0.000,-0.0,0,HAYIR,HAYIR
2026-08-19 09:27:51.620,0.17,0.34,28,0.0,0.0,0.000,-0.0,0,HAYIR,HAYIR
2026-08-19 09:27:51.640,0.17,0.34,28,0.0,0.0,0.000,-0.0,0,HAYIR,HAYIR
2026-08-19 09:27:51.660,0.17,0.34,28,0.0,0.0,0.000,-0.0,0,HAYIR,HAYIR
2026-08-19 09:27:51.680,0.16,0.34,28,0.0,0.0,0.000,-0.0,0,HAYIR,HAYIR
2026-08-19 09:27:51.700,0.16,0.34,28,0.0,0.0,0.000,-0.0,0,HAYIR,HAYIR
2026-08-19 09:27:51.720,0.16,0.34,28,0.0,0.0,0.000,-0.0,0,HAYIR,HAYIR
2026-08-19 09:27:51.740,0.16,0.34,28,0.0,0.0,0.000,-0.0,0,HAYIR,HAYIR
2026-08-19 09:27:51.760,0.16,0.34,28,0.0,0.0,0.000,-0.0,0,HAYIR,HAYIR
2026-08-19 09:27:51.780,0.16,0.34,28,0.0,0.0,0.000,-0.0,0,HAYIR,HAYIR
2026-08-19 09:27:51.800,0.16,0.34,28,0.0,0.0,0.000,-0.0,0,HAYIR,HAYIR
2026-08-19 09:27:51.820,0.16,0.34,28,0.0,0.0,0.000,-0.0,0,HAYIR,HAYIR
2026-08-19 09:27:51.840,0.16,0.34,28,0.0,0.0,0.000,-0.0,0,HAYIR,HAYIR
2026-08-19 09:27:51.860,0.16,0.34,28,0.0,0.0,0.000,-0.0,0,HAYIR,HAYIR
2026-08-19 09:27:51.880,0.16,0.34,28,0.0,0.0,0.000,-0.0,0,HAYIR,HAYIR
2026-08-19 09:27:51.900,0.16,0.34,28,0.0,0.0,0.000,-0.0,0,HAYIR,HAYIR
2026-08-19 09:27:51.920,0.16,0.35,28,0.0,0.0,0.000,-0.0,0,HAYIR,HAYIR
2026-08-19 09:27:51.940,0.16,0.35,28,0.0,0.0,0.000,-0.0,0,HAYIR,HAYIR
2026-08-19 09:27:51.960,0.16,0.35,28,0.0,0.0,0.000,-0.0,0,HAYIR,HAYIR
2026-08-19 09:27:51.980,0.16,0.35,28,0.0,0.0,0.000,-0.0,0,HAYIR,HAYIR
2026-08-19 09:27:52.000,0.16,0.35,28,0.0,0.0,0.000,-0.0,0,HAYIR,HAYIR
2026-08-19 09:27:52.020,0.15,0.35,28,0.0,0.0,0.000,-0.0,0,HAYIR,HAYIR
2026-08-19 09:27:52.040,0.15,0.35,28,0.0,0.0,0.000,-0.0,0,HAYIR,HAYIR
2026-08-19 09:27:52.060,0.15,0.35,28,0.0,0.0,0.000,-0.0,0,HAYIR,HAYIR
2026-08-19 09:27:52.080,0.15,0.35,28,0.0,0.0,0.000,-0.0,0,HAYIR,HAYIR
2026-08-19 09:27:52.100,0.15,0.35,28,0.0,0.0,0.000,-0.0,0,HAYIR,HAYIR
2026-08-19 09:27:52.120,0.15,0.35,28,0.0,0.0,0.000,-0.0,0,HAYIR,HAYIR
2026-08-19 09:27:52.140,0.15,0.35,28,0.0,0.0,0.000,-0.0,0,HAYIR,HAYIR
2026-08-19 09:27:52.160,0.15,0.35,28,0.0,0.0,0.000,-0.0,0,HAYIR,HAYIR
2026-08-19 09:27:52.180,0.15,0.35,28,0.0,0.0,0.000,-0.0,0,HAYIR,HAYIR
2026-08-19 09:27:52.200,0.15,0.35,28,0.0,0.0,0.000,-0.0,0,HAYIR,HAYIR
2026-08-19 09:27:52.220,0.15,0.35,28,0.0,0.0,0.000,-0.0,0,HAYIR,HAYIR
2026-08-19 09:27:52.240,0.15,0.35,28,0.0,0.0,0.000,-0.0,0,HAYIR,HAYIR
2026-08-19 09:27:52.260,0.15,0.34,28,0.0,0.0,0.000,-0.0,0,HAYIR,HAYIR
2026-08-19 09:27:52.280,0.15,0.34,28,0.0,0.0,0.000,-0.0,0,HAYIR,HAYIR
2026-08-19 09:27:52.300,0.15,0.34,28,0.0,0.0,0.000,-0.0,0,HAYIR,HAYIR
2026-08-19 09:27:52.320,0.14,0.34,28,0.0,0.0,0.000,-0.0,0,HAYIR,HAYIR
2026-08-19 09:27:52.340,0.14,0.34,28,0.0,0.0,0.000,-0.0,0,HAYIR,HAYIR
2026-08-19 09:27:52.360,0.14,0.34,28,0.0,0.0,0.000,-0.0,0,HAYIR,HAYIR
2026-08-19 09:27:52.380,0.14,0.34,28,0.0,0.0,0.000,-0.0,0,HAYIR,HAYIR
2026-08-19 09:27:52.400,0.14,0.34,28,0.0,0.0,0.000,-0.0,0,HAYIR,HAYIR
2026-08-19 09:27:52.420,0.15,0.34,28,0.0,0.0,0.000,-0.0,0,HAYIR,HAYIR
2026-08-19 09:27:52.440,0.15,0.34,28,0.0,0.0,0.000,-0.0,0,HAYIR,HAYIR
2026-08-19 09:27:52.460,0.15,0.34,28,0.0,0.0,0.000,-0.0,0,HAYIR,HAYIR
2026-08-19 09:27:52.480,0.15,0.34,28,0.0,0.0,0.000,-0.0,0,HAYIR,HAYIR
2026-08-19 09:27:52.500,0.15,0.34,28,0.0,0.0,0.000,-0.0,0,HAYIR,HAYIR
2026-08-19 09:27:52.520,0.15,0.34,28,0.0,0.0,0.000,-0.0,0,HAYIR,HAYIR
2026-08-19 09:27:52.540,0.15,0.34,28,0.0,0.0,0.000,-0.0,0,HAYIR,HAYIR
2026-08-19 09:27:52.560,0.15,0.34,28,0.0,0.0,0.000,-0.0,0,HAYIR,HAYIR
2026-08-19 09:27:52.580,0.15,0.34,28,0.0,0.0,0.000,-0.0,0,HAYIR,HAYIR
2026-08-19 09:27:52.600,0.15,0.34,28,0.0,0.0,0.000,-0.0,0,HAYIR,HAYIR
2026-08-19 09:27:52.620,0.14,0.34,28,0.0,0.0,0.000,-0.0,0,HAYIR,HAYIR
2026-08-19 09:27:52.640,0.14,0.32,28,0.0,0.0,0.000,-0.0,0,HAYIR,HAYIR
2026-08-19 09:27:52.660,0.14,0.32,28,0.0,0.0,0.000,-0.0,0,HAYIR,HAYIR
2026-08-19 09:27:52.681,0.14,0.32,28,0.0,0.0,0.000,-0.0,0,HAYIR,HAYIR
2026-08-19 09:27:52.700,0.14,0.32,28,0.0,0.0,0.000,-0.0,0,HAYIR,HAYIR
2026-08-19 09:27:52.720,0.14,0.32,28,0.0,0.0,0.000,-0.0,0,HAYIR,HAYIR
2026-08-19 09:27:52.740,0.14,0.32,28,0.0,0.0,0.000,-0.0,0,HAYIR,HAYIR
2026-08-19 09:27:52.760,0.14,0.32,28,0.0,0.0,0.000,-0.0,0,HAYIR,HAYIR
2026-08-19 09:27:52.780,0.14,0.32,28,0.0,0.0,0.000,-0.0,0,HAYIR,HAYIR
2026-08-19 09:27:52.800,0.14,0.32,28,0.0,0.0,0.000,-0.0,0,HAYIR,HAYIR
2026-08-19 09:27:52.820,0.14,0.32,28,0.0,0.0,0.000,-0.0,0,HAYIR,HAYIR
2026-08-19 09:27:52.840,0.14,0.32,28,0.0,0.0,0.000,-0.0,0,HAYIR,HAYIR
2026-08-19 09:27:52.860,0.14,0.32,28,0.0,0.0,0.000,-0.0,0,HAYIR,HAYIR
2026-08-19 09:27:52.881,0.14,0.32,28,0.0,0.0,0.000,-0.0,0,HAYIR,HAYIR
2026-08-19 09:27:52.900,0.14,0.32,28,0.0,0.0,0.000,-0.0,0,HAYIR,HAYIR
2026-08-19 09:27:52.920,0.14,0.32,28,0.0,0.0,0.000,-0.0,0,HAYIR,HAYIR
2026-08-19 09:27:52.940,0.14,0.32,28,0.0,0.0,0.000,-0.0,0,HAYIR,HAYIR
2026-08-19 09:27:52.960,0.14,0.31,28,0.0,0.0,0.000,-0.0,0,HAYIR,HAYIR
2026-08-19 09:27:52.980,0.14,0.31,28,0.0,0.0,0.000,-0.0,0,HAYIR,HAYIR
2026-08-19 09:27:53.000,0.14,0.31,28,0.0,0.0,0.000,-0.0,0,HAYIR,HAYIR
2026-08-19 09:27:53.020,0.13,0.31,28,0.0,0.0,0.000,-0.0,0,HAYIR,HAYIR
2026-08-19 09:27:53.040,0.13,0.31,28,0.0,0.0,0.000,-0.0,0,HAYIR,HAYIR
2026-08-19 09:27:53.060,0.13,0.31,28,0.0,0.0,0.000,-0.0,0,HAYIR,HAYIR
2026-08-19 09:27:53.080,0.13,0.31,28,0.0,0.0,0.000,-0.0,0,HAYIR,HAYIR
2026-08-19 09:27:53.100,0.13,0.31,28,0.0,0.0,0.000,-0.0,0,HAYIR,HAYIR
2026-08-19 09:27:53.120,0.13,0.31,28,0.0,0.0,0.000,-0.0,0,HAYIR,HAYIR
2026-08-19 09:27:53.140,0.13,0.31,28,0.0,0.0,0.000,-0.0,0,HAYIR,HAYIR
2026-08-19 09:27:53.160,0.13,0.31,28,0.0,0.0,0.000,-0.0,0,HAYIR,HAYIR
2026-08-19 09:27:53.180,0.13,0.31,28,0.0,0.0,0.000,-0.0,0,HAYIR,HAYIR
2026-08-19 09:27:53.200,0.13,0.31,28,0.0,0.0,0.000,-0.0,0,HAYIR,HAYIR
2026-08-19 09:27:53.220,0.13,0.31,28,0.0,0.0,0.000,-0.0,0,HAYIR,HAYIR
2026-08-19 09:27:53.240,0.13,0.31,28,0.0,0.0,0.000,-0.0,0,HAYIR,HAYIR
2026-08-19 09:27:53.260,0.13,0.31,28,0.0,0.0,0.000,-0.0,0,HAYIR,HAYIR
2026-08-19 09:27:53.280,0.13,0.31,28,0.0,0.0,0.000,-0.0,0,HAYIR,HAYIR
2026-08-19 09:27:53.300,0.13,0.31,28,0.0,0.0,0.000,-0.0,0,HAYIR,HAYIR
2026-08-19 09:27:53.320,0.13,0.31,28,0.0,0.0,0.000,-0.0,0,HAYIR,HAYIR
2026-08-19 09:27:53.340,0.13,0.31,28,0.0,0.0,0.000,-0.0,0,HAYIR,HAYIR
2026-08-19 09:27:53.360,0.13,0.31,28,0.0,0.0,0.000,-0.0,0,HAYIR,HAYIR
2026-08-19 09:27:53.380,0.13,0.31,28,0.0,0.0,0.000,-0.0,0,HAYIR,HAYIR
2026-08-19 09:27:53.400,0.13,0.31,28,0.0,0.0,0.000,-0.0,0,HAYIR,HAYIR
2026-08-19 09:27:53.420,0.13,0.31,28,0.0,0.0,0.000,-0.0,0,HAYIR,HAYIR
2026-08-19 09:27:53.440,0.13,0.31,28,0.0,0.0,0.000,-0.0,0,HAYIR,HAYIR
2026-08-19 09:27:53.460,0.13,0.31,28,0.0,0.0,0.000,-0.0,0,HAYIR,HAYIR
2026-08-19 09:27:53.481,0.13,0.31,28,0.0,0.0,0.000,-0.0,0,HAYIR,HAYIR
2026-08-19 09:27:53.500,0.13,0.31,28,0.0,0.0,0.000,-0.0,0,HAYIR,HAYIR
2026-08-19 09:27:53.520,0.13,0.31,28,0.0,0.0,0.000,-0.0,0,HAYIR,HAYIR
2026-08-19 09:27:53.540,0.13,0.31,28,0.0,0.0,0.000,-0.0,0,HAYIR,HAYIR
2026-08-19 09:27:53.560,0.13,0.31,28,0.0,0.0,0.000,-0.0,0,HAYIR,HAYIR
2026-08-19 09:27:53.580,0.13,0.31,28,0.0,0.0,0.000,-0.0,0,HAYIR,HAYIR
2026-08-19 09:27:53.600,0.13,0.31,28,0.0,0.0,0.000,-0.0,0,HAYIR,HAYIR
2026-08-19 09:27:53.620,0.12,0.31,28,0.0,0.0,0.000,-0.0,0,HAYIR,HAYIR
2026-08-19 09:27:53.640,0.12,0.31,28,0.0,0.0,0.000,-0.0,0,HAYIR,HAYIR
2026-08-19 09:27:53.660,0.12,0.31,28,0.0,0.0,0.000,-0.0,0,HAYIR,HAYIR
2026-08-19 09:27:53.680,0.12,0.31,28,0.0,0.0,0.000,-0.0,0,HAYIR,HAYIR
2026-08-19 09:27:53.700,0.12,0.31,28,0.0,0.0,0.000,-0.0,0,HAYIR,HAYIR
2026-08-19 09:27:53.720,0.12,0.31,28,0.0,0.0,0.000,-0.0,0,HAYIR,HAYIR
2026-08-19 09:27:53.740,0.12,0.31,28,0.0,0.0,0.000,-0.0,0,HAYIR,HAYIR
2026-08-19 09:27:53.760,0.12,0.31,28,0.0,0.0,0.000,-0.0,0,HAYIR,HAYIR
2026-08-19 09:27:53.780,0.12,0.31,28,0.0,0.0,0.000,-0.0,0,HAYIR,HAYIR
2026-08-19 09:27:53.800,0.12,0.31,28,0.0,0.0,0.000,-0.0,0,HAYIR,HAYIR
2026-08-19 09:27:53.820,0.12,0.31,28,0.0,0.0,0.000,-0.0,0,HAYIR,HAYIR
2026-08-19 09:27:53.841,0.12,0.31,28,0.0,0.0,0.000,-0.0,0,HAYIR,HAYIR
2026-08-19 09:27:53.860,0.12,0.31,28,0.0,0.0,0.000,-0.0,0,HAYIR,HAYIR
2026-08-19 09:27:53.880,0.12,0.31,28,0.0,0.0,0.000,-0.0,0,HAYIR,HAYIR
2026-08-19 09:27:53.900,0.12,0.31,28,0.0,0.0,0.000,-0.0,0,HAYIR,HAYIR
2026-08-19 09:27:53.920,0.12,0.30,28,0.0,0.0,0.000,-0.0,0,HAYIR,HAYIR
2026-08-19 09:27:53.940,0.12,0.30,28,0.0,0.0,0.000,-0.0,0,HAYIR,HAYIR
2026-08-19 09:27:53.960,0.12,0.30,28,0.0,0.0,0.000,-0.0,0,HAYIR,HAYIR
2026-08-19 09:27:53.980,0.12,0.30,28,0.0,0.0,0.000,-0.0,0,HAYIR,HAYIR
2026-08-19 09:27:54.000,0.12,0.30,28,0.0,0.0,0.000,-0.0,0,HAYIR,HAYIR
2026-08-19 09:27:54.020,0.11,0.30,28,0.0,0.0,0.000,-0.0,0,HAYIR,HAYIR
2026-08-19 09:27:54.040,0.11,0.30,28,0.0,0.0,0.000,-0.0,0,HAYIR,HAYIR
2026-08-19 09:27:54.060,0.11,0.30,28,0.0,0.0,0.000,-0.0,0,HAYIR,HAYIR
2026-08-19 09:27:54.080,0.11,0.30,28,0.0,0.0,0.000,-0.0,0,HAYIR,HAYIR
2026-08-19 09:27:54.100,0.11,0.30,28,0.0,0.0,0.000,-0.0,0,HAYIR,HAYIR
2026-08-19 09:27:54.120,0.11,0.30,28,0.0,0.0,0.000,-0.0,0,HAYIR,HAYIR
2026-08-19 09:27:54.140,0.11,0.30,28,0.0,0.0,0.000,-0.0,0,HAYIR,HAYIR
2026-08-19 09:27:54.160,0.11,0.30,28,0.0,0.0,0.000,-0.0,0,HAYIR,HAYIR
2026-08-19 09:27:54.180,0.11,0.30,28,0.0,0.0,0.000,-0.0,0,HAYIR,HAYIR
2026-08-19 09:27:54.200,0.11,0.30,28,0.0,0.0,0.000,-0.0,0,HAYIR,HAYIR
2026-08-19 09:27:54.220,0.11,0.30,28,0.0,0.0,0.000,-0.0,0,HAYIR,HAYIR
2026-08-19 09:27:54.240,0.11,0.30,28,0.0,0.0,0.000,-0.0,0,HAYIR,HAYIR
2026-08-19 09:27:54.260,0.11,0.30,28,0.0,0.0,0.000,-0.0,0,HAYIR,HAYIR
2026-08-19 09:27:54.281,0.11,0.30,28,0.0,0.0,0.000,-0.0,0,HAYIR,HAYIR
2026-08-19 09:27:54.300,0.11,0.29,28,0.0,0.0,0.000,-0.0,0,HAYIR,HAYIR
2026-08-19 09:27:54.320,0.11,0.29,28,0.0,0.0,0.000,-0.0,0,HAYIR,HAYIR
2026-08-19 09:27:54.340,0.11,0.29,28,0.0,0.0,0.000,-0.0,0,HAYIR,HAYIR
2026-08-19 09:27:54.360,0.11,0.29,28,0.0,0.0,0.000,-0.0,0,HAYIR,HAYIR
2026-08-19 09:27:54.380,0.10,0.29,28,0.0,0.0,0.000,-0.0,0,HAYIR,HAYIR
2026-08-19 09:27:54.400,0.10,0.29,28,0.0,0.0,0.000,-0.0,0,HAYIR,HAYIR
2026-08-19 09:27:54.420,0.10,0.29,28,0.0,0.0,0.000,-0.0,0,HAYIR,HAYIR
2026-08-19 09:27:54.440,0.10,0.29,28,0.0,0.0,0.000,-0.0,0,HAYIR,HAYIR
2026-08-19 09:27:54.460,0.10,0.29,28,0.0,0.0,0.000,-0.0,0,HAYIR,HAYIR
2026-08-19 09:27:54.480,0.10,0.29,28,0.0,0.0,0.000,-0.0,0,HAYIR,HAYIR
2026-08-19 09:27:54.500,0.10,0.29,28,0.0,0.0,0.000,-0.0,0,HAYIR,HAYIR
2026-08-19 09:27:54.520,0.11,0.29,28,0.0,0.0,0.000,-0.0,0,HAYIR,HAYIR
2026-08-19 09:27:54.540,0.11,0.29,28,0.0,0.0,0.000,-0.0,0,HAYIR,HAYIR
2026-08-19 09:27:54.560,0.11,0.29,28,0.0,0.0,0.000,-0.0,0,HAYIR,HAYIR
2026-08-19 09:27:54.580,0.11,0.29,28,0.0,0.0,0.000,-0.0,0,HAYIR,HAYIR
2026-08-19 09:27:54.600,0.11,0.29,28,0.0,0.0,0.000,-0.0,0,HAYIR,HAYIR
2026-08-19 09:27:54.620,0.10,0.29,28,0.0,0.0,0.000,-0.0,0,HAYIR,HAYIR
2026-08-19 09:27:54.640,0.10,0.29,28,0.0,0.0,0.000,-0.0,0,HAYIR,HAYIR
2026-08-19 09:27:54.660,0.10,0.29,28,0.0,0.0,0.000,-0.0,0,HAYIR,HAYIR
2026-08-19 09:27:54.680,0.10,0.29,28,0.0,0.0,0.000,-0.0,0,HAYIR,HAYIR
2026-08-19 09:27:54.700,0.10,0.29,28,0.0,0.0,0.000,-0.0,0,HAYIR,HAYIR
2026-08-19 09:27:54.720,0.13,0.29,28,0.0,0.0,0.000,-0.0,0,HAYIR,HAYIR
2026-08-19 09:27:54.741,0.13,0.29,28,0.0,0.0,0.000,-0.0,0,HAYIR,HAYIR
2026-08-19 09:27:54.760,0.13,0.29,28,0.0,0.0,0.000,-0.0,0,HAYIR,HAYIR
2026-08-19 09:27:54.780,0.15,0.29,28,0.0,0.0,0.000,-0.0,0,HAYIR,HAYIR
2026-08-19 09:27:54.800,0.15,0.29,28,0.0,0.0,0.000,-0.0,0,HAYIR,HAYIR
2026-08-19 09:27:54.820,0.18,0.29,28,0.0,0.0,0.000,-0.0,0,HAYIR,HAYIR
2026-08-19 09:27:54.840,0.18,0.29,28,0.0,0.0,0.000,-0.0,0,HAYIR,HAYIR
2026-08-19 09:27:54.860,0.18,0.29,28,0.0,0.0,0.000,-0.0,0,HAYIR,HAYIR
2026-08-19 09:27:54.880,0.20,0.29,28,0.0,0.0,0.000,-0.0,0,HAYIR,HAYIR
2026-08-19 09:27:54.900,0.20,0.29,28,0.0,0.0,0.000,-0.0,0,HAYIR,HAYIR
2026-08-19 09:27:54.920,0.23,0.29,28,0.0,0.0,0.000,-0.0,0,HAYIR,HAYIR
2026-08-19 09:27:54.940,0.23,0.28,28,0.0,0.0,0.000,-0.0,0,HAYIR,HAYIR
2026-08-19 09:27:54.960,0.23,0.28,28,0.0,0.0,0.000,-0.0,0,HAYIR,HAYIR
2026-08-19 09:27:54.980,0.25,0.28,28,0.0,0.0,0.000,-0.0,0,HAYIR,HAYIR
2026-08-19 09:27:55.000,0.25,0.28,28,0.0,0.0,0.000,-0.0,0,HAYIR,HAYIR
2026-08-19 09:27:55.020,0.28,0.28,28,0.0,0.0,0.000,-0.0,0,HAYIR,HAYIR
2026-08-19 09:27:55.040,0.28,0.28,28,0.0,0.0,0.000,-0.0,0,HAYIR,HAYIR
2026-08-19 09:27:55.060,0.28,0.28,28,0.0,0.0,0.000,-0.0,0,HAYIR,HAYIR
2026-08-19 09:27:55.080,0.30,0.28,28,0.0,0.0,0.000,-0.0,0,HAYIR,HAYIR
2026-08-19 09:27:55.101,0.30,0.28,28,0.0,0.0,0.000,-0.0,0,HAYIR,HAYIR
2026-08-19 09:27:55.120,0.33,0.28,28,0.0,0.0,0.000,-0.0,0,HAYIR,HAYIR
2026-08-19 09:27:55.140,0.33,0.28,28,0.0,0.0,0.000,-0.0,0,HAYIR,HAYIR
2026-08-19 09:27:55.160,0.33,0.28,28,0.0,0.0,0.000,-0.0,0,HAYIR,HAYIR
2026-08-19 09:27:55.180,0.35,0.28,28,0.0,0.0,0.000,-0.0,0,HAYIR,HAYIR
2026-08-19 09:27:55.200,0.35,0.28,28,0.0,0.0,0.000,-0.0,0,HAYIR,HAYIR
2026-08-19 09:27:55.220,0.38,0.28,28,0.0,0.0,0.000,-0.0,0,HAYIR,HAYIR
2026-08-19 09:27:55.241,0.38,0.28,28,0.0,0.0,0.000,-0.0,0,HAYIR,HAYIR
2026-08-19 09:27:55.260,0.38,0.28,28,0.0,0.0,0.000,-0.0,0,HAYIR,HAYIR
2026-08-19 09:27:55.281,0.40,0.28,28,0.0,0.0,0.000,-0.0,0,HAYIR,HAYIR
2026-08-19 09:27:55.300,0.40,0.28,28,0.0,0.0,0.000,-0.0,0,HAYIR,HAYIR
2026-08-19 09:27:55.320,0.43,0.28,28,0.0,0.0,0.000,-0.0,0,HAYIR,HAYIR
2026-08-19 09:27:55.340,0.43,0.28,28,0.0,0.0,0.000,-0.0,0,HAYIR,HAYIR
2026-08-19 09:27:55.360,0.43,0.28,28,0.0,0.0,0.000,-0.0,0,HAYIR,HAYIR
2026-08-19 09:27:55.380,0.45,0.28,28,0.0,0.0,0.000,-0.0,0,HAYIR,HAYIR
2026-08-19 09:27:55.400,0.45,0.28,28,0.0,0.0,0.000,-0.0,0,HAYIR,HAYIR
2026-08-19 09:27:55.420,0.48,0.28,28,0.0,0.0,0.000,-0.0,0,HAYIR,HAYIR
2026-08-19 09:27:55.440,0.48,0.28,28,0.0,0.0,0.000,-0.0,0,HAYIR,HAYIR
2026-08-19 09:27:55.460,0.48,0.28,28,0.0,0.0,0.000,-0.0,0,HAYIR,HAYIR
2026-08-19 09:27:55.480,0.50,0.28,28,0.0,0.0,0.000,-0.0,0,HAYIR,HAYIR
2026-08-19 09:27:55.500,0.50,0.28,28,0.0,0.0,0.000,-0.0,0,HAYIR,HAYIR
2026-08-19 09:27:55.520,0.53,0.28,28,0.0,0.0,0.000,-0.0,0,HAYIR,HAYIR
2026-08-19 09:27:55.540,0.53,0.28,28,0.0,0.0,0.000,-0.0,0,HAYIR,HAYIR
2026-08-19 09:27:55.560,0.53,0.28,28,0.0,0.0,0.000,-0.0,0,HAYIR,HAYIR
2026-08-19 09:27:55.580,0.55,0.28,28,0.0,0.0,0.000,-0.0,0,HAYIR,HAYIR
2026-08-19 09:27:55.600,0.55,0.28,28,0.0,0.0,0.000,-0.0,0,HAYIR,HAYIR
2026-08-19 09:27:55.620,0.58,0.28,28,0.0,0.0,0.000,-0.0,0,HAYIR,HAYIR
2026-08-19 09:27:55.640,0.58,0.28,28,0.0,0.0,0.000,-0.0,0,HAYIR,HAYIR
2026-08-19 09:27:55.660,0.58,0.28,28,0.0,0.0,0.000,-0.0,0,HAYIR,HAYIR
2026-08-19 09:27:55.680,0.60,0.28,28,0.0,0.0,0.000,-0.0,0,HAYIR,HAYIR
2026-08-19 09:27:55.700,0.60,0.28,28,0.0,0.0,0.000,-0.0,0,HAYIR,HAYIR
2026-08-19 09:27:55.720,0.60,0.28,28,0.0,0.0,0.000,-0.0,0,HAYIR,HAYIR
2026-08-19 09:27:55.740,0.60,0.28,28,0.0,0.0,0.000,-0.0,0,HAYIR,HAYIR
2026-08-19 09:27:55.760,0.60,0.28,28,0.0,0.0,0.000,-0.0,0,HAYIR,HAYIR
2026-08-19 09:27:55.780,0.60,0.28,28,0.0,0.0,0.000,-0.0,0,HAYIR,HAYIR
2026-08-19 09:27:55.800,0.60,0.28,28,0.0,0.0,0.000,-0.0,0,HAYIR,HAYIR
2026-08-19 09:27:55.820,0.57,0.28,28,0.0,0.0,0.000,-0.0,0,HAYIR,HAYIR
2026-08-19 09:27:55.840,0.57,0.28,28,0.0,0.0,0.000,-0.0,0,HAYIR,HAYIR
2026-08-19 09:27:55.860,0.57,0.28,28,0.0,0.0,0.000,-0.0,0,HAYIR,HAYIR
2026-08-19 09:27:55.880,0.55,0.28,28,0.0,0.0,0.000,-0.0,0,HAYIR,HAYIR
2026-08-19 09:27:55.900,0.55,0.28,28,0.0,0.0,0.000,-0.0,0,HAYIR,HAYIR
2026-08-19 09:27:55.920,0.52,0.28,28,0.0,0.0,0.000,-0.0,0,HAYIR,HAYIR
2026-08-19 09:27:55.940,0.52,0.28,28,0.0,0.0,0.000,-0.0,0,HAYIR,HAYIR
2026-08-19 09:27:55.960,0.52,0.28,28,0.0,0.0,0.000,-0.0,0,HAYIR,HAYIR
2026-08-19 09:27:55.980,0.50,0.28,28,0.0,0.0,0.000,-0.0,0,HAYIR,HAYIR
2026-08-19 09:27:56.000,0.50,0.28,28,0.0,0.0,0.000,-0.0,0,HAYIR,HAYIR
2026-08-19 09:27:56.020,0.47,0.28,28,0.0,0.0,0.000,-0.0,0,HAYIR,HAYIR
2026-08-19 09:27:56.040,0.47,0.28,28,0.0,0.0,0.000,-0.0,0,HAYIR,HAYIR
2026-08-19 09:27:56.060,0.47,0.28,28,0.0,0.0,0.000,-0.0,0,HAYIR,HAYIR
2026-08-19 09:27:56.081,0.45,0.28,28,0.0,0.0,0.000,-0.0,0,HAYIR,HAYIR
2026-08-19 09:27:56.100,0.45,0.28,28,0.0,0.0,0.000,-0.0,0,HAYIR,HAYIR
2026-08-19 09:27:56.120,0.42,0.28,28,0.0,0.0,0.000,-0.0,0,HAYIR,HAYIR
2026-08-19 09:27:56.140,0.42,0.28,28,0.0,0.0,0.000,-0.0,0,HAYIR,HAYIR
2026-08-19 09:27:56.160,0.42,0.28,28,0.0,0.0,0.000,-0.0,0,HAYIR,HAYIR
2026-08-19 09:27:56.180,0.40,0.28,28,0.0,0.0,0.000,-0.0,0,HAYIR,HAYIR
2026-08-19 09:27:56.200,0.40,0.28,28,0.0,0.0,0.000,-0.0,0,HAYIR,HAYIR
2026-08-19 09:27:56.220,0.37,0.28,28,0.0,0.0,0.000,-0.0,0,HAYIR,HAYIR
2026-08-19 09:27:56.240,0.37,0.28,28,0.0,0.0,0.000,-0.0,0,HAYIR,HAYIR
2026-08-19 09:27:56.260,0.37,0.28,28,0.0,0.0,0.000,-0.0,0,HAYIR,HAYIR
2026-08-19 09:27:56.281,0.35,0.27,28,0.0,0.0,0.000,-0.0,0,HAYIR,HAYIR
2026-08-19 09:27:56.301,0.35,0.27,28,0.0,0.0,0.000,-0.0,0,HAYIR,HAYIR
2026-08-19 09:27:56.320,0.32,0.27,28,0.0,0.0,0.000,-0.0,0,HAYIR,HAYIR
2026-08-19 09:27:56.340,0.32,0.27,28,0.0,0.0,0.000,-0.0,0,HAYIR,HAYIR
2026-08-19 09:27:56.360,0.32,0.27,28,0.0,0.0,0.000,-0.0,0,HAYIR,HAYIR
2026-08-19 09:27:56.380,0.30,0.27,28,0.0,0.0,0.000,-0.0,0,HAYIR,HAYIR
2026-08-19 09:27:56.400,0.30,0.27,28,0.0,0.0,0.000,-0.0,0,HAYIR,HAYIR
2026-08-19 09:27:56.420,0.27,0.27,28,0.0,0.0,0.000,-0.0,0,HAYIR,HAYIR
2026-08-19 09:27:56.440,0.27,0.27,28,0.0,0.0,0.000,-0.0,0,HAYIR,HAYIR
2026-08-19 09:27:56.460,0.27,0.27,28,0.0,0.0,0.000,-0.0,0,HAYIR,HAYIR
2026-08-19 09:27:56.481,0.25,0.27,28,0.0,0.0,0.000,-0.0,0,HAYIR,HAYIR
2026-08-19 09:27:56.500,0.25,0.27,28,0.0,0.0,0.000,-0.0,0,HAYIR,HAYIR
2026-08-19 09:27:56.520,0.22,0.27,28,0.0,0.0,0.000,-0.0,0,HAYIR,HAYIR
2026-08-19 09:27:56.540,0.22,0.27,28,0.0,0.0,0.000,-0.0,0,HAYIR,HAYIR
2026-08-19 09:27:56.560,0.22,0.27,28,0.0,0.0,0.000,-0.0,0,HAYIR,HAYIR
2026-08-19 09:27:56.581,0.20,0.27,28,0.0,0.0,0.000,-0.0,0,HAYIR,HAYIR
2026-08-19 09:27:56.600,0.20,0.27,28,0.0,0.0,0.000,-0.0,0,HAYIR,HAYIR
2026-08-19 09:27:56.620,0.17,0.27,28,0.0,0.0,0.000,-0.0,0,HAYIR,HAYIR
2026-08-19 09:27:56.640,0.17,0.27,28,0.0,0.0,0.000,-0.0,0,HAYIR,HAYIR
2026-08-19 09:27:56.660,0.17,0.27,28,0.0,0.0,0.000,-0.0,0,HAYIR,HAYIR
2026-08-19 09:27:56.681,0.15,0.27,28,0.0,0.0,0.000,-0.0,0,HAYIR,HAYIR
2026-08-19 09:27:56.700,0.15,0.27,28,0.0,0.0,0.000,-0.0,0,HAYIR,HAYIR
2026-08-19 09:27:56.720,0.12,0.27,28,0.0,0.0,0.000,-0.0,0,HAYIR,HAYIR
2026-08-19 09:27:56.740,0.12,0.27,28,0.0,0.0,0.000,-0.0,0,HAYIR,HAYIR
2026-08-19 09:27:56.760,0.12,0.27,28,0.0,0.0,0.000,-0.0,0,HAYIR,HAYIR
2026-08-19 09:27:56.780,0.10,0.27,28,0.0,0.0,0.000,-0.0,0,HAYIR,HAYIR
2026-08-19 09:27:56.800,0.10,0.27,28,0.0,0.0,0.000,-0.0,0,HAYIR,HAYIR
2026-08-19 09:27:56.820,0.07,0.27,28,0.0,0.0,0.000,-0.0,0,HAYIR,HAYIR
2026-08-19 09:27:56.840,0.07,0.27,28,0.0,0.0,0.000,-0.0,0,HAYIR,HAYIR
2026-08-19 09:27:56.860,0.07,0.27,28,0.0,0.0,0.000,-0.0,0,HAYIR,HAYIR
2026-08-19 09:27:56.880,0.05,0.27,28,0.0,0.0,0.000,-0.0,0,HAYIR,HAYIR
2026-08-19 09:27:56.900,0.05,0.27,28,0.0,0.0,0.000,-0.0,0,HAYIR,HAYIR
2026-08-19 09:27:56.920,0.02,0.27,28,0.0,0.0,0.000,-0.0,0,HAYIR,HAYIR
2026-08-19 09:27:56.940,0.02,0.27,28,0.0,0.0,0.000,-0.0,0,HAYIR,HAYIR
2026-08-19 09:27:56.960,0.02,0.27,28,0.0,0.0,0.000,-0.0,0,HAYIR,HAYIR
2026-08-19 09:27:56.980,0.00,0.27,0,0.0,0.0,0.000,0.0,0,EVET,HAYIR
2026-08-19 09:27:57.000,0.00,0.27,0,0.0,0.0,0.000,0.0,0,EVET,HAYIR
2026-08-19 09:27:57.020,0.00,0.27,0,0.0,0.0,0.000,0.0,0,EVET,HAYIR
2026-08-19 09:27:57.040,0.00,0.27,0,0.0,0.0,0.000,0.0,0,EVET,HAYIR
2026-08-19 09:27:57.060,0.00,0.27,0,0.0,0.0,0.000,0.0,0,EVET,HAYIR
2026-08-19 09:27:57.080,0.00,0.27,0,0.0,0.0,0.000,0.0,0,EVET,HAYIR
2026-08-19 09:27:57.100,0.00,0.27,0,0.0,0.0,0.000,0.0,0,EVET,HAYIR
2026-08-19 09:27:57.120,0.00,0.27,0,0.0,0.0,0.000,0.0,0,EVET,HAYIR
2026-08-19 09:27:57.140,0.00,0.27,0,0.0,0.0,0.000,0.0,0,EVET,HAYIR
2026-08-19 09:27:57.160,0.00,0.27,0,0.0,0.0,0.000,0.0,0,EVET,HAYIR
2026-08-19 09:27:57.180,0.00,0.27,0,0.0,0.0,0.000,0.0,0,EVET,HAYIR
2026-08-19 09:27:57.200,0.00,0.27,0,0.0,0.0,0.000,0.0,0,EVET,HAYIR
2026-08-19 09:27:57.220,0.00,0.27,0,0.0,0.0,0.000,0.0,0,EVET,HAYIR
2026-08-19 09:27:57.240,0.00,0.27,0,0.0,0.0,0.000,0.0,0,EVET,HAYIR
2026-08-19 09:27:57.260,0.00,0.28,0,0.0,0.0,0.000,0.0,0,EVET,HAYIR
2026-08-19 09:27:57.280,0.00,0.28,0,0.0,0.0,0.000,0.0,0,EVET,HAYIR
2026-08-19 09:27:57.301,0.00,0.28,0,0.0,0.0,0.000,0.0,0,EVET,HAYIR
2026-08-19 09:27:57.321,0.00,0.28,0,0.0,0.0,0.000,0.0,0,EVET,HAYIR
2026-08-19 09:27:57.340,0.00,0.28,0,0.0,0.0,0.000,0.0,0,EVET,HAYIR
2026-08-19 09:27:57.360,0.00,0.28,0,0.0,0.0,0.000,0.0,0,EVET,HAYIR
2026-08-19 09:27:57.380,0.00,0.28,0,0.0,0.0,0.000,0.0,0,EVET,HAYIR
2026-08-19 09:27:57.400,0.00,0.28,0,0.0,0.0,0.000,0.0,0,EVET,HAYIR
2026-08-19 09:27:57.420,0.00,0.28,0,0.0,0.0,0.000,0.0,0,EVET,HAYIR
2026-08-19 09:27:57.440,0.00,0.28,0,0.0,0.0,0.000,0.0,0,EVET,HAYIR
2026-08-19 09:27:57.460,0.00,0.28,0,0.0,0.0,0.000,0.0,0,EVET,HAYIR
2026-08-19 09:27:57.481,0.00,0.28,0,0.0,0.0,0.000,0.0,0,EVET,HAYIR
2026-08-19 09:27:57.500,0.00,0.28,0,0.0,0.0,0.000,0.0,0,EVET,HAYIR
2026-08-19 09:27:57.520,0.00,0.28,0,0.0,0.0,0.000,0.0,0,EVET,HAYIR
2026-08-19 09:27:57.540,0.00,0.28,0,0.0,0.0,0.000,0.0,0,EVET,HAYIR
2026-08-19 09:27:57.560,0.00,0.28,0,0.0,0.0,0.000,0.0,0,EVET,HAYIR
2026-08-19 09:27:57.580,0.00,0.28,0,0.0,0.0,0.000,0.0,0,EVET,HAYIR
2026-08-19 09:27:57.600,0.00,0.28,0,0.0,0.0,0.000,0.0,0,EVET,HAYIR
2026-08-19 09:27:57.620,0.00,0.28,0,0.0,0.0,0.000,0.0,0,EVET,HAYIR
2026-08-19 09:27:57.640,0.00,0.26,0,0.0,0.0,0.000,0.0,0,EVET,HAYIR
2026-08-19 09:27:57.660,0.00,0.26,0,0.0,0.0,0.000,0.0,0,EVET,HAYIR
2026-08-19 09:27:57.680,0.00,0.26,0,0.0,0.0,0.000,0.0,0,EVET,HAYIR
2026-08-19 09:27:57.700,0.00,0.26,0,0.0,0.0,0.000,0.0,0,EVET,HAYIR
2026-08-19 09:27:57.720,0.00,0.26,0,0.0,0.0,0.000,0.0,0,EVET,HAYIR
2026-08-19 09:27:57.740,0.00,0.26,0,0.0,0.0,0.000,0.0,0,EVET,HAYIR
2026-08-19 09:27:57.760,0.00,0.26,0,0.0,0.0,0.000,0.0,0,EVET,HAYIR
2026-08-19 09:27:57.780,0.00,0.26,0,0.0,0.0,0.000,0.0,0,EVET,HAYIR
2026-08-19 09:27:57.800,0.00,0.26,0,0.0,0.0,0.000,0.0,0,EVET,HAYIR
2026-08-19 09:27:57.820,0.00,0.26,0,0.0,0.0,0.000,0.0,0,EVET,HAYIR
2026-08-19 09:27:57.840,0.00,0.26,0,0.0,0.0,0.000,0.0,0,EVET,HAYIR
2026-08-19 09:27:57.860,0.00,0.26,0,0.0,0.0,0.000,0.0,0,EVET,HAYIR
2026-08-19 09:27:57.880,0.00,0.26,0,0.0,0.0,0.000,0.0,0,EVET,HAYIR
2026-08-19 09:27:57.900,0.00,0.26,0,0.0,0.0,0.000,0.0,0,EVET,HAYIR
2026-08-19 09:27:57.920,0.00,0.26,0,0.0,0.0,0.000,0.0,0,EVET,HAYIR
2026-08-19 09:27:57.940,0.00,0.26,0,0.0,0.0,0.000,0.0,0,EVET,HAYIR
2026-08-19 09:27:57.960,0.00,0.24,0,0.0,0.0,0.000,0.0,0,EVET,HAYIR
2026-08-19 09:27:57.980,0.00,0.24,0,0.0,0.0,0.000,0.0,0,EVET,HAYIR
2026-08-19 09:27:58.000,0.00,0.24,0,0.0,0.0,0.000,0.0,0,EVET,HAYIR
2026-08-19 09:27:58.020,0.00,0.24,0,0.0,0.0,0.000,0.0,0,EVET,HAYIR
2026-08-19 09:27:58.040,0.00,0.24,0,0.0,0.0,0.000,0.0,0,EVET,HAYIR
2026-08-19 09:27:58.060,0.00,0.24,0,0.0,0.0,0.000,0.0,0,EVET,HAYIR
2026-08-19 09:27:58.080,0.00,0.24,0,0.0,0.0,0.000,0.0,0,EVET,HAYIR
2026-08-19 09:27:58.100,0.00,0.24,0,0.0,0.0,0.000,0.0,0,EVET,HAYIR
2026-08-19 09:27:58.120,0.00,0.24,0,0.0,0.0,0.000,0.0,0,EVET,HAYIR
2026-08-19 09:27:58.140,0.00,0.24,0,0.0,0.0,0.000,0.0,0,EVET,HAYIR
2026-08-19 09:27:58.160,0.00,0.24,0,0.0,0.0,0.000,0.0,0,EVET,HAYIR
2026-08-19 09:27:58.180,0.00,0.24,0,0.0,0.0,0.000,0.0,0,EVET,HAYIR
2026-08-19 09:27:58.200,0.00,0.24,0,0.0,0.0,0.000,0.0,0,EVET,HAYIR
2026-08-19 09:27:58.220,0.00,0.24,0,0.0,0.0,0.000,0.0,0,EVET,HAYIR
2026-08-19 09:27:58.240,0.00,0.24,0,0.0,0.0,0.000,0.0,0,EVET,HAYIR
2026-08-19 09:27:58.260,0.00,0.24,0,0.0,0.0,0.000,0.0,0,EVET,HAYIR
2026-08-19 09:27:58.280,0.00,0.21,0,0.0,0.0,0.000,0.0,0,EVET,HAYIR
2026-08-19 09:27:58.300,0.00,0.21,0,0.0,0.0,0.000,0.0,0,EVET,HAYIR
2026-08-19 09:27:58.320,0.00,0.21,0,0.0,0.0,0.000,0.0,0,EVET,HAYIR
2026-08-19 09:27:58.340,0.00,0.21,0,0.0,0.0,0.000,0.0,0,EVET,HAYIR
2026-08-19 09:27:58.360,0.00,0.21,0,0.0,0.0,0.000,0.0,0,EVET,HAYIR
2026-08-19 09:27:58.380,0.00,0.21,0,0.0,0.0,0.000,0.0,0,EVET,HAYIR
2026-08-19 09:27:58.401,0.00,0.21,0,0.0,0.0,0.000,0.0,0,EVET,HAYIR
2026-08-19 09:27:58.420,0.00,0.21,0,0.0,0.0,0.000,0.0,0,EVET,HAYIR
2026-08-19 09:27:58.440,0.00,0.21,0,0.0,0.0,0.000,0.0,0,EVET,HAYIR
2026-08-19 09:27:58.460,0.00,0.21,0,0.0,0.0,0.000,0.0,0,EVET,HAYIR
2026-08-19 09:27:58.480,0.00,0.21,0,0.0,0.0,0.000,0.0,0,EVET,HAYIR
2026-08-19 09:27:58.500,0.00,0.21,0,0.0,0.0,0.000,0.0,0,EVET,HAYIR
2026-08-19 09:27:58.520,0.00,0.21,0,0.0,0.0,0.000,0.0,0,EVET,HAYIR
2026-08-19 09:27:58.540,0.00,0.21,0,0.0,0.0,0.000,0.0,0,EVET,HAYIR
2026-08-19 09:27:58.560,0.00,0.21,0,0.0,0.0,0.000,0.0,0,EVET,HAYIR
2026-08-19 09:27:58.580,0.00,0.21,0,0.0,0.0,0.000,0.0,0,EVET,HAYIR
2026-08-19 09:27:58.600,0.00,0.15,0,0.0,0.0,0.000,0.0,0,EVET,HAYIR
2026-08-19 09:27:58.620,0.00,0.15,0,0.0,0.0,0.000,0.0,0,EVET,HAYIR
2026-08-19 09:27:58.640,0.00,0.15,0,0.0,0.0,0.000,0.0,0,EVET,HAYIR
2026-08-19 09:27:58.660,0.00,0.15,0,0.0,0.0,0.000,0.0,0,EVET,HAYIR
2026-08-19 09:27:58.681,0.00,0.15,0,0.0,0.0,0.000,0.0,0,EVET,HAYIR
2026-08-19 09:27:58.700,0.00,0.15,0,0.0,0.0,0.000,0.0,0,EVET,HAYIR
2026-08-19 09:27:58.720,0.00,0.15,0,0.0,0.0,0.000,0.0,0,EVET,HAYIR
2026-08-19 09:27:58.741,0.00,0.15,0,0.0,0.0,0.000,0.0,0,EVET,HAYIR
2026-08-19 09:27:58.760,0.00,0.15,0,0.0,0.0,0.000,0.0,0,EVET,HAYIR
2026-08-19 09:27:58.780,0.00,0.15,0,0.0,0.0,0.000,0.0,0,EVET,HAYIR
2026-08-19 09:27:58.800,0.00,0.15,0,0.0,0.0,0.000,0.0,0,EVET,HAYIR
2026-08-19 09:27:58.820,0.00,0.15,0,0.0,0.0,0.000,0.0,0,EVET,HAYIR
2026-08-19 09:27:58.840,0.00,0.15,0,0.0,0.0,0.000,0.0,0,EVET,HAYIR
2026-08-19 09:27:58.860,0.00,0.15,0,0.0,0.0,0.000,0.0,0,EVET,HAYIR
2026-08-19 09:27:58.880,0.00,0.15,0,0.0,0.0,0.000,0.0,0,EVET,HAYIR
2026-08-19 09:27:58.900,0.00,0.15,0,0.0,0.0,0.000,0.0,0,EVET,HAYIR
2026-08-19 09:27:58.920,0.00,0.11,0,0.0,0.0,0.000,0.0,0,EVET,HAYIR
2026-08-19 09:27:58.940,0.00,0.11,0,0.0,0.0,0.000,0.0,0,EVET,HAYIR
2026-08-19 09:27:58.960,0.00,0.11,0,0.0,0.0,0.000,0.0,0,EVET,HAYIR
2026-08-19 09:27:58.980,0.00,0.11,0,0.0,0.0,0.000,0.0,0,EVET,HAYIR
2026-08-19 09:27:59.000,0.00,0.11,0,0.0,0.0,0.000,0.0,0,EVET,HAYIR
2026-08-19 09:27:59.020,0.00,0.11,0,0.0,0.0,0.000,0.0,0,EVET,HAYIR
2026-08-19 09:27:59.040,0.00,0.11,0,0.0,0.0,0.000,0.0,0,EVET,HAYIR
2026-08-19 09:27:59.060,0.00,0.11,0,0.0,0.0,0.000,0.0,0,EVET,HAYIR
2026-08-19 09:27:59.080,0.00,0.11,0,0.0,0.0,0.000,0.0,0,EVET,HAYIR
2026-08-19 09:27:59.100,0.00,0.11,0,0.0,0.0,0.000,0.0,0,EVET,HAYIR
2026-08-19 09:27:59.120,0.00,0.11,0,0.0,0.0,0.000,0.0,0,EVET,HAYIR
2026-08-19 09:27:59.140,0.00,0.11,0,0.0,0.0,0.000,0.0,0,EVET,HAYIR
2026-08-19 09:27:59.160,0.00,0.11,0,0.0,0.0,0.000,0.0,0,EVET,HAYIR
2026-08-19 09:27:59.180,0.00,0.11,0,0.0,0.0,0.000,0.0,0,EVET,HAYIR
2026-08-19 09:27:59.200,0.00,0.11,0,0.0,0.0,0.000,0.0,0,EVET,HAYIR
2026-08-19 09:27:59.220,0.00,0.11,0,0.0,0.0,0.000,0.0,0,EVET,HAYIR
2026-08-19 09:27:59.240,0.00,0.11,0,0.0,0.0,0.000,0.0,0,EVET,HAYIR
2026-08-19 09:27:59.260,0.00,0.11,0,0.0,0.0,0.000,0.0,0,EVET,HAYIR
2026-08-19 09:27:59.280,0.00,0.11,0,0.0,0.0,0.000,0.0,0,EVET,HAYIR
2026-08-19 09:27:59.300,0.00,0.08,0,0.0,0.0,0.000,0.0,0,HAYIR,HAYIR
2026-08-19 09:27:59.320,0.00,0.08,0,0.0,0.0,0.000,0.0,0,HAYIR,HAYIR
2026-08-19 09:27:59.340,0.00,0.08,0,0.0,0.0,0.000,0.0,0,HAYIR,HAYIR
2026-08-19 09:27:59.360,0.00,0.08,0,0.0,0.0,0.000,0.0,0,HAYIR,HAYIR
2026-08-19 09:27:59.380,0.00,0.08,0,0.0,0.0,0.000,0.0,0,HAYIR,HAYIR
2026-08-19 09:27:59.400,0.00,0.08,0,0.0,0.0,0.000,0.0,0,HAYIR,HAYIR
2026-08-19 09:27:59.420,0.00,0.08,0,0.0,0.0,0.000,0.0,0,HAYIR,HAYIR
2026-08-19 09:27:59.440,0.00,0.08,0,0.0,0.0,0.000,0.0,0,HAYIR,HAYIR
2026-08-19 09:27:59.460,0.00,0.08,0,0.0,0.0,0.000,0.0,0,HAYIR,HAYIR
2026-08-19 09:27:59.480,0.00,0.08,0,0.0,0.0,0.000,0.0,0,HAYIR,HAYIR
2026-08-19 09:27:59.500,0.00,0.08,0,0.0,0.0,0.000,0.0,0,HAYIR,HAYIR
2026-08-19 09:27:59.520,0.00,0.08,0,0.0,0.0,0.000,0.0,0,HAYIR,HAYIR
2026-08-19 09:27:59.540,0.00,0.08,0,0.0,0.0,0.000,0.0,0,HAYIR,HAYIR
2026-08-19 09:27:59.560,0.00,0.08,0,0.0,0.0,0.000,0.0,0,HAYIR,HAYIR
2026-08-19 09:27:59.580,0.00,0.08,0,0.0,0.0,0.000,0.0,0,HAYIR,HAYIR
2026-08-19 09:27:59.600,0.00,0.08,0,0.0,0.0,0.000,0.0,0,HAYIR,HAYIR
2026-08-19 09:27:59.620,0.00,0.05,0,0.0,0.0,0.000,0.0,0,HAYIR,HAYIR
2026-08-19 09:27:59.640,0.00,0.05,0,0.0,0.0,0.000,0.0,0,HAYIR,HAYIR
2026-08-19 09:27:59.660,0.00,0.05,0,0.0,0.0,0.000,0.0,0,HAYIR,HAYIR
2026-08-19 09:27:59.680,0.00,0.05,0,0.0,0.0,0.000,0.0,0,HAYIR,HAYIR
2026-08-19 09:27:59.700,0.00,0.05,0,0.0,0.0,0.000,0.0,0,HAYIR,HAYIR
2026-08-19 09:27:59.720,0.00,0.05,0,0.0,0.0,0.000,0.0,0,HAYIR,HAYIR
2026-08-19 09:27:59.740,0.00,0.05,0,0.0,0.0,0.000,0.0,0,HAYIR,HAYIR
2026-08-19 09:27:59.760,0.00,0.05,0,0.0,0.0,0.000,0.0,0,HAYIR,HAYIR
2026-08-19 09:27:59.780,0.00,0.05,0,0.0,0.0,0.000,0.0,0,HAYIR,HAYIR
2026-08-19 09:27:59.800,0.00,0.05,0,0.0,0.0,0.000,0.0,0,HAYIR,HAYIR
2026-08-19 09:27:59.820,0.00,0.05,0,0.0,0.0,0.000,0.0,0,HAYIR,HAYIR
2026-08-19 09:27:59.840,0.00,0.05,0,0.0,0.0,0.000,0.0,0,HAYIR,HAYIR
2026-08-19 09:27:59.860,0.00,0.05,0,0.0,0.0,0.000,0.0,0,HAYIR,HAYIR
2026-08-19 09:27:59.880,0.00,0.05,0,0.0,0.0,0.000,0.0,0,HAYIR,HAYIR
2026-08-19 09:27:59.900,0.00,0.05,0,0.0,0.0,0.000,0.0,0,HAYIR,HAYIR
2026-08-19 09:27:59.920,0.00,0.05,0,0.0,0.0,0.000,0.0,0,HAYIR,HAYIR
2026-08-19 09:27:59.940,0.00,0.04,0,0.0,0.0,0.000,0.0,0,HAYIR,HAYIR
2026-08-19 09:27:59.960,0.00,0.04,0,0.0,0.0,0.000,0.0,0,HAYIR,HAYIR
2026-08-19 09:27:59.980,0.00,0.04,0,0.0,0.0,0.000,0.0,0,HAYIR,HAYIR
2026-08-19 09:28:00.000,0.00,0.04,0,0.0,0.0,0.000,0.0,0,HAYIR,HAYIR
2026-08-19 09:28:00.020,0.00,0.04,0,0.0,0.0,0.000,0.0,0,HAYIR,HAYIR
2026-08-19 09:28:00.040,0.00,0.04,0,0.0,0.0,0.000,0.0,0,HAYIR,HAYIR
2026-08-19 09:28:00.060,0.00,0.04,0,0.0,0.0,0.000,0.0,0,HAYIR,HAYIR
2026-08-19 09:28:00.081,0.00,0.04,0,0.0,0.0,0.000,0.0,0,HAYIR,HAYIR
2026-08-19 09:28:00.100,0.00,0.04,0,0.0,0.0,0.000,0.0,0,HAYIR,HAYIR
2026-08-19 09:28:00.120,0.00,0.04,0,0.0,0.0,0.000,0.0,0,HAYIR,HAYIR
2026-08-19 09:28:00.140,0.00,0.04,0,0.0,0.0,0.000,0.0,0,HAYIR,HAYIR
2026-08-19 09:28:00.160,0.00,0.04,0,0.0,0.0,0.000,0.0,0,HAYIR,HAYIR
2026-08-19 09:28:00.180,0.00,0.04,0,0.0,0.0,0.000,0.0,0,HAYIR,HAYIR
2026-08-19 09:28:00.200,0.00,0.04,0,0.0,0.0,0.000,0.0,0,HAYIR,HAYIR
2026-08-19 09:28:00.220,0.00,0.04,0,0.0,0.0,0.000,0.0,0,HAYIR,HAYIR
2026-08-19 09:28:00.240,0.00,0.04,0,0.0,0.0,0.000,0.0,0,HAYIR,HAYIR
2026-08-19 09:28:00.260,0.00,0.03,0,0.0,0.0,0.000,0.0,0,HAYIR,HAYIR
2026-08-19 09:28:00.280,0.00,0.03,0,0.0,0.0,0.000,0.0,0,HAYIR,HAYIR
2026-08-19 09:28:00.300,0.00,0.03,0,0.0,0.0,0.000,0.0,0,HAYIR,HAYIR
2026-08-19 09:28:00.320,0.00,0.03,0,0.0,0.0,0.000,0.0,0,HAYIR,HAYIR
2026-08-19 09:28:00.340,0.00,0.03,0,0.0,0.0,0.000,0.0,0,HAYIR,HAYIR
2026-08-19 09:28:00.360,0.00,0.03,0,0.0,0.0,0.000,0.0,0,HAYIR,HAYIR
2026-08-19 09:28:00.380,0.00,0.03,0,0.0,0.0,0.000,0.0,0,HAYIR,HAYIR
2026-08-19 09:28:00.400,0.00,0.03,0,0.0,0.0,0.000,0.0,0,HAYIR,HAYIR
2026-08-19 09:28:00.421,0.00,0.03,0,0.0,0.0,0.000,0.0,0,HAYIR,HAYIR
2026-08-19 09:28:00.440,0.00,0.03,0,0.0,0.0,0.000,0.0,0,HAYIR,HAYIR
2026-08-19 09:28:00.460,0.00,0.03,0,0.0,0.0,0.000,0.0,0,HAYIR,HAYIR
2026-08-19 09:28:00.480,0.00,0.03,0,0.0,0.0,0.000,0.0,0,HAYIR,HAYIR
2026-08-19 09:28:00.500,0.00,0.03,0,0.0,0.0,0.000,0.0,0,HAYIR,HAYIR
2026-08-19 09:28:00.520,0.00,0.03,0,0.0,0.0,0.000,0.0,0,HAYIR,HAYIR
2026-08-19 09:28:00.540,0.00,0.03,0,0.0,0.0,0.000,0.0,0,HAYIR,HAYIR
2026-08-19 09:28:00.560,0.00,0.03,0,0.0,0.0,0.000,0.0,0,HAYIR,HAYIR
2026-08-19 09:28:00.580,0.00,0.02,0,0.0,0.0,0.000,0.0,0,HAYIR,HAYIR
2026-08-19 09:28:00.600,0.00,0.02,0,0.0,0.0,0.000,0.0,0,HAYIR,HAYIR
2026-08-19 09:28:00.620,0.00,0.02,0,0.0,0.0,0.000,0.0,0,HAYIR,HAYIR
2026-08-19 09:28:00.640,0.00,0.02,0,0.0,0.0,0.000,0.0,0,HAYIR,HAYIR
2026-08-19 09:28:00.660,0.00,0.02,0,0.0,0.0,0.000,0.0,0,HAYIR,HAYIR
2026-08-19 09:28:00.680,0.00,0.02,0,0.0,0.0,0.000,0.0,0,HAYIR,HAYIR
2026-08-19 09:28:00.700,0.00,0.02,0,0.0,0.0,0.000,0.0,0,HAYIR,HAYIR
2026-08-19 09:28:00.720,0.00,0.02,0,0.0,0.0,0.000,0.0,0,HAYIR,HAYIR
2026-08-19 09:28:00.740,0.00,0.02,0,0.0,0.0,0.000,0.0,0,HAYIR,HAYIR
2026-08-19 09:28:00.760,0.00,0.02,0,0.0,0.0,0.000,0.0,0,HAYIR,HAYIR
2026-08-19 09:28:00.780,0.00,0.02,0,0.0,0.0,0.000,0.0,0,HAYIR,HAYIR
2026-08-19 09:28:00.800,0.00,0.02,0,0.0,0.0,0.000,0.0,0,HAYIR,HAYIR
2026-08-19 09:28:00.820,0.00,0.02,0,0.0,0.0,0.000,0.0,0,HAYIR,HAYIR
2026-08-19 09:28:00.840,0.00,0.02,0,0.0,0.0,0.000,0.0,0,HAYIR,HAYIR
2026-08-19 09:28:00.860,0.00,0.02,0,0.0,0.0,0.000,0.0,0,HAYIR,HAYIR
2026-08-19 09:28:00.881,0.00,0.02,0,0.0,0.0,0.000,0.0,0,HAYIR,HAYIR
2026-08-19 09:28:00.900,0.00,0.02,0,0.0,0.0,0.000,0.0,0,HAYIR,HAYIR
2026-08-19 09:28:00.920,0.00,0.02,0,0.0,0.0,0.000,0.0,0,HAYIR,HAYIR
2026-08-19 09:28:00.940,0.00,0.02,0,0.0,0.0,0.000,0.0,0,HAYIR,HAYIR
2026-08-19 09:28:00.960,0.00,0.02,0,0.0,0.0,0.000,0.0,0,HAYIR,HAYIR
2026-08-19 09:28:00.980,0.00,0.01,0,0.0,0.0,0.000,0.0,0,HAYIR,HAYIR
2026-08-19 09:28:01.000,0.00,0.01,0,0.0,0.0,0.000,0.0,0,HAYIR,HAYIR
2026-08-19 09:28:01.020,0.00,0.01,0,0.0,0.0,0.000,0.0,0,HAYIR,HAYIR
2026-08-19 09:28:01.040,0.00,0.01,0,0.0,0.0,0.000,0.0,0,HAYIR,HAYIR
2026-08-19 09:28:01.060,0.00,0.01,0,0.0,0.0,0.000,0.0,0,HAYIR,HAYIR
2026-08-19 09:28:01.080,0.00,0.01,0,0.0,0.0,0.000,0.0,0,HAYIR,HAYIR
2026-08-19 09:28:01.100,0.00,0.01,0,0.0,0.0,0.000,0.0,0,HAYIR,HAYIR
2026-08-19 09:28:01.120,0.00,0.01,0,0.0,0.0,0.000,0.0,0,HAYIR,HAYIR
2026-08-19 09:28:01.140,0.00,0.01,0,0.0,0.0,0.000,0.0,0,HAYIR,HAYIR
2026-08-19 09:28:01.160,0.00,0.01,0,0.0,0.0,0.000,0.0,0,HAYIR,HAYIR
2026-08-19 09:28:01.180,0.00,0.01,0,0.0,0.0,0.000,0.0,0,HAYIR,HAYIR
2026-08-19 09:28:01.200,0.00,0.01,0,0.0,0.0,0.000,0.0,0,HAYIR,HAYIR
2026-08-19 09:28:01.220,0.00,0.01,0,0.0,0.0,0.000,0.0,0,HAYIR,HAYIR
2026-08-19 09:28:01.240,0.00,0.01,0,0.0,0.0,0.000,0.0,0,HAYIR,HAYIR
2026-08-19 09:28:01.260,0.00,0.01,0,0.0,0.0,0.000,0.0,0,HAYIR,HAYIR
2026-08-19 09:28:01.281,0.00,0.01,0,0.0,0.0,0.000,0.0,0,HAYIR,HAYIR
2026-08-19 09:28:01.301,0.00,0.01,0,0.0,0.0,0.000,0.0,0,HAYIR,HAYIR
2026-08-19 09:28:01.320,0.00,0.01,0,0.0,0.0,0.000,0.0,0,HAYIR,HAYIR
2026-08-19 09:28:01.340,0.00,0.01,0,0.0,0.0,0.000,0.0,0,HAYIR,HAYIR
2026-08-19 09:28:01.360,0.00,0.01,0,0.0,0.0,0.000,0.0,0,HAYIR,HAYIR
2026-08-19 09:28:01.380,0.00,0.01,0,0.0,0.0,0.000,0.0,0,HAYIR,HAYIR
2026-08-19 09:28:01.400,0.00,0.01,0,0.0,0.0,0.000,0.0,0,HAYIR,HAYIR
2026-08-19 09:28:01.420,0.00,0.01,0,0.0,0.0,0.000,0.0,0,HAYIR,HAYIR
2026-08-19 09:28:01.440,0.00,0.01,0,0.0,0.0,0.000,0.0,0,HAYIR,HAYIR
2026-08-19 09:28:01.460,0.00,0.01,0,0.0,0.0,0.000,0.0,0,HAYIR,HAYIR
2026-08-19 09:28:01.480,0.00,0.01,0,0.0,0.0,0.000,0.0,0,HAYIR,HAYIR
2026-08-19 09:28:01.500,0.00,0.01,0,0.0,0.0,0.000,0.0,0,HAYIR,HAYIR
2026-08-19 09:28:01.520,0.00,0.01,0,0.0,0.0,0.000,0.0,0,HAYIR,HAYIR
2026-08-19 09:28:01.540,0.00,0.01,0,0.0,0.0,0.000,0.0,0,HAYIR,HAYIR
2026-08-19 09:28:01.560,0.00,0.01,0,0.0,0.0,0.000,0.0,0,HAYIR,HAYIR
2026-08-19 09:28:01.580,0.00,0.01,0,0.0,0.0,0.000,0.0,0,HAYIR,HAYIR
2026-08-19 09:28:01.600,0.00,0.01,0,0.0,0.0,0.000,0.0,0,HAYIR,HAYIR
2026-08-19 09:28:01.620,0.00,0.01,0,0.0,0.0,0.000,0.0,0,HAYIR,HAYIR
2026-08-19 09:28:01.640,0.00,0.01,0,0.0,0.0,0.000,0.0,0,HAYIR,HAYIR
2026-08-19 09:28:01.661,0.00,0.01,0,0.0,0.0,0.000,0.0,0,HAYIR,HAYIR
2026-08-19 09:28:01.681,0.00,0.01,0,0.0,0.0,0.000,0.0,0,HAYIR,HAYIR
2026-08-19 09:28:01.701,0.00,0.01,0,0.0,0.0,0.000,0.0,0,HAYIR,HAYIR
2026-08-19 09:28:01.720,0.00,0.01,0,0.0,0.0,0.000,0.0,0,HAYIR,HAYIR
2026-08-19 09:28:01.740,0.00,0.01,0,0.0,0.0,0.000,0.0,0,HAYIR,HAYIR
2026-08-19 09:28:01.760,0.00,0.01,0,0.0,0.0,0.000,0.0,0,HAYIR,HAYIR
2026-08-19 09:28:01.780,0.00,0.01,0,0.0,0.0,0.000,0.0,0,HAYIR,HAYIR
2026-08-19 09:28:01.800,0.00,0.01,0,0.0,0.0,0.000,0.0,0,HAYIR,HAYIR
2026-08-19 09:28:01.820,0.00,0.01,0,0.0,0.0,0.000,0.0,0,HAYIR,HAYIR
2026-08-19 09:28:01.841,0.00,0.01,0,0.0,0.0,0.000,0.0,0,HAYIR,HAYIR
2026-08-19 09:28:01.860,0.00,0.01,0,0.0,0.0,0.000,0.0,0,HAYIR,HAYIR
2026-08-19 09:28:01.880,0.00,0.01,0,0.0,0.0,0.000,0.0,0,HAYIR,HAYIR
2026-08-19 09:28:01.900,0.00,0.01,0,0.0,0.0,0.000,0.0,0,HAYIR,HAYIR
2026-08-19 09:28:01.920,0.00,0.01,0,0.0,0.0,0.000,0.0,0,HAYIR,HAYIR
2026-08-19 09:28:01.940,0.00,0.00,0,0.0,0.0,0.000,0.0,0,HAYIR,HAYIR
2026-08-19 09:28:01.960,0.00,0.00,0,0.0,0.0,0.000,0.0,0,HAYIR,HAYIR
2026-08-19 09:28:01.980,0.00,0.00,0,0.0,0.0,0.000,0.0,0,HAYIR,HAYIR
2026-08-19 09:28:02.000,0.00,0.00,0,0.0,0.0,0.000,0.0,0,HAYIR,HAYIR
2026-08-19 09:28:02.020,0.00,0.00,0,0.0,0.0,0.000,0.0,0,HAYIR,HAYIR
2026-08-19 09:28:02.040,0.00,0.00,0,0.0,0.0,0.000,0.0,0,HAYIR,HAYIR
2026-08-19 09:28:02.060,0.00,0.00,0,0.0,0.0,0.000,0.0,0,HAYIR,HAYIR
2026-08-19 09:28:02.080,0.00,0.00,0,0.0,0.0,0.000,0.0,0,HAYIR,HAYIR
2026-08-19 09:28:02.100,0.00,0.00,0,0.0,0.0,0.000,0.0,0,HAYIR,HAYIR
2026-08-19 09:28:02.120,0.00,0.00,0,0.0,0.0,0.000,0.0,0,HAYIR,HAYIR
2026-08-19 09:28:02.140,0.00,0.00,0,0.0,0.0,0.000,0.0,0,HAYIR,HAYIR
2026-08-19 09:28:02.160,0.00,0.00,0,0.0,0.0,0.000,0.0,0,HAYIR,HAYIR
2026-08-19 09:28:02.180,0.00,0.00,0,0.0,0.0,0.000,0.0,0,HAYIR,HAYIR
2026-08-19 09:28:02.200,0.00,0.00,0,0.0,0.0,0.000,0.0,0,HAYIR,HAYIR
2026-08-19 09:28:02.220,0.00,0.00,0,0.0,0.0,0.000,0.0,0,HAYIR,HAYIR
2026-08-19 09:28:02.240,0.00,0.00,0,0.0,0.0,0.000,0.0,0,HAYIR,HAYIR
2026-08-19 09:28:02.260,0.00,0.00,0,0.0,0.0,0.000,0.0,0,HAYIR,HAYIR
2026-08-19 09:28:02.280,0.00,0.00,0,0.0,0.0,0.000,0.0,0,HAYIR,HAYIR
2026-08-19 09:28:02.300,0.00,0.00,0,0.0,0.0,0.000,0.0,0,HAYIR,HAYIR
2026-08-19 09:28:02.320,0.00,0.00,0,0.0,0.0,0.000,0.0,0,HAYIR,HAYIR
2026-08-19 09:28:02.340,0.00,0.00,0,0.0,0.0,0.000,0.0,0,HAYIR,HAYIR
2026-08-19 09:28:02.360,0.00,0.00,0,0.0,0.0,0.000,0.0,0,HAYIR,HAYIR
2026-08-19 09:28:02.380,0.00,0.00,0,0.0,0.0,0.000,0.0,0,HAYIR,HAYIR
2026-08-19 09:28:02.400,0.00,0.00,0,0.0,0.0,0.000,0.0,0,HAYIR,HAYIR
2026-08-19 09:28:02.420,0.00,0.00,0,0.0,0.0,0.000,0.0,0,HAYIR,HAYIR
2026-08-19 09:28:02.440,0.00,0.00,0,0.0,0.0,0.000,0.0,0,HAYIR,HAYIR
2026-08-19 09:28:02.460,0.00,0.00,0,0.0,0.0,0.000,0.0,0,HAYIR,HAYIR
2026-08-19 09:28:02.480,0.00,0.00,0,0.0,0.0,0.000,0.0,0,HAYIR,HAYIR
2026-08-19 09:28:02.500,0.00,0.00,0,0.0,0.0,0.000,0.0,0,HAYIR,HAYIR
2026-08-19 09:28:02.520,0.00,0.00,0,0.0,0.0,0.000,0.0,0,HAYIR,HAYIR
2026-08-19 09:28:02.540,0.00,0.00,0,0.0,0.0,0.000,0.0,0,HAYIR,HAYIR
2026-08-19 09:28:02.560,0.00,0.00,0,0.0,0.0,0.000,0.0,0,HAYIR,HAYIR
2026-08-19 09:28:02.580,0.00,0.00,0,0.0,0.0,0.000,0.0,0,HAYIR,HAYIR
2026-08-19 09:28:02.600,0.00,0.00,0,0.0,0.0,0.000,0.0,0,HAYIR,HAYIR
2026-08-19 09:28:02.620,0.00,0.00,0,0.0,0.0,0.000,0.0,0,HAYIR,HAYIR
2026-08-19 09:28:02.640,0.00,0.00,0,0.0,0.0,0.000,0.0,0,HAYIR,HAYIR
2026-08-19 09:28:02.660,0.00,0.00,0,0.0,0.0,0.000,0.0,0,HAYIR,HAYIR
2026-08-19 09:28:02.680,0.00,0.00,0,0.0,0.0,0.000,0.0,0,HAYIR,HAYIR
2026-08-19 09:28:02.700,0.00,0.00,0,0.0,0.0,0.000,0.0,0,HAYIR,HAYIR
2026-08-19 09:28:02.720,0.00,0.00,0,0.0,0.0,0.000,0.0,0,HAYIR,HAYIR
2026-08-19 09:28:02.740,0.00,0.00,0,0.0,0.0,0.000,0.0,0,HAYIR,HAYIR
2026-08-19 09:28:02.760,0.00,0.00,0,0.0,0.0,0.000,0.0,0,HAYIR,HAYIR
2026-08-19 09:28:02.780,0.00,0.00,0,0.0,0.0,0.000,0.0,0,HAYIR,HAYIR
2026-08-19 09:28:02.800,0.00,0.00,0,0.0,0.0,0.000,0.0,0,HAYIR,HAYIR
2026-08-19 09:28:02.820,0.00,0.00,0,0.0,0.0,0.000,0.0,0,HAYIR,HAYIR
2026-08-19 09:28:02.840,0.00,0.00,0,0.0,0.0,0.000,0.0,0,HAYIR,HAYIR
2026-08-19 09:28:02.860,0.00,0.00,0,0.0,0.0,0.000,0.0,0,HAYIR,HAYIR
2026-08-19 09:28:02.880,0.00,0.00,0,0.0,0.0,0.000,0.0,0,HAYIR,HAYIR
2026-08-19 09:28:02.900,0.00,0.00,0,0.0,0.0,0.000,0.0,0,HAYIR,HAYIR
2026-08-19 09:28:02.920,0.00,0.00,0,0.0,0.0,0.000,0.0,0,HAYIR,HAYIR
2026-08-19 09:28:02.940,0.00,0.00,0,0.0,0.0,0.000,0.0,0,HAYIR,HAYIR
2026-08-19 09:28:02.960,0.00,0.00,0,0.0,0.0,0.000,0.0,0,HAYIR,HAYIR
2026-08-19 09:28:02.980,0.00,0.00,0,0.0,0.0,0.000,0.0,0,HAYIR,HAYIR
2026-08-19 09:28:03.000,0.00,0.00,0,0.0,0.0,0.000,0.0,0,HAYIR,HAYIR
2026-08-19 09:28:03.020,0.00,0.00,0,0.0,0.0,0.000,0.0,0,HAYIR,HAYIR
2026-08-19 09:28:03.040,0.00,0.00,0,0.0,0.0,0.000,0.0,0,HAYIR,HAYIR
2026-08-19 09:28:03.060,0.00,0.00,0,0.0,0.0,0.000,0.0,0,HAYIR,HAYIR
2026-08-19 09:28:03.080,0.00,0.00,0,0.0,0.0,0.000,0.0,0,HAYIR,HAYIR
2026-08-19 09:28:03.100,0.00,0.00,0,0.0,0.0,0.000,0.0,0,HAYIR,HAYIR
2026-08-19 09:28:03.120,0.00,0.00,0,0.0,0.0,0.000,0.0,0,HAYIR,HAYIR
2026-08-19 09:28:03.140,0.00,0.00,0,0.0,0.0,0.000,0.0,0,HAYIR,HAYIR
2026-08-19 09:28:03.160,0.00,0.00,0,0.0,0.0,0.000,0.0,0,HAYIR,HAYIR
2026-08-19 09:28:03.180,0.00,0.00,0,0.0,0.0,0.000,0.0,0,HAYIR,HAYIR
2026-08-19 09:28:03.201,0.00,0.00,0,0.0,0.0,0.000,0.0,0,HAYIR,HAYIR
2026-08-19 09:28:03.220,0.00,0.00,0,0.0,0.0,0.000,0.0,0,HAYIR,HAYIR
2026-08-19 09:28:03.240,0.00,0.00,0,0.0,0.0,0.000,0.0,0,HAYIR,HAYIR
2026-08-19 09:28:03.260,0.00,0.00,0,0.0,0.0,0.000,0.0,0,HAYIR,HAYIR
2026-08-19 09:28:03.280,0.00,0.00,0,0.0,0.0,0.000,0.0,0,HAYIR,HAYIR
2026-08-19 09:28:03.300,0.00,0.00,0,0.0,0.0,0.000,0.0,0,HAYIR,HAYIR
2026-08-19 09:28:03.320,0.00,0.00,0,0.0,0.0,0.000,0.0,0,HAYIR,HAYIR
2026-08-19 09:28:03.340,0.00,0.00,0,0.0,0.0,0.000,0.0,0,HAYIR,HAYIR
2026-08-19 09:28:03.360,0.00,0.00,0,0.0,0.0,0.000,0.0,0,HAYIR,HAYIR
2026-08-19 09:28:03.380,0.00,0.00,0,0.0,0.0,0.000,0.0,0,HAYIR,HAYIR
2026-08-19 09:28:03.400,0.00,0.00,0,0.0,0.0,0.000,0.0,0,HAYIR,HAYIR
2026-08-19 09:28:03.420,0.00,0.00,0,0.0,0.0,0.000,0.0,0,HAYIR,HAYIR
2026-08-19 09:28:03.440,0.00,0.00,0,0.0,0.0,0.000,0.0,0,HAYIR,HAYIR
2026-08-19 09:28:03.460,0.00,0.00,0,0.0,0.0,0.000,0.0,0,HAYIR,HAYIR
2026-08-19 09:28:03.480,0.00,0.00,0,0.0,0.0,0.000,0.0,0,HAYIR,HAYIR
2026-08-19 09:28:03.500,0.00,0.00,0,0.0,0.0,0.000,0.0,0,HAYIR,HAYIR
2026-08-19 09:28:03.520,0.00,0.00,0,0.0,0.0,0.000,0.0,0,HAYIR,HAYIR
2026-08-19 09:28:03.540,0.00,0.00,0,0.0,0.0,0.000,0.0,0,HAYIR,HAYIR
2026-08-19 09:28:03.560,0.00,0.00,0,0.0,0.0,0.000,0.0,0,HAYIR,HAYIR
2026-08-19 09:28:03.580,0.00,0.00,0,0.0,0.0,0.000,0.0,0,HAYIR,HAYIR
2026-08-19 09:28:03.600,0.00,0.00,0,0.0,0.0,0.000,0.0,0,HAYIR,HAYIR
2026-08-19 09:28:03.620,0.00,0.00,0,0.0,0.0,0.000,0.0,0,HAYIR,HAYIR
2026-08-19 09:28:03.640,0.00,0.00,0,0.0,0.0,0.000,0.0,0,HAYIR,HAYIR
2026-08-19 09:28:03.660,0.00,0.00,0,0.0,0.0,0.000,0.0,0,HAYIR,HAYIR
2026-08-19 09:28:03.681,0.00,0.00,0,0.0,0.0,0.000,0.0,0,HAYIR,HAYIR
2026-08-19 09:28:03.700,0.00,0.00,0,0.0,0.0,0.000,0.0,0,HAYIR,HAYIR
2026-08-19 09:28:03.720,0.00,0.00,0,0.0,0.0,0.000,0.0,0,HAYIR,HAYIR
2026-08-19 09:28:03.740,0.00,0.00,0,0.0,0.0,0.000,0.0,0,HAYIR,HAYIR
2026-08-19 09:28:03.760,0.00,0.00,0,0.0,0.0,0.000,0.0,0,HAYIR,HAYIR
2026-08-19 09:28:03.780,0.00,0.00,0,0.0,0.0,0.000,0.0,0,HAYIR,HAYIR
2026-08-19 09:28:03.800,0.00,0.00,0,0.0,0.0,0.000,0.0,0,HAYIR,HAYIR
2026-08-19 09:28:03.820,0.00,0.00,0,0.0,0.0,0.000,0.0,0,HAYIR,HAYIR
2026-08-19 09:28:03.840,0.00,0.00,0,0.0,0.0,0.000,0.0,0,HAYIR,HAYIR
2026-08-19 09:28:03.860,0.00,0.00,0,0.0,0.0,0.000,0.0,0,HAYIR,HAYIR
2026-08-19 09:28:03.880,0.00,0.00,0,0.0,0.0,0.000,0.0,0,HAYIR,HAYIR
2026-08-19 09:28:03.900,0.00,0.00,0,0.0,0.0,0.000,0.0,0,HAYIR,HAYIR
2026-08-19 09:28:03.920,0.00,0.00,0,0.0,0.0,0.000,0.0,0,HAYIR,HAYIR
2026-08-19 09:28:03.940,0.00,0.00,0,0.0,0.0,0.000,0.0,0,HAYIR,HAYIR
2026-08-19 09:28:03.960,0.00,0.00,0,0.0,0.0,0.000,0.0,0,HAYIR,HAYIR
2026-08-19 09:28:03.980,0.00,0.00,0,0.0,0.0,0.000,0.0,0,HAYIR,HAYIR
2026-08-19 09:28:04.000,0.00,0.00,0,0.0,0.0,0.000,0.0,0,HAYIR,HAYIR
2026-08-19 09:28:04.020,0.00,0.00,0,0.0,0.0,0.000,0.0,0,HAYIR,HAYIR
2026-08-19 09:28:04.040,0.00,0.00,0,0.0,0.0,0.000,0.0,0,HAYIR,HAYIR
2026-08-19 09:28:04.060,0.00,0.00,0,0.0,0.0,0.000,0.0,0,HAYIR,HAYIR
2026-08-19 09:28:04.080,0.00,0.00,0,0.0,0.0,0.000,0.0,0,HAYIR,HAYIR
2026-08-19 09:28:04.100,0.00,0.00,0,0.0,0.0,0.000,0.0,0,HAYIR,HAYIR
2026-08-19 09:28:04.120,0.00,0.00,0,0.0,0.0,0.000,0.0,0,HAYIR,HAYIR
2026-08-19 09:28:04.140,0.00,0.00,0,0.0,0.0,0.000,0.0,0,HAYIR,HAYIR
2026-08-19 09:28:04.161,0.00,0.00,0,0.0,0.0,0.000,0.0,0,HAYIR,HAYIR
2026-08-19 09:28:04.180,0.00,0.00,0,0.0,0.0,0.000,0.0,0,HAYIR,HAYIR
2026-08-19 09:28:04.200,0.00,0.00,0,0.0,0.0,0.000,0.0,0,HAYIR,HAYIR
2026-08-19 09:28:04.220,0.00,0.00,0,0.0,0.0,0.000,0.0,0,HAYIR,HAYIR
2026-08-19 09:28:04.240,0.00,0.00,0,0.0,0.0,0.000,0.0,0,HAYIR,HAYIR
2026-08-19 09:28:04.261,0.00,0.00,0,0.0,0.0,0.000,0.0,0,HAYIR,HAYIR
2026-08-19 09:28:04.280,0.00,0.00,0,0.0,0.0,0.000,0.0,0,HAYIR,HAYIR
2026-08-19 09:28:04.300,0.00,0.00,0,0.0,0.0,0.000,0.0,0,HAYIR,HAYIR
2026-08-19 09:28:04.320,0.00,0.00,0,0.0,0.0,0.000,0.0,0,HAYIR,HAYIR
2026-08-19 09:28:04.340,0.00,0.00,0,0.0,0.0,0.000,0.0,0,HAYIR,HAYIR
2026-08-19 09:28:04.360,0.00,0.00,0,0.0,0.0,0.000,0.0,0,HAYIR,HAYIR
2026-08-19 09:28:04.380,0.00,0.00,0,0.0,0.0,0.000,0.0,0,HAYIR,HAYIR
2026-08-19 09:28:04.400,0.00,0.00,0,0.0,0.0,0.000,0.0,0,HAYIR,HAYIR
2026-08-19 09:28:04.420,0.00,0.00,0,0.0,0.0,0.000,0.0,0,HAYIR,HAYIR
2026-08-19 09:28:04.440,0.00,0.00,0,0.0,0.0,0.000,0.0,0,HAYIR,HAYIR
2026-08-19 09:28:04.460,0.00,0.00,0,0.0,0.0,0.000,0.0,0,HAYIR,HAYIR
2026-08-19 09:28:04.480,0.00,0.00,0,0.0,0.0,0.000,0.0,0,HAYIR,HAYIR
2026-08-19 09:28:04.500,0.00,0.00,0,0.0,0.0,0.000,0.0,0,HAYIR,HAYIR
2026-08-19 09:28:04.520,0.00,0.00,0,0.0,0.0,0.000,0.0,0,HAYIR,HAYIR
2026-08-19 09:28:04.540,0.00,0.00,0,0.0,0.0,0.000,0.0,0,HAYIR,HAYIR
2026-08-19 09:28:04.560,0.00,0.00,0,0.0,0.0,0.000,0.0,0,HAYIR,HAYIR
2026-08-19 09:28:04.580,0.00,0.00,0,0.0,0.0,0.000,0.0,0,HAYIR,HAYIR
2026-08-19 09:28:04.601,0.00,0.00,0,0.0,0.0,0.000,0.0,0,HAYIR,HAYIR
2026-08-19 09:28:04.620,0.00,0.00,0,0.0,0.0,0.000,0.0,0,HAYIR,HAYIR
2026-08-19 09:28:04.641,0.00,0.00,0,0.0,0.0,0.000,0.0,0,HAYIR,HAYIR
2026-08-19 09:28:04.660,0.00,0.00,0,0.0,0.0,0.000,0.0,0,HAYIR,HAYIR
2026-08-19 09:28:04.680,0.00,0.00,0,0.0,0.0,0.000,0.0,0,HAYIR,HAYIR
2026-08-19 09:28:04.700,0.00,0.00,0,0.0,0.0,0.000,0.0,0,HAYIR,HAYIR
2026-08-19 09:28:04.720,0.00,0.00,0,0.0,0.0,0.000,0.0,0,HAYIR,HAYIR
2026-08-19 09:28:04.740,0.00,0.00,0,0.0,0.0,0.000,0.0,0,HAYIR,HAYIR
2026-08-19 09:28:04.761,0.00,0.00,0,0.0,0.0,0.000,0.0,0,HAYIR,HAYIR
2026-08-19 09:28:04.780,0.00,0.00,0,0.0,0.0,0.000,0.0,0,HAYIR,HAYIR
2026-08-19 09:28:04.800,0.00,0.00,0,0.0,0.0,0.000,0.0,0,HAYIR,HAYIR
2026-08-19 09:28:04.820,0.00,0.00,0,0.0,0.0,0.000,0.0,0,HAYIR,HAYIR
2026-08-19 09:28:04.840,0.00,0.00,0,0.0,0.0,0.000,0.0,0,HAYIR,HAYIR
2026-08-19 09:28:04.860,0.00,0.00,0,0.0,0.0,0.000,0.0,0,HAYIR,HAYIR
2026-08-19 09:28:04.880,0.00,0.00,0,0.0,0.0,0.000,0.0,0,HAYIR,HAYIR
2026-08-19 09:28:04.900,0.00,0.00,0,0.0,0.0,0.000,0.0,0,HAYIR,HAYIR
2026-08-19 09:28:04.920,0.00,0.00,0,0.0,0.0,0.000,0.0,0,HAYIR,HAYIR
2026-08-19 09:28:04.940,0.00,0.00,0,0.0,0.0,0.000,0.0,0,HAYIR,HAYIR
2026-08-19 09:28:04.960,0.00,0.00,0,0.0,0.0,0.000,0.0,0,HAYIR,HAYIR
2026-08-19 09:28:04.980,0.00,0.00,0,0.0,0.0,0.000,0.0,0,HAYIR,HAYIR
2026-08-19 09:28:05.000,0.00,0.00,0,0.0,0.0,0.000,0.0,0,HAYIR,HAYIR
2026-08-19 09:28:05.020,0.00,0.00,0,0.0,0.0,0.000,0.0,0,HAYIR,HAYIR
2026-08-19 09:28:05.040,0.00,0.00,0,0.0,0.0,0.000,0.0,0,HAYIR,HAYIR
2026-08-19 09:28:05.060,0.00,0.00,0,0.0,0.0,0.000,0.0,0,HAYIR,HAYIR
2026-08-19 09:28:05.080,0.00,0.00,0,0.0,0.0,0.000,0.0,0,HAYIR,HAYIR
2026-08-19 09:28:05.100,0.00,0.00,0,0.0,0.0,0.000,0.0,0,HAYIR,HAYIR
2026-08-19 09:28:05.121,0.00,0.00,0,0.0,0.0,0.000,0.0,0,HAYIR,HAYIR
2026-08-19 09:28:05.140,0.00,0.00,0,0.0,0.0,0.000,0.0,0,HAYIR,HAYIR
2026-08-19 09:28:05.161,0.00,0.00,0,0.0,0.0,0.000,0.0,0,HAYIR,HAYIR
2026-08-19 09:28:05.180,0.00,0.00,0,0.0,0.0,0.000,0.0,0,HAYIR,HAYIR
2026-08-19 09:28:05.200,0.00,0.00,0,0.0,0.0,0.000,0.0,0,HAYIR,HAYIR
2026-08-19 09:28:05.221,0.00,0.00,0,0.0,0.0,0.000,0.0,0,HAYIR,HAYIR
2026-08-19 09:28:05.240,0.00,0.00,0,0.0,0.0,0.000,0.0,0,HAYIR,HAYIR
2026-08-19 09:28:05.260,0.00,0.00,0,0.0,0.0,0.000,0.0,0,HAYIR,HAYIR
2026-08-19 09:28:05.280,0.00,0.00,0,0.0,0.0,0.000,0.0,0,HAYIR,HAYIR
2026-08-19 09:28:05.300,0.00,0.00,0,0.0,0.0,0.000,0.0,0,HAYIR,HAYIR
2026-08-19 09:28:05.320,0.00,0.00,0,0.0,0.0,0.000,0.0,0,HAYIR,HAYIR
2026-08-19 09:28:05.340,0.00,0.00,0,0.0,0.0,0.000,0.0,0,HAYIR,HAYIR
2026-08-19 09:28:05.360,0.00,0.00,0,0.0,0.0,0.000,0.0,0,HAYIR,HAYIR
2026-08-19 09:28:05.380,0.00,0.00,0,0.0,0.0,0.000,0.0,0,HAYIR,HAYIR
2026-08-19 09:28:05.400,0.00,0.00,0,0.0,0.0,0.000,0.0,0,HAYIR,HAYIR
2026-08-19 09:28:05.421,0.00,0.00,0,0.0,0.0,0.000,0.0,0,HAYIR,HAYIR
2026-08-19 09:28:05.440,0.00,0.00,0,0.0,0.0,0.000,0.0,0,HAYIR,HAYIR
2026-08-19 09:28:05.460,0.00,0.00,0,0.0,0.0,0.000,0.0,0,HAYIR,HAYIR
2026-08-19 09:28:05.480,0.00,0.00,0,0.0,0.0,0.000,0.0,0,HAYIR,HAYIR
2026-08-19 09:28:05.500,0.00,0.00,0,0.0,0.0,0.000,0.0,0,HAYIR,HAYIR
2026-08-19 09:28:05.521,0.00,0.00,0,0.0,0.0,0.000,0.0,0,HAYIR,HAYIR
2026-08-19 09:28:05.540,0.00,0.00,0,0.0,0.0,0.000,0.0,0,HAYIR,HAYIR
2026-08-19 09:28:05.560,0.00,0.00,0,0.0,0.0,0.000,0.0,0,HAYIR,HAYIR
2026-08-19 09:28:05.580,0.00,0.00,0,0.0,0.0,0.000,0.0,0,HAYIR,HAYIR
2026-08-19 09:28:05.600,0.00,0.00,0,0.0,0.0,0.000,0.0,0,HAYIR,HAYIR
2026-08-19 09:28:05.620,0.00,0.00,0,0.0,0.0,0.000,0.0,0,HAYIR,HAYIR
2026-08-19 09:28:05.640,0.00,0.00,0,0.0,0.0,0.000,0.0,0,HAYIR,HAYIR
2026-08-19 09:28:05.660,0.00,0.00,0,0.0,0.0,0.000,0.0,0,HAYIR,HAYIR
2026-08-19 09:28:05.680,0.00,0.00,0,0.0,0.0,0.000,0.0,0,HAYIR,HAYIR
2026-08-19 09:28:05.700,0.00,0.00,0,0.0,0.0,0.000,0.0,0,HAYIR,HAYIR
2026-08-19 09:28:05.720,0.00,0.00,0,0.0,0.0,0.000,0.0,0,HAYIR,HAYIR
2026-08-19 09:28:05.740,0.00,0.00,0,0.0,0.0,0.000,0.0,0,HAYIR,HAYIR
2026-08-19 09:28:05.760,0.00,0.00,0,0.0,0.0,0.000,0.0,0,HAYIR,HAYIR
2026-08-19 09:28:05.780,0.00,0.00,0,0.0,0.0,0.000,0.0,0,HAYIR,HAYIR
2026-08-19 09:28:05.800,0.00,0.00,0,0.0,0.0,0.000,0.0,0,HAYIR,HAYIR
2026-08-19 09:28:05.820,0.00,0.00,0,0.0,0.0,0.000,0.0,0,HAYIR,HAYIR
2026-08-19 09:28:05.840,0.00,0.00,0,0.0,0.0,0.000,0.0,0,HAYIR,HAYIR
2026-08-19 09:28:05.860,0.00,0.00,0,0.0,0.0,0.000,0.0,0,HAYIR,HAYIR
2026-08-19 09:28:05.880,0.00,0.00,0,0.0,0.0,0.000,0.0,0,HAYIR,HAYIR
2026-08-19 09:28:05.900,0.00,0.00,0,0.0,0.0,0.000,0.0,0,HAYIR,HAYIR
2026-08-19 09:28:05.920,0.00,0.00,0,0.0,0.0,0.000,0.0,0,HAYIR,HAYIR
2026-08-19 09:28:05.940,0.00,0.00,0,0.0,0.0,0.000,0.0,0,HAYIR,HAYIR
2026-08-19 09:28:05.960,0.00,0.00,0,0.0,0.0,0.000,0.0,0,HAYIR,HAYIR
2026-08-19 09:28:05.980,0.00,0.00,0,0.0,0.0,0.000,0.0,0,HAYIR,HAYIR
2026-08-19 09:28:06.000,0.00,0.00,0,0.0,0.0,0.000,0.0,0,HAYIR,HAYIR
2026-08-19 09:28:06.020,0.00,0.00,0,0.0,0.0,0.000,0.0,0,HAYIR,HAYIR
2026-08-19 09:28:06.040,0.00,0.00,0,0.0,0.0,0.000,0.0,0,HAYIR,HAYIR
2026-08-19 09:28:06.060,0.00,0.00,0,0.0,0.0,0.000,0.0,0,HAYIR,HAYIR
2026-08-19 09:28:06.080,0.00,0.00,0,0.0,0.0,0.000,0.0,0,HAYIR,HAYIR
2026-08-19 09:28:06.100,0.00,0.00,0,0.0,0.0,0.000,0.0,0,HAYIR,HAYIR
2026-08-19 09:28:06.120,0.00,0.00,0,0.0,0.0,0.000,0.0,0,HAYIR,HAYIR
2026-08-19 09:28:06.140,0.00,0.00,0,0.0,0.0,0.000,0.0,0,HAYIR,HAYIR
2026-08-19 09:28:06.160,0.00,0.00,0,0.0,0.0,0.000,0.0,0,HAYIR,HAYIR
2026-08-19 09:28:06.180,0.00,0.00,0,0.0,0.0,0.000,0.0,0,HAYIR,HAYIR
2026-08-19 09:28:06.200,0.00,0.00,0,0.0,0.0,0.000,0.0,0,HAYIR,HAYIR
2026-08-19 09:28:06.220,0.00,0.00,0,0.0,0.0,0.000,0.0,0,HAYIR,HAYIR
2026-08-19 09:28:06.240,0.00,0.00,0,0.0,0.0,0.000,0.0,0,HAYIR,HAYIR
2026-08-19 09:28:06.260,0.00,0.00,0,0.0,0.0,0.000,0.0,0,HAYIR,HAYIR
2026-08-19 09:28:06.280,0.00,0.00,0,0.0,0.0,0.000,0.0,0,HAYIR,HAYIR
2026-08-19 09:28:06.300,0.00,0.00,0,0.0,0.0,0.000,0.0,0,HAYIR,HAYIR
2026-08-19 09:28:06.320,0.00,0.00,0,0.0,0.0,0.000,0.0,0,HAYIR,HAYIR
2026-08-19 09:28:06.340,0.00,0.00,0,0.0,0.0,0.000,0.0,0,HAYIR,HAYIR
2026-08-19 09:28:06.360,0.00,0.00,0,0.0,0.0,0.000,0.0,0,HAYIR,HAYIR
2026-08-19 09:28:06.380,0.00,0.00,0,0.0,0.0,0.000,0.0,0,HAYIR,HAYIR
2026-08-19 09:28:06.400,0.00,0.00,0,0.0,0.0,0.000,0.0,0,HAYIR,HAYIR
2026-08-19 09:28:06.420,0.00,0.00,0,0.0,0.0,0.000,0.0,0,HAYIR,HAYIR
2026-08-19 09:28:06.441,0.00,0.00,0,0.0,0.0,0.000,0.0,0,HAYIR,HAYIR
2026-08-19 09:28:06.460,0.00,0.00,0,0.0,0.0,0.000,0.0,0,HAYIR,HAYIR
2026-08-19 09:28:06.480,0.00,0.00,0,0.0,0.0,0.000,0.0,0,HAYIR,HAYIR
2026-08-19 09:28:06.500,0.00,0.00,0,0.0,0.0,0.000,0.0,0,HAYIR,HAYIR
2026-08-19 09:28:06.521,0.00,0.00,0,0.0,0.0,0.000,0.0,0,HAYIR,HAYIR
2026-08-19 09:28:06.540,0.00,0.00,0,0.0,0.0,0.000,0.0,0,HAYIR,HAYIR
2026-08-19 09:28:06.560,0.00,0.00,0,0.0,0.0,0.000,0.0,0,HAYIR,HAYIR
2026-08-19 09:28:06.580,0.00,0.00,0,0.0,0.0,0.000,0.0,0,HAYIR,HAYIR
2026-08-19 09:28:06.600,0.00,0.00,0,0.0,0.0,0.000,0.0,0,HAYIR,HAYIR
2026-08-19 09:28:06.621,0.00,0.00,0,0.0,0.0,0.000,0.0,0,HAYIR,HAYIR
2026-08-19 09:28:06.640,0.00,0.00,0,0.0,0.0,0.000,0.0,0,HAYIR,HAYIR
2026-08-19 09:28:06.660,0.00,0.00,0,0.0,0.0,0.000,0.0,0,HAYIR,HAYIR
2026-08-19 09:28:06.680,0.00,0.00,0,0.0,0.0,0.000,0.0,0,HAYIR,HAYIR
2026-08-19 09:28:06.700,0.00,0.00,0,0.0,0.0,0.000,0.0,0,HAYIR,HAYIR
2026-08-19 09:28:06.720,0.00,0.00,0,0.0,0.0,0.000,0.0,0,HAYIR,HAYIR
2026-08-19 09:28:06.740,0.00,0.00,0,0.0,0.0,0.000,0.0,0,HAYIR,HAYIR
2026-08-19 09:28:06.760,0.00,0.00,0,0.0,0.0,0.000,0.0,0,HAYIR,HAYIR
2026-08-19 09:28:06.780,0.00,0.00,0,0.0,0.0,0.000,0.0,0,HAYIR,HAYIR
2026-08-19 09:28:06.800,0.00,0.00,0,0.0,0.0,0.000,0.0,0,HAYIR,HAYIR
2026-08-19 09:28:06.820,0.00,0.00,0,0.0,0.0,0.000,0.0,0,HAYIR,HAYIR
2026-08-19 09:28:06.840,0.00,0.00,0,0.0,0.0,0.000,0.0,0,HAYIR,HAYIR
2026-08-19 09:28:06.860,0.00,0.00,0,0.0,0.0,0.000,0.0,0,HAYIR,HAYIR
2026-08-19 09:28:06.880,0.00,0.00,0,0.0,0.0,0.000,0.0,0,HAYIR,HAYIR
2026-08-19 09:28:06.900,0.00,0.00,0,0.0,0.0,0.000,0.0,0,HAYIR,HAYIR
2026-08-19 09:28:06.920,0.00,0.00,0,0.0,0.0,0.000,0.0,0,HAYIR,HAYIR
2026-08-19 09:28:06.940,0.00,0.00,0,0.0,0.0,0.000,0.0,0,HAYIR,HAYIR
2026-08-19 09:28:06.960,0.00,0.00,0,0.0,0.0,0.000,0.0,0,HAYIR,HAYIR
2026-08-19 09:28:06.980,0.00,0.00,0,0.0,0.0,0.000,0.0,0,HAYIR,HAYIR
2026-08-19 09:28:07.000,0.00,0.00,0,0.0,0.0,0.000,0.0,0,HAYIR,HAYIR
2026-08-19 09:28:07.020,0.00,0.00,0,0.0,0.0,0.000,0.0,0,HAYIR,HAYIR
2026-08-19 09:28:07.040,0.00,0.00,0,0.0,0.0,0.000,0.0,0,HAYIR,HAYIR
2026-08-19 09:28:07.060,0.00,0.00,0,0.0,0.0,0.000,0.0,0,HAYIR,HAYIR
2026-08-19 09:28:07.080,0.00,0.00,0,0.0,0.0,0.000,0.0,0,HAYIR,HAYIR
2026-08-19 09:28:07.101,0.00,0.00,0,0.0,0.0,0.000,0.0,0,HAYIR,HAYIR
2026-08-19 09:28:07.120,0.00,0.00,0,0.0,0.0,0.000,0.0,0,HAYIR,HAYIR
2026-08-19 09:28:07.140,0.00,0.00,0,0.0,0.0,0.000,0.0,0,HAYIR,HAYIR
2026-08-19 09:28:07.160,0.00,0.00,0,0.0,0.0,0.000,0.0,0,HAYIR,HAYIR
2026-08-19 09:28:07.180,0.00,0.00,0,0.0,0.0,0.000,0.0,0,HAYIR,HAYIR
2026-08-19 09:28:07.201,0.00,0.00,0,0.0,0.0,0.000,0.0,0,HAYIR,HAYIR
2026-08-19 09:28:07.221,0.00,0.00,0,0.0,0.0,0.000,0.0,0,HAYIR,HAYIR
2026-08-19 09:28:07.240,0.00,0.00,0,0.0,0.0,0.000,0.0,0,HAYIR,HAYIR
2026-08-19 09:28:07.260,0.00,0.00,0,0.0,0.0,0.000,0.0,0,HAYIR,HAYIR
2026-08-19 09:28:07.280,0.00,0.00,0,0.0,0.0,0.000,0.0,0,HAYIR,HAYIR
2026-08-19 09:28:07.300,0.00,0.00,0,0.0,0.0,0.000,0.0,0,HAYIR,HAYIR
2026-08-19 09:28:07.320,0.00,0.00,0,0.0,0.0,0.000,0.0,0,HAYIR,HAYIR
2026-08-19 09:28:07.340,0.00,0.00,0,0.0,0.0,0.000,0.0,0,HAYIR,HAYIR
2026-08-19 09:28:07.360,0.00,0.00,0,0.0,0.0,0.000,0.0,0,HAYIR,HAYIR
2026-08-19 09:28:07.380,0.00,0.00,0,0.0,0.0,0.000,0.0,0,HAYIR,HAYIR
2026-08-19 09:28:07.400,0.00,0.00,0,0.0,0.0,0.000,0.0,0,HAYIR,HAYIR
2026-08-19 09:28:07.420,0.00,0.00,0,0.0,0.0,0.000,0.0,0,HAYIR,HAYIR
2026-08-19 09:28:07.440,0.00,0.00,0,0.0,0.0,0.000,0.0,0,HAYIR,HAYIR
2026-08-19 09:28:07.460,0.00,0.00,0,0.0,0.0,0.000,0.0,0,HAYIR,HAYIR
2026-08-19 09:28:07.480,0.00,0.00,0,0.0,0.0,0.000,0.0,0,HAYIR,HAYIR
2026-08-19 09:28:07.501,0.00,0.00,0,0.0,0.0,0.000,0.0,0,HAYIR,HAYIR
2026-08-19 09:28:07.520,0.00,0.00,0,0.0,0.0,0.000,0.0,0,HAYIR,HAYIR
2026-08-19 09:28:07.541,0.00,0.00,0,0.0,0.0,0.000,0.0,0,HAYIR,HAYIR
2026-08-19 09:28:07.560,0.00,0.00,0,0.0,0.0,0.000,0.0,0,HAYIR,HAYIR
2026-08-19 09:28:07.580,0.00,0.00,0,0.0,0.0,0.000,0.0,0,HAYIR,HAYIR
2026-08-19 09:28:07.601,0.00,0.00,0,0.0,0.0,0.000,0.0,0,HAYIR,HAYIR
2026-08-19 09:28:07.620,0.00,0.00,0,0.0,0.0,0.000,0.0,0,HAYIR,HAYIR
2026-08-19 09:28:07.640,0.00,0.00,0,0.0,0.0,0.000,0.0,0,HAYIR,HAYIR
2026-08-19 09:28:07.660,0.00,0.00,0,0.0,0.0,0.000,0.0,0,HAYIR,HAYIR
2026-08-19 09:28:07.680,0.00,0.00,0,0.0,0.0,0.000,0.0,0,HAYIR,HAYIR
2026-08-19 09:28:07.700,0.00,0.00,0,0.0,0.0,0.000,0.0,0,HAYIR,HAYIR
2026-08-19 09:28:07.720,0.00,0.00,0,0.0,0.0,0.000,0.0,0,HAYIR,HAYIR
2026-08-19 09:28:07.740,0.00,0.00,0,0.0,0.0,0.000,0.0,0,HAYIR,HAYIR
2026-08-19 09:28:07.760,0.00,0.00,0,0.0,0.0,0.000,0.0,0,HAYIR,HAYIR
2026-08-19 09:28:07.780,0.00,0.00,0,0.0,0.0,0.000,0.0,0,HAYIR,HAYIR
2026-08-19 09:28:07.800,0.00,0.00,0,0.0,0.0,0.000,0.0,0,HAYIR,HAYIR
2026-08-19 09:28:07.820,0.00,0.00,0,0.0,0.0,0.000,0.0,0,HAYIR,HAYIR
2026-08-19 09:28:07.840,0.00,0.00,0,0.0,0.0,0.000,0.0,0,HAYIR,HAYIR
2026-08-19 09:28:07.860,0.00,0.00,0,0.0,0.0,0.000,0.0,0,HAYIR,HAYIR
2026-08-19 09:28:07.880,0.00,0.00,0,0.0,0.0,0.000,0.0,0,HAYIR,HAYIR
2026-08-19 09:28:07.900,0.00,0.00,0,0.0,0.0,0.000,0.0,0,HAYIR,HAYIR
2026-08-19 09:28:07.920,0.00,0.00,0,0.0,0.0,0.000,0.0,0,HAYIR,HAYIR
2026-08-19 09:28:07.940,0.00,0.00,0,0.0,0.0,0.000,0.0,0,HAYIR,HAYIR
2026-08-19 09:28:07.960,0.00,0.00,0,0.0,0.0,0.000,0.0,0,HAYIR,HAYIR
2026-08-19 09:28:07.980,0.00,0.00,0,0.0,0.0,0.000,0.0,0,HAYIR,HAYIR
2026-08-19 09:28:08.000,0.00,0.00,0,0.0,0.0,0.000,0.0,0,HAYIR,HAYIR
2026-08-19 09:28:08.020,0.00,0.00,0,0.0,0.0,0.000,0.0,0,HAYIR,HAYIR
2026-08-19 09:28:08.040,0.00,0.00,0,0.0,0.0,0.000,0.0,0,HAYIR,HAYIR
2026-08-19 09:28:08.060,0.00,0.00,0,0.0,0.0,0.000,0.0,0,HAYIR,HAYIR
2026-08-19 09:28:08.080,0.00,0.00,0,0.0,0.0,0.000,0.0,0,HAYIR,HAYIR
2026-08-19 09:28:08.100,0.00,0.00,0,0.0,0.0,0.000,0.0,0,HAYIR,HAYIR
2026-08-19 09:28:08.120,0.00,0.00,0,0.0,0.0,0.000,0.0,0,HAYIR,HAYIR
2026-08-19 09:28:08.140,0.00,0.00,0,0.0,0.0,0.000,0.0,0,HAYIR,HAYIR
2026-08-19 09:28:08.160,0.00,0.00,0,0.0,0.0,0.000,0.0,0,HAYIR,HAYIR
2026-08-19 09:28:08.180,0.00,0.00,0,0.0,0.0,0.000,0.0,0,HAYIR,HAYIR
2026-08-19 09:28:08.200,0.00,0.00,0,0.0,0.0,0.000,0.0,0,HAYIR,HAYIR
2026-08-19 09:28:08.220,0.00,0.00,0,0.0,0.0,0.000,0.0,0,HAYIR,HAYIR
2026-08-19 09:28:08.241,0.00,0.00,0,0.0,0.0,0.000,0.0,0,HAYIR,HAYIR
2026-08-19 09:28:08.260,0.00,0.00,0,0.0,0.0,0.000,0.0,0,HAYIR,HAYIR
2026-08-19 09:28:08.280,0.00,0.00,0,0.0,0.0,0.000,0.0,0,HAYIR,HAYIR
2026-08-19 09:28:08.300,0.00,0.00,0,0.0,0.0,0.000,0.0,0,HAYIR,HAYIR
2026-08-19 09:28:08.320,0.00,0.00,0,0.0,0.0,0.000,0.0,0,HAYIR,HAYIR
2026-08-19 09:28:08.340,0.00,0.00,0,0.0,0.0,0.000,0.0,0,HAYIR,HAYIR
2026-08-19 09:28:08.360,0.00,0.00,0,0.0,0.0,0.000,0.0,0,HAYIR,HAYIR
2026-08-19 09:28:08.380,0.00,0.00,0,0.0,0.0,0.000,0.0,0,HAYIR,HAYIR
2026-08-19 09:28:08.400,0.00,0.00,0,0.0,0.0,0.000,0.0,0,HAYIR,HAYIR
2026-08-19 09:28:08.420,0.00,0.00,0,0.0,0.0,0.000,0.0,0,HAYIR,HAYIR
2026-08-19 09:28:08.440,0.00,0.00,0,0.0,0.0,0.000,0.0,0,HAYIR,HAYIR
2026-08-19 09:28:08.460,0.00,0.00,0,0.0,0.0,0.000,0.0,0,HAYIR,HAYIR
2026-08-19 09:28:08.480,0.00,0.00,0,0.0,0.0,0.000,0.0,0,HAYIR,HAYIR
2026-08-19 09:28:08.501,0.00,0.00,0,0.0,0.0,0.000,0.0,0,HAYIR,HAYIR
2026-08-19 09:28:08.521,0.00,0.00,0,0.0,0.0,0.000,0.0,0,HAYIR,HAYIR
2026-08-19 09:28:08.541,0.00,0.00,0,0.0,0.0,0.000,0.0,0,HAYIR,HAYIR
2026-08-19 09:28:08.560,0.00,0.00,0,0.0,0.0,0.000,0.0,0,HAYIR,HAYIR
2026-08-19 09:28:08.581,0.00,0.00,0,0.0,0.0,0.000,0.0,0,HAYIR,HAYIR
2026-08-19 09:28:08.600,0.00,0.00,0,0.0,0.0,0.000,0.0,0,HAYIR,HAYIR
2026-08-19 09:28:08.621,0.00,0.00,0,0.0,0.0,0.000,0.0,0,HAYIR,HAYIR
2026-08-19 09:28:08.641,0.00,0.00,0,0.0,0.0,0.000,0.0,0,HAYIR,HAYIR
2026-08-19 09:28:08.660,0.00,0.00,0,0.0,0.0,0.000,0.0,0,HAYIR,HAYIR
2026-08-19 09:28:08.680,0.00,0.00,0,0.0,0.0,0.000,0.0,0,HAYIR,HAYIR
2026-08-19 09:28:08.701,0.00,0.00,0,0.0,0.0,0.000,0.0,0,HAYIR,HAYIR
2026-08-19 09:28:08.720,0.00,0.00,0,0.0,0.0,0.000,0.0,0,HAYIR,HAYIR
2026-08-19 09:28:08.740,0.00,0.00,0,0.0,0.0,0.000,0.0,0,HAYIR,HAYIR
2026-08-19 09:28:08.760,0.00,0.00,0,0.0,0.0,0.000,0.0,0,HAYIR,HAYIR
2026-08-19 09:28:08.780,0.00,0.00,0,0.0,0.0,0.000,0.0,0,HAYIR,HAYIR
2026-08-19 09:28:08.800,0.00,0.00,0,0.0,0.0,0.000,0.0,0,HAYIR,HAYIR
2026-08-19 09:28:08.820,0.00,0.00,0,0.0,0.0,0.000,0.0,0,HAYIR,HAYIR
2026-08-19 09:28:08.840,0.00,0.00,0,0.0,0.0,0.000,0.0,0,HAYIR,HAYIR
2026-08-19 09:28:08.860,0.00,0.00,0,0.0,0.0,0.000,0.0,0,HAYIR,HAYIR
2026-08-19 09:28:08.880,0.00,0.00,0,0.0,0.0,0.000,0.0,0,HAYIR,HAYIR
2026-08-19 09:28:08.901,0.00,0.00,0,0.0,0.0,0.000,0.0,0,HAYIR,HAYIR
2026-08-19 09:28:08.920,0.00,0.00,0,0.0,0.0,0.000,0.0,0,HAYIR,HAYIR
2026-08-19 09:28:08.940,0.00,0.00,0,0.0,0.0,0.000,0.0,0,HAYIR,HAYIR
2026-08-19 09:28:08.960,0.00,0.00,0,0.0,0.0,0.000,0.0,0,HAYIR,HAYIR
2026-08-19 09:28:08.980,0.00,0.00,0,0.0,0.0,0.000,0.0,0,HAYIR,HAYIR
2026-08-19 09:28:09.000,0.00,0.00,0,0.0,0.0,0.000,0.0,0,HAYIR,HAYIR
2026-08-19 09:28:09.020,0.00,0.00,0,0.0,0.0,0.000,0.0,0,HAYIR,HAYIR
2026-08-19 09:28:09.040,0.00,0.00,0,0.0,0.0,0.000,0.0,0,HAYIR,HAYIR
2026-08-19 09:28:09.060,0.00,0.00,0,0.0,0.0,0.000,0.0,0,HAYIR,HAYIR
2026-08-19 09:28:09.080,0.00,0.00,0,0.0,0.0,0.000,0.0,0,HAYIR,HAYIR
2026-08-19 09:28:09.100,0.00,0.00,0,0.0,0.0,0.000,0.0,0,HAYIR,HAYIR
2026-08-19 09:28:09.120,0.00,0.00,0,0.0,0.0,0.000,0.0,0,HAYIR,HAYIR
2026-08-19 09:28:09.140,0.00,0.00,0,0.0,0.0,0.000,0.0,0,HAYIR,HAYIR
2026-08-19 09:28:09.160,0.00,0.00,0,0.0,0.0,0.000,0.0,0,HAYIR,HAYIR
2026-08-19 09:28:09.180,0.00,0.00,0,0.0,0.0,0.000,0.0,0,HAYIR,HAYIR
2026-08-19 09:28:09.200,0.00,0.00,0,0.0,0.0,0.000,0.0,0,HAYIR,HAYIR
2026-08-19 09:28:09.220,0.00,0.00,0,0.0,0.0,0.000,0.0,0,HAYIR,HAYIR
2026-08-19 09:28:09.240,0.00,0.00,0,0.0,0.0,0.000,0.0,0,HAYIR,HAYIR
2026-08-19 09:28:09.260,0.00,0.00,0,0.0,0.0,0.000,0.0,0,HAYIR,HAYIR
2026-08-19 09:28:09.280,0.00,0.00,0,0.0,0.0,0.000,0.0,0,HAYIR,HAYIR
2026-08-19 09:28:09.300,0.00,0.00,0,0.0,0.0,0.000,0.0,0,HAYIR,HAYIR
2026-08-19 09:28:09.320,0.00,0.00,0,0.0,0.0,0.000,0.0,0,HAYIR,HAYIR
2026-08-19 09:28:09.340,0.00,0.00,0,0.0,0.0,0.000,0.0,0,HAYIR,HAYIR
2026-08-19 09:28:09.360,0.00,0.00,0,0.0,0.0,0.000,0.0,0,HAYIR,HAYIR
2026-08-19 09:28:09.380,0.00,0.00,0,0.0,0.0,0.000,0.0,0,HAYIR,HAYIR
2026-08-19 09:28:09.400,0.00,0.00,0,0.0,0.0,0.000,0.0,0,HAYIR,HAYIR
2026-08-19 09:28:09.420,0.00,0.00,0,0.0,0.0,0.000,0.0,0,HAYIR,HAYIR
2026-08-19 09:28:09.440,0.00,0.00,0,0.0,0.0,0.000,0.0,0,HAYIR,HAYIR
2026-08-19 09:28:09.460,0.00,0.00,0,0.0,0.0,0.000,0.0,0,HAYIR,HAYIR
2026-08-19 09:28:09.480,0.00,0.00,0,0.0,0.0,0.000,0.0,0,HAYIR,HAYIR
2026-08-19 09:28:09.500,0.00,0.00,0,0.0,0.0,0.000,0.0,0,HAYIR,HAYIR
2026-08-19 09:28:09.520,0.00,0.00,0,0.0,0.0,0.000,0.0,0,HAYIR,HAYIR
2026-08-19 09:28:09.540,0.00,0.00,0,0.0,0.0,0.000,0.0,0,HAYIR,HAYIR
2026-08-19 09:28:09.560,0.00,0.00,0,0.0,0.0,0.000,0.0,0,HAYIR,HAYIR
2026-08-19 09:28:09.580,0.00,0.00,0,0.0,0.0,0.000,0.0,0,HAYIR,HAYIR
2026-08-19 09:28:09.600,0.00,0.00,0,0.0,0.0,0.000,0.0,0,HAYIR,HAYIR
2026-08-19 09:28:09.620,0.00,0.00,0,0.0,0.0,0.000,0.0,0,HAYIR,HAYIR
2026-08-19 09:28:09.640,0.00,0.00,0,0.0,0.0,0.000,0.0,0,HAYIR,HAYIR
2026-08-19 09:28:09.660,0.00,0.00,0,0.0,0.0,0.000,0.0,0,HAYIR,HAYIR
2026-08-19 09:28:09.680,0.00,0.00,0,0.0,0.0,0.000,0.0,0,HAYIR,HAYIR
2026-08-19 09:28:09.700,0.00,0.00,0,0.0,0.0,0.000,0.0,0,HAYIR,HAYIR
2026-08-19 09:28:09.720,0.00,0.00,0,0.0,0.0,0.000,0.0,0,HAYIR,HAYIR
2026-08-19 09:28:09.740,0.00,0.00,0,0.0,0.0,0.000,0.0,0,HAYIR,HAYIR
2026-08-19 09:28:09.760,0.00,0.00,0,0.0,0.0,0.000,0.0,0,HAYIR,HAYIR
2026-08-19 09:28:09.780,0.00,0.00,0,0.0,0.0,0.000,0.0,0,HAYIR,HAYIR
2026-08-19 09:28:09.800,0.00,0.00,0,0.0,0.0,0.000,0.0,0,HAYIR,HAYIR
2026-08-19 09:28:09.820,0.00,0.00,0,0.0,0.0,0.000,0.0,0,HAYIR,HAYIR
2026-08-19 09:28:09.841,0.00,0.00,0,0.0,0.0,0.000,0.0,0,HAYIR,HAYIR
2026-08-19 09:28:09.860,0.00,0.00,0,0.0,0.0,0.000,0.0,0,HAYIR,HAYIR
2026-08-19 09:28:09.880,0.00,0.00,0,0.0,0.0,0.000,0.0,0,HAYIR,HAYIR
2026-08-19 09:28:09.900,0.00,0.00,0,0.0,0.0,0.000,0.0,0,HAYIR,HAYIR
2026-08-19 09:28:09.920,0.00,0.00,0,0.0,0.0,0.000,0.0,0,HAYIR,HAYIR
2026-08-19 09:28:09.940,0.00,0.00,0,0.0,0.0,0.000,0.0,0,HAYIR,HAYIR
2026-08-19 09:28:09.960,0.00,0.00,0,0.0,0.0,0.000,0.0,0,HAYIR,HAYIR
2026-08-19 09:28:09.980,0.00,0.00,0,0.0,0.0,0.000,0.0,0,HAYIR,HAYIR
2026-08-19 09:28:10.000,0.00,0.00,0,0.0,0.0,0.000,0.0,0,HAYIR,HAYIR
2026-08-19 09:28:10.020,0.00,0.00,0,0.0,0.0,0.000,0.0,0,HAYIR,HAYIR
2026-08-19 09:28:10.040,0.00,0.00,0,0.0,0.0,0.000,0.0,0,HAYIR,HAYIR
2026-08-19 09:28:10.060,0.00,0.00,0,0.0,0.0,0.000,0.0,0,HAYIR,HAYIR
2026-08-19 09:28:10.081,0.00,0.00,0,0.0,0.0,0.000,0.0,0,HAYIR,HAYIR
2026-08-19 09:28:10.100,0.00,0.00,0,0.0,0.0,0.000,0.0,0,HAYIR,HAYIR
2026-08-19 09:28:10.120,0.00,0.00,0,0.0,0.0,0.000,0.0,0,HAYIR,HAYIR
2026-08-19 09:28:10.140,0.00,0.00,0,0.0,0.0,0.000,0.0,0,HAYIR,HAYIR
2026-08-19 09:28:10.161,0.00,0.00,0,0.0,0.0,0.000,0.0,0,HAYIR,HAYIR
2026-08-19 09:28:10.180,0.00,0.00,0,0.0,0.0,0.000,0.0,0,HAYIR,HAYIR
2026-08-19 09:28:10.200,0.00,0.00,0,0.0,0.0,0.000,0.0,0,HAYIR,HAYIR
2026-08-19 09:28:10.221,0.00,0.00,0,0.0,0.0,0.000,0.0,0,HAYIR,HAYIR
2026-08-19 09:28:10.240,0.00,0.00,0,0.0,0.0,0.000,0.0,0,HAYIR,HAYIR
2026-08-19 09:28:10.260,0.00,0.00,0,0.0,0.0,0.000,0.0,0,HAYIR,HAYIR
2026-08-19 09:28:10.280,0.00,0.00,0,0.0,0.0,0.000,0.0,0,HAYIR,HAYIR
2026-08-19 09:28:10.300,0.00,0.00,0,0.0,0.0,0.000,0.0,0,HAYIR,HAYIR
2026-08-19 09:28:10.320,0.00,0.00,0,0.0,0.0,0.000,0.0,0,HAYIR,HAYIR
2026-08-19 09:28:10.340,0.00,0.00,0,0.0,0.0,0.000,0.0,0,HAYIR,HAYIR
2026-08-19 09:28:10.360,0.00,0.00,0,0.0,0.0,0.000,0.0,0,HAYIR,HAYIR
2026-08-19 09:28:10.380,0.00,0.00,0,0.0,0.0,0.000,0.0,0,HAYIR,HAYIR
2026-08-19 09:28:10.400,0.00,0.00,0,0.0,0.0,0.000,0.0,0,HAYIR,HAYIR
2026-08-19 09:28:10.420,0.00,0.00,0,0.0,0.0,0.000,0.0,0,HAYIR,HAYIR
2026-08-19 09:28:10.440,0.00,0.00,0,0.0,0.0,0.000,0.0,0,HAYIR,HAYIR
2026-08-19 09:28:10.460,0.00,0.00,0,0.0,0.0,0.000,0.0,0,HAYIR,HAYIR
2026-08-19 09:28:10.480,0.00,0.00,0,0.0,0.0,0.000,0.0,0,HAYIR,HAYIR
2026-08-19 09:28:10.501,0.00,0.00,0,0.0,0.0,0.000,0.0,0,HAYIR,HAYIR
2026-08-19 09:28:10.520,0.00,0.00,0,0.0,0.0,0.000,0.0,0,HAYIR,HAYIR
2026-08-19 09:28:10.541,0.00,0.00,0,0.0,0.0,0.000,0.0,0,HAYIR,HAYIR
2026-08-19 09:28:10.560,0.00,0.00,0,0.0,0.0,0.000,0.0,0,HAYIR,HAYIR
2026-08-19 09:28:10.580,0.00,0.00,0,0.0,0.0,0.000,0.0,0,HAYIR,HAYIR
2026-08-19 09:28:10.600,0.00,0.00,0,0.0,0.0,0.000,0.0,0,HAYIR,HAYIR
2026-08-19 09:28:10.620,0.00,0.00,0,0.0,0.0,0.000,0.0,0,HAYIR,HAYIR
2026-08-19 09:28:10.640,0.00,0.00,0,0.0,0.0,0.000,0.0,0,HAYIR,HAYIR
2026-08-19 09:28:10.660,0.00,0.00,0,0.0,0.0,0.000,0.0,0,HAYIR,HAYIR
2026-08-19 09:28:10.680,0.00,0.00,0,0.0,0.0,0.000,0.0,0,HAYIR,HAYIR
2026-08-19 09:28:10.700,0.00,0.00,0,0.0,0.0,0.000,0.0,0,HAYIR,HAYIR
2026-08-19 09:28:10.720,0.00,0.00,0,0.0,0.0,0.000,0.0,0,HAYIR,HAYIR
2026-08-19 09:28:10.740,0.00,0.00,0,0.0,0.0,0.000,0.0,0,HAYIR,HAYIR
2026-08-19 09:28:10.760,0.00,0.00,0,0.0,0.0,0.000,0.0,0,HAYIR,HAYIR
2026-08-19 09:28:10.780,0.00,0.00,0,0.0,0.0,0.000,0.0,0,HAYIR,HAYIR
2026-08-19 09:28:10.800,0.00,0.00,0,0.0,0.0,0.000,0.0,0,HAYIR,HAYIR
2026-08-19 09:28:10.820,0.00,0.00,0,0.0,0.0,0.000,0.0,0,HAYIR,HAYIR
2026-08-19 09:28:10.840,0.00,0.00,0,0.0,0.0,0.000,0.0,0,HAYIR,HAYIR
2026-08-19 09:28:10.860,0.00,0.00,0,0.0,0.0,0.000,0.0,0,HAYIR,HAYIR
2026-08-19 09:28:10.880,0.00,0.00,0,0.0,0.0,0.000,0.0,0,HAYIR,HAYIR
2026-08-19 09:28:10.900,0.00,0.00,0,0.0,0.0,0.000,0.0,0,HAYIR,HAYIR
2026-08-19 09:28:10.920,0.00,0.00,0,0.0,0.0,0.000,0.0,0,HAYIR,HAYIR
2026-08-19 09:28:10.940,0.00,0.00,0,0.0,0.0,0.000,0.0,0,HAYIR,HAYIR
2026-08-19 09:28:10.960,0.00,0.00,0,0.0,0.0,0.000,0.0,0,HAYIR,HAYIR
2026-08-19 09:28:10.980,0.00,0.00,0,0.0,0.0,0.000,0.0,0,HAYIR,HAYIR
2026-08-19 09:28:11.000,0.00,0.00,0,0.0,0.0,0.000,0.0,0,HAYIR,HAYIR
2026-08-19 09:28:11.020,0.00,0.00,0,0.0,0.0,0.000,0.0,0,HAYIR,HAYIR
2026-08-19 09:28:11.040,0.00,0.00,0,0.0,0.0,0.000,0.0,0,HAYIR,HAYIR
2026-08-19 09:28:11.060,0.00,0.00,0,0.0,0.0,0.000,0.0,0,HAYIR,HAYIR
2026-08-19 09:28:11.080,0.00,0.00,0,0.0,0.0,0.000,0.0,0,HAYIR,HAYIR
2026-08-19 09:28:11.101,0.00,0.00,0,0.0,0.0,0.000,0.0,0,HAYIR,HAYIR
2026-08-19 09:28:11.120,0.00,0.00,0,0.0,0.0,0.000,0.0,0,HAYIR,HAYIR
2026-08-19 09:28:11.140,0.00,0.00,0,0.0,0.0,0.000,0.0,0,HAYIR,HAYIR
2026-08-19 09:28:11.160,0.00,0.00,0,0.0,0.0,0.000,0.0,0,HAYIR,HAYIR
2026-08-19 09:28:11.180,0.00,0.00,0,0.0,0.0,0.000,0.0,0,HAYIR,HAYIR
2026-08-19 09:28:11.200,0.00,0.00,0,0.0,0.0,0.000,0.0,0,HAYIR,HAYIR
2026-08-19 09:28:11.220,0.00,0.00,0,0.0,0.0,0.000,0.0,0,HAYIR,HAYIR
2026-08-19 09:28:11.240,0.00,0.00,0,0.0,0.0,0.000,0.0,0,HAYIR,HAYIR
2026-08-19 09:28:11.260,0.00,0.00,0,0.0,0.0,0.000,0.0,0,HAYIR,HAYIR
2026-08-19 09:28:11.280,0.00,0.00,0,0.0,0.0,0.000,0.0,0,HAYIR,HAYIR
2026-08-19 09:28:11.300,0.00,0.00,0,0.0,0.0,0.000,0.0,0,HAYIR,HAYIR
2026-08-19 09:28:11.320,0.00,0.00,0,0.0,0.0,0.000,0.0,0,HAYIR,HAYIR
2026-08-19 09:28:11.340,0.00,0.00,0,0.0,0.0,0.000,0.0,0,HAYIR,HAYIR
2026-08-19 09:28:11.360,0.00,0.00,0,0.0,0.0,0.000,0.0,0,HAYIR,HAYIR
2026-08-19 09:28:11.380,0.00,0.00,0,0.0,0.0,0.000,0.0,0,HAYIR,HAYIR
2026-08-19 09:28:11.400,0.00,0.00,0,0.0,0.0,0.000,0.0,0,HAYIR,HAYIR
2026-08-19 09:28:11.420,0.00,0.00,0,0.0,0.0,0.000,0.0,0,HAYIR,HAYIR
2026-08-19 09:28:11.440,0.00,0.00,0,0.0,0.0,0.000,0.0,0,HAYIR,HAYIR
2026-08-19 09:28:11.460,0.00,0.00,0,0.0,0.0,0.000,0.0,0,HAYIR,HAYIR
2026-08-19 09:28:11.480,0.00,0.00,0,0.0,0.0,0.000,0.0,0,HAYIR,HAYIR
2026-08-19 09:28:11.500,0.00,0.00,0,0.0,0.0,0.000,0.0,0,HAYIR,HAYIR
2026-08-19 09:28:11.520,0.00,0.00,0,0.0,0.0,0.000,0.0,0,HAYIR,HAYIR
2026-08-19 09:28:11.540,0.00,0.00,0,0.0,0.0,0.000,0.0,0,HAYIR,HAYIR
2026-08-19 09:28:11.560,0.00,0.00,0,0.0,0.0,0.000,0.0,0,HAYIR,HAYIR
2026-08-19 09:28:11.580,0.00,0.00,0,0.0,0.0,0.000,0.0,0,HAYIR,HAYIR
2026-08-19 09:28:11.600,0.00,0.00,0,0.0,0.0,0.000,0.0,0,HAYIR,HAYIR
2026-08-19 09:28:11.620,0.00,0.00,0,0.0,0.0,0.000,0.0,0,HAYIR,HAYIR
2026-08-19 09:28:11.640,0.00,0.00,0,0.0,0.0,0.000,0.0,0,HAYIR,HAYIR
2026-08-19 09:28:11.660,0.00,0.00,0,0.0,0.0,0.000,0.0,0,HAYIR,HAYIR
2026-08-19 09:28:11.680,0.00,0.00,0,0.0,0.0,0.000,0.0,0,HAYIR,HAYIR
2026-08-19 09:28:11.701,0.00,0.00,0,0.0,0.0,0.000,0.0,0,HAYIR,HAYIR
2026-08-19 09:28:11.720,0.00,0.00,0,0.0,0.0,0.000,0.0,0,HAYIR,HAYIR
2026-08-19 09:28:11.740,0.00,0.00,0,0.0,0.0,0.000,0.0,0,HAYIR,HAYIR
2026-08-19 09:28:11.760,0.00,0.00,0,0.0,0.0,0.000,0.0,0,HAYIR,HAYIR
2026-08-19 09:28:11.780,0.00,0.00,0,0.0,0.0,0.000,0.0,0,HAYIR,HAYIR
2026-08-19 09:28:11.800,0.00,0.00,0,0.0,0.0,0.000,0.0,0,HAYIR,HAYIR
2026-08-19 09:28:11.820,0.00,0.00,0,0.0,0.0,0.000,0.0,0,HAYIR,HAYIR
2026-08-19 09:28:11.840,0.00,0.00,0,0.0,0.0,0.000,0.0,0,HAYIR,HAYIR
2026-08-19 09:28:11.860,0.00,0.00,0,0.0,0.0,0.000,0.0,0,HAYIR,HAYIR
2026-08-19 09:28:11.880,0.00,0.00,0,0.0,0.0,0.000,0.0,0,HAYIR,HAYIR
2026-08-19 09:28:11.900,0.00,0.00,0,0.0,0.0,0.000,0.0,0,HAYIR,HAYIR
2026-08-19 09:28:11.920,0.00,0.00,0,0.0,0.0,0.000,0.0,0,HAYIR,HAYIR
2026-08-19 09:28:11.940,0.00,0.00,0,0.0,0.0,0.000,0.0,0,HAYIR,HAYIR
2026-08-19 09:28:11.960,0.00,0.00,0,0.0,0.0,0.000,0.0,0,HAYIR,HAYIR
2026-08-19 09:28:11.980,0.00,0.00,0,0.0,0.0,0.000,0.0,0,HAYIR,HAYIR
2026-08-19 09:28:12.000,0.00,0.00,0,0.0,0.0,0.000,0.0,0,HAYIR,HAYIR
2026-08-19 09:28:12.020,0.00,0.00,0,0.0,0.0,0.000,0.0,0,HAYIR,HAYIR
2026-08-19 09:28:12.040,0.00,0.00,0,0.0,0.0,0.000,0.0,0,HAYIR,HAYIR
2026-08-19 09:28:12.060,0.00,0.00,0,0.0,0.0,0.000,0.0,0,HAYIR,HAYIR
2026-08-19 09:28:12.080,0.00,0.00,0,0.0,0.0,0.000,0.0,0,HAYIR,HAYIR
2026-08-19 09:28:12.100,0.00,0.00,0,0.0,0.0,0.000,0.0,0,HAYIR,HAYIR
2026-08-19 09:28:12.120,0.00,0.00,0,0.0,0.0,0.000,0.0,0,HAYIR,HAYIR
2026-08-19 09:28:12.140,0.00,0.00,0,0.0,0.0,0.000,0.0,0,HAYIR,HAYIR
2026-08-19 09:28:12.160,0.00,0.00,0,0.0,0.0,0.000,0.0,0,HAYIR,HAYIR
2026-08-19 09:28:12.180,0.00,0.00,0,0.0,0.0,0.000,0.0,0,HAYIR,HAYIR
2026-08-19 09:28:12.200,0.00,0.00,0,0.0,0.0,0.000,0.0,0,HAYIR,HAYIR
2026-08-19 09:28:12.220,0.00,0.00,0,0.0,0.0,0.000,0.0,0,HAYIR,HAYIR
2026-08-19 09:28:12.240,0.00,0.00,0,0.0,0.0,0.000,0.0,0,HAYIR,HAYIR
2026-08-19 09:28:12.260,0.00,0.00,0,0.0,0.0,0.000,0.0,0,HAYIR,HAYIR
2026-08-19 09:28:12.280,0.00,0.00,0,0.0,0.0,0.000,0.0,0,HAYIR,HAYIR
2026-08-19 09:28:12.300,0.00,0.00,0,0.0,0.0,0.000,0.0,0,HAYIR,HAYIR
2026-08-19 09:28:12.320,0.00,0.00,0,0.0,0.0,0.000,0.0,0,HAYIR,HAYIR
2026-08-19 09:28:12.340,0.00,0.00,0,0.0,0.0,0.000,0.0,0,HAYIR,HAYIR
2026-08-19 09:28:12.360,0.00,0.00,0,0.0,0.0,0.000,0.0,0,HAYIR,HAYIR
2026-08-19 09:28:12.380,0.00,0.00,0,0.0,0.0,0.000,0.0,0,HAYIR,HAYIR
2026-08-19 09:28:12.400,0.00,0.00,0,0.0,0.0,0.000,0.0,0,HAYIR,HAYIR
2026-08-19 09:28:12.420,0.00,0.00,0,0.0,0.0,0.000,0.0,0,HAYIR,HAYIR
2026-08-19 09:28:12.440,0.00,0.00,0,0.0,0.0,0.000,0.0,0,HAYIR,HAYIR
2026-08-19 09:28:12.460,0.00,0.00,0,0.0,0.0,0.000,0.0,0,HAYIR,HAYIR
2026-08-19 09:28:12.480,0.00,0.00,0,0.0,0.0,0.000,0.0,0,HAYIR,HAYIR
2026-08-19 09:28:12.500,0.00,0.00,0,0.0,0.0,0.000,0.0,0,HAYIR,HAYIR
2026-08-19 09:28:12.520,0.00,0.00,0,0.0,0.0,0.000,0.0,0,HAYIR,HAYIR
2026-08-19 09:28:12.540,0.00,0.00,0,0.0,0.0,0.000,0.0,0,HAYIR,HAYIR
2026-08-19 09:28:12.560,0.00,0.00,0,0.0,0.0,0.000,0.0,0,HAYIR,HAYIR
2026-08-19 09:28:12.580,0.00,0.00,0,0.0,0.0,0.000,0.0,0,HAYIR,HAYIR
2026-08-19 09:28:12.600,0.00,0.00,0,0.0,0.0,0.000,0.0,0,HAYIR,HAYIR
2026-08-19 09:28:12.620,0.00,0.00,0,0.0,0.0,0.000,0.0,0,HAYIR,HAYIR
2026-08-19 09:28:12.640,0.00,0.00,0,0.0,0.0,0.000,0.0,0,HAYIR,HAYIR
2026-08-19 09:28:12.660,0.00,0.00,0,0.0,0.0,0.000,0.0,0,HAYIR,HAYIR
2026-08-19 09:28:12.680,0.00,0.00,0,0.0,0.0,0.000,0.0,0,HAYIR,HAYIR
2026-08-19 09:28:12.700,0.00,0.00,0,0.0,0.0,0.000,0.0,0,HAYIR,HAYIR
2026-08-19 09:28:12.720,0.00,0.00,0,0.0,0.0,0.000,0.0,0,HAYIR,HAYIR
2026-08-19 09:28:12.740,0.00,0.00,0,0.0,0.0,0.000,0.0,0,HAYIR,HAYIR
2026-08-19 09:28:12.760,0.00,0.00,0,0.0,0.0,0.000,0.0,0,HAYIR,HAYIR
2026-08-19 09:28:12.780,0.00,0.00,0,0.0,0.0,0.000,0.0,0,HAYIR,HAYIR
2026-08-19 09:28:12.800,0.00,0.00,0,0.0,0.0,0.000,0.0,0,HAYIR,HAYIR
2026-08-19 09:28:12.820,0.00,0.00,0,0.0,0.0,0.000,0.0,0,HAYIR,HAYIR
2026-08-19 09:28:12.840,0.00,0.00,0,0.0,0.0,0.000,0.0,0,HAYIR,HAYIR
2026-08-19 09:28:12.860,0.00,0.00,0,0.0,0.0,0.000,0.0,0,HAYIR,HAYIR
2026-08-19 09:28:12.880,0.00,0.00,0,0.0,0.0,0.000,0.0,0,HAYIR,HAYIR
2026-08-19 09:28:12.900,0.00,0.00,0,0.0,0.0,0.000,0.0,0,HAYIR,HAYIR
2026-08-19 09:28:12.920,0.00,0.00,0,0.0,0.0,0.000,0.0,0,HAYIR,HAYIR
2026-08-19 09:28:12.940,0.00,0.00,0,0.0,0.0,0.000,0.0,0,HAYIR,HAYIR
2026-08-19 09:28:12.960,0.00,0.00,0,0.0,0.0,0.000,0.0,0,HAYIR,HAYIR
2026-08-19 09:28:12.980,0.00,0.00,0,0.0,0.0,0.000,0.0,0,HAYIR,HAYIR
2026-08-19 09:28:13.000,0.00,0.00,0,0.0,0.0,0.000,0.0,0,HAYIR,HAYIR
2026-08-19 09:28:13.020,0.00,0.00,0,0.0,0.0,0.000,0.0,0,HAYIR,HAYIR
2026-08-19 09:28:13.040,0.00,0.00,0,0.0,0.0,0.000,0.0,0,HAYIR,HAYIR
2026-08-19 09:28:13.060,0.00,0.00,0,0.0,0.0,0.000,0.0,0,HAYIR,HAYIR
2026-08-19 09:28:13.080,0.00,0.00,0,0.0,0.0,0.000,0.0,0,HAYIR,HAYIR
2026-08-19 09:28:13.100,0.00,0.00,0,0.0,0.0,0.000,0.0,0,HAYIR,HAYIR
2026-08-19 09:28:13.120,0.00,0.00,0,0.0,0.0,0.000,0.0,0,HAYIR,HAYIR
2026-08-19 09:28:13.140,0.00,0.00,0,0.0,0.0,0.000,0.0,0,HAYIR,HAYIR
2026-08-19 09:28:13.160,0.00,0.00,0,0.0,0.0,0.000,0.0,0,HAYIR,HAYIR
2026-08-19 09:28:13.180,0.00,0.00,0,0.0,0.0,0.000,0.0,0,HAYIR,HAYIR
2026-08-19 09:28:13.200,0.00,0.00,0,0.0,0.0,0.000,0.0,0,HAYIR,HAYIR
2026-08-19 09:28:13.220,0.00,0.00,0,0.0,0.0,0.000,0.0,0,HAYIR,HAYIR
2026-08-19 09:28:13.240,0.00,0.00,0,0.0,0.0,0.000,0.0,0,HAYIR,HAYIR
2026-08-19 09:28:13.260,0.00,0.00,0,0.0,0.0,0.000,0.0,0,HAYIR,HAYIR
2026-08-19 09:28:13.280,0.00,0.00,0,0.0,0.0,0.000,0.0,0,HAYIR,HAYIR
2026-08-19 09:28:13.300,0.00,0.00,0,0.0,0.0,0.000,0.0,0,HAYIR,HAYIR
2026-08-19 09:28:13.320,0.00,0.00,0,0.0,0.0,0.000,0.0,0,HAYIR,HAYIR
2026-08-19 09:28:13.340,0.00,0.00,0,0.0,0.0,0.000,0.0,0,HAYIR,HAYIR
2026-08-19 09:28:13.360,0.00,0.00,0,0.0,0.0,0.000,0.0,0,HAYIR,HAYIR
2026-08-19 09:28:13.380,0.00,0.00,0,0.0,0.0,0.000,0.0,0,HAYIR,HAYIR
2026-08-19 09:28:13.401,0.00,0.00,0,0.0,0.0,0.000,0.0,0,HAYIR,HAYIR
2026-08-19 09:28:13.420,0.00,0.00,0,0.0,0.0,0.000,0.0,0,HAYIR,HAYIR
2026-08-19 09:28:13.440,0.00,0.00,0,0.0,0.0,0.000,0.0,0,HAYIR,HAYIR
2026-08-19 09:28:13.460,0.00,0.00,0,0.0,0.0,0.000,0.0,0,HAYIR,HAYIR
2026-08-19 09:28:13.480,0.00,0.00,0,0.0,0.0,0.000,0.0,0,HAYIR,HAYIR
2026-08-19 09:28:13.500,0.00,0.00,0,0.0,0.0,0.000,0.0,0,HAYIR,HAYIR
2026-08-19 09:28:13.520,0.00,0.00,0,0.0,0.0,0.000,0.0,0,HAYIR,HAYIR
2026-08-19 09:28:13.541,0.00,0.00,0,0.0,0.0,0.000,0.0,0,HAYIR,HAYIR
2026-08-19 09:28:13.560,0.00,0.00,0,0.0,0.0,0.000,0.0,0,HAYIR,HAYIR
2026-08-19 09:28:13.580,0.00,0.00,0,0.0,0.0,0.000,0.0,0,HAYIR,HAYIR
2026-08-19 09:28:13.600,0.00,0.00,0,0.0,0.0,0.000,0.0,0,HAYIR,HAYIR
2026-08-19 09:28:13.620,0.00,0.00,0,0.0,0.0,0.000,0.0,0,HAYIR,HAYIR
2026-08-19 09:28:13.640,0.00,0.00,0,0.0,0.0,0.000,0.0,0,HAYIR,HAYIR
2026-08-19 09:28:13.660,0.00,0.00,0,0.0,0.0,0.000,0.0,0,HAYIR,HAYIR
2026-08-19 09:28:13.680,0.00,0.00,0,0.0,0.0,0.000,0.0,0,HAYIR,HAYIR
2026-08-19 09:28:13.700,0.00,0.00,0,0.0,0.0,0.000,0.0,0,HAYIR,HAYIR
2026-08-19 09:28:13.720,0.00,0.00,0,0.0,0.0,0.000,0.0,0,HAYIR,HAYIR
2026-08-19 09:28:13.740,0.00,0.00,0,0.0,0.0,0.000,0.0,0,HAYIR,HAYIR
2026-08-19 09:28:13.760,0.00,0.00,0,0.0,0.0,0.000,0.0,0,HAYIR,HAYIR
2026-08-19 09:28:13.780,0.00,0.00,0,0.0,0.0,0.000,0.0,0,HAYIR,HAYIR
2026-08-19 09:28:13.800,0.00,0.00,0,0.0,0.0,0.000,0.0,0,HAYIR,HAYIR
2026-08-19 09:28:13.820,0.00,0.00,0,0.0,0.0,0.000,0.0,0,HAYIR,HAYIR
2026-08-19 09:28:13.840,0.00,0.00,0,0.0,0.0,0.000,0.0,0,HAYIR,HAYIR
2026-08-19 09:28:13.861,0.00,0.00,0,0.0,0.0,0.000,0.0,0,HAYIR,HAYIR
2026-08-19 09:28:13.880,0.00,0.00,0,0.0,0.0,0.000,0.0,0,HAYIR,HAYIR
2026-08-19 09:28:13.901,0.00,0.00,0,0.0,0.0,0.000,0.0,0,HAYIR,HAYIR
2026-08-19 09:28:13.920,0.00,0.00,0,0.0,0.0,0.000,0.0,0,HAYIR,HAYIR
2026-08-19 09:28:13.940,0.00,0.00,0,0.0,0.0,0.000,0.0,0,HAYIR,HAYIR
2026-08-19 09:28:13.960,0.00,0.00,0,0.0,0.0,0.000,0.0,0,HAYIR,HAYIR
2026-08-19 09:28:13.980,0.00,0.00,0,0.0,0.0,0.000,0.0,0,HAYIR,HAYIR
2026-08-19 09:28:14.000,0.00,0.00,0,0.0,0.0,0.000,0.0,0,HAYIR,HAYIR
2026-08-19 09:28:14.020,0.00,0.00,0,0.0,0.0,0.000,0.0,0,HAYIR,HAYIR
2026-08-19 09:28:14.040,0.00,0.00,0,0.0,0.0,0.000,0.0,0,HAYIR,HAYIR
2026-08-19 09:28:14.060,0.00,0.00,0,0.0,0.0,0.000,0.0,0,HAYIR,HAYIR
2026-08-19 09:28:14.080,0.00,0.00,0,0.0,0.0,0.000,0.0,0,HAYIR,HAYIR
2026-08-19 09:28:14.100,0.00,0.00,0,0.0,0.0,0.000,0.0,0,HAYIR,HAYIR
2026-08-19 09:28:14.120,0.00,0.00,0,0.0,0.0,0.000,0.0,0,HAYIR,HAYIR
2026-08-19 09:28:14.140,0.00,0.00,0,0.0,0.0,0.000,0.0,0,HAYIR,HAYIR
2026-08-19 09:28:14.160,0.00,0.00,0,0.0,0.0,0.000,0.0,0,HAYIR,HAYIR
2026-08-19 09:28:14.180,0.00,0.00,0,0.0,0.0,0.000,0.0,0,HAYIR,HAYIR
2026-08-19 09:28:14.200,0.00,0.00,0,0.0,0.0,0.000,0.0,0,HAYIR,HAYIR
2026-08-19 09:28:14.220,0.00,0.00,0,0.0,0.0,0.000,0.0,0,HAYIR,HAYIR
2026-08-19 09:28:14.240,0.00,0.00,0,0.0,0.0,0.000,0.0,0,HAYIR,HAYIR
2026-08-19 09:28:14.260,0.00,0.00,0,0.0,0.0,0.000,0.0,0,HAYIR,HAYIR
2026-08-19 09:28:14.280,0.00,0.00,0,0.0,0.0,0.000,0.0,0,HAYIR,HAYIR
2026-08-19 09:28:14.300,0.00,0.00,0,0.0,0.0,0.000,0.0,0,HAYIR,HAYIR
2026-08-19 09:28:14.320,0.00,0.00,0,0.0,0.0,0.000,0.0,0,HAYIR,HAYIR
2026-08-19 09:28:14.340,0.00,0.00,0,0.0,0.0,0.000,0.0,0,HAYIR,HAYIR
2026-08-19 09:28:14.360,0.00,0.00,0,0.0,0.0,0.000,0.0,0,HAYIR,HAYIR
2026-08-19 09:28:14.380,0.00,0.00,0,0.0,0.0,0.000,0.0,0,HAYIR,HAYIR
2026-08-19 09:28:14.400,0.00,0.00,0,0.0,0.0,0.000,0.0,0,HAYIR,HAYIR
2026-08-19 09:28:14.420,0.00,0.00,0,0.0,0.0,0.000,0.0,0,HAYIR,HAYIR
2026-08-19 09:28:14.441,0.00,0.00,0,0.0,0.0,0.000,0.0,0,HAYIR,HAYIR
2026-08-19 09:28:14.460,0.00,0.00,0,0.0,0.0,0.000,0.0,0,HAYIR,HAYIR
2026-08-19 09:28:14.480,0.00,0.00,0,0.0,0.0,0.000,0.0,0,HAYIR,HAYIR
2026-08-19 09:28:14.500,0.00,0.00,0,0.0,0.0,0.000,0.0,0,HAYIR,HAYIR
2026-08-19 09:28:14.520,0.00,0.00,0,0.0,0.0,0.000,0.0,0,HAYIR,HAYIR
2026-08-19 09:28:14.540,0.00,0.00,0,0.0,0.0,0.000,0.0,0,HAYIR,HAYIR
2026-08-19 09:28:14.561,0.00,0.00,0,0.0,0.0,0.000,0.0,0,HAYIR,HAYIR
2026-08-19 09:28:14.580,0.00,0.00,0,0.0,0.0,0.000,0.0,0,HAYIR,HAYIR
2026-08-19 09:28:14.600,0.00,0.00,0,0.0,0.0,0.000,0.0,0,HAYIR,HAYIR
2026-08-19 09:28:14.620,0.00,0.00,0,0.0,0.0,0.000,0.0,0,HAYIR,HAYIR
2026-08-19 09:28:14.640,0.00,0.00,0,0.0,0.0,0.000,0.0,0,HAYIR,HAYIR
2026-08-19 09:28:14.660,0.00,0.00,0,0.0,0.0,0.000,0.0,0,HAYIR,HAYIR
2026-08-19 09:28:14.680,0.00,0.00,0,0.0,0.0,0.000,0.0,0,HAYIR,HAYIR
2026-08-19 09:28:14.700,0.00,0.00,0,0.0,0.0,0.000,0.0,0,HAYIR,HAYIR
2026-08-19 09:28:14.720,0.00,0.00,0,0.0,0.0,0.000,0.0,0,HAYIR,HAYIR
2026-08-19 09:28:14.740,0.00,0.00,0,0.0,0.0,0.000,0.0,0,HAYIR,HAYIR
2026-08-19 09:28:14.760,0.00,0.00,0,0.0,0.0,0.000,0.0,0,HAYIR,HAYIR
2026-08-19 09:28:14.780,0.00,0.00,0,0.0,0.0,0.000,0.0,0,HAYIR,HAYIR
2026-08-19 09:28:14.800,0.00,0.00,0,0.0,0.0,0.000,0.0,0,HAYIR,HAYIR
2026-08-19 09:28:14.820,0.00,0.00,0,0.0,0.0,0.000,0.0,0,HAYIR,HAYIR
2026-08-19 09:28:14.841,0.00,0.00,0,0.0,0.0,0.000,0.0,0,HAYIR,HAYIR
2026-08-19 09:28:14.860,0.00,0.00,0,0.0,0.0,0.000,0.0,0,HAYIR,HAYIR
2026-08-19 09:28:14.880,0.00,0.00,0,0.0,0.0,0.000,0.0,0,HAYIR,HAYIR
2026-08-19 09:28:14.900,0.00,0.00,0,0.0,0.0,0.000,0.0,0,HAYIR,HAYIR
2026-08-19 09:28:14.920,0.00,0.00,0,0.0,0.0,0.000,0.0,0,HAYIR,HAYIR
2026-08-19 09:28:14.940,0.00,0.00,0,0.0,0.0,0.000,0.0,0,HAYIR,HAYIR
2026-08-19 09:28:14.960,0.00,0.00,0,0.0,0.0,0.000,0.0,0,HAYIR,HAYIR
2026-08-19 09:28:14.980,0.00,0.00,0,0.0,0.0,0.000,0.0,0,HAYIR,HAYIR
2026-08-19 09:28:15.000,0.00,0.00,0,0.0,0.0,0.000,0.0,0,HAYIR,HAYIR
2026-08-19 09:28:15.020,0.00,0.00,0,0.0,0.0,0.000,0.0,0,HAYIR,HAYIR
2026-08-19 09:28:15.040,0.00,0.00,0,0.0,0.0,0.000,0.0,0,HAYIR,HAYIR
2026-08-19 09:28:15.060,0.00,0.00,0,0.0,0.0,0.000,0.0,0,HAYIR,HAYIR
2026-08-19 09:28:15.080,0.00,0.00,0,0.0,0.0,0.000,0.0,0,HAYIR,HAYIR
2026-08-19 09:28:15.100,0.00,0.00,0,0.0,0.0,0.000,0.0,0,HAYIR,HAYIR
2026-08-19 09:28:15.120,0.00,0.00,0,0.0,0.0,0.000,0.0,0,HAYIR,HAYIR
2026-08-19 09:28:15.140,0.00,0.00,0,0.0,0.0,0.000,0.0,0,HAYIR,HAYIR
2026-08-19 09:28:15.160,0.00,0.00,0,0.0,0.0,0.000,0.0,0,HAYIR,HAYIR
2026-08-19 09:28:15.180,0.00,0.00,0,0.0,0.0,0.000,0.0,0,HAYIR,HAYIR
2026-08-19 09:28:15.201,0.00,0.00,0,0.0,0.0,0.000,0.0,0,HAYIR,HAYIR
2026-08-19 09:28:15.220,0.00,0.00,0,0.0,0.0,0.000,0.0,0,HAYIR,HAYIR
2026-08-19 09:28:15.240,0.00,0.00,0,0.0,0.0,0.000,0.0,0,HAYIR,HAYIR
2026-08-19 09:28:15.260,0.00,0.00,0,0.0,0.0,0.000,0.0,0,HAYIR,HAYIR
2026-08-19 09:28:15.280,0.00,0.00,0,0.0,0.0,0.000,0.0,0,HAYIR,HAYIR
2026-08-19 09:28:15.300,0.00,0.00,0,0.0,0.0,0.000,0.0,0,HAYIR,HAYIR
2026-08-19 09:28:15.320,0.00,0.00,0,0.0,0.0,0.000,0.0,0,HAYIR,HAYIR
2026-08-19 09:28:15.340,0.00,0.00,0,0.0,0.0,0.000,0.0,0,HAYIR,HAYIR
2026-08-19 09:28:15.361,0.00,0.00,0,0.0,0.0,0.000,0.0,0,HAYIR,HAYIR
2026-08-19 09:28:15.380,0.00,0.00,0,0.0,0.0,0.000,0.0,0,HAYIR,HAYIR
2026-08-19 09:28:15.400,0.00,0.00,0,0.0,0.0,0.000,0.0,0,HAYIR,HAYIR
2026-08-19 09:28:15.420,0.00,0.00,0,0.0,0.0,0.000,0.0,0,HAYIR,HAYIR
2026-08-19 09:28:15.440,0.00,0.00,0,0.0,0.0,0.000,0.0,0,HAYIR,HAYIR
2026-08-19 09:28:15.460,0.00,0.00,0,0.0,0.0,0.000,0.0,0,HAYIR,HAYIR
2026-08-19 09:28:15.480,0.00,0.00,0,0.0,0.0,0.000,0.0,0,HAYIR,HAYIR
2026-08-19 09:28:15.500,0.00,0.00,0,0.0,0.0,0.000,0.0,0,HAYIR,HAYIR
2026-08-19 09:28:15.521,0.00,0.00,0,0.0,0.0,0.000,0.0,0,HAYIR,HAYIR
2026-08-19 09:28:15.541,0.00,0.00,0,0.0,0.0,0.000,0.0,0,HAYIR,HAYIR
2026-08-19 09:28:15.560,0.00,0.00,0,0.0,0.0,0.000,0.0,0,HAYIR,HAYIR
2026-08-19 09:28:15.580,0.00,0.00,0,0.0,0.0,0.000,0.0,0,HAYIR,HAYIR
2026-08-19 09:28:15.601,0.00,0.00,0,0.0,0.0,0.000,0.0,0,HAYIR,HAYIR
2026-08-19 09:28:15.620,0.00,0.00,0,0.0,0.0,0.000,0.0,0,HAYIR,HAYIR
2026-08-19 09:28:15.641,0.00,0.00,0,0.0,0.0,0.000,0.0,0,HAYIR,HAYIR
2026-08-19 09:28:15.660,0.00,0.00,0,0.0,0.0,0.000,0.0,0,HAYIR,HAYIR
2026-08-19 09:28:15.680,0.00,0.00,0,0.0,0.0,0.000,0.0,0,HAYIR,HAYIR
2026-08-19 09:28:15.700,0.00,0.00,0,0.0,0.0,0.000,0.0,0,HAYIR,HAYIR
2026-08-19 09:28:15.720,0.00,0.00,0,0.0,0.0,0.000,0.0,0,HAYIR,HAYIR
2026-08-19 09:28:15.740,0.00,0.00,0,0.0,0.0,0.000,0.0,0,HAYIR,HAYIR
2026-08-19 09:28:15.761,0.00,0.00,0,0.0,0.0,0.000,0.0,0,HAYIR,HAYIR
2026-08-19 09:28:15.780,0.00,0.00,0,0.0,0.0,0.000,0.0,0,HAYIR,HAYIR
2026-08-19 09:28:15.800,0.00,0.00,0,0.0,0.0,0.000,0.0,0,HAYIR,HAYIR
2026-08-19 09:28:15.820,0.00,0.00,0,0.0,0.0,0.000,0.0,0,HAYIR,HAYIR
2026-08-19 09:28:15.840,0.00,0.00,0,0.0,0.0,0.000,0.0,0,HAYIR,HAYIR
2026-08-19 09:28:15.860,0.00,0.00,0,0.0,0.0,0.000,0.0,0,HAYIR,HAYIR
2026-08-19 09:28:15.880,0.00,0.00,0,0.0,0.0,0.000,0.0,0,HAYIR,HAYIR
2026-08-19 09:28:15.900,0.00,0.00,0,0.0,0.0,0.000,0.0,0,HAYIR,HAYIR
2026-08-19 09:28:15.920,0.00,0.00,0,0.0,0.0,0.000,0.0,0,HAYIR,HAYIR
2026-08-19 09:28:15.940,0.00,0.00,0,0.0,0.0,0.000,0.0,0,HAYIR,HAYIR
2026-08-19 09:28:15.960,0.00,0.00,0,0.0,0.0,0.000,0.0,0,HAYIR,HAYIR
2026-08-19 09:28:15.980,0.00,0.00,0,0.0,0.0,0.000,0.0,0,HAYIR,HAYIR
2026-08-19 09:28:16.000,0.00,0.00,0,0.0,0.0,0.000,0.0,0,HAYIR,HAYIR
2026-08-19 09:28:16.020,0.00,0.00,0,0.0,0.0,0.000,0.0,0,HAYIR,HAYIR
2026-08-19 09:28:16.040,0.00,0.00,0,0.0,0.0,0.000,0.0,0,HAYIR,HAYIR
2026-08-19 09:28:16.060,0.00,0.00,0,0.0,0.0,0.000,0.0,0,HAYIR,HAYIR
2026-08-19 09:28:16.080,0.00,0.00,0,0.0,0.0,0.000,0.0,0,HAYIR,HAYIR
2026-08-19 09:28:16.100,0.00,0.00,0,0.0,0.0,0.000,0.0,0,HAYIR,HAYIR
2026-08-19 09:28:16.120,0.00,0.00,0,0.0,0.0,0.000,0.0,0,HAYIR,HAYIR
2026-08-19 09:28:16.140,0.00,0.00,0,0.0,0.0,0.000,0.0,0,HAYIR,HAYIR
2026-08-19 09:28:16.160,0.00,0.00,0,0.0,0.0,0.000,0.0,0,HAYIR,HAYIR
2026-08-19 09:28:16.180,0.00,0.00,0,0.0,0.0,0.000,0.0,0,HAYIR,HAYIR
2026-08-19 09:28:16.200,0.00,0.00,0,0.0,0.0,0.000,0.0,0,HAYIR,HAYIR
2026-08-19 09:28:16.220,0.00,0.00,0,0.0,0.0,0.000,0.0,0,HAYIR,HAYIR
2026-08-19 09:28:16.240,0.00,0.00,0,0.0,0.0,0.000,0.0,0,HAYIR,HAYIR
2026-08-19 09:28:16.260,0.00,0.00,0,0.0,0.0,0.000,0.0,0,HAYIR,HAYIR
2026-08-19 09:28:16.280,0.00,0.00,0,0.0,0.0,0.000,0.0,0,HAYIR,HAYIR
2026-08-19 09:28:16.301,0.00,0.00,0,0.0,0.0,0.000,0.0,0,HAYIR,HAYIR
2026-08-19 09:28:16.320,0.00,0.00,0,0.0,0.0,0.000,0.0,0,HAYIR,HAYIR
2026-08-19 09:28:16.340,0.00,0.00,0,0.0,0.0,0.000,0.0,0,HAYIR,HAYIR
2026-08-19 09:28:16.360,0.00,0.00,0,0.0,0.0,0.000,0.0,0,HAYIR,HAYIR
2026-08-19 09:28:16.380,0.00,0.00,0,0.0,0.0,0.000,0.0,0,HAYIR,HAYIR
2026-08-19 09:28:16.400,0.00,0.00,0,0.0,0.0,0.000,0.0,0,HAYIR,HAYIR
2026-08-19 09:28:16.420,0.00,0.00,0,0.0,0.0,0.000,0.0,0,HAYIR,HAYIR
2026-08-19 09:28:16.440,0.00,0.00,0,0.0,0.0,0.000,0.0,0,HAYIR,HAYIR
2026-08-19 09:28:16.460,0.00,0.00,0,0.0,0.0,0.000,0.0,0,HAYIR,HAYIR
2026-08-19 09:28:16.480,0.00,0.00,0,0.0,0.0,0.000,0.0,0,HAYIR,HAYIR
2026-08-19 09:28:16.501,0.00,0.00,0,0.0,0.0,0.000,0.0,0,HAYIR,HAYIR
2026-08-19 09:28:16.520,0.00,0.00,0,0.0,0.0,0.000,0.0,0,HAYIR,HAYIR
2026-08-19 09:28:16.540,0.00,0.00,0,0.0,0.0,0.000,0.0,0,HAYIR,HAYIR
2026-08-19 09:28:16.560,0.00,0.00,0,0.0,0.0,0.000,0.0,0,HAYIR,HAYIR
2026-08-19 09:28:16.580,0.00,0.00,0,0.0,0.0,0.000,0.0,0,HAYIR,HAYIR
2026-08-19 09:28:16.600,0.00,0.00,0,0.0,0.0,0.000,0.0,0,HAYIR,HAYIR
2026-08-19 09:28:16.620,0.00,0.00,0,0.0,0.0,0.000,0.0,0,HAYIR,HAYIR
2026-08-19 09:28:16.640,0.00,0.00,0,0.0,0.0,0.000,0.0,0,HAYIR,HAYIR
2026-08-19 09:28:16.660,0.00,0.00,0,0.0,0.0,0.000,0.0,0,HAYIR,HAYIR
2026-08-19 09:28:16.680,0.00,0.00,0,0.0,0.0,0.000,0.0,0,HAYIR,HAYIR
2026-08-19 09:28:16.701,0.00,0.00,0,0.0,0.0,0.000,0.0,0,HAYIR,HAYIR
2026-08-19 09:28:16.720,0.00,0.00,0,0.0,0.0,0.000,0.0,0,HAYIR,HAYIR
2026-08-19 09:28:16.740,0.00,0.00,0,0.0,0.0,0.000,0.0,0,HAYIR,HAYIR
2026-08-19 09:28:16.760,0.00,0.00,0,0.0,0.0,0.000,0.0,0,HAYIR,HAYIR
2026-08-19 09:28:16.780,0.00,0.00,0,0.0,0.0,0.000,0.0,0,HAYIR,HAYIR
2026-08-19 09:28:16.800,0.00,0.00,0,0.0,0.0,0.000,0.0,0,HAYIR,HAYIR
2026-08-19 09:28:16.820,0.00,0.00,0,0.0,0.0,0.000,0.0,0,HAYIR,HAYIR
2026-08-19 09:28:16.840,0.00,0.00,0,0.0,0.0,0.000,0.0,0,HAYIR,HAYIR
2026-08-19 09:28:16.860,0.00,0.00,0,0.0,0.0,0.000,0.0,0,HAYIR,HAYIR
2026-08-19 09:28:16.880,0.00,0.00,0,0.0,0.0,0.000,0.0,0,HAYIR,HAYIR
2026-08-19 09:28:16.900,0.00,0.00,0,0.0,0.0,0.000,0.0,0,HAYIR,HAYIR
2026-08-19 09:28:16.920,0.00,0.00,0,0.0,0.0,0.000,0.0,0,HAYIR,HAYIR
2026-08-19 09:28:16.940,0.00,0.00,0,0.0,0.0,0.000,0.0,0,HAYIR,HAYIR
2026-08-19 09:28:16.960,0.00,0.00,0,0.0,0.0,0.000,0.0,0,HAYIR,HAYIR
2026-08-19 09:28:16.980,0.00,0.00,0,0.0,0.0,0.000,0.0,0,HAYIR,HAYIR
2026-08-19 09:28:17.000,0.00,0.00,0,0.0,0.0,0.000,0.0,0,HAYIR,HAYIR
2026-08-19 09:28:17.020,0.00,0.00,0,0.0,0.0,0.000,0.0,0,HAYIR,HAYIR
2026-08-19 09:28:17.041,0.00,0.00,0,0.0,0.0,0.000,0.0,0,HAYIR,HAYIR
2026-08-19 09:28:17.060,0.00,0.00,0,0.0,0.0,0.000,0.0,0,HAYIR,HAYIR
2026-08-19 09:28:17.080,0.00,0.00,0,0.0,0.0,0.000,0.0,0,HAYIR,HAYIR
2026-08-19 09:28:17.100,0.00,0.00,0,0.0,0.0,0.000,0.0,0,HAYIR,HAYIR
2026-08-19 09:28:17.120,0.00,0.00,0,0.0,0.0,0.000,0.0,0,HAYIR,HAYIR
2026-08-19 09:28:17.140,0.00,0.00,0,0.0,0.0,0.000,0.0,0,HAYIR,HAYIR
2026-08-19 09:28:17.160,0.00,0.00,0,0.0,0.0,0.000,0.0,0,HAYIR,HAYIR
2026-08-19 09:28:17.180,0.00,0.00,0,0.0,0.0,0.000,0.0,0,HAYIR,HAYIR
2026-08-19 09:28:17.200,0.00,0.00,0,0.0,0.0,0.000,0.0,0,HAYIR,HAYIR
2026-08-19 09:28:17.220,0.00,0.00,0,0.0,0.0,0.000,0.0,0,HAYIR,HAYIR
2026-08-19 09:28:17.240,0.00,0.00,0,0.0,0.0,0.000,0.0,0,HAYIR,HAYIR
2026-08-19 09:28:17.260,0.00,0.00,0,0.0,0.0,0.000,0.0,0,HAYIR,HAYIR
2026-08-19 09:28:17.280,0.00,0.00,0,0.0,0.0,0.000,0.0,0,HAYIR,HAYIR
2026-08-19 09:28:17.301,0.00,0.00,0,0.0,0.0,0.000,0.0,0,HAYIR,HAYIR
2026-08-19 09:28:17.320,0.00,0.00,0,0.0,0.0,0.000,0.0,0,HAYIR,HAYIR
2026-08-19 09:28:17.340,0.00,0.00,0,0.0,0.0,0.000,0.0,0,HAYIR,HAYIR
2026-08-19 09:28:17.360,0.00,0.00,0,0.0,0.0,0.000,0.0,0,HAYIR,HAYIR
2026-08-19 09:28:17.380,0.00,0.00,0,0.0,0.0,0.000,0.0,0,HAYIR,HAYIR
2026-08-19 09:28:17.400,0.00,0.00,0,0.0,0.0,0.000,0.0,0,HAYIR,HAYIR
2026-08-19 09:28:17.420,0.00,0.00,0,0.0,0.0,0.000,0.0,0,HAYIR,HAYIR
2026-08-19 09:28:17.440,0.00,0.00,0,0.0,0.0,0.000,0.0,0,HAYIR,HAYIR
2026-08-19 09:28:17.460,0.00,0.00,0,0.0,0.0,0.000,0.0,0,HAYIR,HAYIR
2026-08-19 09:28:17.480,0.00,0.00,0,0.0,0.0,0.000,0.0,0,HAYIR,HAYIR
2026-08-19 09:28:17.501,0.00,0.00,0,0.0,0.0,0.000,0.0,0,HAYIR,HAYIR
2026-08-19 09:28:17.520,0.00,0.00,0,0.0,0.0,0.000,0.0,0,HAYIR,HAYIR
2026-08-19 09:28:17.540,0.00,0.00,0,0.0,0.0,0.000,0.0,0,HAYIR,HAYIR
2026-08-19 09:28:17.560,0.00,0.00,0,0.0,0.0,0.000,0.0,0,HAYIR,HAYIR
2026-08-19 09:28:17.580,0.00,0.00,0,0.0,0.0,0.000,0.0,0,HAYIR,HAYIR
2026-08-19 09:28:17.600,0.00,0.00,0,0.0,0.0,0.000,0.0,0,HAYIR,HAYIR
2026-08-19 09:28:17.621,0.00,0.00,0,0.0,0.0,0.000,0.0,0,HAYIR,HAYIR
2026-08-19 09:28:17.640,0.00,0.00,0,0.0,0.0,0.000,0.0,0,HAYIR,HAYIR
2026-08-19 09:28:17.660,0.00,0.00,0,0.0,0.0,0.000,0.0,0,HAYIR,HAYIR
2026-08-19 09:28:17.680,0.00,0.00,0,0.0,0.0,0.000,0.0,0,HAYIR,HAYIR
2026-08-19 09:28:17.701,0.00,0.00,0,0.0,0.0,0.000,0.0,0,HAYIR,HAYIR
2026-08-19 09:28:17.720,0.00,0.00,0,0.0,0.0,0.000,0.0,0,HAYIR,HAYIR
2026-08-19 09:28:17.740,0.00,0.00,0,0.0,0.0,0.000,0.0,0,HAYIR,HAYIR
2026-08-19 09:28:17.760,0.00,0.00,0,0.0,0.0,0.000,0.0,0,HAYIR,HAYIR
2026-08-19 09:28:17.780,0.00,0.00,0,0.0,0.0,0.000,0.0,0,HAYIR,HAYIR
2026-08-19 09:28:17.800,0.00,0.00,0,0.0,0.0,0.000,0.0,0,HAYIR,HAYIR
2026-08-19 09:28:17.820,0.00,0.00,0,0.0,0.0,0.000,0.0,0,HAYIR,HAYIR
2026-08-19 09:28:17.840,0.00,0.00,0,0.0,0.0,0.000,0.0,0,HAYIR,HAYIR
2026-08-19 09:28:17.860,0.00,0.00,0,0.0,0.0,0.000,0.0,0,HAYIR,HAYIR
2026-08-19 09:28:17.880,0.00,0.00,0,0.0,0.0,0.000,0.0,0,HAYIR,HAYIR
2026-08-19 09:28:17.901,0.00,0.00,0,0.0,0.0,0.000,0.0,0,HAYIR,HAYIR
2026-08-19 09:28:17.920,0.00,0.00,0,0.0,0.0,0.000,0.0,0,HAYIR,HAYIR
2026-08-19 09:28:17.940,0.00,0.00,0,0.0,0.0,0.000,0.0,0,HAYIR,HAYIR
2026-08-19 09:28:17.960,0.00,0.00,0,0.0,0.0,0.000,0.0,0,HAYIR,HAYIR
2026-08-19 09:28:17.980,0.00,0.00,0,0.0,0.0,0.000,0.0,0,HAYIR,HAYIR
2026-08-19 09:28:18.000,0.00,0.00,0,0.0,0.0,0.000,0.0,0,HAYIR,HAYIR
2026-08-19 09:28:18.020,0.00,0.00,0,0.0,0.0,0.000,0.0,0,HAYIR,HAYIR
2026-08-19 09:28:18.040,0.00,0.00,0,0.0,0.0,0.000,0.0,0,HAYIR,HAYIR
2026-08-19 09:28:18.060,0.00,0.00,0,0.0,0.0,0.000,0.0,0,HAYIR,HAYIR
2026-08-19 09:28:18.080,0.00,0.00,0,0.0,0.0,0.000,0.0,0,HAYIR,HAYIR
2026-08-19 09:28:18.101,0.00,0.00,0,0.0,0.0,0.000,0.0,0,HAYIR,HAYIR
2026-08-19 09:28:18.120,0.00,0.00,0,0.0,0.0,0.000,0.0,0,HAYIR,HAYIR
2026-08-19 09:28:18.140,0.00,0.00,0,0.0,0.0,0.000,0.0,0,HAYIR,HAYIR
2026-08-19 09:28:18.160,0.00,0.00,0,0.0,0.0,0.000,0.0,0,HAYIR,HAYIR
2026-08-19 09:28:18.180,0.00,0.00,0,0.0,0.0,0.000,0.0,0,HAYIR,HAYIR
2026-08-19 09:28:18.200,0.00,0.00,0,0.0,0.0,0.000,0.0,0,HAYIR,HAYIR
2026-08-19 09:28:18.220,0.00,0.00,0,0.0,0.0,0.000,0.0,0,HAYIR,HAYIR
2026-08-19 09:28:18.240,0.00,0.00,0,0.0,0.0,0.000,0.0,0,HAYIR,HAYIR
2026-08-19 09:28:18.260,0.00,0.00,0,0.0,0.0,0.000,0.0,0,HAYIR,HAYIR
2026-08-19 09:28:18.280,0.00,0.00,0,0.0,0.0,0.000,0.0,0,HAYIR,HAYIR
2026-08-19 09:28:18.301,0.00,0.00,0,0.0,0.0,0.000,0.0,0,HAYIR,HAYIR
2026-08-19 09:28:18.320,0.00,0.00,0,0.0,0.0,0.000,0.0,0,HAYIR,HAYIR
2026-08-19 09:28:18.340,0.00,0.00,0,0.0,0.0,0.000,0.0,0,HAYIR,HAYIR
2026-08-19 09:28:18.360,0.00,0.00,0,0.0,0.0,0.000,0.0,0,HAYIR,HAYIR
2026-08-19 09:28:18.380,0.00,0.00,0,0.0,0.0,0.000,0.0,0,HAYIR,HAYIR
2026-08-19 09:28:18.400,0.00,0.00,0,0.0,0.0,0.000,0.0,0,HAYIR,HAYIR
2026-08-19 09:28:18.420,0.00,0.00,0,0.0,0.0,0.000,0.0,0,HAYIR,HAYIR
2026-08-19 09:28:18.440,0.00,0.00,0,0.0,0.0,0.000,0.0,0,HAYIR,HAYIR
2026-08-19 09:28:18.460,0.00,0.00,0,0.0,0.0,0.000,0.0,0,HAYIR,HAYIR
2026-08-19 09:28:18.480,0.00,0.00,0,0.0,0.0,0.000,0.0,0,HAYIR,HAYIR
2026-08-19 09:28:18.501,0.00,0.00,0,0.0,0.0,0.000,0.0,0,HAYIR,HAYIR
2026-08-19 09:28:18.520,0.00,0.00,0,0.0,0.0,0.000,0.0,0,HAYIR,HAYIR
2026-08-19 09:28:18.540,0.00,0.00,0,0.0,0.0,0.000,0.0,0,HAYIR,HAYIR
2026-08-19 09:28:18.560,0.00,0.00,0,0.0,0.0,0.000,0.0,0,HAYIR,HAYIR
2026-08-19 09:28:18.580,0.00,0.00,0,0.0,0.0,0.000,0.0,0,HAYIR,HAYIR
2026-08-19 09:28:18.600,0.00,0.00,0,0.0,0.0,0.000,0.0,0,HAYIR,HAYIR
2026-08-19 09:28:18.620,0.00,0.00,0,0.0,0.0,0.000,0.0,0,HAYIR,HAYIR
2026-08-19 09:28:18.640,0.00,0.00,0,0.0,0.0,0.000,0.0,0,HAYIR,HAYIR
2026-08-19 09:28:18.660,0.00,0.00,0,0.0,0.0,0.000,0.0,0,HAYIR,HAYIR
2026-08-19 09:28:18.680,0.00,0.00,0,0.0,0.0,0.000,0.0,0,HAYIR,HAYIR
2026-08-19 09:28:18.700,0.00,0.00,0,0.0,0.0,0.000,0.0,0,HAYIR,HAYIR
2026-08-19 09:28:18.720,0.00,0.00,0,0.0,0.0,0.000,0.0,0,HAYIR,HAYIR
2026-08-19 09:28:18.740,0.00,0.00,0,0.0,0.0,0.000,0.0,0,HAYIR,HAYIR
2026-08-19 09:28:18.760,0.00,0.00,0,0.0,0.0,0.000,0.0,0,HAYIR,HAYIR
2026-08-19 09:28:18.780,0.00,0.00,0,0.0,0.0,0.000,0.0,0,HAYIR,HAYIR
2026-08-19 09:28:18.800,0.00,0.00,0,0.0,0.0,0.000,0.0,0,HAYIR,HAYIR
2026-08-19 09:28:18.820,0.00,0.00,0,0.0,0.0,0.000,0.0,0,HAYIR,HAYIR
2026-08-19 09:28:18.840,0.00,0.00,0,0.0,0.0,0.000,0.0,0,HAYIR,HAYIR
2026-08-19 09:28:18.860,0.00,0.00,0,0.0,0.0,0.000,0.0,0,HAYIR,HAYIR
2026-08-19 09:28:18.880,0.00,0.00,0,0.0,0.0,0.000,0.0,0,HAYIR,HAYIR
2026-08-19 09:28:18.901,0.00,0.00,0,0.0,0.0,0.000,0.0,0,HAYIR,HAYIR
2026-08-19 09:28:18.920,0.00,0.00,0,0.0,0.0,0.000,0.0,0,HAYIR,HAYIR
2026-08-19 09:28:18.940,0.00,0.00,0,0.0,0.0,0.000,0.0,0,HAYIR,HAYIR
2026-08-19 09:28:18.960,0.00,0.00,0,0.0,0.0,0.000,0.0,0,HAYIR,HAYIR
2026-08-19 09:28:18.980,0.00,0.00,0,0.0,0.0,0.000,0.0,0,HAYIR,HAYIR
2026-08-19 09:28:19.000,0.00,0.00,0,0.0,0.0,0.000,0.0,0,HAYIR,HAYIR
2026-08-19 09:28:19.020,0.00,0.00,0,0.0,0.0,0.000,0.0,0,HAYIR,HAYIR
2026-08-19 09:28:19.040,0.00,0.00,0,0.0,0.0,0.000,0.0,0,HAYIR,HAYIR
2026-08-19 09:28:19.060,0.00,0.00,0,0.0,0.0,0.000,0.0,0,HAYIR,HAYIR
2026-08-19 09:28:19.080,0.00,0.00,0,0.0,0.0,0.000,0.0,0,HAYIR,HAYIR
2026-08-19 09:28:19.101,0.00,0.00,0,0.0,0.0,0.000,0.0,0,HAYIR,HAYIR
2026-08-19 09:28:19.120,0.00,0.00,0,0.0,0.0,0.000,0.0,0,HAYIR,HAYIR
2026-08-19 09:28:19.140,0.00,0.00,0,0.0,0.0,0.000,0.0,0,HAYIR,HAYIR
2026-08-19 09:28:19.160,0.00,0.00,0,0.0,0.0,0.000,0.0,0,HAYIR,HAYIR
2026-08-19 09:28:19.180,0.00,0.00,0,0.0,0.0,0.000,0.0,0,HAYIR,HAYIR
2026-08-19 09:28:19.200,0.00,0.00,0,0.0,0.0,0.000,0.0,0,HAYIR,HAYIR
2026-08-19 09:28:19.220,0.00,0.00,0,0.0,0.0,0.000,0.0,0,HAYIR,HAYIR
2026-08-19 09:28:19.240,0.00,0.00,0,0.0,0.0,0.000,0.0,0,HAYIR,HAYIR
2026-08-19 09:28:19.260,0.00,0.00,0,0.0,0.0,0.000,0.0,0,HAYIR,HAYIR
2026-08-19 09:28:19.280,0.00,0.00,0,0.0,0.0,0.000,0.0,0,HAYIR,HAYIR
2026-08-19 09:28:19.301,0.00,0.00,0,0.0,0.0,0.000,0.0,0,HAYIR,HAYIR
2026-08-19 09:28:19.321,0.00,0.00,0,0.0,0.0,0.000,0.0,0,HAYIR,HAYIR
2026-08-19 09:28:19.340,0.00,0.00,0,0.0,0.0,0.000,0.0,0,HAYIR,HAYIR
2026-08-19 09:28:19.360,0.00,0.00,0,0.0,0.0,0.000,0.0,0,HAYIR,HAYIR
2026-08-19 09:28:19.380,0.00,0.00,0,0.0,0.0,0.000,0.0,0,HAYIR,HAYIR
2026-08-19 09:28:19.400,0.00,0.00,0,0.0,0.0,0.000,0.0,0,HAYIR,HAYIR
2026-08-19 09:28:19.421,0.00,0.00,0,0.0,0.0,0.000,0.0,0,HAYIR,HAYIR
2026-08-19 09:28:19.440,0.00,0.00,0,0.0,0.0,0.000,0.0,0,HAYIR,HAYIR
2026-08-19 09:28:19.460,0.00,0.00,0,0.0,0.0,0.000,0.0,0,HAYIR,HAYIR
2026-08-19 09:28:19.480,0.00,0.00,0,0.0,0.0,0.000,0.0,0,HAYIR,HAYIR
2026-08-19 09:28:19.501,0.00,0.00,0,0.0,0.0,0.000,0.0,0,HAYIR,HAYIR
2026-08-19 09:28:19.520,0.00,0.00,0,0.0,0.0,0.000,0.0,0,HAYIR,HAYIR
2026-08-19 09:28:19.540,0.00,0.00,0,0.0,0.0,0.000,0.0,0,HAYIR,HAYIR
2026-08-19 09:28:19.560,0.00,0.00,0,0.0,0.0,0.000,0.0,0,HAYIR,HAYIR
2026-08-19 09:28:19.580,0.00,0.00,0,0.0,0.0,0.000,0.0,0,HAYIR,HAYIR
2026-08-19 09:28:19.600,0.00,0.00,0,0.0,0.0,0.000,0.0,0,HAYIR,HAYIR
2026-08-19 09:28:19.620,0.00,0.00,0,0.0,0.0,0.000,0.0,0,HAYIR,HAYIR
2026-08-19 09:28:19.640,0.00,0.00,0,0.0,0.0,0.000,0.0,0,HAYIR,HAYIR
2026-08-19 09:28:19.660,0.00,0.00,0,0.0,0.0,0.000,0.0,0,HAYIR,HAYIR
2026-08-19 09:28:19.680,0.00,0.00,0,0.0,0.0,0.000,0.0,0,HAYIR,HAYIR
2026-08-19 09:28:19.700,0.00,0.00,0,0.0,0.0,0.000,0.0,0,HAYIR,HAYIR
2026-08-19 09:28:19.720,0.00,0.00,0,0.0,0.0,0.000,0.0,0,HAYIR,HAYIR
2026-08-19 09:28:19.740,0.00,0.00,0,0.0,0.0,0.000,0.0,0,HAYIR,HAYIR
2026-08-19 09:28:19.760,0.00,0.00,0,0.0,0.0,0.000,0.0,0,HAYIR,HAYIR
2026-08-19 09:28:19.780,0.00,0.00,0,0.0,0.0,0.000,0.0,0,HAYIR,HAYIR
2026-08-19 09:28:19.800,0.00,0.00,0,0.0,0.0,0.000,0.0,0,HAYIR,HAYIR
2026-08-19 09:28:19.820,0.00,0.00,0,0.0,0.0,0.000,0.0,0,HAYIR,HAYIR
2026-08-19 09:28:19.840,0.00,0.00,0,0.0,0.0,0.000,0.0,0,HAYIR,HAYIR
2026-08-19 09:28:19.860,0.00,0.00,0,0.0,0.0,0.000,0.0,0,HAYIR,HAYIR
2026-08-19 09:28:19.880,0.00,0.00,0,0.0,0.0,0.000,0.0,0,HAYIR,HAYIR
2026-08-19 09:28:19.901,0.00,0.00,0,0.0,0.0,0.000,0.0,0,HAYIR,HAYIR
2026-08-19 09:28:19.920,0.00,0.00,0,0.0,0.0,0.000,0.0,0,HAYIR,HAYIR
2026-08-19 09:28:19.940,0.00,0.00,0,0.0,0.0,0.000,0.0,0,HAYIR,HAYIR
2026-08-19 09:28:19.960,0.00,0.00,0,0.0,0.0,0.000,0.0,0,HAYIR,HAYIR
2026-08-19 09:28:19.980,0.00,0.00,0,0.0,0.0,0.000,0.0,0,HAYIR,HAYIR
2026-08-19 09:28:20.000,0.00,0.00,0,0.0,0.0,0.000,0.0,0,HAYIR,HAYIR
2026-08-19 09:28:20.020,0.00,0.00,0,0.0,0.0,0.000,0.0,0,HAYIR,HAYIR
2026-08-19 09:28:20.040,0.00,0.00,0,0.0,0.0,0.000,0.0,0,HAYIR,HAYIR
2026-08-19 09:28:20.060,0.00,0.00,0,0.0,0.0,0.000,0.0,0,HAYIR,HAYIR
2026-08-19 09:28:20.080,0.00,0.00,0,0.0,0.0,0.000,0.0,0,HAYIR,HAYIR
2026-08-19 09:28:20.100,0.00,0.00,0,0.0,0.0,0.000,0.0,0,HAYIR,HAYIR
2026-08-19 09:28:20.120,0.00,0.00,0,0.0,0.0,0.000,0.0,0,HAYIR,HAYIR
2026-08-19 09:28:20.140,0.00,0.00,0,0.0,0.0,0.000,0.0,0,HAYIR,HAYIR
2026-08-19 09:28:20.160,0.00,0.00,0,0.0,0.0,0.000,0.0,0,HAYIR,HAYIR
2026-08-19 09:28:20.180,0.00,0.00,0,0.0,0.0,0.000,0.0,0,HAYIR,HAYIR
2026-08-19 09:28:20.200,0.00,0.00,0,0.0,0.0,0.000,0.0,0,HAYIR,HAYIR
2026-08-19 09:28:20.220,0.00,0.00,0,0.0,0.0,0.000,0.0,0,HAYIR,HAYIR
2026-08-19 09:28:20.240,0.00,0.00,0,0.0,0.0,0.000,0.0,0,HAYIR,HAYIR
2026-08-19 09:28:20.260,0.00,0.00,0,0.0,0.0,0.000,0.0,0,HAYIR,HAYIR
2026-08-19 09:28:20.280,0.00,0.00,0,0.0,0.0,0.000,0.0,0,HAYIR,HAYIR
2026-08-19 09:28:20.301,0.00,0.00,0,0.0,0.0,0.000,0.0,0,HAYIR,HAYIR
2026-08-19 09:28:20.320,0.00,0.00,0,0.0,0.0,0.000,0.0,0,HAYIR,HAYIR
2026-08-19 09:28:20.340,0.00,0.00,0,0.0,0.0,0.000,0.0,0,HAYIR,HAYIR
2026-08-19 09:28:20.360,0.00,0.00,0,0.0,0.0,0.000,0.0,0,HAYIR,HAYIR
2026-08-19 09:28:20.380,0.00,0.00,0,0.0,0.0,0.000,0.0,0,HAYIR,HAYIR
2026-08-19 09:28:20.400,0.00,0.00,0,0.0,0.0,0.000,0.0,0,HAYIR,HAYIR
2026-08-19 09:28:20.420,0.00,0.00,0,0.0,0.0,0.000,0.0,0,HAYIR,HAYIR
2026-08-19 09:28:20.440,0.00,0.00,0,0.0,0.0,0.000,0.0,0,HAYIR,HAYIR
2026-08-19 09:28:20.460,0.00,0.00,0,0.0,0.0,0.000,0.0,0,HAYIR,HAYIR
2026-08-19 09:28:20.480,0.00,0.00,0,0.0,0.0,0.000,0.0,0,HAYIR,HAYIR
2026-08-19 09:28:20.500,0.00,0.00,0,0.0,0.0,0.000,0.0,0,HAYIR,HAYIR
2026-08-19 09:28:20.520,0.00,0.00,0,0.0,0.0,0.000,0.0,0,HAYIR,HAYIR
2026-08-19 09:28:20.540,0.00,0.00,0,0.0,0.0,0.000,0.0,0,HAYIR,HAYIR
2026-08-19 09:28:20.560,0.00,0.00,0,0.0,0.0,0.000,0.0,0,HAYIR,HAYIR
2026-08-19 09:28:20.580,0.00,0.00,0,0.0,0.0,0.000,0.0,0,HAYIR,HAYIR
2026-08-19 09:28:20.600,0.00,0.00,0,0.0,0.0,0.000,0.0,0,HAYIR,HAYIR
2026-08-19 09:28:20.620,0.00,0.00,0,0.0,0.0,0.000,0.0,0,HAYIR,HAYIR
2026-08-19 09:28:20.640,0.00,0.00,0,0.0,0.0,0.000,0.0,0,HAYIR,HAYIR
2026-08-19 09:28:20.660,0.00,0.00,0,0.0,0.0,0.000,0.0,0,HAYIR,HAYIR
2026-08-19 09:28:20.680,0.00,0.00,0,0.0,0.0,0.000,0.0,0,HAYIR,HAYIR
2026-08-19 09:28:20.700,0.00,0.00,0,0.0,0.0,0.000,0.0,0,HAYIR,HAYIR
2026-08-19 09:28:20.720,0.00,0.00,0,0.0,0.0,0.000,0.0,0,HAYIR,HAYIR
2026-08-19 09:28:20.740,0.00,0.00,0,0.0,0.0,0.000,0.0,0,HAYIR,HAYIR
2026-08-19 09:28:20.761,0.00,0.00,0,0.0,0.0,0.000,0.0,0,HAYIR,HAYIR
2026-08-19 09:28:20.780,0.00,0.00,0,0.0,0.0,0.000,0.0,0,HAYIR,HAYIR
2026-08-19 09:28:20.800,0.00,0.00,0,0.0,0.0,0.000,0.0,0,HAYIR,HAYIR
2026-08-19 09:28:20.820,0.00,0.00,0,0.0,0.0,0.000,0.0,0,HAYIR,HAYIR
2026-08-19 09:28:20.840,0.00,0.00,0,0.0,0.0,0.000,0.0,0,HAYIR,HAYIR
2026-08-19 09:28:20.860,0.00,0.00,0,0.0,0.0,0.000,0.0,0,HAYIR,HAYIR
2026-08-19 09:28:20.880,0.00,0.00,0,0.0,0.0,0.000,0.0,0,HAYIR,HAYIR
2026-08-19 09:28:20.900,0.00,0.00,0,0.0,0.0,0.000,0.0,0,HAYIR,HAYIR
2026-08-19 09:28:20.920,0.00,0.00,0,0.0,0.0,0.000,0.0,0,HAYIR,HAYIR
2026-08-19 09:28:20.940,0.00,0.00,0,0.0,0.0,0.000,0.0,0,HAYIR,HAYIR
2026-08-19 09:28:20.960,0.00,0.00,0,0.0,0.0,0.000,0.0,0,HAYIR,HAYIR
2026-08-19 09:28:20.980,0.00,0.00,0,0.0,0.0,0.000,0.0,0,HAYIR,HAYIR
2026-08-19 09:28:21.000,0.00,0.00,0,0.0,0.0,0.000,0.0,0,HAYIR,HAYIR
2026-08-19 09:28:21.020,0.00,0.00,0,0.0,0.0,0.000,0.0,0,HAYIR,HAYIR
2026-08-19 09:28:21.040,0.00,0.00,0,0.0,0.0,0.000,0.0,0,HAYIR,HAYIR
2026-08-19 09:28:21.060,0.00,0.00,0,0.0,0.0,0.000,0.0,0,HAYIR,HAYIR
2026-08-19 09:28:21.080,0.00,0.00,0,0.0,0.0,0.000,0.0,0,HAYIR,HAYIR
2026-08-19 09:28:21.100,0.00,0.00,0,0.0,0.0,0.000,0.0,0,HAYIR,HAYIR
2026-08-19 09:28:21.120,0.00,0.00,0,0.0,0.0,0.000,0.0,0,HAYIR,HAYIR
2026-08-19 09:28:21.140,0.00,0.00,0,0.0,0.0,0.000,0.0,0,HAYIR,HAYIR
2026-08-19 09:28:21.160,0.00,0.00,0,0.0,0.0,0.000,0.0,0,HAYIR,HAYIR
2026-08-19 09:28:21.180,0.00,0.00,0,0.0,0.0,0.000,0.0,0,HAYIR,HAYIR
2026-08-19 09:28:21.200,0.00,0.00,0,0.0,0.0,0.000,0.0,0,HAYIR,HAYIR
2026-08-19 09:28:21.220,0.00,0.00,0,0.0,0.0,0.000,0.0,0,HAYIR,HAYIR
2026-08-19 09:28:21.240,0.00,0.00,0,0.0,0.0,0.000,0.0,0,HAYIR,HAYIR
2026-08-19 09:28:21.260,0.00,0.00,0,0.0,0.0,0.000,0.0,0,HAYIR,HAYIR
2026-08-19 09:28:21.280,0.00,0.00,0,0.0,0.0,0.000,0.0,0,HAYIR,HAYIR
2026-08-19 09:28:21.300,0.00,0.00,0,0.0,0.0,0.000,0.0,0,HAYIR,HAYIR
2026-08-19 09:28:21.320,0.00,0.00,0,0.0,0.0,0.000,0.0,0,HAYIR,HAYIR
2026-08-19 09:28:21.340,0.00,0.00,0,0.0,0.0,0.000,0.0,0,HAYIR,HAYIR
2026-08-19 09:28:21.360,0.00,0.00,0,0.0,0.0,0.000,0.0,0,HAYIR,HAYIR
2026-08-19 09:28:21.380,0.00,0.00,0,0.0,0.0,0.000,0.0,0,HAYIR,HAYIR
2026-08-19 09:28:21.400,0.00,0.00,0,0.0,0.0,0.000,0.0,0,HAYIR,HAYIR
2026-08-19 09:28:21.420,0.00,0.00,0,0.0,0.0,0.000,0.0,0,HAYIR,HAYIR
2026-08-19 09:28:21.440,0.00,0.00,0,0.0,0.0,0.000,0.0,0,HAYIR,HAYIR
2026-08-19 09:28:21.460,0.00,0.00,0,0.0,0.0,0.000,0.0,0,HAYIR,HAYIR
2026-08-19 09:28:21.480,0.00,0.00,0,0.0,0.0,0.000,0.0,0,HAYIR,HAYIR
2026-08-19 09:28:21.500,0.00,0.00,0,0.0,0.0,0.000,0.0,0,HAYIR,HAYIR
2026-08-19 09:28:21.520,0.00,0.00,0,0.0,0.0,0.000,0.0,0,HAYIR,HAYIR
2026-08-19 09:28:21.540,0.00,0.00,0,0.0,0.0,0.000,0.0,0,HAYIR,HAYIR
2026-08-19 09:28:21.560,0.00,0.00,0,0.0,0.0,0.000,0.0,0,HAYIR,HAYIR
2026-08-19 09:28:21.580,0.00,0.00,0,0.0,0.0,0.000,0.0,0,HAYIR,HAYIR
2026-08-19 09:28:21.600,0.00,0.00,0,0.0,0.0,0.000,0.0,0,HAYIR,HAYIR
2026-08-19 09:28:21.620,0.00,0.00,0,0.0,0.0,0.000,0.0,0,HAYIR,HAYIR
2026-08-19 09:28:21.640,0.00,0.00,0,0.0,0.0,0.000,0.0,0,HAYIR,HAYIR
2026-08-19 09:28:21.660,0.00,0.00,0,0.0,0.0,0.000,0.0,0,HAYIR,HAYIR
2026-08-19 09:28:21.680,0.00,0.00,0,0.0,0.0,0.000,0.0,0,HAYIR,HAYIR
2026-08-19 09:28:21.701,0.00,0.00,0,0.0,0.0,0.000,0.0,0,HAYIR,HAYIR
2026-08-19 09:28:21.720,0.00,0.00,0,0.0,0.0,0.000,0.0,0,HAYIR,HAYIR
2026-08-19 09:28:21.740,0.00,0.00,0,0.0,0.0,0.000,0.0,0,HAYIR,HAYIR
2026-08-19 09:28:21.761,0.00,0.00,0,0.0,0.0,0.000,0.0,0,HAYIR,HAYIR
2026-08-19 09:28:21.780,0.00,0.00,0,0.0,0.0,0.000,0.0,0,HAYIR,HAYIR
2026-08-19 09:28:21.800,0.00,0.00,0,0.0,0.0,0.000,0.0,0,HAYIR,HAYIR
2026-08-19 09:28:21.821,0.00,0.00,0,0.0,0.0,0.000,0.0,0,HAYIR,HAYIR
2026-08-19 09:28:21.840,0.00,0.00,0,0.0,0.0,0.000,0.0,0,HAYIR,HAYIR
2026-08-19 09:28:21.860,0.00,0.00,0,0.0,0.0,0.000,0.0,0,HAYIR,HAYIR
2026-08-19 09:28:21.880,0.00,0.00,0,0.0,0.0,0.000,0.0,0,HAYIR,HAYIR
2026-08-19 09:28:21.901,0.00,0.00,0,0.0,0.0,0.000,0.0,0,HAYIR,HAYIR
2026-08-19 09:28:21.920,0.00,0.00,0,0.0,0.0,0.000,0.0,0,HAYIR,HAYIR
2026-08-19 09:28:21.940,0.00,0.00,0,0.0,0.0,0.000,0.0,0,HAYIR,HAYIR
2026-08-19 09:28:21.960,0.00,0.00,0,0.0,0.0,0.000,0.0,0,HAYIR,HAYIR
2026-08-19 09:28:21.980,0.00,0.00,0,0.0,0.0,0.000,0.0,0,HAYIR,HAYIR
2026-08-19 09:28:22.000,0.00,0.00,0,0.0,0.0,0.000,0.0,0,HAYIR,HAYIR
2026-08-19 09:28:22.020,0.00,0.00,0,0.0,0.0,0.000,0.0,0,HAYIR,HAYIR
2026-08-19 09:28:22.041,0.00,0.00,0,0.0,0.0,0.000,0.0,0,HAYIR,HAYIR
2026-08-19 09:28:22.060,0.00,0.00,0,0.0,0.0,0.000,0.0,0,HAYIR,HAYIR
2026-08-19 09:28:22.080,0.00,0.00,0,0.0,0.0,0.000,0.0,0,HAYIR,HAYIR
2026-08-19 09:28:22.100,0.00,0.00,0,0.0,0.0,0.000,0.0,0,HAYIR,HAYIR
2026-08-19 09:28:22.120,0.00,0.00,0,0.0,0.0,0.000,0.0,0,HAYIR,HAYIR
2026-08-19 09:28:22.140,0.00,0.00,0,0.0,0.0,0.000,0.0,0,HAYIR,HAYIR
2026-08-19 09:28:22.160,0.00,0.00,0,0.0,0.0,0.000,0.0,0,HAYIR,HAYIR
2026-08-19 09:28:22.180,0.00,0.00,0,0.0,0.0,0.000,0.0,0,HAYIR,HAYIR
2026-08-19 09:28:22.200,0.00,0.00,0,0.0,0.0,0.000,0.0,0,HAYIR,HAYIR
2026-08-19 09:28:22.220,0.00,0.00,0,0.0,0.0,0.000,0.0,0,HAYIR,HAYIR
2026-08-19 09:28:22.240,0.00,0.00,0,0.0,0.0,0.000,0.0,0,HAYIR,HAYIR
2026-08-19 09:28:22.260,0.00,0.00,0,0.0,0.0,0.000,0.0,0,HAYIR,HAYIR
2026-08-19 09:28:22.280,0.00,0.00,0,0.0,0.0,0.000,0.0,0,HAYIR,HAYIR
2026-08-19 09:28:22.301,0.00,0.00,0,0.0,0.0,0.000,0.0,0,HAYIR,HAYIR
2026-08-19 09:28:22.320,0.00,0.00,0,0.0,0.0,0.000,0.0,0,HAYIR,HAYIR
2026-08-19 09:28:22.340,0.00,0.00,0,0.0,0.0,0.000,0.0,0,HAYIR,HAYIR
2026-08-19 09:28:22.361,0.00,0.00,0,0.0,0.0,0.000,0.0,0,HAYIR,HAYIR
2026-08-19 09:28:22.380,0.00,0.00,0,0.0,0.0,0.000,0.0,0,HAYIR,HAYIR
2026-08-19 09:28:22.400,0.00,0.00,0,0.0,0.0,0.000,0.0,0,HAYIR,HAYIR
2026-08-19 09:28:22.420,0.00,0.00,0,0.0,0.0,0.000,0.0,0,HAYIR,HAYIR
2026-08-19 09:28:22.440,0.00,0.00,0,0.0,0.0,0.000,0.0,0,HAYIR,HAYIR
2026-08-19 09:28:22.460,0.00,0.00,0,0.0,0.0,0.000,0.0,0,HAYIR,HAYIR
2026-08-19 09:28:22.480,0.00,0.00,0,0.0,0.0,0.000,0.0,0,HAYIR,HAYIR
2026-08-19 09:28:22.500,0.00,0.00,0,0.0,0.0,0.000,0.0,0,HAYIR,HAYIR
2026-08-19 09:28:22.520,0.00,0.00,0,0.0,0.0,0.000,0.0,0,HAYIR,HAYIR
2026-08-19 09:28:22.540,0.00,0.00,0,0.0,0.0,0.000,0.0,0,HAYIR,HAYIR
2026-08-19 09:28:22.560,0.00,0.00,0,0.0,0.0,0.000,0.0,0,HAYIR,HAYIR
2026-08-19 09:28:22.580,0.00,0.00,0,0.0,0.0,0.000,0.0,0,HAYIR,HAYIR
2026-08-19 09:28:22.600,0.00,0.00,0,0.0,0.0,0.000,0.0,0,HAYIR,HAYIR
2026-08-19 09:28:22.620,0.00,0.00,0,0.0,0.0,0.000,0.0,0,HAYIR,HAYIR
2026-08-19 09:28:22.640,0.00,0.00,0,0.0,0.0,0.000,0.0,0,HAYIR,HAYIR
2026-08-19 09:28:22.660,0.00,0.00,0,0.0,0.0,0.000,0.0,0,HAYIR,HAYIR
2026-08-19 09:28:22.680,0.00,0.00,0,0.0,0.0,0.000,0.0,0,HAYIR,HAYIR
2026-08-19 09:28:22.700,0.00,0.00,0,0.0,0.0,0.000,0.0,0,HAYIR,HAYIR
2026-08-19 09:28:22.720,0.00,0.00,0,0.0,0.0,0.000,0.0,0,HAYIR,HAYIR
2026-08-19 09:28:22.740,0.00,0.00,0,0.0,0.0,0.000,0.0,0,HAYIR,HAYIR
2026-08-19 09:28:22.760,0.00,0.00,0,0.0,0.0,0.000,0.0,0,HAYIR,HAYIR
2026-08-19 09:28:22.780,0.00,0.00,0,0.0,0.0,0.000,0.0,0,HAYIR,HAYIR
2026-08-19 09:28:22.800,0.00,0.00,0,0.0,0.0,0.000,0.0,0,HAYIR,HAYIR
2026-08-19 09:28:22.820,0.00,0.00,0,0.0,0.0,0.000,0.0,0,HAYIR,HAYIR
2026-08-19 09:28:22.840,0.00,0.00,0,0.0,0.0,0.000,0.0,0,HAYIR,HAYIR
2026-08-19 09:28:22.860,0.00,0.00,0,0.0,0.0,0.000,0.0,0,HAYIR,HAYIR
2026-08-19 09:28:22.880,0.00,0.00,0,0.0,0.0,0.000,0.0,0,HAYIR,HAYIR
2026-08-19 09:28:22.901,0.00,0.00,0,0.0,0.0,0.000,0.0,0,HAYIR,HAYIR
2026-08-19 09:28:22.920,0.00,0.00,0,0.0,0.0,0.000,0.0,0,HAYIR,HAYIR
2026-08-19 09:28:22.940,0.00,0.00,0,0.0,0.0,0.000,0.0,0,HAYIR,HAYIR
2026-08-19 09:28:22.960,0.00,0.00,0,0.0,0.0,0.000,0.0,0,HAYIR,HAYIR
2026-08-19 09:28:22.980,0.00,0.00,0,0.0,0.0,0.000,0.0,0,HAYIR,HAYIR
2026-08-19 09:28:23.000,0.00,0.00,0,0.0,0.0,0.000,0.0,0,HAYIR,HAYIR
2026-08-19 09:28:23.020,0.00,0.00,0,0.0,0.0,0.000,0.0,0,HAYIR,HAYIR
2026-08-19 09:28:23.040,0.00,0.00,0,0.0,0.0,0.000,0.0,0,HAYIR,HAYIR
2026-08-19 09:28:23.060,0.00,0.00,0,0.0,0.0,0.000,0.0,0,HAYIR,HAYIR
2026-08-19 09:28:23.080,0.00,0.00,0,0.0,0.0,0.000,0.0,0,HAYIR,HAYIR
2026-08-19 09:28:23.100,0.00,0.00,0,0.0,0.0,0.000,0.0,0,HAYIR,HAYIR
2026-08-19 09:28:23.120,0.00,0.00,0,0.0,0.0,0.000,0.0,0,HAYIR,HAYIR
2026-08-19 09:28:23.140,0.00,0.00,0,0.0,0.0,0.000,0.0,0,HAYIR,HAYIR
2026-08-19 09:28:23.160,0.00,0.00,0,0.0,0.0,0.000,0.0,0,HAYIR,HAYIR
2026-08-19 09:28:23.180,0.00,0.00,0,0.0,0.0,0.000,0.0,0,HAYIR,HAYIR
2026-08-19 09:28:23.200,0.00,0.00,0,0.0,0.0,0.000,0.0,0,HAYIR,HAYIR
2026-08-19 09:28:23.220,0.00,0.00,0,0.0,0.0,0.000,0.0,0,HAYIR,HAYIR
2026-08-19 09:28:23.240,0.00,0.00,0,0.0,0.0,0.000,0.0,0,HAYIR,HAYIR
2026-08-19 09:28:23.260,0.00,0.00,0,0.0,0.0,0.000,0.0,0,HAYIR,HAYIR
2026-08-19 09:28:23.280,0.00,0.00,0,0.0,0.0,0.000,0.0,0,HAYIR,HAYIR
2026-08-19 09:28:23.301,0.00,0.00,0,0.0,0.0,0.000,0.0,0,HAYIR,HAYIR
2026-08-19 09:28:23.321,0.00,0.00,0,0.0,0.0,0.000,0.0,0,HAYIR,HAYIR
2026-08-19 09:28:23.340,0.00,0.00,0,0.0,0.0,0.000,0.0,0,HAYIR,HAYIR
2026-08-19 09:28:23.361,0.00,0.00,0,0.0,0.0,0.000,0.0,0,HAYIR,HAYIR
2026-08-19 09:28:23.380,0.00,0.00,0,0.0,0.0,0.000,0.0,0,HAYIR,HAYIR
2026-08-19 09:28:23.400,0.00,0.00,0,0.0,0.0,0.000,0.0,0,HAYIR,HAYIR
2026-08-19 09:28:23.420,0.00,0.00,0,0.0,0.0,0.000,0.0,0,HAYIR,HAYIR
2026-08-19 09:28:23.440,0.00,0.00,0,0.0,0.0,0.000,0.0,0,HAYIR,HAYIR
2026-08-19 09:28:23.460,0.00,0.00,0,0.0,0.0,0.000,0.0,0,HAYIR,HAYIR
2026-08-19 09:28:23.480,0.00,0.00,0,0.0,0.0,0.000,0.0,0,HAYIR,HAYIR
2026-08-19 09:28:23.500,0.00,0.00,0,0.0,0.0,0.000,0.0,0,HAYIR,HAYIR
2026-08-19 09:28:23.520,0.00,0.00,0,0.0,0.0,0.000,0.0,0,HAYIR,HAYIR
2026-08-19 09:28:23.540,0.00,0.00,0,0.0,0.0,0.000,0.0,0,HAYIR,HAYIR
2026-08-19 09:28:23.560,0.00,0.00,0,0.0,0.0,0.000,0.0,0,HAYIR,HAYIR
2026-08-19 09:28:23.580,0.00,0.00,0,0.0,0.0,0.000,0.0,0,HAYIR,HAYIR
2026-08-19 09:28:23.600,0.00,0.00,0,0.0,0.0,0.000,0.0,0,HAYIR,HAYIR
2026-08-19 09:28:23.620,0.00,0.00,0,0.0,0.0,0.000,0.0,0,HAYIR,HAYIR
2026-08-19 09:28:23.640,0.00,0.00,0,0.0,0.0,0.000,0.0,0,HAYIR,HAYIR
2026-08-19 09:28:23.660,0.00,0.00,0,0.0,0.0,0.000,0.0,0,HAYIR,HAYIR
2026-08-19 09:28:23.680,0.00,0.00,0,0.0,0.0,0.000,0.0,0,HAYIR,HAYIR
2026-08-19 09:28:23.701,0.00,0.00,0,0.0,0.0,0.000,0.0,0,HAYIR,HAYIR
2026-08-19 09:28:23.720,0.00,0.00,0,0.0,0.0,0.000,0.0,0,HAYIR,HAYIR
2026-08-19 09:28:23.740,0.00,0.00,0,0.0,0.0,0.000,0.0,0,HAYIR,HAYIR
2026-08-19 09:28:23.760,0.00,0.00,0,0.0,0.0,0.000,0.0,0,HAYIR,HAYIR
2026-08-19 09:28:23.780,0.00,0.00,0,0.0,0.0,0.000,0.0,0,HAYIR,HAYIR
2026-08-19 09:28:23.800,0.00,0.00,0,0.0,0.0,0.000,0.0,0,HAYIR,HAYIR
2026-08-19 09:28:23.820,0.00,0.00,0,0.0,0.0,0.000,0.0,0,HAYIR,HAYIR
2026-08-19 09:28:23.840,0.00,0.00,0,0.0,0.0,0.000,0.0,0,HAYIR,HAYIR
2026-08-19 09:28:23.860,0.00,0.00,0,0.0,0.0,0.000,0.0,0,HAYIR,HAYIR
2026-08-19 09:28:23.880,0.00,0.00,0,0.0,0.0,0.000,0.0,0,HAYIR,HAYIR
2026-08-19 09:28:23.901,0.00,0.00,0,0.0,0.0,0.000,0.0,0,HAYIR,HAYIR
2026-08-19 09:28:23.920,0.00,0.00,0,0.0,0.0,0.000,0.0,0,HAYIR,HAYIR
2026-08-19 09:28:23.940,0.00,0.00,0,0.0,0.0,0.000,0.0,0,HAYIR,HAYIR
2026-08-19 09:28:23.960,0.00,0.00,0,0.0,0.0,0.000,0.0,0,HAYIR,HAYIR
2026-08-19 09:28:23.980,0.00,0.00,0,0.0,0.0,0.000,0.0,0,HAYIR,HAYIR
2026-08-19 09:28:24.000,0.00,0.00,0,0.0,0.0,0.000,0.0,0,HAYIR,HAYIR
2026-08-19 09:28:24.020,0.00,0.00,0,0.0,0.0,0.000,0.0,0,HAYIR,HAYIR
2026-08-19 09:28:24.040,0.00,0.00,0,0.0,0.0,0.000,0.0,0,HAYIR,HAYIR
2026-08-19 09:28:24.060,0.00,0.00,0,0.0,0.0,0.000,0.0,0,HAYIR,HAYIR
2026-08-19 09:28:24.080,0.00,0.00,0,0.0,0.0,0.000,0.0,0,HAYIR,HAYIR
2026-08-19 09:28:24.101,0.00,0.00,0,0.0,0.0,0.000,0.0,0,HAYIR,HAYIR
2026-08-19 09:28:24.120,0.00,0.00,0,0.0,0.0,0.000,0.0,0,HAYIR,HAYIR
2026-08-19 09:28:24.140,0.00,0.00,0,0.0,0.0,0.000,0.0,0,HAYIR,HAYIR
2026-08-19 09:28:24.160,0.00,0.00,0,0.0,0.0,0.000,0.0,0,HAYIR,HAYIR
2026-08-19 09:28:24.181,0.00,0.00,0,0.0,0.0,0.000,0.0,0,HAYIR,HAYIR
2026-08-19 09:28:24.200,0.00,0.00,0,0.0,0.0,0.000,0.0,0,HAYIR,HAYIR
2026-08-19 09:28:24.220,0.00,0.00,0,0.0,0.0,0.000,0.0,0,HAYIR,HAYIR
2026-08-19 09:28:24.240,0.00,0.00,0,0.0,0.0,0.000,0.0,0,HAYIR,HAYIR
2026-08-19 09:28:24.260,0.00,0.00,0,0.0,0.0,0.000,0.0,0,HAYIR,HAYIR
2026-08-19 09:28:24.280,0.00,0.00,0,0.0,0.0,0.000,0.0,0,HAYIR,HAYIR
2026-08-19 09:28:24.301,0.00,0.00,0,0.0,0.0,0.000,0.0,0,HAYIR,HAYIR
2026-08-19 09:28:24.320,0.00,0.00,0,0.0,0.0,0.000,0.0,0,HAYIR,HAYIR
2026-08-19 09:28:24.340,0.00,0.00,0,0.0,0.0,0.000,0.0,0,HAYIR,HAYIR
2026-08-19 09:28:24.360,0.00,0.00,0,0.0,0.0,0.000,0.0,0,HAYIR,HAYIR
2026-08-19 09:28:24.380,0.00,0.00,0,0.0,0.0,0.000,0.0,0,HAYIR,HAYIR
2026-08-19 09:28:24.400,0.00,0.00,0,0.0,0.0,0.000,0.0,0,HAYIR,HAYIR
2026-08-19 09:28:24.420,0.00,0.00,0,0.0,0.0,0.000,0.0,0,HAYIR,HAYIR
2026-08-19 09:28:24.440,0.00,0.00,0,0.0,0.0,0.000,0.0,0,HAYIR,HAYIR
2026-08-19 09:28:24.460,0.00,0.00,0,0.0,0.0,0.000,0.0,0,HAYIR,HAYIR
2026-08-19 09:28:24.480,0.00,0.00,0,0.0,0.0,0.000,0.0,0,HAYIR,HAYIR
2026-08-19 09:28:24.501,0.00,0.00,0,0.0,0.0,0.000,0.0,0,HAYIR,HAYIR
2026-08-19 09:28:24.520,0.00,0.00,0,0.0,0.0,0.000,0.0,0,HAYIR,HAYIR
2026-08-19 09:28:24.540,0.00,0.00,0,0.0,0.0,0.000,0.0,0,HAYIR,HAYIR
2026-08-19 09:28:24.560,0.00,0.00,0,0.0,0.0,0.000,0.0,0,HAYIR,HAYIR
2026-08-19 09:28:24.581,0.00,0.00,0,0.0,0.0,0.000,0.0,0,HAYIR,HAYIR
2026-08-19 09:28:24.600,0.00,0.00,0,0.0,0.0,0.000,0.0,0,HAYIR,HAYIR
2026-08-19 09:28:24.620,0.00,0.00,0,0.0,0.0,0.000,0.0,0,HAYIR,HAYIR
2026-08-19 09:28:24.640,0.00,0.00,0,0.0,0.0,0.000,0.0,0,HAYIR,HAYIR
2026-08-19 09:28:24.660,0.00,0.00,0,0.0,0.0,0.000,0.0,0,HAYIR,HAYIR
2026-08-19 09:28:24.680,0.00,0.00,0,0.0,0.0,0.000,0.0,0,HAYIR,HAYIR
2026-08-19 09:28:24.701,0.00,0.00,0,0.0,0.0,0.000,0.0,0,HAYIR,HAYIR
2026-08-19 09:28:24.721,0.00,0.00,0,0.0,0.0,0.000,0.0,0,HAYIR,HAYIR
2026-08-19 09:28:24.740,0.00,0.00,0,0.0,0.0,0.000,0.0,0,HAYIR,HAYIR
2026-08-19 09:28:24.760,0.00,0.00,0,0.0,0.0,0.000,0.0,0,HAYIR,HAYIR
2026-08-19 09:28:24.780,0.00,0.00,0,0.0,0.0,0.000,0.0,0,HAYIR,HAYIR
2026-08-19 09:28:24.800,0.00,0.00,0,0.0,0.0,0.000,0.0,0,HAYIR,HAYIR
2026-08-19 09:28:24.820,0.00,0.00,0,0.0,0.0,0.000,0.0,0,HAYIR,HAYIR
2026-08-19 09:28:24.840,0.00,0.00,0,0.0,0.0,0.000,0.0,0,HAYIR,HAYIR
2026-08-19 09:28:24.860,0.00,0.00,0,0.0,0.0,0.000,0.0,0,HAYIR,HAYIR
2026-08-19 09:28:24.880,0.00,0.00,0,0.0,0.0,0.000,0.0,0,HAYIR,HAYIR
2026-08-19 09:28:24.900,0.00,0.00,0,0.0,0.0,0.000,0.0,0,HAYIR,HAYIR
2026-08-19 09:28:24.921,0.00,0.00,0,0.0,0.0,0.000,0.0,0,HAYIR,HAYIR
2026-08-19 09:28:24.940,0.00,0.00,0,0.0,0.0,0.000,0.0,0,HAYIR,HAYIR
2026-08-19 09:28:24.960,0.00,0.00,0,0.0,0.0,0.000,0.0,0,HAYIR,HAYIR
2026-08-19 09:28:24.980,0.00,0.00,0,0.0,0.0,0.000,0.0,0,HAYIR,HAYIR
2026-08-19 09:28:25.000,0.00,0.00,0,0.0,0.0,0.000,0.0,0,HAYIR,HAYIR
2026-08-19 09:28:25.020,0.00,0.00,0,0.0,0.0,0.000,0.0,0,HAYIR,HAYIR
2026-08-19 09:28:25.040,0.00,0.00,0,0.0,0.0,0.000,0.0,0,HAYIR,HAYIR
2026-08-19 09:28:25.060,0.00,0.00,0,0.0,0.0,0.000,0.0,0,HAYIR,HAYIR
2026-08-19 09:28:25.080,0.00,0.00,0,0.0,0.0,0.000,0.0,0,HAYIR,HAYIR
2026-08-19 09:28:25.100,0.00,0.00,0,0.0,0.0,0.000,0.0,0,HAYIR,HAYIR
2026-08-19 09:28:25.120,0.00,0.00,0,0.0,0.0,0.000,0.0,0,HAYIR,HAYIR
2026-08-19 09:28:25.140,0.00,0.00,0,0.0,0.0,0.000,0.0,0,HAYIR,HAYIR
2026-08-19 09:28:25.160,0.00,0.00,0,0.0,0.0,0.000,0.0,0,HAYIR,HAYIR
2026-08-19 09:28:25.180,0.00,0.00,0,0.0,0.0,0.000,0.0,0,HAYIR,HAYIR
2026-08-19 09:28:25.200,0.00,0.00,0,0.0,0.0,0.000,0.0,0,HAYIR,HAYIR
2026-08-19 09:28:25.220,0.00,0.00,0,0.0,0.0,0.000,0.0,0,HAYIR,HAYIR
2026-08-19 09:28:25.240,0.00,0.00,0,0.0,0.0,0.000,0.0,0,HAYIR,HAYIR
2026-08-19 09:28:25.260,0.00,0.00,0,0.0,0.0,0.000,0.0,0,HAYIR,HAYIR
2026-08-19 09:28:25.280,0.00,0.00,0,0.0,0.0,0.000,0.0,0,HAYIR,HAYIR
2026-08-19 09:28:25.301,0.00,0.00,0,0.0,0.0,0.000,0.0,0,HAYIR,HAYIR
2026-08-19 09:28:25.320,0.00,0.00,0,0.0,0.0,0.000,0.0,0,HAYIR,HAYIR
2026-08-19 09:28:25.340,0.00,0.00,0,0.0,0.0,0.000,0.0,0,HAYIR,HAYIR
2026-08-19 09:28:25.361,0.00,0.00,0,0.0,0.0,0.000,0.0,0,HAYIR,HAYIR
2026-08-19 09:28:25.380,0.00,0.00,0,0.0,0.0,0.000,0.0,0,HAYIR,HAYIR
2026-08-19 09:28:25.400,0.00,0.00,0,0.0,0.0,0.000,0.0,0,HAYIR,HAYIR
2026-08-19 09:28:25.420,0.00,0.00,0,0.0,0.0,0.000,0.0,0,HAYIR,HAYIR
2026-08-19 09:28:25.440,0.00,0.00,0,0.0,0.0,0.000,0.0,0,HAYIR,HAYIR
2026-08-19 09:28:25.460,0.00,0.00,0,0.0,0.0,0.000,0.0,0,HAYIR,HAYIR
2026-08-19 09:28:25.480,0.00,0.00,0,0.0,0.0,0.000,0.0,0,HAYIR,HAYIR
2026-08-19 09:28:25.501,0.00,0.00,0,0.0,0.0,0.000,0.0,0,HAYIR,HAYIR
2026-08-19 09:28:25.520,0.00,0.00,0,0.0,0.0,0.000,0.0,0,HAYIR,HAYIR
2026-08-19 09:28:25.540,0.00,0.00,0,0.0,0.0,0.000,0.0,0,HAYIR,HAYIR
2026-08-19 09:28:25.560,0.00,0.00,0,0.0,0.0,0.000,0.0,0,HAYIR,HAYIR
2026-08-19 09:28:25.581,0.00,0.00,0,0.0,0.0,0.000,0.0,0,HAYIR,HAYIR
2026-08-19 09:28:25.600,0.00,0.00,0,0.0,0.0,0.000,0.0,0,HAYIR,HAYIR
2026-08-19 09:28:25.620,0.00,0.00,0,0.0,0.0,0.000,0.0,0,HAYIR,HAYIR
2026-08-19 09:28:25.640,0.00,0.00,0,0.0,0.0,0.000,0.0,0,HAYIR,HAYIR
2026-08-19 09:28:25.660,0.00,0.00,0,0.0,0.0,0.000,0.0,0,HAYIR,HAYIR
2026-08-19 09:28:25.680,0.00,0.00,0,0.0,0.0,0.000,0.0,0,HAYIR,HAYIR
2026-08-19 09:28:25.700,0.00,0.00,0,0.0,0.0,0.000,0.0,0,HAYIR,HAYIR
2026-08-19 09:28:25.720,0.00,0.00,0,0.0,0.0,0.000,0.0,0,HAYIR,HAYIR
2026-08-19 09:28:25.740,0.00,0.00,0,0.0,0.0,0.000,0.0,0,HAYIR,HAYIR
2026-08-19 09:28:25.760,0.00,0.00,0,0.0,0.0,0.000,0.0,0,HAYIR,HAYIR
2026-08-19 09:28:25.780,0.00,0.00,0,0.0,0.0,0.000,0.0,0,HAYIR,HAYIR
2026-08-19 09:28:25.800,0.00,0.00,0,0.0,0.0,0.000,0.0,0,HAYIR,HAYIR
2026-08-19 09:28:25.820,0.00,0.00,0,0.0,0.0,0.000,0.0,0,HAYIR,HAYIR
2026-08-19 09:28:25.840,0.00,0.00,0,0.0,0.0,0.000,0.0,0,HAYIR,HAYIR
2026-08-19 09:28:25.860,0.00,0.00,0,0.0,0.0,0.000,0.0,0,HAYIR,HAYIR
2026-08-19 09:28:25.880,0.00,0.00,0,0.0,0.0,0.000,0.0,0,HAYIR,HAYIR
2026-08-19 09:28:25.900,0.00,0.00,0,0.0,0.0,0.000,0.0,0,HAYIR,HAYIR
2026-08-19 09:28:25.920,0.00,0.00,0,0.0,0.0,0.000,0.0,0,HAYIR,HAYIR
2026-08-19 09:28:25.940,0.00,0.00,0,0.0,0.0,0.000,0.0,0,HAYIR,HAYIR
2026-08-19 09:28:25.960,0.00,0.00,0,0.0,0.0,0.000,0.0,0,HAYIR,HAYIR
2026-08-19 09:28:25.980,0.00,0.00,0,0.0,0.0,0.000,0.0,0,HAYIR,HAYIR
2026-08-19 09:28:26.000,0.00,0.00,0,0.0,0.0,0.000,0.0,0,HAYIR,HAYIR
2026-08-19 09:28:26.020,0.00,0.00,0,0.0,0.0,0.000,0.0,0,HAYIR,HAYIR
2026-08-19 09:28:26.040,0.00,0.00,0,0.0,0.0,0.000,0.0,0,HAYIR,HAYIR
2026-08-19 09:28:26.060,0.00,0.00,0,0.0,0.0,0.000,0.0,0,HAYIR,HAYIR
2026-08-19 09:28:26.080,0.00,0.00,0,0.0,0.0,0.000,0.0,0,HAYIR,HAYIR
2026-08-19 09:28:26.101,0.00,0.00,0,0.0,0.0,0.000,0.0,0,HAYIR,HAYIR
2026-08-19 09:28:26.121,0.00,0.00,0,0.0,0.0,0.000,0.0,0,HAYIR,HAYIR
2026-08-19 09:28:26.140,0.00,0.00,0,0.0,0.0,0.000,0.0,0,HAYIR,HAYIR
2026-08-19 09:28:26.160,0.00,0.00,0,0.0,0.0,0.000,0.0,0,HAYIR,HAYIR
2026-08-19 09:28:26.181,0.00,0.00,0,0.0,0.0,0.000,0.0,0,HAYIR,HAYIR
2026-08-19 09:28:26.200,0.00,0.00,0,0.0,0.0,0.000,0.0,0,HAYIR,HAYIR
2026-08-19 09:28:26.221,0.00,0.00,0,0.0,0.0,0.000,0.0,0,HAYIR,HAYIR
2026-08-19 09:28:26.240,0.00,0.00,0,0.0,0.0,0.000,0.0,0,HAYIR,HAYIR
2026-08-19 09:28:26.260,0.00,0.00,0,0.0,0.0,0.000,0.0,0,HAYIR,HAYIR
2026-08-19 09:28:26.280,0.00,0.00,0,0.0,0.0,0.000,0.0,0,HAYIR,HAYIR
2026-08-19 09:28:26.300,0.00,0.00,0,0.0,0.0,0.000,0.0,0,HAYIR,HAYIR
2026-08-19 09:28:26.320,0.00,0.00,0,0.0,0.0,0.000,0.0,0,HAYIR,HAYIR
2026-08-19 09:28:26.340,0.00,0.00,0,0.0,0.0,0.000,0.0,0,HAYIR,HAYIR
2026-08-19 09:28:26.360,0.00,0.00,0,0.0,0.0,0.000,0.0,0,HAYIR,HAYIR
2026-08-19 09:28:26.380,0.00,0.00,0,0.0,0.0,0.000,0.0,0,HAYIR,HAYIR
2026-08-19 09:28:26.400,0.00,0.00,0,0.0,0.0,0.000,0.0,0,HAYIR,HAYIR
2026-08-19 09:28:26.420,0.00,0.00,0,0.0,0.0,0.000,0.0,0,HAYIR,HAYIR
2026-08-19 09:28:26.440,0.00,0.00,0,0.0,0.0,0.000,0.0,0,HAYIR,HAYIR
2026-08-19 09:28:26.460,0.00,0.00,0,0.0,0.0,0.000,0.0,0,HAYIR,HAYIR
2026-08-19 09:28:26.480,0.00,0.00,0,0.0,0.0,0.000,0.0,0,HAYIR,HAYIR
2026-08-19 09:28:26.500,0.00,0.00,0,0.0,0.0,0.000,0.0,0,HAYIR,HAYIR
2026-08-19 09:28:26.520,0.00,0.00,0,0.0,0.0,0.000,0.0,0,HAYIR,HAYIR
2026-08-19 09:28:26.540,0.00,0.00,0,0.0,0.0,0.000,0.0,0,HAYIR,HAYIR
2026-08-19 09:28:26.560,0.00,0.00,0,0.0,0.0,0.000,0.0,0,HAYIR,HAYIR
2026-08-19 09:28:26.580,0.00,0.00,0,0.0,0.0,0.000,0.0,0,HAYIR,HAYIR
2026-08-19 09:28:26.600,0.00,0.00,0,0.0,0.0,0.000,0.0,0,HAYIR,HAYIR
2026-08-19 09:28:26.620,0.00,0.00,0,0.0,0.0,0.000,0.0,0,HAYIR,HAYIR
2026-08-19 09:28:26.640,0.00,0.00,0,0.0,0.0,0.000,0.0,0,HAYIR,HAYIR
2026-08-19 09:28:26.660,0.00,0.00,0,0.0,0.0,0.000,0.0,0,HAYIR,HAYIR
2026-08-19 09:28:26.680,0.00,0.00,0,0.0,0.0,0.000,0.0,0,HAYIR,HAYIR
2026-08-19 09:28:26.700,0.00,0.00,0,0.0,0.0,0.000,0.0,0,HAYIR,HAYIR
2026-08-19 09:28:26.720,0.00,0.00,0,0.0,0.0,0.000,0.0,0,HAYIR,HAYIR
2026-08-19 09:28:26.740,0.00,0.00,0,0.0,0.0,0.000,0.0,0,HAYIR,HAYIR
2026-08-19 09:28:26.760,0.00,0.00,0,0.0,0.0,0.000,0.0,0,HAYIR,HAYIR
2026-08-19 09:28:26.780,0.00,0.00,0,0.0,0.0,0.000,0.0,0,HAYIR,HAYIR
2026-08-19 09:28:26.800,0.00,0.00,0,0.0,0.0,0.000,0.0,0,HAYIR,HAYIR
2026-08-19 09:28:26.820,0.00,0.00,0,0.0,0.0,0.000,0.0,0,HAYIR,HAYIR
2026-08-19 09:28:26.840,0.00,0.00,0,0.0,0.0,0.000,0.0,0,HAYIR,HAYIR
2026-08-19 09:28:26.860,0.00,0.00,0,0.0,0.0,0.000,0.0,0,HAYIR,HAYIR
2026-08-19 09:28:26.880,0.00,0.00,0,0.0,0.0,0.000,0.0,0,HAYIR,HAYIR
2026-08-19 09:28:26.900,0.00,0.00,0,0.0,0.0,0.000,0.0,0,HAYIR,HAYIR
2026-08-19 09:28:26.920,0.00,0.00,0,0.0,0.0,0.000,0.0,0,HAYIR,HAYIR
2026-08-19 09:28:26.940,0.00,0.00,0,0.0,0.0,0.000,0.0,0,HAYIR,HAYIR
2026-08-19 09:28:26.960,0.00,0.00,0,0.0,0.0,0.000,0.0,0,HAYIR,HAYIR
2026-08-19 09:28:26.980,0.00,0.00,0,0.0,0.0,0.000,0.0,0,HAYIR,HAYIR
2026-08-19 09:28:27.000,0.00,0.00,0,0.0,0.0,0.000,0.0,0,HAYIR,HAYIR
2026-08-19 09:28:27.020,0.00,0.00,0,0.0,0.0,0.000,0.0,0,HAYIR,HAYIR
2026-08-19 09:28:27.040,0.00,0.00,0,0.0,0.0,0.000,0.0,0,HAYIR,HAYIR
2026-08-19 09:28:27.060,0.00,0.00,0,0.0,0.0,0.000,0.0,0,HAYIR,HAYIR
2026-08-19 09:28:27.080,0.00,0.00,0,0.0,0.0,0.000,0.0,0,HAYIR,HAYIR
2026-08-19 09:28:27.100,0.00,0.00,0,0.0,0.0,0.000,0.0,0,HAYIR,HAYIR
2026-08-19 09:28:27.120,0.00,0.00,0,0.0,0.0,0.000,0.0,0,HAYIR,HAYIR
2026-08-19 09:28:27.140,0.00,0.00,0,0.0,0.0,0.000,0.0,0,HAYIR,HAYIR
2026-08-19 09:28:27.160,0.00,0.00,0,0.0,0.0,0.000,0.0,0,HAYIR,HAYIR
2026-08-19 09:28:27.180,0.00,0.00,0,0.0,0.0,0.000,0.0,0,HAYIR,HAYIR
2026-08-19 09:28:27.200,0.00,0.00,0,0.0,0.0,0.000,0.0,0,HAYIR,HAYIR
2026-08-19 09:28:27.220,0.00,0.00,0,0.0,0.0,0.000,0.0,0,HAYIR,HAYIR
2026-08-19 09:28:27.240,0.00,0.00,0,0.0,0.0,0.000,0.0,0,HAYIR,HAYIR
2026-08-19 09:28:27.261,0.00,0.00,0,0.0,0.0,0.000,0.0,0,HAYIR,HAYIR
2026-08-19 09:28:27.280,0.00,0.00,0,0.0,0.0,0.000,0.0,0,HAYIR,HAYIR
2026-08-19 09:28:27.300,0.00,0.00,0,0.0,0.0,0.000,0.0,0,HAYIR,HAYIR
2026-08-19 09:28:27.320,0.00,0.00,0,0.0,0.0,0.000,0.0,0,HAYIR,HAYIR
2026-08-19 09:28:27.340,0.00,0.00,0,0.0,0.0,0.000,0.0,0,HAYIR,HAYIR
2026-08-19 09:28:27.360,0.00,0.00,0,0.0,0.0,0.000,0.0,0,HAYIR,HAYIR
2026-08-19 09:28:27.380,0.00,0.00,0,0.0,0.0,0.000,0.0,0,HAYIR,HAYIR
2026-08-19 09:28:27.400,0.00,0.00,0,0.0,0.0,0.000,0.0,0,HAYIR,HAYIR
2026-08-19 09:28:27.420,0.00,0.00,0,0.0,0.0,0.000,0.0,0,HAYIR,HAYIR
2026-08-19 09:28:27.440,0.00,0.00,0,0.0,0.0,0.000,0.0,0,HAYIR,HAYIR
2026-08-19 09:28:27.460,0.00,0.00,0,0.0,0.0,0.000,0.0,0,HAYIR,HAYIR
2026-08-19 09:28:27.480,0.00,0.00,0,0.0,0.0,0.000,0.0,0,HAYIR,HAYIR
2026-08-19 09:28:27.500,0.00,0.00,0,0.0,0.0,0.000,0.0,0,HAYIR,HAYIR
2026-08-19 09:28:27.520,0.00,0.00,0,0.0,0.0,0.000,0.0,0,HAYIR,HAYIR
2026-08-19 09:28:27.540,0.00,0.00,0,0.0,0.0,0.000,0.0,0,HAYIR,HAYIR
2026-08-19 09:28:27.560,0.00,0.00,0,0.0,0.0,0.000,0.0,0,HAYIR,HAYIR
2026-08-19 09:28:27.580,0.00,0.00,0,0.0,0.0,0.000,0.0,0,HAYIR,HAYIR
2026-08-19 09:28:27.600,0.00,0.00,0,0.0,0.0,0.000,0.0,0,HAYIR,HAYIR
2026-08-19 09:28:27.620,0.00,0.00,0,0.0,0.0,0.000,0.0,0,HAYIR,HAYIR
2026-08-19 09:28:27.640,0.00,0.00,0,0.0,0.0,0.000,0.0,0,HAYIR,HAYIR
2026-08-19 09:28:27.660,0.00,0.00,0,0.0,0.0,0.000,0.0,0,HAYIR,HAYIR
2026-08-19 09:28:27.680,0.00,0.00,0,0.0,0.0,0.000,0.0,0,HAYIR,HAYIR
2026-08-19 09:28:27.701,0.00,0.00,0,0.0,0.0,0.000,0.0,0,HAYIR,HAYIR
2026-08-19 09:28:27.720,0.00,0.00,0,0.0,0.0,0.000,0.0,0,HAYIR,HAYIR
2026-08-19 09:28:27.740,0.00,0.00,0,0.0,0.0,0.000,0.0,0,HAYIR,HAYIR
2026-08-19 09:28:27.760,0.00,0.00,0,0.0,0.0,0.000,0.0,0,HAYIR,HAYIR
2026-08-19 09:28:27.780,0.00,0.00,0,0.0,0.0,0.000,0.0,0,HAYIR,HAYIR
2026-08-19 09:28:27.800,0.00,0.00,0,0.0,0.0,0.000,0.0,0,HAYIR,HAYIR
2026-08-19 09:28:27.821,0.00,0.00,0,0.0,0.0,0.000,0.0,0,HAYIR,HAYIR
2026-08-19 09:28:27.840,0.00,0.00,0,0.0,0.0,0.000,0.0,0,HAYIR,HAYIR
2026-08-19 09:28:27.860,0.00,0.00,0,0.0,0.0,0.000,0.0,0,HAYIR,HAYIR
2026-08-19 09:28:27.880,0.00,0.00,0,0.0,0.0,0.000,0.0,0,HAYIR,HAYIR
2026-08-19 09:28:27.900,0.00,0.00,0,0.0,0.0,0.000,0.0,0,HAYIR,HAYIR
2026-08-19 09:28:27.920,0.00,0.00,0,0.0,0.0,0.000,0.0,0,HAYIR,HAYIR
2026-08-19 09:28:27.940,0.00,0.00,0,0.0,0.0,0.000,0.0,0,HAYIR,HAYIR
2026-08-19 09:28:27.960,0.00,0.00,0,0.0,0.0,0.000,0.0,0,HAYIR,HAYIR
2026-08-19 09:28:27.980,0.00,0.00,0,0.0,0.0,0.000,0.0,0,HAYIR,HAYIR
2026-08-19 09:28:28.000,0.00,0.00,0,0.0,0.0,0.000,0.0,0,HAYIR,HAYIR
2026-08-19 09:28:28.020,0.00,0.00,0,0.0,0.0,0.000,0.0,0,HAYIR,HAYIR
2026-08-19 09:28:28.040,0.00,0.00,0,0.0,0.0,0.000,0.0,0,HAYIR,HAYIR
2026-08-19 09:28:28.060,0.00,0.00,0,0.0,0.0,0.000,0.0,0,HAYIR,HAYIR
2026-08-19 09:28:28.080,0.00,0.00,0,0.0,0.0,0.000,0.0,0,HAYIR,HAYIR
2026-08-19 09:28:28.100,0.00,0.00,0,0.0,0.0,0.000,0.0,0,HAYIR,HAYIR
2026-08-19 09:28:28.120,0.00,0.00,0,0.0,0.0,0.000,0.0,0,HAYIR,HAYIR
2026-08-19 09:28:28.140,0.00,0.00,0,0.0,0.0,0.000,0.0,0,HAYIR,HAYIR
2026-08-19 09:28:28.160,0.00,0.00,0,0.0,0.0,0.000,0.0,0,HAYIR,HAYIR
2026-08-19 09:28:28.180,0.00,0.00,0,0.0,0.0,0.000,0.0,0,HAYIR,HAYIR
2026-08-19 09:28:28.200,0.00,0.00,0,0.0,0.0,0.000,0.0,0,HAYIR,HAYIR
2026-08-19 09:28:28.220,0.00,0.00,0,0.0,0.0,0.000,0.0,0,HAYIR,HAYIR
2026-08-19 09:28:28.240,0.00,0.00,0,0.0,0.0,0.000,0.0,0,HAYIR,HAYIR
2026-08-19 09:28:28.260,0.00,0.00,0,0.0,0.0,0.000,0.0,0,HAYIR,HAYIR
2026-08-19 09:28:28.280,0.00,0.00,0,0.0,0.0,0.000,0.0,0,HAYIR,HAYIR
2026-08-19 09:28:28.300,0.00,0.00,0,0.0,0.0,0.000,0.0,0,HAYIR,HAYIR
2026-08-19 09:28:28.320,0.00,0.00,0,0.0,0.0,0.000,0.0,0,HAYIR,HAYIR
2026-08-19 09:28:28.340,0.00,0.00,0,0.0,0.0,0.000,0.0,0,HAYIR,HAYIR
2026-08-19 09:28:28.360,0.00,0.00,0,0.0,0.0,0.000,0.0,0,HAYIR,HAYIR
2026-08-19 09:28:28.380,0.00,0.00,0,0.0,0.0,0.000,0.0,0,HAYIR,HAYIR
2026-08-19 09:28:28.400,0.00,0.00,0,0.0,0.0,0.000,0.0,0,HAYIR,HAYIR
2026-08-19 09:28:28.420,0.00,0.00,0,0.0,0.0,0.000,0.0,0,HAYIR,HAYIR
2026-08-19 09:28:28.440,0.00,0.00,0,0.0,0.0,0.000,0.0,0,HAYIR,HAYIR
2026-08-19 09:28:28.460,0.00,0.00,0,0.0,0.0,0.000,0.0,0,HAYIR,HAYIR
2026-08-19 09:28:28.480,0.00,0.00,0,0.0,0.0,0.000,0.0,0,HAYIR,HAYIR
2026-08-19 09:28:28.500,0.00,0.00,0,0.0,0.0,0.000,0.0,0,HAYIR,HAYIR
2026-08-19 09:28:28.520,0.00,0.00,0,0.0,0.0,0.000,0.0,0,HAYIR,HAYIR
2026-08-19 09:28:28.540,0.00,0.00,0,0.0,0.0,0.000,0.0,0,HAYIR,HAYIR
2026-08-19 09:28:28.561,0.00,0.00,0,0.0,0.0,0.000,0.0,0,HAYIR,HAYIR
2026-08-19 09:28:28.580,0.00,0.00,0,0.0,0.0,0.000,0.0,0,HAYIR,HAYIR
2026-08-19 09:28:28.600,0.00,0.00,0,0.0,0.0,0.000,0.0,0,HAYIR,HAYIR
2026-08-19 09:28:28.620,0.00,0.00,0,0.0,0.0,0.000,0.0,0,HAYIR,HAYIR
2026-08-19 09:28:28.640,0.00,0.00,0,0.0,0.0,0.000,0.0,0,HAYIR,HAYIR
2026-08-19 09:28:28.661,0.00,0.00,0,0.0,0.0,0.000,0.0,0,HAYIR,HAYIR
2026-08-19 09:28:28.680,0.00,0.00,0,0.0,0.0,0.000,0.0,0,HAYIR,HAYIR
2026-08-19 09:28:28.700,0.00,0.00,0,0.0,0.0,0.000,0.0,0,HAYIR,HAYIR
2026-08-19 09:28:28.720,0.00,0.00,0,0.0,0.0,0.000,0.0,0,HAYIR,HAYIR
2026-08-19 09:28:28.740,0.00,0.00,0,0.0,0.0,0.000,0.0,0,HAYIR,HAYIR
2026-08-19 09:28:28.760,0.00,0.00,0,0.0,0.0,0.000,0.0,0,HAYIR,HAYIR
2026-08-19 09:28:28.780,0.00,0.00,0,0.0,0.0,0.000,0.0,0,HAYIR,HAYIR
2026-08-19 09:28:28.800,0.00,0.00,0,0.0,0.0,0.000,0.0,0,HAYIR,HAYIR
2026-08-19 09:28:28.821,0.00,0.00,0,0.0,0.0,0.000,0.0,0,HAYIR,HAYIR
2026-08-19 09:28:28.841,0.00,0.00,0,0.0,0.0,0.000,0.0,0,HAYIR,HAYIR
2026-08-19 09:28:28.860,0.00,0.00,0,0.0,0.0,0.000,0.0,0,HAYIR,HAYIR
2026-08-19 09:28:28.880,0.00,0.00,0,0.0,0.0,0.000,0.0,0,HAYIR,HAYIR
2026-08-19 09:28:28.900,0.00,0.00,0,0.0,0.0,0.000,0.0,0,HAYIR,HAYIR
2026-08-19 09:28:28.920,0.00,0.00,0,0.0,0.0,0.000,0.0,0,HAYIR,HAYIR
2026-08-19 09:28:28.940,0.00,0.00,0,0.0,0.0,0.000,0.0,0,HAYIR,HAYIR
2026-08-19 09:28:28.960,0.00,0.00,0,0.0,0.0,0.000,0.0,0,HAYIR,HAYIR
2026-08-19 09:28:28.981,0.00,0.00,0,0.0,0.0,0.000,0.0,0,HAYIR,HAYIR
2026-08-19 09:28:29.000,0.00,0.00,0,0.0,0.0,0.000,0.0,0,HAYIR,HAYIR
2026-08-19 09:28:29.020,0.00,0.00,0,0.0,0.0,0.000,0.0,0,HAYIR,HAYIR
2026-08-19 09:28:29.040,0.00,0.00,0,0.0,0.0,0.000,0.0,0,HAYIR,HAYIR
2026-08-19 09:28:29.060,0.00,0.00,0,0.0,0.0,0.000,0.0,0,HAYIR,HAYIR
2026-08-19 09:28:29.081,0.00,0.00,0,0.0,0.0,0.000,0.0,0,HAYIR,HAYIR
2026-08-19 09:28:29.100,0.00,0.00,0,0.0,0.0,0.000,0.0,0,HAYIR,HAYIR
2026-08-19 09:28:29.120,0.00,0.00,0,0.0,0.0,0.000,0.0,0,HAYIR,HAYIR
2026-08-19 09:28:29.140,0.00,0.00,0,0.0,0.0,0.000,0.0,0,HAYIR,HAYIR
2026-08-19 09:28:29.160,0.00,0.00,0,0.0,0.0,0.000,0.0,0,HAYIR,HAYIR
2026-08-19 09:28:29.180,0.00,0.00,0,0.0,0.0,0.000,0.0,0,HAYIR,HAYIR
2026-08-19 09:28:29.200,0.00,0.00,0,0.0,0.0,0.000,0.0,0,HAYIR,HAYIR
2026-08-19 09:28:29.220,0.00,0.00,0,0.0,0.0,0.000,0.0,0,HAYIR,HAYIR
2026-08-19 09:28:29.240,0.00,0.00,0,0.0,0.0,0.000,0.0,0,HAYIR,HAYIR
2026-08-19 09:28:29.260,0.00,0.00,0,0.0,0.0,0.000,0.0,0,HAYIR,HAYIR
2026-08-19 09:28:29.280,0.00,0.00,0,0.0,0.0,0.000,0.0,0,HAYIR,HAYIR
2026-08-19 09:28:29.300,0.00,0.00,0,0.0,0.0,0.000,0.0,0,HAYIR,HAYIR
2026-08-19 09:28:29.320,0.00,0.00,0,0.0,0.0,0.000,0.0,0,HAYIR,HAYIR
2026-08-19 09:28:29.340,0.00,0.00,0,0.0,0.0,0.000,0.0,0,HAYIR,HAYIR
2026-08-19 09:28:29.360,0.00,0.00,0,0.0,0.0,0.000,0.0,0,HAYIR,HAYIR
2026-08-19 09:28:29.380,0.00,0.00,0,0.0,0.0,0.000,0.0,0,HAYIR,HAYIR
2026-08-19 09:28:29.400,0.00,0.00,0,0.0,0.0,0.000,0.0,0,HAYIR,HAYIR
2026-08-19 09:28:29.420,0.00,0.00,0,0.0,0.0,0.000,0.0,0,HAYIR,HAYIR
2026-08-19 09:28:29.440,0.00,0.00,0,0.0,0.0,0.000,0.0,0,HAYIR,HAYIR
2026-08-19 09:28:29.460,0.00,0.00,0,0.0,0.0,0.000,0.0,0,HAYIR,HAYIR
2026-08-19 09:28:29.480,0.00,0.00,0,0.0,0.0,0.000,0.0,0,HAYIR,HAYIR
2026-08-19 09:28:29.500,0.00,0.00,0,0.0,0.0,0.000,0.0,0,HAYIR,HAYIR
2026-08-19 09:28:29.521,0.00,0.00,0,0.0,0.0,0.000,0.0,0,HAYIR,HAYIR
2026-08-19 09:28:29.540,0.00,0.00,0,0.0,0.0,0.000,0.0,0,HAYIR,HAYIR
2026-08-19 09:28:29.560,0.00,0.00,0,0.0,0.0,0.000,0.0,0,HAYIR,HAYIR
2026-08-19 09:28:29.580,0.00,0.00,0,0.0,0.0,0.000,0.0,0,HAYIR,HAYIR
2026-08-19 09:28:29.600,0.00,0.00,0,0.0,0.0,0.000,0.0,0,HAYIR,HAYIR
2026-08-19 09:28:29.620,0.00,0.00,0,0.0,0.0,0.000,0.0,0,HAYIR,HAYIR
2026-08-19 09:28:29.640,0.00,0.00,0,0.0,0.0,0.000,0.0,0,HAYIR,HAYIR
2026-08-19 09:28:29.661,0.00,0.00,0,0.0,0.0,0.000,0.0,0,HAYIR,HAYIR
2026-08-19 09:28:29.680,0.00,0.00,0,0.0,0.0,0.000,0.0,0,HAYIR,HAYIR
2026-08-19 09:28:29.700,0.00,0.00,0,0.0,0.0,0.000,0.0,0,HAYIR,HAYIR
2026-08-19 09:28:29.721,0.00,0.00,0,0.0,0.0,0.000,0.0,0,HAYIR,HAYIR
2026-08-19 09:28:29.740,0.00,0.00,0,0.0,0.0,0.000,0.0,0,HAYIR,HAYIR
2026-08-19 09:28:29.760,0.00,0.00,0,0.0,0.0,0.000,0.0,0,HAYIR,HAYIR
2026-08-19 09:28:29.780,0.00,0.00,0,0.0,0.0,0.000,0.0,0,HAYIR,HAYIR
2026-08-19 09:28:29.800,0.00,0.00,0,0.0,0.0,0.000,0.0,0,HAYIR,HAYIR
2026-08-19 09:28:29.820,0.00,0.00,0,0.0,0.0,0.000,0.0,0,HAYIR,HAYIR
2026-08-19 09:28:29.840,0.00,0.00,0,0.0,0.0,0.000,0.0,0,HAYIR,HAYIR
2026-08-19 09:28:29.860,0.00,0.00,0,0.0,0.0,0.000,0.0,0,HAYIR,HAYIR
2026-08-19 09:28:29.880,0.00,0.00,0,0.0,0.0,0.000,0.0,0,HAYIR,HAYIR
2026-08-19 09:28:29.900,0.00,0.00,0,0.0,0.0,0.000,0.0,0,HAYIR,HAYIR
2026-08-19 09:28:29.920,0.00,0.00,0,0.0,0.0,0.000,0.0,0,HAYIR,HAYIR
2026-08-19 09:28:29.940,0.00,0.00,0,0.0,0.0,0.000,0.0,0,HAYIR,HAYIR
2026-08-19 09:28:29.960,0.00,0.00,0,0.0,0.0,0.000,0.0,0,HAYIR,HAYIR
2026-08-19 09:28:29.980,0.00,0.00,0,0.0,0.0,0.000,0.0,0,HAYIR,HAYIR
2026-08-19 09:28:30.000,0.00,0.00,0,0.0,0.0,0.000,0.0,0,HAYIR,HAYIR
2026-08-19 09:28:30.020,0.00,0.00,0,0.0,0.0,0.000,0.0,0,HAYIR,HAYIR
2026-08-19 09:28:30.040,0.00,0.00,0,0.0,0.0,0.000,0.0,0,HAYIR,HAYIR
2026-08-19 09:28:30.060,0.00,0.00,0,0.0,0.0,0.000,0.0,0,HAYIR,HAYIR
2026-08-19 09:28:30.080,0.00,0.00,0,0.0,0.0,0.000,0.0,0,HAYIR,HAYIR
2026-08-19 09:28:30.100,0.00,0.00,0,0.0,0.0,0.000,0.0,0,HAYIR,HAYIR
2026-08-19 09:28:30.120,0.00,0.00,0,0.0,0.0,0.000,0.0,0,HAYIR,HAYIR
2026-08-19 09:28:30.140,0.00,0.00,0,0.0,0.0,0.000,0.0,0,HAYIR,HAYIR
2026-08-19 09:28:30.160,0.00,0.00,0,0.0,0.0,0.000,0.0,0,HAYIR,HAYIR
2026-08-19 09:28:30.180,0.00,0.00,0,0.0,0.0,0.000,0.0,0,HAYIR,HAYIR
2026-08-19 09:28:30.200,0.00,0.00,0,0.0,0.0,0.000,0.0,0,HAYIR,HAYIR
2026-08-19 09:28:30.220,0.00,0.00,0,0.0,0.0,0.000,0.0,0,HAYIR,HAYIR
2026-08-19 09:28:30.240,0.00,0.00,0,0.0,0.0,0.000,0.0,0,HAYIR,HAYIR
2026-08-19 09:28:30.260,0.00,0.00,0,0.0,0.0,0.000,0.0,0,HAYIR,HAYIR
2026-08-19 09:28:30.280,0.00,0.00,0,0.0,0.0,0.000,0.0,0,HAYIR,HAYIR
2026-08-19 09:28:30.300,0.00,0.00,0,0.0,0.0,0.000,0.0,0,HAYIR,HAYIR
2026-08-19 09:28:30.320,0.00,0.00,0,0.0,0.0,0.000,0.0,0,HAYIR,HAYIR
2026-08-19 09:28:30.340,0.00,0.00,0,0.0,0.0,0.000,0.0,0,HAYIR,HAYIR
2026-08-19 09:28:30.360,0.00,0.00,0,0.0,0.0,0.000,0.0,0,HAYIR,HAYIR
2026-08-19 09:28:30.380,0.00,0.00,0,0.0,0.0,0.000,0.0,0,HAYIR,HAYIR
2026-08-19 09:28:30.400,0.00,0.00,0,0.0,0.0,0.000,0.0,0,HAYIR,HAYIR
2026-08-19 09:28:30.420,0.00,0.00,0,0.0,0.0,0.000,0.0,0,HAYIR,HAYIR
2026-08-19 09:28:30.440,0.00,0.00,0,0.0,0.0,0.000,0.0,0,HAYIR,HAYIR
2026-08-19 09:28:30.460,0.00,0.00,0,0.0,0.0,0.000,0.0,0,HAYIR,HAYIR
2026-08-19 09:28:30.480,0.00,0.00,0,0.0,0.0,0.000,0.0,0,HAYIR,HAYIR
2026-08-19 09:28:30.500,0.00,0.00,0,0.0,0.0,0.000,0.0,0,HAYIR,HAYIR
2026-08-19 09:28:30.520,0.00,0.00,0,0.0,0.0,0.000,0.0,0,HAYIR,HAYIR
2026-08-19 09:28:30.540,0.00,0.00,0,0.0,0.0,0.000,0.0,0,HAYIR,HAYIR
2026-08-19 09:28:30.560,0.00,0.00,0,0.0,0.0,0.000,0.0,0,HAYIR,HAYIR
2026-08-19 09:28:30.580,0.00,0.00,0,0.0,0.0,0.000,0.0,0,HAYIR,HAYIR
2026-08-19 09:28:30.600,0.00,0.00,0,0.0,0.0,0.000,0.0,0,HAYIR,HAYIR
2026-08-19 09:28:30.620,0.00,0.00,0,0.0,0.0,0.000,0.0,0,HAYIR,HAYIR
2026-08-19 09:28:30.640,0.00,0.00,0,0.0,0.0,0.000,0.0,0,HAYIR,HAYIR
2026-08-19 09:28:30.661,0.00,0.00,0,0.0,0.0,0.000,0.0,0,HAYIR,HAYIR
2026-08-19 09:28:30.680,0.00,0.00,0,0.0,0.0,0.000,0.0,0,HAYIR,HAYIR
2026-08-19 09:28:30.700,0.00,0.00,0,0.0,0.0,0.000,0.0,0,HAYIR,HAYIR
2026-08-19 09:28:30.721,0.00,0.00,0,0.0,0.0,0.000,0.0,0,HAYIR,HAYIR
2026-08-19 09:28:30.740,0.00,0.00,0,0.0,0.0,0.000,0.0,0,HAYIR,HAYIR
2026-08-19 09:28:30.760,0.00,0.00,0,0.0,0.0,0.000,0.0,0,HAYIR,HAYIR
2026-08-19 09:28:30.780,0.00,0.00,0,0.0,0.0,0.000,0.0,0,HAYIR,HAYIR
2026-08-19 09:28:30.800,0.00,0.00,0,0.0,0.0,0.000,0.0,0,HAYIR,HAYIR
2026-08-19 09:28:30.820,0.00,0.00,0,0.0,0.0,0.000,0.0,0,HAYIR,HAYIR
2026-08-19 09:28:30.840,0.00,0.00,0,0.0,0.0,0.000,0.0,0,HAYIR,HAYIR
2026-08-19 09:28:30.860,0.00,0.00,0,0.0,0.0,0.000,0.0,0,HAYIR,HAYIR
2026-08-19 09:28:30.880,0.00,0.00,0,0.0,0.0,0.000,0.0,0,HAYIR,HAYIR
2026-08-19 09:28:30.900,0.00,0.00,0,0.0,0.0,0.000,0.0,0,HAYIR,HAYIR
2026-08-19 09:28:30.920,0.00,0.00,0,0.0,0.0,0.000,0.0,0,HAYIR,HAYIR
2026-08-19 09:28:30.940,0.00,0.00,0,0.0,0.0,0.000,0.0,0,HAYIR,HAYIR
2026-08-19 09:28:30.960,0.00,0.00,0,0.0,0.0,0.000,0.0,0,HAYIR,HAYIR
2026-08-19 09:28:30.980,0.00,0.00,0,0.0,0.0,0.000,0.0,0,HAYIR,HAYIR
2026-08-19 09:28:31.000,0.00,0.00,0,0.0,0.0,0.000,0.0,0,HAYIR,HAYIR
2026-08-19 09:28:31.020,0.00,0.00,0,0.0,0.0,0.000,0.0,0,HAYIR,HAYIR
2026-08-19 09:28:31.040,0.00,0.00,0,0.0,0.0,0.000,0.0,0,HAYIR,HAYIR
2026-08-19 09:28:31.060,0.00,0.00,0,0.0,0.0,0.000,0.0,0,HAYIR,HAYIR
2026-08-19 09:28:31.080,0.00,0.00,0,0.0,0.0,0.000,0.0,0,HAYIR,HAYIR
2026-08-19 09:28:31.101,0.00,0.00,0,0.0,0.0,0.000,0.0,0,HAYIR,HAYIR
2026-08-19 09:28:31.120,0.00,0.00,0,0.0,0.0,0.000,0.0,0,HAYIR,HAYIR
2026-08-19 09:28:31.140,0.00,0.00,0,0.0,0.0,0.000,0.0,0,HAYIR,HAYIR
2026-08-19 09:28:31.161,0.00,0.00,0,0.0,0.0,0.000,0.0,0,HAYIR,HAYIR
2026-08-19 09:28:31.180,0.00,0.00,0,0.0,0.0,0.000,0.0,0,HAYIR,HAYIR
2026-08-19 09:28:31.200,0.00,0.00,0,0.0,0.0,0.000,0.0,0,HAYIR,HAYIR
2026-08-19 09:28:31.220,0.00,0.00,0,0.0,0.0,0.000,0.0,0,HAYIR,HAYIR
2026-08-19 09:28:31.240,0.00,0.00,0,0.0,0.0,0.000,0.0,0,HAYIR,HAYIR
2026-08-19 09:28:31.260,0.00,0.00,0,0.0,0.0,0.000,0.0,0,HAYIR,HAYIR
2026-08-19 09:28:31.280,0.00,0.00,0,0.0,0.0,0.000,0.0,0,HAYIR,HAYIR
2026-08-19 09:28:31.300,0.00,0.00,0,0.0,0.0,0.000,0.0,0,HAYIR,HAYIR
2026-08-19 09:28:31.320,0.00,0.00,0,0.0,0.0,0.000,0.0,0,HAYIR,HAYIR
2026-08-19 09:28:31.340,0.00,0.00,0,0.0,0.0,0.000,0.0,0,HAYIR,HAYIR
2026-08-19 09:28:31.360,0.00,0.00,0,0.0,0.0,0.000,0.0,0,HAYIR,HAYIR
2026-08-19 09:28:31.380,0.00,0.00,0,0.0,0.0,0.000,0.0,0,HAYIR,HAYIR
2026-08-19 09:28:31.400,0.00,0.00,0,0.0,0.0,0.000,0.0,0,HAYIR,HAYIR
2026-08-19 09:28:31.420,0.00,0.00,0,0.0,0.0,0.000,0.0,0,HAYIR,HAYIR
2026-08-19 09:28:31.440,0.00,0.00,0,0.0,0.0,0.000,0.0,0,HAYIR,HAYIR
2026-08-19 09:28:31.460,0.00,0.00,0,0.0,0.0,0.000,0.0,0,HAYIR,HAYIR
2026-08-19 09:28:31.480,0.00,0.00,0,0.0,0.0,0.000,0.0,0,HAYIR,HAYIR
2026-08-19 09:28:31.500,0.00,0.00,0,0.0,0.0,0.000,0.0,0,HAYIR,HAYIR
2026-08-19 09:28:31.520,0.00,0.00,0,0.0,0.0,0.000,0.0,0,HAYIR,HAYIR
2026-08-19 09:28:31.540,0.00,0.00,0,0.0,0.0,0.000,0.0,0,HAYIR,HAYIR
2026-08-19 09:28:31.560,0.00,0.00,0,0.0,0.0,0.000,0.0,0,HAYIR,HAYIR
2026-08-19 09:28:31.580,0.00,0.00,0,0.0,0.0,0.000,0.0,0,HAYIR,HAYIR
2026-08-19 09:28:31.600,0.00,0.00,0,0.0,0.0,0.000,0.0,0,HAYIR,HAYIR
2026-08-19 09:28:31.620,0.00,0.00,0,0.0,0.0,0.000,0.0,0,HAYIR,HAYIR
2026-08-19 09:28:31.640,0.00,0.00,0,0.0,0.0,0.000,0.0,0,HAYIR,HAYIR
2026-08-19 09:28:31.660,0.00,0.00,0,0.0,0.0,0.000,0.0,0,HAYIR,HAYIR
2026-08-19 09:28:31.680,0.00,0.00,0,0.0,0.0,0.000,0.0,0,HAYIR,HAYIR
2026-08-19 09:28:31.700,0.00,0.00,0,0.0,0.0,0.000,0.0,0,HAYIR,HAYIR
2026-08-19 09:28:31.720,0.00,0.00,0,0.0,0.0,0.000,0.0,0,HAYIR,HAYIR
2026-08-19 09:28:31.740,0.00,0.00,0,0.0,0.0,0.000,0.0,0,HAYIR,HAYIR
2026-08-19 09:28:31.760,0.00,0.00,0,0.0,0.0,0.000,0.0,0,HAYIR,HAYIR
2026-08-19 09:28:31.780,0.00,0.00,0,0.0,0.0,0.000,0.0,0,HAYIR,HAYIR
2026-08-19 09:28:31.800,0.00,0.00,0,0.0,0.0,0.000,0.0,0,HAYIR,HAYIR
2026-08-19 09:28:31.820,0.00,0.00,0,0.0,0.0,0.000,0.0,0,HAYIR,HAYIR
2026-08-19 09:28:31.840,0.00,0.00,0,0.0,0.0,0.000,0.0,0,HAYIR,HAYIR
2026-08-19 09:28:31.860,0.00,0.00,0,0.0,0.0,0.000,0.0,0,HAYIR,HAYIR
2026-08-19 09:28:31.880,0.00,0.00,0,0.0,0.0,0.000,0.0,0,HAYIR,HAYIR
2026-08-19 09:28:31.900,0.00,0.00,0,0.0,0.0,0.000,0.0,0,HAYIR,HAYIR
2026-08-19 09:28:31.920,0.00,0.00,0,0.0,0.0,0.000,0.0,0,HAYIR,HAYIR
2026-08-19 09:28:31.940,0.00,0.00,0,0.0,0.0,0.000,0.0,0,HAYIR,HAYIR
2026-08-19 09:28:31.960,0.00,0.00,0,0.0,0.0,0.000,0.0,0,HAYIR,HAYIR
2026-08-19 09:28:31.980,0.00,0.00,0,0.0,0.0,0.000,0.0,0,HAYIR,HAYIR
2026-08-19 09:28:32.000,0.00,0.00,0,0.0,0.0,0.000,0.0,0,HAYIR,HAYIR
2026-08-19 09:28:32.020,0.00,0.00,0,0.0,0.0,0.000,0.0,0,HAYIR,HAYIR
2026-08-19 09:28:32.040,0.00,0.00,0,0.0,0.0,0.000,0.0,0,HAYIR,HAYIR
2026-08-19 09:28:32.060,0.00,0.00,0,0.0,0.0,0.000,0.0,0,HAYIR,HAYIR
2026-08-19 09:28:32.080,0.00,0.00,0,0.0,0.0,0.000,0.0,0,HAYIR,HAYIR
2026-08-19 09:28:32.101,0.00,0.00,0,0.0,0.0,0.000,0.0,0,HAYIR,HAYIR
2026-08-19 09:28:32.120,0.00,0.00,0,0.0,0.0,0.000,0.0,0,HAYIR,HAYIR
2026-08-19 09:28:32.140,0.00,0.00,0,0.0,0.0,0.000,0.0,0,HAYIR,HAYIR
2026-08-19 09:28:32.161,0.00,0.00,0,0.0,0.0,0.000,0.0,0,HAYIR,HAYIR
2026-08-19 09:28:32.180,0.00,0.00,0,0.0,0.0,0.000,0.0,0,HAYIR,HAYIR
2026-08-19 09:28:32.201,0.00,0.00,0,0.0,0.0,0.000,0.0,0,HAYIR,HAYIR
2026-08-19 09:28:32.220,0.00,0.00,0,0.0,0.0,0.000,0.0,0,HAYIR,HAYIR
2026-08-19 09:28:32.240,0.00,0.00,0,0.0,0.0,0.000,0.0,0,HAYIR,HAYIR
2026-08-19 09:28:32.260,0.00,0.00,0,0.0,0.0,0.000,0.0,0,HAYIR,HAYIR
2026-08-19 09:28:32.280,0.00,0.00,0,0.0,0.0,0.000,0.0,0,HAYIR,HAYIR
2026-08-19 09:28:32.300,0.00,0.00,0,0.0,0.0,0.000,0.0,0,HAYIR,HAYIR
2026-08-19 09:28:32.320,0.00,0.00,0,0.0,0.0,0.000,0.0,0,HAYIR,HAYIR
2026-08-19 09:28:32.340,0.00,0.00,0,0.0,0.0,0.000,0.0,0,HAYIR,HAYIR
2026-08-19 09:28:32.360,0.00,0.00,0,0.0,0.0,0.000,0.0,0,HAYIR,HAYIR
2026-08-19 09:28:32.380,0.00,0.00,0,0.0,0.0,0.000,0.0,0,HAYIR,HAYIR
2026-08-19 09:28:32.400,0.00,0.00,0,0.0,0.0,0.000,0.0,0,HAYIR,HAYIR
2026-08-19 09:28:32.420,0.00,0.00,0,0.0,0.0,0.000,0.0,0,HAYIR,HAYIR
2026-08-19 09:28:32.440,0.00,0.00,0,0.0,0.0,0.000,0.0,0,HAYIR,HAYIR
2026-08-19 09:28:32.460,0.00,0.00,0,0.0,0.0,0.000,0.0,0,HAYIR,HAYIR
2026-08-19 09:28:32.480,0.00,0.00,0,0.0,0.0,0.000,0.0,0,HAYIR,HAYIR
2026-08-19 09:28:32.500,0.00,0.00,0,0.0,0.0,0.000,0.0,0,HAYIR,HAYIR
2026-08-19 09:28:32.520,0.00,0.00,0,0.0,0.0,0.000,0.0,0,HAYIR,HAYIR
2026-08-19 09:28:32.540,0.00,0.00,0,0.0,0.0,0.000,0.0,0,HAYIR,HAYIR
2026-08-19 09:28:32.560,0.00,0.00,0,0.0,0.0,0.000,0.0,0,HAYIR,HAYIR
2026-08-19 09:28:32.580,0.00,0.00,0,0.0,0.0,0.000,0.0,0,HAYIR,HAYIR
2026-08-19 09:28:32.601,0.00,0.00,0,0.0,0.0,0.000,0.0,0,HAYIR,HAYIR
2026-08-19 09:28:32.620,0.00,0.00,0,0.0,0.0,0.000,0.0,0,HAYIR,HAYIR
2026-08-19 09:28:32.641,0.00,0.00,0,0.0,0.0,0.000,0.0,0,HAYIR,HAYIR
2026-08-19 09:28:32.660,0.00,0.00,0,0.0,0.0,0.000,0.0,0,HAYIR,HAYIR
2026-08-19 09:28:32.680,0.00,0.00,0,0.0,0.0,0.000,0.0,0,HAYIR,HAYIR
2026-08-19 09:28:32.700,0.00,0.00,0,0.0,0.0,0.000,0.0,0,HAYIR,HAYIR
2026-08-19 09:28:32.720,0.00,0.00,0,0.0,0.0,0.000,0.0,0,HAYIR,HAYIR
2026-08-19 09:28:32.740,0.00,0.00,0,0.0,0.0,0.000,0.0,0,HAYIR,HAYIR
2026-08-19 09:28:32.761,0.00,0.00,0,0.0,0.0,0.000,0.0,0,HAYIR,HAYIR
2026-08-19 09:28:32.780,0.00,0.00,0,0.0,0.0,0.000,0.0,0,HAYIR,HAYIR
2026-08-19 09:28:32.800,0.00,0.00,0,0.0,0.0,0.000,0.0,0,HAYIR,HAYIR
2026-08-19 09:28:32.820,0.00,0.00,0,0.0,0.0,0.000,0.0,0,HAYIR,HAYIR
2026-08-19 09:28:32.840,0.00,0.00,0,0.0,0.0,0.000,0.0,0,HAYIR,HAYIR
2026-08-19 09:28:32.860,0.00,0.00,0,0.0,0.0,0.000,0.0,0,HAYIR,HAYIR
2026-08-19 09:28:32.880,0.00,0.00,0,0.0,0.0,0.000,0.0,0,HAYIR,HAYIR
2026-08-19 09:28:32.900,0.00,0.00,0,0.0,0.0,0.000,0.0,0,HAYIR,HAYIR
2026-08-19 09:28:32.920,0.00,0.00,0,0.0,0.0,0.000,0.0,0,HAYIR,HAYIR
2026-08-19 09:28:32.940,0.00,0.00,0,0.0,0.0,0.000,0.0,0,HAYIR,HAYIR
2026-08-19 09:28:32.961,0.00,0.00,0,0.0,0.0,0.000,0.0,0,HAYIR,HAYIR
2026-08-19 09:28:32.980,0.00,0.00,0,0.0,0.0,0.000,0.0,0,HAYIR,HAYIR
2026-08-19 09:28:33.000,0.00,0.00,0,0.0,0.0,0.000,0.0,0,HAYIR,HAYIR
2026-08-19 09:28:33.020,0.00,0.00,0,0.0,0.0,0.000,0.0,0,HAYIR,HAYIR
2026-08-19 09:28:33.040,0.00,0.00,0,0.0,0.0,0.000,0.0,0,HAYIR,HAYIR
2026-08-19 09:28:33.060,0.00,0.00,0,0.0,0.0,0.000,0.0,0,HAYIR,HAYIR
2026-08-19 09:28:33.080,0.00,0.00,0,0.0,0.0,0.000,0.0,0,HAYIR,HAYIR
2026-08-19 09:28:33.100,0.00,0.00,0,0.0,0.0,0.000,0.0,0,HAYIR,HAYIR
2026-08-19 09:28:33.120,0.00,0.00,0,0.0,0.0,0.000,0.0,0,HAYIR,HAYIR
2026-08-19 09:28:33.140,0.00,0.00,0,0.0,0.0,0.000,0.0,0,HAYIR,HAYIR
2026-08-19 09:28:33.160,0.00,0.00,0,0.0,0.0,0.000,0.0,0,HAYIR,HAYIR
2026-08-19 09:28:33.180,0.00,0.00,0,0.0,0.0,0.000,0.0,0,HAYIR,HAYIR
2026-08-19 09:28:33.200,0.00,0.00,0,0.0,0.0,0.000,0.0,0,HAYIR,HAYIR
2026-08-19 09:28:33.220,0.00,0.00,0,0.0,0.0,0.000,0.0,0,HAYIR,HAYIR
2026-08-19 09:28:33.241,0.00,0.00,0,0.0,0.0,0.000,0.0,0,HAYIR,HAYIR
2026-08-19 09:28:33.260,0.00,0.00,0,0.0,0.0,0.000,0.0,0,HAYIR,HAYIR
2026-08-19 09:28:33.280,0.00,0.00,0,0.0,0.0,0.000,0.0,0,HAYIR,HAYIR
2026-08-19 09:28:33.300,0.00,0.00,0,0.0,0.0,0.000,0.0,0,HAYIR,HAYIR
2026-08-19 09:28:33.320,0.00,0.00,0,0.0,0.0,0.000,0.0,0,HAYIR,HAYIR
2026-08-19 09:28:33.340,0.00,0.00,0,0.0,0.0,0.000,0.0,0,HAYIR,HAYIR
2026-08-19 09:28:33.361,0.00,0.00,0,0.0,0.0,0.000,0.0,0,HAYIR,HAYIR
2026-08-19 09:28:33.380,0.00,0.00,0,0.0,0.0,0.000,0.0,0,HAYIR,HAYIR
2026-08-19 09:28:33.400,0.00,0.00,0,0.0,0.0,0.000,0.0,0,HAYIR,HAYIR
2026-08-19 09:28:33.420,0.00,0.00,0,0.0,0.0,0.000,0.0,0,HAYIR,HAYIR
2026-08-19 09:28:33.440,0.00,0.00,0,0.0,0.0,0.000,0.0,0,HAYIR,HAYIR
2026-08-19 09:28:33.460,0.00,0.00,0,0.0,0.0,0.000,0.0,0,HAYIR,HAYIR
2026-08-19 09:28:33.480,0.00,0.00,0,0.0,0.0,0.000,0.0,0,HAYIR,HAYIR
2026-08-19 09:28:33.500,0.00,0.00,0,0.0,0.0,0.000,0.0,0,HAYIR,HAYIR
2026-08-19 09:28:33.520,0.00,0.00,0,0.0,0.0,0.000,0.0,0,HAYIR,HAYIR
2026-08-19 09:28:33.540,0.00,0.00,0,0.0,0.0,0.000,0.0,0,HAYIR,HAYIR
2026-08-19 09:28:33.561,0.00,0.00,0,0.0,0.0,0.000,0.0,0,HAYIR,HAYIR
2026-08-19 09:28:33.580,0.00,0.00,0,0.0,0.0,0.000,0.0,0,HAYIR,HAYIR
2026-08-19 09:28:33.601,0.00,0.00,0,0.0,0.0,0.000,0.0,0,HAYIR,HAYIR
2026-08-19 09:28:33.620,0.00,0.00,0,0.0,0.0,0.000,0.0,0,HAYIR,HAYIR
2026-08-19 09:28:33.640,0.00,0.00,0,0.0,0.0,0.000,0.0,0,HAYIR,HAYIR
2026-08-19 09:28:33.660,0.00,0.00,0,0.0,0.0,0.000,0.0,0,HAYIR,HAYIR
2026-08-19 09:28:33.680,0.00,0.00,0,0.0,0.0,0.000,0.0,0,HAYIR,HAYIR
2026-08-19 09:28:33.700,0.00,0.00,0,0.0,0.0,0.000,0.0,0,HAYIR,HAYIR
2026-08-19 09:28:33.720,0.00,0.00,0,0.0,0.0,0.000,0.0,0,HAYIR,HAYIR
2026-08-19 09:28:33.740,0.00,0.00,0,0.0,0.0,0.000,0.0,0,HAYIR,HAYIR
2026-08-19 09:28:33.760,0.00,0.00,0,0.0,0.0,0.000,0.0,0,HAYIR,HAYIR
2026-08-19 09:28:33.780,0.00,0.00,0,0.0,0.0,0.000,0.0,0,HAYIR,HAYIR
2026-08-19 09:28:33.800,0.00,0.00,0,0.0,0.0,0.000,0.0,0,HAYIR,HAYIR
2026-08-19 09:28:33.820,0.00,0.00,0,0.0,0.0,0.000,0.0,0,HAYIR,HAYIR
2026-08-19 09:28:33.841,0.00,0.00,0,0.0,0.0,0.000,0.0,0,HAYIR,HAYIR
2026-08-19 09:28:33.860,0.00,0.00,0,0.0,0.0,0.000,0.0,0,HAYIR,HAYIR
2026-08-19 09:28:33.880,0.00,0.00,0,0.0,0.0,0.000,0.0,0,HAYIR,HAYIR
2026-08-19 09:28:33.900,0.00,0.00,0,0.0,0.0,0.000,0.0,0,HAYIR,HAYIR
2026-08-19 09:28:33.920,0.00,0.00,0,0.0,0.0,0.000,0.0,0,HAYIR,HAYIR
2026-08-19 09:28:33.940,0.00,0.00,0,0.0,0.0,0.000,0.0,0,HAYIR,HAYIR
2026-08-19 09:28:33.960,0.00,0.00,0,0.0,0.0,0.000,0.0,0,HAYIR,HAYIR
2026-08-19 09:28:33.980,0.00,0.00,0,0.0,0.0,0.000,0.0,0,HAYIR,HAYIR
2026-08-19 09:28:34.000,0.00,0.00,0,0.0,0.0,0.000,0.0,0,HAYIR,HAYIR
2026-08-19 09:28:34.020,0.00,0.00,0,0.0,0.0,0.000,0.0,0,HAYIR,HAYIR
2026-08-19 09:28:34.040,0.00,0.00,0,0.0,0.0,0.000,0.0,0,HAYIR,HAYIR
2026-08-19 09:28:34.060,0.00,0.00,0,0.0,0.0,0.000,0.0,0,HAYIR,HAYIR
2026-08-19 09:28:34.080,0.00,0.00,0,0.0,0.0,0.000,0.0,0,HAYIR,HAYIR
2026-08-19 09:28:34.100,0.00,0.00,0,0.0,0.0,0.000,0.0,0,HAYIR,HAYIR
2026-08-19 09:28:34.120,0.00,0.00,0,0.0,0.0,0.000,0.0,0,HAYIR,HAYIR
2026-08-19 09:28:34.140,0.00,0.00,0,0.0,0.0,0.000,0.0,0,HAYIR,HAYIR
2026-08-19 09:28:34.160,0.00,0.00,0,0.0,0.0,0.000,0.0,0,HAYIR,HAYIR
2026-08-19 09:28:34.180,0.00,0.00,0,0.0,0.0,0.000,0.0,0,HAYIR,HAYIR
2026-08-19 09:28:34.200,0.00,0.00,0,0.0,0.0,0.000,0.0,0,HAYIR,HAYIR
2026-08-19 09:28:34.220,0.00,0.00,0,0.0,0.0,0.000,0.0,0,HAYIR,HAYIR
2026-08-19 09:28:34.240,0.00,0.00,0,0.0,0.0,0.000,0.0,0,HAYIR,HAYIR
2026-08-19 09:28:34.260,0.00,0.00,0,0.0,0.0,0.000,0.0,0,HAYIR,HAYIR
2026-08-19 09:28:34.280,0.00,0.00,0,0.0,0.0,0.000,0.0,0,HAYIR,HAYIR
2026-08-19 09:28:34.300,0.00,0.00,0,0.0,0.0,0.000,0.0,0,HAYIR,HAYIR
2026-08-19 09:28:34.320,0.00,0.00,0,0.0,0.0,0.000,0.0,0,HAYIR,HAYIR
2026-08-19 09:28:34.340,0.00,0.00,0,0.0,0.0,0.000,0.0,0,HAYIR,HAYIR
2026-08-19 09:28:34.361,0.00,0.00,0,0.0,0.0,0.000,0.0,0,HAYIR,HAYIR
2026-08-19 09:28:34.380,0.00,0.00,0,0.0,0.0,0.000,0.0,0,HAYIR,HAYIR
2026-08-19 09:28:34.400,0.00,0.00,0,0.0,0.0,0.000,0.0,0,HAYIR,HAYIR
2026-08-19 09:28:34.420,0.00,0.00,0,0.0,0.0,0.000,0.0,0,HAYIR,HAYIR
2026-08-19 09:28:34.440,0.00,0.00,0,0.0,0.0,0.000,0.0,0,HAYIR,HAYIR
2026-08-19 09:28:34.460,0.00,0.00,0,0.0,0.0,0.000,0.0,0,HAYIR,HAYIR
2026-08-19 09:28:34.480,0.00,0.00,0,0.0,0.0,0.000,0.0,0,HAYIR,HAYIR
2026-08-19 09:28:34.501,0.00,0.00,0,0.0,0.0,0.000,0.0,0,HAYIR,HAYIR
2026-08-19 09:28:34.520,0.00,0.00,0,0.0,0.0,0.000,0.0,0,HAYIR,HAYIR
2026-08-19 09:28:34.540,0.00,0.00,0,0.0,0.0,0.000,0.0,0,HAYIR,HAYIR
2026-08-19 09:28:34.560,0.00,0.00,0,0.0,0.0,0.000,0.0,0,HAYIR,HAYIR
2026-08-19 09:28:34.580,0.00,0.00,0,0.0,0.0,0.000,0.0,0,HAYIR,HAYIR
2026-08-19 09:28:34.600,0.00,0.00,0,0.0,0.0,0.000,0.0,0,HAYIR,HAYIR
2026-08-19 09:28:34.621,0.00,0.00,0,0.0,0.0,0.000,0.0,0,HAYIR,HAYIR
2026-08-19 09:28:34.640,0.00,0.00,0,0.0,0.0,0.000,0.0,0,HAYIR,HAYIR
2026-08-19 09:28:34.660,0.00,0.00,0,0.0,0.0,0.000,0.0,0,HAYIR,HAYIR
2026-08-19 09:28:34.680,0.00,0.00,0,0.0,0.0,0.000,0.0,0,HAYIR,HAYIR
2026-08-19 09:28:34.700,0.00,0.00,0,0.0,0.0,0.000,0.0,0,HAYIR,HAYIR
2026-08-19 09:28:34.721,0.00,0.00,0,0.0,0.0,0.000,0.0,0,HAYIR,HAYIR
2026-08-19 09:28:34.740,0.00,0.00,0,0.0,0.0,0.000,0.0,0,HAYIR,HAYIR
2026-08-19 09:28:34.760,0.00,0.00,0,0.0,0.0,0.000,0.0,0,HAYIR,HAYIR
2026-08-19 09:28:34.780,0.00,0.00,0,0.0,0.0,0.000,0.0,0,HAYIR,HAYIR
2026-08-19 09:28:34.800,0.00,0.00,0,0.0,0.0,0.000,0.0,0,HAYIR,HAYIR
2026-08-19 09:28:34.820,0.00,0.00,0,0.0,0.0,0.000,0.0,0,HAYIR,HAYIR
2026-08-19 09:28:34.840,0.00,0.00,0,0.0,0.0,0.000,0.0,0,HAYIR,HAYIR
2026-08-19 09:28:34.860,0.00,0.00,0,0.0,0.0,0.000,0.0,0,HAYIR,HAYIR
2026-08-19 09:28:34.880,0.00,0.00,0,0.0,0.0,0.000,0.0,0,HAYIR,HAYIR
2026-08-19 09:28:34.900,0.00,0.00,0,0.0,0.0,0.000,0.0,0,HAYIR,HAYIR
2026-08-19 09:28:34.920,0.00,0.00,0,0.0,0.0,0.000,0.0,0,HAYIR,HAYIR
2026-08-19 09:28:34.940,0.00,0.00,0,0.0,0.0,0.000,0.0,0,HAYIR,HAYIR
2026-08-19 09:28:34.960,0.00,0.00,0,0.0,0.0,0.000,0.0,0,HAYIR,HAYIR
2026-08-19 09:28:34.980,0.00,0.00,0,0.0,0.0,0.000,0.0,0,HAYIR,HAYIR
2026-08-19 09:28:35.000,0.00,0.00,0,0.0,0.0,0.000,0.0,0,HAYIR,HAYIR
2026-08-19 09:28:35.020,0.00,0.00,0,0.0,0.0,0.000,0.0,0,HAYIR,HAYIR
2026-08-19 09:28:35.041,0.00,0.00,0,0.0,0.0,0.000,0.0,0,HAYIR,HAYIR
2026-08-19 09:28:35.060,0.00,0.00,0,0.0,0.0,0.000,0.0,0,HAYIR,HAYIR
2026-08-19 09:28:35.080,0.00,0.00,0,0.0,0.0,0.000,0.0,0,HAYIR,HAYIR
2026-08-19 09:28:35.100,0.00,0.00,0,0.0,0.0,0.000,0.0,0,HAYIR,HAYIR
2026-08-19 09:28:35.120,0.00,0.00,0,0.0,0.0,0.000,0.0,0,HAYIR,HAYIR
2026-08-19 09:28:35.140,0.00,0.00,0,0.0,0.0,0.000,0.0,0,HAYIR,HAYIR
2026-08-19 09:28:35.160,0.00,0.00,0,0.0,0.0,0.000,0.0,0,HAYIR,HAYIR
2026-08-19 09:28:35.180,0.00,0.00,0,0.0,0.0,0.000,0.0,0,HAYIR,HAYIR
2026-08-19 09:28:35.200,0.00,0.00,0,0.0,0.0,0.000,0.0,0,HAYIR,HAYIR
2026-08-19 09:28:35.220,0.00,0.00,0,0.0,0.0,0.000,0.0,0,HAYIR,HAYIR
2026-08-19 09:28:35.240,0.00,0.00,0,0.0,0.0,0.000,0.0,0,HAYIR,HAYIR
2026-08-19 09:28:35.260,0.00,0.00,0,0.0,0.0,0.000,0.0,0,HAYIR,HAYIR
2026-08-19 09:28:35.280,0.00,0.00,0,0.0,0.0,0.000,0.0,0,HAYIR,HAYIR
2026-08-19 09:28:35.300,0.00,0.00,0,0.0,0.0,0.000,0.0,0,HAYIR,HAYIR
2026-08-19 09:28:35.320,0.00,0.00,0,0.0,0.0,0.000,0.0,0,HAYIR,HAYIR
2026-08-19 09:28:35.340,0.00,0.00,0,0.0,0.0,0.000,0.0,0,HAYIR,HAYIR
2026-08-19 09:28:35.361,0.00,0.00,0,0.0,0.0,0.000,0.0,0,HAYIR,HAYIR
2026-08-19 09:28:35.380,0.00,0.00,0,0.0,0.0,0.000,0.0,0,HAYIR,HAYIR
2026-08-19 09:28:35.400,0.00,0.00,0,0.0,0.0,0.000,0.0,0,HAYIR,HAYIR
2026-08-19 09:28:35.420,0.00,0.00,0,0.0,0.0,0.000,0.0,0,HAYIR,HAYIR
2026-08-19 09:28:35.441,0.00,0.00,0,0.0,0.0,0.000,0.0,0,HAYIR,HAYIR
2026-08-19 09:28:35.460,0.00,0.00,0,0.0,0.0,0.000,0.0,0,HAYIR,HAYIR
2026-08-19 09:28:35.480,0.00,0.00,0,0.0,0.0,0.000,0.0,0,HAYIR,HAYIR
2026-08-19 09:28:35.500,0.00,0.00,0,0.0,0.0,0.000,0.0,0,HAYIR,HAYIR
2026-08-19 09:28:35.520,0.00,0.00,0,0.0,0.0,0.000,0.0,0,HAYIR,HAYIR
2026-08-19 09:28:35.540,0.00,0.00,0,0.0,0.0,0.000,0.0,0,HAYIR,HAYIR
2026-08-19 09:28:35.560,0.00,0.00,0,0.0,0.0,0.000,0.0,0,HAYIR,HAYIR
2026-08-19 09:28:35.580,0.00,0.00,0,0.0,0.0,0.000,0.0,0,HAYIR,HAYIR
2026-08-19 09:28:35.600,0.00,0.00,0,0.0,0.0,0.000,0.0,0,HAYIR,HAYIR
2026-08-19 09:28:35.620,0.00,0.00,0,0.0,0.0,0.000,0.0,0,HAYIR,HAYIR
2026-08-19 09:28:35.641,0.00,0.00,0,0.0,0.0,0.000,0.0,0,HAYIR,HAYIR
2026-08-19 09:28:35.660,0.00,0.00,0,0.0,0.0,0.000,0.0,0,HAYIR,HAYIR
2026-08-19 09:28:35.680,0.00,0.00,0,0.0,0.0,0.000,0.0,0,HAYIR,HAYIR
2026-08-19 09:28:35.700,0.00,0.00,0,0.0,0.0,0.000,0.0,0,HAYIR,HAYIR
2026-08-19 09:28:35.720,0.00,0.00,0,0.0,0.0,0.000,0.0,0,HAYIR,HAYIR
2026-08-19 09:28:35.740,0.00,0.00,0,0.0,0.0,0.000,0.0,0,HAYIR,HAYIR
2026-08-19 09:28:35.760,0.00,0.00,0,0.0,0.0,0.000,0.0,0,HAYIR,HAYIR
2026-08-19 09:28:35.780,0.00,0.00,0,0.0,0.0,0.000,0.0,0,HAYIR,HAYIR
2026-08-19 09:28:35.800,0.00,0.00,0,0.0,0.0,0.000,0.0,0,HAYIR,HAYIR
2026-08-19 09:28:35.820,0.00,0.00,0,0.0,0.0,0.000,0.0,0,HAYIR,HAYIR
2026-08-19 09:28:35.841,0.00,0.00,0,0.0,0.0,0.000,0.0,0,HAYIR,HAYIR
2026-08-19 09:28:35.860,0.00,0.00,0,0.0,0.0,0.000,0.0,0,HAYIR,HAYIR
2026-08-19 09:28:35.880,0.00,0.00,0,0.0,0.0,0.000,0.0,0,HAYIR,HAYIR
2026-08-19 09:28:35.900,0.00,0.00,0,0.0,0.0,0.000,0.0,0,HAYIR,HAYIR
2026-08-19 09:28:35.920,0.00,0.00,0,0.0,0.0,0.000,0.0,0,HAYIR,HAYIR
2026-08-19 09:28:35.940,0.00,0.00,0,0.0,0.0,0.000,0.0,0,HAYIR,HAYIR
2026-08-19 09:28:35.960,0.00,0.00,0,0.0,0.0,0.000,0.0,0,HAYIR,HAYIR
2026-08-19 09:28:35.980,0.00,0.00,0,0.0,0.0,0.000,0.0,0,HAYIR,HAYIR
2026-08-19 09:28:36.000,0.00,0.00,0,0.0,0.0,0.000,0.0,0,HAYIR,HAYIR
2026-08-19 09:28:36.020,0.00,0.00,0,0.0,0.0,0.000,0.0,0,HAYIR,HAYIR
2026-08-19 09:28:36.041,0.00,0.00,0,0.0,0.0,0.000,0.0,0,HAYIR,HAYIR
2026-08-19 09:28:36.060,0.00,0.00,0,0.0,0.0,0.000,0.0,0,HAYIR,HAYIR
2026-08-19 09:28:36.080,0.00,0.00,0,0.0,0.0,0.000,0.0,0,HAYIR,HAYIR
2026-08-19 09:28:36.100,0.00,0.00,0,0.0,0.0,0.000,0.0,0,HAYIR,HAYIR
2026-08-19 09:28:36.121,0.00,0.00,0,0.0,0.0,0.000,0.0,0,HAYIR,HAYIR
2026-08-19 09:28:36.140,0.00,0.00,0,0.0,0.0,0.000,0.0,0,HAYIR,HAYIR
2026-08-19 09:28:36.160,0.00,0.00,0,0.0,0.0,0.000,0.0,0,HAYIR,HAYIR
2026-08-19 09:28:36.180,0.00,0.00,0,0.0,0.0,0.000,0.0,0,HAYIR,HAYIR
2026-08-19 09:28:36.201,0.00,0.00,0,0.0,0.0,0.000,0.0,0,HAYIR,HAYIR
2026-08-19 09:28:36.221,0.00,0.00,0,0.0,0.0,0.000,0.0,0,HAYIR,HAYIR
2026-08-19 09:28:36.241,0.00,0.00,0,0.0,0.0,0.000,0.0,0,HAYIR,HAYIR
2026-08-19 09:28:36.260,0.00,0.00,0,0.0,0.0,0.000,0.0,0,HAYIR,HAYIR
2026-08-19 09:28:36.280,0.00,0.00,0,0.0,0.0,0.000,0.0,0,HAYIR,HAYIR
2026-08-19 09:28:36.300,0.00,0.00,0,0.0,0.0,0.000,0.0,0,HAYIR,HAYIR
2026-08-19 09:28:36.320,0.00,0.00,0,0.0,0.0,0.000,0.0,0,HAYIR,HAYIR
2026-08-19 09:28:36.340,0.00,0.00,0,0.0,0.0,0.000,0.0,0,HAYIR,HAYIR
2026-08-19 09:28:36.360,0.00,0.00,0,0.0,0.0,0.000,0.0,0,HAYIR,HAYIR
2026-08-19 09:28:36.380,0.00,0.00,0,0.0,0.0,0.000,0.0,0,HAYIR,HAYIR
2026-08-19 09:28:36.401,0.00,0.00,0,0.0,0.0,0.000,0.0,0,HAYIR,HAYIR
2026-08-19 09:28:36.420,0.00,0.00,0,0.0,0.0,0.000,0.0,0,HAYIR,HAYIR
2026-08-19 09:28:36.440,0.00,0.00,0,0.0,0.0,0.000,0.0,0,HAYIR,HAYIR
2026-08-19 09:28:36.460,0.00,0.00,0,0.0,0.0,0.000,0.0,0,HAYIR,HAYIR
2026-08-19 09:28:36.480,0.00,0.00,0,0.0,0.0,0.000,0.0,0,HAYIR,HAYIR
2026-08-19 09:28:36.500,0.00,0.00,0,0.0,0.0,0.000,0.0,0,HAYIR,HAYIR
2026-08-19 09:28:36.520,0.00,0.00,0,0.0,0.0,0.000,0.0,0,HAYIR,HAYIR
2026-08-19 09:28:36.540,0.00,0.00,0,0.0,0.0,0.000,0.0,0,HAYIR,HAYIR
2026-08-19 09:28:36.560,0.00,0.00,0,0.0,0.0,0.000,0.0,0,HAYIR,HAYIR
2026-08-19 09:28:36.580,0.00,0.00,0,0.0,0.0,0.000,0.0,0,HAYIR,HAYIR
2026-08-19 09:28:36.600,0.00,0.00,0,0.0,0.0,0.000,0.0,0,HAYIR,HAYIR
2026-08-19 09:28:36.621,0.00,0.00,0,0.0,0.0,0.000,0.0,0,HAYIR,HAYIR
2026-08-19 09:28:36.640,0.00,0.00,0,0.0,0.0,0.000,0.0,0,HAYIR,HAYIR
2026-08-19 09:28:36.660,0.00,0.00,0,0.0,0.0,0.000,0.0,0,HAYIR,HAYIR
2026-08-19 09:28:36.680,0.00,0.00,0,0.0,0.0,0.000,0.0,0,HAYIR,HAYIR
2026-08-19 09:28:36.700,0.00,0.00,0,0.0,0.0,0.000,0.0,0,HAYIR,HAYIR
2026-08-19 09:28:36.720,0.00,0.00,0,0.0,0.0,0.000,0.0,0,HAYIR,HAYIR
2026-08-19 09:28:36.740,0.00,0.00,0,0.0,0.0,0.000,0.0,0,HAYIR,HAYIR
2026-08-19 09:28:36.761,0.00,0.00,0,0.0,0.0,0.000,0.0,0,HAYIR,HAYIR
2026-08-19 09:28:36.780,0.00,0.00,0,0.0,0.0,0.000,0.0,0,HAYIR,HAYIR
2026-08-19 09:28:36.800,0.00,0.00,0,0.0,0.0,0.000,0.0,0,HAYIR,HAYIR
2026-08-19 09:28:36.820,0.00,0.00,0,0.0,0.0,0.000,0.0,0,HAYIR,HAYIR
2026-08-19 09:28:36.840,0.00,0.00,0,0.0,0.0,0.000,0.0,0,HAYIR,HAYIR
2026-08-19 09:28:36.860,0.00,0.00,0,0.0,0.0,0.000,0.0,0,HAYIR,HAYIR
2026-08-19 09:28:36.880,0.00,0.00,0,0.0,0.0,0.000,0.0,0,HAYIR,HAYIR
2026-08-19 09:28:36.900,0.00,0.00,0,0.0,0.0,0.000,0.0,0,HAYIR,HAYIR
2026-08-19 09:28:36.920,0.00,0.00,0,0.0,0.0,0.000,0.0,0,HAYIR,HAYIR
2026-08-19 09:28:36.940,0.00,0.00,0,0.0,0.0,0.000,0.0,0,HAYIR,HAYIR
2026-08-19 09:28:36.960,0.00,0.00,0,0.0,0.0,0.000,0.0,0,HAYIR,HAYIR
2026-08-19 09:28:36.980,0.00,0.00,0,0.0,0.0,0.000,0.0,0,HAYIR,HAYIR
2026-08-19 09:28:37.001,0.00,0.00,0,0.0,0.0,0.000,0.0,0,HAYIR,HAYIR
2026-08-19 09:28:37.020,0.00,0.00,0,0.0,0.0,0.000,0.0,0,HAYIR,HAYIR
2026-08-19 09:28:37.040,0.00,0.00,0,0.0,0.0,0.000,0.0,0,HAYIR,HAYIR
2026-08-19 09:28:37.068,0.00,0.00,0,0.0,0.0,0.000,0.0,0,HAYIR,HAYIR
2026-08-19 09:28:37.080,0.00,0.00,0,0.0,0.0,0.000,0.0,0,HAYIR,HAYIR
2026-08-19 09:28:37.100,0.00,0.00,0,0.0,0.0,0.000,0.0,0,HAYIR,HAYIR
2026-08-19 09:28:37.120,0.00,0.00,0,0.0,0.0,0.000,0.0,0,HAYIR,HAYIR
2026-08-19 09:28:37.140,0.00,0.00,0,0.0,0.0,0.000,0.0,0,HAYIR,HAYIR
2026-08-19 09:28:37.160,0.00,0.00,0,0.0,0.0,0.000,0.0,0,HAYIR,HAYIR
2026-08-19 09:28:37.180,0.00,0.00,0,0.0,0.0,0.000,0.0,0,HAYIR,HAYIR
2026-08-19 09:28:37.200,0.00,0.00,0,0.0,0.0,0.000,0.0,0,HAYIR,HAYIR
2026-08-19 09:28:37.221,0.00,0.00,0,0.0,0.0,0.000,0.0,0,HAYIR,HAYIR
2026-08-19 09:28:37.241,0.00,0.00,0,0.0,0.0,0.000,0.0,0,HAYIR,HAYIR
2026-08-19 09:28:37.260,0.00,0.00,0,0.0,0.0,0.000,0.0,0,HAYIR,HAYIR
2026-08-19 09:28:37.280,0.00,0.00,0,0.0,0.0,0.000,0.0,0,HAYIR,HAYIR
2026-08-19 09:28:37.300,0.00,0.00,0,0.0,0.0,0.000,0.0,0,HAYIR,HAYIR
2026-08-19 09:28:37.320,0.00,0.00,0,0.0,0.0,0.000,0.0,0,HAYIR,HAYIR
2026-08-19 09:28:37.340,0.00,0.00,0,0.0,0.0,0.000,0.0,0,HAYIR,HAYIR
2026-08-19 09:28:37.360,0.00,0.00,0,0.0,0.0,0.000,0.0,0,HAYIR,HAYIR
2026-08-19 09:28:37.380,0.00,0.00,0,0.0,0.0,0.000,0.0,0,HAYIR,HAYIR
2026-08-19 09:28:37.400,0.00,0.00,0,0.0,0.0,0.000,0.0,0,HAYIR,HAYIR
2026-08-19 09:28:37.420,0.00,0.00,0,0.0,0.0,0.000,0.0,0,HAYIR,HAYIR
2026-08-19 09:28:37.440,0.00,0.00,0,0.0,0.0,0.000,0.0,0,HAYIR,HAYIR
2026-08-19 09:28:37.460,0.00,0.00,0,0.0,0.0,0.000,0.0,0,HAYIR,HAYIR
2026-08-19 09:28:37.480,0.00,0.00,0,0.0,0.0,0.000,0.0,0,HAYIR,HAYIR
2026-08-19 09:28:37.500,0.00,0.00,0,0.0,0.0,0.000,0.0,0,HAYIR,HAYIR
2026-08-19 09:28:37.520,0.00,0.00,0,0.0,0.0,0.000,0.0,0,HAYIR,HAYIR
2026-08-19 09:28:37.540,0.00,0.00,0,0.0,0.0,0.000,0.0,0,HAYIR,HAYIR
2026-08-19 09:28:37.561,0.00,0.00,0,0.0,0.0,0.000,0.0,0,HAYIR,HAYIR
2026-08-19 09:28:37.580,0.00,0.00,0,0.0,0.0,0.000,0.0,0,HAYIR,HAYIR
2026-08-19 09:28:37.600,0.00,0.00,0,0.0,0.0,0.000,0.0,0,HAYIR,HAYIR
2026-08-19 09:28:37.620,0.00,0.00,0,0.0,0.0,0.000,0.0,0,HAYIR,HAYIR
2026-08-19 09:28:37.640,0.00,0.00,0,0.0,0.0,0.000,0.0,0,HAYIR,HAYIR
2026-08-19 09:28:37.660,0.00,0.00,0,0.0,0.0,0.000,0.0,0,HAYIR,HAYIR
2026-08-19 09:28:37.680,0.00,0.00,0,0.0,0.0,0.000,0.0,0,HAYIR,HAYIR
2026-08-19 09:28:37.700,0.00,0.00,0,0.0,0.0,0.000,0.0,0,HAYIR,HAYIR
2026-08-19 09:28:37.720,0.00,0.00,0,0.0,0.0,0.000,0.0,0,HAYIR,HAYIR
2026-08-19 09:28:37.740,0.00,0.00,0,0.0,0.0,0.000,0.0,0,HAYIR,HAYIR
2026-08-19 09:28:37.760,0.00,0.00,0,0.0,0.0,0.000,0.0,0,HAYIR,HAYIR
2026-08-19 09:28:37.780,0.00,0.00,0,0.0,0.0,0.000,0.0,0,HAYIR,HAYIR
2026-08-19 09:28:37.800,0.00,0.00,0,0.0,0.0,0.000,0.0,0,HAYIR,HAYIR
2026-08-19 09:28:37.820,0.00,0.00,0,0.0,0.0,0.000,0.0,0,HAYIR,HAYIR
2026-08-19 09:28:37.840,0.00,0.00,0,0.0,0.0,0.000,0.0,0,HAYIR,HAYIR
2026-08-19 09:28:37.860,0.00,0.00,0,0.0,0.0,0.000,0.0,0,HAYIR,HAYIR
2026-08-19 09:28:37.880,0.00,0.00,0,0.0,0.0,0.000,0.0,0,HAYIR,HAYIR
2026-08-19 09:28:37.900,0.00,0.00,0,0.0,0.0,0.000,0.0,0,HAYIR,HAYIR
2026-08-19 09:28:37.920,0.00,0.00,0,0.0,0.0,0.000,0.0,0,HAYIR,HAYIR
2026-08-19 09:28:37.940,0.00,0.00,0,0.0,0.0,0.000,0.0,0,HAYIR,HAYIR
2026-08-19 09:28:37.960,0.00,0.00,0,0.0,0.0,0.000,0.0,0,HAYIR,HAYIR
2026-08-19 09:28:37.980,0.00,0.00,0,0.0,0.0,0.000,0.0,0,HAYIR,HAYIR
2026-08-19 09:28:38.001,0.00,0.00,0,0.0,0.0,0.000,0.0,0,HAYIR,HAYIR
2026-08-19 09:28:38.021,0.00,0.00,0,0.0,0.0,0.000,0.0,0,HAYIR,HAYIR
2026-08-19 09:28:38.040,0.00,0.00,0,0.0,0.0,0.000,0.0,0,HAYIR,HAYIR
2026-08-19 09:28:38.060,0.00,0.00,0,0.0,0.0,0.000,0.0,0,HAYIR,HAYIR
2026-08-19 09:28:38.080,0.00,0.00,0,0.0,0.0,0.000,0.0,0,HAYIR,HAYIR
2026-08-19 09:28:38.100,0.00,0.00,0,0.0,0.0,0.000,0.0,0,HAYIR,HAYIR
2026-08-19 09:28:38.120,0.00,0.00,0,0.0,0.0,0.000,0.0,0,HAYIR,HAYIR
2026-08-19 09:28:38.140,0.00,0.00,0,0.0,0.0,0.000,0.0,0,HAYIR,HAYIR
2026-08-19 09:28:38.160,0.00,0.00,0,0.0,0.0,0.000,0.0,0,HAYIR,HAYIR
2026-08-19 09:28:38.180,0.00,0.00,0,0.0,0.0,0.000,0.0,0,HAYIR,HAYIR
2026-08-19 09:28:38.200,0.00,0.00,0,0.0,0.0,0.000,0.0,0,HAYIR,HAYIR
2026-08-19 09:28:38.220,0.00,0.00,0,0.0,0.0,0.000,0.0,0,HAYIR,HAYIR
2026-08-19 09:28:38.240,0.00,0.00,0,0.0,0.0,0.000,0.0,0,HAYIR,HAYIR
2026-08-19 09:28:38.260,0.00,0.00,0,0.0,0.0,0.000,0.0,0,HAYIR,HAYIR
2026-08-19 09:28:38.280,0.00,0.00,0,0.0,0.0,0.000,0.0,0,HAYIR,HAYIR
2026-08-19 09:28:38.300,0.00,0.00,0,0.0,0.0,0.000,0.0,0,HAYIR,HAYIR
2026-08-19 09:28:38.320,0.00,0.00,0,0.0,0.0,0.000,0.0,0,HAYIR,HAYIR
2026-08-19 09:28:38.340,0.00,0.00,0,0.0,0.0,0.000,0.0,0,HAYIR,HAYIR
2026-08-19 09:28:38.360,0.00,0.00,0,0.0,0.0,0.000,0.0,0,HAYIR,HAYIR
2026-08-19 09:28:38.380,0.00,0.00,0,0.0,0.0,0.000,0.0,0,HAYIR,HAYIR
2026-08-19 09:28:38.400,0.00,0.00,0,0.0,0.0,0.000,0.0,0,HAYIR,HAYIR
2026-08-19 09:28:38.420,0.00,0.00,0,0.0,0.0,0.000,0.0,0,HAYIR,HAYIR
2026-08-19 09:28:38.440,0.00,0.00,0,0.0,0.0,0.000,0.0,0,HAYIR,HAYIR
2026-08-19 09:28:38.460,0.00,0.00,0,0.0,0.0,0.000,0.0,0,HAYIR,HAYIR
2026-08-19 09:28:38.480,0.00,0.00,0,0.0,0.0,0.000,0.0,0,HAYIR,HAYIR
2026-08-19 09:28:38.500,0.00,0.00,0,0.0,0.0,0.000,0.0,0,HAYIR,HAYIR
2026-08-19 09:28:38.520,0.00,0.00,0,0.0,0.0,0.000,0.0,0,HAYIR,HAYIR
2026-08-19 09:28:38.540,0.00,0.00,0,0.0,0.0,0.000,0.0,0,HAYIR,HAYIR
2026-08-19 09:28:38.560,0.00,0.00,0,0.0,0.0,0.000,0.0,0,HAYIR,HAYIR
2026-08-19 09:28:38.580,0.00,0.00,0,0.0,0.0,0.000,0.0,0,HAYIR,HAYIR
2026-08-19 09:28:38.600,0.00,0.00,0,0.0,0.0,0.000,0.0,0,HAYIR,HAYIR
2026-08-19 09:28:38.620,0.00,0.00,0,0.0,0.0,0.000,0.0,0,HAYIR,HAYIR
2026-08-19 09:28:38.640,0.00,0.00,0,0.0,0.0,0.000,0.0,0,HAYIR,HAYIR
2026-08-19 09:28:38.660,0.00,0.00,0,0.0,0.0,0.000,0.0,0,HAYIR,HAYIR
2026-08-19 09:28:38.680,0.00,0.00,0,0.0,0.0,0.000,0.0,0,HAYIR,HAYIR
2026-08-19 09:28:38.700,0.00,0.00,0,0.0,0.0,0.000,0.0,0,HAYIR,HAYIR
2026-08-19 09:28:38.720,0.00,0.00,0,0.0,0.0,0.000,0.0,0,HAYIR,HAYIR
2026-08-19 09:28:38.740,0.00,0.00,0,0.0,0.0,0.000,0.0,0,HAYIR,HAYIR
2026-08-19 09:28:38.760,0.00,0.00,0,0.0,0.0,0.000,0.0,0,HAYIR,HAYIR
2026-08-19 09:28:38.780,0.00,0.00,0,0.0,0.0,0.000,0.0,0,HAYIR,HAYIR
2026-08-19 09:28:38.800,0.00,0.00,0,0.0,0.0,0.000,0.0,0,HAYIR,HAYIR
2026-08-19 09:28:38.820,0.00,0.00,0,0.0,0.0,0.000,0.0,0,HAYIR,HAYIR
2026-08-19 09:28:38.840,0.00,0.00,0,0.0,0.0,0.000,0.0,0,HAYIR,HAYIR
2026-08-19 09:28:38.860,0.00,0.00,0,0.0,0.0,0.000,0.0,0,HAYIR,HAYIR
2026-08-19 09:28:38.880,0.00,0.00,0,0.0,0.0,0.000,0.0,0,HAYIR,HAYIR
2026-08-19 09:28:38.900,0.00,0.00,0,0.0,0.0,0.000,0.0,0,HAYIR,HAYIR
2026-08-19 09:28:38.920,0.00,0.00,0,0.0,0.0,0.000,0.0,0,HAYIR,HAYIR
2026-08-19 09:28:38.940,0.00,0.00,0,0.0,0.0,0.000,0.0,0,HAYIR,HAYIR
2026-08-19 09:28:38.960,0.00,0.00,0,0.0,0.0,0.000,0.0,0,HAYIR,HAYIR
2026-08-19 09:28:38.980,0.00,0.00,0,0.0,0.0,0.000,0.0,0,HAYIR,HAYIR
2026-08-19 09:28:39.000,0.00,0.00,0,0.0,0.0,0.000,0.0,0,HAYIR,HAYIR
2026-08-19 09:28:39.020,0.00,0.00,0,0.0,0.0,0.000,0.0,0,HAYIR,HAYIR
2026-08-19 09:28:39.040,0.00,0.00,0,0.0,0.0,0.000,0.0,0,HAYIR,HAYIR
2026-08-19 09:28:39.060,0.00,0.00,0,0.0,0.0,0.000,0.0,0,HAYIR,HAYIR
2026-08-19 09:28:39.080,0.00,0.00,0,0.0,0.0,0.000,0.0,0,HAYIR,HAYIR
2026-08-19 09:28:39.100,0.00,0.00,0,0.0,0.0,0.000,0.0,0,HAYIR,HAYIR
2026-08-19 09:28:39.120,0.00,0.00,0,0.0,0.0,0.000,0.0,0,HAYIR,HAYIR
2026-08-19 09:28:39.140,0.00,0.00,0,0.0,0.0,0.000,0.0,0,HAYIR,HAYIR
2026-08-19 09:28:39.160,0.00,0.00,0,0.0,0.0,0.000,0.0,0,HAYIR,HAYIR
2026-08-19 09:28:39.180,0.00,0.00,0,0.0,0.0,0.000,0.0,0,HAYIR,HAYIR
2026-08-19 09:28:39.200,0.00,0.00,0,0.0,0.0,0.000,0.0,0,HAYIR,HAYIR
2026-08-19 09:28:39.220,0.00,0.00,0,0.0,0.0,0.000,0.0,0,HAYIR,HAYIR
2026-08-19 09:28:39.241,0.00,0.00,0,0.0,0.0,0.000,0.0,0,HAYIR,HAYIR
2026-08-19 09:28:39.260,0.00,0.00,0,0.0,0.0,0.000,0.0,0,HAYIR,HAYIR
2026-08-19 09:28:39.280,0.00,0.00,0,0.0,0.0,0.000,0.0,0,HAYIR,HAYIR
2026-08-19 09:28:39.300,0.00,0.00,0,0.0,0.0,0.000,0.0,0,HAYIR,HAYIR
2026-08-19 09:28:39.320,0.00,0.00,0,0.0,0.0,0.000,0.0,0,HAYIR,HAYIR
2026-08-19 09:28:39.340,0.00,0.00,0,0.0,0.0,0.000,0.0,0,HAYIR,HAYIR
2026-08-19 09:28:39.360,0.00,0.00,0,0.0,0.0,0.000,0.0,0,HAYIR,HAYIR
2026-08-19 09:28:39.380,0.00,0.00,0,0.0,0.0,0.000,0.0,0,HAYIR,HAYIR
2026-08-19 09:28:39.400,0.00,0.00,0,0.0,0.0,0.000,0.0,0,HAYIR,HAYIR
2026-08-19 09:28:39.420,0.00,0.00,0,0.0,0.0,0.000,0.0,0,HAYIR,HAYIR
2026-08-19 09:28:39.440,0.00,0.00,0,0.0,0.0,0.000,0.0,0,HAYIR,HAYIR
2026-08-19 09:28:39.460,0.00,0.00,0,0.0,0.0,0.000,0.0,0,HAYIR,HAYIR
2026-08-19 09:28:39.480,0.00,0.00,0,0.0,0.0,0.000,0.0,0,HAYIR,HAYIR
2026-08-19 09:28:39.500,0.00,0.00,0,0.0,0.0,0.000,0.0,0,HAYIR,HAYIR
2026-08-19 09:28:39.520,0.00,0.00,0,0.0,0.0,0.000,0.0,0,HAYIR,HAYIR
2026-08-19 09:28:39.540,0.00,0.00,0,0.0,0.0,0.000,0.0,0,HAYIR,HAYIR
2026-08-19 09:28:39.560,0.00,0.00,0,0.0,0.0,0.000,0.0,0,HAYIR,HAYIR
2026-08-19 09:28:39.580,0.00,0.00,0,0.0,0.0,0.000,0.0,0,HAYIR,HAYIR
2026-08-19 09:28:39.600,0.00,0.00,0,0.0,0.0,0.000,0.0,0,HAYIR,HAYIR
2026-08-19 09:28:39.620,0.00,0.00,0,0.0,0.0,0.000,0.0,0,HAYIR,HAYIR
2026-08-19 09:28:39.640,0.00,0.00,0,0.0,0.0,0.000,0.0,0,HAYIR,HAYIR
2026-08-19 09:28:39.660,0.00,0.00,0,0.0,0.0,0.000,0.0,0,HAYIR,HAYIR
2026-08-19 09:28:39.680,0.00,0.00,0,0.0,0.0,0.000,0.0,0,HAYIR,HAYIR
2026-08-19 09:28:39.700,0.00,0.00,0,0.0,0.0,0.000,0.0,0,HAYIR,HAYIR
2026-08-19 09:28:39.720,0.00,0.00,0,0.0,0.0,0.000,0.0,0,HAYIR,HAYIR
2026-08-19 09:28:39.740,0.00,0.00,0,0.0,0.0,0.000,0.0,0,HAYIR,HAYIR
2026-08-19 09:28:39.760,0.00,0.00,0,0.0,0.0,0.000,0.0,0,HAYIR,HAYIR
2026-08-19 09:28:39.780,0.00,0.00,0,0.0,0.0,0.000,0.0,0,HAYIR,HAYIR
2026-08-19 09:28:39.801,0.00,0.00,0,0.0,0.0,0.000,0.0,0,HAYIR,HAYIR
2026-08-19 09:28:39.820,0.00,0.00,0,0.0,0.0,0.000,0.0,0,HAYIR,HAYIR
2026-08-19 09:28:39.840,0.00,0.00,0,0.0,0.0,0.000,0.0,0,HAYIR,HAYIR
2026-08-19 09:28:39.860,0.00,0.00,0,0.0,0.0,0.000,0.0,0,HAYIR,HAYIR
2026-08-19 09:28:39.880,0.00,0.00,0,0.0,0.0,0.000,0.0,0,HAYIR,HAYIR
2026-08-19 09:28:39.900,0.00,0.00,0,0.0,0.0,0.000,0.0,0,HAYIR,HAYIR
2026-08-19 09:28:39.920,0.00,0.00,0,0.0,0.0,0.000,0.0,0,HAYIR,HAYIR
2026-08-19 09:28:39.940,0.00,0.00,0,0.0,0.0,0.000,0.0,0,HAYIR,HAYIR
2026-08-19 09:28:39.960,0.00,0.00,0,0.0,0.0,0.000,0.0,0,HAYIR,HAYIR
2026-08-19 09:28:39.980,0.00,0.00,0,0.0,0.0,0.000,0.0,0,HAYIR,HAYIR
2026-08-19 09:28:40.001,0.00,0.00,0,0.0,0.0,0.000,0.0,0,HAYIR,HAYIR
2026-08-19 09:28:40.020,0.00,0.00,0,0.0,0.0,0.000,0.0,0,HAYIR,HAYIR
2026-08-19 09:28:40.041,0.00,0.00,0,0.0,0.0,0.000,0.0,0,HAYIR,HAYIR
2026-08-19 09:28:40.060,0.00,0.00,0,0.0,0.0,0.000,0.0,0,HAYIR,HAYIR
2026-08-19 09:28:40.080,0.00,0.00,0,0.0,0.0,0.000,0.0,0,HAYIR,HAYIR
2026-08-19 09:28:40.100,0.00,0.00,0,0.0,0.0,0.000,0.0,0,HAYIR,HAYIR
2026-08-19 09:28:40.120,0.00,0.00,0,0.0,0.0,0.000,0.0,0,HAYIR,HAYIR
2026-08-19 09:28:40.140,0.00,0.00,0,0.0,0.0,0.000,0.0,0,HAYIR,HAYIR
2026-08-19 09:28:40.160,0.00,0.00,0,0.0,0.0,0.000,0.0,0,HAYIR,HAYIR
2026-08-19 09:28:40.180,0.00,0.00,0,0.0,0.0,0.000,0.0,0,HAYIR,HAYIR
2026-08-19 09:28:40.200,0.00,0.00,0,0.0,0.0,0.000,0.0,0,HAYIR,HAYIR
2026-08-19 09:28:40.221,0.00,0.00,0,0.0,0.0,0.000,0.0,0,HAYIR,HAYIR
2026-08-19 09:28:40.240,0.00,0.00,0,0.0,0.0,0.000,0.0,0,HAYIR,HAYIR
2026-08-19 09:28:40.260,0.00,0.00,0,0.0,0.0,0.000,0.0,0,HAYIR,HAYIR
2026-08-19 09:28:40.280,0.00,0.00,0,0.0,0.0,0.000,0.0,0,HAYIR,HAYIR
2026-08-19 09:28:40.300,0.00,0.00,0,0.0,0.0,0.000,0.0,0,HAYIR,HAYIR
2026-08-19 09:28:40.320,0.00,0.00,0,0.0,0.0,0.000,0.0,0,HAYIR,HAYIR
2026-08-19 09:28:40.340,0.00,0.00,0,0.0,0.0,0.000,0.0,0,HAYIR,HAYIR
2026-08-19 09:28:40.360,0.00,0.00,0,0.0,0.0,0.000,0.0,0,HAYIR,HAYIR
2026-08-19 09:28:40.380,0.00,0.00,0,0.0,0.0,0.000,0.0,0,HAYIR,HAYIR
2026-08-19 09:28:40.401,0.00,0.00,0,0.0,0.0,0.000,0.0,0,HAYIR,HAYIR
2026-08-19 09:28:40.421,0.00,0.00,0,0.0,0.0,0.000,0.0,0,HAYIR,HAYIR
2026-08-19 09:28:40.440,0.00,0.00,0,0.0,0.0,0.000,0.0,0,HAYIR,HAYIR
2026-08-19 09:28:40.461,0.00,0.00,0,0.0,0.0,0.000,0.0,0,HAYIR,HAYIR
2026-08-19 09:28:40.480,0.00,0.00,0,0.0,0.0,0.000,0.0,0,HAYIR,HAYIR
2026-08-19 09:28:40.500,0.00,0.00,0,0.0,0.0,0.000,0.0,0,HAYIR,HAYIR
2026-08-19 09:28:40.521,0.00,0.00,0,0.0,0.0,0.000,0.0,0,HAYIR,HAYIR
2026-08-19 09:28:40.540,0.00,0.00,0,0.0,0.0,0.000,0.0,0,HAYIR,HAYIR
2026-08-19 09:28:40.560,0.00,0.00,0,0.0,0.0,0.000,0.0,0,HAYIR,HAYIR
2026-08-19 09:28:40.580,0.00,0.00,0,0.0,0.0,0.000,0.0,0,HAYIR,HAYIR
2026-08-19 09:28:40.601,0.00,0.00,0,0.0,0.0,0.000,0.0,0,HAYIR,HAYIR
2026-08-19 09:28:40.620,0.00,0.00,0,0.0,0.0,0.000,0.0,0,HAYIR,HAYIR
2026-08-19 09:28:40.640,0.00,0.00,0,0.0,0.0,0.000,0.0,0,HAYIR,HAYIR
2026-08-19 09:28:40.660,0.00,0.00,0,0.0,0.0,0.000,0.0,0,HAYIR,HAYIR
2026-08-19 09:28:40.680,0.00,0.00,0,0.0,0.0,0.000,0.0,0,HAYIR,HAYIR
2026-08-19 09:28:40.700,0.00,0.00,0,0.0,0.0,0.000,0.0,0,HAYIR,HAYIR
2026-08-19 09:28:40.720,0.00,0.00,0,0.0,0.0,0.000,0.0,0,HAYIR,HAYIR
2026-08-19 09:28:40.740,0.00,0.00,0,0.0,0.0,0.000,0.0,0,HAYIR,HAYIR
2026-08-19 09:28:40.760,0.00,0.00,0,0.0,0.0,0.000,0.0,0,HAYIR,HAYIR
2026-08-19 09:28:40.780,0.00,0.00,0,0.0,0.0,0.000,0.0,0,HAYIR,HAYIR
2026-08-19 09:28:40.800,0.00,0.00,0,0.0,0.0,0.000,0.0,0,HAYIR,HAYIR
2026-08-19 09:28:40.820,0.00,0.00,0,0.0,0.0,0.000,0.0,0,HAYIR,HAYIR
2026-08-19 09:28:40.841,0.00,0.00,0,0.0,0.0,0.000,0.0,0,HAYIR,HAYIR
2026-08-19 09:28:40.860,0.00,0.00,0,0.0,0.0,0.000,0.0,0,HAYIR,HAYIR
2026-08-19 09:28:40.880,0.00,0.00,0,0.0,0.0,0.000,0.0,0,HAYIR,HAYIR
2026-08-19 09:28:40.901,0.00,0.00,0,0.0,0.0,0.000,0.0,0,HAYIR,HAYIR
2026-08-19 09:28:40.920,0.00,0.00,0,0.0,0.0,0.000,0.0,0,HAYIR,HAYIR
2026-08-19 09:28:40.940,0.00,0.00,0,0.0,0.0,0.000,0.0,0,HAYIR,HAYIR
2026-08-19 09:28:40.960,0.00,0.00,0,0.0,0.0,0.000,0.0,0,HAYIR,HAYIR
2026-08-19 09:28:40.980,0.00,0.00,0,0.0,0.0,0.000,0.0,0,HAYIR,HAYIR
2026-08-19 09:28:41.001,0.00,0.00,0,0.0,0.0,0.000,0.0,0,HAYIR,HAYIR
2026-08-19 09:28:41.021,0.00,0.00,0,0.0,0.0,0.000,0.0,0,HAYIR,HAYIR
2026-08-19 09:28:41.040,0.00,0.00,0,0.0,0.0,0.000,0.0,0,HAYIR,HAYIR
2026-08-19 09:28:41.061,0.00,0.00,0,0.0,0.0,0.000,0.0,0,HAYIR,HAYIR
2026-08-19 09:28:41.080,0.00,0.00,0,0.0,0.0,0.000,0.0,0,HAYIR,HAYIR
2026-08-19 09:28:41.100,0.00,0.00,0,0.0,0.0,0.000,0.0,0,HAYIR,HAYIR
2026-08-19 09:28:41.120,0.00,0.00,0,0.0,0.0,0.000,0.0,0,HAYIR,HAYIR
2026-08-19 09:28:41.141,0.00,0.00,0,0.0,0.0,0.000,0.0,0,HAYIR,HAYIR
2026-08-19 09:28:41.160,0.00,0.00,0,0.0,0.0,0.000,0.0,0,HAYIR,HAYIR
2026-08-19 09:28:41.180,0.00,0.00,0,0.0,0.0,0.000,0.0,0,HAYIR,HAYIR
2026-08-19 09:28:41.200,0.00,0.00,0,0.0,0.0,0.000,0.0,0,HAYIR,HAYIR
2026-08-19 09:28:41.220,0.00,0.00,0,0.0,0.0,0.000,0.0,0,HAYIR,HAYIR
2026-08-19 09:28:41.241,0.00,0.00,0,0.0,0.0,0.000,0.0,0,HAYIR,HAYIR
2026-08-19 09:28:41.260,0.00,0.00,0,0.0,0.0,0.000,0.0,0,HAYIR,HAYIR
2026-08-19 09:28:41.280,0.00,0.00,0,0.0,0.0,0.000,0.0,0,HAYIR,HAYIR
2026-08-19 09:28:41.300,0.00,0.00,0,0.0,0.0,0.000,0.0,0,HAYIR,HAYIR
2026-08-19 09:28:41.320,0.00,0.00,0,0.0,0.0,0.000,0.0,0,HAYIR,HAYIR
2026-08-19 09:28:41.340,0.00,0.00,0,0.0,0.0,0.000,0.0,0,HAYIR,HAYIR
2026-08-19 09:28:41.360,0.00,0.00,0,0.0,0.0,0.000,0.0,0,HAYIR,HAYIR
2026-08-19 09:28:41.380,0.00,0.00,0,0.0,0.0,0.000,0.0,0,HAYIR,HAYIR
2026-08-19 09:28:41.400,0.00,0.00,0,0.0,0.0,0.000,0.0,0,HAYIR,HAYIR
2026-08-19 09:28:41.420,0.00,0.00,0,0.0,0.0,0.000,0.0,0,HAYIR,HAYIR
2026-08-19 09:28:41.440,0.00,0.00,0,0.0,0.0,0.000,0.0,0,HAYIR,HAYIR
2026-08-19 09:28:41.460,0.00,0.00,0,0.0,0.0,0.000,0.0,0,HAYIR,HAYIR
2026-08-19 09:28:41.480,0.00,0.00,0,0.0,0.0,0.000,0.0,0,HAYIR,HAYIR
2026-08-19 09:28:41.500,0.00,0.00,0,0.0,0.0,0.000,0.0,0,HAYIR,HAYIR
2026-08-19 09:28:41.520,0.00,0.00,0,0.0,0.0,0.000,0.0,0,HAYIR,HAYIR
2026-08-19 09:28:41.541,0.00,0.00,0,0.0,0.0,0.000,0.0,0,HAYIR,HAYIR
2026-08-19 09:28:41.560,0.00,0.00,0,0.0,0.0,0.000,0.0,0,HAYIR,HAYIR
2026-08-19 09:28:41.580,0.00,0.00,0,0.0,0.0,0.000,0.0,0,HAYIR,HAYIR
2026-08-19 09:28:41.600,0.00,0.00,0,0.0,0.0,0.000,0.0,0,HAYIR,HAYIR
2026-08-19 09:28:41.620,0.00,0.00,0,0.0,0.0,0.000,0.0,0,HAYIR,HAYIR
2026-08-19 09:28:41.640,0.00,0.00,0,0.0,0.0,0.000,0.0,0,HAYIR,HAYIR
2026-08-19 09:28:41.660,0.00,0.00,0,0.0,0.0,0.000,0.0,0,HAYIR,HAYIR
2026-08-19 09:28:41.680,0.00,0.00,0,0.0,0.0,0.000,0.0,0,HAYIR,HAYIR
2026-08-19 09:28:41.700,0.00,0.00,0,0.0,0.0,0.000,0.0,0,HAYIR,HAYIR
2026-08-19 09:28:41.720,0.00,0.00,0,0.0,0.0,0.000,0.0,0,HAYIR,HAYIR
2026-08-19 09:28:41.740,0.00,0.00,0,0.0,0.0,0.000,0.0,0,HAYIR,HAYIR
2026-08-19 09:28:41.760,0.00,0.00,0,0.0,0.0,0.000,0.0,0,HAYIR,HAYIR
2026-08-19 09:28:41.780,0.00,0.00,0,0.0,0.0,0.000,0.0,0,HAYIR,HAYIR
2026-08-19 09:28:41.800,0.00,0.00,0,0.0,0.0,0.000,0.0,0,HAYIR,HAYIR
2026-08-19 09:28:41.820,0.00,0.00,0,0.0,0.0,0.000,0.0,0,HAYIR,HAYIR
2026-08-19 09:28:41.840,0.00,0.00,0,0.0,0.0,0.000,0.0,0,HAYIR,HAYIR
2026-08-19 09:28:41.860,0.00,0.00,0,0.0,0.0,0.000,0.0,0,HAYIR,HAYIR
2026-08-19 09:28:41.880,0.00,0.00,0,0.0,0.0,0.000,0.0,0,HAYIR,HAYIR
2026-08-19 09:28:41.900,0.00,0.00,0,0.0,0.0,0.000,0.0,0,HAYIR,HAYIR
2026-08-19 09:28:41.920,0.00,0.00,0,0.0,0.0,0.000,0.0,0,HAYIR,HAYIR
2026-08-19 09:28:41.940,0.00,0.00,0,0.0,0.0,0.000,0.0,0,HAYIR,HAYIR
2026-08-19 09:28:41.960,0.00,0.00,0,0.0,0.0,0.000,0.0,0,HAYIR,HAYIR
2026-08-19 09:28:41.980,0.00,0.00,0,0.0,0.0,0.000,0.0,0,HAYIR,HAYIR
2026-08-19 09:28:42.000,0.00,0.00,0,0.0,0.0,0.000,0.0,0,HAYIR,HAYIR
2026-08-19 09:28:42.020,0.00,0.00,0,0.0,0.0,0.000,0.0,0,HAYIR,HAYIR
2026-08-19 09:28:42.041,0.00,0.00,0,0.0,0.0,0.000,0.0,0,HAYIR,HAYIR
2026-08-19 09:28:42.068,0.00,0.00,0,0.0,0.0,0.000,0.0,0,HAYIR,HAYIR
2026-08-19 09:28:42.080,0.00,0.00,0,0.0,0.0,0.000,0.0,0,HAYIR,HAYIR
2026-08-19 09:28:42.101,0.00,0.00,0,0.0,0.0,0.000,0.0,0,HAYIR,HAYIR
2026-08-19 09:28:42.120,0.00,0.00,0,0.0,0.0,0.000,0.0,0,HAYIR,HAYIR
2026-08-19 09:28:42.140,0.00,0.00,0,0.0,0.0,0.000,0.0,0,HAYIR,HAYIR
2026-08-19 09:28:42.161,0.00,0.00,0,0.0,0.0,0.000,0.0,0,HAYIR,HAYIR
2026-08-19 09:28:42.180,0.00,0.00,0,0.0,0.0,0.000,0.0,0,HAYIR,HAYIR
2026-08-19 09:28:42.200,0.00,0.00,0,0.0,0.0,0.000,0.0,0,HAYIR,HAYIR
2026-08-19 09:28:42.220,0.00,0.00,0,0.0,0.0,0.000,0.0,0,HAYIR,HAYIR
2026-08-19 09:28:42.240,0.00,0.00,0,0.0,0.0,0.000,0.0,0,HAYIR,HAYIR
2026-08-19 09:28:42.260,0.00,0.00,0,0.0,0.0,0.000,0.0,0,HAYIR,HAYIR
2026-08-19 09:28:42.280,0.00,0.00,0,0.0,0.0,0.000,0.0,0,HAYIR,HAYIR
2026-08-19 09:28:42.300,0.00,0.00,0,0.0,0.0,0.000,0.0,0,HAYIR,HAYIR
2026-08-19 09:28:42.320,0.00,0.00,0,0.0,0.0,0.000,0.0,0,HAYIR,HAYIR
2026-08-19 09:28:42.340,0.00,0.00,0,0.0,0.0,0.000,0.0,0,HAYIR,HAYIR
2026-08-19 09:28:42.360,0.00,0.00,0,0.0,0.0,0.000,0.0,0,HAYIR,HAYIR
2026-08-19 09:28:42.380,0.00,0.00,0,0.0,0.0,0.000,0.0,0,HAYIR,HAYIR
2026-08-19 09:28:42.400,0.00,0.00,0,0.0,0.0,0.000,0.0,0,HAYIR,HAYIR
2026-08-19 09:28:42.420,0.00,0.00,0,0.0,0.0,0.000,0.0,0,HAYIR,HAYIR
2026-08-19 09:28:42.440,0.00,0.00,0,0.0,0.0,0.000,0.0,0,HAYIR,HAYIR
2026-08-19 09:28:42.460,0.00,0.00,0,0.0,0.0,0.000,0.0,0,HAYIR,HAYIR
2026-08-19 09:28:42.480,0.00,0.00,0,0.0,0.0,0.000,0.0,0,HAYIR,HAYIR
2026-08-19 09:28:42.500,0.00,0.00,0,0.0,0.0,0.000,0.0,0,HAYIR,HAYIR
2026-08-19 09:28:42.520,0.00,0.00,0,0.0,0.0,0.000,0.0,0,HAYIR,HAYIR
2026-08-19 09:28:42.540,0.00,0.00,0,0.0,0.0,0.000,0.0,0,HAYIR,HAYIR
2026-08-19 09:28:42.560,0.00,0.00,0,0.0,0.0,0.000,0.0,0,HAYIR,HAYIR
2026-08-19 09:28:42.580,0.00,0.00,0,0.0,0.0,0.000,0.0,0,HAYIR,HAYIR
2026-08-19 09:28:42.600,0.00,0.00,0,0.0,0.0,0.000,0.0,0,HAYIR,HAYIR
2026-08-19 09:28:42.621,0.00,0.00,0,0.0,0.0,0.000,0.0,0,HAYIR,HAYIR
2026-08-19 09:28:42.640,0.00,0.00,0,0.0,0.0,0.000,0.0,0,HAYIR,HAYIR
2026-08-19 09:28:42.660,0.00,0.00,0,0.0,0.0,0.000,0.0,0,HAYIR,HAYIR
2026-08-19 09:28:42.680,0.00,0.00,0,0.0,0.0,0.000,0.0,0,HAYIR,HAYIR
2026-08-19 09:28:42.700,0.00,0.00,0,0.0,0.0,0.000,0.0,0,HAYIR,HAYIR
2026-08-19 09:28:42.720,0.00,0.00,0,0.0,0.0,0.000,0.0,0,HAYIR,HAYIR
2026-08-19 09:28:42.741,0.00,0.00,0,0.0,0.0,0.000,0.0,0,HAYIR,HAYIR
2026-08-19 09:28:42.760,0.00,0.00,0,0.0,0.0,0.000,0.0,0,HAYIR,HAYIR
2026-08-19 09:28:42.780,0.00,0.00,0,0.0,0.0,0.000,0.0,0,HAYIR,HAYIR
2026-08-19 09:28:42.800,0.00,0.00,0,0.0,0.0,0.000,0.0,0,HAYIR,HAYIR
2026-08-19 09:28:42.821,0.00,0.00,0,0.0,0.0,0.000,0.0,0,HAYIR,HAYIR
2026-08-19 09:28:42.841,0.00,0.00,0,0.0,0.0,0.000,0.0,0,HAYIR,HAYIR
2026-08-19 09:28:42.860,0.00,0.00,0,0.0,0.0,0.000,0.0,0,HAYIR,HAYIR
2026-08-19 09:28:42.880,0.00,0.00,0,0.0,0.0,0.000,0.0,0,HAYIR,HAYIR
2026-08-19 09:28:42.900,0.00,0.00,0,0.0,0.0,0.000,0.0,0,HAYIR,HAYIR
2026-08-19 09:28:42.920,0.00,0.00,0,0.0,0.0,0.000,0.0,0,HAYIR,HAYIR
2026-08-19 09:28:42.940,0.00,0.00,0,0.0,0.0,0.000,0.0,0,HAYIR,HAYIR
2026-08-19 09:28:42.960,0.00,0.00,0,0.0,0.0,0.000,0.0,0,HAYIR,HAYIR
2026-08-19 09:28:42.980,0.00,0.00,0,0.0,0.0,0.000,0.0,0,HAYIR,HAYIR
2026-08-19 09:28:43.000,0.00,0.00,0,0.0,0.0,0.000,0.0,0,HAYIR,HAYIR
2026-08-19 09:28:43.021,0.00,0.00,0,0.0,0.0,0.000,0.0,0,HAYIR,HAYIR
2026-08-19 09:28:43.040,0.00,0.00,0,0.0,0.0,0.000,0.0,0,HAYIR,HAYIR
2026-08-19 09:28:43.060,0.00,0.00,0,0.0,0.0,0.000,0.0,0,HAYIR,HAYIR
2026-08-19 09:28:43.080,0.00,0.00,0,0.0,0.0,0.000,0.0,0,HAYIR,HAYIR
2026-08-19 09:28:43.100,0.00,0.00,0,0.0,0.0,0.000,0.0,0,HAYIR,HAYIR
2026-08-19 09:28:43.120,0.00,0.00,0,0.0,0.0,0.000,0.0,0,HAYIR,HAYIR
2026-08-19 09:28:43.140,0.00,0.00,0,0.0,0.0,0.000,0.0,0,HAYIR,HAYIR
2026-08-19 09:28:43.160,0.00,0.00,0,0.0,0.0,0.000,0.0,0,HAYIR,HAYIR
2026-08-19 09:28:43.180,0.00,0.00,0,0.0,0.0,0.000,0.0,0,HAYIR,HAYIR
2026-08-19 09:28:43.200,0.00,0.00,0,0.0,0.0,0.000,0.0,0,HAYIR,HAYIR
2026-08-19 09:28:43.220,0.00,0.00,0,0.0,0.0,0.000,0.0,0,HAYIR,HAYIR
2026-08-19 09:28:43.240,0.00,0.00,0,0.0,0.0,0.000,0.0,0,HAYIR,HAYIR
2026-08-19 09:28:43.260,0.00,0.00,0,0.0,0.0,0.000,0.0,0,HAYIR,HAYIR
2026-08-19 09:28:43.280,0.00,0.00,0,0.0,0.0,0.000,0.0,0,HAYIR,HAYIR
2026-08-19 09:28:43.300,0.00,0.00,0,0.0,0.0,0.000,0.0,0,HAYIR,HAYIR
2026-08-19 09:28:43.320,0.00,0.00,0,0.0,0.0,0.000,0.0,0,HAYIR,HAYIR
2026-08-19 09:28:43.340,0.00,0.00,0,0.0,0.0,0.000,0.0,0,HAYIR,HAYIR
2026-08-19 09:28:43.360,0.00,0.00,0,0.0,0.0,0.000,0.0,0,HAYIR,HAYIR
2026-08-19 09:28:43.380,0.00,0.00,0,0.0,0.0,0.000,0.0,0,HAYIR,HAYIR
2026-08-19 09:28:43.400,0.00,0.00,0,0.0,0.0,0.000,0.0,0,HAYIR,HAYIR
2026-08-19 09:28:43.420,0.00,0.00,0,0.0,0.0,0.000,0.0,0,HAYIR,HAYIR
2026-08-19 09:28:43.440,0.00,0.00,0,0.0,0.0,0.000,0.0,0,HAYIR,HAYIR
2026-08-19 09:28:43.460,0.00,0.00,0,0.0,0.0,0.000,0.0,0,HAYIR,HAYIR
2026-08-19 09:28:43.480,0.00,0.00,0,0.0,0.0,0.000,0.0,0,HAYIR,HAYIR
2026-08-19 09:28:43.500,0.00,0.00,0,0.0,0.0,0.000,0.0,0,HAYIR,HAYIR
2026-08-19 09:28:43.520,0.00,0.00,0,0.0,0.0,0.000,0.0,0,HAYIR,HAYIR
2026-08-19 09:28:43.540,0.00,0.00,0,0.0,0.0,0.000,0.0,0,HAYIR,HAYIR
2026-08-19 09:28:43.560,0.00,0.00,0,0.0,0.0,0.000,0.0,0,HAYIR,HAYIR
2026-08-19 09:28:43.580,0.00,0.00,0,0.0,0.0,0.000,0.0,0,HAYIR,HAYIR
2026-08-19 09:28:43.600,0.00,0.00,0,0.0,0.0,0.000,0.0,0,HAYIR,HAYIR
2026-08-19 09:28:43.620,0.00,0.00,0,0.0,0.0,0.000,0.0,0,HAYIR,HAYIR
2026-08-19 09:28:43.640,0.00,0.00,0,0.0,0.0,0.000,0.0,0,HAYIR,HAYIR
2026-08-19 09:28:43.660,0.00,0.00,0,0.0,0.0,0.000,0.0,0,HAYIR,HAYIR
2026-08-19 09:28:43.680,0.00,0.00,0,0.0,0.0,0.000,0.0,0,HAYIR,HAYIR
2026-08-19 09:28:43.700,0.00,0.00,0,0.0,0.0,0.000,0.0,0,HAYIR,HAYIR
2026-08-19 09:28:43.720,0.00,0.00,0,0.0,0.0,0.000,0.0,0,HAYIR,HAYIR
2026-08-19 09:28:43.740,0.00,0.00,0,0.0,0.0,0.000,0.0,0,HAYIR,HAYIR
2026-08-19 09:28:43.760,0.00,0.00,0,0.0,0.0,0.000,0.0,0,HAYIR,HAYIR
2026-08-19 09:28:43.780,0.00,0.00,0,0.0,0.0,0.000,0.0,0,HAYIR,HAYIR
2026-08-19 09:28:43.800,0.00,0.00,0,0.0,0.0,0.000,0.0,0,HAYIR,HAYIR
2026-08-19 09:28:43.820,0.00,0.00,0,0.0,0.0,0.000,0.0,0,HAYIR,HAYIR
2026-08-19 09:28:43.840,0.00,0.00,0,0.0,0.0,0.000,0.0,0,HAYIR,HAYIR
2026-08-19 09:28:43.861,0.00,0.00,0,0.0,0.0,0.000,0.0,0,HAYIR,HAYIR
2026-08-19 09:28:43.880,0.00,0.00,0,0.0,0.0,0.000,0.0,0,HAYIR,HAYIR
2026-08-19 09:28:43.901,0.00,0.00,0,0.0,0.0,0.000,0.0,0,HAYIR,HAYIR
2026-08-19 09:28:43.920,0.00,0.00,0,0.0,0.0,0.000,0.0,0,HAYIR,HAYIR
2026-08-19 09:28:43.940,0.00,0.00,0,0.0,0.0,0.000,0.0,0,HAYIR,HAYIR
2026-08-19 09:28:43.960,0.00,0.00,0,0.0,0.0,0.000,0.0,0,HAYIR,HAYIR
2026-08-19 09:28:43.980,0.00,0.00,0,0.0,0.0,0.000,0.0,0,HAYIR,HAYIR
2026-08-19 09:28:44.001,0.00,0.00,0,0.0,0.0,0.000,0.0,0,HAYIR,HAYIR
2026-08-19 09:28:44.021,0.00,0.00,0,0.0,0.0,0.000,0.0,0,HAYIR,HAYIR
2026-08-19 09:28:44.040,0.00,0.00,0,0.0,0.0,0.000,0.0,0,HAYIR,HAYIR
2026-08-19 09:28:44.060,0.00,0.00,0,0.0,0.0,0.000,0.0,0,HAYIR,HAYIR
2026-08-19 09:28:44.080,0.00,0.00,0,0.0,0.0,0.000,0.0,0,HAYIR,HAYIR
2026-08-19 09:28:44.101,0.00,0.00,0,0.0,0.0,0.000,0.0,0,HAYIR,HAYIR
2026-08-19 09:28:44.120,0.00,0.00,0,0.0,0.0,0.000,0.0,0,HAYIR,HAYIR
2026-08-19 09:28:44.140,0.00,0.00,0,0.0,0.0,0.000,0.0,0,HAYIR,HAYIR
2026-08-19 09:28:44.160,0.00,0.00,0,0.0,0.0,0.000,0.0,0,HAYIR,HAYIR
2026-08-19 09:28:44.180,0.00,0.00,0,0.0,0.0,0.000,0.0,0,HAYIR,HAYIR
2026-08-19 09:28:44.200,0.00,0.00,0,0.0,0.0,0.000,0.0,0,HAYIR,HAYIR
2026-08-19 09:28:44.220,0.00,0.00,0,0.0,0.0,0.000,0.0,0,HAYIR,HAYIR
2026-08-19 09:28:44.240,0.00,0.00,0,0.0,0.0,0.000,0.0,0,HAYIR,HAYIR
2026-08-19 09:28:44.260,0.00,0.00,0,0.0,0.0,0.000,0.0,0,HAYIR,HAYIR
2026-08-19 09:28:44.280,0.00,0.00,0,0.0,0.0,0.000,0.0,0,HAYIR,HAYIR
2026-08-19 09:28:44.300,0.00,0.00,0,0.0,0.0,0.000,0.0,0,HAYIR,HAYIR
2026-08-19 09:28:44.320,0.00,0.00,0,0.0,0.0,0.000,0.0,0,HAYIR,HAYIR
2026-08-19 09:28:44.340,0.00,0.00,0,0.0,0.0,0.000,0.0,0,HAYIR,HAYIR
2026-08-19 09:28:44.360,0.00,0.00,0,0.0,0.0,0.000,0.0,0,HAYIR,HAYIR
2026-08-19 09:28:44.380,0.00,0.00,0,0.0,0.0,0.000,0.0,0,HAYIR,HAYIR
2026-08-19 09:28:44.400,0.00,0.00,0,0.0,0.0,0.000,0.0,0,HAYIR,HAYIR
2026-08-19 09:28:44.420,0.00,0.00,0,0.0,0.0,0.000,0.0,0,HAYIR,HAYIR
2026-08-19 09:28:44.440,0.00,0.00,0,0.0,0.0,0.000,0.0,0,HAYIR,HAYIR
2026-08-19 09:28:44.460,0.00,0.00,0,0.0,0.0,0.000,0.0,0,HAYIR,HAYIR
2026-08-19 09:28:44.480,0.00,0.00,0,0.0,0.0,0.000,0.0,0,HAYIR,HAYIR
2026-08-19 09:28:44.500,0.00,0.00,0,0.0,0.0,0.000,0.0,0,HAYIR,HAYIR
2026-08-19 09:28:44.520,0.00,0.00,0,0.0,0.0,0.000,0.0,0,HAYIR,HAYIR
2026-08-19 09:28:44.540,0.00,0.00,0,0.0,0.0,0.000,0.0,0,HAYIR,HAYIR
2026-08-19 09:28:44.560,0.00,0.00,0,0.0,0.0,0.000,0.0,0,HAYIR,HAYIR
2026-08-19 09:28:44.580,0.00,0.00,0,0.0,0.0,0.000,0.0,0,HAYIR,HAYIR
2026-08-19 09:28:44.601,0.00,0.00,0,0.0,0.0,0.000,0.0,0,HAYIR,HAYIR
2026-08-19 09:28:44.620,0.00,0.00,0,0.0,0.0,0.000,0.0,0,HAYIR,HAYIR
2026-08-19 09:28:44.640,0.00,0.00,0,0.0,0.0,0.000,0.0,0,HAYIR,HAYIR
2026-08-19 09:28:44.660,0.00,0.00,0,0.0,0.0,0.000,0.0,0,HAYIR,HAYIR
2026-08-19 09:28:44.680,0.00,0.00,0,0.0,0.0,0.000,0.0,0,HAYIR,HAYIR
2026-08-19 09:28:44.700,0.00,0.00,0,0.0,0.0,0.000,0.0,0,HAYIR,HAYIR
2026-08-19 09:28:44.720,0.00,0.00,0,0.0,0.0,0.000,0.0,0,HAYIR,HAYIR
2026-08-19 09:28:44.740,0.00,0.00,0,0.0,0.0,0.000,0.0,0,HAYIR,HAYIR
2026-08-19 09:28:44.760,0.00,0.00,0,0.0,0.0,0.000,0.0,0,HAYIR,HAYIR
2026-08-19 09:28:44.780,0.00,0.00,0,0.0,0.0,0.000,0.0,0,HAYIR,HAYIR
2026-08-19 09:28:44.800,0.00,0.00,0,0.0,0.0,0.000,0.0,0,HAYIR,HAYIR
2026-08-19 09:28:44.820,0.00,0.00,0,0.0,0.0,0.000,0.0,0,HAYIR,HAYIR
2026-08-19 09:28:44.840,0.00,0.00,0,0.0,0.0,0.000,0.0,0,HAYIR,HAYIR
2026-08-19 09:28:44.861,0.00,0.00,0,0.0,0.0,0.000,0.0,0,HAYIR,HAYIR
2026-08-19 09:28:44.880,0.00,0.00,0,0.0,0.0,0.000,0.0,0,HAYIR,HAYIR
2026-08-19 09:28:44.900,0.00,0.00,0,0.0,0.0,0.000,0.0,0,HAYIR,HAYIR
2026-08-19 09:28:44.921,0.00,0.00,0,0.0,0.0,0.000,0.0,0,HAYIR,HAYIR
2026-08-19 09:28:44.940,0.00,0.00,0,0.0,0.0,0.000,0.0,0,HAYIR,HAYIR
2026-08-19 09:28:44.960,0.00,0.00,0,0.0,0.0,0.000,0.0,0,HAYIR,HAYIR
2026-08-19 09:28:44.980,0.00,0.00,0,0.0,0.0,0.000,0.0,0,HAYIR,HAYIR
2026-08-19 09:28:45.001,0.00,0.00,0,0.0,0.0,0.000,0.0,0,HAYIR,HAYIR
2026-08-19 09:28:45.021,0.00,0.00,0,0.0,0.0,0.000,0.0,0,HAYIR,HAYIR
2026-08-19 09:28:45.041,0.00,0.00,0,0.0,0.0,0.000,0.0,0,HAYIR,HAYIR
2026-08-19 09:28:45.061,0.00,0.00,0,0.0,0.0,0.000,0.0,0,HAYIR,HAYIR
2026-08-19 09:28:45.080,0.00,0.00,0,0.0,0.0,0.000,0.0,0,HAYIR,HAYIR
2026-08-19 09:28:45.100,0.00,0.00,0,0.0,0.0,0.000,0.0,0,HAYIR,HAYIR
2026-08-19 09:28:45.120,0.00,0.00,0,0.0,0.0,0.000,0.0,0,HAYIR,HAYIR
2026-08-19 09:28:45.140,0.00,0.00,0,0.0,0.0,0.000,0.0,0,HAYIR,HAYIR
2026-08-19 09:28:45.160,0.00,0.00,0,0.0,0.0,0.000,0.0,0,HAYIR,HAYIR
2026-08-19 09:28:45.180,0.00,0.00,0,0.0,0.0,0.000,0.0,0,HAYIR,HAYIR
2026-08-19 09:28:45.201,0.00,0.00,0,0.0,0.0,0.000,0.0,0,HAYIR,HAYIR
2026-08-19 09:28:45.220,0.00,0.00,0,0.0,0.0,0.000,0.0,0,HAYIR,HAYIR
2026-08-19 09:28:45.240,0.00,0.00,0,0.0,0.0,0.000,0.0,0,HAYIR,HAYIR
2026-08-19 09:28:45.260,0.00,0.00,0,0.0,0.0,0.000,0.0,0,HAYIR,HAYIR
2026-08-19 09:28:45.280,0.00,0.00,0,0.0,0.0,0.000,0.0,0,HAYIR,HAYIR
2026-08-19 09:28:45.300,0.00,0.00,0,0.0,0.0,0.000,0.0,0,HAYIR,HAYIR
2026-08-19 09:28:45.320,0.00,0.00,0,0.0,0.0,0.000,0.0,0,HAYIR,HAYIR
2026-08-19 09:28:45.340,0.00,0.00,0,0.0,0.0,0.000,0.0,0,HAYIR,HAYIR
2026-08-19 09:28:45.360,0.00,0.00,0,0.0,0.0,0.000,0.0,0,HAYIR,HAYIR
2026-08-19 09:28:45.380,0.00,0.00,0,0.0,0.0,0.000,0.0,0,HAYIR,HAYIR
2026-08-19 09:28:45.401,0.00,0.00,0,0.0,0.0,0.000,0.0,0,HAYIR,HAYIR
2026-08-19 09:28:45.420,0.00,0.00,0,0.0,0.0,0.000,0.0,0,HAYIR,HAYIR
2026-08-19 09:28:45.440,0.00,0.00,0,0.0,0.0,0.000,0.0,0,HAYIR,HAYIR
2026-08-19 09:28:45.461,0.00,0.00,0,0.0,0.0,0.000,0.0,0,HAYIR,HAYIR
2026-08-19 09:28:45.480,0.00,0.00,0,0.0,0.0,0.000,0.0,0,HAYIR,HAYIR
2026-08-19 09:28:45.500,0.00,0.00,0,0.0,0.0,0.000,0.0,0,HAYIR,HAYIR
2026-08-19 09:28:45.520,0.00,0.00,0,0.0,0.0,0.000,0.0,0,HAYIR,HAYIR
2026-08-19 09:28:45.540,0.00,0.00,0,0.0,0.0,0.000,0.0,0,HAYIR,HAYIR
2026-08-19 09:28:45.561,0.00,0.00,0,0.0,0.0,0.000,0.0,0,HAYIR,HAYIR
2026-08-19 09:28:45.580,0.00,0.00,0,0.0,0.0,0.000,0.0,0,HAYIR,HAYIR
2026-08-19 09:28:45.601,0.00,0.00,0,0.0,0.0,0.000,0.0,0,HAYIR,HAYIR
2026-08-19 09:28:45.620,0.00,0.00,0,0.0,0.0,0.000,0.0,0,HAYIR,HAYIR
2026-08-19 09:28:45.640,0.00,0.00,0,0.0,0.0,0.000,0.0,0,HAYIR,HAYIR
2026-08-19 09:28:45.660,0.00,0.00,0,0.0,0.0,0.000,0.0,0,HAYIR,HAYIR
2026-08-19 09:28:45.680,0.00,0.00,0,0.0,0.0,0.000,0.0,0,HAYIR,HAYIR
2026-08-19 09:28:45.700,0.00,0.00,0,0.0,0.0,0.000,0.0,0,HAYIR,HAYIR
2026-08-19 09:28:45.720,0.00,0.00,0,0.0,0.0,0.000,0.0,0,HAYIR,HAYIR
2026-08-19 09:28:45.740,0.00,0.00,0,0.0,0.0,0.000,0.0,0,HAYIR,HAYIR
2026-08-19 09:28:45.760,0.00,0.00,0,0.0,0.0,0.000,0.0,0,HAYIR,HAYIR
2026-08-19 09:28:45.780,0.00,0.00,0,0.0,0.0,0.000,0.0,0,HAYIR,HAYIR
2026-08-19 09:28:45.800,0.00,0.00,0,0.0,0.0,0.000,0.0,0,HAYIR,HAYIR
2026-08-19 09:28:45.820,0.00,0.00,0,0.0,0.0,0.000,0.0,0,HAYIR,HAYIR
2026-08-19 09:28:45.840,0.00,0.00,0,0.0,0.0,0.000,0.0,0,HAYIR,HAYIR
2026-08-19 09:28:45.861,0.00,0.00,0,0.0,0.0,0.000,0.0,0,HAYIR,HAYIR
2026-08-19 09:28:45.880,0.00,0.00,0,0.0,0.0,0.000,0.0,0,HAYIR,HAYIR
2026-08-19 09:28:45.900,0.00,0.00,0,0.0,0.0,0.000,0.0,0,HAYIR,HAYIR
2026-08-19 09:28:45.920,0.00,0.00,0,0.0,0.0,0.000,0.0,0,HAYIR,HAYIR
2026-08-19 09:28:45.940,0.00,0.00,0,0.0,0.0,0.000,0.0,0,HAYIR,HAYIR
2026-08-19 09:28:45.960,0.00,0.00,0,0.0,0.0,0.000,0.0,0,HAYIR,HAYIR
2026-08-19 09:28:45.980,0.00,0.00,0,0.0,0.0,0.000,0.0,0,HAYIR,HAYIR
2026-08-19 09:28:46.001,0.00,0.00,0,0.0,0.0,0.000,0.0,0,HAYIR,HAYIR
2026-08-19 09:28:46.020,0.00,0.00,0,0.0,0.0,0.000,0.0,0,HAYIR,HAYIR
2026-08-19 09:28:46.040,0.00,0.00,0,0.0,0.0,0.000,0.0,0,HAYIR,HAYIR
2026-08-19 09:28:46.060,0.00,0.00,0,0.0,0.0,0.000,0.0,0,HAYIR,HAYIR
2026-08-19 09:28:46.080,0.00,0.00,0,0.0,0.0,0.000,0.0,0,HAYIR,HAYIR
2026-08-19 09:28:46.100,0.00,0.00,0,0.0,0.0,0.000,0.0,0,HAYIR,HAYIR
2026-08-19 09:28:46.120,0.00,0.00,0,0.0,0.0,0.000,0.0,0,HAYIR,HAYIR
2026-08-19 09:28:46.140,0.00,0.00,0,0.0,0.0,0.000,0.0,0,HAYIR,HAYIR
2026-08-19 09:28:46.160,0.00,0.00,0,0.0,0.0,0.000,0.0,0,HAYIR,HAYIR
2026-08-19 09:28:46.180,0.00,0.00,0,0.0,0.0,0.000,0.0,0,HAYIR,HAYIR
2026-08-19 09:28:46.201,0.00,0.00,0,0.0,0.0,0.000,0.0,0,HAYIR,HAYIR
2026-08-19 09:28:46.220,0.00,0.00,0,0.0,0.0,0.000,0.0,0,HAYIR,HAYIR
2026-08-19 09:28:46.240,0.00,0.00,0,0.0,0.0,0.000,0.0,0,HAYIR,HAYIR
2026-08-19 09:28:46.260,0.00,0.00,0,0.0,0.0,0.000,0.0,0,HAYIR,HAYIR
2026-08-19 09:28:46.280,0.00,0.00,0,0.0,0.0,0.000,0.0,0,HAYIR,HAYIR
2026-08-19 09:28:46.300,0.00,0.00,0,0.0,0.0,0.000,0.0,0,HAYIR,HAYIR
2026-08-19 09:28:46.320,0.00,0.00,0,0.0,0.0,0.000,0.0,0,HAYIR,HAYIR
2026-08-19 09:28:46.340,0.00,0.00,0,0.0,0.0,0.000,0.0,0,HAYIR,HAYIR
2026-08-19 09:28:46.360,0.00,0.00,0,0.0,0.0,0.000,0.0,0,HAYIR,HAYIR
2026-08-19 09:28:46.380,0.00,0.00,0,0.0,0.0,0.000,0.0,0,HAYIR,HAYIR
2026-08-19 09:28:46.400,0.00,0.00,0,0.0,0.0,0.000,0.0,0,HAYIR,HAYIR
2026-08-19 09:28:46.420,0.00,0.00,0,0.0,0.0,0.000,0.0,0,HAYIR,HAYIR
2026-08-19 09:28:46.440,0.00,0.00,0,0.0,0.0,0.000,0.0,0,HAYIR,HAYIR
2026-08-19 09:28:46.460,0.00,0.00,0,0.0,0.0,0.000,0.0,0,HAYIR,HAYIR
2026-08-19 09:28:46.480,0.00,0.00,0,0.0,0.0,0.000,0.0,0,HAYIR,HAYIR
2026-08-19 09:28:46.500,0.00,0.00,0,0.0,0.0,0.000,0.0,0,HAYIR,HAYIR
2026-08-19 09:28:46.520,0.00,0.00,0,0.0,0.0,0.000,0.0,0,HAYIR,HAYIR
2026-08-19 09:28:46.540,0.00,0.00,0,0.0,0.0,0.000,0.0,0,HAYIR,HAYIR
2026-08-19 09:28:46.560,0.00,0.00,0,0.0,0.0,0.000,0.0,0,HAYIR,HAYIR
2026-08-19 09:28:46.580,0.00,0.00,0,0.0,0.0,0.000,0.0,0,HAYIR,HAYIR
2026-08-19 09:28:46.600,0.00,0.00,0,0.0,0.0,0.000,0.0,0,HAYIR,HAYIR
2026-08-19 09:28:46.620,0.00,0.00,0,0.0,0.0,0.000,0.0,0,HAYIR,HAYIR
2026-08-19 09:28:46.640,0.00,0.00,0,0.0,0.0,0.000,0.0,0,HAYIR,HAYIR
2026-08-19 09:28:46.660,0.00,0.00,0,0.0,0.0,0.000,0.0,0,HAYIR,HAYIR
2026-08-19 09:28:46.680,0.00,0.00,0,0.0,0.0,0.000,0.0,0,HAYIR,HAYIR
2026-08-19 09:28:46.700,0.00,0.00,0,0.0,0.0,0.000,0.0,0,HAYIR,HAYIR
2026-08-19 09:28:46.720,0.00,0.00,0,0.0,0.0,0.000,0.0,0,HAYIR,HAYIR
2026-08-19 09:28:46.740,0.00,0.00,0,0.0,0.0,0.000,0.0,0,HAYIR,HAYIR
2026-08-19 09:28:46.760,0.00,0.00,0,0.0,0.0,0.000,0.0,0,HAYIR,HAYIR
2026-08-19 09:28:46.780,0.00,0.00,0,0.0,0.0,0.000,0.0,0,HAYIR,HAYIR
2026-08-19 09:28:46.801,0.00,0.00,0,0.0,0.0,0.000,0.0,0,HAYIR,HAYIR
2026-08-19 09:28:46.820,0.00,0.00,0,0.0,0.0,0.000,0.0,0,HAYIR,HAYIR
2026-08-19 09:28:46.840,0.00,0.00,0,0.0,0.0,0.000,0.0,0,HAYIR,HAYIR
2026-08-19 09:28:46.861,0.00,0.00,0,0.0,0.0,0.000,0.0,0,HAYIR,HAYIR
2026-08-19 09:28:46.880,0.00,0.00,0,0.0,0.0,0.000,0.0,0,HAYIR,HAYIR
2026-08-19 09:28:46.900,0.00,0.00,0,0.0,0.0,0.000,0.0,0,HAYIR,HAYIR
2026-08-19 09:28:46.920,0.00,0.00,0,0.0,0.0,0.000,0.0,0,HAYIR,HAYIR
2026-08-19 09:28:46.940,0.00,0.00,0,0.0,0.0,0.000,0.0,0,HAYIR,HAYIR
2026-08-19 09:28:46.960,0.00,0.00,0,0.0,0.0,0.000,0.0,0,HAYIR,HAYIR
2026-08-19 09:28:46.980,0.00,0.00,0,0.0,0.0,0.000,0.0,0,HAYIR,HAYIR
2026-08-19 09:28:47.001,0.00,0.00,0,0.0,0.0,0.000,0.0,0,HAYIR,HAYIR
2026-08-19 09:28:47.020,0.00,0.00,0,0.0,0.0,0.000,0.0,0,HAYIR,HAYIR
2026-08-19 09:28:47.041,0.00,0.00,0,0.0,0.0,0.000,0.0,0,HAYIR,HAYIR
2026-08-19 09:28:47.061,0.00,0.00,0,0.0,0.0,0.000,0.0,0,HAYIR,HAYIR
2026-08-19 09:28:47.080,0.00,0.00,0,0.0,0.0,0.000,0.0,0,HAYIR,HAYIR
2026-08-19 09:28:47.100,0.00,0.00,0,0.0,0.0,0.000,0.0,0,HAYIR,HAYIR
2026-08-19 09:28:47.120,0.00,0.00,0,0.0,0.0,0.000,0.0,0,HAYIR,HAYIR
2026-08-19 09:28:47.140,0.00,0.00,0,0.0,0.0,0.000,0.0,0,HAYIR,HAYIR
2026-08-19 09:28:47.160,0.00,0.00,0,0.0,0.0,0.000,0.0,0,HAYIR,HAYIR
2026-08-19 09:28:47.180,0.00,0.00,0,0.0,0.0,0.000,0.0,0,HAYIR,HAYIR
2026-08-19 09:28:47.201,0.00,0.00,0,0.0,0.0,0.000,0.0,0,HAYIR,HAYIR
2026-08-19 09:28:47.220,0.00,0.00,0,0.0,0.0,0.000,0.0,0,HAYIR,HAYIR
2026-08-19 09:28:47.240,0.00,0.00,0,0.0,0.0,0.000,0.0,0,HAYIR,HAYIR
2026-08-19 09:28:47.260,0.00,0.00,0,0.0,0.0,0.000,0.0,0,HAYIR,HAYIR
2026-08-19 09:28:47.280,0.00,0.00,0,0.0,0.0,0.000,0.0,0,HAYIR,HAYIR
2026-08-19 09:28:47.300,0.00,0.00,0,0.0,0.0,0.000,0.0,0,HAYIR,HAYIR
2026-08-19 09:28:47.320,0.00,0.00,0,0.0,0.0,0.000,0.0,0,HAYIR,HAYIR
2026-08-19 09:28:47.340,0.00,0.00,0,0.0,0.0,0.000,0.0,0,HAYIR,HAYIR
2026-08-19 09:28:47.360,0.00,0.00,0,0.0,0.0,0.000,0.0,0,HAYIR,HAYIR
2026-08-19 09:28:47.380,0.00,0.00,0,0.0,0.0,0.000,0.0,0,HAYIR,HAYIR
2026-08-19 09:28:47.400,0.00,0.00,0,0.0,0.0,0.000,0.0,0,HAYIR,HAYIR
2026-08-19 09:28:47.420,0.00,0.00,0,0.0,0.0,0.000,0.0,0,HAYIR,HAYIR
2026-08-19 09:28:47.440,0.00,0.00,0,0.0,0.0,0.000,0.0,0,HAYIR,HAYIR
2026-08-19 09:28:47.461,0.00,0.00,0,0.0,0.0,0.000,0.0,0,HAYIR,HAYIR
2026-08-19 09:28:47.480,0.00,0.00,0,0.0,0.0,0.000,0.0,0,HAYIR,HAYIR
2026-08-19 09:28:47.500,0.00,0.00,0,0.0,0.0,0.000,0.0,0,HAYIR,HAYIR
2026-08-19 09:28:47.521,0.00,0.00,0,0.0,0.0,0.000,0.0,0,HAYIR,HAYIR
2026-08-19 09:28:47.540,0.00,0.00,0,0.0,0.0,0.000,0.0,0,HAYIR,HAYIR
2026-08-19 09:28:47.561,0.00,0.00,0,0.0,0.0,0.000,0.0,0,HAYIR,HAYIR
2026-08-19 09:28:47.580,0.00,0.00,0,0.0,0.0,0.000,0.0,0,HAYIR,HAYIR
2026-08-19 09:28:47.600,0.00,0.00,0,0.0,0.0,0.000,0.0,0,HAYIR,HAYIR
2026-08-19 09:28:47.620,0.00,0.00,0,0.0,0.0,0.000,0.0,0,HAYIR,HAYIR
2026-08-19 09:28:47.640,0.00,0.00,0,0.0,0.0,0.000,0.0,0,HAYIR,HAYIR
2026-08-19 09:28:47.660,0.00,0.00,0,0.0,0.0,0.000,0.0,0,HAYIR,HAYIR
2026-08-19 09:28:47.680,0.00,0.00,0,0.0,0.0,0.000,0.0,0,HAYIR,HAYIR
2026-08-19 09:28:47.700,0.00,0.00,0,0.0,0.0,0.000,0.0,0,HAYIR,HAYIR
2026-08-19 09:28:47.720,0.00,0.00,0,0.0,0.0,0.000,0.0,0,HAYIR,HAYIR
2026-08-19 09:28:47.741,0.00,0.00,0,0.0,0.0,0.000,0.0,0,HAYIR,HAYIR
2026-08-19 09:28:47.760,0.00,0.00,0,0.0,0.0,0.000,0.0,0,HAYIR,HAYIR
2026-08-19 09:28:47.780,0.00,0.00,0,0.0,0.0,0.000,0.0,0,HAYIR,HAYIR
2026-08-19 09:28:47.801,0.00,0.00,0,0.0,0.0,0.000,0.0,0,HAYIR,HAYIR
2026-08-19 09:28:47.821,0.00,0.00,0,0.0,0.0,0.000,0.0,0,HAYIR,HAYIR
2026-08-19 09:28:47.840,0.00,0.00,0,0.0,0.0,0.000,0.0,0,HAYIR,HAYIR
2026-08-19 09:28:47.860,0.00,0.00,0,0.0,0.0,0.000,0.0,0,HAYIR,HAYIR
2026-08-19 09:28:47.880,0.00,0.00,0,0.0,0.0,0.000,0.0,0,HAYIR,HAYIR
2026-08-19 09:28:47.900,0.00,0.00,0,0.0,0.0,0.000,0.0,0,HAYIR,HAYIR
2026-08-19 09:28:47.920,0.00,0.00,0,0.0,0.0,0.000,0.0,0,HAYIR,HAYIR
2026-08-19 09:28:47.940,0.00,0.00,0,0.0,0.0,0.000,0.0,0,HAYIR,HAYIR
2026-08-19 09:28:47.960,0.00,0.00,0,0.0,0.0,0.000,0.0,0,HAYIR,HAYIR
2026-08-19 09:28:47.980,0.00,0.00,0,0.0,0.0,0.000,0.0,0,HAYIR,HAYIR
2026-08-19 09:28:48.001,0.00,0.00,0,0.0,0.0,0.000,0.0,0,HAYIR,HAYIR
2026-08-19 09:28:48.020,0.00,0.00,0,0.0,0.0,0.000,0.0,0,HAYIR,HAYIR
2026-08-19 09:28:48.040,0.00,0.00,0,0.0,0.0,0.000,0.0,0,HAYIR,HAYIR
2026-08-19 09:28:48.060,0.00,0.00,0,0.0,0.0,0.000,0.0,0,HAYIR,HAYIR
2026-08-19 09:28:48.080,0.00,0.00,0,0.0,0.0,0.000,0.0,0,HAYIR,HAYIR
2026-08-19 09:28:48.100,0.00,0.00,0,0.0,0.0,0.000,0.0,0,HAYIR,HAYIR
2026-08-19 09:28:48.120,0.00,0.00,0,0.0,0.0,0.000,0.0,0,HAYIR,HAYIR
2026-08-19 09:28:48.140,0.00,0.00,0,0.0,0.0,0.000,0.0,0,HAYIR,HAYIR
2026-08-19 09:28:48.160,0.00,0.00,0,0.0,0.0,0.000,0.0,0,HAYIR,HAYIR
2026-08-19 09:28:48.180,0.00,0.00,0,0.0,0.0,0.000,0.0,0,HAYIR,HAYIR
2026-08-19 09:28:48.201,0.00,0.00,0,0.0,0.0,0.000,0.0,0,HAYIR,HAYIR
2026-08-19 09:28:48.220,0.00,0.00,0,0.0,0.0,0.000,0.0,0,HAYIR,HAYIR
2026-08-19 09:28:48.240,0.00,0.00,0,0.0,0.0,0.000,0.0,0,HAYIR,HAYIR
2026-08-19 09:28:48.260,0.00,0.00,0,0.0,0.0,0.000,0.0,0,HAYIR,HAYIR
2026-08-19 09:28:48.280,0.00,0.00,0,0.0,0.0,0.000,0.0,0,HAYIR,HAYIR
2026-08-19 09:28:48.300,0.00,0.00,0,0.0,0.0,0.000,0.0,0,HAYIR,HAYIR
2026-08-19 09:28:48.320,0.00,0.00,0,0.0,0.0,0.000,0.0,0,HAYIR,HAYIR
2026-08-19 09:28:48.340,0.00,0.00,0,0.0,0.0,0.000,0.0,0,HAYIR,HAYIR
2026-08-19 09:28:48.360,0.00,0.00,0,0.0,0.0,0.000,0.0,0,HAYIR,HAYIR
2026-08-19 09:28:48.380,0.00,0.00,0,0.0,0.0,0.000,0.0,0,HAYIR,HAYIR
2026-08-19 09:28:48.400,0.00,0.00,0,0.0,0.0,0.000,0.0,0,HAYIR,HAYIR
2026-08-19 09:28:48.420,0.00,0.00,0,0.0,0.0,0.000,0.0,0,HAYIR,HAYIR
2026-08-19 09:28:48.440,0.00,0.00,0,0.0,0.0,0.000,0.0,0,HAYIR,HAYIR
2026-08-19 09:28:48.460,0.00,0.00,0,0.0,0.0,0.000,0.0,0,HAYIR,HAYIR
2026-08-19 09:28:48.480,0.00,0.00,0,0.0,0.0,0.000,0.0,0,HAYIR,HAYIR
2026-08-19 09:28:48.500,0.00,0.00,0,0.0,0.0,0.000,0.0,0,HAYIR,HAYIR
2026-08-19 09:28:48.520,0.00,0.00,0,0.0,0.0,0.000,0.0,0,HAYIR,HAYIR
2026-08-19 09:28:48.540,0.00,0.00,0,0.0,0.0,0.000,0.0,0,HAYIR,HAYIR
2026-08-19 09:28:48.560,0.00,0.00,0,0.0,0.0,0.000,0.0,0,HAYIR,HAYIR
2026-08-19 09:28:48.580,0.00,0.00,0,0.0,0.0,0.000,0.0,0,HAYIR,HAYIR
2026-08-19 09:28:48.600,0.00,0.00,0,0.0,0.0,0.000,0.0,0,HAYIR,HAYIR
2026-08-19 09:28:48.620,0.00,0.00,0,0.0,0.0,0.000,0.0,0,HAYIR,HAYIR
2026-08-19 09:28:48.640,0.00,0.00,0,0.0,0.0,0.000,0.0,0,HAYIR,HAYIR
2026-08-19 09:28:48.660,0.00,0.00,0,0.0,0.0,0.000,0.0,0,HAYIR,HAYIR
2026-08-19 09:28:48.680,0.00,0.00,0,0.0,0.0,0.000,0.0,0,HAYIR,HAYIR
2026-08-19 09:28:48.700,0.00,0.00,0,0.0,0.0,0.000,0.0,0,HAYIR,HAYIR
2026-08-19 09:28:48.720,0.00,0.00,0,0.0,0.0,0.000,0.0,0,HAYIR,HAYIR
2026-08-19 09:28:48.740,0.00,0.00,0,0.0,0.0,0.000,0.0,0,HAYIR,HAYIR
2026-08-19 09:28:48.760,0.00,0.00,0,0.0,0.0,0.000,0.0,0,HAYIR,HAYIR
2026-08-19 09:28:48.780,0.00,0.00,0,0.0,0.0,0.000,0.0,0,HAYIR,HAYIR
2026-08-19 09:28:48.800,0.00,0.00,0,0.0,0.0,0.000,0.0,0,HAYIR,HAYIR
2026-08-19 09:28:48.820,0.00,0.00,0,0.0,0.0,0.000,0.0,0,HAYIR,HAYIR
2026-08-19 09:28:48.840,0.00,0.00,0,0.0,0.0,0.000,0.0,0,HAYIR,HAYIR
2026-08-19 09:28:48.860,0.00,0.00,0,0.0,0.0,0.000,0.0,0,HAYIR,HAYIR
2026-08-19 09:28:48.880,0.00,0.00,0,0.0,0.0,0.000,0.0,0,HAYIR,HAYIR
2026-08-19 09:28:48.900,0.00,0.00,0,0.0,0.0,0.000,0.0,0,HAYIR,HAYIR
2026-08-19 09:28:48.920,0.00,0.00,0,0.0,0.0,0.000,0.0,0,HAYIR,HAYIR
2026-08-19 09:28:48.940,0.00,0.00,0,0.0,0.0,0.000,0.0,0,HAYIR,HAYIR
2026-08-19 09:28:48.960,0.00,0.00,0,0.0,0.0,0.000,0.0,0,HAYIR,HAYIR
2026-08-19 09:28:48.980,0.00,0.00,0,0.0,0.0,0.000,0.0,0,HAYIR,HAYIR
2026-08-19 09:28:49.001,0.00,0.00,0,0.0,0.0,0.000,0.0,0,HAYIR,HAYIR
2026-08-19 09:28:49.020,0.00,0.00,0,0.0,0.0,0.000,0.0,0,HAYIR,HAYIR
2026-08-19 09:28:49.041,0.00,0.00,0,0.0,0.0,0.000,0.0,0,HAYIR,HAYIR
2026-08-19 09:28:49.060,0.00,0.00,0,0.0,0.0,0.000,0.0,0,HAYIR,HAYIR
2026-08-19 09:28:49.080,0.00,0.00,0,0.0,0.0,0.000,0.0,0,HAYIR,HAYIR
2026-08-19 09:28:49.100,0.00,0.00,0,0.0,0.0,0.000,0.0,0,HAYIR,HAYIR
2026-08-19 09:28:49.120,0.00,0.00,0,0.0,0.0,0.000,0.0,0,HAYIR,HAYIR
2026-08-19 09:28:49.140,0.00,0.00,0,0.0,0.0,0.000,0.0,0,HAYIR,HAYIR
2026-08-19 09:28:49.160,0.00,0.00,0,0.0,0.0,0.000,0.0,0,HAYIR,HAYIR
2026-08-19 09:28:49.180,0.00,0.00,0,0.0,0.0,0.000,0.0,0,HAYIR,HAYIR
2026-08-19 09:28:49.200,0.00,0.00,0,0.0,0.0,0.000,0.0,0,HAYIR,HAYIR
2026-08-19 09:28:49.220,0.00,0.00,0,0.0,0.0,0.000,0.0,0,HAYIR,HAYIR
2026-08-19 09:28:49.240,0.00,0.00,0,0.0,0.0,0.000,0.0,0,HAYIR,HAYIR
2026-08-19 09:28:49.260,0.00,0.00,0,0.0,0.0,0.000,0.0,0,HAYIR,HAYIR
2026-08-19 09:28:49.280,0.00,0.00,0,0.0,0.0,0.000,0.0,0,HAYIR,HAYIR
2026-08-19 09:28:49.300,0.00,0.00,0,0.0,0.0,0.000,0.0,0,HAYIR,HAYIR
2026-08-19 09:28:49.320,0.00,0.00,0,0.0,0.0,0.000,0.0,0,HAYIR,HAYIR
2026-08-19 09:28:49.340,0.00,0.00,0,0.0,0.0,0.000,0.0,0,HAYIR,HAYIR
2026-08-19 09:28:49.360,0.00,0.00,0,0.0,0.0,0.000,0.0,0,HAYIR,HAYIR
2026-08-19 09:28:49.380,0.00,0.00,0,0.0,0.0,0.000,0.0,0,HAYIR,HAYIR
2026-08-19 09:28:49.400,0.00,0.00,0,0.0,0.0,0.000,0.0,0,HAYIR,HAYIR
2026-08-19 09:28:49.420,0.00,0.00,0,0.0,0.0,0.000,0.0,0,HAYIR,HAYIR
2026-08-19 09:28:49.440,0.00,0.00,0,0.0,0.0,0.000,0.0,0,HAYIR,HAYIR
2026-08-19 09:28:49.460,0.00,0.00,0,0.0,0.0,0.000,0.0,0,HAYIR,HAYIR
2026-08-19 09:28:49.480,0.00,0.00,0,0.0,0.0,0.000,0.0,0,HAYIR,HAYIR
2026-08-19 09:28:49.500,0.00,0.00,0,0.0,0.0,0.000,0.0,0,HAYIR,HAYIR
2026-08-19 09:28:49.520,0.00,0.00,0,0.0,0.0,0.000,0.0,0,HAYIR,HAYIR
2026-08-19 09:28:49.540,0.00,0.00,0,0.0,0.0,0.000,0.0,0,HAYIR,HAYIR
2026-08-19 09:28:49.560,0.00,0.00,0,0.0,0.0,0.000,0.0,0,HAYIR,HAYIR
2026-08-19 09:28:49.580,0.00,0.00,0,0.0,0.0,0.000,0.0,0,HAYIR,HAYIR
2026-08-19 09:28:49.600,0.00,0.00,0,0.0,0.0,0.000,0.0,0,HAYIR,HAYIR
2026-08-19 09:28:49.620,0.00,0.00,0,0.0,0.0,0.000,0.0,0,HAYIR,HAYIR
2026-08-19 09:28:49.640,0.00,0.00,0,0.0,0.0,0.000,0.0,0,HAYIR,HAYIR
2026-08-19 09:28:49.660,0.00,0.00,0,0.0,0.0,0.000,0.0,0,HAYIR,HAYIR
2026-08-19 09:28:49.680,0.00,0.00,0,0.0,0.0,0.000,0.0,0,HAYIR,HAYIR
2026-08-19 09:28:49.700,0.00,0.00,0,0.0,0.0,0.000,0.0,0,HAYIR,HAYIR
2026-08-19 09:28:49.720,0.00,0.00,0,0.0,0.0,0.000,0.0,0,HAYIR,HAYIR
2026-08-19 09:28:49.740,0.00,0.00,0,0.0,0.0,0.000,0.0,0,HAYIR,HAYIR
2026-08-19 09:28:49.761,0.00,0.00,0,0.0,0.0,0.000,0.0,0,HAYIR,HAYIR
2026-08-19 09:28:49.780,0.00,0.00,0,0.0,0.0,0.000,0.0,0,HAYIR,HAYIR
2026-08-19 09:28:49.800,0.00,0.00,0,0.0,0.0,0.000,0.0,0,HAYIR,HAYIR
2026-08-19 09:28:49.820,0.00,0.00,0,0.0,0.0,0.000,0.0,0,HAYIR,HAYIR
2026-08-19 09:28:49.840,0.00,0.00,0,0.0,0.0,0.000,0.0,0,HAYIR,HAYIR
2026-08-19 09:28:49.860,0.00,0.00,0,0.0,0.0,0.000,0.0,0,HAYIR,HAYIR
2026-08-19 09:28:49.880,0.00,0.00,0,0.0,0.0,0.000,0.0,0,HAYIR,HAYIR
2026-08-19 09:28:49.900,0.00,0.00,0,0.0,0.0,0.000,0.0,0,HAYIR,HAYIR
2026-08-19 09:28:49.920,0.00,0.00,0,0.0,0.0,0.000,0.0,0,HAYIR,HAYIR
2026-08-19 09:28:49.940,0.00,0.00,0,0.0,0.0,0.000,0.0,0,HAYIR,HAYIR
2026-08-19 09:28:49.960,0.00,0.00,0,0.0,0.0,0.000,0.0,0,HAYIR,HAYIR
2026-08-19 09:28:49.980,0.00,0.00,0,0.0,0.0,0.000,0.0,0,HAYIR,HAYIR
2026-08-19 09:28:50.000,0.00,0.00,0,0.0,0.0,0.000,0.0,0,HAYIR,HAYIR
2026-08-19 09:28:50.020,0.00,0.00,0,0.0,0.0,0.000,0.0,0,HAYIR,HAYIR
2026-08-19 09:28:50.040,0.00,0.00,0,0.0,0.0,0.000,0.0,0,HAYIR,HAYIR
2026-08-19 09:28:50.060,0.00,0.00,0,0.0,0.0,0.000,0.0,0,HAYIR,HAYIR
2026-08-19 09:28:50.080,0.00,0.00,0,0.0,0.0,0.000,0.0,0,HAYIR,HAYIR
2026-08-19 09:28:50.100,0.00,0.00,0,0.0,0.0,0.000,0.0,0,HAYIR,HAYIR
2026-08-19 09:28:50.120,0.00,0.00,0,0.0,0.0,0.000,0.0,0,HAYIR,HAYIR
2026-08-19 09:28:50.140,0.00,0.00,0,0.0,0.0,0.000,0.0,0,HAYIR,HAYIR
2026-08-19 09:28:50.160,0.00,0.00,0,0.0,0.0,0.000,0.0,0,HAYIR,HAYIR
2026-08-19 09:28:50.180,0.00,0.00,0,0.0,0.0,0.000,0.0,0,HAYIR,HAYIR
2026-08-19 09:28:50.200,0.00,0.00,0,0.0,0.0,0.000,0.0,0,HAYIR,HAYIR
2026-08-19 09:28:50.220,0.00,0.00,0,0.0,0.0,0.000,0.0,0,HAYIR,HAYIR
2026-08-19 09:28:50.240,0.00,0.00,0,0.0,0.0,0.000,0.0,0,HAYIR,HAYIR
2026-08-19 09:28:50.261,0.00,0.00,0,0.0,0.0,0.000,0.0,0,HAYIR,HAYIR
2026-08-19 09:28:50.280,0.00,0.00,0,0.0,0.0,0.000,0.0,0,HAYIR,HAYIR
2026-08-19 09:28:50.300,0.00,0.00,0,0.0,0.0,0.000,0.0,0,HAYIR,HAYIR
2026-08-19 09:28:50.320,0.00,0.00,0,0.0,0.0,0.000,0.0,0,HAYIR,HAYIR
2026-08-19 09:28:50.340,0.00,0.00,0,0.0,0.0,0.000,0.0,0,HAYIR,HAYIR
2026-08-19 09:28:50.360,0.00,0.00,0,0.0,0.0,0.000,0.0,0,HAYIR,HAYIR
2026-08-19 09:28:50.380,0.00,0.00,0,0.0,0.0,0.000,0.0,0,HAYIR,HAYIR
2026-08-19 09:28:50.400,0.00,0.00,0,0.0,0.0,0.000,0.0,0,HAYIR,HAYIR
2026-08-19 09:28:50.420,0.00,0.00,0,0.0,0.0,0.000,0.0,0,HAYIR,HAYIR
2026-08-19 09:28:50.440,0.00,0.00,0,0.0,0.0,0.000,0.0,0,HAYIR,HAYIR
2026-08-19 09:28:50.461,0.00,0.00,0,0.0,0.0,0.000,0.0,0,HAYIR,HAYIR
2026-08-19 09:28:50.480,0.00,0.00,0,0.0,0.0,0.000,0.0,0,HAYIR,HAYIR
2026-08-19 09:28:50.500,0.00,0.00,0,0.0,0.0,0.000,0.0,0,HAYIR,HAYIR
2026-08-19 09:28:50.520,0.00,0.00,0,0.0,0.0,0.000,0.0,0,HAYIR,HAYIR
2026-08-19 09:28:50.540,0.00,0.00,0,0.0,0.0,0.000,0.0,0,HAYIR,HAYIR
2026-08-19 09:28:50.561,0.00,0.00,0,0.0,0.0,0.000,0.0,0,HAYIR,HAYIR
2026-08-19 09:28:50.580,0.00,0.00,0,0.0,0.0,0.000,0.0,0,HAYIR,HAYIR
2026-08-19 09:28:50.600,0.00,0.00,0,0.0,0.0,0.000,0.0,0,HAYIR,HAYIR
2026-08-19 09:28:50.621,0.00,0.00,0,0.0,0.0,0.000,0.0,0,HAYIR,HAYIR
2026-08-19 09:28:50.640,0.00,0.00,0,0.0,0.0,0.000,0.0,0,HAYIR,HAYIR
2026-08-19 09:28:50.660,0.00,0.00,0,0.0,0.0,0.000,0.0,0,HAYIR,HAYIR
2026-08-19 09:28:50.680,0.00,0.00,0,0.0,0.0,0.000,0.0,0,HAYIR,HAYIR
2026-08-19 09:28:50.700,0.00,0.00,0,0.0,0.0,0.000,0.0,0,HAYIR,HAYIR
2026-08-19 09:28:50.721,0.00,0.00,0,0.0,0.0,0.000,0.0,0,HAYIR,HAYIR
2026-08-19 09:28:50.741,0.00,0.00,0,0.0,0.0,0.000,0.0,0,HAYIR,HAYIR
2026-08-19 09:28:50.760,0.00,0.00,0,0.0,0.0,0.000,0.0,0,HAYIR,HAYIR
2026-08-19 09:28:50.780,0.00,0.00,0,0.0,0.0,0.000,0.0,0,HAYIR,HAYIR
2026-08-19 09:28:50.800,0.00,0.00,0,0.0,0.0,0.000,0.0,0,HAYIR,HAYIR
2026-08-19 09:28:50.820,0.00,0.00,0,0.0,0.0,0.000,0.0,0,HAYIR,HAYIR
2026-08-19 09:28:50.840,0.00,0.00,0,0.0,0.0,0.000,0.0,0,HAYIR,HAYIR
2026-08-19 09:28:50.860,0.00,0.00,0,0.0,0.0,0.000,0.0,0,HAYIR,HAYIR
2026-08-19 09:28:50.880,0.00,0.00,0,0.0,0.0,0.000,0.0,0,HAYIR,HAYIR
2026-08-19 09:28:50.900,0.00,0.00,0,0.0,0.0,0.000,0.0,0,HAYIR,HAYIR
2026-08-19 09:28:50.920,0.00,0.00,0,0.0,0.0,0.000,0.0,0,HAYIR,HAYIR
2026-08-19 09:28:50.940,0.00,0.00,0,0.0,0.0,0.000,0.0,0,HAYIR,HAYIR
2026-08-19 09:28:50.960,0.00,0.00,0,0.0,0.0,0.000,0.0,0,HAYIR,HAYIR
2026-08-19 09:28:50.980,0.00,0.00,0,0.0,0.0,0.000,0.0,0,HAYIR,HAYIR
2026-08-19 09:28:51.000,0.00,0.00,0,0.0,0.0,0.000,0.0,0,HAYIR,HAYIR
2026-08-19 09:28:51.020,0.00,0.00,0,0.0,0.0,0.000,0.0,0,HAYIR,HAYIR
2026-08-19 09:28:51.040,0.00,0.00,0,0.0,0.0,0.000,0.0,0,HAYIR,HAYIR
2026-08-19 09:28:51.060,0.00,0.00,0,0.0,0.0,0.000,0.0,0,HAYIR,HAYIR
2026-08-19 09:28:51.080,0.00,0.00,0,0.0,0.0,0.000,0.0,0,HAYIR,HAYIR
2026-08-19 09:28:51.100,0.00,0.00,0,0.0,0.0,0.000,0.0,0,HAYIR,HAYIR
2026-08-19 09:28:51.120,0.00,0.00,0,0.0,0.0,0.000,0.0,0,HAYIR,HAYIR
2026-08-19 09:28:51.140,0.00,0.00,0,0.0,0.0,0.000,0.0,0,HAYIR,HAYIR
2026-08-19 09:28:51.160,0.00,0.00,0,0.0,0.0,0.000,0.0,0,HAYIR,HAYIR
2026-08-19 09:28:51.180,0.00,0.00,0,0.0,0.0,0.000,0.0,0,HAYIR,HAYIR
2026-08-19 09:28:51.200,0.00,0.00,0,0.0,0.0,0.000,0.0,0,HAYIR,HAYIR
2026-08-19 09:28:51.220,0.00,0.00,0,0.0,0.0,0.000,0.0,0,HAYIR,HAYIR
2026-08-19 09:28:51.240,0.00,0.00,0,0.0,0.0,0.000,0.0,0,HAYIR,HAYIR
2026-08-19 09:28:51.260,0.00,0.00,0,0.0,0.0,0.000,0.0,0,HAYIR,HAYIR
2026-08-19 09:28:51.280,0.00,0.00,0,0.0,0.0,0.000,0.0,0,HAYIR,HAYIR
2026-08-19 09:28:51.300,0.00,0.00,0,0.0,0.0,0.000,0.0,0,HAYIR,HAYIR
2026-08-19 09:28:51.320,0.00,0.00,0,0.0,0.0,0.000,0.0,0,HAYIR,HAYIR
2026-08-19 09:28:51.340,0.00,0.00,0,0.0,0.0,0.000,0.0,0,HAYIR,HAYIR
2026-08-19 09:28:51.360,0.00,0.00,0,0.0,0.0,0.000,0.0,0,HAYIR,HAYIR
2026-08-19 09:28:51.380,0.00,0.00,0,0.0,0.0,0.000,0.0,0,HAYIR,HAYIR
2026-08-19 09:28:51.400,0.00,0.00,0,0.0,0.0,0.000,0.0,0,HAYIR,HAYIR
2026-08-19 09:28:51.420,0.00,0.00,0,0.0,0.0,0.000,0.0,0,HAYIR,HAYIR
2026-08-19 09:28:51.440,0.00,0.00,0,0.0,0.0,0.000,0.0,0,HAYIR,HAYIR
2026-08-19 09:28:51.460,0.00,0.00,0,0.0,0.0,0.000,0.0,0,HAYIR,HAYIR
2026-08-19 09:28:51.480,0.00,0.00,0,0.0,0.0,0.000,0.0,0,HAYIR,HAYIR
2026-08-19 09:28:51.500,0.00,0.00,0,0.0,0.0,0.000,0.0,0,HAYIR,HAYIR
2026-08-19 09:28:51.520,0.00,0.00,0,0.0,0.0,0.000,0.0,0,HAYIR,HAYIR
2026-08-19 09:28:51.540,0.00,0.00,0,0.0,0.0,0.000,0.0,0,HAYIR,HAYIR
2026-08-19 09:28:51.560,0.00,0.00,0,0.0,0.0,0.000,0.0,0,HAYIR,HAYIR
2026-08-19 09:28:51.580,0.00,0.00,0,0.0,0.0,0.000,0.0,0,HAYIR,HAYIR
2026-08-19 09:28:51.601,0.00,0.00,0,0.0,0.0,0.000,0.0,0,HAYIR,HAYIR
2026-08-19 09:28:51.620,0.00,0.00,0,0.0,0.0,0.000,0.0,0,HAYIR,HAYIR
2026-08-19 09:28:51.640,0.00,0.00,0,0.0,0.0,0.000,0.0,0,HAYIR,HAYIR
2026-08-19 09:28:51.661,0.00,0.00,0,0.0,0.0,0.000,0.0,0,HAYIR,HAYIR
2026-08-19 09:28:51.680,0.00,0.00,0,0.0,0.0,0.000,0.0,0,HAYIR,HAYIR
2026-08-19 09:28:51.701,0.00,0.00,0,0.0,0.0,0.000,0.0,0,HAYIR,HAYIR
2026-08-19 09:28:51.721,0.00,0.00,0,0.0,0.0,0.000,0.0,0,HAYIR,HAYIR
2026-08-19 09:28:51.740,0.00,0.00,0,0.0,0.0,0.000,0.0,0,HAYIR,HAYIR
2026-08-19 09:28:51.761,0.00,0.00,0,0.0,0.0,0.000,0.0,0,HAYIR,HAYIR
2026-08-19 09:28:51.780,0.00,0.00,0,0.0,0.0,0.000,0.0,0,HAYIR,HAYIR
2026-08-19 09:28:51.800,0.00,0.00,0,0.0,0.0,0.000,0.0,0,HAYIR,HAYIR
2026-08-19 09:28:51.821,0.00,0.00,0,0.0,0.0,0.000,0.0,0,HAYIR,HAYIR
2026-08-19 09:28:51.840,0.00,0.00,0,0.0,0.0,0.000,0.0,0,HAYIR,HAYIR
2026-08-19 09:28:51.860,0.00,0.00,0,0.0,0.0,0.000,0.0,0,HAYIR,HAYIR
2026-08-19 09:28:51.880,0.00,0.00,0,0.0,0.0,0.000,0.0,0,HAYIR,HAYIR
2026-08-19 09:28:51.900,0.00,0.00,0,0.0,0.0,0.000,0.0,0,HAYIR,HAYIR
2026-08-19 09:28:51.920,0.00,0.00,0,0.0,0.0,0.000,0.0,0,HAYIR,HAYIR
2026-08-19 09:28:51.940,0.00,0.00,0,0.0,0.0,0.000,0.0,0,HAYIR,HAYIR
2026-08-19 09:28:51.960,0.00,0.00,0,0.0,0.0,0.000,0.0,0,HAYIR,HAYIR
2026-08-19 09:28:51.980,0.00,0.00,0,0.0,0.0,0.000,0.0,0,HAYIR,HAYIR
2026-08-19 09:28:52.001,0.00,0.00,0,0.0,0.0,0.000,0.0,0,HAYIR,HAYIR
2026-08-19 09:28:52.020,0.00,0.00,0,0.0,0.0,0.000,0.0,0,HAYIR,HAYIR
2026-08-19 09:28:52.040,0.00,0.00,0,0.0,0.0,0.000,0.0,0,HAYIR,HAYIR
2026-08-19 09:28:52.060,0.00,0.00,0,0.0,0.0,0.000,0.0,0,HAYIR,HAYIR
2026-08-19 09:28:52.080,0.00,0.00,0,0.0,0.0,0.000,0.0,0,HAYIR,HAYIR
2026-08-19 09:28:52.100,0.00,0.00,0,0.0,0.0,0.000,0.0,0,HAYIR,HAYIR
2026-08-19 09:28:52.120,0.00,0.00,0,0.0,0.0,0.000,0.0,0,HAYIR,HAYIR
2026-08-19 09:28:52.140,0.00,0.00,0,0.0,0.0,0.000,0.0,0,HAYIR,HAYIR
2026-08-19 09:28:52.160,0.00,0.00,0,0.0,0.0,0.000,0.0,0,HAYIR,HAYIR
2026-08-19 09:28:52.180,0.00,0.00,0,0.0,0.0,0.000,0.0,0,HAYIR,HAYIR
2026-08-19 09:28:52.201,0.00,0.00,0,0.0,0.0,0.000,0.0,0,HAYIR,HAYIR
2026-08-19 09:28:52.221,0.00,0.00,0,0.0,0.0,0.000,0.0,0,HAYIR,HAYIR
2026-08-19 09:28:52.240,0.00,0.00,0,0.0,0.0,0.000,0.0,0,HAYIR,HAYIR
2026-08-19 09:28:52.260,0.00,0.00,0,0.0,0.0,0.000,0.0,0,HAYIR,HAYIR
2026-08-19 09:28:52.280,0.00,0.00,0,0.0,0.0,0.000,0.0,0,HAYIR,HAYIR
2026-08-19 09:28:52.300,0.00,0.00,0,0.0,0.0,0.000,0.0,0,HAYIR,HAYIR
2026-08-19 09:28:52.320,0.00,0.00,0,0.0,0.0,0.000,0.0,0,HAYIR,HAYIR
2026-08-19 09:28:52.340,0.00,0.00,0,0.0,0.0,0.000,0.0,0,HAYIR,HAYIR
2026-08-19 09:28:52.360,0.00,0.00,0,0.0,0.0,0.000,0.0,0,HAYIR,HAYIR
2026-08-19 09:28:52.380,0.00,0.00,0,0.0,0.0,0.000,0.0,0,HAYIR,HAYIR
2026-08-19 09:28:52.400,0.00,0.00,0,0.0,0.0,0.000,0.0,0,HAYIR,HAYIR
2026-08-19 09:28:52.421,0.00,0.00,0,0.0,0.0,0.000,0.0,0,HAYIR,HAYIR
2026-08-19 09:28:52.440,0.00,0.00,0,0.0,0.0,0.000,0.0,0,HAYIR,HAYIR
2026-08-19 09:28:52.461,0.00,0.00,0,0.0,0.0,0.000,0.0,0,HAYIR,HAYIR
2026-08-19 09:28:52.480,0.00,0.00,0,0.0,0.0,0.000,0.0,0,HAYIR,HAYIR
2026-08-19 09:28:52.500,0.00,0.00,0,0.0,0.0,0.000,0.0,0,HAYIR,HAYIR
2026-08-19 09:28:52.520,0.00,0.00,0,0.0,0.0,0.000,0.0,0,HAYIR,HAYIR
2026-08-19 09:28:52.540,0.00,0.00,0,0.0,0.0,0.000,0.0,0,HAYIR,HAYIR
2026-08-19 09:28:52.560,0.00,0.00,0,0.0,0.0,0.000,0.0,0,HAYIR,HAYIR
2026-08-19 09:28:52.580,0.00,0.00,0,0.0,0.0,0.000,0.0,0,HAYIR,HAYIR
2026-08-19 09:28:52.600,0.00,0.00,0,0.0,0.0,0.000,0.0,0,HAYIR,HAYIR
2026-08-19 09:28:52.620,0.00,0.00,0,0.0,0.0,0.000,0.0,0,HAYIR,HAYIR
2026-08-19 09:28:52.640,0.00,0.00,0,0.0,0.0,0.000,0.0,0,HAYIR,HAYIR
2026-08-19 09:28:52.660,0.00,0.00,0,0.0,0.0,0.000,0.0,0,HAYIR,HAYIR
2026-08-19 09:28:52.680,0.00,0.00,0,0.0,0.0,0.000,0.0,0,HAYIR,HAYIR
2026-08-19 09:28:52.700,0.00,0.00,0,0.0,0.0,0.000,0.0,0,HAYIR,HAYIR
2026-08-19 09:28:52.721,0.00,0.00,0,0.0,0.0,0.000,0.0,0,HAYIR,HAYIR
2026-08-19 09:28:52.740,0.00,0.00,0,0.0,0.0,0.000,0.0,0,HAYIR,HAYIR
2026-08-19 09:28:52.760,0.00,0.00,0,0.0,0.0,0.000,0.0,0,HAYIR,HAYIR
2026-08-19 09:28:52.780,0.00,0.00,0,0.0,0.0,0.000,0.0,0,HAYIR,HAYIR
2026-08-19 09:28:52.800,0.00,0.00,0,0.0,0.0,0.000,0.0,0,HAYIR,HAYIR
2026-08-19 09:28:52.820,0.00,0.00,0,0.0,0.0,0.000,0.0,0,HAYIR,HAYIR
2026-08-19 09:28:52.840,0.00,0.00,0,0.0,0.0,0.000,0.0,0,HAYIR,HAYIR
2026-08-19 09:28:52.860,0.00,0.00,0,0.0,0.0,0.000,0.0,0,HAYIR,HAYIR
2026-08-19 09:28:52.880,0.00,0.00,0,0.0,0.0,0.000,0.0,0,HAYIR,HAYIR
2026-08-19 09:28:52.900,0.00,0.00,0,0.0,0.0,0.000,0.0,0,HAYIR,HAYIR
2026-08-19 09:28:52.920,0.00,0.00,0,0.0,0.0,0.000,0.0,0,HAYIR,HAYIR
2026-08-19 09:28:52.940,0.00,0.00,0,0.0,0.0,0.000,0.0,0,HAYIR,HAYIR
2026-08-19 09:28:52.960,0.00,0.00,0,0.0,0.0,0.000,0.0,0,HAYIR,HAYIR
2026-08-19 09:28:52.980,0.00,0.00,0,0.0,0.0,0.000,0.0,0,HAYIR,HAYIR
2026-08-19 09:28:53.000,0.00,0.00,0,0.0,0.0,0.000,0.0,0,HAYIR,HAYIR
2026-08-19 09:28:53.020,0.00,0.00,0,0.0,0.0,0.000,0.0,0,HAYIR,HAYIR
2026-08-19 09:28:53.040,0.00,0.00,0,0.0,0.0,0.000,0.0,0,HAYIR,HAYIR
2026-08-19 09:28:53.060,0.00,0.00,0,0.0,0.0,0.000,0.0,0,HAYIR,HAYIR
2026-08-19 09:28:53.080,0.00,0.00,0,0.0,0.0,0.000,0.0,0,HAYIR,HAYIR
2026-08-19 09:28:53.100,0.00,0.00,0,0.0,0.0,0.000,0.0,0,HAYIR,HAYIR
2026-08-19 09:28:53.120,0.00,0.00,0,0.0,0.0,0.000,0.0,0,HAYIR,HAYIR
2026-08-19 09:28:53.140,0.00,0.00,0,0.0,0.0,0.000,0.0,0,HAYIR,HAYIR
2026-08-19 09:28:53.160,0.00,0.00,0,0.0,0.0,0.000,0.0,0,HAYIR,HAYIR
2026-08-19 09:28:53.180,0.00,0.00,0,0.0,0.0,0.000,0.0,0,HAYIR,HAYIR
2026-08-19 09:28:53.200,0.00,0.00,0,0.0,0.0,0.000,0.0,0,HAYIR,HAYIR
2026-08-19 09:28:53.221,0.00,0.00,0,0.0,0.0,0.000,0.0,0,HAYIR,HAYIR
2026-08-19 09:28:53.240,0.00,0.00,0,0.0,0.0,0.000,0.0,0,HAYIR,HAYIR
2026-08-19 09:28:53.260,0.00,0.00,0,0.0,0.0,0.000,0.0,0,HAYIR,HAYIR
2026-08-19 09:28:53.280,0.00,0.00,0,0.0,0.0,0.000,0.0,0,HAYIR,HAYIR
2026-08-19 09:28:53.300,0.00,0.00,0,0.0,0.0,0.000,0.0,0,HAYIR,HAYIR
2026-08-19 09:28:53.320,0.00,0.00,0,0.0,0.0,0.000,0.0,0,HAYIR,HAYIR
2026-08-19 09:28:53.340,0.00,0.00,0,0.0,0.0,0.000,0.0,0,HAYIR,HAYIR
2026-08-19 09:28:53.360,0.00,0.00,0,0.0,0.0,0.000,0.0,0,HAYIR,HAYIR
2026-08-19 09:28:53.380,0.00,0.00,0,0.0,0.0,0.000,0.0,0,HAYIR,HAYIR
2026-08-19 09:28:53.400,0.00,0.00,0,0.0,0.0,0.000,0.0,0,HAYIR,HAYIR
2026-08-19 09:28:53.420,0.00,0.00,0,0.0,0.0,0.000,0.0,0,HAYIR,HAYIR
2026-08-19 09:28:53.440,0.00,0.00,0,0.0,0.0,0.000,0.0,0,HAYIR,HAYIR
2026-08-19 09:28:53.460,0.00,0.00,0,0.0,0.0,0.000,0.0,0,HAYIR,HAYIR
2026-08-19 09:28:53.480,0.00,0.00,0,0.0,0.0,0.000,0.0,0,HAYIR,HAYIR
2026-08-19 09:28:53.500,0.00,0.00,0,0.0,0.0,0.000,0.0,0,HAYIR,HAYIR
2026-08-19 09:28:53.521,0.00,0.00,0,0.0,0.0,0.000,0.0,0,HAYIR,HAYIR
2026-08-19 09:28:53.541,0.00,0.00,0,0.0,0.0,0.000,0.0,0,HAYIR,HAYIR
2026-08-19 09:28:53.561,0.00,0.00,0,0.0,0.0,0.000,0.0,0,HAYIR,HAYIR
2026-08-19 09:28:53.580,0.00,0.00,0,0.0,0.0,0.000,0.0,0,HAYIR,HAYIR
2026-08-19 09:28:53.600,0.00,0.00,0,0.0,0.0,0.000,0.0,0,HAYIR,HAYIR
2026-08-19 09:28:53.621,0.00,0.00,0,0.0,0.0,0.000,0.0,0,HAYIR,HAYIR
2026-08-19 09:28:53.640,0.00,0.00,0,0.0,0.0,0.000,0.0,0,HAYIR,HAYIR
2026-08-19 09:28:53.660,0.00,0.00,0,0.0,0.0,0.000,0.0,0,HAYIR,HAYIR
2026-08-19 09:28:53.680,0.00,0.00,0,0.0,0.0,0.000,0.0,0,HAYIR,HAYIR
2026-08-19 09:28:53.700,0.00,0.00,0,0.0,0.0,0.000,0.0,0,HAYIR,HAYIR
2026-08-19 09:28:53.721,0.00,0.00,0,0.0,0.0,0.000,0.0,0,HAYIR,HAYIR
2026-08-19 09:28:53.740,0.00,0.00,0,0.0,0.0,0.000,0.0,0,HAYIR,HAYIR
2026-08-19 09:28:53.761,0.00,0.00,0,0.0,0.0,0.000,0.0,0,HAYIR,HAYIR
2026-08-19 09:28:53.780,0.00,0.00,0,0.0,0.0,0.000,0.0,0,HAYIR,HAYIR
2026-08-19 09:28:53.800,0.00,0.00,0,0.0,0.0,0.000,0.0,0,HAYIR,HAYIR
2026-08-19 09:28:53.820,0.00,0.00,0,0.0,0.0,0.000,0.0,0,HAYIR,HAYIR
2026-08-19 09:28:53.840,0.00,0.00,0,0.0,0.0,0.000,0.0,0,HAYIR,HAYIR
2026-08-19 09:28:53.860,0.00,0.00,0,0.0,0.0,0.000,0.0,0,HAYIR,HAYIR
2026-08-19 09:28:53.880,0.00,0.00,0,0.0,0.0,0.000,0.0,0,HAYIR,HAYIR
2026-08-19 09:28:53.900,0.00,0.00,0,0.0,0.0,0.000,0.0,0,HAYIR,HAYIR
2026-08-19 09:28:53.920,0.00,0.00,0,0.0,0.0,0.000,0.0,0,HAYIR,HAYIR
2026-08-19 09:28:53.940,0.00,0.00,0,0.0,0.0,0.000,0.0,0,HAYIR,HAYIR
2026-08-19 09:28:53.961,0.00,0.00,0,0.0,0.0,0.000,0.0,0,HAYIR,HAYIR
2026-08-19 09:28:53.980,0.00,0.00,0,0.0,0.0,0.000,0.0,0,HAYIR,HAYIR
2026-08-19 09:28:54.000,0.00,0.00,0,0.0,0.0,0.000,0.0,0,HAYIR,HAYIR
2026-08-19 09:28:54.020,0.00,0.00,0,0.0,0.0,0.000,0.0,0,HAYIR,HAYIR
2026-08-19 09:28:54.040,0.00,0.00,0,0.0,0.0,0.000,0.0,0,HAYIR,HAYIR
2026-08-19 09:28:54.060,0.00,0.00,0,0.0,0.0,0.000,0.0,0,HAYIR,HAYIR
2026-08-19 09:28:54.080,0.00,0.00,0,0.0,0.0,0.000,0.0,0,HAYIR,HAYIR
2026-08-19 09:28:54.100,0.00,0.00,0,0.0,0.0,0.000,0.0,0,HAYIR,HAYIR
2026-08-19 09:28:54.120,0.00,0.00,0,0.0,0.0,0.000,0.0,0,HAYIR,HAYIR
2026-08-19 09:28:54.140,0.00,0.00,0,0.0,0.0,0.000,0.0,0,HAYIR,HAYIR
2026-08-19 09:28:54.160,0.00,0.00,0,0.0,0.0,0.000,0.0,0,HAYIR,HAYIR
2026-08-19 09:28:54.180,0.00,0.00,0,0.0,0.0,0.000,0.0,0,HAYIR,HAYIR
2026-08-19 09:28:54.200,0.00,0.00,0,0.0,0.0,0.000,0.0,0,HAYIR,HAYIR
2026-08-19 09:28:54.220,0.00,0.00,0,0.0,0.0,0.000,0.0,0,HAYIR,HAYIR
2026-08-19 09:28:54.240,0.00,0.00,0,0.0,0.0,0.000,0.0,0,HAYIR,HAYIR
2026-08-19 09:28:54.260,0.00,0.00,0,0.0,0.0,0.000,0.0,0,HAYIR,HAYIR
2026-08-19 09:28:54.280,0.00,0.00,0,0.0,0.0,0.000,0.0,0,HAYIR,HAYIR
2026-08-19 09:28:54.300,0.00,0.00,0,0.0,0.0,0.000,0.0,0,HAYIR,HAYIR
2026-08-19 09:28:54.320,0.00,0.00,0,0.0,0.0,0.000,0.0,0,HAYIR,HAYIR
2026-08-19 09:28:54.340,0.00,0.00,0,0.0,0.0,0.000,0.0,0,HAYIR,HAYIR
2026-08-19 09:28:54.360,0.00,0.00,0,0.0,0.0,0.000,0.0,0,HAYIR,HAYIR
2026-08-19 09:28:54.380,0.00,0.00,0,0.0,0.0,0.000,0.0,0,HAYIR,HAYIR
2026-08-19 09:28:54.400,0.00,0.00,0,0.0,0.0,0.000,0.0,0,HAYIR,HAYIR
2026-08-19 09:28:54.420,0.00,0.00,0,0.0,0.0,0.000,0.0,0,HAYIR,HAYIR
2026-08-19 09:28:54.440,0.00,0.00,0,0.0,0.0,0.000,0.0,0,HAYIR,HAYIR
2026-08-19 09:28:54.460,0.00,0.00,0,0.0,0.0,0.000,0.0,0,HAYIR,HAYIR
2026-08-19 09:28:54.480,0.00,0.00,0,0.0,0.0,0.000,0.0,0,HAYIR,HAYIR
2026-08-19 09:28:54.500,0.00,0.00,0,0.0,0.0,0.000,0.0,0,HAYIR,HAYIR
2026-08-19 09:28:54.520,0.00,0.00,0,0.0,0.0,0.000,0.0,0,HAYIR,HAYIR
2026-08-19 09:28:54.540,0.00,0.00,0,0.0,0.0,0.000,0.0,0,HAYIR,HAYIR
2026-08-19 09:28:54.560,0.00,0.00,0,0.0,0.0,0.000,0.0,0,HAYIR,HAYIR
2026-08-19 09:28:54.580,0.00,0.00,0,0.0,0.0,0.000,0.0,0,HAYIR,HAYIR
2026-08-19 09:28:54.600,0.00,0.00,0,0.0,0.0,0.000,0.0,0,HAYIR,HAYIR
2026-08-19 09:28:54.621,0.00,0.00,0,0.0,0.0,0.000,0.0,0,HAYIR,HAYIR
2026-08-19 09:28:54.640,0.00,0.00,0,0.0,0.0,0.000,0.0,0,HAYIR,HAYIR
2026-08-19 09:28:54.660,0.00,0.00,0,0.0,0.0,0.000,0.0,0,HAYIR,HAYIR
2026-08-19 09:28:54.680,0.00,0.00,0,0.0,0.0,0.000,0.0,0,HAYIR,HAYIR
2026-08-19 09:28:54.700,0.00,0.00,0,0.0,0.0,0.000,0.0,0,HAYIR,HAYIR
2026-08-19 09:28:54.720,0.00,0.00,0,0.0,0.0,0.000,0.0,0,HAYIR,HAYIR
2026-08-19 09:28:54.740,0.00,0.00,0,0.0,0.0,0.000,0.0,0,HAYIR,HAYIR
2026-08-19 09:28:54.760,0.00,0.00,0,0.0,0.0,0.000,0.0,0,HAYIR,HAYIR
2026-08-19 09:28:54.780,0.00,0.00,0,0.0,0.0,0.000,0.0,0,HAYIR,HAYIR
2026-08-19 09:28:54.800,0.00,0.00,0,0.0,0.0,0.000,0.0,0,HAYIR,HAYIR
2026-08-19 09:28:54.820,0.00,0.00,0,0.0,0.0,0.000,0.0,0,HAYIR,HAYIR
2026-08-19 09:28:54.840,0.00,0.00,0,0.0,0.0,0.000,0.0,0,HAYIR,HAYIR
2026-08-19 09:28:54.860,0.00,0.00,0,0.0,0.0,0.000,0.0,0,HAYIR,HAYIR
2026-08-19 09:28:54.880,0.00,0.00,0,0.0,0.0,0.000,0.0,0,HAYIR,HAYIR
2026-08-19 09:28:54.900,0.00,0.00,0,0.0,0.0,0.000,0.0,0,HAYIR,HAYIR
2026-08-19 09:28:54.920,0.00,0.00,0,0.0,0.0,0.000,0.0,0,HAYIR,HAYIR
2026-08-19 09:28:54.940,0.00,0.00,0,0.0,0.0,0.000,0.0,0,HAYIR,HAYIR
2026-08-19 09:28:54.960,0.00,0.00,0,0.0,0.0,0.000,0.0,0,HAYIR,HAYIR
2026-08-19 09:28:54.980,0.00,0.00,0,0.0,0.0,0.000,0.0,0,HAYIR,HAYIR
2026-08-19 09:28:55.000,0.00,0.00,0,0.0,0.0,0.000,0.0,0,HAYIR,HAYIR
2026-08-19 09:28:55.020,0.00,0.00,0,0.0,0.0,0.000,0.0,0,HAYIR,HAYIR
2026-08-19 09:28:55.040,0.00,0.00,0,0.0,0.0,0.000,0.0,0,HAYIR,HAYIR
2026-08-19 09:28:55.060,0.00,0.00,0,0.0,0.0,0.000,0.0,0,HAYIR,HAYIR
2026-08-19 09:28:55.080,0.00,0.00,0,0.0,0.0,0.000,0.0,0,HAYIR,HAYIR
2026-08-19 09:28:55.100,0.00,0.00,0,0.0,0.0,0.000,0.0,0,HAYIR,HAYIR
2026-08-19 09:28:55.120,0.00,0.00,0,0.0,0.0,0.000,0.0,0,HAYIR,HAYIR
2026-08-19 09:28:55.140,0.00,0.00,0,0.0,0.0,0.000,0.0,0,HAYIR,HAYIR
2026-08-19 09:28:55.160,0.00,0.00,0,0.0,0.0,0.000,0.0,0,HAYIR,HAYIR
2026-08-19 09:28:55.180,0.00,0.00,0,0.0,0.0,0.000,0.0,0,HAYIR,HAYIR
2026-08-19 09:28:55.200,0.00,0.00,0,0.0,0.0,0.000,0.0,0,HAYIR,HAYIR
2026-08-19 09:28:55.220,0.00,0.00,0,0.0,0.0,0.000,0.0,0,HAYIR,HAYIR
2026-08-19 09:28:55.240,0.00,0.00,0,0.0,0.0,0.000,0.0,0,HAYIR,HAYIR
2026-08-19 09:28:55.260,0.00,0.00,0,0.0,0.0,0.000,0.0,0,HAYIR,HAYIR
2026-08-19 09:28:55.280,0.00,0.00,0,0.0,0.0,0.000,0.0,0,HAYIR,HAYIR
2026-08-19 09:28:55.300,0.00,0.00,0,0.0,0.0,0.000,0.0,0,HAYIR,HAYIR
2026-08-19 09:28:55.320,0.00,0.00,0,0.0,0.0,0.000,0.0,0,HAYIR,HAYIR
2026-08-19 09:28:55.340,0.00,0.00,0,0.0,0.0,0.000,0.0,0,HAYIR,HAYIR
2026-08-19 09:28:55.361,0.00,0.00,0,0.0,0.0,0.000,0.0,0,HAYIR,HAYIR
2026-08-19 09:28:55.380,0.00,0.00,0,0.0,0.0,0.000,0.0,0,HAYIR,HAYIR
2026-08-19 09:28:55.400,0.00,0.00,0,0.0,0.0,0.000,0.0,0,HAYIR,HAYIR
2026-08-19 09:28:55.420,0.00,0.00,0,0.0,0.0,0.000,0.0,0,HAYIR,HAYIR
2026-08-19 09:28:55.440,0.00,0.00,0,0.0,0.0,0.000,0.0,0,HAYIR,HAYIR
2026-08-19 09:28:55.460,0.00,0.00,0,0.0,0.0,0.000,0.0,0,HAYIR,HAYIR
2026-08-19 09:28:55.480,0.00,0.00,0,0.0,0.0,0.000,0.0,0,HAYIR,HAYIR
2026-08-19 09:28:55.500,0.00,0.00,0,0.0,0.0,0.000,0.0,0,HAYIR,HAYIR
2026-08-19 09:28:55.520,0.00,0.00,0,0.0,0.0,0.000,0.0,0,HAYIR,HAYIR
2026-08-19 09:28:55.540,0.00,0.00,0,0.0,0.0,0.000,0.0,0,HAYIR,HAYIR
2026-08-19 09:28:55.560,0.00,0.00,0,0.0,0.0,0.000,0.0,0,HAYIR,HAYIR
2026-08-19 09:28:55.580,0.00,0.00,0,0.0,0.0,0.000,0.0,0,HAYIR,HAYIR
2026-08-19 09:28:55.600,0.00,0.00,0,0.0,0.0,0.000,0.0,0,HAYIR,HAYIR
2026-08-19 09:28:55.620,0.00,0.00,0,0.0,0.0,0.000,0.0,0,HAYIR,HAYIR
2026-08-19 09:28:55.640,0.00,0.00,0,0.0,0.0,0.000,0.0,0,HAYIR,HAYIR
2026-08-19 09:28:55.660,0.00,0.00,0,0.0,0.0,0.000,0.0,0,HAYIR,HAYIR
2026-08-19 09:28:55.680,0.00,0.00,0,0.0,0.0,0.000,0.0,0,HAYIR,HAYIR
2026-08-19 09:28:55.700,0.00,0.00,0,0.0,0.0,0.000,0.0,0,HAYIR,HAYIR
2026-08-19 09:28:55.720,0.00,0.00,0,0.0,0.0,0.000,0.0,0,HAYIR,HAYIR
2026-08-19 09:28:55.740,0.00,0.00,0,0.0,0.0,0.000,0.0,0,HAYIR,HAYIR
2026-08-19 09:28:55.761,0.00,0.00,0,0.0,0.0,0.000,0.0,0,HAYIR,HAYIR
2026-08-19 09:28:55.780,0.00,0.00,0,0.0,0.0,0.000,0.0,0,HAYIR,HAYIR
2026-08-19 09:28:55.800,0.00,0.00,0,0.0,0.0,0.000,0.0,0,HAYIR,HAYIR
2026-08-19 09:28:55.820,0.00,0.00,0,0.0,0.0,0.000,0.0,0,HAYIR,HAYIR
2026-08-19 09:28:55.840,0.00,0.00,0,0.0,0.0,0.000,0.0,0,HAYIR,HAYIR
2026-08-19 09:28:55.860,0.00,0.00,0,0.0,0.0,0.000,0.0,0,HAYIR,HAYIR
2026-08-19 09:28:55.880,0.00,0.00,0,0.0,0.0,0.000,0.0,0,HAYIR,HAYIR
2026-08-19 09:28:55.900,0.00,0.00,0,0.0,0.0,0.000,0.0,0,HAYIR,HAYIR
2026-08-19 09:28:55.920,0.00,0.00,0,0.0,0.0,0.000,0.0,0,HAYIR,HAYIR
2026-08-19 09:28:55.940,0.00,0.00,0,0.0,0.0,0.000,0.0,0,HAYIR,HAYIR
2026-08-19 09:28:55.960,0.00,0.00,0,0.0,0.0,0.000,0.0,0,HAYIR,HAYIR
2026-08-19 09:28:55.980,0.00,0.00,0,0.0,0.0,0.000,0.0,0,HAYIR,HAYIR
2026-08-19 09:28:56.000,0.00,0.00,0,0.0,0.0,0.000,0.0,0,HAYIR,HAYIR
2026-08-19 09:28:56.021,0.00,0.00,0,0.0,0.0,0.000,0.0,0,HAYIR,HAYIR
2026-08-19 09:28:56.040,0.00,0.00,0,0.0,0.0,0.000,0.0,0,HAYIR,HAYIR
2026-08-19 09:28:56.060,0.00,0.00,0,0.0,0.0,0.000,0.0,0,HAYIR,HAYIR
2026-08-19 09:28:56.080,0.00,0.00,0,0.0,0.0,0.000,0.0,0,HAYIR,HAYIR
2026-08-19 09:28:56.100,0.00,0.00,0,0.0,0.0,0.000,0.0,0,HAYIR,HAYIR
2026-08-19 09:28:56.120,0.00,0.00,0,0.0,0.0,0.000,0.0,0,HAYIR,HAYIR
2026-08-19 09:28:56.140,0.00,0.00,0,0.0,0.0,0.000,0.0,0,HAYIR,HAYIR
2026-08-19 09:28:56.161,0.00,0.00,0,0.0,0.0,0.000,0.0,0,HAYIR,HAYIR
2026-08-19 09:28:56.180,0.00,0.00,0,0.0,0.0,0.000,0.0,0,HAYIR,HAYIR
2026-08-19 09:28:56.201,0.00,0.00,0,0.0,0.0,0.000,0.0,0,HAYIR,HAYIR
2026-08-19 09:28:56.221,0.00,0.00,0,0.0,0.0,0.000,0.0,0,HAYIR,HAYIR
2026-08-19 09:28:56.240,0.00,0.00,0,0.0,0.0,0.000,0.0,0,HAYIR,HAYIR
2026-08-19 09:28:56.261,0.00,0.00,0,0.0,0.0,0.000,0.0,0,HAYIR,HAYIR
2026-08-19 09:28:56.280,0.00,0.00,0,0.0,0.0,0.000,0.0,0,HAYIR,HAYIR
2026-08-19 09:28:56.300,0.00,0.00,0,0.0,0.0,0.000,0.0,0,HAYIR,HAYIR
2026-08-19 09:28:56.320,0.00,0.00,0,0.0,0.0,0.000,0.0,0,HAYIR,HAYIR
2026-08-19 09:28:56.340,0.00,0.00,0,0.0,0.0,0.000,0.0,0,HAYIR,HAYIR
2026-08-19 09:28:56.360,0.00,0.00,0,0.0,0.0,0.000,0.0,0,HAYIR,HAYIR
2026-08-19 09:28:56.380,0.00,0.00,0,0.0,0.0,0.000,0.0,0,HAYIR,HAYIR
2026-08-19 09:28:56.400,0.00,0.00,0,0.0,0.0,0.000,0.0,0,HAYIR,HAYIR
2026-08-19 09:28:56.420,0.00,0.00,0,0.0,0.0,0.000,0.0,0,HAYIR,HAYIR
2026-08-19 09:28:56.440,0.00,0.00,0,0.0,0.0,0.000,0.0,0,HAYIR,HAYIR
2026-08-19 09:28:56.460,0.00,0.00,0,0.0,0.0,0.000,0.0,0,HAYIR,HAYIR
2026-08-19 09:28:56.480,0.00,0.00,0,0.0,0.0,0.000,0.0,0,HAYIR,HAYIR
2026-08-19 09:28:56.500,0.00,0.00,0,0.0,0.0,0.000,0.0,0,HAYIR,HAYIR
2026-08-19 09:28:56.520,0.00,0.00,0,0.0,0.0,0.000,0.0,0,HAYIR,HAYIR
2026-08-19 09:28:56.540,0.00,0.00,0,0.0,0.0,0.000,0.0,0,HAYIR,HAYIR
2026-08-19 09:28:56.560,0.00,0.00,0,0.0,0.0,0.000,0.0,0,HAYIR,HAYIR
2026-08-19 09:28:56.580,0.00,0.00,0,0.0,0.0,0.000,0.0,0,HAYIR,HAYIR
2026-08-19 09:28:56.600,0.00,0.00,0,0.0,0.0,0.000,0.0,0,HAYIR,HAYIR
2026-08-19 09:28:56.620,0.00,0.00,0,0.0,0.0,0.000,0.0,0,HAYIR,HAYIR
2026-08-19 09:28:56.640,0.00,0.00,0,0.0,0.0,0.000,0.0,0,HAYIR,HAYIR
2026-08-19 09:28:56.660,0.00,0.00,0,0.0,0.0,0.000,0.0,0,HAYIR,HAYIR
2026-08-19 09:28:56.680,0.00,0.00,0,0.0,0.0,0.000,0.0,0,HAYIR,HAYIR
2026-08-19 09:28:56.700,0.00,0.00,0,0.0,0.0,0.000,0.0,0,HAYIR,HAYIR
2026-08-19 09:28:56.720,0.00,0.00,0,0.0,0.0,0.000,0.0,0,HAYIR,HAYIR
2026-08-19 09:28:56.740,0.00,0.00,0,0.0,0.0,0.000,0.0,0,HAYIR,HAYIR
2026-08-19 09:28:56.760,0.00,0.00,0,0.0,0.0,0.000,0.0,0,HAYIR,HAYIR
2026-08-19 09:28:56.780,0.00,0.00,0,0.0,0.0,0.000,0.0,0,HAYIR,HAYIR
2026-08-19 09:28:56.800,0.00,0.00,0,0.0,0.0,0.000,0.0,0,HAYIR,HAYIR
2026-08-19 09:28:56.820,0.00,0.00,0,0.0,0.0,0.000,0.0,0,HAYIR,HAYIR
2026-08-19 09:28:56.840,0.00,0.00,0,0.0,0.0,0.000,0.0,0,HAYIR,HAYIR
2026-08-19 09:28:56.860,0.00,0.00,0,0.0,0.0,0.000,0.0,0,HAYIR,HAYIR
2026-08-19 09:28:56.880,0.00,0.00,0,0.0,0.0,0.000,0.0,0,HAYIR,HAYIR
2026-08-19 09:28:56.900,0.00,0.00,0,0.0,0.0,0.000,0.0,0,HAYIR,HAYIR
2026-08-19 09:28:56.920,0.00,0.00,0,0.0,0.0,0.000,0.0,0,HAYIR,HAYIR
2026-08-19 09:28:56.940,0.00,0.00,0,0.0,0.0,0.000,0.0,0,HAYIR,HAYIR
2026-08-19 09:28:56.960,0.00,0.00,0,0.0,0.0,0.000,0.0,0,HAYIR,HAYIR
2026-08-19 09:28:56.980,0.00,0.00,0,0.0,0.0,0.000,0.0,0,HAYIR,HAYIR
2026-08-19 09:28:57.000,0.00,0.00,0,0.0,0.0,0.000,0.0,0,HAYIR,HAYIR
2026-08-19 09:28:57.020,0.00,0.00,0,0.0,0.0,0.000,0.0,0,HAYIR,HAYIR
2026-08-19 09:28:57.040,0.00,0.00,0,0.0,0.0,0.000,0.0,0,HAYIR,HAYIR
2026-08-19 09:28:57.060,0.00,0.00,0,0.0,0.0,0.000,0.0,0,HAYIR,HAYIR
2026-08-19 09:28:57.080,0.00,0.00,0,0.0,0.0,0.000,0.0,0,HAYIR,HAYIR
2026-08-19 09:28:57.100,0.00,0.00,0,0.0,0.0,0.000,0.0,0,HAYIR,HAYIR
2026-08-19 09:28:57.120,0.00,0.00,0,0.0,0.0,0.000,0.0,0,HAYIR,HAYIR
2026-08-19 09:28:57.140,0.00,0.00,0,0.0,0.0,0.000,0.0,0,HAYIR,HAYIR
2026-08-19 09:28:57.160,0.00,0.00,0,0.0,0.0,0.000,0.0,0,HAYIR,HAYIR
2026-08-19 09:28:57.180,0.00,0.00,0,0.0,0.0,0.000,0.0,0,HAYIR,HAYIR
2026-08-19 09:28:57.200,0.00,0.00,0,0.0,0.0,0.000,0.0,0,HAYIR,HAYIR
2026-08-19 09:28:57.220,0.00,0.00,0,0.0,0.0,0.000,0.0,0,HAYIR,HAYIR
2026-08-19 09:28:57.240,0.00,0.00,0,0.0,0.0,0.000,0.0,0,HAYIR,HAYIR
2026-08-19 09:28:57.260,0.00,0.00,0,0.0,0.0,0.000,0.0,0,HAYIR,HAYIR
2026-08-19 09:28:57.280,0.00,0.00,0,0.0,0.0,0.000,0.0,0,HAYIR,HAYIR
2026-08-19 09:28:57.300,0.00,0.00,0,0.0,0.0,0.000,0.0,0,HAYIR,HAYIR
2026-08-19 09:28:57.320,0.00,0.00,0,0.0,0.0,0.000,0.0,0,HAYIR,HAYIR
2026-08-19 09:28:57.340,0.00,0.00,0,0.0,0.0,0.000,0.0,0,HAYIR,HAYIR
2026-08-19 09:28:57.360,0.00,0.00,0,0.0,0.0,0.000,0.0,0,HAYIR,HAYIR
2026-08-19 09:28:57.380,0.00,0.00,0,0.0,0.0,0.000,0.0,0,HAYIR,HAYIR
2026-08-19 09:28:57.400,0.00,0.00,0,0.0,0.0,0.000,0.0,0,HAYIR,HAYIR
2026-08-19 09:28:57.420,0.00,0.00,0,0.0,0.0,0.000,0.0,0,HAYIR,HAYIR
2026-08-19 09:28:57.440,0.00,0.00,0,0.0,0.0,0.000,0.0,0,HAYIR,HAYIR
2026-08-19 09:28:57.460,0.00,0.00,0,0.0,0.0,0.000,0.0,0,HAYIR,HAYIR
2026-08-19 09:28:57.480,0.00,0.00,0,0.0,0.0,0.000,0.0,0,HAYIR,HAYIR
2026-08-19 09:28:57.500,0.00,0.00,0,0.0,0.0,0.000,0.0,0,HAYIR,HAYIR
2026-08-19 09:28:57.520,0.00,0.00,0,0.0,0.0,0.000,0.0,0,HAYIR,HAYIR
2026-08-19 09:28:57.540,0.00,0.00,0,0.0,0.0,0.000,0.0,0,HAYIR,HAYIR
2026-08-19 09:28:57.561,0.00,0.00,0,0.0,0.0,0.000,0.0,0,HAYIR,HAYIR
2026-08-19 09:28:57.580,0.00,0.00,0,0.0,0.0,0.000,0.0,0,HAYIR,HAYIR
2026-08-19 09:28:57.600,0.00,0.00,0,0.0,0.0,0.000,0.0,0,HAYIR,HAYIR
2026-08-19 09:28:57.620,0.00,0.00,0,0.0,0.0,0.000,0.0,0,HAYIR,HAYIR
2026-08-19 09:28:57.640,0.00,0.00,0,0.0,0.0,0.000,0.0,0,HAYIR,HAYIR
2026-08-19 09:28:57.660,0.00,0.00,0,0.0,0.0,0.000,0.0,0,HAYIR,HAYIR
2026-08-19 09:28:57.680,0.00,0.00,0,0.0,0.0,0.000,0.0,0,HAYIR,HAYIR
2026-08-19 09:28:57.700,0.00,0.00,0,0.0,0.0,0.000,0.0,0,HAYIR,HAYIR
2026-08-19 09:28:57.720,0.00,0.00,0,0.0,0.0,0.000,0.0,0,HAYIR,HAYIR
2026-08-19 09:28:57.740,0.00,0.00,0,0.0,0.0,0.000,0.0,0,HAYIR,HAYIR
2026-08-19 09:28:57.761,0.00,0.00,0,0.0,0.0,0.000,0.0,0,HAYIR,HAYIR
2026-08-19 09:28:57.780,0.00,0.00,0,0.0,0.0,0.000,0.0,0,HAYIR,HAYIR
2026-08-19 09:28:57.800,0.00,0.00,0,0.0,0.0,0.000,0.0,0,HAYIR,HAYIR
2026-08-19 09:28:57.821,0.00,0.00,0,0.0,0.0,0.000,0.0,0,HAYIR,HAYIR
2026-08-19 09:28:57.841,0.00,0.00,0,0.0,0.0,0.000,0.0,0,HAYIR,HAYIR
2026-08-19 09:28:57.860,0.00,0.00,0,0.0,0.0,0.000,0.0,0,HAYIR,HAYIR
2026-08-19 09:28:57.880,0.00,0.00,0,0.0,0.0,0.000,0.0,0,HAYIR,HAYIR
2026-08-19 09:28:57.900,0.00,0.00,0,0.0,0.0,0.000,0.0,0,HAYIR,HAYIR
2026-08-19 09:28:57.920,0.00,0.00,0,0.0,0.0,0.000,0.0,0,HAYIR,HAYIR
2026-08-19 09:28:57.940,0.00,0.00,0,0.0,0.0,0.000,0.0,0,HAYIR,HAYIR
2026-08-19 09:28:57.960,0.00,0.00,0,0.0,0.0,0.000,0.0,0,HAYIR,HAYIR
2026-08-19 09:28:57.980,0.00,0.00,0,0.0,0.0,0.000,0.0,0,HAYIR,HAYIR
2026-08-19 09:28:58.000,0.00,0.00,0,0.0,0.0,0.000,0.0,0,HAYIR,HAYIR
2026-08-19 09:28:58.020,0.00,0.00,0,0.0,0.0,0.000,0.0,0,HAYIR,HAYIR
2026-08-19 09:28:58.040,0.00,0.00,0,0.0,0.0,0.000,0.0,0,HAYIR,HAYIR
2026-08-19 09:28:58.061,0.00,0.00,0,0.0,0.0,0.000,0.0,0,HAYIR,HAYIR
2026-08-19 09:28:58.080,0.00,0.00,0,0.0,0.0,0.000,0.0,0,HAYIR,HAYIR
2026-08-19 09:28:58.100,0.00,0.00,0,0.0,0.0,0.000,0.0,0,HAYIR,HAYIR
2026-08-19 09:28:58.121,0.00,0.00,0,0.0,0.0,0.000,0.0,0,HAYIR,HAYIR
2026-08-19 09:28:58.140,0.00,0.00,0,0.0,0.0,0.000,0.0,0,HAYIR,HAYIR
2026-08-19 09:28:58.160,0.00,0.00,0,0.0,0.0,0.000,0.0,0,HAYIR,HAYIR
2026-08-19 09:28:58.180,0.00,0.00,0,0.0,0.0,0.000,0.0,0,HAYIR,HAYIR
2026-08-19 09:28:58.200,0.00,0.00,0,0.0,0.0,0.000,0.0,0,HAYIR,HAYIR
2026-08-19 09:28:58.220,0.00,0.00,0,0.0,0.0,0.000,0.0,0,HAYIR,HAYIR
2026-08-19 09:28:58.241,0.00,0.00,0,0.0,0.0,0.000,0.0,0,HAYIR,HAYIR
2026-08-19 09:28:58.260,0.00,0.00,0,0.0,0.0,0.000,0.0,0,HAYIR,HAYIR
2026-08-19 09:28:58.280,0.00,0.00,0,0.0,0.0,0.000,0.0,0,HAYIR,HAYIR
2026-08-19 09:28:58.300,0.00,0.00,0,0.0,0.0,0.000,0.0,0,HAYIR,HAYIR
2026-08-19 09:28:58.320,0.00,0.00,0,0.0,0.0,0.000,0.0,0,HAYIR,HAYIR
2026-08-19 09:28:58.340,0.00,0.00,0,0.0,0.0,0.000,0.0,0,HAYIR,HAYIR
2026-08-19 09:28:58.360,0.00,0.00,0,0.0,0.0,0.000,0.0,0,HAYIR,HAYIR
2026-08-19 09:28:58.380,0.00,0.00,0,0.0,0.0,0.000,0.0,0,HAYIR,HAYIR
2026-08-19 09:28:58.400,0.00,0.00,0,0.0,0.0,0.000,0.0,0,HAYIR,HAYIR
2026-08-19 09:28:58.421,0.00,0.00,0,0.0,0.0,0.000,0.0,0,HAYIR,HAYIR
2026-08-19 09:28:58.441,0.00,0.00,0,0.0,0.0,0.000,0.0,0,HAYIR,HAYIR
2026-08-19 09:28:58.460,0.00,0.00,0,0.0,0.0,0.000,0.0,0,HAYIR,HAYIR
2026-08-19 09:28:58.480,0.00,0.00,0,0.0,0.0,0.000,0.0,0,HAYIR,HAYIR
2026-08-19 09:28:58.500,0.00,0.00,0,0.0,0.0,0.000,0.0,0,HAYIR,HAYIR
2026-08-19 09:28:58.520,0.00,0.00,0,0.0,0.0,0.000,0.0,0,HAYIR,HAYIR
2026-08-19 09:28:58.540,0.00,0.00,0,0.0,0.0,0.000,0.0,0,HAYIR,HAYIR
2026-08-19 09:28:58.560,0.00,0.00,0,0.0,0.0,0.000,0.0,0,HAYIR,HAYIR
2026-08-19 09:28:58.580,0.00,0.00,0,0.0,0.0,0.000,0.0,0,HAYIR,HAYIR
2026-08-19 09:28:58.600,0.00,0.00,0,0.0,0.0,0.000,0.0,0,HAYIR,HAYIR
2026-08-19 09:28:58.620,0.00,0.00,0,0.0,0.0,0.000,0.0,0,HAYIR,HAYIR
2026-08-19 09:28:58.640,0.00,0.00,0,0.0,0.0,0.000,0.0,0,HAYIR,HAYIR
2026-08-19 09:28:58.660,0.00,0.00,0,0.0,0.0,0.000,0.0,0,HAYIR,HAYIR
2026-08-19 09:28:58.680,0.00,0.00,0,0.0,0.0,0.000,0.0,0,HAYIR,HAYIR
2026-08-19 09:28:58.700,0.00,0.00,0,0.0,0.0,0.000,0.0,0,HAYIR,HAYIR
2026-08-19 09:28:58.720,0.00,0.00,0,0.0,0.0,0.000,0.0,0,HAYIR,HAYIR
2026-08-19 09:28:58.741,0.00,0.00,0,0.0,0.0,0.000,0.0,0,HAYIR,HAYIR
2026-08-19 09:28:58.761,0.00,0.00,0,0.0,0.0,0.000,0.0,0,HAYIR,HAYIR
2026-08-19 09:28:58.780,0.00,0.00,0,0.0,0.0,0.000,0.0,0,HAYIR,HAYIR
2026-08-19 09:28:58.800,0.00,0.00,0,0.0,0.0,0.000,0.0,0,HAYIR,HAYIR
2026-08-19 09:28:58.820,0.00,0.00,0,0.0,0.0,0.000,0.0,0,HAYIR,HAYIR
2026-08-19 09:28:58.840,0.00,0.00,0,0.0,0.0,0.000,0.0,0,HAYIR,HAYIR
2026-08-19 09:28:58.860,0.00,0.00,0,0.0,0.0,0.000,0.0,0,HAYIR,HAYIR
2026-08-19 09:28:58.880,0.00,0.00,0,0.0,0.0,0.000,0.0,0,HAYIR,HAYIR
2026-08-19 09:28:58.900,0.00,0.00,0,0.0,0.0,0.000,0.0,0,HAYIR,HAYIR
2026-08-19 09:28:58.920,0.00,0.00,0,0.0,0.0,0.000,0.0,0,HAYIR,HAYIR
2026-08-19 09:28:58.940,0.00,0.00,0,0.0,0.0,0.000,0.0,0,HAYIR,HAYIR
2026-08-19 09:28:58.961,0.00,0.00,0,0.0,0.0,0.000,0.0,0,HAYIR,HAYIR
2026-08-19 09:28:58.980,0.00,0.00,0,0.0,0.0,0.000,0.0,0,HAYIR,HAYIR
2026-08-19 09:28:59.000,0.00,0.00,0,0.0,0.0,0.000,0.0,0,HAYIR,HAYIR
2026-08-19 09:28:59.020,0.00,0.00,0,0.0,0.0,0.000,0.0,0,HAYIR,HAYIR
2026-08-19 09:28:59.040,0.00,0.00,0,0.0,0.0,0.000,0.0,0,HAYIR,HAYIR
2026-08-19 09:28:59.061,0.00,0.00,0,0.0,0.0,0.000,0.0,0,HAYIR,HAYIR
2026-08-19 09:28:59.080,0.00,0.00,0,0.0,0.0,0.000,0.0,0,HAYIR,HAYIR
2026-08-19 09:28:59.101,0.00,0.00,0,0.0,0.0,0.000,0.0,0,HAYIR,HAYIR
2026-08-19 09:28:59.120,0.00,0.00,0,0.0,0.0,0.000,0.0,0,HAYIR,HAYIR
2026-08-19 09:28:59.140,0.00,0.00,0,0.0,0.0,0.000,0.0,0,HAYIR,HAYIR
2026-08-19 09:28:59.160,0.00,0.00,0,0.0,0.0,0.000,0.0,0,HAYIR,HAYIR
2026-08-19 09:28:59.180,0.00,0.00,0,0.0,0.0,0.000,0.0,0,HAYIR,HAYIR
2026-08-19 09:28:59.200,0.00,0.00,0,0.0,0.0,0.000,0.0,0,HAYIR,HAYIR
2026-08-19 09:28:59.220,0.00,0.00,0,0.0,0.0,0.000,0.0,0,HAYIR,HAYIR
2026-08-19 09:28:59.240,0.00,0.00,0,0.0,0.0,0.000,0.0,0,HAYIR,HAYIR
2026-08-19 09:28:59.261,0.00,0.00,0,0.0,0.0,0.000,0.0,0,HAYIR,HAYIR
2026-08-19 09:28:59.280,0.00,0.00,0,0.0,0.0,0.000,0.0,0,HAYIR,HAYIR
2026-08-19 09:28:59.300,0.00,0.00,0,0.0,0.0,0.000,0.0,0,HAYIR,HAYIR
2026-08-19 09:28:59.320,0.00,0.00,0,0.0,0.0,0.000,0.0,0,HAYIR,HAYIR
2026-08-19 09:28:59.340,0.00,0.00,0,0.0,0.0,0.000,0.0,0,HAYIR,HAYIR
2026-08-19 09:28:59.360,0.00,0.00,0,0.0,0.0,0.000,0.0,0,HAYIR,HAYIR
2026-08-19 09:28:59.380,0.00,0.00,0,0.0,0.0,0.000,0.0,0,HAYIR,HAYIR
2026-08-19 09:28:59.400,0.00,0.00,0,0.0,0.0,0.000,0.0,0,HAYIR,HAYIR
2026-08-19 09:28:59.420,0.00,0.00,0,0.0,0.0,0.000,0.0,0,HAYIR,HAYIR
2026-08-19 09:28:59.440,0.00,0.00,0,0.0,0.0,0.000,0.0,0,HAYIR,HAYIR
2026-08-19 09:28:59.461,0.00,0.00,0,0.0,0.0,0.000,0.0,0,HAYIR,HAYIR
2026-08-19 09:28:59.480,0.00,0.00,0,0.0,0.0,0.000,0.0,0,HAYIR,HAYIR
2026-08-19 09:28:59.501,0.00,0.00,0,0.0,0.0,0.000,0.0,0,HAYIR,HAYIR
2026-08-19 09:28:59.520,0.00,0.00,0,0.0,0.0,0.000,0.0,0,HAYIR,HAYIR
2026-08-19 09:28:59.540,0.00,0.00,0,0.0,0.0,0.000,0.0,0,HAYIR,HAYIR
2026-08-19 09:28:59.560,0.00,0.00,0,0.0,0.0,0.000,0.0,0,HAYIR,HAYIR
2026-08-19 09:28:59.580,0.00,0.00,0,0.0,0.0,0.000,0.0,0,HAYIR,HAYIR
2026-08-19 09:28:59.600,0.00,0.00,0,0.0,0.0,0.000,0.0,0,HAYIR,HAYIR
2026-08-19 09:28:59.620,0.00,0.00,0,0.0,0.0,0.000,0.0,0,HAYIR,HAYIR
2026-08-19 09:28:59.640,0.00,0.00,0,0.0,0.0,0.000,0.0,0,HAYIR,HAYIR
2026-08-19 09:28:59.660,0.00,0.00,0,0.0,0.0,0.000,0.0,0,HAYIR,HAYIR
2026-08-19 09:28:59.680,0.00,0.00,0,0.0,0.0,0.000,0.0,0,HAYIR,HAYIR
2026-08-19 09:28:59.700,0.00,0.00,0,0.0,0.0,0.000,0.0,0,HAYIR,HAYIR
2026-08-19 09:28:59.720,0.00,0.00,0,0.0,0.0,0.000,0.0,0,HAYIR,HAYIR
2026-08-19 09:28:59.740,0.00,0.00,0,0.0,0.0,0.000,0.0,0,HAYIR,HAYIR
2026-08-19 09:28:59.761,0.00,0.00,0,0.0,0.0,0.000,0.0,0,HAYIR,HAYIR
2026-08-19 09:28:59.780,0.00,0.00,0,0.0,0.0,0.000,0.0,0,HAYIR,HAYIR
2026-08-19 09:28:59.800,0.00,0.00,0,0.0,0.0,0.000,0.0,0,HAYIR,HAYIR
2026-08-19 09:28:59.821,0.00,0.00,0,0.0,0.0,0.000,0.0,0,HAYIR,HAYIR
2026-08-19 09:28:59.840,0.00,0.00,0,0.0,0.0,0.000,0.0,0,HAYIR,HAYIR
2026-08-19 09:28:59.860,0.00,0.00,0,0.0,0.0,0.000,0.0,0,HAYIR,HAYIR
2026-08-19 09:28:59.880,0.00,0.00,0,0.0,0.0,0.000,0.0,0,HAYIR,HAYIR
2026-08-19 09:28:59.900,0.00,0.00,0,0.0,0.0,0.000,0.0,0,HAYIR,HAYIR
2026-08-19 09:28:59.920,0.00,0.00,0,0.0,0.0,0.000,0.0,0,HAYIR,HAYIR
2026-08-19 09:28:59.940,0.00,0.00,0,0.0,0.0,0.000,0.0,0,HAYIR,HAYIR
2026-08-19 09:28:59.960,0.00,0.00,0,0.0,0.0,0.000,0.0,0,HAYIR,HAYIR
2026-08-19 09:28:59.980,0.00,0.00,0,0.0,0.0,0.000,0.0,0,HAYIR,HAYIR
2026-08-19 09:29:00.000,0.00,0.00,0,0.0,0.0,0.000,0.0,0,HAYIR,HAYIR
2026-08-19 09:29:00.020,0.00,0.00,0,0.0,0.0,0.000,0.0,0,HAYIR,HAYIR
2026-08-19 09:29:00.040,0.00,0.00,0,0.0,0.0,0.000,0.0,0,HAYIR,HAYIR
2026-08-19 09:29:00.060,0.00,0.00,0,0.0,0.0,0.000,0.0,0,HAYIR,HAYIR
2026-08-19 09:29:00.080,0.00,0.00,0,0.0,0.0,0.000,0.0,0,HAYIR,HAYIR
2026-08-19 09:29:00.100,0.00,0.00,0,0.0,0.0,0.000,0.0,0,HAYIR,HAYIR
2026-08-19 09:29:00.120,0.00,0.00,0,0.0,0.0,0.000,0.0,0,HAYIR,HAYIR
2026-08-19 09:29:00.140,0.00,0.00,0,0.0,0.0,0.000,0.0,0,HAYIR,HAYIR
2026-08-19 09:29:00.160,0.00,0.00,0,0.0,0.0,0.000,0.0,0,HAYIR,HAYIR
2026-08-19 09:29:00.180,0.00,0.00,0,0.0,0.0,0.000,0.0,0,HAYIR,HAYIR
2026-08-19 09:29:00.200,0.00,0.00,0,0.0,0.0,0.000,0.0,0,HAYIR,HAYIR
2026-08-19 09:29:00.220,0.00,0.00,0,0.0,0.0,0.000,0.0,0,HAYIR,HAYIR
2026-08-19 09:29:00.240,0.00,0.00,0,0.0,0.0,0.000,0.0,0,HAYIR,HAYIR
2026-08-19 09:29:00.260,0.00,0.00,0,0.0,0.0,0.000,0.0,0,HAYIR,HAYIR
2026-08-19 09:29:00.280,0.00,0.00,0,0.0,0.0,0.000,0.0,0,HAYIR,HAYIR
2026-08-19 09:29:00.300,0.00,0.00,0,0.0,0.0,0.000,0.0,0,HAYIR,HAYIR
2026-08-19 09:29:00.320,0.00,0.00,0,0.0,0.0,0.000,0.0,0,HAYIR,HAYIR
2026-08-19 09:29:00.340,0.00,0.00,0,0.0,0.0,0.000,0.0,0,HAYIR,HAYIR
2026-08-19 09:29:00.360,0.00,0.00,0,0.0,0.0,0.000,0.0,0,HAYIR,HAYIR
2026-08-19 09:29:00.380,0.00,0.00,0,0.0,0.0,0.000,0.0,0,HAYIR,HAYIR
2026-08-19 09:29:00.400,0.00,0.00,0,0.0,0.0,0.000,0.0,0,HAYIR,HAYIR
2026-08-19 09:29:00.420,0.00,0.00,0,0.0,0.0,0.000,0.0,0,HAYIR,HAYIR
2026-08-19 09:29:00.440,0.00,0.00,0,0.0,0.0,0.000,0.0,0,HAYIR,HAYIR
2026-08-19 09:29:00.460,0.00,0.00,0,0.0,0.0,0.000,0.0,0,HAYIR,HAYIR
2026-08-19 09:29:00.480,0.00,0.00,0,0.0,0.0,0.000,0.0,0,HAYIR,HAYIR
2026-08-19 09:29:00.500,0.00,0.00,0,0.0,0.0,0.000,0.0,0,HAYIR,HAYIR
2026-08-19 09:29:00.520,0.00,0.00,0,0.0,0.0,0.000,0.0,0,HAYIR,HAYIR
2026-08-19 09:29:00.540,0.00,0.00,0,0.0,0.0,0.000,0.0,0,HAYIR,HAYIR
2026-08-19 09:29:00.560,0.00,0.00,0,0.0,0.0,0.000,0.0,0,HAYIR,HAYIR
2026-08-19 09:29:00.580,0.00,0.00,0,0.0,0.0,0.000,0.0,0,HAYIR,HAYIR
2026-08-19 09:29:00.600,0.00,0.00,0,0.0,0.0,0.000,0.0,0,HAYIR,HAYIR
2026-08-19 09:29:00.620,0.00,0.00,0,0.0,0.0,0.000,0.0,0,HAYIR,HAYIR
2026-08-19 09:29:00.640,0.00,0.00,0,0.0,0.0,0.000,0.0,0,HAYIR,HAYIR
2026-08-19 09:29:00.660,0.00,0.00,0,0.0,0.0,0.000,0.0,0,HAYIR,HAYIR
2026-08-19 09:29:00.680,0.00,0.00,0,0.0,0.0,0.000,0.0,0,HAYIR,HAYIR
2026-08-19 09:29:00.700,0.00,0.00,0,0.0,0.0,0.000,0.0,0,HAYIR,HAYIR
2026-08-19 09:29:00.720,0.00,0.00,0,0.0,0.0,0.000,0.0,0,HAYIR,HAYIR
2026-08-19 09:29:00.740,0.00,0.00,0,0.0,0.0,0.000,0.0,0,HAYIR,HAYIR
2026-08-19 09:29:00.760,0.00,0.00,0,0.0,0.0,0.000,0.0,0,HAYIR,HAYIR
2026-08-19 09:29:00.780,0.00,0.00,0,0.0,0.0,0.000,0.0,0,HAYIR,HAYIR
2026-08-19 09:29:00.800,0.00,0.00,0,0.0,0.0,0.000,0.0,0,HAYIR,HAYIR
2026-08-19 09:29:00.820,0.00,0.00,0,0.0,0.0,0.000,0.0,0,HAYIR,HAYIR
2026-08-19 09:29:00.840,0.00,0.00,0,0.0,0.0,0.000,0.0,0,HAYIR,HAYIR
2026-08-19 09:29:00.860,0.00,0.00,0,0.0,0.0,0.000,0.0,0,HAYIR,HAYIR
2026-08-19 09:29:00.880,0.00,0.00,0,0.0,0.0,0.000,0.0,0,HAYIR,HAYIR
2026-08-19 09:29:00.900,0.00,0.00,0,0.0,0.0,0.000,0.0,0,HAYIR,HAYIR
2026-08-19 09:29:00.920,0.00,0.00,0,0.0,0.0,0.000,0.0,0,HAYIR,HAYIR
2026-08-19 09:29:00.940,0.00,0.00,0,0.0,0.0,0.000,0.0,0,HAYIR,HAYIR
2026-08-19 09:29:00.960,0.00,0.00,0,0.0,0.0,0.000,0.0,0,HAYIR,HAYIR
2026-08-19 09:29:00.980,0.00,0.00,0,0.0,0.0,0.000,0.0,0,HAYIR,HAYIR
2026-08-19 09:29:01.000,0.00,0.00,0,0.0,0.0,0.000,0.0,0,HAYIR,HAYIR
2026-08-19 09:29:01.021,0.00,0.00,0,0.0,0.0,0.000,0.0,0,HAYIR,HAYIR
2026-08-19 09:29:01.041,0.00,0.00,0,0.0,0.0,0.000,0.0,0,HAYIR,HAYIR
2026-08-19 09:29:01.060,0.00,0.00,0,0.0,0.0,0.000,0.0,0,HAYIR,HAYIR
2026-08-19 09:29:01.080,0.00,0.00,0,0.0,0.0,0.000,0.0,0,HAYIR,HAYIR
2026-08-19 09:29:01.100,0.00,0.00,0,0.0,0.0,0.000,0.0,0,HAYIR,HAYIR
2026-08-19 09:29:01.120,0.00,0.00,0,0.0,0.0,0.000,0.0,0,HAYIR,HAYIR
2026-08-19 09:29:01.140,0.00,0.00,0,0.0,0.0,0.000,0.0,0,HAYIR,HAYIR
2026-08-19 09:29:01.160,0.00,0.00,0,0.0,0.0,0.000,0.0,0,HAYIR,HAYIR
2026-08-19 09:29:01.180,0.00,0.00,0,0.0,0.0,0.000,0.0,0,HAYIR,HAYIR
2026-08-19 09:29:01.201,0.00,0.00,0,0.0,0.0,0.000,0.0,0,HAYIR,HAYIR
2026-08-19 09:29:01.220,0.00,0.00,0,0.0,0.0,0.000,0.0,0,HAYIR,HAYIR
2026-08-19 09:29:01.241,0.00,0.00,0,0.0,0.0,0.000,0.0,0,HAYIR,HAYIR
2026-08-19 09:29:01.260,0.00,0.00,0,0.0,0.0,0.000,0.0,0,HAYIR,HAYIR
2026-08-19 09:29:01.280,0.00,0.00,0,0.0,0.0,0.000,0.0,0,HAYIR,HAYIR
2026-08-19 09:29:01.300,0.00,0.00,0,0.0,0.0,0.000,0.0,0,HAYIR,HAYIR
2026-08-19 09:29:01.320,0.00,0.00,0,0.0,0.0,0.000,0.0,0,HAYIR,HAYIR
2026-08-19 09:29:01.340,0.00,0.00,0,0.0,0.0,0.000,0.0,0,HAYIR,HAYIR
2026-08-19 09:29:01.360,0.00,0.00,0,0.0,0.0,0.000,0.0,0,HAYIR,HAYIR
2026-08-19 09:29:01.380,0.00,0.00,0,0.0,0.0,0.000,0.0,0,HAYIR,HAYIR
2026-08-19 09:29:01.400,0.00,0.00,0,0.0,0.0,0.000,0.0,0,HAYIR,HAYIR
2026-08-19 09:29:01.420,0.00,0.00,0,0.0,0.0,0.000,0.0,0,HAYIR,HAYIR
2026-08-19 09:29:01.440,0.00,0.00,0,0.0,0.0,0.000,0.0,0,HAYIR,HAYIR
2026-08-19 09:29:01.460,0.00,0.00,0,0.0,0.0,0.000,0.0,0,HAYIR,HAYIR
2026-08-19 09:29:01.480,0.00,0.00,0,0.0,0.0,0.000,0.0,0,HAYIR,HAYIR
2026-08-19 09:29:01.500,0.00,0.00,0,0.0,0.0,0.000,0.0,0,HAYIR,HAYIR
2026-08-19 09:29:01.520,0.00,0.00,0,0.0,0.0,0.000,0.0,0,HAYIR,HAYIR
2026-08-19 09:29:01.540,0.00,0.00,0,0.0,0.0,0.000,0.0,0,HAYIR,HAYIR
2026-08-19 09:29:01.560,0.00,0.00,0,0.0,0.0,0.000,0.0,0,HAYIR,HAYIR
2026-08-19 09:29:01.580,0.00,0.00,0,0.0,0.0,0.000,0.0,0,HAYIR,HAYIR
2026-08-19 09:29:01.600,0.00,0.00,0,0.0,0.0,0.000,0.0,0,HAYIR,HAYIR
2026-08-19 09:29:01.620,0.00,0.00,0,0.0,0.0,0.000,0.0,0,HAYIR,HAYIR
2026-08-19 09:29:01.640,0.00,0.00,0,0.0,0.0,0.000,0.0,0,HAYIR,HAYIR
2026-08-19 09:29:01.660,0.00,0.00,0,0.0,0.0,0.000,0.0,0,HAYIR,HAYIR
2026-08-19 09:29:01.680,0.00,0.00,0,0.0,0.0,0.000,0.0,0,HAYIR,HAYIR
2026-08-19 09:29:01.700,0.00,0.00,0,0.0,0.0,0.000,0.0,0,HAYIR,HAYIR
2026-08-19 09:29:01.721,0.00,0.00,0,0.0,0.0,0.000,0.0,0,HAYIR,HAYIR
2026-08-19 09:29:01.741,0.00,0.00,0,0.0,0.0,0.000,0.0,0,HAYIR,HAYIR
2026-08-19 09:29:01.760,0.00,0.00,0,0.0,0.0,0.000,0.0,0,HAYIR,HAYIR
2026-08-19 09:29:01.780,0.00,0.00,0,0.0,0.0,0.000,0.0,0,HAYIR,HAYIR
2026-08-19 09:29:01.800,0.00,0.00,0,0.0,0.0,0.000,0.0,0,HAYIR,HAYIR
2026-08-19 09:29:01.820,0.00,0.00,0,0.0,0.0,0.000,0.0,0,HAYIR,HAYIR
2026-08-19 09:29:01.841,0.00,0.00,0,0.0,0.0,0.000,0.0,0,HAYIR,HAYIR
2026-08-19 09:29:01.860,0.00,0.00,0,0.0,0.0,0.000,0.0,0,HAYIR,HAYIR
2026-08-19 09:29:01.880,0.00,0.00,0,0.0,0.0,0.000,0.0,0,HAYIR,HAYIR
2026-08-19 09:29:01.900,0.00,0.00,0,0.0,0.0,0.000,0.0,0,HAYIR,HAYIR
2026-08-19 09:29:01.920,0.00,0.00,0,0.0,0.0,0.000,0.0,0,HAYIR,HAYIR
2026-08-19 09:29:01.941,0.00,0.00,0,0.0,0.0,0.000,0.0,0,HAYIR,HAYIR
2026-08-19 09:29:01.960,0.00,0.00,0,0.0,0.0,0.000,0.0,0,HAYIR,HAYIR
2026-08-19 09:29:01.980,0.00,0.00,0,0.0,0.0,0.000,0.0,0,HAYIR,HAYIR
2026-08-19 09:29:02.000,0.00,0.00,0,0.0,0.0,0.000,0.0,0,HAYIR,HAYIR
2026-08-19 09:29:02.020,0.00,0.00,0,0.0,0.0,0.000,0.0,0,HAYIR,HAYIR
2026-08-19 09:29:02.040,0.00,0.00,0,0.0,0.0,0.000,0.0,0,HAYIR,HAYIR
2026-08-19 09:29:02.060,0.00,0.00,0,0.0,0.0,0.000,0.0,0,HAYIR,HAYIR
2026-08-19 09:29:02.080,0.00,0.00,0,0.0,0.0,0.000,0.0,0,HAYIR,HAYIR
2026-08-19 09:29:02.100,0.00,0.00,0,0.0,0.0,0.000,0.0,0,HAYIR,HAYIR
2026-08-19 09:29:02.120,0.00,0.00,0,0.0,0.0,0.000,0.0,0,HAYIR,HAYIR
2026-08-19 09:29:02.140,0.00,0.00,0,0.0,0.0,0.000,0.0,0,HAYIR,HAYIR
2026-08-19 09:29:02.160,0.00,0.00,0,0.0,0.0,0.000,0.0,0,HAYIR,HAYIR
2026-08-19 09:29:02.180,0.00,0.00,0,0.0,0.0,0.000,0.0,0,HAYIR,HAYIR
2026-08-19 09:29:02.200,0.00,0.00,0,0.0,0.0,0.000,0.0,0,HAYIR,HAYIR
2026-08-19 09:29:02.220,0.00,0.00,0,0.0,0.0,0.000,0.0,0,HAYIR,HAYIR
2026-08-19 09:29:02.240,0.00,0.00,0,0.0,0.0,0.000,0.0,0,HAYIR,HAYIR
2026-08-19 09:29:02.260,0.00,0.00,0,0.0,0.0,0.000,0.0,0,HAYIR,HAYIR
2026-08-19 09:29:02.280,0.00,0.00,0,0.0,0.0,0.000,0.0,0,HAYIR,HAYIR
2026-08-19 09:29:02.300,0.00,0.00,0,0.0,0.0,0.000,0.0,0,HAYIR,HAYIR
2026-08-19 09:29:02.320,0.00,0.00,0,0.0,0.0,0.000,0.0,0,HAYIR,HAYIR
2026-08-19 09:29:02.340,0.00,0.00,0,0.0,0.0,0.000,0.0,0,HAYIR,HAYIR
2026-08-19 09:29:02.360,0.00,0.00,0,0.0,0.0,0.000,0.0,0,HAYIR,HAYIR
2026-08-19 09:29:02.380,0.00,0.00,0,0.0,0.0,0.000,0.0,0,HAYIR,HAYIR
2026-08-19 09:29:02.400,0.00,0.00,0,0.0,0.0,0.000,0.0,0,HAYIR,HAYIR
2026-08-19 09:29:02.420,0.00,0.00,0,0.0,0.0,0.000,0.0,0,HAYIR,HAYIR
2026-08-19 09:29:02.440,0.00,0.00,0,0.0,0.0,0.000,0.0,0,HAYIR,HAYIR
2026-08-19 09:29:02.460,0.00,0.00,0,0.0,0.0,0.000,0.0,0,HAYIR,HAYIR
2026-08-19 09:29:02.480,0.00,0.00,0,0.0,0.0,0.000,0.0,0,HAYIR,HAYIR
2026-08-19 09:29:02.500,0.00,0.00,0,0.0,0.0,0.000,0.0,0,HAYIR,HAYIR
2026-08-19 09:29:02.520,0.00,0.00,0,0.0,0.0,0.000,0.0,0,HAYIR,HAYIR
2026-08-19 09:29:02.540,0.00,0.00,0,0.0,0.0,0.000,0.0,0,HAYIR,HAYIR
2026-08-19 09:29:02.561,0.00,0.00,0,0.0,0.0,0.000,0.0,0,HAYIR,HAYIR
2026-08-19 09:29:02.580,0.00,0.00,0,0.0,0.0,0.000,0.0,0,HAYIR,HAYIR
2026-08-19 09:29:02.601,0.00,0.00,0,0.0,0.0,0.000,0.0,0,HAYIR,HAYIR
2026-08-19 09:29:02.621,0.00,0.00,0,0.0,0.0,0.000,0.0,0,HAYIR,HAYIR
2026-08-19 09:29:02.640,0.00,0.00,0,0.0,0.0,0.000,0.0,0,HAYIR,HAYIR
2026-08-19 09:29:02.660,0.00,0.00,0,0.0,0.0,0.000,0.0,0,HAYIR,HAYIR
2026-08-19 09:29:02.680,0.00,0.00,0,0.0,0.0,0.000,0.0,0,HAYIR,HAYIR
2026-08-19 09:29:02.700,0.00,0.00,0,0.0,0.0,0.000,0.0,0,HAYIR,HAYIR
2026-08-19 09:29:02.720,0.00,0.00,0,0.0,0.0,0.000,0.0,0,HAYIR,HAYIR
2026-08-19 09:29:02.740,0.00,0.00,0,0.0,0.0,0.000,0.0,0,HAYIR,HAYIR
2026-08-19 09:29:02.760,0.00,0.00,0,0.0,0.0,0.000,0.0,0,HAYIR,HAYIR
2026-08-19 09:29:02.780,0.00,0.00,0,0.0,0.0,0.000,0.0,0,HAYIR,HAYIR
2026-08-19 09:29:02.800,0.00,0.00,0,0.0,0.0,0.000,0.0,0,HAYIR,HAYIR
2026-08-19 09:29:02.821,0.00,0.00,0,0.0,0.0,0.000,0.0,0,HAYIR,HAYIR
2026-08-19 09:29:02.840,0.00,0.00,0,0.0,0.0,0.000,0.0,0,HAYIR,HAYIR
2026-08-19 09:29:02.860,0.00,0.00,0,0.0,0.0,0.000,0.0,0,HAYIR,HAYIR
2026-08-19 09:29:02.880,0.00,0.00,0,0.0,0.0,0.000,0.0,0,HAYIR,HAYIR
2026-08-19 09:29:02.900,0.00,0.00,0,0.0,0.0,0.000,0.0,0,HAYIR,HAYIR
2026-08-19 09:29:02.920,0.00,0.00,0,0.0,0.0,0.000,0.0,0,HAYIR,HAYIR
2026-08-19 09:29:02.940,0.00,0.00,0,0.0,0.0,0.000,0.0,0,HAYIR,HAYIR
2026-08-19 09:29:02.960,0.00,0.00,0,0.0,0.0,0.000,0.0,0,HAYIR,HAYIR
2026-08-19 09:29:02.980,0.00,0.00,0,0.0,0.0,0.000,0.0,0,HAYIR,HAYIR
2026-08-19 09:29:03.000,0.00,0.00,0,0.0,0.0,0.000,0.0,0,HAYIR,HAYIR
2026-08-19 09:29:03.021,0.00,0.00,0,0.0,0.0,0.000,0.0,0,HAYIR,HAYIR
2026-08-19 09:29:03.040,0.00,0.00,0,0.0,0.0,0.000,0.0,0,HAYIR,HAYIR
2026-08-19 09:29:03.060,0.00,0.00,0,0.0,0.0,0.000,0.0,0,HAYIR,HAYIR
2026-08-19 09:29:03.080,0.00,0.00,0,0.0,0.0,0.000,0.0,0,HAYIR,HAYIR
2026-08-19 09:29:03.100,0.00,0.00,0,0.0,0.0,0.000,0.0,0,HAYIR,HAYIR
2026-08-19 09:29:03.120,0.00,0.00,0,0.0,0.0,0.000,0.0,0,HAYIR,HAYIR
2026-08-19 09:29:03.140,0.00,0.00,0,0.0,0.0,0.000,0.0,0,HAYIR,HAYIR
2026-08-19 09:29:03.161,0.00,0.00,0,0.0,0.0,0.000,0.0,0,HAYIR,HAYIR
2026-08-19 09:29:03.180,0.00,0.00,0,0.0,0.0,0.000,0.0,0,HAYIR,HAYIR
2026-08-19 09:29:03.200,0.00,0.00,0,0.0,0.0,0.000,0.0,0,HAYIR,HAYIR
2026-08-19 09:29:03.220,0.00,0.00,0,0.0,0.0,0.000,0.0,0,HAYIR,HAYIR
2026-08-19 09:29:03.240,0.00,0.00,0,0.0,0.0,0.000,0.0,0,HAYIR,HAYIR
2026-08-19 09:29:03.260,0.00,0.00,0,0.0,0.0,0.000,0.0,0,HAYIR,HAYIR
2026-08-19 09:29:03.280,0.00,0.00,0,0.0,0.0,0.000,0.0,0,HAYIR,HAYIR
2026-08-19 09:29:03.300,0.00,0.00,0,0.0,0.0,0.000,0.0,0,HAYIR,HAYIR
2026-08-19 09:29:03.320,0.00,0.00,0,0.0,0.0,0.000,0.0,0,HAYIR,HAYIR
2026-08-19 09:29:03.340,0.00,0.00,0,0.0,0.0,0.000,0.0,0,HAYIR,HAYIR
2026-08-19 09:29:03.360,0.00,0.00,0,0.0,0.0,0.000,0.0,0,HAYIR,HAYIR
2026-08-19 09:29:03.380,0.00,0.00,0,0.0,0.0,0.000,0.0,0,HAYIR,HAYIR
2026-08-19 09:29:03.400,0.00,0.00,0,0.0,0.0,0.000,0.0,0,HAYIR,HAYIR
2026-08-19 09:29:03.420,0.00,0.00,0,0.0,0.0,0.000,0.0,0,HAYIR,HAYIR
2026-08-19 09:29:03.440,0.00,0.00,0,0.0,0.0,0.000,0.0,0,HAYIR,HAYIR
2026-08-19 09:29:03.460,0.00,0.00,0,0.0,0.0,0.000,0.0,0,HAYIR,HAYIR
2026-08-19 09:29:03.480,0.00,0.00,0,0.0,0.0,0.000,0.0,0,HAYIR,HAYIR
2026-08-19 09:29:03.500,0.00,0.00,0,0.0,0.0,0.000,0.0,0,HAYIR,HAYIR
2026-08-19 09:29:03.520,0.00,0.00,0,0.0,0.0,0.000,0.0,0,HAYIR,HAYIR
2026-08-19 09:29:03.540,0.00,0.00,0,0.0,0.0,0.000,0.0,0,HAYIR,HAYIR
2026-08-19 09:29:03.560,0.00,0.00,0,0.0,0.0,0.000,0.0,0,HAYIR,HAYIR
2026-08-19 09:29:03.580,0.00,0.00,0,0.0,0.0,0.000,0.0,0,HAYIR,HAYIR
2026-08-19 09:29:03.600,0.00,0.00,0,0.0,0.0,0.000,0.0,0,HAYIR,HAYIR
2026-08-19 09:29:03.620,0.00,0.00,0,0.0,0.0,0.000,0.0,0,HAYIR,HAYIR
2026-08-19 09:29:03.640,0.00,0.00,0,0.0,0.0,0.000,0.0,0,HAYIR,HAYIR
2026-08-19 09:29:03.660,0.00,0.00,0,0.0,0.0,0.000,0.0,0,HAYIR,HAYIR
2026-08-19 09:29:03.680,0.00,0.00,0,0.0,0.0,0.000,0.0,0,HAYIR,HAYIR
2026-08-19 09:29:03.700,0.00,0.00,0,0.0,0.0,0.000,0.0,0,HAYIR,HAYIR
2026-08-19 09:29:03.720,0.00,0.00,0,0.0,0.0,0.000,0.0,0,HAYIR,HAYIR
2026-08-19 09:29:03.740,0.00,0.00,0,0.0,0.0,0.000,0.0,0,HAYIR,HAYIR
2026-08-19 09:29:03.761,0.00,0.00,0,0.0,0.0,0.000,0.0,0,HAYIR,HAYIR
2026-08-19 09:29:03.781,0.00,0.00,0,0.0,0.0,0.000,0.0,0,HAYIR,HAYIR
2026-08-19 09:29:03.800,0.00,0.00,0,0.0,0.0,0.000,0.0,0,HAYIR,HAYIR
2026-08-19 09:29:03.820,0.00,0.00,0,0.0,0.0,0.000,0.0,0,HAYIR,HAYIR
2026-08-19 09:29:03.840,0.00,0.00,0,0.0,0.0,0.000,0.0,0,HAYIR,HAYIR
2026-08-19 09:29:03.861,0.00,0.00,0,0.0,0.0,0.000,0.0,0,HAYIR,HAYIR
2026-08-19 09:29:03.880,0.00,0.00,0,0.0,0.0,0.000,0.0,0,HAYIR,HAYIR
2026-08-19 09:29:03.900,0.00,0.00,0,0.0,0.0,0.000,0.0,0,HAYIR,HAYIR
2026-08-19 09:29:03.920,0.00,0.00,0,0.0,0.0,0.000,0.0,0,HAYIR,HAYIR
2026-08-19 09:29:03.940,0.00,0.00,0,0.0,0.0,0.000,0.0,0,HAYIR,HAYIR
2026-08-19 09:29:03.960,0.00,0.00,0,0.0,0.0,0.000,0.0,0,HAYIR,HAYIR
2026-08-19 09:29:03.980,0.00,0.00,0,0.0,0.0,0.000,0.0,0,HAYIR,HAYIR
2026-08-19 09:29:04.000,0.00,0.00,0,0.0,0.0,0.000,0.0,0,HAYIR,HAYIR
2026-08-19 09:29:04.021,0.00,0.00,0,0.0,0.0,0.000,0.0,0,HAYIR,HAYIR
2026-08-19 09:29:04.040,0.00,0.00,0,0.0,0.0,0.000,0.0,0,HAYIR,HAYIR
2026-08-19 09:29:04.060,0.00,0.00,0,0.0,0.0,0.000,0.0,0,HAYIR,HAYIR
2026-08-19 09:29:04.080,0.00,0.00,0,0.0,0.0,0.000,0.0,0,HAYIR,HAYIR
2026-08-19 09:29:04.100,0.00,0.00,0,0.0,0.0,0.000,0.0,0,HAYIR,HAYIR
2026-08-19 09:29:04.121,0.00,0.00,0,0.0,0.0,0.000,0.0,0,HAYIR,HAYIR
2026-08-19 09:29:04.140,0.00,0.00,0,0.0,0.0,0.000,0.0,0,HAYIR,HAYIR
2026-08-19 09:29:04.161,0.00,0.00,0,0.0,0.0,0.000,0.0,0,HAYIR,HAYIR
2026-08-19 09:29:04.180,0.00,0.00,0,0.0,0.0,0.000,0.0,0,HAYIR,HAYIR
2026-08-19 09:29:04.200,0.00,0.00,0,0.0,0.0,0.000,0.0,0,HAYIR,HAYIR
2026-08-19 09:29:04.220,0.00,0.00,0,0.0,0.0,0.000,0.0,0,HAYIR,HAYIR
2026-08-19 09:29:04.240,0.00,0.00,0,0.0,0.0,0.000,0.0,0,HAYIR,HAYIR
2026-08-19 09:29:04.260,0.00,0.00,0,0.0,0.0,0.000,0.0,0,HAYIR,HAYIR
2026-08-19 09:29:04.280,0.00,0.00,0,0.0,0.0,0.000,0.0,0,HAYIR,HAYIR
2026-08-19 09:29:04.300,0.00,0.00,0,0.0,0.0,0.000,0.0,0,HAYIR,HAYIR
2026-08-19 09:29:04.320,0.00,0.00,0,0.0,0.0,0.000,0.0,0,HAYIR,HAYIR
2026-08-19 09:29:04.340,0.00,0.00,0,0.0,0.0,0.000,0.0,0,HAYIR,HAYIR
2026-08-19 09:29:04.361,0.00,0.00,0,0.0,0.0,0.000,0.0,0,HAYIR,HAYIR
2026-08-19 09:29:04.380,0.00,0.00,0,0.0,0.0,0.000,0.0,0,HAYIR,HAYIR
2026-08-19 09:29:04.400,0.00,0.00,0,0.0,0.0,0.000,0.0,0,HAYIR,HAYIR
2026-08-19 09:29:04.421,0.00,0.00,0,0.0,0.0,0.000,0.0,0,HAYIR,HAYIR
2026-08-19 09:29:04.440,0.00,0.00,0,0.0,0.0,0.000,0.0,0,HAYIR,HAYIR
2026-08-19 09:29:04.460,0.00,0.00,0,0.0,0.0,0.000,0.0,0,HAYIR,HAYIR
2026-08-19 09:29:04.480,0.00,0.00,0,0.0,0.0,0.000,0.0,0,HAYIR,HAYIR
2026-08-19 09:29:04.500,0.00,0.00,0,0.0,0.0,0.000,0.0,0,HAYIR,HAYIR
2026-08-19 09:29:04.520,0.00,0.00,0,0.0,0.0,0.000,0.0,0,HAYIR,HAYIR
2026-08-19 09:29:04.540,0.00,0.00,0,0.0,0.0,0.000,0.0,0,HAYIR,HAYIR
2026-08-19 09:29:04.560,0.00,0.00,0,0.0,0.0,0.000,0.0,0,HAYIR,HAYIR
2026-08-19 09:29:04.580,0.00,0.00,0,0.0,0.0,0.000,0.0,0,HAYIR,HAYIR
2026-08-19 09:29:04.600,0.00,0.00,0,0.0,0.0,0.000,0.0,0,HAYIR,HAYIR
2026-08-19 09:29:04.620,0.00,0.00,0,0.0,0.0,0.000,0.0,0,HAYIR,HAYIR
2026-08-19 09:29:04.640,0.00,0.00,0,0.0,0.0,0.000,0.0,0,HAYIR,HAYIR
2026-08-19 09:29:04.660,0.00,0.00,0,0.0,0.0,0.000,0.0,0,HAYIR,HAYIR
2026-08-19 09:29:04.680,0.00,0.00,0,0.0,0.0,0.000,0.0,0,HAYIR,HAYIR
2026-08-19 09:29:04.700,0.00,0.00,0,0.0,0.0,0.000,0.0,0,HAYIR,HAYIR
2026-08-19 09:29:04.720,0.00,0.00,0,0.0,0.0,0.000,0.0,0,HAYIR,HAYIR
2026-08-19 09:29:04.740,0.00,0.00,0,0.0,0.0,0.000,0.0,0,HAYIR,HAYIR
2026-08-19 09:29:04.760,0.00,0.00,0,0.0,0.0,0.000,0.0,0,HAYIR,HAYIR
2026-08-19 09:29:04.780,0.00,0.00,0,0.0,0.0,0.000,0.0,0,HAYIR,HAYIR
2026-08-19 09:29:04.800,0.00,0.00,0,0.0,0.0,0.000,0.0,0,HAYIR,HAYIR
2026-08-19 09:29:04.820,0.00,0.00,0,0.0,0.0,0.000,0.0,0,HAYIR,HAYIR
2026-08-19 09:29:04.840,0.00,0.00,0,0.0,0.0,0.000,0.0,0,HAYIR,HAYIR
2026-08-19 09:29:04.860,0.00,0.00,0,0.0,0.0,0.000,0.0,0,HAYIR,HAYIR
2026-08-19 09:29:04.880,0.00,0.00,0,0.0,0.0,0.000,0.0,0,HAYIR,HAYIR
2026-08-19 09:29:04.900,0.00,0.00,0,0.0,0.0,0.000,0.0,0,HAYIR,HAYIR
2026-08-19 09:29:04.920,0.00,0.00,0,0.0,0.0,0.000,0.0,0,HAYIR,HAYIR
2026-08-19 09:29:04.940,0.00,0.00,0,0.0,0.0,0.000,0.0,0,HAYIR,HAYIR
2026-08-19 09:29:04.960,0.00,0.00,0,0.0,0.0,0.000,0.0,0,HAYIR,HAYIR
2026-08-19 09:29:04.980,0.00,0.00,0,0.0,0.0,0.000,0.0,0,HAYIR,HAYIR
2026-08-19 09:29:05.000,0.00,0.00,0,0.0,0.0,0.000,0.0,0,HAYIR,HAYIR
2026-08-19 09:29:05.021,0.00,0.00,0,0.0,0.0,0.000,0.0,0,HAYIR,HAYIR
2026-08-19 09:29:05.040,0.00,0.00,0,0.0,0.0,0.000,0.0,0,HAYIR,HAYIR
2026-08-19 09:29:05.060,0.00,0.00,0,0.0,0.0,0.000,0.0,0,HAYIR,HAYIR
2026-08-19 09:29:05.080,0.00,0.00,0,0.0,0.0,0.000,0.0,0,HAYIR,HAYIR
2026-08-19 09:29:05.100,0.00,0.00,0,0.0,0.0,0.000,0.0,0,HAYIR,HAYIR
2026-08-19 09:29:05.120,0.00,0.00,0,0.0,0.0,0.000,0.0,0,HAYIR,HAYIR
2026-08-19 09:29:05.140,0.00,0.00,0,0.0,0.0,0.000,0.0,0,HAYIR,HAYIR
2026-08-19 09:29:05.160,0.00,0.00,0,0.0,0.0,0.000,0.0,0,HAYIR,HAYIR
2026-08-19 09:29:05.180,0.00,0.00,0,0.0,0.0,0.000,0.0,0,HAYIR,HAYIR
2026-08-19 09:29:05.200,0.00,0.00,0,0.0,0.0,0.000,0.0,0,HAYIR,HAYIR
2026-08-19 09:29:05.220,0.00,0.00,0,0.0,0.0,0.000,0.0,0,HAYIR,HAYIR
2026-08-19 09:29:05.240,0.00,0.00,0,0.0,0.0,0.000,0.0,0,HAYIR,HAYIR
2026-08-19 09:29:05.260,0.00,0.00,0,0.0,0.0,0.000,0.0,0,HAYIR,HAYIR
2026-08-19 09:29:05.280,0.00,0.00,0,0.0,0.0,0.000,0.0,0,HAYIR,HAYIR
2026-08-19 09:29:05.300,0.00,0.00,0,0.0,0.0,0.000,0.0,0,HAYIR,HAYIR
2026-08-19 09:29:05.320,0.00,0.00,0,0.0,0.0,0.000,0.0,0,HAYIR,HAYIR
2026-08-19 09:29:05.340,0.00,0.00,0,0.0,0.0,0.000,0.0,0,HAYIR,HAYIR
2026-08-19 09:29:05.360,0.00,0.00,0,0.0,0.0,0.000,0.0,0,HAYIR,HAYIR
2026-08-19 09:29:05.380,0.00,0.00,0,0.0,0.0,0.000,0.0,0,HAYIR,HAYIR
2026-08-19 09:29:05.400,0.00,0.00,0,0.0,0.0,0.000,0.0,0,HAYIR,HAYIR
2026-08-19 09:29:05.420,0.00,0.00,0,0.0,0.0,0.000,0.0,0,HAYIR,HAYIR
2026-08-19 09:29:05.440,0.00,0.00,0,0.0,0.0,0.000,0.0,0,HAYIR,HAYIR
2026-08-19 09:29:05.461,0.00,0.00,0,0.0,0.0,0.000,0.0,0,HAYIR,HAYIR
2026-08-19 09:29:05.480,0.00,0.00,0,0.0,0.0,0.000,0.0,0,HAYIR,HAYIR
2026-08-19 09:29:05.500,0.00,0.00,0,0.0,0.0,0.000,0.0,0,HAYIR,HAYIR
2026-08-19 09:29:05.520,0.00,0.00,0,0.0,0.0,0.000,0.0,0,HAYIR,HAYIR
2026-08-19 09:29:05.540,0.00,0.00,0,0.0,0.0,0.000,0.0,0,HAYIR,HAYIR
2026-08-19 09:29:05.560,0.00,0.00,0,0.0,0.0,0.000,0.0,0,HAYIR,HAYIR
2026-08-19 09:29:05.580,0.00,0.00,0,0.0,0.0,0.000,0.0,0,HAYIR,HAYIR
2026-08-19 09:29:05.600,0.00,0.00,0,0.0,0.0,0.000,0.0,0,HAYIR,HAYIR
2026-08-19 09:29:05.620,0.00,0.00,0,0.0,0.0,0.000,0.0,0,HAYIR,HAYIR
2026-08-19 09:29:05.640,0.00,0.00,0,0.0,0.0,0.000,0.0,0,HAYIR,HAYIR
2026-08-19 09:29:05.660,0.00,0.00,0,0.0,0.0,0.000,0.0,0,HAYIR,HAYIR
2026-08-19 09:29:05.680,0.00,0.00,0,0.0,0.0,0.000,0.0,0,HAYIR,HAYIR
2026-08-19 09:29:05.700,0.00,0.00,0,0.0,0.0,0.000,0.0,0,HAYIR,HAYIR
2026-08-19 09:29:05.720,0.00,0.00,0,0.0,0.0,0.000,0.0,0,HAYIR,HAYIR
2026-08-19 09:29:05.740,0.00,0.00,0,0.0,0.0,0.000,0.0,0,HAYIR,HAYIR
2026-08-19 09:29:05.760,0.00,0.00,0,0.0,0.0,0.000,0.0,0,HAYIR,HAYIR
2026-08-19 09:29:05.780,0.00,0.00,0,0.0,0.0,0.000,0.0,0,HAYIR,HAYIR
2026-08-19 09:29:05.800,0.00,0.00,0,0.0,0.0,0.000,0.0,0,HAYIR,HAYIR
2026-08-19 09:29:05.820,0.00,0.00,0,0.0,0.0,0.000,0.0,0,HAYIR,HAYIR
2026-08-19 09:29:05.840,0.00,0.00,0,0.0,0.0,0.000,0.0,0,HAYIR,HAYIR
2026-08-19 09:29:05.860,0.00,0.00,0,0.0,0.0,0.000,0.0,0,HAYIR,HAYIR
2026-08-19 09:29:05.880,0.00,0.00,0,0.0,0.0,0.000,0.0,0,HAYIR,HAYIR
2026-08-19 09:29:05.900,0.00,0.00,0,0.0,0.0,0.000,0.0,0,HAYIR,HAYIR
2026-08-19 09:29:05.920,0.00,0.00,0,0.0,0.0,0.000,0.0,0,HAYIR,HAYIR
2026-08-19 09:29:05.940,0.00,0.00,0,0.0,0.0,0.000,0.0,0,HAYIR,HAYIR
2026-08-19 09:29:05.960,0.00,0.00,0,0.0,0.0,0.000,0.0,0,HAYIR,HAYIR
2026-08-19 09:29:05.980,0.00,0.00,0,0.0,0.0,0.000,0.0,0,HAYIR,HAYIR
2026-08-19 09:29:06.001,0.00,0.00,0,0.0,0.0,0.000,0.0,0,HAYIR,HAYIR
2026-08-19 09:29:06.020,0.00,0.00,0,0.0,0.0,0.000,0.0,0,HAYIR,HAYIR
2026-08-19 09:29:06.041,0.00,0.00,0,0.0,0.0,0.000,0.0,0,HAYIR,HAYIR
2026-08-19 09:29:06.060,0.00,0.00,0,0.0,0.0,0.000,0.0,0,HAYIR,HAYIR
2026-08-19 09:29:06.080,0.00,0.00,0,0.0,0.0,0.000,0.0,0,HAYIR,HAYIR
2026-08-19 09:29:06.100,0.00,0.00,0,0.0,0.0,0.000,0.0,0,HAYIR,HAYIR
2026-08-19 09:29:06.120,0.00,0.00,0,0.0,0.0,0.000,0.0,0,HAYIR,HAYIR
2026-08-19 09:29:06.140,0.00,0.00,0,0.0,0.0,0.000,0.0,0,HAYIR,HAYIR
2026-08-19 09:29:06.160,0.00,0.00,0,0.0,0.0,0.000,0.0,0,HAYIR,HAYIR
2026-08-19 09:29:06.180,0.00,0.00,0,0.0,0.0,0.000,0.0,0,HAYIR,HAYIR
2026-08-19 09:29:06.200,0.00,0.00,0,0.0,0.0,0.000,0.0,0,HAYIR,HAYIR
2026-08-19 09:29:06.220,0.00,0.00,0,0.0,0.0,0.000,0.0,0,HAYIR,HAYIR
2026-08-19 09:29:06.241,0.00,0.00,0,0.0,0.0,0.000,0.0,0,HAYIR,HAYIR
2026-08-19 09:29:06.260,0.00,0.00,0,0.0,0.0,0.000,0.0,0,HAYIR,HAYIR
2026-08-19 09:29:06.280,0.00,0.00,0,0.0,0.0,0.000,0.0,0,HAYIR,HAYIR
2026-08-19 09:29:06.300,0.00,0.00,0,0.0,0.0,0.000,0.0,0,HAYIR,HAYIR
2026-08-19 09:29:06.320,0.00,0.00,0,0.0,0.0,0.000,0.0,0,HAYIR,HAYIR
2026-08-19 09:29:06.340,0.00,0.00,0,0.0,0.0,0.000,0.0,0,HAYIR,HAYIR
2026-08-19 09:29:06.360,0.00,0.00,0,0.0,0.0,0.000,0.0,0,HAYIR,HAYIR
2026-08-19 09:29:06.380,0.00,0.00,0,0.0,0.0,0.000,0.0,0,HAYIR,HAYIR
2026-08-19 09:29:06.400,0.00,0.00,0,0.0,0.0,0.000,0.0,0,HAYIR,HAYIR
2026-08-19 09:29:06.420,0.00,0.00,0,0.0,0.0,0.000,0.0,0,HAYIR,HAYIR
2026-08-19 09:29:06.440,0.00,0.00,0,0.0,0.0,0.000,0.0,0,HAYIR,HAYIR
2026-08-19 09:29:06.460,0.00,0.00,0,0.0,0.0,0.000,0.0,0,HAYIR,HAYIR
2026-08-19 09:29:06.480,0.00,0.00,0,0.0,0.0,0.000,0.0,0,HAYIR,HAYIR
2026-08-19 09:29:06.500,0.00,0.00,0,0.0,0.0,0.000,0.0,0,HAYIR,HAYIR
2026-08-19 09:29:06.520,0.00,0.00,0,0.0,0.0,0.000,0.0,0,HAYIR,HAYIR
2026-08-19 09:29:06.540,0.00,0.00,0,0.0,0.0,0.000,0.0,0,HAYIR,HAYIR
2026-08-19 09:29:06.560,0.00,0.00,0,0.0,0.0,0.000,0.0,0,HAYIR,HAYIR
2026-08-19 09:29:06.580,0.00,0.00,0,0.0,0.0,0.000,0.0,0,HAYIR,HAYIR
2026-08-19 09:29:06.601,0.00,0.00,0,0.0,0.0,0.000,0.0,0,HAYIR,HAYIR
2026-08-19 09:29:06.620,0.00,0.00,0,0.0,0.0,0.000,0.0,0,HAYIR,HAYIR
2026-08-19 09:29:06.640,0.00,0.00,0,0.0,0.0,0.000,0.0,0,HAYIR,HAYIR
2026-08-19 09:29:06.660,0.00,0.00,0,0.0,0.0,0.000,0.0,0,HAYIR,HAYIR
2026-08-19 09:29:06.680,0.00,0.00,0,0.0,0.0,0.000,0.0,0,HAYIR,HAYIR
2026-08-19 09:29:06.700,0.00,0.00,0,0.0,0.0,0.000,0.0,0,HAYIR,HAYIR
2026-08-19 09:29:06.720,0.00,0.00,0,0.0,0.0,0.000,0.0,0,HAYIR,HAYIR
2026-08-19 09:29:06.740,0.00,0.00,0,0.0,0.0,0.000,0.0,0,HAYIR,HAYIR
2026-08-19 09:29:06.760,0.00,0.00,0,0.0,0.0,0.000,0.0,0,HAYIR,HAYIR
2026-08-19 09:29:06.780,0.00,0.00,0,0.0,0.0,0.000,0.0,0,HAYIR,HAYIR
2026-08-19 09:29:06.800,0.00,0.00,0,0.0,0.0,0.000,0.0,0,HAYIR,HAYIR
2026-08-19 09:29:06.820,0.00,0.00,0,0.0,0.0,0.000,0.0,0,HAYIR,HAYIR
2026-08-19 09:29:06.840,0.00,0.00,0,0.0,0.0,0.000,0.0,0,HAYIR,HAYIR
2026-08-19 09:29:06.861,0.00,0.00,0,0.0,0.0,0.000,0.0,0,HAYIR,HAYIR
2026-08-19 09:29:06.880,0.00,0.00,0,0.0,0.0,0.000,0.0,0,HAYIR,HAYIR
2026-08-19 09:29:06.900,0.00,0.00,0,0.0,0.0,0.000,0.0,0,HAYIR,HAYIR
2026-08-19 09:29:06.920,0.00,0.00,0,0.0,0.0,0.000,0.0,0,HAYIR,HAYIR
2026-08-19 09:29:06.940,0.00,0.00,0,0.0,0.0,0.000,0.0,0,HAYIR,HAYIR
2026-08-19 09:29:06.960,0.00,0.00,0,0.0,0.0,0.000,0.0,0,HAYIR,HAYIR
2026-08-19 09:29:06.980,0.00,0.00,0,0.0,0.0,0.000,0.0,0,HAYIR,HAYIR
2026-08-19 09:29:07.000,0.00,0.00,0,0.0,0.0,0.000,0.0,0,HAYIR,HAYIR
2026-08-19 09:29:07.020,0.00,0.00,0,0.0,0.0,0.000,0.0,0,HAYIR,HAYIR
2026-08-19 09:29:07.041,0.00,0.00,0,0.0,0.0,0.000,0.0,0,HAYIR,HAYIR
2026-08-19 09:29:07.061,0.00,0.00,0,0.0,0.0,0.000,0.0,0,HAYIR,HAYIR
2026-08-19 09:29:07.080,0.00,0.00,0,0.0,0.0,0.000,0.0,0,HAYIR,HAYIR
2026-08-19 09:29:07.100,0.00,0.00,0,0.0,0.0,0.000,0.0,0,HAYIR,HAYIR
2026-08-19 09:29:07.120,0.00,0.00,0,0.0,0.0,0.000,0.0,0,HAYIR,HAYIR
2026-08-19 09:29:07.140,0.00,0.00,0,0.0,0.0,0.000,0.0,0,HAYIR,HAYIR
2026-08-19 09:29:07.160,0.00,0.00,0,0.0,0.0,0.000,0.0,0,HAYIR,HAYIR
2026-08-19 09:29:07.180,0.00,0.00,0,0.0,0.0,0.000,0.0,0,HAYIR,HAYIR
2026-08-19 09:29:07.200,0.00,0.00,0,0.0,0.0,0.000,0.0,0,HAYIR,HAYIR
2026-08-19 09:29:07.220,0.00,0.00,0,0.0,0.0,0.000,0.0,0,HAYIR,HAYIR
2026-08-19 09:29:07.240,0.00,0.00,0,0.0,0.0,0.000,0.0,0,HAYIR,HAYIR
2026-08-19 09:29:07.260,0.00,0.00,0,0.0,0.0,0.000,0.0,0,HAYIR,HAYIR
2026-08-19 09:29:07.280,0.00,0.00,0,0.0,0.0,0.000,0.0,0,HAYIR,HAYIR
2026-08-19 09:29:07.300,0.00,0.00,0,0.0,0.0,0.000,0.0,0,HAYIR,HAYIR
2026-08-19 09:29:07.320,0.00,0.00,0,0.0,0.0,0.000,0.0,0,HAYIR,HAYIR
2026-08-19 09:29:07.340,0.00,0.00,0,0.0,0.0,0.000,0.0,0,HAYIR,HAYIR
2026-08-19 09:29:07.361,0.00,0.00,0,0.0,0.0,0.000,0.0,0,HAYIR,HAYIR
2026-08-19 09:29:07.380,0.00,0.00,0,0.0,0.0,0.000,0.0,0,HAYIR,HAYIR
2026-08-19 09:29:07.400,0.00,0.00,0,0.0,0.0,0.000,0.0,0,HAYIR,HAYIR
2026-08-19 09:29:07.421,0.00,0.00,0,0.0,0.0,0.000,0.0,0,HAYIR,HAYIR
2026-08-19 09:29:07.440,0.00,0.00,0,0.0,0.0,0.000,0.0,0,HAYIR,HAYIR
2026-08-19 09:29:07.460,0.00,0.00,0,0.0,0.0,0.000,0.0,0,HAYIR,HAYIR
2026-08-19 09:29:07.480,0.00,0.00,0,0.0,0.0,0.000,0.0,0,HAYIR,HAYIR
2026-08-19 09:29:07.500,0.00,0.00,0,0.0,0.0,0.000,0.0,0,HAYIR,HAYIR
2026-08-19 09:29:07.521,0.00,0.00,0,0.0,0.0,0.000,0.0,0,HAYIR,HAYIR
2026-08-19 09:29:07.541,0.00,0.00,0,0.0,0.0,0.000,0.0,0,HAYIR,HAYIR
2026-08-19 09:29:07.560,0.00,0.00,0,0.0,0.0,0.000,0.0,0,HAYIR,HAYIR
2026-08-19 09:29:07.580,0.00,0.00,0,0.0,0.0,0.000,0.0,0,HAYIR,HAYIR
2026-08-19 09:29:07.601,0.00,0.00,0,0.0,0.0,0.000,0.0,0,HAYIR,HAYIR
2026-08-19 09:29:07.621,0.00,0.00,0,0.0,0.0,0.000,0.0,0,HAYIR,HAYIR
2026-08-19 09:29:07.640,0.00,0.00,0,0.0,0.0,0.000,0.0,0,HAYIR,HAYIR
2026-08-19 09:29:07.660,0.00,0.00,0,0.0,0.0,0.000,0.0,0,HAYIR,HAYIR
2026-08-19 09:29:07.680,0.00,0.00,0,0.0,0.0,0.000,0.0,0,HAYIR,HAYIR
2026-08-19 09:29:07.700,0.00,0.00,0,0.0,0.0,0.000,0.0,0,HAYIR,HAYIR
2026-08-19 09:29:07.720,0.00,0.00,0,0.0,0.0,0.000,0.0,0,HAYIR,HAYIR
2026-08-19 09:29:07.740,0.00,0.00,0,0.0,0.0,0.000,0.0,0,HAYIR,HAYIR
2026-08-19 09:29:07.761,0.00,0.00,0,0.0,0.0,0.000,0.0,0,HAYIR,HAYIR
2026-08-19 09:29:07.780,0.00,0.00,0,0.0,0.0,0.000,0.0,0,HAYIR,HAYIR
2026-08-19 09:29:07.800,0.00,0.00,0,0.0,0.0,0.000,0.0,0,HAYIR,HAYIR
2026-08-19 09:29:07.820,0.00,0.00,0,0.0,0.0,0.000,0.0,0,HAYIR,HAYIR
2026-08-19 09:29:07.841,0.00,0.00,0,0.0,0.0,0.000,0.0,0,HAYIR,HAYIR
2026-08-19 09:29:07.860,0.00,0.00,0,0.0,0.0,0.000,0.0,0,HAYIR,HAYIR
2026-08-19 09:29:07.880,0.00,0.00,0,0.0,0.0,0.000,0.0,0,HAYIR,HAYIR
2026-08-19 09:29:07.900,0.00,0.00,0,0.0,0.0,0.000,0.0,0,HAYIR,HAYIR
2026-08-19 09:29:07.920,0.00,0.00,0,0.0,0.0,0.000,0.0,0,HAYIR,HAYIR
2026-08-19 09:29:07.941,0.00,0.00,0,0.0,0.0,0.000,0.0,0,HAYIR,HAYIR
2026-08-19 09:29:07.961,0.00,0.00,0,0.0,0.0,0.000,0.0,0,HAYIR,HAYIR
2026-08-19 09:29:07.980,0.00,0.00,0,0.0,0.0,0.000,0.0,0,HAYIR,HAYIR
2026-08-19 09:29:08.000,0.00,0.00,0,0.0,0.0,0.000,0.0,0,HAYIR,HAYIR
2026-08-19 09:29:08.021,0.00,0.00,0,0.0,0.0,0.000,0.0,0,HAYIR,HAYIR
2026-08-19 09:29:08.040,0.00,0.00,0,0.0,0.0,0.000,0.0,0,HAYIR,HAYIR
2026-08-19 09:29:08.060,0.00,0.00,0,0.0,0.0,0.000,0.0,0,HAYIR,HAYIR
2026-08-19 09:29:08.080,0.00,0.00,0,0.0,0.0,0.000,0.0,0,HAYIR,HAYIR
2026-08-19 09:29:08.100,0.00,0.00,0,0.0,0.0,0.000,0.0,0,HAYIR,HAYIR
2026-08-19 09:29:08.120,0.00,0.00,0,0.0,0.0,0.000,0.0,0,HAYIR,HAYIR
2026-08-19 09:29:08.140,0.00,0.00,0,0.0,0.0,0.000,0.0,0,HAYIR,HAYIR
2026-08-19 09:29:08.160,0.00,0.00,0,0.0,0.0,0.000,0.0,0,HAYIR,HAYIR
2026-08-19 09:29:08.180,0.00,0.00,0,0.0,0.0,0.000,0.0,0,HAYIR,HAYIR
2026-08-19 09:29:08.200,0.00,0.00,0,0.0,0.0,0.000,0.0,0,HAYIR,HAYIR
2026-08-19 09:29:08.220,0.00,0.00,0,0.0,0.0,0.000,0.0,0,HAYIR,HAYIR
2026-08-19 09:29:08.241,0.00,0.00,0,0.0,0.0,0.000,0.0,0,HAYIR,HAYIR
2026-08-19 09:29:08.260,0.00,0.00,0,0.0,0.0,0.000,0.0,0,HAYIR,HAYIR
2026-08-19 09:29:08.280,0.00,0.00,0,0.0,0.0,0.000,0.0,0,HAYIR,HAYIR
2026-08-19 09:29:08.300,0.00,0.00,0,0.0,0.0,0.000,0.0,0,HAYIR,HAYIR
2026-08-19 09:29:08.320,0.00,0.00,0,0.0,0.0,0.000,0.0,0,HAYIR,HAYIR
2026-08-19 09:29:08.340,0.00,0.00,0,0.0,0.0,0.000,0.0,0,HAYIR,HAYIR
2026-08-19 09:29:08.360,0.00,0.00,0,0.0,0.0,0.000,0.0,0,HAYIR,HAYIR
2026-08-19 09:29:08.380,0.00,0.00,0,0.0,0.0,0.000,0.0,0,HAYIR,HAYIR
2026-08-19 09:29:08.400,0.00,0.00,0,0.0,0.0,0.000,0.0,0,HAYIR,HAYIR
2026-08-19 09:29:08.420,0.00,0.00,0,0.0,0.0,0.000,0.0,0,HAYIR,HAYIR
2026-08-19 09:29:08.441,0.00,0.00,0,0.0,0.0,0.000,0.0,0,HAYIR,HAYIR
2026-08-19 09:29:08.460,0.00,0.00,0,0.0,0.0,0.000,0.0,0,HAYIR,HAYIR
2026-08-19 09:29:08.480,0.00,0.00,0,0.0,0.0,0.000,0.0,0,HAYIR,HAYIR
2026-08-19 09:29:08.500,0.00,0.00,0,0.0,0.0,0.000,0.0,0,HAYIR,HAYIR
2026-08-19 09:29:08.520,0.00,0.00,0,0.0,0.0,0.000,0.0,0,HAYIR,HAYIR
2026-08-19 09:29:08.540,0.00,0.00,0,0.0,0.0,0.000,0.0,0,HAYIR,HAYIR
2026-08-19 09:29:08.560,0.00,0.00,0,0.0,0.0,0.000,0.0,0,HAYIR,HAYIR
2026-08-19 09:29:08.580,0.00,0.00,0,0.0,0.0,0.000,0.0,0,HAYIR,HAYIR
2026-08-19 09:29:08.600,0.00,0.00,0,0.0,0.0,0.000,0.0,0,HAYIR,HAYIR
2026-08-19 09:29:08.620,0.00,0.00,0,0.0,0.0,0.000,0.0,0,HAYIR,HAYIR
2026-08-19 09:29:08.641,0.00,0.00,0,0.0,0.0,0.000,0.0,0,HAYIR,HAYIR
2026-08-19 09:29:08.660,0.00,0.00,0,0.0,0.0,0.000,0.0,0,HAYIR,HAYIR
2026-08-19 09:29:08.680,0.00,0.00,0,0.0,0.0,0.000,0.0,0,HAYIR,HAYIR
2026-08-19 09:29:08.700,0.00,0.00,0,0.0,0.0,0.000,0.0,0,HAYIR,HAYIR
2026-08-19 09:29:08.720,0.00,0.00,0,0.0,0.0,0.000,0.0,0,HAYIR,HAYIR
2026-08-19 09:29:08.740,0.00,0.00,0,0.0,0.0,0.000,0.0,0,HAYIR,HAYIR
2026-08-19 09:29:08.761,0.00,0.00,0,0.0,0.0,0.000,0.0,0,HAYIR,HAYIR
2026-08-19 09:29:08.780,0.00,0.00,0,0.0,0.0,0.000,0.0,0,HAYIR,HAYIR
2026-08-19 09:29:08.800,0.00,0.00,0,0.0,0.0,0.000,0.0,0,HAYIR,HAYIR
2026-08-19 09:29:08.820,0.00,0.00,0,0.0,0.0,0.000,0.0,0,HAYIR,HAYIR
2026-08-19 09:29:08.840,0.00,0.00,0,0.0,0.0,0.000,0.0,0,HAYIR,HAYIR
2026-08-19 09:29:08.860,0.00,0.00,0,0.0,0.0,0.000,0.0,0,HAYIR,HAYIR
2026-08-19 09:29:08.880,0.00,0.00,0,0.0,0.0,0.000,0.0,0,HAYIR,HAYIR
2026-08-19 09:29:08.900,0.00,0.00,0,0.0,0.0,0.000,0.0,0,HAYIR,HAYIR
2026-08-19 09:29:08.920,0.00,0.00,0,0.0,0.0,0.000,0.0,0,HAYIR,HAYIR
2026-08-19 09:29:08.940,0.00,0.00,0,0.0,0.0,0.000,0.0,0,HAYIR,HAYIR
2026-08-19 09:29:08.960,0.00,0.00,0,0.0,0.0,0.000,0.0,0,HAYIR,HAYIR
2026-08-19 09:29:08.980,0.00,0.00,0,0.0,0.0,0.000,0.0,0,HAYIR,HAYIR
2026-08-19 09:29:09.000,0.00,0.00,0,0.0,0.0,0.000,0.0,0,HAYIR,HAYIR
2026-08-19 09:29:09.021,0.00,0.00,0,0.0,0.0,0.000,0.0,0,HAYIR,HAYIR
2026-08-19 09:29:09.040,0.00,0.00,0,0.0,0.0,0.000,0.0,0,HAYIR,HAYIR
2026-08-19 09:29:09.060,0.00,0.00,0,0.0,0.0,0.000,0.0,0,HAYIR,HAYIR
2026-08-19 09:29:09.080,0.00,0.00,0,0.0,0.0,0.000,0.0,0,HAYIR,HAYIR
2026-08-19 09:29:09.100,0.00,0.00,0,0.0,0.0,0.000,0.0,0,HAYIR,HAYIR
2026-08-19 09:29:09.120,0.00,0.00,0,0.0,0.0,0.000,0.0,0,HAYIR,HAYIR
2026-08-19 09:29:09.140,0.00,0.00,0,0.0,0.0,0.000,0.0,0,HAYIR,HAYIR
2026-08-19 09:29:09.160,0.00,0.00,0,0.0,0.0,0.000,0.0,0,HAYIR,HAYIR
2026-08-19 09:29:09.180,0.00,0.00,0,0.0,0.0,0.000,0.0,0,HAYIR,HAYIR
2026-08-19 09:29:09.200,0.00,0.00,0,0.0,0.0,0.000,0.0,0,HAYIR,HAYIR
2026-08-19 09:29:09.220,0.00,0.00,0,0.0,0.0,0.000,0.0,0,HAYIR,HAYIR
2026-08-19 09:29:09.240,0.00,0.00,0,0.0,0.0,0.000,0.0,0,HAYIR,HAYIR
2026-08-19 09:29:09.260,0.00,0.00,0,0.0,0.0,0.000,0.0,0,HAYIR,HAYIR
2026-08-19 09:29:09.280,0.00,0.00,0,0.0,0.0,0.000,0.0,0,HAYIR,HAYIR
2026-08-19 09:29:09.300,0.00,0.00,0,0.0,0.0,0.000,0.0,0,HAYIR,HAYIR
2026-08-19 09:29:09.320,0.00,0.00,0,0.0,0.0,0.000,0.0,0,HAYIR,HAYIR
2026-08-19 09:29:09.340,0.00,0.00,0,0.0,0.0,0.000,0.0,0,HAYIR,HAYIR
2026-08-19 09:29:09.360,0.00,0.00,0,0.0,0.0,0.000,0.0,0,HAYIR,HAYIR
2026-08-19 09:29:09.380,0.00,0.00,0,0.0,0.0,0.000,0.0,0,HAYIR,HAYIR
2026-08-19 09:29:09.400,0.00,0.00,0,0.0,0.0,0.000,0.0,0,HAYIR,HAYIR
2026-08-19 09:29:09.420,0.00,0.00,0,0.0,0.0,0.000,0.0,0,HAYIR,HAYIR
2026-08-19 09:29:09.440,0.00,0.00,0,0.0,0.0,0.000,0.0,0,HAYIR,HAYIR
2026-08-19 09:29:09.460,0.00,0.00,0,0.0,0.0,0.000,0.0,0,HAYIR,HAYIR
2026-08-19 09:29:09.480,0.00,0.00,0,0.0,0.0,0.000,0.0,0,HAYIR,HAYIR
2026-08-19 09:29:09.500,0.00,0.00,0,0.0,0.0,0.000,0.0,0,HAYIR,HAYIR
2026-08-19 09:29:09.520,0.00,0.00,0,0.0,0.0,0.000,0.0,0,HAYIR,HAYIR
2026-08-19 09:29:09.540,0.00,0.00,0,0.0,0.0,0.000,0.0,0,HAYIR,HAYIR
2026-08-19 09:29:09.560,0.00,0.00,0,0.0,0.0,0.000,0.0,0,HAYIR,HAYIR
2026-08-19 09:29:09.580,0.00,0.00,0,0.0,0.0,0.000,0.0,0,HAYIR,HAYIR
2026-08-19 09:29:09.600,0.00,0.00,0,0.0,0.0,0.000,0.0,0,HAYIR,HAYIR
2026-08-19 09:29:09.620,0.00,0.00,0,0.0,0.0,0.000,0.0,0,HAYIR,HAYIR
2026-08-19 09:29:09.640,0.00,0.00,0,0.0,0.0,0.000,0.0,0,HAYIR,HAYIR
2026-08-19 09:29:09.660,0.00,0.00,0,0.0,0.0,0.000,0.0,0,HAYIR,HAYIR
2026-08-19 09:29:09.680,0.00,0.00,0,0.0,0.0,0.000,0.0,0,HAYIR,HAYIR
2026-08-19 09:29:09.700,0.00,0.00,0,0.0,0.0,0.000,0.0,0,HAYIR,HAYIR
2026-08-19 09:29:09.720,0.00,0.00,0,0.0,0.0,0.000,0.0,0,HAYIR,HAYIR
2026-08-19 09:29:09.740,0.00,0.00,0,0.0,0.0,0.000,0.0,0,HAYIR,HAYIR
2026-08-19 09:29:09.760,0.00,0.00,0,0.0,0.0,0.000,0.0,0,HAYIR,HAYIR
2026-08-19 09:29:09.780,0.00,0.00,0,0.0,0.0,0.000,0.0,0,HAYIR,HAYIR
2026-08-19 09:29:09.800,0.00,0.00,0,0.0,0.0,0.000,0.0,0,HAYIR,HAYIR
2026-08-19 09:29:09.820,0.00,0.00,0,0.0,0.0,0.000,0.0,0,HAYIR,HAYIR
2026-08-19 09:29:09.841,0.00,0.00,0,0.0,0.0,0.000,0.0,0,HAYIR,HAYIR
2026-08-19 09:29:09.860,0.00,0.00,0,0.0,0.0,0.000,0.0,0,HAYIR,HAYIR
2026-08-19 09:29:09.880,0.00,0.00,0,0.0,0.0,0.000,0.0,0,HAYIR,HAYIR
2026-08-19 09:29:09.900,0.00,0.00,0,0.0,0.0,0.000,0.0,0,HAYIR,HAYIR
2026-08-19 09:29:09.920,0.00,0.00,0,0.0,0.0,0.000,0.0,0,HAYIR,HAYIR
2026-08-19 09:29:09.940,0.00,0.00,0,0.0,0.0,0.000,0.0,0,HAYIR,HAYIR
2026-08-19 09:29:09.960,0.00,0.00,0,0.0,0.0,0.000,0.0,0,HAYIR,HAYIR
2026-08-19 09:29:09.980,0.00,0.00,0,0.0,0.0,0.000,0.0,0,HAYIR,HAYIR
2026-08-19 09:29:10.000,0.00,0.00,0,0.0,0.0,0.000,0.0,0,HAYIR,HAYIR
2026-08-19 09:29:10.021,0.00,0.00,0,0.0,0.0,0.000,0.0,0,HAYIR,HAYIR
2026-08-19 09:29:10.040,0.00,0.00,0,0.0,0.0,0.000,0.0,0,HAYIR,HAYIR
2026-08-19 09:29:10.060,0.00,0.00,0,0.0,0.0,0.000,0.0,0,HAYIR,HAYIR
2026-08-19 09:29:10.080,0.00,0.00,0,0.0,0.0,0.000,0.0,0,HAYIR,HAYIR
2026-08-19 09:29:10.100,0.00,0.00,0,0.0,0.0,0.000,0.0,0,HAYIR,HAYIR
2026-08-19 09:29:10.120,0.00,0.00,0,0.0,0.0,0.000,0.0,0,HAYIR,HAYIR
2026-08-19 09:29:10.140,0.00,0.00,0,0.0,0.0,0.000,0.0,0,HAYIR,HAYIR
2026-08-19 09:29:10.160,0.00,0.00,0,0.0,0.0,0.000,0.0,0,HAYIR,HAYIR
2026-08-19 09:29:10.180,0.00,0.00,0,0.0,0.0,0.000,0.0,0,HAYIR,HAYIR
2026-08-19 09:29:10.200,0.00,0.00,0,0.0,0.0,0.000,0.0,0,HAYIR,HAYIR
2026-08-19 09:29:10.220,0.00,0.00,0,0.0,0.0,0.000,0.0,0,HAYIR,HAYIR
2026-08-19 09:29:10.240,0.00,0.00,0,0.0,0.0,0.000,0.0,0,HAYIR,HAYIR
2026-08-19 09:29:10.260,0.00,0.00,0,0.0,0.0,0.000,0.0,0,HAYIR,HAYIR
2026-08-19 09:29:10.280,0.00,0.00,0,0.0,0.0,0.000,0.0,0,HAYIR,HAYIR
2026-08-19 09:29:10.300,0.00,0.00,0,0.0,0.0,0.000,0.0,0,HAYIR,HAYIR
2026-08-19 09:29:10.320,0.00,0.00,0,0.0,0.0,0.000,0.0,0,HAYIR,HAYIR
2026-08-19 09:29:10.340,0.00,0.00,0,0.0,0.0,0.000,0.0,0,HAYIR,HAYIR
2026-08-19 09:29:10.360,0.00,0.00,0,0.0,0.0,0.000,0.0,0,HAYIR,HAYIR
2026-08-19 09:29:10.380,0.00,0.00,0,0.0,0.0,0.000,0.0,0,HAYIR,HAYIR
2026-08-19 09:29:10.400,0.00,0.00,0,0.0,0.0,0.000,0.0,0,HAYIR,HAYIR
2026-08-19 09:29:10.420,0.00,0.00,0,0.0,0.0,0.000,0.0,0,HAYIR,HAYIR
2026-08-19 09:29:10.440,0.00,0.00,0,0.0,0.0,0.000,0.0,0,HAYIR,HAYIR
2026-08-19 09:29:10.460,0.00,0.00,0,0.0,0.0,0.000,0.0,0,HAYIR,HAYIR
2026-08-19 09:29:10.480,0.00,0.00,0,0.0,0.0,0.000,0.0,0,HAYIR,HAYIR
2026-08-19 09:29:10.500,0.00,0.00,0,0.0,0.0,0.000,0.0,0,HAYIR,HAYIR
2026-08-19 09:29:10.520,0.00,0.00,0,0.0,0.0,0.000,0.0,0,HAYIR,HAYIR
2026-08-19 09:29:10.540,0.00,0.00,0,0.0,0.0,0.000,0.0,0,HAYIR,HAYIR
2026-08-19 09:29:10.560,0.00,0.00,0,0.0,0.0,0.000,0.0,0,HAYIR,HAYIR
2026-08-19 09:29:10.580,0.00,0.00,0,0.0,0.0,0.000,0.0,0,HAYIR,HAYIR
2026-08-19 09:29:10.600,0.00,0.00,0,0.0,0.0,0.000,0.0,0,HAYIR,HAYIR
2026-08-19 09:29:10.620,0.00,0.00,0,0.0,0.0,0.000,0.0,0,HAYIR,HAYIR
2026-08-19 09:29:10.641,0.00,0.00,0,0.0,0.0,0.000,0.0,0,HAYIR,HAYIR
2026-08-19 09:29:10.660,0.00,0.00,0,0.0,0.0,0.000,0.0,0,HAYIR,HAYIR
2026-08-19 09:29:10.680,0.00,0.00,0,0.0,0.0,0.000,0.0,0,HAYIR,HAYIR
2026-08-19 09:29:10.700,0.00,0.00,0,0.0,0.0,0.000,0.0,0,HAYIR,HAYIR
2026-08-19 09:29:10.720,0.00,0.00,0,0.0,0.0,0.000,0.0,0,HAYIR,HAYIR
2026-08-19 09:29:10.740,0.00,0.00,0,0.0,0.0,0.000,0.0,0,HAYIR,HAYIR
2026-08-19 09:29:10.760,0.00,0.00,0,0.0,0.0,0.000,0.0,0,HAYIR,HAYIR
2026-08-19 09:29:10.780,0.00,0.00,0,0.0,0.0,0.000,0.0,0,HAYIR,HAYIR
2026-08-19 09:29:10.800,0.00,0.00,0,0.0,0.0,0.000,0.0,0,HAYIR,HAYIR
2026-08-19 09:29:10.820,0.00,0.00,0,0.0,0.0,0.000,0.0,0,HAYIR,HAYIR
2026-08-19 09:29:10.840,0.00,0.00,0,0.0,0.0,0.000,0.0,0,HAYIR,HAYIR
2026-08-19 09:29:10.860,0.00,0.00,0,0.0,0.0,0.000,0.0,0,HAYIR,HAYIR
2026-08-19 09:29:10.880,0.00,0.00,0,0.0,0.0,0.000,0.0,0,HAYIR,HAYIR
2026-08-19 09:29:10.900,0.00,0.00,0,0.0,0.0,0.000,0.0,0,HAYIR,HAYIR
2026-08-19 09:29:10.920,0.00,0.00,0,0.0,0.0,0.000,0.0,0,HAYIR,HAYIR
2026-08-19 09:29:10.940,0.00,0.00,0,0.0,0.0,0.000,0.0,0,HAYIR,HAYIR
2026-08-19 09:29:10.960,0.00,0.00,0,0.0,0.0,0.000,0.0,0,HAYIR,HAYIR
2026-08-19 09:29:10.980,0.00,0.00,0,0.0,0.0,0.000,0.0,0,HAYIR,HAYIR
2026-08-19 09:29:11.000,0.00,0.00,0,0.0,0.0,0.000,0.0,0,HAYIR,HAYIR
2026-08-19 09:29:11.021,0.00,0.00,0,0.0,0.0,0.000,0.0,0,HAYIR,HAYIR
2026-08-19 09:29:11.040,0.00,0.00,0,0.0,0.0,0.000,0.0,0,HAYIR,HAYIR
2026-08-19 09:29:11.060,0.00,0.00,0,0.0,0.0,0.000,0.0,0,HAYIR,HAYIR
2026-08-19 09:29:11.080,0.00,0.00,0,0.0,0.0,0.000,0.0,0,HAYIR,HAYIR
2026-08-19 09:29:11.100,0.00,0.00,0,0.0,0.0,0.000,0.0,0,HAYIR,HAYIR
2026-08-19 09:29:11.120,0.00,0.00,0,0.0,0.0,0.000,0.0,0,HAYIR,HAYIR
2026-08-19 09:29:11.140,0.00,0.00,0,0.0,0.0,0.000,0.0,0,HAYIR,HAYIR
2026-08-19 09:29:11.160,0.00,0.00,0,0.0,0.0,0.000,0.0,0,HAYIR,HAYIR
2026-08-19 09:29:11.180,0.00,0.00,0,0.0,0.0,0.000,0.0,0,HAYIR,HAYIR
2026-08-19 09:29:11.200,0.00,0.00,0,0.0,0.0,0.000,0.0,0,HAYIR,HAYIR
2026-08-19 09:29:11.220,0.00,0.00,0,0.0,0.0,0.000,0.0,0,HAYIR,HAYIR
2026-08-19 09:29:11.240,0.00,0.00,0,0.0,0.0,0.000,0.0,0,HAYIR,HAYIR
2026-08-19 09:29:11.260,0.00,0.00,0,0.0,0.0,0.000,0.0,0,HAYIR,HAYIR
2026-08-19 09:29:11.280,0.00,0.00,0,0.0,0.0,0.000,0.0,0,HAYIR,HAYIR
2026-08-19 09:29:11.301,0.00,0.00,0,0.0,0.0,0.000,0.0,0,HAYIR,HAYIR
2026-08-19 09:29:11.320,0.00,0.00,0,0.0,0.0,0.000,0.0,0,HAYIR,HAYIR
2026-08-19 09:29:11.340,0.00,0.00,0,0.0,0.0,0.000,0.0,0,HAYIR,HAYIR
2026-08-19 09:29:11.360,0.00,0.00,0,0.0,0.0,0.000,0.0,0,HAYIR,HAYIR
2026-08-19 09:29:11.380,0.00,0.00,0,0.0,0.0,0.000,0.0,0,HAYIR,HAYIR
2026-08-19 09:29:11.400,0.00,0.00,0,0.0,0.0,0.000,0.0,0,HAYIR,HAYIR
2026-08-19 09:29:11.420,0.00,0.00,0,0.0,0.0,0.000,0.0,0,HAYIR,HAYIR
2026-08-19 09:29:11.440,0.00,0.00,0,0.0,0.0,0.000,0.0,0,HAYIR,HAYIR
2026-08-19 09:29:11.460,0.00,0.00,0,0.0,0.0,0.000,0.0,0,HAYIR,HAYIR
2026-08-19 09:29:11.480,0.00,0.00,0,0.0,0.0,0.000,0.0,0,HAYIR,HAYIR
2026-08-19 09:29:11.500,0.00,0.00,0,0.0,0.0,0.000,0.0,0,HAYIR,HAYIR
2026-08-19 09:29:11.521,0.00,0.00,0,0.0,0.0,0.000,0.0,0,HAYIR,HAYIR
2026-08-19 09:29:11.540,0.00,0.00,0,0.0,0.0,0.000,0.0,0,HAYIR,HAYIR
2026-08-19 09:29:11.560,0.00,0.00,0,0.0,0.0,0.000,0.0,0,HAYIR,HAYIR
2026-08-19 09:29:11.580,0.00,0.00,0,0.0,0.0,0.000,0.0,0,HAYIR,HAYIR
2026-08-19 09:29:11.600,0.00,0.00,0,0.0,0.0,0.000,0.0,0,HAYIR,HAYIR
2026-08-19 09:29:11.620,0.00,0.00,0,0.0,0.0,0.000,0.0,0,HAYIR,HAYIR
2026-08-19 09:29:11.640,0.00,0.00,0,0.0,0.0,0.000,0.0,0,HAYIR,HAYIR
2026-08-19 09:29:11.660,0.00,0.00,0,0.0,0.0,0.000,0.0,0,HAYIR,HAYIR
2026-08-19 09:29:11.680,0.00,0.00,0,0.0,0.0,0.000,0.0,0,HAYIR,HAYIR
2026-08-19 09:29:11.700,0.00,0.00,0,0.0,0.0,0.000,0.0,0,HAYIR,HAYIR
2026-08-19 09:29:11.720,0.00,0.00,0,0.0,0.0,0.000,0.0,0,HAYIR,HAYIR
2026-08-19 09:29:11.740,0.00,0.00,0,0.0,0.0,0.000,0.0,0,HAYIR,HAYIR
2026-08-19 09:29:11.760,0.00,0.00,0,0.0,0.0,0.000,0.0,0,HAYIR,HAYIR
2026-08-19 09:29:11.780,0.00,0.00,0,0.0,0.0,0.000,0.0,0,HAYIR,HAYIR
2026-08-19 09:29:11.800,0.00,0.00,0,0.0,0.0,0.000,0.0,0,HAYIR,HAYIR
2026-08-19 09:29:11.820,0.00,0.00,0,0.0,0.0,0.000,0.0,0,HAYIR,HAYIR
2026-08-19 09:29:11.840,0.00,0.00,0,0.0,0.0,0.000,0.0,0,HAYIR,HAYIR
2026-08-19 09:29:11.860,0.00,0.00,0,0.0,0.0,0.000,0.0,0,HAYIR,HAYIR
2026-08-19 09:29:11.880,0.00,0.00,0,0.0,0.0,0.000,0.0,0,HAYIR,HAYIR
2026-08-19 09:29:11.900,0.00,0.00,0,0.0,0.0,0.000,0.0,0,HAYIR,HAYIR
2026-08-19 09:29:11.920,0.00,0.00,0,0.0,0.0,0.000,0.0,0,HAYIR,HAYIR
2026-08-19 09:29:11.941,0.00,0.00,0,0.0,0.0,0.000,0.0,0,HAYIR,HAYIR
2026-08-19 09:29:11.961,0.00,0.00,0,0.0,0.0,0.000,0.0,0,HAYIR,HAYIR
2026-08-19 09:29:11.980,0.00,0.00,0,0.0,0.0,0.000,0.0,0,HAYIR,HAYIR
2026-08-19 09:29:12.000,0.00,0.00,0,0.0,0.0,0.000,0.0,0,HAYIR,HAYIR
2026-08-19 09:29:12.021,0.00,0.00,0,0.0,0.0,0.000,0.0,0,HAYIR,HAYIR
2026-08-19 09:29:12.041,0.00,0.00,0,0.0,0.0,0.000,0.0,0,HAYIR,HAYIR
2026-08-19 09:29:12.061,0.00,0.00,0,0.0,0.0,0.000,0.0,0,HAYIR,HAYIR
2026-08-19 09:29:12.080,0.00,0.00,0,0.0,0.0,0.000,0.0,0,HAYIR,HAYIR
2026-08-19 09:29:12.100,0.00,0.00,0,0.0,0.0,0.000,0.0,0,HAYIR,HAYIR
2026-08-19 09:29:12.120,0.00,0.00,0,0.0,0.0,0.000,0.0,0,HAYIR,HAYIR
2026-08-19 09:29:12.140,0.00,0.00,0,0.0,0.0,0.000,0.0,0,HAYIR,HAYIR
2026-08-19 09:29:12.160,0.00,0.00,0,0.0,0.0,0.000,0.0,0,HAYIR,HAYIR
2026-08-19 09:29:12.180,0.00,0.00,0,0.0,0.0,0.000,0.0,0,HAYIR,HAYIR
2026-08-19 09:29:12.200,0.00,0.00,0,0.0,0.0,0.000,0.0,0,HAYIR,HAYIR
2026-08-19 09:29:12.220,0.00,0.00,0,0.0,0.0,0.000,0.0,0,HAYIR,HAYIR
2026-08-19 09:29:12.240,0.00,0.00,0,0.0,0.0,0.000,0.0,0,HAYIR,HAYIR
2026-08-19 09:29:12.260,0.00,0.00,0,0.0,0.0,0.000,0.0,0,HAYIR,HAYIR
2026-08-19 09:29:12.280,0.00,0.00,0,0.0,0.0,0.000,0.0,0,HAYIR,HAYIR
2026-08-19 09:29:12.300,0.00,0.00,0,0.0,0.0,0.000,0.0,0,HAYIR,HAYIR
2026-08-19 09:29:12.321,0.00,0.00,0,0.0,0.0,0.000,0.0,0,HAYIR,HAYIR
2026-08-19 09:29:12.340,0.00,0.00,0,0.0,0.0,0.000,0.0,0,HAYIR,HAYIR
2026-08-19 09:29:12.361,0.00,0.00,0,0.0,0.0,0.000,0.0,0,HAYIR,HAYIR
2026-08-19 09:29:12.380,0.00,0.00,0,0.0,0.0,0.000,0.0,0,HAYIR,HAYIR
2026-08-19 09:29:12.400,0.00,0.00,0,0.0,0.0,0.000,0.0,0,HAYIR,HAYIR
2026-08-19 09:29:12.421,0.00,0.00,0,0.0,0.0,0.000,0.0,0,HAYIR,HAYIR
2026-08-19 09:29:12.440,0.00,0.00,0,0.0,0.0,0.000,0.0,0,HAYIR,HAYIR
2026-08-19 09:29:12.460,0.00,0.00,0,0.0,0.0,0.000,0.0,0,HAYIR,HAYIR
2026-08-19 09:29:12.480,0.00,0.00,0,0.0,0.0,0.000,0.0,0,HAYIR,HAYIR
2026-08-19 09:29:12.500,0.00,0.00,0,0.0,0.0,0.000,0.0,0,HAYIR,HAYIR
2026-08-19 09:29:12.521,0.00,0.00,0,0.0,0.0,0.000,0.0,0,HAYIR,HAYIR
2026-08-19 09:29:12.540,0.00,0.00,0,0.0,0.0,0.000,0.0,0,HAYIR,HAYIR
2026-08-19 09:29:12.560,0.00,0.00,0,0.0,0.0,0.000,0.0,0,HAYIR,HAYIR
2026-08-19 09:29:12.580,0.00,0.00,0,0.0,0.0,0.000,0.0,0,HAYIR,HAYIR
2026-08-19 09:29:12.600,0.00,0.00,0,0.0,0.0,0.000,0.0,0,HAYIR,HAYIR
2026-08-19 09:29:12.620,0.00,0.00,0,0.0,0.0,0.000,0.0,0,HAYIR,HAYIR
2026-08-19 09:29:12.641,0.00,0.00,0,0.0,0.0,0.000,0.0,0,HAYIR,HAYIR
2026-08-19 09:29:12.660,0.00,0.00,0,0.0,0.0,0.000,0.0,0,HAYIR,HAYIR
2026-08-19 09:29:12.680,0.00,0.00,0,0.0,0.0,0.000,0.0,0,HAYIR,HAYIR
2026-08-19 09:29:12.700,0.00,0.00,0,0.0,0.0,0.000,0.0,0,HAYIR,HAYIR
2026-08-19 09:29:12.720,0.00,0.00,0,0.0,0.0,0.000,0.0,0,HAYIR,HAYIR
2026-08-19 09:29:12.740,0.00,0.00,0,0.0,0.0,0.000,0.0,0,HAYIR,HAYIR
2026-08-19 09:29:12.761,0.00,0.00,0,0.0,0.0,0.000,0.0,0,HAYIR,HAYIR
2026-08-19 09:29:12.780,0.00,0.00,0,0.0,0.0,0.000,0.0,0,HAYIR,HAYIR
2026-08-19 09:29:12.800,0.00,0.00,0,0.0,0.0,0.000,0.0,0,HAYIR,HAYIR
2026-08-19 09:29:12.820,0.00,0.00,0,0.0,0.0,0.000,0.0,0,HAYIR,HAYIR
2026-08-19 09:29:12.840,0.00,0.00,0,0.0,0.0,0.000,0.0,0,HAYIR,HAYIR
2026-08-19 09:29:12.860,0.00,0.00,0,0.0,0.0,0.000,0.0,0,HAYIR,HAYIR
2026-08-19 09:29:12.880,0.00,0.00,0,0.0,0.0,0.000,0.0,0,HAYIR,HAYIR
2026-08-19 09:29:12.900,0.00,0.00,0,0.0,0.0,0.000,0.0,0,HAYIR,HAYIR
2026-08-19 09:29:12.920,0.00,0.00,0,0.0,0.0,0.000,0.0,0,HAYIR,HAYIR
2026-08-19 09:29:12.940,0.00,0.00,0,0.0,0.0,0.000,0.0,0,HAYIR,HAYIR
2026-08-19 09:29:12.960,0.00,0.00,0,0.0,0.0,0.000,0.0,0,HAYIR,HAYIR
2026-08-19 09:29:12.980,0.00,0.00,0,0.0,0.0,0.000,0.0,0,HAYIR,HAYIR
2026-08-19 09:29:13.000,0.00,0.00,0,0.0,0.0,0.000,0.0,0,HAYIR,HAYIR
2026-08-19 09:29:13.021,0.00,0.00,0,0.0,0.0,0.000,0.0,0,HAYIR,HAYIR
2026-08-19 09:29:13.040,0.00,0.00,0,0.0,0.0,0.000,0.0,0,HAYIR,HAYIR
2026-08-19 09:29:13.060,0.00,0.00,0,0.0,0.0,0.000,0.0,0,HAYIR,HAYIR
2026-08-19 09:29:13.080,0.00,0.00,0,0.0,0.0,0.000,0.0,0,HAYIR,HAYIR
2026-08-19 09:29:13.100,0.00,0.00,0,0.0,0.0,0.000,0.0,0,HAYIR,HAYIR
2026-08-19 09:29:13.120,0.00,0.00,0,0.0,0.0,0.000,0.0,0,HAYIR,HAYIR
2026-08-19 09:29:13.140,0.00,0.00,0,0.0,0.0,0.000,0.0,0,HAYIR,HAYIR
2026-08-19 09:29:13.160,0.00,0.00,0,0.0,0.0,0.000,0.0,0,HAYIR,HAYIR
2026-08-19 09:29:13.180,0.00,0.00,0,0.0,0.0,0.000,0.0,0,HAYIR,HAYIR
2026-08-19 09:29:13.200,0.00,0.00,0,0.0,0.0,0.000,0.0,0,HAYIR,HAYIR
2026-08-19 09:29:13.220,0.00,0.00,0,0.0,0.0,0.000,0.0,0,HAYIR,HAYIR
2026-08-19 09:29:13.240,0.00,0.00,0,0.0,0.0,0.000,0.0,0,HAYIR,HAYIR
2026-08-19 09:29:13.260,0.00,0.00,0,0.0,0.0,0.000,0.0,0,HAYIR,HAYIR
2026-08-19 09:29:13.280,0.00,0.00,0,0.0,0.0,0.000,0.0,0,HAYIR,HAYIR
2026-08-19 09:29:13.300,0.00,0.00,0,0.0,0.0,0.000,0.0,0,HAYIR,HAYIR
2026-08-19 09:29:13.320,0.00,0.00,0,0.0,0.0,0.000,0.0,0,HAYIR,HAYIR
2026-08-19 09:29:13.340,0.00,0.00,0,0.0,0.0,0.000,0.0,0,HAYIR,HAYIR
2026-08-19 09:29:13.360,0.00,0.00,0,0.0,0.0,0.000,0.0,0,HAYIR,HAYIR
2026-08-19 09:29:13.380,0.00,0.00,0,0.0,0.0,0.000,0.0,0,HAYIR,HAYIR
2026-08-19 09:29:13.400,0.00,0.00,0,0.0,0.0,0.000,0.0,0,HAYIR,HAYIR
2026-08-19 09:29:13.420,0.00,0.00,0,0.0,0.0,0.000,0.0,0,HAYIR,HAYIR
2026-08-19 09:29:13.440,0.00,0.00,0,0.0,0.0,0.000,0.0,0,HAYIR,HAYIR
2026-08-19 09:29:13.460,0.00,0.00,0,0.0,0.0,0.000,0.0,0,HAYIR,HAYIR
2026-08-19 09:29:13.480,0.00,0.00,0,0.0,0.0,0.000,0.0,0,HAYIR,HAYIR
2026-08-19 09:29:13.500,0.00,0.00,0,0.0,0.0,0.000,0.0,0,HAYIR,HAYIR
2026-08-19 09:29:13.520,0.00,0.00,0,0.0,0.0,0.000,0.0,0,HAYIR,HAYIR
2026-08-19 09:29:13.540,0.00,0.00,0,0.0,0.0,0.000,0.0,0,HAYIR,HAYIR
2026-08-19 09:29:13.560,0.00,0.00,0,0.0,0.0,0.000,0.0,0,HAYIR,HAYIR
2026-08-19 09:29:13.580,0.00,0.00,0,0.0,0.0,0.000,0.0,0,HAYIR,HAYIR
2026-08-19 09:29:13.600,0.00,0.00,0,0.0,0.0,0.000,0.0,0,HAYIR,HAYIR
2026-08-19 09:29:13.620,0.00,0.00,0,0.0,0.0,0.000,0.0,0,HAYIR,HAYIR
2026-08-19 09:29:13.640,0.00,0.00,0,0.0,0.0,0.000,0.0,0,HAYIR,HAYIR
2026-08-19 09:29:13.660,0.00,0.00,0,0.0,0.0,0.000,0.0,0,HAYIR,HAYIR
2026-08-19 09:29:13.680,0.00,0.00,0,0.0,0.0,0.000,0.0,0,HAYIR,HAYIR
2026-08-19 09:29:13.701,0.00,0.00,0,0.0,0.0,0.000,0.0,0,HAYIR,HAYIR
2026-08-19 09:29:13.720,0.00,0.00,0,0.0,0.0,0.000,0.0,0,HAYIR,HAYIR
2026-08-19 09:29:13.740,0.00,0.00,0,0.0,0.0,0.000,0.0,0,HAYIR,HAYIR
2026-08-19 09:29:13.760,0.00,0.00,0,0.0,0.0,0.000,0.0,0,HAYIR,HAYIR
2026-08-19 09:29:13.780,0.00,0.00,0,0.0,0.0,0.000,0.0,0,HAYIR,HAYIR
2026-08-19 09:29:13.800,0.00,0.00,0,0.0,0.0,0.000,0.0,0,HAYIR,HAYIR
2026-08-19 09:29:13.820,0.00,0.00,0,0.0,0.0,0.000,0.0,0,HAYIR,HAYIR
2026-08-19 09:29:13.841,0.00,0.00,0,0.0,0.0,0.000,0.0,0,HAYIR,HAYIR
2026-08-19 09:29:13.860,0.00,0.00,0,0.0,0.0,0.000,0.0,0,HAYIR,HAYIR
2026-08-19 09:29:13.880,0.00,0.00,0,0.0,0.0,0.000,0.0,0,HAYIR,HAYIR
2026-08-19 09:29:13.900,0.00,0.00,0,0.0,0.0,0.000,0.0,0,HAYIR,HAYIR
2026-08-19 09:29:13.920,0.00,0.00,0,0.0,0.0,0.000,0.0,0,HAYIR,HAYIR
2026-08-19 09:29:13.940,0.00,0.00,0,0.0,0.0,0.000,0.0,0,HAYIR,HAYIR
2026-08-19 09:29:13.960,0.00,0.00,0,0.0,0.0,0.000,0.0,0,HAYIR,HAYIR
2026-08-19 09:29:13.980,0.00,0.00,0,0.0,0.0,0.000,0.0,0,HAYIR,HAYIR
2026-08-19 09:29:14.000,0.00,0.00,0,0.0,0.0,0.000,0.0,0,HAYIR,HAYIR
2026-08-19 09:29:14.021,0.00,0.00,0,0.0,0.0,0.000,0.0,0,HAYIR,HAYIR
2026-08-19 09:29:14.041,0.00,0.00,0,0.0,0.0,0.000,0.0,0,HAYIR,HAYIR
2026-08-19 09:29:14.060,0.00,0.00,0,0.0,0.0,0.000,0.0,0,HAYIR,HAYIR
2026-08-19 09:29:14.080,0.00,0.00,0,0.0,0.0,0.000,0.0,0,HAYIR,HAYIR
2026-08-19 09:29:14.100,0.00,0.00,0,0.0,0.0,0.000,0.0,0,HAYIR,HAYIR
2026-08-19 09:29:14.120,0.00,0.00,0,0.0,0.0,0.000,0.0,0,HAYIR,HAYIR
2026-08-19 09:29:14.140,0.00,0.00,0,0.0,0.0,0.000,0.0,0,HAYIR,HAYIR
2026-08-19 09:29:14.160,0.00,0.00,0,0.0,0.0,0.000,0.0,0,HAYIR,HAYIR
2026-08-19 09:29:14.180,0.00,0.00,0,0.0,0.0,0.000,0.0,0,HAYIR,HAYIR
2026-08-19 09:29:14.200,0.00,0.00,0,0.0,0.0,0.000,0.0,0,HAYIR,HAYIR
2026-08-19 09:29:14.220,0.00,0.00,0,0.0,0.0,0.000,0.0,0,HAYIR,HAYIR
2026-08-19 09:29:14.241,0.00,0.00,0,0.0,0.0,0.000,0.0,0,HAYIR,HAYIR
2026-08-19 09:29:14.260,0.00,0.00,0,0.0,0.0,0.000,0.0,0,HAYIR,HAYIR
2026-08-19 09:29:14.280,0.00,0.00,0,0.0,0.0,0.000,0.0,0,HAYIR,HAYIR
2026-08-19 09:29:14.300,0.00,0.00,0,0.0,0.0,0.000,0.0,0,HAYIR,HAYIR
2026-08-19 09:29:14.320,0.00,0.00,0,0.0,0.0,0.000,0.0,0,HAYIR,HAYIR
2026-08-19 09:29:14.341,0.00,0.00,0,0.0,0.0,0.000,0.0,0,HAYIR,HAYIR
2026-08-19 09:29:14.360,0.00,0.00,0,0.0,0.0,0.000,0.0,0,HAYIR,HAYIR
2026-08-19 09:29:14.380,0.00,0.00,0,0.0,0.0,0.000,0.0,0,HAYIR,HAYIR
2026-08-19 09:29:14.400,0.00,0.00,0,0.0,0.0,0.000,0.0,0,HAYIR,HAYIR
2026-08-19 09:29:14.421,0.00,0.00,0,0.0,0.0,0.000,0.0,0,HAYIR,HAYIR
2026-08-19 09:29:14.440,0.00,0.00,0,0.0,0.0,0.000,0.0,0,HAYIR,HAYIR
2026-08-19 09:29:14.460,0.00,0.00,0,0.0,0.0,0.000,0.0,0,HAYIR,HAYIR
2026-08-19 09:29:14.480,0.00,0.00,0,0.0,0.0,0.000,0.0,0,HAYIR,HAYIR
2026-08-19 09:29:14.500,0.00,0.00,0,0.0,0.0,0.000,0.0,0,HAYIR,HAYIR
2026-08-19 09:29:14.520,0.00,0.00,0,0.0,0.0,0.000,0.0,0,HAYIR,HAYIR
2026-08-19 09:29:14.540,0.00,0.00,0,0.0,0.0,0.000,0.0,0,HAYIR,HAYIR
2026-08-19 09:29:14.560,0.00,0.00,0,0.0,0.0,0.000,0.0,0,HAYIR,HAYIR
2026-08-19 09:29:14.580,0.00,0.00,0,0.0,0.0,0.000,0.0,0,HAYIR,HAYIR
2026-08-19 09:29:14.600,0.00,0.00,0,0.0,0.0,0.000,0.0,0,HAYIR,HAYIR
2026-08-19 09:29:14.620,0.00,0.00,0,0.0,0.0,0.000,0.0,0,HAYIR,HAYIR
2026-08-19 09:29:14.640,0.00,0.00,0,0.0,0.0,0.000,0.0,0,HAYIR,HAYIR
2026-08-19 09:29:14.660,0.00,0.00,0,0.0,0.0,0.000,0.0,0,HAYIR,HAYIR
2026-08-19 09:29:14.680,0.00,0.00,0,0.0,0.0,0.000,0.0,0,HAYIR,HAYIR
2026-08-19 09:29:14.700,0.00,0.00,0,0.0,0.0,0.000,0.0,0,HAYIR,HAYIR
2026-08-19 09:29:14.720,0.00,0.00,0,0.0,0.0,0.000,0.0,0,HAYIR,HAYIR
2026-08-19 09:29:14.740,0.00,0.00,0,0.0,0.0,0.000,0.0,0,HAYIR,HAYIR
2026-08-19 09:29:14.760,0.00,0.00,0,0.0,0.0,0.000,0.0,0,HAYIR,HAYIR
2026-08-19 09:29:14.780,0.00,0.00,0,0.0,0.0,0.000,0.0,0,HAYIR,HAYIR
2026-08-19 09:29:14.801,0.00,0.00,0,0.0,0.0,0.000,0.0,0,HAYIR,HAYIR
2026-08-19 09:29:14.821,0.00,0.00,0,0.0,0.0,0.000,0.0,0,HAYIR,HAYIR
2026-08-19 09:29:14.841,0.00,0.00,0,0.0,0.0,0.000,0.0,0,HAYIR,HAYIR
2026-08-19 09:29:14.860,0.00,0.00,0,0.0,0.0,0.000,0.0,0,HAYIR,HAYIR
2026-08-19 09:29:14.880,0.00,0.00,0,0.0,0.0,0.000,0.0,0,HAYIR,HAYIR
2026-08-19 09:29:14.900,0.00,0.00,0,0.0,0.0,0.000,0.0,0,HAYIR,HAYIR
2026-08-19 09:29:14.920,0.00,0.00,0,0.0,0.0,0.000,0.0,0,HAYIR,HAYIR
2026-08-19 09:29:14.940,0.00,0.00,0,0.0,0.0,0.000,0.0,0,HAYIR,HAYIR
2026-08-19 09:29:14.960,0.00,0.00,0,0.0,0.0,0.000,0.0,0,HAYIR,HAYIR
2026-08-19 09:29:14.980,0.00,0.00,0,0.0,0.0,0.000,0.0,0,HAYIR,HAYIR
2026-08-19 09:29:15.001,0.00,0.00,0,0.0,0.0,0.000,0.0,0,HAYIR,HAYIR
2026-08-19 09:29:15.021,0.00,0.00,0,0.0,0.0,0.000,0.0,0,HAYIR,HAYIR
2026-08-19 09:29:15.040,0.00,0.00,0,0.0,0.0,0.000,0.0,0,HAYIR,HAYIR
2026-08-19 09:29:15.060,0.00,0.00,0,0.0,0.0,0.000,0.0,0,HAYIR,HAYIR
2026-08-19 09:29:15.080,0.00,0.00,0,0.0,0.0,0.000,0.0,0,HAYIR,HAYIR
2026-08-19 09:29:15.100,0.00,0.00,0,0.0,0.0,0.000,0.0,0,HAYIR,HAYIR
2026-08-19 09:29:15.120,0.00,0.00,0,0.0,0.0,0.000,0.0,0,HAYIR,HAYIR
2026-08-19 09:29:15.140,0.00,0.00,0,0.0,0.0,0.000,0.0,0,HAYIR,HAYIR
2026-08-19 09:29:15.160,0.00,0.00,0,0.0,0.0,0.000,0.0,0,HAYIR,HAYIR
2026-08-19 09:29:15.180,0.00,0.00,0,0.0,0.0,0.000,0.0,0,HAYIR,HAYIR
2026-08-19 09:29:15.200,0.00,0.00,0,0.0,0.0,0.000,0.0,0,HAYIR,HAYIR
2026-08-19 09:29:15.220,0.00,0.00,0,0.0,0.0,0.000,0.0,0,HAYIR,HAYIR
2026-08-19 09:29:15.240,0.00,0.00,0,0.0,0.0,0.000,0.0,0,HAYIR,HAYIR
2026-08-19 09:29:15.260,0.00,0.00,0,0.0,0.0,0.000,0.0,0,HAYIR,HAYIR
2026-08-19 09:29:15.280,0.00,0.00,0,0.0,0.0,0.000,0.0,0,HAYIR,HAYIR
2026-08-19 09:29:15.300,0.00,0.00,0,0.0,0.0,0.000,0.0,0,HAYIR,HAYIR
2026-08-19 09:29:15.320,0.00,0.00,0,0.0,0.0,0.000,0.0,0,HAYIR,HAYIR
2026-08-19 09:29:15.340,0.00,0.00,0,0.0,0.0,0.000,0.0,0,HAYIR,HAYIR
2026-08-19 09:29:15.360,0.00,0.00,0,0.0,0.0,0.000,0.0,0,HAYIR,HAYIR
2026-08-19 09:29:15.380,0.00,0.00,0,0.0,0.0,0.000,0.0,0,HAYIR,HAYIR
2026-08-19 09:29:15.400,0.00,0.00,0,0.0,0.0,0.000,0.0,0,HAYIR,HAYIR
2026-08-19 09:29:15.420,0.00,0.00,0,0.0,0.0,0.000,0.0,0,HAYIR,HAYIR
2026-08-19 09:29:15.440,0.00,0.00,0,0.0,0.0,0.000,0.0,0,HAYIR,HAYIR
2026-08-19 09:29:15.460,0.00,0.00,0,0.0,0.0,0.000,0.0,0,HAYIR,HAYIR
2026-08-19 09:29:15.480,0.00,0.00,0,0.0,0.0,0.000,0.0,0,HAYIR,HAYIR
2026-08-19 09:29:15.500,0.00,0.00,0,0.0,0.0,0.000,0.0,0,HAYIR,HAYIR
2026-08-19 09:29:15.520,0.00,0.00,0,0.0,0.0,0.000,0.0,0,HAYIR,HAYIR
2026-08-19 09:29:15.540,0.00,0.00,0,0.0,0.0,0.000,0.0,0,HAYIR,HAYIR
2026-08-19 09:29:15.560,0.00,0.00,0,0.0,0.0,0.000,0.0,0,HAYIR,HAYIR
2026-08-19 09:29:15.580,0.00,0.00,0,0.0,0.0,0.000,0.0,0,HAYIR,HAYIR
2026-08-19 09:29:15.600,0.00,0.00,0,0.0,0.0,0.000,0.0,0,HAYIR,HAYIR
2026-08-19 09:29:15.620,0.00,0.00,0,0.0,0.0,0.000,0.0,0,HAYIR,HAYIR
2026-08-19 09:29:15.640,0.00,0.00,0,0.0,0.0,0.000,0.0,0,HAYIR,HAYIR
2026-08-19 09:29:15.660,0.00,0.00,0,0.0,0.0,0.000,0.0,0,HAYIR,HAYIR
2026-08-19 09:29:15.680,0.00,0.00,0,0.0,0.0,0.000,0.0,0,HAYIR,HAYIR
2026-08-19 09:29:15.700,0.00,0.00,0,0.0,0.0,0.000,0.0,0,HAYIR,HAYIR
2026-08-19 09:29:15.720,0.00,0.00,0,0.0,0.0,0.000,0.0,0,HAYIR,HAYIR
2026-08-19 09:29:15.740,0.00,0.00,0,0.0,0.0,0.000,0.0,0,HAYIR,HAYIR
2026-08-19 09:29:15.760,0.00,0.00,0,0.0,0.0,0.000,0.0,0,HAYIR,HAYIR
2026-08-19 09:29:15.780,0.00,0.00,0,0.0,0.0,0.000,0.0,0,HAYIR,HAYIR
2026-08-19 09:29:15.800,0.00,0.00,0,0.0,0.0,0.000,0.0,0,HAYIR,HAYIR
2026-08-19 09:29:15.820,0.00,0.00,0,0.0,0.0,0.000,0.0,0,HAYIR,HAYIR
2026-08-19 09:29:15.840,0.00,0.00,0,0.0,0.0,0.000,0.0,0,HAYIR,HAYIR
2026-08-19 09:29:15.860,0.00,0.00,0,0.0,0.0,0.000,0.0,0,HAYIR,HAYIR
2026-08-19 09:29:15.880,0.00,0.00,0,0.0,0.0,0.000,0.0,0,HAYIR,HAYIR
2026-08-19 09:29:15.900,0.00,0.00,0,0.0,0.0,0.000,0.0,0,HAYIR,HAYIR
2026-08-19 09:29:15.920,0.00,0.00,0,0.0,0.0,0.000,0.0,0,HAYIR,HAYIR
2026-08-19 09:29:15.940,0.00,0.00,0,0.0,0.0,0.000,0.0,0,HAYIR,HAYIR
2026-08-19 09:29:15.960,0.00,0.00,0,0.0,0.0,0.000,0.0,0,HAYIR,HAYIR
2026-08-19 09:29:15.980,0.00,0.00,0,0.0,0.0,0.000,0.0,0,HAYIR,HAYIR
2026-08-19 09:29:16.000,0.00,0.00,0,0.0,0.0,0.000,0.0,0,HAYIR,HAYIR
2026-08-19 09:29:16.020,0.00,0.00,0,0.0,0.0,0.000,0.0,0,HAYIR,HAYIR
2026-08-19 09:29:16.040,0.00,0.00,0,0.0,0.0,0.000,0.0,0,HAYIR,HAYIR
2026-08-19 09:29:16.060,0.00,0.00,0,0.0,0.0,0.000,0.0,0,HAYIR,HAYIR
2026-08-19 09:29:16.080,0.00,0.00,0,0.0,0.0,0.000,0.0,0,HAYIR,HAYIR
2026-08-19 09:29:16.100,0.00,0.00,0,0.0,0.0,0.000,0.0,0,HAYIR,HAYIR
2026-08-19 09:29:16.120,0.00,0.00,0,0.0,0.0,0.000,0.0,0,HAYIR,HAYIR
2026-08-19 09:29:16.140,0.00,0.00,0,0.0,0.0,0.000,0.0,0,HAYIR,HAYIR
2026-08-19 09:29:16.160,0.00,0.00,0,0.0,0.0,0.000,0.0,0,HAYIR,HAYIR
2026-08-19 09:29:16.180,0.00,0.00,0,0.0,0.0,0.000,0.0,0,HAYIR,HAYIR
2026-08-19 09:29:16.200,0.00,0.00,0,0.0,0.0,0.000,0.0,0,HAYIR,HAYIR
2026-08-19 09:29:16.220,0.00,0.00,0,0.0,0.0,0.000,0.0,0,HAYIR,HAYIR
2026-08-19 09:29:16.240,0.00,0.00,0,0.0,0.0,0.000,0.0,0,HAYIR,HAYIR
2026-08-19 09:29:16.260,0.00,0.00,0,0.0,0.0,0.000,0.0,0,HAYIR,HAYIR
2026-08-19 09:29:16.280,0.00,0.00,0,0.0,0.0,0.000,0.0,0,HAYIR,HAYIR
2026-08-19 09:29:16.300,0.00,0.00,0,0.0,0.0,0.000,0.0,0,HAYIR,HAYIR
2026-08-19 09:29:16.320,0.00,0.00,0,0.0,0.0,0.000,0.0,0,HAYIR,HAYIR
2026-08-19 09:29:16.340,0.00,0.00,0,0.0,0.0,0.000,0.0,0,HAYIR,HAYIR
2026-08-19 09:29:16.361,0.00,0.00,0,0.0,0.0,0.000,0.0,0,HAYIR,HAYIR
2026-08-19 09:29:16.380,0.00,0.00,0,0.0,0.0,0.000,0.0,0,HAYIR,HAYIR
2026-08-19 09:29:16.400,0.00,0.00,0,0.0,0.0,0.000,0.0,0,HAYIR,HAYIR
2026-08-19 09:29:16.420,0.00,0.00,0,0.0,0.0,0.000,0.0,0,HAYIR,HAYIR
2026-08-19 09:29:16.440,0.00,0.00,0,0.0,0.0,0.000,0.0,0,HAYIR,HAYIR
2026-08-19 09:29:16.460,0.00,0.00,0,0.0,0.0,0.000,0.0,0,HAYIR,HAYIR
2026-08-19 09:29:16.480,0.00,0.00,0,0.0,0.0,0.000,0.0,0,HAYIR,HAYIR
2026-08-19 09:29:16.500,0.00,0.00,0,0.0,0.0,0.000,0.0,0,HAYIR,HAYIR
2026-08-19 09:29:16.520,0.00,0.00,0,0.0,0.0,0.000,0.0,0,HAYIR,HAYIR
2026-08-19 09:29:16.540,0.00,0.00,0,0.0,0.0,0.000,0.0,0,HAYIR,HAYIR
2026-08-19 09:29:16.560,0.00,0.00,0,0.0,0.0,0.000,0.0,0,HAYIR,HAYIR
2026-08-19 09:29:16.580,0.00,0.00,0,0.0,0.0,0.000,0.0,0,HAYIR,HAYIR
2026-08-19 09:29:16.600,0.00,0.00,0,0.0,0.0,0.000,0.0,0,HAYIR,HAYIR
2026-08-19 09:29:16.620,0.00,0.00,0,0.0,0.0,0.000,0.0,0,HAYIR,HAYIR
2026-08-19 09:29:16.640,0.00,0.00,0,0.0,0.0,0.000,0.0,0,HAYIR,HAYIR
2026-08-19 09:29:16.660,0.00,0.00,0,0.0,0.0,0.000,0.0,0,HAYIR,HAYIR
2026-08-19 09:29:16.680,0.00,0.00,0,0.0,0.0,0.000,0.0,0,HAYIR,HAYIR
2026-08-19 09:29:16.700,0.00,0.00,0,0.0,0.0,0.000,0.0,0,HAYIR,HAYIR
2026-08-19 09:29:16.720,0.00,0.00,0,0.0,0.0,0.000,0.0,0,HAYIR,HAYIR
2026-08-19 09:29:16.740,0.00,0.00,0,0.0,0.0,0.000,0.0,0,HAYIR,HAYIR
2026-08-19 09:29:16.760,0.00,0.00,0,0.0,0.0,0.000,0.0,0,HAYIR,HAYIR
2026-08-19 09:29:16.780,0.00,0.00,0,0.0,0.0,0.000,0.0,0,HAYIR,HAYIR
2026-08-19 09:29:16.800,0.00,0.00,0,0.0,0.0,0.000,0.0,0,HAYIR,HAYIR
2026-08-19 09:29:16.820,0.00,0.00,0,0.0,0.0,0.000,0.0,0,HAYIR,HAYIR
2026-08-19 09:29:16.840,0.00,0.00,0,0.0,0.0,0.000,0.0,0,HAYIR,HAYIR
2026-08-19 09:29:16.860,0.00,0.00,0,0.0,0.0,0.000,0.0,0,HAYIR,HAYIR
2026-08-19 09:29:16.880,0.00,0.00,0,0.0,0.0,0.000,0.0,0,HAYIR,HAYIR
2026-08-19 09:29:16.900,0.00,0.00,0,0.0,0.0,0.000,0.0,0,HAYIR,HAYIR
2026-08-19 09:29:16.920,0.00,0.00,0,0.0,0.0,0.000,0.0,0,HAYIR,HAYIR
2026-08-19 09:29:16.940,0.00,0.00,0,0.0,0.0,0.000,0.0,0,HAYIR,HAYIR
2026-08-19 09:29:16.960,0.00,0.00,0,0.0,0.0,0.000,0.0,0,HAYIR,HAYIR
2026-08-19 09:29:16.981,0.00,0.00,0,0.0,0.0,0.000,0.0,0,HAYIR,HAYIR
2026-08-19 09:29:17.000,0.00,0.00,0,0.0,0.0,0.000,0.0,0,HAYIR,HAYIR
2026-08-19 09:29:17.020,0.00,0.00,0,0.0,0.0,0.000,0.0,0,HAYIR,HAYIR
2026-08-19 09:29:17.040,0.00,0.00,0,0.0,0.0,0.000,0.0,0,HAYIR,HAYIR
2026-08-19 09:29:17.060,0.00,0.00,0,0.0,0.0,0.000,0.0,0,HAYIR,HAYIR
2026-08-19 09:29:17.080,0.00,0.00,0,0.0,0.0,0.000,0.0,0,HAYIR,HAYIR
2026-08-19 09:29:17.100,0.00,0.00,0,0.0,0.0,0.000,0.0,0,HAYIR,HAYIR
2026-08-19 09:29:17.120,0.00,0.00,0,0.0,0.0,0.000,0.0,0,HAYIR,HAYIR
2026-08-19 09:29:17.140,0.00,0.00,0,0.0,0.0,0.000,0.0,0,HAYIR,HAYIR
2026-08-19 09:29:17.160,0.00,0.00,0,0.0,0.0,0.000,0.0,0,HAYIR,HAYIR
2026-08-19 09:29:17.180,0.00,0.00,0,0.0,0.0,0.000,0.0,0,HAYIR,HAYIR
2026-08-19 09:29:17.200,0.00,0.00,0,0.0,0.0,0.000,0.0,0,HAYIR,HAYIR
2026-08-19 09:29:17.221,0.00,0.00,0,0.0,0.0,0.000,0.0,0,HAYIR,HAYIR
2026-08-19 09:29:17.240,0.00,0.00,0,0.0,0.0,0.000,0.0,0,HAYIR,HAYIR
2026-08-19 09:29:17.260,0.00,0.00,0,0.0,0.0,0.000,0.0,0,HAYIR,HAYIR
2026-08-19 09:29:17.280,0.00,0.00,0,0.0,0.0,0.000,0.0,0,HAYIR,HAYIR
2026-08-19 09:29:17.300,0.00,0.00,0,0.0,0.0,0.000,0.0,0,HAYIR,HAYIR
2026-08-19 09:29:17.321,0.00,0.00,0,0.0,0.0,0.000,0.0,0,HAYIR,HAYIR
2026-08-19 09:29:17.340,0.00,0.00,0,0.0,0.0,0.000,0.0,0,HAYIR,HAYIR
2026-08-19 09:29:17.360,0.00,0.00,0,0.0,0.0,0.000,0.0,0,HAYIR,HAYIR
2026-08-19 09:29:17.380,0.00,0.00,0,0.0,0.0,0.000,0.0,0,HAYIR,HAYIR
2026-08-19 09:29:17.400,0.00,0.00,0,0.0,0.0,0.000,0.0,0,HAYIR,HAYIR
2026-08-19 09:29:17.420,0.00,0.00,0,0.0,0.0,0.000,0.0,0,HAYIR,HAYIR
2026-08-19 09:29:17.440,0.00,0.00,0,0.0,0.0,0.000,0.0,0,HAYIR,HAYIR
2026-08-19 09:29:17.460,0.00,0.00,0,0.0,0.0,0.000,0.0,0,HAYIR,HAYIR
2026-08-19 09:29:17.480,0.00,0.00,0,0.0,0.0,0.000,0.0,0,HAYIR,HAYIR
2026-08-19 09:29:17.500,0.00,0.00,0,0.0,0.0,0.000,0.0,0,HAYIR,HAYIR
2026-08-19 09:29:17.520,0.00,0.00,0,0.0,0.0,0.000,0.0,0,HAYIR,HAYIR
2026-08-19 09:29:17.540,0.00,0.00,0,0.0,0.0,0.000,0.0,0,HAYIR,HAYIR
2026-08-19 09:29:17.560,0.00,0.00,0,0.0,0.0,0.000,0.0,0,HAYIR,HAYIR
2026-08-19 09:29:17.580,0.00,0.00,0,0.0,0.0,0.000,0.0,0,HAYIR,HAYIR
2026-08-19 09:29:17.600,0.00,0.00,0,0.0,0.0,0.000,0.0,0,HAYIR,HAYIR
2026-08-19 09:29:17.620,0.00,0.00,0,0.0,0.0,0.000,0.0,0,HAYIR,HAYIR
2026-08-19 09:29:17.640,0.00,0.00,0,0.0,0.0,0.000,0.0,0,HAYIR,HAYIR
2026-08-19 09:29:17.661,0.00,0.00,0,0.0,0.0,0.000,0.0,0,HAYIR,HAYIR
2026-08-19 09:29:17.680,0.00,0.00,0,0.0,0.0,0.000,0.0,0,HAYIR,HAYIR
2026-08-19 09:29:17.701,0.00,0.00,0,0.0,0.0,0.000,0.0,0,HAYIR,HAYIR
2026-08-19 09:29:17.720,0.00,0.00,0,0.0,0.0,0.000,0.0,0,HAYIR,HAYIR
2026-08-19 09:29:17.740,0.00,0.00,0,0.0,0.0,0.000,0.0,0,HAYIR,HAYIR
2026-08-19 09:29:17.761,0.00,0.00,0,0.0,0.0,0.000,0.0,0,HAYIR,HAYIR
2026-08-19 09:29:17.780,0.00,0.00,0,0.0,0.0,0.000,0.0,0,HAYIR,HAYIR
2026-08-19 09:29:17.800,0.00,0.00,0,0.0,0.0,0.000,0.0,0,HAYIR,HAYIR
2026-08-19 09:29:17.821,0.00,0.00,0,0.0,0.0,0.000,0.0,0,HAYIR,HAYIR
2026-08-19 09:29:17.840,0.00,0.00,0,0.0,0.0,0.000,0.0,0,HAYIR,HAYIR
2026-08-19 09:29:17.860,0.00,0.00,0,0.0,0.0,0.000,0.0,0,HAYIR,HAYIR
2026-08-19 09:29:17.880,0.00,0.00,0,0.0,0.0,0.000,0.0,0,HAYIR,HAYIR
2026-08-19 09:29:17.901,0.00,0.00,0,0.0,0.0,0.000,0.0,0,HAYIR,HAYIR
2026-08-19 09:29:17.920,0.00,0.00,0,0.0,0.0,0.000,0.0,0,HAYIR,HAYIR
2026-08-19 09:29:17.941,0.00,0.00,0,0.0,0.0,0.000,0.0,0,HAYIR,HAYIR
2026-08-19 09:29:17.960,0.00,0.00,0,0.0,0.0,0.000,0.0,0,HAYIR,HAYIR
2026-08-19 09:29:17.981,0.00,0.00,0,0.0,0.0,0.000,0.0,0,HAYIR,HAYIR
2026-08-19 09:29:18.000,0.00,0.00,0,0.0,0.0,0.000,0.0,0,HAYIR,HAYIR
2026-08-19 09:29:18.020,0.00,0.00,0,0.0,0.0,0.000,0.0,0,HAYIR,HAYIR
2026-08-19 09:29:18.040,0.00,0.00,0,0.0,0.0,0.000,0.0,0,HAYIR,HAYIR
2026-08-19 09:29:18.060,0.00,0.00,0,0.0,0.0,0.000,0.0,0,HAYIR,HAYIR
2026-08-19 09:29:18.080,0.00,0.00,0,0.0,0.0,0.000,0.0,0,HAYIR,HAYIR
2026-08-19 09:29:18.100,0.00,0.00,0,0.0,0.0,0.000,0.0,0,HAYIR,HAYIR
2026-08-19 09:29:18.120,0.00,0.00,0,0.0,0.0,0.000,0.0,0,HAYIR,HAYIR
2026-08-19 09:29:18.140,0.00,0.00,0,0.0,0.0,0.000,0.0,0,HAYIR,HAYIR
2026-08-19 09:29:18.160,0.00,0.00,0,0.0,0.0,0.000,0.0,0,HAYIR,HAYIR
2026-08-19 09:29:18.180,0.00,0.00,0,0.0,0.0,0.000,0.0,0,HAYIR,HAYIR
2026-08-19 09:29:18.200,0.00,0.00,0,0.0,0.0,0.000,0.0,0,HAYIR,HAYIR
2026-08-19 09:29:18.220,0.00,0.00,0,0.0,0.0,0.000,0.0,0,HAYIR,HAYIR
2026-08-19 09:29:18.240,0.00,0.00,0,0.0,0.0,0.000,0.0,0,HAYIR,HAYIR
2026-08-19 09:29:18.260,0.00,0.00,0,0.0,0.0,0.000,0.0,0,HAYIR,HAYIR
2026-08-19 09:29:18.280,0.00,0.00,0,0.0,0.0,0.000,0.0,0,HAYIR,HAYIR
2026-08-19 09:29:18.300,0.00,0.00,0,0.0,0.0,0.000,0.0,0,HAYIR,HAYIR
2026-08-19 09:29:18.320,0.00,0.00,0,0.0,0.0,0.000,0.0,0,HAYIR,HAYIR
2026-08-19 09:29:18.340,0.00,0.00,0,0.0,0.0,0.000,0.0,0,HAYIR,HAYIR
2026-08-19 09:29:18.360,0.00,0.00,0,0.0,0.0,0.000,0.0,0,HAYIR,HAYIR
2026-08-19 09:29:18.380,0.00,0.00,0,0.0,0.0,0.000,0.0,0,HAYIR,HAYIR
2026-08-19 09:29:18.400,0.00,0.00,0,0.0,0.0,0.000,0.0,0,HAYIR,HAYIR
2026-08-19 09:29:18.420,0.00,0.00,0,0.0,0.0,0.000,0.0,0,HAYIR,HAYIR
2026-08-19 09:29:18.440,0.00,0.00,0,0.0,0.0,0.000,0.0,0,HAYIR,HAYIR
2026-08-19 09:29:18.460,0.00,0.00,0,0.0,0.0,0.000,0.0,0,HAYIR,HAYIR
2026-08-19 09:29:18.480,0.00,0.00,0,0.0,0.0,0.000,0.0,0,HAYIR,HAYIR
2026-08-19 09:29:18.500,0.00,0.00,0,0.0,0.0,0.000,0.0,0,HAYIR,HAYIR
2026-08-19 09:29:18.520,0.00,0.00,0,0.0,0.0,0.000,0.0,0,HAYIR,HAYIR
2026-08-19 09:29:18.540,0.00,0.00,0,0.0,0.0,0.000,0.0,0,HAYIR,HAYIR
2026-08-19 09:29:18.560,0.00,0.00,0,0.0,0.0,0.000,0.0,0,HAYIR,HAYIR
2026-08-19 09:29:18.580,0.00,0.00,0,0.0,0.0,0.000,0.0,0,HAYIR,HAYIR
2026-08-19 09:29:18.600,0.00,0.00,0,0.0,0.0,0.000,0.0,0,HAYIR,HAYIR
2026-08-19 09:29:18.620,0.00,0.00,0,0.0,0.0,0.000,0.0,0,HAYIR,HAYIR
2026-08-19 09:29:18.640,0.00,0.00,0,0.0,0.0,0.000,0.0,0,HAYIR,HAYIR
2026-08-19 09:29:18.660,0.00,0.00,0,0.0,0.0,0.000,0.0,0,HAYIR,HAYIR
2026-08-19 09:29:18.680,0.00,0.00,0,0.0,0.0,0.000,0.0,0,HAYIR,HAYIR
2026-08-19 09:29:18.700,0.00,0.00,0,0.0,0.0,0.000,0.0,0,HAYIR,HAYIR
2026-08-19 09:29:18.720,0.00,0.00,0,0.0,0.0,0.000,0.0,0,HAYIR,HAYIR
2026-08-19 09:29:18.740,0.00,0.00,0,0.0,0.0,0.000,0.0,0,HAYIR,HAYIR
2026-08-19 09:29:18.761,0.00,0.00,0,0.0,0.0,0.000,0.0,0,HAYIR,HAYIR
2026-08-19 09:29:18.780,0.00,0.00,0,0.0,0.0,0.000,0.0,0,HAYIR,HAYIR
2026-08-19 09:29:18.800,0.00,0.00,0,0.0,0.0,0.000,0.0,0,HAYIR,HAYIR
2026-08-19 09:29:18.820,0.00,0.00,0,0.0,0.0,0.000,0.0,0,HAYIR,HAYIR
2026-08-19 09:29:18.840,0.00,0.00,0,0.0,0.0,0.000,0.0,0,HAYIR,HAYIR
2026-08-19 09:29:18.860,0.00,0.00,0,0.0,0.0,0.000,0.0,0,HAYIR,HAYIR
2026-08-19 09:29:18.880,0.00,0.00,0,0.0,0.0,0.000,0.0,0,HAYIR,HAYIR
2026-08-19 09:29:18.900,0.00,0.00,0,0.0,0.0,0.000,0.0,0,HAYIR,HAYIR
2026-08-19 09:29:18.920,0.00,0.00,0,0.0,0.0,0.000,0.0,0,HAYIR,HAYIR
2026-08-19 09:29:18.940,0.00,0.00,0,0.0,0.0,0.000,0.0,0,HAYIR,HAYIR
2026-08-19 09:29:18.960,0.00,0.00,0,0.0,0.0,0.000,0.0,0,HAYIR,HAYIR
2026-08-19 09:29:18.980,0.00,0.00,0,0.0,0.0,0.000,0.0,0,HAYIR,HAYIR
2026-08-19 09:29:19.000,0.00,0.00,0,0.0,0.0,0.000,0.0,0,HAYIR,HAYIR
2026-08-19 09:29:19.020,0.00,0.00,0,0.0,0.0,0.000,0.0,0,HAYIR,HAYIR
2026-08-19 09:29:19.040,0.00,0.00,0,0.0,0.0,0.000,0.0,0,HAYIR,HAYIR
2026-08-19 09:29:19.060,0.00,0.00,0,0.0,0.0,0.000,0.0,0,HAYIR,HAYIR
2026-08-19 09:29:19.080,0.00,0.00,0,0.0,0.0,0.000,0.0,0,HAYIR,HAYIR
2026-08-19 09:29:19.100,0.00,0.00,0,0.0,0.0,0.000,0.0,0,HAYIR,HAYIR
2026-08-19 09:29:19.120,0.00,0.00,0,0.0,0.0,0.000,0.0,0,HAYIR,HAYIR
2026-08-19 09:29:19.140,0.00,0.00,0,0.0,0.0,0.000,0.0,0,HAYIR,HAYIR
2026-08-19 09:29:19.161,0.00,0.00,0,0.0,0.0,0.000,0.0,0,HAYIR,HAYIR
2026-08-19 09:29:19.180,0.00,0.00,0,0.0,0.0,0.000,0.0,0,HAYIR,HAYIR
2026-08-19 09:29:19.200,0.00,0.00,0,0.0,0.0,0.000,0.0,0,HAYIR,HAYIR
2026-08-19 09:29:19.221,0.00,0.00,0,0.0,0.0,0.000,0.0,0,HAYIR,HAYIR
2026-08-19 09:29:19.240,0.00,0.00,0,0.0,0.0,0.000,0.0,0,HAYIR,HAYIR
2026-08-19 09:29:19.260,0.00,0.00,0,0.0,0.0,0.000,0.0,0,HAYIR,HAYIR
2026-08-19 09:29:19.280,0.00,0.00,0,0.0,0.0,0.000,0.0,0,HAYIR,HAYIR
2026-08-19 09:29:19.300,0.00,0.00,0,0.0,0.0,0.000,0.0,0,HAYIR,HAYIR
2026-08-19 09:29:19.320,0.00,0.00,0,0.0,0.0,0.000,0.0,0,HAYIR,HAYIR
2026-08-19 09:29:19.340,0.00,0.00,0,0.0,0.0,0.000,0.0,0,HAYIR,HAYIR
2026-08-19 09:29:19.360,0.00,0.00,0,0.0,0.0,0.000,0.0,0,HAYIR,HAYIR
2026-08-19 09:29:19.380,0.00,0.00,0,0.0,0.0,0.000,0.0,0,HAYIR,HAYIR
2026-08-19 09:29:19.401,0.00,0.00,0,0.0,0.0,0.000,0.0,0,HAYIR,HAYIR
2026-08-19 09:29:19.421,0.00,0.00,0,0.0,0.0,0.000,0.0,0,HAYIR,HAYIR
2026-08-19 09:29:19.440,0.00,0.00,0,0.0,0.0,0.000,0.0,0,HAYIR,HAYIR
2026-08-19 09:29:19.460,0.00,0.00,0,0.0,0.0,0.000,0.0,0,HAYIR,HAYIR
2026-08-19 09:29:19.480,0.00,0.00,0,0.0,0.0,0.000,0.0,0,HAYIR,HAYIR
2026-08-19 09:29:19.500,0.00,0.00,0,0.0,0.0,0.000,0.0,0,HAYIR,HAYIR
2026-08-19 09:29:19.520,0.00,0.00,0,0.0,0.0,0.000,0.0,0,HAYIR,HAYIR
2026-08-19 09:29:19.540,0.00,0.00,0,0.0,0.0,0.000,0.0,0,HAYIR,HAYIR
2026-08-19 09:29:19.560,0.00,0.00,0,0.0,0.0,0.000,0.0,0,HAYIR,HAYIR
2026-08-19 09:29:19.580,0.00,0.00,0,0.0,0.0,0.000,0.0,0,HAYIR,HAYIR
2026-08-19 09:29:19.600,0.00,0.00,0,0.0,0.0,0.000,0.0,0,HAYIR,HAYIR
2026-08-19 09:29:19.620,0.00,0.00,0,0.0,0.0,0.000,0.0,0,HAYIR,HAYIR
2026-08-19 09:29:19.641,0.00,0.00,0,0.0,0.0,0.000,0.0,0,HAYIR,HAYIR
2026-08-19 09:29:19.660,0.00,0.00,0,0.0,0.0,0.000,0.0,0,HAYIR,HAYIR
2026-08-19 09:29:19.680,0.00,0.00,0,0.0,0.0,0.000,0.0,0,HAYIR,HAYIR
2026-08-19 09:29:19.700,0.00,0.00,0,0.0,0.0,0.000,0.0,0,HAYIR,HAYIR
2026-08-19 09:29:19.720,0.00,0.00,0,0.0,0.0,0.000,0.0,0,HAYIR,HAYIR
2026-08-19 09:29:19.740,0.00,0.00,0,0.0,0.0,0.000,0.0,0,HAYIR,HAYIR
2026-08-19 09:29:19.760,0.00,0.00,0,0.0,0.0,0.000,0.0,0,HAYIR,HAYIR
2026-08-19 09:29:19.780,0.00,0.00,0,0.0,0.0,0.000,0.0,0,HAYIR,HAYIR
2026-08-19 09:29:19.800,0.00,0.00,0,0.0,0.0,0.000,0.0,0,HAYIR,HAYIR
2026-08-19 09:29:19.820,0.00,0.00,0,0.0,0.0,0.000,0.0,0,HAYIR,HAYIR
2026-08-19 09:29:19.840,0.00,0.00,0,0.0,0.0,0.000,0.0,0,HAYIR,HAYIR
2026-08-19 09:29:19.860,0.00,0.00,0,0.0,0.0,0.000,0.0,0,HAYIR,HAYIR
2026-08-19 09:29:19.880,0.00,0.00,0,0.0,0.0,0.000,0.0,0,HAYIR,HAYIR
2026-08-19 09:29:19.900,0.00,0.00,0,0.0,0.0,0.000,0.0,0,HAYIR,HAYIR
2026-08-19 09:29:19.920,0.00,0.00,0,0.0,0.0,0.000,0.0,0,HAYIR,HAYIR
2026-08-19 09:29:19.940,0.00,0.00,0,0.0,0.0,0.000,0.0,0,HAYIR,HAYIR
2026-08-19 09:29:19.960,0.00,0.00,0,0.0,0.0,0.000,0.0,0,HAYIR,HAYIR
2026-08-19 09:29:19.980,0.00,0.00,0,0.0,0.0,0.000,0.0,0,HAYIR,HAYIR
2026-08-19 09:29:20.000,0.00,0.00,0,0.0,0.0,0.000,0.0,0,HAYIR,HAYIR
2026-08-19 09:29:20.020,0.00,0.00,0,0.0,0.0,0.000,0.0,0,HAYIR,HAYIR
2026-08-19 09:29:20.041,0.00,0.00,0,0.0,0.0,0.000,0.0,0,HAYIR,HAYIR
2026-08-19 09:29:20.060,0.00,0.00,0,0.0,0.0,0.000,0.0,0,HAYIR,HAYIR
2026-08-19 09:29:20.080,0.00,0.00,0,0.0,0.0,0.000,0.0,0,HAYIR,HAYIR
2026-08-19 09:29:20.100,0.00,0.00,0,0.0,0.0,0.000,0.0,0,HAYIR,HAYIR
2026-08-19 09:29:20.120,0.00,0.00,0,0.0,0.0,0.000,0.0,0,HAYIR,HAYIR
2026-08-19 09:29:20.140,0.00,0.00,0,0.0,0.0,0.000,0.0,0,HAYIR,HAYIR
2026-08-19 09:29:20.160,0.00,0.00,0,0.0,0.0,0.000,0.0,0,HAYIR,HAYIR
2026-08-19 09:29:20.180,0.00,0.00,0,0.0,0.0,0.000,0.0,0,HAYIR,HAYIR
2026-08-19 09:29:20.200,0.00,0.00,0,0.0,0.0,0.000,0.0,0,HAYIR,HAYIR
2026-08-19 09:29:20.220,0.00,0.00,0,0.0,0.0,0.000,0.0,0,HAYIR,HAYIR
2026-08-19 09:29:20.240,0.00,0.00,0,0.0,0.0,0.000,0.0,0,HAYIR,HAYIR
2026-08-19 09:29:20.260,0.00,0.00,0,0.0,0.0,0.000,0.0,0,HAYIR,HAYIR
2026-08-19 09:29:20.280,0.00,0.00,0,0.0,0.0,0.000,0.0,0,HAYIR,HAYIR
2026-08-19 09:29:20.300,0.00,0.00,0,0.0,0.0,0.000,0.0,0,HAYIR,HAYIR
2026-08-19 09:29:20.320,0.00,0.00,0,0.0,0.0,0.000,0.0,0,HAYIR,HAYIR
2026-08-19 09:29:20.340,0.00,0.00,0,0.0,0.0,0.000,0.0,0,HAYIR,HAYIR
2026-08-19 09:29:20.360,0.00,0.00,0,0.0,0.0,0.000,0.0,0,HAYIR,HAYIR
2026-08-19 09:29:20.380,0.00,0.00,0,0.0,0.0,0.000,0.0,0,HAYIR,HAYIR
2026-08-19 09:29:20.400,0.00,0.00,0,0.0,0.0,0.000,0.0,0,HAYIR,HAYIR
2026-08-19 09:29:20.420,0.00,0.00,0,0.0,0.0,0.000,0.0,0,HAYIR,HAYIR
2026-08-19 09:29:20.440,0.00,0.00,0,0.0,0.0,0.000,0.0,0,HAYIR,HAYIR
2026-08-19 09:29:20.460,0.00,0.00,0,0.0,0.0,0.000,0.0,0,HAYIR,HAYIR
2026-08-19 09:29:20.480,0.00,0.00,0,0.0,0.0,0.000,0.0,0,HAYIR,HAYIR
2026-08-19 09:29:20.500,0.00,0.00,0,0.0,0.0,0.000,0.0,0,HAYIR,HAYIR
2026-08-19 09:29:20.520,0.00,0.00,0,0.0,0.0,0.000,0.0,0,HAYIR,HAYIR
2026-08-19 09:29:20.540,0.00,0.00,0,0.0,0.0,0.000,0.0,0,HAYIR,HAYIR
2026-08-19 09:29:20.560,0.00,0.00,0,0.0,0.0,0.000,0.0,0,HAYIR,HAYIR
2026-08-19 09:29:20.580,0.00,0.00,0,0.0,0.0,0.000,0.0,0,HAYIR,HAYIR
2026-08-19 09:29:20.600,0.00,0.00,0,0.0,0.0,0.000,0.0,0,HAYIR,HAYIR
2026-08-19 09:29:20.620,0.00,0.00,0,0.0,0.0,0.000,0.0,0,HAYIR,HAYIR
2026-08-19 09:29:20.640,0.00,0.00,0,0.0,0.0,0.000,0.0,0,HAYIR,HAYIR
2026-08-19 09:29:20.660,0.00,0.00,0,0.0,0.0,0.000,0.0,0,HAYIR,HAYIR
2026-08-19 09:29:20.680,0.00,0.00,0,0.0,0.0,0.000,0.0,0,HAYIR,HAYIR
2026-08-19 09:29:20.700,0.00,0.00,0,0.0,0.0,0.000,0.0,0,HAYIR,HAYIR
2026-08-19 09:29:20.720,0.00,0.00,0,0.0,0.0,0.000,0.0,0,HAYIR,HAYIR
2026-08-19 09:29:20.740,0.00,0.00,0,0.0,0.0,0.000,0.0,0,HAYIR,HAYIR
2026-08-19 09:29:20.760,0.00,0.00,0,0.0,0.0,0.000,0.0,0,HAYIR,HAYIR
2026-08-19 09:29:20.780,0.00,0.00,0,0.0,0.0,0.000,0.0,0,HAYIR,HAYIR
2026-08-19 09:29:20.801,0.00,0.00,0,0.0,0.0,0.000,0.0,0,HAYIR,HAYIR
2026-08-19 09:29:20.820,0.00,0.00,0,0.0,0.0,0.000,0.0,0,HAYIR,HAYIR
2026-08-19 09:29:20.840,0.00,0.00,0,0.0,0.0,0.000,0.0,0,HAYIR,HAYIR
2026-08-19 09:29:20.860,0.00,0.00,0,0.0,0.0,0.000,0.0,0,HAYIR,HAYIR
2026-08-19 09:29:20.880,0.00,0.00,0,0.0,0.0,0.000,0.0,0,HAYIR,HAYIR
2026-08-19 09:29:20.900,0.00,0.00,0,0.0,0.0,0.000,0.0,0,HAYIR,HAYIR
2026-08-19 09:29:20.920,0.00,0.00,0,0.0,0.0,0.000,0.0,0,HAYIR,HAYIR
2026-08-19 09:29:20.940,0.00,0.00,0,0.0,0.0,0.000,0.0,0,HAYIR,HAYIR
2026-08-19 09:29:20.960,0.00,0.00,0,0.0,0.0,0.000,0.0,0,HAYIR,HAYIR
2026-08-19 09:29:20.980,0.00,0.00,0,0.0,0.0,0.000,0.0,0,HAYIR,HAYIR
2026-08-19 09:29:21.000,0.00,0.00,0,0.0,0.0,0.000,0.0,0,HAYIR,HAYIR
2026-08-19 09:29:21.020,0.00,0.00,0,0.0,0.0,0.000,0.0,0,HAYIR,HAYIR
2026-08-19 09:29:21.040,0.00,0.00,0,0.0,0.0,0.000,0.0,0,HAYIR,HAYIR
2026-08-19 09:29:21.060,0.00,0.00,0,0.0,0.0,0.000,0.0,0,HAYIR,HAYIR
2026-08-19 09:29:21.080,0.00,0.00,0,0.0,0.0,0.000,0.0,0,HAYIR,HAYIR
2026-08-19 09:29:21.100,0.00,0.00,0,0.0,0.0,0.000,0.0,0,HAYIR,HAYIR
2026-08-19 09:29:21.120,0.00,0.00,0,0.0,0.0,0.000,0.0,0,HAYIR,HAYIR
2026-08-19 09:29:21.140,0.00,0.00,0,0.0,0.0,0.000,0.0,0,HAYIR,HAYIR
2026-08-19 09:29:21.160,0.00,0.00,0,0.0,0.0,0.000,0.0,0,HAYIR,HAYIR
2026-08-19 09:29:21.180,0.00,0.00,0,0.0,0.0,0.000,0.0,0,HAYIR,HAYIR
2026-08-19 09:29:21.200,0.00,0.00,0,0.0,0.0,0.000,0.0,0,HAYIR,HAYIR
2026-08-19 09:29:21.220,0.00,0.00,0,0.0,0.0,0.000,0.0,0,HAYIR,HAYIR
2026-08-19 09:29:21.240,0.00,0.00,0,0.0,0.0,0.000,0.0,0,HAYIR,HAYIR
2026-08-19 09:29:21.260,0.00,0.00,0,0.0,0.0,0.000,0.0,0,HAYIR,HAYIR
2026-08-19 09:29:21.280,0.00,0.00,0,0.0,0.0,0.000,0.0,0,HAYIR,HAYIR
2026-08-19 09:29:21.300,0.00,0.00,0,0.0,0.0,0.000,0.0,0,HAYIR,HAYIR
2026-08-19 09:29:21.320,0.00,0.00,0,0.0,0.0,0.000,0.0,0,HAYIR,HAYIR
2026-08-19 09:29:21.340,0.00,0.00,0,0.0,0.0,0.000,0.0,0,HAYIR,HAYIR
2026-08-19 09:29:21.360,0.00,0.00,0,0.0,0.0,0.000,0.0,0,HAYIR,HAYIR
2026-08-19 09:29:21.380,0.00,0.00,0,0.0,0.0,0.000,0.0,0,HAYIR,HAYIR
2026-08-19 09:29:21.400,0.00,0.00,0,0.0,0.0,0.000,0.0,0,HAYIR,HAYIR
2026-08-19 09:29:21.420,0.00,0.00,0,0.0,0.0,0.000,0.0,0,HAYIR,HAYIR
2026-08-19 09:29:21.441,0.00,0.00,0,0.0,0.0,0.000,0.0,0,HAYIR,HAYIR
2026-08-19 09:29:21.461,0.00,0.00,0,0.0,0.0,0.000,0.0,0,HAYIR,HAYIR
2026-08-19 09:29:21.480,0.00,0.00,0,0.0,0.0,0.000,0.0,0,HAYIR,HAYIR
2026-08-19 09:29:21.500,0.00,0.00,0,0.0,0.0,0.000,0.0,0,HAYIR,HAYIR
2026-08-19 09:29:21.520,0.00,0.00,0,0.0,0.0,0.000,0.0,0,HAYIR,HAYIR
2026-08-19 09:29:21.540,0.00,0.00,0,0.0,0.0,0.000,0.0,0,HAYIR,HAYIR
2026-08-19 09:29:21.560,0.00,0.00,0,0.0,0.0,0.000,0.0,0,HAYIR,HAYIR
2026-08-19 09:29:21.580,0.00,0.00,0,0.0,0.0,0.000,0.0,0,HAYIR,HAYIR
2026-08-19 09:29:21.600,0.00,0.00,0,0.0,0.0,0.000,0.0,0,HAYIR,HAYIR
2026-08-19 09:29:21.620,0.00,0.00,0,0.0,0.0,0.000,0.0,0,HAYIR,HAYIR
2026-08-19 09:29:21.640,0.00,0.00,0,0.0,0.0,0.000,0.0,0,HAYIR,HAYIR
2026-08-19 09:29:21.668,0.00,0.00,0,0.0,0.0,0.000,0.0,0,HAYIR,HAYIR
2026-08-19 09:29:21.680,0.00,0.00,0,0.0,0.0,0.000,0.0,0,HAYIR,HAYIR
2026-08-19 09:29:21.700,0.00,0.00,0,0.0,0.0,0.000,0.0,0,HAYIR,HAYIR
2026-08-19 09:29:21.720,0.00,0.00,0,0.0,0.0,0.000,0.0,0,HAYIR,HAYIR
2026-08-19 09:29:21.740,0.00,0.00,0,0.0,0.0,0.000,0.0,0,HAYIR,HAYIR
2026-08-19 09:29:21.760,0.00,0.00,0,0.0,0.0,0.000,0.0,0,HAYIR,HAYIR
2026-08-19 09:29:21.780,0.00,0.00,0,0.0,0.0,0.000,0.0,0,HAYIR,HAYIR
2026-08-19 09:29:21.800,0.00,0.00,0,0.0,0.0,0.000,0.0,0,HAYIR,HAYIR
2026-08-19 09:29:21.820,0.00,0.00,0,0.0,0.0,0.000,0.0,0,HAYIR,HAYIR
2026-08-19 09:29:21.840,0.00,0.00,0,0.0,0.0,0.000,0.0,0,HAYIR,HAYIR
2026-08-19 09:29:21.860,0.00,0.00,0,0.0,0.0,0.000,0.0,0,HAYIR,HAYIR
2026-08-19 09:29:21.880,0.00,0.00,0,0.0,0.0,0.000,0.0,0,HAYIR,HAYIR
2026-08-19 09:29:21.900,0.00,0.00,0,0.0,0.0,0.000,0.0,0,HAYIR,HAYIR
2026-08-19 09:29:21.920,0.00,0.00,0,0.0,0.0,0.000,0.0,0,HAYIR,HAYIR
2026-08-19 09:29:21.940,0.00,0.00,0,0.0,0.0,0.000,0.0,0,HAYIR,HAYIR
2026-08-19 09:29:21.960,0.00,0.00,0,0.0,0.0,0.000,0.0,0,HAYIR,HAYIR
2026-08-19 09:29:21.980,0.00,0.00,0,0.0,0.0,0.000,0.0,0,HAYIR,HAYIR
2026-08-19 09:29:22.000,0.00,0.00,0,0.0,0.0,0.000,0.0,0,HAYIR,HAYIR
2026-08-19 09:29:22.020,0.00,0.00,0,0.0,0.0,0.000,0.0,0,HAYIR,HAYIR
2026-08-19 09:29:22.040,0.00,0.00,0,0.0,0.0,0.000,0.0,0,HAYIR,HAYIR
2026-08-19 09:29:22.060,0.00,0.00,0,0.0,0.0,0.000,0.0,0,HAYIR,HAYIR
2026-08-19 09:29:22.080,0.00,0.00,0,0.0,0.0,0.000,0.0,0,HAYIR,HAYIR
2026-08-19 09:29:22.100,0.00,0.00,0,0.0,0.0,0.000,0.0,0,HAYIR,HAYIR
2026-08-19 09:29:22.120,0.00,0.00,0,0.0,0.0,0.000,0.0,0,HAYIR,HAYIR
2026-08-19 09:29:22.140,0.00,0.00,0,0.0,0.0,0.000,0.0,0,HAYIR,HAYIR
2026-08-19 09:29:22.160,0.00,0.00,0,0.0,0.0,0.000,0.0,0,HAYIR,HAYIR
2026-08-19 09:29:22.180,0.00,0.00,0,0.0,0.0,0.000,0.0,0,HAYIR,HAYIR
2026-08-19 09:29:22.200,0.00,0.00,0,0.0,0.0,0.000,0.0,0,HAYIR,HAYIR
2026-08-19 09:29:22.220,0.00,0.00,0,0.0,0.0,0.000,0.0,0,HAYIR,HAYIR
2026-08-19 09:29:22.240,0.00,0.00,0,0.0,0.0,0.000,0.0,0,HAYIR,HAYIR
2026-08-19 09:29:22.261,0.00,0.00,0,0.0,0.0,0.000,0.0,0,HAYIR,HAYIR
2026-08-19 09:29:22.280,0.00,0.00,0,0.0,0.0,0.000,0.0,0,HAYIR,HAYIR
2026-08-19 09:29:22.300,0.00,0.00,0,0.0,0.0,0.000,0.0,0,HAYIR,HAYIR
2026-08-19 09:29:22.320,0.00,0.00,0,0.0,0.0,0.000,0.0,0,HAYIR,HAYIR
2026-08-19 09:29:22.340,0.00,0.00,0,0.0,0.0,0.000,0.0,0,HAYIR,HAYIR
2026-08-19 09:29:22.360,0.00,0.00,0,0.0,0.0,0.000,0.0,0,HAYIR,HAYIR
2026-08-19 09:29:22.380,0.00,0.00,0,0.0,0.0,0.000,0.0,0,HAYIR,HAYIR
2026-08-19 09:29:22.400,0.00,0.00,0,0.0,0.0,0.000,0.0,0,HAYIR,HAYIR
2026-08-19 09:29:22.420,0.00,0.00,0,0.0,0.0,0.000,0.0,0,HAYIR,HAYIR
2026-08-19 09:29:22.440,0.00,0.00,0,0.0,0.0,0.000,0.0,0,HAYIR,HAYIR
2026-08-19 09:29:22.460,0.00,0.00,0,0.0,0.0,0.000,0.0,0,HAYIR,HAYIR
2026-08-19 09:29:22.480,0.00,0.00,0,0.0,0.0,0.000,0.0,0,HAYIR,HAYIR
2026-08-19 09:29:22.500,0.00,0.00,0,0.0,0.0,0.000,0.0,0,HAYIR,HAYIR
2026-08-19 09:29:22.520,0.00,0.00,0,0.0,0.0,0.000,0.0,0,HAYIR,HAYIR
2026-08-19 09:29:22.540,0.00,0.00,0,0.0,0.0,0.000,0.0,0,HAYIR,HAYIR
2026-08-19 09:29:22.560,0.00,0.00,0,0.0,0.0,0.000,0.0,0,HAYIR,HAYIR
2026-08-19 09:29:22.581,0.00,0.00,0,0.0,0.0,0.000,0.0,0,HAYIR,HAYIR
2026-08-19 09:29:22.600,0.00,0.00,0,0.0,0.0,0.000,0.0,0,HAYIR,HAYIR
2026-08-19 09:29:22.620,0.00,0.00,0,0.0,0.0,0.000,0.0,0,HAYIR,HAYIR
2026-08-19 09:29:22.640,0.00,0.00,0,0.0,0.0,0.000,0.0,0,HAYIR,HAYIR
2026-08-19 09:29:22.660,0.00,0.00,0,0.0,0.0,0.000,0.0,0,HAYIR,HAYIR
2026-08-19 09:29:22.680,0.00,0.00,0,0.0,0.0,0.000,0.0,0,HAYIR,HAYIR
2026-08-19 09:29:22.700,0.00,0.00,0,0.0,0.0,0.000,0.0,0,HAYIR,HAYIR
2026-08-19 09:29:22.720,0.00,0.00,0,0.0,0.0,0.000,0.0,0,HAYIR,HAYIR
2026-08-19 09:29:22.740,0.00,0.00,0,0.0,0.0,0.000,0.0,0,HAYIR,HAYIR
2026-08-19 09:29:22.760,0.00,0.00,0,0.0,0.0,0.000,0.0,0,HAYIR,HAYIR
2026-08-19 09:29:22.780,0.00,0.00,0,0.0,0.0,0.000,0.0,0,HAYIR,HAYIR
2026-08-19 09:29:22.800,0.00,0.00,0,0.0,0.0,0.000,0.0,0,HAYIR,HAYIR
2026-08-19 09:29:22.820,0.00,0.00,0,0.0,0.0,0.000,0.0,0,HAYIR,HAYIR
2026-08-19 09:29:22.840,0.00,0.00,0,0.0,0.0,0.000,0.0,0,HAYIR,HAYIR
2026-08-19 09:29:22.860,0.00,0.00,0,0.0,0.0,0.000,0.0,0,HAYIR,HAYIR
2026-08-19 09:29:22.880,0.00,0.00,0,0.0,0.0,0.000,0.0,0,HAYIR,HAYIR
2026-08-19 09:29:22.900,0.00,0.00,0,0.0,0.0,0.000,0.0,0,HAYIR,HAYIR
2026-08-19 09:29:22.920,0.00,0.00,0,0.0,0.0,0.000,0.0,0,HAYIR,HAYIR
2026-08-19 09:29:22.940,0.00,0.00,0,0.0,0.0,0.000,0.0,0,HAYIR,HAYIR
2026-08-19 09:29:22.960,0.00,0.00,0,0.0,0.0,0.000,0.0,0,HAYIR,HAYIR
2026-08-19 09:29:22.980,0.00,0.00,0,0.0,0.0,0.000,0.0,0,HAYIR,HAYIR
2026-08-19 09:29:23.000,0.00,0.00,0,0.0,0.0,0.000,0.0,0,HAYIR,HAYIR
2026-08-19 09:29:23.020,0.00,0.00,0,0.0,0.0,0.000,0.0,0,HAYIR,HAYIR
2026-08-19 09:29:23.040,0.00,0.00,0,0.0,0.0,0.000,0.0,0,HAYIR,HAYIR
2026-08-19 09:29:23.061,0.00,0.00,0,0.0,0.0,0.000,0.0,0,HAYIR,HAYIR
2026-08-19 09:29:23.080,0.00,0.00,0,0.0,0.0,0.000,0.0,0,HAYIR,HAYIR
2026-08-19 09:29:23.100,0.00,0.00,0,0.0,0.0,0.000,0.0,0,HAYIR,HAYIR
2026-08-19 09:29:23.120,0.00,0.00,0,0.0,0.0,0.000,0.0,0,HAYIR,HAYIR
2026-08-19 09:29:23.140,0.00,0.00,0,0.0,0.0,0.000,0.0,0,HAYIR,HAYIR
2026-08-19 09:29:23.160,0.00,0.00,0,0.0,0.0,0.000,0.0,0,HAYIR,HAYIR
2026-08-19 09:29:23.180,0.00,0.00,0,0.0,0.0,0.000,0.0,0,HAYIR,HAYIR
2026-08-19 09:29:23.200,0.00,0.00,0,0.0,0.0,0.000,0.0,0,HAYIR,HAYIR
2026-08-19 09:29:23.220,0.00,0.00,0,0.0,0.0,0.000,0.0,0,HAYIR,HAYIR
2026-08-19 09:29:23.240,0.00,0.00,0,0.0,0.0,0.000,0.0,0,HAYIR,HAYIR
2026-08-19 09:29:23.260,0.00,0.00,0,0.0,0.0,0.000,0.0,0,HAYIR,HAYIR
2026-08-19 09:29:23.280,0.00,0.00,0,0.0,0.0,0.000,0.0,0,HAYIR,HAYIR
2026-08-19 09:29:23.300,0.00,0.00,0,0.0,0.0,0.000,0.0,0,HAYIR,HAYIR
2026-08-19 09:29:23.320,0.00,0.00,0,0.0,0.0,0.000,0.0,0,HAYIR,HAYIR
2026-08-19 09:29:23.340,0.00,0.00,0,0.0,0.0,0.000,0.0,0,HAYIR,HAYIR
2026-08-19 09:29:23.360,0.00,0.00,0,0.0,0.0,0.000,0.0,0,HAYIR,HAYIR
2026-08-19 09:29:23.380,0.00,0.00,0,0.0,0.0,0.000,0.0,0,HAYIR,HAYIR
2026-08-19 09:29:23.400,0.00,0.00,0,0.0,0.0,0.000,0.0,0,HAYIR,HAYIR
2026-08-19 09:29:23.420,0.00,0.00,0,0.0,0.0,0.000,0.0,0,HAYIR,HAYIR
2026-08-19 09:29:23.440,0.00,0.00,0,0.0,0.0,0.000,0.0,0,HAYIR,HAYIR
2026-08-19 09:29:23.460,0.00,0.00,0,0.0,0.0,0.000,0.0,0,HAYIR,HAYIR
2026-08-19 09:29:23.480,0.00,0.00,0,0.0,0.0,0.000,0.0,0,HAYIR,HAYIR
2026-08-19 09:29:23.500,0.00,0.00,0,0.0,0.0,0.000,0.0,0,HAYIR,HAYIR
2026-08-19 09:29:23.520,0.00,0.00,0,0.0,0.0,0.000,0.0,0,HAYIR,HAYIR
2026-08-19 09:29:23.540,0.00,0.00,0,0.0,0.0,0.000,0.0,0,HAYIR,HAYIR
2026-08-19 09:29:23.560,0.00,0.00,0,0.0,0.0,0.000,0.0,0,HAYIR,HAYIR
2026-08-19 09:29:23.580,0.00,0.00,0,0.0,0.0,0.000,0.0,0,HAYIR,HAYIR
2026-08-19 09:29:23.600,0.00,0.00,0,0.0,0.0,0.000,0.0,0,HAYIR,HAYIR
2026-08-19 09:29:23.620,0.00,0.00,0,0.0,0.0,0.000,0.0,0,HAYIR,HAYIR
2026-08-19 09:29:23.640,0.00,0.00,0,0.0,0.0,0.000,0.0,0,HAYIR,HAYIR
2026-08-19 09:29:23.660,0.00,0.00,0,0.0,0.0,0.000,0.0,0,HAYIR,HAYIR
2026-08-19 09:29:23.680,0.00,0.00,0,0.0,0.0,0.000,0.0,0,HAYIR,HAYIR
2026-08-19 09:29:23.700,0.00,0.00,0,0.0,0.0,0.000,0.0,0,HAYIR,HAYIR
2026-08-19 09:29:23.720,0.00,0.00,0,0.0,0.0,0.000,0.0,0,HAYIR,HAYIR
2026-08-19 09:29:23.741,0.00,0.00,0,0.0,0.0,0.000,0.0,0,HAYIR,HAYIR
2026-08-19 09:29:23.760,0.00,0.00,0,0.0,0.0,0.000,0.0,0,HAYIR,HAYIR
2026-08-19 09:29:23.780,0.00,0.00,0,0.0,0.0,0.000,0.0,0,HAYIR,HAYIR
2026-08-19 09:29:23.800,0.00,0.00,0,0.0,0.0,0.000,0.0,0,HAYIR,HAYIR
2026-08-19 09:29:23.820,0.00,0.00,0,0.0,0.0,0.000,0.0,0,HAYIR,HAYIR
2026-08-19 09:29:23.840,0.00,0.00,0,0.0,0.0,0.000,0.0,0,HAYIR,HAYIR
2026-08-19 09:29:23.860,0.00,0.00,0,0.0,0.0,0.000,0.0,0,HAYIR,HAYIR
2026-08-19 09:29:23.880,0.00,0.00,0,0.0,0.0,0.000,0.0,0,HAYIR,HAYIR
2026-08-19 09:29:23.900,0.00,0.00,0,0.0,0.0,0.000,0.0,0,HAYIR,HAYIR
2026-08-19 09:29:23.920,0.00,0.00,0,0.0,0.0,0.000,0.0,0,HAYIR,HAYIR
2026-08-19 09:29:23.940,0.00,0.00,0,0.0,0.0,0.000,0.0,0,HAYIR,HAYIR
2026-08-19 09:29:23.960,0.00,0.00,0,0.0,0.0,0.000,0.0,0,HAYIR,HAYIR
2026-08-19 09:29:23.980,0.00,0.00,0,0.0,0.0,0.000,0.0,0,HAYIR,HAYIR
2026-08-19 09:29:24.000,0.00,0.00,0,0.0,0.0,0.000,0.0,0,HAYIR,HAYIR
2026-08-19 09:29:24.020,0.00,0.00,0,0.0,0.0,0.000,0.0,0,HAYIR,HAYIR
2026-08-19 09:29:24.040,0.00,0.00,0,0.0,0.0,0.000,0.0,0,HAYIR,HAYIR
2026-08-19 09:29:24.060,0.00,0.00,0,0.0,0.0,0.000,0.0,0,HAYIR,HAYIR
2026-08-19 09:29:24.080,0.00,0.00,0,0.0,0.0,0.000,0.0,0,HAYIR,HAYIR
2026-08-19 09:29:24.100,0.00,0.00,0,0.0,0.0,0.000,0.0,0,HAYIR,HAYIR
2026-08-19 09:29:24.120,0.00,0.00,0,0.0,0.0,0.000,0.0,0,HAYIR,HAYIR
2026-08-19 09:29:24.140,0.00,0.00,0,0.0,0.0,0.000,0.0,0,HAYIR,HAYIR
2026-08-19 09:29:24.160,0.00,0.00,0,0.0,0.0,0.000,0.0,0,HAYIR,HAYIR
2026-08-19 09:29:24.180,0.00,0.00,0,0.0,0.0,0.000,0.0,0,HAYIR,HAYIR
2026-08-19 09:29:24.200,0.00,0.00,0,0.0,0.0,0.000,0.0,0,HAYIR,HAYIR
2026-08-19 09:29:24.220,0.00,0.00,0,0.0,0.0,0.000,0.0,0,HAYIR,HAYIR
2026-08-19 09:29:24.240,0.00,0.00,0,0.0,0.0,0.000,0.0,0,HAYIR,HAYIR
2026-08-19 09:29:24.260,0.00,0.00,0,0.0,0.0,0.000,0.0,0,HAYIR,HAYIR
2026-08-19 09:29:24.280,0.00,0.00,0,0.0,0.0,0.000,0.0,0,HAYIR,HAYIR
2026-08-19 09:29:24.300,0.00,0.00,0,0.0,0.0,0.000,0.0,0,HAYIR,HAYIR
2026-08-19 09:29:24.320,0.00,0.00,0,0.0,0.0,0.000,0.0,0,HAYIR,HAYIR
2026-08-19 09:29:24.340,0.00,0.00,0,0.0,0.0,0.000,0.0,0,HAYIR,HAYIR
2026-08-19 09:29:24.360,0.00,0.00,0,0.0,0.0,0.000,0.0,0,HAYIR,HAYIR
2026-08-19 09:29:24.380,0.00,0.00,0,0.0,0.0,0.000,0.0,0,HAYIR,HAYIR
2026-08-19 09:29:24.400,0.00,0.00,0,0.0,0.0,0.000,0.0,0,HAYIR,HAYIR
2026-08-19 09:29:24.420,0.00,0.00,0,0.0,0.0,0.000,0.0,0,HAYIR,HAYIR
2026-08-19 09:29:24.440,0.00,0.00,0,0.0,0.0,0.000,0.0,0,HAYIR,HAYIR
2026-08-19 09:29:24.460,0.00,0.00,0,0.0,0.0,0.000,0.0,0,HAYIR,HAYIR
2026-08-19 09:29:24.480,0.00,0.00,0,0.0,0.0,0.000,0.0,0,HAYIR,HAYIR
2026-08-19 09:29:24.500,0.00,0.00,0,0.0,0.0,0.000,0.0,0,HAYIR,HAYIR
2026-08-19 09:29:24.520,0.00,0.00,0,0.0,0.0,0.000,0.0,0,HAYIR,HAYIR
2026-08-19 09:29:24.540,0.00,0.00,0,0.0,0.0,0.000,0.0,0,HAYIR,HAYIR
2026-08-19 09:29:24.560,0.00,0.00,0,0.0,0.0,0.000,0.0,0,HAYIR,HAYIR
2026-08-19 09:29:24.580,0.00,0.00,0,0.0,0.0,0.000,0.0,0,HAYIR,HAYIR
2026-08-19 09:29:24.600,0.00,0.00,0,0.0,0.0,0.000,0.0,0,HAYIR,HAYIR
2026-08-19 09:29:24.620,0.00,0.00,0,0.0,0.0,0.000,0.0,0,HAYIR,HAYIR
2026-08-19 09:29:24.640,0.00,0.00,0,0.0,0.0,0.000,0.0,0,HAYIR,HAYIR
2026-08-19 09:29:24.660,0.00,0.00,0,0.0,0.0,0.000,0.0,0,HAYIR,HAYIR
2026-08-19 09:29:24.680,0.00,0.00,0,0.0,0.0,0.000,0.0,0,HAYIR,HAYIR
2026-08-19 09:29:24.700,0.00,0.00,0,0.0,0.0,0.000,0.0,0,HAYIR,HAYIR
2026-08-19 09:29:24.720,0.00,0.00,0,0.0,0.0,0.000,0.0,0,HAYIR,HAYIR
2026-08-19 09:29:24.740,0.00,0.00,0,0.0,0.0,0.000,0.0,0,HAYIR,HAYIR
2026-08-19 09:29:24.760,0.00,0.00,0,0.0,0.0,0.000,0.0,0,HAYIR,HAYIR
2026-08-19 09:29:24.780,0.00,0.00,0,0.0,0.0,0.000,0.0,0,HAYIR,HAYIR
2026-08-19 09:29:24.800,0.00,0.00,0,0.0,0.0,0.000,0.0,0,HAYIR,HAYIR
2026-08-19 09:29:24.820,0.00,0.00,0,0.0,0.0,0.000,0.0,0,HAYIR,HAYIR
2026-08-19 09:29:24.840,0.00,0.00,0,0.0,0.0,0.000,0.0,0,HAYIR,HAYIR
2026-08-19 09:29:24.860,0.00,0.00,0,0.0,0.0,0.000,0.0,0,HAYIR,HAYIR
2026-08-19 09:29:24.880,0.00,0.00,0,0.0,0.0,0.000,0.0,0,HAYIR,HAYIR
2026-08-19 09:29:24.900,0.00,0.00,0,0.0,0.0,0.000,0.0,0,HAYIR,HAYIR
2026-08-19 09:29:24.920,0.00,0.00,0,0.0,0.0,0.000,0.0,0,HAYIR,HAYIR
2026-08-19 09:29:24.940,0.00,0.00,0,0.0,0.0,0.000,0.0,0,HAYIR,HAYIR
2026-08-19 09:29:24.960,0.00,0.00,0,0.0,0.0,0.000,0.0,0,HAYIR,HAYIR
2026-08-19 09:29:24.980,0.00,0.00,0,0.0,0.0,0.000,0.0,0,HAYIR,HAYIR
2026-08-19 09:29:25.000,0.00,0.00,0,0.0,0.0,0.000,0.0,0,HAYIR,HAYIR
2026-08-19 09:29:25.020,0.00,0.00,0,0.0,0.0,0.000,0.0,0,HAYIR,HAYIR
2026-08-19 09:29:25.040,0.00,0.00,0,0.0,0.0,0.000,0.0,0,HAYIR,HAYIR
2026-08-19 09:29:25.060,0.00,0.00,0,0.0,0.0,0.000,0.0,0,HAYIR,HAYIR
2026-08-19 09:29:25.080,0.00,0.00,0,0.0,0.0,0.000,0.0,0,HAYIR,HAYIR
2026-08-19 09:29:25.100,0.00,0.00,0,0.0,0.0,0.000,0.0,0,HAYIR,HAYIR
2026-08-19 09:29:25.120,0.00,0.00,0,0.0,0.0,0.000,0.0,0,HAYIR,HAYIR
2026-08-19 09:29:25.140,0.00,0.00,0,0.0,0.0,0.000,0.0,0,HAYIR,HAYIR
2026-08-19 09:29:25.160,0.00,0.00,0,0.0,0.0,0.000,0.0,0,HAYIR,HAYIR
2026-08-19 09:29:25.180,0.00,0.00,0,0.0,0.0,0.000,0.0,0,HAYIR,HAYIR
2026-08-19 09:29:25.200,0.00,0.00,0,0.0,0.0,0.000,0.0,0,HAYIR,HAYIR
2026-08-19 09:29:25.220,0.00,0.00,0,0.0,0.0,0.000,0.0,0,HAYIR,HAYIR
2026-08-19 09:29:25.240,0.00,0.00,0,0.0,0.0,0.000,0.0,0,HAYIR,HAYIR
2026-08-19 09:29:25.260,0.00,0.00,0,0.0,0.0,0.000,0.0,0,HAYIR,HAYIR
2026-08-19 09:29:25.280,0.00,0.00,0,0.0,0.0,0.000,0.0,0,HAYIR,HAYIR
2026-08-19 09:29:25.300,0.00,0.00,0,0.0,0.0,0.000,0.0,0,HAYIR,HAYIR
2026-08-19 09:29:25.320,0.00,0.00,0,0.0,0.0,0.000,0.0,0,HAYIR,HAYIR
2026-08-19 09:29:25.340,0.00,0.00,0,0.0,0.0,0.000,0.0,0,HAYIR,HAYIR
2026-08-19 09:29:25.360,0.00,0.00,0,0.0,0.0,0.000,0.0,0,HAYIR,HAYIR
2026-08-19 09:29:25.380,0.00,0.00,0,0.0,0.0,0.000,0.0,0,HAYIR,HAYIR
2026-08-19 09:29:25.400,0.00,0.00,0,0.0,0.0,0.000,0.0,0,HAYIR,HAYIR
2026-08-19 09:29:25.420,0.00,0.00,0,0.0,0.0,0.000,0.0,0,HAYIR,HAYIR
2026-08-19 09:29:25.441,0.00,0.00,0,0.0,0.0,0.000,0.0,0,HAYIR,HAYIR
2026-08-19 09:29:25.460,0.00,0.00,0,0.0,0.0,0.000,0.0,0,HAYIR,HAYIR
2026-08-19 09:29:25.480,0.00,0.00,0,0.0,0.0,0.000,0.0,0,HAYIR,HAYIR
2026-08-19 09:29:25.500,0.00,0.00,0,0.0,0.0,0.000,0.0,0,HAYIR,HAYIR
2026-08-19 09:29:25.520,0.00,0.00,0,0.0,0.0,0.000,0.0,0,HAYIR,HAYIR
2026-08-19 09:29:25.540,0.00,0.00,0,0.0,0.0,0.000,0.0,0,HAYIR,HAYIR
2026-08-19 09:29:25.560,0.00,0.00,0,0.0,0.0,0.000,0.0,0,HAYIR,HAYIR
2026-08-19 09:29:25.581,0.00,0.00,0,0.0,0.0,0.000,0.0,0,HAYIR,HAYIR
2026-08-19 09:29:25.600,0.00,0.00,0,0.0,0.0,0.000,0.0,0,HAYIR,HAYIR
2026-08-19 09:29:25.620,0.00,0.00,0,0.0,0.0,0.000,0.0,0,HAYIR,HAYIR
2026-08-19 09:29:25.641,0.00,0.00,0,0.0,0.0,0.000,0.0,0,HAYIR,HAYIR
2026-08-19 09:29:25.660,0.00,0.00,0,0.0,0.0,0.000,0.0,0,HAYIR,HAYIR
2026-08-19 09:29:25.680,0.00,0.00,0,0.0,0.0,0.000,0.0,0,HAYIR,HAYIR
2026-08-19 09:29:25.700,0.00,0.00,0,0.0,0.0,0.000,0.0,0,HAYIR,HAYIR
2026-08-19 09:29:25.720,0.00,0.00,0,0.0,0.0,0.000,0.0,0,HAYIR,HAYIR
2026-08-19 09:29:25.740,0.00,0.00,0,0.0,0.0,0.000,0.0,0,HAYIR,HAYIR
2026-08-19 09:29:25.760,0.00,0.00,0,0.0,0.0,0.000,0.0,0,HAYIR,HAYIR
2026-08-19 09:29:25.780,0.00,0.00,0,0.0,0.0,0.000,0.0,0,HAYIR,HAYIR
2026-08-19 09:29:25.800,0.00,0.00,0,0.0,0.0,0.000,0.0,0,HAYIR,HAYIR
2026-08-19 09:29:25.820,0.00,0.00,0,0.0,0.0,0.000,0.0,0,HAYIR,HAYIR
2026-08-19 09:29:25.840,0.00,0.00,0,0.0,0.0,0.000,0.0,0,HAYIR,HAYIR
2026-08-19 09:29:25.860,0.00,0.00,0,0.0,0.0,0.000,0.0,0,HAYIR,HAYIR
2026-08-19 09:29:25.880,0.00,0.00,0,0.0,0.0,0.000,0.0,0,HAYIR,HAYIR
2026-08-19 09:29:25.900,0.00,0.00,0,0.0,0.0,0.000,0.0,0,HAYIR,HAYIR
2026-08-19 09:29:25.920,0.00,0.00,0,0.0,0.0,0.000,0.0,0,HAYIR,HAYIR
2026-08-19 09:29:25.940,0.00,0.00,0,0.0,0.0,0.000,0.0,0,HAYIR,HAYIR
2026-08-19 09:29:25.960,0.00,0.00,0,0.0,0.0,0.000,0.0,0,HAYIR,HAYIR
2026-08-19 09:29:25.980,0.00,0.00,0,0.0,0.0,0.000,0.0,0,HAYIR,HAYIR
2026-08-19 09:29:26.000,0.00,0.00,0,0.0,0.0,0.000,0.0,0,HAYIR,HAYIR
2026-08-19 09:29:26.020,0.00,0.00,0,0.0,0.0,0.000,0.0,0,HAYIR,HAYIR
2026-08-19 09:29:26.041,0.00,0.00,0,0.0,0.0,0.000,0.0,0,HAYIR,HAYIR
2026-08-19 09:29:26.060,0.00,0.00,0,0.0,0.0,0.000,0.0,0,HAYIR,HAYIR
2026-08-19 09:29:26.080,0.00,0.00,0,0.0,0.0,0.000,0.0,0,HAYIR,HAYIR
2026-08-19 09:29:26.100,0.00,0.00,0,0.0,0.0,0.000,0.0,0,HAYIR,HAYIR
2026-08-19 09:29:26.120,0.00,0.00,0,0.0,0.0,0.000,0.0,0,HAYIR,HAYIR
2026-08-19 09:29:26.140,0.00,0.00,0,0.0,0.0,0.000,0.0,0,HAYIR,HAYIR
2026-08-19 09:29:26.160,0.00,0.00,0,0.0,0.0,0.000,0.0,0,HAYIR,HAYIR
2026-08-19 09:29:26.180,0.00,0.00,0,0.0,0.0,0.000,0.0,0,HAYIR,HAYIR
2026-08-19 09:29:26.200,0.00,0.00,0,0.0,0.0,0.000,0.0,0,HAYIR,HAYIR
2026-08-19 09:29:26.220,0.00,0.00,0,0.0,0.0,0.000,0.0,0,HAYIR,HAYIR
2026-08-19 09:29:26.240,0.00,0.00,0,0.0,0.0,0.000,0.0,0,HAYIR,HAYIR
2026-08-19 09:29:26.260,0.00,0.00,0,0.0,0.0,0.000,0.0,0,HAYIR,HAYIR
2026-08-19 09:29:26.280,0.00,0.00,0,0.0,0.0,0.000,0.0,0,HAYIR,HAYIR
2026-08-19 09:29:26.300,0.00,0.00,0,0.0,0.0,0.000,0.0,0,HAYIR,HAYIR
2026-08-19 09:29:26.320,0.00,0.00,0,0.0,0.0,0.000,0.0,0,HAYIR,HAYIR
2026-08-19 09:29:26.340,0.00,0.00,0,0.0,0.0,0.000,0.0,0,HAYIR,HAYIR
2026-08-19 09:29:26.360,0.00,0.00,0,0.0,0.0,0.000,0.0,0,HAYIR,HAYIR
2026-08-19 09:29:26.380,0.00,0.00,0,0.0,0.0,0.000,0.0,0,HAYIR,HAYIR
2026-08-19 09:29:26.400,0.00,0.00,0,0.0,0.0,0.000,0.0,0,HAYIR,HAYIR
2026-08-19 09:29:26.420,0.00,0.00,0,0.0,0.0,0.000,0.0,0,HAYIR,HAYIR
2026-08-19 09:29:26.440,0.00,0.00,0,0.0,0.0,0.000,0.0,0,HAYIR,HAYIR
2026-08-19 09:29:26.460,0.00,0.00,0,0.0,0.0,0.000,0.0,0,HAYIR,HAYIR
2026-08-19 09:29:26.480,0.00,0.00,0,0.0,0.0,0.000,0.0,0,HAYIR,HAYIR
2026-08-19 09:29:26.500,0.00,0.00,0,0.0,0.0,0.000,0.0,0,HAYIR,HAYIR
2026-08-19 09:29:26.520,0.00,0.00,0,0.0,0.0,0.000,0.0,0,HAYIR,HAYIR
2026-08-19 09:29:26.540,0.00,0.00,0,0.0,0.0,0.000,0.0,0,HAYIR,HAYIR
2026-08-19 09:29:26.561,0.00,0.00,0,0.0,0.0,0.000,0.0,0,HAYIR,HAYIR
2026-08-19 09:29:26.580,0.00,0.00,0,0.0,0.0,0.000,0.0,0,HAYIR,HAYIR
2026-08-19 09:29:26.600,0.00,0.00,0,0.0,0.0,0.000,0.0,0,HAYIR,HAYIR
2026-08-19 09:29:26.620,0.00,0.00,0,0.0,0.0,0.000,0.0,0,HAYIR,HAYIR
2026-08-19 09:29:26.640,0.00,0.00,0,0.0,0.0,0.000,0.0,0,HAYIR,HAYIR
2026-08-19 09:29:26.668,0.00,0.00,0,0.0,0.0,0.000,0.0,0,HAYIR,HAYIR
2026-08-19 09:29:26.680,0.00,0.00,0,0.0,0.0,0.000,0.0,0,HAYIR,HAYIR
2026-08-19 09:29:26.700,0.00,0.00,0,0.0,0.0,0.000,0.0,0,HAYIR,HAYIR
2026-08-19 09:29:26.720,0.00,0.00,0,0.0,0.0,0.000,0.0,0,HAYIR,HAYIR
2026-08-19 09:29:26.740,0.00,0.00,0,0.0,0.0,0.000,0.0,0,HAYIR,HAYIR
2026-08-19 09:29:26.760,0.00,0.00,0,0.0,0.0,0.000,0.0,0,HAYIR,HAYIR
2026-08-19 09:29:26.780,0.00,0.00,0,0.0,0.0,0.000,0.0,0,HAYIR,HAYIR
2026-08-19 09:29:26.800,0.00,0.00,0,0.0,0.0,0.000,0.0,0,HAYIR,HAYIR
2026-08-19 09:29:26.820,0.00,0.00,0,0.0,0.0,0.000,0.0,0,HAYIR,HAYIR
2026-08-19 09:29:26.841,0.00,0.00,0,0.0,0.0,0.000,0.0,0,HAYIR,HAYIR
2026-08-19 09:29:26.860,0.00,0.00,0,0.0,0.0,0.000,0.0,0,HAYIR,HAYIR
2026-08-19 09:29:26.880,0.00,0.00,0,0.0,0.0,0.000,0.0,0,HAYIR,HAYIR
2026-08-19 09:29:26.900,0.00,0.00,0,0.0,0.0,0.000,0.0,0,HAYIR,HAYIR
2026-08-19 09:29:26.920,0.00,0.00,0,0.0,0.0,0.000,0.0,0,HAYIR,HAYIR
2026-08-19 09:29:26.940,0.00,0.00,0,0.0,0.0,0.000,0.0,0,HAYIR,HAYIR
2026-08-19 09:29:26.960,0.00,0.00,0,0.0,0.0,0.000,0.0,0,HAYIR,HAYIR
2026-08-19 09:29:26.980,0.00,0.00,0,0.0,0.0,0.000,0.0,0,HAYIR,HAYIR
2026-08-19 09:29:27.000,0.00,0.00,0,0.0,0.0,0.000,0.0,0,HAYIR,HAYIR
2026-08-19 09:29:27.021,0.00,0.00,0,0.0,0.0,0.000,0.0,0,HAYIR,HAYIR
2026-08-19 09:29:27.040,0.00,0.00,0,0.0,0.0,0.000,0.0,0,HAYIR,HAYIR
2026-08-19 09:29:27.061,0.00,0.00,0,0.0,0.0,0.000,0.0,0,HAYIR,HAYIR
2026-08-19 09:29:27.080,0.00,0.00,0,0.0,0.0,0.000,0.0,0,HAYIR,HAYIR
2026-08-19 09:29:27.100,0.00,0.00,0,0.0,0.0,0.000,0.0,0,HAYIR,HAYIR
2026-08-19 09:29:27.120,0.00,0.00,0,0.0,0.0,0.000,0.0,0,HAYIR,HAYIR
2026-08-19 09:29:27.140,0.00,0.00,0,0.0,0.0,0.000,0.0,0,HAYIR,HAYIR
2026-08-19 09:29:27.160,0.00,0.00,0,0.0,0.0,0.000,0.0,0,HAYIR,HAYIR
2026-08-19 09:29:27.180,0.00,0.00,0,0.0,0.0,0.000,0.0,0,HAYIR,HAYIR
2026-08-19 09:29:27.200,0.00,0.00,0,0.0,0.0,0.000,0.0,0,HAYIR,HAYIR
2026-08-19 09:29:27.220,0.00,0.00,0,0.0,0.0,0.000,0.0,0,HAYIR,HAYIR
2026-08-19 09:29:27.241,0.00,0.00,0,0.0,0.0,0.000,0.0,0,HAYIR,HAYIR
2026-08-19 09:29:27.260,0.00,0.00,0,0.0,0.0,0.000,0.0,0,HAYIR,HAYIR
2026-08-19 09:29:27.280,0.00,0.00,0,0.0,0.0,0.000,0.0,0,HAYIR,HAYIR
2026-08-19 09:29:27.300,0.00,0.00,0,0.0,0.0,0.000,0.0,0,HAYIR,HAYIR
2026-08-19 09:29:27.320,0.00,0.00,0,0.0,0.0,0.000,0.0,0,HAYIR,HAYIR
2026-08-19 09:29:27.340,0.00,0.00,0,0.0,0.0,0.000,0.0,0,HAYIR,HAYIR
2026-08-19 09:29:27.360,0.00,0.00,0,0.0,0.0,0.000,0.0,0,HAYIR,HAYIR
2026-08-19 09:29:27.381,0.00,0.00,0,0.0,0.0,0.000,0.0,0,HAYIR,HAYIR
2026-08-19 09:29:27.400,0.00,0.00,0,0.0,0.0,0.000,0.0,0,HAYIR,HAYIR
2026-08-19 09:29:27.420,0.00,0.00,0,0.0,0.0,0.000,0.0,0,HAYIR,HAYIR
2026-08-19 09:29:27.440,0.00,0.00,0,0.0,0.0,0.000,0.0,0,HAYIR,HAYIR
2026-08-19 09:29:27.460,0.00,0.00,0,0.0,0.0,0.000,0.0,0,HAYIR,HAYIR
2026-08-19 09:29:27.480,0.00,0.00,0,0.0,0.0,0.000,0.0,0,HAYIR,HAYIR
2026-08-19 09:29:27.500,0.00,0.00,0,0.0,0.0,0.000,0.0,0,HAYIR,HAYIR
2026-08-19 09:29:27.520,0.00,0.00,0,0.0,0.0,0.000,0.0,0,HAYIR,HAYIR
2026-08-19 09:29:27.540,0.00,0.00,0,0.0,0.0,0.000,0.0,0,HAYIR,HAYIR
2026-08-19 09:29:27.560,0.00,0.00,0,0.0,0.0,0.000,0.0,0,HAYIR,HAYIR
2026-08-19 09:29:27.580,0.00,0.00,0,0.0,0.0,0.000,0.0,0,HAYIR,HAYIR
2026-08-19 09:29:27.600,0.00,0.00,0,0.0,0.0,0.000,0.0,0,HAYIR,HAYIR
2026-08-19 09:29:27.620,0.00,0.00,0,0.0,0.0,0.000,0.0,0,HAYIR,HAYIR
2026-08-19 09:29:27.640,0.00,0.00,0,0.0,0.0,0.000,0.0,0,HAYIR,HAYIR
2026-08-19 09:29:27.660,0.00,0.00,0,0.0,0.0,0.000,0.0,0,HAYIR,HAYIR
2026-08-19 09:29:27.680,0.00,0.00,0,0.0,0.0,0.000,0.0,0,HAYIR,HAYIR
2026-08-19 09:29:27.700,0.00,0.00,0,0.0,0.0,0.000,0.0,0,HAYIR,HAYIR
2026-08-19 09:29:27.720,0.00,0.00,0,0.0,0.0,0.000,0.0,0,HAYIR,HAYIR
2026-08-19 09:29:27.740,0.00,0.00,0,0.0,0.0,0.000,0.0,0,HAYIR,HAYIR
2026-08-19 09:29:27.760,0.00,0.00,0,0.0,0.0,0.000,0.0,0,HAYIR,HAYIR
2026-08-19 09:29:27.780,0.00,0.00,0,0.0,0.0,0.000,0.0,0,HAYIR,HAYIR
2026-08-19 09:29:27.800,0.00,0.00,0,0.0,0.0,0.000,0.0,0,HAYIR,HAYIR
2026-08-19 09:29:27.820,0.00,0.00,0,0.0,0.0,0.000,0.0,0,HAYIR,HAYIR
2026-08-19 09:29:27.840,0.00,0.00,0,0.0,0.0,0.000,0.0,0,HAYIR,HAYIR
2026-08-19 09:29:27.860,0.00,0.00,0,0.0,0.0,0.000,0.0,0,HAYIR,HAYIR
2026-08-19 09:29:27.880,0.00,0.00,0,0.0,0.0,0.000,0.0,0,HAYIR,HAYIR
2026-08-19 09:29:27.900,0.00,0.00,0,0.0,0.0,0.000,0.0,0,HAYIR,HAYIR
2026-08-19 09:29:27.920,0.00,0.00,0,0.0,0.0,0.000,0.0,0,HAYIR,HAYIR
2026-08-19 09:29:27.940,0.00,0.00,0,0.0,0.0,0.000,0.0,0,HAYIR,HAYIR
2026-08-19 09:29:27.960,0.00,0.00,0,0.0,0.0,0.000,0.0,0,HAYIR,HAYIR
2026-08-19 09:29:27.980,0.00,0.00,0,0.0,0.0,0.000,0.0,0,HAYIR,HAYIR
2026-08-19 09:29:28.000,0.00,0.00,0,0.0,0.0,0.000,0.0,0,HAYIR,HAYIR
2026-08-19 09:29:28.020,0.00,0.00,0,0.0,0.0,0.000,0.0,0,HAYIR,HAYIR
2026-08-19 09:29:28.040,0.00,0.00,0,0.0,0.0,0.000,0.0,0,HAYIR,HAYIR
2026-08-19 09:29:28.060,0.00,0.00,0,0.0,0.0,0.000,0.0,0,HAYIR,HAYIR
2026-08-19 09:29:28.080,0.00,0.00,0,0.0,0.0,0.000,0.0,0,HAYIR,HAYIR
2026-08-19 09:29:28.101,0.00,0.00,0,0.0,0.0,0.000,0.0,0,HAYIR,HAYIR
2026-08-19 09:29:28.121,0.00,0.00,0,0.0,0.0,0.000,0.0,0,HAYIR,HAYIR
2026-08-19 09:29:28.140,0.00,0.00,0,0.0,0.0,0.000,0.0,0,HAYIR,HAYIR
2026-08-19 09:29:28.160,0.00,0.00,0,0.0,0.0,0.000,0.0,0,HAYIR,HAYIR
2026-08-19 09:29:28.181,0.00,0.00,0,0.0,0.0,0.000,0.0,0,HAYIR,HAYIR
2026-08-19 09:29:28.200,0.00,0.00,0,0.0,0.0,0.000,0.0,0,HAYIR,HAYIR
2026-08-19 09:29:28.220,0.00,0.00,0,0.0,0.0,0.000,0.0,0,HAYIR,HAYIR
2026-08-19 09:29:28.240,0.00,0.00,0,0.0,0.0,0.000,0.0,0,HAYIR,HAYIR
2026-08-19 09:29:28.260,0.00,0.00,0,0.0,0.0,0.000,0.0,0,HAYIR,HAYIR
2026-08-19 09:29:28.280,0.00,0.00,0,0.0,0.0,0.000,0.0,0,HAYIR,HAYIR
2026-08-19 09:29:28.300,0.00,0.00,0,0.0,0.0,0.000,0.0,0,HAYIR,HAYIR
2026-08-19 09:29:28.320,0.00,0.00,0,0.0,0.0,0.000,0.0,0,HAYIR,HAYIR
2026-08-19 09:29:28.340,0.00,0.00,0,0.0,0.0,0.000,0.0,0,HAYIR,HAYIR
2026-08-19 09:29:28.360,0.00,0.00,0,0.0,0.0,0.000,0.0,0,HAYIR,HAYIR
2026-08-19 09:29:28.380,0.00,0.00,0,0.0,0.0,0.000,0.0,0,HAYIR,HAYIR
2026-08-19 09:29:28.400,0.00,0.00,0,0.0,0.0,0.000,0.0,0,HAYIR,HAYIR
2026-08-19 09:29:28.420,0.00,0.00,0,0.0,0.0,0.000,0.0,0,HAYIR,HAYIR
2026-08-19 09:29:28.441,0.00,0.00,0,0.0,0.0,0.000,0.0,0,HAYIR,HAYIR
2026-08-19 09:29:28.461,0.00,0.00,0,0.0,0.0,0.000,0.0,0,HAYIR,HAYIR
2026-08-19 09:29:28.480,0.00,0.00,0,0.0,0.0,0.000,0.0,0,HAYIR,HAYIR
2026-08-19 09:29:28.500,0.00,0.00,0,0.0,0.0,0.000,0.0,0,HAYIR,HAYIR
2026-08-19 09:29:28.520,0.00,0.00,0,0.0,0.0,0.000,0.0,0,HAYIR,HAYIR
2026-08-19 09:29:28.540,0.00,0.00,0,0.0,0.0,0.000,0.0,0,HAYIR,HAYIR
2026-08-19 09:29:28.560,0.00,0.00,0,0.0,0.0,0.000,0.0,0,HAYIR,HAYIR
2026-08-19 09:29:28.580,0.00,0.00,0,0.0,0.0,0.000,0.0,0,HAYIR,HAYIR
2026-08-19 09:29:28.600,0.00,0.00,0,0.0,0.0,0.000,0.0,0,HAYIR,HAYIR
2026-08-19 09:29:28.620,0.00,0.00,0,0.0,0.0,0.000,0.0,0,HAYIR,HAYIR
2026-08-19 09:29:28.640,0.00,0.00,0,0.0,0.0,0.000,0.0,0,HAYIR,HAYIR
2026-08-19 09:29:28.660,0.00,0.00,0,0.0,0.0,0.000,0.0,0,HAYIR,HAYIR
2026-08-19 09:29:28.680,0.00,0.00,0,0.0,0.0,0.000,0.0,0,HAYIR,HAYIR
2026-08-19 09:29:28.700,0.00,0.00,0,0.0,0.0,0.000,0.0,0,HAYIR,HAYIR
2026-08-19 09:29:28.720,0.00,0.00,0,0.0,0.0,0.000,0.0,0,HAYIR,HAYIR
2026-08-19 09:29:28.740,0.00,0.00,0,0.0,0.0,0.000,0.0,0,HAYIR,HAYIR
2026-08-19 09:29:28.760,0.00,0.00,0,0.0,0.0,0.000,0.0,0,HAYIR,HAYIR
2026-08-19 09:29:28.780,0.00,0.00,0,0.0,0.0,0.000,0.0,0,HAYIR,HAYIR
2026-08-19 09:29:28.800,0.00,0.00,0,0.0,0.0,0.000,0.0,0,HAYIR,HAYIR
2026-08-19 09:29:28.820,0.00,0.00,0,0.0,0.0,0.000,0.0,0,HAYIR,HAYIR
2026-08-19 09:29:28.840,0.00,0.00,0,0.0,0.0,0.000,0.0,0,HAYIR,HAYIR
2026-08-19 09:29:28.860,0.00,0.00,0,0.0,0.0,0.000,0.0,0,HAYIR,HAYIR
2026-08-19 09:29:28.880,0.00,0.00,0,0.0,0.0,0.000,0.0,0,HAYIR,HAYIR
2026-08-19 09:29:28.900,0.00,0.00,0,0.0,0.0,0.000,0.0,0,HAYIR,HAYIR
2026-08-19 09:29:28.920,0.00,0.00,0,0.0,0.0,0.000,0.0,0,HAYIR,HAYIR
2026-08-19 09:29:28.940,0.00,0.00,0,0.0,0.0,0.000,0.0,0,HAYIR,HAYIR
2026-08-19 09:29:28.960,0.00,0.00,0,0.0,0.0,0.000,0.0,0,HAYIR,HAYIR
2026-08-19 09:29:28.980,0.00,0.00,0,0.0,0.0,0.000,0.0,0,HAYIR,HAYIR
2026-08-19 09:29:29.000,0.00,0.00,0,0.0,0.0,0.000,0.0,0,HAYIR,HAYIR
2026-08-19 09:29:29.020,0.00,0.00,0,0.0,0.0,0.000,0.0,0,HAYIR,HAYIR
2026-08-19 09:29:29.040,0.00,0.00,0,0.0,0.0,0.000,0.0,0,HAYIR,HAYIR
2026-08-19 09:29:29.060,0.00,0.00,0,0.0,0.0,0.000,0.0,0,HAYIR,HAYIR
2026-08-19 09:29:29.080,0.00,0.00,0,0.0,0.0,0.000,0.0,0,HAYIR,HAYIR
2026-08-19 09:29:29.100,0.00,0.00,0,0.0,0.0,0.000,0.0,0,HAYIR,HAYIR
2026-08-19 09:29:29.120,0.00,0.00,0,0.0,0.0,0.000,0.0,0,HAYIR,HAYIR
2026-08-19 09:29:29.140,0.00,0.00,0,0.0,0.0,0.000,0.0,0,HAYIR,HAYIR
2026-08-19 09:29:29.160,0.00,0.00,0,0.0,0.0,0.000,0.0,0,HAYIR,HAYIR
2026-08-19 09:29:29.180,0.00,0.00,0,0.0,0.0,0.000,0.0,0,HAYIR,HAYIR
2026-08-19 09:29:29.200,0.00,0.00,0,0.0,0.0,0.000,0.0,0,HAYIR,HAYIR
2026-08-19 09:29:29.220,0.00,0.00,0,0.0,0.0,0.000,0.0,0,HAYIR,HAYIR
2026-08-19 09:29:29.240,0.00,0.00,0,0.0,0.0,0.000,0.0,0,HAYIR,HAYIR
2026-08-19 09:29:29.260,0.00,0.00,0,0.0,0.0,0.000,0.0,0,HAYIR,HAYIR
2026-08-19 09:29:29.280,0.00,0.00,0,0.0,0.0,0.000,0.0,0,HAYIR,HAYIR
2026-08-19 09:29:29.300,0.00,0.00,0,0.0,0.0,0.000,0.0,0,HAYIR,HAYIR
2026-08-19 09:29:29.321,0.00,0.00,0,0.0,0.0,0.000,0.0,0,HAYIR,HAYIR
2026-08-19 09:29:29.340,0.00,0.00,0,0.0,0.0,0.000,0.0,0,HAYIR,HAYIR
2026-08-19 09:29:29.360,0.00,0.00,0,0.0,0.0,0.000,0.0,0,HAYIR,HAYIR
2026-08-19 09:29:29.380,0.00,0.00,0,0.0,0.0,0.000,0.0,0,HAYIR,HAYIR
2026-08-19 09:29:29.400,0.00,0.00,0,0.0,0.0,0.000,0.0,0,HAYIR,HAYIR
2026-08-19 09:29:29.420,0.00,0.00,0,0.0,0.0,0.000,0.0,0,HAYIR,HAYIR
2026-08-19 09:29:29.440,0.00,0.00,0,0.0,0.0,0.000,0.0,0,HAYIR,HAYIR
2026-08-19 09:29:29.460,0.00,0.00,0,0.0,0.0,0.000,0.0,0,HAYIR,HAYIR
2026-08-19 09:29:29.480,0.00,0.00,0,0.0,0.0,0.000,0.0,0,HAYIR,HAYIR
2026-08-19 09:29:29.500,0.00,0.00,0,0.0,0.0,0.000,0.0,0,HAYIR,HAYIR
2026-08-19 09:29:29.520,0.00,0.00,0,0.0,0.0,0.000,0.0,0,HAYIR,HAYIR
2026-08-19 09:29:29.540,0.00,0.00,0,0.0,0.0,0.000,0.0,0,HAYIR,HAYIR
2026-08-19 09:29:29.561,0.00,0.00,0,0.0,0.0,0.000,0.0,0,HAYIR,HAYIR
2026-08-19 09:29:29.580,0.00,0.00,0,0.0,0.0,0.000,0.0,0,HAYIR,HAYIR
2026-08-19 09:29:29.600,0.00,0.00,0,0.0,0.0,0.000,0.0,0,HAYIR,HAYIR
2026-08-19 09:29:29.620,0.00,0.00,0,0.0,0.0,0.000,0.0,0,HAYIR,HAYIR
2026-08-19 09:29:29.640,0.00,0.00,0,0.0,0.0,0.000,0.0,0,HAYIR,HAYIR
2026-08-19 09:29:29.660,0.00,0.00,0,0.0,0.0,0.000,0.0,0,HAYIR,HAYIR
2026-08-19 09:29:29.680,0.00,0.00,0,0.0,0.0,0.000,0.0,0,HAYIR,HAYIR
2026-08-19 09:29:29.700,0.00,0.00,0,0.0,0.0,0.000,0.0,0,HAYIR,HAYIR
2026-08-19 09:29:29.720,0.00,0.00,0,0.0,0.0,0.000,0.0,0,HAYIR,HAYIR
2026-08-19 09:29:29.740,0.00,0.00,0,0.0,0.0,0.000,0.0,0,HAYIR,HAYIR
2026-08-19 09:29:29.760,0.00,0.00,0,0.0,0.0,0.000,0.0,0,HAYIR,HAYIR
2026-08-19 09:29:29.780,0.00,0.00,0,0.0,0.0,0.000,0.0,0,HAYIR,HAYIR
2026-08-19 09:29:29.800,0.00,0.00,0,0.0,0.0,0.000,0.0,0,HAYIR,HAYIR
2026-08-19 09:29:29.821,0.00,0.00,0,0.0,0.0,0.000,0.0,0,HAYIR,HAYIR
2026-08-19 09:29:29.841,0.00,0.00,0,0.0,0.0,0.000,0.0,0,HAYIR,HAYIR
2026-08-19 09:29:29.860,0.00,0.00,0,0.0,0.0,0.000,0.0,0,HAYIR,HAYIR
2026-08-19 09:29:29.880,0.00,0.00,0,0.0,0.0,0.000,0.0,0,HAYIR,HAYIR
2026-08-19 09:29:29.900,0.00,0.00,0,0.0,0.0,0.000,0.0,0,HAYIR,HAYIR
2026-08-19 09:29:29.920,0.00,0.00,0,0.0,0.0,0.000,0.0,0,HAYIR,HAYIR
2026-08-19 09:29:29.940,0.00,0.00,0,0.0,0.0,0.000,0.0,0,HAYIR,HAYIR
2026-08-19 09:29:29.961,0.00,0.00,0,0.0,0.0,0.000,0.0,0,HAYIR,HAYIR
2026-08-19 09:29:29.981,0.00,0.00,0,0.0,0.0,0.000,0.0,0,HAYIR,HAYIR
2026-08-19 09:29:30.000,0.00,0.00,0,0.0,0.0,0.000,0.0,0,HAYIR,HAYIR
2026-08-19 09:29:30.020,0.00,0.00,0,0.0,0.0,0.000,0.0,0,HAYIR,HAYIR
2026-08-19 09:29:30.040,0.00,0.00,0,0.0,0.0,0.000,0.0,0,HAYIR,HAYIR
2026-08-19 09:29:30.060,0.00,0.00,0,0.0,0.0,0.000,0.0,0,HAYIR,HAYIR
2026-08-19 09:29:30.080,0.00,0.00,0,0.0,0.0,0.000,0.0,0,HAYIR,HAYIR
2026-08-19 09:29:30.100,0.00,0.00,0,0.0,0.0,0.000,0.0,0,HAYIR,HAYIR
2026-08-19 09:29:30.120,0.00,0.00,0,0.0,0.0,0.000,0.0,0,HAYIR,HAYIR
2026-08-19 09:29:30.140,0.00,0.00,0,0.0,0.0,0.000,0.0,0,HAYIR,HAYIR
2026-08-19 09:29:30.160,0.00,0.00,0,0.0,0.0,0.000,0.0,0,HAYIR,HAYIR
2026-08-19 09:29:30.181,0.00,0.00,0,0.0,0.0,0.000,0.0,0,HAYIR,HAYIR
2026-08-19 09:29:30.200,0.00,0.00,0,0.0,0.0,0.000,0.0,0,HAYIR,HAYIR
2026-08-19 09:29:30.220,0.00,0.00,0,0.0,0.0,0.000,0.0,0,HAYIR,HAYIR
2026-08-19 09:29:30.240,0.00,0.00,0,0.0,0.0,0.000,0.0,0,HAYIR,HAYIR
2026-08-19 09:29:30.260,0.00,0.00,0,0.0,0.0,0.000,0.0,0,HAYIR,HAYIR
2026-08-19 09:29:30.280,0.00,0.00,0,0.0,0.0,0.000,0.0,0,HAYIR,HAYIR
2026-08-19 09:29:30.300,0.00,0.00,0,0.0,0.0,0.000,0.0,0,HAYIR,HAYIR
2026-08-19 09:29:30.320,0.00,0.00,0,0.0,0.0,0.000,0.0,0,HAYIR,HAYIR
2026-08-19 09:29:30.340,0.00,0.00,0,0.0,0.0,0.000,0.0,0,HAYIR,HAYIR
2026-08-19 09:29:30.360,0.00,0.00,0,0.0,0.0,0.000,0.0,0,HAYIR,HAYIR
2026-08-19 09:29:30.381,0.00,0.00,0,0.0,0.0,0.000,0.0,0,HAYIR,HAYIR
2026-08-19 09:29:30.400,0.00,0.00,0,0.0,0.0,0.000,0.0,0,HAYIR,HAYIR
2026-08-19 09:29:30.420,0.00,0.00,0,0.0,0.0,0.000,0.0,0,HAYIR,HAYIR
2026-08-19 09:29:30.441,0.00,0.00,0,0.0,0.0,0.000,0.0,0,HAYIR,HAYIR
2026-08-19 09:29:30.460,0.00,0.00,0,0.0,0.0,0.000,0.0,0,HAYIR,HAYIR
2026-08-19 09:29:30.480,0.00,0.00,0,0.0,0.0,0.000,0.0,0,HAYIR,HAYIR
2026-08-19 09:29:30.500,0.00,0.00,0,0.0,0.0,0.000,0.0,0,HAYIR,HAYIR
2026-08-19 09:29:30.520,0.00,0.00,0,0.0,0.0,0.000,0.0,0,HAYIR,HAYIR
2026-08-19 09:29:30.540,0.00,0.00,0,0.0,0.0,0.000,0.0,0,HAYIR,HAYIR
2026-08-19 09:29:30.560,0.00,0.00,0,0.0,0.0,0.000,0.0,0,HAYIR,HAYIR
2026-08-19 09:29:30.581,0.00,0.00,0,0.0,0.0,0.000,0.0,0,HAYIR,HAYIR
2026-08-19 09:29:30.600,0.00,0.00,0,0.0,0.0,0.000,0.0,0,HAYIR,HAYIR
2026-08-19 09:29:30.620,0.00,0.00,0,0.0,0.0,0.000,0.0,0,HAYIR,HAYIR
2026-08-19 09:29:30.640,0.00,0.00,0,0.0,0.0,0.000,0.0,0,HAYIR,HAYIR
2026-08-19 09:29:30.660,0.00,0.00,0,0.0,0.0,0.000,0.0,0,HAYIR,HAYIR
2026-08-19 09:29:30.680,0.00,0.00,0,0.0,0.0,0.000,0.0,0,HAYIR,HAYIR
2026-08-19 09:29:30.700,0.00,0.00,0,0.0,0.0,0.000,0.0,0,HAYIR,HAYIR
2026-08-19 09:29:30.720,0.00,0.00,0,0.0,0.0,0.000,0.0,0,HAYIR,HAYIR
2026-08-19 09:29:30.740,0.00,0.00,0,0.0,0.0,0.000,0.0,0,HAYIR,HAYIR
2026-08-19 09:29:30.761,0.00,0.00,0,0.0,0.0,0.000,0.0,0,HAYIR,HAYIR
2026-08-19 09:29:30.780,0.00,0.00,0,0.0,0.0,0.000,0.0,0,HAYIR,HAYIR
2026-08-19 09:29:30.800,0.00,0.00,0,0.0,0.0,0.000,0.0,0,HAYIR,HAYIR
2026-08-19 09:29:30.820,0.00,0.00,0,0.0,0.0,0.000,0.0,0,HAYIR,HAYIR
2026-08-19 09:29:30.840,0.00,0.00,0,0.0,0.0,0.000,0.0,0,HAYIR,HAYIR
2026-08-19 09:29:30.860,0.00,0.00,0,0.0,0.0,0.000,0.0,0,HAYIR,HAYIR
2026-08-19 09:29:30.880,0.00,0.00,0,0.0,0.0,0.000,0.0,0,HAYIR,HAYIR
2026-08-19 09:29:30.900,0.00,0.00,0,0.0,0.0,0.000,0.0,0,HAYIR,HAYIR
2026-08-19 09:29:30.920,0.00,0.00,0,0.0,0.0,0.000,0.0,0,HAYIR,HAYIR
2026-08-19 09:29:30.940,0.00,0.00,0,0.0,0.0,0.000,0.0,0,HAYIR,HAYIR
2026-08-19 09:29:30.960,0.00,0.00,0,0.0,0.0,0.000,0.0,0,HAYIR,HAYIR
2026-08-19 09:29:30.980,0.00,0.00,0,0.0,0.0,0.000,0.0,0,HAYIR,HAYIR
2026-08-19 09:29:31.000,0.00,0.00,0,0.0,0.0,0.000,0.0,0,HAYIR,HAYIR
2026-08-19 09:29:31.020,0.00,0.00,0,0.0,0.0,0.000,0.0,0,HAYIR,HAYIR
2026-08-19 09:29:31.040,0.00,0.00,0,0.0,0.0,0.000,0.0,0,HAYIR,HAYIR
2026-08-19 09:29:31.060,0.00,0.00,0,0.0,0.0,0.000,0.0,0,HAYIR,HAYIR
2026-08-19 09:29:31.080,0.00,0.00,0,0.0,0.0,0.000,0.0,0,HAYIR,HAYIR
2026-08-19 09:29:31.100,0.00,0.00,0,0.0,0.0,0.000,0.0,0,HAYIR,HAYIR
2026-08-19 09:29:31.120,0.00,0.00,0,0.0,0.0,0.000,0.0,0,HAYIR,HAYIR
2026-08-19 09:29:31.140,0.00,0.00,0,0.0,0.0,0.000,0.0,0,HAYIR,HAYIR
2026-08-19 09:29:31.161,0.00,0.00,0,0.0,0.0,0.000,0.0,0,HAYIR,HAYIR
2026-08-19 09:29:31.180,0.00,0.00,0,0.0,0.0,0.000,0.0,0,HAYIR,HAYIR
2026-08-19 09:29:31.201,0.00,0.00,0,0.0,0.0,0.000,0.0,0,HAYIR,HAYIR
2026-08-19 09:29:31.220,0.00,0.00,0,0.0,0.0,0.000,0.0,0,HAYIR,HAYIR
2026-08-19 09:29:31.240,0.00,0.00,0,0.0,0.0,0.000,0.0,0,HAYIR,HAYIR
2026-08-19 09:29:31.260,0.00,0.00,0,0.0,0.0,0.000,0.0,0,HAYIR,HAYIR
2026-08-19 09:29:31.280,0.00,0.00,0,0.0,0.0,0.000,0.0,0,HAYIR,HAYIR
2026-08-19 09:29:31.300,0.00,0.00,0,0.0,0.0,0.000,0.0,0,HAYIR,HAYIR
2026-08-19 09:29:31.320,0.00,0.00,0,0.0,0.0,0.000,0.0,0,HAYIR,HAYIR
