Timestamp,HedefLinX_m_s,AnlikHiz_m_s,MotorGucu,TurnBoost,StallBoost,HedefAngZ_rad_s,HedefAci_deg,YayinAci_deg,Fren,GeriVites
2026-08-18 10:58:31.088,0.00,0.00,0,0.0,0.0,0.000,0.0,0,HAYIR,HAYIR
2026-08-18 10:58:31.108,0.00,0.00,0,0.0,0.0,0.000,0.0,0,HAYIR,HAYIR
2026-08-18 10:58:31.128,0.00,0.00,0,0.0,0.0,0.000,0.0,0,HAYIR,HAYIR
2026-08-18 10:58:31.148,0.00,0.00,0,0.0,0.0,0.000,0.0,0,HAYIR,HAYIR
2026-08-18 10:58:31.169,0.00,0.00,0,0.0,0.0,0.000,0.0,0,HAYIR,HAYIR
2026-08-18 10:58:31.188,0.00,0.00,0,0.0,0.0,0.000,0.0,0,HAYIR,HAYIR
2026-08-18 10:58:31.208,0.00,0.00,0,0.0,0.0,0.000,0.0,0,HAYIR,HAYIR
2026-08-18 10:58:31.228,0.00,0.00,0,0.0,0.0,0.000,0.0,0,HAYIR,HAYIR
2026-08-18 10:58:31.248,0.00,0.00,0,0.0,0.0,0.000,0.0,0,HAYIR,HAYIR
2026-08-18 10:58:31.268,0.00,0.00,0,0.0,0.0,0.000,0.0,0,HAYIR,HAYIR
2026-08-18 10:58:31.288,0.00,0.00,0,0.0,0.0,0.000,0.0,0,HAYIR,HAYIR
2026-08-18 10:58:31.308,0.00,0.00,0,0.0,0.0,0.000,0.0,0,HAYIR,HAYIR
2026-08-18 10:58:31.328,0.00,0.00,0,0.0,0.0,0.000,0.0,0,HAYIR,HAYIR
2026-08-18 10:58:31.348,0.00,0.00,0,0.0,0.0,0.000,0.0,0,HAYIR,HAYIR
2026-08-18 10:58:31.368,0.00,0.00,0,0.0,0.0,0.000,0.0,0,HAYIR,HAYIR
2026-08-18 10:58:31.388,0.00,0.00,0,0.0,0.0,0.000,0.0,0,HAYIR,HAYIR
2026-08-18 10:58:31.408,0.00,0.00,0,0.0,0.0,0.000,0.0,0,HAYIR,HAYIR
2026-08-18 10:58:31.428,0.00,0.00,0,0.0,0.0,0.000,0.0,0,HAYIR,HAYIR
2026-08-18 10:58:31.448,0.00,0.00,0,0.0,0.0,0.000,0.0,0,HAYIR,HAYIR
2026-08-18 10:58:31.468,0.00,0.00,0,0.0,0.0,0.000,0.0,0,HAYIR,HAYIR
2026-08-18 10:58:31.488,0.00,0.00,0,0.0,0.0,0.000,0.0,0,HAYIR,HAYIR
2026-08-18 10:58:31.509,0.00,0.00,0,0.0,0.0,0.000,0.0,0,HAYIR,HAYIR
2026-08-18 10:58:31.528,0.00,0.00,0,0.0,0.0,0.000,0.0,0,HAYIR,HAYIR
2026-08-18 10:58:31.548,0.00,0.00,0,0.0,0.0,0.000,0.0,0,HAYIR,HAYIR
2026-08-18 10:58:31.568,0.00,0.00,0,0.0,0.0,0.000,0.0,0,HAYIR,HAYIR
2026-08-18 10:58:31.588,0.00,0.00,0,0.0,0.0,0.000,0.0,0,HAYIR,HAYIR
2026-08-18 10:58:31.608,0.00,0.00,0,0.0,0.0,0.000,0.0,0,HAYIR,HAYIR
2026-08-18 10:58:31.628,0.00,0.00,0,0.0,0.0,0.000,0.0,0,HAYIR,HAYIR
2026-08-18 10:58:31.648,0.00,0.00,0,0.0,0.0,0.000,0.0,0,HAYIR,HAYIR
2026-08-18 10:58:31.669,0.00,0.00,0,0.0,0.0,0.000,0.0,0,HAYIR,HAYIR
2026-08-18 10:58:31.689,0.00,0.00,0,0.0,0.0,0.000,0.0,0,HAYIR,HAYIR
2026-08-18 10:58:31.708,0.00,0.00,0,0.0,0.0,0.000,0.0,0,HAYIR,HAYIR
2026-08-18 10:58:31.728,0.00,0.00,0,0.0,0.0,0.000,0.0,0,HAYIR,HAYIR
2026-08-18 10:58:31.748,0.00,0.00,0,0.0,0.0,0.000,0.0,0,HAYIR,HAYIR
2026-08-18 10:58:31.768,0.00,0.00,0,0.0,0.0,0.000,0.0,0,HAYIR,HAYIR
2026-08-18 10:58:31.788,0.00,0.00,0,0.0,0.0,0.000,0.0,0,HAYIR,HAYIR
2026-08-18 10:58:31.808,0.00,0.00,0,0.0,0.0,0.000,0.0,0,HAYIR,HAYIR
2026-08-18 10:58:31.828,0.00,0.00,0,0.0,0.0,0.000,0.0,0,HAYIR,HAYIR
2026-08-18 10:58:31.848,0.00,0.00,0,0.0,0.0,0.000,0.0,0,HAYIR,HAYIR
2026-08-18 10:58:31.868,0.00,0.00,0,0.0,0.0,0.000,0.0,0,HAYIR,HAYIR
2026-08-18 10:58:31.888,0.00,0.00,0,0.0,0.0,0.000,0.0,0,HAYIR,HAYIR
2026-08-18 10:58:31.908,0.00,0.00,0,0.0,0.0,0.000,0.0,0,HAYIR,HAYIR
2026-08-18 10:58:31.928,0.00,0.00,0,0.0,0.0,0.000,0.0,0,HAYIR,HAYIR
2026-08-18 10:58:31.948,0.00,0.00,0,0.0,0.0,0.000,0.0,0,HAYIR,HAYIR
2026-08-18 10:58:31.968,0.00,0.00,0,0.0,0.0,0.000,0.0,0,HAYIR,HAYIR
2026-08-18 10:58:31.988,0.00,0.00,0,0.0,0.0,0.000,0.0,0,HAYIR,HAYIR
2026-08-18 10:58:32.008,0.00,0.00,0,0.0,0.0,0.000,0.0,0,HAYIR,HAYIR
2026-08-18 10:58:32.028,0.00,0.00,0,0.0,0.0,0.000,0.0,0,HAYIR,HAYIR
2026-08-18 10:58:32.048,0.00,0.00,0,0.0,0.0,0.000,0.0,0,HAYIR,HAYIR
2026-08-18 10:58:32.068,0.00,0.00,0,0.0,0.0,0.000,0.0,0,HAYIR,HAYIR
2026-08-18 10:58:32.088,0.00,0.00,0,0.0,0.0,0.000,0.0,0,HAYIR,HAYIR
2026-08-18 10:58:32.108,0.00,0.00,0,0.0,0.0,0.000,0.0,0,HAYIR,HAYIR
2026-08-18 10:58:32.128,0.00,0.00,0,0.0,0.0,0.000,0.0,0,HAYIR,HAYIR
2026-08-18 10:58:32.148,0.00,0.00,0,0.0,0.0,0.000,0.0,0,HAYIR,HAYIR
2026-08-18 10:58:32.168,0.00,0.00,0,0.0,0.0,0.000,0.0,0,HAYIR,HAYIR
2026-08-18 10:58:32.188,0.00,0.00,0,0.0,0.0,0.000,0.0,0,HAYIR,HAYIR
2026-08-18 10:58:32.208,0.00,0.00,0,0.0,0.0,0.000,0.0,0,HAYIR,HAYIR
2026-08-18 10:58:32.228,0.00,0.00,0,0.0,0.0,0.000,0.0,0,HAYIR,HAYIR
2026-08-18 10:58:32.248,0.00,0.00,0,0.0,0.0,0.000,0.0,0,HAYIR,HAYIR
2026-08-18 10:58:32.268,0.00,0.00,0,0.0,0.0,0.000,0.0,0,HAYIR,HAYIR
2026-08-18 10:58:32.288,0.00,0.00,0,0.0,0.0,0.000,0.0,0,HAYIR,HAYIR
2026-08-18 10:58:32.308,0.00,0.00,0,0.0,0.0,0.000,0.0,0,HAYIR,HAYIR
2026-08-18 10:58:32.328,0.00,0.00,0,0.0,0.0,0.000,0.0,0,HAYIR,HAYIR
2026-08-18 10:58:32.348,0.00,0.00,0,0.0,0.0,0.000,0.0,0,HAYIR,HAYIR
2026-08-18 10:58:32.368,0.00,0.00,0,0.0,0.0,0.000,0.0,0,HAYIR,HAYIR
2026-08-18 10:58:32.388,0.00,0.00,0,0.0,0.0,0.000,0.0,0,HAYIR,HAYIR
2026-08-18 10:58:32.409,0.00,0.00,0,0.0,0.0,0.000,0.0,0,HAYIR,HAYIR
2026-08-18 10:58:32.428,0.00,0.00,0,0.0,0.0,0.000,0.0,0,HAYIR,HAYIR
2026-08-18 10:58:32.448,0.00,0.00,0,0.0,0.0,0.000,0.0,0,HAYIR,HAYIR
2026-08-18 10:58:32.468,0.00,0.00,0,0.0,0.0,0.000,0.0,0,HAYIR,HAYIR
2026-08-18 10:58:32.488,0.00,0.00,0,0.0,0.0,0.000,0.0,0,HAYIR,HAYIR
2026-08-18 10:58:32.508,0.00,0.00,0,0.0,0.0,0.000,0.0,0,HAYIR,HAYIR
2026-08-18 10:58:32.528,0.00,0.00,0,0.0,0.0,0.000,0.0,0,HAYIR,HAYIR
2026-08-18 10:58:32.548,0.00,0.00,0,0.0,0.0,0.000,0.0,0,HAYIR,HAYIR
2026-08-18 10:58:32.568,0.00,0.00,0,0.0,0.0,0.000,0.0,0,HAYIR,HAYIR
2026-08-18 10:58:32.588,0.00,0.00,0,0.0,0.0,0.000,0.0,0,HAYIR,HAYIR
2026-08-18 10:58:32.608,0.00,0.00,0,0.0,0.0,0.000,0.0,0,HAYIR,HAYIR
2026-08-18 10:58:32.628,0.00,0.00,0,0.0,0.0,0.000,0.0,0,HAYIR,HAYIR
2026-08-18 10:58:32.648,0.00,0.00,0,0.0,0.0,0.000,0.0,0,HAYIR,HAYIR
2026-08-18 10:58:32.668,0.00,0.00,0,0.0,0.0,0.000,0.0,0,HAYIR,HAYIR
2026-08-18 10:58:32.688,0.00,0.00,0,0.0,0.0,0.000,0.0,0,HAYIR,HAYIR
2026-08-18 10:58:32.708,0.00,0.00,0,0.0,0.0,0.000,0.0,0,HAYIR,HAYIR
2026-08-18 10:58:32.728,0.00,0.00,0,0.0,0.0,0.000,0.0,0,HAYIR,HAYIR
2026-08-18 10:58:32.748,0.00,0.00,0,0.0,0.0,0.000,0.0,0,HAYIR,HAYIR
2026-08-18 10:58:32.768,0.00,0.00,0,0.0,0.0,0.000,0.0,0,HAYIR,HAYIR
2026-08-18 10:58:32.788,0.00,0.00,0,0.0,0.0,0.000,0.0,0,HAYIR,HAYIR
2026-08-18 10:58:32.808,0.00,0.00,0,0.0,0.0,0.000,0.0,0,HAYIR,HAYIR
2026-08-18 10:58:32.828,0.00,0.00,0,0.0,0.0,0.000,0.0,0,HAYIR,HAYIR
2026-08-18 10:58:32.848,0.00,0.00,0,0.0,0.0,0.000,0.0,0,HAYIR,HAYIR
2026-08-18 10:58:32.868,0.00,0.00,0,0.0,0.0,0.000,0.0,0,HAYIR,HAYIR
2026-08-18 10:58:32.888,0.00,0.00,0,0.0,0.0,0.000,0.0,0,HAYIR,HAYIR
2026-08-18 10:58:32.908,0.00,0.00,0,0.0,0.0,0.000,0.0,0,HAYIR,HAYIR
2026-08-18 10:58:32.928,0.00,0.00,0,0.0,0.0,0.000,0.0,0,HAYIR,HAYIR
2026-08-18 10:58:32.948,0.00,0.00,0,0.0,0.0,0.000,0.0,0,HAYIR,HAYIR
2026-08-18 10:58:32.968,0.00,0.00,0,0.0,0.0,0.000,0.0,0,HAYIR,HAYIR
2026-08-18 10:58:32.988,0.00,0.00,0,0.0,0.0,0.000,0.0,0,HAYIR,HAYIR
2026-08-18 10:58:33.008,0.00,0.00,0,0.0,0.0,0.000,0.0,0,HAYIR,HAYIR
2026-08-18 10:58:33.028,0.00,0.00,0,0.0,0.0,0.000,0.0,0,HAYIR,HAYIR
2026-08-18 10:58:33.048,0.00,0.00,0,0.0,0.0,0.000,0.0,0,HAYIR,HAYIR
2026-08-18 10:58:33.068,0.00,0.00,0,0.0,0.0,0.000,0.0,0,HAYIR,HAYIR
2026-08-18 10:58:33.088,0.00,0.00,0,0.0,0.0,0.000,0.0,0,HAYIR,HAYIR
2026-08-18 10:58:33.108,0.00,0.00,0,0.0,0.0,0.000,0.0,0,HAYIR,HAYIR
2026-08-18 10:58:33.128,0.00,0.00,0,0.0,0.0,0.000,0.0,0,HAYIR,HAYIR
2026-08-18 10:58:33.148,0.00,0.00,0,0.0,0.0,0.000,0.0,0,HAYIR,HAYIR
2026-08-18 10:58:33.168,0.00,0.00,0,0.0,0.0,0.000,0.0,0,HAYIR,HAYIR
2026-08-18 10:58:33.188,0.00,0.00,0,0.0,0.0,0.000,0.0,0,HAYIR,HAYIR
2026-08-18 10:58:33.208,0.00,0.00,0,0.0,0.0,0.000,0.0,0,HAYIR,HAYIR
2026-08-18 10:58:33.228,0.00,0.00,0,0.0,0.0,0.000,0.0,0,HAYIR,HAYIR
2026-08-18 10:58:33.248,0.00,0.00,0,0.0,0.0,0.000,0.0,0,HAYIR,HAYIR
2026-08-18 10:58:33.268,0.00,0.00,0,0.0,0.0,0.000,0.0,0,HAYIR,HAYIR
2026-08-18 10:58:33.288,0.00,0.00,0,0.0,0.0,0.000,0.0,0,HAYIR,HAYIR
2026-08-18 10:58:33.308,0.00,0.00,0,0.0,0.0,0.000,0.0,0,HAYIR,HAYIR
2026-08-18 10:58:33.328,0.00,0.00,0,0.0,0.0,0.000,0.0,0,HAYIR,HAYIR
2026-08-18 10:58:33.348,0.00,0.00,0,0.0,0.0,0.000,0.0,0,HAYIR,HAYIR
2026-08-18 10:58:33.368,0.00,0.00,0,0.0,0.0,0.000,0.0,0,HAYIR,HAYIR
2026-08-18 10:58:33.388,0.00,0.00,0,0.0,0.0,0.000,0.0,0,HAYIR,HAYIR
2026-08-18 10:58:33.408,0.00,0.00,0,0.0,0.0,0.000,0.0,0,HAYIR,HAYIR
2026-08-18 10:58:33.428,0.00,0.00,0,0.0,0.0,0.000,0.0,0,HAYIR,HAYIR
2026-08-18 10:58:33.448,0.00,0.00,0,0.0,0.0,0.000,0.0,0,HAYIR,HAYIR
2026-08-18 10:58:33.468,0.00,0.00,0,0.0,0.0,0.000,0.0,0,HAYIR,HAYIR
2026-08-18 10:58:33.488,0.00,0.00,0,0.0,0.0,0.000,0.0,0,HAYIR,HAYIR
2026-08-18 10:58:33.508,0.00,0.00,0,0.0,0.0,0.000,0.0,0,HAYIR,HAYIR
2026-08-18 10:58:33.528,0.00,0.00,0,0.0,0.0,0.000,0.0,0,HAYIR,HAYIR
2026-08-18 10:58:33.548,0.00,0.00,0,0.0,0.0,0.000,0.0,0,HAYIR,HAYIR
2026-08-18 10:58:33.568,0.00,0.00,0,0.0,0.0,0.000,0.0,0,HAYIR,HAYIR
2026-08-18 10:58:33.588,0.00,0.00,0,0.0,0.0,0.000,0.0,0,HAYIR,HAYIR
2026-08-18 10:58:33.608,0.00,0.00,0,0.0,0.0,0.000,0.0,0,HAYIR,HAYIR
2026-08-18 10:58:33.628,0.00,0.00,0,0.0,0.0,0.000,0.0,0,HAYIR,HAYIR
2026-08-18 10:58:33.648,0.00,0.00,0,0.0,0.0,0.000,0.0,0,HAYIR,HAYIR
2026-08-18 10:58:33.668,0.00,0.00,0,0.0,0.0,0.000,0.0,0,HAYIR,HAYIR
2026-08-18 10:58:33.688,0.00,0.00,0,0.0,0.0,0.000,0.0,0,HAYIR,HAYIR
2026-08-18 10:58:33.708,0.00,0.00,0,0.0,0.0,0.000,0.0,0,HAYIR,HAYIR
2026-08-18 10:58:33.728,0.00,0.00,0,0.0,0.0,0.000,0.0,0,HAYIR,HAYIR
2026-08-18 10:58:33.748,0.00,0.00,0,0.0,0.0,0.000,0.0,0,HAYIR,HAYIR
2026-08-18 10:58:33.768,0.00,0.00,0,0.0,0.0,0.000,0.0,0,HAYIR,HAYIR
2026-08-18 10:58:33.788,0.00,0.00,0,0.0,0.0,0.000,0.0,0,HAYIR,HAYIR
2026-08-18 10:58:33.808,0.00,0.00,0,0.0,0.0,0.000,0.0,0,HAYIR,HAYIR
2026-08-18 10:58:33.828,0.00,0.00,0,0.0,0.0,0.000,0.0,0,HAYIR,HAYIR
2026-08-18 10:58:33.848,0.00,0.00,0,0.0,0.0,0.000,0.0,0,HAYIR,HAYIR
2026-08-18 10:58:33.868,0.00,0.00,0,0.0,0.0,0.000,0.0,0,HAYIR,HAYIR
2026-08-18 10:58:33.888,0.00,0.00,0,0.0,0.0,0.000,0.0,0,HAYIR,HAYIR
2026-08-18 10:58:33.908,0.00,0.00,0,0.0,0.0,0.000,0.0,0,HAYIR,HAYIR
2026-08-18 10:58:33.928,0.00,0.00,0,0.0,0.0,0.000,0.0,0,HAYIR,HAYIR
2026-08-18 10:58:33.948,0.00,0.00,0,0.0,0.0,0.000,0.0,0,HAYIR,HAYIR
2026-08-18 10:58:33.968,0.00,0.00,0,0.0,0.0,0.000,0.0,0,HAYIR,HAYIR
2026-08-18 10:58:33.988,0.00,0.00,0,0.0,0.0,0.000,0.0,0,HAYIR,HAYIR
2026-08-18 10:58:34.008,0.00,0.00,0,0.0,0.0,0.000,0.0,0,HAYIR,HAYIR
2026-08-18 10:58:34.028,0.00,0.00,0,0.0,0.0,0.000,0.0,0,HAYIR,HAYIR
2026-08-18 10:58:34.048,0.00,0.00,0,0.0,0.0,0.000,0.0,0,HAYIR,HAYIR
2026-08-18 10:58:34.068,0.00,0.00,0,0.0,0.0,0.000,0.0,0,HAYIR,HAYIR
2026-08-18 10:58:34.088,0.00,0.00,0,0.0,0.0,0.000,0.0,0,HAYIR,HAYIR
2026-08-18 10:58:34.108,0.00,0.00,0,0.0,0.0,0.000,0.0,0,HAYIR,HAYIR
2026-08-18 10:58:34.128,0.00,0.00,0,0.0,0.0,0.000,0.0,0,HAYIR,HAYIR
2026-08-18 10:58:34.148,0.00,0.00,0,0.0,0.0,0.000,0.0,0,HAYIR,HAYIR
2026-08-18 10:58:34.168,0.00,0.00,0,0.0,0.0,0.000,0.0,0,HAYIR,HAYIR
2026-08-18 10:58:34.188,0.00,0.00,0,0.0,0.0,0.000,0.0,0,HAYIR,HAYIR
2026-08-18 10:58:34.208,0.00,0.00,0,0.0,0.0,0.000,0.0,0,HAYIR,HAYIR
2026-08-18 10:58:34.228,0.00,0.00,0,0.0,0.0,0.000,0.0,0,HAYIR,HAYIR
2026-08-18 10:58:34.248,0.00,0.00,0,0.0,0.0,0.000,0.0,0,HAYIR,HAYIR
2026-08-18 10:58:34.268,0.00,0.00,0,0.0,0.0,0.000,0.0,0,HAYIR,HAYIR
2026-08-18 10:58:34.288,0.00,0.00,0,0.0,0.0,0.000,0.0,0,HAYIR,HAYIR
2026-08-18 10:58:34.308,0.00,0.00,0,0.0,0.0,0.000,0.0,0,HAYIR,HAYIR
2026-08-18 10:58:34.328,0.00,0.00,0,0.0,0.0,0.000,0.0,0,HAYIR,HAYIR
2026-08-18 10:58:34.348,0.00,0.00,0,0.0,0.0,0.000,0.0,0,HAYIR,HAYIR
2026-08-18 10:58:34.368,0.00,0.00,0,0.0,0.0,0.000,0.0,0,HAYIR,HAYIR
2026-08-18 10:58:34.388,0.00,0.00,0,0.0,0.0,0.000,0.0,0,HAYIR,HAYIR
2026-08-18 10:58:34.408,0.00,0.00,0,0.0,0.0,0.000,0.0,0,HAYIR,HAYIR
2026-08-18 10:58:34.428,0.00,0.00,0,0.0,0.0,0.000,0.0,0,HAYIR,HAYIR
2026-08-18 10:58:34.448,0.00,0.00,0,0.0,0.0,0.000,0.0,0,HAYIR,HAYIR
2026-08-18 10:58:34.468,0.00,0.00,0,0.0,0.0,0.000,0.0,0,HAYIR,HAYIR
2026-08-18 10:58:34.488,0.00,0.00,0,0.0,0.0,0.000,0.0,0,HAYIR,HAYIR
2026-08-18 10:58:34.508,0.00,0.00,0,0.0,0.0,0.000,0.0,0,HAYIR,HAYIR
2026-08-18 10:58:34.528,0.00,0.00,0,0.0,0.0,0.000,0.0,0,HAYIR,HAYIR
2026-08-18 10:58:34.548,0.00,0.00,0,0.0,0.0,0.000,0.0,0,HAYIR,HAYIR
2026-08-18 10:58:34.568,0.00,0.00,0,0.0,0.0,0.000,0.0,0,HAYIR,HAYIR
2026-08-18 10:58:34.588,0.00,0.00,0,0.0,0.0,0.000,0.0,0,HAYIR,HAYIR
2026-08-18 10:58:34.608,0.00,0.00,0,0.0,0.0,0.000,0.0,0,HAYIR,HAYIR
2026-08-18 10:58:34.628,0.00,0.00,0,0.0,0.0,0.000,0.0,0,HAYIR,HAYIR
2026-08-18 10:58:34.648,0.00,0.00,0,0.0,0.0,0.000,0.0,0,HAYIR,HAYIR
2026-08-18 10:58:34.668,0.00,0.00,0,0.0,0.0,0.000,0.0,0,HAYIR,HAYIR
2026-08-18 10:58:34.688,0.00,0.00,0,0.0,0.0,0.000,0.0,0,HAYIR,HAYIR
2026-08-18 10:58:34.708,0.00,0.00,0,0.0,0.0,0.000,0.0,0,HAYIR,HAYIR
2026-08-18 10:58:34.728,0.00,0.00,0,0.0,0.0,0.000,0.0,0,HAYIR,HAYIR
2026-08-18 10:58:34.748,0.00,0.00,0,0.0,0.0,0.000,0.0,0,HAYIR,HAYIR
2026-08-18 10:58:34.768,0.00,0.00,0,0.0,0.0,0.000,0.0,0,HAYIR,HAYIR
2026-08-18 10:58:34.788,0.00,0.00,0,0.0,0.0,0.000,0.0,0,HAYIR,HAYIR
2026-08-18 10:58:34.808,0.00,0.00,0,0.0,0.0,0.000,0.0,0,HAYIR,HAYIR
2026-08-18 10:58:34.828,0.00,0.00,0,0.0,0.0,0.000,0.0,0,HAYIR,HAYIR
2026-08-18 10:58:34.848,0.00,0.00,0,0.0,0.0,0.000,0.0,0,HAYIR,HAYIR
2026-08-18 10:58:34.868,0.00,0.00,0,0.0,0.0,0.000,0.0,0,HAYIR,HAYIR
2026-08-18 10:58:34.888,0.00,0.00,0,0.0,0.0,0.000,0.0,0,HAYIR,HAYIR
2026-08-18 10:58:34.908,0.00,0.00,0,0.0,0.0,0.000,0.0,0,HAYIR,HAYIR
2026-08-18 10:58:34.928,0.00,0.00,0,0.0,0.0,0.000,0.0,0,HAYIR,HAYIR
2026-08-18 10:58:34.948,0.00,0.00,0,0.0,0.0,0.000,0.0,0,HAYIR,HAYIR
2026-08-18 10:58:34.968,0.00,0.00,0,0.0,0.0,0.000,0.0,0,HAYIR,HAYIR
2026-08-18 10:58:34.988,0.00,0.00,0,0.0,0.0,0.000,0.0,0,HAYIR,HAYIR
2026-08-18 10:58:35.008,0.00,0.00,0,0.0,0.0,0.000,0.0,0,HAYIR,HAYIR
2026-08-18 10:58:35.028,0.00,0.00,0,0.0,0.0,0.000,0.0,0,HAYIR,HAYIR
2026-08-18 10:58:35.048,0.00,0.00,0,0.0,0.0,0.000,0.0,0,HAYIR,HAYIR
2026-08-18 10:58:35.068,0.00,0.00,0,0.0,0.0,0.000,0.0,0,HAYIR,HAYIR
2026-08-18 10:58:35.088,0.00,0.00,0,0.0,0.0,0.000,0.0,0,HAYIR,HAYIR
2026-08-18 10:58:35.108,0.00,0.00,0,0.0,0.0,0.000,0.0,0,HAYIR,HAYIR
2026-08-18 10:58:35.128,0.00,0.00,0,0.0,0.0,0.000,0.0,0,HAYIR,HAYIR
2026-08-18 10:58:35.148,0.00,0.00,0,0.0,0.0,0.000,0.0,0,HAYIR,HAYIR
2026-08-18 10:58:35.168,0.00,0.00,0,0.0,0.0,0.000,0.0,0,HAYIR,HAYIR
2026-08-18 10:58:35.188,0.00,0.00,0,0.0,0.0,0.000,0.0,0,HAYIR,HAYIR
2026-08-18 10:58:35.208,0.00,0.00,0,0.0,0.0,0.000,0.0,0,HAYIR,HAYIR
2026-08-18 10:58:35.228,0.00,0.00,0,0.0,0.0,0.000,0.0,0,HAYIR,HAYIR
2026-08-18 10:58:35.248,0.00,0.00,0,0.0,0.0,0.000,0.0,0,HAYIR,HAYIR
2026-08-18 10:58:35.268,0.00,0.00,0,0.0,0.0,0.000,0.0,0,HAYIR,HAYIR
2026-08-18 10:58:35.288,0.00,0.00,0,0.0,0.0,0.000,0.0,0,HAYIR,HAYIR
2026-08-18 10:58:35.308,0.00,0.00,0,0.0,0.0,0.000,0.0,0,HAYIR,HAYIR
2026-08-18 10:58:35.328,0.00,0.00,0,0.0,0.0,0.000,0.0,0,HAYIR,HAYIR
2026-08-18 10:58:35.348,0.00,0.00,0,0.0,0.0,0.000,0.0,0,HAYIR,HAYIR
2026-08-18 10:58:35.368,0.00,0.00,0,0.0,0.0,0.000,0.0,0,HAYIR,HAYIR
2026-08-18 10:58:35.388,0.00,0.00,0,0.0,0.0,0.000,0.0,0,HAYIR,HAYIR
2026-08-18 10:58:35.408,0.00,0.00,0,0.0,0.0,0.000,0.0,0,HAYIR,HAYIR
2026-08-18 10:58:35.428,0.00,0.00,0,0.0,0.0,0.000,0.0,0,HAYIR,HAYIR
2026-08-18 10:58:35.448,0.00,0.00,0,0.0,0.0,0.000,0.0,0,HAYIR,HAYIR
2026-08-18 10:58:35.468,0.00,0.00,0,0.0,0.0,0.000,0.0,0,HAYIR,HAYIR
2026-08-18 10:58:35.488,0.00,0.00,0,0.0,0.0,0.000,0.0,0,HAYIR,HAYIR
2026-08-18 10:58:35.508,0.00,0.00,0,0.0,0.0,0.000,0.0,0,HAYIR,HAYIR
2026-08-18 10:58:35.528,0.00,0.00,0,0.0,0.0,0.000,0.0,0,HAYIR,HAYIR
2026-08-18 10:58:35.548,0.00,0.00,0,0.0,0.0,0.000,0.0,0,HAYIR,HAYIR
2026-08-18 10:58:35.568,0.00,0.00,0,0.0,0.0,0.000,0.0,0,HAYIR,HAYIR
2026-08-18 10:58:35.588,0.00,0.00,0,0.0,0.0,0.000,0.0,0,HAYIR,HAYIR
2026-08-18 10:58:35.608,0.00,0.00,0,0.0,0.0,0.000,0.0,0,HAYIR,HAYIR
2026-08-18 10:58:35.628,0.00,0.00,0,0.0,0.0,0.000,0.0,0,HAYIR,HAYIR
2026-08-18 10:58:35.648,0.00,0.00,0,0.0,0.0,0.000,0.0,0,HAYIR,HAYIR
2026-08-18 10:58:35.668,0.00,0.00,0,0.0,0.0,0.000,0.0,0,HAYIR,HAYIR
2026-08-18 10:58:35.688,0.00,0.00,0,0.0,0.0,0.000,0.0,0,HAYIR,HAYIR
2026-08-18 10:58:35.708,0.00,0.00,0,0.0,0.0,0.000,0.0,0,HAYIR,HAYIR
2026-08-18 10:58:35.728,0.00,0.00,0,0.0,0.0,0.000,0.0,0,HAYIR,HAYIR
2026-08-18 10:58:35.748,0.00,0.00,0,0.0,0.0,0.000,0.0,0,HAYIR,HAYIR
2026-08-18 10:58:35.768,0.00,0.00,0,0.0,0.0,0.000,0.0,0,HAYIR,HAYIR
2026-08-18 10:58:35.788,0.00,0.00,0,0.0,0.0,0.000,0.0,0,HAYIR,HAYIR
2026-08-18 10:58:35.808,0.00,0.00,0,0.0,0.0,0.000,0.0,0,HAYIR,HAYIR
2026-08-18 10:58:35.828,0.00,0.00,0,0.0,0.0,0.000,0.0,0,HAYIR,HAYIR
2026-08-18 10:58:35.848,0.00,0.00,0,0.0,0.0,0.000,0.0,0,HAYIR,HAYIR
2026-08-18 10:58:35.868,0.00,0.00,0,0.0,0.0,0.000,0.0,0,HAYIR,HAYIR
2026-08-18 10:58:35.888,0.00,0.00,0,0.0,0.0,0.000,0.0,0,HAYIR,HAYIR
2026-08-18 10:58:35.908,0.00,0.00,0,0.0,0.0,0.000,0.0,0,HAYIR,HAYIR
2026-08-18 10:58:35.928,0.00,0.00,0,0.0,0.0,0.000,0.0,0,HAYIR,HAYIR
2026-08-18 10:58:35.948,0.00,0.00,0,0.0,0.0,0.000,0.0,0,HAYIR,HAYIR
2026-08-18 10:58:35.968,0.00,0.00,0,0.0,0.0,0.000,0.0,0,HAYIR,HAYIR
2026-08-18 10:58:35.988,0.00,0.00,0,0.0,0.0,0.000,0.0,0,HAYIR,HAYIR
2026-08-18 10:58:36.008,0.00,0.00,0,0.0,0.0,0.000,0.0,0,HAYIR,HAYIR
2026-08-18 10:58:36.028,0.00,0.00,0,0.0,0.0,0.000,0.0,0,HAYIR,HAYIR
2026-08-18 10:58:36.048,0.00,0.00,0,0.0,0.0,0.000,0.0,0,HAYIR,HAYIR
2026-08-18 10:58:36.068,0.00,0.00,0,0.0,0.0,0.000,0.0,0,HAYIR,HAYIR
2026-08-18 10:58:36.088,0.00,0.00,0,0.0,0.0,0.000,0.0,0,HAYIR,HAYIR
2026-08-18 10:58:36.108,0.00,0.00,0,0.0,0.0,0.000,0.0,0,HAYIR,HAYIR
2026-08-18 10:58:36.128,0.00,0.00,0,0.0,0.0,0.000,0.0,0,HAYIR,HAYIR
2026-08-18 10:58:36.148,0.00,0.00,0,0.0,0.0,0.000,0.0,0,HAYIR,HAYIR
2026-08-18 10:58:36.168,0.00,0.00,0,0.0,0.0,0.000,0.0,0,HAYIR,HAYIR
2026-08-18 10:58:36.188,0.00,0.00,0,0.0,0.0,0.000,0.0,0,HAYIR,HAYIR
2026-08-18 10:58:36.208,0.00,0.00,0,0.0,0.0,0.000,0.0,0,HAYIR,HAYIR
2026-08-18 10:58:36.228,0.00,0.00,0,0.0,0.0,0.000,0.0,0,HAYIR,HAYIR
2026-08-18 10:58:36.249,0.00,0.00,0,0.0,0.0,0.000,0.0,0,HAYIR,HAYIR
2026-08-18 10:58:36.268,0.00,0.00,0,0.0,0.0,0.000,0.0,0,HAYIR,HAYIR
2026-08-18 10:58:36.288,0.00,0.00,0,0.0,0.0,0.000,0.0,0,HAYIR,HAYIR
2026-08-18 10:58:36.308,0.00,0.00,0,0.0,0.0,0.000,0.0,0,HAYIR,HAYIR
2026-08-18 10:58:36.328,0.00,0.00,0,0.0,0.0,0.000,0.0,0,HAYIR,HAYIR
2026-08-18 10:58:36.348,0.00,0.00,0,0.0,0.0,0.000,0.0,0,HAYIR,HAYIR
2026-08-18 10:58:36.368,0.00,0.00,0,0.0,0.0,0.000,0.0,0,HAYIR,HAYIR
2026-08-18 10:58:36.388,0.00,0.00,0,0.0,0.0,0.000,0.0,0,HAYIR,HAYIR
2026-08-18 10:58:36.408,0.00,0.00,0,0.0,0.0,0.000,0.0,0,HAYIR,HAYIR
2026-08-18 10:58:36.428,0.00,0.00,0,0.0,0.0,0.000,0.0,0,HAYIR,HAYIR
2026-08-18 10:58:36.448,0.00,0.00,0,0.0,0.0,0.000,0.0,0,HAYIR,HAYIR
2026-08-18 10:58:36.468,0.00,0.00,0,0.0,0.0,0.000,0.0,0,HAYIR,HAYIR
2026-08-18 10:58:36.488,0.00,0.00,0,0.0,0.0,0.000,0.0,0,HAYIR,HAYIR
2026-08-18 10:58:36.508,0.00,0.00,0,0.0,0.0,0.000,0.0,0,HAYIR,HAYIR
2026-08-18 10:58:36.528,0.00,0.00,0,0.0,0.0,0.000,0.0,0,HAYIR,HAYIR
2026-08-18 10:58:36.548,0.00,0.00,0,0.0,0.0,0.000,0.0,0,HAYIR,HAYIR
2026-08-18 10:58:36.568,0.00,0.00,0,0.0,0.0,0.000,0.0,0,HAYIR,HAYIR
2026-08-18 10:58:36.588,0.00,0.00,0,0.0,0.0,0.000,0.0,0,HAYIR,HAYIR
2026-08-18 10:58:36.608,0.00,0.00,0,0.0,0.0,0.000,0.0,0,HAYIR,HAYIR
2026-08-18 10:58:36.628,0.00,0.00,0,0.0,0.0,0.000,0.0,0,HAYIR,HAYIR
2026-08-18 10:58:36.648,0.00,0.00,0,0.0,0.0,0.000,0.0,0,HAYIR,HAYIR
2026-08-18 10:58:36.668,0.00,0.00,0,0.0,0.0,0.000,0.0,0,HAYIR,HAYIR
2026-08-18 10:58:36.688,0.00,0.00,0,0.0,0.0,0.000,0.0,0,HAYIR,HAYIR
2026-08-18 10:58:36.709,0.00,0.00,0,0.0,0.0,0.000,0.0,0,HAYIR,HAYIR
2026-08-18 10:58:36.728,0.00,0.00,0,0.0,0.0,0.000,0.0,0,HAYIR,HAYIR
2026-08-18 10:58:36.748,0.00,0.00,0,0.0,0.0,0.000,0.0,0,HAYIR,HAYIR
2026-08-18 10:58:36.768,0.00,0.00,0,0.0,0.0,0.000,0.0,0,HAYIR,HAYIR
2026-08-18 10:58:36.788,0.00,0.00,0,0.0,0.0,0.000,0.0,0,HAYIR,HAYIR
2026-08-18 10:58:36.808,0.00,0.00,0,0.0,0.0,0.000,0.0,0,HAYIR,HAYIR
2026-08-18 10:58:36.828,0.00,0.00,0,0.0,0.0,0.000,0.0,0,HAYIR,HAYIR
2026-08-18 10:58:36.848,0.00,0.00,0,0.0,0.0,0.000,0.0,0,HAYIR,HAYIR
2026-08-18 10:58:36.868,0.00,0.00,0,0.0,0.0,0.000,0.0,0,HAYIR,HAYIR
2026-08-18 10:58:36.888,0.00,0.00,0,0.0,0.0,0.000,0.0,0,HAYIR,HAYIR
2026-08-18 10:58:36.908,0.00,0.00,0,0.0,0.0,0.000,0.0,0,HAYIR,HAYIR
2026-08-18 10:58:36.928,0.00,0.00,0,0.0,0.0,0.000,0.0,0,HAYIR,HAYIR
2026-08-18 10:58:36.948,0.00,0.00,0,0.0,0.0,0.000,0.0,0,HAYIR,HAYIR
2026-08-18 10:58:36.968,0.00,0.00,0,0.0,0.0,0.000,0.0,0,HAYIR,HAYIR
2026-08-18 10:58:36.988,0.00,0.00,0,0.0,0.0,0.000,0.0,0,HAYIR,HAYIR
2026-08-18 10:58:37.008,0.00,0.00,0,0.0,0.0,0.000,0.0,0,HAYIR,HAYIR
2026-08-18 10:58:37.028,0.00,0.00,0,0.0,0.0,0.000,0.0,0,HAYIR,HAYIR
2026-08-18 10:58:37.048,0.00,0.00,0,0.0,0.0,0.000,0.0,0,HAYIR,HAYIR
2026-08-18 10:58:37.068,0.00,0.00,0,0.0,0.0,0.000,0.0,0,HAYIR,HAYIR
2026-08-18 10:58:37.088,0.00,0.00,0,0.0,0.0,0.000,0.0,0,HAYIR,HAYIR
2026-08-18 10:58:37.108,0.00,0.00,0,0.0,0.0,0.000,0.0,0,HAYIR,HAYIR
2026-08-18 10:58:37.128,0.00,0.00,0,0.0,0.0,0.000,0.0,0,HAYIR,HAYIR
2026-08-18 10:58:37.148,0.00,0.00,0,0.0,0.0,0.000,0.0,0,HAYIR,HAYIR
2026-08-18 10:58:37.168,0.00,0.00,0,0.0,0.0,0.000,0.0,0,HAYIR,HAYIR
2026-08-18 10:58:37.188,0.00,0.00,0,0.0,0.0,0.000,0.0,0,HAYIR,HAYIR
2026-08-18 10:58:37.208,0.00,0.00,0,0.0,0.0,0.000,0.0,0,HAYIR,HAYIR
2026-08-18 10:58:37.228,0.00,0.00,0,0.0,0.0,0.000,0.0,0,HAYIR,HAYIR
2026-08-18 10:58:37.248,0.00,0.00,0,0.0,0.0,0.000,0.0,0,HAYIR,HAYIR
2026-08-18 10:58:37.269,0.00,0.00,0,0.0,0.0,0.000,0.0,0,HAYIR,HAYIR
2026-08-18 10:58:37.288,0.00,0.00,0,0.0,0.0,0.000,0.0,0,HAYIR,HAYIR
2026-08-18 10:58:37.308,0.00,0.00,0,0.0,0.0,0.000,0.0,0,HAYIR,HAYIR
2026-08-18 10:58:37.328,0.00,0.00,0,0.0,0.0,0.000,0.0,0,HAYIR,HAYIR
2026-08-18 10:58:37.348,0.00,0.00,0,0.0,0.0,0.000,0.0,0,HAYIR,HAYIR
2026-08-18 10:58:37.368,0.00,0.00,0,0.0,0.0,0.000,0.0,0,HAYIR,HAYIR
2026-08-18 10:58:37.388,0.00,0.00,0,0.0,0.0,0.000,0.0,0,HAYIR,HAYIR
2026-08-18 10:58:37.408,0.00,0.00,0,0.0,0.0,0.000,0.0,0,HAYIR,HAYIR
2026-08-18 10:58:37.428,0.00,0.00,0,0.0,0.0,0.000,0.0,0,HAYIR,HAYIR
2026-08-18 10:58:37.448,0.00,0.00,0,0.0,0.0,0.000,0.0,0,HAYIR,HAYIR
2026-08-18 10:58:37.468,0.00,0.00,0,0.0,0.0,0.000,0.0,0,HAYIR,HAYIR
2026-08-18 10:58:37.488,0.00,0.00,0,0.0,0.0,0.000,0.0,0,HAYIR,HAYIR
2026-08-18 10:58:37.508,0.00,0.00,0,0.0,0.0,0.000,0.0,0,HAYIR,HAYIR
2026-08-18 10:58:37.528,0.00,0.00,0,0.0,0.0,0.000,0.0,0,HAYIR,HAYIR
2026-08-18 10:58:37.548,0.00,0.00,0,0.0,0.0,0.000,0.0,0,HAYIR,HAYIR
2026-08-18 10:58:37.568,0.00,0.00,0,0.0,0.0,0.000,0.0,0,HAYIR,HAYIR
2026-08-18 10:58:37.588,0.00,0.00,0,0.0,0.0,0.000,0.0,0,HAYIR,HAYIR
2026-08-18 10:58:37.608,0.00,0.00,0,0.0,0.0,0.000,0.0,0,HAYIR,HAYIR
2026-08-18 10:58:37.628,0.00,0.00,0,0.0,0.0,0.000,0.0,0,HAYIR,HAYIR
2026-08-18 10:58:37.648,0.00,0.00,0,0.0,0.0,0.000,0.0,0,HAYIR,HAYIR
2026-08-18 10:58:37.669,0.00,0.00,0,0.0,0.0,0.000,0.0,0,HAYIR,HAYIR
2026-08-18 10:58:37.689,0.00,0.00,0,0.0,0.0,0.000,0.0,0,HAYIR,HAYIR
2026-08-18 10:58:37.708,0.00,0.00,0,0.0,0.0,0.000,0.0,0,HAYIR,HAYIR
2026-08-18 10:58:37.728,0.00,0.00,0,0.0,0.0,0.000,0.0,0,HAYIR,HAYIR
2026-08-18 10:58:37.749,0.00,0.00,0,0.0,0.0,0.000,0.0,0,HAYIR,HAYIR
2026-08-18 10:58:37.768,0.00,0.00,0,0.0,0.0,0.000,0.0,0,HAYIR,HAYIR
2026-08-18 10:58:37.788,0.00,0.00,0,0.0,0.0,0.000,0.0,0,HAYIR,HAYIR
2026-08-18 10:58:37.808,0.00,0.00,0,0.0,0.0,0.000,0.0,0,HAYIR,HAYIR
2026-08-18 10:58:37.828,0.00,0.00,0,0.0,0.0,0.000,0.0,0,HAYIR,HAYIR
2026-08-18 10:58:37.848,0.00,0.00,0,0.0,0.0,0.000,0.0,0,HAYIR,HAYIR
2026-08-18 10:58:37.868,0.00,0.00,0,0.0,0.0,0.000,0.0,0,HAYIR,HAYIR
2026-08-18 10:58:37.888,0.00,0.00,0,0.0,0.0,0.000,0.0,0,HAYIR,HAYIR
2026-08-18 10:58:37.908,0.00,0.00,0,0.0,0.0,0.000,0.0,0,HAYIR,HAYIR
2026-08-18 10:58:37.928,0.00,0.00,0,0.0,0.0,0.000,0.0,0,HAYIR,HAYIR
2026-08-18 10:58:37.948,0.00,0.00,0,0.0,0.0,0.000,0.0,0,HAYIR,HAYIR
2026-08-18 10:58:37.968,0.00,0.00,0,0.0,0.0,0.000,0.0,0,HAYIR,HAYIR
2026-08-18 10:58:37.988,0.00,0.00,0,0.0,0.0,0.000,0.0,0,HAYIR,HAYIR
2026-08-18 10:58:38.008,0.00,0.00,0,0.0,0.0,0.000,0.0,0,HAYIR,HAYIR
2026-08-18 10:58:38.028,0.00,0.00,0,0.0,0.0,0.000,0.0,0,HAYIR,HAYIR
2026-08-18 10:58:38.048,0.00,0.00,0,0.0,0.0,0.000,0.0,0,HAYIR,HAYIR
2026-08-18 10:58:38.068,0.00,0.00,0,0.0,0.0,0.000,0.0,0,HAYIR,HAYIR
2026-08-18 10:58:38.088,0.00,0.00,0,0.0,0.0,0.000,0.0,0,HAYIR,HAYIR
2026-08-18 10:58:38.108,0.00,0.00,0,0.0,0.0,0.000,0.0,0,HAYIR,HAYIR
2026-08-18 10:58:38.128,0.00,0.00,0,0.0,0.0,0.000,0.0,0,HAYIR,HAYIR
2026-08-18 10:58:38.148,0.00,0.00,0,0.0,0.0,0.000,0.0,0,HAYIR,HAYIR
2026-08-18 10:58:38.168,0.00,0.00,0,0.0,0.0,0.000,0.0,0,HAYIR,HAYIR
2026-08-18 10:58:38.188,0.00,0.00,0,0.0,0.0,0.000,0.0,0,HAYIR,HAYIR
2026-08-18 10:58:38.208,0.00,0.00,0,0.0,0.0,0.000,0.0,0,HAYIR,HAYIR
2026-08-18 10:58:38.228,0.00,0.00,0,0.0,0.0,0.000,0.0,0,HAYIR,HAYIR
2026-08-18 10:58:38.248,0.00,0.00,0,0.0,0.0,0.000,0.0,0,HAYIR,HAYIR
2026-08-18 10:58:38.268,0.00,0.00,0,0.0,0.0,0.000,0.0,0,HAYIR,HAYIR
2026-08-18 10:58:38.288,0.00,0.00,0,0.0,0.0,0.000,0.0,0,HAYIR,HAYIR
2026-08-18 10:58:38.308,0.00,0.00,0,0.0,0.0,0.000,0.0,0,HAYIR,HAYIR
2026-08-18 10:58:38.328,0.00,0.00,0,0.0,0.0,0.000,0.0,0,HAYIR,HAYIR
2026-08-18 10:58:38.348,0.00,0.00,0,0.0,0.0,0.000,0.0,0,HAYIR,HAYIR
2026-08-18 10:58:38.368,0.00,0.00,0,0.0,0.0,0.000,0.0,0,HAYIR,HAYIR
2026-08-18 10:58:38.388,0.00,0.00,0,0.0,0.0,0.000,0.0,0,HAYIR,HAYIR
2026-08-18 10:58:38.409,0.00,0.00,0,0.0,0.0,0.000,0.0,0,HAYIR,HAYIR
2026-08-18 10:58:38.428,0.00,0.00,0,0.0,0.0,0.000,0.0,0,HAYIR,HAYIR
2026-08-18 10:58:38.448,0.00,0.00,0,0.0,0.0,0.000,0.0,0,HAYIR,HAYIR
2026-08-18 10:58:38.468,0.00,0.00,0,0.0,0.0,0.000,0.0,0,HAYIR,HAYIR
2026-08-18 10:58:38.488,0.00,0.00,0,0.0,0.0,0.000,0.0,0,HAYIR,HAYIR
2026-08-18 10:58:38.508,0.00,0.00,0,0.0,0.0,0.000,0.0,0,HAYIR,HAYIR
2026-08-18 10:58:38.528,0.00,0.00,0,0.0,0.0,0.000,0.0,0,HAYIR,HAYIR
2026-08-18 10:58:38.548,0.00,0.00,0,0.0,0.0,0.000,0.0,0,HAYIR,HAYIR
2026-08-18 10:58:38.568,0.00,0.00,0,0.0,0.0,0.000,0.0,0,HAYIR,HAYIR
2026-08-18 10:58:38.588,0.00,0.00,0,0.0,0.0,0.000,0.0,0,HAYIR,HAYIR
2026-08-18 10:58:38.608,0.00,0.00,0,0.0,0.0,0.000,0.0,0,HAYIR,HAYIR
2026-08-18 10:58:38.628,0.00,0.00,0,0.0,0.0,0.000,0.0,0,HAYIR,HAYIR
2026-08-18 10:58:38.648,0.00,0.00,0,0.0,0.0,0.000,0.0,0,HAYIR,HAYIR
2026-08-18 10:58:38.668,0.00,0.00,0,0.0,0.0,0.000,0.0,0,HAYIR,HAYIR
2026-08-18 10:58:38.688,0.00,0.00,0,0.0,0.0,0.000,0.0,0,HAYIR,HAYIR
2026-08-18 10:58:38.708,0.00,0.00,0,0.0,0.0,0.000,0.0,0,HAYIR,HAYIR
2026-08-18 10:58:38.728,0.00,0.00,0,0.0,0.0,0.000,0.0,0,HAYIR,HAYIR
2026-08-18 10:58:38.748,0.00,0.00,0,0.0,0.0,0.000,0.0,0,HAYIR,HAYIR
2026-08-18 10:58:38.768,0.00,0.00,0,0.0,0.0,0.000,0.0,0,HAYIR,HAYIR
2026-08-18 10:58:38.788,0.00,0.00,0,0.0,0.0,0.000,0.0,0,HAYIR,HAYIR
2026-08-18 10:58:38.808,0.00,0.00,0,0.0,0.0,0.000,0.0,0,HAYIR,HAYIR
2026-08-18 10:58:38.828,0.00,0.00,0,0.0,0.0,0.000,0.0,0,HAYIR,HAYIR
2026-08-18 10:58:38.848,0.00,0.00,0,0.0,0.0,0.000,0.0,0,HAYIR,HAYIR
2026-08-18 10:58:38.868,0.00,0.00,0,0.0,0.0,0.000,0.0,0,HAYIR,HAYIR
2026-08-18 10:58:38.888,0.00,0.00,0,0.0,0.0,0.000,0.0,0,HAYIR,HAYIR
2026-08-18 10:58:38.908,0.00,0.00,0,0.0,0.0,0.000,0.0,0,HAYIR,HAYIR
2026-08-18 10:58:38.929,0.00,0.00,0,0.0,0.0,0.000,0.0,0,HAYIR,HAYIR
2026-08-18 10:58:38.948,0.00,0.00,0,0.0,0.0,0.000,0.0,0,HAYIR,HAYIR
2026-08-18 10:58:38.968,0.00,0.00,0,0.0,0.0,0.000,0.0,0,HAYIR,HAYIR
2026-08-18 10:58:38.988,0.00,0.00,0,0.0,0.0,0.000,0.0,0,HAYIR,HAYIR
2026-08-18 10:58:39.008,0.00,0.00,0,0.0,0.0,0.000,0.0,0,HAYIR,HAYIR
2026-08-18 10:58:39.028,0.00,0.00,0,0.0,0.0,0.000,0.0,0,HAYIR,HAYIR
2026-08-18 10:58:39.048,0.00,0.00,0,0.0,0.0,0.000,0.0,0,HAYIR,HAYIR
2026-08-18 10:58:39.068,0.00,0.00,0,0.0,0.0,0.000,0.0,0,HAYIR,HAYIR
2026-08-18 10:58:39.088,0.00,0.00,0,0.0,0.0,0.000,0.0,0,HAYIR,HAYIR
2026-08-18 10:58:39.108,0.00,0.00,0,0.0,0.0,0.000,0.0,0,HAYIR,HAYIR
2026-08-18 10:58:39.128,0.00,0.00,0,0.0,0.0,0.000,0.0,0,HAYIR,HAYIR
2026-08-18 10:58:39.148,0.00,0.00,0,0.0,0.0,0.000,0.0,0,HAYIR,HAYIR
2026-08-18 10:58:39.168,0.00,0.00,0,0.0,0.0,0.000,0.0,0,HAYIR,HAYIR
2026-08-18 10:58:39.188,0.00,0.00,0,0.0,0.0,0.000,0.0,0,HAYIR,HAYIR
2026-08-18 10:58:39.208,0.00,0.00,0,0.0,0.0,0.000,0.0,0,HAYIR,HAYIR
2026-08-18 10:58:39.228,0.00,0.00,0,0.0,0.0,0.000,0.0,0,HAYIR,HAYIR
2026-08-18 10:58:39.248,0.00,0.00,0,0.0,0.0,0.000,0.0,0,HAYIR,HAYIR
2026-08-18 10:58:39.268,0.00,0.00,0,0.0,0.0,0.000,0.0,0,HAYIR,HAYIR
2026-08-18 10:58:39.288,0.00,0.00,0,0.0,0.0,0.000,0.0,0,HAYIR,HAYIR
2026-08-18 10:58:39.308,0.00,0.00,0,0.0,0.0,0.000,0.0,0,HAYIR,HAYIR
2026-08-18 10:58:39.328,0.00,0.00,0,0.0,0.0,0.000,0.0,0,HAYIR,HAYIR
2026-08-18 10:58:39.348,0.00,0.00,0,0.0,0.0,0.000,0.0,0,HAYIR,HAYIR
2026-08-18 10:58:39.368,0.00,0.00,0,0.0,0.0,0.000,0.0,0,HAYIR,HAYIR
2026-08-18 10:58:39.388,0.00,0.00,0,0.0,0.0,0.000,0.0,0,HAYIR,HAYIR
2026-08-18 10:58:39.408,0.00,0.00,0,0.0,0.0,0.000,0.0,0,HAYIR,HAYIR
2026-08-18 10:58:39.428,0.00,0.00,0,0.0,0.0,0.000,0.0,0,HAYIR,HAYIR
2026-08-18 10:58:39.449,0.00,0.00,0,0.0,0.0,0.000,0.0,0,HAYIR,HAYIR
2026-08-18 10:58:39.468,0.00,0.00,0,0.0,0.0,0.000,0.0,0,HAYIR,HAYIR
2026-08-18 10:58:39.488,0.00,0.00,0,0.0,0.0,0.000,0.0,0,HAYIR,HAYIR
2026-08-18 10:58:39.508,0.00,0.00,0,0.0,0.0,0.000,0.0,0,HAYIR,HAYIR
2026-08-18 10:58:39.528,0.00,0.00,0,0.0,0.0,0.000,0.0,0,HAYIR,HAYIR
2026-08-18 10:58:39.549,0.00,0.00,0,0.0,0.0,0.000,0.0,0,HAYIR,HAYIR
2026-08-18 10:58:39.568,0.00,0.00,0,0.0,0.0,0.000,0.0,0,HAYIR,HAYIR
2026-08-18 10:58:39.588,0.00,0.00,0,0.0,0.0,0.000,0.0,0,HAYIR,HAYIR
2026-08-18 10:58:39.608,0.00,0.00,0,0.0,0.0,0.000,0.0,0,HAYIR,HAYIR
2026-08-18 10:58:39.628,0.00,0.00,0,0.0,0.0,0.000,0.0,0,HAYIR,HAYIR
2026-08-18 10:58:39.648,0.00,0.00,0,0.0,0.0,0.000,0.0,0,HAYIR,HAYIR
2026-08-18 10:58:39.668,0.00,0.00,0,0.0,0.0,0.000,0.0,0,HAYIR,HAYIR
2026-08-18 10:58:39.688,0.00,0.00,0,0.0,0.0,0.000,0.0,0,HAYIR,HAYIR
2026-08-18 10:58:39.708,0.00,0.00,0,0.0,0.0,0.000,0.0,0,HAYIR,HAYIR
2026-08-18 10:58:39.728,0.00,0.00,0,0.0,0.0,0.000,0.0,0,HAYIR,HAYIR
2026-08-18 10:58:39.748,0.00,0.00,0,0.0,0.0,0.000,0.0,0,HAYIR,HAYIR
2026-08-18 10:58:39.768,0.00,0.00,0,0.0,0.0,0.000,0.0,0,HAYIR,HAYIR
2026-08-18 10:58:39.788,0.00,0.00,0,0.0,0.0,0.000,0.0,0,HAYIR,HAYIR
2026-08-18 10:58:39.808,0.00,0.00,0,0.0,0.0,0.000,0.0,0,HAYIR,HAYIR
2026-08-18 10:58:39.828,0.00,0.00,0,0.0,0.0,0.000,0.0,0,HAYIR,HAYIR
2026-08-18 10:58:39.848,0.00,0.00,0,0.0,0.0,0.000,0.0,0,HAYIR,HAYIR
2026-08-18 10:58:39.869,0.00,0.00,0,0.0,0.0,0.000,0.0,0,HAYIR,HAYIR
2026-08-18 10:58:39.888,0.00,0.00,0,0.0,0.0,0.000,0.0,0,HAYIR,HAYIR
2026-08-18 10:58:39.908,0.00,0.00,0,0.0,0.0,0.000,0.0,0,HAYIR,HAYIR
2026-08-18 10:58:39.928,0.00,0.00,0,0.0,0.0,0.000,0.0,0,HAYIR,HAYIR
2026-08-18 10:58:39.948,0.00,0.00,0,0.0,0.0,0.000,0.0,0,HAYIR,HAYIR
2026-08-18 10:58:39.968,0.00,0.00,0,0.0,0.0,0.000,0.0,0,HAYIR,HAYIR
2026-08-18 10:58:39.988,0.00,0.00,0,0.0,0.0,0.000,0.0,0,HAYIR,HAYIR
2026-08-18 10:58:40.008,0.00,0.00,0,0.0,0.0,0.000,0.0,0,HAYIR,HAYIR
2026-08-18 10:58:40.029,0.00,0.00,0,0.0,0.0,0.000,0.0,0,HAYIR,HAYIR
2026-08-18 10:58:40.048,0.00,0.00,0,0.0,0.0,0.000,0.0,0,HAYIR,HAYIR
2026-08-18 10:58:40.068,0.00,0.00,0,0.0,0.0,0.000,0.0,0,HAYIR,HAYIR
2026-08-18 10:58:40.088,0.00,0.00,0,0.0,0.0,0.000,0.0,0,HAYIR,HAYIR
2026-08-18 10:58:40.108,0.00,0.00,0,0.0,0.0,0.000,0.0,0,HAYIR,HAYIR
2026-08-18 10:58:40.128,0.00,0.00,0,0.0,0.0,0.000,0.0,0,HAYIR,HAYIR
2026-08-18 10:58:40.149,0.00,0.00,0,0.0,0.0,0.000,0.0,0,HAYIR,HAYIR
2026-08-18 10:58:40.168,0.00,0.00,0,0.0,0.0,0.000,0.0,0,HAYIR,HAYIR
2026-08-18 10:58:40.188,0.00,0.00,0,0.0,0.0,0.000,0.0,0,HAYIR,HAYIR
2026-08-18 10:58:40.208,0.00,0.00,0,0.0,0.0,0.000,0.0,0,HAYIR,HAYIR
2026-08-18 10:58:40.228,0.00,0.00,0,0.0,0.0,0.000,0.0,0,HAYIR,HAYIR
2026-08-18 10:58:40.248,0.00,0.00,0,0.0,0.0,0.000,0.0,0,HAYIR,HAYIR
2026-08-18 10:58:40.268,0.00,0.00,0,0.0,0.0,0.000,0.0,0,HAYIR,HAYIR
2026-08-18 10:58:40.288,0.00,0.00,0,0.0,0.0,0.000,0.0,0,HAYIR,HAYIR
2026-08-18 10:58:40.308,0.00,0.00,0,0.0,0.0,0.000,0.0,0,HAYIR,HAYIR
2026-08-18 10:58:40.328,0.00,0.00,0,0.0,0.0,0.000,0.0,0,HAYIR,HAYIR
2026-08-18 10:58:40.348,0.00,0.00,0,0.0,0.0,0.000,0.0,0,HAYIR,HAYIR
2026-08-18 10:58:40.368,0.00,0.00,0,0.0,0.0,0.000,0.0,0,HAYIR,HAYIR
2026-08-18 10:58:40.388,0.00,0.00,0,0.0,0.0,0.000,0.0,0,HAYIR,HAYIR
2026-08-18 10:58:40.408,0.00,0.00,0,0.0,0.0,0.000,0.0,0,HAYIR,HAYIR
2026-08-18 10:58:40.428,0.00,0.00,0,0.0,0.0,0.000,0.0,0,HAYIR,HAYIR
2026-08-18 10:58:40.448,0.00,0.00,0,0.0,0.0,0.000,0.0,0,HAYIR,HAYIR
2026-08-18 10:58:40.469,0.00,0.00,0,0.0,0.0,0.000,0.0,0,HAYIR,HAYIR
2026-08-18 10:58:40.488,0.00,0.00,0,0.0,0.0,0.000,0.0,0,HAYIR,HAYIR
2026-08-18 10:58:40.508,0.00,0.00,0,0.0,0.0,0.000,0.0,0,HAYIR,HAYIR
2026-08-18 10:58:40.528,0.00,0.00,0,0.0,0.0,0.000,0.0,0,HAYIR,HAYIR
2026-08-18 10:58:40.548,0.00,0.00,0,0.0,0.0,0.000,0.0,0,HAYIR,HAYIR
2026-08-18 10:58:40.569,0.00,0.00,0,0.0,0.0,0.000,0.0,0,HAYIR,HAYIR
2026-08-18 10:58:40.588,0.00,0.00,0,0.0,0.0,0.000,0.0,0,HAYIR,HAYIR
2026-08-18 10:58:40.608,0.00,0.00,0,0.0,0.0,0.000,0.0,0,HAYIR,HAYIR
2026-08-18 10:58:40.628,0.00,0.00,0,0.0,0.0,0.000,0.0,0,HAYIR,HAYIR
2026-08-18 10:58:40.648,0.00,0.00,0,0.0,0.0,0.000,0.0,0,HAYIR,HAYIR
2026-08-18 10:58:40.668,0.00,0.00,0,0.0,0.0,0.000,0.0,0,HAYIR,HAYIR
2026-08-18 10:58:40.688,0.00,0.00,0,0.0,0.0,0.000,0.0,0,HAYIR,HAYIR
2026-08-18 10:58:40.709,0.00,0.00,0,0.0,0.0,0.000,0.0,0,HAYIR,HAYIR
2026-08-18 10:58:40.728,0.00,0.00,0,0.0,0.0,0.000,0.0,0,HAYIR,HAYIR
2026-08-18 10:58:40.748,0.00,0.00,0,0.0,0.0,0.000,0.0,0,HAYIR,HAYIR
2026-08-18 10:58:40.768,0.00,0.00,0,0.0,0.0,0.000,0.0,0,HAYIR,HAYIR
2026-08-18 10:58:40.788,0.00,0.00,0,0.0,0.0,0.000,0.0,0,HAYIR,HAYIR
2026-08-18 10:58:40.808,0.00,0.00,0,0.0,0.0,0.000,0.0,0,HAYIR,HAYIR
2026-08-18 10:58:40.828,0.00,0.00,0,0.0,0.0,0.000,0.0,0,HAYIR,HAYIR
2026-08-18 10:58:40.848,0.00,0.00,0,0.0,0.0,0.000,0.0,0,HAYIR,HAYIR
2026-08-18 10:58:40.868,0.00,0.00,0,0.0,0.0,0.000,0.0,0,HAYIR,HAYIR
2026-08-18 10:58:40.888,0.00,0.00,0,0.0,0.0,0.000,0.0,0,HAYIR,HAYIR
2026-08-18 10:58:40.908,0.00,0.00,0,0.0,0.0,0.000,0.0,0,HAYIR,HAYIR
2026-08-18 10:58:40.928,0.00,0.00,0,0.0,0.0,0.000,0.0,0,HAYIR,HAYIR
2026-08-18 10:58:40.948,0.00,0.00,0,0.0,0.0,0.000,0.0,0,HAYIR,HAYIR
2026-08-18 10:58:40.968,0.00,0.00,0,0.0,0.0,0.000,0.0,0,HAYIR,HAYIR
2026-08-18 10:58:40.988,0.00,0.00,0,0.0,0.0,0.000,0.0,0,HAYIR,HAYIR
2026-08-18 10:58:41.008,0.00,0.00,0,0.0,0.0,0.000,0.0,0,HAYIR,HAYIR
2026-08-18 10:58:41.028,0.00,0.00,0,0.0,0.0,0.000,0.0,0,HAYIR,HAYIR
2026-08-18 10:58:41.048,0.00,0.00,0,0.0,0.0,0.000,0.0,0,HAYIR,HAYIR
2026-08-18 10:58:41.068,0.00,0.00,0,0.0,0.0,0.000,0.0,0,HAYIR,HAYIR
2026-08-18 10:58:41.088,0.00,0.00,0,0.0,0.0,0.000,0.0,0,HAYIR,HAYIR
2026-08-18 10:58:41.108,0.00,0.00,0,0.0,0.0,0.000,0.0,0,HAYIR,HAYIR
2026-08-18 10:58:41.128,0.00,0.00,0,0.0,0.0,0.000,0.0,0,HAYIR,HAYIR
2026-08-18 10:58:41.148,0.00,0.00,0,0.0,0.0,0.000,0.0,0,HAYIR,HAYIR
2026-08-18 10:58:41.168,0.00,0.00,0,0.0,0.0,0.000,0.0,0,HAYIR,HAYIR
2026-08-18 10:58:41.188,0.00,0.00,0,0.0,0.0,0.000,0.0,0,HAYIR,HAYIR
2026-08-18 10:58:41.208,0.00,0.00,0,0.0,0.0,0.000,0.0,0,HAYIR,HAYIR
2026-08-18 10:58:41.228,0.00,0.00,0,0.0,0.0,0.000,0.0,0,HAYIR,HAYIR
2026-08-18 10:58:41.248,0.00,0.00,0,0.0,0.0,0.000,0.0,0,HAYIR,HAYIR
2026-08-18 10:58:41.268,0.00,0.00,0,0.0,0.0,0.000,0.0,0,HAYIR,HAYIR
2026-08-18 10:58:41.288,0.00,0.00,0,0.0,0.0,0.000,0.0,0,HAYIR,HAYIR
2026-08-18 10:58:41.308,0.00,0.00,0,0.0,0.0,0.000,0.0,0,HAYIR,HAYIR
2026-08-18 10:58:41.328,0.00,0.00,0,0.0,0.0,0.000,0.0,0,HAYIR,HAYIR
2026-08-18 10:58:41.349,0.00,0.00,0,0.0,0.0,0.000,0.0,0,HAYIR,HAYIR
2026-08-18 10:58:41.368,0.00,0.00,0,0.0,0.0,0.000,0.0,0,HAYIR,HAYIR
2026-08-18 10:58:41.388,0.00,0.00,0,0.0,0.0,0.000,0.0,0,HAYIR,HAYIR
2026-08-18 10:58:41.408,0.00,0.00,0,0.0,0.0,0.000,0.0,0,HAYIR,HAYIR
2026-08-18 10:58:41.428,0.00,0.00,0,0.0,0.0,0.000,0.0,0,HAYIR,HAYIR
2026-08-18 10:58:41.448,0.00,0.00,0,0.0,0.0,0.000,0.0,0,HAYIR,HAYIR
2026-08-18 10:58:41.468,0.00,0.00,0,0.0,0.0,0.000,0.0,0,HAYIR,HAYIR
2026-08-18 10:58:41.488,0.00,0.00,0,0.0,0.0,0.000,0.0,0,HAYIR,HAYIR
2026-08-18 10:58:41.508,0.00,0.00,0,0.0,0.0,0.000,0.0,0,HAYIR,HAYIR
2026-08-18 10:58:41.528,0.00,0.00,0,0.0,0.0,0.000,0.0,0,HAYIR,HAYIR
2026-08-18 10:58:41.548,0.00,0.00,0,0.0,0.0,0.000,0.0,0,HAYIR,HAYIR
2026-08-18 10:58:41.568,0.00,0.00,0,0.0,0.0,0.000,0.0,0,HAYIR,HAYIR
2026-08-18 10:58:41.588,0.00,0.00,0,0.0,0.0,0.000,0.0,0,HAYIR,HAYIR
2026-08-18 10:58:41.608,0.00,0.00,0,0.0,0.0,0.000,0.0,0,HAYIR,HAYIR
2026-08-18 10:58:41.628,0.00,0.00,0,0.0,0.0,0.000,0.0,0,HAYIR,HAYIR
2026-08-18 10:58:41.648,0.00,0.00,0,0.0,0.0,0.000,0.0,0,HAYIR,HAYIR
2026-08-18 10:58:41.668,0.00,0.00,0,0.0,0.0,0.000,0.0,0,HAYIR,HAYIR
2026-08-18 10:58:41.688,0.00,0.00,0,0.0,0.0,0.000,0.0,0,HAYIR,HAYIR
2026-08-18 10:58:41.708,0.00,0.00,0,0.0,0.0,0.000,0.0,0,HAYIR,HAYIR
2026-08-18 10:58:41.728,0.00,0.00,0,0.0,0.0,0.000,0.0,0,HAYIR,HAYIR
2026-08-18 10:58:41.748,0.00,0.00,0,0.0,0.0,0.000,0.0,0,HAYIR,HAYIR
2026-08-18 10:58:41.768,0.00,0.00,0,0.0,0.0,0.000,0.0,0,HAYIR,HAYIR
2026-08-18 10:58:41.788,0.00,0.00,0,0.0,0.0,0.000,0.0,0,HAYIR,HAYIR
2026-08-18 10:58:41.808,0.00,0.00,0,0.0,0.0,0.000,0.0,0,HAYIR,HAYIR
2026-08-18 10:58:41.828,0.00,0.00,0,0.0,0.0,0.000,0.0,0,HAYIR,HAYIR
2026-08-18 10:58:41.848,0.00,0.00,0,0.0,0.0,0.000,0.0,0,HAYIR,HAYIR
2026-08-18 10:58:41.868,0.00,0.00,0,0.0,0.0,0.000,0.0,0,HAYIR,HAYIR
2026-08-18 10:58:41.888,0.00,0.00,0,0.0,0.0,0.000,0.0,0,HAYIR,HAYIR
2026-08-18 10:58:41.908,0.00,0.00,0,0.0,0.0,0.000,0.0,0,HAYIR,HAYIR
2026-08-18 10:58:41.928,0.00,0.00,0,0.0,0.0,0.000,0.0,0,HAYIR,HAYIR
2026-08-18 10:58:41.948,0.00,0.00,0,0.0,0.0,0.000,0.0,0,HAYIR,HAYIR
2026-08-18 10:58:41.968,0.00,0.00,0,0.0,0.0,0.000,0.0,0,HAYIR,HAYIR
2026-08-18 10:58:41.988,0.00,0.00,0,0.0,0.0,0.000,0.0,0,HAYIR,HAYIR
2026-08-18 10:58:42.008,0.00,0.00,0,0.0,0.0,0.000,0.0,0,HAYIR,HAYIR
2026-08-18 10:58:42.028,0.00,0.00,0,0.0,0.0,0.000,0.0,0,HAYIR,HAYIR
2026-08-18 10:58:42.048,0.00,0.00,0,0.0,0.0,0.000,0.0,0,HAYIR,HAYIR
2026-08-18 10:58:42.068,0.00,0.00,0,0.0,0.0,0.000,0.0,0,HAYIR,HAYIR
2026-08-18 10:58:42.088,0.00,0.00,0,0.0,0.0,0.000,0.0,0,HAYIR,HAYIR
2026-08-18 10:58:42.109,0.00,0.00,0,0.0,0.0,0.000,0.0,0,HAYIR,HAYIR
2026-08-18 10:58:42.128,0.00,0.00,0,0.0,0.0,0.000,0.0,0,HAYIR,HAYIR
2026-08-18 10:58:42.148,0.00,0.00,0,0.0,0.0,0.000,0.0,0,HAYIR,HAYIR
2026-08-18 10:58:42.168,0.00,0.00,0,0.0,0.0,0.000,0.0,0,HAYIR,HAYIR
2026-08-18 10:58:42.188,0.00,0.00,0,0.0,0.0,0.000,0.0,0,HAYIR,HAYIR
2026-08-18 10:58:42.208,0.00,0.00,0,0.0,0.0,0.000,0.0,0,HAYIR,HAYIR
2026-08-18 10:58:42.228,0.00,0.00,0,0.0,0.0,0.000,0.0,0,HAYIR,HAYIR
2026-08-18 10:58:42.248,0.00,0.00,0,0.0,0.0,0.000,0.0,0,HAYIR,HAYIR
2026-08-18 10:58:42.268,0.00,0.00,0,0.0,0.0,0.000,0.0,0,HAYIR,HAYIR
2026-08-18 10:58:42.288,0.00,0.00,0,0.0,0.0,0.000,0.0,0,HAYIR,HAYIR
2026-08-18 10:58:42.308,0.00,0.00,0,0.0,0.0,0.000,0.0,0,HAYIR,HAYIR
2026-08-18 10:58:42.328,0.00,0.00,0,0.0,0.0,0.000,0.0,0,HAYIR,HAYIR
2026-08-18 10:58:42.348,0.00,0.00,0,0.0,0.0,0.000,0.0,0,HAYIR,HAYIR
2026-08-18 10:58:42.368,0.00,0.00,0,0.0,0.0,0.000,0.0,0,HAYIR,HAYIR
2026-08-18 10:58:42.388,0.00,0.00,0,0.0,0.0,0.000,0.0,0,HAYIR,HAYIR
2026-08-18 10:58:42.408,0.00,0.00,0,0.0,0.0,0.000,0.0,0,HAYIR,HAYIR
2026-08-18 10:58:42.428,0.00,0.00,0,0.0,0.0,0.000,0.0,0,HAYIR,HAYIR
2026-08-18 10:58:42.448,0.00,0.00,0,0.0,0.0,0.000,0.0,0,HAYIR,HAYIR
2026-08-18 10:58:42.468,0.00,0.00,0,0.0,0.0,0.000,0.0,0,HAYIR,HAYIR
2026-08-18 10:58:42.489,0.00,0.00,0,0.0,0.0,0.000,0.0,0,HAYIR,HAYIR
2026-08-18 10:58:42.508,0.00,0.00,0,0.0,0.0,0.000,0.0,0,HAYIR,HAYIR
2026-08-18 10:58:42.528,0.00,0.00,0,0.0,0.0,0.000,0.0,0,HAYIR,HAYIR
2026-08-18 10:58:42.549,0.00,0.00,0,0.0,0.0,0.000,0.0,0,HAYIR,HAYIR
2026-08-18 10:58:42.568,0.00,0.00,0,0.0,0.0,0.000,0.0,0,HAYIR,HAYIR
2026-08-18 10:58:42.588,0.00,0.00,0,0.0,0.0,0.000,0.0,0,HAYIR,HAYIR
2026-08-18 10:58:42.608,0.00,0.00,0,0.0,0.0,0.000,0.0,0,HAYIR,HAYIR
2026-08-18 10:58:42.628,0.00,0.00,0,0.0,0.0,0.000,0.0,0,HAYIR,HAYIR
2026-08-18 10:58:42.648,0.00,0.00,0,0.0,0.0,0.000,0.0,0,HAYIR,HAYIR
2026-08-18 10:58:42.668,0.00,0.00,0,0.0,0.0,0.000,0.0,0,HAYIR,HAYIR
2026-08-18 10:58:42.688,0.00,0.00,0,0.0,0.0,0.000,0.0,0,HAYIR,HAYIR
2026-08-18 10:58:42.709,0.00,0.00,0,0.0,0.0,0.000,0.0,0,HAYIR,HAYIR
2026-08-18 10:58:42.728,0.00,0.00,0,0.0,0.0,0.000,0.0,0,HAYIR,HAYIR
2026-08-18 10:58:42.748,0.00,0.00,0,0.0,0.0,0.000,0.0,0,HAYIR,HAYIR
2026-08-18 10:58:42.768,0.00,0.00,0,0.0,0.0,0.000,0.0,0,HAYIR,HAYIR
2026-08-18 10:58:42.788,0.00,0.00,0,0.0,0.0,0.000,0.0,0,HAYIR,HAYIR
2026-08-18 10:58:42.808,0.00,0.00,0,0.0,0.0,0.000,0.0,0,HAYIR,HAYIR
2026-08-18 10:58:42.828,0.00,0.00,0,0.0,0.0,0.000,0.0,0,HAYIR,HAYIR
2026-08-18 10:58:42.848,0.00,0.00,0,0.0,0.0,0.000,0.0,0,HAYIR,HAYIR
2026-08-18 10:58:42.868,0.00,0.00,0,0.0,0.0,0.000,0.0,0,HAYIR,HAYIR
2026-08-18 10:58:42.888,0.00,0.00,0,0.0,0.0,0.000,0.0,0,HAYIR,HAYIR
2026-08-18 10:58:42.908,0.00,0.00,0,0.0,0.0,0.000,0.0,0,HAYIR,HAYIR
2026-08-18 10:58:42.928,0.00,0.00,0,0.0,0.0,0.000,0.0,0,HAYIR,HAYIR
2026-08-18 10:58:42.948,0.00,0.00,0,0.0,0.0,0.000,0.0,0,HAYIR,HAYIR
2026-08-18 10:58:42.969,0.00,0.00,0,0.0,0.0,0.000,0.0,0,HAYIR,HAYIR
2026-08-18 10:58:42.988,0.00,0.00,0,0.0,0.0,0.000,0.0,0,HAYIR,HAYIR
2026-08-18 10:58:43.008,0.00,0.00,0,0.0,0.0,0.000,0.0,0,HAYIR,HAYIR
2026-08-18 10:58:43.028,0.00,0.00,0,0.0,0.0,0.000,0.0,0,HAYIR,HAYIR
2026-08-18 10:58:43.048,0.00,0.00,0,0.0,0.0,0.000,0.0,0,HAYIR,HAYIR
2026-08-18 10:58:43.068,0.00,0.00,0,0.0,0.0,0.000,0.0,0,HAYIR,HAYIR
2026-08-18 10:58:43.088,0.00,0.00,0,0.0,0.0,0.000,0.0,0,HAYIR,HAYIR
2026-08-18 10:58:43.108,0.00,0.00,0,0.0,0.0,0.000,0.0,0,HAYIR,HAYIR
2026-08-18 10:58:43.128,0.00,0.00,0,0.0,0.0,0.000,0.0,0,HAYIR,HAYIR
2026-08-18 10:58:43.148,0.00,0.00,0,0.0,0.0,0.000,0.0,0,HAYIR,HAYIR
2026-08-18 10:58:43.168,0.00,0.00,0,0.0,0.0,0.000,0.0,0,HAYIR,HAYIR
2026-08-18 10:58:43.188,0.00,0.00,0,0.0,0.0,0.000,0.0,0,HAYIR,HAYIR
2026-08-18 10:58:43.208,0.00,0.00,0,0.0,0.0,0.000,0.0,0,HAYIR,HAYIR
2026-08-18 10:58:43.228,0.00,0.00,0,0.0,0.0,0.000,0.0,0,HAYIR,HAYIR
2026-08-18 10:58:43.248,0.00,0.00,0,0.0,0.0,0.000,0.0,0,HAYIR,HAYIR
2026-08-18 10:58:43.268,0.00,0.00,0,0.0,0.0,0.000,0.0,0,HAYIR,HAYIR
2026-08-18 10:58:43.288,0.00,0.00,0,0.0,0.0,0.000,0.0,0,HAYIR,HAYIR
2026-08-18 10:58:43.308,0.00,0.00,0,0.0,0.0,0.000,0.0,0,HAYIR,HAYIR
2026-08-18 10:58:43.328,0.00,0.00,0,0.0,0.0,0.000,0.0,0,HAYIR,HAYIR
2026-08-18 10:58:43.348,0.00,0.00,0,0.0,0.0,0.000,0.0,0,HAYIR,HAYIR
2026-08-18 10:58:43.368,0.00,0.00,0,0.0,0.0,0.000,0.0,0,HAYIR,HAYIR
2026-08-18 10:58:43.388,0.00,0.00,0,0.0,0.0,0.000,0.0,0,HAYIR,HAYIR
2026-08-18 10:58:43.408,0.00,0.00,0,0.0,0.0,0.000,0.0,0,HAYIR,HAYIR
2026-08-18 10:58:43.428,0.00,0.00,0,0.0,0.0,0.000,0.0,0,HAYIR,HAYIR
2026-08-18 10:58:43.448,0.00,0.00,0,0.0,0.0,0.000,0.0,0,HAYIR,HAYIR
2026-08-18 10:58:43.468,0.00,0.00,0,0.0,0.0,0.000,0.0,0,HAYIR,HAYIR
2026-08-18 10:58:43.488,0.00,0.00,0,0.0,0.0,0.000,0.0,0,HAYIR,HAYIR
2026-08-18 10:58:43.508,0.00,0.00,0,0.0,0.0,0.000,0.0,0,HAYIR,HAYIR
2026-08-18 10:58:43.528,0.00,0.00,0,0.0,0.0,0.000,0.0,0,HAYIR,HAYIR
2026-08-18 10:58:43.548,0.00,0.00,0,0.0,0.0,0.000,0.0,0,HAYIR,HAYIR
2026-08-18 10:58:43.568,0.00,0.00,0,0.0,0.0,0.000,0.0,0,HAYIR,HAYIR
2026-08-18 10:58:43.588,0.00,0.00,0,0.0,0.0,0.000,0.0,0,HAYIR,HAYIR
2026-08-18 10:58:43.608,0.00,0.00,0,0.0,0.0,0.000,0.0,0,HAYIR,HAYIR
2026-08-18 10:58:43.628,0.00,0.00,0,0.0,0.0,0.000,0.0,0,HAYIR,HAYIR
2026-08-18 10:58:43.648,0.00,0.00,0,0.0,0.0,0.000,0.0,0,HAYIR,HAYIR
2026-08-18 10:58:43.668,0.00,0.00,0,0.0,0.0,0.000,0.0,0,HAYIR,HAYIR
2026-08-18 10:58:43.688,0.00,0.00,0,0.0,0.0,0.000,0.0,0,HAYIR,HAYIR
2026-08-18 10:58:43.708,0.00,0.00,0,0.0,0.0,0.000,0.0,0,HAYIR,HAYIR
2026-08-18 10:58:43.728,0.00,0.00,0,0.0,0.0,0.000,0.0,0,HAYIR,HAYIR
2026-08-18 10:58:43.748,0.00,0.00,0,0.0,0.0,0.000,0.0,0,HAYIR,HAYIR
2026-08-18 10:58:43.768,0.00,0.00,0,0.0,0.0,0.000,0.0,0,HAYIR,HAYIR
2026-08-18 10:58:43.789,0.00,0.00,0,0.0,0.0,0.000,0.0,0,HAYIR,HAYIR
2026-08-18 10:58:43.808,0.00,0.00,0,0.0,0.0,0.000,0.0,0,HAYIR,HAYIR
2026-08-18 10:58:43.828,0.00,0.00,0,0.0,0.0,0.000,0.0,0,HAYIR,HAYIR
2026-08-18 10:58:43.849,0.00,0.00,0,0.0,0.0,0.000,0.0,0,HAYIR,HAYIR
2026-08-18 10:58:43.868,0.00,0.00,0,0.0,0.0,0.000,0.0,0,HAYIR,HAYIR
2026-08-18 10:58:43.888,0.00,0.00,0,0.0,0.0,0.000,0.0,0,HAYIR,HAYIR
2026-08-18 10:58:43.908,0.00,0.00,0,0.0,0.0,0.000,0.0,0,HAYIR,HAYIR
2026-08-18 10:58:43.928,0.00,0.00,0,0.0,0.0,0.000,0.0,0,HAYIR,HAYIR
2026-08-18 10:58:43.948,0.00,0.00,0,0.0,0.0,0.000,0.0,0,HAYIR,HAYIR
2026-08-18 10:58:43.968,0.00,0.00,0,0.0,0.0,0.000,0.0,0,HAYIR,HAYIR
2026-08-18 10:58:43.988,0.00,0.00,0,0.0,0.0,0.000,0.0,0,HAYIR,HAYIR
2026-08-18 10:58:44.008,0.00,0.00,0,0.0,0.0,0.000,0.0,0,HAYIR,HAYIR
2026-08-18 10:58:44.028,0.00,0.00,0,0.0,0.0,0.000,0.0,0,HAYIR,HAYIR
2026-08-18 10:58:44.048,0.00,0.00,0,0.0,0.0,0.000,0.0,0,HAYIR,HAYIR
2026-08-18 10:58:44.068,0.00,0.00,0,0.0,0.0,0.000,0.0,0,HAYIR,HAYIR
2026-08-18 10:58:44.088,0.00,0.00,0,0.0,0.0,0.000,0.0,0,HAYIR,HAYIR
2026-08-18 10:58:44.108,0.00,0.00,0,0.0,0.0,0.000,0.0,0,HAYIR,HAYIR
2026-08-18 10:58:44.128,0.00,0.00,0,0.0,0.0,0.000,0.0,0,HAYIR,HAYIR
2026-08-18 10:58:44.148,0.00,0.00,0,0.0,0.0,0.000,0.0,0,HAYIR,HAYIR
2026-08-18 10:58:44.168,0.00,0.00,0,0.0,0.0,0.000,0.0,0,HAYIR,HAYIR
2026-08-18 10:58:44.188,0.00,0.00,0,0.0,0.0,0.000,0.0,0,HAYIR,HAYIR
2026-08-18 10:58:44.208,0.00,0.00,0,0.0,0.0,0.000,0.0,0,HAYIR,HAYIR
2026-08-18 10:58:44.229,0.00,0.00,0,0.0,0.0,0.000,0.0,0,HAYIR,HAYIR
2026-08-18 10:58:44.248,0.00,0.00,0,0.0,0.0,0.000,0.0,0,HAYIR,HAYIR
2026-08-18 10:58:44.268,0.00,0.00,0,0.0,0.0,0.000,0.0,0,HAYIR,HAYIR
2026-08-18 10:58:44.288,0.00,0.00,0,0.0,0.0,0.000,0.0,0,HAYIR,HAYIR
2026-08-18 10:58:44.308,0.00,0.00,0,0.0,0.0,0.000,0.0,0,HAYIR,HAYIR
2026-08-18 10:58:44.328,0.00,0.00,0,0.0,0.0,0.000,0.0,0,HAYIR,HAYIR
2026-08-18 10:58:44.348,0.00,0.00,0,0.0,0.0,0.000,0.0,0,HAYIR,HAYIR
2026-08-18 10:58:44.368,0.00,0.00,0,0.0,0.0,0.000,0.0,0,HAYIR,HAYIR
2026-08-18 10:58:44.388,0.00,0.00,0,0.0,0.0,0.000,0.0,0,HAYIR,HAYIR
2026-08-18 10:58:44.408,0.00,0.00,0,0.0,0.0,0.000,0.0,0,HAYIR,HAYIR
2026-08-18 10:58:44.428,0.00,0.00,0,0.0,0.0,0.000,0.0,0,HAYIR,HAYIR
2026-08-18 10:58:44.449,0.00,0.00,0,0.0,0.0,0.000,0.0,0,HAYIR,HAYIR
2026-08-18 10:58:44.468,0.00,0.00,0,0.0,0.0,0.000,0.0,0,HAYIR,HAYIR
2026-08-18 10:58:44.488,0.00,0.00,0,0.0,0.0,0.000,0.0,0,HAYIR,HAYIR
2026-08-18 10:58:44.508,0.00,0.00,0,0.0,0.0,0.000,0.0,0,HAYIR,HAYIR
2026-08-18 10:58:44.528,0.00,0.00,0,0.0,0.0,0.000,0.0,0,HAYIR,HAYIR
2026-08-18 10:58:44.548,0.00,0.00,0,0.0,0.0,0.000,0.0,0,HAYIR,HAYIR
2026-08-18 10:58:44.568,0.00,0.00,0,0.0,0.0,0.000,0.0,0,HAYIR,HAYIR
2026-08-18 10:58:44.588,0.00,0.00,0,0.0,0.0,0.000,0.0,0,HAYIR,HAYIR
2026-08-18 10:58:44.608,0.00,0.00,0,0.0,0.0,0.000,0.0,0,HAYIR,HAYIR
2026-08-18 10:58:44.628,0.00,0.00,0,0.0,0.0,0.000,0.0,0,HAYIR,HAYIR
2026-08-18 10:58:44.648,0.00,0.00,0,0.0,0.0,0.000,0.0,0,HAYIR,HAYIR
2026-08-18 10:58:44.668,0.00,0.00,0,0.0,0.0,0.000,0.0,0,HAYIR,HAYIR
2026-08-18 10:58:44.688,0.00,0.00,0,0.0,0.0,0.000,0.0,0,HAYIR,HAYIR
2026-08-18 10:58:44.708,0.00,0.00,0,0.0,0.0,0.000,0.0,0,HAYIR,HAYIR
2026-08-18 10:58:44.728,0.00,0.00,0,0.0,0.0,0.000,0.0,0,HAYIR,HAYIR
2026-08-18 10:58:44.748,0.00,0.00,0,0.0,0.0,0.000,0.0,0,HAYIR,HAYIR
2026-08-18 10:58:44.768,0.00,0.00,0,0.0,0.0,0.000,0.0,0,HAYIR,HAYIR
2026-08-18 10:58:44.788,0.00,0.00,0,0.0,0.0,0.000,0.0,0,HAYIR,HAYIR
2026-08-18 10:58:44.808,0.00,0.00,0,0.0,0.0,0.000,0.0,0,HAYIR,HAYIR
2026-08-18 10:58:44.828,0.00,0.00,0,0.0,0.0,0.000,0.0,0,HAYIR,HAYIR
2026-08-18 10:58:44.848,0.00,0.00,0,0.0,0.0,0.000,0.0,0,HAYIR,HAYIR
2026-08-18 10:58:44.868,0.00,0.00,0,0.0,0.0,0.000,0.0,0,HAYIR,HAYIR
2026-08-18 10:58:44.888,0.00,0.00,0,0.0,0.0,0.000,0.0,0,HAYIR,HAYIR
2026-08-18 10:58:44.908,0.00,0.00,0,0.0,0.0,0.000,0.0,0,HAYIR,HAYIR
2026-08-18 10:58:44.928,0.00,0.00,0,0.0,0.0,0.000,0.0,0,HAYIR,HAYIR
2026-08-18 10:58:44.948,0.00,0.00,0,0.0,0.0,0.000,0.0,0,HAYIR,HAYIR
2026-08-18 10:58:44.969,0.00,0.00,0,0.0,0.0,0.000,0.0,0,HAYIR,HAYIR
2026-08-18 10:58:44.988,0.00,0.00,0,0.0,0.0,0.000,0.0,0,HAYIR,HAYIR
2026-08-18 10:58:45.008,0.00,0.00,0,0.0,0.0,0.000,0.0,0,HAYIR,HAYIR
2026-08-18 10:58:45.028,0.00,0.00,0,0.0,0.0,0.000,0.0,0,HAYIR,HAYIR
2026-08-18 10:58:45.049,0.00,0.00,0,0.0,0.0,0.000,0.0,0,HAYIR,HAYIR
2026-08-18 10:58:45.069,0.00,0.00,0,0.0,0.0,0.000,0.0,0,HAYIR,HAYIR
2026-08-18 10:58:45.088,0.00,0.00,0,0.0,0.0,0.000,0.0,0,HAYIR,HAYIR
2026-08-18 10:58:45.109,0.00,0.00,0,0.0,0.0,0.000,0.0,0,HAYIR,HAYIR
2026-08-18 10:58:45.128,0.00,0.00,0,0.0,0.0,0.000,0.0,0,HAYIR,HAYIR
2026-08-18 10:58:45.148,0.00,0.00,0,0.0,0.0,0.000,0.0,0,HAYIR,HAYIR
2026-08-18 10:58:45.168,0.00,0.00,0,0.0,0.0,0.000,0.0,0,HAYIR,HAYIR
2026-08-18 10:58:45.189,0.00,0.00,0,0.0,0.0,0.000,0.0,0,HAYIR,HAYIR
2026-08-18 10:58:45.208,0.00,0.00,0,0.0,0.0,0.000,0.0,0,HAYIR,HAYIR
2026-08-18 10:58:45.228,0.00,0.00,0,0.0,0.0,0.000,0.0,0,HAYIR,HAYIR
2026-08-18 10:58:45.248,0.00,0.00,0,0.0,0.0,0.000,0.0,0,HAYIR,HAYIR
2026-08-18 10:58:45.268,0.00,0.00,0,0.0,0.0,0.000,0.0,0,HAYIR,HAYIR
2026-08-18 10:58:45.288,0.00,0.00,0,0.0,0.0,0.000,0.0,0,HAYIR,HAYIR
2026-08-18 10:58:45.308,0.00,0.00,0,0.0,0.0,0.000,0.0,0,HAYIR,HAYIR
2026-08-18 10:58:45.328,0.00,0.00,0,0.0,0.0,0.000,0.0,0,HAYIR,HAYIR
2026-08-18 10:58:45.349,0.00,0.00,0,0.0,0.0,0.000,0.0,0,HAYIR,HAYIR
2026-08-18 10:58:45.368,0.00,0.00,0,0.0,0.0,0.000,0.0,0,HAYIR,HAYIR
2026-08-18 10:58:45.388,0.00,0.00,0,0.0,0.0,0.000,0.0,0,HAYIR,HAYIR
2026-08-18 10:58:45.408,0.00,0.00,0,0.0,0.0,0.000,0.0,0,HAYIR,HAYIR
2026-08-18 10:58:45.428,0.00,0.00,0,0.0,0.0,0.000,0.0,0,HAYIR,HAYIR
2026-08-18 10:58:45.448,0.00,0.00,0,0.0,0.0,0.000,0.0,0,HAYIR,HAYIR
2026-08-18 10:58:45.468,0.00,0.00,0,0.0,0.0,0.000,0.0,0,HAYIR,HAYIR
2026-08-18 10:58:45.488,0.00,0.00,0,0.0,0.0,0.000,0.0,0,HAYIR,HAYIR
2026-08-18 10:58:45.508,0.00,0.00,0,0.0,0.0,0.000,0.0,0,HAYIR,HAYIR
2026-08-18 10:58:45.528,0.00,0.00,0,0.0,0.0,0.000,0.0,0,HAYIR,HAYIR
2026-08-18 10:58:45.548,0.00,0.00,0,0.0,0.0,0.000,0.0,0,HAYIR,HAYIR
2026-08-18 10:58:45.568,0.00,0.00,0,0.0,0.0,0.000,0.0,0,HAYIR,HAYIR
2026-08-18 10:58:45.588,0.00,0.00,0,0.0,0.0,0.000,0.0,0,HAYIR,HAYIR
2026-08-18 10:58:45.609,0.00,0.00,0,0.0,0.0,0.000,0.0,0,HAYIR,HAYIR
2026-08-18 10:58:45.628,0.00,0.00,0,0.0,0.0,0.000,0.0,0,HAYIR,HAYIR
2026-08-18 10:58:45.648,0.00,0.00,0,0.0,0.0,0.000,0.0,0,HAYIR,HAYIR
2026-08-18 10:58:45.668,0.00,0.00,0,0.0,0.0,0.000,0.0,0,HAYIR,HAYIR
2026-08-18 10:58:45.688,0.00,0.00,0,0.0,0.0,0.000,0.0,0,HAYIR,HAYIR
2026-08-18 10:58:45.708,0.00,0.00,0,0.0,0.0,0.000,0.0,0,HAYIR,HAYIR
2026-08-18 10:58:45.728,0.00,0.00,0,0.0,0.0,0.000,0.0,0,HAYIR,HAYIR
2026-08-18 10:58:45.748,0.00,0.00,0,0.0,0.0,0.000,0.0,0,HAYIR,HAYIR
2026-08-18 10:58:45.768,0.00,0.00,0,0.0,0.0,0.000,0.0,0,HAYIR,HAYIR
2026-08-18 10:58:45.788,0.00,0.00,0,0.0,0.0,0.000,0.0,0,HAYIR,HAYIR
2026-08-18 10:58:45.808,0.00,0.00,0,0.0,0.0,0.000,0.0,0,HAYIR,HAYIR
2026-08-18 10:58:45.828,0.00,0.00,0,0.0,0.0,0.000,0.0,0,HAYIR,HAYIR
2026-08-18 10:58:45.848,0.00,0.00,0,0.0,0.0,0.000,0.0,0,HAYIR,HAYIR
2026-08-18 10:58:45.868,0.00,0.00,0,0.0,0.0,0.000,0.0,0,HAYIR,HAYIR
2026-08-18 10:58:45.888,0.00,0.00,0,0.0,0.0,0.000,0.0,0,HAYIR,HAYIR
2026-08-18 10:58:45.908,0.00,0.00,0,0.0,0.0,0.000,0.0,0,HAYIR,HAYIR
2026-08-18 10:58:45.928,0.00,0.00,0,0.0,0.0,0.000,0.0,0,HAYIR,HAYIR
2026-08-18 10:58:45.948,0.00,0.00,0,0.0,0.0,0.000,0.0,0,HAYIR,HAYIR
2026-08-18 10:58:45.968,0.00,0.00,0,0.0,0.0,0.000,0.0,0,HAYIR,HAYIR
2026-08-18 10:58:45.988,0.00,0.00,0,0.0,0.0,0.000,0.0,0,HAYIR,HAYIR
2026-08-18 10:58:46.008,0.00,0.00,0,0.0,0.0,0.000,0.0,0,HAYIR,HAYIR
2026-08-18 10:58:46.028,0.00,0.00,0,0.0,0.0,0.000,0.0,0,HAYIR,HAYIR
2026-08-18 10:58:46.048,0.00,0.00,0,0.0,0.0,0.000,0.0,0,HAYIR,HAYIR
2026-08-18 10:58:46.068,0.00,0.00,0,0.0,0.0,0.000,0.0,0,HAYIR,HAYIR
2026-08-18 10:58:46.088,0.00,0.00,0,0.0,0.0,0.000,0.0,0,HAYIR,HAYIR
2026-08-18 10:58:46.108,0.00,0.00,0,0.0,0.0,0.000,0.0,0,HAYIR,HAYIR
2026-08-18 10:58:46.128,0.00,0.00,0,0.0,0.0,0.000,0.0,0,HAYIR,HAYIR
2026-08-18 10:58:46.148,0.00,0.00,0,0.0,0.0,0.000,0.0,0,HAYIR,HAYIR
2026-08-18 10:58:46.169,0.00,0.00,0,0.0,0.0,0.000,0.0,0,HAYIR,HAYIR
2026-08-18 10:58:46.188,0.00,0.00,0,0.0,0.0,0.000,0.0,0,HAYIR,HAYIR
2026-08-18 10:58:46.208,0.00,0.00,0,0.0,0.0,0.000,0.0,0,HAYIR,HAYIR
2026-08-18 10:58:46.228,0.00,0.00,0,0.0,0.0,0.000,0.0,0,HAYIR,HAYIR
2026-08-18 10:58:46.248,0.00,0.00,0,0.0,0.0,0.000,0.0,0,HAYIR,HAYIR
2026-08-18 10:58:46.268,0.00,0.00,0,0.0,0.0,0.000,0.0,0,HAYIR,HAYIR
2026-08-18 10:58:46.288,0.00,0.00,0,0.0,0.0,0.000,0.0,0,HAYIR,HAYIR
2026-08-18 10:58:46.309,0.00,0.00,0,0.0,0.0,0.000,0.0,0,HAYIR,HAYIR
2026-08-18 10:58:46.328,0.00,0.00,0,0.0,0.0,0.000,0.0,0,HAYIR,HAYIR
2026-08-18 10:58:46.348,0.00,0.00,0,0.0,0.0,0.000,0.0,0,HAYIR,HAYIR
2026-08-18 10:58:46.368,0.00,0.00,0,0.0,0.0,0.000,0.0,0,HAYIR,HAYIR
2026-08-18 10:58:46.388,0.00,0.00,0,0.0,0.0,0.000,0.0,0,HAYIR,HAYIR
2026-08-18 10:58:46.408,0.00,0.00,0,0.0,0.0,0.000,0.0,0,HAYIR,HAYIR
2026-08-18 10:58:46.428,0.00,0.00,0,0.0,0.0,0.000,0.0,0,HAYIR,HAYIR
2026-08-18 10:58:46.448,0.00,0.00,0,0.0,0.0,0.000,0.0,0,HAYIR,HAYIR
2026-08-18 10:58:46.468,0.00,0.00,0,0.0,0.0,0.000,0.0,0,HAYIR,HAYIR
2026-08-18 10:58:46.488,0.00,0.00,0,0.0,0.0,0.000,0.0,0,HAYIR,HAYIR
2026-08-18 10:58:46.508,0.00,0.00,0,0.0,0.0,0.000,0.0,0,HAYIR,HAYIR
2026-08-18 10:58:46.528,0.00,0.00,0,0.0,0.0,0.000,0.0,0,HAYIR,HAYIR
2026-08-18 10:58:46.548,0.00,0.00,0,0.0,0.0,0.000,0.0,0,HAYIR,HAYIR
2026-08-18 10:58:46.568,0.00,0.00,0,0.0,0.0,0.000,0.0,0,HAYIR,HAYIR
2026-08-18 10:58:46.588,0.00,0.00,0,0.0,0.0,0.000,0.0,0,HAYIR,HAYIR
2026-08-18 10:58:46.608,0.00,0.00,0,0.0,0.0,0.000,0.0,0,HAYIR,HAYIR
2026-08-18 10:58:46.628,0.00,0.00,0,0.0,0.0,0.000,0.0,0,HAYIR,HAYIR
2026-08-18 10:58:46.648,0.00,0.00,0,0.0,0.0,0.000,0.0,0,HAYIR,HAYIR
2026-08-18 10:58:46.668,0.00,0.00,0,0.0,0.0,0.000,0.0,0,HAYIR,HAYIR
2026-08-18 10:58:46.688,0.00,0.00,0,0.0,0.0,0.000,0.0,0,HAYIR,HAYIR
2026-08-18 10:58:46.708,0.00,0.00,0,0.0,0.0,0.000,0.0,0,HAYIR,HAYIR
2026-08-18 10:58:46.728,0.00,0.00,0,0.0,0.0,0.000,0.0,0,HAYIR,HAYIR
2026-08-18 10:58:46.748,0.00,0.00,0,0.0,0.0,0.000,0.0,0,HAYIR,HAYIR
2026-08-18 10:58:46.768,0.00,0.00,0,0.0,0.0,0.000,0.0,0,HAYIR,HAYIR
2026-08-18 10:58:46.788,0.00,0.00,0,0.0,0.0,0.000,0.0,0,HAYIR,HAYIR
2026-08-18 10:58:46.808,0.00,0.00,0,0.0,0.0,0.000,0.0,0,HAYIR,HAYIR
2026-08-18 10:58:46.828,0.00,0.00,0,0.0,0.0,0.000,0.0,0,HAYIR,HAYIR
2026-08-18 10:58:46.848,0.00,0.00,0,0.0,0.0,0.000,0.0,0,HAYIR,HAYIR
2026-08-18 10:58:46.868,0.00,0.00,0,0.0,0.0,0.000,0.0,0,HAYIR,HAYIR
2026-08-18 10:58:46.888,0.00,0.00,0,0.0,0.0,0.000,0.0,0,HAYIR,HAYIR
2026-08-18 10:58:46.908,0.00,0.00,0,0.0,0.0,0.000,0.0,0,HAYIR,HAYIR
2026-08-18 10:58:46.928,0.00,0.00,0,0.0,0.0,0.000,0.0,0,HAYIR,HAYIR
2026-08-18 10:58:46.948,0.00,0.00,0,0.0,0.0,0.000,0.0,0,HAYIR,HAYIR
2026-08-18 10:58:46.968,0.00,0.00,0,0.0,0.0,0.000,0.0,0,HAYIR,HAYIR
2026-08-18 10:58:46.988,0.00,0.00,0,0.0,0.0,0.000,0.0,0,HAYIR,HAYIR
2026-08-18 10:58:47.008,0.00,0.00,0,0.0,0.0,0.000,0.0,0,HAYIR,HAYIR
2026-08-18 10:58:47.028,0.00,0.00,0,0.0,0.0,0.000,0.0,0,HAYIR,HAYIR
2026-08-18 10:58:47.048,0.00,0.00,0,0.0,0.0,0.000,0.0,0,HAYIR,HAYIR
2026-08-18 10:58:47.068,0.00,0.00,0,0.0,0.0,0.000,0.0,0,HAYIR,HAYIR
2026-08-18 10:58:47.088,0.00,0.00,0,0.0,0.0,0.000,0.0,0,HAYIR,HAYIR
2026-08-18 10:58:47.108,0.00,0.00,0,0.0,0.0,0.000,0.0,0,HAYIR,HAYIR
2026-08-18 10:58:47.128,0.00,0.00,0,0.0,0.0,0.000,0.0,0,HAYIR,HAYIR
2026-08-18 10:58:47.148,0.00,0.00,0,0.0,0.0,0.000,0.0,0,HAYIR,HAYIR
2026-08-18 10:58:47.168,0.00,0.00,0,0.0,0.0,0.000,0.0,0,HAYIR,HAYIR
2026-08-18 10:58:47.188,0.00,0.00,0,0.0,0.0,0.000,0.0,0,HAYIR,HAYIR
2026-08-18 10:58:47.208,0.00,0.00,0,0.0,0.0,0.000,0.0,0,HAYIR,HAYIR
2026-08-18 10:58:47.228,0.00,0.00,0,0.0,0.0,0.000,0.0,0,HAYIR,HAYIR
2026-08-18 10:58:47.248,0.00,0.00,0,0.0,0.0,0.000,0.0,0,HAYIR,HAYIR
2026-08-18 10:58:47.268,0.00,0.00,0,0.0,0.0,0.000,0.0,0,HAYIR,HAYIR
2026-08-18 10:58:47.288,0.00,0.00,0,0.0,0.0,0.000,0.0,0,HAYIR,HAYIR
2026-08-18 10:58:47.308,0.00,0.00,0,0.0,0.0,0.000,0.0,0,HAYIR,HAYIR
2026-08-18 10:58:47.328,0.00,0.00,0,0.0,0.0,0.000,0.0,0,HAYIR,HAYIR
2026-08-18 10:58:47.348,0.00,0.00,0,0.0,0.0,0.000,0.0,0,HAYIR,HAYIR
2026-08-18 10:58:47.368,0.00,0.00,0,0.0,0.0,0.000,0.0,0,HAYIR,HAYIR
2026-08-18 10:58:47.388,0.00,0.00,0,0.0,0.0,0.000,0.0,0,HAYIR,HAYIR
2026-08-18 10:58:47.408,0.00,0.00,0,0.0,0.0,0.000,0.0,0,HAYIR,HAYIR
2026-08-18 10:58:47.428,0.00,0.00,0,0.0,0.0,0.000,0.0,0,HAYIR,HAYIR
2026-08-18 10:58:47.448,0.00,0.00,0,0.0,0.0,0.000,0.0,0,HAYIR,HAYIR
2026-08-18 10:58:47.469,0.00,0.00,0,0.0,0.0,0.000,0.0,0,HAYIR,HAYIR
2026-08-18 10:58:47.488,0.00,0.00,0,0.0,0.0,0.000,0.0,0,HAYIR,HAYIR
2026-08-18 10:58:47.508,0.00,0.00,0,0.0,0.0,0.000,0.0,0,HAYIR,HAYIR
2026-08-18 10:58:47.528,0.00,0.00,0,0.0,0.0,0.000,0.0,0,HAYIR,HAYIR
2026-08-18 10:58:47.548,0.00,0.00,0,0.0,0.0,0.000,0.0,0,HAYIR,HAYIR
2026-08-18 10:58:47.568,0.00,0.00,0,0.0,0.0,0.000,0.0,0,HAYIR,HAYIR
2026-08-18 10:58:47.588,0.00,0.00,0,0.0,0.0,0.000,0.0,0,HAYIR,HAYIR
2026-08-18 10:58:47.608,0.00,0.00,0,0.0,0.0,0.000,0.0,0,HAYIR,HAYIR
2026-08-18 10:58:47.628,0.00,0.00,0,0.0,0.0,0.000,0.0,0,HAYIR,HAYIR
2026-08-18 10:58:47.648,0.00,0.00,0,0.0,0.0,0.000,0.0,0,HAYIR,HAYIR
2026-08-18 10:58:47.669,0.00,0.00,0,0.0,0.0,0.000,0.0,0,HAYIR,HAYIR
2026-08-18 10:58:47.688,0.00,0.00,0,0.0,0.0,0.000,0.0,0,HAYIR,HAYIR
2026-08-18 10:58:47.708,0.00,0.00,0,0.0,0.0,0.000,0.0,0,HAYIR,HAYIR
2026-08-18 10:58:47.728,0.00,0.00,0,0.0,0.0,0.000,0.0,0,HAYIR,HAYIR
2026-08-18 10:58:47.748,0.00,0.00,0,0.0,0.0,0.000,0.0,0,HAYIR,HAYIR
2026-08-18 10:58:47.768,0.00,0.00,0,0.0,0.0,0.000,0.0,0,HAYIR,HAYIR
2026-08-18 10:58:47.788,0.00,0.00,0,0.0,0.0,0.000,0.0,0,HAYIR,HAYIR
2026-08-18 10:58:47.808,0.00,0.00,0,0.0,0.0,0.000,0.0,0,HAYIR,HAYIR
2026-08-18 10:58:47.828,0.00,0.00,0,0.0,0.0,0.000,0.0,0,HAYIR,HAYIR
2026-08-18 10:58:47.848,0.00,0.00,0,0.0,0.0,0.000,0.0,0,HAYIR,HAYIR
2026-08-18 10:58:47.868,0.00,0.00,0,0.0,0.0,0.000,0.0,0,HAYIR,HAYIR
2026-08-18 10:58:47.888,0.00,0.00,0,0.0,0.0,0.000,0.0,0,HAYIR,HAYIR
2026-08-18 10:58:47.908,0.00,0.00,0,0.0,0.0,0.000,0.0,0,HAYIR,HAYIR
2026-08-18 10:58:47.928,0.00,0.00,0,0.0,0.0,0.000,0.0,0,HAYIR,HAYIR
2026-08-18 10:58:47.948,0.00,0.00,0,0.0,0.0,0.000,0.0,0,HAYIR,HAYIR
2026-08-18 10:58:47.968,0.00,0.00,0,0.0,0.0,0.000,0.0,0,HAYIR,HAYIR
2026-08-18 10:58:47.988,0.00,0.00,0,0.0,0.0,0.000,0.0,0,HAYIR,HAYIR
2026-08-18 10:58:48.008,0.00,0.00,0,0.0,0.0,0.000,0.0,0,HAYIR,HAYIR
2026-08-18 10:58:48.028,0.00,0.00,0,0.0,0.0,0.000,0.0,0,HAYIR,HAYIR
2026-08-18 10:58:48.048,0.00,0.00,0,0.0,0.0,0.000,0.0,0,HAYIR,HAYIR
2026-08-18 10:58:48.068,0.00,0.00,0,0.0,0.0,0.000,0.0,0,HAYIR,HAYIR
2026-08-18 10:58:48.088,0.00,0.00,0,0.0,0.0,0.000,0.0,0,HAYIR,HAYIR
2026-08-18 10:58:48.108,0.00,0.00,0,0.0,0.0,0.000,0.0,0,HAYIR,HAYIR
2026-08-18 10:58:48.128,0.00,0.00,0,0.0,0.0,0.000,0.0,0,HAYIR,HAYIR
2026-08-18 10:58:48.148,0.00,0.00,0,0.0,0.0,0.000,0.0,0,HAYIR,HAYIR
2026-08-18 10:58:48.168,0.00,0.00,0,0.0,0.0,0.000,0.0,0,HAYIR,HAYIR
2026-08-18 10:58:48.188,0.00,0.00,0,0.0,0.0,0.000,0.0,0,HAYIR,HAYIR
2026-08-18 10:58:48.208,0.00,0.00,0,0.0,0.0,0.000,0.0,0,HAYIR,HAYIR
2026-08-18 10:58:48.228,0.00,0.00,0,0.0,0.0,0.000,0.0,0,HAYIR,HAYIR
2026-08-18 10:58:48.248,0.00,0.00,0,0.0,0.0,0.000,0.0,0,HAYIR,HAYIR
2026-08-18 10:58:48.268,0.00,0.00,0,0.0,0.0,0.000,0.0,0,HAYIR,HAYIR
2026-08-18 10:58:48.288,0.00,0.00,0,0.0,0.0,0.000,0.0,0,HAYIR,HAYIR
2026-08-18 10:58:48.308,0.00,0.00,0,0.0,0.0,0.000,0.0,0,HAYIR,HAYIR
2026-08-18 10:58:48.328,0.00,0.00,0,0.0,0.0,0.000,0.0,0,HAYIR,HAYIR
2026-08-18 10:58:48.348,0.00,0.00,0,0.0,0.0,0.000,0.0,0,HAYIR,HAYIR
2026-08-18 10:58:48.368,0.00,0.00,0,0.0,0.0,0.000,0.0,0,HAYIR,HAYIR
2026-08-18 10:58:48.388,0.00,0.00,0,0.0,0.0,0.000,0.0,0,HAYIR,HAYIR
2026-08-18 10:58:48.408,0.00,0.00,0,0.0,0.0,0.000,0.0,0,HAYIR,HAYIR
2026-08-18 10:58:48.428,0.00,0.00,0,0.0,0.0,0.000,0.0,0,HAYIR,HAYIR
2026-08-18 10:58:48.448,0.00,0.00,0,0.0,0.0,0.000,0.0,0,HAYIR,HAYIR
2026-08-18 10:58:48.468,0.00,0.00,0,0.0,0.0,0.000,0.0,0,HAYIR,HAYIR
2026-08-18 10:58:48.488,0.00,0.00,0,0.0,0.0,0.000,0.0,0,HAYIR,HAYIR
2026-08-18 10:58:48.508,0.00,0.00,0,0.0,0.0,0.000,0.0,0,HAYIR,HAYIR
2026-08-18 10:58:48.528,0.00,0.00,0,0.0,0.0,0.000,0.0,0,HAYIR,HAYIR
2026-08-18 10:58:48.548,0.00,0.00,0,0.0,0.0,0.000,0.0,0,HAYIR,HAYIR
2026-08-18 10:58:48.568,0.00,0.00,0,0.0,0.0,0.000,0.0,0,HAYIR,HAYIR
2026-08-18 10:58:48.588,0.00,0.00,0,0.0,0.0,0.000,0.0,0,HAYIR,HAYIR
2026-08-18 10:58:48.608,0.00,0.00,0,0.0,0.0,0.000,0.0,0,HAYIR,HAYIR
2026-08-18 10:58:48.628,0.00,0.00,0,0.0,0.0,0.000,0.0,0,HAYIR,HAYIR
2026-08-18 10:58:48.648,0.00,0.00,0,0.0,0.0,0.000,0.0,0,HAYIR,HAYIR
2026-08-18 10:58:48.668,0.00,0.00,0,0.0,0.0,0.000,0.0,0,HAYIR,HAYIR
2026-08-18 10:58:48.688,0.00,0.00,0,0.0,0.0,0.000,0.0,0,HAYIR,HAYIR
2026-08-18 10:58:48.708,0.00,0.00,0,0.0,0.0,0.000,0.0,0,HAYIR,HAYIR
2026-08-18 10:58:48.728,0.00,0.00,0,0.0,0.0,0.000,0.0,0,HAYIR,HAYIR
2026-08-18 10:58:48.748,0.00,0.00,0,0.0,0.0,0.000,0.0,0,HAYIR,HAYIR
2026-08-18 10:58:48.768,0.00,0.00,0,0.0,0.0,0.000,0.0,0,HAYIR,HAYIR
2026-08-18 10:58:48.788,0.00,0.00,0,0.0,0.0,0.000,0.0,0,HAYIR,HAYIR
2026-08-18 10:58:48.808,0.00,0.00,0,0.0,0.0,0.000,0.0,0,HAYIR,HAYIR
2026-08-18 10:58:48.829,0.00,0.00,0,0.0,0.0,0.000,0.0,0,HAYIR,HAYIR
2026-08-18 10:58:48.848,0.00,0.00,0,0.0,0.0,0.000,0.0,0,HAYIR,HAYIR
2026-08-18 10:58:48.868,0.00,0.00,0,0.0,0.0,0.000,0.0,0,HAYIR,HAYIR
2026-08-18 10:58:48.888,0.00,0.00,0,0.0,0.0,0.000,0.0,0,HAYIR,HAYIR
2026-08-18 10:58:48.908,0.00,0.00,0,0.0,0.0,0.000,0.0,0,HAYIR,HAYIR
2026-08-18 10:58:48.928,0.00,0.00,0,0.0,0.0,0.000,0.0,0,HAYIR,HAYIR
2026-08-18 10:58:48.948,0.00,0.00,0,0.0,0.0,0.000,0.0,0,HAYIR,HAYIR
2026-08-18 10:58:48.968,0.00,0.00,0,0.0,0.0,0.000,0.0,0,HAYIR,HAYIR
2026-08-18 10:58:48.988,0.00,0.00,0,0.0,0.0,0.000,0.0,0,HAYIR,HAYIR
2026-08-18 10:58:49.008,0.00,0.00,0,0.0,0.0,0.000,0.0,0,HAYIR,HAYIR
2026-08-18 10:58:49.028,0.00,0.00,0,0.0,0.0,0.000,0.0,0,HAYIR,HAYIR
2026-08-18 10:58:49.048,0.00,0.00,0,0.0,0.0,0.000,0.0,0,HAYIR,HAYIR
2026-08-18 10:58:49.068,0.00,0.00,0,0.0,0.0,0.000,0.0,0,HAYIR,HAYIR
2026-08-18 10:58:49.088,0.00,0.00,0,0.0,0.0,0.000,0.0,0,HAYIR,HAYIR
2026-08-18 10:58:49.109,0.00,0.00,0,0.0,0.0,0.000,0.0,0,HAYIR,HAYIR
2026-08-18 10:58:49.128,0.00,0.00,0,0.0,0.0,0.000,0.0,0,HAYIR,HAYIR
2026-08-18 10:58:49.148,0.00,0.00,0,0.0,0.0,0.000,0.0,0,HAYIR,HAYIR
2026-08-18 10:58:49.168,0.00,0.00,0,0.0,0.0,0.000,0.0,0,HAYIR,HAYIR
2026-08-18 10:58:49.188,0.00,0.00,0,0.0,0.0,0.000,0.0,0,HAYIR,HAYIR
2026-08-18 10:58:49.208,0.00,0.00,0,0.0,0.0,0.000,0.0,0,HAYIR,HAYIR
2026-08-18 10:58:49.228,0.00,0.00,0,0.0,0.0,0.000,0.0,0,HAYIR,HAYIR
2026-08-18 10:58:49.248,0.00,0.00,0,0.0,0.0,0.000,0.0,0,HAYIR,HAYIR
2026-08-18 10:58:49.268,0.00,0.00,0,0.0,0.0,0.000,0.0,0,HAYIR,HAYIR
2026-08-18 10:58:49.288,0.00,0.00,0,0.0,0.0,0.000,0.0,0,HAYIR,HAYIR
2026-08-18 10:58:49.308,0.00,0.00,0,0.0,0.0,0.000,0.0,0,HAYIR,HAYIR
2026-08-18 10:58:49.328,0.00,0.00,0,0.0,0.0,0.000,0.0,0,HAYIR,HAYIR
2026-08-18 10:58:49.348,0.00,0.00,0,0.0,0.0,0.000,0.0,0,HAYIR,HAYIR
2026-08-18 10:58:49.368,0.00,0.00,0,0.0,0.0,0.000,0.0,0,HAYIR,HAYIR
2026-08-18 10:58:49.389,0.00,0.00,0,0.0,0.0,0.000,0.0,0,HAYIR,HAYIR
2026-08-18 10:58:49.408,0.00,0.00,0,0.0,0.0,0.000,0.0,0,HAYIR,HAYIR
2026-08-18 10:58:49.428,0.00,0.00,0,0.0,0.0,0.000,0.0,0,HAYIR,HAYIR
2026-08-18 10:58:49.448,0.00,0.00,0,0.0,0.0,0.000,0.0,0,HAYIR,HAYIR
2026-08-18 10:58:49.468,0.00,0.00,0,0.0,0.0,0.000,0.0,0,HAYIR,HAYIR
2026-08-18 10:58:49.488,0.00,0.00,0,0.0,0.0,0.000,0.0,0,HAYIR,HAYIR
2026-08-18 10:58:49.508,0.00,0.00,0,0.0,0.0,0.000,0.0,0,HAYIR,HAYIR
2026-08-18 10:58:49.528,0.00,0.00,0,0.0,0.0,0.000,0.0,0,HAYIR,HAYIR
2026-08-18 10:58:49.548,0.00,0.00,0,0.0,0.0,0.000,0.0,0,HAYIR,HAYIR
2026-08-18 10:58:49.568,0.00,0.00,0,0.0,0.0,0.000,0.0,0,HAYIR,HAYIR
2026-08-18 10:58:49.588,0.00,0.00,0,0.0,0.0,0.000,0.0,0,HAYIR,HAYIR
2026-08-18 10:58:49.608,0.00,0.00,0,0.0,0.0,0.000,0.0,0,HAYIR,HAYIR
2026-08-18 10:58:49.628,0.00,0.00,0,0.0,0.0,0.000,0.0,0,HAYIR,HAYIR
2026-08-18 10:58:49.648,0.00,0.00,0,0.0,0.0,0.000,0.0,0,HAYIR,HAYIR
2026-08-18 10:58:49.668,0.00,0.00,0,0.0,0.0,0.000,0.0,0,HAYIR,HAYIR
2026-08-18 10:58:49.688,0.00,0.00,0,0.0,0.0,0.000,0.0,0,HAYIR,HAYIR
2026-08-18 10:58:49.708,0.00,0.00,0,0.0,0.0,0.000,0.0,0,HAYIR,HAYIR
2026-08-18 10:58:49.728,0.00,0.00,0,0.0,0.0,0.000,0.0,0,HAYIR,HAYIR
2026-08-18 10:58:49.749,0.00,0.00,0,0.0,0.0,0.000,0.0,0,HAYIR,HAYIR
2026-08-18 10:58:49.768,0.00,0.00,0,0.0,0.0,0.000,0.0,0,HAYIR,HAYIR
2026-08-18 10:58:49.788,0.00,0.00,0,0.0,0.0,0.000,0.0,0,HAYIR,HAYIR
2026-08-18 10:58:49.808,0.00,0.00,0,0.0,0.0,0.000,0.0,0,HAYIR,HAYIR
2026-08-18 10:58:49.828,0.00,0.00,0,0.0,0.0,0.000,0.0,0,HAYIR,HAYIR
2026-08-18 10:58:49.848,0.00,0.00,0,0.0,0.0,0.000,0.0,0,HAYIR,HAYIR
2026-08-18 10:58:49.868,0.00,0.00,0,0.0,0.0,0.000,0.0,0,HAYIR,HAYIR
2026-08-18 10:58:49.888,0.00,0.00,0,0.0,0.0,0.000,0.0,0,HAYIR,HAYIR
2026-08-18 10:58:49.908,0.00,0.00,0,0.0,0.0,0.000,0.0,0,HAYIR,HAYIR
2026-08-18 10:58:49.928,0.00,0.00,0,0.0,0.0,0.000,0.0,0,HAYIR,HAYIR
2026-08-18 10:58:49.948,0.00,0.00,0,0.0,0.0,0.000,0.0,0,HAYIR,HAYIR
2026-08-18 10:58:49.968,0.00,0.00,0,0.0,0.0,0.000,0.0,0,HAYIR,HAYIR
2026-08-18 10:58:49.988,0.00,0.00,0,0.0,0.0,0.000,0.0,0,HAYIR,HAYIR
2026-08-18 10:58:50.008,0.00,0.00,0,0.0,0.0,0.000,0.0,0,HAYIR,HAYIR
2026-08-18 10:58:50.028,0.00,0.00,0,0.0,0.0,0.000,0.0,0,HAYIR,HAYIR
2026-08-18 10:58:50.048,0.00,0.00,0,0.0,0.0,0.000,0.0,0,HAYIR,HAYIR
2026-08-18 10:58:50.068,0.00,0.00,0,0.0,0.0,0.000,0.0,0,HAYIR,HAYIR
2026-08-18 10:58:50.088,0.00,0.00,0,0.0,0.0,0.000,0.0,0,HAYIR,HAYIR
2026-08-18 10:58:50.108,0.00,0.00,0,0.0,0.0,0.000,0.0,0,HAYIR,HAYIR
2026-08-18 10:58:50.128,0.00,0.00,0,0.0,0.0,0.000,0.0,0,HAYIR,HAYIR
2026-08-18 10:58:50.148,0.00,0.00,0,0.0,0.0,0.000,0.0,0,HAYIR,HAYIR
2026-08-18 10:58:50.168,0.00,0.00,0,0.0,0.0,0.000,0.0,0,HAYIR,HAYIR
2026-08-18 10:58:50.188,0.00,0.00,0,0.0,0.0,0.000,0.0,0,HAYIR,HAYIR
2026-08-18 10:58:50.209,0.00,0.00,0,0.0,0.0,0.000,0.0,0,HAYIR,HAYIR
2026-08-18 10:58:50.228,0.00,0.00,0,0.0,0.0,0.000,0.0,0,HAYIR,HAYIR
2026-08-18 10:58:50.248,0.00,0.00,0,0.0,0.0,0.000,0.0,0,HAYIR,HAYIR
2026-08-18 10:58:50.268,0.00,0.00,0,0.0,0.0,0.000,0.0,0,HAYIR,HAYIR
2026-08-18 10:58:50.288,0.00,0.00,0,0.0,0.0,0.000,0.0,0,HAYIR,HAYIR
2026-08-18 10:58:50.309,0.00,0.00,0,0.0,0.0,0.000,0.0,0,HAYIR,HAYIR
2026-08-18 10:58:50.329,0.00,0.00,0,0.0,0.0,0.000,0.0,0,HAYIR,HAYIR
2026-08-18 10:58:50.349,0.00,0.00,0,0.0,0.0,0.000,0.0,0,HAYIR,HAYIR
2026-08-18 10:58:50.369,0.00,0.00,0,0.0,0.0,0.000,0.0,0,HAYIR,HAYIR
2026-08-18 10:58:50.389,0.00,0.00,0,0.0,0.0,0.000,0.0,0,HAYIR,HAYIR
2026-08-18 10:58:50.408,0.00,0.00,0,0.0,0.0,0.000,0.0,0,HAYIR,HAYIR
2026-08-18 10:58:50.428,0.00,0.00,0,0.0,0.0,0.000,0.0,0,HAYIR,HAYIR
2026-08-18 10:58:50.448,0.00,0.00,0,0.0,0.0,0.000,0.0,0,HAYIR,HAYIR
2026-08-18 10:58:50.468,0.00,0.00,0,0.0,0.0,0.000,0.0,0,HAYIR,HAYIR
2026-08-18 10:58:50.488,0.00,0.00,0,0.0,0.0,0.000,0.0,0,HAYIR,HAYIR
2026-08-18 10:58:50.508,0.00,0.00,0,0.0,0.0,0.000,0.0,0,HAYIR,HAYIR
2026-08-18 10:58:50.528,0.00,0.00,0,0.0,0.0,0.000,0.0,0,HAYIR,HAYIR
2026-08-18 10:58:50.548,0.00,0.00,0,0.0,0.0,0.000,0.0,0,HAYIR,HAYIR
2026-08-18 10:58:50.568,0.00,0.00,0,0.0,0.0,0.000,0.0,0,HAYIR,HAYIR
2026-08-18 10:58:50.588,0.00,0.00,0,0.0,0.0,0.000,0.0,0,HAYIR,HAYIR
2026-08-18 10:58:50.608,0.00,0.00,0,0.0,0.0,0.000,0.0,0,HAYIR,HAYIR
2026-08-18 10:58:50.628,0.00,0.00,0,0.0,0.0,0.000,0.0,0,HAYIR,HAYIR
2026-08-18 10:58:50.648,0.00,0.00,0,0.0,0.0,0.000,0.0,0,HAYIR,HAYIR
2026-08-18 10:58:50.668,0.00,0.00,0,0.0,0.0,0.000,0.0,0,HAYIR,HAYIR
2026-08-18 10:58:50.688,0.00,0.00,0,0.0,0.0,0.000,0.0,0,HAYIR,HAYIR
2026-08-18 10:58:50.708,0.00,0.00,0,0.0,0.0,0.000,0.0,0,HAYIR,HAYIR
2026-08-18 10:58:50.728,0.00,0.00,0,0.0,0.0,0.000,0.0,0,HAYIR,HAYIR
2026-08-18 10:58:50.749,0.00,0.00,0,0.0,0.0,0.000,0.0,0,HAYIR,HAYIR
2026-08-18 10:58:50.768,0.00,0.00,0,0.0,0.0,0.000,0.0,0,HAYIR,HAYIR
2026-08-18 10:58:50.788,0.00,0.00,0,0.0,0.0,0.000,0.0,0,HAYIR,HAYIR
2026-08-18 10:58:50.808,0.00,0.00,0,0.0,0.0,0.000,0.0,0,HAYIR,HAYIR
2026-08-18 10:58:50.828,0.00,0.00,0,0.0,0.0,0.000,0.0,0,HAYIR,HAYIR
2026-08-18 10:58:50.848,0.00,0.00,0,0.0,0.0,0.000,0.0,0,HAYIR,HAYIR
2026-08-18 10:58:50.868,0.00,0.00,0,0.0,0.0,0.000,0.0,0,HAYIR,HAYIR
2026-08-18 10:58:50.888,0.00,0.00,0,0.0,0.0,0.000,0.0,0,HAYIR,HAYIR
2026-08-18 10:58:50.908,0.00,0.00,0,0.0,0.0,0.000,0.0,0,HAYIR,HAYIR
2026-08-18 10:58:50.928,0.00,0.00,0,0.0,0.0,0.000,0.0,0,HAYIR,HAYIR
2026-08-18 10:58:50.948,0.00,0.00,0,0.0,0.0,0.000,0.0,0,HAYIR,HAYIR
2026-08-18 10:58:50.968,0.00,0.00,0,0.0,0.0,0.000,0.0,0,HAYIR,HAYIR
2026-08-18 10:58:50.988,0.00,0.00,0,0.0,0.0,0.000,0.0,0,HAYIR,HAYIR
2026-08-18 10:58:51.008,0.00,0.00,0,0.0,0.0,0.000,0.0,0,HAYIR,HAYIR
2026-08-18 10:58:51.028,0.00,0.00,0,0.0,0.0,0.000,0.0,0,HAYIR,HAYIR
2026-08-18 10:58:51.048,0.00,0.00,0,0.0,0.0,0.000,0.0,0,HAYIR,HAYIR
2026-08-18 10:58:51.068,0.00,0.00,0,0.0,0.0,0.000,0.0,0,HAYIR,HAYIR
2026-08-18 10:58:51.088,0.00,0.00,0,0.0,0.0,0.000,0.0,0,HAYIR,HAYIR
2026-08-18 10:58:51.108,0.00,0.00,0,0.0,0.0,0.000,0.0,0,HAYIR,HAYIR
2026-08-18 10:58:51.128,0.00,0.00,0,0.0,0.0,0.000,0.0,0,HAYIR,HAYIR
2026-08-18 10:58:51.148,0.00,0.00,0,0.0,0.0,0.000,0.0,0,HAYIR,HAYIR
2026-08-18 10:58:51.168,0.00,0.00,0,0.0,0.0,0.000,0.0,0,HAYIR,HAYIR
2026-08-18 10:58:51.188,0.00,0.00,0,0.0,0.0,0.000,0.0,0,HAYIR,HAYIR
2026-08-18 10:58:51.208,0.00,0.00,0,0.0,0.0,0.000,0.0,0,HAYIR,HAYIR
2026-08-18 10:58:51.228,0.00,0.00,0,0.0,0.0,0.000,0.0,0,HAYIR,HAYIR
2026-08-18 10:58:51.248,0.00,0.00,0,0.0,0.0,0.000,0.0,0,HAYIR,HAYIR
2026-08-18 10:58:51.268,0.00,0.00,0,0.0,0.0,0.000,0.0,0,HAYIR,HAYIR
2026-08-18 10:58:51.289,0.00,0.00,0,0.0,0.0,0.000,0.0,0,HAYIR,HAYIR
2026-08-18 10:58:51.309,0.00,0.00,0,0.0,0.0,0.000,0.0,0,HAYIR,HAYIR
2026-08-18 10:58:51.328,0.00,0.00,0,0.0,0.0,0.000,0.0,0,HAYIR,HAYIR
2026-08-18 10:58:51.348,0.00,0.00,0,0.0,0.0,0.000,0.0,0,HAYIR,HAYIR
2026-08-18 10:58:51.368,0.00,0.00,0,0.0,0.0,0.000,0.0,0,HAYIR,HAYIR
2026-08-18 10:58:51.388,0.00,0.00,0,0.0,0.0,0.000,0.0,0,HAYIR,HAYIR
2026-08-18 10:58:51.408,0.00,0.00,0,0.0,0.0,0.000,0.0,0,HAYIR,HAYIR
2026-08-18 10:58:51.428,0.00,0.00,0,0.0,0.0,0.000,0.0,0,HAYIR,HAYIR
2026-08-18 10:58:51.448,0.00,0.00,0,0.0,0.0,0.000,0.0,0,HAYIR,HAYIR
2026-08-18 10:58:51.469,0.00,0.00,0,0.0,0.0,0.000,0.0,0,HAYIR,HAYIR
2026-08-18 10:58:51.488,0.00,0.00,0,0.0,0.0,0.000,0.0,0,HAYIR,HAYIR
2026-08-18 10:58:51.508,0.00,0.00,0,0.0,0.0,0.000,0.0,0,HAYIR,HAYIR
2026-08-18 10:58:51.528,0.00,0.00,0,0.0,0.0,0.000,0.0,0,HAYIR,HAYIR
2026-08-18 10:58:51.548,0.00,0.00,0,0.0,0.0,0.000,0.0,0,HAYIR,HAYIR
2026-08-18 10:58:51.568,0.00,0.00,0,0.0,0.0,0.000,0.0,0,HAYIR,HAYIR
2026-08-18 10:58:51.588,0.00,0.00,0,0.0,0.0,0.000,0.0,0,HAYIR,HAYIR
2026-08-18 10:58:51.608,0.00,0.00,0,0.0,0.0,0.000,0.0,0,HAYIR,HAYIR
2026-08-18 10:58:51.628,0.00,0.00,0,0.0,0.0,0.000,0.0,0,HAYIR,HAYIR
2026-08-18 10:58:51.648,0.00,0.00,0,0.0,0.0,0.000,0.0,0,HAYIR,HAYIR
2026-08-18 10:58:51.668,0.00,0.00,0,0.0,0.0,0.000,0.0,0,HAYIR,HAYIR
2026-08-18 10:58:51.688,0.00,0.00,0,0.0,0.0,0.000,0.0,0,HAYIR,HAYIR
2026-08-18 10:58:51.709,0.00,0.00,0,0.0,0.0,0.000,0.0,0,HAYIR,HAYIR
2026-08-18 10:58:51.728,0.00,0.00,0,0.0,0.0,0.000,0.0,0,HAYIR,HAYIR
2026-08-18 10:58:51.748,0.00,0.00,0,0.0,0.0,0.000,0.0,0,HAYIR,HAYIR
2026-08-18 10:58:51.768,0.00,0.00,0,0.0,0.0,0.000,0.0,0,HAYIR,HAYIR
2026-08-18 10:58:51.788,0.00,0.00,0,0.0,0.0,0.000,0.0,0,HAYIR,HAYIR
2026-08-18 10:58:51.808,0.00,0.00,0,0.0,0.0,0.000,0.0,0,HAYIR,HAYIR
2026-08-18 10:58:51.828,0.00,0.00,0,0.0,0.0,0.000,0.0,0,HAYIR,HAYIR
2026-08-18 10:58:51.848,0.00,0.00,0,0.0,0.0,0.000,0.0,0,HAYIR,HAYIR
2026-08-18 10:58:51.868,0.00,0.00,0,0.0,0.0,0.000,0.0,0,HAYIR,HAYIR
2026-08-18 10:58:51.888,0.00,0.00,0,0.0,0.0,0.000,0.0,0,HAYIR,HAYIR
2026-08-18 10:58:51.908,0.00,0.00,0,0.0,0.0,0.000,0.0,0,HAYIR,HAYIR
2026-08-18 10:58:51.928,0.00,0.00,0,0.0,0.0,0.000,0.0,0,HAYIR,HAYIR
2026-08-18 10:58:51.948,0.00,0.00,0,0.0,0.0,0.000,0.0,0,HAYIR,HAYIR
2026-08-18 10:58:51.968,0.00,0.00,0,0.0,0.0,0.000,0.0,0,HAYIR,HAYIR
2026-08-18 10:58:51.988,0.00,0.00,0,0.0,0.0,0.000,0.0,0,HAYIR,HAYIR
2026-08-18 10:58:52.008,0.00,0.00,0,0.0,0.0,0.000,0.0,0,HAYIR,HAYIR
2026-08-18 10:58:52.028,0.00,0.00,0,0.0,0.0,0.000,0.0,0,HAYIR,HAYIR
2026-08-18 10:58:52.048,0.00,0.00,0,0.0,0.0,0.000,0.0,0,HAYIR,HAYIR
2026-08-18 10:58:52.068,0.00,0.00,0,0.0,0.0,0.000,0.0,0,HAYIR,HAYIR
2026-08-18 10:58:52.088,0.00,0.00,0,0.0,0.0,0.000,0.0,0,HAYIR,HAYIR
2026-08-18 10:58:52.108,0.00,0.00,0,0.0,0.0,0.000,0.0,0,HAYIR,HAYIR
2026-08-18 10:58:52.128,0.00,0.00,0,0.0,0.0,0.000,0.0,0,HAYIR,HAYIR
2026-08-18 10:58:52.148,0.00,0.00,0,0.0,0.0,0.000,0.0,0,HAYIR,HAYIR
2026-08-18 10:58:52.168,0.00,0.00,0,0.0,0.0,0.000,0.0,0,HAYIR,HAYIR
2026-08-18 10:58:52.188,0.00,0.00,0,0.0,0.0,0.000,0.0,0,HAYIR,HAYIR
2026-08-18 10:58:52.208,0.00,0.00,0,0.0,0.0,0.000,0.0,0,HAYIR,HAYIR
2026-08-18 10:58:52.228,0.00,0.00,0,0.0,0.0,0.000,0.0,0,HAYIR,HAYIR
2026-08-18 10:58:52.248,0.00,0.00,0,0.0,0.0,0.000,0.0,0,HAYIR,HAYIR
2026-08-18 10:58:52.268,0.00,0.00,0,0.0,0.0,0.000,0.0,0,HAYIR,HAYIR
2026-08-18 10:58:52.288,0.00,0.00,0,0.0,0.0,0.000,0.0,0,HAYIR,HAYIR
2026-08-18 10:58:52.308,0.00,0.00,0,0.0,0.0,0.000,0.0,0,HAYIR,HAYIR
2026-08-18 10:58:52.328,0.00,0.00,0,0.0,0.0,0.000,0.0,0,HAYIR,HAYIR
2026-08-18 10:58:52.348,0.00,0.00,0,0.0,0.0,0.000,0.0,0,HAYIR,HAYIR
2026-08-18 10:58:52.368,0.00,0.00,0,0.0,0.0,0.000,0.0,0,HAYIR,HAYIR
2026-08-18 10:58:52.388,0.00,0.00,0,0.0,0.0,0.000,0.0,0,HAYIR,HAYIR
2026-08-18 10:58:52.408,0.00,0.00,0,0.0,0.0,0.000,0.0,0,HAYIR,HAYIR
2026-08-18 10:58:52.428,0.00,0.00,0,0.0,0.0,0.000,0.0,0,HAYIR,HAYIR
2026-08-18 10:58:52.448,0.00,0.00,0,0.0,0.0,0.000,0.0,0,HAYIR,HAYIR
2026-08-18 10:58:52.468,0.00,0.00,0,0.0,0.0,0.000,0.0,0,HAYIR,HAYIR
2026-08-18 10:58:52.488,0.00,0.00,0,0.0,0.0,0.000,0.0,0,HAYIR,HAYIR
2026-08-18 10:58:52.508,0.00,0.00,0,0.0,0.0,0.000,0.0,0,HAYIR,HAYIR
2026-08-18 10:58:52.528,0.00,0.00,0,0.0,0.0,0.000,0.0,0,HAYIR,HAYIR
2026-08-18 10:58:52.548,0.00,0.00,0,0.0,0.0,0.000,0.0,0,HAYIR,HAYIR
2026-08-18 10:58:52.568,0.00,0.00,0,0.0,0.0,0.000,0.0,0,HAYIR,HAYIR
2026-08-18 10:58:52.588,0.00,0.00,0,0.0,0.0,0.000,0.0,0,HAYIR,HAYIR
2026-08-18 10:58:52.608,0.00,0.00,0,0.0,0.0,0.000,0.0,0,HAYIR,HAYIR
2026-08-18 10:58:52.628,0.00,0.00,0,0.0,0.0,0.000,0.0,0,HAYIR,HAYIR
2026-08-18 10:58:52.648,0.00,0.00,0,0.0,0.0,0.000,0.0,0,HAYIR,HAYIR
2026-08-18 10:58:52.668,0.00,0.00,0,0.0,0.0,0.000,0.0,0,HAYIR,HAYIR
2026-08-18 10:58:52.688,0.00,0.00,0,0.0,0.0,0.000,0.0,0,HAYIR,HAYIR
2026-08-18 10:58:52.708,0.00,0.00,0,0.0,0.0,0.000,0.0,0,HAYIR,HAYIR
2026-08-18 10:58:52.728,0.00,0.00,0,0.0,0.0,0.000,0.0,0,HAYIR,HAYIR
2026-08-18 10:58:52.748,0.00,0.00,0,0.0,0.0,0.000,0.0,0,HAYIR,HAYIR
2026-08-18 10:58:52.768,0.00,0.00,0,0.0,0.0,0.000,0.0,0,HAYIR,HAYIR
2026-08-18 10:58:52.788,0.00,0.00,0,0.0,0.0,0.000,0.0,0,HAYIR,HAYIR
2026-08-18 10:58:52.809,0.00,0.00,0,0.0,0.0,0.000,0.0,0,HAYIR,HAYIR
2026-08-18 10:58:52.828,0.00,0.00,0,0.0,0.0,0.000,0.0,0,HAYIR,HAYIR
2026-08-18 10:58:52.849,0.00,0.00,0,0.0,0.0,0.000,0.0,0,HAYIR,HAYIR
2026-08-18 10:58:52.868,0.00,0.00,0,0.0,0.0,0.000,0.0,0,HAYIR,HAYIR
2026-08-18 10:58:52.888,0.00,0.00,0,0.0,0.0,0.000,0.0,0,HAYIR,HAYIR
2026-08-18 10:58:52.908,0.00,0.00,0,0.0,0.0,0.000,0.0,0,HAYIR,HAYIR
2026-08-18 10:58:52.928,0.00,0.00,0,0.0,0.0,0.000,0.0,0,HAYIR,HAYIR
2026-08-18 10:58:52.948,0.00,0.00,0,0.0,0.0,0.000,0.0,0,HAYIR,HAYIR
2026-08-18 10:58:52.968,0.00,0.00,0,0.0,0.0,0.000,0.0,0,HAYIR,HAYIR
2026-08-18 10:58:52.988,0.00,0.00,0,0.0,0.0,0.000,0.0,0,HAYIR,HAYIR
2026-08-18 10:58:53.008,0.00,0.00,0,0.0,0.0,0.000,0.0,0,HAYIR,HAYIR
2026-08-18 10:58:53.028,0.00,0.00,0,0.0,0.0,0.000,0.0,0,HAYIR,HAYIR
2026-08-18 10:58:53.048,0.00,0.00,0,0.0,0.0,0.000,0.0,0,HAYIR,HAYIR
2026-08-18 10:58:53.068,0.00,0.00,0,0.0,0.0,0.000,0.0,0,HAYIR,HAYIR
2026-08-18 10:58:53.088,0.00,0.00,0,0.0,0.0,0.000,0.0,0,HAYIR,HAYIR
2026-08-18 10:58:53.108,0.00,0.00,0,0.0,0.0,0.000,0.0,0,HAYIR,HAYIR
2026-08-18 10:58:53.128,0.00,0.00,0,0.0,0.0,0.000,0.0,0,HAYIR,HAYIR
2026-08-18 10:58:53.148,0.00,0.00,0,0.0,0.0,0.000,0.0,0,HAYIR,HAYIR
2026-08-18 10:58:53.168,0.00,0.00,0,0.0,0.0,0.000,0.0,0,HAYIR,HAYIR
2026-08-18 10:58:53.188,0.00,0.00,0,0.0,0.0,0.000,0.0,0,HAYIR,HAYIR
2026-08-18 10:58:53.208,0.00,0.00,0,0.0,0.0,0.000,0.0,0,HAYIR,HAYIR
2026-08-18 10:58:53.228,0.00,0.00,0,0.0,0.0,0.000,0.0,0,HAYIR,HAYIR
2026-08-18 10:58:53.248,0.00,0.00,0,0.0,0.0,0.000,0.0,0,HAYIR,HAYIR
2026-08-18 10:58:53.268,0.00,0.00,0,0.0,0.0,0.000,0.0,0,HAYIR,HAYIR
2026-08-18 10:58:53.288,0.00,0.00,0,0.0,0.0,0.000,0.0,0,HAYIR,HAYIR
2026-08-18 10:58:53.309,0.00,0.00,0,0.0,0.0,0.000,0.0,0,HAYIR,HAYIR
2026-08-18 10:58:53.329,0.00,0.00,0,0.0,0.0,0.000,0.0,0,HAYIR,HAYIR
2026-08-18 10:58:53.349,0.00,0.00,0,0.0,0.0,0.000,0.0,0,HAYIR,HAYIR
2026-08-18 10:58:53.369,0.00,0.00,0,0.0,0.0,0.000,0.0,0,HAYIR,HAYIR
2026-08-18 10:58:53.389,0.00,0.00,0,0.0,0.0,0.000,0.0,0,HAYIR,HAYIR
2026-08-18 10:58:53.409,0.00,0.00,0,0.0,0.0,0.000,0.0,0,HAYIR,HAYIR
2026-08-18 10:58:53.428,0.00,0.00,0,0.0,0.0,0.000,0.0,0,HAYIR,HAYIR
2026-08-18 10:58:53.448,0.00,0.00,0,0.0,0.0,0.000,0.0,0,HAYIR,HAYIR
2026-08-18 10:58:53.468,0.00,0.00,0,0.0,0.0,0.000,0.0,0,HAYIR,HAYIR
2026-08-18 10:58:53.488,0.00,0.00,0,0.0,0.0,0.000,0.0,0,HAYIR,HAYIR
2026-08-18 10:58:53.508,0.00,0.00,0,0.0,0.0,0.000,0.0,0,HAYIR,HAYIR
2026-08-18 10:58:53.528,0.00,0.00,0,0.0,0.0,0.000,0.0,0,HAYIR,HAYIR
2026-08-18 10:58:53.548,0.00,0.00,0,0.0,0.0,0.000,0.0,0,HAYIR,HAYIR
2026-08-18 10:58:53.568,0.00,0.00,0,0.0,0.0,0.000,0.0,0,HAYIR,HAYIR
2026-08-18 10:58:53.588,0.00,0.00,0,0.0,0.0,0.000,0.0,0,HAYIR,HAYIR
2026-08-18 10:58:53.608,0.00,0.00,0,0.0,0.0,0.000,0.0,0,HAYIR,HAYIR
2026-08-18 10:58:53.628,0.00,0.00,0,0.0,0.0,0.000,0.0,0,HAYIR,HAYIR
2026-08-18 10:58:53.648,0.00,0.00,0,0.0,0.0,0.000,0.0,0,HAYIR,HAYIR
2026-08-18 10:58:53.668,0.00,0.00,0,0.0,0.0,0.000,0.0,0,HAYIR,HAYIR
2026-08-18 10:58:53.688,0.00,0.00,0,0.0,0.0,0.000,0.0,0,HAYIR,HAYIR
2026-08-18 10:58:53.709,0.00,0.00,0,0.0,0.0,0.000,0.0,0,HAYIR,HAYIR
2026-08-18 10:58:53.728,0.00,0.00,0,0.0,0.0,0.000,0.0,0,HAYIR,HAYIR
2026-08-18 10:58:53.748,0.00,0.00,0,0.0,0.0,0.000,0.0,0,HAYIR,HAYIR
2026-08-18 10:58:53.768,0.00,0.00,0,0.0,0.0,0.000,0.0,0,HAYIR,HAYIR
2026-08-18 10:58:53.788,0.00,0.00,0,0.0,0.0,0.000,0.0,0,HAYIR,HAYIR
2026-08-18 10:58:53.808,0.00,0.00,0,0.0,0.0,0.000,0.0,0,HAYIR,HAYIR
2026-08-18 10:58:53.828,0.00,0.00,0,0.0,0.0,0.000,0.0,0,HAYIR,HAYIR
2026-08-18 10:58:53.848,0.00,0.00,0,0.0,0.0,0.000,0.0,0,HAYIR,HAYIR
2026-08-18 10:58:53.868,0.00,0.00,0,0.0,0.0,0.000,0.0,0,HAYIR,HAYIR
2026-08-18 10:58:53.888,0.00,0.00,0,0.0,0.0,0.000,0.0,0,HAYIR,HAYIR
2026-08-18 10:58:53.908,0.00,0.00,0,0.0,0.0,0.000,0.0,0,HAYIR,HAYIR
2026-08-18 10:58:53.928,0.00,0.00,0,0.0,0.0,0.000,0.0,0,HAYIR,HAYIR
2026-08-18 10:58:53.948,0.00,0.00,0,0.0,0.0,0.000,0.0,0,HAYIR,HAYIR
2026-08-18 10:58:53.968,0.00,0.00,0,0.0,0.0,0.000,0.0,0,HAYIR,HAYIR
2026-08-18 10:58:53.988,0.00,0.00,0,0.0,0.0,0.000,0.0,0,HAYIR,HAYIR
2026-08-18 10:58:54.008,0.00,0.00,0,0.0,0.0,0.000,0.0,0,HAYIR,HAYIR
2026-08-18 10:58:54.028,0.00,0.00,0,0.0,0.0,0.000,0.0,0,HAYIR,HAYIR
2026-08-18 10:58:54.049,0.00,0.00,0,0.0,0.0,0.000,0.0,0,HAYIR,HAYIR
2026-08-18 10:58:54.068,0.00,0.00,0,0.0,0.0,0.000,0.0,0,HAYIR,HAYIR
2026-08-18 10:58:54.088,0.00,0.00,0,0.0,0.0,0.000,0.0,0,HAYIR,HAYIR
2026-08-18 10:58:54.108,0.00,0.00,0,0.0,0.0,0.000,0.0,0,HAYIR,HAYIR
2026-08-18 10:58:54.128,0.00,0.00,0,0.0,0.0,0.000,0.0,0,HAYIR,HAYIR
2026-08-18 10:58:54.148,0.00,0.00,0,0.0,0.0,0.000,0.0,0,HAYIR,HAYIR
2026-08-18 10:58:54.168,0.00,0.00,0,0.0,0.0,0.000,0.0,0,HAYIR,HAYIR
2026-08-18 10:58:54.188,0.00,0.00,0,0.0,0.0,0.000,0.0,0,HAYIR,HAYIR
2026-08-18 10:58:54.208,0.00,0.00,0,0.0,0.0,0.000,0.0,0,HAYIR,HAYIR
2026-08-18 10:58:54.228,0.00,0.00,0,0.0,0.0,0.000,0.0,0,HAYIR,HAYIR
2026-08-18 10:58:54.248,0.00,0.00,0,0.0,0.0,0.000,0.0,0,HAYIR,HAYIR
2026-08-18 10:58:54.268,0.00,0.00,0,0.0,0.0,0.000,0.0,0,HAYIR,HAYIR
2026-08-18 10:58:54.288,0.00,0.00,0,0.0,0.0,0.000,0.0,0,HAYIR,HAYIR
2026-08-18 10:58:54.308,0.00,0.00,0,0.0,0.0,0.000,0.0,0,HAYIR,HAYIR
2026-08-18 10:58:54.328,0.00,0.00,0,0.0,0.0,0.000,0.0,0,HAYIR,HAYIR
2026-08-18 10:58:54.348,0.00,0.00,0,0.0,0.0,0.000,0.0,0,HAYIR,HAYIR
2026-08-18 10:58:54.368,0.00,0.00,0,0.0,0.0,0.000,0.0,0,HAYIR,HAYIR
2026-08-18 10:58:54.388,0.00,0.00,0,0.0,0.0,0.000,0.0,0,HAYIR,HAYIR
2026-08-18 10:58:54.408,0.00,0.00,0,0.0,0.0,0.000,0.0,0,HAYIR,HAYIR
2026-08-18 10:58:54.428,0.00,0.00,0,0.0,0.0,0.000,0.0,0,HAYIR,HAYIR
2026-08-18 10:58:54.448,0.00,0.00,0,0.0,0.0,0.000,0.0,0,HAYIR,HAYIR
2026-08-18 10:58:54.468,0.00,0.00,0,0.0,0.0,0.000,0.0,0,HAYIR,HAYIR
2026-08-18 10:58:54.488,0.00,0.00,0,0.0,0.0,0.000,0.0,0,HAYIR,HAYIR
2026-08-18 10:58:54.508,0.00,0.00,0,0.0,0.0,0.000,0.0,0,HAYIR,HAYIR
2026-08-18 10:58:54.528,0.00,0.00,0,0.0,0.0,0.000,0.0,0,HAYIR,HAYIR
2026-08-18 10:58:54.548,0.00,0.00,0,0.0,0.0,0.000,0.0,0,HAYIR,HAYIR
2026-08-18 10:58:54.568,0.00,0.00,0,0.0,0.0,0.000,0.0,0,HAYIR,HAYIR
2026-08-18 10:58:54.588,0.00,0.00,0,0.0,0.0,0.000,0.0,0,HAYIR,HAYIR
2026-08-18 10:58:54.608,0.00,0.00,0,0.0,0.0,0.000,0.0,0,HAYIR,HAYIR
2026-08-18 10:58:54.628,0.00,0.00,0,0.0,0.0,0.000,0.0,0,HAYIR,HAYIR
2026-08-18 10:58:54.648,0.00,0.00,0,0.0,0.0,0.000,0.0,0,HAYIR,HAYIR
2026-08-18 10:58:54.668,0.00,0.00,0,0.0,0.0,0.000,0.0,0,HAYIR,HAYIR
2026-08-18 10:58:54.688,0.00,0.00,0,0.0,0.0,0.000,0.0,0,HAYIR,HAYIR
2026-08-18 10:58:54.708,0.00,0.00,0,0.0,0.0,0.000,0.0,0,HAYIR,HAYIR
2026-08-18 10:58:54.728,0.00,0.00,0,0.0,0.0,0.000,0.0,0,HAYIR,HAYIR
2026-08-18 10:58:54.748,0.00,0.00,0,0.0,0.0,0.000,0.0,0,HAYIR,HAYIR
2026-08-18 10:58:54.768,0.00,0.00,0,0.0,0.0,0.000,0.0,0,HAYIR,HAYIR
2026-08-18 10:58:54.788,0.00,0.00,0,0.0,0.0,0.000,0.0,0,HAYIR,HAYIR
2026-08-18 10:58:54.808,0.00,0.00,0,0.0,0.0,0.000,0.0,0,HAYIR,HAYIR
2026-08-18 10:58:54.828,0.00,0.00,0,0.0,0.0,0.000,0.0,0,HAYIR,HAYIR
2026-08-18 10:58:54.848,0.00,0.00,0,0.0,0.0,0.000,0.0,0,HAYIR,HAYIR
2026-08-18 10:58:54.868,0.00,0.00,0,0.0,0.0,0.000,0.0,0,HAYIR,HAYIR
2026-08-18 10:58:54.888,0.00,0.00,0,0.0,0.0,0.000,0.0,0,HAYIR,HAYIR
2026-08-18 10:58:54.908,0.00,0.00,0,0.0,0.0,0.000,0.0,0,HAYIR,HAYIR
2026-08-18 10:58:54.928,0.00,0.00,0,0.0,0.0,0.000,0.0,0,HAYIR,HAYIR
2026-08-18 10:58:54.948,0.00,0.00,0,0.0,0.0,0.000,0.0,0,HAYIR,HAYIR
2026-08-18 10:58:54.968,0.00,0.00,0,0.0,0.0,0.000,0.0,0,HAYIR,HAYIR
2026-08-18 10:58:54.988,0.00,0.00,0,0.0,0.0,0.000,0.0,0,HAYIR,HAYIR
2026-08-18 10:58:55.008,0.00,0.00,0,0.0,0.0,0.000,0.0,0,HAYIR,HAYIR
2026-08-18 10:58:55.028,0.00,0.00,0,0.0,0.0,0.000,0.0,0,HAYIR,HAYIR
2026-08-18 10:58:55.048,0.00,0.00,0,0.0,0.0,0.000,0.0,0,HAYIR,HAYIR
2026-08-18 10:58:55.068,0.00,0.00,0,0.0,0.0,0.000,0.0,0,HAYIR,HAYIR
2026-08-18 10:58:55.088,0.00,0.00,0,0.0,0.0,0.000,0.0,0,HAYIR,HAYIR
2026-08-18 10:58:55.108,0.00,0.00,0,0.0,0.0,0.000,0.0,0,HAYIR,HAYIR
2026-08-18 10:58:55.128,0.00,0.00,0,0.0,0.0,0.000,0.0,0,HAYIR,HAYIR
2026-08-18 10:58:55.148,0.00,0.00,0,0.0,0.0,0.000,0.0,0,HAYIR,HAYIR
2026-08-18 10:58:55.168,0.00,0.00,0,0.0,0.0,0.000,0.0,0,HAYIR,HAYIR
2026-08-18 10:58:55.188,0.00,0.00,0,0.0,0.0,0.000,0.0,0,HAYIR,HAYIR
2026-08-18 10:58:55.208,0.00,0.00,0,0.0,0.0,0.000,0.0,0,HAYIR,HAYIR
2026-08-18 10:58:55.228,0.00,0.00,0,0.0,0.0,0.000,0.0,0,HAYIR,HAYIR
2026-08-18 10:58:55.249,0.00,0.00,0,0.0,0.0,0.000,0.0,0,HAYIR,HAYIR
2026-08-18 10:58:55.268,0.00,0.00,0,0.0,0.0,0.000,0.0,0,HAYIR,HAYIR
2026-08-18 10:58:55.288,0.00,0.00,0,0.0,0.0,0.000,0.0,0,HAYIR,HAYIR
2026-08-18 10:58:55.308,0.00,0.00,0,0.0,0.0,0.000,0.0,0,HAYIR,HAYIR
2026-08-18 10:58:55.328,0.00,0.00,0,0.0,0.0,0.000,0.0,0,HAYIR,HAYIR
2026-08-18 10:58:55.348,0.00,0.00,0,0.0,0.0,0.000,0.0,0,HAYIR,HAYIR
2026-08-18 10:58:55.368,0.00,0.00,0,0.0,0.0,0.000,0.0,0,HAYIR,HAYIR
2026-08-18 10:58:55.388,0.00,0.00,0,0.0,0.0,0.000,0.0,0,HAYIR,HAYIR
2026-08-18 10:58:55.408,0.00,0.00,0,0.0,0.0,0.000,0.0,0,HAYIR,HAYIR
2026-08-18 10:58:55.428,0.00,0.00,0,0.0,0.0,0.000,0.0,0,HAYIR,HAYIR
2026-08-18 10:58:55.448,0.00,0.00,0,0.0,0.0,0.000,0.0,0,HAYIR,HAYIR
2026-08-18 10:58:55.468,0.00,0.00,0,0.0,0.0,0.000,0.0,0,HAYIR,HAYIR
2026-08-18 10:58:55.488,0.00,0.00,0,0.0,0.0,0.000,0.0,0,HAYIR,HAYIR
2026-08-18 10:58:55.508,0.00,0.00,0,0.0,0.0,0.000,0.0,0,HAYIR,HAYIR
2026-08-18 10:58:55.528,0.00,0.00,0,0.0,0.0,0.000,0.0,0,HAYIR,HAYIR
2026-08-18 10:58:55.549,0.00,0.00,0,0.0,0.0,0.000,0.0,0,HAYIR,HAYIR
2026-08-18 10:58:55.568,0.00,0.00,0,0.0,0.0,0.000,0.0,0,HAYIR,HAYIR
2026-08-18 10:58:55.588,0.00,0.00,0,0.0,0.0,0.000,0.0,0,HAYIR,HAYIR
2026-08-18 10:58:55.608,0.00,0.00,0,0.0,0.0,0.000,0.0,0,HAYIR,HAYIR
2026-08-18 10:58:55.628,0.00,0.00,0,0.0,0.0,0.000,0.0,0,HAYIR,HAYIR
2026-08-18 10:58:55.648,0.00,0.00,0,0.0,0.0,0.000,0.0,0,HAYIR,HAYIR
2026-08-18 10:58:55.668,0.00,0.00,0,0.0,0.0,0.000,0.0,0,HAYIR,HAYIR
2026-08-18 10:58:55.688,0.00,0.00,0,0.0,0.0,0.000,0.0,0,HAYIR,HAYIR
2026-08-18 10:58:55.708,0.00,0.00,0,0.0,0.0,0.000,0.0,0,HAYIR,HAYIR
2026-08-18 10:58:55.728,0.00,0.00,0,0.0,0.0,0.000,0.0,0,HAYIR,HAYIR
2026-08-18 10:58:55.748,0.00,0.00,0,0.0,0.0,0.000,0.0,0,HAYIR,HAYIR
2026-08-18 10:58:55.768,0.00,0.00,0,0.0,0.0,0.000,0.0,0,HAYIR,HAYIR
2026-08-18 10:58:55.788,0.00,0.00,0,0.0,0.0,0.000,0.0,0,HAYIR,HAYIR
2026-08-18 10:58:55.808,0.00,0.00,0,0.0,0.0,0.000,0.0,0,HAYIR,HAYIR
2026-08-18 10:58:55.828,0.00,0.00,0,0.0,0.0,0.000,0.0,0,HAYIR,HAYIR
2026-08-18 10:58:55.848,0.00,0.00,0,0.0,0.0,0.000,0.0,0,HAYIR,HAYIR
2026-08-18 10:58:55.868,0.00,0.00,0,0.0,0.0,0.000,0.0,0,HAYIR,HAYIR
2026-08-18 10:58:55.888,0.00,0.00,0,0.0,0.0,0.000,0.0,0,HAYIR,HAYIR
2026-08-18 10:58:55.908,0.00,0.00,0,0.0,0.0,0.000,0.0,0,HAYIR,HAYIR
2026-08-18 10:58:55.928,0.00,0.00,0,0.0,0.0,0.000,0.0,0,HAYIR,HAYIR
2026-08-18 10:58:55.948,0.00,0.00,0,0.0,0.0,0.000,0.0,0,HAYIR,HAYIR
2026-08-18 10:58:55.968,0.00,0.00,0,0.0,0.0,0.000,0.0,0,HAYIR,HAYIR
2026-08-18 10:58:55.988,0.00,0.00,0,0.0,0.0,0.000,0.0,0,HAYIR,HAYIR
2026-08-18 10:58:56.008,0.00,0.00,0,0.0,0.0,0.000,0.0,0,HAYIR,HAYIR
2026-08-18 10:58:56.028,0.00,0.00,0,0.0,0.0,0.000,0.0,0,HAYIR,HAYIR
2026-08-18 10:58:56.048,0.00,0.00,0,0.0,0.0,0.000,0.0,0,HAYIR,HAYIR
2026-08-18 10:58:56.068,0.00,0.00,0,0.0,0.0,0.000,0.0,0,HAYIR,HAYIR
2026-08-18 10:58:56.088,0.00,0.00,0,0.0,0.0,0.000,0.0,0,HAYIR,HAYIR
2026-08-18 10:58:56.108,0.00,0.00,0,0.0,0.0,0.000,0.0,0,HAYIR,HAYIR
2026-08-18 10:58:56.128,0.00,0.00,0,0.0,0.0,0.000,0.0,0,HAYIR,HAYIR
2026-08-18 10:58:56.148,0.00,0.00,0,0.0,0.0,0.000,0.0,0,HAYIR,HAYIR
2026-08-18 10:58:56.168,0.00,0.00,0,0.0,0.0,0.000,0.0,0,HAYIR,HAYIR
2026-08-18 10:58:56.188,0.00,0.00,0,0.0,0.0,0.000,0.0,0,HAYIR,HAYIR
2026-08-18 10:58:56.208,0.00,0.00,0,0.0,0.0,0.000,0.0,0,HAYIR,HAYIR
2026-08-18 10:58:56.228,0.00,0.00,0,0.0,0.0,0.000,0.0,0,HAYIR,HAYIR
2026-08-18 10:58:56.248,0.00,0.00,0,0.0,0.0,0.000,0.0,0,HAYIR,HAYIR
2026-08-18 10:58:56.268,0.00,0.00,0,0.0,0.0,0.000,0.0,0,HAYIR,HAYIR
2026-08-18 10:58:56.288,0.00,0.00,0,0.0,0.0,0.000,0.0,0,HAYIR,HAYIR
2026-08-18 10:58:56.308,0.00,0.00,0,0.0,0.0,0.000,0.0,0,HAYIR,HAYIR
2026-08-18 10:58:56.328,0.00,0.00,0,0.0,0.0,0.000,0.0,0,HAYIR,HAYIR
2026-08-18 10:58:56.348,0.00,0.00,0,0.0,0.0,0.000,0.0,0,HAYIR,HAYIR
2026-08-18 10:58:56.368,0.00,0.00,0,0.0,0.0,0.000,0.0,0,HAYIR,HAYIR
2026-08-18 10:58:56.388,0.00,0.00,0,0.0,0.0,0.000,0.0,0,HAYIR,HAYIR
2026-08-18 10:58:56.408,0.00,0.00,0,0.0,0.0,0.000,0.0,0,HAYIR,HAYIR
2026-08-18 10:58:56.428,0.00,0.00,0,0.0,0.0,0.000,0.0,0,HAYIR,HAYIR
2026-08-18 10:58:56.449,0.00,0.00,0,0.0,0.0,0.000,0.0,0,HAYIR,HAYIR
2026-08-18 10:58:56.468,0.00,0.00,0,0.0,0.0,0.000,0.0,0,HAYIR,HAYIR
2026-08-18 10:58:56.488,0.00,0.00,0,0.0,0.0,0.000,0.0,0,HAYIR,HAYIR
2026-08-18 10:58:56.508,0.00,0.00,0,0.0,0.0,0.000,0.0,0,HAYIR,HAYIR
2026-08-18 10:58:56.528,0.00,0.00,0,0.0,0.0,0.000,0.0,0,HAYIR,HAYIR
2026-08-18 10:58:56.548,0.00,0.00,0,0.0,0.0,0.000,0.0,0,HAYIR,HAYIR
2026-08-18 10:58:56.568,0.00,0.00,0,0.0,0.0,0.000,0.0,0,HAYIR,HAYIR
2026-08-18 10:58:56.588,0.00,0.00,0,0.0,0.0,0.000,0.0,0,HAYIR,HAYIR
2026-08-18 10:58:56.608,0.00,0.00,0,0.0,0.0,0.000,0.0,0,HAYIR,HAYIR
2026-08-18 10:58:56.628,0.00,0.00,0,0.0,0.0,0.000,0.0,0,HAYIR,HAYIR
2026-08-18 10:58:56.649,0.00,0.00,0,0.0,0.0,0.000,0.0,0,HAYIR,HAYIR
2026-08-18 10:58:56.668,0.00,0.00,0,0.0,0.0,0.000,0.0,0,HAYIR,HAYIR
2026-08-18 10:58:56.688,0.00,0.00,0,0.0,0.0,0.000,0.0,0,HAYIR,HAYIR
2026-08-18 10:58:56.708,0.00,0.00,0,0.0,0.0,0.000,0.0,0,HAYIR,HAYIR
2026-08-18 10:58:56.728,0.00,0.00,0,0.0,0.0,0.000,0.0,0,HAYIR,HAYIR
2026-08-18 10:58:56.748,0.00,0.00,0,0.0,0.0,0.000,0.0,0,HAYIR,HAYIR
2026-08-18 10:58:56.768,0.00,0.00,0,0.0,0.0,0.000,0.0,0,HAYIR,HAYIR
2026-08-18 10:58:56.788,0.00,0.00,0,0.0,0.0,0.000,0.0,0,HAYIR,HAYIR
2026-08-18 10:58:56.808,0.00,0.00,0,0.0,0.0,0.000,0.0,0,HAYIR,HAYIR
2026-08-18 10:58:56.828,0.00,0.00,0,0.0,0.0,0.000,0.0,0,HAYIR,HAYIR
2026-08-18 10:58:56.848,0.00,0.00,0,0.0,0.0,0.000,0.0,0,HAYIR,HAYIR
2026-08-18 10:58:56.868,0.00,0.00,0,0.0,0.0,0.000,0.0,0,HAYIR,HAYIR
2026-08-18 10:58:56.888,0.00,0.00,0,0.0,0.0,0.000,0.0,0,HAYIR,HAYIR
2026-08-18 10:58:56.908,0.00,0.00,0,0.0,0.0,0.000,0.0,0,HAYIR,HAYIR
2026-08-18 10:58:56.928,0.00,0.00,0,0.0,0.0,0.000,0.0,0,HAYIR,HAYIR
2026-08-18 10:58:56.948,0.00,0.00,0,0.0,0.0,0.000,0.0,0,HAYIR,HAYIR
2026-08-18 10:58:56.968,0.00,0.00,0,0.0,0.0,0.000,0.0,0,HAYIR,HAYIR
2026-08-18 10:58:56.988,0.00,0.00,0,0.0,0.0,0.000,0.0,0,HAYIR,HAYIR
2026-08-18 10:58:57.008,0.00,0.00,0,0.0,0.0,0.000,0.0,0,HAYIR,HAYIR
2026-08-18 10:58:57.028,0.00,0.00,0,0.0,0.0,0.000,0.0,0,HAYIR,HAYIR
2026-08-18 10:58:57.048,0.00,0.00,0,0.0,0.0,0.000,0.0,0,HAYIR,HAYIR
2026-08-18 10:58:57.068,0.00,0.00,0,0.0,0.0,0.000,0.0,0,HAYIR,HAYIR
2026-08-18 10:58:57.088,0.00,0.00,0,0.0,0.0,0.000,0.0,0,HAYIR,HAYIR
2026-08-18 10:58:57.108,0.00,0.00,0,0.0,0.0,0.000,0.0,0,HAYIR,HAYIR
2026-08-18 10:58:57.128,0.00,0.00,0,0.0,0.0,0.000,0.0,0,HAYIR,HAYIR
2026-08-18 10:58:57.148,0.00,0.00,0,0.0,0.0,0.000,0.0,0,HAYIR,HAYIR
2026-08-18 10:58:57.168,0.00,0.00,0,0.0,0.0,0.000,0.0,0,HAYIR,HAYIR
2026-08-18 10:58:57.188,0.00,0.00,0,0.0,0.0,0.000,0.0,0,HAYIR,HAYIR
2026-08-18 10:58:57.208,0.00,0.00,0,0.0,0.0,0.000,0.0,0,HAYIR,HAYIR
2026-08-18 10:58:57.228,0.00,0.00,0,0.0,0.0,0.000,0.0,0,HAYIR,HAYIR
2026-08-18 10:58:57.248,0.00,0.00,0,0.0,0.0,0.000,0.0,0,HAYIR,HAYIR
2026-08-18 10:58:57.268,0.00,0.00,0,0.0,0.0,0.000,0.0,0,HAYIR,HAYIR
2026-08-18 10:58:57.288,0.00,0.00,0,0.0,0.0,0.000,0.0,0,HAYIR,HAYIR
2026-08-18 10:58:57.308,0.00,0.00,0,0.0,0.0,0.000,0.0,0,HAYIR,HAYIR
2026-08-18 10:58:57.328,0.00,0.00,0,0.0,0.0,0.000,0.0,0,HAYIR,HAYIR
2026-08-18 10:58:57.348,0.00,0.00,0,0.0,0.0,0.000,0.0,0,HAYIR,HAYIR
2026-08-18 10:58:57.369,0.00,0.00,0,0.0,0.0,0.000,0.0,0,HAYIR,HAYIR
2026-08-18 10:58:57.388,0.00,0.00,0,0.0,0.0,0.000,0.0,0,HAYIR,HAYIR
2026-08-18 10:58:57.408,0.00,0.00,0,0.0,0.0,0.000,0.0,0,HAYIR,HAYIR
2026-08-18 10:58:57.428,0.00,0.00,0,0.0,0.0,0.000,0.0,0,HAYIR,HAYIR
2026-08-18 10:58:57.448,0.00,0.00,0,0.0,0.0,0.000,0.0,0,HAYIR,HAYIR
2026-08-18 10:58:57.468,0.00,0.00,0,0.0,0.0,0.000,0.0,0,HAYIR,HAYIR
2026-08-18 10:58:57.488,0.00,0.00,0,0.0,0.0,0.000,0.0,0,HAYIR,HAYIR
2026-08-18 10:58:57.508,0.00,0.00,0,0.0,0.0,0.000,0.0,0,HAYIR,HAYIR
2026-08-18 10:58:57.528,0.00,0.00,0,0.0,0.0,0.000,0.0,0,HAYIR,HAYIR
2026-08-18 10:58:57.548,0.00,0.00,0,0.0,0.0,0.000,0.0,0,HAYIR,HAYIR
2026-08-18 10:58:57.568,0.00,0.00,0,0.0,0.0,0.000,0.0,0,HAYIR,HAYIR
2026-08-18 10:58:57.588,0.00,0.00,0,0.0,0.0,0.000,0.0,0,HAYIR,HAYIR
2026-08-18 10:58:57.608,0.00,0.00,0,0.0,0.0,0.000,0.0,0,HAYIR,HAYIR
2026-08-18 10:58:57.628,0.00,0.00,0,0.0,0.0,0.000,0.0,0,HAYIR,HAYIR
2026-08-18 10:58:57.648,0.00,0.00,0,0.0,0.0,0.000,0.0,0,HAYIR,HAYIR
2026-08-18 10:58:57.668,0.00,0.00,0,0.0,0.0,0.000,0.0,0,HAYIR,HAYIR
2026-08-18 10:58:57.688,0.00,0.00,0,0.0,0.0,0.000,0.0,0,HAYIR,HAYIR
2026-08-18 10:58:57.708,0.00,0.00,0,0.0,0.0,0.000,0.0,0,HAYIR,HAYIR
2026-08-18 10:58:57.728,0.00,0.00,0,0.0,0.0,0.000,0.0,0,HAYIR,HAYIR
2026-08-18 10:58:57.748,0.00,0.00,0,0.0,0.0,0.000,0.0,0,HAYIR,HAYIR
2026-08-18 10:58:57.768,0.00,0.00,0,0.0,0.0,0.000,0.0,0,HAYIR,HAYIR
2026-08-18 10:58:57.788,0.00,0.00,0,0.0,0.0,0.000,0.0,0,HAYIR,HAYIR
2026-08-18 10:58:57.808,0.00,0.00,0,0.0,0.0,0.000,0.0,0,HAYIR,HAYIR
2026-08-18 10:58:57.828,0.00,0.00,0,0.0,0.0,0.000,0.0,0,HAYIR,HAYIR
2026-08-18 10:58:57.848,0.00,0.00,0,0.0,0.0,0.000,0.0,0,HAYIR,HAYIR
2026-08-18 10:58:57.868,0.00,0.00,0,0.0,0.0,0.000,0.0,0,HAYIR,HAYIR
2026-08-18 10:58:57.888,0.00,0.00,0,0.0,0.0,0.000,0.0,0,HAYIR,HAYIR
2026-08-18 10:58:57.908,0.00,0.00,0,0.0,0.0,0.000,0.0,0,HAYIR,HAYIR
2026-08-18 10:58:57.928,0.00,0.00,0,0.0,0.0,0.000,0.0,0,HAYIR,HAYIR
2026-08-18 10:58:57.948,0.00,0.00,0,0.0,0.0,0.000,0.0,0,HAYIR,HAYIR
2026-08-18 10:58:57.968,0.00,0.00,0,0.0,0.0,0.000,0.0,0,HAYIR,HAYIR
2026-08-18 10:58:57.988,0.00,0.00,0,0.0,0.0,0.000,0.0,0,HAYIR,HAYIR
2026-08-18 10:58:58.008,0.00,0.00,0,0.0,0.0,0.000,0.0,0,HAYIR,HAYIR
2026-08-18 10:58:58.028,0.00,0.00,0,0.0,0.0,0.000,0.0,0,HAYIR,HAYIR
2026-08-18 10:58:58.048,0.00,0.00,0,0.0,0.0,0.000,0.0,0,HAYIR,HAYIR
2026-08-18 10:58:58.068,0.00,0.00,0,0.0,0.0,0.000,0.0,0,HAYIR,HAYIR
2026-08-18 10:58:58.088,0.00,0.00,0,0.0,0.0,0.000,0.0,0,HAYIR,HAYIR
2026-08-18 10:58:58.108,0.00,0.00,0,0.0,0.0,0.000,0.0,0,HAYIR,HAYIR
2026-08-18 10:58:58.128,0.00,0.00,0,0.0,0.0,0.000,0.0,0,HAYIR,HAYIR
2026-08-18 10:58:58.148,0.00,0.00,0,0.0,0.0,0.000,0.0,0,HAYIR,HAYIR
2026-08-18 10:58:58.168,0.00,0.00,0,0.0,0.0,0.000,0.0,0,HAYIR,HAYIR
2026-08-18 10:58:58.188,0.00,0.00,0,0.0,0.0,0.000,0.0,0,HAYIR,HAYIR
2026-08-18 10:58:58.208,0.00,0.00,0,0.0,0.0,0.000,0.0,0,HAYIR,HAYIR
2026-08-18 10:58:58.228,0.00,0.00,0,0.0,0.0,0.000,0.0,0,HAYIR,HAYIR
2026-08-18 10:58:58.248,0.00,0.00,0,0.0,0.0,0.000,0.0,0,HAYIR,HAYIR
2026-08-18 10:58:58.268,0.00,0.00,0,0.0,0.0,0.000,0.0,0,HAYIR,HAYIR
2026-08-18 10:58:58.288,0.00,0.00,0,0.0,0.0,0.000,0.0,0,HAYIR,HAYIR
2026-08-18 10:58:58.308,0.00,0.00,0,0.0,0.0,0.000,0.0,0,HAYIR,HAYIR
2026-08-18 10:58:58.328,0.00,0.00,0,0.0,0.0,0.000,0.0,0,HAYIR,HAYIR
2026-08-18 10:58:58.348,0.00,0.00,0,0.0,0.0,0.000,0.0,0,HAYIR,HAYIR
2026-08-18 10:58:58.368,0.00,0.00,0,0.0,0.0,0.000,0.0,0,HAYIR,HAYIR
2026-08-18 10:58:58.389,0.00,0.00,0,0.0,0.0,0.000,0.0,0,HAYIR,HAYIR
2026-08-18 10:58:58.408,0.00,0.00,0,0.0,0.0,0.000,0.0,0,HAYIR,HAYIR
2026-08-18 10:58:58.428,0.00,0.00,0,0.0,0.0,0.000,0.0,0,HAYIR,HAYIR
2026-08-18 10:58:58.448,0.00,0.00,0,0.0,0.0,0.000,0.0,0,HAYIR,HAYIR
2026-08-18 10:58:58.468,0.00,0.00,0,0.0,0.0,0.000,0.0,0,HAYIR,HAYIR
2026-08-18 10:58:58.488,0.00,0.00,0,0.0,0.0,0.000,0.0,0,HAYIR,HAYIR
2026-08-18 10:58:58.508,0.00,0.00,0,0.0,0.0,0.000,0.0,0,HAYIR,HAYIR
2026-08-18 10:58:58.528,0.00,0.00,0,0.0,0.0,0.000,0.0,0,HAYIR,HAYIR
2026-08-18 10:58:58.548,0.00,0.00,0,0.0,0.0,0.000,0.0,0,HAYIR,HAYIR
2026-08-18 10:58:58.568,0.00,0.00,0,0.0,0.0,0.000,0.0,0,HAYIR,HAYIR
2026-08-18 10:58:58.588,0.00,0.00,0,0.0,0.0,0.000,0.0,0,HAYIR,HAYIR
2026-08-18 10:58:58.608,0.00,0.00,0,0.0,0.0,0.000,0.0,0,HAYIR,HAYIR
2026-08-18 10:58:58.628,0.00,0.00,0,0.0,0.0,0.000,0.0,0,HAYIR,HAYIR
2026-08-18 10:58:58.648,0.00,0.00,0,0.0,0.0,0.000,0.0,0,HAYIR,HAYIR
2026-08-18 10:58:58.668,0.00,0.00,0,0.0,0.0,0.000,0.0,0,HAYIR,HAYIR
2026-08-18 10:58:58.688,0.00,0.00,0,0.0,0.0,0.000,0.0,0,HAYIR,HAYIR
2026-08-18 10:58:58.708,0.00,0.00,0,0.0,0.0,0.000,0.0,0,HAYIR,HAYIR
2026-08-18 10:58:58.728,0.00,0.00,0,0.0,0.0,0.000,0.0,0,HAYIR,HAYIR
2026-08-18 10:58:58.748,0.00,0.00,0,0.0,0.0,0.000,0.0,0,HAYIR,HAYIR
2026-08-18 10:58:58.768,0.00,0.00,0,0.0,0.0,0.000,0.0,0,HAYIR,HAYIR
2026-08-18 10:58:58.788,0.00,0.00,0,0.0,0.0,0.000,0.0,0,HAYIR,HAYIR
2026-08-18 10:58:58.808,0.00,0.00,0,0.0,0.0,0.000,0.0,0,HAYIR,HAYIR
2026-08-18 10:58:58.828,0.00,0.00,0,0.0,0.0,0.000,0.0,0,HAYIR,HAYIR
2026-08-18 10:58:58.848,0.00,0.00,0,0.0,0.0,0.000,0.0,0,HAYIR,HAYIR
2026-08-18 10:58:58.868,0.00,0.00,0,0.0,0.0,0.000,0.0,0,HAYIR,HAYIR
2026-08-18 10:58:58.888,0.00,0.00,0,0.0,0.0,0.000,0.0,0,HAYIR,HAYIR
2026-08-18 10:58:58.908,0.00,0.00,0,0.0,0.0,0.000,0.0,0,HAYIR,HAYIR
2026-08-18 10:58:58.928,0.00,0.00,0,0.0,0.0,0.000,0.0,0,HAYIR,HAYIR
2026-08-18 10:58:58.948,0.00,0.00,0,0.0,0.0,0.000,0.0,0,HAYIR,HAYIR
2026-08-18 10:58:58.968,0.00,0.00,0,0.0,0.0,0.000,0.0,0,HAYIR,HAYIR
2026-08-18 10:58:58.988,0.00,0.00,0,0.0,0.0,0.000,0.0,0,HAYIR,HAYIR
2026-08-18 10:58:59.008,0.00,0.00,0,0.0,0.0,0.000,0.0,0,HAYIR,HAYIR
2026-08-18 10:58:59.028,0.00,0.00,0,0.0,0.0,0.000,0.0,0,HAYIR,HAYIR
2026-08-18 10:58:59.048,0.00,0.00,0,0.0,0.0,0.000,0.0,0,HAYIR,HAYIR
2026-08-18 10:58:59.068,0.00,0.00,0,0.0,0.0,0.000,0.0,0,HAYIR,HAYIR
2026-08-18 10:58:59.088,0.00,0.00,0,0.0,0.0,0.000,0.0,0,HAYIR,HAYIR
2026-08-18 10:58:59.108,0.00,0.00,0,0.0,0.0,0.000,0.0,0,HAYIR,HAYIR
2026-08-18 10:58:59.128,0.00,0.00,0,0.0,0.0,0.000,0.0,0,HAYIR,HAYIR
2026-08-18 10:58:59.148,0.00,0.00,0,0.0,0.0,0.000,0.0,0,HAYIR,HAYIR
2026-08-18 10:58:59.168,0.00,0.00,0,0.0,0.0,0.000,0.0,0,HAYIR,HAYIR
2026-08-18 10:58:59.188,0.00,0.00,0,0.0,0.0,0.000,0.0,0,HAYIR,HAYIR
2026-08-18 10:58:59.208,0.00,0.00,0,0.0,0.0,0.000,0.0,0,HAYIR,HAYIR
2026-08-18 10:58:59.228,0.00,0.00,0,0.0,0.0,0.000,0.0,0,HAYIR,HAYIR
2026-08-18 10:58:59.248,0.00,0.00,0,0.0,0.0,0.000,0.0,0,HAYIR,HAYIR
2026-08-18 10:58:59.268,0.00,0.00,0,0.0,0.0,0.000,0.0,0,HAYIR,HAYIR
2026-08-18 10:58:59.288,0.00,0.00,0,0.0,0.0,0.000,0.0,0,HAYIR,HAYIR
2026-08-18 10:58:59.308,0.00,0.00,0,0.0,0.0,0.000,0.0,0,HAYIR,HAYIR
2026-08-18 10:58:59.328,0.00,0.00,0,0.0,0.0,0.000,0.0,0,HAYIR,HAYIR
2026-08-18 10:58:59.348,0.00,0.00,0,0.0,0.0,0.000,0.0,0,HAYIR,HAYIR
2026-08-18 10:58:59.368,0.00,0.00,0,0.0,0.0,0.000,0.0,0,HAYIR,HAYIR
2026-08-18 10:58:59.388,0.00,0.00,0,0.0,0.0,0.000,0.0,0,HAYIR,HAYIR
2026-08-18 10:58:59.408,0.00,0.00,0,0.0,0.0,0.000,0.0,0,HAYIR,HAYIR
2026-08-18 10:58:59.428,0.00,0.00,0,0.0,0.0,0.000,0.0,0,HAYIR,HAYIR
2026-08-18 10:58:59.448,0.00,0.00,0,0.0,0.0,0.000,0.0,0,HAYIR,HAYIR
2026-08-18 10:58:59.468,0.00,0.00,0,0.0,0.0,0.000,0.0,0,HAYIR,HAYIR
2026-08-18 10:58:59.488,0.00,0.00,0,0.0,0.0,0.000,0.0,0,HAYIR,HAYIR
2026-08-18 10:58:59.508,0.00,0.00,0,0.0,0.0,0.000,0.0,0,HAYIR,HAYIR
2026-08-18 10:58:59.528,0.00,0.00,0,0.0,0.0,0.000,0.0,0,HAYIR,HAYIR
2026-08-18 10:58:59.548,0.00,0.00,0,0.0,0.0,0.000,0.0,0,HAYIR,HAYIR
2026-08-18 10:58:59.568,0.00,0.00,0,0.0,0.0,0.000,0.0,0,HAYIR,HAYIR
2026-08-18 10:58:59.588,0.00,0.00,0,0.0,0.0,0.000,0.0,0,HAYIR,HAYIR
2026-08-18 10:58:59.608,0.00,0.00,0,0.0,0.0,0.000,0.0,0,HAYIR,HAYIR
2026-08-18 10:58:59.628,0.00,0.00,0,0.0,0.0,0.000,0.0,0,HAYIR,HAYIR
2026-08-18 10:58:59.648,0.00,0.00,0,0.0,0.0,0.000,0.0,0,HAYIR,HAYIR
2026-08-18 10:58:59.668,0.00,0.00,0,0.0,0.0,0.000,0.0,0,HAYIR,HAYIR
2026-08-18 10:58:59.688,0.00,0.00,0,0.0,0.0,0.000,0.0,0,HAYIR,HAYIR
2026-08-18 10:58:59.708,0.00,0.00,0,0.0,0.0,0.000,0.0,0,HAYIR,HAYIR
2026-08-18 10:58:59.728,0.00,0.00,0,0.0,0.0,0.000,0.0,0,HAYIR,HAYIR
2026-08-18 10:58:59.748,0.00,0.00,0,0.0,0.0,0.000,0.0,0,HAYIR,HAYIR
2026-08-18 10:58:59.768,0.00,0.00,0,0.0,0.0,0.000,0.0,0,HAYIR,HAYIR
2026-08-18 10:58:59.788,0.00,0.00,0,0.0,0.0,0.000,0.0,0,HAYIR,HAYIR
2026-08-18 10:58:59.808,0.00,0.00,0,0.0,0.0,0.000,0.0,0,HAYIR,HAYIR
2026-08-18 10:58:59.828,0.00,0.00,0,0.0,0.0,0.000,0.0,0,HAYIR,HAYIR
2026-08-18 10:58:59.848,0.00,0.00,0,0.0,0.0,0.000,0.0,0,HAYIR,HAYIR
2026-08-18 10:58:59.868,0.00,0.00,0,0.0,0.0,0.000,0.0,0,HAYIR,HAYIR
2026-08-18 10:58:59.888,0.00,0.00,0,0.0,0.0,0.000,0.0,0,HAYIR,HAYIR
2026-08-18 10:58:59.908,0.00,0.00,0,0.0,0.0,0.000,0.0,0,HAYIR,HAYIR
2026-08-18 10:58:59.928,0.00,0.00,0,0.0,0.0,0.000,0.0,0,HAYIR,HAYIR
2026-08-18 10:58:59.949,0.00,0.00,0,0.0,0.0,0.000,0.0,0,HAYIR,HAYIR
2026-08-18 10:58:59.969,0.00,0.00,0,0.0,0.0,0.000,0.0,0,HAYIR,HAYIR
2026-08-18 10:58:59.988,0.00,0.00,0,0.0,0.0,0.000,0.0,0,HAYIR,HAYIR
2026-08-18 10:59:00.008,0.00,0.00,0,0.0,0.0,0.000,0.0,0,HAYIR,HAYIR
2026-08-18 10:59:00.028,0.00,0.00,0,0.0,0.0,0.000,0.0,0,HAYIR,HAYIR
2026-08-18 10:59:00.048,0.00,0.00,0,0.0,0.0,0.000,0.0,0,HAYIR,HAYIR
2026-08-18 10:59:00.068,0.00,0.00,0,0.0,0.0,0.000,0.0,0,HAYIR,HAYIR
2026-08-18 10:59:00.088,0.00,0.00,0,0.0,0.0,0.000,0.0,0,HAYIR,HAYIR
2026-08-18 10:59:00.108,0.00,0.00,0,0.0,0.0,0.000,0.0,0,HAYIR,HAYIR
2026-08-18 10:59:00.128,0.00,0.00,0,0.0,0.0,0.000,0.0,0,HAYIR,HAYIR
2026-08-18 10:59:00.148,0.00,0.00,0,0.0,0.0,0.000,0.0,0,HAYIR,HAYIR
2026-08-18 10:59:00.168,0.00,0.00,0,0.0,0.0,0.000,0.0,0,HAYIR,HAYIR
2026-08-18 10:59:00.188,0.00,0.00,0,0.0,0.0,0.000,0.0,0,HAYIR,HAYIR
2026-08-18 10:59:00.208,0.00,0.00,0,0.0,0.0,0.000,0.0,0,HAYIR,HAYIR
2026-08-18 10:59:00.228,0.00,0.00,0,0.0,0.0,0.000,0.0,0,HAYIR,HAYIR
2026-08-18 10:59:00.248,0.00,0.00,0,0.0,0.0,0.000,0.0,0,HAYIR,HAYIR
2026-08-18 10:59:00.268,0.00,0.00,0,0.0,0.0,0.000,0.0,0,HAYIR,HAYIR
2026-08-18 10:59:00.288,0.00,0.00,0,0.0,0.0,0.000,0.0,0,HAYIR,HAYIR
2026-08-18 10:59:00.309,0.00,0.00,0,0.0,0.0,0.000,0.0,0,HAYIR,HAYIR
2026-08-18 10:59:00.328,0.00,0.00,0,0.0,0.0,0.000,0.0,0,HAYIR,HAYIR
2026-08-18 10:59:00.348,0.00,0.00,0,0.0,0.0,0.000,0.0,0,HAYIR,HAYIR
2026-08-18 10:59:00.368,0.00,0.00,0,0.0,0.0,0.000,0.0,0,HAYIR,HAYIR
2026-08-18 10:59:00.388,0.00,0.00,0,0.0,0.0,0.000,0.0,0,HAYIR,HAYIR
2026-08-18 10:59:00.408,0.00,0.00,0,0.0,0.0,0.000,0.0,0,HAYIR,HAYIR
2026-08-18 10:59:00.428,0.00,0.00,0,0.0,0.0,0.000,0.0,0,HAYIR,HAYIR
2026-08-18 10:59:00.448,0.00,0.00,0,0.0,0.0,0.000,0.0,0,HAYIR,HAYIR
2026-08-18 10:59:00.468,0.00,0.00,0,0.0,0.0,0.000,0.0,0,HAYIR,HAYIR
2026-08-18 10:59:00.488,0.00,0.00,0,0.0,0.0,0.000,0.0,0,HAYIR,HAYIR
2026-08-18 10:59:00.508,0.00,0.00,0,0.0,0.0,0.000,0.0,0,HAYIR,HAYIR
2026-08-18 10:59:00.528,0.00,0.00,0,0.0,0.0,0.000,0.0,0,HAYIR,HAYIR
2026-08-18 10:59:00.548,0.00,0.00,0,0.0,0.0,0.000,0.0,0,HAYIR,HAYIR
2026-08-18 10:59:00.568,0.00,0.00,0,0.0,0.0,0.000,0.0,0,HAYIR,HAYIR
2026-08-18 10:59:00.588,0.00,0.00,0,0.0,0.0,0.000,0.0,0,HAYIR,HAYIR
2026-08-18 10:59:00.608,0.00,0.00,0,0.0,0.0,0.000,0.0,0,HAYIR,HAYIR
2026-08-18 10:59:00.628,0.00,0.00,0,0.0,0.0,0.000,0.0,0,HAYIR,HAYIR
2026-08-18 10:59:00.648,0.00,0.00,0,0.0,0.0,0.000,0.0,0,HAYIR,HAYIR
2026-08-18 10:59:00.668,0.00,0.00,0,0.0,0.0,0.000,0.0,0,HAYIR,HAYIR
2026-08-18 10:59:00.688,0.00,0.00,0,0.0,0.0,0.000,0.0,0,HAYIR,HAYIR
2026-08-18 10:59:00.708,0.00,0.00,0,0.0,0.0,0.000,0.0,0,HAYIR,HAYIR
2026-08-18 10:59:00.728,0.00,0.00,0,0.0,0.0,0.000,0.0,0,HAYIR,HAYIR
2026-08-18 10:59:00.748,0.00,0.00,0,0.0,0.0,0.000,0.0,0,HAYIR,HAYIR
2026-08-18 10:59:00.769,0.00,0.00,0,0.0,0.0,0.000,0.0,0,HAYIR,HAYIR
2026-08-18 10:59:00.788,0.00,0.00,0,0.0,0.0,0.000,0.0,0,HAYIR,HAYIR
2026-08-18 10:59:00.808,0.00,0.00,0,0.0,0.0,0.000,0.0,0,HAYIR,HAYIR
2026-08-18 10:59:00.828,0.00,0.00,0,0.0,0.0,0.000,0.0,0,HAYIR,HAYIR
2026-08-18 10:59:00.848,0.00,0.00,0,0.0,0.0,0.000,0.0,0,HAYIR,HAYIR
2026-08-18 10:59:00.868,0.00,0.00,0,0.0,0.0,0.000,0.0,0,HAYIR,HAYIR
2026-08-18 10:59:00.888,0.00,0.00,0,0.0,0.0,0.000,0.0,0,HAYIR,HAYIR
2026-08-18 10:59:00.908,0.00,0.00,0,0.0,0.0,0.000,0.0,0,HAYIR,HAYIR
2026-08-18 10:59:00.928,0.00,0.00,0,0.0,0.0,0.000,0.0,0,HAYIR,HAYIR
2026-08-18 10:59:00.948,0.00,0.00,0,0.0,0.0,0.000,0.0,0,HAYIR,HAYIR
2026-08-18 10:59:00.969,0.00,0.00,0,0.0,0.0,0.000,0.0,0,HAYIR,HAYIR
2026-08-18 10:59:00.988,0.00,0.00,0,0.0,0.0,0.000,0.0,0,HAYIR,HAYIR
2026-08-18 10:59:01.008,0.00,0.00,0,0.0,0.0,0.000,0.0,0,HAYIR,HAYIR
2026-08-18 10:59:01.028,0.00,0.00,0,0.0,0.0,0.000,0.0,0,HAYIR,HAYIR
2026-08-18 10:59:01.048,0.00,0.00,0,0.0,0.0,0.000,0.0,0,HAYIR,HAYIR
2026-08-18 10:59:01.068,0.00,0.00,0,0.0,0.0,0.000,0.0,0,HAYIR,HAYIR
2026-08-18 10:59:01.088,0.00,0.00,0,0.0,0.0,0.000,0.0,0,HAYIR,HAYIR
2026-08-18 10:59:01.108,0.00,0.00,0,0.0,0.0,0.000,0.0,0,HAYIR,HAYIR
2026-08-18 10:59:01.128,0.00,0.00,0,0.0,0.0,0.000,0.0,0,HAYIR,HAYIR
2026-08-18 10:59:01.148,0.00,0.00,0,0.0,0.0,0.000,0.0,0,HAYIR,HAYIR
2026-08-18 10:59:01.168,0.00,0.00,0,0.0,0.0,0.000,0.0,0,HAYIR,HAYIR
2026-08-18 10:59:01.188,0.00,0.00,0,0.0,0.0,0.000,0.0,0,HAYIR,HAYIR
2026-08-18 10:59:01.209,0.00,0.00,0,0.0,0.0,0.000,0.0,0,HAYIR,HAYIR
2026-08-18 10:59:01.228,0.00,0.00,0,0.0,0.0,0.000,0.0,0,HAYIR,HAYIR
2026-08-18 10:59:01.248,0.00,0.00,0,0.0,0.0,0.000,0.0,0,HAYIR,HAYIR
2026-08-18 10:59:01.268,0.00,0.00,0,0.0,0.0,0.000,0.0,0,HAYIR,HAYIR
2026-08-18 10:59:01.288,0.00,0.00,0,0.0,0.0,0.000,0.0,0,HAYIR,HAYIR
2026-08-18 10:59:01.308,0.00,0.00,0,0.0,0.0,0.000,0.0,0,HAYIR,HAYIR
2026-08-18 10:59:01.328,0.00,0.00,0,0.0,0.0,0.000,0.0,0,HAYIR,HAYIR
2026-08-18 10:59:01.348,0.00,0.00,0,0.0,0.0,0.000,0.0,0,HAYIR,HAYIR
2026-08-18 10:59:01.368,0.00,0.00,0,0.0,0.0,0.000,0.0,0,HAYIR,HAYIR
2026-08-18 10:59:01.388,0.00,0.00,0,0.0,0.0,0.000,0.0,0,HAYIR,HAYIR
2026-08-18 10:59:01.408,0.00,0.00,0,0.0,0.0,0.000,0.0,0,HAYIR,HAYIR
2026-08-18 10:59:01.428,0.00,0.00,0,0.0,0.0,0.000,0.0,0,HAYIR,HAYIR
2026-08-18 10:59:01.448,0.00,0.00,0,0.0,0.0,0.000,0.0,0,HAYIR,HAYIR
2026-08-18 10:59:01.468,0.00,0.00,0,0.0,0.0,0.000,0.0,0,HAYIR,HAYIR
2026-08-18 10:59:01.488,0.00,0.00,0,0.0,0.0,0.000,0.0,0,HAYIR,HAYIR
2026-08-18 10:59:01.508,0.00,0.00,0,0.0,0.0,0.000,0.0,0,HAYIR,HAYIR
2026-08-18 10:59:01.528,0.00,0.00,0,0.0,0.0,0.000,0.0,0,HAYIR,HAYIR
2026-08-18 10:59:01.548,0.00,0.00,0,0.0,0.0,0.000,0.0,0,HAYIR,HAYIR
2026-08-18 10:59:01.568,0.00,0.00,0,0.0,0.0,0.000,0.0,0,HAYIR,HAYIR
2026-08-18 10:59:01.588,0.00,0.00,0,0.0,0.0,0.000,0.0,0,HAYIR,HAYIR
2026-08-18 10:59:01.608,0.00,0.00,0,0.0,0.0,0.000,0.0,0,HAYIR,HAYIR
2026-08-18 10:59:01.628,0.00,0.00,0,0.0,0.0,0.000,0.0,0,HAYIR,HAYIR
2026-08-18 10:59:01.648,0.00,0.00,0,0.0,0.0,0.000,0.0,0,HAYIR,HAYIR
2026-08-18 10:59:01.668,0.00,0.00,0,0.0,0.0,0.000,0.0,0,HAYIR,HAYIR
2026-08-18 10:59:01.688,0.00,0.00,0,0.0,0.0,0.000,0.0,0,HAYIR,HAYIR
2026-08-18 10:59:01.708,0.00,0.00,0,0.0,0.0,0.000,0.0,0,HAYIR,HAYIR
2026-08-18 10:59:01.728,0.00,0.00,0,0.0,0.0,0.000,0.0,0,HAYIR,HAYIR
2026-08-18 10:59:01.748,0.00,0.00,0,0.0,0.0,0.000,0.0,0,HAYIR,HAYIR
2026-08-18 10:59:01.768,0.00,0.00,0,0.0,0.0,0.000,0.0,0,HAYIR,HAYIR
2026-08-18 10:59:01.788,0.00,0.00,0,0.0,0.0,0.000,0.0,0,HAYIR,HAYIR
2026-08-18 10:59:01.809,0.00,0.00,0,0.0,0.0,0.000,0.0,0,HAYIR,HAYIR
2026-08-18 10:59:01.828,0.00,0.00,0,0.0,0.0,0.000,0.0,0,HAYIR,HAYIR
2026-08-18 10:59:01.848,0.00,0.00,0,0.0,0.0,0.000,0.0,0,HAYIR,HAYIR
2026-08-18 10:59:01.868,0.00,0.00,0,0.0,0.0,0.000,0.0,0,HAYIR,HAYIR
2026-08-18 10:59:01.888,0.00,0.00,0,0.0,0.0,0.000,0.0,0,HAYIR,HAYIR
2026-08-18 10:59:01.908,0.00,0.00,0,0.0,0.0,0.000,0.0,0,HAYIR,HAYIR
2026-08-18 10:59:01.928,0.00,0.00,0,0.0,0.0,0.000,0.0,0,HAYIR,HAYIR
2026-08-18 10:59:01.949,0.00,0.00,0,0.0,0.0,0.000,0.0,0,HAYIR,HAYIR
2026-08-18 10:59:01.968,0.00,0.00,0,0.0,0.0,0.000,0.0,0,HAYIR,HAYIR
2026-08-18 10:59:01.988,0.00,0.00,0,0.0,0.0,0.000,0.0,0,HAYIR,HAYIR
2026-08-18 10:59:02.008,0.00,0.00,0,0.0,0.0,0.000,0.0,0,HAYIR,HAYIR
2026-08-18 10:59:02.028,0.00,0.00,0,0.0,0.0,0.000,0.0,0,HAYIR,HAYIR
2026-08-18 10:59:02.048,0.00,0.00,0,0.0,0.0,0.000,0.0,0,HAYIR,HAYIR
2026-08-18 10:59:02.068,0.00,0.00,0,0.0,0.0,0.000,0.0,0,HAYIR,HAYIR
2026-08-18 10:59:02.088,0.00,0.00,0,0.0,0.0,0.000,0.0,0,HAYIR,HAYIR
2026-08-18 10:59:02.108,0.00,0.00,0,0.0,0.0,0.000,0.0,0,HAYIR,HAYIR
2026-08-18 10:59:02.128,0.00,0.00,0,0.0,0.0,0.000,0.0,0,HAYIR,HAYIR
2026-08-18 10:59:02.148,0.00,0.00,0,0.0,0.0,0.000,0.0,0,HAYIR,HAYIR
2026-08-18 10:59:02.168,0.00,0.00,0,0.0,0.0,0.000,0.0,0,HAYIR,HAYIR
2026-08-18 10:59:02.188,0.00,0.00,0,0.0,0.0,0.000,0.0,0,HAYIR,HAYIR
2026-08-18 10:59:02.208,0.00,0.00,0,0.0,0.0,0.000,0.0,0,HAYIR,HAYIR
2026-08-18 10:59:02.228,0.00,0.00,0,0.0,0.0,0.000,0.0,0,HAYIR,HAYIR
2026-08-18 10:59:02.248,0.00,0.00,0,0.0,0.0,0.000,0.0,0,HAYIR,HAYIR
2026-08-18 10:59:02.268,0.00,0.00,0,0.0,0.0,0.000,0.0,0,HAYIR,HAYIR
2026-08-18 10:59:02.288,0.00,0.00,0,0.0,0.0,0.000,0.0,0,HAYIR,HAYIR
2026-08-18 10:59:02.308,0.00,0.00,0,0.0,0.0,0.000,0.0,0,HAYIR,HAYIR
2026-08-18 10:59:02.328,0.00,0.00,0,0.0,0.0,0.000,0.0,0,HAYIR,HAYIR
2026-08-18 10:59:02.348,0.00,0.00,0,0.0,0.0,0.000,0.0,0,HAYIR,HAYIR
2026-08-18 10:59:02.368,0.00,0.00,0,0.0,0.0,0.000,0.0,0,HAYIR,HAYIR
2026-08-18 10:59:02.388,0.00,0.00,0,0.0,0.0,0.000,0.0,0,HAYIR,HAYIR
2026-08-18 10:59:02.408,0.00,0.00,0,0.0,0.0,0.000,0.0,0,HAYIR,HAYIR
2026-08-18 10:59:02.428,0.00,0.00,0,0.0,0.0,0.000,0.0,0,HAYIR,HAYIR
2026-08-18 10:59:02.448,0.00,0.00,0,0.0,0.0,0.000,0.0,0,HAYIR,HAYIR
2026-08-18 10:59:02.468,0.00,0.00,0,0.0,0.0,0.000,0.0,0,HAYIR,HAYIR
2026-08-18 10:59:02.488,0.00,0.00,0,0.0,0.0,0.000,0.0,0,HAYIR,HAYIR
2026-08-18 10:59:02.508,0.00,0.00,0,0.0,0.0,0.000,0.0,0,HAYIR,HAYIR
2026-08-18 10:59:02.528,0.00,0.00,0,0.0,0.0,0.000,0.0,0,HAYIR,HAYIR
2026-08-18 10:59:02.548,0.00,0.00,0,0.0,0.0,0.000,0.0,0,HAYIR,HAYIR
2026-08-18 10:59:02.568,0.00,0.00,0,0.0,0.0,0.000,0.0,0,HAYIR,HAYIR
2026-08-18 10:59:02.588,0.00,0.00,0,0.0,0.0,0.000,0.0,0,HAYIR,HAYIR
2026-08-18 10:59:02.608,0.00,0.00,0,0.0,0.0,0.000,0.0,0,HAYIR,HAYIR
2026-08-18 10:59:02.628,0.00,0.00,0,0.0,0.0,0.000,0.0,0,HAYIR,HAYIR
2026-08-18 10:59:02.648,0.00,0.00,0,0.0,0.0,0.000,0.0,0,HAYIR,HAYIR
2026-08-18 10:59:02.668,0.00,0.00,0,0.0,0.0,0.000,0.0,0,HAYIR,HAYIR
2026-08-18 10:59:02.689,0.00,0.00,0,0.0,0.0,0.000,0.0,0,HAYIR,HAYIR
2026-08-18 10:59:02.709,0.00,0.00,0,0.0,0.0,0.000,0.0,0,HAYIR,HAYIR
2026-08-18 10:59:02.728,0.00,0.00,0,0.0,0.0,0.000,0.0,0,HAYIR,HAYIR
2026-08-18 10:59:02.748,0.00,0.00,0,0.0,0.0,0.000,0.0,0,HAYIR,HAYIR
2026-08-18 10:59:02.768,0.00,0.00,0,0.0,0.0,0.000,0.0,0,HAYIR,HAYIR
2026-08-18 10:59:02.788,0.00,0.00,0,0.0,0.0,0.000,0.0,0,HAYIR,HAYIR
2026-08-18 10:59:02.808,0.00,0.00,0,0.0,0.0,0.000,0.0,0,HAYIR,HAYIR
2026-08-18 10:59:02.828,0.00,0.00,0,0.0,0.0,0.000,0.0,0,HAYIR,HAYIR
2026-08-18 10:59:02.848,0.00,0.00,0,0.0,0.0,0.000,0.0,0,HAYIR,HAYIR
2026-08-18 10:59:02.868,0.00,0.00,0,0.0,0.0,0.000,0.0,0,HAYIR,HAYIR
2026-08-18 10:59:02.888,0.00,0.00,0,0.0,0.0,0.000,0.0,0,HAYIR,HAYIR
2026-08-18 10:59:02.908,0.00,0.00,0,0.0,0.0,0.000,0.0,0,HAYIR,HAYIR
2026-08-18 10:59:02.928,0.00,0.00,0,0.0,0.0,0.000,0.0,0,HAYIR,HAYIR
2026-08-18 10:59:02.948,0.00,0.00,0,0.0,0.0,0.000,0.0,0,HAYIR,HAYIR
2026-08-18 10:59:02.968,0.00,0.00,0,0.0,0.0,0.000,0.0,0,HAYIR,HAYIR
2026-08-18 10:59:02.988,0.00,0.00,0,0.0,0.0,0.000,0.0,0,HAYIR,HAYIR
2026-08-18 10:59:03.008,0.00,0.00,0,0.0,0.0,0.000,0.0,0,HAYIR,HAYIR
2026-08-18 10:59:03.028,0.00,0.00,0,0.0,0.0,0.000,0.0,0,HAYIR,HAYIR
2026-08-18 10:59:03.048,0.00,0.00,0,0.0,0.0,0.000,0.0,0,HAYIR,HAYIR
2026-08-18 10:59:03.068,0.00,0.00,0,0.0,0.0,0.000,0.0,0,HAYIR,HAYIR
2026-08-18 10:59:03.088,0.00,0.00,0,0.0,0.0,0.000,0.0,0,HAYIR,HAYIR
2026-08-18 10:59:03.108,0.00,0.00,0,0.0,0.0,0.000,0.0,0,HAYIR,HAYIR
2026-08-18 10:59:03.128,0.00,0.00,0,0.0,0.0,0.000,0.0,0,HAYIR,HAYIR
2026-08-18 10:59:03.148,0.00,0.00,0,0.0,0.0,0.000,0.0,0,HAYIR,HAYIR
2026-08-18 10:59:03.168,0.00,0.00,0,0.0,0.0,0.000,0.0,0,HAYIR,HAYIR
2026-08-18 10:59:03.189,0.00,0.00,0,0.0,0.0,0.000,0.0,0,HAYIR,HAYIR
2026-08-18 10:59:03.208,0.00,0.00,0,0.0,0.0,0.000,0.0,0,HAYIR,HAYIR
2026-08-18 10:59:03.228,0.00,0.00,0,0.0,0.0,0.000,0.0,0,HAYIR,HAYIR
2026-08-18 10:59:03.248,0.00,0.00,0,0.0,0.0,0.000,0.0,0,HAYIR,HAYIR
2026-08-18 10:59:03.268,0.00,0.00,0,0.0,0.0,0.000,0.0,0,HAYIR,HAYIR
2026-08-18 10:59:03.288,0.00,0.00,0,0.0,0.0,0.000,0.0,0,HAYIR,HAYIR
2026-08-18 10:59:03.308,0.00,0.00,0,0.0,0.0,0.000,0.0,0,HAYIR,HAYIR
2026-08-18 10:59:03.328,0.00,0.00,0,0.0,0.0,0.000,0.0,0,HAYIR,HAYIR
2026-08-18 10:59:03.348,0.00,0.00,0,0.0,0.0,0.000,0.0,0,HAYIR,HAYIR
2026-08-18 10:59:03.368,0.00,0.00,0,0.0,0.0,0.000,0.0,0,HAYIR,HAYIR
2026-08-18 10:59:03.388,0.00,0.00,0,0.0,0.0,0.000,0.0,0,HAYIR,HAYIR
2026-08-18 10:59:03.408,0.00,0.00,0,0.0,0.0,0.000,0.0,0,HAYIR,HAYIR
2026-08-18 10:59:03.428,0.00,0.00,0,0.0,0.0,0.000,0.0,0,HAYIR,HAYIR
2026-08-18 10:59:03.448,0.00,0.00,0,0.0,0.0,0.000,0.0,0,HAYIR,HAYIR
2026-08-18 10:59:03.468,0.00,0.00,0,0.0,0.0,0.000,0.0,0,HAYIR,HAYIR
2026-08-18 10:59:03.488,0.00,0.00,0,0.0,0.0,0.000,0.0,0,HAYIR,HAYIR
2026-08-18 10:59:03.508,0.00,0.00,0,0.0,0.0,0.000,0.0,0,HAYIR,HAYIR
2026-08-18 10:59:03.528,0.00,0.00,0,0.0,0.0,0.000,0.0,0,HAYIR,HAYIR
2026-08-18 10:59:03.548,0.00,0.00,0,0.0,0.0,0.000,0.0,0,HAYIR,HAYIR
2026-08-18 10:59:03.568,0.00,0.00,0,0.0,0.0,0.000,0.0,0,HAYIR,HAYIR
2026-08-18 10:59:03.588,0.00,0.00,0,0.0,0.0,0.000,0.0,0,HAYIR,HAYIR
2026-08-18 10:59:03.608,0.00,0.00,0,0.0,0.0,0.000,0.0,0,HAYIR,HAYIR
2026-08-18 10:59:03.628,0.00,0.00,0,0.0,0.0,0.000,0.0,0,HAYIR,HAYIR
2026-08-18 10:59:03.648,0.00,0.00,0,0.0,0.0,0.000,0.0,0,HAYIR,HAYIR
2026-08-18 10:59:03.668,0.00,0.00,0,0.0,0.0,0.000,0.0,0,HAYIR,HAYIR
2026-08-18 10:59:03.688,0.00,0.00,0,0.0,0.0,0.000,0.0,0,HAYIR,HAYIR
2026-08-18 10:59:03.708,0.00,0.00,0,0.0,0.0,0.000,0.0,0,HAYIR,HAYIR
2026-08-18 10:59:03.728,0.00,0.00,0,0.0,0.0,0.000,0.0,0,HAYIR,HAYIR
2026-08-18 10:59:03.748,0.00,0.00,0,0.0,0.0,0.000,0.0,0,HAYIR,HAYIR
2026-08-18 10:59:03.768,0.00,0.00,0,0.0,0.0,0.000,0.0,0,HAYIR,HAYIR
2026-08-18 10:59:03.788,0.00,0.00,0,0.0,0.0,0.000,0.0,0,HAYIR,HAYIR
2026-08-18 10:59:03.808,0.00,0.00,0,0.0,0.0,0.000,0.0,0,HAYIR,HAYIR
2026-08-18 10:59:03.828,0.00,0.00,0,0.0,0.0,0.000,0.0,0,HAYIR,HAYIR
2026-08-18 10:59:03.848,0.00,0.00,0,0.0,0.0,0.000,0.0,0,HAYIR,HAYIR
2026-08-18 10:59:03.868,0.00,0.00,0,0.0,0.0,0.000,0.0,0,HAYIR,HAYIR
2026-08-18 10:59:03.888,0.00,0.00,0,0.0,0.0,0.000,0.0,0,HAYIR,HAYIR
2026-08-18 10:59:03.908,0.00,0.00,0,0.0,0.0,0.000,0.0,0,HAYIR,HAYIR
2026-08-18 10:59:03.928,0.00,0.00,0,0.0,0.0,0.000,0.0,0,HAYIR,HAYIR
2026-08-18 10:59:03.948,0.00,0.00,0,0.0,0.0,0.000,0.0,0,HAYIR,HAYIR
2026-08-18 10:59:03.968,0.00,0.00,0,0.0,0.0,0.000,0.0,0,HAYIR,HAYIR
2026-08-18 10:59:03.988,0.00,0.00,0,0.0,0.0,0.000,0.0,0,HAYIR,HAYIR
2026-08-18 10:59:04.008,0.00,0.00,0,0.0,0.0,0.000,0.0,0,HAYIR,HAYIR
2026-08-18 10:59:04.028,0.00,0.00,0,0.0,0.0,0.000,0.0,0,HAYIR,HAYIR
2026-08-18 10:59:04.048,0.00,0.00,0,0.0,0.0,0.000,0.0,0,HAYIR,HAYIR
2026-08-18 10:59:04.068,0.00,0.00,0,0.0,0.0,0.000,0.0,0,HAYIR,HAYIR
2026-08-18 10:59:04.088,0.00,0.00,0,0.0,0.0,0.000,0.0,0,HAYIR,HAYIR
2026-08-18 10:59:04.108,0.00,0.00,0,0.0,0.0,0.000,0.0,0,HAYIR,HAYIR
2026-08-18 10:59:04.128,0.00,0.00,0,0.0,0.0,0.000,0.0,0,HAYIR,HAYIR
2026-08-18 10:59:04.148,0.00,0.00,0,0.0,0.0,0.000,0.0,0,HAYIR,HAYIR
2026-08-18 10:59:04.168,0.00,0.00,0,0.0,0.0,0.000,0.0,0,HAYIR,HAYIR
2026-08-18 10:59:04.188,0.00,0.00,0,0.0,0.0,0.000,0.0,0,HAYIR,HAYIR
2026-08-18 10:59:04.208,0.00,0.00,0,0.0,0.0,0.000,0.0,0,HAYIR,HAYIR
2026-08-18 10:59:04.228,0.00,0.00,0,0.0,0.0,0.000,0.0,0,HAYIR,HAYIR
2026-08-18 10:59:04.248,0.00,0.00,0,0.0,0.0,0.000,0.0,0,HAYIR,HAYIR
2026-08-18 10:59:04.268,0.00,0.00,0,0.0,0.0,0.000,0.0,0,HAYIR,HAYIR
2026-08-18 10:59:04.288,0.00,0.00,0,0.0,0.0,0.000,0.0,0,HAYIR,HAYIR
2026-08-18 10:59:04.308,0.00,0.00,0,0.0,0.0,0.000,0.0,0,HAYIR,HAYIR
2026-08-18 10:59:04.328,0.00,0.00,0,0.0,0.0,0.000,0.0,0,HAYIR,HAYIR
2026-08-18 10:59:04.348,0.00,0.00,0,0.0,0.0,0.000,0.0,0,HAYIR,HAYIR
2026-08-18 10:59:04.369,0.00,0.00,0,0.0,0.0,0.000,0.0,0,HAYIR,HAYIR
2026-08-18 10:59:04.388,0.00,0.00,0,0.0,0.0,0.000,0.0,0,HAYIR,HAYIR
2026-08-18 10:59:04.408,0.00,0.00,0,0.0,0.0,0.000,0.0,0,HAYIR,HAYIR
2026-08-18 10:59:04.428,0.00,0.00,0,0.0,0.0,0.000,0.0,0,HAYIR,HAYIR
2026-08-18 10:59:04.448,0.00,0.00,0,0.0,0.0,0.000,0.0,0,HAYIR,HAYIR
2026-08-18 10:59:04.468,0.00,0.00,0,0.0,0.0,0.000,0.0,0,HAYIR,HAYIR
2026-08-18 10:59:04.488,0.00,0.00,0,0.0,0.0,0.000,0.0,0,HAYIR,HAYIR
2026-08-18 10:59:04.508,0.00,0.00,0,0.0,0.0,0.000,0.0,0,HAYIR,HAYIR
2026-08-18 10:59:04.528,0.00,0.00,0,0.0,0.0,0.000,0.0,0,HAYIR,HAYIR
2026-08-18 10:59:04.548,0.00,0.00,0,0.0,0.0,0.000,0.0,0,HAYIR,HAYIR
2026-08-18 10:59:04.568,0.00,0.00,0,0.0,0.0,0.000,0.0,0,HAYIR,HAYIR
2026-08-18 10:59:04.588,0.00,0.00,0,0.0,0.0,0.000,0.0,0,HAYIR,HAYIR
2026-08-18 10:59:04.608,0.00,0.00,0,0.0,0.0,0.000,0.0,0,HAYIR,HAYIR
2026-08-18 10:59:04.628,0.00,0.00,0,0.0,0.0,0.000,0.0,0,HAYIR,HAYIR
2026-08-18 10:59:04.648,0.00,0.00,0,0.0,0.0,0.000,0.0,0,HAYIR,HAYIR
2026-08-18 10:59:04.668,0.00,0.00,0,0.0,0.0,0.000,0.0,0,HAYIR,HAYIR
2026-08-18 10:59:04.689,0.00,0.00,0,0.0,0.0,0.000,0.0,0,HAYIR,HAYIR
2026-08-18 10:59:04.708,0.00,0.00,0,0.0,0.0,0.000,0.0,0,HAYIR,HAYIR
2026-08-18 10:59:04.728,0.00,0.00,0,0.0,0.0,0.000,0.0,0,HAYIR,HAYIR
2026-08-18 10:59:04.748,0.00,0.00,0,0.0,0.0,0.000,0.0,0,HAYIR,HAYIR
2026-08-18 10:59:04.768,0.00,0.00,0,0.0,0.0,0.000,0.0,0,HAYIR,HAYIR
2026-08-18 10:59:04.788,0.00,0.00,0,0.0,0.0,0.000,0.0,0,HAYIR,HAYIR
2026-08-18 10:59:04.808,0.00,0.00,0,0.0,0.0,0.000,0.0,0,HAYIR,HAYIR
2026-08-18 10:59:04.828,0.00,0.00,0,0.0,0.0,0.000,0.0,0,HAYIR,HAYIR
2026-08-18 10:59:04.848,0.00,0.00,0,0.0,0.0,0.000,0.0,0,HAYIR,HAYIR
2026-08-18 10:59:04.868,0.00,0.00,0,0.0,0.0,0.000,0.0,0,HAYIR,HAYIR
2026-08-18 10:59:04.888,0.00,0.00,0,0.0,0.0,0.000,0.0,0,HAYIR,HAYIR
2026-08-18 10:59:04.908,0.00,0.00,0,0.0,0.0,0.000,0.0,0,HAYIR,HAYIR
2026-08-18 10:59:04.928,0.00,0.00,0,0.0,0.0,0.000,0.0,0,HAYIR,HAYIR
2026-08-18 10:59:04.948,0.00,0.00,0,0.0,0.0,0.000,0.0,0,HAYIR,HAYIR
2026-08-18 10:59:04.969,0.00,0.00,0,0.0,0.0,0.000,0.0,0,HAYIR,HAYIR
2026-08-18 10:59:04.988,0.00,0.00,0,0.0,0.0,0.000,0.0,0,HAYIR,HAYIR
2026-08-18 10:59:05.008,0.00,0.00,0,0.0,0.0,0.000,0.0,0,HAYIR,HAYIR
2026-08-18 10:59:05.028,0.00,0.00,0,0.0,0.0,0.000,0.0,0,HAYIR,HAYIR
2026-08-18 10:59:05.048,0.00,0.00,0,0.0,0.0,0.000,0.0,0,HAYIR,HAYIR
2026-08-18 10:59:05.068,0.00,0.00,0,0.0,0.0,0.000,0.0,0,HAYIR,HAYIR
2026-08-18 10:59:05.088,0.00,0.00,0,0.0,0.0,0.000,0.0,0,HAYIR,HAYIR
2026-08-18 10:59:05.108,0.00,0.00,0,0.0,0.0,0.000,0.0,0,HAYIR,HAYIR
2026-08-18 10:59:05.128,0.00,0.00,0,0.0,0.0,0.000,0.0,0,HAYIR,HAYIR
2026-08-18 10:59:05.149,0.00,0.00,0,0.0,0.0,0.000,0.0,0,HAYIR,HAYIR
2026-08-18 10:59:05.168,0.00,0.00,0,0.0,0.0,0.000,0.0,0,HAYIR,HAYIR
2026-08-18 10:59:05.188,0.00,0.00,0,0.0,0.0,0.000,0.0,0,HAYIR,HAYIR
2026-08-18 10:59:05.208,0.00,0.00,0,0.0,0.0,0.000,0.0,0,HAYIR,HAYIR
2026-08-18 10:59:05.228,0.00,0.00,0,0.0,0.0,0.000,0.0,0,HAYIR,HAYIR
2026-08-18 10:59:05.248,0.00,0.00,0,0.0,0.0,0.000,0.0,0,HAYIR,HAYIR
2026-08-18 10:59:05.269,0.00,0.00,0,0.0,0.0,0.000,0.0,0,HAYIR,HAYIR
2026-08-18 10:59:05.288,0.00,0.00,0,0.0,0.0,0.000,0.0,0,HAYIR,HAYIR
2026-08-18 10:59:05.308,0.00,0.00,0,0.0,0.0,0.000,0.0,0,HAYIR,HAYIR
2026-08-18 10:59:05.328,0.00,0.00,0,0.0,0.0,0.000,0.0,0,HAYIR,HAYIR
2026-08-18 10:59:05.348,0.00,0.00,0,0.0,0.0,0.000,0.0,0,HAYIR,HAYIR
2026-08-18 10:59:05.369,0.00,0.00,0,0.0,0.0,0.000,0.0,0,HAYIR,HAYIR
2026-08-18 10:59:05.388,0.00,0.00,0,0.0,0.0,0.000,0.0,0,HAYIR,HAYIR
2026-08-18 10:59:05.408,0.00,0.00,0,0.0,0.0,0.000,0.0,0,HAYIR,HAYIR
2026-08-18 10:59:05.428,0.00,0.00,0,0.0,0.0,0.000,0.0,0,HAYIR,HAYIR
2026-08-18 10:59:05.448,0.00,0.00,0,0.0,0.0,0.000,0.0,0,HAYIR,HAYIR
2026-08-18 10:59:05.469,0.00,0.00,0,0.0,0.0,0.000,0.0,0,HAYIR,HAYIR
2026-08-18 10:59:05.488,0.00,0.00,0,0.0,0.0,0.000,0.0,0,HAYIR,HAYIR
2026-08-18 10:59:05.508,0.00,0.00,0,0.0,0.0,0.000,0.0,0,HAYIR,HAYIR
2026-08-18 10:59:05.528,0.00,0.00,0,0.0,0.0,0.000,0.0,0,HAYIR,HAYIR
2026-08-18 10:59:05.548,0.00,0.00,0,0.0,0.0,0.000,0.0,0,HAYIR,HAYIR
2026-08-18 10:59:05.569,0.00,0.00,0,0.0,0.0,0.000,0.0,0,HAYIR,HAYIR
2026-08-18 10:59:05.589,0.00,0.00,0,0.0,0.0,0.000,0.0,0,HAYIR,HAYIR
2026-08-18 10:59:05.608,0.00,0.00,0,0.0,0.0,0.000,0.0,0,HAYIR,HAYIR
2026-08-18 10:59:05.628,0.00,0.00,0,0.0,0.0,0.000,0.0,0,HAYIR,HAYIR
2026-08-18 10:59:05.648,0.00,0.00,0,0.0,0.0,0.000,0.0,0,HAYIR,HAYIR
2026-08-18 10:59:05.668,0.00,0.00,0,0.0,0.0,0.000,0.0,0,HAYIR,HAYIR
2026-08-18 10:59:05.688,0.00,0.00,0,0.0,0.0,0.000,0.0,0,HAYIR,HAYIR
2026-08-18 10:59:05.708,0.00,0.00,0,0.0,0.0,0.000,0.0,0,HAYIR,HAYIR
2026-08-18 10:59:05.729,0.00,0.00,0,0.0,0.0,0.000,0.0,0,HAYIR,HAYIR
2026-08-18 10:59:05.748,0.00,0.00,0,0.0,0.0,0.000,0.0,0,HAYIR,HAYIR
2026-08-18 10:59:05.768,0.00,0.00,0,0.0,0.0,0.000,0.0,0,HAYIR,HAYIR
2026-08-18 10:59:05.788,0.00,0.00,0,0.0,0.0,0.000,0.0,0,HAYIR,HAYIR
2026-08-18 10:59:05.808,0.00,0.00,0,0.0,0.0,0.000,0.0,0,HAYIR,HAYIR
2026-08-18 10:59:05.828,0.00,0.00,0,0.0,0.0,0.000,0.0,0,HAYIR,HAYIR
2026-08-18 10:59:05.848,0.00,0.00,0,0.0,0.0,0.000,0.0,0,HAYIR,HAYIR
2026-08-18 10:59:05.868,0.00,0.00,0,0.0,0.0,0.000,0.0,0,HAYIR,HAYIR
2026-08-18 10:59:05.888,0.00,0.00,0,0.0,0.0,0.000,0.0,0,HAYIR,HAYIR
2026-08-18 10:59:05.908,0.00,0.00,0,0.0,0.0,0.000,0.0,0,HAYIR,HAYIR
2026-08-18 10:59:05.928,0.00,0.00,0,0.0,0.0,0.000,0.0,0,HAYIR,HAYIR
2026-08-18 10:59:05.948,0.00,0.00,0,0.0,0.0,0.000,0.0,0,HAYIR,HAYIR
2026-08-18 10:59:05.968,0.00,0.00,0,0.0,0.0,0.000,0.0,0,HAYIR,HAYIR
2026-08-18 10:59:05.988,0.00,0.00,0,0.0,0.0,0.000,0.0,0,HAYIR,HAYIR
2026-08-18 10:59:06.008,0.00,0.00,0,0.0,0.0,0.000,0.0,0,HAYIR,HAYIR
2026-08-18 10:59:06.028,0.00,0.00,0,0.0,0.0,0.000,0.0,0,HAYIR,HAYIR
2026-08-18 10:59:06.048,0.00,0.00,0,0.0,0.0,0.000,0.0,0,HAYIR,HAYIR
2026-08-18 10:59:06.068,0.00,0.00,0,0.0,0.0,0.000,0.0,0,HAYIR,HAYIR
2026-08-18 10:59:06.088,0.00,0.00,0,0.0,0.0,0.000,0.0,0,HAYIR,HAYIR
2026-08-18 10:59:06.108,0.00,0.00,0,0.0,0.0,0.000,0.0,0,HAYIR,HAYIR
2026-08-18 10:59:06.128,0.00,0.00,0,0.0,0.0,0.000,0.0,0,HAYIR,HAYIR
2026-08-18 10:59:06.148,0.00,0.00,0,0.0,0.0,0.000,0.0,0,HAYIR,HAYIR
2026-08-18 10:59:06.168,0.00,0.00,0,0.0,0.0,0.000,0.0,0,HAYIR,HAYIR
2026-08-18 10:59:06.188,0.00,0.00,0,0.0,0.0,0.000,0.0,0,HAYIR,HAYIR
2026-08-18 10:59:06.208,0.00,0.00,0,0.0,0.0,0.000,0.0,0,HAYIR,HAYIR
2026-08-18 10:59:06.228,0.00,0.00,0,0.0,0.0,0.000,0.0,0,HAYIR,HAYIR
2026-08-18 10:59:06.248,0.00,0.00,0,0.0,0.0,0.000,0.0,0,HAYIR,HAYIR
2026-08-18 10:59:06.268,0.00,0.00,0,0.0,0.0,0.000,0.0,0,HAYIR,HAYIR
2026-08-18 10:59:06.288,0.00,0.00,0,0.0,0.0,0.000,0.0,0,HAYIR,HAYIR
2026-08-18 10:59:06.308,0.00,0.00,0,0.0,0.0,0.000,0.0,0,HAYIR,HAYIR
2026-08-18 10:59:06.329,0.00,0.00,0,0.0,0.0,0.000,0.0,0,HAYIR,HAYIR
2026-08-18 10:59:06.348,0.00,0.00,0,0.0,0.0,0.000,0.0,0,HAYIR,HAYIR
2026-08-18 10:59:06.369,0.00,0.00,0,0.0,0.0,0.000,0.0,0,HAYIR,HAYIR
2026-08-18 10:59:06.388,0.00,0.00,0,0.0,0.0,0.000,0.0,0,HAYIR,HAYIR
2026-08-18 10:59:06.408,0.00,0.00,0,0.0,0.0,0.000,0.0,0,HAYIR,HAYIR
2026-08-18 10:59:06.428,0.00,0.00,0,0.0,0.0,0.000,0.0,0,HAYIR,HAYIR
2026-08-18 10:59:06.448,0.00,0.00,0,0.0,0.0,0.000,0.0,0,HAYIR,HAYIR
2026-08-18 10:59:06.468,0.00,0.00,0,0.0,0.0,0.000,0.0,0,HAYIR,HAYIR
2026-08-18 10:59:06.488,0.00,0.00,0,0.0,0.0,0.000,0.0,0,HAYIR,HAYIR
2026-08-18 10:59:06.508,0.00,0.00,0,0.0,0.0,0.000,0.0,0,HAYIR,HAYIR
2026-08-18 10:59:06.529,-0.05,0.00,32,0.0,0.0,0.000,0.0,0,HAYIR,EVET
2026-08-18 10:59:06.548,-0.05,0.00,32,0.0,0.0,0.000,0.0,0,HAYIR,EVET
2026-08-18 10:59:06.568,-0.05,0.00,32,0.0,0.1,0.000,0.0,0,HAYIR,EVET
2026-08-18 10:59:06.588,-0.05,0.00,32,0.0,0.1,0.000,0.0,0,HAYIR,EVET
2026-08-18 10:59:06.608,-0.05,0.00,32,0.0,0.1,0.000,0.0,0,HAYIR,EVET
2026-08-18 10:59:06.628,-0.05,0.00,32,0.0,0.1,0.000,0.0,0,HAYIR,EVET
2026-08-18 10:59:06.648,-0.05,0.00,32,0.0,0.1,0.000,0.0,0,HAYIR,EVET
2026-08-18 10:59:06.669,-0.05,0.00,32,0.0,0.2,0.000,0.0,0,HAYIR,EVET
2026-08-18 10:59:06.689,-0.05,0.00,32,0.0,0.2,0.000,0.0,0,HAYIR,EVET
2026-08-18 10:59:06.709,-0.05,0.00,32,0.0,0.2,0.000,0.0,0,HAYIR,EVET
2026-08-18 10:59:06.728,-0.05,0.00,32,0.0,0.2,0.000,0.0,0,HAYIR,EVET
2026-08-18 10:59:06.748,-0.05,0.00,32,0.0,0.2,0.000,0.0,0,HAYIR,EVET
2026-08-18 10:59:06.769,-0.05,0.00,32,0.0,0.3,0.000,0.0,0,HAYIR,EVET
2026-08-18 10:59:06.788,-0.05,0.00,32,0.0,0.3,0.000,0.0,0,HAYIR,EVET
2026-08-18 10:59:06.808,-0.05,0.00,32,0.0,0.3,0.000,0.0,0,HAYIR,EVET
2026-08-18 10:59:06.828,-0.05,0.00,32,0.0,0.3,0.000,0.0,0,HAYIR,EVET
2026-08-18 10:59:06.848,-0.05,0.00,32,0.0,0.3,0.000,0.0,0,HAYIR,EVET
2026-08-18 10:59:06.869,0.05,0.00,28,0.0,0.0,0.000,-0.0,0,HAYIR,HAYIR
2026-08-18 10:59:06.888,0.05,0.00,28,0.0,0.0,0.000,-0.0,0,HAYIR,HAYIR
2026-08-18 10:59:06.908,0.05,0.00,28,0.0,0.1,0.000,-0.0,0,HAYIR,HAYIR
2026-08-18 10:59:06.928,-0.05,0.00,32,0.0,0.0,0.000,0.0,0,HAYIR,EVET
2026-08-18 10:59:06.948,-0.05,0.00,32,0.0,0.0,0.000,0.0,0,HAYIR,EVET
2026-08-18 10:59:06.969,0.10,0.00,28,0.0,0.0,0.000,-0.0,0,HAYIR,HAYIR
2026-08-18 10:59:06.988,0.10,0.00,28,0.0,0.0,0.000,-0.0,0,HAYIR,HAYIR
2026-08-18 10:59:07.009,0.10,0.00,28,0.0,0.1,0.000,-0.0,0,HAYIR,HAYIR
2026-08-18 10:59:07.028,-0.05,0.00,32,0.0,0.0,0.000,0.0,0,HAYIR,EVET
2026-08-18 10:59:07.048,-0.05,0.00,32,0.0,0.0,0.000,0.0,0,HAYIR,EVET
2026-08-18 10:59:07.069,0.15,0.00,28,0.0,0.0,0.000,-0.0,0,HAYIR,HAYIR
2026-08-18 10:59:07.088,0.15,0.00,28,0.0,0.0,0.000,-0.0,0,HAYIR,HAYIR
2026-08-18 10:59:07.108,0.15,0.00,28,0.0,0.1,0.000,-0.0,0,HAYIR,HAYIR
2026-08-18 10:59:07.129,-0.05,0.00,32,0.0,0.0,0.000,0.0,0,HAYIR,EVET
2026-08-18 10:59:07.148,-0.05,0.00,32,0.0,0.0,0.000,0.0,0,HAYIR,EVET
2026-08-18 10:59:07.169,0.20,0.00,28,0.0,0.0,0.000,-0.0,0,HAYIR,HAYIR
2026-08-18 10:59:07.188,0.20,0.00,28,0.0,0.0,0.000,-0.0,0,HAYIR,HAYIR
2026-08-18 10:59:07.208,0.20,0.00,28,0.0,0.1,0.000,-0.0,0,HAYIR,HAYIR
2026-08-18 10:59:07.229,-0.05,0.00,32,0.0,0.0,0.000,0.0,0,HAYIR,EVET
2026-08-18 10:59:07.248,-0.05,0.00,32,0.0,0.0,0.000,0.0,0,HAYIR,EVET
2026-08-18 10:59:07.269,0.25,0.00,28,0.0,0.0,0.000,-0.0,0,HAYIR,HAYIR
2026-08-18 10:59:07.288,0.25,-0.01,29,0.0,0.0,0.000,-0.0,0,HAYIR,HAYIR
2026-08-18 10:59:07.308,0.25,-0.01,28,0.0,0.1,0.000,-0.0,0,HAYIR,HAYIR
2026-08-18 10:59:07.328,-0.05,-0.01,32,0.0,0.0,0.000,0.0,0,HAYIR,EVET
2026-08-18 10:59:07.348,-0.05,-0.01,32,0.0,0.0,0.000,0.0,0,HAYIR,EVET
2026-08-18 10:59:07.369,0.30,-0.01,29,0.0,0.0,0.000,-0.0,0,HAYIR,HAYIR
2026-08-18 10:59:07.388,0.30,-0.01,28,0.0,0.0,0.000,-0.0,0,HAYIR,HAYIR
2026-08-18 10:59:07.408,0.30,-0.01,28,0.0,0.1,0.000,-0.0,0,HAYIR,HAYIR
2026-08-18 10:59:07.428,-0.05,-0.01,32,0.0,0.0,0.000,0.0,0,HAYIR,EVET
2026-08-18 10:59:07.448,-0.05,-0.01,32,0.0,0.0,0.000,0.0,0,HAYIR,EVET
2026-08-18 10:59:07.469,0.35,-0.01,29,0.0,0.0,0.000,-0.0,0,HAYIR,HAYIR
2026-08-18 10:59:07.488,0.35,-0.01,28,0.0,0.0,0.000,-0.0,0,HAYIR,HAYIR
2026-08-18 10:59:07.508,0.35,-0.01,28,0.0,0.1,0.000,-0.0,0,HAYIR,HAYIR
2026-08-18 10:59:07.528,-0.05,-0.01,32,0.0,0.0,0.000,0.0,0,HAYIR,EVET
2026-08-18 10:59:07.548,-0.05,-0.01,32,0.0,0.0,0.000,0.0,0,HAYIR,EVET
2026-08-18 10:59:07.569,0.40,-0.01,29,0.0,0.0,0.000,-0.0,0,HAYIR,HAYIR
2026-08-18 10:59:07.588,0.40,-0.01,28,0.0,0.0,0.000,-0.0,0,HAYIR,HAYIR
2026-08-18 10:59:07.609,0.40,-0.02,29,0.0,0.1,0.000,-0.0,0,HAYIR,HAYIR
2026-08-18 10:59:07.629,-0.05,-0.02,32,0.0,0.0,0.000,0.0,0,HAYIR,EVET
2026-08-18 10:59:07.648,-0.05,-0.02,32,0.0,0.0,0.000,0.0,0,HAYIR,EVET
2026-08-18 10:59:07.669,0.45,-0.02,29,0.0,0.0,0.000,-0.0,0,HAYIR,HAYIR
2026-08-18 10:59:07.688,0.45,-0.02,28,0.0,0.0,0.000,-0.0,0,HAYIR,HAYIR
2026-08-18 10:59:07.708,0.45,-0.02,29,0.0,0.1,0.000,-0.0,0,HAYIR,HAYIR
2026-08-18 10:59:07.729,-0.05,-0.02,32,0.0,0.0,0.000,0.0,0,HAYIR,EVET
2026-08-18 10:59:07.748,-0.05,-0.02,32,0.0,0.0,0.000,0.0,0,HAYIR,EVET
2026-08-18 10:59:07.769,0.50,-0.02,29,0.0,0.0,0.000,-0.0,0,HAYIR,HAYIR
2026-08-18 10:59:07.788,0.50,-0.02,28,0.0,0.0,0.000,-0.0,0,HAYIR,HAYIR
2026-08-18 10:59:07.808,0.50,-0.02,29,0.0,0.1,0.000,-0.0,0,HAYIR,HAYIR
2026-08-18 10:59:07.828,-0.05,-0.02,32,0.0,0.0,0.000,0.0,0,HAYIR,EVET
2026-08-18 10:59:07.848,-0.05,-0.02,32,0.0,0.0,0.000,0.0,0,HAYIR,EVET
2026-08-18 10:59:07.869,0.55,-0.02,29,0.0,0.0,0.000,-0.0,0,HAYIR,HAYIR
2026-08-18 10:59:07.888,0.55,-0.02,28,0.0,0.0,0.000,-0.0,0,HAYIR,HAYIR
2026-08-18 10:59:07.908,0.55,-0.02,29,0.0,0.1,0.000,-0.0,0,HAYIR,HAYIR
2026-08-18 10:59:07.928,-0.05,-0.01,32,0.0,0.0,0.000,0.0,0,HAYIR,EVET
2026-08-18 10:59:07.948,-0.05,-0.01,32,0.0,0.0,0.000,0.0,0,HAYIR,EVET
2026-08-18 10:59:07.969,0.60,-0.01,29,0.0,0.0,0.000,-0.0,0,HAYIR,HAYIR
2026-08-18 10:59:07.988,0.60,-0.01,28,0.0,0.0,0.000,-0.0,0,HAYIR,HAYIR
2026-08-18 10:59:08.008,0.60,-0.01,28,0.0,0.1,0.000,-0.0,0,HAYIR,HAYIR
2026-08-18 10:59:08.028,-0.05,-0.01,32,0.0,0.0,0.000,0.0,0,HAYIR,EVET
2026-08-18 10:59:08.048,-0.05,-0.01,32,0.0,0.0,0.000,0.0,0,HAYIR,EVET
2026-08-18 10:59:08.069,0.65,-0.01,29,0.0,0.0,0.000,-0.0,0,HAYIR,HAYIR
2026-08-18 10:59:08.088,0.65,-0.01,28,0.0,0.0,0.000,-0.0,0,HAYIR,HAYIR
2026-08-18 10:59:08.108,0.65,-0.01,28,0.0,0.1,0.000,-0.0,0,HAYIR,HAYIR
2026-08-18 10:59:08.129,-0.05,-0.01,32,0.0,0.0,0.000,0.0,0,HAYIR,EVET
2026-08-18 10:59:08.148,-0.05,-0.01,32,0.0,0.0,0.000,0.0,0,HAYIR,EVET
2026-08-18 10:59:08.169,0.65,-0.01,29,0.0,0.0,0.000,-0.0,0,HAYIR,HAYIR
2026-08-18 10:59:08.188,0.65,-0.01,28,0.0,0.0,0.000,-0.0,0,HAYIR,HAYIR
2026-08-18 10:59:08.208,0.65,-0.01,28,0.0,0.1,0.000,-0.0,0,HAYIR,HAYIR
2026-08-18 10:59:08.229,-0.05,-0.01,32,0.0,0.0,0.000,0.0,0,HAYIR,EVET
2026-08-18 10:59:08.248,-0.05,-0.01,32,0.0,0.0,0.000,0.0,0,HAYIR,EVET
2026-08-18 10:59:08.269,0.65,-0.01,29,0.0,0.0,0.000,-0.0,0,HAYIR,HAYIR
2026-08-18 10:59:08.288,0.65,-0.01,28,0.0,0.0,0.000,-0.0,0,HAYIR,HAYIR
2026-08-18 10:59:08.308,0.65,-0.00,28,0.0,0.1,0.000,-0.0,0,HAYIR,HAYIR
2026-08-18 10:59:08.329,-0.05,-0.00,32,0.0,0.0,0.000,0.0,0,HAYIR,EVET
2026-08-18 10:59:08.348,-0.05,-0.00,32,0.0,0.0,0.000,0.0,0,HAYIR,EVET
2026-08-18 10:59:08.369,0.65,-0.00,28,0.0,0.0,0.000,-0.0,0,HAYIR,HAYIR
2026-08-18 10:59:08.388,0.65,-0.00,28,0.0,0.0,0.000,-0.0,0,HAYIR,HAYIR
2026-08-18 10:59:08.408,0.65,-0.00,28,0.0,0.1,0.000,-0.0,0,HAYIR,HAYIR
2026-08-18 10:59:08.428,-0.05,-0.00,32,0.0,0.0,0.000,0.0,0,HAYIR,EVET
2026-08-18 10:59:08.448,-0.05,-0.00,32,0.0,0.0,0.000,0.0,0,HAYIR,EVET
2026-08-18 10:59:08.469,0.65,-0.00,28,0.0,0.0,0.000,-0.0,0,HAYIR,HAYIR
2026-08-18 10:59:08.488,0.65,-0.00,28,0.0,0.0,0.000,-0.0,0,HAYIR,HAYIR
2026-08-18 10:59:08.508,0.65,-0.00,28,0.0,0.1,0.000,-0.0,0,HAYIR,HAYIR
2026-08-18 10:59:08.528,-0.05,-0.00,32,0.0,0.0,0.000,0.0,0,HAYIR,EVET
2026-08-18 10:59:08.548,-0.05,-0.00,32,0.0,0.0,0.000,0.0,0,HAYIR,EVET
2026-08-18 10:59:08.569,0.65,-0.00,28,0.0,0.0,0.000,-0.0,0,HAYIR,HAYIR
2026-08-18 10:59:08.588,0.65,-0.00,28,0.0,0.0,0.000,-0.0,0,HAYIR,HAYIR
2026-08-18 10:59:08.608,0.65,-0.00,28,0.0,0.1,0.000,-0.0,0,HAYIR,HAYIR
2026-08-18 10:59:08.629,-0.05,-0.00,32,0.0,0.0,0.000,0.0,0,HAYIR,EVET
2026-08-18 10:59:08.648,-0.05,-0.00,32,0.0,0.0,0.000,0.0,0,HAYIR,EVET
2026-08-18 10:59:08.669,0.65,-0.00,28,0.0,0.0,0.000,-0.0,0,HAYIR,HAYIR
2026-08-18 10:59:08.688,0.65,-0.00,28,0.0,0.0,0.000,-0.0,0,HAYIR,HAYIR
2026-08-18 10:59:08.708,0.65,-0.00,28,0.0,0.1,0.000,-0.0,0,HAYIR,HAYIR
2026-08-18 10:59:08.728,-0.05,-0.00,32,0.0,0.0,0.000,0.0,0,HAYIR,EVET
2026-08-18 10:59:08.748,-0.05,-0.00,32,0.0,0.0,0.000,0.0,0,HAYIR,EVET
2026-08-18 10:59:08.769,0.65,-0.00,28,0.0,0.0,0.000,-0.0,0,HAYIR,HAYIR
2026-08-18 10:59:08.788,0.65,-0.00,28,0.0,0.0,0.000,-0.0,0,HAYIR,HAYIR
2026-08-18 10:59:08.808,0.65,-0.00,28,0.0,0.1,0.000,-0.0,0,HAYIR,HAYIR
2026-08-18 10:59:08.829,-0.05,-0.00,32,0.0,0.0,0.000,0.0,0,HAYIR,EVET
2026-08-18 10:59:08.848,-0.05,-0.00,32,0.0,0.0,0.000,0.0,0,HAYIR,EVET
2026-08-18 10:59:08.869,0.65,-0.00,28,0.0,0.0,0.000,-0.0,0,HAYIR,HAYIR
2026-08-18 10:59:08.888,0.65,-0.00,28,0.0,0.0,0.000,-0.0,0,HAYIR,HAYIR
2026-08-18 10:59:08.908,0.65,-0.00,28,0.0,0.1,0.000,-0.0,0,HAYIR,HAYIR
2026-08-18 10:59:08.929,-0.05,-0.00,32,0.0,0.0,0.000,0.0,0,HAYIR,EVET
2026-08-18 10:59:08.948,-0.05,-0.00,32,0.0,0.0,0.000,0.0,0,HAYIR,EVET
2026-08-18 10:59:08.969,0.65,-0.00,28,0.0,0.0,0.000,-0.0,0,HAYIR,HAYIR
2026-08-18 10:59:08.988,0.65,-0.00,28,0.0,0.0,0.000,-0.0,0,HAYIR,HAYIR
2026-08-18 10:59:09.008,0.65,-0.00,28,0.0,0.1,0.000,-0.0,0,HAYIR,HAYIR
2026-08-18 10:59:09.029,-0.05,-0.00,32,0.0,0.0,0.000,0.0,0,HAYIR,EVET
2026-08-18 10:59:09.048,-0.05,-0.00,32,0.0,0.0,0.000,0.0,0,HAYIR,EVET
2026-08-18 10:59:09.069,0.65,-0.00,28,0.0,0.0,0.000,-0.0,0,HAYIR,HAYIR
2026-08-18 10:59:09.088,0.65,-0.00,28,0.0,0.0,0.000,-0.0,0,HAYIR,HAYIR
2026-08-18 10:59:09.108,0.65,-0.00,28,0.0,0.1,0.000,-0.0,0,HAYIR,HAYIR
2026-08-18 10:59:09.128,-0.05,-0.00,32,0.0,0.0,0.000,0.0,0,HAYIR,EVET
2026-08-18 10:59:09.148,-0.05,-0.00,32,0.0,0.0,0.000,0.0,0,HAYIR,EVET
2026-08-18 10:59:09.169,0.65,-0.00,28,0.0,0.0,0.000,-0.0,0,HAYIR,HAYIR
2026-08-18 10:59:09.188,0.65,-0.00,28,0.0,0.0,0.000,-0.0,0,HAYIR,HAYIR
2026-08-18 10:59:09.208,0.65,-0.00,28,0.0,0.1,0.000,-0.0,0,HAYIR,HAYIR
2026-08-18 10:59:09.229,-0.05,-0.00,32,0.0,0.0,0.000,0.0,0,HAYIR,EVET
2026-08-18 10:59:09.248,-0.05,-0.00,32,0.0,0.0,0.000,0.0,0,HAYIR,EVET
2026-08-18 10:59:09.269,0.65,-0.00,28,0.0,0.0,0.000,-0.0,0,HAYIR,HAYIR
2026-08-18 10:59:09.288,0.65,-0.00,28,0.0,0.0,0.000,-0.0,0,HAYIR,HAYIR
2026-08-18 10:59:09.308,0.65,-0.00,28,0.0,0.1,0.000,-0.0,0,HAYIR,HAYIR
2026-08-18 10:59:09.329,-0.05,-0.00,32,0.0,0.0,0.000,0.0,0,HAYIR,EVET
2026-08-18 10:59:09.348,-0.05,-0.00,32,0.0,0.0,0.000,0.0,0,HAYIR,EVET
2026-08-18 10:59:09.369,0.65,-0.00,28,0.0,0.0,0.000,-0.0,0,HAYIR,HAYIR
2026-08-18 10:59:09.388,0.65,-0.00,28,0.0,0.0,0.000,-0.0,0,HAYIR,HAYIR
2026-08-18 10:59:09.408,0.65,-0.00,28,0.0,0.1,0.000,-0.0,0,HAYIR,HAYIR
2026-08-18 10:59:09.429,-0.05,-0.00,32,0.0,0.0,0.000,0.0,0,HAYIR,EVET
2026-08-18 10:59:09.448,-0.05,-0.00,32,0.0,0.0,0.000,0.0,0,HAYIR,EVET
2026-08-18 10:59:09.469,0.65,-0.00,28,0.0,0.0,0.000,-0.0,0,HAYIR,HAYIR
2026-08-18 10:59:09.488,0.65,-0.00,28,0.0,0.0,0.000,-0.0,0,HAYIR,HAYIR
2026-08-18 10:59:09.508,0.65,-0.00,28,0.0,0.1,0.000,-0.0,0,HAYIR,HAYIR
2026-08-18 10:59:09.529,-0.05,-0.00,32,0.0,0.0,0.000,0.0,0,HAYIR,EVET
2026-08-18 10:59:09.548,-0.05,-0.00,32,0.0,0.0,0.000,0.0,0,HAYIR,EVET
2026-08-18 10:59:09.569,0.65,-0.00,28,0.0,0.0,0.000,-0.0,0,HAYIR,HAYIR
2026-08-18 10:59:09.588,0.65,-0.00,28,0.0,0.0,0.000,-0.0,0,HAYIR,HAYIR
2026-08-18 10:59:09.608,0.65,-0.00,28,0.0,0.1,0.000,-0.0,0,HAYIR,HAYIR
2026-08-18 10:59:09.629,-0.05,-0.00,32,0.0,0.0,0.000,0.0,0,HAYIR,EVET
2026-08-18 10:59:09.648,-0.05,-0.00,32,0.0,0.0,0.000,0.0,0,HAYIR,EVET
2026-08-18 10:59:09.669,0.65,-0.00,28,0.0,0.0,0.000,-0.0,0,HAYIR,HAYIR
2026-08-18 10:59:09.688,0.65,-0.00,28,0.0,0.0,0.000,-0.0,0,HAYIR,HAYIR
2026-08-18 10:59:09.708,0.65,-0.00,28,0.0,0.1,0.000,-0.0,0,HAYIR,HAYIR
2026-08-18 10:59:09.729,-0.05,-0.00,32,0.0,0.0,0.000,0.0,0,HAYIR,EVET
2026-08-18 10:59:09.748,-0.05,-0.00,32,0.0,0.0,0.000,0.0,0,HAYIR,EVET
2026-08-18 10:59:09.769,0.65,-0.00,28,0.0,0.0,0.000,-0.0,0,HAYIR,HAYIR
2026-08-18 10:59:09.788,0.65,-0.00,28,0.0,0.0,0.000,-0.0,0,HAYIR,HAYIR
2026-08-18 10:59:09.808,0.65,-0.00,28,0.0,0.1,0.000,-0.0,0,HAYIR,HAYIR
2026-08-18 10:59:09.828,-0.05,-0.00,32,0.0,0.0,0.000,0.0,0,HAYIR,EVET
2026-08-18 10:59:09.848,-0.05,-0.00,32,0.0,0.0,0.000,0.0,0,HAYIR,EVET
2026-08-18 10:59:09.869,0.65,-0.00,28,0.0,0.0,0.000,-0.0,0,HAYIR,HAYIR
2026-08-18 10:59:09.888,0.65,-0.00,28,0.0,0.0,0.000,-0.0,0,HAYIR,HAYIR
2026-08-18 10:59:09.908,0.65,-0.00,28,0.0,0.1,0.000,-0.0,0,HAYIR,HAYIR
2026-08-18 10:59:09.929,-0.05,-0.00,32,0.0,0.0,0.000,0.0,0,HAYIR,EVET
2026-08-18 10:59:09.948,-0.05,-0.00,32,0.0,0.0,0.000,0.0,0,HAYIR,EVET
2026-08-18 10:59:09.969,0.65,-0.00,28,0.0,0.0,0.000,-0.0,0,HAYIR,HAYIR
2026-08-18 10:59:09.988,0.65,-0.00,28,0.0,0.0,0.000,-0.0,0,HAYIR,HAYIR
2026-08-18 10:59:10.008,0.65,-0.00,28,0.0,0.1,0.000,-0.0,0,HAYIR,HAYIR
2026-08-18 10:59:10.029,-0.05,-0.00,32,0.0,0.0,0.000,0.0,0,HAYIR,EVET
2026-08-18 10:59:10.048,-0.05,-0.00,32,0.0,0.0,0.000,0.0,0,HAYIR,EVET
2026-08-18 10:59:10.069,0.65,-0.00,28,0.0,0.0,0.000,-0.0,0,HAYIR,HAYIR
2026-08-18 10:59:10.088,0.65,-0.00,28,0.0,0.0,0.000,-0.0,0,HAYIR,HAYIR
2026-08-18 10:59:10.108,0.65,-0.00,28,0.0,0.1,0.000,-0.0,0,HAYIR,HAYIR
2026-08-18 10:59:10.129,-0.05,-0.00,32,0.0,0.0,0.000,0.0,0,HAYIR,EVET
2026-08-18 10:59:10.148,-0.05,-0.00,32,0.0,0.0,0.000,0.0,0,HAYIR,EVET
2026-08-18 10:59:10.169,0.65,-0.00,28,0.0,0.0,0.000,-0.0,0,HAYIR,HAYIR
2026-08-18 10:59:10.188,0.65,-0.00,28,0.0,0.0,0.000,-0.0,0,HAYIR,HAYIR
2026-08-18 10:59:10.208,0.65,-0.00,28,0.0,0.1,0.000,-0.0,0,HAYIR,HAYIR
2026-08-18 10:59:10.229,-0.05,-0.00,32,0.0,0.0,0.000,0.0,0,HAYIR,EVET
2026-08-18 10:59:10.248,-0.05,-0.00,32,0.0,0.0,0.000,0.0,0,HAYIR,EVET
2026-08-18 10:59:10.269,0.65,-0.00,28,0.0,0.0,0.000,-0.0,0,HAYIR,HAYIR
2026-08-18 10:59:10.288,0.65,-0.00,28,0.0,0.0,0.000,-0.0,0,HAYIR,HAYIR
2026-08-18 10:59:10.308,0.65,0.01,28,0.0,0.1,0.000,-0.0,0,HAYIR,HAYIR
2026-08-18 10:59:10.329,-0.05,0.01,32,0.0,0.0,0.000,0.0,0,HAYIR,EVET
2026-08-18 10:59:10.348,-0.05,0.01,32,0.0,0.0,0.000,0.0,0,HAYIR,EVET
2026-08-18 10:59:10.369,0.65,0.01,28,0.0,0.0,0.000,-0.0,0,HAYIR,HAYIR
2026-08-18 10:59:10.388,0.65,0.01,28,0.0,0.0,0.000,-0.0,0,HAYIR,HAYIR
2026-08-18 10:59:10.408,0.65,0.01,28,0.0,0.1,0.000,-0.0,0,HAYIR,HAYIR
2026-08-18 10:59:10.428,-0.05,0.01,32,0.0,0.0,0.000,0.0,0,HAYIR,EVET
2026-08-18 10:59:10.448,-0.05,0.01,32,0.0,0.0,0.000,0.0,0,HAYIR,EVET
2026-08-18 10:59:10.469,0.65,0.01,28,0.0,0.0,0.000,-0.0,0,HAYIR,HAYIR
2026-08-18 10:59:10.488,0.65,0.01,28,0.0,0.0,0.000,-0.0,0,HAYIR,HAYIR
2026-08-18 10:59:10.508,0.65,0.01,28,0.0,0.1,0.000,-0.0,0,HAYIR,HAYIR
2026-08-18 10:59:10.529,-0.05,0.01,32,0.0,0.0,0.000,0.0,0,HAYIR,EVET
2026-08-18 10:59:10.548,-0.05,0.01,32,0.0,0.0,0.000,0.0,0,HAYIR,EVET
2026-08-18 10:59:10.569,0.65,0.01,28,0.0,0.0,0.000,-0.0,0,HAYIR,HAYIR
2026-08-18 10:59:10.588,0.65,0.01,28,0.0,0.0,0.000,-0.0,0,HAYIR,HAYIR
2026-08-18 10:59:10.608,0.65,0.01,28,0.0,0.1,0.000,-0.0,0,HAYIR,HAYIR
2026-08-18 10:59:10.629,-0.05,0.02,32,0.0,0.0,0.000,0.0,0,HAYIR,EVET
2026-08-18 10:59:10.648,-0.05,0.02,32,0.0,0.0,0.000,0.0,0,HAYIR,EVET
2026-08-18 10:59:10.668,0.65,0.02,28,0.0,0.0,0.000,-0.0,0,HAYIR,HAYIR
2026-08-18 10:59:10.688,0.65,0.02,28,0.0,0.0,0.000,-0.0,0,HAYIR,HAYIR
2026-08-18 10:59:10.708,0.65,0.02,28,0.0,0.1,0.000,-0.0,0,HAYIR,HAYIR
2026-08-18 10:59:10.728,-0.05,0.02,32,0.0,0.0,0.000,0.0,0,HAYIR,EVET
2026-08-18 10:59:10.748,-0.05,0.02,32,0.0,0.0,0.000,0.0,0,HAYIR,EVET
2026-08-18 10:59:10.769,0.65,0.02,28,0.0,0.0,0.000,-0.0,0,HAYIR,HAYIR
2026-08-18 10:59:10.788,0.65,0.02,28,0.0,0.0,0.000,-0.0,0,HAYIR,HAYIR
2026-08-18 10:59:10.808,0.65,0.02,28,0.0,0.1,0.000,-0.0,0,HAYIR,HAYIR
2026-08-18 10:59:10.829,-0.05,0.02,32,0.0,0.0,0.000,0.0,0,HAYIR,EVET
2026-08-18 10:59:10.848,-0.05,0.02,32,0.0,0.0,0.000,0.0,0,HAYIR,EVET
2026-08-18 10:59:10.869,0.65,0.02,28,0.0,0.0,0.000,-0.0,0,HAYIR,HAYIR
2026-08-18 10:59:10.888,0.65,0.02,28,0.0,0.0,0.000,-0.0,0,HAYIR,HAYIR
2026-08-18 10:59:10.909,0.65,0.02,28,0.0,0.1,0.000,-0.0,0,HAYIR,HAYIR
2026-08-18 10:59:10.929,-0.05,0.02,32,0.0,0.0,0.000,0.0,0,HAYIR,EVET
2026-08-18 10:59:10.948,-0.05,0.01,32,0.0,0.0,0.000,0.0,0,HAYIR,EVET
2026-08-18 10:59:10.969,0.65,0.01,28,0.0,0.0,0.000,-0.0,0,HAYIR,HAYIR
2026-08-18 10:59:10.988,0.65,0.01,28,0.0,0.0,0.000,-0.0,0,HAYIR,HAYIR
2026-08-18 10:59:11.008,0.65,0.01,28,0.0,0.1,0.000,-0.0,0,HAYIR,HAYIR
2026-08-18 10:59:11.029,-0.05,0.01,32,0.0,0.0,0.000,0.0,0,HAYIR,EVET
2026-08-18 10:59:11.048,-0.05,0.01,32,0.0,0.0,0.000,0.0,0,HAYIR,EVET
2026-08-18 10:59:11.069,0.65,0.01,28,0.0,0.0,0.000,-0.0,0,HAYIR,HAYIR
2026-08-18 10:59:11.088,0.65,0.01,28,0.0,0.0,0.000,-0.0,0,HAYIR,HAYIR
2026-08-18 10:59:11.108,0.65,0.01,28,0.0,0.1,0.000,-0.0,0,HAYIR,HAYIR
2026-08-18 10:59:11.128,-0.05,0.01,32,0.0,0.0,0.000,0.0,0,HAYIR,EVET
2026-08-18 10:59:11.148,-0.05,0.01,32,0.0,0.0,0.000,0.0,0,HAYIR,EVET
2026-08-18 10:59:11.169,0.65,0.01,28,0.0,0.0,0.000,-0.0,0,HAYIR,HAYIR
2026-08-18 10:59:11.188,0.65,0.01,28,0.0,0.0,0.000,-0.0,0,HAYIR,HAYIR
2026-08-18 10:59:11.208,0.65,0.01,28,0.0,0.1,0.000,-0.0,0,HAYIR,HAYIR
2026-08-18 10:59:11.229,-0.05,0.01,32,0.0,0.0,0.000,0.0,0,HAYIR,EVET
2026-08-18 10:59:11.248,-0.05,0.01,32,0.0,0.0,0.000,0.0,0,HAYIR,EVET
2026-08-18 10:59:11.269,0.65,0.01,28,0.0,0.0,0.000,-0.0,0,HAYIR,HAYIR
2026-08-18 10:59:11.288,0.65,0.01,28,0.0,0.0,0.000,-0.0,0,HAYIR,HAYIR
2026-08-18 10:59:11.308,0.65,0.01,28,0.0,0.1,0.000,-0.0,0,HAYIR,HAYIR
2026-08-18 10:59:11.328,-0.05,0.01,32,0.0,0.0,0.000,0.0,0,HAYIR,EVET
2026-08-18 10:59:11.349,-0.05,0.01,32,0.0,0.0,0.000,0.0,0,HAYIR,EVET
2026-08-18 10:59:11.369,0.65,0.01,28,0.0,0.0,0.000,-0.0,0,HAYIR,HAYIR
2026-08-18 10:59:11.388,0.65,0.01,28,0.0,0.0,0.000,-0.0,0,HAYIR,HAYIR
2026-08-18 10:59:11.408,0.65,0.01,28,0.0,0.1,0.000,-0.0,0,HAYIR,HAYIR
2026-08-18 10:59:11.428,-0.05,0.01,32,0.0,0.0,0.000,0.0,0,HAYIR,EVET
2026-08-18 10:59:11.448,-0.05,0.01,32,0.0,0.0,0.000,0.0,0,HAYIR,EVET
2026-08-18 10:59:11.469,0.65,0.01,28,0.0,0.0,0.000,-0.0,0,HAYIR,HAYIR
2026-08-18 10:59:11.488,0.65,0.01,28,0.0,0.0,0.000,-0.0,0,HAYIR,HAYIR
2026-08-18 10:59:11.508,0.65,0.01,28,0.0,0.1,0.000,-0.0,0,HAYIR,HAYIR
2026-08-18 10:59:11.528,-0.05,0.01,32,0.0,0.0,0.000,0.0,0,HAYIR,EVET
2026-08-18 10:59:11.548,-0.05,0.01,32,0.0,0.0,0.000,0.0,0,HAYIR,EVET
2026-08-18 10:59:11.569,0.65,0.01,28,0.0,0.0,0.000,-0.0,0,HAYIR,HAYIR
2026-08-18 10:59:11.588,0.65,0.01,28,0.0,0.0,0.000,-0.0,0,HAYIR,HAYIR
2026-08-18 10:59:11.608,0.65,0.01,28,0.0,0.1,0.000,-0.0,0,HAYIR,HAYIR
2026-08-18 10:59:11.629,-0.05,0.01,32,0.0,0.0,0.000,0.0,0,HAYIR,EVET
2026-08-18 10:59:11.648,-0.05,-0.02,32,0.0,0.0,0.000,0.0,0,HAYIR,EVET
2026-08-18 10:59:11.669,0.65,-0.02,29,0.0,0.0,0.000,-0.0,0,HAYIR,HAYIR
2026-08-18 10:59:11.688,0.65,-0.02,28,0.0,0.0,0.000,-0.0,0,HAYIR,HAYIR
2026-08-18 10:59:11.708,0.65,-0.02,29,0.0,0.1,0.000,-0.0,0,HAYIR,HAYIR
2026-08-18 10:59:11.728,-0.05,-0.02,32,0.0,0.0,0.000,0.0,0,HAYIR,EVET
2026-08-18 10:59:11.748,-0.05,-0.02,32,0.0,0.0,0.000,0.0,0,HAYIR,EVET
2026-08-18 10:59:11.769,0.65,-0.02,29,0.0,0.0,0.000,-0.0,0,HAYIR,HAYIR
2026-08-18 10:59:11.788,0.65,-0.02,28,0.0,0.0,0.000,-0.0,0,HAYIR,HAYIR
2026-08-18 10:59:11.808,0.65,-0.02,29,0.0,0.1,0.000,-0.0,0,HAYIR,HAYIR
2026-08-18 10:59:11.829,-0.05,-0.02,32,0.0,0.0,0.000,0.0,0,HAYIR,EVET
2026-08-18 10:59:11.848,-0.05,-0.02,32,0.0,0.0,0.000,0.0,0,HAYIR,EVET
2026-08-18 10:59:11.869,0.65,-0.02,29,0.0,0.0,0.000,-0.0,0,HAYIR,HAYIR
2026-08-18 10:59:11.888,0.65,-0.02,28,0.0,0.0,0.000,-0.0,0,HAYIR,HAYIR
2026-08-18 10:59:11.908,0.65,-0.02,29,0.0,0.1,0.000,-0.0,0,HAYIR,HAYIR
2026-08-18 10:59:11.929,-0.05,-0.02,32,0.0,0.0,0.000,0.0,0,HAYIR,EVET
2026-08-18 10:59:11.948,-0.05,-0.02,32,0.0,0.0,0.000,0.0,0,HAYIR,EVET
2026-08-18 10:59:11.969,0.65,-0.01,29,0.0,0.0,0.000,-0.0,0,HAYIR,HAYIR
2026-08-18 10:59:11.988,0.65,-0.01,28,0.0,0.0,0.000,-0.0,0,HAYIR,HAYIR
2026-08-18 10:59:12.008,0.65,-0.01,29,0.0,0.1,0.000,-0.0,0,HAYIR,HAYIR
2026-08-18 10:59:12.028,-0.05,-0.01,32,0.0,0.0,0.000,0.0,0,HAYIR,EVET
2026-08-18 10:59:12.048,-0.05,-0.01,32,0.0,0.0,0.000,0.0,0,HAYIR,EVET
2026-08-18 10:59:12.069,0.65,-0.01,29,0.0,0.0,0.000,-0.0,0,HAYIR,HAYIR
2026-08-18 10:59:12.088,0.65,-0.01,28,0.0,0.0,0.000,-0.0,0,HAYIR,HAYIR
2026-08-18 10:59:12.108,0.65,-0.01,29,0.0,0.1,0.000,-0.0,0,HAYIR,HAYIR
2026-08-18 10:59:12.129,-0.05,-0.01,32,0.0,0.0,0.000,0.0,0,HAYIR,EVET
2026-08-18 10:59:12.148,-0.05,-0.01,32,0.0,0.0,0.000,0.0,0,HAYIR,EVET
2026-08-18 10:59:12.168,0.65,-0.01,29,0.0,0.0,0.000,-0.0,0,HAYIR,HAYIR
2026-08-18 10:59:12.188,0.65,-0.01,28,0.0,0.0,0.000,-0.0,0,HAYIR,HAYIR
2026-08-18 10:59:12.208,0.65,-0.01,29,0.0,0.1,0.000,-0.0,0,HAYIR,HAYIR
2026-08-18 10:59:12.229,-0.05,-0.01,32,0.0,0.0,0.000,0.0,0,HAYIR,EVET
2026-08-18 10:59:12.249,-0.05,-0.01,32,0.0,0.0,0.000,0.0,0,HAYIR,EVET
2026-08-18 10:59:12.269,0.65,-0.01,29,0.0,0.0,0.000,-0.0,0,HAYIR,HAYIR
2026-08-18 10:59:12.288,0.65,0.00,28,0.0,0.0,0.000,-0.0,0,HAYIR,HAYIR
2026-08-18 10:59:12.308,0.65,0.00,28,0.0,0.1,0.000,-0.0,0,HAYIR,HAYIR
2026-08-18 10:59:12.328,-0.05,0.00,32,0.0,0.0,0.000,0.0,0,HAYIR,EVET
2026-08-18 10:59:12.348,-0.05,0.00,32,0.0,0.0,0.000,0.0,0,HAYIR,EVET
2026-08-18 10:59:12.369,0.65,0.00,28,0.0,0.0,0.000,-0.0,0,HAYIR,HAYIR
2026-08-18 10:59:12.388,0.65,0.00,28,0.0,0.0,0.000,-0.0,0,HAYIR,HAYIR
2026-08-18 10:59:12.408,0.65,0.00,28,0.0,0.1,0.000,-0.0,0,HAYIR,HAYIR
2026-08-18 10:59:12.429,-0.05,0.00,32,0.0,0.0,0.000,0.0,0,HAYIR,EVET
2026-08-18 10:59:12.448,-0.05,0.00,32,0.0,0.0,0.000,0.0,0,HAYIR,EVET
2026-08-18 10:59:12.469,0.65,0.00,28,0.0,0.0,0.000,-0.0,0,HAYIR,HAYIR
2026-08-18 10:59:12.488,0.65,0.00,28,0.0,0.0,0.000,-0.0,0,HAYIR,HAYIR
2026-08-18 10:59:12.508,0.65,0.00,28,0.0,0.1,0.000,-0.0,0,HAYIR,HAYIR
2026-08-18 10:59:12.529,-0.05,0.00,32,0.0,0.0,0.000,0.0,0,HAYIR,EVET
2026-08-18 10:59:12.548,-0.05,0.00,32,0.0,0.0,0.000,0.0,0,HAYIR,EVET
2026-08-18 10:59:12.569,0.65,0.00,28,0.0,0.0,0.000,-0.0,0,HAYIR,HAYIR
2026-08-18 10:59:12.588,0.65,0.00,28,0.0,0.0,0.000,-0.0,0,HAYIR,HAYIR
2026-08-18 10:59:12.608,0.65,0.04,28,0.0,0.1,0.000,-0.0,0,HAYIR,HAYIR
2026-08-18 10:59:12.629,-0.05,0.04,32,0.0,0.0,0.000,0.0,0,HAYIR,EVET
2026-08-18 10:59:12.648,-0.05,0.04,32,0.0,0.0,0.000,0.0,0,HAYIR,EVET
2026-08-18 10:59:12.669,0.65,0.04,28,0.0,0.0,0.000,-0.0,0,HAYIR,HAYIR
2026-08-18 10:59:12.688,0.65,0.04,28,0.0,0.0,0.000,-0.0,0,HAYIR,HAYIR
2026-08-18 10:59:12.709,0.65,0.04,28,0.0,0.1,0.000,-0.0,0,HAYIR,HAYIR
2026-08-18 10:59:12.728,-0.05,0.04,32,0.0,0.0,0.000,0.0,0,HAYIR,EVET
2026-08-18 10:59:12.748,-0.05,0.04,32,0.0,0.0,0.000,0.0,0,HAYIR,EVET
2026-08-18 10:59:12.769,0.65,0.04,28,0.0,0.0,0.000,-0.0,0,HAYIR,HAYIR
2026-08-18 10:59:12.788,0.65,0.04,28,0.0,0.0,0.000,-0.0,0,HAYIR,HAYIR
2026-08-18 10:59:12.809,0.65,0.04,28,0.0,0.1,0.000,-0.0,0,HAYIR,HAYIR
2026-08-18 10:59:12.829,-0.05,0.04,32,0.0,0.0,0.000,0.0,0,HAYIR,EVET
2026-08-18 10:59:12.848,-0.05,0.04,32,0.0,0.0,0.000,0.0,0,HAYIR,EVET
2026-08-18 10:59:12.869,0.65,0.04,28,0.0,0.0,0.000,-0.0,0,HAYIR,HAYIR
2026-08-18 10:59:12.888,0.65,0.04,28,0.0,0.0,0.000,-0.0,0,HAYIR,HAYIR
2026-08-18 10:59:12.908,0.65,0.04,28,0.0,0.1,0.000,-0.0,0,HAYIR,HAYIR
2026-08-18 10:59:12.929,-0.05,0.05,32,0.0,0.0,0.000,0.0,0,HAYIR,EVET
2026-08-18 10:59:12.949,-0.05,0.05,32,0.0,0.0,0.000,0.0,0,HAYIR,EVET
2026-08-18 10:59:12.969,0.65,0.05,28,0.0,0.0,0.000,-0.0,0,HAYIR,HAYIR
2026-08-18 10:59:12.989,0.65,0.05,28,0.0,0.0,0.000,-0.0,0,HAYIR,HAYIR
2026-08-18 10:59:13.008,0.65,0.05,28,0.0,0.1,0.000,-0.0,0,HAYIR,HAYIR
2026-08-18 10:59:13.029,-0.05,0.05,32,0.0,0.0,0.000,0.0,0,HAYIR,EVET
2026-08-18 10:59:13.048,-0.05,0.05,32,0.0,0.0,0.000,0.0,0,HAYIR,EVET
2026-08-18 10:59:13.069,0.65,0.05,28,0.0,0.0,0.000,-0.0,0,HAYIR,HAYIR
2026-08-18 10:59:13.088,0.65,0.05,28,0.0,0.0,0.000,-0.0,0,HAYIR,HAYIR
2026-08-18 10:59:13.108,0.65,0.05,28,0.0,0.1,0.000,-0.0,0,HAYIR,HAYIR
2026-08-18 10:59:13.129,-0.05,0.05,32,0.0,0.0,0.000,0.0,0,HAYIR,EVET
2026-08-18 10:59:13.148,-0.05,0.05,32,0.0,0.0,0.000,0.0,0,HAYIR,EVET
2026-08-18 10:59:13.169,0.65,0.05,28,0.0,0.0,0.000,-0.0,0,HAYIR,HAYIR
2026-08-18 10:59:13.188,0.65,0.05,28,0.0,0.0,0.000,-0.0,0,HAYIR,HAYIR
2026-08-18 10:59:13.208,0.65,0.05,28,0.0,0.1,0.000,-0.0,0,HAYIR,HAYIR
2026-08-18 10:59:13.229,-0.05,0.05,32,0.0,0.0,0.000,0.0,0,HAYIR,EVET
2026-08-18 10:59:13.248,-0.05,0.05,32,0.0,0.0,0.000,0.0,0,HAYIR,EVET
2026-08-18 10:59:13.269,0.65,0.05,28,0.0,0.0,0.000,-0.0,0,HAYIR,HAYIR
2026-08-18 10:59:13.288,0.65,0.05,28,0.0,0.0,0.000,-0.0,0,HAYIR,HAYIR
2026-08-18 10:59:13.308,0.65,0.03,28,0.0,0.1,0.000,-0.0,0,HAYIR,HAYIR
2026-08-18 10:59:13.329,-0.05,0.03,32,0.0,0.0,0.000,0.0,0,HAYIR,EVET
2026-08-18 10:59:13.348,-0.05,0.03,32,0.0,0.0,0.000,0.0,0,HAYIR,EVET
2026-08-18 10:59:13.369,0.65,0.03,28,0.0,0.0,0.000,-0.0,0,HAYIR,HAYIR
2026-08-18 10:59:13.388,0.65,0.03,28,0.0,0.0,0.000,-0.0,0,HAYIR,HAYIR
2026-08-18 10:59:13.408,0.65,0.03,28,0.0,0.1,0.000,-0.0,0,HAYIR,HAYIR
2026-08-18 10:59:13.429,-0.05,0.03,32,0.0,0.0,0.000,0.0,0,HAYIR,EVET
2026-08-18 10:59:13.448,-0.05,0.03,32,0.0,0.0,0.000,0.0,0,HAYIR,EVET
2026-08-18 10:59:13.469,0.65,0.03,28,0.0,0.0,0.000,-0.0,0,HAYIR,HAYIR
2026-08-18 10:59:13.488,0.65,0.03,28,0.0,0.0,0.000,-0.0,0,HAYIR,HAYIR
2026-08-18 10:59:13.508,0.65,0.03,28,0.0,0.1,0.000,-0.0,0,HAYIR,HAYIR
2026-08-18 10:59:13.528,-0.05,0.03,32,0.0,0.0,0.000,0.0,0,HAYIR,EVET
2026-08-18 10:59:13.548,-0.05,0.03,32,0.0,0.0,0.000,0.0,0,HAYIR,EVET
2026-08-18 10:59:13.569,0.65,0.03,28,0.0,0.0,0.000,-0.0,0,HAYIR,HAYIR
2026-08-18 10:59:13.588,0.65,0.03,28,0.0,0.0,0.000,-0.0,0,HAYIR,HAYIR
2026-08-18 10:59:13.608,0.65,0.03,28,0.0,0.1,0.000,-0.0,0,HAYIR,HAYIR
2026-08-18 10:59:13.628,-0.05,0.00,32,0.0,0.0,0.000,0.0,0,HAYIR,EVET
2026-08-18 10:59:13.648,-0.05,0.00,32,0.0,0.0,0.000,0.0,0,HAYIR,EVET
2026-08-18 10:59:13.669,0.65,0.00,28,0.0,0.0,0.000,-0.0,0,HAYIR,HAYIR
2026-08-18 10:59:13.688,0.65,0.00,28,0.0,0.0,0.000,-0.0,0,HAYIR,HAYIR
2026-08-18 10:59:13.708,0.65,0.00,28,0.0,0.1,0.000,-0.0,0,HAYIR,HAYIR
2026-08-18 10:59:13.729,-0.05,0.00,32,0.0,0.0,0.000,0.0,0,HAYIR,EVET
2026-08-18 10:59:13.748,-0.05,0.00,32,0.0,0.0,0.000,0.0,0,HAYIR,EVET
2026-08-18 10:59:13.768,0.65,0.00,28,0.0,0.0,0.000,-0.0,0,HAYIR,HAYIR
2026-08-18 10:59:13.788,0.65,0.00,28,0.0,0.0,0.000,-0.0,0,HAYIR,HAYIR
2026-08-18 10:59:13.808,0.65,0.00,28,0.0,0.1,0.000,-0.0,0,HAYIR,HAYIR
2026-08-18 10:59:13.829,-0.05,0.00,32,0.0,0.0,0.000,0.0,0,HAYIR,EVET
2026-08-18 10:59:13.848,-0.05,0.00,32,0.0,0.0,0.000,0.0,0,HAYIR,EVET
2026-08-18 10:59:13.869,0.65,0.00,28,0.0,0.0,0.000,-0.0,0,HAYIR,HAYIR
2026-08-18 10:59:13.888,0.65,0.00,28,0.0,0.0,0.000,-0.0,0,HAYIR,HAYIR
2026-08-18 10:59:13.908,0.65,0.00,28,0.0,0.1,0.000,-0.0,0,HAYIR,HAYIR
2026-08-18 10:59:13.928,-0.05,0.00,32,0.0,0.0,0.000,0.0,0,HAYIR,EVET
2026-08-18 10:59:13.948,-0.05,-0.01,32,0.0,0.0,0.000,0.0,0,HAYIR,EVET
2026-08-18 10:59:13.969,0.65,-0.01,29,0.0,0.0,0.000,-0.0,0,HAYIR,HAYIR
2026-08-18 10:59:13.988,0.65,-0.01,28,0.0,0.0,0.000,-0.0,0,HAYIR,HAYIR
2026-08-18 10:59:14.008,0.65,-0.01,28,0.0,0.1,0.000,-0.0,0,HAYIR,HAYIR
2026-08-18 10:59:14.028,-0.05,-0.01,32,0.0,0.0,0.000,0.0,0,HAYIR,EVET
2026-08-18 10:59:14.048,-0.05,-0.01,32,0.0,0.0,0.000,0.0,0,HAYIR,EVET
2026-08-18 10:59:14.069,0.65,-0.01,29,0.0,0.0,0.000,-0.0,0,HAYIR,HAYIR
2026-08-18 10:59:14.088,0.65,-0.01,28,0.0,0.0,0.000,-0.0,0,HAYIR,HAYIR
2026-08-18 10:59:14.108,0.65,-0.01,28,0.0,0.1,0.000,-0.0,0,HAYIR,HAYIR
2026-08-18 10:59:14.128,-0.05,-0.01,32,0.0,0.0,0.000,0.0,0,HAYIR,EVET
2026-08-18 10:59:14.148,-0.05,-0.01,32,0.0,0.0,0.000,0.0,0,HAYIR,EVET
2026-08-18 10:59:14.169,0.65,-0.01,29,0.0,0.0,0.000,-0.0,0,HAYIR,HAYIR
2026-08-18 10:59:14.188,0.65,-0.01,28,0.0,0.0,0.000,-0.0,0,HAYIR,HAYIR
2026-08-18 10:59:14.209,0.65,-0.01,28,0.0,0.1,0.000,-0.0,0,HAYIR,HAYIR
2026-08-18 10:59:14.228,-0.05,-0.01,32,0.0,0.0,0.000,0.0,0,HAYIR,EVET
2026-08-18 10:59:14.248,-0.05,-0.01,32,0.0,0.0,0.000,0.0,0,HAYIR,EVET
2026-08-18 10:59:14.269,0.65,-0.01,29,0.0,0.0,0.000,-0.0,0,HAYIR,HAYIR
2026-08-18 10:59:14.288,0.65,-0.01,28,0.0,0.0,0.000,-0.0,0,HAYIR,HAYIR
2026-08-18 10:59:14.308,0.65,-0.01,29,0.0,0.1,0.000,-0.0,0,HAYIR,HAYIR
2026-08-18 10:59:14.329,-0.05,-0.01,32,0.0,0.0,0.000,0.0,0,HAYIR,EVET
2026-08-18 10:59:14.348,-0.05,-0.01,32,0.0,0.0,0.000,0.0,0,HAYIR,EVET
2026-08-18 10:59:14.369,0.65,-0.01,29,0.0,0.0,0.000,-0.0,0,HAYIR,HAYIR
2026-08-18 10:59:14.388,0.65,-0.01,28,0.0,0.0,0.000,-0.0,0,HAYIR,HAYIR
2026-08-18 10:59:14.408,0.65,-0.01,29,0.0,0.1,0.000,-0.0,0,HAYIR,HAYIR
2026-08-18 10:59:14.429,-0.05,-0.01,32,0.0,0.0,0.000,0.0,0,HAYIR,EVET
2026-08-18 10:59:14.448,-0.05,-0.01,32,0.0,0.0,0.000,0.0,0,HAYIR,EVET
2026-08-18 10:59:14.469,0.65,-0.01,29,0.0,0.0,0.000,-0.0,0,HAYIR,HAYIR
2026-08-18 10:59:14.488,0.65,-0.01,28,0.0,0.0,0.000,-0.0,0,HAYIR,HAYIR
2026-08-18 10:59:14.508,0.65,-0.01,29,0.0,0.1,0.000,-0.0,0,HAYIR,HAYIR
2026-08-18 10:59:14.528,-0.05,-0.01,32,0.0,0.0,0.000,0.0,0,HAYIR,EVET
2026-08-18 10:59:14.548,-0.05,-0.01,32,0.0,0.0,0.000,0.0,0,HAYIR,EVET
2026-08-18 10:59:14.569,0.65,-0.01,29,0.0,0.0,0.000,-0.0,0,HAYIR,HAYIR
2026-08-18 10:59:14.588,0.65,-0.01,28,0.0,0.0,0.000,-0.0,0,HAYIR,HAYIR
2026-08-18 10:59:14.608,0.65,-0.01,28,0.0,0.1,0.000,-0.0,0,HAYIR,HAYIR
2026-08-18 10:59:14.629,-0.05,-0.01,32,0.0,0.0,0.000,0.0,0,HAYIR,EVET
2026-08-18 10:59:14.648,-0.05,-0.01,32,0.0,0.0,0.000,0.0,0,HAYIR,EVET
2026-08-18 10:59:14.669,0.65,-0.01,29,0.0,0.0,0.000,-0.0,0,HAYIR,HAYIR
2026-08-18 10:59:14.689,0.65,-0.01,28,0.0,0.0,0.000,-0.0,0,HAYIR,HAYIR
2026-08-18 10:59:14.709,0.65,-0.01,28,0.0,0.1,0.000,-0.0,0,HAYIR,HAYIR
2026-08-18 10:59:14.729,-0.05,-0.01,32,0.0,0.0,0.000,0.0,0,HAYIR,EVET
2026-08-18 10:59:14.748,-0.05,-0.01,32,0.0,0.0,0.000,0.0,0,HAYIR,EVET
2026-08-18 10:59:14.768,0.65,-0.01,29,0.0,0.0,0.000,-0.0,0,HAYIR,HAYIR
2026-08-18 10:59:14.788,0.65,-0.01,28,0.0,0.0,0.000,-0.0,0,HAYIR,HAYIR
2026-08-18 10:59:14.808,0.65,-0.01,28,0.0,0.1,0.000,-0.0,0,HAYIR,HAYIR
2026-08-18 10:59:14.828,-0.05,-0.01,32,0.0,0.0,0.000,0.0,0,HAYIR,EVET
2026-08-18 10:59:14.848,-0.05,-0.01,32,0.0,0.0,0.000,0.0,0,HAYIR,EVET
2026-08-18 10:59:14.869,0.65,-0.01,29,0.0,0.0,0.000,-0.0,0,HAYIR,HAYIR
2026-08-18 10:59:14.888,0.65,-0.01,28,0.0,0.0,0.000,-0.0,0,HAYIR,HAYIR
2026-08-18 10:59:14.908,0.65,-0.01,28,0.0,0.1,0.000,-0.0,0,HAYIR,HAYIR
2026-08-18 10:59:14.928,-0.05,-0.01,32,0.0,0.0,0.000,0.0,0,HAYIR,EVET
2026-08-18 10:59:14.948,-0.05,-0.01,32,0.0,0.0,0.000,0.0,0,HAYIR,EVET
2026-08-18 10:59:14.969,0.65,-0.01,29,0.0,0.0,0.000,-0.0,0,HAYIR,HAYIR
2026-08-18 10:59:14.988,0.65,0.00,28,0.0,0.0,0.000,-0.0,0,HAYIR,HAYIR
2026-08-18 10:59:15.008,0.65,0.00,28,0.0,0.1,0.000,-0.0,0,HAYIR,HAYIR
2026-08-18 10:59:15.029,-0.05,0.00,32,0.0,0.0,0.000,0.0,0,HAYIR,EVET
2026-08-18 10:59:15.048,-0.05,0.00,32,0.0,0.0,0.000,0.0,0,HAYIR,EVET
2026-08-18 10:59:15.069,0.65,0.00,28,0.0,0.0,0.000,-0.0,0,HAYIR,HAYIR
2026-08-18 10:59:15.088,0.65,0.00,28,0.0,0.0,0.000,-0.0,0,HAYIR,HAYIR
2026-08-18 10:59:15.108,0.65,0.00,28,0.0,0.1,0.000,-0.0,0,HAYIR,HAYIR
2026-08-18 10:59:15.128,-0.05,0.00,32,0.0,0.0,0.000,0.0,0,HAYIR,EVET
2026-08-18 10:59:15.148,-0.05,0.00,32,0.0,0.0,0.000,0.0,0,HAYIR,EVET
2026-08-18 10:59:15.168,0.65,0.00,28,0.0,0.0,0.000,-0.0,0,HAYIR,HAYIR
2026-08-18 10:59:15.188,0.65,0.00,28,0.0,0.0,0.000,-0.0,0,HAYIR,HAYIR
2026-08-18 10:59:15.208,0.65,0.00,28,0.0,0.1,0.000,-0.0,0,HAYIR,HAYIR
2026-08-18 10:59:15.229,-0.05,0.00,32,0.0,0.0,0.000,0.0,0,HAYIR,EVET
2026-08-18 10:59:15.248,-0.05,0.00,32,0.0,0.0,0.000,0.0,0,HAYIR,EVET
2026-08-18 10:59:15.268,0.65,0.00,28,0.0,0.0,0.000,-0.0,0,HAYIR,HAYIR
2026-08-18 10:59:15.288,0.65,0.00,28,0.0,0.0,0.000,-0.0,0,HAYIR,HAYIR
2026-08-18 10:59:15.308,0.65,0.01,28,0.0,0.1,0.000,-0.0,0,HAYIR,HAYIR
2026-08-18 10:59:15.329,-0.05,0.01,32,0.0,0.0,0.000,0.0,0,HAYIR,EVET
2026-08-18 10:59:15.348,-0.05,0.01,32,0.0,0.0,0.000,0.0,0,HAYIR,EVET
2026-08-18 10:59:15.369,0.65,0.01,28,0.0,0.0,0.000,-0.0,0,HAYIR,HAYIR
2026-08-18 10:59:15.389,0.65,0.01,28,0.0,0.0,0.000,-0.0,0,HAYIR,HAYIR
2026-08-18 10:59:15.408,0.65,0.01,28,0.0,0.1,0.000,-0.0,0,HAYIR,HAYIR
2026-08-18 10:59:15.429,-0.05,0.01,32,0.0,0.0,0.000,0.0,0,HAYIR,EVET
2026-08-18 10:59:15.448,-0.05,0.01,32,0.0,0.0,0.000,0.0,0,HAYIR,EVET
2026-08-18 10:59:15.469,0.65,0.01,28,0.0,0.0,0.000,-0.0,0,HAYIR,HAYIR
2026-08-18 10:59:15.488,0.65,0.01,28,0.0,0.0,0.000,-0.0,0,HAYIR,HAYIR
2026-08-18 10:59:15.508,0.65,0.01,28,0.0,0.1,0.000,-0.0,0,HAYIR,HAYIR
2026-08-18 10:59:15.529,-0.05,0.01,32,0.0,0.0,0.000,0.0,0,HAYIR,EVET
2026-08-18 10:59:15.548,-0.05,0.01,32,0.0,0.0,0.000,0.0,0,HAYIR,EVET
2026-08-18 10:59:15.569,0.65,0.01,28,0.0,0.0,0.000,-0.0,0,HAYIR,HAYIR
2026-08-18 10:59:15.589,0.65,0.01,28,0.0,0.0,0.000,-0.0,0,HAYIR,HAYIR
2026-08-18 10:59:15.608,0.65,0.01,28,0.0,0.1,0.000,-0.0,0,HAYIR,HAYIR
2026-08-18 10:59:15.628,-0.05,0.01,32,0.0,0.0,0.000,0.0,0,HAYIR,EVET
2026-08-18 10:59:15.648,-0.05,0.01,32,0.0,0.0,0.000,0.0,0,HAYIR,EVET
2026-08-18 10:59:15.668,0.65,0.01,28,0.0,0.0,0.000,-0.0,0,HAYIR,HAYIR
2026-08-18 10:59:15.688,0.65,0.01,28,0.0,0.0,0.000,-0.0,0,HAYIR,HAYIR
2026-08-18 10:59:15.708,0.65,0.01,28,0.0,0.1,0.000,-0.0,0,HAYIR,HAYIR
2026-08-18 10:59:15.728,-0.05,0.01,32,0.0,0.0,0.000,0.0,0,HAYIR,EVET
2026-08-18 10:59:15.748,-0.05,0.01,32,0.0,0.0,0.000,0.0,0,HAYIR,EVET
2026-08-18 10:59:15.768,0.65,0.01,28,0.0,0.0,0.000,-0.0,0,HAYIR,HAYIR
2026-08-18 10:59:15.788,0.65,0.01,28,0.0,0.0,0.000,-0.0,0,HAYIR,HAYIR
2026-08-18 10:59:15.808,0.65,0.01,28,0.0,0.1,0.000,-0.0,0,HAYIR,HAYIR
2026-08-18 10:59:15.829,-0.05,0.01,32,0.0,0.0,0.000,0.0,0,HAYIR,EVET
2026-08-18 10:59:15.848,-0.05,0.01,32,0.0,0.0,0.000,0.0,0,HAYIR,EVET
2026-08-18 10:59:15.869,0.65,0.01,28,0.0,0.0,0.000,-0.0,0,HAYIR,HAYIR
2026-08-18 10:59:15.888,0.65,0.01,28,0.0,0.0,0.000,-0.0,0,HAYIR,HAYIR
2026-08-18 10:59:15.908,0.65,0.01,28,0.0,0.1,0.000,-0.0,0,HAYIR,HAYIR
2026-08-18 10:59:15.929,-0.05,0.01,32,0.0,0.0,0.000,0.0,0,HAYIR,EVET
2026-08-18 10:59:15.948,-0.05,0.00,32,0.0,0.0,0.000,0.0,0,HAYIR,EVET
2026-08-18 10:59:15.969,0.65,0.00,28,0.0,0.0,0.000,-0.0,0,HAYIR,HAYIR
2026-08-18 10:59:15.988,0.65,0.00,28,0.0,0.0,0.000,-0.0,0,HAYIR,HAYIR
2026-08-18 10:59:16.008,0.65,0.00,28,0.0,0.1,0.000,-0.0,0,HAYIR,HAYIR
2026-08-18 10:59:16.028,-0.05,0.00,32,0.0,0.0,0.000,0.0,0,HAYIR,EVET
2026-08-18 10:59:16.048,-0.05,0.00,32,0.0,0.0,0.000,0.0,0,HAYIR,EVET
2026-08-18 10:59:16.069,0.65,0.00,28,0.0,0.0,0.000,-0.0,0,HAYIR,HAYIR
2026-08-18 10:59:16.088,0.65,0.00,28,0.0,0.0,0.000,-0.0,0,HAYIR,HAYIR
2026-08-18 10:59:16.108,0.65,0.00,28,0.0,0.1,0.000,-0.0,0,HAYIR,HAYIR
2026-08-18 10:59:16.128,-0.05,0.00,32,0.0,0.0,0.000,0.0,0,HAYIR,EVET
2026-08-18 10:59:16.149,-0.05,0.00,32,0.0,0.0,0.000,0.0,0,HAYIR,EVET
2026-08-18 10:59:16.169,0.65,0.00,28,0.0,0.0,0.000,-0.0,0,HAYIR,HAYIR
2026-08-18 10:59:16.188,0.65,0.00,28,0.0,0.0,0.000,-0.0,0,HAYIR,HAYIR
2026-08-18 10:59:16.208,0.65,0.00,28,0.0,0.1,0.000,-0.0,0,HAYIR,HAYIR
2026-08-18 10:59:16.228,-0.05,0.00,32,0.0,0.0,0.000,0.0,0,HAYIR,EVET
2026-08-18 10:59:16.249,-0.05,0.00,32,0.0,0.0,0.000,0.0,0,HAYIR,EVET
2026-08-18 10:59:16.269,0.65,0.00,28,0.0,0.0,0.000,-0.0,0,HAYIR,HAYIR
2026-08-18 10:59:16.288,0.65,0.00,28,0.0,0.0,0.000,-0.0,0,HAYIR,HAYIR
2026-08-18 10:59:16.308,0.65,0.00,28,0.0,0.1,0.000,-0.0,0,HAYIR,HAYIR
2026-08-18 10:59:16.328,-0.05,0.00,32,0.0,0.0,0.000,0.0,0,HAYIR,EVET
2026-08-18 10:59:16.348,-0.05,0.00,32,0.0,0.0,0.000,0.0,0,HAYIR,EVET
2026-08-18 10:59:16.369,0.65,0.00,28,0.0,0.0,0.000,-0.0,0,HAYIR,HAYIR
2026-08-18 10:59:16.388,0.65,0.00,28,0.0,0.0,0.000,-0.0,0,HAYIR,HAYIR
2026-08-18 10:59:16.408,0.65,0.00,28,0.0,0.1,0.000,-0.0,0,HAYIR,HAYIR
2026-08-18 10:59:16.428,-0.05,0.00,32,0.0,0.0,0.000,0.0,0,HAYIR,EVET
2026-08-18 10:59:16.448,-0.05,0.00,32,0.0,0.0,0.000,0.0,0,HAYIR,EVET
2026-08-18 10:59:16.469,0.65,0.00,28,0.0,0.0,0.000,-0.0,0,HAYIR,HAYIR
2026-08-18 10:59:16.488,0.65,0.00,28,0.0,0.0,0.000,-0.0,0,HAYIR,HAYIR
2026-08-18 10:59:16.508,0.65,0.00,28,0.0,0.1,0.000,-0.0,0,HAYIR,HAYIR
2026-08-18 10:59:16.528,0.00,0.00,0,0.0,0.0,0.000,0.0,0,HAYIR,HAYIR
2026-08-18 10:59:16.548,0.00,0.00,0,0.0,0.0,0.000,0.0,0,HAYIR,HAYIR
2026-08-18 10:59:16.568,0.65,0.00,29,0.0,0.0,0.000,-0.0,0,HAYIR,HAYIR
2026-08-18 10:59:16.588,0.65,0.00,28,0.0,0.0,0.000,-0.0,0,HAYIR,HAYIR
2026-08-18 10:59:16.608,0.65,0.00,29,0.0,0.1,0.000,-0.0,0,HAYIR,HAYIR
2026-08-18 10:59:16.628,0.65,0.00,29,0.0,0.1,0.000,-0.0,0,HAYIR,HAYIR
2026-08-18 10:59:16.648,0.65,0.00,29,0.0,0.1,0.000,-0.0,0,HAYIR,HAYIR
2026-08-18 10:59:16.668,0.65,0.00,29,0.0,0.1,0.000,-0.0,0,HAYIR,HAYIR
2026-08-18 10:59:16.688,0.65,0.00,29,0.0,0.1,0.000,-0.0,0,HAYIR,HAYIR
2026-08-18 10:59:16.708,0.65,0.00,29,0.0,0.2,0.000,-0.0,0,HAYIR,HAYIR
2026-08-18 10:59:16.728,0.65,0.00,29,0.0,0.2,0.000,-0.0,0,HAYIR,HAYIR
2026-08-18 10:59:16.748,0.65,0.00,29,0.0,0.2,0.000,-0.0,0,HAYIR,HAYIR
2026-08-18 10:59:16.768,0.65,0.00,29,0.0,0.2,0.000,-0.0,0,HAYIR,HAYIR
2026-08-18 10:59:16.788,0.65,0.00,29,0.0,0.2,0.000,-0.0,0,HAYIR,HAYIR
2026-08-18 10:59:16.808,0.65,0.00,29,0.0,0.3,0.000,-0.0,0,HAYIR,HAYIR
2026-08-18 10:59:16.828,0.65,0.00,29,0.0,0.3,0.000,-0.0,0,HAYIR,HAYIR
2026-08-18 10:59:16.848,0.65,0.00,29,0.0,0.3,0.000,-0.0,0,HAYIR,HAYIR
2026-08-18 10:59:16.868,0.65,0.00,29,0.0,0.3,0.000,-0.0,0,HAYIR,HAYIR
2026-08-18 10:59:16.888,0.65,0.00,29,0.0,0.3,0.000,-0.0,0,HAYIR,HAYIR
2026-08-18 10:59:16.908,0.65,0.00,29,0.0,0.4,0.000,-0.0,0,HAYIR,HAYIR
2026-08-18 10:59:16.928,0.65,0.00,29,0.0,0.4,0.000,-0.0,0,HAYIR,HAYIR
2026-08-18 10:59:16.948,0.65,0.00,29,0.0,0.4,0.000,-0.0,0,HAYIR,HAYIR
2026-08-18 10:59:16.968,0.65,0.00,29,0.0,0.4,0.000,-0.0,0,HAYIR,HAYIR
2026-08-18 10:59:16.988,0.65,0.00,29,0.0,0.4,0.000,-0.0,0,HAYIR,HAYIR
2026-08-18 10:59:17.008,0.65,0.00,29,0.0,0.5,0.000,-0.0,0,HAYIR,HAYIR
2026-08-18 10:59:17.028,0.65,0.00,29,0.0,0.5,0.000,-0.0,0,HAYIR,HAYIR
2026-08-18 10:59:17.049,0.65,0.00,29,0.0,0.5,0.000,-0.0,0,HAYIR,HAYIR
2026-08-18 10:59:17.068,0.65,0.00,30,0.0,0.5,0.000,-0.0,0,HAYIR,HAYIR
2026-08-18 10:59:17.088,0.65,0.00,30,0.0,0.5,0.000,-0.0,0,HAYIR,HAYIR
2026-08-18 10:59:17.108,0.65,0.00,30,0.0,0.6,0.000,-0.0,0,HAYIR,HAYIR
2026-08-18 10:59:17.128,0.65,0.00,30,0.0,0.6,0.000,-0.0,0,HAYIR,HAYIR
2026-08-18 10:59:17.148,0.65,0.00,30,0.0,0.6,0.000,-0.0,0,HAYIR,HAYIR
2026-08-18 10:59:17.168,0.65,0.00,30,0.0,0.6,0.000,-0.0,0,HAYIR,HAYIR
2026-08-18 10:59:17.188,0.65,0.00,30,0.0,0.6,0.000,-0.0,0,HAYIR,HAYIR
2026-08-18 10:59:17.208,0.65,0.00,30,0.0,0.7,0.000,-0.0,0,HAYIR,HAYIR
2026-08-18 10:59:17.228,0.65,0.00,30,0.0,0.7,0.000,-0.0,0,HAYIR,HAYIR
2026-08-18 10:59:17.248,0.65,0.00,30,0.0,0.7,0.000,-0.0,0,HAYIR,HAYIR
2026-08-18 10:59:17.269,0.65,0.00,30,0.0,0.7,0.000,-0.0,0,HAYIR,HAYIR
2026-08-18 10:59:17.288,0.65,0.00,30,0.0,0.7,0.000,-0.0,0,HAYIR,HAYIR
2026-08-18 10:59:17.308,0.65,0.00,30,0.0,0.8,0.000,-0.0,0,HAYIR,HAYIR
2026-08-18 10:59:17.328,0.65,0.00,30,0.0,0.8,0.000,-0.0,0,HAYIR,HAYIR
2026-08-18 10:59:17.348,0.65,0.00,30,0.0,0.8,0.000,-0.0,0,HAYIR,HAYIR
2026-08-18 10:59:17.368,0.65,0.00,30,0.0,0.8,0.000,-0.0,0,HAYIR,HAYIR
2026-08-18 10:59:17.388,0.65,0.00,30,0.0,0.8,0.000,-0.0,0,HAYIR,HAYIR
2026-08-18 10:59:17.408,0.65,0.00,30,0.0,0.9,0.000,-0.0,0,HAYIR,HAYIR
2026-08-18 10:59:17.428,0.65,0.00,30,0.0,0.9,0.000,-0.0,0,HAYIR,HAYIR
2026-08-18 10:59:17.448,0.65,0.00,30,0.0,0.9,0.000,-0.0,0,HAYIR,HAYIR
2026-08-18 10:59:17.468,0.65,0.00,30,0.0,0.9,0.000,-0.0,0,HAYIR,HAYIR
2026-08-18 10:59:17.488,0.65,0.00,31,0.0,0.9,0.000,-0.0,0,HAYIR,HAYIR
2026-08-18 10:59:17.508,0.65,0.00,31,0.0,1.0,0.000,-0.0,0,HAYIR,HAYIR
2026-08-18 10:59:17.528,0.65,0.00,31,0.0,1.0,0.000,-0.0,0,HAYIR,HAYIR
2026-08-18 10:59:17.548,0.65,0.00,31,0.0,1.0,0.000,-0.0,0,HAYIR,HAYIR
2026-08-18 10:59:17.568,0.65,0.00,31,0.0,1.0,0.000,-0.0,0,HAYIR,HAYIR
2026-08-18 10:59:17.588,0.65,0.00,31,0.0,1.0,0.000,-0.0,0,HAYIR,HAYIR
2026-08-18 10:59:17.608,0.65,0.00,31,0.0,1.1,0.000,-0.0,0,HAYIR,HAYIR
2026-08-18 10:59:17.628,0.65,0.00,31,0.0,1.1,0.000,-0.0,0,HAYIR,HAYIR
2026-08-18 10:59:17.649,0.65,0.00,31,0.0,1.1,0.000,-0.0,0,HAYIR,HAYIR
2026-08-18 10:59:17.668,0.65,0.00,31,0.0,1.1,0.000,-0.0,0,HAYIR,HAYIR
2026-08-18 10:59:17.688,0.65,0.00,31,0.0,1.1,0.000,-0.0,0,HAYIR,HAYIR
2026-08-18 10:59:17.708,0.65,0.00,31,0.0,1.2,0.000,-0.0,0,HAYIR,HAYIR
2026-08-18 10:59:17.728,0.65,0.00,31,0.0,1.2,0.000,-0.0,0,HAYIR,HAYIR
2026-08-18 10:59:17.748,0.65,0.00,31,0.0,1.2,0.000,-0.0,0,HAYIR,HAYIR
2026-08-18 10:59:17.768,0.65,0.00,31,0.0,1.2,0.000,-0.0,0,HAYIR,HAYIR
2026-08-18 10:59:17.788,0.65,0.00,31,0.0,1.2,0.000,-0.0,0,HAYIR,HAYIR
2026-08-18 10:59:17.808,0.65,0.00,31,0.0,1.3,0.000,-0.0,0,HAYIR,HAYIR
2026-08-18 10:59:17.828,0.65,0.00,31,0.0,1.3,0.000,-0.0,0,HAYIR,HAYIR
2026-08-18 10:59:17.848,0.65,0.00,32,0.0,1.3,0.000,-0.0,0,HAYIR,HAYIR
2026-08-18 10:59:17.868,0.65,0.00,32,0.0,1.3,0.000,-0.0,0,HAYIR,HAYIR
2026-08-18 10:59:17.888,0.65,0.00,32,0.0,1.3,0.000,-0.0,0,HAYIR,HAYIR
2026-08-18 10:59:17.908,0.65,0.00,32,0.0,1.4,0.000,-0.0,0,HAYIR,HAYIR
2026-08-18 10:59:17.928,0.65,0.03,31,0.0,1.4,0.000,-0.0,0,HAYIR,HAYIR
2026-08-18 10:59:17.948,0.65,0.03,31,0.0,1.4,0.000,-0.0,0,HAYIR,HAYIR
2026-08-18 10:59:17.968,0.65,0.03,31,0.0,1.4,0.000,-0.0,0,HAYIR,HAYIR
2026-08-18 10:59:17.988,0.65,0.03,31,0.0,1.4,0.000,-0.0,0,HAYIR,HAYIR
2026-08-18 10:59:18.008,0.65,0.03,31,0.0,1.5,0.000,-0.0,0,HAYIR,HAYIR
2026-08-18 10:59:18.028,0.65,0.03,32,0.0,1.5,0.000,-0.0,0,HAYIR,HAYIR
2026-08-18 10:59:18.048,0.65,0.03,32,0.0,1.5,0.000,-0.0,0,HAYIR,HAYIR
2026-08-18 10:59:18.068,0.65,0.03,32,0.0,1.5,0.000,-0.0,0,HAYIR,HAYIR
2026-08-18 10:59:18.088,0.65,0.03,32,0.0,1.5,0.000,-0.0,0,HAYIR,HAYIR
2026-08-18 10:59:18.108,0.65,0.03,32,0.0,1.6,0.000,-0.0,0,HAYIR,HAYIR
2026-08-18 10:59:18.128,0.65,0.03,32,0.0,1.6,0.000,-0.0,0,HAYIR,HAYIR
2026-08-18 10:59:18.148,0.65,0.03,32,0.0,1.6,0.000,-0.0,0,HAYIR,HAYIR
2026-08-18 10:59:18.168,0.65,0.03,32,0.0,1.6,0.000,-0.0,0,HAYIR,HAYIR
2026-08-18 10:59:18.188,0.65,0.03,32,0.0,1.6,0.000,-0.0,0,HAYIR,HAYIR
2026-08-18 10:59:18.208,0.65,0.03,32,0.0,1.7,0.000,-0.0,0,HAYIR,HAYIR
2026-08-18 10:59:18.228,0.65,0.03,32,0.0,1.7,0.000,-0.0,0,HAYIR,HAYIR
2026-08-18 10:59:18.248,0.65,0.03,32,0.0,1.7,0.000,-0.0,0,HAYIR,HAYIR
2026-08-18 10:59:18.268,0.65,0.03,32,0.0,1.7,0.000,-0.0,0,HAYIR,HAYIR
2026-08-18 10:59:18.288,0.65,0.03,32,0.0,1.7,0.000,-0.0,0,HAYIR,HAYIR
2026-08-18 10:59:18.308,0.65,0.05,31,0.0,1.8,0.000,-0.0,0,HAYIR,HAYIR
2026-08-18 10:59:18.328,0.65,0.05,32,0.0,1.8,0.000,-0.0,0,HAYIR,HAYIR
2026-08-18 10:59:18.348,0.65,0.05,32,0.0,1.8,0.000,-0.0,0,HAYIR,HAYIR
2026-08-18 10:59:18.368,0.65,0.05,32,0.0,1.8,0.000,-0.0,0,HAYIR,HAYIR
2026-08-18 10:59:18.388,0.65,0.05,32,0.0,1.8,0.000,-0.0,0,HAYIR,HAYIR
2026-08-18 10:59:18.408,0.65,0.05,32,0.0,1.9,0.000,-0.0,0,HAYIR,HAYIR
2026-08-18 10:59:18.428,0.65,0.05,32,0.0,1.9,0.000,-0.0,0,HAYIR,HAYIR
2026-08-18 10:59:18.448,0.65,0.05,32,0.0,1.9,0.000,-0.0,0,HAYIR,HAYIR
2026-08-18 10:59:18.468,0.65,0.05,32,0.0,1.9,0.000,-0.0,0,HAYIR,HAYIR
2026-08-18 10:59:18.488,0.65,0.05,32,0.0,1.9,0.000,-0.0,0,HAYIR,HAYIR
2026-08-18 10:59:18.508,0.65,0.05,32,0.0,2.0,0.000,-0.0,0,HAYIR,HAYIR
2026-08-18 10:59:18.528,0.65,0.05,32,0.0,2.0,0.000,-0.0,0,HAYIR,HAYIR
2026-08-18 10:59:18.548,0.65,0.05,32,0.0,2.0,0.000,-0.0,0,HAYIR,HAYIR
2026-08-18 10:59:18.568,0.65,0.05,33,0.0,2.0,0.000,-0.0,0,HAYIR,HAYIR
2026-08-18 10:59:18.588,0.65,0.05,33,0.0,2.0,0.000,-0.0,0,HAYIR,HAYIR
2026-08-18 10:59:18.608,0.65,0.05,33,0.0,2.1,0.000,-0.0,0,HAYIR,HAYIR
2026-08-18 10:59:18.628,0.65,0.09,29,0.0,0.0,0.030,-20.7,-1,HAYIR,HAYIR
2026-08-18 10:59:18.648,0.65,0.09,30,0.0,0.0,0.030,-20.7,-2,HAYIR,HAYIR
2026-08-18 10:59:18.668,0.65,0.09,30,0.0,0.0,0.031,-21.2,-4,HAYIR,HAYIR
2026-08-18 10:59:18.688,0.65,0.09,31,0.0,0.0,0.031,-21.2,-5,HAYIR,HAYIR
2026-08-18 10:59:18.708,0.65,0.09,31,0.0,0.0,0.031,-21.2,-6,HAYIR,HAYIR
2026-08-18 10:59:18.728,0.65,0.09,31,0.0,0.0,0.036,-24.5,-7,HAYIR,HAYIR
2026-08-18 10:59:18.748,0.65,0.09,31,0.0,0.0,0.036,-24.5,-8,HAYIR,HAYIR
2026-08-18 10:59:18.768,0.65,0.09,31,0.0,0.0,0.036,-24.9,-10,HAYIR,HAYIR
2026-08-18 10:59:18.788,0.65,0.09,31,0.0,0.0,0.036,-24.9,-11,HAYIR,HAYIR
2026-08-18 10:59:18.808,0.65,0.09,31,0.0,0.0,0.036,-24.9,-12,HAYIR,HAYIR
2026-08-18 10:59:18.828,0.65,0.09,31,0.0,0.0,0.038,-25.9,-13,HAYIR,HAYIR
2026-08-18 10:59:18.848,0.65,0.09,31,0.0,0.0,0.038,-25.9,-14,HAYIR,HAYIR
2026-08-18 10:59:18.868,0.65,0.09,31,0.0,0.0,0.039,-26.7,-16,HAYIR,HAYIR
2026-08-18 10:59:18.889,0.65,0.09,31,0.0,0.0,0.039,-26.7,-17,HAYIR,HAYIR
2026-08-18 10:59:18.908,0.65,0.09,31,0.0,0.0,0.039,-26.7,-18,HAYIR,HAYIR
2026-08-18 10:59:18.928,0.65,0.09,31,0.0,0.0,0.040,-27.3,-19,HAYIR,HAYIR
2026-08-18 10:59:18.948,0.65,0.13,29,0.0,0.0,0.040,-27.3,-20,HAYIR,HAYIR
2026-08-18 10:59:18.968,0.65,0.13,31,0.0,0.0,0.041,-28.0,-22,HAYIR,HAYIR
2026-08-18 10:59:18.988,0.65,0.13,31,0.0,0.0,0.041,-28.0,-23,HAYIR,HAYIR
2026-08-18 10:59:19.008,0.65,0.13,31,0.0,0.0,0.041,-28.0,-24,HAYIR,HAYIR
2026-08-18 10:59:19.028,0.65,0.13,31,0.0,0.0,0.042,-28.5,-25,HAYIR,HAYIR
2026-08-18 10:59:19.048,0.65,0.13,31,0.0,0.0,0.042,-28.5,-26,HAYIR,HAYIR
2026-08-18 10:59:19.068,0.65,0.13,31,0.0,0.0,0.042,-28.8,-28,HAYIR,HAYIR
2026-08-18 10:59:19.088,0.65,0.13,31,0.0,0.0,0.042,-28.8,-29,HAYIR,HAYIR
2026-08-18 10:59:19.108,0.65,0.13,31,0.0,0.0,0.042,-28.8,-29,HAYIR,HAYIR
2026-08-18 10:59:19.128,0.65,0.13,31,0.0,0.0,0.046,-31.3,-30,HAYIR,HAYIR
2026-08-18 10:59:19.148,0.65,0.13,31,0.0,0.0,0.046,-31.3,-31,HAYIR,HAYIR
2026-08-18 10:59:19.168,0.65,0.13,31,0.0,0.0,0.047,-32.4,-32,HAYIR,HAYIR
2026-08-18 10:59:19.188,0.65,0.13,31,0.0,0.0,0.047,-32.4,-32,HAYIR,HAYIR
2026-08-18 10:59:19.208,0.65,0.13,31,0.0,0.0,0.047,-32.4,-32,HAYIR,HAYIR
2026-08-18 10:59:19.228,0.65,0.13,31,0.0,0.0,0.050,-34.4,-34,HAYIR,HAYIR
2026-08-18 10:59:19.248,0.65,0.13,31,0.0,0.0,0.050,-34.4,-34,HAYIR,HAYIR
2026-08-18 10:59:19.268,0.65,0.19,28,0.0,0.0,0.051,-34.7,-35,HAYIR,HAYIR
2026-08-18 10:59:19.288,0.65,0.19,31,0.0,0.0,0.051,-34.7,-35,HAYIR,HAYIR
2026-08-18 10:59:19.308,0.65,0.19,31,0.0,0.0,0.051,-34.7,-35,HAYIR,HAYIR
2026-08-18 10:59:19.328,0.65,0.19,31,0.0,0.0,0.049,-33.5,-34,HAYIR,HAYIR
2026-08-18 10:59:19.348,0.65,0.19,31,0.0,0.0,0.049,-33.5,-34,HAYIR,HAYIR
2026-08-18 10:59:19.368,0.65,0.19,31,0.0,0.0,0.049,-33.8,-34,HAYIR,HAYIR
2026-08-18 10:59:19.388,0.65,0.19,31,0.0,0.0,0.049,-33.8,-34,HAYIR,HAYIR
2026-08-18 10:59:19.408,0.65,0.19,31,0.0,0.0,0.049,-33.8,-34,HAYIR,HAYIR
2026-08-18 10:59:19.428,0.65,0.19,31,0.0,0.0,0.058,-39.5,-35,HAYIR,HAYIR
2026-08-18 10:59:19.448,0.65,0.19,31,0.0,0.0,0.058,-39.5,-36,HAYIR,HAYIR
2026-08-18 10:59:19.468,0.65,0.19,31,0.0,0.0,0.060,-41.0,-37,HAYIR,HAYIR
2026-08-18 10:59:19.488,0.65,0.19,31,0.0,0.0,0.060,-41.0,-39,HAYIR,HAYIR
2026-08-18 10:59:19.508,0.65,0.19,31,0.0,0.0,0.060,-41.0,-40,HAYIR,HAYIR
2026-08-18 10:59:19.528,0.65,0.19,31,0.0,0.0,0.061,-41.6,-41,HAYIR,HAYIR
2026-08-18 10:59:19.548,0.65,0.19,31,0.0,0.0,0.061,-41.6,-42,HAYIR,HAYIR
2026-08-18 10:59:19.568,0.65,0.19,31,0.0,0.0,0.061,-41.6,-42,HAYIR,HAYIR
2026-08-18 10:59:19.588,0.65,0.25,29,0.0,0.0,0.061,-41.6,-42,HAYIR,HAYIR
2026-08-18 10:59:19.608,0.65,0.25,31,0.0,0.0,0.061,-41.6,-42,HAYIR,HAYIR
2026-08-18 10:59:19.628,0.65,0.25,31,0.0,0.0,0.061,-41.5,-41,HAYIR,HAYIR
2026-08-18 10:59:19.648,0.65,0.25,31,0.0,0.0,0.061,-41.5,-41,HAYIR,HAYIR
2026-08-18 10:59:19.668,0.65,0.25,31,0.0,0.0,0.060,-41.2,-41,HAYIR,HAYIR
2026-08-18 10:59:19.688,0.65,0.25,31,0.0,0.0,0.060,-41.2,-41,HAYIR,HAYIR
2026-08-18 10:59:19.708,0.65,0.25,31,0.0,0.0,0.060,-41.2,-41,HAYIR,HAYIR
2026-08-18 10:59:19.728,0.65,0.25,31,0.0,0.0,0.063,-43.3,-42,HAYIR,HAYIR
2026-08-18 10:59:19.748,0.65,0.25,31,0.0,0.0,0.063,-43.3,-43,HAYIR,HAYIR
2026-08-18 10:59:19.768,0.65,0.25,31,0.1,0.0,0.064,-43.8,-44,HAYIR,HAYIR
2026-08-18 10:59:19.788,0.65,0.25,31,0.1,0.0,0.064,-43.8,-44,HAYIR,HAYIR
2026-08-18 10:59:19.808,0.65,0.25,31,0.1,0.0,0.064,-43.8,-44,HAYIR,HAYIR
2026-08-18 10:59:19.828,0.65,0.25,31,0.0,0.0,0.060,-40.9,-43,HAYIR,HAYIR
2026-08-18 10:59:19.849,0.65,0.25,31,0.0,0.0,0.060,-40.9,-41,HAYIR,HAYIR
2026-08-18 10:59:19.868,0.65,0.25,31,0.0,0.0,0.060,-40.8,-41,HAYIR,HAYIR
2026-08-18 10:59:19.888,0.65,0.25,31,0.0,0.0,0.060,-40.8,-41,HAYIR,HAYIR
2026-08-18 10:59:19.908,0.65,0.25,31,0.0,0.0,0.060,-40.8,-41,HAYIR,HAYIR
2026-08-18 10:59:19.928,0.65,0.25,31,0.0,0.0,0.054,-37.0,-40,HAYIR,HAYIR
2026-08-18 10:59:19.948,0.65,0.25,31,0.0,0.0,0.054,-37.0,-38,HAYIR,HAYIR
2026-08-18 10:59:19.968,0.65,0.25,31,0.0,0.0,0.053,-36.4,-37,HAYIR,HAYIR
2026-08-18 10:59:19.988,0.65,0.30,29,0.0,0.0,0.053,-36.4,-36,HAYIR,HAYIR
2026-08-18 10:59:20.008,0.65,0.30,31,0.0,0.0,0.053,-36.4,-36,HAYIR,HAYIR
2026-08-18 10:59:20.028,0.65,0.30,31,0.0,0.0,0.048,-33.0,-35,HAYIR,HAYIR
2026-08-18 10:59:20.048,0.65,0.30,31,0.0,0.0,0.048,-33.0,-34,HAYIR,HAYIR
2026-08-18 10:59:20.068,0.65,0.30,31,0.0,0.0,0.047,-32.1,-33,HAYIR,HAYIR
2026-08-18 10:59:20.088,0.65,0.30,31,0.0,0.0,0.047,-32.1,-32,HAYIR,HAYIR
2026-08-18 10:59:20.108,0.65,0.30,31,0.0,0.0,0.047,-32.1,-32,HAYIR,HAYIR
2026-08-18 10:59:20.128,0.65,0.30,31,0.0,0.0,0.045,-30.5,-31,HAYIR,HAYIR
2026-08-18 10:59:20.148,0.65,0.30,31,0.0,0.0,0.045,-30.5,-31,HAYIR,HAYIR
2026-08-18 10:59:20.168,0.65,0.30,31,0.0,0.0,0.043,-29.8,-30,HAYIR,HAYIR
2026-08-18 10:59:20.188,0.65,0.30,31,0.0,0.0,0.043,-29.8,-30,HAYIR,HAYIR
2026-08-18 10:59:20.208,0.65,0.30,31,0.0,0.0,0.043,-29.8,-30,HAYIR,HAYIR
2026-08-18 10:59:20.228,0.65,0.30,31,0.0,0.0,0.039,-27.0,-29,HAYIR,HAYIR
2026-08-18 10:59:20.248,0.65,0.30,31,0.0,0.0,0.039,-27.0,-27,HAYIR,HAYIR
2026-08-18 10:59:20.268,0.65,0.30,31,0.0,0.0,0.038,-25.8,-26,HAYIR,HAYIR
2026-08-18 10:59:20.288,0.65,0.30,31,0.0,0.0,0.038,-25.8,-26,HAYIR,HAYIR
2026-08-18 10:59:20.308,0.65,0.35,29,0.0,0.0,0.038,-25.8,-26,HAYIR,HAYIR
2026-08-18 10:59:20.328,0.65,0.35,31,0.0,0.0,0.033,-22.4,-25,HAYIR,HAYIR
2026-08-18 10:59:20.348,0.65,0.35,31,0.0,0.0,0.033,-22.4,-23,HAYIR,HAYIR
2026-08-18 10:59:20.368,0.65,0.35,31,0.0,0.0,0.031,-21.3,-22,HAYIR,HAYIR
2026-08-18 10:59:20.388,0.65,0.35,31,0.0,0.0,0.031,-21.3,-21,HAYIR,HAYIR
2026-08-18 10:59:20.408,0.65,0.35,31,0.0,0.0,0.031,-21.3,-21,HAYIR,HAYIR
2026-08-18 10:59:20.428,0.65,0.35,31,0.0,0.0,0.000,-0.0,-20,HAYIR,HAYIR
2026-08-18 10:59:20.448,0.65,0.35,31,0.0,0.0,0.000,-0.0,-19,HAYIR,HAYIR
2026-08-18 10:59:20.468,0.65,0.35,31,0.0,0.0,0.000,-0.0,-18,HAYIR,HAYIR
2026-08-18 10:59:20.488,0.65,0.35,31,0.0,0.0,0.000,-0.0,-17,HAYIR,HAYIR
2026-08-18 10:59:20.508,0.65,0.35,31,0.0,0.0,0.000,-0.0,-15,HAYIR,HAYIR
2026-08-18 10:59:20.528,0.65,0.35,31,0.0,0.0,0.000,-0.0,-14,HAYIR,HAYIR
2026-08-18 10:59:20.548,0.65,0.35,31,0.0,0.0,0.000,-0.0,-13,HAYIR,HAYIR
2026-08-18 10:59:20.568,0.65,0.35,31,0.0,0.0,0.000,-0.0,-12,HAYIR,HAYIR
2026-08-18 10:59:20.588,0.65,0.35,31,0.0,0.0,0.000,-0.0,-11,HAYIR,HAYIR
2026-08-18 10:59:20.608,0.65,0.35,31,0.0,0.0,0.000,-0.0,-9,HAYIR,HAYIR
2026-08-18 10:59:20.628,0.65,0.39,29,0.0,0.0,0.000,-0.0,-8,HAYIR,HAYIR
2026-08-18 10:59:20.648,0.65,0.39,31,0.0,0.0,0.000,-0.0,-7,HAYIR,HAYIR
2026-08-18 10:59:20.668,0.65,0.39,31,0.0,0.0,0.000,-0.0,-6,HAYIR,HAYIR
2026-08-18 10:59:20.688,0.65,0.39,31,0.0,0.0,0.000,-0.0,-5,HAYIR,HAYIR
2026-08-18 10:59:20.708,0.65,0.39,31,0.0,0.0,0.000,-0.0,-3,HAYIR,HAYIR
2026-08-18 10:59:20.728,0.65,0.39,31,0.0,0.0,0.000,-0.0,-2,HAYIR,HAYIR
2026-08-18 10:59:20.748,0.65,0.39,31,0.0,0.0,0.000,-0.0,-1,HAYIR,HAYIR
2026-08-18 10:59:20.768,0.65,0.39,31,0.0,0.0,0.000,-0.0,0,HAYIR,HAYIR
2026-08-18 10:59:20.788,0.65,0.39,31,0.0,0.0,0.000,-0.0,0,HAYIR,HAYIR
2026-08-18 10:59:20.808,0.65,0.39,31,0.0,0.0,0.000,-0.0,0,HAYIR,HAYIR
2026-08-18 10:59:20.828,0.65,0.39,31,0.0,0.0,0.000,-0.0,0,HAYIR,HAYIR
2026-08-18 10:59:20.848,0.65,0.39,31,0.0,0.0,0.000,-0.0,0,HAYIR,HAYIR
2026-08-18 10:59:20.868,0.65,0.39,31,0.0,0.0,0.000,-0.0,0,HAYIR,HAYIR
2026-08-18 10:59:20.888,0.65,0.39,31,0.0,0.0,0.000,-0.0,0,HAYIR,HAYIR
2026-08-18 10:59:20.908,0.65,0.39,31,0.0,0.0,0.000,-0.0,0,HAYIR,HAYIR
2026-08-18 10:59:20.928,0.65,0.39,31,0.0,0.0,0.000,-0.0,0,HAYIR,HAYIR
2026-08-18 10:59:20.948,0.65,0.45,29,0.0,0.0,0.000,-0.0,0,HAYIR,HAYIR
2026-08-18 10:59:20.968,0.65,0.45,31,0.0,0.0,0.000,-0.0,0,HAYIR,HAYIR
2026-08-18 10:59:20.988,0.65,0.45,31,0.0,0.0,0.000,-0.0,0,HAYIR,HAYIR
2026-08-18 10:59:21.008,0.65,0.45,31,0.0,0.0,0.000,-0.0,0,HAYIR,HAYIR
2026-08-18 10:59:21.028,0.65,0.45,31,0.0,0.0,0.000,-0.0,0,HAYIR,HAYIR
2026-08-18 10:59:21.048,0.65,0.45,31,0.0,0.0,0.000,-0.0,0,HAYIR,HAYIR
2026-08-18 10:59:21.068,0.65,0.45,31,0.0,0.0,0.000,-0.0,0,HAYIR,HAYIR
2026-08-18 10:59:21.088,0.65,0.45,31,0.0,0.0,0.000,-0.0,0,HAYIR,HAYIR
2026-08-18 10:59:21.108,0.65,0.45,31,0.0,0.0,0.000,-0.0,0,HAYIR,HAYIR
2026-08-18 10:59:21.128,0.65,0.45,31,0.0,0.0,0.000,-0.0,0,HAYIR,HAYIR
2026-08-18 10:59:21.148,0.65,0.45,31,0.0,0.0,0.000,-0.0,0,HAYIR,HAYIR
2026-08-18 10:59:21.168,0.65,0.45,31,0.0,0.0,0.000,-0.0,0,HAYIR,HAYIR
2026-08-18 10:59:21.188,0.65,0.45,31,0.0,0.0,0.000,-0.0,0,HAYIR,HAYIR
2026-08-18 10:59:21.208,0.65,0.45,31,0.0,0.0,0.000,-0.0,0,HAYIR,HAYIR
2026-08-18 10:59:21.228,0.65,0.45,31,0.0,0.0,0.000,-0.0,0,HAYIR,HAYIR
2026-08-18 10:59:21.248,0.65,0.45,31,0.0,0.0,0.000,-0.0,0,HAYIR,HAYIR
2026-08-18 10:59:21.268,0.65,0.50,29,0.0,0.0,0.000,-0.0,0,HAYIR,HAYIR
2026-08-18 10:59:21.288,0.65,0.50,31,0.0,0.0,0.000,-0.0,0,HAYIR,HAYIR
2026-08-18 10:59:21.308,0.65,0.50,31,0.0,0.0,0.000,-0.0,0,HAYIR,HAYIR
2026-08-18 10:59:21.328,0.65,0.50,31,0.0,0.0,0.000,-0.0,0,HAYIR,HAYIR
2026-08-18 10:59:21.348,0.65,0.50,31,0.0,0.0,0.000,-0.0,0,HAYIR,HAYIR
2026-08-18 10:59:21.368,0.62,0.50,30,0.0,0.0,0.000,-0.0,0,HAYIR,HAYIR
2026-08-18 10:59:21.388,0.62,0.50,31,0.0,0.0,0.000,-0.0,0,HAYIR,HAYIR
2026-08-18 10:59:21.408,0.62,0.50,31,0.0,0.0,0.000,-0.0,0,HAYIR,HAYIR
2026-08-18 10:59:21.428,0.60,0.50,30,0.0,0.0,0.000,-0.0,0,HAYIR,HAYIR
2026-08-18 10:59:21.448,0.60,0.50,31,0.0,0.0,0.000,-0.0,0,HAYIR,HAYIR
2026-08-18 10:59:21.468,0.57,0.50,30,0.0,0.0,0.000,-0.0,0,HAYIR,HAYIR
2026-08-18 10:59:21.488,0.57,0.50,31,0.0,0.0,0.000,-0.0,0,HAYIR,HAYIR
2026-08-18 10:59:21.508,0.57,0.50,31,0.0,0.0,0.000,-0.0,0,HAYIR,HAYIR
2026-08-18 10:59:21.528,0.55,0.50,30,0.0,0.0,0.000,-0.0,0,HAYIR,HAYIR
2026-08-18 10:59:21.548,0.55,0.50,31,0.0,0.0,0.000,-0.0,0,HAYIR,HAYIR
2026-08-18 10:59:21.568,0.52,0.50,30,0.0,0.0,0.000,-0.0,0,HAYIR,HAYIR
2026-08-18 10:59:21.588,0.52,0.50,31,0.0,0.0,0.000,-0.0,0,HAYIR,HAYIR
2026-08-18 10:59:21.608,0.52,0.50,31,0.0,0.0,0.000,-0.0,0,HAYIR,HAYIR
2026-08-18 10:59:21.628,0.50,0.50,30,0.0,0.0,0.000,-0.0,0,HAYIR,HAYIR
2026-08-18 10:59:21.648,0.50,0.53,28,0.0,0.0,0.000,-0.0,0,HAYIR,HAYIR
2026-08-18 10:59:21.668,0.47,0.53,28,0.0,0.0,0.000,-0.0,0,HAYIR,HAYIR
2026-08-18 10:59:21.688,0.47,0.53,28,0.0,0.0,0.000,-0.0,0,HAYIR,HAYIR
2026-08-18 10:59:21.708,0.47,0.53,28,0.0,0.0,0.000,-0.0,0,HAYIR,HAYIR
2026-08-18 10:59:21.728,0.45,0.53,28,0.0,0.0,0.000,-0.0,0,HAYIR,HAYIR
2026-08-18 10:59:21.748,0.45,0.53,28,0.0,0.0,0.000,-0.0,0,HAYIR,HAYIR
2026-08-18 10:59:21.768,0.42,0.53,28,0.0,0.0,0.000,-0.0,0,HAYIR,HAYIR
2026-08-18 10:59:21.788,0.42,0.53,28,0.0,0.0,0.000,-0.0,0,HAYIR,HAYIR
2026-08-18 10:59:21.808,0.42,0.53,28,0.0,0.0,0.000,-0.0,0,HAYIR,HAYIR
2026-08-18 10:59:21.828,0.40,0.53,28,0.0,0.0,0.000,-0.0,0,HAYIR,HAYIR
2026-08-18 10:59:21.848,0.40,0.53,28,0.0,0.0,0.000,-0.0,0,HAYIR,HAYIR
2026-08-18 10:59:21.868,0.37,0.53,28,0.0,0.0,0.000,-0.0,0,HAYIR,HAYIR
2026-08-18 10:59:21.889,0.37,0.53,28,0.0,0.0,0.000,-0.0,0,HAYIR,HAYIR
2026-08-18 10:59:21.908,0.37,0.53,28,0.0,0.0,0.000,-0.0,0,HAYIR,HAYIR
2026-08-18 10:59:21.928,0.35,0.53,28,0.0,0.0,0.000,-0.0,0,HAYIR,HAYIR
2026-08-18 10:59:21.948,0.35,0.53,28,0.0,0.0,0.000,-0.0,0,HAYIR,HAYIR
2026-08-18 10:59:21.968,0.32,0.57,28,0.0,0.0,0.000,-0.0,0,HAYIR,HAYIR
2026-08-18 10:59:21.988,0.32,0.57,28,0.0,0.0,0.000,-0.0,0,HAYIR,HAYIR
2026-08-18 10:59:22.008,0.32,0.57,28,0.0,0.0,0.000,-0.0,0,HAYIR,HAYIR
2026-08-18 10:59:22.028,0.30,0.57,28,0.0,0.0,0.000,-0.0,0,HAYIR,HAYIR
2026-08-18 10:59:22.048,0.30,0.57,28,0.0,0.0,0.000,-0.0,0,HAYIR,HAYIR
2026-08-18 10:59:22.068,0.27,0.57,28,0.0,0.0,0.000,-0.0,0,HAYIR,HAYIR
2026-08-18 10:59:22.088,0.27,0.57,28,0.0,0.0,0.000,-0.0,0,HAYIR,HAYIR
2026-08-18 10:59:22.108,0.27,0.57,28,0.0,0.0,0.000,-0.0,0,HAYIR,HAYIR
2026-08-18 10:59:22.128,0.25,0.57,28,0.0,0.0,0.000,-0.0,0,HAYIR,HAYIR
2026-08-18 10:59:22.148,0.25,0.57,28,0.0,0.0,0.000,-0.0,0,HAYIR,HAYIR
2026-08-18 10:59:22.168,0.22,0.57,28,0.0,0.0,0.000,-0.0,0,HAYIR,HAYIR
2026-08-18 10:59:22.188,0.22,0.57,28,0.0,0.0,0.000,-0.0,0,HAYIR,HAYIR
2026-08-18 10:59:22.208,0.22,0.57,28,0.0,0.0,0.000,-0.0,0,HAYIR,HAYIR
2026-08-18 10:59:22.228,0.20,0.57,28,0.0,0.0,0.000,-0.0,0,HAYIR,HAYIR
2026-08-18 10:59:22.248,0.20,0.57,28,0.0,0.0,0.000,-0.0,0,HAYIR,HAYIR
2026-08-18 10:59:22.268,0.17,0.57,28,0.0,0.0,0.000,-0.0,0,HAYIR,HAYIR
2026-08-18 10:59:22.288,0.17,0.60,28,0.0,0.0,0.000,-0.0,0,HAYIR,HAYIR
2026-08-18 10:59:22.308,0.17,0.60,28,0.0,0.0,0.000,-0.0,0,HAYIR,HAYIR
2026-08-18 10:59:22.328,0.15,0.60,28,0.0,0.0,0.000,-0.0,0,HAYIR,HAYIR
2026-08-18 10:59:22.348,0.15,0.60,28,0.0,0.0,0.000,-0.0,0,HAYIR,HAYIR
2026-08-18 10:59:22.368,0.12,0.60,28,0.0,0.0,0.000,-0.0,0,HAYIR,HAYIR
2026-08-18 10:59:22.388,0.12,0.60,28,0.0,0.0,0.000,-0.0,0,HAYIR,HAYIR
2026-08-18 10:59:22.408,0.12,0.60,28,0.0,0.0,0.000,-0.0,0,HAYIR,HAYIR
2026-08-18 10:59:22.428,0.10,0.60,28,0.0,0.0,0.000,-0.0,0,HAYIR,HAYIR
2026-08-18 10:59:22.448,0.10,0.60,28,0.0,0.0,0.000,-0.0,0,HAYIR,HAYIR
2026-08-18 10:59:22.468,0.07,0.60,28,0.0,0.0,0.000,-0.0,0,HAYIR,HAYIR
2026-08-18 10:59:22.488,0.07,0.60,28,0.0,0.0,0.000,-0.0,0,HAYIR,HAYIR
2026-08-18 10:59:22.508,0.07,0.60,28,0.0,0.0,0.000,-0.0,0,HAYIR,HAYIR
2026-08-18 10:59:22.528,0.05,0.60,28,0.0,0.0,0.000,-0.0,0,HAYIR,HAYIR
2026-08-18 10:59:22.548,0.05,0.60,28,0.0,0.0,0.000,-0.0,0,HAYIR,HAYIR
2026-08-18 10:59:22.568,0.02,0.60,28,0.0,0.0,0.000,-0.0,0,HAYIR,HAYIR
2026-08-18 10:59:22.588,0.02,0.60,28,0.0,0.0,0.000,-0.0,0,HAYIR,HAYIR
2026-08-18 10:59:22.608,0.02,0.62,28,0.0,0.0,0.000,-0.0,0,HAYIR,HAYIR
2026-08-18 10:59:22.628,0.00,0.62,0,0.0,0.0,0.000,0.0,0,EVET,HAYIR
2026-08-18 10:59:22.648,0.00,0.62,0,0.0,0.0,0.000,0.0,0,EVET,HAYIR
2026-08-18 10:59:22.668,0.00,0.62,0,0.0,0.0,0.000,0.0,0,EVET,HAYIR
2026-08-18 10:59:22.688,0.00,0.62,0,0.0,0.0,0.000,0.0,0,EVET,HAYIR
2026-08-18 10:59:22.708,0.00,0.62,0,0.0,0.0,0.000,0.0,0,EVET,HAYIR
2026-08-18 10:59:22.728,0.00,0.62,0,0.0,0.0,0.000,0.0,0,EVET,HAYIR
2026-08-18 10:59:22.748,0.00,0.62,0,0.0,0.0,0.000,0.0,0,EVET,HAYIR
2026-08-18 10:59:22.768,0.00,0.62,0,0.0,0.0,0.000,0.0,0,EVET,HAYIR
2026-08-18 10:59:22.788,0.00,0.62,0,0.0,0.0,0.000,0.0,0,EVET,HAYIR
2026-08-18 10:59:22.808,0.00,0.62,0,0.0,0.0,0.000,0.0,0,EVET,HAYIR
2026-08-18 10:59:22.828,0.00,0.62,0,0.0,0.0,0.000,0.0,0,EVET,HAYIR
2026-08-18 10:59:22.848,0.00,0.62,0,0.0,0.0,0.000,0.0,0,EVET,HAYIR
2026-08-18 10:59:22.868,0.00,0.62,0,0.0,0.0,0.000,0.0,0,EVET,HAYIR
2026-08-18 10:59:22.888,0.00,0.62,0,0.0,0.0,0.000,0.0,0,EVET,HAYIR
2026-08-18 10:59:22.908,0.00,0.62,0,0.0,0.0,0.000,0.0,0,EVET,HAYIR
2026-08-18 10:59:22.928,0.00,0.60,0,0.0,0.0,0.000,0.0,0,EVET,HAYIR
2026-08-18 10:59:22.948,0.00,0.60,0,0.0,0.0,0.000,0.0,0,EVET,HAYIR
2026-08-18 10:59:22.968,0.00,0.60,0,0.0,0.0,0.000,0.0,0,EVET,HAYIR
2026-08-18 10:59:22.988,0.00,0.60,0,0.0,0.0,0.000,0.0,0,EVET,HAYIR
2026-08-18 10:59:23.008,0.00,0.60,0,0.0,0.0,0.000,0.0,0,EVET,HAYIR
2026-08-18 10:59:23.028,0.00,0.60,0,0.0,0.0,0.000,0.0,0,EVET,HAYIR
2026-08-18 10:59:23.048,0.00,0.60,0,0.0,0.0,0.000,0.0,0,EVET,HAYIR
2026-08-18 10:59:23.069,0.00,0.60,0,0.0,0.0,0.000,0.0,0,EVET,HAYIR
2026-08-18 10:59:23.089,0.00,0.60,0,0.0,0.0,0.000,0.0,0,EVET,HAYIR
2026-08-18 10:59:23.108,0.00,0.60,0,0.0,0.0,0.000,0.0,0,EVET,HAYIR
2026-08-18 10:59:23.128,0.00,0.60,0,0.0,0.0,0.000,0.0,0,EVET,HAYIR
2026-08-18 10:59:23.148,0.00,0.60,0,0.0,0.0,0.000,0.0,0,EVET,HAYIR
2026-08-18 10:59:23.169,0.00,0.60,0,0.0,0.0,0.000,0.0,0,EVET,HAYIR
2026-08-18 10:59:23.189,0.00,0.60,0,0.0,0.0,0.000,0.0,0,EVET,HAYIR
2026-08-18 10:59:23.208,0.00,0.60,0,0.0,0.0,0.000,0.0,0,EVET,HAYIR
2026-08-18 10:59:23.228,0.00,0.60,0,0.0,0.0,0.000,0.0,0,EVET,HAYIR
2026-08-18 10:59:23.249,0.00,0.60,0,0.0,0.0,0.000,0.0,0,EVET,HAYIR
2026-08-18 10:59:23.268,0.00,0.60,0,0.0,0.0,0.000,0.0,0,EVET,HAYIR
2026-08-18 10:59:23.288,0.00,0.60,0,0.0,0.0,0.000,0.0,0,EVET,HAYIR
2026-08-18 10:59:23.308,0.00,0.59,0,0.0,0.0,0.000,0.0,0,EVET,HAYIR
2026-08-18 10:59:23.328,0.00,0.59,0,0.0,0.0,0.000,0.0,0,EVET,HAYIR
2026-08-18 10:59:23.348,0.00,0.59,0,0.0,0.0,0.000,0.0,0,EVET,HAYIR
2026-08-18 10:59:23.368,0.00,0.59,0,0.0,0.0,0.000,0.0,0,EVET,HAYIR
2026-08-18 10:59:23.388,0.00,0.59,0,0.0,0.0,0.000,0.0,0,EVET,HAYIR
2026-08-18 10:59:23.409,0.00,0.59,0,0.0,0.0,0.000,0.0,0,EVET,HAYIR
2026-08-18 10:59:23.428,0.00,0.59,0,0.0,0.0,0.000,0.0,0,EVET,HAYIR
2026-08-18 10:59:23.448,0.00,0.59,0,0.0,0.0,0.000,0.0,0,EVET,HAYIR
2026-08-18 10:59:23.468,0.00,0.59,0,0.0,0.0,0.000,0.0,0,EVET,HAYIR
2026-08-18 10:59:23.488,0.00,0.59,0,0.0,0.0,0.000,0.0,0,EVET,HAYIR
2026-08-18 10:59:23.508,0.00,0.59,0,0.0,0.0,0.000,0.0,0,EVET,HAYIR
2026-08-18 10:59:23.528,0.00,0.59,0,0.0,0.0,0.000,0.0,0,EVET,HAYIR
2026-08-18 10:59:23.548,0.00,0.59,0,0.0,0.0,0.000,0.0,0,EVET,HAYIR
2026-08-18 10:59:23.568,0.00,0.59,0,0.0,0.0,0.000,0.0,0,EVET,HAYIR
2026-08-18 10:59:23.588,0.00,0.59,0,0.0,0.0,0.000,0.0,0,EVET,HAYIR
2026-08-18 10:59:23.608,0.00,0.59,0,0.0,0.0,0.000,0.0,0,EVET,HAYIR
2026-08-18 10:59:23.628,0.00,0.55,0,0.0,0.0,0.000,0.0,0,EVET,HAYIR
2026-08-18 10:59:23.648,0.00,0.55,0,0.0,0.0,0.000,0.0,0,EVET,HAYIR
2026-08-18 10:59:23.668,0.00,0.55,0,0.0,0.0,0.000,0.0,0,EVET,HAYIR
2026-08-18 10:59:23.688,0.00,0.55,0,0.0,0.0,0.000,0.0,0,EVET,HAYIR
2026-08-18 10:59:23.708,0.00,0.55,0,0.0,0.0,0.000,0.0,0,EVET,HAYIR
2026-08-18 10:59:23.728,0.00,0.55,0,0.0,0.0,0.000,0.0,0,EVET,HAYIR
2026-08-18 10:59:23.748,0.00,0.55,0,0.0,0.0,0.000,0.0,0,EVET,HAYIR
2026-08-18 10:59:23.769,0.00,0.55,0,0.0,0.0,0.000,0.0,0,EVET,HAYIR
2026-08-18 10:59:23.788,0.00,0.55,0,0.0,0.0,0.000,0.0,0,EVET,HAYIR
2026-08-18 10:59:23.808,0.00,0.55,0,0.0,0.0,0.000,0.0,0,EVET,HAYIR
2026-08-18 10:59:23.828,0.00,0.55,0,0.0,0.0,0.000,0.0,0,EVET,HAYIR
2026-08-18 10:59:23.848,0.00,0.55,0,0.0,0.0,0.000,0.0,0,EVET,HAYIR
2026-08-18 10:59:23.868,0.00,0.55,0,0.0,0.0,0.000,0.0,0,EVET,HAYIR
2026-08-18 10:59:23.888,0.00,0.55,0,0.0,0.0,0.000,0.0,0,EVET,HAYIR
2026-08-18 10:59:23.908,0.00,0.55,0,0.0,0.0,0.000,0.0,0,EVET,HAYIR
2026-08-18 10:59:23.928,0.00,0.55,0,0.0,0.0,0.000,0.0,0,EVET,HAYIR
2026-08-18 10:59:23.948,0.00,0.52,0,0.0,0.0,0.000,0.0,0,EVET,HAYIR
2026-08-18 10:59:23.968,0.00,0.52,0,0.0,0.0,0.000,0.0,0,EVET,HAYIR
2026-08-18 10:59:23.988,0.00,0.52,0,0.0,0.0,0.000,0.0,0,EVET,HAYIR
2026-08-18 10:59:24.008,0.00,0.52,0,0.0,0.0,0.000,0.0,0,EVET,HAYIR
2026-08-18 10:59:24.028,0.00,0.52,0,0.0,0.0,0.000,0.0,0,EVET,HAYIR
2026-08-18 10:59:24.048,0.00,0.52,0,0.0,0.0,0.000,0.0,0,EVET,HAYIR
2026-08-18 10:59:24.068,0.00,0.52,0,0.0,0.0,0.000,0.0,0,EVET,HAYIR
2026-08-18 10:59:24.088,0.00,0.52,0,0.0,0.0,0.000,0.0,0,EVET,HAYIR
2026-08-18 10:59:24.108,0.00,0.52,0,0.0,0.0,0.000,0.0,0,EVET,HAYIR
2026-08-18 10:59:24.128,0.00,0.52,0,0.0,0.0,0.000,0.0,0,EVET,HAYIR
2026-08-18 10:59:24.148,0.00,0.52,0,0.0,0.0,0.000,0.0,0,EVET,HAYIR
2026-08-18 10:59:24.168,0.00,0.52,0,0.0,0.0,0.000,0.0,0,EVET,HAYIR
2026-08-18 10:59:24.188,0.00,0.52,0,0.0,0.0,0.000,0.0,0,EVET,HAYIR
2026-08-18 10:59:24.208,0.00,0.52,0,0.0,0.0,0.000,0.0,0,EVET,HAYIR
2026-08-18 10:59:24.228,0.00,0.52,0,0.0,0.0,0.000,0.0,0,EVET,HAYIR
2026-08-18 10:59:24.249,0.00,0.52,0,0.0,0.0,0.000,0.0,0,EVET,HAYIR
2026-08-18 10:59:24.268,0.00,0.44,0,0.0,0.0,0.000,0.0,0,EVET,HAYIR
2026-08-18 10:59:24.288,0.00,0.44,0,0.0,0.0,0.000,0.0,0,EVET,HAYIR
2026-08-18 10:59:24.308,0.00,0.44,0,0.0,0.0,0.000,0.0,0,EVET,HAYIR
2026-08-18 10:59:24.328,0.00,0.44,0,0.0,0.0,0.000,0.0,0,EVET,HAYIR
2026-08-18 10:59:24.348,0.00,0.44,0,0.0,0.0,0.000,0.0,0,EVET,HAYIR
2026-08-18 10:59:24.368,0.00,0.44,0,0.0,0.0,0.000,0.0,0,EVET,HAYIR
2026-08-18 10:59:24.388,0.00,0.44,0,0.0,0.0,0.000,0.0,0,EVET,HAYIR
2026-08-18 10:59:24.408,0.00,0.44,0,0.0,0.0,0.000,0.0,0,EVET,HAYIR
2026-08-18 10:59:24.428,0.00,0.44,0,0.0,0.0,0.000,0.0,0,EVET,HAYIR
2026-08-18 10:59:24.448,0.00,0.44,0,0.0,0.0,0.000,0.0,0,EVET,HAYIR
2026-08-18 10:59:24.468,0.00,0.44,0,0.0,0.0,0.000,0.0,0,EVET,HAYIR
2026-08-18 10:59:24.488,0.00,0.44,0,0.0,0.0,0.000,0.0,0,EVET,HAYIR
2026-08-18 10:59:24.508,0.00,0.44,0,0.0,0.0,0.000,0.0,0,EVET,HAYIR
2026-08-18 10:59:24.528,0.00,0.44,0,0.0,0.0,0.000,0.0,0,EVET,HAYIR
2026-08-18 10:59:24.548,0.00,0.44,0,0.0,0.0,0.000,0.0,0,EVET,HAYIR
2026-08-18 10:59:24.568,0.00,0.44,0,0.0,0.0,0.000,0.0,0,EVET,HAYIR
2026-08-18 10:59:24.588,0.00,0.44,0,0.0,0.0,0.000,0.0,0,EVET,HAYIR
2026-08-18 10:59:24.608,0.00,0.44,0,0.0,0.0,0.000,0.0,0,EVET,HAYIR
2026-08-18 10:59:24.628,0.00,0.44,0,0.0,0.0,0.000,0.0,0,EVET,HAYIR
2026-08-18 10:59:24.648,0.00,0.44,0,0.0,0.0,0.000,0.0,0,EVET,HAYIR
2026-08-18 10:59:24.668,0.00,0.31,0,0.0,0.0,0.000,0.0,0,EVET,HAYIR
2026-08-18 10:59:24.688,0.00,0.31,0,0.0,0.0,0.000,0.0,0,EVET,HAYIR
2026-08-18 10:59:24.708,0.00,0.31,0,0.0,0.0,0.000,0.0,0,EVET,HAYIR
2026-08-18 10:59:24.728,0.00,0.31,0,0.0,0.0,0.000,0.0,0,EVET,HAYIR
2026-08-18 10:59:24.748,0.00,0.31,0,0.0,0.0,0.000,0.0,0,EVET,HAYIR
2026-08-18 10:59:24.768,0.00,0.31,0,0.0,0.0,0.000,0.0,0,EVET,HAYIR
2026-08-18 10:59:24.788,0.00,0.31,0,0.0,0.0,0.000,0.0,0,EVET,HAYIR
2026-08-18 10:59:24.808,0.00,0.31,0,0.0,0.0,0.000,0.0,0,EVET,HAYIR
2026-08-18 10:59:24.828,0.00,0.31,0,0.0,0.0,0.000,0.0,0,EVET,HAYIR
2026-08-18 10:59:24.848,0.00,0.31,0,0.0,0.0,0.000,0.0,0,EVET,HAYIR
2026-08-18 10:59:24.868,0.00,0.31,0,0.0,0.0,0.000,0.0,0,EVET,HAYIR
2026-08-18 10:59:24.888,0.00,0.31,0,0.0,0.0,0.000,0.0,0,EVET,HAYIR
2026-08-18 10:59:24.908,0.00,0.31,0,0.0,0.0,0.000,0.0,0,EVET,HAYIR
2026-08-18 10:59:24.928,0.00,0.31,0,0.0,0.0,0.000,0.0,0,EVET,HAYIR
2026-08-18 10:59:24.948,0.00,0.31,0,0.0,0.0,0.000,0.0,0,EVET,HAYIR
2026-08-18 10:59:24.968,0.00,0.31,0,0.0,0.0,0.000,0.0,0,EVET,HAYIR
2026-08-18 10:59:24.988,0.00,0.21,0,0.0,0.0,0.000,0.0,0,EVET,HAYIR
2026-08-18 10:59:25.008,0.00,0.21,0,0.0,0.0,0.000,0.0,0,EVET,HAYIR
2026-08-18 10:59:25.028,0.00,0.21,0,0.0,0.0,0.000,0.0,0,EVET,HAYIR
2026-08-18 10:59:25.048,0.00,0.21,0,0.0,0.0,0.000,0.0,0,EVET,HAYIR
2026-08-18 10:59:25.068,0.00,0.21,0,0.0,0.0,0.000,0.0,0,EVET,HAYIR
2026-08-18 10:59:25.088,0.00,0.21,0,0.0,0.0,0.000,0.0,0,EVET,HAYIR
2026-08-18 10:59:25.108,0.00,0.21,0,0.0,0.0,0.000,0.0,0,EVET,HAYIR
2026-08-18 10:59:25.128,0.00,0.21,0,0.0,0.0,0.000,0.0,0,EVET,HAYIR
2026-08-18 10:59:25.148,0.00,0.21,0,0.0,0.0,0.000,0.0,0,EVET,HAYIR
2026-08-18 10:59:25.168,0.00,0.21,0,0.0,0.0,0.000,0.0,0,EVET,HAYIR
2026-08-18 10:59:25.188,0.00,0.21,0,0.0,0.0,0.000,0.0,0,EVET,HAYIR
2026-08-18 10:59:25.208,0.00,0.21,0,0.0,0.0,0.000,0.0,0,EVET,HAYIR
2026-08-18 10:59:25.228,0.00,0.21,0,0.0,0.0,0.000,0.0,0,EVET,HAYIR
2026-08-18 10:59:25.248,0.00,0.21,0,0.0,0.0,0.000,0.0,0,EVET,HAYIR
2026-08-18 10:59:25.268,0.00,0.21,0,0.0,0.0,0.000,0.0,0,EVET,HAYIR
2026-08-18 10:59:25.288,0.00,0.21,0,0.0,0.0,0.000,0.0,0,EVET,HAYIR
2026-08-18 10:59:25.308,0.00,0.15,0,0.0,0.0,0.000,0.0,0,EVET,HAYIR
2026-08-18 10:59:25.328,0.00,0.15,0,0.0,0.0,0.000,0.0,0,EVET,HAYIR
2026-08-18 10:59:25.348,0.00,0.15,0,0.0,0.0,0.000,0.0,0,EVET,HAYIR
2026-08-18 10:59:25.368,0.00,0.15,0,0.0,0.0,0.000,0.0,0,EVET,HAYIR
2026-08-18 10:59:25.388,0.00,0.15,0,0.0,0.0,0.000,0.0,0,EVET,HAYIR
2026-08-18 10:59:25.408,0.00,0.15,0,0.0,0.0,0.000,0.0,0,EVET,HAYIR
2026-08-18 10:59:25.428,0.00,0.15,0,0.0,0.0,0.000,0.0,0,EVET,HAYIR
2026-08-18 10:59:25.448,0.00,0.15,0,0.0,0.0,0.000,0.0,0,EVET,HAYIR
2026-08-18 10:59:25.468,0.00,0.15,0,0.0,0.0,0.000,0.0,0,EVET,HAYIR
2026-08-18 10:59:25.488,0.00,0.15,0,0.0,0.0,0.000,0.0,0,EVET,HAYIR
2026-08-18 10:59:25.508,0.00,0.15,0,0.0,0.0,0.000,0.0,0,EVET,HAYIR
2026-08-18 10:59:25.528,0.00,0.15,0,0.0,0.0,0.000,0.0,0,EVET,HAYIR
2026-08-18 10:59:25.548,0.00,0.15,0,0.0,0.0,0.000,0.0,0,EVET,HAYIR
2026-08-18 10:59:25.569,0.00,0.15,0,0.0,0.0,0.000,0.0,0,EVET,HAYIR
2026-08-18 10:59:25.588,0.00,0.15,0,0.0,0.0,0.000,0.0,0,EVET,HAYIR
2026-08-18 10:59:25.608,0.00,0.15,0,0.0,0.0,0.000,0.0,0,EVET,HAYIR
2026-08-18 10:59:25.628,0.00,0.10,0,0.0,0.0,0.000,0.0,0,EVET,HAYIR
2026-08-18 10:59:25.648,0.00,0.10,0,0.0,0.0,0.000,0.0,0,EVET,HAYIR
2026-08-18 10:59:25.668,0.00,0.10,0,0.0,0.0,0.000,0.0,0,EVET,HAYIR
2026-08-18 10:59:25.688,0.00,0.10,0,0.0,0.0,0.000,0.0,0,EVET,HAYIR
2026-08-18 10:59:25.708,0.00,0.10,0,0.0,0.0,0.000,0.0,0,EVET,HAYIR
2026-08-18 10:59:25.728,0.00,0.10,0,0.0,0.0,0.000,0.0,0,EVET,HAYIR
2026-08-18 10:59:25.748,0.00,0.10,0,0.0,0.0,0.000,0.0,0,EVET,HAYIR
2026-08-18 10:59:25.768,0.00,0.10,0,0.0,0.0,0.000,0.0,0,EVET,HAYIR
2026-08-18 10:59:25.788,0.00,0.10,0,0.0,0.0,0.000,0.0,0,EVET,HAYIR
2026-08-18 10:59:25.808,0.00,0.10,0,0.0,0.0,0.000,0.0,0,EVET,HAYIR
2026-08-18 10:59:25.828,0.00,0.10,0,0.0,0.0,0.000,0.0,0,EVET,HAYIR
2026-08-18 10:59:25.848,0.00,0.10,0,0.0,0.0,0.000,0.0,0,EVET,HAYIR
2026-08-18 10:59:25.868,0.00,0.10,0,0.0,0.0,0.000,0.0,0,EVET,HAYIR
2026-08-18 10:59:25.888,0.00,0.10,0,0.0,0.0,0.000,0.0,0,EVET,HAYIR
2026-08-18 10:59:25.908,0.00,0.10,0,0.0,0.0,0.000,0.0,0,EVET,HAYIR
2026-08-18 10:59:25.928,0.00,0.10,0,0.0,0.0,0.000,0.0,0,EVET,HAYIR
2026-08-18 10:59:25.948,0.00,0.07,0,0.0,0.0,0.000,0.0,0,HAYIR,HAYIR
2026-08-18 10:59:25.969,0.00,0.07,0,0.0,0.0,0.000,0.0,0,HAYIR,HAYIR
2026-08-18 10:59:25.988,0.00,0.07,0,0.0,0.0,0.000,0.0,0,HAYIR,HAYIR
2026-08-18 10:59:26.008,0.00,0.07,0,0.0,0.0,0.000,0.0,0,HAYIR,HAYIR
2026-08-18 10:59:26.028,0.00,0.07,0,0.0,0.0,0.000,0.0,0,HAYIR,HAYIR
2026-08-18 10:59:26.048,0.00,0.07,0,0.0,0.0,0.000,0.0,0,HAYIR,HAYIR
2026-08-18 10:59:26.068,0.00,0.07,0,0.0,0.0,0.000,0.0,0,HAYIR,HAYIR
2026-08-18 10:59:26.088,0.00,0.07,0,0.0,0.0,0.000,0.0,0,HAYIR,HAYIR
2026-08-18 10:59:26.108,0.00,0.07,0,0.0,0.0,0.000,0.0,0,HAYIR,HAYIR
2026-08-18 10:59:26.128,0.00,0.07,0,0.0,0.0,0.000,0.0,0,HAYIR,HAYIR
2026-08-18 10:59:26.148,0.00,0.07,0,0.0,0.0,0.000,0.0,0,HAYIR,HAYIR
2026-08-18 10:59:26.168,0.00,0.07,0,0.0,0.0,0.000,0.0,0,HAYIR,HAYIR
2026-08-18 10:59:26.188,0.00,0.07,0,0.0,0.0,0.000,0.0,0,HAYIR,HAYIR
2026-08-18 10:59:26.209,0.00,0.07,0,0.0,0.0,0.000,0.0,0,HAYIR,HAYIR
2026-08-18 10:59:26.228,0.00,0.07,0,0.0,0.0,0.000,0.0,0,HAYIR,HAYIR
2026-08-18 10:59:26.248,0.00,0.07,0,0.0,0.0,0.000,0.0,0,HAYIR,HAYIR
2026-08-18 10:59:26.268,0.00,0.07,0,0.0,0.0,0.000,0.0,0,HAYIR,HAYIR
2026-08-18 10:59:26.288,0.00,0.07,0,0.0,0.0,0.000,0.0,0,HAYIR,HAYIR
2026-08-18 10:59:26.308,0.00,0.07,0,0.0,0.0,0.000,0.0,0,HAYIR,HAYIR
2026-08-18 10:59:26.328,0.00,0.05,0,0.0,0.0,0.000,0.0,0,HAYIR,HAYIR
2026-08-18 10:59:26.348,0.00,0.05,0,0.0,0.0,0.000,0.0,0,HAYIR,HAYIR
2026-08-18 10:59:26.368,0.00,0.05,0,0.0,0.0,0.000,0.0,0,HAYIR,HAYIR
2026-08-18 10:59:26.388,0.00,0.05,0,0.0,0.0,0.000,0.0,0,HAYIR,HAYIR
2026-08-18 10:59:26.408,0.00,0.05,0,0.0,0.0,0.000,0.0,0,HAYIR,HAYIR
2026-08-18 10:59:26.428,0.00,0.05,0,0.0,0.0,0.000,0.0,0,HAYIR,HAYIR
2026-08-18 10:59:26.448,0.00,0.05,0,0.0,0.0,0.000,0.0,0,HAYIR,HAYIR
2026-08-18 10:59:26.468,0.00,0.05,0,0.0,0.0,0.000,0.0,0,HAYIR,HAYIR
2026-08-18 10:59:26.488,0.00,0.05,0,0.0,0.0,0.000,0.0,0,HAYIR,HAYIR
2026-08-18 10:59:26.508,0.00,0.05,0,0.0,0.0,0.000,0.0,0,HAYIR,HAYIR
2026-08-18 10:59:26.528,0.00,0.05,0,0.0,0.0,0.000,0.0,0,HAYIR,HAYIR
2026-08-18 10:59:26.548,0.00,0.05,0,0.0,0.0,0.000,0.0,0,HAYIR,HAYIR
2026-08-18 10:59:26.568,0.00,0.05,0,0.0,0.0,0.000,0.0,0,HAYIR,HAYIR
2026-08-18 10:59:26.588,0.00,0.05,0,0.0,0.0,0.000,0.0,0,HAYIR,HAYIR
2026-08-18 10:59:26.608,0.00,0.05,0,0.0,0.0,0.000,0.0,0,HAYIR,HAYIR
2026-08-18 10:59:26.628,0.00,0.05,0,0.0,0.0,0.000,0.0,0,HAYIR,HAYIR
2026-08-18 10:59:26.649,0.00,0.04,0,0.0,0.0,0.000,0.0,0,HAYIR,HAYIR
2026-08-18 10:59:26.668,0.00,0.04,0,0.0,0.0,0.000,0.0,0,HAYIR,HAYIR
2026-08-18 10:59:26.688,0.00,0.04,0,0.0,0.0,0.000,0.0,0,HAYIR,HAYIR
2026-08-18 10:59:26.708,0.00,0.04,0,0.0,0.0,0.000,0.0,0,HAYIR,HAYIR
2026-08-18 10:59:26.728,0.00,0.04,0,0.0,0.0,0.000,0.0,0,HAYIR,HAYIR
2026-08-18 10:59:26.748,0.00,0.04,0,0.0,0.0,0.000,0.0,0,HAYIR,HAYIR
2026-08-18 10:59:26.768,0.00,0.04,0,0.0,0.0,0.000,0.0,0,HAYIR,HAYIR
2026-08-18 10:59:26.788,0.00,0.04,0,0.0,0.0,0.000,0.0,0,HAYIR,HAYIR
2026-08-18 10:59:26.808,0.00,0.04,0,0.0,0.0,0.000,0.0,0,HAYIR,HAYIR
2026-08-18 10:59:26.828,0.00,0.04,0,0.0,0.0,0.000,0.0,0,HAYIR,HAYIR
2026-08-18 10:59:26.848,0.00,0.04,0,0.0,0.0,0.000,0.0,0,HAYIR,HAYIR
2026-08-18 10:59:26.868,0.00,0.04,0,0.0,0.0,0.000,0.0,0,HAYIR,HAYIR
2026-08-18 10:59:26.888,0.00,0.04,0,0.0,0.0,0.000,0.0,0,HAYIR,HAYIR
2026-08-18 10:59:26.908,0.00,0.04,0,0.0,0.0,0.000,0.0,0,HAYIR,HAYIR
2026-08-18 10:59:26.928,0.00,0.04,0,0.0,0.0,0.000,0.0,0,HAYIR,HAYIR
2026-08-18 10:59:26.948,0.00,0.04,0,0.0,0.0,0.000,0.0,0,HAYIR,HAYIR
2026-08-18 10:59:26.968,0.00,0.03,0,0.0,0.0,0.000,0.0,0,HAYIR,HAYIR
2026-08-18 10:59:26.988,0.00,0.03,0,0.0,0.0,0.000,0.0,0,HAYIR,HAYIR
2026-08-18 10:59:27.008,0.00,0.03,0,0.0,0.0,0.000,0.0,0,HAYIR,HAYIR
2026-08-18 10:59:27.028,0.00,0.03,0,0.0,0.0,0.000,0.0,0,HAYIR,HAYIR
2026-08-18 10:59:27.048,0.00,0.03,0,0.0,0.0,0.000,0.0,0,HAYIR,HAYIR
2026-08-18 10:59:27.068,0.00,0.03,0,0.0,0.0,0.000,0.0,0,HAYIR,HAYIR
2026-08-18 10:59:27.088,0.00,0.03,0,0.0,0.0,0.000,0.0,0,HAYIR,HAYIR
2026-08-18 10:59:27.108,0.00,0.03,0,0.0,0.0,0.000,0.0,0,HAYIR,HAYIR
2026-08-18 10:59:27.128,0.00,0.03,0,0.0,0.0,0.000,0.0,0,HAYIR,HAYIR
2026-08-18 10:59:27.148,0.00,0.03,0,0.0,0.0,0.000,0.0,0,HAYIR,HAYIR
2026-08-18 10:59:27.168,0.00,0.03,0,0.0,0.0,0.000,0.0,0,HAYIR,HAYIR
2026-08-18 10:59:27.188,0.00,0.03,0,0.0,0.0,0.000,0.0,0,HAYIR,HAYIR
2026-08-18 10:59:27.208,0.00,0.03,0,0.0,0.0,0.000,0.0,0,HAYIR,HAYIR
2026-08-18 10:59:27.228,0.00,0.03,0,0.0,0.0,0.000,0.0,0,HAYIR,HAYIR
2026-08-18 10:59:27.248,0.00,0.03,0,0.0,0.0,0.000,0.0,0,HAYIR,HAYIR
2026-08-18 10:59:27.268,0.00,0.03,0,0.0,0.0,0.000,0.0,0,HAYIR,HAYIR
2026-08-18 10:59:27.288,0.00,0.02,0,0.0,0.0,0.000,0.0,0,HAYIR,HAYIR
2026-08-18 10:59:27.308,0.00,0.02,0,0.0,0.0,0.000,0.0,0,HAYIR,HAYIR
2026-08-18 10:59:27.328,0.00,0.02,0,0.0,0.0,0.000,0.0,0,HAYIR,HAYIR
2026-08-18 10:59:27.349,0.00,0.02,0,0.0,0.0,0.000,0.0,0,HAYIR,HAYIR
2026-08-18 10:59:27.368,0.00,0.02,0,0.0,0.0,0.000,0.0,0,HAYIR,HAYIR
2026-08-18 10:59:27.388,0.00,0.02,0,0.0,0.0,0.000,0.0,0,HAYIR,HAYIR
2026-08-18 10:59:27.408,0.00,0.02,0,0.0,0.0,0.000,0.0,0,HAYIR,HAYIR
2026-08-18 10:59:27.428,0.00,0.02,0,0.0,0.0,0.000,0.0,0,HAYIR,HAYIR
2026-08-18 10:59:27.448,0.00,0.02,0,0.0,0.0,0.000,0.0,0,HAYIR,HAYIR
2026-08-18 10:59:27.468,0.00,0.02,0,0.0,0.0,0.000,0.0,0,HAYIR,HAYIR
2026-08-18 10:59:27.488,0.00,0.02,0,0.0,0.0,0.000,0.0,0,HAYIR,HAYIR
2026-08-18 10:59:27.508,0.00,0.02,0,0.0,0.0,0.000,0.0,0,HAYIR,HAYIR
2026-08-18 10:59:27.528,0.00,0.02,0,0.0,0.0,0.000,0.0,0,HAYIR,HAYIR
2026-08-18 10:59:27.548,0.00,0.02,0,0.0,0.0,0.000,0.0,0,HAYIR,HAYIR
2026-08-18 10:59:27.568,0.00,0.02,0,0.0,0.0,0.000,0.0,0,HAYIR,HAYIR
2026-08-18 10:59:27.588,0.00,0.02,0,0.0,0.0,0.000,0.0,0,HAYIR,HAYIR
2026-08-18 10:59:27.608,0.00,0.01,0,0.0,0.0,0.000,0.0,0,HAYIR,HAYIR
2026-08-18 10:59:27.628,0.00,0.01,0,0.0,0.0,0.000,0.0,0,HAYIR,HAYIR
2026-08-18 10:59:27.648,0.00,0.01,0,0.0,0.0,0.000,0.0,0,HAYIR,HAYIR
2026-08-18 10:59:27.668,0.00,0.01,0,0.0,0.0,0.000,0.0,0,HAYIR,HAYIR
2026-08-18 10:59:27.688,0.00,0.01,0,0.0,0.0,0.000,0.0,0,HAYIR,HAYIR
2026-08-18 10:59:27.708,0.00,0.01,0,0.0,0.0,0.000,0.0,0,HAYIR,HAYIR
2026-08-18 10:59:27.728,0.00,0.01,0,0.0,0.0,0.000,0.0,0,HAYIR,HAYIR
2026-08-18 10:59:27.748,0.00,0.01,0,0.0,0.0,0.000,0.0,0,HAYIR,HAYIR
2026-08-18 10:59:27.769,0.00,0.01,0,0.0,0.0,0.000,0.0,0,HAYIR,HAYIR
2026-08-18 10:59:27.788,0.00,0.01,0,0.0,0.0,0.000,0.0,0,HAYIR,HAYIR
2026-08-18 10:59:27.808,0.00,0.01,0,0.0,0.0,0.000,0.0,0,HAYIR,HAYIR
2026-08-18 10:59:27.828,0.00,0.01,0,0.0,0.0,0.000,0.0,0,HAYIR,HAYIR
2026-08-18 10:59:27.848,0.00,0.01,0,0.0,0.0,0.000,0.0,0,HAYIR,HAYIR
2026-08-18 10:59:27.868,0.00,0.01,0,0.0,0.0,0.000,0.0,0,HAYIR,HAYIR
2026-08-18 10:59:27.888,0.00,0.01,0,0.0,0.0,0.000,0.0,0,HAYIR,HAYIR
2026-08-18 10:59:27.908,0.00,0.01,0,0.0,0.0,0.000,0.0,0,HAYIR,HAYIR
2026-08-18 10:59:27.928,0.00,0.01,0,0.0,0.0,0.000,0.0,0,HAYIR,HAYIR
2026-08-18 10:59:27.948,0.00,0.01,0,0.0,0.0,0.000,0.0,0,HAYIR,HAYIR
2026-08-18 10:59:27.968,0.00,0.01,0,0.0,0.0,0.000,0.0,0,HAYIR,HAYIR
2026-08-18 10:59:27.988,0.00,0.01,0,0.0,0.0,0.000,0.0,0,HAYIR,HAYIR
2026-08-18 10:59:28.008,0.00,0.01,0,0.0,0.0,0.000,0.0,0,HAYIR,HAYIR
2026-08-18 10:59:28.028,0.00,0.01,0,0.0,0.0,0.000,0.0,0,HAYIR,HAYIR
2026-08-18 10:59:28.048,0.00,0.01,0,0.0,0.0,0.000,0.0,0,HAYIR,HAYIR
2026-08-18 10:59:28.068,0.00,0.01,0,0.0,0.0,0.000,0.0,0,HAYIR,HAYIR
2026-08-18 10:59:28.088,0.00,0.01,0,0.0,0.0,0.000,0.0,0,HAYIR,HAYIR
2026-08-18 10:59:28.108,0.00,0.01,0,0.0,0.0,0.000,0.0,0,HAYIR,HAYIR
2026-08-18 10:59:28.128,0.00,0.01,0,0.0,0.0,0.000,0.0,0,HAYIR,HAYIR
2026-08-18 10:59:28.148,0.00,0.01,0,0.0,0.0,0.000,0.0,0,HAYIR,HAYIR
2026-08-18 10:59:28.168,0.00,0.01,0,0.0,0.0,0.000,0.0,0,HAYIR,HAYIR
2026-08-18 10:59:28.189,0.00,0.01,0,0.0,0.0,0.000,0.0,0,HAYIR,HAYIR
2026-08-18 10:59:28.209,0.00,0.01,0,0.0,0.0,0.000,0.0,0,HAYIR,HAYIR
2026-08-18 10:59:28.228,0.00,0.01,0,0.0,0.0,0.000,0.0,0,HAYIR,HAYIR
2026-08-18 10:59:28.248,0.00,0.01,0,0.0,0.0,0.000,0.0,0,HAYIR,HAYIR
2026-08-18 10:59:28.268,0.00,0.01,0,0.0,0.0,0.000,0.0,0,HAYIR,HAYIR
2026-08-18 10:59:28.288,0.00,0.01,0,0.0,0.0,0.000,0.0,0,HAYIR,HAYIR
2026-08-18 10:59:28.308,0.00,0.01,0,0.0,0.0,0.000,0.0,0,HAYIR,HAYIR
2026-08-18 10:59:28.328,0.00,0.01,0,0.0,0.0,0.000,0.0,0,HAYIR,HAYIR
2026-08-18 10:59:28.348,0.00,0.01,0,0.0,0.0,0.000,0.0,0,HAYIR,HAYIR
2026-08-18 10:59:28.368,0.00,0.01,0,0.0,0.0,0.000,0.0,0,HAYIR,HAYIR
2026-08-18 10:59:28.388,0.00,0.01,0,0.0,0.0,0.000,0.0,0,HAYIR,HAYIR
2026-08-18 10:59:28.408,0.00,0.01,0,0.0,0.0,0.000,0.0,0,HAYIR,HAYIR
2026-08-18 10:59:28.428,0.00,0.01,0,0.0,0.0,0.000,0.0,0,HAYIR,HAYIR
2026-08-18 10:59:28.448,0.00,0.01,0,0.0,0.0,0.000,0.0,0,HAYIR,HAYIR
2026-08-18 10:59:28.468,0.00,0.01,0,0.0,0.0,0.000,0.0,0,HAYIR,HAYIR
2026-08-18 10:59:28.488,0.00,0.01,0,0.0,0.0,0.000,0.0,0,HAYIR,HAYIR
2026-08-18 10:59:28.508,0.00,0.01,0,0.0,0.0,0.000,0.0,0,HAYIR,HAYIR
2026-08-18 10:59:28.528,0.00,0.01,0,0.0,0.0,0.000,0.0,0,HAYIR,HAYIR
2026-08-18 10:59:28.548,0.00,0.01,0,0.0,0.0,0.000,0.0,0,HAYIR,HAYIR
2026-08-18 10:59:28.568,0.00,0.01,0,0.0,0.0,0.000,0.0,0,HAYIR,HAYIR
2026-08-18 10:59:28.588,0.00,0.01,0,0.0,0.0,0.000,0.0,0,HAYIR,HAYIR
2026-08-18 10:59:28.608,0.00,0.01,0,0.0,0.0,0.000,0.0,0,HAYIR,HAYIR
2026-08-18 10:59:28.628,0.00,0.00,0,0.0,0.0,0.000,0.0,0,HAYIR,HAYIR
2026-08-18 10:59:28.648,0.00,0.00,0,0.0,0.0,0.000,0.0,0,HAYIR,HAYIR
2026-08-18 10:59:28.668,0.00,0.00,0,0.0,0.0,0.000,0.0,0,HAYIR,HAYIR
2026-08-18 10:59:28.688,0.00,0.00,0,0.0,0.0,0.000,0.0,0,HAYIR,HAYIR
2026-08-18 10:59:28.708,0.00,0.00,0,0.0,0.0,0.000,0.0,0,HAYIR,HAYIR
2026-08-18 10:59:28.728,0.00,0.00,0,0.0,0.0,0.000,0.0,0,HAYIR,HAYIR
2026-08-18 10:59:28.748,0.00,0.00,0,0.0,0.0,0.000,0.0,0,HAYIR,HAYIR
2026-08-18 10:59:28.768,0.00,0.00,0,0.0,0.0,0.000,0.0,0,HAYIR,HAYIR
2026-08-18 10:59:28.788,0.00,0.00,0,0.0,0.0,0.000,0.0,0,HAYIR,HAYIR
2026-08-18 10:59:28.808,0.00,0.00,0,0.0,0.0,0.000,0.0,0,HAYIR,HAYIR
2026-08-18 10:59:28.828,0.00,0.00,0,0.0,0.0,0.000,0.0,0,HAYIR,HAYIR
2026-08-18 10:59:28.848,0.00,0.00,0,0.0,0.0,0.000,0.0,0,HAYIR,HAYIR
2026-08-18 10:59:28.868,0.00,0.00,0,0.0,0.0,0.000,0.0,0,HAYIR,HAYIR
2026-08-18 10:59:28.888,0.00,0.00,0,0.0,0.0,0.000,0.0,0,HAYIR,HAYIR
2026-08-18 10:59:28.908,0.00,0.00,0,0.0,0.0,0.000,0.0,0,HAYIR,HAYIR
2026-08-18 10:59:28.928,0.00,0.00,0,0.0,0.0,0.000,0.0,0,HAYIR,HAYIR
2026-08-18 10:59:28.948,0.00,0.00,0,0.0,0.0,0.000,0.0,0,HAYIR,HAYIR
2026-08-18 10:59:28.968,0.00,0.00,0,0.0,0.0,0.000,0.0,0,HAYIR,HAYIR
2026-08-18 10:59:28.988,0.00,0.00,0,0.0,0.0,0.000,0.0,0,HAYIR,HAYIR
2026-08-18 10:59:29.008,0.00,0.00,0,0.0,0.0,0.000,0.0,0,HAYIR,HAYIR
2026-08-18 10:59:29.028,0.00,0.00,0,0.0,0.0,0.000,0.0,0,HAYIR,HAYIR
2026-08-18 10:59:29.048,0.00,0.00,0,0.0,0.0,0.000,0.0,0,HAYIR,HAYIR
2026-08-18 10:59:29.068,0.00,0.00,0,0.0,0.0,0.000,0.0,0,HAYIR,HAYIR
2026-08-18 10:59:29.088,0.00,0.00,0,0.0,0.0,0.000,0.0,0,HAYIR,HAYIR
2026-08-18 10:59:29.108,0.00,0.00,0,0.0,0.0,0.000,0.0,0,HAYIR,HAYIR
2026-08-18 10:59:29.128,0.00,0.00,0,0.0,0.0,0.000,0.0,0,HAYIR,HAYIR
2026-08-18 10:59:29.148,0.00,0.00,0,0.0,0.0,0.000,0.0,0,HAYIR,HAYIR
2026-08-18 10:59:29.169,0.00,0.00,0,0.0,0.0,0.000,0.0,0,HAYIR,HAYIR
2026-08-18 10:59:29.188,0.00,0.00,0,0.0,0.0,0.000,0.0,0,HAYIR,HAYIR
2026-08-18 10:59:29.208,0.00,0.00,0,0.0,0.0,0.000,0.0,0,HAYIR,HAYIR
2026-08-18 10:59:29.228,0.00,0.00,0,0.0,0.0,0.000,0.0,0,HAYIR,HAYIR
2026-08-18 10:59:29.248,0.00,0.00,0,0.0,0.0,0.000,0.0,0,HAYIR,HAYIR
2026-08-18 10:59:29.268,0.00,0.00,0,0.0,0.0,0.000,0.0,0,HAYIR,HAYIR
2026-08-18 10:59:29.288,0.00,0.00,0,0.0,0.0,0.000,0.0,0,HAYIR,HAYIR
2026-08-18 10:59:29.308,0.00,0.00,0,0.0,0.0,0.000,0.0,0,HAYIR,HAYIR
2026-08-18 10:59:29.328,0.00,0.00,0,0.0,0.0,0.000,0.0,0,HAYIR,HAYIR
2026-08-18 10:59:29.348,0.00,0.00,0,0.0,0.0,0.000,0.0,0,HAYIR,HAYIR
2026-08-18 10:59:29.368,0.00,0.00,0,0.0,0.0,0.000,0.0,0,HAYIR,HAYIR
2026-08-18 10:59:29.388,0.00,0.00,0,0.0,0.0,0.000,0.0,0,HAYIR,HAYIR
2026-08-18 10:59:29.408,0.00,0.00,0,0.0,0.0,0.000,0.0,0,HAYIR,HAYIR
2026-08-18 10:59:29.428,0.00,0.00,0,0.0,0.0,0.000,0.0,0,HAYIR,HAYIR
2026-08-18 10:59:29.448,0.00,0.00,0,0.0,0.0,0.000,0.0,0,HAYIR,HAYIR
2026-08-18 10:59:29.468,0.00,0.00,0,0.0,0.0,0.000,0.0,0,HAYIR,HAYIR
2026-08-18 10:59:29.488,0.00,0.00,0,0.0,0.0,0.000,0.0,0,HAYIR,HAYIR
2026-08-18 10:59:29.508,0.00,0.00,0,0.0,0.0,0.000,0.0,0,HAYIR,HAYIR
2026-08-18 10:59:29.528,0.00,0.00,0,0.0,0.0,0.000,0.0,0,HAYIR,HAYIR
2026-08-18 10:59:29.548,0.00,0.00,0,0.0,0.0,0.000,0.0,0,HAYIR,HAYIR
2026-08-18 10:59:29.569,0.00,0.00,0,0.0,0.0,0.000,0.0,0,HAYIR,HAYIR
2026-08-18 10:59:29.588,0.00,0.00,0,0.0,0.0,0.000,0.0,0,HAYIR,HAYIR
2026-08-18 10:59:29.608,0.00,0.00,0,0.0,0.0,0.000,0.0,0,HAYIR,HAYIR
2026-08-18 10:59:29.628,0.00,0.00,0,0.0,0.0,0.000,0.0,0,HAYIR,HAYIR
2026-08-18 10:59:29.648,0.00,0.00,0,0.0,0.0,0.000,0.0,0,HAYIR,HAYIR
2026-08-18 10:59:29.668,0.00,0.00,0,0.0,0.0,0.000,0.0,0,HAYIR,HAYIR
2026-08-18 10:59:29.688,0.00,0.00,0,0.0,0.0,0.000,0.0,0,HAYIR,HAYIR
2026-08-18 10:59:29.708,0.00,0.00,0,0.0,0.0,0.000,0.0,0,HAYIR,HAYIR
2026-08-18 10:59:29.728,0.00,0.00,0,0.0,0.0,0.000,0.0,0,HAYIR,HAYIR
2026-08-18 10:59:29.748,0.00,0.00,0,0.0,0.0,0.000,0.0,0,HAYIR,HAYIR
2026-08-18 10:59:29.768,0.00,0.00,0,0.0,0.0,0.000,0.0,0,HAYIR,HAYIR
2026-08-18 10:59:29.788,0.00,0.00,0,0.0,0.0,0.000,0.0,0,HAYIR,HAYIR
2026-08-18 10:59:29.808,0.00,0.00,0,0.0,0.0,0.000,0.0,0,HAYIR,HAYIR
2026-08-18 10:59:29.828,0.00,0.00,0,0.0,0.0,0.000,0.0,0,HAYIR,HAYIR
2026-08-18 10:59:29.848,0.00,0.00,0,0.0,0.0,0.000,0.0,0,HAYIR,HAYIR
2026-08-18 10:59:29.868,0.00,0.00,0,0.0,0.0,0.000,0.0,0,HAYIR,HAYIR
2026-08-18 10:59:29.888,0.00,0.00,0,0.0,0.0,0.000,0.0,0,HAYIR,HAYIR
2026-08-18 10:59:29.908,0.00,0.00,0,0.0,0.0,0.000,0.0,0,HAYIR,HAYIR
2026-08-18 10:59:29.928,0.00,0.00,0,0.0,0.0,0.000,0.0,0,HAYIR,HAYIR
2026-08-18 10:59:29.948,0.00,0.00,0,0.0,0.0,0.000,0.0,0,HAYIR,HAYIR
2026-08-18 10:59:29.969,0.00,0.00,0,0.0,0.0,0.000,0.0,0,HAYIR,HAYIR
2026-08-18 10:59:29.988,0.00,0.00,0,0.0,0.0,0.000,0.0,0,HAYIR,HAYIR
2026-08-18 10:59:30.008,0.00,0.00,0,0.0,0.0,0.000,0.0,0,HAYIR,HAYIR
2026-08-18 10:59:30.028,0.00,0.00,0,0.0,0.0,0.000,0.0,0,HAYIR,HAYIR
2026-08-18 10:59:30.048,0.00,0.00,0,0.0,0.0,0.000,0.0,0,HAYIR,HAYIR
2026-08-18 10:59:30.069,0.00,0.00,0,0.0,0.0,0.000,0.0,0,HAYIR,HAYIR
2026-08-18 10:59:30.088,0.00,0.00,0,0.0,0.0,0.000,0.0,0,HAYIR,HAYIR
2026-08-18 10:59:30.108,0.00,0.00,0,0.0,0.0,0.000,0.0,0,HAYIR,HAYIR
2026-08-18 10:59:30.128,0.00,0.00,0,0.0,0.0,0.000,0.0,0,HAYIR,HAYIR
2026-08-18 10:59:30.148,0.00,0.00,0,0.0,0.0,0.000,0.0,0,HAYIR,HAYIR
2026-08-18 10:59:30.168,0.00,0.00,0,0.0,0.0,0.000,0.0,0,HAYIR,HAYIR
2026-08-18 10:59:30.188,0.00,0.00,0,0.0,0.0,0.000,0.0,0,HAYIR,HAYIR
2026-08-18 10:59:30.208,0.00,0.00,0,0.0,0.0,0.000,0.0,0,HAYIR,HAYIR
2026-08-18 10:59:30.228,0.00,0.00,0,0.0,0.0,0.000,0.0,0,HAYIR,HAYIR
2026-08-18 10:59:30.248,0.00,0.00,0,0.0,0.0,0.000,0.0,0,HAYIR,HAYIR
2026-08-18 10:59:30.268,0.00,0.00,0,0.0,0.0,0.000,0.0,0,HAYIR,HAYIR
2026-08-18 10:59:30.288,0.00,0.00,0,0.0,0.0,0.000,0.0,0,HAYIR,HAYIR
2026-08-18 10:59:30.308,0.00,0.00,0,0.0,0.0,0.000,0.0,0,HAYIR,HAYIR
2026-08-18 10:59:30.328,0.00,0.00,0,0.0,0.0,0.000,0.0,0,HAYIR,HAYIR
2026-08-18 10:59:30.348,0.00,0.00,0,0.0,0.0,0.000,0.0,0,HAYIR,HAYIR
2026-08-18 10:59:30.368,0.00,0.00,0,0.0,0.0,0.000,0.0,0,HAYIR,HAYIR
2026-08-18 10:59:30.388,0.00,0.00,0,0.0,0.0,0.000,0.0,0,HAYIR,HAYIR
2026-08-18 10:59:30.408,0.00,0.00,0,0.0,0.0,0.000,0.0,0,HAYIR,HAYIR
2026-08-18 10:59:30.428,0.00,0.00,0,0.0,0.0,0.000,0.0,0,HAYIR,HAYIR
2026-08-18 10:59:30.448,0.00,0.00,0,0.0,0.0,0.000,0.0,0,HAYIR,HAYIR
2026-08-18 10:59:30.468,0.00,0.00,0,0.0,0.0,0.000,0.0,0,HAYIR,HAYIR
2026-08-18 10:59:30.488,0.00,0.00,0,0.0,0.0,0.000,0.0,0,HAYIR,HAYIR
2026-08-18 10:59:30.508,0.00,0.00,0,0.0,0.0,0.000,0.0,0,HAYIR,HAYIR
2026-08-18 10:59:30.528,0.00,0.00,0,0.0,0.0,0.000,0.0,0,HAYIR,HAYIR
2026-08-18 10:59:30.548,0.00,0.00,0,0.0,0.0,0.000,0.0,0,HAYIR,HAYIR
2026-08-18 10:59:30.568,0.00,0.00,0,0.0,0.0,0.000,0.0,0,HAYIR,HAYIR
2026-08-18 10:59:30.588,0.00,0.00,0,0.0,0.0,0.000,0.0,0,HAYIR,HAYIR
2026-08-18 10:59:30.608,0.00,0.00,0,0.0,0.0,0.000,0.0,0,HAYIR,HAYIR
2026-08-18 10:59:30.628,0.00,0.00,0,0.0,0.0,0.000,0.0,0,HAYIR,HAYIR
2026-08-18 10:59:30.648,0.00,0.00,0,0.0,0.0,0.000,0.0,0,HAYIR,HAYIR
2026-08-18 10:59:30.668,0.00,0.00,0,0.0,0.0,0.000,0.0,0,HAYIR,HAYIR
2026-08-18 10:59:30.688,0.00,0.00,0,0.0,0.0,0.000,0.0,0,HAYIR,HAYIR
2026-08-18 10:59:30.708,0.00,0.00,0,0.0,0.0,0.000,0.0,0,HAYIR,HAYIR
2026-08-18 10:59:30.728,0.00,0.00,0,0.0,0.0,0.000,0.0,0,HAYIR,HAYIR
2026-08-18 10:59:30.748,0.00,0.00,0,0.0,0.0,0.000,0.0,0,HAYIR,HAYIR
2026-08-18 10:59:30.769,0.00,0.00,0,0.0,0.0,0.000,0.0,0,HAYIR,HAYIR
2026-08-18 10:59:30.788,0.00,0.00,0,0.0,0.0,0.000,0.0,0,HAYIR,HAYIR
2026-08-18 10:59:30.808,0.00,0.00,0,0.0,0.0,0.000,0.0,0,HAYIR,HAYIR
2026-08-18 10:59:30.828,0.00,0.00,0,0.0,0.0,0.000,0.0,0,HAYIR,HAYIR
2026-08-18 10:59:30.848,0.00,0.00,0,0.0,0.0,0.000,0.0,0,HAYIR,HAYIR
2026-08-18 10:59:30.868,0.00,0.00,0,0.0,0.0,0.000,0.0,0,HAYIR,HAYIR
2026-08-18 10:59:30.888,0.00,0.00,0,0.0,0.0,0.000,0.0,0,HAYIR,HAYIR
2026-08-18 10:59:30.908,0.00,0.00,0,0.0,0.0,0.000,0.0,0,HAYIR,HAYIR
2026-08-18 10:59:30.928,0.00,0.00,0,0.0,0.0,0.000,0.0,0,HAYIR,HAYIR
2026-08-18 10:59:30.948,0.00,0.00,0,0.0,0.0,0.000,0.0,0,HAYIR,HAYIR
2026-08-18 10:59:30.969,0.00,0.00,0,0.0,0.0,0.000,0.0,0,HAYIR,HAYIR
2026-08-18 10:59:30.988,0.00,0.00,0,0.0,0.0,0.000,0.0,0,HAYIR,HAYIR
2026-08-18 10:59:31.008,0.00,0.00,0,0.0,0.0,0.000,0.0,0,HAYIR,HAYIR
2026-08-18 10:59:31.028,0.00,0.00,0,0.0,0.0,0.000,0.0,0,HAYIR,HAYIR
2026-08-18 10:59:31.048,0.00,0.00,0,0.0,0.0,0.000,0.0,0,HAYIR,HAYIR
2026-08-18 10:59:31.069,0.00,0.00,0,0.0,0.0,0.000,0.0,0,HAYIR,HAYIR
2026-08-18 10:59:31.088,0.00,0.00,0,0.0,0.0,0.000,0.0,0,HAYIR,HAYIR
2026-08-18 10:59:31.108,0.00,0.00,0,0.0,0.0,0.000,0.0,0,HAYIR,HAYIR
2026-08-18 10:59:31.128,0.00,0.00,0,0.0,0.0,0.000,0.0,0,HAYIR,HAYIR
2026-08-18 10:59:31.148,0.00,0.00,0,0.0,0.0,0.000,0.0,0,HAYIR,HAYIR
2026-08-18 10:59:31.168,0.00,0.00,0,0.0,0.0,0.000,0.0,0,HAYIR,HAYIR
2026-08-18 10:59:31.188,0.00,0.00,0,0.0,0.0,0.000,0.0,0,HAYIR,HAYIR
2026-08-18 10:59:31.208,0.00,0.00,0,0.0,0.0,0.000,0.0,0,HAYIR,HAYIR
2026-08-18 10:59:31.228,0.00,0.00,0,0.0,0.0,0.000,0.0,0,HAYIR,HAYIR
2026-08-18 10:59:31.248,0.00,0.00,0,0.0,0.0,0.000,0.0,0,HAYIR,HAYIR
2026-08-18 10:59:31.268,0.00,0.00,0,0.0,0.0,0.000,0.0,0,HAYIR,HAYIR
2026-08-18 10:59:31.288,0.00,0.00,0,0.0,0.0,0.000,0.0,0,HAYIR,HAYIR
2026-08-18 10:59:31.308,0.00,0.00,0,0.0,0.0,0.000,0.0,0,HAYIR,HAYIR
2026-08-18 10:59:31.328,0.00,0.00,0,0.0,0.0,0.000,0.0,0,HAYIR,HAYIR
2026-08-18 10:59:31.348,0.00,0.00,0,0.0,0.0,0.000,0.0,0,HAYIR,HAYIR
2026-08-18 10:59:31.368,0.00,0.00,0,0.0,0.0,0.000,0.0,0,HAYIR,HAYIR
2026-08-18 10:59:31.388,0.00,0.00,0,0.0,0.0,0.000,0.0,0,HAYIR,HAYIR
2026-08-18 10:59:31.408,0.00,0.00,0,0.0,0.0,0.000,0.0,0,HAYIR,HAYIR
2026-08-18 10:59:31.428,0.00,0.00,0,0.0,0.0,0.000,0.0,0,HAYIR,HAYIR
2026-08-18 10:59:31.448,0.00,0.00,0,0.0,0.0,0.000,0.0,0,HAYIR,HAYIR
2026-08-18 10:59:31.468,0.00,0.00,0,0.0,0.0,0.000,0.0,0,HAYIR,HAYIR
2026-08-18 10:59:31.488,0.00,0.00,0,0.0,0.0,0.000,0.0,0,HAYIR,HAYIR
2026-08-18 10:59:31.508,0.00,0.00,0,0.0,0.0,0.000,0.0,0,HAYIR,HAYIR
2026-08-18 10:59:31.528,0.00,0.00,0,0.0,0.0,0.000,0.0,0,HAYIR,HAYIR
2026-08-18 10:59:31.548,0.00,0.00,0,0.0,0.0,0.000,0.0,0,HAYIR,HAYIR
2026-08-18 10:59:31.568,0.00,0.00,0,0.0,0.0,0.000,0.0,0,HAYIR,HAYIR
2026-08-18 10:59:31.588,0.00,0.00,0,0.0,0.0,0.000,0.0,0,HAYIR,HAYIR
2026-08-18 10:59:31.608,0.00,0.00,0,0.0,0.0,0.000,0.0,0,HAYIR,HAYIR
2026-08-18 10:59:31.628,0.00,0.00,0,0.0,0.0,0.000,0.0,0,HAYIR,HAYIR
2026-08-18 10:59:31.648,0.00,0.00,0,0.0,0.0,0.000,0.0,0,HAYIR,HAYIR
2026-08-18 10:59:31.668,0.00,0.00,0,0.0,0.0,0.000,0.0,0,HAYIR,HAYIR
2026-08-18 10:59:31.688,0.00,0.00,0,0.0,0.0,0.000,0.0,0,HAYIR,HAYIR
2026-08-18 10:59:31.708,0.00,0.00,0,0.0,0.0,0.000,0.0,0,HAYIR,HAYIR
2026-08-18 10:59:31.728,0.00,0.00,0,0.0,0.0,0.000,0.0,0,HAYIR,HAYIR
2026-08-18 10:59:31.748,0.00,0.00,0,0.0,0.0,0.000,0.0,0,HAYIR,HAYIR
2026-08-18 10:59:31.768,0.00,0.00,0,0.0,0.0,0.000,0.0,0,HAYIR,HAYIR
2026-08-18 10:59:31.788,0.00,0.00,0,0.0,0.0,0.000,0.0,0,HAYIR,HAYIR
2026-08-18 10:59:31.808,0.00,0.00,0,0.0,0.0,0.000,0.0,0,HAYIR,HAYIR
2026-08-18 10:59:31.828,0.00,0.00,0,0.0,0.0,0.000,0.0,0,HAYIR,HAYIR
2026-08-18 10:59:31.848,0.00,0.00,0,0.0,0.0,0.000,0.0,0,HAYIR,HAYIR
2026-08-18 10:59:31.868,0.00,0.00,0,0.0,0.0,0.000,0.0,0,HAYIR,HAYIR
2026-08-18 10:59:31.888,0.00,0.00,0,0.0,0.0,0.000,0.0,0,HAYIR,HAYIR
2026-08-18 10:59:31.908,0.00,0.00,0,0.0,0.0,0.000,0.0,0,HAYIR,HAYIR
2026-08-18 10:59:31.928,0.00,0.00,0,0.0,0.0,0.000,0.0,0,HAYIR,HAYIR
2026-08-18 10:59:31.948,0.00,0.00,0,0.0,0.0,0.000,0.0,0,HAYIR,HAYIR
2026-08-18 10:59:31.968,0.00,0.00,0,0.0,0.0,0.000,0.0,0,HAYIR,HAYIR
2026-08-18 10:59:31.988,0.00,0.00,0,0.0,0.0,0.000,0.0,0,HAYIR,HAYIR
2026-08-18 10:59:32.008,0.00,0.00,0,0.0,0.0,0.000,0.0,0,HAYIR,HAYIR
2026-08-18 10:59:32.028,0.00,0.00,0,0.0,0.0,0.000,0.0,0,HAYIR,HAYIR
2026-08-18 10:59:32.048,0.00,0.00,0,0.0,0.0,0.000,0.0,0,HAYIR,HAYIR
2026-08-18 10:59:32.068,0.00,0.00,0,0.0,0.0,0.000,0.0,0,HAYIR,HAYIR
2026-08-18 10:59:32.088,0.00,0.00,0,0.0,0.0,0.000,0.0,0,HAYIR,HAYIR
2026-08-18 10:59:32.108,0.00,0.00,0,0.0,0.0,0.000,0.0,0,HAYIR,HAYIR
2026-08-18 10:59:32.128,0.00,0.00,0,0.0,0.0,0.000,0.0,0,HAYIR,HAYIR
2026-08-18 10:59:32.148,0.00,0.00,0,0.0,0.0,0.000,0.0,0,HAYIR,HAYIR
2026-08-18 10:59:32.168,0.00,0.00,0,0.0,0.0,0.000,0.0,0,HAYIR,HAYIR
2026-08-18 10:59:32.188,0.00,0.00,0,0.0,0.0,0.000,0.0,0,HAYIR,HAYIR
2026-08-18 10:59:32.208,0.00,0.00,0,0.0,0.0,0.000,0.0,0,HAYIR,HAYIR
2026-08-18 10:59:32.228,0.00,0.00,0,0.0,0.0,0.000,0.0,0,HAYIR,HAYIR
2026-08-18 10:59:32.248,0.00,0.00,0,0.0,0.0,0.000,0.0,0,HAYIR,HAYIR
2026-08-18 10:59:32.268,0.00,0.00,0,0.0,0.0,0.000,0.0,0,HAYIR,HAYIR
2026-08-18 10:59:32.288,0.00,0.00,0,0.0,0.0,0.000,0.0,0,HAYIR,HAYIR
2026-08-18 10:59:32.308,0.00,0.00,0,0.0,0.0,0.000,0.0,0,HAYIR,HAYIR
2026-08-18 10:59:32.328,0.00,0.00,0,0.0,0.0,0.000,0.0,0,HAYIR,HAYIR
2026-08-18 10:59:32.349,0.00,0.00,0,0.0,0.0,0.000,0.0,0,HAYIR,HAYIR
2026-08-18 10:59:32.369,0.00,0.00,0,0.0,0.0,0.000,0.0,0,HAYIR,HAYIR
2026-08-18 10:59:32.388,0.00,0.00,0,0.0,0.0,0.000,0.0,0,HAYIR,HAYIR
2026-08-18 10:59:32.408,0.00,0.00,0,0.0,0.0,0.000,0.0,0,HAYIR,HAYIR
2026-08-18 10:59:32.428,0.00,0.00,0,0.0,0.0,0.000,0.0,0,HAYIR,HAYIR
2026-08-18 10:59:32.448,0.00,0.00,0,0.0,0.0,0.000,0.0,0,HAYIR,HAYIR
2026-08-18 10:59:32.468,0.00,0.00,0,0.0,0.0,0.000,0.0,0,HAYIR,HAYIR
2026-08-18 10:59:32.488,0.00,0.00,0,0.0,0.0,0.000,0.0,0,HAYIR,HAYIR
2026-08-18 10:59:32.508,0.00,0.00,0,0.0,0.0,0.000,0.0,0,HAYIR,HAYIR
2026-08-18 10:59:32.528,0.00,0.00,0,0.0,0.0,0.000,0.0,0,HAYIR,HAYIR
2026-08-18 10:59:32.548,0.00,0.00,0,0.0,0.0,0.000,0.0,0,HAYIR,HAYIR
2026-08-18 10:59:32.568,0.00,0.00,0,0.0,0.0,0.000,0.0,0,HAYIR,HAYIR
2026-08-18 10:59:32.588,0.00,0.00,0,0.0,0.0,0.000,0.0,0,HAYIR,HAYIR
2026-08-18 10:59:32.608,0.00,0.00,0,0.0,0.0,0.000,0.0,0,HAYIR,HAYIR
2026-08-18 10:59:32.628,0.00,0.00,0,0.0,0.0,0.000,0.0,0,HAYIR,HAYIR
2026-08-18 10:59:32.648,0.00,0.00,0,0.0,0.0,0.000,0.0,0,HAYIR,HAYIR
2026-08-18 10:59:32.668,0.00,0.00,0,0.0,0.0,0.000,0.0,0,HAYIR,HAYIR
2026-08-18 10:59:32.688,0.00,0.00,0,0.0,0.0,0.000,0.0,0,HAYIR,HAYIR
2026-08-18 10:59:32.708,0.00,0.00,0,0.0,0.0,0.000,0.0,0,HAYIR,HAYIR
2026-08-18 10:59:32.728,0.00,0.00,0,0.0,0.0,0.000,0.0,0,HAYIR,HAYIR
2026-08-18 10:59:32.748,0.00,0.00,0,0.0,0.0,0.000,0.0,0,HAYIR,HAYIR
2026-08-18 10:59:32.768,0.00,0.00,0,0.0,0.0,0.000,0.0,0,HAYIR,HAYIR
2026-08-18 10:59:32.788,0.00,0.00,0,0.0,0.0,0.000,0.0,0,HAYIR,HAYIR
2026-08-18 10:59:32.808,0.00,0.00,0,0.0,0.0,0.000,0.0,0,HAYIR,HAYIR
2026-08-18 10:59:32.828,0.00,0.00,0,0.0,0.0,0.000,0.0,0,HAYIR,HAYIR
2026-08-18 10:59:32.848,0.00,0.00,0,0.0,0.0,0.000,0.0,0,HAYIR,HAYIR
2026-08-18 10:59:32.868,0.00,0.00,0,0.0,0.0,0.000,0.0,0,HAYIR,HAYIR
2026-08-18 10:59:32.888,0.00,0.00,0,0.0,0.0,0.000,0.0,0,HAYIR,HAYIR
2026-08-18 10:59:32.908,0.00,0.00,0,0.0,0.0,0.000,0.0,0,HAYIR,HAYIR
2026-08-18 10:59:32.928,0.00,0.00,0,0.0,0.0,0.000,0.0,0,HAYIR,HAYIR
2026-08-18 10:59:32.948,0.00,0.00,0,0.0,0.0,0.000,0.0,0,HAYIR,HAYIR
2026-08-18 10:59:32.968,0.00,0.00,0,0.0,0.0,0.000,0.0,0,HAYIR,HAYIR
2026-08-18 10:59:32.988,0.00,0.00,0,0.0,0.0,0.000,0.0,0,HAYIR,HAYIR
2026-08-18 10:59:33.009,0.00,0.00,0,0.0,0.0,0.000,0.0,0,HAYIR,HAYIR
2026-08-18 10:59:33.028,0.00,0.00,0,0.0,0.0,0.000,0.0,0,HAYIR,HAYIR
2026-08-18 10:59:33.048,0.00,0.00,0,0.0,0.0,0.000,0.0,0,HAYIR,HAYIR
2026-08-18 10:59:33.068,0.00,0.00,0,0.0,0.0,0.000,0.0,0,HAYIR,HAYIR
2026-08-18 10:59:33.088,0.00,0.00,0,0.0,0.0,0.000,0.0,0,HAYIR,HAYIR
2026-08-18 10:59:33.109,0.00,0.00,0,0.0,0.0,0.000,0.0,0,HAYIR,HAYIR
2026-08-18 10:59:33.128,0.00,0.00,0,0.0,0.0,0.000,0.0,0,HAYIR,HAYIR
2026-08-18 10:59:33.148,0.00,0.00,0,0.0,0.0,0.000,0.0,0,HAYIR,HAYIR
2026-08-18 10:59:33.168,0.00,0.00,0,0.0,0.0,0.000,0.0,0,HAYIR,HAYIR
2026-08-18 10:59:33.188,0.00,0.00,0,0.0,0.0,0.000,0.0,0,HAYIR,HAYIR
2026-08-18 10:59:33.208,0.00,0.00,0,0.0,0.0,0.000,0.0,0,HAYIR,HAYIR
2026-08-18 10:59:33.228,0.00,0.00,0,0.0,0.0,0.000,0.0,0,HAYIR,HAYIR
2026-08-18 10:59:33.248,0.00,0.00,0,0.0,0.0,0.000,0.0,0,HAYIR,HAYIR
2026-08-18 10:59:33.268,0.00,0.00,0,0.0,0.0,0.000,0.0,0,HAYIR,HAYIR
2026-08-18 10:59:33.288,0.00,0.00,0,0.0,0.0,0.000,0.0,0,HAYIR,HAYIR
2026-08-18 10:59:33.308,0.00,0.00,0,0.0,0.0,0.000,0.0,0,HAYIR,HAYIR
2026-08-18 10:59:33.328,0.00,0.00,0,0.0,0.0,0.000,0.0,0,HAYIR,HAYIR
2026-08-18 10:59:33.348,0.00,0.00,0,0.0,0.0,0.000,0.0,0,HAYIR,HAYIR
2026-08-18 10:59:33.369,0.00,0.00,0,0.0,0.0,0.000,0.0,0,HAYIR,HAYIR
2026-08-18 10:59:33.388,0.00,0.00,0,0.0,0.0,0.000,0.0,0,HAYIR,HAYIR
2026-08-18 10:59:33.408,0.00,0.00,0,0.0,0.0,0.000,0.0,0,HAYIR,HAYIR
2026-08-18 10:59:33.428,0.00,0.00,0,0.0,0.0,0.000,0.0,0,HAYIR,HAYIR
2026-08-18 10:59:33.448,0.00,0.00,0,0.0,0.0,0.000,0.0,0,HAYIR,HAYIR
2026-08-18 10:59:33.468,0.00,0.00,0,0.0,0.0,0.000,0.0,0,HAYIR,HAYIR
2026-08-18 10:59:33.488,0.00,0.00,0,0.0,0.0,0.000,0.0,0,HAYIR,HAYIR
2026-08-18 10:59:33.508,0.00,0.00,0,0.0,0.0,0.000,0.0,0,HAYIR,HAYIR
2026-08-18 10:59:33.528,0.00,0.00,0,0.0,0.0,0.000,0.0,0,HAYIR,HAYIR
2026-08-18 10:59:33.548,0.00,0.00,0,0.0,0.0,0.000,0.0,0,HAYIR,HAYIR
2026-08-18 10:59:33.569,0.00,0.00,0,0.0,0.0,0.000,0.0,0,HAYIR,HAYIR
2026-08-18 10:59:33.588,0.00,0.00,0,0.0,0.0,0.000,0.0,0,HAYIR,HAYIR
2026-08-18 10:59:33.608,0.00,0.00,0,0.0,0.0,0.000,0.0,0,HAYIR,HAYIR
2026-08-18 10:59:33.628,0.00,0.00,0,0.0,0.0,0.000,0.0,0,HAYIR,HAYIR
2026-08-18 10:59:33.648,0.00,0.00,0,0.0,0.0,0.000,0.0,0,HAYIR,HAYIR
2026-08-18 10:59:33.668,0.00,0.00,0,0.0,0.0,0.000,0.0,0,HAYIR,HAYIR
2026-08-18 10:59:33.688,0.00,0.00,0,0.0,0.0,0.000,0.0,0,HAYIR,HAYIR
2026-08-18 10:59:33.708,0.00,0.00,0,0.0,0.0,0.000,0.0,0,HAYIR,HAYIR
2026-08-18 10:59:33.728,0.00,0.00,0,0.0,0.0,0.000,0.0,0,HAYIR,HAYIR
2026-08-18 10:59:33.748,0.00,0.00,0,0.0,0.0,0.000,0.0,0,HAYIR,HAYIR
2026-08-18 10:59:33.768,0.00,0.00,0,0.0,0.0,0.000,0.0,0,HAYIR,HAYIR
2026-08-18 10:59:33.788,0.00,0.00,0,0.0,0.0,0.000,0.0,0,HAYIR,HAYIR
2026-08-18 10:59:33.808,0.00,0.00,0,0.0,0.0,0.000,0.0,0,HAYIR,HAYIR
2026-08-18 10:59:33.828,0.00,0.00,0,0.0,0.0,0.000,0.0,0,HAYIR,HAYIR
2026-08-18 10:59:33.848,0.00,0.00,0,0.0,0.0,0.000,0.0,0,HAYIR,HAYIR
2026-08-18 10:59:33.868,0.00,0.00,0,0.0,0.0,0.000,0.0,0,HAYIR,HAYIR
2026-08-18 10:59:33.888,0.00,0.00,0,0.0,0.0,0.000,0.0,0,HAYIR,HAYIR
2026-08-18 10:59:33.908,0.00,0.00,0,0.0,0.0,0.000,0.0,0,HAYIR,HAYIR
2026-08-18 10:59:33.928,0.00,0.00,0,0.0,0.0,0.000,0.0,0,HAYIR,HAYIR
2026-08-18 10:59:33.948,0.00,0.00,0,0.0,0.0,0.000,0.0,0,HAYIR,HAYIR
2026-08-18 10:59:33.968,0.00,0.00,0,0.0,0.0,0.000,0.0,0,HAYIR,HAYIR
2026-08-18 10:59:33.988,0.00,0.00,0,0.0,0.0,0.000,0.0,0,HAYIR,HAYIR
2026-08-18 10:59:34.008,0.00,0.00,0,0.0,0.0,0.000,0.0,0,HAYIR,HAYIR
2026-08-18 10:59:34.028,0.00,0.00,0,0.0,0.0,0.000,0.0,0,HAYIR,HAYIR
2026-08-18 10:59:34.048,0.00,0.00,0,0.0,0.0,0.000,0.0,0,HAYIR,HAYIR
2026-08-18 10:59:34.068,0.00,0.00,0,0.0,0.0,0.000,0.0,0,HAYIR,HAYIR
2026-08-18 10:59:34.088,0.00,0.00,0,0.0,0.0,0.000,0.0,0,HAYIR,HAYIR
2026-08-18 10:59:34.108,0.00,0.00,0,0.0,0.0,0.000,0.0,0,HAYIR,HAYIR
2026-08-18 10:59:34.128,0.00,0.00,0,0.0,0.0,0.000,0.0,0,HAYIR,HAYIR
2026-08-18 10:59:34.148,0.00,0.00,0,0.0,0.0,0.000,0.0,0,HAYIR,HAYIR
2026-08-18 10:59:34.168,0.00,0.00,0,0.0,0.0,0.000,0.0,0,HAYIR,HAYIR
2026-08-18 10:59:34.188,0.00,0.00,0,0.0,0.0,0.000,0.0,0,HAYIR,HAYIR
2026-08-18 10:59:34.208,0.00,0.00,0,0.0,0.0,0.000,0.0,0,HAYIR,HAYIR
2026-08-18 10:59:34.228,0.00,0.00,0,0.0,0.0,0.000,0.0,0,HAYIR,HAYIR
2026-08-18 10:59:34.248,0.00,0.00,0,0.0,0.0,0.000,0.0,0,HAYIR,HAYIR
2026-08-18 10:59:34.268,0.00,0.00,0,0.0,0.0,0.000,0.0,0,HAYIR,HAYIR
2026-08-18 10:59:34.288,0.00,0.00,0,0.0,0.0,0.000,0.0,0,HAYIR,HAYIR
2026-08-18 10:59:34.309,0.00,0.00,0,0.0,0.0,0.000,0.0,0,HAYIR,HAYIR
2026-08-18 10:59:34.328,0.00,0.00,0,0.0,0.0,0.000,0.0,0,HAYIR,HAYIR
2026-08-18 10:59:34.348,0.00,0.00,0,0.0,0.0,0.000,0.0,0,HAYIR,HAYIR
2026-08-18 10:59:34.368,0.00,0.00,0,0.0,0.0,0.000,0.0,0,HAYIR,HAYIR
2026-08-18 10:59:34.388,0.00,0.00,0,0.0,0.0,0.000,0.0,0,HAYIR,HAYIR
2026-08-18 10:59:34.408,0.00,0.00,0,0.0,0.0,0.000,0.0,0,HAYIR,HAYIR
2026-08-18 10:59:34.428,0.00,0.00,0,0.0,0.0,0.000,0.0,0,HAYIR,HAYIR
2026-08-18 10:59:34.448,0.00,0.00,0,0.0,0.0,0.000,0.0,0,HAYIR,HAYIR
2026-08-18 10:59:34.468,0.00,0.00,0,0.0,0.0,0.000,0.0,0,HAYIR,HAYIR
2026-08-18 10:59:34.488,0.00,0.00,0,0.0,0.0,0.000,0.0,0,HAYIR,HAYIR
2026-08-18 10:59:34.508,0.00,0.00,0,0.0,0.0,0.000,0.0,0,HAYIR,HAYIR
2026-08-18 10:59:34.528,0.00,0.00,0,0.0,0.0,0.000,0.0,0,HAYIR,HAYIR
2026-08-18 10:59:34.548,0.00,0.00,0,0.0,0.0,0.000,0.0,0,HAYIR,HAYIR
2026-08-18 10:59:34.569,0.00,0.00,0,0.0,0.0,0.000,0.0,0,HAYIR,HAYIR
2026-08-18 10:59:34.588,0.00,0.00,0,0.0,0.0,0.000,0.0,0,HAYIR,HAYIR
2026-08-18 10:59:34.608,0.00,0.00,0,0.0,0.0,0.000,0.0,0,HAYIR,HAYIR
2026-08-18 10:59:34.628,0.00,0.00,0,0.0,0.0,0.000,0.0,0,HAYIR,HAYIR
2026-08-18 10:59:34.648,0.00,0.00,0,0.0,0.0,0.000,0.0,0,HAYIR,HAYIR
2026-08-18 10:59:34.668,0.00,0.00,0,0.0,0.0,0.000,0.0,0,HAYIR,HAYIR
2026-08-18 10:59:34.688,0.00,0.00,0,0.0,0.0,0.000,0.0,0,HAYIR,HAYIR
2026-08-18 10:59:34.708,0.00,0.00,0,0.0,0.0,0.000,0.0,0,HAYIR,HAYIR
2026-08-18 10:59:34.728,0.00,0.00,0,0.0,0.0,0.000,0.0,0,HAYIR,HAYIR
2026-08-18 10:59:34.748,0.00,0.00,0,0.0,0.0,0.000,0.0,0,HAYIR,HAYIR
2026-08-18 10:59:34.769,0.00,0.00,0,0.0,0.0,0.000,0.0,0,HAYIR,HAYIR
2026-08-18 10:59:34.788,0.00,0.00,0,0.0,0.0,0.000,0.0,0,HAYIR,HAYIR
2026-08-18 10:59:34.808,0.00,0.00,0,0.0,0.0,0.000,0.0,0,HAYIR,HAYIR
2026-08-18 10:59:34.828,0.00,0.00,0,0.0,0.0,0.000,0.0,0,HAYIR,HAYIR
2026-08-18 10:59:34.848,0.00,0.00,0,0.0,0.0,0.000,0.0,0,HAYIR,HAYIR
2026-08-18 10:59:34.869,0.00,0.00,0,0.0,0.0,0.000,0.0,0,HAYIR,HAYIR
2026-08-18 10:59:34.888,0.00,0.00,0,0.0,0.0,0.000,0.0,0,HAYIR,HAYIR
2026-08-18 10:59:34.908,0.00,0.00,0,0.0,0.0,0.000,0.0,0,HAYIR,HAYIR
2026-08-18 10:59:34.928,0.00,0.00,0,0.0,0.0,0.000,0.0,0,HAYIR,HAYIR
2026-08-18 10:59:34.948,0.00,0.00,0,0.0,0.0,0.000,0.0,0,HAYIR,HAYIR
2026-08-18 10:59:34.969,0.00,0.00,0,0.0,0.0,0.000,0.0,0,HAYIR,HAYIR
2026-08-18 10:59:34.988,0.00,0.00,0,0.0,0.0,0.000,0.0,0,HAYIR,HAYIR
2026-08-18 10:59:35.008,0.00,0.00,0,0.0,0.0,0.000,0.0,0,HAYIR,HAYIR
2026-08-18 10:59:35.028,0.00,0.00,0,0.0,0.0,0.000,0.0,0,HAYIR,HAYIR
2026-08-18 10:59:35.048,0.00,0.00,0,0.0,0.0,0.000,0.0,0,HAYIR,HAYIR
2026-08-18 10:59:35.068,0.00,0.00,0,0.0,0.0,0.000,0.0,0,HAYIR,HAYIR
2026-08-18 10:59:35.088,0.00,0.00,0,0.0,0.0,0.000,0.0,0,HAYIR,HAYIR
2026-08-18 10:59:35.108,0.00,0.00,0,0.0,0.0,0.000,0.0,0,HAYIR,HAYIR
2026-08-18 10:59:35.128,0.00,0.00,0,0.0,0.0,0.000,0.0,0,HAYIR,HAYIR
2026-08-18 10:59:35.148,0.00,0.00,0,0.0,0.0,0.000,0.0,0,HAYIR,HAYIR
2026-08-18 10:59:35.168,0.00,0.00,0,0.0,0.0,0.000,0.0,0,HAYIR,HAYIR
2026-08-18 10:59:35.188,0.00,0.00,0,0.0,0.0,0.000,0.0,0,HAYIR,HAYIR
2026-08-18 10:59:35.208,0.00,0.00,0,0.0,0.0,0.000,0.0,0,HAYIR,HAYIR
2026-08-18 10:59:35.228,0.00,0.00,0,0.0,0.0,0.000,0.0,0,HAYIR,HAYIR
2026-08-18 10:59:35.248,0.00,0.00,0,0.0,0.0,0.000,0.0,0,HAYIR,HAYIR
2026-08-18 10:59:35.268,0.00,0.00,0,0.0,0.0,0.000,0.0,0,HAYIR,HAYIR
2026-08-18 10:59:35.288,0.00,0.00,0,0.0,0.0,0.000,0.0,0,HAYIR,HAYIR
2026-08-18 10:59:35.308,0.00,0.00,0,0.0,0.0,0.000,0.0,0,HAYIR,HAYIR
2026-08-18 10:59:35.328,0.00,0.00,0,0.0,0.0,0.000,0.0,0,HAYIR,HAYIR
2026-08-18 10:59:35.349,0.00,0.00,0,0.0,0.0,0.000,0.0,0,HAYIR,HAYIR
2026-08-18 10:59:35.368,0.00,0.00,0,0.0,0.0,0.000,0.0,0,HAYIR,HAYIR
2026-08-18 10:59:35.388,0.00,0.00,0,0.0,0.0,0.000,0.0,0,HAYIR,HAYIR
2026-08-18 10:59:35.408,0.00,0.00,0,0.0,0.0,0.000,0.0,0,HAYIR,HAYIR
2026-08-18 10:59:35.428,0.00,0.00,0,0.0,0.0,0.000,0.0,0,HAYIR,HAYIR
2026-08-18 10:59:35.448,0.00,0.00,0,0.0,0.0,0.000,0.0,0,HAYIR,HAYIR
2026-08-18 10:59:35.469,0.00,0.00,0,0.0,0.0,0.000,0.0,0,HAYIR,HAYIR
2026-08-18 10:59:35.488,0.00,0.00,0,0.0,0.0,0.000,0.0,0,HAYIR,HAYIR
2026-08-18 10:59:35.509,0.00,0.00,0,0.0,0.0,0.000,0.0,0,HAYIR,HAYIR
2026-08-18 10:59:35.528,0.00,0.00,0,0.0,0.0,0.000,0.0,0,HAYIR,HAYIR
2026-08-18 10:59:35.548,0.00,0.00,0,0.0,0.0,0.000,0.0,0,HAYIR,HAYIR
2026-08-18 10:59:35.568,0.00,0.00,0,0.0,0.0,0.000,0.0,0,HAYIR,HAYIR
2026-08-18 10:59:35.588,0.00,0.00,0,0.0,0.0,0.000,0.0,0,HAYIR,HAYIR
2026-08-18 10:59:35.608,0.00,0.00,0,0.0,0.0,0.000,0.0,0,HAYIR,HAYIR
2026-08-18 10:59:35.628,0.00,0.00,0,0.0,0.0,0.000,0.0,0,HAYIR,HAYIR
2026-08-18 10:59:35.648,0.00,0.00,0,0.0,0.0,0.000,0.0,0,HAYIR,HAYIR
2026-08-18 10:59:35.668,0.00,0.00,0,0.0,0.0,0.000,0.0,0,HAYIR,HAYIR
2026-08-18 10:59:35.688,0.00,0.00,0,0.0,0.0,0.000,0.0,0,HAYIR,HAYIR
2026-08-18 10:59:35.708,0.00,0.00,0,0.0,0.0,0.000,0.0,0,HAYIR,HAYIR
2026-08-18 10:59:35.728,0.00,0.00,0,0.0,0.0,0.000,0.0,0,HAYIR,HAYIR
2026-08-18 10:59:35.748,0.00,0.00,0,0.0,0.0,0.000,0.0,0,HAYIR,HAYIR
2026-08-18 10:59:35.768,0.00,0.00,0,0.0,0.0,0.000,0.0,0,HAYIR,HAYIR
2026-08-18 10:59:35.788,0.00,0.00,0,0.0,0.0,0.000,0.0,0,HAYIR,HAYIR
2026-08-18 10:59:35.808,0.00,0.00,0,0.0,0.0,0.000,0.0,0,HAYIR,HAYIR
2026-08-18 10:59:35.828,0.00,0.00,0,0.0,0.0,0.000,0.0,0,HAYIR,HAYIR
2026-08-18 10:59:35.848,0.00,0.00,0,0.0,0.0,0.000,0.0,0,HAYIR,HAYIR
2026-08-18 10:59:35.868,0.00,0.00,0,0.0,0.0,0.000,0.0,0,HAYIR,HAYIR
2026-08-18 10:59:35.888,0.00,0.00,0,0.0,0.0,0.000,0.0,0,HAYIR,HAYIR
2026-08-18 10:59:35.908,0.00,0.00,0,0.0,0.0,0.000,0.0,0,HAYIR,HAYIR
2026-08-18 10:59:35.928,0.00,0.00,0,0.0,0.0,0.000,0.0,0,HAYIR,HAYIR
2026-08-18 10:59:35.948,0.00,0.00,0,0.0,0.0,0.000,0.0,0,HAYIR,HAYIR
2026-08-18 10:59:35.968,0.00,0.00,0,0.0,0.0,0.000,0.0,0,HAYIR,HAYIR
2026-08-18 10:59:35.988,0.00,0.00,0,0.0,0.0,0.000,0.0,0,HAYIR,HAYIR
2026-08-18 10:59:36.008,0.00,0.00,0,0.0,0.0,0.000,0.0,0,HAYIR,HAYIR
2026-08-18 10:59:36.028,0.00,0.00,0,0.0,0.0,0.000,0.0,0,HAYIR,HAYIR
2026-08-18 10:59:36.048,0.00,0.00,0,0.0,0.0,0.000,0.0,0,HAYIR,HAYIR
2026-08-18 10:59:36.068,0.00,0.00,0,0.0,0.0,0.000,0.0,0,HAYIR,HAYIR
2026-08-18 10:59:36.088,0.00,0.00,0,0.0,0.0,0.000,0.0,0,HAYIR,HAYIR
2026-08-18 10:59:36.108,0.00,0.00,0,0.0,0.0,0.000,0.0,0,HAYIR,HAYIR
2026-08-18 10:59:36.128,0.00,0.00,0,0.0,0.0,0.000,0.0,0,HAYIR,HAYIR
2026-08-18 10:59:36.148,0.00,0.00,0,0.0,0.0,0.000,0.0,0,HAYIR,HAYIR
2026-08-18 10:59:36.168,0.00,0.00,0,0.0,0.0,0.000,0.0,0,HAYIR,HAYIR
2026-08-18 10:59:36.188,0.00,0.00,0,0.0,0.0,0.000,0.0,0,HAYIR,HAYIR
2026-08-18 10:59:36.208,0.00,0.00,0,0.0,0.0,0.000,0.0,0,HAYIR,HAYIR
2026-08-18 10:59:36.228,0.00,0.00,0,0.0,0.0,0.000,0.0,0,HAYIR,HAYIR
2026-08-18 10:59:36.248,0.00,0.00,0,0.0,0.0,0.000,0.0,0,HAYIR,HAYIR
2026-08-18 10:59:36.268,0.00,0.00,0,0.0,0.0,0.000,0.0,0,HAYIR,HAYIR
2026-08-18 10:59:36.288,0.00,0.00,0,0.0,0.0,0.000,0.0,0,HAYIR,HAYIR
2026-08-18 10:59:36.308,0.00,0.00,0,0.0,0.0,0.000,0.0,0,HAYIR,HAYIR
2026-08-18 10:59:36.328,0.00,0.00,0,0.0,0.0,0.000,0.0,0,HAYIR,HAYIR
2026-08-18 10:59:36.348,0.00,0.00,0,0.0,0.0,0.000,0.0,0,HAYIR,HAYIR
2026-08-18 10:59:36.369,0.00,0.00,0,0.0,0.0,0.000,0.0,0,HAYIR,HAYIR
2026-08-18 10:59:36.388,0.00,0.00,0,0.0,0.0,0.000,0.0,0,HAYIR,HAYIR
2026-08-18 10:59:36.408,0.00,0.00,0,0.0,0.0,0.000,0.0,0,HAYIR,HAYIR
2026-08-18 10:59:36.428,0.00,0.00,0,0.0,0.0,0.000,0.0,0,HAYIR,HAYIR
2026-08-18 10:59:36.448,0.00,0.00,0,0.0,0.0,0.000,0.0,0,HAYIR,HAYIR
2026-08-18 10:59:36.468,0.00,0.00,0,0.0,0.0,0.000,0.0,0,HAYIR,HAYIR
2026-08-18 10:59:36.488,0.00,0.00,0,0.0,0.0,0.000,0.0,0,HAYIR,HAYIR
2026-08-18 10:59:36.508,0.00,0.00,0,0.0,0.0,0.000,0.0,0,HAYIR,HAYIR
2026-08-18 10:59:36.528,0.00,0.00,0,0.0,0.0,0.000,0.0,0,HAYIR,HAYIR
2026-08-18 10:59:36.548,0.00,0.00,0,0.0,0.0,0.000,0.0,0,HAYIR,HAYIR
2026-08-18 10:59:36.568,0.00,0.00,0,0.0,0.0,0.000,0.0,0,HAYIR,HAYIR
2026-08-18 10:59:36.588,0.00,0.00,0,0.0,0.0,0.000,0.0,0,HAYIR,HAYIR
2026-08-18 10:59:36.608,0.00,0.00,0,0.0,0.0,0.000,0.0,0,HAYIR,HAYIR
2026-08-18 10:59:36.628,0.00,0.00,0,0.0,0.0,0.000,0.0,0,HAYIR,HAYIR
2026-08-18 10:59:36.648,0.00,0.00,0,0.0,0.0,0.000,0.0,0,HAYIR,HAYIR
2026-08-18 10:59:36.668,0.00,0.00,0,0.0,0.0,0.000,0.0,0,HAYIR,HAYIR
2026-08-18 10:59:36.688,0.00,0.00,0,0.0,0.0,0.000,0.0,0,HAYIR,HAYIR
2026-08-18 10:59:36.708,0.00,0.00,0,0.0,0.0,0.000,0.0,0,HAYIR,HAYIR
2026-08-18 10:59:36.728,0.00,0.00,0,0.0,0.0,0.000,0.0,0,HAYIR,HAYIR
2026-08-18 10:59:36.748,0.00,0.00,0,0.0,0.0,0.000,0.0,0,HAYIR,HAYIR
2026-08-18 10:59:36.768,0.00,0.00,0,0.0,0.0,0.000,0.0,0,HAYIR,HAYIR
2026-08-18 10:59:36.788,0.00,0.00,0,0.0,0.0,0.000,0.0,0,HAYIR,HAYIR
2026-08-18 10:59:36.808,0.00,0.00,0,0.0,0.0,0.000,0.0,0,HAYIR,HAYIR
2026-08-18 10:59:36.828,0.00,0.00,0,0.0,0.0,0.000,0.0,0,HAYIR,HAYIR
2026-08-18 10:59:36.848,0.00,0.00,0,0.0,0.0,0.000,0.0,0,HAYIR,HAYIR
2026-08-18 10:59:36.868,0.00,0.00,0,0.0,0.0,0.000,0.0,0,HAYIR,HAYIR
2026-08-18 10:59:36.888,0.00,0.00,0,0.0,0.0,0.000,0.0,0,HAYIR,HAYIR
2026-08-18 10:59:36.908,0.00,0.00,0,0.0,0.0,0.000,0.0,0,HAYIR,HAYIR
2026-08-18 10:59:36.928,0.00,0.00,0,0.0,0.0,0.000,0.0,0,HAYIR,HAYIR
2026-08-18 10:59:36.948,0.00,0.00,0,0.0,0.0,0.000,0.0,0,HAYIR,HAYIR
2026-08-18 10:59:36.968,0.00,0.00,0,0.0,0.0,0.000,0.0,0,HAYIR,HAYIR
2026-08-18 10:59:36.988,0.00,0.00,0,0.0,0.0,0.000,0.0,0,HAYIR,HAYIR
2026-08-18 10:59:37.008,0.00,0.00,0,0.0,0.0,0.000,0.0,0,HAYIR,HAYIR
2026-08-18 10:59:37.028,0.00,0.00,0,0.0,0.0,0.000,0.0,0,HAYIR,HAYIR
2026-08-18 10:59:37.048,0.00,0.00,0,0.0,0.0,0.000,0.0,0,HAYIR,HAYIR
2026-08-18 10:59:37.068,0.00,0.00,0,0.0,0.0,0.000,0.0,0,HAYIR,HAYIR
2026-08-18 10:59:37.088,0.00,0.00,0,0.0,0.0,0.000,0.0,0,HAYIR,HAYIR
2026-08-18 10:59:37.108,0.00,0.00,0,0.0,0.0,0.000,0.0,0,HAYIR,HAYIR
2026-08-18 10:59:37.128,0.00,0.00,0,0.0,0.0,0.000,0.0,0,HAYIR,HAYIR
2026-08-18 10:59:37.148,0.00,0.00,0,0.0,0.0,0.000,0.0,0,HAYIR,HAYIR
2026-08-18 10:59:37.168,0.00,0.00,0,0.0,0.0,0.000,0.0,0,HAYIR,HAYIR
2026-08-18 10:59:37.188,0.00,0.00,0,0.0,0.0,0.000,0.0,0,HAYIR,HAYIR
2026-08-18 10:59:37.208,0.00,0.00,0,0.0,0.0,0.000,0.0,0,HAYIR,HAYIR
2026-08-18 10:59:37.228,0.00,0.00,0,0.0,0.0,0.000,0.0,0,HAYIR,HAYIR
2026-08-18 10:59:37.248,0.00,0.00,0,0.0,0.0,0.000,0.0,0,HAYIR,HAYIR
2026-08-18 10:59:37.269,0.00,0.00,0,0.0,0.0,0.000,0.0,0,HAYIR,HAYIR
2026-08-18 10:59:37.288,0.00,0.00,0,0.0,0.0,0.000,0.0,0,HAYIR,HAYIR
2026-08-18 10:59:37.308,0.00,0.00,0,0.0,0.0,0.000,0.0,0,HAYIR,HAYIR
2026-08-18 10:59:37.328,0.00,0.00,0,0.0,0.0,0.000,0.0,0,HAYIR,HAYIR
2026-08-18 10:59:37.348,0.00,0.00,0,0.0,0.0,0.000,0.0,0,HAYIR,HAYIR
2026-08-18 10:59:37.369,0.00,0.00,0,0.0,0.0,0.000,0.0,0,HAYIR,HAYIR
2026-08-18 10:59:37.388,0.00,0.00,0,0.0,0.0,0.000,0.0,0,HAYIR,HAYIR
2026-08-18 10:59:37.408,0.00,0.00,0,0.0,0.0,0.000,0.0,0,HAYIR,HAYIR
2026-08-18 10:59:37.428,0.00,0.00,0,0.0,0.0,0.000,0.0,0,HAYIR,HAYIR
2026-08-18 10:59:37.448,0.00,0.00,0,0.0,0.0,0.000,0.0,0,HAYIR,HAYIR
2026-08-18 10:59:37.468,0.00,0.00,0,0.0,0.0,0.000,0.0,0,HAYIR,HAYIR
2026-08-18 10:59:37.488,0.00,0.00,0,0.0,0.0,0.000,0.0,0,HAYIR,HAYIR
2026-08-18 10:59:37.508,0.00,0.00,0,0.0,0.0,0.000,0.0,0,HAYIR,HAYIR
2026-08-18 10:59:37.528,0.00,0.00,0,0.0,0.0,0.000,0.0,0,HAYIR,HAYIR
2026-08-18 10:59:37.548,0.00,0.00,0,0.0,0.0,0.000,0.0,0,HAYIR,HAYIR
2026-08-18 10:59:37.569,0.00,0.00,0,0.0,0.0,0.000,0.0,0,HAYIR,HAYIR
2026-08-18 10:59:37.588,0.00,0.00,0,0.0,0.0,0.000,0.0,0,HAYIR,HAYIR
2026-08-18 10:59:37.608,0.00,0.00,0,0.0,0.0,0.000,0.0,0,HAYIR,HAYIR
2026-08-18 10:59:37.628,0.00,0.00,0,0.0,0.0,0.000,0.0,0,HAYIR,HAYIR
2026-08-18 10:59:37.648,0.00,0.00,0,0.0,0.0,0.000,0.0,0,HAYIR,HAYIR
2026-08-18 10:59:37.668,0.00,0.00,0,0.0,0.0,0.000,0.0,0,HAYIR,HAYIR
2026-08-18 10:59:37.688,0.00,0.00,0,0.0,0.0,0.000,0.0,0,HAYIR,HAYIR
2026-08-18 10:59:37.708,0.00,0.00,0,0.0,0.0,0.000,0.0,0,HAYIR,HAYIR
2026-08-18 10:59:37.729,0.00,0.00,0,0.0,0.0,0.000,0.0,0,HAYIR,HAYIR
2026-08-18 10:59:37.748,0.00,0.00,0,0.0,0.0,0.000,0.0,0,HAYIR,HAYIR
2026-08-18 10:59:37.768,0.00,0.00,0,0.0,0.0,0.000,0.0,0,HAYIR,HAYIR
2026-08-18 10:59:37.788,0.00,0.00,0,0.0,0.0,0.000,0.0,0,HAYIR,HAYIR
2026-08-18 10:59:37.808,0.00,0.00,0,0.0,0.0,0.000,0.0,0,HAYIR,HAYIR
2026-08-18 10:59:37.828,0.00,0.00,0,0.0,0.0,0.000,0.0,0,HAYIR,HAYIR
2026-08-18 10:59:37.848,0.00,0.00,0,0.0,0.0,0.000,0.0,0,HAYIR,HAYIR
2026-08-18 10:59:37.868,0.00,0.00,0,0.0,0.0,0.000,0.0,0,HAYIR,HAYIR
2026-08-18 10:59:37.888,0.00,0.00,0,0.0,0.0,0.000,0.0,0,HAYIR,HAYIR
2026-08-18 10:59:37.908,0.00,0.00,0,0.0,0.0,0.000,0.0,0,HAYIR,HAYIR
2026-08-18 10:59:37.928,0.00,0.00,0,0.0,0.0,0.000,0.0,0,HAYIR,HAYIR
2026-08-18 10:59:37.948,0.00,0.00,0,0.0,0.0,0.000,0.0,0,HAYIR,HAYIR
2026-08-18 10:59:37.968,0.00,0.00,0,0.0,0.0,0.000,0.0,0,HAYIR,HAYIR
2026-08-18 10:59:37.988,0.00,0.00,0,0.0,0.0,0.000,0.0,0,HAYIR,HAYIR
2026-08-18 10:59:38.008,0.00,0.00,0,0.0,0.0,0.000,0.0,0,HAYIR,HAYIR
2026-08-18 10:59:38.028,0.00,0.00,0,0.0,0.0,0.000,0.0,0,HAYIR,HAYIR
2026-08-18 10:59:38.048,0.00,0.00,0,0.0,0.0,0.000,0.0,0,HAYIR,HAYIR
2026-08-18 10:59:38.068,0.00,0.00,0,0.0,0.0,0.000,0.0,0,HAYIR,HAYIR
2026-08-18 10:59:38.088,0.00,0.00,0,0.0,0.0,0.000,0.0,0,HAYIR,HAYIR
2026-08-18 10:59:38.108,0.00,0.00,0,0.0,0.0,0.000,0.0,0,HAYIR,HAYIR
2026-08-18 10:59:38.128,0.00,0.00,0,0.0,0.0,0.000,0.0,0,HAYIR,HAYIR
2026-08-18 10:59:38.148,0.00,0.00,0,0.0,0.0,0.000,0.0,0,HAYIR,HAYIR
2026-08-18 10:59:38.168,0.00,0.00,0,0.0,0.0,0.000,0.0,0,HAYIR,HAYIR
2026-08-18 10:59:38.188,0.00,0.00,0,0.0,0.0,0.000,0.0,0,HAYIR,HAYIR
2026-08-18 10:59:38.208,0.00,0.00,0,0.0,0.0,0.000,0.0,0,HAYIR,HAYIR
2026-08-18 10:59:38.228,0.00,0.00,0,0.0,0.0,0.000,0.0,0,HAYIR,HAYIR
2026-08-18 10:59:38.248,0.00,0.00,0,0.0,0.0,0.000,0.0,0,HAYIR,HAYIR
2026-08-18 10:59:38.268,0.03,0.00,29,0.0,0.0,-0.050,160.0,1,HAYIR,HAYIR
2026-08-18 10:59:38.288,0.03,0.00,28,0.0,0.0,-0.050,160.0,2,HAYIR,HAYIR
2026-08-18 10:59:38.308,0.03,0.00,28,0.0,0.1,-0.050,160.0,4,HAYIR,HAYIR
2026-08-18 10:59:38.328,0.05,0.00,29,0.0,0.1,-0.100,160.0,5,HAYIR,HAYIR
2026-08-18 10:59:38.348,0.05,0.00,29,0.0,0.1,-0.100,160.0,6,HAYIR,HAYIR
2026-08-18 10:59:38.368,0.08,0.00,29,0.0,0.1,-0.150,160.0,7,HAYIR,HAYIR
2026-08-18 10:59:38.388,0.08,0.00,29,0.0,0.1,-0.150,160.0,8,HAYIR,HAYIR
2026-08-18 10:59:38.408,0.08,0.00,29,0.0,0.2,-0.150,160.0,10,HAYIR,HAYIR
2026-08-18 10:59:38.428,0.10,0.00,29,0.0,0.2,-0.200,160.0,11,HAYIR,HAYIR
2026-08-18 10:59:38.448,0.10,0.00,29,0.0,0.2,-0.200,160.0,12,HAYIR,HAYIR
2026-08-18 10:59:38.468,0.12,0.00,29,0.0,0.2,-0.250,160.0,13,HAYIR,HAYIR
2026-08-18 10:59:38.488,0.12,0.00,29,0.0,0.2,-0.250,160.0,14,HAYIR,HAYIR
2026-08-18 10:59:38.508,0.12,0.00,29,0.0,0.3,-0.250,160.0,16,HAYIR,HAYIR
2026-08-18 10:59:38.528,0.15,0.00,29,0.0,0.3,-0.300,160.0,17,HAYIR,HAYIR
2026-08-18 10:59:38.548,0.15,0.00,29,0.0,0.3,-0.300,160.0,18,HAYIR,HAYIR
2026-08-18 10:59:38.568,0.17,0.00,29,0.0,0.3,-0.316,160.0,19,HAYIR,HAYIR
2026-08-18 10:59:38.588,0.17,0.00,29,0.0,0.3,-0.316,160.0,20,HAYIR,HAYIR
2026-08-18 10:59:38.608,0.17,0.00,29,0.0,0.4,-0.316,160.0,22,HAYIR,HAYIR
2026-08-18 10:59:38.628,0.20,0.00,29,0.0,0.4,-0.316,160.0,23,HAYIR,HAYIR
2026-08-18 10:59:38.649,0.20,0.00,29,0.0,0.4,-0.316,160.0,24,HAYIR,HAYIR
2026-08-18 10:59:38.668,0.22,0.00,29,0.0,0.4,-0.316,160.0,25,HAYIR,HAYIR
2026-08-18 10:59:38.688,0.22,0.00,29,0.0,0.4,-0.316,160.0,26,HAYIR,HAYIR
2026-08-18 10:59:38.708,0.22,0.00,29,0.0,0.5,-0.316,160.0,28,HAYIR,HAYIR
2026-08-18 10:59:38.728,0.25,0.00,29,0.0,0.5,-0.316,160.0,29,HAYIR,HAYIR
2026-08-18 10:59:38.748,0.25,0.00,29,0.0,0.5,-0.316,160.0,30,HAYIR,HAYIR
2026-08-18 10:59:38.768,0.27,0.00,29,0.0,0.5,-0.316,160.0,31,HAYIR,HAYIR
2026-08-18 10:59:38.788,0.27,0.00,29,0.0,0.5,-0.316,160.0,32,HAYIR,HAYIR
2026-08-18 10:59:38.808,0.27,0.00,30,0.0,0.6,-0.316,160.0,34,HAYIR,HAYIR
2026-08-18 10:59:38.828,0.30,0.00,30,0.0,0.6,-0.316,160.0,35,HAYIR,HAYIR
2026-08-18 10:59:38.848,0.30,0.00,30,0.0,0.6,-0.316,160.0,36,HAYIR,HAYIR
2026-08-18 10:59:38.868,0.33,0.00,30,0.0,0.6,-0.316,160.0,37,HAYIR,HAYIR
2026-08-18 10:59:38.888,0.33,0.00,30,0.0,0.6,-0.316,160.0,38,HAYIR,HAYIR
2026-08-18 10:59:38.908,0.33,0.00,30,0.0,0.7,-0.316,160.0,40,HAYIR,HAYIR
2026-08-18 10:59:38.928,0.35,0.00,30,0.0,0.7,-0.315,160.0,41,HAYIR,HAYIR
2026-08-18 10:59:38.948,0.35,0.00,30,0.0,0.7,-0.315,160.0,42,HAYIR,HAYIR
2026-08-18 10:59:38.968,0.38,0.00,30,0.0,0.7,-0.316,160.0,43,HAYIR,HAYIR
2026-08-18 10:59:38.988,0.38,0.00,30,0.1,0.7,-0.316,160.0,44,HAYIR,HAYIR
2026-08-18 10:59:39.008,0.38,0.00,30,0.1,0.8,-0.316,160.0,46,HAYIR,HAYIR
2026-08-18 10:59:39.028,0.40,0.00,30,0.1,0.8,-0.316,160.0,47,HAYIR,HAYIR
2026-08-18 10:59:39.049,0.40,0.00,30,0.1,0.8,-0.316,160.0,48,HAYIR,HAYIR
2026-08-18 10:59:39.068,0.43,0.00,30,0.2,0.8,-0.316,160.0,49,HAYIR,HAYIR
2026-08-18 10:59:39.088,0.43,0.00,30,0.2,0.8,-0.316,160.0,50,HAYIR,HAYIR
2026-08-18 10:59:39.108,0.43,0.00,30,0.2,0.9,-0.316,160.0,52,HAYIR,HAYIR
2026-08-18 10:59:39.128,0.45,0.00,31,0.2,0.9,-0.317,160.0,53,HAYIR,HAYIR
2026-08-18 10:59:39.148,0.45,0.00,31,0.2,0.9,-0.317,160.0,54,HAYIR,HAYIR
2026-08-18 10:59:39.168,0.48,0.00,31,0.2,0.9,-0.317,160.0,55,HAYIR,HAYIR
2026-08-18 10:59:39.189,0.48,0.00,31,0.3,0.9,-0.317,160.0,56,HAYIR,HAYIR
2026-08-18 10:59:39.209,0.48,0.00,31,0.3,1.0,-0.317,160.0,58,HAYIR,HAYIR
2026-08-18 10:59:39.229,0.50,0.00,31,0.3,1.0,-0.317,160.0,59,HAYIR,HAYIR
2026-08-18 10:59:39.249,0.50,0.00,31,0.3,1.0,-0.317,160.0,60,HAYIR,HAYIR
2026-08-18 10:59:39.268,0.53,0.00,31,0.3,1.0,-0.318,160.0,61,HAYIR,HAYIR
2026-08-18 10:59:39.289,0.53,0.00,31,0.4,1.0,-0.318,160.0,62,HAYIR,HAYIR
2026-08-18 10:59:39.308,0.53,0.00,31,0.4,1.1,-0.318,160.0,64,HAYIR,HAYIR
2026-08-18 10:59:39.328,0.55,0.00,31,0.4,1.1,-0.318,160.0,65,HAYIR,HAYIR
2026-08-18 10:59:39.348,0.55,0.00,31,0.4,1.1,-0.318,160.0,66,HAYIR,HAYIR
2026-08-18 10:59:39.368,0.58,0.00,31,0.5,1.1,-0.319,160.0,67,HAYIR,HAYIR
2026-08-18 10:59:39.388,0.58,0.00,31,0.5,1.1,-0.319,160.0,68,HAYIR,HAYIR
2026-08-18 10:59:39.408,0.58,0.00,32,0.5,1.2,-0.319,160.0,70,HAYIR,HAYIR
2026-08-18 10:59:39.428,0.60,0.00,32,0.5,1.2,-0.319,160.0,71,HAYIR,HAYIR
2026-08-18 10:59:39.448,0.60,0.00,32,0.5,1.2,-0.319,160.0,72,HAYIR,HAYIR
2026-08-18 10:59:39.468,0.63,0.00,32,0.5,1.2,-0.320,160.0,73,HAYIR,HAYIR
2026-08-18 10:59:39.488,0.63,0.00,32,0.6,1.2,-0.320,160.0,74,HAYIR,HAYIR
2026-08-18 10:59:39.508,0.63,0.00,32,0.6,1.3,-0.320,160.0,76,HAYIR,HAYIR
2026-08-18 10:59:39.528,0.65,0.00,32,0.6,1.3,-0.320,160.0,77,HAYIR,HAYIR
2026-08-18 10:59:39.548,0.65,0.00,32,0.6,1.3,-0.320,160.0,78,HAYIR,HAYIR
2026-08-18 10:59:39.568,0.68,0.00,32,0.7,1.3,-0.320,160.0,79,HAYIR,HAYIR
2026-08-18 10:59:39.588,0.68,0.00,32,0.7,1.3,-0.320,160.0,80,HAYIR,HAYIR
2026-08-18 10:59:39.608,0.68,0.00,32,0.7,1.4,-0.320,160.0,82,HAYIR,HAYIR
2026-08-18 10:59:39.628,0.70,0.00,32,0.7,1.4,-0.320,160.0,83,HAYIR,HAYIR
2026-08-18 10:59:39.648,0.70,0.02,31,0.7,1.4,-0.320,160.0,84,HAYIR,HAYIR
2026-08-18 10:59:39.668,0.73,0.02,32,0.8,1.4,-0.320,160.0,85,HAYIR,HAYIR
2026-08-18 10:59:39.688,0.73,0.02,33,0.8,1.4,-0.320,160.0,86,HAYIR,HAYIR
2026-08-18 10:59:39.708,0.73,0.02,33,0.8,1.5,-0.320,160.0,88,HAYIR,HAYIR
2026-08-18 10:59:39.728,0.75,0.02,33,0.8,1.5,-0.320,160.0,89,HAYIR,HAYIR
2026-08-18 10:59:39.748,0.75,0.02,33,0.8,1.5,-0.320,160.0,90,HAYIR,HAYIR
2026-08-18 10:59:39.768,0.78,0.02,33,0.8,1.5,-0.320,160.0,91,HAYIR,HAYIR
2026-08-18 10:59:39.788,0.78,0.02,33,0.9,1.5,-0.320,160.0,92,HAYIR,HAYIR
2026-08-18 10:59:39.808,0.78,0.02,33,0.9,1.6,-0.320,160.0,94,HAYIR,HAYIR
2026-08-18 10:59:39.828,0.79,0.02,33,0.9,1.6,-0.320,160.0,95,HAYIR,HAYIR
2026-08-18 10:59:39.848,0.79,0.02,33,0.9,1.6,-0.320,160.0,96,HAYIR,HAYIR
2026-08-18 10:59:39.868,0.79,0.02,33,0.9,1.6,-0.320,160.0,97,HAYIR,HAYIR
2026-08-18 10:59:39.888,0.79,0.02,33,1.0,1.6,-0.320,160.0,98,HAYIR,HAYIR
2026-08-18 10:59:39.908,0.79,0.02,33,1.0,1.7,-0.320,160.0,100,HAYIR,HAYIR
2026-08-18 10:59:39.928,0.78,0.02,33,1.0,1.7,-0.320,160.0,101,HAYIR,HAYIR
2026-08-18 10:59:39.948,0.78,0.02,34,1.0,1.7,-0.320,160.0,102,HAYIR,HAYIR
2026-08-18 10:59:39.968,0.78,0.05,32,1.1,1.7,-0.320,160.0,103,HAYIR,HAYIR
2026-08-18 10:59:39.988,0.78,0.05,34,1.1,1.7,-0.320,160.0,104,HAYIR,HAYIR
2026-08-18 10:59:40.008,0.78,0.05,33,1.1,1.8,-0.320,160.0,106,HAYIR,HAYIR
2026-08-18 10:59:40.028,0.78,0.05,33,1.1,1.8,-0.320,160.0,107,HAYIR,HAYIR
2026-08-18 10:59:40.048,0.78,0.05,33,1.1,1.8,-0.320,160.0,108,HAYIR,HAYIR
2026-08-18 10:59:40.068,0.78,0.05,33,1.2,1.8,-0.320,160.0,109,HAYIR,HAYIR
2026-08-18 10:59:40.088,0.78,0.05,34,1.2,1.8,-0.320,160.0,110,HAYIR,HAYIR
2026-08-18 10:59:40.108,0.78,0.05,34,1.2,1.9,-0.320,160.0,112,HAYIR,HAYIR
2026-08-18 10:59:40.128,0.78,0.05,34,1.2,1.9,-0.320,160.0,113,HAYIR,HAYIR
2026-08-18 10:59:40.148,0.78,0.05,34,1.2,1.9,-0.320,160.0,114,HAYIR,HAYIR
2026-08-18 10:59:40.168,0.77,0.05,34,1.2,1.9,-0.320,160.0,115,HAYIR,HAYIR
2026-08-18 10:59:40.188,0.77,0.05,34,1.3,1.9,-0.320,160.0,116,HAYIR,HAYIR
2026-08-18 10:59:40.208,0.77,0.05,34,1.3,2.0,-0.320,160.0,118,HAYIR,HAYIR
2026-08-18 10:59:40.228,0.77,0.05,34,1.3,2.0,-0.320,160.0,119,HAYIR,HAYIR
2026-08-18 10:59:40.248,0.77,0.05,34,1.3,2.0,-0.320,160.0,120,HAYIR,HAYIR
2026-08-18 10:59:40.268,0.77,0.05,34,1.3,2.0,-0.320,160.0,121,HAYIR,HAYIR
2026-08-18 10:59:40.288,0.77,0.05,34,1.4,2.0,-0.320,160.0,122,HAYIR,HAYIR
2026-08-18 10:59:40.308,0.77,0.08,31,1.4,0.0,-0.320,160.0,124,HAYIR,HAYIR
2026-08-18 10:59:40.328,0.77,0.08,32,1.4,0.0,-0.320,160.0,125,HAYIR,HAYIR
2026-08-18 10:59:40.349,0.77,0.08,32,1.4,0.0,-0.320,160.0,126,HAYIR,HAYIR
2026-08-18 10:59:40.368,0.77,0.08,32,1.4,0.0,-0.320,160.0,127,HAYIR,HAYIR
2026-08-18 10:59:40.388,0.77,0.08,32,1.5,0.0,-0.320,160.0,128,HAYIR,HAYIR
2026-08-18 10:59:40.408,0.77,0.08,32,1.5,0.0,-0.320,160.0,130,HAYIR,HAYIR
2026-08-18 10:59:40.428,0.77,0.08,32,1.5,0.0,-0.320,160.0,131,HAYIR,HAYIR
2026-08-18 10:59:40.448,0.77,0.08,32,1.5,0.0,-0.320,160.0,132,HAYIR,HAYIR
2026-08-18 10:59:40.468,0.77,0.08,32,1.6,0.0,-0.320,160.0,133,HAYIR,HAYIR
2026-08-18 10:59:40.488,0.77,0.08,32,1.6,0.0,-0.320,160.0,134,HAYIR,HAYIR
2026-08-18 10:59:40.508,0.77,0.08,33,1.6,0.0,-0.320,160.0,136,HAYIR,HAYIR
2026-08-18 10:59:40.528,0.77,0.08,33,1.6,0.0,-0.320,160.0,137,HAYIR,HAYIR
2026-08-18 10:59:40.548,0.77,0.08,33,1.6,0.0,-0.320,160.0,138,HAYIR,HAYIR
2026-08-18 10:59:40.568,0.76,0.08,32,1.7,0.0,-0.320,160.0,139,HAYIR,HAYIR
2026-08-18 10:59:40.588,0.76,0.08,33,1.7,0.0,-0.320,160.0,140,HAYIR,HAYIR
2026-08-18 10:59:40.608,0.76,0.08,33,1.7,0.0,-0.320,160.0,142,HAYIR,HAYIR
2026-08-18 10:59:40.628,0.77,0.12,31,1.7,0.0,-0.320,160.0,143,HAYIR,HAYIR
2026-08-18 10:59:40.648,0.77,0.12,33,1.7,0.0,-0.320,160.0,144,HAYIR,HAYIR
2026-08-18 10:59:40.668,0.79,0.12,33,1.8,0.0,-0.281,145.3,145,HAYIR,HAYIR
2026-08-18 10:59:40.688,0.79,0.12,33,1.8,0.0,-0.281,145.3,145,HAYIR,HAYIR
2026-08-18 10:59:40.708,0.79,0.12,33,1.8,0.0,-0.281,145.3,145,HAYIR,HAYIR
2026-08-18 10:59:40.728,0.80,0.12,33,1.7,0.0,-0.276,141.7,144,HAYIR,HAYIR
2026-08-18 10:59:40.748,0.80,0.12,33,1.7,0.0,-0.276,141.7,143,HAYIR,HAYIR
2026-08-18 10:59:40.768,0.80,0.12,33,1.7,0.0,-0.278,142.3,142,HAYIR,HAYIR
2026-08-18 10:59:40.788,0.80,0.12,33,1.7,0.0,-0.278,142.3,142,HAYIR,HAYIR
2026-08-18 10:59:40.808,0.80,0.12,33,1.7,0.0,-0.278,142.3,142,HAYIR,HAYIR
2026-08-18 10:59:40.828,0.80,0.12,33,1.7,0.0,-0.277,141.9,142,HAYIR,HAYIR
2026-08-18 10:59:40.848,0.80,0.12,33,1.7,0.0,-0.277,141.9,142,HAYIR,HAYIR
2026-08-18 10:59:40.868,0.80,0.12,33,1.7,0.0,-0.274,140.6,141,HAYIR,HAYIR
2026-08-18 10:59:40.888,0.80,0.12,33,1.7,0.0,-0.274,140.6,141,HAYIR,HAYIR
2026-08-18 10:59:40.908,0.80,0.12,33,1.7,0.0,-0.274,140.6,141,HAYIR,HAYIR
2026-08-18 10:59:40.928,0.80,0.12,33,1.7,0.0,-0.272,140.0,140,HAYIR,HAYIR
2026-08-18 10:59:40.948,0.80,0.12,33,1.7,0.0,-0.272,140.0,140,HAYIR,HAYIR
2026-08-18 10:59:40.968,0.80,0.20,30,1.7,0.0,-0.269,138.6,139,HAYIR,HAYIR
2026-08-18 10:59:40.988,0.80,0.20,33,1.7,0.0,-0.269,138.6,139,HAYIR,HAYIR
2026-08-18 10:59:41.008,0.80,0.20,33,1.7,0.0,-0.269,138.6,139,HAYIR,HAYIR
2026-08-18 10:59:41.028,0.80,0.20,33,1.6,0.0,-0.267,137.7,138,HAYIR,HAYIR
2026-08-18 10:59:41.048,0.80,0.20,33,1.6,0.0,-0.267,137.7,138,HAYIR,HAYIR
2026-08-18 10:59:41.068,0.80,0.20,33,1.6,0.0,-0.265,136.5,137,HAYIR,HAYIR
2026-08-18 10:59:41.088,0.80,0.20,33,1.6,0.0,-0.265,136.5,137,HAYIR,HAYIR
2026-08-18 10:59:41.108,0.80,0.20,33,1.6,0.0,-0.265,136.5,137,HAYIR,HAYIR
2026-08-18 10:59:41.128,0.80,0.20,33,1.6,0.0,-0.263,135.7,136,HAYIR,HAYIR
2026-08-18 10:59:41.148,0.80,0.20,33,1.6,0.0,-0.263,135.7,136,HAYIR,HAYIR
2026-08-18 10:59:41.168,0.80,0.20,33,1.6,0.0,-0.258,133.4,134,HAYIR,HAYIR
2026-08-18 10:59:41.188,0.80,0.20,33,1.6,0.0,-0.258,133.4,133,HAYIR,HAYIR
2026-08-18 10:59:41.208,0.80,0.20,33,1.6,0.0,-0.258,133.4,133,HAYIR,HAYIR
2026-08-18 10:59:41.228,0.80,0.20,33,1.5,0.0,-0.255,132.4,132,HAYIR,HAYIR
2026-08-18 10:59:41.248,0.80,0.20,33,1.5,0.0,-0.255,132.4,132,HAYIR,HAYIR
2026-08-18 10:59:41.268,0.80,0.20,33,1.5,0.0,-0.248,129.1,131,HAYIR,HAYIR
2026-08-18 10:59:41.288,0.80,0.20,33,1.5,0.0,-0.248,129.1,130,HAYIR,HAYIR
2026-08-18 10:59:41.308,0.80,0.20,33,1.5,0.0,-0.248,129.1,129,HAYIR,HAYIR
2026-08-18 10:59:41.328,0.80,0.20,33,1.5,0.0,-0.245,127.8,128,HAYIR,HAYIR
2026-08-18 10:59:41.349,0.80,0.26,31,1.5,0.0,-0.245,127.8,128,HAYIR,HAYIR
2026-08-18 10:59:41.369,0.80,0.26,33,1.4,0.0,-0.239,125.1,127,HAYIR,HAYIR
2026-08-18 10:59:41.388,0.80,0.26,33,1.4,0.0,-0.239,125.1,125,HAYIR,HAYIR
2026-08-18 10:59:41.408,0.80,0.26,33,1.4,0.0,-0.239,125.1,125,HAYIR,HAYIR
2026-08-18 10:59:41.428,0.80,0.26,33,1.4,0.0,-0.243,127.0,126,HAYIR,HAYIR
2026-08-18 10:59:41.448,0.80,0.26,33,1.4,0.0,-0.243,127.0,127,HAYIR,HAYIR
2026-08-18 10:59:41.468,0.80,0.26,33,1.4,0.0,-0.229,120.6,126,HAYIR,HAYIR
2026-08-18 10:59:41.488,0.80,0.26,33,1.4,0.0,-0.229,120.6,125,HAYIR,HAYIR
2026-08-18 10:59:41.508,0.80,0.26,33,1.4,0.0,-0.229,120.6,123,HAYIR,HAYIR
2026-08-18 10:59:41.528,0.80,0.26,33,1.4,0.0,-0.226,119.1,122,HAYIR,HAYIR
2026-08-18 10:59:41.548,0.80,0.26,33,1.3,0.0,-0.226,119.1,121,HAYIR,HAYIR
2026-08-18 10:59:41.568,0.80,0.26,33,1.3,0.0,-0.219,115.8,120,HAYIR,HAYIR
2026-08-18 10:59:41.588,0.80,0.26,33,1.3,0.0,-0.219,115.8,119,HAYIR,HAYIR
2026-08-18 10:59:41.608,0.80,0.26,33,1.3,0.0,-0.219,115.8,117,HAYIR,HAYIR
2026-08-18 10:59:41.628,0.80,0.26,33,1.3,0.0,-0.216,114.2,116,HAYIR,HAYIR
2026-08-18 10:59:41.648,0.80,0.30,31,1.2,0.0,-0.216,114.2,115,HAYIR,HAYIR
2026-08-18 10:59:41.668,0.80,0.30,33,1.2,0.0,-0.207,110.0,114,HAYIR,HAYIR
2026-08-18 10:59:41.688,0.80,0.30,33,1.2,0.0,-0.207,110.0,113,HAYIR,HAYIR
2026-08-18 10:59:41.708,0.80,0.30,33,1.2,0.0,-0.207,110.0,111,HAYIR,HAYIR
2026-08-18 10:59:41.728,0.80,0.30,33,1.2,0.0,-0.209,110.8,111,HAYIR,HAYIR
2026-08-18 10:59:41.748,0.80,0.30,33,1.2,0.0,-0.209,110.8,111,HAYIR,HAYIR
2026-08-18 10:59:41.768,0.80,0.30,33,1.2,0.0,-0.196,104.7,110,HAYIR,HAYIR
2026-08-18 10:59:41.788,0.80,0.30,33,1.1,0.0,-0.196,104.7,108,HAYIR,HAYIR
2026-08-18 10:59:41.808,0.80,0.30,33,1.1,0.0,-0.196,104.7,107,HAYIR,HAYIR
2026-08-18 10:59:41.828,0.80,0.30,33,1.1,0.0,-0.193,103.0,106,HAYIR,HAYIR
2026-08-18 10:59:41.848,0.80,0.30,33,1.1,0.0,-0.193,103.0,105,HAYIR,HAYIR
2026-08-18 10:59:41.868,0.80,0.30,33,1.1,0.0,-0.185,99.4,104,HAYIR,HAYIR
2026-08-18 10:59:41.888,0.80,0.30,33,1.0,0.0,-0.185,99.4,102,HAYIR,HAYIR
2026-08-18 10:59:41.908,0.80,0.30,33,1.0,0.0,-0.185,99.4,101,HAYIR,HAYIR
2026-08-18 10:59:41.928,0.80,0.35,31,1.0,0.0,-0.182,97.8,100,HAYIR,HAYIR
2026-08-18 10:59:41.948,0.80,0.35,33,1.0,0.0,-0.182,97.8,99,HAYIR,HAYIR
2026-08-18 10:59:41.968,0.80,0.35,33,1.0,0.0,-0.176,95.0,98,HAYIR,HAYIR
2026-08-18 10:59:41.988,0.80,0.35,33,0.9,0.0,-0.176,95.0,96,HAYIR,HAYIR
2026-08-18 10:59:42.008,0.80,0.35,33,0.9,0.0,-0.176,95.0,95,HAYIR,HAYIR
2026-08-18 10:59:42.028,0.80,0.35,33,0.9,0.0,-0.171,92.2,94,HAYIR,HAYIR
2026-08-18 10:59:42.048,0.80,0.35,33,0.9,0.0,-0.171,92.2,93,HAYIR,HAYIR
2026-08-18 10:59:42.068,0.80,0.35,33,0.9,0.0,-0.159,85.9,92,HAYIR,HAYIR
2026-08-18 10:59:42.088,0.80,0.35,33,0.8,0.0,-0.159,85.9,90,HAYIR,HAYIR
2026-08-18 10:59:42.108,0.80,0.35,33,0.8,0.0,-0.159,85.9,89,HAYIR,HAYIR
2026-08-18 10:59:42.128,0.80,0.35,33,0.8,0.0,-0.153,83.3,88,HAYIR,HAYIR
2026-08-18 10:59:42.148,0.80,0.35,33,0.8,0.0,-0.153,83.3,87,HAYIR,HAYIR
2026-08-18 10:59:42.168,0.80,0.35,33,0.8,0.0,-0.143,77.8,86,HAYIR,HAYIR
2026-08-18 10:59:42.188,0.80,0.35,33,0.7,0.0,-0.143,77.8,84,HAYIR,HAYIR
2026-08-18 10:59:42.208,0.80,0.35,33,0.7,0.0,-0.143,77.8,83,HAYIR,HAYIR
2026-08-18 10:59:42.228,0.80,0.35,33,0.7,0.0,-0.138,75.3,82,HAYIR,HAYIR
2026-08-18 10:59:42.248,0.80,0.35,33,0.7,0.0,-0.138,75.3,81,HAYIR,HAYIR
2026-08-18 10:59:42.268,0.80,0.35,33,0.7,0.0,-0.128,70.2,80,HAYIR,HAYIR
2026-08-18 10:59:42.288,0.80,0.35,33,0.6,0.0,-0.128,70.2,78,HAYIR,HAYIR
2026-08-18 10:59:42.308,0.80,0.39,31,0.6,0.0,-0.128,70.2,77,HAYIR,HAYIR
2026-08-18 10:59:42.328,0.80,0.39,33,0.6,0.0,-0.124,68.1,76,HAYIR,HAYIR
2026-08-18 10:59:42.348,0.80,0.39,32,0.6,0.0,-0.124,68.1,75,HAYIR,HAYIR
2026-08-18 10:59:42.368,0.80,0.39,32,0.6,0.0,-0.074,41.1,74,HAYIR,HAYIR
2026-08-18 10:59:42.388,0.80,0.39,32,0.5,0.0,-0.074,41.1,72,HAYIR,HAYIR
2026-08-18 10:59:42.408,0.80,0.39,32,0.5,0.0,-0.074,41.1,71,HAYIR,HAYIR
2026-08-18 10:59:42.428,0.80,0.39,32,0.5,0.0,0.000,-0.0,70,HAYIR,HAYIR
2026-08-18 10:59:42.448,0.80,0.39,32,0.5,0.0,0.000,-0.0,69,HAYIR,HAYIR
2026-08-18 10:59:42.468,0.80,0.39,32,0.5,0.0,0.000,-0.0,68,HAYIR,HAYIR
2026-08-18 10:59:42.488,0.80,0.39,32,0.4,0.0,0.000,-0.0,66,HAYIR,HAYIR
2026-08-18 10:59:42.508,0.80,0.39,32,0.4,0.0,0.000,-0.0,65,HAYIR,HAYIR
2026-08-18 10:59:42.528,0.80,0.39,32,0.4,0.0,0.036,-20.0,64,HAYIR,HAYIR
2026-08-18 10:59:42.548,0.80,0.39,32,0.4,0.0,0.036,-20.0,63,HAYIR,HAYIR
2026-08-18 10:59:42.568,0.80,0.39,32,0.4,0.0,0.042,-23.6,62,HAYIR,HAYIR
2026-08-18 10:59:42.588,0.80,0.39,32,0.3,0.0,0.042,-23.6,60,HAYIR,HAYIR
2026-08-18 10:59:42.608,0.80,0.43,31,0.3,0.0,0.042,-23.6,59,HAYIR,HAYIR
2026-08-18 10:59:42.628,0.80,0.43,32,0.3,0.0,0.046,-25.8,58,HAYIR,HAYIR
2026-08-18 10:59:42.648,0.80,0.43,32,0.3,0.0,0.046,-25.8,57,HAYIR,HAYIR
2026-08-18 10:59:42.668,0.80,0.43,32,0.3,0.0,0.049,-27.3,56,HAYIR,HAYIR
2026-08-18 10:59:42.688,0.80,0.43,32,0.2,0.0,0.049,-27.3,54,HAYIR,HAYIR
2026-08-18 10:59:42.708,0.80,0.43,32,0.2,0.0,0.049,-27.3,53,HAYIR,HAYIR
2026-08-18 10:59:42.728,0.80,0.43,32,0.2,0.0,0.052,-28.9,52,HAYIR,HAYIR
2026-08-18 10:59:42.748,0.80,0.43,32,0.2,0.0,0.052,-28.9,51,HAYIR,HAYIR
2026-08-18 10:59:42.768,0.80,0.43,32,0.2,0.0,0.058,-32.4,50,HAYIR,HAYIR
2026-08-18 10:59:42.788,0.80,0.43,32,0.1,0.0,0.058,-32.4,48,HAYIR,HAYIR
2026-08-18 10:59:42.808,0.80,0.43,32,0.1,0.0,0.058,-32.4,47,HAYIR,HAYIR
2026-08-18 10:59:42.828,0.80,0.43,32,0.1,0.0,0.062,-34.4,46,HAYIR,HAYIR
2026-08-18 10:59:42.848,0.80,0.43,32,0.1,0.0,0.062,-34.4,45,HAYIR,HAYIR
2026-08-18 10:59:42.868,0.80,0.43,32,0.1,0.0,0.067,-37.4,44,HAYIR,HAYIR
2026-08-18 10:59:42.889,0.80,0.43,32,0.0,0.0,0.067,-37.4,42,HAYIR,HAYIR
2026-08-18 10:59:42.909,0.80,0.43,32,0.0,0.0,0.067,-37.4,41,HAYIR,HAYIR
2026-08-18 10:59:42.928,0.80,0.43,32,0.0,0.0,0.070,-39.0,40,HAYIR,HAYIR
2026-08-18 10:59:42.948,0.80,0.43,32,0.0,0.0,0.070,-39.0,39,HAYIR,HAYIR
2026-08-18 10:59:42.968,0.80,0.43,32,0.0,0.0,0.073,-40.5,38,HAYIR,HAYIR
2026-08-18 10:59:42.988,0.80,0.46,31,0.0,0.0,0.073,-40.5,36,HAYIR,HAYIR
2026-08-18 10:59:43.008,0.80,0.46,32,0.0,0.0,0.073,-40.5,35,HAYIR,HAYIR
2026-08-18 10:59:43.028,0.80,0.46,32,0.0,0.0,0.075,-41.4,34,HAYIR,HAYIR
2026-08-18 10:59:43.048,0.80,0.46,32,0.0,0.0,0.075,-41.4,33,HAYIR,HAYIR
2026-08-18 10:59:43.068,0.80,0.46,32,0.0,0.0,0.078,-43.1,32,HAYIR,HAYIR
2026-08-18 10:59:43.088,0.80,0.46,32,0.0,0.0,0.078,-43.1,30,HAYIR,HAYIR
2026-08-18 10:59:43.108,0.80,0.46,32,0.0,0.0,0.078,-43.1,29,HAYIR,HAYIR
2026-08-18 10:59:43.128,0.80,0.46,32,0.0,0.0,0.080,-44.4,28,HAYIR,HAYIR
2026-08-18 10:59:43.148,0.80,0.46,32,0.0,0.0,0.080,-44.4,27,HAYIR,HAYIR
2026-08-18 10:59:43.168,0.80,0.46,32,0.0,0.0,0.084,-46.4,26,HAYIR,HAYIR
2026-08-18 10:59:43.188,0.80,0.46,32,0.0,0.0,0.084,-46.4,24,HAYIR,HAYIR
2026-08-18 10:59:43.208,0.80,0.46,32,0.0,0.0,0.084,-46.4,23,HAYIR,HAYIR
2026-08-18 10:59:43.228,0.80,0.46,32,0.0,0.0,0.086,-47.4,22,HAYIR,HAYIR
2026-08-18 10:59:43.248,0.80,0.46,32,0.0,0.0,0.086,-47.4,21,HAYIR,HAYIR
2026-08-18 10:59:43.268,0.80,0.46,32,0.0,0.0,0.087,-48.4,20,HAYIR,HAYIR
2026-08-18 10:59:43.288,0.80,0.51,30,0.0,0.0,0.087,-48.4,18,HAYIR,HAYIR
2026-08-18 10:59:43.308,0.80,0.51,32,0.0,0.0,0.087,-48.4,17,HAYIR,HAYIR
2026-08-18 10:59:43.328,0.80,0.51,32,0.0,0.0,0.088,-48.9,16,HAYIR,HAYIR
2026-08-18 10:59:43.348,0.80,0.51,32,0.0,0.0,0.088,-48.9,15,HAYIR,HAYIR
2026-08-18 10:59:43.368,0.80,0.51,32,0.0,0.0,0.091,-50.1,14,HAYIR,HAYIR
2026-08-18 10:59:43.388,0.80,0.51,32,0.0,0.0,0.091,-50.1,12,HAYIR,HAYIR
2026-08-18 10:59:43.408,0.80,0.51,32,0.0,0.0,0.091,-50.1,11,HAYIR,HAYIR
2026-08-18 10:59:43.428,0.80,0.51,32,0.0,0.0,0.092,-51.1,10,HAYIR,HAYIR
2026-08-18 10:59:43.448,0.80,0.51,32,0.0,0.0,0.092,-51.1,9,HAYIR,HAYIR
2026-08-18 10:59:43.468,0.80,0.51,32,0.0,0.0,0.094,-52.2,8,HAYIR,HAYIR
2026-08-18 10:59:43.488,0.80,0.51,32,0.0,0.0,0.094,-52.2,6,HAYIR,HAYIR
2026-08-18 10:59:43.508,0.80,0.51,32,0.0,0.0,0.094,-52.2,5,HAYIR,HAYIR
2026-08-18 10:59:43.528,0.80,0.51,32,0.0,0.0,0.044,-24.8,4,HAYIR,HAYIR
2026-08-18 10:59:43.548,0.80,0.51,32,0.0,0.0,0.044,-24.8,3,HAYIR,HAYIR
2026-08-18 10:59:43.568,0.80,0.51,32,0.0,0.0,0.000,-0.0,2,HAYIR,HAYIR
2026-08-18 10:59:43.588,0.80,0.51,32,0.0,0.0,0.000,-0.0,0,HAYIR,HAYIR
2026-08-18 10:59:43.608,0.80,0.51,32,0.0,0.0,0.000,-0.0,0,HAYIR,HAYIR
2026-08-18 10:59:43.628,0.80,0.55,31,0.0,0.0,0.000,-0.0,0,HAYIR,HAYIR
2026-08-18 10:59:43.648,0.80,0.55,32,0.0,0.0,0.000,-0.0,0,HAYIR,HAYIR
2026-08-18 10:59:43.668,0.80,0.55,32,0.0,0.0,0.000,-0.0,0,HAYIR,HAYIR
2026-08-18 10:59:43.688,0.80,0.55,32,0.0,0.0,0.000,-0.0,0,HAYIR,HAYIR
2026-08-18 10:59:43.708,0.80,0.55,32,0.0,0.0,0.000,-0.0,0,HAYIR,HAYIR
2026-08-18 10:59:43.728,0.80,0.55,32,0.0,0.0,0.000,-0.0,0,HAYIR,HAYIR
2026-08-18 10:59:43.748,0.80,0.55,32,0.0,0.0,0.000,-0.0,0,HAYIR,HAYIR
2026-08-18 10:59:43.768,0.80,0.55,32,0.0,0.0,0.000,-0.0,0,HAYIR,HAYIR
2026-08-18 10:59:43.788,0.80,0.55,32,0.0,0.0,0.000,-0.0,0,HAYIR,HAYIR
2026-08-18 10:59:43.808,0.80,0.55,32,0.0,0.0,0.000,-0.0,0,HAYIR,HAYIR
2026-08-18 10:59:43.828,0.80,0.55,32,0.0,0.0,0.000,-0.0,0,HAYIR,HAYIR
2026-08-18 10:59:43.848,0.80,0.55,32,0.0,0.0,0.000,-0.0,0,HAYIR,HAYIR
2026-08-18 10:59:43.868,0.80,0.55,32,0.0,0.0,0.000,-0.0,0,HAYIR,HAYIR
2026-08-18 10:59:43.888,0.80,0.55,32,0.0,0.0,0.000,-0.0,0,HAYIR,HAYIR
2026-08-18 10:59:43.908,0.80,0.55,32,0.0,0.0,0.000,-0.0,0,HAYIR,HAYIR
2026-08-18 10:59:43.928,0.80,0.55,32,0.0,0.0,0.000,-0.0,0,HAYIR,HAYIR
2026-08-18 10:59:43.948,0.80,0.60,30,0.0,0.0,0.000,-0.0,0,HAYIR,HAYIR
2026-08-18 10:59:43.968,0.80,0.60,32,0.0,0.0,0.030,-16.8,-1,HAYIR,HAYIR
2026-08-18 10:59:43.988,0.80,0.60,32,0.0,0.0,0.030,-16.8,-2,HAYIR,HAYIR
2026-08-18 10:59:44.008,0.80,0.60,32,0.0,0.0,0.030,-16.8,-4,HAYIR,HAYIR
2026-08-18 10:59:44.028,0.80,0.60,32,0.0,0.0,0.032,-18.1,-5,HAYIR,HAYIR
2026-08-18 10:59:44.048,0.80,0.60,32,0.0,0.0,0.032,-18.1,-6,HAYIR,HAYIR
2026-08-18 10:59:44.068,0.80,0.60,32,0.0,0.0,0.034,-19.2,-7,HAYIR,HAYIR
2026-08-18 10:59:44.088,0.80,0.60,32,0.0,0.0,0.034,-19.2,-8,HAYIR,HAYIR
2026-08-18 10:59:44.109,0.80,0.60,32,0.0,0.0,0.034,-19.2,-10,HAYIR,HAYIR
2026-08-18 10:59:44.128,0.80,0.60,32,0.0,0.0,0.037,-20.7,-11,HAYIR,HAYIR
2026-08-18 10:59:44.148,0.80,0.60,32,0.0,0.0,0.037,-20.7,-12,HAYIR,HAYIR
2026-08-18 10:59:44.168,0.80,0.60,32,0.0,0.0,0.041,-22.7,-13,HAYIR,HAYIR
2026-08-18 10:59:44.188,0.80,0.60,32,0.0,0.0,0.041,-22.7,-14,HAYIR,HAYIR
2026-08-18 10:59:44.208,0.80,0.60,32,0.0,0.0,0.041,-22.7,-16,HAYIR,HAYIR
2026-08-18 10:59:44.228,0.80,0.60,32,0.0,0.0,0.043,-23.7,-17,HAYIR,HAYIR
2026-08-18 10:59:44.248,0.80,0.60,32,0.0,0.0,0.043,-23.7,-18,HAYIR,HAYIR
2026-08-18 10:59:44.268,0.80,0.66,30,0.0,0.0,0.045,-24.9,-19,HAYIR,HAYIR
2026-08-18 10:59:44.289,0.80,0.66,32,0.0,0.0,0.045,-24.9,-20,HAYIR,HAYIR
2026-08-18 10:59:44.308,0.80,0.66,32,0.0,0.0,0.045,-24.9,-22,HAYIR,HAYIR
2026-08-18 10:59:44.329,0.80,0.66,32,0.0,0.0,0.046,-25.6,-23,HAYIR,HAYIR
2026-08-18 10:59:44.348,0.80,0.66,32,0.0,0.0,0.046,-25.6,-24,HAYIR,HAYIR
2026-08-18 10:59:44.368,0.80,0.66,32,0.0,0.0,0.049,-27.0,-25,HAYIR,HAYIR
2026-08-18 10:59:44.388,0.80,0.66,32,0.0,0.0,0.049,-27.0,-26,HAYIR,HAYIR
2026-08-18 10:59:44.408,0.80,0.66,32,0.0,0.0,0.049,-27.0,-27,HAYIR,HAYIR
2026-08-18 10:59:44.428,0.80,0.66,32,0.0,0.0,0.051,-28.1,-28,HAYIR,HAYIR
2026-08-18 10:59:44.448,0.80,0.66,32,0.0,0.0,0.051,-28.1,-28,HAYIR,HAYIR
2026-08-18 10:59:44.468,0.80,0.66,32,0.0,0.0,0.052,-29.2,-29,HAYIR,HAYIR
2026-08-18 10:59:44.488,0.80,0.66,32,0.0,0.0,0.052,-29.2,-29,HAYIR,HAYIR
2026-08-18 10:59:44.508,0.80,0.66,32,0.0,0.0,0.052,-29.2,-29,HAYIR,HAYIR
2026-08-18 10:59:44.528,0.80,0.66,32,0.0,0.0,0.054,-29.9,-30,HAYIR,HAYIR
2026-08-18 10:59:44.548,0.80,0.66,32,0.0,0.0,0.054,-29.9,-30,HAYIR,HAYIR
2026-08-18 10:59:44.568,0.80,0.66,32,0.0,0.0,0.055,-30.6,-31,HAYIR,HAYIR
2026-08-18 10:59:44.588,0.80,0.66,32,0.0,0.0,0.055,-30.6,-31,HAYIR,HAYIR
2026-08-18 10:59:44.608,0.80,0.66,32,0.0,0.0,0.055,-30.6,-31,HAYIR,HAYIR
2026-08-18 10:59:44.628,0.80,0.66,32,0.0,0.0,0.056,-31.2,-31,HAYIR,HAYIR
2026-08-18 10:59:44.648,0.80,0.70,30,0.0,0.0,0.056,-31.2,-31,HAYIR,HAYIR
2026-08-18 10:59:44.668,0.80,0.70,32,0.0,0.0,0.057,-31.6,-32,HAYIR,HAYIR
2026-08-18 10:59:44.688,0.80,0.70,32,0.0,0.0,0.057,-31.6,-32,HAYIR,HAYIR
2026-08-18 10:59:44.708,0.80,0.70,32,0.0,0.0,0.057,-31.6,-32,HAYIR,HAYIR
2026-08-18 10:59:44.728,0.80,0.70,32,0.0,0.0,0.058,-32.2,-32,HAYIR,HAYIR
2026-08-18 10:59:44.748,0.80,0.70,32,0.0,0.0,0.058,-32.2,-32,HAYIR,HAYIR
2026-08-18 10:59:44.768,0.80,0.70,32,0.0,0.0,0.059,-32.8,-33,HAYIR,HAYIR
2026-08-18 10:59:44.788,0.80,0.70,32,0.0,0.0,0.059,-32.8,-33,HAYIR,HAYIR
2026-08-18 10:59:44.808,0.80,0.70,32,0.0,0.0,0.059,-32.8,-33,HAYIR,HAYIR
2026-08-18 10:59:44.828,0.80,0.70,32,0.0,0.0,0.060,-33.3,-33,HAYIR,HAYIR
2026-08-18 10:59:44.848,0.80,0.70,32,0.0,0.0,0.060,-33.3,-33,HAYIR,HAYIR
2026-08-18 10:59:44.868,0.80,0.70,32,0.0,0.0,0.061,-33.9,-34,HAYIR,HAYIR
2026-08-18 10:59:44.888,0.80,0.70,32,0.0,0.0,0.061,-33.9,-34,HAYIR,HAYIR
2026-08-18 10:59:44.908,0.80,0.70,32,0.0,0.0,0.061,-33.9,-34,HAYIR,HAYIR
2026-08-18 10:59:44.928,0.80,0.70,32,0.0,0.0,0.061,-34.2,-34,HAYIR,HAYIR
2026-08-18 10:59:44.948,0.80,0.70,32,0.0,0.0,0.061,-34.2,-34,HAYIR,HAYIR
2026-08-18 10:59:44.968,0.80,0.74,31,0.0,0.0,0.062,-34.3,-34,HAYIR,HAYIR
2026-08-18 10:59:44.988,0.80,0.74,32,0.0,0.0,0.062,-34.3,-34,HAYIR,HAYIR
2026-08-18 10:59:45.008,0.80,0.74,32,0.0,0.0,0.062,-34.3,-34,HAYIR,HAYIR
2026-08-18 10:59:45.028,0.80,0.74,32,0.0,0.0,0.062,-34.4,-34,HAYIR,HAYIR
2026-08-18 10:59:45.048,0.80,0.74,32,0.0,0.0,0.062,-34.4,-34,HAYIR,HAYIR
2026-08-18 10:59:45.068,0.80,0.74,32,0.0,0.0,0.062,-34.4,-34,HAYIR,HAYIR
2026-08-18 10:59:45.088,0.80,0.74,32,0.0,0.0,0.062,-34.4,-34,HAYIR,HAYIR
2026-08-18 10:59:45.108,0.80,0.74,32,0.0,0.0,0.062,-34.4,-34,HAYIR,HAYIR
2026-08-18 10:59:45.128,0.80,0.74,32,0.0,0.0,0.062,-34.7,-35,HAYIR,HAYIR
2026-08-18 10:59:45.148,0.80,0.74,32,0.0,0.0,0.062,-34.7,-35,HAYIR,HAYIR
2026-08-18 10:59:45.168,0.80,0.74,32,0.0,0.0,0.063,-34.9,-35,HAYIR,HAYIR
2026-08-18 10:59:45.188,0.80,0.74,32,0.0,0.0,0.063,-34.9,-35,HAYIR,HAYIR
2026-08-18 10:59:45.208,0.80,0.74,32,0.0,0.0,0.063,-34.9,-35,HAYIR,HAYIR
2026-08-18 10:59:45.228,0.80,0.74,32,0.0,0.0,0.063,-35.0,-35,HAYIR,HAYIR
2026-08-18 10:59:45.249,0.80,0.74,32,0.0,0.0,0.063,-35.0,-35,HAYIR,HAYIR
2026-08-18 10:59:45.268,0.80,0.74,32,0.0,0.0,0.063,-34.9,-35,HAYIR,HAYIR
2026-08-18 10:59:45.288,0.80,0.78,31,0.0,0.0,0.063,-34.9,-35,HAYIR,HAYIR
2026-08-18 10:59:45.308,0.80,0.78,32,0.0,0.0,0.063,-34.9,-35,HAYIR,HAYIR
2026-08-18 10:59:45.328,0.80,0.78,32,0.0,0.0,0.063,-34.9,-35,HAYIR,HAYIR
2026-08-18 10:59:45.348,0.80,0.78,32,0.0,0.0,0.063,-34.9,-35,HAYIR,HAYIR
2026-08-18 10:59:45.368,0.80,0.78,32,0.0,0.0,0.062,-34.3,-34,HAYIR,HAYIR
2026-08-18 10:59:45.389,0.80,0.78,32,0.0,0.0,0.062,-34.3,-34,HAYIR,HAYIR
2026-08-18 10:59:45.408,0.80,0.78,32,0.0,0.0,0.062,-34.3,-34,HAYIR,HAYIR
2026-08-18 10:59:45.428,0.80,0.78,32,0.0,0.0,0.062,-34.3,-34,HAYIR,HAYIR
2026-08-18 10:59:45.448,0.80,0.78,32,0.0,0.0,0.062,-34.3,-34,HAYIR,HAYIR
2026-08-18 10:59:45.468,0.80,0.78,32,0.0,0.0,0.062,-34.3,-34,HAYIR,HAYIR
2026-08-18 10:59:45.488,0.80,0.78,32,0.0,0.0,0.062,-34.3,-34,HAYIR,HAYIR
2026-08-18 10:59:45.508,0.80,0.78,32,0.0,0.0,0.062,-34.3,-34,HAYIR,HAYIR
2026-08-18 10:59:45.528,0.80,0.78,32,0.0,0.0,0.062,-34.2,-34,HAYIR,HAYIR
2026-08-18 10:59:45.548,0.80,0.78,32,0.0,0.0,0.062,-34.2,-34,HAYIR,HAYIR
2026-08-18 10:59:45.568,0.80,0.78,32,0.0,0.0,0.061,-34.0,-34,HAYIR,HAYIR
2026-08-18 10:59:45.588,0.80,0.78,32,0.0,0.0,0.061,-34.0,-34,HAYIR,HAYIR
2026-08-18 10:59:45.608,0.80,0.85,28,0.0,0.0,0.061,-34.0,-34,HAYIR,HAYIR
2026-08-18 10:59:45.628,0.80,0.85,28,0.0,0.0,0.061,-34.0,-34,HAYIR,HAYIR
2026-08-18 10:59:45.648,0.80,0.85,28,0.0,0.0,0.061,-34.0,-34,HAYIR,HAYIR
2026-08-18 10:59:45.668,0.80,0.85,28,0.0,0.0,0.061,-34.1,-34,HAYIR,HAYIR
2026-08-18 10:59:45.688,0.80,0.85,28,0.0,0.0,0.061,-34.1,-34,HAYIR,HAYIR
2026-08-18 10:59:45.708,0.80,0.85,28,0.0,0.0,0.061,-34.1,-34,HAYIR,HAYIR
2026-08-18 10:59:45.728,0.80,0.85,28,0.0,0.0,0.062,-34.2,-34,HAYIR,HAYIR
2026-08-18 10:59:45.748,0.80,0.85,28,0.0,0.0,0.062,-34.2,-34,HAYIR,HAYIR
2026-08-18 10:59:45.768,0.80,0.85,28,0.0,0.0,0.061,-34.1,-34,HAYIR,HAYIR
2026-08-18 10:59:45.788,0.80,0.85,28,0.0,0.0,0.061,-34.1,-34,HAYIR,HAYIR
2026-08-18 10:59:45.808,0.80,0.85,28,0.0,0.0,0.061,-34.1,-34,HAYIR,HAYIR
2026-08-18 10:59:45.828,0.80,0.85,28,0.0,0.0,0.062,-34.3,-34,HAYIR,HAYIR
2026-08-18 10:59:45.848,0.80,0.85,28,0.0,0.0,0.062,-34.3,-34,HAYIR,HAYIR
2026-08-18 10:59:45.868,0.80,0.85,28,0.0,0.0,0.062,-34.4,-34,HAYIR,HAYIR
2026-08-18 10:59:45.888,0.80,0.85,28,0.0,0.0,0.062,-34.4,-34,HAYIR,HAYIR
2026-08-18 10:59:45.908,0.80,0.85,28,0.0,0.0,0.062,-34.4,-34,HAYIR,HAYIR
2026-08-18 10:59:45.928,0.80,0.85,28,0.0,0.0,0.062,-34.6,-35,HAYIR,HAYIR
2026-08-18 10:59:45.948,0.80,0.92,28,0.0,0.0,0.062,-34.6,-35,HAYIR,HAYIR
2026-08-18 10:59:45.968,0.80,0.92,28,0.0,0.0,0.062,-34.6,-35,HAYIR,HAYIR
2026-08-18 10:59:45.988,0.80,0.92,28,0.0,0.0,0.062,-34.6,-35,HAYIR,HAYIR
2026-08-18 10:59:46.008,0.80,0.92,28,0.0,0.0,0.062,-34.6,-35,HAYIR,HAYIR
2026-08-18 10:59:46.028,0.80,0.92,28,0.0,0.0,0.062,-34.7,-35,HAYIR,HAYIR
2026-08-18 10:59:46.048,0.80,0.92,28,0.0,0.0,0.062,-34.7,-35,HAYIR,HAYIR
2026-08-18 10:59:46.068,0.80,0.92,28,0.0,0.0,0.062,-34.7,-35,HAYIR,HAYIR
2026-08-18 10:59:46.088,0.80,0.92,28,0.0,0.0,0.062,-34.7,-35,HAYIR,HAYIR
2026-08-18 10:59:46.108,0.80,0.92,28,0.0,0.0,0.062,-34.7,-35,HAYIR,HAYIR
2026-08-18 10:59:46.128,0.80,0.92,28,0.0,0.0,0.063,-34.9,-35,HAYIR,HAYIR
2026-08-18 10:59:46.148,0.80,0.92,28,0.0,0.0,0.063,-34.9,-35,HAYIR,HAYIR
2026-08-18 10:59:46.168,0.80,0.92,28,0.0,0.0,0.063,-35.1,-35,HAYIR,HAYIR
2026-08-18 10:59:46.188,0.80,0.92,28,0.0,0.0,0.063,-35.1,-35,HAYIR,HAYIR
2026-08-18 10:59:46.208,0.80,0.92,28,0.0,0.0,0.063,-35.1,-35,HAYIR,HAYIR
2026-08-18 10:59:46.228,0.80,0.92,28,0.0,0.0,0.063,-35.2,-35,HAYIR,HAYIR
2026-08-18 10:59:46.248,0.80,0.92,28,0.0,0.0,0.063,-35.2,-35,HAYIR,HAYIR
2026-08-18 10:59:46.268,0.80,0.92,28,0.0,0.0,0.064,-35.4,-35,HAYIR,HAYIR
2026-08-18 10:59:46.288,0.80,0.92,28,0.0,0.0,0.064,-35.4,-35,HAYIR,HAYIR
2026-08-18 10:59:46.308,0.80,0.92,28,0.0,0.0,0.064,-35.4,-35,HAYIR,HAYIR
2026-08-18 10:59:46.329,0.80,0.95,28,0.0,0.0,0.064,-35.5,-36,HAYIR,HAYIR
2026-08-18 10:59:46.348,0.80,0.95,28,0.0,0.0,0.064,-35.5,-36,HAYIR,HAYIR
2026-08-18 10:59:46.368,0.80,0.95,28,0.0,0.0,0.065,-35.9,-36,HAYIR,HAYIR
2026-08-18 10:59:46.388,0.80,0.95,28,0.0,0.0,0.065,-35.9,-36,HAYIR,HAYIR
2026-08-18 10:59:46.408,0.80,0.95,28,0.0,0.0,0.065,-35.9,-36,HAYIR,HAYIR
2026-08-18 10:59:46.428,0.80,0.95,28,0.0,0.0,0.065,-36.0,-36,HAYIR,HAYIR
2026-08-18 10:59:46.448,0.80,0.95,28,0.0,0.0,0.065,-36.0,-36,HAYIR,HAYIR
2026-08-18 10:59:46.468,0.80,0.95,28,0.0,0.0,0.065,-36.1,-36,HAYIR,HAYIR
2026-08-18 10:59:46.488,0.80,0.95,28,0.0,0.0,0.065,-36.1,-36,HAYIR,HAYIR
2026-08-18 10:59:46.508,0.80,0.95,28,0.0,0.0,0.065,-36.1,-36,HAYIR,HAYIR
2026-08-18 10:59:46.528,0.80,0.95,28,0.0,0.0,0.065,-36.2,-36,HAYIR,HAYIR
2026-08-18 10:59:46.548,0.80,0.95,28,0.0,0.0,0.065,-36.2,-36,HAYIR,HAYIR
2026-08-18 10:59:46.568,0.80,0.95,28,0.0,0.0,0.053,-29.6,-35,HAYIR,HAYIR
2026-08-18 10:59:46.588,0.80,0.95,28,0.0,0.0,0.053,-29.6,-34,HAYIR,HAYIR
2026-08-18 10:59:46.608,0.80,0.95,28,0.0,0.0,0.053,-29.6,-33,HAYIR,HAYIR
2026-08-18 10:59:46.628,0.80,0.95,28,0.0,0.0,0.053,-29.7,-31,HAYIR,HAYIR
2026-08-18 10:59:46.648,0.80,0.97,28,0.0,0.0,0.053,-29.7,-30,HAYIR,HAYIR
2026-08-18 10:59:46.668,0.80,0.97,28,0.0,0.0,0.054,-30.0,-30,HAYIR,HAYIR
2026-08-18 10:59:46.688,0.80,0.97,28,0.0,0.0,0.054,-30.0,-30,HAYIR,HAYIR
2026-08-18 10:59:46.709,0.80,0.97,28,0.0,0.0,0.054,-30.0,-30,HAYIR,HAYIR
2026-08-18 10:59:46.728,0.80,0.97,28,0.0,0.0,0.054,-30.1,-30,HAYIR,HAYIR
2026-08-18 10:59:46.748,0.80,0.97,28,0.0,0.0,0.054,-30.1,-30,HAYIR,HAYIR
2026-08-18 10:59:46.768,0.80,0.97,28,0.0,0.0,0.054,-30.3,-30,HAYIR,HAYIR
2026-08-18 10:59:46.788,0.80,0.97,28,0.0,0.0,0.054,-30.3,-30,HAYIR,HAYIR
2026-08-18 10:59:46.808,0.80,0.97,28,0.0,0.0,0.054,-30.3,-30,HAYIR,HAYIR
2026-08-18 10:59:46.828,0.80,0.97,28,0.0,0.0,0.055,-30.4,-30,HAYIR,HAYIR
2026-08-18 10:59:46.848,0.80,0.97,28,0.0,0.0,0.055,-30.4,-30,HAYIR,HAYIR
2026-08-18 10:59:46.868,0.80,0.97,28,0.0,0.0,0.055,-30.4,-30,HAYIR,HAYIR
2026-08-18 10:59:46.888,0.80,0.97,28,0.0,0.0,0.055,-30.4,-30,HAYIR,HAYIR
2026-08-18 10:59:46.908,0.80,0.97,28,0.0,0.0,0.055,-30.4,-30,HAYIR,HAYIR
2026-08-18 10:59:46.928,0.80,0.97,28,0.0,0.0,0.055,-30.4,-30,HAYIR,HAYIR
2026-08-18 10:59:46.948,0.80,0.97,28,0.0,0.0,0.055,-30.4,-30,HAYIR,HAYIR
2026-08-18 10:59:46.968,0.80,0.97,28,0.0,0.0,0.054,-30.2,-30,HAYIR,HAYIR
2026-08-18 10:59:46.988,0.80,0.97,28,0.0,0.0,0.054,-30.2,-30,HAYIR,HAYIR
2026-08-18 10:59:47.008,0.80,0.97,28,0.0,0.0,0.054,-30.2,-30,HAYIR,HAYIR
2026-08-18 10:59:47.028,0.80,0.97,28,0.0,0.0,0.054,-30.2,-30,HAYIR,HAYIR
2026-08-18 10:59:47.048,0.80,0.97,28,0.0,0.0,0.054,-30.2,-30,HAYIR,HAYIR
2026-08-18 10:59:47.068,0.80,0.97,28,0.0,0.0,0.054,-30.3,-30,HAYIR,HAYIR
2026-08-18 10:59:47.088,0.80,0.97,28,0.0,0.0,0.054,-30.3,-30,HAYIR,HAYIR
2026-08-18 10:59:47.108,0.80,0.97,28,0.0,0.0,0.054,-30.3,-30,HAYIR,HAYIR
2026-08-18 10:59:47.128,0.80,0.97,28,0.0,0.0,0.054,-30.2,-30,HAYIR,HAYIR
2026-08-18 10:59:47.148,0.80,0.97,28,0.0,0.0,0.054,-30.2,-30,HAYIR,HAYIR
2026-08-18 10:59:47.168,0.80,0.97,28,0.0,0.0,0.054,-30.2,-30,HAYIR,HAYIR
2026-08-18 10:59:47.188,0.80,0.97,28,0.0,0.0,0.054,-30.2,-30,HAYIR,HAYIR
2026-08-18 10:59:47.208,0.80,0.97,28,0.0,0.0,0.054,-30.2,-30,HAYIR,HAYIR
2026-08-18 10:59:47.228,0.80,0.97,28,0.0,0.0,0.054,-30.3,-30,HAYIR,HAYIR
2026-08-18 10:59:47.248,0.80,0.97,28,0.0,0.0,0.054,-30.3,-30,HAYIR,HAYIR
2026-08-18 10:59:47.268,0.80,0.97,28,0.0,0.0,0.054,-30.3,-30,HAYIR,HAYIR
2026-08-18 10:59:47.288,0.80,0.96,28,0.0,0.0,0.054,-30.3,-30,HAYIR,HAYIR
2026-08-18 10:59:47.308,0.80,0.96,28,0.0,0.0,0.054,-30.3,-30,HAYIR,HAYIR
2026-08-18 10:59:47.328,0.80,0.96,28,0.0,0.0,0.054,-30.3,-30,HAYIR,HAYIR
2026-08-18 10:59:47.348,0.80,0.96,28,0.0,0.0,0.054,-30.3,-30,HAYIR,HAYIR
2026-08-18 10:59:47.368,0.80,0.96,28,0.0,0.0,0.055,-30.7,-31,HAYIR,HAYIR
2026-08-18 10:59:47.388,0.80,0.96,28,0.0,0.0,0.055,-30.7,-31,HAYIR,HAYIR
2026-08-18 10:59:47.408,0.80,0.96,28,0.0,0.0,0.055,-30.7,-31,HAYIR,HAYIR
2026-08-18 10:59:47.428,0.80,0.96,28,0.0,0.0,0.055,-30.7,-31,HAYIR,HAYIR
2026-08-18 10:59:47.448,0.80,0.96,28,0.0,0.0,0.055,-30.7,-31,HAYIR,HAYIR
2026-08-18 10:59:47.468,0.80,0.96,28,0.0,0.0,0.055,-30.6,-31,HAYIR,HAYIR
2026-08-18 10:59:47.488,0.80,0.96,28,0.0,0.0,0.055,-30.6,-31,HAYIR,HAYIR
2026-08-18 10:59:47.508,0.80,0.96,28,0.0,0.0,0.055,-30.6,-31,HAYIR,HAYIR
2026-08-18 10:59:47.528,0.80,0.96,28,0.0,0.0,0.055,-30.5,-31,HAYIR,HAYIR
2026-08-18 10:59:47.548,0.80,0.96,28,0.0,0.0,0.055,-30.5,-31,HAYIR,HAYIR
2026-08-18 10:59:47.568,0.80,0.96,28,0.0,0.0,0.055,-30.5,-31,HAYIR,HAYIR
2026-08-18 10:59:47.588,0.80,0.96,28,0.0,0.0,0.055,-30.5,-31,HAYIR,HAYIR
2026-08-18 10:59:47.608,0.80,0.95,28,0.0,0.0,0.055,-30.5,-31,HAYIR,HAYIR
2026-08-18 10:59:47.628,0.80,0.95,28,0.0,0.0,0.055,-30.7,-31,HAYIR,HAYIR
2026-08-18 10:59:47.648,0.80,0.95,28,0.0,0.0,0.055,-30.7,-31,HAYIR,HAYIR
2026-08-18 10:59:47.668,0.80,0.95,28,0.0,0.0,0.056,-30.9,-31,HAYIR,HAYIR
2026-08-18 10:59:47.688,0.80,0.95,28,0.0,0.0,0.056,-30.9,-31,HAYIR,HAYIR
2026-08-18 10:59:47.708,0.80,0.95,28,0.0,0.0,0.056,-30.9,-31,HAYIR,HAYIR
2026-08-18 10:59:47.728,0.80,0.95,28,0.0,0.0,0.056,-31.2,-31,HAYIR,HAYIR
2026-08-18 10:59:47.748,0.80,0.95,28,0.0,0.0,0.056,-31.2,-31,HAYIR,HAYIR
2026-08-18 10:59:47.768,0.80,0.95,28,0.0,0.0,0.056,-31.0,-31,HAYIR,HAYIR
2026-08-18 10:59:47.788,0.80,0.95,28,0.0,0.0,0.056,-31.0,-31,HAYIR,HAYIR
2026-08-18 10:59:47.808,0.80,0.95,28,0.0,0.0,0.056,-31.0,-31,HAYIR,HAYIR
2026-08-18 10:59:47.829,0.80,0.95,28,0.0,0.0,0.056,-31.1,-31,HAYIR,HAYIR
2026-08-18 10:59:47.848,0.80,0.95,28,0.0,0.0,0.056,-31.1,-31,HAYIR,HAYIR
2026-08-18 10:59:47.868,0.80,0.95,28,0.0,0.0,0.056,-31.0,-31,HAYIR,HAYIR
2026-08-18 10:59:47.888,0.80,0.95,28,0.0,0.0,0.056,-31.0,-31,HAYIR,HAYIR
2026-08-18 10:59:47.908,0.80,0.95,28,0.0,0.0,0.056,-31.0,-31,HAYIR,HAYIR
2026-08-18 10:59:47.928,0.80,0.95,28,0.0,0.0,0.056,-31.0,-31,HAYIR,HAYIR
2026-08-18 10:59:47.948,0.80,0.95,28,0.0,0.0,0.056,-31.0,-31,HAYIR,HAYIR
2026-08-18 10:59:47.968,0.80,0.95,28,0.0,0.0,0.056,-31.0,-31,HAYIR,HAYIR
2026-08-18 10:59:47.988,0.80,0.94,28,0.0,0.0,0.056,-31.0,-31,HAYIR,HAYIR
2026-08-18 10:59:48.008,0.80,0.94,28,0.0,0.0,0.056,-31.0,-31,HAYIR,HAYIR
2026-08-18 10:59:48.028,0.80,0.94,28,0.0,0.0,0.056,-30.9,-31,HAYIR,HAYIR
2026-08-18 10:59:48.048,0.80,0.94,28,0.0,0.0,0.056,-30.9,-31,HAYIR,HAYIR
2026-08-18 10:59:48.068,0.80,0.94,28,0.0,0.0,0.056,-31.3,-31,HAYIR,HAYIR
2026-08-18 10:59:48.088,0.80,0.94,28,0.0,0.0,0.056,-31.3,-31,HAYIR,HAYIR
2026-08-18 10:59:48.108,0.80,0.94,28,0.0,0.0,0.056,-31.3,-31,HAYIR,HAYIR
2026-08-18 10:59:48.128,0.80,0.94,28,0.0,0.0,0.056,-31.4,-31,HAYIR,HAYIR
2026-08-18 10:59:48.148,0.80,0.94,28,0.0,0.0,0.056,-31.4,-31,HAYIR,HAYIR
2026-08-18 10:59:48.168,0.80,0.94,28,0.0,0.0,0.056,-31.3,-31,HAYIR,HAYIR
2026-08-18 10:59:48.188,0.80,0.94,28,0.0,0.0,0.056,-31.3,-31,HAYIR,HAYIR
2026-08-18 10:59:48.208,0.80,0.94,28,0.0,0.0,0.056,-31.3,-31,HAYIR,HAYIR
2026-08-18 10:59:48.228,0.80,0.94,28,0.0,0.0,0.056,-31.3,-31,HAYIR,HAYIR
2026-08-18 10:59:48.248,0.80,0.94,28,0.0,0.0,0.056,-31.3,-31,HAYIR,HAYIR
2026-08-18 10:59:48.268,0.80,0.94,28,0.0,0.0,0.049,-27.5,-30,HAYIR,HAYIR
2026-08-18 10:59:48.288,0.80,0.94,28,0.0,0.0,0.049,-27.5,-29,HAYIR,HAYIR
2026-08-18 10:59:48.308,0.80,0.92,28,0.0,0.0,0.049,-27.5,-28,HAYIR,HAYIR
2026-08-18 10:59:48.328,0.80,0.92,28,0.0,0.0,0.050,-27.6,-28,HAYIR,HAYIR
2026-08-18 10:59:48.349,0.80,0.92,28,0.0,0.0,0.050,-27.6,-28,HAYIR,HAYIR
2026-08-18 10:59:48.368,0.80,0.92,28,0.0,0.0,0.048,-26.6,-27,HAYIR,HAYIR
2026-08-18 10:59:48.388,0.80,0.92,28,0.0,0.0,0.048,-26.6,-27,HAYIR,HAYIR
2026-08-18 10:59:48.408,0.80,0.92,28,0.0,0.0,0.048,-26.6,-27,HAYIR,HAYIR
2026-08-18 10:59:48.428,0.80,0.92,28,0.0,0.0,0.049,-27.1,-27,HAYIR,HAYIR
2026-08-18 10:59:48.448,0.80,0.92,28,0.0,0.0,0.049,-27.1,-27,HAYIR,HAYIR
2026-08-18 10:59:48.468,0.80,0.92,28,0.0,0.0,0.049,-27.5,-27,HAYIR,HAYIR
2026-08-18 10:59:48.488,0.80,0.92,28,0.0,0.0,0.049,-27.5,-27,HAYIR,HAYIR
2026-08-18 10:59:48.508,0.80,0.92,28,0.0,0.0,0.049,-27.5,-27,HAYIR,HAYIR
2026-08-18 10:59:48.528,0.80,0.92,28,0.0,0.0,0.050,-27.7,-28,HAYIR,HAYIR
2026-08-18 10:59:48.548,0.80,0.92,28,0.0,0.0,0.050,-27.7,-28,HAYIR,HAYIR
2026-08-18 10:59:48.568,0.80,0.92,28,0.0,0.0,0.050,-27.9,-28,HAYIR,HAYIR
2026-08-18 10:59:48.588,0.80,0.92,28,0.0,0.0,0.050,-27.9,-28,HAYIR,HAYIR
2026-08-18 10:59:48.608,0.80,0.92,28,0.0,0.0,0.050,-27.9,-28,HAYIR,HAYIR
2026-08-18 10:59:48.628,0.80,0.91,28,0.0,0.0,0.050,-28.0,-28,HAYIR,HAYIR
2026-08-18 10:59:48.648,0.80,0.91,28,0.0,0.0,0.050,-28.0,-28,HAYIR,HAYIR
2026-08-18 10:59:48.668,0.80,0.91,28,0.0,0.0,0.049,-27.1,-27,HAYIR,HAYIR
2026-08-18 10:59:48.688,0.80,0.91,28,0.0,0.0,0.049,-27.1,-27,HAYIR,HAYIR
2026-08-18 10:59:48.708,0.80,0.91,28,0.0,0.0,0.049,-27.1,-27,HAYIR,HAYIR
2026-08-18 10:59:48.728,0.80,0.91,28,0.0,0.0,0.049,-27.5,-28,HAYIR,HAYIR
2026-08-18 10:59:48.749,0.80,0.91,28,0.0,0.0,0.049,-27.5,-28,HAYIR,HAYIR
2026-08-18 10:59:48.768,0.80,0.91,28,0.0,0.0,0.050,-27.6,-28,HAYIR,HAYIR
2026-08-18 10:59:48.788,0.80,0.91,28,0.0,0.0,0.050,-27.6,-28,HAYIR,HAYIR
2026-08-18 10:59:48.808,0.80,0.91,28,0.0,0.0,0.050,-27.6,-28,HAYIR,HAYIR
2026-08-18 10:59:48.828,0.80,0.91,28,0.0,0.0,0.050,-27.9,-28,HAYIR,HAYIR
2026-08-18 10:59:48.849,0.80,0.91,28,0.0,0.0,0.050,-27.9,-28,HAYIR,HAYIR
2026-08-18 10:59:48.868,0.80,0.91,28,0.0,0.0,0.051,-28.2,-28,HAYIR,HAYIR
2026-08-18 10:59:48.888,0.80,0.91,28,0.0,0.0,0.051,-28.2,-28,HAYIR,HAYIR
2026-08-18 10:59:48.908,0.80,0.91,28,0.0,0.0,0.051,-28.2,-28,HAYIR,HAYIR
2026-08-18 10:59:48.928,0.80,0.91,28,0.0,0.0,0.051,-28.2,-28,HAYIR,HAYIR
2026-08-18 10:59:48.948,0.80,0.89,28,0.0,0.0,0.051,-28.2,-28,HAYIR,HAYIR
2026-08-18 10:59:48.968,0.80,0.89,28,0.0,0.0,0.051,-28.3,-28,HAYIR,HAYIR
2026-08-18 10:59:48.988,0.80,0.89,28,0.0,0.0,0.051,-28.3,-28,HAYIR,HAYIR
2026-08-18 10:59:49.008,0.80,0.89,28,0.0,0.0,0.051,-28.3,-28,HAYIR,HAYIR
2026-08-18 10:59:49.028,0.80,0.89,28,0.0,0.0,0.050,-28.1,-28,HAYIR,HAYIR
2026-08-18 10:59:49.048,0.80,0.89,28,0.0,0.0,0.050,-28.1,-28,HAYIR,HAYIR
2026-08-18 10:59:49.068,0.80,0.89,28,0.0,0.0,0.052,-28.8,-29,HAYIR,HAYIR
2026-08-18 10:59:49.088,0.80,0.89,28,0.0,0.0,0.052,-28.8,-29,HAYIR,HAYIR
2026-08-18 10:59:49.108,0.80,0.89,28,0.0,0.0,0.052,-28.8,-29,HAYIR,HAYIR
2026-08-18 10:59:49.128,0.80,0.89,28,0.0,0.0,0.052,-29.0,-29,HAYIR,HAYIR
2026-08-18 10:59:49.148,0.80,0.89,28,0.0,0.0,0.052,-29.0,-29,HAYIR,HAYIR
2026-08-18 10:59:49.168,0.80,0.89,28,0.0,0.0,0.052,-29.2,-29,HAYIR,HAYIR
2026-08-18 10:59:49.188,0.80,0.89,28,0.0,0.0,0.052,-29.2,-29,HAYIR,HAYIR
2026-08-18 10:59:49.208,0.80,0.89,28,0.0,0.0,0.052,-29.2,-29,HAYIR,HAYIR
2026-08-18 10:59:49.228,0.80,0.89,28,0.0,0.0,0.053,-29.3,-29,HAYIR,HAYIR
2026-08-18 10:59:49.248,0.80,0.89,28,0.0,0.0,0.053,-29.3,-29,HAYIR,HAYIR
2026-08-18 10:59:49.268,0.80,0.85,28,0.0,0.0,0.053,-29.5,-29,HAYIR,HAYIR
2026-08-18 10:59:49.289,0.80,0.85,28,0.0,0.0,0.053,-29.5,-29,HAYIR,HAYIR
2026-08-18 10:59:49.308,0.80,0.85,28,0.0,0.0,0.053,-29.5,-29,HAYIR,HAYIR
2026-08-18 10:59:49.328,0.80,0.85,28,0.0,0.0,0.053,-29.6,-30,HAYIR,HAYIR
2026-08-18 10:59:49.348,0.80,0.85,28,0.0,0.0,0.053,-29.6,-30,HAYIR,HAYIR
2026-08-18 10:59:49.368,0.80,0.85,28,0.0,0.0,0.065,-35.9,-31,HAYIR,HAYIR
2026-08-18 10:59:49.388,0.80,0.85,28,0.0,0.0,0.065,-35.9,-32,HAYIR,HAYIR
2026-08-18 10:59:49.408,0.80,0.85,28,0.0,0.0,0.065,-35.9,-33,HAYIR,HAYIR
2026-08-18 10:59:49.428,0.80,0.85,28,0.0,0.0,0.065,-36.0,-34,HAYIR,HAYIR
2026-08-18 10:59:49.448,0.80,0.85,28,0.0,0.0,0.065,-36.0,-36,HAYIR,HAYIR
2026-08-18 10:59:49.468,0.80,0.85,28,0.0,0.0,0.065,-36.2,-36,HAYIR,HAYIR
2026-08-18 10:59:49.489,0.80,0.85,28,0.0,0.0,0.065,-36.2,-36,HAYIR,HAYIR
2026-08-18 10:59:49.508,0.80,0.85,28,0.0,0.0,0.065,-36.2,-36,HAYIR,HAYIR
2026-08-18 10:59:49.529,0.80,0.85,28,0.0,0.0,0.065,-36.1,-36,HAYIR,HAYIR
2026-08-18 10:59:49.548,0.80,0.85,28,0.0,0.0,0.065,-36.1,-36,HAYIR,HAYIR
2026-08-18 10:59:49.568,0.80,0.85,28,0.0,0.0,0.065,-35.9,-36,HAYIR,HAYIR
2026-08-18 10:59:49.588,0.80,0.85,28,0.0,0.0,0.065,-35.9,-36,HAYIR,HAYIR
2026-08-18 10:59:49.608,0.80,0.85,28,0.0,0.0,0.065,-35.9,-36,HAYIR,HAYIR
2026-08-18 10:59:49.628,0.80,0.85,28,0.0,0.0,0.065,-36.0,-36,HAYIR,HAYIR
2026-08-18 10:59:49.648,0.80,0.84,28,0.0,0.0,0.065,-36.0,-36,HAYIR,HAYIR
2026-08-18 10:59:49.668,0.80,0.84,28,0.0,0.0,0.065,-35.9,-36,HAYIR,HAYIR
2026-08-18 10:59:49.688,0.80,0.84,28,0.0,0.0,0.065,-35.9,-36,HAYIR,HAYIR
2026-08-18 10:59:49.708,0.80,0.84,28,0.0,0.0,0.065,-35.9,-36,HAYIR,HAYIR
2026-08-18 10:59:49.728,0.80,0.84,28,0.0,0.0,0.067,-37.0,-37,HAYIR,HAYIR
2026-08-18 10:59:49.748,0.80,0.84,28,0.0,0.0,0.067,-37.0,-37,HAYIR,HAYIR
2026-08-18 10:59:49.768,0.80,0.84,28,0.0,0.0,0.068,-37.5,-38,HAYIR,HAYIR
2026-08-18 10:59:49.788,0.80,0.84,28,0.0,0.0,0.068,-37.5,-38,HAYIR,HAYIR
2026-08-18 10:59:49.808,0.80,0.84,28,0.0,0.0,0.068,-37.5,-38,HAYIR,HAYIR
2026-08-18 10:59:49.828,0.80,0.84,28,0.0,0.0,0.068,-37.5,-37,HAYIR,HAYIR
2026-08-18 10:59:49.848,0.80,0.84,28,0.0,0.0,0.068,-37.5,-37,HAYIR,HAYIR
2026-08-18 10:59:49.868,0.80,0.84,28,0.0,0.0,0.067,-37.2,-37,HAYIR,HAYIR
2026-08-18 10:59:49.888,0.80,0.84,28,0.0,0.0,0.067,-37.2,-37,HAYIR,HAYIR
2026-08-18 10:59:49.908,0.80,0.84,28,0.0,0.0,0.067,-37.2,-37,HAYIR,HAYIR
2026-08-18 10:59:49.928,0.80,0.84,28,0.0,0.0,0.067,-37.2,-37,HAYIR,HAYIR
2026-08-18 10:59:49.948,0.80,0.84,28,0.0,0.0,0.067,-37.2,-37,HAYIR,HAYIR
2026-08-18 10:59:49.968,0.80,0.82,28,0.0,0.0,0.067,-37.4,-37,HAYIR,HAYIR
2026-08-18 10:59:49.988,0.80,0.82,28,0.0,0.0,0.067,-37.4,-37,HAYIR,HAYIR
2026-08-18 10:59:50.008,0.80,0.82,28,0.0,0.0,0.067,-37.4,-37,HAYIR,HAYIR
2026-08-18 10:59:50.028,0.80,0.82,28,0.0,0.0,0.067,-37.1,-37,HAYIR,HAYIR
2026-08-18 10:59:50.048,0.80,0.82,28,0.0,0.0,0.067,-37.1,-37,HAYIR,HAYIR
2026-08-18 10:59:50.068,0.80,0.82,28,0.0,0.0,0.068,-37.7,-38,HAYIR,HAYIR
2026-08-18 10:59:50.088,0.80,0.82,28,0.0,0.0,0.068,-37.7,-38,HAYIR,HAYIR
2026-08-18 10:59:50.108,0.80,0.82,28,0.0,0.0,0.068,-37.7,-38,HAYIR,HAYIR
2026-08-18 10:59:50.128,0.80,0.82,28,0.0,0.0,0.068,-37.7,-38,HAYIR,HAYIR
2026-08-18 10:59:50.148,0.80,0.82,28,0.0,0.0,0.068,-37.7,-38,HAYIR,HAYIR
2026-08-18 10:59:50.168,0.80,0.82,28,0.0,0.0,0.068,-37.8,-38,HAYIR,HAYIR
2026-08-18 10:59:50.188,0.80,0.82,28,0.0,0.0,0.068,-37.8,-38,HAYIR,HAYIR
2026-08-18 10:59:50.208,0.80,0.82,28,0.0,0.0,0.068,-37.8,-38,HAYIR,HAYIR
2026-08-18 10:59:50.228,0.80,0.82,28,0.0,0.0,0.068,-37.8,-38,HAYIR,HAYIR
2026-08-18 10:59:50.248,0.80,0.82,28,0.0,0.0,0.068,-37.8,-38,HAYIR,HAYIR
2026-08-18 10:59:50.268,0.80,0.82,28,0.0,0.0,0.068,-37.7,-38,HAYIR,HAYIR
2026-08-18 10:59:50.288,0.80,0.82,28,0.0,0.0,0.068,-37.7,-38,HAYIR,HAYIR
2026-08-18 10:59:50.308,0.80,0.82,28,0.0,0.0,0.068,-37.7,-38,HAYIR,HAYIR
2026-08-18 10:59:50.328,0.80,0.82,28,0.0,0.0,0.068,-37.5,-38,HAYIR,HAYIR
2026-08-18 10:59:50.348,0.80,0.82,28,0.0,0.0,0.068,-37.5,-38,HAYIR,HAYIR
2026-08-18 10:59:50.368,0.80,0.82,28,0.0,0.0,0.059,-32.6,-36,HAYIR,HAYIR
2026-08-18 10:59:50.388,0.80,0.82,28,0.0,0.0,0.059,-32.6,-35,HAYIR,HAYIR
2026-08-18 10:59:50.408,0.80,0.82,28,0.0,0.0,0.059,-32.6,-34,HAYIR,HAYIR
2026-08-18 10:59:50.428,0.80,0.82,28,0.0,0.0,0.059,-32.6,-33,HAYIR,HAYIR
2026-08-18 10:59:50.448,0.80,0.82,28,0.0,0.0,0.059,-32.6,-33,HAYIR,HAYIR
2026-08-18 10:59:50.468,0.80,0.82,28,0.0,0.0,0.059,-32.6,-33,HAYIR,HAYIR
2026-08-18 10:59:50.488,0.80,0.82,28,0.0,0.0,0.059,-32.6,-33,HAYIR,HAYIR
2026-08-18 10:59:50.508,0.80,0.82,28,0.0,0.0,0.059,-32.6,-33,HAYIR,HAYIR
2026-08-18 10:59:50.528,0.80,0.82,28,0.0,0.0,0.059,-32.6,-33,HAYIR,HAYIR
2026-08-18 10:59:50.548,0.80,0.82,28,0.0,0.0,0.059,-32.6,-33,HAYIR,HAYIR
2026-08-18 10:59:50.568,0.80,0.82,28,0.0,0.0,0.058,-32.4,-32,HAYIR,HAYIR
2026-08-18 10:59:50.588,0.80,0.82,28,0.0,0.0,0.058,-32.4,-32,HAYIR,HAYIR
2026-08-18 10:59:50.608,0.80,0.81,28,0.0,0.0,0.058,-32.4,-32,HAYIR,HAYIR
2026-08-18 10:59:50.628,0.80,0.81,28,0.0,0.0,0.058,-32.3,-32,HAYIR,HAYIR
2026-08-18 10:59:50.648,0.80,0.81,28,0.0,0.0,0.058,-32.3,-32,HAYIR,HAYIR
2026-08-18 10:59:50.668,0.80,0.81,28,0.0,0.0,0.058,-32.4,-32,HAYIR,HAYIR
2026-08-18 10:59:50.688,0.80,0.81,28,0.0,0.0,0.058,-32.4,-32,HAYIR,HAYIR
2026-08-18 10:59:50.708,0.80,0.81,28,0.0,0.0,0.058,-32.4,-32,HAYIR,HAYIR
2026-08-18 10:59:50.728,0.80,0.81,28,0.0,0.0,0.058,-32.4,-32,HAYIR,HAYIR
2026-08-18 10:59:50.748,0.80,0.81,28,0.0,0.0,0.058,-32.4,-32,HAYIR,HAYIR
2026-08-18 10:59:50.768,0.80,0.81,28,0.0,0.0,0.058,-32.1,-32,HAYIR,HAYIR
2026-08-18 10:59:50.788,0.80,0.81,28,0.0,0.0,0.058,-32.1,-32,HAYIR,HAYIR
2026-08-18 10:59:50.808,0.80,0.81,28,0.0,0.0,0.058,-32.1,-32,HAYIR,HAYIR
2026-08-18 10:59:50.828,0.80,0.81,28,0.0,0.0,0.058,-32.0,-32,HAYIR,HAYIR
2026-08-18 10:59:50.848,0.80,0.81,28,0.0,0.0,0.058,-32.0,-32,HAYIR,HAYIR
2026-08-18 10:59:50.868,0.80,0.81,28,0.0,0.0,0.058,-32.2,-32,HAYIR,HAYIR
2026-08-18 10:59:50.888,0.80,0.81,28,0.0,0.0,0.058,-32.2,-32,HAYIR,HAYIR
2026-08-18 10:59:50.908,0.80,0.81,28,0.0,0.0,0.058,-32.2,-32,HAYIR,HAYIR
2026-08-18 10:59:50.928,0.80,0.79,32,0.0,0.0,0.058,-32.1,-32,HAYIR,HAYIR
2026-08-18 10:59:50.948,0.80,0.79,31,0.0,0.0,0.058,-32.1,-32,HAYIR,HAYIR
2026-08-18 10:59:50.968,0.80,0.79,31,0.0,0.0,0.058,-32.3,-32,HAYIR,HAYIR
2026-08-18 10:59:50.988,0.80,0.79,31,0.0,0.0,0.058,-32.3,-32,HAYIR,HAYIR
2026-08-18 10:59:51.008,0.80,0.79,31,0.0,0.0,0.058,-32.3,-32,HAYIR,HAYIR
2026-08-18 10:59:51.028,0.80,0.79,31,0.0,0.0,0.058,-32.1,-32,HAYIR,HAYIR
2026-08-18 10:59:51.048,0.80,0.79,31,0.0,0.0,0.058,-32.1,-32,HAYIR,HAYIR
2026-08-18 10:59:51.068,0.80,0.79,31,0.0,0.0,0.058,-32.0,-32,HAYIR,HAYIR
2026-08-18 10:59:51.088,0.80,0.79,31,0.0,0.0,0.058,-32.0,-32,HAYIR,HAYIR
2026-08-18 10:59:51.108,0.80,0.79,31,0.0,0.0,0.058,-32.0,-32,HAYIR,HAYIR
2026-08-18 10:59:51.128,0.80,0.79,31,0.0,0.0,0.058,-32.1,-32,HAYIR,HAYIR
2026-08-18 10:59:51.148,0.80,0.79,31,0.0,0.0,0.058,-32.1,-32,HAYIR,HAYIR
2026-08-18 10:59:51.168,0.80,0.79,31,0.0,0.0,0.058,-32.1,-32,HAYIR,HAYIR
2026-08-18 10:59:51.188,0.80,0.79,31,0.0,0.0,0.058,-32.1,-32,HAYIR,HAYIR
2026-08-18 10:59:51.208,0.80,0.79,31,0.0,0.0,0.058,-32.1,-32,HAYIR,HAYIR
2026-08-18 10:59:51.228,0.80,0.79,31,0.0,0.0,0.058,-32.0,-32,HAYIR,HAYIR
2026-08-18 10:59:51.248,0.80,0.79,31,0.0,0.0,0.058,-32.0,-32,HAYIR,HAYIR
2026-08-18 10:59:51.268,0.80,0.79,31,0.0,0.0,0.057,-32.0,-32,HAYIR,HAYIR
2026-08-18 10:59:51.289,0.80,0.79,31,0.0,0.0,0.057,-32.0,-32,HAYIR,HAYIR
2026-08-18 10:59:51.308,0.80,0.79,31,0.0,0.0,0.057,-32.0,-32,HAYIR,HAYIR
2026-08-18 10:59:51.328,0.80,0.75,33,0.0,0.0,0.057,-31.9,-32,HAYIR,HAYIR
2026-08-18 10:59:51.348,0.80,0.75,31,0.0,0.0,0.057,-31.9,-32,HAYIR,HAYIR
2026-08-18 10:59:51.368,0.80,0.75,31,0.0,0.0,0.058,-32.1,-32,HAYIR,HAYIR
2026-08-18 10:59:51.388,0.80,0.75,31,0.0,0.0,0.058,-32.1,-32,HAYIR,HAYIR
2026-08-18 10:59:51.408,0.80,0.75,31,0.0,0.0,0.058,-32.1,-32,HAYIR,HAYIR
2026-08-18 10:59:51.428,0.80,0.75,31,0.0,0.0,0.057,-32.0,-32,HAYIR,HAYIR
2026-08-18 10:59:51.448,0.80,0.75,31,0.0,0.0,0.057,-32.0,-32,HAYIR,HAYIR
2026-08-18 10:59:51.468,0.80,0.75,31,0.0,0.0,0.076,-42.1,-33,HAYIR,HAYIR
2026-08-18 10:59:51.488,0.80,0.75,31,0.0,0.0,0.076,-42.1,-34,HAYIR,HAYIR
2026-08-18 10:59:51.508,0.80,0.75,31,0.0,0.0,0.076,-42.1,-36,HAYIR,HAYIR
2026-08-18 10:59:51.528,0.80,0.75,31,0.0,0.0,0.075,-41.8,-37,HAYIR,HAYIR
2026-08-18 10:59:51.549,0.80,0.75,31,0.0,0.0,0.075,-41.8,-38,HAYIR,HAYIR
2026-08-18 10:59:51.568,0.80,0.75,31,0.0,0.0,0.075,-41.7,-39,HAYIR,HAYIR
2026-08-18 10:59:51.588,0.80,0.75,31,0.0,0.0,0.075,-41.7,-40,HAYIR,HAYIR
2026-08-18 10:59:51.608,0.80,0.75,32,0.0,0.0,0.075,-41.7,-42,HAYIR,HAYIR
2026-08-18 10:59:51.628,0.80,0.75,32,0.0,0.0,0.075,-41.6,-42,HAYIR,HAYIR
2026-08-18 10:59:51.648,0.80,0.71,33,0.0,0.0,0.075,-41.6,-42,HAYIR,HAYIR
2026-08-18 10:59:51.668,0.80,0.71,32,0.0,0.0,0.074,-41.2,-41,HAYIR,HAYIR
2026-08-18 10:59:51.688,0.80,0.71,32,0.0,0.0,0.074,-41.2,-41,HAYIR,HAYIR
2026-08-18 10:59:51.708,0.80,0.71,32,0.0,0.0,0.074,-41.2,-41,HAYIR,HAYIR
2026-08-18 10:59:51.728,0.80,0.71,32,0.0,0.0,0.081,-44.6,-42,HAYIR,HAYIR
2026-08-18 10:59:51.748,0.80,0.71,32,0.1,0.0,0.081,-44.6,-44,HAYIR,HAYIR
2026-08-18 10:59:51.768,0.80,0.71,32,0.1,0.0,0.080,-44.5,-45,HAYIR,HAYIR
2026-08-18 10:59:51.788,0.80,0.71,32,0.1,0.0,0.080,-44.5,-45,HAYIR,HAYIR
2026-08-18 10:59:51.808,0.80,0.71,32,0.1,0.0,0.080,-44.5,-45,HAYIR,HAYIR
2026-08-18 10:59:51.828,0.80,0.71,32,0.1,0.0,0.080,-44.4,-44,HAYIR,HAYIR
2026-08-18 10:59:51.848,0.80,0.71,32,0.1,0.0,0.080,-44.4,-44,HAYIR,HAYIR
2026-08-18 10:59:51.868,0.80,0.71,32,0.1,0.0,0.080,-44.3,-44,HAYIR,HAYIR
2026-08-18 10:59:51.888,0.80,0.71,32,0.1,0.0,0.080,-44.3,-44,HAYIR,HAYIR
2026-08-18 10:59:51.908,0.80,0.71,32,0.1,0.0,0.080,-44.3,-44,HAYIR,HAYIR
2026-08-18 10:59:51.928,0.80,0.71,32,0.1,0.0,0.080,-44.2,-44,HAYIR,HAYIR
2026-08-18 10:59:51.948,0.80,0.71,32,0.1,0.0,0.080,-44.2,-44,HAYIR,HAYIR
2026-08-18 10:59:51.968,0.80,0.71,32,0.1,0.0,0.079,-43.8,-44,HAYIR,HAYIR
2026-08-18 10:59:51.988,0.80,0.71,32,0.1,0.0,0.079,-43.8,-44,HAYIR,HAYIR
2026-08-18 10:59:52.008,0.80,0.71,32,0.1,0.0,0.079,-43.8,-44,HAYIR,HAYIR
2026-08-18 10:59:52.028,0.80,0.71,32,0.1,0.0,0.084,-46.5,-45,HAYIR,HAYIR
2026-08-18 10:59:52.048,0.80,0.71,32,0.1,0.0,0.084,-46.5,-46,HAYIR,HAYIR
2026-08-18 10:59:52.068,0.80,0.71,32,0.1,0.0,0.084,-46.5,-46,HAYIR,HAYIR
2026-08-18 10:59:52.088,0.80,0.71,32,0.1,0.0,0.084,-46.5,-46,HAYIR,HAYIR
2026-08-18 10:59:52.108,0.80,0.71,32,0.1,0.0,0.084,-46.5,-46,HAYIR,HAYIR
2026-08-18 10:59:52.128,0.80,0.71,32,0.1,0.0,0.084,-46.4,-46,HAYIR,HAYIR
2026-08-18 10:59:52.149,0.80,0.71,32,0.1,0.0,0.084,-46.4,-46,HAYIR,HAYIR
2026-08-18 10:59:52.168,0.80,0.71,32,0.1,0.0,0.083,-46.1,-46,HAYIR,HAYIR
2026-08-18 10:59:52.189,0.80,0.71,32,0.1,0.0,0.083,-46.1,-46,HAYIR,HAYIR
2026-08-18 10:59:52.209,0.80,0.71,32,0.1,0.0,0.083,-46.1,-46,HAYIR,HAYIR
2026-08-18 10:59:52.228,0.80,0.71,32,0.1,0.0,0.083,-45.9,-46,HAYIR,HAYIR
2026-08-18 10:59:52.249,0.80,0.71,32,0.1,0.0,0.083,-45.9,-46,HAYIR,HAYIR
2026-08-18 10:59:52.268,0.80,0.71,32,0.1,0.0,0.082,-45.4,-45,HAYIR,HAYIR
2026-08-18 10:59:52.288,0.80,0.71,32,0.1,0.0,0.082,-45.4,-45,HAYIR,HAYIR
2026-08-18 10:59:52.308,0.80,0.71,32,0.1,0.0,0.082,-45.4,-45,HAYIR,HAYIR
2026-08-18 10:59:52.328,0.80,0.71,32,0.1,0.0,0.081,-44.8,-45,HAYIR,HAYIR
2026-08-18 10:59:52.349,0.80,0.71,32,0.1,0.0,0.081,-44.8,-45,HAYIR,HAYIR
2026-08-18 10:59:52.368,0.80,0.71,32,0.1,0.0,0.076,-42.2,-44,HAYIR,HAYIR
2026-08-18 10:59:52.389,0.80,0.71,32,0.0,0.0,0.076,-42.2,-42,HAYIR,HAYIR
2026-08-18 10:59:52.408,0.80,0.71,32,0.0,0.0,0.076,-42.2,-42,HAYIR,HAYIR
2026-08-18 10:59:52.428,0.80,0.71,32,0.0,0.0,0.076,-41.9,-42,HAYIR,HAYIR
2026-08-18 10:59:52.449,0.80,0.71,32,0.0,0.0,0.076,-41.9,-42,HAYIR,HAYIR
2026-08-18 10:59:52.468,0.80,0.71,32,0.0,0.0,0.058,-32.5,-41,HAYIR,HAYIR
2026-08-18 10:59:52.488,0.80,0.71,32,0.0,0.0,0.058,-32.5,-40,HAYIR,HAYIR
2026-08-18 10:59:52.508,0.80,0.71,32,0.0,0.0,0.058,-32.5,-38,HAYIR,HAYIR
2026-08-18 10:59:52.528,0.80,0.71,32,0.0,0.0,0.057,-31.8,-37,HAYIR,HAYIR
2026-08-18 10:59:52.548,0.80,0.71,32,0.0,0.0,0.057,-31.8,-36,HAYIR,HAYIR
2026-08-18 10:59:52.568,0.80,0.71,32,0.0,0.0,0.056,-30.9,-35,HAYIR,HAYIR
2026-08-18 10:59:52.588,0.80,0.71,32,0.0,0.0,0.056,-30.9,-34,HAYIR,HAYIR
2026-08-18 10:59:52.608,0.80,0.73,31,0.0,0.0,0.056,-30.9,-32,HAYIR,HAYIR
2026-08-18 10:59:52.628,0.80,0.73,32,0.0,0.0,0.055,-30.5,-31,HAYIR,HAYIR
2026-08-18 10:59:52.648,0.80,0.73,32,0.0,0.0,0.055,-30.5,-31,HAYIR,HAYIR
2026-08-18 10:59:52.668,0.80,0.73,32,0.0,0.0,0.048,-26.9,-29,HAYIR,HAYIR
2026-08-18 10:59:52.688,0.80,0.73,32,0.0,0.0,0.048,-26.9,-28,HAYIR,HAYIR
2026-08-18 10:59:52.708,0.80,0.73,32,0.0,0.0,0.048,-26.9,-27,HAYIR,HAYIR
2026-08-18 10:59:52.728,0.80,0.73,32,0.0,0.0,0.047,-26.1,-26,HAYIR,HAYIR
2026-08-18 10:59:52.748,0.80,0.73,32,0.0,0.0,0.047,-26.1,-26,HAYIR,HAYIR
2026-08-18 10:59:52.768,0.80,0.73,32,0.0,0.0,0.045,-24.8,-25,HAYIR,HAYIR
2026-08-18 10:59:52.788,0.80,0.73,32,0.0,0.0,0.045,-24.8,-25,HAYIR,HAYIR
2026-08-18 10:59:52.808,0.80,0.73,32,0.0,0.0,0.045,-24.8,-25,HAYIR,HAYIR
2026-08-18 10:59:52.828,0.80,0.73,32,0.0,0.0,0.043,-24.2,-24,HAYIR,HAYIR
2026-08-18 10:59:52.848,0.80,0.73,32,0.0,0.0,0.043,-24.2,-24,HAYIR,HAYIR
2026-08-18 10:59:52.868,0.80,0.73,32,0.0,0.0,0.041,-22.8,-23,HAYIR,HAYIR
2026-08-18 10:59:52.888,0.80,0.73,32,0.0,0.0,0.041,-22.8,-23,HAYIR,HAYIR
2026-08-18 10:59:52.908,0.80,0.73,32,0.0,0.0,0.041,-22.8,-23,HAYIR,HAYIR
2026-08-18 10:59:52.928,0.80,0.73,32,0.0,0.0,0.039,-21.9,-22,HAYIR,HAYIR
2026-08-18 10:59:52.948,0.80,0.73,32,0.0,0.0,0.039,-21.9,-22,HAYIR,HAYIR
2026-08-18 10:59:52.968,0.80,0.73,32,0.0,0.0,0.038,-21.0,-21,HAYIR,HAYIR
2026-08-18 10:59:52.989,0.80,0.77,30,0.0,0.0,0.038,-21.0,-21,HAYIR,HAYIR
2026-08-18 10:59:53.008,0.80,0.77,32,0.0,0.0,0.038,-21.0,-21,HAYIR,HAYIR
2026-08-18 10:59:53.028,0.80,0.77,32,0.0,0.0,0.036,-20.1,-20,HAYIR,HAYIR
2026-08-18 10:59:53.048,0.80,0.77,32,0.0,0.0,0.036,-20.1,-20,HAYIR,HAYIR
2026-08-18 10:59:53.068,0.80,0.77,32,0.0,0.0,0.000,-0.0,-19,HAYIR,HAYIR
2026-08-18 10:59:53.089,0.80,0.77,32,0.0,0.0,0.000,-0.0,-18,HAYIR,HAYIR
2026-08-18 10:59:53.108,0.80,0.77,32,0.0,0.0,0.000,-0.0,-16,HAYIR,HAYIR
2026-08-18 10:59:53.128,0.80,0.77,32,0.0,0.0,0.000,-0.0,-15,HAYIR,HAYIR
2026-08-18 10:59:53.148,0.80,0.77,32,0.0,0.0,0.000,-0.0,-14,HAYIR,HAYIR
2026-08-18 10:59:53.168,0.80,0.77,32,0.0,0.0,0.000,-0.0,-13,HAYIR,HAYIR
2026-08-18 10:59:53.188,0.80,0.77,32,0.0,0.0,0.000,-0.0,-12,HAYIR,HAYIR
2026-08-18 10:59:53.208,0.80,0.77,32,0.0,0.0,0.000,-0.0,-10,HAYIR,HAYIR
2026-08-18 10:59:53.228,0.80,0.77,32,0.0,0.0,0.000,-0.0,-9,HAYIR,HAYIR
2026-08-18 10:59:53.248,0.80,0.77,32,0.0,0.0,0.000,-0.0,-8,HAYIR,HAYIR
2026-08-18 10:59:53.269,0.80,0.77,32,0.0,0.0,0.000,-0.0,-7,HAYIR,HAYIR
2026-08-18 10:59:53.288,0.80,0.77,32,0.0,0.0,0.000,-0.0,-6,HAYIR,HAYIR
2026-08-18 10:59:53.308,0.80,0.80,28,0.0,0.0,0.000,-0.0,-4,HAYIR,HAYIR
2026-08-18 10:59:53.328,0.80,0.80,28,0.0,0.0,0.000,-0.0,-3,HAYIR,HAYIR
2026-08-18 10:59:53.348,0.80,0.80,28,0.0,0.0,0.000,-0.0,-2,HAYIR,HAYIR
2026-08-18 10:59:53.368,0.80,0.80,28,0.0,0.0,0.000,-0.0,-1,HAYIR,HAYIR
2026-08-18 10:59:53.388,0.80,0.80,28,0.0,0.0,0.000,-0.0,0,HAYIR,HAYIR
2026-08-18 10:59:53.408,0.80,0.80,28,0.0,0.0,0.000,-0.0,0,HAYIR,HAYIR
2026-08-18 10:59:53.428,0.80,0.80,28,0.0,0.0,0.000,-0.0,0,HAYIR,HAYIR
2026-08-18 10:59:53.448,0.80,0.80,28,0.0,0.0,0.000,-0.0,0,HAYIR,HAYIR
2026-08-18 10:59:53.468,0.80,0.80,28,0.0,0.0,0.000,-0.0,0,HAYIR,HAYIR
2026-08-18 10:59:53.488,0.80,0.80,28,0.0,0.0,0.000,-0.0,0,HAYIR,HAYIR
2026-08-18 10:59:53.508,0.80,0.80,28,0.0,0.0,0.000,-0.0,0,HAYIR,HAYIR
2026-08-18 10:59:53.528,0.80,0.80,28,0.0,0.0,0.000,-0.0,0,HAYIR,HAYIR
2026-08-18 10:59:53.548,0.80,0.80,28,0.0,0.0,0.000,-0.0,0,HAYIR,HAYIR
2026-08-18 10:59:53.568,0.80,0.80,28,0.0,0.0,0.000,-0.0,0,HAYIR,HAYIR
2026-08-18 10:59:53.588,0.80,0.80,28,0.0,0.0,0.000,-0.0,0,HAYIR,HAYIR
2026-08-18 10:59:53.608,0.80,0.80,28,0.0,0.0,0.000,-0.0,0,HAYIR,HAYIR
2026-08-18 10:59:53.628,0.80,0.83,28,0.0,0.0,0.000,-0.0,0,HAYIR,HAYIR
2026-08-18 10:59:53.648,0.80,0.83,28,0.0,0.0,0.000,-0.0,0,HAYIR,HAYIR
2026-08-18 10:59:53.668,0.80,0.83,28,0.0,0.0,0.000,-0.0,0,HAYIR,HAYIR
2026-08-18 10:59:53.688,0.80,0.83,28,0.0,0.0,0.000,-0.0,0,HAYIR,HAYIR
2026-08-18 10:59:53.708,0.80,0.83,28,0.0,0.0,0.000,-0.0,0,HAYIR,HAYIR
2026-08-18 10:59:53.728,0.80,0.83,28,0.0,0.0,0.000,-0.0,0,HAYIR,HAYIR
2026-08-18 10:59:53.748,0.80,0.83,28,0.0,0.0,0.000,-0.0,0,HAYIR,HAYIR
2026-08-18 10:59:53.768,0.80,0.83,28,0.0,0.0,0.000,-0.0,0,HAYIR,HAYIR
2026-08-18 10:59:53.788,0.80,0.83,28,0.0,0.0,0.000,-0.0,0,HAYIR,HAYIR
2026-08-18 10:59:53.808,0.80,0.83,28,0.0,0.0,0.000,-0.0,0,HAYIR,HAYIR
2026-08-18 10:59:53.828,0.80,0.83,28,0.0,0.0,0.000,-0.0,0,HAYIR,HAYIR
2026-08-18 10:59:53.848,0.80,0.83,28,0.0,0.0,0.000,-0.0,0,HAYIR,HAYIR
2026-08-18 10:59:53.868,0.80,0.83,28,0.0,0.0,0.000,-0.0,0,HAYIR,HAYIR
2026-08-18 10:59:53.888,0.80,0.83,28,0.0,0.0,0.000,-0.0,0,HAYIR,HAYIR
2026-08-18 10:59:53.908,0.80,0.83,28,0.0,0.0,0.000,-0.0,0,HAYIR,HAYIR
2026-08-18 10:59:53.928,0.80,0.83,28,0.0,0.0,-0.031,17.3,1,HAYIR,HAYIR
2026-08-18 10:59:53.948,0.80,0.85,28,0.0,0.0,-0.031,17.3,2,HAYIR,HAYIR
2026-08-18 10:59:53.968,0.80,0.85,28,0.0,0.0,-0.032,18.0,4,HAYIR,HAYIR
2026-08-18 10:59:53.988,0.80,0.85,28,0.0,0.0,-0.032,18.0,5,HAYIR,HAYIR
2026-08-18 10:59:54.008,0.80,0.85,28,0.0,0.0,-0.032,18.0,6,HAYIR,HAYIR
2026-08-18 10:59:54.028,0.80,0.85,28,0.0,0.0,-0.038,21.0,7,HAYIR,HAYIR
2026-08-18 10:59:54.048,0.80,0.85,28,0.0,0.0,-0.038,21.0,8,HAYIR,HAYIR
2026-08-18 10:59:54.068,0.80,0.85,28,0.0,0.0,-0.039,21.8,10,HAYIR,HAYIR
2026-08-18 10:59:54.088,0.80,0.85,28,0.0,0.0,-0.039,21.8,11,HAYIR,HAYIR
2026-08-18 10:59:54.108,0.80,0.85,28,0.0,0.0,-0.039,21.8,12,HAYIR,HAYIR
2026-08-18 10:59:54.128,0.80,0.85,28,0.0,0.0,-0.040,22.4,13,HAYIR,HAYIR
2026-08-18 10:59:54.148,0.80,0.85,28,0.0,0.0,-0.040,22.4,14,HAYIR,HAYIR
2026-08-18 10:59:54.168,0.80,0.85,28,0.0,0.0,-0.042,23.4,16,HAYIR,HAYIR
2026-08-18 10:59:54.188,0.80,0.85,28,0.0,0.0,-0.042,23.4,17,HAYIR,HAYIR
2026-08-18 10:59:54.208,0.80,0.85,28,0.0,0.0,-0.042,23.4,18,HAYIR,HAYIR
2026-08-18 10:59:54.228,0.80,0.85,28,0.0,0.0,-0.043,24.0,19,HAYIR,HAYIR
2026-08-18 10:59:54.248,0.80,0.85,28,0.0,0.0,-0.043,24.0,20,HAYIR,HAYIR
2026-08-18 10:59:54.268,0.80,0.86,28,0.0,0.0,-0.044,24.7,22,HAYIR,HAYIR
2026-08-18 10:59:54.288,0.80,0.86,28,0.0,0.0,-0.044,24.7,23,HAYIR,HAYIR
2026-08-18 10:59:54.308,0.80,0.86,28,0.0,0.0,-0.044,24.7,24,HAYIR,HAYIR
2026-08-18 10:59:54.328,0.80,0.86,28,0.0,0.0,-0.045,25.2,25,HAYIR,HAYIR
2026-08-18 10:59:54.348,0.80,0.86,28,0.0,0.0,-0.045,25.2,25,HAYIR,HAYIR
2026-08-18 10:59:54.368,0.80,0.86,28,0.0,0.0,-0.048,26.8,26,HAYIR,HAYIR
2026-08-18 10:59:54.388,0.80,0.86,28,0.0,0.0,-0.048,26.8,27,HAYIR,HAYIR
2026-08-18 10:59:54.408,0.80,0.86,28,0.0,0.0,-0.048,26.8,27,HAYIR,HAYIR
2026-08-18 10:59:54.428,0.80,0.86,28,0.0,0.0,-0.049,27.3,27,HAYIR,HAYIR
2026-08-18 10:59:54.448,0.80,0.86,28,0.0,0.0,-0.049,27.3,27,HAYIR,HAYIR
2026-08-18 10:59:54.469,0.80,0.86,28,0.0,0.0,-0.050,27.9,28,HAYIR,HAYIR
2026-08-18 10:59:54.488,0.80,0.86,28,0.0,0.0,-0.050,27.9,28,HAYIR,HAYIR
2026-08-18 10:59:54.509,0.80,0.86,28,0.0,0.0,-0.050,27.9,28,HAYIR,HAYIR
2026-08-18 10:59:54.528,0.80,0.86,28,0.0,0.0,-0.051,28.6,29,HAYIR,HAYIR
2026-08-18 10:59:54.548,0.80,0.86,28,0.0,0.0,-0.051,28.6,29,HAYIR,HAYIR
2026-08-18 10:59:54.568,0.80,0.86,28,0.0,0.0,-0.052,29.0,29,HAYIR,HAYIR
2026-08-18 10:59:54.588,0.80,0.86,28,0.0,0.0,-0.052,29.0,29,HAYIR,HAYIR
2026-08-18 10:59:54.608,0.80,0.86,28,0.0,0.0,-0.052,29.0,29,HAYIR,HAYIR
2026-08-18 10:59:54.628,0.80,0.86,28,0.0,0.0,-0.052,29.0,29,HAYIR,HAYIR
2026-08-18 10:59:54.648,0.80,0.87,28,0.0,0.0,-0.052,29.0,29,HAYIR,HAYIR
2026-08-18 10:59:54.668,0.80,0.87,28,0.0,0.0,-0.052,29.1,29,HAYIR,HAYIR
2026-08-18 10:59:54.688,0.80,0.87,28,0.0,0.0,-0.052,29.1,29,HAYIR,HAYIR
2026-08-18 10:59:54.708,0.80,0.87,28,0.0,0.0,-0.052,29.1,29,HAYIR,HAYIR
2026-08-18 10:59:54.728,0.80,0.87,28,0.0,0.0,-0.053,29.4,29,HAYIR,HAYIR
2026-08-18 10:59:54.748,0.80,0.87,28,0.0,0.0,-0.053,29.4,29,HAYIR,HAYIR
2026-08-18 10:59:54.768,0.80,0.87,28,0.0,0.0,-0.054,29.8,30,HAYIR,HAYIR
2026-08-18 10:59:54.788,0.80,0.87,28,0.0,0.0,-0.054,29.8,30,HAYIR,HAYIR
2026-08-18 10:59:54.808,0.80,0.87,28,0.0,0.0,-0.054,29.8,30,HAYIR,HAYIR
2026-08-18 10:59:54.828,0.80,0.87,28,0.0,0.0,-0.054,30.1,30,HAYIR,HAYIR
2026-08-18 10:59:54.848,0.80,0.87,28,0.0,0.0,-0.054,30.1,30,HAYIR,HAYIR
2026-08-18 10:59:54.868,0.80,0.87,28,0.0,0.0,-0.054,30.2,30,HAYIR,HAYIR
2026-08-18 10:59:54.888,0.80,0.87,28,0.0,0.0,-0.054,30.2,30,HAYIR,HAYIR
2026-08-18 10:59:54.908,0.80,0.87,28,0.0,0.0,-0.054,30.2,30,HAYIR,HAYIR
2026-08-18 10:59:54.928,0.80,0.87,28,0.0,0.0,-0.054,30.3,30,HAYIR,HAYIR
2026-08-18 10:59:54.948,0.80,0.87,28,0.0,0.0,-0.054,30.3,30,HAYIR,HAYIR
2026-08-18 10:59:54.968,0.80,0.85,28,0.0,0.0,-0.054,30.0,30,HAYIR,HAYIR
2026-08-18 10:59:54.988,0.80,0.85,28,0.0,0.0,-0.054,30.0,30,HAYIR,HAYIR
2026-08-18 10:59:55.008,0.80,0.85,28,0.0,0.0,-0.054,30.0,30,HAYIR,HAYIR
2026-08-18 10:59:55.028,0.80,0.85,28,0.0,0.0,-0.054,30.0,30,HAYIR,HAYIR
2026-08-18 10:59:55.048,0.80,0.85,28,0.0,0.0,-0.054,30.0,30,HAYIR,HAYIR
2026-08-18 10:59:55.068,0.80,0.85,28,0.0,0.0,-0.054,29.8,30,HAYIR,HAYIR
2026-08-18 10:59:55.088,0.80,0.85,28,0.0,0.0,-0.054,29.8,30,HAYIR,HAYIR
2026-08-18 10:59:55.108,0.80,0.85,28,0.0,0.0,-0.054,29.8,30,HAYIR,HAYIR
2026-08-18 10:59:55.128,0.80,0.85,28,0.0,0.0,-0.054,29.8,30,HAYIR,HAYIR
2026-08-18 10:59:55.148,0.80,0.85,28,0.0,0.0,-0.054,29.8,30,HAYIR,HAYIR
2026-08-18 10:59:55.168,0.80,0.85,28,0.0,0.0,-0.053,29.3,29,HAYIR,HAYIR
2026-08-18 10:59:55.188,0.80,0.85,28,0.0,0.0,-0.053,29.3,29,HAYIR,HAYIR
2026-08-18 10:59:55.208,0.80,0.85,28,0.0,0.0,-0.053,29.3,29,HAYIR,HAYIR
2026-08-18 10:59:55.228,0.80,0.85,28,0.0,0.0,-0.052,29.2,29,HAYIR,HAYIR
2026-08-18 10:59:55.248,0.80,0.85,28,0.0,0.0,-0.052,29.2,29,HAYIR,HAYIR
2026-08-18 10:59:55.268,0.80,0.85,28,0.0,0.0,-0.045,24.9,28,HAYIR,HAYIR
2026-08-18 10:59:55.288,0.80,0.83,28,0.0,0.0,-0.045,24.9,27,HAYIR,HAYIR
2026-08-18 10:59:55.308,0.80,0.83,28,0.0,0.0,-0.045,24.9,26,HAYIR,HAYIR
2026-08-18 10:59:55.328,0.80,0.83,28,0.0,0.0,-0.044,24.5,24,HAYIR,HAYIR
2026-08-18 10:59:55.348,0.80,0.83,28,0.0,0.0,-0.044,24.5,24,HAYIR,HAYIR
2026-08-18 10:59:55.368,0.80,0.83,28,0.0,0.0,-0.044,24.7,25,HAYIR,HAYIR
2026-08-18 10:59:55.388,0.80,0.83,28,0.0,0.0,-0.044,24.7,25,HAYIR,HAYIR
2026-08-18 10:59:55.408,0.80,0.83,28,0.0,0.0,-0.044,24.7,25,HAYIR,HAYIR
2026-08-18 10:59:55.428,0.80,0.83,28,0.0,0.0,-0.044,24.3,24,HAYIR,HAYIR
2026-08-18 10:59:55.448,0.80,0.83,28,0.0,0.0,-0.044,24.3,24,HAYIR,HAYIR
2026-08-18 10:59:55.468,0.80,0.83,28,0.0,0.0,-0.042,23.4,23,HAYIR,HAYIR
2026-08-18 10:59:55.488,0.80,0.83,28,0.0,0.0,-0.042,23.4,23,HAYIR,HAYIR
2026-08-18 10:59:55.508,0.80,0.83,28,0.0,0.0,-0.042,23.4,23,HAYIR,HAYIR
2026-08-18 10:59:55.528,0.80,0.83,28,0.0,0.0,-0.041,23.1,23,HAYIR,HAYIR
2026-08-18 10:59:55.548,0.80,0.83,28,0.0,0.0,-0.041,23.1,23,HAYIR,HAYIR
2026-08-18 10:59:55.568,0.80,0.83,28,0.0,0.0,-0.041,22.7,23,HAYIR,HAYIR
2026-08-18 10:59:55.588,0.80,0.83,28,0.0,0.0,-0.041,22.7,23,HAYIR,HAYIR
2026-08-18 10:59:55.608,0.80,0.80,33,0.0,0.0,-0.041,22.7,23,HAYIR,HAYIR
2026-08-18 10:59:55.628,0.80,0.80,31,0.0,0.0,-0.040,22.5,23,HAYIR,HAYIR
2026-08-18 10:59:55.648,0.80,0.80,31,0.0,0.0,-0.040,22.5,23,HAYIR,HAYIR
2026-08-18 10:59:55.668,0.80,0.80,31,0.0,0.0,-0.040,22.5,23,HAYIR,HAYIR
2026-08-18 10:59:55.688,0.80,0.80,31,0.0,0.0,-0.040,22.5,23,HAYIR,HAYIR
2026-08-18 10:59:55.708,0.80,0.80,31,0.0,0.0,-0.040,22.5,23,HAYIR,HAYIR
2026-08-18 10:59:55.728,0.80,0.80,31,0.0,0.0,-0.040,22.0,22,HAYIR,HAYIR
2026-08-18 10:59:55.748,0.80,0.80,31,0.0,0.0,-0.040,22.0,22,HAYIR,HAYIR
2026-08-18 10:59:55.768,0.80,0.80,31,0.0,0.0,-0.039,21.5,21,HAYIR,HAYIR
2026-08-18 10:59:55.788,0.80,0.80,31,0.0,0.0,-0.039,21.5,21,HAYIR,HAYIR
2026-08-18 10:59:55.808,0.80,0.80,31,0.0,0.0,-0.039,21.5,21,HAYIR,HAYIR
2026-08-18 10:59:55.828,0.80,0.80,31,0.0,0.0,-0.038,21.4,21,HAYIR,HAYIR
2026-08-18 10:59:55.848,0.80,0.80,31,0.0,0.0,-0.038,21.4,21,HAYIR,HAYIR
2026-08-18 10:59:55.868,0.80,0.80,31,0.0,0.0,-0.038,21.0,21,HAYIR,HAYIR
2026-08-18 10:59:55.888,0.80,0.80,31,0.0,0.0,-0.038,21.0,21,HAYIR,HAYIR
2026-08-18 10:59:55.908,0.80,0.80,31,0.0,0.0,-0.038,21.0,21,HAYIR,HAYIR
2026-08-18 10:59:55.928,0.80,0.75,33,0.0,0.0,-0.037,20.9,21,HAYIR,HAYIR
2026-08-18 10:59:55.948,0.80,0.75,32,0.0,0.0,-0.037,20.9,21,HAYIR,HAYIR
2026-08-18 10:59:55.968,0.80,0.75,32,0.0,0.0,-0.037,20.7,21,HAYIR,HAYIR
2026-08-18 10:59:55.988,0.80,0.75,32,0.0,0.0,-0.037,20.7,21,HAYIR,HAYIR
2026-08-18 10:59:56.008,0.80,0.75,32,0.0,0.0,-0.037,20.7,21,HAYIR,HAYIR
2026-08-18 10:59:56.028,0.80,0.75,32,0.0,0.0,-0.037,20.5,21,HAYIR,HAYIR
2026-08-18 10:59:56.048,0.80,0.75,32,0.0,0.0,-0.037,20.5,21,HAYIR,HAYIR
2026-08-18 10:59:56.068,0.80,0.75,32,0.0,0.0,-0.036,20.1,20,HAYIR,HAYIR
2026-08-18 10:59:56.088,0.80,0.75,32,0.0,0.0,-0.036,20.1,20,HAYIR,HAYIR
2026-08-18 10:59:56.108,0.80,0.75,32,0.0,0.0,-0.036,20.1,20,HAYIR,HAYIR
2026-08-18 10:59:56.128,0.80,0.75,32,0.0,0.0,-0.035,19.8,20,HAYIR,HAYIR
2026-08-18 10:59:56.148,0.80,0.75,32,0.0,0.0,-0.035,19.8,20,HAYIR,HAYIR
2026-08-18 10:59:56.168,0.80,0.75,32,0.0,0.0,-0.035,19.4,19,HAYIR,HAYIR
2026-08-18 10:59:56.188,0.80,0.75,32,0.0,0.0,-0.035,19.4,19,HAYIR,HAYIR
2026-08-18 10:59:56.208,0.80,0.75,32,0.0,0.0,-0.035,19.4,19,HAYIR,HAYIR
2026-08-18 10:59:56.228,0.80,0.75,32,0.0,0.0,-0.034,19.2,19,HAYIR,HAYIR
2026-08-18 10:59:56.248,0.80,0.75,32,0.0,0.0,-0.034,19.2,19,HAYIR,HAYIR
2026-08-18 10:59:56.268,0.80,0.75,32,0.0,0.0,-0.037,20.4,20,HAYIR,HAYIR
2026-08-18 10:59:56.288,0.80,0.75,32,0.0,0.0,-0.037,20.4,20,HAYIR,HAYIR
2026-08-18 10:59:56.308,0.80,0.75,32,0.0,0.0,-0.037,20.4,20,HAYIR,HAYIR
2026-08-18 10:59:56.328,0.80,0.72,33,0.0,0.0,-0.037,20.4,20,HAYIR,HAYIR
2026-08-18 10:59:56.348,0.80,0.72,32,0.0,0.0,-0.037,20.4,20,HAYIR,HAYIR
2026-08-18 10:59:56.368,0.80,0.72,32,0.0,0.0,-0.037,20.8,21,HAYIR,HAYIR
2026-08-18 10:59:56.388,0.80,0.72,32,0.0,0.0,-0.037,20.8,21,HAYIR,HAYIR
2026-08-18 10:59:56.408,0.80,0.72,32,0.0,0.0,-0.037,20.8,21,HAYIR,HAYIR
2026-08-18 10:59:56.428,0.80,0.72,32,0.0,0.0,-0.037,20.7,21,HAYIR,HAYIR
2026-08-18 10:59:56.448,0.80,0.72,32,0.0,0.0,-0.037,20.7,21,HAYIR,HAYIR
2026-08-18 10:59:56.468,0.80,0.72,32,0.0,0.0,-0.036,20.2,20,HAYIR,HAYIR
2026-08-18 10:59:56.488,0.80,0.72,32,0.0,0.0,-0.036,20.2,20,HAYIR,HAYIR
2026-08-18 10:59:56.508,0.80,0.72,32,0.0,0.0,-0.036,20.2,20,HAYIR,HAYIR
2026-08-18 10:59:56.528,0.80,0.72,32,0.0,0.0,-0.036,19.8,20,HAYIR,HAYIR
2026-08-18 10:59:56.548,0.80,0.72,32,0.0,0.0,-0.036,19.8,20,HAYIR,HAYIR
2026-08-18 10:59:56.568,0.80,0.72,32,0.0,0.0,-0.035,19.3,19,HAYIR,HAYIR
2026-08-18 10:59:56.588,0.80,0.72,32,0.0,0.0,-0.035,19.3,19,HAYIR,HAYIR
2026-08-18 10:59:56.608,0.80,0.72,32,0.0,0.0,-0.035,19.3,19,HAYIR,HAYIR
2026-08-18 10:59:56.628,0.80,0.72,32,0.0,0.0,-0.034,19.1,19,HAYIR,HAYIR
2026-08-18 10:59:56.648,0.80,0.72,32,0.0,0.0,-0.034,19.1,19,HAYIR,HAYIR
2026-08-18 10:59:56.668,0.80,0.72,32,0.0,0.0,-0.033,18.7,19,HAYIR,HAYIR
2026-08-18 10:59:56.688,0.80,0.72,32,0.0,0.0,-0.033,18.7,19,HAYIR,HAYIR
2026-08-18 10:59:56.708,0.80,0.72,32,0.0,0.0,-0.033,18.7,19,HAYIR,HAYIR
2026-08-18 10:59:56.728,0.80,0.72,32,0.0,0.0,-0.034,19.2,19,HAYIR,HAYIR
2026-08-18 10:59:56.748,0.80,0.72,32,0.0,0.0,-0.034,19.2,19,HAYIR,HAYIR
2026-08-18 10:59:56.768,0.80,0.72,32,0.0,0.0,-0.033,18.7,19,HAYIR,HAYIR
2026-08-18 10:59:56.788,0.80,0.72,32,0.0,0.0,-0.033,18.7,19,HAYIR,HAYIR
2026-08-18 10:59:56.808,0.80,0.72,32,0.0,0.0,-0.033,18.7,19,HAYIR,HAYIR
2026-08-18 10:59:56.828,0.80,0.72,32,0.0,0.0,-0.033,18.3,18,HAYIR,HAYIR
2026-08-18 10:59:56.848,0.80,0.72,32,0.0,0.0,-0.033,18.3,18,HAYIR,HAYIR
2026-08-18 10:59:56.868,0.80,0.72,32,0.0,0.0,-0.032,17.8,18,HAYIR,HAYIR
2026-08-18 10:59:56.888,0.80,0.72,32,0.0,0.0,-0.032,17.8,18,HAYIR,HAYIR
2026-08-18 10:59:56.908,0.80,0.72,32,0.0,0.0,-0.032,17.8,18,HAYIR,HAYIR
2026-08-18 10:59:56.928,0.80,0.72,32,0.0,0.0,-0.031,17.4,17,HAYIR,HAYIR
2026-08-18 10:59:56.948,0.80,0.72,32,0.0,0.0,-0.031,17.4,17,HAYIR,HAYIR
2026-08-18 10:59:56.968,0.80,0.73,31,0.0,0.0,-0.031,17.1,17,HAYIR,HAYIR
2026-08-18 10:59:56.988,0.80,0.73,32,0.0,0.0,-0.031,17.1,17,HAYIR,HAYIR
2026-08-18 10:59:57.008,0.80,0.73,32,0.0,0.0,-0.031,17.1,17,HAYIR,HAYIR
2026-08-18 10:59:57.028,0.80,0.73,32,0.0,0.0,-0.030,16.9,17,HAYIR,HAYIR
2026-08-18 10:59:57.048,0.80,0.73,32,0.0,0.0,-0.030,16.9,17,HAYIR,HAYIR
2026-08-18 10:59:57.068,0.80,0.73,32,0.0,0.0,0.000,-0.0,16,HAYIR,HAYIR
2026-08-18 10:59:57.088,0.80,0.73,32,0.0,0.0,0.000,-0.0,15,HAYIR,HAYIR
2026-08-18 10:59:57.108,0.80,0.73,32,0.0,0.0,0.000,-0.0,13,HAYIR,HAYIR
2026-08-18 10:59:57.128,0.80,0.73,32,0.0,0.0,0.000,-0.0,12,HAYIR,HAYIR
2026-08-18 10:59:57.148,0.80,0.73,32,0.0,0.0,0.000,-0.0,11,HAYIR,HAYIR
2026-08-18 10:59:57.168,0.80,0.73,32,0.0,0.0,0.000,-0.0,10,HAYIR,HAYIR
2026-08-18 10:59:57.188,0.80,0.73,32,0.0,0.0,0.000,-0.0,9,HAYIR,HAYIR
2026-08-18 10:59:57.208,0.80,0.73,32,0.0,0.0,0.000,-0.0,7,HAYIR,HAYIR
2026-08-18 10:59:57.229,0.80,0.73,32,0.0,0.0,0.000,-0.0,6,HAYIR,HAYIR
2026-08-18 10:59:57.248,0.80,0.73,32,0.0,0.0,0.000,-0.0,5,HAYIR,HAYIR
2026-08-18 10:59:57.268,0.80,0.73,32,0.0,0.0,0.000,-0.0,4,HAYIR,HAYIR
2026-08-18 10:59:57.288,0.80,0.75,31,0.0,0.0,0.000,-0.0,3,HAYIR,HAYIR
2026-08-18 10:59:57.308,0.80,0.75,32,0.0,0.0,0.000,-0.0,1,HAYIR,HAYIR
2026-08-18 10:59:57.368,0.78,0.75,28,0.0,0.0,0.000,-0.0,0,HAYIR,HAYIR
2026-08-18 10:59:57.388,0.78,0.75,28,0.0,0.0,0.000,-0.0,0,HAYIR,HAYIR
2026-08-18 10:59:57.408,0.78,0.75,28,0.0,0.0,0.000,-0.0,0,HAYIR,HAYIR
2026-08-18 10:59:57.468,0.72,0.75,28,0.0,0.0,0.000,-0.0,0,HAYIR,HAYIR
2026-08-18 10:59:57.488,0.72,0.75,28,0.0,0.0,0.000,-0.0,0,HAYIR,HAYIR
2026-08-18 10:59:57.509,0.72,0.75,28,0.0,0.0,0.000,-0.0,0,HAYIR,HAYIR
2026-08-18 10:59:57.568,0.67,0.75,28,0.0,0.0,0.000,-0.0,0,HAYIR,HAYIR
2026-08-18 10:59:57.588,0.67,0.75,28,0.0,0.0,0.000,-0.0,0,HAYIR,HAYIR
2026-08-18 10:59:57.608,0.67,0.78,28,0.0,0.0,0.000,-0.0,0,HAYIR,HAYIR
2026-08-18 10:59:57.668,0.62,0.78,28,0.0,0.0,0.000,-0.0,0,HAYIR,HAYIR
2026-08-18 10:59:57.688,0.62,0.78,28,0.0,0.0,0.000,-0.0,0,HAYIR,HAYIR
2026-08-18 10:59:57.708,0.62,0.78,28,0.0,0.0,0.000,-0.0,0,HAYIR,HAYIR
2026-08-18 10:59:57.728,0.00,0.78,0,0.0,0.0,0.000,0.0,0,EVET,HAYIR
2026-08-18 10:59:57.748,0.00,0.78,0,0.0,0.0,0.000,0.0,0,EVET,HAYIR
2026-08-18 10:59:57.768,0.57,0.78,28,0.0,0.0,0.000,-0.0,0,HAYIR,HAYIR
2026-08-18 10:59:57.788,0.57,0.78,28,0.0,0.0,0.000,-0.0,0,HAYIR,HAYIR
2026-08-18 10:59:57.808,0.57,0.78,28,0.0,0.0,0.000,-0.0,0,HAYIR,HAYIR
2026-08-18 10:59:57.828,0.55,0.78,28,0.0,0.0,0.000,-0.0,0,HAYIR,HAYIR
2026-08-18 10:59:57.848,0.55,0.78,28,0.0,0.0,0.000,-0.0,0,HAYIR,HAYIR
2026-08-18 10:59:57.868,0.52,0.78,28,0.0,0.0,0.000,-0.0,0,HAYIR,HAYIR
2026-08-18 10:59:57.888,0.52,0.78,28,0.0,0.0,0.000,-0.0,0,HAYIR,HAYIR
2026-08-18 10:59:57.908,0.52,0.78,28,0.0,0.0,0.000,-0.0,0,HAYIR,HAYIR
2026-08-18 10:59:57.928,0.50,0.78,28,0.0,0.0,0.000,-0.0,0,HAYIR,HAYIR
2026-08-18 10:59:57.948,0.50,0.78,28,0.0,0.0,0.000,-0.0,0,HAYIR,HAYIR
2026-08-18 10:59:57.968,0.47,0.78,28,0.0,0.0,0.000,-0.0,0,HAYIR,HAYIR
2026-08-18 10:59:57.988,0.47,0.82,28,0.0,0.0,0.000,-0.0,0,HAYIR,HAYIR
2026-08-18 10:59:58.008,0.47,0.82,28,0.0,0.0,0.000,-0.0,0,HAYIR,HAYIR
2026-08-18 10:59:58.028,0.45,0.82,28,0.0,0.0,0.000,-0.0,0,HAYIR,HAYIR
2026-08-18 10:59:58.048,0.45,0.82,28,0.0,0.0,0.000,-0.0,0,HAYIR,HAYIR
2026-08-18 10:59:58.068,0.42,0.82,28,0.0,0.0,0.000,-0.0,0,HAYIR,HAYIR
2026-08-18 10:59:58.088,0.42,0.82,28,0.0,0.0,0.000,-0.0,0,HAYIR,HAYIR
2026-08-18 10:59:58.108,0.42,0.82,28,0.0,0.0,0.000,-0.0,0,HAYIR,HAYIR
2026-08-18 10:59:58.128,0.40,0.82,28,0.0,0.0,0.000,-0.0,0,HAYIR,HAYIR
2026-08-18 10:59:58.148,0.40,0.82,28,0.0,0.0,0.000,-0.0,0,HAYIR,HAYIR
2026-08-18 10:59:58.168,0.37,0.82,28,0.0,0.0,0.000,-0.0,0,HAYIR,HAYIR
2026-08-18 10:59:58.188,0.37,0.82,28,0.0,0.0,0.000,-0.0,0,HAYIR,HAYIR
2026-08-18 10:59:58.208,0.37,0.82,28,0.0,0.0,0.000,-0.0,0,HAYIR,HAYIR
2026-08-18 10:59:58.228,0.35,0.82,28,0.0,0.0,0.000,-0.0,0,HAYIR,HAYIR
2026-08-18 10:59:58.248,0.35,0.82,28,0.0,0.0,0.000,-0.0,0,HAYIR,HAYIR
2026-08-18 10:59:58.268,0.32,0.82,28,0.0,0.0,0.000,-0.0,0,HAYIR,HAYIR
2026-08-18 10:59:58.288,0.32,0.82,28,0.0,0.0,0.000,-0.0,0,HAYIR,HAYIR
2026-08-18 10:59:58.308,0.32,0.82,28,0.0,0.0,0.000,-0.0,0,HAYIR,HAYIR
2026-08-18 10:59:58.328,0.30,0.82,28,0.0,0.0,0.000,-0.0,0,HAYIR,HAYIR
2026-08-18 10:59:58.348,0.30,0.82,28,0.0,0.0,0.000,-0.0,0,HAYIR,HAYIR
2026-08-18 10:59:58.368,0.27,0.82,28,0.0,0.0,0.000,-0.0,0,HAYIR,HAYIR
2026-08-18 10:59:58.388,0.27,0.82,28,0.0,0.0,0.000,-0.0,0,HAYIR,HAYIR
2026-08-18 10:59:58.408,0.27,0.82,28,0.0,0.0,0.000,-0.0,0,HAYIR,HAYIR
2026-08-18 10:59:58.428,0.25,0.82,28,0.0,0.0,0.000,-0.0,0,HAYIR,HAYIR
2026-08-18 10:59:58.448,0.25,0.82,28,0.0,0.0,0.000,-0.0,0,HAYIR,HAYIR
2026-08-18 10:59:58.468,0.22,0.82,28,0.0,0.0,0.000,-0.0,0,HAYIR,HAYIR
2026-08-18 10:59:58.488,0.22,0.82,28,0.0,0.0,0.000,-0.0,0,HAYIR,HAYIR
2026-08-18 10:59:58.508,0.22,0.82,28,0.0,0.0,0.000,-0.0,0,HAYIR,HAYIR
2026-08-18 10:59:58.528,0.20,0.82,28,0.0,0.0,0.000,-0.0,0,HAYIR,HAYIR
2026-08-18 10:59:58.548,0.20,0.82,28,0.0,0.0,0.000,-0.0,0,HAYIR,HAYIR
2026-08-18 10:59:58.568,0.17,0.82,28,0.0,0.0,0.000,-0.0,0,HAYIR,HAYIR
2026-08-18 10:59:58.588,0.17,0.82,28,0.0,0.0,0.000,-0.0,0,HAYIR,HAYIR
2026-08-18 10:59:58.608,0.17,0.82,28,0.0,0.0,0.000,-0.0,0,HAYIR,HAYIR
2026-08-18 10:59:58.628,0.15,0.80,28,0.0,0.0,0.000,-0.0,0,HAYIR,HAYIR
2026-08-18 10:59:58.648,0.15,0.80,28,0.0,0.0,0.000,-0.0,0,HAYIR,HAYIR
2026-08-18 10:59:58.668,0.12,0.80,28,0.0,0.0,0.000,-0.0,0,HAYIR,HAYIR
2026-08-18 10:59:58.688,0.12,0.80,28,0.0,0.0,0.000,-0.0,0,HAYIR,HAYIR
2026-08-18 10:59:58.708,0.12,0.80,28,0.0,0.0,0.000,-0.0,0,HAYIR,HAYIR
2026-08-18 10:59:58.728,0.10,0.80,28,0.0,0.0,0.000,-0.0,0,HAYIR,HAYIR
2026-08-18 10:59:58.748,0.10,0.80,28,0.0,0.0,0.000,-0.0,0,HAYIR,HAYIR
2026-08-18 10:59:58.768,0.07,0.80,28,0.0,0.0,0.000,-0.0,0,HAYIR,HAYIR
2026-08-18 10:59:58.788,0.07,0.80,28,0.0,0.0,0.000,-0.0,0,HAYIR,HAYIR
2026-08-18 10:59:58.808,0.07,0.80,28,0.0,0.0,0.000,-0.0,0,HAYIR,HAYIR
2026-08-18 10:59:58.828,0.05,0.80,28,0.0,0.0,0.000,-0.0,0,HAYIR,HAYIR
2026-08-18 10:59:58.848,0.05,0.80,28,0.0,0.0,0.000,-0.0,0,HAYIR,HAYIR
2026-08-18 10:59:58.868,0.02,0.80,28,0.0,0.0,0.000,-0.0,0,HAYIR,HAYIR
2026-08-18 10:59:58.888,0.02,0.80,28,0.0,0.0,0.000,-0.0,0,HAYIR,HAYIR
2026-08-18 10:59:58.908,0.02,0.80,28,0.0,0.0,0.000,-0.0,0,HAYIR,HAYIR
2026-08-18 10:59:58.928,0.00,0.80,0,0.0,0.0,0.000,0.0,0,EVET,HAYIR
2026-08-18 10:59:58.948,0.00,0.79,0,0.0,0.0,0.000,0.0,0,EVET,HAYIR
2026-08-18 10:59:58.968,0.00,0.79,0,0.0,0.0,0.000,0.0,0,EVET,HAYIR
2026-08-18 10:59:58.988,0.00,0.79,0,0.0,0.0,0.000,0.0,0,EVET,HAYIR
2026-08-18 10:59:59.008,0.00,0.79,0,0.0,0.0,0.000,0.0,0,EVET,HAYIR
2026-08-18 10:59:59.028,0.00,0.79,0,0.0,0.0,0.000,0.0,0,EVET,HAYIR
2026-08-18 10:59:59.048,0.00,0.79,0,0.0,0.0,0.000,0.0,0,EVET,HAYIR
2026-08-18 10:59:59.068,0.00,0.79,0,0.0,0.0,0.000,0.0,0,EVET,HAYIR
2026-08-18 10:59:59.088,0.00,0.79,0,0.0,0.0,0.000,0.0,0,EVET,HAYIR
2026-08-18 10:59:59.108,0.00,0.79,0,0.0,0.0,0.000,0.0,0,EVET,HAYIR
2026-08-18 10:59:59.128,0.00,0.79,0,0.0,0.0,0.000,0.0,0,EVET,HAYIR
2026-08-18 10:59:59.148,0.00,0.79,0,0.0,0.0,0.000,0.0,0,EVET,HAYIR
2026-08-18 10:59:59.168,0.00,0.79,0,0.0,0.0,0.000,0.0,0,EVET,HAYIR
2026-08-18 10:59:59.188,0.00,0.79,0,0.0,0.0,0.000,0.0,0,EVET,HAYIR
2026-08-18 10:59:59.208,0.00,0.79,0,0.0,0.0,0.000,0.0,0,EVET,HAYIR
2026-08-18 10:59:59.228,0.00,0.79,0,0.0,0.0,0.000,0.0,0,EVET,HAYIR
2026-08-18 10:59:59.248,0.00,0.79,0,0.0,0.0,0.000,0.0,0,EVET,HAYIR
2026-08-18 10:59:59.268,0.00,0.79,0,0.0,0.0,0.000,0.0,0,EVET,HAYIR
2026-08-18 10:59:59.288,0.00,0.79,0,0.0,0.0,0.000,0.0,0,EVET,HAYIR
2026-08-18 10:59:59.308,0.00,0.79,0,0.0,0.0,0.000,0.0,0,EVET,HAYIR
2026-08-18 10:59:59.328,0.00,0.79,0,0.0,0.0,0.000,0.0,0,EVET,HAYIR
2026-08-18 10:59:59.348,0.00,0.79,0,0.0,0.0,0.000,0.0,0,EVET,HAYIR
2026-08-18 10:59:59.368,0.00,0.79,0,0.0,0.0,0.000,0.0,0,EVET,HAYIR
2026-08-18 10:59:59.388,0.00,0.79,0,0.0,0.0,0.000,0.0,0,EVET,HAYIR
2026-08-18 10:59:59.408,0.00,0.79,0,0.0,0.0,0.000,0.0,0,EVET,HAYIR
2026-08-18 10:59:59.428,0.00,0.79,0,0.0,0.0,0.000,0.0,0,EVET,HAYIR
2026-08-18 10:59:59.448,0.00,0.79,0,0.0,0.0,0.000,0.0,0,EVET,HAYIR
2026-08-18 10:59:59.468,0.00,0.79,0,0.0,0.0,0.000,0.0,0,EVET,HAYIR
2026-08-18 10:59:59.488,0.00,0.79,0,0.0,0.0,0.000,0.0,0,EVET,HAYIR
2026-08-18 10:59:59.508,0.00,0.79,0,0.0,0.0,0.000,0.0,0,EVET,HAYIR
2026-08-18 10:59:59.528,0.00,0.79,0,0.0,0.0,0.000,0.0,0,EVET,HAYIR
2026-08-18 10:59:59.548,0.00,0.79,0,0.0,0.0,0.000,0.0,0,EVET,HAYIR
2026-08-18 10:59:59.568,0.00,0.79,0,0.0,0.0,0.000,0.0,0,EVET,HAYIR
2026-08-18 10:59:59.588,0.00,0.79,0,0.0,0.0,0.000,0.0,0,EVET,HAYIR
2026-08-18 10:59:59.608,0.00,0.79,0,0.0,0.0,0.000,0.0,0,EVET,HAYIR
2026-08-18 10:59:59.628,0.00,0.79,0,0.0,0.0,0.000,0.0,0,EVET,HAYIR
2026-08-18 10:59:59.648,0.00,0.77,0,0.0,0.0,0.000,0.0,0,EVET,HAYIR
2026-08-18 10:59:59.668,0.00,0.77,0,0.0,0.0,0.000,0.0,0,EVET,HAYIR
2026-08-18 10:59:59.688,0.00,0.77,0,0.0,0.0,0.000,0.0,0,EVET,HAYIR
2026-08-18 10:59:59.708,0.00,0.77,0,0.0,0.0,0.000,0.0,0,EVET,HAYIR
2026-08-18 10:59:59.728,0.00,0.77,0,0.0,0.0,0.000,0.0,0,EVET,HAYIR
2026-08-18 10:59:59.748,0.00,0.77,0,0.0,0.0,0.000,0.0,0,EVET,HAYIR
2026-08-18 10:59:59.768,0.00,0.77,0,0.0,0.0,0.000,0.0,0,EVET,HAYIR
2026-08-18 10:59:59.788,0.00,0.77,0,0.0,0.0,0.000,0.0,0,EVET,HAYIR
2026-08-18 10:59:59.808,0.00,0.77,0,0.0,0.0,0.000,0.0,0,EVET,HAYIR
2026-08-18 10:59:59.828,0.00,0.77,0,0.0,0.0,0.000,0.0,0,EVET,HAYIR
2026-08-18 10:59:59.848,0.00,0.77,0,0.0,0.0,0.000,0.0,0,EVET,HAYIR
2026-08-18 10:59:59.868,0.00,0.77,0,0.0,0.0,0.000,0.0,0,EVET,HAYIR
2026-08-18 10:59:59.888,0.00,0.77,0,0.0,0.0,0.000,0.0,0,EVET,HAYIR
2026-08-18 10:59:59.908,0.00,0.77,0,0.0,0.0,0.000,0.0,0,EVET,HAYIR
2026-08-18 10:59:59.928,0.00,0.77,0,0.0,0.0,0.000,0.0,0,EVET,HAYIR
2026-08-18 10:59:59.948,0.00,0.77,0,0.0,0.0,0.000,0.0,0,EVET,HAYIR
2026-08-18 10:59:59.968,0.00,0.75,0,0.0,0.0,0.000,0.0,0,EVET,HAYIR
2026-08-18 10:59:59.988,0.00,0.75,0,0.0,0.0,0.000,0.0,0,EVET,HAYIR
2026-08-18 11:00:00.008,0.00,0.75,0,0.0,0.0,0.000,0.0,0,EVET,HAYIR
2026-08-18 11:00:00.028,0.00,0.75,0,0.0,0.0,0.000,0.0,0,EVET,HAYIR
2026-08-18 11:00:00.048,0.00,0.75,0,0.0,0.0,0.000,0.0,0,EVET,HAYIR
2026-08-18 11:00:00.068,0.00,0.75,0,0.0,0.0,0.000,0.0,0,EVET,HAYIR
2026-08-18 11:00:00.088,0.00,0.75,0,0.0,0.0,0.000,0.0,0,EVET,HAYIR
2026-08-18 11:00:00.108,0.00,0.75,0,0.0,0.0,0.000,0.0,0,EVET,HAYIR
2026-08-18 11:00:00.128,0.00,0.75,0,0.0,0.0,0.000,0.0,0,EVET,HAYIR
2026-08-18 11:00:00.148,0.00,0.75,0,0.0,0.0,0.000,0.0,0,EVET,HAYIR
2026-08-18 11:00:00.168,0.00,0.75,0,0.0,0.0,0.000,0.0,0,EVET,HAYIR
2026-08-18 11:00:00.188,0.00,0.75,0,0.0,0.0,0.000,0.0,0,EVET,HAYIR
2026-08-18 11:00:00.208,0.00,0.75,0,0.0,0.0,0.000,0.0,0,EVET,HAYIR
2026-08-18 11:00:00.228,0.00,0.75,0,0.0,0.0,0.000,0.0,0,EVET,HAYIR
2026-08-18 11:00:00.248,0.00,0.75,0,0.0,0.0,0.000,0.0,0,EVET,HAYIR
2026-08-18 11:00:00.268,0.00,0.75,0,0.0,0.0,0.000,0.0,0,EVET,HAYIR
2026-08-18 11:00:00.288,0.00,0.72,0,0.0,0.0,0.000,0.0,0,EVET,HAYIR
2026-08-18 11:00:00.308,0.00,0.72,0,0.0,0.0,0.000,0.0,0,EVET,HAYIR
2026-08-18 11:00:00.328,0.00,0.72,0,0.0,0.0,0.000,0.0,0,EVET,HAYIR
2026-08-18 11:00:00.348,0.00,0.72,0,0.0,0.0,0.000,0.0,0,EVET,HAYIR
2026-08-18 11:00:00.368,0.00,0.72,0,0.0,0.0,0.000,0.0,0,EVET,HAYIR
2026-08-18 11:00:00.388,0.00,0.72,0,0.0,0.0,0.000,0.0,0,EVET,HAYIR
2026-08-18 11:00:00.409,0.00,0.72,0,0.0,0.0,0.000,0.0,0,EVET,HAYIR
2026-08-18 11:00:00.428,0.00,0.72,0,0.0,0.0,0.000,0.0,0,EVET,HAYIR
2026-08-18 11:00:00.448,0.00,0.72,0,0.0,0.0,0.000,0.0,0,EVET,HAYIR
2026-08-18 11:00:00.468,0.00,0.72,0,0.0,0.0,0.000,0.0,0,EVET,HAYIR
2026-08-18 11:00:00.488,0.00,0.72,0,0.0,0.0,0.000,0.0,0,EVET,HAYIR
2026-08-18 11:00:00.508,0.00,0.72,0,0.0,0.0,0.000,0.0,0,EVET,HAYIR
2026-08-18 11:00:00.528,0.00,0.72,0,0.0,0.0,0.000,0.0,0,EVET,HAYIR
2026-08-18 11:00:00.548,0.00,0.72,0,0.0,0.0,0.000,0.0,0,EVET,HAYIR
2026-08-18 11:00:00.568,0.00,0.72,0,0.0,0.0,0.000,0.0,0,EVET,HAYIR
2026-08-18 11:00:00.588,0.00,0.72,0,0.0,0.0,0.000,0.0,0,EVET,HAYIR
2026-08-18 11:00:00.608,0.00,0.66,0,0.0,0.0,0.000,0.0,0,EVET,HAYIR
2026-08-18 11:00:00.628,0.00,0.66,0,0.0,0.0,0.000,0.0,0,EVET,HAYIR
2026-08-18 11:00:00.648,0.00,0.66,0,0.0,0.0,0.000,0.0,0,EVET,HAYIR
2026-08-18 11:00:00.668,0.00,0.66,0,0.0,0.0,0.000,0.0,0,EVET,HAYIR
2026-08-18 11:00:00.688,0.00,0.66,0,0.0,0.0,0.000,0.0,0,EVET,HAYIR
2026-08-18 11:00:00.708,0.00,0.66,0,0.0,0.0,0.000,0.0,0,EVET,HAYIR
2026-08-18 11:00:00.728,0.00,0.66,0,0.0,0.0,0.000,0.0,0,EVET,HAYIR
2026-08-18 11:00:00.748,0.00,0.66,0,0.0,0.0,0.000,0.0,0,EVET,HAYIR
2026-08-18 11:00:00.768,0.00,0.66,0,0.0,0.0,0.000,0.0,0,EVET,HAYIR
2026-08-18 11:00:00.789,0.00,0.66,0,0.0,0.0,0.000,0.0,0,EVET,HAYIR
2026-08-18 11:00:00.808,0.00,0.66,0,0.0,0.0,0.000,0.0,0,EVET,HAYIR
2026-08-18 11:00:00.828,0.00,0.66,0,0.0,0.0,0.000,0.0,0,EVET,HAYIR
2026-08-18 11:00:00.848,0.00,0.66,0,0.0,0.0,0.000,0.0,0,EVET,HAYIR
2026-08-18 11:00:00.868,0.00,0.66,0,0.0,0.0,0.000,0.0,0,EVET,HAYIR
2026-08-18 11:00:00.888,0.00,0.66,0,0.0,0.0,0.000,0.0,0,EVET,HAYIR
2026-08-18 11:00:00.908,0.00,0.66,0,0.0,0.0,0.000,0.0,0,EVET,HAYIR
2026-08-18 11:00:00.928,0.00,0.52,0,0.0,0.0,0.000,0.0,0,EVET,HAYIR
2026-08-18 11:00:00.948,0.00,0.52,0,0.0,0.0,0.000,0.0,0,EVET,HAYIR
2026-08-18 11:00:00.968,0.00,0.52,0,0.0,0.0,0.000,0.0,0,EVET,HAYIR
2026-08-18 11:00:00.988,0.00,0.52,0,0.0,0.0,0.000,0.0,0,EVET,HAYIR
2026-08-18 11:00:01.008,0.00,0.52,0,0.0,0.0,0.000,0.0,0,EVET,HAYIR
2026-08-18 11:00:01.028,0.00,0.52,0,0.0,0.0,0.000,0.0,0,EVET,HAYIR
2026-08-18 11:00:01.048,0.00,0.52,0,0.0,0.0,0.000,0.0,0,EVET,HAYIR
2026-08-18 11:00:01.068,0.00,0.52,0,0.0,0.0,0.000,0.0,0,EVET,HAYIR
2026-08-18 11:00:01.088,0.00,0.52,0,0.0,0.0,0.000,0.0,0,EVET,HAYIR
2026-08-18 11:00:01.108,0.00,0.52,0,0.0,0.0,0.000,0.0,0,EVET,HAYIR
2026-08-18 11:00:01.128,0.00,0.52,0,0.0,0.0,0.000,0.0,0,EVET,HAYIR
2026-08-18 11:00:01.148,0.00,0.52,0,0.0,0.0,0.000,0.0,0,EVET,HAYIR
2026-08-18 11:00:01.168,0.00,0.52,0,0.0,0.0,0.000,0.0,0,EVET,HAYIR
2026-08-18 11:00:01.188,0.00,0.52,0,0.0,0.0,0.000,0.0,0,EVET,HAYIR
2026-08-18 11:00:01.208,0.00,0.52,0,0.0,0.0,0.000,0.0,0,EVET,HAYIR
2026-08-18 11:00:01.228,0.00,0.52,0,0.0,0.0,0.000,0.0,0,EVET,HAYIR
2026-08-18 11:00:01.248,0.00,0.52,0,0.0,0.0,0.000,0.0,0,EVET,HAYIR
2026-08-18 11:00:01.268,0.00,0.52,0,0.0,0.0,0.000,0.0,0,EVET,HAYIR
2026-08-18 11:00:01.288,0.00,0.52,0,0.0,0.0,0.000,0.0,0,EVET,HAYIR
2026-08-18 11:00:01.308,0.00,0.52,0,0.0,0.0,0.000,0.0,0,EVET,HAYIR
2026-08-18 11:00:01.328,0.00,0.35,0,0.0,0.0,0.000,0.0,0,EVET,HAYIR
2026-08-18 11:00:01.348,0.00,0.35,0,0.0,0.0,0.000,0.0,0,EVET,HAYIR
2026-08-18 11:00:01.368,0.00,0.35,0,0.0,0.0,0.000,0.0,0,EVET,HAYIR
2026-08-18 11:00:01.388,0.00,0.35,0,0.0,0.0,0.000,0.0,0,EVET,HAYIR
2026-08-18 11:00:01.408,0.00,0.35,0,0.0,0.0,0.000,0.0,0,EVET,HAYIR
2026-08-18 11:00:01.428,0.00,0.35,0,0.0,0.0,0.000,0.0,0,EVET,HAYIR
2026-08-18 11:00:01.448,0.00,0.35,0,0.0,0.0,0.000,0.0,0,EVET,HAYIR
2026-08-18 11:00:01.468,0.00,0.35,0,0.0,0.0,0.000,0.0,0,EVET,HAYIR
2026-08-18 11:00:01.488,0.00,0.35,0,0.0,0.0,0.000,0.0,0,EVET,HAYIR
2026-08-18 11:00:01.508,0.00,0.35,0,0.0,0.0,0.000,0.0,0,EVET,HAYIR
2026-08-18 11:00:01.528,0.00,0.35,0,0.0,0.0,0.000,0.0,0,EVET,HAYIR
2026-08-18 11:00:01.548,0.00,0.35,0,0.0,0.0,0.000,0.0,0,EVET,HAYIR
2026-08-18 11:00:01.568,0.00,0.35,0,0.0,0.0,0.000,0.0,0,EVET,HAYIR
2026-08-18 11:00:01.588,0.00,0.35,0,0.0,0.0,0.000,0.0,0,EVET,HAYIR
2026-08-18 11:00:01.608,0.00,0.35,0,0.0,0.0,0.000,0.0,0,EVET,HAYIR
2026-08-18 11:00:01.628,0.00,0.35,0,0.0,0.0,0.000,0.0,0,EVET,HAYIR
2026-08-18 11:00:01.648,0.00,0.25,0,0.0,0.0,0.000,0.0,0,EVET,HAYIR
2026-08-18 11:00:01.668,0.00,0.25,0,0.0,0.0,0.000,0.0,0,EVET,HAYIR
2026-08-18 11:00:01.688,0.00,0.25,0,0.0,0.0,0.000,0.0,0,EVET,HAYIR
2026-08-18 11:00:01.708,0.00,0.25,0,0.0,0.0,0.000,0.0,0,EVET,HAYIR
2026-08-18 11:00:01.728,0.00,0.25,0,0.0,0.0,0.000,0.0,0,EVET,HAYIR
2026-08-18 11:00:01.748,0.00,0.25,0,0.0,0.0,0.000,0.0,0,EVET,HAYIR
2026-08-18 11:00:01.768,0.00,0.25,0,0.0,0.0,0.000,0.0,0,EVET,HAYIR
2026-08-18 11:00:01.788,0.00,0.25,0,0.0,0.0,0.000,0.0,0,EVET,HAYIR
2026-08-18 11:00:01.808,0.00,0.25,0,0.0,0.0,0.000,0.0,0,EVET,HAYIR
2026-08-18 11:00:01.828,0.00,0.25,0,0.0,0.0,0.000,0.0,0,EVET,HAYIR
2026-08-18 11:00:01.848,0.00,0.25,0,0.0,0.0,0.000,0.0,0,EVET,HAYIR
2026-08-18 11:00:01.868,0.00,0.25,0,0.0,0.0,0.000,0.0,0,EVET,HAYIR
2026-08-18 11:00:01.888,0.00,0.25,0,0.0,0.0,0.000,0.0,0,EVET,HAYIR
2026-08-18 11:00:01.908,0.00,0.25,0,0.0,0.0,0.000,0.0,0,EVET,HAYIR
2026-08-18 11:00:01.928,0.00,0.25,0,0.0,0.0,0.000,0.0,0,EVET,HAYIR
2026-08-18 11:00:01.948,0.00,0.25,0,0.0,0.0,0.000,0.0,0,EVET,HAYIR
2026-08-18 11:00:01.968,0.00,0.17,0,0.0,0.0,0.000,0.0,0,EVET,HAYIR
2026-08-18 11:00:01.988,0.00,0.17,0,0.0,0.0,0.000,0.0,0,EVET,HAYIR
2026-08-18 11:00:02.008,0.00,0.17,0,0.0,0.0,0.000,0.0,0,EVET,HAYIR
2026-08-18 11:00:02.028,0.00,0.17,0,0.0,0.0,0.000,0.0,0,EVET,HAYIR
2026-08-18 11:00:02.048,0.00,0.17,0,0.0,0.0,0.000,0.0,0,EVET,HAYIR
2026-08-18 11:00:02.068,0.00,0.17,0,0.0,0.0,0.000,0.0,0,EVET,HAYIR
2026-08-18 11:00:02.088,0.00,0.17,0,0.0,0.0,0.000,0.0,0,EVET,HAYIR
2026-08-18 11:00:02.108,0.00,0.17,0,0.0,0.0,0.000,0.0,0,EVET,HAYIR
2026-08-18 11:00:02.128,0.00,0.17,0,0.0,0.0,0.000,0.0,0,EVET,HAYIR
2026-08-18 11:00:02.148,0.00,0.17,0,0.0,0.0,0.000,0.0,0,EVET,HAYIR
2026-08-18 11:00:02.168,0.00,0.17,0,0.0,0.0,0.000,0.0,0,EVET,HAYIR
2026-08-18 11:00:02.188,0.00,0.17,0,0.0,0.0,0.000,0.0,0,EVET,HAYIR
2026-08-18 11:00:02.208,0.00,0.17,0,0.0,0.0,0.000,0.0,0,EVET,HAYIR
2026-08-18 11:00:02.228,0.00,0.17,0,0.0,0.0,0.000,0.0,0,EVET,HAYIR
2026-08-18 11:00:02.248,0.00,0.17,0,0.0,0.0,0.000,0.0,0,EVET,HAYIR
2026-08-18 11:00:02.268,0.00,0.17,0,0.0,0.0,0.000,0.0,0,EVET,HAYIR
2026-08-18 11:00:02.288,0.00,0.12,0,0.0,0.0,0.000,0.0,0,EVET,HAYIR
2026-08-18 11:00:02.308,0.00,0.12,0,0.0,0.0,0.000,0.0,0,EVET,HAYIR
2026-08-18 11:00:02.328,0.00,0.12,0,0.0,0.0,0.000,0.0,0,EVET,HAYIR
2026-08-18 11:00:02.348,0.00,0.12,0,0.0,0.0,0.000,0.0,0,EVET,HAYIR
2026-08-18 11:00:02.368,0.00,0.12,0,0.0,0.0,0.000,0.0,0,EVET,HAYIR
2026-08-18 11:00:02.388,0.00,0.12,0,0.0,0.0,0.000,0.0,0,EVET,HAYIR
2026-08-18 11:00:02.408,0.00,0.12,0,0.0,0.0,0.000,0.0,0,EVET,HAYIR
2026-08-18 11:00:02.428,0.00,0.12,0,0.0,0.0,0.000,0.0,0,EVET,HAYIR
2026-08-18 11:00:02.449,0.00,0.12,0,0.0,0.0,0.000,0.0,0,EVET,HAYIR
2026-08-18 11:00:02.468,0.00,0.12,0,0.0,0.0,0.000,0.0,0,EVET,HAYIR
2026-08-18 11:00:02.488,0.00,0.12,0,0.0,0.0,0.000,0.0,0,EVET,HAYIR
2026-08-18 11:00:02.508,0.00,0.12,0,0.0,0.0,0.000,0.0,0,EVET,HAYIR
2026-08-18 11:00:02.528,0.00,0.12,0,0.0,0.0,0.000,0.0,0,EVET,HAYIR
2026-08-18 11:00:02.548,0.00,0.12,0,0.0,0.0,0.000,0.0,0,EVET,HAYIR
2026-08-18 11:00:02.568,0.00,0.12,0,0.0,0.0,0.000,0.0,0,EVET,HAYIR
2026-08-18 11:00:02.588,0.00,0.12,0,0.0,0.0,0.000,0.0,0,EVET,HAYIR
2026-08-18 11:00:02.608,0.00,0.08,0,0.0,0.0,0.000,0.0,0,EVET,HAYIR
2026-08-18 11:00:02.628,0.00,0.08,0,0.0,0.0,0.000,0.0,0,EVET,HAYIR
2026-08-18 11:00:02.648,0.00,0.08,0,0.0,0.0,0.000,0.0,0,EVET,HAYIR
2026-08-18 11:00:02.668,0.00,0.08,0,0.0,0.0,0.000,0.0,0,EVET,HAYIR
2026-08-18 11:00:02.688,0.00,0.08,0,0.0,0.0,0.000,0.0,0,EVET,HAYIR
2026-08-18 11:00:02.708,0.00,0.08,0,0.0,0.0,0.000,0.0,0,EVET,HAYIR
2026-08-18 11:00:02.728,0.00,0.08,0,0.0,0.0,0.000,0.0,0,EVET,HAYIR
2026-08-18 11:00:02.748,0.00,0.08,0,0.0,0.0,0.000,0.0,0,EVET,HAYIR
2026-08-18 11:00:02.768,0.00,0.08,0,0.0,0.0,0.000,0.0,0,EVET,HAYIR
2026-08-18 11:00:02.789,0.00,0.08,0,0.0,0.0,0.000,0.0,0,EVET,HAYIR
2026-08-18 11:00:02.808,0.00,0.08,0,0.0,0.0,0.000,0.0,0,EVET,HAYIR
2026-08-18 11:00:02.828,0.00,0.08,0,0.0,0.0,0.000,0.0,0,EVET,HAYIR
2026-08-18 11:00:02.848,0.00,0.08,0,0.0,0.0,0.000,0.0,0,EVET,HAYIR
2026-08-18 11:00:02.868,0.00,0.08,0,0.0,0.0,0.000,0.0,0,EVET,HAYIR
2026-08-18 11:00:02.888,0.00,0.08,0,0.0,0.0,0.000,0.0,0,EVET,HAYIR
2026-08-18 11:00:02.908,0.00,0.08,0,0.0,0.0,0.000,0.0,0,EVET,HAYIR
2026-08-18 11:00:02.928,0.00,0.08,0,0.0,0.0,0.000,0.0,0,EVET,HAYIR
2026-08-18 11:00:02.948,0.00,0.08,0,0.0,0.0,0.000,0.0,0,EVET,HAYIR
2026-08-18 11:00:02.968,0.00,0.08,0,0.0,0.0,0.000,0.0,0,EVET,HAYIR
2026-08-18 11:00:02.988,0.00,0.06,0,0.0,0.0,0.000,0.0,0,HAYIR,HAYIR
2026-08-18 11:00:03.008,0.00,0.06,0,0.0,0.0,0.000,0.0,0,HAYIR,HAYIR
2026-08-18 11:00:03.028,0.00,0.06,0,0.0,0.0,0.000,0.0,0,HAYIR,HAYIR
2026-08-18 11:00:03.048,0.00,0.06,0,0.0,0.0,0.000,0.0,0,HAYIR,HAYIR
2026-08-18 11:00:03.068,0.00,0.06,0,0.0,0.0,0.000,0.0,0,HAYIR,HAYIR
2026-08-18 11:00:03.088,0.00,0.06,0,0.0,0.0,0.000,0.0,0,HAYIR,HAYIR
2026-08-18 11:00:03.108,0.00,0.06,0,0.0,0.0,0.000,0.0,0,HAYIR,HAYIR
2026-08-18 11:00:03.128,0.00,0.06,0,0.0,0.0,0.000,0.0,0,HAYIR,HAYIR
2026-08-18 11:00:03.148,0.00,0.06,0,0.0,0.0,0.000,0.0,0,HAYIR,HAYIR
2026-08-18 11:00:03.168,0.00,0.06,0,0.0,0.0,0.000,0.0,0,HAYIR,HAYIR
2026-08-18 11:00:03.188,0.00,0.06,0,0.0,0.0,0.000,0.0,0,HAYIR,HAYIR
2026-08-18 11:00:03.208,0.00,0.06,0,0.0,0.0,0.000,0.0,0,HAYIR,HAYIR
2026-08-18 11:00:03.228,0.00,0.06,0,0.0,0.0,0.000,0.0,0,HAYIR,HAYIR
2026-08-18 11:00:03.248,0.00,0.06,0,0.0,0.0,0.000,0.0,0,HAYIR,HAYIR
2026-08-18 11:00:03.268,0.00,0.06,0,0.0,0.0,0.000,0.0,0,HAYIR,HAYIR
2026-08-18 11:00:03.288,0.00,0.06,0,0.0,0.0,0.000,0.0,0,HAYIR,HAYIR
2026-08-18 11:00:03.308,0.00,0.04,0,0.0,0.0,0.000,0.0,0,HAYIR,HAYIR
2026-08-18 11:00:03.328,0.00,0.04,0,0.0,0.0,0.000,0.0,0,HAYIR,HAYIR
2026-08-18 11:00:03.348,0.00,0.04,0,0.0,0.0,0.000,0.0,0,HAYIR,HAYIR
2026-08-18 11:00:03.368,0.00,0.04,0,0.0,0.0,0.000,0.0,0,HAYIR,HAYIR
2026-08-18 11:00:03.388,0.00,0.04,0,0.0,0.0,0.000,0.0,0,HAYIR,HAYIR
2026-08-18 11:00:03.408,0.00,0.04,0,0.0,0.0,0.000,0.0,0,HAYIR,HAYIR
2026-08-18 11:00:03.428,0.00,0.04,0,0.0,0.0,0.000,0.0,0,HAYIR,HAYIR
2026-08-18 11:00:03.448,0.00,0.04,0,0.0,0.0,0.000,0.0,0,HAYIR,HAYIR
2026-08-18 11:00:03.468,0.00,0.04,0,0.0,0.0,0.000,0.0,0,HAYIR,HAYIR
2026-08-18 11:00:03.488,0.00,0.04,0,0.0,0.0,0.000,0.0,0,HAYIR,HAYIR
2026-08-18 11:00:03.508,0.00,0.04,0,0.0,0.0,0.000,0.0,0,HAYIR,HAYIR
2026-08-18 11:00:03.528,0.00,0.04,0,0.0,0.0,0.000,0.0,0,HAYIR,HAYIR
2026-08-18 11:00:03.549,0.00,0.04,0,0.0,0.0,0.000,0.0,0,HAYIR,HAYIR
2026-08-18 11:00:03.568,0.00,0.04,0,0.0,0.0,0.000,0.0,0,HAYIR,HAYIR
2026-08-18 11:00:03.588,0.00,0.04,0,0.0,0.0,0.000,0.0,0,HAYIR,HAYIR
2026-08-18 11:00:03.608,0.00,0.04,0,0.0,0.0,0.000,0.0,0,HAYIR,HAYIR
2026-08-18 11:00:03.628,0.00,0.03,0,0.0,0.0,0.000,0.0,0,HAYIR,HAYIR
2026-08-18 11:00:03.648,0.00,0.03,0,0.0,0.0,0.000,0.0,0,HAYIR,HAYIR
2026-08-18 11:00:03.668,0.00,0.03,0,0.0,0.0,0.000,0.0,0,HAYIR,HAYIR
2026-08-18 11:00:03.689,0.00,0.03,0,0.0,0.0,0.000,0.0,0,HAYIR,HAYIR
2026-08-18 11:00:03.709,0.00,0.03,0,0.0,0.0,0.000,0.0,0,HAYIR,HAYIR
2026-08-18 11:00:03.728,0.00,0.03,0,0.0,0.0,0.000,0.0,0,HAYIR,HAYIR
2026-08-18 11:00:03.748,0.00,0.03,0,0.0,0.0,0.000,0.0,0,HAYIR,HAYIR
2026-08-18 11:00:03.768,0.00,0.03,0,0.0,0.0,0.000,0.0,0,HAYIR,HAYIR
2026-08-18 11:00:03.789,0.00,0.03,0,0.0,0.0,0.000,0.0,0,HAYIR,HAYIR
2026-08-18 11:00:03.808,0.00,0.03,0,0.0,0.0,0.000,0.0,0,HAYIR,HAYIR
2026-08-18 11:00:03.828,0.00,0.03,0,0.0,0.0,0.000,0.0,0,HAYIR,HAYIR
2026-08-18 11:00:03.849,0.00,0.03,0,0.0,0.0,0.000,0.0,0,HAYIR,HAYIR
2026-08-18 11:00:03.868,0.00,0.03,0,0.0,0.0,0.000,0.0,0,HAYIR,HAYIR
2026-08-18 11:00:03.888,0.00,0.03,0,0.0,0.0,0.000,0.0,0,HAYIR,HAYIR
2026-08-18 11:00:03.908,0.00,0.03,0,0.0,0.0,0.000,0.0,0,HAYIR,HAYIR
2026-08-18 11:00:03.928,0.00,0.03,0,0.0,0.0,0.000,0.0,0,HAYIR,HAYIR
2026-08-18 11:00:03.948,0.00,0.02,0,0.0,0.0,0.000,0.0,0,HAYIR,HAYIR
2026-08-18 11:00:03.968,0.00,0.02,0,0.0,0.0,0.000,0.0,0,HAYIR,HAYIR
2026-08-18 11:00:03.988,0.00,0.02,0,0.0,0.0,0.000,0.0,0,HAYIR,HAYIR
2026-08-18 11:00:04.008,0.00,0.02,0,0.0,0.0,0.000,0.0,0,HAYIR,HAYIR
2026-08-18 11:00:04.028,0.00,0.02,0,0.0,0.0,0.000,0.0,0,HAYIR,HAYIR
2026-08-18 11:00:04.048,0.00,0.02,0,0.0,0.0,0.000,0.0,0,HAYIR,HAYIR
2026-08-18 11:00:04.068,0.00,0.02,0,0.0,0.0,0.000,0.0,0,HAYIR,HAYIR
2026-08-18 11:00:04.088,0.00,0.02,0,0.0,0.0,0.000,0.0,0,HAYIR,HAYIR
2026-08-18 11:00:04.108,0.00,0.02,0,0.0,0.0,0.000,0.0,0,HAYIR,HAYIR
2026-08-18 11:00:04.128,0.00,0.02,0,0.0,0.0,0.000,0.0,0,HAYIR,HAYIR
2026-08-18 11:00:04.148,0.00,0.02,0,0.0,0.0,0.000,0.0,0,HAYIR,HAYIR
2026-08-18 11:00:04.168,0.00,0.02,0,0.0,0.0,0.000,0.0,0,HAYIR,HAYIR
2026-08-18 11:00:04.188,0.00,0.02,0,0.0,0.0,0.000,0.0,0,HAYIR,HAYIR
2026-08-18 11:00:04.208,0.00,0.02,0,0.0,0.0,0.000,0.0,0,HAYIR,HAYIR
2026-08-18 11:00:04.228,0.00,0.02,0,0.0,0.0,0.000,0.0,0,HAYIR,HAYIR
2026-08-18 11:00:04.248,0.00,0.02,0,0.0,0.0,0.000,0.0,0,HAYIR,HAYIR
2026-08-18 11:00:04.268,0.00,0.01,0,0.0,0.0,0.000,0.0,0,HAYIR,HAYIR
2026-08-18 11:00:04.288,0.00,0.01,0,0.0,0.0,0.000,0.0,0,HAYIR,HAYIR
2026-08-18 11:00:04.308,0.00,0.01,0,0.0,0.0,0.000,0.0,0,HAYIR,HAYIR
2026-08-18 11:00:04.328,0.00,0.01,0,0.0,0.0,0.000,0.0,0,HAYIR,HAYIR
2026-08-18 11:00:04.348,0.00,0.01,0,0.0,0.0,0.000,0.0,0,HAYIR,HAYIR
2026-08-18 11:00:04.368,0.00,0.01,0,0.0,0.0,0.000,0.0,0,HAYIR,HAYIR
2026-08-18 11:00:04.388,0.00,0.01,0,0.0,0.0,0.000,0.0,0,HAYIR,HAYIR
2026-08-18 11:00:04.408,0.00,0.01,0,0.0,0.0,0.000,0.0,0,HAYIR,HAYIR
2026-08-18 11:00:04.428,0.00,0.01,0,0.0,0.0,0.000,0.0,0,HAYIR,HAYIR
2026-08-18 11:00:04.448,0.00,0.01,0,0.0,0.0,0.000,0.0,0,HAYIR,HAYIR
2026-08-18 11:00:04.468,0.00,0.01,0,0.0,0.0,0.000,0.0,0,HAYIR,HAYIR
2026-08-18 11:00:04.488,0.00,0.01,0,0.0,0.0,0.000,0.0,0,HAYIR,HAYIR
2026-08-18 11:00:04.508,0.00,0.01,0,0.0,0.0,0.000,0.0,0,HAYIR,HAYIR
2026-08-18 11:00:04.528,0.00,0.01,0,0.0,0.0,0.000,0.0,0,HAYIR,HAYIR
2026-08-18 11:00:04.548,0.00,0.01,0,0.0,0.0,0.000,0.0,0,HAYIR,HAYIR
2026-08-18 11:00:04.568,0.00,0.01,0,0.0,0.0,0.000,0.0,0,HAYIR,HAYIR
2026-08-18 11:00:04.588,0.00,0.01,0,0.0,0.0,0.000,0.0,0,HAYIR,HAYIR
2026-08-18 11:00:04.608,0.00,0.01,0,0.0,0.0,0.000,0.0,0,HAYIR,HAYIR
2026-08-18 11:00:04.628,0.00,0.01,0,0.0,0.0,0.000,0.0,0,HAYIR,HAYIR
2026-08-18 11:00:04.648,0.00,0.01,0,0.0,0.0,0.000,0.0,0,HAYIR,HAYIR
2026-08-18 11:00:04.668,0.00,0.01,0,0.0,0.0,0.000,0.0,0,HAYIR,HAYIR
2026-08-18 11:00:04.688,0.00,0.01,0,0.0,0.0,0.000,0.0,0,HAYIR,HAYIR
2026-08-18 11:00:04.708,0.00,0.01,0,0.0,0.0,0.000,0.0,0,HAYIR,HAYIR
2026-08-18 11:00:04.728,0.00,0.01,0,0.0,0.0,0.000,0.0,0,HAYIR,HAYIR
2026-08-18 11:00:04.748,0.00,0.01,0,0.0,0.0,0.000,0.0,0,HAYIR,HAYIR
2026-08-18 11:00:04.768,0.00,0.01,0,0.0,0.0,0.000,0.0,0,HAYIR,HAYIR
2026-08-18 11:00:04.788,0.00,0.01,0,0.0,0.0,0.000,0.0,0,HAYIR,HAYIR
2026-08-18 11:00:04.808,0.00,0.01,0,0.0,0.0,0.000,0.0,0,HAYIR,HAYIR
2026-08-18 11:00:04.828,0.00,0.01,0,0.0,0.0,0.000,0.0,0,HAYIR,HAYIR
2026-08-18 11:00:04.848,0.00,0.01,0,0.0,0.0,0.000,0.0,0,HAYIR,HAYIR
2026-08-18 11:00:04.869,0.00,0.01,0,0.0,0.0,0.000,0.0,0,HAYIR,HAYIR
2026-08-18 11:00:04.888,0.00,0.01,0,0.0,0.0,0.000,0.0,0,HAYIR,HAYIR
2026-08-18 11:00:04.908,0.00,0.01,0,0.0,0.0,0.000,0.0,0,HAYIR,HAYIR
2026-08-18 11:00:04.928,0.00,0.01,0,0.0,0.0,0.000,0.0,0,HAYIR,HAYIR
2026-08-18 11:00:04.948,0.00,0.01,0,0.0,0.0,0.000,0.0,0,HAYIR,HAYIR
2026-08-18 11:00:04.968,0.00,0.01,0,0.0,0.0,0.000,0.0,0,HAYIR,HAYIR
2026-08-18 11:00:04.988,0.00,0.01,0,0.0,0.0,0.000,0.0,0,HAYIR,HAYIR
2026-08-18 11:00:05.008,0.00,0.01,0,0.0,0.0,0.000,0.0,0,HAYIR,HAYIR
2026-08-18 11:00:05.028,0.00,0.01,0,0.0,0.0,0.000,0.0,0,HAYIR,HAYIR
2026-08-18 11:00:05.048,0.00,0.01,0,0.0,0.0,0.000,0.0,0,HAYIR,HAYIR
2026-08-18 11:00:05.068,0.00,0.01,0,0.0,0.0,0.000,0.0,0,HAYIR,HAYIR
2026-08-18 11:00:05.088,0.00,0.01,0,0.0,0.0,0.000,0.0,0,HAYIR,HAYIR
2026-08-18 11:00:05.108,0.00,0.01,0,0.0,0.0,0.000,0.0,0,HAYIR,HAYIR
2026-08-18 11:00:05.128,0.00,0.01,0,0.0,0.0,0.000,0.0,0,HAYIR,HAYIR
2026-08-18 11:00:05.148,0.00,0.01,0,0.0,0.0,0.000,0.0,0,HAYIR,HAYIR
2026-08-18 11:00:05.168,0.00,0.01,0,0.0,0.0,0.000,0.0,0,HAYIR,HAYIR
2026-08-18 11:00:05.188,0.00,0.01,0,0.0,0.0,0.000,0.0,0,HAYIR,HAYIR
2026-08-18 11:00:05.208,0.00,0.01,0,0.0,0.0,0.000,0.0,0,HAYIR,HAYIR
2026-08-18 11:00:05.228,0.00,0.01,0,0.0,0.0,0.000,0.0,0,HAYIR,HAYIR
2026-08-18 11:00:05.248,0.00,0.01,0,0.0,0.0,0.000,0.0,0,HAYIR,HAYIR
2026-08-18 11:00:05.268,0.00,0.01,0,0.0,0.0,0.000,0.0,0,HAYIR,HAYIR
2026-08-18 11:00:05.288,0.00,0.00,0,0.0,0.0,0.000,0.0,0,HAYIR,HAYIR
2026-08-18 11:00:05.308,0.00,0.00,0,0.0,0.0,0.000,0.0,0,HAYIR,HAYIR
2026-08-18 11:00:05.328,0.00,0.00,0,0.0,0.0,0.000,0.0,0,HAYIR,HAYIR
2026-08-18 11:00:05.348,0.00,0.00,0,0.0,0.0,0.000,0.0,0,HAYIR,HAYIR
2026-08-18 11:00:05.368,0.00,0.00,0,0.0,0.0,0.000,0.0,0,HAYIR,HAYIR
2026-08-18 11:00:05.388,0.00,0.00,0,0.0,0.0,0.000,0.0,0,HAYIR,HAYIR
2026-08-18 11:00:05.408,0.00,0.00,0,0.0,0.0,0.000,0.0,0,HAYIR,HAYIR
2026-08-18 11:00:05.428,0.00,0.00,0,0.0,0.0,0.000,0.0,0,HAYIR,HAYIR
2026-08-18 11:00:05.448,0.00,0.00,0,0.0,0.0,0.000,0.0,0,HAYIR,HAYIR
2026-08-18 11:00:05.469,0.00,0.00,0,0.0,0.0,0.000,0.0,0,HAYIR,HAYIR
2026-08-18 11:00:05.488,0.00,0.00,0,0.0,0.0,0.000,0.0,0,HAYIR,HAYIR
2026-08-18 11:00:05.508,0.00,0.00,0,0.0,0.0,0.000,0.0,0,HAYIR,HAYIR
2026-08-18 11:00:05.528,0.00,0.00,0,0.0,0.0,0.000,0.0,0,HAYIR,HAYIR
2026-08-18 11:00:05.548,0.00,0.00,0,0.0,0.0,0.000,0.0,0,HAYIR,HAYIR
2026-08-18 11:00:05.568,0.00,0.00,0,0.0,0.0,0.000,0.0,0,HAYIR,HAYIR
2026-08-18 11:00:05.588,0.00,0.00,0,0.0,0.0,0.000,0.0,0,HAYIR,HAYIR
2026-08-18 11:00:05.608,0.00,0.00,0,0.0,0.0,0.000,0.0,0,HAYIR,HAYIR
2026-08-18 11:00:05.628,0.00,0.00,0,0.0,0.0,0.000,0.0,0,HAYIR,HAYIR
2026-08-18 11:00:05.648,0.00,0.00,0,0.0,0.0,0.000,0.0,0,HAYIR,HAYIR
2026-08-18 11:00:05.668,0.00,0.00,0,0.0,0.0,0.000,0.0,0,HAYIR,HAYIR
2026-08-18 11:00:05.688,0.00,0.00,0,0.0,0.0,0.000,0.0,0,HAYIR,HAYIR
2026-08-18 11:00:05.708,0.00,0.00,0,0.0,0.0,0.000,0.0,0,HAYIR,HAYIR
2026-08-18 11:00:05.728,0.00,0.00,0,0.0,0.0,0.000,0.0,0,HAYIR,HAYIR
2026-08-18 11:00:05.748,0.00,0.00,0,0.0,0.0,0.000,0.0,0,HAYIR,HAYIR
2026-08-18 11:00:05.768,0.00,0.00,0,0.0,0.0,0.000,0.0,0,HAYIR,HAYIR
2026-08-18 11:00:05.788,0.00,0.00,0,0.0,0.0,0.000,0.0,0,HAYIR,HAYIR
2026-08-18 11:00:05.808,0.00,0.00,0,0.0,0.0,0.000,0.0,0,HAYIR,HAYIR
2026-08-18 11:00:05.828,0.00,0.00,0,0.0,0.0,0.000,0.0,0,HAYIR,HAYIR
2026-08-18 11:00:05.848,0.00,0.00,0,0.0,0.0,0.000,0.0,0,HAYIR,HAYIR
2026-08-18 11:00:05.868,0.00,0.00,0,0.0,0.0,0.000,0.0,0,HAYIR,HAYIR
2026-08-18 11:00:05.888,0.00,0.00,0,0.0,0.0,0.000,0.0,0,HAYIR,HAYIR
2026-08-18 11:00:05.908,0.00,0.00,0,0.0,0.0,0.000,0.0,0,HAYIR,HAYIR
2026-08-18 11:00:05.928,0.00,0.00,0,0.0,0.0,0.000,0.0,0,HAYIR,HAYIR
2026-08-18 11:00:05.948,0.00,0.00,0,0.0,0.0,0.000,0.0,0,HAYIR,HAYIR
2026-08-18 11:00:05.968,0.00,0.00,0,0.0,0.0,0.000,0.0,0,HAYIR,HAYIR
2026-08-18 11:00:05.988,0.00,0.00,0,0.0,0.0,0.000,0.0,0,HAYIR,HAYIR
2026-08-18 11:00:06.008,0.00,0.00,0,0.0,0.0,0.000,0.0,0,HAYIR,HAYIR
2026-08-18 11:00:06.028,0.00,0.00,0,0.0,0.0,0.000,0.0,0,HAYIR,HAYIR
2026-08-18 11:00:06.048,0.00,0.00,0,0.0,0.0,0.000,0.0,0,HAYIR,HAYIR
2026-08-18 11:00:06.068,0.00,0.00,0,0.0,0.0,0.000,0.0,0,HAYIR,HAYIR
2026-08-18 11:00:06.088,0.00,0.00,0,0.0,0.0,0.000,0.0,0,HAYIR,HAYIR
2026-08-18 11:00:06.108,0.00,0.00,0,0.0,0.0,0.000,0.0,0,HAYIR,HAYIR
2026-08-18 11:00:06.128,0.00,0.00,0,0.0,0.0,0.000,0.0,0,HAYIR,HAYIR
2026-08-18 11:00:06.148,0.00,0.00,0,0.0,0.0,0.000,0.0,0,HAYIR,HAYIR
2026-08-18 11:00:06.168,0.00,0.00,0,0.0,0.0,0.000,0.0,0,HAYIR,HAYIR
2026-08-18 11:00:06.188,0.00,0.00,0,0.0,0.0,0.000,0.0,0,HAYIR,HAYIR
2026-08-18 11:00:06.208,0.00,0.00,0,0.0,0.0,0.000,0.0,0,HAYIR,HAYIR
2026-08-18 11:00:06.228,0.00,0.00,0,0.0,0.0,0.000,0.0,0,HAYIR,HAYIR
2026-08-18 11:00:06.248,0.00,0.00,0,0.0,0.0,0.000,0.0,0,HAYIR,HAYIR
2026-08-18 11:00:06.268,0.00,0.00,0,0.0,0.0,0.000,0.0,0,HAYIR,HAYIR
2026-08-18 11:00:06.288,0.00,0.00,0,0.0,0.0,0.000,0.0,0,HAYIR,HAYIR
2026-08-18 11:00:06.308,0.00,0.00,0,0.0,0.0,0.000,0.0,0,HAYIR,HAYIR
2026-08-18 11:00:06.328,0.00,0.00,0,0.0,0.0,0.000,0.0,0,HAYIR,HAYIR
2026-08-18 11:00:06.348,0.00,0.00,0,0.0,0.0,0.000,0.0,0,HAYIR,HAYIR
2026-08-18 11:00:06.368,0.00,0.00,0,0.0,0.0,0.000,0.0,0,HAYIR,HAYIR
2026-08-18 11:00:06.388,0.00,0.00,0,0.0,0.0,0.000,0.0,0,HAYIR,HAYIR
2026-08-18 11:00:06.408,0.00,0.00,0,0.0,0.0,0.000,0.0,0,HAYIR,HAYIR
2026-08-18 11:00:06.428,0.00,0.00,0,0.0,0.0,0.000,0.0,0,HAYIR,HAYIR
2026-08-18 11:00:06.448,0.00,0.00,0,0.0,0.0,0.000,0.0,0,HAYIR,HAYIR
2026-08-18 11:00:06.468,0.00,0.00,0,0.0,0.0,0.000,0.0,0,HAYIR,HAYIR
2026-08-18 11:00:06.488,0.00,0.00,0,0.0,0.0,0.000,0.0,0,HAYIR,HAYIR
2026-08-18 11:00:06.508,0.00,0.00,0,0.0,0.0,0.000,0.0,0,HAYIR,HAYIR
2026-08-18 11:00:06.528,0.00,0.00,0,0.0,0.0,0.000,0.0,0,HAYIR,HAYIR
2026-08-18 11:00:06.548,0.00,0.00,0,0.0,0.0,0.000,0.0,0,HAYIR,HAYIR
2026-08-18 11:00:06.568,0.00,0.00,0,0.0,0.0,0.000,0.0,0,HAYIR,HAYIR
2026-08-18 11:00:06.588,0.00,0.00,0,0.0,0.0,0.000,0.0,0,HAYIR,HAYIR
2026-08-18 11:00:06.608,0.00,0.00,0,0.0,0.0,0.000,0.0,0,HAYIR,HAYIR
2026-08-18 11:00:06.628,0.00,0.00,0,0.0,0.0,0.000,0.0,0,HAYIR,HAYIR
2026-08-18 11:00:06.648,0.00,0.00,0,0.0,0.0,0.000,0.0,0,HAYIR,HAYIR
2026-08-18 11:00:06.668,0.00,0.00,0,0.0,0.0,0.000,0.0,0,HAYIR,HAYIR
2026-08-18 11:00:06.688,0.00,0.00,0,0.0,0.0,0.000,0.0,0,HAYIR,HAYIR
2026-08-18 11:00:06.708,0.00,0.00,0,0.0,0.0,0.000,0.0,0,HAYIR,HAYIR
2026-08-18 11:00:06.728,0.00,0.00,0,0.0,0.0,0.000,0.0,0,HAYIR,HAYIR
2026-08-18 11:00:06.748,0.00,0.00,0,0.0,0.0,0.000,0.0,0,HAYIR,HAYIR
2026-08-18 11:00:06.768,0.00,0.00,0,0.0,0.0,0.000,0.0,0,HAYIR,HAYIR
2026-08-18 11:00:06.788,0.00,0.00,0,0.0,0.0,0.000,0.0,0,HAYIR,HAYIR
2026-08-18 11:00:06.808,0.00,0.00,0,0.0,0.0,0.000,0.0,0,HAYIR,HAYIR
2026-08-18 11:00:06.828,0.00,0.00,0,0.0,0.0,0.000,0.0,0,HAYIR,HAYIR
2026-08-18 11:00:06.848,0.00,0.00,0,0.0,0.0,0.000,0.0,0,HAYIR,HAYIR
2026-08-18 11:00:06.868,0.00,0.00,0,0.0,0.0,0.000,0.0,0,HAYIR,HAYIR
2026-08-18 11:00:06.888,0.00,0.00,0,0.0,0.0,0.000,0.0,0,HAYIR,HAYIR
2026-08-18 11:00:06.908,0.00,0.00,0,0.0,0.0,0.000,0.0,0,HAYIR,HAYIR
2026-08-18 11:00:06.928,0.00,0.00,0,0.0,0.0,0.000,0.0,0,HAYIR,HAYIR
2026-08-18 11:00:06.948,0.00,0.00,0,0.0,0.0,0.000,0.0,0,HAYIR,HAYIR
2026-08-18 11:00:06.968,0.00,0.00,0,0.0,0.0,0.000,0.0,0,HAYIR,HAYIR
2026-08-18 11:00:06.988,0.00,0.00,0,0.0,0.0,0.000,0.0,0,HAYIR,HAYIR
2026-08-18 11:00:07.008,0.00,0.00,0,0.0,0.0,0.000,0.0,0,HAYIR,HAYIR
2026-08-18 11:00:07.028,0.00,0.00,0,0.0,0.0,0.000,0.0,0,HAYIR,HAYIR
2026-08-18 11:00:07.048,0.00,0.00,0,0.0,0.0,0.000,0.0,0,HAYIR,HAYIR
2026-08-18 11:00:07.068,0.00,0.00,0,0.0,0.0,0.000,0.0,0,HAYIR,HAYIR
2026-08-18 11:00:07.088,0.00,0.00,0,0.0,0.0,0.000,0.0,0,HAYIR,HAYIR
2026-08-18 11:00:07.108,0.00,0.00,0,0.0,0.0,0.000,0.0,0,HAYIR,HAYIR
2026-08-18 11:00:07.128,0.00,0.00,0,0.0,0.0,0.000,0.0,0,HAYIR,HAYIR
2026-08-18 11:00:07.148,0.00,0.00,0,0.0,0.0,0.000,0.0,0,HAYIR,HAYIR
2026-08-18 11:00:07.168,0.00,0.00,0,0.0,0.0,0.000,0.0,0,HAYIR,HAYIR
2026-08-18 11:00:07.188,0.00,0.00,0,0.0,0.0,0.000,0.0,0,HAYIR,HAYIR
2026-08-18 11:00:07.208,0.00,0.00,0,0.0,0.0,0.000,0.0,0,HAYIR,HAYIR
2026-08-18 11:00:07.228,0.00,0.00,0,0.0,0.0,0.000,0.0,0,HAYIR,HAYIR
2026-08-18 11:00:07.248,0.00,0.00,0,0.0,0.0,0.000,0.0,0,HAYIR,HAYIR
2026-08-18 11:00:07.268,0.00,0.00,0,0.0,0.0,0.000,0.0,0,HAYIR,HAYIR
2026-08-18 11:00:07.288,0.00,0.00,0,0.0,0.0,0.000,0.0,0,HAYIR,HAYIR
2026-08-18 11:00:07.308,0.00,0.00,0,0.0,0.0,0.000,0.0,0,HAYIR,HAYIR
2026-08-18 11:00:07.328,0.00,0.00,0,0.0,0.0,0.000,0.0,0,HAYIR,HAYIR
2026-08-18 11:00:07.348,0.00,0.00,0,0.0,0.0,0.000,0.0,0,HAYIR,HAYIR
2026-08-18 11:00:07.368,0.00,0.00,0,0.0,0.0,0.000,0.0,0,HAYIR,HAYIR
2026-08-18 11:00:07.388,0.00,0.00,0,0.0,0.0,0.000,0.0,0,HAYIR,HAYIR
2026-08-18 11:00:07.408,0.00,0.00,0,0.0,0.0,0.000,0.0,0,HAYIR,HAYIR
2026-08-18 11:00:07.428,0.00,0.00,0,0.0,0.0,0.000,0.0,0,HAYIR,HAYIR
2026-08-18 11:00:07.448,0.00,0.00,0,0.0,0.0,0.000,0.0,0,HAYIR,HAYIR
2026-08-18 11:00:07.468,0.00,0.00,0,0.0,0.0,0.000,0.0,0,HAYIR,HAYIR
2026-08-18 11:00:07.488,0.00,0.00,0,0.0,0.0,0.000,0.0,0,HAYIR,HAYIR
2026-08-18 11:00:07.508,0.00,0.00,0,0.0,0.0,0.000,0.0,0,HAYIR,HAYIR
2026-08-18 11:00:07.528,0.00,0.00,0,0.0,0.0,0.000,0.0,0,HAYIR,HAYIR
2026-08-18 11:00:07.548,0.00,0.00,0,0.0,0.0,0.000,0.0,0,HAYIR,HAYIR
2026-08-18 11:00:07.568,0.00,0.00,0,0.0,0.0,0.000,0.0,0,HAYIR,HAYIR
2026-08-18 11:00:07.588,0.00,0.00,0,0.0,0.0,0.000,0.0,0,HAYIR,HAYIR
2026-08-18 11:00:07.608,0.00,0.00,0,0.0,0.0,0.000,0.0,0,HAYIR,HAYIR
2026-08-18 11:00:07.628,0.00,0.00,0,0.0,0.0,0.000,0.0,0,HAYIR,HAYIR
2026-08-18 11:00:07.648,0.00,0.00,0,0.0,0.0,0.000,0.0,0,HAYIR,HAYIR
2026-08-18 11:00:07.668,0.00,0.00,0,0.0,0.0,0.000,0.0,0,HAYIR,HAYIR
2026-08-18 11:00:07.688,0.00,0.00,0,0.0,0.0,0.000,0.0,0,HAYIR,HAYIR
2026-08-18 11:00:07.708,0.00,0.00,0,0.0,0.0,0.000,0.0,0,HAYIR,HAYIR
2026-08-18 11:00:07.728,0.00,0.00,0,0.0,0.0,0.000,0.0,0,HAYIR,HAYIR
2026-08-18 11:00:07.748,0.00,0.00,0,0.0,0.0,0.000,0.0,0,HAYIR,HAYIR
2026-08-18 11:00:07.768,0.00,0.00,0,0.0,0.0,0.000,0.0,0,HAYIR,HAYIR
2026-08-18 11:00:07.788,0.00,0.00,0,0.0,0.0,0.000,0.0,0,HAYIR,HAYIR
2026-08-18 11:00:07.808,0.00,0.00,0,0.0,0.0,0.000,0.0,0,HAYIR,HAYIR
2026-08-18 11:00:07.828,0.00,0.00,0,0.0,0.0,0.000,0.0,0,HAYIR,HAYIR
2026-08-18 11:00:07.848,0.00,0.00,0,0.0,0.0,0.000,0.0,0,HAYIR,HAYIR
2026-08-18 11:00:07.868,0.00,0.00,0,0.0,0.0,0.000,0.0,0,HAYIR,HAYIR
2026-08-18 11:00:07.888,0.00,0.00,0,0.0,0.0,0.000,0.0,0,HAYIR,HAYIR
2026-08-18 11:00:07.908,0.00,0.00,0,0.0,0.0,0.000,0.0,0,HAYIR,HAYIR
2026-08-18 11:00:07.928,0.00,0.00,0,0.0,0.0,0.000,0.0,0,HAYIR,HAYIR
2026-08-18 11:00:07.948,0.00,0.00,0,0.0,0.0,0.000,0.0,0,HAYIR,HAYIR
2026-08-18 11:00:07.968,0.00,0.00,0,0.0,0.0,0.000,0.0,0,HAYIR,HAYIR
2026-08-18 11:00:07.988,0.00,0.00,0,0.0,0.0,0.000,0.0,0,HAYIR,HAYIR
2026-08-18 11:00:08.008,0.00,0.00,0,0.0,0.0,0.000,0.0,0,HAYIR,HAYIR
2026-08-18 11:00:08.028,0.00,0.00,0,0.0,0.0,0.000,0.0,0,HAYIR,HAYIR
2026-08-18 11:00:08.048,0.00,0.00,0,0.0,0.0,0.000,0.0,0,HAYIR,HAYIR
2026-08-18 11:00:08.068,0.00,0.00,0,0.0,0.0,0.000,0.0,0,HAYIR,HAYIR
2026-08-18 11:00:08.088,0.00,0.00,0,0.0,0.0,0.000,0.0,0,HAYIR,HAYIR
2026-08-18 11:00:08.108,0.00,0.00,0,0.0,0.0,0.000,0.0,0,HAYIR,HAYIR
2026-08-18 11:00:08.128,0.00,0.00,0,0.0,0.0,0.000,0.0,0,HAYIR,HAYIR
2026-08-18 11:00:08.148,0.00,0.00,0,0.0,0.0,0.000,0.0,0,HAYIR,HAYIR
2026-08-18 11:00:08.168,0.00,0.00,0,0.0,0.0,0.000,0.0,0,HAYIR,HAYIR
2026-08-18 11:00:08.188,0.00,0.00,0,0.0,0.0,0.000,0.0,0,HAYIR,HAYIR
2026-08-18 11:00:08.208,0.00,0.00,0,0.0,0.0,0.000,0.0,0,HAYIR,HAYIR
2026-08-18 11:00:08.228,0.00,0.00,0,0.0,0.0,0.000,0.0,0,HAYIR,HAYIR
2026-08-18 11:00:08.248,0.00,0.00,0,0.0,0.0,0.000,0.0,0,HAYIR,HAYIR
2026-08-18 11:00:08.268,0.00,0.00,0,0.0,0.0,0.000,0.0,0,HAYIR,HAYIR
2026-08-18 11:00:08.288,0.00,0.00,0,0.0,0.0,0.000,0.0,0,HAYIR,HAYIR
2026-08-18 11:00:08.308,0.00,0.00,0,0.0,0.0,0.000,0.0,0,HAYIR,HAYIR
2026-08-18 11:00:08.328,0.00,0.00,0,0.0,0.0,0.000,0.0,0,HAYIR,HAYIR
2026-08-18 11:00:08.348,0.00,0.00,0,0.0,0.0,0.000,0.0,0,HAYIR,HAYIR
2026-08-18 11:00:08.368,0.00,0.00,0,0.0,0.0,0.000,0.0,0,HAYIR,HAYIR
2026-08-18 11:00:08.388,0.00,0.00,0,0.0,0.0,0.000,0.0,0,HAYIR,HAYIR
2026-08-18 11:00:08.408,0.00,0.00,0,0.0,0.0,0.000,0.0,0,HAYIR,HAYIR
2026-08-18 11:00:08.428,0.00,0.00,0,0.0,0.0,0.000,0.0,0,HAYIR,HAYIR
2026-08-18 11:00:08.448,0.00,0.00,0,0.0,0.0,0.000,0.0,0,HAYIR,HAYIR
2026-08-18 11:00:08.468,0.00,0.00,0,0.0,0.0,0.000,0.0,0,HAYIR,HAYIR
2026-08-18 11:00:08.488,0.00,0.00,0,0.0,0.0,0.000,0.0,0,HAYIR,HAYIR
2026-08-18 11:00:08.508,0.00,0.00,0,0.0,0.0,0.000,0.0,0,HAYIR,HAYIR
2026-08-18 11:00:08.528,0.00,0.00,0,0.0,0.0,0.000,0.0,0,HAYIR,HAYIR
2026-08-18 11:00:08.548,0.00,0.00,0,0.0,0.0,0.000,0.0,0,HAYIR,HAYIR
2026-08-18 11:00:08.568,0.00,0.00,0,0.0,0.0,0.000,0.0,0,HAYIR,HAYIR
2026-08-18 11:00:08.588,0.00,0.00,0,0.0,0.0,0.000,0.0,0,HAYIR,HAYIR
2026-08-18 11:00:08.608,0.00,0.00,0,0.0,0.0,0.000,0.0,0,HAYIR,HAYIR
2026-08-18 11:00:08.628,0.00,0.00,0,0.0,0.0,0.000,0.0,0,HAYIR,HAYIR
2026-08-18 11:00:08.648,0.00,0.00,0,0.0,0.0,0.000,0.0,0,HAYIR,HAYIR
2026-08-18 11:00:08.668,0.00,0.00,0,0.0,0.0,0.000,0.0,0,HAYIR,HAYIR
2026-08-18 11:00:08.688,0.00,0.00,0,0.0,0.0,0.000,0.0,0,HAYIR,HAYIR
2026-08-18 11:00:08.708,0.00,0.00,0,0.0,0.0,0.000,0.0,0,HAYIR,HAYIR
2026-08-18 11:00:08.728,0.00,0.00,0,0.0,0.0,0.000,0.0,0,HAYIR,HAYIR
2026-08-18 11:00:08.748,0.00,0.00,0,0.0,0.0,0.000,0.0,0,HAYIR,HAYIR
2026-08-18 11:00:08.768,0.00,0.00,0,0.0,0.0,0.000,0.0,0,HAYIR,HAYIR
2026-08-18 11:00:08.788,0.00,0.00,0,0.0,0.0,0.000,0.0,0,HAYIR,HAYIR
2026-08-18 11:00:08.808,0.00,0.00,0,0.0,0.0,0.000,0.0,0,HAYIR,HAYIR
2026-08-18 11:00:08.828,0.00,0.00,0,0.0,0.0,0.000,0.0,0,HAYIR,HAYIR
2026-08-18 11:00:08.848,0.00,0.00,0,0.0,0.0,0.000,0.0,0,HAYIR,HAYIR
2026-08-18 11:00:08.868,0.00,0.00,0,0.0,0.0,0.000,0.0,0,HAYIR,HAYIR
2026-08-18 11:00:08.888,0.00,0.00,0,0.0,0.0,0.000,0.0,0,HAYIR,HAYIR
2026-08-18 11:00:08.908,0.00,0.00,0,0.0,0.0,0.000,0.0,0,HAYIR,HAYIR
2026-08-18 11:00:08.928,0.00,0.00,0,0.0,0.0,0.000,0.0,0,HAYIR,HAYIR
2026-08-18 11:00:08.948,0.00,0.00,0,0.0,0.0,0.000,0.0,0,HAYIR,HAYIR
2026-08-18 11:00:08.968,0.00,0.00,0,0.0,0.0,0.000,0.0,0,HAYIR,HAYIR
2026-08-18 11:00:08.988,0.00,0.00,0,0.0,0.0,0.000,0.0,0,HAYIR,HAYIR
2026-08-18 11:00:09.008,0.00,0.00,0,0.0,0.0,0.000,0.0,0,HAYIR,HAYIR
2026-08-18 11:00:09.028,0.00,0.00,0,0.0,0.0,0.000,0.0,0,HAYIR,HAYIR
2026-08-18 11:00:09.048,0.00,0.00,0,0.0,0.0,0.000,0.0,0,HAYIR,HAYIR
2026-08-18 11:00:09.068,0.00,0.00,0,0.0,0.0,0.000,0.0,0,HAYIR,HAYIR
2026-08-18 11:00:09.088,0.00,0.00,0,0.0,0.0,0.000,0.0,0,HAYIR,HAYIR
2026-08-18 11:00:09.108,0.00,0.00,0,0.0,0.0,0.000,0.0,0,HAYIR,HAYIR
2026-08-18 11:00:09.128,0.00,0.00,0,0.0,0.0,0.000,0.0,0,HAYIR,HAYIR
2026-08-18 11:00:09.148,0.00,0.00,0,0.0,0.0,0.000,0.0,0,HAYIR,HAYIR
2026-08-18 11:00:09.168,0.00,0.00,0,0.0,0.0,0.000,0.0,0,HAYIR,HAYIR
2026-08-18 11:00:09.188,0.00,0.00,0,0.0,0.0,0.000,0.0,0,HAYIR,HAYIR
2026-08-18 11:00:09.208,0.00,0.00,0,0.0,0.0,0.000,0.0,0,HAYIR,HAYIR
2026-08-18 11:00:09.228,0.00,0.00,0,0.0,0.0,0.000,0.0,0,HAYIR,HAYIR
2026-08-18 11:00:09.248,0.00,0.00,0,0.0,0.0,0.000,0.0,0,HAYIR,HAYIR
2026-08-18 11:00:09.268,0.00,0.00,0,0.0,0.0,0.000,0.0,0,HAYIR,HAYIR
2026-08-18 11:00:09.288,0.00,0.00,0,0.0,0.0,0.000,0.0,0,HAYIR,HAYIR
2026-08-18 11:00:09.308,0.00,0.00,0,0.0,0.0,0.000,0.0,0,HAYIR,HAYIR
2026-08-18 11:00:09.328,0.00,0.00,0,0.0,0.0,0.000,0.0,0,HAYIR,HAYIR
2026-08-18 11:00:09.348,0.00,0.00,0,0.0,0.0,0.000,0.0,0,HAYIR,HAYIR
2026-08-18 11:00:09.368,0.00,0.00,0,0.0,0.0,0.000,0.0,0,HAYIR,HAYIR
2026-08-18 11:00:09.388,0.00,0.00,0,0.0,0.0,0.000,0.0,0,HAYIR,HAYIR
2026-08-18 11:00:09.408,0.00,0.00,0,0.0,0.0,0.000,0.0,0,HAYIR,HAYIR
2026-08-18 11:00:09.428,0.00,0.00,0,0.0,0.0,0.000,0.0,0,HAYIR,HAYIR
2026-08-18 11:00:09.448,0.00,0.00,0,0.0,0.0,0.000,0.0,0,HAYIR,HAYIR
2026-08-18 11:00:09.468,0.00,0.00,0,0.0,0.0,0.000,0.0,0,HAYIR,HAYIR
2026-08-18 11:00:09.488,0.00,0.00,0,0.0,0.0,0.000,0.0,0,HAYIR,HAYIR
2026-08-18 11:00:09.508,0.00,0.00,0,0.0,0.0,0.000,0.0,0,HAYIR,HAYIR
2026-08-18 11:00:09.528,0.00,0.00,0,0.0,0.0,0.000,0.0,0,HAYIR,HAYIR
2026-08-18 11:00:09.548,0.00,0.00,0,0.0,0.0,0.000,0.0,0,HAYIR,HAYIR
2026-08-18 11:00:09.569,0.00,0.00,0,0.0,0.0,0.000,0.0,0,HAYIR,HAYIR
2026-08-18 11:00:09.588,0.00,0.00,0,0.0,0.0,0.000,0.0,0,HAYIR,HAYIR
2026-08-18 11:00:09.608,0.00,0.00,0,0.0,0.0,0.000,0.0,0,HAYIR,HAYIR
2026-08-18 11:00:09.628,0.00,0.00,0,0.0,0.0,0.000,0.0,0,HAYIR,HAYIR
2026-08-18 11:00:09.648,0.00,0.00,0,0.0,0.0,0.000,0.0,0,HAYIR,HAYIR
2026-08-18 11:00:09.668,0.00,0.00,0,0.0,0.0,0.000,0.0,0,HAYIR,HAYIR
2026-08-18 11:00:09.688,0.00,0.00,0,0.0,0.0,0.000,0.0,0,HAYIR,HAYIR
2026-08-18 11:00:09.708,0.00,0.00,0,0.0,0.0,0.000,0.0,0,HAYIR,HAYIR
2026-08-18 11:00:09.728,0.00,0.00,0,0.0,0.0,0.000,0.0,0,HAYIR,HAYIR
2026-08-18 11:00:09.748,0.00,0.00,0,0.0,0.0,0.000,0.0,0,HAYIR,HAYIR
2026-08-18 11:00:09.768,0.00,0.00,0,0.0,0.0,0.000,0.0,0,HAYIR,HAYIR
2026-08-18 11:00:09.788,0.00,0.00,0,0.0,0.0,0.000,0.0,0,HAYIR,HAYIR
2026-08-18 11:00:09.808,0.00,0.00,0,0.0,0.0,0.000,0.0,0,HAYIR,HAYIR
2026-08-18 11:00:09.828,0.00,0.00,0,0.0,0.0,0.000,0.0,0,HAYIR,HAYIR
2026-08-18 11:00:09.848,0.00,0.00,0,0.0,0.0,0.000,0.0,0,HAYIR,HAYIR
2026-08-18 11:00:09.868,0.00,0.00,0,0.0,0.0,0.000,0.0,0,HAYIR,HAYIR
2026-08-18 11:00:09.888,0.00,0.00,0,0.0,0.0,0.000,0.0,0,HAYIR,HAYIR
2026-08-18 11:00:09.908,0.00,0.00,0,0.0,0.0,0.000,0.0,0,HAYIR,HAYIR
2026-08-18 11:00:09.928,0.00,0.00,0,0.0,0.0,0.000,0.0,0,HAYIR,HAYIR
2026-08-18 11:00:09.948,0.00,0.00,0,0.0,0.0,0.000,0.0,0,HAYIR,HAYIR
2026-08-18 11:00:09.968,0.00,0.00,0,0.0,0.0,0.000,0.0,0,HAYIR,HAYIR
2026-08-18 11:00:09.988,0.00,0.00,0,0.0,0.0,0.000,0.0,0,HAYIR,HAYIR
2026-08-18 11:00:10.008,0.00,0.00,0,0.0,0.0,0.000,0.0,0,HAYIR,HAYIR
2026-08-18 11:00:10.028,0.00,0.00,0,0.0,0.0,0.000,0.0,0,HAYIR,HAYIR
2026-08-18 11:00:10.048,0.00,0.00,0,0.0,0.0,0.000,0.0,0,HAYIR,HAYIR
2026-08-18 11:00:10.069,0.00,0.00,0,0.0,0.0,0.000,0.0,0,HAYIR,HAYIR
2026-08-18 11:00:10.089,0.00,0.00,0,0.0,0.0,0.000,0.0,0,HAYIR,HAYIR
2026-08-18 11:00:10.108,0.00,0.00,0,0.0,0.0,0.000,0.0,0,HAYIR,HAYIR
2026-08-18 11:00:10.128,0.00,0.00,0,0.0,0.0,0.000,0.0,0,HAYIR,HAYIR
2026-08-18 11:00:10.148,0.00,0.00,0,0.0,0.0,0.000,0.0,0,HAYIR,HAYIR
2026-08-18 11:00:10.168,0.00,0.00,0,0.0,0.0,0.000,0.0,0,HAYIR,HAYIR
2026-08-18 11:00:10.188,0.00,0.00,0,0.0,0.0,0.000,0.0,0,HAYIR,HAYIR
2026-08-18 11:00:10.208,0.00,0.00,0,0.0,0.0,0.000,0.0,0,HAYIR,HAYIR
2026-08-18 11:00:10.228,0.00,0.00,0,0.0,0.0,0.000,0.0,0,HAYIR,HAYIR
2026-08-18 11:00:10.248,0.00,0.00,0,0.0,0.0,0.000,0.0,0,HAYIR,HAYIR
2026-08-18 11:00:10.268,0.00,0.00,0,0.0,0.0,0.000,0.0,0,HAYIR,HAYIR
2026-08-18 11:00:10.288,0.00,0.00,0,0.0,0.0,0.000,0.0,0,HAYIR,HAYIR
2026-08-18 11:00:10.308,0.00,0.00,0,0.0,0.0,0.000,0.0,0,HAYIR,HAYIR
2026-08-18 11:00:10.328,0.00,0.00,0,0.0,0.0,0.000,0.0,0,HAYIR,HAYIR
2026-08-18 11:00:10.348,0.00,0.00,0,0.0,0.0,0.000,0.0,0,HAYIR,HAYIR
2026-08-18 11:00:10.368,0.00,0.00,0,0.0,0.0,0.000,0.0,0,HAYIR,HAYIR
2026-08-18 11:00:10.388,0.00,0.00,0,0.0,0.0,0.000,0.0,0,HAYIR,HAYIR
2026-08-18 11:00:10.408,0.00,0.00,0,0.0,0.0,0.000,0.0,0,HAYIR,HAYIR
2026-08-18 11:00:10.428,0.00,0.00,0,0.0,0.0,0.000,0.0,0,HAYIR,HAYIR
2026-08-18 11:00:10.448,0.00,0.00,0,0.0,0.0,0.000,0.0,0,HAYIR,HAYIR
2026-08-18 11:00:10.468,0.00,0.00,0,0.0,0.0,0.000,0.0,0,HAYIR,HAYIR
2026-08-18 11:00:10.488,0.00,0.00,0,0.0,0.0,0.000,0.0,0,HAYIR,HAYIR
2026-08-18 11:00:10.508,0.00,0.00,0,0.0,0.0,0.000,0.0,0,HAYIR,HAYIR
2026-08-18 11:00:10.528,0.00,0.00,0,0.0,0.0,0.000,0.0,0,HAYIR,HAYIR
2026-08-18 11:00:10.548,0.00,0.00,0,0.0,0.0,0.000,0.0,0,HAYIR,HAYIR
2026-08-18 11:00:10.568,0.00,0.00,0,0.0,0.0,0.000,0.0,0,HAYIR,HAYIR
2026-08-18 11:00:10.588,0.00,0.00,0,0.0,0.0,0.000,0.0,0,HAYIR,HAYIR
2026-08-18 11:00:10.608,0.00,0.00,0,0.0,0.0,0.000,0.0,0,HAYIR,HAYIR
2026-08-18 11:00:10.628,0.00,0.00,0,0.0,0.0,0.000,0.0,0,HAYIR,HAYIR
2026-08-18 11:00:10.648,0.00,0.00,0,0.0,0.0,0.000,0.0,0,HAYIR,HAYIR
2026-08-18 11:00:10.668,0.00,0.00,0,0.0,0.0,0.000,0.0,0,HAYIR,HAYIR
2026-08-18 11:00:10.688,0.00,0.00,0,0.0,0.0,0.000,0.0,0,HAYIR,HAYIR
2026-08-18 11:00:10.708,0.00,0.00,0,0.0,0.0,0.000,0.0,0,HAYIR,HAYIR
2026-08-18 11:00:10.728,0.00,0.00,0,0.0,0.0,0.000,0.0,0,HAYIR,HAYIR
2026-08-18 11:00:10.748,0.00,0.00,0,0.0,0.0,0.000,0.0,0,HAYIR,HAYIR
2026-08-18 11:00:10.768,0.00,0.00,0,0.0,0.0,0.000,0.0,0,HAYIR,HAYIR
2026-08-18 11:00:10.788,0.00,0.00,0,0.0,0.0,0.000,0.0,0,HAYIR,HAYIR
2026-08-18 11:00:10.808,0.00,0.00,0,0.0,0.0,0.000,0.0,0,HAYIR,HAYIR
2026-08-18 11:00:10.828,0.00,0.00,0,0.0,0.0,0.000,0.0,0,HAYIR,HAYIR
2026-08-18 11:00:10.848,0.00,0.00,0,0.0,0.0,0.000,0.0,0,HAYIR,HAYIR
2026-08-18 11:00:10.868,0.00,0.00,0,0.0,0.0,0.000,0.0,0,HAYIR,HAYIR
2026-08-18 11:00:10.888,0.00,0.00,0,0.0,0.0,0.000,0.0,0,HAYIR,HAYIR
2026-08-18 11:00:10.908,0.00,0.00,0,0.0,0.0,0.000,0.0,0,HAYIR,HAYIR
2026-08-18 11:00:10.928,0.00,0.00,0,0.0,0.0,0.000,0.0,0,HAYIR,HAYIR
2026-08-18 11:00:10.948,0.00,0.00,0,0.0,0.0,0.000,0.0,0,HAYIR,HAYIR
2026-08-18 11:00:10.968,0.00,0.00,0,0.0,0.0,0.000,0.0,0,HAYIR,HAYIR
2026-08-18 11:00:10.988,0.00,0.00,0,0.0,0.0,0.000,0.0,0,HAYIR,HAYIR
2026-08-18 11:00:11.008,0.00,0.00,0,0.0,0.0,0.000,0.0,0,HAYIR,HAYIR
2026-08-18 11:00:11.028,0.00,0.00,0,0.0,0.0,0.000,0.0,0,HAYIR,HAYIR
2026-08-18 11:00:11.048,0.00,0.00,0,0.0,0.0,0.000,0.0,0,HAYIR,HAYIR
2026-08-18 11:00:11.068,0.00,0.00,0,0.0,0.0,0.000,0.0,0,HAYIR,HAYIR
2026-08-18 11:00:11.088,0.00,0.00,0,0.0,0.0,0.000,0.0,0,HAYIR,HAYIR
2026-08-18 11:00:11.108,0.00,0.00,0,0.0,0.0,0.000,0.0,0,HAYIR,HAYIR
2026-08-18 11:00:11.128,0.00,0.00,0,0.0,0.0,0.000,0.0,0,HAYIR,HAYIR
2026-08-18 11:00:11.148,0.00,0.00,0,0.0,0.0,0.000,0.0,0,HAYIR,HAYIR
2026-08-18 11:00:11.168,0.00,0.00,0,0.0,0.0,0.000,0.0,0,HAYIR,HAYIR
2026-08-18 11:00:11.188,0.00,0.00,0,0.0,0.0,0.000,0.0,0,HAYIR,HAYIR
2026-08-18 11:00:11.208,0.00,0.00,0,0.0,0.0,0.000,0.0,0,HAYIR,HAYIR
2026-08-18 11:00:11.228,0.00,0.00,0,0.0,0.0,0.000,0.0,0,HAYIR,HAYIR
2026-08-18 11:00:11.248,0.00,0.00,0,0.0,0.0,0.000,0.0,0,HAYIR,HAYIR
2026-08-18 11:00:11.268,0.00,0.00,0,0.0,0.0,0.000,0.0,0,HAYIR,HAYIR
2026-08-18 11:00:11.288,0.00,0.00,0,0.0,0.0,0.000,0.0,0,HAYIR,HAYIR
2026-08-18 11:00:11.308,0.00,0.00,0,0.0,0.0,0.000,0.0,0,HAYIR,HAYIR
2026-08-18 11:00:11.328,0.00,0.00,0,0.0,0.0,0.000,0.0,0,HAYIR,HAYIR
2026-08-18 11:00:11.348,0.00,0.00,0,0.0,0.0,0.000,0.0,0,HAYIR,HAYIR
2026-08-18 11:00:11.368,0.00,0.00,0,0.0,0.0,0.000,0.0,0,HAYIR,HAYIR
2026-08-18 11:00:11.388,0.00,0.00,0,0.0,0.0,0.000,0.0,0,HAYIR,HAYIR
2026-08-18 11:00:11.408,0.00,0.00,0,0.0,0.0,0.000,0.0,0,HAYIR,HAYIR
2026-08-18 11:00:11.428,0.00,0.00,0,0.0,0.0,0.000,0.0,0,HAYIR,HAYIR
2026-08-18 11:00:11.448,0.00,0.00,0,0.0,0.0,0.000,0.0,0,HAYIR,HAYIR
2026-08-18 11:00:11.468,0.00,0.00,0,0.0,0.0,0.000,0.0,0,HAYIR,HAYIR
2026-08-18 11:00:11.488,0.00,0.00,0,0.0,0.0,0.000,0.0,0,HAYIR,HAYIR
2026-08-18 11:00:11.508,0.00,0.00,0,0.0,0.0,0.000,0.0,0,HAYIR,HAYIR
2026-08-18 11:00:11.528,0.00,0.00,0,0.0,0.0,0.000,0.0,0,HAYIR,HAYIR
2026-08-18 11:00:11.548,0.00,0.00,0,0.0,0.0,0.000,0.0,0,HAYIR,HAYIR
2026-08-18 11:00:11.568,0.00,0.00,0,0.0,0.0,0.000,0.0,0,HAYIR,HAYIR
2026-08-18 11:00:11.588,0.00,0.00,0,0.0,0.0,0.000,0.0,0,HAYIR,HAYIR
2026-08-18 11:00:11.608,0.00,0.00,0,0.0,0.0,0.000,0.0,0,HAYIR,HAYIR
2026-08-18 11:00:11.628,0.00,0.00,0,0.0,0.0,0.000,0.0,0,HAYIR,HAYIR
2026-08-18 11:00:11.648,0.00,0.00,0,0.0,0.0,0.000,0.0,0,HAYIR,HAYIR
2026-08-18 11:00:11.668,0.00,0.00,0,0.0,0.0,0.000,0.0,0,HAYIR,HAYIR
2026-08-18 11:00:11.688,0.00,0.00,0,0.0,0.0,0.000,0.0,0,HAYIR,HAYIR
2026-08-18 11:00:11.708,0.00,0.00,0,0.0,0.0,0.000,0.0,0,HAYIR,HAYIR
2026-08-18 11:00:11.728,0.00,0.00,0,0.0,0.0,0.000,0.0,0,HAYIR,HAYIR
2026-08-18 11:00:11.748,0.00,0.00,0,0.0,0.0,0.000,0.0,0,HAYIR,HAYIR
2026-08-18 11:00:11.768,0.00,0.00,0,0.0,0.0,0.000,0.0,0,HAYIR,HAYIR
2026-08-18 11:00:11.788,0.00,0.00,0,0.0,0.0,0.000,0.0,0,HAYIR,HAYIR
2026-08-18 11:00:11.808,0.00,0.00,0,0.0,0.0,0.000,0.0,0,HAYIR,HAYIR
2026-08-18 11:00:11.828,0.00,0.00,0,0.0,0.0,0.000,0.0,0,HAYIR,HAYIR
2026-08-18 11:00:11.848,0.00,0.00,0,0.0,0.0,0.000,0.0,0,HAYIR,HAYIR
2026-08-18 11:00:11.868,0.00,0.00,0,0.0,0.0,0.000,0.0,0,HAYIR,HAYIR
2026-08-18 11:00:11.888,0.00,0.00,0,0.0,0.0,0.000,0.0,0,HAYIR,HAYIR
2026-08-18 11:00:11.908,0.00,0.00,0,0.0,0.0,0.000,0.0,0,HAYIR,HAYIR
2026-08-18 11:00:11.928,0.00,0.00,0,0.0,0.0,0.000,0.0,0,HAYIR,HAYIR
2026-08-18 11:00:11.948,0.00,0.00,0,0.0,0.0,0.000,0.0,0,HAYIR,HAYIR
2026-08-18 11:00:11.968,0.00,0.00,0,0.0,0.0,0.000,0.0,0,HAYIR,HAYIR
2026-08-18 11:00:11.989,0.00,0.00,0,0.0,0.0,0.000,0.0,0,HAYIR,HAYIR
2026-08-18 11:00:12.008,0.00,0.00,0,0.0,0.0,0.000,0.0,0,HAYIR,HAYIR
2026-08-18 11:00:12.028,0.00,0.00,0,0.0,0.0,0.000,0.0,0,HAYIR,HAYIR
2026-08-18 11:00:12.048,0.00,0.00,0,0.0,0.0,0.000,0.0,0,HAYIR,HAYIR
2026-08-18 11:00:12.068,0.00,0.00,0,0.0,0.0,0.000,0.0,0,HAYIR,HAYIR
2026-08-18 11:00:12.088,0.00,0.00,0,0.0,0.0,0.000,0.0,0,HAYIR,HAYIR
2026-08-18 11:00:12.108,0.00,0.00,0,0.0,0.0,0.000,0.0,0,HAYIR,HAYIR
2026-08-18 11:00:12.128,0.00,0.00,0,0.0,0.0,0.000,0.0,0,HAYIR,HAYIR
2026-08-18 11:00:12.148,0.00,0.00,0,0.0,0.0,0.000,0.0,0,HAYIR,HAYIR
2026-08-18 11:00:12.168,0.00,0.00,0,0.0,0.0,0.000,0.0,0,HAYIR,HAYIR
2026-08-18 11:00:12.188,0.00,0.00,0,0.0,0.0,0.000,0.0,0,HAYIR,HAYIR
2026-08-18 11:00:12.208,0.00,0.00,0,0.0,0.0,0.000,0.0,0,HAYIR,HAYIR
2026-08-18 11:00:12.228,0.00,0.00,0,0.0,0.0,0.000,0.0,0,HAYIR,HAYIR
2026-08-18 11:00:12.248,0.00,0.00,0,0.0,0.0,0.000,0.0,0,HAYIR,HAYIR
2026-08-18 11:00:12.268,0.00,0.00,0,0.0,0.0,0.000,0.0,0,HAYIR,HAYIR
2026-08-18 11:00:12.288,0.00,0.00,0,0.0,0.0,0.000,0.0,0,HAYIR,HAYIR
2026-08-18 11:00:12.308,0.00,0.00,0,0.0,0.0,0.000,0.0,0,HAYIR,HAYIR
2026-08-18 11:00:12.328,0.00,0.00,0,0.0,0.0,0.000,0.0,0,HAYIR,HAYIR
2026-08-18 11:00:12.348,0.00,0.00,0,0.0,0.0,0.000,0.0,0,HAYIR,HAYIR
2026-08-18 11:00:12.368,0.00,0.00,0,0.0,0.0,0.000,0.0,0,HAYIR,HAYIR
2026-08-18 11:00:12.388,0.00,0.00,0,0.0,0.0,0.000,0.0,0,HAYIR,HAYIR
2026-08-18 11:00:12.408,0.00,0.00,0,0.0,0.0,0.000,0.0,0,HAYIR,HAYIR
2026-08-18 11:00:12.428,0.00,0.00,0,0.0,0.0,0.000,0.0,0,HAYIR,HAYIR
2026-08-18 11:00:12.448,0.00,0.00,0,0.0,0.0,0.000,0.0,0,HAYIR,HAYIR
2026-08-18 11:00:12.468,0.00,0.00,0,0.0,0.0,0.000,0.0,0,HAYIR,HAYIR
2026-08-18 11:00:12.488,0.00,0.00,0,0.0,0.0,0.000,0.0,0,HAYIR,HAYIR
2026-08-18 11:00:12.508,0.00,0.00,0,0.0,0.0,0.000,0.0,0,HAYIR,HAYIR
2026-08-18 11:00:12.528,0.00,0.00,0,0.0,0.0,0.000,0.0,0,HAYIR,HAYIR
2026-08-18 11:00:12.548,0.00,0.00,0,0.0,0.0,0.000,0.0,0,HAYIR,HAYIR
2026-08-18 11:00:12.568,0.00,0.00,0,0.0,0.0,0.000,0.0,0,HAYIR,HAYIR
2026-08-18 11:00:12.588,0.00,0.00,0,0.0,0.0,0.000,0.0,0,HAYIR,HAYIR
2026-08-18 11:00:12.608,0.00,0.00,0,0.0,0.0,0.000,0.0,0,HAYIR,HAYIR
2026-08-18 11:00:12.628,0.00,0.00,0,0.0,0.0,0.000,0.0,0,HAYIR,HAYIR
2026-08-18 11:00:12.648,0.00,0.00,0,0.0,0.0,0.000,0.0,0,HAYIR,HAYIR
2026-08-18 11:00:12.668,0.00,0.00,0,0.0,0.0,0.000,0.0,0,HAYIR,HAYIR
2026-08-18 11:00:12.688,0.00,0.00,0,0.0,0.0,0.000,0.0,0,HAYIR,HAYIR
2026-08-18 11:00:12.708,0.00,0.00,0,0.0,0.0,0.000,0.0,0,HAYIR,HAYIR
2026-08-18 11:00:12.728,0.00,0.00,0,0.0,0.0,0.000,0.0,0,HAYIR,HAYIR
2026-08-18 11:00:12.748,0.00,0.00,0,0.0,0.0,0.000,0.0,0,HAYIR,HAYIR
2026-08-18 11:00:12.768,0.00,0.00,0,0.0,0.0,0.000,0.0,0,HAYIR,HAYIR
2026-08-18 11:00:12.788,0.00,0.00,0,0.0,0.0,0.000,0.0,0,HAYIR,HAYIR
2026-08-18 11:00:12.808,0.00,0.00,0,0.0,0.0,0.000,0.0,0,HAYIR,HAYIR
2026-08-18 11:00:12.828,0.00,0.00,0,0.0,0.0,0.000,0.0,0,HAYIR,HAYIR
2026-08-18 11:00:12.848,0.00,0.00,0,0.0,0.0,0.000,0.0,0,HAYIR,HAYIR
2026-08-18 11:00:12.868,0.00,0.00,0,0.0,0.0,0.000,0.0,0,HAYIR,HAYIR
2026-08-18 11:00:12.888,0.00,0.00,0,0.0,0.0,0.000,0.0,0,HAYIR,HAYIR
2026-08-18 11:00:12.908,0.00,0.00,0,0.0,0.0,0.000,0.0,0,HAYIR,HAYIR
2026-08-18 11:00:12.928,0.00,0.00,0,0.0,0.0,0.000,0.0,0,HAYIR,HAYIR
2026-08-18 11:00:12.948,0.00,0.00,0,0.0,0.0,0.000,0.0,0,HAYIR,HAYIR
2026-08-18 11:00:12.968,0.00,0.00,0,0.0,0.0,0.000,0.0,0,HAYIR,HAYIR
2026-08-18 11:00:12.988,0.00,0.00,0,0.0,0.0,0.000,0.0,0,HAYIR,HAYIR
2026-08-18 11:00:13.008,0.00,0.00,0,0.0,0.0,0.000,0.0,0,HAYIR,HAYIR
2026-08-18 11:00:13.028,0.00,0.00,0,0.0,0.0,0.000,0.0,0,HAYIR,HAYIR
2026-08-18 11:00:13.048,0.00,0.00,0,0.0,0.0,0.000,0.0,0,HAYIR,HAYIR
2026-08-18 11:00:13.068,0.00,0.00,0,0.0,0.0,0.000,0.0,0,HAYIR,HAYIR
2026-08-18 11:00:13.088,0.00,0.00,0,0.0,0.0,0.000,0.0,0,HAYIR,HAYIR
2026-08-18 11:00:13.108,0.00,0.00,0,0.0,0.0,0.000,0.0,0,HAYIR,HAYIR
2026-08-18 11:00:13.128,0.00,0.00,0,0.0,0.0,0.000,0.0,0,HAYIR,HAYIR
2026-08-18 11:00:13.148,0.00,0.00,0,0.0,0.0,0.000,0.0,0,HAYIR,HAYIR
2026-08-18 11:00:13.168,0.00,0.00,0,0.0,0.0,0.000,0.0,0,HAYIR,HAYIR
2026-08-18 11:00:13.189,0.00,0.00,0,0.0,0.0,0.000,0.0,0,HAYIR,HAYIR
2026-08-18 11:00:13.208,0.00,0.00,0,0.0,0.0,0.000,0.0,0,HAYIR,HAYIR
2026-08-18 11:00:13.228,0.00,0.00,0,0.0,0.0,0.000,0.0,0,HAYIR,HAYIR
2026-08-18 11:00:13.248,0.00,0.00,0,0.0,0.0,0.000,0.0,0,HAYIR,HAYIR
2026-08-18 11:00:13.268,0.00,0.00,0,0.0,0.0,0.000,0.0,0,HAYIR,HAYIR
2026-08-18 11:00:13.288,0.00,0.00,0,0.0,0.0,0.000,0.0,0,HAYIR,HAYIR
2026-08-18 11:00:13.308,0.00,0.00,0,0.0,0.0,0.000,0.0,0,HAYIR,HAYIR
2026-08-18 11:00:13.328,0.00,0.00,0,0.0,0.0,0.000,0.0,0,HAYIR,HAYIR
2026-08-18 11:00:13.348,0.00,0.00,0,0.0,0.0,0.000,0.0,0,HAYIR,HAYIR
2026-08-18 11:00:13.368,0.00,0.00,0,0.0,0.0,0.000,0.0,0,HAYIR,HAYIR
2026-08-18 11:00:13.388,0.00,0.00,0,0.0,0.0,0.000,0.0,0,HAYIR,HAYIR
2026-08-18 11:00:13.408,0.00,0.00,0,0.0,0.0,0.000,0.0,0,HAYIR,HAYIR
2026-08-18 11:00:13.428,0.00,0.00,0,0.0,0.0,0.000,0.0,0,HAYIR,HAYIR
2026-08-18 11:00:13.448,0.00,0.00,0,0.0,0.0,0.000,0.0,0,HAYIR,HAYIR
2026-08-18 11:00:13.468,0.00,0.00,0,0.0,0.0,0.000,0.0,0,HAYIR,HAYIR
2026-08-18 11:00:13.488,0.00,0.00,0,0.0,0.0,0.000,0.0,0,HAYIR,HAYIR
2026-08-18 11:00:13.508,0.00,0.00,0,0.0,0.0,0.000,0.0,0,HAYIR,HAYIR
2026-08-18 11:00:13.528,0.00,0.00,0,0.0,0.0,0.000,0.0,0,HAYIR,HAYIR
2026-08-18 11:00:13.548,0.00,0.00,0,0.0,0.0,0.000,0.0,0,HAYIR,HAYIR
2026-08-18 11:00:13.568,0.00,0.00,0,0.0,0.0,0.000,0.0,0,HAYIR,HAYIR
2026-08-18 11:00:13.588,0.00,0.00,0,0.0,0.0,0.000,0.0,0,HAYIR,HAYIR
2026-08-18 11:00:13.608,0.00,0.00,0,0.0,0.0,0.000,0.0,0,HAYIR,HAYIR
2026-08-18 11:00:13.628,0.00,0.00,0,0.0,0.0,0.000,0.0,0,HAYIR,HAYIR
2026-08-18 11:00:13.648,0.00,0.00,0,0.0,0.0,0.000,0.0,0,HAYIR,HAYIR
2026-08-18 11:00:13.668,0.00,0.00,0,0.0,0.0,0.000,0.0,0,HAYIR,HAYIR
2026-08-18 11:00:13.688,0.00,0.00,0,0.0,0.0,0.000,0.0,0,HAYIR,HAYIR
2026-08-18 11:00:13.708,0.00,0.00,0,0.0,0.0,0.000,0.0,0,HAYIR,HAYIR
2026-08-18 11:00:13.728,0.00,0.00,0,0.0,0.0,0.000,0.0,0,HAYIR,HAYIR
2026-08-18 11:00:13.748,0.00,0.00,0,0.0,0.0,0.000,0.0,0,HAYIR,HAYIR
2026-08-18 11:00:13.768,0.00,0.00,0,0.0,0.0,0.000,0.0,0,HAYIR,HAYIR
2026-08-18 11:00:13.788,0.00,0.00,0,0.0,0.0,0.000,0.0,0,HAYIR,HAYIR
2026-08-18 11:00:13.808,0.00,0.00,0,0.0,0.0,0.000,0.0,0,HAYIR,HAYIR
2026-08-18 11:00:13.828,0.00,0.00,0,0.0,0.0,0.000,0.0,0,HAYIR,HAYIR
2026-08-18 11:00:13.848,0.00,0.00,0,0.0,0.0,0.000,0.0,0,HAYIR,HAYIR
2026-08-18 11:00:13.868,0.00,0.00,0,0.0,0.0,0.000,0.0,0,HAYIR,HAYIR
2026-08-18 11:00:13.888,0.00,0.00,0,0.0,0.0,0.000,0.0,0,HAYIR,HAYIR
2026-08-18 11:00:13.908,0.00,0.00,0,0.0,0.0,0.000,0.0,0,HAYIR,HAYIR
2026-08-18 11:00:13.928,0.00,0.00,0,0.0,0.0,0.000,0.0,0,HAYIR,HAYIR
2026-08-18 11:00:13.948,0.00,0.00,0,0.0,0.0,0.000,0.0,0,HAYIR,HAYIR
2026-08-18 11:00:13.968,0.00,0.00,0,0.0,0.0,0.000,0.0,0,HAYIR,HAYIR
2026-08-18 11:00:13.988,0.00,0.00,0,0.0,0.0,0.000,0.0,0,HAYIR,HAYIR
2026-08-18 11:00:14.008,0.00,0.00,0,0.0,0.0,0.000,0.0,0,HAYIR,HAYIR
2026-08-18 11:00:14.028,0.00,0.00,0,0.0,0.0,0.000,0.0,0,HAYIR,HAYIR
2026-08-18 11:00:14.048,0.00,0.00,0,0.0,0.0,0.000,0.0,0,HAYIR,HAYIR
2026-08-18 11:00:14.068,0.00,0.00,0,0.0,0.0,0.000,0.0,0,HAYIR,HAYIR
2026-08-18 11:00:14.088,0.00,0.00,0,0.0,0.0,0.000,0.0,0,HAYIR,HAYIR
2026-08-18 11:00:14.108,0.00,0.00,0,0.0,0.0,0.000,0.0,0,HAYIR,HAYIR
2026-08-18 11:00:14.128,0.00,0.00,0,0.0,0.0,0.000,0.0,0,HAYIR,HAYIR
2026-08-18 11:00:14.148,0.00,0.00,0,0.0,0.0,0.000,0.0,0,HAYIR,HAYIR
2026-08-18 11:00:14.168,0.00,0.00,0,0.0,0.0,0.000,0.0,0,HAYIR,HAYIR
2026-08-18 11:00:14.188,0.00,0.00,0,0.0,0.0,0.000,0.0,0,HAYIR,HAYIR
2026-08-18 11:00:14.208,0.00,0.00,0,0.0,0.0,0.000,0.0,0,HAYIR,HAYIR
2026-08-18 11:00:14.228,0.00,0.00,0,0.0,0.0,0.000,0.0,0,HAYIR,HAYIR
2026-08-18 11:00:14.248,0.00,0.00,0,0.0,0.0,0.000,0.0,0,HAYIR,HAYIR
2026-08-18 11:00:14.268,0.00,0.00,0,0.0,0.0,0.000,0.0,0,HAYIR,HAYIR
2026-08-18 11:00:14.288,0.00,0.00,0,0.0,0.0,0.000,0.0,0,HAYIR,HAYIR
2026-08-18 11:00:14.308,0.00,0.00,0,0.0,0.0,0.000,0.0,0,HAYIR,HAYIR
2026-08-18 11:00:14.328,0.00,0.00,0,0.0,0.0,0.000,0.0,0,HAYIR,HAYIR
2026-08-18 11:00:14.348,0.00,0.00,0,0.0,0.0,0.000,0.0,0,HAYIR,HAYIR
2026-08-18 11:00:14.368,0.00,0.00,0,0.0,0.0,0.000,0.0,0,HAYIR,HAYIR
2026-08-18 11:00:14.388,0.00,0.00,0,0.0,0.0,0.000,0.0,0,HAYIR,HAYIR
2026-08-18 11:00:14.408,0.00,0.00,0,0.0,0.0,0.000,0.0,0,HAYIR,HAYIR
2026-08-18 11:00:14.428,0.00,0.00,0,0.0,0.0,0.000,0.0,0,HAYIR,HAYIR
2026-08-18 11:00:14.448,0.00,0.00,0,0.0,0.0,0.000,0.0,0,HAYIR,HAYIR
2026-08-18 11:00:14.468,0.00,0.00,0,0.0,0.0,0.000,0.0,0,HAYIR,HAYIR
2026-08-18 11:00:14.488,0.00,0.00,0,0.0,0.0,0.000,0.0,0,HAYIR,HAYIR
2026-08-18 11:00:14.508,0.00,0.00,0,0.0,0.0,0.000,0.0,0,HAYIR,HAYIR
2026-08-18 11:00:14.528,0.00,0.00,0,0.0,0.0,0.000,0.0,0,HAYIR,HAYIR
2026-08-18 11:00:14.548,0.00,0.00,0,0.0,0.0,0.000,0.0,0,HAYIR,HAYIR
2026-08-18 11:00:14.568,0.00,0.00,0,0.0,0.0,0.000,0.0,0,HAYIR,HAYIR
2026-08-18 11:00:14.588,0.00,0.00,0,0.0,0.0,0.000,0.0,0,HAYIR,HAYIR
2026-08-18 11:00:14.608,0.00,0.00,0,0.0,0.0,0.000,0.0,0,HAYIR,HAYIR
2026-08-18 11:00:14.628,0.00,0.00,0,0.0,0.0,0.000,0.0,0,HAYIR,HAYIR
2026-08-18 11:00:14.648,0.00,0.00,0,0.0,0.0,0.000,0.0,0,HAYIR,HAYIR
2026-08-18 11:00:14.668,0.00,0.00,0,0.0,0.0,0.000,0.0,0,HAYIR,HAYIR
2026-08-18 11:00:14.688,0.00,0.00,0,0.0,0.0,0.000,0.0,0,HAYIR,HAYIR
2026-08-18 11:00:14.708,0.00,0.00,0,0.0,0.0,0.000,0.0,0,HAYIR,HAYIR
2026-08-18 11:00:14.728,0.00,0.00,0,0.0,0.0,0.000,0.0,0,HAYIR,HAYIR
2026-08-18 11:00:14.748,0.00,0.00,0,0.0,0.0,0.000,0.0,0,HAYIR,HAYIR
2026-08-18 11:00:14.768,0.00,0.00,0,0.0,0.0,0.000,0.0,0,HAYIR,HAYIR
2026-08-18 11:00:14.788,0.00,0.00,0,0.0,0.0,0.000,0.0,0,HAYIR,HAYIR
2026-08-18 11:00:14.808,0.00,0.00,0,0.0,0.0,0.000,0.0,0,HAYIR,HAYIR
2026-08-18 11:00:14.828,0.00,0.00,0,0.0,0.0,0.000,0.0,0,HAYIR,HAYIR
2026-08-18 11:00:14.848,0.00,0.00,0,0.0,0.0,0.000,0.0,0,HAYIR,HAYIR
2026-08-18 11:00:14.868,0.00,0.00,0,0.0,0.0,0.000,0.0,0,HAYIR,HAYIR
2026-08-18 11:00:14.888,0.00,0.00,0,0.0,0.0,0.000,0.0,0,HAYIR,HAYIR
2026-08-18 11:00:14.908,0.00,0.00,0,0.0,0.0,0.000,0.0,0,HAYIR,HAYIR
2026-08-18 11:00:14.928,0.00,0.00,0,0.0,0.0,0.000,0.0,0,HAYIR,HAYIR
2026-08-18 11:00:14.948,0.00,0.00,0,0.0,0.0,0.000,0.0,0,HAYIR,HAYIR
2026-08-18 11:00:14.968,0.00,0.00,0,0.0,0.0,0.000,0.0,0,HAYIR,HAYIR
2026-08-18 11:00:14.988,0.00,0.00,0,0.0,0.0,0.000,0.0,0,HAYIR,HAYIR
2026-08-18 11:00:15.008,0.00,0.00,0,0.0,0.0,0.000,0.0,0,HAYIR,HAYIR
2026-08-18 11:00:15.028,0.00,0.00,0,0.0,0.0,0.000,0.0,0,HAYIR,HAYIR
2026-08-18 11:00:15.048,0.00,0.00,0,0.0,0.0,0.000,0.0,0,HAYIR,HAYIR
2026-08-18 11:00:15.068,0.00,0.00,0,0.0,0.0,0.000,0.0,0,HAYIR,HAYIR
2026-08-18 11:00:15.088,0.00,0.00,0,0.0,0.0,0.000,0.0,0,HAYIR,HAYIR
2026-08-18 11:00:15.108,0.00,0.00,0,0.0,0.0,0.000,0.0,0,HAYIR,HAYIR
2026-08-18 11:00:15.128,0.00,0.00,0,0.0,0.0,0.000,0.0,0,HAYIR,HAYIR
2026-08-18 11:00:15.148,0.00,0.00,0,0.0,0.0,0.000,0.0,0,HAYIR,HAYIR
2026-08-18 11:00:15.168,0.00,0.00,0,0.0,0.0,0.000,0.0,0,HAYIR,HAYIR
2026-08-18 11:00:15.188,0.00,0.00,0,0.0,0.0,0.000,0.0,0,HAYIR,HAYIR
2026-08-18 11:00:15.208,0.00,0.00,0,0.0,0.0,0.000,0.0,0,HAYIR,HAYIR
2026-08-18 11:00:15.228,0.00,0.00,0,0.0,0.0,0.000,0.0,0,HAYIR,HAYIR
2026-08-18 11:00:15.248,0.00,0.00,0,0.0,0.0,0.000,0.0,0,HAYIR,HAYIR
2026-08-18 11:00:15.268,0.00,0.00,0,0.0,0.0,0.000,0.0,0,HAYIR,HAYIR
2026-08-18 11:00:15.288,0.00,0.00,0,0.0,0.0,0.000,0.0,0,HAYIR,HAYIR
2026-08-18 11:00:15.308,0.00,0.00,0,0.0,0.0,0.000,0.0,0,HAYIR,HAYIR
2026-08-18 11:00:15.328,0.00,0.00,0,0.0,0.0,0.000,0.0,0,HAYIR,HAYIR
2026-08-18 11:00:15.348,0.00,0.00,0,0.0,0.0,0.000,0.0,0,HAYIR,HAYIR
2026-08-18 11:00:15.368,0.00,0.00,0,0.0,0.0,0.000,0.0,0,HAYIR,HAYIR
2026-08-18 11:00:15.388,0.00,0.00,0,0.0,0.0,0.000,0.0,0,HAYIR,HAYIR
2026-08-18 11:00:15.408,0.00,0.00,0,0.0,0.0,0.000,0.0,0,HAYIR,HAYIR
2026-08-18 11:00:15.428,0.00,0.00,0,0.0,0.0,0.000,0.0,0,HAYIR,HAYIR
2026-08-18 11:00:15.448,0.00,0.00,0,0.0,0.0,0.000,0.0,0,HAYIR,HAYIR
2026-08-18 11:00:15.468,0.00,0.00,0,0.0,0.0,0.000,0.0,0,HAYIR,HAYIR
2026-08-18 11:00:15.488,0.00,0.00,0,0.0,0.0,0.000,0.0,0,HAYIR,HAYIR
2026-08-18 11:00:15.508,0.00,0.00,0,0.0,0.0,0.000,0.0,0,HAYIR,HAYIR
2026-08-18 11:00:15.528,0.00,0.00,0,0.0,0.0,0.000,0.0,0,HAYIR,HAYIR
2026-08-18 11:00:15.548,0.00,0.00,0,0.0,0.0,0.000,0.0,0,HAYIR,HAYIR
2026-08-18 11:00:15.568,0.00,0.00,0,0.0,0.0,0.000,0.0,0,HAYIR,HAYIR
2026-08-18 11:00:15.588,0.00,0.00,0,0.0,0.0,0.000,0.0,0,HAYIR,HAYIR
2026-08-18 11:00:15.608,0.00,0.00,0,0.0,0.0,0.000,0.0,0,HAYIR,HAYIR
2026-08-18 11:00:15.628,0.00,0.00,0,0.0,0.0,0.000,0.0,0,HAYIR,HAYIR
2026-08-18 11:00:15.648,0.00,0.00,0,0.0,0.0,0.000,0.0,0,HAYIR,HAYIR
2026-08-18 11:00:15.668,0.00,0.00,0,0.0,0.0,0.000,0.0,0,HAYIR,HAYIR
2026-08-18 11:00:15.688,0.00,0.00,0,0.0,0.0,0.000,0.0,0,HAYIR,HAYIR
2026-08-18 11:00:15.708,0.00,0.00,0,0.0,0.0,0.000,0.0,0,HAYIR,HAYIR
2026-08-18 11:00:15.728,0.00,0.00,0,0.0,0.0,0.000,0.0,0,HAYIR,HAYIR
2026-08-18 11:00:15.748,0.00,0.00,0,0.0,0.0,0.000,0.0,0,HAYIR,HAYIR
2026-08-18 11:00:15.768,0.00,0.00,0,0.0,0.0,0.000,0.0,0,HAYIR,HAYIR
2026-08-18 11:00:15.788,0.00,0.00,0,0.0,0.0,0.000,0.0,0,HAYIR,HAYIR
2026-08-18 11:00:15.808,0.00,0.00,0,0.0,0.0,0.000,0.0,0,HAYIR,HAYIR
2026-08-18 11:00:15.828,0.00,0.00,0,0.0,0.0,0.000,0.0,0,HAYIR,HAYIR
2026-08-18 11:00:15.848,0.00,0.00,0,0.0,0.0,0.000,0.0,0,HAYIR,HAYIR
2026-08-18 11:00:15.868,0.00,0.00,0,0.0,0.0,0.000,0.0,0,HAYIR,HAYIR
2026-08-18 11:00:15.888,0.00,0.00,0,0.0,0.0,0.000,0.0,0,HAYIR,HAYIR
2026-08-18 11:00:15.908,0.00,0.00,0,0.0,0.0,0.000,0.0,0,HAYIR,HAYIR
2026-08-18 11:00:15.928,0.00,0.00,0,0.0,0.0,0.000,0.0,0,HAYIR,HAYIR
2026-08-18 11:00:15.948,0.00,0.00,0,0.0,0.0,0.000,0.0,0,HAYIR,HAYIR
2026-08-18 11:00:15.968,0.00,0.00,0,0.0,0.0,0.000,0.0,0,HAYIR,HAYIR
2026-08-18 11:00:15.988,0.00,0.00,0,0.0,0.0,0.000,0.0,0,HAYIR,HAYIR
2026-08-18 11:00:16.008,0.00,0.00,0,0.0,0.0,0.000,0.0,0,HAYIR,HAYIR
2026-08-18 11:00:16.028,0.00,0.00,0,0.0,0.0,0.000,0.0,0,HAYIR,HAYIR
2026-08-18 11:00:16.048,0.00,0.00,0,0.0,0.0,0.000,0.0,0,HAYIR,HAYIR
2026-08-18 11:00:16.068,0.00,0.00,0,0.0,0.0,0.000,0.0,0,HAYIR,HAYIR
2026-08-18 11:00:16.088,0.00,0.00,0,0.0,0.0,0.000,0.0,0,HAYIR,HAYIR
2026-08-18 11:00:16.108,0.00,0.00,0,0.0,0.0,0.000,0.0,0,HAYIR,HAYIR
2026-08-18 11:00:16.128,0.00,0.00,0,0.0,0.0,0.000,0.0,0,HAYIR,HAYIR
2026-08-18 11:00:16.148,0.00,0.00,0,0.0,0.0,0.000,0.0,0,HAYIR,HAYIR
2026-08-18 11:00:16.168,0.00,0.00,0,0.0,0.0,0.000,0.0,0,HAYIR,HAYIR
2026-08-18 11:00:16.188,0.00,0.00,0,0.0,0.0,0.000,0.0,0,HAYIR,HAYIR
2026-08-18 11:00:16.208,0.00,0.00,0,0.0,0.0,0.000,0.0,0,HAYIR,HAYIR
2026-08-18 11:00:16.228,0.00,0.00,0,0.0,0.0,0.000,0.0,0,HAYIR,HAYIR
2026-08-18 11:00:16.248,0.00,0.00,0,0.0,0.0,0.000,0.0,0,HAYIR,HAYIR
2026-08-18 11:00:16.268,0.00,0.00,0,0.0,0.0,0.000,0.0,0,HAYIR,HAYIR
2026-08-18 11:00:16.288,0.00,0.00,0,0.0,0.0,0.000,0.0,0,HAYIR,HAYIR
2026-08-18 11:00:16.308,0.00,0.00,0,0.0,0.0,0.000,0.0,0,HAYIR,HAYIR
2026-08-18 11:00:16.328,0.00,0.00,0,0.0,0.0,0.000,0.0,0,HAYIR,HAYIR
2026-08-18 11:00:16.348,0.00,0.00,0,0.0,0.0,0.000,0.0,0,HAYIR,HAYIR
2026-08-18 11:00:16.368,0.00,0.00,0,0.0,0.0,0.000,0.0,0,HAYIR,HAYIR
2026-08-18 11:00:16.388,0.00,0.00,0,0.0,0.0,0.000,0.0,0,HAYIR,HAYIR
2026-08-18 11:00:16.408,0.00,0.00,0,0.0,0.0,0.000,0.0,0,HAYIR,HAYIR
2026-08-18 11:00:16.428,0.00,0.00,0,0.0,0.0,0.000,0.0,0,HAYIR,HAYIR
2026-08-18 11:00:16.448,0.00,0.00,0,0.0,0.0,0.000,0.0,0,HAYIR,HAYIR
2026-08-18 11:00:16.468,0.00,0.00,0,0.0,0.0,0.000,0.0,0,HAYIR,HAYIR
2026-08-18 11:00:16.488,0.00,0.00,0,0.0,0.0,0.000,0.0,0,HAYIR,HAYIR
2026-08-18 11:00:16.508,0.00,0.00,0,0.0,0.0,0.000,0.0,0,HAYIR,HAYIR
2026-08-18 11:00:16.528,0.00,0.00,0,0.0,0.0,0.000,0.0,0,HAYIR,HAYIR
2026-08-18 11:00:16.548,0.00,0.00,0,0.0,0.0,0.000,0.0,0,HAYIR,HAYIR
2026-08-18 11:00:16.568,0.00,0.00,0,0.0,0.0,0.000,0.0,0,HAYIR,HAYIR
2026-08-18 11:00:16.588,0.00,0.00,0,0.0,0.0,0.000,0.0,0,HAYIR,HAYIR
2026-08-18 11:00:16.608,0.00,0.00,0,0.0,0.0,0.000,0.0,0,HAYIR,HAYIR
2026-08-18 11:00:16.628,0.00,0.00,0,0.0,0.0,0.000,0.0,0,HAYIR,HAYIR
2026-08-18 11:00:16.648,0.00,0.00,0,0.0,0.0,0.000,0.0,0,HAYIR,HAYIR
2026-08-18 11:00:16.668,0.00,0.00,0,0.0,0.0,0.000,0.0,0,HAYIR,HAYIR
2026-08-18 11:00:16.688,0.00,0.00,0,0.0,0.0,0.000,0.0,0,HAYIR,HAYIR
2026-08-18 11:00:16.708,0.00,0.00,0,0.0,0.0,0.000,0.0,0,HAYIR,HAYIR
2026-08-18 11:00:16.728,0.00,0.00,0,0.0,0.0,0.000,0.0,0,HAYIR,HAYIR
2026-08-18 11:00:16.748,0.00,0.00,0,0.0,0.0,0.000,0.0,0,HAYIR,HAYIR
2026-08-18 11:00:16.768,0.00,0.00,0,0.0,0.0,0.000,0.0,0,HAYIR,HAYIR
2026-08-18 11:00:16.788,0.00,0.00,0,0.0,0.0,0.000,0.0,0,HAYIR,HAYIR
2026-08-18 11:00:16.808,0.00,0.00,0,0.0,0.0,0.000,0.0,0,HAYIR,HAYIR
2026-08-18 11:00:16.828,0.00,0.00,0,0.0,0.0,0.000,0.0,0,HAYIR,HAYIR
2026-08-18 11:00:16.848,0.00,0.00,0,0.0,0.0,0.000,0.0,0,HAYIR,HAYIR
2026-08-18 11:00:16.868,0.00,0.00,0,0.0,0.0,0.000,0.0,0,HAYIR,HAYIR
2026-08-18 11:00:16.888,0.00,0.00,0,0.0,0.0,0.000,0.0,0,HAYIR,HAYIR
2026-08-18 11:00:16.908,0.00,0.00,0,0.0,0.0,0.000,0.0,0,HAYIR,HAYIR
2026-08-18 11:00:16.928,0.00,0.00,0,0.0,0.0,0.000,0.0,0,HAYIR,HAYIR
2026-08-18 11:00:16.948,0.00,0.00,0,0.0,0.0,0.000,0.0,0,HAYIR,HAYIR
2026-08-18 11:00:16.968,0.00,0.00,0,0.0,0.0,0.000,0.0,0,HAYIR,HAYIR
2026-08-18 11:00:16.988,0.00,0.00,0,0.0,0.0,0.000,0.0,0,HAYIR,HAYIR
2026-08-18 11:00:17.008,0.00,0.00,0,0.0,0.0,0.000,0.0,0,HAYIR,HAYIR
2026-08-18 11:00:17.028,0.00,0.00,0,0.0,0.0,0.000,0.0,0,HAYIR,HAYIR
2026-08-18 11:00:17.048,0.00,0.00,0,0.0,0.0,0.000,0.0,0,HAYIR,HAYIR
2026-08-18 11:00:17.068,0.00,0.00,0,0.0,0.0,0.000,0.0,0,HAYIR,HAYIR
2026-08-18 11:00:17.088,0.00,0.00,0,0.0,0.0,0.000,0.0,0,HAYIR,HAYIR
2026-08-18 11:00:17.108,0.00,0.00,0,0.0,0.0,0.000,0.0,0,HAYIR,HAYIR
2026-08-18 11:00:17.128,0.00,0.00,0,0.0,0.0,0.000,0.0,0,HAYIR,HAYIR
2026-08-18 11:00:17.148,0.00,0.00,0,0.0,0.0,0.000,0.0,0,HAYIR,HAYIR
2026-08-18 11:00:17.168,0.00,0.00,0,0.0,0.0,0.000,0.0,0,HAYIR,HAYIR
2026-08-18 11:00:17.188,0.00,0.00,0,0.0,0.0,0.000,0.0,0,HAYIR,HAYIR
2026-08-18 11:00:17.208,0.00,0.00,0,0.0,0.0,0.000,0.0,0,HAYIR,HAYIR
2026-08-18 11:00:17.228,0.00,0.00,0,0.0,0.0,0.000,0.0,0,HAYIR,HAYIR
2026-08-18 11:00:17.248,0.00,0.00,0,0.0,0.0,0.000,0.0,0,HAYIR,HAYIR
2026-08-18 11:00:17.268,0.00,0.00,0,0.0,0.0,0.000,0.0,0,HAYIR,HAYIR
2026-08-18 11:00:17.288,0.00,0.00,0,0.0,0.0,0.000,0.0,0,HAYIR,HAYIR
2026-08-18 11:00:17.308,0.00,0.00,0,0.0,0.0,0.000,0.0,0,HAYIR,HAYIR
2026-08-18 11:00:17.328,0.00,0.00,0,0.0,0.0,0.000,0.0,0,HAYIR,HAYIR
2026-08-18 11:00:17.348,0.00,0.00,0,0.0,0.0,0.000,0.0,0,HAYIR,HAYIR
2026-08-18 11:00:17.368,0.00,0.00,0,0.0,0.0,0.000,0.0,0,HAYIR,HAYIR
2026-08-18 11:00:17.388,0.00,0.00,0,0.0,0.0,0.000,0.0,0,HAYIR,HAYIR
2026-08-18 11:00:17.408,0.00,0.00,0,0.0,0.0,0.000,0.0,0,HAYIR,HAYIR
2026-08-18 11:00:17.428,0.00,0.00,0,0.0,0.0,0.000,0.0,0,HAYIR,HAYIR
2026-08-18 11:00:17.448,0.00,0.00,0,0.0,0.0,0.000,0.0,0,HAYIR,HAYIR
2026-08-18 11:00:17.468,0.00,0.00,0,0.0,0.0,0.000,0.0,0,HAYIR,HAYIR
2026-08-18 11:00:17.488,0.00,0.00,0,0.0,0.0,0.000,0.0,0,HAYIR,HAYIR
2026-08-18 11:00:17.508,0.00,0.00,0,0.0,0.0,0.000,0.0,0,HAYIR,HAYIR
2026-08-18 11:00:17.528,0.00,0.00,0,0.0,0.0,0.000,0.0,0,HAYIR,HAYIR
2026-08-18 11:00:17.548,0.00,0.00,0,0.0,0.0,0.000,0.0,0,HAYIR,HAYIR
2026-08-18 11:00:17.568,0.00,0.00,0,0.0,0.0,0.000,0.0,0,HAYIR,HAYIR
2026-08-18 11:00:17.588,0.00,0.00,0,0.0,0.0,0.000,0.0,0,HAYIR,HAYIR
2026-08-18 11:00:17.608,0.00,0.00,0,0.0,0.0,0.000,0.0,0,HAYIR,HAYIR
2026-08-18 11:00:17.628,0.00,0.00,0,0.0,0.0,0.000,0.0,0,HAYIR,HAYIR
2026-08-18 11:00:17.648,0.00,0.00,0,0.0,0.0,0.000,0.0,0,HAYIR,HAYIR
2026-08-18 11:00:17.668,0.00,0.00,0,0.0,0.0,0.000,0.0,0,HAYIR,HAYIR
2026-08-18 11:00:17.688,0.00,0.00,0,0.0,0.0,0.000,0.0,0,HAYIR,HAYIR
2026-08-18 11:00:17.708,0.00,0.00,0,0.0,0.0,0.000,0.0,0,HAYIR,HAYIR
2026-08-18 11:00:17.728,0.00,0.00,0,0.0,0.0,0.000,0.0,0,HAYIR,HAYIR
2026-08-18 11:00:17.748,0.00,0.00,0,0.0,0.0,0.000,0.0,0,HAYIR,HAYIR
2026-08-18 11:00:17.768,0.00,0.00,0,0.0,0.0,0.000,0.0,0,HAYIR,HAYIR
2026-08-18 11:00:17.788,0.00,0.00,0,0.0,0.0,0.000,0.0,0,HAYIR,HAYIR
2026-08-18 11:00:17.808,0.00,0.00,0,0.0,0.0,0.000,0.0,0,HAYIR,HAYIR
2026-08-18 11:00:17.828,0.00,0.00,0,0.0,0.0,0.000,0.0,0,HAYIR,HAYIR
2026-08-18 11:00:17.848,0.00,0.00,0,0.0,0.0,0.000,0.0,0,HAYIR,HAYIR
2026-08-18 11:00:17.868,0.00,0.00,0,0.0,0.0,0.000,0.0,0,HAYIR,HAYIR
2026-08-18 11:00:17.888,0.00,0.00,0,0.0,0.0,0.000,0.0,0,HAYIR,HAYIR
2026-08-18 11:00:17.908,0.00,0.00,0,0.0,0.0,0.000,0.0,0,HAYIR,HAYIR
2026-08-18 11:00:17.928,0.00,0.00,0,0.0,0.0,0.000,0.0,0,HAYIR,HAYIR
2026-08-18 11:00:17.948,0.00,0.00,0,0.0,0.0,0.000,0.0,0,HAYIR,HAYIR
2026-08-18 11:00:17.968,0.00,0.00,0,0.0,0.0,0.000,0.0,0,HAYIR,HAYIR
2026-08-18 11:00:17.988,0.00,0.00,0,0.0,0.0,0.000,0.0,0,HAYIR,HAYIR
2026-08-18 11:00:18.008,0.00,0.00,0,0.0,0.0,0.000,0.0,0,HAYIR,HAYIR
2026-08-18 11:00:18.028,0.00,0.00,0,0.0,0.0,0.000,0.0,0,HAYIR,HAYIR
2026-08-18 11:00:18.048,0.00,0.00,0,0.0,0.0,0.000,0.0,0,HAYIR,HAYIR
2026-08-18 11:00:18.068,0.00,0.00,0,0.0,0.0,0.000,0.0,0,HAYIR,HAYIR
2026-08-18 11:00:18.088,0.00,0.00,0,0.0,0.0,0.000,0.0,0,HAYIR,HAYIR
2026-08-18 11:00:18.108,0.00,0.00,0,0.0,0.0,0.000,0.0,0,HAYIR,HAYIR
2026-08-18 11:00:18.128,0.00,0.00,0,0.0,0.0,0.000,0.0,0,HAYIR,HAYIR
2026-08-18 11:00:18.148,0.00,0.00,0,0.0,0.0,0.000,0.0,0,HAYIR,HAYIR
2026-08-18 11:00:18.168,0.00,0.00,0,0.0,0.0,0.000,0.0,0,HAYIR,HAYIR
2026-08-18 11:00:18.188,0.00,0.00,0,0.0,0.0,0.000,0.0,0,HAYIR,HAYIR
2026-08-18 11:00:18.208,0.00,0.00,0,0.0,0.0,0.000,0.0,0,HAYIR,HAYIR
2026-08-18 11:00:18.228,0.00,0.00,0,0.0,0.0,0.000,0.0,0,HAYIR,HAYIR
2026-08-18 11:00:18.248,0.00,0.00,0,0.0,0.0,0.000,0.0,0,HAYIR,HAYIR
2026-08-18 11:00:18.268,0.00,0.00,0,0.0,0.0,0.000,0.0,0,HAYIR,HAYIR
2026-08-18 11:00:18.288,0.00,0.00,0,0.0,0.0,0.000,0.0,0,HAYIR,HAYIR
2026-08-18 11:00:18.308,0.00,0.00,0,0.0,0.0,0.000,0.0,0,HAYIR,HAYIR
2026-08-18 11:00:18.328,0.00,0.00,0,0.0,0.0,0.000,0.0,0,HAYIR,HAYIR
2026-08-18 11:00:18.348,0.00,0.00,0,0.0,0.0,0.000,0.0,0,HAYIR,HAYIR
2026-08-18 11:00:18.368,0.00,0.00,0,0.0,0.0,0.000,0.0,0,HAYIR,HAYIR
2026-08-18 11:00:18.388,0.00,0.00,0,0.0,0.0,0.000,0.0,0,HAYIR,HAYIR
2026-08-18 11:00:18.409,0.00,0.00,0,0.0,0.0,0.000,0.0,0,HAYIR,HAYIR
2026-08-18 11:00:18.428,0.00,0.00,0,0.0,0.0,0.000,0.0,0,HAYIR,HAYIR
2026-08-18 11:00:18.448,0.00,0.00,0,0.0,0.0,0.000,0.0,0,HAYIR,HAYIR
2026-08-18 11:00:18.468,0.00,0.00,0,0.0,0.0,0.000,0.0,0,HAYIR,HAYIR
2026-08-18 11:00:18.488,0.00,0.00,0,0.0,0.0,0.000,0.0,0,HAYIR,HAYIR
2026-08-18 11:00:18.508,0.00,0.00,0,0.0,0.0,0.000,0.0,0,HAYIR,HAYIR
2026-08-18 11:00:18.528,0.00,0.00,0,0.0,0.0,0.000,0.0,0,HAYIR,HAYIR
2026-08-18 11:00:18.548,0.00,0.00,0,0.0,0.0,0.000,0.0,0,HAYIR,HAYIR
2026-08-18 11:00:18.568,0.00,0.00,0,0.0,0.0,0.000,0.0,0,HAYIR,HAYIR
2026-08-18 11:00:18.588,0.00,0.00,0,0.0,0.0,0.000,0.0,0,HAYIR,HAYIR
2026-08-18 11:00:18.608,0.00,0.00,0,0.0,0.0,0.000,0.0,0,HAYIR,HAYIR
2026-08-18 11:00:18.628,0.00,0.00,0,0.0,0.0,0.000,0.0,0,HAYIR,HAYIR
2026-08-18 11:00:18.648,0.00,0.00,0,0.0,0.0,0.000,0.0,0,HAYIR,HAYIR
2026-08-18 11:00:18.668,0.00,0.00,0,0.0,0.0,0.000,0.0,0,HAYIR,HAYIR
2026-08-18 11:00:18.688,0.00,0.00,0,0.0,0.0,0.000,0.0,0,HAYIR,HAYIR
2026-08-18 11:00:18.708,0.00,0.00,0,0.0,0.0,0.000,0.0,0,HAYIR,HAYIR
2026-08-18 11:00:18.728,0.00,0.00,0,0.0,0.0,0.000,0.0,0,HAYIR,HAYIR
2026-08-18 11:00:18.748,0.00,0.00,0,0.0,0.0,0.000,0.0,0,HAYIR,HAYIR
2026-08-18 11:00:18.768,0.00,0.00,0,0.0,0.0,0.000,0.0,0,HAYIR,HAYIR
2026-08-18 11:00:18.788,0.00,0.00,0,0.0,0.0,0.000,0.0,0,HAYIR,HAYIR
2026-08-18 11:00:18.808,0.00,0.00,0,0.0,0.0,0.000,0.0,0,HAYIR,HAYIR
2026-08-18 11:00:18.828,0.00,0.00,0,0.0,0.0,0.000,0.0,0,HAYIR,HAYIR
2026-08-18 11:00:18.848,0.00,0.00,0,0.0,0.0,0.000,0.0,0,HAYIR,HAYIR
2026-08-18 11:00:18.868,0.00,0.00,0,0.0,0.0,0.000,0.0,0,HAYIR,HAYIR
2026-08-18 11:00:18.888,0.00,0.00,0,0.0,0.0,0.000,0.0,0,HAYIR,HAYIR
2026-08-18 11:00:18.908,0.00,0.00,0,0.0,0.0,0.000,0.0,0,HAYIR,HAYIR
2026-08-18 11:00:18.928,0.00,0.00,0,0.0,0.0,0.000,0.0,0,HAYIR,HAYIR
2026-08-18 11:00:18.948,0.00,0.00,0,0.0,0.0,0.000,0.0,0,HAYIR,HAYIR
2026-08-18 11:00:18.968,0.00,0.00,0,0.0,0.0,0.000,0.0,0,HAYIR,HAYIR
2026-08-18 11:00:18.988,0.00,0.00,0,0.0,0.0,0.000,0.0,0,HAYIR,HAYIR
2026-08-18 11:00:19.008,0.00,0.00,0,0.0,0.0,0.000,0.0,0,HAYIR,HAYIR
2026-08-18 11:00:19.028,0.00,0.00,0,0.0,0.0,0.000,0.0,0,HAYIR,HAYIR
2026-08-18 11:00:19.048,0.00,0.00,0,0.0,0.0,0.000,0.0,0,HAYIR,HAYIR
2026-08-18 11:00:19.068,0.00,0.00,0,0.0,0.0,0.000,0.0,0,HAYIR,HAYIR
2026-08-18 11:00:19.088,0.00,0.00,0,0.0,0.0,0.000,0.0,0,HAYIR,HAYIR
2026-08-18 11:00:19.108,0.00,0.00,0,0.0,0.0,0.000,0.0,0,HAYIR,HAYIR
2026-08-18 11:00:19.128,0.00,0.00,0,0.0,0.0,0.000,0.0,0,HAYIR,HAYIR
2026-08-18 11:00:19.148,0.00,0.00,0,0.0,0.0,0.000,0.0,0,HAYIR,HAYIR
2026-08-18 11:00:19.168,0.00,0.00,0,0.0,0.0,0.000,0.0,0,HAYIR,HAYIR
2026-08-18 11:00:19.188,0.00,0.00,0,0.0,0.0,0.000,0.0,0,HAYIR,HAYIR
2026-08-18 11:00:19.208,0.00,0.00,0,0.0,0.0,0.000,0.0,0,HAYIR,HAYIR
2026-08-18 11:00:19.228,0.00,0.00,0,0.0,0.0,0.000,0.0,0,HAYIR,HAYIR
2026-08-18 11:00:19.248,0.00,0.00,0,0.0,0.0,0.000,0.0,0,HAYIR,HAYIR
2026-08-18 11:00:19.268,0.00,0.00,0,0.0,0.0,0.000,0.0,0,HAYIR,HAYIR
2026-08-18 11:00:19.288,0.00,0.00,0,0.0,0.0,0.000,0.0,0,HAYIR,HAYIR
2026-08-18 11:00:19.308,0.00,0.00,0,0.0,0.0,0.000,0.0,0,HAYIR,HAYIR
2026-08-18 11:00:19.328,0.00,0.00,0,0.0,0.0,0.000,0.0,0,HAYIR,HAYIR
2026-08-18 11:00:19.348,0.00,0.00,0,0.0,0.0,0.000,0.0,0,HAYIR,HAYIR
2026-08-18 11:00:19.368,0.00,0.00,0,0.0,0.0,0.000,0.0,0,HAYIR,HAYIR
2026-08-18 11:00:19.388,0.00,0.00,0,0.0,0.0,0.000,0.0,0,HAYIR,HAYIR
2026-08-18 11:00:19.408,0.00,0.00,0,0.0,0.0,0.000,0.0,0,HAYIR,HAYIR
2026-08-18 11:00:19.428,0.00,0.00,0,0.0,0.0,0.000,0.0,0,HAYIR,HAYIR
2026-08-18 11:00:19.448,0.00,0.00,0,0.0,0.0,0.000,0.0,0,HAYIR,HAYIR
2026-08-18 11:00:19.468,0.00,0.00,0,0.0,0.0,0.000,0.0,0,HAYIR,HAYIR
2026-08-18 11:00:19.488,0.00,0.00,0,0.0,0.0,0.000,0.0,0,HAYIR,HAYIR
2026-08-18 11:00:19.508,0.00,0.00,0,0.0,0.0,0.000,0.0,0,HAYIR,HAYIR
2026-08-18 11:00:19.528,0.00,0.00,0,0.0,0.0,0.000,0.0,0,HAYIR,HAYIR
2026-08-18 11:00:19.548,0.00,0.00,0,0.0,0.0,0.000,0.0,0,HAYIR,HAYIR
2026-08-18 11:00:19.568,0.00,0.00,0,0.0,0.0,0.000,0.0,0,HAYIR,HAYIR
2026-08-18 11:00:19.588,0.00,0.00,0,0.0,0.0,0.000,0.0,0,HAYIR,HAYIR
2026-08-18 11:00:19.608,0.00,0.00,0,0.0,0.0,0.000,0.0,0,HAYIR,HAYIR
2026-08-18 11:00:19.628,0.00,0.00,0,0.0,0.0,0.000,0.0,0,HAYIR,HAYIR
2026-08-18 11:00:19.648,0.00,0.00,0,0.0,0.0,0.000,0.0,0,HAYIR,HAYIR
2026-08-18 11:00:19.668,0.00,0.00,0,0.0,0.0,0.000,0.0,0,HAYIR,HAYIR
2026-08-18 11:00:19.688,0.00,0.00,0,0.0,0.0,0.000,0.0,0,HAYIR,HAYIR
2026-08-18 11:00:19.708,0.00,0.00,0,0.0,0.0,0.000,0.0,0,HAYIR,HAYIR
2026-08-18 11:00:19.728,0.00,0.00,0,0.0,0.0,0.000,0.0,0,HAYIR,HAYIR
2026-08-18 11:00:19.748,0.00,0.00,0,0.0,0.0,0.000,0.0,0,HAYIR,HAYIR
2026-08-18 11:00:19.768,0.00,0.00,0,0.0,0.0,0.000,0.0,0,HAYIR,HAYIR
2026-08-18 11:00:19.788,0.00,0.00,0,0.0,0.0,0.000,0.0,0,HAYIR,HAYIR
2026-08-18 11:00:19.808,0.00,0.00,0,0.0,0.0,0.000,0.0,0,HAYIR,HAYIR
2026-08-18 11:00:19.828,0.00,0.00,0,0.0,0.0,0.000,0.0,0,HAYIR,HAYIR
2026-08-18 11:00:19.848,0.00,0.00,0,0.0,0.0,0.000,0.0,0,HAYIR,HAYIR
2026-08-18 11:00:19.868,0.00,0.00,0,0.0,0.0,0.000,0.0,0,HAYIR,HAYIR
2026-08-18 11:00:19.888,0.00,0.00,0,0.0,0.0,0.000,0.0,0,HAYIR,HAYIR
2026-08-18 11:00:19.908,0.00,0.00,0,0.0,0.0,0.000,0.0,0,HAYIR,HAYIR
2026-08-18 11:00:19.928,0.00,0.00,0,0.0,0.0,0.000,0.0,0,HAYIR,HAYIR
2026-08-18 11:00:19.948,0.00,0.00,0,0.0,0.0,0.000,0.0,0,HAYIR,HAYIR
2026-08-18 11:00:19.968,0.00,0.00,0,0.0,0.0,0.000,0.0,0,HAYIR,HAYIR
2026-08-18 11:00:19.988,0.00,0.00,0,0.0,0.0,0.000,0.0,0,HAYIR,HAYIR
2026-08-18 11:00:20.008,0.00,0.00,0,0.0,0.0,0.000,0.0,0,HAYIR,HAYIR
2026-08-18 11:00:20.028,0.00,0.00,0,0.0,0.0,0.000,0.0,0,HAYIR,HAYIR
2026-08-18 11:00:20.048,0.00,0.00,0,0.0,0.0,0.000,0.0,0,HAYIR,HAYIR
2026-08-18 11:00:20.068,0.00,0.00,0,0.0,0.0,0.000,0.0,0,HAYIR,HAYIR
2026-08-18 11:00:20.088,0.00,0.00,0,0.0,0.0,0.000,0.0,0,HAYIR,HAYIR
2026-08-18 11:00:20.108,0.00,0.00,0,0.0,0.0,0.000,0.0,0,HAYIR,HAYIR
2026-08-18 11:00:20.128,0.00,0.00,0,0.0,0.0,0.000,0.0,0,HAYIR,HAYIR
2026-08-18 11:00:20.148,0.00,0.00,0,0.0,0.0,0.000,0.0,0,HAYIR,HAYIR
2026-08-18 11:00:20.168,0.00,0.00,0,0.0,0.0,0.000,0.0,0,HAYIR,HAYIR
2026-08-18 11:00:20.188,0.00,0.00,0,0.0,0.0,0.000,0.0,0,HAYIR,HAYIR
2026-08-18 11:00:20.208,0.00,0.00,0,0.0,0.0,0.000,0.0,0,HAYIR,HAYIR
2026-08-18 11:00:20.228,0.00,0.00,0,0.0,0.0,0.000,0.0,0,HAYIR,HAYIR
2026-08-18 11:00:20.248,0.00,0.00,0,0.0,0.0,0.000,0.0,0,HAYIR,HAYIR
2026-08-18 11:00:20.268,0.00,0.00,0,0.0,0.0,0.000,0.0,0,HAYIR,HAYIR
2026-08-18 11:00:20.288,0.00,0.00,0,0.0,0.0,0.000,0.0,0,HAYIR,HAYIR
2026-08-18 11:00:20.308,0.00,0.00,0,0.0,0.0,0.000,0.0,0,HAYIR,HAYIR
2026-08-18 11:00:20.328,0.00,0.00,0,0.0,0.0,0.000,0.0,0,HAYIR,HAYIR
2026-08-18 11:00:20.348,0.00,0.00,0,0.0,0.0,0.000,0.0,0,HAYIR,HAYIR
2026-08-18 11:00:20.368,0.00,0.00,0,0.0,0.0,0.000,0.0,0,HAYIR,HAYIR
2026-08-18 11:00:20.388,0.00,0.00,0,0.0,0.0,0.000,0.0,0,HAYIR,HAYIR
2026-08-18 11:00:20.408,0.00,0.00,0,0.0,0.0,0.000,0.0,0,HAYIR,HAYIR
2026-08-18 11:00:20.428,0.00,0.00,0,0.0,0.0,0.000,0.0,0,HAYIR,HAYIR
2026-08-18 11:00:20.448,0.00,0.00,0,0.0,0.0,0.000,0.0,0,HAYIR,HAYIR
2026-08-18 11:00:20.468,0.00,0.00,0,0.0,0.0,0.000,0.0,0,HAYIR,HAYIR
2026-08-18 11:00:20.488,0.00,0.00,0,0.0,0.0,0.000,0.0,0,HAYIR,HAYIR
2026-08-18 11:00:20.508,0.00,0.00,0,0.0,0.0,0.000,0.0,0,HAYIR,HAYIR
2026-08-18 11:00:20.528,0.00,0.00,0,0.0,0.0,0.000,0.0,0,HAYIR,HAYIR
2026-08-18 11:00:20.548,0.00,0.00,0,0.0,0.0,0.000,0.0,0,HAYIR,HAYIR
2026-08-18 11:00:20.568,0.00,0.00,0,0.0,0.0,0.000,0.0,0,HAYIR,HAYIR
2026-08-18 11:00:20.588,0.00,0.00,0,0.0,0.0,0.000,0.0,0,HAYIR,HAYIR
2026-08-18 11:00:20.608,0.00,0.00,0,0.0,0.0,0.000,0.0,0,HAYIR,HAYIR
2026-08-18 11:00:20.628,0.00,0.00,0,0.0,0.0,0.000,0.0,0,HAYIR,HAYIR
2026-08-18 11:00:20.648,0.00,0.00,0,0.0,0.0,0.000,0.0,0,HAYIR,HAYIR
2026-08-18 11:00:20.668,0.00,0.00,0,0.0,0.0,0.000,0.0,0,HAYIR,HAYIR
2026-08-18 11:00:20.688,0.00,0.00,0,0.0,0.0,0.000,0.0,0,HAYIR,HAYIR
2026-08-18 11:00:20.708,0.00,0.00,0,0.0,0.0,0.000,0.0,0,HAYIR,HAYIR
2026-08-18 11:00:20.728,0.00,0.00,0,0.0,0.0,0.000,0.0,0,HAYIR,HAYIR
2026-08-18 11:00:20.748,0.00,0.00,0,0.0,0.0,0.000,0.0,0,HAYIR,HAYIR
2026-08-18 11:00:20.768,0.00,0.00,0,0.0,0.0,0.000,0.0,0,HAYIR,HAYIR
2026-08-18 11:00:20.788,0.00,0.00,0,0.0,0.0,0.000,0.0,0,HAYIR,HAYIR
2026-08-18 11:00:20.808,0.00,0.00,0,0.0,0.0,0.000,0.0,0,HAYIR,HAYIR
2026-08-18 11:00:20.828,0.00,0.00,0,0.0,0.0,0.000,0.0,0,HAYIR,HAYIR
2026-08-18 11:00:20.848,0.00,0.00,0,0.0,0.0,0.000,0.0,0,HAYIR,HAYIR
2026-08-18 11:00:20.868,0.00,0.00,0,0.0,0.0,0.000,0.0,0,HAYIR,HAYIR
2026-08-18 11:00:20.888,0.00,0.00,0,0.0,0.0,0.000,0.0,0,HAYIR,HAYIR
2026-08-18 11:00:20.908,0.00,0.00,0,0.0,0.0,0.000,0.0,0,HAYIR,HAYIR
2026-08-18 11:00:20.928,0.00,0.00,0,0.0,0.0,0.000,0.0,0,HAYIR,HAYIR
2026-08-18 11:00:20.948,0.00,0.00,0,0.0,0.0,0.000,0.0,0,HAYIR,HAYIR
2026-08-18 11:00:20.968,0.00,0.00,0,0.0,0.0,0.000,0.0,0,HAYIR,HAYIR
2026-08-18 11:00:20.988,0.00,0.00,0,0.0,0.0,0.000,0.0,0,HAYIR,HAYIR
2026-08-18 11:00:21.008,0.00,0.00,0,0.0,0.0,0.000,0.0,0,HAYIR,HAYIR
2026-08-18 11:00:21.028,0.00,0.00,0,0.0,0.0,0.000,0.0,0,HAYIR,HAYIR
2026-08-18 11:00:21.048,0.00,0.00,0,0.0,0.0,0.000,0.0,0,HAYIR,HAYIR
2026-08-18 11:00:21.068,0.00,0.00,0,0.0,0.0,0.000,0.0,0,HAYIR,HAYIR
2026-08-18 11:00:21.088,0.00,0.00,0,0.0,0.0,0.000,0.0,0,HAYIR,HAYIR
2026-08-18 11:00:21.108,0.00,0.00,0,0.0,0.0,0.000,0.0,0,HAYIR,HAYIR
2026-08-18 11:00:21.128,0.00,0.00,0,0.0,0.0,0.000,0.0,0,HAYIR,HAYIR
2026-08-18 11:00:21.148,0.00,0.00,0,0.0,0.0,0.000,0.0,0,HAYIR,HAYIR
2026-08-18 11:00:21.168,0.00,0.00,0,0.0,0.0,0.000,0.0,0,HAYIR,HAYIR
2026-08-18 11:00:21.188,0.00,0.00,0,0.0,0.0,0.000,0.0,0,HAYIR,HAYIR
2026-08-18 11:00:21.208,0.00,0.00,0,0.0,0.0,0.000,0.0,0,HAYIR,HAYIR
2026-08-18 11:00:21.228,0.00,0.00,0,0.0,0.0,0.000,0.0,0,HAYIR,HAYIR
2026-08-18 11:00:21.248,0.00,0.00,0,0.0,0.0,0.000,0.0,0,HAYIR,HAYIR
2026-08-18 11:00:21.268,0.00,0.00,0,0.0,0.0,0.000,0.0,0,HAYIR,HAYIR
2026-08-18 11:00:21.288,0.00,0.00,0,0.0,0.0,0.000,0.0,0,HAYIR,HAYIR
2026-08-18 11:00:21.308,0.00,0.00,0,0.0,0.0,0.000,0.0,0,HAYIR,HAYIR
2026-08-18 11:00:21.328,0.00,0.00,0,0.0,0.0,0.000,0.0,0,HAYIR,HAYIR
2026-08-18 11:00:21.348,0.00,0.00,0,0.0,0.0,0.000,0.0,0,HAYIR,HAYIR
2026-08-18 11:00:21.368,0.00,0.00,0,0.0,0.0,0.000,0.0,0,HAYIR,HAYIR
2026-08-18 11:00:21.388,0.00,0.00,0,0.0,0.0,0.000,0.0,0,HAYIR,HAYIR
2026-08-18 11:00:21.408,0.00,0.00,0,0.0,0.0,0.000,0.0,0,HAYIR,HAYIR
2026-08-18 11:00:21.428,0.00,0.00,0,0.0,0.0,0.000,0.0,0,HAYIR,HAYIR
2026-08-18 11:00:21.448,0.00,0.00,0,0.0,0.0,0.000,0.0,0,HAYIR,HAYIR
2026-08-18 11:00:21.468,0.00,0.00,0,0.0,0.0,0.000,0.0,0,HAYIR,HAYIR
2026-08-18 11:00:21.488,0.00,0.00,0,0.0,0.0,0.000,0.0,0,HAYIR,HAYIR
2026-08-18 11:00:21.508,0.00,0.00,0,0.0,0.0,0.000,0.0,0,HAYIR,HAYIR
2026-08-18 11:00:21.528,0.00,0.00,0,0.0,0.0,0.000,0.0,0,HAYIR,HAYIR
2026-08-18 11:00:21.548,0.00,0.00,0,0.0,0.0,0.000,0.0,0,HAYIR,HAYIR
2026-08-18 11:00:21.568,0.00,0.00,0,0.0,0.0,0.000,0.0,0,HAYIR,HAYIR
2026-08-18 11:00:21.588,0.00,0.00,0,0.0,0.0,0.000,0.0,0,HAYIR,HAYIR
2026-08-18 11:00:21.608,0.00,0.00,0,0.0,0.0,0.000,0.0,0,HAYIR,HAYIR
2026-08-18 11:00:21.628,0.00,0.00,0,0.0,0.0,0.000,0.0,0,HAYIR,HAYIR
2026-08-18 11:00:21.648,0.00,0.00,0,0.0,0.0,0.000,0.0,0,HAYIR,HAYIR
2026-08-18 11:00:21.668,0.00,0.00,0,0.0,0.0,0.000,0.0,0,HAYIR,HAYIR
2026-08-18 11:00:21.688,0.00,0.00,0,0.0,0.0,0.000,0.0,0,HAYIR,HAYIR
2026-08-18 11:00:21.708,0.00,0.00,0,0.0,0.0,0.000,0.0,0,HAYIR,HAYIR
2026-08-18 11:00:21.728,0.00,0.00,0,0.0,0.0,0.000,0.0,0,HAYIR,HAYIR
2026-08-18 11:00:21.748,0.00,0.00,0,0.0,0.0,0.000,0.0,0,HAYIR,HAYIR
2026-08-18 11:00:21.768,0.00,0.00,0,0.0,0.0,0.000,0.0,0,HAYIR,HAYIR
2026-08-18 11:00:21.789,0.00,0.00,0,0.0,0.0,0.000,0.0,0,HAYIR,HAYIR
2026-08-18 11:00:21.808,0.00,0.00,0,0.0,0.0,0.000,0.0,0,HAYIR,HAYIR
2026-08-18 11:00:21.828,0.00,0.00,0,0.0,0.0,0.000,0.0,0,HAYIR,HAYIR
2026-08-18 11:00:21.848,0.00,0.00,0,0.0,0.0,0.000,0.0,0,HAYIR,HAYIR
2026-08-18 11:00:21.868,0.00,0.00,0,0.0,0.0,0.000,0.0,0,HAYIR,HAYIR
2026-08-18 11:00:21.888,0.00,0.00,0,0.0,0.0,0.000,0.0,0,HAYIR,HAYIR
2026-08-18 11:00:21.908,0.00,0.00,0,0.0,0.0,0.000,0.0,0,HAYIR,HAYIR
2026-08-18 11:00:21.928,0.00,0.00,0,0.0,0.0,0.000,0.0,0,HAYIR,HAYIR
2026-08-18 11:00:21.948,0.00,0.00,0,0.0,0.0,0.000,0.0,0,HAYIR,HAYIR
2026-08-18 11:00:21.968,0.00,0.00,0,0.0,0.0,0.000,0.0,0,HAYIR,HAYIR
2026-08-18 11:00:21.988,0.00,0.00,0,0.0,0.0,0.000,0.0,0,HAYIR,HAYIR
2026-08-18 11:00:22.008,0.00,0.00,0,0.0,0.0,0.000,0.0,0,HAYIR,HAYIR
2026-08-18 11:00:22.028,0.00,0.00,0,0.0,0.0,0.000,0.0,0,HAYIR,HAYIR
2026-08-18 11:00:22.048,0.00,0.00,0,0.0,0.0,0.000,0.0,0,HAYIR,HAYIR
2026-08-18 11:00:22.068,0.00,0.00,0,0.0,0.0,0.000,0.0,0,HAYIR,HAYIR
2026-08-18 11:00:22.088,0.00,0.00,0,0.0,0.0,0.000,0.0,0,HAYIR,HAYIR
2026-08-18 11:00:22.108,0.00,0.00,0,0.0,0.0,0.000,0.0,0,HAYIR,HAYIR
2026-08-18 11:00:22.128,0.00,0.00,0,0.0,0.0,0.000,0.0,0,HAYIR,HAYIR
2026-08-18 11:00:22.148,0.00,0.00,0,0.0,0.0,0.000,0.0,0,HAYIR,HAYIR
2026-08-18 11:00:22.168,0.00,0.00,0,0.0,0.0,0.000,0.0,0,HAYIR,HAYIR
2026-08-18 11:00:22.188,0.00,0.00,0,0.0,0.0,0.000,0.0,0,HAYIR,HAYIR
2026-08-18 11:00:22.208,0.00,0.00,0,0.0,0.0,0.000,0.0,0,HAYIR,HAYIR
2026-08-18 11:00:22.228,0.00,0.00,0,0.0,0.0,0.000,0.0,0,HAYIR,HAYIR
2026-08-18 11:00:22.248,0.00,0.00,0,0.0,0.0,0.000,0.0,0,HAYIR,HAYIR
2026-08-18 11:00:22.268,0.00,0.00,0,0.0,0.0,0.000,0.0,0,HAYIR,HAYIR
2026-08-18 11:00:22.288,0.00,0.00,0,0.0,0.0,0.000,0.0,0,HAYIR,HAYIR
2026-08-18 11:00:22.308,0.00,0.00,0,0.0,0.0,0.000,0.0,0,HAYIR,HAYIR
2026-08-18 11:00:22.328,0.00,0.00,0,0.0,0.0,0.000,0.0,0,HAYIR,HAYIR
2026-08-18 11:00:22.348,0.00,0.00,0,0.0,0.0,0.000,0.0,0,HAYIR,HAYIR
2026-08-18 11:00:22.368,0.00,0.00,0,0.0,0.0,0.000,0.0,0,HAYIR,HAYIR
2026-08-18 11:00:22.388,0.00,0.00,0,0.0,0.0,0.000,0.0,0,HAYIR,HAYIR
2026-08-18 11:00:22.408,0.00,0.00,0,0.0,0.0,0.000,0.0,0,HAYIR,HAYIR
2026-08-18 11:00:22.428,0.00,0.00,0,0.0,0.0,0.000,0.0,0,HAYIR,HAYIR
2026-08-18 11:00:22.448,0.00,0.00,0,0.0,0.0,0.000,0.0,0,HAYIR,HAYIR
2026-08-18 11:00:22.470,0.00,0.00,0,0.0,0.0,0.000,0.0,0,HAYIR,HAYIR
2026-08-18 11:00:22.489,0.00,0.00,0,0.0,0.0,0.000,0.0,0,HAYIR,HAYIR
2026-08-18 11:00:22.509,0.00,0.00,0,0.0,0.0,0.000,0.0,0,HAYIR,HAYIR
2026-08-18 11:00:22.528,0.00,0.00,0,0.0,0.0,0.000,0.0,0,HAYIR,HAYIR
2026-08-18 11:00:22.548,0.00,0.00,0,0.0,0.0,0.000,0.0,0,HAYIR,HAYIR
2026-08-18 11:00:22.568,0.00,0.00,0,0.0,0.0,0.000,0.0,0,HAYIR,HAYIR
2026-08-18 11:00:22.588,0.00,0.00,0,0.0,0.0,0.000,0.0,0,HAYIR,HAYIR
2026-08-18 11:00:22.608,0.00,0.00,0,0.0,0.0,0.000,0.0,0,HAYIR,HAYIR
2026-08-18 11:00:22.628,0.00,0.00,0,0.0,0.0,0.000,0.0,0,HAYIR,HAYIR
2026-08-18 11:00:22.648,0.00,0.00,0,0.0,0.0,0.000,0.0,0,HAYIR,HAYIR
2026-08-18 11:00:22.668,0.00,0.00,0,0.0,0.0,0.000,0.0,0,HAYIR,HAYIR
2026-08-18 11:00:22.688,0.00,0.00,0,0.0,0.0,0.000,0.0,0,HAYIR,HAYIR
2026-08-18 11:00:22.708,0.00,0.00,0,0.0,0.0,0.000,0.0,0,HAYIR,HAYIR
2026-08-18 11:00:22.728,0.00,0.00,0,0.0,0.0,0.000,0.0,0,HAYIR,HAYIR
2026-08-18 11:00:22.748,0.00,0.00,0,0.0,0.0,0.000,0.0,0,HAYIR,HAYIR
2026-08-18 11:00:22.768,0.00,0.00,0,0.0,0.0,0.000,0.0,0,HAYIR,HAYIR
2026-08-18 11:00:22.788,0.00,0.00,0,0.0,0.0,0.000,0.0,0,HAYIR,HAYIR
2026-08-18 11:00:22.808,0.00,0.00,0,0.0,0.0,0.000,0.0,0,HAYIR,HAYIR
2026-08-18 11:00:22.828,0.00,0.00,0,0.0,0.0,0.000,0.0,0,HAYIR,HAYIR
2026-08-18 11:00:22.848,0.00,0.00,0,0.0,0.0,0.000,0.0,0,HAYIR,HAYIR
2026-08-18 11:00:22.868,0.00,0.00,0,0.0,0.0,0.000,0.0,0,HAYIR,HAYIR
2026-08-18 11:00:22.888,0.00,0.00,0,0.0,0.0,0.000,0.0,0,HAYIR,HAYIR
2026-08-18 11:00:22.908,0.00,0.00,0,0.0,0.0,0.000,0.0,0,HAYIR,HAYIR
2026-08-18 11:00:22.928,0.00,0.00,0,0.0,0.0,0.000,0.0,0,HAYIR,HAYIR
2026-08-18 11:00:22.948,0.00,0.00,0,0.0,0.0,0.000,0.0,0,HAYIR,HAYIR
2026-08-18 11:00:22.968,0.00,0.00,0,0.0,0.0,0.000,0.0,0,HAYIR,HAYIR
2026-08-18 11:00:22.988,0.00,0.00,0,0.0,0.0,0.000,0.0,0,HAYIR,HAYIR
2026-08-18 11:00:23.008,0.00,0.00,0,0.0,0.0,0.000,0.0,0,HAYIR,HAYIR
2026-08-18 11:00:23.028,0.00,0.00,0,0.0,0.0,0.000,0.0,0,HAYIR,HAYIR
2026-08-18 11:00:23.048,0.00,0.00,0,0.0,0.0,0.000,0.0,0,HAYIR,HAYIR
2026-08-18 11:00:23.068,0.00,0.00,0,0.0,0.0,0.000,0.0,0,HAYIR,HAYIR
2026-08-18 11:00:23.088,0.00,0.00,0,0.0,0.0,0.000,0.0,0,HAYIR,HAYIR
2026-08-18 11:00:23.108,0.00,0.00,0,0.0,0.0,0.000,0.0,0,HAYIR,HAYIR
2026-08-18 11:00:23.128,0.00,0.00,0,0.0,0.0,0.000,0.0,0,HAYIR,HAYIR
2026-08-18 11:00:23.148,0.00,0.00,0,0.0,0.0,0.000,0.0,0,HAYIR,HAYIR
2026-08-18 11:00:23.168,0.00,0.00,0,0.0,0.0,0.000,0.0,0,HAYIR,HAYIR
2026-08-18 11:00:23.188,0.00,0.00,0,0.0,0.0,0.000,0.0,0,HAYIR,HAYIR
2026-08-18 11:00:23.208,0.00,0.00,0,0.0,0.0,0.000,0.0,0,HAYIR,HAYIR
2026-08-18 11:00:23.228,0.00,0.00,0,0.0,0.0,0.000,0.0,0,HAYIR,HAYIR
2026-08-18 11:00:23.248,0.00,0.00,0,0.0,0.0,0.000,0.0,0,HAYIR,HAYIR
2026-08-18 11:00:23.268,0.00,0.00,0,0.0,0.0,0.000,0.0,0,HAYIR,HAYIR
2026-08-18 11:00:23.288,0.00,0.00,0,0.0,0.0,0.000,0.0,0,HAYIR,HAYIR
2026-08-18 11:00:23.308,0.00,0.00,0,0.0,0.0,0.000,0.0,0,HAYIR,HAYIR
2026-08-18 11:00:23.328,0.00,0.00,0,0.0,0.0,0.000,0.0,0,HAYIR,HAYIR
2026-08-18 11:00:23.348,0.00,0.00,0,0.0,0.0,0.000,0.0,0,HAYIR,HAYIR
2026-08-18 11:00:23.368,0.00,0.00,0,0.0,0.0,0.000,0.0,0,HAYIR,HAYIR
2026-08-18 11:00:23.388,0.00,0.00,0,0.0,0.0,0.000,0.0,0,HAYIR,HAYIR
2026-08-18 11:00:23.408,0.00,0.00,0,0.0,0.0,0.000,0.0,0,HAYIR,HAYIR
2026-08-18 11:00:23.428,0.00,0.00,0,0.0,0.0,0.000,0.0,0,HAYIR,HAYIR
2026-08-18 11:00:23.448,0.00,0.00,0,0.0,0.0,0.000,0.0,0,HAYIR,HAYIR
2026-08-18 11:00:23.468,0.00,0.00,0,0.0,0.0,0.000,0.0,0,HAYIR,HAYIR
2026-08-18 11:00:23.488,0.00,0.00,0,0.0,0.0,0.000,0.0,0,HAYIR,HAYIR
2026-08-18 11:00:23.508,0.00,0.00,0,0.0,0.0,0.000,0.0,0,HAYIR,HAYIR
2026-08-18 11:00:23.528,0.00,0.00,0,0.0,0.0,0.000,0.0,0,HAYIR,HAYIR
2026-08-18 11:00:23.548,0.00,0.00,0,0.0,0.0,0.000,0.0,0,HAYIR,HAYIR
2026-08-18 11:00:23.568,0.00,0.00,0,0.0,0.0,0.000,0.0,0,HAYIR,HAYIR
2026-08-18 11:00:23.588,0.00,0.00,0,0.0,0.0,0.000,0.0,0,HAYIR,HAYIR
