Timestamp,HedefLinX_m_s,AnlikHiz_m_s,MotorGucu,TurnBoost,StallBoost,HedefAngZ_rad_s,HedefAci_deg,YayinAci_deg,Fren,GeriVites
2026-08-19 19:14:07.494,0.79,0.00,28,0.0,0.0,0.163,-95.7,-1,HAYIR,HAYIR
2026-08-19 19:14:07.554,0.79,0.00,29,0.0,0.1,0.163,-95.8,-2,HAYIR,HAYIR
2026-08-19 19:14:07.614,0.79,0.00,29,0.0,0.2,0.163,-95.8,-4,HAYIR,HAYIR
2026-08-19 19:14:07.674,0.79,0.00,29,0.0,0.3,0.164,-96.0,-6,HAYIR,HAYIR
2026-08-19 19:14:07.734,0.79,0.00,29,0.0,0.3,0.164,-96.2,-7,HAYIR,HAYIR
2026-08-19 19:14:07.794,0.79,0.00,29,0.0,0.4,0.164,-96.2,-9,HAYIR,HAYIR
2026-08-19 19:14:07.854,0.79,0.00,29,0.0,0.5,0.164,-96.1,-11,HAYIR,HAYIR
2026-08-19 19:14:07.914,0.79,0.00,29,0.0,0.6,0.164,-96.2,-12,HAYIR,HAYIR
2026-08-19 19:14:07.974,0.79,0.00,30,0.0,0.6,0.164,-96.2,-14,HAYIR,HAYIR
2026-08-19 19:14:08.034,0.79,0.00,30,0.0,0.7,0.164,-96.3,-16,HAYIR,HAYIR
2026-08-19 19:14:08.094,0.79,0.00,30,0.0,0.8,0.164,-96.4,-17,HAYIR,HAYIR
2026-08-19 19:14:08.154,0.79,0.00,30,0.0,0.9,0.165,-96.6,-19,HAYIR,HAYIR
2026-08-19 19:14:08.214,0.79,0.00,30,0.0,1.0,0.165,-96.6,-21,HAYIR,HAYIR
2026-08-19 19:14:08.274,0.79,0.00,30,0.0,1.0,0.165,-96.6,-22,HAYIR,HAYIR
2026-08-19 19:14:08.334,0.79,0.00,31,0.0,1.1,0.165,-96.8,-24,HAYIR,HAYIR
2026-08-19 19:14:08.394,0.79,0.00,31,0.0,1.2,0.165,-96.9,-26,HAYIR,HAYIR
2026-08-19 19:14:08.454,0.78,0.00,31,0.0,1.3,0.166,-97.0,-27,HAYIR,HAYIR
2026-08-19 19:14:08.514,0.78,0.02,30,0.0,1.4,0.166,-97.1,-29,HAYIR,HAYIR
2026-08-19 19:14:08.574,0.78,0.02,31,0.0,1.4,0.166,-97.2,-31,HAYIR,HAYIR
2026-08-19 19:14:08.634,0.78,0.02,31,0.0,1.5,0.166,-97.2,-32,HAYIR,HAYIR
2026-08-19 19:14:08.694,0.78,0.02,32,0.0,1.6,0.166,-97.3,-34,HAYIR,HAYIR
2026-08-19 19:14:08.754,0.78,0.02,32,0.0,1.7,0.166,-97.5,-36,HAYIR,HAYIR
2026-08-19 19:14:08.814,0.78,0.02,32,0.0,1.7,0.166,-97.5,-38,HAYIR,HAYIR
2026-08-19 19:14:08.874,0.80,0.04,32,0.0,1.8,0.169,-97.5,-39,HAYIR,HAYIR
2026-08-19 19:14:08.934,0.80,0.04,32,0.0,1.9,0.168,-97.2,-41,HAYIR,HAYIR
2026-08-19 19:14:08.994,0.80,0.04,32,0.0,2.0,0.168,-97.2,-43,HAYIR,HAYIR
2026-08-19 19:14:09.054,0.80,0.04,33,0.0,2.1,0.168,-97.3,-44,HAYIR,HAYIR
2026-08-19 19:14:09.114,0.80,0.04,33,0.0,2.1,0.168,-97.2,-46,HAYIR,HAYIR
2026-08-19 19:14:09.174,0.79,0.08,32,0.0,2.2,0.168,-97.4,-48,HAYIR,HAYIR
2026-08-19 19:14:09.234,0.79,0.08,33,0.0,2.3,0.168,-97.6,-49,HAYIR,HAYIR
2026-08-19 19:14:09.294,0.79,0.08,33,0.0,2.4,0.168,-97.3,-51,HAYIR,HAYIR
2026-08-19 19:14:09.354,0.79,0.08,33,0.1,2.4,0.167,-97.3,-53,HAYIR,HAYIR
2026-08-19 19:14:09.414,0.79,0.08,33,0.1,2.5,0.167,-97.2,-54,HAYIR,HAYIR
2026-08-19 19:14:09.474,0.79,0.08,33,0.1,2.6,0.167,-97.3,-56,HAYIR,HAYIR
2026-08-19 19:14:09.534,0.79,0.08,33,0.1,2.7,0.166,-97.0,-58,HAYIR,HAYIR
2026-08-19 19:14:09.594,0.79,0.11,31,0.1,0.0,0.166,-96.8,-59,HAYIR,HAYIR
2026-08-19 19:14:09.654,0.79,0.11,31,0.1,0.0,0.165,-96.7,-61,HAYIR,HAYIR
2026-08-19 19:14:09.714,0.79,0.11,31,0.1,0.0,0.164,-96.3,-63,HAYIR,HAYIR
2026-08-19 19:14:09.774,0.80,0.11,31,0.1,0.0,0.165,-95.5,-64,HAYIR,HAYIR
2026-08-19 19:14:09.834,0.80,0.11,31,0.1,0.0,0.177,-101.8,-66,HAYIR,HAYIR
2026-08-19 19:14:09.894,0.80,0.17,31,0.1,0.0,0.176,-101.4,-68,HAYIR,HAYIR
2026-08-19 19:14:09.954,0.79,0.17,31,0.1,0.0,0.174,-100.8,-69,HAYIR,HAYIR
2026-08-19 19:14:10.014,0.79,0.17,31,0.1,0.0,0.173,-100.1,-71,HAYIR,HAYIR
2026-08-19 19:14:10.074,0.79,0.17,31,0.1,0.0,0.170,-98.8,-73,HAYIR,HAYIR
2026-08-19 19:14:10.134,0.79,0.17,31,0.1,0.0,0.168,-98.0,-74,HAYIR,HAYIR
2026-08-19 19:14:10.194,0.79,0.25,28,0.1,0.0,0.166,-97.3,-76,HAYIR,HAYIR
2026-08-19 19:14:10.254,0.80,0.25,31,0.2,0.0,0.165,-95.6,-78,HAYIR,HAYIR
2026-08-19 19:14:10.314,0.79,0.25,31,0.2,0.0,0.165,-95.5,-80,HAYIR,HAYIR
2026-08-19 19:14:10.374,0.79,0.25,31,0.2,0.0,0.159,-92.5,-81,HAYIR,HAYIR
2026-08-19 19:14:10.434,0.79,0.25,31,0.2,0.0,0.155,-91.1,-83,HAYIR,HAYIR
2026-08-19 19:14:10.494,0.79,0.25,31,0.2,0.0,0.154,-90.2,-85,HAYIR,HAYIR
2026-08-19 19:14:10.554,0.80,0.31,31,0.2,0.0,0.151,-87.9,-86,HAYIR,HAYIR
2026-08-19 19:14:10.614,0.80,0.31,31,0.2,0.0,0.150,-87.2,-87,HAYIR,HAYIR
2026-08-19 19:14:10.674,0.79,0.31,31,0.2,0.0,0.143,-84.0,-86,HAYIR,HAYIR
2026-08-19 19:14:10.734,0.79,0.31,31,0.2,0.0,0.139,-82.2,-84,HAYIR,HAYIR
2026-08-19 19:14:10.794,0.79,0.31,32,0.2,0.0,0.137,-81.3,-82,HAYIR,HAYIR
2026-08-19 19:14:10.854,0.80,0.39,31,0.2,0.0,0.135,-79.1,-81,HAYIR,HAYIR
2026-08-19 19:14:10.914,0.79,0.39,31,0.2,0.0,0.133,-77.9,-79,HAYIR,HAYIR
2026-08-19 19:14:10.974,0.78,0.39,31,0.2,0.0,0.090,-54.2,-77,HAYIR,HAYIR
2026-08-19 19:14:11.034,0.79,0.39,32,0.1,0.0,0.085,-50.5,-75,HAYIR,HAYIR
2026-08-19 19:14:11.094,0.79,0.39,32,0.1,0.0,0.082,-48.5,-74,HAYIR,HAYIR
2026-08-19 19:14:11.154,0.79,0.39,32,0.1,0.0,0.074,-44.6,-72,HAYIR,HAYIR
2026-08-19 19:14:11.214,0.79,0.43,30,0.1,0.0,0.072,-43.0,-70,HAYIR,HAYIR
2026-08-19 19:14:11.274,0.80,0.43,32,0.1,0.0,0.063,-37.4,-69,HAYIR,HAYIR
2026-08-19 19:14:11.334,0.79,0.43,31,0.1,0.0,0.054,-32.2,-67,HAYIR,HAYIR
2026-08-19 19:14:11.394,0.79,0.43,32,0.1,0.0,0.052,-30.9,-65,HAYIR,HAYIR
2026-08-19 19:14:11.454,0.79,0.43,32,0.1,0.0,0.046,-27.5,-64,HAYIR,HAYIR
2026-08-19 19:14:11.514,0.79,0.43,32,0.1,0.0,0.043,-26.1,-62,HAYIR,HAYIR
2026-08-19 19:14:11.574,0.79,0.47,32,0.1,0.0,0.037,-22.1,-60,HAYIR,HAYIR
2026-08-19 19:14:11.634,0.79,0.47,31,0.1,0.0,0.032,-19.5,-59,HAYIR,HAYIR
2026-08-19 19:14:11.694,0.79,0.47,32,0.1,0.0,0.030,-18.3,-57,HAYIR,HAYIR
2026-08-19 19:14:11.754,0.78,0.47,32,0.1,0.0,0.000,-0.0,-55,HAYIR,HAYIR
2026-08-19 19:14:11.814,0.80,0.47,32,0.1,0.0,0.000,-0.0,-54,HAYIR,HAYIR
2026-08-19 19:14:11.874,0.79,0.50,32,0.1,0.0,0.000,-0.0,-52,HAYIR,HAYIR
2026-08-19 19:14:11.934,0.79,0.50,32,0.0,0.0,0.000,-0.0,-50,HAYIR,HAYIR
2026-08-19 19:14:11.994,0.78,0.50,32,0.0,0.0,0.000,-0.0,-49,HAYIR,HAYIR
2026-08-19 19:14:12.054,0.79,0.50,32,0.0,0.0,0.000,-0.0,-47,HAYIR,HAYIR
2026-08-19 19:14:12.114,0.79,0.50,32,0.0,0.0,0.000,-0.0,-45,HAYIR,HAYIR
2026-08-19 19:14:12.174,0.79,0.53,30,0.0,0.0,0.000,-0.0,-44,HAYIR,HAYIR
2026-08-19 19:14:12.234,0.80,0.53,32,0.0,0.0,0.000,-0.0,-42,HAYIR,HAYIR
2026-08-19 19:14:12.294,0.79,0.53,32,0.0,0.0,0.000,-0.0,-40,HAYIR,HAYIR
2026-08-19 19:14:12.354,0.79,0.53,32,0.0,0.0,0.000,-0.0,-39,HAYIR,HAYIR
2026-08-19 19:14:12.414,0.79,0.53,32,0.0,0.0,0.000,-0.0,-37,HAYIR,HAYIR
2026-08-19 19:14:12.474,0.80,0.53,32,0.0,0.0,0.000,-0.0,-35,HAYIR,HAYIR
2026-08-19 19:14:12.534,0.79,0.55,32,0.0,0.0,0.000,-0.0,-33,HAYIR,HAYIR
2026-08-19 19:14:12.594,0.79,0.55,32,0.0,0.0,0.000,-0.0,-32,HAYIR,HAYIR
2026-08-19 19:14:12.654,0.78,0.55,32,0.0,0.0,0.000,-0.0,-30,HAYIR,HAYIR
2026-08-19 19:14:12.714,0.80,0.55,32,0.0,0.0,0.000,-0.0,-28,HAYIR,HAYIR
2026-08-19 19:14:12.774,0.79,0.55,32,0.0,0.0,0.000,-0.0,-27,HAYIR,HAYIR
2026-08-19 19:14:12.834,0.79,0.55,32,0.0,0.0,0.000,-0.0,-25,HAYIR,HAYIR
2026-08-19 19:14:12.894,0.78,0.56,32,0.0,0.0,0.000,-0.0,-23,HAYIR,HAYIR
2026-08-19 19:14:12.954,0.79,0.56,32,0.0,0.0,0.000,-0.0,-22,HAYIR,HAYIR
2026-08-19 19:14:13.014,0.79,0.56,32,0.0,0.0,0.000,-0.0,-20,HAYIR,HAYIR
2026-08-19 19:14:13.074,0.79,0.56,32,0.0,0.0,0.000,-0.0,-18,HAYIR,HAYIR
2026-08-19 19:14:13.134,0.80,0.56,32,0.0,0.0,0.000,-0.0,-17,HAYIR,HAYIR
2026-08-19 19:14:13.194,0.80,0.56,32,0.0,0.0,0.000,-0.0,-15,HAYIR,HAYIR
2026-08-19 19:14:13.254,0.79,0.57,32,0.0,0.0,0.000,-0.0,-13,HAYIR,HAYIR
2026-08-19 19:14:13.314,0.79,0.57,32,0.0,0.0,0.000,-0.0,-12,HAYIR,HAYIR
2026-08-19 19:14:13.374,0.78,0.57,32,0.0,0.0,0.000,-0.0,-10,HAYIR,HAYIR
2026-08-19 19:14:13.434,0.79,0.57,32,0.0,0.0,0.000,-0.0,-8,HAYIR,HAYIR
2026-08-19 19:14:13.494,0.79,0.57,32,0.0,0.0,0.000,-0.0,-7,HAYIR,HAYIR
2026-08-19 19:14:13.554,0.79,0.59,32,0.0,0.0,0.000,-0.0,-5,HAYIR,HAYIR
2026-08-19 19:14:13.614,0.79,0.59,32,0.0,0.0,0.000,-0.0,-3,HAYIR,HAYIR
2026-08-19 19:14:13.674,0.79,0.59,32,0.0,0.0,0.000,-0.0,-2,HAYIR,HAYIR
2026-08-19 19:14:13.734,0.79,0.59,32,0.0,0.0,0.000,-0.0,0,HAYIR,HAYIR
2026-08-19 19:14:13.794,0.79,0.59,32,0.0,0.0,0.000,-0.0,0,HAYIR,HAYIR
2026-08-19 19:14:13.854,0.80,0.62,31,0.0,0.0,0.000,-0.0,0,HAYIR,HAYIR
2026-08-19 19:14:13.914,0.79,0.62,32,0.0,0.0,0.000,-0.0,0,HAYIR,HAYIR
2026-08-19 19:14:13.974,0.79,0.62,32,0.0,0.0,0.000,-0.0,0,HAYIR,HAYIR
2026-08-19 19:14:14.034,0.80,0.62,32,0.0,0.0,0.000,-0.0,0,HAYIR,HAYIR
2026-08-19 19:14:14.094,0.79,0.62,32,0.0,0.0,0.000,-0.0,0,HAYIR,HAYIR
2026-08-19 19:14:14.154,0.79,0.62,32,0.0,0.0,0.000,-0.0,0,HAYIR,HAYIR
2026-08-19 19:14:14.214,0.79,0.66,32,0.0,0.0,0.000,-0.0,0,HAYIR,HAYIR
2026-08-19 19:14:14.274,0.79,0.66,32,0.0,0.0,0.000,-0.0,0,HAYIR,HAYIR
2026-08-19 19:14:14.334,0.79,0.66,32,0.0,0.0,0.000,-0.0,0,HAYIR,HAYIR
2026-08-19 19:14:14.394,0.79,0.66,32,0.0,0.0,0.000,-0.0,0,HAYIR,HAYIR
2026-08-19 19:14:14.454,0.80,0.66,32,0.0,0.0,0.000,-0.0,0,HAYIR,HAYIR
2026-08-19 19:14:14.514,0.79,0.66,32,0.0,0.0,0.000,-0.0,0,HAYIR,HAYIR
2026-08-19 19:14:14.574,0.79,0.67,32,0.0,0.0,0.000,-0.0,0,HAYIR,HAYIR
2026-08-19 19:14:14.634,0.79,0.67,33,0.0,0.0,0.000,-0.0,0,HAYIR,HAYIR
2026-08-19 19:14:14.694,0.79,0.67,32,0.0,0.0,0.000,-0.0,0,HAYIR,HAYIR
2026-08-19 19:14:14.754,0.79,0.67,32,0.0,0.0,0.000,-0.0,0,HAYIR,HAYIR
2026-08-19 19:14:14.814,0.79,0.67,32,0.0,0.0,0.000,-0.0,0,HAYIR,HAYIR
2026-08-19 19:14:14.874,0.79,0.68,32,0.0,0.0,0.000,-0.0,0,HAYIR,HAYIR
2026-08-19 19:14:14.934,0.79,0.68,32,0.0,0.0,0.000,-0.0,0,HAYIR,HAYIR
2026-08-19 19:14:14.994,0.78,0.68,32,0.0,0.0,0.000,-0.0,0,HAYIR,HAYIR
2026-08-19 19:14:15.054,0.79,0.68,32,0.0,0.0,0.000,-0.0,0,HAYIR,HAYIR
2026-08-19 19:14:15.114,0.79,0.68,32,0.0,0.0,0.000,-0.0,0,HAYIR,HAYIR
2026-08-19 19:14:15.174,0.80,0.68,33,0.0,0.0,0.000,-0.0,0,HAYIR,HAYIR
2026-08-19 19:14:15.234,0.79,0.70,32,0.0,0.0,0.000,-0.0,0,HAYIR,HAYIR
2026-08-19 19:14:15.294,0.79,0.70,32,0.0,0.0,-0.031,18.5,1,HAYIR,HAYIR
2026-08-19 19:14:15.354,0.80,0.70,32,0.0,0.0,0.000,-0.0,1,HAYIR,HAYIR
2026-08-19 19:14:15.414,0.79,0.70,32,0.0,0.0,-0.030,18.0,2,HAYIR,HAYIR
2026-08-19 19:14:15.474,0.79,0.70,32,0.0,0.0,-0.030,18.3,4,HAYIR,HAYIR
2026-08-19 19:14:15.534,0.79,0.70,33,0.0,0.0,-0.031,18.5,6,HAYIR,HAYIR
2026-08-19 19:14:15.594,0.79,0.70,32,0.0,0.0,-0.031,18.7,7,HAYIR,HAYIR
2026-08-19 19:14:15.654,0.79,0.70,32,0.0,0.0,-0.032,19.3,9,HAYIR,HAYIR
2026-08-19 19:14:15.714,0.80,0.70,32,0.0,0.0,-0.033,19.4,11,HAYIR,HAYIR
2026-08-19 19:14:15.774,0.79,0.70,32,0.0,0.0,-0.033,19.6,12,HAYIR,HAYIR
2026-08-19 19:14:15.834,0.79,0.72,31,0.0,0.0,-0.033,19.8,14,HAYIR,HAYIR
2026-08-19 19:14:15.894,0.80,0.72,32,0.0,0.0,-0.033,19.9,16,HAYIR,HAYIR
2026-08-19 19:14:15.954,0.79,0.72,32,0.0,0.0,-0.034,20.3,17,HAYIR,HAYIR
2026-08-19 19:14:16.014,0.79,0.72,32,0.0,0.0,-0.034,20.4,19,HAYIR,HAYIR
2026-08-19 19:14:16.074,0.79,0.72,32,0.0,0.0,-0.035,20.7,21,HAYIR,HAYIR
2026-08-19 19:14:16.134,0.79,0.72,32,0.0,0.0,-0.034,20.7,21,HAYIR,HAYIR
2026-08-19 19:14:16.194,0.79,0.72,32,0.0,0.0,-0.034,20.6,21,HAYIR,HAYIR
2026-08-19 19:14:16.254,0.79,0.74,32,0.0,0.0,-0.034,20.4,20,HAYIR,HAYIR
2026-08-19 19:14:16.314,0.79,0.74,32,0.0,0.0,-0.034,20.4,20,HAYIR,HAYIR
2026-08-19 19:14:16.374,0.80,0.74,33,0.0,0.0,-0.034,20.6,21,HAYIR,HAYIR
2026-08-19 19:14:16.434,0.79,0.74,32,0.0,0.0,-0.030,18.1,20,HAYIR,HAYIR
2026-08-19 19:14:16.494,0.79,0.74,32,0.0,0.0,-0.030,18.1,18,HAYIR,HAYIR
2026-08-19 19:14:16.554,0.79,0.76,32,0.0,0.0,0.000,-0.0,17,HAYIR,HAYIR
2026-08-19 19:14:16.614,0.80,0.76,32,0.0,0.0,0.000,-0.0,15,HAYIR,HAYIR
2026-08-19 19:14:16.674,0.79,0.76,32,0.0,0.0,0.000,-0.0,14,HAYIR,HAYIR
2026-08-19 19:14:16.734,0.79,0.76,33,0.0,0.0,0.000,-0.0,12,HAYIR,HAYIR
2026-08-19 19:14:16.794,0.79,0.76,32,0.0,0.0,0.000,-0.0,10,HAYIR,HAYIR
2026-08-19 19:14:16.854,0.79,0.76,32,0.0,0.0,0.000,-0.0,9,HAYIR,HAYIR
2026-08-19 19:14:16.914,0.80,0.76,32,0.0,0.0,0.000,-0.0,7,HAYIR,HAYIR
2026-08-19 19:14:16.974,0.79,0.76,32,0.0,0.0,0.000,-0.0,5,HAYIR,HAYIR
2026-08-19 19:14:17.034,0.80,0.76,33,0.0,0.0,0.000,-0.0,3,HAYIR,HAYIR
2026-08-19 19:14:17.094,0.79,0.76,32,0.0,0.0,0.000,-0.0,2,HAYIR,HAYIR
2026-08-19 19:14:17.154,0.79,0.76,32,0.0,0.0,0.000,-0.0,0,HAYIR,HAYIR
2026-08-19 19:14:17.214,0.80,0.79,32,0.0,0.0,0.000,-0.0,0,HAYIR,HAYIR
2026-08-19 19:14:17.274,0.79,0.79,32,0.0,0.0,0.000,-0.0,0,HAYIR,HAYIR
2026-08-19 19:14:17.334,0.80,0.79,32,0.0,0.0,0.000,-0.0,0,HAYIR,HAYIR
2026-08-19 19:14:17.394,0.79,0.79,32,0.0,0.0,0.000,-0.0,0,HAYIR,HAYIR
2026-08-19 19:14:17.454,0.79,0.79,28,0.0,0.0,0.000,-0.0,0,HAYIR,HAYIR
2026-08-19 19:14:17.514,0.80,0.81,28,0.0,0.0,0.000,-0.0,0,HAYIR,HAYIR
2026-08-19 19:14:17.574,0.79,0.81,28,0.0,0.0,0.000,-0.0,0,HAYIR,HAYIR
2026-08-19 19:14:17.634,0.79,0.81,28,0.0,0.0,0.000,-0.0,0,HAYIR,HAYIR
2026-08-19 19:14:17.694,0.79,0.81,28,0.0,0.0,0.000,-0.0,0,HAYIR,HAYIR
2026-08-19 19:14:17.754,0.79,0.81,28,0.0,0.0,0.000,-0.0,0,HAYIR,HAYIR
2026-08-19 19:14:17.814,0.80,0.81,28,0.0,0.0,0.000,-0.0,0,HAYIR,HAYIR
2026-08-19 19:14:17.874,0.79,0.81,28,0.0,0.0,0.000,-0.0,0,HAYIR,HAYIR
2026-08-19 19:14:17.934,0.79,0.83,28,0.0,0.0,-0.031,18.5,1,HAYIR,HAYIR
2026-08-19 19:14:17.994,0.79,0.83,28,0.0,0.0,-0.032,19.0,2,HAYIR,HAYIR
2026-08-19 19:14:18.054,0.80,0.83,28,0.0,0.0,-0.033,19.7,4,HAYIR,HAYIR
2026-08-19 19:14:18.114,0.79,0.83,28,0.0,0.0,-0.034,20.1,6,HAYIR,HAYIR
2026-08-19 19:14:18.174,0.80,0.83,28,0.0,0.0,-0.036,21.5,7,HAYIR,HAYIR
2026-08-19 19:14:18.234,0.79,0.83,28,0.0,0.0,-0.038,22.5,9,HAYIR,HAYIR
2026-08-19 19:14:18.294,0.79,0.83,28,0.0,0.0,-0.038,22.9,11,HAYIR,HAYIR
2026-08-19 19:14:18.354,0.80,0.83,28,0.0,0.0,-0.040,23.9,12,HAYIR,HAYIR
2026-08-19 19:14:18.414,0.79,0.83,28,0.0,0.0,-0.041,24.4,14,HAYIR,HAYIR
2026-08-19 19:14:18.474,0.80,0.83,28,0.0,0.0,-0.043,25.7,16,HAYIR,HAYIR
2026-08-19 19:14:18.534,0.79,0.81,28,0.0,0.0,-0.044,26.5,17,HAYIR,HAYIR
2026-08-19 19:14:18.594,0.79,0.81,28,0.0,0.0,-0.045,27.1,19,HAYIR,HAYIR
2026-08-19 19:14:18.654,0.80,0.81,28,0.0,0.0,-0.046,27.5,21,HAYIR,HAYIR
2026-08-19 19:14:18.714,0.79,0.81,28,0.0,0.0,-0.047,28.0,22,HAYIR,HAYIR
2026-08-19 19:14:18.774,0.79,0.81,28,0.0,0.0,-0.049,29.4,24,HAYIR,HAYIR
2026-08-19 19:14:18.834,0.80,0.81,28,0.0,0.0,-0.050,30.0,26,HAYIR,HAYIR
2026-08-19 19:14:18.894,0.79,0.79,28,0.0,0.0,-0.051,30.5,27,HAYIR,HAYIR
2026-08-19 19:14:18.954,0.79,0.79,28,0.0,0.0,-0.051,30.4,29,HAYIR,HAYIR
2026-08-19 19:14:19.014,0.80,0.79,32,0.0,0.0,-0.052,30.9,31,HAYIR,HAYIR
2026-08-19 19:14:19.074,0.79,0.79,28,0.0,0.0,-0.053,32.0,32,HAYIR,HAYIR
2026-08-19 19:14:19.134,0.79,0.79,28,0.0,0.0,-0.054,32.5,32,HAYIR,HAYIR
2026-08-19 19:14:19.194,0.80,0.75,32,0.0,0.0,-0.055,32.8,33,HAYIR,HAYIR
2026-08-19 19:14:19.254,0.79,0.75,32,0.0,0.0,-0.054,32.3,32,HAYIR,HAYIR
2026-08-19 19:14:19.314,0.79,0.75,32,0.0,0.0,-0.055,32.7,33,HAYIR,HAYIR
2026-08-19 19:14:19.374,0.79,0.75,32,0.0,0.0,-0.056,33.4,33,HAYIR,HAYIR
2026-08-19 19:14:19.434,0.79,0.75,32,0.0,0.0,-0.056,33.8,34,HAYIR,HAYIR
2026-08-19 19:14:19.494,0.79,0.75,32,0.0,0.0,-0.057,34.1,34,HAYIR,HAYIR
2026-08-19 19:14:19.554,0.80,0.71,34,0.0,0.0,-0.057,34.2,34,HAYIR,HAYIR
2026-08-19 19:14:19.614,0.79,0.71,32,0.0,0.0,-0.058,34.5,34,HAYIR,HAYIR
2026-08-19 19:14:19.674,0.79,0.71,32,0.0,0.0,-0.057,33.9,34,HAYIR,HAYIR
2026-08-19 19:14:19.734,0.79,0.71,32,0.0,0.0,-0.056,33.8,34,HAYIR,HAYIR
2026-08-19 19:14:19.794,0.80,0.71,32,0.0,0.0,-0.057,34.1,34,HAYIR,HAYIR
2026-08-19 19:14:19.854,0.79,0.71,32,0.0,0.0,-0.057,34.0,34,HAYIR,HAYIR
2026-08-19 19:14:19.914,0.79,0.65,32,0.0,0.0,-0.057,34.2,34,HAYIR,HAYIR
2026-08-19 19:14:19.974,0.80,0.65,33,0.0,0.0,-0.057,33.7,34,HAYIR,HAYIR
2026-08-19 19:14:20.034,0.79,0.65,32,0.0,0.0,-0.056,33.2,33,HAYIR,HAYIR
2026-08-19 19:14:20.094,0.79,0.65,33,0.0,0.0,-0.056,33.4,33,HAYIR,HAYIR
2026-08-19 19:14:20.154,0.79,0.65,33,0.0,0.0,-0.056,33.8,34,HAYIR,HAYIR
2026-08-19 19:14:20.214,0.79,0.62,33,0.0,0.0,-0.056,33.4,33,HAYIR,HAYIR
2026-08-19 19:14:20.274,0.80,0.62,33,0.0,0.0,-0.054,32.5,32,HAYIR,HAYIR
2026-08-19 19:14:20.334,0.79,0.62,33,0.0,0.0,-0.054,32.3,32,HAYIR,HAYIR
2026-08-19 19:14:20.394,0.79,0.62,33,0.0,0.0,-0.054,32.3,32,HAYIR,HAYIR
2026-08-19 19:14:20.454,0.79,0.62,33,0.0,0.0,-0.053,31.9,32,HAYIR,HAYIR
2026-08-19 19:14:20.514,0.79,0.60,33,0.0,0.0,-0.053,32.0,32,HAYIR,HAYIR
2026-08-19 19:14:20.574,0.78,0.60,33,0.0,0.0,-0.053,32.0,32,HAYIR,HAYIR
2026-08-19 19:14:20.634,0.78,0.60,33,0.0,0.0,-0.052,31.7,32,HAYIR,HAYIR
2026-08-19 19:14:20.694,0.78,0.60,33,0.0,0.0,-0.052,31.7,32,HAYIR,HAYIR
2026-08-19 19:14:20.754,0.78,0.60,33,0.0,0.0,-0.051,31.5,31,HAYIR,HAYIR
2026-08-19 19:14:20.814,0.77,0.60,33,0.0,0.0,-0.051,31.5,32,HAYIR,HAYIR
2026-08-19 19:14:20.874,0.77,0.59,33,0.0,0.0,-0.051,31.3,31,HAYIR,HAYIR
2026-08-19 19:14:20.934,0.77,0.59,33,0.0,0.0,-0.050,31.1,31,HAYIR,HAYIR
2026-08-19 19:14:20.994,0.77,0.59,33,0.0,0.0,-0.050,31.1,31,HAYIR,HAYIR
2026-08-19 19:14:21.054,0.76,0.59,33,0.0,0.0,-0.050,31.1,31,HAYIR,HAYIR
2026-08-19 19:14:21.114,0.76,0.59,33,0.0,0.0,-0.050,31.1,31,HAYIR,HAYIR
2026-08-19 19:14:21.174,0.76,0.59,33,0.0,0.0,-0.049,30.9,31,HAYIR,HAYIR
2026-08-19 19:14:21.234,0.75,0.61,33,0.0,0.0,-0.049,31.1,31,HAYIR,HAYIR
2026-08-19 19:14:21.294,0.75,0.61,33,0.0,0.0,-0.049,31.1,31,HAYIR,HAYIR
2026-08-19 19:14:21.354,0.75,0.61,33,0.0,0.0,-0.049,31.4,31,HAYIR,HAYIR
2026-08-19 19:14:21.414,0.75,0.61,33,0.0,0.0,-0.049,31.4,31,HAYIR,HAYIR
2026-08-19 19:14:21.474,0.74,0.61,33,0.0,0.0,-0.049,31.5,32,HAYIR,HAYIR
2026-08-19 19:14:21.534,0.74,0.63,32,0.0,0.0,-0.049,31.6,32,HAYIR,HAYIR
2026-08-19 19:14:21.594,0.74,0.63,33,0.0,0.0,-0.049,31.6,32,HAYIR,HAYIR
2026-08-19 19:14:21.654,0.73,0.63,33,0.0,0.0,-0.051,32.9,33,HAYIR,HAYIR
2026-08-19 19:14:21.714,0.73,0.63,33,0.0,0.0,-0.051,32.9,33,HAYIR,HAYIR
2026-08-19 19:14:21.774,0.72,0.63,33,0.0,0.0,-0.051,33.6,34,HAYIR,HAYIR
2026-08-19 19:14:21.834,0.72,0.63,33,0.0,0.0,-0.052,34.1,34,HAYIR,HAYIR
2026-08-19 19:14:21.894,0.72,0.65,33,0.0,0.0,-0.052,34.1,34,HAYIR,HAYIR
2026-08-19 19:14:21.954,0.71,0.65,33,0.0,0.0,-0.055,36.7,35,HAYIR,HAYIR
2026-08-19 19:14:22.014,0.71,0.65,33,0.0,0.0,-0.055,36.7,37,HAYIR,HAYIR
2026-08-19 19:14:22.074,0.71,0.65,33,0.0,0.0,-0.056,37.8,38,HAYIR,HAYIR
2026-08-19 19:14:22.134,0.70,0.65,33,0.0,0.0,-0.057,38.6,38,HAYIR,HAYIR
2026-08-19 19:14:22.194,0.70,0.68,33,0.0,0.0,-0.057,38.7,39,HAYIR,HAYIR
2026-08-19 19:14:22.254,0.69,0.68,33,0.0,0.0,-0.058,39.6,40,HAYIR,HAYIR
2026-08-19 19:14:22.314,0.69,0.68,33,0.0,0.0,-0.061,41.8,41,HAYIR,HAYIR
2026-08-19 19:14:22.374,0.69,0.68,33,0.0,0.0,-0.062,43.0,43,HAYIR,HAYIR
2026-08-19 19:14:22.434,0.68,0.68,33,0.0,0.0,-0.064,44.1,44,HAYIR,HAYIR
2026-08-19 19:14:22.494,0.68,0.71,28,0.0,0.0,-0.064,44.2,44,HAYIR,HAYIR
2026-08-19 19:14:22.554,0.67,0.71,28,0.0,0.0,-0.064,45.0,45,HAYIR,HAYIR
2026-08-19 19:14:22.614,0.67,0.71,28,0.0,0.0,-0.067,47.4,47,HAYIR,HAYIR
2026-08-19 19:14:22.674,0.67,0.71,28,0.0,0.0,-0.069,48.8,48,HAYIR,HAYIR
2026-08-19 19:14:22.734,0.66,0.71,28,0.0,0.0,-0.070,49.9,49,HAYIR,HAYIR
2026-08-19 19:14:22.794,0.66,0.71,28,0.0,0.0,-0.070,50.2,50,HAYIR,HAYIR
2026-08-19 19:14:22.854,0.65,0.71,28,0.0,0.0,-0.071,51.1,51,HAYIR,HAYIR
2026-08-19 19:14:22.914,0.65,0.72,28,0.0,0.0,-0.071,51.4,51,HAYIR,HAYIR
2026-08-19 19:14:22.974,0.65,0.72,28,0.1,0.0,-0.074,54.2,53,HAYIR,HAYIR
2026-08-19 19:14:23.034,0.64,0.72,28,0.1,0.0,-0.075,55.0,55,HAYIR,HAYIR
2026-08-19 19:14:23.094,0.64,0.72,28,0.1,0.0,-0.075,55.3,55,HAYIR,HAYIR
2026-08-19 19:14:23.154,0.63,0.72,28,0.1,0.0,-0.076,56.3,56,HAYIR,HAYIR
2026-08-19 19:14:23.214,0.63,0.74,28,0.1,0.0,-0.076,56.6,57,HAYIR,HAYIR
2026-08-19 19:14:23.274,0.62,0.74,28,0.1,0.0,-0.078,59.0,58,HAYIR,HAYIR
2026-08-19 19:14:23.334,0.62,0.74,28,0.1,0.0,-0.079,60.1,60,HAYIR,HAYIR
2026-08-19 19:14:23.394,0.62,0.74,28,0.1,0.0,-0.080,60.5,61,HAYIR,HAYIR
2026-08-19 19:14:23.454,0.61,0.74,28,0.1,0.0,-0.081,61.7,62,HAYIR,HAYIR
2026-08-19 19:14:23.514,0.61,0.74,28,0.1,0.0,-0.081,62.0,62,HAYIR,HAYIR
2026-08-19 19:14:23.574,0.60,0.73,28,0.1,0.0,-0.082,63.3,63,HAYIR,HAYIR
2026-08-19 19:14:23.634,0.60,0.73,28,0.1,0.0,-0.082,64.5,64,HAYIR,HAYIR
2026-08-19 19:14:23.694,0.60,0.73,28,0.1,0.0,-0.083,64.9,65,HAYIR,HAYIR
2026-08-19 19:14:23.754,0.59,0.73,28,0.1,0.0,-0.084,66.0,66,HAYIR,HAYIR
2026-08-19 19:14:23.814,0.59,0.73,28,0.1,0.0,-0.084,66.4,66,HAYIR,HAYIR
2026-08-19 19:14:23.874,0.58,0.71,28,0.1,0.0,-0.085,67.8,68,HAYIR,HAYIR
2026-08-19 19:14:23.934,0.58,0.71,28,0.1,0.0,-0.084,67.9,68,HAYIR,HAYIR
2026-08-19 19:14:23.994,0.58,0.71,28,0.1,0.0,-0.084,68.4,68,HAYIR,HAYIR
2026-08-19 19:14:24.054,0.57,0.71,28,0.1,0.0,-0.085,69.2,69,HAYIR,HAYIR
2026-08-19 19:14:24.114,0.57,0.71,28,0.1,0.0,-0.085,69.6,70,HAYIR,HAYIR
2026-08-19 19:14:24.174,0.57,0.68,28,0.1,0.0,-0.086,71.1,71,HAYIR,HAYIR
2026-08-19 19:14:24.234,0.56,0.68,28,0.1,0.0,-0.085,70.4,71,HAYIR,HAYIR
2026-08-19 19:14:24.294,0.56,0.68,28,0.1,0.0,-0.085,71.0,71,HAYIR,HAYIR
2026-08-19 19:14:24.354,0.56,0.68,28,0.1,0.0,-0.085,71.5,71,HAYIR,HAYIR
2026-08-19 19:14:24.414,0.55,0.68,28,0.1,0.0,-0.086,72.0,72,HAYIR,HAYIR
2026-08-19 19:14:24.474,0.55,0.68,28,0.1,0.0,-0.086,72.9,73,HAYIR,HAYIR
2026-08-19 19:14:24.534,0.55,0.68,28,0.1,0.0,-0.086,73.1,73,HAYIR,HAYIR
2026-08-19 19:14:24.594,0.54,0.63,28,0.1,0.0,-0.086,73.5,74,HAYIR,HAYIR
2026-08-19 19:14:24.654,0.54,0.63,28,0.1,0.0,-0.084,72.3,72,HAYIR,HAYIR
2026-08-19 19:14:24.714,0.54,0.63,28,0.1,0.0,-0.084,73.0,73,HAYIR,HAYIR
2026-08-19 19:14:24.774,0.54,0.63,28,0.1,0.0,-0.084,73.6,74,HAYIR,HAYIR
2026-08-19 19:14:24.834,0.53,0.63,28,0.1,0.0,-0.084,73.5,73,HAYIR,HAYIR
2026-08-19 19:14:24.894,0.53,0.56,28,0.1,0.0,-0.084,73.9,74,HAYIR,HAYIR
2026-08-19 19:14:24.954,0.53,0.56,28,0.1,0.0,-0.081,71.3,73,HAYIR,HAYIR
2026-08-19 19:14:25.014,0.53,0.56,28,0.1,0.0,-0.081,72.0,72,HAYIR,HAYIR
2026-08-19 19:14:25.074,0.52,0.56,28,0.1,0.0,-0.081,72.1,72,HAYIR,HAYIR
2026-08-19 19:14:25.134,0.52,0.56,28,0.1,0.0,-0.080,71.6,72,HAYIR,HAYIR
2026-08-19 19:14:25.194,0.52,0.50,35,0.1,0.0,-0.080,72.1,72,HAYIR,HAYIR
2026-08-19 19:14:25.254,0.52,0.50,32,0.1,0.0,-0.083,74.1,73,HAYIR,HAYIR
2026-08-19 19:14:25.314,0.52,0.50,32,0.1,0.0,-0.080,71.9,72,HAYIR,HAYIR
2026-08-19 19:14:25.374,0.52,0.50,32,0.1,0.0,-0.079,71.8,72,HAYIR,HAYIR
2026-08-19 19:14:25.434,0.51,0.50,32,0.1,0.0,-0.078,71.0,71,HAYIR,HAYIR
2026-08-19 19:14:25.494,0.51,0.50,32,0.1,0.0,-0.078,71.3,71,HAYIR,HAYIR
2026-08-19 19:14:25.554,0.51,0.46,33,0.1,0.0,-0.077,70.6,71,HAYIR,HAYIR
2026-08-19 19:14:25.614,0.51,0.46,33,0.1,0.0,-0.077,70.8,71,HAYIR,HAYIR
2026-08-19 19:14:25.674,0.51,0.46,32,0.1,0.0,-0.073,67.4,69,HAYIR,HAYIR
2026-08-19 19:14:25.734,0.51,0.46,33,0.1,0.0,-0.072,66.3,67,HAYIR,HAYIR
2026-08-19 19:14:25.794,0.51,0.46,33,0.1,0.0,-0.072,66.4,66,HAYIR,HAYIR
2026-08-19 19:14:25.854,0.51,0.42,33,0.1,0.0,-0.070,65.2,65,HAYIR,HAYIR
2026-08-19 19:14:25.914,0.50,0.42,33,0.1,0.0,-0.070,65.3,65,HAYIR,HAYIR
2026-08-19 19:14:25.974,0.50,0.42,33,0.1,0.0,-0.065,61.2,64,HAYIR,HAYIR
2026-08-19 19:14:26.034,0.50,0.42,33,0.1,0.0,-0.064,59.6,62,HAYIR,HAYIR
2026-08-19 19:14:26.094,0.50,0.42,33,0.1,0.0,-0.063,59.3,60,HAYIR,HAYIR
2026-08-19 19:14:26.154,0.50,0.42,33,0.1,0.0,-0.061,57.8,59,HAYIR,HAYIR
2026-08-19 19:14:26.214,0.50,0.40,34,0.1,0.0,-0.061,57.4,57,HAYIR,HAYIR
2026-08-19 19:14:26.274,0.50,0.40,33,0.1,0.0,-0.059,55.6,56,HAYIR,HAYIR
2026-08-19 19:14:26.334,0.49,0.40,33,0.1,0.0,-0.063,60.0,56,HAYIR,HAYIR
2026-08-19 19:14:26.394,0.49,0.40,33,0.1,0.0,-0.063,59.9,58,HAYIR,HAYIR
2026-08-19 19:14:26.454,0.49,0.40,33,0.1,0.0,-0.062,59.4,59,HAYIR,HAYIR
2026-08-19 19:14:26.514,0.49,0.40,33,0.1,0.0,-0.062,59.2,59,HAYIR,HAYIR
2026-08-19 19:14:26.574,0.49,0.40,33,0.1,0.0,-0.061,58.8,59,HAYIR,HAYIR
2026-08-19 19:14:26.634,0.49,0.40,33,0.1,0.0,-0.061,58.6,59,HAYIR,HAYIR
2026-08-19 19:14:26.694,0.48,0.40,33,0.1,0.0,-0.060,58.2,58,HAYIR,HAYIR
2026-08-19 19:14:26.754,0.48,0.40,33,0.1,0.0,-0.060,58.0,58,HAYIR,HAYIR
2026-08-19 19:14:26.814,0.48,0.40,33,0.1,0.0,-0.059,57.7,58,HAYIR,HAYIR
2026-08-19 19:14:26.874,0.48,0.41,33,0.1,0.0,-0.058,57.3,57,HAYIR,HAYIR
2026-08-19 19:14:26.934,0.48,0.41,33,0.1,0.0,-0.059,57.9,58,HAYIR,HAYIR
2026-08-19 19:14:26.994,0.47,0.41,33,0.1,0.0,-0.058,57.3,57,HAYIR,HAYIR
2026-08-19 19:14:27.054,0.47,0.41,33,0.1,0.0,-0.058,57.9,58,HAYIR,HAYIR
2026-08-19 19:14:27.114,0.47,0.41,33,0.1,0.0,-0.057,57.5,57,HAYIR,HAYIR
2026-08-19 19:14:27.174,0.47,0.44,32,0.1,0.0,-0.057,57.5,57,HAYIR,HAYIR
2026-08-19 19:14:27.234,0.46,0.44,32,0.1,0.0,-0.057,58.3,58,HAYIR,HAYIR
2026-08-19 19:14:27.294,0.46,0.44,33,0.1,0.0,-0.058,58.8,59,HAYIR,HAYIR
2026-08-19 19:14:27.354,0.46,0.44,33,0.1,0.0,-0.058,59.7,60,HAYIR,HAYIR
2026-08-19 19:14:27.414,0.46,0.44,33,0.1,0.0,-0.058,59.2,59,HAYIR,HAYIR
2026-08-19 19:14:27.474,0.45,0.44,33,0.1,0.0,-0.058,60.6,61,HAYIR,HAYIR
2026-08-19 19:14:27.534,0.45,0.48,28,0.1,0.0,-0.059,61.9,61,HAYIR,HAYIR
2026-08-19 19:14:27.594,0.45,0.48,28,0.1,0.0,-0.062,65.7,63,HAYIR,HAYIR
2026-08-19 19:14:27.654,0.44,0.48,28,0.1,0.0,-0.063,66.4,65,HAYIR,HAYIR
2026-08-19 19:14:27.714,0.44,0.48,28,0.1,0.0,-0.062,66.0,66,HAYIR,HAYIR
2026-08-19 19:14:27.774,0.43,0.48,28,0.1,0.0,-0.062,67.2,67,HAYIR,HAYIR
2026-08-19 19:14:27.834,0.43,0.48,28,0.1,0.0,-0.063,68.7,68,HAYIR,HAYIR
2026-08-19 19:14:27.894,0.43,0.53,28,0.1,0.0,-0.063,68.3,68,HAYIR,HAYIR
2026-08-19 19:14:27.954,0.42,0.53,28,0.1,0.0,-0.063,69.9,69,HAYIR,HAYIR
2026-08-19 19:14:28.014,0.42,0.53,28,0.1,0.0,-0.069,75.9,71,HAYIR,HAYIR
2026-08-19 19:14:28.074,0.42,0.53,28,0.1,0.0,-0.069,77.2,73,HAYIR,HAYIR
2026-08-19 19:14:28.134,0.41,0.53,28,0.1,0.0,-0.070,79.1,74,HAYIR,HAYIR
2026-08-19 19:14:28.194,0.41,0.53,28,0.1,0.0,-0.070,79.1,76,HAYIR,HAYIR
2026-08-19 19:14:28.254,0.41,0.56,28,0.2,0.0,-0.071,81.1,78,HAYIR,HAYIR
2026-08-19 19:14:28.314,0.40,0.56,28,0.2,0.0,-0.073,83.9,79,HAYIR,HAYIR
2026-08-19 19:14:28.374,0.40,0.56,28,0.2,0.0,-0.073,85.4,81,HAYIR,HAYIR
2026-08-19 19:14:28.434,0.39,0.56,28,0.2,0.0,-0.074,87.2,83,HAYIR,HAYIR
2026-08-19 19:14:28.494,0.39,0.56,28,0.2,0.0,-0.074,87.3,85,HAYIR,HAYIR
2026-08-19 19:14:28.554,0.39,0.56,28,0.2,0.0,-0.074,88.8,86,HAYIR,HAYIR
2026-08-19 19:14:28.614,0.38,0.56,28,0.2,0.0,-0.088,105.0,88,HAYIR,HAYIR
2026-08-19 19:14:28.674,0.38,0.56,28,0.2,0.0,-0.084,102.1,90,HAYIR,HAYIR
2026-08-19 19:14:28.734,0.37,0.56,28,0.2,0.0,-0.084,102.5,91,HAYIR,HAYIR
2026-08-19 19:14:28.794,0.37,0.56,28,0.2,0.0,-0.083,102.4,93,HAYIR,HAYIR
2026-08-19 19:14:28.854,0.37,0.55,28,0.2,0.0,-0.083,102.5,95,HAYIR,HAYIR
2026-08-19 19:14:28.914,0.37,0.55,28,0.2,0.0,-0.082,102.2,96,HAYIR,HAYIR
2026-08-19 19:14:28.974,0.36,0.55,28,0.2,0.0,-0.080,101.9,98,HAYIR,HAYIR
2026-08-19 19:14:29.034,0.36,0.55,28,0.2,0.0,-0.080,102.1,100,HAYIR,HAYIR
2026-08-19 19:14:29.094,0.36,0.55,28,0.3,0.0,-0.079,102.0,101,HAYIR,HAYIR
2026-08-19 19:14:29.154,0.35,0.55,28,0.3,0.0,-0.078,102.1,102,HAYIR,HAYIR
2026-08-19 19:14:29.214,0.35,0.52,28,0.3,0.0,-0.078,102.0,102,HAYIR,HAYIR
2026-08-19 19:14:29.274,0.35,0.52,28,0.3,0.0,-0.078,103.4,103,HAYIR,HAYIR
2026-08-19 19:14:29.334,0.34,0.52,28,0.3,0.0,-0.077,103.3,103,HAYIR,HAYIR
2026-08-19 19:14:29.394,0.34,0.52,28,0.3,0.0,-0.077,103.4,103,HAYIR,HAYIR
2026-08-19 19:14:29.454,0.34,0.52,28,0.3,0.0,-0.076,103.3,103,HAYIR,HAYIR
2026-08-19 19:14:29.514,0.34,0.52,28,0.3,0.0,-0.076,103.3,103,HAYIR,HAYIR
2026-08-19 19:14:29.574,0.33,0.48,28,0.3,0.0,-0.075,102.9,103,HAYIR,HAYIR
2026-08-19 19:14:29.634,0.33,0.48,28,0.3,0.0,-0.076,105.4,103,HAYIR,HAYIR
2026-08-19 19:14:29.694,0.33,0.48,28,0.3,0.0,-0.073,101.7,103,HAYIR,HAYIR
2026-08-19 19:14:29.754,0.33,0.48,28,0.3,0.0,-0.072,101.6,102,HAYIR,HAYIR
2026-08-19 19:14:29.814,0.32,0.48,28,0.3,0.0,-0.072,102.0,102,HAYIR,HAYIR
2026-08-19 19:14:29.874,0.32,0.48,28,0.3,0.0,-0.072,102.1,102,HAYIR,HAYIR
2026-08-19 19:14:29.934,0.32,0.43,28,0.3,0.0,-0.071,101.6,102,HAYIR,HAYIR
2026-08-19 19:14:29.994,0.32,0.43,28,0.3,0.0,-0.071,102.3,102,HAYIR,HAYIR
2026-08-19 19:14:30.054,0.32,0.43,28,0.3,0.0,-0.070,101.9,102,HAYIR,HAYIR
2026-08-19 19:14:30.114,0.32,0.43,28,0.3,0.0,-0.070,102.3,102,HAYIR,HAYIR
2026-08-19 19:14:30.174,0.31,0.43,28,0.3,0.0,-0.070,102.0,102,HAYIR,HAYIR
2026-08-19 19:14:30.234,0.31,0.38,28,0.3,0.0,-0.069,101.3,101,HAYIR,HAYIR
2026-08-19 19:14:30.294,0.31,0.38,28,0.3,0.0,-0.069,101.5,102,HAYIR,HAYIR
2026-08-19 19:14:30.354,0.31,0.38,28,0.3,0.0,-0.068,101.5,101,HAYIR,HAYIR
2026-08-19 19:14:30.414,0.31,0.38,28,0.3,0.0,-0.068,101.9,102,HAYIR,HAYIR
2026-08-19 19:14:30.474,0.31,0.38,28,0.3,0.0,-0.068,101.3,101,HAYIR,HAYIR
2026-08-19 19:14:30.534,0.31,0.38,28,0.3,0.0,-0.067,100.2,101,HAYIR,HAYIR
2026-08-19 19:14:30.594,0.30,0.33,28,0.3,0.0,-0.067,100.6,101,HAYIR,HAYIR
2026-08-19 19:14:30.654,0.30,0.33,28,0.2,0.0,-0.066,99.6,100,HAYIR,HAYIR
2026-08-19 19:14:30.714,0.30,0.33,28,0.2,0.0,-0.065,98.9,99,HAYIR,HAYIR
2026-08-19 19:14:30.774,0.30,0.33,28,0.2,0.0,-0.057,88.4,97,HAYIR,HAYIR
2026-08-19 19:14:30.834,0.30,0.33,28,0.2,0.0,-0.056,86.9,96,HAYIR,HAYIR
2026-08-19 19:14:30.894,0.30,0.30,32,0.2,0.0,-0.056,87.1,94,HAYIR,HAYIR
2026-08-19 19:14:30.954,0.30,0.30,32,0.2,0.0,-0.055,85.3,92,HAYIR,HAYIR
2026-08-19 19:14:31.014,0.30,0.30,32,0.2,0.0,-0.055,85.8,90,HAYIR,HAYIR
2026-08-19 19:14:31.074,0.30,0.30,32,0.2,0.0,-0.054,84.5,89,HAYIR,HAYIR
2026-08-19 19:14:31.134,0.30,0.30,32,0.2,0.0,-0.053,83.0,87,HAYIR,HAYIR
2026-08-19 19:14:31.194,0.30,0.30,32,0.2,0.0,-0.053,83.1,85,HAYIR,HAYIR
2026-08-19 19:14:31.254,0.30,0.25,34,0.2,0.0,-0.052,81.8,84,HAYIR,HAYIR
2026-08-19 19:14:31.314,0.30,0.25,32,0.2,0.0,-0.052,82.0,82,HAYIR,HAYIR
2026-08-19 19:14:31.374,0.29,0.25,32,0.2,0.0,-0.051,81.2,81,HAYIR,HAYIR
2026-08-19 19:14:31.434,0.29,0.25,32,0.2,0.0,-0.051,79.9,81,HAYIR,HAYIR
2026-08-19 19:14:31.494,0.29,0.25,32,0.2,0.0,-0.051,79.9,80,HAYIR,HAYIR
2026-08-19 19:14:31.554,0.29,0.21,32,0.2,0.0,-0.050,78.6,79,HAYIR,HAYIR
2026-08-19 19:14:31.614,0.29,0.21,32,0.2,0.0,-0.050,78.5,79,HAYIR,HAYIR
2026-08-19 19:14:31.674,0.29,0.21,32,0.2,0.0,-0.049,77.4,77,HAYIR,HAYIR
2026-08-19 19:14:31.734,0.29,0.21,32,0.2,0.0,-0.048,76.1,77,HAYIR,HAYIR
2026-08-19 19:14:31.794,0.29,0.21,32,0.1,0.0,-0.048,75.8,76,HAYIR,HAYIR
2026-08-19 19:14:31.854,0.29,0.18,32,0.1,0.0,-0.047,74.4,75,HAYIR,HAYIR
2026-08-19 19:14:31.914,0.29,0.18,32,0.1,0.0,-0.047,74.3,74,HAYIR,HAYIR
2026-08-19 19:14:31.974,0.29,0.18,32,0.1,0.0,-0.046,73.2,73,HAYIR,HAYIR
2026-08-19 19:14:32.034,0.29,0.18,32,0.1,0.0,-0.045,72.2,73,HAYIR,HAYIR
2026-08-19 19:14:32.094,0.29,0.18,32,0.1,0.0,-0.045,71.8,72,HAYIR,HAYIR
2026-08-19 19:14:32.154,0.29,0.18,32,0.1,0.0,-0.044,71.4,71,HAYIR,HAYIR
2026-08-19 19:14:32.214,0.29,0.19,32,0.1,0.0,-0.044,71.0,71,HAYIR,HAYIR
2026-08-19 19:14:32.274,0.29,0.19,32,0.1,0.0,-0.044,70.6,71,HAYIR,HAYIR
2026-08-19 19:14:32.334,0.29,0.19,32,0.1,0.0,-0.043,70.2,70,HAYIR,HAYIR
2026-08-19 19:14:32.394,0.29,0.19,32,0.1,0.0,-0.043,69.6,70,HAYIR,HAYIR
2026-08-19 19:14:32.454,0.29,0.19,32,0.1,0.0,-0.043,69.8,70,HAYIR,HAYIR
2026-08-19 19:14:32.514,0.29,0.21,32,0.1,0.0,-0.042,69.3,69,HAYIR,HAYIR
2026-08-19 19:14:32.574,0.28,0.21,32,0.1,0.0,-0.042,70.0,70,HAYIR,HAYIR
2026-08-19 19:14:32.634,0.28,0.21,32,0.1,0.0,-0.042,70.6,71,HAYIR,HAYIR
2026-08-19 19:14:32.694,0.28,0.21,32,0.1,0.0,-0.042,69.9,70,HAYIR,HAYIR
2026-08-19 19:14:32.754,0.28,0.21,32,0.1,0.0,-0.042,70.8,71,HAYIR,HAYIR
2026-08-19 19:14:32.814,0.28,0.21,32,0.1,0.0,-0.042,70.1,70,HAYIR,HAYIR
2026-08-19 19:14:32.874,0.27,0.21,32,0.1,0.0,-0.042,71.1,71,HAYIR,HAYIR
2026-08-19 19:14:32.934,0.27,0.25,32,0.1,0.0,-0.053,90.1,72,HAYIR,HAYIR
2026-08-19 19:14:32.994,0.27,0.25,32,0.1,0.0,-0.053,90.1,73,HAYIR,HAYIR
2026-08-19 19:14:33.054,0.27,0.25,32,0.1,0.0,-0.053,90.5,75,HAYIR,HAYIR
2026-08-19 19:14:33.114,0.27,0.25,32,0.2,0.0,-0.052,90.0,77,HAYIR,HAYIR
2026-08-19 19:14:33.174,0.26,0.25,32,0.2,0.0,-0.052,90.7,78,HAYIR,HAYIR
2026-08-19 19:14:33.234,0.26,0.27,28,0.2,0.0,-0.052,92.0,80,HAYIR,HAYIR
2026-08-19 19:14:33.294,0.26,0.27,28,0.2,0.0,-0.052,92.2,82,HAYIR,HAYIR
2026-08-19 19:14:33.354,0.26,0.27,28,0.2,0.0,-0.052,92.8,83,HAYIR,HAYIR
2026-08-19 19:14:33.414,0.26,0.27,28,0.2,0.0,-0.052,92.4,85,HAYIR,HAYIR
2026-08-19 19:14:33.474,0.25,0.27,28,0.2,0.0,-0.051,92.9,87,HAYIR,HAYIR
2026-08-19 19:14:33.534,0.25,0.31,28,0.2,0.0,-0.051,94.1,88,HAYIR,HAYIR
2026-08-19 19:14:33.594,0.25,0.31,28,0.2,0.0,-0.051,93.6,90,HAYIR,HAYIR
2026-08-19 19:14:33.654,0.25,0.31,28,0.2,0.0,-0.051,95.0,92,HAYIR,HAYIR
2026-08-19 19:14:33.714,0.25,0.31,28,0.2,0.0,-0.050,94.6,94,HAYIR,HAYIR
2026-08-19 19:14:33.774,0.24,0.31,28,0.2,0.0,-0.050,95.6,95,HAYIR,HAYIR
2026-08-19 19:14:33.834,0.24,0.31,28,0.2,0.0,-0.050,96.7,96,HAYIR,HAYIR
2026-08-19 19:14:33.894,0.24,0.35,28,0.2,0.0,-0.049,96.2,96,HAYIR,HAYIR
2026-08-19 19:14:33.954,0.23,0.35,28,0.2,0.0,-0.049,98.1,97,HAYIR,HAYIR
2026-08-19 19:14:34.014,0.23,0.35,28,0.2,0.0,-0.049,97.3,97,HAYIR,HAYIR
2026-08-19 19:14:34.074,0.23,0.35,28,0.2,0.0,-0.050,100.6,99,HAYIR,HAYIR
2026-08-19 19:14:34.134,0.22,0.35,28,0.3,0.0,-0.049,101.9,101,HAYIR,HAYIR
2026-08-19 19:14:34.194,0.22,0.38,28,0.3,0.0,-0.049,101.5,101,HAYIR,HAYIR
2026-08-19 19:14:34.254,0.22,0.38,28,0.3,0.0,-0.049,102.8,103,HAYIR,HAYIR
2026-08-19 19:14:34.314,0.22,0.38,28,0.3,0.0,-0.048,102.2,102,HAYIR,HAYIR
2026-08-19 19:14:34.374,0.21,0.38,28,0.3,0.0,-0.047,102.7,103,HAYIR,HAYIR
2026-08-19 19:14:34.434,0.21,0.38,28,0.3,0.0,-0.047,103.2,103,HAYIR,HAYIR
2026-08-19 19:14:34.494,0.21,0.38,28,0.3,0.0,-0.046,103.0,103,HAYIR,HAYIR
2026-08-19 19:14:34.554,0.20,0.38,28,0.3,0.0,-0.046,103.9,104,HAYIR,HAYIR
2026-08-19 19:14:34.614,0.20,0.38,28,0.3,0.0,-0.045,103.4,103,HAYIR,HAYIR
2026-08-19 19:14:34.674,0.20,0.38,28,0.3,0.0,-0.045,104.0,104,HAYIR,HAYIR
2026-08-19 19:14:34.734,0.19,0.38,28,0.3,0.0,-0.044,104.2,104,HAYIR,HAYIR
2026-08-19 19:14:34.794,0.19,0.38,28,0.3,0.0,-0.044,104.2,104,HAYIR,HAYIR
2026-08-19 19:14:34.854,0.19,0.38,28,0.3,0.0,-0.043,103.8,104,HAYIR,HAYIR
2026-08-19 19:14:34.914,0.19,0.36,28,0.3,0.0,-0.043,103.9,104,HAYIR,HAYIR
2026-08-19 19:14:34.974,0.18,0.36,28,0.3,0.0,-0.042,104.4,104,HAYIR,HAYIR
2026-08-19 19:14:35.034,0.18,0.36,28,0.3,0.0,-0.042,104.6,105,HAYIR,HAYIR
2026-08-19 19:14:35.094,0.18,0.36,28,0.3,0.0,-0.041,104.8,105,HAYIR,HAYIR
2026-08-19 19:14:35.154,0.18,0.36,28,0.3,0.0,-0.041,104.7,105,HAYIR,HAYIR
2026-08-19 19:14:35.214,0.18,0.36,28,0.3,0.0,-0.041,104.9,105,HAYIR,HAYIR
2026-08-19 19:14:35.274,0.17,0.33,28,0.3,0.0,-0.040,105.4,105,HAYIR,HAYIR
2026-08-19 19:14:35.334,0.17,0.33,28,0.3,0.0,-0.040,105.0,105,HAYIR,HAYIR
2026-08-19 19:14:35.394,0.17,0.33,28,0.3,0.0,-0.039,105.2,105,HAYIR,HAYIR
2026-08-19 19:14:35.454,0.17,0.33,28,0.3,0.0,-0.039,104.8,105,HAYIR,HAYIR
2026-08-19 19:14:35.514,0.17,0.30,28,0.3,0.0,-0.039,105.2,105,HAYIR,HAYIR
2026-08-19 19:14:35.574,0.17,0.30,28,0.3,0.0,-0.038,105.3,105,HAYIR,HAYIR
2026-08-19 19:14:35.634,0.16,0.30,28,0.3,0.0,-0.038,104.6,105,HAYIR,HAYIR
2026-08-19 19:14:35.694,0.16,0.30,28,0.3,0.0,-0.038,104.9,105,HAYIR,HAYIR
2026-08-19 19:14:35.754,0.16,0.30,28,0.3,0.0,-0.037,104.3,104,HAYIR,HAYIR
2026-08-19 19:14:35.814,0.16,0.30,28,0.3,0.0,-0.037,104.6,105,HAYIR,HAYIR
2026-08-19 19:14:35.874,0.16,0.30,28,0.3,0.0,-0.036,104.1,104,HAYIR,HAYIR
2026-08-19 19:14:35.934,0.16,0.27,28,0.3,0.0,-0.036,102.9,104,HAYIR,HAYIR
2026-08-19 19:14:35.994,0.16,0.27,28,0.3,0.0,-0.035,102.6,103,HAYIR,HAYIR
2026-08-19 19:14:36.054,0.16,0.27,28,0.3,0.0,-0.035,102.2,102,HAYIR,HAYIR
2026-08-19 19:14:36.114,0.16,0.27,28,0.3,0.0,-0.035,102.5,103,HAYIR,HAYIR
2026-08-19 19:14:36.174,0.15,0.27,28,0.3,0.0,-0.034,102.0,102,HAYIR,HAYIR
2026-08-19 19:14:36.234,0.15,0.24,28,0.3,0.0,-0.034,101.0,101,HAYIR,HAYIR
2026-08-19 19:14:36.294,0.15,0.24,28,0.3,0.0,-0.034,100.8,101,HAYIR,HAYIR
2026-08-19 19:14:36.354,0.15,0.24,28,0.2,0.0,-0.033,100.3,100,HAYIR,HAYIR
2026-08-19 19:14:36.414,0.15,0.24,28,0.3,0.0,-0.033,100.6,101,HAYIR,HAYIR
2026-08-19 19:14:36.474,0.15,0.24,28,0.2,0.0,-0.033,100.3,100,HAYIR,HAYIR
2026-08-19 19:14:36.534,0.15,0.24,28,0.2,0.0,-0.033,99.6,100,HAYIR,HAYIR
2026-08-19 19:14:36.594,0.15,0.20,28,0.2,0.0,-0.033,99.8,100,HAYIR,HAYIR
2026-08-19 19:14:36.654,0.15,0.20,28,0.2,0.0,-0.032,98.4,99,HAYIR,HAYIR
2026-08-19 19:14:36.714,0.15,0.20,28,0.2,0.0,-0.032,99.0,99,HAYIR,HAYIR
2026-08-19 19:14:36.774,0.15,0.20,28,0.2,0.0,-0.032,98.3,98,HAYIR,HAYIR
2026-08-19 19:14:36.834,0.15,0.20,28,0.2,0.0,-0.031,97.1,98,HAYIR,HAYIR
2026-08-19 19:14:36.894,0.15,0.17,28,0.2,0.0,-0.031,97.2,97,HAYIR,HAYIR
2026-08-19 19:14:36.954,0.15,0.17,28,0.2,0.0,-0.031,95.9,96,HAYIR,HAYIR
2026-08-19 19:14:37.014,0.15,0.17,28,0.2,0.0,-0.031,96.4,96,HAYIR,HAYIR
2026-08-19 19:14:37.074,0.15,0.17,28,0.2,0.0,-0.031,95.4,95,HAYIR,HAYIR
2026-08-19 19:14:37.134,0.15,0.17,28,0.2,0.0,-0.030,94.2,95,HAYIR,HAYIR
2026-08-19 19:14:37.194,0.15,0.17,28,0.2,0.0,-0.030,94.3,94,HAYIR,HAYIR
2026-08-19 19:14:37.254,0.15,0.13,33,0.2,0.0,0.000,-0.0,93,HAYIR,HAYIR
2026-08-19 19:14:37.314,0.15,0.13,32,0.2,0.0,0.000,-0.0,92,HAYIR,HAYIR
2026-08-19 19:14:37.374,0.15,0.13,32,0.2,0.0,0.000,-0.0,90,HAYIR,HAYIR
2026-08-19 19:14:37.434,0.15,0.13,32,0.2,0.0,0.000,-0.0,88,HAYIR,HAYIR
2026-08-19 19:14:37.494,0.15,0.13,32,0.2,0.0,0.000,-0.0,86,HAYIR,HAYIR
2026-08-19 19:14:37.554,0.15,0.12,32,0.2,0.0,0.000,-0.0,85,HAYIR,HAYIR
2026-08-19 19:14:37.614,0.15,0.12,32,0.2,0.0,0.000,-0.0,83,HAYIR,HAYIR
2026-08-19 19:14:37.674,0.15,0.12,32,0.2,0.0,0.000,-0.0,81,HAYIR,HAYIR
2026-08-19 19:14:37.734,0.15,0.12,32,0.2,0.0,0.000,-0.0,80,HAYIR,HAYIR
2026-08-19 19:14:37.794,0.15,0.12,32,0.2,0.0,0.000,-0.0,78,HAYIR,HAYIR
2026-08-19 19:14:37.854,0.15,0.10,32,0.1,0.0,0.000,-0.0,76,HAYIR,HAYIR
2026-08-19 19:14:37.914,0.15,0.10,32,0.1,0.0,0.000,-0.0,75,HAYIR,HAYIR
2026-08-19 19:14:37.974,0.15,0.10,32,0.1,0.0,0.000,-0.0,73,HAYIR,HAYIR
2026-08-19 19:14:38.034,0.15,0.10,32,0.1,0.0,0.000,-0.0,71,HAYIR,HAYIR
2026-08-19 19:14:38.094,0.15,0.10,32,0.1,0.0,0.000,-0.0,70,HAYIR,HAYIR
2026-08-19 19:14:38.154,0.15,0.10,32,0.1,0.0,0.000,-0.0,68,HAYIR,HAYIR
2026-08-19 19:14:38.214,0.15,0.09,32,0.1,0.0,0.000,-0.0,66,HAYIR,HAYIR
2026-08-19 19:14:38.274,0.15,0.09,32,0.1,0.0,0.000,-0.0,65,HAYIR,HAYIR
2026-08-19 19:14:38.334,0.15,0.09,32,0.1,0.0,0.000,-0.0,63,HAYIR,HAYIR
2026-08-19 19:14:38.394,0.15,0.09,32,0.1,0.0,0.000,-0.0,61,HAYIR,HAYIR
2026-08-19 19:14:38.454,0.15,0.09,32,0.1,0.0,0.000,-0.0,60,HAYIR,HAYIR
2026-08-19 19:14:38.514,0.14,0.09,32,0.1,0.0,0.000,-0.0,58,HAYIR,HAYIR
2026-08-19 19:14:38.574,0.14,0.11,32,0.1,0.0,0.000,-0.0,56,HAYIR,HAYIR
2026-08-19 19:14:38.634,0.14,0.11,32,0.1,0.0,0.000,-0.0,55,HAYIR,HAYIR
2026-08-19 19:14:38.694,0.14,0.11,32,0.1,0.0,0.000,-0.0,53,HAYIR,HAYIR
2026-08-19 19:14:38.754,0.14,0.11,32,0.0,0.0,0.000,-0.0,51,HAYIR,HAYIR
2026-08-19 19:14:38.814,0.14,0.11,32,0.0,0.0,0.000,-0.0,50,HAYIR,HAYIR
2026-08-19 19:14:38.874,0.14,0.14,28,0.0,0.0,0.000,-0.0,48,HAYIR,HAYIR
2026-08-19 19:14:38.934,0.14,0.14,28,0.0,0.0,0.000,-0.0,46,HAYIR,HAYIR
2026-08-19 19:14:38.994,0.14,0.14,28,0.0,0.0,0.000,-0.0,44,HAYIR,HAYIR
2026-08-19 19:14:39.054,0.13,0.14,28,0.0,0.0,0.000,-0.0,43,HAYIR,HAYIR
2026-08-19 19:14:39.114,0.13,0.14,28,0.0,0.0,0.000,-0.0,41,HAYIR,HAYIR
2026-08-19 19:14:39.174,0.13,0.20,28,0.0,0.0,0.000,-0.0,39,HAYIR,HAYIR
2026-08-19 19:14:39.234,0.13,0.20,28,0.0,0.0,0.000,-0.0,38,HAYIR,HAYIR
2026-08-19 19:14:39.294,0.13,0.20,28,0.0,0.0,0.000,-0.0,36,HAYIR,HAYIR
2026-08-19 19:14:39.354,0.13,0.20,28,0.0,0.0,0.000,-0.0,34,HAYIR,HAYIR
2026-08-19 19:14:39.414,0.12,0.20,28,0.0,0.0,0.000,-0.0,33,HAYIR,HAYIR
2026-08-19 19:14:39.474,0.12,0.20,28,0.0,0.0,0.000,-0.0,31,HAYIR,HAYIR
2026-08-19 19:14:39.534,0.12,0.26,28,0.0,0.0,0.000,-0.0,29,HAYIR,HAYIR
2026-08-19 19:14:39.594,0.12,0.26,28,0.0,0.0,0.000,-0.0,28,HAYIR,HAYIR
2026-08-19 19:14:39.654,0.11,0.26,28,0.0,0.0,0.000,-0.0,26,HAYIR,HAYIR
2026-08-19 19:14:39.714,0.11,0.26,28,0.0,0.0,0.000,-0.0,24,HAYIR,HAYIR
2026-08-19 19:14:39.774,0.11,0.26,28,0.0,0.0,0.000,-0.0,23,HAYIR,HAYIR
2026-08-19 19:14:39.834,0.10,0.26,28,0.0,0.0,0.000,-0.0,21,HAYIR,HAYIR
2026-08-19 19:14:39.894,0.10,0.29,28,0.0,0.0,0.000,-0.0,19,HAYIR,HAYIR
2026-08-19 19:14:39.954,0.10,0.29,28,0.0,0.0,0.000,-0.0,18,HAYIR,HAYIR
2026-08-19 19:14:40.014,0.10,0.29,28,0.0,0.0,0.000,-0.0,16,HAYIR,HAYIR
2026-08-19 19:14:40.074,0.05,0.29,28,0.0,0.0,0.000,-0.0,14,HAYIR,HAYIR
2026-08-19 19:14:40.134,0.03,0.29,28,0.0,0.0,0.000,-0.0,13,HAYIR,HAYIR
2026-08-19 19:14:40.194,0.00,0.30,0,0.0,0.0,0.000,0.0,11,EVET,HAYIR
2026-08-19 19:14:40.254,0.00,0.30,0,0.0,0.0,0.000,0.0,9,EVET,HAYIR
2026-08-19 19:14:40.314,0.00,0.30,0,0.0,0.0,0.000,0.0,8,EVET,HAYIR
2026-08-19 19:14:40.374,0.00,0.30,0,0.0,0.0,0.000,0.0,6,EVET,HAYIR
2026-08-19 19:14:40.434,0.00,0.30,0,0.0,0.0,0.000,0.0,4,EVET,HAYIR
2026-08-19 19:14:40.494,0.00,0.30,0,0.0,0.0,0.000,0.0,2,EVET,HAYIR
2026-08-19 19:14:41.534,0.03,0.22,28,0.0,0.0,-0.050,160.0,2,HAYIR,HAYIR
2026-08-19 19:14:41.594,0.05,0.18,28,0.0,0.0,-0.083,160.0,4,HAYIR,HAYIR
2026-08-19 19:14:41.654,0.08,0.18,28,0.0,0.0,-0.084,160.0,6,HAYIR,HAYIR
2026-08-19 19:14:41.714,0.10,0.18,28,0.0,0.0,-0.084,160.0,8,HAYIR,HAYIR
2026-08-19 19:14:41.774,0.15,0.18,28,0.0,0.0,-0.084,160.0,9,HAYIR,HAYIR
2026-08-19 19:14:41.834,0.17,0.18,28,0.0,0.0,-0.084,160.0,11,HAYIR,HAYIR
2026-08-19 19:14:41.894,0.20,0.13,28,0.0,0.0,-0.084,160.0,13,HAYIR,HAYIR
2026-08-19 19:14:41.954,0.22,0.13,28,0.0,0.0,-0.084,160.0,14,HAYIR,HAYIR
2026-08-19 19:14:42.014,0.25,0.13,29,0.0,0.0,-0.084,147.6,16,HAYIR,HAYIR
2026-08-19 19:14:42.074,0.30,0.13,29,0.0,0.0,-0.084,126.3,18,HAYIR,HAYIR
2026-08-19 19:14:42.134,0.33,0.13,29,0.0,0.0,-0.085,118.0,19,HAYIR,HAYIR
2026-08-19 19:14:42.194,0.35,0.09,30,0.0,0.0,-0.084,109.4,21,HAYIR,HAYIR
2026-08-19 19:14:42.254,0.38,0.09,29,0.0,0.0,-0.084,102.9,23,HAYIR,HAYIR
2026-08-19 19:14:42.314,0.40,0.09,29,0.0,0.0,-0.084,96.4,24,HAYIR,HAYIR
2026-08-19 19:14:42.374,0.45,0.09,29,0.0,0.0,-0.084,86.7,26,HAYIR,HAYIR
2026-08-19 19:14:42.434,0.48,0.09,29,0.0,0.0,-0.084,82.2,28,HAYIR,HAYIR
2026-08-19 19:14:42.494,0.50,0.09,29,0.0,0.0,-0.083,77.7,29,HAYIR,HAYIR
2026-08-19 19:14:42.554,0.53,0.07,29,0.0,0.1,-0.083,74.0,31,HAYIR,HAYIR
2026-08-19 19:14:42.614,0.55,0.07,30,0.0,0.2,-0.083,70.4,33,HAYIR,HAYIR
2026-08-19 19:14:42.674,0.56,0.07,30,0.0,0.2,-0.083,68.7,34,HAYIR,HAYIR
2026-08-19 19:14:42.734,0.56,0.07,30,0.0,0.3,-0.083,68.8,36,HAYIR,HAYIR
2026-08-19 19:14:42.794,0.56,0.07,30,0.0,0.4,-0.082,68.4,38,HAYIR,HAYIR
2026-08-19 19:14:42.854,0.56,0.05,30,0.0,0.5,-0.082,68.3,39,HAYIR,HAYIR
2026-08-19 19:14:42.914,0.56,0.05,30,0.0,0.5,-0.082,67.6,41,HAYIR,HAYIR
2026-08-19 19:14:42.974,0.56,0.05,30,0.0,0.6,-0.081,67.5,43,HAYIR,HAYIR
2026-08-19 19:14:43.034,0.57,0.05,30,0.0,0.7,-0.081,67.5,44,HAYIR,HAYIR
2026-08-19 19:14:43.094,0.57,0.05,30,0.0,0.8,-0.081,67.2,46,HAYIR,HAYIR
2026-08-19 19:14:43.154,0.57,0.05,31,0.0,0.9,-0.081,67.1,48,HAYIR,HAYIR
2026-08-19 19:14:43.214,0.57,0.03,31,0.0,0.9,-0.081,66.8,50,HAYIR,HAYIR
2026-08-19 19:14:43.274,0.57,0.03,31,0.0,1.0,-0.081,66.9,51,HAYIR,HAYIR
2026-08-19 19:14:43.334,0.57,0.03,31,0.1,1.1,-0.080,66.2,53,HAYIR,HAYIR
2026-08-19 19:14:43.394,0.57,0.03,31,0.1,1.2,-0.080,66.1,55,HAYIR,HAYIR
2026-08-19 19:14:43.454,0.57,0.03,31,0.1,1.2,-0.080,65.9,56,HAYIR,HAYIR
2026-08-19 19:14:43.514,0.57,0.03,31,0.1,1.3,-0.079,65.4,58,HAYIR,HAYIR
2026-08-19 19:14:43.574,0.57,0.02,32,0.1,1.4,-0.079,65.1,60,HAYIR,HAYIR
2026-08-19 19:14:43.634,0.57,0.02,32,0.1,1.5,-0.079,65.0,61,HAYIR,HAYIR
2026-08-19 19:14:43.694,0.57,0.02,32,0.1,1.6,-0.079,64.9,63,HAYIR,HAYIR
2026-08-19 19:14:43.754,0.57,0.02,32,0.1,1.6,-0.079,64.9,65,HAYIR,HAYIR
2026-08-19 19:14:43.814,0.57,0.02,32,0.1,1.7,-0.065,53.6,63,HAYIR,HAYIR
2026-08-19 19:14:43.874,0.57,0.02,32,0.1,1.8,-0.065,53.3,61,HAYIR,HAYIR
2026-08-19 19:14:43.934,0.57,0.02,32,0.1,1.9,-0.065,53.3,60,HAYIR,HAYIR
2026-08-19 19:14:43.994,0.57,0.02,32,0.1,2.0,-0.064,53.3,58,HAYIR,HAYIR
2026-08-19 19:14:44.054,0.57,0.02,33,0.1,2.0,-0.064,53.2,56,HAYIR,HAYIR
2026-08-19 19:14:44.114,0.57,0.02,33,0.1,2.1,-0.064,53.2,55,HAYIR,HAYIR
2026-08-19 19:14:44.174,0.57,0.01,33,0.1,2.2,-0.064,53.0,53,HAYIR,HAYIR
2026-08-19 19:14:44.234,0.57,0.01,33,0.1,2.3,-0.065,53.2,53,HAYIR,HAYIR
2026-08-19 19:14:44.294,0.57,0.01,33,0.1,2.3,-0.065,53.2,53,HAYIR,HAYIR
2026-08-19 19:14:44.354,0.57,0.01,33,0.1,2.4,-0.064,52.9,53,HAYIR,HAYIR
2026-08-19 19:14:44.414,0.57,0.01,33,0.1,2.5,-0.064,52.7,53,HAYIR,HAYIR
2026-08-19 19:14:44.474,0.57,0.01,33,0.1,2.6,-0.064,52.9,53,HAYIR,HAYIR
2026-08-19 19:14:44.534,0.57,0.01,34,0.1,2.7,-0.064,52.9,53,HAYIR,HAYIR
2026-08-19 19:14:44.594,0.57,0.01,34,0.1,2.7,-0.064,53.0,53,HAYIR,HAYIR
2026-08-19 19:14:44.654,0.57,0.01,34,0.1,2.8,-0.064,52.8,53,HAYIR,HAYIR
2026-08-19 19:14:44.714,0.57,0.01,34,0.1,2.9,-0.064,53.0,53,HAYIR,HAYIR
2026-08-19 19:14:44.774,0.57,0.01,34,0.1,3.0,-0.064,53.1,53,HAYIR,HAYIR
2026-08-19 19:14:44.834,0.57,0.01,34,0.1,3.0,-0.064,53.1,53,HAYIR,HAYIR
2026-08-19 19:14:44.894,0.57,0.01,34,0.1,3.1,-0.064,53.1,53,HAYIR,HAYIR
2026-08-19 19:14:44.954,0.57,0.01,34,0.1,3.2,-0.064,53.1,53,HAYIR,HAYIR
2026-08-19 19:14:45.014,0.57,0.01,35,0.1,3.3,-0.064,53.1,53,HAYIR,HAYIR
2026-08-19 19:14:45.074,0.57,0.01,35,0.1,3.4,-0.064,53.1,53,HAYIR,HAYIR
2026-08-19 19:14:45.135,0.57,0.01,35,0.1,3.4,-0.064,53.1,53,HAYIR,HAYIR
2026-08-19 19:14:45.194,0.57,0.00,35,0.1,3.5,-0.064,52.9,53,HAYIR,HAYIR
2026-08-19 19:14:45.254,0.57,0.00,35,0.1,3.6,-0.064,53.1,53,HAYIR,HAYIR
2026-08-19 19:14:45.314,0.57,0.00,35,0.1,3.7,-0.064,53.1,53,HAYIR,HAYIR
2026-08-19 19:14:45.374,0.57,0.00,35,0.1,3.7,-0.065,53.2,53,HAYIR,HAYIR
2026-08-19 19:14:45.434,0.57,0.00,36,0.1,3.8,-0.064,53.1,53,HAYIR,HAYIR
2026-08-19 19:14:45.494,0.57,0.00,36,0.1,3.9,-0.065,53.2,53,HAYIR,HAYIR
2026-08-19 19:14:45.554,0.57,0.00,36,0.1,4.0,-0.064,53.0,53,HAYIR,HAYIR
2026-08-19 19:14:45.614,0.57,0.00,36,0.1,4.1,-0.064,53.1,53,HAYIR,HAYIR
2026-08-19 19:14:45.674,0.57,0.00,36,0.1,4.1,-0.064,53.1,53,HAYIR,HAYIR
2026-08-19 19:14:45.734,0.57,0.00,36,0.1,4.2,-0.064,53.1,53,HAYIR,HAYIR
2026-08-19 19:14:45.794,0.57,0.00,36,0.1,4.3,-0.065,53.3,53,HAYIR,HAYIR
2026-08-19 19:14:45.854,0.57,0.00,36,0.1,4.4,-0.065,53.3,53,HAYIR,HAYIR
2026-08-19 19:14:45.914,0.57,0.00,37,0.1,4.4,-0.065,53.5,53,HAYIR,HAYIR
2026-08-19 19:14:45.974,0.57,0.00,37,0.1,4.5,-0.065,53.6,54,HAYIR,HAYIR
2026-08-19 19:14:46.034,0.57,0.00,37,0.1,4.6,-0.065,53.5,54,HAYIR,HAYIR
2026-08-19 19:14:46.094,0.57,0.00,37,0.1,4.7,-0.065,53.8,54,HAYIR,HAYIR
2026-08-19 19:14:46.154,0.57,0.00,37,0.1,4.8,-0.065,53.8,54,HAYIR,HAYIR
2026-08-19 19:14:46.214,0.57,0.00,37,0.1,4.8,-0.065,53.7,54,HAYIR,HAYIR
2026-08-19 19:14:46.274,0.57,0.00,37,0.1,4.9,-0.065,53.7,54,HAYIR,HAYIR
2026-08-19 19:14:46.334,0.57,0.00,37,0.1,5.0,-0.065,53.6,54,HAYIR,HAYIR
2026-08-19 19:14:46.394,0.57,0.00,38,0.1,5.1,-0.065,53.8,54,HAYIR,HAYIR
2026-08-19 19:14:46.454,0.57,0.00,38,0.1,5.1,-0.065,53.7,54,HAYIR,HAYIR
2026-08-19 19:14:46.514,0.57,0.00,38,0.1,5.2,-0.065,53.9,54,HAYIR,HAYIR
2026-08-19 19:14:46.574,0.57,0.00,38,0.1,5.3,-0.066,54.1,54,HAYIR,HAYIR
2026-08-19 19:14:46.634,0.57,0.00,38,0.1,5.4,-0.066,54.1,54,HAYIR,HAYIR
2026-08-19 19:14:46.694,0.57,0.00,38,0.1,5.5,-0.066,54.2,54,HAYIR,HAYIR
2026-08-19 19:14:46.754,0.57,0.00,38,0.1,5.5,-0.066,54.1,54,HAYIR,HAYIR
2026-08-19 19:14:46.814,0.57,0.00,38,0.1,5.6,-0.066,54.2,54,HAYIR,HAYIR
2026-08-19 19:14:46.874,0.57,0.00,38,0.1,5.7,-0.066,54.2,54,HAYIR,HAYIR
2026-08-19 19:14:46.934,0.57,0.00,38,0.1,5.8,-0.066,54.2,54,HAYIR,HAYIR
2026-08-19 19:14:46.994,0.57,0.00,38,0.1,5.8,-0.066,54.2,54,HAYIR,HAYIR
2026-08-19 19:14:47.054,0.57,0.00,38,0.1,5.9,-0.065,54.1,54,HAYIR,HAYIR
2026-08-19 19:14:47.114,0.57,0.00,38,0.1,6.0,-0.065,54.1,54,HAYIR,HAYIR
2026-08-19 19:14:47.174,0.57,0.00,38,0.1,6.1,-0.065,53.9,54,HAYIR,HAYIR
2026-08-19 19:14:47.234,0.57,0.00,38,0.1,6.2,-0.065,53.8,54,HAYIR,HAYIR
2026-08-19 19:14:47.294,0.57,0.00,38,0.1,6.2,-0.065,53.8,54,HAYIR,HAYIR
2026-08-19 19:14:47.354,0.57,0.00,38,0.1,6.3,-0.065,53.7,54,HAYIR,HAYIR
2026-08-19 19:14:47.414,0.57,0.00,38,0.1,6.4,-0.065,53.8,54,HAYIR,HAYIR
2026-08-19 19:14:47.474,0.57,0.00,38,0.1,6.5,-0.065,53.8,54,HAYIR,HAYIR
2026-08-19 19:14:47.534,0.57,0.00,38,0.1,6.6,-0.065,53.7,54,HAYIR,HAYIR
2026-08-19 19:14:47.594,0.57,0.00,38,0.1,6.6,-0.065,53.7,54,HAYIR,HAYIR
2026-08-19 19:14:47.654,0.57,0.00,38,0.1,6.7,-0.065,53.6,54,HAYIR,HAYIR
2026-08-19 19:14:47.714,0.57,0.00,38,0.1,6.8,-0.065,53.6,54,HAYIR,HAYIR
2026-08-19 19:14:47.774,0.57,0.00,38,0.1,6.9,-0.065,53.5,54,HAYIR,HAYIR
2026-08-19 19:14:47.834,0.57,0.00,38,0.1,6.9,-0.065,53.4,53,HAYIR,HAYIR
2026-08-19 19:14:47.894,0.57,0.00,38,0.1,7.0,-0.065,53.5,53,HAYIR,HAYIR
2026-08-19 19:14:47.954,0.57,0.00,38,0.1,7.1,-0.064,53.3,53,HAYIR,HAYIR
2026-08-19 19:14:48.014,0.57,0.00,38,0.1,7.2,-0.065,53.4,53,HAYIR,HAYIR
2026-08-19 19:14:48.074,0.57,0.00,38,0.1,7.3,-0.065,53.6,54,HAYIR,HAYIR
2026-08-19 19:14:48.134,0.57,0.00,38,0.1,7.3,-0.065,53.6,54,HAYIR,HAYIR
2026-08-19 19:14:48.194,0.57,0.00,38,0.1,7.4,-0.065,53.7,54,HAYIR,HAYIR
2026-08-19 19:14:48.254,0.57,0.00,38,0.1,7.5,-0.065,53.6,54,HAYIR,HAYIR
2026-08-19 19:14:48.314,0.57,0.00,38,0.1,7.6,-0.065,53.7,54,HAYIR,HAYIR
2026-08-19 19:14:48.374,0.57,0.00,38,0.1,7.6,-0.065,53.5,53,HAYIR,HAYIR
2026-08-19 19:14:48.434,0.57,0.00,38,0.1,7.7,-0.064,53.4,53,HAYIR,HAYIR
2026-08-19 19:14:48.494,0.57,0.00,38,0.1,7.8,-0.064,53.3,53,HAYIR,HAYIR
2026-08-19 19:14:48.554,0.57,0.00,38,0.1,7.9,-0.064,53.3,53,HAYIR,HAYIR
2026-08-19 19:14:48.614,0.57,0.00,38,0.1,8.0,-0.064,53.4,53,HAYIR,HAYIR
2026-08-19 19:14:48.674,0.57,0.00,38,0.1,8.0,-0.064,53.2,53,HAYIR,HAYIR
2026-08-19 19:14:48.734,0.57,0.00,38,0.1,8.1,-0.064,53.1,53,HAYIR,HAYIR
2026-08-19 19:14:48.794,0.57,0.00,38,0.1,8.2,-0.064,53.1,53,HAYIR,HAYIR
2026-08-19 19:14:48.854,0.57,0.00,38,0.1,8.3,-0.064,53.1,53,HAYIR,HAYIR
2026-08-19 19:14:48.914,0.57,0.00,38,0.1,8.3,-0.064,53.2,53,HAYIR,HAYIR
2026-08-19 19:14:48.974,0.57,0.00,38,0.1,8.4,-0.064,53.3,53,HAYIR,HAYIR
2026-08-19 19:14:49.034,0.57,0.00,38,0.1,8.5,-0.064,53.3,53,HAYIR,HAYIR
2026-08-19 19:14:49.094,0.57,0.00,38,0.1,8.6,-0.064,53.3,53,HAYIR,HAYIR
2026-08-19 19:14:49.154,0.57,0.00,38,0.1,8.7,-0.064,53.3,53,HAYIR,HAYIR
2026-08-19 19:14:49.214,0.57,0.00,38,0.1,8.7,-0.064,53.3,53,HAYIR,HAYIR
2026-08-19 19:14:49.274,0.57,0.00,38,0.1,8.8,-0.064,53.4,53,HAYIR,HAYIR
2026-08-19 19:14:49.334,0.57,0.00,38,0.1,8.9,-0.089,72.7,54,HAYIR,HAYIR
2026-08-19 19:14:49.394,0.57,0.00,38,0.1,9.0,-0.089,72.7,56,HAYIR,HAYIR
2026-08-19 19:14:49.454,0.57,0.00,38,0.1,9.0,-0.088,72.7,57,HAYIR,HAYIR
2026-08-19 19:14:49.514,0.57,0.00,38,0.1,9.1,-0.088,72.7,59,HAYIR,HAYIR
2026-08-19 19:14:49.574,0.57,0.00,38,0.1,9.2,-0.088,72.6,61,HAYIR,HAYIR
2026-08-19 19:14:49.634,0.57,0.00,38,0.1,9.3,-0.089,72.8,62,HAYIR,HAYIR
2026-08-19 19:14:49.694,0.57,0.00,38,0.1,9.4,-0.089,72.9,64,HAYIR,HAYIR
2026-08-19 19:14:49.754,0.57,0.00,38,0.1,9.4,-0.089,72.9,66,HAYIR,HAYIR
2026-08-19 19:14:49.814,0.57,0.00,38,0.1,9.5,-0.089,73.1,67,HAYIR,HAYIR
2026-08-19 19:14:49.874,0.57,0.00,38,0.1,9.6,-0.089,73.2,69,HAYIR,HAYIR
2026-08-19 19:14:49.934,0.57,0.00,38,0.1,9.7,-0.089,73.3,71,HAYIR,HAYIR
2026-08-19 19:14:49.994,0.57,0.00,38,0.1,9.7,-0.089,73.3,72,HAYIR,HAYIR
2026-08-19 19:14:50.054,0.57,0.00,38,0.1,9.8,-0.089,73.3,73,HAYIR,HAYIR
2026-08-19 19:14:50.114,0.57,0.00,38,0.1,9.9,-0.089,73.4,73,HAYIR,HAYIR
2026-08-19 19:14:50.174,0.57,0.00,38,0.1,10.0,-0.089,73.4,73,HAYIR,HAYIR
2026-08-19 19:14:50.234,0.57,0.00,38,0.1,10.1,-0.090,73.5,73,HAYIR,HAYIR
2026-08-19 19:14:50.294,0.57,0.00,38,0.1,10.1,-0.089,73.5,73,HAYIR,HAYIR
2026-08-19 19:14:50.354,0.57,0.00,38,0.1,10.2,-0.089,73.4,73,HAYIR,HAYIR
2026-08-19 19:14:50.414,0.57,0.00,38,0.1,10.3,-0.089,73.5,73,HAYIR,HAYIR
2026-08-19 19:14:50.474,0.57,0.00,38,0.1,10.4,-0.089,73.1,73,HAYIR,HAYIR
2026-08-19 19:14:50.534,0.57,0.00,38,0.1,10.5,-0.088,72.6,73,HAYIR,HAYIR
2026-08-19 19:14:50.594,0.57,0.00,38,0.1,10.5,-0.088,72.3,72,HAYIR,HAYIR
2026-08-19 19:14:50.654,0.57,0.00,38,0.1,10.6,-0.087,71.7,72,HAYIR,HAYIR
2026-08-19 19:14:50.714,0.57,0.00,38,0.1,10.7,-0.087,71.4,71,HAYIR,HAYIR
2026-08-19 19:14:50.774,0.57,0.00,38,0.1,10.8,-0.085,70.3,70,HAYIR,HAYIR
2026-08-19 19:14:50.834,0.57,0.00,38,0.1,10.8,-0.084,69.1,70,HAYIR,HAYIR
2026-08-19 19:14:50.894,0.57,0.04,38,0.1,10.9,-0.083,68.7,69,HAYIR,HAYIR
2026-08-19 19:14:50.954,0.57,0.04,38,0.1,11.0,-0.081,67.4,68,HAYIR,HAYIR
2026-08-19 19:14:51.014,0.56,0.04,38,0.1,11.1,-0.081,67.4,67,HAYIR,HAYIR
2026-08-19 19:14:51.074,0.56,0.04,38,0.1,11.2,-0.080,66.4,66,HAYIR,HAYIR
2026-08-19 19:14:51.134,0.56,0.04,38,0.1,11.2,-0.078,64.9,66,HAYIR,HAYIR
2026-08-19 19:14:51.194,0.56,0.12,36,0.1,0.0,-0.077,64.5,64,HAYIR,HAYIR
2026-08-19 19:14:51.254,0.56,0.12,36,0.1,0.0,-0.076,63.7,64,HAYIR,HAYIR
2026-08-19 19:14:51.314,0.56,0.12,36,0.1,0.0,-0.076,64.0,64,HAYIR,HAYIR
2026-08-19 19:14:51.374,0.55,0.12,36,0.1,0.0,-0.074,63.0,63,HAYIR,HAYIR
2026-08-19 19:14:51.434,0.55,0.12,36,0.1,0.0,-0.073,62.1,62,HAYIR,HAYIR
2026-08-19 19:14:51.494,0.55,0.12,36,0.1,0.0,-0.073,62.1,62,HAYIR,HAYIR
2026-08-19 19:14:51.554,0.55,0.15,35,0.1,0.0,-0.072,61.3,61,HAYIR,HAYIR
2026-08-19 19:14:51.614,0.55,0.15,36,0.1,0.0,-0.071,61.0,61,HAYIR,HAYIR
2026-08-19 19:14:51.674,0.54,0.15,36,0.1,0.0,-0.069,59.3,59,HAYIR,HAYIR
2026-08-19 19:14:51.734,0.54,0.15,36,0.1,0.0,-0.067,58.2,59,HAYIR,HAYIR
2026-08-19 19:14:51.794,0.54,0.15,36,0.1,0.0,-0.066,57.5,58,HAYIR,HAYIR
2026-08-19 19:14:51.854,0.54,0.15,36,0.1,0.0,-0.065,56.6,57,HAYIR,HAYIR
2026-08-19 19:14:51.914,0.54,0.22,36,0.1,0.0,-0.064,56.0,56,HAYIR,HAYIR
2026-08-19 19:14:51.974,0.53,0.22,36,0.1,0.0,-0.061,54.0,54,HAYIR,HAYIR
2026-08-19 19:14:52.034,0.53,0.22,36,0.1,0.0,-0.058,51.8,53,HAYIR,HAYIR
2026-08-19 19:14:52.094,0.53,0.22,36,0.1,0.0,-0.057,51.2,52,HAYIR,HAYIR
2026-08-19 19:14:52.154,0.52,0.22,36,0.0,0.0,-0.055,49.4,50,HAYIR,HAYIR
2026-08-19 19:14:52.214,0.52,0.31,36,0.0,0.0,-0.055,49.8,50,HAYIR,HAYIR
2026-08-19 19:14:52.274,0.52,0.31,36,0.0,0.0,-0.053,48.5,48,HAYIR,HAYIR
2026-08-19 19:14:52.334,0.51,0.31,36,0.0,0.0,-0.050,46.4,48,HAYIR,HAYIR
2026-08-19 19:14:52.394,0.51,0.31,36,0.0,0.0,-0.049,45.8,46,HAYIR,HAYIR
2026-08-19 19:14:52.454,0.51,0.31,36,0.0,0.0,-0.049,45.8,46,HAYIR,HAYIR
2026-08-19 19:14:52.514,0.50,0.39,33,0.0,0.0,-0.048,45.3,45,HAYIR,HAYIR
2026-08-19 19:14:52.574,0.50,0.39,36,0.0,0.0,-0.046,43.4,44,HAYIR,HAYIR
2026-08-19 19:14:52.634,0.49,0.39,36,0.0,0.0,-0.043,41.3,43,HAYIR,HAYIR
2026-08-19 19:14:52.694,0.49,0.39,36,0.0,0.0,-0.042,40.4,41,HAYIR,HAYIR
2026-08-19 19:14:52.754,0.49,0.39,36,0.0,0.0,-0.043,42.1,42,HAYIR,HAYIR
2026-08-19 19:14:52.814,0.48,0.39,36,0.0,0.0,-0.043,41.8,42,HAYIR,HAYIR
2026-08-19 19:14:52.874,0.48,0.40,36,0.0,0.0,-0.035,34.8,40,HAYIR,HAYIR
2026-08-19 19:14:52.934,0.48,0.40,36,0.0,0.0,-0.034,33.4,38,HAYIR,HAYIR
2026-08-19 19:14:52.994,0.47,0.40,36,0.0,0.0,-0.033,33.0,37,HAYIR,HAYIR
2026-08-19 19:14:53.054,0.47,0.40,36,0.0,0.0,-0.031,31.1,35,HAYIR,HAYIR
2026-08-19 19:14:53.114,0.47,0.40,36,0.0,0.0,-0.030,30.4,33,HAYIR,HAYIR
2026-08-19 19:14:53.174,0.46,0.40,36,0.0,0.0,0.000,-0.0,32,HAYIR,HAYIR
2026-08-19 19:14:53.234,0.46,0.39,36,0.0,0.0,0.000,-0.0,30,HAYIR,HAYIR
2026-08-19 19:14:53.294,0.46,0.39,36,0.0,0.0,0.000,-0.0,28,HAYIR,HAYIR
2026-08-19 19:14:53.354,0.46,0.39,36,0.0,0.0,0.000,-0.0,27,HAYIR,HAYIR
2026-08-19 19:14:53.414,0.45,0.39,36,0.0,0.0,0.000,-0.0,25,HAYIR,HAYIR
2026-08-19 19:14:53.474,0.45,0.39,36,0.0,0.0,0.000,-0.0,23,HAYIR,HAYIR
2026-08-19 19:14:53.534,0.45,0.36,36,0.0,0.0,0.000,-0.0,22,HAYIR,HAYIR
2026-08-19 19:14:53.594,0.45,0.36,36,0.0,0.0,0.000,-0.0,20,HAYIR,HAYIR
2026-08-19 19:14:53.654,0.44,0.36,36,0.0,0.0,0.000,-0.0,18,HAYIR,HAYIR
2026-08-19 19:14:53.714,0.44,0.36,36,0.0,0.0,0.000,-0.0,17,HAYIR,HAYIR
2026-08-19 19:14:53.774,0.44,0.36,36,0.0,0.0,0.000,-0.0,15,HAYIR,HAYIR
2026-08-19 19:14:53.834,0.44,0.36,36,0.0,0.0,0.000,-0.0,13,HAYIR,HAYIR
2026-08-19 19:14:53.894,0.44,0.36,36,0.0,0.0,0.000,-0.0,12,HAYIR,HAYIR
2026-08-19 19:14:53.954,0.43,0.36,36,0.0,0.0,0.000,-0.0,10,HAYIR,HAYIR
2026-08-19 19:14:54.014,0.43,0.36,36,0.0,0.0,0.000,-0.0,8,HAYIR,HAYIR
2026-08-19 19:14:54.074,0.43,0.36,36,0.0,0.0,0.000,-0.0,6,HAYIR,HAYIR
2026-08-19 19:14:54.134,0.43,0.36,36,0.0,0.0,0.000,-0.0,5,HAYIR,HAYIR
2026-08-19 19:14:54.194,0.42,0.39,36,0.0,0.0,0.000,-0.0,3,HAYIR,HAYIR
2026-08-19 19:14:54.254,0.42,0.39,36,0.0,0.0,0.000,-0.0,1,HAYIR,HAYIR
2026-08-19 19:14:54.314,0.42,0.39,36,0.0,0.0,0.000,-0.0,0,HAYIR,HAYIR
2026-08-19 19:14:54.374,0.42,0.39,36,0.0,0.0,0.000,-0.0,0,HAYIR,HAYIR
2026-08-19 19:14:54.434,0.41,0.39,36,0.0,0.0,0.000,-0.0,0,HAYIR,HAYIR
2026-08-19 19:14:54.494,0.41,0.38,36,0.0,0.0,0.000,-0.0,0,HAYIR,HAYIR
2026-08-19 19:14:54.554,0.41,0.38,36,0.0,0.0,0.000,-0.0,0,HAYIR,HAYIR
2026-08-19 19:14:54.614,0.41,0.38,36,0.0,0.0,0.000,-0.0,0,HAYIR,HAYIR
2026-08-19 19:14:54.674,0.41,0.38,36,0.0,0.0,0.000,-0.0,0,HAYIR,HAYIR
2026-08-19 19:14:54.734,0.40,0.38,36,0.0,0.0,0.000,-0.0,0,HAYIR,HAYIR
2026-08-19 19:14:54.794,0.40,0.38,36,0.0,0.0,0.000,-0.0,0,HAYIR,HAYIR
2026-08-19 19:14:54.854,0.40,0.38,36,0.0,0.0,0.000,-0.0,0,HAYIR,HAYIR
2026-08-19 19:14:54.914,0.40,0.38,36,0.0,0.0,0.000,-0.0,0,HAYIR,HAYIR
2026-08-19 19:14:54.974,0.39,0.38,36,0.0,0.0,0.000,-0.0,0,HAYIR,HAYIR
2026-08-19 19:14:55.034,0.39,0.38,36,0.0,0.0,0.000,-0.0,0,HAYIR,HAYIR
2026-08-19 19:14:55.094,0.39,0.38,36,0.0,0.0,0.000,-0.0,0,HAYIR,HAYIR
2026-08-19 19:14:55.154,0.39,0.38,36,0.0,0.0,0.000,-0.0,0,HAYIR,HAYIR
2026-08-19 19:14:55.214,0.39,0.38,36,0.0,0.0,0.000,-0.0,0,HAYIR,HAYIR
2026-08-19 19:14:55.274,0.38,0.38,36,0.0,0.0,-0.032,40.0,2,HAYIR,HAYIR
2026-08-19 19:14:55.334,0.38,0.38,36,0.0,0.0,-0.032,39.9,3,HAYIR,HAYIR
2026-08-19 19:14:55.394,0.38,0.38,36,0.0,0.0,-0.032,40.0,5,HAYIR,HAYIR
2026-08-19 19:14:55.454,0.38,0.38,36,0.0,0.0,-0.032,40.1,7,HAYIR,HAYIR
2026-08-19 19:14:55.514,0.38,0.38,36,0.0,0.0,-0.032,40.6,8,HAYIR,HAYIR
2026-08-19 19:14:55.574,0.38,0.37,36,0.0,0.0,-0.036,45.0,10,HAYIR,HAYIR
2026-08-19 19:14:55.634,0.37,0.37,36,0.0,0.0,-0.035,45.0,12,HAYIR,HAYIR
2026-08-19 19:14:55.694,0.37,0.37,36,0.0,0.0,-0.035,45.1,13,HAYIR,HAYIR
2026-08-19 19:14:55.754,0.37,0.37,36,0.0,0.0,-0.036,45.4,15,HAYIR,HAYIR
2026-08-19 19:14:55.814,0.37,0.37,36,0.0,0.0,-0.036,45.7,17,HAYIR,HAYIR
2026-08-19 19:14:55.874,0.37,0.35,36,0.0,0.0,-0.035,45.1,18,HAYIR,HAYIR
2026-08-19 19:14:55.934,0.36,0.35,36,0.0,0.0,-0.039,50.0,20,HAYIR,HAYIR
2026-08-19 19:14:55.994,0.36,0.35,36,0.0,0.0,-0.039,50.3,22,HAYIR,HAYIR
2026-08-19 19:14:56.054,0.36,0.35,36,0.0,0.0,-0.039,50.6,24,HAYIR,HAYIR
2026-08-19 19:14:56.114,0.36,0.35,36,0.0,0.0,-0.039,50.4,25,HAYIR,HAYIR
2026-08-19 19:14:56.174,0.36,0.35,36,0.0,0.0,0.000,-0.0,24,HAYIR,HAYIR
2026-08-19 19:14:56.234,0.36,0.35,36,0.0,0.0,0.000,-0.0,22,HAYIR,HAYIR
2026-08-19 19:14:56.294,0.36,0.35,36,0.0,0.0,0.000,-0.0,20,HAYIR,HAYIR
2026-08-19 19:14:56.354,0.35,0.35,36,0.0,0.0,0.000,-0.0,18,HAYIR,HAYIR
2026-08-19 19:14:56.414,0.35,0.35,36,0.0,0.0,0.000,-0.0,17,HAYIR,HAYIR
2026-08-19 19:14:56.474,0.35,0.35,36,0.0,0.0,0.000,-0.0,15,HAYIR,HAYIR
2026-08-19 19:14:56.534,0.35,0.35,28,0.0,0.0,0.000,-0.0,13,HAYIR,HAYIR
2026-08-19 19:14:56.594,0.34,0.40,28,0.0,0.0,0.000,-0.0,12,HAYIR,HAYIR
2026-08-19 19:14:56.654,0.34,0.40,28,0.0,0.0,0.000,-0.0,10,HAYIR,HAYIR
2026-08-19 19:14:56.714,0.34,0.40,28,0.0,0.0,0.000,-0.0,8,HAYIR,HAYIR
2026-08-19 19:14:56.774,0.34,0.40,28,0.0,0.0,0.000,-0.0,7,HAYIR,HAYIR
2026-08-19 19:14:56.834,0.33,0.40,28,0.0,0.0,0.000,-0.0,5,HAYIR,HAYIR
2026-08-19 19:14:56.894,0.33,0.41,28,0.0,0.0,0.000,-0.0,3,HAYIR,HAYIR
2026-08-19 19:14:56.954,0.33,0.41,28,0.0,0.0,0.000,-0.0,2,HAYIR,HAYIR
2026-08-19 19:14:57.014,0.33,0.41,28,0.0,0.0,0.000,-0.0,0,HAYIR,HAYIR
2026-08-19 19:14:57.074,0.32,0.41,28,0.0,0.0,0.000,-0.0,0,HAYIR,HAYIR
2026-08-19 19:14:57.134,0.32,0.41,28,0.0,0.0,0.000,-0.0,0,HAYIR,HAYIR
2026-08-19 19:14:57.194,0.32,0.40,28,0.0,0.0,0.000,-0.0,0,HAYIR,HAYIR
2026-08-19 19:14:57.254,0.32,0.40,28,0.0,0.0,0.000,-0.0,0,HAYIR,HAYIR
2026-08-19 19:14:57.314,0.31,0.40,28,0.0,0.0,0.000,-0.0,0,HAYIR,HAYIR
2026-08-19 19:14:57.374,0.31,0.40,28,0.0,0.0,0.000,-0.0,0,HAYIR,HAYIR
2026-08-19 19:14:57.434,0.31,0.40,28,0.0,0.0,0.000,-0.0,0,HAYIR,HAYIR
2026-08-19 19:14:57.494,0.31,0.40,28,0.0,0.0,0.000,-0.0,0,HAYIR,HAYIR
2026-08-19 19:14:57.554,0.31,0.37,28,0.0,0.0,0.000,-0.0,0,HAYIR,HAYIR
2026-08-19 19:14:57.614,0.30,0.37,28,0.0,0.0,0.000,-0.0,0,HAYIR,HAYIR
2026-08-19 19:14:57.674,0.30,0.37,28,0.0,0.0,0.000,-0.0,0,HAYIR,HAYIR
2026-08-19 19:14:57.734,0.30,0.37,28,0.0,0.0,0.000,-0.0,0,HAYIR,HAYIR
2026-08-19 19:14:57.794,0.30,0.37,28,0.0,0.0,0.000,-0.0,0,HAYIR,HAYIR
2026-08-19 19:14:57.854,0.30,0.35,28,0.0,0.0,0.000,-0.0,0,HAYIR,HAYIR
2026-08-19 19:14:57.914,0.30,0.35,28,0.0,0.0,0.000,-0.0,0,HAYIR,HAYIR
2026-08-19 19:14:57.974,0.29,0.35,28,0.0,0.0,0.000,-0.0,0,HAYIR,HAYIR
2026-08-19 19:14:58.034,0.29,0.35,28,0.0,0.0,0.000,-0.0,0,HAYIR,HAYIR
2026-08-19 19:14:58.094,0.29,0.35,28,0.0,0.0,0.000,-0.0,0,HAYIR,HAYIR
2026-08-19 19:14:58.154,0.29,0.35,28,0.0,0.0,0.000,-0.0,0,HAYIR,HAYIR
2026-08-19 19:14:58.214,0.29,0.30,28,0.0,0.0,0.000,-0.0,0,HAYIR,HAYIR
2026-08-19 19:14:58.274,0.29,0.30,28,0.0,0.0,0.000,-0.0,0,HAYIR,HAYIR
2026-08-19 19:14:58.334,0.29,0.30,28,0.0,0.0,0.000,-0.0,0,HAYIR,HAYIR
2026-08-19 19:14:58.394,0.29,0.30,28,0.0,0.0,0.000,-0.0,0,HAYIR,HAYIR
2026-08-19 19:14:58.454,0.28,0.30,28,0.0,0.0,0.000,-0.0,0,HAYIR,HAYIR
2026-08-19 19:14:58.514,0.28,0.30,28,0.0,0.0,0.000,-0.0,0,HAYIR,HAYIR
2026-08-19 19:14:58.574,0.28,0.25,36,0.0,0.0,0.000,-0.0,0,HAYIR,HAYIR
2026-08-19 19:14:58.634,0.28,0.25,36,0.0,0.0,0.000,-0.0,0,HAYIR,HAYIR
2026-08-19 19:14:58.694,0.28,0.25,36,0.0,0.0,0.000,-0.0,0,HAYIR,HAYIR
2026-08-19 19:14:58.754,0.28,0.25,36,0.0,0.0,0.000,-0.0,0,HAYIR,HAYIR
2026-08-19 19:14:58.814,0.28,0.25,36,0.0,0.0,0.000,-0.0,0,HAYIR,HAYIR
2026-08-19 19:14:58.874,0.28,0.20,36,0.0,0.0,0.000,-0.0,0,HAYIR,HAYIR
2026-08-19 19:14:58.934,0.28,0.20,36,0.0,0.0,0.000,-0.0,0,HAYIR,HAYIR
2026-08-19 19:14:58.994,0.28,0.20,36,0.0,0.0,0.000,-0.0,0,HAYIR,HAYIR
2026-08-19 19:14:59.054,0.28,0.20,36,0.0,0.0,0.000,-0.0,0,HAYIR,HAYIR
2026-08-19 19:14:59.114,0.28,0.20,36,0.0,0.0,0.000,-0.0,0,HAYIR,HAYIR
2026-08-19 19:14:59.174,0.28,0.17,36,0.0,0.0,0.000,-0.0,0,HAYIR,HAYIR
2026-08-19 19:14:59.234,0.28,0.17,36,0.0,0.0,0.000,-0.0,0,HAYIR,HAYIR
2026-08-19 19:14:59.294,0.28,0.17,36,0.0,0.0,0.000,-0.0,0,HAYIR,HAYIR
2026-08-19 19:14:59.354,0.28,0.17,36,0.0,0.0,0.000,-0.0,0,HAYIR,HAYIR
2026-08-19 19:14:59.414,0.28,0.17,36,0.0,0.0,0.000,-0.0,0,HAYIR,HAYIR
2026-08-19 19:14:59.474,0.28,0.17,36,0.0,0.0,0.000,-0.0,0,HAYIR,HAYIR
2026-08-19 19:14:59.534,0.28,0.18,36,0.0,0.0,0.000,-0.0,0,HAYIR,HAYIR
2026-08-19 19:14:59.594,0.28,0.18,36,0.0,0.0,0.000,-0.0,0,HAYIR,HAYIR
2026-08-19 19:14:59.654,0.28,0.18,36,0.0,0.0,0.000,-0.0,0,HAYIR,HAYIR
2026-08-19 19:14:59.714,0.28,0.18,36,0.0,0.0,0.000,-0.0,0,HAYIR,HAYIR
2026-08-19 19:14:59.774,0.27,0.18,36,0.0,0.0,0.000,-0.0,0,HAYIR,HAYIR
2026-08-19 19:14:59.834,0.27,0.18,36,0.0,0.0,0.000,-0.0,0,HAYIR,HAYIR
2026-08-19 19:14:59.894,0.27,0.25,34,0.0,0.0,0.000,-0.0,0,HAYIR,HAYIR
2026-08-19 19:14:59.954,0.27,0.25,36,0.0,0.0,0.000,-0.0,0,HAYIR,HAYIR
2026-08-19 19:15:00.014,0.27,0.25,36,0.0,0.0,0.000,-0.0,0,HAYIR,HAYIR
2026-08-19 19:15:00.074,0.26,0.25,36,0.0,0.0,0.000,-0.0,0,HAYIR,HAYIR
2026-08-19 19:15:00.134,0.26,0.25,36,0.0,0.0,0.000,-0.0,0,HAYIR,HAYIR
2026-08-19 19:15:00.194,0.26,0.25,36,0.0,0.0,0.000,-0.0,0,HAYIR,HAYIR
2026-08-19 19:15:00.254,0.26,0.27,28,0.0,0.0,0.000,-0.0,0,HAYIR,HAYIR
2026-08-19 19:15:00.314,0.26,0.27,28,0.0,0.0,0.000,-0.0,0,HAYIR,HAYIR
2026-08-19 19:15:00.374,0.26,0.27,28,0.0,0.0,0.000,-0.0,0,HAYIR,HAYIR
2026-08-19 19:15:00.434,0.25,0.27,28,0.0,0.0,0.000,-0.0,0,HAYIR,HAYIR
2026-08-19 19:15:00.494,0.25,0.27,28,0.0,0.0,0.000,-0.0,0,HAYIR,HAYIR
2026-08-19 19:15:00.554,0.25,0.26,28,0.0,0.0,0.000,-0.0,0,HAYIR,HAYIR
2026-08-19 19:15:00.614,0.25,0.26,28,0.0,0.0,0.000,-0.0,0,HAYIR,HAYIR
2026-08-19 19:15:00.674,0.25,0.26,28,0.0,0.0,0.000,-0.0,0,HAYIR,HAYIR
2026-08-19 19:15:00.734,0.24,0.26,28,0.0,0.0,0.000,-0.0,0,HAYIR,HAYIR
2026-08-19 19:15:00.794,0.24,0.26,28,0.0,0.0,0.000,-0.0,0,HAYIR,HAYIR
2026-08-19 19:15:00.854,0.24,0.25,28,0.0,0.0,0.000,-0.0,0,HAYIR,HAYIR
2026-08-19 19:15:00.914,0.24,0.25,28,0.0,0.0,0.000,-0.0,0,HAYIR,HAYIR
2026-08-19 19:15:00.974,0.24,0.25,28,0.0,0.0,0.000,-0.0,0,HAYIR,HAYIR
2026-08-19 19:15:01.034,0.24,0.25,28,0.0,0.0,0.000,-0.0,0,HAYIR,HAYIR
2026-08-19 19:15:01.094,0.24,0.25,28,0.0,0.0,0.000,-0.0,0,HAYIR,HAYIR
2026-08-19 19:15:01.154,0.23,0.25,28,0.0,0.0,0.000,-0.0,0,HAYIR,HAYIR
2026-08-19 19:15:01.214,0.23,0.22,36,0.0,0.0,0.000,-0.0,0,HAYIR,HAYIR
2026-08-19 19:15:01.274,0.23,0.22,36,0.0,0.0,0.000,-0.0,0,HAYIR,HAYIR
2026-08-19 19:15:01.334,0.23,0.22,36,0.0,0.0,0.000,-0.0,0,HAYIR,HAYIR
2026-08-19 19:15:01.394,0.23,0.22,36,0.0,0.0,0.000,-0.0,0,HAYIR,HAYIR
2026-08-19 19:15:01.454,0.23,0.22,36,0.0,0.0,0.000,-0.0,0,HAYIR,HAYIR
2026-08-19 19:15:01.514,0.23,0.22,36,0.0,0.0,0.000,-0.0,0,HAYIR,HAYIR
2026-08-19 19:15:01.574,0.23,0.18,36,0.0,0.0,0.000,-0.0,0,HAYIR,HAYIR
2026-08-19 19:15:01.634,0.23,0.18,36,0.0,0.0,0.000,-0.0,0,HAYIR,HAYIR
2026-08-19 19:15:01.694,0.23,0.18,36,0.0,0.0,0.000,-0.0,0,HAYIR,HAYIR
2026-08-19 19:15:01.754,0.23,0.18,36,0.0,0.0,0.000,-0.0,0,HAYIR,HAYIR
2026-08-19 19:15:01.814,0.23,0.18,36,0.0,0.0,0.000,-0.0,0,HAYIR,HAYIR
2026-08-19 19:15:01.874,0.23,0.14,36,0.0,0.0,0.000,-0.0,0,HAYIR,HAYIR
2026-08-19 19:15:01.934,0.23,0.14,36,0.0,0.0,0.000,-0.0,0,HAYIR,HAYIR
2026-08-19 19:15:01.994,0.23,0.14,36,0.0,0.0,0.000,-0.0,0,HAYIR,HAYIR
2026-08-19 19:15:02.054,0.23,0.14,36,0.0,0.0,0.000,-0.0,0,HAYIR,HAYIR
2026-08-19 19:15:02.114,0.23,0.14,36,0.0,0.0,0.000,-0.0,0,HAYIR,HAYIR
2026-08-19 19:15:02.174,0.22,0.14,36,0.0,0.0,0.000,-0.0,0,HAYIR,HAYIR
2026-08-19 19:15:02.234,0.22,0.16,36,0.0,0.0,0.000,-0.0,0,HAYIR,HAYIR
2026-08-19 19:15:02.294,0.22,0.16,36,0.0,0.0,0.000,-0.0,0,HAYIR,HAYIR
2026-08-19 19:15:02.354,0.22,0.16,36,0.0,0.0,0.000,-0.0,0,HAYIR,HAYIR
2026-08-19 19:15:02.414,0.22,0.16,36,0.0,0.0,0.000,-0.0,0,HAYIR,HAYIR
2026-08-19 19:15:02.474,0.22,0.16,36,0.0,0.0,0.000,-0.0,0,HAYIR,HAYIR
2026-08-19 19:15:02.534,0.22,0.23,28,0.0,0.0,0.000,-0.0,0,HAYIR,HAYIR
2026-08-19 19:15:02.594,0.22,0.23,28,0.0,0.0,0.000,-0.0,0,HAYIR,HAYIR
2026-08-19 19:15:02.654,0.21,0.23,28,0.0,0.0,0.000,-0.0,0,HAYIR,HAYIR
2026-08-19 19:15:02.714,0.21,0.23,28,0.0,0.0,0.000,-0.0,0,HAYIR,HAYIR
2026-08-19 19:15:02.774,0.21,0.23,28,0.0,0.0,0.000,-0.0,0,HAYIR,HAYIR
2026-08-19 19:15:02.834,0.21,0.27,28,0.0,0.0,0.000,-0.0,0,HAYIR,HAYIR
2026-08-19 19:15:02.894,0.20,0.27,28,0.0,0.0,0.000,-0.0,0,HAYIR,HAYIR
2026-08-19 19:15:02.954,0.20,0.27,28,0.0,0.0,0.000,-0.0,0,HAYIR,HAYIR
2026-08-19 19:15:03.014,0.20,0.27,28,0.0,0.0,0.000,-0.0,0,HAYIR,HAYIR
2026-08-19 19:15:03.074,0.20,0.27,28,0.0,0.0,0.000,-0.0,0,HAYIR,HAYIR
2026-08-19 19:15:03.134,0.20,0.27,28,0.0,0.0,0.000,-0.0,0,HAYIR,HAYIR
2026-08-19 19:15:03.194,0.20,0.27,28,0.0,0.0,0.000,-0.0,0,HAYIR,HAYIR
2026-08-19 19:15:03.254,0.19,0.28,28,0.0,0.0,0.000,-0.0,0,HAYIR,HAYIR
2026-08-19 19:15:03.314,0.19,0.28,28,0.0,0.0,0.000,-0.0,0,HAYIR,HAYIR
2026-08-19 19:15:03.374,0.19,0.28,28,0.0,0.0,0.000,-0.0,0,HAYIR,HAYIR
2026-08-19 19:15:03.434,0.19,0.28,28,0.0,0.0,0.000,-0.0,0,HAYIR,HAYIR
2026-08-19 19:15:03.494,0.19,0.28,28,0.0,0.0,0.000,-0.0,0,HAYIR,HAYIR
2026-08-19 19:15:03.554,0.18,0.27,28,0.0,0.0,0.000,-0.0,0,HAYIR,HAYIR
2026-08-19 19:15:03.614,0.18,0.27,28,0.0,0.0,0.000,-0.0,0,HAYIR,HAYIR
2026-08-19 19:15:03.674,0.18,0.27,28,0.0,0.0,0.000,-0.0,0,HAYIR,HAYIR
2026-08-19 19:15:03.734,0.18,0.27,28,0.0,0.0,0.000,-0.0,0,HAYIR,HAYIR
2026-08-19 19:15:03.794,0.18,0.27,28,0.0,0.0,0.000,-0.0,0,HAYIR,HAYIR
2026-08-19 19:15:03.854,0.18,0.24,28,0.0,0.0,0.000,-0.0,0,HAYIR,HAYIR
2026-08-19 19:15:03.914,0.18,0.24,28,0.0,0.0,0.000,-0.0,0,HAYIR,HAYIR
2026-08-19 19:15:03.974,0.17,0.24,28,0.0,0.0,0.000,-0.0,0,HAYIR,HAYIR
2026-08-19 19:15:04.034,0.17,0.24,28,0.0,0.0,0.000,-0.0,0,HAYIR,HAYIR
2026-08-19 19:15:04.094,0.17,0.24,28,0.0,0.0,0.000,-0.0,0,HAYIR,HAYIR
2026-08-19 19:15:04.154,0.17,0.24,28,0.0,0.0,0.000,-0.0,0,HAYIR,HAYIR
2026-08-19 19:15:04.214,0.17,0.19,28,0.0,0.0,0.000,-0.0,0,HAYIR,HAYIR
2026-08-19 19:15:04.274,0.17,0.19,28,0.0,0.0,0.000,-0.0,0,HAYIR,HAYIR
2026-08-19 19:15:04.335,0.17,0.19,28,0.0,0.0,0.000,-0.0,0,HAYIR,HAYIR
2026-08-19 19:15:04.394,0.17,0.19,28,0.0,0.0,0.000,-0.0,0,HAYIR,HAYIR
2026-08-19 19:15:04.454,0.17,0.19,28,0.0,0.0,0.000,-0.0,0,HAYIR,HAYIR
2026-08-19 19:15:04.514,0.17,0.15,36,0.0,0.0,0.000,-0.0,0,HAYIR,HAYIR
2026-08-19 19:15:04.574,0.17,0.15,36,0.0,0.0,0.000,-0.0,0,HAYIR,HAYIR
2026-08-19 19:15:04.634,0.17,0.15,36,0.0,0.0,0.000,-0.0,0,HAYIR,HAYIR
2026-08-19 19:15:04.694,0.17,0.15,36,0.0,0.0,0.000,-0.0,0,HAYIR,HAYIR
2026-08-19 19:15:04.754,0.17,0.15,36,0.0,0.0,0.000,-0.0,0,HAYIR,HAYIR
2026-08-19 19:15:04.814,0.17,0.15,36,0.0,0.0,0.000,-0.0,0,HAYIR,HAYIR
2026-08-19 19:15:04.874,0.17,0.15,36,0.0,0.0,0.000,-0.0,0,HAYIR,HAYIR
2026-08-19 19:15:04.934,0.17,0.11,36,0.0,0.0,0.000,-0.0,0,HAYIR,HAYIR
2026-08-19 19:15:04.994,0.17,0.11,36,0.0,0.0,0.000,-0.0,0,HAYIR,HAYIR
2026-08-19 19:15:05.054,0.17,0.11,36,0.0,0.0,0.000,-0.0,0,HAYIR,HAYIR
2026-08-19 19:15:05.114,0.17,0.11,36,0.0,0.0,0.000,-0.0,0,HAYIR,HAYIR
2026-08-19 19:15:05.174,0.17,0.11,36,0.0,0.0,0.000,-0.0,0,HAYIR,HAYIR
2026-08-19 19:15:05.234,0.17,0.08,36,0.0,0.1,0.000,-0.0,0,HAYIR,HAYIR
2026-08-19 19:15:05.294,0.17,0.08,36,0.0,0.1,0.000,-0.0,0,HAYIR,HAYIR
2026-08-19 19:15:05.354,0.17,0.08,36,0.0,0.2,0.000,-0.0,0,HAYIR,HAYIR
2026-08-19 19:15:05.414,0.17,0.08,36,0.0,0.3,0.000,-0.0,0,HAYIR,HAYIR
2026-08-19 19:15:05.474,0.17,0.08,36,0.0,0.4,0.000,-0.0,0,HAYIR,HAYIR
2026-08-19 19:15:05.534,0.17,0.05,36,0.0,0.4,0.000,-0.0,0,HAYIR,HAYIR
2026-08-19 19:15:05.594,0.17,0.05,37,0.0,0.5,0.000,-0.0,0,HAYIR,HAYIR
2026-08-19 19:15:05.654,0.17,0.05,37,0.0,0.6,0.000,-0.0,0,HAYIR,HAYIR
2026-08-19 19:15:05.714,0.17,0.05,37,0.0,0.7,0.000,-0.0,0,HAYIR,HAYIR
2026-08-19 19:15:05.774,0.17,0.05,37,0.0,0.8,0.000,-0.0,0,HAYIR,HAYIR
2026-08-19 19:15:05.834,0.17,0.05,37,0.0,0.8,0.000,-0.0,0,HAYIR,HAYIR
2026-08-19 19:15:05.894,0.17,0.04,37,0.0,0.9,0.000,-0.0,0,HAYIR,HAYIR
2026-08-19 19:15:05.954,0.17,0.04,37,0.0,1.0,0.000,-0.0,0,HAYIR,HAYIR
2026-08-19 19:15:06.014,0.17,0.04,37,0.0,1.1,0.000,-0.0,0,HAYIR,HAYIR
2026-08-19 19:15:06.074,0.18,0.04,37,0.0,1.1,0.000,-0.0,0,HAYIR,HAYIR
2026-08-19 19:15:06.134,0.18,0.04,37,0.0,1.2,0.000,-0.0,0,HAYIR,HAYIR
2026-08-19 19:15:06.194,0.18,0.03,37,0.0,1.3,0.000,-0.0,0,HAYIR,HAYIR
2026-08-19 19:15:06.254,0.18,0.03,37,0.0,1.4,0.000,-0.0,0,HAYIR,HAYIR
2026-08-19 19:15:06.314,0.18,0.03,37,0.0,1.5,0.000,-0.0,0,HAYIR,HAYIR
2026-08-19 19:15:06.374,0.18,0.03,38,0.0,1.5,0.000,-0.0,0,HAYIR,HAYIR
2026-08-19 19:15:06.434,0.18,0.03,38,0.0,1.6,0.000,-0.0,0,HAYIR,HAYIR
2026-08-19 19:15:06.494,0.18,0.03,38,0.0,1.7,0.000,-0.0,0,HAYIR,HAYIR
2026-08-19 19:15:06.554,0.18,0.02,38,0.0,1.8,0.000,-0.0,0,HAYIR,HAYIR
2026-08-19 19:15:06.614,0.18,0.02,38,0.0,1.8,0.000,-0.0,0,HAYIR,HAYIR
2026-08-19 19:15:06.674,0.18,0.02,38,0.0,1.9,0.000,-0.0,0,HAYIR,HAYIR
2026-08-19 19:15:06.734,0.18,0.02,38,0.0,2.0,0.000,-0.0,0,HAYIR,HAYIR
2026-08-19 19:15:06.794,0.18,0.02,38,0.0,2.1,0.000,-0.0,0,HAYIR,HAYIR
2026-08-19 19:15:06.854,0.18,0.02,38,0.0,2.2,0.000,-0.0,0,HAYIR,HAYIR
2026-08-19 19:15:06.914,0.18,0.07,38,0.0,2.2,0.000,-0.0,0,HAYIR,HAYIR
2026-08-19 19:15:06.974,0.17,0.07,38,0.0,2.3,0.000,-0.0,0,HAYIR,HAYIR
2026-08-19 19:15:07.034,0.17,0.07,38,0.0,2.4,0.000,-0.0,0,HAYIR,HAYIR
2026-08-19 19:15:07.094,0.17,0.07,38,0.0,2.5,0.000,-0.0,0,HAYIR,HAYIR
2026-08-19 19:15:07.154,0.17,0.07,38,0.0,2.5,0.000,-0.0,0,HAYIR,HAYIR
2026-08-19 19:15:07.214,0.17,0.16,36,0.0,0.0,0.000,-0.0,0,HAYIR,HAYIR
2026-08-19 19:15:07.274,0.17,0.16,36,0.0,0.0,0.000,-0.0,0,HAYIR,HAYIR
2026-08-19 19:15:07.334,0.16,0.16,36,0.0,0.0,0.000,-0.0,0,HAYIR,HAYIR
2026-08-19 19:15:07.394,0.16,0.16,36,0.0,0.0,0.000,-0.0,0,HAYIR,HAYIR
2026-08-19 19:15:07.454,0.16,0.16,28,0.0,0.0,0.000,-0.0,0,HAYIR,HAYIR
2026-08-19 19:15:07.514,0.16,0.30,28,0.0,0.0,0.000,-0.0,0,HAYIR,HAYIR
2026-08-19 19:15:07.574,0.15,0.30,28,0.0,0.0,0.000,-0.0,0,HAYIR,HAYIR
2026-08-19 19:15:07.634,0.15,0.30,28,0.0,0.0,0.000,-0.0,0,HAYIR,HAYIR
2026-08-19 19:15:07.694,0.14,0.30,28,0.0,0.0,0.000,-0.0,0,HAYIR,HAYIR
2026-08-19 19:15:07.754,0.14,0.30,28,0.0,0.0,0.000,-0.0,0,HAYIR,HAYIR
2026-08-19 19:15:07.814,0.14,0.30,28,0.0,0.0,0.000,-0.0,0,HAYIR,HAYIR
2026-08-19 19:15:07.874,0.13,0.44,28,0.0,0.0,0.000,-0.0,0,HAYIR,HAYIR
2026-08-19 19:15:07.934,0.12,0.44,28,0.0,0.0,0.000,-0.0,0,HAYIR,HAYIR
2026-08-19 19:15:07.994,0.12,0.44,28,0.0,0.0,0.000,-0.0,0,HAYIR,HAYIR
2026-08-19 19:15:08.054,0.12,0.44,28,0.0,0.0,0.000,-0.0,0,HAYIR,HAYIR
2026-08-19 19:15:08.114,0.11,0.44,28,0.0,0.0,0.000,-0.0,0,HAYIR,HAYIR
2026-08-19 19:15:08.174,0.10,0.44,28,0.0,0.0,0.000,-0.0,0,HAYIR,HAYIR
2026-08-19 19:15:08.234,0.08,0.58,0,0.0,0.0,0.000,-0.0,0,EVET,HAYIR
2026-08-19 19:15:08.294,0.05,0.58,0,0.0,0.0,0.000,-0.0,0,EVET,HAYIR
2026-08-19 19:15:08.354,0.03,0.58,0,0.0,0.0,0.000,-0.0,0,EVET,HAYIR
2026-08-19 19:15:08.414,0.00,0.58,0,0.0,0.0,0.000,0.0,0,EVET,HAYIR
2026-08-19 19:15:08.474,0.00,0.58,0,0.0,0.0,0.000,0.0,0,EVET,HAYIR
2026-08-19 19:15:08.534,0.00,0.67,0,0.0,0.0,0.000,0.0,0,EVET,HAYIR
2026-08-19 19:15:08.594,0.00,0.67,0,0.0,0.0,0.000,0.0,0,EVET,HAYIR
2026-08-19 19:15:08.654,0.00,0.67,0,0.0,0.0,0.000,0.0,0,EVET,HAYIR
2026-08-19 19:15:08.714,0.00,0.67,0,0.0,0.0,0.000,0.0,0,EVET,HAYIR
2026-08-19 19:15:26.234,0.03,0.00,28,0.0,0.0,0.050,-160.0,-1,HAYIR,HAYIR
2026-08-19 19:15:26.294,0.05,0.00,29,0.0,0.1,0.079,-160.0,-2,HAYIR,HAYIR
2026-08-19 19:15:26.354,0.08,0.00,29,0.0,0.2,0.079,-160.0,-4,HAYIR,HAYIR
2026-08-19 19:15:26.414,0.10,0.00,29,0.0,0.3,0.079,-160.0,-6,HAYIR,HAYIR
2026-08-19 19:15:26.474,0.15,0.00,29,0.0,0.3,0.079,-160.0,-7,HAYIR,HAYIR
2026-08-19 19:15:26.534,0.17,0.00,29,0.0,0.4,0.079,-160.0,-9,HAYIR,HAYIR
2026-08-19 19:15:26.594,0.20,0.00,29,0.0,0.5,0.079,-160.0,-11,HAYIR,HAYIR
2026-08-19 19:15:26.654,0.22,0.00,29,0.0,0.6,0.079,-152.8,-12,HAYIR,HAYIR
2026-08-19 19:15:26.714,0.25,0.00,30,0.0,0.6,0.079,-140.2,-14,HAYIR,HAYIR
2026-08-19 19:15:26.774,0.30,0.00,30,0.0,0.7,0.080,-119.9,-16,HAYIR,HAYIR
2026-08-19 19:15:26.834,0.33,0.00,30,0.0,0.8,0.080,-111.4,-17,HAYIR,HAYIR
2026-08-19 19:15:26.894,0.35,0.00,30,0.0,0.9,0.079,-103.6,-19,HAYIR,HAYIR
2026-08-19 19:15:26.954,0.38,0.00,30,0.0,1.0,0.079,-97.2,-21,HAYIR,HAYIR
2026-08-19 19:15:27.014,0.40,0.00,30,0.0,1.0,0.080,-91.8,-22,HAYIR,HAYIR
2026-08-19 19:15:27.074,0.45,0.00,31,0.0,1.1,0.080,-82.7,-24,HAYIR,HAYIR
2026-08-19 19:15:27.134,0.48,0.00,31,0.0,1.2,0.081,-78.9,-26,HAYIR,HAYIR
2026-08-19 19:15:27.194,0.50,0.00,31,0.0,1.3,0.081,-75.3,-27,HAYIR,HAYIR
2026-08-19 19:15:27.254,0.53,0.00,31,0.0,1.4,0.081,-71.7,-29,HAYIR,HAYIR
2026-08-19 19:15:27.314,0.55,0.00,31,0.0,1.4,0.080,-68.2,-31,HAYIR,HAYIR
2026-08-19 19:15:27.374,0.60,0.00,31,0.0,1.5,0.081,-63.2,-32,HAYIR,HAYIR
2026-08-19 19:15:27.434,0.63,0.00,32,0.0,1.6,0.081,-60.8,-34,HAYIR,HAYIR
2026-08-19 19:15:27.494,0.65,0.00,32,0.0,1.7,0.081,-58.6,-36,HAYIR,HAYIR
2026-08-19 19:15:27.554,0.68,0.00,32,0.0,1.7,0.081,-56.5,-38,HAYIR,HAYIR
2026-08-19 19:15:27.614,0.70,0.00,32,0.0,1.8,0.081,-54.4,-39,HAYIR,HAYIR
2026-08-19 19:15:27.674,0.75,0.00,32,0.0,1.9,0.081,-50.7,-41,HAYIR,HAYIR
2026-08-19 19:15:27.734,0.78,0.00,33,0.0,2.0,0.081,-49.0,-43,HAYIR,HAYIR
2026-08-19 19:15:27.794,0.79,0.00,33,0.0,2.1,0.080,-48.2,-44,HAYIR,HAYIR
2026-08-19 19:15:27.854,0.79,0.00,33,0.0,2.1,0.080,-48.1,-46,HAYIR,HAYIR
2026-08-19 19:15:27.914,0.79,0.00,33,0.0,2.2,0.080,-47.7,-48,HAYIR,HAYIR
2026-08-19 19:15:27.974,0.79,0.00,33,0.0,2.3,0.080,-47.9,-48,HAYIR,HAYIR
2026-08-19 19:15:28.034,0.79,0.00,33,0.0,2.4,0.080,-48.0,-48,HAYIR,HAYIR
2026-08-19 19:15:28.094,0.79,0.00,33,0.0,2.4,0.080,-47.9,-48,HAYIR,HAYIR
2026-08-19 19:15:28.154,0.79,0.02,33,0.0,2.5,0.079,-47.7,-48,HAYIR,HAYIR
2026-08-19 19:15:28.214,0.80,0.02,34,0.0,2.6,0.080,-47.2,-47,HAYIR,HAYIR
2026-08-19 19:15:28.274,0.80,0.02,34,0.0,2.7,0.078,-46.5,-46,HAYIR,HAYIR
2026-08-19 19:15:28.334,0.80,0.02,34,0.0,2.8,0.078,-46.4,-46,HAYIR,HAYIR
2026-08-19 19:15:28.394,0.80,0.02,34,0.0,2.8,0.078,-46.1,-46,HAYIR,HAYIR
2026-08-19 19:15:28.454,0.80,0.02,34,0.0,2.9,0.077,-45.9,-46,HAYIR,HAYIR
2026-08-19 19:15:28.514,0.79,0.02,34,0.0,3.0,0.076,-45.1,-45,HAYIR,HAYIR
2026-08-19 19:15:28.574,0.79,0.06,34,0.0,3.1,0.074,-43.9,-44,HAYIR,HAYIR
2026-08-19 19:15:28.634,0.79,0.06,34,0.0,3.1,0.073,-43.7,-44,HAYIR,HAYIR
2026-08-19 19:15:28.694,0.79,0.06,35,0.0,3.2,0.072,-43.1,-43,HAYIR,HAYIR
2026-08-19 19:15:28.754,0.79,0.06,35,0.0,3.3,0.071,-42.7,-43,HAYIR,HAYIR
2026-08-19 19:15:28.814,0.79,0.06,35,0.0,3.4,0.070,-41.7,-42,HAYIR,HAYIR
2026-08-19 19:15:28.874,0.79,0.11,29,0.0,0.0,0.066,-39.8,-41,HAYIR,HAYIR
2026-08-19 19:15:28.935,0.79,0.11,31,0.0,0.0,0.066,-39.4,-39,HAYIR,HAYIR
2026-08-19 19:15:28.994,0.80,0.11,32,0.0,0.0,0.064,-38.2,-38,HAYIR,HAYIR
2026-08-19 19:15:29.054,0.80,0.11,32,0.0,0.0,0.063,-37.6,-38,HAYIR,HAYIR
2026-08-19 19:15:29.114,0.79,0.11,32,0.0,0.0,0.061,-36.2,-36,HAYIR,HAYIR
2026-08-19 19:15:29.174,0.79,0.11,32,0.0,0.0,0.056,-33.6,-35,HAYIR,HAYIR
2026-08-19 19:15:29.234,0.79,0.19,32,0.0,0.0,0.055,-32.8,-33,HAYIR,HAYIR
2026-08-19 19:15:29.294,0.79,0.19,32,0.0,0.0,0.051,-30.8,-32,HAYIR,HAYIR
2026-08-19 19:15:29.354,0.79,0.19,32,0.0,0.0,0.050,-29.9,-30,HAYIR,HAYIR
2026-08-19 19:15:29.414,0.80,0.19,32,0.0,0.0,0.046,-27.5,-28,HAYIR,HAYIR
2026-08-19 19:15:29.474,0.79,0.19,32,0.0,0.0,0.040,-24.1,-27,HAYIR,HAYIR
2026-08-19 19:15:29.534,0.79,0.29,32,0.0,0.0,0.038,-23.0,-25,HAYIR,HAYIR
2026-08-19 19:15:29.594,0.80,0.29,32,0.0,0.0,0.035,-21.0,-23,HAYIR,HAYIR
2026-08-19 19:15:29.654,0.79,0.29,32,0.0,0.0,0.043,-25.9,-24,HAYIR,HAYIR
2026-08-19 19:15:29.714,0.79,0.29,32,0.0,0.0,0.039,-23.4,-23,HAYIR,HAYIR
2026-08-19 19:15:29.774,0.80,0.29,32,0.0,0.0,0.033,-20.0,-22,HAYIR,HAYIR
2026-08-19 19:15:29.834,0.79,0.38,28,0.0,0.0,0.032,-19.1,-20,HAYIR,HAYIR
2026-08-19 19:15:29.894,0.79,0.38,32,0.0,0.0,0.000,-0.0,-18,HAYIR,HAYIR
2026-08-19 19:15:29.954,0.79,0.38,32,0.0,0.0,0.000,-0.0,-17,HAYIR,HAYIR
2026-08-19 19:15:30.014,0.79,0.38,32,0.0,0.0,0.000,-0.0,-15,HAYIR,HAYIR
2026-08-19 19:15:30.074,0.79,0.38,32,0.0,0.0,0.000,-0.0,-13,HAYIR,HAYIR
2026-08-19 19:15:30.134,0.80,0.38,32,0.0,0.0,0.000,-0.0,-12,HAYIR,HAYIR
2026-08-19 19:15:30.194,0.79,0.38,32,0.0,0.0,0.000,-0.0,-10,HAYIR,HAYIR
2026-08-19 19:15:30.254,0.79,0.49,32,0.0,0.0,0.000,-0.0,-8,HAYIR,HAYIR
2026-08-19 19:15:30.314,0.79,0.49,32,0.0,0.0,0.000,-0.0,-7,HAYIR,HAYIR
2026-08-19 19:15:30.374,0.80,0.49,32,0.0,0.0,0.000,-0.0,-5,HAYIR,HAYIR
2026-08-19 19:15:30.434,0.80,0.49,32,0.0,0.0,0.000,-0.0,-3,HAYIR,HAYIR
2026-08-19 19:15:30.494,0.79,0.49,32,0.0,0.0,0.000,-0.0,-2,HAYIR,HAYIR
2026-08-19 19:15:30.554,0.79,0.55,32,0.0,0.0,0.000,-0.0,0,HAYIR,HAYIR
2026-08-19 19:15:30.614,0.79,0.55,32,0.0,0.0,0.000,-0.0,0,HAYIR,HAYIR
2026-08-19 19:15:30.674,0.78,0.55,32,0.0,0.0,0.000,-0.0,0,HAYIR,HAYIR
2026-08-19 19:15:30.734,0.78,0.55,32,0.0,0.0,0.000,-0.0,0,HAYIR,HAYIR
2026-08-19 19:15:30.794,0.78,0.55,32,0.0,0.0,0.000,-0.0,0,HAYIR,HAYIR
2026-08-19 19:15:30.854,0.77,0.62,29,0.0,0.0,0.000,-0.0,0,HAYIR,HAYIR
2026-08-19 19:15:30.914,0.77,0.62,32,0.0,0.0,0.000,-0.0,0,HAYIR,HAYIR
2026-08-19 19:15:30.974,0.76,0.62,32,0.0,0.0,0.000,-0.0,0,HAYIR,HAYIR
2026-08-19 19:15:31.034,0.76,0.62,32,0.0,0.0,0.000,-0.0,0,HAYIR,HAYIR
2026-08-19 19:15:31.094,0.75,0.62,32,0.0,0.0,0.000,-0.0,0,HAYIR,HAYIR
2026-08-19 19:15:31.154,0.75,0.62,32,0.0,0.0,0.000,-0.0,0,HAYIR,HAYIR
2026-08-19 19:15:31.214,0.74,0.69,32,0.0,0.0,0.000,-0.0,0,HAYIR,HAYIR
2026-08-19 19:15:31.274,0.73,0.69,31,0.0,0.0,0.000,-0.0,0,HAYIR,HAYIR
2026-08-19 19:15:31.334,0.73,0.69,31,0.0,0.0,0.000,-0.0,0,HAYIR,HAYIR
2026-08-19 19:15:31.394,0.72,0.69,32,0.0,0.0,0.000,-0.0,0,HAYIR,HAYIR
2026-08-19 19:15:31.454,0.72,0.69,32,0.0,0.0,0.000,-0.0,0,HAYIR,HAYIR
2026-08-19 19:15:31.514,0.71,0.76,28,0.0,0.0,0.000,-0.0,0,HAYIR,HAYIR
2026-08-19 19:15:31.574,0.70,0.76,28,0.0,0.0,0.000,-0.0,0,HAYIR,HAYIR
2026-08-19 19:15:31.634,0.70,0.76,28,0.0,0.0,0.000,-0.0,0,HAYIR,HAYIR
2026-08-19 19:15:31.694,0.69,0.76,28,0.0,0.0,0.000,-0.0,0,HAYIR,HAYIR
2026-08-19 19:15:31.754,0.69,0.76,28,0.0,0.0,0.000,-0.0,0,HAYIR,HAYIR
2026-08-19 19:15:31.814,0.68,0.76,28,0.0,0.0,0.033,-22.7,-2,HAYIR,HAYIR
2026-08-19 19:15:31.874,0.67,0.81,28,0.0,0.0,0.038,-26.5,-3,HAYIR,HAYIR
2026-08-19 19:15:31.934,0.67,0.81,28,0.0,0.0,0.039,-27.6,-5,HAYIR,HAYIR
2026-08-19 19:15:31.994,0.66,0.81,28,0.0,0.0,0.042,-29.7,-7,HAYIR,HAYIR
2026-08-19 19:15:32.054,0.66,0.81,28,0.0,0.0,0.043,-31.0,-8,HAYIR,HAYIR
2026-08-19 19:15:32.114,0.65,0.81,28,0.0,0.0,0.046,-33.6,-10,HAYIR,HAYIR
2026-08-19 19:15:32.174,0.64,0.81,28,0.0,0.0,0.051,-37.5,-12,HAYIR,HAYIR
2026-08-19 19:15:32.234,0.64,0.87,28,0.0,0.0,0.052,-38.7,-13,HAYIR,HAYIR
2026-08-19 19:15:32.294,0.63,0.87,28,0.0,0.0,0.054,-40.3,-15,HAYIR,HAYIR
2026-08-19 19:15:32.354,0.63,0.87,28,0.0,0.0,0.055,-41.6,-17,HAYIR,HAYIR
2026-08-19 19:15:32.414,0.62,0.87,28,0.0,0.0,0.058,-44.3,-18,HAYIR,HAYIR
2026-08-19 19:15:32.474,0.61,0.87,28,0.0,0.0,0.062,-47.9,-20,HAYIR,HAYIR
2026-08-19 19:15:32.534,0.61,0.91,28,0.0,0.0,0.063,-49.0,-22,HAYIR,HAYIR
2026-08-19 19:15:32.594,0.60,0.91,28,0.0,0.0,0.064,-50.5,-24,HAYIR,HAYIR
2026-08-19 19:15:32.654,0.60,0.91,28,0.0,0.0,0.066,-51.7,-25,HAYIR,HAYIR
2026-08-19 19:15:32.714,0.59,0.91,28,0.0,0.0,0.068,-54.2,-27,HAYIR,HAYIR
2026-08-19 19:15:32.774,0.58,0.91,28,0.0,0.0,0.071,-57.6,-29,HAYIR,HAYIR
2026-08-19 19:15:32.834,0.58,0.91,28,0.0,0.0,0.072,-58.8,-30,HAYIR,HAYIR
2026-08-19 19:15:32.894,0.57,0.93,28,0.0,0.0,0.073,-60.1,-32,HAYIR,HAYIR
2026-08-19 19:15:32.954,0.57,0.93,28,0.0,0.0,0.074,-61.1,-34,HAYIR,HAYIR
2026-08-19 19:15:33.014,0.56,0.93,28,0.0,0.0,0.076,-62.8,-35,HAYIR,HAYIR
2026-08-19 19:15:33.074,0.55,0.93,28,0.0,0.0,0.077,-65.3,-37,HAYIR,HAYIR
2026-08-19 19:15:33.134,0.55,0.93,28,0.0,0.0,0.078,-66.1,-39,HAYIR,HAYIR
2026-08-19 19:15:33.194,0.55,0.94,28,0.0,0.0,0.079,-67.8,-40,HAYIR,HAYIR
2026-08-19 19:15:33.254,0.54,0.94,28,0.0,0.0,0.078,-67.2,-42,HAYIR,HAYIR
2026-08-19 19:15:33.314,0.54,0.94,28,0.0,0.0,0.079,-68.9,-44,HAYIR,HAYIR
2026-08-19 19:15:33.374,0.53,0.94,28,0.0,0.0,0.080,-70.8,-45,HAYIR,HAYIR
2026-08-19 19:15:33.434,0.52,0.94,28,0.0,0.0,0.080,-71.3,-47,HAYIR,HAYIR
2026-08-19 19:15:33.494,0.52,0.94,28,0.0,0.0,0.080,-72.0,-49,HAYIR,HAYIR
2026-08-19 19:15:33.554,0.52,0.94,28,0.0,0.0,0.080,-72.3,-50,HAYIR,HAYIR
2026-08-19 19:15:33.614,0.51,0.94,28,0.1,0.0,0.080,-73.0,-52,HAYIR,HAYIR
2026-08-19 19:15:33.674,0.50,0.94,28,0.1,0.0,0.080,-73.9,-54,HAYIR,HAYIR
2026-08-19 19:15:33.734,0.50,0.94,28,0.1,0.0,0.080,-74.3,-55,HAYIR,HAYIR
2026-08-19 19:15:33.794,0.49,0.94,28,0.1,0.0,0.079,-74.9,-57,HAYIR,HAYIR
2026-08-19 19:15:33.854,0.49,0.94,28,0.1,0.0,0.079,-75.3,-59,HAYIR,HAYIR
2026-08-19 19:15:33.914,0.49,0.93,28,0.1,0.0,0.079,-75.7,-60,HAYIR,HAYIR
2026-08-19 19:15:33.974,0.48,0.93,28,0.1,0.0,0.078,-76.4,-62,HAYIR,HAYIR
2026-08-19 19:15:34.034,0.47,0.93,28,0.1,0.0,0.078,-76.8,-64,HAYIR,HAYIR
2026-08-19 19:15:34.094,0.47,0.93,28,0.1,0.0,0.078,-77.3,-66,HAYIR,HAYIR
2026-08-19 19:15:34.154,0.47,0.93,28,0.1,0.0,0.078,-77.6,-67,HAYIR,HAYIR
2026-08-19 19:15:34.214,0.46,0.94,28,0.1,0.0,0.077,-77.7,-69,HAYIR,HAYIR
2026-08-19 19:15:34.274,0.45,0.94,28,0.1,0.0,0.076,-78.0,-71,HAYIR,HAYIR
2026-08-19 19:15:34.334,0.45,0.94,28,0.1,0.0,0.076,-78.3,-72,HAYIR,HAYIR
2026-08-19 19:15:34.394,0.44,0.94,28,0.1,0.0,0.076,-79.5,-74,HAYIR,HAYIR
2026-08-19 19:15:34.454,0.44,0.94,28,0.1,0.0,0.075,-79.2,-76,HAYIR,HAYIR
2026-08-19 19:15:34.514,0.44,0.92,28,0.2,0.0,0.074,-79.3,-77,HAYIR,HAYIR
2026-08-19 19:15:34.574,0.43,0.92,28,0.2,0.0,0.073,-79.0,-79,HAYIR,HAYIR
2026-08-19 19:15:34.634,0.43,0.92,28,0.2,0.0,0.073,-79.2,-79,HAYIR,HAYIR
2026-08-19 19:15:34.694,0.42,0.92,0,0.0,0.0,0.072,-80.2,-80,EVET,HAYIR
2026-08-19 19:15:34.754,0.42,0.92,0,0.0,0.0,0.072,-79.9,-80,EVET,HAYIR
2026-08-19 19:15:34.814,0.41,0.92,0,0.0,0.0,0.071,-79.5,-80,EVET,HAYIR
2026-08-19 19:15:34.874,0.41,0.92,0,0.0,0.0,0.069,-79.0,-79,EVET,HAYIR
2026-08-19 19:15:34.934,0.40,0.92,0,0.0,0.0,0.069,-79.1,-79,EVET,HAYIR
2026-08-19 19:15:34.994,0.40,0.92,0,0.0,0.0,0.067,-78.8,-79,EVET,HAYIR
2026-08-19 19:15:35.054,0.40,0.92,0,0.0,0.0,0.067,-78.8,-79,EVET,HAYIR
2026-08-19 19:15:35.114,0.39,0.92,0,0.0,0.0,0.066,-78.7,-79,EVET,HAYIR
2026-08-19 19:15:35.174,0.38,0.92,0,0.0,0.0,0.065,-78.8,-79,EVET,HAYIR
2026-08-19 19:15:35.234,0.38,0.91,0,0.0,0.0,0.064,-78.3,-78,EVET,HAYIR
2026-08-19 19:15:35.294,0.38,0.91,0,0.0,0.0,0.062,-77.2,-77,EVET,HAYIR
2026-08-19 19:15:35.354,0.37,0.91,0,0.0,0.0,0.062,-77.3,-77,EVET,HAYIR
2026-08-19 19:15:35.414,0.37,0.91,0,0.0,0.0,0.061,-77.0,-77,EVET,HAYIR
2026-08-19 19:15:35.474,0.36,0.91,0,0.0,0.0,0.060,-76.5,-77,EVET,HAYIR
2026-08-19 19:15:35.534,0.36,0.87,0,0.0,0.0,0.059,-76.5,-76,EVET,HAYIR
2026-08-19 19:15:35.594,0.36,0.87,0,0.0,0.0,0.058,-76.0,-76,EVET,HAYIR
2026-08-19 19:15:35.654,0.35,0.87,0,0.0,0.0,0.058,-76.1,-76,EVET,HAYIR
2026-08-19 19:15:35.714,0.35,0.87,0,0.0,0.0,0.057,-75.7,-76,EVET,HAYIR
2026-08-19 19:15:35.774,0.34,0.87,0,0.0,0.0,0.055,-75.3,-75,EVET,HAYIR
2026-08-19 19:15:35.834,0.34,0.87,0,0.0,0.0,0.055,-75.3,-75,EVET,HAYIR
2026-08-19 19:15:35.894,0.34,0.80,28,0.1,0.0,0.054,-75.2,-75,HAYIR,HAYIR
2026-08-19 19:15:35.954,0.33,0.80,28,0.1,0.0,0.054,-74.9,-75,HAYIR,HAYIR
2026-08-19 19:15:36.014,0.33,0.80,28,0.1,0.0,0.053,-74.7,-75,HAYIR,HAYIR
2026-08-19 19:15:36.074,0.32,0.80,28,0.1,0.0,0.052,-74.5,-75,HAYIR,HAYIR
2026-08-19 19:15:36.134,0.32,0.80,28,0.1,0.0,0.052,-74.7,-75,HAYIR,HAYIR
2026-08-19 19:15:36.194,0.32,0.76,28,0.1,0.0,0.051,-74.2,-74,HAYIR,HAYIR
2026-08-19 19:15:36.254,0.32,0.76,28,0.1,0.0,0.050,-73.9,-74,HAYIR,HAYIR
2026-08-19 19:15:36.314,0.31,0.76,28,0.1,0.0,0.050,-73.7,-74,HAYIR,HAYIR
2026-08-19 19:15:36.374,0.31,0.76,28,0.1,0.0,0.049,-73.8,-74,HAYIR,HAYIR
2026-08-19 19:15:36.434,0.31,0.76,28,0.1,0.0,0.049,-73.9,-74,HAYIR,HAYIR
2026-08-19 19:15:36.494,0.30,0.67,28,0.1,0.0,0.048,-73.8,-74,HAYIR,HAYIR
2026-08-19 19:15:36.554,0.30,0.67,28,0.1,0.0,0.048,-73.8,-74,HAYIR,HAYIR
2026-08-19 19:15:36.614,0.30,0.67,28,0.1,0.0,0.047,-73.4,-73,HAYIR,HAYIR
2026-08-19 19:15:36.674,0.30,0.67,28,0.1,0.0,0.046,-73.0,-73,HAYIR,HAYIR
2026-08-19 19:15:36.734,0.30,0.67,28,0.1,0.0,0.046,-73.1,-73,HAYIR,HAYIR
2026-08-19 19:15:36.794,0.29,0.67,28,0.1,0.0,0.046,-72.8,-73,HAYIR,HAYIR
2026-08-19 19:15:36.854,0.29,0.67,28,0.1,0.0,0.046,-72.7,-73,HAYIR,HAYIR
2026-08-19 19:15:36.914,0.29,0.58,28,0.1,0.0,0.045,-72.3,-72,HAYIR,HAYIR
2026-08-19 19:15:36.974,0.29,0.58,28,0.1,0.0,0.048,-78.1,-73,HAYIR,HAYIR
2026-08-19 19:15:37.034,0.29,0.58,28,0.1,0.0,0.048,-78.1,-74,HAYIR,HAYIR
2026-08-19 19:15:37.094,0.29,0.58,28,0.1,0.0,0.048,-77.8,-76,HAYIR,HAYIR
2026-08-19 19:15:37.154,0.29,0.58,28,0.2,0.0,0.047,-77.5,-77,HAYIR,HAYIR
2026-08-19 19:15:37.214,0.28,0.51,28,0.2,0.0,0.047,-76.9,-77,HAYIR,HAYIR
2026-08-19 19:15:37.274,0.28,0.51,28,0.1,0.0,0.044,-72.7,-76,HAYIR,HAYIR
2026-08-19 19:15:37.334,0.28,0.51,28,0.1,0.0,0.044,-72.4,-74,HAYIR,HAYIR
2026-08-19 19:15:37.394,0.28,0.51,28,0.1,0.0,0.043,-71.7,-73,HAYIR,HAYIR
2026-08-19 19:15:37.454,0.28,0.51,28,0.1,0.0,0.042,-70.8,-71,HAYIR,HAYIR
2026-08-19 19:15:37.514,0.28,0.51,28,0.1,0.0,0.042,-69.9,-70,HAYIR,HAYIR
2026-08-19 19:15:37.574,0.28,0.45,28,0.1,0.0,0.037,-63.0,-69,HAYIR,HAYIR
2026-08-19 19:15:37.634,0.28,0.45,28,0.1,0.0,0.037,-62.7,-67,HAYIR,HAYIR
2026-08-19 19:15:37.694,0.28,0.45,28,0.1,0.0,0.036,-60.8,-65,HAYIR,HAYIR
2026-08-19 19:15:37.754,0.28,0.45,28,0.1,0.0,0.035,-59.4,-63,HAYIR,HAYIR
2026-08-19 19:15:37.814,0.27,0.45,28,0.1,0.0,0.034,-57.5,-62,HAYIR,HAYIR
2026-08-19 19:15:37.874,0.27,0.41,28,0.1,0.0,0.031,-53.6,-60,HAYIR,HAYIR
2026-08-19 19:15:37.934,0.27,0.41,28,0.1,0.0,0.000,-0.0,-58,HAYIR,HAYIR
2026-08-19 19:15:37.994,0.27,0.41,28,0.1,0.0,0.000,-0.0,-57,HAYIR,HAYIR
2026-08-19 19:15:38.054,0.27,0.41,28,0.1,0.0,0.000,-0.0,-55,HAYIR,HAYIR
2026-08-19 19:15:38.114,0.27,0.41,28,0.1,0.0,0.000,-0.0,-53,HAYIR,HAYIR
2026-08-19 19:15:38.174,0.27,0.39,28,0.1,0.0,0.000,-0.0,-52,HAYIR,HAYIR
2026-08-19 19:15:38.234,0.27,0.39,28,0.0,0.0,0.000,-0.0,-50,HAYIR,HAYIR
2026-08-19 19:15:38.294,0.27,0.39,28,0.0,0.0,0.000,-0.0,-48,HAYIR,HAYIR
2026-08-19 19:15:38.354,0.26,0.39,28,0.0,0.0,0.000,-0.0,-47,HAYIR,HAYIR
2026-08-19 19:15:38.414,0.26,0.39,28,0.0,0.0,0.031,-56.2,-48,HAYIR,HAYIR
2026-08-19 19:15:38.474,0.26,0.39,28,0.0,0.0,0.031,-55.2,-50,HAYIR,HAYIR
2026-08-19 19:15:38.534,0.26,0.39,28,0.1,0.0,0.030,-54.9,-52,HAYIR,HAYIR
2026-08-19 19:15:38.594,0.26,0.37,28,0.0,0.0,0.000,-0.0,-51,HAYIR,HAYIR
2026-08-19 19:15:38.654,0.26,0.37,28,0.0,0.0,0.000,-0.0,-49,HAYIR,HAYIR
2026-08-19 19:15:38.714,0.26,0.37,28,0.0,0.0,0.000,-0.0,-48,HAYIR,HAYIR
2026-08-19 19:15:38.774,0.25,0.37,28,0.0,0.0,0.000,-0.0,-46,HAYIR,HAYIR
2026-08-19 19:15:38.834,0.25,0.37,28,0.0,0.0,0.000,-0.0,-44,HAYIR,HAYIR
2026-08-19 19:15:38.894,0.25,0.34,28,0.0,0.0,0.000,-0.0,-43,HAYIR,HAYIR
2026-08-19 19:15:38.954,0.25,0.34,28,0.0,0.0,0.000,-0.0,-41,HAYIR,HAYIR
2026-08-19 19:15:39.014,0.25,0.34,28,0.0,0.0,0.000,-0.0,-39,HAYIR,HAYIR
2026-08-19 19:15:39.074,0.25,0.34,28,0.0,0.0,0.000,-0.0,-38,HAYIR,HAYIR
2026-08-19 19:15:39.134,0.25,0.34,28,0.0,0.0,0.000,-0.0,-36,HAYIR,HAYIR
2026-08-19 19:15:39.194,0.25,0.32,28,0.0,0.0,0.000,-0.0,-34,HAYIR,HAYIR
2026-08-19 19:15:39.254,0.24,0.32,28,0.0,0.0,0.000,-0.0,-33,HAYIR,HAYIR
2026-08-19 19:15:39.314,0.24,0.32,28,0.0,0.0,0.000,-0.0,-31,HAYIR,HAYIR
2026-08-19 19:15:39.374,0.24,0.32,28,0.0,0.0,0.000,-0.0,-29,HAYIR,HAYIR
2026-08-19 19:15:39.434,0.24,0.32,28,0.0,0.0,0.000,-0.0,-28,HAYIR,HAYIR
2026-08-19 19:15:39.494,0.24,0.32,28,0.0,0.0,0.000,-0.0,-26,HAYIR,HAYIR
2026-08-19 19:15:39.554,0.24,0.32,28,0.0,0.0,0.000,-0.0,-24,HAYIR,HAYIR
2026-08-19 19:15:39.614,0.24,0.32,28,0.0,0.0,0.000,-0.0,-23,HAYIR,HAYIR
2026-08-19 19:15:39.674,0.23,0.32,28,0.0,0.0,0.000,-0.0,-21,HAYIR,HAYIR
2026-08-19 19:15:39.734,0.23,0.32,28,0.0,0.0,0.000,-0.0,-19,HAYIR,HAYIR
2026-08-19 19:15:39.794,0.23,0.32,28,0.0,0.0,0.000,-0.0,-18,HAYIR,HAYIR
2026-08-19 19:15:39.854,0.23,0.31,28,0.0,0.0,0.000,-0.0,-16,HAYIR,HAYIR
2026-08-19 19:15:39.914,0.23,0.31,28,0.0,0.0,0.000,-0.0,-14,HAYIR,HAYIR
2026-08-19 19:15:39.974,0.23,0.31,28,0.0,0.0,0.000,-0.0,-13,HAYIR,HAYIR
2026-08-19 19:15:40.034,0.22,0.31,28,0.0,0.0,0.000,-0.0,-11,HAYIR,HAYIR
2026-08-19 19:15:40.094,0.22,0.31,28,0.0,0.0,0.000,-0.0,-9,HAYIR,HAYIR
2026-08-19 19:15:40.154,0.22,0.31,28,0.0,0.0,0.000,-0.0,-7,HAYIR,HAYIR
2026-08-19 19:15:40.214,0.22,0.29,28,0.0,0.0,0.000,-0.0,-6,HAYIR,HAYIR
2026-08-19 19:15:40.274,0.22,0.29,28,0.0,0.0,0.000,-0.0,-4,HAYIR,HAYIR
2026-08-19 19:15:40.334,0.22,0.29,28,0.0,0.0,0.000,-0.0,-2,HAYIR,HAYIR
2026-08-19 19:15:40.394,0.21,0.29,28,0.0,0.0,0.000,-0.0,-1,HAYIR,HAYIR
2026-08-19 19:15:40.454,0.21,0.29,28,0.0,0.0,0.000,-0.0,0,HAYIR,HAYIR
2026-08-19 19:15:40.514,0.21,0.29,28,0.0,0.0,0.000,-0.0,0,HAYIR,HAYIR
2026-08-19 19:15:40.574,0.21,0.28,28,0.0,0.0,0.030,-67.5,-1,HAYIR,HAYIR
2026-08-19 19:15:40.634,0.21,0.28,28,0.0,0.0,0.034,-76.2,-2,HAYIR,HAYIR
2026-08-19 19:15:40.694,0.21,0.28,28,0.0,0.0,0.034,-76.9,-4,HAYIR,HAYIR
2026-08-19 19:15:40.754,0.21,0.28,28,0.0,0.0,0.034,-77.4,-6,HAYIR,HAYIR
2026-08-19 19:15:40.814,0.20,0.28,28,0.0,0.0,0.034,-78.4,-7,HAYIR,HAYIR
2026-08-19 19:15:40.874,0.20,0.27,28,0.0,0.0,0.035,-80.8,-9,HAYIR,HAYIR
2026-08-19 19:15:40.934,0.20,0.27,28,0.0,0.0,0.035,-81.7,-11,HAYIR,HAYIR
2026-08-19 19:15:40.994,0.20,0.27,28,0.0,0.0,0.035,-82.4,-12,HAYIR,HAYIR
2026-08-19 19:15:41.054,0.20,0.27,28,0.0,0.0,0.036,-83.1,-14,HAYIR,HAYIR
2026-08-19 19:15:41.114,0.20,0.27,28,0.0,0.0,0.036,-84.8,-16,HAYIR,HAYIR
2026-08-19 19:15:41.174,0.19,0.27,28,0.0,0.0,0.036,-86.5,-17,HAYIR,HAYIR
2026-08-19 19:15:41.234,0.19,0.27,28,0.0,0.0,0.036,-87.2,-19,HAYIR,HAYIR
2026-08-19 19:15:41.294,0.19,0.27,28,0.0,0.0,0.037,-88.7,-21,HAYIR,HAYIR
2026-08-19 19:15:41.354,0.19,0.27,28,0.0,0.0,0.037,-89.5,-22,HAYIR,HAYIR
2026-08-19 19:15:41.414,0.19,0.27,28,0.0,0.0,0.037,-91.2,-24,HAYIR,HAYIR
2026-08-19 19:15:41.474,0.19,0.27,28,0.0,0.0,0.037,-93.1,-26,HAYIR,HAYIR
2026-08-19 19:15:41.534,0.18,0.27,28,0.0,0.0,0.037,-93.6,-27,HAYIR,HAYIR
2026-08-19 19:15:41.594,0.18,0.27,28,0.0,0.0,0.038,-95.0,-29,HAYIR,HAYIR
2026-08-19 19:15:41.654,0.18,0.27,28,0.0,0.0,0.038,-95.6,-31,HAYIR,HAYIR
2026-08-19 19:15:41.714,0.18,0.27,28,0.0,0.0,0.038,-95.8,-32,HAYIR,HAYIR
2026-08-19 19:15:41.774,0.18,0.27,28,0.0,0.0,0.038,-98.0,-34,HAYIR,HAYIR
2026-08-19 19:15:41.834,0.18,0.27,28,0.0,0.0,0.038,-98.5,-36,HAYIR,HAYIR
2026-08-19 19:15:41.894,0.17,0.27,28,0.0,0.0,0.038,-99.3,-38,HAYIR,HAYIR
2026-08-19 19:15:41.954,0.17,0.27,28,0.0,0.0,0.038,-99.8,-39,HAYIR,HAYIR
2026-08-19 19:15:42.014,0.17,0.27,28,0.0,0.0,0.038,-101.1,-41,HAYIR,HAYIR
2026-08-19 19:15:42.074,0.17,0.27,28,0.0,0.0,0.038,-103.0,-43,HAYIR,HAYIR
2026-08-19 19:15:42.134,0.17,0.27,28,0.0,0.0,0.038,-103.6,-44,HAYIR,HAYIR
2026-08-19 19:15:42.194,0.17,0.27,28,0.0,0.0,0.038,-104.6,-46,HAYIR,HAYIR
2026-08-19 19:15:42.254,0.17,0.27,28,0.0,0.0,0.038,-105.2,-48,HAYIR,HAYIR
2026-08-19 19:15:42.314,0.16,0.27,28,0.0,0.0,0.038,-106.1,-49,HAYIR,HAYIR
2026-08-19 19:15:42.374,0.16,0.27,28,0.0,0.0,0.038,-107.7,-51,HAYIR,HAYIR
2026-08-19 19:15:42.434,0.16,0.27,28,0.1,0.0,0.038,-108.2,-53,HAYIR,HAYIR
2026-08-19 19:15:42.494,0.16,0.27,28,0.1,0.0,0.038,-109.1,-54,HAYIR,HAYIR
2026-08-19 19:15:42.554,0.16,0.27,28,0.1,0.0,0.038,-109.5,-56,HAYIR,HAYIR
2026-08-19 19:15:42.614,0.16,0.27,28,0.1,0.0,0.038,-110.4,-58,HAYIR,HAYIR
2026-08-19 19:15:42.674,0.15,0.27,28,0.1,0.0,0.038,-111.4,-59,HAYIR,HAYIR
2026-08-19 19:15:42.734,0.15,0.27,28,0.1,0.0,0.038,-111.8,-61,HAYIR,HAYIR
2026-08-19 19:15:42.794,0.15,0.27,28,0.1,0.0,0.000,-0.0,-60,HAYIR,HAYIR
2026-08-19 19:15:42.854,0.15,0.27,28,0.1,0.0,0.000,-0.0,-59,HAYIR,HAYIR
2026-08-19 19:15:42.914,0.15,0.27,28,0.1,0.0,0.000,-0.0,-57,HAYIR,HAYIR
2026-08-19 19:15:42.974,0.15,0.27,28,0.1,0.0,0.000,-0.0,-55,HAYIR,HAYIR
2026-08-19 19:15:43.034,0.15,0.27,28,0.1,0.0,0.000,-0.0,-54,HAYIR,HAYIR
2026-08-19 19:15:43.094,0.14,0.27,28,0.1,0.0,0.000,-0.0,-52,HAYIR,HAYIR
2026-08-19 19:15:43.154,0.14,0.27,28,0.0,0.0,0.000,-0.0,-50,HAYIR,HAYIR
2026-08-19 19:15:43.214,0.14,0.28,28,0.0,0.0,0.000,-0.0,-49,HAYIR,HAYIR
2026-08-19 19:15:43.274,0.14,0.28,28,0.0,0.0,0.000,-0.0,-47,HAYIR,HAYIR
2026-08-19 19:15:43.334,0.14,0.28,28,0.0,0.0,0.000,-0.0,-45,HAYIR,HAYIR
2026-08-19 19:15:43.394,0.14,0.28,28,0.0,0.0,0.000,-0.0,-44,HAYIR,HAYIR
2026-08-19 19:15:43.454,0.14,0.28,28,0.0,0.0,0.000,-0.0,-42,HAYIR,HAYIR
2026-08-19 19:15:43.514,0.13,0.28,28,0.0,0.0,0.000,-0.0,-40,HAYIR,HAYIR
2026-08-19 19:15:43.574,0.13,0.28,28,0.0,0.0,0.000,-0.0,-39,HAYIR,HAYIR
2026-08-19 19:15:43.634,0.13,0.28,28,0.0,0.0,0.000,-0.0,-37,HAYIR,HAYIR
2026-08-19 19:15:43.694,0.13,0.28,28,0.0,0.0,0.000,-0.0,-35,HAYIR,HAYIR
2026-08-19 19:15:43.754,0.13,0.28,28,0.0,0.0,0.000,-0.0,-34,HAYIR,HAYIR
2026-08-19 19:15:43.814,0.13,0.28,28,0.0,0.0,0.000,-0.0,-32,HAYIR,HAYIR
2026-08-19 19:15:43.874,0.12,0.27,28,0.0,0.0,0.000,-0.0,-30,HAYIR,HAYIR
2026-08-19 19:15:43.934,0.12,0.27,28,0.0,0.0,0.000,-0.0,-29,HAYIR,HAYIR
2026-08-19 19:15:43.994,0.12,0.27,28,0.0,0.0,0.000,-0.0,-27,HAYIR,HAYIR
2026-08-19 19:15:44.054,0.12,0.27,28,0.0,0.0,0.000,-0.0,-25,HAYIR,HAYIR
2026-08-19 19:15:44.114,0.12,0.27,28,0.0,0.0,0.000,-0.0,-24,HAYIR,HAYIR
2026-08-19 19:15:44.174,0.12,0.27,28,0.0,0.0,0.000,-0.0,-22,HAYIR,HAYIR
2026-08-19 19:15:44.234,0.12,0.25,28,0.0,0.0,0.000,-0.0,-20,HAYIR,HAYIR
2026-08-19 19:15:44.294,0.11,0.25,28,0.0,0.0,0.000,-0.0,-18,HAYIR,HAYIR
2026-08-19 19:15:44.354,0.11,0.25,28,0.0,0.0,0.000,-0.0,-17,HAYIR,HAYIR
2026-08-19 19:15:44.414,0.11,0.25,28,0.0,0.0,0.000,-0.0,-15,HAYIR,HAYIR
2026-08-19 19:15:44.474,0.11,0.25,28,0.0,0.0,0.000,-0.0,-13,HAYIR,HAYIR
2026-08-19 19:15:44.534,0.11,0.24,28,0.0,0.0,0.000,-0.0,-12,HAYIR,HAYIR
2026-08-19 19:15:44.594,0.11,0.24,28,0.0,0.0,0.000,-0.0,-10,HAYIR,HAYIR
2026-08-19 19:15:44.654,0.11,0.24,28,0.0,0.0,0.000,-0.0,-8,HAYIR,HAYIR
2026-08-19 19:15:44.714,0.10,0.24,28,0.0,0.0,0.000,-0.0,-7,HAYIR,HAYIR
2026-08-19 19:15:44.774,0.10,0.24,28,0.0,0.0,0.000,-0.0,-5,HAYIR,HAYIR
2026-08-19 19:15:44.834,0.08,0.25,28,0.0,0.0,0.000,-0.0,-3,HAYIR,HAYIR
2026-08-19 19:15:44.894,0.05,0.25,28,0.0,0.0,0.000,-0.0,-2,HAYIR,HAYIR
2026-08-19 19:15:44.954,0.03,0.25,28,0.0,0.0,0.000,-0.0,0,HAYIR,HAYIR
2026-08-19 19:15:45.014,0.00,0.25,28,0.0,0.0,0.000,-0.0,0,HAYIR,HAYIR
2026-08-19 19:15:45.074,0.00,0.25,0,0.0,0.0,0.000,0.0,0,EVET,HAYIR
2026-08-19 19:15:45.134,0.00,0.25,0,0.0,0.0,0.000,0.0,0,EVET,HAYIR
2026-08-19 19:15:45.194,0.00,0.25,0,0.0,0.0,0.000,0.0,0,EVET,HAYIR
2026-08-19 19:15:45.254,0.00,0.23,0,0.0,0.0,0.000,0.0,0,EVET,HAYIR
2026-08-19 19:15:45.314,0.00,0.23,0,0.0,0.0,0.000,0.0,0,EVET,HAYIR
2026-08-19 19:15:57.734,0.03,0.00,28,0.0,0.0,-0.050,160.0,1,HAYIR,HAYIR
2026-08-19 19:15:57.794,0.05,0.00,29,0.0,0.1,-0.100,160.0,2,HAYIR,HAYIR
2026-08-19 19:15:57.854,0.08,0.00,29,0.0,0.2,-0.150,160.0,4,HAYIR,HAYIR
2026-08-19 19:15:57.914,0.10,0.00,29,0.0,0.3,-0.200,160.0,6,HAYIR,HAYIR
2026-08-19 19:15:57.974,0.15,0.00,29,0.0,0.3,-0.244,160.0,7,HAYIR,HAYIR
2026-08-19 19:15:58.034,0.17,0.00,29,0.0,0.4,-0.251,160.0,9,HAYIR,HAYIR
2026-08-19 19:15:58.094,0.20,0.00,29,0.0,0.5,-0.252,160.0,11,HAYIR,HAYIR
2026-08-19 19:15:58.154,0.22,0.00,29,0.0,0.6,-0.260,160.0,12,HAYIR,HAYIR
2026-08-19 19:15:58.214,0.25,0.00,30,0.0,0.7,-0.261,160.0,14,HAYIR,HAYIR
2026-08-19 19:15:58.274,0.30,0.00,30,0.0,0.7,-0.267,160.0,16,HAYIR,HAYIR
2026-08-19 19:15:58.334,0.30,0.00,30,0.0,0.8,-0.268,160.0,17,HAYIR,HAYIR
2026-08-19 19:15:58.394,0.30,0.00,30,0.0,0.9,-0.270,160.0,19,HAYIR,HAYIR
2026-08-19 19:15:58.454,0.30,0.00,30,0.0,1.0,-0.274,160.0,21,HAYIR,HAYIR
2026-08-19 19:15:58.514,0.30,0.00,30,0.0,1.0,-0.275,160.0,22,HAYIR,HAYIR
2026-08-19 19:15:58.574,0.30,0.00,30,0.0,1.1,-0.273,160.0,24,HAYIR,HAYIR
2026-08-19 19:15:58.634,0.30,0.00,30,0.0,1.2,-0.278,160.0,26,HAYIR,HAYIR
2026-08-19 19:15:58.694,0.30,0.00,30,0.0,1.3,-0.279,160.0,27,HAYIR,HAYIR
2026-08-19 19:15:58.754,0.30,0.00,30,0.0,1.4,-0.279,160.0,29,HAYIR,HAYIR
2026-08-19 19:15:58.814,0.30,0.00,30,0.0,1.4,-0.280,160.0,31,HAYIR,HAYIR
2026-08-19 19:15:58.874,0.30,0.00,30,0.0,1.5,-0.274,160.0,32,HAYIR,HAYIR
2026-08-19 19:15:58.934,0.30,0.00,31,0.0,1.6,-0.279,160.0,34,HAYIR,HAYIR
2026-08-19 19:15:58.994,0.30,0.00,31,0.0,1.7,-0.280,160.0,36,HAYIR,HAYIR
2026-08-19 19:15:59.054,0.30,0.00,31,0.0,1.7,-0.293,160.0,38,HAYIR,HAYIR
2026-08-19 19:15:59.114,0.30,0.00,31,0.0,1.8,-0.294,160.0,39,HAYIR,HAYIR
2026-08-19 19:15:59.174,0.30,0.00,31,0.0,1.9,-0.297,160.0,41,HAYIR,HAYIR
2026-08-19 19:15:59.234,0.30,0.01,31,0.0,2.0,-0.308,160.0,43,HAYIR,HAYIR
2026-08-19 19:15:59.294,0.30,0.01,31,0.0,2.1,-0.309,160.0,44,HAYIR,HAYIR
2026-08-19 19:15:59.354,0.30,0.01,31,0.0,2.1,-0.321,160.0,46,HAYIR,HAYIR
2026-08-19 19:15:59.414,0.30,0.01,31,0.0,2.2,-0.323,160.0,48,HAYIR,HAYIR
2026-08-19 19:15:59.474,0.30,0.01,32,0.0,2.3,-0.348,160.0,49,HAYIR,HAYIR
2026-08-19 19:15:59.534,0.30,0.03,32,0.0,2.4,-0.350,160.0,51,HAYIR,HAYIR
2026-08-19 19:15:59.594,0.30,0.03,32,0.1,2.4,-0.350,160.0,53,HAYIR,HAYIR
2026-08-19 19:15:59.654,0.30,0.03,32,0.1,2.5,-0.350,160.0,54,HAYIR,HAYIR
2026-08-19 19:15:59.714,0.30,0.03,32,0.1,2.6,-0.350,160.0,56,HAYIR,HAYIR
2026-08-19 19:15:59.774,0.30,0.03,32,0.1,2.7,-0.350,160.0,58,HAYIR,HAYIR
2026-08-19 19:15:59.834,0.30,0.05,31,0.1,2.8,-0.350,160.0,59,HAYIR,HAYIR
2026-08-19 19:15:59.894,0.30,0.05,32,0.1,2.8,-0.350,160.0,61,HAYIR,HAYIR
2026-08-19 19:15:59.954,0.30,0.05,32,0.1,2.9,-0.350,160.0,63,HAYIR,HAYIR
2026-08-19 19:16:00.014,0.30,0.05,32,0.1,3.0,-0.350,160.0,64,HAYIR,HAYIR
2026-08-19 19:16:00.074,0.30,0.05,33,0.1,3.1,-0.350,160.0,66,HAYIR,HAYIR
2026-08-19 19:16:00.134,0.30,0.05,33,0.1,3.1,-0.350,160.0,68,HAYIR,HAYIR
2026-08-19 19:16:00.194,0.30,0.07,33,0.1,3.2,-0.300,160.0,69,HAYIR,HAYIR
2026-08-19 19:16:00.254,0.30,0.07,33,0.1,3.3,-0.250,160.0,71,HAYIR,HAYIR
2026-08-19 19:16:00.314,0.30,0.07,33,0.1,3.4,-0.233,160.0,73,HAYIR,HAYIR
2026-08-19 19:16:00.374,0.30,0.07,33,0.1,3.5,-0.240,160.0,74,HAYIR,HAYIR
2026-08-19 19:16:00.434,0.30,0.07,33,0.1,3.5,-0.246,160.0,76,HAYIR,HAYIR
2026-08-19 19:16:00.494,0.30,0.07,33,0.2,3.6,-0.247,160.0,78,HAYIR,HAYIR
2026-08-19 19:16:00.554,0.30,0.11,28,0.2,0.0,-0.253,160.0,80,HAYIR,HAYIR
2026-08-19 19:16:00.614,0.30,0.11,30,0.2,0.0,-0.254,160.0,81,HAYIR,HAYIR
2026-08-19 19:16:00.674,0.30,0.11,30,0.2,0.0,-0.260,160.0,83,HAYIR,HAYIR
2026-08-19 19:16:00.734,0.30,0.11,30,0.2,0.0,-0.269,160.0,85,HAYIR,HAYIR
2026-08-19 19:16:00.794,0.30,0.11,30,0.2,0.0,-0.269,160.0,86,HAYIR,HAYIR
2026-08-19 19:16:00.854,0.30,0.11,30,0.2,0.0,-0.278,160.0,88,HAYIR,HAYIR
2026-08-19 19:16:00.914,0.30,0.16,30,0.2,0.0,-0.278,160.0,90,HAYIR,HAYIR
2026-08-19 19:16:00.974,0.30,0.16,30,0.2,0.0,-0.288,160.0,91,HAYIR,HAYIR
2026-08-19 19:16:01.034,0.30,0.16,30,0.2,0.0,-0.297,160.0,93,HAYIR,HAYIR
2026-08-19 19:16:01.094,0.30,0.16,30,0.2,0.0,-0.298,160.0,95,HAYIR,HAYIR
2026-08-19 19:16:01.154,0.30,0.16,30,0.2,0.0,-0.306,160.0,96,HAYIR,HAYIR
2026-08-19 19:16:01.214,0.30,0.24,30,0.2,0.0,-0.307,160.0,98,HAYIR,HAYIR
2026-08-19 19:16:01.274,0.30,0.24,30,0.2,0.0,-0.325,160.0,100,HAYIR,HAYIR
2026-08-19 19:16:01.334,0.30,0.24,30,0.3,0.0,-0.333,160.0,101,HAYIR,HAYIR
2026-08-19 19:16:01.394,0.30,0.24,30,0.3,0.0,-0.334,160.0,103,HAYIR,HAYIR
2026-08-19 19:16:01.454,0.30,0.24,30,0.3,0.0,-0.336,160.0,105,HAYIR,HAYIR
2026-08-19 19:16:01.515,0.30,0.29,28,0.3,0.0,-0.344,160.0,106,HAYIR,HAYIR
2026-08-19 19:16:01.574,0.30,0.29,30,0.3,0.0,-0.350,160.0,108,HAYIR,HAYIR
2026-08-19 19:16:01.634,0.30,0.29,30,0.3,0.0,-0.350,160.0,110,HAYIR,HAYIR
2026-08-19 19:16:01.694,0.30,0.29,30,0.3,0.0,-0.350,160.0,111,HAYIR,HAYIR
2026-08-19 19:16:01.754,0.30,0.29,30,0.3,0.0,-0.350,160.0,113,HAYIR,HAYIR
2026-08-19 19:16:01.814,0.30,0.29,30,0.3,0.0,-0.350,160.0,115,HAYIR,HAYIR
2026-08-19 19:16:01.874,0.30,0.33,28,0.3,0.0,-0.350,160.0,116,HAYIR,HAYIR
2026-08-19 19:16:01.934,0.30,0.33,28,0.3,0.0,-0.350,160.0,118,HAYIR,HAYIR
2026-08-19 19:16:01.994,0.30,0.33,28,0.3,0.0,-0.350,160.0,120,HAYIR,HAYIR
2026-08-19 19:16:02.054,0.30,0.33,28,0.3,0.0,-0.350,160.0,122,HAYIR,HAYIR
2026-08-19 19:16:02.114,0.30,0.33,28,0.3,0.0,-0.350,160.0,123,HAYIR,HAYIR
2026-08-19 19:16:02.174,0.30,0.34,28,0.4,0.0,-0.349,160.0,125,HAYIR,HAYIR
2026-08-19 19:16:02.234,0.30,0.34,28,0.4,0.0,-0.342,160.0,127,HAYIR,HAYIR
2026-08-19 19:16:02.294,0.30,0.34,28,0.4,0.0,-0.340,160.0,128,HAYIR,HAYIR
2026-08-19 19:16:02.354,0.30,0.34,28,0.4,0.0,-0.333,160.0,130,HAYIR,HAYIR
2026-08-19 19:16:02.414,0.30,0.34,28,0.4,0.0,-0.330,160.0,132,HAYIR,HAYIR
2026-08-19 19:16:02.474,0.30,0.34,28,0.4,0.0,-0.319,160.0,133,HAYIR,HAYIR
2026-08-19 19:16:02.534,0.30,0.34,28,0.4,0.0,-0.322,160.0,135,HAYIR,HAYIR
2026-08-19 19:16:02.594,0.30,0.37,28,0.4,0.0,-0.332,160.0,137,HAYIR,HAYIR
2026-08-19 19:16:02.654,0.30,0.37,28,0.4,0.0,-0.350,160.0,138,HAYIR,HAYIR
2026-08-19 19:16:02.714,0.30,0.37,28,0.4,0.0,-0.350,160.0,140,HAYIR,HAYIR
2026-08-19 19:16:02.774,0.30,0.37,28,0.4,0.0,-0.350,160.0,142,HAYIR,HAYIR
2026-08-19 19:16:02.834,0.30,0.37,28,0.4,0.0,-0.350,160.0,143,HAYIR,HAYIR
2026-08-19 19:16:02.894,0.30,0.37,28,0.4,0.0,-0.350,160.0,145,HAYIR,HAYIR
2026-08-19 19:16:02.954,0.30,0.37,28,0.4,0.0,-0.350,160.0,147,HAYIR,HAYIR
2026-08-19 19:16:03.014,0.30,0.37,28,0.5,0.0,-0.350,160.0,148,HAYIR,HAYIR
2026-08-19 19:16:03.074,0.30,0.37,28,0.5,0.0,-0.350,160.0,150,HAYIR,HAYIR
2026-08-19 19:16:03.134,0.30,0.37,28,0.5,0.0,-0.350,160.0,152,HAYIR,HAYIR
2026-08-19 19:16:03.194,0.30,0.37,28,0.5,0.0,-0.350,160.0,153,HAYIR,HAYIR
2026-08-19 19:16:03.254,0.30,0.37,28,0.5,0.0,-0.350,160.0,155,HAYIR,HAYIR
2026-08-19 19:16:03.314,0.30,0.37,28,0.5,0.0,-0.350,160.0,157,HAYIR,HAYIR
2026-08-19 19:16:03.374,0.30,0.37,28,0.5,0.0,-0.350,160.0,158,HAYIR,HAYIR
2026-08-19 19:16:03.434,0.30,0.37,28,0.5,0.0,-0.350,160.0,160,HAYIR,HAYIR
2026-08-19 19:16:03.494,0.30,0.37,28,0.5,0.0,-0.350,160.0,160,HAYIR,HAYIR
2026-08-19 19:16:03.554,0.30,0.34,28,0.5,0.0,-0.350,160.0,160,HAYIR,HAYIR
2026-08-19 19:16:03.614,0.30,0.34,28,0.5,0.0,-0.350,160.0,160,HAYIR,HAYIR
2026-08-19 19:16:03.674,0.30,0.34,28,0.5,0.0,-0.350,160.0,160,HAYIR,HAYIR
2026-08-19 19:16:03.734,0.30,0.34,28,0.5,0.0,-0.350,160.0,160,HAYIR,HAYIR
2026-08-19 19:16:03.794,0.30,0.34,28,0.5,0.0,-0.350,160.0,160,HAYIR,HAYIR
2026-08-19 19:16:03.854,0.30,0.34,28,0.5,0.0,-0.350,160.0,160,HAYIR,HAYIR
2026-08-19 19:16:03.914,0.30,0.31,28,0.5,0.0,-0.350,160.0,160,HAYIR,HAYIR
2026-08-19 19:16:03.974,0.30,0.31,28,0.5,0.0,-0.350,160.0,160,HAYIR,HAYIR
2026-08-19 19:16:04.034,0.30,0.31,28,0.5,0.0,-0.350,160.0,160,HAYIR,HAYIR
2026-08-19 19:16:04.094,0.30,0.31,28,0.5,0.0,-0.350,160.0,160,HAYIR,HAYIR
2026-08-19 19:16:04.154,0.30,0.31,28,0.5,0.0,-0.350,160.0,160,HAYIR,HAYIR
2026-08-19 19:16:04.214,0.30,0.27,30,0.5,0.0,-0.350,160.0,160,HAYIR,HAYIR
2026-08-19 19:16:04.274,0.30,0.27,30,0.5,0.0,-0.350,160.0,160,HAYIR,HAYIR
2026-08-19 19:16:04.334,0.30,0.27,30,0.5,0.0,-0.350,160.0,160,HAYIR,HAYIR
2026-08-19 19:16:04.394,0.30,0.27,30,0.5,0.0,-0.350,160.0,160,HAYIR,HAYIR
2026-08-19 19:16:04.454,0.30,0.27,30,0.5,0.0,-0.350,160.0,160,HAYIR,HAYIR
2026-08-19 19:16:04.514,0.30,0.27,30,0.5,0.0,-0.350,160.0,160,HAYIR,HAYIR
2026-08-19 19:16:04.574,0.30,0.27,30,0.5,0.0,-0.350,160.0,160,HAYIR,HAYIR
2026-08-19 19:16:04.634,0.30,0.23,30,0.5,0.0,-0.350,160.0,160,HAYIR,HAYIR
2026-08-19 19:16:04.694,0.30,0.23,30,0.5,0.0,-0.350,160.0,160,HAYIR,HAYIR
2026-08-19 19:16:04.754,0.30,0.23,30,0.5,0.0,-0.350,160.0,160,HAYIR,HAYIR
2026-08-19 19:16:04.814,0.30,0.23,30,0.5,0.0,-0.350,160.0,160,HAYIR,HAYIR
2026-08-19 19:16:04.874,0.30,0.19,31,0.5,0.0,-0.350,160.0,160,HAYIR,HAYIR
2026-08-19 19:16:04.934,0.30,0.19,30,0.5,0.0,-0.350,160.0,160,HAYIR,HAYIR
2026-08-19 19:16:04.994,0.30,0.19,30,0.5,0.0,-0.350,160.0,160,HAYIR,HAYIR
2026-08-19 19:16:05.054,0.30,0.19,30,0.5,0.0,-0.350,160.0,160,HAYIR,HAYIR
2026-08-19 19:16:05.114,0.30,0.19,30,0.5,0.0,-0.350,160.0,160,HAYIR,HAYIR
2026-08-19 19:16:05.174,0.30,0.15,30,0.5,0.0,-0.350,160.0,160,HAYIR,HAYIR
2026-08-19 19:16:05.234,0.30,0.15,30,0.5,0.0,-0.350,160.0,160,HAYIR,HAYIR
2026-08-19 19:16:05.294,0.30,0.15,30,0.5,0.0,-0.350,160.0,160,HAYIR,HAYIR
2026-08-19 19:16:05.354,0.30,0.15,30,0.5,0.0,-0.350,160.0,160,HAYIR,HAYIR
2026-08-19 19:16:05.414,0.30,0.15,30,0.5,0.0,-0.350,160.0,160,HAYIR,HAYIR
2026-08-19 19:16:05.474,0.30,0.15,30,0.5,0.0,-0.350,160.0,160,HAYIR,HAYIR
2026-08-19 19:16:05.534,0.30,0.15,30,0.5,0.0,-0.350,160.0,160,HAYIR,HAYIR
2026-08-19 19:16:05.594,0.30,0.12,30,0.5,0.0,-0.350,160.0,160,HAYIR,HAYIR
2026-08-19 19:16:05.654,0.30,0.12,30,0.5,0.0,-0.350,160.0,160,HAYIR,HAYIR
2026-08-19 19:16:05.714,0.30,0.12,30,0.5,0.0,-0.350,160.0,160,HAYIR,HAYIR
2026-08-19 19:16:05.774,0.30,0.12,30,0.5,0.0,-0.350,160.0,160,HAYIR,HAYIR
2026-08-19 19:16:05.834,0.30,0.11,31,0.5,0.0,-0.350,160.0,160,HAYIR,HAYIR
2026-08-19 19:16:05.894,0.30,0.11,30,0.5,0.0,-0.350,160.0,160,HAYIR,HAYIR
2026-08-19 19:16:05.954,0.30,0.11,30,0.5,0.0,-0.350,160.0,160,HAYIR,HAYIR
2026-08-19 19:16:06.014,0.30,0.11,30,0.5,0.0,-0.350,160.0,160,HAYIR,HAYIR
2026-08-19 19:16:06.074,0.35,0.11,31,0.5,0.0,-0.300,160.0,160,HAYIR,HAYIR
2026-08-19 19:16:06.134,0.38,0.11,31,0.5,0.0,-0.250,160.0,160,HAYIR,HAYIR
2026-08-19 19:16:06.194,0.40,0.11,31,0.5,0.0,-0.200,160.0,160,HAYIR,HAYIR
2026-08-19 19:16:06.254,0.43,0.09,31,0.5,0.0,-0.150,153.7,159,HAYIR,HAYIR
2026-08-19 19:16:06.314,0.45,0.09,31,0.5,0.0,-0.100,101.8,157,HAYIR,HAYIR
2026-08-19 19:16:06.374,0.50,0.09,31,0.5,0.0,-0.042,39.8,156,HAYIR,HAYIR
2026-08-19 19:16:06.434,0.50,0.09,31,0.5,0.0,-0.040,37.8,154,HAYIR,HAYIR
2026-08-19 19:16:06.494,0.50,0.09,31,0.5,0.0,-0.037,35.4,152,HAYIR,HAYIR
2026-08-19 19:16:06.554,0.50,0.08,31,0.5,0.0,-0.036,33.9,150,HAYIR,HAYIR
2026-08-19 19:16:06.614,0.50,0.08,31,0.5,0.0,-0.033,31.6,149,HAYIR,HAYIR
2026-08-19 19:16:06.674,0.50,0.08,31,0.4,0.0,0.000,-0.0,147,HAYIR,HAYIR
2026-08-19 19:16:06.734,0.50,0.08,31,0.4,0.0,0.000,-0.0,145,HAYIR,HAYIR
2026-08-19 19:16:06.794,0.50,0.08,31,0.4,0.0,0.000,-0.0,144,HAYIR,HAYIR
2026-08-19 19:16:06.854,0.50,0.08,31,0.4,0.0,0.000,-0.0,142,HAYIR,HAYIR
2026-08-19 19:16:06.914,0.50,0.08,31,0.4,0.0,0.000,-0.0,140,HAYIR,HAYIR
2026-08-19 19:16:06.974,0.50,0.08,31,0.4,0.0,0.000,-0.0,139,HAYIR,HAYIR
2026-08-19 19:16:07.034,0.50,0.08,31,0.4,0.0,0.000,-0.0,137,HAYIR,HAYIR
2026-08-19 19:16:07.094,0.50,0.08,31,0.4,0.0,0.000,-0.0,135,HAYIR,HAYIR
2026-08-19 19:16:07.154,0.50,0.08,31,0.4,0.0,0.000,-0.0,134,HAYIR,HAYIR
2026-08-19 19:16:07.214,0.50,0.08,31,0.4,0.1,0.000,-0.0,132,HAYIR,HAYIR
2026-08-19 19:16:07.274,0.50,0.08,31,0.4,0.2,0.000,-0.0,130,HAYIR,HAYIR
2026-08-19 19:16:07.334,0.50,0.08,32,0.4,0.2,0.000,-0.0,129,HAYIR,HAYIR
2026-08-19 19:16:07.394,0.50,0.08,32,0.4,0.3,0.000,-0.0,127,HAYIR,HAYIR
2026-08-19 19:16:07.454,0.50,0.08,32,0.4,0.4,0.000,-0.0,125,HAYIR,HAYIR
2026-08-19 19:16:07.514,0.50,0.08,32,0.4,0.5,0.000,-0.0,124,HAYIR,HAYIR
2026-08-19 19:16:07.574,0.50,0.09,31,0.3,0.0,0.031,-29.2,122,HAYIR,HAYIR
2026-08-19 19:16:07.634,0.50,0.09,31,0.3,0.0,0.037,-35.2,120,HAYIR,HAYIR
2026-08-19 19:16:07.694,0.50,0.09,32,0.3,0.0,0.039,-37.3,119,HAYIR,HAYIR
2026-08-19 19:16:07.754,0.50,0.09,32,0.3,0.0,0.048,-45.8,117,HAYIR,HAYIR
2026-08-19 19:16:07.814,0.50,0.09,32,0.3,0.0,0.052,-48.8,115,HAYIR,HAYIR
2026-08-19 19:16:07.874,0.50,0.11,32,0.3,0.0,0.067,-62.9,114,HAYIR,HAYIR
2026-08-19 19:16:07.934,0.50,0.11,32,0.3,0.0,0.075,-70.1,112,HAYIR,HAYIR
2026-08-19 19:16:07.994,0.50,0.11,32,0.3,0.0,0.079,-73.7,110,HAYIR,HAYIR
2026-08-19 19:16:08.054,0.50,0.11,32,0.3,0.0,0.090,-83.8,108,HAYIR,HAYIR
2026-08-19 19:16:08.114,0.50,0.11,32,0.3,0.0,0.094,-87.4,107,HAYIR,HAYIR
2026-08-19 19:16:08.174,0.45,0.11,31,0.3,0.0,0.100,-101.8,105,HAYIR,HAYIR
2026-08-19 19:16:08.234,0.42,0.14,30,0.3,0.0,0.100,-107.4,103,HAYIR,HAYIR
2026-08-19 19:16:08.294,0.40,0.14,31,0.3,0.0,0.100,-113.5,102,HAYIR,HAYIR
2026-08-19 19:16:08.354,0.37,0.14,31,0.2,0.0,0.100,-120.3,100,HAYIR,HAYIR
2026-08-19 19:16:08.414,0.35,0.14,31,0.2,0.0,0.100,-128.0,98,HAYIR,HAYIR
2026-08-19 19:16:08.474,0.30,0.14,31,0.2,0.0,0.100,-145.5,97,HAYIR,HAYIR
2026-08-19 19:16:08.534,0.30,0.17,30,0.2,0.0,0.108,-156.8,95,HAYIR,HAYIR
2026-08-19 19:16:08.594,0.30,0.17,31,0.2,0.0,0.111,-160.0,93,HAYIR,HAYIR
2026-08-19 19:16:08.654,0.30,0.17,31,0.2,0.0,0.118,-160.0,92,HAYIR,HAYIR
2026-08-19 19:16:08.714,0.30,0.17,31,0.2,0.0,0.121,-160.0,90,HAYIR,HAYIR
2026-08-19 19:16:08.774,0.30,0.17,31,0.2,0.0,0.134,-160.0,88,HAYIR,HAYIR
2026-08-19 19:16:08.834,0.30,0.17,31,0.2,0.0,0.145,-160.0,87,HAYIR,HAYIR
2026-08-19 19:16:08.894,0.30,0.17,31,0.2,0.0,0.148,-160.0,85,HAYIR,HAYIR
2026-08-19 19:16:08.954,0.30,0.21,31,0.2,0.0,0.156,-160.0,83,HAYIR,HAYIR
2026-08-19 19:16:09.014,0.30,0.21,31,0.2,0.0,0.159,-160.0,82,HAYIR,HAYIR
2026-08-19 19:16:09.074,0.30,0.21,31,0.2,0.0,0.172,-160.0,80,HAYIR,HAYIR
2026-08-19 19:16:09.134,0.30,0.21,31,0.2,0.0,0.183,-160.0,78,HAYIR,HAYIR
2026-08-19 19:16:09.194,0.30,0.23,30,0.2,0.0,0.187,-160.0,77,HAYIR,HAYIR
2026-08-19 19:16:09.254,0.30,0.23,31,0.1,0.0,0.199,-160.0,75,HAYIR,HAYIR
2026-08-19 19:16:09.314,0.30,0.23,31,0.1,0.0,0.203,-160.0,73,HAYIR,HAYIR
2026-08-19 19:16:09.374,0.30,0.23,31,0.1,0.0,0.216,-160.0,72,HAYIR,HAYIR
2026-08-19 19:16:09.434,0.30,0.23,31,0.1,0.0,0.228,-160.0,70,HAYIR,HAYIR
2026-08-19 19:16:09.494,0.30,0.23,31,0.1,0.0,0.233,-160.0,68,HAYIR,HAYIR
2026-08-19 19:16:09.554,0.30,0.23,31,0.1,0.0,0.244,-160.0,66,HAYIR,HAYIR
2026-08-19 19:16:09.614,0.30,0.28,31,0.1,0.0,0.248,-160.0,65,HAYIR,HAYIR
2026-08-19 19:16:09.674,0.30,0.28,31,0.1,0.0,0.263,-160.0,63,HAYIR,HAYIR
2026-08-19 19:16:09.734,0.30,0.28,31,0.1,0.0,0.274,-160.0,61,HAYIR,HAYIR
2026-08-19 19:16:09.794,0.30,0.28,31,0.1,0.0,0.279,-160.0,60,HAYIR,HAYIR
2026-08-19 19:16:09.854,0.30,0.28,31,0.1,0.0,0.290,-160.0,58,HAYIR,HAYIR
2026-08-19 19:16:09.914,0.30,0.31,28,0.1,0.0,0.295,-160.0,56,HAYIR,HAYIR
2026-08-19 19:16:09.974,0.30,0.31,28,0.1,0.0,0.311,-160.0,55,HAYIR,HAYIR
2026-08-19 19:16:10.034,0.30,0.31,28,0.1,0.0,0.321,-160.0,53,HAYIR,HAYIR
2026-08-19 19:16:10.094,0.30,0.31,28,0.0,0.0,0.327,-160.0,51,HAYIR,HAYIR
2026-08-19 19:16:10.154,0.30,0.35,28,0.0,0.0,0.339,-160.0,50,HAYIR,HAYIR
2026-08-19 19:16:10.214,0.30,0.35,28,0.0,0.0,0.344,-160.0,48,HAYIR,HAYIR
2026-08-19 19:16:10.274,0.30,0.35,28,0.0,0.0,0.350,-160.0,46,HAYIR,HAYIR
2026-08-19 19:16:10.334,0.30,0.35,28,0.0,0.0,0.350,-160.0,45,HAYIR,HAYIR
2026-08-19 19:16:10.394,0.30,0.35,28,0.0,0.0,0.350,-160.0,43,HAYIR,HAYIR
2026-08-19 19:16:10.454,0.30,0.35,28,0.0,0.0,0.350,-160.0,41,HAYIR,HAYIR
2026-08-19 19:16:10.514,0.30,0.35,28,0.0,0.0,0.350,-160.0,40,HAYIR,HAYIR
2026-08-19 19:16:10.574,0.30,0.39,28,0.0,0.0,0.350,-160.0,38,HAYIR,HAYIR
2026-08-19 19:16:10.634,0.30,0.39,28,0.0,0.0,0.350,-160.0,36,HAYIR,HAYIR
2026-08-19 19:16:10.694,0.30,0.39,28,0.0,0.0,0.350,-160.0,35,HAYIR,HAYIR
2026-08-19 19:16:10.754,0.30,0.39,28,0.0,0.0,0.350,-160.0,33,HAYIR,HAYIR
2026-08-19 19:16:10.814,0.30,0.39,28,0.0,0.0,0.350,-160.0,31,HAYIR,HAYIR
2026-08-19 19:16:10.874,0.30,0.41,28,0.0,0.0,0.350,-160.0,30,HAYIR,HAYIR
2026-08-19 19:16:10.934,0.30,0.41,28,0.0,0.0,0.350,-160.0,28,HAYIR,HAYIR
2026-08-19 19:16:10.994,0.30,0.41,28,0.0,0.0,0.350,-160.0,26,HAYIR,HAYIR
2026-08-19 19:16:11.054,0.30,0.41,28,0.0,0.0,0.350,-160.0,24,HAYIR,HAYIR
2026-08-19 19:16:11.114,0.30,0.41,28,0.0,0.0,0.350,-160.0,23,HAYIR,HAYIR
2026-08-19 19:16:11.174,0.30,0.41,28,0.0,0.0,0.350,-160.0,21,HAYIR,HAYIR
2026-08-19 19:16:11.234,0.30,0.42,28,0.0,0.0,0.350,-160.0,19,HAYIR,HAYIR
2026-08-19 19:16:11.294,0.30,0.42,28,0.0,0.0,0.350,-160.0,18,HAYIR,HAYIR
2026-08-19 19:16:11.354,0.30,0.42,28,0.0,0.0,0.350,-160.0,16,HAYIR,HAYIR
2026-08-19 19:16:11.414,0.30,0.42,28,0.0,0.0,0.350,-160.0,14,HAYIR,HAYIR
2026-08-19 19:16:11.474,0.30,0.42,28,0.0,0.0,0.350,-160.0,13,HAYIR,HAYIR
2026-08-19 19:16:11.534,0.30,0.41,28,0.0,0.0,0.350,-160.0,11,HAYIR,HAYIR
2026-08-19 19:16:11.594,0.30,0.41,28,0.0,0.0,0.350,-160.0,9,HAYIR,HAYIR
2026-08-19 19:16:11.654,0.30,0.41,28,0.0,0.0,0.350,-160.0,8,HAYIR,HAYIR
2026-08-19 19:16:11.714,0.30,0.41,28,0.0,0.0,0.350,-160.0,6,HAYIR,HAYIR
2026-08-19 19:16:11.774,0.30,0.41,28,0.0,0.0,0.350,-160.0,4,HAYIR,HAYIR
2026-08-19 19:16:11.834,0.30,0.41,28,0.0,0.0,0.350,-160.0,3,HAYIR,HAYIR
2026-08-19 19:16:11.894,0.30,0.40,28,0.0,0.0,0.350,-160.0,1,HAYIR,HAYIR
2026-08-19 19:16:11.954,0.30,0.40,28,0.0,0.0,0.350,-160.0,-1,HAYIR,HAYIR
2026-08-19 19:16:12.014,0.30,0.40,28,0.0,0.0,0.350,-160.0,-2,HAYIR,HAYIR
2026-08-19 19:16:12.074,0.30,0.40,28,0.0,0.0,0.350,-160.0,-4,HAYIR,HAYIR
2026-08-19 19:16:12.134,0.30,0.40,28,0.0,0.0,0.350,-160.0,-6,HAYIR,HAYIR
2026-08-19 19:16:12.194,0.30,0.39,28,0.0,0.0,0.350,-160.0,-7,HAYIR,HAYIR
2026-08-19 19:16:12.254,0.30,0.39,28,0.0,0.0,0.350,-160.0,-9,HAYIR,HAYIR
2026-08-19 19:16:12.314,0.30,0.39,28,0.0,0.0,0.350,-160.0,-11,HAYIR,HAYIR
2026-08-19 19:16:12.374,0.30,0.39,28,0.0,0.0,0.350,-160.0,-12,HAYIR,HAYIR
2026-08-19 19:16:12.434,0.30,0.39,28,0.0,0.0,0.350,-160.0,-14,HAYIR,HAYIR
2026-08-19 19:16:12.494,0.30,0.37,28,0.0,0.0,0.350,-160.0,-16,HAYIR,HAYIR
2026-08-19 19:16:12.554,0.30,0.37,28,0.0,0.0,0.350,-160.0,-18,HAYIR,HAYIR
2026-08-19 19:16:12.614,0.30,0.37,28,0.0,0.0,0.350,-160.0,-19,HAYIR,HAYIR
2026-08-19 19:16:12.674,0.30,0.37,28,0.0,0.0,0.350,-160.0,-21,HAYIR,HAYIR
2026-08-19 19:16:12.734,0.30,0.37,28,0.0,0.0,0.350,-160.0,-23,HAYIR,HAYIR
2026-08-19 19:16:12.794,0.30,0.37,28,0.0,0.0,0.350,-160.0,-24,HAYIR,HAYIR
2026-08-19 19:16:12.854,0.30,0.37,28,0.0,0.0,0.350,-160.0,-26,HAYIR,HAYIR
2026-08-19 19:16:12.914,0.30,0.37,28,0.0,0.0,0.350,-160.0,-28,HAYIR,HAYIR
2026-08-19 19:16:12.974,0.30,0.37,28,0.0,0.0,0.350,-160.0,-29,HAYIR,HAYIR
2026-08-19 19:16:13.034,0.30,0.37,28,0.0,0.0,0.350,-160.0,-31,HAYIR,HAYIR
2026-08-19 19:16:13.094,0.30,0.37,28,0.0,0.0,0.350,-160.0,-33,HAYIR,HAYIR
2026-08-19 19:16:13.154,0.30,0.37,28,0.0,0.0,0.350,-160.0,-34,HAYIR,HAYIR
2026-08-19 19:16:13.214,0.30,0.36,28,0.0,0.0,0.350,-160.0,-36,HAYIR,HAYIR
2026-08-19 19:16:13.274,0.30,0.36,28,0.0,0.0,0.350,-160.0,-38,HAYIR,HAYIR
2026-08-19 19:16:13.334,0.30,0.36,28,0.0,0.0,0.350,-160.0,-39,HAYIR,HAYIR
2026-08-19 19:16:13.394,0.30,0.36,28,0.0,0.0,0.350,-160.0,-41,HAYIR,HAYIR
2026-08-19 19:16:13.454,0.30,0.36,28,0.0,0.0,0.350,-160.0,-43,HAYIR,HAYIR
2026-08-19 19:16:13.514,0.30,0.36,28,0.0,0.0,0.350,-160.0,-44,HAYIR,HAYIR
2026-08-19 19:16:13.574,0.30,0.35,28,0.0,0.0,0.350,-160.0,-46,HAYIR,HAYIR
2026-08-19 19:16:13.634,0.30,0.35,28,0.0,0.0,0.350,-160.0,-48,HAYIR,HAYIR
2026-08-19 19:16:13.694,0.30,0.35,28,0.0,0.0,0.350,-160.0,-49,HAYIR,HAYIR
2026-08-19 19:16:13.754,0.30,0.35,28,0.0,0.0,0.350,-160.0,-51,HAYIR,HAYIR
2026-08-19 19:16:13.814,0.30,0.35,28,0.1,0.0,0.350,-160.0,-53,HAYIR,HAYIR
2026-08-19 19:16:13.874,0.30,0.34,28,0.1,0.0,0.350,-160.0,-54,HAYIR,HAYIR
2026-08-19 19:16:13.934,0.30,0.34,28,0.1,0.0,0.350,-160.0,-56,HAYIR,HAYIR
2026-08-19 19:16:13.994,0.30,0.34,28,0.1,0.0,0.350,-160.0,-58,HAYIR,HAYIR
2026-08-19 19:16:14.054,0.30,0.34,28,0.1,0.0,0.350,-160.0,-60,HAYIR,HAYIR
2026-08-19 19:16:14.114,0.30,0.34,28,0.1,0.0,0.350,-160.0,-61,HAYIR,HAYIR
2026-08-19 19:16:14.174,0.30,0.32,28,0.1,0.0,0.350,-160.0,-63,HAYIR,HAYIR
2026-08-19 19:16:14.234,0.30,0.32,28,0.1,0.0,0.350,-160.0,-65,HAYIR,HAYIR
2026-08-19 19:16:14.294,0.30,0.32,28,0.1,0.0,0.350,-160.0,-66,HAYIR,HAYIR
2026-08-19 19:16:14.354,0.30,0.32,28,0.1,0.0,0.350,-160.0,-68,HAYIR,HAYIR
2026-08-19 19:16:14.414,0.30,0.32,28,0.1,0.0,0.350,-160.0,-70,HAYIR,HAYIR
2026-08-19 19:16:14.474,0.30,0.32,28,0.1,0.0,0.350,-160.0,-71,HAYIR,HAYIR
2026-08-19 19:16:14.534,0.30,0.32,28,0.1,0.0,0.350,-160.0,-73,HAYIR,HAYIR
2026-08-19 19:16:14.594,0.30,0.31,28,0.1,0.0,0.350,-160.0,-75,HAYIR,HAYIR
2026-08-19 19:16:14.654,0.30,0.31,28,0.1,0.0,0.350,-160.0,-76,HAYIR,HAYIR
2026-08-19 19:16:14.714,0.30,0.31,28,0.2,0.0,0.350,-160.0,-78,HAYIR,HAYIR
2026-08-19 19:16:14.774,0.30,0.31,28,0.2,0.0,0.350,-160.0,-80,HAYIR,HAYIR
2026-08-19 19:16:14.834,0.30,0.31,28,0.2,0.0,0.350,-160.0,-81,HAYIR,HAYIR
2026-08-19 19:16:14.894,0.30,0.31,28,0.2,0.0,0.350,-160.0,-83,HAYIR,HAYIR
2026-08-19 19:16:14.954,0.30,0.31,28,0.2,0.0,0.350,-160.0,-85,HAYIR,HAYIR
2026-08-19 19:16:15.014,0.30,0.31,28,0.2,0.0,0.350,-160.0,-86,HAYIR,HAYIR
2026-08-19 19:16:15.074,0.30,0.31,28,0.2,0.0,0.350,-160.0,-88,HAYIR,HAYIR
2026-08-19 19:16:15.134,0.30,0.31,28,0.2,0.0,0.350,-160.0,-90,HAYIR,HAYIR
2026-08-19 19:16:15.194,0.30,0.30,28,0.2,0.0,0.350,-160.0,-91,HAYIR,HAYIR
2026-08-19 19:16:15.254,0.30,0.30,28,0.2,0.0,0.350,-160.0,-93,HAYIR,HAYIR
2026-08-19 19:16:15.314,0.30,0.30,28,0.2,0.0,0.350,-160.0,-95,HAYIR,HAYIR
2026-08-19 19:16:15.374,0.30,0.30,28,0.2,0.0,0.350,-160.0,-96,HAYIR,HAYIR
2026-08-19 19:16:15.434,0.30,0.30,28,0.2,0.0,0.350,-160.0,-98,HAYIR,HAYIR
2026-08-19 19:16:15.494,0.30,0.30,28,0.2,0.0,0.350,-160.0,-100,HAYIR,HAYIR
2026-08-19 19:16:15.554,0.30,0.28,31,0.3,0.0,0.350,-160.0,-102,HAYIR,HAYIR
2026-08-19 19:16:15.614,0.30,0.28,31,0.3,0.0,0.350,-160.0,-103,HAYIR,HAYIR
2026-08-19 19:16:15.674,0.30,0.28,31,0.3,0.0,0.350,-160.0,-105,HAYIR,HAYIR
2026-08-19 19:16:15.734,0.30,0.28,31,0.3,0.0,0.350,-160.0,-107,HAYIR,HAYIR
2026-08-19 19:16:15.794,0.30,0.28,31,0.3,0.0,0.350,-160.0,-108,HAYIR,HAYIR
2026-08-19 19:16:15.854,0.30,0.27,31,0.3,0.0,0.350,-160.0,-110,HAYIR,HAYIR
2026-08-19 19:16:15.914,0.30,0.27,31,0.3,0.0,0.350,-160.0,-112,HAYIR,HAYIR
2026-08-19 19:16:15.974,0.30,0.27,31,0.3,0.0,0.350,-160.0,-113,HAYIR,HAYIR
2026-08-19 19:16:16.034,0.30,0.27,31,0.3,0.0,0.350,-160.0,-115,HAYIR,HAYIR
2026-08-19 19:16:16.094,0.30,0.27,31,0.3,0.0,0.350,-160.0,-117,HAYIR,HAYIR
2026-08-19 19:16:16.154,0.30,0.27,31,0.3,0.0,0.350,-160.0,-118,HAYIR,HAYIR
2026-08-19 19:16:16.214,0.30,0.27,31,0.3,0.0,0.350,-160.0,-120,HAYIR,HAYIR
2026-08-19 19:16:16.274,0.30,0.27,31,0.3,0.0,0.350,-160.0,-122,HAYIR,HAYIR
2026-08-19 19:16:16.334,0.30,0.27,31,0.3,0.0,0.350,-160.0,-123,HAYIR,HAYIR
2026-08-19 19:16:16.394,0.30,0.27,31,0.4,0.0,0.350,-160.0,-125,HAYIR,HAYIR
2026-08-19 19:16:16.454,0.30,0.27,31,0.4,0.0,0.350,-160.0,-127,HAYIR,HAYIR
2026-08-19 19:16:16.514,0.30,0.27,31,0.4,0.0,0.350,-160.0,-128,HAYIR,HAYIR
2026-08-19 19:16:16.574,0.30,0.27,31,0.4,0.0,0.350,-160.0,-130,HAYIR,HAYIR
2026-08-19 19:16:16.634,0.30,0.27,31,0.4,0.0,0.350,-160.0,-132,HAYIR,HAYIR
2026-08-19 19:16:16.694,0.30,0.27,31,0.4,0.0,0.350,-160.0,-133,HAYIR,HAYIR
2026-08-19 19:16:16.754,0.30,0.27,31,0.4,0.0,0.350,-160.0,-135,HAYIR,HAYIR
2026-08-19 19:16:16.814,0.30,0.27,31,0.4,0.0,0.350,-160.0,-137,HAYIR,HAYIR
2026-08-19 19:16:16.874,0.30,0.29,31,0.4,0.0,0.350,-160.0,-138,HAYIR,HAYIR
2026-08-19 19:16:16.934,0.30,0.29,31,0.4,0.0,0.350,-160.0,-140,HAYIR,HAYIR
2026-08-19 19:16:16.994,0.30,0.29,31,0.4,0.0,0.350,-160.0,-142,HAYIR,HAYIR
2026-08-19 19:16:17.054,0.30,0.29,31,0.4,0.0,0.350,-160.0,-144,HAYIR,HAYIR
2026-08-19 19:16:17.114,0.30,0.29,31,0.4,0.0,0.350,-160.0,-145,HAYIR,HAYIR
2026-08-19 19:16:17.174,0.30,0.29,31,0.4,0.0,0.350,-160.0,-147,HAYIR,HAYIR
2026-08-19 19:16:17.234,0.30,0.29,31,0.5,0.0,0.350,-160.0,-149,HAYIR,HAYIR
2026-08-19 19:16:17.294,0.30,0.31,28,0.5,0.0,0.350,-160.0,-150,HAYIR,HAYIR
2026-08-19 19:16:17.354,0.30,0.31,28,0.5,0.0,0.350,-160.0,-152,HAYIR,HAYIR
2026-08-19 19:16:17.414,0.30,0.31,28,0.5,0.0,0.350,-160.0,-154,HAYIR,HAYIR
2026-08-19 19:16:17.474,0.30,0.31,28,0.5,0.0,0.350,-160.0,-155,HAYIR,HAYIR
2026-08-19 19:16:17.534,0.30,0.33,28,0.5,0.0,0.350,-160.0,-157,HAYIR,HAYIR
2026-08-19 19:16:17.594,0.30,0.33,28,0.5,0.0,0.350,-160.0,-159,HAYIR,HAYIR
2026-08-19 19:16:17.654,0.30,0.33,28,0.5,0.0,0.350,-160.0,-160,HAYIR,HAYIR
2026-08-19 19:16:17.714,0.30,0.33,28,0.5,0.0,0.350,-160.0,-160,HAYIR,HAYIR
2026-08-19 19:16:17.774,0.30,0.33,28,0.5,0.0,0.350,-160.0,-160,HAYIR,HAYIR
2026-08-19 19:16:17.834,0.30,0.33,28,0.5,0.0,0.350,-160.0,-160,HAYIR,HAYIR
2026-08-19 19:16:17.894,0.30,0.33,28,0.5,0.0,0.350,-160.0,-160,HAYIR,HAYIR
2026-08-19 19:16:17.954,0.30,0.35,28,0.5,0.0,0.350,-160.0,-160,HAYIR,HAYIR
2026-08-19 19:16:18.014,0.30,0.35,28,0.5,0.0,0.350,-160.0,-160,HAYIR,HAYIR
2026-08-19 19:16:18.074,0.30,0.35,28,0.5,0.0,0.350,-160.0,-160,HAYIR,HAYIR
2026-08-19 19:16:18.134,0.30,0.35,28,0.5,0.0,0.350,-160.0,-160,HAYIR,HAYIR
2026-08-19 19:16:18.194,0.30,0.35,28,0.5,0.0,0.350,-160.0,-160,HAYIR,HAYIR
2026-08-19 19:16:18.254,0.30,0.35,28,0.5,0.0,0.350,-160.0,-160,HAYIR,HAYIR
2026-08-19 19:16:18.314,0.30,0.35,28,0.5,0.0,0.350,-160.0,-160,HAYIR,HAYIR
2026-08-19 19:16:18.374,0.30,0.35,28,0.5,0.0,0.350,-160.0,-160,HAYIR,HAYIR
2026-08-19 19:16:18.434,0.30,0.35,28,0.5,0.0,0.350,-160.0,-160,HAYIR,HAYIR
2026-08-19 19:16:18.494,0.30,0.33,28,0.5,0.0,0.350,-160.0,-160,HAYIR,HAYIR
2026-08-19 19:16:18.554,0.30,0.33,28,0.5,0.0,0.350,-160.0,-160,HAYIR,HAYIR
2026-08-19 19:16:18.614,0.30,0.33,28,0.5,0.0,0.350,-160.0,-160,HAYIR,HAYIR
2026-08-19 19:16:18.674,0.30,0.33,28,0.5,0.0,0.350,-160.0,-160,HAYIR,HAYIR
2026-08-19 19:16:18.734,0.30,0.33,28,0.5,0.0,0.350,-160.0,-160,HAYIR,HAYIR
2026-08-19 19:16:18.794,0.30,0.33,28,0.5,0.0,0.350,-160.0,-160,HAYIR,HAYIR
2026-08-19 19:16:18.854,0.30,0.33,28,0.5,0.0,0.350,-160.0,-160,HAYIR,HAYIR
2026-08-19 19:16:18.914,0.30,0.30,31,0.5,0.0,0.350,-160.0,-160,HAYIR,HAYIR
2026-08-19 19:16:18.974,0.30,0.30,31,0.5,0.0,0.350,-160.0,-160,HAYIR,HAYIR
2026-08-19 19:16:19.034,0.30,0.30,31,0.5,0.0,0.350,-160.0,-160,HAYIR,HAYIR
2026-08-19 19:16:19.094,0.30,0.30,31,0.5,0.0,0.350,-160.0,-160,HAYIR,HAYIR
2026-08-19 19:16:19.154,0.30,0.30,31,0.5,0.0,0.350,-160.0,-160,HAYIR,HAYIR
2026-08-19 19:16:19.214,0.30,0.26,31,0.5,0.0,0.350,-160.0,-160,HAYIR,HAYIR
2026-08-19 19:16:19.274,0.30,0.26,31,0.5,0.0,0.350,-160.0,-160,HAYIR,HAYIR
2026-08-19 19:16:19.334,0.30,0.26,31,0.5,0.0,0.350,-160.0,-160,HAYIR,HAYIR
2026-08-19 19:16:19.394,0.30,0.26,31,0.5,0.0,0.350,-160.0,-160,HAYIR,HAYIR
2026-08-19 19:16:19.454,0.30,0.26,31,0.5,0.0,0.350,-160.0,-160,HAYIR,HAYIR
2026-08-19 19:16:19.514,0.30,0.26,31,0.5,0.0,0.350,-160.0,-160,HAYIR,HAYIR
2026-08-19 19:16:19.574,0.30,0.23,31,0.5,0.0,0.350,-160.0,-160,HAYIR,HAYIR
2026-08-19 19:16:19.634,0.30,0.23,31,0.5,0.0,0.350,-160.0,-160,HAYIR,HAYIR
2026-08-19 19:16:19.694,0.30,0.23,31,0.5,0.0,0.350,-160.0,-160,HAYIR,HAYIR
2026-08-19 19:16:19.754,0.30,0.23,31,0.5,0.0,0.350,-160.0,-160,HAYIR,HAYIR
2026-08-19 19:16:19.814,0.30,0.23,31,0.5,0.0,0.350,-160.0,-160,HAYIR,HAYIR
2026-08-19 19:16:19.874,0.30,0.21,31,0.5,0.0,0.350,-160.0,-160,HAYIR,HAYIR
2026-08-19 19:16:19.934,0.30,0.21,31,0.5,0.0,0.350,-160.0,-160,HAYIR,HAYIR
2026-08-19 19:16:19.994,0.30,0.21,31,0.5,0.0,0.350,-160.0,-160,HAYIR,HAYIR
2026-08-19 19:16:20.054,0.30,0.21,31,0.5,0.0,0.350,-160.0,-160,HAYIR,HAYIR
2026-08-19 19:16:20.114,0.30,0.21,31,0.5,0.0,0.350,-160.0,-160,HAYIR,HAYIR
2026-08-19 19:16:20.174,0.30,0.21,31,0.5,0.0,0.350,-160.0,-160,HAYIR,HAYIR
2026-08-19 19:16:20.234,0.30,0.20,32,0.5,0.0,0.350,-160.0,-160,HAYIR,HAYIR
2026-08-19 19:16:20.294,0.30,0.20,31,0.5,0.0,0.350,-160.0,-160,HAYIR,HAYIR
2026-08-19 19:16:20.354,0.30,0.20,31,0.5,0.0,0.350,-160.0,-160,HAYIR,HAYIR
2026-08-19 19:16:20.414,0.30,0.20,31,0.5,0.0,0.350,-160.0,-160,HAYIR,HAYIR
2026-08-19 19:16:20.474,0.30,0.20,31,0.5,0.0,0.350,-160.0,-160,HAYIR,HAYIR
2026-08-19 19:16:20.534,0.30,0.18,31,0.5,0.0,0.350,-160.0,-160,HAYIR,HAYIR
2026-08-19 19:16:20.594,0.30,0.18,31,0.5,0.0,0.350,-160.0,-160,HAYIR,HAYIR
2026-08-19 19:16:20.654,0.30,0.18,31,0.5,0.0,0.349,-160.0,-160,HAYIR,HAYIR
2026-08-19 19:16:20.714,0.30,0.18,31,0.5,0.0,0.346,-160.0,-160,HAYIR,HAYIR
2026-08-19 19:16:20.774,0.30,0.18,31,0.5,0.0,0.336,-160.0,-160,HAYIR,HAYIR
2026-08-19 19:16:20.834,0.30,0.18,31,0.5,0.0,0.329,-160.0,-160,HAYIR,HAYIR
2026-08-19 19:16:20.894,0.30,0.19,31,0.5,0.0,0.325,-160.0,-160,HAYIR,HAYIR
2026-08-19 19:16:20.954,0.30,0.19,31,0.5,0.0,0.319,-160.0,-160,HAYIR,HAYIR
2026-08-19 19:16:21.014,0.30,0.19,31,0.5,0.0,0.315,-160.0,-160,HAYIR,HAYIR
2026-08-19 19:16:21.074,0.30,0.19,31,0.5,0.0,0.303,-160.0,-160,HAYIR,HAYIR
2026-08-19 19:16:21.135,0.30,0.19,31,0.5,0.0,0.294,-160.0,-160,HAYIR,HAYIR
2026-08-19 19:16:21.194,0.30,0.20,31,0.5,0.0,0.290,-160.0,-160,HAYIR,HAYIR
2026-08-19 19:16:21.254,0.30,0.20,31,0.5,0.0,0.280,-160.0,-160,HAYIR,HAYIR
2026-08-19 19:16:21.314,0.30,0.20,31,0.5,0.0,0.275,-160.0,-160,HAYIR,HAYIR
2026-08-19 19:16:21.374,0.30,0.20,31,0.5,0.0,0.262,-160.0,-160,HAYIR,HAYIR
2026-08-19 19:16:21.434,0.30,0.20,31,0.5,0.0,0.250,-160.0,-160,HAYIR,HAYIR
2026-08-19 19:16:21.494,0.30,0.20,31,0.5,0.0,0.246,-160.0,-160,HAYIR,HAYIR
2026-08-19 19:16:21.554,0.30,0.20,31,0.5,0.0,0.233,-160.0,-160,HAYIR,HAYIR
2026-08-19 19:16:21.614,0.30,0.22,31,0.5,0.0,0.229,-160.0,-160,HAYIR,HAYIR
2026-08-19 19:16:21.674,0.30,0.22,31,0.5,0.0,0.210,-160.0,-160,HAYIR,HAYIR
2026-08-19 19:16:21.734,0.30,0.22,31,0.5,0.0,0.197,-160.0,-160,HAYIR,HAYIR
2026-08-19 19:16:21.794,0.30,0.22,31,0.5,0.0,0.191,-160.0,-160,HAYIR,HAYIR
2026-08-19 19:16:21.854,0.30,0.22,31,0.5,0.0,0.175,-160.0,-160,HAYIR,HAYIR
2026-08-19 19:16:21.914,0.30,0.23,31,0.5,0.0,0.171,-160.0,-160,HAYIR,HAYIR
2026-08-19 19:16:21.974,0.30,0.23,31,0.5,0.0,0.149,-160.0,-160,HAYIR,HAYIR
2026-08-19 19:16:22.034,0.30,0.23,31,0.5,0.0,0.133,-160.0,-160,HAYIR,HAYIR
2026-08-19 19:16:22.094,0.30,0.23,31,0.5,0.0,0.128,-160.0,-160,HAYIR,HAYIR
2026-08-19 19:16:22.154,0.30,0.23,31,0.5,0.0,0.112,-160.0,-160,HAYIR,HAYIR
2026-08-19 19:16:22.214,0.30,0.23,31,0.5,0.0,0.106,-153.5,-158,HAYIR,HAYIR
2026-08-19 19:16:22.274,0.35,0.25,32,0.5,0.0,0.100,-128.0,-157,HAYIR,HAYIR
2026-08-19 19:16:22.334,0.38,0.25,32,0.5,0.0,0.100,-120.3,-155,HAYIR,HAYIR
2026-08-19 19:16:22.394,0.40,0.25,32,0.5,0.0,0.099,-112.9,-153,HAYIR,HAYIR
2026-08-19 19:16:22.454,0.43,0.25,32,0.5,0.0,0.071,-77.5,-152,HAYIR,HAYIR
2026-08-19 19:16:22.514,0.45,0.25,32,0.5,0.0,0.059,-62.0,-150,HAYIR,HAYIR
2026-08-19 19:16:22.574,0.50,0.27,32,0.5,0.0,0.000,-0.0,-148,HAYIR,HAYIR
2026-08-19 19:16:22.634,0.50,0.27,32,0.4,0.0,0.000,-0.0,-147,HAYIR,HAYIR
2026-08-19 19:16:22.694,0.50,0.27,32,0.4,0.0,-0.031,29.7,-145,HAYIR,HAYIR
2026-08-19 19:16:22.754,0.50,0.27,32,0.4,0.0,-0.068,63.8,-143,HAYIR,HAYIR
2026-08-19 19:16:22.814,0.50,0.27,32,0.4,0.0,-0.080,74.5,-142,HAYIR,HAYIR
2026-08-19 19:16:22.874,0.45,0.29,31,0.4,0.0,-0.100,101.8,-140,HAYIR,HAYIR
2026-08-19 19:16:22.934,0.42,0.29,31,0.4,0.0,-0.101,108.7,-138,HAYIR,HAYIR
2026-08-19 19:16:22.994,0.40,0.29,31,0.4,0.0,-0.110,124.2,-136,HAYIR,HAYIR
2026-08-19 19:16:23.054,0.37,0.29,31,0.4,0.0,-0.135,156.3,-135,HAYIR,HAYIR
2026-08-19 19:16:23.114,0.35,0.29,32,0.4,0.0,-0.143,160.0,-133,HAYIR,HAYIR
2026-08-19 19:16:23.174,0.30,0.29,31,0.4,0.0,-0.177,160.0,-131,HAYIR,HAYIR
2026-08-19 19:16:23.234,0.30,0.33,28,0.4,0.0,-0.203,160.0,-130,HAYIR,HAYIR
2026-08-19 19:16:23.294,0.30,0.33,28,0.4,0.0,-0.212,160.0,-128,HAYIR,HAYIR
2026-08-19 19:16:23.354,0.30,0.33,28,0.4,0.0,-0.239,160.0,-126,HAYIR,HAYIR
2026-08-19 19:16:23.414,0.30,0.33,28,0.4,0.0,-0.247,160.0,-125,HAYIR,HAYIR
2026-08-19 19:16:23.474,0.30,0.33,28,0.3,0.0,-0.284,160.0,-123,HAYIR,HAYIR
2026-08-19 19:16:23.534,0.30,0.37,28,0.3,0.0,-0.312,160.0,-121,HAYIR,HAYIR
2026-08-19 19:16:23.594,0.30,0.37,28,0.3,0.0,-0.324,160.0,-120,HAYIR,HAYIR
2026-08-19 19:16:23.654,0.30,0.37,28,0.3,0.0,-0.350,160.0,-118,HAYIR,HAYIR
2026-08-19 19:16:23.714,0.30,0.37,28,0.3,0.0,-0.350,160.0,-116,HAYIR,HAYIR
2026-08-19 19:16:23.774,0.30,0.37,28,0.3,0.0,-0.350,160.0,-115,HAYIR,HAYIR
2026-08-19 19:16:23.834,0.30,0.37,28,0.3,0.0,-0.350,160.0,-113,HAYIR,HAYIR
2026-08-19 19:16:23.894,0.30,0.39,28,0.3,0.0,-0.350,160.0,-111,HAYIR,HAYIR
2026-08-19 19:16:23.954,0.30,0.39,28,0.3,0.0,-0.350,160.0,-110,HAYIR,HAYIR
2026-08-19 19:16:24.014,0.30,0.39,28,0.3,0.0,-0.350,160.0,-108,HAYIR,HAYIR
2026-08-19 19:16:24.074,0.30,0.39,28,0.3,0.0,-0.350,160.0,-106,HAYIR,HAYIR
2026-08-19 19:16:24.134,0.30,0.39,28,0.3,0.0,-0.350,160.0,-105,HAYIR,HAYIR
2026-08-19 19:16:24.194,0.30,0.40,28,0.3,0.0,-0.350,160.0,-103,HAYIR,HAYIR
2026-08-19 19:16:24.254,0.30,0.40,28,0.3,0.0,-0.350,160.0,-101,HAYIR,HAYIR
2026-08-19 19:16:24.314,0.30,0.40,28,0.2,0.0,-0.350,160.0,-100,HAYIR,HAYIR
2026-08-19 19:16:24.374,0.30,0.40,28,0.2,0.0,-0.350,160.0,-98,HAYIR,HAYIR
2026-08-19 19:16:24.434,0.30,0.40,28,0.2,0.0,-0.350,160.0,-96,HAYIR,HAYIR
2026-08-19 19:16:24.494,0.30,0.40,28,0.2,0.0,-0.350,160.0,-94,HAYIR,HAYIR
2026-08-19 19:16:24.554,0.30,0.41,28,0.2,0.0,-0.350,160.0,-93,HAYIR,HAYIR
2026-08-19 19:16:24.614,0.30,0.41,28,0.2,0.0,-0.350,160.0,-91,HAYIR,HAYIR
2026-08-19 19:16:24.674,0.30,0.41,28,0.2,0.0,-0.350,160.0,-89,HAYIR,HAYIR
2026-08-19 19:16:24.734,0.30,0.41,28,0.2,0.0,-0.350,160.0,-88,HAYIR,HAYIR
2026-08-19 19:16:24.794,0.30,0.41,28,0.2,0.0,-0.350,160.0,-86,HAYIR,HAYIR
2026-08-19 19:16:24.854,0.30,0.40,28,0.2,0.0,-0.350,160.0,-84,HAYIR,HAYIR
2026-08-19 19:16:24.914,0.30,0.40,28,0.2,0.0,-0.350,160.0,-83,HAYIR,HAYIR
2026-08-19 19:16:24.974,0.30,0.40,28,0.2,0.0,-0.350,160.0,-81,HAYIR,HAYIR
2026-08-19 19:16:25.034,0.30,0.40,28,0.2,0.0,-0.350,160.0,-79,HAYIR,HAYIR
2026-08-19 19:16:25.094,0.30,0.40,28,0.2,0.0,-0.350,160.0,-78,HAYIR,HAYIR
2026-08-19 19:16:25.154,0.30,0.40,28,0.1,0.0,-0.350,160.0,-76,HAYIR,HAYIR
2026-08-19 19:16:25.214,0.30,0.40,28,0.1,0.0,-0.350,160.0,-74,HAYIR,HAYIR
2026-08-19 19:16:25.274,0.30,0.39,28,0.1,0.0,-0.350,160.0,-73,HAYIR,HAYIR
2026-08-19 19:16:25.334,0.30,0.39,28,0.1,0.0,-0.350,160.0,-71,HAYIR,HAYIR
2026-08-19 19:16:25.394,0.30,0.39,28,0.1,0.0,-0.350,160.0,-69,HAYIR,HAYIR
2026-08-19 19:16:25.454,0.30,0.39,28,0.1,0.0,-0.350,160.0,-68,HAYIR,HAYIR
2026-08-19 19:16:25.514,0.30,0.37,28,0.1,0.0,-0.350,160.0,-66,HAYIR,HAYIR
2026-08-19 19:16:25.574,0.30,0.37,28,0.1,0.0,-0.350,160.0,-64,HAYIR,HAYIR
2026-08-19 19:16:25.634,0.27,0.37,28,0.1,0.0,-0.350,160.0,-63,HAYIR,HAYIR
2026-08-19 19:16:25.694,0.25,0.37,28,0.1,0.0,-0.300,160.0,-61,HAYIR,HAYIR
2026-08-19 19:16:25.754,0.22,0.37,28,0.1,0.0,-0.250,160.0,-59,HAYIR,HAYIR
2026-08-19 19:16:25.814,0.20,0.37,28,0.1,0.0,-0.200,160.0,-58,HAYIR,HAYIR
2026-08-19 19:16:25.874,0.15,0.37,28,0.1,0.0,-0.100,160.0,-56,HAYIR,HAYIR
2026-08-19 19:16:25.934,0.12,0.35,28,0.1,0.0,-0.050,160.0,-54,HAYIR,HAYIR
2026-08-19 19:16:25.994,0.10,0.35,28,0.1,0.0,0.000,-0.0,-52,HAYIR,HAYIR
2026-08-19 19:16:26.054,0.08,0.35,28,0.1,0.0,0.050,-160.0,-53,HAYIR,HAYIR
2026-08-19 19:16:26.114,0.05,0.35,28,0.1,0.0,0.100,-160.0,-55,HAYIR,HAYIR
2026-08-19 19:16:26.174,0.00,0.35,0,0.0,0.0,0.000,0.0,-55,EVET,HAYIR
2026-08-19 19:16:29.494,-0.20,0.05,32,0.1,0.0,0.350,160.0,-54,HAYIR,EVET
2026-08-19 19:16:29.554,-0.20,0.05,32,0.1,0.1,0.350,160.0,-52,HAYIR,EVET
2026-08-19 19:16:29.614,-0.20,0.05,32,0.0,0.1,0.350,160.0,-50,HAYIR,EVET
2026-08-19 19:16:29.674,-0.20,0.05,32,0.0,0.2,0.350,160.0,-49,HAYIR,EVET
2026-08-19 19:16:29.734,-0.20,0.05,33,0.0,0.3,0.350,160.0,-47,HAYIR,EVET
2026-08-19 19:16:29.794,-0.20,0.05,33,0.0,0.3,0.350,160.0,-45,HAYIR,EVET
2026-08-19 19:16:29.854,-0.20,0.05,33,0.0,0.4,0.350,160.0,-44,HAYIR,EVET
2026-08-19 19:16:29.914,-0.20,0.03,33,0.0,0.4,0.350,160.0,-42,HAYIR,EVET
2026-08-19 19:16:29.974,-0.20,0.03,33,0.0,0.5,0.350,160.0,-40,HAYIR,EVET
2026-08-19 19:16:30.034,-0.20,0.03,33,0.0,0.6,0.350,160.0,-38,HAYIR,EVET
2026-08-19 19:16:30.094,-0.20,0.03,33,0.0,0.6,0.350,160.0,-37,HAYIR,EVET
2026-08-19 19:16:30.154,-0.20,0.03,33,0.0,0.7,0.350,160.0,-35,HAYIR,EVET
2026-08-19 19:16:30.214,-0.20,0.02,33,0.0,0.7,0.350,160.0,-33,HAYIR,EVET
2026-08-19 19:16:30.274,-0.20,0.02,33,0.0,0.8,0.350,160.0,-32,HAYIR,EVET
2026-08-19 19:16:30.334,-0.20,0.02,33,0.0,0.9,0.350,160.0,-30,HAYIR,EVET
2026-08-19 19:16:30.394,-0.20,0.02,33,0.0,0.9,0.350,160.0,-28,HAYIR,EVET
2026-08-19 19:16:30.454,-0.20,0.02,33,0.0,1.0,0.350,160.0,-27,HAYIR,EVET
2026-08-19 19:16:30.514,-0.20,0.02,34,0.0,1.0,0.350,160.0,-25,HAYIR,EVET
2026-08-19 19:16:30.574,-0.20,0.02,34,0.0,1.1,0.350,160.0,-23,HAYIR,EVET
2026-08-19 19:16:30.634,-0.20,0.02,34,0.0,1.2,0.350,160.0,-22,HAYIR,EVET
2026-08-19 19:16:30.694,-0.20,0.02,34,0.0,1.2,0.350,160.0,-20,HAYIR,EVET
2026-08-19 19:16:30.754,-0.20,0.02,34,0.0,1.3,0.350,160.0,-18,HAYIR,EVET
2026-08-19 19:16:30.814,-0.20,0.02,34,0.0,1.3,0.350,160.0,-17,HAYIR,EVET
2026-08-19 19:16:30.874,-0.20,0.01,34,0.0,1.4,0.350,160.0,-15,HAYIR,EVET
2026-08-19 19:16:30.934,-0.20,0.01,34,0.0,1.5,0.350,160.0,-13,HAYIR,EVET
2026-08-19 19:16:30.994,-0.20,0.01,34,0.0,1.5,0.350,160.0,-12,HAYIR,EVET
2026-08-19 19:16:31.054,-0.20,0.01,34,0.0,1.6,0.350,160.0,-10,HAYIR,EVET
2026-08-19 19:16:31.114,-0.20,0.01,34,0.0,1.6,0.350,160.0,-8,HAYIR,EVET
2026-08-19 19:16:31.174,-0.20,0.01,34,0.0,1.7,0.350,160.0,-7,HAYIR,EVET
2026-08-19 19:16:31.234,-0.20,0.01,34,0.0,1.8,0.350,160.0,-5,HAYIR,EVET
2026-08-19 19:16:31.294,-0.20,0.01,34,0.0,1.8,0.350,160.0,-3,HAYIR,EVET
2026-08-19 19:16:31.354,-0.20,0.01,34,0.0,1.9,0.350,160.0,-2,HAYIR,EVET
2026-08-19 19:16:31.414,-0.20,0.01,34,0.0,1.9,0.350,160.0,0,HAYIR,EVET
2026-08-19 19:16:31.474,-0.20,0.01,35,0.0,2.0,0.350,160.0,2,HAYIR,EVET
2026-08-19 19:16:31.534,-0.20,0.01,35,0.0,2.1,0.350,160.0,4,HAYIR,EVET
2026-08-19 19:16:31.594,-0.20,-0.01,35,0.0,2.1,0.350,160.0,5,HAYIR,EVET
2026-08-19 19:16:31.654,-0.20,-0.01,35,0.0,2.2,0.350,160.0,7,HAYIR,EVET
2026-08-19 19:16:31.714,-0.20,-0.01,35,0.0,2.2,0.350,160.0,9,HAYIR,EVET
2026-08-19 19:16:31.774,-0.20,-0.01,35,0.0,2.3,0.350,160.0,10,HAYIR,EVET
2026-08-19 19:16:31.834,-0.20,-0.01,35,0.0,2.4,0.350,160.0,12,HAYIR,EVET
2026-08-19 19:16:31.894,-0.20,-0.03,35,0.0,2.4,0.350,160.0,14,HAYIR,EVET
2026-08-19 19:16:31.954,-0.20,-0.03,35,0.0,2.5,0.350,160.0,15,HAYIR,EVET
2026-08-19 19:16:32.014,-0.20,-0.03,35,0.0,2.5,0.350,160.0,17,HAYIR,EVET
2026-08-19 19:16:32.074,-0.20,-0.03,35,0.0,2.6,0.350,160.0,19,HAYIR,EVET
2026-08-19 19:16:32.134,-0.20,-0.03,35,0.0,2.7,0.350,160.0,20,HAYIR,EVET
2026-08-19 19:16:32.194,-0.20,-0.04,35,0.0,2.7,0.350,160.0,22,HAYIR,EVET
2026-08-19 19:16:32.254,-0.20,-0.04,35,0.0,2.8,0.350,160.0,24,HAYIR,EVET
2026-08-19 19:16:32.314,-0.20,-0.04,35,0.0,2.8,0.350,160.0,25,HAYIR,EVET
2026-08-19 19:16:32.374,-0.20,-0.04,35,0.0,2.9,0.350,160.0,27,HAYIR,EVET
2026-08-19 19:16:32.434,-0.20,-0.04,36,0.0,3.0,0.350,160.0,29,HAYIR,EVET
2026-08-19 19:16:32.494,-0.20,-0.04,36,0.0,3.0,0.350,160.0,30,HAYIR,EVET
2026-08-19 19:16:32.554,-0.20,-0.04,36,0.0,3.1,0.350,160.0,32,HAYIR,EVET
2026-08-19 19:16:32.614,-0.20,-0.04,36,0.0,3.1,0.350,160.0,34,HAYIR,EVET
2026-08-19 19:16:32.674,-0.20,-0.04,36,0.0,3.2,0.350,160.0,35,HAYIR,EVET
2026-08-19 19:16:32.734,-0.20,-0.04,36,0.0,3.3,0.350,160.0,37,HAYIR,EVET
2026-08-19 19:16:32.794,-0.20,-0.04,36,0.0,3.3,0.350,160.0,39,HAYIR,EVET
2026-08-19 19:16:32.854,-0.20,-0.03,36,0.0,3.4,0.350,160.0,40,HAYIR,EVET
2026-08-19 19:16:32.914,-0.20,-0.03,36,0.0,3.4,0.350,160.0,42,HAYIR,EVET
2026-08-19 19:16:32.974,-0.20,-0.03,36,0.0,3.5,0.350,160.0,44,HAYIR,EVET
2026-08-19 19:16:33.034,-0.20,-0.03,36,0.0,3.6,0.350,160.0,46,HAYIR,EVET
2026-08-19 19:16:33.094,-0.20,-0.03,36,0.0,3.6,0.350,160.0,47,HAYIR,EVET
2026-08-19 19:16:33.154,-0.20,-0.03,36,0.0,3.7,0.350,160.0,49,HAYIR,EVET
2026-08-19 19:16:33.214,-0.20,-0.01,37,0.0,3.7,0.350,160.0,51,HAYIR,EVET
2026-08-19 19:16:33.274,-0.20,-0.01,37,0.1,3.8,0.350,160.0,52,HAYIR,EVET
2026-08-19 19:16:33.334,-0.20,-0.01,37,0.1,3.9,0.350,160.0,54,HAYIR,EVET
2026-08-19 19:16:33.394,-0.20,-0.01,37,0.1,3.9,0.350,160.0,56,HAYIR,EVET
2026-08-19 19:16:33.454,-0.20,-0.01,37,0.1,4.0,0.350,160.0,57,HAYIR,EVET
2026-08-19 19:16:33.514,-0.20,-0.01,37,0.1,4.0,0.350,160.0,59,HAYIR,EVET
2026-08-19 19:16:33.574,-0.20,-0.00,37,0.1,4.1,0.350,160.0,61,HAYIR,EVET
2026-08-19 19:16:33.634,-0.20,-0.00,37,0.1,4.2,0.350,160.0,62,HAYIR,EVET
2026-08-19 19:16:33.694,-0.20,-0.00,37,0.1,4.2,0.350,160.0,64,HAYIR,EVET
2026-08-19 19:16:33.754,-0.20,-0.00,37,0.1,4.3,0.350,160.0,66,HAYIR,EVET
2026-08-19 19:16:33.814,-0.20,-0.00,37,0.1,4.3,0.350,160.0,67,HAYIR,EVET
2026-08-19 19:16:33.874,-0.20,-0.00,37,0.1,4.4,0.350,160.0,69,HAYIR,EVET
2026-08-19 19:16:33.934,-0.20,-0.00,37,0.1,4.5,0.350,160.0,71,HAYIR,EVET
2026-08-19 19:16:33.994,-0.20,-0.00,37,0.1,4.5,0.350,160.0,72,HAYIR,EVET
2026-08-19 19:16:34.054,-0.20,-0.00,37,0.1,4.6,0.350,160.0,74,HAYIR,EVET
2026-08-19 19:16:34.114,-0.20,-0.00,38,0.1,4.6,0.350,160.0,76,HAYIR,EVET
2026-08-19 19:16:34.174,-0.20,-0.02,37,0.2,4.7,0.350,160.0,77,HAYIR,EVET
2026-08-19 19:16:34.234,-0.20,-0.02,38,0.2,4.8,0.350,160.0,79,HAYIR,EVET
2026-08-19 19:16:34.294,-0.20,-0.02,38,0.2,4.8,0.350,160.0,81,HAYIR,EVET
2026-08-19 19:16:34.354,-0.20,-0.02,38,0.2,4.9,0.350,160.0,82,HAYIR,EVET
2026-08-19 19:16:34.414,-0.20,-0.02,38,0.2,4.9,0.350,160.0,84,HAYIR,EVET
2026-08-19 19:16:34.474,-0.20,-0.02,38,0.2,5.0,0.350,160.0,86,HAYIR,EVET
2026-08-19 19:16:34.534,-0.20,-0.03,38,0.2,5.1,0.350,160.0,88,HAYIR,EVET
2026-08-19 19:16:34.594,-0.20,-0.03,38,0.2,5.1,0.350,160.0,89,HAYIR,EVET
2026-08-19 19:16:34.654,-0.20,-0.03,38,0.2,5.2,0.350,160.0,91,HAYIR,EVET
2026-08-19 19:16:34.714,-0.20,-0.03,38,0.2,5.2,0.350,160.0,93,HAYIR,EVET
2026-08-19 19:16:34.774,-0.20,-0.03,38,0.2,5.3,0.350,160.0,94,HAYIR,EVET
2026-08-19 19:16:34.834,-0.20,-0.03,38,0.2,5.4,0.350,160.0,96,HAYIR,EVET
2026-08-19 19:16:34.894,-0.20,-0.05,38,0.2,5.4,0.350,160.0,98,HAYIR,EVET
2026-08-19 19:16:34.954,-0.20,-0.05,38,0.2,5.5,0.350,160.0,99,HAYIR,EVET
2026-08-19 19:16:35.014,-0.20,-0.05,39,0.3,5.5,0.350,160.0,101,HAYIR,EVET
2026-08-19 19:16:35.074,-0.20,-0.05,39,0.3,5.6,0.350,160.0,103,HAYIR,EVET
2026-08-19 19:16:35.134,-0.20,-0.05,39,0.3,5.7,0.350,160.0,104,HAYIR,EVET
2026-08-19 19:16:35.194,-0.20,-0.04,39,0.3,5.7,0.350,160.0,106,HAYIR,EVET
2026-08-19 19:16:35.254,-0.20,-0.04,39,0.3,5.8,0.350,160.0,108,HAYIR,EVET
2026-08-19 19:16:35.314,-0.20,-0.04,39,0.3,5.8,0.350,160.0,109,HAYIR,EVET
2026-08-19 19:16:35.374,-0.20,-0.04,39,0.3,5.9,0.350,160.0,111,HAYIR,EVET
2026-08-19 19:16:35.434,-0.20,-0.04,39,0.3,6.0,0.350,160.0,113,HAYIR,EVET
2026-08-19 19:16:35.494,-0.20,-0.04,39,0.3,6.0,0.350,160.0,114,HAYIR,EVET
2026-08-19 19:16:35.554,-0.20,-0.06,39,0.3,6.1,0.350,160.0,116,HAYIR,EVET
2026-08-19 19:16:35.614,-0.20,-0.06,39,0.3,6.1,0.350,160.0,118,HAYIR,EVET
2026-08-19 19:16:35.674,-0.20,-0.06,39,0.3,6.2,0.350,160.0,119,HAYIR,EVET
2026-08-19 19:16:35.734,-0.20,-0.06,39,0.3,6.3,0.350,160.0,121,HAYIR,EVET
2026-08-19 19:16:35.794,-0.20,-0.06,39,0.3,6.3,0.350,160.0,123,HAYIR,EVET
2026-08-19 19:16:35.854,-0.20,-0.06,39,0.4,6.4,0.350,160.0,124,HAYIR,EVET
2026-08-19 19:16:35.914,-0.20,-0.07,39,0.4,6.4,0.350,160.0,126,HAYIR,EVET
2026-08-19 19:16:35.974,-0.20,-0.07,39,0.4,6.5,0.350,160.0,128,HAYIR,EVET
2026-08-19 19:16:36.034,-0.20,-0.07,39,0.4,6.6,0.350,160.0,130,HAYIR,EVET
2026-08-19 19:16:36.094,-0.20,-0.07,39,0.4,6.6,0.350,160.0,131,HAYIR,EVET
2026-08-19 19:16:36.154,-0.20,-0.07,39,0.4,6.7,0.350,160.0,133,HAYIR,EVET
2026-08-19 19:16:36.214,-0.20,-0.07,39,0.4,6.7,0.350,160.0,135,HAYIR,EVET
2026-08-19 19:16:36.274,-0.20,-0.07,39,0.4,6.8,0.350,160.0,136,HAYIR,EVET
2026-08-19 19:16:36.334,-0.20,-0.07,39,0.4,6.9,0.350,160.0,138,HAYIR,EVET
2026-08-19 19:16:36.394,-0.20,-0.07,39,0.4,6.9,0.350,160.0,140,HAYIR,EVET
2026-08-19 19:16:36.454,-0.20,-0.07,39,0.4,7.0,0.350,160.0,141,HAYIR,EVET
2026-08-19 19:16:36.514,-0.20,-0.07,39,0.4,7.0,0.350,160.0,143,HAYIR,EVET
2026-08-19 19:16:36.574,-0.20,-0.09,33,0.4,0.0,0.350,160.0,145,HAYIR,EVET
2026-08-19 19:16:36.634,-0.20,-0.09,33,0.4,0.0,0.350,160.0,146,HAYIR,EVET
2026-08-19 19:16:36.694,-0.20,-0.09,33,0.5,0.0,0.350,160.0,148,HAYIR,EVET
2026-08-19 19:16:36.754,-0.20,-0.09,33,0.5,0.0,0.350,160.0,150,HAYIR,EVET
2026-08-19 19:16:36.814,-0.20,-0.09,33,0.5,0.0,0.350,160.0,151,HAYIR,EVET
2026-08-19 19:16:36.874,-0.20,-0.08,33,0.5,0.0,0.350,160.0,153,HAYIR,EVET
2026-08-19 19:16:36.934,-0.20,-0.08,33,0.5,0.0,0.350,160.0,155,HAYIR,EVET
2026-08-19 19:16:36.994,-0.20,-0.08,33,0.5,0.0,0.350,160.0,156,HAYIR,EVET
2026-08-19 19:16:37.054,-0.20,-0.08,33,0.5,0.0,0.350,160.0,158,HAYIR,EVET
2026-08-19 19:16:37.114,-0.20,-0.08,33,0.5,0.0,0.350,160.0,160,HAYIR,EVET
2026-08-19 19:16:37.174,-0.20,-0.08,33,0.5,0.0,0.350,160.0,160,HAYIR,EVET
2026-08-19 19:16:37.234,-0.20,-0.09,33,0.5,0.0,0.350,160.0,160,HAYIR,EVET
2026-08-19 19:16:37.294,-0.20,-0.09,33,0.5,0.0,0.350,160.0,160,HAYIR,EVET
2026-08-19 19:16:37.354,-0.20,-0.09,33,0.5,0.0,0.350,160.0,160,HAYIR,EVET
2026-08-19 19:16:37.414,-0.20,-0.09,33,0.5,0.0,0.350,160.0,160,HAYIR,EVET
2026-08-19 19:16:37.474,-0.20,-0.09,33,0.5,0.0,0.350,160.0,160,HAYIR,EVET
2026-08-19 19:16:37.534,-0.20,-0.07,33,0.5,0.0,0.350,160.0,160,HAYIR,EVET
2026-08-19 19:16:37.594,-0.20,-0.07,33,0.5,0.1,0.350,160.0,160,HAYIR,EVET
2026-08-19 19:16:37.654,-0.20,-0.07,34,0.5,0.2,0.350,160.0,160,HAYIR,EVET
2026-08-19 19:16:37.714,-0.20,-0.07,34,0.5,0.2,0.350,160.0,160,HAYIR,EVET
2026-08-19 19:16:37.774,-0.20,-0.07,34,0.5,0.3,0.350,160.0,160,HAYIR,EVET
2026-08-19 19:16:37.834,-0.20,-0.07,34,0.5,0.3,0.350,160.0,160,HAYIR,EVET
2026-08-19 19:16:37.894,-0.20,-0.07,34,0.5,0.4,0.350,160.0,160,HAYIR,EVET
2026-08-19 19:16:37.954,-0.20,-0.07,34,0.5,0.5,0.350,160.0,160,HAYIR,EVET
2026-08-19 19:16:38.014,-0.20,-0.07,34,0.5,0.5,0.350,160.0,160,HAYIR,EVET
2026-08-19 19:16:38.074,-0.20,-0.07,34,0.5,0.6,0.350,160.0,160,HAYIR,EVET
2026-08-19 19:16:38.134,-0.20,-0.07,34,0.5,0.6,0.350,160.0,160,HAYIR,EVET
2026-08-19 19:16:38.194,-0.20,-0.05,35,0.5,0.7,0.350,160.0,160,HAYIR,EVET
2026-08-19 19:16:38.254,-0.20,-0.05,34,0.5,0.8,0.350,160.0,160,HAYIR,EVET
2026-08-19 19:16:38.314,-0.20,-0.05,34,0.5,0.8,0.350,160.0,160,HAYIR,EVET
2026-08-19 19:16:38.374,-0.20,-0.05,34,0.5,0.9,0.350,160.0,160,HAYIR,EVET
2026-08-19 19:16:38.434,-0.20,-0.05,34,0.5,0.9,0.350,160.0,160,HAYIR,EVET
2026-08-19 19:16:38.494,-0.20,-0.05,35,0.5,1.0,0.350,160.0,160,HAYIR,EVET
2026-08-19 19:16:38.554,-0.20,-0.05,35,0.5,1.1,0.350,160.0,160,HAYIR,EVET
2026-08-19 19:16:38.614,-0.20,-0.03,35,0.5,1.1,0.350,160.0,160,HAYIR,EVET
2026-08-19 19:16:38.674,-0.20,-0.03,35,0.5,1.2,0.350,160.0,160,HAYIR,EVET
2026-08-19 19:16:38.734,-0.20,-0.03,35,0.5,1.2,0.350,160.0,160,HAYIR,EVET
2026-08-19 19:16:38.794,-0.20,-0.03,35,0.5,1.3,0.350,160.0,160,HAYIR,EVET
2026-08-19 19:16:38.854,-0.20,-0.02,35,0.5,1.4,0.350,160.0,160,HAYIR,EVET
2026-08-19 19:16:38.914,-0.20,-0.02,35,0.5,1.4,0.350,160.0,160,HAYIR,EVET
2026-08-19 19:16:38.974,-0.20,-0.02,35,0.5,1.5,0.350,160.0,160,HAYIR,EVET
2026-08-19 19:16:39.034,-0.20,-0.02,35,0.5,1.5,0.350,160.0,160,HAYIR,EVET
2026-08-19 19:16:39.094,-0.20,-0.02,35,0.5,1.6,0.350,160.0,160,HAYIR,EVET
2026-08-19 19:16:39.154,-0.20,-0.02,35,0.5,1.7,0.350,160.0,160,HAYIR,EVET
2026-08-19 19:16:39.214,-0.20,-0.02,35,0.5,1.7,0.350,160.0,160,HAYIR,EVET
2026-08-19 19:16:39.274,-0.20,-0.02,35,0.5,1.8,0.350,160.0,160,HAYIR,EVET
2026-08-19 19:16:39.334,-0.20,-0.02,35,0.5,1.8,0.350,160.0,160,HAYIR,EVET
2026-08-19 19:16:39.394,-0.20,-0.02,36,0.5,1.9,0.350,160.0,160,HAYIR,EVET
2026-08-19 19:16:39.454,-0.20,-0.02,36,0.5,2.0,0.350,160.0,160,HAYIR,EVET
2026-08-19 19:16:39.514,-0.20,-0.02,36,0.5,2.0,0.350,160.0,160,HAYIR,EVET
2026-08-19 19:16:39.574,-0.20,-0.02,36,0.5,2.1,0.350,160.0,160,HAYIR,EVET
2026-08-19 19:16:39.634,-0.20,-0.02,36,0.5,2.1,0.350,160.0,160,HAYIR,EVET
2026-08-19 19:16:39.694,-0.20,-0.02,36,0.5,2.2,0.350,160.0,160,HAYIR,EVET
2026-08-19 19:16:39.754,-0.20,-0.02,36,0.5,2.3,0.350,160.0,160,HAYIR,EVET
2026-08-19 19:16:39.814,-0.20,-0.02,36,0.5,2.3,0.350,160.0,160,HAYIR,EVET
2026-08-19 19:16:39.874,-0.20,-0.02,36,0.5,2.4,0.350,160.0,160,HAYIR,EVET
2026-08-19 19:16:39.934,-0.20,-0.02,36,0.5,2.4,0.350,160.0,160,HAYIR,EVET
2026-08-19 19:16:39.994,-0.20,-0.02,36,0.5,2.5,0.350,160.0,160,HAYIR,EVET
2026-08-19 19:16:40.054,-0.20,-0.02,36,0.5,2.6,0.350,160.0,160,HAYIR,EVET
2026-08-19 19:16:40.114,-0.20,-0.02,36,0.5,2.6,0.350,160.0,160,HAYIR,EVET
2026-08-19 19:16:40.174,-0.20,-0.02,36,0.5,2.7,0.350,160.0,160,HAYIR,EVET
2026-08-19 19:16:40.234,-0.20,-0.01,36,0.5,2.7,0.350,160.0,160,HAYIR,EVET
2026-08-19 19:16:40.294,-0.20,-0.01,37,0.5,2.8,0.350,160.0,160,HAYIR,EVET
2026-08-19 19:16:40.354,-0.20,-0.01,37,0.5,2.9,0.350,160.0,160,HAYIR,EVET
2026-08-19 19:16:40.414,-0.20,-0.01,37,0.5,2.9,0.350,160.0,160,HAYIR,EVET
2026-08-19 19:16:40.474,-0.20,-0.01,37,0.5,3.0,0.350,160.0,160,HAYIR,EVET
2026-08-19 19:16:40.534,-0.20,-0.01,37,0.5,3.0,0.350,160.0,160,HAYIR,EVET
2026-08-19 19:16:40.594,-0.20,-0.01,37,0.5,3.1,0.350,160.0,160,HAYIR,EVET
2026-08-19 19:16:40.654,-0.20,-0.01,37,0.5,3.2,0.350,160.0,160,HAYIR,EVET
2026-08-19 19:16:40.714,-0.20,-0.01,37,0.5,3.2,0.350,160.0,160,HAYIR,EVET
2026-08-19 19:16:40.774,-0.20,-0.01,37,0.5,3.3,0.350,160.0,160,HAYIR,EVET
2026-08-19 19:16:40.834,-0.20,-0.01,37,0.5,3.3,0.350,160.0,160,HAYIR,EVET
2026-08-19 19:16:40.894,-0.20,-0.02,37,0.5,3.4,0.350,160.0,160,HAYIR,EVET
2026-08-19 19:16:40.954,-0.20,-0.02,37,0.5,3.5,0.350,160.0,160,HAYIR,EVET
2026-08-19 19:16:41.014,-0.20,-0.02,37,0.5,3.5,0.350,160.0,160,HAYIR,EVET
2026-08-19 19:16:41.074,-0.20,-0.02,37,0.5,3.6,0.350,160.0,160,HAYIR,EVET
2026-08-19 19:16:41.134,-0.20,-0.02,37,0.5,3.6,0.350,160.0,160,HAYIR,EVET
2026-08-19 19:16:41.194,-0.20,-0.01,38,0.5,3.7,0.350,160.0,160,HAYIR,EVET
2026-08-19 19:16:41.254,-0.20,-0.01,38,0.5,3.8,0.350,160.0,160,HAYIR,EVET
2026-08-19 19:16:41.314,-0.20,-0.01,38,0.5,3.8,0.350,160.0,160,HAYIR,EVET
2026-08-19 19:16:41.374,-0.20,-0.01,38,0.5,3.9,0.350,160.0,160,HAYIR,EVET
2026-08-19 19:16:41.434,-0.20,-0.01,38,0.5,3.9,0.350,160.0,160,HAYIR,EVET
2026-08-19 19:16:41.494,-0.20,-0.01,38,0.5,4.0,0.350,160.0,160,HAYIR,EVET
2026-08-19 19:16:41.554,-0.20,-0.01,38,0.5,4.1,0.350,160.0,160,HAYIR,EVET
2026-08-19 19:16:41.614,-0.20,-0.01,38,0.5,4.1,0.350,160.0,160,HAYIR,EVET
2026-08-19 19:16:41.674,-0.20,-0.01,38,0.5,4.2,0.350,160.0,160,HAYIR,EVET
2026-08-19 19:16:41.734,-0.20,-0.01,38,0.5,4.2,0.350,160.0,160,HAYIR,EVET
2026-08-19 19:16:41.794,-0.20,-0.01,38,0.5,4.3,0.350,160.0,160,HAYIR,EVET
2026-08-19 19:16:41.854,-0.20,-0.01,38,0.5,4.4,0.350,160.0,160,HAYIR,EVET
2026-08-19 19:16:41.914,-0.20,-0.01,38,0.5,4.4,0.350,160.0,160,HAYIR,EVET
2026-08-19 19:16:41.974,-0.20,-0.01,38,0.5,4.5,0.350,160.0,160,HAYIR,EVET
2026-08-19 19:16:42.034,-0.20,-0.01,38,0.5,4.5,0.350,160.0,160,HAYIR,EVET
2026-08-19 19:16:42.094,-0.20,-0.01,39,0.5,4.6,0.350,160.0,160,HAYIR,EVET
2026-08-19 19:16:42.154,-0.20,-0.01,39,0.5,4.7,0.350,160.0,160,HAYIR,EVET
2026-08-19 19:16:42.214,-0.20,-0.01,39,0.5,4.7,0.350,160.0,160,HAYIR,EVET
2026-08-19 19:16:42.274,-0.20,-0.00,39,0.5,4.8,0.350,160.0,160,HAYIR,EVET
2026-08-19 19:16:42.334,-0.20,-0.00,39,0.5,4.8,0.350,160.0,160,HAYIR,EVET
2026-08-19 19:16:42.394,-0.20,-0.00,39,0.5,4.9,0.350,160.0,160,HAYIR,EVET
2026-08-19 19:16:42.454,-0.20,-0.00,39,0.5,5.0,0.350,160.0,160,HAYIR,EVET
2026-08-19 19:16:42.514,-0.20,-0.00,39,0.5,5.0,0.350,160.0,160,HAYIR,EVET
2026-08-19 19:16:42.574,-0.20,-0.00,39,0.5,5.1,0.350,160.0,160,HAYIR,EVET
2026-08-19 19:16:42.634,-0.20,-0.00,39,0.5,5.1,0.350,160.0,160,HAYIR,EVET
2026-08-19 19:16:42.694,-0.20,-0.00,39,0.5,5.2,0.350,160.0,160,HAYIR,EVET
2026-08-19 19:16:42.754,-0.20,-0.00,39,0.5,5.3,0.350,160.0,160,HAYIR,EVET
2026-08-19 19:16:42.814,-0.20,-0.00,39,0.5,5.3,0.350,160.0,160,HAYIR,EVET
2026-08-19 19:16:42.874,-0.20,-0.00,39,0.5,5.4,0.350,160.0,160,HAYIR,EVET
2026-08-19 19:16:42.934,-0.20,-0.02,39,0.5,5.4,0.350,160.0,160,HAYIR,EVET
2026-08-19 19:16:42.994,-0.20,-0.02,39,0.5,5.5,0.350,160.0,160,HAYIR,EVET
2026-08-19 19:16:43.054,-0.20,-0.02,39,0.5,5.6,0.350,160.0,160,HAYIR,EVET
2026-08-19 19:16:43.114,-0.20,-0.02,39,0.5,5.6,0.350,160.0,160,HAYIR,EVET
2026-08-19 19:16:43.174,-0.20,-0.02,39,0.5,5.7,0.350,160.0,160,HAYIR,EVET
2026-08-19 19:16:43.234,-0.20,-0.05,39,0.5,5.7,0.350,160.0,160,HAYIR,EVET
2026-08-19 19:16:43.294,-0.20,-0.05,39,0.5,5.8,0.350,160.0,160,HAYIR,EVET
2026-08-19 19:16:43.354,-0.20,-0.05,39,0.5,5.9,0.350,160.0,160,HAYIR,EVET
2026-08-19 19:16:43.414,-0.20,-0.05,39,0.5,5.9,0.350,160.0,160,HAYIR,EVET
2026-08-19 19:16:43.474,-0.20,-0.05,39,0.5,6.0,0.350,160.0,160,HAYIR,EVET
2026-08-19 19:16:43.534,-0.20,-0.05,39,0.5,6.0,0.350,160.0,160,HAYIR,EVET
2026-08-19 19:16:43.594,-0.20,-0.08,34,0.5,0.0,0.350,160.0,160,HAYIR,EVET
2026-08-19 19:16:43.654,-0.20,-0.08,34,0.5,0.0,0.350,160.0,160,HAYIR,EVET
2026-08-19 19:16:43.714,-0.20,-0.08,34,0.5,0.0,0.350,160.0,160,HAYIR,EVET
2026-08-19 19:16:43.774,-0.20,-0.08,34,0.5,0.0,0.350,160.0,160,HAYIR,EVET
2026-08-19 19:16:43.834,-0.20,-0.08,34,0.5,0.0,0.350,160.0,160,HAYIR,EVET
2026-08-19 19:16:43.894,-0.20,-0.12,34,0.5,0.0,0.350,160.0,160,HAYIR,EVET
2026-08-19 19:16:43.954,-0.20,-0.12,34,0.5,0.0,0.350,160.0,160,HAYIR,EVET
2026-08-19 19:16:44.014,-0.20,-0.12,34,0.5,0.0,0.350,160.0,160,HAYIR,EVET
2026-08-19 19:16:44.074,-0.20,-0.12,34,0.5,0.0,0.350,160.0,160,HAYIR,EVET
2026-08-19 19:16:44.134,-0.20,-0.12,34,0.5,0.0,0.350,160.0,160,HAYIR,EVET
2026-08-19 19:16:44.194,-0.20,-0.12,34,0.5,0.0,0.350,160.0,160,HAYIR,EVET
2026-08-19 19:16:44.254,-0.20,-0.15,34,0.5,0.0,0.350,160.0,160,HAYIR,EVET
2026-08-19 19:16:44.314,-0.20,-0.15,34,0.5,0.0,0.350,160.0,160,HAYIR,EVET
2026-08-19 19:16:44.374,-0.20,-0.15,34,0.5,0.0,0.350,160.0,160,HAYIR,EVET
2026-08-19 19:16:44.434,-0.20,-0.15,34,0.5,0.0,0.350,160.0,160,HAYIR,EVET
2026-08-19 19:16:44.494,-0.20,-0.15,34,0.5,0.0,0.350,160.0,160,HAYIR,EVET
2026-08-19 19:16:44.554,-0.20,-0.14,34,0.5,0.0,0.350,160.0,160,HAYIR,EVET
2026-08-19 19:16:44.614,-0.20,-0.14,34,0.5,0.0,0.350,160.0,160,HAYIR,EVET
2026-08-19 19:16:44.674,-0.20,-0.14,34,0.5,0.0,0.350,160.0,160,HAYIR,EVET
2026-08-19 19:16:44.734,-0.20,-0.14,34,0.5,0.0,0.350,160.0,160,HAYIR,EVET
2026-08-19 19:16:44.794,-0.20,-0.14,34,0.5,0.0,0.350,160.0,160,HAYIR,EVET
2026-08-19 19:16:44.854,-0.20,-0.14,34,0.5,0.0,0.350,160.0,160,HAYIR,EVET
2026-08-19 19:16:44.914,-0.20,-0.13,34,0.5,0.0,0.350,160.0,160,HAYIR,EVET
2026-08-19 19:16:44.974,-0.20,-0.13,34,0.5,0.0,0.350,160.0,160,HAYIR,EVET
2026-08-19 19:16:45.034,-0.18,-0.13,33,0.5,0.0,0.350,160.0,160,HAYIR,EVET
2026-08-19 19:16:45.094,-0.20,-0.13,34,0.5,0.0,0.350,160.0,160,HAYIR,EVET
2026-08-19 19:16:45.154,-0.20,-0.13,34,0.5,0.0,0.350,160.0,160,HAYIR,EVET
2026-08-19 19:16:45.214,-0.20,-0.09,35,0.5,0.0,0.350,160.0,160,HAYIR,EVET
2026-08-19 19:16:45.274,-0.18,-0.09,34,0.5,0.0,0.350,160.0,160,HAYIR,EVET
2026-08-19 19:16:45.334,-0.15,-0.09,33,0.5,0.0,0.300,160.0,160,HAYIR,EVET
2026-08-19 19:16:45.394,-0.18,-0.09,34,0.5,0.0,0.350,160.0,160,HAYIR,EVET
2026-08-19 19:16:45.454,-0.20,-0.09,34,0.5,0.0,0.350,160.0,160,HAYIR,EVET
2026-08-19 19:16:45.514,-0.20,-0.06,34,0.5,0.0,0.350,160.0,160,HAYIR,EVET
2026-08-19 19:16:45.574,-0.18,-0.06,34,0.5,0.1,0.350,160.0,160,HAYIR,EVET
2026-08-19 19:16:45.634,-0.15,-0.06,34,0.5,0.2,0.300,160.0,160,HAYIR,EVET
2026-08-19 19:16:45.694,-0.18,-0.06,34,0.5,0.2,0.350,160.0,160,HAYIR,EVET
2026-08-19 19:16:45.754,-0.20,-0.06,34,0.5,0.3,0.350,160.0,160,HAYIR,EVET
2026-08-19 19:16:45.814,-0.20,-0.06,34,0.5,0.3,0.350,160.0,160,HAYIR,EVET
2026-08-19 19:16:45.874,-0.20,-0.04,35,0.5,0.4,0.350,160.0,160,HAYIR,EVET
2026-08-19 19:16:45.934,-0.20,-0.04,35,0.5,0.5,0.350,160.0,160,HAYIR,EVET
2026-08-19 19:16:45.994,-0.18,-0.04,34,0.5,0.5,0.350,160.0,160,HAYIR,EVET
2026-08-19 19:16:46.054,-0.15,-0.04,34,0.5,0.6,0.300,160.0,160,HAYIR,EVET
2026-08-19 19:16:46.114,-0.18,-0.04,35,0.5,0.6,0.350,160.0,160,HAYIR,EVET
2026-08-19 19:16:46.174,-0.20,-0.01,36,0.5,0.7,0.350,160.0,160,HAYIR,EVET
2026-08-19 19:16:46.234,-0.20,-0.01,35,0.5,0.8,0.350,160.0,160,HAYIR,EVET
2026-08-19 19:16:46.294,-0.20,-0.01,35,0.5,0.8,0.350,160.0,160,HAYIR,EVET
2026-08-19 19:16:46.354,-0.20,-0.01,35,0.5,0.9,0.350,160.0,160,HAYIR,EVET
2026-08-19 19:16:46.414,-0.20,-0.01,35,0.5,0.9,0.350,160.0,160,HAYIR,EVET
2026-08-19 19:16:46.474,-0.20,-0.01,35,0.5,1.0,0.350,160.0,160,HAYIR,EVET
2026-08-19 19:16:46.534,-0.20,-0.01,35,0.5,1.1,0.350,160.0,160,HAYIR,EVET
2026-08-19 19:16:46.594,-0.20,0.01,35,0.5,1.1,0.350,160.0,160,HAYIR,EVET
2026-08-19 19:16:46.654,-0.20,0.01,35,0.5,1.2,0.350,160.0,160,HAYIR,EVET
2026-08-19 19:16:46.714,-0.20,0.01,35,0.5,1.2,0.350,160.0,160,HAYIR,EVET
2026-08-19 19:16:46.774,-0.20,0.01,36,0.5,1.3,0.350,160.0,160,HAYIR,EVET
2026-08-19 19:16:46.834,-0.20,0.03,35,0.5,1.4,0.350,160.0,160,HAYIR,EVET
2026-08-19 19:16:46.894,-0.20,0.03,36,0.5,1.4,0.350,160.0,160,HAYIR,EVET
2026-08-19 19:16:46.954,-0.20,0.03,36,0.5,1.5,0.350,160.0,160,HAYIR,EVET
2026-08-19 19:16:47.014,-0.20,0.03,36,0.5,1.5,0.350,160.0,160,HAYIR,EVET
2026-08-19 19:16:47.074,-0.20,0.03,36,0.5,1.6,0.350,160.0,160,HAYIR,EVET
2026-08-19 19:16:47.134,-0.20,0.03,36,0.5,1.7,0.350,160.0,160,HAYIR,EVET
2026-08-19 19:16:47.194,-0.20,0.03,36,0.5,1.7,0.350,160.0,160,HAYIR,EVET
2026-08-19 19:16:47.254,-0.20,0.03,36,0.5,1.8,0.350,160.0,160,HAYIR,EVET
2026-08-19 19:16:47.314,-0.20,0.03,36,0.5,1.8,0.350,160.0,160,HAYIR,EVET
2026-08-19 19:16:47.374,-0.20,0.03,36,0.5,1.9,0.350,160.0,160,HAYIR,EVET
2026-08-19 19:16:47.434,-0.20,0.03,36,0.5,2.0,0.350,160.0,160,HAYIR,EVET
2026-08-19 19:16:47.494,-0.20,0.03,36,0.5,2.0,0.350,160.0,160,HAYIR,EVET
2026-08-19 19:16:47.554,-0.20,0.02,36,0.5,2.1,0.350,160.0,160,HAYIR,EVET
2026-08-19 19:16:47.614,-0.20,0.02,36,0.5,2.1,0.350,160.0,160,HAYIR,EVET
2026-08-19 19:16:47.674,-0.20,0.02,36,0.5,2.2,0.350,160.0,160,HAYIR,EVET
2026-08-19 19:16:47.734,-0.20,0.02,37,0.5,2.3,0.350,160.0,160,HAYIR,EVET
2026-08-19 19:16:47.794,-0.20,0.02,37,0.5,2.3,0.350,160.0,160,HAYIR,EVET
2026-08-19 19:16:47.854,-0.20,0.02,37,0.5,2.4,0.350,160.0,160,HAYIR,EVET
2026-08-19 19:16:47.914,-0.20,0.01,37,0.5,2.4,0.350,160.0,160,HAYIR,EVET
2026-08-19 19:16:47.974,-0.20,0.01,37,0.5,2.5,0.350,160.0,160,HAYIR,EVET
2026-08-19 19:16:48.034,-0.20,0.01,37,0.5,2.6,0.350,160.0,160,HAYIR,EVET
2026-08-19 19:16:48.094,-0.20,0.01,37,0.5,2.6,0.350,160.0,160,HAYIR,EVET
2026-08-19 19:16:48.154,-0.20,0.01,37,0.5,2.7,0.350,160.0,160,HAYIR,EVET
2026-08-19 19:16:48.214,-0.20,0.01,37,0.5,2.7,0.350,160.0,160,HAYIR,EVET
2026-08-19 19:16:48.274,-0.20,0.01,37,0.5,2.8,0.350,160.0,160,HAYIR,EVET
2026-08-19 19:16:48.334,-0.20,0.01,37,0.5,2.9,0.350,160.0,160,HAYIR,EVET
2026-08-19 19:16:48.394,-0.20,0.01,37,0.5,2.9,0.350,160.0,160,HAYIR,EVET
2026-08-19 19:16:48.454,-0.20,0.01,37,0.5,3.0,0.350,160.0,160,HAYIR,EVET
2026-08-19 19:16:48.514,-0.20,0.01,37,0.5,3.0,0.350,160.0,160,HAYIR,EVET
2026-08-19 19:16:48.574,-0.20,0.01,38,0.5,3.1,0.350,160.0,160,HAYIR,EVET
2026-08-19 19:16:48.634,-0.20,0.01,38,0.5,3.2,0.350,160.0,160,HAYIR,EVET
2026-08-19 19:16:48.694,-0.20,0.01,38,0.5,3.2,0.350,160.0,160,HAYIR,EVET
2026-08-19 19:16:48.754,-0.20,0.01,38,0.5,3.3,0.350,160.0,160,HAYIR,EVET
2026-08-19 19:16:48.814,-0.20,0.01,38,0.5,3.3,0.350,160.0,160,HAYIR,EVET
2026-08-19 19:16:48.874,-0.20,0.00,38,0.5,3.4,0.350,160.0,160,HAYIR,EVET
2026-08-19 19:16:48.934,-0.20,0.00,38,0.5,3.5,0.350,160.0,160,HAYIR,EVET
2026-08-19 19:16:48.994,-0.20,0.00,38,0.5,3.5,0.350,160.0,160,HAYIR,EVET
