Timestamp,HedefLinX_m_s,AnlikHiz_m_s,MotorGucu,TurnBoost,StallBoost,HedefAngZ_rad_s,HedefAci_deg,YayinAci_deg,Fren,GeriVites
2026-08-19 18:08:23.963,0.03,0.00,28,0.0,0.0,0.050,-160.0,-1,HAYIR,HAYIR
2026-08-19 18:08:24.023,0.05,0.00,29,0.0,0.1,0.100,-160.0,-2,HAYIR,HAYIR
2026-08-19 18:08:24.083,0.08,0.00,29,0.0,0.2,0.150,-160.0,-4,HAYIR,HAYIR
2026-08-19 18:08:24.143,0.10,0.00,29,0.0,0.3,0.200,-160.0,-6,HAYIR,HAYIR
2026-08-19 18:08:24.203,0.15,0.00,29,0.0,0.3,0.221,-160.0,-7,HAYIR,HAYIR
2026-08-19 18:08:24.263,0.17,0.00,29,0.0,0.4,0.221,-160.0,-9,HAYIR,HAYIR
2026-08-19 18:08:24.323,0.20,0.00,29,0.0,0.5,0.221,-160.0,-11,HAYIR,HAYIR
2026-08-19 18:08:24.383,0.22,0.00,29,0.0,0.6,0.222,-160.0,-12,HAYIR,HAYIR
2026-08-19 18:08:24.443,0.25,0.00,30,0.0,0.6,0.221,-160.0,-14,HAYIR,HAYIR
2026-08-19 18:08:24.503,0.30,0.00,30,0.0,0.7,0.222,-160.0,-16,HAYIR,HAYIR
2026-08-19 18:08:24.563,0.33,0.00,30,0.0,0.8,0.223,-160.0,-17,HAYIR,HAYIR
2026-08-19 18:08:24.623,0.35,0.00,30,0.0,0.9,0.223,-160.0,-19,HAYIR,HAYIR
2026-08-19 18:08:24.683,0.38,0.00,30,0.0,1.0,0.224,-160.0,-21,HAYIR,HAYIR
2026-08-19 18:08:24.743,0.40,0.00,30,0.0,1.0,0.224,-160.0,-22,HAYIR,HAYIR
2026-08-19 18:08:24.803,0.45,0.00,31,0.0,1.1,0.224,-160.0,-24,HAYIR,HAYIR
2026-08-19 18:08:24.863,0.48,0.00,31,0.0,1.2,0.224,-160.0,-26,HAYIR,HAYIR
2026-08-19 18:08:24.923,0.50,0.00,31,0.0,1.3,0.224,-160.0,-27,HAYIR,HAYIR
2026-08-19 18:08:24.983,0.53,0.00,31,0.0,1.4,0.225,-160.0,-29,HAYIR,HAYIR
2026-08-19 18:08:25.043,0.55,0.00,31,0.0,1.4,0.225,-160.0,-31,HAYIR,HAYIR
2026-08-19 18:08:25.103,0.60,0.00,31,0.0,1.5,0.220,-158.4,-32,HAYIR,HAYIR
2026-08-19 18:08:25.163,0.63,0.00,32,0.0,1.6,0.219,-153.0,-34,HAYIR,HAYIR
2026-08-19 18:08:25.223,0.65,0.00,32,0.0,1.7,0.220,-148.2,-36,HAYIR,HAYIR
2026-08-19 18:08:25.283,0.68,0.00,32,0.0,1.7,0.226,-147.1,-38,HAYIR,HAYIR
2026-08-19 18:08:25.343,0.70,0.00,32,0.0,1.8,0.226,-142.5,-39,HAYIR,HAYIR
2026-08-19 18:08:25.403,0.75,0.00,32,0.0,1.9,0.226,-134.1,-41,HAYIR,HAYIR
2026-08-19 18:08:25.463,0.78,0.00,33,0.0,2.0,0.226,-130.2,-43,HAYIR,HAYIR
2026-08-19 18:08:25.523,0.80,0.00,33,0.1,2.1,0.226,-127.0,-44,HAYIR,HAYIR
2026-08-19 18:08:25.583,0.80,0.00,33,0.1,2.1,0.225,-126.8,-46,HAYIR,HAYIR
2026-08-19 18:08:25.643,0.80,0.00,33,0.1,2.2,0.225,-126.8,-48,HAYIR,HAYIR
2026-08-19 18:08:25.703,0.80,0.00,33,0.2,2.3,0.225,-126.8,-49,HAYIR,HAYIR
2026-08-19 18:08:25.763,0.80,0.01,33,0.2,2.4,0.225,-126.7,-51,HAYIR,HAYIR
2026-08-19 18:08:25.823,0.80,0.01,33,0.2,2.4,0.225,-126.6,-53,HAYIR,HAYIR
2026-08-19 18:08:25.883,0.80,0.01,34,0.2,2.5,0.225,-126.7,-54,HAYIR,HAYIR
2026-08-19 18:08:25.943,0.80,0.01,34,0.3,2.6,0.225,-126.7,-56,HAYIR,HAYIR
2026-08-19 18:08:26.003,0.80,0.01,34,0.3,2.7,0.225,-126.8,-58,HAYIR,HAYIR
2026-08-19 18:08:26.063,0.80,0.03,33,0.3,2.8,0.225,-126.9,-59,HAYIR,HAYIR
2026-08-19 18:08:26.123,0.80,0.03,34,0.3,2.8,0.225,-126.7,-61,HAYIR,HAYIR
2026-08-19 18:08:26.183,0.78,0.03,34,0.4,2.9,0.242,-137.3,-63,HAYIR,HAYIR
2026-08-19 18:08:26.243,0.78,0.03,35,0.4,3.0,0.242,-137.3,-64,HAYIR,HAYIR
2026-08-19 18:08:26.303,0.78,0.03,35,0.4,3.1,0.242,-137.4,-66,HAYIR,HAYIR
2026-08-19 18:08:26.363,0.78,0.03,35,0.5,3.1,0.242,-137.4,-68,HAYIR,HAYIR
2026-08-19 18:08:26.423,0.78,0.03,35,0.5,3.2,0.242,-137.2,-69,HAYIR,HAYIR
2026-08-19 18:08:26.483,0.78,0.07,35,0.5,3.3,0.241,-137.0,-71,HAYIR,HAYIR
2026-08-19 18:08:26.543,0.78,0.07,35,0.5,3.4,0.242,-137.5,-73,HAYIR,HAYIR
2026-08-19 18:08:26.603,0.78,0.07,36,0.6,3.5,0.241,-137.2,-74,HAYIR,HAYIR
2026-08-19 18:08:26.663,0.78,0.07,36,0.6,3.5,0.240,-137.2,-76,HAYIR,HAYIR
2026-08-19 18:08:26.723,0.78,0.07,36,0.6,3.6,0.239,-136.8,-78,HAYIR,HAYIR
2026-08-19 18:08:26.783,0.80,0.12,33,0.7,0.0,0.245,-136.4,-80,HAYIR,HAYIR
2026-08-19 18:08:26.843,0.80,0.12,32,0.7,0.0,0.244,-136.0,-81,HAYIR,HAYIR
2026-08-19 18:08:26.903,0.79,0.12,32,0.7,0.0,0.244,-136.5,-83,HAYIR,HAYIR
2026-08-19 18:08:26.963,0.79,0.12,32,0.8,0.0,0.243,-136.3,-85,HAYIR,HAYIR
2026-08-19 18:08:27.023,0.79,0.12,33,0.8,0.0,0.242,-135.8,-86,HAYIR,HAYIR
2026-08-19 18:08:27.083,0.79,0.20,30,0.8,0.0,0.240,-135.3,-88,HAYIR,HAYIR
2026-08-19 18:08:27.143,0.79,0.20,33,0.8,0.0,0.238,-134.6,-90,HAYIR,HAYIR
2026-08-19 18:08:27.203,0.78,0.20,33,0.8,0.0,0.237,-134.3,-91,HAYIR,HAYIR
2026-08-19 18:08:27.263,0.78,0.20,33,0.9,0.0,0.234,-133.5,-93,HAYIR,HAYIR
2026-08-19 18:08:27.323,0.78,0.20,33,0.9,0.0,0.233,-133.0,-95,HAYIR,HAYIR
2026-08-19 18:08:27.383,0.80,0.20,33,0.9,0.0,0.216,-122.4,-96,HAYIR,HAYIR
2026-08-19 18:08:27.443,0.79,0.29,33,1.0,0.0,0.214,-121.4,-98,HAYIR,HAYIR
2026-08-19 18:08:27.503,0.79,0.29,33,1.0,0.0,0.209,-119.4,-100,HAYIR,HAYIR
2026-08-19 18:08:27.563,0.79,0.29,33,1.0,0.0,0.205,-117.8,-101,HAYIR,HAYIR
2026-08-19 18:08:27.623,0.78,0.29,33,1.1,0.0,0.203,-117.2,-103,HAYIR,HAYIR
2026-08-19 18:08:27.683,0.78,0.29,33,1.1,0.0,0.199,-115.5,-105,HAYIR,HAYIR
2026-08-19 18:08:27.743,0.78,0.35,33,1.1,0.0,0.197,-114.6,-106,HAYIR,HAYIR
2026-08-19 18:08:27.803,0.79,0.35,33,1.1,0.0,0.198,-113.2,-108,HAYIR,HAYIR
2026-08-19 18:08:27.863,0.79,0.35,33,1.2,0.0,0.191,-109.9,-110,HAYIR,HAYIR
2026-08-19 18:08:27.923,0.79,0.35,33,1.2,0.0,0.189,-109.1,-109,HAYIR,HAYIR
2026-08-19 18:08:27.983,0.78,0.35,33,1.1,0.0,0.184,-107.2,-108,HAYIR,HAYIR
2026-08-19 18:08:28.043,0.78,0.35,33,1.1,0.0,0.182,-106.2,-106,HAYIR,HAYIR
2026-08-19 18:08:28.103,0.78,0.35,33,1.1,0.0,0.171,-101.1,-105,HAYIR,HAYIR
2026-08-19 18:08:28.163,0.79,0.40,34,1.1,0.0,0.150,-87.5,-103,HAYIR,HAYIR
2026-08-19 18:08:28.223,0.79,0.40,33,1.0,0.0,0.146,-85.5,-101,HAYIR,HAYIR
2026-08-19 18:08:28.283,0.79,0.40,33,1.0,0.0,0.138,-81.5,-100,HAYIR,HAYIR
2026-08-19 18:08:28.343,0.79,0.40,33,1.0,0.0,0.135,-79.5,-98,HAYIR,HAYIR
2026-08-19 18:08:28.403,0.78,0.40,33,0.9,0.0,0.123,-73.7,-96,HAYIR,HAYIR
2026-08-19 18:08:28.463,0.79,0.45,32,0.9,0.0,0.151,-87.8,-95,HAYIR,HAYIR
2026-08-19 18:08:28.523,0.79,0.45,33,0.9,0.0,0.148,-86.3,-93,HAYIR,HAYIR
2026-08-19 18:08:28.583,0.79,0.45,33,0.8,0.0,0.137,-80.9,-91,HAYIR,HAYIR
2026-08-19 18:08:28.643,0.79,0.45,33,0.8,0.0,0.135,-79.6,-90,HAYIR,HAYIR
2026-08-19 18:08:28.703,0.78,0.45,33,0.8,0.0,0.124,-74.4,-88,HAYIR,HAYIR
2026-08-19 18:08:28.763,0.78,0.48,32,0.8,0.0,0.118,-71.1,-86,HAYIR,HAYIR
2026-08-19 18:08:28.823,0.80,0.48,33,0.8,0.0,0.119,-69.9,-85,HAYIR,HAYIR
2026-08-19 18:08:28.883,0.79,0.48,33,0.7,0.0,0.113,-66.7,-83,HAYIR,HAYIR
2026-08-19 18:08:28.943,0.79,0.48,33,0.7,0.0,0.110,-65.2,-81,HAYIR,HAYIR
2026-08-19 18:08:29.003,0.78,0.48,33,0.7,0.0,0.101,-60.7,-79,HAYIR,HAYIR
2026-08-19 18:08:29.063,0.78,0.48,33,0.6,0.0,0.096,-57.7,-78,HAYIR,HAYIR
2026-08-19 18:08:29.123,0.78,0.48,33,0.6,0.0,0.093,-56.5,-76,HAYIR,HAYIR
2026-08-19 18:08:29.183,0.80,0.51,33,0.6,0.0,0.091,-53.9,-74,HAYIR,HAYIR
2026-08-19 18:08:29.243,0.79,0.51,33,0.5,0.0,0.090,-53.6,-73,HAYIR,HAYIR
2026-08-19 18:08:29.303,0.79,0.51,33,0.5,0.0,0.083,-49.9,-71,HAYIR,HAYIR
2026-08-19 18:08:29.363,0.78,0.51,33,0.5,0.0,0.078,-47.1,-69,HAYIR,HAYIR
2026-08-19 18:08:29.423,0.78,0.54,33,0.5,0.0,0.076,-46.0,-68,HAYIR,HAYIR
2026-08-19 18:08:29.483,0.78,0.54,33,0.4,0.0,0.073,-44.3,-66,HAYIR,HAYIR
2026-08-19 18:08:29.543,0.78,0.54,33,0.4,0.0,0.036,-21.8,-64,HAYIR,HAYIR
2026-08-19 18:08:29.603,0.78,0.54,33,0.4,0.0,0.000,-0.0,-63,HAYIR,HAYIR
2026-08-19 18:08:29.663,0.79,0.54,33,0.3,0.0,0.000,-0.0,-61,HAYIR,HAYIR
2026-08-19 18:08:29.723,0.79,0.54,33,0.3,0.0,0.000,-0.0,-59,HAYIR,HAYIR
2026-08-19 18:08:29.783,0.79,0.55,33,0.3,0.0,0.000,-0.0,-58,HAYIR,HAYIR
2026-08-19 18:08:29.843,0.79,0.55,33,0.3,0.0,0.000,-0.0,-56,HAYIR,HAYIR
2026-08-19 18:08:29.903,0.78,0.55,33,0.2,0.0,0.000,-0.0,-54,HAYIR,HAYIR
2026-08-19 18:08:29.963,0.78,0.55,33,0.2,0.0,0.000,-0.0,-53,HAYIR,HAYIR
2026-08-19 18:08:30.023,0.80,0.55,33,0.2,0.0,0.000,-0.0,-51,HAYIR,HAYIR
2026-08-19 18:08:30.083,0.79,0.55,33,0.2,0.0,0.000,-0.0,-49,HAYIR,HAYIR
2026-08-19 18:08:30.143,0.79,0.56,33,0.1,0.0,0.000,-0.0,-48,HAYIR,HAYIR
2026-08-19 18:08:30.203,0.79,0.56,33,0.1,0.0,0.000,-0.0,-46,HAYIR,HAYIR
2026-08-19 18:08:30.263,0.78,0.56,33,0.1,0.0,0.000,-0.0,-44,HAYIR,HAYIR
2026-08-19 18:08:30.323,0.78,0.56,33,0.0,0.0,0.000,-0.0,-43,HAYIR,HAYIR
2026-08-19 18:08:30.383,0.78,0.56,33,0.0,0.0,0.000,-0.0,-41,HAYIR,HAYIR
2026-08-19 18:08:30.443,0.80,0.57,33,0.0,0.0,0.000,-0.0,-39,HAYIR,HAYIR
2026-08-19 18:08:30.503,0.79,0.57,33,0.0,0.0,0.000,-0.0,-37,HAYIR,HAYIR
2026-08-19 18:08:30.563,0.79,0.57,33,0.0,0.0,0.000,-0.0,-36,HAYIR,HAYIR
2026-08-19 18:08:30.623,0.79,0.57,33,0.0,0.0,0.035,-21.1,-34,HAYIR,HAYIR
2026-08-19 18:08:30.683,0.79,0.57,33,0.0,0.0,0.044,-26.7,-32,HAYIR,HAYIR
2026-08-19 18:08:30.743,0.79,0.60,32,0.0,0.0,0.043,-25.8,-31,HAYIR,HAYIR
2026-08-19 18:08:30.803,0.78,0.60,33,0.0,0.0,0.041,-24.7,-29,HAYIR,HAYIR
2026-08-19 18:08:30.863,0.78,0.60,33,0.0,0.0,0.038,-23.5,-27,HAYIR,HAYIR
2026-08-19 18:08:30.923,0.80,0.60,33,0.0,0.0,0.038,-22.7,-26,HAYIR,HAYIR
2026-08-19 18:08:30.983,0.79,0.60,33,0.0,0.0,0.035,-21.1,-24,HAYIR,HAYIR
2026-08-19 18:08:31.043,0.79,0.60,33,0.0,0.0,0.034,-20.4,-22,HAYIR,HAYIR
2026-08-19 18:08:31.103,0.78,0.62,33,0.0,0.0,0.031,-18.8,-21,HAYIR,HAYIR
2026-08-19 18:08:31.163,0.78,0.62,33,0.0,0.0,0.000,-0.0,-19,HAYIR,HAYIR
2026-08-19 18:08:31.223,0.78,0.62,33,0.0,0.0,0.000,-0.0,-17,HAYIR,HAYIR
2026-08-19 18:08:31.283,0.80,0.62,33,0.0,0.0,0.000,-0.0,-16,HAYIR,HAYIR
2026-08-19 18:08:31.343,0.79,0.62,33,0.0,0.0,0.000,-0.0,-14,HAYIR,HAYIR
2026-08-19 18:08:31.403,0.79,0.62,33,0.0,0.0,0.000,-0.0,-12,HAYIR,HAYIR
2026-08-19 18:08:31.463,0.78,0.66,33,0.0,0.0,0.000,-0.0,-11,HAYIR,HAYIR
2026-08-19 18:08:31.523,0.78,0.66,33,0.0,0.0,0.000,-0.0,-9,HAYIR,HAYIR
2026-08-19 18:08:31.583,0.80,0.66,33,0.0,0.0,0.000,-0.0,-7,HAYIR,HAYIR
2026-08-19 18:08:31.643,0.79,0.66,33,0.0,0.0,0.000,-0.0,-6,HAYIR,HAYIR
2026-08-19 18:08:31.703,0.79,0.66,33,0.0,0.0,0.000,-0.0,-4,HAYIR,HAYIR
2026-08-19 18:08:31.763,0.79,0.68,32,0.0,0.0,0.000,-0.0,-2,HAYIR,HAYIR
2026-08-19 18:08:31.823,0.78,0.68,33,0.0,0.0,0.000,-0.0,-1,HAYIR,HAYIR
2026-08-19 18:08:31.883,0.78,0.68,33,0.0,0.0,0.000,-0.0,0,HAYIR,HAYIR
2026-08-19 18:08:31.943,0.80,0.68,33,0.0,0.0,0.000,-0.0,0,HAYIR,HAYIR
2026-08-19 18:08:32.003,0.79,0.68,33,0.0,0.0,0.000,-0.0,0,HAYIR,HAYIR
2026-08-19 18:08:32.063,0.79,0.68,33,0.0,0.0,0.000,-0.0,0,HAYIR,HAYIR
2026-08-19 18:08:32.123,0.78,0.70,33,0.0,0.0,0.000,-0.0,0,HAYIR,HAYIR
2026-08-19 18:08:32.183,0.78,0.70,33,0.0,0.0,0.000,-0.0,0,HAYIR,HAYIR
2026-08-19 18:08:32.243,0.80,0.70,33,0.0,0.0,0.000,-0.0,0,HAYIR,HAYIR
2026-08-19 18:08:32.303,0.79,0.70,33,0.0,0.0,0.000,-0.0,0,HAYIR,HAYIR
2026-08-19 18:08:32.363,0.78,0.70,33,0.0,0.0,0.000,-0.0,0,HAYIR,HAYIR
2026-08-19 18:08:32.423,0.78,0.74,33,0.0,0.0,0.000,-0.0,0,HAYIR,HAYIR
2026-08-19 18:08:32.483,0.80,0.74,33,0.0,0.0,0.000,-0.0,0,HAYIR,HAYIR
2026-08-19 18:08:32.543,0.79,0.74,33,0.0,0.0,0.000,-0.0,0,HAYIR,HAYIR
2026-08-19 18:08:32.603,0.79,0.74,33,0.0,0.0,0.000,-0.0,0,HAYIR,HAYIR
2026-08-19 18:08:32.663,0.78,0.74,33,0.0,0.0,0.000,-0.0,0,HAYIR,HAYIR
2026-08-19 18:08:32.723,0.78,0.76,32,0.0,0.0,0.000,-0.0,0,HAYIR,HAYIR
2026-08-19 18:08:32.783,0.79,0.76,33,0.0,0.0,0.000,-0.0,0,HAYIR,HAYIR
2026-08-19 18:08:32.843,0.79,0.76,33,0.0,0.0,0.000,-0.0,0,HAYIR,HAYIR
2026-08-19 18:08:32.903,0.79,0.76,33,0.0,0.0,-0.052,31.3,2,HAYIR,HAYIR
2026-08-19 18:08:32.963,0.78,0.76,33,0.0,0.0,-0.052,31.3,3,HAYIR,HAYIR
2026-08-19 18:08:33.023,0.78,0.76,33,0.0,0.0,-0.052,31.5,5,HAYIR,HAYIR
2026-08-19 18:08:33.083,0.80,0.76,33,0.0,0.0,-0.053,31.6,7,HAYIR,HAYIR
2026-08-19 18:08:33.143,0.79,0.79,33,0.0,0.0,-0.053,31.7,8,HAYIR,HAYIR
2026-08-19 18:08:33.203,0.79,0.79,28,0.0,0.0,-0.053,31.9,10,HAYIR,HAYIR
2026-08-19 18:08:33.263,0.78,0.79,28,0.0,0.0,-0.053,32.0,12,HAYIR,HAYIR
2026-08-19 18:08:33.323,0.78,0.79,28,0.0,0.0,-0.053,32.1,13,HAYIR,HAYIR
2026-08-19 18:08:33.383,0.79,0.79,28,0.0,0.0,-0.054,32.2,15,HAYIR,HAYIR
2026-08-19 18:08:33.443,0.79,0.83,28,0.0,0.0,-0.054,32.3,17,HAYIR,HAYIR
2026-08-19 18:08:33.503,0.78,0.83,28,0.0,0.0,-0.053,32.2,18,HAYIR,HAYIR
2026-08-19 18:08:33.563,0.80,0.83,28,0.0,0.0,-0.054,32.3,20,HAYIR,HAYIR
2026-08-19 18:08:33.623,0.79,0.83,28,0.0,0.0,-0.054,32.4,22,HAYIR,HAYIR
2026-08-19 18:08:33.683,0.79,0.83,28,0.0,0.0,-0.054,32.4,24,HAYIR,HAYIR
2026-08-19 18:08:33.743,0.78,0.83,28,0.0,0.0,-0.054,32.4,25,HAYIR,HAYIR
2026-08-19 18:08:33.803,0.80,0.86,28,0.0,0.0,-0.054,32.2,27,HAYIR,HAYIR
2026-08-19 18:08:33.863,0.79,0.86,28,0.0,0.0,-0.053,31.8,29,HAYIR,HAYIR
2026-08-19 18:08:33.923,0.79,0.86,28,0.0,0.0,-0.053,31.8,30,HAYIR,HAYIR
2026-08-19 18:08:33.983,0.79,0.86,28,0.0,0.0,-0.038,22.8,30,HAYIR,HAYIR
2026-08-19 18:08:34.043,0.79,0.86,28,0.0,0.0,-0.038,22.7,28,HAYIR,HAYIR
2026-08-19 18:08:34.103,0.78,0.87,28,0.0,0.0,-0.037,22.4,26,HAYIR,HAYIR
2026-08-19 18:08:34.163,0.79,0.87,28,0.0,0.0,-0.037,22.2,25,HAYIR,HAYIR
2026-08-19 18:08:34.223,0.79,0.87,28,0.0,0.0,-0.037,22.2,23,HAYIR,HAYIR
2026-08-19 18:08:34.283,0.78,0.87,28,0.0,0.0,-0.036,22.0,22,HAYIR,HAYIR
2026-08-19 18:08:34.343,0.78,0.87,28,0.0,0.0,-0.036,22.0,22,HAYIR,HAYIR
2026-08-19 18:08:34.403,0.79,0.86,28,0.0,0.0,-0.036,21.6,22,HAYIR,HAYIR
2026-08-19 18:08:34.463,0.79,0.86,28,0.0,0.0,-0.035,21.4,21,HAYIR,HAYIR
2026-08-19 18:08:34.523,0.78,0.86,28,0.0,0.0,-0.035,21.4,21,HAYIR,HAYIR
2026-08-19 18:08:34.583,0.78,0.86,28,0.0,0.0,-0.035,21.2,21,HAYIR,HAYIR
2026-08-19 18:08:34.643,0.80,0.86,28,0.0,0.0,-0.036,21.3,21,HAYIR,HAYIR
2026-08-19 18:08:34.703,0.79,0.86,28,0.0,0.0,-0.036,21.5,22,HAYIR,HAYIR
2026-08-19 18:08:34.763,0.78,0.86,28,0.0,0.0,-0.036,21.9,22,HAYIR,HAYIR
2026-08-19 18:08:34.823,0.78,0.83,28,0.0,0.0,-0.036,22.1,22,HAYIR,HAYIR
2026-08-19 18:08:34.883,0.78,0.83,28,0.0,0.0,-0.036,21.8,22,HAYIR,HAYIR
2026-08-19 18:08:34.943,0.80,0.83,28,0.0,0.0,-0.037,22.0,22,HAYIR,HAYIR
2026-08-19 18:08:35.003,0.79,0.83,28,0.0,0.0,-0.037,22.5,22,HAYIR,HAYIR
2026-08-19 18:08:35.063,0.80,0.83,28,0.0,0.0,-0.045,26.9,23,HAYIR,HAYIR
2026-08-19 18:08:35.123,0.79,0.77,33,0.0,0.0,-0.045,26.9,25,HAYIR,HAYIR
2026-08-19 18:08:35.183,0.79,0.77,33,0.0,0.0,-0.047,28.3,26,HAYIR,HAYIR
2026-08-19 18:08:35.243,0.79,0.77,33,0.0,0.0,-0.047,28.4,28,HAYIR,HAYIR
2026-08-19 18:08:35.303,0.78,0.77,33,0.0,0.0,-0.047,28.4,28,HAYIR,HAYIR
2026-08-19 18:08:35.363,0.80,0.77,33,0.0,0.0,-0.047,28.3,28,HAYIR,HAYIR
2026-08-19 18:08:35.423,0.79,0.72,35,0.0,0.0,-0.047,28.3,28,HAYIR,HAYIR
2026-08-19 18:08:35.483,0.79,0.72,33,0.0,0.0,-0.047,28.1,28,HAYIR,HAYIR
2026-08-19 18:08:35.543,0.79,0.72,33,0.0,0.0,-0.051,30.7,30,HAYIR,HAYIR
2026-08-19 18:08:35.603,0.78,0.72,33,0.0,0.0,-0.051,30.8,31,HAYIR,HAYIR
2026-08-19 18:08:35.663,0.78,0.72,33,0.0,0.0,-0.050,30.6,31,HAYIR,HAYIR
2026-08-19 18:08:35.723,0.78,0.72,33,0.0,0.0,-0.050,30.5,31,HAYIR,HAYIR
2026-08-19 18:08:35.783,0.80,0.68,33,0.0,0.0,-0.051,30.2,30,HAYIR,HAYIR
2026-08-19 18:08:35.843,0.80,0.68,33,0.0,0.0,-0.055,33.0,32,HAYIR,HAYIR
2026-08-19 18:08:35.903,0.79,0.68,33,0.0,0.0,-0.055,32.8,33,HAYIR,HAYIR
2026-08-19 18:08:35.963,0.79,0.68,33,0.0,0.0,-0.054,32.8,33,HAYIR,HAYIR
2026-08-19 18:08:36.023,0.78,0.68,33,0.0,0.0,-0.054,32.7,33,HAYIR,HAYIR
2026-08-19 18:08:36.083,0.78,0.67,33,0.0,0.0,-0.054,32.5,33,HAYIR,HAYIR
2026-08-19 18:08:36.143,0.78,0.67,33,0.0,0.0,-0.055,33.4,33,HAYIR,HAYIR
2026-08-19 18:08:36.203,0.79,0.67,33,0.0,0.0,-0.059,35.3,35,HAYIR,HAYIR
2026-08-19 18:08:36.263,0.79,0.67,33,0.0,0.0,-0.059,35.1,35,HAYIR,HAYIR
2026-08-19 18:08:36.323,0.79,0.67,33,0.0,0.0,-0.058,35.0,35,HAYIR,HAYIR
2026-08-19 18:08:36.383,0.79,0.67,33,0.0,0.0,-0.058,34.8,35,HAYIR,HAYIR
2026-08-19 18:08:36.443,0.78,0.68,33,0.0,0.0,-0.057,34.6,35,HAYIR,HAYIR
2026-08-19 18:08:36.503,0.78,0.68,33,0.0,0.0,-0.056,34.1,34,HAYIR,HAYIR
2026-08-19 18:08:36.563,0.80,0.68,33,0.0,0.0,-0.057,33.9,34,HAYIR,HAYIR
2026-08-19 18:08:36.623,0.79,0.68,33,0.0,0.0,-0.057,33.7,34,HAYIR,HAYIR
2026-08-19 18:08:36.683,0.79,0.68,33,0.0,0.0,-0.056,33.4,33,HAYIR,HAYIR
2026-08-19 18:08:36.743,0.79,0.68,33,0.0,0.0,-0.055,33.2,33,HAYIR,HAYIR
2026-08-19 18:08:36.803,0.78,0.69,33,0.0,0.0,-0.054,32.5,32,HAYIR,HAYIR
2026-08-19 18:08:36.863,0.78,0.69,33,0.0,0.0,-0.050,30.4,32,HAYIR,HAYIR
2026-08-19 18:08:36.923,0.80,0.69,33,0.0,0.0,-0.051,30.2,30,HAYIR,HAYIR
2026-08-19 18:08:36.983,0.79,0.69,33,0.0,0.0,-0.050,29.7,30,HAYIR,HAYIR
2026-08-19 18:08:37.043,0.79,0.69,33,0.0,0.0,-0.049,29.3,29,HAYIR,HAYIR
2026-08-19 18:08:37.103,0.78,0.71,33,0.0,0.0,-0.047,28.5,28,HAYIR,HAYIR
2026-08-19 18:08:37.163,0.78,0.71,33,0.0,0.0,-0.043,26.2,28,HAYIR,HAYIR
2026-08-19 18:08:37.223,0.78,0.71,33,0.0,0.0,-0.058,35.3,28,HAYIR,HAYIR
2026-08-19 18:08:37.283,0.79,0.71,33,0.0,0.0,-0.059,35.1,30,HAYIR,HAYIR
2026-08-19 18:08:37.343,0.79,0.71,33,0.0,0.0,-0.058,34.9,32,HAYIR,HAYIR
2026-08-19 18:08:37.403,0.78,0.74,32,0.0,0.0,-0.057,34.5,34,HAYIR,HAYIR
2026-08-19 18:08:37.463,0.78,0.74,33,0.0,0.0,-0.054,32.9,34,HAYIR,HAYIR
2026-08-19 18:08:37.523,0.78,0.74,33,0.0,0.0,-0.054,32.7,33,HAYIR,HAYIR
2026-08-19 18:08:37.583,0.79,0.74,33,0.0,0.0,-0.055,32.6,33,HAYIR,HAYIR
2026-08-19 18:08:37.643,0.79,0.74,33,0.0,0.0,-0.054,32.4,32,HAYIR,HAYIR
2026-08-19 18:08:37.703,0.78,0.74,33,0.0,0.0,-0.053,32.0,32,HAYIR,HAYIR
2026-08-19 18:08:37.763,0.78,0.76,33,0.0,0.0,-0.052,31.8,32,HAYIR,HAYIR
2026-08-19 18:08:37.823,0.80,0.76,33,0.0,0.0,-0.050,29.9,31,HAYIR,HAYIR
2026-08-19 18:08:37.883,0.79,0.76,33,0.0,0.0,-0.049,29.6,30,HAYIR,HAYIR
2026-08-19 18:08:37.943,0.79,0.76,33,0.0,0.0,-0.049,29.3,29,HAYIR,HAYIR
2026-08-19 18:08:38.003,0.78,0.76,33,0.0,0.0,-0.047,28.6,29,HAYIR,HAYIR
2026-08-19 18:08:38.063,0.80,0.76,33,0.0,0.0,-0.047,28.3,28,HAYIR,HAYIR
2026-08-19 18:08:38.123,0.79,0.79,32,0.0,0.0,-0.047,28.0,28,HAYIR,HAYIR
2026-08-19 18:08:38.183,0.79,0.79,28,0.0,0.0,-0.046,27.8,28,HAYIR,HAYIR
2026-08-19 18:08:38.243,0.78,0.79,28,0.0,0.0,-0.043,26.1,26,HAYIR,HAYIR
2026-08-19 18:08:38.303,0.78,0.79,28,0.0,0.0,-0.041,25.3,25,HAYIR,HAYIR
2026-08-19 18:08:38.363,0.79,0.79,28,0.0,0.0,0.000,-0.0,25,HAYIR,HAYIR
2026-08-19 18:08:38.423,0.79,0.79,28,0.0,0.0,0.000,-0.0,23,HAYIR,HAYIR
2026-08-19 18:08:38.483,0.78,0.82,28,0.0,0.0,0.000,-0.0,21,HAYIR,HAYIR
2026-08-19 18:08:38.543,0.78,0.82,28,0.0,0.0,0.000,-0.0,20,HAYIR,HAYIR
2026-08-19 18:08:38.603,0.79,0.82,28,0.0,0.0,0.000,-0.0,18,HAYIR,HAYIR
2026-08-19 18:08:38.663,0.78,0.82,28,0.0,0.0,0.000,-0.0,16,HAYIR,HAYIR
2026-08-19 18:08:38.723,0.78,0.82,28,0.0,0.0,0.000,-0.0,15,HAYIR,HAYIR
2026-08-19 18:08:38.783,0.78,0.83,28,0.0,0.0,0.000,-0.0,13,HAYIR,HAYIR
2026-08-19 18:08:38.843,0.80,0.83,28,0.0,0.0,0.000,-0.0,11,HAYIR,HAYIR
2026-08-19 18:08:38.903,0.79,0.83,28,0.0,0.0,0.000,-0.0,10,HAYIR,HAYIR
2026-08-19 18:08:38.963,0.78,0.83,28,0.0,0.0,0.000,-0.0,8,HAYIR,HAYIR
2026-08-19 18:08:39.023,0.78,0.83,28,0.0,0.0,0.000,-0.0,6,HAYIR,HAYIR
2026-08-19 18:08:39.083,0.79,0.83,28,0.0,0.0,0.000,-0.0,5,HAYIR,HAYIR
2026-08-19 18:08:39.143,0.79,0.83,28,0.0,0.0,0.000,-0.0,3,HAYIR,HAYIR
2026-08-19 18:08:39.203,0.78,0.83,28,0.0,0.0,0.000,-0.0,1,HAYIR,HAYIR
2026-08-19 18:08:39.263,0.78,0.83,28,0.0,0.0,0.000,-0.0,0,HAYIR,HAYIR
2026-08-19 18:08:39.323,0.80,0.83,28,0.0,0.0,0.000,-0.0,0,HAYIR,HAYIR
2026-08-19 18:08:39.383,0.79,0.83,28,0.0,0.0,0.000,-0.0,0,HAYIR,HAYIR
2026-08-19 18:08:39.443,0.79,0.83,28,0.0,0.0,0.000,-0.0,0,HAYIR,HAYIR
2026-08-19 18:08:39.503,0.78,0.83,28,0.0,0.0,-0.045,27.8,2,HAYIR,HAYIR
2026-08-19 18:08:39.563,0.79,0.83,28,0.0,0.0,-0.047,28.0,3,HAYIR,HAYIR
2026-08-19 18:08:39.623,0.79,0.83,28,0.0,0.0,-0.047,28.1,5,HAYIR,HAYIR
2026-08-19 18:08:39.683,0.79,0.83,28,0.0,0.0,-0.047,28.4,7,HAYIR,HAYIR
2026-08-19 18:08:39.743,0.78,0.83,28,0.0,0.0,-0.047,28.6,8,HAYIR,HAYIR
2026-08-19 18:08:39.803,0.80,0.78,33,0.0,0.0,-0.049,29.3,10,HAYIR,HAYIR
2026-08-19 18:08:39.863,0.79,0.78,33,0.0,0.0,-0.051,30.5,12,HAYIR,HAYIR
2026-08-19 18:08:39.923,0.79,0.78,33,0.0,0.0,-0.051,30.7,13,HAYIR,HAYIR
2026-08-19 18:08:39.983,0.79,0.78,33,0.0,0.0,-0.052,31.1,15,HAYIR,HAYIR
2026-08-19 18:08:40.043,0.78,0.78,33,0.0,0.0,-0.052,31.3,17,HAYIR,HAYIR
2026-08-19 18:08:40.103,0.78,0.72,35,0.0,0.0,-0.052,31.9,18,HAYIR,HAYIR
2026-08-19 18:08:40.163,0.78,0.72,33,0.0,0.0,-0.056,34.4,20,HAYIR,HAYIR
2026-08-19 18:08:40.223,0.79,0.72,33,0.0,0.0,-0.058,34.6,22,HAYIR,HAYIR
2026-08-19 18:08:40.283,0.79,0.72,33,0.0,0.0,-0.058,35.0,24,HAYIR,HAYIR
2026-08-19 18:08:40.343,0.79,0.72,33,0.0,0.0,-0.058,35.1,25,HAYIR,HAYIR
2026-08-19 18:08:40.403,0.78,0.72,33,0.0,0.0,-0.058,35.4,27,HAYIR,HAYIR
2026-08-19 18:08:40.463,0.78,0.67,33,0.0,0.0,-0.058,35.3,29,HAYIR,HAYIR
2026-08-19 18:08:40.523,0.78,0.67,33,0.0,0.0,-0.053,32.4,30,HAYIR,HAYIR
2026-08-19 18:08:40.583,0.80,0.67,34,0.0,0.0,-0.055,32.8,32,HAYIR,HAYIR
2026-08-19 18:08:40.643,0.79,0.67,33,0.0,0.0,-0.055,33.0,33,HAYIR,HAYIR
2026-08-19 18:08:40.703,0.79,0.67,33,0.0,0.0,-0.055,33.0,33,HAYIR,HAYIR
2026-08-19 18:08:40.763,0.78,0.64,33,0.0,0.0,-0.054,32.9,33,HAYIR,HAYIR
2026-08-19 18:08:40.823,0.78,0.64,33,0.0,0.0,-0.058,35.3,34,HAYIR,HAYIR
2026-08-19 18:08:40.883,0.78,0.64,33,0.0,0.0,-0.058,35.5,35,HAYIR,HAYIR
2026-08-19 18:08:40.943,0.78,0.64,33,0.0,0.0,-0.059,35.7,36,HAYIR,HAYIR
2026-08-19 18:08:41.003,0.79,0.64,33,0.0,0.0,-0.060,35.8,36,HAYIR,HAYIR
2026-08-19 18:08:41.063,0.79,0.65,33,0.0,0.0,-0.059,35.5,35,HAYIR,HAYIR
2026-08-19 18:08:41.123,0.79,0.65,33,0.0,0.0,-0.059,35.4,35,HAYIR,HAYIR
2026-08-19 18:08:41.183,0.79,0.65,33,0.0,0.0,-0.061,36.5,36,HAYIR,HAYIR
2026-08-19 18:08:41.243,0.78,0.65,33,0.0,0.0,-0.061,36.7,37,HAYIR,HAYIR
2026-08-19 18:08:41.303,0.78,0.65,33,0.0,0.0,-0.060,36.3,36,HAYIR,HAYIR
2026-08-19 18:08:41.363,0.80,0.65,34,0.0,0.0,-0.060,35.8,36,HAYIR,HAYIR
2026-08-19 18:08:41.423,0.79,0.65,33,0.0,0.0,-0.060,35.7,36,HAYIR,HAYIR
2026-08-19 18:08:41.483,0.79,0.66,33,0.0,0.0,-0.059,35.4,35,HAYIR,HAYIR
2026-08-19 18:08:41.543,0.79,0.66,33,0.0,0.0,-0.059,35.4,35,HAYIR,HAYIR
2026-08-19 18:08:41.603,0.78,0.66,33,0.0,0.0,-0.035,21.5,34,HAYIR,HAYIR
2026-08-19 18:08:41.663,0.80,0.66,34,0.0,0.0,-0.035,20.8,32,HAYIR,HAYIR
2026-08-19 18:08:41.723,0.79,0.66,33,0.0,0.0,-0.034,20.5,30,HAYIR,HAYIR
2026-08-19 18:08:41.783,0.79,0.68,33,0.0,0.0,-0.033,19.7,29,HAYIR,HAYIR
2026-08-19 18:08:41.843,0.79,0.68,33,0.0,0.0,-0.032,19.4,27,HAYIR,HAYIR
2026-08-19 18:08:41.903,0.78,0.68,33,0.0,0.0,0.000,-0.0,25,HAYIR,HAYIR
2026-08-19 18:08:41.963,0.78,0.68,33,0.0,0.0,0.000,-0.0,24,HAYIR,HAYIR
2026-08-19 18:08:42.023,0.80,0.68,34,0.0,0.0,0.000,-0.0,22,HAYIR,HAYIR
2026-08-19 18:08:42.083,0.79,0.68,33,0.0,0.0,0.000,-0.0,20,HAYIR,HAYIR
2026-08-19 18:08:42.143,0.79,0.71,33,0.0,0.0,0.000,-0.0,19,HAYIR,HAYIR
2026-08-19 18:08:42.203,0.78,0.71,33,0.0,0.0,0.000,-0.0,17,HAYIR,HAYIR
2026-08-19 18:08:42.263,0.78,0.71,33,0.0,0.0,0.000,-0.0,15,HAYIR,HAYIR
2026-08-19 18:08:42.323,0.80,0.71,34,0.0,0.0,0.000,-0.0,14,HAYIR,HAYIR
2026-08-19 18:08:42.383,0.79,0.71,33,0.0,0.0,0.000,-0.0,12,HAYIR,HAYIR
2026-08-19 18:08:42.443,0.79,0.75,33,0.0,0.0,0.000,-0.0,10,HAYIR,HAYIR
2026-08-19 18:08:42.503,0.78,0.75,33,0.0,0.0,0.000,-0.0,8,HAYIR,HAYIR
2026-08-19 18:08:42.563,0.80,0.75,34,0.0,0.0,0.000,-0.0,7,HAYIR,HAYIR
2026-08-19 18:08:42.623,0.79,0.75,33,0.0,0.0,0.000,-0.0,5,HAYIR,HAYIR
2026-08-19 18:08:42.683,0.79,0.75,33,0.0,0.0,0.000,-0.0,3,HAYIR,HAYIR
2026-08-19 18:08:42.743,0.80,0.79,32,0.0,0.0,0.000,-0.0,2,HAYIR,HAYIR
2026-08-19 18:08:42.803,0.79,0.79,28,0.0,0.0,0.000,-0.0,0,HAYIR,HAYIR
2026-08-19 18:08:42.863,0.78,0.79,28,0.0,0.0,0.000,-0.0,0,HAYIR,HAYIR
2026-08-19 18:08:42.923,0.78,0.79,28,0.0,0.0,0.000,-0.0,0,HAYIR,HAYIR
2026-08-19 18:08:42.983,0.79,0.79,34,0.0,0.0,0.000,-0.0,0,HAYIR,HAYIR
2026-08-19 18:08:43.043,0.79,0.79,33,0.0,0.0,0.000,-0.0,0,HAYIR,HAYIR
2026-08-19 18:08:43.103,0.78,0.79,28,0.0,0.0,0.000,-0.0,0,HAYIR,HAYIR
2026-08-19 18:08:43.163,0.78,0.86,28,0.0,0.0,0.000,-0.0,0,HAYIR,HAYIR
2026-08-19 18:08:43.223,0.79,0.86,28,0.0,0.0,0.000,-0.0,0,HAYIR,HAYIR
2026-08-19 18:08:43.283,0.79,0.86,28,0.0,0.0,0.000,-0.0,0,HAYIR,HAYIR
2026-08-19 18:08:43.343,0.78,0.86,28,0.0,0.0,0.000,-0.0,0,HAYIR,HAYIR
2026-08-19 18:08:43.403,0.80,0.86,28,0.0,0.0,0.000,-0.0,0,HAYIR,HAYIR
2026-08-19 18:08:43.463,0.79,0.91,28,0.0,0.0,0.000,-0.0,0,HAYIR,HAYIR
2026-08-19 18:08:43.523,0.78,0.91,28,0.0,0.0,0.000,-0.0,0,HAYIR,HAYIR
2026-08-19 18:08:43.583,0.78,0.91,28,0.0,0.0,0.000,-0.0,0,HAYIR,HAYIR
2026-08-19 18:08:43.643,0.80,0.91,28,0.0,0.0,0.000,-0.0,0,HAYIR,HAYIR
2026-08-19 18:08:43.703,0.78,0.91,28,0.0,0.0,0.000,-0.0,0,HAYIR,HAYIR
2026-08-19 18:08:43.763,0.78,0.94,28,0.0,0.0,0.000,-0.0,0,HAYIR,HAYIR
2026-08-19 18:08:43.823,0.80,0.94,28,0.0,0.0,0.000,-0.0,0,HAYIR,HAYIR
2026-08-19 18:08:43.883,0.78,0.94,28,0.0,0.0,-0.059,35.9,1,HAYIR,HAYIR
2026-08-19 18:08:43.943,0.78,0.94,28,0.0,0.0,-0.059,36.1,3,HAYIR,HAYIR
2026-08-19 18:08:44.003,0.79,0.94,28,0.0,0.0,-0.062,36.9,4,HAYIR,HAYIR
2026-08-19 18:08:44.063,0.79,0.94,28,0.0,0.0,-0.062,37.5,6,HAYIR,HAYIR
2026-08-19 18:08:44.123,0.78,0.97,28,0.0,0.0,-0.062,37.6,8,HAYIR,HAYIR
2026-08-19 18:08:44.183,0.80,0.97,28,0.0,0.0,-0.063,37.4,10,HAYIR,HAYIR
2026-08-19 18:08:44.243,0.79,0.97,28,0.0,0.0,-0.063,37.6,11,HAYIR,HAYIR
2026-08-19 18:08:44.303,0.78,0.97,28,0.0,0.0,-0.063,38.2,13,HAYIR,HAYIR
2026-08-19 18:08:44.363,0.78,0.97,28,0.0,0.0,-0.063,38.5,15,HAYIR,HAYIR
2026-08-19 18:08:44.423,0.80,0.96,28,0.0,0.0,-0.065,38.6,16,HAYIR,HAYIR
2026-08-19 18:08:44.483,0.79,0.96,28,0.0,0.0,-0.065,38.9,18,HAYIR,HAYIR
2026-08-19 18:08:44.543,0.78,0.96,28,0.0,0.0,-0.065,39.0,20,HAYIR,HAYIR
2026-08-19 18:08:44.603,0.80,0.96,28,0.0,0.0,-0.066,39.3,21,HAYIR,HAYIR
2026-08-19 18:08:44.663,0.79,0.96,28,0.0,0.0,-0.066,39.4,23,HAYIR,HAYIR
2026-08-19 18:08:44.723,0.79,0.96,28,0.0,0.0,-0.065,39.4,25,HAYIR,HAYIR
2026-08-19 18:08:44.783,0.78,0.95,28,0.0,0.0,-0.065,39.2,26,HAYIR,HAYIR
2026-08-19 18:08:44.843,0.78,0.95,28,0.0,0.0,-0.064,39.2,28,HAYIR,HAYIR
2026-08-19 18:08:44.903,0.79,0.95,28,0.0,0.0,-0.069,41.1,30,HAYIR,HAYIR
2026-08-19 18:08:44.963,0.79,0.95,28,0.0,0.0,-0.094,56.5,31,HAYIR,HAYIR
2026-08-19 18:08:45.023,0.78,0.95,28,0.0,0.0,-0.094,56.7,33,HAYIR,HAYIR
2026-08-19 18:08:45.083,0.78,0.95,28,0.0,0.0,-0.094,56.6,35,HAYIR,HAYIR
2026-08-19 18:08:45.143,0.79,0.94,28,0.0,0.0,-0.096,56.7,36,HAYIR,HAYIR
2026-08-19 18:08:45.203,0.79,0.94,28,0.0,0.0,-0.099,58.9,38,HAYIR,HAYIR
2026-08-19 18:08:45.263,0.78,0.94,28,0.0,0.0,-0.098,58.9,40,HAYIR,HAYIR
2026-08-19 18:08:45.323,0.78,0.94,28,0.0,0.0,-0.098,59.0,41,HAYIR,HAYIR
2026-08-19 18:08:45.383,0.79,0.94,28,0.0,0.0,-0.099,58.9,43,HAYIR,HAYIR
2026-08-19 18:08:45.443,0.79,0.89,28,0.1,0.0,-0.099,58.7,45,HAYIR,HAYIR
2026-08-19 18:08:45.503,0.78,0.89,28,0.1,0.0,-0.102,61.1,46,HAYIR,HAYIR
2026-08-19 18:08:45.564,0.78,0.89,28,0.1,0.0,-0.101,60.9,48,HAYIR,HAYIR
2026-08-19 18:08:45.623,0.80,0.89,28,0.2,0.0,-0.103,60.9,50,HAYIR,HAYIR
2026-08-19 18:08:45.683,0.79,0.89,28,0.2,0.0,-0.102,60.6,52,HAYIR,HAYIR
2026-08-19 18:08:45.743,0.79,0.86,28,0.2,0.0,-0.101,60.4,53,HAYIR,HAYIR
2026-08-19 18:08:45.803,0.78,0.86,28,0.2,0.0,-0.108,64.9,55,HAYIR,HAYIR
2026-08-19 18:08:45.863,0.80,0.86,28,0.3,0.0,-0.110,64.5,57,HAYIR,HAYIR
2026-08-19 18:08:45.923,0.79,0.86,28,0.3,0.0,-0.109,64.6,58,HAYIR,HAYIR
2026-08-19 18:08:45.983,0.79,0.86,28,0.3,0.0,-0.108,64.0,60,HAYIR,HAYIR
2026-08-19 18:08:46.043,0.79,0.86,28,0.4,0.0,-0.107,63.9,62,HAYIR,HAYIR
2026-08-19 18:08:46.103,0.80,0.82,28,0.3,0.0,-0.064,37.9,60,HAYIR,HAYIR
2026-08-19 18:08:46.163,0.79,0.82,28,0.3,0.0,-0.065,38.8,58,HAYIR,HAYIR
2026-08-19 18:08:46.223,0.79,0.82,28,0.3,0.0,-0.065,38.7,57,HAYIR,HAYIR
2026-08-19 18:08:46.283,0.79,0.82,28,0.2,0.0,-0.063,38.1,55,HAYIR,HAYIR
2026-08-19 18:08:46.343,0.78,0.82,28,0.2,0.0,-0.063,38.0,53,HAYIR,HAYIR
2026-08-19 18:08:46.403,0.78,0.82,28,0.2,0.0,-0.061,37.1,52,HAYIR,HAYIR
2026-08-19 18:08:46.463,0.79,0.79,28,0.2,0.0,-0.060,36.0,50,HAYIR,HAYIR
2026-08-19 18:08:46.523,0.79,0.79,33,0.1,0.0,-0.060,35.7,48,HAYIR,HAYIR
2026-08-19 18:08:46.583,0.79,0.79,33,0.1,0.0,-0.061,36.5,46,HAYIR,HAYIR
2026-08-19 18:08:46.643,0.79,0.79,28,0.1,0.0,-0.060,36.2,45,HAYIR,HAYIR
2026-08-19 18:08:46.703,0.78,0.79,28,0.0,0.0,-0.058,35.1,43,HAYIR,HAYIR
2026-08-19 18:08:46.763,0.79,0.79,28,0.0,0.0,-0.058,34.3,41,HAYIR,HAYIR
2026-08-19 18:08:46.823,0.79,0.75,33,0.0,0.0,-0.057,34.1,40,HAYIR,HAYIR
2026-08-19 18:08:46.883,0.79,0.75,33,0.0,0.0,-0.058,34.8,38,HAYIR,HAYIR
2026-08-19 18:08:46.943,0.79,0.75,33,0.0,0.0,-0.057,34.6,36,HAYIR,HAYIR
2026-08-19 18:08:47.003,0.78,0.75,33,0.0,0.0,-0.055,33.4,35,HAYIR,HAYIR
2026-08-19 18:08:47.063,0.80,0.75,33,0.0,0.0,-0.055,32.6,33,HAYIR,HAYIR
2026-08-19 18:08:47.123,0.78,0.72,33,0.0,0.0,-0.045,27.1,31,HAYIR,HAYIR
2026-08-19 18:08:47.183,0.78,0.72,33,0.0,0.0,-0.045,27.3,30,HAYIR,HAYIR
2026-08-19 18:08:47.243,0.80,0.72,33,0.0,0.0,-0.045,27.1,28,HAYIR,HAYIR
2026-08-19 18:08:47.303,0.79,0.72,33,0.0,0.0,-0.043,25.8,26,HAYIR,HAYIR
2026-08-19 18:08:47.363,0.79,0.72,33,0.0,0.0,-0.041,25.0,25,HAYIR,HAYIR
2026-08-19 18:08:47.423,0.78,0.71,33,0.0,0.0,-0.041,24.8,25,HAYIR,HAYIR
2026-08-19 18:08:47.483,0.78,0.71,33,0.0,0.0,-0.040,24.5,25,HAYIR,HAYIR
2026-08-19 18:08:47.543,0.78,0.71,33,0.0,0.0,-0.041,24.8,25,HAYIR,HAYIR
2026-08-19 18:08:47.603,0.79,0.71,33,0.0,0.0,-0.039,23.7,24,HAYIR,HAYIR
2026-08-19 18:08:47.663,0.79,0.71,33,0.0,0.0,-0.038,22.9,23,HAYIR,HAYIR
2026-08-19 18:08:47.723,0.79,0.71,33,0.0,0.0,-0.038,22.7,23,HAYIR,HAYIR
2026-08-19 18:08:47.783,0.78,0.72,33,0.0,0.0,-0.037,22.3,22,HAYIR,HAYIR
2026-08-19 18:08:47.843,0.78,0.72,33,0.0,0.0,-0.036,22.0,22,HAYIR,HAYIR
2026-08-19 18:08:47.903,0.79,0.72,33,0.0,0.0,-0.036,21.4,21,HAYIR,HAYIR
2026-08-19 18:08:47.963,0.79,0.72,33,0.0,0.0,-0.035,21.0,21,HAYIR,HAYIR
2026-08-19 18:08:48.023,0.79,0.72,33,0.0,0.0,-0.034,20.7,21,HAYIR,HAYIR
2026-08-19 18:08:48.083,0.78,0.72,33,0.0,0.0,-0.034,20.5,20,HAYIR,HAYIR
2026-08-19 18:08:48.143,0.78,0.75,33,0.0,0.0,-0.033,20.3,20,HAYIR,HAYIR
2026-08-19 18:08:48.203,0.79,0.75,33,0.0,0.0,0.000,-0.0,19,HAYIR,HAYIR
2026-08-19 18:08:48.263,0.79,0.75,33,0.0,0.0,0.000,-0.0,18,HAYIR,HAYIR
2026-08-19 18:08:48.323,0.79,0.75,33,0.0,0.0,0.000,-0.0,16,HAYIR,HAYIR
2026-08-19 18:08:48.383,0.78,0.75,33,0.0,0.0,0.000,-0.0,14,HAYIR,HAYIR
2026-08-19 18:08:48.443,0.78,0.79,28,0.0,0.0,0.000,-0.0,13,HAYIR,HAYIR
2026-08-19 18:08:48.503,0.79,0.79,33,0.0,0.0,0.000,-0.0,11,HAYIR,HAYIR
2026-08-19 18:08:48.563,0.79,0.79,28,0.0,0.0,0.000,-0.0,9,HAYIR,HAYIR
2026-08-19 18:08:48.623,0.78,0.79,28,0.0,0.0,0.000,-0.0,8,HAYIR,HAYIR
2026-08-19 18:08:48.683,0.78,0.79,28,0.0,0.0,0.000,-0.0,6,HAYIR,HAYIR
2026-08-19 18:08:48.743,0.80,0.79,33,0.0,0.0,0.000,-0.0,4,HAYIR,HAYIR
2026-08-19 18:08:48.803,0.79,0.83,28,0.0,0.0,0.000,-0.0,3,HAYIR,HAYIR
2026-08-19 18:08:48.863,0.78,0.83,28,0.0,0.0,0.000,-0.0,1,HAYIR,HAYIR
2026-08-19 18:08:48.923,0.78,0.83,28,0.0,0.0,0.000,-0.0,0,HAYIR,HAYIR
2026-08-19 18:08:48.983,0.79,0.83,28,0.0,0.0,0.000,-0.0,0,HAYIR,HAYIR
2026-08-19 18:08:49.043,0.79,0.83,28,0.0,0.0,0.000,-0.0,0,HAYIR,HAYIR
2026-08-19 18:08:49.103,0.78,0.88,28,0.0,0.0,0.000,-0.0,0,HAYIR,HAYIR
2026-08-19 18:08:49.163,0.79,0.88,28,0.0,0.0,0.000,-0.0,0,HAYIR,HAYIR
2026-08-19 18:08:49.223,0.79,0.88,28,0.0,0.0,0.000,-0.0,0,HAYIR,HAYIR
2026-08-19 18:08:49.283,0.78,0.88,28,0.0,0.0,0.000,-0.0,0,HAYIR,HAYIR
2026-08-19 18:08:49.343,0.78,0.88,28,0.0,0.0,0.000,-0.0,0,HAYIR,HAYIR
2026-08-19 18:08:49.403,0.78,0.92,28,0.0,0.0,0.000,-0.0,0,HAYIR,HAYIR
2026-08-19 18:08:49.463,0.79,0.92,28,0.0,0.0,0.000,-0.0,0,HAYIR,HAYIR
2026-08-19 18:08:49.523,0.79,0.92,28,0.0,0.0,0.000,-0.0,0,HAYIR,HAYIR
2026-08-19 18:08:49.583,0.78,0.92,28,0.0,0.0,0.000,-0.0,0,HAYIR,HAYIR
2026-08-19 18:08:49.643,0.78,0.92,28,0.0,0.0,0.000,-0.0,0,HAYIR,HAYIR
2026-08-19 18:08:49.703,0.79,0.92,28,0.0,0.0,0.000,-0.0,0,HAYIR,HAYIR
2026-08-19 18:08:49.763,0.79,0.92,28,0.0,0.0,0.000,-0.0,0,HAYIR,HAYIR
2026-08-19 18:08:49.823,0.78,0.93,28,0.0,0.0,0.000,-0.0,0,HAYIR,HAYIR
2026-08-19 18:08:49.883,0.80,0.93,28,0.0,0.0,0.000,-0.0,0,HAYIR,HAYIR
2026-08-19 18:08:49.943,0.79,0.93,28,0.0,0.0,0.000,-0.0,0,HAYIR,HAYIR
2026-08-19 18:08:50.003,0.78,0.93,28,0.0,0.0,0.000,-0.0,0,HAYIR,HAYIR
2026-08-19 18:08:50.063,0.78,0.93,28,0.0,0.0,0.000,-0.0,0,HAYIR,HAYIR
2026-08-19 18:08:50.123,0.80,0.91,28,0.0,0.0,0.000,-0.0,0,HAYIR,HAYIR
2026-08-19 18:08:50.183,0.79,0.91,28,0.0,0.0,0.000,-0.0,0,HAYIR,HAYIR
2026-08-19 18:08:50.243,0.79,0.91,28,0.0,0.0,0.000,-0.0,0,HAYIR,HAYIR
2026-08-19 18:08:50.303,0.78,0.91,28,0.0,0.0,0.000,-0.0,0,HAYIR,HAYIR
2026-08-19 18:08:50.363,0.79,0.91,28,0.0,0.0,0.000,-0.0,0,HAYIR,HAYIR
2026-08-19 18:08:50.423,0.79,0.88,28,0.0,0.0,0.000,-0.0,0,HAYIR,HAYIR
2026-08-19 18:08:50.483,0.78,0.88,28,0.0,0.0,0.000,-0.0,0,HAYIR,HAYIR
2026-08-19 18:08:50.543,0.78,0.88,28,0.0,0.0,0.000,-0.0,0,HAYIR,HAYIR
2026-08-19 18:08:50.603,0.79,0.88,28,0.0,0.0,0.000,-0.0,0,HAYIR,HAYIR
2026-08-19 18:08:50.663,0.78,0.88,28,0.0,0.0,0.000,-0.0,0,HAYIR,HAYIR
2026-08-19 18:08:50.723,0.78,0.88,28,0.0,0.0,0.000,-0.0,0,HAYIR,HAYIR
2026-08-19 18:08:50.783,0.78,0.84,28,0.0,0.0,0.000,-0.0,0,HAYIR,HAYIR
2026-08-19 18:08:50.843,0.79,0.84,28,0.0,0.0,0.000,-0.0,0,HAYIR,HAYIR
2026-08-19 18:08:50.903,0.79,0.84,28,0.0,0.0,0.000,-0.0,0,HAYIR,HAYIR
2026-08-19 18:08:50.963,0.78,0.84,28,0.0,0.0,0.000,-0.0,0,HAYIR,HAYIR
2026-08-19 18:08:51.023,0.78,0.84,28,0.0,0.0,0.000,-0.0,0,HAYIR,HAYIR
2026-08-19 18:08:51.083,0.80,0.81,28,0.0,0.0,0.000,-0.0,0,HAYIR,HAYIR
2026-08-19 18:08:51.143,0.79,0.81,28,0.0,0.0,0.000,-0.0,0,HAYIR,HAYIR
2026-08-19 18:08:51.203,0.79,0.81,28,0.0,0.0,0.000,-0.0,0,HAYIR,HAYIR
2026-08-19 18:08:51.263,0.78,0.81,28,0.0,0.0,0.000,-0.0,0,HAYIR,HAYIR
2026-08-19 18:08:51.323,0.78,0.81,28,0.0,0.0,0.000,-0.0,0,HAYIR,HAYIR
2026-08-19 18:08:51.383,0.78,0.81,28,0.0,0.0,0.000,-0.0,0,HAYIR,HAYIR
2026-08-19 18:08:51.443,0.79,0.81,28,0.0,0.0,0.000,-0.0,0,HAYIR,HAYIR
2026-08-19 18:08:51.503,0.80,0.77,33,0.0,0.0,0.000,-0.0,0,HAYIR,HAYIR
2026-08-19 18:08:51.563,0.79,0.77,32,0.0,0.0,0.000,-0.0,0,HAYIR,HAYIR
2026-08-19 18:08:51.623,0.79,0.77,32,0.0,0.0,0.000,-0.0,0,HAYIR,HAYIR
2026-08-19 18:08:51.683,0.79,0.77,32,0.0,0.0,0.000,-0.0,0,HAYIR,HAYIR
2026-08-19 18:08:51.743,0.78,0.77,32,0.0,0.0,0.000,-0.0,0,HAYIR,HAYIR
2026-08-19 18:08:51.803,0.78,0.74,32,0.0,0.0,0.000,-0.0,0,HAYIR,HAYIR
2026-08-19 18:08:51.863,0.80,0.74,33,0.0,0.0,-0.030,18.1,1,HAYIR,HAYIR
2026-08-19 18:08:51.923,0.79,0.74,33,0.0,0.0,-0.030,18.0,2,HAYIR,HAYIR
2026-08-19 18:08:51.983,0.79,0.74,33,0.0,0.0,0.000,-0.0,2,HAYIR,HAYIR
2026-08-19 18:08:52.043,0.79,0.74,33,0.0,0.0,0.000,-0.0,0,HAYIR,HAYIR
2026-08-19 18:08:52.103,0.78,0.70,34,0.0,0.0,0.000,-0.0,0,HAYIR,HAYIR
2026-08-19 18:08:52.163,0.78,0.70,33,0.0,0.0,-0.036,22.0,1,HAYIR,HAYIR
2026-08-19 18:08:52.223,0.78,0.70,33,0.0,0.0,-0.036,22.0,2,HAYIR,HAYIR
2026-08-19 18:08:52.283,0.80,0.70,33,0.0,0.0,-0.037,22.2,4,HAYIR,HAYIR
2026-08-19 18:08:52.343,0.79,0.70,33,0.0,0.0,-0.037,22.2,6,HAYIR,HAYIR
2026-08-19 18:08:52.403,0.79,0.70,33,0.0,0.0,-0.037,22.3,7,HAYIR,HAYIR
2026-08-19 18:08:52.463,0.78,0.69,33,0.0,0.0,-0.037,22.5,9,HAYIR,HAYIR
2026-08-19 18:08:52.523,0.78,0.69,33,0.0,0.0,-0.041,24.9,11,HAYIR,HAYIR
2026-08-19 18:08:52.583,0.78,0.69,33,0.0,0.0,-0.041,25.0,12,HAYIR,HAYIR
2026-08-19 18:08:52.643,0.79,0.69,33,0.0,0.0,-0.040,24.0,14,HAYIR,HAYIR
2026-08-19 18:08:52.703,0.79,0.69,33,0.0,0.0,-0.041,24.6,16,HAYIR,HAYIR
2026-08-19 18:08:52.763,0.78,0.70,33,0.0,0.0,-0.041,25.0,17,HAYIR,HAYIR
2026-08-19 18:08:52.823,0.78,0.70,33,0.0,0.0,-0.042,25.3,19,HAYIR,HAYIR
2026-08-19 18:08:52.883,0.80,0.70,33,0.0,0.0,-0.043,25.7,21,HAYIR,HAYIR
2026-08-19 18:08:52.943,0.79,0.70,33,0.0,0.0,-0.043,25.9,22,HAYIR,HAYIR
2026-08-19 18:08:53.003,0.79,0.70,33,0.0,0.0,-0.043,26.1,24,HAYIR,HAYIR
2026-08-19 18:08:53.063,0.78,0.71,32,0.0,0.0,-0.043,25.9,26,HAYIR,HAYIR
2026-08-19 18:08:53.123,0.78,0.71,33,0.0,0.0,-0.042,25.8,26,HAYIR,HAYIR
2026-08-19 18:08:53.183,0.78,0.71,33,0.0,0.0,-0.035,21.5,25,HAYIR,HAYIR
2026-08-19 18:08:53.243,0.80,0.71,33,0.0,0.0,-0.036,21.5,23,HAYIR,HAYIR
2026-08-19 18:08:53.303,0.79,0.71,33,0.0,0.0,-0.035,20.8,21,HAYIR,HAYIR
2026-08-19 18:08:53.363,0.78,0.71,33,0.0,0.0,-0.033,19.8,20,HAYIR,HAYIR
2026-08-19 18:08:53.423,0.78,0.71,33,0.0,0.0,-0.032,19.4,19,HAYIR,HAYIR
2026-08-19 18:08:53.483,0.78,0.74,33,0.0,0.0,0.000,-0.0,18,HAYIR,HAYIR
2026-08-19 18:08:53.543,0.79,0.74,33,0.0,0.0,0.000,-0.0,17,HAYIR,HAYIR
2026-08-19 18:08:53.603,0.79,0.74,33,0.0,0.0,0.000,-0.0,15,HAYIR,HAYIR
2026-08-19 18:08:53.663,0.78,0.74,33,0.0,0.0,0.000,-0.0,13,HAYIR,HAYIR
2026-08-19 18:08:53.723,0.80,0.74,33,0.0,0.0,0.038,-22.5,12,HAYIR,HAYIR
2026-08-19 18:08:53.783,0.79,0.76,33,0.0,0.0,0.058,-34.6,10,HAYIR,HAYIR
2026-08-19 18:08:53.843,0.79,0.76,33,0.0,0.0,0.059,-35.3,8,HAYIR,HAYIR
2026-08-19 18:08:53.903,0.78,0.76,33,0.0,0.0,0.062,-37.6,7,HAYIR,HAYIR
2026-08-19 18:08:53.963,0.79,0.76,33,0.0,0.0,0.067,-39.6,5,HAYIR,HAYIR
2026-08-19 18:08:54.023,0.79,0.76,33,0.0,0.0,0.067,-40.3,3,HAYIR,HAYIR
2026-08-19 18:08:54.083,0.79,0.81,28,0.0,0.0,0.070,-42.0,1,HAYIR,HAYIR
2026-08-19 18:08:54.143,0.78,0.81,28,0.0,0.0,0.071,-42.6,0,HAYIR,HAYIR
2026-08-19 18:08:54.203,0.80,0.81,28,0.0,0.0,0.074,-44.1,-2,HAYIR,HAYIR
2026-08-19 18:08:54.263,0.79,0.81,28,0.0,0.0,0.077,-45.8,-4,HAYIR,HAYIR
2026-08-19 18:08:54.323,0.79,0.81,28,0.0,0.0,0.077,-46.3,-5,HAYIR,HAYIR
2026-08-19 18:08:54.383,0.78,0.81,28,0.0,0.0,0.079,-47.6,-7,HAYIR,HAYIR
2026-08-19 18:08:54.443,0.78,0.87,28,0.0,0.0,0.079,-48.1,-9,HAYIR,HAYIR
2026-08-19 18:08:54.503,0.79,0.87,28,0.0,0.0,0.080,-47.7,-10,HAYIR,HAYIR
2026-08-19 18:08:54.563,0.78,0.87,28,0.0,0.0,0.081,-48.8,-12,HAYIR,HAYIR
2026-08-19 18:08:54.623,0.78,0.87,28,0.0,0.0,0.081,-49.1,-14,HAYIR,HAYIR
2026-08-19 18:08:54.683,0.80,0.87,28,0.0,0.0,0.085,-50.2,-15,HAYIR,HAYIR
2026-08-19 18:08:54.743,0.79,0.91,28,0.0,0.0,0.085,-50.4,-17,HAYIR,HAYIR
2026-08-19 18:08:54.803,0.78,0.91,28,0.0,0.0,0.081,-48.8,-19,HAYIR,HAYIR
2026-08-19 18:08:54.863,0.79,0.91,28,0.0,0.0,0.116,-69.0,-20,HAYIR,HAYIR
2026-08-19 18:08:54.923,0.78,0.91,28,0.0,0.0,0.116,-69.4,-22,HAYIR,HAYIR
2026-08-19 18:08:54.983,0.78,0.91,28,0.0,0.0,0.116,-70.0,-24,HAYIR,HAYIR
2026-08-19 18:08:55.043,0.80,0.91,28,0.0,0.0,0.119,-70.2,-25,HAYIR,HAYIR
2026-08-19 18:08:55.103,0.79,0.92,28,0.0,0.0,0.118,-70.3,-27,HAYIR,HAYIR
2026-08-19 18:08:55.163,0.78,0.92,28,0.0,0.0,0.113,-67.9,-29,HAYIR,HAYIR
2026-08-19 18:08:55.223,0.78,0.92,28,0.0,0.0,0.113,-67.9,-30,HAYIR,HAYIR
2026-08-19 18:08:55.283,0.79,0.92,28,0.0,0.0,0.115,-68.1,-32,HAYIR,HAYIR
2026-08-19 18:08:55.343,0.79,0.92,28,0.0,0.0,0.115,-68.1,-34,HAYIR,HAYIR
2026-08-19 18:08:55.403,0.78,0.92,28,0.0,0.0,0.113,-68.1,-35,HAYIR,HAYIR
2026-08-19 18:08:55.463,0.79,0.92,28,0.0,0.0,0.115,-67.7,-37,HAYIR,HAYIR
2026-08-19 18:08:55.523,0.79,0.92,28,0.0,0.0,0.114,-67.5,-39,HAYIR,HAYIR
2026-08-19 18:08:55.583,0.79,0.92,28,0.0,0.0,0.113,-67.3,-41,HAYIR,HAYIR
2026-08-19 18:08:55.643,0.78,0.92,28,0.0,0.0,0.113,-67.3,-42,HAYIR,HAYIR
2026-08-19 18:08:55.703,0.80,0.92,28,0.1,0.0,0.114,-66.8,-44,HAYIR,HAYIR
2026-08-19 18:08:55.763,0.79,0.90,28,0.1,0.0,0.112,-66.3,-46,HAYIR,HAYIR
2026-08-19 18:08:55.823,0.79,0.90,28,0.1,0.0,0.111,-66.1,-47,HAYIR,HAYIR
2026-08-19 18:08:55.883,0.78,0.90,28,0.2,0.0,0.113,-67.5,-49,HAYIR,HAYIR
2026-08-19 18:08:55.943,0.78,0.90,28,0.2,0.0,0.112,-67.4,-51,HAYIR,HAYIR
2026-08-19 18:08:56.003,0.80,0.90,28,0.2,0.0,0.096,-56.5,-52,HAYIR,HAYIR
2026-08-19 18:08:56.063,0.79,0.87,28,0.2,0.0,0.094,-55.9,-54,HAYIR,HAYIR
2026-08-19 18:08:56.123,0.79,0.87,28,0.3,0.0,0.094,-55.8,-56,HAYIR,HAYIR
2026-08-19 18:08:56.183,0.78,0.87,28,0.3,0.0,0.096,-57.3,-57,HAYIR,HAYIR
2026-08-19 18:08:56.243,0.78,0.87,28,0.3,0.0,0.095,-57.3,-57,HAYIR,HAYIR
2026-08-19 18:08:56.303,0.80,0.87,28,0.3,0.0,0.096,-56.6,-57,HAYIR,HAYIR
2026-08-19 18:08:56.363,0.79,0.87,28,0.3,0.0,0.094,-55.9,-56,HAYIR,HAYIR
2026-08-19 18:08:56.423,0.79,0.85,28,0.3,0.0,0.093,-55.7,-56,HAYIR,HAYIR
2026-08-19 18:08:56.483,0.79,0.85,28,0.3,0.0,0.096,-57.3,-57,HAYIR,HAYIR
2026-08-19 18:08:56.543,0.78,0.85,28,0.3,0.0,0.095,-57.3,-57,HAYIR,HAYIR
2026-08-19 18:08:56.603,0.80,0.85,28,0.3,0.0,0.096,-56.6,-57,HAYIR,HAYIR
2026-08-19 18:08:56.663,0.79,0.85,28,0.3,0.0,0.094,-55.9,-56,HAYIR,HAYIR
2026-08-19 18:08:56.723,0.79,0.85,28,0.3,0.0,0.093,-55.6,-56,HAYIR,HAYIR
2026-08-19 18:08:56.783,0.79,0.81,28,0.2,0.0,0.091,-54.6,-55,HAYIR,HAYIR
2026-08-19 18:08:56.843,0.78,0.81,28,0.2,0.0,0.090,-54.4,-54,HAYIR,HAYIR
2026-08-19 18:08:56.903,0.78,0.81,28,0.3,0.0,0.092,-55.5,-56,HAYIR,HAYIR
2026-08-19 18:08:56.963,0.80,0.81,28,0.2,0.0,0.092,-54.7,-55,HAYIR,HAYIR
2026-08-19 18:08:57.023,0.79,0.81,28,0.2,0.0,0.092,-54.6,-55,HAYIR,HAYIR
2026-08-19 18:08:57.083,0.79,0.81,28,0.2,0.0,0.093,-55.5,-55,HAYIR,HAYIR
2026-08-19 18:08:57.143,0.78,0.76,33,0.2,0.0,0.092,-55.3,-55,HAYIR,HAYIR
2026-08-19 18:08:57.203,0.79,0.76,33,0.3,0.0,0.097,-57.7,-57,HAYIR,HAYIR
2026-08-19 18:08:57.263,0.79,0.76,32,0.3,0.0,0.096,-57.0,-57,HAYIR,HAYIR
2026-08-19 18:08:57.323,0.79,0.76,33,0.3,0.0,0.095,-56.8,-57,HAYIR,HAYIR
2026-08-19 18:08:57.383,0.79,0.76,33,0.3,0.0,0.094,-56.1,-56,HAYIR,HAYIR
2026-08-19 18:08:57.443,0.78,0.71,33,0.3,0.0,0.093,-55.9,-56,HAYIR,HAYIR
2026-08-19 18:08:57.503,0.79,0.71,33,0.3,0.0,0.098,-58.3,-56,HAYIR,HAYIR
2026-08-19 18:08:57.563,0.79,0.71,33,0.3,0.0,0.097,-58.0,-58,HAYIR,HAYIR
2026-08-19 18:08:57.623,0.79,0.71,33,0.3,0.0,0.097,-57.9,-58,HAYIR,HAYIR
2026-08-19 18:08:57.683,0.79,0.71,33,0.3,0.0,0.096,-57.5,-58,HAYIR,HAYIR
2026-08-19 18:08:57.743,0.80,0.67,35,0.3,0.0,0.097,-57.2,-57,HAYIR,HAYIR
2026-08-19 18:08:57.803,0.79,0.67,33,0.3,0.0,0.101,-59.6,-57,HAYIR,HAYIR
2026-08-19 18:08:57.863,0.79,0.67,33,0.3,0.0,0.100,-59.2,-59,HAYIR,HAYIR
2026-08-19 18:08:57.923,0.79,0.67,33,0.3,0.0,0.099,-59.0,-59,HAYIR,HAYIR
2026-08-19 18:08:57.983,0.79,0.67,33,0.3,0.0,0.098,-58.4,-58,HAYIR,HAYIR
2026-08-19 18:08:58.043,0.78,0.67,33,0.3,0.0,0.097,-58.1,-58,HAYIR,HAYIR
2026-08-19 18:08:58.103,0.79,0.64,33,0.3,0.0,0.095,-56.9,-57,HAYIR,HAYIR
2026-08-19 18:08:58.163,0.80,0.64,33,0.3,0.0,0.099,-58.2,-57,HAYIR,HAYIR
2026-08-19 18:08:58.223,0.79,0.64,33,0.3,0.0,0.098,-57.9,-58,HAYIR,HAYIR
2026-08-19 18:08:58.283,0.79,0.64,33,0.3,0.0,0.096,-57.0,-57,HAYIR,HAYIR
2026-08-19 18:08:58.343,0.79,0.64,33,0.3,0.0,0.095,-56.6,-57,HAYIR,HAYIR
2026-08-19 18:08:58.403,0.78,0.64,33,0.2,0.0,0.092,-55.2,-55,HAYIR,HAYIR
2026-08-19 18:08:58.463,0.80,0.65,33,0.2,0.0,0.092,-54.2,-55,HAYIR,HAYIR
2026-08-19 18:08:58.523,0.79,0.65,33,0.2,0.0,0.091,-54.1,-54,HAYIR,HAYIR
2026-08-19 18:08:58.583,0.79,0.65,33,0.2,0.0,0.089,-53.1,-53,HAYIR,HAYIR
2026-08-19 18:08:58.643,0.79,0.65,33,0.2,0.0,0.088,-52.5,-53,HAYIR,HAYIR
2026-08-19 18:08:58.703,0.80,0.65,33,0.2,0.0,0.086,-50.9,-51,HAYIR,HAYIR
2026-08-19 18:08:58.763,0.79,0.68,32,0.2,0.0,0.084,-49.7,-50,HAYIR,HAYIR
2026-08-19 18:08:58.823,0.79,0.68,33,0.2,0.0,0.082,-49.1,-49,HAYIR,HAYIR
2026-08-19 18:08:58.883,0.79,0.68,33,0.1,0.0,0.077,-46.1,-48,HAYIR,HAYIR
2026-08-19 18:08:58.943,0.78,0.68,33,0.1,0.0,0.076,-45.5,-46,HAYIR,HAYIR
2026-08-19 18:08:59.003,0.79,0.68,33,0.1,0.0,0.073,-43.5,-45,HAYIR,HAYIR
2026-08-19 18:08:59.063,0.79,0.68,33,0.0,0.0,0.070,-42.1,-43,HAYIR,HAYIR
2026-08-19 18:08:59.123,0.78,0.73,33,0.0,0.0,0.069,-41.6,-42,HAYIR,HAYIR
2026-08-19 18:08:59.183,0.79,0.73,33,0.0,0.0,0.062,-37.3,-40,HAYIR,HAYIR
2026-08-19 18:08:59.243,0.80,0.73,33,0.0,0.0,0.000,-0.0,-39,HAYIR,HAYIR
2026-08-19 18:08:59.303,0.79,0.73,33,0.0,0.0,0.000,-0.0,-37,HAYIR,HAYIR
2026-08-19 18:08:59.363,0.80,0.73,33,0.0,0.0,0.000,-0.0,-35,HAYIR,HAYIR
2026-08-19 18:08:59.423,0.79,0.77,33,0.0,0.0,0.000,-0.0,-34,HAYIR,HAYIR
2026-08-19 18:08:59.483,0.79,0.77,33,0.0,0.0,0.000,-0.0,-32,HAYIR,HAYIR
2026-08-19 18:08:59.543,0.79,0.77,33,0.0,0.0,0.000,-0.0,-30,HAYIR,HAYIR
2026-08-19 18:08:59.603,0.79,0.77,33,0.0,0.0,0.000,-0.0,-29,HAYIR,HAYIR
2026-08-19 18:08:59.663,0.80,0.77,33,0.0,0.0,0.000,-0.0,-27,HAYIR,HAYIR
2026-08-19 18:08:59.723,0.80,0.80,28,0.0,0.0,0.000,-0.0,-25,HAYIR,HAYIR
2026-08-19 18:08:59.783,0.79,0.80,28,0.0,0.0,0.000,-0.0,-24,HAYIR,HAYIR
2026-08-19 18:08:59.843,0.78,0.80,28,0.0,0.0,0.000,-0.0,-22,HAYIR,HAYIR
2026-08-19 18:08:59.903,0.79,0.80,28,0.0,0.0,0.000,-0.0,-20,HAYIR,HAYIR
2026-08-19 18:08:59.963,0.78,0.80,28,0.0,0.0,0.000,-0.0,-19,HAYIR,HAYIR
2026-08-19 18:09:00.023,0.80,0.80,28,0.0,0.0,0.000,-0.0,-17,HAYIR,HAYIR
2026-08-19 18:09:00.083,0.79,0.80,28,0.0,0.0,0.000,-0.0,-15,HAYIR,HAYIR
2026-08-19 18:09:00.143,0.79,0.83,28,0.0,0.0,0.000,-0.0,-14,HAYIR,HAYIR
2026-08-19 18:09:00.203,0.79,0.83,28,0.0,0.0,0.000,-0.0,-12,HAYIR,HAYIR
2026-08-19 18:09:00.263,0.78,0.83,28,0.0,0.0,0.000,-0.0,-10,HAYIR,HAYIR
2026-08-19 18:09:00.323,0.80,0.83,28,0.0,0.0,0.000,-0.0,-9,HAYIR,HAYIR
2026-08-19 18:09:00.383,0.79,0.83,28,0.0,0.0,0.000,-0.0,-7,HAYIR,HAYIR
2026-08-19 18:09:00.443,0.79,0.86,28,0.0,0.0,0.000,-0.0,-5,HAYIR,HAYIR
2026-08-19 18:09:00.503,0.79,0.86,28,0.0,0.0,0.000,-0.0,-4,HAYIR,HAYIR
2026-08-19 18:09:00.563,0.78,0.86,28,0.0,0.0,0.000,-0.0,-2,HAYIR,HAYIR
2026-08-19 18:09:00.623,0.80,0.86,28,0.0,0.0,0.000,-0.0,0,HAYIR,HAYIR
2026-08-19 18:09:00.683,0.79,0.86,28,0.0,0.0,0.000,-0.0,0,HAYIR,HAYIR
2026-08-19 18:09:00.743,0.78,0.88,28,0.0,0.0,0.000,-0.0,0,HAYIR,HAYIR
2026-08-19 18:09:00.803,0.79,0.88,28,0.0,0.0,0.000,-0.0,0,HAYIR,HAYIR
2026-08-19 18:09:00.863,0.80,0.88,28,0.0,0.0,0.000,-0.0,0,HAYIR,HAYIR
2026-08-19 18:09:00.923,0.79,0.88,28,0.0,0.0,0.000,-0.0,0,HAYIR,HAYIR
2026-08-19 18:09:00.983,0.79,0.88,28,0.0,0.0,0.000,-0.0,0,HAYIR,HAYIR
2026-08-19 18:09:01.043,0.78,0.88,28,0.0,0.0,0.000,-0.0,0,HAYIR,HAYIR
2026-08-19 18:09:01.103,0.79,0.89,28,0.0,0.0,0.000,-0.0,0,HAYIR,HAYIR
2026-08-19 18:09:01.163,0.80,0.89,28,0.0,0.0,0.000,-0.0,0,HAYIR,HAYIR
2026-08-19 18:09:01.223,0.79,0.89,28,0.0,0.0,0.000,-0.0,0,HAYIR,HAYIR
2026-08-19 18:09:01.283,0.79,0.89,28,0.0,0.0,0.000,-0.0,0,HAYIR,HAYIR
2026-08-19 18:09:01.343,0.78,0.89,28,0.0,0.0,0.000,-0.0,0,HAYIR,HAYIR
2026-08-19 18:09:01.403,0.79,0.87,28,0.0,0.0,0.000,-0.0,0,HAYIR,HAYIR
2026-08-19 18:09:01.463,0.79,0.87,28,0.0,0.0,0.000,-0.0,0,HAYIR,HAYIR
2026-08-19 18:09:01.523,0.79,0.87,28,0.0,0.0,0.000,-0.0,0,HAYIR,HAYIR
2026-08-19 18:09:01.583,0.80,0.87,28,0.0,0.0,0.000,-0.0,0,HAYIR,HAYIR
2026-08-19 18:09:01.643,0.79,0.87,28,0.0,0.0,0.000,-0.0,0,HAYIR,HAYIR
2026-08-19 18:09:01.703,0.79,0.87,28,0.0,0.0,0.000,-0.0,0,HAYIR,HAYIR
2026-08-19 18:09:01.763,0.80,0.87,28,0.0,0.0,0.000,-0.0,0,HAYIR,HAYIR
2026-08-19 18:09:01.823,0.79,0.83,28,0.0,0.0,0.000,-0.0,0,HAYIR,HAYIR
2026-08-19 18:09:01.883,0.79,0.83,28,0.0,0.0,0.000,-0.0,0,HAYIR,HAYIR
2026-08-19 18:09:01.943,0.78,0.83,28,0.0,0.0,0.000,-0.0,0,HAYIR,HAYIR
2026-08-19 18:09:02.003,0.79,0.83,28,0.0,0.0,0.000,-0.0,0,HAYIR,HAYIR
2026-08-19 18:09:02.063,0.79,0.83,28,0.0,0.0,0.000,-0.0,0,HAYIR,HAYIR
2026-08-19 18:09:02.123,0.79,0.78,32,0.0,0.0,0.000,-0.0,0,HAYIR,HAYIR
2026-08-19 18:09:02.183,0.80,0.78,33,0.0,0.0,0.000,-0.0,0,HAYIR,HAYIR
2026-08-19 18:09:02.243,0.79,0.78,32,0.0,0.0,0.000,-0.0,0,HAYIR,HAYIR
2026-08-19 18:09:02.303,0.79,0.78,32,0.0,0.0,0.000,-0.0,0,HAYIR,HAYIR
2026-08-19 18:09:02.363,0.80,0.78,33,0.0,0.0,0.000,-0.0,0,HAYIR,HAYIR
2026-08-19 18:09:02.423,0.79,0.73,34,0.0,0.0,0.000,-0.0,0,HAYIR,HAYIR
2026-08-19 18:09:02.483,0.79,0.73,33,0.0,0.0,0.000,-0.0,0,HAYIR,HAYIR
2026-08-19 18:09:02.543,0.79,0.73,33,0.0,0.0,0.031,-18.4,-2,HAYIR,HAYIR
2026-08-19 18:09:02.603,0.79,0.73,32,0.0,0.0,0.031,-18.7,-3,HAYIR,HAYIR
2026-08-19 18:09:02.663,0.79,0.73,32,0.0,0.0,0.032,-19.1,-5,HAYIR,HAYIR
2026-08-19 18:09:02.723,0.79,0.73,33,0.0,0.0,0.032,-19.2,-7,HAYIR,HAYIR
2026-08-19 18:09:02.783,0.80,0.69,33,0.0,0.0,0.033,-19.5,-8,HAYIR,HAYIR
2026-08-19 18:09:02.843,0.80,0.69,33,0.0,0.0,0.034,-20.5,-10,HAYIR,HAYIR
2026-08-19 18:09:02.903,0.79,0.69,33,0.0,0.0,0.035,-20.8,-12,HAYIR,HAYIR
2026-08-19 18:09:02.963,0.79,0.69,33,0.0,0.0,0.035,-21.2,-13,HAYIR,HAYIR
2026-08-19 18:09:03.023,0.78,0.69,33,0.0,0.0,0.035,-21.2,-15,HAYIR,HAYIR
2026-08-19 18:09:03.083,0.79,0.68,33,0.0,0.0,0.036,-21.2,-17,HAYIR,HAYIR
2026-08-19 18:09:03.143,0.79,0.68,33,0.0,0.0,0.036,-21.3,-18,HAYIR,HAYIR
2026-08-19 18:09:03.203,0.79,0.68,33,0.0,0.0,0.037,-22.4,-20,HAYIR,HAYIR
2026-08-19 18:09:03.263,0.78,0.68,33,0.0,0.0,0.037,-22.7,-22,HAYIR,HAYIR
2026-08-19 18:09:03.323,0.80,0.68,33,0.0,0.0,0.038,-22.8,-23,HAYIR,HAYIR
2026-08-19 18:09:03.383,0.79,0.68,33,0.0,0.0,0.038,-22.6,-23,HAYIR,HAYIR
2026-08-19 18:09:03.443,0.79,0.69,32,0.0,0.0,0.037,-22.5,-22,HAYIR,HAYIR
2026-08-19 18:09:03.503,0.78,0.69,33,0.0,0.0,0.036,-22.1,-22,HAYIR,HAYIR
2026-08-19 18:09:03.563,0.79,0.69,33,0.0,0.0,0.037,-21.9,-22,HAYIR,HAYIR
2026-08-19 18:09:03.623,0.79,0.69,33,0.0,0.0,0.039,-23.4,-23,HAYIR,HAYIR
2026-08-19 18:09:03.683,0.79,0.69,33,0.0,0.0,0.039,-23.1,-23,HAYIR,HAYIR
2026-08-19 18:09:03.743,0.79,0.69,33,0.0,0.0,0.038,-23.0,-23,HAYIR,HAYIR
2026-08-19 18:09:03.803,0.79,0.72,33,0.0,0.0,0.037,-22.1,-22,HAYIR,HAYIR
2026-08-19 18:09:03.863,0.80,0.72,33,0.0,0.0,0.037,-21.9,-22,HAYIR,HAYIR
2026-08-19 18:09:03.923,0.79,0.72,33,0.0,0.0,0.037,-21.9,-22,HAYIR,HAYIR
2026-08-19 18:09:03.983,0.79,0.72,33,0.0,0.0,0.036,-21.4,-21,HAYIR,HAYIR
2026-08-19 18:09:04.043,0.79,0.72,33,0.0,0.0,0.035,-21.4,-21,HAYIR,HAYIR
2026-08-19 18:09:04.103,0.79,0.76,33,0.0,0.0,0.035,-20.9,-21,HAYIR,HAYIR
2026-08-19 18:09:04.163,0.79,0.76,32,0.0,0.0,0.038,-22.7,-21,HAYIR,HAYIR
2026-08-19 18:09:04.223,0.78,0.76,33,0.0,0.0,0.037,-22.4,-22,HAYIR,HAYIR
2026-08-19 18:09:04.283,0.79,0.76,33,0.0,0.0,0.037,-22.2,-22,HAYIR,HAYIR
2026-08-19 18:09:04.343,0.79,0.76,33,0.0,0.0,0.037,-22.2,-22,HAYIR,HAYIR
2026-08-19 18:09:04.403,0.80,0.81,28,0.0,0.0,0.037,-22.0,-22,HAYIR,HAYIR
2026-08-19 18:09:04.463,0.79,0.81,28,0.0,0.0,0.040,-23.9,-23,HAYIR,HAYIR
2026-08-19 18:09:04.523,0.79,0.81,28,0.0,0.0,0.039,-23.7,-24,HAYIR,HAYIR
2026-08-19 18:09:04.583,0.80,0.81,28,0.0,0.0,0.039,-23.5,-24,HAYIR,HAYIR
2026-08-19 18:09:04.643,0.79,0.81,28,0.0,0.0,0.039,-23.5,-24,HAYIR,HAYIR
2026-08-19 18:09:04.703,0.78,0.81,28,0.0,0.0,0.033,-20.1,-23,HAYIR,HAYIR
2026-08-19 18:09:04.763,0.79,0.85,28,0.0,0.0,0.033,-20.1,-21,HAYIR,HAYIR
2026-08-19 18:09:04.823,0.79,0.85,28,0.0,0.0,0.037,-22.2,-22,HAYIR,HAYIR
2026-08-19 18:09:04.883,0.80,0.85,28,0.0,0.0,0.037,-22.0,-22,HAYIR,HAYIR
2026-08-19 18:09:04.943,0.79,0.85,28,0.0,0.0,0.037,-22.0,-22,HAYIR,HAYIR
2026-08-19 18:09:05.003,0.78,0.85,28,0.0,0.0,0.036,-22.0,-22,HAYIR,HAYIR
2026-08-19 18:09:05.063,0.79,0.85,28,0.0,0.0,0.036,-21.9,-22,HAYIR,HAYIR
2026-08-19 18:09:05.123,0.79,0.88,28,0.0,0.0,0.036,-21.9,-22,HAYIR,HAYIR
2026-08-19 18:09:05.183,0.80,0.88,28,0.0,0.0,0.038,-22.7,-23,HAYIR,HAYIR
2026-08-19 18:09:05.243,0.79,0.88,28,0.0,0.0,0.038,-22.5,-23,HAYIR,HAYIR
2026-08-19 18:09:05.303,0.78,0.88,28,0.0,0.0,0.037,-22.3,-22,HAYIR,HAYIR
2026-08-19 18:09:05.363,0.79,0.88,28,0.0,0.0,0.037,-22.5,-22,HAYIR,HAYIR
2026-08-19 18:09:05.423,0.79,0.88,28,0.0,0.0,0.037,-22.5,-22,HAYIR,HAYIR
2026-08-19 18:09:05.483,0.80,0.91,28,0.0,0.0,0.038,-22.6,-23,HAYIR,HAYIR
2026-08-19 18:09:05.543,0.79,0.91,28,0.0,0.0,0.038,-22.8,-23,HAYIR,HAYIR
2026-08-19 18:09:05.603,0.78,0.91,28,0.0,0.0,0.037,-22.7,-23,HAYIR,HAYIR
2026-08-19 18:09:05.663,0.79,0.91,28,0.0,0.0,0.038,-22.5,-23,HAYIR,HAYIR
2026-08-19 18:09:05.723,0.79,0.91,28,0.0,0.0,0.037,-22.5,-22,HAYIR,HAYIR
2026-08-19 18:09:05.783,0.78,0.91,28,0.0,0.0,0.037,-22.3,-22,HAYIR,HAYIR
2026-08-19 18:09:05.843,0.79,0.91,28,0.0,0.0,0.037,-22.3,-22,HAYIR,HAYIR
2026-08-19 18:09:05.903,0.79,0.91,28,0.0,0.0,0.039,-23.5,-24,HAYIR,HAYIR
2026-08-19 18:09:05.963,0.80,0.91,28,0.0,0.0,0.039,-23.4,-23,HAYIR,HAYIR
2026-08-19 18:09:06.023,0.79,0.91,28,0.0,0.0,0.039,-23.3,-23,HAYIR,HAYIR
2026-08-19 18:09:06.083,0.79,0.91,28,0.0,0.0,0.038,-23.2,-23,HAYIR,HAYIR
2026-08-19 18:09:06.143,0.78,0.91,28,0.0,0.0,0.038,-23.1,-23,HAYIR,HAYIR
2026-08-19 18:09:06.203,0.79,0.91,28,0.0,0.0,0.038,-22.9,-23,HAYIR,HAYIR
2026-08-19 18:09:06.263,0.78,0.91,28,0.0,0.0,0.038,-22.8,-23,HAYIR,HAYIR
2026-08-19 18:09:06.323,0.80,0.91,28,0.0,0.0,0.038,-22.7,-23,HAYIR,HAYIR
2026-08-19 18:09:06.383,0.79,0.91,28,0.0,0.0,0.038,-22.6,-23,HAYIR,HAYIR
2026-08-19 18:09:06.443,0.79,0.89,28,0.0,0.0,0.037,-22.5,-22,HAYIR,HAYIR
2026-08-19 18:09:06.503,0.79,0.89,28,0.0,0.0,0.037,-22.2,-22,HAYIR,HAYIR
2026-08-19 18:09:06.563,0.79,0.89,28,0.0,0.0,0.036,-21.9,-22,HAYIR,HAYIR
2026-08-19 18:09:06.623,0.78,0.89,28,0.0,0.0,0.036,-21.9,-22,HAYIR,HAYIR
2026-08-19 18:09:06.683,0.79,0.89,28,0.0,0.0,0.037,-21.9,-22,HAYIR,HAYIR
2026-08-19 18:09:06.743,0.79,0.89,28,0.0,0.0,0.036,-21.8,-22,HAYIR,HAYIR
2026-08-19 18:09:06.803,0.80,0.85,28,0.0,0.0,0.036,-21.6,-22,HAYIR,HAYIR
2026-08-19 18:09:06.863,0.79,0.85,28,0.0,0.0,0.036,-21.5,-22,HAYIR,HAYIR
2026-08-19 18:09:06.923,0.79,0.85,28,0.0,0.0,0.036,-21.5,-21,HAYIR,HAYIR
2026-08-19 18:09:06.983,0.78,0.85,28,0.0,0.0,0.051,-30.8,-23,HAYIR,HAYIR
2026-08-19 18:09:07.043,0.80,0.85,28,0.0,0.0,0.051,-30.7,-24,HAYIR,HAYIR
2026-08-19 18:09:07.103,0.79,0.81,28,0.0,0.0,0.050,-30.3,-26,HAYIR,HAYIR
2026-08-19 18:09:07.163,0.79,0.81,28,0.0,0.0,0.053,-31.8,-28,HAYIR,HAYIR
2026-08-19 18:09:07.223,0.80,0.81,28,0.0,0.0,0.053,-31.8,-29,HAYIR,HAYIR
2026-08-19 18:09:07.283,0.79,0.81,28,0.0,0.0,0.053,-31.6,-31,HAYIR,HAYIR
2026-08-19 18:09:07.343,0.79,0.81,28,0.0,0.0,0.052,-31.5,-31,HAYIR,HAYIR
2026-08-19 18:09:07.403,0.80,0.81,28,0.0,0.0,0.052,-31.2,-31,HAYIR,HAYIR
2026-08-19 18:09:07.463,0.79,0.78,32,0.0,0.0,0.052,-31.1,-31,HAYIR,HAYIR
2026-08-19 18:09:07.523,0.79,0.78,32,0.0,0.0,0.055,-32.8,-32,HAYIR,HAYIR
2026-08-19 18:09:07.583,0.79,0.78,32,0.0,0.0,0.054,-32.8,-33,HAYIR,HAYIR
2026-08-19 18:09:07.643,0.78,0.78,32,0.0,0.0,0.054,-32.7,-33,HAYIR,HAYIR
2026-08-19 18:09:07.703,0.79,0.78,32,0.0,0.0,0.054,-32.4,-32,HAYIR,HAYIR
2026-08-19 18:09:07.763,0.79,0.76,32,0.0,0.0,0.053,-32.0,-32,HAYIR,HAYIR
2026-08-19 18:09:07.823,0.79,0.76,32,0.0,0.0,0.055,-33.2,-33,HAYIR,HAYIR
2026-08-19 18:09:07.883,0.80,0.76,32,0.0,0.0,0.055,-32.9,-33,HAYIR,HAYIR
2026-08-19 18:09:07.943,0.79,0.76,32,0.0,0.0,0.055,-32.7,-33,HAYIR,HAYIR
2026-08-19 18:09:08.003,0.79,0.76,32,0.0,0.0,0.054,-32.2,-32,HAYIR,HAYIR
2026-08-19 18:09:08.063,0.79,0.73,34,0.0,0.0,0.054,-32.7,-33,HAYIR,HAYIR
2026-08-19 18:09:08.123,0.80,0.73,33,0.0,0.0,0.055,-32.6,-33,HAYIR,HAYIR
2026-08-19 18:09:08.183,0.79,0.73,32,0.0,0.0,0.055,-32.9,-33,HAYIR,HAYIR
2026-08-19 18:09:08.243,0.79,0.73,32,0.0,0.0,0.055,-32.7,-33,HAYIR,HAYIR
2026-08-19 18:09:08.303,0.79,0.73,32,0.0,0.0,0.053,-32.0,-32,HAYIR,HAYIR
2026-08-19 18:09:08.363,0.80,0.73,33,0.0,0.0,0.053,-31.5,-31,HAYIR,HAYIR
2026-08-19 18:09:08.423,0.80,0.73,32,0.0,0.0,0.053,-31.3,-31,HAYIR,HAYIR
2026-08-19 18:09:08.483,0.79,0.71,33,0.0,0.0,0.051,-30.8,-31,HAYIR,HAYIR
2026-08-19 18:09:08.543,0.79,0.71,33,0.0,0.0,0.052,-31.4,-31,HAYIR,HAYIR
2026-08-19 18:09:08.603,0.78,0.71,32,0.0,0.0,0.051,-30.8,-31,HAYIR,HAYIR
2026-08-19 18:09:08.663,0.79,0.71,33,0.0,0.0,0.051,-30.2,-30,HAYIR,HAYIR
2026-08-19 18:09:08.723,0.79,0.71,33,0.0,0.0,0.050,-30.0,-30,HAYIR,HAYIR
2026-08-19 18:09:08.783,0.79,0.71,33,0.0,0.0,0.049,-29.4,-29,HAYIR,HAYIR
2026-08-19 18:09:08.843,0.79,0.71,33,0.0,0.0,0.048,-29.1,-29,HAYIR,HAYIR
2026-08-19 18:09:08.903,0.80,0.71,33,0.0,0.0,0.048,-28.6,-29,HAYIR,HAYIR
2026-08-19 18:09:08.963,0.79,0.71,32,0.0,0.0,0.047,-28.0,-28,HAYIR,HAYIR
2026-08-19 18:09:09.023,0.79,0.71,33,0.0,0.0,0.046,-27.8,-28,HAYIR,HAYIR
2026-08-19 18:09:09.083,0.79,0.72,32,0.0,0.0,0.045,-27.0,-27,HAYIR,HAYIR
2026-08-19 18:09:09.143,0.79,0.72,33,0.0,0.0,0.039,-23.3,-25,HAYIR,HAYIR
2026-08-19 18:09:09.203,0.79,0.72,33,0.0,0.0,0.036,-21.6,-24,HAYIR,HAYIR
2026-08-19 18:09:09.263,0.80,0.72,33,0.0,0.0,0.035,-20.7,-22,HAYIR,HAYIR
2026-08-19 18:09:09.323,0.80,0.72,33,0.0,0.0,0.034,-20.4,-20,HAYIR,HAYIR
2026-08-19 18:09:09.383,0.79,0.72,33,0.0,0.0,0.032,-19.5,-20,HAYIR,HAYIR
2026-08-19 18:09:09.443,0.79,0.74,33,0.0,0.0,0.032,-19.2,-19,HAYIR,HAYIR
2026-08-19 18:09:09.503,0.79,0.74,33,0.0,0.0,0.000,-0.0,-17,HAYIR,HAYIR
2026-08-19 18:09:09.563,0.79,0.74,32,0.0,0.0,0.000,-0.0,-16,HAYIR,HAYIR
2026-08-19 18:09:09.623,0.79,0.74,33,0.0,0.0,0.000,-0.0,-14,HAYIR,HAYIR
2026-08-19 18:09:09.683,0.80,0.74,33,0.0,0.0,0.000,-0.0,-12,HAYIR,HAYIR
2026-08-19 18:09:09.743,0.79,0.77,33,0.0,0.0,0.000,-0.0,-11,HAYIR,HAYIR
2026-08-19 18:09:09.803,0.79,0.77,32,0.0,0.0,0.000,-0.0,-9,HAYIR,HAYIR
2026-08-19 18:09:09.863,0.79,0.77,33,0.0,0.0,0.000,-0.0,-7,HAYIR,HAYIR
2026-08-19 18:09:09.923,0.79,0.77,33,0.0,0.0,0.000,-0.0,-6,HAYIR,HAYIR
2026-08-19 18:09:09.983,0.79,0.77,33,0.0,0.0,0.000,-0.0,-4,HAYIR,HAYIR
2026-08-19 18:09:10.043,0.78,0.77,33,0.0,0.0,0.000,-0.0,-2,HAYIR,HAYIR
2026-08-19 18:09:10.103,0.79,0.77,32,0.0,0.0,0.000,-0.0,-1,HAYIR,HAYIR
2026-08-19 18:09:10.163,0.78,0.80,28,0.0,0.0,0.000,-0.0,0,HAYIR,HAYIR
2026-08-19 18:09:10.223,0.79,0.80,28,0.0,0.0,0.000,-0.0,0,HAYIR,HAYIR
2026-08-19 18:09:10.283,0.79,0.80,28,0.0,0.0,0.000,-0.0,0,HAYIR,HAYIR
2026-08-19 18:09:10.343,0.79,0.80,28,0.0,0.0,0.000,-0.0,0,HAYIR,HAYIR
2026-08-19 18:09:10.403,0.80,0.80,28,0.0,0.0,0.000,-0.0,0,HAYIR,HAYIR
2026-08-19 18:09:10.463,0.79,0.83,28,0.0,0.0,0.000,-0.0,0,HAYIR,HAYIR
2026-08-19 18:09:10.523,0.79,0.83,28,0.0,0.0,0.000,-0.0,0,HAYIR,HAYIR
2026-08-19 18:09:10.583,0.79,0.83,28,0.0,0.0,0.000,-0.0,0,HAYIR,HAYIR
2026-08-19 18:09:10.643,0.79,0.83,28,0.0,0.0,0.000,-0.0,0,HAYIR,HAYIR
2026-08-19 18:09:10.703,0.80,0.83,28,0.0,0.0,0.000,-0.0,0,HAYIR,HAYIR
2026-08-19 18:09:10.763,0.79,0.86,28,0.0,0.0,0.000,-0.0,0,HAYIR,HAYIR
2026-08-19 18:09:10.823,0.79,0.86,28,0.0,0.0,0.000,-0.0,0,HAYIR,HAYIR
2026-08-19 18:09:10.883,0.80,0.86,28,0.0,0.0,0.000,-0.0,0,HAYIR,HAYIR
2026-08-19 18:09:10.943,0.79,0.86,28,0.0,0.0,0.000,-0.0,0,HAYIR,HAYIR
2026-08-19 18:09:11.003,0.80,0.86,28,0.0,0.0,0.000,-0.0,0,HAYIR,HAYIR
2026-08-19 18:09:11.063,0.79,0.86,28,0.0,0.0,0.000,-0.0,0,HAYIR,HAYIR
2026-08-19 18:09:11.123,0.79,0.88,28,0.0,0.0,0.000,-0.0,0,HAYIR,HAYIR
2026-08-19 18:09:11.183,0.80,0.88,28,0.0,0.0,0.000,-0.0,0,HAYIR,HAYIR
2026-08-19 18:09:11.243,0.79,0.88,28,0.0,0.0,0.000,-0.0,0,HAYIR,HAYIR
2026-08-19 18:09:11.303,0.78,0.88,28,0.0,0.0,0.000,-0.0,0,HAYIR,HAYIR
2026-08-19 18:09:11.363,0.79,0.88,28,0.0,0.0,0.000,-0.0,0,HAYIR,HAYIR
2026-08-19 18:09:11.423,0.79,0.86,28,0.0,0.0,0.000,-0.0,0,HAYIR,HAYIR
2026-08-19 18:09:11.483,0.79,0.86,28,0.0,0.0,0.000,-0.0,0,HAYIR,HAYIR
2026-08-19 18:09:11.543,0.79,0.86,28,0.0,0.0,0.000,-0.0,0,HAYIR,HAYIR
2026-08-19 18:09:11.603,0.80,0.86,28,0.0,0.0,0.000,-0.0,0,HAYIR,HAYIR
2026-08-19 18:09:11.663,0.79,0.86,28,0.0,0.0,0.000,-0.0,0,HAYIR,HAYIR
2026-08-19 18:09:11.723,0.79,0.86,28,0.0,0.0,0.000,-0.0,0,HAYIR,HAYIR
2026-08-19 18:09:11.783,0.80,0.83,28,0.0,0.0,0.000,-0.0,0,HAYIR,HAYIR
2026-08-19 18:09:11.843,0.79,0.83,28,0.0,0.0,0.000,-0.0,0,HAYIR,HAYIR
2026-08-19 18:09:11.903,0.79,0.83,28,0.0,0.0,0.000,-0.0,0,HAYIR,HAYIR
2026-08-19 18:09:11.963,0.80,0.83,28,0.0,0.0,0.000,-0.0,0,HAYIR,HAYIR
2026-08-19 18:09:12.023,0.79,0.83,28,0.0,0.0,0.000,-0.0,0,HAYIR,HAYIR
2026-08-19 18:09:12.083,0.79,0.83,28,0.0,0.0,0.000,-0.0,0,HAYIR,HAYIR
2026-08-19 18:09:12.143,0.79,0.78,32,0.0,0.0,0.000,-0.0,0,HAYIR,HAYIR
2026-08-19 18:09:12.203,0.79,0.78,32,0.0,0.0,0.000,-0.0,0,HAYIR,HAYIR
2026-08-19 18:09:12.263,0.79,0.78,32,0.0,0.0,0.000,-0.0,0,HAYIR,HAYIR
2026-08-19 18:09:12.323,0.79,0.78,32,0.0,0.0,0.000,-0.0,0,HAYIR,HAYIR
2026-08-19 18:09:12.383,0.78,0.78,28,0.0,0.0,0.000,-0.0,0,HAYIR,HAYIR
2026-08-19 18:09:12.443,0.79,0.75,32,0.0,0.0,0.000,-0.0,0,HAYIR,HAYIR
2026-08-19 18:09:12.503,0.79,0.75,32,0.0,0.0,0.000,-0.0,0,HAYIR,HAYIR
2026-08-19 18:09:12.563,0.78,0.75,32,0.0,0.0,0.000,-0.0,0,HAYIR,HAYIR
2026-08-19 18:09:12.623,0.80,0.75,33,0.0,0.0,0.000,-0.0,0,HAYIR,HAYIR
2026-08-19 18:09:12.683,0.79,0.75,32,0.0,0.0,0.000,-0.0,0,HAYIR,HAYIR
2026-08-19 18:09:12.743,0.79,0.72,34,0.0,0.0,0.000,-0.0,0,HAYIR,HAYIR
2026-08-19 18:09:12.803,0.79,0.72,32,0.0,0.0,0.000,-0.0,0,HAYIR,HAYIR
2026-08-19 18:09:12.863,0.80,0.72,33,0.0,0.0,0.000,-0.0,0,HAYIR,HAYIR
2026-08-19 18:09:12.923,0.79,0.72,33,0.0,0.0,0.000,-0.0,0,HAYIR,HAYIR
2026-08-19 18:09:12.983,0.79,0.72,33,0.0,0.0,0.000,-0.0,0,HAYIR,HAYIR
2026-08-19 18:09:13.043,0.79,0.72,33,0.0,0.0,0.000,-0.0,0,HAYIR,HAYIR
2026-08-19 18:09:13.103,0.80,0.70,33,0.0,0.0,0.000,-0.0,0,HAYIR,HAYIR
2026-08-19 18:09:13.163,0.79,0.70,32,0.0,0.0,0.031,-18.6,-1,HAYIR,HAYIR
2026-08-19 18:09:13.223,0.79,0.70,33,0.0,0.0,0.031,-18.7,-2,HAYIR,HAYIR
2026-08-19 18:09:13.283,0.79,0.70,33,0.0,0.0,0.031,-18.8,-4,HAYIR,HAYIR
2026-08-19 18:09:13.343,0.79,0.70,33,0.0,0.0,0.031,-18.9,-6,HAYIR,HAYIR
2026-08-19 18:09:13.403,0.79,0.70,33,0.0,0.0,0.032,-18.9,-7,HAYIR,HAYIR
2026-08-19 18:09:13.463,0.79,0.68,33,0.0,0.0,0.032,-18.9,-9,HAYIR,HAYIR
2026-08-19 18:09:13.523,0.79,0.68,33,0.0,0.0,0.032,-19.5,-11,HAYIR,HAYIR
2026-08-19 18:09:13.583,0.79,0.68,33,0.0,0.0,0.000,-0.0,-10,HAYIR,HAYIR
2026-08-19 18:09:13.643,0.78,0.68,33,0.0,0.0,0.000,-0.0,-8,HAYIR,HAYIR
2026-08-19 18:09:13.703,0.79,0.68,33,0.0,0.0,0.000,-0.0,-7,HAYIR,HAYIR
2026-08-19 18:09:13.763,0.79,0.68,33,0.0,0.0,0.000,-0.0,-5,HAYIR,HAYIR
2026-08-19 18:09:13.823,0.79,0.68,33,0.0,0.0,0.000,-0.0,-3,HAYIR,HAYIR
2026-08-19 18:09:13.883,0.80,0.68,33,0.0,0.0,0.000,-0.0,-2,HAYIR,HAYIR
2026-08-19 18:09:13.943,0.79,0.68,33,0.0,0.0,0.000,-0.0,0,HAYIR,HAYIR
2026-08-19 18:09:14.003,0.79,0.68,33,0.0,0.0,0.000,-0.0,0,HAYIR,HAYIR
2026-08-19 18:09:14.063,0.78,0.68,33,0.0,0.0,0.000,-0.0,0,HAYIR,HAYIR
2026-08-19 18:09:14.123,0.80,0.71,33,0.0,0.0,0.000,-0.0,0,HAYIR,HAYIR
2026-08-19 18:09:14.183,0.79,0.71,33,0.0,0.0,0.000,-0.0,0,HAYIR,HAYIR
2026-08-19 18:09:14.243,0.79,0.71,33,0.0,0.0,0.000,-0.0,0,HAYIR,HAYIR
2026-08-19 18:09:14.303,0.80,0.71,33,0.0,0.0,0.000,-0.0,0,HAYIR,HAYIR
2026-08-19 18:09:14.363,0.79,0.71,33,0.0,0.0,0.000,-0.0,0,HAYIR,HAYIR
2026-08-19 18:09:14.423,0.79,0.74,33,0.0,0.0,0.000,-0.0,0,HAYIR,HAYIR
2026-08-19 18:09:14.483,0.80,0.74,33,0.0,0.0,0.000,-0.0,0,HAYIR,HAYIR
2026-08-19 18:09:14.543,0.80,0.74,33,0.0,0.0,0.000,-0.0,0,HAYIR,HAYIR
2026-08-19 18:09:14.603,0.79,0.74,33,0.0,0.0,0.000,-0.0,0,HAYIR,HAYIR
2026-08-19 18:09:14.663,0.80,0.74,33,0.0,0.0,0.000,-0.0,0,HAYIR,HAYIR
2026-08-19 18:09:14.723,0.79,0.79,31,0.0,0.0,0.000,-0.0,0,HAYIR,HAYIR
2026-08-19 18:09:14.783,0.79,0.79,28,0.0,0.0,0.000,-0.0,0,HAYIR,HAYIR
2026-08-19 18:09:14.843,0.78,0.79,28,0.0,0.0,0.000,-0.0,0,HAYIR,HAYIR
2026-08-19 18:09:14.903,0.79,0.79,33,0.0,0.0,0.000,-0.0,0,HAYIR,HAYIR
2026-08-19 18:09:14.963,0.78,0.79,28,0.0,0.0,0.000,-0.0,0,HAYIR,HAYIR
2026-08-19 18:09:15.023,0.80,0.79,33,0.0,0.0,0.000,-0.0,0,HAYIR,HAYIR
2026-08-19 18:09:15.083,0.79,0.79,28,0.0,0.0,0.000,-0.0,0,HAYIR,HAYIR
2026-08-19 18:09:15.143,0.79,0.83,28,0.0,0.0,0.000,-0.0,0,HAYIR,HAYIR
2026-08-19 18:09:15.203,0.79,0.83,28,0.0,0.0,0.000,-0.0,0,HAYIR,HAYIR
2026-08-19 18:09:15.263,0.79,0.83,28,0.0,0.0,0.000,-0.0,0,HAYIR,HAYIR
2026-08-19 18:09:15.323,0.78,0.83,28,0.0,0.0,0.000,-0.0,0,HAYIR,HAYIR
2026-08-19 18:09:15.383,0.79,0.83,28,0.0,0.0,0.000,-0.0,0,HAYIR,HAYIR
2026-08-19 18:09:15.443,0.79,0.86,28,0.0,0.0,0.000,-0.0,0,HAYIR,HAYIR
2026-08-19 18:09:15.503,0.79,0.86,28,0.0,0.0,0.000,-0.0,0,HAYIR,HAYIR
2026-08-19 18:09:15.563,0.79,0.86,28,0.0,0.0,0.000,-0.0,0,HAYIR,HAYIR
2026-08-19 18:09:15.623,0.78,0.86,28,0.0,0.0,0.000,-0.0,0,HAYIR,HAYIR
2026-08-19 18:09:15.683,0.79,0.86,28,0.0,0.0,0.000,-0.0,0,HAYIR,HAYIR
2026-08-19 18:09:15.743,0.79,0.86,28,0.0,0.0,0.000,-0.0,0,HAYIR,HAYIR
2026-08-19 18:09:15.803,0.79,0.90,28,0.0,0.0,0.000,-0.0,0,HAYIR,HAYIR
2026-08-19 18:09:15.863,0.78,0.90,28,0.0,0.0,0.000,-0.0,0,HAYIR,HAYIR
2026-08-19 18:09:15.923,0.80,0.90,28,0.0,0.0,0.000,-0.0,0,HAYIR,HAYIR
2026-08-19 18:09:15.983,0.79,0.90,28,0.0,0.0,0.000,-0.0,0,HAYIR,HAYIR
2026-08-19 18:09:16.043,0.79,0.90,28,0.0,0.0,0.000,-0.0,0,HAYIR,HAYIR
2026-08-19 18:09:16.103,0.79,0.91,28,0.0,0.0,0.000,-0.0,0,HAYIR,HAYIR
2026-08-19 18:09:16.163,0.80,0.91,28,0.0,0.0,0.000,-0.0,0,HAYIR,HAYIR
2026-08-19 18:09:16.223,0.79,0.91,28,0.0,0.0,0.000,-0.0,0,HAYIR,HAYIR
2026-08-19 18:09:16.283,0.79,0.91,28,0.0,0.0,0.000,-0.0,0,HAYIR,HAYIR
2026-08-19 18:09:16.343,0.78,0.91,28,0.0,0.0,0.000,-0.0,0,HAYIR,HAYIR
2026-08-19 18:09:16.403,0.79,0.91,28,0.0,0.0,0.000,-0.0,0,HAYIR,HAYIR
2026-08-19 18:09:16.463,0.79,0.91,28,0.0,0.0,0.000,-0.0,0,HAYIR,HAYIR
2026-08-19 18:09:16.523,0.79,0.91,28,0.0,0.0,0.000,-0.0,0,HAYIR,HAYIR
2026-08-19 18:09:16.583,0.79,0.91,28,0.0,0.0,0.000,-0.0,0,HAYIR,HAYIR
2026-08-19 18:09:16.643,0.78,0.91,28,0.0,0.0,0.000,-0.0,0,HAYIR,HAYIR
2026-08-19 18:09:16.703,0.77,0.91,28,0.0,0.0,0.000,-0.0,0,HAYIR,HAYIR
2026-08-19 18:09:16.763,0.77,0.91,28,0.0,0.0,0.000,-0.0,0,HAYIR,HAYIR
2026-08-19 18:09:16.823,0.76,0.89,28,0.0,0.0,0.000,-0.0,0,HAYIR,HAYIR
2026-08-19 18:09:16.883,0.76,0.89,28,0.0,0.0,0.000,-0.0,0,HAYIR,HAYIR
2026-08-19 18:09:16.943,0.76,0.89,28,0.0,0.0,0.000,-0.0,0,HAYIR,HAYIR
2026-08-19 18:09:17.003,0.75,0.89,28,0.0,0.0,0.000,-0.0,0,HAYIR,HAYIR
2026-08-19 18:09:17.063,0.74,0.89,28,0.0,0.0,0.000,-0.0,0,HAYIR,HAYIR
2026-08-19 18:09:17.123,0.74,0.85,28,0.0,0.0,0.000,-0.0,0,HAYIR,HAYIR
2026-08-19 18:09:17.183,0.74,0.85,28,0.0,0.0,0.000,-0.0,0,HAYIR,HAYIR
2026-08-19 18:09:17.243,0.73,0.85,28,0.0,0.0,0.000,-0.0,0,HAYIR,HAYIR
2026-08-19 18:09:17.303,0.72,0.85,28,0.0,0.0,0.000,-0.0,0,HAYIR,HAYIR
2026-08-19 18:09:17.363,0.72,0.85,28,0.0,0.0,0.000,-0.0,0,HAYIR,HAYIR
2026-08-19 18:09:17.423,0.72,0.82,28,0.0,0.0,0.000,-0.0,0,HAYIR,HAYIR
2026-08-19 18:09:17.483,0.71,0.82,28,0.0,0.0,0.000,-0.0,0,HAYIR,HAYIR
2026-08-19 18:09:17.543,0.71,0.82,28,0.0,0.0,0.000,-0.0,0,HAYIR,HAYIR
2026-08-19 18:09:17.603,0.70,0.82,28,0.0,0.0,0.000,-0.0,0,HAYIR,HAYIR
2026-08-19 18:09:17.663,0.70,0.82,28,0.0,0.0,0.000,-0.0,0,HAYIR,HAYIR
2026-08-19 18:09:17.723,0.70,0.82,28,0.0,0.0,0.000,-0.0,0,HAYIR,HAYIR
2026-08-19 18:09:17.783,0.69,0.79,28,0.0,0.0,0.000,-0.0,0,HAYIR,HAYIR
2026-08-19 18:09:17.843,0.69,0.79,28,0.0,0.0,0.000,-0.0,0,HAYIR,HAYIR
2026-08-19 18:09:17.903,0.68,0.79,28,0.0,0.0,0.000,-0.0,0,HAYIR,HAYIR
2026-08-19 18:09:17.963,0.68,0.79,28,0.0,0.0,0.000,-0.0,0,HAYIR,HAYIR
2026-08-19 18:09:18.023,0.68,0.79,28,0.0,0.0,0.000,-0.0,0,HAYIR,HAYIR
2026-08-19 18:09:18.083,0.67,0.75,28,0.0,0.0,0.000,-0.0,0,HAYIR,HAYIR
2026-08-19 18:09:18.143,0.67,0.75,28,0.0,0.0,0.000,-0.0,0,HAYIR,HAYIR
2026-08-19 18:09:18.203,0.67,0.75,28,0.0,0.0,0.000,-0.0,0,HAYIR,HAYIR
2026-08-19 18:09:18.263,0.66,0.75,28,0.0,0.0,0.000,-0.0,0,HAYIR,HAYIR
2026-08-19 18:09:18.323,0.66,0.75,28,0.0,0.0,0.000,-0.0,0,HAYIR,HAYIR
2026-08-19 18:09:18.383,0.66,0.75,28,0.0,0.0,0.000,-0.0,0,HAYIR,HAYIR
2026-08-19 18:09:18.443,0.65,0.70,28,0.0,0.0,0.000,-0.0,0,HAYIR,HAYIR
2026-08-19 18:09:18.503,0.65,0.70,28,0.0,0.0,0.000,-0.0,0,HAYIR,HAYIR
2026-08-19 18:09:18.563,0.65,0.70,28,0.0,0.0,0.030,-22.2,-1,HAYIR,HAYIR
2026-08-19 18:09:18.623,0.64,0.70,28,0.0,0.0,0.030,-22.3,-2,HAYIR,HAYIR
2026-08-19 18:09:18.683,0.64,0.70,28,0.0,0.0,0.030,-22.5,-4,HAYIR,HAYIR
2026-08-19 18:09:18.743,0.64,0.70,28,0.0,0.0,0.030,-22.6,-6,HAYIR,HAYIR
2026-08-19 18:09:18.803,0.63,0.67,28,0.0,0.0,0.031,-22.9,-7,HAYIR,HAYIR
2026-08-19 18:09:18.863,0.63,0.67,28,0.0,0.0,0.033,-24.5,-9,HAYIR,HAYIR
2026-08-19 18:09:18.923,0.63,0.67,28,0.0,0.0,0.033,-24.7,-11,HAYIR,HAYIR
2026-08-19 18:09:18.983,0.63,0.67,28,0.0,0.0,0.033,-25.0,-12,HAYIR,HAYIR
2026-08-19 18:09:19.043,0.62,0.67,28,0.0,0.0,0.033,-25.1,-14,HAYIR,HAYIR
2026-08-19 18:09:19.103,0.62,0.65,28,0.0,0.0,0.000,-0.0,-15,HAYIR,HAYIR
2026-08-19 18:09:19.163,0.62,0.65,28,0.0,0.0,0.000,-0.0,-13,HAYIR,HAYIR
2026-08-19 18:09:19.223,0.61,0.65,28,0.0,0.0,0.000,-0.0,-11,HAYIR,HAYIR
2026-08-19 18:09:19.283,0.61,0.65,28,0.0,0.0,0.000,-0.0,-10,HAYIR,HAYIR
2026-08-19 18:09:19.343,0.61,0.65,28,0.0,0.0,0.000,-0.0,-8,HAYIR,HAYIR
2026-08-19 18:09:19.403,0.60,0.63,28,0.0,0.0,0.000,-0.0,-6,HAYIR,HAYIR
2026-08-19 18:09:19.463,0.60,0.63,28,0.0,0.0,0.000,-0.0,-4,HAYIR,HAYIR
2026-08-19 18:09:19.523,0.60,0.63,28,0.0,0.0,0.000,-0.0,-3,HAYIR,HAYIR
2026-08-19 18:09:19.583,0.60,0.63,28,0.0,0.0,0.000,-0.0,-1,HAYIR,HAYIR
2026-08-19 18:09:19.643,0.59,0.63,28,0.0,0.0,0.000,-0.0,0,HAYIR,HAYIR
2026-08-19 18:09:19.703,0.59,0.63,28,0.0,0.0,0.000,-0.0,0,HAYIR,HAYIR
2026-08-19 18:09:19.763,0.59,0.60,28,0.0,0.0,0.000,-0.0,0,HAYIR,HAYIR
2026-08-19 18:09:19.823,0.58,0.60,28,0.0,0.0,0.000,-0.0,0,HAYIR,HAYIR
2026-08-19 18:09:19.883,0.58,0.60,28,0.0,0.0,0.000,-0.0,0,HAYIR,HAYIR
2026-08-19 18:09:19.943,0.58,0.60,28,0.0,0.0,0.000,-0.0,0,HAYIR,HAYIR
2026-08-19 18:09:20.003,0.58,0.60,28,0.0,0.0,0.000,-0.0,0,HAYIR,HAYIR
2026-08-19 18:09:20.063,0.57,0.60,28,0.0,0.0,0.000,-0.0,0,HAYIR,HAYIR
2026-08-19 18:09:20.123,0.57,0.56,34,0.0,0.0,0.000,-0.0,0,HAYIR,HAYIR
2026-08-19 18:09:20.183,0.57,0.56,32,0.0,0.0,0.000,-0.0,0,HAYIR,HAYIR
2026-08-19 18:09:20.243,0.57,0.56,32,0.0,0.0,0.033,-27.6,-2,HAYIR,HAYIR
2026-08-19 18:09:20.303,0.56,0.56,32,0.0,0.0,0.033,-28.1,-3,HAYIR,HAYIR
2026-08-19 18:09:20.363,0.56,0.56,28,0.0,0.0,0.034,-28.5,-5,HAYIR,HAYIR
2026-08-19 18:09:20.423,0.56,0.56,28,0.0,0.0,0.034,-28.6,-7,HAYIR,HAYIR
2026-08-19 18:09:20.483,0.56,0.53,32,0.0,0.0,0.034,-28.9,-8,HAYIR,HAYIR
2026-08-19 18:09:20.543,0.55,0.53,32,0.0,0.0,0.035,-29.9,-10,HAYIR,HAYIR
2026-08-19 18:09:20.603,0.55,0.53,32,0.0,0.0,0.035,-30.6,-12,HAYIR,HAYIR
2026-08-19 18:09:20.663,0.55,0.53,32,0.0,0.0,0.036,-30.9,-13,HAYIR,HAYIR
2026-08-19 18:09:20.723,0.55,0.53,32,0.0,0.0,0.036,-31.1,-15,HAYIR,HAYIR
2026-08-19 18:09:20.783,0.54,0.50,32,0.0,0.0,0.036,-31.5,-17,HAYIR,HAYIR
2026-08-19 18:09:20.843,0.54,0.50,32,0.0,0.0,0.036,-31.6,-18,HAYIR,HAYIR
2026-08-19 18:09:20.903,0.54,0.50,32,0.0,0.0,0.037,-32.8,-20,HAYIR,HAYIR
2026-08-19 18:09:20.963,0.54,0.50,32,0.0,0.0,0.038,-33.5,-22,HAYIR,HAYIR
2026-08-19 18:09:21.023,0.54,0.50,32,0.0,0.0,0.038,-33.6,-24,HAYIR,HAYIR
2026-08-19 18:09:21.083,0.53,0.50,32,0.0,0.0,0.038,-33.8,-25,HAYIR,HAYIR
2026-08-19 18:09:21.143,0.53,0.50,32,0.0,0.0,0.038,-33.8,-27,HAYIR,HAYIR
2026-08-19 18:09:21.203,0.53,0.50,32,0.0,0.0,0.037,-33.2,-29,HAYIR,HAYIR
2026-08-19 18:09:21.263,0.52,0.50,32,0.0,0.0,0.037,-33.3,-30,HAYIR,HAYIR
2026-08-19 18:09:21.323,0.52,0.50,32,0.0,0.0,0.037,-33.4,-32,HAYIR,HAYIR
2026-08-19 18:09:21.383,0.52,0.50,32,0.0,0.0,0.000,-0.0,-31,HAYIR,HAYIR
2026-08-19 18:09:21.443,0.52,0.50,32,0.0,0.0,0.000,-0.0,-30,HAYIR,HAYIR
2026-08-19 18:09:21.503,0.51,0.50,32,0.0,0.0,0.000,-0.0,-28,HAYIR,HAYIR
2026-08-19 18:09:21.563,0.51,0.50,32,0.0,0.0,0.000,-0.0,-26,HAYIR,HAYIR
2026-08-19 18:09:21.623,0.51,0.50,32,0.0,0.0,0.000,-0.0,-25,HAYIR,HAYIR
2026-08-19 18:09:21.683,0.51,0.50,32,0.0,0.0,0.000,-0.0,-23,HAYIR,HAYIR
2026-08-19 18:09:21.743,0.51,0.50,32,0.0,0.0,0.000,-0.0,-21,HAYIR,HAYIR
2026-08-19 18:09:21.803,0.50,0.52,28,0.0,0.0,0.000,-0.0,-20,HAYIR,HAYIR
2026-08-19 18:09:21.863,0.50,0.52,28,0.0,0.0,0.000,-0.0,-18,HAYIR,HAYIR
2026-08-19 18:09:21.923,0.50,0.52,28,0.0,0.0,0.000,-0.0,-16,HAYIR,HAYIR
2026-08-19 18:09:21.983,0.49,0.52,28,0.0,0.0,0.000,-0.0,-15,HAYIR,HAYIR
2026-08-19 18:09:22.043,0.49,0.52,28,0.0,0.0,0.000,-0.0,-13,HAYIR,HAYIR
2026-08-19 18:09:22.103,0.49,0.54,28,0.0,0.0,0.000,-0.0,-11,HAYIR,HAYIR
2026-08-19 18:09:22.163,0.48,0.54,28,0.0,0.0,0.000,-0.0,-10,HAYIR,HAYIR
2026-08-19 18:09:22.223,0.48,0.54,28,0.0,0.0,0.000,-0.0,-8,HAYIR,HAYIR
2026-08-19 18:09:22.283,0.47,0.54,28,0.0,0.0,0.000,-0.0,-6,HAYIR,HAYIR
2026-08-19 18:09:22.343,0.47,0.54,28,0.0,0.0,0.000,-0.0,-4,HAYIR,HAYIR
2026-08-19 18:09:22.403,0.47,0.54,28,0.0,0.0,0.000,-0.0,-3,HAYIR,HAYIR
2026-08-19 18:09:22.463,0.46,0.59,28,0.0,0.0,0.000,-0.0,-1,HAYIR,HAYIR
2026-08-19 18:09:22.523,0.46,0.59,28,0.0,0.0,0.000,-0.0,0,HAYIR,HAYIR
2026-08-19 18:09:22.583,0.46,0.59,28,0.0,0.0,0.000,-0.0,0,HAYIR,HAYIR
2026-08-19 18:09:22.643,0.45,0.59,28,0.0,0.0,0.000,-0.0,0,HAYIR,HAYIR
2026-08-19 18:09:22.703,0.45,0.59,28,0.0,0.0,0.000,-0.0,0,HAYIR,HAYIR
2026-08-19 18:09:22.763,0.44,0.63,28,0.0,0.0,0.000,-0.0,0,HAYIR,HAYIR
2026-08-19 18:09:22.823,0.44,0.63,28,0.0,0.0,0.000,-0.0,0,HAYIR,HAYIR
2026-08-19 18:09:22.883,0.44,0.63,28,0.0,0.0,0.000,-0.0,0,HAYIR,HAYIR
2026-08-19 18:09:22.943,0.43,0.63,28,0.0,0.0,0.000,-0.0,0,HAYIR,HAYIR
2026-08-19 18:09:23.003,0.43,0.63,28,0.0,0.0,0.000,-0.0,0,HAYIR,HAYIR
2026-08-19 18:09:23.063,0.42,0.61,28,0.0,0.0,0.000,-0.0,0,HAYIR,HAYIR
2026-08-19 18:09:23.123,0.42,0.61,28,0.0,0.0,0.000,-0.0,0,HAYIR,HAYIR
2026-08-19 18:09:23.183,0.42,0.61,28,0.0,0.0,0.000,-0.0,0,HAYIR,HAYIR
2026-08-19 18:09:23.243,0.41,0.61,28,0.0,0.0,0.000,-0.0,0,HAYIR,HAYIR
2026-08-19 18:09:23.303,0.41,0.61,28,0.0,0.0,0.000,-0.0,0,HAYIR,HAYIR
2026-08-19 18:09:23.363,0.40,0.61,28,0.0,0.0,0.000,-0.0,0,HAYIR,HAYIR
2026-08-19 18:09:23.423,0.40,0.61,28,0.0,0.0,0.000,-0.0,0,HAYIR,HAYIR
2026-08-19 18:09:23.483,0.40,0.57,28,0.0,0.0,0.000,-0.0,0,HAYIR,HAYIR
2026-08-19 18:09:23.543,0.40,0.57,28,0.0,0.0,0.000,-0.0,0,HAYIR,HAYIR
2026-08-19 18:09:23.603,0.39,0.57,28,0.0,0.0,0.000,-0.0,0,HAYIR,HAYIR
2026-08-19 18:09:23.663,0.39,0.57,28,0.0,0.0,0.000,-0.0,0,HAYIR,HAYIR
2026-08-19 18:09:23.723,0.39,0.57,28,0.0,0.0,0.000,-0.0,0,HAYIR,HAYIR
2026-08-19 18:09:23.783,0.38,0.55,28,0.0,0.0,0.000,-0.0,0,HAYIR,HAYIR
2026-08-19 18:09:23.843,0.38,0.55,28,0.0,0.0,0.000,-0.0,0,HAYIR,HAYIR
2026-08-19 18:09:23.903,0.38,0.55,28,0.0,0.0,0.000,-0.0,0,HAYIR,HAYIR
2026-08-19 18:09:23.963,0.37,0.55,28,0.0,0.0,0.000,-0.0,0,HAYIR,HAYIR
2026-08-19 18:09:24.023,0.37,0.55,28,0.0,0.0,0.000,-0.0,0,HAYIR,HAYIR
2026-08-19 18:09:24.083,0.37,0.52,28,0.0,0.0,0.000,-0.0,0,HAYIR,HAYIR
2026-08-19 18:09:24.143,0.37,0.52,28,0.0,0.0,0.000,-0.0,0,HAYIR,HAYIR
2026-08-19 18:09:24.203,0.36,0.52,28,0.0,0.0,0.000,-0.0,0,HAYIR,HAYIR
2026-08-19 18:09:24.263,0.36,0.52,28,0.0,0.0,0.000,-0.0,0,HAYIR,HAYIR
2026-08-19 18:09:24.323,0.36,0.52,28,0.0,0.0,0.000,-0.0,0,HAYIR,HAYIR
2026-08-19 18:09:24.383,0.36,0.52,28,0.0,0.0,0.000,-0.0,0,HAYIR,HAYIR
2026-08-19 18:09:24.443,0.36,0.48,28,0.0,0.0,0.000,-0.0,0,HAYIR,HAYIR
2026-08-19 18:09:24.503,0.35,0.48,28,0.0,0.0,0.000,-0.0,0,HAYIR,HAYIR
2026-08-19 18:09:24.563,0.35,0.48,28,0.0,0.0,0.000,-0.0,0,HAYIR,HAYIR
2026-08-19 18:09:24.623,0.35,0.48,28,0.0,0.0,0.000,-0.0,0,HAYIR,HAYIR
2026-08-19 18:09:24.683,0.35,0.48,28,0.0,0.0,0.000,-0.0,0,HAYIR,HAYIR
2026-08-19 18:09:24.743,0.34,0.44,28,0.0,0.0,0.000,-0.0,0,HAYIR,HAYIR
2026-08-19 18:09:24.803,0.34,0.44,28,0.0,0.0,0.000,-0.0,0,HAYIR,HAYIR
2026-08-19 18:09:24.863,0.34,0.44,28,0.0,0.0,0.000,-0.0,0,HAYIR,HAYIR
2026-08-19 18:09:24.923,0.34,0.44,28,0.0,0.0,0.000,-0.0,0,HAYIR,HAYIR
2026-08-19 18:09:24.983,0.34,0.44,28,0.0,0.0,0.000,-0.0,0,HAYIR,HAYIR
2026-08-19 18:09:25.043,0.34,0.44,28,0.0,0.0,0.000,-0.0,0,HAYIR,HAYIR
2026-08-19 18:09:25.103,0.33,0.44,28,0.0,0.0,0.000,-0.0,0,HAYIR,HAYIR
2026-08-19 18:09:25.163,0.33,0.40,28,0.0,0.0,0.000,-0.0,0,HAYIR,HAYIR
2026-08-19 18:09:25.223,0.33,0.40,28,0.0,0.0,0.000,-0.0,0,HAYIR,HAYIR
2026-08-19 18:09:25.283,0.33,0.40,28,0.0,0.0,0.000,-0.0,0,HAYIR,HAYIR
2026-08-19 18:09:25.343,0.33,0.40,28,0.0,0.0,0.000,-0.0,0,HAYIR,HAYIR
2026-08-19 18:09:25.403,0.32,0.40,28,0.0,0.0,0.000,-0.0,0,HAYIR,HAYIR
2026-08-19 18:09:25.463,0.32,0.37,28,0.0,0.0,0.000,-0.0,0,HAYIR,HAYIR
2026-08-19 18:09:25.523,0.32,0.37,28,0.0,0.0,0.000,-0.0,0,HAYIR,HAYIR
2026-08-19 18:09:25.583,0.32,0.37,28,0.0,0.0,0.000,-0.0,0,HAYIR,HAYIR
2026-08-19 18:09:25.643,0.32,0.37,28,0.0,0.0,0.000,-0.0,0,HAYIR,HAYIR
2026-08-19 18:09:25.703,0.32,0.37,28,0.0,0.0,0.000,-0.0,0,HAYIR,HAYIR
2026-08-19 18:09:25.763,0.32,0.33,28,0.0,0.0,0.000,-0.0,0,HAYIR,HAYIR
2026-08-19 18:09:25.823,0.32,0.33,28,0.0,0.0,0.000,-0.0,0,HAYIR,HAYIR
2026-08-19 18:09:25.883,0.32,0.33,28,0.0,0.0,0.000,-0.0,0,HAYIR,HAYIR
2026-08-19 18:09:25.943,0.31,0.33,28,0.0,0.0,0.000,-0.0,0,HAYIR,HAYIR
2026-08-19 18:09:26.003,0.31,0.33,28,0.0,0.0,0.000,-0.0,0,HAYIR,HAYIR
2026-08-19 18:09:26.063,0.31,0.33,28,0.0,0.0,0.000,-0.0,0,HAYIR,HAYIR
2026-08-19 18:09:26.123,0.31,0.30,31,0.0,0.0,0.000,-0.0,0,HAYIR,HAYIR
2026-08-19 18:09:26.183,0.31,0.30,31,0.0,0.0,0.000,-0.0,0,HAYIR,HAYIR
2026-08-19 18:09:26.243,0.31,0.30,31,0.0,0.0,0.000,-0.0,0,HAYIR,HAYIR
2026-08-19 18:09:26.303,0.31,0.30,31,0.0,0.0,0.000,-0.0,0,HAYIR,HAYIR
2026-08-19 18:09:26.363,0.31,0.30,31,0.0,0.0,0.000,-0.0,0,HAYIR,HAYIR
2026-08-19 18:09:26.423,0.31,0.27,31,0.0,0.0,0.000,-0.0,0,HAYIR,HAYIR
2026-08-19 18:09:26.483,0.31,0.27,31,0.0,0.0,0.000,-0.0,0,HAYIR,HAYIR
2026-08-19 18:09:26.543,0.30,0.27,31,0.0,0.0,0.000,-0.0,0,HAYIR,HAYIR
2026-08-19 18:09:26.603,0.30,0.27,31,0.0,0.0,0.000,-0.0,0,HAYIR,HAYIR
2026-08-19 18:09:26.663,0.30,0.27,31,0.0,0.0,0.000,-0.0,0,HAYIR,HAYIR
2026-08-19 18:09:26.723,0.30,0.27,31,0.0,0.0,0.000,-0.0,0,HAYIR,HAYIR
2026-08-19 18:09:26.783,0.30,0.24,33,0.0,0.0,0.000,-0.0,0,HAYIR,HAYIR
2026-08-19 18:09:26.843,0.30,0.24,31,0.0,0.0,0.000,-0.0,0,HAYIR,HAYIR
2026-08-19 18:09:26.903,0.30,0.24,31,0.0,0.0,0.000,-0.0,0,HAYIR,HAYIR
2026-08-19 18:09:26.963,0.30,0.24,31,0.0,0.0,0.000,-0.0,0,HAYIR,HAYIR
2026-08-19 18:09:27.023,0.30,0.24,31,0.0,0.0,0.000,-0.0,0,HAYIR,HAYIR
2026-08-19 18:09:27.083,0.30,0.24,31,0.0,0.0,0.000,-0.0,0,HAYIR,HAYIR
2026-08-19 18:09:27.143,0.30,0.23,32,0.0,0.0,0.000,-0.0,0,HAYIR,HAYIR
2026-08-19 18:09:27.203,0.30,0.23,32,0.0,0.0,0.000,-0.0,0,HAYIR,HAYIR
2026-08-19 18:09:27.263,0.30,0.23,31,0.0,0.0,0.000,-0.0,0,HAYIR,HAYIR
2026-08-19 18:09:27.323,0.29,0.23,32,0.0,0.0,0.000,-0.0,0,HAYIR,HAYIR
2026-08-19 18:09:27.383,0.29,0.23,32,0.0,0.0,0.000,-0.0,0,HAYIR,HAYIR
2026-08-19 18:09:27.443,0.29,0.25,31,0.0,0.0,0.000,-0.0,0,HAYIR,HAYIR
2026-08-19 18:09:27.503,0.29,0.25,31,0.0,0.0,0.000,-0.0,0,HAYIR,HAYIR
2026-08-19 18:09:27.563,0.29,0.25,31,0.0,0.0,0.000,-0.0,0,HAYIR,HAYIR
2026-08-19 18:09:27.623,0.29,0.25,32,0.0,0.0,0.000,-0.0,0,HAYIR,HAYIR
2026-08-19 18:09:27.683,0.29,0.25,32,0.0,0.0,0.000,-0.0,0,HAYIR,HAYIR
2026-08-19 18:09:27.743,0.29,0.27,31,0.0,0.0,0.000,-0.0,0,HAYIR,HAYIR
2026-08-19 18:09:27.803,0.28,0.27,31,0.0,0.0,0.000,-0.0,0,HAYIR,HAYIR
2026-08-19 18:09:27.863,0.28,0.27,31,0.0,0.0,0.000,-0.0,0,HAYIR,HAYIR
2026-08-19 18:09:27.923,0.28,0.27,31,0.0,0.0,0.000,-0.0,0,HAYIR,HAYIR
2026-08-19 18:09:27.983,0.28,0.27,31,0.0,0.0,0.000,-0.0,0,HAYIR,HAYIR
2026-08-19 18:09:28.043,0.28,0.27,31,0.0,0.0,0.000,-0.0,0,HAYIR,HAYIR
2026-08-19 18:09:28.103,0.28,0.30,28,0.0,0.0,0.000,-0.0,0,HAYIR,HAYIR
2026-08-19 18:09:28.163,0.27,0.30,28,0.0,0.0,0.000,-0.0,0,HAYIR,HAYIR
2026-08-19 18:09:28.223,0.27,0.30,28,0.0,0.0,0.000,-0.0,0,HAYIR,HAYIR
2026-08-19 18:09:28.283,0.27,0.30,28,0.0,0.0,0.000,-0.0,0,HAYIR,HAYIR
2026-08-19 18:09:28.343,0.27,0.30,28,0.0,0.0,0.000,-0.0,0,HAYIR,HAYIR
2026-08-19 18:09:28.403,0.26,0.30,28,0.0,0.0,0.000,-0.0,0,HAYIR,HAYIR
2026-08-19 18:09:28.463,0.26,0.33,28,0.0,0.0,0.000,-0.0,0,HAYIR,HAYIR
2026-08-19 18:09:28.523,0.26,0.33,28,0.0,0.0,0.000,-0.0,0,HAYIR,HAYIR
2026-08-19 18:09:28.583,0.26,0.33,28,0.0,0.0,0.000,-0.0,0,HAYIR,HAYIR
2026-08-19 18:09:28.643,0.26,0.33,28,0.0,0.0,0.000,-0.0,0,HAYIR,HAYIR
2026-08-19 18:09:28.703,0.25,0.33,28,0.0,0.0,0.000,-0.0,0,HAYIR,HAYIR
2026-08-19 18:09:28.763,0.25,0.33,28,0.0,0.0,0.000,-0.0,0,HAYIR,HAYIR
2026-08-19 18:09:28.823,0.25,0.36,28,0.0,0.0,0.000,-0.0,0,HAYIR,HAYIR
2026-08-19 18:09:28.883,0.24,0.36,28,0.0,0.0,0.000,-0.0,0,HAYIR,HAYIR
2026-08-19 18:09:28.943,0.24,0.36,28,0.0,0.0,0.000,-0.0,0,HAYIR,HAYIR
2026-08-19 18:09:29.003,0.24,0.36,28,0.0,0.0,0.000,-0.0,0,HAYIR,HAYIR
2026-08-19 18:09:29.063,0.23,0.36,28,0.0,0.0,0.000,-0.0,0,HAYIR,HAYIR
2026-08-19 18:09:29.124,0.23,0.38,28,0.0,0.0,0.000,-0.0,0,HAYIR,HAYIR
2026-08-19 18:09:29.183,0.23,0.38,28,0.0,0.0,0.000,-0.0,0,HAYIR,HAYIR
2026-08-19 18:09:29.243,0.23,0.38,28,0.0,0.0,0.000,-0.0,0,HAYIR,HAYIR
2026-08-19 18:09:29.303,0.22,0.38,28,0.0,0.0,0.000,-0.0,0,HAYIR,HAYIR
2026-08-19 18:09:29.363,0.22,0.38,28,0.0,0.0,0.000,-0.0,0,HAYIR,HAYIR
2026-08-19 18:09:29.423,0.22,0.39,28,0.0,0.0,0.000,-0.0,0,HAYIR,HAYIR
2026-08-19 18:09:29.483,0.22,0.39,28,0.0,0.0,0.000,-0.0,0,HAYIR,HAYIR
2026-08-19 18:09:29.543,0.22,0.39,28,0.0,0.0,0.000,-0.0,0,HAYIR,HAYIR
2026-08-19 18:09:29.603,0.21,0.39,28,0.0,0.0,0.000,-0.0,0,HAYIR,HAYIR
2026-08-19 18:09:29.663,0.21,0.39,28,0.0,0.0,0.000,-0.0,0,HAYIR,HAYIR
2026-08-19 18:09:29.723,0.21,0.39,28,0.0,0.0,0.000,-0.0,0,HAYIR,HAYIR
2026-08-19 18:09:29.783,0.20,0.38,28,0.0,0.0,0.000,-0.0,0,HAYIR,HAYIR
2026-08-19 18:09:29.843,0.20,0.38,28,0.0,0.0,0.000,-0.0,0,HAYIR,HAYIR
2026-08-19 18:09:29.903,0.20,0.38,28,0.0,0.0,0.000,-0.0,0,HAYIR,HAYIR
2026-08-19 18:09:29.963,0.20,0.38,28,0.0,0.0,0.000,-0.0,0,HAYIR,HAYIR
2026-08-19 18:09:30.023,0.19,0.38,28,0.0,0.0,0.000,-0.0,0,HAYIR,HAYIR
2026-08-19 18:09:30.083,0.19,0.38,28,0.0,0.0,0.000,-0.0,0,HAYIR,HAYIR
2026-08-19 18:09:30.143,0.19,0.37,28,0.0,0.0,0.000,-0.0,0,HAYIR,HAYIR
2026-08-19 18:09:30.203,0.19,0.37,28,0.0,0.0,0.000,-0.0,0,HAYIR,HAYIR
2026-08-19 18:09:30.263,0.18,0.37,28,0.0,0.0,0.000,-0.0,0,HAYIR,HAYIR
2026-08-19 18:09:30.323,0.18,0.37,28,0.0,0.0,0.000,-0.0,0,HAYIR,HAYIR
2026-08-19 18:09:30.383,0.18,0.37,28,0.0,0.0,0.000,-0.0,0,HAYIR,HAYIR
2026-08-19 18:09:30.443,0.18,0.37,28,0.0,0.0,0.000,-0.0,0,HAYIR,HAYIR
2026-08-19 18:09:30.503,0.18,0.37,28,0.0,0.0,0.000,-0.0,0,HAYIR,HAYIR
2026-08-19 18:09:30.563,0.17,0.37,28,0.0,0.0,0.000,-0.0,0,HAYIR,HAYIR
2026-08-19 18:09:30.623,0.17,0.37,28,0.0,0.0,0.000,-0.0,0,HAYIR,HAYIR
2026-08-19 18:09:30.683,0.17,0.37,28,0.0,0.0,0.000,-0.0,0,HAYIR,HAYIR
2026-08-19 18:09:30.743,0.17,0.37,28,0.0,0.0,0.000,-0.0,0,HAYIR,HAYIR
2026-08-19 18:09:30.803,0.16,0.36,28,0.0,0.0,0.000,-0.0,0,HAYIR,HAYIR
2026-08-19 18:09:30.863,0.16,0.36,28,0.0,0.0,0.000,-0.0,0,HAYIR,HAYIR
2026-08-19 18:09:30.923,0.16,0.36,28,0.0,0.0,0.000,-0.0,0,HAYIR,HAYIR
2026-08-19 18:09:30.983,0.16,0.36,28,0.0,0.0,0.000,-0.0,0,HAYIR,HAYIR
2026-08-19 18:09:31.043,0.16,0.36,28,0.0,0.0,0.000,-0.0,0,HAYIR,HAYIR
2026-08-19 18:09:31.103,0.15,0.36,28,0.0,0.0,0.000,-0.0,0,HAYIR,HAYIR
2026-08-19 18:09:31.163,0.15,0.36,28,0.0,0.0,0.000,-0.0,0,HAYIR,HAYIR
2026-08-19 18:09:31.223,0.18,0.36,28,0.0,0.0,0.076,-160.0,-1,HAYIR,HAYIR
2026-08-19 18:09:31.283,0.20,0.36,28,0.0,0.0,0.126,-160.0,-3,HAYIR,HAYIR
2026-08-19 18:09:31.343,0.23,0.36,28,0.0,0.0,0.176,-160.0,-4,HAYIR,HAYIR
2026-08-19 18:09:31.403,0.28,0.33,28,0.0,0.0,0.186,-160.0,-6,HAYIR,HAYIR
2026-08-19 18:09:31.463,0.30,0.33,28,0.0,0.0,0.192,-160.0,-8,HAYIR,HAYIR
2026-08-19 18:09:31.523,0.33,0.33,28,0.0,0.0,0.194,-160.0,-10,HAYIR,HAYIR
2026-08-19 18:09:31.583,0.35,0.33,31,0.0,0.0,0.196,-160.0,-11,HAYIR,HAYIR
2026-08-19 18:09:31.643,0.38,0.33,31,0.0,0.0,0.197,-160.0,-13,HAYIR,HAYIR
2026-08-19 18:09:31.703,0.43,0.33,31,0.0,0.0,0.199,-160.0,-15,HAYIR,HAYIR
2026-08-19 18:09:31.763,0.45,0.33,31,0.0,0.0,0.199,-160.0,-16,HAYIR,HAYIR
2026-08-19 18:09:31.823,0.48,0.31,31,0.0,0.0,0.200,-160.0,-18,HAYIR,HAYIR
2026-08-19 18:09:31.883,0.50,0.31,31,0.0,0.0,0.201,-160.0,-20,HAYIR,HAYIR
2026-08-19 18:09:31.943,0.53,0.31,31,0.0,0.0,0.202,-160.0,-21,HAYIR,HAYIR
2026-08-19 18:09:32.003,0.58,0.31,32,0.0,0.0,0.205,-154.5,-23,HAYIR,HAYIR
2026-08-19 18:09:32.063,0.60,0.31,32,0.0,0.0,0.206,-149.9,-25,HAYIR,HAYIR
2026-08-19 18:09:32.123,0.63,0.30,32,0.0,0.0,0.206,-145.0,-26,HAYIR,HAYIR
2026-08-19 18:09:32.183,0.65,0.30,32,0.0,0.0,0.206,-139.7,-28,HAYIR,HAYIR
2026-08-19 18:09:32.243,0.68,0.30,32,0.0,0.0,0.207,-135.8,-30,HAYIR,HAYIR
2026-08-19 18:09:32.303,0.73,0.30,32,0.0,0.0,0.208,-128.0,-31,HAYIR,HAYIR
2026-08-19 18:09:32.363,0.75,0.30,32,0.0,0.0,0.208,-124.3,-33,HAYIR,HAYIR
2026-08-19 18:09:32.423,0.73,0.31,32,0.0,0.0,0.158,-99.7,-35,HAYIR,HAYIR
2026-08-19 18:09:32.483,0.70,0.31,32,0.0,0.0,0.108,-71.8,-36,HAYIR,HAYIR
2026-08-19 18:09:32.543,0.68,0.31,32,0.0,0.0,0.058,-40.4,-38,HAYIR,HAYIR
2026-08-19 18:09:32.603,0.63,0.31,31,0.0,0.0,0.043,-32.4,-36,HAYIR,HAYIR
2026-08-19 18:09:32.663,0.60,0.31,31,0.0,0.0,0.043,-33.9,-35,HAYIR,HAYIR
2026-08-19 18:09:32.723,0.58,0.31,31,0.0,0.0,0.043,-35.1,-35,HAYIR,HAYIR
2026-08-19 18:09:32.783,0.55,0.32,31,0.0,0.0,0.042,-36.0,-36,HAYIR,HAYIR
2026-08-19 18:09:32.843,0.53,0.32,32,0.0,0.0,0.042,-37.4,-37,HAYIR,HAYIR
2026-08-19 18:09:32.903,0.48,0.32,31,0.0,0.0,0.040,-40.1,-39,HAYIR,HAYIR
2026-08-19 18:09:32.963,0.45,0.32,31,0.0,0.0,0.041,-42.7,-41,HAYIR,HAYIR
2026-08-19 18:09:33.023,0.43,0.32,31,0.0,0.0,0.041,-45.6,-42,HAYIR,HAYIR
2026-08-19 18:09:33.083,0.40,0.35,31,0.1,0.0,0.042,-49.5,-44,HAYIR,HAYIR
2026-08-19 18:09:33.143,0.38,0.35,31,0.1,0.0,0.043,-53.3,-46,HAYIR,HAYIR
2026-08-19 18:09:33.203,0.33,0.35,28,0.1,0.0,0.000,-0.0,-46,HAYIR,HAYIR
2026-08-19 18:09:33.263,0.30,0.35,28,0.1,0.0,0.000,-0.0,-45,HAYIR,HAYIR
2026-08-19 18:09:33.323,0.28,0.35,28,0.0,0.0,0.000,-0.0,-43,HAYIR,HAYIR
2026-08-19 18:09:33.383,0.25,0.35,28,0.0,0.0,0.000,-0.0,-41,HAYIR,HAYIR
2026-08-19 18:09:33.443,0.23,0.35,28,0.0,0.0,0.000,-0.0,-40,HAYIR,HAYIR
2026-08-19 18:09:33.503,0.18,0.38,28,0.0,0.0,0.000,-0.0,-38,HAYIR,HAYIR
2026-08-19 18:09:33.563,0.15,0.38,28,0.0,0.0,0.000,-0.0,-36,HAYIR,HAYIR
2026-08-19 18:09:33.623,0.13,0.38,28,0.0,0.0,0.000,-0.0,-35,HAYIR,HAYIR
2026-08-19 18:09:33.683,0.10,0.38,28,0.0,0.0,0.000,-0.0,-33,HAYIR,HAYIR
2026-08-19 18:09:33.743,0.08,0.38,28,0.0,0.0,0.000,-0.0,-31,HAYIR,HAYIR
2026-08-19 18:09:33.803,0.03,0.41,28,0.0,0.0,0.000,-0.0,-29,HAYIR,HAYIR
2026-08-19 18:09:33.863,0.00,0.41,28,0.0,0.0,0.000,-0.0,-28,HAYIR,HAYIR
2026-08-19 18:09:33.923,0.00,0.41,0,0.0,0.0,0.000,0.0,-26,EVET,HAYIR
2026-08-19 18:09:33.983,0.00,0.41,0,0.0,0.0,0.000,0.0,-24,EVET,HAYIR
2026-08-19 18:09:34.043,0.00,0.41,0,0.0,0.0,0.000,0.0,-23,EVET,HAYIR
2026-08-19 18:09:34.103,0.00,0.42,0,0.0,0.0,0.000,0.0,-21,EVET,HAYIR
2026-08-19 18:09:34.163,0.00,0.42,0,0.0,0.0,0.000,0.0,-19,EVET,HAYIR
2026-08-19 18:09:40.063,0.03,0.00,28,0.0,0.0,0.050,-160.0,-19,HAYIR,HAYIR
2026-08-19 18:09:40.123,0.05,0.00,29,0.0,0.1,0.100,-160.0,-21,HAYIR,HAYIR
2026-08-19 18:09:40.183,0.08,0.00,29,0.0,0.2,0.150,-160.0,-23,HAYIR,HAYIR
2026-08-19 18:09:40.243,0.10,0.00,29,0.0,0.3,0.200,-160.0,-24,HAYIR,HAYIR
2026-08-19 18:09:40.303,0.15,0.00,29,0.0,0.3,0.289,-160.0,-26,HAYIR,HAYIR
2026-08-19 18:09:40.363,0.17,0.00,29,0.0,0.4,0.289,-160.0,-28,HAYIR,HAYIR
2026-08-19 18:09:40.423,0.20,0.00,29,0.0,0.5,0.289,-160.0,-29,HAYIR,HAYIR
2026-08-19 18:09:40.483,0.22,0.00,29,0.0,0.6,0.289,-160.0,-31,HAYIR,HAYIR
2026-08-19 18:09:40.543,0.25,0.00,30,0.0,0.7,0.289,-160.0,-33,HAYIR,HAYIR
2026-08-19 18:09:40.603,0.30,0.00,30,0.0,0.7,0.289,-160.0,-35,HAYIR,HAYIR
2026-08-19 18:09:40.663,0.33,0.00,30,0.0,0.8,0.289,-160.0,-36,HAYIR,HAYIR
2026-08-19 18:09:40.723,0.35,0.00,30,0.0,0.9,0.289,-160.0,-38,HAYIR,HAYIR
2026-08-19 18:09:40.783,0.38,0.00,30,0.0,1.0,0.289,-160.0,-40,HAYIR,HAYIR
2026-08-19 18:09:40.843,0.40,0.00,30,0.0,1.0,0.289,-160.0,-41,HAYIR,HAYIR
2026-08-19 18:09:40.903,0.45,0.00,31,0.0,1.1,0.289,-160.0,-43,HAYIR,HAYIR
2026-08-19 18:09:40.963,0.48,0.00,31,0.1,1.2,0.288,-160.0,-45,HAYIR,HAYIR
2026-08-19 18:09:41.023,0.50,0.00,31,0.1,1.3,0.289,-160.0,-46,HAYIR,HAYIR
2026-08-19 18:09:41.083,0.53,0.00,31,0.1,1.4,0.288,-160.0,-48,HAYIR,HAYIR
2026-08-19 18:09:41.143,0.55,0.00,31,0.2,1.4,0.288,-160.0,-50,HAYIR,HAYIR
2026-08-19 18:09:41.203,0.60,0.00,32,0.2,1.5,0.288,-160.0,-51,HAYIR,HAYIR
2026-08-19 18:09:41.263,0.63,0.00,32,0.2,1.6,0.288,-160.0,-53,HAYIR,HAYIR
2026-08-19 18:09:41.323,0.65,0.00,32,0.2,1.7,0.288,-160.0,-55,HAYIR,HAYIR
2026-08-19 18:09:41.383,0.68,0.00,32,0.3,1.7,0.288,-160.0,-56,HAYIR,HAYIR
2026-08-19 18:09:41.443,0.70,0.00,32,0.3,1.8,0.288,-160.0,-58,HAYIR,HAYIR
2026-08-19 18:09:41.503,0.71,0.00,33,0.3,1.9,0.288,-160.0,-60,HAYIR,HAYIR
2026-08-19 18:09:41.563,0.71,0.00,33,0.3,2.0,0.288,-160.0,-61,HAYIR,HAYIR
2026-08-19 18:09:41.623,0.71,0.00,33,0.4,2.1,0.288,-160.0,-63,HAYIR,HAYIR
2026-08-19 18:09:41.683,0.71,0.00,33,0.4,2.1,0.288,-160.0,-65,HAYIR,HAYIR
2026-08-19 18:09:41.743,0.71,0.00,33,0.4,2.2,0.288,-160.0,-66,HAYIR,HAYIR
2026-08-19 18:09:41.803,0.71,0.00,33,0.5,2.3,0.288,-160.0,-68,HAYIR,HAYIR
2026-08-19 18:09:41.863,0.71,0.00,33,0.5,2.4,0.288,-160.0,-70,HAYIR,HAYIR
2026-08-19 18:09:41.923,0.71,0.00,34,0.5,2.4,0.288,-160.0,-71,HAYIR,HAYIR
2026-08-19 18:09:41.983,0.71,0.00,34,0.5,2.5,0.288,-160.0,-73,HAYIR,HAYIR
2026-08-19 18:09:42.043,0.71,0.00,34,0.6,2.6,0.288,-160.0,-75,HAYIR,HAYIR
2026-08-19 18:09:42.103,0.71,0.02,33,0.6,2.7,0.288,-160.0,-77,HAYIR,HAYIR
2026-08-19 18:09:42.163,0.71,0.02,34,0.6,2.8,0.288,-160.0,-78,HAYIR,HAYIR
2026-08-19 18:09:42.223,0.71,0.02,34,0.7,2.8,0.288,-160.0,-80,HAYIR,HAYIR
2026-08-19 18:09:42.283,0.71,0.02,35,0.7,2.9,0.287,-160.0,-82,HAYIR,HAYIR
2026-08-19 18:09:42.343,0.71,0.02,35,0.7,3.0,0.287,-160.0,-83,HAYIR,HAYIR
2026-08-19 18:09:42.403,0.72,0.02,35,0.8,3.1,0.295,-160.0,-85,HAYIR,HAYIR
2026-08-19 18:09:42.463,0.72,0.04,35,0.8,3.1,0.295,-160.0,-87,HAYIR,HAYIR
2026-08-19 18:09:42.523,0.72,0.04,35,0.8,3.2,0.295,-160.0,-88,HAYIR,HAYIR
2026-08-19 18:09:42.583,0.72,0.04,35,0.8,3.3,0.295,-160.0,-90,HAYIR,HAYIR
2026-08-19 18:09:42.643,0.72,0.04,36,0.9,3.4,0.294,-160.0,-92,HAYIR,HAYIR
2026-08-19 18:09:42.703,0.72,0.04,36,0.9,3.5,0.294,-160.0,-93,HAYIR,HAYIR
2026-08-19 18:09:42.763,0.71,0.08,32,0.9,0.0,0.293,-160.0,-95,HAYIR,HAYIR
2026-08-19 18:09:42.823,0.72,0.08,32,0.9,0.0,0.293,-160.0,-97,HAYIR,HAYIR
2026-08-19 18:09:42.883,0.72,0.08,32,1.0,0.0,0.293,-160.0,-98,HAYIR,HAYIR
2026-08-19 18:09:42.943,0.72,0.08,32,1.0,0.0,0.293,-160.0,-100,HAYIR,HAYIR
2026-08-19 18:09:43.003,0.72,0.08,33,1.0,0.0,0.292,-160.0,-102,HAYIR,HAYIR
2026-08-19 18:09:43.063,0.72,0.13,31,1.1,0.0,0.292,-160.0,-103,HAYIR,HAYIR
2026-08-19 18:09:43.123,0.72,0.13,33,1.1,0.0,0.291,-160.0,-105,HAYIR,HAYIR
2026-08-19 18:09:43.183,0.71,0.13,33,1.1,0.0,0.291,-160.0,-107,HAYIR,HAYIR
2026-08-19 18:09:43.243,0.72,0.13,33,1.1,0.0,0.291,-160.0,-108,HAYIR,HAYIR
2026-08-19 18:09:43.303,0.72,0.13,33,1.2,0.0,0.290,-160.0,-110,HAYIR,HAYIR
2026-08-19 18:09:43.363,0.71,0.13,33,1.2,0.0,0.289,-160.0,-112,HAYIR,HAYIR
2026-08-19 18:09:43.423,0.71,0.20,33,1.2,0.0,0.289,-160.0,-113,HAYIR,HAYIR
2026-08-19 18:09:43.483,0.74,0.20,33,1.2,0.0,0.276,-160.0,-115,HAYIR,HAYIR
2026-08-19 18:09:43.543,0.76,0.20,33,1.3,0.0,0.272,-154.8,-117,HAYIR,HAYIR
2026-08-19 18:09:43.603,0.79,0.20,34,1.3,0.0,0.271,-149.5,-119,HAYIR,HAYIR
2026-08-19 18:09:43.663,0.79,0.20,33,1.3,0.0,0.272,-150.4,-120,HAYIR,HAYIR
2026-08-19 18:09:43.723,0.79,0.20,33,1.4,0.0,0.270,-149.6,-122,HAYIR,HAYIR
2026-08-19 18:09:43.783,0.79,0.25,31,1.4,0.0,0.268,-149.2,-124,HAYIR,HAYIR
2026-08-19 18:09:43.843,0.78,0.25,33,1.4,0.0,0.266,-148.5,-125,HAYIR,HAYIR
2026-08-19 18:09:43.903,0.78,0.25,33,1.4,0.0,0.263,-147.7,-127,HAYIR,HAYIR
2026-08-19 18:09:43.963,0.78,0.25,33,1.5,0.0,0.262,-147.7,-129,HAYIR,HAYIR
2026-08-19 18:09:44.023,0.78,0.25,34,1.5,0.0,0.261,-147.7,-130,HAYIR,HAYIR
2026-08-19 18:09:44.083,0.79,0.25,34,1.5,0.0,0.267,-147.3,-132,HAYIR,HAYIR
2026-08-19 18:09:44.143,0.79,0.31,34,1.6,0.0,0.265,-146.7,-134,HAYIR,HAYIR
2026-08-19 18:09:44.203,0.79,0.31,34,1.6,0.0,0.262,-145.8,-135,HAYIR,HAYIR
2026-08-19 18:09:44.263,0.79,0.31,34,1.6,0.0,0.258,-144.3,-137,HAYIR,HAYIR
2026-08-19 18:09:44.323,0.78,0.31,34,1.7,0.0,0.256,-143.7,-139,HAYIR,HAYIR
2026-08-19 18:09:44.383,0.78,0.31,34,1.7,0.0,0.255,-143.7,-140,HAYIR,HAYIR
2026-08-19 18:09:44.443,0.78,0.34,34,1.7,0.0,0.253,-142.8,-142,HAYIR,HAYIR
2026-08-19 18:09:44.503,0.80,0.34,34,1.7,0.0,0.255,-141.6,-142,HAYIR,HAYIR
2026-08-19 18:09:44.563,0.79,0.34,34,1.7,0.0,0.244,-136.5,-141,HAYIR,HAYIR
2026-08-19 18:09:44.623,0.79,0.34,34,1.7,0.0,0.240,-134.9,-139,HAYIR,HAYIR
2026-08-19 18:09:44.683,0.79,0.34,34,1.6,0.0,0.235,-132.9,-138,HAYIR,HAYIR
2026-08-19 18:09:44.743,0.79,0.34,34,1.6,0.0,0.231,-131.2,-136,HAYIR,HAYIR
2026-08-19 18:09:44.803,0.78,0.38,32,1.6,0.0,0.219,-125.8,-134,HAYIR,HAYIR
2026-08-19 18:09:44.863,0.78,0.38,34,1.6,0.0,0.210,-121.5,-133,HAYIR,HAYIR
2026-08-19 18:09:44.923,0.78,0.38,34,1.5,0.0,0.206,-119.3,-131,HAYIR,HAYIR
2026-08-19 18:09:44.983,0.80,0.38,34,1.5,0.0,0.204,-115.8,-129,HAYIR,HAYIR
2026-08-19 18:09:45.043,0.80,0.38,34,1.5,0.0,0.200,-114.3,-128,HAYIR,HAYIR
2026-08-19 18:09:45.103,0.79,0.41,34,1.4,0.0,0.190,-109.3,-126,HAYIR,HAYIR
2026-08-19 18:09:45.163,0.79,0.41,34,1.4,0.0,0.182,-105.6,-124,HAYIR,HAYIR
2026-08-19 18:09:45.223,0.79,0.41,34,1.4,0.0,0.178,-103.9,-123,HAYIR,HAYIR
2026-08-19 18:09:45.283,0.78,0.41,34,1.3,0.0,0.172,-100.8,-121,HAYIR,HAYIR
2026-08-19 18:09:45.343,0.78,0.41,34,1.3,0.0,0.169,-99.2,-119,HAYIR,HAYIR
2026-08-19 18:09:45.403,0.78,0.41,34,1.3,0.0,0.159,-94.6,-118,HAYIR,HAYIR
2026-08-19 18:09:45.463,0.79,0.41,34,1.3,0.0,0.159,-92.1,-116,HAYIR,HAYIR
2026-08-19 18:09:45.523,0.79,0.44,34,1.2,0.0,0.156,-90.7,-114,HAYIR,HAYIR
2026-08-19 18:09:45.583,0.79,0.44,34,1.2,0.0,0.152,-89.0,-112,HAYIR,HAYIR
2026-08-19 18:09:45.643,0.79,0.44,34,1.2,0.0,0.149,-87.6,-111,HAYIR,HAYIR
2026-08-19 18:09:45.703,0.79,0.44,34,1.2,0.0,0.178,-102.9,-109,HAYIR,HAYIR
2026-08-19 18:09:45.764,0.79,0.46,33,1.1,0.0,0.171,-99.5,-107,HAYIR,HAYIR
2026-08-19 18:09:45.823,0.79,0.46,34,1.1,0.0,0.167,-97.7,-106,HAYIR,HAYIR
2026-08-19 18:09:45.883,0.78,0.46,34,1.1,0.0,0.166,-97.3,-104,HAYIR,HAYIR
2026-08-19 18:09:45.943,0.78,0.46,34,1.0,0.0,0.163,-96.0,-102,HAYIR,HAYIR
2026-08-19 18:09:46.003,0.78,0.46,34,1.0,0.0,0.155,-91.9,-101,HAYIR,HAYIR
2026-08-19 18:09:46.063,0.80,0.46,34,1.0,0.0,0.153,-89.0,-99,HAYIR,HAYIR
2026-08-19 18:09:46.123,0.79,0.46,34,0.9,0.0,0.151,-87.7,-97,HAYIR,HAYIR
2026-08-19 18:09:46.183,0.79,0.47,34,0.9,0.0,0.146,-85.4,-96,HAYIR,HAYIR
2026-08-19 18:09:46.243,0.79,0.47,34,0.9,0.0,0.144,-84.3,-94,HAYIR,HAYIR
2026-08-19 18:09:46.303,0.78,0.47,34,0.9,0.0,0.140,-82.6,-92,HAYIR,HAYIR
2026-08-19 18:09:46.363,0.78,0.47,34,0.8,0.0,0.135,-80.0,-91,HAYIR,HAYIR
2026-08-19 18:09:46.423,0.78,0.47,34,0.8,0.0,0.131,-78.4,-89,HAYIR,HAYIR
2026-08-19 18:09:46.483,0.78,0.50,34,0.8,0.0,0.126,-75.9,-87,HAYIR,HAYIR
2026-08-19 18:09:46.543,0.80,0.50,34,0.8,0.0,0.130,-76.3,-86,HAYIR,HAYIR
2026-08-19 18:09:46.603,0.79,0.50,34,0.7,0.0,0.123,-72.7,-84,HAYIR,HAYIR
2026-08-19 18:09:46.663,0.79,0.50,34,0.7,0.0,0.118,-70.1,-82,HAYIR,HAYIR
2026-08-19 18:09:46.723,0.78,0.52,33,0.7,0.0,0.128,-76.2,-81,HAYIR,HAYIR
2026-08-19 18:09:46.783,0.78,0.52,34,0.7,0.0,0.123,-73.7,-79,HAYIR,HAYIR
2026-08-19 18:09:46.843,0.78,0.52,34,0.6,0.0,0.122,-73.6,-77,HAYIR,HAYIR
2026-08-19 18:09:46.903,0.79,0.52,34,0.6,0.0,0.118,-69.7,-76,HAYIR,HAYIR
2026-08-19 18:09:46.963,0.79,0.52,34,0.6,0.0,0.113,-67.0,-74,HAYIR,HAYIR
2026-08-19 18:09:47.023,0.79,0.52,34,0.5,0.0,0.110,-65.4,-72,HAYIR,HAYIR
2026-08-19 18:09:47.083,0.78,0.52,34,0.5,0.0,0.105,-63.0,-70,HAYIR,HAYIR
2026-08-19 18:09:47.143,0.78,0.55,34,0.5,0.0,0.103,-62.1,-69,HAYIR,HAYIR
2026-08-19 18:09:47.203,0.80,0.55,34,0.5,0.0,0.102,-60.2,-67,HAYIR,HAYIR
2026-08-19 18:09:47.263,0.79,0.55,34,0.4,0.0,0.097,-57.8,-65,HAYIR,HAYIR
2026-08-19 18:09:47.323,0.79,0.55,34,0.4,0.0,0.094,-56.2,-64,HAYIR,HAYIR
2026-08-19 18:09:47.383,0.79,0.55,34,0.4,0.0,0.090,-53.8,-62,HAYIR,HAYIR
2026-08-19 18:09:47.443,0.78,0.58,34,0.3,0.0,0.088,-52.9,-60,HAYIR,HAYIR
2026-08-19 18:09:47.503,0.78,0.58,34,0.3,0.0,0.081,-49.2,-59,HAYIR,HAYIR
2026-08-19 18:09:47.563,0.79,0.58,34,0.3,0.0,0.079,-47.1,-57,HAYIR,HAYIR
2026-08-19 18:09:47.623,0.79,0.58,34,0.2,0.0,0.077,-45.7,-55,HAYIR,HAYIR
2026-08-19 18:09:47.683,0.79,0.58,34,0.2,0.0,0.073,-43.6,-54,HAYIR,HAYIR
2026-08-19 18:09:47.743,0.79,0.58,34,0.2,0.0,0.071,-42.6,-52,HAYIR,HAYIR
2026-08-19 18:09:47.803,0.78,0.62,33,0.2,0.0,0.067,-40.4,-50,HAYIR,HAYIR
2026-08-19 18:09:47.863,0.80,0.62,34,0.2,0.0,0.064,-38.3,-49,HAYIR,HAYIR
2026-08-19 18:09:47.923,0.79,0.62,34,0.1,0.0,0.069,-41.4,-47,HAYIR,HAYIR
2026-08-19 18:09:47.983,0.78,0.62,34,0.1,0.0,0.065,-39.3,-45,HAYIR,HAYIR
2026-08-19 18:09:48.043,0.78,0.62,33,0.1,0.0,0.063,-38.3,-44,HAYIR,HAYIR
2026-08-19 18:09:48.103,0.80,0.66,34,0.0,0.0,0.060,-35.5,-42,HAYIR,HAYIR
2026-08-19 18:09:48.163,0.79,0.66,33,0.0,0.0,0.056,-33.7,-40,HAYIR,HAYIR
2026-08-19 18:09:48.223,0.79,0.66,33,0.0,0.0,0.054,-32.4,-39,HAYIR,HAYIR
2026-08-19 18:09:48.283,0.78,0.66,33,0.0,0.0,0.050,-30.5,-37,HAYIR,HAYIR
2026-08-19 18:09:48.343,0.78,0.66,33,0.0,0.0,0.049,-29.6,-35,HAYIR,HAYIR
2026-08-19 18:09:48.403,0.80,0.71,32,0.0,0.0,0.045,-27.0,-34,HAYIR,HAYIR
2026-08-19 18:09:48.463,0.79,0.71,33,0.0,0.0,0.042,-25.4,-32,HAYIR,HAYIR
2026-08-19 18:09:48.523,0.79,0.71,33,0.0,0.0,0.041,-24.5,-30,HAYIR,HAYIR
2026-08-19 18:09:48.583,0.78,0.71,33,0.0,0.0,0.038,-23.0,-28,HAYIR,HAYIR
2026-08-19 18:09:48.643,0.78,0.71,33,0.0,0.0,0.036,-22.2,-27,HAYIR,HAYIR
2026-08-19 18:09:48.703,0.79,0.71,33,0.0,0.0,0.034,-20.4,-25,HAYIR,HAYIR
2026-08-19 18:09:48.763,0.79,0.71,33,0.0,0.0,0.032,-19.5,-23,HAYIR,HAYIR
2026-08-19 18:09:48.823,0.79,0.76,33,0.0,0.0,0.031,-18.7,-22,HAYIR,HAYIR
2026-08-19 18:09:48.883,0.78,0.76,33,0.0,0.0,0.000,-0.0,-20,HAYIR,HAYIR
2026-08-19 18:09:48.943,0.78,0.76,33,0.0,0.0,0.000,-0.0,-18,HAYIR,HAYIR
2026-08-19 18:09:49.003,0.79,0.76,33,0.0,0.0,0.000,-0.0,-17,HAYIR,HAYIR
2026-08-19 18:09:49.063,0.79,0.76,33,0.0,0.0,0.000,-0.0,-15,HAYIR,HAYIR
2026-08-19 18:09:49.123,0.78,0.79,28,0.0,0.0,0.000,-0.0,-13,HAYIR,HAYIR
2026-08-19 18:09:49.183,0.78,0.79,28,0.0,0.0,0.000,-0.0,-12,HAYIR,HAYIR
2026-08-19 18:09:49.243,0.80,0.79,33,0.0,0.0,0.000,-0.0,-10,HAYIR,HAYIR
2026-08-19 18:09:49.303,0.79,0.79,28,0.0,0.0,0.000,-0.0,-8,HAYIR,HAYIR
2026-08-19 18:09:49.363,0.78,0.79,28,0.0,0.0,0.000,-0.0,-7,HAYIR,HAYIR
2026-08-19 18:09:49.423,0.78,0.84,28,0.0,0.0,0.000,-0.0,-5,HAYIR,HAYIR
2026-08-19 18:09:49.483,0.79,0.84,28,0.0,0.0,0.000,-0.0,-3,HAYIR,HAYIR
2026-08-19 18:09:49.543,0.79,0.84,28,0.0,0.0,0.000,-0.0,-2,HAYIR,HAYIR
2026-08-19 18:09:49.603,0.78,0.84,28,0.0,0.0,0.000,-0.0,0,HAYIR,HAYIR
2026-08-19 18:09:49.663,0.80,0.84,28,0.0,0.0,0.000,-0.0,0,HAYIR,HAYIR
2026-08-19 18:09:49.723,0.79,0.84,28,0.0,0.0,0.000,-0.0,0,HAYIR,HAYIR
2026-08-19 18:09:49.783,0.79,0.88,28,0.0,0.0,0.000,-0.0,0,HAYIR,HAYIR
2026-08-19 18:09:49.843,0.78,0.88,28,0.0,0.0,0.000,-0.0,0,HAYIR,HAYIR
2026-08-19 18:09:49.903,0.80,0.88,28,0.0,0.0,0.000,-0.0,0,HAYIR,HAYIR
2026-08-19 18:09:49.963,0.79,0.88,28,0.0,0.0,0.000,-0.0,0,HAYIR,HAYIR
2026-08-19 18:09:50.023,0.79,0.88,28,0.0,0.0,0.000,-0.0,0,HAYIR,HAYIR
2026-08-19 18:09:50.083,0.78,0.93,28,0.0,0.0,0.000,-0.0,0,HAYIR,HAYIR
2026-08-19 18:09:50.143,0.78,0.93,28,0.0,0.0,0.000,-0.0,0,HAYIR,HAYIR
2026-08-19 18:09:50.203,0.79,0.93,28,0.0,0.0,0.000,-0.0,0,HAYIR,HAYIR
2026-08-19 18:09:50.263,0.78,0.93,28,0.0,0.0,0.000,-0.0,0,HAYIR,HAYIR
2026-08-19 18:09:50.323,0.78,0.93,28,0.0,0.0,0.000,-0.0,0,HAYIR,HAYIR
2026-08-19 18:09:50.383,0.79,0.93,28,0.0,0.0,0.000,-0.0,0,HAYIR,HAYIR
2026-08-19 18:09:50.443,0.79,0.92,28,0.0,0.0,0.000,-0.0,0,HAYIR,HAYIR
2026-08-19 18:09:50.503,0.78,0.92,28,0.0,0.0,0.000,-0.0,0,HAYIR,HAYIR
2026-08-19 18:09:50.563,0.79,0.92,28,0.0,0.0,0.000,-0.0,0,HAYIR,HAYIR
2026-08-19 18:09:50.623,0.79,0.92,28,0.0,0.0,0.000,-0.0,0,HAYIR,HAYIR
2026-08-19 18:09:50.683,0.79,0.92,28,0.0,0.0,0.000,-0.0,0,HAYIR,HAYIR
2026-08-19 18:09:50.743,0.78,0.92,28,0.0,0.0,0.000,-0.0,0,HAYIR,HAYIR
2026-08-19 18:09:50.803,0.79,0.91,28,0.0,0.0,0.000,-0.0,0,HAYIR,HAYIR
2026-08-19 18:09:50.863,0.79,0.91,28,0.0,0.0,0.000,-0.0,0,HAYIR,HAYIR
2026-08-19 18:09:50.923,0.79,0.91,28,0.0,0.0,0.000,-0.0,0,HAYIR,HAYIR
2026-08-19 18:09:50.983,0.78,0.91,28,0.0,0.0,0.000,-0.0,0,HAYIR,HAYIR
2026-08-19 18:09:51.043,0.78,0.91,28,0.0,0.0,0.000,-0.0,0,HAYIR,HAYIR
2026-08-19 18:09:51.103,0.79,0.88,28,0.0,0.0,0.000,-0.0,0,HAYIR,HAYIR
2026-08-19 18:09:51.163,0.78,0.88,28,0.0,0.0,0.000,-0.0,0,HAYIR,HAYIR
2026-08-19 18:09:51.223,0.80,0.88,28,0.0,0.0,0.000,-0.0,0,HAYIR,HAYIR
2026-08-19 18:09:51.283,0.79,0.88,28,0.0,0.0,0.000,-0.0,0,HAYIR,HAYIR
2026-08-19 18:09:51.343,0.79,0.88,28,0.0,0.0,0.000,-0.0,0,HAYIR,HAYIR
2026-08-19 18:09:51.403,0.78,0.85,28,0.0,0.0,0.000,-0.0,0,HAYIR,HAYIR
2026-08-19 18:09:51.463,0.78,0.85,28,0.0,0.0,0.000,-0.0,0,HAYIR,HAYIR
2026-08-19 18:09:51.523,0.79,0.85,28,0.0,0.0,0.000,-0.0,0,HAYIR,HAYIR
2026-08-19 18:09:51.583,0.79,0.85,28,0.0,0.0,0.000,-0.0,0,HAYIR,HAYIR
2026-08-19 18:09:51.643,0.79,0.85,28,0.0,0.0,0.000,-0.0,0,HAYIR,HAYIR
2026-08-19 18:09:51.703,0.78,0.85,28,0.0,0.0,0.000,-0.0,0,HAYIR,HAYIR
2026-08-19 18:09:51.763,0.80,0.83,28,0.0,0.0,0.000,-0.0,0,HAYIR,HAYIR
2026-08-19 18:09:51.823,0.79,0.83,28,0.0,0.0,0.000,-0.0,0,HAYIR,HAYIR
2026-08-19 18:09:51.883,0.79,0.83,28,0.0,0.0,0.000,-0.0,0,HAYIR,HAYIR
2026-08-19 18:09:51.943,0.79,0.83,28,0.0,0.0,0.000,-0.0,0,HAYIR,HAYIR
2026-08-19 18:09:52.003,0.78,0.83,28,0.0,0.0,0.000,-0.0,0,HAYIR,HAYIR
2026-08-19 18:09:52.063,0.78,0.83,28,0.0,0.0,0.000,-0.0,0,HAYIR,HAYIR
2026-08-19 18:09:52.123,0.79,0.82,28,0.0,0.0,0.000,-0.0,0,HAYIR,HAYIR
2026-08-19 18:09:52.183,0.79,0.82,28,0.0,0.0,0.000,-0.0,0,HAYIR,HAYIR
2026-08-19 18:09:52.243,0.79,0.82,28,0.0,0.0,0.000,-0.0,0,HAYIR,HAYIR
2026-08-19 18:09:52.303,0.78,0.82,28,0.0,0.0,0.000,-0.0,0,HAYIR,HAYIR
2026-08-19 18:09:52.363,0.78,0.82,28,0.0,0.0,0.000,-0.0,0,HAYIR,HAYIR
2026-08-19 18:09:52.423,0.79,0.82,28,0.0,0.0,0.000,-0.0,0,HAYIR,HAYIR
2026-08-19 18:09:52.483,0.78,0.82,28,0.0,0.0,0.000,-0.0,0,HAYIR,HAYIR
2026-08-19 18:09:52.543,0.78,0.82,28,0.0,0.0,0.000,-0.0,0,HAYIR,HAYIR
2026-08-19 18:09:52.603,0.80,0.82,28,0.0,0.0,0.000,-0.0,0,HAYIR,HAYIR
2026-08-19 18:09:52.663,0.79,0.82,28,0.0,0.0,0.000,-0.0,0,HAYIR,HAYIR
2026-08-19 18:09:52.723,0.79,0.82,28,0.0,0.0,0.000,-0.0,0,HAYIR,HAYIR
2026-08-19 18:09:52.783,0.79,0.78,33,0.0,0.0,0.000,-0.0,0,HAYIR,HAYIR
2026-08-19 18:09:52.843,0.78,0.78,33,0.0,0.0,0.000,-0.0,0,HAYIR,HAYIR
2026-08-19 18:09:52.903,0.78,0.78,28,0.0,0.0,0.000,-0.0,0,HAYIR,HAYIR
2026-08-19 18:09:52.963,0.80,0.78,33,0.0,0.0,0.000,-0.0,0,HAYIR,HAYIR
2026-08-19 18:09:53.023,0.79,0.78,33,0.0,0.0,0.000,-0.0,0,HAYIR,HAYIR
2026-08-19 18:09:53.083,0.79,0.75,34,0.0,0.0,0.000,-0.0,0,HAYIR,HAYIR
2026-08-19 18:09:53.143,0.79,0.75,33,0.0,0.0,0.000,-0.0,0,HAYIR,HAYIR
2026-08-19 18:09:53.203,0.78,0.75,33,0.0,0.0,0.000,-0.0,0,HAYIR,HAYIR
2026-08-19 18:09:53.263,0.78,0.75,33,0.0,0.0,0.000,-0.0,0,HAYIR,HAYIR
2026-08-19 18:09:53.323,0.80,0.75,33,0.0,0.0,0.000,-0.0,0,HAYIR,HAYIR
2026-08-19 18:09:53.383,0.79,0.75,33,0.0,0.0,0.000,-0.0,0,HAYIR,HAYIR
2026-08-19 18:09:53.443,0.79,0.72,33,0.0,0.0,0.000,-0.0,0,HAYIR,HAYIR
2026-08-19 18:09:53.503,0.78,0.72,33,0.0,0.0,0.000,-0.0,0,HAYIR,HAYIR
2026-08-19 18:09:53.563,0.80,0.72,33,0.0,0.0,0.030,-18.0,-1,HAYIR,HAYIR
2026-08-19 18:09:53.623,0.79,0.72,33,0.0,0.0,0.030,-18.1,-2,HAYIR,HAYIR
2026-08-19 18:09:53.683,0.79,0.72,33,0.0,0.0,0.000,-0.0,-2,HAYIR,HAYIR
2026-08-19 18:09:53.743,0.79,0.72,33,0.0,0.0,0.030,-18.1,-3,HAYIR,HAYIR
2026-08-19 18:09:53.803,0.78,0.72,33,0.0,0.0,0.000,-0.0,-2,HAYIR,HAYIR
2026-08-19 18:09:53.863,0.78,0.72,33,0.0,0.0,0.030,-18.5,-1,HAYIR,HAYIR
2026-08-19 18:09:53.923,0.80,0.72,33,0.0,0.0,0.031,-18.6,-3,HAYIR,HAYIR
2026-08-19 18:09:53.983,0.79,0.72,33,0.0,0.0,0.031,-18.6,-4,HAYIR,HAYIR
2026-08-19 18:09:54.043,0.79,0.72,33,0.0,0.0,0.031,-18.6,-6,HAYIR,HAYIR
2026-08-19 18:09:54.103,0.78,0.75,32,0.0,0.0,0.031,-18.8,-8,HAYIR,HAYIR
2026-08-19 18:09:54.163,0.78,0.75,33,0.0,0.0,0.030,-18.4,-10,HAYIR,HAYIR
2026-08-19 18:09:54.223,0.80,0.75,33,0.0,0.0,0.031,-18.5,-11,HAYIR,HAYIR
2026-08-19 18:09:54.283,0.79,0.75,33,0.0,0.0,0.031,-18.5,-13,HAYIR,HAYIR
2026-08-19 18:09:54.343,0.79,0.75,33,0.0,0.0,0.031,-18.6,-15,HAYIR,HAYIR
2026-08-19 18:09:54.403,0.78,0.75,33,0.0,0.0,0.031,-18.8,-16,HAYIR,HAYIR
2026-08-19 18:09:54.463,0.78,0.80,28,0.0,0.0,0.031,-18.8,-18,HAYIR,HAYIR
2026-08-19 18:09:54.523,0.79,0.80,28,0.0,0.0,0.000,-0.0,-17,HAYIR,HAYIR
2026-08-19 18:09:54.583,0.79,0.80,28,0.0,0.0,0.000,-0.0,-16,HAYIR,HAYIR
2026-08-19 18:09:54.643,0.79,0.80,28,0.0,0.0,0.000,-0.0,-14,HAYIR,HAYIR
2026-08-19 18:09:54.703,0.78,0.80,28,0.0,0.0,0.000,-0.0,-12,HAYIR,HAYIR
2026-08-19 18:09:54.763,0.78,0.87,28,0.0,0.0,0.000,-0.0,-11,HAYIR,HAYIR
2026-08-19 18:09:54.823,0.79,0.87,28,0.0,0.0,0.000,-0.0,-9,HAYIR,HAYIR
2026-08-19 18:09:54.883,0.79,0.87,28,0.0,0.0,0.000,-0.0,-7,HAYIR,HAYIR
2026-08-19 18:09:54.943,0.79,0.87,28,0.0,0.0,0.000,-0.0,-6,HAYIR,HAYIR
2026-08-19 18:09:55.003,0.78,0.87,28,0.0,0.0,0.000,-0.0,-4,HAYIR,HAYIR
2026-08-19 18:09:55.063,0.79,0.91,28,0.0,0.0,0.000,-0.0,-2,HAYIR,HAYIR
2026-08-19 18:09:55.123,0.79,0.91,28,0.0,0.0,0.000,-0.0,-1,HAYIR,HAYIR
2026-08-19 18:09:55.183,0.78,0.91,28,0.0,0.0,0.000,-0.0,0,HAYIR,HAYIR
2026-08-19 18:09:55.243,0.78,0.91,28,0.0,0.0,0.000,-0.0,0,HAYIR,HAYIR
2026-08-19 18:09:55.303,0.79,0.91,28,0.0,0.0,0.000,-0.0,0,HAYIR,HAYIR
2026-08-19 18:09:55.363,0.78,0.91,28,0.0,0.0,0.000,-0.0,0,HAYIR,HAYIR
2026-08-19 18:09:55.423,0.78,0.91,28,0.0,0.0,0.000,-0.0,0,HAYIR,HAYIR
2026-08-19 18:09:55.483,0.79,0.92,28,0.0,0.0,0.000,-0.0,0,HAYIR,HAYIR
2026-08-19 18:09:55.543,0.79,0.92,28,0.0,0.0,0.000,-0.0,0,HAYIR,HAYIR
2026-08-19 18:09:55.603,0.78,0.92,28,0.0,0.0,0.000,-0.0,0,HAYIR,HAYIR
2026-08-19 18:09:55.663,0.80,0.92,28,0.0,0.0,0.000,-0.0,0,HAYIR,HAYIR
2026-08-19 18:09:55.723,0.79,0.92,28,0.0,0.0,0.000,-0.0,0,HAYIR,HAYIR
2026-08-19 18:09:55.783,0.79,0.91,28,0.0,0.0,0.000,-0.0,0,HAYIR,HAYIR
2026-08-19 18:09:55.843,0.79,0.91,28,0.0,0.0,0.000,-0.0,0,HAYIR,HAYIR
2026-08-19 18:09:55.903,0.80,0.91,28,0.0,0.0,0.000,-0.0,0,HAYIR,HAYIR
2026-08-19 18:09:55.963,0.79,0.91,28,0.0,0.0,0.000,-0.0,0,HAYIR,HAYIR
2026-08-19 18:09:56.023,0.79,0.91,28,0.0,0.0,0.000,-0.0,0,HAYIR,HAYIR
2026-08-19 18:09:56.083,0.78,0.87,28,0.0,0.0,0.000,-0.0,0,HAYIR,HAYIR
2026-08-19 18:09:56.143,0.78,0.87,28,0.0,0.0,0.000,-0.0,0,HAYIR,HAYIR
2026-08-19 18:09:56.203,0.79,0.87,28,0.0,0.0,0.000,-0.0,0,HAYIR,HAYIR
2026-08-19 18:09:56.263,0.79,0.87,28,0.0,0.0,0.000,-0.0,0,HAYIR,HAYIR
2026-08-19 18:09:56.323,0.78,0.87,28,0.0,0.0,0.000,-0.0,0,HAYIR,HAYIR
2026-08-19 18:09:56.383,0.78,0.87,28,0.0,0.0,0.000,-0.0,0,HAYIR,HAYIR
2026-08-19 18:09:56.443,0.78,0.83,28,0.0,0.0,0.000,-0.0,0,HAYIR,HAYIR
2026-08-19 18:09:56.503,0.79,0.83,28,0.0,0.0,0.000,-0.0,0,HAYIR,HAYIR
2026-08-19 18:09:56.563,0.79,0.83,28,0.0,0.0,0.000,-0.0,0,HAYIR,HAYIR
2026-08-19 18:09:56.623,0.78,0.83,28,0.0,0.0,0.000,-0.0,0,HAYIR,HAYIR
2026-08-19 18:09:56.683,0.78,0.83,28,0.0,0.0,0.000,-0.0,0,HAYIR,HAYIR
2026-08-19 18:09:56.743,0.78,0.83,28,0.0,0.0,0.000,-0.0,0,HAYIR,HAYIR
2026-08-19 18:09:56.803,0.79,0.83,28,0.0,0.0,0.000,-0.0,0,HAYIR,HAYIR
2026-08-19 18:09:56.863,0.79,0.83,28,0.0,0.0,0.000,-0.0,0,HAYIR,HAYIR
2026-08-19 18:09:56.923,0.79,0.83,28,0.0,0.0,0.000,-0.0,0,HAYIR,HAYIR
2026-08-19 18:09:56.983,0.78,0.83,28,0.0,0.0,0.000,-0.0,0,HAYIR,HAYIR
2026-08-19 18:09:57.043,0.78,0.83,28,0.0,0.0,0.000,-0.0,0,HAYIR,HAYIR
2026-08-19 18:09:57.103,0.79,0.83,28,0.0,0.0,0.000,-0.0,0,HAYIR,HAYIR
2026-08-19 18:09:57.163,0.79,0.77,33,0.0,0.0,0.000,-0.0,0,HAYIR,HAYIR
2026-08-19 18:09:57.223,0.79,0.77,33,0.0,0.0,0.000,-0.0,0,HAYIR,HAYIR
2026-08-19 18:09:57.283,0.79,0.77,33,0.0,0.0,0.000,-0.0,0,HAYIR,HAYIR
2026-08-19 18:09:57.343,0.78,0.77,33,0.0,0.0,0.000,-0.0,0,HAYIR,HAYIR
2026-08-19 18:09:57.403,0.78,0.77,32,0.0,0.0,0.000,-0.0,0,HAYIR,HAYIR
2026-08-19 18:09:57.463,0.80,0.74,33,0.0,0.0,0.000,-0.0,0,HAYIR,HAYIR
2026-08-19 18:09:57.523,0.79,0.74,33,0.0,0.0,0.000,-0.0,0,HAYIR,HAYIR
2026-08-19 18:09:57.583,0.79,0.74,33,0.0,0.0,0.000,-0.0,0,HAYIR,HAYIR
2026-08-19 18:09:57.643,0.79,0.74,33,0.0,0.0,0.000,-0.0,0,HAYIR,HAYIR
2026-08-19 18:09:57.703,0.78,0.74,33,0.0,0.0,0.000,-0.0,0,HAYIR,HAYIR
2026-08-19 18:09:57.763,0.78,0.69,34,0.0,0.0,0.000,-0.0,0,HAYIR,HAYIR
2026-08-19 18:09:57.823,0.78,0.69,33,0.0,0.0,0.000,-0.0,0,HAYIR,HAYIR
2026-08-19 18:09:57.883,0.80,0.69,33,0.0,0.0,0.032,-18.8,-1,HAYIR,HAYIR
2026-08-19 18:09:57.943,0.79,0.69,33,0.0,0.0,0.031,-18.9,-3,HAYIR,HAYIR
2026-08-19 18:09:58.003,0.78,0.69,33,0.0,0.0,0.031,-18.9,-4,HAYIR,HAYIR
2026-08-19 18:09:58.063,0.78,0.69,33,0.0,0.0,0.031,-19.1,-6,HAYIR,HAYIR
2026-08-19 18:09:58.123,0.80,0.68,33,0.0,0.0,0.032,-19.2,-8,HAYIR,HAYIR
2026-08-19 18:09:58.183,0.79,0.68,33,0.0,0.0,0.033,-19.9,-10,HAYIR,HAYIR
2026-08-19 18:09:58.243,0.79,0.68,33,0.0,0.0,0.033,-20.0,-11,HAYIR,HAYIR
2026-08-19 18:09:58.303,0.79,0.68,33,0.0,0.0,0.033,-20.2,-13,HAYIR,HAYIR
2026-08-19 18:09:58.363,0.78,0.68,33,0.0,0.0,0.033,-20.2,-15,HAYIR,HAYIR
2026-08-19 18:09:58.423,0.78,0.70,33,0.0,0.0,0.033,-20.2,-16,HAYIR,HAYIR
2026-08-19 18:09:58.483,0.80,0.70,33,0.0,0.0,0.034,-20.2,-18,HAYIR,HAYIR
2026-08-19 18:09:58.543,0.79,0.70,33,0.0,0.0,0.034,-20.3,-20,HAYIR,HAYIR
2026-08-19 18:09:58.603,0.79,0.70,33,0.0,0.0,0.034,-20.4,-20,HAYIR,HAYIR
2026-08-19 18:09:58.663,0.78,0.70,33,0.0,0.0,0.033,-20.3,-20,HAYIR,HAYIR
2026-08-19 18:09:58.723,0.78,0.70,33,0.0,0.0,0.033,-20.2,-20,HAYIR,HAYIR
2026-08-19 18:09:58.783,0.80,0.73,32,0.0,0.0,0.033,-19.9,-20,HAYIR,HAYIR
2026-08-19 18:09:58.843,0.80,0.73,33,0.0,0.0,0.033,-19.7,-20,HAYIR,HAYIR
2026-08-19 18:09:58.903,0.79,0.73,33,0.0,0.0,0.030,-18.3,-18,HAYIR,HAYIR
2026-08-19 18:09:58.963,0.78,0.73,33,0.0,0.0,0.000,-0.0,-18,HAYIR,HAYIR
2026-08-19 18:09:59.023,0.78,0.73,33,0.0,0.0,0.000,-0.0,-16,HAYIR,HAYIR
2026-08-19 18:09:59.083,0.78,0.73,33,0.0,0.0,0.066,-40.0,-17,HAYIR,HAYIR
2026-08-19 18:09:59.143,0.78,0.78,28,0.0,0.0,0.065,-39.8,-18,HAYIR,HAYIR
2026-08-19 18:09:59.203,0.79,0.78,33,0.0,0.0,0.061,-36.8,-20,HAYIR,HAYIR
2026-08-19 18:09:59.263,0.78,0.78,28,0.0,0.0,0.060,-36.5,-22,HAYIR,HAYIR
2026-08-19 18:09:59.323,0.78,0.78,28,0.0,0.0,0.060,-36.4,-23,HAYIR,HAYIR
2026-08-19 18:09:59.383,0.78,0.78,28,0.0,0.0,0.059,-36.1,-25,HAYIR,HAYIR
2026-08-19 18:09:59.443,0.80,0.84,28,0.0,0.0,0.061,-36.1,-27,HAYIR,HAYIR
2026-08-19 18:09:59.503,0.78,0.84,28,0.0,0.0,0.054,-32.6,-28,HAYIR,HAYIR
2026-08-19 18:09:59.563,0.78,0.84,28,0.0,0.0,0.053,-32.2,-30,HAYIR,HAYIR
2026-08-19 18:09:59.623,0.78,0.84,28,0.0,0.0,0.053,-32.1,-32,HAYIR,HAYIR
2026-08-19 18:09:59.683,0.79,0.84,28,0.0,0.0,0.053,-31.6,-32,HAYIR,HAYIR
2026-08-19 18:09:59.743,0.79,0.89,28,0.0,0.0,0.052,-31.3,-31,HAYIR,HAYIR
2026-08-19 18:09:59.803,0.78,0.89,28,0.0,0.0,0.046,-28.1,-30,HAYIR,HAYIR
2026-08-19 18:09:59.863,0.79,0.89,28,0.0,0.0,0.046,-27.5,-28,HAYIR,HAYIR
2026-08-19 18:09:59.923,0.79,0.89,28,0.0,0.0,0.046,-27.3,-27,HAYIR,HAYIR
2026-08-19 18:09:59.983,0.78,0.89,28,0.0,0.0,0.044,-26.8,-27,HAYIR,HAYIR
2026-08-19 18:10:00.043,0.78,0.89,28,0.0,0.0,0.044,-26.5,-26,HAYIR,HAYIR
2026-08-19 18:10:00.103,0.80,0.92,28,0.0,0.0,0.038,-22.5,-25,HAYIR,HAYIR
2026-08-19 18:10:00.163,0.79,0.92,28,0.0,0.0,0.034,-20.3,-23,HAYIR,HAYIR
2026-08-19 18:10:00.223,0.79,0.92,28,0.0,0.0,0.033,-20.0,-22,HAYIR,HAYIR
2026-08-19 18:10:00.283,0.78,0.92,28,0.0,0.0,0.032,-19.2,-20,HAYIR,HAYIR
2026-08-19 18:10:00.343,0.78,0.92,28,0.0,0.0,0.031,-18.9,-19,HAYIR,HAYIR
2026-08-19 18:10:00.403,0.79,0.92,28,0.0,0.0,0.000,-0.0,-18,HAYIR,HAYIR
2026-08-19 18:10:00.463,0.78,0.92,28,0.0,0.0,0.000,-0.0,-16,HAYIR,HAYIR
2026-08-19 18:10:00.523,0.78,0.92,28,0.0,0.0,0.000,-0.0,-14,HAYIR,HAYIR
2026-08-19 18:10:00.583,0.79,0.92,28,0.0,0.0,0.000,-0.0,-13,HAYIR,HAYIR
2026-08-19 18:10:00.643,0.79,0.92,28,0.0,0.0,0.000,-0.0,-11,HAYIR,HAYIR
2026-08-19 18:10:00.703,0.78,0.92,28,0.0,0.0,0.000,-0.0,-9,HAYIR,HAYIR
2026-08-19 18:10:00.763,0.80,0.90,28,0.0,0.0,0.000,-0.0,-8,HAYIR,HAYIR
2026-08-19 18:10:00.823,0.79,0.90,28,0.0,0.0,0.000,-0.0,-6,HAYIR,HAYIR
2026-08-19 18:10:00.883,0.79,0.90,28,0.0,0.0,0.000,-0.0,-4,HAYIR,HAYIR
2026-08-19 18:10:00.943,0.78,0.90,28,0.0,0.0,0.000,-0.0,-3,HAYIR,HAYIR
2026-08-19 18:10:01.003,0.80,0.90,28,0.0,0.0,0.000,-0.0,-1,HAYIR,HAYIR
2026-08-19 18:10:01.063,0.79,0.90,28,0.0,0.0,0.000,-0.0,0,HAYIR,HAYIR
2026-08-19 18:10:01.123,0.79,0.89,28,0.0,0.0,0.000,-0.0,0,HAYIR,HAYIR
2026-08-19 18:10:01.183,0.78,0.89,28,0.0,0.0,0.000,-0.0,0,HAYIR,HAYIR
2026-08-19 18:10:01.243,0.79,0.89,28,0.0,0.0,0.000,-0.0,0,HAYIR,HAYIR
2026-08-19 18:10:01.303,0.79,0.89,28,0.0,0.0,0.000,-0.0,0,HAYIR,HAYIR
2026-08-19 18:10:01.363,0.78,0.89,28,0.0,0.0,0.000,-0.0,0,HAYIR,HAYIR
2026-08-19 18:10:01.423,0.78,0.85,28,0.0,0.0,0.000,-0.0,0,HAYIR,HAYIR
2026-08-19 18:10:01.483,0.80,0.85,28,0.0,0.0,0.000,-0.0,0,HAYIR,HAYIR
2026-08-19 18:10:01.543,0.79,0.85,28,0.0,0.0,0.000,-0.0,0,HAYIR,HAYIR
2026-08-19 18:10:01.603,0.78,0.85,28,0.0,0.0,0.000,-0.0,0,HAYIR,HAYIR
2026-08-19 18:10:01.663,0.78,0.85,28,0.0,0.0,0.000,-0.0,0,HAYIR,HAYIR
2026-08-19 18:10:01.723,0.78,0.82,28,0.0,0.0,0.000,-0.0,0,HAYIR,HAYIR
2026-08-19 18:10:01.783,0.79,0.82,28,0.0,0.0,0.000,-0.0,0,HAYIR,HAYIR
2026-08-19 18:10:01.843,0.79,0.82,28,0.0,0.0,0.000,-0.0,0,HAYIR,HAYIR
2026-08-19 18:10:01.903,0.79,0.82,28,0.0,0.0,0.000,-0.0,0,HAYIR,HAYIR
2026-08-19 18:10:01.963,0.78,0.82,28,0.0,0.0,0.000,-0.0,0,HAYIR,HAYIR
2026-08-19 18:10:02.023,0.78,0.82,28,0.0,0.0,0.000,-0.0,0,HAYIR,HAYIR
2026-08-19 18:10:02.083,0.80,0.82,28,0.0,0.0,0.000,-0.0,0,HAYIR,HAYIR
2026-08-19 18:10:02.143,0.79,0.77,32,0.0,0.0,0.000,-0.0,0,HAYIR,HAYIR
2026-08-19 18:10:02.203,0.79,0.77,32,0.0,0.0,0.000,-0.0,0,HAYIR,HAYIR
2026-08-19 18:10:02.263,0.79,0.77,32,0.0,0.0,0.000,-0.0,0,HAYIR,HAYIR
2026-08-19 18:10:02.323,0.78,0.77,32,0.0,0.0,0.000,-0.0,0,HAYIR,HAYIR
2026-08-19 18:10:02.383,0.80,0.77,33,0.0,0.0,0.000,-0.0,0,HAYIR,HAYIR
2026-08-19 18:10:02.443,0.79,0.72,35,0.0,0.0,0.000,-0.0,0,HAYIR,HAYIR
2026-08-19 18:10:02.503,0.79,0.72,33,0.0,0.0,0.000,-0.0,0,HAYIR,HAYIR
2026-08-19 18:10:02.563,0.78,0.72,32,0.0,0.0,0.000,-0.0,0,HAYIR,HAYIR
2026-08-19 18:10:02.623,0.78,0.72,33,0.0,0.0,0.000,-0.0,0,HAYIR,HAYIR
2026-08-19 18:10:02.683,0.78,0.72,33,0.0,0.0,0.000,-0.0,0,HAYIR,HAYIR
2026-08-19 18:10:02.743,0.78,0.72,33,0.0,0.0,0.000,-0.0,0,HAYIR,HAYIR
2026-08-19 18:10:02.803,0.79,0.67,33,0.0,0.0,0.000,-0.0,0,HAYIR,HAYIR
2026-08-19 18:10:02.863,0.79,0.67,33,0.0,0.0,0.000,-0.0,0,HAYIR,HAYIR
2026-08-19 18:10:02.923,0.79,0.67,33,0.0,0.0,0.000,-0.0,0,HAYIR,HAYIR
2026-08-19 18:10:02.983,0.79,0.67,33,0.0,0.0,0.000,-0.0,0,HAYIR,HAYIR
2026-08-19 18:10:03.043,0.78,0.67,33,0.0,0.0,0.000,-0.0,0,HAYIR,HAYIR
2026-08-19 18:10:03.103,0.78,0.65,33,0.0,0.0,0.000,-0.0,0,HAYIR,HAYIR
2026-08-19 18:10:03.163,0.78,0.65,33,0.0,0.0,0.030,-18.4,-1,HAYIR,HAYIR
2026-08-19 18:10:03.223,0.80,0.65,33,0.0,0.0,0.031,-18.4,-2,HAYIR,HAYIR
2026-08-19 18:10:03.283,0.79,0.65,33,0.0,0.0,0.031,-18.6,-4,HAYIR,HAYIR
2026-08-19 18:10:03.343,0.79,0.65,33,0.0,0.0,0.031,-18.6,-6,HAYIR,HAYIR
2026-08-19 18:10:03.403,0.79,0.65,33,0.0,0.0,0.031,-19.0,-7,HAYIR,HAYIR
2026-08-19 18:10:03.463,0.78,0.65,33,0.0,0.0,0.040,-24.3,-9,HAYIR,HAYIR
2026-08-19 18:10:03.523,0.78,0.65,33,0.0,0.0,0.040,-24.4,-11,HAYIR,HAYIR
2026-08-19 18:10:03.583,0.79,0.65,33,0.0,0.0,0.042,-24.9,-12,HAYIR,HAYIR
2026-08-19 18:10:03.643,0.79,0.65,33,0.0,0.0,0.042,-25.0,-14,HAYIR,HAYIR
2026-08-19 18:10:03.703,0.79,0.65,33,0.0,0.0,0.042,-25.6,-16,HAYIR,HAYIR
2026-08-19 18:10:03.763,0.78,0.65,33,0.0,0.0,0.043,-26.0,-17,HAYIR,HAYIR
2026-08-19 18:10:03.823,0.78,0.67,33,0.0,0.0,0.043,-26.0,-19,HAYIR,HAYIR
2026-08-19 18:10:03.883,0.80,0.67,33,0.0,0.0,0.042,-25.1,-21,HAYIR,HAYIR
2026-08-19 18:10:03.943,0.80,0.67,33,0.0,0.0,0.042,-25.2,-22,HAYIR,HAYIR
2026-08-19 18:10:04.003,0.79,0.67,33,0.0,0.0,0.043,-25.6,-24,HAYIR,HAYIR
2026-08-19 18:10:04.063,0.78,0.67,33,0.0,0.0,0.043,-25.8,-26,HAYIR,HAYIR
2026-08-19 18:10:04.123,0.78,0.70,33,0.0,0.0,0.042,-25.7,-26,HAYIR,HAYIR
2026-08-19 18:10:04.183,0.78,0.70,33,0.0,0.0,0.038,-23.4,-25,HAYIR,HAYIR
2026-08-19 18:10:04.243,0.80,0.70,33,0.0,0.0,0.039,-23.3,-23,HAYIR,HAYIR
2026-08-19 18:10:04.303,0.79,0.70,33,0.0,0.0,0.038,-23.1,-23,HAYIR,HAYIR
2026-08-19 18:10:04.363,0.78,0.70,33,0.0,0.0,0.038,-22.9,-23,HAYIR,HAYIR
2026-08-19 18:10:04.423,0.78,0.73,32,0.0,0.0,0.037,-22.6,-23,HAYIR,HAYIR
2026-08-19 18:10:04.483,0.78,0.73,33,0.0,0.0,0.036,-22.0,-22,HAYIR,HAYIR
2026-08-19 18:10:04.543,0.80,0.73,33,0.0,0.0,0.034,-20.1,-20,HAYIR,HAYIR
2026-08-19 18:10:04.603,0.79,0.73,33,0.0,0.0,0.037,-22.4,-22,HAYIR,HAYIR
2026-08-19 18:10:04.663,0.79,0.73,33,0.0,0.0,0.036,-21.7,-22,HAYIR,HAYIR
2026-08-19 18:10:04.723,0.79,0.73,33,0.0,0.0,0.036,-21.5,-22,HAYIR,HAYIR
2026-08-19 18:10:04.783,0.78,0.78,28,0.0,0.0,0.034,-20.6,-21,HAYIR,HAYIR
2026-08-19 18:10:04.843,0.78,0.78,28,0.0,0.0,0.031,-18.9,-19,HAYIR,HAYIR
2026-08-19 18:10:04.903,0.79,0.78,33,0.0,0.0,0.000,-0.0,-17,HAYIR,HAYIR
2026-08-19 18:10:04.963,0.79,0.78,33,0.0,0.0,0.000,-0.0,-16,HAYIR,HAYIR
2026-08-19 18:10:05.023,0.78,0.78,33,0.0,0.0,0.000,-0.0,-14,HAYIR,HAYIR
2026-08-19 18:10:05.083,0.78,0.81,28,0.0,0.0,0.000,-0.0,-12,HAYIR,HAYIR
2026-08-19 18:10:05.143,0.80,0.81,28,0.0,0.0,0.000,-0.0,-11,HAYIR,HAYIR
2026-08-19 18:10:05.203,0.79,0.81,28,0.0,0.0,0.000,-0.0,-9,HAYIR,HAYIR
2026-08-19 18:10:05.263,0.78,0.81,28,0.0,0.0,0.000,-0.0,-7,HAYIR,HAYIR
2026-08-19 18:10:05.323,0.78,0.81,28,0.0,0.0,0.000,-0.0,-6,HAYIR,HAYIR
2026-08-19 18:10:05.383,0.79,0.81,28,0.0,0.0,0.000,-0.0,-4,HAYIR,HAYIR
2026-08-19 18:10:05.443,0.79,0.82,28,0.0,0.0,0.000,-0.0,-2,HAYIR,HAYIR
2026-08-19 18:10:05.503,0.78,0.82,28,0.0,0.0,0.000,-0.0,0,HAYIR,HAYIR
2026-08-19 18:10:05.563,0.80,0.82,28,0.0,0.0,0.000,-0.0,0,HAYIR,HAYIR
2026-08-19 18:10:05.623,0.79,0.82,28,0.0,0.0,0.000,-0.0,0,HAYIR,HAYIR
2026-08-19 18:10:05.683,0.78,0.82,28,0.0,0.0,0.048,-29.3,-1,HAYIR,HAYIR
2026-08-19 18:10:05.743,0.78,0.82,28,0.0,0.0,0.048,-29.2,-3,HAYIR,HAYIR
2026-08-19 18:10:05.803,0.79,0.85,28,0.0,0.0,0.048,-29.1,-4,HAYIR,HAYIR
2026-08-19 18:10:05.863,0.78,0.85,28,0.0,0.0,0.047,-28.5,-6,HAYIR,HAYIR
2026-08-19 18:10:05.923,0.78,0.85,28,0.0,0.0,0.047,-28.3,-8,HAYIR,HAYIR
2026-08-19 18:10:05.983,0.80,0.85,28,0.0,0.0,0.047,-28.1,-10,HAYIR,HAYIR
2026-08-19 18:10:06.043,0.79,0.85,28,0.0,0.0,0.047,-28.1,-11,HAYIR,HAYIR
2026-08-19 18:10:06.103,0.78,0.85,28,0.0,0.0,0.047,-28.1,-13,HAYIR,HAYIR
2026-08-19 18:10:06.163,0.78,0.85,28,0.0,0.0,0.046,-28.2,-15,HAYIR,HAYIR
2026-08-19 18:10:06.223,0.78,0.85,28,0.0,0.0,0.046,-28.2,-16,HAYIR,HAYIR
2026-08-19 18:10:06.283,0.79,0.85,28,0.0,0.0,0.047,-28.4,-18,HAYIR,HAYIR
2026-08-19 18:10:06.343,0.79,0.85,28,0.0,0.0,0.047,-28.4,-20,HAYIR,HAYIR
2026-08-19 18:10:06.403,0.78,0.82,28,0.0,0.0,0.046,-28.2,-21,HAYIR,HAYIR
2026-08-19 18:10:06.463,0.78,0.82,28,0.0,0.0,0.046,-28.3,-23,HAYIR,HAYIR
2026-08-19 18:10:06.523,0.80,0.82,28,0.0,0.0,0.048,-28.3,-25,HAYIR,HAYIR
2026-08-19 18:10:06.583,0.79,0.82,28,0.0,0.0,0.047,-28.4,-26,HAYIR,HAYIR
2026-08-19 18:10:06.643,0.79,0.82,28,0.0,0.0,0.047,-28.4,-28,HAYIR,HAYIR
2026-08-19 18:10:06.703,0.78,0.82,28,0.0,0.0,0.046,-28.0,-28,HAYIR,HAYIR
2026-08-19 18:10:06.763,0.78,0.78,28,0.0,0.0,0.045,-27.6,-28,HAYIR,HAYIR
2026-08-19 18:10:06.824,0.80,0.78,33,0.0,0.0,0.048,-28.8,-29,HAYIR,HAYIR
2026-08-19 18:10:06.883,0.79,0.78,33,0.0,0.0,0.048,-28.7,-29,HAYIR,HAYIR
2026-08-19 18:10:06.943,0.79,0.78,33,0.0,0.0,0.043,-25.6,-27,HAYIR,HAYIR
2026-08-19 18:10:07.003,0.79,0.78,33,0.0,0.0,0.042,-25.1,-25,HAYIR,HAYIR
2026-08-19 18:10:07.063,0.78,0.78,33,0.0,0.0,0.041,-24.6,-25,HAYIR,HAYIR
2026-08-19 18:10:07.123,0.78,0.72,35,0.0,0.0,0.040,-24.4,-24,HAYIR,HAYIR
2026-08-19 18:10:07.183,0.78,0.72,33,0.0,0.0,0.039,-23.9,-24,HAYIR,HAYIR
2026-08-19 18:10:07.243,0.78,0.72,33,0.0,0.0,0.041,-25.3,-25,HAYIR,HAYIR
2026-08-19 18:10:07.303,0.79,0.72,33,0.0,0.0,0.041,-24.9,-25,HAYIR,HAYIR
2026-08-19 18:10:07.363,0.79,0.72,33,0.0,0.0,0.041,-24.7,-25,HAYIR,HAYIR
2026-08-19 18:10:07.423,0.79,0.72,33,0.0,0.0,0.041,-24.5,-24,HAYIR,HAYIR
2026-08-19 18:10:07.483,0.78,0.66,33,0.0,0.0,0.040,-24.1,-24,HAYIR,HAYIR
2026-08-19 18:10:07.543,0.78,0.66,33,0.0,0.0,0.043,-25.8,-26,HAYIR,HAYIR
2026-08-19 18:10:07.603,0.78,0.66,33,0.0,0.0,0.042,-25.4,-25,HAYIR,HAYIR
2026-08-19 18:10:07.663,0.80,0.66,33,0.0,0.0,0.042,-24.9,-25,HAYIR,HAYIR
2026-08-19 18:10:07.723,0.79,0.66,33,0.0,0.0,0.041,-24.7,-25,HAYIR,HAYIR
2026-08-19 18:10:07.783,0.79,0.61,33,0.0,0.0,0.040,-24.1,-24,HAYIR,HAYIR
2026-08-19 18:10:07.843,0.79,0.61,33,0.0,0.0,0.040,-24.0,-24,HAYIR,HAYIR
2026-08-19 18:10:07.903,0.79,0.61,33,0.0,0.0,0.043,-25.8,-26,HAYIR,HAYIR
2026-08-19 18:10:07.963,0.78,0.61,33,0.0,0.0,0.041,-24.7,-25,HAYIR,HAYIR
2026-08-19 18:10:08.023,0.78,0.61,33,0.0,0.0,0.040,-24.6,-25,HAYIR,HAYIR
2026-08-19 18:10:08.083,0.80,0.59,35,0.0,0.0,0.040,-24.0,-24,HAYIR,HAYIR
2026-08-19 18:10:08.143,0.79,0.59,33,0.0,0.0,0.040,-23.8,-24,HAYIR,HAYIR
2026-08-19 18:10:08.203,0.79,0.59,33,0.0,0.0,0.040,-24.3,-24,HAYIR,HAYIR
2026-08-19 18:10:08.263,0.79,0.59,33,0.0,0.0,0.039,-23.5,-24,HAYIR,HAYIR
2026-08-19 18:10:08.323,0.79,0.59,33,0.0,0.0,0.038,-23.2,-23,HAYIR,HAYIR
2026-08-19 18:10:08.383,0.78,0.59,33,0.0,0.0,0.037,-22.6,-23,HAYIR,HAYIR
2026-08-19 18:10:08.443,0.78,0.58,33,0.0,0.0,0.037,-22.4,-22,HAYIR,HAYIR
2026-08-19 18:10:08.503,0.78,0.58,33,0.0,0.0,0.036,-21.8,-22,HAYIR,HAYIR
2026-08-19 18:10:08.563,0.80,0.58,34,0.0,0.0,0.036,-21.3,-21,HAYIR,HAYIR
2026-08-19 18:10:08.623,0.79,0.58,33,0.0,0.0,0.035,-21.0,-21,HAYIR,HAYIR
2026-08-19 18:10:08.683,0.79,0.58,33,0.0,0.0,0.034,-20.5,-20,HAYIR,HAYIR
2026-08-19 18:10:08.743,0.79,0.58,33,0.0,0.0,0.034,-20.2,-20,HAYIR,HAYIR
2026-08-19 18:10:08.803,0.78,0.59,33,0.0,0.0,0.031,-19.1,-19,HAYIR,HAYIR
2026-08-19 18:10:08.863,0.78,0.59,33,0.0,0.0,0.000,-0.0,-19,HAYIR,HAYIR
2026-08-19 18:10:08.923,0.78,0.59,33,0.0,0.0,0.000,-0.0,-17,HAYIR,HAYIR
2026-08-19 18:10:08.983,0.80,0.59,34,0.0,0.0,0.000,-0.0,-15,HAYIR,HAYIR
2026-08-19 18:10:09.043,0.79,0.59,34,0.0,0.0,0.000,-0.0,-13,HAYIR,HAYIR
2026-08-19 18:10:09.103,0.80,0.61,33,0.0,0.0,0.000,-0.0,-12,HAYIR,HAYIR
2026-08-19 18:10:09.163,0.79,0.61,33,0.0,0.0,0.000,-0.0,-10,HAYIR,HAYIR
2026-08-19 18:10:09.223,0.79,0.61,34,0.0,0.0,0.000,-0.0,-8,HAYIR,HAYIR
2026-08-19 18:10:09.283,0.79,0.61,34,0.0,0.0,0.000,-0.0,-7,HAYIR,HAYIR
2026-08-19 18:10:09.343,0.78,0.61,34,0.0,0.0,0.000,-0.0,-5,HAYIR,HAYIR
2026-08-19 18:10:09.403,0.78,0.61,34,0.0,0.0,0.000,-0.0,-3,HAYIR,HAYIR
2026-08-19 18:10:09.463,0.80,0.64,34,0.0,0.0,0.000,-0.0,-2,HAYIR,HAYIR
2026-08-19 18:10:09.523,0.79,0.64,34,0.0,0.0,0.000,-0.0,0,HAYIR,HAYIR
2026-08-19 18:10:09.583,0.79,0.64,34,0.0,0.0,0.000,-0.0,0,HAYIR,HAYIR
2026-08-19 18:10:09.643,0.79,0.64,34,0.0,0.0,0.000,-0.0,0,HAYIR,HAYIR
2026-08-19 18:10:09.703,0.78,0.64,34,0.0,0.0,0.000,-0.0,0,HAYIR,HAYIR
2026-08-19 18:10:09.763,0.80,0.68,34,0.0,0.0,0.000,-0.0,0,HAYIR,HAYIR
2026-08-19 18:10:09.823,0.79,0.68,34,0.0,0.0,0.000,-0.0,0,HAYIR,HAYIR
2026-08-19 18:10:09.883,0.79,0.68,34,0.0,0.0,0.000,-0.0,0,HAYIR,HAYIR
2026-08-19 18:10:09.943,0.79,0.68,34,0.0,0.0,0.000,-0.0,0,HAYIR,HAYIR
2026-08-19 18:10:10.003,0.78,0.68,33,0.0,0.0,0.000,-0.0,0,HAYIR,HAYIR
2026-08-19 18:10:10.063,0.80,0.72,32,0.0,0.0,0.000,-0.0,0,HAYIR,HAYIR
2026-08-19 18:10:10.123,0.79,0.72,34,0.0,0.0,0.000,-0.0,0,HAYIR,HAYIR
2026-08-19 18:10:10.183,0.79,0.72,34,0.0,0.0,0.000,-0.0,0,HAYIR,HAYIR
2026-08-19 18:10:10.243,0.79,0.72,34,0.0,0.0,0.000,-0.0,0,HAYIR,HAYIR
2026-08-19 18:10:10.303,0.78,0.72,33,0.0,0.0,0.000,-0.0,0,HAYIR,HAYIR
2026-08-19 18:10:10.363,0.78,0.72,33,0.0,0.0,0.000,-0.0,0,HAYIR,HAYIR
2026-08-19 18:10:10.423,0.80,0.72,34,0.0,0.0,0.000,-0.0,0,HAYIR,HAYIR
2026-08-19 18:10:10.483,0.79,0.76,33,0.0,0.0,0.000,-0.0,0,HAYIR,HAYIR
2026-08-19 18:10:10.543,0.79,0.76,33,0.0,0.0,0.000,-0.0,0,HAYIR,HAYIR
2026-08-19 18:10:10.603,0.78,0.76,33,0.0,0.0,0.000,-0.0,0,HAYIR,HAYIR
2026-08-19 18:10:10.663,0.79,0.76,34,0.0,0.0,0.000,-0.0,0,HAYIR,HAYIR
2026-08-19 18:10:10.723,0.79,0.76,33,0.0,0.0,0.000,-0.0,0,HAYIR,HAYIR
2026-08-19 18:10:10.783,0.79,0.81,28,0.0,0.0,0.000,-0.0,0,HAYIR,HAYIR
2026-08-19 18:10:10.843,0.78,0.81,28,0.0,0.0,0.000,-0.0,0,HAYIR,HAYIR
2026-08-19 18:10:10.903,0.80,0.81,28,0.0,0.0,0.000,-0.0,0,HAYIR,HAYIR
2026-08-19 18:10:10.963,0.79,0.81,28,0.0,0.0,0.000,-0.0,0,HAYIR,HAYIR
2026-08-19 18:10:11.023,0.79,0.81,28,0.0,0.0,0.000,-0.0,0,HAYIR,HAYIR
2026-08-19 18:10:11.083,0.78,0.87,28,0.0,0.0,0.000,-0.0,0,HAYIR,HAYIR
2026-08-19 18:10:11.143,0.80,0.87,28,0.0,0.0,0.000,-0.0,0,HAYIR,HAYIR
2026-08-19 18:10:11.203,0.79,0.87,28,0.0,0.0,0.000,-0.0,0,HAYIR,HAYIR
2026-08-19 18:10:11.263,0.78,0.87,28,0.0,0.0,0.000,-0.0,0,HAYIR,HAYIR
2026-08-19 18:10:11.323,0.78,0.87,28,0.0,0.0,0.000,-0.0,0,HAYIR,HAYIR
2026-08-19 18:10:11.383,0.79,0.87,28,0.0,0.0,0.000,-0.0,0,HAYIR,HAYIR
2026-08-19 18:10:11.443,0.78,0.94,28,0.0,0.0,0.000,-0.0,0,HAYIR,HAYIR
2026-08-19 18:10:11.503,0.79,0.94,28,0.0,0.0,0.000,-0.0,0,HAYIR,HAYIR
2026-08-19 18:10:11.563,0.78,0.94,28,0.0,0.0,0.000,-0.0,0,HAYIR,HAYIR
2026-08-19 18:10:11.623,0.78,0.94,28,0.0,0.0,0.000,-0.0,0,HAYIR,HAYIR
2026-08-19 18:10:11.683,0.79,0.94,28,0.0,0.0,0.000,-0.0,0,HAYIR,HAYIR
2026-08-19 18:10:11.743,0.79,0.96,28,0.0,0.0,0.000,-0.0,0,HAYIR,HAYIR
2026-08-19 18:10:11.803,0.78,0.96,28,0.0,0.0,0.000,-0.0,0,HAYIR,HAYIR
2026-08-19 18:10:11.863,0.79,0.96,28,0.0,0.0,0.000,-0.0,0,HAYIR,HAYIR
2026-08-19 18:10:11.923,0.79,0.96,28,0.0,0.0,0.000,-0.0,0,HAYIR,HAYIR
2026-08-19 18:10:11.983,0.78,0.96,28,0.0,0.0,0.000,-0.0,0,HAYIR,HAYIR
2026-08-19 18:10:12.043,0.78,0.96,28,0.0,0.0,0.000,-0.0,0,HAYIR,HAYIR
2026-08-19 18:10:12.103,0.79,0.96,28,0.0,0.0,0.000,-0.0,0,HAYIR,HAYIR
2026-08-19 18:10:12.163,0.78,0.95,28,0.0,0.0,0.000,-0.0,0,HAYIR,HAYIR
2026-08-19 18:10:12.223,0.78,0.95,28,0.0,0.0,0.000,-0.0,0,HAYIR,HAYIR
2026-08-19 18:10:12.283,0.80,0.95,28,0.0,0.0,0.000,-0.0,0,HAYIR,HAYIR
2026-08-19 18:10:12.343,0.79,0.95,28,0.0,0.0,0.000,-0.0,0,HAYIR,HAYIR
2026-08-19 18:10:12.403,0.78,0.95,28,0.0,0.0,0.000,-0.0,0,HAYIR,HAYIR
2026-08-19 18:10:12.463,0.78,0.93,28,0.0,0.0,0.000,-0.0,0,HAYIR,HAYIR
2026-08-19 18:10:12.523,0.80,0.93,28,0.0,0.0,0.000,-0.0,0,HAYIR,HAYIR
2026-08-19 18:10:12.583,0.79,0.93,28,0.0,0.0,0.000,-0.0,0,HAYIR,HAYIR
2026-08-19 18:10:12.643,0.79,0.93,28,0.0,0.0,0.000,-0.0,0,HAYIR,HAYIR
2026-08-19 18:10:12.703,0.78,0.93,28,0.0,0.0,0.000,-0.0,0,HAYIR,HAYIR
2026-08-19 18:10:12.763,0.79,0.91,28,0.0,0.0,0.000,-0.0,0,HAYIR,HAYIR
2026-08-19 18:10:12.823,0.79,0.91,28,0.0,0.0,0.000,-0.0,0,HAYIR,HAYIR
2026-08-19 18:10:12.883,0.78,0.91,28,0.0,0.0,0.000,-0.0,0,HAYIR,HAYIR
2026-08-19 18:10:12.943,0.78,0.91,28,0.0,0.0,0.000,-0.0,0,HAYIR,HAYIR
2026-08-19 18:10:13.003,0.79,0.91,28,0.0,0.0,0.000,-0.0,0,HAYIR,HAYIR
2026-08-19 18:10:13.063,0.79,0.91,28,0.0,0.0,0.000,-0.0,0,HAYIR,HAYIR
2026-08-19 18:10:13.123,0.79,0.91,28,0.0,0.0,0.000,-0.0,0,HAYIR,HAYIR
2026-08-19 18:10:13.183,0.78,0.91,28,0.0,0.0,0.000,-0.0,0,HAYIR,HAYIR
2026-08-19 18:10:13.243,0.78,0.91,28,0.0,0.0,0.000,-0.0,0,HAYIR,HAYIR
2026-08-19 18:10:13.303,0.79,0.91,28,0.0,0.0,0.000,-0.0,0,HAYIR,HAYIR
2026-08-19 18:10:13.363,0.79,0.91,28,0.0,0.0,0.000,-0.0,0,HAYIR,HAYIR
2026-08-19 18:10:13.423,0.78,0.86,28,0.0,0.0,0.000,-0.0,0,HAYIR,HAYIR
2026-08-19 18:10:13.483,0.78,0.86,28,0.0,0.0,0.000,-0.0,0,HAYIR,HAYIR
2026-08-19 18:10:13.543,0.78,0.86,28,0.0,0.0,0.000,-0.0,0,HAYIR,HAYIR
2026-08-19 18:10:13.603,0.80,0.86,28,0.0,0.0,0.000,-0.0,0,HAYIR,HAYIR
2026-08-19 18:10:13.663,0.79,0.86,28,0.0,0.0,0.000,-0.0,0,HAYIR,HAYIR
2026-08-19 18:10:13.723,0.79,0.86,28,0.0,0.0,0.000,-0.0,0,HAYIR,HAYIR
2026-08-19 18:10:13.783,0.79,0.82,28,0.0,0.0,0.000,-0.0,0,HAYIR,HAYIR
2026-08-19 18:10:13.843,0.78,0.82,28,0.0,0.0,0.000,-0.0,0,HAYIR,HAYIR
2026-08-19 18:10:13.903,0.78,0.82,28,0.0,0.0,0.000,-0.0,0,HAYIR,HAYIR
2026-08-19 18:10:13.963,0.80,0.82,28,0.0,0.0,0.000,-0.0,0,HAYIR,HAYIR
2026-08-19 18:10:14.023,0.79,0.82,28,0.0,0.0,0.000,-0.0,0,HAYIR,HAYIR
2026-08-19 18:10:14.083,0.79,0.82,28,0.0,0.0,0.000,-0.0,0,HAYIR,HAYIR
2026-08-19 18:10:14.143,0.79,0.78,33,0.0,0.0,0.000,-0.0,0,HAYIR,HAYIR
2026-08-19 18:10:14.203,0.78,0.78,33,0.0,0.0,0.000,-0.0,0,HAYIR,HAYIR
2026-08-19 18:10:14.263,0.78,0.78,28,0.0,0.0,0.000,-0.0,0,HAYIR,HAYIR
2026-08-19 18:10:14.323,0.80,0.78,33,0.0,0.0,0.000,-0.0,0,HAYIR,HAYIR
2026-08-19 18:10:14.383,0.79,0.78,33,0.0,0.0,0.000,-0.0,0,HAYIR,HAYIR
2026-08-19 18:10:14.443,0.79,0.74,33,0.0,0.0,0.000,-0.0,0,HAYIR,HAYIR
2026-08-19 18:10:14.503,0.79,0.74,33,0.0,0.0,0.031,-18.5,-1,HAYIR,HAYIR
2026-08-19 18:10:14.563,0.78,0.74,33,0.0,0.0,0.031,-18.8,-2,HAYIR,HAYIR
2026-08-19 18:10:14.623,0.78,0.74,33,0.0,0.0,0.031,-19.0,-4,HAYIR,HAYIR
2026-08-19 18:10:14.683,0.79,0.74,33,0.0,0.0,0.000,-0.0,-3,HAYIR,HAYIR
2026-08-19 18:10:14.743,0.79,0.71,34,0.0,0.0,0.000,-0.0,-2,HAYIR,HAYIR
2026-08-19 18:10:14.803,0.79,0.71,33,0.0,0.0,0.000,-0.0,0,HAYIR,HAYIR
2026-08-19 18:10:14.863,0.78,0.71,33,0.0,0.0,0.000,-0.0,0,HAYIR,HAYIR
2026-08-19 18:10:14.923,0.78,0.71,33,0.0,0.0,0.000,-0.0,0,HAYIR,HAYIR
2026-08-19 18:10:14.983,0.78,0.71,33,0.0,0.0,0.000,-0.0,0,HAYIR,HAYIR
2026-08-19 18:10:15.043,0.80,0.71,33,0.0,0.0,0.000,-0.0,0,HAYIR,HAYIR
2026-08-19 18:10:15.103,0.79,0.70,33,0.0,0.0,0.000,-0.0,0,HAYIR,HAYIR
2026-08-19 18:10:15.163,0.79,0.70,33,0.0,0.0,0.000,-0.0,0,HAYIR,HAYIR
2026-08-19 18:10:15.223,0.79,0.70,33,0.0,0.0,0.000,-0.0,0,HAYIR,HAYIR
2026-08-19 18:10:15.283,0.78,0.70,33,0.0,0.0,0.000,-0.0,0,HAYIR,HAYIR
2026-08-19 18:10:15.343,0.78,0.70,33,0.0,0.0,0.000,-0.0,0,HAYIR,HAYIR
2026-08-19 18:10:15.403,0.80,0.70,34,0.0,0.0,0.000,-0.0,0,HAYIR,HAYIR
2026-08-19 18:10:15.463,0.79,0.72,32,0.0,0.0,0.000,-0.0,0,HAYIR,HAYIR
2026-08-19 18:10:15.523,0.79,0.72,33,0.0,0.0,0.000,-0.0,0,HAYIR,HAYIR
2026-08-19 18:10:15.583,0.79,0.72,33,0.0,0.0,0.000,-0.0,0,HAYIR,HAYIR
2026-08-19 18:10:15.643,0.78,0.72,33,0.0,0.0,0.000,-0.0,0,HAYIR,HAYIR
2026-08-19 18:10:15.703,0.78,0.72,33,0.0,0.0,0.000,-0.0,0,HAYIR,HAYIR
2026-08-19 18:10:15.763,0.79,0.72,34,0.0,0.0,0.000,-0.0,0,HAYIR,HAYIR
2026-08-19 18:10:15.823,0.79,0.75,33,0.0,0.0,0.000,-0.0,0,HAYIR,HAYIR
2026-08-19 18:10:15.883,0.79,0.75,33,0.0,0.0,0.000,-0.0,0,HAYIR,HAYIR
2026-08-19 18:10:15.943,0.79,0.75,33,0.0,0.0,0.000,-0.0,0,HAYIR,HAYIR
2026-08-19 18:10:16.003,0.78,0.75,33,0.0,0.0,0.000,-0.0,0,HAYIR,HAYIR
2026-08-19 18:10:16.063,0.80,0.75,33,0.0,0.0,0.000,-0.0,0,HAYIR,HAYIR
2026-08-19 18:10:16.123,0.79,0.80,28,0.0,0.0,0.000,-0.0,0,HAYIR,HAYIR
2026-08-19 18:10:16.183,0.79,0.80,28,0.0,0.0,0.000,-0.0,0,HAYIR,HAYIR
2026-08-19 18:10:16.243,0.79,0.80,28,0.0,0.0,0.000,-0.0,0,HAYIR,HAYIR
2026-08-19 18:10:16.303,0.78,0.80,28,0.0,0.0,0.000,-0.0,0,HAYIR,HAYIR
2026-08-19 18:10:16.363,0.79,0.80,28,0.0,0.0,0.000,-0.0,0,HAYIR,HAYIR
2026-08-19 18:10:16.423,0.79,0.84,28,0.0,0.0,0.000,-0.0,0,HAYIR,HAYIR
2026-08-19 18:10:16.483,0.78,0.84,28,0.0,0.0,0.000,-0.0,0,HAYIR,HAYIR
2026-08-19 18:10:16.543,0.78,0.84,28,0.0,0.0,0.000,-0.0,0,HAYIR,HAYIR
2026-08-19 18:10:16.603,0.79,0.84,28,0.0,0.0,0.000,-0.0,0,HAYIR,HAYIR
2026-08-19 18:10:16.663,0.78,0.84,28,0.0,0.0,0.000,-0.0,0,HAYIR,HAYIR
2026-08-19 18:10:16.723,0.78,0.84,28,0.0,0.0,0.000,-0.0,0,HAYIR,HAYIR
2026-08-19 18:10:16.783,0.80,0.89,28,0.0,0.0,0.000,-0.0,0,HAYIR,HAYIR
2026-08-19 18:10:16.843,0.79,0.89,28,0.0,0.0,0.000,-0.0,0,HAYIR,HAYIR
2026-08-19 18:10:16.903,0.78,0.89,28,0.0,0.0,0.000,-0.0,0,HAYIR,HAYIR
2026-08-19 18:10:16.963,0.78,0.89,28,0.0,0.0,0.000,-0.0,0,HAYIR,HAYIR
2026-08-19 18:10:17.023,0.78,0.89,28,0.0,0.0,0.000,-0.0,0,HAYIR,HAYIR
2026-08-19 18:10:17.083,0.79,0.89,28,0.0,0.0,0.000,-0.0,0,HAYIR,HAYIR
2026-08-19 18:10:17.143,0.79,0.90,28,0.0,0.0,0.000,-0.0,0,HAYIR,HAYIR
2026-08-19 18:10:17.203,0.78,0.90,28,0.0,0.0,0.000,-0.0,0,HAYIR,HAYIR
2026-08-19 18:10:17.263,0.79,0.90,28,0.0,0.0,0.000,-0.0,0,HAYIR,HAYIR
2026-08-19 18:10:17.323,0.79,0.90,28,0.0,0.0,0.000,-0.0,0,HAYIR,HAYIR
2026-08-19 18:10:17.383,0.78,0.90,28,0.0,0.0,0.000,-0.0,0,HAYIR,HAYIR
2026-08-19 18:10:17.443,0.78,0.91,28,0.0,0.0,0.000,-0.0,0,HAYIR,HAYIR
2026-08-19 18:10:17.503,0.79,0.91,28,0.0,0.0,0.000,-0.0,0,HAYIR,HAYIR
2026-08-19 18:10:17.563,0.79,0.91,28,0.0,0.0,0.000,-0.0,0,HAYIR,HAYIR
2026-08-19 18:10:17.623,0.78,0.91,28,0.0,0.0,0.000,-0.0,0,HAYIR,HAYIR
2026-08-19 18:10:17.683,0.78,0.91,28,0.0,0.0,0.000,-0.0,0,HAYIR,HAYIR
2026-08-19 18:10:17.743,0.80,0.91,28,0.0,0.0,0.000,-0.0,0,HAYIR,HAYIR
2026-08-19 18:10:17.803,0.79,0.91,28,0.0,0.0,0.000,-0.0,0,HAYIR,HAYIR
2026-08-19 18:10:17.863,0.78,0.91,28,0.0,0.0,0.000,-0.0,0,HAYIR,HAYIR
2026-08-19 18:10:17.923,0.78,0.91,28,0.0,0.0,0.000,-0.0,0,HAYIR,HAYIR
2026-08-19 18:10:17.983,0.79,0.91,28,0.0,0.0,0.000,-0.0,0,HAYIR,HAYIR
2026-08-19 18:10:18.043,0.79,0.91,28,0.0,0.0,0.000,-0.0,0,HAYIR,HAYIR
2026-08-19 18:10:18.103,0.80,0.91,28,0.0,0.0,0.000,-0.0,0,HAYIR,HAYIR
2026-08-19 18:10:18.163,0.79,0.91,28,0.0,0.0,0.000,-0.0,0,HAYIR,HAYIR
2026-08-19 18:10:18.223,0.79,0.91,28,0.0,0.0,0.000,-0.0,0,HAYIR,HAYIR
2026-08-19 18:10:18.283,0.78,0.91,28,0.0,0.0,0.000,-0.0,0,HAYIR,HAYIR
2026-08-19 18:10:18.343,0.78,0.91,28,0.0,0.0,0.000,-0.0,0,HAYIR,HAYIR
2026-08-19 18:10:18.403,0.79,0.89,28,0.0,0.0,0.000,-0.0,0,HAYIR,HAYIR
2026-08-19 18:10:18.463,0.79,0.89,28,0.0,0.0,0.000,-0.0,0,HAYIR,HAYIR
2026-08-19 18:10:18.523,0.78,0.89,28,0.0,0.0,0.000,-0.0,0,HAYIR,HAYIR
2026-08-19 18:10:18.583,0.78,0.89,28,0.0,0.0,0.000,-0.0,0,HAYIR,HAYIR
2026-08-19 18:10:18.643,0.80,0.89,28,0.0,0.0,0.000,-0.0,0,HAYIR,HAYIR
2026-08-19 18:10:18.703,0.79,0.89,28,0.0,0.0,0.000,-0.0,0,HAYIR,HAYIR
2026-08-19 18:10:18.763,0.78,0.89,28,0.0,0.0,0.000,-0.0,0,HAYIR,HAYIR
2026-08-19 18:10:18.823,0.78,0.86,28,0.0,0.0,0.000,-0.0,0,HAYIR,HAYIR
2026-08-19 18:10:18.883,0.78,0.86,28,0.0,0.0,0.000,-0.0,0,HAYIR,HAYIR
2026-08-19 18:10:18.943,0.79,0.86,28,0.0,0.0,0.000,-0.0,0,HAYIR,HAYIR
2026-08-19 18:10:19.003,0.79,0.86,28,0.0,0.0,0.000,-0.0,0,HAYIR,HAYIR
2026-08-19 18:10:19.063,0.78,0.86,28,0.0,0.0,0.000,-0.0,0,HAYIR,HAYIR
2026-08-19 18:10:19.123,0.78,0.85,28,0.0,0.0,0.000,-0.0,0,HAYIR,HAYIR
2026-08-19 18:10:19.183,0.78,0.85,28,0.0,0.0,0.000,-0.0,0,HAYIR,HAYIR
2026-08-19 18:10:19.243,0.80,0.85,28,0.0,0.0,0.000,-0.0,0,HAYIR,HAYIR
2026-08-19 18:10:19.303,0.79,0.85,28,0.0,0.0,0.000,-0.0,0,HAYIR,HAYIR
2026-08-19 18:10:19.363,0.78,0.85,28,0.0,0.0,0.000,-0.0,0,HAYIR,HAYIR
2026-08-19 18:10:19.423,0.78,0.84,28,0.0,0.0,0.000,-0.0,0,HAYIR,HAYIR
2026-08-19 18:10:19.483,0.78,0.84,28,0.0,0.0,0.000,-0.0,0,HAYIR,HAYIR
2026-08-19 18:10:19.543,0.80,0.84,28,0.0,0.0,0.000,-0.0,0,HAYIR,HAYIR
2026-08-19 18:10:19.603,0.79,0.84,28,0.0,0.0,0.000,-0.0,0,HAYIR,HAYIR
2026-08-19 18:10:19.663,0.78,0.84,28,0.0,0.0,0.000,-0.0,0,HAYIR,HAYIR
2026-08-19 18:10:19.723,0.78,0.84,28,0.0,0.0,0.000,-0.0,0,HAYIR,HAYIR
2026-08-19 18:10:19.783,0.80,0.83,28,0.0,0.0,0.000,-0.0,0,HAYIR,HAYIR
2026-08-19 18:10:19.843,0.79,0.83,28,0.0,0.0,0.000,-0.0,0,HAYIR,HAYIR
2026-08-19 18:10:19.903,0.79,0.83,28,0.0,0.0,0.000,-0.0,0,HAYIR,HAYIR
2026-08-19 18:10:19.963,0.78,0.83,28,0.0,0.0,0.000,-0.0,0,HAYIR,HAYIR
2026-08-19 18:10:20.023,0.78,0.83,28,0.0,0.0,0.000,-0.0,0,HAYIR,HAYIR
2026-08-19 18:10:20.083,0.80,0.81,28,0.0,0.0,0.000,-0.0,0,HAYIR,HAYIR
2026-08-19 18:10:20.143,0.79,0.81,28,0.0,0.0,0.000,-0.0,0,HAYIR,HAYIR
2026-08-19 18:10:20.203,0.79,0.81,28,0.0,0.0,0.000,-0.0,0,HAYIR,HAYIR
2026-08-19 18:10:20.263,0.78,0.81,28,0.0,0.0,0.000,-0.0,0,HAYIR,HAYIR
2026-08-19 18:10:20.323,0.78,0.81,28,0.0,0.0,0.000,-0.0,0,HAYIR,HAYIR
2026-08-19 18:10:20.383,0.79,0.81,28,0.0,0.0,0.000,-0.0,0,HAYIR,HAYIR
2026-08-19 18:10:20.443,0.79,0.81,28,0.0,0.0,0.000,-0.0,0,HAYIR,HAYIR
2026-08-19 18:10:20.503,0.78,0.79,28,0.0,0.0,0.000,-0.0,0,HAYIR,HAYIR
2026-08-19 18:10:20.563,0.78,0.79,28,0.0,0.0,0.000,-0.0,0,HAYIR,HAYIR
2026-08-19 18:10:20.623,0.78,0.79,28,0.0,0.0,0.000,-0.0,0,HAYIR,HAYIR
2026-08-19 18:10:20.683,0.79,0.79,33,0.0,0.0,0.000,-0.0,0,HAYIR,HAYIR
2026-08-19 18:10:20.743,0.79,0.79,33,0.0,0.0,0.000,-0.0,0,HAYIR,HAYIR
2026-08-19 18:10:20.803,0.78,0.77,32,0.0,0.0,0.000,-0.0,0,HAYIR,HAYIR
2026-08-19 18:10:20.863,0.78,0.77,32,0.0,0.0,0.000,-0.0,0,HAYIR,HAYIR
2026-08-19 18:10:20.923,0.78,0.77,33,0.0,0.0,0.000,-0.0,0,HAYIR,HAYIR
2026-08-19 18:10:20.983,0.79,0.77,33,0.0,0.0,0.000,-0.0,0,HAYIR,HAYIR
2026-08-19 18:10:21.043,0.79,0.77,33,0.0,0.0,0.000,-0.0,0,HAYIR,HAYIR
2026-08-19 18:10:21.103,0.79,0.75,33,0.0,0.0,0.000,-0.0,0,HAYIR,HAYIR
2026-08-19 18:10:21.163,0.78,0.75,32,0.0,0.0,0.000,-0.0,0,HAYIR,HAYIR
2026-08-19 18:10:21.223,0.78,0.75,33,0.0,0.0,0.000,-0.0,0,HAYIR,HAYIR
2026-08-19 18:10:21.283,0.80,0.75,33,0.0,0.0,0.000,-0.0,0,HAYIR,HAYIR
2026-08-19 18:10:21.343,0.79,0.75,33,0.0,0.0,0.000,-0.0,0,HAYIR,HAYIR
2026-08-19 18:10:21.403,0.79,0.75,33,0.0,0.0,0.000,-0.0,0,HAYIR,HAYIR
2026-08-19 18:10:21.463,0.80,0.72,33,0.0,0.0,0.000,-0.0,0,HAYIR,HAYIR
2026-08-19 18:10:21.523,0.80,0.72,33,0.0,0.0,0.000,-0.0,0,HAYIR,HAYIR
2026-08-19 18:10:21.583,0.79,0.72,33,0.0,0.0,0.000,-0.0,0,HAYIR,HAYIR
2026-08-19 18:10:21.643,0.79,0.72,33,0.0,0.0,0.000,-0.0,0,HAYIR,HAYIR
2026-08-19 18:10:21.703,0.78,0.72,33,0.0,0.0,0.000,-0.0,0,HAYIR,HAYIR
2026-08-19 18:10:21.763,0.78,0.73,33,0.0,0.0,0.000,-0.0,0,HAYIR,HAYIR
2026-08-19 18:10:21.823,0.80,0.73,33,0.0,0.0,0.000,-0.0,0,HAYIR,HAYIR
2026-08-19 18:10:21.883,0.79,0.73,33,0.0,0.0,0.000,-0.0,0,HAYIR,HAYIR
2026-08-19 18:10:21.943,0.79,0.73,33,0.0,0.0,0.000,-0.0,0,HAYIR,HAYIR
2026-08-19 18:10:22.003,0.78,0.73,33,0.0,0.0,0.000,-0.0,0,HAYIR,HAYIR
2026-08-19 18:10:22.063,0.78,0.76,31,0.0,0.0,0.000,-0.0,0,HAYIR,HAYIR
2026-08-19 18:10:22.123,0.80,0.76,33,0.0,0.0,0.000,-0.0,0,HAYIR,HAYIR
2026-08-19 18:10:22.183,0.79,0.76,33,0.0,0.0,0.000,-0.0,0,HAYIR,HAYIR
2026-08-19 18:10:22.243,0.79,0.76,33,0.0,0.0,0.000,-0.0,0,HAYIR,HAYIR
2026-08-19 18:10:22.303,0.78,0.76,33,0.0,0.0,0.000,-0.0,0,HAYIR,HAYIR
2026-08-19 18:10:22.363,0.80,0.76,33,0.0,0.0,0.000,-0.0,0,HAYIR,HAYIR
2026-08-19 18:10:22.423,0.79,0.76,33,0.0,0.0,0.000,-0.0,0,HAYIR,HAYIR
2026-08-19 18:10:22.483,0.79,0.79,28,0.0,0.0,0.000,-0.0,0,HAYIR,HAYIR
2026-08-19 18:10:22.543,0.79,0.79,28,0.0,0.0,0.000,-0.0,0,HAYIR,HAYIR
2026-08-19 18:10:22.603,0.79,0.79,33,0.0,0.0,0.000,-0.0,0,HAYIR,HAYIR
2026-08-19 18:10:22.663,0.79,0.79,28,0.0,0.0,0.000,-0.0,0,HAYIR,HAYIR
2026-08-19 18:10:22.723,0.78,0.79,28,0.0,0.0,0.000,-0.0,0,HAYIR,HAYIR
2026-08-19 18:10:22.783,0.78,0.84,28,0.0,0.0,0.000,-0.0,0,HAYIR,HAYIR
2026-08-19 18:10:22.843,0.80,0.84,28,0.0,0.0,0.000,-0.0,0,HAYIR,HAYIR
2026-08-19 18:10:22.903,0.79,0.84,28,0.0,0.0,0.000,-0.0,0,HAYIR,HAYIR
2026-08-19 18:10:22.963,0.78,0.84,28,0.0,0.0,0.000,-0.0,0,HAYIR,HAYIR
2026-08-19 18:10:23.023,0.78,0.84,28,0.0,0.0,0.000,-0.0,0,HAYIR,HAYIR
2026-08-19 18:10:23.083,0.79,0.88,28,0.0,0.0,0.000,-0.0,0,HAYIR,HAYIR
2026-08-19 18:10:23.143,0.79,0.88,28,0.0,0.0,0.000,-0.0,0,HAYIR,HAYIR
2026-08-19 18:10:23.203,0.78,0.88,28,0.0,0.0,0.000,-0.0,0,HAYIR,HAYIR
2026-08-19 18:10:23.263,0.80,0.88,28,0.0,0.0,0.000,-0.0,0,HAYIR,HAYIR
2026-08-19 18:10:23.323,0.79,0.88,28,0.0,0.0,0.000,-0.0,0,HAYIR,HAYIR
2026-08-19 18:10:23.383,0.79,0.88,28,0.0,0.0,0.000,-0.0,0,HAYIR,HAYIR
2026-08-19 18:10:23.443,0.78,0.91,28,0.0,0.0,0.000,-0.0,0,HAYIR,HAYIR
2026-08-19 18:10:23.503,0.80,0.91,28,0.0,0.0,0.000,-0.0,0,HAYIR,HAYIR
2026-08-19 18:10:23.563,0.79,0.91,28,0.0,0.0,0.000,-0.0,0,HAYIR,HAYIR
2026-08-19 18:10:23.623,0.79,0.91,28,0.0,0.0,0.000,-0.0,0,HAYIR,HAYIR
2026-08-19 18:10:23.683,0.79,0.91,28,0.0,0.0,0.000,-0.0,0,HAYIR,HAYIR
2026-08-19 18:10:23.743,0.79,0.93,28,0.0,0.0,0.000,-0.0,0,HAYIR,HAYIR
2026-08-19 18:10:23.803,0.78,0.93,28,0.0,0.0,0.000,-0.0,0,HAYIR,HAYIR
2026-08-19 18:10:23.863,0.79,0.93,28,0.0,0.0,0.000,-0.0,0,HAYIR,HAYIR
2026-08-19 18:10:23.923,0.79,0.93,28,0.0,0.0,0.000,-0.0,0,HAYIR,HAYIR
2026-08-19 18:10:23.983,0.78,0.93,28,0.0,0.0,0.000,-0.0,0,HAYIR,HAYIR
2026-08-19 18:10:24.043,0.78,0.93,28,0.0,0.0,0.000,-0.0,0,HAYIR,HAYIR
2026-08-19 18:10:24.103,0.79,0.93,28,0.0,0.0,0.000,-0.0,0,HAYIR,HAYIR
2026-08-19 18:10:24.163,0.79,0.93,28,0.0,0.0,0.000,-0.0,0,HAYIR,HAYIR
2026-08-19 18:10:24.223,0.78,0.93,28,0.0,0.0,0.000,-0.0,0,HAYIR,HAYIR
2026-08-19 18:10:24.283,0.80,0.93,28,0.0,0.0,0.000,-0.0,0,HAYIR,HAYIR
2026-08-19 18:10:24.343,0.79,0.93,28,0.0,0.0,0.000,-0.0,0,HAYIR,HAYIR
2026-08-19 18:10:24.403,0.79,0.93,28,0.0,0.0,0.000,-0.0,0,HAYIR,HAYIR
2026-08-19 18:10:24.463,0.78,0.91,28,0.0,0.0,0.000,-0.0,0,HAYIR,HAYIR
2026-08-19 18:10:24.523,0.78,0.91,28,0.0,0.0,0.000,-0.0,0,HAYIR,HAYIR
2026-08-19 18:10:24.583,0.79,0.91,28,0.0,0.0,0.000,-0.0,0,HAYIR,HAYIR
2026-08-19 18:10:24.643,0.79,0.91,28,0.0,0.0,0.000,-0.0,0,HAYIR,HAYIR
2026-08-19 18:10:24.703,0.78,0.91,28,0.0,0.0,0.000,-0.0,0,HAYIR,HAYIR
2026-08-19 18:10:24.763,0.78,0.88,28,0.0,0.0,0.000,-0.0,0,HAYIR,HAYIR
2026-08-19 18:10:24.823,0.79,0.88,28,0.0,0.0,0.000,-0.0,0,HAYIR,HAYIR
2026-08-19 18:10:24.883,0.79,0.88,28,0.0,0.0,0.000,-0.0,0,HAYIR,HAYIR
2026-08-19 18:10:24.943,0.79,0.88,28,0.0,0.0,0.036,-22.0,-2,HAYIR,HAYIR
2026-08-19 18:10:25.003,0.78,0.88,28,0.0,0.0,0.036,-22.2,-3,HAYIR,HAYIR
2026-08-19 18:10:25.063,0.78,0.85,28,0.0,0.0,0.036,-22.2,-5,HAYIR,HAYIR
2026-08-19 18:10:25.123,0.80,0.85,28,0.0,0.0,0.037,-22.2,-7,HAYIR,HAYIR
2026-08-19 18:10:25.183,0.79,0.85,28,0.0,0.0,0.039,-23.4,-8,HAYIR,HAYIR
2026-08-19 18:10:25.243,0.79,0.85,28,0.0,0.0,0.039,-23.5,-10,HAYIR,HAYIR
2026-08-19 18:10:25.303,0.78,0.85,28,0.0,0.0,0.039,-23.8,-12,HAYIR,HAYIR
2026-08-19 18:10:25.363,0.78,0.85,28,0.0,0.0,0.039,-23.8,-13,HAYIR,HAYIR
2026-08-19 18:10:25.423,0.78,0.80,28,0.0,0.0,0.039,-23.9,-15,HAYIR,HAYIR
2026-08-19 18:10:25.483,0.80,0.80,28,0.0,0.0,0.042,-25.1,-17,HAYIR,HAYIR
2026-08-19 18:10:25.543,0.79,0.80,28,0.0,0.0,0.042,-25.2,-18,HAYIR,HAYIR
2026-08-19 18:10:25.603,0.79,0.80,28,0.0,0.0,0.042,-25.4,-20,HAYIR,HAYIR
2026-08-19 18:10:25.663,0.78,0.80,28,0.0,0.0,0.041,-25.1,-22,HAYIR,HAYIR
2026-08-19 18:10:25.723,0.78,0.80,28,0.0,0.0,0.041,-25.1,-24,HAYIR,HAYIR
2026-08-19 18:10:25.783,0.78,0.76,34,0.0,0.0,0.040,-24.7,-25,HAYIR,HAYIR
2026-08-19 18:10:25.843,0.80,0.76,32,0.0,0.0,0.041,-24.7,-25,HAYIR,HAYIR
2026-08-19 18:10:25.903,0.79,0.76,32,0.0,0.0,0.044,-26.2,-26,HAYIR,HAYIR
2026-08-19 18:10:25.963,0.78,0.76,32,0.0,0.0,0.000,-0.0,-26,HAYIR,HAYIR
2026-08-19 18:10:26.023,0.78,0.76,32,0.0,0.0,0.000,-0.0,-24,HAYIR,HAYIR
2026-08-19 18:10:26.083,0.79,0.76,33,0.0,0.0,0.000,-0.0,-22,HAYIR,HAYIR
2026-08-19 18:10:26.143,0.79,0.75,32,0.0,0.0,0.000,-0.0,-21,HAYIR,HAYIR
2026-08-19 18:10:26.203,0.79,0.75,32,0.0,0.0,0.000,-0.0,-19,HAYIR,HAYIR
2026-08-19 18:10:26.263,0.78,0.75,32,0.0,0.0,0.000,-0.0,-17,HAYIR,HAYIR
2026-08-19 18:10:26.323,0.78,0.75,32,0.0,0.0,0.000,-0.0,-16,HAYIR,HAYIR
2026-08-19 18:10:26.383,0.78,0.75,32,0.0,0.0,0.000,-0.0,-14,HAYIR,HAYIR
2026-08-19 18:10:26.443,0.80,0.73,32,0.0,0.0,0.000,-0.0,-12,HAYIR,HAYIR
2026-08-19 18:10:26.503,0.79,0.73,32,0.0,0.0,0.000,-0.0,-11,HAYIR,HAYIR
2026-08-19 18:10:26.563,0.79,0.73,32,0.0,0.0,0.000,-0.0,-9,HAYIR,HAYIR
2026-08-19 18:10:26.623,0.79,0.73,32,0.0,0.0,0.000,-0.0,-7,HAYIR,HAYIR
2026-08-19 18:10:26.683,0.78,0.73,32,0.0,0.0,0.000,-0.0,-5,HAYIR,HAYIR
2026-08-19 18:10:26.743,0.78,0.72,33,0.0,0.0,0.000,-0.0,-4,HAYIR,HAYIR
2026-08-19 18:10:26.803,0.80,0.72,33,0.0,0.0,0.000,-0.0,-2,HAYIR,HAYIR
2026-08-19 18:10:26.863,0.79,0.72,32,0.0,0.0,0.000,-0.0,0,HAYIR,HAYIR
2026-08-19 18:10:26.923,0.79,0.72,32,0.0,0.0,0.000,-0.0,0,HAYIR,HAYIR
2026-08-19 18:10:26.983,0.79,0.72,32,0.0,0.0,0.000,-0.0,0,HAYIR,HAYIR
2026-08-19 18:10:27.043,0.78,0.72,32,0.0,0.0,0.000,-0.0,0,HAYIR,HAYIR
2026-08-19 18:10:27.103,0.80,0.73,33,0.0,0.0,0.000,-0.0,0,HAYIR,HAYIR
2026-08-19 18:10:27.163,0.79,0.73,32,0.0,0.0,0.000,-0.0,0,HAYIR,HAYIR
2026-08-19 18:10:27.223,0.79,0.73,32,0.0,0.0,0.000,-0.0,0,HAYIR,HAYIR
2026-08-19 18:10:27.283,0.78,0.73,32,0.0,0.0,0.000,-0.0,0,HAYIR,HAYIR
2026-08-19 18:10:27.343,0.78,0.73,32,0.0,0.0,0.000,-0.0,0,HAYIR,HAYIR
2026-08-19 18:10:27.403,0.80,0.73,33,0.0,0.0,0.000,-0.0,0,HAYIR,HAYIR
2026-08-19 18:10:27.463,0.79,0.74,32,0.0,0.0,0.000,-0.0,0,HAYIR,HAYIR
2026-08-19 18:10:27.523,0.79,0.74,32,0.0,0.0,0.000,-0.0,0,HAYIR,HAYIR
2026-08-19 18:10:27.583,0.78,0.74,32,0.0,0.0,0.000,-0.0,0,HAYIR,HAYIR
2026-08-19 18:10:27.643,0.78,0.74,32,0.0,0.0,0.000,-0.0,0,HAYIR,HAYIR
2026-08-19 18:10:27.703,0.80,0.74,33,0.0,0.0,0.000,-0.0,0,HAYIR,HAYIR
2026-08-19 18:10:27.763,0.79,0.76,31,0.0,0.0,0.000,-0.0,0,HAYIR,HAYIR
2026-08-19 18:10:27.823,0.79,0.76,32,0.0,0.0,0.000,-0.0,0,HAYIR,HAYIR
2026-08-19 18:10:27.883,0.78,0.76,32,0.0,0.0,0.000,-0.0,0,HAYIR,HAYIR
2026-08-19 18:10:27.943,0.78,0.76,32,0.0,0.0,0.000,-0.0,0,HAYIR,HAYIR
2026-08-19 18:10:28.003,0.79,0.76,32,0.0,0.0,0.000,-0.0,0,HAYIR,HAYIR
2026-08-19 18:10:28.063,0.79,0.76,32,0.0,0.0,0.000,-0.0,0,HAYIR,HAYIR
2026-08-19 18:10:28.123,0.78,0.79,28,0.0,0.0,0.000,-0.0,0,HAYIR,HAYIR
2026-08-19 18:10:28.183,0.79,0.79,32,0.0,0.0,0.000,-0.0,0,HAYIR,HAYIR
2026-08-19 18:10:28.243,0.79,0.79,32,0.0,0.0,0.000,-0.0,0,HAYIR,HAYIR
2026-08-19 18:10:28.303,0.78,0.79,28,0.0,0.0,0.000,-0.0,0,HAYIR,HAYIR
2026-08-19 18:10:28.363,0.80,0.79,33,0.0,0.0,0.000,-0.0,0,HAYIR,HAYIR
2026-08-19 18:10:28.423,0.79,0.82,28,0.0,0.0,0.000,-0.0,0,HAYIR,HAYIR
2026-08-19 18:10:28.483,0.79,0.82,28,0.0,0.0,0.000,-0.0,0,HAYIR,HAYIR
2026-08-19 18:10:28.543,0.79,0.82,28,0.0,0.0,0.000,-0.0,0,HAYIR,HAYIR
2026-08-19 18:10:28.603,0.80,0.82,28,0.0,0.0,0.000,-0.0,0,HAYIR,HAYIR
2026-08-19 18:10:28.663,0.79,0.82,28,0.0,0.0,0.000,-0.0,0,HAYIR,HAYIR
2026-08-19 18:10:28.723,0.79,0.88,28,0.0,0.0,0.000,-0.0,0,HAYIR,HAYIR
2026-08-19 18:10:28.783,0.79,0.88,28,0.0,0.0,0.000,-0.0,0,HAYIR,HAYIR
2026-08-19 18:10:28.843,0.79,0.88,28,0.0,0.0,0.000,-0.0,0,HAYIR,HAYIR
2026-08-19 18:10:28.903,0.80,0.88,28,0.0,0.0,0.000,-0.0,0,HAYIR,HAYIR
2026-08-19 18:10:28.963,0.79,0.88,28,0.0,0.0,0.000,-0.0,0,HAYIR,HAYIR
2026-08-19 18:10:29.023,0.79,0.88,28,0.0,0.0,0.000,-0.0,0,HAYIR,HAYIR
2026-08-19 18:10:29.083,0.79,0.88,28,0.0,0.0,0.000,-0.0,0,HAYIR,HAYIR
2026-08-19 18:10:29.143,0.79,0.89,28,0.0,0.0,0.000,-0.0,0,HAYIR,HAYIR
2026-08-19 18:10:29.203,0.80,0.89,28,0.0,0.0,0.000,-0.0,0,HAYIR,HAYIR
2026-08-19 18:10:29.263,0.79,0.89,28,0.0,0.0,0.000,-0.0,0,HAYIR,HAYIR
2026-08-19 18:10:29.323,0.79,0.89,28,0.0,0.0,0.000,-0.0,0,HAYIR,HAYIR
2026-08-19 18:10:29.383,0.79,0.89,28,0.0,0.0,0.038,-22.9,-1,HAYIR,HAYIR
2026-08-19 18:10:29.443,0.79,0.89,28,0.0,0.0,0.038,-22.9,-3,HAYIR,HAYIR
2026-08-19 18:10:29.503,0.79,0.89,28,0.0,0.0,0.038,-22.5,-4,HAYIR,HAYIR
2026-08-19 18:10:29.563,0.79,0.89,28,0.0,0.0,0.038,-22.6,-6,HAYIR,HAYIR
2026-08-19 18:10:29.623,0.79,0.89,28,0.0,0.0,0.037,-22.6,-8,HAYIR,HAYIR
2026-08-19 18:10:29.683,0.79,0.89,28,0.0,0.0,0.038,-22.6,-10,HAYIR,HAYIR
2026-08-19 18:10:29.743,0.79,0.86,28,0.0,0.0,0.038,-22.7,-11,HAYIR,HAYIR
2026-08-19 18:10:29.803,0.78,0.86,28,0.0,0.0,0.038,-22.8,-13,HAYIR,HAYIR
2026-08-19 18:10:29.863,0.79,0.86,28,0.0,0.0,0.039,-23.3,-15,HAYIR,HAYIR
2026-08-19 18:10:29.923,0.79,0.86,28,0.0,0.0,0.039,-23.2,-16,HAYIR,HAYIR
2026-08-19 18:10:29.983,0.79,0.86,28,0.0,0.0,0.039,-23.3,-18,HAYIR,HAYIR
2026-08-19 18:10:30.043,0.80,0.86,28,0.0,0.0,0.039,-23.3,-20,HAYIR,HAYIR
2026-08-19 18:10:30.103,0.79,0.80,28,0.0,0.0,0.038,-23.0,-21,HAYIR,HAYIR
2026-08-19 18:10:30.163,0.78,0.80,28,0.0,0.0,0.040,-24.1,-23,HAYIR,HAYIR
2026-08-19 18:10:30.223,0.80,0.80,28,0.0,0.0,0.040,-24.1,-24,HAYIR,HAYIR
2026-08-19 18:10:30.283,0.79,0.80,28,0.0,0.0,0.040,-24.1,-24,HAYIR,HAYIR
2026-08-19 18:10:30.343,0.79,0.80,28,0.0,0.0,0.040,-24.0,-24,HAYIR,HAYIR
2026-08-19 18:10:30.403,0.80,0.78,34,0.0,0.0,0.040,-23.7,-24,HAYIR,HAYIR
2026-08-19 18:10:30.463,0.79,0.78,32,0.0,0.0,0.035,-20.9,-23,HAYIR,HAYIR
2026-08-19 18:10:30.523,0.79,0.78,32,0.0,0.0,0.035,-20.9,-21,HAYIR,HAYIR
2026-08-19 18:10:30.583,0.80,0.78,32,0.0,0.0,0.035,-20.7,-21,HAYIR,HAYIR
2026-08-19 18:10:30.643,0.79,0.78,32,0.0,0.0,0.034,-20.5,-21,HAYIR,HAYIR
2026-08-19 18:10:30.703,0.79,0.78,32,0.0,0.0,0.033,-19.9,-20,HAYIR,HAYIR
2026-08-19 18:10:30.763,0.78,0.78,32,0.0,0.0,0.032,-19.4,-19,HAYIR,HAYIR
2026-08-19 18:10:30.823,0.80,0.75,32,0.0,0.0,0.032,-19.3,-19,HAYIR,HAYIR
2026-08-19 18:10:30.883,0.79,0.75,32,0.0,0.0,0.034,-20.1,-20,HAYIR,HAYIR
2026-08-19 18:10:30.943,0.79,0.75,32,0.0,0.0,0.033,-20.0,-20,HAYIR,HAYIR
2026-08-19 18:10:31.003,0.78,0.75,32,0.0,0.0,0.032,-19.6,-20,HAYIR,HAYIR
2026-08-19 18:10:31.063,0.80,0.75,33,0.0,0.0,0.032,-19.1,-19,HAYIR,HAYIR
2026-08-19 18:10:31.123,0.79,0.70,32,0.0,0.0,0.032,-18.9,-19,HAYIR,HAYIR
2026-08-19 18:10:31.183,0.79,0.70,32,0.0,0.0,0.032,-19.1,-19,HAYIR,HAYIR
2026-08-19 18:10:31.243,0.79,0.70,32,0.0,0.0,0.032,-19.1,-19,HAYIR,HAYIR
2026-08-19 18:10:31.303,0.78,0.70,32,0.0,0.0,0.031,-18.6,-19,HAYIR,HAYIR
2026-08-19 18:10:31.363,0.80,0.70,33,0.0,0.0,0.030,-18.2,-18,HAYIR,HAYIR
2026-08-19 18:10:31.423,0.79,0.67,34,0.0,0.0,0.000,-0.0,-17,HAYIR,HAYIR
2026-08-19 18:10:31.483,0.79,0.67,32,0.0,0.0,0.000,-0.0,-15,HAYIR,HAYIR
2026-08-19 18:10:31.543,0.79,0.67,32,0.0,0.0,0.000,-0.0,-14,HAYIR,HAYIR
2026-08-19 18:10:31.603,0.79,0.67,32,0.0,0.0,0.000,-0.0,-12,HAYIR,HAYIR
2026-08-19 18:10:31.663,0.78,0.67,32,0.0,0.0,0.000,-0.0,-10,HAYIR,HAYIR
2026-08-19 18:10:31.723,0.80,0.67,33,0.0,0.0,0.000,-0.0,-9,HAYIR,HAYIR
2026-08-19 18:10:31.783,0.79,0.66,33,0.0,0.0,0.000,-0.0,-7,HAYIR,HAYIR
2026-08-19 18:10:31.843,0.79,0.66,33,0.0,0.0,0.000,-0.0,-5,HAYIR,HAYIR
2026-08-19 18:10:31.903,0.79,0.66,32,0.0,0.0,0.000,-0.0,-4,HAYIR,HAYIR
2026-08-19 18:10:31.963,0.80,0.66,33,0.0,0.0,0.000,-0.0,-2,HAYIR,HAYIR
2026-08-19 18:10:32.023,0.79,0.66,33,0.0,0.0,0.000,-0.0,0,HAYIR,HAYIR
2026-08-19 18:10:32.083,0.79,0.66,33,0.0,0.0,0.000,-0.0,0,HAYIR,HAYIR
2026-08-19 18:10:32.143,0.79,0.66,33,0.0,0.0,0.000,-0.0,0,HAYIR,HAYIR
2026-08-19 18:10:32.203,0.80,0.66,33,0.0,0.0,0.000,-0.0,0,HAYIR,HAYIR
2026-08-19 18:10:32.263,0.79,0.66,33,0.0,0.0,0.000,-0.0,0,HAYIR,HAYIR
2026-08-19 18:10:32.323,0.79,0.66,33,0.0,0.0,0.000,-0.0,0,HAYIR,HAYIR
2026-08-19 18:10:32.383,0.79,0.66,33,0.0,0.0,0.000,-0.0,0,HAYIR,HAYIR
2026-08-19 18:10:32.443,0.78,0.67,32,0.0,0.0,0.000,-0.0,0,HAYIR,HAYIR
2026-08-19 18:10:32.503,0.79,0.67,33,0.0,0.0,0.000,-0.0,0,HAYIR,HAYIR
2026-08-19 18:10:32.563,0.79,0.67,33,0.0,0.0,0.000,-0.0,0,HAYIR,HAYIR
2026-08-19 18:10:32.623,0.79,0.67,33,0.0,0.0,0.000,-0.0,0,HAYIR,HAYIR
2026-08-19 18:10:32.683,0.78,0.67,33,0.0,0.0,0.036,-21.8,-1,HAYIR,HAYIR
2026-08-19 18:10:32.743,0.80,0.67,33,0.0,0.0,0.037,-21.8,-3,HAYIR,HAYIR
2026-08-19 18:10:32.803,0.79,0.69,33,0.0,0.0,0.037,-22.3,-4,HAYIR,HAYIR
2026-08-19 18:10:32.863,0.80,0.69,33,0.0,0.0,0.036,-21.2,-6,HAYIR,HAYIR
2026-08-19 18:10:32.923,0.79,0.69,33,0.0,0.0,0.035,-21.1,-8,HAYIR,HAYIR
2026-08-19 18:10:32.983,0.79,0.69,33,0.0,0.0,0.035,-21.4,-10,HAYIR,HAYIR
2026-08-19 18:10:33.043,0.79,0.69,33,0.0,0.0,0.036,-21.4,-11,HAYIR,HAYIR
2026-08-19 18:10:33.103,0.79,0.73,33,0.0,0.0,0.037,-21.9,-13,HAYIR,HAYIR
2026-08-19 18:10:33.163,0.79,0.73,32,0.0,0.0,0.034,-20.5,-15,HAYIR,HAYIR
2026-08-19 18:10:33.223,0.79,0.73,33,0.0,0.0,0.034,-20.5,-16,HAYIR,HAYIR
2026-08-19 18:10:33.283,0.79,0.73,33,0.0,0.0,0.035,-20.9,-18,HAYIR,HAYIR
2026-08-19 18:10:33.343,0.79,0.73,33,0.0,0.0,0.035,-20.8,-20,HAYIR,HAYIR
2026-08-19 18:10:33.403,0.80,0.78,31,0.0,0.0,0.035,-20.6,-21,HAYIR,HAYIR
2026-08-19 18:10:33.463,0.79,0.78,32,0.0,0.0,0.031,-18.8,-20,HAYIR,HAYIR
2026-08-19 18:10:33.523,0.79,0.78,33,0.0,0.0,0.031,-18.6,-19,HAYIR,HAYIR
2026-08-19 18:10:33.583,0.80,0.78,33,0.0,0.0,0.031,-18.7,-19,HAYIR,HAYIR
2026-08-19 18:10:33.643,0.79,0.78,33,0.0,0.0,0.031,-18.7,-19,HAYIR,HAYIR
2026-08-19 18:10:33.703,0.79,0.78,33,0.0,0.0,0.058,-35.1,-19,HAYIR,HAYIR
2026-08-19 18:10:33.763,0.78,0.83,28,0.0,0.0,0.057,-34.7,-21,HAYIR,HAYIR
2026-08-19 18:10:33.823,0.79,0.83,28,0.0,0.0,0.054,-32.2,-22,HAYIR,HAYIR
2026-08-19 18:10:33.883,0.79,0.83,28,0.0,0.0,0.053,-31.7,-24,HAYIR,HAYIR
2026-08-19 18:10:33.943,0.79,0.83,28,0.0,0.0,0.052,-31.7,-26,HAYIR,HAYIR
2026-08-19 18:10:34.003,0.79,0.83,28,0.0,0.0,0.052,-31.2,-27,HAYIR,HAYIR
2026-08-19 18:10:34.063,0.78,0.83,28,0.0,0.0,0.051,-30.8,-29,HAYIR,HAYIR
2026-08-19 18:10:34.123,0.80,0.88,28,0.0,0.0,0.051,-30.7,-31,HAYIR,HAYIR
2026-08-19 18:10:34.183,0.79,0.88,28,0.0,0.0,0.048,-29.0,-30,HAYIR,HAYIR
2026-08-19 18:10:34.243,0.79,0.88,28,0.0,0.0,0.048,-28.9,-29,HAYIR,HAYIR
2026-08-19 18:10:34.303,0.79,0.88,28,0.0,0.0,0.048,-28.6,-29,HAYIR,HAYIR
2026-08-19 18:10:34.363,0.80,0.88,28,0.0,0.0,0.047,-28.2,-28,HAYIR,HAYIR
2026-08-19 18:10:34.423,0.79,0.94,28,0.0,0.0,0.047,-28.0,-28,HAYIR,HAYIR
2026-08-19 18:10:34.483,0.78,0.94,28,0.0,0.0,0.045,-27.5,-27,HAYIR,HAYIR
2026-08-19 18:10:34.543,0.80,0.94,28,0.0,0.0,0.045,-26.8,-27,HAYIR,HAYIR
2026-08-19 18:10:34.603,0.78,0.94,28,0.0,0.0,0.044,-26.5,-27,HAYIR,HAYIR
2026-08-19 18:10:34.663,0.79,0.94,28,0.0,0.0,0.043,-26.0,-26,HAYIR,HAYIR
2026-08-19 18:10:34.723,0.79,0.94,28,0.0,0.0,0.043,-25.7,-26,HAYIR,HAYIR
2026-08-19 18:10:34.783,0.79,0.96,28,0.0,0.0,0.042,-25.1,-25,HAYIR,HAYIR
2026-08-19 18:10:34.843,0.79,0.96,28,0.0,0.0,0.041,-24.8,-25,HAYIR,HAYIR
2026-08-19 18:10:34.903,0.79,0.96,28,0.0,0.0,0.043,-25.8,-25,HAYIR,HAYIR
2026-08-19 18:10:34.963,0.79,0.96,28,0.0,0.0,0.042,-25.2,-25,HAYIR,HAYIR
2026-08-19 18:10:35.023,0.79,0.96,28,0.0,0.0,0.042,-25.0,-25,HAYIR,HAYIR
2026-08-19 18:10:35.083,0.78,0.98,28,0.0,0.0,0.040,-24.5,-24,HAYIR,HAYIR
2026-08-19 18:10:35.143,0.80,0.98,28,0.0,0.0,0.041,-24.3,-24,HAYIR,HAYIR
2026-08-19 18:10:35.203,0.79,0.98,28,0.0,0.0,0.039,-23.3,-23,HAYIR,HAYIR
2026-08-19 18:10:35.263,0.79,0.98,28,0.0,0.0,0.038,-22.7,-23,HAYIR,HAYIR
2026-08-19 18:10:35.323,0.79,0.98,28,0.0,0.0,0.037,-22.5,-23,HAYIR,HAYIR
2026-08-19 18:10:35.383,0.80,0.98,28,0.0,0.0,0.037,-22.1,-22,HAYIR,HAYIR
2026-08-19 18:10:35.443,0.79,0.98,28,0.0,0.0,0.037,-21.9,-22,HAYIR,HAYIR
2026-08-19 18:10:35.503,0.78,0.98,28,0.0,0.0,0.035,-21.3,-21,HAYIR,HAYIR
2026-08-19 18:10:35.563,0.79,0.98,28,0.0,0.0,0.035,-20.8,-21,HAYIR,HAYIR
2026-08-19 18:10:35.623,0.79,0.98,28,0.0,0.0,0.034,-20.6,-21,HAYIR,HAYIR
2026-08-19 18:10:35.683,0.78,0.98,28,0.0,0.0,0.033,-20.1,-20,HAYIR,HAYIR
2026-08-19 18:10:35.743,0.80,0.98,28,0.0,0.0,0.033,-20.0,-20,HAYIR,HAYIR
2026-08-19 18:10:35.803,0.79,0.97,28,0.0,0.0,0.032,-19.4,-19,HAYIR,HAYIR
2026-08-19 18:10:35.863,0.80,0.97,28,0.0,0.0,0.032,-19.3,-19,HAYIR,HAYIR
2026-08-19 18:10:35.923,0.79,0.97,28,0.0,0.0,0.032,-19.1,-19,HAYIR,HAYIR
2026-08-19 18:10:35.983,0.79,0.97,28,0.0,0.0,0.046,-28.0,-20,HAYIR,HAYIR
2026-08-19 18:10:36.043,0.79,0.97,28,0.0,0.0,0.046,-27.7,-22,HAYIR,HAYIR
2026-08-19 18:10:36.103,0.79,0.94,28,0.0,0.0,0.045,-27.1,-24,HAYIR,HAYIR
2026-08-19 18:10:36.163,0.79,0.94,28,0.0,0.0,0.046,-27.9,-25,HAYIR,HAYIR
2026-08-19 18:10:36.223,0.80,0.94,28,0.0,0.0,0.046,-27.6,-27,HAYIR,HAYIR
2026-08-19 18:10:36.283,0.79,0.94,28,0.0,0.0,0.045,-27.2,-27,HAYIR,HAYIR
2026-08-19 18:10:36.343,0.79,0.94,28,0.0,0.0,0.045,-26.9,-27,HAYIR,HAYIR
2026-08-19 18:10:36.403,0.80,0.94,28,0.0,0.0,0.044,-26.3,-26,HAYIR,HAYIR
2026-08-19 18:10:36.463,0.79,0.90,28,0.0,0.0,0.043,-25.9,-26,HAYIR,HAYIR
2026-08-19 18:10:36.523,0.77,0.90,28,0.0,0.0,0.000,-0.0,-25,HAYIR,HAYIR
2026-08-19 18:10:36.583,0.79,0.90,28,0.0,0.0,0.045,-27.3,-25,HAYIR,HAYIR
2026-08-19 18:10:36.643,0.79,0.90,28,0.0,0.0,0.044,-26.7,-27,HAYIR,HAYIR
2026-08-19 18:10:36.703,0.74,0.90,28,0.0,0.0,0.000,-0.0,-25,HAYIR,HAYIR
2026-08-19 18:10:36.763,0.72,0.87,28,0.0,0.0,0.000,-0.0,-23,HAYIR,HAYIR
2026-08-19 18:10:36.823,0.69,0.87,28,0.0,0.0,0.000,-0.0,-22,HAYIR,HAYIR
2026-08-19 18:10:36.883,0.00,0.87,0,0.0,0.0,0.000,0.0,-20,EVET,HAYIR
2026-08-19 18:10:36.943,0.64,0.87,28,0.0,0.0,0.000,-0.0,-18,HAYIR,HAYIR
2026-08-19 18:10:37.003,0.59,0.87,28,0.0,0.0,0.000,-0.0,-17,HAYIR,HAYIR
2026-08-19 18:10:37.063,0.57,0.86,28,0.0,0.0,0.000,-0.0,-15,HAYIR,HAYIR
2026-08-19 18:10:37.123,0.54,0.86,28,0.0,0.0,0.000,-0.0,-13,HAYIR,HAYIR
2026-08-19 18:10:37.183,0.00,0.86,0,0.0,0.0,0.000,0.0,-12,EVET,HAYIR
2026-08-19 18:10:37.243,0.49,0.86,28,0.0,0.0,0.000,-0.0,-10,HAYIR,HAYIR
2026-08-19 18:10:37.303,0.44,0.86,28,0.0,0.0,0.000,-0.0,-8,HAYIR,HAYIR
2026-08-19 18:10:37.363,0.42,0.86,28,0.0,0.0,0.000,-0.0,-7,HAYIR,HAYIR
2026-08-19 18:10:37.423,0.39,0.86,28,0.0,0.0,0.000,-0.0,-5,HAYIR,HAYIR
2026-08-19 18:10:37.483,0.00,0.83,0,0.0,0.0,0.000,0.0,-3,EVET,HAYIR
2026-08-19 18:10:37.543,0.34,0.83,28,0.0,0.0,0.000,-0.0,-2,HAYIR,HAYIR
2026-08-19 18:10:37.603,0.29,0.83,0,0.0,0.0,0.000,-0.0,0,EVET,HAYIR
2026-08-19 18:10:37.663,0.27,0.83,0,0.0,0.0,0.000,-0.0,0,EVET,HAYIR
2026-08-19 18:10:37.723,0.24,0.83,0,0.0,0.0,0.000,-0.0,0,EVET,HAYIR
2026-08-19 18:10:37.783,0.00,0.79,0,0.0,0.0,0.000,0.0,0,EVET,HAYIR
2026-08-19 18:10:37.843,0.19,0.79,0,0.0,0.0,0.000,-0.0,0,EVET,HAYIR
2026-08-19 18:10:37.903,0.14,0.79,0,0.0,0.0,0.000,-0.0,0,EVET,HAYIR
2026-08-19 18:10:37.963,0.12,0.79,0,0.0,0.0,0.000,-0.0,0,EVET,HAYIR
2026-08-19 18:10:38.023,0.09,0.79,0,0.0,0.0,0.000,-0.0,0,EVET,HAYIR
2026-08-19 18:10:38.083,0.00,0.74,0,0.0,0.0,0.000,0.0,0,EVET,HAYIR
2026-08-19 18:10:38.143,0.04,0.74,0,0.0,0.0,0.000,-0.0,0,EVET,HAYIR
2026-08-19 18:10:38.203,0.00,0.74,0,0.0,0.0,0.000,0.0,0,EVET,HAYIR
2026-08-19 18:10:38.263,0.00,0.74,0,0.0,0.0,0.000,0.0,0,EVET,HAYIR
2026-08-19 18:10:38.323,0.00,0.74,0,0.0,0.0,0.000,0.0,0,EVET,HAYIR
2026-08-19 18:10:38.383,0.00,0.74,0,0.0,0.0,0.000,0.0,0,EVET,HAYIR
2026-08-19 18:10:38.443,0.00,0.69,0,0.0,0.0,0.000,0.0,0,EVET,HAYIR
2026-08-19 18:10:38.503,0.00,0.69,0,0.0,0.0,0.000,0.0,0,EVET,HAYIR
2026-08-19 18:10:38.563,0.00,0.69,0,0.0,0.0,0.000,0.0,0,EVET,HAYIR
2026-08-19 18:10:38.623,0.00,0.69,0,0.0,0.0,0.000,0.0,0,EVET,HAYIR
2026-08-19 18:10:38.683,0.00,0.69,0,0.0,0.0,0.000,0.0,0,EVET,HAYIR
2026-08-19 18:10:38.743,0.00,0.62,0,0.0,0.0,0.000,0.0,0,EVET,HAYIR
2026-08-19 18:10:38.803,0.00,0.62,0,0.0,0.0,0.000,0.0,0,EVET,HAYIR
2026-08-19 18:10:38.863,0.00,0.62,0,0.0,0.0,0.000,0.0,0,EVET,HAYIR
2026-08-19 18:10:38.923,0.00,0.62,0,0.0,0.0,0.000,0.0,0,EVET,HAYIR
2026-08-19 18:10:38.983,0.00,0.62,0,0.0,0.0,0.000,0.0,0,EVET,HAYIR
2026-08-19 18:10:39.043,0.00,0.62,0,0.0,0.0,0.000,0.0,0,EVET,HAYIR
2026-08-19 18:10:39.103,0.00,0.62,0,0.0,0.0,0.000,0.0,0,EVET,HAYIR
2026-08-19 18:10:39.163,0.00,0.55,0,0.0,0.0,0.000,0.0,0,EVET,HAYIR
2026-08-19 18:10:39.223,0.00,0.55,0,0.0,0.0,0.000,0.0,0,EVET,HAYIR
2026-08-19 18:10:39.283,0.00,0.55,0,0.0,0.0,0.000,0.0,0,EVET,HAYIR
2026-08-19 18:10:39.343,0.00,0.55,0,0.0,0.0,0.000,0.0,0,EVET,HAYIR
2026-08-19 18:10:39.403,0.00,0.55,0,0.0,0.0,0.000,0.0,0,EVET,HAYIR
2026-08-19 18:10:39.463,0.00,0.45,0,0.0,0.0,0.000,0.0,0,EVET,HAYIR
2026-08-19 18:10:39.523,0.00,0.45,0,0.0,0.0,0.000,0.0,0,EVET,HAYIR
2026-08-19 18:10:39.583,0.00,0.45,0,0.0,0.0,0.000,0.0,0,EVET,HAYIR
2026-08-19 18:10:39.643,0.00,0.45,0,0.0,0.0,0.000,0.0,0,EVET,HAYIR
2026-08-19 18:10:39.703,0.00,0.45,0,0.0,0.0,0.000,0.0,0,EVET,HAYIR
2026-08-19 18:10:39.763,0.00,0.33,0,0.0,0.0,0.000,0.0,0,EVET,HAYIR
2026-08-19 18:10:39.823,0.00,0.33,0,0.0,0.0,0.000,0.0,0,EVET,HAYIR
2026-08-19 18:10:39.883,0.00,0.33,0,0.0,0.0,0.000,0.0,0,EVET,HAYIR
2026-08-19 18:10:39.943,0.00,0.33,0,0.0,0.0,0.000,0.0,0,EVET,HAYIR
2026-08-19 18:10:40.003,0.00,0.33,0,0.0,0.0,0.000,0.0,0,EVET,HAYIR
2026-08-19 18:10:40.063,0.00,0.33,0,0.0,0.0,0.000,0.0,0,EVET,HAYIR
2026-08-19 18:10:40.123,0.00,0.23,0,0.0,0.0,0.000,0.0,0,EVET,HAYIR
2026-08-19 18:10:40.183,0.00,0.23,0,0.0,0.0,0.000,0.0,0,EVET,HAYIR
2026-08-19 18:10:40.243,0.00,0.23,0,0.0,0.0,0.000,0.0,0,EVET,HAYIR
2026-08-19 18:10:40.303,0.00,0.23,0,0.0,0.0,0.000,0.0,0,EVET,HAYIR
2026-08-19 18:10:40.363,0.00,0.23,0,0.0,0.0,0.000,0.0,0,EVET,HAYIR
2026-08-19 18:10:40.423,0.00,0.16,0,0.0,0.0,0.000,0.0,0,EVET,HAYIR
2026-08-19 18:10:40.483,0.00,0.16,0,0.0,0.0,0.000,0.0,0,EVET,HAYIR
2026-08-19 18:10:40.543,0.00,0.16,0,0.0,0.0,0.000,0.0,0,EVET,HAYIR
2026-08-19 18:10:40.603,0.00,0.16,0,0.0,0.0,0.000,0.0,0,EVET,HAYIR
2026-08-19 18:10:40.663,0.00,0.16,0,0.0,0.0,0.000,0.0,0,EVET,HAYIR
2026-08-19 18:10:40.723,0.00,0.16,0,0.0,0.0,0.000,0.0,0,EVET,HAYIR
2026-08-19 18:10:40.783,0.00,0.11,0,0.0,0.0,0.000,0.0,0,EVET,HAYIR
2026-08-19 18:10:40.843,0.00,0.11,0,0.0,0.0,0.000,0.0,0,EVET,HAYIR
2026-08-19 18:10:40.903,0.00,0.11,0,0.0,0.0,0.000,0.0,0,EVET,HAYIR
2026-08-19 18:10:40.963,0.00,0.11,0,0.0,0.0,0.000,0.0,0,EVET,HAYIR
2026-08-19 18:10:41.023,0.00,0.11,0,0.0,0.0,0.000,0.0,0,EVET,HAYIR
2026-08-19 18:10:41.083,0.00,0.11,0,0.0,0.0,0.000,0.0,0,EVET,HAYIR
2026-08-19 18:10:41.143,0.00,0.08,0,0.0,0.0,0.000,0.0,0,EVET,HAYIR
2026-08-19 18:10:41.203,0.00,0.08,0,0.0,0.0,0.000,0.0,0,EVET,HAYIR
2026-08-19 18:10:41.263,0.00,0.08,0,0.0,0.0,0.000,0.0,0,EVET,HAYIR
2026-08-19 18:10:41.323,0.00,0.08,0,0.0,0.0,0.000,0.0,0,EVET,HAYIR
2026-08-19 18:10:41.383,0.00,0.08,0,0.0,0.0,0.000,0.0,0,EVET,HAYIR
2026-08-19 18:10:41.443,0.00,0.06,0,0.0,0.0,0.000,0.0,0,HAYIR,HAYIR
2026-08-19 18:10:41.503,0.00,0.06,0,0.0,0.0,0.000,0.0,0,HAYIR,HAYIR
2026-08-19 18:10:41.563,0.00,0.06,0,0.0,0.0,0.000,0.0,0,HAYIR,HAYIR
2026-08-19 18:10:41.623,0.00,0.06,0,0.0,0.0,0.000,0.0,0,HAYIR,HAYIR
2026-08-19 18:10:41.683,0.00,0.06,0,0.0,0.0,0.000,0.0,0,HAYIR,HAYIR
2026-08-19 18:10:41.743,0.00,0.04,0,0.0,0.0,0.000,0.0,0,HAYIR,HAYIR
2026-08-19 18:10:41.803,0.00,0.04,0,0.0,0.0,0.000,0.0,0,HAYIR,HAYIR
2026-08-19 18:10:41.863,0.00,0.04,0,0.0,0.0,0.000,0.0,0,HAYIR,HAYIR
2026-08-19 18:10:41.923,0.00,0.04,0,0.0,0.0,0.000,0.0,0,HAYIR,HAYIR
2026-08-19 18:10:41.983,0.00,0.04,0,0.0,0.0,0.000,0.0,0,HAYIR,HAYIR
2026-08-19 18:10:42.043,0.00,0.04,0,0.0,0.0,0.000,0.0,0,HAYIR,HAYIR
2026-08-19 18:10:42.103,0.00,0.03,0,0.0,0.0,0.000,0.0,0,HAYIR,HAYIR
2026-08-19 18:10:42.163,0.00,0.03,0,0.0,0.0,0.000,0.0,0,HAYIR,HAYIR
2026-08-19 18:10:42.223,0.00,0.03,0,0.0,0.0,0.000,0.0,0,HAYIR,HAYIR
2026-08-19 18:10:42.283,0.00,0.03,0,0.0,0.0,0.000,0.0,0,HAYIR,HAYIR
2026-08-19 18:10:42.343,0.00,0.03,0,0.0,0.0,0.000,0.0,0,HAYIR,HAYIR
2026-08-19 18:10:42.403,0.00,0.03,0,0.0,0.0,0.000,0.0,0,HAYIR,HAYIR
2026-08-19 18:10:42.463,0.00,0.02,0,0.0,0.0,0.000,0.0,0,HAYIR,HAYIR
2026-08-19 18:10:42.523,0.00,0.02,0,0.0,0.0,0.000,0.0,0,HAYIR,HAYIR
2026-08-19 18:10:42.583,0.00,0.02,0,0.0,0.0,0.000,0.0,0,HAYIR,HAYIR
2026-08-19 18:10:42.643,0.00,0.02,0,0.0,0.0,0.000,0.0,0,HAYIR,HAYIR
2026-08-19 18:10:42.703,0.00,0.02,0,0.0,0.0,0.000,0.0,0,HAYIR,HAYIR
2026-08-19 18:10:42.763,0.00,0.01,0,0.0,0.0,0.000,0.0,0,HAYIR,HAYIR
2026-08-19 18:10:42.823,0.00,0.01,0,0.0,0.0,0.000,0.0,0,HAYIR,HAYIR
2026-08-19 18:10:42.883,0.00,0.01,0,0.0,0.0,0.000,0.0,0,HAYIR,HAYIR
2026-08-19 18:10:42.943,0.00,0.01,0,0.0,0.0,0.000,0.0,0,HAYIR,HAYIR
2026-08-19 18:10:43.003,0.00,0.01,0,0.0,0.0,0.000,0.0,0,HAYIR,HAYIR
2026-08-19 18:10:43.063,0.00,0.01,0,0.0,0.0,0.000,0.0,0,HAYIR,HAYIR
2026-08-19 18:10:43.123,0.00,0.01,0,0.0,0.0,0.000,0.0,0,HAYIR,HAYIR
2026-08-19 18:10:43.183,0.00,0.01,0,0.0,0.0,0.000,0.0,0,HAYIR,HAYIR
2026-08-19 18:10:43.243,0.00,0.01,0,0.0,0.0,0.000,0.0,0,HAYIR,HAYIR
2026-08-19 18:10:43.303,0.00,0.01,0,0.0,0.0,0.000,0.0,0,HAYIR,HAYIR
2026-08-19 18:10:43.363,0.00,0.01,0,0.0,0.0,0.000,0.0,0,HAYIR,HAYIR
2026-08-19 18:10:43.423,0.00,0.01,0,0.0,0.0,0.000,0.0,0,HAYIR,HAYIR
2026-08-19 18:10:43.483,0.00,0.01,0,0.0,0.0,0.000,0.0,0,HAYIR,HAYIR
2026-08-19 18:10:43.543,0.00,0.01,0,0.0,0.0,0.000,0.0,0,HAYIR,HAYIR
2026-08-19 18:10:43.603,0.00,0.01,0,0.0,0.0,0.000,0.0,0,HAYIR,HAYIR
2026-08-19 18:10:43.663,0.00,0.01,0,0.0,0.0,0.000,0.0,0,HAYIR,HAYIR
2026-08-19 18:10:43.723,0.00,0.00,0,0.0,0.0,0.000,0.0,0,HAYIR,HAYIR
2026-08-19 18:10:43.783,0.00,0.00,0,0.0,0.0,0.000,0.0,0,HAYIR,HAYIR
2026-08-19 18:10:43.843,0.00,0.00,0,0.0,0.0,0.000,0.0,0,HAYIR,HAYIR
2026-08-19 18:10:43.903,0.00,0.00,0,0.0,0.0,0.000,0.0,0,HAYIR,HAYIR
2026-08-19 18:10:43.963,0.00,0.00,0,0.0,0.0,0.000,0.0,0,HAYIR,HAYIR
2026-08-19 18:10:44.023,0.00,0.00,0,0.0,0.0,0.000,0.0,0,HAYIR,HAYIR
2026-08-19 18:10:44.083,0.00,0.00,0,0.0,0.0,0.000,0.0,0,HAYIR,HAYIR
2026-08-19 18:10:44.143,0.00,0.00,0,0.0,0.0,0.000,0.0,0,HAYIR,HAYIR
2026-08-19 18:10:44.203,0.00,0.00,0,0.0,0.0,0.000,0.0,0,HAYIR,HAYIR
2026-08-19 18:10:44.263,0.00,0.00,0,0.0,0.0,0.000,0.0,0,HAYIR,HAYIR
2026-08-19 18:10:44.323,0.00,0.00,0,0.0,0.0,0.000,0.0,0,HAYIR,HAYIR
2026-08-19 18:10:44.383,0.00,0.00,0,0.0,0.0,0.000,0.0,0,HAYIR,HAYIR
2026-08-19 18:10:44.443,0.00,-0.01,0,0.0,0.0,0.000,0.0,0,HAYIR,HAYIR
2026-08-19 18:10:44.503,0.00,-0.01,0,0.0,0.0,0.000,0.0,0,HAYIR,HAYIR
2026-08-19 18:10:44.563,0.00,-0.01,0,0.0,0.0,0.000,0.0,0,HAYIR,HAYIR
2026-08-19 18:10:44.623,0.00,-0.01,0,0.0,0.0,0.000,0.0,0,HAYIR,HAYIR
2026-08-19 18:10:44.683,0.00,-0.01,0,0.0,0.0,0.000,0.0,0,HAYIR,HAYIR
2026-08-19 18:10:44.743,0.00,-0.01,0,0.0,0.0,0.000,0.0,0,HAYIR,HAYIR
2026-08-19 18:10:44.803,0.00,-0.00,0,0.0,0.0,0.000,0.0,0,HAYIR,HAYIR
2026-08-19 18:10:44.863,0.00,-0.00,0,0.0,0.0,0.000,0.0,0,HAYIR,HAYIR
2026-08-19 18:10:44.923,0.00,-0.00,0,0.0,0.0,0.000,0.0,0,HAYIR,HAYIR
2026-08-19 18:10:44.983,0.00,-0.00,0,0.0,0.0,0.000,0.0,0,HAYIR,HAYIR
2026-08-19 18:10:45.043,0.00,-0.00,0,0.0,0.0,0.000,0.0,0,HAYIR,HAYIR
2026-08-19 18:10:45.103,0.00,-0.00,0,0.0,0.0,0.000,0.0,0,HAYIR,HAYIR
2026-08-19 18:10:45.163,0.00,-0.00,0,0.0,0.0,0.000,0.0,0,HAYIR,HAYIR
2026-08-19 18:10:45.223,0.00,-0.00,0,0.0,0.0,0.000,0.0,0,HAYIR,HAYIR
2026-08-19 18:10:45.283,0.00,-0.00,0,0.0,0.0,0.000,0.0,0,HAYIR,HAYIR
2026-08-19 18:10:45.343,0.00,-0.00,0,0.0,0.0,0.000,0.0,0,HAYIR,HAYIR
2026-08-19 18:10:45.403,0.00,-0.00,0,0.0,0.0,0.000,0.0,0,HAYIR,HAYIR
2026-08-19 18:10:45.463,0.00,-0.00,0,0.0,0.0,0.000,0.0,0,HAYIR,HAYIR
2026-08-19 18:10:45.523,0.00,-0.00,0,0.0,0.0,0.000,0.0,0,HAYIR,HAYIR
2026-08-19 18:10:45.583,0.00,-0.00,0,0.0,0.0,0.000,0.0,0,HAYIR,HAYIR
2026-08-19 18:10:45.643,0.00,-0.00,0,0.0,0.0,0.000,0.0,0,HAYIR,HAYIR
2026-08-19 18:10:45.703,0.00,-0.00,0,0.0,0.0,0.000,0.0,0,HAYIR,HAYIR
2026-08-19 18:10:45.763,0.00,-0.00,0,0.0,0.0,0.000,0.0,0,HAYIR,HAYIR
2026-08-19 18:10:45.823,0.00,-0.00,0,0.0,0.0,0.000,0.0,0,HAYIR,HAYIR
2026-08-19 18:10:45.883,0.00,-0.00,0,0.0,0.0,0.000,0.0,0,HAYIR,HAYIR
2026-08-19 18:10:45.943,0.00,-0.00,0,0.0,0.0,0.000,0.0,0,HAYIR,HAYIR
2026-08-19 18:10:46.003,0.00,-0.00,0,0.0,0.0,0.000,0.0,0,HAYIR,HAYIR
2026-08-19 18:10:46.063,0.00,-0.00,0,0.0,0.0,0.000,0.0,0,HAYIR,HAYIR
2026-08-19 18:10:46.123,0.00,-0.00,0,0.0,0.0,0.000,0.0,0,HAYIR,HAYIR
2026-08-19 18:10:46.183,0.00,-0.00,0,0.0,0.0,0.000,0.0,0,HAYIR,HAYIR
2026-08-19 18:10:46.243,0.00,-0.00,0,0.0,0.0,0.000,0.0,0,HAYIR,HAYIR
2026-08-19 18:10:46.303,0.00,-0.00,0,0.0,0.0,0.000,0.0,0,HAYIR,HAYIR
2026-08-19 18:10:46.363,0.00,-0.00,0,0.0,0.0,0.000,0.0,0,HAYIR,HAYIR
2026-08-19 18:10:46.423,0.00,-0.00,0,0.0,0.0,0.000,0.0,0,HAYIR,HAYIR
2026-08-19 18:10:46.483,0.00,-0.00,0,0.0,0.0,0.000,0.0,0,HAYIR,HAYIR
2026-08-19 18:10:46.543,0.00,-0.00,0,0.0,0.0,0.000,0.0,0,HAYIR,HAYIR
2026-08-19 18:10:46.603,0.00,-0.00,0,0.0,0.0,0.000,0.0,0,HAYIR,HAYIR
2026-08-19 18:10:46.663,0.00,-0.00,0,0.0,0.0,0.000,0.0,0,HAYIR,HAYIR
2026-08-19 18:10:46.723,0.00,-0.00,0,0.0,0.0,0.000,0.0,0,HAYIR,HAYIR
2026-08-19 18:10:46.783,0.00,-0.00,0,0.0,0.0,0.000,0.0,0,HAYIR,HAYIR
2026-08-19 18:10:46.843,0.00,-0.00,0,0.0,0.0,0.000,0.0,0,HAYIR,HAYIR
2026-08-19 18:10:46.903,0.00,-0.00,0,0.0,0.0,0.000,0.0,0,HAYIR,HAYIR
2026-08-19 18:10:46.963,0.00,-0.00,0,0.0,0.0,0.000,0.0,0,HAYIR,HAYIR
2026-08-19 18:10:51.863,0.03,-0.00,28,0.0,0.0,0.050,-160.0,-1,HAYIR,HAYIR
2026-08-19 18:10:51.923,0.05,-0.00,29,0.0,0.1,0.073,-160.0,-2,HAYIR,HAYIR
2026-08-19 18:10:51.983,0.08,-0.00,29,0.0,0.2,0.073,-160.0,-4,HAYIR,HAYIR
2026-08-19 18:10:52.043,0.10,-0.00,29,0.0,0.3,0.074,-160.0,-6,HAYIR,HAYIR
2026-08-19 18:10:52.103,0.15,-0.00,29,0.0,0.3,0.075,-160.0,-7,HAYIR,HAYIR
2026-08-19 18:10:52.163,0.17,-0.00,29,0.0,0.4,0.076,-160.0,-9,HAYIR,HAYIR
2026-08-19 18:10:52.223,0.20,-0.00,29,0.0,0.5,0.076,-160.0,-11,HAYIR,HAYIR
2026-08-19 18:10:52.283,0.22,-0.00,29,0.0,0.6,0.077,-149.2,-12,HAYIR,HAYIR
2026-08-19 18:10:52.343,0.25,-0.00,30,0.0,0.6,0.078,-137.8,-14,HAYIR,HAYIR
2026-08-19 18:10:52.403,0.30,-0.00,30,0.0,0.7,0.079,-118.9,-16,HAYIR,HAYIR
2026-08-19 18:10:52.463,0.33,-0.00,30,0.0,0.8,0.079,-110.8,-17,HAYIR,HAYIR
2026-08-19 18:10:52.523,0.35,-0.00,30,0.0,0.9,0.080,-104.4,-19,HAYIR,HAYIR
2026-08-19 18:10:52.583,0.38,-0.00,30,0.0,1.0,0.080,-98.0,-21,HAYIR,HAYIR
2026-08-19 18:10:52.643,0.40,-0.00,30,0.0,1.0,0.081,-93.4,-22,HAYIR,HAYIR
2026-08-19 18:10:52.703,0.45,-0.00,31,0.0,1.1,0.082,-84.8,-24,HAYIR,HAYIR
2026-08-19 18:10:52.763,0.48,-0.00,31,0.0,1.2,0.082,-80.6,-26,HAYIR,HAYIR
2026-08-19 18:10:52.823,0.50,-0.00,31,0.0,1.3,0.083,-77.1,-27,HAYIR,HAYIR
2026-08-19 18:10:52.883,0.53,-0.00,31,0.0,1.4,0.083,-73.6,-29,HAYIR,HAYIR
2026-08-19 18:10:52.943,0.55,-0.00,31,0.0,1.4,0.084,-71.0,-31,HAYIR,HAYIR
2026-08-19 18:10:53.003,0.60,-0.00,31,0.0,1.5,0.085,-66.4,-32,HAYIR,HAYIR
2026-08-19 18:10:53.063,0.63,-0.00,32,0.0,1.6,0.085,-64.0,-34,HAYIR,HAYIR
2026-08-19 18:10:53.123,0.65,-0.00,32,0.0,1.7,0.086,-61.9,-36,HAYIR,HAYIR
2026-08-19 18:10:53.183,0.68,-0.00,32,0.0,1.7,0.085,-59.4,-38,HAYIR,HAYIR
2026-08-19 18:10:53.243,0.70,-0.00,32,0.0,1.8,0.086,-57.8,-39,HAYIR,HAYIR
2026-08-19 18:10:53.303,0.75,-0.00,32,0.0,1.9,0.087,-54.4,-41,HAYIR,HAYIR
2026-08-19 18:10:53.363,0.78,-0.00,33,0.0,2.0,0.087,-52.7,-43,HAYIR,HAYIR
2026-08-19 18:10:53.423,0.79,-0.00,33,0.1,2.1,0.087,-52.2,-44,HAYIR,HAYIR
2026-08-19 18:10:53.483,0.79,-0.00,33,0.1,2.1,0.087,-52.0,-46,HAYIR,HAYIR
2026-08-19 18:10:53.543,0.79,-0.00,33,0.1,2.2,0.087,-52.1,-48,HAYIR,HAYIR
2026-08-19 18:10:53.603,0.79,-0.00,33,0.2,2.3,0.088,-52.6,-49,HAYIR,HAYIR
2026-08-19 18:10:53.663,0.79,-0.00,33,0.2,2.4,0.088,-52.8,-51,HAYIR,HAYIR
2026-08-19 18:10:53.723,0.79,-0.00,33,0.2,2.4,0.089,-53.1,-53,HAYIR,HAYIR
2026-08-19 18:10:53.783,0.79,-0.00,34,0.2,2.5,0.088,-52.9,-53,HAYIR,HAYIR
2026-08-19 18:10:53.843,0.79,-0.00,34,0.2,2.6,0.088,-52.8,-53,HAYIR,HAYIR
2026-08-19 18:10:53.903,0.79,-0.00,34,0.2,2.7,0.088,-52.8,-53,HAYIR,HAYIR
2026-08-19 18:10:53.963,0.78,-0.00,34,0.2,2.8,0.088,-52.9,-53,HAYIR,HAYIR
2026-08-19 18:10:54.023,0.78,-0.00,34,0.2,2.8,0.089,-53.2,-53,HAYIR,HAYIR
2026-08-19 18:10:54.083,0.78,-0.00,34,0.2,2.9,0.088,-52.9,-53,HAYIR,HAYIR
2026-08-19 18:10:54.143,0.78,0.02,34,0.2,3.0,0.088,-52.7,-53,HAYIR,HAYIR
2026-08-19 18:10:54.203,0.78,0.02,35,0.2,3.1,0.086,-52.0,-52,HAYIR,HAYIR
2026-08-19 18:10:54.263,0.80,0.02,35,0.2,3.1,0.087,-51.7,-52,HAYIR,HAYIR
2026-08-19 18:10:54.323,0.80,0.02,35,0.2,3.2,0.087,-51.3,-51,HAYIR,HAYIR
2026-08-19 18:10:54.383,0.80,0.02,35,0.2,3.3,0.086,-50.8,-51,HAYIR,HAYIR
2026-08-19 18:10:54.443,0.80,0.05,34,0.2,3.4,0.085,-50.2,-50,HAYIR,HAYIR
2026-08-19 18:10:54.503,0.79,0.05,35,0.2,3.5,0.082,-48.9,-49,HAYIR,HAYIR
2026-08-19 18:10:54.563,0.79,0.05,35,0.1,3.5,0.081,-48.1,-48,HAYIR,HAYIR
2026-08-19 18:10:54.623,0.79,0.05,35,0.1,3.6,0.079,-47.3,-47,HAYIR,HAYIR
2026-08-19 18:10:54.683,0.79,0.05,36,0.1,3.7,0.078,-46.7,-47,HAYIR,HAYIR
2026-08-19 18:10:54.743,0.79,0.05,36,0.1,3.8,0.077,-45.9,-46,HAYIR,HAYIR
2026-08-19 18:10:54.803,0.79,0.09,32,0.1,0.0,0.074,-44.0,-44,HAYIR,HAYIR
2026-08-19 18:10:54.863,0.79,0.09,32,0.0,0.0,0.072,-43.2,-43,HAYIR,HAYIR
2026-08-19 18:10:54.923,0.79,0.09,32,0.0,0.0,0.069,-41.7,-42,HAYIR,HAYIR
2026-08-19 18:10:54.983,0.79,0.09,32,0.0,0.0,0.067,-40.5,-41,HAYIR,HAYIR
2026-08-19 18:10:55.043,0.78,0.09,32,0.0,0.0,0.065,-39.1,-39,HAYIR,HAYIR
2026-08-19 18:10:55.103,0.79,0.16,32,0.0,0.0,0.048,-28.8,-38,HAYIR,HAYIR
2026-08-19 18:10:55.163,0.79,0.16,32,0.0,0.0,0.047,-28.1,-36,HAYIR,HAYIR
2026-08-19 18:10:55.223,0.79,0.16,32,0.0,0.0,0.044,-26.5,-35,HAYIR,HAYIR
2026-08-19 18:10:55.283,0.79,0.16,32,0.0,0.0,0.042,-25.3,-33,HAYIR,HAYIR
2026-08-19 18:10:55.343,0.79,0.16,32,0.0,0.0,0.039,-23.4,-31,HAYIR,HAYIR
2026-08-19 18:10:55.403,0.80,0.24,29,0.0,0.0,0.034,-20.5,-30,HAYIR,HAYIR
2026-08-19 18:10:55.463,0.80,0.24,32,0.0,0.0,0.033,-19.4,-28,HAYIR,HAYIR
2026-08-19 18:10:55.523,0.79,0.24,32,0.0,0.0,0.000,-0.0,-26,HAYIR,HAYIR
2026-08-19 18:10:55.583,0.79,0.24,32,0.0,0.0,0.000,-0.0,-24,HAYIR,HAYIR
2026-08-19 18:10:55.643,0.79,0.24,32,0.0,0.0,0.000,-0.0,-23,HAYIR,HAYIR
2026-08-19 18:10:55.703,0.78,0.24,32,0.0,0.0,0.000,-0.0,-21,HAYIR,HAYIR
2026-08-19 18:10:55.763,0.80,0.24,33,0.0,0.0,0.000,-0.0,-19,HAYIR,HAYIR
2026-08-19 18:10:55.823,0.79,0.32,32,0.0,0.0,0.000,-0.0,-18,HAYIR,HAYIR
2026-08-19 18:10:55.883,0.79,0.32,32,0.0,0.0,0.000,-0.0,-16,HAYIR,HAYIR
2026-08-19 18:10:55.943,0.79,0.32,32,0.0,0.0,0.000,-0.0,-14,HAYIR,HAYIR
2026-08-19 18:10:56.003,0.80,0.32,33,0.0,0.0,0.000,-0.0,-13,HAYIR,HAYIR
2026-08-19 18:10:56.063,0.79,0.32,32,0.0,0.0,0.000,-0.0,-11,HAYIR,HAYIR
2026-08-19 18:10:56.123,0.79,0.40,32,0.0,0.0,0.000,-0.0,-9,HAYIR,HAYIR
2026-08-19 18:10:56.183,0.79,0.40,32,0.0,0.0,0.000,-0.0,-8,HAYIR,HAYIR
2026-08-19 18:10:56.243,0.79,0.40,32,0.0,0.0,0.000,-0.0,-6,HAYIR,HAYIR
2026-08-19 18:10:56.303,0.80,0.40,33,0.0,0.0,0.000,-0.0,-4,HAYIR,HAYIR
2026-08-19 18:10:56.363,0.79,0.40,32,0.0,0.0,0.000,-0.0,-3,HAYIR,HAYIR
2026-08-19 18:10:56.423,0.79,0.47,30,0.0,0.0,0.000,-0.0,-1,HAYIR,HAYIR
2026-08-19 18:10:56.483,0.79,0.47,32,0.0,0.0,0.000,-0.0,0,HAYIR,HAYIR
2026-08-19 18:10:56.543,0.79,0.47,32,0.0,0.0,0.000,-0.0,0,HAYIR,HAYIR
2026-08-19 18:10:56.603,0.79,0.47,32,0.0,0.0,0.000,-0.0,0,HAYIR,HAYIR
2026-08-19 18:10:56.663,0.79,0.47,32,0.0,0.0,0.000,-0.0,0,HAYIR,HAYIR
2026-08-19 18:10:56.723,0.80,0.47,33,0.0,0.0,0.000,-0.0,0,HAYIR,HAYIR
2026-08-19 18:10:56.783,0.79,0.53,32,0.0,0.0,0.000,-0.0,0,HAYIR,HAYIR
2026-08-19 18:10:56.843,0.79,0.53,32,0.0,0.0,0.000,-0.0,0,HAYIR,HAYIR
2026-08-19 18:10:56.903,0.79,0.53,33,0.0,0.0,0.000,-0.0,0,HAYIR,HAYIR
2026-08-19 18:10:56.963,0.79,0.53,32,0.0,0.0,0.000,-0.0,0,HAYIR,HAYIR
2026-08-19 18:10:57.023,0.79,0.53,33,0.0,0.0,0.000,-0.0,0,HAYIR,HAYIR
2026-08-19 18:10:57.083,0.78,0.56,32,0.0,0.0,0.000,-0.0,0,HAYIR,HAYIR
2026-08-19 18:10:57.143,0.79,0.56,33,0.0,0.0,0.000,-0.0,0,HAYIR,HAYIR
2026-08-19 18:10:57.203,0.78,0.56,32,0.0,0.0,0.000,-0.0,0,HAYIR,HAYIR
2026-08-19 18:10:57.263,0.80,0.56,33,0.0,0.0,0.000,-0.0,0,HAYIR,HAYIR
2026-08-19 18:10:57.323,0.79,0.56,33,0.0,0.0,0.000,-0.0,0,HAYIR,HAYIR
2026-08-19 18:10:57.383,0.79,0.56,33,0.0,0.0,0.000,-0.0,0,HAYIR,HAYIR
2026-08-19 18:10:57.443,0.79,0.59,31,0.0,0.0,0.000,-0.0,0,HAYIR,HAYIR
2026-08-19 18:10:57.503,0.79,0.59,32,0.0,0.0,0.000,-0.0,0,HAYIR,HAYIR
2026-08-19 18:10:57.563,0.78,0.59,32,0.0,0.0,0.000,-0.0,0,HAYIR,HAYIR
2026-08-19 18:10:57.623,0.79,0.59,33,0.0,0.0,0.000,-0.0,0,HAYIR,HAYIR
2026-08-19 18:10:57.683,0.79,0.59,33,0.0,0.0,0.000,-0.0,0,HAYIR,HAYIR
2026-08-19 18:10:57.743,0.79,0.59,33,0.0,0.0,0.000,-0.0,0,HAYIR,HAYIR
2026-08-19 18:10:57.803,0.79,0.63,32,0.0,0.0,0.000,-0.0,0,HAYIR,HAYIR
2026-08-19 18:10:57.863,0.79,0.63,33,0.0,0.0,0.000,-0.0,0,HAYIR,HAYIR
2026-08-19 18:10:57.923,0.78,0.63,33,0.0,0.0,0.000,-0.0,0,HAYIR,HAYIR
2026-08-19 18:10:57.983,0.80,0.63,33,0.0,0.0,0.000,-0.0,0,HAYIR,HAYIR
2026-08-19 18:10:58.043,0.79,0.63,33,0.0,0.0,0.000,-0.0,0,HAYIR,HAYIR
2026-08-19 18:10:58.103,0.80,0.67,31,0.0,0.0,0.000,-0.0,0,HAYIR,HAYIR
2026-08-19 18:10:58.163,0.79,0.67,33,0.0,0.0,0.000,-0.0,0,HAYIR,HAYIR
2026-08-19 18:10:58.223,0.79,0.67,33,0.0,0.0,0.000,-0.0,0,HAYIR,HAYIR
2026-08-19 18:10:58.283,0.79,0.67,33,0.0,0.0,0.000,-0.0,0,HAYIR,HAYIR
2026-08-19 18:10:58.343,0.80,0.67,33,0.0,0.0,0.000,-0.0,0,HAYIR,HAYIR
2026-08-19 18:10:58.403,0.79,0.67,32,0.0,0.0,0.000,-0.0,0,HAYIR,HAYIR
2026-08-19 18:10:58.463,0.79,0.71,32,0.0,0.0,0.000,-0.0,0,HAYIR,HAYIR
2026-08-19 18:10:58.523,0.79,0.71,33,0.0,0.0,0.000,-0.0,0,HAYIR,HAYIR
2026-08-19 18:10:58.583,0.79,0.71,33,0.0,0.0,0.000,-0.0,0,HAYIR,HAYIR
2026-08-19 18:10:58.643,0.79,0.71,33,0.0,0.0,0.000,-0.0,0,HAYIR,HAYIR
2026-08-19 18:10:58.703,0.79,0.71,33,0.0,0.0,0.000,-0.0,0,HAYIR,HAYIR
2026-08-19 18:10:58.763,0.79,0.76,32,0.0,0.0,0.000,-0.0,0,HAYIR,HAYIR
2026-08-19 18:10:58.823,0.78,0.76,32,0.0,0.0,0.000,-0.0,0,HAYIR,HAYIR
2026-08-19 18:10:58.883,0.80,0.76,33,0.0,0.0,0.000,-0.0,0,HAYIR,HAYIR
2026-08-19 18:10:58.943,0.79,0.76,33,0.0,0.0,0.000,-0.0,0,HAYIR,HAYIR
2026-08-19 18:10:59.003,0.80,0.76,33,0.0,0.0,0.000,-0.0,0,HAYIR,HAYIR
2026-08-19 18:10:59.063,0.79,0.76,32,0.0,0.0,0.000,-0.0,0,HAYIR,HAYIR
2026-08-19 18:10:59.123,0.79,0.80,28,0.0,0.0,0.000,-0.0,0,HAYIR,HAYIR
2026-08-19 18:10:59.183,0.79,0.80,28,0.0,0.0,0.000,-0.0,0,HAYIR,HAYIR
2026-08-19 18:10:59.243,0.79,0.80,28,0.0,0.0,0.000,-0.0,0,HAYIR,HAYIR
2026-08-19 18:10:59.303,0.78,0.80,28,0.0,0.0,0.000,-0.0,0,HAYIR,HAYIR
2026-08-19 18:10:59.363,0.80,0.80,28,0.0,0.0,0.000,-0.0,0,HAYIR,HAYIR
2026-08-19 18:10:59.423,0.79,0.80,28,0.0,0.0,0.000,-0.0,0,HAYIR,HAYIR
2026-08-19 18:10:59.483,0.79,0.84,28,0.0,0.0,0.000,-0.0,0,HAYIR,HAYIR
2026-08-19 18:10:59.543,0.79,0.84,28,0.0,0.0,0.000,-0.0,0,HAYIR,HAYIR
2026-08-19 18:10:59.603,0.79,0.84,28,0.0,0.0,0.000,-0.0,0,HAYIR,HAYIR
2026-08-19 18:10:59.663,0.80,0.84,28,0.0,0.0,0.000,-0.0,0,HAYIR,HAYIR
2026-08-19 18:10:59.723,0.79,0.84,28,0.0,0.0,0.000,-0.0,0,HAYIR,HAYIR
2026-08-19 18:10:59.783,0.79,0.87,28,0.0,0.0,0.000,-0.0,0,HAYIR,HAYIR
2026-08-19 18:10:59.843,0.80,0.87,28,0.0,0.0,0.000,-0.0,0,HAYIR,HAYIR
2026-08-19 18:10:59.903,0.79,0.87,28,0.0,0.0,0.000,-0.0,0,HAYIR,HAYIR
2026-08-19 18:10:59.963,0.80,0.87,28,0.0,0.0,0.000,-0.0,0,HAYIR,HAYIR
2026-08-19 18:11:00.023,0.79,0.87,28,0.0,0.0,0.000,-0.0,0,HAYIR,HAYIR
2026-08-19 18:11:00.083,0.79,0.88,28,0.0,0.0,0.000,-0.0,0,HAYIR,HAYIR
2026-08-19 18:11:00.143,0.80,0.88,28,0.0,0.0,0.000,-0.0,0,HAYIR,HAYIR
2026-08-19 18:11:00.203,0.79,0.88,28,0.0,0.0,0.000,-0.0,0,HAYIR,HAYIR
2026-08-19 18:11:00.263,0.78,0.88,28,0.0,0.0,0.000,-0.0,0,HAYIR,HAYIR
2026-08-19 18:11:00.323,0.79,0.88,28,0.0,0.0,0.000,-0.0,0,HAYIR,HAYIR
2026-08-19 18:11:00.383,0.79,0.88,28,0.0,0.0,0.000,-0.0,0,HAYIR,HAYIR
2026-08-19 18:11:00.443,0.78,0.87,28,0.0,0.0,0.000,-0.0,0,HAYIR,HAYIR
2026-08-19 18:11:00.503,0.79,0.87,28,0.0,0.0,0.000,-0.0,0,HAYIR,HAYIR
2026-08-19 18:11:00.563,0.79,0.87,28,0.0,0.0,0.000,-0.0,0,HAYIR,HAYIR
2026-08-19 18:11:00.623,0.80,0.87,28,0.0,0.0,0.000,-0.0,0,HAYIR,HAYIR
2026-08-19 18:11:00.683,0.80,0.87,28,0.0,0.0,0.000,-0.0,0,HAYIR,HAYIR
2026-08-19 18:11:00.743,0.79,0.87,28,0.0,0.0,0.000,-0.0,0,HAYIR,HAYIR
2026-08-19 18:11:00.803,0.80,0.85,28,0.0,0.0,0.000,-0.0,0,HAYIR,HAYIR
2026-08-19 18:11:00.863,0.79,0.85,28,0.0,0.0,0.000,-0.0,0,HAYIR,HAYIR
2026-08-19 18:11:00.923,0.79,0.85,28,0.0,0.0,0.000,-0.0,0,HAYIR,HAYIR
2026-08-19 18:11:00.983,0.79,0.85,28,0.0,0.0,0.000,-0.0,0,HAYIR,HAYIR
2026-08-19 18:11:01.043,0.80,0.85,28,0.0,0.0,0.000,-0.0,0,HAYIR,HAYIR
2026-08-19 18:11:01.103,0.79,0.82,28,0.0,0.0,0.000,-0.0,0,HAYIR,HAYIR
2026-08-19 18:11:01.163,0.79,0.82,28,0.0,0.0,0.000,-0.0,0,HAYIR,HAYIR
2026-08-19 18:11:01.223,0.80,0.82,28,0.0,0.0,0.000,-0.0,0,HAYIR,HAYIR
2026-08-19 18:11:01.283,0.80,0.82,28,0.0,0.0,0.000,-0.0,0,HAYIR,HAYIR
2026-08-19 18:11:01.343,0.79,0.82,28,0.0,0.0,0.000,-0.0,0,HAYIR,HAYIR
2026-08-19 18:11:01.403,0.78,0.82,28,0.0,0.0,0.000,-0.0,0,HAYIR,HAYIR
2026-08-19 18:11:01.463,0.80,0.78,33,0.0,0.0,0.000,-0.0,0,HAYIR,HAYIR
2026-08-19 18:11:01.523,0.79,0.78,32,0.0,0.0,0.000,-0.0,0,HAYIR,HAYIR
2026-08-19 18:11:01.583,0.79,0.78,32,0.0,0.0,0.000,-0.0,0,HAYIR,HAYIR
2026-08-19 18:11:01.643,0.79,0.78,32,0.0,0.0,0.000,-0.0,0,HAYIR,HAYIR
2026-08-19 18:11:01.703,0.79,0.78,33,0.0,0.0,0.000,-0.0,0,HAYIR,HAYIR
2026-08-19 18:11:01.763,0.79,0.74,32,0.0,0.0,0.000,-0.0,0,HAYIR,HAYIR
2026-08-19 18:11:01.823,0.79,0.74,32,0.0,0.0,0.000,-0.0,0,HAYIR,HAYIR
2026-08-19 18:11:01.883,0.79,0.74,32,0.0,0.0,0.000,-0.0,0,HAYIR,HAYIR
2026-08-19 18:11:01.943,0.80,0.74,32,0.0,0.0,0.000,-0.0,0,HAYIR,HAYIR
2026-08-19 18:11:02.003,0.79,0.74,32,0.0,0.0,0.000,-0.0,0,HAYIR,HAYIR
2026-08-19 18:11:02.063,0.79,0.69,35,0.0,0.0,0.000,-0.0,0,HAYIR,HAYIR
2026-08-19 18:11:02.123,0.78,0.69,32,0.0,0.0,0.000,-0.0,0,HAYIR,HAYIR
2026-08-19 18:11:02.183,0.78,0.69,32,0.0,0.0,0.000,-0.0,0,HAYIR,HAYIR
2026-08-19 18:11:02.243,0.79,0.69,33,0.0,0.0,0.000,-0.0,0,HAYIR,HAYIR
2026-08-19 18:11:02.303,0.79,0.69,32,0.0,0.0,0.000,-0.0,0,HAYIR,HAYIR
2026-08-19 18:11:02.363,0.79,0.69,32,0.0,0.0,0.000,-0.0,0,HAYIR,HAYIR
2026-08-19 18:11:02.423,0.78,0.69,33,0.0,0.0,0.000,-0.0,0,HAYIR,HAYIR
2026-08-19 18:11:02.483,0.80,0.68,33,0.0,0.0,0.000,-0.0,0,HAYIR,HAYIR
2026-08-19 18:11:02.543,0.79,0.68,33,0.0,0.0,0.000,-0.0,0,HAYIR,HAYIR
2026-08-19 18:11:02.603,0.79,0.68,32,0.0,0.0,0.000,-0.0,0,HAYIR,HAYIR
2026-08-19 18:11:02.663,0.79,0.68,33,0.0,0.0,0.000,-0.0,0,HAYIR,HAYIR
2026-08-19 18:11:02.723,0.80,0.68,33,0.0,0.0,0.000,-0.0,0,HAYIR,HAYIR
2026-08-19 18:11:02.783,0.79,0.68,33,0.0,0.0,0.000,-0.0,0,HAYIR,HAYIR
2026-08-19 18:11:02.843,0.79,0.68,33,0.0,0.0,0.000,-0.0,0,HAYIR,HAYIR
2026-08-19 18:11:02.903,0.78,0.68,32,0.0,0.0,0.000,-0.0,0,HAYIR,HAYIR
2026-08-19 18:11:02.963,0.80,0.68,33,0.0,0.0,0.000,-0.0,0,HAYIR,HAYIR
2026-08-19 18:11:03.023,0.79,0.68,33,0.0,0.0,0.000,-0.0,0,HAYIR,HAYIR
2026-08-19 18:11:03.083,0.79,0.68,33,0.0,0.0,0.000,-0.0,0,HAYIR,HAYIR
2026-08-19 18:11:03.143,0.79,0.71,33,0.0,0.0,0.000,-0.0,0,HAYIR,HAYIR
2026-08-19 18:11:03.203,0.79,0.71,32,0.0,0.0,0.000,-0.0,0,HAYIR,HAYIR
2026-08-19 18:11:03.263,0.79,0.71,33,0.0,0.0,0.000,-0.0,0,HAYIR,HAYIR
2026-08-19 18:11:03.323,0.79,0.71,33,0.0,0.0,0.000,-0.0,0,HAYIR,HAYIR
2026-08-19 18:11:03.383,0.80,0.71,33,0.0,0.0,0.000,-0.0,0,HAYIR,HAYIR
2026-08-19 18:11:03.443,0.79,0.74,33,0.0,0.0,0.000,-0.0,0,HAYIR,HAYIR
2026-08-19 18:11:03.503,0.78,0.74,32,0.0,0.0,0.000,-0.0,0,HAYIR,HAYIR
2026-08-19 18:11:03.563,0.80,0.74,33,0.0,0.0,0.000,-0.0,0,HAYIR,HAYIR
2026-08-19 18:11:03.623,0.79,0.74,33,0.0,0.0,0.000,-0.0,0,HAYIR,HAYIR
2026-08-19 18:11:03.683,0.79,0.74,33,0.0,0.0,0.000,-0.0,0,HAYIR,HAYIR
2026-08-19 18:11:03.743,0.79,0.78,31,0.0,0.0,0.000,-0.0,0,HAYIR,HAYIR
2026-08-19 18:11:03.803,0.79,0.78,32,0.0,0.0,0.000,-0.0,0,HAYIR,HAYIR
2026-08-19 18:11:03.863,0.79,0.78,32,0.0,0.0,0.000,-0.0,0,HAYIR,HAYIR
2026-08-19 18:11:03.923,0.80,0.78,33,0.0,0.0,0.000,-0.0,0,HAYIR,HAYIR
2026-08-19 18:11:03.983,0.79,0.78,33,0.0,0.0,0.000,-0.0,0,HAYIR,HAYIR
2026-08-19 18:11:04.043,0.79,0.78,33,0.0,0.0,0.000,-0.0,0,HAYIR,HAYIR
2026-08-19 18:11:04.103,0.78,0.78,28,0.0,0.0,0.000,-0.0,0,HAYIR,HAYIR
2026-08-19 18:11:04.163,0.78,0.83,28,0.0,0.0,0.000,-0.0,0,HAYIR,HAYIR
2026-08-19 18:11:04.223,0.77,0.83,28,0.0,0.0,0.000,-0.0,0,HAYIR,HAYIR
2026-08-19 18:11:04.283,0.77,0.83,28,0.0,0.0,0.000,-0.0,0,HAYIR,HAYIR
2026-08-19 18:11:04.343,0.76,0.83,28,0.0,0.0,0.000,-0.0,0,HAYIR,HAYIR
2026-08-19 18:11:04.403,0.75,0.83,28,0.0,0.0,0.000,-0.0,0,HAYIR,HAYIR
2026-08-19 18:11:04.463,0.75,0.88,28,0.0,0.0,0.000,-0.0,0,HAYIR,HAYIR
2026-08-19 18:11:04.523,0.74,0.88,28,0.0,0.0,0.000,-0.0,0,HAYIR,HAYIR
2026-08-19 18:11:04.583,0.74,0.88,28,0.0,0.0,0.000,-0.0,0,HAYIR,HAYIR
2026-08-19 18:11:04.643,0.73,0.88,28,0.0,0.0,0.000,-0.0,0,HAYIR,HAYIR
2026-08-19 18:11:04.703,0.72,0.88,28,0.0,0.0,0.000,-0.0,0,HAYIR,HAYIR
2026-08-19 18:11:04.763,0.72,0.91,28,0.0,0.0,0.000,-0.0,0,HAYIR,HAYIR
2026-08-19 18:11:04.823,0.71,0.91,28,0.0,0.0,0.000,-0.0,0,HAYIR,HAYIR
2026-08-19 18:11:04.883,0.70,0.91,28,0.0,0.0,0.000,-0.0,0,HAYIR,HAYIR
2026-08-19 18:11:04.943,0.70,0.91,28,0.0,0.0,0.000,-0.0,0,HAYIR,HAYIR
2026-08-19 18:11:05.003,0.69,0.91,28,0.0,0.0,0.000,-0.0,0,HAYIR,HAYIR
2026-08-19 18:11:05.063,0.68,0.91,28,0.0,0.0,0.000,-0.0,0,HAYIR,HAYIR
2026-08-19 18:11:05.124,0.68,0.94,28,0.0,0.0,0.000,-0.0,0,HAYIR,HAYIR
2026-08-19 18:11:05.183,0.67,0.94,28,0.0,0.0,0.000,-0.0,0,HAYIR,HAYIR
2026-08-19 18:11:05.243,0.67,0.94,28,0.0,0.0,0.000,-0.0,0,HAYIR,HAYIR
2026-08-19 18:11:05.303,0.66,0.94,28,0.0,0.0,0.000,-0.0,0,HAYIR,HAYIR
2026-08-19 18:11:05.363,0.65,0.94,28,0.0,0.0,0.000,-0.0,0,HAYIR,HAYIR
2026-08-19 18:11:05.423,0.65,0.93,28,0.0,0.0,0.000,-0.0,0,HAYIR,HAYIR
2026-08-19 18:11:05.483,0.64,0.93,28,0.0,0.0,0.000,-0.0,0,HAYIR,HAYIR
2026-08-19 18:11:05.543,0.64,0.93,28,0.0,0.0,0.000,-0.0,0,HAYIR,HAYIR
2026-08-19 18:11:05.603,0.63,0.93,28,0.0,0.0,0.000,-0.0,0,HAYIR,HAYIR
2026-08-19 18:11:05.663,0.62,0.93,28,0.0,0.0,0.000,-0.0,0,HAYIR,HAYIR
2026-08-19 18:11:05.723,0.62,0.93,28,0.0,0.0,0.000,-0.0,0,HAYIR,HAYIR
2026-08-19 18:11:05.783,0.62,0.92,28,0.0,0.0,0.000,-0.0,0,HAYIR,HAYIR
2026-08-19 18:11:05.843,0.61,0.92,28,0.0,0.0,0.000,-0.0,0,HAYIR,HAYIR
2026-08-19 18:11:05.903,0.60,0.92,28,0.0,0.0,0.000,-0.0,0,HAYIR,HAYIR
2026-08-19 18:11:05.963,0.60,0.92,28,0.0,0.0,0.000,-0.0,0,HAYIR,HAYIR
2026-08-19 18:11:06.023,0.59,0.92,28,0.0,0.0,0.000,-0.0,0,HAYIR,HAYIR
2026-08-19 18:11:06.083,0.59,0.92,28,0.0,0.0,0.000,-0.0,0,HAYIR,HAYIR
2026-08-19 18:11:06.143,0.59,0.88,28,0.0,0.0,0.000,-0.0,0,HAYIR,HAYIR
2026-08-19 18:11:06.203,0.58,0.88,28,0.0,0.0,0.000,-0.0,0,HAYIR,HAYIR
2026-08-19 18:11:06.263,0.57,0.88,28,0.0,0.0,0.000,-0.0,0,HAYIR,HAYIR
2026-08-19 18:11:06.323,0.57,0.88,28,0.0,0.0,0.000,-0.0,0,HAYIR,HAYIR
2026-08-19 18:11:06.383,0.57,0.88,28,0.0,0.0,0.000,-0.0,0,HAYIR,HAYIR
2026-08-19 18:11:06.443,0.56,0.85,28,0.0,0.0,0.000,-0.0,0,HAYIR,HAYIR
2026-08-19 18:11:06.503,0.56,0.85,28,0.0,0.0,0.000,-0.0,0,HAYIR,HAYIR
2026-08-19 18:11:06.563,0.55,0.85,28,0.0,0.0,0.000,-0.0,0,HAYIR,HAYIR
2026-08-19 18:11:06.623,0.55,0.85,28,0.0,0.0,0.000,-0.0,0,HAYIR,HAYIR
2026-08-19 18:11:06.683,0.54,0.85,28,0.0,0.0,0.000,-0.0,0,HAYIR,HAYIR
2026-08-19 18:11:06.743,0.54,0.80,28,0.0,0.0,0.000,-0.0,0,HAYIR,HAYIR
2026-08-19 18:11:06.803,0.53,0.80,28,0.0,0.0,0.000,-0.0,0,HAYIR,HAYIR
2026-08-19 18:11:06.863,0.53,0.80,28,0.0,0.0,0.000,-0.0,0,HAYIR,HAYIR
2026-08-19 18:11:06.923,0.53,0.80,28,0.0,0.0,0.000,-0.0,0,HAYIR,HAYIR
2026-08-19 18:11:06.983,0.52,0.80,28,0.0,0.0,0.000,-0.0,0,HAYIR,HAYIR
2026-08-19 18:11:07.043,0.52,0.80,28,0.0,0.0,0.000,-0.0,0,HAYIR,HAYIR
2026-08-19 18:11:07.103,0.51,0.77,28,0.0,0.0,0.000,-0.0,0,HAYIR,HAYIR
2026-08-19 18:11:07.163,0.51,0.77,28,0.0,0.0,0.000,-0.0,0,HAYIR,HAYIR
2026-08-19 18:11:07.223,0.51,0.77,28,0.0,0.0,0.000,-0.0,0,HAYIR,HAYIR
2026-08-19 18:11:07.283,0.51,0.77,28,0.0,0.0,0.000,-0.0,0,HAYIR,HAYIR
2026-08-19 18:11:07.343,0.50,0.77,28,0.0,0.0,0.000,-0.0,0,HAYIR,HAYIR
2026-08-19 18:11:07.403,0.49,0.77,28,0.0,0.0,0.000,-0.0,0,HAYIR,HAYIR
2026-08-19 18:11:07.463,0.49,0.77,28,0.0,0.0,0.000,-0.0,0,HAYIR,HAYIR
2026-08-19 18:11:07.523,0.49,0.77,28,0.0,0.0,0.000,-0.0,0,HAYIR,HAYIR
2026-08-19 18:11:07.583,0.49,0.77,28,0.0,0.0,0.000,-0.0,0,HAYIR,HAYIR
2026-08-19 18:11:07.643,0.48,0.77,28,0.0,0.0,0.000,-0.0,0,HAYIR,HAYIR
2026-08-19 18:11:07.703,0.48,0.77,28,0.0,0.0,0.000,-0.0,0,HAYIR,HAYIR
2026-08-19 18:11:07.764,0.47,0.77,28,0.0,0.0,0.000,-0.0,0,HAYIR,HAYIR
2026-08-19 18:11:07.823,0.47,0.74,28,0.0,0.0,0.000,-0.0,0,HAYIR,HAYIR
2026-08-19 18:11:07.883,0.47,0.74,28,0.0,0.0,0.000,-0.0,0,HAYIR,HAYIR
2026-08-19 18:11:07.943,0.46,0.74,28,0.0,0.0,0.000,-0.0,0,HAYIR,HAYIR
2026-08-19 18:11:08.003,0.46,0.74,28,0.0,0.0,0.000,-0.0,0,HAYIR,HAYIR
2026-08-19 18:11:08.063,0.46,0.74,28,0.0,0.0,0.000,-0.0,0,HAYIR,HAYIR
2026-08-19 18:11:08.123,0.45,0.73,28,0.0,0.0,0.000,-0.0,0,HAYIR,HAYIR
2026-08-19 18:11:08.183,0.45,0.73,28,0.0,0.0,0.000,-0.0,0,HAYIR,HAYIR
2026-08-19 18:11:08.243,0.45,0.73,28,0.0,0.0,0.000,-0.0,0,HAYIR,HAYIR
2026-08-19 18:11:08.303,0.44,0.73,28,0.0,0.0,0.000,-0.0,0,HAYIR,HAYIR
2026-08-19 18:11:08.363,0.44,0.73,28,0.0,0.0,0.000,-0.0,0,HAYIR,HAYIR
2026-08-19 18:11:08.423,0.43,0.70,28,0.0,0.0,0.000,-0.0,0,HAYIR,HAYIR
2026-08-19 18:11:08.483,0.43,0.70,28,0.0,0.0,0.000,-0.0,0,HAYIR,HAYIR
2026-08-19 18:11:08.543,0.43,0.70,28,0.0,0.0,0.000,-0.0,0,HAYIR,HAYIR
2026-08-19 18:11:08.603,0.42,0.70,28,0.0,0.0,0.000,-0.0,0,HAYIR,HAYIR
2026-08-19 18:11:08.663,0.42,0.70,28,0.0,0.0,0.000,-0.0,0,HAYIR,HAYIR
2026-08-19 18:11:08.723,0.42,0.70,28,0.0,0.0,0.000,-0.0,0,HAYIR,HAYIR
2026-08-19 18:11:08.783,0.41,0.70,28,0.0,0.0,0.000,-0.0,0,HAYIR,HAYIR
2026-08-19 18:11:08.843,0.41,0.70,28,0.0,0.0,0.000,-0.0,0,HAYIR,HAYIR
2026-08-19 18:11:08.903,0.40,0.70,28,0.0,0.0,0.000,-0.0,0,HAYIR,HAYIR
2026-08-19 18:11:08.963,0.40,0.70,28,0.0,0.0,0.000,-0.0,0,HAYIR,HAYIR
2026-08-19 18:11:09.023,0.40,0.70,28,0.0,0.0,0.000,-0.0,0,HAYIR,HAYIR
2026-08-19 18:11:09.083,0.40,0.69,28,0.0,0.0,0.000,-0.0,0,HAYIR,HAYIR
2026-08-19 18:11:09.143,0.39,0.69,28,0.0,0.0,0.000,-0.0,0,HAYIR,HAYIR
2026-08-19 18:11:09.203,0.39,0.69,28,0.0,0.0,0.000,-0.0,0,HAYIR,HAYIR
2026-08-19 18:11:09.263,0.38,0.69,28,0.0,0.0,0.000,-0.0,0,HAYIR,HAYIR
2026-08-19 18:11:09.323,0.38,0.69,28,0.0,0.0,0.000,-0.0,0,HAYIR,HAYIR
2026-08-19 18:11:09.383,0.38,0.69,28,0.0,0.0,0.000,-0.0,0,HAYIR,HAYIR
2026-08-19 18:11:09.443,0.37,0.68,28,0.0,0.0,0.000,-0.0,0,HAYIR,HAYIR
2026-08-19 18:11:09.503,0.37,0.68,28,0.0,0.0,0.000,-0.0,0,HAYIR,HAYIR
2026-08-19 18:11:09.563,0.37,0.68,28,0.0,0.0,0.000,-0.0,0,HAYIR,HAYIR
2026-08-19 18:11:09.623,0.36,0.68,28,0.0,0.0,0.000,-0.0,0,HAYIR,HAYIR
2026-08-19 18:11:09.683,0.36,0.68,28,0.0,0.0,0.000,-0.0,0,HAYIR,HAYIR
2026-08-19 18:11:09.743,0.36,0.68,28,0.0,0.0,0.000,-0.0,0,HAYIR,HAYIR
2026-08-19 18:11:09.803,0.35,0.67,28,0.0,0.0,0.000,-0.0,0,HAYIR,HAYIR
2026-08-19 18:11:09.863,0.35,0.67,28,0.0,0.0,0.000,-0.0,0,HAYIR,HAYIR
2026-08-19 18:11:09.923,0.34,0.67,28,0.0,0.0,0.000,-0.0,0,HAYIR,HAYIR
2026-08-19 18:11:09.983,0.34,0.67,28,0.0,0.0,0.000,-0.0,0,HAYIR,HAYIR
2026-08-19 18:11:10.043,0.34,0.67,28,0.0,0.0,0.000,-0.0,0,HAYIR,HAYIR
2026-08-19 18:11:10.103,0.33,0.67,28,0.0,0.0,0.000,-0.0,0,HAYIR,HAYIR
2026-08-19 18:11:10.163,0.33,0.67,28,0.0,0.0,0.000,-0.0,0,HAYIR,HAYIR
2026-08-19 18:11:10.223,0.33,0.67,28,0.0,0.0,0.000,-0.0,0,HAYIR,HAYIR
2026-08-19 18:11:10.283,0.32,0.67,28,0.0,0.0,0.000,-0.0,0,HAYIR,HAYIR
2026-08-19 18:11:10.343,0.32,0.67,28,0.0,0.0,0.000,-0.0,0,HAYIR,HAYIR
2026-08-19 18:11:10.403,0.31,0.66,28,0.0,0.0,0.000,-0.0,0,HAYIR,HAYIR
2026-08-19 18:11:10.463,0.31,0.66,28,0.0,0.0,0.000,-0.0,0,HAYIR,HAYIR
2026-08-19 18:11:10.523,0.31,0.66,28,0.0,0.0,0.000,-0.0,0,HAYIR,HAYIR
2026-08-19 18:11:10.583,0.31,0.66,28,0.0,0.0,0.000,-0.0,0,HAYIR,HAYIR
2026-08-19 18:11:10.643,0.30,0.66,28,0.0,0.0,0.000,-0.0,0,HAYIR,HAYIR
2026-08-19 18:11:10.703,0.30,0.66,28,0.0,0.0,0.000,-0.0,0,HAYIR,HAYIR
2026-08-19 18:11:10.763,0.29,0.66,28,0.0,0.0,0.000,-0.0,0,HAYIR,HAYIR
2026-08-19 18:11:10.823,0.29,0.66,28,0.0,0.0,0.000,-0.0,0,HAYIR,HAYIR
2026-08-19 18:11:10.883,0.29,0.66,28,0.0,0.0,0.000,-0.0,0,HAYIR,HAYIR
2026-08-19 18:11:10.943,0.28,0.66,28,0.0,0.0,0.000,-0.0,0,HAYIR,HAYIR
2026-08-19 18:11:11.003,0.28,0.66,28,0.0,0.0,0.000,-0.0,0,HAYIR,HAYIR
2026-08-19 18:11:11.063,0.28,0.66,28,0.0,0.0,0.000,-0.0,0,HAYIR,HAYIR
2026-08-19 18:11:11.123,0.27,0.66,28,0.0,0.0,0.000,-0.0,0,HAYIR,HAYIR
2026-08-19 18:11:11.183,0.27,0.66,28,0.0,0.0,0.000,-0.0,0,HAYIR,HAYIR
2026-08-19 18:11:11.243,0.26,0.66,28,0.0,0.0,0.000,-0.0,0,HAYIR,HAYIR
2026-08-19 18:11:11.303,0.26,0.66,28,0.0,0.0,0.000,-0.0,0,HAYIR,HAYIR
2026-08-19 18:11:11.363,0.26,0.66,28,0.0,0.0,0.000,-0.0,0,HAYIR,HAYIR
2026-08-19 18:11:11.423,0.25,0.64,28,0.0,0.0,0.000,-0.0,0,HAYIR,HAYIR
2026-08-19 18:11:11.483,0.25,0.64,28,0.0,0.0,0.000,-0.0,0,HAYIR,HAYIR
2026-08-19 18:11:11.543,0.25,0.64,28,0.0,0.0,0.000,-0.0,0,HAYIR,HAYIR
2026-08-19 18:11:11.603,0.24,0.64,28,0.0,0.0,0.000,-0.0,0,HAYIR,HAYIR
2026-08-19 18:11:11.663,0.24,0.64,28,0.0,0.0,0.000,-0.0,0,HAYIR,HAYIR
2026-08-19 18:11:11.723,0.24,0.64,28,0.0,0.0,0.000,-0.0,0,HAYIR,HAYIR
2026-08-19 18:11:11.783,0.23,0.61,28,0.0,0.0,0.000,-0.0,0,HAYIR,HAYIR
2026-08-19 18:11:11.843,0.23,0.61,28,0.0,0.0,0.000,-0.0,0,HAYIR,HAYIR
2026-08-19 18:11:11.903,0.22,0.61,28,0.0,0.0,0.000,-0.0,0,HAYIR,HAYIR
2026-08-19 18:11:11.963,0.22,0.61,28,0.0,0.0,0.000,-0.0,0,HAYIR,HAYIR
2026-08-19 18:11:12.023,0.22,0.61,28,0.0,0.0,0.000,-0.0,0,HAYIR,HAYIR
2026-08-19 18:11:12.083,0.22,0.60,28,0.0,0.0,0.000,-0.0,0,HAYIR,HAYIR
2026-08-19 18:11:12.143,0.21,0.60,28,0.0,0.0,0.000,-0.0,0,HAYIR,HAYIR
2026-08-19 18:11:12.203,0.21,0.60,28,0.0,0.0,0.000,-0.0,0,HAYIR,HAYIR
2026-08-19 18:11:12.263,0.20,0.60,28,0.0,0.0,0.000,-0.0,0,HAYIR,HAYIR
2026-08-19 18:11:12.323,0.20,0.60,28,0.0,0.0,0.000,-0.0,0,HAYIR,HAYIR
2026-08-19 18:11:12.383,0.20,0.60,28,0.0,0.0,0.000,-0.0,0,HAYIR,HAYIR
2026-08-19 18:11:12.443,0.20,0.60,28,0.0,0.0,0.000,-0.0,0,HAYIR,HAYIR
2026-08-19 18:11:12.503,0.19,0.60,28,0.0,0.0,0.000,-0.0,0,HAYIR,HAYIR
2026-08-19 18:11:12.563,0.19,0.60,28,0.0,0.0,0.000,-0.0,0,HAYIR,HAYIR
2026-08-19 18:11:12.623,0.18,0.60,28,0.0,0.0,0.000,-0.0,0,HAYIR,HAYIR
2026-08-19 18:11:12.683,0.18,0.60,28,0.0,0.0,0.000,-0.0,0,HAYIR,HAYIR
2026-08-19 18:11:12.743,0.18,0.60,28,0.0,0.0,0.000,-0.0,0,HAYIR,HAYIR
2026-08-19 18:11:12.803,0.17,0.58,28,0.0,0.0,0.000,-0.0,0,HAYIR,HAYIR
2026-08-19 18:11:12.863,0.17,0.58,28,0.0,0.0,0.000,-0.0,0,HAYIR,HAYIR
2026-08-19 18:11:12.923,0.17,0.58,28,0.0,0.0,0.000,-0.0,0,HAYIR,HAYIR
2026-08-19 18:11:12.983,0.19,0.58,28,0.0,0.0,0.000,-0.0,0,HAYIR,HAYIR
2026-08-19 18:11:13.043,0.22,0.58,28,0.0,0.0,0.000,-0.0,0,HAYIR,HAYIR
2026-08-19 18:11:13.103,0.27,0.58,28,0.0,0.0,0.000,-0.0,0,HAYIR,HAYIR
2026-08-19 18:11:13.163,0.29,0.58,28,0.0,0.0,0.000,-0.0,0,HAYIR,HAYIR
2026-08-19 18:11:13.223,0.32,0.58,28,0.0,0.0,0.000,-0.0,0,HAYIR,HAYIR
2026-08-19 18:11:13.283,0.34,0.58,28,0.0,0.0,0.000,-0.0,0,HAYIR,HAYIR
2026-08-19 18:11:13.343,0.37,0.58,28,0.0,0.0,0.000,-0.0,0,HAYIR,HAYIR
2026-08-19 18:11:13.403,0.42,0.58,28,0.0,0.0,0.000,-0.0,0,HAYIR,HAYIR
2026-08-19 18:11:13.463,0.44,0.56,28,0.0,0.0,0.000,-0.0,0,HAYIR,HAYIR
2026-08-19 18:11:13.523,0.47,0.56,28,0.0,0.0,0.000,-0.0,0,HAYIR,HAYIR
2026-08-19 18:11:13.583,0.49,0.56,28,0.0,0.0,0.000,-0.0,0,HAYIR,HAYIR
2026-08-19 18:11:13.643,0.52,0.56,28,0.0,0.0,0.000,-0.0,0,HAYIR,HAYIR
2026-08-19 18:11:13.703,0.57,0.56,28,0.0,0.0,0.000,-0.0,0,HAYIR,HAYIR
2026-08-19 18:11:13.763,0.59,0.55,28,0.0,0.0,0.000,-0.0,0,HAYIR,HAYIR
2026-08-19 18:11:13.823,0.62,0.55,29,0.0,0.0,0.000,-0.0,0,HAYIR,HAYIR
2026-08-19 18:11:13.883,0.64,0.55,29,0.0,0.0,0.000,-0.0,0,HAYIR,HAYIR
2026-08-19 18:11:13.943,0.67,0.55,29,0.0,0.0,-0.032,22.7,2,HAYIR,HAYIR
2026-08-19 18:11:14.003,0.72,0.55,29,0.0,0.0,-0.036,23.6,3,HAYIR,HAYIR
2026-08-19 18:11:14.063,0.74,0.54,30,0.0,0.0,-0.050,31.7,5,HAYIR,HAYIR
2026-08-19 18:11:14.123,0.77,0.54,29,0.0,0.0,-0.052,32.2,7,HAYIR,HAYIR
2026-08-19 18:11:14.183,0.79,0.54,29,0.0,0.0,-0.055,32.6,8,HAYIR,HAYIR
2026-08-19 18:11:14.243,0.80,0.54,29,0.0,0.0,-0.058,34.1,10,HAYIR,HAYIR
2026-08-19 18:11:14.303,0.80,0.54,29,0.0,0.0,-0.062,36.5,12,HAYIR,HAYIR
2026-08-19 18:11:14.363,0.78,0.54,28,0.0,0.0,0.000,-0.0,12,HAYIR,HAYIR
2026-08-19 18:11:14.423,0.75,0.54,28,0.0,0.0,0.000,-0.0,11,HAYIR,HAYIR
2026-08-19 18:11:14.483,0.72,0.52,29,0.0,0.0,0.000,-0.0,9,HAYIR,HAYIR
2026-08-19 18:11:14.543,0.70,0.52,29,0.0,0.0,0.000,-0.0,7,HAYIR,HAYIR
2026-08-19 18:11:14.603,0.65,0.52,28,0.0,0.0,0.000,-0.0,6,HAYIR,HAYIR
2026-08-19 18:11:14.663,0.62,0.52,28,0.0,0.0,0.000,-0.0,4,HAYIR,HAYIR
2026-08-19 18:11:14.723,0.60,0.52,28,0.0,0.0,0.000,-0.0,2,HAYIR,HAYIR
2026-08-19 18:11:14.783,0.57,0.51,28,0.0,0.0,0.000,-0.0,1,HAYIR,HAYIR
2026-08-19 18:11:14.843,0.55,0.51,29,0.0,0.0,0.000,-0.0,0,HAYIR,HAYIR
2026-08-19 18:11:14.903,0.50,0.51,28,0.0,0.0,0.000,-0.0,0,HAYIR,HAYIR
2026-08-19 18:11:14.963,0.47,0.51,28,0.0,0.0,0.000,-0.0,0,HAYIR,HAYIR
2026-08-19 18:11:15.023,0.45,0.51,28,0.0,0.0,0.000,-0.0,0,HAYIR,HAYIR
2026-08-19 18:11:15.083,0.42,0.51,28,0.0,0.0,0.000,-0.0,0,HAYIR,HAYIR
2026-08-19 18:11:15.143,0.40,0.51,28,0.0,0.0,0.000,-0.0,0,HAYIR,HAYIR
2026-08-19 18:11:15.203,0.35,0.51,28,0.0,0.0,0.000,-0.0,0,HAYIR,HAYIR
2026-08-19 18:11:15.263,0.32,0.51,28,0.0,0.0,0.000,-0.0,0,HAYIR,HAYIR
2026-08-19 18:11:15.323,0.30,0.51,28,0.0,0.0,0.000,-0.0,0,HAYIR,HAYIR
2026-08-19 18:11:15.383,0.27,0.51,28,0.0,0.0,0.000,-0.0,0,HAYIR,HAYIR
2026-08-19 18:11:15.443,0.25,0.51,28,0.0,0.0,0.000,-0.0,0,HAYIR,HAYIR
2026-08-19 18:11:15.503,0.20,0.51,28,0.0,0.0,0.000,-0.0,0,HAYIR,HAYIR
2026-08-19 18:11:15.563,0.17,0.51,28,0.0,0.0,0.000,-0.0,0,HAYIR,HAYIR
2026-08-19 18:11:15.623,0.15,0.51,28,0.0,0.0,0.000,-0.0,0,HAYIR,HAYIR
2026-08-19 18:11:15.683,0.12,0.51,28,0.0,0.0,0.000,-0.0,0,HAYIR,HAYIR
2026-08-19 18:11:15.743,0.10,0.52,28,0.0,0.0,0.000,-0.0,0,HAYIR,HAYIR
2026-08-19 18:11:15.803,0.05,0.52,28,0.0,0.0,0.000,-0.0,0,HAYIR,HAYIR
2026-08-19 18:11:15.863,0.02,0.52,28,0.0,0.0,0.000,-0.0,0,HAYIR,HAYIR
2026-08-19 18:11:15.923,0.00,0.52,0,0.0,0.0,0.000,0.0,0,EVET,HAYIR
2026-08-19 18:11:15.983,0.00,0.52,0,0.0,0.0,0.000,0.0,0,EVET,HAYIR
2026-08-19 18:11:16.043,0.00,0.52,0,0.0,0.0,0.000,0.0,0,EVET,HAYIR
2026-08-19 18:11:16.103,0.00,0.52,0,0.0,0.0,0.000,0.0,0,EVET,HAYIR
2026-08-19 18:11:16.163,0.00,0.52,0,0.0,0.0,0.000,0.0,0,EVET,HAYIR
