Timestamp,HedefLinX_m_s,AnlikHiz_m_s,MotorGucu,TurnBoost,StallBoost,HedefAngZ_rad_s,HedefAci_deg,YayinAci_deg,Fren,GeriVites
2026-08-19 19:42:25.567,0.03,-0.00,28,0.0,0.0,-0.050,160.0,1,HAYIR,HAYIR
2026-08-19 19:42:25.627,0.05,-0.00,29,0.0,0.1,-0.060,160.0,2,HAYIR,HAYIR
2026-08-19 19:42:25.687,0.08,-0.00,29,0.0,0.2,-0.060,160.0,4,HAYIR,HAYIR
2026-08-19 19:42:25.747,0.10,-0.00,29,0.0,0.3,-0.060,160.0,6,HAYIR,HAYIR
2026-08-19 19:42:25.807,0.12,-0.00,29,0.0,0.3,-0.060,160.0,7,HAYIR,HAYIR
2026-08-19 19:42:25.867,0.17,-0.00,29,0.0,0.4,-0.060,150.2,9,HAYIR,HAYIR
2026-08-19 19:42:25.927,0.20,-0.00,29,0.0,0.5,-0.060,133.8,11,HAYIR,HAYIR
2026-08-19 19:42:25.987,0.22,-0.00,29,0.0,0.6,-0.060,120.5,12,HAYIR,HAYIR
2026-08-19 19:42:26.047,0.25,-0.00,30,0.0,0.6,-0.060,109.4,14,HAYIR,HAYIR
2026-08-19 19:42:26.107,0.27,-0.00,30,0.0,0.7,-0.060,99.9,16,HAYIR,HAYIR
2026-08-19 19:42:26.167,0.33,-0.00,30,0.0,0.8,-0.060,85.3,17,HAYIR,HAYIR
2026-08-19 19:42:26.227,0.35,-0.00,30,0.0,0.9,-0.060,79.4,19,HAYIR,HAYIR
2026-08-19 19:42:26.287,0.38,-0.00,30,0.0,1.0,-0.060,74.7,21,HAYIR,HAYIR
2026-08-19 19:42:26.347,0.40,-0.00,30,0.0,1.0,-0.060,70.0,22,HAYIR,HAYIR
2026-08-19 19:42:26.407,0.43,0.01,30,0.0,1.1,-0.060,65.7,24,HAYIR,HAYIR
2026-08-19 19:42:26.467,0.48,0.01,31,0.0,1.2,-0.060,58.9,26,HAYIR,HAYIR
2026-08-19 19:42:26.527,0.50,0.01,31,0.0,1.3,-0.060,56.1,27,HAYIR,HAYIR
2026-08-19 19:42:26.587,0.53,0.01,31,0.0,1.4,-0.060,53.7,29,HAYIR,HAYIR
2026-08-19 19:42:26.647,0.55,0.01,31,0.0,1.4,-0.060,51.3,31,HAYIR,HAYIR
2026-08-19 19:42:26.707,0.58,0.01,31,0.0,1.5,-0.060,48.9,32,HAYIR,HAYIR
2026-08-19 19:42:26.767,0.63,0.01,32,0.0,1.6,-0.059,44.8,34,HAYIR,HAYIR
2026-08-19 19:42:26.827,0.65,0.01,32,0.0,1.7,-0.059,43.3,36,HAYIR,HAYIR
2026-08-19 19:42:26.887,0.68,0.01,32,0.0,1.7,-0.060,41.8,38,HAYIR,HAYIR
2026-08-19 19:42:26.947,0.70,0.01,32,0.0,1.8,-0.060,40.5,39,HAYIR,HAYIR
2026-08-19 19:42:27.007,0.73,0.01,32,0.0,1.9,-0.060,39.2,39,HAYIR,HAYIR
2026-08-19 19:42:27.067,0.78,0.01,32,0.0,2.0,-0.060,36.5,38,HAYIR,HAYIR
2026-08-19 19:42:27.127,0.78,0.00,33,0.0,2.1,-0.060,36.3,36,HAYIR,HAYIR
2026-08-19 19:42:27.187,0.78,0.00,33,0.0,2.1,-0.060,36.2,36,HAYIR,HAYIR
2026-08-19 19:42:27.247,0.78,0.00,33,0.0,2.2,-0.060,36.4,36,HAYIR,HAYIR
2026-08-19 19:42:27.307,0.78,0.00,33,0.0,2.3,-0.060,36.4,36,HAYIR,HAYIR
2026-08-19 19:42:27.367,0.78,0.00,33,0.0,2.4,-0.060,36.5,37,HAYIR,HAYIR
2026-08-19 19:42:27.427,0.78,0.00,33,0.0,2.4,-0.060,36.6,37,HAYIR,HAYIR
2026-08-19 19:42:27.487,0.78,0.00,33,0.0,2.5,-0.060,36.4,36,HAYIR,HAYIR
2026-08-19 19:42:27.547,0.78,0.00,33,0.0,2.6,-0.060,36.5,37,HAYIR,HAYIR
2026-08-19 19:42:27.607,0.78,0.00,34,0.0,2.7,-0.060,36.4,36,HAYIR,HAYIR
2026-08-19 19:42:27.667,0.78,0.00,34,0.0,2.8,-0.060,36.5,36,HAYIR,HAYIR
2026-08-19 19:42:27.727,0.78,0.00,34,0.0,2.8,-0.060,36.6,37,HAYIR,HAYIR
2026-08-19 19:42:27.787,0.79,0.02,34,0.0,2.9,-0.066,39.9,38,HAYIR,HAYIR
2026-08-19 19:42:27.847,0.79,0.02,34,0.0,3.0,-0.066,39.9,39,HAYIR,HAYIR
2026-08-19 19:42:27.907,0.79,0.02,34,0.0,3.1,-0.066,39.8,40,HAYIR,HAYIR
2026-08-19 19:42:27.967,0.79,0.02,34,0.0,3.1,-0.066,39.5,40,HAYIR,HAYIR
2026-08-19 19:42:28.027,0.78,0.02,35,0.0,3.2,-0.065,39.4,39,HAYIR,HAYIR
2026-08-19 19:42:28.087,0.78,0.04,35,0.0,3.3,-0.065,39.1,39,HAYIR,HAYIR
2026-08-19 19:42:28.147,0.78,0.04,35,0.0,3.4,-0.065,39.0,39,HAYIR,HAYIR
2026-08-19 19:42:28.207,0.78,0.04,35,0.0,3.5,-0.064,38.7,39,HAYIR,HAYIR
2026-08-19 19:42:28.267,0.78,0.04,35,0.0,3.5,-0.063,38.2,38,HAYIR,HAYIR
2026-08-19 19:42:28.327,0.78,0.04,35,0.0,3.6,-0.063,38.1,38,HAYIR,HAYIR
2026-08-19 19:42:28.387,0.78,0.09,30,0.0,0.0,-0.062,37.5,38,HAYIR,HAYIR
2026-08-19 19:42:28.447,0.78,0.09,32,0.0,0.0,-0.062,37.6,38,HAYIR,HAYIR
2026-08-19 19:42:28.507,0.78,0.09,32,0.0,0.0,-0.060,36.8,37,HAYIR,HAYIR
2026-08-19 19:42:28.567,0.80,0.09,32,0.0,0.0,-0.061,36.2,36,HAYIR,HAYIR
2026-08-19 19:42:28.627,0.79,0.09,32,0.0,0.0,-0.061,36.1,36,HAYIR,HAYIR
2026-08-19 19:42:28.687,0.79,0.09,32,0.0,0.0,-0.059,35.4,35,HAYIR,HAYIR
2026-08-19 19:42:28.747,0.79,0.09,32,0.0,0.0,-0.059,35.4,35,HAYIR,HAYIR
2026-08-19 19:42:28.807,0.79,0.16,32,0.0,0.0,-0.058,34.7,35,HAYIR,HAYIR
2026-08-19 19:42:28.867,0.79,0.16,32,0.0,0.0,-0.056,33.7,34,HAYIR,HAYIR
2026-08-19 19:42:28.927,0.78,0.16,32,0.0,0.0,-0.056,33.7,34,HAYIR,HAYIR
2026-08-19 19:42:28.987,0.80,0.16,32,0.0,0.0,-0.106,62.3,35,HAYIR,HAYIR
2026-08-19 19:42:29.047,0.79,0.16,32,0.0,0.0,-0.109,64.4,36,HAYIR,HAYIR
2026-08-19 19:42:29.107,0.79,0.24,32,0.0,0.0,-0.108,63.8,38,HAYIR,HAYIR
2026-08-19 19:42:29.167,0.79,0.24,32,0.0,0.0,-0.107,64.0,40,HAYIR,HAYIR
2026-08-19 19:42:29.227,0.78,0.24,32,0.0,0.0,-0.108,64.4,42,HAYIR,HAYIR
2026-08-19 19:42:29.287,0.78,0.24,32,0.0,0.0,-0.107,64.1,43,HAYIR,HAYIR
2026-08-19 19:42:29.347,0.78,0.24,32,0.0,0.0,-0.108,64.8,45,HAYIR,HAYIR
2026-08-19 19:42:29.407,0.78,0.33,29,0.0,0.0,-0.107,64.5,47,HAYIR,HAYIR
2026-08-19 19:42:29.467,0.79,0.33,32,0.0,0.0,-0.110,65.5,48,HAYIR,HAYIR
2026-08-19 19:42:29.527,0.79,0.33,32,0.0,0.0,-0.110,65.6,50,HAYIR,HAYIR
2026-08-19 19:42:29.587,0.79,0.33,32,0.1,0.0,-0.110,65.5,52,HAYIR,HAYIR
2026-08-19 19:42:29.647,0.78,0.33,32,0.1,0.0,-0.110,66.1,53,HAYIR,HAYIR
2026-08-19 19:42:29.707,0.78,0.33,32,0.1,0.0,-0.109,65.7,55,HAYIR,HAYIR
2026-08-19 19:42:29.767,0.80,0.38,33,0.1,0.0,-0.105,62.3,57,HAYIR,HAYIR
2026-08-19 19:42:29.827,0.79,0.38,32,0.1,0.0,-0.104,61.6,58,HAYIR,HAYIR
2026-08-19 19:42:29.887,0.79,0.38,32,0.1,0.0,-0.100,59.5,59,HAYIR,HAYIR
2026-08-19 19:42:29.947,0.79,0.38,32,0.1,0.0,-0.098,58.4,58,HAYIR,HAYIR
2026-08-19 19:42:30.007,0.78,0.38,32,0.1,0.0,-0.093,56.1,57,HAYIR,HAYIR
2026-08-19 19:42:30.067,0.78,0.43,33,0.1,0.0,-0.047,28.5,55,HAYIR,HAYIR
2026-08-19 19:42:30.127,0.78,0.43,32,0.1,0.0,-0.043,26.0,53,HAYIR,HAYIR
2026-08-19 19:42:30.187,0.78,0.43,32,0.1,0.0,-0.040,24.5,52,HAYIR,HAYIR
2026-08-19 19:42:30.247,0.79,0.43,33,0.0,0.0,-0.040,24.0,50,HAYIR,HAYIR
2026-08-19 19:42:30.307,0.79,0.43,33,0.0,0.0,-0.038,22.6,48,HAYIR,HAYIR
2026-08-19 19:42:30.367,0.78,0.43,32,0.0,0.0,-0.033,20.1,47,HAYIR,HAYIR
2026-08-19 19:42:30.427,0.78,0.46,31,0.0,0.0,-0.032,19.3,45,HAYIR,HAYIR
2026-08-19 19:42:30.487,0.78,0.46,33,0.0,0.0,0.000,-0.0,43,HAYIR,HAYIR
2026-08-19 19:42:30.547,0.80,0.46,33,0.0,0.0,0.000,-0.0,42,HAYIR,HAYIR
2026-08-19 19:42:30.607,0.79,0.46,33,0.0,0.0,0.000,-0.0,40,HAYIR,HAYIR
2026-08-19 19:42:30.667,0.79,0.46,32,0.0,0.0,0.000,-0.0,38,HAYIR,HAYIR
2026-08-19 19:42:30.727,0.78,0.46,33,0.0,0.0,0.000,-0.0,37,HAYIR,HAYIR
2026-08-19 19:42:30.787,0.78,0.51,33,0.0,0.0,0.000,-0.0,35,HAYIR,HAYIR
2026-08-19 19:42:30.847,0.78,0.51,33,0.0,0.0,0.000,-0.0,33,HAYIR,HAYIR
2026-08-19 19:42:30.907,0.79,0.51,33,0.0,0.0,0.000,-0.0,32,HAYIR,HAYIR
2026-08-19 19:42:30.967,0.79,0.51,32,0.0,0.0,0.000,-0.0,30,HAYIR,HAYIR
2026-08-19 19:42:31.027,0.78,0.51,33,0.0,0.0,0.000,-0.0,28,HAYIR,HAYIR
2026-08-19 19:42:31.087,0.78,0.55,33,0.0,0.0,0.000,-0.0,26,HAYIR,HAYIR
2026-08-19 19:42:31.147,0.78,0.55,33,0.0,0.0,0.000,-0.0,25,HAYIR,HAYIR
2026-08-19 19:42:31.207,0.80,0.55,33,0.0,0.0,0.000,-0.0,23,HAYIR,HAYIR
2026-08-19 19:42:31.267,0.79,0.55,32,0.0,0.0,0.000,-0.0,21,HAYIR,HAYIR
2026-08-19 19:42:31.327,0.79,0.55,33,0.0,0.0,0.000,-0.0,20,HAYIR,HAYIR
2026-08-19 19:42:31.387,0.78,0.58,31,0.0,0.0,0.000,-0.0,18,HAYIR,HAYIR
2026-08-19 19:42:31.447,0.78,0.58,33,0.0,0.0,0.000,-0.0,16,HAYIR,HAYIR
2026-08-19 19:42:31.507,0.80,0.58,33,0.0,0.0,0.000,-0.0,15,HAYIR,HAYIR
2026-08-19 19:42:31.567,0.79,0.58,33,0.0,0.0,0.000,-0.0,13,HAYIR,HAYIR
2026-08-19 19:42:31.627,0.79,0.58,33,0.0,0.0,0.000,-0.0,11,HAYIR,HAYIR
2026-08-19 19:42:31.687,0.78,0.58,33,0.0,0.0,0.000,-0.0,10,HAYIR,HAYIR
2026-08-19 19:42:31.747,0.78,0.61,33,0.0,0.0,0.000,-0.0,8,HAYIR,HAYIR
2026-08-19 19:42:31.807,0.80,0.61,33,0.0,0.0,0.000,-0.0,6,HAYIR,HAYIR
2026-08-19 19:42:31.867,0.79,0.61,33,0.0,0.0,0.000,-0.0,5,HAYIR,HAYIR
2026-08-19 19:42:31.927,0.78,0.61,33,0.0,0.0,0.000,-0.0,3,HAYIR,HAYIR
2026-08-19 19:42:31.987,0.78,0.61,33,0.0,0.0,0.000,-0.0,1,HAYIR,HAYIR
2026-08-19 19:42:32.047,0.78,0.61,33,0.0,0.0,0.000,-0.0,0,HAYIR,HAYIR
2026-08-19 19:42:32.107,0.79,0.66,31,0.0,0.0,0.000,-0.0,0,HAYIR,HAYIR
2026-08-19 19:42:32.167,0.79,0.66,32,0.0,0.0,0.000,-0.0,0,HAYIR,HAYIR
2026-08-19 19:42:32.227,0.78,0.66,33,0.0,0.0,0.000,-0.0,0,HAYIR,HAYIR
2026-08-19 19:42:32.287,0.78,0.66,33,0.0,0.0,0.036,-22.2,-1,HAYIR,HAYIR
2026-08-19 19:42:32.347,0.79,0.66,33,0.0,0.0,0.037,-22.0,-3,HAYIR,HAYIR
2026-08-19 19:42:32.407,0.79,0.66,33,0.0,0.0,0.036,-21.8,-4,HAYIR,HAYIR
2026-08-19 19:42:32.467,0.78,0.74,32,0.0,0.0,0.034,-20.9,-6,HAYIR,HAYIR
2026-08-19 19:42:32.527,0.78,0.74,32,0.0,0.0,0.033,-20.4,-8,HAYIR,HAYIR
2026-08-19 19:42:32.587,0.80,0.74,33,0.0,0.0,0.034,-20.2,-10,HAYIR,HAYIR
2026-08-19 19:42:32.647,0.79,0.74,33,0.0,0.0,0.033,-19.7,-11,HAYIR,HAYIR
2026-08-19 19:42:32.707,0.79,0.74,33,0.0,0.0,0.032,-19.3,-13,HAYIR,HAYIR
2026-08-19 19:42:32.767,0.78,0.77,32,0.0,0.0,0.030,-18.3,-15,HAYIR,HAYIR
2026-08-19 19:42:32.827,0.80,0.77,33,0.0,0.0,0.000,-0.0,-15,HAYIR,HAYIR
2026-08-19 19:42:32.887,0.79,0.77,33,0.0,0.0,0.000,-0.0,-13,HAYIR,HAYIR
2026-08-19 19:42:32.947,0.79,0.77,33,0.0,0.0,0.000,-0.0,-12,HAYIR,HAYIR
2026-08-19 19:42:33.007,0.78,0.77,33,0.0,0.0,0.000,-0.0,-10,HAYIR,HAYIR
2026-08-19 19:42:33.067,0.79,0.83,28,0.0,0.0,0.000,-0.0,-8,HAYIR,HAYIR
2026-08-19 19:42:33.127,0.79,0.83,28,0.0,0.0,0.000,-0.0,-7,HAYIR,HAYIR
2026-08-19 19:42:33.187,0.79,0.83,28,0.0,0.0,0.000,-0.0,-5,HAYIR,HAYIR
2026-08-19 19:42:33.247,0.78,0.83,28,0.0,0.0,0.000,-0.0,-3,HAYIR,HAYIR
2026-08-19 19:42:33.307,0.78,0.83,28,0.0,0.0,0.000,-0.0,-2,HAYIR,HAYIR
2026-08-19 19:42:33.367,0.79,0.83,28,0.0,0.0,0.000,-0.0,0,HAYIR,HAYIR
2026-08-19 19:42:33.427,0.79,0.86,28,0.0,0.0,0.000,-0.0,0,HAYIR,HAYIR
2026-08-19 19:42:33.487,0.79,0.86,28,0.0,0.0,0.000,-0.0,0,HAYIR,HAYIR
2026-08-19 19:42:33.547,0.78,0.86,28,0.0,0.0,0.000,-0.0,0,HAYIR,HAYIR
2026-08-19 19:42:33.607,0.78,0.86,28,0.0,0.0,0.000,-0.0,0,HAYIR,HAYIR
2026-08-19 19:42:33.667,0.79,0.86,28,0.0,0.0,0.000,-0.0,0,HAYIR,HAYIR
2026-08-19 19:42:33.727,0.78,0.86,28,0.0,0.0,0.000,-0.0,0,HAYIR,HAYIR
2026-08-19 19:42:33.787,0.78,0.90,28,0.0,0.0,0.000,-0.0,0,HAYIR,HAYIR
2026-08-19 19:42:33.847,0.80,0.90,28,0.0,0.0,0.000,-0.0,0,HAYIR,HAYIR
2026-08-19 19:42:33.907,0.79,0.90,28,0.0,0.0,0.000,-0.0,0,HAYIR,HAYIR
2026-08-19 19:42:33.967,0.78,0.90,28,0.0,0.0,0.000,-0.0,0,HAYIR,HAYIR
2026-08-19 19:42:34.027,0.78,0.90,28,0.0,0.0,0.000,-0.0,0,HAYIR,HAYIR
2026-08-19 19:42:34.087,0.79,0.93,28,0.0,0.0,0.000,-0.0,0,HAYIR,HAYIR
2026-08-19 19:42:34.147,0.79,0.93,28,0.0,0.0,0.000,-0.0,0,HAYIR,HAYIR
2026-08-19 19:42:34.207,0.78,0.93,28,0.0,0.0,0.000,-0.0,0,HAYIR,HAYIR
2026-08-19 19:42:34.267,0.79,0.93,28,0.0,0.0,0.000,-0.0,0,HAYIR,HAYIR
2026-08-19 19:42:34.327,0.79,0.93,28,0.0,0.0,0.000,-0.0,0,HAYIR,HAYIR
2026-08-19 19:42:34.387,0.78,0.93,28,0.0,0.0,0.000,-0.0,0,HAYIR,HAYIR
2026-08-19 19:42:34.447,0.78,0.94,28,0.0,0.0,0.000,-0.0,0,HAYIR,HAYIR
2026-08-19 19:42:34.507,0.79,0.94,28,0.0,0.0,0.000,-0.0,0,HAYIR,HAYIR
2026-08-19 19:42:34.567,0.79,0.94,28,0.0,0.0,0.000,-0.0,0,HAYIR,HAYIR
2026-08-19 19:42:34.627,0.79,0.94,28,0.0,0.0,0.000,-0.0,0,HAYIR,HAYIR
2026-08-19 19:42:34.687,0.78,0.94,28,0.0,0.0,0.000,-0.0,0,HAYIR,HAYIR
2026-08-19 19:42:34.747,0.78,0.93,28,0.0,0.0,0.000,-0.0,0,HAYIR,HAYIR
2026-08-19 19:42:34.807,0.79,0.93,28,0.0,0.0,0.000,-0.0,0,HAYIR,HAYIR
2026-08-19 19:42:34.867,0.78,0.93,28,0.0,0.0,0.000,-0.0,0,HAYIR,HAYIR
2026-08-19 19:42:34.927,0.78,0.93,28,0.0,0.0,0.000,-0.0,0,HAYIR,HAYIR
2026-08-19 19:42:34.987,0.80,0.93,28,0.0,0.0,0.000,-0.0,0,HAYIR,HAYIR
2026-08-19 19:42:35.047,0.79,0.91,28,0.0,0.0,0.000,-0.0,0,HAYIR,HAYIR
2026-08-19 19:42:35.107,0.79,0.91,28,0.0,0.0,0.000,-0.0,0,HAYIR,HAYIR
2026-08-19 19:42:35.167,0.78,0.91,28,0.0,0.0,0.000,-0.0,0,HAYIR,HAYIR
2026-08-19 19:42:35.227,0.78,0.91,28,0.0,0.0,0.000,-0.0,0,HAYIR,HAYIR
2026-08-19 19:42:35.287,0.79,0.91,28,0.0,0.0,0.000,-0.0,0,HAYIR,HAYIR
2026-08-19 19:42:35.347,0.79,0.91,28,0.0,0.0,0.000,-0.0,0,HAYIR,HAYIR
2026-08-19 19:42:35.407,0.78,0.91,28,0.0,0.0,0.000,-0.0,0,HAYIR,HAYIR
2026-08-19 19:42:35.467,0.80,0.89,28,0.0,0.0,0.000,-0.0,0,HAYIR,HAYIR
2026-08-19 19:42:35.527,0.80,0.89,28,0.0,0.0,0.000,-0.0,0,HAYIR,HAYIR
2026-08-19 19:42:35.587,0.79,0.89,28,0.0,0.0,0.000,-0.0,0,HAYIR,HAYIR
2026-08-19 19:42:35.647,0.79,0.89,28,0.0,0.0,0.000,-0.0,0,HAYIR,HAYIR
2026-08-19 19:42:35.707,0.79,0.89,28,0.0,0.0,0.056,-33.5,-2,HAYIR,HAYIR
2026-08-19 19:42:35.767,0.79,0.86,28,0.0,0.0,0.130,-76.8,-3,HAYIR,HAYIR
2026-08-19 19:42:35.827,0.79,0.86,28,0.0,0.0,0.137,-81.3,-5,HAYIR,HAYIR
2026-08-19 19:42:35.887,0.78,0.86,28,0.0,0.0,0.138,-82.0,-7,HAYIR,HAYIR
2026-08-19 19:42:35.947,0.78,0.86,28,0.0,0.0,0.137,-82.1,-8,HAYIR,HAYIR
2026-08-19 19:42:36.007,0.79,0.86,28,0.0,0.0,0.141,-82.7,-10,HAYIR,HAYIR
2026-08-19 19:42:36.067,0.79,0.86,28,0.0,0.0,0.141,-83.4,-12,HAYIR,HAYIR
2026-08-19 19:42:36.127,0.79,0.84,28,0.0,0.0,0.141,-83.5,-13,HAYIR,HAYIR
2026-08-19 19:42:36.187,0.78,0.84,28,0.0,0.0,0.149,-88.3,-15,HAYIR,HAYIR
2026-08-19 19:42:36.247,0.78,0.84,28,0.0,0.0,0.149,-88.5,-17,HAYIR,HAYIR
2026-08-19 19:42:36.307,0.79,0.84,28,0.0,0.0,0.153,-89.2,-18,HAYIR,HAYIR
2026-08-19 19:42:36.367,0.79,0.84,28,0.0,0.0,0.153,-89.9,-20,HAYIR,HAYIR
2026-08-19 19:42:36.427,0.79,0.85,28,0.0,0.0,0.153,-90.0,-22,HAYIR,HAYIR
2026-08-19 19:42:36.487,0.78,0.85,28,0.0,0.0,0.159,-93.9,-24,HAYIR,HAYIR
2026-08-19 19:42:36.547,0.78,0.85,28,0.0,0.0,0.159,-94.1,-25,HAYIR,HAYIR
2026-08-19 19:42:36.607,0.80,0.85,28,0.0,0.0,0.164,-94.9,-27,HAYIR,HAYIR
2026-08-19 19:42:36.667,0.79,0.85,28,0.0,0.0,0.164,-95.7,-29,HAYIR,HAYIR
2026-08-19 19:42:36.727,0.79,0.83,28,0.0,0.0,0.164,-95.8,-30,HAYIR,HAYIR
2026-08-19 19:42:36.787,0.79,0.83,28,0.0,0.0,0.171,-98.8,-32,HAYIR,HAYIR
2026-08-19 19:42:36.847,0.79,0.83,28,0.0,0.0,0.171,-99.0,-34,HAYIR,HAYIR
2026-08-19 19:42:36.907,0.79,0.83,28,0.0,0.0,0.171,-100.0,-35,HAYIR,HAYIR
2026-08-19 19:42:36.967,0.78,0.83,28,0.0,0.0,0.172,-101.1,-37,HAYIR,HAYIR
2026-08-19 19:42:37.027,0.78,0.83,28,0.0,0.0,0.172,-101.2,-39,HAYIR,HAYIR
2026-08-19 19:42:37.087,0.80,0.83,28,0.0,0.0,0.177,-101.8,-40,HAYIR,HAYIR
2026-08-19 19:42:37.147,0.79,0.81,28,0.0,0.0,0.176,-101.7,-42,HAYIR,HAYIR
2026-08-19 19:42:37.207,0.79,0.81,28,0.0,0.0,0.180,-104.1,-44,HAYIR,HAYIR
2026-08-19 19:42:37.267,0.78,0.81,28,0.0,0.0,0.180,-105.1,-45,HAYIR,HAYIR
2026-08-19 19:42:37.327,0.78,0.81,28,0.0,0.0,0.180,-105.3,-47,HAYIR,HAYIR
2026-08-19 19:42:37.387,0.78,0.81,28,0.0,0.0,0.180,-105.8,-49,HAYIR,HAYIR
2026-08-19 19:42:37.447,0.80,0.78,32,0.0,0.0,0.184,-105.8,-50,HAYIR,HAYIR
2026-08-19 19:42:37.507,0.79,0.78,32,0.1,0.0,0.187,-107.8,-52,HAYIR,HAYIR
2026-08-19 19:42:37.567,0.79,0.78,32,0.1,0.0,0.187,-108.5,-54,HAYIR,HAYIR
2026-08-19 19:42:37.627,0.78,0.78,32,0.1,0.0,0.187,-108.6,-55,HAYIR,HAYIR
2026-08-19 19:42:37.687,0.78,0.78,32,0.1,0.0,0.187,-109.1,-57,HAYIR,HAYIR
2026-08-19 19:42:37.747,0.78,0.77,32,0.1,0.0,0.186,-109.0,-59,HAYIR,HAYIR
2026-08-19 19:42:37.807,0.80,0.77,32,0.1,0.0,0.191,-109.3,-60,HAYIR,HAYIR
2026-08-19 19:42:37.867,0.79,0.77,32,0.1,0.0,0.192,-110.6,-62,HAYIR,HAYIR
2026-08-19 19:42:37.927,0.79,0.77,32,0.1,0.0,0.192,-110.7,-64,HAYIR,HAYIR
2026-08-19 19:42:37.987,0.79,0.77,32,0.1,0.0,0.173,-101.2,-66,HAYIR,HAYIR
2026-08-19 19:42:38.047,0.78,0.77,32,0.1,0.0,0.173,-101.1,-67,HAYIR,HAYIR
2026-08-19 19:42:38.107,0.78,0.75,32,0.1,0.0,0.172,-101.2,-69,HAYIR,HAYIR
2026-08-19 19:42:38.167,0.80,0.75,33,0.1,0.0,0.177,-102.1,-71,HAYIR,HAYIR
2026-08-19 19:42:38.227,0.79,0.75,32,0.1,0.0,0.177,-102.0,-72,HAYIR,HAYIR
2026-08-19 19:42:38.287,0.79,0.75,32,0.1,0.0,0.176,-102.3,-74,HAYIR,HAYIR
2026-08-19 19:42:38.347,0.79,0.75,32,0.1,0.0,0.176,-102.2,-76,HAYIR,HAYIR
2026-08-19 19:42:38.407,0.78,0.75,32,0.2,0.0,0.175,-102.2,-77,HAYIR,HAYIR
2026-08-19 19:42:38.467,0.78,0.75,32,0.2,0.0,0.172,-101.4,-79,HAYIR,HAYIR
2026-08-19 19:42:38.527,0.78,0.75,32,0.2,0.0,0.171,-101.2,-81,HAYIR,HAYIR
2026-08-19 19:42:38.587,0.79,0.75,33,0.2,0.0,0.175,-101.2,-82,HAYIR,HAYIR
2026-08-19 19:42:38.647,0.79,0.75,32,0.2,0.0,0.174,-101.0,-84,HAYIR,HAYIR
2026-08-19 19:42:38.707,0.79,0.75,32,0.2,0.0,0.172,-100.6,-86,HAYIR,HAYIR
2026-08-19 19:42:38.767,0.78,0.78,28,0.2,0.0,0.170,-99.8,-87,HAYIR,HAYIR
2026-08-19 19:42:38.827,0.78,0.78,28,0.2,0.0,0.169,-99.5,-89,HAYIR,HAYIR
2026-08-19 19:42:38.887,0.80,0.78,33,0.2,0.0,0.170,-97.8,-91,HAYIR,HAYIR
2026-08-19 19:42:38.947,0.79,0.78,32,0.2,0.0,0.169,-97.6,-92,HAYIR,HAYIR
2026-08-19 19:42:39.007,0.79,0.78,32,0.2,0.0,0.167,-97.1,-94,HAYIR,HAYIR
2026-08-19 19:42:39.067,0.79,0.78,32,0.2,0.0,0.174,-100.8,-96,HAYIR,HAYIR
2026-08-19 19:42:39.127,0.79,0.79,28,0.2,0.0,0.172,-100.2,-97,HAYIR,HAYIR
2026-08-19 19:42:39.187,0.78,0.79,28,0.2,0.0,0.162,-95.1,-97,HAYIR,HAYIR
2026-08-19 19:42:39.247,0.78,0.79,28,0.2,0.0,0.160,-94.4,-95,HAYIR,HAYIR
2026-08-19 19:42:39.307,0.78,0.79,28,0.2,0.0,0.157,-93.3,-94,HAYIR,HAYIR
2026-08-19 19:42:39.367,0.79,0.79,28,0.2,0.0,0.156,-91.2,-92,HAYIR,HAYIR
2026-08-19 19:42:39.427,0.79,0.83,28,0.2,0.0,0.154,-90.3,-91,HAYIR,HAYIR
2026-08-19 19:42:39.487,0.78,0.83,28,0.2,0.0,0.141,-83.4,-89,HAYIR,HAYIR
2026-08-19 19:42:39.547,0.78,0.83,28,0.2,0.0,0.138,-82.3,-87,HAYIR,HAYIR
2026-08-19 19:42:39.607,0.80,0.83,28,0.2,0.0,0.138,-80.5,-86,HAYIR,HAYIR
2026-08-19 19:42:39.667,0.79,0.83,28,0.2,0.0,0.131,-77.2,-84,HAYIR,HAYIR
2026-08-19 19:42:39.727,0.79,0.85,28,0.2,0.0,0.128,-76.0,-82,HAYIR,HAYIR
2026-08-19 19:42:39.787,0.78,0.85,28,0.2,0.0,0.114,-68.2,-81,HAYIR,HAYIR
2026-08-19 19:42:39.847,0.78,0.85,28,0.2,0.0,0.111,-67.2,-79,HAYIR,HAYIR
2026-08-19 19:42:39.907,0.79,0.85,28,0.2,0.0,0.110,-64.7,-77,HAYIR,HAYIR
2026-08-19 19:42:39.967,0.79,0.85,28,0.1,0.0,0.102,-61.0,-76,HAYIR,HAYIR
2026-08-19 19:42:40.027,0.78,0.85,28,0.1,0.0,0.100,-59.9,-74,HAYIR,HAYIR
2026-08-19 19:42:40.087,0.78,0.86,28,0.1,0.0,0.095,-57.6,-72,HAYIR,HAYIR
2026-08-19 19:42:40.147,0.79,0.86,28,0.1,0.0,0.089,-53.0,-71,HAYIR,HAYIR
2026-08-19 19:42:40.207,0.79,0.86,28,0.1,0.0,0.085,-50.6,-69,HAYIR,HAYIR
2026-08-19 19:42:40.267,0.78,0.86,28,0.1,0.0,0.078,-47.0,-67,HAYIR,HAYIR
2026-08-19 19:42:40.327,0.78,0.86,28,0.1,0.0,0.076,-46.0,-66,HAYIR,HAYIR
2026-08-19 19:42:40.387,0.79,0.86,28,0.1,0.0,0.074,-43.9,-64,HAYIR,HAYIR
2026-08-19 19:42:40.447,0.79,0.83,28,0.1,0.0,0.071,-42.8,-62,HAYIR,HAYIR
2026-08-19 19:42:40.507,0.79,0.83,28,0.1,0.0,0.068,-40.8,-61,HAYIR,HAYIR
2026-08-19 19:42:40.567,0.78,0.83,28,0.1,0.0,0.060,-36.7,-59,HAYIR,HAYIR
2026-08-19 19:42:40.627,0.80,0.83,28,0.1,0.0,0.060,-35.7,-57,HAYIR,HAYIR
2026-08-19 19:42:40.687,0.79,0.83,28,0.1,0.0,0.056,-33.6,-56,HAYIR,HAYIR
2026-08-19 19:42:40.747,0.79,0.83,28,0.1,0.0,0.054,-32.7,-54,HAYIR,HAYIR
2026-08-19 19:42:40.807,0.78,0.80,28,0.1,0.0,0.051,-30.9,-52,HAYIR,HAYIR
2026-08-19 19:42:40.867,0.78,0.80,28,0.0,0.0,0.050,-30.6,-51,HAYIR,HAYIR
2026-08-19 19:42:40.927,0.80,0.80,28,0.0,0.0,0.050,-29.7,-49,HAYIR,HAYIR
2026-08-19 19:42:40.987,0.79,0.80,28,0.0,0.0,0.046,-27.7,-47,HAYIR,HAYIR
2026-08-19 19:42:41.047,0.79,0.80,28,0.0,0.0,0.045,-26.9,-46,HAYIR,HAYIR
2026-08-19 19:42:41.107,0.78,0.77,32,0.0,0.0,0.042,-25.3,-44,HAYIR,HAYIR
2026-08-19 19:42:41.167,0.78,0.77,32,0.0,0.0,0.045,-27.2,-42,HAYIR,HAYIR
2026-08-19 19:42:41.227,0.80,0.77,32,0.0,0.0,0.045,-26.7,-40,HAYIR,HAYIR
2026-08-19 19:42:41.287,0.79,0.77,32,0.0,0.0,0.049,-29.1,-39,HAYIR,HAYIR
2026-08-19 19:42:41.347,0.79,0.77,32,0.0,0.0,0.048,-28.6,-37,HAYIR,HAYIR
2026-08-19 19:42:41.407,0.79,0.74,33,0.0,0.0,0.045,-27.1,-35,HAYIR,HAYIR
2026-08-19 19:42:41.467,0.78,0.74,32,0.0,0.0,0.047,-28.7,-34,HAYIR,HAYIR
2026-08-19 19:42:41.527,0.78,0.74,32,0.0,0.0,0.047,-28.4,-32,HAYIR,HAYIR
2026-08-19 19:42:41.587,0.80,0.74,32,0.0,0.0,0.045,-26.8,-30,HAYIR,HAYIR
2026-08-19 19:42:41.647,0.79,0.74,32,0.0,0.0,0.044,-26.2,-29,HAYIR,HAYIR
2026-08-19 19:42:41.707,0.79,0.74,32,0.0,0.0,0.041,-24.8,-27,HAYIR,HAYIR
2026-08-19 19:42:41.767,0.78,0.70,32,0.0,0.0,0.045,-27.2,-26,HAYIR,HAYIR
2026-08-19 19:42:41.827,0.78,0.70,32,0.0,0.0,0.044,-26.7,-27,HAYIR,HAYIR
2026-08-19 19:42:41.887,0.78,0.70,32,0.0,0.0,0.041,-25.1,-26,HAYIR,HAYIR
2026-08-19 19:42:41.947,0.80,0.70,32,0.0,0.0,0.041,-24.7,-25,HAYIR,HAYIR
2026-08-19 19:42:42.007,0.79,0.70,32,0.0,0.0,0.039,-23.3,-23,HAYIR,HAYIR
2026-08-19 19:42:42.067,0.79,0.70,32,0.0,0.0,0.036,-21.8,-22,HAYIR,HAYIR
2026-08-19 19:42:42.127,0.79,0.69,32,0.0,0.0,0.036,-21.7,-22,HAYIR,HAYIR
2026-08-19 19:42:42.187,0.78,0.69,32,0.0,0.0,0.038,-23.3,-23,HAYIR,HAYIR
2026-08-19 19:42:42.247,0.78,0.69,32,0.0,0.0,0.038,-23.1,-23,HAYIR,HAYIR
2026-08-19 19:42:42.307,0.80,0.69,32,0.0,0.0,0.037,-21.8,-22,HAYIR,HAYIR
2026-08-19 19:42:42.367,0.79,0.69,32,0.0,0.0,0.034,-20.7,-21,HAYIR,HAYIR
2026-08-19 19:42:42.427,0.79,0.68,33,0.0,0.0,0.034,-20.5,-20,HAYIR,HAYIR
2026-08-19 19:42:42.487,0.78,0.68,32,0.0,0.0,0.031,-19.0,-19,HAYIR,HAYIR
2026-08-19 19:42:42.547,0.78,0.68,32,0.0,0.0,0.031,-18.7,-19,HAYIR,HAYIR
2026-08-19 19:42:42.607,0.80,0.68,32,0.0,0.0,0.000,-0.0,-17,HAYIR,HAYIR
2026-08-19 19:42:42.667,0.79,0.68,32,0.0,0.0,0.000,-0.0,-15,HAYIR,HAYIR
2026-08-19 19:42:42.727,0.79,0.68,32,0.0,0.0,0.000,-0.0,-14,HAYIR,HAYIR
2026-08-19 19:42:42.787,0.78,0.69,32,0.0,0.0,0.000,-0.0,-12,HAYIR,HAYIR
2026-08-19 19:42:42.847,0.78,0.69,32,0.0,0.0,0.000,-0.0,-10,HAYIR,HAYIR
2026-08-19 19:42:42.907,0.78,0.69,32,0.0,0.0,0.000,-0.0,-9,HAYIR,HAYIR
2026-08-19 19:42:42.967,0.79,0.69,32,0.0,0.0,0.000,-0.0,-7,HAYIR,HAYIR
2026-08-19 19:42:43.027,0.79,0.69,32,0.0,0.0,0.000,-0.0,-5,HAYIR,HAYIR
2026-08-19 19:42:43.087,0.78,0.72,32,0.0,0.0,0.000,-0.0,-4,HAYIR,HAYIR
2026-08-19 19:42:43.147,0.78,0.72,32,0.0,0.0,0.000,-0.0,-2,HAYIR,HAYIR
2026-08-19 19:42:43.207,0.78,0.72,32,0.0,0.0,0.000,-0.0,0,HAYIR,HAYIR
2026-08-19 19:42:43.267,0.79,0.72,32,0.0,0.0,0.000,-0.0,0,HAYIR,HAYIR
2026-08-19 19:42:43.327,0.79,0.72,32,0.0,0.0,0.000,-0.0,0,HAYIR,HAYIR
2026-08-19 19:42:43.387,0.78,0.77,30,0.0,0.0,0.000,-0.0,0,HAYIR,HAYIR
2026-08-19 19:42:43.447,0.78,0.77,32,0.0,0.0,0.000,-0.0,0,HAYIR,HAYIR
2026-08-19 19:42:43.507,0.78,0.77,32,0.0,0.0,0.000,-0.0,0,HAYIR,HAYIR
2026-08-19 19:42:43.567,0.79,0.77,32,0.0,0.0,0.000,-0.0,0,HAYIR,HAYIR
2026-08-19 19:42:43.627,0.79,0.77,32,0.0,0.0,0.000,-0.0,0,HAYIR,HAYIR
2026-08-19 19:42:43.687,0.78,0.77,32,0.0,0.0,0.000,-0.0,0,HAYIR,HAYIR
2026-08-19 19:42:43.747,0.78,0.77,32,0.0,0.0,0.000,-0.0,0,HAYIR,HAYIR
2026-08-19 19:42:43.807,0.80,0.81,28,0.0,0.0,0.000,-0.0,0,HAYIR,HAYIR
2026-08-19 19:42:43.867,0.79,0.81,28,0.0,0.0,0.000,-0.0,0,HAYIR,HAYIR
2026-08-19 19:42:43.927,0.79,0.81,28,0.0,0.0,0.000,-0.0,0,HAYIR,HAYIR
2026-08-19 19:42:43.987,0.78,0.81,28,0.0,0.0,0.000,-0.0,0,HAYIR,HAYIR
2026-08-19 19:42:44.047,0.78,0.81,28,0.0,0.0,0.000,-0.0,0,HAYIR,HAYIR
2026-08-19 19:42:44.107,0.79,0.84,28,0.0,0.0,0.000,-0.0,0,HAYIR,HAYIR
2026-08-19 19:42:44.167,0.78,0.84,28,0.0,0.0,0.000,-0.0,0,HAYIR,HAYIR
2026-08-19 19:42:44.227,0.78,0.84,28,0.0,0.0,0.000,-0.0,0,HAYIR,HAYIR
2026-08-19 19:42:44.287,0.80,0.84,28,0.0,0.0,0.000,-0.0,0,HAYIR,HAYIR
2026-08-19 19:42:44.347,0.79,0.84,28,0.0,0.0,0.000,-0.0,0,HAYIR,HAYIR
2026-08-19 19:42:44.407,0.79,0.87,28,0.0,0.0,0.000,-0.0,0,HAYIR,HAYIR
2026-08-19 19:42:44.467,0.78,0.87,28,0.0,0.0,0.000,-0.0,0,HAYIR,HAYIR
2026-08-19 19:42:44.527,0.79,0.87,28,0.0,0.0,0.000,-0.0,0,HAYIR,HAYIR
2026-08-19 19:42:44.587,0.79,0.87,28,0.0,0.0,0.000,-0.0,0,HAYIR,HAYIR
2026-08-19 19:42:44.647,0.79,0.87,28,0.0,0.0,0.000,-0.0,0,HAYIR,HAYIR
2026-08-19 19:42:44.707,0.79,0.87,28,0.0,0.0,0.000,-0.0,0,HAYIR,HAYIR
2026-08-19 19:42:44.767,0.78,0.89,28,0.0,0.0,0.000,-0.0,0,HAYIR,HAYIR
2026-08-19 19:42:44.827,0.78,0.89,28,0.0,0.0,0.000,-0.0,0,HAYIR,HAYIR
2026-08-19 19:42:44.887,0.80,0.89,28,0.0,0.0,0.000,-0.0,0,HAYIR,HAYIR
2026-08-19 19:42:44.947,0.79,0.89,28,0.0,0.0,0.000,-0.0,0,HAYIR,HAYIR
2026-08-19 19:42:45.007,0.79,0.89,28,0.0,0.0,0.000,-0.0,0,HAYIR,HAYIR
2026-08-19 19:42:45.067,0.78,0.88,28,0.0,0.0,0.000,-0.0,0,HAYIR,HAYIR
2026-08-19 19:42:45.127,0.80,0.88,28,0.0,0.0,0.000,-0.0,0,HAYIR,HAYIR
2026-08-19 19:42:45.187,0.79,0.88,28,0.0,0.0,0.000,-0.0,0,HAYIR,HAYIR
2026-08-19 19:42:45.247,0.79,0.88,28,0.0,0.0,0.000,-0.0,0,HAYIR,HAYIR
2026-08-19 19:42:45.307,0.78,0.88,28,0.0,0.0,0.000,-0.0,0,HAYIR,HAYIR
2026-08-19 19:42:45.367,0.79,0.88,28,0.0,0.0,0.000,-0.0,0,HAYIR,HAYIR
2026-08-19 19:42:45.427,0.79,0.88,28,0.0,0.0,0.000,-0.0,0,HAYIR,HAYIR
2026-08-19 19:42:45.487,0.78,0.89,28,0.0,0.0,0.000,-0.0,0,HAYIR,HAYIR
2026-08-19 19:42:45.547,0.78,0.89,28,0.0,0.0,0.000,-0.0,0,HAYIR,HAYIR
2026-08-19 19:42:45.607,0.80,0.89,28,0.0,0.0,-0.031,18.4,2,HAYIR,HAYIR
2026-08-19 19:42:45.667,0.79,0.89,28,0.0,0.0,-0.031,18.9,3,HAYIR,HAYIR
2026-08-19 19:42:45.727,0.79,0.89,28,0.0,0.0,-0.031,19.0,5,HAYIR,HAYIR
2026-08-19 19:42:45.787,0.79,0.84,28,0.0,0.0,-0.041,24.4,7,HAYIR,HAYIR
2026-08-19 19:42:45.847,0.79,0.84,28,0.0,0.0,-0.042,25.1,8,HAYIR,HAYIR
2026-08-19 19:42:45.907,0.78,0.84,28,0.0,0.0,-0.042,25.6,10,HAYIR,HAYIR
2026-08-19 19:42:45.967,0.79,0.84,28,0.0,0.0,-0.044,26.3,12,HAYIR,HAYIR
2026-08-19 19:42:46.027,0.79,0.84,28,0.0,0.0,-0.044,26.4,13,HAYIR,HAYIR
2026-08-19 19:42:46.087,0.78,0.82,28,0.0,0.0,-0.044,26.8,15,HAYIR,HAYIR
2026-08-19 19:42:46.147,0.78,0.82,28,0.0,0.0,-0.044,26.9,17,HAYIR,HAYIR
2026-08-19 19:42:46.207,0.79,0.82,28,0.0,0.0,-0.048,28.6,18,HAYIR,HAYIR
2026-08-19 19:42:46.267,0.79,0.82,28,0.0,0.0,-0.049,29.4,20,HAYIR,HAYIR
2026-08-19 19:42:46.327,0.78,0.82,28,0.0,0.0,-0.049,29.6,22,HAYIR,HAYIR
2026-08-19 19:42:46.387,0.79,0.82,28,0.0,0.0,-0.050,29.9,24,HAYIR,HAYIR
2026-08-19 19:42:46.447,0.79,0.79,32,0.0,0.0,-0.050,30.0,25,HAYIR,HAYIR
2026-08-19 19:42:46.507,0.79,0.79,32,0.0,0.0,-0.053,31.7,27,HAYIR,HAYIR
2026-08-19 19:42:46.567,0.79,0.79,32,0.0,0.0,-0.054,32.3,29,HAYIR,HAYIR
2026-08-19 19:42:46.627,0.79,0.79,32,0.0,0.0,-0.054,32.4,30,HAYIR,HAYIR
2026-08-19 19:42:46.687,0.79,0.79,32,0.0,0.0,-0.054,32.7,32,HAYIR,HAYIR
2026-08-19 19:42:46.747,0.79,0.76,32,0.0,0.0,-0.054,32.7,33,HAYIR,HAYIR
2026-08-19 19:42:46.807,0.80,0.76,32,0.0,0.0,-0.058,34.2,34,HAYIR,HAYIR
2026-08-19 19:42:46.867,0.79,0.76,32,0.0,0.0,-0.058,34.7,35,HAYIR,HAYIR
2026-08-19 19:42:46.927,0.79,0.76,32,0.0,0.0,-0.058,34.6,35,HAYIR,HAYIR
2026-08-19 19:42:46.987,0.80,0.76,32,0.0,0.0,-0.062,36.8,36,HAYIR,HAYIR
2026-08-19 19:42:47.047,0.79,0.76,32,0.0,0.0,-0.062,36.7,37,HAYIR,HAYIR
2026-08-19 19:42:47.107,0.79,0.72,33,0.0,0.0,-0.061,36.6,37,HAYIR,HAYIR
2026-08-19 19:42:47.167,0.78,0.72,32,0.0,0.0,-0.063,38.0,37,HAYIR,HAYIR
2026-08-19 19:42:47.227,0.80,0.72,32,0.0,0.0,-0.064,37.8,38,HAYIR,HAYIR
2026-08-19 19:42:47.287,0.79,0.72,32,0.0,0.0,-0.063,37.9,38,HAYIR,HAYIR
2026-08-19 19:42:47.347,0.79,0.72,32,0.0,0.0,-0.063,37.8,38,HAYIR,HAYIR
2026-08-19 19:42:47.407,0.79,0.72,32,0.0,0.0,-0.063,37.7,38,HAYIR,HAYIR
2026-08-19 19:42:47.467,0.79,0.71,32,0.0,0.0,-0.064,38.0,38,HAYIR,HAYIR
2026-08-19 19:42:47.527,0.79,0.71,32,0.0,0.0,-0.063,37.7,38,HAYIR,HAYIR
2026-08-19 19:42:47.587,0.79,0.71,32,0.0,0.0,-0.063,37.7,38,HAYIR,HAYIR
2026-08-19 19:42:47.647,0.79,0.71,32,0.0,0.0,-0.062,37.5,38,HAYIR,HAYIR
2026-08-19 19:42:47.707,0.80,0.71,32,0.0,0.0,-0.063,37.2,37,HAYIR,HAYIR
2026-08-19 19:42:47.767,0.79,0.70,32,0.0,0.0,-0.061,36.5,37,HAYIR,HAYIR
2026-08-19 19:42:47.827,0.79,0.70,32,0.0,0.0,-0.061,36.5,36,HAYIR,HAYIR
2026-08-19 19:42:47.887,0.80,0.70,32,0.0,0.0,-0.061,36.1,36,HAYIR,HAYIR
2026-08-19 19:42:47.947,0.79,0.70,32,0.0,0.0,-0.060,35.7,36,HAYIR,HAYIR
2026-08-19 19:42:48.007,0.79,0.70,32,0.0,0.0,-0.059,35.3,35,HAYIR,HAYIR
2026-08-19 19:42:48.067,0.79,0.73,31,0.0,0.0,-0.053,31.9,34,HAYIR,HAYIR
2026-08-19 19:42:48.127,0.79,0.73,32,0.0,0.0,-0.052,31.3,33,HAYIR,HAYIR
2026-08-19 19:42:48.187,0.78,0.73,32,0.0,0.0,-0.051,30.8,31,HAYIR,HAYIR
2026-08-19 19:42:48.247,0.80,0.73,32,0.0,0.0,-0.051,30.4,30,HAYIR,HAYIR
2026-08-19 19:42:48.307,0.79,0.73,32,0.0,0.0,-0.050,29.8,30,HAYIR,HAYIR
2026-08-19 19:42:48.367,0.78,0.73,32,0.0,0.0,-0.048,28.8,29,HAYIR,HAYIR
2026-08-19 19:42:48.427,0.80,0.76,32,0.0,0.0,-0.048,28.5,29,HAYIR,HAYIR
2026-08-19 19:42:48.487,0.79,0.76,32,0.0,0.0,-0.043,26.1,27,HAYIR,HAYIR
2026-08-19 19:42:48.547,0.79,0.76,32,0.0,0.0,-0.043,25.8,26,HAYIR,HAYIR
2026-08-19 19:42:48.607,0.80,0.76,32,0.0,0.0,-0.042,25.0,25,HAYIR,HAYIR
2026-08-19 19:42:48.667,0.79,0.76,32,0.0,0.0,-0.040,24.1,24,HAYIR,HAYIR
2026-08-19 19:42:48.727,0.79,0.76,32,0.0,0.0,-0.040,24.0,24,HAYIR,HAYIR
2026-08-19 19:42:48.787,0.79,0.79,32,0.0,0.0,-0.039,23.4,23,HAYIR,HAYIR
2026-08-19 19:42:48.847,0.79,0.79,28,0.0,0.0,-0.039,23.3,23,HAYIR,HAYIR
2026-08-19 19:42:48.907,0.79,0.79,28,0.0,0.0,-0.033,20.2,22,HAYIR,HAYIR
2026-08-19 19:42:48.967,0.79,0.79,32,0.0,0.0,-0.032,19.4,20,HAYIR,HAYIR
2026-08-19 19:42:49.027,0.79,0.79,28,0.0,0.0,-0.032,19.3,19,HAYIR,HAYIR
2026-08-19 19:42:49.087,0.80,0.82,28,0.0,0.0,-0.031,18.7,19,HAYIR,HAYIR
2026-08-19 19:42:49.147,0.79,0.82,28,0.0,0.0,-0.031,18.6,19,HAYIR,HAYIR
2026-08-19 19:42:49.207,0.77,0.82,28,0.0,0.0,0.000,-0.0,17,HAYIR,HAYIR
2026-08-19 19:42:49.267,0.72,0.82,28,0.0,0.0,0.000,-0.0,15,HAYIR,HAYIR
2026-08-19 19:42:49.327,0.69,0.82,28,0.0,0.0,0.000,-0.0,14,HAYIR,HAYIR
2026-08-19 19:42:49.387,0.67,0.82,28,0.0,0.0,0.000,-0.0,12,HAYIR,HAYIR
2026-08-19 19:42:49.447,0.64,0.85,28,0.0,0.0,0.000,-0.0,10,HAYIR,HAYIR
2026-08-19 19:42:49.507,0.62,0.85,28,0.0,0.0,0.000,-0.0,9,HAYIR,HAYIR
2026-08-19 19:42:49.567,0.57,0.85,28,0.0,0.0,0.000,-0.0,7,HAYIR,HAYIR
2026-08-19 19:42:49.627,0.54,0.85,28,0.0,0.0,0.000,-0.0,5,HAYIR,HAYIR
2026-08-19 19:42:49.687,0.52,0.85,28,0.0,0.0,0.000,-0.0,3,HAYIR,HAYIR
2026-08-19 19:42:49.747,0.49,0.87,28,0.0,0.0,0.000,-0.0,2,HAYIR,HAYIR
2026-08-19 19:42:49.807,0.47,0.87,28,0.0,0.0,0.000,-0.0,0,HAYIR,HAYIR
2026-08-19 19:42:49.867,0.42,0.87,28,0.0,0.0,0.000,-0.0,0,HAYIR,HAYIR
2026-08-19 19:42:49.927,0.39,0.87,28,0.0,0.0,0.000,-0.0,0,HAYIR,HAYIR
2026-08-19 19:42:49.987,0.37,0.87,0,0.0,0.0,0.000,-0.0,0,EVET,HAYIR
2026-08-19 19:42:50.047,0.34,0.92,0,0.0,0.0,0.000,-0.0,0,EVET,HAYIR
2026-08-19 19:42:50.107,0.32,0.92,0,0.0,0.0,0.000,-0.0,0,EVET,HAYIR
2026-08-19 19:42:50.167,0.27,0.92,0,0.0,0.0,0.000,-0.0,0,EVET,HAYIR
2026-08-19 19:42:50.227,0.24,0.92,0,0.0,0.0,0.000,-0.0,0,EVET,HAYIR
2026-08-19 19:42:50.287,0.22,0.92,0,0.0,0.0,0.000,-0.0,0,EVET,HAYIR
2026-08-19 19:42:50.347,0.19,0.92,0,0.0,0.0,0.000,-0.0,0,EVET,HAYIR
2026-08-19 19:42:50.407,0.17,0.92,0,0.0,0.0,0.000,-0.0,0,EVET,HAYIR
2026-08-19 19:42:50.467,0.12,0.91,0,0.0,0.0,0.000,-0.0,0,EVET,HAYIR
2026-08-19 19:42:50.527,0.09,0.91,0,0.0,0.0,0.000,-0.0,0,EVET,HAYIR
2026-08-19 19:42:50.587,0.07,0.91,0,0.0,0.0,0.000,-0.0,0,EVET,HAYIR
2026-08-19 19:42:50.647,0.04,0.91,0,0.0,0.0,0.000,-0.0,0,EVET,HAYIR
2026-08-19 19:42:50.707,0.02,0.91,0,0.0,0.0,0.000,-0.0,0,EVET,HAYIR
2026-08-19 19:42:50.767,0.00,0.90,0,0.0,0.0,0.000,0.0,0,EVET,HAYIR
2026-08-19 19:42:50.827,0.00,0.90,0,0.0,0.0,0.000,0.0,0,EVET,HAYIR
2026-08-19 19:42:50.887,0.00,0.90,0,0.0,0.0,0.000,0.0,0,EVET,HAYIR
2026-08-19 19:42:50.947,0.00,0.90,0,0.0,0.0,0.000,0.0,0,EVET,HAYIR
2026-08-19 19:42:51.007,0.00,0.90,0,0.0,0.0,0.000,0.0,0,EVET,HAYIR
2026-08-19 19:43:09.767,0.00,0.00,0,0.0,0.0,0.000,0.0,0,HAYIR,HAYIR
2026-08-19 19:43:09.827,0.00,0.00,0,0.0,0.0,0.000,0.0,0,HAYIR,HAYIR
2026-08-19 19:43:09.887,0.00,0.00,0,0.0,0.0,0.000,0.0,0,HAYIR,HAYIR
2026-08-19 19:43:09.947,0.00,0.00,0,0.0,0.0,0.000,0.0,0,HAYIR,HAYIR
2026-08-19 19:43:10.007,0.00,0.00,0,0.0,0.0,0.000,0.0,0,HAYIR,HAYIR
2026-08-19 19:43:10.067,0.00,0.00,0,0.0,0.0,0.000,0.0,0,HAYIR,HAYIR
2026-08-19 19:43:10.127,0.00,0.00,0,0.0,0.0,0.000,0.0,0,HAYIR,HAYIR
2026-08-19 19:43:10.187,0.00,0.00,0,0.0,0.0,0.000,0.0,0,HAYIR,HAYIR
2026-08-19 19:43:10.247,0.00,0.00,0,0.0,0.0,0.000,0.0,0,HAYIR,HAYIR
2026-08-19 19:43:10.307,0.00,0.00,0,0.0,0.0,0.000,0.0,0,HAYIR,HAYIR
2026-08-19 19:43:10.367,0.00,0.00,0,0.0,0.0,0.000,0.0,0,HAYIR,HAYIR
2026-08-19 19:43:10.427,0.00,0.00,0,0.0,0.0,0.000,0.0,0,HAYIR,HAYIR
2026-08-19 19:43:10.487,0.00,0.00,0,0.0,0.0,0.000,0.0,0,HAYIR,HAYIR
2026-08-19 19:43:10.547,0.00,0.00,0,0.0,0.0,0.000,0.0,0,HAYIR,HAYIR
2026-08-19 19:43:10.607,0.00,0.00,0,0.0,0.0,0.000,0.0,0,HAYIR,HAYIR
2026-08-19 19:43:10.667,0.00,0.00,0,0.0,0.0,0.000,0.0,0,HAYIR,HAYIR
2026-08-19 19:43:10.727,0.00,0.00,0,0.0,0.0,0.000,0.0,0,HAYIR,HAYIR
2026-08-19 19:43:10.787,0.00,0.00,0,0.0,0.0,0.000,0.0,0,HAYIR,HAYIR
2026-08-19 19:43:10.847,0.00,0.00,0,0.0,0.0,0.000,0.0,0,HAYIR,HAYIR
2026-08-19 19:43:10.907,0.00,0.00,0,0.0,0.0,0.000,0.0,0,HAYIR,HAYIR
2026-08-19 19:43:10.967,0.00,0.00,0,0.0,0.0,0.000,0.0,0,HAYIR,HAYIR
2026-08-19 19:43:11.027,0.00,0.00,0,0.0,0.0,0.000,0.0,0,HAYIR,HAYIR
2026-08-19 19:43:11.087,0.00,0.00,0,0.0,0.0,0.000,0.0,0,HAYIR,HAYIR
2026-08-19 19:43:11.147,0.00,0.00,0,0.0,0.0,0.000,0.0,0,HAYIR,HAYIR
2026-08-19 19:43:11.207,0.00,0.00,0,0.0,0.0,0.000,0.0,0,HAYIR,HAYIR
2026-08-19 19:43:11.267,0.00,0.00,0,0.0,0.0,0.000,0.0,0,HAYIR,HAYIR
2026-08-19 19:43:11.327,0.00,0.00,0,0.0,0.0,0.000,0.0,0,HAYIR,HAYIR
2026-08-19 19:43:11.387,0.00,0.00,0,0.0,0.0,0.000,0.0,0,HAYIR,HAYIR
2026-08-19 19:43:11.447,0.00,0.00,0,0.0,0.0,0.000,0.0,0,HAYIR,HAYIR
2026-08-19 19:43:11.507,0.00,0.00,0,0.0,0.0,0.000,0.0,0,HAYIR,HAYIR
2026-08-19 19:43:11.567,0.00,0.00,0,0.0,0.0,0.000,0.0,0,HAYIR,HAYIR
2026-08-19 19:43:11.627,0.00,0.00,0,0.0,0.0,0.000,0.0,0,HAYIR,HAYIR
2026-08-19 19:43:11.687,0.00,0.00,0,0.0,0.0,0.000,0.0,0,HAYIR,HAYIR
2026-08-19 19:43:11.747,0.00,0.00,0,0.0,0.0,0.000,0.0,0,HAYIR,HAYIR
2026-08-19 19:43:11.807,0.00,0.00,0,0.0,0.0,0.000,0.0,0,HAYIR,HAYIR
2026-08-19 19:43:11.867,0.00,0.00,0,0.0,0.0,0.000,0.0,0,HAYIR,HAYIR
2026-08-19 19:43:11.927,0.00,0.00,0,0.0,0.0,0.000,0.0,0,HAYIR,HAYIR
2026-08-19 19:43:11.987,0.00,0.00,0,0.0,0.0,0.000,0.0,0,HAYIR,HAYIR
2026-08-19 19:43:12.047,0.00,0.00,0,0.0,0.0,0.000,0.0,0,HAYIR,HAYIR
2026-08-19 19:43:12.107,0.00,0.00,0,0.0,0.0,0.000,0.0,0,HAYIR,HAYIR
2026-08-19 19:43:12.167,0.00,0.00,0,0.0,0.0,0.000,0.0,0,HAYIR,HAYIR
2026-08-19 19:43:12.227,0.00,0.00,0,0.0,0.0,0.000,0.0,0,HAYIR,HAYIR
2026-08-19 19:43:12.287,0.00,0.00,0,0.0,0.0,0.000,0.0,0,HAYIR,HAYIR
2026-08-19 19:43:12.347,0.00,0.00,0,0.0,0.0,0.000,0.0,0,HAYIR,HAYIR
2026-08-19 19:43:12.407,0.00,0.00,0,0.0,0.0,0.000,0.0,0,HAYIR,HAYIR
2026-08-19 19:43:12.467,0.00,0.00,0,0.0,0.0,0.000,0.0,0,HAYIR,HAYIR
2026-08-19 19:43:12.527,0.00,0.00,0,0.0,0.0,0.000,0.0,0,HAYIR,HAYIR
2026-08-19 19:43:12.587,0.00,0.00,0,0.0,0.0,0.000,0.0,0,HAYIR,HAYIR
2026-08-19 19:43:12.647,0.00,0.00,0,0.0,0.0,0.000,0.0,0,HAYIR,HAYIR
2026-08-19 19:43:12.707,0.00,0.00,0,0.0,0.0,0.000,0.0,0,HAYIR,HAYIR
2026-08-19 19:43:12.767,0.00,0.00,0,0.0,0.0,0.000,0.0,0,HAYIR,HAYIR
2026-08-19 19:43:12.827,0.00,0.00,0,0.0,0.0,0.000,0.0,0,HAYIR,HAYIR
2026-08-19 19:43:12.887,0.00,0.00,0,0.0,0.0,0.000,0.0,0,HAYIR,HAYIR
2026-08-19 19:43:12.947,0.00,0.00,0,0.0,0.0,0.000,0.0,0,HAYIR,HAYIR
2026-08-19 19:43:13.007,0.00,0.00,0,0.0,0.0,0.000,0.0,0,HAYIR,HAYIR
2026-08-19 19:43:13.067,0.00,0.00,0,0.0,0.0,0.000,0.0,0,HAYIR,HAYIR
2026-08-19 19:43:13.127,0.00,0.00,0,0.0,0.0,0.000,0.0,0,HAYIR,HAYIR
2026-08-19 19:43:13.187,0.00,0.00,0,0.0,0.0,0.000,0.0,0,HAYIR,HAYIR
2026-08-19 19:43:13.247,0.00,0.00,0,0.0,0.0,0.000,0.0,0,HAYIR,HAYIR
2026-08-19 19:43:13.307,0.00,0.00,0,0.0,0.0,0.000,0.0,0,HAYIR,HAYIR
2026-08-19 19:43:13.367,0.00,0.00,0,0.0,0.0,0.000,0.0,0,HAYIR,HAYIR
2026-08-19 19:43:13.427,0.00,0.00,0,0.0,0.0,0.000,0.0,0,HAYIR,HAYIR
2026-08-19 19:43:13.487,0.00,0.00,0,0.0,0.0,0.000,0.0,0,HAYIR,HAYIR
2026-08-19 19:43:13.547,0.00,0.00,0,0.0,0.0,0.000,0.0,0,HAYIR,HAYIR
2026-08-19 19:43:13.607,0.00,0.00,0,0.0,0.0,0.000,0.0,0,HAYIR,HAYIR
2026-08-19 19:43:13.667,0.00,0.00,0,0.0,0.0,0.000,0.0,0,HAYIR,HAYIR
2026-08-19 19:43:13.727,0.00,0.00,0,0.0,0.0,0.000,0.0,0,HAYIR,HAYIR
2026-08-19 19:43:13.787,0.00,0.00,0,0.0,0.0,0.000,0.0,0,HAYIR,HAYIR
2026-08-19 19:43:13.847,0.00,0.00,0,0.0,0.0,0.000,0.0,0,HAYIR,HAYIR
2026-08-19 19:43:13.907,0.00,0.00,0,0.0,0.0,0.000,0.0,0,HAYIR,HAYIR
2026-08-19 19:43:13.967,0.00,0.00,0,0.0,0.0,0.000,0.0,0,HAYIR,HAYIR
2026-08-19 19:43:14.027,0.00,0.00,0,0.0,0.0,0.000,0.0,0,HAYIR,HAYIR
2026-08-19 19:43:14.087,0.00,0.00,0,0.0,0.0,0.000,0.0,0,HAYIR,HAYIR
2026-08-19 19:43:14.147,0.00,0.00,0,0.0,0.0,0.000,0.0,0,HAYIR,HAYIR
2026-08-19 19:43:14.207,0.00,0.00,0,0.0,0.0,0.000,0.0,0,HAYIR,HAYIR
2026-08-19 19:43:14.267,0.00,0.00,0,0.0,0.0,0.000,0.0,0,HAYIR,HAYIR
2026-08-19 19:43:14.327,0.00,0.00,0,0.0,0.0,0.000,0.0,0,HAYIR,HAYIR
2026-08-19 19:43:14.387,0.00,0.00,0,0.0,0.0,0.000,0.0,0,HAYIR,HAYIR
2026-08-19 19:43:14.447,0.00,0.00,0,0.0,0.0,0.000,0.0,0,HAYIR,HAYIR
2026-08-19 19:43:14.507,0.00,0.00,0,0.0,0.0,0.000,0.0,0,HAYIR,HAYIR
2026-08-19 19:43:14.567,0.00,0.00,0,0.0,0.0,0.000,0.0,0,HAYIR,HAYIR
2026-08-19 19:43:14.627,0.00,0.00,0,0.0,0.0,0.000,0.0,0,HAYIR,HAYIR
2026-08-19 19:43:14.687,0.00,0.00,0,0.0,0.0,0.000,0.0,0,HAYIR,HAYIR
2026-08-19 19:43:14.747,0.00,0.00,0,0.0,0.0,0.000,0.0,0,HAYIR,HAYIR
2026-08-19 19:43:14.807,0.00,0.00,0,0.0,0.0,0.000,0.0,0,HAYIR,HAYIR
2026-08-19 19:43:14.867,0.00,0.00,0,0.0,0.0,0.000,0.0,0,HAYIR,HAYIR
2026-08-19 19:43:14.927,0.00,0.00,0,0.0,0.0,0.000,0.0,0,HAYIR,HAYIR
2026-08-19 19:43:14.987,0.00,0.00,0,0.0,0.0,0.000,0.0,0,HAYIR,HAYIR
2026-08-19 19:43:15.047,0.00,0.00,0,0.0,0.0,0.000,0.0,0,HAYIR,HAYIR
2026-08-19 19:43:15.107,0.00,0.00,0,0.0,0.0,0.000,0.0,0,HAYIR,HAYIR
2026-08-19 19:43:15.167,0.00,0.00,0,0.0,0.0,0.000,0.0,0,HAYIR,HAYIR
2026-08-19 19:43:15.227,0.00,0.00,0,0.0,0.0,0.000,0.0,0,HAYIR,HAYIR
2026-08-19 19:43:15.287,0.00,0.00,0,0.0,0.0,0.000,0.0,0,HAYIR,HAYIR
2026-08-19 19:43:15.347,0.00,0.00,0,0.0,0.0,0.000,0.0,0,HAYIR,HAYIR
2026-08-19 19:43:15.407,0.00,0.00,0,0.0,0.0,0.000,0.0,0,HAYIR,HAYIR
2026-08-19 19:43:15.467,0.00,0.00,0,0.0,0.0,0.000,0.0,0,HAYIR,HAYIR
2026-08-19 19:43:15.527,0.00,0.00,0,0.0,0.0,0.000,0.0,0,HAYIR,HAYIR
2026-08-19 19:43:15.587,0.00,0.00,0,0.0,0.0,0.000,0.0,0,HAYIR,HAYIR
2026-08-19 19:43:15.647,0.00,0.00,0,0.0,0.0,0.000,0.0,0,HAYIR,HAYIR
2026-08-19 19:43:15.707,0.00,0.00,0,0.0,0.0,0.000,0.0,0,HAYIR,HAYIR
2026-08-19 19:43:15.767,0.00,0.00,0,0.0,0.0,0.000,0.0,0,HAYIR,HAYIR
2026-08-19 19:43:15.827,0.00,0.00,0,0.0,0.0,0.000,0.0,0,HAYIR,HAYIR
2026-08-19 19:43:15.887,0.00,0.00,0,0.0,0.0,0.000,0.0,0,HAYIR,HAYIR
2026-08-19 19:43:15.947,0.00,0.00,0,0.0,0.0,0.000,0.0,0,HAYIR,HAYIR
2026-08-19 19:43:16.007,0.00,0.00,0,0.0,0.0,0.000,0.0,0,HAYIR,HAYIR
2026-08-19 19:43:16.067,0.00,0.00,0,0.0,0.0,0.000,0.0,0,HAYIR,HAYIR
2026-08-19 19:43:16.127,0.00,0.00,0,0.0,0.0,0.000,0.0,0,HAYIR,HAYIR
2026-08-19 19:43:16.187,0.00,0.00,0,0.0,0.0,0.000,0.0,0,HAYIR,HAYIR
2026-08-19 19:43:16.247,0.00,0.00,0,0.0,0.0,0.000,0.0,0,HAYIR,HAYIR
2026-08-19 19:43:16.307,0.00,0.00,0,0.0,0.0,0.000,0.0,0,HAYIR,HAYIR
2026-08-19 19:43:16.367,0.00,0.00,0,0.0,0.0,0.000,0.0,0,HAYIR,HAYIR
2026-08-19 19:43:16.427,0.00,0.00,0,0.0,0.0,0.000,0.0,0,HAYIR,HAYIR
2026-08-19 19:43:16.487,0.00,0.00,0,0.0,0.0,0.000,0.0,0,HAYIR,HAYIR
2026-08-19 19:43:16.547,0.00,0.00,0,0.0,0.0,0.000,0.0,0,HAYIR,HAYIR
2026-08-19 19:43:16.607,0.00,0.00,0,0.0,0.0,0.000,0.0,0,HAYIR,HAYIR
2026-08-19 19:43:16.667,0.00,0.00,0,0.0,0.0,0.000,0.0,0,HAYIR,HAYIR
2026-08-19 19:43:16.727,0.00,0.00,0,0.0,0.0,0.000,0.0,0,HAYIR,HAYIR
2026-08-19 19:43:16.787,0.00,0.00,0,0.0,0.0,0.000,0.0,0,HAYIR,HAYIR
2026-08-19 19:43:16.847,0.00,0.00,0,0.0,0.0,0.000,0.0,0,HAYIR,HAYIR
2026-08-19 19:43:16.907,0.00,0.00,0,0.0,0.0,0.000,0.0,0,HAYIR,HAYIR
2026-08-19 19:43:16.967,0.00,0.00,0,0.0,0.0,0.000,0.0,0,HAYIR,HAYIR
2026-08-19 19:43:17.027,0.00,0.00,0,0.0,0.0,0.000,0.0,0,HAYIR,HAYIR
2026-08-19 19:43:17.087,0.00,0.00,0,0.0,0.0,0.000,0.0,0,HAYIR,HAYIR
2026-08-19 19:43:17.147,0.00,0.00,0,0.0,0.0,0.000,0.0,0,HAYIR,HAYIR
2026-08-19 19:43:17.207,0.00,0.00,0,0.0,0.0,0.000,0.0,0,HAYIR,HAYIR
2026-08-19 19:43:17.267,0.00,0.00,0,0.0,0.0,0.000,0.0,0,HAYIR,HAYIR
2026-08-19 19:43:17.327,0.00,0.00,0,0.0,0.0,0.000,0.0,0,HAYIR,HAYIR
2026-08-19 19:43:17.387,0.00,0.00,0,0.0,0.0,0.000,0.0,0,HAYIR,HAYIR
2026-08-19 19:43:17.447,0.00,0.00,0,0.0,0.0,0.000,0.0,0,HAYIR,HAYIR
2026-08-19 19:43:17.507,0.00,0.00,0,0.0,0.0,0.000,0.0,0,HAYIR,HAYIR
2026-08-19 19:43:17.567,0.00,0.00,0,0.0,0.0,0.000,0.0,0,HAYIR,HAYIR
2026-08-19 19:43:17.627,0.00,0.00,0,0.0,0.0,0.000,0.0,0,HAYIR,HAYIR
2026-08-19 19:43:17.687,0.00,0.00,0,0.0,0.0,0.000,0.0,0,HAYIR,HAYIR
2026-08-19 19:43:17.747,0.00,0.00,0,0.0,0.0,0.000,0.0,0,HAYIR,HAYIR
2026-08-19 19:43:17.807,0.00,0.00,0,0.0,0.0,0.000,0.0,0,HAYIR,HAYIR
2026-08-19 19:43:17.867,0.00,0.00,0,0.0,0.0,0.000,0.0,0,HAYIR,HAYIR
2026-08-19 19:43:17.927,0.00,0.00,0,0.0,0.0,0.000,0.0,0,HAYIR,HAYIR
2026-08-19 19:43:17.987,0.00,0.00,0,0.0,0.0,0.000,0.0,0,HAYIR,HAYIR
2026-08-19 19:43:18.047,0.00,0.00,0,0.0,0.0,0.000,0.0,0,HAYIR,HAYIR
2026-08-19 19:43:18.107,0.00,0.00,0,0.0,0.0,0.000,0.0,0,HAYIR,HAYIR
2026-08-19 19:43:18.167,0.00,0.00,0,0.0,0.0,0.000,0.0,0,HAYIR,HAYIR
2026-08-19 19:43:18.227,0.00,0.00,0,0.0,0.0,0.000,0.0,0,HAYIR,HAYIR
2026-08-19 19:43:18.287,0.00,0.00,0,0.0,0.0,0.000,0.0,0,HAYIR,HAYIR
2026-08-19 19:43:18.347,0.00,0.00,0,0.0,0.0,0.000,0.0,0,HAYIR,HAYIR
2026-08-19 19:43:18.407,0.00,0.00,0,0.0,0.0,0.000,0.0,0,HAYIR,HAYIR
2026-08-19 19:43:18.467,0.00,0.00,0,0.0,0.0,0.000,0.0,0,HAYIR,HAYIR
2026-08-19 19:43:18.527,0.00,0.00,0,0.0,0.0,0.000,0.0,0,HAYIR,HAYIR
2026-08-19 19:43:18.587,0.00,0.00,0,0.0,0.0,0.000,0.0,0,HAYIR,HAYIR
2026-08-19 19:43:18.647,0.00,0.00,0,0.0,0.0,0.000,0.0,0,HAYIR,HAYIR
2026-08-19 19:43:18.707,0.00,0.00,0,0.0,0.0,0.000,0.0,0,HAYIR,HAYIR
2026-08-19 19:43:18.767,0.00,0.00,0,0.0,0.0,0.000,0.0,0,HAYIR,HAYIR
2026-08-19 19:43:18.827,0.00,0.00,0,0.0,0.0,0.000,0.0,0,HAYIR,HAYIR
2026-08-19 19:43:18.887,0.00,0.00,0,0.0,0.0,0.000,0.0,0,HAYIR,HAYIR
2026-08-19 19:43:18.947,0.00,0.00,0,0.0,0.0,0.000,0.0,0,HAYIR,HAYIR
2026-08-19 19:43:19.007,0.00,0.00,0,0.0,0.0,0.000,0.0,0,HAYIR,HAYIR
2026-08-19 19:43:19.067,0.00,0.00,0,0.0,0.0,0.000,0.0,0,HAYIR,HAYIR
2026-08-19 19:43:19.127,0.00,0.00,0,0.0,0.0,0.000,0.0,0,HAYIR,HAYIR
2026-08-19 19:43:19.187,0.00,0.00,0,0.0,0.0,0.000,0.0,0,HAYIR,HAYIR
2026-08-19 19:43:19.247,0.00,0.00,0,0.0,0.0,0.000,0.0,0,HAYIR,HAYIR
2026-08-19 19:43:19.307,0.00,0.00,0,0.0,0.0,0.000,0.0,0,HAYIR,HAYIR
2026-08-19 19:43:19.367,0.00,0.00,0,0.0,0.0,0.000,0.0,0,HAYIR,HAYIR
2026-08-19 19:43:19.427,0.00,0.00,0,0.0,0.0,0.000,0.0,0,HAYIR,HAYIR
2026-08-19 19:43:19.487,0.00,0.00,0,0.0,0.0,0.000,0.0,0,HAYIR,HAYIR
2026-08-19 19:43:19.547,0.00,0.00,0,0.0,0.0,0.000,0.0,0,HAYIR,HAYIR
2026-08-19 19:43:19.607,0.00,0.00,0,0.0,0.0,0.000,0.0,0,HAYIR,HAYIR
2026-08-19 19:43:19.667,0.00,0.00,0,0.0,0.0,0.000,0.0,0,HAYIR,HAYIR
2026-08-19 19:43:19.727,0.00,0.00,0,0.0,0.0,0.000,0.0,0,HAYIR,HAYIR
2026-08-19 19:43:19.787,0.00,0.00,0,0.0,0.0,0.000,0.0,0,HAYIR,HAYIR
2026-08-19 19:43:19.847,0.00,0.00,0,0.0,0.0,0.000,0.0,0,HAYIR,HAYIR
2026-08-19 19:43:19.907,0.00,0.00,0,0.0,0.0,0.000,0.0,0,HAYIR,HAYIR
2026-08-19 19:43:19.967,0.00,0.00,0,0.0,0.0,0.000,0.0,0,HAYIR,HAYIR
2026-08-19 19:43:20.027,0.00,0.00,0,0.0,0.0,0.000,0.0,0,HAYIR,HAYIR
2026-08-19 19:43:25.027,0.03,0.00,28,0.0,0.0,-0.050,160.0,1,HAYIR,HAYIR
2026-08-19 19:43:25.087,0.05,0.00,29,0.0,0.1,-0.085,160.0,2,HAYIR,HAYIR
2026-08-19 19:43:25.147,0.08,0.00,29,0.0,0.2,-0.085,160.0,4,HAYIR,HAYIR
2026-08-19 19:43:25.207,0.10,0.00,29,0.0,0.3,-0.085,160.0,6,HAYIR,HAYIR
2026-08-19 19:43:25.267,0.15,0.00,29,0.0,0.3,-0.085,160.0,7,HAYIR,HAYIR
2026-08-19 19:43:25.327,0.17,0.00,29,0.0,0.4,-0.085,160.0,9,HAYIR,HAYIR
2026-08-19 19:43:25.387,0.20,0.00,29,0.0,0.5,-0.085,160.0,11,HAYIR,HAYIR
2026-08-19 19:43:25.447,0.22,0.00,29,0.0,0.6,-0.085,160.0,12,HAYIR,HAYIR
2026-08-19 19:43:25.507,0.25,0.00,30,0.0,0.6,-0.085,148.4,14,HAYIR,HAYIR
2026-08-19 19:43:25.567,0.30,0.00,30,0.0,0.7,-0.085,126.8,16,HAYIR,HAYIR
2026-08-19 19:43:25.627,0.33,0.00,30,0.0,0.8,-0.085,117.8,17,HAYIR,HAYIR
2026-08-19 19:43:25.687,0.35,0.00,30,0.0,0.9,-0.084,109.9,19,HAYIR,HAYIR
2026-08-19 19:43:25.747,0.38,0.00,30,0.0,1.0,-0.084,103.1,21,HAYIR,HAYIR
2026-08-19 19:43:25.807,0.40,0.00,30,0.0,1.0,-0.084,97.0,22,HAYIR,HAYIR
2026-08-19 19:43:25.867,0.45,0.00,31,0.0,1.1,-0.084,86.7,24,HAYIR,HAYIR
2026-08-19 19:43:25.927,0.48,0.00,31,0.0,1.2,-0.085,82.7,26,HAYIR,HAYIR
2026-08-19 19:43:25.987,0.50,0.00,31,0.0,1.3,-0.085,79.2,27,HAYIR,HAYIR
2026-08-19 19:43:26.047,0.53,0.00,31,0.0,1.4,-0.085,75.6,29,HAYIR,HAYIR
2026-08-19 19:43:26.107,0.55,0.00,31,0.0,1.4,-0.085,72.0,31,HAYIR,HAYIR
2026-08-19 19:43:26.167,0.60,0.00,31,0.0,1.5,-0.085,66.4,32,HAYIR,HAYIR
2026-08-19 19:43:26.227,0.63,0.00,32,0.0,1.6,-0.085,63.8,34,HAYIR,HAYIR
2026-08-19 19:43:26.287,0.65,0.00,32,0.0,1.7,-0.085,61.4,36,HAYIR,HAYIR
2026-08-19 19:43:26.347,0.68,0.00,32,0.0,1.7,-0.085,59.2,38,HAYIR,HAYIR
2026-08-19 19:43:26.407,0.70,0.00,32,0.0,1.8,-0.085,57.1,39,HAYIR,HAYIR
2026-08-19 19:43:26.467,0.75,0.00,32,0.0,1.9,-0.084,52.9,41,HAYIR,HAYIR
2026-08-19 19:43:26.527,0.78,0.00,33,0.0,2.0,-0.084,51.3,43,HAYIR,HAYIR
2026-08-19 19:43:26.587,0.79,0.00,33,0.0,2.1,-0.085,50.6,44,HAYIR,HAYIR
2026-08-19 19:43:26.647,0.79,0.00,33,0.0,2.1,-0.085,50.8,46,HAYIR,HAYIR
2026-08-19 19:43:26.707,0.79,0.00,33,0.0,2.2,-0.085,50.9,48,HAYIR,HAYIR
2026-08-19 19:43:26.767,0.79,0.00,33,0.0,2.3,-0.085,50.6,49,HAYIR,HAYIR
2026-08-19 19:43:26.827,0.79,0.00,33,0.0,2.4,-0.085,50.7,51,HAYIR,HAYIR
2026-08-19 19:43:26.887,0.79,0.00,33,0.0,2.4,-0.085,50.7,51,HAYIR,HAYIR
2026-08-19 19:43:26.947,0.79,0.00,33,0.0,2.5,-0.085,50.8,51,HAYIR,HAYIR
2026-08-19 19:43:27.007,0.79,0.00,34,0.0,2.6,-0.085,50.8,51,HAYIR,HAYIR
2026-08-19 19:43:27.067,0.79,0.01,34,0.0,2.7,-0.084,50.4,50,HAYIR,HAYIR
2026-08-19 19:43:27.127,0.79,0.01,34,0.0,2.8,-0.084,50.4,50,HAYIR,HAYIR
2026-08-19 19:43:27.187,0.79,0.01,34,0.0,2.8,-0.084,50.1,50,HAYIR,HAYIR
2026-08-19 19:43:27.247,0.79,0.01,34,0.0,2.9,-0.084,50.2,50,HAYIR,HAYIR
2026-08-19 19:43:27.307,0.79,0.01,34,0.0,3.0,-0.083,49.7,50,HAYIR,HAYIR
2026-08-19 19:43:27.367,0.78,0.01,34,0.0,3.1,-0.081,48.9,49,HAYIR,HAYIR
2026-08-19 19:43:27.427,0.80,0.01,35,0.0,3.1,-0.083,48.9,49,HAYIR,HAYIR
2026-08-19 19:43:27.487,0.80,0.08,35,0.0,3.2,-0.081,48.1,48,HAYIR,HAYIR
2026-08-19 19:43:27.547,0.79,0.08,35,0.0,3.3,-0.081,47.9,48,HAYIR,HAYIR
2026-08-19 19:43:27.607,0.79,0.08,35,0.0,3.4,-0.079,47.1,47,HAYIR,HAYIR
2026-08-19 19:43:27.667,0.79,0.08,35,0.0,3.5,-0.077,46.0,47,HAYIR,HAYIR
2026-08-19 19:43:27.727,0.79,0.08,35,0.0,3.5,-0.077,46.0,46,HAYIR,HAYIR
2026-08-19 19:43:27.787,0.79,0.16,31,0.0,0.0,-0.075,45.0,45,HAYIR,HAYIR
2026-08-19 19:43:27.847,0.78,0.16,32,0.0,0.0,-0.074,44.7,45,HAYIR,HAYIR
2026-08-19 19:43:27.907,0.78,0.16,32,0.0,0.0,-0.072,43.3,43,HAYIR,HAYIR
2026-08-19 19:43:27.967,0.79,0.16,32,0.0,0.0,-0.070,41.9,43,HAYIR,HAYIR
2026-08-19 19:43:28.027,0.79,0.16,32,0.0,0.0,-0.070,41.7,42,HAYIR,HAYIR
2026-08-19 19:43:28.087,0.79,0.25,28,0.0,0.0,-0.067,40.5,41,HAYIR,HAYIR
2026-08-19 19:43:28.147,0.79,0.25,32,0.0,0.0,-0.067,40.1,40,HAYIR,HAYIR
2026-08-19 19:43:28.207,0.78,0.25,32,0.0,0.0,-0.064,38.9,39,HAYIR,HAYIR
2026-08-19 19:43:28.267,0.79,0.25,32,0.0,0.0,0.000,-0.0,38,HAYIR,HAYIR
2026-08-19 19:43:28.327,0.79,0.25,32,0.0,0.0,0.035,-21.1,37,HAYIR,HAYIR
2026-08-19 19:43:28.387,0.78,0.25,32,0.0,0.0,0.039,-23.8,35,HAYIR,HAYIR
2026-08-19 19:43:28.447,0.79,0.35,32,0.0,0.0,0.042,-25.3,33,HAYIR,HAYIR
2026-08-19 19:43:28.507,0.79,0.35,32,0.0,0.0,0.046,-27.5,31,HAYIR,HAYIR
2026-08-19 19:43:28.567,0.78,0.35,32,0.0,0.0,0.052,-31.7,30,HAYIR,HAYIR
2026-08-19 19:43:28.627,0.80,0.35,32,0.0,0.0,0.055,-32.9,28,HAYIR,HAYIR
2026-08-19 19:43:28.687,0.79,0.35,32,0.0,0.0,0.059,-35.2,26,HAYIR,HAYIR
2026-08-19 19:43:28.747,0.79,0.42,32,0.0,0.0,0.061,-36.8,25,HAYIR,HAYIR
2026-08-19 19:43:28.807,0.80,0.42,32,0.0,0.0,0.059,-35.2,23,HAYIR,HAYIR
2026-08-19 19:43:28.867,0.79,0.42,32,0.0,0.0,0.062,-37.3,21,HAYIR,HAYIR
2026-08-19 19:43:28.927,0.79,0.42,32,0.0,0.0,0.063,-38.2,20,HAYIR,HAYIR
2026-08-19 19:43:28.987,0.80,0.42,32,0.0,0.0,0.066,-39.3,18,HAYIR,HAYIR
2026-08-19 19:43:29.047,0.79,0.42,32,0.0,0.0,0.067,-40.2,16,HAYIR,HAYIR
2026-08-19 19:43:29.107,0.79,0.52,28,0.0,0.0,0.068,-40.9,15,HAYIR,HAYIR
2026-08-19 19:43:29.167,0.79,0.52,32,0.0,0.0,0.064,-38.0,13,HAYIR,HAYIR
2026-08-19 19:43:29.227,0.79,0.52,32,0.0,0.0,0.064,-38.3,11,HAYIR,HAYIR
2026-08-19 19:43:29.287,0.79,0.52,32,0.0,0.0,0.064,-38.8,10,HAYIR,HAYIR
2026-08-19 19:43:29.347,0.80,0.52,32,0.0,0.0,0.066,-39.0,8,HAYIR,HAYIR
2026-08-19 19:43:29.407,0.80,0.52,32,0.0,0.0,0.048,-28.7,6,HAYIR,HAYIR
2026-08-19 19:43:29.467,0.79,0.59,31,0.0,0.0,0.038,-22.9,5,HAYIR,HAYIR
2026-08-19 19:43:29.527,0.80,0.59,32,0.0,0.0,0.037,-22.2,3,HAYIR,HAYIR
2026-08-19 19:43:29.587,0.79,0.59,32,0.0,0.0,0.035,-21.1,1,HAYIR,HAYIR
2026-08-19 19:43:29.647,0.79,0.59,32,0.0,0.0,0.034,-20.2,0,HAYIR,HAYIR
2026-08-19 19:43:29.707,0.80,0.59,32,0.0,0.0,0.032,-18.9,-2,HAYIR,HAYIR
2026-08-19 19:43:29.767,0.79,0.66,31,0.0,0.0,0.000,-0.0,0,HAYIR,HAYIR
2026-08-19 19:43:29.827,0.80,0.66,32,0.0,0.0,0.000,-0.0,0,HAYIR,HAYIR
2026-08-19 19:43:29.887,0.79,0.66,32,0.0,0.0,0.000,-0.0,0,HAYIR,HAYIR
2026-08-19 19:43:29.947,0.79,0.66,32,0.0,0.0,0.000,-0.0,0,HAYIR,HAYIR
2026-08-19 19:43:30.007,0.80,0.66,32,0.0,0.0,0.000,-0.0,0,HAYIR,HAYIR
2026-08-19 19:43:30.067,0.79,0.72,29,0.0,0.0,0.000,-0.0,0,HAYIR,HAYIR
2026-08-19 19:43:30.127,0.80,0.72,32,0.0,0.0,0.000,-0.0,0,HAYIR,HAYIR
2026-08-19 19:43:30.187,0.79,0.72,32,0.0,0.0,0.000,-0.0,0,HAYIR,HAYIR
2026-08-19 19:43:30.247,0.79,0.72,32,0.0,0.0,0.000,-0.0,0,HAYIR,HAYIR
2026-08-19 19:43:30.307,0.80,0.72,32,0.0,0.0,0.000,-0.0,0,HAYIR,HAYIR
2026-08-19 19:43:30.367,0.79,0.72,31,0.0,0.0,0.000,-0.0,0,HAYIR,HAYIR
2026-08-19 19:43:30.427,0.80,0.79,32,0.0,0.0,0.000,-0.0,0,HAYIR,HAYIR
2026-08-19 19:43:30.487,0.79,0.79,31,0.0,0.0,0.000,-0.0,0,HAYIR,HAYIR
2026-08-19 19:43:30.547,0.79,0.79,31,0.0,0.0,0.000,-0.0,0,HAYIR,HAYIR
2026-08-19 19:43:30.607,0.80,0.79,31,0.0,0.0,0.000,-0.0,0,HAYIR,HAYIR
2026-08-19 19:43:30.667,0.79,0.79,28,0.0,0.0,0.000,-0.0,0,HAYIR,HAYIR
2026-08-19 19:43:30.727,0.80,0.79,32,0.0,0.0,0.000,-0.0,0,HAYIR,HAYIR
2026-08-19 19:43:30.787,0.79,0.84,28,0.0,0.0,0.000,-0.0,0,HAYIR,HAYIR
2026-08-19 19:43:30.847,0.79,0.84,28,0.0,0.0,0.000,-0.0,0,HAYIR,HAYIR
2026-08-19 19:43:30.907,0.79,0.84,28,0.0,0.0,0.000,-0.0,0,HAYIR,HAYIR
2026-08-19 19:43:30.967,0.80,0.84,28,0.0,0.0,0.000,-0.0,0,HAYIR,HAYIR
2026-08-19 19:43:31.027,0.79,0.84,28,0.0,0.0,0.000,-0.0,0,HAYIR,HAYIR
2026-08-19 19:43:31.087,0.79,0.90,28,0.0,0.0,0.000,-0.0,0,HAYIR,HAYIR
2026-08-19 19:43:31.147,0.80,0.90,28,0.0,0.0,0.000,-0.0,0,HAYIR,HAYIR
2026-08-19 19:43:31.207,0.79,0.90,28,0.0,0.0,0.000,-0.0,0,HAYIR,HAYIR
2026-08-19 19:43:31.267,0.79,0.90,28,0.0,0.0,0.000,-0.0,0,HAYIR,HAYIR
2026-08-19 19:43:31.327,0.79,0.90,28,0.0,0.0,0.000,-0.0,0,HAYIR,HAYIR
2026-08-19 19:43:31.387,0.80,0.90,28,0.0,0.0,0.000,-0.0,0,HAYIR,HAYIR
2026-08-19 19:43:31.447,0.79,0.95,28,0.0,0.0,0.000,-0.0,0,HAYIR,HAYIR
2026-08-19 19:43:31.507,0.79,0.95,28,0.0,0.0,0.000,-0.0,0,HAYIR,HAYIR
2026-08-19 19:43:31.567,0.79,0.95,28,0.0,0.0,0.000,-0.0,0,HAYIR,HAYIR
2026-08-19 19:43:31.627,0.79,0.95,28,0.0,0.0,0.000,-0.0,0,HAYIR,HAYIR
2026-08-19 19:43:31.687,0.79,0.95,28,0.0,0.0,0.000,-0.0,0,HAYIR,HAYIR
2026-08-19 19:43:31.747,0.79,0.96,28,0.0,0.0,0.000,-0.0,0,HAYIR,HAYIR
2026-08-19 19:43:31.807,0.80,0.96,28,0.0,0.0,0.000,-0.0,0,HAYIR,HAYIR
2026-08-19 19:43:31.867,0.79,0.96,28,0.0,0.0,0.000,-0.0,0,HAYIR,HAYIR
2026-08-19 19:43:31.927,0.78,0.96,28,0.0,0.0,0.000,-0.0,0,HAYIR,HAYIR
2026-08-19 19:43:31.987,0.79,0.96,28,0.0,0.0,0.000,-0.0,0,HAYIR,HAYIR
2026-08-19 19:43:32.047,0.79,0.95,28,0.0,0.0,0.000,-0.0,0,HAYIR,HAYIR
2026-08-19 19:43:32.107,0.80,0.95,28,0.0,0.0,0.000,-0.0,0,HAYIR,HAYIR
2026-08-19 19:43:32.167,0.79,0.95,28,0.0,0.0,0.000,-0.0,0,HAYIR,HAYIR
2026-08-19 19:43:32.227,0.78,0.95,28,0.0,0.0,0.000,-0.0,0,HAYIR,HAYIR
2026-08-19 19:43:32.287,0.79,0.95,28,0.0,0.0,0.000,-0.0,0,HAYIR,HAYIR
2026-08-19 19:43:32.347,0.79,0.95,28,0.0,0.0,0.000,-0.0,0,HAYIR,HAYIR
2026-08-19 19:43:32.407,0.80,0.95,28,0.0,0.0,0.000,-0.0,0,HAYIR,HAYIR
2026-08-19 19:43:32.467,0.79,0.95,28,0.0,0.0,0.000,-0.0,0,HAYIR,HAYIR
2026-08-19 19:43:32.527,0.79,0.95,28,0.0,0.0,0.000,-0.0,0,HAYIR,HAYIR
2026-08-19 19:43:32.587,0.79,0.95,28,0.0,0.0,0.000,-0.0,0,HAYIR,HAYIR
2026-08-19 19:43:32.647,0.79,0.95,28,0.0,0.0,0.000,-0.0,0,HAYIR,HAYIR
2026-08-19 19:43:32.707,0.78,0.95,28,0.0,0.0,0.000,-0.0,0,HAYIR,HAYIR
2026-08-19 19:43:32.767,0.78,0.94,28,0.0,0.0,0.000,-0.0,0,HAYIR,HAYIR
2026-08-19 19:43:32.827,0.78,0.94,28,0.0,0.0,0.000,-0.0,0,HAYIR,HAYIR
2026-08-19 19:43:32.887,0.79,0.94,28,0.0,0.0,0.000,-0.0,0,HAYIR,HAYIR
2026-08-19 19:43:32.947,0.79,0.94,28,0.0,0.0,0.000,-0.0,0,HAYIR,HAYIR
2026-08-19 19:43:33.007,0.80,0.94,28,0.0,0.0,0.000,-0.0,0,HAYIR,HAYIR
2026-08-19 19:43:33.067,0.79,0.94,28,0.0,0.0,0.000,-0.0,0,HAYIR,HAYIR
2026-08-19 19:43:33.127,0.79,0.94,28,0.0,0.0,0.000,-0.0,0,HAYIR,HAYIR
2026-08-19 19:43:33.187,0.79,0.94,28,0.0,0.0,0.000,-0.0,0,HAYIR,HAYIR
2026-08-19 19:43:33.247,0.79,0.94,28,0.0,0.0,0.000,-0.0,0,HAYIR,HAYIR
2026-08-19 19:43:33.307,0.79,0.94,28,0.0,0.0,0.000,-0.0,0,HAYIR,HAYIR
2026-08-19 19:43:33.367,0.79,0.94,28,0.0,0.0,0.000,-0.0,0,HAYIR,HAYIR
2026-08-19 19:43:33.427,0.79,0.92,28,0.0,0.0,0.000,-0.0,0,HAYIR,HAYIR
2026-08-19 19:43:33.487,0.78,0.92,28,0.0,0.0,0.000,-0.0,0,HAYIR,HAYIR
2026-08-19 19:43:33.547,0.80,0.92,28,0.0,0.0,0.000,-0.0,0,HAYIR,HAYIR
2026-08-19 19:43:33.607,0.79,0.92,28,0.0,0.0,0.000,-0.0,0,HAYIR,HAYIR
2026-08-19 19:43:33.667,0.80,0.92,28,0.0,0.0,0.000,-0.0,0,HAYIR,HAYIR
2026-08-19 19:43:33.727,0.80,0.88,28,0.0,0.0,0.000,-0.0,0,HAYIR,HAYIR
2026-08-19 19:43:33.787,0.79,0.88,28,0.0,0.0,-0.030,18.2,1,HAYIR,HAYIR
2026-08-19 19:43:33.847,0.79,0.88,28,0.0,0.0,0.000,-0.0,1,HAYIR,HAYIR
2026-08-19 19:43:33.907,0.80,0.88,28,0.0,0.0,0.000,-0.0,0,HAYIR,HAYIR
2026-08-19 19:43:33.967,0.79,0.88,28,0.0,0.0,0.000,-0.0,0,HAYIR,HAYIR
2026-08-19 19:43:34.027,0.79,0.88,28,0.0,0.0,0.000,-0.0,0,HAYIR,HAYIR
2026-08-19 19:43:34.087,0.80,0.88,28,0.0,0.0,0.000,-0.0,0,HAYIR,HAYIR
2026-08-19 19:43:34.147,0.80,0.85,28,0.0,0.0,0.000,-0.0,0,HAYIR,HAYIR
2026-08-19 19:43:34.207,0.79,0.85,28,0.0,0.0,-0.032,19.0,2,HAYIR,HAYIR
2026-08-19 19:43:34.267,0.78,0.85,28,0.0,0.0,-0.032,19.1,3,HAYIR,HAYIR
2026-08-19 19:43:34.327,0.80,0.85,28,0.0,0.0,-0.032,19.2,5,HAYIR,HAYIR
2026-08-19 19:43:34.387,0.79,0.85,28,0.0,0.0,-0.033,19.7,7,HAYIR,HAYIR
2026-08-19 19:43:34.447,0.79,0.84,28,0.0,0.0,-0.033,19.7,8,HAYIR,HAYIR
2026-08-19 19:43:34.507,0.78,0.84,28,0.0,0.0,-0.035,21.1,10,HAYIR,HAYIR
2026-08-19 19:43:34.567,0.79,0.84,28,0.0,0.0,-0.036,21.7,12,HAYIR,HAYIR
2026-08-19 19:43:34.627,0.79,0.84,28,0.0,0.0,-0.036,21.7,13,HAYIR,HAYIR
2026-08-19 19:43:34.687,0.78,0.84,28,0.0,0.0,-0.036,22.0,15,HAYIR,HAYIR
2026-08-19 19:43:34.747,0.78,0.82,28,0.0,0.0,-0.036,21.9,17,HAYIR,HAYIR
2026-08-19 19:43:34.807,0.79,0.82,28,0.0,0.0,-0.037,22.2,18,HAYIR,HAYIR
2026-08-19 19:43:34.867,0.79,0.82,28,0.0,0.0,-0.039,23.5,20,HAYIR,HAYIR
2026-08-19 19:43:34.927,0.78,0.82,28,0.0,0.0,-0.032,19.2,21,HAYIR,HAYIR
2026-08-19 19:43:34.987,0.79,0.82,28,0.0,0.0,-0.032,19.5,19,HAYIR,HAYIR
2026-08-19 19:43:35.047,0.79,0.82,28,0.0,0.0,-0.032,19.4,19,HAYIR,HAYIR
2026-08-19 19:43:35.107,0.79,0.81,28,0.0,0.0,-0.032,19.6,20,HAYIR,HAYIR
2026-08-19 19:43:35.167,0.79,0.81,28,0.0,0.0,-0.033,20.0,20,HAYIR,HAYIR
2026-08-19 19:43:35.227,0.79,0.81,28,0.0,0.0,-0.033,20.0,20,HAYIR,HAYIR
2026-08-19 19:43:35.287,0.79,0.81,28,0.0,0.0,-0.033,20.2,20,HAYIR,HAYIR
2026-08-19 19:43:35.347,0.79,0.81,28,0.0,0.0,-0.033,20.1,20,HAYIR,HAYIR
2026-08-19 19:43:35.407,0.79,0.79,31,0.0,0.0,-0.034,20.2,20,HAYIR,HAYIR
2026-08-19 19:43:35.467,0.79,0.79,28,0.0,0.0,-0.033,20.1,20,HAYIR,HAYIR
2026-08-19 19:43:35.527,0.79,0.79,28,0.0,0.0,-0.033,19.9,20,HAYIR,HAYIR
2026-08-19 19:43:35.587,0.80,0.79,31,0.0,0.0,-0.034,20.0,20,HAYIR,HAYIR
2026-08-19 19:43:35.647,0.79,0.79,31,0.0,0.0,-0.033,19.8,20,HAYIR,HAYIR
2026-08-19 19:43:35.707,0.79,0.79,28,0.0,0.0,-0.033,19.8,20,HAYIR,HAYIR
2026-08-19 19:43:35.767,0.80,0.76,32,0.0,0.0,-0.033,19.5,20,HAYIR,HAYIR
2026-08-19 19:43:35.827,0.79,0.76,31,0.0,0.0,-0.032,19.4,19,HAYIR,HAYIR
2026-08-19 19:43:35.887,0.79,0.76,31,0.0,0.0,-0.032,19.4,19,HAYIR,HAYIR
2026-08-19 19:43:35.947,0.79,0.76,31,0.0,0.0,-0.032,19.2,19,HAYIR,HAYIR
2026-08-19 19:43:36.007,0.78,0.76,31,0.0,0.0,-0.032,19.1,19,HAYIR,HAYIR
2026-08-19 19:43:36.067,0.79,0.76,31,0.0,0.0,0.000,-0.0,17,HAYIR,HAYIR
2026-08-19 19:43:36.127,0.79,0.73,31,0.0,0.0,0.000,-0.0,16,HAYIR,HAYIR
2026-08-19 19:43:36.187,0.79,0.73,31,0.0,0.0,0.000,-0.0,14,HAYIR,HAYIR
2026-08-19 19:43:36.247,0.78,0.73,31,0.0,0.0,0.000,-0.0,12,HAYIR,HAYIR
2026-08-19 19:43:36.307,0.79,0.73,31,0.0,0.0,0.000,-0.0,11,HAYIR,HAYIR
2026-08-19 19:43:36.367,0.79,0.73,31,0.0,0.0,0.000,-0.0,9,HAYIR,HAYIR
2026-08-19 19:43:36.427,0.79,0.74,31,0.0,0.0,0.000,-0.0,7,HAYIR,HAYIR
2026-08-19 19:43:36.487,0.79,0.74,31,0.0,0.0,0.000,-0.0,6,HAYIR,HAYIR
2026-08-19 19:43:36.547,0.79,0.74,31,0.0,0.0,0.000,-0.0,4,HAYIR,HAYIR
2026-08-19 19:43:36.607,0.79,0.74,31,0.0,0.0,0.000,-0.0,2,HAYIR,HAYIR
2026-08-19 19:43:36.667,0.79,0.74,31,0.0,0.0,0.000,-0.0,1,HAYIR,HAYIR
2026-08-19 19:43:36.727,0.79,0.77,30,0.0,0.0,0.000,-0.0,0,HAYIR,HAYIR
2026-08-19 19:43:36.787,0.79,0.77,31,0.0,0.0,0.000,-0.0,0,HAYIR,HAYIR
2026-08-19 19:43:36.847,0.79,0.77,31,0.0,0.0,0.000,-0.0,0,HAYIR,HAYIR
2026-08-19 19:43:36.907,0.80,0.77,31,0.0,0.0,0.000,-0.0,0,HAYIR,HAYIR
2026-08-19 19:43:36.967,0.79,0.77,31,0.0,0.0,0.000,-0.0,0,HAYIR,HAYIR
2026-08-19 19:43:37.027,0.78,0.77,31,0.0,0.0,0.000,-0.0,0,HAYIR,HAYIR
2026-08-19 19:43:37.087,0.79,0.78,31,0.0,0.0,0.000,-0.0,0,HAYIR,HAYIR
2026-08-19 19:43:37.147,0.79,0.78,31,0.0,0.0,0.000,-0.0,0,HAYIR,HAYIR
2026-08-19 19:43:37.207,0.79,0.78,31,0.0,0.0,0.000,-0.0,0,HAYIR,HAYIR
2026-08-19 19:43:37.267,0.79,0.78,31,0.0,0.0,0.000,-0.0,0,HAYIR,HAYIR
2026-08-19 19:43:37.327,0.79,0.78,31,0.0,0.0,0.000,-0.0,0,HAYIR,HAYIR
2026-08-19 19:43:37.387,0.79,0.78,31,0.0,0.0,0.000,-0.0,0,HAYIR,HAYIR
2026-08-19 19:43:37.447,0.80,0.81,28,0.0,0.0,0.000,-0.0,0,HAYIR,HAYIR
2026-08-19 19:43:37.507,0.79,0.81,28,0.0,0.0,0.000,-0.0,0,HAYIR,HAYIR
2026-08-19 19:43:37.567,0.80,0.81,28,0.0,0.0,0.000,-0.0,0,HAYIR,HAYIR
2026-08-19 19:43:37.627,0.79,0.81,28,0.0,0.0,0.000,-0.0,0,HAYIR,HAYIR
2026-08-19 19:43:37.687,0.79,0.81,28,0.0,0.0,0.000,-0.0,0,HAYIR,HAYIR
2026-08-19 19:43:37.747,0.79,0.81,28,0.0,0.0,0.000,-0.0,0,HAYIR,HAYIR
2026-08-19 19:43:37.807,0.79,0.84,28,0.0,0.0,0.000,-0.0,0,HAYIR,HAYIR
2026-08-19 19:43:37.867,0.79,0.84,28,0.0,0.0,0.000,-0.0,0,HAYIR,HAYIR
2026-08-19 19:43:37.927,0.80,0.84,28,0.0,0.0,0.000,-0.0,0,HAYIR,HAYIR
2026-08-19 19:43:37.987,0.79,0.84,28,0.0,0.0,0.000,-0.0,0,HAYIR,HAYIR
2026-08-19 19:43:38.047,0.79,0.84,28,0.0,0.0,0.000,-0.0,0,HAYIR,HAYIR
2026-08-19 19:43:38.107,0.80,0.87,28,0.0,0.0,0.000,-0.0,0,HAYIR,HAYIR
2026-08-19 19:43:38.167,0.79,0.87,28,0.0,0.0,0.000,-0.0,0,HAYIR,HAYIR
2026-08-19 19:43:38.227,0.78,0.87,28,0.0,0.0,0.000,-0.0,0,HAYIR,HAYIR
2026-08-19 19:43:38.287,0.79,0.87,28,0.0,0.0,0.000,-0.0,0,HAYIR,HAYIR
2026-08-19 19:43:38.347,0.79,0.87,28,0.0,0.0,0.000,-0.0,0,HAYIR,HAYIR
2026-08-19 19:43:38.407,0.80,0.89,28,0.0,0.0,0.000,-0.0,0,HAYIR,HAYIR
2026-08-19 19:43:38.467,0.79,0.89,28,0.0,0.0,0.000,-0.0,0,HAYIR,HAYIR
2026-08-19 19:43:38.527,0.78,0.89,28,0.0,0.0,0.000,-0.0,0,HAYIR,HAYIR
2026-08-19 19:43:38.587,0.79,0.89,28,0.0,0.0,0.000,-0.0,0,HAYIR,HAYIR
2026-08-19 19:43:38.647,0.79,0.89,28,0.0,0.0,0.000,-0.0,0,HAYIR,HAYIR
2026-08-19 19:43:38.707,0.80,0.89,28,0.0,0.0,0.000,-0.0,0,HAYIR,HAYIR
2026-08-19 19:43:38.767,0.79,0.91,28,0.0,0.0,0.000,-0.0,0,HAYIR,HAYIR
2026-08-19 19:43:38.827,0.78,0.91,28,0.0,0.0,0.000,-0.0,0,HAYIR,HAYIR
2026-08-19 19:43:38.887,0.79,0.91,28,0.0,0.0,0.000,-0.0,0,HAYIR,HAYIR
2026-08-19 19:43:38.947,0.79,0.91,28,0.0,0.0,0.000,-0.0,0,HAYIR,HAYIR
2026-08-19 19:43:39.007,0.80,0.91,28,0.0,0.0,0.000,-0.0,0,HAYIR,HAYIR
2026-08-19 19:43:39.067,0.79,0.91,28,0.0,0.0,0.000,-0.0,0,HAYIR,HAYIR
2026-08-19 19:43:39.127,0.80,0.92,28,0.0,0.0,0.000,-0.0,0,HAYIR,HAYIR
2026-08-19 19:43:39.187,0.79,0.92,28,0.0,0.0,0.000,-0.0,0,HAYIR,HAYIR
2026-08-19 19:43:39.247,0.79,0.92,28,0.0,0.0,0.000,-0.0,0,HAYIR,HAYIR
2026-08-19 19:43:39.307,0.80,0.92,28,0.0,0.0,0.000,-0.0,0,HAYIR,HAYIR
2026-08-19 19:43:39.367,0.79,0.92,28,0.0,0.0,0.000,-0.0,0,HAYIR,HAYIR
2026-08-19 19:43:39.427,0.80,0.91,28,0.0,0.0,0.000,-0.0,0,HAYIR,HAYIR
2026-08-19 19:43:39.487,0.79,0.91,28,0.0,0.0,0.000,-0.0,0,HAYIR,HAYIR
2026-08-19 19:43:39.547,0.79,0.91,28,0.0,0.0,0.000,-0.0,0,HAYIR,HAYIR
2026-08-19 19:43:39.607,0.80,0.91,28,0.0,0.0,0.000,-0.0,0,HAYIR,HAYIR
2026-08-19 19:43:39.667,0.79,0.91,28,0.0,0.0,0.000,-0.0,0,HAYIR,HAYIR
2026-08-19 19:43:39.727,0.78,0.91,28,0.0,0.0,0.000,-0.0,0,HAYIR,HAYIR
2026-08-19 19:43:39.787,0.79,0.91,28,0.0,0.0,0.000,-0.0,0,HAYIR,HAYIR
2026-08-19 19:43:39.847,0.79,0.91,28,0.0,0.0,0.000,-0.0,0,HAYIR,HAYIR
2026-08-19 19:43:39.907,0.80,0.91,28,0.0,0.0,0.000,-0.0,0,HAYIR,HAYIR
2026-08-19 19:43:39.967,0.79,0.91,28,0.0,0.0,0.000,-0.0,0,HAYIR,HAYIR
2026-08-19 19:43:40.027,0.79,0.91,28,0.0,0.0,0.000,-0.0,0,HAYIR,HAYIR
2026-08-19 19:43:40.087,0.78,0.89,28,0.0,0.0,0.000,-0.0,0,HAYIR,HAYIR
2026-08-19 19:43:40.147,0.78,0.89,28,0.0,0.0,0.000,-0.0,0,HAYIR,HAYIR
2026-08-19 19:43:40.207,0.77,0.89,28,0.0,0.0,0.000,-0.0,0,HAYIR,HAYIR
2026-08-19 19:43:40.267,0.76,0.89,28,0.0,0.0,0.000,-0.0,0,HAYIR,HAYIR
2026-08-19 19:43:40.327,0.76,0.89,28,0.0,0.0,0.000,-0.0,0,HAYIR,HAYIR
2026-08-19 19:43:40.387,0.76,0.88,28,0.0,0.0,0.000,-0.0,0,HAYIR,HAYIR
2026-08-19 19:43:40.447,0.75,0.88,28,0.0,0.0,0.000,-0.0,0,HAYIR,HAYIR
2026-08-19 19:43:40.507,0.74,0.88,28,0.0,0.0,0.000,-0.0,0,HAYIR,HAYIR
2026-08-19 19:43:40.567,0.74,0.88,28,0.0,0.0,0.000,-0.0,0,HAYIR,HAYIR
2026-08-19 19:43:40.627,0.74,0.88,28,0.0,0.0,0.000,-0.0,0,HAYIR,HAYIR
2026-08-19 19:43:40.687,0.73,0.88,28,0.0,0.0,0.000,-0.0,0,HAYIR,HAYIR
2026-08-19 19:43:40.747,0.73,0.88,28,0.0,0.0,0.000,-0.0,0,HAYIR,HAYIR
2026-08-19 19:43:40.807,0.72,0.87,28,0.0,0.0,0.000,-0.0,0,HAYIR,HAYIR
2026-08-19 19:43:40.867,0.71,0.87,28,0.0,0.0,0.000,-0.0,0,HAYIR,HAYIR
2026-08-19 19:43:40.927,0.71,0.87,28,0.0,0.0,0.000,-0.0,0,HAYIR,HAYIR
2026-08-19 19:43:40.987,0.71,0.87,28,0.0,0.0,0.000,-0.0,0,HAYIR,HAYIR
2026-08-19 19:43:41.047,0.70,0.87,28,0.0,0.0,-0.030,20.3,1,HAYIR,HAYIR
2026-08-19 19:43:41.107,0.70,0.86,28,0.0,0.0,-0.030,20.6,3,HAYIR,HAYIR
2026-08-19 19:43:41.167,0.69,0.86,28,0.0,0.0,-0.031,21.4,4,HAYIR,HAYIR
2026-08-19 19:43:41.227,0.69,0.86,28,0.0,0.0,-0.031,21.6,6,HAYIR,HAYIR
2026-08-19 19:43:41.287,0.68,0.86,28,0.0,0.0,-0.031,21.9,8,HAYIR,HAYIR
2026-08-19 19:43:41.347,0.68,0.86,28,0.0,0.0,-0.032,22.1,10,HAYIR,HAYIR
2026-08-19 19:43:41.407,0.68,0.84,28,0.0,0.0,-0.032,22.4,11,HAYIR,HAYIR
2026-08-19 19:43:41.467,0.67,0.84,28,0.0,0.0,-0.033,23.6,13,HAYIR,HAYIR
2026-08-19 19:43:41.527,0.67,0.84,28,0.0,0.0,-0.033,23.3,15,HAYIR,HAYIR
2026-08-19 19:43:41.587,0.66,0.84,28,0.0,0.0,-0.033,23.7,16,HAYIR,HAYIR
2026-08-19 19:43:41.647,0.66,0.84,28,0.0,0.0,-0.033,24.0,18,HAYIR,HAYIR
2026-08-19 19:43:41.707,0.65,0.84,28,0.0,0.0,-0.033,24.3,20,HAYIR,HAYIR
2026-08-19 19:43:41.767,0.65,0.83,28,0.0,0.0,-0.033,24.6,21,HAYIR,HAYIR
2026-08-19 19:43:41.827,0.64,0.83,28,0.0,0.0,-0.034,25.1,23,HAYIR,HAYIR
2026-08-19 19:43:41.887,0.64,0.83,28,0.0,0.0,-0.034,25.6,25,HAYIR,HAYIR
2026-08-19 19:43:41.947,0.64,0.83,28,0.0,0.0,-0.035,25.8,26,HAYIR,HAYIR
2026-08-19 19:43:42.007,0.63,0.83,28,0.0,0.0,-0.035,25.9,26,HAYIR,HAYIR
2026-08-19 19:43:42.067,0.62,0.82,28,0.0,0.0,-0.034,26.0,26,HAYIR,HAYIR
2026-08-19 19:43:42.127,0.62,0.82,28,0.0,0.0,-0.034,26.2,26,HAYIR,HAYIR
2026-08-19 19:43:42.187,0.62,0.82,28,0.0,0.0,-0.034,26.4,26,HAYIR,HAYIR
2026-08-19 19:43:42.247,0.61,0.82,28,0.0,0.0,-0.034,26.3,26,HAYIR,HAYIR
2026-08-19 19:43:42.307,0.61,0.82,28,0.0,0.0,-0.034,26.3,26,HAYIR,HAYIR
2026-08-19 19:43:42.367,0.60,0.82,28,0.0,0.0,-0.033,26.0,26,HAYIR,HAYIR
2026-08-19 19:43:42.427,0.60,0.82,28,0.0,0.0,-0.032,25.6,26,HAYIR,HAYIR
2026-08-19 19:43:42.487,0.59,0.79,28,0.0,0.0,-0.032,25.4,25,HAYIR,HAYIR
2026-08-19 19:43:42.547,0.59,0.79,28,0.0,0.0,-0.032,25.7,26,HAYIR,HAYIR
2026-08-19 19:43:42.607,0.59,0.79,28,0.0,0.0,-0.032,25.5,25,HAYIR,HAYIR
2026-08-19 19:43:42.667,0.58,0.79,28,0.0,0.0,-0.030,24.9,25,HAYIR,HAYIR
2026-08-19 19:43:42.727,0.58,0.79,28,0.0,0.0,0.000,-0.0,24,HAYIR,HAYIR
2026-08-19 19:43:42.787,0.57,0.77,28,0.0,0.0,0.000,-0.0,23,HAYIR,HAYIR
2026-08-19 19:43:42.847,0.57,0.77,28,0.0,0.0,-0.030,25.1,23,HAYIR,HAYIR
2026-08-19 19:43:42.907,0.57,0.77,28,0.0,0.0,0.000,-0.0,22,HAYIR,HAYIR
2026-08-19 19:43:42.967,0.56,0.77,28,0.0,0.0,0.000,-0.0,20,HAYIR,HAYIR
2026-08-19 19:43:43.027,0.56,0.77,28,0.0,0.0,0.000,-0.0,18,HAYIR,HAYIR
2026-08-19 19:43:43.087,0.55,0.76,28,0.0,0.0,0.000,-0.0,16,HAYIR,HAYIR
2026-08-19 19:43:43.147,0.55,0.76,28,0.0,0.0,0.000,-0.0,15,HAYIR,HAYIR
2026-08-19 19:43:43.207,0.55,0.76,28,0.0,0.0,0.000,-0.0,13,HAYIR,HAYIR
2026-08-19 19:43:43.267,0.54,0.76,28,0.0,0.0,0.000,-0.0,11,HAYIR,HAYIR
2026-08-19 19:43:43.327,0.54,0.76,28,0.0,0.0,0.000,-0.0,10,HAYIR,HAYIR
2026-08-19 19:43:43.387,0.53,0.76,28,0.0,0.0,0.000,-0.0,8,HAYIR,HAYIR
2026-08-19 19:43:43.447,0.53,0.74,28,0.0,0.0,0.000,-0.0,6,HAYIR,HAYIR
2026-08-19 19:43:43.507,0.53,0.74,28,0.0,0.0,0.000,-0.0,5,HAYIR,HAYIR
2026-08-19 19:43:43.567,0.52,0.74,28,0.0,0.0,0.000,-0.0,3,HAYIR,HAYIR
2026-08-19 19:43:43.627,0.52,0.74,28,0.0,0.0,0.000,-0.0,1,HAYIR,HAYIR
2026-08-19 19:43:43.687,0.51,0.74,28,0.0,0.0,0.000,-0.0,0,HAYIR,HAYIR
2026-08-19 19:43:43.747,0.51,0.73,28,0.0,0.0,0.000,-0.0,0,HAYIR,HAYIR
2026-08-19 19:43:43.807,0.51,0.73,28,0.0,0.0,0.000,-0.0,0,HAYIR,HAYIR
2026-08-19 19:43:43.867,0.50,0.73,28,0.0,0.0,0.000,-0.0,0,HAYIR,HAYIR
2026-08-19 19:43:43.927,0.50,0.73,28,0.0,0.0,0.000,-0.0,0,HAYIR,HAYIR
2026-08-19 19:43:43.987,0.49,0.73,28,0.0,0.0,0.000,-0.0,0,HAYIR,HAYIR
2026-08-19 19:43:44.047,0.49,0.73,28,0.0,0.0,0.000,-0.0,0,HAYIR,HAYIR
2026-08-19 19:43:44.107,0.49,0.72,28,0.0,0.0,0.000,-0.0,0,HAYIR,HAYIR
2026-08-19 19:43:44.167,0.48,0.72,28,0.0,0.0,0.000,-0.0,0,HAYIR,HAYIR
2026-08-19 19:43:44.227,0.48,0.72,28,0.0,0.0,0.000,-0.0,0,HAYIR,HAYIR
2026-08-19 19:43:44.287,0.47,0.72,28,0.0,0.0,0.000,-0.0,0,HAYIR,HAYIR
2026-08-19 19:43:44.347,0.47,0.72,28,0.0,0.0,0.000,-0.0,0,HAYIR,HAYIR
2026-08-19 19:43:44.407,0.47,0.72,28,0.0,0.0,0.000,-0.0,0,HAYIR,HAYIR
2026-08-19 19:43:44.467,0.46,0.71,28,0.0,0.0,0.000,-0.0,0,HAYIR,HAYIR
2026-08-19 19:43:44.527,0.46,0.71,28,0.0,0.0,0.000,-0.0,0,HAYIR,HAYIR
2026-08-19 19:43:44.587,0.45,0.71,28,0.0,0.0,0.000,-0.0,0,HAYIR,HAYIR
2026-08-19 19:43:44.647,0.45,0.71,28,0.0,0.0,0.000,-0.0,0,HAYIR,HAYIR
2026-08-19 19:43:44.707,0.45,0.71,28,0.0,0.0,0.000,-0.0,0,HAYIR,HAYIR
2026-08-19 19:43:44.767,0.44,0.70,28,0.0,0.0,0.000,-0.0,0,HAYIR,HAYIR
2026-08-19 19:43:44.827,0.44,0.70,28,0.0,0.0,0.000,-0.0,0,HAYIR,HAYIR
2026-08-19 19:43:44.887,0.43,0.70,28,0.0,0.0,0.000,-0.0,0,HAYIR,HAYIR
2026-08-19 19:43:44.947,0.43,0.70,28,0.0,0.0,0.000,-0.0,0,HAYIR,HAYIR
2026-08-19 19:43:45.007,0.43,0.70,28,0.0,0.0,0.000,-0.0,0,HAYIR,HAYIR
2026-08-19 19:43:45.067,0.42,0.67,28,0.0,0.0,0.000,-0.0,0,HAYIR,HAYIR
2026-08-19 19:43:45.127,0.42,0.67,28,0.0,0.0,0.000,-0.0,0,HAYIR,HAYIR
2026-08-19 19:43:45.187,0.42,0.67,28,0.0,0.0,0.000,-0.0,0,HAYIR,HAYIR
2026-08-19 19:43:45.247,0.41,0.67,28,0.0,0.0,0.000,-0.0,0,HAYIR,HAYIR
2026-08-19 19:43:45.307,0.41,0.67,28,0.0,0.0,0.000,-0.0,0,HAYIR,HAYIR
2026-08-19 19:43:45.367,0.40,0.67,28,0.0,0.0,0.000,-0.0,0,HAYIR,HAYIR
2026-08-19 19:43:45.427,0.40,0.66,28,0.0,0.0,0.000,-0.0,0,HAYIR,HAYIR
2026-08-19 19:43:45.487,0.40,0.66,28,0.0,0.0,0.000,-0.0,0,HAYIR,HAYIR
2026-08-19 19:43:45.547,0.40,0.66,28,0.0,0.0,0.000,-0.0,0,HAYIR,HAYIR
2026-08-19 19:43:45.607,0.39,0.66,28,0.0,0.0,0.000,-0.0,0,HAYIR,HAYIR
2026-08-19 19:43:45.667,0.39,0.66,28,0.0,0.0,0.000,-0.0,0,HAYIR,HAYIR
2026-08-19 19:43:45.727,0.38,0.66,28,0.0,0.0,0.000,-0.0,0,HAYIR,HAYIR
2026-08-19 19:43:45.787,0.38,0.66,28,0.0,0.0,0.000,-0.0,0,HAYIR,HAYIR
2026-08-19 19:43:45.847,0.38,0.66,28,0.0,0.0,0.000,-0.0,0,HAYIR,HAYIR
2026-08-19 19:43:45.907,0.38,0.66,28,0.0,0.0,0.000,-0.0,0,HAYIR,HAYIR
2026-08-19 19:43:45.967,0.37,0.66,28,0.0,0.0,0.000,-0.0,0,HAYIR,HAYIR
2026-08-19 19:43:46.027,0.37,0.66,28,0.0,0.0,0.000,-0.0,0,HAYIR,HAYIR
2026-08-19 19:43:46.087,0.36,0.64,28,0.0,0.0,0.000,-0.0,0,HAYIR,HAYIR
2026-08-19 19:43:46.147,0.36,0.64,28,0.0,0.0,0.000,-0.0,0,HAYIR,HAYIR
2026-08-19 19:43:46.207,0.36,0.64,28,0.0,0.0,0.000,-0.0,0,HAYIR,HAYIR
2026-08-19 19:43:46.267,0.35,0.64,28,0.0,0.0,0.000,-0.0,0,HAYIR,HAYIR
2026-08-19 19:43:46.327,0.35,0.64,28,0.0,0.0,0.000,-0.0,0,HAYIR,HAYIR
2026-08-19 19:43:46.387,0.35,0.64,28,0.0,0.0,0.000,-0.0,0,HAYIR,HAYIR
2026-08-19 19:43:46.447,0.35,0.62,28,0.0,0.0,0.000,-0.0,0,HAYIR,HAYIR
2026-08-19 19:43:46.507,0.34,0.62,28,0.0,0.0,0.000,-0.0,0,HAYIR,HAYIR
2026-08-19 19:43:46.567,0.34,0.62,28,0.0,0.0,0.000,-0.0,0,HAYIR,HAYIR
2026-08-19 19:43:46.627,0.33,0.62,28,0.0,0.0,0.000,-0.0,0,HAYIR,HAYIR
2026-08-19 19:43:46.687,0.33,0.62,28,0.0,0.0,0.000,-0.0,0,HAYIR,HAYIR
2026-08-19 19:43:46.747,0.33,0.61,28,0.0,0.0,0.000,-0.0,0,HAYIR,HAYIR
2026-08-19 19:43:46.807,0.33,0.61,28,0.0,0.0,0.000,-0.0,0,HAYIR,HAYIR
2026-08-19 19:43:46.867,0.32,0.61,28,0.0,0.0,0.000,-0.0,0,HAYIR,HAYIR
2026-08-19 19:43:46.927,0.32,0.61,28,0.0,0.0,0.000,-0.0,0,HAYIR,HAYIR
2026-08-19 19:43:46.987,0.31,0.61,28,0.0,0.0,0.000,-0.0,0,HAYIR,HAYIR
2026-08-19 19:43:47.047,0.31,0.61,28,0.0,0.0,0.000,-0.0,0,HAYIR,HAYIR
2026-08-19 19:43:47.107,0.31,0.61,28,0.0,0.0,0.000,-0.0,0,HAYIR,HAYIR
2026-08-19 19:43:47.167,0.30,0.61,28,0.0,0.0,0.000,-0.0,0,HAYIR,HAYIR
2026-08-19 19:43:47.227,0.30,0.61,28,0.0,0.0,0.000,-0.0,0,HAYIR,HAYIR
2026-08-19 19:43:47.287,0.30,0.61,28,0.0,0.0,0.000,-0.0,0,HAYIR,HAYIR
2026-08-19 19:43:47.347,0.30,0.61,28,0.0,0.0,0.000,-0.0,0,HAYIR,HAYIR
2026-08-19 19:43:47.407,0.29,0.60,28,0.0,0.0,0.000,-0.0,0,HAYIR,HAYIR
2026-08-19 19:43:47.467,0.29,0.60,28,0.0,0.0,0.000,-0.0,0,HAYIR,HAYIR
2026-08-19 19:43:47.527,0.29,0.60,28,0.0,0.0,0.000,-0.0,0,HAYIR,HAYIR
2026-08-19 19:43:47.587,0.28,0.60,28,0.0,0.0,0.000,-0.0,0,HAYIR,HAYIR
2026-08-19 19:43:47.647,0.28,0.60,28,0.0,0.0,0.000,-0.0,0,HAYIR,HAYIR
2026-08-19 19:43:47.707,0.28,0.60,28,0.0,0.0,0.000,-0.0,0,HAYIR,HAYIR
2026-08-19 19:43:47.767,0.27,0.58,28,0.0,0.0,0.000,-0.0,0,HAYIR,HAYIR
2026-08-19 19:43:47.827,0.27,0.58,28,0.0,0.0,0.000,-0.0,0,HAYIR,HAYIR
2026-08-19 19:43:47.887,0.27,0.58,28,0.0,0.0,0.000,-0.0,0,HAYIR,HAYIR
2026-08-19 19:43:47.947,0.26,0.58,28,0.0,0.0,0.000,-0.0,0,HAYIR,HAYIR
2026-08-19 19:43:48.007,0.26,0.58,28,0.0,0.0,0.000,-0.0,0,HAYIR,HAYIR
2026-08-19 19:43:48.067,0.26,0.58,28,0.0,0.0,0.000,-0.0,0,HAYIR,HAYIR
2026-08-19 19:43:48.127,0.25,0.56,28,0.0,0.0,0.000,-0.0,0,HAYIR,HAYIR
2026-08-19 19:43:48.187,0.25,0.56,28,0.0,0.0,0.000,-0.0,0,HAYIR,HAYIR
2026-08-19 19:43:48.247,0.25,0.56,28,0.0,0.0,0.000,-0.0,0,HAYIR,HAYIR
2026-08-19 19:43:48.307,0.25,0.56,28,0.0,0.0,0.000,-0.0,0,HAYIR,HAYIR
2026-08-19 19:43:48.367,0.24,0.56,28,0.0,0.0,0.000,-0.0,0,HAYIR,HAYIR
2026-08-19 19:43:48.427,0.24,0.54,28,0.0,0.0,0.000,-0.0,0,HAYIR,HAYIR
2026-08-19 19:43:48.487,0.24,0.54,28,0.0,0.0,0.000,-0.0,0,HAYIR,HAYIR
2026-08-19 19:43:48.547,0.23,0.54,28,0.0,0.0,0.000,-0.0,0,HAYIR,HAYIR
2026-08-19 19:43:48.607,0.23,0.54,28,0.0,0.0,0.000,-0.0,0,HAYIR,HAYIR
2026-08-19 19:43:48.667,0.23,0.54,28,0.0,0.0,0.000,-0.0,0,HAYIR,HAYIR
2026-08-19 19:43:48.727,0.22,0.55,28,0.0,0.0,0.000,-0.0,0,HAYIR,HAYIR
2026-08-19 19:43:48.787,0.22,0.55,28,0.0,0.0,0.000,-0.0,0,HAYIR,HAYIR
2026-08-19 19:43:48.847,0.22,0.55,28,0.0,0.0,0.000,-0.0,0,HAYIR,HAYIR
2026-08-19 19:43:48.907,0.22,0.55,28,0.0,0.0,0.000,-0.0,0,HAYIR,HAYIR
2026-08-19 19:43:48.967,0.21,0.55,28,0.0,0.0,0.000,-0.0,0,HAYIR,HAYIR
2026-08-19 19:43:49.027,0.21,0.55,28,0.0,0.0,0.000,-0.0,0,HAYIR,HAYIR
2026-08-19 19:43:49.087,0.21,0.54,28,0.0,0.0,0.000,-0.0,0,HAYIR,HAYIR
2026-08-19 19:43:49.147,0.20,0.54,28,0.0,0.0,0.000,-0.0,0,HAYIR,HAYIR
2026-08-19 19:43:49.207,0.20,0.54,28,0.0,0.0,0.000,-0.0,0,HAYIR,HAYIR
2026-08-19 19:43:49.267,0.20,0.54,28,0.0,0.0,0.000,-0.0,0,HAYIR,HAYIR
2026-08-19 19:43:49.327,0.19,0.54,28,0.0,0.0,0.000,-0.0,0,HAYIR,HAYIR
2026-08-19 19:43:49.387,0.19,0.54,28,0.0,0.0,0.000,-0.0,0,HAYIR,HAYIR
2026-08-19 19:43:49.447,0.19,0.54,28,0.0,0.0,0.000,-0.0,0,HAYIR,HAYIR
2026-08-19 19:43:49.507,0.19,0.54,28,0.0,0.0,0.000,-0.0,0,HAYIR,HAYIR
2026-08-19 19:43:49.567,0.18,0.54,28,0.0,0.0,0.000,-0.0,0,HAYIR,HAYIR
2026-08-19 19:43:49.627,0.18,0.54,28,0.0,0.0,0.000,-0.0,0,HAYIR,HAYIR
2026-08-19 19:43:49.687,0.18,0.54,28,0.0,0.0,0.000,-0.0,0,HAYIR,HAYIR
2026-08-19 19:43:49.747,0.17,0.52,28,0.0,0.0,0.000,-0.0,0,HAYIR,HAYIR
2026-08-19 19:43:49.807,0.17,0.52,28,0.0,0.0,0.000,-0.0,0,HAYIR,HAYIR
2026-08-19 19:43:49.867,0.17,0.52,28,0.0,0.0,0.000,-0.0,0,HAYIR,HAYIR
2026-08-19 19:43:49.927,0.17,0.52,28,0.0,0.0,0.000,-0.0,0,HAYIR,HAYIR
2026-08-19 19:43:49.987,0.16,0.52,28,0.0,0.0,0.000,-0.0,0,HAYIR,HAYIR
2026-08-19 19:43:50.047,0.16,0.52,28,0.0,0.0,0.000,-0.0,0,HAYIR,HAYIR
2026-08-19 19:43:50.107,0.16,0.53,28,0.0,0.0,0.000,-0.0,0,HAYIR,HAYIR
2026-08-19 19:43:50.167,0.15,0.53,28,0.0,0.0,0.000,-0.0,0,HAYIR,HAYIR
2026-08-19 19:43:50.227,0.15,0.53,28,0.0,0.0,0.000,-0.0,0,HAYIR,HAYIR
2026-08-19 19:43:50.287,0.15,0.53,28,0.0,0.0,0.000,-0.0,0,HAYIR,HAYIR
2026-08-19 19:43:50.347,0.15,0.53,28,0.0,0.0,0.000,-0.0,0,HAYIR,HAYIR
2026-08-19 19:43:50.407,0.14,0.52,28,0.0,0.0,0.000,-0.0,0,HAYIR,HAYIR
2026-08-19 19:43:50.467,0.14,0.52,28,0.0,0.0,0.000,-0.0,0,HAYIR,HAYIR
2026-08-19 19:43:50.527,0.14,0.52,28,0.0,0.0,0.000,-0.0,0,HAYIR,HAYIR
2026-08-19 19:43:50.587,0.13,0.52,28,0.0,0.0,0.000,-0.0,0,HAYIR,HAYIR
2026-08-19 19:43:50.647,0.13,0.52,28,0.0,0.0,0.000,-0.0,0,HAYIR,HAYIR
2026-08-19 19:43:50.707,0.13,0.52,28,0.0,0.0,0.000,-0.0,0,HAYIR,HAYIR
2026-08-19 19:43:50.767,0.12,0.52,28,0.0,0.0,0.000,-0.0,0,HAYIR,HAYIR
2026-08-19 19:43:50.827,0.12,0.52,28,0.0,0.0,0.000,-0.0,0,HAYIR,HAYIR
2026-08-19 19:43:50.887,0.12,0.52,28,0.0,0.0,0.000,-0.0,0,HAYIR,HAYIR
2026-08-19 19:43:50.947,0.12,0.52,28,0.0,0.0,0.000,-0.0,0,HAYIR,HAYIR
2026-08-19 19:43:51.007,0.12,0.52,28,0.0,0.0,0.000,-0.0,0,HAYIR,HAYIR
2026-08-19 19:43:51.067,0.11,0.52,28,0.0,0.0,0.000,-0.0,0,HAYIR,HAYIR
2026-08-19 19:43:51.127,0.11,0.51,28,0.0,0.0,0.000,-0.0,0,HAYIR,HAYIR
2026-08-19 19:43:51.187,0.11,0.51,28,0.0,0.0,0.000,-0.0,0,HAYIR,HAYIR
2026-08-19 19:43:51.247,0.10,0.51,28,0.0,0.0,0.000,-0.0,0,HAYIR,HAYIR
2026-08-19 19:43:51.307,0.08,0.51,28,0.0,0.0,0.000,-0.0,0,HAYIR,HAYIR
2026-08-19 19:43:51.367,0.03,0.51,28,0.0,0.0,0.000,-0.0,0,HAYIR,HAYIR
2026-08-19 19:43:51.427,0.00,0.48,28,0.0,0.0,0.000,-0.0,0,HAYIR,HAYIR
2026-08-19 19:43:51.487,0.00,0.48,0,0.0,0.0,0.000,0.0,0,EVET,HAYIR
2026-08-19 19:43:51.547,0.00,0.48,0,0.0,0.0,0.000,0.0,0,EVET,HAYIR
2026-08-19 19:43:51.607,0.03,0.48,28,0.0,0.0,0.050,-160.0,-2,HAYIR,HAYIR
2026-08-19 19:43:51.667,0.08,0.48,28,0.0,0.0,0.150,-160.0,-3,HAYIR,HAYIR
2026-08-19 19:43:51.727,0.10,0.48,28,0.0,0.0,0.200,-160.0,-5,HAYIR,HAYIR
2026-08-19 19:43:51.787,0.12,0.47,28,0.0,0.0,0.230,-160.0,-7,HAYIR,HAYIR
2026-08-19 19:43:51.847,0.15,0.47,28,0.0,0.0,0.234,-160.0,-8,HAYIR,HAYIR
2026-08-19 19:43:51.907,0.17,0.47,28,0.0,0.0,0.238,-160.0,-10,HAYIR,HAYIR
2026-08-19 19:43:51.967,0.22,0.47,28,0.0,0.0,0.243,-160.0,-12,HAYIR,HAYIR
2026-08-19 19:43:52.027,0.25,0.47,28,0.0,0.0,0.244,-160.0,-13,HAYIR,HAYIR
2026-08-19 19:43:52.087,0.27,0.45,28,0.0,0.0,0.247,-160.0,-15,HAYIR,HAYIR
2026-08-19 19:43:52.147,0.30,0.45,28,0.0,0.0,0.250,-160.0,-17,HAYIR,HAYIR
2026-08-19 19:43:52.207,0.33,0.45,28,0.0,0.0,0.257,-160.0,-18,HAYIR,HAYIR
2026-08-19 19:43:52.267,0.38,0.45,28,0.0,0.0,0.260,-160.0,-20,HAYIR,HAYIR
2026-08-19 19:43:52.327,0.40,0.45,28,0.0,0.0,0.260,-160.0,-22,HAYIR,HAYIR
2026-08-19 19:43:52.387,0.43,0.45,28,0.0,0.0,0.262,-160.0,-24,HAYIR,HAYIR
2026-08-19 19:43:52.447,0.45,0.45,28,0.0,0.0,0.262,-160.0,-25,HAYIR,HAYIR
2026-08-19 19:43:52.507,0.48,0.45,28,0.0,0.0,0.264,-160.0,-27,HAYIR,HAYIR
2026-08-19 19:43:52.567,0.53,0.45,28,0.0,0.0,0.269,-160.0,-29,HAYIR,HAYIR
2026-08-19 19:43:52.627,0.55,0.45,28,0.0,0.0,0.268,-160.0,-30,HAYIR,HAYIR
2026-08-19 19:43:52.687,0.53,0.45,28,0.0,0.0,0.218,-160.0,-32,HAYIR,HAYIR
2026-08-19 19:43:52.747,0.50,0.45,28,0.0,0.0,0.168,-147.3,-34,HAYIR,HAYIR
2026-08-19 19:43:52.807,0.53,0.45,28,0.0,0.0,0.218,-160.0,-35,HAYIR,HAYIR
2026-08-19 19:43:52.867,0.58,0.45,28,0.0,0.0,0.249,-160.0,-37,HAYIR,HAYIR
2026-08-19 19:43:52.927,0.60,0.45,28,0.0,0.0,0.246,-160.0,-39,HAYIR,HAYIR
2026-08-19 19:43:52.987,0.63,0.45,28,0.0,0.0,0.246,-160.0,-40,HAYIR,HAYIR
2026-08-19 19:43:53.047,0.65,0.45,28,0.0,0.0,0.243,-160.0,-42,HAYIR,HAYIR
2026-08-19 19:43:53.107,0.68,0.45,29,0.0,0.0,0.240,-154.6,-44,HAYIR,HAYIR
2026-08-19 19:43:53.167,0.73,0.43,29,0.0,0.0,0.238,-144.5,-45,HAYIR,HAYIR
2026-08-19 19:43:53.227,0.75,0.43,29,0.0,0.0,0.236,-139.4,-47,HAYIR,HAYIR
2026-08-19 19:43:53.287,0.78,0.43,29,0.0,0.0,0.232,-133.3,-49,HAYIR,HAYIR
2026-08-19 19:43:53.347,0.79,0.43,29,0.0,0.0,0.230,-130.3,-50,HAYIR,HAYIR
2026-08-19 19:43:53.427,0.74,0.42,28,0.1,0.0,0.130,-81.8,-52,HAYIR,HAYIR
2026-08-19 19:43:53.527,0.69,0.42,28,0.1,0.0,0.030,-20.9,-52,HAYIR,HAYIR
2026-08-19 19:43:53.627,0.64,0.42,28,0.0,0.0,0.000,-0.0,-50,HAYIR,HAYIR
2026-08-19 19:43:53.727,0.59,0.42,28,0.0,0.0,0.000,-0.0,-49,HAYIR,HAYIR
2026-08-19 19:43:53.827,0.54,0.39,28,0.0,0.0,0.000,-0.0,-47,HAYIR,HAYIR
2026-08-19 19:43:53.927,0.49,0.39,28,0.0,0.0,0.000,-0.0,-45,HAYIR,HAYIR
2026-08-19 19:43:54.027,0.44,0.39,28,0.0,0.0,0.000,-0.0,-44,HAYIR,HAYIR
2026-08-19 19:43:54.127,0.39,0.36,28,0.0,0.0,0.000,-0.0,-42,HAYIR,HAYIR
2026-08-19 19:43:54.187,0.00,0.36,0,0.0,0.0,0.000,0.0,-40,EVET,HAYIR
2026-08-19 19:43:54.247,0.34,0.36,28,0.0,0.0,0.000,-0.0,-39,HAYIR,HAYIR
2026-08-19 19:43:54.307,0.32,0.36,28,0.0,0.0,0.000,-0.0,-37,HAYIR,HAYIR
2026-08-19 19:43:54.367,0.37,0.36,28,0.0,0.0,0.100,-123.1,-39,HAYIR,HAYIR
2026-08-19 19:43:54.427,0.39,0.36,28,0.0,0.0,0.150,-160.0,-40,HAYIR,HAYIR
2026-08-19 19:43:54.487,0.42,0.30,28,0.0,0.0,0.200,-160.0,-42,HAYIR,HAYIR
2026-08-19 19:43:54.547,0.44,0.30,28,0.0,0.0,0.250,-160.0,-44,HAYIR,HAYIR
2026-08-19 19:43:54.607,0.47,0.30,28,0.0,0.0,0.256,-160.0,-45,HAYIR,HAYIR
2026-08-19 19:43:54.667,0.52,0.30,28,0.0,0.0,0.259,-160.0,-47,HAYIR,HAYIR
2026-08-19 19:43:54.727,0.54,0.30,28,0.0,0.0,0.259,-160.0,-49,HAYIR,HAYIR
2026-08-19 19:43:54.787,0.57,0.23,28,0.0,0.0,0.259,-160.0,-50,HAYIR,HAYIR
2026-08-19 19:43:54.847,0.59,0.23,28,0.1,0.0,0.257,-160.0,-52,HAYIR,HAYIR
2026-08-19 19:43:54.907,0.62,0.23,29,0.1,0.0,0.257,-160.0,-54,HAYIR,HAYIR
2026-08-19 19:43:54.967,0.67,0.23,29,0.1,0.0,0.256,-160.0,-55,HAYIR,HAYIR
2026-08-19 19:43:55.027,0.69,0.23,29,0.1,0.0,0.256,-160.0,-57,HAYIR,HAYIR
2026-08-19 19:43:55.087,0.72,0.23,29,0.1,0.0,0.256,-155.3,-59,HAYIR,HAYIR
2026-08-19 19:43:55.147,0.74,0.16,32,0.1,0.0,0.256,-150.8,-60,HAYIR,HAYIR
2026-08-19 19:43:55.207,0.77,0.16,29,0.1,0.0,0.255,-146.5,-62,HAYIR,HAYIR
2026-08-19 19:43:55.267,0.80,0.16,29,0.1,0.0,0.253,-140.7,-64,HAYIR,HAYIR
2026-08-19 19:43:55.327,0.80,0.16,29,0.1,0.0,0.253,-140.3,-66,HAYIR,HAYIR
2026-08-19 19:43:55.387,0.80,0.16,29,0.1,0.0,0.252,-139.9,-67,HAYIR,HAYIR
2026-08-19 19:43:55.447,0.80,0.12,30,0.1,0.0,0.252,-139.7,-69,HAYIR,HAYIR
2026-08-19 19:43:55.507,0.80,0.12,30,0.1,0.0,0.250,-138.8,-71,HAYIR,HAYIR
2026-08-19 19:43:55.567,0.79,0.12,30,0.1,0.0,0.179,-104.3,-72,HAYIR,HAYIR
2026-08-19 19:43:55.627,0.79,0.12,30,0.1,0.0,0.179,-104.2,-74,HAYIR,HAYIR
2026-08-19 19:43:55.687,0.79,0.12,30,0.1,0.0,0.178,-103.4,-76,HAYIR,HAYIR
2026-08-19 19:43:55.747,0.79,0.10,30,0.2,0.0,0.177,-103.2,-77,HAYIR,HAYIR
2026-08-19 19:43:55.807,0.79,0.10,30,0.2,0.0,0.175,-102.1,-79,HAYIR,HAYIR
2026-08-19 19:43:55.867,0.79,0.10,30,0.2,0.0,0.175,-101.8,-81,HAYIR,HAYIR
2026-08-19 19:43:55.927,0.79,0.10,30,0.2,0.0,0.176,-102.2,-82,HAYIR,HAYIR
2026-08-19 19:43:55.987,0.79,0.10,30,0.2,0.0,0.174,-101.6,-84,HAYIR,HAYIR
2026-08-19 19:43:56.047,0.79,0.10,30,0.2,0.0,0.175,-101.7,-86,HAYIR,HAYIR
2026-08-19 19:43:56.107,0.79,0.10,30,0.2,0.0,0.173,-100.7,-87,HAYIR,HAYIR
2026-08-19 19:43:56.167,0.79,0.10,30,0.2,0.0,0.172,-100.3,-89,HAYIR,HAYIR
2026-08-19 19:43:56.227,0.79,0.10,30,0.2,0.0,0.173,-100.7,-91,HAYIR,HAYIR
2026-08-19 19:43:56.287,0.79,0.10,31,0.2,0.0,0.171,-99.9,-92,HAYIR,HAYIR
2026-08-19 19:43:56.347,0.79,0.10,31,0.2,0.0,0.172,-100.3,-94,HAYIR,HAYIR
2026-08-19 19:43:56.407,0.79,0.10,31,0.2,0.0,0.171,-99.6,-96,HAYIR,HAYIR
2026-08-19 19:43:56.467,0.79,0.10,31,0.2,0.0,0.170,-99.3,-97,HAYIR,HAYIR
2026-08-19 19:43:56.527,0.79,0.10,31,0.2,0.0,0.171,-99.7,-99,HAYIR,HAYIR
2026-08-19 19:43:56.587,0.79,0.10,31,0.2,0.0,0.170,-99.2,-99,HAYIR,HAYIR
2026-08-19 19:43:56.647,0.79,0.10,31,0.2,0.0,0.171,-99.7,-100,HAYIR,HAYIR
2026-08-19 19:43:56.707,0.79,0.10,31,0.2,0.0,0.169,-99.0,-99,HAYIR,HAYIR
2026-08-19 19:43:56.767,0.79,0.10,31,0.2,0.0,0.168,-98.4,-99,HAYIR,HAYIR
2026-08-19 19:43:56.827,0.80,0.10,31,0.2,0.0,0.172,-99.0,-99,HAYIR,HAYIR
2026-08-19 19:43:56.887,0.80,0.10,31,0.2,0.0,0.170,-98.0,-98,HAYIR,HAYIR
2026-08-19 19:43:56.947,0.80,0.10,31,0.2,0.0,0.170,-98.2,-98,HAYIR,HAYIR
2026-08-19 19:43:57.007,0.80,0.10,31,0.2,0.0,0.169,-97.4,-97,HAYIR,HAYIR
2026-08-19 19:43:57.067,0.80,0.11,31,0.2,0.0,0.167,-96.6,-97,HAYIR,HAYIR
2026-08-19 19:43:57.127,0.79,0.11,31,0.2,0.0,0.167,-96.9,-97,HAYIR,HAYIR
2026-08-19 19:43:57.187,0.79,0.11,31,0.2,0.0,0.164,-95.4,-96,HAYIR,HAYIR
2026-08-19 19:43:57.247,0.79,0.11,31,0.2,0.0,0.164,-95.3,-95,HAYIR,HAYIR
2026-08-19 19:43:57.307,0.79,0.11,32,0.2,0.0,0.162,-94.1,-94,HAYIR,HAYIR
2026-08-19 19:43:57.367,0.79,0.11,32,0.2,0.0,0.160,-93.0,-94,HAYIR,HAYIR
2026-08-19 19:43:57.427,0.79,0.13,32,0.2,0.0,0.159,-92.7,-93,HAYIR,HAYIR
2026-08-19 19:43:57.487,0.79,0.13,32,0.2,0.0,0.157,-91.5,-92,HAYIR,HAYIR
2026-08-19 19:43:57.547,0.79,0.13,32,0.2,0.0,0.156,-91.3,-91,HAYIR,HAYIR
2026-08-19 19:43:57.607,0.79,0.13,32,0.2,0.0,0.154,-89.9,-90,HAYIR,HAYIR
2026-08-19 19:43:57.667,0.79,0.13,32,0.2,0.0,0.150,-88.2,-89,HAYIR,HAYIR
2026-08-19 19:43:57.727,0.80,0.13,32,0.2,0.0,0.198,-112.9,-89,HAYIR,HAYIR
2026-08-19 19:43:57.787,0.80,0.16,32,0.2,0.0,0.196,-112.0,-90,HAYIR,HAYIR
2026-08-19 19:43:57.847,0.79,0.16,32,0.2,0.0,0.197,-112.8,-92,HAYIR,HAYIR
2026-08-19 19:43:57.907,0.79,0.16,32,0.2,0.0,0.194,-111.1,-94,HAYIR,HAYIR
2026-08-19 19:43:57.967,0.79,0.16,32,0.2,0.0,0.192,-110.1,-95,HAYIR,HAYIR
2026-08-19 19:43:58.027,0.79,0.16,32,0.2,0.0,0.192,-110.3,-97,HAYIR,HAYIR
2026-08-19 19:43:58.087,0.79,0.19,31,0.2,0.0,0.190,-109.3,-99,HAYIR,HAYIR
2026-08-19 19:43:58.147,0.79,0.19,32,0.2,0.0,0.190,-109.7,-100,HAYIR,HAYIR
2026-08-19 19:43:58.207,0.79,0.19,32,0.3,0.0,0.188,-108.6,-102,HAYIR,HAYIR
2026-08-19 19:43:58.267,0.79,0.19,32,0.3,0.0,0.186,-107.9,-104,HAYIR,HAYIR
2026-08-19 19:43:58.327,0.80,0.19,33,0.3,0.0,0.189,-108.1,-106,HAYIR,HAYIR
2026-08-19 19:43:58.387,0.80,0.19,32,0.3,0.0,0.186,-107.1,-107,HAYIR,HAYIR
2026-08-19 19:43:58.447,0.79,0.22,32,0.3,0.0,0.186,-107.2,-107,HAYIR,HAYIR
2026-08-19 19:43:58.507,0.79,0.22,33,0.3,0.0,0.184,-106.2,-106,HAYIR,HAYIR
2026-08-19 19:43:58.567,0.79,0.22,33,0.3,0.0,0.182,-105.3,-106,HAYIR,HAYIR
2026-08-19 19:43:58.627,0.79,0.22,33,0.3,0.0,0.182,-105.7,-106,HAYIR,HAYIR
2026-08-19 19:43:58.687,0.79,0.22,33,0.3,0.0,0.180,-104.5,-105,HAYIR,HAYIR
2026-08-19 19:43:58.747,0.80,0.25,33,0.3,0.0,0.182,-104.5,-105,HAYIR,HAYIR
2026-08-19 19:43:58.807,0.80,0.25,33,0.3,0.0,0.179,-103.2,-103,HAYIR,HAYIR
2026-08-19 19:43:58.867,0.79,0.25,33,0.3,0.0,0.145,-84.7,-102,HAYIR,HAYIR
2026-08-19 19:43:58.927,0.79,0.25,33,0.2,0.0,0.144,-84.6,-100,HAYIR,HAYIR
2026-08-19 19:43:58.987,0.79,0.25,33,0.2,0.0,0.141,-82.9,-98,HAYIR,HAYIR
2026-08-19 19:43:59.047,0.79,0.25,33,0.2,0.0,0.139,-82.4,-97,HAYIR,HAYIR
2026-08-19 19:43:59.107,0.80,0.30,33,0.2,0.0,0.137,-80.2,-95,HAYIR,HAYIR
2026-08-19 19:43:59.167,0.79,0.30,33,0.2,0.0,0.133,-77.9,-93,HAYIR,HAYIR
2026-08-19 19:43:59.227,0.79,0.30,33,0.2,0.0,0.132,-77.7,-91,HAYIR,HAYIR
2026-08-19 19:43:59.287,0.79,0.30,33,0.2,0.0,0.128,-75.6,-90,HAYIR,HAYIR
2026-08-19 19:43:59.347,0.79,0.30,33,0.2,0.0,0.127,-75.1,-88,HAYIR,HAYIR
2026-08-19 19:43:59.407,0.80,0.30,33,0.2,0.0,0.124,-72.8,-86,HAYIR,HAYIR
2026-08-19 19:43:59.467,0.79,0.35,31,0.2,0.0,0.119,-70.1,-85,HAYIR,HAYIR
2026-08-19 19:43:59.527,0.79,0.35,33,0.2,0.0,0.119,-70.2,-83,HAYIR,HAYIR
2026-08-19 19:43:59.587,0.79,0.35,33,0.2,0.0,0.114,-67.8,-81,HAYIR,HAYIR
2026-08-19 19:43:59.647,0.80,0.35,33,0.2,0.0,0.115,-67.4,-80,HAYIR,HAYIR
2026-08-19 19:43:59.707,0.80,0.35,33,0.2,0.0,0.110,-64.9,-78,HAYIR,HAYIR
2026-08-19 19:43:59.767,0.79,0.41,33,0.1,0.0,0.105,-62.6,-76,HAYIR,HAYIR
2026-08-19 19:43:59.827,0.79,0.41,33,0.1,0.0,0.111,-65.8,-75,HAYIR,HAYIR
2026-08-19 19:43:59.887,0.80,0.41,33,0.1,0.0,0.109,-64.4,-73,HAYIR,HAYIR
2026-08-19 19:43:59.947,0.79,0.41,33,0.1,0.0,0.109,-64.3,-71,HAYIR,HAYIR
2026-08-19 19:44:00.007,0.79,0.41,33,0.1,0.0,0.106,-63.1,-70,HAYIR,HAYIR
2026-08-19 19:44:00.067,0.79,0.48,30,0.1,0.0,0.128,-75.7,-71,HAYIR,HAYIR
2026-08-19 19:44:00.127,0.80,0.48,33,0.1,0.0,0.130,-76.3,-73,HAYIR,HAYIR
2026-08-19 19:44:00.187,0.79,0.48,33,0.1,0.0,0.134,-78.8,-75,HAYIR,HAYIR
2026-08-19 19:44:00.247,0.79,0.48,33,0.1,0.0,0.135,-79.3,-76,HAYIR,HAYIR
2026-08-19 19:44:00.307,0.79,0.48,33,0.2,0.0,0.133,-78.8,-78,HAYIR,HAYIR
2026-08-19 19:44:00.367,0.79,0.48,33,0.2,0.0,0.136,-79.6,-80,HAYIR,HAYIR
2026-08-19 19:44:00.427,0.79,0.52,33,0.2,0.0,0.137,-80.7,-80,HAYIR,HAYIR
2026-08-19 19:44:00.487,0.79,0.52,33,0.2,0.0,0.140,-82.4,-82,HAYIR,HAYIR
2026-08-19 19:44:00.547,0.79,0.52,33,0.2,0.0,0.142,-83.2,-83,HAYIR,HAYIR
2026-08-19 19:44:00.607,0.79,0.52,33,0.2,0.0,0.141,-82.7,-83,HAYIR,HAYIR
2026-08-19 19:44:00.667,0.80,0.52,34,0.2,0.0,0.142,-82.7,-83,HAYIR,HAYIR
2026-08-19 19:44:00.727,0.79,0.58,33,0.2,0.0,0.142,-82.9,-83,HAYIR,HAYIR
2026-08-19 19:44:00.787,0.79,0.58,33,0.2,0.0,0.139,-81.9,-82,HAYIR,HAYIR
2026-08-19 19:44:00.847,0.79,0.58,33,0.2,0.0,0.138,-81.6,-82,HAYIR,HAYIR
2026-08-19 19:44:00.907,0.79,0.58,33,0.2,0.0,0.138,-80.6,-81,HAYIR,HAYIR
2026-08-19 19:44:00.967,0.79,0.58,33,0.2,0.0,0.134,-79.2,-80,HAYIR,HAYIR
2026-08-19 19:44:01.027,0.80,0.58,34,0.2,0.0,0.135,-78.9,-79,HAYIR,HAYIR
2026-08-19 19:44:01.087,0.79,0.58,33,0.2,0.0,0.132,-77.4,-78,HAYIR,HAYIR
2026-08-19 19:44:01.147,0.79,0.65,33,0.2,0.0,0.141,-82.7,-79,HAYIR,HAYIR
2026-08-19 19:44:01.207,0.80,0.65,33,0.2,0.0,0.135,-79.0,-79,HAYIR,HAYIR
2026-08-19 19:44:01.267,0.79,0.65,33,0.2,0.0,0.129,-76.0,-78,HAYIR,HAYIR
2026-08-19 19:44:01.327,0.80,0.65,33,0.1,0.0,0.128,-75.1,-76,HAYIR,HAYIR
2026-08-19 19:44:01.387,0.79,0.65,33,0.1,0.0,0.124,-73.2,-74,HAYIR,HAYIR
2026-08-19 19:44:01.447,0.79,0.70,33,0.1,0.0,0.122,-72.3,-72,HAYIR,HAYIR
2026-08-19 19:44:01.507,0.80,0.70,33,0.1,0.0,0.116,-68.4,-71,HAYIR,HAYIR
2026-08-19 19:44:01.567,0.79,0.70,33,0.1,0.0,0.110,-65.3,-69,HAYIR,HAYIR
2026-08-19 19:44:01.627,0.79,0.70,33,0.1,0.0,0.109,-64.3,-67,HAYIR,HAYIR
2026-08-19 19:44:01.687,0.79,0.70,33,0.1,0.0,0.105,-62.4,-66,HAYIR,HAYIR
2026-08-19 19:44:01.747,0.80,0.76,31,0.1,0.0,0.104,-61.3,-64,HAYIR,HAYIR
2026-08-19 19:44:01.807,0.79,0.76,33,0.1,0.0,0.100,-59.4,-62,HAYIR,HAYIR
2026-08-19 19:44:01.867,0.79,0.76,33,0.1,0.0,0.095,-56.5,-61,HAYIR,HAYIR
2026-08-19 19:44:01.927,0.79,0.76,33,0.1,0.0,0.094,-56.0,-59,HAYIR,HAYIR
2026-08-19 19:44:01.987,0.80,0.76,33,0.1,0.0,0.092,-54.5,-57,HAYIR,HAYIR
2026-08-19 19:44:02.047,0.79,0.76,33,0.1,0.0,0.091,-54.0,-56,HAYIR,HAYIR
2026-08-19 19:44:02.107,0.79,0.81,28,0.1,0.0,0.089,-53.2,-54,HAYIR,HAYIR
2026-08-19 19:44:02.167,0.79,0.81,28,0.1,0.0,0.087,-52.0,-52,HAYIR,HAYIR
2026-08-19 19:44:02.227,0.79,0.81,28,0.1,0.0,0.086,-51.6,-52,HAYIR,HAYIR
2026-08-19 19:44:02.287,0.78,0.81,28,0.0,0.0,0.084,-50.9,-51,HAYIR,HAYIR
2026-08-19 19:44:02.347,0.78,0.81,28,0.0,0.0,0.083,-50.6,-51,HAYIR,HAYIR
2026-08-19 19:44:02.407,0.77,0.87,28,0.0,0.0,0.082,-50.3,-50,HAYIR,HAYIR
2026-08-19 19:44:02.467,0.76,0.87,28,0.0,0.0,0.081,-50.1,-50,HAYIR,HAYIR
2026-08-19 19:44:02.527,0.76,0.87,28,0.0,0.0,0.081,-50.2,-50,HAYIR,HAYIR
2026-08-19 19:44:02.587,0.75,0.87,28,0.0,0.0,0.080,-50.1,-50,HAYIR,HAYIR
2026-08-19 19:44:02.647,0.75,0.87,28,0.0,0.0,0.080,-50.2,-50,HAYIR,HAYIR
2026-08-19 19:44:02.707,0.74,0.87,28,0.0,0.0,0.080,-50.5,-50,HAYIR,HAYIR
2026-08-19 19:44:02.767,0.73,0.91,28,0.0,0.0,0.080,-51.1,-51,HAYIR,HAYIR
2026-08-19 19:44:02.827,0.73,0.91,28,0.0,0.0,0.080,-51.5,-51,HAYIR,HAYIR
2026-08-19 19:44:02.887,0.72,0.91,28,0.1,0.0,0.080,-51.9,-52,HAYIR,HAYIR
2026-08-19 19:44:02.947,0.72,0.91,28,0.1,0.0,0.080,-52.3,-52,HAYIR,HAYIR
2026-08-19 19:44:03.007,0.71,0.91,28,0.1,0.0,0.080,-52.9,-53,HAYIR,HAYIR
2026-08-19 19:44:03.067,0.70,0.91,28,0.1,0.0,0.081,-54.0,-54,HAYIR,HAYIR
2026-08-19 19:44:03.127,0.70,0.94,28,0.1,0.0,0.081,-54.5,-54,HAYIR,HAYIR
2026-08-19 19:44:03.187,0.70,0.94,28,0.1,0.0,0.081,-54.9,-55,HAYIR,HAYIR
2026-08-19 19:44:03.247,0.69,0.94,28,0.1,0.0,0.081,-55.3,-55,HAYIR,HAYIR
2026-08-19 19:44:03.307,0.69,0.94,28,0.1,0.0,0.082,-56.2,-56,HAYIR,HAYIR
2026-08-19 19:44:03.367,0.68,0.94,28,0.1,0.0,0.083,-57.4,-57,HAYIR,HAYIR
2026-08-19 19:44:03.427,0.67,0.94,28,0.1,0.0,0.083,-57.7,-58,HAYIR,HAYIR
2026-08-19 19:44:03.487,0.67,0.94,28,0.1,0.0,0.082,-57.6,-58,HAYIR,HAYIR
2026-08-19 19:44:03.547,0.67,0.94,28,0.1,0.0,0.082,-58.2,-58,HAYIR,HAYIR
2026-08-19 19:44:03.607,0.66,0.94,28,0.1,0.0,0.083,-59.2,-59,HAYIR,HAYIR
2026-08-19 19:44:03.667,0.65,0.94,28,0.1,0.0,0.084,-60.5,-60,HAYIR,HAYIR
2026-08-19 19:44:03.727,0.65,0.91,28,0.1,0.0,0.084,-60.7,-61,HAYIR,HAYIR
2026-08-19 19:44:03.787,0.64,0.91,28,0.1,0.0,0.082,-59.9,-60,HAYIR,HAYIR
2026-08-19 19:44:03.847,0.64,0.91,28,0.1,0.0,0.082,-60.2,-60,HAYIR,HAYIR
2026-08-19 19:44:03.907,0.63,0.91,28,0.1,0.0,0.083,-61.3,-61,HAYIR,HAYIR
2026-08-19 19:44:03.967,0.63,0.91,28,0.1,0.0,0.083,-62.4,-62,HAYIR,HAYIR
2026-08-19 19:44:04.027,0.62,0.91,28,0.1,0.0,0.083,-62.5,-63,HAYIR,HAYIR
2026-08-19 19:44:04.087,0.62,0.89,28,0.1,0.0,0.084,-63.3,-63,HAYIR,HAYIR
2026-08-19 19:44:04.147,0.62,0.89,28,0.1,0.0,0.080,-60.5,-62,HAYIR,HAYIR
2026-08-19 19:44:04.207,0.61,0.89,28,0.1,0.0,0.080,-61.7,-62,HAYIR,HAYIR
2026-08-19 19:44:04.267,0.60,0.89,28,0.1,0.0,0.081,-62.6,-62,HAYIR,HAYIR
2026-08-19 19:44:04.327,0.60,0.89,28,0.1,0.0,0.081,-62.8,-63,HAYIR,HAYIR
2026-08-19 19:44:04.387,0.60,0.89,28,0.1,0.0,0.081,-63.4,-63,HAYIR,HAYIR
2026-08-19 19:44:04.447,0.60,0.86,28,0.1,0.0,0.080,-63.4,-63,HAYIR,HAYIR
2026-08-19 19:44:04.507,0.59,0.86,28,0.1,0.0,0.077,-61.0,-62,HAYIR,HAYIR
2026-08-19 19:44:04.567,0.58,0.86,28,0.1,0.0,0.081,-65.0,-63,HAYIR,HAYIR
2026-08-19 19:44:04.627,0.58,0.86,28,0.1,0.0,0.081,-65.0,-65,HAYIR,HAYIR
2026-08-19 19:44:04.687,0.58,0.86,28,0.1,0.0,0.081,-65.6,-66,HAYIR,HAYIR
2026-08-19 19:44:04.747,0.58,0.83,28,0.1,0.0,0.080,-65.4,-65,HAYIR,HAYIR
2026-08-19 19:44:04.807,0.57,0.83,28,0.1,0.0,0.081,-66.1,-66,HAYIR,HAYIR
2026-08-19 19:44:04.867,0.56,0.83,28,0.1,0.0,0.077,-64.3,-64,HAYIR,HAYIR
2026-08-19 19:44:04.927,0.56,0.83,28,0.1,0.0,0.077,-64.1,-64,HAYIR,HAYIR
2026-08-19 19:44:04.987,0.56,0.83,28,0.1,0.0,0.077,-64.8,-65,HAYIR,HAYIR
2026-08-19 19:44:05.047,0.56,0.83,28,0.1,0.0,0.077,-64.5,-64,HAYIR,HAYIR
2026-08-19 19:44:05.107,0.55,0.79,28,0.1,0.0,0.077,-65.3,-65,HAYIR,HAYIR
2026-08-19 19:44:05.167,0.55,0.79,28,0.1,0.0,0.073,-62.8,-64,HAYIR,HAYIR
2026-08-19 19:44:05.227,0.55,0.79,28,0.1,0.0,0.073,-62.5,-63,HAYIR,HAYIR
2026-08-19 19:44:05.287,0.54,0.79,28,0.1,0.0,0.073,-63.2,-63,HAYIR,HAYIR
2026-08-19 19:44:05.347,0.54,0.79,28,0.1,0.0,0.073,-63.1,-63,HAYIR,HAYIR
2026-08-19 19:44:05.407,0.54,0.75,28,0.1,0.0,0.073,-63.9,-64,HAYIR,HAYIR
2026-08-19 19:44:05.467,0.53,0.75,28,0.1,0.0,0.068,-60.3,-63,HAYIR,HAYIR
2026-08-19 19:44:05.527,0.53,0.75,28,0.1,0.0,0.068,-60.0,-61,HAYIR,HAYIR
2026-08-19 19:44:05.587,0.53,0.75,28,0.1,0.0,0.068,-60.7,-61,HAYIR,HAYIR
2026-08-19 19:44:05.647,0.53,0.75,28,0.1,0.0,0.068,-60.8,-61,HAYIR,HAYIR
2026-08-19 19:44:05.707,0.52,0.75,28,0.1,0.0,0.068,-61.1,-61,HAYIR,HAYIR
2026-08-19 19:44:05.767,0.52,0.70,28,0.1,0.0,0.064,-58.4,-60,HAYIR,HAYIR
2026-08-19 19:44:05.827,0.52,0.70,28,0.1,0.0,0.064,-58.3,-58,HAYIR,HAYIR
2026-08-19 19:44:05.887,0.51,0.70,28,0.1,0.0,0.064,-58.5,-58,HAYIR,HAYIR
2026-08-19 19:44:05.947,0.51,0.70,28,0.1,0.0,0.063,-58.0,-58,HAYIR,HAYIR
2026-08-19 19:44:06.007,0.51,0.70,28,0.1,0.0,0.063,-58.2,-58,HAYIR,HAYIR
2026-08-19 19:44:06.067,0.50,0.70,28,0.1,0.0,0.062,-57.8,-58,HAYIR,HAYIR
2026-08-19 19:44:06.127,0.50,0.66,28,0.1,0.0,0.062,-57.4,-57,HAYIR,HAYIR
2026-08-19 19:44:06.188,0.50,0.66,28,0.1,0.0,0.058,-54.5,-56,HAYIR,HAYIR
2026-08-19 19:44:06.247,0.50,0.66,28,0.1,0.0,0.057,-54.0,-55,HAYIR,HAYIR
2026-08-19 19:44:06.307,0.50,0.66,28,0.1,0.0,0.057,-53.9,-54,HAYIR,HAYIR
2026-08-19 19:44:06.367,0.49,0.66,28,0.1,0.0,0.056,-53.4,-53,HAYIR,HAYIR
2026-08-19 19:44:06.427,0.49,0.63,28,0.1,0.0,0.055,-53.1,-53,HAYIR,HAYIR
2026-08-19 19:44:06.487,0.49,0.63,28,0.1,0.0,0.052,-50.1,-52,HAYIR,HAYIR
2026-08-19 19:44:06.547,0.49,0.63,28,0.0,0.0,0.051,-49.4,-50,HAYIR,HAYIR
2026-08-19 19:44:06.607,0.48,0.63,28,0.0,0.0,0.050,-48.9,-49,HAYIR,HAYIR
2026-08-19 19:44:06.667,0.48,0.63,28,0.0,0.0,0.049,-48.0,-48,HAYIR,HAYIR
2026-08-19 19:44:06.727,0.48,0.63,28,0.0,0.0,0.054,-53.0,-49,HAYIR,HAYIR
2026-08-19 19:44:06.787,0.47,0.60,28,0.0,0.0,0.053,-52.8,-50,HAYIR,HAYIR
2026-08-19 19:44:06.847,0.47,0.60,28,0.0,0.0,0.051,-51.1,-51,HAYIR,HAYIR
2026-08-19 19:44:06.907,0.47,0.60,28,0.0,0.0,0.050,-50.7,-51,HAYIR,HAYIR
2026-08-19 19:44:06.967,0.46,0.60,28,0.0,0.0,0.049,-49.8,-50,HAYIR,HAYIR
2026-08-19 19:44:07.027,0.46,0.60,28,0.0,0.0,0.048,-49.2,-49,HAYIR,HAYIR
2026-08-19 19:44:07.087,0.46,0.58,28,0.0,0.0,0.048,-48.9,-49,HAYIR,HAYIR
2026-08-19 19:44:07.147,0.46,0.58,28,0.0,0.0,0.046,-47.8,-48,HAYIR,HAYIR
2026-08-19 19:44:07.207,0.46,0.58,28,0.0,0.0,0.046,-47.4,-47,HAYIR,HAYIR
2026-08-19 19:44:07.267,0.45,0.58,28,0.0,0.0,0.045,-47.1,-47,HAYIR,HAYIR
2026-08-19 19:44:07.327,0.45,0.58,28,0.0,0.0,0.045,-46.7,-47,HAYIR,HAYIR
2026-08-19 19:44:07.387,0.45,0.54,28,0.0,0.0,0.044,-46.3,-46,HAYIR,HAYIR
2026-08-19 19:44:07.447,0.45,0.54,28,0.0,0.0,0.044,-46.2,-46,HAYIR,HAYIR
2026-08-19 19:44:07.507,0.45,0.54,28,0.0,0.0,0.044,-46.2,-46,HAYIR,HAYIR
2026-08-19 19:44:07.567,0.44,0.54,28,0.0,0.0,0.042,-44.9,-45,HAYIR,HAYIR
2026-08-19 19:44:07.627,0.44,0.54,28,0.0,0.0,0.042,-44.8,-45,HAYIR,HAYIR
2026-08-19 19:44:07.687,0.44,0.54,28,0.0,0.0,0.041,-44.2,-44,HAYIR,HAYIR
2026-08-19 19:44:07.747,0.44,0.54,28,0.0,0.0,0.041,-43.7,-44,HAYIR,HAYIR
2026-08-19 19:44:07.807,0.44,0.49,28,0.0,0.0,0.040,-43.2,-43,HAYIR,HAYIR
2026-08-19 19:44:07.867,0.43,0.49,28,0.0,0.0,0.051,-55.6,-45,HAYIR,HAYIR
2026-08-19 19:44:07.927,0.43,0.49,28,0.0,0.0,0.051,-55.2,-47,HAYIR,HAYIR
2026-08-19 19:44:07.987,0.43,0.49,28,0.0,0.0,0.050,-54.6,-48,HAYIR,HAYIR
2026-08-19 19:44:08.047,0.43,0.49,28,0.0,0.0,0.050,-54.4,-50,HAYIR,HAYIR
2026-08-19 19:44:08.107,0.43,0.47,28,0.1,0.0,0.049,-54.1,-52,HAYIR,HAYIR
2026-08-19 19:44:08.167,0.42,0.47,28,0.1,0.0,0.046,-51.5,-52,HAYIR,HAYIR
2026-08-19 19:44:08.227,0.42,0.47,28,0.0,0.0,0.046,-51.3,-51,HAYIR,HAYIR
2026-08-19 19:44:08.287,0.42,0.47,28,0.0,0.0,0.045,-50.4,-50,HAYIR,HAYIR
2026-08-19 19:44:08.347,0.42,0.47,28,0.0,0.0,0.044,-50.0,-50,HAYIR,HAYIR
2026-08-19 19:44:08.407,0.42,0.45,28,0.0,0.0,0.044,-49.2,-49,HAYIR,HAYIR
2026-08-19 19:44:08.467,0.41,0.45,28,0.0,0.0,0.042,-48.3,-49,HAYIR,HAYIR
2026-08-19 19:44:08.527,0.41,0.45,28,0.0,0.0,0.042,-47.4,-48,HAYIR,HAYIR
2026-08-19 19:44:08.587,0.41,0.45,28,0.0,0.0,0.041,-46.6,-47,HAYIR,HAYIR
2026-08-19 19:44:08.647,0.41,0.45,28,0.0,0.0,0.040,-46.6,-47,HAYIR,HAYIR
2026-08-19 19:44:08.707,0.41,0.45,28,0.0,0.0,0.039,-45.6,-46,HAYIR,HAYIR
2026-08-19 19:44:08.767,0.41,0.42,28,0.0,0.0,0.039,-45.0,-45,HAYIR,HAYIR
2026-08-19 19:44:08.827,0.40,0.42,28,0.0,0.0,0.038,-44.4,-44,HAYIR,HAYIR
2026-08-19 19:44:08.887,0.40,0.42,28,0.0,0.0,0.037,-43.4,-43,HAYIR,HAYIR
2026-08-19 19:44:08.947,0.40,0.42,28,0.0,0.0,0.036,-42.5,-43,HAYIR,HAYIR
2026-08-19 19:44:09.007,0.40,0.42,28,0.0,0.0,0.035,-41.0,-41,HAYIR,HAYIR
2026-08-19 19:44:09.067,0.40,0.39,31,0.0,0.0,0.043,-50.9,-43,HAYIR,HAYIR
2026-08-19 19:44:09.127,0.40,0.39,31,0.0,0.0,0.043,-50.7,-44,HAYIR,HAYIR
2026-08-19 19:44:09.187,0.39,0.39,31,0.0,0.0,0.041,-49.5,-46,HAYIR,HAYIR
2026-08-19 19:44:09.247,0.39,0.39,31,0.0,0.0,0.041,-49.3,-48,HAYIR,HAYIR
2026-08-19 19:44:09.307,0.39,0.39,31,0.0,0.0,0.041,-49.0,-49,HAYIR,HAYIR
2026-08-19 19:44:09.367,0.39,0.39,31,0.0,0.0,0.041,-49.6,-50,HAYIR,HAYIR
2026-08-19 19:44:09.427,0.39,0.36,32,0.0,0.0,0.041,-49.3,-49,HAYIR,HAYIR
2026-08-19 19:44:09.487,0.39,0.36,31,0.0,0.0,0.040,-49.0,-49,HAYIR,HAYIR
2026-08-19 19:44:09.547,0.39,0.36,31,0.0,0.0,0.040,-49.1,-49,HAYIR,HAYIR
2026-08-19 19:44:09.607,0.38,0.36,31,0.0,0.0,0.040,-49.2,-49,HAYIR,HAYIR
2026-08-19 19:44:09.667,0.38,0.36,31,0.0,0.0,0.040,-49.9,-50,HAYIR,HAYIR
2026-08-19 19:44:09.727,0.38,0.36,31,0.0,0.0,0.041,-50.5,-50,HAYIR,HAYIR
2026-08-19 19:44:09.787,0.38,0.35,31,0.0,0.0,0.040,-50.2,-50,HAYIR,HAYIR
2026-08-19 19:44:09.847,0.38,0.35,31,0.0,0.0,0.040,-50.3,-50,HAYIR,HAYIR
2026-08-19 19:44:09.907,0.38,0.35,31,0.0,0.0,0.040,-50.0,-50,HAYIR,HAYIR
2026-08-19 19:44:09.967,0.37,0.35,31,0.0,0.0,0.040,-50.7,-51,HAYIR,HAYIR
2026-08-19 19:44:10.027,0.37,0.35,31,0.0,0.0,0.040,-50.7,-51,HAYIR,HAYIR
2026-08-19 19:44:10.087,0.37,0.35,31,0.0,0.0,0.040,-50.5,-50,HAYIR,HAYIR
2026-08-19 19:44:10.147,0.37,0.35,31,0.0,0.0,0.000,-0.0,-49,HAYIR,HAYIR
2026-08-19 19:44:10.207,0.37,0.35,31,0.0,0.0,0.000,-0.0,-48,HAYIR,HAYIR
2026-08-19 19:44:10.267,0.36,0.35,31,0.0,0.0,0.000,-0.0,-46,HAYIR,HAYIR
2026-08-19 19:44:10.327,0.36,0.35,31,0.0,0.0,0.000,-0.0,-44,HAYIR,HAYIR
2026-08-19 19:44:10.387,0.36,0.35,31,0.0,0.0,0.000,-0.0,-43,HAYIR,HAYIR
2026-08-19 19:44:10.447,0.36,0.35,31,0.0,0.0,0.000,-0.0,-41,HAYIR,HAYIR
2026-08-19 19:44:10.507,0.36,0.35,31,0.0,0.0,0.000,-0.0,-39,HAYIR,HAYIR
2026-08-19 19:44:10.567,0.36,0.35,31,0.0,0.0,0.000,-0.0,-38,HAYIR,HAYIR
2026-08-19 19:44:10.627,0.35,0.35,28,0.0,0.0,0.000,-0.0,-36,HAYIR,HAYIR
2026-08-19 19:44:10.687,0.35,0.35,28,0.0,0.0,0.000,-0.0,-34,HAYIR,HAYIR
2026-08-19 19:44:10.747,0.35,0.36,28,0.0,0.0,0.000,-0.0,-33,HAYIR,HAYIR
2026-08-19 19:44:10.807,0.35,0.36,28,0.0,0.0,0.000,-0.0,-31,HAYIR,HAYIR
2026-08-19 19:44:10.867,0.35,0.36,28,0.0,0.0,0.000,-0.0,-29,HAYIR,HAYIR
2026-08-19 19:44:10.927,0.34,0.36,28,0.0,0.0,0.000,-0.0,-28,HAYIR,HAYIR
2026-08-19 19:44:10.987,0.34,0.36,28,0.0,0.0,0.000,-0.0,-26,HAYIR,HAYIR
2026-08-19 19:44:11.047,0.34,0.36,28,0.0,0.0,0.000,-0.0,-24,HAYIR,HAYIR
2026-08-19 19:44:11.107,0.34,0.39,28,0.0,0.0,0.000,-0.0,-22,HAYIR,HAYIR
2026-08-19 19:44:11.167,0.33,0.39,28,0.0,0.0,0.000,-0.0,-21,HAYIR,HAYIR
2026-08-19 19:44:11.227,0.33,0.39,28,0.0,0.0,0.055,-77.0,-20,HAYIR,HAYIR
2026-08-19 19:44:11.287,0.33,0.39,28,0.0,0.0,0.055,-77.4,-22,HAYIR,HAYIR
2026-08-19 19:44:11.347,0.33,0.39,28,0.0,0.0,0.055,-77.9,-24,HAYIR,HAYIR
2026-08-19 19:44:11.407,0.32,0.39,28,0.0,0.0,0.055,-78.5,-25,HAYIR,HAYIR
2026-08-19 19:44:11.467,0.32,0.42,28,0.0,0.0,0.056,-81.1,-27,HAYIR,HAYIR
2026-08-19 19:44:11.527,0.32,0.42,28,0.0,0.0,0.056,-82.6,-29,HAYIR,HAYIR
2026-08-19 19:44:11.587,0.31,0.42,28,0.0,0.0,0.057,-83.3,-30,HAYIR,HAYIR
2026-08-19 19:44:11.647,0.31,0.42,28,0.0,0.0,0.056,-83.8,-32,HAYIR,HAYIR
2026-08-19 19:44:11.707,0.31,0.42,28,0.0,0.0,0.057,-84.6,-34,HAYIR,HAYIR
2026-08-19 19:44:11.767,0.30,0.44,28,0.0,0.0,0.057,-87.0,-35,HAYIR,HAYIR
2026-08-19 19:44:11.827,0.30,0.44,28,0.0,0.0,0.059,-90.1,-37,HAYIR,HAYIR
2026-08-19 19:44:11.887,0.30,0.44,28,0.0,0.0,0.059,-91.0,-39,HAYIR,HAYIR
2026-08-19 19:44:11.947,0.30,0.44,28,0.0,0.0,0.060,-92.5,-40,HAYIR,HAYIR
2026-08-19 19:44:12.007,0.29,0.44,28,0.0,0.0,0.060,-93.8,-42,HAYIR,HAYIR
2026-08-19 19:44:12.067,0.29,0.43,28,0.0,0.0,0.060,-96.1,-44,HAYIR,HAYIR
2026-08-19 19:44:12.127,0.29,0.43,28,0.0,0.0,0.061,-97.9,-45,HAYIR,HAYIR
2026-08-19 19:44:12.187,0.29,0.43,28,0.0,0.0,0.061,-98.9,-47,HAYIR,HAYIR
2026-08-19 19:44:12.247,0.28,0.43,28,0.0,0.0,0.062,-100.5,-49,HAYIR,HAYIR
2026-08-19 19:44:12.307,0.28,0.43,28,0.0,0.0,0.051,-83.6,-50,HAYIR,HAYIR
2026-08-19 19:44:12.367,0.28,0.43,28,0.1,0.0,0.051,-85.6,-52,HAYIR,HAYIR
2026-08-19 19:44:12.427,0.28,0.41,28,0.1,0.0,0.051,-86.0,-54,HAYIR,HAYIR
2026-08-19 19:44:12.487,0.27,0.41,28,0.1,0.0,0.051,-86.6,-56,HAYIR,HAYIR
2026-08-19 19:44:12.547,0.27,0.41,28,0.1,0.0,0.051,-87.3,-57,HAYIR,HAYIR
2026-08-19 19:44:12.607,0.27,0.41,28,0.1,0.0,0.052,-88.2,-59,HAYIR,HAYIR
2026-08-19 19:44:12.667,0.27,0.41,28,0.1,0.0,0.051,-89.0,-61,HAYIR,HAYIR
2026-08-19 19:44:12.727,0.27,0.41,28,0.1,0.0,0.052,-89.4,-62,HAYIR,HAYIR
2026-08-19 19:44:12.787,0.26,0.38,28,0.1,0.0,0.052,-90.1,-64,HAYIR,HAYIR
2026-08-19 19:44:12.847,0.26,0.38,28,0.1,0.0,0.051,-90.4,-66,HAYIR,HAYIR
2026-08-19 19:44:12.907,0.26,0.38,28,0.1,0.0,0.051,-91.2,-67,HAYIR,HAYIR
2026-08-19 19:44:12.967,0.26,0.38,28,0.1,0.0,0.052,-92.3,-69,HAYIR,HAYIR
2026-08-19 19:44:13.027,0.26,0.38,28,0.1,0.0,0.051,-91.9,-71,HAYIR,HAYIR
2026-08-19 19:44:13.087,0.25,0.36,28,0.1,0.0,0.051,-92.3,-72,HAYIR,HAYIR
2026-08-19 19:44:13.147,0.25,0.36,28,0.1,0.0,0.051,-92.2,-74,HAYIR,HAYIR
2026-08-19 19:44:13.207,0.25,0.36,28,0.1,0.0,0.051,-93.8,-76,HAYIR,HAYIR
2026-08-19 19:44:13.267,0.25,0.36,28,0.2,0.0,0.050,-93.1,-77,HAYIR,HAYIR
2026-08-19 19:44:13.327,0.25,0.36,28,0.2,0.0,0.050,-92.3,-79,HAYIR,HAYIR
2026-08-19 19:44:13.387,0.25,0.36,28,0.2,0.0,0.041,-77.9,-78,HAYIR,HAYIR
2026-08-19 19:44:13.447,0.24,0.35,28,0.2,0.0,0.041,-77.2,-77,HAYIR,HAYIR
2026-08-19 19:44:13.507,0.24,0.35,28,0.1,0.0,0.039,-74.8,-76,HAYIR,HAYIR
2026-08-19 19:44:13.567,0.24,0.35,28,0.1,0.0,0.038,-74.5,-74,HAYIR,HAYIR
2026-08-19 19:44:13.627,0.24,0.35,28,0.1,0.0,0.038,-74.0,-74,HAYIR,HAYIR
2026-08-19 19:44:13.687,0.24,0.35,28,0.1,0.0,0.038,-74.1,-74,HAYIR,HAYIR
2026-08-19 19:44:13.747,0.24,0.33,28,0.1,0.0,0.037,-73.4,-73,HAYIR,HAYIR
2026-08-19 19:44:13.807,0.23,0.33,28,0.1,0.0,0.037,-73.0,-73,HAYIR,HAYIR
2026-08-19 19:44:13.867,0.23,0.33,28,0.1,0.0,0.036,-72.1,-72,HAYIR,HAYIR
2026-08-19 19:44:13.927,0.23,0.33,28,0.1,0.0,0.035,-71.3,-72,HAYIR,HAYIR
2026-08-19 19:44:13.987,0.23,0.33,28,0.1,0.0,0.035,-71.3,-71,HAYIR,HAYIR
2026-08-19 19:44:14.047,0.23,0.29,28,0.1,0.0,0.035,-70.7,-71,HAYIR,HAYIR
2026-08-19 19:44:14.107,0.23,0.29,28,0.1,0.0,0.034,-70.7,-71,HAYIR,HAYIR
2026-08-19 19:44:14.167,0.22,0.29,28,0.1,0.0,0.034,-70.2,-70,HAYIR,HAYIR
2026-08-19 19:44:14.227,0.22,0.29,28,0.1,0.0,0.033,-69.7,-70,HAYIR,HAYIR
2026-08-19 19:44:14.287,0.22,0.29,28,0.1,0.0,0.033,-69.7,-70,HAYIR,HAYIR
2026-08-19 19:44:14.347,0.22,0.29,28,0.1,0.0,0.033,-69.3,-69,HAYIR,HAYIR
2026-08-19 19:44:14.407,0.22,0.29,28,0.1,0.0,0.033,-69.2,-69,HAYIR,HAYIR
2026-08-19 19:44:14.467,0.22,0.27,28,0.1,0.0,0.032,-68.6,-69,HAYIR,HAYIR
2026-08-19 19:44:14.527,0.22,0.27,28,0.1,0.0,0.058,-119.4,-69,HAYIR,HAYIR
2026-08-19 19:44:14.587,0.22,0.27,28,0.1,0.0,0.058,-119.5,-71,HAYIR,HAYIR
2026-08-19 19:44:14.647,0.22,0.27,28,0.1,0.0,0.057,-119.2,-73,HAYIR,HAYIR
2026-08-19 19:44:14.707,0.22,0.27,28,0.1,0.0,0.057,-119.2,-74,HAYIR,HAYIR
2026-08-19 19:44:14.767,0.22,0.24,28,0.1,0.0,0.057,-119.1,-76,HAYIR,HAYIR
2026-08-19 19:44:14.827,0.22,0.24,28,0.2,0.0,0.056,-118.5,-78,HAYIR,HAYIR
2026-08-19 19:44:14.887,0.21,0.24,28,0.2,0.0,0.056,-118.6,-79,HAYIR,HAYIR
2026-08-19 19:44:14.947,0.21,0.24,28,0.2,0.0,0.056,-118.1,-81,HAYIR,HAYIR
2026-08-19 19:44:15.007,0.21,0.24,28,0.2,0.0,0.055,-118.0,-83,HAYIR,HAYIR
2026-08-19 19:44:15.067,0.21,0.24,28,0.2,0.0,0.055,-117.6,-84,HAYIR,HAYIR
2026-08-19 19:44:15.127,0.21,0.23,28,0.2,0.0,0.055,-117.0,-86,HAYIR,HAYIR
2026-08-19 19:44:15.187,0.21,0.23,28,0.2,0.0,0.054,-116.9,-88,HAYIR,HAYIR
2026-08-19 19:44:15.247,0.21,0.23,28,0.2,0.0,0.054,-116.5,-89,HAYIR,HAYIR
2026-08-19 19:44:15.307,0.21,0.23,28,0.2,0.0,0.054,-116.3,-91,HAYIR,HAYIR
2026-08-19 19:44:15.367,0.21,0.23,28,0.2,0.0,0.053,-115.5,-93,HAYIR,HAYIR
2026-08-19 19:44:15.427,0.21,0.21,31,0.2,0.0,0.053,-115.2,-94,HAYIR,HAYIR
2026-08-19 19:44:15.487,0.21,0.21,31,0.2,0.0,0.052,-114.8,-96,HAYIR,HAYIR
2026-08-19 19:44:15.547,0.21,0.21,31,0.2,0.0,0.052,-114.4,-98,HAYIR,HAYIR
2026-08-19 19:44:15.607,0.21,0.21,28,0.2,0.0,0.052,-114.3,-99,HAYIR,HAYIR
2026-08-19 19:44:15.667,0.20,0.21,28,0.2,0.0,0.042,-94.8,-98,HAYIR,HAYIR
2026-08-19 19:44:15.727,0.20,0.19,31,0.2,0.0,0.042,-94.4,-96,HAYIR,HAYIR
2026-08-19 19:44:15.787,0.20,0.19,31,0.2,0.0,0.041,-94.0,-94,HAYIR,HAYIR
2026-08-19 19:44:15.847,0.20,0.19,31,0.2,0.0,0.041,-93.7,-94,HAYIR,HAYIR
2026-08-19 19:44:15.907,0.20,0.19,31,0.2,0.0,0.041,-93.9,-94,HAYIR,HAYIR
2026-08-19 19:44:15.967,0.20,0.19,31,0.2,0.0,0.041,-93.5,-94,HAYIR,HAYIR
2026-08-19 19:44:16.027,0.20,0.19,31,0.2,0.0,0.041,-93.5,-94,HAYIR,HAYIR
2026-08-19 19:44:16.087,0.20,0.19,31,0.2,0.0,0.040,-92.9,-93,HAYIR,HAYIR
2026-08-19 19:44:16.147,0.20,0.16,31,0.2,0.0,0.040,-92.5,-92,HAYIR,HAYIR
2026-08-19 19:44:16.207,0.20,0.16,31,0.2,0.0,0.040,-92.1,-92,HAYIR,HAYIR
2026-08-19 19:44:16.267,0.20,0.16,31,0.2,0.0,0.040,-91.6,-92,HAYIR,HAYIR
2026-08-19 19:44:16.327,0.20,0.16,31,0.2,0.0,0.040,-91.7,-92,HAYIR,HAYIR
2026-08-19 19:44:16.387,0.20,0.16,31,0.2,0.0,0.039,-91.2,-91,HAYIR,HAYIR
2026-08-19 19:44:16.447,0.20,0.14,31,0.2,0.0,0.039,-91.1,-91,HAYIR,HAYIR
2026-08-19 19:44:16.507,0.20,0.14,31,0.2,0.0,0.039,-90.4,-90,HAYIR,HAYIR
2026-08-19 19:44:16.567,0.20,0.14,31,0.2,0.0,0.038,-89.6,-90,HAYIR,HAYIR
2026-08-19 19:44:16.627,0.20,0.14,31,0.2,0.0,0.038,-89.4,-89,HAYIR,HAYIR
2026-08-19 19:44:16.687,0.20,0.14,31,0.2,0.0,0.038,-88.6,-89,HAYIR,HAYIR
2026-08-19 19:44:16.747,0.20,0.15,31,0.2,0.0,0.033,-78.3,-87,HAYIR,HAYIR
2026-08-19 19:44:16.807,0.20,0.15,31,0.2,0.0,0.033,-77.5,-86,HAYIR,HAYIR
2026-08-19 19:44:16.867,0.19,0.15,31,0.2,0.0,0.032,-76.3,-84,HAYIR,HAYIR
2026-08-19 19:44:16.927,0.19,0.15,31,0.2,0.0,0.032,-76.0,-82,HAYIR,HAYIR
2026-08-19 19:44:16.987,0.19,0.15,31,0.2,0.0,0.031,-74.9,-81,HAYIR,HAYIR
2026-08-19 19:44:17.047,0.19,0.15,31,0.2,0.0,0.031,-74.5,-79,HAYIR,HAYIR
2026-08-19 19:44:17.107,0.19,0.16,31,0.2,0.0,0.030,-73.6,-77,HAYIR,HAYIR
2026-08-19 19:44:17.167,0.19,0.16,31,0.1,0.0,0.000,-0.0,-76,HAYIR,HAYIR
2026-08-19 19:44:17.227,0.19,0.16,31,0.1,0.0,0.000,-0.0,-74,HAYIR,HAYIR
2026-08-19 19:44:17.287,0.19,0.16,31,0.1,0.0,0.000,-0.0,-72,HAYIR,HAYIR
2026-08-19 19:44:17.347,0.19,0.16,31,0.1,0.0,0.000,-0.0,-71,HAYIR,HAYIR
2026-08-19 19:44:17.407,0.19,0.18,31,0.1,0.0,0.000,-0.0,-69,HAYIR,HAYIR
2026-08-19 19:44:17.467,0.19,0.18,31,0.1,0.0,0.000,-0.0,-67,HAYIR,HAYIR
2026-08-19 19:44:17.527,0.18,0.18,31,0.1,0.0,0.000,-0.0,-66,HAYIR,HAYIR
2026-08-19 19:44:17.587,0.18,0.18,31,0.1,0.0,0.000,-0.0,-64,HAYIR,HAYIR
2026-08-19 19:44:17.647,0.18,0.18,31,0.1,0.0,0.038,-97.0,-65,HAYIR,HAYIR
2026-08-19 19:44:17.707,0.18,0.18,31,0.1,0.0,0.038,-96.7,-66,HAYIR,HAYIR
2026-08-19 19:44:17.767,0.18,0.20,28,0.1,0.0,0.049,-122.3,-68,HAYIR,HAYIR
2026-08-19 19:44:17.827,0.18,0.20,28,0.1,0.0,0.048,-122.9,-70,HAYIR,HAYIR
2026-08-19 19:44:17.887,0.18,0.20,28,0.1,0.0,0.048,-122.2,-71,HAYIR,HAYIR
2026-08-19 19:44:17.947,0.18,0.20,28,0.1,0.0,0.048,-122.5,-73,HAYIR,HAYIR
2026-08-19 19:44:18.007,0.17,0.20,28,0.1,0.0,0.047,-121.7,-75,HAYIR,HAYIR
2026-08-19 19:44:18.067,0.17,0.20,28,0.1,0.0,0.046,-121.4,-76,HAYIR,HAYIR
2026-08-19 19:44:18.127,0.17,0.23,28,0.2,0.0,0.046,-121.7,-78,HAYIR,HAYIR
2026-08-19 19:44:18.187,0.17,0.23,28,0.2,0.0,0.045,-121.3,-80,HAYIR,HAYIR
2026-08-19 19:44:18.247,0.17,0.23,28,0.2,0.0,0.045,-121.9,-81,HAYIR,HAYIR
2026-08-19 19:44:18.307,0.17,0.23,28,0.2,0.0,0.044,-121.3,-83,HAYIR,HAYIR
2026-08-19 19:44:18.367,0.16,0.23,28,0.2,0.0,0.044,-121.4,-85,HAYIR,HAYIR
2026-08-19 19:44:18.427,0.16,0.27,28,0.2,0.0,0.043,-122.0,-86,HAYIR,HAYIR
2026-08-19 19:44:18.487,0.16,0.27,28,0.2,0.0,0.043,-122.0,-88,HAYIR,HAYIR
2026-08-19 19:44:18.547,0.16,0.27,28,0.2,0.0,0.042,-121.9,-90,HAYIR,HAYIR
2026-08-19 19:44:18.607,0.15,0.27,28,0.2,0.0,0.042,-121.4,-91,HAYIR,HAYIR
2026-08-19 19:44:18.667,0.15,0.27,28,0.2,0.0,0.041,-122.0,-93,HAYIR,HAYIR
2026-08-19 19:44:18.727,0.15,0.29,28,0.2,0.0,0.041,-122.6,-95,HAYIR,HAYIR
2026-08-19 19:44:18.787,0.15,0.29,28,0.2,0.0,0.040,-122.1,-96,HAYIR,HAYIR
2026-08-19 19:44:18.847,0.15,0.29,28,0.2,0.0,0.040,-123.0,-98,HAYIR,HAYIR
2026-08-19 19:44:18.907,0.14,0.29,28,0.2,0.0,0.031,-100.1,-100,HAYIR,HAYIR
2026-08-19 19:44:18.967,0.14,0.29,28,0.2,0.0,0.031,-100.3,-100,HAYIR,HAYIR
2026-08-19 19:44:19.027,0.14,0.29,28,0.3,0.0,0.031,-101.1,-101,HAYIR,HAYIR
2026-08-19 19:44:19.087,0.14,0.29,28,0.3,0.0,0.030,-100.7,-101,HAYIR,HAYIR
2026-08-19 19:44:19.147,0.14,0.29,28,0.2,0.0,0.000,-0.0,-100,HAYIR,HAYIR
2026-08-19 19:44:19.207,0.13,0.29,28,0.2,0.0,0.000,-0.0,-98,HAYIR,HAYIR
2026-08-19 19:44:19.267,0.13,0.29,28,0.2,0.0,0.000,-0.0,-96,HAYIR,HAYIR
2026-08-19 19:44:19.327,0.13,0.29,28,0.2,0.0,0.000,-0.0,-95,HAYIR,HAYIR
2026-08-19 19:44:19.387,0.13,0.29,28,0.2,0.0,0.000,-0.0,-93,HAYIR,HAYIR
2026-08-19 19:44:19.447,0.13,0.26,28,0.2,0.0,0.000,-0.0,-91,HAYIR,HAYIR
2026-08-19 19:44:19.507,0.13,0.26,28,0.2,0.0,0.000,-0.0,-89,HAYIR,HAYIR
2026-08-19 19:44:19.567,0.12,0.26,28,0.2,0.0,0.000,-0.0,-88,HAYIR,HAYIR
2026-08-19 19:44:19.627,0.12,0.26,28,0.2,0.0,0.000,-0.0,-86,HAYIR,HAYIR
2026-08-19 19:44:19.687,0.12,0.26,28,0.2,0.0,0.000,-0.0,-84,HAYIR,HAYIR
2026-08-19 19:44:19.747,0.12,0.26,28,0.2,0.0,0.000,-0.0,-83,HAYIR,HAYIR
2026-08-19 19:44:19.807,0.12,0.24,28,0.2,0.0,0.000,-0.0,-81,HAYIR,HAYIR
2026-08-19 19:44:19.867,0.12,0.24,28,0.2,0.0,0.000,-0.0,-79,HAYIR,HAYIR
2026-08-19 19:44:19.927,0.12,0.24,28,0.2,0.0,0.000,-0.0,-78,HAYIR,HAYIR
2026-08-19 19:44:19.987,0.11,0.24,28,0.1,0.0,0.000,-0.0,-76,HAYIR,HAYIR
2026-08-19 19:44:20.047,0.11,0.24,28,0.1,0.0,0.000,-0.0,-74,HAYIR,HAYIR
2026-08-19 19:44:20.107,0.11,0.22,28,0.1,0.0,0.000,-0.0,-73,HAYIR,HAYIR
2026-08-19 19:44:20.167,0.11,0.22,28,0.1,0.0,0.000,-0.0,-71,HAYIR,HAYIR
2026-08-19 19:44:20.227,0.11,0.22,28,0.1,0.0,0.000,-0.0,-69,HAYIR,HAYIR
2026-08-19 19:44:20.287,0.11,0.22,28,0.1,0.0,0.000,-0.0,-68,HAYIR,HAYIR
2026-08-19 19:44:20.347,0.11,0.22,28,0.1,0.0,0.000,-0.0,-66,HAYIR,HAYIR
2026-08-19 19:44:20.407,0.11,0.19,28,0.1,0.0,0.000,-0.0,-64,HAYIR,HAYIR
2026-08-19 19:44:20.467,0.11,0.19,28,0.1,0.0,0.000,-0.0,-63,HAYIR,HAYIR
2026-08-19 19:44:20.527,0.11,0.19,28,0.1,0.0,0.000,-0.0,-61,HAYIR,HAYIR
2026-08-19 19:44:20.587,0.11,0.19,28,0.1,0.0,0.000,-0.0,-59,HAYIR,HAYIR
2026-08-19 19:44:20.647,0.11,0.19,28,0.1,0.0,0.000,-0.0,-58,HAYIR,HAYIR
2026-08-19 19:44:20.707,0.11,0.19,28,0.1,0.0,0.000,-0.0,-56,HAYIR,HAYIR
2026-08-19 19:44:20.767,0.11,0.16,28,0.1,0.0,0.000,-0.0,-54,HAYIR,HAYIR
2026-08-19 19:44:20.827,0.11,0.16,28,0.1,0.0,0.000,-0.0,-53,HAYIR,HAYIR
2026-08-19 19:44:20.887,0.11,0.16,28,0.0,0.0,0.000,-0.0,-51,HAYIR,HAYIR
2026-08-19 19:44:20.947,0.08,0.16,28,0.0,0.0,0.000,-0.0,-49,HAYIR,HAYIR
2026-08-19 19:44:21.007,0.06,0.16,28,0.0,0.0,0.000,-0.0,-47,HAYIR,HAYIR
2026-08-19 19:44:21.067,0.06,0.16,28,0.0,0.0,0.050,-160.0,-47,HAYIR,HAYIR
2026-08-19 19:44:21.127,0.08,0.13,28,0.0,0.0,0.100,-160.0,-49,HAYIR,HAYIR
2026-08-19 19:44:21.187,0.11,0.13,28,0.0,0.0,0.150,-160.0,-50,HAYIR,HAYIR
2026-08-19 19:44:21.247,0.13,0.13,28,0.1,0.0,0.200,-160.0,-52,HAYIR,HAYIR
2026-08-19 19:44:21.307,0.16,0.13,30,0.1,0.0,0.250,-160.0,-54,HAYIR,HAYIR
2026-08-19 19:44:21.367,0.21,0.13,31,0.1,0.0,0.289,-160.0,-55,HAYIR,HAYIR
2026-08-19 19:44:21.427,0.23,0.09,32,0.1,0.0,0.290,-160.0,-57,HAYIR,HAYIR
2026-08-19 19:44:21.487,0.26,0.09,31,0.1,0.0,0.290,-160.0,-59,HAYIR,HAYIR
2026-08-19 19:44:21.547,0.28,0.09,31,0.1,0.0,0.290,-160.0,-60,HAYIR,HAYIR
2026-08-19 19:44:21.607,0.31,0.09,31,0.1,0.0,0.290,-160.0,-62,HAYIR,HAYIR
2026-08-19 19:44:21.667,0.36,0.09,31,0.1,0.0,0.290,-160.0,-64,HAYIR,HAYIR
2026-08-19 19:44:21.727,0.38,0.09,31,0.1,0.0,0.290,-160.0,-65,HAYIR,HAYIR
2026-08-19 19:44:21.787,0.41,0.07,31,0.1,0.1,0.290,-160.0,-67,HAYIR,HAYIR
2026-08-19 19:44:21.847,0.43,0.07,31,0.1,0.2,0.290,-160.0,-69,HAYIR,HAYIR
2026-08-19 19:44:21.907,0.46,0.07,32,0.1,0.2,0.290,-160.0,-70,HAYIR,HAYIR
2026-08-19 19:44:21.967,0.51,0.07,32,0.1,0.3,0.290,-160.0,-72,HAYIR,HAYIR
2026-08-19 19:44:22.027,0.53,0.07,32,0.1,0.4,0.290,-160.0,-74,HAYIR,HAYIR
2026-08-19 19:44:22.087,0.56,0.06,32,0.1,0.5,0.290,-160.0,-75,HAYIR,HAYIR
2026-08-19 19:44:22.147,0.58,0.06,32,0.2,0.5,0.290,-160.0,-77,HAYIR,HAYIR
2026-08-19 19:44:22.207,0.61,0.06,33,0.2,0.6,0.287,-160.0,-79,HAYIR,HAYIR
2026-08-19 19:44:22.267,0.63,0.06,33,0.2,0.7,0.288,-160.0,-81,HAYIR,HAYIR
2026-08-19 19:44:22.327,0.63,0.06,33,0.2,0.8,0.288,-160.0,-82,HAYIR,HAYIR
2026-08-19 19:44:22.387,0.63,0.05,33,0.2,0.9,0.288,-160.0,-84,HAYIR,HAYIR
2026-08-19 19:44:22.447,0.63,0.05,33,0.2,0.9,0.288,-160.0,-86,HAYIR,HAYIR
2026-08-19 19:44:22.507,0.63,0.05,33,0.2,1.0,0.288,-160.0,-87,HAYIR,HAYIR
2026-08-19 19:44:22.567,0.63,0.05,33,0.2,1.1,0.288,-160.0,-89,HAYIR,HAYIR
2026-08-19 19:44:22.627,0.63,0.05,33,0.2,1.2,0.288,-160.0,-91,HAYIR,HAYIR
2026-08-19 19:44:22.687,0.63,0.05,33,0.2,1.2,0.288,-160.0,-92,HAYIR,HAYIR
2026-08-19 19:44:22.747,0.63,0.05,34,0.2,1.3,0.287,-160.0,-94,HAYIR,HAYIR
2026-08-19 19:44:22.807,0.63,0.07,34,0.2,1.4,0.287,-160.0,-96,HAYIR,HAYIR
2026-08-19 19:44:22.867,0.65,0.07,34,0.2,1.5,0.295,-160.0,-97,HAYIR,HAYIR
2026-08-19 19:44:22.927,0.65,0.07,34,0.2,1.6,0.295,-160.0,-99,HAYIR,HAYIR
2026-08-19 19:44:22.987,0.65,0.07,34,0.3,1.6,0.295,-160.0,-101,HAYIR,HAYIR
2026-08-19 19:44:23.047,0.65,0.07,34,0.3,1.7,0.295,-160.0,-102,HAYIR,HAYIR
2026-08-19 19:44:23.107,0.65,0.10,33,0.3,0.0,0.295,-160.0,-104,HAYIR,HAYIR
2026-08-19 19:44:23.167,0.65,0.10,33,0.3,0.0,0.294,-160.0,-106,HAYIR,HAYIR
2026-08-19 19:44:23.227,0.65,0.10,33,0.3,0.0,0.294,-160.0,-107,HAYIR,HAYIR
2026-08-19 19:44:23.287,0.68,0.10,33,0.3,0.0,0.288,-160.0,-109,HAYIR,HAYIR
2026-08-19 19:44:23.347,0.70,0.10,33,0.3,0.0,0.288,-160.0,-111,HAYIR,HAYIR
2026-08-19 19:44:23.407,0.71,0.16,31,0.3,0.0,0.288,-160.0,-112,HAYIR,HAYIR
2026-08-19 19:44:23.467,0.72,0.16,33,0.3,0.0,0.295,-160.0,-114,HAYIR,HAYIR
2026-08-19 19:44:23.527,0.72,0.16,33,0.3,0.0,0.295,-160.0,-116,HAYIR,HAYIR
2026-08-19 19:44:23.587,0.72,0.16,33,0.3,0.0,0.294,-160.0,-118,HAYIR,HAYIR
2026-08-19 19:44:23.647,0.72,0.16,33,0.3,0.0,0.294,-160.0,-119,HAYIR,HAYIR
2026-08-19 19:44:23.707,0.72,0.16,33,0.3,0.0,0.293,-160.0,-121,HAYIR,HAYIR
2026-08-19 19:44:23.767,0.72,0.22,33,0.3,0.0,0.292,-160.0,-123,HAYIR,HAYIR
2026-08-19 19:44:23.827,0.72,0.22,33,0.4,0.0,0.291,-160.0,-124,HAYIR,HAYIR
2026-08-19 19:44:23.887,0.72,0.22,33,0.4,0.0,0.291,-160.0,-126,HAYIR,HAYIR
2026-08-19 19:44:23.947,0.72,0.22,33,0.4,0.0,0.290,-160.0,-128,HAYIR,HAYIR
2026-08-19 19:44:24.007,0.72,0.22,33,0.4,0.0,0.290,-160.0,-129,HAYIR,HAYIR
2026-08-19 19:44:24.067,0.71,0.22,33,0.4,0.0,0.288,-160.0,-131,HAYIR,HAYIR
2026-08-19 19:44:24.127,0.71,0.27,33,0.4,0.0,0.287,-160.0,-133,HAYIR,HAYIR
2026-08-19 19:44:24.187,0.73,0.27,34,0.4,0.0,0.295,-160.0,-134,HAYIR,HAYIR
2026-08-19 19:44:24.247,0.73,0.27,33,0.4,0.0,0.294,-160.0,-136,HAYIR,HAYIR
2026-08-19 19:44:24.307,0.73,0.27,33,0.4,0.0,0.294,-160.0,-138,HAYIR,HAYIR
2026-08-19 19:44:24.367,0.74,0.27,34,0.4,0.0,0.288,-160.0,-139,HAYIR,HAYIR
2026-08-19 19:44:24.427,0.76,0.27,34,0.4,0.0,0.295,-160.0,-141,HAYIR,HAYIR
2026-08-19 19:44:24.487,0.76,0.32,34,0.4,0.0,0.294,-160.0,-143,HAYIR,HAYIR
2026-08-19 19:44:24.547,0.76,0.32,34,0.4,0.0,0.293,-160.0,-144,HAYIR,HAYIR
2026-08-19 19:44:24.607,0.75,0.32,34,0.4,0.0,0.292,-160.0,-146,HAYIR,HAYIR
2026-08-19 19:44:24.667,0.76,0.32,34,0.5,0.0,0.291,-160.0,-148,HAYIR,HAYIR
2026-08-19 19:44:24.727,0.76,0.32,34,0.5,0.0,0.289,-160.0,-149,HAYIR,HAYIR
2026-08-19 19:44:24.787,0.76,0.36,34,0.5,0.0,0.289,-160.0,-151,HAYIR,HAYIR
2026-08-19 19:44:24.847,0.76,0.36,34,0.5,0.0,0.288,-160.0,-153,HAYIR,HAYIR
2026-08-19 19:44:24.907,0.77,0.36,34,0.5,0.0,0.287,-160.0,-154,HAYIR,HAYIR
2026-08-19 19:44:24.967,0.79,0.36,34,0.5,0.0,0.287,-156.9,-156,HAYIR,HAYIR
2026-08-19 19:44:25.027,0.79,0.36,34,0.5,0.0,0.280,-154.2,-156,HAYIR,HAYIR
2026-08-19 19:44:25.087,0.79,0.39,34,0.5,0.0,0.276,-152.7,-155,HAYIR,HAYIR
2026-08-19 19:44:25.147,0.78,0.39,34,0.5,0.0,0.260,-145.8,-153,HAYIR,HAYIR
2026-08-19 19:44:25.207,0.78,0.39,34,0.5,0.0,0.255,-143.7,-151,HAYIR,HAYIR
2026-08-19 19:44:25.267,0.78,0.39,34,0.5,0.0,0.243,-138.6,-150,HAYIR,HAYIR
2026-08-19 19:44:25.327,0.80,0.39,34,0.5,0.0,0.242,-135.3,-148,HAYIR,HAYIR
2026-08-19 19:44:25.387,0.80,0.39,34,0.4,0.0,0.238,-133.5,-146,HAYIR,HAYIR
2026-08-19 19:44:25.447,0.79,0.43,34,0.4,0.0,0.230,-129.7,-145,HAYIR,HAYIR
2026-08-19 19:44:25.507,0.79,0.43,34,0.4,0.0,0.226,-128.0,-143,HAYIR,HAYIR
2026-08-19 19:44:25.567,0.79,0.43,34,0.4,0.0,0.224,-126.5,-141,HAYIR,HAYIR
2026-08-19 19:44:25.627,0.79,0.43,34,0.4,0.0,0.215,-122.8,-140,HAYIR,HAYIR
2026-08-19 19:44:25.687,0.79,0.43,34,0.4,0.0,0.211,-120.6,-138,HAYIR,HAYIR
2026-08-19 19:44:25.747,0.78,0.46,34,0.4,0.0,0.202,-116.8,-136,HAYIR,HAYIR
2026-08-19 19:44:25.807,0.78,0.46,34,0.4,0.0,0.199,-115.4,-135,HAYIR,HAYIR
2026-08-19 19:44:25.867,0.78,0.46,34,0.4,0.0,0.185,-108.4,-133,HAYIR,HAYIR
2026-08-19 19:44:25.927,0.80,0.46,34,0.4,0.0,0.182,-104.6,-131,HAYIR,HAYIR
2026-08-19 19:44:25.987,0.79,0.46,34,0.4,0.0,0.177,-102.5,-129,HAYIR,HAYIR
2026-08-19 19:44:26.047,0.79,0.46,34,0.4,0.0,0.170,-98.7,-128,HAYIR,HAYIR
2026-08-19 19:44:26.107,0.79,0.49,33,0.4,0.0,0.167,-97.2,-126,HAYIR,HAYIR
2026-08-19 19:44:26.167,0.78,0.49,34,0.4,0.0,0.157,-92.3,-124,HAYIR,HAYIR
2026-08-19 19:44:26.227,0.78,0.49,34,0.3,0.0,0.150,-88.8,-123,HAYIR,HAYIR
2026-08-19 19:44:26.287,0.78,0.49,34,0.3,0.0,0.146,-87.2,-121,HAYIR,HAYIR
2026-08-19 19:44:26.347,0.80,0.49,35,0.3,0.0,0.143,-83.5,-119,HAYIR,HAYIR
2026-08-19 19:44:26.407,0.79,0.50,34,0.3,0.0,0.140,-82.0,-118,HAYIR,HAYIR
2026-08-19 19:44:26.467,0.79,0.50,34,0.3,0.0,0.132,-77.7,-116,HAYIR,HAYIR
2026-08-19 19:44:26.527,0.79,0.50,34,0.3,0.0,0.126,-74.9,-114,HAYIR,HAYIR
2026-08-19 19:44:26.587,0.78,0.50,34,0.3,0.0,0.124,-73.6,-113,HAYIR,HAYIR
2026-08-19 19:44:26.647,0.78,0.50,34,0.3,0.0,0.117,-69.9,-111,HAYIR,HAYIR
2026-08-19 19:44:26.707,0.78,0.50,34,0.3,0.0,0.129,-77.0,-109,HAYIR,HAYIR
2026-08-19 19:44:26.767,0.80,0.50,35,0.3,0.0,0.123,-72.2,-108,HAYIR,HAYIR
2026-08-19 19:44:26.827,0.79,0.52,34,0.3,0.0,0.117,-69.2,-106,HAYIR,HAYIR
2026-08-19 19:44:26.887,0.79,0.52,34,0.3,0.0,0.118,-69.6,-104,HAYIR,HAYIR
2026-08-19 19:44:26.947,0.79,0.52,34,0.3,0.0,0.112,-66.8,-103,HAYIR,HAYIR
2026-08-19 19:44:27.007,0.79,0.52,34,0.3,0.0,0.110,-65.4,-101,HAYIR,HAYIR
2026-08-19 19:44:27.067,0.78,0.54,33,0.2,0.0,0.101,-60.7,-99,HAYIR,HAYIR
2026-08-19 19:44:27.127,0.78,0.54,34,0.2,0.0,0.097,-58.8,-98,HAYIR,HAYIR
2026-08-19 19:44:27.187,0.80,0.54,35,0.2,0.0,0.097,-57.4,-96,HAYIR,HAYIR
2026-08-19 19:44:27.247,0.79,0.54,34,0.2,0.0,0.092,-54.8,-94,HAYIR,HAYIR
2026-08-19 19:44:27.307,0.79,0.54,34,0.2,0.0,0.090,-53.3,-92,HAYIR,HAYIR
2026-08-19 19:44:27.367,0.79,0.54,34,0.2,0.0,0.081,-48.7,-91,HAYIR,HAYIR
2026-08-19 19:44:27.427,0.78,0.54,34,0.2,0.0,0.076,-46.2,-89,HAYIR,HAYIR
2026-08-19 19:44:27.487,0.78,0.56,34,0.2,0.0,0.074,-45.0,-87,HAYIR,HAYIR
2026-08-19 19:44:27.547,0.80,0.56,35,0.2,0.0,0.073,-43.5,-86,HAYIR,HAYIR
2026-08-19 19:44:27.607,0.80,0.56,34,0.2,0.0,0.071,-42.3,-84,HAYIR,HAYIR
2026-08-19 19:44:27.667,0.79,0.56,34,0.2,0.0,0.063,-37.8,-82,HAYIR,HAYIR
2026-08-19 19:44:27.727,0.78,0.56,34,0.2,0.0,0.000,-0.0,-81,HAYIR,HAYIR
2026-08-19 19:44:27.787,0.80,0.59,35,0.2,0.0,0.000,-0.0,-79,HAYIR,HAYIR
2026-08-19 19:44:27.847,0.79,0.59,34,0.2,0.0,0.000,-0.0,-77,HAYIR,HAYIR
2026-08-19 19:44:27.907,0.79,0.59,34,0.1,0.0,0.000,-0.0,-76,HAYIR,HAYIR
2026-08-19 19:44:27.967,0.78,0.59,34,0.1,0.0,0.000,-0.0,-74,HAYIR,HAYIR
2026-08-19 19:44:28.027,0.78,0.59,34,0.1,0.0,0.000,-0.0,-72,HAYIR,HAYIR
2026-08-19 19:44:28.087,0.78,0.59,34,0.1,0.0,0.000,-0.0,-71,HAYIR,HAYIR
2026-08-19 19:44:28.147,0.80,0.60,35,0.1,0.0,0.000,-0.0,-69,HAYIR,HAYIR
2026-08-19 19:44:28.207,0.79,0.60,34,0.1,0.0,0.000,-0.0,-67,HAYIR,HAYIR
2026-08-19 19:44:28.267,0.79,0.60,34,0.1,0.0,0.000,-0.0,-66,HAYIR,HAYIR
2026-08-19 19:44:28.327,0.78,0.60,34,0.1,0.0,0.000,-0.0,-64,HAYIR,HAYIR
2026-08-19 19:44:28.387,0.78,0.60,34,0.1,0.0,0.000,-0.0,-62,HAYIR,HAYIR
2026-08-19 19:44:28.447,0.78,0.64,34,0.1,0.0,0.000,-0.0,-61,HAYIR,HAYIR
2026-08-19 19:44:28.507,0.80,0.64,34,0.1,0.0,0.000,-0.0,-59,HAYIR,HAYIR
2026-08-19 19:44:28.567,0.79,0.64,34,0.1,0.0,0.000,-0.0,-57,HAYIR,HAYIR
2026-08-19 19:44:28.627,0.78,0.64,34,0.1,0.0,0.000,-0.0,-56,HAYIR,HAYIR
2026-08-19 19:44:28.687,0.78,0.64,34,0.1,0.0,0.000,-0.0,-54,HAYIR,HAYIR
2026-08-19 19:44:28.747,0.78,0.64,34,0.1,0.0,0.000,-0.0,-52,HAYIR,HAYIR
2026-08-19 19:44:28.807,0.80,0.68,33,0.0,0.0,-0.032,18.9,-50,HAYIR,HAYIR
2026-08-19 19:44:28.867,0.78,0.68,34,0.0,0.0,0.000,-0.0,-49,HAYIR,HAYIR
2026-08-19 19:44:28.927,0.79,0.68,35,0.0,0.0,0.000,-0.0,-47,HAYIR,HAYIR
2026-08-19 19:44:28.987,0.79,0.68,34,0.0,0.0,-0.030,18.1,-45,HAYIR,HAYIR
2026-08-19 19:44:29.047,0.79,0.68,34,0.0,0.0,-0.034,20.5,-44,HAYIR,HAYIR
2026-08-19 19:44:29.107,0.78,0.75,34,0.0,0.0,-0.035,21.4,-42,HAYIR,HAYIR
2026-08-19 19:44:29.167,0.78,0.75,34,0.0,0.0,-0.038,23.1,-40,HAYIR,HAYIR
2026-08-19 19:44:29.227,0.79,0.75,35,0.0,0.0,-0.041,24.5,-39,HAYIR,HAYIR
2026-08-19 19:44:29.287,0.79,0.75,34,0.0,0.0,-0.042,25.3,-37,HAYIR,HAYIR
2026-08-19 19:44:29.347,0.78,0.75,34,0.0,0.0,-0.044,26.9,-35,HAYIR,HAYIR
2026-08-19 19:44:29.407,0.78,0.75,34,0.0,0.0,-0.045,27.6,-34,HAYIR,HAYIR
2026-08-19 19:44:29.467,0.79,0.79,34,0.0,0.0,-0.049,29.5,-32,HAYIR,HAYIR
2026-08-19 19:44:29.527,0.79,0.79,34,0.0,0.0,-0.047,28.2,-30,HAYIR,HAYIR
2026-08-19 19:44:29.587,0.79,0.79,28,0.0,0.0,-0.048,28.8,-29,HAYIR,HAYIR
2026-08-19 19:44:29.647,0.78,0.79,28,0.0,0.0,-0.049,29.9,-27,HAYIR,HAYIR
2026-08-19 19:44:29.707,0.80,0.79,34,0.0,0.0,-0.051,30.4,-25,HAYIR,HAYIR
2026-08-19 19:44:29.767,0.79,0.83,28,0.0,0.0,-0.053,31.8,-24,HAYIR,HAYIR
2026-08-19 19:44:29.827,0.78,0.83,28,0.0,0.0,-0.051,30.9,-22,HAYIR,HAYIR
2026-08-19 19:44:29.887,0.78,0.83,28,0.0,0.0,-0.051,31.3,-20,HAYIR,HAYIR
2026-08-19 19:44:29.947,0.79,0.83,28,0.0,0.0,-0.054,32.1,-19,HAYIR,HAYIR
2026-08-19 19:44:30.007,0.79,0.83,28,0.0,0.0,-0.054,32.6,-17,HAYIR,HAYIR
2026-08-19 19:44:30.067,0.78,0.83,28,0.0,0.0,-0.058,35.2,-15,HAYIR,HAYIR
2026-08-19 19:44:30.127,0.79,0.88,28,0.0,0.0,-0.060,36.0,-14,HAYIR,HAYIR
2026-08-19 19:44:30.187,0.79,0.88,28,0.0,0.0,-0.060,35.7,-12,HAYIR,HAYIR
2026-08-19 19:44:30.247,0.78,0.88,28,0.0,0.0,-0.061,36.6,-10,HAYIR,HAYIR
2026-08-19 19:44:30.307,0.78,0.88,28,0.0,0.0,-0.061,37.1,-8,HAYIR,HAYIR
2026-08-19 19:44:30.367,0.79,0.88,28,0.0,0.0,-0.064,38.4,-7,HAYIR,HAYIR
2026-08-19 19:44:30.427,0.78,0.91,28,0.0,0.0,-0.064,38.9,-5,HAYIR,HAYIR
2026-08-19 19:44:30.487,0.80,0.91,28,0.0,0.0,-0.066,39.2,-3,HAYIR,HAYIR
2026-08-19 19:44:30.547,0.79,0.91,28,0.0,0.0,-0.066,39.4,-2,HAYIR,HAYIR
2026-08-19 19:44:30.607,0.79,0.91,28,0.0,0.0,-0.066,39.7,0,HAYIR,HAYIR
2026-08-19 19:44:30.667,0.79,0.91,28,0.0,0.0,-0.068,40.5,2,HAYIR,HAYIR
2026-08-19 19:44:30.727,0.79,0.92,28,0.0,0.0,-0.068,40.7,3,HAYIR,HAYIR
2026-08-19 19:44:30.787,0.78,0.92,28,0.0,0.0,-0.068,40.8,5,HAYIR,HAYIR
2026-08-19 19:44:30.847,0.79,0.92,28,0.0,0.0,-0.069,41.4,7,HAYIR,HAYIR
2026-08-19 19:44:30.907,0.79,0.92,28,0.0,0.0,-0.069,41.6,8,HAYIR,HAYIR
2026-08-19 19:44:30.967,0.79,0.92,28,0.0,0.0,-0.071,42.1,10,HAYIR,HAYIR
2026-08-19 19:44:31.027,0.79,0.92,28,0.0,0.0,-0.070,42.2,12,HAYIR,HAYIR
2026-08-19 19:44:31.087,0.78,0.92,28,0.0,0.0,-0.070,42.1,13,HAYIR,HAYIR
2026-08-19 19:44:31.147,0.79,0.91,28,0.0,0.0,-0.070,41.9,15,HAYIR,HAYIR
2026-08-19 19:44:31.207,0.78,0.91,28,0.0,0.0,-0.072,43.4,17,HAYIR,HAYIR
2026-08-19 19:44:31.267,0.79,0.91,28,0.0,0.0,-0.076,45.2,18,HAYIR,HAYIR
2026-08-19 19:44:31.327,0.79,0.91,28,0.0,0.0,-0.076,45.4,20,HAYIR,HAYIR
2026-08-19 19:44:31.387,0.80,0.91,28,0.0,0.0,-0.077,45.6,22,HAYIR,HAYIR
2026-08-19 19:44:31.447,0.79,0.87,28,0.0,0.0,-0.076,45.4,23,HAYIR,HAYIR
2026-08-19 19:44:31.507,0.79,0.87,28,0.0,0.0,-0.076,45.4,25,HAYIR,HAYIR
2026-08-19 19:44:31.567,0.80,0.87,28,0.0,0.0,-0.081,47.8,27,HAYIR,HAYIR
2026-08-19 19:44:31.627,0.79,0.87,28,0.0,0.0,-0.080,48.0,28,HAYIR,HAYIR
2026-08-19 19:44:31.687,0.79,0.87,28,0.0,0.0,-0.080,47.9,30,HAYIR,HAYIR
2026-08-19 19:44:31.747,0.78,0.84,28,0.0,0.0,-0.079,47.7,32,HAYIR,HAYIR
2026-08-19 19:44:31.807,0.80,0.84,28,0.0,0.0,-0.080,47.7,33,HAYIR,HAYIR
2026-08-19 19:44:31.867,0.79,0.84,28,0.0,0.0,-0.086,51.5,35,HAYIR,HAYIR
2026-08-19 19:44:31.927,0.78,0.84,28,0.0,0.0,-0.085,51.4,37,HAYIR,HAYIR
2026-08-19 19:44:31.987,0.79,0.84,28,0.0,0.0,-0.087,51.4,39,HAYIR,HAYIR
2026-08-19 19:44:32.047,0.79,0.84,28,0.0,0.0,-0.086,51.2,40,HAYIR,HAYIR
2026-08-19 19:44:32.107,0.79,0.80,28,0.0,0.0,-0.085,51.1,42,HAYIR,HAYIR
2026-08-19 19:44:32.167,0.80,0.80,28,0.0,0.0,-0.092,54.4,44,HAYIR,HAYIR
2026-08-19 19:44:32.227,0.79,0.80,28,0.0,0.0,-0.091,54.2,45,HAYIR,HAYIR
2026-08-19 19:44:32.287,0.79,0.80,28,0.0,0.0,-0.091,54.2,47,HAYIR,HAYIR
2026-08-19 19:44:32.347,0.79,0.80,28,0.0,0.0,-0.090,53.9,49,HAYIR,HAYIR
2026-08-19 19:44:32.407,0.78,0.75,34,0.0,0.0,-0.090,53.8,50,HAYIR,HAYIR
2026-08-19 19:44:32.467,0.79,0.75,34,0.1,0.0,-0.098,58.1,52,HAYIR,HAYIR
2026-08-19 19:44:32.527,0.79,0.75,34,0.1,0.0,-0.097,57.9,54,HAYIR,HAYIR
2026-08-19 19:44:32.587,0.79,0.75,34,0.1,0.0,-0.097,57.9,55,HAYIR,HAYIR
2026-08-19 19:44:32.647,0.80,0.75,34,0.1,0.0,-0.097,57.5,57,HAYIR,HAYIR
2026-08-19 19:44:32.707,0.79,0.75,34,0.1,0.0,-0.097,57.4,57,HAYIR,HAYIR
2026-08-19 19:44:32.767,0.79,0.71,36,0.1,0.0,-0.095,56.6,57,HAYIR,HAYIR
2026-08-19 19:44:32.827,0.79,0.71,34,0.1,0.0,-0.093,56.0,56,HAYIR,HAYIR
2026-08-19 19:44:32.887,0.78,0.71,34,0.1,0.0,-0.102,61.1,57,HAYIR,HAYIR
2026-08-19 19:44:32.947,0.79,0.71,34,0.1,0.0,-0.103,60.8,59,HAYIR,HAYIR
2026-08-19 19:44:33.007,0.79,0.71,34,0.1,0.0,-0.103,60.8,60,HAYIR,HAYIR
2026-08-19 19:44:33.067,0.79,0.71,34,0.1,0.0,-0.101,60.2,60,HAYIR,HAYIR
2026-08-19 19:44:33.127,0.00,0.66,0,0.0,0.0,0.000,0.0,60,EVET,HAYIR
2026-08-19 19:44:33.187,0.76,0.66,28,0.1,0.0,-0.049,30.6,58,HAYIR,HAYIR
2026-08-19 19:44:33.247,0.00,0.66,0,0.0,0.0,0.000,0.0,56,EVET,HAYIR
2026-08-19 19:44:33.307,0.71,0.66,28,0.1,0.0,0.000,-0.0,55,HAYIR,HAYIR
2026-08-19 19:44:33.367,0.66,0.66,29,0.1,0.0,0.000,-0.0,53,HAYIR,HAYIR
2026-08-19 19:44:33.427,0.00,0.66,0,0.0,0.0,0.000,0.0,51,EVET,HAYIR
2026-08-19 19:44:33.487,0.61,0.66,28,0.0,0.0,0.000,-0.0,50,HAYIR,HAYIR
2026-08-19 19:44:33.547,0.00,0.66,0,0.0,0.0,0.000,0.0,48,EVET,HAYIR
2026-08-19 19:44:33.607,0.56,0.66,28,0.0,0.0,0.000,-0.0,46,HAYIR,HAYIR
2026-08-19 19:44:33.667,0.51,0.66,28,0.0,0.0,0.000,-0.0,45,HAYIR,HAYIR
2026-08-19 19:44:33.727,0.00,0.66,0,0.0,0.0,0.000,0.0,43,EVET,HAYIR
2026-08-19 19:44:33.787,0.46,0.68,28,0.0,0.0,0.000,-0.0,41,HAYIR,HAYIR
2026-08-19 19:44:33.847,0.00,0.68,0,0.0,0.0,0.000,0.0,39,EVET,HAYIR
2026-08-19 19:44:33.907,0.41,0.68,28,0.0,0.0,0.000,-0.0,38,HAYIR,HAYIR
2026-08-19 19:44:33.967,0.36,0.68,28,0.0,0.0,0.000,-0.0,36,HAYIR,HAYIR
2026-08-19 19:44:34.027,0.00,0.68,0,0.0,0.0,0.000,0.0,34,EVET,HAYIR
2026-08-19 19:44:34.087,0.31,0.69,28,0.0,0.0,0.000,-0.0,33,HAYIR,HAYIR
2026-08-19 19:44:34.147,0.00,0.69,0,0.0,0.0,0.000,0.0,31,EVET,HAYIR
2026-08-19 19:44:34.207,0.26,0.69,28,0.0,0.0,0.000,-0.0,29,HAYIR,HAYIR
2026-08-19 19:44:34.267,0.21,0.69,28,0.0,0.0,0.000,-0.0,28,HAYIR,HAYIR
2026-08-19 19:44:34.327,0.00,0.69,0,0.0,0.0,0.000,0.0,26,EVET,HAYIR
2026-08-19 19:44:34.387,0.16,0.67,28,0.0,0.0,0.000,-0.0,24,HAYIR,HAYIR
2026-08-19 19:44:34.447,0.00,0.67,0,0.0,0.0,0.000,0.0,23,EVET,HAYIR
2026-08-19 19:44:34.507,0.11,0.67,0,0.0,0.0,0.000,-0.0,21,EVET,HAYIR
2026-08-19 19:44:34.567,0.06,0.67,0,0.0,0.0,0.000,-0.0,19,EVET,HAYIR
2026-08-19 19:44:34.627,0.03,0.67,0,0.0,0.0,0.000,-0.0,18,EVET,HAYIR
2026-08-19 19:44:34.687,0.01,0.67,0,0.0,0.0,0.000,-0.0,16,EVET,HAYIR
2026-08-19 19:44:34.747,0.00,0.67,0,0.0,0.0,0.000,0.0,14,EVET,HAYIR
2026-08-19 19:44:34.807,0.00,0.63,0,0.0,0.0,0.000,0.0,13,EVET,HAYIR
2026-08-19 19:44:34.867,0.00,0.63,0,0.0,0.0,0.000,0.0,11,EVET,HAYIR
2026-08-19 19:44:34.927,0.00,0.63,0,0.0,0.0,0.000,0.0,9,EVET,HAYIR
2026-08-19 19:44:34.987,0.00,0.63,0,0.0,0.0,0.000,0.0,8,EVET,HAYIR
2026-08-19 19:44:35.047,0.00,0.63,0,0.0,0.0,0.000,0.0,6,EVET,HAYIR
2026-08-19 19:44:35.107,0.00,0.56,0,0.0,0.0,0.000,0.0,4,EVET,HAYIR
2026-08-19 19:44:35.167,0.00,0.56,0,0.0,0.0,0.000,0.0,3,EVET,HAYIR
2026-08-19 19:44:35.227,0.00,0.56,0,0.0,0.0,0.000,0.0,1,EVET,HAYIR
2026-08-19 19:44:35.287,0.00,0.56,0,0.0,0.0,0.000,0.0,0,EVET,HAYIR
2026-08-19 19:44:35.347,0.00,0.56,0,0.0,0.0,0.000,0.0,0,EVET,HAYIR
2026-08-19 19:44:35.407,0.00,0.50,0,0.0,0.0,0.000,0.0,0,EVET,HAYIR
2026-08-19 19:44:35.467,0.00,0.50,0,0.0,0.0,0.000,0.0,0,EVET,HAYIR
2026-08-19 19:44:35.527,0.00,0.50,0,0.0,0.0,0.000,0.0,0,EVET,HAYIR
2026-08-19 19:44:35.587,0.00,0.50,0,0.0,0.0,0.000,0.0,0,EVET,HAYIR
2026-08-19 19:44:35.647,0.00,0.50,0,0.0,0.0,0.000,0.0,0,EVET,HAYIR
2026-08-19 19:44:35.707,0.00,0.50,0,0.0,0.0,0.000,0.0,0,EVET,HAYIR
2026-08-19 19:44:35.767,0.00,0.41,0,0.0,0.0,0.000,0.0,0,EVET,HAYIR
2026-08-19 19:44:35.827,0.00,0.41,0,0.0,0.0,0.000,0.0,0,EVET,HAYIR
2026-08-19 19:44:35.887,0.00,0.41,0,0.0,0.0,0.000,0.0,0,EVET,HAYIR
2026-08-19 19:44:35.947,0.00,0.41,0,0.0,0.0,0.000,0.0,0,EVET,HAYIR
2026-08-19 19:44:36.007,0.00,0.41,0,0.0,0.0,0.000,0.0,0,EVET,HAYIR
2026-08-19 19:44:36.067,0.00,0.30,0,0.0,0.0,0.000,0.0,0,EVET,HAYIR
2026-08-19 19:44:36.127,0.00,0.30,0,0.0,0.0,0.000,0.0,0,EVET,HAYIR
2026-08-19 19:44:36.187,0.00,0.30,0,0.0,0.0,0.000,0.0,0,EVET,HAYIR
2026-08-19 19:44:36.247,0.00,0.30,0,0.0,0.0,0.000,0.0,0,EVET,HAYIR
2026-08-19 19:44:36.307,0.00,0.30,0,0.0,0.0,0.000,0.0,0,EVET,HAYIR
2026-08-19 19:44:36.367,0.00,0.30,0,0.0,0.0,0.000,0.0,0,EVET,HAYIR
2026-08-19 19:44:36.427,0.00,0.21,0,0.0,0.0,0.000,0.0,0,EVET,HAYIR
2026-08-19 19:44:36.487,0.00,0.21,0,0.0,0.0,0.000,0.0,0,EVET,HAYIR
2026-08-19 19:44:36.547,0.00,0.21,0,0.0,0.0,0.000,0.0,0,EVET,HAYIR
2026-08-19 19:44:36.607,0.00,0.21,0,0.0,0.0,0.000,0.0,0,EVET,HAYIR
2026-08-19 19:44:36.667,0.00,0.21,0,0.0,0.0,0.000,0.0,0,EVET,HAYIR
2026-08-19 19:44:36.727,0.00,0.21,0,0.0,0.0,0.000,0.0,0,EVET,HAYIR
2026-08-19 19:44:36.787,0.00,0.15,0,0.0,0.0,0.000,0.0,0,EVET,HAYIR
2026-08-19 19:44:36.847,0.00,0.15,0,0.0,0.0,0.000,0.0,0,EVET,HAYIR
2026-08-19 19:44:36.907,0.00,0.15,0,0.0,0.0,0.000,0.0,0,EVET,HAYIR
2026-08-19 19:44:36.967,0.00,0.15,0,0.0,0.0,0.000,0.0,0,EVET,HAYIR
2026-08-19 19:44:37.027,0.00,0.15,0,0.0,0.0,0.000,0.0,0,EVET,HAYIR
2026-08-19 19:44:37.087,0.00,0.10,0,0.0,0.0,0.000,0.0,0,EVET,HAYIR
2026-08-19 19:44:37.147,0.00,0.10,0,0.0,0.0,0.000,0.0,0,EVET,HAYIR
2026-08-19 19:44:37.207,0.00,0.10,0,0.0,0.0,0.000,0.0,0,EVET,HAYIR
2026-08-19 19:44:37.267,0.00,0.10,0,0.0,0.0,0.000,0.0,0,EVET,HAYIR
2026-08-19 19:44:37.327,0.00,0.10,0,0.0,0.0,0.000,0.0,0,EVET,HAYIR
2026-08-19 19:44:37.387,0.00,0.07,0,0.0,0.0,0.000,0.0,0,HAYIR,HAYIR
2026-08-19 19:44:37.447,0.00,0.07,0,0.0,0.0,0.000,0.0,0,HAYIR,HAYIR
2026-08-19 19:44:37.507,0.00,0.07,0,0.0,0.0,0.000,0.0,0,HAYIR,HAYIR
2026-08-19 19:44:37.567,0.00,0.07,0,0.0,0.0,0.000,0.0,0,HAYIR,HAYIR
2026-08-19 19:44:37.627,0.00,0.07,0,0.0,0.0,0.000,0.0,0,HAYIR,HAYIR
2026-08-19 19:44:37.687,0.00,0.07,0,0.0,0.0,0.000,0.0,0,HAYIR,HAYIR
2026-08-19 19:44:37.747,0.00,0.05,0,0.0,0.0,0.000,0.0,0,HAYIR,HAYIR
2026-08-19 19:44:37.807,0.00,0.05,0,0.0,0.0,0.000,0.0,0,HAYIR,HAYIR
2026-08-19 19:44:37.867,0.00,0.05,0,0.0,0.0,0.000,0.0,0,HAYIR,HAYIR
2026-08-19 19:44:37.927,0.00,0.05,0,0.0,0.0,0.000,0.0,0,HAYIR,HAYIR
2026-08-19 19:44:37.987,0.00,0.05,0,0.0,0.0,0.000,0.0,0,HAYIR,HAYIR
2026-08-19 19:44:38.047,0.00,0.05,0,0.0,0.0,0.000,0.0,0,HAYIR,HAYIR
2026-08-19 19:44:38.107,0.00,0.04,0,0.0,0.0,0.000,0.0,0,HAYIR,HAYIR
2026-08-19 19:44:38.167,0.00,0.04,0,0.0,0.0,0.000,0.0,0,HAYIR,HAYIR
2026-08-19 19:44:38.227,0.00,0.04,0,0.0,0.0,0.000,0.0,0,HAYIR,HAYIR
2026-08-19 19:44:38.287,0.00,0.04,0,0.0,0.0,0.000,0.0,0,HAYIR,HAYIR
2026-08-19 19:44:38.347,0.00,0.04,0,0.0,0.0,0.000,0.0,0,HAYIR,HAYIR
2026-08-19 19:44:38.407,0.00,0.04,0,0.0,0.0,0.000,0.0,0,HAYIR,HAYIR
2026-08-19 19:44:38.467,0.00,0.02,0,0.0,0.0,0.000,0.0,0,HAYIR,HAYIR
2026-08-19 19:44:38.527,0.00,0.02,0,0.0,0.0,0.000,0.0,0,HAYIR,HAYIR
2026-08-19 19:44:38.587,0.00,0.02,0,0.0,0.0,0.000,0.0,0,HAYIR,HAYIR
2026-08-19 19:44:38.647,0.00,0.02,0,0.0,0.0,0.000,0.0,0,HAYIR,HAYIR
2026-08-19 19:44:38.707,0.00,0.02,0,0.0,0.0,0.000,0.0,0,HAYIR,HAYIR
2026-08-19 19:44:38.767,0.00,0.02,0,0.0,0.0,0.000,0.0,0,HAYIR,HAYIR
2026-08-19 19:44:38.827,0.00,0.02,0,0.0,0.0,0.000,0.0,0,HAYIR,HAYIR
2026-08-19 19:44:38.887,0.00,0.02,0,0.0,0.0,0.000,0.0,0,HAYIR,HAYIR
2026-08-19 19:44:38.947,0.00,0.02,0,0.0,0.0,0.000,0.0,0,HAYIR,HAYIR
2026-08-19 19:44:39.007,0.00,0.02,0,0.0,0.0,0.000,0.0,0,HAYIR,HAYIR
2026-08-19 19:44:39.067,0.00,0.01,0,0.0,0.0,0.000,0.0,0,HAYIR,HAYIR
2026-08-19 19:44:39.127,0.00,0.01,0,0.0,0.0,0.000,0.0,0,HAYIR,HAYIR
2026-08-19 19:44:39.187,0.00,0.01,0,0.0,0.0,0.000,0.0,0,HAYIR,HAYIR
2026-08-19 19:44:39.247,0.00,0.01,0,0.0,0.0,0.000,0.0,0,HAYIR,HAYIR
2026-08-19 19:44:39.307,0.00,0.01,0,0.0,0.0,0.000,0.0,0,HAYIR,HAYIR
2026-08-19 19:44:39.367,0.00,0.01,0,0.0,0.0,0.000,0.0,0,HAYIR,HAYIR
2026-08-19 19:44:39.427,0.00,0.01,0,0.0,0.0,0.000,0.0,0,HAYIR,HAYIR
2026-08-19 19:44:39.487,0.00,0.01,0,0.0,0.0,0.000,0.0,0,HAYIR,HAYIR
2026-08-19 19:44:39.547,0.00,0.01,0,0.0,0.0,0.000,0.0,0,HAYIR,HAYIR
2026-08-19 19:44:39.607,0.00,0.01,0,0.0,0.0,0.000,0.0,0,HAYIR,HAYIR
2026-08-19 19:44:39.667,0.00,0.01,0,0.0,0.0,0.000,0.0,0,HAYIR,HAYIR
2026-08-19 19:44:39.727,0.00,0.01,0,0.0,0.0,0.000,0.0,0,HAYIR,HAYIR
2026-08-19 19:44:39.787,0.00,0.01,0,0.0,0.0,0.000,0.0,0,HAYIR,HAYIR
2026-08-19 19:44:39.847,0.00,0.01,0,0.0,0.0,0.000,0.0,0,HAYIR,HAYIR
2026-08-19 19:44:39.907,0.00,0.01,0,0.0,0.0,0.000,0.0,0,HAYIR,HAYIR
2026-08-19 19:44:39.967,0.00,0.01,0,0.0,0.0,0.000,0.0,0,HAYIR,HAYIR
2026-08-19 19:44:40.027,0.00,0.01,0,0.0,0.0,0.000,0.0,0,HAYIR,HAYIR
2026-08-19 19:44:40.087,0.00,0.00,0,0.0,0.0,0.000,0.0,0,HAYIR,HAYIR
2026-08-19 19:44:40.147,0.00,0.00,0,0.0,0.0,0.000,0.0,0,HAYIR,HAYIR
2026-08-19 19:44:40.207,0.00,0.00,0,0.0,0.0,0.000,0.0,0,HAYIR,HAYIR
2026-08-19 19:44:40.267,0.00,0.00,0,0.0,0.0,0.000,0.0,0,HAYIR,HAYIR
2026-08-19 19:44:40.327,0.00,0.00,0,0.0,0.0,0.000,0.0,0,HAYIR,HAYIR
2026-08-19 19:44:40.387,0.00,0.00,0,0.0,0.0,0.000,0.0,0,HAYIR,HAYIR
2026-08-19 19:44:40.447,0.00,0.00,0,0.0,0.0,0.000,0.0,0,HAYIR,HAYIR
2026-08-19 19:44:40.507,0.00,0.00,0,0.0,0.0,0.000,0.0,0,HAYIR,HAYIR
2026-08-19 19:44:40.567,0.00,0.00,0,0.0,0.0,0.000,0.0,0,HAYIR,HAYIR
2026-08-19 19:44:40.627,0.00,0.00,0,0.0,0.0,0.000,0.0,0,HAYIR,HAYIR
2026-08-19 19:44:40.687,0.00,0.00,0,0.0,0.0,0.000,0.0,0,HAYIR,HAYIR
2026-08-19 19:44:40.747,0.00,0.00,0,0.0,0.0,0.000,0.0,0,HAYIR,HAYIR
2026-08-19 19:44:40.807,0.00,0.00,0,0.0,0.0,0.000,0.0,0,HAYIR,HAYIR
2026-08-19 19:44:40.867,0.00,0.00,0,0.0,0.0,0.000,0.0,0,HAYIR,HAYIR
2026-08-19 19:44:40.927,0.00,0.00,0,0.0,0.0,0.000,0.0,0,HAYIR,HAYIR
2026-08-19 19:44:40.987,0.00,0.00,0,0.0,0.0,0.000,0.0,0,HAYIR,HAYIR
2026-08-19 19:44:41.047,0.00,0.00,0,0.0,0.0,0.000,0.0,0,HAYIR,HAYIR
2026-08-19 19:44:41.107,0.00,0.00,0,0.0,0.0,0.000,0.0,0,HAYIR,HAYIR
2026-08-19 19:44:41.167,0.00,0.00,0,0.0,0.0,0.000,0.0,0,HAYIR,HAYIR
2026-08-19 19:44:41.227,0.00,0.00,0,0.0,0.0,0.000,0.0,0,HAYIR,HAYIR
2026-08-19 19:44:41.287,0.00,0.00,0,0.0,0.0,0.000,0.0,0,HAYIR,HAYIR
2026-08-19 19:44:41.347,0.00,0.00,0,0.0,0.0,0.000,0.0,0,HAYIR,HAYIR
2026-08-19 19:44:41.407,0.00,0.00,0,0.0,0.0,0.000,0.0,0,HAYIR,HAYIR
2026-08-19 19:44:41.467,0.00,0.00,0,0.0,0.0,0.000,0.0,0,HAYIR,HAYIR
2026-08-19 19:44:41.527,0.00,0.00,0,0.0,0.0,0.000,0.0,0,HAYIR,HAYIR
2026-08-19 19:44:41.587,0.00,0.00,0,0.0,0.0,0.000,0.0,0,HAYIR,HAYIR
2026-08-19 19:44:41.647,0.00,0.00,0,0.0,0.0,0.000,0.0,0,HAYIR,HAYIR
2026-08-19 19:44:41.707,0.00,0.00,0,0.0,0.0,0.000,0.0,0,HAYIR,HAYIR
2026-08-19 19:44:41.767,0.00,0.00,0,0.0,0.0,0.000,0.0,0,HAYIR,HAYIR
2026-08-19 19:44:41.827,0.00,0.00,0,0.0,0.0,0.000,0.0,0,HAYIR,HAYIR
2026-08-19 19:44:41.887,0.00,0.00,0,0.0,0.0,0.000,0.0,0,HAYIR,HAYIR
2026-08-19 19:44:41.947,0.00,0.00,0,0.0,0.0,0.000,0.0,0,HAYIR,HAYIR
2026-08-19 19:44:42.007,0.00,0.00,0,0.0,0.0,0.000,0.0,0,HAYIR,HAYIR
2026-08-19 19:44:42.067,0.00,0.00,0,0.0,0.0,0.000,0.0,0,HAYIR,HAYIR
2026-08-19 19:44:42.127,0.00,0.00,0,0.0,0.0,0.000,0.0,0,HAYIR,HAYIR
2026-08-19 19:44:42.187,0.00,0.00,0,0.0,0.0,0.000,0.0,0,HAYIR,HAYIR
2026-08-19 19:44:42.247,0.00,0.00,0,0.0,0.0,0.000,0.0,0,HAYIR,HAYIR
2026-08-19 19:44:42.307,0.00,0.00,0,0.0,0.0,0.000,0.0,0,HAYIR,HAYIR
2026-08-19 19:44:42.367,0.00,0.00,0,0.0,0.0,0.000,0.0,0,HAYIR,HAYIR
2026-08-19 19:44:42.427,0.00,0.00,0,0.0,0.0,0.000,0.0,0,HAYIR,HAYIR
2026-08-19 19:44:42.487,0.00,0.00,0,0.0,0.0,0.000,0.0,0,HAYIR,HAYIR
2026-08-19 19:44:42.547,0.00,0.00,0,0.0,0.0,0.000,0.0,0,HAYIR,HAYIR
2026-08-19 19:44:42.607,0.00,0.00,0,0.0,0.0,0.000,0.0,0,HAYIR,HAYIR
2026-08-19 19:44:42.667,0.00,0.00,0,0.0,0.0,0.000,0.0,0,HAYIR,HAYIR
2026-08-19 19:44:42.727,0.00,0.00,0,0.0,0.0,0.000,0.0,0,HAYIR,HAYIR
2026-08-19 19:44:42.787,0.00,0.00,0,0.0,0.0,0.000,0.0,0,HAYIR,HAYIR
2026-08-19 19:44:42.847,0.00,0.00,0,0.0,0.0,0.000,0.0,0,HAYIR,HAYIR
2026-08-19 19:44:42.907,0.00,0.00,0,0.0,0.0,0.000,0.0,0,HAYIR,HAYIR
2026-08-19 19:44:42.967,0.00,0.00,0,0.0,0.0,0.000,0.0,0,HAYIR,HAYIR
2026-08-19 19:44:43.027,0.00,0.00,0,0.0,0.0,0.000,0.0,0,HAYIR,HAYIR
2026-08-19 19:44:43.087,0.00,0.00,0,0.0,0.0,0.000,0.0,0,HAYIR,HAYIR
2026-08-19 19:44:43.147,0.00,0.00,0,0.0,0.0,0.000,0.0,0,HAYIR,HAYIR
2026-08-19 19:44:43.207,0.00,0.00,0,0.0,0.0,0.000,0.0,0,HAYIR,HAYIR
2026-08-19 19:44:43.267,0.00,0.00,0,0.0,0.0,0.000,0.0,0,HAYIR,HAYIR
2026-08-19 19:44:43.327,0.00,0.00,0,0.0,0.0,0.000,0.0,0,HAYIR,HAYIR
2026-08-19 19:44:43.387,0.00,0.00,0,0.0,0.0,0.000,0.0,0,HAYIR,HAYIR
2026-08-19 19:44:48.267,0.03,0.00,28,0.0,0.0,-0.050,160.0,1,HAYIR,HAYIR
2026-08-19 19:44:48.327,0.05,0.00,29,0.0,0.1,-0.063,160.0,2,HAYIR,HAYIR
2026-08-19 19:44:48.387,0.08,0.00,29,0.0,0.2,-0.066,160.0,4,HAYIR,HAYIR
2026-08-19 19:44:48.447,0.10,0.00,29,0.0,0.3,-0.066,160.0,6,HAYIR,HAYIR
2026-08-19 19:44:48.507,0.12,0.00,29,0.0,0.3,-0.053,160.0,7,HAYIR,HAYIR
2026-08-19 19:44:48.567,0.17,0.00,29,0.0,0.4,-0.067,160.0,9,HAYIR,HAYIR
2026-08-19 19:44:48.627,0.20,0.00,29,0.0,0.5,-0.067,147.4,11,HAYIR,HAYIR
2026-08-19 19:44:48.687,0.22,0.00,29,0.0,0.6,-0.067,132.2,12,HAYIR,HAYIR
2026-08-19 19:44:48.747,0.25,0.00,30,0.0,0.6,-0.067,120.3,14,HAYIR,HAYIR
2026-08-19 19:44:48.807,0.27,0.00,30,0.0,0.7,-0.067,111.2,16,HAYIR,HAYIR
2026-08-19 19:44:48.867,0.33,0.00,30,0.0,0.8,-0.057,81.1,17,HAYIR,HAYIR
2026-08-19 19:44:48.927,0.35,0.00,30,0.0,0.9,-0.057,75.6,19,HAYIR,HAYIR
2026-08-19 19:44:48.987,0.38,0.00,30,0.0,1.0,-0.067,82.6,21,HAYIR,HAYIR
2026-08-19 19:44:49.047,0.40,0.00,30,0.0,1.0,-0.067,77.6,22,HAYIR,HAYIR
2026-08-19 19:44:49.107,0.43,0.00,31,0.0,1.1,-0.066,72.4,24,HAYIR,HAYIR
2026-08-19 19:44:49.167,0.48,0.00,31,0.0,1.2,-0.059,58.3,26,HAYIR,HAYIR
2026-08-19 19:44:49.227,0.50,0.00,31,0.0,1.3,-0.059,55.5,27,HAYIR,HAYIR
2026-08-19 19:44:49.287,0.53,0.00,31,0.0,1.4,-0.066,58.8,29,HAYIR,HAYIR
2026-08-19 19:44:49.347,0.55,0.00,31,0.0,1.4,-0.066,56.2,31,HAYIR,HAYIR
2026-08-19 19:44:49.407,0.58,0.00,31,0.0,1.5,-0.066,54.0,32,HAYIR,HAYIR
2026-08-19 19:44:49.467,0.63,0.00,32,0.0,1.6,-0.060,45.5,34,HAYIR,HAYIR
2026-08-19 19:44:49.527,0.65,0.00,32,0.0,1.7,-0.060,43.8,36,HAYIR,HAYIR
2026-08-19 19:44:49.587,0.68,0.00,32,0.0,1.7,-0.068,47.3,38,HAYIR,HAYIR
2026-08-19 19:44:49.647,0.70,0.00,32,0.0,1.8,-0.068,45.7,39,HAYIR,HAYIR
2026-08-19 19:44:49.707,0.73,0.00,32,0.0,1.9,-0.065,42.7,41,HAYIR,HAYIR
2026-08-19 19:44:49.767,0.78,0.00,32,0.0,2.0,-0.067,41.1,41,HAYIR,HAYIR
2026-08-19 19:44:49.827,0.79,0.00,33,0.0,2.1,-0.060,36.3,41,HAYIR,HAYIR
2026-08-19 19:44:49.887,0.79,0.00,33,0.0,2.1,-0.060,36.3,39,HAYIR,HAYIR
2026-08-19 19:44:49.947,0.79,0.00,33,0.0,2.2,-0.060,36.3,37,HAYIR,HAYIR
2026-08-19 19:44:50.007,0.78,0.00,33,0.0,2.3,-0.067,40.4,39,HAYIR,HAYIR
2026-08-19 19:44:50.067,0.78,0.00,33,0.0,2.4,-0.067,40.5,40,HAYIR,HAYIR
2026-08-19 19:44:50.127,0.79,0.01,33,0.0,2.4,-0.059,35.8,40,HAYIR,HAYIR
2026-08-19 19:44:50.187,0.79,0.01,33,0.0,2.5,-0.059,35.8,38,HAYIR,HAYIR
2026-08-19 19:44:50.247,0.79,0.01,33,0.0,2.6,-0.059,35.8,37,HAYIR,HAYIR
2026-08-19 19:44:50.307,0.80,0.01,34,0.0,2.7,-0.068,40.4,38,HAYIR,HAYIR
2026-08-19 19:44:50.367,0.79,0.01,34,0.0,2.8,-0.066,39.5,40,HAYIR,HAYIR
2026-08-19 19:44:50.427,0.79,0.03,34,0.0,2.8,-0.066,39.5,40,HAYIR,HAYIR
2026-08-19 19:44:50.487,0.79,0.03,34,0.0,2.9,0.000,-0.0,38,HAYIR,HAYIR
2026-08-19 19:44:50.547,0.79,0.03,34,0.0,3.0,0.000,-0.0,37,HAYIR,HAYIR
2026-08-19 19:44:50.607,0.79,0.03,34,0.0,3.1,0.000,-0.0,35,HAYIR,HAYIR
2026-08-19 19:44:50.667,0.79,0.03,34,0.0,3.1,0.000,-0.0,33,HAYIR,HAYIR
2026-08-19 19:44:50.727,0.79,0.07,33,0.0,3.2,0.000,-0.0,32,HAYIR,HAYIR
2026-08-19 19:44:50.787,0.78,0.07,35,0.0,3.3,0.000,-0.0,30,HAYIR,HAYIR
2026-08-19 19:44:50.847,0.78,0.07,35,0.0,3.4,0.000,-0.0,28,HAYIR,HAYIR
2026-08-19 19:44:50.907,0.78,0.07,35,0.0,3.5,0.000,-0.0,27,HAYIR,HAYIR
2026-08-19 19:44:50.967,0.78,0.07,35,0.0,3.5,0.000,-0.0,25,HAYIR,HAYIR
2026-08-19 19:44:51.027,0.78,0.07,35,0.0,3.6,0.000,-0.0,23,HAYIR,HAYIR
2026-08-19 19:44:51.087,0.79,0.14,32,0.0,0.0,0.000,-0.0,22,HAYIR,HAYIR
2026-08-19 19:44:51.147,0.79,0.14,32,0.0,0.0,0.000,-0.0,20,HAYIR,HAYIR
2026-08-19 19:44:51.207,0.79,0.14,32,0.0,0.0,0.000,-0.0,18,HAYIR,HAYIR
2026-08-19 19:44:51.267,0.79,0.14,31,0.0,0.0,0.000,-0.0,17,HAYIR,HAYIR
2026-08-19 19:44:51.327,0.79,0.14,32,0.0,0.0,0.000,-0.0,15,HAYIR,HAYIR
2026-08-19 19:44:51.387,0.80,0.14,32,0.0,0.0,0.000,-0.0,13,HAYIR,HAYIR
2026-08-19 19:44:51.447,0.80,0.24,32,0.0,0.0,0.000,-0.0,12,HAYIR,HAYIR
2026-08-19 19:44:51.507,0.79,0.24,32,0.0,0.0,0.000,-0.0,10,HAYIR,HAYIR
2026-08-19 19:44:51.567,0.79,0.24,32,0.0,0.0,0.000,-0.0,8,HAYIR,HAYIR
2026-08-19 19:44:51.627,0.80,0.24,32,0.0,0.0,-0.062,36.6,8,HAYIR,HAYIR
2026-08-19 19:44:51.687,0.79,0.24,32,0.0,0.0,-0.112,66.4,9,HAYIR,HAYIR
2026-08-19 19:44:51.747,0.79,0.33,28,0.0,0.0,-0.127,75.3,11,HAYIR,HAYIR
2026-08-19 19:44:51.807,0.80,0.33,32,0.0,0.0,-0.130,76.3,13,HAYIR,HAYIR
2026-08-19 19:44:51.867,0.79,0.33,32,0.0,0.0,-0.118,69.3,14,HAYIR,HAYIR
2026-08-19 19:44:51.927,0.79,0.33,32,0.0,0.0,-0.118,69.3,16,HAYIR,HAYIR
2026-08-19 19:44:51.987,0.78,0.33,32,0.0,0.0,-0.136,80.7,18,HAYIR,HAYIR
2026-08-19 19:44:52.047,0.78,0.33,32,0.0,0.0,-0.136,80.7,19,HAYIR,HAYIR
2026-08-19 19:44:52.107,0.79,0.43,32,0.0,0.0,-0.139,81.3,21,HAYIR,HAYIR
2026-08-19 19:44:52.167,0.78,0.43,32,0.0,0.0,-0.116,69.3,23,HAYIR,HAYIR
2026-08-19 19:44:52.227,0.78,0.43,32,0.0,0.0,-0.116,69.3,24,HAYIR,HAYIR
2026-08-19 19:44:52.287,0.79,0.43,32,0.0,0.0,-0.137,80.4,26,HAYIR,HAYIR
2026-08-19 19:44:52.347,0.79,0.43,32,0.0,0.0,-0.137,80.4,28,HAYIR,HAYIR
2026-08-19 19:44:52.407,0.79,0.51,32,0.0,0.0,-0.139,82.1,29,HAYIR,HAYIR
2026-08-19 19:44:52.467,0.79,0.51,32,0.0,0.0,-0.100,59.6,31,HAYIR,HAYIR
2026-08-19 19:44:52.527,0.79,0.51,32,0.0,0.0,-0.100,59.6,33,HAYIR,HAYIR
2026-08-19 19:44:52.587,0.79,0.51,32,0.0,0.0,-0.111,66.2,34,HAYIR,HAYIR
2026-08-19 19:44:52.647,0.79,0.51,32,0.0,0.0,-0.111,66.2,36,HAYIR,HAYIR
2026-08-19 19:44:52.707,0.79,0.51,32,0.0,0.0,-0.114,67.3,38,HAYIR,HAYIR
2026-08-19 19:44:52.767,0.79,0.57,31,0.0,0.0,-0.055,33.1,38,HAYIR,HAYIR
2026-08-19 19:44:52.827,0.79,0.57,32,0.0,0.0,-0.055,33.1,37,HAYIR,HAYIR
2026-08-19 19:44:52.887,0.79,0.57,32,0.0,0.0,-0.054,32.2,35,HAYIR,HAYIR
2026-08-19 19:44:52.947,0.79,0.57,32,0.0,0.0,-0.054,32.2,33,HAYIR,HAYIR
2026-08-19 19:44:53.007,0.79,0.57,32,0.0,0.0,-0.053,31.8,32,HAYIR,HAYIR
2026-08-19 19:44:53.067,0.79,0.57,32,0.0,0.0,-0.051,30.3,31,HAYIR,HAYIR
2026-08-19 19:44:53.127,0.79,0.63,32,0.0,0.0,-0.042,25.5,30,HAYIR,HAYIR
2026-08-19 19:44:53.187,0.79,0.63,32,0.0,0.0,-0.042,25.5,28,HAYIR,HAYIR
2026-08-19 19:44:53.247,0.79,0.63,32,0.0,0.0,-0.042,25.5,26,HAYIR,HAYIR
2026-08-19 19:44:53.307,0.79,0.63,32,0.0,0.0,-0.039,23.5,25,HAYIR,HAYIR
2026-08-19 19:44:53.367,0.80,0.63,32,0.0,0.0,-0.037,22.1,23,HAYIR,HAYIR
2026-08-19 19:44:53.427,0.80,0.68,30,0.0,0.0,-0.037,22.1,22,HAYIR,HAYIR
2026-08-19 19:44:53.487,0.79,0.68,32,0.0,0.0,-0.033,19.9,21,HAYIR,HAYIR
2026-08-19 19:44:53.547,0.79,0.68,32,0.0,0.0,-0.033,19.9,20,HAYIR,HAYIR
2026-08-19 19:44:53.607,0.79,0.68,32,0.0,0.0,0.000,-0.0,18,HAYIR,HAYIR
2026-08-19 19:44:53.667,0.79,0.68,32,0.0,0.0,0.000,-0.0,16,HAYIR,HAYIR
2026-08-19 19:44:53.727,0.79,0.68,32,0.0,0.0,0.000,-0.0,15,HAYIR,HAYIR
2026-08-19 19:44:53.787,0.79,0.72,32,0.0,0.0,0.000,-0.0,13,HAYIR,HAYIR
2026-08-19 19:44:53.847,0.80,0.72,32,0.0,0.0,0.000,-0.0,11,HAYIR,HAYIR
2026-08-19 19:44:53.907,0.80,0.72,32,0.0,0.0,0.000,-0.0,10,HAYIR,HAYIR
2026-08-19 19:44:53.967,0.79,0.72,32,0.0,0.0,0.035,-20.8,8,HAYIR,HAYIR
2026-08-19 19:44:54.027,0.79,0.72,32,0.0,0.0,0.035,-20.8,6,HAYIR,HAYIR
2026-08-19 19:44:54.087,0.79,0.75,32,0.0,0.0,0.037,-22.3,5,HAYIR,HAYIR
2026-08-19 19:44:54.147,0.79,0.75,32,0.0,0.0,0.040,-24.3,3,HAYIR,HAYIR
2026-08-19 19:44:54.207,0.79,0.75,32,0.0,0.0,0.040,-24.3,1,HAYIR,HAYIR
2026-08-19 19:44:54.267,0.79,0.75,32,0.0,0.0,0.041,-24.8,0,HAYIR,HAYIR
2026-08-19 19:44:54.327,0.79,0.75,32,0.0,0.0,0.041,-24.8,-2,HAYIR,HAYIR
2026-08-19 19:44:54.387,0.78,0.82,28,0.0,0.0,0.043,-25.9,-4,HAYIR,HAYIR
2026-08-19 19:44:54.447,0.79,0.82,28,0.0,0.0,0.051,-30.4,-5,HAYIR,HAYIR
2026-08-19 19:44:54.507,0.79,0.82,28,0.0,0.0,0.051,-30.4,-7,HAYIR,HAYIR
2026-08-19 19:44:54.567,0.79,0.82,28,0.0,0.0,0.046,-27.4,-9,HAYIR,HAYIR
2026-08-19 19:44:54.627,0.79,0.82,28,0.0,0.0,0.046,-27.4,-10,HAYIR,HAYIR
2026-08-19 19:44:54.687,0.78,0.82,28,0.0,0.0,0.047,-28.5,-12,HAYIR,HAYIR
2026-08-19 19:44:54.747,0.78,0.82,28,0.0,0.0,0.047,-28.5,-14,HAYIR,HAYIR
2026-08-19 19:44:54.807,0.79,0.86,28,0.0,0.0,0.048,-29.0,-15,HAYIR,HAYIR
2026-08-19 19:44:54.867,0.78,0.86,28,0.0,0.0,0.000,-0.0,-16,HAYIR,HAYIR
2026-08-19 19:44:54.927,0.78,0.86,28,0.0,0.0,0.000,-0.0,-14,HAYIR,HAYIR
2026-08-19 19:44:54.987,0.79,0.86,28,0.0,0.0,0.000,-0.0,-13,HAYIR,HAYIR
2026-08-19 19:44:55.047,0.79,0.86,28,0.0,0.0,0.000,-0.0,-11,HAYIR,HAYIR
2026-08-19 19:44:55.107,0.79,0.89,28,0.0,0.0,0.000,-0.0,-9,HAYIR,HAYIR
2026-08-19 19:44:55.167,0.79,0.89,28,0.0,0.0,0.031,-18.6,-11,HAYIR,HAYIR
2026-08-19 19:44:55.227,0.79,0.89,28,0.0,0.0,0.031,-18.6,-13,HAYIR,HAYIR
2026-08-19 19:44:55.287,0.79,0.89,28,0.0,0.0,0.000,-0.0,-12,HAYIR,HAYIR
2026-08-19 19:44:55.347,0.79,0.89,28,0.0,0.0,0.000,-0.0,-10,HAYIR,HAYIR
2026-08-19 19:44:55.407,0.79,0.90,28,0.0,0.0,0.000,-0.0,-9,HAYIR,HAYIR
2026-08-19 19:44:55.467,0.80,0.90,28,0.0,0.0,0.039,-23.3,-8,HAYIR,HAYIR
2026-08-19 19:44:55.527,0.80,0.90,28,0.0,0.0,0.039,-23.3,-10,HAYIR,HAYIR
2026-08-19 19:44:55.587,0.79,0.90,28,0.0,0.0,0.000,-0.0,-9,HAYIR,HAYIR
2026-08-19 19:44:55.647,0.79,0.90,28,0.0,0.0,0.000,-0.0,-8,HAYIR,HAYIR
2026-08-19 19:44:55.707,0.80,0.90,28,0.0,0.0,0.000,-0.0,-6,HAYIR,HAYIR
2026-08-19 19:44:55.767,0.79,0.89,28,0.0,0.0,0.032,-19.6,-5,HAYIR,HAYIR
2026-08-19 19:44:55.827,0.79,0.89,28,0.0,0.0,0.032,-19.6,-7,HAYIR,HAYIR
2026-08-19 19:44:55.887,0.79,0.89,28,0.0,0.0,0.032,-19.6,-9,HAYIR,HAYIR
2026-08-19 19:44:55.947,0.79,0.89,28,0.0,0.0,0.032,-19.6,-10,HAYIR,HAYIR
2026-08-19 19:44:56.007,0.79,0.89,28,0.0,0.0,0.046,-27.8,-12,HAYIR,HAYIR
2026-08-19 19:44:56.067,0.78,0.88,28,0.0,0.0,0.046,-27.8,-14,HAYIR,HAYIR
2026-08-19 19:44:56.127,0.80,0.88,28,0.0,0.0,0.061,-36.5,-15,HAYIR,HAYIR
2026-08-19 19:44:56.187,0.80,0.88,28,0.0,0.0,0.061,-36.5,-17,HAYIR,HAYIR
2026-08-19 19:44:56.247,0.80,0.88,28,0.0,0.0,0.061,-36.5,-19,HAYIR,HAYIR
2026-08-19 19:44:56.307,0.78,0.88,28,0.0,0.0,0.047,-28.3,-20,HAYIR,HAYIR
2026-08-19 19:44:56.367,0.79,0.88,28,0.0,0.0,0.047,-28.3,-22,HAYIR,HAYIR
2026-08-19 19:44:56.427,0.79,0.85,28,0.0,0.0,0.047,-28.3,-24,HAYIR,HAYIR
2026-08-19 19:44:56.487,0.78,0.85,28,0.0,0.0,0.047,-28.4,-26,HAYIR,HAYIR
2026-08-19 19:44:56.547,0.78,0.85,28,0.0,0.0,0.064,-38.5,-27,HAYIR,HAYIR
2026-08-19 19:44:56.607,0.78,0.85,28,0.0,0.0,0.064,-38.5,-29,HAYIR,HAYIR
2026-08-19 19:44:56.667,0.78,0.85,28,0.0,0.0,0.048,-29.2,-29,HAYIR,HAYIR
2026-08-19 19:44:56.727,0.78,0.85,28,0.0,0.0,0.048,-29.2,-29,HAYIR,HAYIR
2026-08-19 19:44:56.787,0.79,0.82,28,0.0,0.0,0.048,-29.1,-29,HAYIR,HAYIR
2026-08-19 19:44:56.847,0.79,0.82,28,0.0,0.0,0.060,-35.7,-30,HAYIR,HAYIR
2026-08-19 19:44:56.907,0.79,0.82,28,0.0,0.0,0.060,-35.7,-32,HAYIR,HAYIR
2026-08-19 19:44:56.967,0.79,0.82,28,0.0,0.0,0.049,-29.5,-32,HAYIR,HAYIR
2026-08-19 19:44:57.027,0.79,0.82,28,0.0,0.0,0.049,-29.5,-31,HAYIR,HAYIR
2026-08-19 19:44:57.087,0.79,0.78,33,0.0,0.0,0.048,-29.2,-29,HAYIR,HAYIR
2026-08-19 19:44:57.147,0.79,0.78,31,0.0,0.0,0.062,-37.5,-30,HAYIR,HAYIR
2026-08-19 19:44:57.207,0.79,0.78,31,0.0,0.0,0.062,-37.5,-32,HAYIR,HAYIR
2026-08-19 19:44:57.267,0.79,0.78,31,0.0,0.0,0.062,-37.5,-34,HAYIR,HAYIR
2026-08-19 19:44:57.327,0.79,0.78,31,0.0,0.0,0.048,-28.5,-32,HAYIR,HAYIR
2026-08-19 19:44:57.387,0.79,0.78,31,0.0,0.0,0.046,-28.0,-30,HAYIR,HAYIR
2026-08-19 19:44:57.447,0.80,0.74,32,0.0,0.0,0.058,-34.4,-31,HAYIR,HAYIR
2026-08-19 19:44:57.507,0.80,0.74,32,0.0,0.0,0.058,-34.4,-33,HAYIR,HAYIR
2026-08-19 19:44:57.567,0.79,0.74,31,0.0,0.0,0.046,-27.8,-33,HAYIR,HAYIR
2026-08-19 19:44:57.627,0.79,0.74,32,0.0,0.0,0.046,-27.8,-31,HAYIR,HAYIR
2026-08-19 19:44:57.687,0.78,0.74,31,0.0,0.0,0.045,-27.3,-30,HAYIR,HAYIR
2026-08-19 19:44:57.747,0.78,0.70,32,0.0,0.0,0.045,-27.3,-28,HAYIR,HAYIR
2026-08-19 19:44:57.807,0.79,0.70,32,0.0,0.0,0.061,-36.6,-30,HAYIR,HAYIR
2026-08-19 19:44:57.867,0.78,0.70,31,0.0,0.0,0.045,-27.3,-30,HAYIR,HAYIR
2026-08-19 19:44:57.927,0.78,0.70,32,0.0,0.0,0.045,-27.3,-29,HAYIR,HAYIR
2026-08-19 19:44:57.987,0.79,0.70,32,0.0,0.0,0.044,-26.5,-27,HAYIR,HAYIR
2026-08-19 19:44:58.047,0.79,0.70,32,0.0,0.0,0.044,-26.5,-26,HAYIR,HAYIR
2026-08-19 19:44:58.107,0.79,0.68,32,0.0,0.0,0.042,-25.6,-26,HAYIR,HAYIR
2026-08-19 19:44:58.167,0.79,0.68,32,0.0,0.0,0.070,-42.0,-26,HAYIR,HAYIR
2026-08-19 19:44:58.227,0.79,0.68,32,0.0,0.0,0.073,-44.0,-28,HAYIR,HAYIR
2026-08-19 19:44:58.287,0.79,0.68,32,0.0,0.0,0.045,-27.5,-27,HAYIR,HAYIR
2026-08-19 19:44:58.347,0.79,0.68,32,0.0,0.0,0.045,-27.5,-27,HAYIR,HAYIR
2026-08-19 19:44:58.407,0.79,0.68,32,0.0,0.0,0.044,-26.6,-27,HAYIR,HAYIR
2026-08-19 19:44:58.467,0.79,0.68,32,0.0,0.0,0.054,-32.0,-27,HAYIR,HAYIR
2026-08-19 19:44:58.527,0.79,0.68,32,0.0,0.0,0.054,-32.0,-29,HAYIR,HAYIR
2026-08-19 19:44:58.587,0.79,0.68,32,0.0,0.0,0.044,-26.1,-28,HAYIR,HAYIR
2026-08-19 19:44:58.647,0.79,0.68,32,0.0,0.0,0.044,-26.1,-27,HAYIR,HAYIR
2026-08-19 19:44:58.707,0.79,0.68,32,0.0,0.0,0.042,-25.1,-25,HAYIR,HAYIR
2026-08-19 19:44:58.767,0.80,0.69,32,0.0,0.0,0.040,-24.1,-25,HAYIR,HAYIR
2026-08-19 19:44:58.827,0.79,0.69,32,0.0,0.0,0.050,-29.9,-25,HAYIR,HAYIR
2026-08-19 19:44:58.887,0.79,0.69,32,0.0,0.0,0.050,-29.9,-26,HAYIR,HAYIR
2026-08-19 19:44:58.947,0.79,0.69,32,0.0,0.0,0.050,-29.9,-28,HAYIR,HAYIR
2026-08-19 19:44:59.007,0.78,0.69,32,0.0,0.0,0.037,-22.5,-26,HAYIR,HAYIR
2026-08-19 19:44:59.067,0.79,0.70,32,0.0,0.0,0.035,-21.3,-25,HAYIR,HAYIR
2026-08-19 19:44:59.127,0.79,0.70,32,0.0,0.0,0.039,-23.2,-23,HAYIR,HAYIR
2026-08-19 19:44:59.187,0.79,0.70,32,0.0,0.0,0.039,-23.2,-23,HAYIR,HAYIR
2026-08-19 19:44:59.247,0.79,0.70,32,0.0,0.0,0.039,-23.2,-23,HAYIR,HAYIR
2026-08-19 19:44:59.307,0.79,0.70,32,0.0,0.0,0.031,-18.7,-22,HAYIR,HAYIR
2026-08-19 19:44:59.367,0.79,0.70,32,0.0,0.0,0.000,-0.0,-20,HAYIR,HAYIR
2026-08-19 19:44:59.427,0.80,0.72,32,0.0,0.0,0.032,-19.1,-19,HAYIR,HAYIR
2026-08-19 19:44:59.487,0.80,0.72,32,0.0,0.0,0.032,-19.1,-19,HAYIR,HAYIR
2026-08-19 19:44:59.547,0.80,0.72,32,0.0,0.0,0.032,-19.1,-19,HAYIR,HAYIR
2026-08-19 19:44:59.607,0.78,0.72,32,0.0,0.0,0.000,-0.0,-17,HAYIR,HAYIR
2026-08-19 19:44:59.667,0.79,0.72,32,0.0,0.0,0.000,-0.0,-16,HAYIR,HAYIR
2026-08-19 19:44:59.727,0.79,0.72,32,0.0,0.0,0.000,-0.0,-14,HAYIR,HAYIR
2026-08-19 19:44:59.787,0.78,0.74,32,0.0,0.0,0.000,-0.0,-12,HAYIR,HAYIR
2026-08-19 19:44:59.847,0.79,0.74,32,0.0,0.0,0.000,-0.0,-11,HAYIR,HAYIR
2026-08-19 19:44:59.907,0.79,0.74,32,0.0,0.0,0.000,-0.0,-9,HAYIR,HAYIR
2026-08-19 19:44:59.967,0.79,0.74,32,0.0,0.0,0.000,-0.0,-7,HAYIR,HAYIR
2026-08-19 19:45:00.027,0.79,0.74,32,0.0,0.0,0.000,-0.0,-6,HAYIR,HAYIR
2026-08-19 19:45:00.087,0.79,0.77,31,0.0,0.0,0.000,-0.0,-4,HAYIR,HAYIR
2026-08-19 19:45:00.147,0.79,0.77,32,0.0,0.0,0.000,-0.0,-2,HAYIR,HAYIR
2026-08-19 19:45:00.207,0.79,0.77,32,0.0,0.0,0.000,-0.0,-1,HAYIR,HAYIR
2026-08-19 19:45:00.267,0.78,0.77,32,0.0,0.0,0.000,-0.0,0,HAYIR,HAYIR
2026-08-19 19:45:00.327,0.78,0.77,32,0.0,0.0,0.000,-0.0,0,HAYIR,HAYIR
2026-08-19 19:45:00.387,0.79,0.77,32,0.0,0.0,0.000,-0.0,0,HAYIR,HAYIR
2026-08-19 19:45:00.447,0.79,0.78,32,0.0,0.0,0.000,-0.0,0,HAYIR,HAYIR
2026-08-19 19:45:00.507,0.79,0.78,32,0.0,0.0,0.000,-0.0,0,HAYIR,HAYIR
2026-08-19 19:45:00.567,0.79,0.78,32,0.0,0.0,0.000,-0.0,0,HAYIR,HAYIR
2026-08-19 19:45:00.627,0.79,0.78,32,0.0,0.0,0.000,-0.0,0,HAYIR,HAYIR
2026-08-19 19:45:00.687,0.79,0.78,32,0.0,0.0,0.000,-0.0,0,HAYIR,HAYIR
2026-08-19 19:45:00.747,0.79,0.80,28,0.0,0.0,0.000,-0.0,0,HAYIR,HAYIR
2026-08-19 19:45:00.807,0.80,0.80,28,0.0,0.0,0.000,-0.0,0,HAYIR,HAYIR
2026-08-19 19:45:00.867,0.80,0.80,28,0.0,0.0,0.000,-0.0,0,HAYIR,HAYIR
2026-08-19 19:45:00.927,0.80,0.80,28,0.0,0.0,0.000,-0.0,0,HAYIR,HAYIR
2026-08-19 19:45:00.987,0.78,0.80,28,0.0,0.0,0.000,-0.0,0,HAYIR,HAYIR
2026-08-19 19:45:01.047,0.78,0.84,28,0.0,0.0,0.000,-0.0,0,HAYIR,HAYIR
2026-08-19 19:45:01.107,0.79,0.84,28,0.0,0.0,0.000,-0.0,0,HAYIR,HAYIR
2026-08-19 19:45:01.167,0.79,0.84,28,0.0,0.0,0.000,-0.0,0,HAYIR,HAYIR
2026-08-19 19:45:01.227,0.79,0.84,28,0.0,0.0,0.000,-0.0,0,HAYIR,HAYIR
2026-08-19 19:45:01.287,0.78,0.84,28,0.0,0.0,0.000,-0.0,0,HAYIR,HAYIR
2026-08-19 19:45:01.347,0.78,0.84,28,0.0,0.0,0.000,-0.0,0,HAYIR,HAYIR
2026-08-19 19:45:01.407,0.79,0.84,28,0.0,0.0,0.000,-0.0,0,HAYIR,HAYIR
2026-08-19 19:45:01.467,0.79,0.88,28,0.0,0.0,0.000,-0.0,0,HAYIR,HAYIR
2026-08-19 19:45:01.527,0.79,0.88,28,0.0,0.0,0.000,-0.0,0,HAYIR,HAYIR
2026-08-19 19:45:01.587,0.79,0.88,28,0.0,0.0,0.000,-0.0,0,HAYIR,HAYIR
2026-08-19 19:45:01.647,0.79,0.88,28,0.0,0.0,0.000,-0.0,0,HAYIR,HAYIR
2026-08-19 19:45:01.707,0.79,0.88,28,0.0,0.0,0.000,-0.0,0,HAYIR,HAYIR
2026-08-19 19:45:01.767,0.79,0.89,28,0.0,0.0,0.000,-0.0,0,HAYIR,HAYIR
2026-08-19 19:45:01.827,0.79,0.89,28,0.0,0.0,0.000,-0.0,0,HAYIR,HAYIR
2026-08-19 19:45:01.887,0.79,0.89,28,0.0,0.0,0.000,-0.0,0,HAYIR,HAYIR
2026-08-19 19:45:01.947,0.79,0.89,28,0.0,0.0,0.000,-0.0,0,HAYIR,HAYIR
2026-08-19 19:45:02.007,0.79,0.89,28,0.0,0.0,0.000,-0.0,0,HAYIR,HAYIR
2026-08-19 19:45:02.067,0.78,0.89,28,0.0,0.0,0.000,-0.0,0,HAYIR,HAYIR
2026-08-19 19:45:02.127,0.79,0.89,28,0.0,0.0,0.000,-0.0,0,HAYIR,HAYIR
2026-08-19 19:45:02.187,0.79,0.89,28,0.0,0.0,0.000,-0.0,0,HAYIR,HAYIR
2026-08-19 19:45:02.247,0.79,0.89,28,0.0,0.0,0.000,-0.0,0,HAYIR,HAYIR
2026-08-19 19:45:02.307,0.79,0.89,28,0.0,0.0,0.000,-0.0,0,HAYIR,HAYIR
2026-08-19 19:45:02.367,0.79,0.89,28,0.0,0.0,0.000,-0.0,0,HAYIR,HAYIR
2026-08-19 19:45:02.427,0.79,0.87,28,0.0,0.0,0.000,-0.0,0,HAYIR,HAYIR
2026-08-19 19:45:02.487,0.79,0.87,28,0.0,0.0,0.000,-0.0,0,HAYIR,HAYIR
2026-08-19 19:45:02.547,0.79,0.87,28,0.0,0.0,0.000,-0.0,0,HAYIR,HAYIR
2026-08-19 19:45:02.607,0.79,0.87,28,0.0,0.0,0.000,-0.0,0,HAYIR,HAYIR
2026-08-19 19:45:02.667,0.79,0.87,28,0.0,0.0,0.000,-0.0,0,HAYIR,HAYIR
2026-08-19 19:45:02.727,0.79,0.85,28,0.0,0.0,0.000,-0.0,0,HAYIR,HAYIR
2026-08-19 19:45:02.787,0.79,0.85,28,0.0,0.0,0.000,-0.0,0,HAYIR,HAYIR
2026-08-19 19:45:02.847,0.79,0.85,28,0.0,0.0,0.000,-0.0,0,HAYIR,HAYIR
2026-08-19 19:45:02.907,0.79,0.85,28,0.0,0.0,0.000,-0.0,0,HAYIR,HAYIR
2026-08-19 19:45:02.967,0.78,0.85,28,0.0,0.0,0.000,-0.0,0,HAYIR,HAYIR
2026-08-19 19:45:03.027,0.78,0.85,28,0.0,0.0,0.000,-0.0,0,HAYIR,HAYIR
2026-08-19 19:45:03.087,0.79,0.85,28,0.0,0.0,0.000,-0.0,0,HAYIR,HAYIR
2026-08-19 19:45:03.147,0.79,0.83,28,0.0,0.0,0.000,-0.0,0,HAYIR,HAYIR
2026-08-19 19:45:03.207,0.79,0.83,28,0.0,0.0,0.000,-0.0,0,HAYIR,HAYIR
2026-08-19 19:45:03.267,0.79,0.83,28,0.0,0.0,0.000,-0.0,0,HAYIR,HAYIR
2026-08-19 19:45:03.327,0.79,0.83,28,0.0,0.0,0.000,-0.0,0,HAYIR,HAYIR
2026-08-19 19:45:03.387,0.78,0.83,28,0.0,0.0,0.000,-0.0,0,HAYIR,HAYIR
2026-08-19 19:45:03.447,0.78,0.82,28,0.0,0.0,0.000,-0.0,0,HAYIR,HAYIR
2026-08-19 19:45:03.507,0.79,0.82,28,0.0,0.0,0.000,-0.0,0,HAYIR,HAYIR
2026-08-19 19:45:03.567,0.78,0.82,28,0.0,0.0,0.000,-0.0,0,HAYIR,HAYIR
2026-08-19 19:45:03.627,0.78,0.82,28,0.0,0.0,0.000,-0.0,0,HAYIR,HAYIR
2026-08-19 19:45:03.687,0.79,0.82,28,0.0,0.0,0.000,-0.0,0,HAYIR,HAYIR
2026-08-19 19:45:03.747,0.79,0.80,28,0.0,0.0,0.000,-0.0,0,HAYIR,HAYIR
2026-08-19 19:45:03.807,0.78,0.80,28,0.0,0.0,0.000,-0.0,0,HAYIR,HAYIR
2026-08-19 19:45:03.867,0.79,0.80,28,0.0,0.0,0.000,-0.0,0,HAYIR,HAYIR
2026-08-19 19:45:03.927,0.79,0.80,28,0.0,0.0,0.000,-0.0,0,HAYIR,HAYIR
2026-08-19 19:45:03.987,0.78,0.80,28,0.0,0.0,0.000,-0.0,0,HAYIR,HAYIR
2026-08-19 19:45:04.047,0.78,0.80,28,0.0,0.0,0.000,-0.0,0,HAYIR,HAYIR
2026-08-19 19:45:04.107,0.79,0.75,32,0.0,0.0,0.000,-0.0,0,HAYIR,HAYIR
2026-08-19 19:45:04.167,0.79,0.75,32,0.0,0.0,0.000,-0.0,0,HAYIR,HAYIR
2026-08-19 19:45:04.227,0.79,0.75,32,0.0,0.0,0.000,-0.0,0,HAYIR,HAYIR
2026-08-19 19:45:04.287,0.79,0.75,32,0.0,0.0,0.000,-0.0,0,HAYIR,HAYIR
2026-08-19 19:45:04.347,0.79,0.75,32,0.0,0.0,0.000,-0.0,0,HAYIR,HAYIR
2026-08-19 19:45:04.407,0.79,0.72,32,0.0,0.0,0.000,-0.0,0,HAYIR,HAYIR
2026-08-19 19:45:04.467,0.78,0.72,32,0.0,0.0,0.000,-0.0,0,HAYIR,HAYIR
2026-08-19 19:45:04.527,0.78,0.72,32,0.0,0.0,0.000,-0.0,0,HAYIR,HAYIR
2026-08-19 19:45:04.587,0.79,0.72,32,0.0,0.0,0.000,-0.0,0,HAYIR,HAYIR
2026-08-19 19:45:04.647,0.79,0.72,32,0.0,0.0,0.000,-0.0,0,HAYIR,HAYIR
2026-08-19 19:45:04.707,0.78,0.72,32,0.0,0.0,0.000,-0.0,0,HAYIR,HAYIR
2026-08-19 19:45:04.767,0.79,0.69,33,0.0,0.0,0.000,-0.0,0,HAYIR,HAYIR
2026-08-19 19:45:04.827,0.79,0.69,32,0.0,0.0,0.000,-0.0,0,HAYIR,HAYIR
2026-08-19 19:45:04.887,0.79,0.69,32,0.0,0.0,0.000,-0.0,0,HAYIR,HAYIR
2026-08-19 19:45:04.947,0.79,0.69,32,0.0,0.0,0.000,-0.0,0,HAYIR,HAYIR
2026-08-19 19:45:05.007,0.79,0.69,32,0.0,0.0,0.000,-0.0,0,HAYIR,HAYIR
2026-08-19 19:45:05.067,0.79,0.69,31,0.0,0.0,0.000,-0.0,0,HAYIR,HAYIR
2026-08-19 19:45:05.127,0.79,0.67,32,0.0,0.0,0.000,-0.0,0,HAYIR,HAYIR
2026-08-19 19:45:05.187,0.79,0.67,32,0.0,0.0,0.000,-0.0,0,HAYIR,HAYIR
2026-08-19 19:45:05.247,0.79,0.67,32,0.0,0.0,0.000,-0.0,0,HAYIR,HAYIR
2026-08-19 19:45:05.307,0.79,0.67,32,0.0,0.0,0.000,-0.0,0,HAYIR,HAYIR
2026-08-19 19:45:05.367,0.80,0.67,32,0.0,0.0,0.000,-0.0,0,HAYIR,HAYIR
2026-08-19 19:45:05.427,0.80,0.69,32,0.0,0.0,0.000,-0.0,0,HAYIR,HAYIR
2026-08-19 19:45:05.487,0.79,0.69,32,0.0,0.0,0.000,-0.0,0,HAYIR,HAYIR
2026-08-19 19:45:05.547,0.79,0.69,32,0.0,0.0,0.000,-0.0,0,HAYIR,HAYIR
2026-08-19 19:45:05.607,0.80,0.69,32,0.0,0.0,0.000,-0.0,0,HAYIR,HAYIR
2026-08-19 19:45:05.667,0.79,0.69,32,0.0,0.0,0.000,-0.0,0,HAYIR,HAYIR
2026-08-19 19:45:05.727,0.79,0.70,31,0.0,0.0,0.000,-0.0,0,HAYIR,HAYIR
2026-08-19 19:45:05.787,0.79,0.70,32,0.0,0.0,0.000,-0.0,0,HAYIR,HAYIR
2026-08-19 19:45:05.847,0.79,0.70,32,0.0,0.0,0.000,-0.0,0,HAYIR,HAYIR
2026-08-19 19:45:05.907,0.79,0.70,32,0.0,0.0,0.000,-0.0,0,HAYIR,HAYIR
2026-08-19 19:45:05.967,0.78,0.70,32,0.0,0.0,0.000,-0.0,0,HAYIR,HAYIR
2026-08-19 19:45:06.027,0.78,0.70,32,0.0,0.0,0.000,-0.0,0,HAYIR,HAYIR
2026-08-19 19:45:06.087,0.77,0.72,32,0.0,0.0,0.000,-0.0,0,HAYIR,HAYIR
2026-08-19 19:45:06.147,0.76,0.72,32,0.0,0.0,0.000,-0.0,0,HAYIR,HAYIR
2026-08-19 19:45:06.207,0.76,0.72,32,0.0,0.0,0.000,-0.0,0,HAYIR,HAYIR
2026-08-19 19:45:06.267,0.76,0.72,32,0.0,0.0,0.000,-0.0,0,HAYIR,HAYIR
2026-08-19 19:45:06.327,0.76,0.72,32,0.0,0.0,0.000,-0.0,0,HAYIR,HAYIR
2026-08-19 19:45:06.387,0.75,0.72,32,0.0,0.0,0.000,-0.0,0,HAYIR,HAYIR
2026-08-19 19:45:06.447,0.75,0.75,31,0.0,0.0,0.000,-0.0,0,HAYIR,HAYIR
2026-08-19 19:45:06.507,0.74,0.75,28,0.0,0.0,0.000,-0.0,0,HAYIR,HAYIR
2026-08-19 19:45:06.567,0.72,0.75,28,0.0,0.0,0.000,-0.0,0,HAYIR,HAYIR
2026-08-19 19:45:06.627,0.72,0.75,28,0.0,0.0,0.000,-0.0,0,HAYIR,HAYIR
2026-08-19 19:45:06.687,0.73,0.75,28,0.0,0.0,0.000,-0.0,0,HAYIR,HAYIR
2026-08-19 19:45:06.747,0.73,0.75,28,0.0,0.0,0.000,-0.0,0,HAYIR,HAYIR
2026-08-19 19:45:06.807,0.72,0.78,28,0.0,0.0,0.000,-0.0,0,HAYIR,HAYIR
2026-08-19 19:45:06.867,0.71,0.78,28,0.0,0.0,0.000,-0.0,0,HAYIR,HAYIR
2026-08-19 19:45:06.927,0.71,0.78,28,0.0,0.0,0.000,-0.0,0,HAYIR,HAYIR
2026-08-19 19:45:06.987,0.70,0.78,28,0.0,0.0,0.000,-0.0,0,HAYIR,HAYIR
2026-08-19 19:45:07.047,0.70,0.78,28,0.0,0.0,0.000,-0.0,0,HAYIR,HAYIR
2026-08-19 19:45:07.107,0.70,0.79,28,0.0,0.0,0.000,-0.0,0,HAYIR,HAYIR
2026-08-19 19:45:07.167,0.68,0.79,28,0.0,0.0,0.000,-0.0,0,HAYIR,HAYIR
2026-08-19 19:45:07.227,0.68,0.79,28,0.0,0.0,0.000,-0.0,0,HAYIR,HAYIR
2026-08-19 19:45:07.287,0.68,0.79,28,0.0,0.0,0.000,-0.0,0,HAYIR,HAYIR
2026-08-19 19:45:07.347,0.68,0.79,28,0.0,0.0,0.000,-0.0,0,HAYIR,HAYIR
2026-08-19 19:45:07.407,0.67,0.78,28,0.0,0.0,0.000,-0.0,0,HAYIR,HAYIR
2026-08-19 19:45:07.467,0.66,0.78,28,0.0,0.0,0.000,-0.0,0,HAYIR,HAYIR
2026-08-19 19:45:07.527,0.66,0.78,28,0.0,0.0,0.000,-0.0,0,HAYIR,HAYIR
2026-08-19 19:45:07.587,0.66,0.78,28,0.0,0.0,0.000,-0.0,0,HAYIR,HAYIR
2026-08-19 19:45:07.647,0.66,0.78,28,0.0,0.0,0.000,-0.0,0,HAYIR,HAYIR
2026-08-19 19:45:07.707,0.65,0.78,28,0.0,0.0,0.000,-0.0,0,HAYIR,HAYIR
2026-08-19 19:45:07.767,0.63,0.76,28,0.0,0.0,0.000,-0.0,0,HAYIR,HAYIR
2026-08-19 19:45:07.827,0.63,0.76,28,0.0,0.0,0.000,-0.0,0,HAYIR,HAYIR
2026-08-19 19:45:07.887,0.64,0.76,28,0.0,0.0,0.000,-0.0,0,HAYIR,HAYIR
2026-08-19 19:45:07.947,0.64,0.76,28,0.0,0.0,0.000,-0.0,0,HAYIR,HAYIR
2026-08-19 19:45:08.007,0.63,0.76,28,0.0,0.0,0.000,-0.0,0,HAYIR,HAYIR
2026-08-19 19:45:08.067,0.62,0.76,28,0.0,0.0,0.000,-0.0,0,HAYIR,HAYIR
2026-08-19 19:45:08.127,0.62,0.75,28,0.0,0.0,0.000,-0.0,0,HAYIR,HAYIR
2026-08-19 19:45:08.187,0.60,0.75,28,0.0,0.0,0.000,-0.0,0,HAYIR,HAYIR
2026-08-19 19:45:08.247,0.57,0.75,28,0.0,0.0,0.000,-0.0,0,HAYIR,HAYIR
2026-08-19 19:45:08.307,0.60,0.75,28,0.0,0.0,0.000,-0.0,0,HAYIR,HAYIR
2026-08-19 19:45:08.367,0.60,0.75,28,0.0,0.0,0.000,-0.0,0,HAYIR,HAYIR
2026-08-19 19:45:08.427,0.60,0.72,28,0.0,0.0,0.000,-0.0,0,HAYIR,HAYIR
2026-08-19 19:45:08.487,0.58,0.72,28,0.0,0.0,0.000,-0.0,0,HAYIR,HAYIR
2026-08-19 19:45:08.547,0.58,0.72,28,0.0,0.0,0.000,-0.0,0,HAYIR,HAYIR
2026-08-19 19:45:08.607,0.59,0.72,28,0.0,0.0,0.000,-0.0,0,HAYIR,HAYIR
2026-08-19 19:45:08.667,0.59,0.72,28,0.0,0.0,0.000,-0.0,0,HAYIR,HAYIR
2026-08-19 19:45:08.727,0.59,0.72,28,0.0,0.0,0.000,-0.0,0,HAYIR,HAYIR
2026-08-19 19:45:08.787,0.58,0.69,28,0.0,0.0,0.000,-0.0,0,HAYIR,HAYIR
2026-08-19 19:45:08.847,0.56,0.69,28,0.0,0.0,0.000,-0.0,0,HAYIR,HAYIR
2026-08-19 19:45:08.907,0.55,0.69,28,0.0,0.0,0.000,-0.0,0,HAYIR,HAYIR
2026-08-19 19:45:08.967,0.57,0.69,28,0.0,0.0,0.000,-0.0,0,HAYIR,HAYIR
2026-08-19 19:45:09.027,0.57,0.69,28,0.0,0.0,0.000,-0.0,0,HAYIR,HAYIR
2026-08-19 19:45:09.087,0.56,0.66,28,0.0,0.0,0.000,-0.0,0,HAYIR,HAYIR
2026-08-19 19:45:09.147,0.55,0.66,28,0.0,0.0,0.000,-0.0,0,HAYIR,HAYIR
2026-08-19 19:45:09.207,0.55,0.66,28,0.0,0.0,0.000,-0.0,0,HAYIR,HAYIR
2026-08-19 19:45:09.267,0.55,0.66,28,0.0,0.0,0.000,-0.0,0,HAYIR,HAYIR
2026-08-19 19:45:09.327,0.55,0.66,28,0.0,0.0,0.000,-0.0,0,HAYIR,HAYIR
2026-08-19 19:45:09.387,0.55,0.62,28,0.0,0.0,0.000,-0.0,0,HAYIR,HAYIR
2026-08-19 19:45:09.447,0.52,0.62,28,0.0,0.0,0.000,-0.0,0,HAYIR,HAYIR
2026-08-19 19:45:09.507,0.52,0.62,28,0.0,0.0,0.000,-0.0,0,HAYIR,HAYIR
2026-08-19 19:45:09.567,0.54,0.62,28,0.0,0.0,0.000,-0.0,0,HAYIR,HAYIR
2026-08-19 19:45:09.627,0.54,0.62,28,0.0,0.0,0.000,-0.0,0,HAYIR,HAYIR
2026-08-19 19:45:09.687,0.53,0.62,28,0.0,0.0,0.000,-0.0,0,HAYIR,HAYIR
2026-08-19 19:45:09.747,0.53,0.62,28,0.0,0.0,0.000,-0.0,0,HAYIR,HAYIR
2026-08-19 19:45:09.807,0.53,0.59,28,0.0,0.0,0.000,-0.0,0,HAYIR,HAYIR
2026-08-19 19:45:09.867,0.48,0.59,28,0.0,0.0,0.000,-0.0,0,HAYIR,HAYIR
2026-08-19 19:45:09.927,0.48,0.59,28,0.0,0.0,0.000,-0.0,0,HAYIR,HAYIR
2026-08-19 19:45:09.987,0.50,0.59,28,0.0,0.0,0.000,-0.0,0,HAYIR,HAYIR
2026-08-19 19:45:10.047,0.52,0.59,28,0.0,0.0,0.000,-0.0,0,HAYIR,HAYIR
2026-08-19 19:45:10.107,0.51,0.56,28,0.0,0.0,0.000,-0.0,0,HAYIR,HAYIR
2026-08-19 19:45:10.167,0.49,0.56,28,0.0,0.0,0.000,-0.0,0,HAYIR,HAYIR
2026-08-19 19:45:10.227,0.49,0.56,28,0.0,0.0,0.000,-0.0,0,HAYIR,HAYIR
2026-08-19 19:45:10.287,0.50,0.56,28,0.0,0.0,0.000,-0.0,0,HAYIR,HAYIR
2026-08-19 19:45:10.347,0.50,0.56,28,0.0,0.0,0.000,-0.0,0,HAYIR,HAYIR
2026-08-19 19:45:10.407,0.50,0.53,28,0.0,0.0,0.000,-0.0,0,HAYIR,HAYIR
2026-08-19 19:45:10.467,0.47,0.53,28,0.0,0.0,0.000,-0.0,0,HAYIR,HAYIR
2026-08-19 19:45:10.528,0.47,0.53,28,0.0,0.0,0.000,-0.0,0,HAYIR,HAYIR
2026-08-19 19:45:10.587,0.49,0.53,28,0.0,0.0,0.000,-0.0,0,HAYIR,HAYIR
2026-08-19 19:45:10.647,0.49,0.53,28,0.0,0.0,0.000,-0.0,0,HAYIR,HAYIR
2026-08-19 19:45:10.707,0.49,0.53,28,0.0,0.0,0.000,-0.0,0,HAYIR,HAYIR
2026-08-19 19:45:10.767,0.48,0.51,28,0.0,0.0,0.000,-0.0,0,HAYIR,HAYIR
2026-08-19 19:45:10.827,0.46,0.51,28,0.0,0.0,0.000,-0.0,0,HAYIR,HAYIR
2026-08-19 19:45:10.887,0.46,0.51,28,0.0,0.0,0.000,-0.0,0,HAYIR,HAYIR
2026-08-19 19:45:10.947,0.46,0.51,28,0.0,0.0,0.000,-0.0,0,HAYIR,HAYIR
2026-08-19 19:45:11.007,0.47,0.51,28,0.0,0.0,0.000,-0.0,0,HAYIR,HAYIR
2026-08-19 19:45:11.067,0.47,0.49,28,0.0,0.0,0.000,-0.0,0,HAYIR,HAYIR
2026-08-19 19:45:11.127,0.45,0.49,28,0.0,0.0,0.000,-0.0,0,HAYIR,HAYIR
2026-08-19 19:45:11.187,0.45,0.49,28,0.0,0.0,0.000,-0.0,0,HAYIR,HAYIR
2026-08-19 19:45:11.247,0.45,0.49,28,0.0,0.0,0.000,-0.0,0,HAYIR,HAYIR
2026-08-19 19:45:11.307,0.46,0.49,28,0.0,0.0,0.000,-0.0,0,HAYIR,HAYIR
2026-08-19 19:45:11.367,0.46,0.49,28,0.0,0.0,0.000,-0.0,0,HAYIR,HAYIR
2026-08-19 19:45:11.427,0.46,0.49,28,0.0,0.0,0.000,-0.0,0,HAYIR,HAYIR
2026-08-19 19:45:11.487,0.45,0.47,28,0.0,0.0,0.000,-0.0,0,HAYIR,HAYIR
2026-08-19 19:45:11.547,0.43,0.47,28,0.0,0.0,0.000,-0.0,0,HAYIR,HAYIR
2026-08-19 19:45:11.607,0.43,0.47,28,0.0,0.0,0.000,-0.0,0,HAYIR,HAYIR
2026-08-19 19:45:11.667,0.44,0.47,28,0.0,0.0,0.000,-0.0,0,HAYIR,HAYIR
2026-08-19 19:45:11.727,0.44,0.47,28,0.0,0.0,0.000,-0.0,0,HAYIR,HAYIR
2026-08-19 19:45:11.787,0.44,0.46,28,0.0,0.0,0.000,-0.0,0,HAYIR,HAYIR
2026-08-19 19:45:11.847,0.43,0.46,28,0.0,0.0,0.000,-0.0,0,HAYIR,HAYIR
2026-08-19 19:45:11.907,0.43,0.46,28,0.0,0.0,0.000,-0.0,0,HAYIR,HAYIR
2026-08-19 19:45:11.967,0.43,0.46,28,0.0,0.0,0.000,-0.0,0,HAYIR,HAYIR
2026-08-19 19:45:12.027,0.43,0.46,28,0.0,0.0,0.000,-0.0,0,HAYIR,HAYIR
2026-08-19 19:45:12.087,0.43,0.45,28,0.0,0.0,0.000,-0.0,0,HAYIR,HAYIR
2026-08-19 19:45:12.147,0.42,0.45,28,0.0,0.0,0.000,-0.0,0,HAYIR,HAYIR
2026-08-19 19:45:12.207,0.42,0.45,28,0.0,0.0,0.000,-0.0,0,HAYIR,HAYIR
2026-08-19 19:45:12.267,0.42,0.45,28,0.0,0.0,0.000,-0.0,0,HAYIR,HAYIR
2026-08-19 19:45:12.327,0.42,0.45,28,0.0,0.0,0.000,-0.0,0,HAYIR,HAYIR
2026-08-19 19:45:12.387,0.42,0.45,28,0.0,0.0,0.000,-0.0,0,HAYIR,HAYIR
2026-08-19 19:45:12.447,0.41,0.44,28,0.0,0.0,0.000,-0.0,0,HAYIR,HAYIR
2026-08-19 19:45:12.507,0.41,0.44,28,0.0,0.0,0.000,-0.0,0,HAYIR,HAYIR
2026-08-19 19:45:12.567,0.41,0.44,28,0.0,0.0,0.000,-0.0,0,HAYIR,HAYIR
2026-08-19 19:45:12.627,0.41,0.44,28,0.0,0.0,0.000,-0.0,0,HAYIR,HAYIR
2026-08-19 19:45:12.687,0.41,0.44,28,0.0,0.0,0.000,-0.0,0,HAYIR,HAYIR
2026-08-19 19:45:12.747,0.41,0.42,28,0.0,0.0,0.000,-0.0,0,HAYIR,HAYIR
2026-08-19 19:45:12.807,0.40,0.42,28,0.0,0.0,0.000,-0.0,0,HAYIR,HAYIR
2026-08-19 19:45:12.867,0.40,0.42,28,0.0,0.0,0.000,-0.0,0,HAYIR,HAYIR
2026-08-19 19:45:12.927,0.40,0.42,28,0.0,0.0,0.000,-0.0,0,HAYIR,HAYIR
2026-08-19 19:45:12.987,0.40,0.42,28,0.0,0.0,0.000,-0.0,0,HAYIR,HAYIR
2026-08-19 19:45:13.047,0.40,0.42,28,0.0,0.0,0.000,-0.0,0,HAYIR,HAYIR
2026-08-19 19:45:13.107,0.39,0.41,28,0.0,0.0,0.000,-0.0,0,HAYIR,HAYIR
2026-08-19 19:45:13.167,0.37,0.41,28,0.0,0.0,0.000,-0.0,0,HAYIR,HAYIR
2026-08-19 19:45:13.227,0.37,0.41,28,0.0,0.0,0.000,-0.0,0,HAYIR,HAYIR
2026-08-19 19:45:13.287,0.38,0.41,28,0.0,0.0,0.000,-0.0,0,HAYIR,HAYIR
2026-08-19 19:45:13.347,0.38,0.41,28,0.0,0.0,0.000,-0.0,0,HAYIR,HAYIR
2026-08-19 19:45:13.407,0.38,0.41,28,0.0,0.0,0.000,-0.0,0,HAYIR,HAYIR
2026-08-19 19:45:13.467,0.37,0.41,28,0.0,0.0,0.000,-0.0,0,HAYIR,HAYIR
2026-08-19 19:45:13.527,0.37,0.41,28,0.0,0.0,0.000,-0.0,0,HAYIR,HAYIR
2026-08-19 19:45:13.587,0.37,0.41,28,0.0,0.0,0.000,-0.0,0,HAYIR,HAYIR
2026-08-19 19:45:13.647,0.37,0.41,28,0.0,0.0,0.000,-0.0,0,HAYIR,HAYIR
2026-08-19 19:45:13.707,0.37,0.41,28,0.0,0.0,0.000,-0.0,0,HAYIR,HAYIR
2026-08-19 19:45:13.767,0.37,0.40,28,0.0,0.0,0.000,-0.0,0,HAYIR,HAYIR
2026-08-19 19:45:13.827,0.36,0.40,28,0.0,0.0,0.000,-0.0,0,HAYIR,HAYIR
2026-08-19 19:45:13.887,0.36,0.40,28,0.0,0.0,0.000,-0.0,0,HAYIR,HAYIR
2026-08-19 19:45:13.947,0.36,0.40,28,0.0,0.0,0.000,-0.0,0,HAYIR,HAYIR
2026-08-19 19:45:14.007,0.36,0.40,28,0.0,0.0,0.000,-0.0,0,HAYIR,HAYIR
2026-08-19 19:45:14.067,0.36,0.38,28,0.0,0.0,0.000,-0.0,0,HAYIR,HAYIR
2026-08-19 19:45:14.127,0.34,0.38,28,0.0,0.0,0.000,-0.0,0,HAYIR,HAYIR
2026-08-19 19:45:14.187,0.34,0.38,28,0.0,0.0,0.000,-0.0,0,HAYIR,HAYIR
2026-08-19 19:45:14.247,0.34,0.38,28,0.0,0.0,0.000,-0.0,0,HAYIR,HAYIR
2026-08-19 19:45:14.307,0.35,0.38,28,0.0,0.0,0.000,-0.0,0,HAYIR,HAYIR
2026-08-19 19:45:14.367,0.35,0.38,28,0.0,0.0,0.000,-0.0,0,HAYIR,HAYIR
2026-08-19 19:45:14.427,0.34,0.36,28,0.0,0.0,0.000,-0.0,0,HAYIR,HAYIR
2026-08-19 19:45:14.487,0.34,0.36,28,0.0,0.0,0.000,-0.0,0,HAYIR,HAYIR
2026-08-19 19:45:14.547,0.34,0.36,28,0.0,0.0,0.000,-0.0,0,HAYIR,HAYIR
2026-08-19 19:45:14.607,0.34,0.36,28,0.0,0.0,0.000,-0.0,0,HAYIR,HAYIR
2026-08-19 19:45:14.667,0.34,0.36,28,0.0,0.0,0.000,-0.0,0,HAYIR,HAYIR
2026-08-19 19:45:14.727,0.34,0.36,28,0.0,0.0,0.000,-0.0,0,HAYIR,HAYIR
2026-08-19 19:45:14.787,0.34,0.35,28,0.0,0.0,0.000,-0.0,0,HAYIR,HAYIR
2026-08-19 19:45:14.847,0.32,0.35,28,0.0,0.0,0.000,-0.0,0,HAYIR,HAYIR
2026-08-19 19:45:14.907,0.32,0.35,28,0.0,0.0,0.000,-0.0,0,HAYIR,HAYIR
2026-08-19 19:45:14.967,0.33,0.35,28,0.0,0.0,0.000,-0.0,0,HAYIR,HAYIR
2026-08-19 19:45:15.027,0.33,0.35,28,0.0,0.0,0.000,-0.0,0,HAYIR,HAYIR
2026-08-19 19:45:15.087,0.33,0.34,28,0.0,0.0,0.000,-0.0,0,HAYIR,HAYIR
2026-08-19 19:45:15.147,0.32,0.34,28,0.0,0.0,0.000,-0.0,0,HAYIR,HAYIR
2026-08-19 19:45:15.207,0.32,0.34,28,0.0,0.0,0.000,-0.0,0,HAYIR,HAYIR
2026-08-19 19:45:15.267,0.32,0.34,28,0.0,0.0,0.000,-0.0,0,HAYIR,HAYIR
2026-08-19 19:45:15.327,0.32,0.34,28,0.0,0.0,0.000,-0.0,0,HAYIR,HAYIR
2026-08-19 19:45:15.387,0.32,0.34,28,0.0,0.0,0.000,-0.0,0,HAYIR,HAYIR
2026-08-19 19:45:15.447,0.32,0.33,28,0.0,0.0,0.000,-0.0,0,HAYIR,HAYIR
2026-08-19 19:45:15.507,0.31,0.33,28,0.0,0.0,0.000,-0.0,0,HAYIR,HAYIR
2026-08-19 19:45:15.567,0.31,0.33,28,0.0,0.0,0.000,-0.0,0,HAYIR,HAYIR
2026-08-19 19:45:15.627,0.31,0.33,28,0.0,0.0,0.000,-0.0,0,HAYIR,HAYIR
2026-08-19 19:45:15.687,0.31,0.33,28,0.0,0.0,0.000,-0.0,0,HAYIR,HAYIR
2026-08-19 19:45:15.747,0.31,0.30,31,0.0,0.0,0.000,-0.0,0,HAYIR,HAYIR
2026-08-19 19:45:15.807,0.31,0.30,31,0.0,0.0,0.000,-0.0,0,HAYIR,HAYIR
2026-08-19 19:45:15.867,0.30,0.30,28,0.0,0.0,0.000,-0.0,0,HAYIR,HAYIR
2026-08-19 19:45:15.927,0.30,0.30,28,0.0,0.0,0.000,-0.0,0,HAYIR,HAYIR
2026-08-19 19:45:15.987,0.30,0.30,28,0.0,0.0,0.000,-0.0,0,HAYIR,HAYIR
2026-08-19 19:45:16.047,0.30,0.30,28,0.0,0.0,0.000,-0.0,0,HAYIR,HAYIR
2026-08-19 19:45:16.107,0.30,0.30,31,0.0,0.0,0.000,-0.0,0,HAYIR,HAYIR
2026-08-19 19:45:16.167,0.29,0.30,28,0.0,0.0,0.000,-0.0,0,HAYIR,HAYIR
2026-08-19 19:45:16.227,0.29,0.30,28,0.0,0.0,0.000,-0.0,0,HAYIR,HAYIR
2026-08-19 19:45:16.287,0.29,0.30,28,0.0,0.0,0.000,-0.0,0,HAYIR,HAYIR
2026-08-19 19:45:16.347,0.29,0.30,28,0.0,0.0,0.000,-0.0,0,HAYIR,HAYIR
2026-08-19 19:45:16.407,0.29,0.30,28,0.0,0.0,0.000,-0.0,0,HAYIR,HAYIR
2026-08-19 19:45:16.467,0.29,0.28,31,0.0,0.0,0.000,-0.0,0,HAYIR,HAYIR
2026-08-19 19:45:16.527,0.28,0.28,28,0.0,0.0,0.000,-0.0,0,HAYIR,HAYIR
2026-08-19 19:45:16.587,0.28,0.28,28,0.0,0.0,0.000,-0.0,0,HAYIR,HAYIR
2026-08-19 19:45:16.647,0.28,0.28,28,0.0,0.0,0.000,-0.0,0,HAYIR,HAYIR
2026-08-19 19:45:16.707,0.29,0.28,31,0.0,0.0,0.000,-0.0,0,HAYIR,HAYIR
2026-08-19 19:45:16.767,0.28,0.26,32,0.0,0.0,0.000,-0.0,0,HAYIR,HAYIR
2026-08-19 19:45:16.827,0.28,0.26,31,0.0,0.0,0.000,-0.0,0,HAYIR,HAYIR
2026-08-19 19:45:16.887,0.28,0.26,31,0.0,0.0,0.000,-0.0,0,HAYIR,HAYIR
2026-08-19 19:45:16.947,0.28,0.26,31,0.0,0.0,0.000,-0.0,0,HAYIR,HAYIR
2026-08-19 19:45:17.007,0.28,0.26,31,0.0,0.0,0.000,-0.0,0,HAYIR,HAYIR
2026-08-19 19:45:17.067,0.28,0.26,31,0.0,0.0,0.000,-0.0,0,HAYIR,HAYIR
2026-08-19 19:45:17.127,0.27,0.26,31,0.0,0.0,0.000,-0.0,0,HAYIR,HAYIR
2026-08-19 19:45:17.187,0.27,0.26,31,0.0,0.0,0.000,-0.0,0,HAYIR,HAYIR
2026-08-19 19:45:17.247,0.27,0.26,31,0.0,0.0,0.000,-0.0,0,HAYIR,HAYIR
2026-08-19 19:45:17.307,0.27,0.26,31,0.0,0.0,0.000,-0.0,0,HAYIR,HAYIR
2026-08-19 19:45:17.367,0.27,0.26,31,0.0,0.0,0.000,-0.0,0,HAYIR,HAYIR
2026-08-19 19:45:17.427,0.27,0.25,31,0.0,0.0,0.000,-0.0,0,HAYIR,HAYIR
2026-08-19 19:45:17.487,0.26,0.25,31,0.0,0.0,0.000,-0.0,0,HAYIR,HAYIR
2026-08-19 19:45:17.547,0.26,0.25,31,0.0,0.0,0.000,-0.0,0,HAYIR,HAYIR
2026-08-19 19:45:17.607,0.27,0.25,31,0.0,0.0,0.000,-0.0,0,HAYIR,HAYIR
2026-08-19 19:45:17.667,0.26,0.25,31,0.0,0.0,0.000,-0.0,0,HAYIR,HAYIR
2026-08-19 19:45:17.727,0.26,0.25,31,0.0,0.0,0.000,-0.0,0,HAYIR,HAYIR
2026-08-19 19:45:17.787,0.26,0.25,31,0.0,0.0,0.000,-0.0,0,HAYIR,HAYIR
2026-08-19 19:45:17.847,0.26,0.25,31,0.0,0.0,0.000,-0.0,0,HAYIR,HAYIR
2026-08-19 19:45:17.907,0.26,0.25,31,0.0,0.0,0.000,-0.0,0,HAYIR,HAYIR
2026-08-19 19:45:17.967,0.26,0.25,31,0.0,0.0,0.000,-0.0,0,HAYIR,HAYIR
2026-08-19 19:45:18.027,0.26,0.25,31,0.0,0.0,0.000,-0.0,0,HAYIR,HAYIR
2026-08-19 19:45:18.087,0.25,0.25,31,0.0,0.0,0.000,-0.0,0,HAYIR,HAYIR
2026-08-19 19:45:18.147,0.25,0.27,28,0.0,0.0,0.000,-0.0,0,HAYIR,HAYIR
2026-08-19 19:45:18.207,0.25,0.27,28,0.0,0.0,0.000,-0.0,0,HAYIR,HAYIR
2026-08-19 19:45:18.267,0.24,0.27,28,0.0,0.0,0.000,-0.0,0,HAYIR,HAYIR
2026-08-19 19:45:18.327,0.24,0.27,28,0.0,0.0,0.000,-0.0,0,HAYIR,HAYIR
2026-08-19 19:45:18.387,0.24,0.27,28,0.0,0.0,0.000,-0.0,0,HAYIR,HAYIR
2026-08-19 19:45:18.447,0.24,0.30,28,0.0,0.0,0.000,-0.0,0,HAYIR,HAYIR
2026-08-19 19:45:18.507,0.24,0.30,28,0.0,0.0,0.000,-0.0,0,HAYIR,HAYIR
2026-08-19 19:45:18.567,0.24,0.30,28,0.0,0.0,0.000,-0.0,0,HAYIR,HAYIR
2026-08-19 19:45:18.627,0.24,0.30,28,0.0,0.0,0.000,-0.0,0,HAYIR,HAYIR
2026-08-19 19:45:18.687,0.23,0.30,28,0.0,0.0,0.000,-0.0,0,HAYIR,HAYIR
2026-08-19 19:45:18.747,0.23,0.34,28,0.0,0.0,0.000,-0.0,0,HAYIR,HAYIR
2026-08-19 19:45:18.807,0.23,0.34,28,0.0,0.0,0.000,-0.0,0,HAYIR,HAYIR
2026-08-19 19:45:18.867,0.23,0.34,28,0.0,0.0,0.000,-0.0,0,HAYIR,HAYIR
2026-08-19 19:45:18.927,0.23,0.34,28,0.0,0.0,0.000,-0.0,0,HAYIR,HAYIR
2026-08-19 19:45:18.987,0.22,0.34,28,0.0,0.0,0.000,-0.0,0,HAYIR,HAYIR
2026-08-19 19:45:19.047,0.22,0.34,28,0.0,0.0,0.000,-0.0,0,HAYIR,HAYIR
2026-08-19 19:45:19.107,0.21,0.36,28,0.0,0.0,0.000,-0.0,0,HAYIR,HAYIR
2026-08-19 19:45:19.167,0.21,0.36,28,0.0,0.0,0.000,-0.0,0,HAYIR,HAYIR
2026-08-19 19:45:19.227,0.21,0.36,28,0.0,0.0,0.000,-0.0,0,HAYIR,HAYIR
2026-08-19 19:45:19.287,0.21,0.36,28,0.0,0.0,0.000,-0.0,0,HAYIR,HAYIR
2026-08-19 19:45:19.347,0.21,0.36,28,0.0,0.0,0.000,-0.0,0,HAYIR,HAYIR
2026-08-19 19:45:19.407,0.20,0.35,28,0.0,0.0,0.000,-0.0,0,HAYIR,HAYIR
2026-08-19 19:45:19.467,0.20,0.35,28,0.0,0.0,0.000,-0.0,0,HAYIR,HAYIR
2026-08-19 19:45:19.527,0.20,0.35,28,0.0,0.0,0.000,-0.0,0,HAYIR,HAYIR
2026-08-19 19:45:19.587,0.20,0.35,28,0.0,0.0,0.000,-0.0,0,HAYIR,HAYIR
2026-08-19 19:45:19.647,0.20,0.35,28,0.0,0.0,0.000,-0.0,0,HAYIR,HAYIR
2026-08-19 19:45:19.707,0.19,0.35,28,0.0,0.0,0.000,-0.0,0,HAYIR,HAYIR
2026-08-19 19:45:19.767,0.19,0.34,28,0.0,0.0,0.000,-0.0,0,HAYIR,HAYIR
2026-08-19 19:45:19.827,0.18,0.34,28,0.0,0.0,0.000,-0.0,0,HAYIR,HAYIR
2026-08-19 19:45:19.887,0.18,0.34,28,0.0,0.0,0.000,-0.0,0,HAYIR,HAYIR
2026-08-19 19:45:19.947,0.18,0.34,28,0.0,0.0,0.000,-0.0,0,HAYIR,HAYIR
2026-08-19 19:45:20.007,0.19,0.34,28,0.0,0.0,0.000,-0.0,0,HAYIR,HAYIR
2026-08-19 19:45:20.067,0.18,0.34,28,0.0,0.0,0.000,-0.0,0,HAYIR,HAYIR
2026-08-19 19:45:20.127,0.17,0.32,28,0.0,0.0,0.000,-0.0,0,HAYIR,HAYIR
2026-08-19 19:45:20.187,0.17,0.32,28,0.0,0.0,0.000,-0.0,0,HAYIR,HAYIR
2026-08-19 19:45:20.247,0.17,0.32,28,0.0,0.0,0.000,-0.0,0,HAYIR,HAYIR
2026-08-19 19:45:20.307,0.18,0.32,28,0.0,0.0,0.000,-0.0,0,HAYIR,HAYIR
2026-08-19 19:45:20.367,0.17,0.32,28,0.0,0.0,0.000,-0.0,0,HAYIR,HAYIR
2026-08-19 19:45:20.427,0.17,0.31,28,0.0,0.0,0.000,-0.0,0,HAYIR,HAYIR
2026-08-19 19:45:20.487,0.16,0.31,28,0.0,0.0,0.000,-0.0,0,HAYIR,HAYIR
2026-08-19 19:45:20.547,0.16,0.31,28,0.0,0.0,0.000,-0.0,0,HAYIR,HAYIR
2026-08-19 19:45:20.607,0.16,0.31,28,0.0,0.0,0.000,-0.0,0,HAYIR,HAYIR
2026-08-19 19:45:20.667,0.17,0.31,28,0.0,0.0,0.000,-0.0,0,HAYIR,HAYIR
2026-08-19 19:45:20.727,0.17,0.31,28,0.0,0.0,0.000,-0.0,0,HAYIR,HAYIR
2026-08-19 19:45:20.787,0.16,0.30,28,0.0,0.0,0.000,-0.0,0,HAYIR,HAYIR
2026-08-19 19:45:20.847,0.15,0.30,28,0.0,0.0,0.000,-0.0,0,HAYIR,HAYIR
2026-08-19 19:45:20.907,0.15,0.30,28,0.0,0.0,0.000,-0.0,0,HAYIR,HAYIR
2026-08-19 19:45:20.967,0.16,0.30,28,0.0,0.0,0.000,-0.0,0,HAYIR,HAYIR
2026-08-19 19:45:21.027,0.16,0.30,28,0.0,0.0,0.000,-0.0,0,HAYIR,HAYIR
2026-08-19 19:45:21.087,0.16,0.28,28,0.0,0.0,0.000,-0.0,0,HAYIR,HAYIR
2026-08-19 19:45:21.147,0.15,0.28,28,0.0,0.0,0.000,-0.0,0,HAYIR,HAYIR
2026-08-19 19:45:21.207,0.15,0.28,28,0.0,0.0,0.000,-0.0,0,HAYIR,HAYIR
2026-08-19 19:45:21.267,0.15,0.28,28,0.0,0.0,0.000,-0.0,0,HAYIR,HAYIR
2026-08-19 19:45:21.327,0.15,0.28,28,0.0,0.0,0.000,-0.0,0,HAYIR,HAYIR
2026-08-19 19:45:21.387,0.15,0.25,28,0.0,0.0,0.000,-0.0,0,HAYIR,HAYIR
2026-08-19 19:45:21.447,0.14,0.25,28,0.0,0.0,0.000,-0.0,0,HAYIR,HAYIR
2026-08-19 19:45:21.507,0.14,0.25,28,0.0,0.0,0.000,-0.0,0,HAYIR,HAYIR
2026-08-19 19:45:21.567,0.15,0.25,28,0.0,0.0,0.000,-0.0,0,HAYIR,HAYIR
2026-08-19 19:45:21.627,0.15,0.25,28,0.0,0.0,0.000,-0.0,0,HAYIR,HAYIR
2026-08-19 19:45:21.687,0.15,0.25,28,0.0,0.0,0.000,-0.0,0,HAYIR,HAYIR
2026-08-19 19:45:21.747,0.15,0.25,28,0.0,0.0,0.000,-0.0,0,HAYIR,HAYIR
2026-08-19 19:45:21.807,0.14,0.24,28,0.0,0.0,0.000,-0.0,0,HAYIR,HAYIR
2026-08-19 19:45:21.867,0.14,0.24,28,0.0,0.0,0.000,-0.0,0,HAYIR,HAYIR
2026-08-19 19:45:21.927,0.14,0.24,28,0.0,0.0,0.000,-0.0,0,HAYIR,HAYIR
2026-08-19 19:45:21.987,0.14,0.24,28,0.0,0.0,0.000,-0.0,0,HAYIR,HAYIR
2026-08-19 19:45:22.047,0.14,0.24,28,0.0,0.0,0.000,-0.0,0,HAYIR,HAYIR
2026-08-19 19:45:22.107,0.14,0.22,28,0.0,0.0,0.000,-0.0,0,HAYIR,HAYIR
2026-08-19 19:45:22.167,0.13,0.22,28,0.0,0.0,0.000,-0.0,0,HAYIR,HAYIR
2026-08-19 19:45:22.227,0.13,0.22,28,0.0,0.0,0.000,-0.0,0,HAYIR,HAYIR
2026-08-19 19:45:22.287,0.14,0.22,28,0.0,0.0,0.000,-0.0,0,HAYIR,HAYIR
2026-08-19 19:45:22.347,0.14,0.22,28,0.0,0.0,0.000,-0.0,0,HAYIR,HAYIR
2026-08-19 19:45:22.407,0.13,0.21,28,0.0,0.0,0.000,-0.0,0,HAYIR,HAYIR
2026-08-19 19:45:22.467,0.12,0.21,28,0.0,0.0,0.000,-0.0,0,HAYIR,HAYIR
2026-08-19 19:45:22.527,0.12,0.21,28,0.0,0.0,0.000,-0.0,0,HAYIR,HAYIR
2026-08-19 19:45:22.587,0.13,0.21,28,0.0,0.0,0.000,-0.0,0,HAYIR,HAYIR
2026-08-19 19:45:22.647,0.13,0.21,28,0.0,0.0,0.000,-0.0,0,HAYIR,HAYIR
2026-08-19 19:45:22.707,0.13,0.21,28,0.0,0.0,0.000,-0.0,0,HAYIR,HAYIR
2026-08-19 19:45:22.767,0.12,0.19,28,0.0,0.0,0.000,-0.0,0,HAYIR,HAYIR
2026-08-19 19:45:22.827,0.12,0.19,28,0.0,0.0,0.000,-0.0,0,HAYIR,HAYIR
2026-08-19 19:45:22.887,0.13,0.19,28,0.0,0.0,0.000,-0.0,0,HAYIR,HAYIR
2026-08-19 19:45:22.947,0.13,0.19,28,0.0,0.0,0.000,-0.0,0,HAYIR,HAYIR
2026-08-19 19:45:23.007,0.13,0.19,28,0.0,0.0,0.000,-0.0,0,HAYIR,HAYIR
2026-08-19 19:45:23.067,0.12,0.17,28,0.0,0.0,0.000,-0.0,0,HAYIR,HAYIR
2026-08-19 19:45:23.127,0.11,0.17,28,0.0,0.0,0.000,-0.0,0,HAYIR,HAYIR
2026-08-19 19:45:23.187,0.11,0.17,28,0.0,0.0,0.000,-0.0,0,HAYIR,HAYIR
2026-08-19 19:45:23.247,0.11,0.17,28,0.0,0.0,0.000,-0.0,0,HAYIR,HAYIR
2026-08-19 19:45:23.307,0.12,0.17,28,0.0,0.0,0.000,-0.0,0,HAYIR,HAYIR
2026-08-19 19:45:23.367,0.12,0.17,28,0.0,0.0,0.000,-0.0,0,HAYIR,HAYIR
2026-08-19 19:45:23.427,0.12,0.16,28,0.0,0.0,0.000,-0.0,0,HAYIR,HAYIR
2026-08-19 19:45:23.487,0.12,0.16,28,0.0,0.0,0.000,-0.0,0,HAYIR,HAYIR
2026-08-19 19:45:23.547,0.12,0.16,28,0.0,0.0,0.000,-0.0,0,HAYIR,HAYIR
2026-08-19 19:45:23.607,0.12,0.16,28,0.0,0.0,0.000,-0.0,0,HAYIR,HAYIR
2026-08-19 19:45:23.667,0.12,0.16,28,0.0,0.0,0.000,-0.0,0,HAYIR,HAYIR
2026-08-19 19:45:23.727,0.12,0.16,28,0.0,0.0,0.000,-0.0,0,HAYIR,HAYIR
2026-08-19 19:45:23.787,0.12,0.16,28,0.0,0.0,0.000,-0.0,0,HAYIR,HAYIR
2026-08-19 19:45:23.847,0.11,0.16,28,0.0,0.0,0.000,-0.0,0,HAYIR,HAYIR
2026-08-19 19:45:23.907,0.11,0.16,28,0.0,0.0,0.000,-0.0,0,HAYIR,HAYIR
2026-08-19 19:45:23.967,0.11,0.16,28,0.0,0.0,0.000,-0.0,0,HAYIR,HAYIR
2026-08-19 19:45:24.027,0.11,0.16,28,0.0,0.0,0.000,-0.0,0,HAYIR,HAYIR
2026-08-19 19:45:24.087,0.11,0.14,28,0.0,0.0,0.000,-0.0,0,HAYIR,HAYIR
2026-08-19 19:45:24.147,0.11,0.14,28,0.0,0.0,0.000,-0.0,0,HAYIR,HAYIR
2026-08-19 19:45:24.207,0.11,0.14,28,0.0,0.0,0.000,-0.0,0,HAYIR,HAYIR
2026-08-19 19:45:24.267,0.11,0.14,28,0.0,0.0,0.000,-0.0,0,HAYIR,HAYIR
2026-08-19 19:45:24.327,0.11,0.14,28,0.0,0.0,0.000,-0.0,0,HAYIR,HAYIR
2026-08-19 19:45:24.387,0.11,0.13,28,0.0,0.0,0.000,-0.0,0,HAYIR,HAYIR
2026-08-19 19:45:24.447,0.11,0.13,28,0.0,0.0,0.000,-0.0,0,HAYIR,HAYIR
2026-08-19 19:45:24.507,0.11,0.13,28,0.0,0.0,0.000,-0.0,0,HAYIR,HAYIR
2026-08-19 19:45:24.567,0.11,0.13,28,0.0,0.0,0.000,-0.0,0,HAYIR,HAYIR
2026-08-19 19:45:24.627,0.11,0.13,28,0.0,0.0,0.000,-0.0,0,HAYIR,HAYIR
2026-08-19 19:45:24.687,0.11,0.13,28,0.0,0.0,0.000,-0.0,0,HAYIR,HAYIR
2026-08-19 19:45:24.747,0.11,0.11,30,0.0,0.0,0.000,-0.0,0,HAYIR,HAYIR
2026-08-19 19:45:24.807,0.10,0.11,28,0.0,0.0,0.000,-0.0,0,HAYIR,HAYIR
2026-08-19 19:45:24.867,0.11,0.11,30,0.0,0.0,0.000,-0.0,0,HAYIR,HAYIR
2026-08-19 19:45:24.927,0.11,0.11,30,0.0,0.0,0.000,-0.0,0,HAYIR,HAYIR
2026-08-19 19:45:24.987,0.11,0.11,28,0.0,0.0,0.000,-0.0,0,HAYIR,HAYIR
2026-08-19 19:45:25.047,0.11,0.11,28,0.0,0.0,0.000,-0.0,0,HAYIR,HAYIR
2026-08-19 19:45:25.107,0.11,0.10,30,0.0,0.0,0.000,-0.0,0,HAYIR,HAYIR
2026-08-19 19:45:25.167,0.06,0.10,28,0.0,0.0,0.000,-0.0,0,HAYIR,HAYIR
2026-08-19 19:45:25.227,0.03,0.10,28,0.0,0.0,0.000,-0.0,0,HAYIR,HAYIR
2026-08-19 19:45:25.287,0.06,0.10,28,0.0,0.0,-0.050,160.0,1,HAYIR,HAYIR
2026-08-19 19:45:25.347,0.08,0.10,28,0.0,0.0,-0.100,160.0,3,HAYIR,HAYIR
2026-08-19 19:45:25.407,0.11,0.10,30,0.0,0.0,-0.149,160.0,4,HAYIR,HAYIR
2026-08-19 19:45:25.467,0.16,0.08,31,0.0,0.1,-0.146,160.0,6,HAYIR,HAYIR
2026-08-19 19:45:25.527,0.18,0.08,31,0.0,0.2,-0.146,160.0,8,HAYIR,HAYIR
2026-08-19 19:45:25.587,0.21,0.08,31,0.0,0.2,-0.146,160.0,10,HAYIR,HAYIR
2026-08-19 19:45:25.647,0.23,0.08,31,0.0,0.3,-0.152,160.0,11,HAYIR,HAYIR
2026-08-19 19:45:25.707,0.26,0.08,31,0.0,0.4,-0.152,160.0,13,HAYIR,HAYIR
2026-08-19 19:45:25.767,0.31,0.07,31,0.0,0.5,-0.153,160.0,15,HAYIR,HAYIR
2026-08-19 19:45:25.827,0.33,0.07,31,0.0,0.5,-0.149,160.0,16,HAYIR,HAYIR
2026-08-19 19:45:25.887,0.36,0.07,32,0.0,0.6,-0.149,160.0,18,HAYIR,HAYIR
2026-08-19 19:45:25.947,0.38,0.07,32,0.0,0.7,-0.149,160.0,20,HAYIR,HAYIR
2026-08-19 19:45:26.007,0.41,0.07,32,0.0,0.8,-0.149,158.8,21,HAYIR,HAYIR
2026-08-19 19:45:26.067,0.46,0.07,32,0.0,0.9,-0.154,148.2,23,HAYIR,HAYIR
2026-08-19 19:45:26.127,0.48,0.07,32,0.0,0.9,-0.148,136.3,25,HAYIR,HAYIR
2026-08-19 19:45:26.187,0.51,0.07,32,0.0,1.0,-0.148,130.4,26,HAYIR,HAYIR
2026-08-19 19:45:26.247,0.53,0.07,33,0.0,1.1,-0.148,124.9,28,HAYIR,HAYIR
2026-08-19 19:45:26.307,0.56,0.07,33,0.0,1.2,-0.157,126.9,30,HAYIR,HAYIR
2026-08-19 19:45:26.367,0.61,0.07,33,0.0,1.2,-0.157,117.4,31,HAYIR,HAYIR
2026-08-19 19:45:26.427,0.63,0.08,33,0.0,1.3,-0.161,115.5,33,HAYIR,HAYIR
2026-08-19 19:45:26.487,0.66,0.08,33,0.0,1.4,-0.148,102.9,35,HAYIR,HAYIR
2026-08-19 19:45:26.547,0.68,0.08,33,0.0,1.5,-0.148,99.4,36,HAYIR,HAYIR
2026-08-19 19:45:26.607,0.71,0.08,34,0.0,1.6,-0.148,96.1,38,HAYIR,HAYIR
2026-08-19 19:45:26.667,0.71,0.08,34,0.0,1.6,-0.164,105.4,40,HAYIR,HAYIR
2026-08-19 19:45:26.727,0.71,0.08,34,0.0,1.7,-0.168,108.0,41,HAYIR,HAYIR
2026-08-19 19:45:26.787,0.71,0.12,32,0.0,0.0,-0.168,108.0,43,HAYIR,HAYIR
2026-08-19 19:45:26.847,0.71,0.12,32,0.0,0.0,-0.156,100.3,45,HAYIR,HAYIR
2026-08-19 19:45:26.907,0.71,0.12,32,0.0,0.0,-0.156,100.3,46,HAYIR,HAYIR
2026-08-19 19:45:26.967,0.71,0.12,32,0.0,0.0,-0.156,100.3,48,HAYIR,HAYIR
2026-08-19 19:45:27.027,0.70,0.12,32,0.0,0.0,-0.174,113.0,50,HAYIR,HAYIR
2026-08-19 19:45:27.087,0.70,0.17,30,0.1,0.0,-0.174,113.0,52,HAYIR,HAYIR
2026-08-19 19:45:27.147,0.70,0.17,32,0.1,0.0,-0.181,117.2,53,HAYIR,HAYIR
2026-08-19 19:45:27.207,0.71,0.17,32,0.1,0.0,-0.160,103.8,55,HAYIR,HAYIR
2026-08-19 19:45:27.267,0.71,0.17,32,0.1,0.0,-0.160,103.8,57,HAYIR,HAYIR
2026-08-19 19:45:27.327,0.69,0.17,32,0.1,0.0,-0.187,122.0,58,HAYIR,HAYIR
2026-08-19 19:45:27.387,0.69,0.17,32,0.1,0.0,-0.187,122.0,60,HAYIR,HAYIR
2026-08-19 19:45:27.447,0.69,0.24,32,0.1,0.0,-0.191,125.3,62,HAYIR,HAYIR
2026-08-19 19:45:27.507,0.70,0.24,32,0.1,0.0,-0.141,93.1,63,HAYIR,HAYIR
2026-08-19 19:45:27.567,0.70,0.24,32,0.1,0.0,-0.074,49.8,62,HAYIR,HAYIR
2026-08-19 19:45:27.627,0.68,0.24,32,0.1,0.0,-0.083,57.6,60,HAYIR,HAYIR
2026-08-19 19:45:27.687,0.68,0.24,32,0.1,0.0,-0.083,57.6,58,HAYIR,HAYIR
2026-08-19 19:45:27.747,0.67,0.29,32,0.1,0.0,-0.084,58.9,59,HAYIR,HAYIR
2026-08-19 19:45:27.807,0.68,0.29,32,0.1,0.0,-0.079,54.7,57,HAYIR,HAYIR
2026-08-19 19:45:27.867,0.68,0.29,32,0.1,0.0,-0.079,54.7,55,HAYIR,HAYIR
2026-08-19 19:45:27.927,0.68,0.29,32,0.1,0.0,-0.079,54.7,55,HAYIR,HAYIR
2026-08-19 19:45:27.987,0.68,0.29,32,0.1,0.0,-0.079,54.7,55,HAYIR,HAYIR
2026-08-19 19:45:28.047,0.66,0.34,30,0.1,0.0,-0.080,57.0,56,HAYIR,HAYIR
2026-08-19 19:45:28.107,0.66,0.34,32,0.1,0.0,-0.080,57.0,57,HAYIR,HAYIR
2026-08-19 19:45:28.167,0.66,0.34,32,0.1,0.0,-0.085,60.4,59,HAYIR,HAYIR
2026-08-19 19:45:28.227,0.66,0.34,32,0.1,0.0,-0.085,60.4,60,HAYIR,HAYIR
2026-08-19 19:45:28.287,0.66,0.34,32,0.1,0.0,-0.085,60.4,60,HAYIR,HAYIR
2026-08-19 19:45:28.347,0.65,0.34,32,0.1,0.0,-0.074,53.9,59,HAYIR,HAYIR
2026-08-19 19:45:28.407,0.65,0.34,32,0.1,0.0,-0.074,53.9,58,HAYIR,HAYIR
2026-08-19 19:45:28.467,0.64,0.40,32,0.1,0.0,-0.075,55.5,56,HAYIR,HAYIR
2026-08-19 19:45:28.527,0.64,0.40,32,0.1,0.0,-0.075,55.5,55,HAYIR,HAYIR
2026-08-19 19:45:28.587,0.64,0.40,32,0.1,0.0,-0.075,55.5,55,HAYIR,HAYIR
2026-08-19 19:45:28.647,0.64,0.40,32,0.1,0.0,-0.075,55.5,55,HAYIR,HAYIR
2026-08-19 19:45:28.707,0.64,0.40,32,0.1,0.0,-0.125,90.5,57,HAYIR,HAYIR
2026-08-19 19:45:28.767,0.62,0.46,32,0.1,0.0,-0.136,100.2,59,HAYIR,HAYIR
2026-08-19 19:45:28.827,0.62,0.46,32,0.1,0.0,-0.143,105.6,60,HAYIR,HAYIR
2026-08-19 19:45:28.887,0.62,0.46,32,0.1,0.0,-0.143,105.6,62,HAYIR,HAYIR
2026-08-19 19:45:28.947,0.62,0.46,32,0.1,0.0,-0.143,105.6,64,HAYIR,HAYIR
2026-08-19 19:45:29.007,0.62,0.46,32,0.1,0.0,-0.143,105.6,66,HAYIR,HAYIR
2026-08-19 19:45:29.067,0.60,0.50,31,0.1,0.0,-0.141,106.4,67,HAYIR,HAYIR
2026-08-19 19:45:29.127,0.60,0.50,32,0.1,0.0,-0.143,108.9,69,HAYIR,HAYIR
2026-08-19 19:45:29.187,0.59,0.50,32,0.1,0.0,-0.153,117.2,71,HAYIR,HAYIR
2026-08-19 19:45:29.247,0.59,0.50,32,0.1,0.0,-0.153,117.2,72,HAYIR,HAYIR
2026-08-19 19:45:29.307,0.59,0.50,32,0.1,0.0,-0.153,117.2,74,HAYIR,HAYIR
2026-08-19 19:45:29.367,0.58,0.50,32,0.1,0.0,-0.141,109.8,76,HAYIR,HAYIR
2026-08-19 19:45:29.427,0.58,0.56,32,0.2,0.0,-0.141,111.4,77,HAYIR,HAYIR
2026-08-19 19:45:29.487,0.57,0.56,32,0.2,0.0,-0.135,108.2,79,HAYIR,HAYIR
2026-08-19 19:45:29.547,0.57,0.56,32,0.2,0.0,-0.135,108.2,81,HAYIR,HAYIR
2026-08-19 19:45:29.607,0.57,0.56,32,0.2,0.0,-0.135,108.2,82,HAYIR,HAYIR
2026-08-19 19:45:29.667,0.56,0.56,32,0.2,0.0,-0.129,104.8,84,HAYIR,HAYIR
2026-08-19 19:45:29.727,0.56,0.59,28,0.2,0.0,-0.115,95.3,86,HAYIR,HAYIR
2026-08-19 19:45:29.787,0.54,0.59,28,0.2,0.0,-0.111,95.1,87,HAYIR,HAYIR
2026-08-19 19:45:29.847,0.54,0.59,28,0.2,0.0,-0.111,95.1,89,HAYIR,HAYIR
2026-08-19 19:45:29.907,0.54,0.59,28,0.2,0.0,-0.111,95.1,91,HAYIR,HAYIR
2026-08-19 19:45:29.967,0.54,0.59,28,0.2,0.0,-0.100,85.6,89,HAYIR,HAYIR
2026-08-19 19:45:30.027,0.53,0.59,28,0.2,0.0,-0.097,84.1,87,HAYIR,HAYIR
2026-08-19 19:45:30.087,0.53,0.59,28,0.2,0.0,-0.097,84.1,86,HAYIR,HAYIR
2026-08-19 19:45:30.147,0.52,0.65,28,0.2,0.0,-0.093,82.4,84,HAYIR,HAYIR
2026-08-19 19:45:30.207,0.51,0.65,28,0.2,0.0,-0.084,76.9,82,HAYIR,HAYIR
2026-08-19 19:45:30.267,0.51,0.65,28,0.2,0.0,-0.084,76.9,81,HAYIR,HAYIR
2026-08-19 19:45:30.327,0.51,0.65,28,0.2,0.0,-0.074,68.5,79,HAYIR,HAYIR
2026-08-19 19:45:30.387,0.51,0.65,28,0.2,0.0,-0.074,68.5,77,HAYIR,HAYIR
2026-08-19 19:45:30.447,0.50,0.69,28,0.1,0.0,-0.070,65.3,76,HAYIR,HAYIR
2026-08-19 19:45:30.507,0.48,0.69,28,0.1,0.0,-0.062,61.1,74,HAYIR,HAYIR
2026-08-19 19:45:30.567,0.48,0.69,28,0.1,0.0,-0.062,61.1,72,HAYIR,HAYIR
2026-08-19 19:45:30.627,0.48,0.69,28,0.1,0.0,-0.050,48.7,71,HAYIR,HAYIR
2026-08-19 19:45:30.687,0.48,0.69,28,0.1,0.0,-0.050,48.7,69,HAYIR,HAYIR
2026-08-19 19:45:30.747,0.47,0.71,28,0.1,0.0,-0.045,44.4,67,HAYIR,HAYIR
2026-08-19 19:45:30.807,0.47,0.71,28,0.1,0.0,-0.045,44.4,66,HAYIR,HAYIR
2026-08-19 19:45:30.867,0.44,0.71,28,0.1,0.0,-0.037,39.8,64,HAYIR,HAYIR
2026-08-19 19:45:30.927,0.44,0.71,28,0.1,0.0,-0.037,39.8,62,HAYIR,HAYIR
2026-08-19 19:45:30.987,0.44,0.71,28,0.1,0.0,-0.037,39.8,60,HAYIR,HAYIR
2026-08-19 19:45:31.047,0.45,0.71,28,0.1,0.0,0.000,-0.0,59,HAYIR,HAYIR
2026-08-19 19:45:31.107,0.45,0.71,28,0.1,0.0,0.000,-0.0,57,HAYIR,HAYIR
2026-08-19 19:45:31.167,0.42,0.71,28,0.1,0.0,0.000,-0.0,55,HAYIR,HAYIR
2026-08-19 19:45:31.227,0.42,0.71,28,0.1,0.0,0.000,-0.0,54,HAYIR,HAYIR
2026-08-19 19:45:31.287,0.42,0.71,28,0.1,0.0,0.000,-0.0,52,HAYIR,HAYIR
2026-08-19 19:45:31.347,0.43,0.71,28,0.0,0.0,0.000,-0.0,50,HAYIR,HAYIR
2026-08-19 19:45:31.407,0.43,0.70,28,0.0,0.0,0.000,-0.0,49,HAYIR,HAYIR
2026-08-19 19:45:31.467,0.40,0.70,28,0.0,0.0,0.000,-0.0,47,HAYIR,HAYIR
2026-08-19 19:45:31.527,0.38,0.70,28,0.0,0.0,0.000,-0.0,45,HAYIR,HAYIR
2026-08-19 19:45:31.587,0.38,0.70,28,0.0,0.0,0.000,-0.0,44,HAYIR,HAYIR
2026-08-19 19:45:31.647,0.41,0.70,28,0.0,0.0,0.000,-0.0,42,HAYIR,HAYIR
2026-08-19 19:45:31.707,0.41,0.70,28,0.0,0.0,0.000,-0.0,40,HAYIR,HAYIR
2026-08-19 19:45:31.767,0.40,0.69,28,0.0,0.0,0.000,-0.0,39,HAYIR,HAYIR
2026-08-19 19:45:31.827,0.38,0.69,28,0.0,0.0,0.000,-0.0,37,HAYIR,HAYIR
2026-08-19 19:45:31.887,0.37,0.69,28,0.0,0.0,0.000,-0.0,35,HAYIR,HAYIR
2026-08-19 19:45:31.947,0.37,0.69,28,0.0,0.0,0.000,-0.0,34,HAYIR,HAYIR
2026-08-19 19:45:32.007,0.37,0.69,28,0.0,0.0,0.000,-0.0,32,HAYIR,HAYIR
2026-08-19 19:45:32.067,0.38,0.69,28,0.0,0.0,0.000,-0.0,30,HAYIR,HAYIR
2026-08-19 19:45:32.127,0.38,0.69,28,0.0,0.0,0.000,-0.0,29,HAYIR,HAYIR
2026-08-19 19:45:32.187,0.35,0.69,28,0.0,0.0,0.000,-0.0,27,HAYIR,HAYIR
2026-08-19 19:45:32.247,0.34,0.69,28,0.0,0.0,0.000,-0.0,25,HAYIR,HAYIR
2026-08-19 19:45:32.307,0.34,0.69,28,0.0,0.0,0.000,-0.0,24,HAYIR,HAYIR
2026-08-19 19:45:32.367,0.36,0.69,28,0.0,0.0,0.000,-0.0,22,HAYIR,HAYIR
2026-08-19 19:45:32.427,0.36,0.70,28,0.0,0.0,0.000,-0.0,20,HAYIR,HAYIR
2026-08-19 19:45:32.487,0.33,0.70,28,0.0,0.0,0.000,-0.0,19,HAYIR,HAYIR
2026-08-19 19:45:32.547,0.31,0.70,28,0.0,0.0,0.000,-0.0,17,HAYIR,HAYIR
2026-08-19 19:45:32.607,0.31,0.70,28,0.0,0.0,0.000,-0.0,15,HAYIR,HAYIR
2026-08-19 19:45:32.667,0.34,0.70,28,0.0,0.0,0.000,-0.0,13,HAYIR,HAYIR
2026-08-19 19:45:32.727,0.34,0.69,28,0.0,0.0,0.000,-0.0,12,HAYIR,HAYIR
2026-08-19 19:45:32.787,0.31,0.69,28,0.0,0.0,0.031,-46.6,10,HAYIR,HAYIR
2026-08-19 19:45:32.847,0.31,0.69,28,0.0,0.0,0.031,-47.7,8,HAYIR,HAYIR
2026-08-19 19:45:32.907,0.31,0.69,28,0.0,0.0,0.031,-47.7,7,HAYIR,HAYIR
2026-08-19 19:45:32.967,0.31,0.69,28,0.0,0.0,0.031,-47.7,5,HAYIR,HAYIR
2026-08-19 19:45:33.027,0.32,0.69,28,0.0,0.0,0.000,-0.0,3,HAYIR,HAYIR
2026-08-19 19:45:33.087,0.32,0.67,28,0.0,0.0,0.000,-0.0,2,HAYIR,HAYIR
2026-08-19 19:45:33.147,0.29,0.67,28,0.0,0.0,0.038,-61.2,0,HAYIR,HAYIR
2026-08-19 19:45:33.207,0.28,0.67,28,0.0,0.0,0.038,-65.3,-2,HAYIR,HAYIR
2026-08-19 19:45:33.267,0.28,0.67,28,0.0,0.0,0.038,-65.3,-3,HAYIR,HAYIR
2026-08-19 19:45:33.327,0.30,0.67,28,0.0,0.0,0.000,-0.0,-4,HAYIR,HAYIR
2026-08-19 19:45:33.387,0.30,0.67,28,0.0,0.0,0.000,-0.0,-2,HAYIR,HAYIR
2026-08-19 19:45:33.447,0.30,0.66,28,0.0,0.0,0.000,-0.0,-1,HAYIR,HAYIR
2026-08-19 19:45:33.507,0.27,0.66,28,0.0,0.0,0.036,-62.4,-2,HAYIR,HAYIR
2026-08-19 19:45:33.567,0.27,0.66,28,0.0,0.0,0.036,-62.4,-4,HAYIR,HAYIR
2026-08-19 19:45:33.627,0.27,0.66,28,0.0,0.0,0.036,-62.4,-6,HAYIR,HAYIR
2026-08-19 19:45:33.687,0.27,0.66,28,0.0,0.0,0.036,-62.4,-7,HAYIR,HAYIR
2026-08-19 19:45:33.747,0.28,0.66,28,0.0,0.0,0.000,-0.0,-7,HAYIR,HAYIR
2026-08-19 19:45:33.807,0.28,0.66,28,0.0,0.0,0.000,-0.0,-5,HAYIR,HAYIR
2026-08-19 19:45:33.867,0.24,0.66,28,0.0,0.0,0.042,-79.6,-7,HAYIR,HAYIR
2026-08-19 19:45:33.927,0.24,0.66,28,0.0,0.0,0.042,-79.6,-8,HAYIR,HAYIR
2026-08-19 19:45:33.987,0.24,0.66,28,0.0,0.0,0.042,-79.6,-10,HAYIR,HAYIR
2026-08-19 19:45:34.047,0.26,0.66,28,0.0,0.0,0.000,-0.0,-10,HAYIR,HAYIR
2026-08-19 19:45:34.107,0.26,0.64,28,0.0,0.0,0.000,-0.0,-8,HAYIR,HAYIR
2026-08-19 19:45:34.167,0.23,0.64,28,0.0,0.0,0.045,-92.3,-7,HAYIR,HAYIR
2026-08-19 19:45:34.227,0.22,0.64,28,0.0,0.0,0.045,-96.7,-9,HAYIR,HAYIR
2026-08-19 19:45:34.287,0.22,0.64,28,0.0,0.0,0.045,-96.7,-11,HAYIR,HAYIR
2026-08-19 19:45:34.347,0.24,0.64,28,0.0,0.0,0.000,-0.0,-10,HAYIR,HAYIR
2026-08-19 19:45:34.407,0.24,0.63,28,0.0,0.0,0.000,-0.0,-8,HAYIR,HAYIR
2026-08-19 19:45:34.467,0.21,0.63,28,0.0,0.0,0.038,-83.3,-8,HAYIR,HAYIR
2026-08-19 19:45:34.527,0.21,0.63,28,0.0,0.0,0.038,-83.3,-9,HAYIR,HAYIR
2026-08-19 19:45:34.587,0.22,0.63,28,0.0,0.0,0.000,-0.0,-9,HAYIR,HAYIR
2026-08-19 19:45:34.647,0.22,0.63,28,0.0,0.0,0.000,-0.0,-7,HAYIR,HAYIR
2026-08-19 19:45:34.707,0.22,0.62,28,0.0,0.0,0.000,-0.0,-6,HAYIR,HAYIR
2026-08-19 19:45:34.767,0.19,0.62,28,0.0,0.0,0.042,-100.9,-5,HAYIR,HAYIR
2026-08-19 19:45:34.827,0.19,0.62,28,0.0,0.0,0.042,-103.4,-7,HAYIR,HAYIR
2026-08-19 19:45:34.887,0.19,0.62,28,0.0,0.0,0.042,-103.4,-8,HAYIR,HAYIR
2026-08-19 19:45:34.947,0.21,0.62,28,0.0,0.0,0.000,-0.0,-8,HAYIR,HAYIR
2026-08-19 19:45:35.007,0.21,0.62,28,0.0,0.0,0.000,-0.0,-6,HAYIR,HAYIR
2026-08-19 19:45:35.067,0.20,0.62,28,0.0,0.0,0.000,-0.0,-4,HAYIR,HAYIR
2026-08-19 19:45:35.127,0.20,0.59,28,0.0,0.0,0.000,-0.0,-3,HAYIR,HAYIR
2026-08-19 19:45:35.187,0.18,0.59,28,0.0,0.0,0.038,-97.7,-3,HAYIR,HAYIR
2026-08-19 19:45:35.247,0.18,0.59,28,0.0,0.0,0.038,-97.7,-5,HAYIR,HAYIR
2026-08-19 19:45:35.307,0.18,0.59,28,0.0,0.0,0.038,-97.7,-7,HAYIR,HAYIR
2026-08-19 19:45:35.367,0.19,0.59,28,0.0,0.0,0.030,-75.5,-8,HAYIR,HAYIR
2026-08-19 19:45:35.427,0.18,0.58,28,0.0,0.0,0.031,-78.9,-10,HAYIR,HAYIR
2026-08-19 19:45:35.487,0.16,0.58,28,0.0,0.0,0.039,-112.7,-12,HAYIR,HAYIR
2026-08-19 19:45:35.547,0.16,0.58,28,0.0,0.0,0.039,-112.7,-13,HAYIR,HAYIR
2026-08-19 19:45:35.607,0.16,0.58,28,0.0,0.0,0.039,-112.7,-15,HAYIR,HAYIR
2026-08-19 19:45:35.667,0.17,0.58,28,0.0,0.0,0.032,-85.9,-17,HAYIR,HAYIR
2026-08-19 19:45:35.727,0.16,0.58,28,0.0,0.0,0.032,-88.9,-18,HAYIR,HAYIR
2026-08-19 19:45:35.787,0.16,0.58,28,0.0,0.0,0.032,-88.9,-20,HAYIR,HAYIR
2026-08-19 19:45:35.847,0.14,0.58,28,0.0,0.0,0.042,-133.9,-22,HAYIR,HAYIR
2026-08-19 19:45:35.907,0.13,0.58,28,0.0,0.0,0.042,-139.2,-23,HAYIR,HAYIR
2026-08-19 19:45:35.967,0.13,0.58,28,0.0,0.0,0.042,-139.2,-25,HAYIR,HAYIR
2026-08-19 19:45:36.027,0.15,0.58,28,0.0,0.0,0.033,-101.1,-27,HAYIR,HAYIR
2026-08-19 19:45:36.087,0.15,0.55,28,0.0,0.0,0.033,-101.1,-29,HAYIR,HAYIR
2026-08-19 19:45:36.147,0.13,0.55,28,0.0,0.0,0.038,-129.4,-30,HAYIR,HAYIR
2026-08-19 19:45:36.207,0.13,0.55,28,0.0,0.0,0.038,-129.4,-32,HAYIR,HAYIR
2026-08-19 19:45:36.267,0.13,0.55,28,0.0,0.0,0.038,-129.4,-34,HAYIR,HAYIR
2026-08-19 19:45:36.327,0.14,0.55,28,0.0,0.0,0.034,-114.2,-35,HAYIR,HAYIR
2026-08-19 19:45:36.387,0.14,0.54,28,0.0,0.0,0.034,-114.2,-37,HAYIR,HAYIR
2026-08-19 19:45:36.447,0.13,0.54,28,0.0,0.0,0.035,-118.8,-39,HAYIR,HAYIR
2026-08-19 19:45:36.507,0.11,0.54,28,0.0,0.0,0.041,-160.0,-40,HAYIR,HAYIR
2026-08-19 19:45:36.567,0.11,0.54,28,0.0,0.0,0.041,-160.0,-42,HAYIR,HAYIR
2026-08-19 19:45:36.627,0.12,0.54,28,0.0,0.0,0.035,-127.1,-44,HAYIR,HAYIR
2026-08-19 19:45:36.687,0.12,0.54,28,0.0,0.0,0.035,-127.1,-45,HAYIR,HAYIR
2026-08-19 19:45:36.747,0.12,0.54,28,0.0,0.0,0.035,-132.2,-47,HAYIR,HAYIR
2026-08-19 19:45:36.807,0.12,0.52,28,0.0,0.0,0.035,-132.2,-49,HAYIR,HAYIR
2026-08-19 19:45:36.867,0.07,0.52,28,0.0,0.0,0.000,-0.0,-47,HAYIR,HAYIR
2026-08-19 19:45:36.927,0.09,0.52,28,0.0,0.0,0.050,-160.0,-46,HAYIR,HAYIR
2026-08-19 19:45:36.987,0.12,0.52,28,0.0,0.0,0.086,-160.0,-48,HAYIR,HAYIR
2026-08-19 19:45:37.047,0.14,0.52,28,0.0,0.0,0.086,-160.0,-50,HAYIR,HAYIR
2026-08-19 19:45:37.107,0.17,0.51,28,0.0,0.0,0.086,-160.0,-51,HAYIR,HAYIR
2026-08-19 19:45:37.167,0.22,0.51,28,0.1,0.0,0.096,-160.0,-53,HAYIR,HAYIR
2026-08-19 19:45:37.227,0.24,0.51,28,0.1,0.0,0.096,-160.0,-55,HAYIR,HAYIR
2026-08-19 19:45:37.287,0.27,0.51,28,0.1,0.0,0.087,-143.0,-57,HAYIR,HAYIR
2026-08-19 19:45:37.347,0.29,0.51,28,0.1,0.0,0.087,-132.3,-58,HAYIR,HAYIR
2026-08-19 19:45:37.407,0.32,0.50,28,0.1,0.0,0.087,-123.0,-60,HAYIR,HAYIR
2026-08-19 19:45:37.467,0.32,0.50,28,0.1,0.0,0.100,-137.2,-62,HAYIR,HAYIR
2026-08-19 19:45:37.527,0.32,0.50,28,0.1,0.0,0.100,-137.2,-63,HAYIR,HAYIR
2026-08-19 19:45:37.587,0.34,0.50,28,0.1,0.0,0.088,-118.5,-65,HAYIR,HAYIR
2026-08-19 19:45:37.647,0.34,0.50,28,0.1,0.0,0.088,-118.5,-67,HAYIR,HAYIR
2026-08-19 19:45:37.707,0.33,0.50,28,0.1,0.0,0.088,-119.6,-68,HAYIR,HAYIR
2026-08-19 19:45:37.767,0.32,0.47,28,0.1,0.0,0.094,-131.2,-70,HAYIR,HAYIR
2026-08-19 19:45:37.827,0.32,0.47,28,0.1,0.0,0.094,-131.2,-72,HAYIR,HAYIR
2026-08-19 19:45:37.887,0.32,0.47,28,0.1,0.0,0.094,-131.2,-73,HAYIR,HAYIR
2026-08-19 19:45:37.947,0.32,0.47,28,0.1,0.0,0.094,-131.2,-75,HAYIR,HAYIR
2026-08-19 19:45:38.007,0.32,0.47,28,0.2,0.0,0.088,-123.1,-77,HAYIR,HAYIR
2026-08-19 19:45:38.067,0.30,0.44,28,0.2,0.0,0.098,-142.2,-78,HAYIR,HAYIR
2026-08-19 19:45:38.127,0.30,0.44,28,0.2,0.0,0.098,-142.2,-80,HAYIR,HAYIR
2026-08-19 19:45:38.187,0.30,0.44,28,0.2,0.0,0.098,-142.2,-82,HAYIR,HAYIR
2026-08-19 19:45:38.247,0.30,0.44,28,0.2,0.0,0.098,-142.2,-83,HAYIR,HAYIR
2026-08-19 19:45:38.307,0.31,0.44,28,0.2,0.0,0.089,-127.2,-85,HAYIR,HAYIR
2026-08-19 19:45:38.367,0.31,0.44,28,0.2,0.0,0.088,-127.2,-87,HAYIR,HAYIR
2026-08-19 19:45:38.427,0.31,0.41,28,0.2,0.0,0.088,-127.2,-88,HAYIR,HAYIR
2026-08-19 19:45:38.487,0.30,0.41,28,0.2,0.0,0.094,-138.9,-90,HAYIR,HAYIR
2026-08-19 19:45:38.547,0.30,0.41,28,0.2,0.0,0.094,-138.9,-92,HAYIR,HAYIR
2026-08-19 19:45:38.607,0.30,0.41,28,0.2,0.0,0.094,-138.9,-93,HAYIR,HAYIR
2026-08-19 19:45:38.667,0.30,0.41,28,0.2,0.0,0.088,-131.1,-95,HAYIR,HAYIR
2026-08-19 19:45:38.727,0.30,0.41,28,0.2,0.0,0.088,-131.1,-97,HAYIR,HAYIR
2026-08-19 19:45:38.787,0.29,0.39,28,0.2,0.0,0.097,-148.6,-99,HAYIR,HAYIR
2026-08-19 19:45:38.847,0.29,0.39,28,0.2,0.0,0.097,-148.6,-100,HAYIR,HAYIR
2026-08-19 19:45:38.907,0.29,0.39,28,0.3,0.0,0.097,-148.6,-102,HAYIR,HAYIR
2026-08-19 19:45:38.967,0.29,0.39,28,0.3,0.0,0.089,-134.9,-104,HAYIR,HAYIR
2026-08-19 19:45:39.027,0.29,0.39,28,0.3,0.0,0.089,-134.9,-105,HAYIR,HAYIR
2026-08-19 19:45:39.087,0.29,0.36,28,0.3,0.0,0.087,-134.4,-107,HAYIR,HAYIR
2026-08-19 19:45:39.147,0.27,0.36,28,0.3,0.0,0.098,-156.0,-109,HAYIR,HAYIR
2026-08-19 19:45:39.207,0.27,0.36,28,0.3,0.0,0.098,-156.0,-110,HAYIR,HAYIR
2026-08-19 19:45:39.267,0.28,0.36,28,0.3,0.0,0.088,-137.1,-112,HAYIR,HAYIR
2026-08-19 19:45:39.327,0.28,0.36,28,0.3,0.0,0.088,-137.1,-114,HAYIR,HAYIR
2026-08-19 19:45:39.387,0.28,0.36,28,0.3,0.0,0.087,-137.0,-115,HAYIR,HAYIR
2026-08-19 19:45:39.447,0.27,0.32,28,0.3,0.0,0.090,-143.5,-117,HAYIR,HAYIR
2026-08-19 19:45:39.507,0.27,0.32,28,0.3,0.0,0.090,-143.5,-119,HAYIR,HAYIR
2026-08-19 19:45:39.567,0.28,0.32,28,0.3,0.0,0.085,-136.0,-120,HAYIR,HAYIR
2026-08-19 19:45:39.627,0.28,0.32,28,0.3,0.0,0.085,-136.0,-122,HAYIR,HAYIR
2026-08-19 19:45:39.687,0.28,0.32,28,0.4,0.0,0.085,-136.0,-124,HAYIR,HAYIR
2026-08-19 19:45:39.747,0.28,0.29,28,0.4,0.0,0.085,-136.0,-125,HAYIR,HAYIR
2026-08-19 19:45:39.807,0.26,0.29,28,0.4,0.0,0.088,-146.5,-127,HAYIR,HAYIR
2026-08-19 19:45:39.867,0.26,0.29,28,0.4,0.0,0.088,-146.5,-129,HAYIR,HAYIR
2026-08-19 19:45:39.927,0.26,0.29,28,0.4,0.0,0.088,-146.5,-130,HAYIR,HAYIR
2026-08-19 19:45:39.987,0.27,0.29,28,0.4,0.0,0.083,-135.6,-132,HAYIR,HAYIR
2026-08-19 19:45:40.047,0.27,0.29,28,0.4,0.0,0.083,-135.6,-134,HAYIR,HAYIR
2026-08-19 19:45:40.107,0.27,0.29,28,0.4,0.0,0.083,-135.0,-135,HAYIR,HAYIR
2026-08-19 19:45:40.167,0.26,0.24,28,0.4,0.0,0.082,-136.8,-136,HAYIR,HAYIR
2026-08-19 19:45:40.227,0.26,0.24,28,0.4,0.0,0.082,-136.8,-137,HAYIR,HAYIR
2026-08-19 19:45:40.287,0.26,0.24,28,0.4,0.0,0.082,-137.2,-137,HAYIR,HAYIR
2026-08-19 19:45:40.347,0.26,0.24,28,0.4,0.0,0.082,-137.2,-137,HAYIR,HAYIR
2026-08-19 19:45:40.407,0.27,0.24,28,0.4,0.0,0.081,-134.3,-136,HAYIR,HAYIR
2026-08-19 19:45:40.467,0.26,0.21,28,0.4,0.0,0.080,-135.8,-135,HAYIR,HAYIR
2026-08-19 19:45:40.527,0.26,0.21,28,0.4,0.0,0.080,-135.8,-136,HAYIR,HAYIR
2026-08-19 19:45:40.587,0.27,0.21,28,0.4,0.0,0.080,-133.6,-135,HAYIR,HAYIR
2026-08-19 19:45:40.647,0.27,0.21,28,0.4,0.0,0.080,-133.6,-134,HAYIR,HAYIR
2026-08-19 19:45:40.707,0.27,0.21,28,0.4,0.0,0.080,-133.8,-134,HAYIR,HAYIR
2026-08-19 19:45:40.767,0.27,0.21,28,0.4,0.0,0.079,-132.9,-133,HAYIR,HAYIR
2026-08-19 19:45:40.827,0.27,0.16,28,0.4,0.0,0.079,-132.9,-133,HAYIR,HAYIR
2026-08-19 19:45:40.887,0.25,0.16,28,0.4,0.0,0.075,-135.0,-134,HAYIR,HAYIR
2026-08-19 19:45:40.947,0.25,0.16,28,0.4,0.0,0.075,-135.0,-135,HAYIR,HAYIR
2026-08-19 19:45:41.007,0.27,0.16,28,0.4,0.0,0.080,-133.6,-134,HAYIR,HAYIR
2026-08-19 19:45:41.067,0.27,0.16,28,0.4,0.0,0.079,-133.4,-133,HAYIR,HAYIR
2026-08-19 19:45:41.127,0.26,0.11,28,0.4,0.0,0.076,-129.4,-133,HAYIR,HAYIR
2026-08-19 19:45:41.187,0.26,0.11,28,0.4,0.0,0.076,-129.4,-131,HAYIR,HAYIR
2026-08-19 19:45:41.247,0.26,0.11,28,0.4,0.0,0.076,-129.4,-130,HAYIR,HAYIR
2026-08-19 19:45:41.307,0.27,0.11,29,0.4,0.0,0.080,-133.6,-131,HAYIR,HAYIR
2026-08-19 19:45:41.367,0.27,0.11,29,0.4,0.0,0.080,-134.3,-133,HAYIR,HAYIR
2026-08-19 19:45:41.427,0.26,0.08,29,0.4,0.1,0.074,-126.9,-133,HAYIR,HAYIR
2026-08-19 19:45:41.487,0.26,0.08,29,0.4,0.2,0.074,-126.9,-132,HAYIR,HAYIR
2026-08-19 19:45:41.547,0.26,0.08,29,0.4,0.2,0.074,-126.9,-130,HAYIR,HAYIR
2026-08-19 19:45:41.607,0.27,0.08,29,0.4,0.3,0.080,-134.2,-132,HAYIR,HAYIR
2026-08-19 19:45:41.667,0.27,0.08,29,0.4,0.4,0.080,-134.0,-133,HAYIR,HAYIR
2026-08-19 19:45:41.727,0.27,0.08,29,0.4,0.5,0.080,-134.0,-134,HAYIR,HAYIR
2026-08-19 19:45:41.787,0.27,0.06,29,0.4,0.5,0.080,-133.9,-134,HAYIR,HAYIR
2026-08-19 19:45:41.847,0.26,0.06,29,0.4,0.6,0.068,-118.2,-133,HAYIR,HAYIR
2026-08-19 19:45:41.907,0.26,0.06,29,0.4,0.7,0.068,-118.2,-131,HAYIR,HAYIR
2026-08-19 19:45:41.967,0.27,0.06,30,0.4,0.8,0.079,-133.4,-131,HAYIR,HAYIR
2026-08-19 19:45:42.027,0.27,0.06,30,0.4,0.9,0.079,-133.4,-132,HAYIR,HAYIR
2026-08-19 19:45:42.087,0.27,0.05,30,0.4,0.9,0.076,-126.4,-132,HAYIR,HAYIR
2026-08-19 19:45:42.147,0.27,0.05,30,0.4,1.0,0.076,-126.4,-130,HAYIR,HAYIR
2026-08-19 19:45:42.207,0.27,0.05,30,0.4,1.1,0.076,-126.4,-128,HAYIR,HAYIR
2026-08-19 19:45:42.267,0.26,0.05,30,0.4,1.2,0.080,-134.6,-128,HAYIR,HAYIR
2026-08-19 19:45:42.327,0.26,0.05,30,0.4,1.2,0.080,-134.6,-129,HAYIR,HAYIR
2026-08-19 19:45:42.387,0.26,0.05,30,0.4,1.3,0.079,-133.2,-131,HAYIR,HAYIR
2026-08-19 19:45:42.447,0.26,0.04,31,0.4,1.4,0.079,-133.2,-133,HAYIR,HAYIR
2026-08-19 19:45:42.507,0.27,0.04,31,0.4,1.5,0.074,-122.8,-131,HAYIR,HAYIR
2026-08-19 19:45:42.567,0.27,0.04,31,0.4,1.6,0.074,-122.8,-129,HAYIR,HAYIR
2026-08-19 19:45:42.627,0.27,0.04,31,0.4,1.6,0.074,-122.8,-128,HAYIR,HAYIR
2026-08-19 19:45:42.687,0.26,0.04,31,0.4,1.7,0.079,-133.0,-128,HAYIR,HAYIR
2026-08-19 19:45:42.747,0.26,0.03,31,0.4,1.8,0.079,-133.0,-130,HAYIR,HAYIR
2026-08-19 19:45:42.807,0.27,0.03,31,0.4,1.9,0.076,-126.1,-128,HAYIR,HAYIR
2026-08-19 19:45:42.867,0.27,0.03,31,0.4,1.9,0.076,-126.1,-127,HAYIR,HAYIR
2026-08-19 19:45:42.927,0.27,0.03,31,0.4,2.0,0.076,-126.1,-126,HAYIR,HAYIR
2026-08-19 19:45:42.987,0.26,0.03,31,0.4,2.1,0.079,-132.9,-127,HAYIR,HAYIR
2026-08-19 19:45:43.047,0.26,0.03,31,0.4,2.2,0.079,-132.9,-129,HAYIR,HAYIR
2026-08-19 19:45:43.107,0.26,0.02,32,0.4,2.3,0.079,-132.6,-131,HAYIR,HAYIR
2026-08-19 19:45:43.167,0.27,0.02,32,0.4,2.3,0.075,-123.6,-131,HAYIR,HAYIR
2026-08-19 19:45:43.227,0.27,0.02,32,0.4,2.4,0.075,-123.6,-129,HAYIR,HAYIR
2026-08-19 19:45:43.287,0.26,0.02,32,0.4,2.5,0.078,-131.8,-130,HAYIR,HAYIR
2026-08-19 19:45:43.347,0.26,0.02,32,0.4,2.6,0.078,-131.8,-132,HAYIR,HAYIR
2026-08-19 19:45:43.407,0.26,0.04,31,0.4,2.7,0.077,-131.0,-131,HAYIR,HAYIR
2026-08-19 19:45:43.467,0.27,0.04,32,0.4,2.7,0.075,-122.9,-130,HAYIR,HAYIR
2026-08-19 19:45:43.527,0.27,0.04,32,0.4,2.8,0.075,-122.9,-129,HAYIR,HAYIR
2026-08-19 19:45:43.587,0.26,0.04,32,0.4,2.9,0.076,-130.0,-129,HAYIR,HAYIR
2026-08-19 19:45:43.647,0.26,0.04,32,0.4,3.0,0.076,-130.0,-130,HAYIR,HAYIR
2026-08-19 19:45:43.707,0.26,0.04,32,0.4,3.0,0.076,-129.8,-130,HAYIR,HAYIR
2026-08-19 19:45:43.767,0.26,0.04,33,0.4,3.1,0.076,-129.8,-130,HAYIR,HAYIR
2026-08-19 19:45:43.827,0.27,0.06,33,0.4,3.2,0.074,-122.0,-129,HAYIR,HAYIR
2026-08-19 19:45:43.887,0.27,0.06,33,0.4,3.3,0.074,-122.0,-127,HAYIR,HAYIR
2026-08-19 19:45:43.947,0.27,0.06,33,0.4,3.4,0.074,-122.0,-125,HAYIR,HAYIR
2026-08-19 19:45:44.007,0.26,0.06,33,0.4,3.4,0.074,-128.0,-127,HAYIR,HAYIR
2026-08-19 19:45:44.067,0.26,0.06,33,0.4,3.5,0.073,-126.8,-127,HAYIR,HAYIR
2026-08-19 19:45:44.127,0.27,0.07,33,0.4,3.6,0.074,-123.6,-126,HAYIR,HAYIR
2026-08-19 19:45:44.187,0.27,0.07,33,0.4,3.7,0.074,-123.6,-125,HAYIR,HAYIR
2026-08-19 19:45:44.247,0.27,0.07,33,0.4,3.7,0.074,-123.6,-124,HAYIR,HAYIR
2026-08-19 19:45:44.307,0.26,0.07,33,0.4,3.8,0.072,-125.9,-125,HAYIR,HAYIR
2026-08-19 19:45:44.367,0.25,0.07,33,0.4,3.9,0.071,-124.7,-125,HAYIR,HAYIR
2026-08-19 19:45:44.427,0.25,0.07,34,0.4,4.0,0.071,-124.7,-125,HAYIR,HAYIR
2026-08-19 19:45:44.487,0.26,0.09,30,0.4,0.0,0.071,-121.8,-124,HAYIR,HAYIR
2026-08-19 19:45:44.547,0.26,0.09,30,0.3,0.0,0.071,-121.8,-122,HAYIR,HAYIR
2026-08-19 19:45:44.607,0.26,0.09,30,0.3,0.0,0.071,-121.8,-122,HAYIR,HAYIR
2026-08-19 19:45:44.667,0.25,0.09,29,0.3,0.0,0.067,-121.1,-121,HAYIR,HAYIR
2026-08-19 19:45:44.727,0.25,0.09,30,0.3,0.0,0.067,-121.1,-121,HAYIR,HAYIR
2026-08-19 19:45:44.787,0.26,0.11,30,0.3,0.0,0.069,-120.7,-121,HAYIR,HAYIR
2026-08-19 19:45:44.847,0.26,0.11,30,0.3,0.0,0.069,-120.7,-121,HAYIR,HAYIR
2026-08-19 19:45:44.907,0.26,0.11,30,0.3,0.0,0.069,-120.7,-121,HAYIR,HAYIR
2026-08-19 19:45:44.967,0.25,0.11,29,0.3,0.0,0.064,-118.1,-120,HAYIR,HAYIR
2026-08-19 19:45:45.027,0.25,0.11,30,0.3,0.0,0.064,-118.1,-118,HAYIR,HAYIR
2026-08-19 19:45:45.087,0.24,0.11,30,0.3,0.0,0.062,-116.4,-117,HAYIR,HAYIR
2026-08-19 19:45:45.147,0.24,0.15,29,0.3,0.0,0.062,-116.4,-116,HAYIR,HAYIR
2026-08-19 19:45:45.207,0.25,0.15,30,0.3,0.0,0.063,-115.4,-115,HAYIR,HAYIR
2026-08-19 19:45:45.267,0.25,0.15,30,0.3,0.0,0.063,-115.4,-115,HAYIR,HAYIR
2026-08-19 19:45:45.327,0.25,0.15,30,0.3,0.0,0.063,-115.4,-115,HAYIR,HAYIR
2026-08-19 19:45:45.387,0.24,0.15,30,0.3,0.0,0.058,-112.3,-114,HAYIR,HAYIR
2026-08-19 19:45:45.447,0.24,0.17,29,0.3,0.0,0.058,-112.3,-113,HAYIR,HAYIR
2026-08-19 19:45:45.507,0.24,0.17,30,0.3,0.0,0.061,-113.7,-114,HAYIR,HAYIR
2026-08-19 19:45:45.567,0.23,0.17,29,0.3,0.0,0.056,-109.1,-113,HAYIR,HAYIR
2026-08-19 19:45:45.627,0.23,0.17,29,0.3,0.0,0.056,-109.1,-111,HAYIR,HAYIR
2026-08-19 19:45:45.687,0.23,0.17,29,0.3,0.0,0.054,-107.6,-110,HAYIR,HAYIR
2026-08-19 19:45:45.747,0.23,0.19,29,0.3,0.0,0.054,-107.6,-108,HAYIR,HAYIR
2026-08-19 19:45:45.807,0.23,0.19,29,0.3,0.0,0.058,-112.0,-110,HAYIR,HAYIR
2026-08-19 19:45:45.867,0.23,0.19,29,0.3,0.0,0.052,-104.6,-110,HAYIR,HAYIR
2026-08-19 19:45:45.927,0.23,0.19,29,0.3,0.0,0.052,-104.6,-109,HAYIR,HAYIR
2026-08-19 19:45:45.987,0.22,0.19,29,0.3,0.0,0.051,-103.3,-107,HAYIR,HAYIR
2026-08-19 19:45:46.047,0.22,0.19,29,0.3,0.0,0.051,-103.3,-105,HAYIR,HAYIR
2026-08-19 19:45:46.107,0.22,0.20,29,0.3,0.0,0.049,-101.5,-104,HAYIR,HAYIR
2026-08-19 19:45:46.167,0.22,0.20,29,0.3,0.0,0.051,-104.3,-104,HAYIR,HAYIR
2026-08-19 19:45:46.227,0.22,0.20,29,0.3,0.0,0.051,-104.3,-104,HAYIR,HAYIR
2026-08-19 19:45:46.287,0.22,0.20,29,0.3,0.0,0.047,-99.1,-103,HAYIR,HAYIR
2026-08-19 19:45:46.347,0.22,0.20,29,0.3,0.0,0.047,-99.1,-101,HAYIR,HAYIR
2026-08-19 19:45:46.407,0.22,0.19,29,0.2,0.0,0.046,-97.8,-100,HAYIR,HAYIR
2026-08-19 19:45:46.467,0.21,0.19,29,0.2,0.0,0.046,-98.7,-99,HAYIR,HAYIR
2026-08-19 19:45:46.527,0.21,0.19,29,0.2,0.0,0.046,-98.7,-99,HAYIR,HAYIR
2026-08-19 19:45:46.587,0.21,0.19,29,0.2,0.0,0.045,-95.6,-98,HAYIR,HAYIR
2026-08-19 19:45:46.647,0.21,0.19,29,0.2,0.0,0.045,-95.6,-97,HAYIR,HAYIR
2026-08-19 19:45:46.707,0.21,0.19,29,0.2,0.0,0.044,-94.3,-95,HAYIR,HAYIR
2026-08-19 19:45:46.767,0.21,0.18,30,0.2,0.0,0.043,-93.3,-94,HAYIR,HAYIR
2026-08-19 19:45:46.827,0.20,0.18,29,0.2,0.0,0.040,-93.0,-93,HAYIR,HAYIR
2026-08-19 19:45:46.887,0.20,0.18,29,0.2,0.0,0.040,-93.3,-93,HAYIR,HAYIR
2026-08-19 19:45:46.947,0.20,0.18,29,0.2,0.0,0.040,-93.3,-93,HAYIR,HAYIR
2026-08-19 19:45:47.007,0.21,0.18,29,0.2,0.0,0.042,-91.9,-92,HAYIR,HAYIR
2026-08-19 19:45:47.067,0.20,0.17,30,0.2,0.0,0.039,-88.9,-91,HAYIR,HAYIR
2026-08-19 19:45:47.127,0.20,0.17,29,0.2,0.0,0.039,-88.9,-90,HAYIR,HAYIR
2026-08-19 19:45:47.187,0.20,0.17,29,0.2,0.0,0.039,-88.9,-89,HAYIR,HAYIR
2026-08-19 19:45:47.247,0.20,0.17,29,0.2,0.0,0.039,-88.9,-89,HAYIR,HAYIR
2026-08-19 19:45:47.307,0.20,0.17,29,0.2,0.0,0.039,-88.4,-88,HAYIR,HAYIR
2026-08-19 19:45:47.367,0.20,0.17,29,0.2,0.0,0.038,-86.9,-88,HAYIR,HAYIR
2026-08-19 19:45:47.427,0.20,0.17,29,0.2,0.0,0.038,-86.9,-87,HAYIR,HAYIR
2026-08-19 19:45:47.487,0.19,0.16,29,0.2,0.0,0.035,-84.5,-86,HAYIR,HAYIR
2026-08-19 19:45:47.547,0.19,0.16,29,0.2,0.0,0.035,-84.5,-85,HAYIR,HAYIR
2026-08-19 19:45:47.607,0.19,0.16,29,0.2,0.0,0.035,-84.5,-85,HAYIR,HAYIR
2026-08-19 19:45:47.667,0.20,0.16,30,0.2,0.0,0.037,-84.6,-85,HAYIR,HAYIR
2026-08-19 19:45:47.727,0.20,0.14,30,0.2,0.0,0.037,-84.6,-85,HAYIR,HAYIR
2026-08-19 19:45:47.787,0.19,0.14,29,0.2,0.0,0.034,-80.6,-83,HAYIR,HAYIR
2026-08-19 19:45:47.847,0.19,0.14,29,0.2,0.0,0.034,-80.6,-82,HAYIR,HAYIR
2026-08-19 19:45:47.907,0.19,0.14,29,0.2,0.0,0.034,-80.6,-81,HAYIR,HAYIR
2026-08-19 19:45:47.967,0.20,0.14,30,0.2,0.0,0.035,-82.2,-81,HAYIR,HAYIR
2026-08-19 19:45:48.027,0.20,0.14,29,0.2,0.0,0.035,-82.2,-82,HAYIR,HAYIR
2026-08-19 19:45:48.087,0.20,0.14,29,0.2,0.0,0.035,-81.5,-81,HAYIR,HAYIR
2026-08-19 19:45:48.147,0.20,0.12,30,0.2,0.0,0.035,-81.5,-81,HAYIR,HAYIR
2026-08-19 19:45:48.207,0.19,0.12,29,0.2,0.0,0.031,-77.5,-80,HAYIR,HAYIR
2026-08-19 19:45:48.267,0.20,0.12,30,0.2,0.0,0.034,-81.3,-79,HAYIR,HAYIR
2026-08-19 19:45:48.327,0.20,0.12,30,0.2,0.0,0.034,-81.3,-81,HAYIR,HAYIR
2026-08-19 19:45:48.387,0.20,0.12,30,0.2,0.0,0.034,-79.7,-80,HAYIR,HAYIR
2026-08-19 19:45:48.447,0.20,0.11,30,0.2,0.0,0.034,-79.7,-80,HAYIR,HAYIR
2026-08-19 19:45:48.507,0.18,0.11,30,0.2,0.0,0.000,-0.0,-78,HAYIR,HAYIR
2026-08-19 19:45:48.567,0.20,0.11,30,0.2,0.0,0.033,-79.4,-77,HAYIR,HAYIR
2026-08-19 19:45:48.627,0.20,0.11,30,0.2,0.0,0.033,-79.4,-79,HAYIR,HAYIR
2026-08-19 19:45:48.687,0.19,0.11,30,0.2,0.0,0.033,-78.6,-79,HAYIR,HAYIR
2026-08-19 19:45:48.747,0.19,0.11,30,0.2,0.0,0.033,-78.6,-79,HAYIR,HAYIR
2026-08-19 19:45:48.807,0.19,0.08,30,0.2,0.0,0.033,-78.3,-78,HAYIR,HAYIR
2026-08-19 19:45:48.867,0.18,0.08,30,0.2,0.0,0.000,-0.0,-77,HAYIR,HAYIR
2026-08-19 19:45:48.927,0.18,0.08,30,0.1,0.0,0.000,-0.0,-75,HAYIR,HAYIR
2026-08-19 19:45:48.987,0.19,0.08,30,0.1,0.0,0.032,-77.1,-76,HAYIR,HAYIR
2026-08-19 19:45:49.047,0.19,0.08,30,0.2,0.0,0.032,-77.1,-77,HAYIR,HAYIR
2026-08-19 19:45:49.107,0.19,0.08,30,0.2,0.1,0.032,-77.0,-77,HAYIR,HAYIR
2026-08-19 19:45:49.167,0.19,0.08,30,0.1,0.1,0.000,-0.0,-75,HAYIR,HAYIR
2026-08-19 19:45:49.227,0.19,0.08,30,0.1,0.2,0.000,-0.0,-74,HAYIR,HAYIR
2026-08-19 19:45:49.287,0.19,0.08,30,0.1,0.3,0.031,-76.3,-74,HAYIR,HAYIR
2026-08-19 19:45:49.347,0.19,0.08,30,0.1,0.4,0.031,-76.3,-76,HAYIR,HAYIR
2026-08-19 19:45:49.407,0.19,0.07,30,0.1,0.4,0.031,-76.1,-76,HAYIR,HAYIR
2026-08-19 19:45:49.467,0.19,0.07,30,0.1,0.5,0.000,-0.0,-74,HAYIR,HAYIR
2026-08-19 19:45:49.527,0.19,0.07,30,0.1,0.6,0.000,-0.0,-73,HAYIR,HAYIR
2026-08-19 19:45:49.587,0.19,0.07,31,0.1,0.7,0.031,-75.2,-72,HAYIR,HAYIR
2026-08-19 19:45:49.647,0.19,0.07,31,0.1,0.8,0.031,-75.2,-74,HAYIR,HAYIR
2026-08-19 19:45:49.707,0.19,0.07,31,0.1,0.8,0.031,-75.3,-75,HAYIR,HAYIR
2026-08-19 19:45:49.767,0.19,0.06,31,0.1,0.9,0.031,-75.3,-75,HAYIR,HAYIR
2026-08-19 19:45:49.827,0.19,0.06,31,0.1,1.0,0.000,-0.0,-74,HAYIR,HAYIR
2026-08-19 19:45:49.887,0.19,0.06,31,0.1,1.1,0.030,-75.2,-74,HAYIR,HAYIR
2026-08-19 19:45:49.947,0.19,0.06,31,0.1,1.1,0.030,-75.2,-75,HAYIR,HAYIR
2026-08-19 19:45:50.007,0.19,0.06,31,0.1,1.2,0.030,-74.9,-75,HAYIR,HAYIR
2026-08-19 19:45:50.067,0.19,0.06,31,0.1,1.3,0.000,-0.0,-74,HAYIR,HAYIR
2026-08-19 19:45:50.127,0.19,0.07,31,0.1,1.4,0.000,-0.0,-73,HAYIR,HAYIR
2026-08-19 19:45:50.187,0.18,0.07,31,0.1,1.5,0.000,-0.0,-71,HAYIR,HAYIR
2026-08-19 19:45:50.247,0.18,0.07,31,0.1,1.5,0.000,-0.0,-69,HAYIR,HAYIR
2026-08-19 19:45:50.307,0.19,0.07,32,0.1,1.6,0.000,-0.0,-68,HAYIR,HAYIR
2026-08-19 19:45:50.367,0.19,0.07,32,0.1,1.7,0.000,-0.0,-66,HAYIR,HAYIR
2026-08-19 19:45:50.427,0.18,0.07,31,0.1,1.8,0.000,-0.0,-64,HAYIR,HAYIR
2026-08-19 19:45:50.487,0.19,0.07,32,0.1,1.8,0.000,-0.0,-63,HAYIR,HAYIR
2026-08-19 19:45:50.547,0.19,0.07,32,0.1,1.9,0.000,-0.0,-61,HAYIR,HAYIR
2026-08-19 19:45:50.607,0.18,0.07,32,0.1,2.0,0.000,-0.0,-59,HAYIR,HAYIR
2026-08-19 19:45:50.667,0.18,0.07,32,0.1,2.1,0.000,-0.0,-57,HAYIR,HAYIR
2026-08-19 19:45:50.727,0.18,0.07,32,0.1,2.2,0.000,-0.0,-56,HAYIR,HAYIR
2026-08-19 19:45:50.787,0.18,0.10,30,0.1,0.0,0.000,-0.0,-54,HAYIR,HAYIR
2026-08-19 19:45:50.847,0.18,0.10,30,0.1,0.0,0.000,-0.0,-52,HAYIR,HAYIR
2026-08-19 19:45:50.907,0.18,0.10,30,0.0,0.0,0.000,-0.0,-51,HAYIR,HAYIR
2026-08-19 19:45:50.967,0.18,0.10,30,0.0,0.0,0.000,-0.0,-49,HAYIR,HAYIR
2026-08-19 19:45:51.027,0.18,0.10,30,0.0,0.0,0.000,-0.0,-47,HAYIR,HAYIR
2026-08-19 19:45:51.087,0.18,0.13,30,0.0,0.0,0.000,-0.0,-46,HAYIR,HAYIR
2026-08-19 19:45:51.147,0.18,0.13,30,0.0,0.0,0.000,-0.0,-44,HAYIR,HAYIR
2026-08-19 19:45:51.207,0.18,0.13,30,0.0,0.0,0.000,-0.0,-42,HAYIR,HAYIR
2026-08-19 19:45:51.267,0.17,0.13,29,0.0,0.0,0.000,-0.0,-41,HAYIR,HAYIR
2026-08-19 19:45:51.327,0.17,0.13,30,0.0,0.0,0.000,-0.0,-39,HAYIR,HAYIR
2026-08-19 19:45:51.387,0.17,0.16,28,0.0,0.0,0.000,-0.0,-37,HAYIR,HAYIR
2026-08-19 19:45:51.447,0.17,0.16,30,0.0,0.0,0.000,-0.0,-36,HAYIR,HAYIR
2026-08-19 19:45:51.507,0.17,0.16,30,0.0,0.0,0.000,-0.0,-34,HAYIR,HAYIR
2026-08-19 19:45:51.567,0.17,0.16,30,0.0,0.0,0.000,-0.0,-32,HAYIR,HAYIR
2026-08-19 19:45:51.627,0.16,0.16,28,0.0,0.0,0.000,-0.0,-31,HAYIR,HAYIR
2026-08-19 19:45:51.687,0.16,0.16,28,0.0,0.0,0.000,-0.0,-29,HAYIR,HAYIR
2026-08-19 19:45:51.747,0.16,0.16,28,0.0,0.0,0.000,-0.0,-27,HAYIR,HAYIR
2026-08-19 19:45:51.807,0.16,0.19,28,0.0,0.0,0.000,-0.0,-26,HAYIR,HAYIR
2026-08-19 19:45:51.867,0.17,0.19,28,0.0,0.0,0.000,-0.0,-24,HAYIR,HAYIR
2026-08-19 19:45:51.927,0.17,0.19,28,0.0,0.0,0.000,-0.0,-22,HAYIR,HAYIR
2026-08-19 19:45:51.987,0.15,0.19,28,0.0,0.0,0.000,-0.0,-21,HAYIR,HAYIR
2026-08-19 19:45:52.047,0.15,0.19,28,0.0,0.0,0.000,-0.0,-19,HAYIR,HAYIR
2026-08-19 19:45:52.107,0.15,0.23,28,0.0,0.0,0.000,-0.0,-17,HAYIR,HAYIR
2026-08-19 19:45:52.167,0.15,0.23,28,0.0,0.0,0.000,-0.0,-15,HAYIR,HAYIR
2026-08-19 19:45:52.227,0.15,0.23,28,0.0,0.0,0.000,-0.0,-14,HAYIR,HAYIR
2026-08-19 19:45:52.287,0.14,0.23,28,0.0,0.0,0.000,-0.0,-12,HAYIR,HAYIR
2026-08-19 19:45:52.347,0.14,0.23,28,0.0,0.0,0.000,-0.0,-10,HAYIR,HAYIR
2026-08-19 19:45:52.407,0.14,0.24,28,0.0,0.0,0.000,-0.0,-9,HAYIR,HAYIR
2026-08-19 19:45:52.467,0.14,0.24,28,0.0,0.0,0.000,-0.0,-7,HAYIR,HAYIR
2026-08-19 19:45:52.527,0.14,0.24,28,0.0,0.0,0.000,-0.0,-5,HAYIR,HAYIR
2026-08-19 19:45:52.587,0.14,0.24,28,0.0,0.0,0.000,-0.0,-4,HAYIR,HAYIR
2026-08-19 19:45:52.647,0.14,0.24,28,0.0,0.0,0.000,-0.0,-2,HAYIR,HAYIR
2026-08-19 19:45:52.707,0.13,0.24,28,0.0,0.0,0.000,-0.0,0,HAYIR,HAYIR
2026-08-19 19:45:52.767,0.13,0.25,28,0.0,0.0,0.000,-0.0,0,HAYIR,HAYIR
2026-08-19 19:45:52.827,0.13,0.25,28,0.0,0.0,0.000,-0.0,0,HAYIR,HAYIR
2026-08-19 19:45:52.887,0.13,0.25,28,0.0,0.0,0.000,-0.0,0,HAYIR,HAYIR
2026-08-19 19:45:52.947,0.13,0.25,28,0.0,0.0,0.000,-0.0,0,HAYIR,HAYIR
2026-08-19 19:45:53.007,0.13,0.25,28,0.0,0.0,0.000,-0.0,0,HAYIR,HAYIR
2026-08-19 19:45:53.067,0.12,0.25,28,0.0,0.0,0.000,-0.0,0,HAYIR,HAYIR
2026-08-19 19:45:53.127,0.12,0.25,28,0.0,0.0,0.000,-0.0,0,HAYIR,HAYIR
2026-08-19 19:45:53.187,0.12,0.25,28,0.0,0.0,0.000,-0.0,0,HAYIR,HAYIR
2026-08-19 19:45:53.247,0.12,0.25,28,0.0,0.0,0.000,-0.0,0,HAYIR,HAYIR
2026-08-19 19:45:53.307,0.12,0.25,28,0.0,0.0,0.000,-0.0,0,HAYIR,HAYIR
2026-08-19 19:45:53.367,0.12,0.25,28,0.0,0.0,0.000,-0.0,0,HAYIR,HAYIR
2026-08-19 19:45:53.427,0.12,0.25,28,0.0,0.0,0.000,-0.0,0,HAYIR,HAYIR
2026-08-19 19:45:53.487,0.09,0.24,28,0.0,0.0,0.000,-0.0,0,HAYIR,HAYIR
2026-08-19 19:45:53.547,0.07,0.24,28,0.0,0.0,0.000,-0.0,0,HAYIR,HAYIR
2026-08-19 19:45:53.607,0.04,0.24,28,0.0,0.0,0.000,-0.0,0,HAYIR,HAYIR
2026-08-19 19:45:53.667,0.02,0.24,28,0.0,0.0,0.000,-0.0,0,HAYIR,HAYIR
2026-08-19 19:45:53.727,0.00,0.24,0,0.0,0.0,0.000,0.0,0,EVET,HAYIR
2026-08-19 19:45:53.787,0.00,0.23,0,0.0,0.0,0.000,0.0,0,EVET,HAYIR
2026-08-19 19:45:53.847,0.00,0.23,0,0.0,0.0,0.000,0.0,0,EVET,HAYIR
2026-08-19 19:45:53.907,0.00,0.23,0,0.0,0.0,0.000,0.0,0,EVET,HAYIR
2026-08-19 19:45:53.967,0.00,0.23,0,0.0,0.0,0.000,0.0,0,EVET,HAYIR
2026-08-19 19:46:03.627,0.03,0.00,28,0.0,0.0,0.050,-160.0,-1,HAYIR,HAYIR
2026-08-19 19:46:03.687,0.05,0.00,29,0.0,0.1,0.100,-160.0,-2,HAYIR,HAYIR
2026-08-19 19:46:03.747,0.08,0.00,29,0.0,0.2,0.150,-160.0,-4,HAYIR,HAYIR
2026-08-19 19:46:03.807,0.10,0.00,29,0.0,0.3,0.193,-160.0,-6,HAYIR,HAYIR
2026-08-19 19:46:03.867,0.12,0.00,29,0.0,0.3,0.197,-160.0,-7,HAYIR,HAYIR
2026-08-19 19:46:03.927,0.17,0.00,29,0.0,0.4,0.197,-160.0,-9,HAYIR,HAYIR
2026-08-19 19:46:03.987,0.20,0.00,29,0.0,0.5,0.193,-160.0,-11,HAYIR,HAYIR
2026-08-19 19:46:04.047,0.22,0.00,29,0.0,0.6,0.193,-160.0,-12,HAYIR,HAYIR
2026-08-19 19:46:04.107,0.25,0.00,30,0.0,0.7,0.193,-160.0,-14,HAYIR,HAYIR
2026-08-19 19:46:04.167,0.27,0.00,30,0.0,0.7,0.197,-160.0,-16,HAYIR,HAYIR
2026-08-19 19:46:04.227,0.33,0.00,30,0.0,0.8,0.197,-160.0,-17,HAYIR,HAYIR
2026-08-19 19:46:04.287,0.35,0.00,30,0.0,0.9,0.194,-160.0,-19,HAYIR,HAYIR
2026-08-19 19:46:04.347,0.38,0.00,30,0.0,1.0,0.194,-160.0,-21,HAYIR,HAYIR
2026-08-19 19:46:04.407,0.40,0.00,30,0.0,1.0,0.195,-160.0,-22,HAYIR,HAYIR
2026-08-19 19:46:04.467,0.43,0.00,31,0.0,1.1,0.195,-160.0,-24,HAYIR,HAYIR
2026-08-19 19:46:04.527,0.48,0.00,31,0.0,1.2,0.195,-160.0,-26,HAYIR,HAYIR
2026-08-19 19:46:04.587,0.50,0.00,31,0.0,1.3,0.195,-160.0,-27,HAYIR,HAYIR
2026-08-19 19:46:04.647,0.53,0.00,31,0.0,1.4,0.195,-160.0,-29,HAYIR,HAYIR
2026-08-19 19:46:04.707,0.55,0.00,31,0.0,1.4,0.195,-154.6,-31,HAYIR,HAYIR
2026-08-19 19:46:04.767,0.58,0.00,31,0.0,1.5,0.195,-148.9,-32,HAYIR,HAYIR
2026-08-19 19:46:04.827,0.63,0.00,32,0.0,1.6,0.198,-140.3,-34,HAYIR,HAYIR
2026-08-19 19:46:04.887,0.65,0.00,32,0.0,1.7,0.196,-134.3,-36,HAYIR,HAYIR
2026-08-19 19:46:04.947,0.68,0.00,32,0.0,1.7,0.196,-129.9,-38,HAYIR,HAYIR
2026-08-19 19:46:05.007,0.70,0.00,32,0.0,1.8,0.196,-125.9,-39,HAYIR,HAYIR
2026-08-19 19:46:05.067,0.73,0.00,32,0.0,1.9,0.196,-122.0,-41,HAYIR,HAYIR
2026-08-19 19:46:05.127,0.78,0.00,32,0.0,2.0,0.196,-114.6,-43,HAYIR,HAYIR
2026-08-19 19:46:05.187,0.79,0.00,33,0.0,2.1,0.195,-112.9,-44,HAYIR,HAYIR
2026-08-19 19:46:05.247,0.79,0.00,33,0.0,2.1,0.195,-112.9,-46,HAYIR,HAYIR
2026-08-19 19:46:05.307,0.78,0.00,33,0.0,2.2,0.196,-113.6,-48,HAYIR,HAYIR
2026-08-19 19:46:05.367,0.78,0.00,33,0.0,2.3,0.196,-113.6,-49,HAYIR,HAYIR
2026-08-19 19:46:05.427,0.78,0.02,32,0.0,2.4,0.197,-113.9,-51,HAYIR,HAYIR
2026-08-19 19:46:05.487,0.79,0.02,33,0.1,2.4,0.200,-115.4,-53,HAYIR,HAYIR
2026-08-19 19:46:05.547,0.79,0.02,33,0.1,2.5,0.200,-115.4,-54,HAYIR,HAYIR
2026-08-19 19:46:05.607,0.79,0.02,34,0.1,2.6,0.200,-115.4,-56,HAYIR,HAYIR
2026-08-19 19:46:05.667,0.79,0.02,34,0.1,2.7,0.200,-115.4,-58,HAYIR,HAYIR
2026-08-19 19:46:05.727,0.79,0.02,34,0.1,2.8,0.203,-115.8,-59,HAYIR,HAYIR
2026-08-19 19:46:05.787,0.79,0.06,34,0.1,2.8,0.204,-116.6,-61,HAYIR,HAYIR
2026-08-19 19:46:05.847,0.79,0.06,34,0.1,2.9,0.165,-96.2,-63,HAYIR,HAYIR
2026-08-19 19:46:05.907,0.79,0.06,34,0.1,3.0,0.165,-96.2,-64,HAYIR,HAYIR
2026-08-19 19:46:05.967,0.79,0.06,34,0.1,3.1,0.165,-96.2,-66,HAYIR,HAYIR
2026-08-19 19:46:06.027,0.79,0.06,35,0.1,3.1,0.168,-97.5,-68,HAYIR,HAYIR
2026-08-19 19:46:06.087,0.79,0.11,31,0.1,0.0,0.169,-98.6,-69,HAYIR,HAYIR
2026-08-19 19:46:06.147,0.78,0.11,31,0.1,0.0,0.169,-98.9,-71,HAYIR,HAYIR
2026-08-19 19:46:06.207,0.78,0.11,31,0.1,0.0,0.169,-98.9,-73,HAYIR,HAYIR
2026-08-19 19:46:06.267,0.78,0.11,32,0.1,0.0,0.169,-98.9,-74,HAYIR,HAYIR
2026-08-19 19:46:06.327,0.78,0.11,32,0.1,0.0,0.170,-99.6,-76,HAYIR,HAYIR
2026-08-19 19:46:06.387,0.79,0.18,29,0.2,0.0,0.174,-100.4,-78,HAYIR,HAYIR
2026-08-19 19:46:06.447,0.79,0.18,32,0.2,0.0,0.177,-102.6,-80,HAYIR,HAYIR
2026-08-19 19:46:06.507,0.79,0.18,32,0.2,0.0,0.177,-102.6,-81,HAYIR,HAYIR
2026-08-19 19:46:06.567,0.79,0.18,32,0.2,0.0,0.177,-102.6,-83,HAYIR,HAYIR
2026-08-19 19:46:06.627,0.79,0.18,32,0.2,0.0,0.175,-101.7,-85,HAYIR,HAYIR
2026-08-19 19:46:06.687,0.78,0.18,32,0.2,0.0,0.174,-101.8,-86,HAYIR,HAYIR
2026-08-19 19:46:06.747,0.78,0.27,32,0.2,0.0,0.174,-101.8,-88,HAYIR,HAYIR
2026-08-19 19:46:06.807,0.79,0.27,32,0.2,0.0,0.190,-109.1,-90,HAYIR,HAYIR
2026-08-19 19:46:06.867,0.79,0.27,32,0.2,0.0,0.190,-109.1,-91,HAYIR,HAYIR
2026-08-19 19:46:06.927,0.79,0.27,32,0.2,0.0,0.164,-95.9,-93,HAYIR,HAYIR
2026-08-19 19:46:06.987,0.78,0.27,32,0.2,0.0,0.162,-95.5,-95,HAYIR,HAYIR
2026-08-19 19:46:07.047,0.78,0.27,32,0.2,0.0,0.162,-95.5,-95,HAYIR,HAYIR
2026-08-19 19:46:07.107,0.79,0.34,29,0.2,0.0,0.163,-94.6,-95,HAYIR,HAYIR
2026-08-19 19:46:07.167,0.79,0.34,32,0.2,0.0,0.186,-107.5,-96,HAYIR,HAYIR
2026-08-19 19:46:07.227,0.79,0.34,32,0.2,0.0,0.186,-107.5,-98,HAYIR,HAYIR
2026-08-19 19:46:07.287,0.80,0.34,32,0.2,0.0,0.161,-93.1,-99,HAYIR,HAYIR
2026-08-19 19:46:07.347,0.80,0.34,32,0.2,0.0,0.161,-93.1,-97,HAYIR,HAYIR
2026-08-19 19:46:07.407,0.79,0.34,32,0.2,0.0,0.157,-91.6,-95,HAYIR,HAYIR
2026-08-19 19:46:07.467,0.79,0.42,32,0.2,0.0,0.157,-91.6,-93,HAYIR,HAYIR
2026-08-19 19:46:07.527,0.79,0.42,32,0.2,0.0,0.194,-110.9,-95,HAYIR,HAYIR
2026-08-19 19:46:07.587,0.79,0.42,32,0.2,0.0,0.159,-92.2,-96,HAYIR,HAYIR
2026-08-19 19:46:07.647,0.79,0.42,32,0.2,0.0,0.159,-92.2,-94,HAYIR,HAYIR
2026-08-19 19:46:07.707,0.79,0.42,32,0.2,0.0,0.155,-90.7,-92,HAYIR,HAYIR
2026-08-19 19:46:07.767,0.79,0.49,32,0.2,0.0,0.155,-90.7,-91,HAYIR,HAYIR
2026-08-19 19:46:07.827,0.78,0.49,32,0.2,0.0,0.197,-114.2,-90,HAYIR,HAYIR
2026-08-19 19:46:07.887,0.78,0.49,32,0.2,0.0,0.197,-114.2,-92,HAYIR,HAYIR
2026-08-19 19:46:07.947,0.78,0.49,32,0.2,0.0,0.197,-114.2,-94,HAYIR,HAYIR
2026-08-19 19:46:08.007,0.79,0.49,32,0.2,0.0,0.149,-87.8,-93,HAYIR,HAYIR
2026-08-19 19:46:08.067,0.79,0.52,31,0.2,0.0,0.149,-87.8,-91,HAYIR,HAYIR
2026-08-19 19:46:08.127,0.79,0.52,32,0.2,0.0,0.151,-88.8,-90,HAYIR,HAYIR
2026-08-19 19:46:08.187,0.79,0.52,32,0.2,0.0,0.151,-88.8,-89,HAYIR,HAYIR
2026-08-19 19:46:08.247,0.79,0.52,32,0.2,0.0,0.151,-88.8,-89,HAYIR,HAYIR
2026-08-19 19:46:08.307,0.79,0.52,32,0.2,0.0,0.123,-72.1,-88,HAYIR,HAYIR
2026-08-19 19:46:08.367,0.79,0.52,32,0.2,0.0,0.123,-72.1,-86,HAYIR,HAYIR
2026-08-19 19:46:08.427,0.79,0.57,32,0.2,0.0,0.143,-84.5,-84,HAYIR,HAYIR
2026-08-19 19:46:08.487,0.79,0.57,32,0.2,0.0,0.143,-84.5,-84,HAYIR,HAYIR
2026-08-19 19:46:08.547,0.79,0.57,32,0.2,0.0,0.143,-84.5,-84,HAYIR,HAYIR
2026-08-19 19:46:08.607,0.79,0.57,32,0.2,0.0,0.111,-65.6,-83,HAYIR,HAYIR
2026-08-19 19:46:08.667,0.79,0.57,32,0.2,0.0,0.111,-65.6,-82,HAYIR,HAYIR
2026-08-19 19:46:08.727,0.78,0.57,32,0.2,0.0,0.106,-63.5,-80,HAYIR,HAYIR
2026-08-19 19:46:08.787,0.79,0.62,32,0.2,0.0,0.104,-61.8,-78,HAYIR,HAYIR
2026-08-19 19:46:08.847,0.79,0.62,32,0.2,0.0,0.113,-66.6,-77,HAYIR,HAYIR
2026-08-19 19:46:08.907,0.79,0.62,32,0.1,0.0,0.113,-66.6,-75,HAYIR,HAYIR
2026-08-19 19:46:08.967,0.79,0.62,32,0.1,0.0,0.113,-66.6,-73,HAYIR,HAYIR
2026-08-19 19:46:09.027,0.79,0.62,32,0.1,0.0,0.095,-56.3,-72,HAYIR,HAYIR
2026-08-19 19:46:09.087,0.78,0.67,30,0.1,0.0,0.091,-54.3,-70,HAYIR,HAYIR
2026-08-19 19:46:09.147,0.79,0.67,32,0.1,0.0,0.103,-61.0,-68,HAYIR,HAYIR
2026-08-19 19:46:09.207,0.79,0.67,32,0.1,0.0,0.103,-61.0,-67,HAYIR,HAYIR
2026-08-19 19:46:09.267,0.79,0.67,32,0.1,0.0,0.117,-69.1,-68,HAYIR,HAYIR
2026-08-19 19:46:09.327,0.79,0.67,32,0.1,0.0,0.096,-57.4,-67,HAYIR,HAYIR
2026-08-19 19:46:09.387,0.79,0.67,32,0.1,0.0,0.094,-55.5,-65,HAYIR,HAYIR
2026-08-19 19:46:09.447,0.79,0.70,32,0.1,0.0,0.094,-55.5,-63,HAYIR,HAYIR
2026-08-19 19:46:09.507,0.79,0.70,32,0.1,0.0,0.102,-60.7,-62,HAYIR,HAYIR
2026-08-19 19:46:09.567,0.79,0.70,32,0.1,0.0,0.102,-60.7,-61,HAYIR,HAYIR
2026-08-19 19:46:09.627,0.79,0.70,32,0.1,0.0,0.084,-49.7,-59,HAYIR,HAYIR
2026-08-19 19:46:09.687,0.79,0.70,32,0.1,0.0,0.080,-47.8,-57,HAYIR,HAYIR
2026-08-19 19:46:09.747,0.79,0.73,32,0.1,0.0,0.080,-47.8,-56,HAYIR,HAYIR
2026-08-19 19:46:09.807,0.79,0.73,32,0.1,0.0,0.078,-46.9,-54,HAYIR,HAYIR
2026-08-19 19:46:09.867,0.79,0.73,32,0.1,0.0,0.078,-46.9,-52,HAYIR,HAYIR
2026-08-19 19:46:09.927,0.79,0.73,32,0.0,0.0,0.072,-43.1,-51,HAYIR,HAYIR
2026-08-19 19:46:09.987,0.79,0.73,32,0.0,0.0,0.069,-41.2,-49,HAYIR,HAYIR
2026-08-19 19:46:10.047,0.79,0.74,31,0.0,0.0,0.069,-41.2,-47,HAYIR,HAYIR
2026-08-19 19:46:10.107,0.79,0.74,32,0.0,0.0,0.066,-39.5,-46,HAYIR,HAYIR
2026-08-19 19:46:10.167,0.79,0.74,32,0.0,0.0,0.068,-40.7,-44,HAYIR,HAYIR
2026-08-19 19:46:10.227,0.79,0.74,32,0.0,0.0,0.068,-40.7,-42,HAYIR,HAYIR
2026-08-19 19:46:10.287,0.79,0.74,32,0.0,0.0,0.059,-35.5,-41,HAYIR,HAYIR
2026-08-19 19:46:10.347,0.78,0.74,32,0.0,0.0,0.064,-38.4,-39,HAYIR,HAYIR
2026-08-19 19:46:10.407,0.79,0.74,32,0.0,0.0,0.062,-37.0,-37,HAYIR,HAYIR
2026-08-19 19:46:10.467,0.79,0.76,32,0.0,0.0,0.062,-37.0,-37,HAYIR,HAYIR
2026-08-19 19:46:10.527,0.79,0.76,32,0.0,0.0,0.055,-33.0,-35,HAYIR,HAYIR
2026-08-19 19:46:10.587,0.79,0.76,32,0.0,0.0,0.055,-33.0,-34,HAYIR,HAYIR
2026-08-19 19:46:10.647,0.79,0.76,32,0.0,0.0,0.055,-33.0,-33,HAYIR,HAYIR
2026-08-19 19:46:10.707,0.79,0.76,32,0.0,0.0,0.054,-32.0,-32,HAYIR,HAYIR
2026-08-19 19:46:10.767,0.79,0.80,28,0.0,0.0,0.054,-32.0,-32,HAYIR,HAYIR
2026-08-19 19:46:10.827,0.79,0.80,28,0.0,0.0,0.045,-27.2,-30,HAYIR,HAYIR
2026-08-19 19:46:10.887,0.79,0.80,28,0.0,0.0,0.045,-27.2,-29,HAYIR,HAYIR
2026-08-19 19:46:10.947,0.79,0.80,28,0.0,0.0,0.045,-27.2,-27,HAYIR,HAYIR
2026-08-19 19:46:11.007,0.78,0.80,28,0.0,0.0,0.046,-27.9,-28,HAYIR,HAYIR
2026-08-19 19:46:11.067,0.78,0.84,28,0.0,0.0,0.046,-27.9,-28,HAYIR,HAYIR
2026-08-19 19:46:11.127,0.79,0.84,28,0.0,0.0,0.034,-20.6,-26,HAYIR,HAYIR
2026-08-19 19:46:11.187,0.79,0.84,28,0.0,0.0,0.034,-20.6,-25,HAYIR,HAYIR
2026-08-19 19:46:11.247,0.79,0.84,28,0.0,0.0,0.034,-20.6,-23,HAYIR,HAYIR
2026-08-19 19:46:11.307,0.79,0.84,28,0.0,0.0,0.040,-24.1,-23,HAYIR,HAYIR
2026-08-19 19:46:11.367,0.79,0.84,28,0.0,0.0,0.040,-24.1,-24,HAYIR,HAYIR
2026-08-19 19:46:11.427,0.79,0.85,28,0.0,0.0,0.031,-18.8,-25,HAYIR,HAYIR
2026-08-19 19:46:11.487,0.79,0.85,28,0.0,0.0,0.031,-18.8,-23,HAYIR,HAYIR
2026-08-19 19:46:11.547,0.79,0.85,28,0.0,0.0,0.031,-18.8,-21,HAYIR,HAYIR
2026-08-19 19:46:11.607,0.79,0.85,28,0.0,0.0,0.039,-23.2,-22,HAYIR,HAYIR
2026-08-19 19:46:11.667,0.79,0.85,28,0.0,0.0,0.039,-23.2,-23,HAYIR,HAYIR
2026-08-19 19:46:11.727,0.78,0.84,28,0.0,0.0,0.037,-22.2,-22,HAYIR,HAYIR
2026-08-19 19:46:11.787,0.79,0.84,28,0.0,0.0,0.000,-0.0,-22,HAYIR,HAYIR
2026-08-19 19:46:11.847,0.79,0.84,28,0.0,0.0,0.000,-0.0,-20,HAYIR,HAYIR
2026-08-19 19:46:11.907,0.78,0.84,28,0.0,0.0,0.034,-20.7,-21,HAYIR,HAYIR
2026-08-19 19:46:11.967,0.78,0.84,28,0.0,0.0,0.034,-20.7,-21,HAYIR,HAYIR
2026-08-19 19:46:12.027,0.79,0.84,28,0.0,0.0,0.033,-20.0,-20,HAYIR,HAYIR
2026-08-19 19:46:12.087,0.80,0.84,28,0.0,0.0,0.032,-19.4,-19,HAYIR,HAYIR
2026-08-19 19:46:12.147,0.79,0.81,28,0.0,0.0,0.000,-0.0,-18,HAYIR,HAYIR
2026-08-19 19:46:12.207,0.79,0.81,28,0.0,0.0,0.000,-0.0,-17,HAYIR,HAYIR
2026-08-19 19:46:12.267,0.79,0.81,28,0.0,0.0,0.000,-0.0,-15,HAYIR,HAYIR
2026-08-19 19:46:12.327,0.80,0.81,28,0.0,0.0,0.030,-18.1,-17,HAYIR,HAYIR
2026-08-19 19:46:12.387,0.79,0.81,28,0.0,0.0,0.000,-0.0,-17,HAYIR,HAYIR
2026-08-19 19:46:12.447,0.79,0.78,32,0.0,0.0,0.000,-0.0,-15,HAYIR,HAYIR
2026-08-19 19:46:12.507,0.77,0.78,28,0.0,0.0,0.000,-0.0,-14,HAYIR,HAYIR
2026-08-19 19:46:12.567,0.77,0.78,28,0.0,0.0,0.000,-0.0,-12,HAYIR,HAYIR
2026-08-19 19:46:12.627,0.79,0.78,28,0.0,0.0,0.000,-0.0,-10,HAYIR,HAYIR
2026-08-19 19:46:12.687,0.78,0.78,31,0.0,0.0,0.000,-0.0,-9,HAYIR,HAYIR
2026-08-19 19:46:12.747,0.78,0.75,33,0.0,0.0,0.000,-0.0,-7,HAYIR,HAYIR
2026-08-19 19:46:12.807,0.79,0.75,32,0.0,0.0,0.000,-0.0,-5,HAYIR,HAYIR
2026-08-19 19:46:12.867,0.77,0.75,32,0.0,0.0,0.000,-0.0,-4,HAYIR,HAYIR
2026-08-19 19:46:12.927,0.74,0.75,28,0.0,0.0,0.000,-0.0,-2,HAYIR,HAYIR
2026-08-19 19:46:12.987,0.76,0.75,28,0.0,0.0,0.000,-0.0,0,HAYIR,HAYIR
2026-08-19 19:46:13.047,0.78,0.75,32,0.0,0.0,0.000,-0.0,0,HAYIR,HAYIR
2026-08-19 19:46:13.107,0.77,0.72,32,0.0,0.0,0.000,-0.0,0,HAYIR,HAYIR
2026-08-19 19:46:13.167,0.75,0.72,32,0.0,0.0,0.000,-0.0,0,HAYIR,HAYIR
2026-08-19 19:46:13.227,0.74,0.72,32,0.0,0.0,0.000,-0.0,0,HAYIR,HAYIR
2026-08-19 19:46:13.287,0.76,0.72,32,0.0,0.0,0.000,-0.0,0,HAYIR,HAYIR
2026-08-19 19:46:13.347,0.76,0.72,32,0.0,0.0,0.000,-0.0,0,HAYIR,HAYIR
2026-08-19 19:46:13.407,0.76,0.68,32,0.0,0.0,0.000,-0.0,0,HAYIR,HAYIR
2026-08-19 19:46:13.467,0.73,0.68,32,0.0,0.0,0.000,-0.0,0,HAYIR,HAYIR
2026-08-19 19:46:13.527,0.71,0.68,32,0.0,0.0,0.000,-0.0,0,HAYIR,HAYIR
2026-08-19 19:46:13.587,0.74,0.68,32,0.0,0.0,0.000,-0.0,0,HAYIR,HAYIR
2026-08-19 19:46:13.647,0.74,0.68,32,0.0,0.0,0.000,-0.0,0,HAYIR,HAYIR
2026-08-19 19:46:13.707,0.74,0.68,32,0.0,0.0,0.000,-0.0,0,HAYIR,HAYIR
2026-08-19 19:46:13.767,0.74,0.66,33,0.0,0.0,0.000,-0.0,0,HAYIR,HAYIR
2026-08-19 19:46:13.827,0.71,0.66,31,0.0,0.0,0.000,-0.0,0,HAYIR,HAYIR
2026-08-19 19:46:13.887,0.71,0.66,32,0.0,0.0,0.000,-0.0,0,HAYIR,HAYIR
2026-08-19 19:46:13.947,0.71,0.66,32,0.0,0.0,0.000,-0.0,0,HAYIR,HAYIR
2026-08-19 19:46:14.007,0.72,0.66,32,0.0,0.0,0.000,-0.0,0,HAYIR,HAYIR
2026-08-19 19:46:14.067,0.72,0.66,32,0.0,0.0,0.000,-0.0,0,HAYIR,HAYIR
2026-08-19 19:46:14.127,0.68,0.69,31,0.0,0.0,0.000,-0.0,0,HAYIR,HAYIR
2026-08-19 19:46:14.187,0.68,0.69,28,0.0,0.0,0.000,-0.0,0,HAYIR,HAYIR
2026-08-19 19:46:14.247,0.68,0.69,28,0.0,0.0,0.000,-0.0,0,HAYIR,HAYIR
2026-08-19 19:46:14.307,0.69,0.69,32,0.0,0.0,0.000,-0.0,0,HAYIR,HAYIR
2026-08-19 19:46:14.367,0.69,0.69,32,0.0,0.0,0.000,-0.0,0,HAYIR,HAYIR
2026-08-19 19:46:14.427,0.69,0.72,28,0.0,0.0,0.000,-0.0,0,HAYIR,HAYIR
2026-08-19 19:46:14.487,0.66,0.72,28,0.0,0.0,0.000,-0.0,0,HAYIR,HAYIR
2026-08-19 19:46:14.547,0.66,0.72,28,0.0,0.0,0.000,-0.0,0,HAYIR,HAYIR
2026-08-19 19:46:14.607,0.67,0.72,28,0.0,0.0,0.000,-0.0,0,HAYIR,HAYIR
2026-08-19 19:46:14.667,0.67,0.72,28,0.0,0.0,0.000,-0.0,0,HAYIR,HAYIR
2026-08-19 19:46:14.727,0.67,0.72,28,0.0,0.0,0.000,-0.0,0,HAYIR,HAYIR
2026-08-19 19:46:14.787,0.65,0.72,28,0.0,0.0,0.000,-0.0,0,HAYIR,HAYIR
2026-08-19 19:46:14.847,0.65,0.72,28,0.0,0.0,0.000,-0.0,0,HAYIR,HAYIR
2026-08-19 19:46:14.907,0.65,0.72,28,0.0,0.0,0.000,-0.0,0,HAYIR,HAYIR
2026-08-19 19:46:14.967,0.65,0.72,28,0.0,0.0,0.000,-0.0,0,HAYIR,HAYIR
2026-08-19 19:46:15.027,0.65,0.72,28,0.0,0.0,0.000,-0.0,0,HAYIR,HAYIR
2026-08-19 19:46:15.087,0.64,0.71,28,0.0,0.0,0.000,-0.0,0,HAYIR,HAYIR
2026-08-19 19:46:15.147,0.62,0.71,28,0.0,0.0,0.000,-0.0,0,HAYIR,HAYIR
2026-08-19 19:46:15.207,0.62,0.71,28,0.0,0.0,0.000,-0.0,0,HAYIR,HAYIR
2026-08-19 19:46:15.267,0.62,0.71,28,0.0,0.0,0.000,-0.0,0,HAYIR,HAYIR
2026-08-19 19:46:15.327,0.63,0.71,28,0.0,0.0,0.000,-0.0,0,HAYIR,HAYIR
2026-08-19 19:46:15.387,0.62,0.71,28,0.0,0.0,0.000,-0.0,0,HAYIR,HAYIR
2026-08-19 19:46:15.447,0.62,0.70,28,0.0,0.0,0.000,-0.0,0,HAYIR,HAYIR
2026-08-19 19:46:15.507,0.60,0.70,28,0.0,0.0,0.000,-0.0,0,HAYIR,HAYIR
2026-08-19 19:46:15.567,0.60,0.70,28,0.0,0.0,0.000,-0.0,0,HAYIR,HAYIR
2026-08-19 19:46:15.627,0.60,0.70,28,0.0,0.0,0.000,-0.0,0,HAYIR,HAYIR
2026-08-19 19:46:15.687,0.60,0.70,28,0.0,0.0,0.000,-0.0,0,HAYIR,HAYIR
2026-08-19 19:46:15.747,0.60,0.71,28,0.0,0.0,0.000,-0.0,0,HAYIR,HAYIR
2026-08-19 19:46:15.807,0.59,0.71,28,0.0,0.0,0.000,-0.0,0,HAYIR,HAYIR
2026-08-19 19:46:15.867,0.57,0.71,28,0.0,0.0,0.000,-0.0,0,HAYIR,HAYIR
2026-08-19 19:46:15.927,0.57,0.71,28,0.0,0.0,0.000,-0.0,0,HAYIR,HAYIR
2026-08-19 19:46:15.987,0.58,0.71,28,0.0,0.0,0.000,-0.0,0,HAYIR,HAYIR
2026-08-19 19:46:16.047,0.58,0.71,28,0.0,0.0,0.000,-0.0,0,HAYIR,HAYIR
2026-08-19 19:46:16.107,0.57,0.73,28,0.0,0.0,0.000,-0.0,0,HAYIR,HAYIR
2026-08-19 19:46:16.167,0.54,0.73,28,0.0,0.0,0.000,-0.0,0,HAYIR,HAYIR
2026-08-19 19:46:16.227,0.54,0.73,28,0.0,0.0,0.000,-0.0,0,HAYIR,HAYIR
2026-08-19 19:46:16.287,0.55,0.73,28,0.0,0.0,0.000,-0.0,0,HAYIR,HAYIR
2026-08-19 19:46:16.347,0.55,0.73,28,0.0,0.0,0.000,-0.0,0,HAYIR,HAYIR
2026-08-19 19:46:16.407,0.55,0.75,28,0.0,0.0,0.000,-0.0,0,HAYIR,HAYIR
2026-08-19 19:46:16.467,0.53,0.75,28,0.0,0.0,0.000,-0.0,0,HAYIR,HAYIR
2026-08-19 19:46:16.527,0.53,0.75,28,0.0,0.0,0.000,-0.0,0,HAYIR,HAYIR
2026-08-19 19:46:16.587,0.53,0.75,28,0.0,0.0,0.000,-0.0,0,HAYIR,HAYIR
2026-08-19 19:46:16.647,0.53,0.75,28,0.0,0.0,0.000,-0.0,0,HAYIR,HAYIR
2026-08-19 19:46:16.707,0.53,0.73,28,0.0,0.0,0.000,-0.0,0,HAYIR,HAYIR
2026-08-19 19:46:16.767,0.53,0.73,28,0.0,0.0,0.000,-0.0,0,HAYIR,HAYIR
2026-08-19 19:46:16.827,0.50,0.73,28,0.0,0.0,0.000,-0.0,0,HAYIR,HAYIR
2026-08-19 19:46:16.887,0.52,0.73,28,0.0,0.0,0.000,-0.0,0,HAYIR,HAYIR
2026-08-19 19:46:16.947,0.52,0.73,28,0.0,0.0,0.000,-0.0,0,HAYIR,HAYIR
2026-08-19 19:46:17.007,0.51,0.73,28,0.0,0.0,0.000,-0.0,0,HAYIR,HAYIR
2026-08-19 19:46:17.067,0.51,0.73,28,0.0,0.0,0.000,-0.0,0,HAYIR,HAYIR
2026-08-19 19:46:17.127,0.49,0.69,28,0.0,0.0,0.000,-0.0,0,HAYIR,HAYIR
2026-08-19 19:46:17.187,0.49,0.69,28,0.0,0.0,0.000,-0.0,0,HAYIR,HAYIR
2026-08-19 19:46:17.247,0.49,0.69,28,0.0,0.0,0.000,-0.0,0,HAYIR,HAYIR
2026-08-19 19:46:17.307,0.49,0.69,28,0.0,0.0,0.000,-0.0,0,HAYIR,HAYIR
2026-08-19 19:46:17.367,0.49,0.69,28,0.0,0.0,0.000,-0.0,0,HAYIR,HAYIR
2026-08-19 19:46:17.427,0.49,0.64,28,0.0,0.0,0.000,-0.0,0,HAYIR,HAYIR
2026-08-19 19:46:17.487,0.46,0.64,28,0.0,0.0,0.000,-0.0,0,HAYIR,HAYIR
2026-08-19 19:46:17.547,0.46,0.64,28,0.0,0.0,0.000,-0.0,0,HAYIR,HAYIR
2026-08-19 19:46:17.607,0.48,0.64,28,0.0,0.0,0.000,-0.0,0,HAYIR,HAYIR
2026-08-19 19:46:17.667,0.48,0.64,28,0.0,0.0,0.000,-0.0,0,HAYIR,HAYIR
2026-08-19 19:46:17.727,0.47,0.64,28,0.0,0.0,0.000,-0.0,0,HAYIR,HAYIR
2026-08-19 19:46:17.787,0.47,0.61,28,0.0,0.0,0.000,-0.0,0,HAYIR,HAYIR
2026-08-19 19:46:17.847,0.44,0.61,28,0.0,0.0,0.000,-0.0,0,HAYIR,HAYIR
2026-08-19 19:46:17.907,0.43,0.61,28,0.0,0.0,0.000,-0.0,0,HAYIR,HAYIR
2026-08-19 19:46:17.967,0.43,0.61,28,0.0,0.0,0.000,-0.0,0,HAYIR,HAYIR
2026-08-19 19:46:18.027,0.46,0.61,28,0.0,0.0,0.000,-0.0,0,HAYIR,HAYIR
2026-08-19 19:46:18.087,0.45,0.58,28,0.0,0.0,0.000,-0.0,0,HAYIR,HAYIR
2026-08-19 19:46:18.147,0.44,0.58,28,0.0,0.0,0.000,-0.0,0,HAYIR,HAYIR
2026-08-19 19:46:18.207,0.44,0.58,28,0.0,0.0,0.000,-0.0,0,HAYIR,HAYIR
2026-08-19 19:46:18.267,0.44,0.58,28,0.0,0.0,0.000,-0.0,0,HAYIR,HAYIR
2026-08-19 19:46:18.327,0.45,0.58,28,0.0,0.0,0.000,-0.0,0,HAYIR,HAYIR
2026-08-19 19:46:18.387,0.44,0.54,28,0.0,0.0,0.000,-0.0,0,HAYIR,HAYIR
2026-08-19 19:46:18.447,0.42,0.54,28,0.0,0.0,0.000,-0.0,0,HAYIR,HAYIR
2026-08-19 19:46:18.507,0.42,0.54,28,0.0,0.0,0.000,-0.0,0,HAYIR,HAYIR
2026-08-19 19:46:18.567,0.42,0.54,28,0.0,0.0,0.000,-0.0,0,HAYIR,HAYIR
2026-08-19 19:46:18.627,0.43,0.54,28,0.0,0.0,0.000,-0.0,0,HAYIR,HAYIR
2026-08-19 19:46:18.687,0.43,0.54,28,0.0,0.0,0.000,-0.0,0,HAYIR,HAYIR
2026-08-19 19:46:18.747,0.43,0.54,28,0.0,0.0,0.000,-0.0,0,HAYIR,HAYIR
2026-08-19 19:46:18.807,0.42,0.53,28,0.0,0.0,0.000,-0.0,0,HAYIR,HAYIR
2026-08-19 19:46:18.867,0.41,0.53,28,0.0,0.0,0.000,-0.0,0,HAYIR,HAYIR
2026-08-19 19:46:18.927,0.41,0.53,28,0.0,0.0,0.000,-0.0,0,HAYIR,HAYIR
2026-08-19 19:46:18.987,0.41,0.53,28,0.0,0.0,0.000,-0.0,0,HAYIR,HAYIR
2026-08-19 19:46:19.047,0.41,0.53,28,0.0,0.0,0.000,-0.0,0,HAYIR,HAYIR
2026-08-19 19:46:19.107,0.41,0.52,28,0.0,0.0,0.000,-0.0,0,HAYIR,HAYIR
2026-08-19 19:46:19.167,0.39,0.52,28,0.0,0.0,0.000,-0.0,0,HAYIR,HAYIR
2026-08-19 19:46:19.227,0.39,0.52,28,0.0,0.0,0.000,-0.0,0,HAYIR,HAYIR
2026-08-19 19:46:19.287,0.40,0.52,28,0.0,0.0,0.000,-0.0,0,HAYIR,HAYIR
2026-08-19 19:46:19.347,0.40,0.52,28,0.0,0.0,0.000,-0.0,0,HAYIR,HAYIR
2026-08-19 19:46:19.407,0.39,0.50,28,0.0,0.0,0.000,-0.0,0,HAYIR,HAYIR
2026-08-19 19:46:19.467,0.39,0.50,28,0.0,0.0,0.000,-0.0,0,HAYIR,HAYIR
2026-08-19 19:46:19.527,0.37,0.50,28,0.0,0.0,0.000,-0.0,0,HAYIR,HAYIR
2026-08-19 19:46:19.587,0.39,0.50,28,0.0,0.0,0.000,-0.0,0,HAYIR,HAYIR
2026-08-19 19:46:19.647,0.39,0.50,28,0.0,0.0,0.000,-0.0,0,HAYIR,HAYIR
2026-08-19 19:46:19.707,0.38,0.50,28,0.0,0.0,0.000,-0.0,0,HAYIR,HAYIR
2026-08-19 19:46:19.767,0.38,0.48,28,0.0,0.0,0.000,-0.0,0,HAYIR,HAYIR
2026-08-19 19:46:19.827,0.37,0.48,28,0.0,0.0,0.000,-0.0,0,HAYIR,HAYIR
2026-08-19 19:46:19.887,0.37,0.48,28,0.0,0.0,0.000,-0.0,0,HAYIR,HAYIR
2026-08-19 19:46:19.947,0.37,0.48,28,0.0,0.0,0.000,-0.0,0,HAYIR,HAYIR
2026-08-19 19:46:20.007,0.37,0.48,28,0.0,0.0,0.000,-0.0,0,HAYIR,HAYIR
2026-08-19 19:46:20.067,0.37,0.47,28,0.0,0.0,0.000,-0.0,0,HAYIR,HAYIR
2026-08-19 19:46:20.127,0.35,0.47,28,0.0,0.0,0.000,-0.0,0,HAYIR,HAYIR
2026-08-19 19:46:20.187,0.35,0.47,28,0.0,0.0,0.000,-0.0,0,HAYIR,HAYIR
2026-08-19 19:46:20.247,0.35,0.47,28,0.0,0.0,0.000,-0.0,0,HAYIR,HAYIR
2026-08-19 19:46:20.307,0.36,0.47,28,0.0,0.0,0.000,-0.0,0,HAYIR,HAYIR
2026-08-19 19:46:20.367,0.36,0.47,28,0.0,0.0,0.000,-0.0,0,HAYIR,HAYIR
2026-08-19 19:46:20.427,0.35,0.45,28,0.0,0.0,0.000,-0.0,0,HAYIR,HAYIR
2026-08-19 19:46:20.487,0.35,0.45,28,0.0,0.0,0.000,-0.0,0,HAYIR,HAYIR
2026-08-19 19:46:20.547,0.35,0.45,28,0.0,0.0,0.000,-0.0,0,HAYIR,HAYIR
2026-08-19 19:46:20.607,0.35,0.45,28,0.0,0.0,0.000,-0.0,0,HAYIR,HAYIR
2026-08-19 19:46:20.667,0.35,0.45,28,0.0,0.0,0.000,-0.0,0,HAYIR,HAYIR
2026-08-19 19:46:20.727,0.34,0.45,28,0.0,0.0,0.000,-0.0,0,HAYIR,HAYIR
2026-08-19 19:46:20.787,0.34,0.43,28,0.0,0.0,0.000,-0.0,0,HAYIR,HAYIR
2026-08-19 19:46:20.847,0.33,0.43,28,0.0,0.0,0.000,-0.0,0,HAYIR,HAYIR
2026-08-19 19:46:20.907,0.33,0.43,28,0.0,0.0,0.000,-0.0,0,HAYIR,HAYIR
2026-08-19 19:46:20.967,0.33,0.43,28,0.0,0.0,0.000,-0.0,0,HAYIR,HAYIR
2026-08-19 19:46:21.027,0.33,0.43,28,0.0,0.0,0.000,-0.0,0,HAYIR,HAYIR
2026-08-19 19:46:21.087,0.33,0.43,28,0.0,0.0,0.000,-0.0,0,HAYIR,HAYIR
2026-08-19 19:46:21.147,0.31,0.43,28,0.0,0.0,0.000,-0.0,0,HAYIR,HAYIR
2026-08-19 19:46:21.207,0.31,0.43,28,0.0,0.0,0.000,-0.0,0,HAYIR,HAYIR
2026-08-19 19:46:21.267,0.31,0.43,28,0.0,0.0,0.000,-0.0,0,HAYIR,HAYIR
2026-08-19 19:46:21.327,0.32,0.43,28,0.0,0.0,0.000,-0.0,0,HAYIR,HAYIR
2026-08-19 19:46:21.387,0.32,0.41,28,0.0,0.0,0.000,-0.0,0,HAYIR,HAYIR
2026-08-19 19:46:21.447,0.31,0.41,28,0.0,0.0,0.000,-0.0,0,HAYIR,HAYIR
2026-08-19 19:46:21.507,0.31,0.41,28,0.0,0.0,0.000,-0.0,0,HAYIR,HAYIR
2026-08-19 19:46:21.567,0.31,0.41,28,0.0,0.0,0.000,-0.0,0,HAYIR,HAYIR
2026-08-19 19:46:21.627,0.31,0.41,28,0.0,0.0,0.000,-0.0,0,HAYIR,HAYIR
2026-08-19 19:46:21.687,0.31,0.41,28,0.0,0.0,0.000,-0.0,0,HAYIR,HAYIR
2026-08-19 19:46:21.747,0.31,0.39,28,0.0,0.0,0.000,-0.0,0,HAYIR,HAYIR
2026-08-19 19:46:21.807,0.29,0.39,28,0.0,0.0,0.000,-0.0,0,HAYIR,HAYIR
2026-08-19 19:46:21.867,0.29,0.39,28,0.0,0.0,0.000,-0.0,0,HAYIR,HAYIR
2026-08-19 19:46:21.927,0.30,0.39,28,0.0,0.0,0.000,-0.0,0,HAYIR,HAYIR
2026-08-19 19:46:21.987,0.30,0.39,28,0.0,0.0,0.000,-0.0,0,HAYIR,HAYIR
2026-08-19 19:46:22.047,0.30,0.39,28,0.0,0.0,0.000,-0.0,0,HAYIR,HAYIR
2026-08-19 19:46:22.107,0.29,0.37,28,0.0,0.0,0.000,-0.0,0,HAYIR,HAYIR
2026-08-19 19:46:22.167,0.29,0.37,28,0.0,0.0,0.000,-0.0,0,HAYIR,HAYIR
2026-08-19 19:46:22.227,0.29,0.37,28,0.0,0.0,0.000,-0.0,0,HAYIR,HAYIR
2026-08-19 19:46:22.287,0.29,0.37,28,0.0,0.0,0.000,-0.0,0,HAYIR,HAYIR
2026-08-19 19:46:22.347,0.29,0.37,28,0.0,0.0,0.000,-0.0,0,HAYIR,HAYIR
2026-08-19 19:46:22.407,0.28,0.37,28,0.0,0.0,0.000,-0.0,0,HAYIR,HAYIR
2026-08-19 19:46:22.467,0.28,0.37,28,0.0,0.0,0.000,-0.0,0,HAYIR,HAYIR
2026-08-19 19:46:22.527,0.27,0.37,28,0.0,0.0,0.000,-0.0,0,HAYIR,HAYIR
2026-08-19 19:46:22.587,0.27,0.37,28,0.0,0.0,0.000,-0.0,0,HAYIR,HAYIR
2026-08-19 19:46:22.647,0.28,0.37,28,0.0,0.0,0.000,-0.0,0,HAYIR,HAYIR
2026-08-19 19:46:22.707,0.27,0.37,28,0.0,0.0,0.000,-0.0,0,HAYIR,HAYIR
2026-08-19 19:46:22.767,0.27,0.36,28,0.0,0.0,0.000,-0.0,0,HAYIR,HAYIR
2026-08-19 19:46:22.827,0.26,0.36,28,0.0,0.0,0.000,-0.0,0,HAYIR,HAYIR
2026-08-19 19:46:22.887,0.26,0.36,28,0.0,0.0,0.000,-0.0,0,HAYIR,HAYIR
2026-08-19 19:46:22.947,0.26,0.36,28,0.0,0.0,0.000,-0.0,0,HAYIR,HAYIR
2026-08-19 19:46:23.007,0.26,0.36,28,0.0,0.0,0.000,-0.0,0,HAYIR,HAYIR
2026-08-19 19:46:23.067,0.26,0.37,28,0.0,0.0,0.000,-0.0,0,HAYIR,HAYIR
2026-08-19 19:46:23.127,0.26,0.37,28,0.0,0.0,0.000,-0.0,0,HAYIR,HAYIR
2026-08-19 19:46:23.187,0.26,0.37,28,0.0,0.0,0.000,-0.0,0,HAYIR,HAYIR
2026-08-19 19:46:23.247,0.26,0.37,28,0.0,0.0,0.000,-0.0,0,HAYIR,HAYIR
2026-08-19 19:46:23.307,0.25,0.37,28,0.0,0.0,0.000,-0.0,0,HAYIR,HAYIR
2026-08-19 19:46:23.367,0.25,0.37,28,0.0,0.0,0.000,-0.0,0,HAYIR,HAYIR
2026-08-19 19:46:23.427,0.24,0.36,28,0.0,0.0,0.000,-0.0,0,HAYIR,HAYIR
2026-08-19 19:46:23.487,0.24,0.36,28,0.0,0.0,0.000,-0.0,0,HAYIR,HAYIR
2026-08-19 19:46:23.547,0.24,0.36,28,0.0,0.0,0.000,-0.0,0,HAYIR,HAYIR
2026-08-19 19:46:23.607,0.24,0.36,28,0.0,0.0,0.000,-0.0,0,HAYIR,HAYIR
2026-08-19 19:46:23.667,0.24,0.36,28,0.0,0.0,0.000,-0.0,0,HAYIR,HAYIR
2026-08-19 19:46:23.727,0.24,0.36,28,0.0,0.0,0.000,-0.0,0,HAYIR,HAYIR
2026-08-19 19:46:23.787,0.24,0.35,28,0.0,0.0,0.000,-0.0,0,HAYIR,HAYIR
2026-08-19 19:46:23.847,0.23,0.35,28,0.0,0.0,0.000,-0.0,0,HAYIR,HAYIR
2026-08-19 19:46:23.907,0.23,0.35,28,0.0,0.0,0.000,-0.0,0,HAYIR,HAYIR
2026-08-19 19:46:23.967,0.23,0.35,28,0.0,0.0,0.000,-0.0,0,HAYIR,HAYIR
2026-08-19 19:46:24.027,0.23,0.35,28,0.0,0.0,0.000,-0.0,0,HAYIR,HAYIR
2026-08-19 19:46:24.087,0.23,0.35,28,0.0,0.0,0.000,-0.0,0,HAYIR,HAYIR
2026-08-19 19:46:24.147,0.22,0.35,28,0.0,0.0,0.000,-0.0,0,HAYIR,HAYIR
2026-08-19 19:46:24.207,0.22,0.35,28,0.0,0.0,0.000,-0.0,0,HAYIR,HAYIR
2026-08-19 19:46:24.267,0.22,0.35,28,0.0,0.0,0.000,-0.0,0,HAYIR,HAYIR
2026-08-19 19:46:24.327,0.22,0.35,28,0.0,0.0,0.000,-0.0,0,HAYIR,HAYIR
2026-08-19 19:46:24.387,0.22,0.35,28,0.0,0.0,0.000,-0.0,0,HAYIR,HAYIR
2026-08-19 19:46:24.447,0.22,0.35,28,0.0,0.0,0.000,-0.0,0,HAYIR,HAYIR
2026-08-19 19:46:24.507,0.21,0.35,28,0.0,0.0,0.000,-0.0,0,HAYIR,HAYIR
2026-08-19 19:46:24.567,0.21,0.35,28,0.0,0.0,0.000,-0.0,0,HAYIR,HAYIR
2026-08-19 19:46:24.627,0.21,0.35,28,0.0,0.0,0.000,-0.0,0,HAYIR,HAYIR
2026-08-19 19:46:24.687,0.21,0.35,28,0.0,0.0,0.000,-0.0,0,HAYIR,HAYIR
2026-08-19 19:46:24.747,0.21,0.33,28,0.0,0.0,0.000,-0.0,0,HAYIR,HAYIR
2026-08-19 19:46:24.807,0.20,0.33,28,0.0,0.0,0.000,-0.0,0,HAYIR,HAYIR
2026-08-19 19:46:24.867,0.20,0.33,28,0.0,0.0,0.000,-0.0,0,HAYIR,HAYIR
2026-08-19 19:46:24.927,0.20,0.33,28,0.0,0.0,0.000,-0.0,0,HAYIR,HAYIR
2026-08-19 19:46:24.987,0.20,0.33,28,0.0,0.0,0.000,-0.0,0,HAYIR,HAYIR
2026-08-19 19:46:25.047,0.20,0.31,28,0.0,0.0,0.000,-0.0,0,HAYIR,HAYIR
2026-08-19 19:46:25.107,0.20,0.31,28,0.0,0.0,0.000,-0.0,0,HAYIR,HAYIR
2026-08-19 19:46:25.167,0.19,0.31,28,0.0,0.0,0.000,-0.0,0,HAYIR,HAYIR
2026-08-19 19:46:25.227,0.19,0.31,28,0.0,0.0,0.000,-0.0,0,HAYIR,HAYIR
2026-08-19 19:46:25.287,0.19,0.31,28,0.0,0.0,0.000,-0.0,0,HAYIR,HAYIR
2026-08-19 19:46:25.347,0.19,0.31,28,0.0,0.0,0.000,-0.0,0,HAYIR,HAYIR
2026-08-19 19:46:25.407,0.19,0.31,28,0.0,0.0,0.000,-0.0,0,HAYIR,HAYIR
2026-08-19 19:46:25.467,0.19,0.31,28,0.0,0.0,0.000,-0.0,0,HAYIR,HAYIR
2026-08-19 19:46:25.527,0.17,0.31,28,0.0,0.0,0.000,-0.0,0,HAYIR,HAYIR
2026-08-19 19:46:25.587,0.17,0.31,28,0.0,0.0,0.000,-0.0,0,HAYIR,HAYIR
2026-08-19 19:46:25.647,0.17,0.31,28,0.0,0.0,0.000,-0.0,0,HAYIR,HAYIR
2026-08-19 19:46:25.707,0.18,0.31,28,0.0,0.0,0.000,-0.0,0,HAYIR,HAYIR
2026-08-19 19:46:25.767,0.18,0.30,28,0.0,0.0,0.000,-0.0,0,HAYIR,HAYIR
2026-08-19 19:46:25.827,0.17,0.30,28,0.0,0.0,0.000,-0.0,0,HAYIR,HAYIR
2026-08-19 19:46:25.887,0.17,0.30,28,0.0,0.0,0.000,-0.0,0,HAYIR,HAYIR
2026-08-19 19:46:25.947,0.17,0.30,28,0.0,0.0,0.000,-0.0,0,HAYIR,HAYIR
2026-08-19 19:46:26.007,0.18,0.30,28,0.0,0.0,-0.031,81.9,1,HAYIR,HAYIR
2026-08-19 19:46:26.067,0.18,0.29,28,0.0,0.0,-0.031,81.9,3,HAYIR,HAYIR
2026-08-19 19:46:26.127,0.16,0.29,28,0.0,0.0,-0.033,92.7,4,HAYIR,HAYIR
2026-08-19 19:46:26.187,0.16,0.29,28,0.0,0.0,-0.033,92.7,6,HAYIR,HAYIR
2026-08-19 19:46:26.247,0.16,0.29,28,0.0,0.0,-0.033,92.7,8,HAYIR,HAYIR
2026-08-19 19:46:26.307,0.17,0.29,28,0.0,0.0,-0.033,91.4,10,HAYIR,HAYIR
2026-08-19 19:46:26.367,0.17,0.29,28,0.0,0.0,-0.033,91.4,11,HAYIR,HAYIR
2026-08-19 19:46:26.427,0.16,0.29,28,0.0,0.0,-0.034,96.7,13,HAYIR,HAYIR
2026-08-19 19:46:26.487,0.16,0.29,28,0.0,0.0,-0.034,96.7,15,HAYIR,HAYIR
2026-08-19 19:46:26.547,0.16,0.29,28,0.0,0.0,-0.034,96.7,16,HAYIR,HAYIR
2026-08-19 19:46:26.607,0.16,0.29,28,0.0,0.0,-0.035,100.2,18,HAYIR,HAYIR
2026-08-19 19:46:26.667,0.16,0.29,28,0.0,0.0,-0.035,100.2,20,HAYIR,HAYIR
2026-08-19 19:46:26.727,0.16,0.27,28,0.0,0.0,-0.036,103.9,21,HAYIR,HAYIR
2026-08-19 19:46:26.787,0.15,0.27,28,0.0,0.0,-0.037,111.7,23,HAYIR,HAYIR
2026-08-19 19:46:26.847,0.15,0.27,28,0.0,0.0,-0.037,111.7,25,HAYIR,HAYIR
2026-08-19 19:46:26.907,0.15,0.27,28,0.0,0.0,-0.037,111.7,26,HAYIR,HAYIR
2026-08-19 19:46:26.967,0.15,0.27,28,0.0,0.0,-0.038,111.8,28,HAYIR,HAYIR
2026-08-19 19:46:27.027,0.15,0.27,28,0.0,0.0,-0.038,115.3,30,HAYIR,HAYIR
2026-08-19 19:46:27.087,0.15,0.27,28,0.0,0.0,-0.039,120.0,31,HAYIR,HAYIR
2026-08-19 19:46:27.147,0.15,0.27,28,0.0,0.0,-0.039,120.0,33,HAYIR,HAYIR
2026-08-19 19:46:27.207,0.13,0.27,28,0.0,0.0,-0.045,149.6,35,HAYIR,HAYIR
2026-08-19 19:46:27.267,0.13,0.27,28,0.0,0.0,-0.045,149.6,36,HAYIR,HAYIR
2026-08-19 19:46:27.327,0.14,0.27,28,0.0,0.0,-0.040,125.2,38,HAYIR,HAYIR
2026-08-19 19:46:27.387,0.14,0.27,28,0.0,0.0,-0.041,131.0,40,HAYIR,HAYIR
2026-08-19 19:46:27.447,0.14,0.26,28,0.0,0.0,-0.041,131.0,41,HAYIR,HAYIR
2026-08-19 19:46:27.507,0.14,0.26,28,0.0,0.0,-0.042,137.6,43,HAYIR,HAYIR
2026-08-19 19:46:27.567,0.14,0.26,28,0.0,0.0,-0.042,137.6,45,HAYIR,HAYIR
2026-08-19 19:46:27.627,0.14,0.26,28,0.0,0.0,-0.043,138.8,46,HAYIR,HAYIR
2026-08-19 19:46:27.687,0.13,0.26,28,0.0,0.0,-0.043,143.8,48,HAYIR,HAYIR
2026-08-19 19:46:27.747,0.13,0.26,28,0.0,0.0,-0.043,143.8,50,HAYIR,HAYIR
2026-08-19 19:46:27.807,0.13,0.26,28,0.1,0.0,-0.044,148.4,52,HAYIR,HAYIR
2026-08-19 19:46:27.867,0.13,0.26,28,0.1,0.0,-0.046,158.3,53,HAYIR,HAYIR
2026-08-19 19:46:27.927,0.13,0.26,28,0.1,0.0,-0.046,158.3,55,HAYIR,HAYIR
2026-08-19 19:46:27.987,0.13,0.26,28,0.1,0.0,-0.045,155.1,57,HAYIR,HAYIR
2026-08-19 19:46:28.047,0.13,0.26,28,0.1,0.0,-0.045,155.1,58,HAYIR,HAYIR
2026-08-19 19:46:28.107,0.12,0.25,28,0.1,0.0,-0.046,158.9,60,HAYIR,HAYIR
2026-08-19 19:46:28.167,0.12,0.25,28,0.1,0.0,-0.045,160.0,62,HAYIR,HAYIR
2026-08-19 19:46:28.227,0.12,0.25,28,0.1,0.0,-0.045,160.0,63,HAYIR,HAYIR
2026-08-19 19:46:28.287,0.11,0.25,28,0.1,0.0,-0.044,160.0,65,HAYIR,HAYIR
2026-08-19 19:46:28.347,0.11,0.25,28,0.1,0.0,-0.044,160.0,67,HAYIR,HAYIR
2026-08-19 19:46:28.407,0.10,0.24,28,0.1,0.0,-0.043,160.0,68,HAYIR,HAYIR
2026-08-19 19:46:28.467,0.10,0.24,28,0.1,0.0,-0.044,160.0,70,HAYIR,HAYIR
2026-08-19 19:46:28.527,0.10,0.24,28,0.1,0.0,-0.044,160.0,72,HAYIR,HAYIR
2026-08-19 19:46:28.587,0.10,0.24,28,0.1,0.0,-0.043,160.0,73,HAYIR,HAYIR
2026-08-19 19:46:28.647,0.10,0.24,28,0.1,0.0,-0.043,160.0,75,HAYIR,HAYIR
2026-08-19 19:46:28.707,0.10,0.24,28,0.2,0.0,-0.046,160.0,77,HAYIR,HAYIR
2026-08-19 19:46:28.767,0.10,0.24,28,0.2,0.0,-0.046,160.0,78,HAYIR,HAYIR
2026-08-19 19:46:28.827,0.10,0.24,28,0.2,0.0,-0.061,160.0,80,HAYIR,HAYIR
2026-08-19 19:46:28.887,0.10,0.24,28,0.2,0.0,-0.061,160.0,82,HAYIR,HAYIR
2026-08-19 19:46:28.947,0.10,0.24,28,0.2,0.0,-0.061,160.0,83,HAYIR,HAYIR
2026-08-19 19:46:29.007,0.10,0.24,28,0.2,0.0,-0.050,160.0,85,HAYIR,HAYIR
2026-08-19 19:46:29.067,0.10,0.24,28,0.2,0.0,-0.050,160.0,87,HAYIR,HAYIR
2026-08-19 19:46:29.127,0.08,0.24,28,0.2,0.0,0.000,-0.0,87,HAYIR,HAYIR
2026-08-19 19:46:29.187,0.05,0.24,28,0.2,0.0,0.000,-0.0,86,HAYIR,HAYIR
2026-08-19 19:46:29.247,0.03,0.24,28,0.2,0.0,0.000,-0.0,84,HAYIR,HAYIR
2026-08-19 19:46:29.307,0.05,0.24,28,0.2,0.0,0.050,-160.0,82,HAYIR,HAYIR
2026-08-19 19:46:29.367,0.08,0.24,28,0.2,0.0,0.096,-160.0,81,HAYIR,HAYIR
2026-08-19 19:46:29.427,0.12,0.24,28,0.2,0.0,0.099,-160.0,79,HAYIR,HAYIR
2026-08-19 19:46:29.487,0.15,0.24,28,0.2,0.0,0.098,-160.0,77,HAYIR,HAYIR
2026-08-19 19:46:29.547,0.17,0.24,28,0.1,0.0,0.098,-160.0,76,HAYIR,HAYIR
2026-08-19 19:46:29.607,0.20,0.24,28,0.1,0.0,0.098,-160.0,74,HAYIR,HAYIR
2026-08-19 19:46:29.667,0.22,0.24,28,0.1,0.0,0.111,-160.0,72,HAYIR,HAYIR
2026-08-19 19:46:29.727,0.27,0.24,28,0.1,0.0,0.115,-160.0,71,HAYIR,HAYIR
2026-08-19 19:46:29.787,0.30,0.24,29,0.1,0.0,0.119,-160.0,69,HAYIR,HAYIR
2026-08-19 19:46:29.847,0.33,0.24,30,0.1,0.0,0.119,-158.5,67,HAYIR,HAYIR
2026-08-19 19:46:29.907,0.35,0.24,30,0.1,0.0,0.119,-148.9,66,HAYIR,HAYIR
2026-08-19 19:46:29.967,0.38,0.24,30,0.1,0.0,0.119,-140.3,64,HAYIR,HAYIR
2026-08-19 19:46:30.027,0.43,0.24,30,0.1,0.0,0.127,-133.4,62,HAYIR,HAYIR
2026-08-19 19:46:30.087,0.45,0.22,30,0.1,0.0,0.132,-131.0,60,HAYIR,HAYIR
2026-08-19 19:46:30.147,0.48,0.22,30,0.1,0.0,0.136,-128.5,59,HAYIR,HAYIR
2026-08-19 19:46:30.207,0.50,0.22,30,0.1,0.0,0.136,-122.7,57,HAYIR,HAYIR
2026-08-19 19:46:30.267,0.53,0.22,30,0.1,0.0,0.136,-117.4,55,HAYIR,HAYIR
2026-08-19 19:46:30.327,0.58,0.22,30,0.1,0.0,0.142,-112.1,54,HAYIR,HAYIR
2026-08-19 19:46:30.387,0.60,0.22,30,0.1,0.0,0.092,-71.5,52,HAYIR,HAYIR
2026-08-19 19:46:30.447,0.63,0.22,30,0.0,0.0,0.042,-31.7,50,HAYIR,HAYIR
2026-08-19 19:46:30.507,0.65,0.22,30,0.0,0.0,0.000,-0.0,49,HAYIR,HAYIR
2026-08-19 19:46:30.567,0.68,0.22,30,0.0,0.0,0.000,-0.0,47,HAYIR,HAYIR
2026-08-19 19:46:30.627,0.73,0.22,30,0.0,0.0,0.000,-0.0,45,HAYIR,HAYIR
2026-08-19 19:46:30.687,0.75,0.22,31,0.0,0.0,0.000,-0.0,44,HAYIR,HAYIR
2026-08-19 19:46:30.747,0.78,0.22,31,0.0,0.0,0.000,-0.0,42,HAYIR,HAYIR
2026-08-19 19:46:30.807,0.78,0.24,31,0.0,0.0,0.034,-20.9,40,HAYIR,HAYIR
2026-08-19 19:46:30.867,0.79,0.24,31,0.0,0.0,0.043,-25.4,39,HAYIR,HAYIR
2026-08-19 19:46:30.927,0.79,0.24,31,0.0,0.0,0.043,-25.4,37,HAYIR,HAYIR
2026-08-19 19:46:30.987,0.79,0.24,31,0.0,0.0,0.041,-24.6,35,HAYIR,HAYIR
2026-08-19 19:46:31.047,0.79,0.24,31,0.0,0.0,0.041,-24.6,34,HAYIR,HAYIR
2026-08-19 19:46:31.107,0.79,0.25,31,0.0,0.0,0.047,-28.0,32,HAYIR,HAYIR
2026-08-19 19:46:31.167,0.79,0.25,31,0.0,0.0,0.047,-28.0,30,HAYIR,HAYIR
2026-08-19 19:46:31.227,0.78,0.25,31,0.0,0.0,0.055,-33.4,29,HAYIR,HAYIR
2026-08-19 19:46:31.287,0.78,0.25,31,0.0,0.0,0.051,-30.8,27,HAYIR,HAYIR
2026-08-19 19:46:31.347,0.78,0.25,31,0.0,0.0,0.051,-30.8,25,HAYIR,HAYIR
2026-08-19 19:46:31.407,0.78,0.27,30,0.0,0.0,0.051,-30.8,24,HAYIR,HAYIR
2026-08-19 19:46:31.467,0.79,0.27,31,0.0,0.0,0.056,-33.6,22,HAYIR,HAYIR
2026-08-19 19:46:31.527,0.80,0.27,31,0.0,0.0,0.078,-46.3,20,HAYIR,HAYIR
2026-08-19 19:46:31.587,0.79,0.27,31,0.0,0.0,0.068,-40.7,18,HAYIR,HAYIR
2026-08-19 19:46:31.647,0.79,0.27,31,0.0,0.0,0.068,-40.7,17,HAYIR,HAYIR
2026-08-19 19:46:31.707,0.79,0.27,31,0.0,0.0,0.073,-43.6,15,HAYIR,HAYIR
2026-08-19 19:46:31.767,0.79,0.29,31,0.0,0.0,0.073,-43.6,13,HAYIR,HAYIR
2026-08-19 19:46:31.827,0.78,0.29,31,0.0,0.0,0.093,-55.9,12,HAYIR,HAYIR
2026-08-19 19:46:31.887,0.79,0.29,32,0.0,0.0,0.080,-47.6,10,HAYIR,HAYIR
2026-08-19 19:46:31.947,0.79,0.29,31,0.0,0.0,0.080,-47.6,8,HAYIR,HAYIR
2026-08-19 19:46:32.007,0.79,0.29,31,0.0,0.0,0.083,-49.7,7,HAYIR,HAYIR
2026-08-19 19:46:32.067,0.79,0.29,31,0.0,0.0,0.083,-49.7,5,HAYIR,HAYIR
2026-08-19 19:46:32.127,0.79,0.34,31,0.0,0.0,0.088,-52.8,3,HAYIR,HAYIR
2026-08-19 19:46:32.187,0.78,0.34,31,0.0,0.0,0.107,-64.1,2,HAYIR,HAYIR
2026-08-19 19:46:32.247,0.78,0.34,31,0.0,0.0,0.107,-64.1,0,HAYIR,HAYIR
2026-08-19 19:46:32.307,0.78,0.34,31,0.0,0.0,0.107,-64.1,-2,HAYIR,HAYIR
2026-08-19 19:46:32.367,0.79,0.34,31,0.0,0.0,0.092,-55.0,-3,HAYIR,HAYIR
2026-08-19 19:46:32.427,0.79,0.38,30,0.0,0.0,0.097,-57.9,-5,HAYIR,HAYIR
2026-08-19 19:46:32.487,0.78,0.38,31,0.0,0.0,0.120,-71.2,-7,HAYIR,HAYIR
2026-08-19 19:46:32.547,0.78,0.38,31,0.0,0.0,0.120,-71.2,-8,HAYIR,HAYIR
2026-08-19 19:46:32.607,0.78,0.38,31,0.0,0.0,0.120,-71.2,-10,HAYIR,HAYIR
2026-08-19 19:46:32.667,0.79,0.38,32,0.0,0.0,0.104,-62.3,-12,HAYIR,HAYIR
2026-08-19 19:46:32.727,0.78,0.38,32,0.0,0.0,0.106,-63.7,-13,HAYIR,HAYIR
2026-08-19 19:46:32.787,0.79,0.43,32,0.0,0.0,0.110,-65.4,-15,HAYIR,HAYIR
2026-08-19 19:46:32.847,0.79,0.43,32,0.0,0.0,0.125,-73.8,-17,HAYIR,HAYIR
2026-08-19 19:46:32.907,0.79,0.43,32,0.0,0.0,0.125,-73.8,-18,HAYIR,HAYIR
2026-08-19 19:46:32.967,0.79,0.43,32,0.0,0.0,0.125,-73.8,-20,HAYIR,HAYIR
2026-08-19 19:46:33.027,0.79,0.43,32,0.0,0.0,0.100,-59.0,-22,HAYIR,HAYIR
2026-08-19 19:46:33.087,0.79,0.47,31,0.0,0.0,0.102,-60.4,-24,HAYIR,HAYIR
2026-08-19 19:46:33.147,0.79,0.47,32,0.0,0.0,0.101,-60.4,-25,HAYIR,HAYIR
2026-08-19 19:46:33.207,0.79,0.47,32,0.0,0.0,0.101,-60.4,-27,HAYIR,HAYIR
2026-08-19 19:46:33.267,0.79,0.47,32,0.0,0.0,0.101,-60.4,-29,HAYIR,HAYIR
2026-08-19 19:46:33.327,0.79,0.47,32,0.0,0.0,0.085,-50.7,-30,HAYIR,HAYIR
2026-08-19 19:46:33.387,0.79,0.51,30,0.0,0.0,0.085,-50.9,-32,HAYIR,HAYIR
2026-08-19 19:46:33.447,0.79,0.51,32,0.0,0.0,0.085,-50.9,-34,HAYIR,HAYIR
2026-08-19 19:46:33.507,0.79,0.51,32,0.0,0.0,0.096,-57.2,-35,HAYIR,HAYIR
2026-08-19 19:46:33.567,0.79,0.51,32,0.0,0.0,0.096,-57.2,-37,HAYIR,HAYIR
2026-08-19 19:46:33.627,0.79,0.51,32,0.0,0.0,0.072,-43.6,-39,HAYIR,HAYIR
2026-08-19 19:46:33.687,0.79,0.51,32,0.0,0.0,0.072,-43.0,-40,HAYIR,HAYIR
2026-08-19 19:46:33.747,0.79,0.51,32,0.0,0.0,0.052,-31.7,-40,HAYIR,HAYIR
2026-08-19 19:46:33.807,0.79,0.57,32,0.0,0.0,0.050,-30.1,-38,HAYIR,HAYIR
2026-08-19 19:46:33.867,0.79,0.57,32,0.0,0.0,0.050,-30.1,-36,HAYIR,HAYIR
2026-08-19 19:46:33.927,0.78,0.57,32,0.0,0.0,0.084,-50.4,-38,HAYIR,HAYIR
2026-08-19 19:46:33.987,0.79,0.57,32,0.0,0.0,0.043,-26.0,-39,HAYIR,HAYIR
2026-08-19 19:46:34.047,0.79,0.57,32,0.0,0.0,0.043,-26.0,-37,HAYIR,HAYIR
2026-08-19 19:46:34.107,0.78,0.64,32,0.0,0.0,0.040,-24.3,-35,HAYIR,HAYIR
2026-08-19 19:46:34.167,0.78,0.64,32,0.0,0.0,0.040,-24.3,-34,HAYIR,HAYIR
2026-08-19 19:46:34.227,0.79,0.64,32,0.0,0.0,0.056,-33.7,-34,HAYIR,HAYIR
2026-08-19 19:46:34.287,0.80,0.64,32,0.0,0.0,0.032,-18.9,-33,HAYIR,HAYIR
2026-08-19 19:46:34.347,0.80,0.64,32,0.0,0.0,0.032,-18.9,-31,HAYIR,HAYIR
2026-08-19 19:46:34.407,0.79,0.70,29,0.0,0.0,0.000,-0.0,-30,HAYIR,HAYIR
2026-08-19 19:46:34.467,0.79,0.70,32,0.0,0.0,0.000,-0.0,-28,HAYIR,HAYIR
2026-08-19 19:46:34.527,0.78,0.70,32,0.0,0.0,0.049,-29.4,-29,HAYIR,HAYIR
2026-08-19 19:46:34.587,0.78,0.70,32,0.0,0.0,0.049,-29.4,-29,HAYIR,HAYIR
2026-08-19 19:46:34.647,0.79,0.70,32,0.0,0.0,0.000,-0.0,-28,HAYIR,HAYIR
2026-08-19 19:46:34.707,0.79,0.70,32,0.0,0.0,0.000,-0.0,-27,HAYIR,HAYIR
2026-08-19 19:46:34.767,0.79,0.75,32,0.0,0.0,0.000,-0.0,-25,HAYIR,HAYIR
2026-08-19 19:46:34.827,0.79,0.75,31,0.0,0.0,0.000,-0.0,-23,HAYIR,HAYIR
2026-08-19 19:46:34.887,0.79,0.75,32,0.0,0.0,0.000,-0.0,-22,HAYIR,HAYIR
2026-08-19 19:46:34.947,0.79,0.75,32,0.0,0.0,0.000,-0.0,-20,HAYIR,HAYIR
2026-08-19 19:46:35.007,0.79,0.75,32,0.0,0.0,0.000,-0.0,-18,HAYIR,HAYIR
2026-08-19 19:46:35.067,0.79,0.80,28,0.0,0.0,0.000,-0.0,-17,HAYIR,HAYIR
2026-08-19 19:46:35.127,0.79,0.80,28,0.0,0.0,0.000,-0.0,-15,HAYIR,HAYIR
2026-08-19 19:46:35.187,0.79,0.80,28,0.0,0.0,0.000,-0.0,-13,HAYIR,HAYIR
2026-08-19 19:46:35.247,0.79,0.80,28,0.0,0.0,0.000,-0.0,-11,HAYIR,HAYIR
2026-08-19 19:46:35.307,0.79,0.80,28,0.0,0.0,0.000,-0.0,-10,HAYIR,HAYIR
2026-08-19 19:46:35.367,0.79,0.80,28,0.0,0.0,0.000,-0.0,-8,HAYIR,HAYIR
2026-08-19 19:46:35.427,0.80,0.80,28,0.0,0.0,0.000,-0.0,-6,HAYIR,HAYIR
2026-08-19 19:46:35.487,0.79,0.84,28,0.0,0.0,0.000,-0.0,-5,HAYIR,HAYIR
2026-08-19 19:46:35.547,0.79,0.84,28,0.0,0.0,0.000,-0.0,-3,HAYIR,HAYIR
2026-08-19 19:46:35.607,0.79,0.84,28,0.0,0.0,0.000,-0.0,-1,HAYIR,HAYIR
2026-08-19 19:46:35.667,0.79,0.84,28,0.0,0.0,0.000,-0.0,0,HAYIR,HAYIR
2026-08-19 19:46:35.727,0.79,0.84,28,0.0,0.0,0.000,-0.0,0,HAYIR,HAYIR
2026-08-19 19:46:35.787,0.78,0.88,28,0.0,0.0,0.000,-0.0,0,HAYIR,HAYIR
2026-08-19 19:46:35.847,0.79,0.88,28,0.0,0.0,0.000,-0.0,0,HAYIR,HAYIR
2026-08-19 19:46:35.907,0.79,0.88,28,0.0,0.0,0.000,-0.0,0,HAYIR,HAYIR
2026-08-19 19:46:35.967,0.79,0.88,28,0.0,0.0,0.000,-0.0,0,HAYIR,HAYIR
2026-08-19 19:46:36.027,0.79,0.88,28,0.0,0.0,0.000,-0.0,0,HAYIR,HAYIR
2026-08-19 19:46:36.087,0.79,0.91,28,0.0,0.0,0.000,-0.0,0,HAYIR,HAYIR
2026-08-19 19:46:36.147,0.79,0.91,28,0.0,0.0,0.000,-0.0,0,HAYIR,HAYIR
2026-08-19 19:46:36.207,0.80,0.91,28,0.0,0.0,0.000,-0.0,0,HAYIR,HAYIR
2026-08-19 19:46:36.267,0.80,0.91,28,0.0,0.0,0.000,-0.0,0,HAYIR,HAYIR
2026-08-19 19:46:36.327,0.79,0.91,28,0.0,0.0,0.000,-0.0,0,HAYIR,HAYIR
2026-08-19 19:46:36.387,0.79,0.91,28,0.0,0.0,0.000,-0.0,0,HAYIR,HAYIR
2026-08-19 19:46:36.447,0.79,0.91,28,0.0,0.0,0.000,-0.0,0,HAYIR,HAYIR
2026-08-19 19:46:36.507,0.79,0.91,28,0.0,0.0,0.000,-0.0,0,HAYIR,HAYIR
2026-08-19 19:46:36.567,0.79,0.91,28,0.0,0.0,0.000,-0.0,0,HAYIR,HAYIR
2026-08-19 19:46:36.627,0.79,0.91,28,0.0,0.0,0.000,-0.0,0,HAYIR,HAYIR
2026-08-19 19:46:36.687,0.79,0.91,28,0.0,0.0,0.000,-0.0,0,HAYIR,HAYIR
2026-08-19 19:46:36.747,0.79,0.90,28,0.0,0.0,0.000,-0.0,0,HAYIR,HAYIR
2026-08-19 19:46:36.807,0.79,0.90,28,0.0,0.0,0.000,-0.0,0,HAYIR,HAYIR
2026-08-19 19:46:36.867,0.79,0.90,28,0.0,0.0,0.000,-0.0,0,HAYIR,HAYIR
2026-08-19 19:46:36.927,0.79,0.90,28,0.0,0.0,0.000,-0.0,0,HAYIR,HAYIR
2026-08-19 19:46:36.987,0.79,0.90,28,0.0,0.0,0.000,-0.0,0,HAYIR,HAYIR
2026-08-19 19:46:37.047,0.79,0.90,28,0.0,0.0,0.000,-0.0,0,HAYIR,HAYIR
2026-08-19 19:46:37.107,0.78,0.88,28,0.0,0.0,0.000,-0.0,0,HAYIR,HAYIR
2026-08-19 19:46:37.167,0.78,0.88,28,0.0,0.0,0.000,-0.0,0,HAYIR,HAYIR
2026-08-19 19:46:37.227,0.79,0.88,28,0.0,0.0,0.000,-0.0,0,HAYIR,HAYIR
2026-08-19 19:46:37.287,0.79,0.88,28,0.0,0.0,0.000,-0.0,0,HAYIR,HAYIR
2026-08-19 19:46:37.347,0.79,0.88,28,0.0,0.0,0.000,-0.0,0,HAYIR,HAYIR
2026-08-19 19:46:37.407,0.79,0.88,28,0.0,0.0,0.000,-0.0,0,HAYIR,HAYIR
2026-08-19 19:46:37.467,0.79,0.85,28,0.0,0.0,0.000,-0.0,0,HAYIR,HAYIR
2026-08-19 19:46:37.527,0.79,0.85,28,0.0,0.0,0.000,-0.0,0,HAYIR,HAYIR
2026-08-19 19:46:37.587,0.79,0.85,28,0.0,0.0,0.000,-0.0,0,HAYIR,HAYIR
2026-08-19 19:46:37.647,0.79,0.85,28,0.0,0.0,0.000,-0.0,0,HAYIR,HAYIR
2026-08-19 19:46:37.707,0.80,0.85,28,0.0,0.0,0.000,-0.0,0,HAYIR,HAYIR
2026-08-19 19:46:37.767,0.80,0.82,28,0.0,0.0,0.000,-0.0,0,HAYIR,HAYIR
2026-08-19 19:46:37.827,0.79,0.82,28,0.0,0.0,0.000,-0.0,0,HAYIR,HAYIR
2026-08-19 19:46:37.887,0.79,0.82,28,0.0,0.0,0.000,-0.0,0,HAYIR,HAYIR
2026-08-19 19:46:37.947,0.79,0.82,28,0.0,0.0,0.000,-0.0,0,HAYIR,HAYIR
2026-08-19 19:46:38.007,0.79,0.82,28,0.0,0.0,0.000,-0.0,0,HAYIR,HAYIR
2026-08-19 19:46:38.067,0.79,0.79,28,0.0,0.0,0.000,-0.0,0,HAYIR,HAYIR
2026-08-19 19:46:38.127,0.80,0.79,31,0.0,0.0,0.000,-0.0,0,HAYIR,HAYIR
2026-08-19 19:46:38.187,0.80,0.79,31,0.0,0.0,0.000,-0.0,0,HAYIR,HAYIR
2026-08-19 19:46:38.247,0.80,0.79,31,0.0,0.0,0.000,-0.0,0,HAYIR,HAYIR
2026-08-19 19:46:38.307,0.79,0.79,28,0.0,0.0,0.000,-0.0,0,HAYIR,HAYIR
2026-08-19 19:46:38.367,0.79,0.79,28,0.0,0.0,0.000,-0.0,0,HAYIR,HAYIR
2026-08-19 19:46:38.427,0.79,0.78,31,0.0,0.0,0.000,-0.0,0,HAYIR,HAYIR
2026-08-19 19:46:38.487,0.79,0.78,31,0.0,0.0,0.000,-0.0,0,HAYIR,HAYIR
2026-08-19 19:46:38.547,0.79,0.78,31,0.0,0.0,0.000,-0.0,0,HAYIR,HAYIR
2026-08-19 19:46:38.607,0.79,0.78,31,0.0,0.0,0.000,-0.0,0,HAYIR,HAYIR
2026-08-19 19:46:38.667,0.79,0.78,31,0.0,0.0,0.000,-0.0,0,HAYIR,HAYIR
2026-08-19 19:46:38.727,0.79,0.78,31,0.0,0.0,0.000,-0.0,0,HAYIR,HAYIR
2026-08-19 19:46:38.787,0.79,0.75,31,0.0,0.0,0.000,-0.0,0,HAYIR,HAYIR
2026-08-19 19:46:38.847,0.79,0.75,31,0.0,0.0,0.000,-0.0,0,HAYIR,HAYIR
2026-08-19 19:46:38.907,0.79,0.75,31,0.0,0.0,0.000,-0.0,0,HAYIR,HAYIR
2026-08-19 19:46:38.967,0.79,0.75,31,0.0,0.0,0.000,-0.0,0,HAYIR,HAYIR
2026-08-19 19:46:39.027,0.79,0.75,31,0.0,0.0,0.000,-0.0,0,HAYIR,HAYIR
2026-08-19 19:46:39.087,0.79,0.74,31,0.0,0.0,0.000,-0.0,0,HAYIR,HAYIR
2026-08-19 19:46:39.147,0.79,0.74,31,0.0,0.0,0.000,-0.0,0,HAYIR,HAYIR
2026-08-19 19:46:39.207,0.79,0.74,31,0.0,0.0,0.000,-0.0,0,HAYIR,HAYIR
2026-08-19 19:46:39.267,0.79,0.74,31,0.0,0.0,0.000,-0.0,0,HAYIR,HAYIR
2026-08-19 19:46:39.327,0.79,0.74,31,0.0,0.0,0.000,-0.0,0,HAYIR,HAYIR
2026-08-19 19:46:39.387,0.79,0.74,31,0.0,0.0,0.000,-0.0,0,HAYIR,HAYIR
2026-08-19 19:46:39.447,0.79,0.73,31,0.0,0.0,0.000,-0.0,0,HAYIR,HAYIR
2026-08-19 19:46:39.507,0.79,0.73,31,0.0,0.0,0.000,-0.0,0,HAYIR,HAYIR
2026-08-19 19:46:39.567,0.79,0.73,31,0.0,0.0,0.000,-0.0,0,HAYIR,HAYIR
2026-08-19 19:46:39.627,0.79,0.73,31,0.0,0.0,0.000,-0.0,0,HAYIR,HAYIR
2026-08-19 19:46:39.687,0.79,0.73,31,0.0,0.0,0.000,-0.0,0,HAYIR,HAYIR
2026-08-19 19:46:39.747,0.79,0.73,31,0.0,0.0,0.000,-0.0,0,HAYIR,HAYIR
2026-08-19 19:46:39.807,0.79,0.73,31,0.0,0.0,0.000,-0.0,0,HAYIR,HAYIR
2026-08-19 19:46:39.867,0.79,0.73,31,0.0,0.0,0.000,-0.0,0,HAYIR,HAYIR
2026-08-19 19:46:39.927,0.79,0.73,31,0.0,0.0,0.000,-0.0,0,HAYIR,HAYIR
2026-08-19 19:46:39.987,0.79,0.73,32,0.0,0.0,0.000,-0.0,0,HAYIR,HAYIR
2026-08-19 19:46:40.047,0.79,0.73,31,0.0,0.0,0.000,-0.0,0,HAYIR,HAYIR
2026-08-19 19:46:40.107,0.79,0.73,31,0.0,0.0,0.000,-0.0,0,HAYIR,HAYIR
2026-08-19 19:46:40.167,0.77,0.73,31,0.0,0.0,0.000,-0.0,0,HAYIR,HAYIR
2026-08-19 19:46:40.227,0.77,0.73,31,0.0,0.0,0.000,-0.0,0,HAYIR,HAYIR
2026-08-19 19:46:40.287,0.77,0.73,31,0.0,0.0,0.000,-0.0,0,HAYIR,HAYIR
2026-08-19 19:46:40.347,0.77,0.73,31,0.0,0.0,0.000,-0.0,0,HAYIR,HAYIR
2026-08-19 19:46:40.407,0.76,0.73,31,0.0,0.0,0.000,-0.0,0,HAYIR,HAYIR
2026-08-19 19:46:40.467,0.76,0.76,31,0.0,0.0,0.000,-0.0,0,HAYIR,HAYIR
2026-08-19 19:46:40.527,0.73,0.76,28,0.0,0.0,0.000,-0.0,0,HAYIR,HAYIR
2026-08-19 19:46:40.587,0.73,0.76,28,0.0,0.0,0.000,-0.0,0,HAYIR,HAYIR
2026-08-19 19:46:40.647,0.73,0.76,28,0.0,0.0,0.000,-0.0,0,HAYIR,HAYIR
2026-08-19 19:46:40.707,0.74,0.76,28,0.0,0.0,0.000,-0.0,0,HAYIR,HAYIR
2026-08-19 19:46:40.767,0.74,0.79,28,0.0,0.0,0.000,-0.0,0,HAYIR,HAYIR
2026-08-19 19:46:40.827,0.73,0.79,28,0.0,0.0,0.030,-19.6,-1,HAYIR,HAYIR
2026-08-19 19:46:40.887,0.73,0.79,28,0.0,0.0,0.030,-19.6,-2,HAYIR,HAYIR
2026-08-19 19:46:40.947,0.73,0.79,28,0.0,0.0,0.030,-19.6,-4,HAYIR,HAYIR
2026-08-19 19:46:41.007,0.73,0.79,28,0.0,0.0,0.030,-19.6,-6,HAYIR,HAYIR
2026-08-19 19:46:41.067,0.72,0.79,28,0.0,0.0,0.030,-19.9,-7,HAYIR,HAYIR
2026-08-19 19:46:41.127,0.71,0.82,28,0.0,0.0,0.033,-22.3,-9,HAYIR,HAYIR
2026-08-19 19:46:41.187,0.70,0.82,28,0.0,0.0,0.051,-34.5,-11,HAYIR,HAYIR
2026-08-19 19:46:41.247,0.70,0.82,28,0.0,0.0,0.051,-34.5,-12,HAYIR,HAYIR
2026-08-19 19:46:41.307,0.70,0.82,28,0.0,0.0,0.047,-31.8,-14,HAYIR,HAYIR
2026-08-19 19:46:41.367,0.70,0.82,28,0.0,0.0,0.047,-31.8,-16,HAYIR,HAYIR
2026-08-19 19:46:41.427,0.69,0.82,28,0.0,0.0,0.059,-40.5,-17,HAYIR,HAYIR
2026-08-19 19:46:41.487,0.68,0.82,28,0.0,0.0,0.068,-47.3,-19,HAYIR,HAYIR
2026-08-19 19:46:41.547,0.68,0.82,28,0.0,0.0,0.068,-47.3,-21,HAYIR,HAYIR
2026-08-19 19:46:41.607,0.68,0.82,28,0.0,0.0,0.068,-47.7,-22,HAYIR,HAYIR
2026-08-19 19:46:41.667,0.68,0.82,28,0.0,0.0,0.068,-47.7,-24,HAYIR,HAYIR
2026-08-19 19:46:41.727,0.67,0.81,28,0.0,0.0,0.071,-49.7,-26,HAYIR,HAYIR
2026-08-19 19:46:41.787,0.65,0.81,28,0.0,0.0,0.084,-60.5,-27,HAYIR,HAYIR
2026-08-19 19:46:41.847,0.65,0.81,28,0.0,0.0,0.084,-60.5,-29,HAYIR,HAYIR
2026-08-19 19:46:41.907,0.65,0.81,28,0.0,0.0,0.084,-60.5,-31,HAYIR,HAYIR
2026-08-19 19:46:41.967,0.66,0.81,28,0.0,0.0,0.076,-54.7,-32,HAYIR,HAYIR
2026-08-19 19:46:42.027,0.65,0.81,28,0.0,0.0,0.079,-56.7,-34,HAYIR,HAYIR
2026-08-19 19:46:42.087,0.65,0.81,28,0.0,0.0,0.080,-58.5,-36,HAYIR,HAYIR
2026-08-19 19:46:42.147,0.65,0.79,28,0.0,0.0,0.080,-58.5,-38,HAYIR,HAYIR
2026-08-19 19:46:42.207,0.62,0.79,28,0.0,0.0,0.106,-79.4,-39,HAYIR,HAYIR
2026-08-19 19:46:42.267,0.60,0.79,28,0.0,0.0,0.106,-82.0,-41,HAYIR,HAYIR
2026-08-19 19:46:42.327,0.63,0.79,28,0.0,0.0,0.083,-62.4,-43,HAYIR,HAYIR
2026-08-19 19:46:42.387,0.63,0.79,28,0.0,0.0,0.084,-63.0,-44,HAYIR,HAYIR
2026-08-19 19:46:42.447,0.63,0.77,28,0.0,0.0,0.084,-63.0,-46,HAYIR,HAYIR
2026-08-19 19:46:42.507,0.60,0.77,28,0.0,0.0,0.112,-86.0,-48,HAYIR,HAYIR
2026-08-19 19:46:42.567,0.59,0.77,28,0.0,0.0,0.112,-87.5,-49,HAYIR,HAYIR
2026-08-19 19:46:42.627,0.61,0.77,28,0.0,0.0,0.092,-69.8,-51,HAYIR,HAYIR
2026-08-19 19:46:42.687,0.61,0.77,28,0.1,0.0,0.092,-71.0,-53,HAYIR,HAYIR
2026-08-19 19:46:42.747,0.61,0.75,28,0.1,0.0,0.092,-71.0,-54,HAYIR,HAYIR
2026-08-19 19:46:42.807,0.60,0.75,28,0.1,0.0,0.093,-72.1,-56,HAYIR,HAYIR
2026-08-19 19:46:42.867,0.58,0.75,28,0.1,0.0,0.112,-89.7,-58,HAYIR,HAYIR
2026-08-19 19:46:42.927,0.58,0.75,28,0.1,0.0,0.112,-90.1,-59,HAYIR,HAYIR
2026-08-19 19:46:42.987,0.59,0.75,28,0.1,0.0,0.093,-73.3,-61,HAYIR,HAYIR
2026-08-19 19:46:43.047,0.59,0.75,28,0.1,0.0,0.093,-73.3,-63,HAYIR,HAYIR
2026-08-19 19:46:43.107,0.59,0.72,28,0.1,0.0,0.093,-73.3,-64,HAYIR,HAYIR
2026-08-19 19:46:43.167,0.57,0.72,28,0.1,0.0,0.102,-82.5,-66,HAYIR,HAYIR
2026-08-19 19:46:43.227,0.57,0.72,28,0.1,0.0,0.102,-82.5,-68,HAYIR,HAYIR
2026-08-19 19:46:43.287,0.58,0.72,28,0.1,0.0,0.093,-75.2,-69,HAYIR,HAYIR
2026-08-19 19:46:43.347,0.58,0.72,28,0.1,0.0,0.093,-75.2,-71,HAYIR,HAYIR
2026-08-19 19:46:43.407,0.58,0.69,28,0.1,0.0,0.093,-75.2,-73,HAYIR,HAYIR
2026-08-19 19:46:43.467,0.57,0.69,28,0.1,0.0,0.093,-76.0,-74,HAYIR,HAYIR
2026-08-19 19:46:43.527,0.55,0.69,28,0.1,0.0,0.108,-91.3,-76,HAYIR,HAYIR
2026-08-19 19:46:43.587,0.55,0.69,28,0.2,0.0,0.108,-91.3,-78,HAYIR,HAYIR
2026-08-19 19:46:43.647,0.56,0.69,28,0.2,0.0,0.080,-67.1,-77,HAYIR,HAYIR
2026-08-19 19:46:43.707,0.56,0.69,28,0.1,0.0,0.080,-67.1,-76,HAYIR,HAYIR
2026-08-19 19:46:43.767,0.56,0.67,28,0.1,0.0,0.080,-67.5,-74,HAYIR,HAYIR
2026-08-19 19:46:43.827,0.55,0.67,28,0.1,0.0,0.079,-67.4,-72,HAYIR,HAYIR
2026-08-19 19:46:43.887,0.53,0.67,28,0.1,0.0,0.111,-97.3,-72,HAYIR,HAYIR
2026-08-19 19:46:43.947,0.51,0.67,28,0.1,0.0,0.111,-100.4,-73,HAYIR,HAYIR
2026-08-19 19:46:44.007,0.53,0.67,28,0.1,0.0,0.076,-66.2,-73,HAYIR,HAYIR
2026-08-19 19:46:44.067,0.54,0.67,28,0.1,0.0,0.076,-65.4,-71,HAYIR,HAYIR
2026-08-19 19:46:44.127,0.54,0.63,28,0.1,0.0,0.075,-65.0,-69,HAYIR,HAYIR
2026-08-19 19:46:44.187,0.52,0.63,28,0.1,0.0,0.086,-77.1,-69,HAYIR,HAYIR
2026-08-19 19:46:44.247,0.52,0.63,28,0.1,0.0,0.086,-77.1,-71,HAYIR,HAYIR
2026-08-19 19:46:44.307,0.52,0.63,28,0.1,0.0,0.086,-77.1,-72,HAYIR,HAYIR
2026-08-19 19:46:44.367,0.53,0.63,28,0.1,0.0,0.070,-62.4,-71,HAYIR,HAYIR
2026-08-19 19:46:44.427,0.52,0.59,28,0.1,0.0,0.070,-62.5,-69,HAYIR,HAYIR
2026-08-19 19:46:44.487,0.50,0.59,28,0.1,0.0,0.086,-80.3,-68,HAYIR,HAYIR
2026-08-19 19:46:44.547,0.50,0.59,28,0.1,0.0,0.086,-80.4,-70,HAYIR,HAYIR
2026-08-19 19:46:44.607,0.50,0.59,28,0.1,0.0,0.086,-80.4,-72,HAYIR,HAYIR
2026-08-19 19:46:44.667,0.51,0.59,28,0.1,0.0,0.065,-59.2,-70,HAYIR,HAYIR
2026-08-19 19:46:44.727,0.51,0.57,28,0.1,0.0,0.094,-85.6,-69,HAYIR,HAYIR
2026-08-19 19:46:44.787,0.50,0.57,28,0.1,0.0,0.099,-91.3,-71,HAYIR,HAYIR
2026-08-19 19:46:44.847,0.50,0.57,28,0.1,0.0,0.099,-91.3,-73,HAYIR,HAYIR
2026-08-19 19:46:44.907,0.50,0.57,28,0.1,0.0,0.099,-91.3,-74,HAYIR,HAYIR
2026-08-19 19:46:44.967,0.50,0.57,28,0.1,0.0,0.099,-91.3,-76,HAYIR,HAYIR
2026-08-19 19:46:45.027,0.50,0.57,28,0.2,0.0,0.091,-84.5,-78,HAYIR,HAYIR
2026-08-19 19:46:45.087,0.49,0.53,28,0.2,0.0,0.091,-85.4,-80,HAYIR,HAYIR
2026-08-19 19:46:45.147,0.48,0.53,28,0.2,0.0,0.099,-95.3,-81,HAYIR,HAYIR
2026-08-19 19:46:45.207,0.48,0.53,28,0.2,0.0,0.099,-95.3,-83,HAYIR,HAYIR
2026-08-19 19:46:45.267,0.48,0.53,28,0.2,0.0,0.099,-95.3,-85,HAYIR,HAYIR
2026-08-19 19:46:45.327,0.49,0.53,28,0.2,0.0,0.088,-84.3,-84,HAYIR,HAYIR
2026-08-19 19:46:45.387,0.48,0.53,28,0.2,0.0,0.088,-84.7,-85,HAYIR,HAYIR
2026-08-19 19:46:45.447,0.48,0.49,28,0.2,0.0,0.088,-84.7,-85,HAYIR,HAYIR
2026-08-19 19:46:45.507,0.48,0.49,28,0.2,0.0,0.088,-84.7,-85,HAYIR,HAYIR
2026-08-19 19:46:45.567,0.46,0.49,28,0.2,0.0,0.100,-100.0,-86,HAYIR,HAYIR
2026-08-19 19:46:45.627,0.46,0.49,28,0.2,0.0,0.100,-100.2,-88,HAYIR,HAYIR
2026-08-19 19:46:45.687,0.46,0.49,28,0.2,0.0,0.100,-100.2,-90,HAYIR,HAYIR
2026-08-19 19:46:45.747,0.47,0.49,28,0.2,0.0,0.084,-83.2,-89,HAYIR,HAYIR
2026-08-19 19:46:45.807,0.47,0.48,28,0.2,0.0,0.083,-82.2,-88,HAYIR,HAYIR
2026-08-19 19:46:45.867,0.46,0.48,28,0.2,0.0,0.098,-98.0,-89,HAYIR,HAYIR
2026-08-19 19:46:45.927,0.46,0.48,28,0.2,0.0,0.098,-98.0,-91,HAYIR,HAYIR
2026-08-19 19:46:45.987,0.46,0.48,28,0.2,0.0,0.092,-92.4,-92,HAYIR,HAYIR
2026-08-19 19:46:46.047,0.46,0.48,28,0.2,0.0,0.092,-92.4,-92,HAYIR,HAYIR
2026-08-19 19:46:46.107,0.46,0.45,31,0.2,0.0,0.090,-91.1,-91,HAYIR,HAYIR
2026-08-19 19:46:46.167,0.46,0.45,31,0.2,0.0,0.090,-91.1,-91,HAYIR,HAYIR
2026-08-19 19:46:46.227,0.44,0.45,28,0.2,0.0,0.098,-100.8,-93,HAYIR,HAYIR
2026-08-19 19:46:46.287,0.45,0.45,31,0.2,0.0,0.088,-90.3,-93,HAYIR,HAYIR
2026-08-19 19:46:46.347,0.45,0.45,31,0.2,0.0,0.088,-90.3,-92,HAYIR,HAYIR
2026-08-19 19:46:46.407,0.45,0.41,32,0.2,0.0,0.086,-88.8,-90,HAYIR,HAYIR
2026-08-19 19:46:46.467,0.45,0.41,31,0.2,0.0,0.086,-88.8,-89,HAYIR,HAYIR
2026-08-19 19:46:46.527,0.43,0.41,31,0.2,0.0,0.094,-100.3,-90,HAYIR,HAYIR
2026-08-19 19:46:46.587,0.44,0.41,31,0.2,0.0,0.083,-87.4,-91,HAYIR,HAYIR
2026-08-19 19:46:46.647,0.44,0.41,31,0.2,0.0,0.083,-87.4,-89,HAYIR,HAYIR
2026-08-19 19:46:46.707,0.44,0.41,31,0.2,0.0,0.083,-87.4,-88,HAYIR,HAYIR
2026-08-19 19:46:46.767,0.44,0.39,31,0.2,0.0,0.083,-87.4,-87,HAYIR,HAYIR
2026-08-19 19:46:46.827,0.43,0.39,31,0.2,0.0,0.081,-87.6,-88,HAYIR,HAYIR
2026-08-19 19:46:46.887,0.43,0.39,31,0.2,0.0,0.092,-98.7,-88,HAYIR,HAYIR
2026-08-19 19:46:46.947,0.43,0.39,31,0.2,0.0,0.089,-94.7,-90,HAYIR,HAYIR
2026-08-19 19:46:47.007,0.43,0.39,31,0.2,0.0,0.087,-93.6,-91,HAYIR,HAYIR
2026-08-19 19:46:47.067,0.43,0.39,31,0.2,0.0,0.087,-93.6,-93,HAYIR,HAYIR
2026-08-19 19:46:47.127,0.43,0.38,31,0.2,0.0,0.085,-92.2,-92,HAYIR,HAYIR
2026-08-19 19:46:47.187,0.41,0.38,30,0.2,0.0,0.089,-101.1,-93,HAYIR,HAYIR
2026-08-19 19:46:47.247,0.41,0.38,31,0.2,0.0,0.089,-101.1,-94,HAYIR,HAYIR
2026-08-19 19:46:47.307,0.41,0.38,31,0.2,0.0,0.089,-101.1,-96,HAYIR,HAYIR
2026-08-19 19:46:47.367,0.42,0.38,31,0.2,0.0,0.082,-89.7,-94,HAYIR,HAYIR
2026-08-19 19:46:47.427,0.42,0.40,30,0.2,0.0,0.080,-88.4,-93,HAYIR,HAYIR
2026-08-19 19:46:47.487,0.41,0.40,31,0.2,0.0,0.077,-86.6,-91,HAYIR,HAYIR
2026-08-19 19:46:47.547,0.41,0.40,31,0.2,0.0,0.077,-86.6,-89,HAYIR,HAYIR
2026-08-19 19:46:47.607,0.41,0.40,31,0.2,0.0,0.077,-86.6,-88,HAYIR,HAYIR
2026-08-19 19:46:47.667,0.41,0.40,31,0.2,0.0,0.077,-86.6,-87,HAYIR,HAYIR
2026-08-19 19:46:47.727,0.41,0.40,30,0.2,0.0,0.075,-86.0,-86,HAYIR,HAYIR
2026-08-19 19:46:47.787,0.41,0.40,31,0.2,0.0,0.075,-86.0,-86,HAYIR,HAYIR
2026-08-19 19:46:47.847,0.40,0.40,28,0.2,0.0,0.074,-85.3,-85,HAYIR,HAYIR
2026-08-19 19:46:47.907,0.40,0.40,28,0.2,0.0,0.074,-85.3,-85,HAYIR,HAYIR
2026-08-19 19:46:47.967,0.40,0.40,28,0.2,0.0,0.074,-85.3,-85,HAYIR,HAYIR
2026-08-19 19:46:48.027,0.39,0.40,28,0.2,0.0,0.000,-0.0,-84,HAYIR,HAYIR
2026-08-19 19:46:48.087,0.39,0.41,28,0.2,0.0,0.000,-0.0,-82,HAYIR,HAYIR
2026-08-19 19:46:48.147,0.39,0.41,28,0.2,0.0,-0.031,37.8,-80,HAYIR,HAYIR
2026-08-19 19:46:48.207,0.39,0.41,28,0.2,0.0,0.000,-0.0,-79,HAYIR,HAYIR
2026-08-19 19:46:48.267,0.39,0.41,28,0.2,0.0,0.000,-0.0,-77,HAYIR,HAYIR
2026-08-19 19:46:48.327,0.38,0.41,28,0.1,0.0,-0.036,44.3,-75,HAYIR,HAYIR
2026-08-19 19:46:48.387,0.38,0.44,28,0.1,0.0,-0.039,48.5,-73,HAYIR,HAYIR
2026-08-19 19:46:48.447,0.38,0.44,28,0.1,0.0,-0.039,48.5,-72,HAYIR,HAYIR
2026-08-19 19:46:48.507,0.38,0.44,28,0.1,0.0,-0.032,40.6,-70,HAYIR,HAYIR
2026-08-19 19:46:48.567,0.38,0.44,28,0.1,0.0,-0.032,40.6,-68,HAYIR,HAYIR
2026-08-19 19:46:48.627,0.37,0.44,28,0.1,0.0,-0.038,48.3,-67,HAYIR,HAYIR
2026-08-19 19:46:48.687,0.36,0.44,28,0.1,0.0,-0.040,52.1,-65,HAYIR,HAYIR
2026-08-19 19:46:48.747,0.36,0.44,28,0.1,0.0,-0.040,52.1,-63,HAYIR,HAYIR
2026-08-19 19:46:48.807,0.36,0.45,28,0.1,0.0,-0.040,52.1,-62,HAYIR,HAYIR
2026-08-19 19:46:48.867,0.36,0.45,28,0.1,0.0,-0.043,55.7,-60,HAYIR,HAYIR
2026-08-19 19:46:48.927,0.36,0.45,28,0.1,0.0,0.000,-0.0,-58,HAYIR,HAYIR
2026-08-19 19:46:48.987,0.35,0.45,28,0.1,0.0,0.000,-0.0,-57,HAYIR,HAYIR
2026-08-19 19:46:49.047,0.35,0.45,28,0.1,0.0,0.000,-0.0,-55,HAYIR,HAYIR
2026-08-19 19:46:49.107,0.35,0.46,28,0.1,0.0,0.000,-0.0,-53,HAYIR,HAYIR
2026-08-19 19:46:49.167,0.35,0.46,28,0.1,0.0,0.065,-87.1,-55,HAYIR,HAYIR
2026-08-19 19:46:49.227,0.35,0.46,28,0.1,0.0,0.064,-85.2,-57,HAYIR,HAYIR
2026-08-19 19:46:49.287,0.34,0.46,28,0.1,0.0,0.065,-89.1,-58,HAYIR,HAYIR
2026-08-19 19:46:49.347,0.34,0.46,28,0.1,0.0,0.065,-89.1,-60,HAYIR,HAYIR
2026-08-19 19:46:49.407,0.33,0.44,28,0.1,0.0,0.065,-89.4,-62,HAYIR,HAYIR
2026-08-19 19:46:49.467,0.33,0.44,28,0.1,0.0,0.065,-89.4,-63,HAYIR,HAYIR
2026-08-19 19:46:49.527,0.33,0.44,28,0.1,0.0,0.063,-89.0,-65,HAYIR,HAYIR
2026-08-19 19:46:49.587,0.33,0.44,28,0.1,0.0,0.063,-89.0,-67,HAYIR,HAYIR
2026-08-19 19:46:49.647,0.33,0.44,28,0.1,0.0,0.065,-91.4,-68,HAYIR,HAYIR
2026-08-19 19:46:49.707,0.32,0.44,28,0.1,0.0,0.064,-92.0,-70,HAYIR,HAYIR
2026-08-19 19:46:49.767,0.32,0.43,28,0.1,0.0,0.064,-92.0,-72,HAYIR,HAYIR
2026-08-19 19:46:49.827,0.31,0.43,28,0.1,0.0,0.062,-92.6,-73,HAYIR,HAYIR
2026-08-19 19:46:49.887,0.31,0.43,28,0.1,0.0,0.062,-92.6,-75,HAYIR,HAYIR
2026-08-19 19:46:49.947,0.31,0.43,28,0.2,0.0,0.062,-92.6,-77,HAYIR,HAYIR
2026-08-19 19:46:50.007,0.31,0.43,28,0.2,0.0,0.063,-93.1,-79,HAYIR,HAYIR
2026-08-19 19:46:50.067,0.31,0.41,28,0.2,0.0,0.063,-93.1,-80,HAYIR,HAYIR
2026-08-19 19:46:50.127,0.30,0.41,28,0.2,0.0,0.061,-93.4,-82,HAYIR,HAYIR
2026-08-19 19:46:50.187,0.30,0.41,28,0.2,0.0,0.061,-93.4,-84,HAYIR,HAYIR
2026-08-19 19:46:50.247,0.30,0.41,28,0.2,0.0,0.080,-120.7,-85,HAYIR,HAYIR
2026-08-19 19:46:50.307,0.30,0.41,28,0.2,0.0,0.081,-121.4,-87,HAYIR,HAYIR
2026-08-19 19:46:50.367,0.30,0.41,28,0.2,0.0,0.081,-121.4,-89,HAYIR,HAYIR
2026-08-19 19:46:50.427,0.30,0.41,28,0.2,0.0,0.081,-121.5,-90,HAYIR,HAYIR
2026-08-19 19:46:50.487,0.30,0.41,28,0.2,0.0,0.079,-120.7,-92,HAYIR,HAYIR
2026-08-19 19:46:50.547,0.28,0.41,28,0.2,0.0,0.079,-128.2,-94,HAYIR,HAYIR
2026-08-19 19:46:50.607,0.28,0.41,28,0.2,0.0,0.079,-128.2,-95,HAYIR,HAYIR
2026-08-19 19:46:50.667,0.28,0.41,28,0.2,0.0,0.079,-128.2,-97,HAYIR,HAYIR
2026-08-19 19:46:50.727,0.29,0.41,28,0.2,0.0,0.079,-122.6,-99,HAYIR,HAYIR
2026-08-19 19:46:50.787,0.29,0.40,28,0.2,0.0,0.079,-122.6,-100,HAYIR,HAYIR
2026-08-19 19:46:50.847,0.28,0.40,28,0.3,0.0,0.078,-126.6,-102,HAYIR,HAYIR
2026-08-19 19:46:50.907,0.28,0.40,28,0.3,0.0,0.078,-126.6,-104,HAYIR,HAYIR
2026-08-19 19:46:50.967,0.28,0.40,28,0.3,0.0,0.078,-126.6,-105,HAYIR,HAYIR
2026-08-19 19:46:51.027,0.28,0.40,28,0.3,0.0,0.076,-123.3,-107,HAYIR,HAYIR
2026-08-19 19:46:51.087,0.28,0.37,28,0.3,0.0,0.076,-123.1,-109,HAYIR,HAYIR
2026-08-19 19:46:51.147,0.28,0.37,28,0.3,0.0,0.076,-123.1,-110,HAYIR,HAYIR
2026-08-19 19:46:51.207,0.26,0.37,28,0.3,0.0,0.076,-130.7,-112,HAYIR,HAYIR
2026-08-19 19:46:51.267,0.26,0.37,28,0.3,0.0,0.076,-130.7,-114,HAYIR,HAYIR
2026-08-19 19:46:51.327,0.27,0.37,28,0.3,0.0,0.062,-105.2,-114,HAYIR,HAYIR
2026-08-19 19:46:51.387,0.27,0.37,28,0.3,0.0,0.062,-105.2,-113,HAYIR,HAYIR
2026-08-19 19:46:51.447,0.27,0.35,28,0.3,0.0,0.062,-105.2,-111,HAYIR,HAYIR
2026-08-19 19:46:51.507,0.25,0.35,28,0.3,0.0,0.066,-120.3,-112,HAYIR,HAYIR
2026-08-19 19:46:51.567,0.25,0.35,28,0.3,0.0,0.066,-120.3,-113,HAYIR,HAYIR
2026-08-19 19:46:51.627,0.26,0.35,28,0.3,0.0,0.060,-103.8,-112,HAYIR,HAYIR
2026-08-19 19:46:51.687,0.26,0.35,28,0.3,0.0,0.059,-103.0,-110,HAYIR,HAYIR
2026-08-19 19:46:51.747,0.26,0.35,28,0.3,0.0,0.059,-103.0,-108,HAYIR,HAYIR
2026-08-19 19:46:51.807,0.26,0.32,28,0.3,0.0,0.058,-101.8,-107,HAYIR,HAYIR
2026-08-19 19:46:51.867,0.25,0.32,28,0.3,0.0,0.060,-111.1,-108,HAYIR,HAYIR
2026-08-19 19:46:51.927,0.25,0.32,28,0.3,0.0,0.060,-111.1,-110,HAYIR,HAYIR
2026-08-19 19:46:51.987,0.25,0.32,28,0.3,0.0,0.060,-111.1,-111,HAYIR,HAYIR
2026-08-19 19:46:52.047,0.26,0.32,28,0.3,0.0,0.055,-99.0,-110,HAYIR,HAYIR
2026-08-19 19:46:52.107,0.25,0.32,28,0.3,0.0,0.054,-98.3,-108,HAYIR,HAYIR
2026-08-19 19:46:52.167,0.25,0.30,28,0.3,0.0,0.054,-98.3,-107,HAYIR,HAYIR
2026-08-19 19:46:52.227,0.23,0.30,28,0.3,0.0,0.058,-113.4,-106,HAYIR,HAYIR
2026-08-19 19:46:52.287,0.23,0.30,28,0.3,0.0,0.058,-113.4,-108,HAYIR,HAYIR
2026-08-19 19:46:52.347,0.23,0.30,28,0.3,0.0,0.058,-113.4,-109,HAYIR,HAYIR
2026-08-19 19:46:52.407,0.25,0.30,28,0.3,0.0,0.051,-93.9,-109,HAYIR,HAYIR
2026-08-19 19:46:52.467,0.25,0.26,28,0.3,0.0,0.038,-71.6,-107,HAYIR,HAYIR
2026-08-19 19:46:52.527,0.24,0.26,28,0.3,0.0,0.038,-74.5,-106,HAYIR,HAYIR
2026-08-19 19:46:52.587,0.24,0.26,28,0.3,0.0,0.038,-74.5,-104,HAYIR,HAYIR
2026-08-19 19:46:52.647,0.24,0.26,28,0.3,0.0,0.038,-74.5,-102,HAYIR,HAYIR
2026-08-19 19:46:52.707,0.25,0.26,28,0.2,0.0,0.036,-68.7,-100,HAYIR,HAYIR
2026-08-19 19:46:52.767,0.25,0.22,30,0.2,0.0,0.036,-68.7,-99,HAYIR,HAYIR
2026-08-19 19:46:52.827,0.23,0.22,30,0.2,0.0,0.035,-71.3,-97,HAYIR,HAYIR
2026-08-19 19:46:52.887,0.24,0.22,30,0.2,0.0,0.035,-67.6,-95,HAYIR,HAYIR
2026-08-19 19:46:52.947,0.24,0.22,30,0.2,0.0,0.035,-67.6,-94,HAYIR,HAYIR
2026-08-19 19:46:53.007,0.24,0.22,30,0.2,0.0,0.035,-67.0,-92,HAYIR,HAYIR
2026-08-19 19:46:53.067,0.24,0.22,30,0.2,0.0,0.035,-67.0,-90,HAYIR,HAYIR
2026-08-19 19:46:53.127,0.24,0.18,30,0.2,0.0,0.034,-66.7,-89,HAYIR,HAYIR
2026-08-19 19:46:53.187,0.22,0.18,29,0.2,0.0,0.000,-0.0,-87,HAYIR,HAYIR
2026-08-19 19:46:53.247,0.21,0.18,30,0.2,0.0,0.000,-0.0,-85,HAYIR,HAYIR
2026-08-19 19:46:53.307,0.24,0.18,31,0.2,0.0,0.034,-67.4,-84,HAYIR,HAYIR
2026-08-19 19:46:53.367,0.24,0.18,30,0.2,0.0,0.034,-66.6,-82,HAYIR,HAYIR
2026-08-19 19:46:53.427,0.24,0.14,30,0.2,0.0,0.034,-66.4,-80,HAYIR,HAYIR
2026-08-19 19:46:53.487,0.23,0.14,30,0.2,0.0,0.035,-69.6,-79,HAYIR,HAYIR
2026-08-19 19:46:53.547,0.23,0.14,30,0.2,0.0,0.035,-69.6,-77,HAYIR,HAYIR
2026-08-19 19:46:53.607,0.24,0.14,30,0.1,0.0,0.037,-73.2,-75,HAYIR,HAYIR
2026-08-19 19:46:53.667,0.24,0.14,30,0.1,0.0,0.037,-73.2,-74,HAYIR,HAYIR
2026-08-19 19:46:53.727,0.24,0.14,30,0.1,0.0,0.037,-73.2,-73,HAYIR,HAYIR
2026-08-19 19:46:53.787,0.24,0.12,30,0.1,0.0,0.037,-72.2,-73,HAYIR,HAYIR
2026-08-19 19:46:53.847,0.24,0.12,30,0.1,0.0,0.037,-72.2,-72,HAYIR,HAYIR
2026-08-19 19:46:53.907,0.23,0.12,30,0.1,0.0,0.030,-63.3,-71,HAYIR,HAYIR
2026-08-19 19:46:53.967,0.23,0.12,30,0.1,0.0,0.030,-63.3,-69,HAYIR,HAYIR
2026-08-19 19:46:54.027,0.24,0.12,30,0.1,0.0,0.036,-71.5,-71,HAYIR,HAYIR
2026-08-19 19:46:54.087,0.23,0.11,30,0.1,0.0,0.035,-70.8,-71,HAYIR,HAYIR
2026-08-19 19:46:54.147,0.23,0.11,30,0.1,0.0,0.033,-66.9,-70,HAYIR,HAYIR
2026-08-19 19:46:54.207,0.23,0.11,30,0.1,0.0,0.033,-66.9,-68,HAYIR,HAYIR
2026-08-19 19:46:54.267,0.23,0.11,30,0.1,0.0,0.033,-66.9,-67,HAYIR,HAYIR
2026-08-19 19:46:54.327,0.23,0.11,30,0.1,0.0,0.035,-70.3,-69,HAYIR,HAYIR
2026-08-19 19:46:54.387,0.23,0.11,30,0.1,0.0,0.035,-70.1,-70,HAYIR,HAYIR
2026-08-19 19:46:54.447,0.23,0.11,30,0.1,0.0,0.035,-70.1,-70,HAYIR,HAYIR
2026-08-19 19:46:54.507,0.23,0.11,30,0.1,0.0,0.032,-64.7,-69,HAYIR,HAYIR
2026-08-19 19:46:54.567,0.23,0.11,30,0.1,0.0,0.032,-64.7,-67,HAYIR,HAYIR
2026-08-19 19:46:54.627,0.23,0.11,30,0.1,0.0,0.034,-70.1,-69,HAYIR,HAYIR
2026-08-19 19:46:54.687,0.23,0.11,30,0.1,0.0,0.043,-87.8,-71,HAYIR,HAYIR
2026-08-19 19:46:54.747,0.23,0.12,30,0.1,0.0,0.043,-87.8,-72,HAYIR,HAYIR
2026-08-19 19:46:54.807,0.23,0.12,30,0.1,0.0,0.043,-87.8,-74,HAYIR,HAYIR
2026-08-19 19:46:54.867,0.23,0.12,31,0.1,0.0,0.041,-81.7,-76,HAYIR,HAYIR
2026-08-19 19:46:54.927,0.23,0.12,31,0.2,0.0,0.041,-81.7,-77,HAYIR,HAYIR
2026-08-19 19:46:54.987,0.22,0.12,30,0.2,0.0,0.042,-87.1,-79,HAYIR,HAYIR
2026-08-19 19:46:55.047,0.22,0.12,31,0.2,0.0,0.042,-87.1,-81,HAYIR,HAYIR
2026-08-19 19:46:55.107,0.22,0.13,31,0.2,0.0,0.042,-87.3,-82,HAYIR,HAYIR
2026-08-19 19:46:55.167,0.23,0.13,31,0.2,0.0,0.041,-83.1,-83,HAYIR,HAYIR
2026-08-19 19:46:55.227,0.23,0.13,31,0.2,0.0,0.041,-83.1,-83,HAYIR,HAYIR
2026-08-19 19:46:55.287,0.22,0.13,30,0.2,0.0,0.041,-87.2,-84,HAYIR,HAYIR
2026-08-19 19:46:55.347,0.22,0.13,31,0.2,0.0,0.041,-87.2,-85,HAYIR,HAYIR
2026-08-19 19:46:55.407,0.22,0.15,31,0.2,0.0,0.041,-87.3,-87,HAYIR,HAYIR
2026-08-19 19:46:55.467,0.22,0.15,31,0.2,0.0,0.041,-87.3,-87,HAYIR,HAYIR
2026-08-19 19:46:55.527,0.22,0.15,31,0.2,0.0,0.040,-82.9,-86,HAYIR,HAYIR
2026-08-19 19:46:55.587,0.21,0.15,30,0.2,0.0,0.039,-85.2,-85,HAYIR,HAYIR
2026-08-19 19:46:55.647,0.21,0.15,31,0.2,0.0,0.039,-85.2,-85,HAYIR,HAYIR
2026-08-19 19:46:55.707,0.21,0.15,31,0.2,0.0,0.039,-85.4,-85,HAYIR,HAYIR
2026-08-19 19:46:55.767,0.21,0.16,30,0.2,0.0,0.047,-102.3,-87,HAYIR,HAYIR
2026-08-19 19:46:55.827,0.22,0.16,31,0.2,0.0,0.047,-100.1,-89,HAYIR,HAYIR
2026-08-19 19:46:55.887,0.22,0.16,31,0.2,0.0,0.047,-100.1,-90,HAYIR,HAYIR
2026-08-19 19:46:55.947,0.22,0.16,31,0.2,0.0,0.047,-100.1,-92,HAYIR,HAYIR
2026-08-19 19:46:56.007,0.21,0.16,31,0.2,0.0,0.045,-100.6,-94,HAYIR,HAYIR
2026-08-19 19:46:56.067,0.21,0.16,31,0.2,0.0,0.045,-100.6,-95,HAYIR,HAYIR
2026-08-19 19:46:56.127,0.20,0.18,31,0.2,0.0,0.045,-100.2,-97,HAYIR,HAYIR
2026-08-19 19:46:56.187,0.21,0.18,31,0.2,0.0,0.046,-100.9,-99,HAYIR,HAYIR
2026-08-19 19:46:56.247,0.21,0.18,31,0.2,0.0,0.046,-100.9,-100,HAYIR,HAYIR
2026-08-19 19:46:56.307,0.20,0.18,31,0.2,0.0,0.043,-99.6,-100,HAYIR,HAYIR
2026-08-19 19:46:56.367,0.20,0.18,31,0.2,0.0,0.043,-99.6,-100,HAYIR,HAYIR
2026-08-19 19:46:56.427,0.20,0.19,31,0.2,0.0,0.043,-99.2,-99,HAYIR,HAYIR
2026-08-19 19:46:56.487,0.20,0.19,31,0.2,0.0,0.045,-102.1,-100,HAYIR,HAYIR
2026-08-19 19:46:56.547,0.20,0.19,31,0.3,0.0,0.045,-102.1,-101,HAYIR,HAYIR
2026-08-19 19:46:56.607,0.19,0.19,31,0.3,0.0,0.041,-98.2,-101,HAYIR,HAYIR
2026-08-19 19:46:56.667,0.19,0.19,31,0.2,0.0,0.041,-98.2,-99,HAYIR,HAYIR
2026-08-19 19:46:56.727,0.19,0.21,28,0.2,0.0,0.041,-97.3,-98,HAYIR,HAYIR
2026-08-19 19:46:56.787,0.19,0.21,28,0.2,0.0,0.042,-99.0,-98,HAYIR,HAYIR
2026-08-19 19:46:56.847,0.19,0.21,28,0.2,0.0,0.000,-0.0,-97,HAYIR,HAYIR
2026-08-19 19:46:56.907,0.19,0.21,28,0.2,0.0,0.000,-0.0,-96,HAYIR,HAYIR
2026-08-19 19:46:56.967,0.19,0.21,28,0.2,0.0,0.000,-0.0,-94,HAYIR,HAYIR
2026-08-19 19:46:57.027,0.18,0.21,28,0.2,0.0,0.000,-0.0,-92,HAYIR,HAYIR
2026-08-19 19:46:57.087,0.18,0.23,28,0.2,0.0,0.000,-0.0,-91,HAYIR,HAYIR
2026-08-19 19:46:57.147,0.18,0.23,28,0.2,0.0,0.000,-0.0,-89,HAYIR,HAYIR
2026-08-19 19:46:57.207,0.19,0.23,28,0.2,0.0,0.000,-0.0,-87,HAYIR,HAYIR
2026-08-19 19:46:57.267,0.19,0.23,28,0.2,0.0,0.000,-0.0,-85,HAYIR,HAYIR
2026-08-19 19:46:57.327,0.18,0.23,28,0.2,0.0,0.000,-0.0,-84,HAYIR,HAYIR
2026-08-19 19:46:57.387,0.17,0.23,28,0.2,0.0,0.000,-0.0,-82,HAYIR,HAYIR
2026-08-19 19:46:57.447,0.17,0.23,28,0.2,0.0,0.000,-0.0,-80,HAYIR,HAYIR
2026-08-19 19:46:57.507,0.17,0.25,28,0.2,0.0,0.000,-0.0,-79,HAYIR,HAYIR
2026-08-19 19:46:57.567,0.17,0.25,28,0.2,0.0,0.000,-0.0,-77,HAYIR,HAYIR
2026-08-19 19:46:57.627,0.17,0.25,28,0.1,0.0,0.000,-0.0,-75,HAYIR,HAYIR
2026-08-19 19:46:57.687,0.17,0.25,28,0.1,0.0,0.000,-0.0,-74,HAYIR,HAYIR
2026-08-19 19:46:57.747,0.17,0.24,28,0.1,0.0,0.000,-0.0,-72,HAYIR,HAYIR
2026-08-19 19:46:57.807,0.16,0.24,28,0.1,0.0,0.000,-0.0,-70,HAYIR,HAYIR
2026-08-19 19:46:57.867,0.16,0.24,28,0.1,0.0,0.000,-0.0,-69,HAYIR,HAYIR
2026-08-19 19:46:57.927,0.16,0.24,28,0.1,0.0,0.035,-99.6,-68,HAYIR,HAYIR
2026-08-19 19:46:57.987,0.16,0.24,28,0.1,0.0,0.032,-91.0,-70,HAYIR,HAYIR
2026-08-19 19:46:58.047,0.16,0.24,28,0.1,0.0,0.032,-91.0,-71,HAYIR,HAYIR
2026-08-19 19:46:58.107,0.16,0.22,28,0.1,0.0,0.032,-91.0,-73,HAYIR,HAYIR
2026-08-19 19:46:58.167,0.16,0.22,28,0.1,0.0,0.031,-89.9,-75,HAYIR,HAYIR
2026-08-19 19:46:58.227,0.15,0.22,28,0.2,0.0,0.032,-98.5,-77,HAYIR,HAYIR
2026-08-19 19:46:58.287,0.15,0.22,28,0.2,0.0,0.032,-98.5,-78,HAYIR,HAYIR
2026-08-19 19:46:58.347,0.16,0.22,28,0.2,0.0,0.031,-91.2,-80,HAYIR,HAYIR
2026-08-19 19:46:58.407,0.16,0.20,28,0.2,0.0,0.000,-0.0,-79,HAYIR,HAYIR
2026-08-19 19:46:58.467,0.16,0.20,28,0.2,0.0,0.000,-0.0,-78,HAYIR,HAYIR
2026-08-19 19:46:58.527,0.15,0.20,28,0.1,0.0,0.000,-0.0,-76,HAYIR,HAYIR
2026-08-19 19:46:58.587,0.15,0.20,28,0.1,0.0,0.000,-0.0,-74,HAYIR,HAYIR
2026-08-19 19:46:58.647,0.15,0.20,28,0.1,0.0,0.000,-0.0,-73,HAYIR,HAYIR
2026-08-19 19:46:58.707,0.15,0.17,28,0.1,0.0,0.000,-0.0,-71,HAYIR,HAYIR
2026-08-19 19:46:58.767,0.15,0.17,28,0.1,0.0,0.000,-0.0,-69,HAYIR,HAYIR
2026-08-19 19:46:58.827,0.14,0.17,28,0.1,0.0,0.000,-0.0,-68,HAYIR,HAYIR
2026-08-19 19:46:58.887,0.15,0.17,28,0.1,0.0,0.000,-0.0,-66,HAYIR,HAYIR
2026-08-19 19:46:58.947,0.15,0.17,28,0.1,0.0,0.000,-0.0,-64,HAYIR,HAYIR
2026-08-19 19:46:59.007,0.15,0.17,28,0.1,0.0,0.000,-0.0,-63,HAYIR,HAYIR
2026-08-19 19:46:59.067,0.15,0.17,28,0.1,0.0,0.000,-0.0,-61,HAYIR,HAYIR
2026-08-19 19:46:59.127,0.15,0.15,28,0.1,0.0,0.000,-0.0,-59,HAYIR,HAYIR
2026-08-19 19:46:59.187,0.14,0.15,28,0.1,0.0,0.000,-0.0,-57,HAYIR,HAYIR
2026-08-19 19:46:59.247,0.14,0.15,28,0.1,0.0,0.000,-0.0,-56,HAYIR,HAYIR
2026-08-19 19:46:59.307,0.15,0.15,28,0.1,0.0,0.000,-0.0,-54,HAYIR,HAYIR
2026-08-19 19:46:59.367,0.15,0.15,28,0.1,0.0,0.000,-0.0,-52,HAYIR,HAYIR
2026-08-19 19:46:59.427,0.15,0.13,31,0.0,0.0,0.000,-0.0,-51,HAYIR,HAYIR
2026-08-19 19:46:59.487,0.13,0.13,30,0.0,0.0,0.000,-0.0,-49,HAYIR,HAYIR
2026-08-19 19:46:59.547,0.13,0.13,30,0.0,0.0,0.000,-0.0,-47,HAYIR,HAYIR
2026-08-19 19:46:59.607,0.15,0.13,30,0.0,0.0,0.000,-0.0,-46,HAYIR,HAYIR
2026-08-19 19:46:59.667,0.15,0.13,30,0.0,0.0,0.000,-0.0,-44,HAYIR,HAYIR
2026-08-19 19:46:59.727,0.14,0.13,30,0.0,0.0,0.000,-0.0,-42,HAYIR,HAYIR
2026-08-19 19:46:59.787,0.14,0.10,30,0.0,0.0,0.000,-0.0,-41,HAYIR,HAYIR
2026-08-19 19:46:59.847,0.13,0.10,30,0.0,0.0,0.000,-0.0,-39,HAYIR,HAYIR
2026-08-19 19:46:59.907,0.13,0.10,30,0.0,0.0,0.000,-0.0,-37,HAYIR,HAYIR
2026-08-19 19:46:59.967,0.13,0.10,30,0.0,0.0,0.000,-0.0,-36,HAYIR,HAYIR
2026-08-19 19:47:00.027,0.14,0.10,30,0.0,0.0,0.000,-0.0,-34,HAYIR,HAYIR
2026-08-19 19:47:00.087,0.14,0.09,30,0.0,0.0,0.000,-0.0,-32,HAYIR,HAYIR
2026-08-19 19:47:00.147,0.14,0.09,30,0.0,0.0,0.000,-0.0,-31,HAYIR,HAYIR
2026-08-19 19:47:00.207,0.14,0.09,30,0.0,0.0,0.000,-0.0,-29,HAYIR,HAYIR
2026-08-19 19:47:00.267,0.14,0.09,30,0.0,0.0,0.000,-0.0,-27,HAYIR,HAYIR
2026-08-19 19:47:00.327,0.14,0.09,30,0.0,0.0,0.000,-0.0,-26,HAYIR,HAYIR
2026-08-19 19:47:00.387,0.14,0.08,31,0.0,0.0,0.000,-0.0,-24,HAYIR,HAYIR
2026-08-19 19:47:00.447,0.14,0.08,30,0.0,0.0,0.000,-0.0,-22,HAYIR,HAYIR
2026-08-19 19:47:00.507,0.13,0.08,30,0.0,0.0,0.000,-0.0,-21,HAYIR,HAYIR
2026-08-19 19:47:00.567,0.13,0.08,30,0.0,0.0,0.000,-0.0,-19,HAYIR,HAYIR
2026-08-19 19:47:00.627,0.14,0.08,30,0.0,0.0,0.000,-0.0,-17,HAYIR,HAYIR
2026-08-19 19:47:00.687,0.14,0.08,30,0.0,0.0,0.000,-0.0,-15,HAYIR,HAYIR
2026-08-19 19:47:00.747,0.14,0.08,30,0.0,0.0,0.000,-0.0,-14,HAYIR,HAYIR
2026-08-19 19:47:00.807,0.14,0.10,30,0.0,0.0,0.000,-0.0,-12,HAYIR,HAYIR
2026-08-19 19:47:00.867,0.14,0.10,30,0.0,0.0,0.000,-0.0,-10,HAYIR,HAYIR
2026-08-19 19:47:00.927,0.14,0.10,30,0.0,0.0,0.000,-0.0,-9,HAYIR,HAYIR
2026-08-19 19:47:00.987,0.13,0.10,30,0.0,0.0,0.000,-0.0,-7,HAYIR,HAYIR
2026-08-19 19:47:01.047,0.13,0.10,30,0.0,0.0,0.000,-0.0,-5,HAYIR,HAYIR
2026-08-19 19:47:01.107,0.13,0.10,30,0.0,0.0,0.000,-0.0,-4,HAYIR,HAYIR
2026-08-19 19:47:01.167,0.13,0.10,30,0.0,0.0,0.000,-0.0,-2,HAYIR,HAYIR
2026-08-19 19:47:01.227,0.13,0.10,30,0.0,0.0,0.000,-0.0,0,HAYIR,HAYIR
2026-08-19 19:47:01.287,0.13,0.10,30,0.0,0.0,0.000,-0.0,0,HAYIR,HAYIR
2026-08-19 19:47:01.347,0.13,0.10,30,0.0,0.0,0.000,-0.0,0,HAYIR,HAYIR
2026-08-19 19:47:01.407,0.13,0.10,30,0.0,0.0,0.000,-0.0,0,HAYIR,HAYIR
2026-08-19 19:47:01.467,0.13,0.10,30,0.0,0.0,0.000,-0.0,0,HAYIR,HAYIR
2026-08-19 19:47:01.527,0.13,0.10,30,0.0,0.0,0.000,-0.0,0,HAYIR,HAYIR
2026-08-19 19:47:01.587,0.13,0.10,30,0.0,0.0,0.000,-0.0,0,HAYIR,HAYIR
2026-08-19 19:47:01.647,0.13,0.10,30,0.0,0.0,0.000,-0.0,0,HAYIR,HAYIR
2026-08-19 19:47:01.707,0.13,0.10,30,0.0,0.0,0.000,-0.0,0,HAYIR,HAYIR
2026-08-19 19:47:01.767,0.13,0.13,28,0.0,0.0,0.000,-0.0,0,HAYIR,HAYIR
2026-08-19 19:47:01.827,0.13,0.13,28,0.0,0.0,0.000,-0.0,0,HAYIR,HAYIR
2026-08-19 19:47:01.887,0.12,0.13,28,0.0,0.0,0.000,-0.0,0,HAYIR,HAYIR
2026-08-19 19:47:01.947,0.12,0.13,28,0.0,0.0,0.000,-0.0,0,HAYIR,HAYIR
2026-08-19 19:47:02.007,0.12,0.13,28,0.0,0.0,0.000,-0.0,0,HAYIR,HAYIR
2026-08-19 19:47:02.067,0.12,0.15,28,0.0,0.0,0.000,-0.0,0,HAYIR,HAYIR
2026-08-19 19:47:02.127,0.12,0.15,28,0.0,0.0,0.000,-0.0,0,HAYIR,HAYIR
2026-08-19 19:47:02.187,0.12,0.15,28,0.0,0.0,0.000,-0.0,0,HAYIR,HAYIR
2026-08-19 19:47:02.247,0.12,0.15,28,0.0,0.0,0.000,-0.0,0,HAYIR,HAYIR
2026-08-19 19:47:02.307,0.11,0.15,28,0.0,0.0,0.000,-0.0,0,HAYIR,HAYIR
2026-08-19 19:47:02.367,0.11,0.15,28,0.0,0.0,0.000,-0.0,0,HAYIR,HAYIR
2026-08-19 19:47:02.427,0.11,0.18,28,0.0,0.0,0.000,-0.0,0,HAYIR,HAYIR
2026-08-19 19:47:02.487,0.11,0.18,28,0.0,0.0,0.000,-0.0,0,HAYIR,HAYIR
2026-08-19 19:47:02.547,0.11,0.18,28,0.0,0.0,0.000,-0.0,0,HAYIR,HAYIR
2026-08-19 19:47:02.607,0.11,0.18,28,0.0,0.0,0.000,-0.0,0,HAYIR,HAYIR
2026-08-19 19:47:02.667,0.11,0.18,28,0.0,0.0,0.000,-0.0,0,HAYIR,HAYIR
2026-08-19 19:47:02.727,0.10,0.18,28,0.0,0.0,0.000,-0.0,0,HAYIR,HAYIR
2026-08-19 19:47:02.787,0.10,0.19,28,0.0,0.0,0.000,-0.0,0,HAYIR,HAYIR
2026-08-19 19:47:02.847,0.11,0.19,28,0.0,0.0,0.000,-0.0,0,HAYIR,HAYIR
2026-08-19 19:47:02.907,0.11,0.19,28,0.0,0.0,0.000,-0.0,0,HAYIR,HAYIR
2026-08-19 19:47:02.967,0.11,0.19,28,0.0,0.0,0.000,-0.0,0,HAYIR,HAYIR
2026-08-19 19:47:03.027,0.10,0.19,28,0.0,0.0,0.000,-0.0,0,HAYIR,HAYIR
2026-08-19 19:47:03.087,0.10,0.19,28,0.0,0.0,0.000,-0.0,0,HAYIR,HAYIR
2026-08-19 19:47:03.147,0.10,0.19,28,0.0,0.0,0.000,-0.0,0,HAYIR,HAYIR
2026-08-19 19:47:03.207,0.10,0.19,28,0.0,0.0,0.000,-0.0,0,HAYIR,HAYIR
2026-08-19 19:47:03.267,0.10,0.19,28,0.0,0.0,0.000,-0.0,0,HAYIR,HAYIR
2026-08-19 19:47:03.327,0.05,0.19,28,0.0,0.0,0.000,-0.0,0,HAYIR,HAYIR
2026-08-19 19:47:03.387,0.03,0.20,28,0.0,0.0,0.000,-0.0,0,HAYIR,HAYIR
2026-08-19 19:47:03.447,0.05,0.20,28,0.0,0.0,0.050,-160.0,-1,HAYIR,HAYIR
2026-08-19 19:47:03.507,0.08,0.20,28,0.0,0.0,0.089,-160.0,-3,HAYIR,HAYIR
2026-08-19 19:47:03.567,0.10,0.20,28,0.0,0.0,0.089,-160.0,-4,HAYIR,HAYIR
2026-08-19 19:47:03.627,0.15,0.20,28,0.0,0.0,0.087,-160.0,-6,HAYIR,HAYIR
2026-08-19 19:47:03.687,0.17,0.20,28,0.0,0.0,0.087,-160.0,-8,HAYIR,HAYIR
2026-08-19 19:47:03.747,0.20,0.20,28,0.0,0.0,0.089,-160.0,-10,HAYIR,HAYIR
2026-08-19 19:47:03.807,0.22,0.20,28,0.0,0.0,0.089,-160.0,-11,HAYIR,HAYIR
2026-08-19 19:47:03.867,0.25,0.20,30,0.0,0.0,0.093,-160.0,-13,HAYIR,HAYIR
2026-08-19 19:47:03.927,0.30,0.20,30,0.0,0.0,0.089,-132.6,-15,HAYIR,HAYIR
2026-08-19 19:47:03.987,0.33,0.20,31,0.0,0.0,0.089,-123.5,-16,HAYIR,HAYIR
2026-08-19 19:47:04.047,0.35,0.20,31,0.0,0.0,0.091,-118.1,-18,HAYIR,HAYIR
2026-08-19 19:47:04.107,0.38,0.20,31,0.0,0.0,0.091,-110.9,-20,HAYIR,HAYIR
2026-08-19 19:47:04.167,0.40,0.20,31,0.0,0.0,0.092,-105.4,-21,HAYIR,HAYIR
2026-08-19 19:47:04.227,0.45,0.20,31,0.0,0.0,0.098,-100.0,-23,HAYIR,HAYIR
2026-08-19 19:47:04.287,0.48,0.20,31,0.0,0.0,0.098,-95.1,-25,HAYIR,HAYIR
2026-08-19 19:47:04.347,0.50,0.20,31,0.0,0.0,0.094,-86.8,-26,HAYIR,HAYIR
2026-08-19 19:47:04.407,0.53,0.20,31,0.0,0.0,0.094,-82.9,-28,HAYIR,HAYIR
2026-08-19 19:47:04.467,0.55,0.19,31,0.0,0.0,0.093,-78.7,-30,HAYIR,HAYIR
2026-08-19 19:47:04.527,0.60,0.19,31,0.0,0.0,0.102,-79.0,-31,HAYIR,HAYIR
2026-08-19 19:47:04.587,0.62,0.19,31,0.0,0.0,0.102,-76.2,-33,HAYIR,HAYIR
2026-08-19 19:47:04.647,0.63,0.19,31,0.0,0.0,0.093,-69.6,-35,HAYIR,HAYIR
2026-08-19 19:47:04.707,0.63,0.19,32,0.0,0.0,0.104,-77.2,-36,HAYIR,HAYIR
2026-08-19 19:47:04.767,0.63,0.18,31,0.0,0.0,0.106,-78.7,-38,HAYIR,HAYIR
2026-08-19 19:47:04.827,0.61,0.18,31,0.0,0.0,0.115,-86.4,-40,HAYIR,HAYIR
2026-08-19 19:47:04.887,0.61,0.18,31,0.0,0.0,0.115,-86.4,-41,HAYIR,HAYIR
2026-08-19 19:47:04.947,0.61,0.18,31,0.0,0.0,0.115,-86.4,-43,HAYIR,HAYIR
2026-08-19 19:47:05.007,0.61,0.18,31,0.0,0.0,0.115,-86.4,-45,HAYIR,HAYIR
2026-08-19 19:47:05.067,0.62,0.19,31,0.0,0.0,0.105,-79.0,-46,HAYIR,HAYIR
2026-08-19 19:47:05.127,0.61,0.19,31,0.0,0.0,0.114,-86.0,-48,HAYIR,HAYIR
2026-08-19 19:47:05.187,0.61,0.19,32,0.0,0.0,0.114,-86.0,-50,HAYIR,HAYIR
2026-08-19 19:47:05.247,0.61,0.19,32,0.1,0.0,0.114,-86.0,-52,HAYIR,HAYIR
2026-08-19 19:47:05.307,0.61,0.19,32,0.1,0.0,0.114,-86.0,-53,HAYIR,HAYIR
2026-08-19 19:47:05.367,0.61,0.19,32,0.1,0.0,0.105,-79.7,-55,HAYIR,HAYIR
2026-08-19 19:47:05.427,0.61,0.23,32,0.1,0.0,0.105,-80.4,-57,HAYIR,HAYIR
2026-08-19 19:47:05.487,0.61,0.23,31,0.1,0.0,0.116,-88.5,-58,HAYIR,HAYIR
2026-08-19 19:47:05.547,0.61,0.23,32,0.1,0.0,0.116,-88.5,-60,HAYIR,HAYIR
2026-08-19 19:47:05.607,0.61,0.23,32,0.1,0.0,0.116,-88.5,-62,HAYIR,HAYIR
2026-08-19 19:47:05.667,0.60,0.23,32,0.1,0.0,0.102,-78.4,-63,HAYIR,HAYIR
2026-08-19 19:47:05.727,0.60,0.23,32,0.1,0.0,0.102,-79.0,-65,HAYIR,HAYIR
2026-08-19 19:47:05.787,0.60,0.25,32,0.1,0.0,0.086,-67.1,-67,HAYIR,HAYIR
2026-08-19 19:47:05.847,0.60,0.25,32,0.1,0.0,0.094,-73.1,-68,HAYIR,HAYIR
2026-08-19 19:47:05.907,0.60,0.25,32,0.1,0.0,0.094,-73.1,-70,HAYIR,HAYIR
2026-08-19 19:47:05.967,0.60,0.25,32,0.1,0.0,0.094,-73.1,-72,HAYIR,HAYIR
2026-08-19 19:47:06.027,0.59,0.25,32,0.1,0.0,0.081,-64.4,-72,HAYIR,HAYIR
2026-08-19 19:47:06.087,0.59,0.28,31,0.1,0.0,0.081,-64.4,-70,HAYIR,HAYIR
2026-08-19 19:47:06.147,0.59,0.28,32,0.1,0.0,0.081,-64.2,-69,HAYIR,HAYIR
2026-08-19 19:47:06.207,0.59,0.28,32,0.1,0.0,0.094,-74.9,-69,HAYIR,HAYIR
2026-08-19 19:47:06.267,0.59,0.28,32,0.1,0.0,0.094,-74.9,-71,HAYIR,HAYIR
2026-08-19 19:47:06.327,0.58,0.28,32,0.1,0.0,0.076,-61.2,-72,HAYIR,HAYIR
2026-08-19 19:47:06.387,0.58,0.28,32,0.1,0.0,0.076,-61.2,-70,HAYIR,HAYIR
2026-08-19 19:47:06.447,0.58,0.33,32,0.1,0.0,0.074,-59.9,-68,HAYIR,HAYIR
2026-08-19 19:47:06.507,0.58,0.33,32,0.1,0.0,0.074,-59.9,-66,HAYIR,HAYIR
2026-08-19 19:47:06.567,0.57,0.33,32,0.1,0.0,0.093,-76.1,-68,HAYIR,HAYIR
2026-08-19 19:47:06.627,0.57,0.33,32,0.1,0.0,0.066,-54.6,-69,HAYIR,HAYIR
2026-08-19 19:47:06.687,0.57,0.33,32,0.1,0.0,0.066,-54.6,-67,HAYIR,HAYIR
2026-08-19 19:47:06.747,0.56,0.36,32,0.1,0.0,0.064,-53.1,-65,HAYIR,HAYIR
2026-08-19 19:47:06.807,0.56,0.36,32,0.1,0.0,0.064,-53.1,-64,HAYIR,HAYIR
2026-08-19 19:47:06.867,0.56,0.36,32,0.1,0.0,0.087,-72.3,-65,HAYIR,HAYIR
2026-08-19 19:47:06.927,0.56,0.36,32,0.1,0.0,0.087,-72.3,-67,HAYIR,HAYIR
2026-08-19 19:47:06.987,0.56,0.36,32,0.1,0.0,0.087,-72.3,-69,HAYIR,HAYIR
2026-08-19 19:47:07.047,0.55,0.41,30,0.1,0.0,0.060,-51.4,-68,HAYIR,HAYIR
2026-08-19 19:47:07.107,0.55,0.41,32,0.1,0.0,0.060,-51.4,-66,HAYIR,HAYIR
2026-08-19 19:47:07.167,0.54,0.41,32,0.1,0.0,0.074,-63.7,-65,HAYIR,HAYIR
2026-08-19 19:47:07.227,0.54,0.41,32,0.1,0.0,0.074,-63.7,-64,HAYIR,HAYIR
2026-08-19 19:47:07.287,0.54,0.41,32,0.1,0.0,0.074,-63.7,-64,HAYIR,HAYIR
2026-08-19 19:47:07.347,0.53,0.41,32,0.1,0.0,0.041,-36.2,-63,HAYIR,HAYIR
2026-08-19 19:47:07.407,0.53,0.41,32,0.1,0.0,0.041,-36.2,-61,HAYIR,HAYIR
2026-08-19 19:47:07.467,0.53,0.46,32,0.1,0.0,0.035,-31.5,-59,HAYIR,HAYIR
2026-08-19 19:47:07.527,0.52,0.46,32,0.1,0.0,0.041,-37.2,-58,HAYIR,HAYIR
2026-08-19 19:47:07.587,0.52,0.46,32,0.1,0.0,0.041,-37.2,-56,HAYIR,HAYIR
2026-08-19 19:47:07.647,0.52,0.46,32,0.1,0.0,0.041,-37.2,-54,HAYIR,HAYIR
2026-08-19 19:47:07.707,0.52,0.46,32,0.1,0.0,0.041,-37.2,-52,HAYIR,HAYIR
2026-08-19 19:47:07.767,0.51,0.50,32,0.0,0.0,0.000,-0.0,-51,HAYIR,HAYIR
2026-08-19 19:47:07.827,0.50,0.50,31,0.0,0.0,0.000,-0.0,-49,HAYIR,HAYIR
2026-08-19 19:47:07.887,0.50,0.50,32,0.0,0.0,0.000,-0.0,-47,HAYIR,HAYIR
2026-08-19 19:47:07.947,0.50,0.50,32,0.0,0.0,0.000,-0.0,-46,HAYIR,HAYIR
2026-08-19 19:47:08.007,0.50,0.50,32,0.0,0.0,0.000,-0.0,-44,HAYIR,HAYIR
2026-08-19 19:47:08.067,0.50,0.55,28,0.0,0.0,0.000,-0.0,-42,HAYIR,HAYIR
2026-08-19 19:47:08.127,0.49,0.55,28,0.0,0.0,0.000,-0.0,-41,HAYIR,HAYIR
2026-08-19 19:47:08.187,0.47,0.55,28,0.0,0.0,0.000,-0.0,-39,HAYIR,HAYIR
2026-08-19 19:47:08.247,0.47,0.55,28,0.0,0.0,0.000,-0.0,-37,HAYIR,HAYIR
2026-08-19 19:47:08.307,0.47,0.55,28,0.0,0.0,0.000,-0.0,-36,HAYIR,HAYIR
2026-08-19 19:47:08.367,0.48,0.55,28,0.0,0.0,0.000,-0.0,-34,HAYIR,HAYIR
2026-08-19 19:47:08.427,0.47,0.59,28,0.0,0.0,0.000,-0.0,-32,HAYIR,HAYIR
2026-08-19 19:47:08.487,0.46,0.59,28,0.0,0.0,0.000,-0.0,-31,HAYIR,HAYIR
2026-08-19 19:47:08.547,0.46,0.59,28,0.0,0.0,0.000,-0.0,-29,HAYIR,HAYIR
2026-08-19 19:47:08.607,0.46,0.59,28,0.0,0.0,0.000,-0.0,-27,HAYIR,HAYIR
2026-08-19 19:47:08.667,0.46,0.59,28,0.0,0.0,0.000,-0.0,-26,HAYIR,HAYIR
2026-08-19 19:47:08.727,0.45,0.63,28,0.0,0.0,0.000,-0.0,-24,HAYIR,HAYIR
2026-08-19 19:47:08.787,0.45,0.63,28,0.0,0.0,0.000,-0.0,-22,HAYIR,HAYIR
2026-08-19 19:47:08.847,0.43,0.63,28,0.0,0.0,0.000,-0.0,-21,HAYIR,HAYIR
2026-08-19 19:47:08.907,0.43,0.63,28,0.0,0.0,0.000,-0.0,-19,HAYIR,HAYIR
2026-08-19 19:47:08.967,0.44,0.63,28,0.0,0.0,0.000,-0.0,-17,HAYIR,HAYIR
2026-08-19 19:47:09.027,0.43,0.63,28,0.0,0.0,0.000,-0.0,-16,HAYIR,HAYIR
2026-08-19 19:47:09.087,0.43,0.63,28,0.0,0.0,0.000,-0.0,-14,HAYIR,HAYIR
2026-08-19 19:47:09.147,0.42,0.64,28,0.0,0.0,0.000,-0.0,-12,HAYIR,HAYIR
2026-08-19 19:47:09.207,0.41,0.64,28,0.0,0.0,0.000,-0.0,-10,HAYIR,HAYIR
2026-08-19 19:47:09.267,0.41,0.64,28,0.0,0.0,0.000,-0.0,-9,HAYIR,HAYIR
2026-08-19 19:47:09.327,0.41,0.64,28,0.0,0.0,0.000,-0.0,-7,HAYIR,HAYIR
2026-08-19 19:47:09.387,0.41,0.64,28,0.0,0.0,0.000,-0.0,-5,HAYIR,HAYIR
2026-08-19 19:47:09.447,0.41,0.64,28,0.0,0.0,0.000,-0.0,-4,HAYIR,HAYIR
2026-08-19 19:47:09.507,0.41,0.64,28,0.0,0.0,0.000,-0.0,-2,HAYIR,HAYIR
2026-08-19 19:47:09.567,0.38,0.64,28,0.0,0.0,0.000,-0.0,0,HAYIR,HAYIR
2026-08-19 19:47:09.627,0.39,0.64,28,0.0,0.0,0.000,-0.0,0,HAYIR,HAYIR
2026-08-19 19:47:09.687,0.39,0.64,28,0.0,0.0,0.000,-0.0,0,HAYIR,HAYIR
2026-08-19 19:47:09.747,0.39,0.62,28,0.0,0.0,0.000,-0.0,0,HAYIR,HAYIR
2026-08-19 19:47:09.807,0.39,0.62,28,0.0,0.0,0.000,-0.0,0,HAYIR,HAYIR
2026-08-19 19:47:09.867,0.36,0.62,28,0.0,0.0,0.000,-0.0,0,HAYIR,HAYIR
2026-08-19 19:47:09.927,0.35,0.62,28,0.0,0.0,0.000,-0.0,0,HAYIR,HAYIR
2026-08-19 19:47:09.987,0.35,0.62,28,0.0,0.0,0.000,-0.0,0,HAYIR,HAYIR
2026-08-19 19:47:10.047,0.37,0.62,28,0.0,0.0,0.000,-0.0,0,HAYIR,HAYIR
2026-08-19 19:47:10.107,0.37,0.60,28,0.0,0.0,0.000,-0.0,0,HAYIR,HAYIR
2026-08-19 19:47:10.167,0.35,0.60,28,0.0,0.0,0.000,-0.0,0,HAYIR,HAYIR
2026-08-19 19:47:10.227,0.35,0.60,28,0.0,0.0,0.000,-0.0,0,HAYIR,HAYIR
2026-08-19 19:47:10.287,0.35,0.60,28,0.0,0.0,0.000,-0.0,0,HAYIR,HAYIR
2026-08-19 19:47:10.347,0.36,0.60,28,0.0,0.0,0.000,-0.0,0,HAYIR,HAYIR
2026-08-19 19:47:10.407,0.36,0.58,28,0.0,0.0,0.000,-0.0,0,HAYIR,HAYIR
2026-08-19 19:47:10.467,0.35,0.58,28,0.0,0.0,0.000,-0.0,0,HAYIR,HAYIR
2026-08-19 19:47:10.527,0.32,0.58,28,0.0,0.0,0.000,-0.0,0,HAYIR,HAYIR
2026-08-19 19:47:10.587,0.32,0.58,28,0.0,0.0,0.000,-0.0,0,HAYIR,HAYIR
2026-08-19 19:47:10.647,0.34,0.58,28,0.0,0.0,0.000,-0.0,0,HAYIR,HAYIR
2026-08-19 19:47:10.707,0.34,0.58,28,0.0,0.0,0.000,-0.0,0,HAYIR,HAYIR
2026-08-19 19:47:10.767,0.34,0.56,28,0.0,0.0,0.000,-0.0,0,HAYIR,HAYIR
2026-08-19 19:47:10.827,0.31,0.56,28,0.0,0.0,0.000,-0.0,0,HAYIR,HAYIR
2026-08-19 19:47:10.887,0.31,0.56,28,0.0,0.0,0.000,-0.0,0,HAYIR,HAYIR
2026-08-19 19:47:10.947,0.31,0.56,28,0.0,0.0,0.000,-0.0,0,HAYIR,HAYIR
2026-08-19 19:47:11.007,0.31,0.56,28,0.0,0.0,0.000,-0.0,0,HAYIR,HAYIR
2026-08-19 19:47:11.067,0.32,0.56,28,0.0,0.0,0.000,-0.0,0,HAYIR,HAYIR
2026-08-19 19:47:11.127,0.32,0.54,28,0.0,0.0,0.000,-0.0,0,HAYIR,HAYIR
2026-08-19 19:47:11.187,0.29,0.54,28,0.0,0.0,0.000,-0.0,0,HAYIR,HAYIR
2026-08-19 19:47:11.247,0.29,0.54,28,0.0,0.0,0.000,-0.0,0,HAYIR,HAYIR
2026-08-19 19:47:11.307,0.29,0.54,28,0.0,0.0,0.000,-0.0,0,HAYIR,HAYIR
2026-08-19 19:47:11.367,0.31,0.54,28,0.0,0.0,0.000,-0.0,0,HAYIR,HAYIR
2026-08-19 19:47:11.427,0.31,0.52,28,0.0,0.0,0.000,-0.0,0,HAYIR,HAYIR
2026-08-19 19:47:11.487,0.31,0.52,28,0.0,0.0,0.000,-0.0,0,HAYIR,HAYIR
2026-08-19 19:47:11.547,0.28,0.52,28,0.0,0.0,0.000,-0.0,0,HAYIR,HAYIR
2026-08-19 19:47:11.607,0.27,0.52,28,0.0,0.0,0.000,-0.0,0,HAYIR,HAYIR
2026-08-19 19:47:11.667,0.29,0.52,28,0.0,0.0,0.000,-0.0,0,HAYIR,HAYIR
2026-08-19 19:47:11.727,0.29,0.50,28,0.0,0.0,0.000,-0.0,0,HAYIR,HAYIR
2026-08-19 19:47:11.787,0.29,0.50,28,0.0,0.0,0.000,-0.0,0,HAYIR,HAYIR
2026-08-19 19:47:11.847,0.27,0.50,28,0.0,0.0,0.000,-0.0,0,HAYIR,HAYIR
2026-08-19 19:47:11.907,0.27,0.50,28,0.0,0.0,0.000,-0.0,0,HAYIR,HAYIR
2026-08-19 19:47:11.967,0.27,0.50,28,0.0,0.0,0.000,-0.0,0,HAYIR,HAYIR
2026-08-19 19:47:12.027,0.28,0.50,28,0.0,0.0,0.000,-0.0,0,HAYIR,HAYIR
2026-08-19 19:47:12.087,0.28,0.49,28,0.0,0.0,0.000,-0.0,0,HAYIR,HAYIR
2026-08-19 19:47:12.147,0.25,0.49,28,0.0,0.0,0.000,-0.0,0,HAYIR,HAYIR
2026-08-19 19:47:12.207,0.25,0.49,28,0.0,0.0,0.000,-0.0,0,HAYIR,HAYIR
2026-08-19 19:47:12.267,0.25,0.49,28,0.0,0.0,0.000,-0.0,0,HAYIR,HAYIR
2026-08-19 19:47:12.327,0.27,0.49,28,0.0,0.0,0.000,-0.0,0,HAYIR,HAYIR
2026-08-19 19:47:12.387,0.27,0.49,28,0.0,0.0,0.000,-0.0,0,HAYIR,HAYIR
2026-08-19 19:47:12.447,0.26,0.49,28,0.0,0.0,0.000,-0.0,0,HAYIR,HAYIR
2026-08-19 19:47:12.507,0.26,0.49,28,0.0,0.0,0.000,-0.0,0,HAYIR,HAYIR
2026-08-19 19:47:12.567,0.24,0.49,28,0.0,0.0,0.000,-0.0,0,HAYIR,HAYIR
2026-08-19 19:47:12.627,0.23,0.49,28,0.0,0.0,0.000,-0.0,0,HAYIR,HAYIR
2026-08-19 19:47:12.687,0.23,0.49,28,0.0,0.0,0.000,-0.0,0,HAYIR,HAYIR
2026-08-19 19:47:12.747,0.25,0.47,28,0.0,0.0,0.000,-0.0,0,HAYIR,HAYIR
2026-08-19 19:47:12.807,0.25,0.47,28,0.0,0.0,0.000,-0.0,0,HAYIR,HAYIR
2026-08-19 19:47:12.867,0.23,0.47,28,0.0,0.0,0.000,-0.0,0,HAYIR,HAYIR
2026-08-19 19:47:12.927,0.23,0.47,28,0.0,0.0,0.000,-0.0,0,HAYIR,HAYIR
2026-08-19 19:47:12.987,0.23,0.47,28,0.0,0.0,0.000,-0.0,0,HAYIR,HAYIR
2026-08-19 19:47:13.047,0.24,0.47,28,0.0,0.0,0.000,-0.0,0,HAYIR,HAYIR
2026-08-19 19:47:13.107,0.24,0.45,28,0.0,0.0,0.000,-0.0,0,HAYIR,HAYIR
2026-08-19 19:47:13.167,0.23,0.45,28,0.0,0.0,0.000,-0.0,0,HAYIR,HAYIR
2026-08-19 19:47:13.227,0.21,0.45,28,0.0,0.0,0.000,-0.0,0,HAYIR,HAYIR
2026-08-19 19:47:13.287,0.21,0.45,28,0.0,0.0,0.000,-0.0,0,HAYIR,HAYIR
2026-08-19 19:47:13.347,0.22,0.45,28,0.0,0.0,0.000,-0.0,0,HAYIR,HAYIR
2026-08-19 19:47:13.407,0.22,0.43,28,0.0,0.0,0.000,-0.0,0,HAYIR,HAYIR
2026-08-19 19:47:13.467,0.22,0.43,28,0.0,0.0,0.000,-0.0,0,HAYIR,HAYIR
2026-08-19 19:47:13.527,0.21,0.43,28,0.0,0.0,0.000,-0.0,0,HAYIR,HAYIR
2026-08-19 19:47:13.587,0.21,0.43,28,0.0,0.0,0.000,-0.0,0,HAYIR,HAYIR
2026-08-19 19:47:13.647,0.21,0.43,28,0.0,0.0,0.000,-0.0,0,HAYIR,HAYIR
2026-08-19 19:47:13.707,0.21,0.43,28,0.0,0.0,0.000,-0.0,0,HAYIR,HAYIR
2026-08-19 19:47:13.767,0.21,0.42,28,0.0,0.0,0.000,-0.0,0,HAYIR,HAYIR
2026-08-19 19:47:13.827,0.19,0.42,28,0.0,0.0,0.000,-0.0,0,HAYIR,HAYIR
2026-08-19 19:47:13.887,0.19,0.42,28,0.0,0.0,0.000,-0.0,0,HAYIR,HAYIR
2026-08-19 19:47:13.947,0.20,0.42,28,0.0,0.0,0.000,-0.0,0,HAYIR,HAYIR
2026-08-19 19:47:14.007,0.20,0.42,28,0.0,0.0,0.000,-0.0,0,HAYIR,HAYIR
2026-08-19 19:47:14.067,0.20,0.42,28,0.0,0.0,0.000,-0.0,0,HAYIR,HAYIR
2026-08-19 19:47:14.127,0.19,0.40,28,0.0,0.0,0.000,-0.0,0,HAYIR,HAYIR
2026-08-19 19:47:14.187,0.19,0.40,28,0.0,0.0,0.000,-0.0,0,HAYIR,HAYIR
2026-08-19 19:47:14.247,0.19,0.40,28,0.0,0.0,0.000,-0.0,0,HAYIR,HAYIR
2026-08-19 19:47:14.307,0.19,0.40,28,0.0,0.0,0.000,-0.0,0,HAYIR,HAYIR
2026-08-19 19:47:14.367,0.19,0.40,28,0.0,0.0,0.000,-0.0,0,HAYIR,HAYIR
2026-08-19 19:47:14.427,0.19,0.38,28,0.0,0.0,0.000,-0.0,0,HAYIR,HAYIR
2026-08-19 19:47:14.487,0.19,0.38,28,0.0,0.0,0.000,-0.0,0,HAYIR,HAYIR
2026-08-19 19:47:14.547,0.17,0.38,28,0.0,0.0,0.000,-0.0,0,HAYIR,HAYIR
2026-08-19 19:47:14.607,0.17,0.38,28,0.0,0.0,0.000,-0.0,0,HAYIR,HAYIR
2026-08-19 19:47:14.667,0.18,0.38,28,0.0,0.0,0.000,-0.0,0,HAYIR,HAYIR
2026-08-19 19:47:14.727,0.18,0.38,28,0.0,0.0,0.000,-0.0,0,HAYIR,HAYIR
2026-08-19 19:47:14.787,0.18,0.37,28,0.0,0.0,0.000,-0.0,0,HAYIR,HAYIR
2026-08-19 19:47:14.847,0.16,0.37,28,0.0,0.0,0.000,-0.0,0,HAYIR,HAYIR
2026-08-19 19:47:14.907,0.16,0.37,28,0.0,0.0,0.000,-0.0,0,HAYIR,HAYIR
2026-08-19 19:47:14.967,0.16,0.37,28,0.0,0.0,0.000,-0.0,0,HAYIR,HAYIR
2026-08-19 19:47:15.027,0.17,0.37,28,0.0,0.0,0.000,-0.0,0,HAYIR,HAYIR
2026-08-19 19:47:15.087,0.17,0.35,28,0.0,0.0,0.000,-0.0,0,HAYIR,HAYIR
2026-08-19 19:47:15.147,0.16,0.35,28,0.0,0.0,0.000,-0.0,0,HAYIR,HAYIR
2026-08-19 19:47:15.207,0.16,0.35,28,0.0,0.0,0.000,-0.0,0,HAYIR,HAYIR
2026-08-19 19:47:15.267,0.16,0.35,28,0.0,0.0,0.000,-0.0,0,HAYIR,HAYIR
2026-08-19 19:47:15.327,0.16,0.35,28,0.0,0.0,0.000,-0.0,0,HAYIR,HAYIR
2026-08-19 19:47:15.387,0.16,0.35,28,0.0,0.0,0.000,-0.0,0,HAYIR,HAYIR
2026-08-19 19:47:15.447,0.15,0.35,28,0.0,0.0,0.000,-0.0,0,HAYIR,HAYIR
2026-08-19 19:47:15.507,0.14,0.35,28,0.0,0.0,0.000,-0.0,0,HAYIR,HAYIR
2026-08-19 19:47:15.567,0.14,0.35,28,0.0,0.0,0.000,-0.0,0,HAYIR,HAYIR
2026-08-19 19:47:15.627,0.15,0.35,28,0.0,0.0,0.000,-0.0,0,HAYIR,HAYIR
2026-08-19 19:47:15.687,0.15,0.35,28,0.0,0.0,0.000,-0.0,0,HAYIR,HAYIR
2026-08-19 19:47:15.747,0.15,0.35,28,0.0,0.0,0.000,-0.0,0,HAYIR,HAYIR
2026-08-19 19:47:15.807,0.15,0.34,28,0.0,0.0,0.000,-0.0,0,HAYIR,HAYIR
2026-08-19 19:47:15.867,0.14,0.34,28,0.0,0.0,0.000,-0.0,0,HAYIR,HAYIR
2026-08-19 19:47:15.927,0.13,0.34,28,0.0,0.0,0.000,-0.0,0,HAYIR,HAYIR
2026-08-19 19:47:15.987,0.13,0.34,28,0.0,0.0,0.000,-0.0,0,HAYIR,HAYIR
2026-08-19 19:47:16.047,0.14,0.34,28,0.0,0.0,0.000,-0.0,0,HAYIR,HAYIR
2026-08-19 19:47:16.107,0.14,0.32,28,0.0,0.0,0.000,-0.0,0,HAYIR,HAYIR
2026-08-19 19:47:16.167,0.13,0.32,28,0.0,0.0,0.000,-0.0,0,HAYIR,HAYIR
2026-08-19 19:47:16.227,0.13,0.32,28,0.0,0.0,0.000,-0.0,0,HAYIR,HAYIR
2026-08-19 19:47:16.287,0.13,0.32,28,0.0,0.0,0.000,-0.0,0,HAYIR,HAYIR
2026-08-19 19:47:16.347,0.13,0.32,28,0.0,0.0,0.000,-0.0,0,HAYIR,HAYIR
2026-08-19 19:47:16.407,0.13,0.31,28,0.0,0.0,0.000,-0.0,0,HAYIR,HAYIR
2026-08-19 19:47:16.467,0.13,0.31,28,0.0,0.0,0.000,-0.0,0,HAYIR,HAYIR
2026-08-19 19:47:16.527,0.12,0.31,28,0.0,0.0,0.000,-0.0,0,HAYIR,HAYIR
2026-08-19 19:47:16.587,0.12,0.31,28,0.0,0.0,0.000,-0.0,0,HAYIR,HAYIR
2026-08-19 19:47:16.647,0.12,0.31,28,0.0,0.0,0.000,-0.0,0,HAYIR,HAYIR
2026-08-19 19:47:16.707,0.12,0.31,28,0.0,0.0,0.000,-0.0,0,HAYIR,HAYIR
2026-08-19 19:47:16.767,0.12,0.30,28,0.0,0.0,0.000,-0.0,0,HAYIR,HAYIR
2026-08-19 19:47:16.827,0.11,0.30,28,0.0,0.0,0.000,-0.0,0,HAYIR,HAYIR
2026-08-19 19:47:16.887,0.11,0.30,28,0.0,0.0,0.000,-0.0,0,HAYIR,HAYIR
2026-08-19 19:47:16.947,0.11,0.30,28,0.0,0.0,0.000,-0.0,0,HAYIR,HAYIR
2026-08-19 19:47:17.007,0.11,0.30,28,0.0,0.0,0.000,-0.0,0,HAYIR,HAYIR
2026-08-19 19:47:17.067,0.11,0.29,28,0.0,0.0,0.000,-0.0,0,HAYIR,HAYIR
2026-08-19 19:47:17.127,0.09,0.29,28,0.0,0.0,0.000,-0.0,0,HAYIR,HAYIR
2026-08-19 19:47:17.187,0.06,0.29,28,0.0,0.0,0.000,-0.0,0,HAYIR,HAYIR
2026-08-19 19:47:17.247,0.09,0.29,28,0.0,0.0,0.050,-160.0,-1,HAYIR,HAYIR
2026-08-19 19:47:17.307,0.11,0.29,28,0.0,0.0,0.079,-160.0,-3,HAYIR,HAYIR
2026-08-19 19:47:17.367,0.14,0.29,28,0.0,0.0,0.079,-160.0,-4,HAYIR,HAYIR
2026-08-19 19:47:17.427,0.19,0.29,28,0.0,0.0,0.081,-160.0,-6,HAYIR,HAYIR
2026-08-19 19:47:17.487,0.21,0.29,28,0.0,0.0,0.092,-160.0,-8,HAYIR,HAYIR
2026-08-19 19:47:17.547,0.24,0.29,28,0.0,0.0,0.092,-160.0,-10,HAYIR,HAYIR
2026-08-19 19:47:17.607,0.26,0.29,28,0.0,0.0,0.092,-154.3,-11,HAYIR,HAYIR
2026-08-19 19:47:17.667,0.29,0.29,28,0.0,0.0,0.092,-142.7,-13,HAYIR,HAYIR
2026-08-19 19:47:17.727,0.34,0.29,29,0.0,0.0,0.086,-115.6,-15,HAYIR,HAYIR
2026-08-19 19:47:17.787,0.36,0.27,29,0.0,0.0,0.086,-108.2,-16,HAYIR,HAYIR
2026-08-19 19:47:17.847,0.39,0.27,29,0.0,0.0,0.092,-109.3,-18,HAYIR,HAYIR
2026-08-19 19:47:17.907,0.41,0.27,29,0.0,0.0,0.092,-103.1,-20,HAYIR,HAYIR
2026-08-19 19:47:17.967,0.44,0.27,29,0.0,0.0,0.092,-97.6,-21,HAYIR,HAYIR
2026-08-19 19:47:18.027,0.46,0.27,29,0.0,0.0,0.090,-90.3,-23,HAYIR,HAYIR
2026-08-19 19:47:18.087,0.46,0.26,30,0.0,0.0,0.091,-92.2,-25,HAYIR,HAYIR
2026-08-19 19:47:18.147,0.45,0.26,29,0.0,0.0,0.099,-100.8,-26,HAYIR,HAYIR
2026-08-19 19:47:18.207,0.45,0.26,29,0.0,0.0,0.099,-100.8,-28,HAYIR,HAYIR
2026-08-19 19:47:18.267,0.45,0.26,29,0.0,0.0,0.099,-100.8,-30,HAYIR,HAYIR
2026-08-19 19:47:18.327,0.45,0.26,29,0.0,0.0,0.065,-67.8,-31,HAYIR,HAYIR
2026-08-19 19:47:18.387,0.45,0.26,29,0.0,0.0,0.067,-69.9,-33,HAYIR,HAYIR
2026-08-19 19:47:18.447,0.45,0.26,29,0.0,0.0,0.072,-75.1,-35,HAYIR,HAYIR
2026-08-19 19:47:18.507,0.45,0.26,29,0.0,0.0,0.072,-75.1,-36,HAYIR,HAYIR
2026-08-19 19:47:18.567,0.45,0.26,29,0.0,0.0,0.072,-75.1,-38,HAYIR,HAYIR
2026-08-19 19:47:18.627,0.45,0.26,29,0.0,0.0,0.068,-71.7,-40,HAYIR,HAYIR
2026-08-19 19:47:18.687,0.44,0.26,29,0.0,0.0,0.069,-73.1,-41,HAYIR,HAYIR
2026-08-19 19:47:18.747,0.44,0.26,29,0.0,0.0,0.069,-73.1,-43,HAYIR,HAYIR
2026-08-19 19:47:18.807,0.44,0.26,29,0.0,0.0,0.078,-82.8,-45,HAYIR,HAYIR
2026-08-19 19:47:18.867,0.44,0.26,29,0.0,0.0,0.078,-82.8,-46,HAYIR,HAYIR
2026-08-19 19:47:18.927,0.44,0.26,29,0.0,0.0,0.071,-75.7,-48,HAYIR,HAYIR
2026-08-19 19:47:18.987,0.44,0.26,29,0.0,0.0,0.071,-76.1,-50,HAYIR,HAYIR
2026-08-19 19:47:19.047,0.44,0.26,29,0.1,0.0,0.071,-76.1,-52,HAYIR,HAYIR
2026-08-19 19:47:19.107,0.43,0.26,29,0.1,0.0,0.072,-77.5,-53,HAYIR,HAYIR
2026-08-19 19:47:19.167,0.43,0.26,29,0.1,0.0,0.072,-77.5,-55,HAYIR,HAYIR
2026-08-19 19:47:19.227,0.42,0.26,29,0.1,0.0,0.087,-94.3,-57,HAYIR,HAYIR
2026-08-19 19:47:19.287,0.43,0.26,30,0.1,0.0,0.072,-78.5,-58,HAYIR,HAYIR
2026-08-19 19:47:19.347,0.43,0.26,29,0.1,0.0,0.072,-78.5,-60,HAYIR,HAYIR
2026-08-19 19:47:19.407,0.43,0.26,29,0.1,0.0,0.073,-79.5,-62,HAYIR,HAYIR
2026-08-19 19:47:19.467,0.43,0.25,30,0.1,0.0,0.078,-84.7,-63,HAYIR,HAYIR
2026-08-19 19:47:19.527,0.42,0.25,30,0.1,0.0,0.087,-94.4,-65,HAYIR,HAYIR
2026-08-19 19:47:19.587,0.42,0.25,29,0.1,0.0,0.078,-85.6,-67,HAYIR,HAYIR
2026-08-19 19:47:19.647,0.42,0.25,30,0.1,0.0,0.078,-85.6,-68,HAYIR,HAYIR
2026-08-19 19:47:19.707,0.42,0.25,30,0.1,0.0,0.077,-85.6,-70,HAYIR,HAYIR
2026-08-19 19:47:19.767,0.42,0.25,30,0.1,0.0,0.077,-85.6,-72,HAYIR,HAYIR
2026-08-19 19:47:19.827,0.41,0.25,29,0.1,0.0,0.090,-99.9,-73,HAYIR,HAYIR
2026-08-19 19:47:19.887,0.41,0.25,30,0.1,0.0,0.090,-99.9,-75,HAYIR,HAYIR
2026-08-19 19:47:19.947,0.41,0.25,30,0.2,0.0,0.090,-99.9,-77,HAYIR,HAYIR
2026-08-19 19:47:20.007,0.41,0.25,30,0.2,0.0,0.077,-86.0,-78,HAYIR,HAYIR
2026-08-19 19:47:20.067,0.41,0.26,29,0.2,0.0,0.077,-86.0,-80,HAYIR,HAYIR
2026-08-19 19:47:20.127,0.41,0.26,30,0.2,0.0,0.083,-93.9,-82,HAYIR,HAYIR
2026-08-19 19:47:20.187,0.41,0.26,30,0.2,0.0,0.083,-93.9,-83,HAYIR,HAYIR
2026-08-19 19:47:20.247,0.41,0.26,30,0.2,0.0,0.083,-93.9,-85,HAYIR,HAYIR
2026-08-19 19:47:20.307,0.40,0.26,30,0.2,0.0,0.075,-85.8,-86,HAYIR,HAYIR
2026-08-19 19:47:20.367,0.40,0.26,30,0.2,0.0,0.075,-85.8,-86,HAYIR,HAYIR
2026-08-19 19:47:20.427,0.40,0.26,30,0.2,0.0,0.085,-98.3,-87,HAYIR,HAYIR
2026-08-19 19:47:20.487,0.40,0.26,30,0.2,0.0,0.085,-98.3,-89,HAYIR,HAYIR
2026-08-19 19:47:20.547,0.40,0.26,30,0.2,0.0,0.085,-98.3,-91,HAYIR,HAYIR
2026-08-19 19:47:20.607,0.40,0.26,30,0.2,0.0,0.073,-85.0,-90,HAYIR,HAYIR
2026-08-19 19:47:20.667,0.40,0.26,30,0.2,0.0,0.083,-96.3,-92,HAYIR,HAYIR
2026-08-19 19:47:20.727,0.39,0.26,30,0.2,0.0,0.082,-96.1,-94,HAYIR,HAYIR
2026-08-19 19:47:20.787,0.39,0.27,30,0.2,0.0,0.081,-95.4,-95,HAYIR,HAYIR
2026-08-19 19:47:20.847,0.39,0.27,30,0.2,0.0,0.099,-115.8,-96,HAYIR,HAYIR
2026-08-19 19:47:20.907,0.39,0.27,30,0.2,0.0,0.099,-115.8,-98,HAYIR,HAYIR
2026-08-19 19:47:20.967,0.39,0.27,30,0.2,0.0,0.099,-115.8,-100,HAYIR,HAYIR
2026-08-19 19:47:21.027,0.39,0.27,30,0.2,0.0,0.077,-92.5,-98,HAYIR,HAYIR
2026-08-19 19:47:21.087,0.38,0.27,30,0.2,0.0,0.076,-91.6,-96,HAYIR,HAYIR
2026-08-19 19:47:21.147,0.38,0.27,30,0.2,0.0,0.085,-102.0,-97,HAYIR,HAYIR
2026-08-19 19:47:21.207,0.38,0.27,30,0.2,0.0,0.085,-102.0,-99,HAYIR,HAYIR
2026-08-19 19:47:21.267,0.38,0.27,30,0.2,0.0,0.085,-102.0,-100,HAYIR,HAYIR
2026-08-19 19:47:21.327,0.38,0.27,30,0.2,0.0,0.072,-88.8,-99,HAYIR,HAYIR
2026-08-19 19:47:21.387,0.37,0.27,30,0.2,0.0,0.071,-88.1,-97,HAYIR,HAYIR
2026-08-19 19:47:21.447,0.37,0.29,30,0.2,0.0,0.071,-88.1,-95,HAYIR,HAYIR
2026-08-19 19:47:21.507,0.37,0.29,30,0.2,0.0,0.082,-101.5,-96,HAYIR,HAYIR
2026-08-19 19:47:21.567,0.37,0.29,30,0.2,0.0,0.082,-101.5,-98,HAYIR,HAYIR
2026-08-19 19:47:21.627,0.37,0.29,30,0.2,0.0,0.067,-84.2,-96,HAYIR,HAYIR
2026-08-19 19:47:21.687,0.36,0.29,30,0.2,0.0,0.064,-81.9,-94,HAYIR,HAYIR
2026-08-19 19:47:21.747,0.36,0.30,30,0.2,0.0,0.060,-76.3,-93,HAYIR,HAYIR
2026-08-19 19:47:21.807,0.36,0.30,30,0.2,0.0,0.065,-83.4,-91,HAYIR,HAYIR
2026-08-19 19:47:21.867,0.36,0.30,30,0.2,0.0,0.065,-83.4,-89,HAYIR,HAYIR
2026-08-19 19:47:21.927,0.36,0.30,30,0.2,0.0,0.065,-83.4,-88,HAYIR,HAYIR
2026-08-19 19:47:21.987,0.36,0.30,30,0.2,0.0,0.054,-70.2,-86,HAYIR,HAYIR
2026-08-19 19:47:22.047,0.36,0.31,30,0.2,0.0,0.054,-70.2,-84,HAYIR,HAYIR
2026-08-19 19:47:22.107,0.36,0.31,30,0.2,0.0,0.054,-70.2,-82,HAYIR,HAYIR
2026-08-19 19:47:22.167,0.35,0.31,30,0.2,0.0,0.061,-81.8,-82,HAYIR,HAYIR
2026-08-19 19:47:22.227,0.35,0.31,30,0.2,0.0,0.061,-81.8,-82,HAYIR,HAYIR
2026-08-19 19:47:22.287,0.35,0.31,30,0.2,0.0,0.047,-63.8,-81,HAYIR,HAYIR
2026-08-19 19:47:22.347,0.35,0.31,30,0.2,0.0,0.047,-63.8,-80,HAYIR,HAYIR
2026-08-19 19:47:22.407,0.34,0.31,30,0.2,0.0,0.044,-60.3,-78,HAYIR,HAYIR
2026-08-19 19:47:22.467,0.34,0.31,30,0.1,0.0,0.044,-60.3,-76,HAYIR,HAYIR
2026-08-19 19:47:22.527,0.33,0.31,30,0.2,0.0,0.055,-78.0,-78,HAYIR,HAYIR
2026-08-19 19:47:22.587,0.33,0.31,30,0.2,0.0,0.055,-78.0,-78,HAYIR,HAYIR
2026-08-19 19:47:22.647,0.33,0.31,30,0.2,0.0,0.055,-78.0,-78,HAYIR,HAYIR
2026-08-19 19:47:22.707,0.34,0.31,30,0.2,0.0,0.040,-55.7,-77,HAYIR,HAYIR
2026-08-19 19:47:22.767,0.34,0.31,30,0.1,0.0,0.040,-55.7,-75,HAYIR,HAYIR
2026-08-19 19:47:22.827,0.33,0.31,29,0.1,0.0,0.050,-70.9,-74,HAYIR,HAYIR
2026-08-19 19:47:22.887,0.33,0.31,30,0.1,0.0,0.050,-70.9,-72,HAYIR,HAYIR
2026-08-19 19:47:22.947,0.33,0.31,30,0.1,0.0,0.050,-70.9,-71,HAYIR,HAYIR
2026-08-19 19:47:23.007,0.33,0.31,30,0.1,0.0,0.042,-59.9,-70,HAYIR,HAYIR
2026-08-19 19:47:23.067,0.33,0.31,30,0.1,0.0,0.042,-59.9,-68,HAYIR,HAYIR
2026-08-19 19:47:23.127,0.32,0.33,28,0.1,0.0,0.043,-64.1,-66,HAYIR,HAYIR
2026-08-19 19:47:23.187,0.32,0.33,28,0.1,0.0,0.043,-64.1,-65,HAYIR,HAYIR
2026-08-19 19:47:23.247,0.32,0.33,28,0.1,0.0,0.043,-64.1,-64,HAYIR,HAYIR
2026-08-19 19:47:23.307,0.32,0.33,28,0.1,0.0,0.036,-52.7,-63,HAYIR,HAYIR
2026-08-19 19:47:23.367,0.32,0.33,28,0.1,0.0,0.036,-52.7,-61,HAYIR,HAYIR
2026-08-19 19:47:23.427,0.31,0.34,28,0.1,0.0,0.034,-51.3,-60,HAYIR,HAYIR
2026-08-19 19:47:23.487,0.31,0.34,28,0.1,0.0,0.034,-51.3,-58,HAYIR,HAYIR
2026-08-19 19:47:23.547,0.31,0.34,28,0.1,0.0,0.034,-51.3,-56,HAYIR,HAYIR
2026-08-19 19:47:23.607,0.31,0.34,28,0.1,0.0,0.000,-0.0,-55,HAYIR,HAYIR
2026-08-19 19:47:23.667,0.31,0.34,28,0.1,0.0,0.000,-0.0,-53,HAYIR,HAYIR
2026-08-19 19:47:23.727,0.30,0.35,28,0.0,0.0,0.000,-0.0,-51,HAYIR,HAYIR
2026-08-19 19:47:23.787,0.30,0.35,28,0.0,0.0,0.000,-0.0,-50,HAYIR,HAYIR
2026-08-19 19:47:23.847,0.30,0.35,28,0.0,0.0,0.000,-0.0,-48,HAYIR,HAYIR
2026-08-19 19:47:23.907,0.30,0.35,28,0.0,0.0,0.000,-0.0,-46,HAYIR,HAYIR
2026-08-19 19:47:23.967,0.30,0.35,28,0.0,0.0,0.000,-0.0,-44,HAYIR,HAYIR
2026-08-19 19:47:24.027,0.29,0.35,28,0.0,0.0,0.000,-0.0,-43,HAYIR,HAYIR
2026-08-19 19:47:24.087,0.29,0.35,28,0.0,0.0,0.000,-0.0,-41,HAYIR,HAYIR
2026-08-19 19:47:24.147,0.29,0.36,28,0.0,0.0,0.000,-0.0,-39,HAYIR,HAYIR
2026-08-19 19:47:24.207,0.27,0.36,28,0.0,0.0,0.000,-0.0,-38,HAYIR,HAYIR
2026-08-19 19:47:24.267,0.27,0.36,28,0.0,0.0,0.000,-0.0,-36,HAYIR,HAYIR
2026-08-19 19:47:24.327,0.28,0.36,28,0.0,0.0,0.000,-0.0,-34,HAYIR,HAYIR
2026-08-19 19:47:24.387,0.28,0.36,28,0.0,0.0,0.000,-0.0,-33,HAYIR,HAYIR
2026-08-19 19:47:24.447,0.28,0.34,28,0.0,0.0,0.000,-0.0,-31,HAYIR,HAYIR
2026-08-19 19:47:24.507,0.27,0.34,28,0.0,0.0,0.000,-0.0,-29,HAYIR,HAYIR
2026-08-19 19:47:24.567,0.27,0.34,28,0.0,0.0,0.000,-0.0,-28,HAYIR,HAYIR
2026-08-19 19:47:24.627,0.28,0.34,28,0.0,0.0,0.000,-0.0,-26,HAYIR,HAYIR
2026-08-19 19:47:24.687,0.27,0.34,28,0.0,0.0,0.000,-0.0,-24,HAYIR,HAYIR
2026-08-19 19:47:24.747,0.27,0.33,28,0.0,0.0,0.000,-0.0,-23,HAYIR,HAYIR
2026-08-19 19:47:24.807,0.27,0.33,28,0.0,0.0,0.000,-0.0,-21,HAYIR,HAYIR
2026-08-19 19:47:24.867,0.26,0.33,28,0.0,0.0,0.000,-0.0,-19,HAYIR,HAYIR
2026-08-19 19:47:24.927,0.26,0.33,28,0.0,0.0,0.000,-0.0,-18,HAYIR,HAYIR
2026-08-19 19:47:24.987,0.26,0.33,28,0.0,0.0,0.000,-0.0,-16,HAYIR,HAYIR
2026-08-19 19:47:25.047,0.26,0.33,28,0.0,0.0,0.000,-0.0,-14,HAYIR,HAYIR
2026-08-19 19:47:25.107,0.26,0.33,28,0.0,0.0,0.000,-0.0,-13,HAYIR,HAYIR
2026-08-19 19:47:25.167,0.25,0.33,28,0.0,0.0,0.000,-0.0,-11,HAYIR,HAYIR
2026-08-19 19:47:25.227,0.25,0.33,28,0.0,0.0,0.000,-0.0,-9,HAYIR,HAYIR
2026-08-19 19:47:25.287,0.26,0.33,28,0.0,0.0,0.000,-0.0,-8,HAYIR,HAYIR
2026-08-19 19:47:25.347,0.26,0.33,28,0.0,0.0,0.000,-0.0,-6,HAYIR,HAYIR
2026-08-19 19:47:25.407,0.25,0.30,28,0.0,0.0,0.000,-0.0,-4,HAYIR,HAYIR
2026-08-19 19:47:25.467,0.24,0.30,28,0.0,0.0,0.000,-0.0,-2,HAYIR,HAYIR
2026-08-19 19:47:25.527,0.24,0.30,28,0.0,0.0,0.000,-0.0,-1,HAYIR,HAYIR
2026-08-19 19:47:25.587,0.25,0.30,28,0.0,0.0,0.000,-0.0,0,HAYIR,HAYIR
2026-08-19 19:47:25.647,0.25,0.30,28,0.0,0.0,0.000,-0.0,0,HAYIR,HAYIR
2026-08-19 19:47:25.707,0.25,0.30,28,0.0,0.0,0.000,-0.0,0,HAYIR,HAYIR
2026-08-19 19:47:25.767,0.25,0.29,28,0.0,0.0,0.000,-0.0,0,HAYIR,HAYIR
2026-08-19 19:47:25.827,0.22,0.29,28,0.0,0.0,0.000,-0.0,0,HAYIR,HAYIR
2026-08-19 19:47:25.887,0.22,0.29,28,0.0,0.0,0.000,-0.0,0,HAYIR,HAYIR
2026-08-19 19:47:25.947,0.22,0.29,28,0.0,0.0,0.000,-0.0,0,HAYIR,HAYIR
2026-08-19 19:47:26.007,0.24,0.29,28,0.0,0.0,0.000,-0.0,0,HAYIR,HAYIR
2026-08-19 19:47:26.067,0.24,0.29,28,0.0,0.0,0.000,-0.0,0,HAYIR,HAYIR
2026-08-19 19:47:26.127,0.23,0.26,28,0.0,0.0,0.000,-0.0,0,HAYIR,HAYIR
2026-08-19 19:47:26.187,0.23,0.26,28,0.0,0.0,0.000,-0.0,0,HAYIR,HAYIR
2026-08-19 19:47:26.247,0.23,0.26,28,0.0,0.0,0.000,-0.0,0,HAYIR,HAYIR
2026-08-19 19:47:26.307,0.23,0.26,28,0.0,0.0,0.000,-0.0,0,HAYIR,HAYIR
2026-08-19 19:47:26.367,0.23,0.26,28,0.0,0.0,0.000,-0.0,0,HAYIR,HAYIR
2026-08-19 19:47:26.427,0.23,0.24,28,0.0,0.0,0.000,-0.0,0,HAYIR,HAYIR
2026-08-19 19:47:26.487,0.22,0.24,28,0.0,0.0,0.000,-0.0,0,HAYIR,HAYIR
2026-08-19 19:47:26.547,0.22,0.24,28,0.0,0.0,0.000,-0.0,0,HAYIR,HAYIR
2026-08-19 19:47:26.607,0.23,0.24,28,0.0,0.0,0.000,-0.0,0,HAYIR,HAYIR
2026-08-19 19:47:26.667,0.23,0.24,28,0.0,0.0,0.000,-0.0,0,HAYIR,HAYIR
2026-08-19 19:47:26.727,0.23,0.22,30,0.0,0.0,0.000,-0.0,0,HAYIR,HAYIR
2026-08-19 19:47:26.787,0.22,0.22,28,0.0,0.0,0.000,-0.0,0,HAYIR,HAYIR
2026-08-19 19:47:26.847,0.22,0.22,28,0.0,0.0,0.000,-0.0,0,HAYIR,HAYIR
2026-08-19 19:47:26.907,0.22,0.22,28,0.0,0.0,0.000,-0.0,0,HAYIR,HAYIR
2026-08-19 19:47:26.967,0.22,0.22,28,0.0,0.0,0.000,-0.0,0,HAYIR,HAYIR
2026-08-19 19:47:27.027,0.22,0.22,28,0.0,0.0,0.000,-0.0,0,HAYIR,HAYIR
2026-08-19 19:47:27.087,0.22,0.21,29,0.0,0.0,0.000,-0.0,0,HAYIR,HAYIR
2026-08-19 19:47:27.147,0.21,0.21,28,0.0,0.0,0.000,-0.0,0,HAYIR,HAYIR
2026-08-19 19:47:27.207,0.21,0.21,28,0.0,0.0,0.000,-0.0,0,HAYIR,HAYIR
2026-08-19 19:47:27.267,0.21,0.21,28,0.0,0.0,0.000,-0.0,0,HAYIR,HAYIR
2026-08-19 19:47:27.327,0.22,0.21,29,0.0,0.0,0.000,-0.0,0,HAYIR,HAYIR
2026-08-19 19:47:27.387,0.22,0.21,29,0.0,0.0,0.000,-0.0,0,HAYIR,HAYIR
2026-08-19 19:47:27.447,0.22,0.19,30,0.0,0.0,0.000,-0.0,0,HAYIR,HAYIR
2026-08-19 19:47:27.507,0.22,0.19,29,0.0,0.0,0.000,-0.0,0,HAYIR,HAYIR
2026-08-19 19:47:27.567,0.20,0.19,29,0.0,0.0,0.000,-0.0,0,HAYIR,HAYIR
2026-08-19 19:47:27.627,0.20,0.19,29,0.0,0.0,0.000,-0.0,0,HAYIR,HAYIR
2026-08-19 19:47:27.687,0.21,0.19,30,0.0,0.0,0.000,-0.0,0,HAYIR,HAYIR
2026-08-19 19:47:27.747,0.21,0.19,29,0.0,0.0,0.000,-0.0,0,HAYIR,HAYIR
2026-08-19 19:47:27.807,0.21,0.17,29,0.0,0.0,0.000,-0.0,0,HAYIR,HAYIR
2026-08-19 19:47:27.867,0.21,0.17,29,0.0,0.0,0.000,-0.0,0,HAYIR,HAYIR
2026-08-19 19:47:27.927,0.21,0.17,29,0.0,0.0,0.000,-0.0,0,HAYIR,HAYIR
2026-08-19 19:47:27.987,0.21,0.17,30,0.0,0.0,0.000,-0.0,0,HAYIR,HAYIR
2026-08-19 19:47:28.047,0.21,0.17,29,0.0,0.0,0.000,-0.0,0,HAYIR,HAYIR
2026-08-19 19:47:28.107,0.21,0.16,29,0.0,0.0,0.000,-0.0,0,HAYIR,HAYIR
2026-08-19 19:47:28.167,0.20,0.16,29,0.0,0.0,0.000,-0.0,0,HAYIR,HAYIR
2026-08-19 19:47:28.227,0.20,0.16,29,0.0,0.0,0.000,-0.0,0,HAYIR,HAYIR
2026-08-19 19:47:28.287,0.20,0.16,30,0.0,0.0,0.000,-0.0,0,HAYIR,HAYIR
2026-08-19 19:47:28.347,0.20,0.16,29,0.0,0.0,0.000,-0.0,0,HAYIR,HAYIR
2026-08-19 19:47:28.407,0.20,0.16,30,0.0,0.0,0.000,-0.0,0,HAYIR,HAYIR
2026-08-19 19:47:28.467,0.20,0.16,29,0.0,0.0,0.000,-0.0,0,HAYIR,HAYIR
2026-08-19 19:47:28.527,0.20,0.16,29,0.0,0.0,0.000,-0.0,0,HAYIR,HAYIR
2026-08-19 19:47:28.587,0.20,0.16,29,0.0,0.0,0.000,-0.0,0,HAYIR,HAYIR
2026-08-19 19:47:28.647,0.20,0.16,29,0.0,0.0,0.000,-0.0,0,HAYIR,HAYIR
2026-08-19 19:47:28.707,0.20,0.16,29,0.0,0.0,0.000,-0.0,0,HAYIR,HAYIR
2026-08-19 19:47:28.767,0.20,0.18,29,0.0,0.0,0.000,-0.0,0,HAYIR,HAYIR
2026-08-19 19:47:28.827,0.20,0.18,29,0.0,0.0,0.000,-0.0,0,HAYIR,HAYIR
2026-08-19 19:47:28.887,0.19,0.18,29,0.0,0.0,0.000,-0.0,0,HAYIR,HAYIR
2026-08-19 19:47:28.947,0.19,0.18,29,0.0,0.0,0.000,-0.0,0,HAYIR,HAYIR
2026-08-19 19:47:29.007,0.19,0.18,29,0.0,0.0,0.000,-0.0,0,HAYIR,HAYIR
2026-08-19 19:47:29.067,0.19,0.18,29,0.0,0.0,0.000,-0.0,0,HAYIR,HAYIR
2026-08-19 19:47:29.127,0.19,0.18,29,0.0,0.0,0.000,-0.0,0,HAYIR,HAYIR
2026-08-19 19:47:29.187,0.19,0.18,29,0.0,0.0,0.000,-0.0,0,HAYIR,HAYIR
2026-08-19 19:47:29.247,0.19,0.18,29,0.0,0.0,0.000,-0.0,0,HAYIR,HAYIR
2026-08-19 19:47:29.307,0.18,0.18,29,0.0,0.0,0.000,-0.0,0,HAYIR,HAYIR
2026-08-19 19:47:29.367,0.18,0.18,29,0.0,0.0,0.000,-0.0,0,HAYIR,HAYIR
2026-08-19 19:47:29.427,0.18,0.20,28,0.0,0.0,0.000,-0.0,0,HAYIR,HAYIR
2026-08-19 19:47:29.487,0.18,0.20,28,0.0,0.0,0.000,-0.0,0,HAYIR,HAYIR
2026-08-19 19:47:29.547,0.18,0.20,28,0.0,0.0,0.000,-0.0,0,HAYIR,HAYIR
2026-08-19 19:47:29.607,0.18,0.20,28,0.0,0.0,0.000,-0.0,0,HAYIR,HAYIR
2026-08-19 19:47:29.667,0.18,0.20,28,0.0,0.0,0.000,-0.0,0,HAYIR,HAYIR
2026-08-19 19:47:29.727,0.17,0.20,28,0.0,0.0,0.000,-0.0,0,HAYIR,HAYIR
2026-08-19 19:47:29.787,0.17,0.21,28,0.0,0.0,0.000,-0.0,0,HAYIR,HAYIR
2026-08-19 19:47:29.847,0.17,0.21,28,0.0,0.0,0.000,-0.0,0,HAYIR,HAYIR
2026-08-19 19:47:29.907,0.17,0.21,28,0.0,0.0,0.000,-0.0,0,HAYIR,HAYIR
2026-08-19 19:47:29.967,0.17,0.21,28,0.0,0.0,0.000,-0.0,0,HAYIR,HAYIR
2026-08-19 19:47:30.027,0.17,0.21,28,0.0,0.0,0.000,-0.0,0,HAYIR,HAYIR
2026-08-19 19:47:30.087,0.17,0.23,28,0.0,0.0,0.000,-0.0,0,HAYIR,HAYIR
2026-08-19 19:47:30.147,0.17,0.23,28,0.0,0.0,0.000,-0.0,0,HAYIR,HAYIR
2026-08-19 19:47:30.207,0.17,0.23,28,0.0,0.0,0.000,-0.0,0,HAYIR,HAYIR
2026-08-19 19:47:30.267,0.17,0.23,28,0.0,0.0,0.000,-0.0,0,HAYIR,HAYIR
2026-08-19 19:47:30.327,0.16,0.23,28,0.0,0.0,0.000,-0.0,0,HAYIR,HAYIR
2026-08-19 19:47:30.387,0.16,0.23,28,0.0,0.0,0.000,-0.0,0,HAYIR,HAYIR
2026-08-19 19:47:30.447,0.16,0.23,28,0.0,0.0,0.000,-0.0,0,HAYIR,HAYIR
2026-08-19 19:47:30.507,0.16,0.23,28,0.0,0.0,0.000,-0.0,0,HAYIR,HAYIR
2026-08-19 19:47:30.567,0.16,0.23,28,0.0,0.0,0.000,-0.0,0,HAYIR,HAYIR
2026-08-19 19:47:30.627,0.15,0.23,28,0.0,0.0,0.000,-0.0,0,HAYIR,HAYIR
2026-08-19 19:47:30.687,0.15,0.23,28,0.0,0.0,0.000,-0.0,0,HAYIR,HAYIR
2026-08-19 19:47:30.747,0.15,0.23,28,0.0,0.0,0.000,-0.0,0,HAYIR,HAYIR
2026-08-19 19:47:30.807,0.15,0.23,28,0.0,0.0,0.000,-0.0,0,HAYIR,HAYIR
2026-08-19 19:47:30.867,0.14,0.23,28,0.0,0.0,0.000,-0.0,0,HAYIR,HAYIR
2026-08-19 19:47:30.927,0.14,0.23,28,0.0,0.0,0.000,-0.0,0,HAYIR,HAYIR
2026-08-19 19:47:30.987,0.14,0.23,28,0.0,0.0,0.000,-0.0,0,HAYIR,HAYIR
2026-08-19 19:47:31.047,0.14,0.23,28,0.0,0.0,0.000,-0.0,0,HAYIR,HAYIR
2026-08-19 19:47:31.107,0.14,0.23,28,0.0,0.0,0.000,-0.0,0,HAYIR,HAYIR
2026-08-19 19:47:31.167,0.14,0.23,28,0.0,0.0,0.000,-0.0,0,HAYIR,HAYIR
2026-08-19 19:47:31.227,0.14,0.23,28,0.0,0.0,0.000,-0.0,0,HAYIR,HAYIR
2026-08-19 19:47:31.287,0.14,0.23,28,0.0,0.0,0.000,-0.0,0,HAYIR,HAYIR
2026-08-19 19:47:31.347,0.14,0.23,28,0.0,0.0,0.000,-0.0,0,HAYIR,HAYIR
2026-08-19 19:47:31.407,0.14,0.23,28,0.0,0.0,0.000,-0.0,0,HAYIR,HAYIR
2026-08-19 19:47:31.467,0.14,0.23,28,0.0,0.0,0.000,-0.0,0,HAYIR,HAYIR
2026-08-19 19:47:31.527,0.13,0.23,28,0.0,0.0,0.000,-0.0,0,HAYIR,HAYIR
2026-08-19 19:47:31.587,0.13,0.23,28,0.0,0.0,0.000,-0.0,0,HAYIR,HAYIR
2026-08-19 19:47:31.647,0.13,0.23,28,0.0,0.0,0.000,-0.0,0,HAYIR,HAYIR
2026-08-19 19:47:31.707,0.13,0.23,28,0.0,0.0,0.000,-0.0,0,HAYIR,HAYIR
2026-08-19 19:47:31.767,0.13,0.23,28,0.0,0.0,0.000,-0.0,0,HAYIR,HAYIR
2026-08-19 19:47:31.827,0.12,0.23,28,0.0,0.0,0.000,-0.0,0,HAYIR,HAYIR
2026-08-19 19:47:31.887,0.12,0.23,28,0.0,0.0,0.000,-0.0,0,HAYIR,HAYIR
2026-08-19 19:47:31.947,0.12,0.23,28,0.0,0.0,0.000,-0.0,0,HAYIR,HAYIR
2026-08-19 19:47:32.007,0.12,0.23,28,0.0,0.0,0.000,-0.0,0,HAYIR,HAYIR
2026-08-19 19:47:32.067,0.12,0.23,28,0.0,0.0,0.000,-0.0,0,HAYIR,HAYIR
2026-08-19 19:47:32.127,0.11,0.23,28,0.0,0.0,0.000,-0.0,0,HAYIR,HAYIR
2026-08-19 19:47:32.187,0.11,0.23,28,0.0,0.0,0.000,-0.0,0,HAYIR,HAYIR
2026-08-19 19:47:32.247,0.11,0.23,28,0.0,0.0,0.000,-0.0,0,HAYIR,HAYIR
2026-08-19 19:47:32.307,0.12,0.23,28,0.0,0.0,0.000,-0.0,0,HAYIR,HAYIR
2026-08-19 19:47:32.367,0.12,0.23,28,0.0,0.0,0.000,-0.0,0,HAYIR,HAYIR
2026-08-19 19:47:32.427,0.12,0.23,28,0.0,0.0,0.000,-0.0,0,HAYIR,HAYIR
2026-08-19 19:47:32.487,0.12,0.21,28,0.0,0.0,0.000,-0.0,0,HAYIR,HAYIR
2026-08-19 19:47:32.547,0.10,0.21,28,0.0,0.0,0.000,-0.0,0,HAYIR,HAYIR
2026-08-19 19:47:32.607,0.10,0.21,28,0.0,0.0,0.000,-0.0,0,HAYIR,HAYIR
2026-08-19 19:47:32.667,0.10,0.21,28,0.0,0.0,0.000,-0.0,0,HAYIR,HAYIR
2026-08-19 19:47:32.727,0.11,0.21,28,0.0,0.0,0.000,-0.0,0,HAYIR,HAYIR
2026-08-19 19:47:32.787,0.11,0.20,28,0.0,0.0,0.000,-0.0,0,HAYIR,HAYIR
2026-08-19 19:47:32.847,0.09,0.20,28,0.0,0.0,0.000,-0.0,0,HAYIR,HAYIR
2026-08-19 19:47:32.907,0.06,0.20,28,0.0,0.0,0.000,-0.0,0,HAYIR,HAYIR
2026-08-19 19:47:32.967,0.04,0.20,28,0.0,0.0,0.000,-0.0,0,HAYIR,HAYIR
2026-08-19 19:47:33.027,0.00,0.20,0,0.0,0.0,0.000,0.0,0,EVET,HAYIR
2026-08-19 19:47:33.087,0.00,0.18,0,0.0,0.0,0.000,0.0,0,EVET,HAYIR
2026-08-19 19:47:33.147,0.00,0.18,0,0.0,0.0,0.000,0.0,0,EVET,HAYIR
2026-08-19 19:47:33.207,0.00,0.18,0,0.0,0.0,0.000,0.0,0,EVET,HAYIR
2026-08-19 19:47:33.267,0.00,0.18,0,0.0,0.0,0.000,0.0,0,EVET,HAYIR
2026-08-19 19:47:42.927,0.03,0.00,28,0.0,0.0,0.050,-160.0,-1,HAYIR,HAYIR
2026-08-19 19:47:42.987,0.05,0.00,29,0.0,0.1,0.100,-160.0,-2,HAYIR,HAYIR
2026-08-19 19:47:43.047,0.08,0.00,29,0.0,0.2,0.150,-160.0,-4,HAYIR,HAYIR
2026-08-19 19:47:43.107,0.10,0.00,29,0.0,0.3,0.200,-160.0,-6,HAYIR,HAYIR
2026-08-19 19:47:43.167,0.12,0.00,29,0.0,0.3,0.250,-160.0,-7,HAYIR,HAYIR
2026-08-19 19:47:43.227,0.17,0.00,29,0.0,0.4,0.293,-160.0,-9,HAYIR,HAYIR
2026-08-19 19:47:43.287,0.20,0.00,29,0.0,0.5,0.292,-160.0,-11,HAYIR,HAYIR
2026-08-19 19:47:43.347,0.22,0.00,29,0.0,0.6,0.292,-160.0,-12,HAYIR,HAYIR
2026-08-19 19:47:43.407,0.25,0.00,30,0.0,0.6,0.292,-160.0,-14,HAYIR,HAYIR
2026-08-19 19:47:43.467,0.27,0.00,30,0.0,0.7,0.292,-160.0,-16,HAYIR,HAYIR
2026-08-19 19:47:43.527,0.33,0.00,30,0.0,0.8,0.293,-160.0,-17,HAYIR,HAYIR
2026-08-19 19:47:43.587,0.35,0.00,30,0.0,0.9,0.292,-160.0,-19,HAYIR,HAYIR
2026-08-19 19:47:43.647,0.38,0.00,30,0.0,1.0,0.292,-160.0,-21,HAYIR,HAYIR
2026-08-19 19:47:43.707,0.40,0.00,30,0.0,1.0,0.292,-160.0,-22,HAYIR,HAYIR
2026-08-19 19:47:43.767,0.43,0.00,31,0.0,1.1,0.292,-160.0,-24,HAYIR,HAYIR
2026-08-19 19:47:43.827,0.48,0.00,31,0.0,1.2,0.293,-160.0,-26,HAYIR,HAYIR
2026-08-19 19:47:43.887,0.50,0.00,31,0.0,1.3,0.292,-160.0,-27,HAYIR,HAYIR
2026-08-19 19:47:43.947,0.53,0.00,31,0.0,1.4,0.292,-160.0,-29,HAYIR,HAYIR
2026-08-19 19:47:44.007,0.55,0.00,31,0.0,1.4,0.292,-160.0,-31,HAYIR,HAYIR
2026-08-19 19:47:44.067,0.58,0.00,31,0.0,1.5,0.292,-160.0,-32,HAYIR,HAYIR
2026-08-19 19:47:44.127,0.63,0.00,32,0.0,1.6,0.293,-160.0,-34,HAYIR,HAYIR
2026-08-19 19:47:44.187,0.65,0.00,32,0.0,1.7,0.293,-160.0,-36,HAYIR,HAYIR
2026-08-19 19:47:44.247,0.68,0.00,32,0.0,1.7,0.293,-160.0,-38,HAYIR,HAYIR
2026-08-19 19:47:44.307,0.70,0.00,32,0.0,1.8,0.291,-160.0,-39,HAYIR,HAYIR
2026-08-19 19:47:44.367,0.73,0.00,32,0.0,1.9,0.291,-160.0,-41,HAYIR,HAYIR
2026-08-19 19:47:44.427,0.74,0.00,32,0.0,2.0,0.292,-160.0,-43,HAYIR,HAYIR
2026-08-19 19:47:44.487,0.74,0.00,33,0.0,2.1,0.293,-160.0,-44,HAYIR,HAYIR
2026-08-19 19:47:44.547,0.74,0.00,33,0.0,2.1,0.293,-160.0,-46,HAYIR,HAYIR
2026-08-19 19:47:44.607,0.74,0.00,33,0.0,2.2,0.293,-160.0,-48,HAYIR,HAYIR
2026-08-19 19:47:44.667,0.74,0.00,33,0.0,2.3,0.293,-160.0,-49,HAYIR,HAYIR
2026-08-19 19:47:44.727,0.73,0.00,33,0.0,2.4,0.291,-160.0,-51,HAYIR,HAYIR
2026-08-19 19:47:44.787,0.73,0.02,33,0.1,2.4,0.291,-160.0,-53,HAYIR,HAYIR
2026-08-19 19:47:44.847,0.74,0.02,33,0.1,2.5,0.293,-160.0,-54,HAYIR,HAYIR
2026-08-19 19:47:44.907,0.74,0.02,33,0.1,2.6,0.293,-160.0,-56,HAYIR,HAYIR
2026-08-19 19:47:44.967,0.74,0.02,34,0.1,2.7,0.293,-160.0,-58,HAYIR,HAYIR
2026-08-19 19:47:45.027,0.72,0.02,34,0.1,2.8,0.290,-160.0,-59,HAYIR,HAYIR
2026-08-19 19:47:45.087,0.73,0.05,34,0.1,2.8,0.295,-160.0,-61,HAYIR,HAYIR
2026-08-19 19:47:45.147,0.72,0.05,34,0.1,2.9,0.292,-160.0,-63,HAYIR,HAYIR
2026-08-19 19:47:45.207,0.72,0.05,34,0.1,3.0,0.292,-160.0,-64,HAYIR,HAYIR
2026-08-19 19:47:45.267,0.75,0.05,35,0.1,3.1,0.277,-159.9,-66,HAYIR,HAYIR
2026-08-19 19:47:45.327,0.79,0.05,35,0.1,3.1,0.284,-156.0,-68,HAYIR,HAYIR
2026-08-19 19:47:45.387,0.79,0.09,30,0.1,0.0,0.288,-157.7,-69,HAYIR,HAYIR
2026-08-19 19:47:45.447,0.80,0.09,31,0.1,0.0,0.291,-158.3,-71,HAYIR,HAYIR
2026-08-19 19:47:45.507,0.80,0.09,31,0.1,0.0,0.291,-158.3,-73,HAYIR,HAYIR
2026-08-19 19:47:45.567,0.80,0.09,32,0.1,0.0,0.291,-158.3,-74,HAYIR,HAYIR
2026-08-19 19:47:45.627,0.79,0.09,32,0.1,0.0,0.290,-159.7,-76,HAYIR,HAYIR
2026-08-19 19:47:45.687,0.77,0.09,31,0.2,0.0,0.290,-160.0,-78,HAYIR,HAYIR
2026-08-19 19:47:45.747,0.77,0.17,32,0.2,0.0,0.290,-160.0,-80,HAYIR,HAYIR
2026-08-19 19:47:45.807,0.78,0.17,32,0.2,0.0,0.293,-160.0,-81,HAYIR,HAYIR
2026-08-19 19:47:45.867,0.78,0.17,32,0.2,0.0,0.293,-160.0,-83,HAYIR,HAYIR
2026-08-19 19:47:45.927,0.76,0.17,32,0.2,0.0,0.292,-160.0,-85,HAYIR,HAYIR
2026-08-19 19:47:45.987,0.75,0.17,31,0.2,0.0,0.291,-160.0,-86,HAYIR,HAYIR
2026-08-19 19:47:46.047,0.75,0.17,32,0.2,0.0,0.291,-160.0,-88,HAYIR,HAYIR
2026-08-19 19:47:46.107,0.76,0.25,28,0.2,0.0,0.294,-160.0,-90,HAYIR,HAYIR
2026-08-19 19:47:46.167,0.74,0.25,32,0.2,0.0,0.293,-160.0,-91,HAYIR,HAYIR
2026-08-19 19:47:46.227,0.74,0.25,32,0.2,0.0,0.293,-160.0,-93,HAYIR,HAYIR
2026-08-19 19:47:46.287,0.74,0.25,32,0.2,0.0,0.291,-160.0,-95,HAYIR,HAYIR
2026-08-19 19:47:46.347,0.77,0.25,32,0.2,0.0,0.250,-143.1,-96,HAYIR,HAYIR
2026-08-19 19:47:46.407,0.79,0.25,32,0.2,0.0,0.254,-141.6,-98,HAYIR,HAYIR
2026-08-19 19:47:46.467,0.80,0.33,32,0.2,0.0,0.254,-141.3,-100,HAYIR,HAYIR
2026-08-19 19:47:46.527,0.79,0.33,32,0.3,0.0,0.272,-150.8,-101,HAYIR,HAYIR
2026-08-19 19:47:46.587,0.79,0.33,32,0.3,0.0,0.250,-140.9,-103,HAYIR,HAYIR
2026-08-19 19:47:46.647,0.79,0.33,32,0.3,0.0,0.250,-140.9,-105,HAYIR,HAYIR
2026-08-19 19:47:46.707,0.80,0.33,32,0.3,0.0,0.254,-141.3,-106,HAYIR,HAYIR
2026-08-19 19:47:46.767,0.80,0.39,32,0.3,0.0,0.254,-141.3,-108,HAYIR,HAYIR
2026-08-19 19:47:46.827,0.78,0.39,32,0.3,0.0,0.278,-154.8,-110,HAYIR,HAYIR
2026-08-19 19:47:46.887,0.78,0.39,32,0.3,0.0,0.278,-154.8,-111,HAYIR,HAYIR
2026-08-19 19:47:46.947,0.78,0.39,32,0.3,0.0,0.278,-154.8,-113,HAYIR,HAYIR
2026-08-19 19:47:47.007,0.79,0.39,32,0.3,0.0,0.238,-133.3,-115,HAYIR,HAYIR
2026-08-19 19:47:47.067,0.79,0.45,30,0.3,0.0,0.238,-133.3,-116,HAYIR,HAYIR
2026-08-19 19:47:47.127,0.79,0.45,32,0.3,0.0,0.233,-131.5,-118,HAYIR,HAYIR
2026-08-19 19:47:47.187,0.79,0.45,32,0.3,0.0,0.233,-131.5,-120,HAYIR,HAYIR
2026-08-19 19:47:47.247,0.79,0.45,32,0.3,0.0,0.233,-131.5,-122,HAYIR,HAYIR
2026-08-19 19:47:47.307,0.79,0.45,32,0.3,0.0,0.202,-115.5,-121,HAYIR,HAYIR
2026-08-19 19:47:47.367,0.79,0.45,32,0.3,0.0,0.202,-115.5,-119,HAYIR,HAYIR
2026-08-19 19:47:47.427,0.79,0.50,32,0.3,0.0,0.165,-96.0,-118,HAYIR,HAYIR
2026-08-19 19:47:47.487,0.79,0.50,32,0.3,0.0,0.182,-105.0,-116,HAYIR,HAYIR
2026-08-19 19:47:47.547,0.79,0.50,32,0.3,0.0,0.182,-105.0,-114,HAYIR,HAYIR
2026-08-19 19:47:47.607,0.79,0.50,32,0.3,0.0,0.137,-80.4,-113,HAYIR,HAYIR
2026-08-19 19:47:47.667,0.79,0.50,32,0.3,0.0,0.137,-80.4,-111,HAYIR,HAYIR
2026-08-19 19:47:47.727,0.79,0.50,32,0.3,0.0,0.131,-77.3,-109,HAYIR,HAYIR
2026-08-19 19:47:47.787,0.78,0.50,32,0.3,0.0,0.125,-74.1,-108,HAYIR,HAYIR
2026-08-19 19:47:47.847,0.79,0.53,32,0.3,0.0,0.150,-88.2,-106,HAYIR,HAYIR
2026-08-19 19:47:47.907,0.79,0.53,32,0.3,0.0,0.150,-88.2,-104,HAYIR,HAYIR
2026-08-19 19:47:47.967,0.79,0.53,32,0.3,0.0,0.150,-88.2,-102,HAYIR,HAYIR
2026-08-19 19:47:48.027,0.79,0.53,32,0.3,0.0,0.109,-65.0,-101,HAYIR,HAYIR
2026-08-19 19:47:48.087,0.80,0.57,31,0.2,0.0,0.104,-61.4,-99,HAYIR,HAYIR
2026-08-19 19:47:48.147,0.79,0.57,32,0.2,0.0,0.129,-76.0,-97,HAYIR,HAYIR
2026-08-19 19:47:48.207,0.79,0.57,32,0.2,0.0,0.129,-76.0,-96,HAYIR,HAYIR
2026-08-19 19:47:48.267,0.79,0.57,32,0.2,0.0,0.129,-76.0,-94,HAYIR,HAYIR
2026-08-19 19:47:48.327,0.78,0.57,32,0.2,0.0,0.090,-54.1,-92,HAYIR,HAYIR
2026-08-19 19:47:48.387,0.79,0.57,33,0.2,0.0,0.086,-51.1,-91,HAYIR,HAYIR
2026-08-19 19:47:48.447,0.79,0.57,32,0.2,0.0,0.086,-51.1,-89,HAYIR,HAYIR
2026-08-19 19:47:48.507,0.79,0.58,32,0.2,0.0,0.075,-44.9,-87,HAYIR,HAYIR
2026-08-19 19:47:48.567,0.78,0.58,32,0.2,0.0,0.116,-69.5,-86,HAYIR,HAYIR
2026-08-19 19:47:48.627,0.78,0.58,32,0.2,0.0,0.116,-69.5,-84,HAYIR,HAYIR
2026-08-19 19:47:48.687,0.79,0.58,33,0.2,0.0,0.066,-39.4,-82,HAYIR,HAYIR
2026-08-19 19:47:48.747,0.79,0.58,32,0.2,0.0,0.064,-38.1,-81,HAYIR,HAYIR
2026-08-19 19:47:48.807,0.79,0.59,32,0.2,0.0,0.058,-34.8,-79,HAYIR,HAYIR
2026-08-19 19:47:48.867,0.79,0.59,32,0.2,0.0,0.067,-40.1,-77,HAYIR,HAYIR
2026-08-19 19:47:48.927,0.79,0.59,32,0.1,0.0,0.067,-40.1,-76,HAYIR,HAYIR
2026-08-19 19:47:48.987,0.79,0.59,32,0.1,0.0,0.047,-28.3,-74,HAYIR,HAYIR
2026-08-19 19:47:49.047,0.79,0.60,32,0.1,0.0,0.047,-28.3,-72,HAYIR,HAYIR
2026-08-19 19:47:49.107,0.80,0.60,32,0.1,0.0,0.042,-24.9,-71,HAYIR,HAYIR
2026-08-19 19:47:49.167,0.78,0.60,32,0.1,0.0,0.046,-28.1,-69,HAYIR,HAYIR
2026-08-19 19:47:49.227,0.78,0.60,32,0.1,0.0,0.046,-28.1,-67,HAYIR,HAYIR
2026-08-19 19:47:49.287,0.78,0.60,32,0.1,0.0,0.000,-0.0,-66,HAYIR,HAYIR
2026-08-19 19:47:49.347,0.78,0.60,32,0.1,0.0,0.000,-0.0,-64,HAYIR,HAYIR
2026-08-19 19:47:49.407,0.79,0.60,32,0.1,0.0,0.000,-0.0,-62,HAYIR,HAYIR
2026-08-19 19:47:49.467,0.79,0.62,32,0.1,0.0,0.000,-0.0,-60,HAYIR,HAYIR
2026-08-19 19:47:49.527,0.79,0.62,32,0.1,0.0,0.000,-0.0,-59,HAYIR,HAYIR
2026-08-19 19:47:49.587,0.79,0.62,32,0.1,0.0,0.000,-0.0,-57,HAYIR,HAYIR
2026-08-19 19:47:49.647,0.78,0.62,32,0.1,0.0,0.000,-0.0,-55,HAYIR,HAYIR
2026-08-19 19:47:49.707,0.79,0.62,32,0.1,0.0,0.000,-0.0,-54,HAYIR,HAYIR
2026-08-19 19:47:49.767,0.79,0.65,32,0.1,0.0,0.000,-0.0,-52,HAYIR,HAYIR
2026-08-19 19:47:49.827,0.78,0.65,32,0.0,0.0,0.000,-0.0,-50,HAYIR,HAYIR
2026-08-19 19:47:49.887,0.78,0.65,32,0.0,0.0,0.000,-0.0,-49,HAYIR,HAYIR
2026-08-19 19:47:49.947,0.78,0.65,32,0.0,0.0,0.000,-0.0,-47,HAYIR,HAYIR
2026-08-19 19:47:50.007,0.78,0.65,32,0.0,0.0,0.000,-0.0,-45,HAYIR,HAYIR
2026-08-19 19:47:50.067,0.78,0.66,32,0.0,0.0,0.000,-0.0,-44,HAYIR,HAYIR
2026-08-19 19:47:50.127,0.78,0.66,32,0.0,0.0,-0.042,25.5,-42,HAYIR,HAYIR
2026-08-19 19:47:50.187,0.78,0.66,32,0.0,0.0,-0.042,25.5,-40,HAYIR,HAYIR
2026-08-19 19:47:50.247,0.78,0.66,32,0.0,0.0,-0.042,25.5,-39,HAYIR,HAYIR
2026-08-19 19:47:50.307,0.79,0.66,32,0.0,0.0,-0.034,20.1,-37,HAYIR,HAYIR
2026-08-19 19:47:50.367,0.79,0.66,32,0.0,0.0,-0.034,20.1,-35,HAYIR,HAYIR
2026-08-19 19:47:50.427,0.79,0.67,33,0.0,0.0,-0.054,32.0,-34,HAYIR,HAYIR
2026-08-19 19:47:50.487,0.79,0.67,32,0.0,0.0,-0.054,32.0,-32,HAYIR,HAYIR
2026-08-19 19:47:50.547,0.79,0.67,32,0.0,0.0,-0.054,32.0,-30,HAYIR,HAYIR
2026-08-19 19:47:50.607,0.79,0.67,32,0.0,0.0,-0.046,27.4,-29,HAYIR,HAYIR
2026-08-19 19:47:50.667,0.79,0.67,33,0.0,0.0,-0.046,27.4,-27,HAYIR,HAYIR
2026-08-19 19:47:50.727,0.80,0.69,32,0.0,0.0,-0.042,25.2,-25,HAYIR,HAYIR
2026-08-19 19:47:50.787,0.77,0.69,32,0.0,0.0,-0.062,38.2,-24,HAYIR,HAYIR
2026-08-19 19:47:50.847,0.76,0.69,32,0.0,0.0,-0.062,38.6,-22,HAYIR,HAYIR
2026-08-19 19:47:50.907,0.78,0.69,33,0.0,0.0,-0.049,29.6,-20,HAYIR,HAYIR
2026-08-19 19:47:50.967,0.78,0.69,32,0.0,0.0,-0.049,29.6,-18,HAYIR,HAYIR
2026-08-19 19:47:51.027,0.77,0.69,32,0.0,0.0,-0.053,32.5,-17,HAYIR,HAYIR
2026-08-19 19:47:51.087,0.77,0.69,32,0.0,0.0,-0.056,34.9,-15,HAYIR,HAYIR
2026-08-19 19:47:51.147,0.75,0.72,32,0.0,0.0,-0.068,43.1,-13,HAYIR,HAYIR
2026-08-19 19:47:51.207,0.75,0.72,32,0.0,0.0,-0.068,43.1,-12,HAYIR,HAYIR
2026-08-19 19:47:51.267,0.75,0.72,32,0.0,0.0,-0.068,43.1,-10,HAYIR,HAYIR
2026-08-19 19:47:51.327,0.75,0.72,32,0.0,0.0,-0.060,37.8,-8,HAYIR,HAYIR
2026-08-19 19:47:51.387,0.74,0.72,32,0.0,0.0,-0.063,39.8,-7,HAYIR,HAYIR
2026-08-19 19:47:51.447,0.74,0.75,28,0.0,0.0,-0.063,39.8,-5,HAYIR,HAYIR
2026-08-19 19:47:51.507,0.72,0.75,28,0.0,0.0,-0.076,50.1,-3,HAYIR,HAYIR
2026-08-19 19:47:51.567,0.72,0.75,28,0.0,0.0,-0.076,50.1,-2,HAYIR,HAYIR
2026-08-19 19:47:51.627,0.73,0.75,28,0.0,0.0,-0.063,41.1,0,HAYIR,HAYIR
2026-08-19 19:47:51.687,0.72,0.75,28,0.0,0.0,-0.065,42.9,2,HAYIR,HAYIR
2026-08-19 19:47:51.747,0.72,0.76,28,0.0,0.0,-0.065,42.9,3,HAYIR,HAYIR
2026-08-19 19:47:51.807,0.71,0.76,28,0.0,0.0,-0.057,38.1,5,HAYIR,HAYIR
2026-08-19 19:47:51.867,0.69,0.76,28,0.0,0.0,-0.077,52.5,7,HAYIR,HAYIR
2026-08-19 19:47:51.927,0.68,0.76,28,0.0,0.0,-0.077,52.7,8,HAYIR,HAYIR
2026-08-19 19:47:51.987,0.70,0.76,28,0.0,0.0,-0.059,39.9,10,HAYIR,HAYIR
2026-08-19 19:47:52.047,0.70,0.76,28,0.0,0.0,-0.059,39.9,12,HAYIR,HAYIR
2026-08-19 19:47:52.107,0.69,0.77,28,0.0,0.0,-0.060,41.1,13,HAYIR,HAYIR
2026-08-19 19:47:52.167,0.67,0.77,28,0.0,0.0,-0.070,49.3,15,HAYIR,HAYIR
2026-08-19 19:47:52.227,0.67,0.77,28,0.0,0.0,-0.070,49.3,17,HAYIR,HAYIR
2026-08-19 19:47:52.287,0.68,0.77,28,0.0,0.0,-0.060,41.8,18,HAYIR,HAYIR
2026-08-19 19:47:52.347,0.68,0.77,28,0.0,0.0,-0.060,41.8,20,HAYIR,HAYIR
2026-08-19 19:47:52.407,0.67,0.77,28,0.0,0.0,-0.060,42.7,22,HAYIR,HAYIR
2026-08-19 19:47:52.467,0.64,0.77,28,0.0,0.0,-0.075,54.6,24,HAYIR,HAYIR
2026-08-19 19:47:52.527,0.64,0.77,28,0.0,0.0,-0.075,55.3,25,HAYIR,HAYIR
2026-08-19 19:47:52.587,0.66,0.77,28,0.0,0.0,-0.060,43.0,27,HAYIR,HAYIR
2026-08-19 19:47:52.647,0.66,0.77,28,0.0,0.0,-0.060,43.0,29,HAYIR,HAYIR
2026-08-19 19:47:52.707,0.65,0.77,28,0.0,0.0,-0.060,43.6,30,HAYIR,HAYIR
2026-08-19 19:47:52.767,0.65,0.75,28,0.0,0.0,-0.060,43.6,32,HAYIR,HAYIR
2026-08-19 19:47:52.827,0.62,0.75,28,0.0,0.0,-0.061,46.6,34,HAYIR,HAYIR
2026-08-19 19:47:52.887,0.62,0.75,28,0.0,0.0,-0.061,46.6,35,HAYIR,HAYIR
2026-08-19 19:47:52.947,0.62,0.75,28,0.0,0.0,-0.061,46.6,37,HAYIR,HAYIR
2026-08-19 19:47:53.007,0.63,0.75,28,0.0,0.0,-0.051,38.5,38,HAYIR,HAYIR
2026-08-19 19:47:53.067,0.63,0.75,28,0.0,0.0,-0.051,38.5,38,HAYIR,HAYIR
2026-08-19 19:47:53.127,0.60,0.72,28,0.0,0.0,-0.066,51.7,39,HAYIR,HAYIR
2026-08-19 19:47:53.187,0.59,0.72,28,0.0,0.0,-0.066,52.6,41,HAYIR,HAYIR
2026-08-19 19:47:53.247,0.59,0.72,28,0.0,0.0,-0.066,52.6,43,HAYIR,HAYIR
2026-08-19 19:47:53.307,0.61,0.72,28,0.0,0.0,-0.051,39.7,42,HAYIR,HAYIR
2026-08-19 19:47:53.367,0.61,0.72,28,0.0,0.0,-0.051,39.7,40,HAYIR,HAYIR
2026-08-19 19:47:53.427,0.61,0.68,28,0.0,0.0,-0.051,39.9,40,HAYIR,HAYIR
2026-08-19 19:47:53.487,0.58,0.68,28,0.0,0.0,-0.071,57.1,40,HAYIR,HAYIR
2026-08-19 19:47:53.547,0.56,0.68,28,0.0,0.0,-0.071,59.6,42,HAYIR,HAYIR
2026-08-19 19:47:53.607,0.58,0.68,28,0.0,0.0,-0.051,41.6,42,HAYIR,HAYIR
2026-08-19 19:47:53.667,0.60,0.68,28,0.0,0.0,-0.051,40.6,41,HAYIR,HAYIR
2026-08-19 19:47:53.727,0.59,0.63,28,0.0,0.0,-0.051,40.5,40,HAYIR,HAYIR
2026-08-19 19:47:53.787,0.57,0.63,28,0.0,0.0,-0.065,53.7,41,HAYIR,HAYIR
2026-08-19 19:47:53.847,0.56,0.63,28,0.0,0.0,-0.065,54.5,43,HAYIR,HAYIR
2026-08-19 19:47:53.907,0.56,0.63,28,0.0,0.0,-0.065,54.5,44,HAYIR,HAYIR
2026-08-19 19:47:53.967,0.56,0.63,28,0.0,0.0,-0.060,51.0,46,HAYIR,HAYIR
2026-08-19 19:47:54.027,0.58,0.63,28,0.0,0.0,-0.046,37.7,44,HAYIR,HAYIR
2026-08-19 19:47:54.087,0.57,0.58,28,0.0,0.0,-0.046,37.8,43,HAYIR,HAYIR
2026-08-19 19:47:54.147,0.55,0.58,28,0.0,0.0,-0.065,55.5,43,HAYIR,HAYIR
2026-08-19 19:47:54.207,0.53,0.58,28,0.0,0.0,-0.065,57.0,45,HAYIR,HAYIR
2026-08-19 19:47:54.267,0.53,0.58,28,0.0,0.0,-0.065,57.0,47,HAYIR,HAYIR
2026-08-19 19:47:54.327,0.56,0.58,28,0.0,0.0,-0.047,39.7,45,HAYIR,HAYIR
2026-08-19 19:47:54.387,0.56,0.58,28,0.0,0.0,-0.046,39.2,43,HAYIR,HAYIR
2026-08-19 19:47:54.447,0.56,0.53,32,0.0,0.0,-0.046,39.2,42,HAYIR,HAYIR
2026-08-19 19:47:54.507,0.54,0.53,32,0.0,0.0,-0.057,50.4,42,HAYIR,HAYIR
2026-08-19 19:47:54.567,0.54,0.53,32,0.0,0.0,-0.057,50.4,44,HAYIR,HAYIR
2026-08-19 19:47:54.627,0.54,0.53,32,0.0,0.0,-0.057,50.4,46,HAYIR,HAYIR
2026-08-19 19:47:54.687,0.55,0.53,32,0.0,0.0,-0.048,41.1,46,HAYIR,HAYIR
2026-08-19 19:47:54.747,0.55,0.49,34,0.0,0.0,-0.048,41.1,44,HAYIR,HAYIR
2026-08-19 19:47:54.807,0.55,0.49,32,0.0,0.0,-0.047,40.6,43,HAYIR,HAYIR
2026-08-19 19:47:54.867,0.52,0.49,32,0.0,0.0,-0.061,54.7,44,HAYIR,HAYIR
2026-08-19 19:47:54.927,0.52,0.49,32,0.0,0.0,-0.061,55.2,46,HAYIR,HAYIR
2026-08-19 19:47:54.987,0.54,0.49,32,0.0,0.0,-0.050,43.4,47,HAYIR,HAYIR
2026-08-19 19:47:55.047,0.54,0.49,32,0.0,0.0,-0.050,43.4,45,HAYIR,HAYIR
2026-08-19 19:47:55.107,0.54,0.44,32,0.0,0.0,-0.049,42.9,43,HAYIR,HAYIR
2026-08-19 19:47:55.167,0.51,0.44,32,0.0,0.0,-0.062,56.9,45,HAYIR,HAYIR
2026-08-19 19:47:55.227,0.50,0.44,32,0.0,0.0,-0.062,58.1,47,HAYIR,HAYIR
2026-08-19 19:47:55.287,0.53,0.44,33,0.0,0.0,-0.051,45.6,47,HAYIR,HAYIR
2026-08-19 19:47:55.347,0.53,0.44,32,0.0,0.0,-0.051,45.3,46,HAYIR,HAYIR
2026-08-19 19:47:55.407,0.53,0.42,32,0.0,0.0,-0.050,44.6,45,HAYIR,HAYIR
2026-08-19 19:47:55.467,0.51,0.42,32,0.0,0.0,-0.054,49.8,46,HAYIR,HAYIR
2026-08-19 19:47:55.527,0.51,0.42,32,0.0,0.0,-0.054,49.8,48,HAYIR,HAYIR
2026-08-19 19:47:55.587,0.52,0.42,33,0.0,0.0,-0.053,48.0,49,HAYIR,HAYIR
2026-08-19 19:47:55.647,0.52,0.42,32,0.0,0.0,-0.053,48.0,48,HAYIR,HAYIR
2026-08-19 19:47:55.707,0.51,0.42,32,0.0,0.0,-0.052,47.5,47,HAYIR,HAYIR
2026-08-19 19:47:55.767,0.51,0.42,32,0.0,0.0,-0.052,47.5,47,HAYIR,HAYIR
2026-08-19 19:47:55.827,0.49,0.42,32,0.0,0.0,-0.052,50.1,49,HAYIR,HAYIR
2026-08-19 19:47:55.887,0.50,0.42,33,0.0,0.0,-0.053,49.3,50,HAYIR,HAYIR
2026-08-19 19:47:55.947,0.50,0.42,32,0.0,0.0,-0.053,49.3,49,HAYIR,HAYIR
2026-08-19 19:47:56.007,0.50,0.42,32,0.0,0.0,-0.051,48.2,48,HAYIR,HAYIR
2026-08-19 19:47:56.067,0.50,0.42,32,0.0,0.0,-0.051,48.2,48,HAYIR,HAYIR
2026-08-19 19:47:56.127,0.49,0.44,32,0.0,0.0,-0.043,41.6,47,HAYIR,HAYIR
2026-08-19 19:47:56.187,0.49,0.44,32,0.0,0.0,-0.043,41.6,46,HAYIR,HAYIR
2026-08-19 19:47:56.247,0.49,0.44,32,0.0,0.0,-0.040,39.1,44,HAYIR,HAYIR
2026-08-19 19:47:56.307,0.48,0.44,32,0.0,0.0,-0.046,44.5,44,HAYIR,HAYIR
2026-08-19 19:47:56.367,0.48,0.44,32,0.0,0.0,-0.046,44.5,44,HAYIR,HAYIR
2026-08-19 19:47:56.427,0.48,0.45,32,0.0,0.0,-0.045,44.3,44,HAYIR,HAYIR
2026-08-19 19:47:56.487,0.47,0.45,32,0.0,0.0,-0.035,34.8,44,HAYIR,HAYIR
2026-08-19 19:47:56.547,0.47,0.45,32,0.0,0.0,-0.035,34.8,42,HAYIR,HAYIR
2026-08-19 19:47:56.607,0.47,0.45,32,0.0,0.0,-0.039,39.4,40,HAYIR,HAYIR
2026-08-19 19:47:56.667,0.47,0.45,32,0.0,0.0,-0.039,39.4,39,HAYIR,HAYIR
2026-08-19 19:47:56.727,0.46,0.45,32,0.0,0.0,-0.037,37.5,38,HAYIR,HAYIR
2026-08-19 19:47:56.787,0.46,0.47,28,0.0,0.0,-0.035,36.2,37,HAYIR,HAYIR
2026-08-19 19:47:56.847,0.46,0.47,28,0.0,0.0,0.000,-0.0,35,HAYIR,HAYIR
2026-08-19 19:47:56.907,0.46,0.47,28,0.0,0.0,0.000,-0.0,34,HAYIR,HAYIR
2026-08-19 19:47:56.967,0.46,0.47,28,0.0,0.0,0.000,-0.0,32,HAYIR,HAYIR
2026-08-19 19:47:57.027,0.45,0.47,28,0.0,0.0,0.000,-0.0,30,HAYIR,HAYIR
2026-08-19 19:47:57.087,0.44,0.50,28,0.0,0.0,0.000,-0.0,29,HAYIR,HAYIR
2026-08-19 19:47:57.147,0.44,0.50,28,0.0,0.0,0.000,-0.0,27,HAYIR,HAYIR
2026-08-19 19:47:57.207,0.44,0.50,28,0.0,0.0,0.000,-0.0,25,HAYIR,HAYIR
2026-08-19 19:47:57.267,0.44,0.50,28,0.0,0.0,0.000,-0.0,24,HAYIR,HAYIR
2026-08-19 19:47:57.327,0.43,0.50,28,0.0,0.0,0.000,-0.0,22,HAYIR,HAYIR
2026-08-19 19:47:57.387,0.42,0.54,28,0.0,0.0,0.000,-0.0,20,HAYIR,HAYIR
2026-08-19 19:47:57.447,0.42,0.54,28,0.0,0.0,0.000,-0.0,18,HAYIR,HAYIR
2026-08-19 19:47:57.507,0.42,0.54,28,0.0,0.0,0.000,-0.0,17,HAYIR,HAYIR
2026-08-19 19:47:57.567,0.42,0.54,28,0.0,0.0,0.000,-0.0,15,HAYIR,HAYIR
2026-08-19 19:47:57.627,0.41,0.54,28,0.0,0.0,0.000,-0.0,13,HAYIR,HAYIR
2026-08-19 19:47:57.687,0.41,0.54,28,0.0,0.0,0.000,-0.0,12,HAYIR,HAYIR
2026-08-19 19:47:57.747,0.41,0.54,28,0.0,0.0,0.000,-0.0,10,HAYIR,HAYIR
2026-08-19 19:47:57.807,0.40,0.55,28,0.0,0.0,0.000,-0.0,8,HAYIR,HAYIR
2026-08-19 19:47:57.867,0.40,0.55,28,0.0,0.0,0.000,-0.0,7,HAYIR,HAYIR
2026-08-19 19:47:57.927,0.40,0.55,28,0.0,0.0,0.000,-0.0,5,HAYIR,HAYIR
2026-08-19 19:47:57.987,0.39,0.55,28,0.0,0.0,0.000,-0.0,3,HAYIR,HAYIR
2026-08-19 19:47:58.047,0.39,0.55,28,0.0,0.0,0.000,-0.0,2,HAYIR,HAYIR
2026-08-19 19:47:58.107,0.38,0.53,28,0.0,0.0,0.000,-0.0,0,HAYIR,HAYIR
2026-08-19 19:47:58.167,0.37,0.53,28,0.0,0.0,0.000,-0.0,0,HAYIR,HAYIR
2026-08-19 19:47:58.227,0.37,0.53,28,0.0,0.0,0.000,-0.0,0,HAYIR,HAYIR
2026-08-19 19:47:58.287,0.38,0.53,28,0.0,0.0,0.000,-0.0,0,HAYIR,HAYIR
2026-08-19 19:47:58.347,0.38,0.53,28,0.0,0.0,0.000,-0.0,0,HAYIR,HAYIR
2026-08-19 19:47:58.407,0.37,0.52,28,0.0,0.0,0.000,-0.0,0,HAYIR,HAYIR
2026-08-19 19:47:58.467,0.37,0.52,28,0.0,0.0,0.000,-0.0,0,HAYIR,HAYIR
2026-08-19 19:47:58.527,0.35,0.52,28,0.0,0.0,0.000,-0.0,0,HAYIR,HAYIR
2026-08-19 19:47:58.587,0.36,0.52,28,0.0,0.0,0.000,-0.0,0,HAYIR,HAYIR
2026-08-19 19:47:58.647,0.36,0.52,28,0.0,0.0,0.000,-0.0,0,HAYIR,HAYIR
2026-08-19 19:47:58.707,0.36,0.52,28,0.0,0.0,0.000,-0.0,0,HAYIR,HAYIR
2026-08-19 19:47:58.767,0.36,0.49,28,0.0,0.0,0.000,-0.0,0,HAYIR,HAYIR
2026-08-19 19:47:58.827,0.34,0.49,28,0.0,0.0,0.000,-0.0,0,HAYIR,HAYIR
2026-08-19 19:47:58.887,0.34,0.49,28,0.0,0.0,0.000,-0.0,0,HAYIR,HAYIR
2026-08-19 19:47:58.947,0.34,0.49,28,0.0,0.0,0.000,-0.0,0,HAYIR,HAYIR
2026-08-19 19:47:59.007,0.35,0.49,28,0.0,0.0,0.000,-0.0,0,HAYIR,HAYIR
2026-08-19 19:47:59.067,0.35,0.47,28,0.0,0.0,0.000,-0.0,0,HAYIR,HAYIR
2026-08-19 19:47:59.127,0.32,0.47,28,0.0,0.0,0.000,-0.0,0,HAYIR,HAYIR
2026-08-19 19:47:59.187,0.32,0.47,28,0.0,0.0,0.000,-0.0,0,HAYIR,HAYIR
2026-08-19 19:47:59.247,0.32,0.47,28,0.0,0.0,0.000,-0.0,0,HAYIR,HAYIR
2026-08-19 19:47:59.307,0.33,0.47,28,0.0,0.0,0.000,-0.0,0,HAYIR,HAYIR
2026-08-19 19:47:59.367,0.33,0.47,28,0.0,0.0,0.000,-0.0,0,HAYIR,HAYIR
2026-08-19 19:47:59.427,0.33,0.45,28,0.0,0.0,0.000,-0.0,0,HAYIR,HAYIR
2026-08-19 19:47:59.487,0.32,0.45,28,0.0,0.0,0.000,-0.0,0,HAYIR,HAYIR
2026-08-19 19:47:59.547,0.32,0.45,28,0.0,0.0,0.000,-0.0,0,HAYIR,HAYIR
2026-08-19 19:47:59.607,0.32,0.45,28,0.0,0.0,0.000,-0.0,0,HAYIR,HAYIR
2026-08-19 19:47:59.667,0.32,0.45,28,0.0,0.0,0.000,-0.0,0,HAYIR,HAYIR
2026-08-19 19:47:59.727,0.32,0.45,28,0.0,0.0,0.000,-0.0,0,HAYIR,HAYIR
2026-08-19 19:47:59.787,0.32,0.42,28,0.0,0.0,0.000,-0.0,0,HAYIR,HAYIR
2026-08-19 19:47:59.847,0.30,0.42,28,0.0,0.0,0.000,-0.0,0,HAYIR,HAYIR
2026-08-19 19:47:59.907,0.30,0.42,28,0.0,0.0,0.000,-0.0,0,HAYIR,HAYIR
2026-08-19 19:47:59.967,0.30,0.42,28,0.0,0.0,0.000,-0.0,0,HAYIR,HAYIR
2026-08-19 19:48:00.027,0.31,0.42,28,0.0,0.0,0.000,-0.0,0,HAYIR,HAYIR
2026-08-19 19:48:00.087,0.31,0.38,28,0.0,0.0,0.000,-0.0,0,HAYIR,HAYIR
2026-08-19 19:48:00.147,0.29,0.38,28,0.0,0.0,0.000,-0.0,0,HAYIR,HAYIR
2026-08-19 19:48:00.207,0.28,0.38,28,0.0,0.0,0.000,-0.0,0,HAYIR,HAYIR
2026-08-19 19:48:00.267,0.28,0.38,28,0.0,0.0,0.000,-0.0,0,HAYIR,HAYIR
2026-08-19 19:48:00.327,0.31,0.38,28,0.0,0.0,0.000,-0.0,0,HAYIR,HAYIR
2026-08-19 19:48:00.387,0.30,0.38,28,0.0,0.0,0.000,-0.0,0,HAYIR,HAYIR
2026-08-19 19:48:00.447,0.29,0.34,28,0.0,0.0,0.000,-0.0,0,HAYIR,HAYIR
2026-08-19 19:48:00.507,0.29,0.34,28,0.0,0.0,0.000,-0.0,0,HAYIR,HAYIR
2026-08-19 19:48:00.567,0.29,0.34,28,0.0,0.0,0.000,-0.0,0,HAYIR,HAYIR
2026-08-19 19:48:00.627,0.30,0.34,28,0.0,0.0,0.000,-0.0,0,HAYIR,HAYIR
2026-08-19 19:48:00.687,0.30,0.34,28,0.0,0.0,0.000,-0.0,0,HAYIR,HAYIR
2026-08-19 19:48:00.747,0.30,0.31,28,0.0,0.0,0.000,-0.0,0,HAYIR,HAYIR
2026-08-19 19:48:00.807,0.28,0.31,28,0.0,0.0,0.000,-0.0,0,HAYIR,HAYIR
2026-08-19 19:48:00.867,0.28,0.31,28,0.0,0.0,0.000,-0.0,0,HAYIR,HAYIR
2026-08-19 19:48:00.927,0.29,0.31,28,0.0,0.0,0.000,-0.0,0,HAYIR,HAYIR
2026-08-19 19:48:00.987,0.29,0.31,28,0.0,0.0,0.000,-0.0,0,HAYIR,HAYIR
2026-08-19 19:48:01.047,0.29,0.31,28,0.0,0.0,0.000,-0.0,0,HAYIR,HAYIR
2026-08-19 19:48:01.107,0.29,0.30,28,0.0,0.0,0.000,-0.0,0,HAYIR,HAYIR
2026-08-19 19:48:01.167,0.29,0.30,28,0.0,0.0,0.000,-0.0,0,HAYIR,HAYIR
2026-08-19 19:48:01.227,0.26,0.30,28,0.0,0.0,0.000,-0.0,0,HAYIR,HAYIR
2026-08-19 19:48:01.287,0.28,0.30,28,0.0,0.0,0.000,-0.0,0,HAYIR,HAYIR
2026-08-19 19:48:01.347,0.28,0.30,28,0.0,0.0,0.000,-0.0,0,HAYIR,HAYIR
2026-08-19 19:48:01.407,0.28,0.30,28,0.0,0.0,0.000,-0.0,0,HAYIR,HAYIR
2026-08-19 19:48:01.467,0.28,0.27,31,0.0,0.0,0.000,-0.0,0,HAYIR,HAYIR
2026-08-19 19:48:01.527,0.27,0.27,28,0.0,0.0,0.000,-0.0,0,HAYIR,HAYIR
2026-08-19 19:48:01.587,0.28,0.27,32,0.0,0.0,0.000,-0.0,0,HAYIR,HAYIR
2026-08-19 19:48:01.647,0.28,0.27,31,0.0,0.0,0.000,-0.0,0,HAYIR,HAYIR
2026-08-19 19:48:01.707,0.27,0.27,31,0.0,0.0,0.000,-0.0,0,HAYIR,HAYIR
2026-08-19 19:48:01.767,0.27,0.25,32,0.0,0.0,0.000,-0.0,0,HAYIR,HAYIR
2026-08-19 19:48:01.827,0.26,0.25,31,0.0,0.0,0.000,-0.0,0,HAYIR,HAYIR
2026-08-19 19:48:01.887,0.26,0.25,32,0.0,0.0,0.000,-0.0,0,HAYIR,HAYIR
2026-08-19 19:48:01.947,0.26,0.25,32,0.0,0.0,0.000,-0.0,0,HAYIR,HAYIR
2026-08-19 19:48:02.007,0.27,0.25,32,0.0,0.0,0.000,-0.0,0,HAYIR,HAYIR
2026-08-19 19:48:02.067,0.27,0.23,32,0.0,0.0,0.000,-0.0,0,HAYIR,HAYIR
2026-08-19 19:48:02.127,0.26,0.23,31,0.0,0.0,0.000,-0.0,0,HAYIR,HAYIR
2026-08-19 19:48:02.187,0.26,0.23,32,0.0,0.0,0.000,-0.0,0,HAYIR,HAYIR
2026-08-19 19:48:02.247,0.26,0.23,32,0.0,0.0,0.000,-0.0,0,HAYIR,HAYIR
2026-08-19 19:48:02.307,0.26,0.23,32,0.0,0.0,0.000,-0.0,0,HAYIR,HAYIR
2026-08-19 19:48:02.367,0.26,0.23,32,0.0,0.0,0.000,-0.0,0,HAYIR,HAYIR
2026-08-19 19:48:02.427,0.26,0.23,31,0.0,0.0,0.000,-0.0,0,HAYIR,HAYIR
2026-08-19 19:48:02.487,0.26,0.23,32,0.0,0.0,0.000,-0.0,0,HAYIR,HAYIR
2026-08-19 19:48:02.547,0.26,0.23,32,0.0,0.0,0.000,-0.0,0,HAYIR,HAYIR
2026-08-19 19:48:02.607,0.26,0.23,32,0.0,0.0,0.000,-0.0,0,HAYIR,HAYIR
2026-08-19 19:48:02.667,0.26,0.23,32,0.0,0.0,0.000,-0.0,0,HAYIR,HAYIR
2026-08-19 19:48:02.727,0.25,0.23,32,0.0,0.0,0.000,-0.0,0,HAYIR,HAYIR
2026-08-19 19:48:02.787,0.25,0.25,28,0.0,0.0,0.000,-0.0,0,HAYIR,HAYIR
2026-08-19 19:48:02.847,0.25,0.25,32,0.0,0.0,0.000,-0.0,0,HAYIR,HAYIR
2026-08-19 19:48:02.907,0.25,0.25,32,0.0,0.0,0.000,-0.0,0,HAYIR,HAYIR
2026-08-19 19:48:02.967,0.25,0.25,32,0.0,0.0,0.000,-0.0,0,HAYIR,HAYIR
2026-08-19 19:48:03.027,0.24,0.25,28,0.0,0.0,0.000,-0.0,0,HAYIR,HAYIR
2026-08-19 19:48:03.087,0.24,0.28,28,0.0,0.0,0.000,-0.0,0,HAYIR,HAYIR
2026-08-19 19:48:03.147,0.24,0.28,28,0.0,0.0,0.000,-0.0,0,HAYIR,HAYIR
2026-08-19 19:48:03.207,0.24,0.28,28,0.0,0.0,0.000,-0.0,0,HAYIR,HAYIR
2026-08-19 19:48:03.267,0.24,0.28,28,0.0,0.0,0.000,-0.0,0,HAYIR,HAYIR
2026-08-19 19:48:03.327,0.23,0.28,28,0.0,0.0,0.000,-0.0,0,HAYIR,HAYIR
2026-08-19 19:48:03.387,0.23,0.28,28,0.0,0.0,0.000,-0.0,0,HAYIR,HAYIR
2026-08-19 19:48:03.447,0.23,0.32,28,0.0,0.0,0.000,-0.0,0,HAYIR,HAYIR
2026-08-19 19:48:03.507,0.23,0.32,28,0.0,0.0,0.000,-0.0,0,HAYIR,HAYIR
2026-08-19 19:48:03.567,0.23,0.32,28,0.0,0.0,0.000,-0.0,0,HAYIR,HAYIR
2026-08-19 19:48:03.627,0.22,0.32,28,0.0,0.0,0.000,-0.0,0,HAYIR,HAYIR
2026-08-19 19:48:03.687,0.21,0.32,28,0.0,0.0,0.000,-0.0,0,HAYIR,HAYIR
2026-08-19 19:48:03.747,0.21,0.37,28,0.0,0.0,0.000,-0.0,0,HAYIR,HAYIR
2026-08-19 19:48:03.807,0.22,0.37,28,0.0,0.0,0.000,-0.0,0,HAYIR,HAYIR
2026-08-19 19:48:03.867,0.22,0.37,28,0.0,0.0,0.000,-0.0,0,HAYIR,HAYIR
2026-08-19 19:48:03.927,0.22,0.37,28,0.0,0.0,0.000,-0.0,0,HAYIR,HAYIR
2026-08-19 19:48:03.987,0.20,0.37,28,0.0,0.0,0.000,-0.0,0,HAYIR,HAYIR
2026-08-19 19:48:04.047,0.20,0.40,28,0.0,0.0,0.000,-0.0,0,HAYIR,HAYIR
2026-08-19 19:48:04.107,0.19,0.40,28,0.0,0.0,0.000,-0.0,0,HAYIR,HAYIR
2026-08-19 19:48:04.167,0.20,0.40,28,0.0,0.0,0.000,-0.0,0,HAYIR,HAYIR
2026-08-19 19:48:04.227,0.20,0.40,28,0.0,0.0,0.000,-0.0,0,HAYIR,HAYIR
2026-08-19 19:48:04.287,0.19,0.40,28,0.0,0.0,0.000,-0.0,0,HAYIR,HAYIR
2026-08-19 19:48:04.347,0.19,0.40,28,0.0,0.0,0.000,-0.0,0,HAYIR,HAYIR
2026-08-19 19:48:04.407,0.18,0.40,28,0.0,0.0,0.000,-0.0,0,HAYIR,HAYIR
2026-08-19 19:48:04.467,0.18,0.41,28,0.0,0.0,0.000,-0.0,0,HAYIR,HAYIR
2026-08-19 19:48:04.527,0.17,0.41,28,0.0,0.0,0.000,-0.0,0,HAYIR,HAYIR
2026-08-19 19:48:04.587,0.17,0.41,28,0.0,0.0,0.000,-0.0,0,HAYIR,HAYIR
2026-08-19 19:48:04.647,0.17,0.41,28,0.0,0.0,0.000,-0.0,0,HAYIR,HAYIR
2026-08-19 19:48:04.707,0.17,0.41,28,0.0,0.0,0.000,-0.0,0,HAYIR,HAYIR
2026-08-19 19:48:04.767,0.17,0.40,28,0.0,0.0,0.000,-0.0,0,HAYIR,HAYIR
2026-08-19 19:48:04.827,0.16,0.40,28,0.0,0.0,0.000,-0.0,0,HAYIR,HAYIR
2026-08-19 19:48:04.887,0.16,0.40,28,0.0,0.0,0.000,-0.0,0,HAYIR,HAYIR
2026-08-19 19:48:04.947,0.16,0.40,28,0.0,0.0,0.000,-0.0,0,HAYIR,HAYIR
2026-08-19 19:48:05.007,0.16,0.40,28,0.0,0.0,0.000,-0.0,0,HAYIR,HAYIR
2026-08-19 19:48:05.067,0.16,0.40,28,0.0,0.0,0.000,-0.0,0,HAYIR,HAYIR
2026-08-19 19:48:05.127,0.14,0.39,28,0.0,0.0,0.000,-0.0,0,HAYIR,HAYIR
2026-08-19 19:48:05.187,0.14,0.39,28,0.0,0.0,0.000,-0.0,0,HAYIR,HAYIR
2026-08-19 19:48:05.247,0.14,0.39,28,0.0,0.0,0.000,-0.0,0,HAYIR,HAYIR
2026-08-19 19:48:05.307,0.15,0.39,28,0.0,0.0,0.000,-0.0,0,HAYIR,HAYIR
2026-08-19 19:48:05.367,0.15,0.39,28,0.0,0.0,0.000,-0.0,0,HAYIR,HAYIR
2026-08-19 19:48:05.427,0.14,0.38,28,0.0,0.0,0.000,-0.0,0,HAYIR,HAYIR
2026-08-19 19:48:05.487,0.14,0.38,28,0.0,0.0,0.000,-0.0,0,HAYIR,HAYIR
2026-08-19 19:48:05.547,0.14,0.38,28,0.0,0.0,0.000,-0.0,0,HAYIR,HAYIR
2026-08-19 19:48:05.607,0.14,0.38,28,0.0,0.0,-0.031,100.0,1,HAYIR,HAYIR
2026-08-19 19:48:05.667,0.14,0.38,28,0.0,0.0,-0.031,100.0,3,HAYIR,HAYIR
2026-08-19 19:48:05.727,0.14,0.37,28,0.0,0.0,-0.032,104.2,4,HAYIR,HAYIR
2026-08-19 19:48:05.787,0.12,0.37,28,0.0,0.0,-0.035,131.2,6,HAYIR,HAYIR
2026-08-19 19:48:05.847,0.12,0.37,28,0.0,0.0,-0.035,131.2,8,HAYIR,HAYIR
2026-08-19 19:48:05.907,0.13,0.37,28,0.0,0.0,-0.033,113.8,10,HAYIR,HAYIR
2026-08-19 19:48:05.967,0.13,0.37,28,0.0,0.0,-0.033,113.8,11,HAYIR,HAYIR
2026-08-19 19:48:06.027,0.13,0.37,28,0.0,0.0,-0.035,119.7,13,HAYIR,HAYIR
2026-08-19 19:48:06.087,0.13,0.37,28,0.0,0.0,-0.036,125.4,15,HAYIR,HAYIR
2026-08-19 19:48:06.147,0.13,0.34,28,0.0,0.0,-0.036,125.4,16,HAYIR,HAYIR
2026-08-19 19:48:06.207,0.10,0.34,28,0.0,0.0,0.000,-0.0,16,HAYIR,HAYIR
2026-08-19 19:48:06.267,0.08,0.34,28,0.0,0.0,0.000,-0.0,14,HAYIR,HAYIR
2026-08-19 19:48:06.327,0.08,0.34,28,0.0,0.0,0.000,-0.0,12,HAYIR,HAYIR
2026-08-19 19:48:06.387,0.10,0.34,28,0.0,0.0,0.000,-0.0,11,HAYIR,HAYIR
2026-08-19 19:48:06.447,0.13,0.32,28,0.0,0.0,0.000,-0.0,9,HAYIR,HAYIR
2026-08-19 19:48:06.507,0.15,0.32,28,0.0,0.0,0.000,-0.0,7,HAYIR,HAYIR
2026-08-19 19:48:06.567,0.18,0.32,28,0.0,0.0,0.000,-0.0,6,HAYIR,HAYIR
2026-08-19 19:48:06.627,0.23,0.32,28,0.0,0.0,0.000,-0.0,4,HAYIR,HAYIR
2026-08-19 19:48:06.687,0.25,0.32,28,0.0,0.0,0.000,-0.0,2,HAYIR,HAYIR
2026-08-19 19:48:06.747,0.28,0.30,28,0.0,0.0,0.000,-0.0,1,HAYIR,HAYIR
2026-08-19 19:48:06.807,0.30,0.30,28,0.0,0.0,0.000,-0.0,0,HAYIR,HAYIR
2026-08-19 19:48:06.867,0.33,0.30,31,0.0,0.0,0.000,-0.0,0,HAYIR,HAYIR
2026-08-19 19:48:06.927,0.38,0.30,31,0.0,0.0,0.000,-0.0,0,HAYIR,HAYIR
2026-08-19 19:48:06.987,0.40,0.30,31,0.0,0.0,0.000,-0.0,0,HAYIR,HAYIR
2026-08-19 19:48:07.047,0.43,0.30,31,0.0,0.0,0.000,-0.0,0,HAYIR,HAYIR
2026-08-19 19:48:07.107,0.45,0.28,31,0.0,0.0,0.000,-0.0,0,HAYIR,HAYIR
2026-08-19 19:48:07.167,0.48,0.28,31,0.0,0.0,0.000,-0.0,0,HAYIR,HAYIR
2026-08-19 19:48:07.227,0.53,0.28,31,0.0,0.0,0.000,-0.0,0,HAYIR,HAYIR
2026-08-19 19:48:07.287,0.55,0.28,31,0.0,0.0,0.000,-0.0,0,HAYIR,HAYIR
2026-08-19 19:48:07.347,0.58,0.28,31,0.0,0.0,0.000,-0.0,0,HAYIR,HAYIR
2026-08-19 19:48:07.407,0.60,0.27,31,0.0,0.0,0.000,-0.0,0,HAYIR,HAYIR
2026-08-19 19:48:07.467,0.63,0.27,32,0.0,0.0,0.000,-0.0,0,HAYIR,HAYIR
2026-08-19 19:48:07.527,0.68,0.27,32,0.0,0.0,0.000,-0.0,0,HAYIR,HAYIR
2026-08-19 19:48:07.587,0.70,0.27,32,0.0,0.0,0.000,-0.0,0,HAYIR,HAYIR
2026-08-19 19:48:07.647,0.73,0.27,32,0.0,0.0,0.000,-0.0,0,HAYIR,HAYIR
2026-08-19 19:48:07.707,0.75,0.27,32,0.0,0.0,0.000,-0.0,0,HAYIR,HAYIR
2026-08-19 19:48:07.767,0.78,0.28,32,0.0,0.0,0.000,-0.0,0,HAYIR,HAYIR
2026-08-19 19:48:07.827,0.79,0.28,32,0.0,0.0,0.000,-0.0,0,HAYIR,HAYIR
2026-08-19 19:48:07.887,0.79,0.28,32,0.0,0.0,0.000,-0.0,0,HAYIR,HAYIR
2026-08-19 19:48:07.947,0.79,0.28,32,0.0,0.0,0.000,-0.0,0,HAYIR,HAYIR
2026-08-19 19:48:08.007,0.79,0.28,32,0.0,0.0,0.000,-0.0,0,HAYIR,HAYIR
2026-08-19 19:48:08.067,0.79,0.28,32,0.0,0.0,0.000,-0.0,0,HAYIR,HAYIR
2026-08-19 19:48:08.127,0.79,0.29,32,0.0,0.0,0.000,-0.0,0,HAYIR,HAYIR
2026-08-19 19:48:08.187,0.79,0.29,32,0.0,0.0,0.000,-0.0,0,HAYIR,HAYIR
2026-08-19 19:48:08.247,0.79,0.29,32,0.0,0.0,0.000,-0.0,0,HAYIR,HAYIR
2026-08-19 19:48:08.307,0.79,0.29,32,0.0,0.0,0.000,-0.0,0,HAYIR,HAYIR
2026-08-19 19:48:08.367,0.79,0.29,32,0.0,0.0,0.000,-0.0,0,HAYIR,HAYIR
2026-08-19 19:48:08.427,0.79,0.27,32,0.0,0.0,0.000,-0.0,0,HAYIR,HAYIR
2026-08-19 19:48:08.487,0.79,0.27,32,0.0,0.0,0.000,-0.0,0,HAYIR,HAYIR
2026-08-19 19:48:08.547,0.79,0.27,32,0.0,0.0,0.000,-0.0,0,HAYIR,HAYIR
2026-08-19 19:48:08.607,0.79,0.27,32,0.0,0.0,0.000,-0.0,0,HAYIR,HAYIR
2026-08-19 19:48:08.667,0.79,0.27,33,0.0,0.0,0.000,-0.0,0,HAYIR,HAYIR
2026-08-19 19:48:08.727,0.79,0.21,35,0.0,0.0,0.000,-0.0,0,HAYIR,HAYIR
2026-08-19 19:48:08.787,0.79,0.21,33,0.0,0.0,0.000,-0.0,0,HAYIR,HAYIR
2026-08-19 19:48:08.847,0.79,0.21,33,0.0,0.0,0.000,-0.0,0,HAYIR,HAYIR
2026-08-19 19:48:08.907,0.79,0.21,33,0.0,0.0,0.000,-0.0,0,HAYIR,HAYIR
2026-08-19 19:48:08.967,0.79,0.21,33,0.0,0.0,0.000,-0.0,0,HAYIR,HAYIR
2026-08-19 19:48:09.027,0.79,0.21,33,0.0,0.0,0.000,-0.0,0,HAYIR,HAYIR
2026-08-19 19:48:09.087,0.79,0.15,33,0.0,0.0,0.000,-0.0,0,HAYIR,HAYIR
2026-08-19 19:48:09.147,0.79,0.15,33,0.0,0.0,0.000,-0.0,0,HAYIR,HAYIR
2026-08-19 19:48:09.207,0.79,0.15,33,0.0,0.0,0.000,-0.0,0,HAYIR,HAYIR
2026-08-19 19:48:09.267,0.79,0.15,33,0.0,0.0,0.000,-0.0,0,HAYIR,HAYIR
2026-08-19 19:48:09.327,0.79,0.15,33,0.0,0.0,0.000,-0.0,0,HAYIR,HAYIR
2026-08-19 19:48:09.387,0.79,0.15,33,0.0,0.0,0.000,-0.0,0,HAYIR,HAYIR
2026-08-19 19:48:09.447,0.79,0.11,35,0.0,0.0,0.000,-0.0,0,HAYIR,HAYIR
2026-08-19 19:48:09.507,0.79,0.11,34,0.0,0.0,0.000,-0.0,0,HAYIR,HAYIR
2026-08-19 19:48:09.567,0.80,0.11,34,0.0,0.0,0.000,-0.0,0,HAYIR,HAYIR
2026-08-19 19:48:09.627,0.80,0.11,34,0.0,0.0,0.000,-0.0,0,HAYIR,HAYIR
2026-08-19 19:48:09.687,0.79,0.11,34,0.0,0.0,0.000,-0.0,0,HAYIR,HAYIR
2026-08-19 19:48:09.747,0.79,0.11,34,0.0,0.0,0.000,-0.0,0,HAYIR,HAYIR
2026-08-19 19:48:09.807,0.79,0.05,34,0.0,0.1,0.000,-0.0,0,HAYIR,HAYIR
2026-08-19 19:48:09.867,0.80,0.05,34,0.0,0.2,0.000,-0.0,0,HAYIR,HAYIR
2026-08-19 19:48:09.927,0.80,0.05,34,0.0,0.2,0.000,-0.0,0,HAYIR,HAYIR
2026-08-19 19:48:09.987,0.79,0.05,34,0.0,0.3,0.000,-0.0,0,HAYIR,HAYIR
2026-08-19 19:48:10.047,0.79,0.05,35,0.0,0.4,0.000,-0.0,0,HAYIR,HAYIR
2026-08-19 19:48:10.107,0.79,0.03,35,0.0,0.5,0.000,-0.0,0,HAYIR,HAYIR
2026-08-19 19:48:10.167,0.79,0.03,35,0.0,0.5,0.000,-0.0,0,HAYIR,HAYIR
2026-08-19 19:48:10.227,0.79,0.03,35,0.0,0.6,0.000,-0.0,0,HAYIR,HAYIR
2026-08-19 19:48:10.287,0.79,0.03,36,0.0,0.7,0.000,-0.0,0,HAYIR,HAYIR
2026-08-19 19:48:10.347,0.79,0.03,35,0.0,0.8,0.000,-0.0,0,HAYIR,HAYIR
2026-08-19 19:48:10.407,0.79,0.02,36,0.0,0.9,0.000,-0.0,0,HAYIR,HAYIR
2026-08-19 19:48:10.467,0.79,0.02,36,0.0,0.9,0.000,-0.0,0,HAYIR,HAYIR
2026-08-19 19:48:10.527,0.79,0.02,36,0.0,1.0,0.000,-0.0,0,HAYIR,HAYIR
2026-08-19 19:48:10.587,0.79,0.02,36,0.0,1.1,0.000,-0.0,0,HAYIR,HAYIR
2026-08-19 19:48:10.647,0.79,0.02,36,0.0,1.2,0.000,-0.0,0,HAYIR,HAYIR
2026-08-19 19:48:10.707,0.79,0.02,36,0.0,1.2,0.000,-0.0,0,HAYIR,HAYIR
2026-08-19 19:48:10.767,0.79,0.01,37,0.0,1.3,0.000,-0.0,0,HAYIR,HAYIR
2026-08-19 19:48:10.827,0.80,0.01,37,0.0,1.4,0.000,-0.0,0,HAYIR,HAYIR
2026-08-19 19:48:10.887,0.79,0.01,37,0.0,1.5,0.000,-0.0,0,HAYIR,HAYIR
2026-08-19 19:48:10.947,0.79,0.01,37,0.0,1.6,0.000,-0.0,0,HAYIR,HAYIR
2026-08-19 19:48:11.007,0.79,0.01,37,0.0,1.6,0.000,-0.0,0,HAYIR,HAYIR
2026-08-19 19:48:11.067,0.79,0.01,37,0.0,1.7,0.000,-0.0,0,HAYIR,HAYIR
2026-08-19 19:48:11.127,0.79,0.01,37,0.0,1.8,0.000,-0.0,0,HAYIR,HAYIR
2026-08-19 19:48:11.187,0.79,0.01,37,0.0,1.9,0.000,-0.0,0,HAYIR,HAYIR
2026-08-19 19:48:11.247,0.79,0.01,38,0.0,1.9,0.000,-0.0,0,HAYIR,HAYIR
2026-08-19 19:48:11.307,0.79,0.01,38,0.0,2.0,0.000,-0.0,0,HAYIR,HAYIR
2026-08-19 19:48:11.367,0.79,0.01,38,0.0,2.1,0.000,-0.0,0,HAYIR,HAYIR
2026-08-19 19:48:11.427,0.79,0.01,38,0.0,2.2,0.000,-0.0,0,HAYIR,HAYIR
2026-08-19 19:48:11.487,0.78,0.01,38,0.0,2.3,0.000,-0.0,0,HAYIR,HAYIR
2026-08-19 19:48:11.547,0.78,0.01,38,0.0,2.3,0.000,-0.0,0,HAYIR,HAYIR
2026-08-19 19:48:11.607,0.79,0.01,38,0.0,2.4,0.000,-0.0,0,HAYIR,HAYIR
2026-08-19 19:48:11.667,0.79,0.01,38,0.0,2.5,0.000,-0.0,0,HAYIR,HAYIR
2026-08-19 19:48:11.727,0.79,0.01,38,0.0,2.6,0.000,-0.0,0,HAYIR,HAYIR
2026-08-19 19:48:11.787,0.79,0.00,38,0.0,2.7,0.000,-0.0,0,HAYIR,HAYIR
2026-08-19 19:48:11.847,0.79,0.00,38,0.0,2.7,0.000,-0.0,0,HAYIR,HAYIR
2026-08-19 19:48:11.907,0.79,0.00,38,0.0,2.8,0.000,-0.0,0,HAYIR,HAYIR
2026-08-19 19:48:11.967,0.79,0.00,38,0.0,2.9,0.000,-0.0,0,HAYIR,HAYIR
2026-08-19 19:48:12.027,0.79,0.00,38,0.0,3.0,0.000,-0.0,0,HAYIR,HAYIR
2026-08-19 19:48:12.087,0.79,0.00,38,0.0,3.0,0.000,-0.0,0,HAYIR,HAYIR
2026-08-19 19:48:12.147,0.80,0.00,38,0.0,3.1,0.000,-0.0,0,HAYIR,HAYIR
2026-08-19 19:48:12.207,0.80,0.00,38,0.0,3.2,0.000,-0.0,0,HAYIR,HAYIR
2026-08-19 19:48:12.267,0.80,0.00,38,0.0,3.3,0.000,-0.0,0,HAYIR,HAYIR
2026-08-19 19:48:12.327,0.79,0.00,38,0.0,3.4,0.000,-0.0,0,HAYIR,HAYIR
2026-08-19 19:48:12.387,0.79,0.00,38,0.0,3.4,0.000,-0.0,0,HAYIR,HAYIR
2026-08-19 19:48:12.447,0.78,0.00,38,0.0,3.5,0.000,-0.0,0,HAYIR,HAYIR
2026-08-19 19:48:12.507,0.78,0.00,38,0.0,3.6,0.000,-0.0,0,HAYIR,HAYIR
2026-08-19 19:48:12.567,0.78,0.00,38,0.0,3.7,0.000,-0.0,0,HAYIR,HAYIR
2026-08-19 19:48:12.627,0.79,0.00,38,0.0,3.7,0.000,-0.0,0,HAYIR,HAYIR
2026-08-19 19:48:12.687,0.79,0.00,38,0.0,3.8,0.000,-0.0,0,HAYIR,HAYIR
2026-08-19 19:48:12.747,0.79,0.00,38,0.0,3.9,0.000,-0.0,0,HAYIR,HAYIR
2026-08-19 19:48:12.807,0.79,0.00,38,0.0,4.0,0.000,-0.0,0,HAYIR,HAYIR
2026-08-19 19:48:12.867,0.79,0.00,38,0.0,4.1,0.000,-0.0,0,HAYIR,HAYIR
2026-08-19 19:48:12.927,0.79,0.00,38,0.0,4.1,0.000,-0.0,0,HAYIR,HAYIR
2026-08-19 19:48:12.987,0.79,0.00,38,0.0,4.2,0.000,-0.0,0,HAYIR,HAYIR
2026-08-19 19:48:13.047,0.79,0.00,38,0.0,4.3,0.000,-0.0,0,HAYIR,HAYIR
2026-08-19 19:48:13.107,0.79,0.00,38,0.0,4.4,0.000,-0.0,0,HAYIR,HAYIR
2026-08-19 19:48:13.167,0.78,0.00,38,0.0,4.4,0.000,-0.0,0,HAYIR,HAYIR
2026-08-19 19:48:13.227,0.78,0.00,38,0.0,4.5,0.000,-0.0,0,HAYIR,HAYIR
2026-08-19 19:48:13.287,0.79,0.00,38,0.0,4.6,0.000,-0.0,0,HAYIR,HAYIR
2026-08-19 19:48:13.347,0.79,0.00,38,0.0,4.7,0.000,-0.0,0,HAYIR,HAYIR
2026-08-19 19:48:13.407,0.79,0.00,38,0.0,4.8,0.000,-0.0,0,HAYIR,HAYIR
2026-08-19 19:48:13.467,0.79,0.00,38,0.0,4.8,0.000,-0.0,0,HAYIR,HAYIR
2026-08-19 19:48:13.527,0.78,0.00,38,0.0,4.9,0.000,-0.0,0,HAYIR,HAYIR
2026-08-19 19:48:13.587,0.79,0.00,38,0.0,5.0,0.000,-0.0,0,HAYIR,HAYIR
2026-08-19 19:48:13.647,0.79,0.00,38,0.0,5.1,0.000,-0.0,0,HAYIR,HAYIR
2026-08-19 19:48:13.707,0.79,0.00,38,0.0,5.1,0.000,-0.0,0,HAYIR,HAYIR
2026-08-19 19:48:13.767,0.79,0.00,38,0.0,5.2,0.000,-0.0,0,HAYIR,HAYIR
2026-08-19 19:48:13.827,0.78,0.00,38,0.0,5.3,0.000,-0.0,0,HAYIR,HAYIR
2026-08-19 19:48:13.887,0.78,0.00,38,0.0,5.4,0.000,-0.0,0,HAYIR,HAYIR
2026-08-19 19:48:13.947,0.78,0.00,38,0.0,5.5,0.000,-0.0,0,HAYIR,HAYIR
2026-08-19 19:48:14.007,0.79,0.00,38,0.0,5.5,0.000,-0.0,0,HAYIR,HAYIR
2026-08-19 19:48:14.067,0.79,0.00,38,0.0,5.6,0.000,-0.0,0,HAYIR,HAYIR
2026-08-19 19:48:14.127,0.78,0.00,38,0.0,5.7,0.000,-0.0,0,HAYIR,HAYIR
2026-08-19 19:48:14.187,0.78,0.00,38,0.0,5.8,0.000,-0.0,0,HAYIR,HAYIR
2026-08-19 19:48:14.247,0.78,0.00,38,0.0,5.8,0.000,-0.0,0,HAYIR,HAYIR
2026-08-19 19:48:14.307,0.79,0.00,38,0.0,5.9,0.000,-0.0,0,HAYIR,HAYIR
2026-08-19 19:48:14.367,0.79,0.00,38,0.0,6.0,0.000,-0.0,0,HAYIR,HAYIR
2026-08-19 19:48:14.427,0.79,0.00,38,0.0,6.1,0.000,-0.0,0,HAYIR,HAYIR
2026-08-19 19:48:14.487,0.79,0.00,38,0.0,6.2,0.000,-0.0,0,HAYIR,HAYIR
2026-08-19 19:48:14.547,0.78,0.00,38,0.0,6.2,0.000,-0.0,0,HAYIR,HAYIR
2026-08-19 19:48:14.607,0.78,0.00,38,0.0,6.3,0.000,-0.0,0,HAYIR,HAYIR
2026-08-19 19:48:14.667,0.78,0.00,38,0.0,6.4,0.000,-0.0,0,HAYIR,HAYIR
2026-08-19 19:48:14.727,0.79,0.00,38,0.0,6.5,0.000,-0.0,0,HAYIR,HAYIR
2026-08-19 19:48:14.787,0.79,0.00,38,0.0,6.6,0.000,-0.0,0,HAYIR,HAYIR
2026-08-19 19:48:14.847,0.80,0.00,38,0.0,6.6,0.000,-0.0,0,HAYIR,HAYIR
2026-08-19 19:48:14.907,0.80,0.00,38,0.0,6.7,0.000,-0.0,0,HAYIR,HAYIR
2026-08-19 19:48:14.967,0.80,0.00,38,0.0,6.8,0.000,-0.0,0,HAYIR,HAYIR
2026-08-19 19:48:15.027,0.79,0.00,38,0.0,6.9,0.000,-0.0,0,HAYIR,HAYIR
2026-08-19 19:48:15.087,0.79,0.00,38,0.0,6.9,0.000,-0.0,0,HAYIR,HAYIR
2026-08-19 19:48:15.147,0.80,0.00,38,0.0,7.0,0.000,-0.0,0,HAYIR,HAYIR
2026-08-19 19:48:15.207,0.80,0.00,38,0.0,7.1,0.000,-0.0,0,HAYIR,HAYIR
2026-08-19 19:48:15.267,0.80,0.00,38,0.0,7.2,0.000,-0.0,0,HAYIR,HAYIR
2026-08-19 19:48:15.327,0.79,0.00,38,0.0,7.3,0.000,-0.0,0,HAYIR,HAYIR
2026-08-19 19:48:15.387,0.79,0.00,38,0.0,7.3,0.000,-0.0,0,HAYIR,HAYIR
2026-08-19 19:48:15.447,0.80,0.00,38,0.0,7.4,0.000,-0.0,0,HAYIR,HAYIR
2026-08-19 19:48:15.507,0.80,0.00,38,0.0,7.5,0.000,-0.0,0,HAYIR,HAYIR
2026-08-19 19:48:15.567,0.80,0.00,38,0.0,7.6,0.000,-0.0,0,HAYIR,HAYIR
2026-08-19 19:48:15.627,0.79,0.00,38,0.0,7.6,0.000,-0.0,0,HAYIR,HAYIR
2026-08-19 19:48:15.687,0.79,0.00,38,0.0,7.7,0.000,-0.0,0,HAYIR,HAYIR
2026-08-19 19:48:15.747,0.79,0.00,38,0.0,7.8,0.000,-0.0,0,HAYIR,HAYIR
2026-08-19 19:48:15.807,0.80,0.00,38,0.0,7.9,0.000,-0.0,0,HAYIR,HAYIR
2026-08-19 19:48:15.867,0.80,0.00,38,0.0,8.0,0.000,-0.0,0,HAYIR,HAYIR
2026-08-19 19:48:15.927,0.79,0.00,38,0.0,8.0,0.000,-0.0,0,HAYIR,HAYIR
2026-08-19 19:48:15.987,0.79,0.00,38,0.0,8.1,0.000,-0.0,0,HAYIR,HAYIR
2026-08-19 19:48:16.047,0.79,0.00,38,0.0,8.2,0.000,-0.0,0,HAYIR,HAYIR
2026-08-19 19:48:16.107,0.79,0.00,38,0.0,8.3,0.000,-0.0,0,HAYIR,HAYIR
2026-08-19 19:48:16.167,0.79,0.00,38,0.0,8.3,0.000,-0.0,0,HAYIR,HAYIR
2026-08-19 19:48:16.227,0.78,0.00,38,0.0,8.4,0.000,-0.0,0,HAYIR,HAYIR
2026-08-19 19:48:16.287,0.79,0.00,38,0.0,8.5,0.000,-0.0,0,HAYIR,HAYIR
2026-08-19 19:48:16.347,0.79,0.00,38,0.0,8.6,-0.030,18.0,1,HAYIR,HAYIR
2026-08-19 19:48:16.407,0.79,0.00,38,0.0,8.7,-0.030,18.2,3,HAYIR,HAYIR
2026-08-19 19:48:16.467,0.79,0.00,38,0.0,8.7,-0.030,18.2,4,HAYIR,HAYIR
2026-08-19 19:48:16.527,0.79,0.00,38,0.0,8.8,0.000,-0.0,3,HAYIR,HAYIR
2026-08-19 19:48:16.587,0.79,0.00,38,0.0,8.9,0.000,-0.0,1,HAYIR,HAYIR
2026-08-19 19:48:16.647,0.79,0.00,38,0.0,9.0,0.000,-0.0,0,HAYIR,HAYIR
2026-08-19 19:48:16.707,0.79,0.00,38,0.0,9.0,0.000,-0.0,0,HAYIR,HAYIR
2026-08-19 19:48:16.767,0.79,0.00,38,0.0,9.1,0.000,-0.0,0,HAYIR,HAYIR
2026-08-19 19:48:16.827,0.79,0.00,38,0.0,9.2,0.000,-0.0,0,HAYIR,HAYIR
2026-08-19 19:48:16.887,0.79,0.00,38,0.0,9.3,0.000,-0.0,0,HAYIR,HAYIR
2026-08-19 19:48:16.947,0.79,0.00,38,0.0,9.4,0.000,-0.0,0,HAYIR,HAYIR
2026-08-19 19:48:17.007,0.79,0.00,38,0.0,9.4,0.000,-0.0,0,HAYIR,HAYIR
2026-08-19 19:48:17.067,0.79,0.00,38,0.0,9.5,0.000,-0.0,0,HAYIR,HAYIR
2026-08-19 19:48:17.127,0.79,0.00,38,0.0,9.6,0.000,-0.0,0,HAYIR,HAYIR
2026-08-19 19:48:17.187,0.79,0.00,38,0.0,9.7,0.000,-0.0,0,HAYIR,HAYIR
2026-08-19 19:48:17.247,0.79,0.00,38,0.0,9.7,0.000,-0.0,0,HAYIR,HAYIR
2026-08-19 19:48:17.307,0.79,0.00,38,0.0,9.8,0.000,-0.0,0,HAYIR,HAYIR
2026-08-19 19:48:17.367,0.79,0.00,38,0.0,9.9,0.000,-0.0,0,HAYIR,HAYIR
2026-08-19 19:48:17.427,0.79,0.00,38,0.0,10.0,0.000,-0.0,0,HAYIR,HAYIR
2026-08-19 19:48:17.487,0.79,0.00,38,0.0,10.1,0.000,-0.0,0,HAYIR,HAYIR
2026-08-19 19:48:17.547,0.79,0.00,38,0.0,10.1,0.000,-0.0,0,HAYIR,HAYIR
2026-08-19 19:48:17.607,0.79,0.00,38,0.0,10.2,0.000,-0.0,0,HAYIR,HAYIR
2026-08-19 19:48:17.667,0.79,0.00,38,0.0,10.3,0.000,-0.0,0,HAYIR,HAYIR
2026-08-19 19:48:17.727,0.79,0.00,38,0.0,10.4,0.000,-0.0,0,HAYIR,HAYIR
2026-08-19 19:48:17.787,0.79,0.00,38,0.0,10.5,0.000,-0.0,0,HAYIR,HAYIR
2026-08-19 19:48:17.847,0.79,0.00,38,0.0,10.5,0.000,-0.0,0,HAYIR,HAYIR
2026-08-19 19:48:17.907,0.79,0.00,38,0.0,10.6,0.000,-0.0,0,HAYIR,HAYIR
2026-08-19 19:48:17.967,0.79,0.00,38,0.0,10.7,0.000,-0.0,0,HAYIR,HAYIR
2026-08-19 19:48:18.027,0.79,0.00,38,0.0,10.8,0.000,-0.0,0,HAYIR,HAYIR
2026-08-19 19:48:18.087,0.79,0.00,38,0.0,10.8,0.000,-0.0,0,HAYIR,HAYIR
2026-08-19 19:48:18.147,0.79,0.00,38,0.0,10.9,0.000,-0.0,0,HAYIR,HAYIR
2026-08-19 19:48:18.207,0.79,0.00,38,0.0,11.0,0.000,-0.0,0,HAYIR,HAYIR
2026-08-19 19:48:18.267,0.79,0.00,38,0.0,11.1,0.000,-0.0,0,HAYIR,HAYIR
2026-08-19 19:48:18.327,0.79,0.00,38,0.0,11.2,0.000,-0.0,0,HAYIR,HAYIR
2026-08-19 19:48:18.387,0.79,0.00,38,0.0,11.2,0.000,-0.0,0,HAYIR,HAYIR
2026-08-19 19:48:18.447,0.79,0.00,38,0.0,11.3,0.000,-0.0,0,HAYIR,HAYIR
2026-08-19 19:48:18.507,0.79,0.00,38,0.0,11.4,0.000,-0.0,0,HAYIR,HAYIR
2026-08-19 19:48:18.567,0.79,0.00,38,0.0,11.5,0.000,-0.0,0,HAYIR,HAYIR
2026-08-19 19:48:18.627,0.79,0.00,38,0.0,11.5,0.000,-0.0,0,HAYIR,HAYIR
2026-08-19 19:48:18.687,0.79,0.00,38,0.0,11.6,0.000,-0.0,0,HAYIR,HAYIR
2026-08-19 19:48:18.747,0.79,0.00,38,0.0,11.7,0.000,-0.0,0,HAYIR,HAYIR
2026-08-19 19:48:18.807,0.79,0.00,38,0.0,11.8,0.000,-0.0,0,HAYIR,HAYIR
2026-08-19 19:48:18.867,0.79,0.00,38,0.0,11.9,0.000,-0.0,0,HAYIR,HAYIR
2026-08-19 19:48:18.927,0.79,0.00,38,0.0,11.9,0.000,-0.0,0,HAYIR,HAYIR
2026-08-19 19:48:18.987,0.79,0.00,38,0.0,12.0,0.000,-0.0,0,HAYIR,HAYIR
2026-08-19 19:48:19.047,0.79,0.00,38,0.0,12.1,0.000,-0.0,0,HAYIR,HAYIR
2026-08-19 19:48:19.107,0.79,0.00,38,0.0,12.2,0.000,-0.0,0,HAYIR,HAYIR
2026-08-19 19:48:19.167,0.79,0.00,38,0.0,12.2,0.000,-0.0,0,HAYIR,HAYIR
2026-08-19 19:48:19.227,0.79,0.00,38,0.0,12.3,0.000,-0.0,0,HAYIR,HAYIR
2026-08-19 19:48:19.287,0.79,0.00,38,0.0,12.4,0.000,-0.0,0,HAYIR,HAYIR
2026-08-19 19:48:19.347,0.79,0.00,38,0.0,12.5,0.000,-0.0,0,HAYIR,HAYIR
2026-08-19 19:48:19.407,0.79,0.00,38,0.0,12.6,0.000,-0.0,0,HAYIR,HAYIR
2026-08-19 19:48:19.467,0.79,0.00,38,0.0,12.6,0.000,-0.0,0,HAYIR,HAYIR
2026-08-19 19:48:19.527,0.79,0.00,38,0.0,12.7,0.000,-0.0,0,HAYIR,HAYIR
2026-08-19 19:48:19.587,0.79,0.00,38,0.0,12.8,0.000,-0.0,0,HAYIR,HAYIR
2026-08-19 19:48:19.647,0.79,0.00,38,0.0,12.9,0.000,-0.0,0,HAYIR,HAYIR
2026-08-19 19:48:19.707,0.79,0.00,38,0.0,12.9,0.000,-0.0,0,HAYIR,HAYIR
2026-08-19 19:48:19.767,0.79,0.00,38,0.0,13.0,0.000,-0.0,0,HAYIR,HAYIR
2026-08-19 19:48:19.827,0.79,0.00,38,0.0,13.1,0.000,-0.0,0,HAYIR,HAYIR
2026-08-19 19:48:19.887,0.79,0.00,38,0.0,13.2,0.000,-0.0,0,HAYIR,HAYIR
2026-08-19 19:48:19.947,0.79,0.00,38,0.0,13.3,0.000,-0.0,0,HAYIR,HAYIR
2026-08-19 19:48:20.007,0.79,0.00,38,0.0,13.3,0.000,-0.0,0,HAYIR,HAYIR
2026-08-19 19:48:20.067,0.79,0.00,38,0.0,13.4,0.000,-0.0,0,HAYIR,HAYIR
2026-08-19 19:48:20.127,0.79,0.00,38,0.0,13.5,0.000,-0.0,0,HAYIR,HAYIR
2026-08-19 19:48:20.187,0.79,0.00,38,0.0,13.6,0.000,-0.0,0,HAYIR,HAYIR
2026-08-19 19:48:20.247,0.79,0.00,38,0.0,13.6,0.000,-0.0,0,HAYIR,HAYIR
2026-08-19 19:48:20.307,0.79,0.00,38,0.0,13.7,0.000,-0.0,0,HAYIR,HAYIR
2026-08-19 19:48:20.367,0.79,0.00,38,0.0,13.8,0.000,-0.0,0,HAYIR,HAYIR
2026-08-19 19:48:20.427,0.79,0.00,38,0.0,13.9,0.000,-0.0,0,HAYIR,HAYIR
2026-08-19 19:48:20.487,0.79,0.00,38,0.0,14.0,0.000,-0.0,0,HAYIR,HAYIR
2026-08-19 19:48:20.547,0.79,0.00,38,0.0,14.0,0.000,-0.0,0,HAYIR,HAYIR
2026-08-19 19:48:20.607,0.79,0.00,38,0.0,14.1,0.000,-0.0,0,HAYIR,HAYIR
2026-08-19 19:48:20.667,0.79,0.00,38,0.0,14.2,0.000,-0.0,0,HAYIR,HAYIR
2026-08-19 19:48:20.727,0.79,0.00,38,0.0,14.3,0.000,-0.0,0,HAYIR,HAYIR
2026-08-19 19:48:20.787,0.79,0.00,38,0.0,14.4,0.000,-0.0,0,HAYIR,HAYIR
2026-08-19 19:48:20.847,0.79,0.00,38,0.0,14.4,0.000,-0.0,0,HAYIR,HAYIR
2026-08-19 19:48:20.907,0.79,0.00,38,0.0,14.5,0.000,-0.0,0,HAYIR,HAYIR
2026-08-19 19:48:20.967,0.79,0.00,38,0.0,14.6,0.000,-0.0,0,HAYIR,HAYIR
2026-08-19 19:48:21.027,0.79,0.00,38,0.0,14.7,0.000,-0.0,0,HAYIR,HAYIR
2026-08-19 19:48:21.087,0.79,0.00,38,0.0,14.7,0.000,-0.0,0,HAYIR,HAYIR
2026-08-19 19:48:21.147,0.79,0.00,38,0.0,14.8,0.000,-0.0,0,HAYIR,HAYIR
2026-08-19 19:48:21.207,0.79,0.00,38,0.0,14.9,0.000,-0.0,0,HAYIR,HAYIR
2026-08-19 19:48:21.267,0.79,0.00,38,0.0,15.0,0.000,-0.0,0,HAYIR,HAYIR
