Timestamp,HedefLinX_m_s,AnlikHiz_m_s,MotorGucu,TurnBoost,StallBoost,HedefAngZ_rad_s,HedefAci_deg,YayinAci_deg,Fren,GeriVites
2026-08-19 09:29:47.518,0.00,0.00,0,0.0,0.0,0.000,0.0,0,HAYIR,HAYIR
2026-08-19 09:29:47.538,0.00,0.00,0,0.0,0.0,0.000,0.0,0,HAYIR,HAYIR
2026-08-19 09:29:47.558,0.00,0.00,0,0.0,0.0,0.000,0.0,0,HAYIR,HAYIR
2026-08-19 09:29:47.578,0.00,0.00,0,0.0,0.0,0.000,0.0,0,HAYIR,HAYIR
2026-08-19 09:29:47.598,0.00,0.00,0,0.0,0.0,0.000,0.0,0,HAYIR,HAYIR
2026-08-19 09:29:47.618,0.00,0.00,0,0.0,0.0,0.000,0.0,0,HAYIR,HAYIR
2026-08-19 09:29:47.638,0.00,0.00,0,0.0,0.0,0.000,0.0,0,HAYIR,HAYIR
2026-08-19 09:29:47.658,0.00,0.00,0,0.0,0.0,0.000,0.0,0,HAYIR,HAYIR
2026-08-19 09:29:47.678,0.00,0.00,0,0.0,0.0,0.000,0.0,0,HAYIR,HAYIR
2026-08-19 09:29:47.698,0.00,0.00,0,0.0,0.0,0.000,0.0,0,HAYIR,HAYIR
2026-08-19 09:29:47.718,0.00,0.00,0,0.0,0.0,0.000,0.0,0,HAYIR,HAYIR
2026-08-19 09:29:47.738,0.00,0.00,0,0.0,0.0,0.000,0.0,0,HAYIR,HAYIR
2026-08-19 09:29:47.758,0.00,0.00,0,0.0,0.0,0.000,0.0,0,HAYIR,HAYIR
2026-08-19 09:29:47.778,0.00,0.00,0,0.0,0.0,0.000,0.0,0,HAYIR,HAYIR
2026-08-19 09:29:47.798,0.00,0.00,0,0.0,0.0,0.000,0.0,0,HAYIR,HAYIR
2026-08-19 09:29:47.818,0.00,0.00,0,0.0,0.0,0.000,0.0,0,HAYIR,HAYIR
2026-08-19 09:29:47.838,0.00,0.00,0,0.0,0.0,0.000,0.0,0,HAYIR,HAYIR
2026-08-19 09:29:47.858,0.00,0.00,0,0.0,0.0,0.000,0.0,0,HAYIR,HAYIR
2026-08-19 09:29:47.878,0.00,0.00,0,0.0,0.0,0.000,0.0,0,HAYIR,HAYIR
2026-08-19 09:29:47.898,0.00,0.00,0,0.0,0.0,0.000,0.0,0,HAYIR,HAYIR
2026-08-19 09:29:47.918,0.00,0.00,0,0.0,0.0,0.000,0.0,0,HAYIR,HAYIR
2026-08-19 09:29:47.938,0.00,0.00,0,0.0,0.0,0.000,0.0,0,HAYIR,HAYIR
2026-08-19 09:29:47.958,0.00,0.00,0,0.0,0.0,0.000,0.0,0,HAYIR,HAYIR
2026-08-19 09:29:47.978,0.00,0.00,0,0.0,0.0,0.000,0.0,0,HAYIR,HAYIR
2026-08-19 09:29:47.998,0.00,0.00,0,0.0,0.0,0.000,0.0,0,HAYIR,HAYIR
2026-08-19 09:29:48.018,0.00,0.00,0,0.0,0.0,0.000,0.0,0,HAYIR,HAYIR
2026-08-19 09:29:48.038,0.00,0.00,0,0.0,0.0,0.000,0.0,0,HAYIR,HAYIR
2026-08-19 09:29:48.058,0.00,0.00,0,0.0,0.0,0.000,0.0,0,HAYIR,HAYIR
2026-08-19 09:29:48.078,0.00,0.00,0,0.0,0.0,0.000,0.0,0,HAYIR,HAYIR
2026-08-19 09:29:48.098,0.00,0.00,0,0.0,0.0,0.000,0.0,0,HAYIR,HAYIR
2026-08-19 09:29:48.118,0.00,0.00,0,0.0,0.0,0.000,0.0,0,HAYIR,HAYIR
2026-08-19 09:29:48.138,0.00,0.00,0,0.0,0.0,0.000,0.0,0,HAYIR,HAYIR
2026-08-19 09:29:48.158,0.00,0.00,0,0.0,0.0,0.000,0.0,0,HAYIR,HAYIR
2026-08-19 09:29:48.178,0.00,0.00,0,0.0,0.0,0.000,0.0,0,HAYIR,HAYIR
2026-08-19 09:29:48.198,0.00,0.00,0,0.0,0.0,0.000,0.0,0,HAYIR,HAYIR
2026-08-19 09:29:48.218,0.00,0.00,0,0.0,0.0,0.000,0.0,0,HAYIR,HAYIR
2026-08-19 09:29:48.238,0.00,0.00,0,0.0,0.0,0.000,0.0,0,HAYIR,HAYIR
2026-08-19 09:29:48.258,0.00,0.00,0,0.0,0.0,0.000,0.0,0,HAYIR,HAYIR
2026-08-19 09:29:48.278,0.00,0.00,0,0.0,0.0,0.000,0.0,0,HAYIR,HAYIR
2026-08-19 09:29:48.298,0.00,0.00,0,0.0,0.0,0.000,0.0,0,HAYIR,HAYIR
2026-08-19 09:29:48.318,0.00,0.00,0,0.0,0.0,0.000,0.0,0,HAYIR,HAYIR
2026-08-19 09:29:48.338,0.00,0.00,0,0.0,0.0,0.000,0.0,0,HAYIR,HAYIR
2026-08-19 09:29:48.358,0.00,0.00,0,0.0,0.0,0.000,0.0,0,HAYIR,HAYIR
2026-08-19 09:29:48.378,0.00,0.00,0,0.0,0.0,0.000,0.0,0,HAYIR,HAYIR
2026-08-19 09:29:48.398,0.00,0.00,0,0.0,0.0,0.000,0.0,0,HAYIR,HAYIR
2026-08-19 09:29:48.418,0.00,0.00,0,0.0,0.0,0.000,0.0,0,HAYIR,HAYIR
2026-08-19 09:29:48.438,0.00,0.00,0,0.0,0.0,0.000,0.0,0,HAYIR,HAYIR
2026-08-19 09:29:48.458,0.00,0.00,0,0.0,0.0,0.000,0.0,0,HAYIR,HAYIR
2026-08-19 09:29:48.478,0.00,0.00,0,0.0,0.0,0.000,0.0,0,HAYIR,HAYIR
2026-08-19 09:29:48.498,0.00,0.00,0,0.0,0.0,0.000,0.0,0,HAYIR,HAYIR
2026-08-19 09:29:48.518,0.00,0.00,0,0.0,0.0,0.000,0.0,0,HAYIR,HAYIR
2026-08-19 09:29:48.538,0.00,0.00,0,0.0,0.0,0.000,0.0,0,HAYIR,HAYIR
2026-08-19 09:29:48.558,0.00,0.00,0,0.0,0.0,0.000,0.0,0,HAYIR,HAYIR
2026-08-19 09:29:48.578,0.00,0.00,0,0.0,0.0,0.000,0.0,0,HAYIR,HAYIR
2026-08-19 09:29:48.598,0.00,0.00,0,0.0,0.0,0.000,0.0,0,HAYIR,HAYIR
2026-08-19 09:29:48.618,0.00,0.00,0,0.0,0.0,0.000,0.0,0,HAYIR,HAYIR
2026-08-19 09:29:48.638,0.00,0.00,0,0.0,0.0,0.000,0.0,0,HAYIR,HAYIR
2026-08-19 09:29:48.658,0.00,0.00,0,0.0,0.0,0.000,0.0,0,HAYIR,HAYIR
2026-08-19 09:29:48.678,0.00,0.00,0,0.0,0.0,0.000,0.0,0,HAYIR,HAYIR
2026-08-19 09:29:48.698,0.00,0.00,0,0.0,0.0,0.000,0.0,0,HAYIR,HAYIR
2026-08-19 09:29:48.718,0.00,0.00,0,0.0,0.0,0.000,0.0,0,HAYIR,HAYIR
2026-08-19 09:29:48.738,0.00,0.00,0,0.0,0.0,0.000,0.0,0,HAYIR,HAYIR
2026-08-19 09:29:48.758,0.00,0.00,0,0.0,0.0,0.000,0.0,0,HAYIR,HAYIR
2026-08-19 09:29:48.778,0.00,0.00,0,0.0,0.0,0.000,0.0,0,HAYIR,HAYIR
2026-08-19 09:29:48.798,0.00,0.00,0,0.0,0.0,0.000,0.0,0,HAYIR,HAYIR
2026-08-19 09:29:48.818,0.00,0.00,0,0.0,0.0,0.000,0.0,0,HAYIR,HAYIR
2026-08-19 09:29:48.838,0.00,0.00,0,0.0,0.0,0.000,0.0,0,HAYIR,HAYIR
2026-08-19 09:29:48.858,0.00,0.00,0,0.0,0.0,0.000,0.0,0,HAYIR,HAYIR
2026-08-19 09:29:48.878,0.00,0.00,0,0.0,0.0,0.000,0.0,0,HAYIR,HAYIR
2026-08-19 09:29:48.898,0.00,0.00,0,0.0,0.0,0.000,0.0,0,HAYIR,HAYIR
2026-08-19 09:29:48.918,0.00,0.00,0,0.0,0.0,0.000,0.0,0,HAYIR,HAYIR
2026-08-19 09:29:48.938,0.00,0.00,0,0.0,0.0,0.000,0.0,0,HAYIR,HAYIR
2026-08-19 09:29:48.958,0.00,0.00,0,0.0,0.0,0.000,0.0,0,HAYIR,HAYIR
2026-08-19 09:29:48.978,0.00,0.00,0,0.0,0.0,0.000,0.0,0,HAYIR,HAYIR
2026-08-19 09:29:48.998,0.00,0.00,0,0.0,0.0,0.000,0.0,0,HAYIR,HAYIR
2026-08-19 09:29:49.018,0.00,0.00,0,0.0,0.0,0.000,0.0,0,HAYIR,HAYIR
2026-08-19 09:29:49.038,0.00,0.00,0,0.0,0.0,0.000,0.0,0,HAYIR,HAYIR
2026-08-19 09:29:49.058,0.00,0.00,0,0.0,0.0,0.000,0.0,0,HAYIR,HAYIR
2026-08-19 09:29:49.078,0.00,0.00,0,0.0,0.0,0.000,0.0,0,HAYIR,HAYIR
2026-08-19 09:29:49.098,0.00,0.00,0,0.0,0.0,0.000,0.0,0,HAYIR,HAYIR
2026-08-19 09:29:49.118,0.00,0.00,0,0.0,0.0,0.000,0.0,0,HAYIR,HAYIR
2026-08-19 09:29:49.138,0.00,0.00,0,0.0,0.0,0.000,0.0,0,HAYIR,HAYIR
2026-08-19 09:29:49.158,0.00,0.00,0,0.0,0.0,0.000,0.0,0,HAYIR,HAYIR
2026-08-19 09:29:49.178,0.00,0.00,0,0.0,0.0,0.000,0.0,0,HAYIR,HAYIR
2026-08-19 09:29:49.198,0.00,0.00,0,0.0,0.0,0.000,0.0,0,HAYIR,HAYIR
2026-08-19 09:29:49.218,0.00,0.00,0,0.0,0.0,0.000,0.0,0,HAYIR,HAYIR
2026-08-19 09:29:49.238,0.00,0.00,0,0.0,0.0,0.000,0.0,0,HAYIR,HAYIR
2026-08-19 09:29:49.258,0.00,0.00,0,0.0,0.0,0.000,0.0,0,HAYIR,HAYIR
2026-08-19 09:29:49.278,0.00,0.00,0,0.0,0.0,0.000,0.0,0,HAYIR,HAYIR
2026-08-19 09:29:49.298,0.00,0.00,0,0.0,0.0,0.000,0.0,0,HAYIR,HAYIR
2026-08-19 09:29:49.318,0.00,0.00,0,0.0,0.0,0.000,0.0,0,HAYIR,HAYIR
2026-08-19 09:29:49.338,0.00,0.00,0,0.0,0.0,0.000,0.0,0,HAYIR,HAYIR
2026-08-19 09:29:49.358,0.00,0.00,0,0.0,0.0,0.000,0.0,0,HAYIR,HAYIR
2026-08-19 09:29:49.378,0.00,0.00,0,0.0,0.0,0.000,0.0,0,HAYIR,HAYIR
2026-08-19 09:29:49.398,0.00,0.00,0,0.0,0.0,0.000,0.0,0,HAYIR,HAYIR
2026-08-19 09:29:49.418,0.00,0.00,0,0.0,0.0,0.000,0.0,0,HAYIR,HAYIR
2026-08-19 09:29:49.438,0.00,0.00,0,0.0,0.0,0.000,0.0,0,HAYIR,HAYIR
2026-08-19 09:29:49.458,0.00,0.00,0,0.0,0.0,0.000,0.0,0,HAYIR,HAYIR
2026-08-19 09:29:49.478,0.00,0.00,0,0.0,0.0,0.000,0.0,0,HAYIR,HAYIR
2026-08-19 09:29:49.498,0.00,0.00,0,0.0,0.0,0.000,0.0,0,HAYIR,HAYIR
2026-08-19 09:29:49.518,0.00,0.00,0,0.0,0.0,0.000,0.0,0,HAYIR,HAYIR
2026-08-19 09:29:49.538,0.00,0.00,0,0.0,0.0,0.000,0.0,0,HAYIR,HAYIR
2026-08-19 09:29:49.558,0.00,0.00,0,0.0,0.0,0.000,0.0,0,HAYIR,HAYIR
2026-08-19 09:29:49.578,0.00,0.00,0,0.0,0.0,0.000,0.0,0,HAYIR,HAYIR
2026-08-19 09:29:49.598,0.00,0.00,0,0.0,0.0,0.000,0.0,0,HAYIR,HAYIR
2026-08-19 09:29:49.618,0.00,0.00,0,0.0,0.0,0.000,0.0,0,HAYIR,HAYIR
2026-08-19 09:29:49.638,0.00,0.00,0,0.0,0.0,0.000,0.0,0,HAYIR,HAYIR
2026-08-19 09:29:49.658,0.00,0.00,0,0.0,0.0,0.000,0.0,0,HAYIR,HAYIR
2026-08-19 09:29:49.678,0.00,0.00,0,0.0,0.0,0.000,0.0,0,HAYIR,HAYIR
2026-08-19 09:29:49.698,0.00,0.00,0,0.0,0.0,0.000,0.0,0,HAYIR,HAYIR
2026-08-19 09:29:49.718,0.00,0.00,0,0.0,0.0,0.000,0.0,0,HAYIR,HAYIR
2026-08-19 09:29:49.738,0.00,0.00,0,0.0,0.0,0.000,0.0,0,HAYIR,HAYIR
2026-08-19 09:29:49.758,0.00,0.00,0,0.0,0.0,0.000,0.0,0,HAYIR,HAYIR
2026-08-19 09:29:49.778,0.00,0.00,0,0.0,0.0,0.000,0.0,0,HAYIR,HAYIR
2026-08-19 09:29:49.798,0.00,0.00,0,0.0,0.0,0.000,0.0,0,HAYIR,HAYIR
2026-08-19 09:29:49.818,0.00,0.00,0,0.0,0.0,0.000,0.0,0,HAYIR,HAYIR
2026-08-19 09:29:49.838,0.00,0.00,0,0.0,0.0,0.000,0.0,0,HAYIR,HAYIR
2026-08-19 09:29:49.858,0.00,0.00,0,0.0,0.0,0.000,0.0,0,HAYIR,HAYIR
2026-08-19 09:29:49.878,0.00,0.00,0,0.0,0.0,0.000,0.0,0,HAYIR,HAYIR
2026-08-19 09:29:49.898,0.00,0.00,0,0.0,0.0,0.000,0.0,0,HAYIR,HAYIR
2026-08-19 09:29:49.918,0.00,0.00,0,0.0,0.0,0.000,0.0,0,HAYIR,HAYIR
2026-08-19 09:29:49.938,0.00,0.00,0,0.0,0.0,0.000,0.0,0,HAYIR,HAYIR
2026-08-19 09:29:49.958,0.00,0.00,0,0.0,0.0,0.000,0.0,0,HAYIR,HAYIR
2026-08-19 09:29:49.978,0.00,0.00,0,0.0,0.0,0.000,0.0,0,HAYIR,HAYIR
2026-08-19 09:29:49.998,0.00,0.00,0,0.0,0.0,0.000,0.0,0,HAYIR,HAYIR
2026-08-19 09:29:50.018,0.00,0.00,0,0.0,0.0,0.000,0.0,0,HAYIR,HAYIR
2026-08-19 09:29:50.038,0.00,0.00,0,0.0,0.0,0.000,0.0,0,HAYIR,HAYIR
2026-08-19 09:29:50.058,0.00,0.00,0,0.0,0.0,0.000,0.0,0,HAYIR,HAYIR
2026-08-19 09:29:50.078,0.00,0.00,0,0.0,0.0,0.000,0.0,0,HAYIR,HAYIR
2026-08-19 09:29:50.098,0.00,0.00,0,0.0,0.0,0.000,0.0,0,HAYIR,HAYIR
2026-08-19 09:29:50.118,0.00,0.00,0,0.0,0.0,0.000,0.0,0,HAYIR,HAYIR
2026-08-19 09:29:50.138,0.00,0.00,0,0.0,0.0,0.000,0.0,0,HAYIR,HAYIR
2026-08-19 09:29:50.158,0.00,0.00,0,0.0,0.0,0.000,0.0,0,HAYIR,HAYIR
2026-08-19 09:29:50.178,0.00,0.00,0,0.0,0.0,0.000,0.0,0,HAYIR,HAYIR
2026-08-19 09:29:50.198,0.00,0.00,0,0.0,0.0,0.000,0.0,0,HAYIR,HAYIR
2026-08-19 09:29:50.218,0.00,0.00,0,0.0,0.0,0.000,0.0,0,HAYIR,HAYIR
2026-08-19 09:29:50.238,0.00,0.00,0,0.0,0.0,0.000,0.0,0,HAYIR,HAYIR
2026-08-19 09:29:50.258,0.00,0.00,0,0.0,0.0,0.000,0.0,0,HAYIR,HAYIR
2026-08-19 09:29:50.278,0.00,0.00,0,0.0,0.0,0.000,0.0,0,HAYIR,HAYIR
2026-08-19 09:29:50.298,0.00,0.00,0,0.0,0.0,0.000,0.0,0,HAYIR,HAYIR
2026-08-19 09:29:50.318,0.00,0.00,0,0.0,0.0,0.000,0.0,0,HAYIR,HAYIR
2026-08-19 09:29:50.338,0.00,0.00,0,0.0,0.0,0.000,0.0,0,HAYIR,HAYIR
2026-08-19 09:29:50.358,0.00,0.00,0,0.0,0.0,0.000,0.0,0,HAYIR,HAYIR
2026-08-19 09:29:50.378,0.00,0.00,0,0.0,0.0,0.000,0.0,0,HAYIR,HAYIR
2026-08-19 09:29:50.398,0.00,0.00,0,0.0,0.0,0.000,0.0,0,HAYIR,HAYIR
2026-08-19 09:29:50.418,0.00,0.00,0,0.0,0.0,0.000,0.0,0,HAYIR,HAYIR
2026-08-19 09:29:50.438,0.00,0.00,0,0.0,0.0,0.000,0.0,0,HAYIR,HAYIR
2026-08-19 09:29:50.458,0.00,0.00,0,0.0,0.0,0.000,0.0,0,HAYIR,HAYIR
2026-08-19 09:29:50.478,0.00,0.00,0,0.0,0.0,0.000,0.0,0,HAYIR,HAYIR
2026-08-19 09:29:50.498,0.00,0.00,0,0.0,0.0,0.000,0.0,0,HAYIR,HAYIR
2026-08-19 09:29:50.518,0.00,0.00,0,0.0,0.0,0.000,0.0,0,HAYIR,HAYIR
2026-08-19 09:29:50.538,0.00,0.00,0,0.0,0.0,0.000,0.0,0,HAYIR,HAYIR
2026-08-19 09:29:50.558,0.00,0.00,0,0.0,0.0,0.000,0.0,0,HAYIR,HAYIR
2026-08-19 09:29:50.578,0.00,0.00,0,0.0,0.0,0.000,0.0,0,HAYIR,HAYIR
2026-08-19 09:29:50.598,0.00,0.00,0,0.0,0.0,0.000,0.0,0,HAYIR,HAYIR
2026-08-19 09:29:50.618,0.00,0.00,0,0.0,0.0,0.000,0.0,0,HAYIR,HAYIR
2026-08-19 09:29:50.638,0.00,0.00,0,0.0,0.0,0.000,0.0,0,HAYIR,HAYIR
2026-08-19 09:29:50.658,0.00,0.00,0,0.0,0.0,0.000,0.0,0,HAYIR,HAYIR
2026-08-19 09:29:50.678,0.00,0.00,0,0.0,0.0,0.000,0.0,0,HAYIR,HAYIR
2026-08-19 09:29:50.698,0.00,0.00,0,0.0,0.0,0.000,0.0,0,HAYIR,HAYIR
2026-08-19 09:29:50.718,0.00,0.00,0,0.0,0.0,0.000,0.0,0,HAYIR,HAYIR
2026-08-19 09:29:50.738,0.00,0.00,0,0.0,0.0,0.000,0.0,0,HAYIR,HAYIR
2026-08-19 09:29:50.758,0.00,0.00,0,0.0,0.0,0.000,0.0,0,HAYIR,HAYIR
2026-08-19 09:29:50.778,0.00,0.00,0,0.0,0.0,0.000,0.0,0,HAYIR,HAYIR
2026-08-19 09:29:50.798,0.00,0.00,0,0.0,0.0,0.000,0.0,0,HAYIR,HAYIR
2026-08-19 09:29:50.818,0.00,0.00,0,0.0,0.0,0.000,0.0,0,HAYIR,HAYIR
2026-08-19 09:29:50.838,0.00,0.00,0,0.0,0.0,0.000,0.0,0,HAYIR,HAYIR
2026-08-19 09:29:50.858,0.00,0.00,0,0.0,0.0,0.000,0.0,0,HAYIR,HAYIR
2026-08-19 09:29:50.878,0.00,0.00,0,0.0,0.0,0.000,0.0,0,HAYIR,HAYIR
2026-08-19 09:29:50.898,0.00,0.00,0,0.0,0.0,0.000,0.0,0,HAYIR,HAYIR
2026-08-19 09:29:50.918,0.00,0.00,0,0.0,0.0,0.000,0.0,0,HAYIR,HAYIR
2026-08-19 09:29:50.938,0.00,0.00,0,0.0,0.0,0.000,0.0,0,HAYIR,HAYIR
2026-08-19 09:29:50.958,0.00,0.00,0,0.0,0.0,0.000,0.0,0,HAYIR,HAYIR
2026-08-19 09:29:50.978,0.00,0.00,0,0.0,0.0,0.000,0.0,0,HAYIR,HAYIR
2026-08-19 09:29:50.998,0.00,0.00,0,0.0,0.0,0.000,0.0,0,HAYIR,HAYIR
2026-08-19 09:29:51.018,0.00,0.00,0,0.0,0.0,0.000,0.0,0,HAYIR,HAYIR
2026-08-19 09:29:51.038,0.00,0.00,0,0.0,0.0,0.000,0.0,0,HAYIR,HAYIR
2026-08-19 09:29:51.058,0.00,0.00,0,0.0,0.0,0.000,0.0,0,HAYIR,HAYIR
2026-08-19 09:29:51.078,0.00,0.00,0,0.0,0.0,0.000,0.0,0,HAYIR,HAYIR
2026-08-19 09:29:51.098,0.00,0.00,0,0.0,0.0,0.000,0.0,0,HAYIR,HAYIR
2026-08-19 09:29:51.118,0.00,0.00,0,0.0,0.0,0.000,0.0,0,HAYIR,HAYIR
2026-08-19 09:29:51.138,0.00,0.00,0,0.0,0.0,0.000,0.0,0,HAYIR,HAYIR
2026-08-19 09:29:51.158,0.00,0.00,0,0.0,0.0,0.000,0.0,0,HAYIR,HAYIR
2026-08-19 09:29:51.178,0.00,0.00,0,0.0,0.0,0.000,0.0,0,HAYIR,HAYIR
2026-08-19 09:29:51.198,0.00,0.00,0,0.0,0.0,0.000,0.0,0,HAYIR,HAYIR
2026-08-19 09:29:51.218,0.00,0.00,0,0.0,0.0,0.000,0.0,0,HAYIR,HAYIR
2026-08-19 09:29:51.238,0.00,0.00,0,0.0,0.0,0.000,0.0,0,HAYIR,HAYIR
2026-08-19 09:29:51.258,0.00,0.00,0,0.0,0.0,0.000,0.0,0,HAYIR,HAYIR
2026-08-19 09:29:51.278,0.00,0.00,0,0.0,0.0,0.000,0.0,0,HAYIR,HAYIR
2026-08-19 09:29:51.298,0.00,0.00,0,0.0,0.0,0.000,0.0,0,HAYIR,HAYIR
2026-08-19 09:29:51.318,0.00,0.00,0,0.0,0.0,0.000,0.0,0,HAYIR,HAYIR
2026-08-19 09:29:51.338,0.00,0.00,0,0.0,0.0,0.000,0.0,0,HAYIR,HAYIR
2026-08-19 09:29:51.358,0.00,0.00,0,0.0,0.0,0.000,0.0,0,HAYIR,HAYIR
2026-08-19 09:29:51.378,0.00,0.00,0,0.0,0.0,0.000,0.0,0,HAYIR,HAYIR
2026-08-19 09:29:51.398,0.00,0.00,0,0.0,0.0,0.000,0.0,0,HAYIR,HAYIR
2026-08-19 09:29:51.418,0.00,0.00,0,0.0,0.0,0.000,0.0,0,HAYIR,HAYIR
2026-08-19 09:29:51.438,0.00,0.00,0,0.0,0.0,0.000,0.0,0,HAYIR,HAYIR
2026-08-19 09:29:51.458,0.00,0.00,0,0.0,0.0,0.000,0.0,0,HAYIR,HAYIR
2026-08-19 09:29:51.478,0.00,0.00,0,0.0,0.0,0.000,0.0,0,HAYIR,HAYIR
2026-08-19 09:29:51.498,0.00,0.00,0,0.0,0.0,0.000,0.0,0,HAYIR,HAYIR
2026-08-19 09:29:51.518,0.00,0.00,0,0.0,0.0,0.000,0.0,0,HAYIR,HAYIR
2026-08-19 09:29:51.538,0.00,0.00,0,0.0,0.0,0.000,0.0,0,HAYIR,HAYIR
2026-08-19 09:29:51.558,0.00,0.00,0,0.0,0.0,0.000,0.0,0,HAYIR,HAYIR
2026-08-19 09:29:51.578,0.00,0.00,0,0.0,0.0,0.000,0.0,0,HAYIR,HAYIR
2026-08-19 09:29:51.598,0.00,0.00,0,0.0,0.0,0.000,0.0,0,HAYIR,HAYIR
2026-08-19 09:29:51.618,0.00,0.00,0,0.0,0.0,0.000,0.0,0,HAYIR,HAYIR
2026-08-19 09:29:51.638,0.00,0.00,0,0.0,0.0,0.000,0.0,0,HAYIR,HAYIR
2026-08-19 09:29:51.658,0.00,0.00,0,0.0,0.0,0.000,0.0,0,HAYIR,HAYIR
2026-08-19 09:29:51.678,0.00,0.00,0,0.0,0.0,0.000,0.0,0,HAYIR,HAYIR
2026-08-19 09:29:51.698,0.00,0.00,0,0.0,0.0,0.000,0.0,0,HAYIR,HAYIR
2026-08-19 09:29:51.718,0.00,0.00,0,0.0,0.0,0.000,0.0,0,HAYIR,HAYIR
2026-08-19 09:29:51.738,0.00,0.00,0,0.0,0.0,0.000,0.0,0,HAYIR,HAYIR
2026-08-19 09:29:51.758,0.00,0.00,0,0.0,0.0,0.000,0.0,0,HAYIR,HAYIR
2026-08-19 09:29:51.778,0.00,0.00,0,0.0,0.0,0.000,0.0,0,HAYIR,HAYIR
2026-08-19 09:29:51.798,0.00,0.00,0,0.0,0.0,0.000,0.0,0,HAYIR,HAYIR
2026-08-19 09:29:51.818,0.00,0.00,0,0.0,0.0,0.000,0.0,0,HAYIR,HAYIR
2026-08-19 09:29:51.838,0.00,0.00,0,0.0,0.0,0.000,0.0,0,HAYIR,HAYIR
2026-08-19 09:29:51.858,0.00,0.00,0,0.0,0.0,0.000,0.0,0,HAYIR,HAYIR
2026-08-19 09:29:51.878,0.00,0.00,0,0.0,0.0,0.000,0.0,0,HAYIR,HAYIR
2026-08-19 09:29:51.898,0.00,0.00,0,0.0,0.0,0.000,0.0,0,HAYIR,HAYIR
2026-08-19 09:29:51.918,0.00,0.00,0,0.0,0.0,0.000,0.0,0,HAYIR,HAYIR
2026-08-19 09:29:51.938,0.00,0.00,0,0.0,0.0,0.000,0.0,0,HAYIR,HAYIR
2026-08-19 09:29:51.958,0.00,0.00,0,0.0,0.0,0.000,0.0,0,HAYIR,HAYIR
2026-08-19 09:29:51.978,0.00,0.00,0,0.0,0.0,0.000,0.0,0,HAYIR,HAYIR
2026-08-19 09:29:51.998,0.00,0.00,0,0.0,0.0,0.000,0.0,0,HAYIR,HAYIR
2026-08-19 09:29:52.018,0.00,0.00,0,0.0,0.0,0.000,0.0,0,HAYIR,HAYIR
2026-08-19 09:29:52.038,0.00,0.00,0,0.0,0.0,0.000,0.0,0,HAYIR,HAYIR
2026-08-19 09:29:52.058,0.00,0.00,0,0.0,0.0,0.000,0.0,0,HAYIR,HAYIR
2026-08-19 09:29:52.078,0.00,0.00,0,0.0,0.0,0.000,0.0,0,HAYIR,HAYIR
2026-08-19 09:29:52.098,0.00,0.00,0,0.0,0.0,0.000,0.0,0,HAYIR,HAYIR
2026-08-19 09:29:52.118,0.00,0.00,0,0.0,0.0,0.000,0.0,0,HAYIR,HAYIR
2026-08-19 09:29:52.138,0.00,0.00,0,0.0,0.0,0.000,0.0,0,HAYIR,HAYIR
2026-08-19 09:29:52.158,0.00,0.00,0,0.0,0.0,0.000,0.0,0,HAYIR,HAYIR
2026-08-19 09:29:52.178,0.00,0.00,0,0.0,0.0,0.000,0.0,0,HAYIR,HAYIR
2026-08-19 09:29:52.198,0.00,0.00,0,0.0,0.0,0.000,0.0,0,HAYIR,HAYIR
2026-08-19 09:29:52.218,0.00,0.00,0,0.0,0.0,0.000,0.0,0,HAYIR,HAYIR
2026-08-19 09:29:52.238,0.00,0.00,0,0.0,0.0,0.000,0.0,0,HAYIR,HAYIR
2026-08-19 09:29:52.258,0.00,0.00,0,0.0,0.0,0.000,0.0,0,HAYIR,HAYIR
2026-08-19 09:29:52.278,0.00,0.00,0,0.0,0.0,0.000,0.0,0,HAYIR,HAYIR
2026-08-19 09:29:52.298,0.00,0.00,0,0.0,0.0,0.000,0.0,0,HAYIR,HAYIR
2026-08-19 09:29:52.318,0.00,0.00,0,0.0,0.0,0.000,0.0,0,HAYIR,HAYIR
2026-08-19 09:29:52.338,0.00,0.00,0,0.0,0.0,0.000,0.0,0,HAYIR,HAYIR
2026-08-19 09:29:52.358,0.00,0.00,0,0.0,0.0,0.000,0.0,0,HAYIR,HAYIR
2026-08-19 09:29:52.378,0.00,0.00,0,0.0,0.0,0.000,0.0,0,HAYIR,HAYIR
2026-08-19 09:29:52.398,0.00,0.00,0,0.0,0.0,0.000,0.0,0,HAYIR,HAYIR
2026-08-19 09:29:52.418,0.00,0.00,0,0.0,0.0,0.000,0.0,0,HAYIR,HAYIR
2026-08-19 09:29:52.438,0.00,0.00,0,0.0,0.0,0.000,0.0,0,HAYIR,HAYIR
2026-08-19 09:29:52.458,0.00,0.00,0,0.0,0.0,0.000,0.0,0,HAYIR,HAYIR
2026-08-19 09:29:52.478,0.00,0.00,0,0.0,0.0,0.000,0.0,0,HAYIR,HAYIR
2026-08-19 09:29:52.498,0.00,0.00,0,0.0,0.0,0.000,0.0,0,HAYIR,HAYIR
2026-08-19 09:29:52.518,0.00,0.00,0,0.0,0.0,0.000,0.0,0,HAYIR,HAYIR
2026-08-19 09:29:52.538,0.00,0.00,0,0.0,0.0,0.000,0.0,0,HAYIR,HAYIR
2026-08-19 09:29:52.558,0.00,0.00,0,0.0,0.0,0.000,0.0,0,HAYIR,HAYIR
2026-08-19 09:29:52.578,0.00,0.00,0,0.0,0.0,0.000,0.0,0,HAYIR,HAYIR
2026-08-19 09:29:52.598,0.00,0.00,0,0.0,0.0,0.000,0.0,0,HAYIR,HAYIR
2026-08-19 09:29:52.618,0.00,0.00,0,0.0,0.0,0.000,0.0,0,HAYIR,HAYIR
2026-08-19 09:29:52.638,0.00,0.00,0,0.0,0.0,0.000,0.0,0,HAYIR,HAYIR
2026-08-19 09:29:52.658,0.00,0.00,0,0.0,0.0,0.000,0.0,0,HAYIR,HAYIR
2026-08-19 09:29:52.678,0.00,0.00,0,0.0,0.0,0.000,0.0,0,HAYIR,HAYIR
2026-08-19 09:29:52.698,0.00,0.00,0,0.0,0.0,0.000,0.0,0,HAYIR,HAYIR
2026-08-19 09:29:52.718,0.00,0.00,0,0.0,0.0,0.000,0.0,0,HAYIR,HAYIR
2026-08-19 09:29:52.738,0.00,0.00,0,0.0,0.0,0.000,0.0,0,HAYIR,HAYIR
2026-08-19 09:29:52.758,0.00,0.00,0,0.0,0.0,0.000,0.0,0,HAYIR,HAYIR
2026-08-19 09:29:52.778,0.00,0.00,0,0.0,0.0,0.000,0.0,0,HAYIR,HAYIR
2026-08-19 09:29:52.798,0.00,0.00,0,0.0,0.0,0.000,0.0,0,HAYIR,HAYIR
2026-08-19 09:29:52.818,0.00,0.00,0,0.0,0.0,0.000,0.0,0,HAYIR,HAYIR
2026-08-19 09:29:52.838,0.00,0.00,0,0.0,0.0,0.000,0.0,0,HAYIR,HAYIR
2026-08-19 09:29:52.858,0.00,0.00,0,0.0,0.0,0.000,0.0,0,HAYIR,HAYIR
2026-08-19 09:29:52.878,0.00,0.00,0,0.0,0.0,0.000,0.0,0,HAYIR,HAYIR
2026-08-19 09:29:52.898,0.00,0.00,0,0.0,0.0,0.000,0.0,0,HAYIR,HAYIR
2026-08-19 09:29:52.918,0.00,0.00,0,0.0,0.0,0.000,0.0,0,HAYIR,HAYIR
2026-08-19 09:29:52.938,0.00,0.00,0,0.0,0.0,0.000,0.0,0,HAYIR,HAYIR
2026-08-19 09:29:52.958,0.00,0.00,0,0.0,0.0,0.000,0.0,0,HAYIR,HAYIR
2026-08-19 09:29:52.978,0.00,0.00,0,0.0,0.0,0.000,0.0,0,HAYIR,HAYIR
2026-08-19 09:29:52.998,0.00,0.00,0,0.0,0.0,0.000,0.0,0,HAYIR,HAYIR
2026-08-19 09:29:53.018,0.00,0.00,0,0.0,0.0,0.000,0.0,0,HAYIR,HAYIR
2026-08-19 09:29:53.038,0.00,0.00,0,0.0,0.0,0.000,0.0,0,HAYIR,HAYIR
2026-08-19 09:29:53.058,0.00,0.00,0,0.0,0.0,0.000,0.0,0,HAYIR,HAYIR
2026-08-19 09:29:53.078,0.00,0.00,0,0.0,0.0,0.000,0.0,0,HAYIR,HAYIR
2026-08-19 09:29:53.098,0.00,0.00,0,0.0,0.0,0.000,0.0,0,HAYIR,HAYIR
2026-08-19 09:29:53.118,0.00,0.00,0,0.0,0.0,0.000,0.0,0,HAYIR,HAYIR
2026-08-19 09:29:53.138,0.00,0.00,0,0.0,0.0,0.000,0.0,0,HAYIR,HAYIR
2026-08-19 09:29:53.158,0.00,0.00,0,0.0,0.0,0.000,0.0,0,HAYIR,HAYIR
2026-08-19 09:29:53.178,0.00,0.00,0,0.0,0.0,0.000,0.0,0,HAYIR,HAYIR
2026-08-19 09:29:53.198,0.00,0.00,0,0.0,0.0,0.000,0.0,0,HAYIR,HAYIR
2026-08-19 09:29:53.218,0.00,0.00,0,0.0,0.0,0.000,0.0,0,HAYIR,HAYIR
2026-08-19 09:29:53.238,0.00,0.00,0,0.0,0.0,0.000,0.0,0,HAYIR,HAYIR
2026-08-19 09:29:53.258,0.00,0.00,0,0.0,0.0,0.000,0.0,0,HAYIR,HAYIR
2026-08-19 09:29:53.278,0.00,0.00,0,0.0,0.0,0.000,0.0,0,HAYIR,HAYIR
2026-08-19 09:29:53.298,0.00,0.00,0,0.0,0.0,0.000,0.0,0,HAYIR,HAYIR
2026-08-19 09:29:53.318,0.00,0.00,0,0.0,0.0,0.000,0.0,0,HAYIR,HAYIR
2026-08-19 09:29:53.338,0.00,0.00,0,0.0,0.0,0.000,0.0,0,HAYIR,HAYIR
2026-08-19 09:29:53.358,0.00,0.00,0,0.0,0.0,0.000,0.0,0,HAYIR,HAYIR
2026-08-19 09:29:53.378,0.00,0.00,0,0.0,0.0,0.000,0.0,0,HAYIR,HAYIR
2026-08-19 09:29:53.398,0.00,0.00,0,0.0,0.0,0.000,0.0,0,HAYIR,HAYIR
2026-08-19 09:29:53.418,0.00,0.00,0,0.0,0.0,0.000,0.0,0,HAYIR,HAYIR
2026-08-19 09:29:53.438,0.00,0.00,0,0.0,0.0,0.000,0.0,0,HAYIR,HAYIR
2026-08-19 09:29:53.458,0.00,0.00,0,0.0,0.0,0.000,0.0,0,HAYIR,HAYIR
2026-08-19 09:29:53.478,0.00,0.00,0,0.0,0.0,0.000,0.0,0,HAYIR,HAYIR
2026-08-19 09:29:53.498,0.00,0.00,0,0.0,0.0,0.000,0.0,0,HAYIR,HAYIR
2026-08-19 09:29:53.518,0.00,0.00,0,0.0,0.0,0.000,0.0,0,HAYIR,HAYIR
2026-08-19 09:29:53.538,0.00,0.00,0,0.0,0.0,0.000,0.0,0,HAYIR,HAYIR
2026-08-19 09:29:53.558,0.00,0.00,0,0.0,0.0,0.000,0.0,0,HAYIR,HAYIR
2026-08-19 09:29:53.578,0.00,0.00,0,0.0,0.0,0.000,0.0,0,HAYIR,HAYIR
2026-08-19 09:29:53.598,0.00,0.00,0,0.0,0.0,0.000,0.0,0,HAYIR,HAYIR
2026-08-19 09:29:53.618,0.00,0.00,0,0.0,0.0,0.000,0.0,0,HAYIR,HAYIR
2026-08-19 09:29:53.638,0.00,0.00,0,0.0,0.0,0.000,0.0,0,HAYIR,HAYIR
2026-08-19 09:29:53.658,0.00,0.00,0,0.0,0.0,0.000,0.0,0,HAYIR,HAYIR
2026-08-19 09:29:53.678,0.00,0.00,0,0.0,0.0,0.000,0.0,0,HAYIR,HAYIR
2026-08-19 09:29:53.698,0.00,0.00,0,0.0,0.0,0.000,0.0,0,HAYIR,HAYIR
2026-08-19 09:29:53.718,0.00,0.00,0,0.0,0.0,0.000,0.0,0,HAYIR,HAYIR
2026-08-19 09:29:53.738,0.00,0.00,0,0.0,0.0,0.000,0.0,0,HAYIR,HAYIR
2026-08-19 09:29:53.758,0.00,0.00,0,0.0,0.0,0.000,0.0,0,HAYIR,HAYIR
2026-08-19 09:29:53.778,0.00,0.00,0,0.0,0.0,0.000,0.0,0,HAYIR,HAYIR
2026-08-19 09:29:53.798,0.00,0.00,0,0.0,0.0,0.000,0.0,0,HAYIR,HAYIR
2026-08-19 09:29:53.818,0.00,0.00,0,0.0,0.0,0.000,0.0,0,HAYIR,HAYIR
2026-08-19 09:29:53.838,0.00,0.00,0,0.0,0.0,0.000,0.0,0,HAYIR,HAYIR
2026-08-19 09:29:53.858,0.00,0.00,0,0.0,0.0,0.000,0.0,0,HAYIR,HAYIR
2026-08-19 09:29:53.878,0.00,0.00,0,0.0,0.0,0.000,0.0,0,HAYIR,HAYIR
2026-08-19 09:29:53.898,0.00,0.00,0,0.0,0.0,0.000,0.0,0,HAYIR,HAYIR
2026-08-19 09:29:53.918,0.00,0.00,0,0.0,0.0,0.000,0.0,0,HAYIR,HAYIR
2026-08-19 09:29:53.938,0.00,0.00,0,0.0,0.0,0.000,0.0,0,HAYIR,HAYIR
2026-08-19 09:29:53.958,0.00,0.00,0,0.0,0.0,0.000,0.0,0,HAYIR,HAYIR
2026-08-19 09:29:53.978,0.00,0.00,0,0.0,0.0,0.000,0.0,0,HAYIR,HAYIR
2026-08-19 09:29:53.998,0.00,0.00,0,0.0,0.0,0.000,0.0,0,HAYIR,HAYIR
2026-08-19 09:29:54.018,0.00,0.00,0,0.0,0.0,0.000,0.0,0,HAYIR,HAYIR
2026-08-19 09:29:54.038,0.00,0.00,0,0.0,0.0,0.000,0.0,0,HAYIR,HAYIR
2026-08-19 09:29:54.058,0.00,0.00,0,0.0,0.0,0.000,0.0,0,HAYIR,HAYIR
2026-08-19 09:29:54.078,0.00,0.00,0,0.0,0.0,0.000,0.0,0,HAYIR,HAYIR
2026-08-19 09:29:54.098,0.00,0.00,0,0.0,0.0,0.000,0.0,0,HAYIR,HAYIR
2026-08-19 09:29:54.118,0.00,0.00,0,0.0,0.0,0.000,0.0,0,HAYIR,HAYIR
2026-08-19 09:29:54.138,0.00,0.00,0,0.0,0.0,0.000,0.0,0,HAYIR,HAYIR
2026-08-19 09:29:54.158,0.00,0.00,0,0.0,0.0,0.000,0.0,0,HAYIR,HAYIR
2026-08-19 09:29:54.178,0.00,0.00,0,0.0,0.0,0.000,0.0,0,HAYIR,HAYIR
2026-08-19 09:29:54.198,0.00,0.00,0,0.0,0.0,0.000,0.0,0,HAYIR,HAYIR
2026-08-19 09:29:54.218,0.00,0.00,0,0.0,0.0,0.000,0.0,0,HAYIR,HAYIR
2026-08-19 09:29:54.238,0.00,0.00,0,0.0,0.0,0.000,0.0,0,HAYIR,HAYIR
2026-08-19 09:29:54.258,0.00,0.00,0,0.0,0.0,0.000,0.0,0,HAYIR,HAYIR
2026-08-19 09:29:54.278,0.03,0.00,28,0.0,0.0,0.000,-0.0,0,HAYIR,HAYIR
2026-08-19 09:29:54.298,0.03,0.00,28,0.0,0.0,0.000,-0.0,0,HAYIR,HAYIR
2026-08-19 09:29:54.318,0.03,0.00,28,0.0,0.1,0.000,-0.0,0,HAYIR,HAYIR
2026-08-19 09:29:54.338,0.05,0.00,29,0.0,0.1,0.000,-0.0,0,HAYIR,HAYIR
2026-08-19 09:29:54.358,0.05,0.00,29,0.0,0.1,0.000,-0.0,0,HAYIR,HAYIR
2026-08-19 09:29:54.378,0.08,0.00,29,0.0,0.1,0.000,-0.0,0,HAYIR,HAYIR
2026-08-19 09:29:54.398,0.08,0.00,29,0.0,0.1,0.000,-0.0,0,HAYIR,HAYIR
2026-08-19 09:29:54.418,0.08,0.00,29,0.0,0.2,0.000,-0.0,0,HAYIR,HAYIR
2026-08-19 09:29:54.438,0.10,0.00,29,0.0,0.2,0.000,-0.0,0,HAYIR,HAYIR
2026-08-19 09:29:54.458,0.10,0.00,29,0.0,0.2,0.000,-0.0,0,HAYIR,HAYIR
2026-08-19 09:29:54.478,0.12,0.00,29,0.0,0.2,0.000,-0.0,0,HAYIR,HAYIR
2026-08-19 09:29:54.498,0.12,0.00,29,0.0,0.2,0.000,-0.0,0,HAYIR,HAYIR
2026-08-19 09:29:54.518,0.12,0.00,29,0.0,0.3,0.000,-0.0,0,HAYIR,HAYIR
2026-08-19 09:29:54.538,0.15,0.00,29,0.0,0.3,0.000,-0.0,0,HAYIR,HAYIR
2026-08-19 09:29:54.558,0.15,0.00,29,0.0,0.3,0.000,-0.0,0,HAYIR,HAYIR
2026-08-19 09:29:54.578,0.17,0.00,29,0.0,0.3,0.000,-0.0,0,HAYIR,HAYIR
2026-08-19 09:29:54.598,0.17,0.00,29,0.0,0.3,0.000,-0.0,0,HAYIR,HAYIR
2026-08-19 09:29:54.618,0.17,0.00,29,0.0,0.4,0.000,-0.0,0,HAYIR,HAYIR
2026-08-19 09:29:54.638,0.20,0.00,29,0.0,0.4,0.000,-0.0,0,HAYIR,HAYIR
2026-08-19 09:29:54.658,0.20,0.00,29,0.0,0.4,0.000,-0.0,0,HAYIR,HAYIR
2026-08-19 09:29:54.678,0.22,0.00,29,0.0,0.4,0.000,-0.0,0,HAYIR,HAYIR
2026-08-19 09:29:54.698,0.22,0.00,29,0.0,0.4,0.000,-0.0,0,HAYIR,HAYIR
2026-08-19 09:29:54.718,0.22,0.00,29,0.0,0.5,0.000,-0.0,0,HAYIR,HAYIR
2026-08-19 09:29:54.738,0.25,0.00,29,0.0,0.5,0.000,-0.0,0,HAYIR,HAYIR
2026-08-19 09:29:54.758,0.25,0.00,29,0.0,0.5,0.000,-0.0,0,HAYIR,HAYIR
2026-08-19 09:29:54.778,0.27,0.00,29,0.0,0.5,0.000,-0.0,0,HAYIR,HAYIR
2026-08-19 09:29:54.798,0.27,0.00,29,0.0,0.5,0.000,-0.0,0,HAYIR,HAYIR
2026-08-19 09:29:54.818,0.27,0.00,30,0.0,0.6,0.000,-0.0,0,HAYIR,HAYIR
2026-08-19 09:29:54.838,0.30,0.00,30,0.0,0.6,0.000,-0.0,0,HAYIR,HAYIR
2026-08-19 09:29:54.858,0.30,0.00,30,0.0,0.6,0.000,-0.0,0,HAYIR,HAYIR
2026-08-19 09:29:54.878,0.33,0.00,30,0.0,0.6,0.000,-0.0,0,HAYIR,HAYIR
2026-08-19 09:29:54.898,0.33,0.00,30,0.0,0.6,0.000,-0.0,0,HAYIR,HAYIR
2026-08-19 09:29:54.918,0.33,0.00,30,0.0,0.7,0.000,-0.0,0,HAYIR,HAYIR
2026-08-19 09:29:54.938,0.35,0.00,30,0.0,0.7,0.000,-0.0,0,HAYIR,HAYIR
2026-08-19 09:29:54.958,0.35,0.00,30,0.0,0.7,0.000,-0.0,0,HAYIR,HAYIR
2026-08-19 09:29:54.978,0.35,0.00,30,0.0,0.7,0.000,-0.0,0,HAYIR,HAYIR
2026-08-19 09:29:54.998,0.35,0.00,30,0.0,0.7,0.000,-0.0,0,HAYIR,HAYIR
2026-08-19 09:29:55.018,0.35,0.00,30,0.0,0.8,0.000,-0.0,0,HAYIR,HAYIR
2026-08-19 09:29:55.038,0.35,0.00,30,0.0,0.8,0.000,-0.0,0,HAYIR,HAYIR
2026-08-19 09:29:55.058,0.35,0.00,30,0.0,0.8,0.000,-0.0,0,HAYIR,HAYIR
2026-08-19 09:29:55.078,0.35,0.00,30,0.0,0.8,0.000,-0.0,0,HAYIR,HAYIR
2026-08-19 09:29:55.098,0.35,0.00,30,0.0,0.8,0.000,-0.0,0,HAYIR,HAYIR
2026-08-19 09:29:55.118,0.35,0.00,30,0.0,0.9,0.000,-0.0,0,HAYIR,HAYIR
2026-08-19 09:29:55.138,0.35,0.00,30,0.0,0.9,0.000,-0.0,0,HAYIR,HAYIR
2026-08-19 09:29:55.158,0.35,0.00,30,0.0,0.9,0.000,-0.0,0,HAYIR,HAYIR
2026-08-19 09:29:55.178,0.35,0.00,30,0.0,0.9,0.000,-0.0,0,HAYIR,HAYIR
2026-08-19 09:29:55.198,0.35,0.00,30,0.0,0.9,0.000,-0.0,0,HAYIR,HAYIR
2026-08-19 09:29:55.218,0.35,0.00,30,0.0,1.0,0.000,-0.0,0,HAYIR,HAYIR
2026-08-19 09:29:55.238,0.35,0.00,30,0.0,1.0,0.000,-0.0,0,HAYIR,HAYIR
2026-08-19 09:29:55.258,0.35,0.02,29,0.0,1.0,0.000,-0.0,0,HAYIR,HAYIR
2026-08-19 09:29:55.278,0.35,0.02,30,0.0,1.0,0.000,-0.0,0,HAYIR,HAYIR
2026-08-19 09:29:55.298,0.35,0.02,30,0.0,1.0,0.000,-0.0,0,HAYIR,HAYIR
2026-08-19 09:29:55.318,0.35,0.02,30,0.0,1.1,0.000,-0.0,0,HAYIR,HAYIR
2026-08-19 09:29:55.338,0.35,0.02,30,0.0,1.1,0.000,-0.0,0,HAYIR,HAYIR
2026-08-19 09:29:55.358,0.35,0.02,30,0.0,1.1,0.000,-0.0,0,HAYIR,HAYIR
2026-08-19 09:29:55.378,0.35,0.02,30,0.0,1.1,0.000,-0.0,0,HAYIR,HAYIR
2026-08-19 09:29:55.398,0.35,0.02,30,0.0,1.1,0.000,-0.0,0,HAYIR,HAYIR
2026-08-19 09:29:55.418,0.35,0.02,30,0.0,1.2,0.000,-0.0,0,HAYIR,HAYIR
2026-08-19 09:29:55.438,0.35,0.02,30,0.0,1.2,0.000,-0.0,0,HAYIR,HAYIR
2026-08-19 09:29:55.458,0.35,0.02,30,0.0,1.2,0.000,-0.0,0,HAYIR,HAYIR
2026-08-19 09:29:55.478,0.35,0.02,30,0.0,1.2,0.000,-0.0,0,HAYIR,HAYIR
2026-08-19 09:29:55.498,0.35,0.02,30,0.0,1.2,0.000,-0.0,0,HAYIR,HAYIR
2026-08-19 09:29:55.518,0.35,0.02,30,0.0,1.3,0.000,-0.0,0,HAYIR,HAYIR
2026-08-19 09:29:55.538,0.34,0.02,30,0.0,1.3,0.000,-0.0,0,HAYIR,HAYIR
2026-08-19 09:29:55.558,0.34,0.02,30,0.0,1.3,0.000,-0.0,0,HAYIR,HAYIR
2026-08-19 09:29:55.578,0.34,0.04,30,0.0,1.3,0.000,-0.0,0,HAYIR,HAYIR
2026-08-19 09:29:55.598,0.34,0.04,30,0.0,1.3,0.000,-0.0,0,HAYIR,HAYIR
2026-08-19 09:29:55.618,0.34,0.04,30,0.0,1.4,0.000,-0.0,0,HAYIR,HAYIR
2026-08-19 09:29:55.638,0.35,0.04,31,0.0,1.4,0.000,-0.0,0,HAYIR,HAYIR
2026-08-19 09:29:55.658,0.35,0.04,31,0.0,1.4,0.000,-0.0,0,HAYIR,HAYIR
2026-08-19 09:29:55.678,0.35,0.04,31,0.0,1.4,0.000,-0.0,0,HAYIR,HAYIR
2026-08-19 09:29:55.698,0.35,0.04,31,0.0,1.4,0.000,-0.0,0,HAYIR,HAYIR
2026-08-19 09:29:55.718,0.35,0.04,31,0.0,1.5,0.000,-0.0,0,HAYIR,HAYIR
2026-08-19 09:29:55.738,0.34,0.04,31,0.0,1.5,0.000,-0.0,0,HAYIR,HAYIR
2026-08-19 09:29:55.758,0.34,0.04,31,0.0,1.5,0.000,-0.0,0,HAYIR,HAYIR
2026-08-19 09:29:55.778,0.34,0.04,31,0.0,1.5,0.000,-0.0,0,HAYIR,HAYIR
2026-08-19 09:29:55.798,0.34,0.04,31,0.0,1.5,0.000,-0.0,0,HAYIR,HAYIR
2026-08-19 09:29:55.818,0.34,0.04,31,0.0,1.6,0.000,-0.0,0,HAYIR,HAYIR
2026-08-19 09:29:55.838,0.34,0.04,31,0.0,1.6,0.000,-0.0,0,HAYIR,HAYIR
2026-08-19 09:29:55.858,0.34,0.04,31,0.0,1.6,0.000,-0.0,0,HAYIR,HAYIR
2026-08-19 09:29:55.878,0.34,0.04,31,0.0,1.6,0.000,-0.0,0,HAYIR,HAYIR
2026-08-19 09:29:55.898,0.34,0.04,31,0.0,1.6,0.000,-0.0,0,HAYIR,HAYIR
2026-08-19 09:29:55.918,0.34,0.04,31,0.0,1.7,0.000,-0.0,0,HAYIR,HAYIR
2026-08-19 09:29:55.938,0.34,0.04,31,0.0,1.7,0.000,-0.0,0,HAYIR,HAYIR
2026-08-19 09:29:55.958,0.34,0.04,31,0.0,1.7,0.000,-0.0,0,HAYIR,HAYIR
2026-08-19 09:29:55.978,0.34,0.07,30,0.0,1.7,0.000,-0.0,0,HAYIR,HAYIR
2026-08-19 09:29:55.998,0.34,0.07,31,0.0,1.7,0.000,-0.0,0,HAYIR,HAYIR
2026-08-19 09:29:56.018,0.34,0.07,31,0.0,1.8,0.000,-0.0,0,HAYIR,HAYIR
2026-08-19 09:29:56.038,0.34,0.07,31,0.0,1.8,0.000,-0.0,0,HAYIR,HAYIR
2026-08-19 09:29:56.058,0.34,0.07,31,0.0,1.8,0.000,-0.0,0,HAYIR,HAYIR
2026-08-19 09:29:56.078,0.34,0.07,31,0.0,1.8,0.000,-0.0,0,HAYIR,HAYIR
2026-08-19 09:29:56.098,0.34,0.07,31,0.0,1.8,0.000,-0.0,0,HAYIR,HAYIR
2026-08-19 09:29:56.118,0.34,0.07,31,0.0,1.9,0.000,-0.0,0,HAYIR,HAYIR
2026-08-19 09:29:56.138,0.34,0.07,31,0.0,1.9,0.000,-0.0,0,HAYIR,HAYIR
2026-08-19 09:29:56.158,0.34,0.07,31,0.0,1.9,0.000,-0.0,0,HAYIR,HAYIR
2026-08-19 09:29:56.178,0.34,0.07,31,0.0,1.9,0.000,-0.0,0,HAYIR,HAYIR
2026-08-19 09:29:56.198,0.34,0.07,31,0.0,1.9,0.000,-0.0,0,HAYIR,HAYIR
2026-08-19 09:29:56.218,0.34,0.07,31,0.0,2.0,0.000,-0.0,0,HAYIR,HAYIR
2026-08-19 09:29:56.238,0.34,0.07,31,0.0,2.0,0.000,-0.0,0,HAYIR,HAYIR
2026-08-19 09:29:56.258,0.34,0.07,31,0.0,2.0,0.000,-0.0,0,HAYIR,HAYIR
2026-08-19 09:29:56.278,0.34,0.07,31,0.0,2.0,0.000,-0.0,0,HAYIR,HAYIR
2026-08-19 09:29:56.298,0.34,0.09,28,0.0,0.0,0.000,-0.0,0,HAYIR,HAYIR
2026-08-19 09:29:56.318,0.34,0.09,29,0.0,0.0,0.000,-0.0,0,HAYIR,HAYIR
2026-08-19 09:29:56.338,0.34,0.09,29,0.0,0.0,0.000,-0.0,0,HAYIR,HAYIR
2026-08-19 09:29:56.358,0.34,0.09,29,0.0,0.0,0.000,-0.0,0,HAYIR,HAYIR
2026-08-19 09:29:56.378,0.34,0.09,29,0.0,0.0,0.000,-0.0,0,HAYIR,HAYIR
2026-08-19 09:29:56.398,0.34,0.09,29,0.0,0.0,0.000,-0.0,0,HAYIR,HAYIR
2026-08-19 09:29:56.418,0.34,0.09,29,0.0,0.0,0.000,-0.0,0,HAYIR,HAYIR
2026-08-19 09:29:56.438,0.34,0.09,29,0.0,0.0,0.000,-0.0,0,HAYIR,HAYIR
2026-08-19 09:29:56.458,0.34,0.09,29,0.0,0.0,0.000,-0.0,0,HAYIR,HAYIR
2026-08-19 09:29:56.478,0.34,0.09,29,0.0,0.0,0.000,-0.0,0,HAYIR,HAYIR
2026-08-19 09:29:56.498,0.34,0.09,29,0.0,0.0,0.000,-0.0,0,HAYIR,HAYIR
2026-08-19 09:29:56.518,0.34,0.09,29,0.0,0.0,0.000,-0.0,0,HAYIR,HAYIR
2026-08-19 09:29:56.538,0.33,0.09,29,0.0,0.0,0.000,-0.0,0,HAYIR,HAYIR
2026-08-19 09:29:56.558,0.33,0.09,29,0.0,0.0,0.000,-0.0,0,HAYIR,HAYIR
2026-08-19 09:29:56.578,0.33,0.09,29,0.0,0.0,0.000,-0.0,0,HAYIR,HAYIR
2026-08-19 09:29:56.598,0.33,0.09,29,0.0,0.0,0.000,-0.0,0,HAYIR,HAYIR
2026-08-19 09:29:56.618,0.33,0.13,28,0.0,0.0,0.000,-0.0,0,HAYIR,HAYIR
2026-08-19 09:29:56.638,0.33,0.13,29,0.0,0.0,0.000,-0.0,0,HAYIR,HAYIR
2026-08-19 09:29:56.658,0.33,0.13,29,0.0,0.0,0.000,-0.0,0,HAYIR,HAYIR
2026-08-19 09:29:56.678,0.33,0.13,29,0.0,0.0,0.000,-0.0,0,HAYIR,HAYIR
2026-08-19 09:29:56.698,0.33,0.13,29,0.0,0.0,0.000,-0.0,0,HAYIR,HAYIR
2026-08-19 09:29:56.718,0.33,0.13,29,0.0,0.0,0.000,-0.0,0,HAYIR,HAYIR
2026-08-19 09:29:56.738,0.33,0.13,29,0.0,0.0,0.000,-0.0,0,HAYIR,HAYIR
2026-08-19 09:29:56.758,0.33,0.13,29,0.0,0.0,0.000,-0.0,0,HAYIR,HAYIR
2026-08-19 09:29:56.778,0.33,0.13,29,0.0,0.0,0.000,-0.0,0,HAYIR,HAYIR
2026-08-19 09:29:56.798,0.33,0.13,29,0.0,0.0,0.000,-0.0,0,HAYIR,HAYIR
2026-08-19 09:29:56.818,0.33,0.13,29,0.0,0.0,0.000,-0.0,0,HAYIR,HAYIR
2026-08-19 09:29:56.838,0.33,0.13,29,0.0,0.0,0.000,-0.0,0,HAYIR,HAYIR
2026-08-19 09:29:56.858,0.33,0.13,29,0.0,0.0,0.000,-0.0,0,HAYIR,HAYIR
2026-08-19 09:29:56.878,0.33,0.13,29,0.0,0.0,0.000,-0.0,0,HAYIR,HAYIR
2026-08-19 09:29:56.898,0.33,0.13,29,0.0,0.0,0.000,-0.0,0,HAYIR,HAYIR
2026-08-19 09:29:56.918,0.33,0.13,29,0.0,0.0,0.000,-0.0,0,HAYIR,HAYIR
2026-08-19 09:29:56.938,0.32,0.19,28,0.0,0.0,0.000,-0.0,0,HAYIR,HAYIR
2026-08-19 09:29:56.958,0.32,0.19,29,0.0,0.0,0.000,-0.0,0,HAYIR,HAYIR
2026-08-19 09:29:56.978,0.32,0.19,29,0.0,0.0,0.000,-0.0,0,HAYIR,HAYIR
2026-08-19 09:29:56.998,0.32,0.19,29,0.0,0.0,0.000,-0.0,0,HAYIR,HAYIR
2026-08-19 09:29:57.018,0.32,0.19,29,0.0,0.0,0.000,-0.0,0,HAYIR,HAYIR
2026-08-19 09:29:57.038,0.32,0.19,29,0.0,0.0,0.000,-0.0,0,HAYIR,HAYIR
2026-08-19 09:29:57.058,0.32,0.19,29,0.0,0.0,0.000,-0.0,0,HAYIR,HAYIR
2026-08-19 09:29:57.078,0.32,0.19,29,0.0,0.0,0.000,-0.0,0,HAYIR,HAYIR
2026-08-19 09:29:57.098,0.32,0.19,29,0.0,0.0,0.000,-0.0,0,HAYIR,HAYIR
2026-08-19 09:29:57.118,0.32,0.19,29,0.0,0.0,0.000,-0.0,0,HAYIR,HAYIR
2026-08-19 09:29:57.138,0.32,0.19,29,0.0,0.0,0.000,-0.0,0,HAYIR,HAYIR
2026-08-19 09:29:57.158,0.32,0.19,29,0.0,0.0,0.000,-0.0,0,HAYIR,HAYIR
2026-08-19 09:29:57.178,0.32,0.19,29,0.0,0.0,0.000,-0.0,0,HAYIR,HAYIR
2026-08-19 09:29:57.198,0.32,0.19,29,0.0,0.0,0.000,-0.0,0,HAYIR,HAYIR
2026-08-19 09:29:57.218,0.32,0.19,29,0.0,0.0,0.000,-0.0,0,HAYIR,HAYIR
2026-08-19 09:29:57.238,0.32,0.19,29,0.0,0.0,0.000,-0.0,0,HAYIR,HAYIR
2026-08-19 09:29:57.258,0.32,0.24,28,0.0,0.0,0.000,-0.0,0,HAYIR,HAYIR
2026-08-19 09:29:57.278,0.32,0.24,29,0.0,0.0,0.000,-0.0,0,HAYIR,HAYIR
2026-08-19 09:29:57.298,0.32,0.24,29,0.0,0.0,0.000,-0.0,0,HAYIR,HAYIR
2026-08-19 09:29:57.318,0.32,0.24,29,0.0,0.0,0.000,-0.0,0,HAYIR,HAYIR
2026-08-19 09:29:57.338,0.31,0.24,29,0.0,0.0,0.000,-0.0,0,HAYIR,HAYIR
2026-08-19 09:29:57.358,0.31,0.24,29,0.0,0.0,0.000,-0.0,0,HAYIR,HAYIR
2026-08-19 09:29:57.378,0.31,0.24,29,0.0,0.0,0.000,-0.0,0,HAYIR,HAYIR
2026-08-19 09:29:57.398,0.31,0.24,29,0.0,0.0,0.000,-0.0,0,HAYIR,HAYIR
2026-08-19 09:29:57.418,0.31,0.24,29,0.0,0.0,0.000,-0.0,0,HAYIR,HAYIR
2026-08-19 09:29:57.438,0.31,0.24,29,0.0,0.0,0.000,-0.0,0,HAYIR,HAYIR
2026-08-19 09:29:57.458,0.31,0.24,29,0.0,0.0,0.000,-0.0,0,HAYIR,HAYIR
2026-08-19 09:29:57.478,0.31,0.24,29,0.0,0.0,0.000,-0.0,0,HAYIR,HAYIR
2026-08-19 09:29:57.498,0.31,0.24,29,0.0,0.0,0.000,-0.0,0,HAYIR,HAYIR
2026-08-19 09:29:57.518,0.31,0.24,29,0.0,0.0,0.000,-0.0,0,HAYIR,HAYIR
2026-08-19 09:29:57.538,0.31,0.24,29,0.0,0.0,0.000,-0.0,0,HAYIR,HAYIR
2026-08-19 09:29:57.558,0.31,0.24,29,0.0,0.0,0.000,-0.0,0,HAYIR,HAYIR
2026-08-19 09:29:57.578,0.31,0.24,29,0.0,0.0,0.000,-0.0,0,HAYIR,HAYIR
2026-08-19 09:29:57.598,0.31,0.24,29,0.0,0.0,0.000,-0.0,0,HAYIR,HAYIR
2026-08-19 09:29:57.618,0.31,0.24,29,0.0,0.0,0.000,-0.0,0,HAYIR,HAYIR
2026-08-19 09:29:57.638,0.31,0.28,28,0.0,0.0,0.000,-0.0,0,HAYIR,HAYIR
2026-08-19 09:29:57.658,0.31,0.28,29,0.0,0.0,0.000,-0.0,0,HAYIR,HAYIR
2026-08-19 09:29:57.678,0.30,0.28,29,0.0,0.0,0.000,-0.0,0,HAYIR,HAYIR
2026-08-19 09:29:57.698,0.30,0.28,29,0.0,0.0,0.000,-0.0,0,HAYIR,HAYIR
2026-08-19 09:29:57.718,0.30,0.28,29,0.0,0.0,0.000,-0.0,0,HAYIR,HAYIR
2026-08-19 09:29:57.738,0.30,0.28,29,0.0,0.0,0.000,-0.0,0,HAYIR,HAYIR
2026-08-19 09:29:57.758,0.30,0.28,29,0.0,0.0,0.000,-0.0,0,HAYIR,HAYIR
2026-08-19 09:29:57.778,0.30,0.28,29,0.0,0.0,0.000,-0.0,0,HAYIR,HAYIR
2026-08-19 09:29:57.798,0.30,0.28,29,0.0,0.0,0.000,-0.0,0,HAYIR,HAYIR
2026-08-19 09:29:57.818,0.30,0.28,29,0.0,0.0,0.000,-0.0,0,HAYIR,HAYIR
2026-08-19 09:29:57.838,0.30,0.28,29,0.0,0.0,0.000,-0.0,0,HAYIR,HAYIR
2026-08-19 09:29:57.858,0.30,0.28,29,0.0,0.0,0.000,-0.0,0,HAYIR,HAYIR
2026-08-19 09:29:57.878,0.30,0.28,29,0.0,0.0,0.000,-0.0,0,HAYIR,HAYIR
2026-08-19 09:29:57.898,0.30,0.28,29,0.0,0.0,0.000,-0.0,0,HAYIR,HAYIR
2026-08-19 09:29:57.918,0.30,0.28,29,0.0,0.0,0.000,-0.0,0,HAYIR,HAYIR
2026-08-19 09:29:57.938,0.30,0.28,29,0.0,0.0,0.000,-0.0,0,HAYIR,HAYIR
2026-08-19 09:29:57.958,0.30,0.31,28,0.0,0.0,0.000,-0.0,0,HAYIR,HAYIR
2026-08-19 09:29:57.978,0.30,0.31,28,0.0,0.0,0.000,-0.0,0,HAYIR,HAYIR
2026-08-19 09:29:57.998,0.30,0.31,28,0.0,0.0,0.000,-0.0,0,HAYIR,HAYIR
2026-08-19 09:29:58.018,0.30,0.31,28,0.0,0.0,0.000,-0.0,0,HAYIR,HAYIR
2026-08-19 09:29:58.038,0.29,0.31,28,0.0,0.0,0.000,-0.0,0,HAYIR,HAYIR
2026-08-19 09:29:58.058,0.29,0.31,28,0.0,0.0,0.000,-0.0,0,HAYIR,HAYIR
2026-08-19 09:29:58.078,0.29,0.31,28,0.0,0.0,0.000,-0.0,0,HAYIR,HAYIR
2026-08-19 09:29:58.098,0.29,0.31,28,0.0,0.0,0.000,-0.0,0,HAYIR,HAYIR
2026-08-19 09:29:58.118,0.29,0.31,28,0.0,0.0,0.000,-0.0,0,HAYIR,HAYIR
2026-08-19 09:29:58.138,0.29,0.31,28,0.0,0.0,0.000,-0.0,0,HAYIR,HAYIR
2026-08-19 09:29:58.158,0.29,0.31,28,0.0,0.0,0.000,-0.0,0,HAYIR,HAYIR
2026-08-19 09:29:58.178,0.29,0.31,28,0.0,0.0,0.000,-0.0,0,HAYIR,HAYIR
2026-08-19 09:29:58.198,0.29,0.31,28,0.0,0.0,0.000,-0.0,0,HAYIR,HAYIR
2026-08-19 09:29:58.218,0.29,0.31,28,0.0,0.0,0.000,-0.0,0,HAYIR,HAYIR
2026-08-19 09:29:58.238,0.29,0.31,28,0.0,0.0,0.000,-0.0,0,HAYIR,HAYIR
2026-08-19 09:29:58.258,0.29,0.31,28,0.0,0.0,0.000,-0.0,0,HAYIR,HAYIR
2026-08-19 09:29:58.278,0.29,0.33,28,0.0,0.0,0.000,-0.0,0,HAYIR,HAYIR
2026-08-19 09:29:58.298,0.29,0.33,28,0.0,0.0,0.000,-0.0,0,HAYIR,HAYIR
2026-08-19 09:29:58.318,0.29,0.33,28,0.0,0.0,0.000,-0.0,0,HAYIR,HAYIR
2026-08-19 09:29:58.338,0.28,0.33,28,0.0,0.0,0.000,-0.0,0,HAYIR,HAYIR
2026-08-19 09:29:58.358,0.28,0.33,28,0.0,0.0,0.000,-0.0,0,HAYIR,HAYIR
2026-08-19 09:29:58.378,0.28,0.33,28,0.0,0.0,0.000,-0.0,0,HAYIR,HAYIR
2026-08-19 09:29:58.398,0.28,0.33,28,0.0,0.0,0.000,-0.0,0,HAYIR,HAYIR
2026-08-19 09:29:58.418,0.28,0.33,28,0.0,0.0,0.000,-0.0,0,HAYIR,HAYIR
2026-08-19 09:29:58.438,0.28,0.33,28,0.0,0.0,0.000,-0.0,0,HAYIR,HAYIR
2026-08-19 09:29:58.458,0.28,0.33,28,0.0,0.0,0.000,-0.0,0,HAYIR,HAYIR
2026-08-19 09:29:58.478,0.28,0.33,28,0.0,0.0,0.000,-0.0,0,HAYIR,HAYIR
2026-08-19 09:29:58.498,0.28,0.33,28,0.0,0.0,0.000,-0.0,0,HAYIR,HAYIR
2026-08-19 09:29:58.518,0.28,0.33,28,0.0,0.0,0.000,-0.0,0,HAYIR,HAYIR
2026-08-19 09:29:58.538,0.28,0.33,28,0.0,0.0,0.000,-0.0,0,HAYIR,HAYIR
2026-08-19 09:29:58.558,0.28,0.33,28,0.0,0.0,0.000,-0.0,0,HAYIR,HAYIR
2026-08-19 09:29:58.578,0.28,0.33,28,0.0,0.0,0.000,-0.0,0,HAYIR,HAYIR
2026-08-19 09:29:58.598,0.28,0.35,28,0.0,0.0,0.000,-0.0,0,HAYIR,HAYIR
2026-08-19 09:29:58.618,0.28,0.35,28,0.0,0.0,0.000,-0.0,0,HAYIR,HAYIR
2026-08-19 09:29:58.638,0.27,0.35,28,0.0,0.0,0.000,-0.0,0,HAYIR,HAYIR
2026-08-19 09:29:58.658,0.27,0.35,28,0.0,0.0,0.000,-0.0,0,HAYIR,HAYIR
2026-08-19 09:29:58.678,0.27,0.35,28,0.0,0.0,0.000,-0.0,0,HAYIR,HAYIR
2026-08-19 09:29:58.698,0.27,0.35,28,0.0,0.0,0.000,-0.0,0,HAYIR,HAYIR
2026-08-19 09:29:58.718,0.27,0.35,28,0.0,0.0,0.000,-0.0,0,HAYIR,HAYIR
2026-08-19 09:29:58.738,0.27,0.35,28,0.0,0.0,0.000,-0.0,0,HAYIR,HAYIR
2026-08-19 09:29:58.758,0.27,0.35,28,0.0,0.0,0.000,-0.0,0,HAYIR,HAYIR
2026-08-19 09:29:58.778,0.27,0.35,28,0.0,0.0,0.000,-0.0,0,HAYIR,HAYIR
2026-08-19 09:29:58.798,0.27,0.35,28,0.0,0.0,0.000,-0.0,0,HAYIR,HAYIR
2026-08-19 09:29:58.818,0.27,0.35,28,0.0,0.0,0.000,-0.0,0,HAYIR,HAYIR
2026-08-19 09:29:58.838,0.27,0.35,28,0.0,0.0,0.000,-0.0,0,HAYIR,HAYIR
2026-08-19 09:29:58.858,0.27,0.35,28,0.0,0.0,0.000,-0.0,0,HAYIR,HAYIR
2026-08-19 09:29:58.878,0.27,0.35,28,0.0,0.0,0.000,-0.0,0,HAYIR,HAYIR
2026-08-19 09:29:58.898,0.27,0.35,28,0.0,0.0,0.000,-0.0,0,HAYIR,HAYIR
2026-08-19 09:29:58.918,0.27,0.37,28,0.0,0.0,0.000,-0.0,0,HAYIR,HAYIR
2026-08-19 09:29:58.938,0.27,0.37,28,0.0,0.0,0.000,-0.0,0,HAYIR,HAYIR
2026-08-19 09:29:58.958,0.27,0.37,28,0.0,0.0,0.000,-0.0,0,HAYIR,HAYIR
2026-08-19 09:29:58.978,0.26,0.37,28,0.0,0.0,0.000,-0.0,0,HAYIR,HAYIR
2026-08-19 09:29:58.998,0.26,0.37,28,0.0,0.0,0.000,-0.0,0,HAYIR,HAYIR
2026-08-19 09:29:59.018,0.26,0.37,28,0.0,0.0,0.000,-0.0,0,HAYIR,HAYIR
2026-08-19 09:29:59.038,0.26,0.37,28,0.0,0.0,0.000,-0.0,0,HAYIR,HAYIR
2026-08-19 09:29:59.058,0.26,0.37,28,0.0,0.0,0.000,-0.0,0,HAYIR,HAYIR
2026-08-19 09:29:59.078,0.26,0.37,28,0.0,0.0,0.000,-0.0,0,HAYIR,HAYIR
2026-08-19 09:29:59.098,0.26,0.37,28,0.0,0.0,0.000,-0.0,0,HAYIR,HAYIR
2026-08-19 09:29:59.118,0.26,0.37,28,0.0,0.0,0.000,-0.0,0,HAYIR,HAYIR
2026-08-19 09:29:59.138,0.26,0.37,28,0.0,0.0,0.000,-0.0,0,HAYIR,HAYIR
2026-08-19 09:29:59.158,0.26,0.37,28,0.0,0.0,0.000,-0.0,0,HAYIR,HAYIR
2026-08-19 09:29:59.178,0.26,0.37,28,0.0,0.0,0.000,-0.0,0,HAYIR,HAYIR
2026-08-19 09:29:59.198,0.26,0.37,28,0.0,0.0,0.000,-0.0,0,HAYIR,HAYIR
2026-08-19 09:29:59.218,0.26,0.37,28,0.0,0.0,0.000,-0.0,0,HAYIR,HAYIR
2026-08-19 09:29:59.238,0.26,0.37,28,0.0,0.0,0.000,-0.0,0,HAYIR,HAYIR
2026-08-19 09:29:59.258,0.26,0.37,28,0.0,0.0,0.000,-0.0,0,HAYIR,HAYIR
2026-08-19 09:29:59.278,0.26,0.37,28,0.0,0.0,0.000,-0.0,0,HAYIR,HAYIR
2026-08-19 09:29:59.298,0.26,0.37,28,0.0,0.0,0.000,-0.0,0,HAYIR,HAYIR
2026-08-19 09:29:59.318,0.26,0.37,28,0.0,0.0,0.000,-0.0,0,HAYIR,HAYIR
2026-08-19 09:29:59.338,0.25,0.37,28,0.0,0.0,0.000,-0.0,0,HAYIR,HAYIR
2026-08-19 09:29:59.358,0.25,0.37,28,0.0,0.0,0.000,-0.0,0,HAYIR,HAYIR
2026-08-19 09:29:59.378,0.25,0.37,28,0.0,0.0,0.000,-0.0,0,HAYIR,HAYIR
2026-08-19 09:29:59.398,0.25,0.37,28,0.0,0.0,0.000,-0.0,0,HAYIR,HAYIR
2026-08-19 09:29:59.418,0.25,0.37,28,0.0,0.0,0.000,-0.0,0,HAYIR,HAYIR
2026-08-19 09:29:59.438,0.25,0.37,28,0.0,0.0,0.000,-0.0,0,HAYIR,HAYIR
2026-08-19 09:29:59.458,0.25,0.37,28,0.0,0.0,0.000,-0.0,0,HAYIR,HAYIR
2026-08-19 09:29:59.478,0.25,0.37,28,0.0,0.0,0.000,-0.0,0,HAYIR,HAYIR
2026-08-19 09:29:59.498,0.25,0.37,28,0.0,0.0,0.000,-0.0,0,HAYIR,HAYIR
2026-08-19 09:29:59.518,0.25,0.37,28,0.0,0.0,0.000,-0.0,0,HAYIR,HAYIR
2026-08-19 09:29:59.538,0.25,0.37,28,0.0,0.0,0.000,-0.0,0,HAYIR,HAYIR
2026-08-19 09:29:59.558,0.25,0.37,28,0.0,0.0,0.000,-0.0,0,HAYIR,HAYIR
2026-08-19 09:29:59.578,0.25,0.37,28,0.0,0.0,0.000,-0.0,0,HAYIR,HAYIR
2026-08-19 09:29:59.598,0.25,0.37,28,0.0,0.0,0.000,-0.0,0,HAYIR,HAYIR
2026-08-19 09:29:59.618,0.25,0.38,28,0.0,0.0,0.000,-0.0,0,HAYIR,HAYIR
2026-08-19 09:29:59.638,0.25,0.38,28,0.0,0.0,0.000,-0.0,0,HAYIR,HAYIR
2026-08-19 09:29:59.658,0.25,0.38,28,0.0,0.0,0.000,-0.0,0,HAYIR,HAYIR
2026-08-19 09:29:59.678,0.24,0.38,28,0.0,0.0,0.000,-0.0,0,HAYIR,HAYIR
2026-08-19 09:29:59.698,0.24,0.38,28,0.0,0.0,0.000,-0.0,0,HAYIR,HAYIR
2026-08-19 09:29:59.718,0.24,0.38,28,0.0,0.0,0.000,-0.0,0,HAYIR,HAYIR
2026-08-19 09:29:59.738,0.24,0.38,28,0.0,0.0,0.000,-0.0,0,HAYIR,HAYIR
2026-08-19 09:29:59.758,0.24,0.38,28,0.0,0.0,0.000,-0.0,0,HAYIR,HAYIR
2026-08-19 09:29:59.778,0.24,0.38,28,0.0,0.0,0.000,-0.0,0,HAYIR,HAYIR
2026-08-19 09:29:59.798,0.24,0.38,28,0.0,0.0,0.000,-0.0,0,HAYIR,HAYIR
2026-08-19 09:29:59.818,0.24,0.38,28,0.0,0.0,0.000,-0.0,0,HAYIR,HAYIR
2026-08-19 09:29:59.838,0.25,0.38,28,0.0,0.0,0.000,-0.0,0,HAYIR,HAYIR
2026-08-19 09:29:59.858,0.25,0.38,28,0.0,0.0,0.000,-0.0,0,HAYIR,HAYIR
2026-08-19 09:29:59.878,0.25,0.38,28,0.0,0.0,0.000,-0.0,0,HAYIR,HAYIR
2026-08-19 09:29:59.898,0.25,0.38,28,0.0,0.0,0.000,-0.0,0,HAYIR,HAYIR
2026-08-19 09:29:59.918,0.25,0.38,28,0.0,0.0,0.000,-0.0,0,HAYIR,HAYIR
2026-08-19 09:29:59.938,0.24,0.37,28,0.0,0.0,0.000,-0.0,0,HAYIR,HAYIR
2026-08-19 09:29:59.958,0.24,0.37,28,0.0,0.0,0.000,-0.0,0,HAYIR,HAYIR
2026-08-19 09:29:59.978,0.24,0.37,28,0.0,0.0,0.000,-0.0,0,HAYIR,HAYIR
2026-08-19 09:29:59.998,0.24,0.37,28,0.0,0.0,0.000,-0.0,0,HAYIR,HAYIR
2026-08-19 09:30:00.018,0.24,0.37,28,0.0,0.0,0.000,-0.0,0,HAYIR,HAYIR
2026-08-19 09:30:00.038,0.24,0.37,28,0.0,0.0,0.000,-0.0,0,HAYIR,HAYIR
2026-08-19 09:30:00.058,0.24,0.37,28,0.0,0.0,0.000,-0.0,0,HAYIR,HAYIR
2026-08-19 09:30:00.078,0.24,0.37,28,0.0,0.0,0.000,-0.0,0,HAYIR,HAYIR
2026-08-19 09:30:00.098,0.24,0.37,28,0.0,0.0,0.000,-0.0,0,HAYIR,HAYIR
2026-08-19 09:30:00.118,0.24,0.37,28,0.0,0.0,0.000,-0.0,0,HAYIR,HAYIR
2026-08-19 09:30:00.138,0.24,0.37,28,0.0,0.0,0.000,-0.0,0,HAYIR,HAYIR
2026-08-19 09:30:00.158,0.24,0.37,28,0.0,0.0,0.000,-0.0,0,HAYIR,HAYIR
2026-08-19 09:30:00.178,0.24,0.37,28,0.0,0.0,0.000,-0.0,0,HAYIR,HAYIR
2026-08-19 09:30:00.198,0.24,0.37,28,0.0,0.0,0.000,-0.0,0,HAYIR,HAYIR
2026-08-19 09:30:00.218,0.24,0.37,28,0.0,0.0,0.000,-0.0,0,HAYIR,HAYIR
2026-08-19 09:30:00.238,0.24,0.37,28,0.0,0.0,0.000,-0.0,0,HAYIR,HAYIR
2026-08-19 09:30:00.258,0.24,0.36,28,0.0,0.0,0.000,-0.0,0,HAYIR,HAYIR
2026-08-19 09:30:00.278,0.24,0.36,28,0.0,0.0,0.000,-0.0,0,HAYIR,HAYIR
2026-08-19 09:30:00.298,0.24,0.36,28,0.0,0.0,0.000,-0.0,0,HAYIR,HAYIR
2026-08-19 09:30:00.318,0.24,0.36,28,0.0,0.0,0.000,-0.0,0,HAYIR,HAYIR
2026-08-19 09:30:00.338,0.23,0.36,28,0.0,0.0,0.000,-0.0,0,HAYIR,HAYIR
2026-08-19 09:30:00.358,0.23,0.36,28,0.0,0.0,0.000,-0.0,0,HAYIR,HAYIR
2026-08-19 09:30:00.378,0.23,0.36,28,0.0,0.0,0.000,-0.0,0,HAYIR,HAYIR
2026-08-19 09:30:00.398,0.23,0.36,28,0.0,0.0,0.000,-0.0,0,HAYIR,HAYIR
2026-08-19 09:30:00.418,0.23,0.36,28,0.0,0.0,0.000,-0.0,0,HAYIR,HAYIR
2026-08-19 09:30:00.438,0.23,0.36,28,0.0,0.0,0.000,-0.0,0,HAYIR,HAYIR
2026-08-19 09:30:00.458,0.23,0.36,28,0.0,0.0,0.000,-0.0,0,HAYIR,HAYIR
2026-08-19 09:30:00.478,0.23,0.36,28,0.0,0.0,0.000,-0.0,0,HAYIR,HAYIR
2026-08-19 09:30:00.498,0.23,0.36,28,0.0,0.0,0.000,-0.0,0,HAYIR,HAYIR
2026-08-19 09:30:00.518,0.23,0.36,28,0.0,0.0,0.000,-0.0,0,HAYIR,HAYIR
2026-08-19 09:30:00.538,0.23,0.36,28,0.0,0.0,0.000,-0.0,0,HAYIR,HAYIR
2026-08-19 09:30:00.558,0.23,0.36,28,0.0,0.0,0.000,-0.0,0,HAYIR,HAYIR
2026-08-19 09:30:00.578,0.23,0.36,28,0.0,0.0,0.000,-0.0,0,HAYIR,HAYIR
2026-08-19 09:30:00.598,0.23,0.36,28,0.0,0.0,0.000,-0.0,0,HAYIR,HAYIR
2026-08-19 09:30:00.618,0.23,0.36,28,0.0,0.0,0.000,-0.0,0,HAYIR,HAYIR
2026-08-19 09:30:00.638,0.21,0.36,28,0.0,0.0,0.000,-0.0,0,HAYIR,HAYIR
2026-08-19 09:30:00.658,0.21,0.36,28,0.0,0.0,0.000,-0.0,0,HAYIR,HAYIR
2026-08-19 09:30:00.678,0.21,0.36,28,0.0,0.0,0.000,-0.0,0,HAYIR,HAYIR
2026-08-19 09:30:00.698,0.21,0.36,28,0.0,0.0,0.000,-0.0,0,HAYIR,HAYIR
2026-08-19 09:30:00.718,0.21,0.36,28,0.0,0.0,0.000,-0.0,0,HAYIR,HAYIR
2026-08-19 09:30:00.738,0.22,0.36,28,0.0,0.0,0.000,-0.0,0,HAYIR,HAYIR
2026-08-19 09:30:00.758,0.22,0.36,28,0.0,0.0,0.000,-0.0,0,HAYIR,HAYIR
2026-08-19 09:30:00.778,0.22,0.36,28,0.0,0.0,0.000,-0.0,0,HAYIR,HAYIR
2026-08-19 09:30:00.798,0.22,0.36,28,0.0,0.0,0.000,-0.0,0,HAYIR,HAYIR
2026-08-19 09:30:00.818,0.22,0.36,28,0.0,0.0,0.000,-0.0,0,HAYIR,HAYIR
2026-08-19 09:30:00.838,0.22,0.36,28,0.0,0.0,0.000,-0.0,0,HAYIR,HAYIR
2026-08-19 09:30:00.858,0.22,0.36,28,0.0,0.0,0.000,-0.0,0,HAYIR,HAYIR
2026-08-19 09:30:00.878,0.22,0.36,28,0.0,0.0,0.000,-0.0,0,HAYIR,HAYIR
2026-08-19 09:30:00.898,0.22,0.36,28,0.0,0.0,0.000,-0.0,0,HAYIR,HAYIR
2026-08-19 09:30:00.918,0.22,0.36,28,0.0,0.0,0.000,-0.0,0,HAYIR,HAYIR
2026-08-19 09:30:00.938,0.22,0.36,28,0.0,0.0,0.000,-0.0,0,HAYIR,HAYIR
2026-08-19 09:30:00.958,0.22,0.36,28,0.0,0.0,0.000,-0.0,0,HAYIR,HAYIR
2026-08-19 09:30:00.978,0.22,0.37,28,0.0,0.0,0.000,-0.0,0,HAYIR,HAYIR
2026-08-19 09:30:00.998,0.22,0.37,28,0.0,0.0,0.000,-0.0,0,HAYIR,HAYIR
2026-08-19 09:30:01.018,0.22,0.37,28,0.0,0.0,0.000,-0.0,0,HAYIR,HAYIR
2026-08-19 09:30:01.038,0.21,0.37,28,0.0,0.0,0.000,-0.0,0,HAYIR,HAYIR
2026-08-19 09:30:01.058,0.21,0.37,28,0.0,0.0,0.000,-0.0,0,HAYIR,HAYIR
2026-08-19 09:30:01.078,0.21,0.37,28,0.0,0.0,0.000,-0.0,0,HAYIR,HAYIR
2026-08-19 09:30:01.098,0.21,0.37,28,0.0,0.0,0.000,-0.0,0,HAYIR,HAYIR
2026-08-19 09:30:01.118,0.21,0.37,28,0.0,0.0,0.000,-0.0,0,HAYIR,HAYIR
2026-08-19 09:30:01.138,0.21,0.37,28,0.0,0.0,0.000,-0.0,0,HAYIR,HAYIR
2026-08-19 09:30:01.158,0.21,0.37,28,0.0,0.0,0.000,-0.0,0,HAYIR,HAYIR
2026-08-19 09:30:01.178,0.21,0.37,28,0.0,0.0,0.000,-0.0,0,HAYIR,HAYIR
2026-08-19 09:30:01.198,0.21,0.37,28,0.0,0.0,0.000,-0.0,0,HAYIR,HAYIR
2026-08-19 09:30:01.218,0.21,0.37,28,0.0,0.0,0.000,-0.0,0,HAYIR,HAYIR
2026-08-19 09:30:01.238,0.21,0.37,28,0.0,0.0,0.000,-0.0,0,HAYIR,HAYIR
2026-08-19 09:30:01.258,0.21,0.37,28,0.0,0.0,0.000,-0.0,0,HAYIR,HAYIR
2026-08-19 09:30:01.278,0.21,0.37,28,0.0,0.0,0.000,-0.0,0,HAYIR,HAYIR
2026-08-19 09:30:01.298,0.21,0.36,28,0.0,0.0,0.000,-0.0,0,HAYIR,HAYIR
2026-08-19 09:30:01.318,0.21,0.36,28,0.0,0.0,0.000,-0.0,0,HAYIR,HAYIR
2026-08-19 09:30:01.338,0.20,0.36,28,0.0,0.0,0.000,-0.0,0,HAYIR,HAYIR
2026-08-19 09:30:01.358,0.20,0.36,28,0.0,0.0,0.000,-0.0,0,HAYIR,HAYIR
2026-08-19 09:30:01.378,0.20,0.36,28,0.0,0.0,0.000,-0.0,0,HAYIR,HAYIR
2026-08-19 09:30:01.398,0.20,0.36,28,0.0,0.0,0.000,-0.0,0,HAYIR,HAYIR
2026-08-19 09:30:01.418,0.20,0.36,28,0.0,0.0,0.000,-0.0,0,HAYIR,HAYIR
2026-08-19 09:30:01.438,0.20,0.36,28,0.0,0.0,0.000,-0.0,0,HAYIR,HAYIR
2026-08-19 09:30:01.458,0.20,0.36,28,0.0,0.0,0.000,-0.0,0,HAYIR,HAYIR
2026-08-19 09:30:01.478,0.20,0.36,28,0.0,0.0,0.000,-0.0,0,HAYIR,HAYIR
2026-08-19 09:30:01.498,0.20,0.36,28,0.0,0.0,0.000,-0.0,0,HAYIR,HAYIR
2026-08-19 09:30:01.518,0.20,0.36,28,0.0,0.0,0.000,-0.0,0,HAYIR,HAYIR
2026-08-19 09:30:01.538,0.20,0.36,28,0.0,0.0,0.000,-0.0,0,HAYIR,HAYIR
2026-08-19 09:30:01.558,0.20,0.36,28,0.0,0.0,0.000,-0.0,0,HAYIR,HAYIR
2026-08-19 09:30:01.578,0.20,0.36,28,0.0,0.0,0.000,-0.0,0,HAYIR,HAYIR
2026-08-19 09:30:01.598,0.20,0.36,28,0.0,0.0,0.000,-0.0,0,HAYIR,HAYIR
2026-08-19 09:30:01.618,0.20,0.36,28,0.0,0.0,0.000,-0.0,0,HAYIR,HAYIR
2026-08-19 09:30:01.638,0.19,0.36,28,0.0,0.0,0.000,-0.0,0,HAYIR,HAYIR
2026-08-19 09:30:01.658,0.19,0.36,28,0.0,0.0,0.000,-0.0,0,HAYIR,HAYIR
2026-08-19 09:30:01.678,0.19,0.36,28,0.0,0.0,0.000,-0.0,0,HAYIR,HAYIR
2026-08-19 09:30:01.698,0.19,0.36,28,0.0,0.0,0.000,-0.0,0,HAYIR,HAYIR
2026-08-19 09:30:01.718,0.19,0.36,28,0.0,0.0,0.000,-0.0,0,HAYIR,HAYIR
2026-08-19 09:30:01.738,0.19,0.36,28,0.0,0.0,0.000,-0.0,0,HAYIR,HAYIR
2026-08-19 09:30:01.758,0.19,0.36,28,0.0,0.0,0.000,-0.0,0,HAYIR,HAYIR
2026-08-19 09:30:01.778,0.19,0.36,28,0.0,0.0,0.000,-0.0,0,HAYIR,HAYIR
2026-08-19 09:30:01.798,0.19,0.36,28,0.0,0.0,0.000,-0.0,0,HAYIR,HAYIR
2026-08-19 09:30:01.818,0.19,0.36,28,0.0,0.0,0.000,-0.0,0,HAYIR,HAYIR
2026-08-19 09:30:01.838,0.19,0.36,28,0.0,0.0,0.000,-0.0,0,HAYIR,HAYIR
2026-08-19 09:30:01.858,0.19,0.36,28,0.0,0.0,0.000,-0.0,0,HAYIR,HAYIR
2026-08-19 09:30:01.878,0.19,0.36,28,0.0,0.0,0.000,-0.0,0,HAYIR,HAYIR
2026-08-19 09:30:01.898,0.19,0.36,28,0.0,0.0,0.000,-0.0,0,HAYIR,HAYIR
2026-08-19 09:30:01.918,0.19,0.36,28,0.0,0.0,0.000,-0.0,0,HAYIR,HAYIR
2026-08-19 09:30:01.938,0.19,0.36,28,0.0,0.0,0.000,-0.0,0,HAYIR,HAYIR
2026-08-19 09:30:01.958,0.19,0.36,28,0.0,0.0,0.000,-0.0,0,HAYIR,HAYIR
2026-08-19 09:30:01.978,0.18,0.36,28,0.0,0.0,0.000,-0.0,0,HAYIR,HAYIR
2026-08-19 09:30:01.998,0.18,0.36,28,0.0,0.0,0.000,-0.0,0,HAYIR,HAYIR
2026-08-19 09:30:02.018,0.18,0.36,28,0.0,0.0,0.000,-0.0,0,HAYIR,HAYIR
2026-08-19 09:30:02.038,0.18,0.36,28,0.0,0.0,0.000,-0.0,0,HAYIR,HAYIR
2026-08-19 09:30:02.058,0.18,0.36,28,0.0,0.0,0.000,-0.0,0,HAYIR,HAYIR
2026-08-19 09:30:02.078,0.18,0.36,28,0.0,0.0,0.000,-0.0,0,HAYIR,HAYIR
2026-08-19 09:30:02.098,0.18,0.36,28,0.0,0.0,0.000,-0.0,0,HAYIR,HAYIR
2026-08-19 09:30:02.118,0.18,0.36,28,0.0,0.0,0.000,-0.0,0,HAYIR,HAYIR
2026-08-19 09:30:02.138,0.18,0.36,28,0.0,0.0,0.000,-0.0,0,HAYIR,HAYIR
2026-08-19 09:30:02.158,0.18,0.36,28,0.0,0.0,0.000,-0.0,0,HAYIR,HAYIR
2026-08-19 09:30:02.178,0.18,0.36,28,0.0,0.0,0.000,-0.0,0,HAYIR,HAYIR
2026-08-19 09:30:02.198,0.18,0.36,28,0.0,0.0,0.000,-0.0,0,HAYIR,HAYIR
2026-08-19 09:30:02.218,0.18,0.36,28,0.0,0.0,0.000,-0.0,0,HAYIR,HAYIR
2026-08-19 09:30:02.238,0.18,0.36,28,0.0,0.0,0.000,-0.0,0,HAYIR,HAYIR
2026-08-19 09:30:02.258,0.18,0.37,28,0.0,0.0,0.000,-0.0,0,HAYIR,HAYIR
2026-08-19 09:30:02.278,0.18,0.37,28,0.0,0.0,0.000,-0.0,0,HAYIR,HAYIR
2026-08-19 09:30:02.298,0.18,0.37,28,0.0,0.0,0.000,-0.0,0,HAYIR,HAYIR
2026-08-19 09:30:02.318,0.18,0.37,28,0.0,0.0,0.000,-0.0,0,HAYIR,HAYIR
2026-08-19 09:30:02.338,0.17,0.37,28,0.0,0.0,0.000,-0.0,0,HAYIR,HAYIR
2026-08-19 09:30:02.358,0.17,0.37,28,0.0,0.0,0.000,-0.0,0,HAYIR,HAYIR
2026-08-19 09:30:02.378,0.17,0.37,28,0.0,0.0,0.000,-0.0,0,HAYIR,HAYIR
2026-08-19 09:30:02.398,0.17,0.37,28,0.0,0.0,0.000,-0.0,0,HAYIR,HAYIR
2026-08-19 09:30:02.418,0.17,0.37,28,0.0,0.0,0.000,-0.0,0,HAYIR,HAYIR
2026-08-19 09:30:02.438,0.18,0.37,28,0.0,0.0,0.000,-0.0,0,HAYIR,HAYIR
2026-08-19 09:30:02.458,0.18,0.37,28,0.0,0.0,0.000,-0.0,0,HAYIR,HAYIR
2026-08-19 09:30:02.478,0.18,0.37,28,0.0,0.0,0.000,-0.0,0,HAYIR,HAYIR
2026-08-19 09:30:02.498,0.18,0.37,28,0.0,0.0,0.000,-0.0,0,HAYIR,HAYIR
2026-08-19 09:30:02.518,0.18,0.37,28,0.0,0.0,0.000,-0.0,0,HAYIR,HAYIR
2026-08-19 09:30:02.538,0.17,0.37,28,0.0,0.0,0.000,-0.0,0,HAYIR,HAYIR
2026-08-19 09:30:02.558,0.17,0.37,28,0.0,0.0,0.000,-0.0,0,HAYIR,HAYIR
2026-08-19 09:30:02.578,0.17,0.37,28,0.0,0.0,0.000,-0.0,0,HAYIR,HAYIR
2026-08-19 09:30:02.598,0.17,0.37,28,0.0,0.0,0.000,-0.0,0,HAYIR,HAYIR
2026-08-19 09:30:02.618,0.17,0.37,28,0.0,0.0,0.000,-0.0,0,HAYIR,HAYIR
2026-08-19 09:30:02.638,0.17,0.37,28,0.0,0.0,0.000,-0.0,0,HAYIR,HAYIR
2026-08-19 09:30:02.658,0.17,0.37,28,0.0,0.0,0.000,-0.0,0,HAYIR,HAYIR
2026-08-19 09:30:02.678,0.16,0.37,28,0.0,0.0,0.000,-0.0,0,HAYIR,HAYIR
2026-08-19 09:30:02.698,0.16,0.37,28,0.0,0.0,0.000,-0.0,0,HAYIR,HAYIR
2026-08-19 09:30:02.718,0.16,0.37,28,0.0,0.0,0.000,-0.0,0,HAYIR,HAYIR
2026-08-19 09:30:02.738,0.16,0.37,28,0.0,0.0,0.000,-0.0,0,HAYIR,HAYIR
2026-08-19 09:30:02.758,0.16,0.37,28,0.0,0.0,0.000,-0.0,0,HAYIR,HAYIR
2026-08-19 09:30:02.778,0.16,0.37,28,0.0,0.0,0.000,-0.0,0,HAYIR,HAYIR
2026-08-19 09:30:02.798,0.16,0.37,28,0.0,0.0,0.000,-0.0,0,HAYIR,HAYIR
2026-08-19 09:30:02.818,0.16,0.37,28,0.0,0.0,0.000,-0.0,0,HAYIR,HAYIR
2026-08-19 09:30:02.838,0.17,0.37,28,0.0,0.0,0.000,-0.0,0,HAYIR,HAYIR
2026-08-19 09:30:02.858,0.17,0.37,28,0.0,0.0,0.000,-0.0,0,HAYIR,HAYIR
2026-08-19 09:30:02.878,0.17,0.37,28,0.0,0.0,0.000,-0.0,0,HAYIR,HAYIR
2026-08-19 09:30:02.898,0.17,0.37,28,0.0,0.0,0.000,-0.0,0,HAYIR,HAYIR
2026-08-19 09:30:02.918,0.17,0.37,28,0.0,0.0,0.000,-0.0,0,HAYIR,HAYIR
2026-08-19 09:30:02.938,0.16,0.37,28,0.0,0.0,0.000,-0.0,0,HAYIR,HAYIR
2026-08-19 09:30:02.958,0.16,0.37,28,0.0,0.0,0.000,-0.0,0,HAYIR,HAYIR
2026-08-19 09:30:02.978,0.16,0.37,28,0.0,0.0,0.000,-0.0,0,HAYIR,HAYIR
2026-08-19 09:30:02.998,0.16,0.37,28,0.0,0.0,0.000,-0.0,0,HAYIR,HAYIR
2026-08-19 09:30:03.018,0.16,0.37,28,0.0,0.0,0.000,-0.0,0,HAYIR,HAYIR
2026-08-19 09:30:03.038,0.15,0.37,28,0.0,0.0,0.000,-0.0,0,HAYIR,HAYIR
2026-08-19 09:30:03.058,0.15,0.37,28,0.0,0.0,0.000,-0.0,0,HAYIR,HAYIR
2026-08-19 09:30:03.078,0.15,0.37,28,0.0,0.0,0.000,-0.0,0,HAYIR,HAYIR
2026-08-19 09:30:03.098,0.15,0.37,28,0.0,0.0,0.000,-0.0,0,HAYIR,HAYIR
2026-08-19 09:30:03.118,0.15,0.37,28,0.0,0.0,0.000,-0.0,0,HAYIR,HAYIR
2026-08-19 09:30:03.138,0.16,0.37,28,0.0,0.0,0.000,-0.0,0,HAYIR,HAYIR
2026-08-19 09:30:03.158,0.16,0.37,28,0.0,0.0,0.000,-0.0,0,HAYIR,HAYIR
2026-08-19 09:30:03.178,0.16,0.37,28,0.0,0.0,0.000,-0.0,0,HAYIR,HAYIR
2026-08-19 09:30:03.198,0.16,0.37,28,0.0,0.0,0.000,-0.0,0,HAYIR,HAYIR
2026-08-19 09:30:03.218,0.16,0.37,28,0.0,0.0,0.000,-0.0,0,HAYIR,HAYIR
2026-08-19 09:30:03.238,0.16,0.37,28,0.0,0.0,0.000,-0.0,0,HAYIR,HAYIR
2026-08-19 09:30:03.258,0.16,0.37,28,0.0,0.0,0.000,-0.0,0,HAYIR,HAYIR
2026-08-19 09:30:03.278,0.16,0.36,28,0.0,0.0,0.000,-0.0,0,HAYIR,HAYIR
2026-08-19 09:30:03.298,0.16,0.36,28,0.0,0.0,0.000,-0.0,0,HAYIR,HAYIR
2026-08-19 09:30:03.318,0.16,0.36,28,0.0,0.0,0.000,-0.0,0,HAYIR,HAYIR
2026-08-19 09:30:03.338,0.15,0.36,28,0.0,0.0,0.000,-0.0,0,HAYIR,HAYIR
2026-08-19 09:30:03.358,0.15,0.36,28,0.0,0.0,0.000,-0.0,0,HAYIR,HAYIR
2026-08-19 09:30:03.378,0.15,0.36,28,0.0,0.0,0.000,-0.0,0,HAYIR,HAYIR
2026-08-19 09:30:03.398,0.15,0.36,28,0.0,0.0,0.000,-0.0,0,HAYIR,HAYIR
2026-08-19 09:30:03.418,0.15,0.36,28,0.0,0.0,0.000,-0.0,0,HAYIR,HAYIR
2026-08-19 09:30:03.438,0.15,0.36,28,0.0,0.0,0.000,-0.0,0,HAYIR,HAYIR
2026-08-19 09:30:03.458,0.15,0.36,28,0.0,0.0,0.000,-0.0,0,HAYIR,HAYIR
2026-08-19 09:30:03.478,0.15,0.36,28,0.0,0.0,0.000,-0.0,0,HAYIR,HAYIR
2026-08-19 09:30:03.498,0.15,0.36,28,0.0,0.0,0.000,-0.0,0,HAYIR,HAYIR
2026-08-19 09:30:03.518,0.15,0.36,28,0.0,0.0,0.000,-0.0,0,HAYIR,HAYIR
2026-08-19 09:30:03.538,0.15,0.36,28,0.0,0.0,0.000,-0.0,0,HAYIR,HAYIR
2026-08-19 09:30:03.558,0.15,0.36,28,0.0,0.0,0.000,-0.0,0,HAYIR,HAYIR
2026-08-19 09:30:03.578,0.15,0.36,28,0.0,0.0,0.000,-0.0,0,HAYIR,HAYIR
2026-08-19 09:30:03.598,0.15,0.36,28,0.0,0.0,0.000,-0.0,0,HAYIR,HAYIR
2026-08-19 09:30:03.618,0.15,0.36,28,0.0,0.0,0.000,-0.0,0,HAYIR,HAYIR
2026-08-19 09:30:03.638,0.14,0.36,28,0.0,0.0,0.000,-0.0,0,HAYIR,HAYIR
2026-08-19 09:30:03.658,0.14,0.36,28,0.0,0.0,0.000,-0.0,0,HAYIR,HAYIR
2026-08-19 09:30:03.678,0.14,0.36,28,0.0,0.0,0.000,-0.0,0,HAYIR,HAYIR
2026-08-19 09:30:03.698,0.14,0.36,28,0.0,0.0,0.000,-0.0,0,HAYIR,HAYIR
2026-08-19 09:30:03.718,0.14,0.36,28,0.0,0.0,0.000,-0.0,0,HAYIR,HAYIR
2026-08-19 09:30:03.738,0.14,0.36,28,0.0,0.0,0.000,-0.0,0,HAYIR,HAYIR
2026-08-19 09:30:03.758,0.14,0.36,28,0.0,0.0,0.000,-0.0,0,HAYIR,HAYIR
2026-08-19 09:30:03.778,0.14,0.36,28,0.0,0.0,0.000,-0.0,0,HAYIR,HAYIR
2026-08-19 09:30:03.798,0.14,0.36,28,0.0,0.0,0.000,-0.0,0,HAYIR,HAYIR
2026-08-19 09:30:03.818,0.14,0.36,28,0.0,0.0,0.000,-0.0,0,HAYIR,HAYIR
2026-08-19 09:30:03.838,0.14,0.36,28,0.0,0.0,0.000,-0.0,0,HAYIR,HAYIR
2026-08-19 09:30:03.858,0.14,0.36,28,0.0,0.0,0.000,-0.0,0,HAYIR,HAYIR
2026-08-19 09:30:03.878,0.14,0.36,28,0.0,0.0,0.000,-0.0,0,HAYIR,HAYIR
2026-08-19 09:30:03.898,0.14,0.36,28,0.0,0.0,0.000,-0.0,0,HAYIR,HAYIR
2026-08-19 09:30:03.918,0.14,0.35,28,0.0,0.0,0.000,-0.0,0,HAYIR,HAYIR
2026-08-19 09:30:03.938,0.14,0.35,28,0.0,0.0,0.000,-0.0,0,HAYIR,HAYIR
2026-08-19 09:30:03.958,0.14,0.35,28,0.0,0.0,0.000,-0.0,0,HAYIR,HAYIR
2026-08-19 09:30:03.978,0.13,0.35,28,0.0,0.0,0.000,-0.0,0,HAYIR,HAYIR
2026-08-19 09:30:03.998,0.13,0.35,28,0.0,0.0,0.000,-0.0,0,HAYIR,HAYIR
2026-08-19 09:30:04.018,0.13,0.35,28,0.0,0.0,0.000,-0.0,0,HAYIR,HAYIR
2026-08-19 09:30:04.038,0.13,0.35,28,0.0,0.0,0.000,-0.0,0,HAYIR,HAYIR
2026-08-19 09:30:04.058,0.13,0.35,28,0.0,0.0,0.000,-0.0,0,HAYIR,HAYIR
2026-08-19 09:30:04.078,0.13,0.35,28,0.0,0.0,0.000,-0.0,0,HAYIR,HAYIR
2026-08-19 09:30:04.098,0.13,0.35,28,0.0,0.0,0.000,-0.0,0,HAYIR,HAYIR
2026-08-19 09:30:04.118,0.13,0.35,28,0.0,0.0,0.000,-0.0,0,HAYIR,HAYIR
2026-08-19 09:30:04.138,0.13,0.35,28,0.0,0.0,0.000,-0.0,0,HAYIR,HAYIR
2026-08-19 09:30:04.158,0.13,0.35,28,0.0,0.0,0.000,-0.0,0,HAYIR,HAYIR
2026-08-19 09:30:04.178,0.13,0.35,28,0.0,0.0,0.000,-0.0,0,HAYIR,HAYIR
2026-08-19 09:30:04.198,0.13,0.35,28,0.0,0.0,0.000,-0.0,0,HAYIR,HAYIR
2026-08-19 09:30:04.218,0.13,0.35,28,0.0,0.0,0.000,-0.0,0,HAYIR,HAYIR
2026-08-19 09:30:04.238,0.13,0.35,28,0.0,0.0,0.000,-0.0,0,HAYIR,HAYIR
2026-08-19 09:30:04.258,0.13,0.35,28,0.0,0.0,0.000,-0.0,0,HAYIR,HAYIR
2026-08-19 09:30:04.278,0.13,0.35,28,0.0,0.0,0.000,-0.0,0,HAYIR,HAYIR
2026-08-19 09:30:04.298,0.13,0.36,28,0.0,0.0,0.000,-0.0,0,HAYIR,HAYIR
2026-08-19 09:30:04.318,0.13,0.36,28,0.0,0.0,0.000,-0.0,0,HAYIR,HAYIR
2026-08-19 09:30:04.338,0.12,0.36,28,0.0,0.0,0.000,-0.0,0,HAYIR,HAYIR
2026-08-19 09:30:04.358,0.12,0.36,28,0.0,0.0,0.000,-0.0,0,HAYIR,HAYIR
2026-08-19 09:30:04.378,0.12,0.36,28,0.0,0.0,0.000,-0.0,0,HAYIR,HAYIR
2026-08-19 09:30:04.398,0.12,0.36,28,0.0,0.0,0.000,-0.0,0,HAYIR,HAYIR
2026-08-19 09:30:04.418,0.12,0.36,28,0.0,0.0,0.000,-0.0,0,HAYIR,HAYIR
2026-08-19 09:30:04.438,0.12,0.36,28,0.0,0.0,0.000,-0.0,0,HAYIR,HAYIR
2026-08-19 09:30:04.458,0.12,0.36,28,0.0,0.0,0.000,-0.0,0,HAYIR,HAYIR
2026-08-19 09:30:04.478,0.12,0.36,28,0.0,0.0,0.000,-0.0,0,HAYIR,HAYIR
2026-08-19 09:30:04.498,0.12,0.36,28,0.0,0.0,0.000,-0.0,0,HAYIR,HAYIR
2026-08-19 09:30:04.518,0.12,0.36,28,0.0,0.0,0.000,-0.0,0,HAYIR,HAYIR
2026-08-19 09:30:04.538,0.12,0.36,28,0.0,0.0,0.000,-0.0,0,HAYIR,HAYIR
2026-08-19 09:30:04.558,0.12,0.36,28,0.0,0.0,0.000,-0.0,0,HAYIR,HAYIR
2026-08-19 09:30:04.578,0.12,0.36,28,0.0,0.0,0.000,-0.0,0,HAYIR,HAYIR
2026-08-19 09:30:04.598,0.12,0.36,28,0.0,0.0,0.000,-0.0,0,HAYIR,HAYIR
2026-08-19 09:30:04.618,0.12,0.34,28,0.0,0.0,0.000,-0.0,0,HAYIR,HAYIR
2026-08-19 09:30:04.638,0.12,0.34,28,0.0,0.0,0.000,-0.0,0,HAYIR,HAYIR
2026-08-19 09:30:04.658,0.12,0.34,28,0.0,0.0,0.000,-0.0,0,HAYIR,HAYIR
2026-08-19 09:30:04.678,0.11,0.34,28,0.0,0.0,0.000,-0.0,0,HAYIR,HAYIR
2026-08-19 09:30:04.698,0.11,0.34,28,0.0,0.0,0.000,-0.0,0,HAYIR,HAYIR
2026-08-19 09:30:04.718,0.11,0.34,28,0.0,0.0,0.000,-0.0,0,HAYIR,HAYIR
2026-08-19 09:30:04.738,0.11,0.34,28,0.0,0.0,0.000,-0.0,0,HAYIR,HAYIR
2026-08-19 09:30:04.758,0.11,0.34,28,0.0,0.0,0.000,-0.0,0,HAYIR,HAYIR
2026-08-19 09:30:04.778,0.11,0.34,28,0.0,0.0,0.000,-0.0,0,HAYIR,HAYIR
2026-08-19 09:30:04.798,0.11,0.34,28,0.0,0.0,0.000,-0.0,0,HAYIR,HAYIR
2026-08-19 09:30:04.818,0.11,0.34,28,0.0,0.0,0.000,-0.0,0,HAYIR,HAYIR
2026-08-19 09:30:04.838,0.12,0.34,28,0.0,0.0,0.000,-0.0,0,HAYIR,HAYIR
2026-08-19 09:30:04.858,0.12,0.34,28,0.0,0.0,0.000,-0.0,0,HAYIR,HAYIR
2026-08-19 09:30:04.878,0.12,0.34,28,0.0,0.0,0.000,-0.0,0,HAYIR,HAYIR
2026-08-19 09:30:04.898,0.12,0.34,28,0.0,0.0,0.000,-0.0,0,HAYIR,HAYIR
2026-08-19 09:30:04.918,0.12,0.34,28,0.0,0.0,0.000,-0.0,0,HAYIR,HAYIR
2026-08-19 09:30:04.938,0.12,0.33,28,0.0,0.0,0.000,-0.0,0,HAYIR,HAYIR
2026-08-19 09:30:04.958,0.12,0.33,28,0.0,0.0,0.000,-0.0,0,HAYIR,HAYIR
2026-08-19 09:30:04.978,0.11,0.33,28,0.0,0.0,0.000,-0.0,0,HAYIR,HAYIR
2026-08-19 09:30:04.998,0.11,0.33,28,0.0,0.0,0.000,-0.0,0,HAYIR,HAYIR
2026-08-19 09:30:05.018,0.11,0.33,28,0.0,0.0,0.000,-0.0,0,HAYIR,HAYIR
2026-08-19 09:30:05.038,0.11,0.33,28,0.0,0.0,0.000,-0.0,0,HAYIR,HAYIR
2026-08-19 09:30:05.058,0.11,0.33,28,0.0,0.0,0.000,-0.0,0,HAYIR,HAYIR
2026-08-19 09:30:05.078,0.11,0.33,28,0.0,0.0,0.000,-0.0,0,HAYIR,HAYIR
2026-08-19 09:30:05.098,0.11,0.33,28,0.0,0.0,0.000,-0.0,0,HAYIR,HAYIR
2026-08-19 09:30:05.118,0.11,0.33,28,0.0,0.0,0.000,-0.0,0,HAYIR,HAYIR
2026-08-19 09:30:05.138,0.11,0.33,28,0.0,0.0,0.000,-0.0,0,HAYIR,HAYIR
2026-08-19 09:30:05.158,0.11,0.33,28,0.0,0.0,0.000,-0.0,0,HAYIR,HAYIR
2026-08-19 09:30:05.178,0.11,0.33,28,0.0,0.0,0.000,-0.0,0,HAYIR,HAYIR
2026-08-19 09:30:05.198,0.11,0.33,28,0.0,0.0,0.000,-0.0,0,HAYIR,HAYIR
2026-08-19 09:30:05.218,0.11,0.33,28,0.0,0.0,0.000,-0.0,0,HAYIR,HAYIR
2026-08-19 09:30:05.238,0.11,0.33,28,0.0,0.0,0.000,-0.0,0,HAYIR,HAYIR
2026-08-19 09:30:05.258,0.11,0.33,28,0.0,0.0,0.000,-0.0,0,HAYIR,HAYIR
2026-08-19 09:30:05.278,0.11,0.33,28,0.0,0.0,0.000,-0.0,0,HAYIR,HAYIR
2026-08-19 09:30:05.298,0.11,0.33,28,0.0,0.0,0.000,-0.0,0,HAYIR,HAYIR
2026-08-19 09:30:05.318,0.11,0.33,28,0.0,0.0,0.000,-0.0,0,HAYIR,HAYIR
2026-08-19 09:30:05.338,0.10,0.33,28,0.0,0.0,0.000,-0.0,0,HAYIR,HAYIR
2026-08-19 09:30:05.358,0.10,0.33,28,0.0,0.0,0.000,-0.0,0,HAYIR,HAYIR
2026-08-19 09:30:05.378,0.10,0.33,28,0.0,0.0,0.000,-0.0,0,HAYIR,HAYIR
2026-08-19 09:30:05.398,0.10,0.33,28,0.0,0.0,0.000,-0.0,0,HAYIR,HAYIR
2026-08-19 09:30:05.418,0.10,0.33,28,0.0,0.0,0.000,-0.0,0,HAYIR,HAYIR
2026-08-19 09:30:05.438,0.10,0.33,28,0.0,0.0,0.000,-0.0,0,HAYIR,HAYIR
2026-08-19 09:30:05.458,0.10,0.33,28,0.0,0.0,0.000,-0.0,0,HAYIR,HAYIR
2026-08-19 09:30:05.478,0.10,0.33,28,0.0,0.0,0.000,-0.0,0,HAYIR,HAYIR
2026-08-19 09:30:05.498,0.10,0.33,28,0.0,0.0,0.000,-0.0,0,HAYIR,HAYIR
2026-08-19 09:30:05.518,0.10,0.33,28,0.0,0.0,0.000,-0.0,0,HAYIR,HAYIR
2026-08-19 09:30:05.538,0.10,0.33,28,0.0,0.0,0.000,-0.0,0,HAYIR,HAYIR
2026-08-19 09:30:05.558,0.10,0.33,28,0.0,0.0,0.000,-0.0,0,HAYIR,HAYIR
2026-08-19 09:30:05.578,0.10,0.32,28,0.0,0.0,0.000,-0.0,0,HAYIR,HAYIR
2026-08-19 09:30:05.598,0.10,0.32,28,0.0,0.0,0.000,-0.0,0,HAYIR,HAYIR
2026-08-19 09:30:05.618,0.10,0.32,28,0.0,0.0,0.000,-0.0,0,HAYIR,HAYIR
2026-08-19 09:30:05.638,0.09,0.32,28,0.0,0.0,0.000,-0.0,0,HAYIR,HAYIR
2026-08-19 09:30:05.658,0.09,0.32,28,0.0,0.0,0.000,-0.0,0,HAYIR,HAYIR
2026-08-19 09:30:05.678,0.09,0.32,28,0.0,0.0,0.000,-0.0,0,HAYIR,HAYIR
2026-08-19 09:30:05.698,0.09,0.32,28,0.0,0.0,0.000,-0.0,0,HAYIR,HAYIR
2026-08-19 09:30:05.718,0.09,0.32,28,0.0,0.0,0.000,-0.0,0,HAYIR,HAYIR
2026-08-19 09:30:05.738,0.10,0.32,28,0.0,0.0,0.000,-0.0,0,HAYIR,HAYIR
2026-08-19 09:30:05.758,0.10,0.32,28,0.0,0.0,0.000,-0.0,0,HAYIR,HAYIR
2026-08-19 09:30:05.778,0.10,0.32,28,0.0,0.0,0.000,-0.0,0,HAYIR,HAYIR
2026-08-19 09:30:05.798,0.10,0.32,28,0.0,0.0,0.000,-0.0,0,HAYIR,HAYIR
2026-08-19 09:30:05.818,0.10,0.32,28,0.0,0.0,0.000,-0.0,0,HAYIR,HAYIR
2026-08-19 09:30:05.838,0.10,0.32,28,0.0,0.0,0.000,-0.0,0,HAYIR,HAYIR
2026-08-19 09:30:05.858,0.10,0.32,28,0.0,0.0,0.000,-0.0,0,HAYIR,HAYIR
2026-08-19 09:30:05.878,0.10,0.32,28,0.0,0.0,0.000,-0.0,0,HAYIR,HAYIR
2026-08-19 09:30:05.898,0.10,0.32,28,0.0,0.0,0.000,-0.0,0,HAYIR,HAYIR
2026-08-19 09:30:05.918,0.10,0.32,28,0.0,0.0,0.000,-0.0,0,HAYIR,HAYIR
2026-08-19 09:30:05.938,0.09,0.32,28,0.0,0.0,0.000,-0.0,0,HAYIR,HAYIR
2026-08-19 09:30:05.958,0.09,0.32,28,0.0,0.0,0.000,-0.0,0,HAYIR,HAYIR
2026-08-19 09:30:05.978,0.09,0.33,28,0.0,0.0,0.000,-0.0,0,HAYIR,HAYIR
2026-08-19 09:30:05.998,0.09,0.33,28,0.0,0.0,0.000,-0.0,0,HAYIR,HAYIR
2026-08-19 09:30:06.018,0.09,0.33,28,0.0,0.0,0.000,-0.0,0,HAYIR,HAYIR
2026-08-19 09:30:06.038,0.09,0.33,28,0.0,0.0,0.000,-0.0,0,HAYIR,HAYIR
2026-08-19 09:30:06.058,0.09,0.33,28,0.0,0.0,0.000,-0.0,0,HAYIR,HAYIR
2026-08-19 09:30:06.078,0.09,0.33,28,0.0,0.0,0.000,-0.0,0,HAYIR,HAYIR
2026-08-19 09:30:06.098,0.09,0.33,28,0.0,0.0,0.000,-0.0,0,HAYIR,HAYIR
2026-08-19 09:30:06.118,0.09,0.33,28,0.0,0.0,0.000,-0.0,0,HAYIR,HAYIR
2026-08-19 09:30:06.138,0.09,0.33,28,0.0,0.0,0.000,-0.0,0,HAYIR,HAYIR
2026-08-19 09:30:06.158,0.09,0.33,28,0.0,0.0,0.000,-0.0,0,HAYIR,HAYIR
2026-08-19 09:30:06.178,0.09,0.33,28,0.0,0.0,0.000,-0.0,0,HAYIR,HAYIR
2026-08-19 09:30:06.198,0.09,0.33,28,0.0,0.0,0.000,-0.0,0,HAYIR,HAYIR
2026-08-19 09:30:06.218,0.09,0.33,28,0.0,0.0,0.000,-0.0,0,HAYIR,HAYIR
2026-08-19 09:30:06.238,0.09,0.33,28,0.0,0.0,0.000,-0.0,0,HAYIR,HAYIR
2026-08-19 09:30:06.258,0.09,0.33,28,0.0,0.0,0.000,-0.0,0,HAYIR,HAYIR
2026-08-19 09:30:06.278,0.09,0.33,28,0.0,0.0,0.000,-0.0,0,HAYIR,HAYIR
2026-08-19 09:30:06.298,0.09,0.32,28,0.0,0.0,0.000,-0.0,0,HAYIR,HAYIR
2026-08-19 09:30:06.318,0.09,0.32,28,0.0,0.0,0.000,-0.0,0,HAYIR,HAYIR
2026-08-19 09:30:06.338,0.06,0.32,28,0.0,0.0,0.000,-0.0,0,HAYIR,HAYIR
2026-08-19 09:30:06.358,0.06,0.32,28,0.0,0.0,0.000,-0.0,0,HAYIR,HAYIR
2026-08-19 09:30:06.378,0.04,0.32,28,0.0,0.0,0.000,-0.0,0,HAYIR,HAYIR
2026-08-19 09:30:06.398,0.04,0.32,28,0.0,0.0,0.000,-0.0,0,HAYIR,HAYIR
2026-08-19 09:30:06.418,0.04,0.32,28,0.0,0.0,0.000,-0.0,0,HAYIR,HAYIR
2026-08-19 09:30:06.438,0.01,0.32,28,0.0,0.0,0.000,-0.0,0,HAYIR,HAYIR
2026-08-19 09:30:06.458,0.01,0.32,28,0.0,0.0,0.000,-0.0,0,HAYIR,HAYIR
2026-08-19 09:30:06.478,0.00,0.32,0,0.0,0.0,0.000,0.0,0,EVET,HAYIR
2026-08-19 09:30:06.498,0.00,0.32,0,0.0,0.0,0.000,0.0,0,EVET,HAYIR
2026-08-19 09:30:06.518,0.00,0.32,0,0.0,0.0,0.000,0.0,0,EVET,HAYIR
2026-08-19 09:30:06.538,0.00,0.32,0,0.0,0.0,0.000,0.0,0,EVET,HAYIR
2026-08-19 09:30:06.558,0.00,0.32,0,0.0,0.0,0.000,0.0,0,EVET,HAYIR
2026-08-19 09:30:06.578,0.00,0.32,0,0.0,0.0,0.000,0.0,0,EVET,HAYIR
2026-08-19 09:30:06.598,0.00,0.32,0,0.0,0.0,0.000,0.0,0,EVET,HAYIR
2026-08-19 09:30:06.618,0.00,0.32,0,0.0,0.0,0.000,0.0,0,EVET,HAYIR
2026-08-19 09:30:06.638,0.00,0.32,0,0.0,0.0,0.000,0.0,0,EVET,HAYIR
2026-08-19 09:30:06.658,0.00,0.32,0,0.0,0.0,0.000,0.0,0,EVET,HAYIR
2026-08-19 09:30:06.678,0.00,0.32,0,0.0,0.0,0.000,0.0,0,EVET,HAYIR
2026-08-19 09:30:06.698,0.00,0.32,0,0.0,0.0,0.000,0.0,0,EVET,HAYIR
2026-08-19 09:30:06.718,0.00,0.32,0,0.0,0.0,0.000,0.0,0,EVET,HAYIR
2026-08-19 09:30:06.738,0.00,0.32,0,0.0,0.0,0.000,0.0,0,EVET,HAYIR
2026-08-19 09:30:06.758,0.00,0.32,0,0.0,0.0,0.000,0.0,0,EVET,HAYIR
2026-08-19 09:30:06.778,0.00,0.32,0,0.0,0.0,0.000,0.0,0,EVET,HAYIR
2026-08-19 09:30:06.798,0.00,0.32,0,0.0,0.0,0.000,0.0,0,EVET,HAYIR
2026-08-19 09:30:06.818,0.00,0.32,0,0.0,0.0,0.000,0.0,0,EVET,HAYIR
2026-08-19 09:30:06.838,0.00,0.32,0,0.0,0.0,0.000,0.0,0,EVET,HAYIR
2026-08-19 09:30:06.858,0.00,0.32,0,0.0,0.0,0.000,0.0,0,EVET,HAYIR
2026-08-19 09:30:06.878,0.00,0.32,0,0.0,0.0,0.000,0.0,0,EVET,HAYIR
2026-08-19 09:30:06.898,0.00,0.32,0,0.0,0.0,0.000,0.0,0,EVET,HAYIR
2026-08-19 09:30:06.918,0.00,0.32,0,0.0,0.0,0.000,0.0,0,EVET,HAYIR
2026-08-19 09:30:06.938,0.00,0.31,0,0.0,0.0,0.000,0.0,0,EVET,HAYIR
2026-08-19 09:30:06.958,0.00,0.31,0,0.0,0.0,0.000,0.0,0,EVET,HAYIR
2026-08-19 09:30:06.978,0.00,0.31,0,0.0,0.0,0.000,0.0,0,EVET,HAYIR
2026-08-19 09:30:06.998,0.00,0.31,0,0.0,0.0,0.000,0.0,0,EVET,HAYIR
2026-08-19 09:30:07.018,0.00,0.31,0,0.0,0.0,0.000,0.0,0,EVET,HAYIR
2026-08-19 09:30:07.038,0.00,0.31,0,0.0,0.0,0.000,0.0,0,EVET,HAYIR
2026-08-19 09:30:07.058,0.00,0.31,0,0.0,0.0,0.000,0.0,0,EVET,HAYIR
2026-08-19 09:30:07.078,0.00,0.31,0,0.0,0.0,0.000,0.0,0,EVET,HAYIR
2026-08-19 09:30:07.098,0.00,0.31,0,0.0,0.0,0.000,0.0,0,EVET,HAYIR
2026-08-19 09:30:07.118,0.00,0.31,0,0.0,0.0,0.000,0.0,0,EVET,HAYIR
2026-08-19 09:30:07.138,0.00,0.31,0,0.0,0.0,0.000,0.0,0,EVET,HAYIR
2026-08-19 09:30:07.158,0.00,0.31,0,0.0,0.0,0.000,0.0,0,EVET,HAYIR
2026-08-19 09:30:07.178,0.00,0.31,0,0.0,0.0,0.000,0.0,0,EVET,HAYIR
2026-08-19 09:30:07.198,0.00,0.31,0,0.0,0.0,0.000,0.0,0,EVET,HAYIR
2026-08-19 09:30:07.218,0.00,0.31,0,0.0,0.0,0.000,0.0,0,EVET,HAYIR
2026-08-19 09:30:07.238,0.00,0.31,0,0.0,0.0,0.000,0.0,0,EVET,HAYIR
2026-08-19 09:30:07.258,0.00,0.29,0,0.0,0.0,0.000,0.0,0,EVET,HAYIR
2026-08-19 09:30:07.278,0.00,0.29,0,0.0,0.0,0.000,0.0,0,EVET,HAYIR
2026-08-19 09:30:07.298,0.00,0.29,0,0.0,0.0,0.000,0.0,0,EVET,HAYIR
2026-08-19 09:30:07.318,0.00,0.29,0,0.0,0.0,0.000,0.0,0,EVET,HAYIR
2026-08-19 09:30:07.338,0.00,0.29,0,0.0,0.0,0.000,0.0,0,EVET,HAYIR
2026-08-19 09:30:07.358,0.00,0.29,0,0.0,0.0,0.000,0.0,0,EVET,HAYIR
2026-08-19 09:30:07.378,0.00,0.29,0,0.0,0.0,0.000,0.0,0,EVET,HAYIR
2026-08-19 09:30:07.398,0.00,0.29,0,0.0,0.0,0.000,0.0,0,EVET,HAYIR
2026-08-19 09:30:07.418,0.00,0.29,0,0.0,0.0,0.000,0.0,0,EVET,HAYIR
2026-08-19 09:30:07.438,0.00,0.29,0,0.0,0.0,0.000,0.0,0,EVET,HAYIR
2026-08-19 09:30:07.458,0.00,0.29,0,0.0,0.0,0.000,0.0,0,EVET,HAYIR
2026-08-19 09:30:07.478,0.00,0.29,0,0.0,0.0,0.000,0.0,0,EVET,HAYIR
2026-08-19 09:30:07.498,0.00,0.29,0,0.0,0.0,0.000,0.0,0,EVET,HAYIR
2026-08-19 09:30:07.518,0.00,0.29,0,0.0,0.0,0.000,0.0,0,EVET,HAYIR
2026-08-19 09:30:07.538,0.00,0.29,0,0.0,0.0,0.000,0.0,0,EVET,HAYIR
2026-08-19 09:30:07.558,0.00,0.29,0,0.0,0.0,0.000,0.0,0,EVET,HAYIR
2026-08-19 09:30:07.578,0.00,0.29,0,0.0,0.0,0.000,0.0,0,EVET,HAYIR
2026-08-19 09:30:07.598,0.00,0.29,0,0.0,0.0,0.000,0.0,0,EVET,HAYIR
2026-08-19 09:30:07.618,0.00,0.29,0,0.0,0.0,0.000,0.0,0,EVET,HAYIR
2026-08-19 09:30:07.638,0.00,0.27,0,0.0,0.0,0.000,0.0,0,EVET,HAYIR
2026-08-19 09:30:07.658,0.00,0.27,0,0.0,0.0,0.000,0.0,0,EVET,HAYIR
2026-08-19 09:30:07.678,0.00,0.27,0,0.0,0.0,0.000,0.0,0,EVET,HAYIR
2026-08-19 09:30:07.698,0.00,0.27,0,0.0,0.0,0.000,0.0,0,EVET,HAYIR
2026-08-19 09:30:07.718,0.00,0.27,0,0.0,0.0,0.000,0.0,0,EVET,HAYIR
2026-08-19 09:30:07.738,0.00,0.27,0,0.0,0.0,0.000,0.0,0,EVET,HAYIR
2026-08-19 09:30:07.758,0.00,0.27,0,0.0,0.0,0.000,0.0,0,EVET,HAYIR
2026-08-19 09:30:07.778,0.00,0.27,0,0.0,0.0,0.000,0.0,0,EVET,HAYIR
2026-08-19 09:30:07.798,0.00,0.27,0,0.0,0.0,0.000,0.0,0,EVET,HAYIR
2026-08-19 09:30:07.818,0.00,0.27,0,0.0,0.0,0.000,0.0,0,EVET,HAYIR
2026-08-19 09:30:07.838,0.00,0.27,0,0.0,0.0,0.000,0.0,0,EVET,HAYIR
2026-08-19 09:30:07.858,0.00,0.27,0,0.0,0.0,0.000,0.0,0,EVET,HAYIR
2026-08-19 09:30:07.878,0.00,0.27,0,0.0,0.0,0.000,0.0,0,EVET,HAYIR
2026-08-19 09:30:07.898,0.00,0.27,0,0.0,0.0,0.000,0.0,0,EVET,HAYIR
2026-08-19 09:30:07.918,0.00,0.27,0,0.0,0.0,0.000,0.0,0,EVET,HAYIR
2026-08-19 09:30:07.938,0.00,0.27,0,0.0,0.0,0.000,0.0,0,EVET,HAYIR
2026-08-19 09:30:07.958,0.00,0.21,0,0.0,0.0,0.000,0.0,0,EVET,HAYIR
2026-08-19 09:30:07.978,0.00,0.21,0,0.0,0.0,0.000,0.0,0,EVET,HAYIR
2026-08-19 09:30:07.998,0.00,0.21,0,0.0,0.0,0.000,0.0,0,EVET,HAYIR
2026-08-19 09:30:08.018,0.00,0.21,0,0.0,0.0,0.000,0.0,0,EVET,HAYIR
2026-08-19 09:30:08.038,0.00,0.21,0,0.0,0.0,0.000,0.0,0,EVET,HAYIR
2026-08-19 09:30:08.058,0.00,0.21,0,0.0,0.0,0.000,0.0,0,EVET,HAYIR
2026-08-19 09:30:08.078,0.00,0.21,0,0.0,0.0,0.000,0.0,0,EVET,HAYIR
2026-08-19 09:30:08.098,0.00,0.21,0,0.0,0.0,0.000,0.0,0,EVET,HAYIR
2026-08-19 09:30:08.118,0.00,0.21,0,0.0,0.0,0.000,0.0,0,EVET,HAYIR
2026-08-19 09:30:08.138,0.00,0.21,0,0.0,0.0,0.000,0.0,0,EVET,HAYIR
2026-08-19 09:30:08.158,0.00,0.21,0,0.0,0.0,0.000,0.0,0,EVET,HAYIR
2026-08-19 09:30:08.178,0.00,0.21,0,0.0,0.0,0.000,0.0,0,EVET,HAYIR
2026-08-19 09:30:08.198,0.00,0.21,0,0.0,0.0,0.000,0.0,0,EVET,HAYIR
2026-08-19 09:30:08.218,0.00,0.21,0,0.0,0.0,0.000,0.0,0,EVET,HAYIR
2026-08-19 09:30:08.238,0.00,0.21,0,0.0,0.0,0.000,0.0,0,EVET,HAYIR
2026-08-19 09:30:08.258,0.00,0.21,0,0.0,0.0,0.000,0.0,0,EVET,HAYIR
2026-08-19 09:30:08.278,0.00,0.15,0,0.0,0.0,0.000,0.0,0,EVET,HAYIR
2026-08-19 09:30:08.298,0.00,0.15,0,0.0,0.0,0.000,0.0,0,EVET,HAYIR
2026-08-19 09:30:08.318,0.00,0.15,0,0.0,0.0,0.000,0.0,0,EVET,HAYIR
2026-08-19 09:30:08.338,0.00,0.15,0,0.0,0.0,0.000,0.0,0,EVET,HAYIR
2026-08-19 09:30:08.358,0.00,0.15,0,0.0,0.0,0.000,0.0,0,EVET,HAYIR
2026-08-19 09:30:08.378,0.00,0.15,0,0.0,0.0,0.000,0.0,0,EVET,HAYIR
2026-08-19 09:30:08.398,0.00,0.15,0,0.0,0.0,0.000,0.0,0,EVET,HAYIR
2026-08-19 09:30:08.418,0.00,0.15,0,0.0,0.0,0.000,0.0,0,EVET,HAYIR
2026-08-19 09:30:08.438,0.00,0.15,0,0.0,0.0,0.000,0.0,0,EVET,HAYIR
2026-08-19 09:30:08.458,0.00,0.15,0,0.0,0.0,0.000,0.0,0,EVET,HAYIR
2026-08-19 09:30:08.478,0.00,0.15,0,0.0,0.0,0.000,0.0,0,EVET,HAYIR
2026-08-19 09:30:08.498,0.00,0.15,0,0.0,0.0,0.000,0.0,0,EVET,HAYIR
2026-08-19 09:30:08.518,0.00,0.15,0,0.0,0.0,0.000,0.0,0,EVET,HAYIR
2026-08-19 09:30:08.538,0.00,0.15,0,0.0,0.0,0.000,0.0,0,EVET,HAYIR
2026-08-19 09:30:08.558,0.00,0.15,0,0.0,0.0,0.000,0.0,0,EVET,HAYIR
2026-08-19 09:30:08.578,0.00,0.15,0,0.0,0.0,0.000,0.0,0,EVET,HAYIR
2026-08-19 09:30:08.598,0.00,0.10,0,0.0,0.0,0.000,0.0,0,EVET,HAYIR
2026-08-19 09:30:08.618,0.00,0.10,0,0.0,0.0,0.000,0.0,0,EVET,HAYIR
2026-08-19 09:30:08.638,0.00,0.10,0,0.0,0.0,0.000,0.0,0,EVET,HAYIR
2026-08-19 09:30:08.658,0.00,0.10,0,0.0,0.0,0.000,0.0,0,EVET,HAYIR
2026-08-19 09:30:08.678,0.00,0.10,0,0.0,0.0,0.000,0.0,0,EVET,HAYIR
2026-08-19 09:30:08.698,0.00,0.10,0,0.0,0.0,0.000,0.0,0,EVET,HAYIR
2026-08-19 09:30:08.718,0.00,0.10,0,0.0,0.0,0.000,0.0,0,EVET,HAYIR
2026-08-19 09:30:08.738,0.00,0.10,0,0.0,0.0,0.000,0.0,0,EVET,HAYIR
2026-08-19 09:30:08.758,0.00,0.10,0,0.0,0.0,0.000,0.0,0,EVET,HAYIR
2026-08-19 09:30:08.778,0.00,0.10,0,0.0,0.0,0.000,0.0,0,EVET,HAYIR
2026-08-19 09:30:08.798,0.00,0.10,0,0.0,0.0,0.000,0.0,0,EVET,HAYIR
2026-08-19 09:30:08.818,0.00,0.10,0,0.0,0.0,0.000,0.0,0,EVET,HAYIR
2026-08-19 09:30:08.838,0.00,0.10,0,0.0,0.0,0.000,0.0,0,EVET,HAYIR
2026-08-19 09:30:08.858,0.00,0.10,0,0.0,0.0,0.000,0.0,0,EVET,HAYIR
2026-08-19 09:30:08.878,0.00,0.10,0,0.0,0.0,0.000,0.0,0,EVET,HAYIR
2026-08-19 09:30:08.898,0.00,0.10,0,0.0,0.0,0.000,0.0,0,EVET,HAYIR
2026-08-19 09:30:08.918,0.00,0.07,0,0.0,0.0,0.000,0.0,0,HAYIR,HAYIR
2026-08-19 09:30:08.938,0.00,0.07,0,0.0,0.0,0.000,0.0,0,HAYIR,HAYIR
2026-08-19 09:30:08.958,0.00,0.07,0,0.0,0.0,0.000,0.0,0,HAYIR,HAYIR
2026-08-19 09:30:08.978,0.00,0.07,0,0.0,0.0,0.000,0.0,0,HAYIR,HAYIR
2026-08-19 09:30:08.998,0.00,0.07,0,0.0,0.0,0.000,0.0,0,HAYIR,HAYIR
2026-08-19 09:30:09.018,0.00,0.07,0,0.0,0.0,0.000,0.0,0,HAYIR,HAYIR
2026-08-19 09:30:09.038,0.00,0.07,0,0.0,0.0,0.000,0.0,0,HAYIR,HAYIR
2026-08-19 09:30:09.058,0.00,0.07,0,0.0,0.0,0.000,0.0,0,HAYIR,HAYIR
2026-08-19 09:30:09.078,0.00,0.07,0,0.0,0.0,0.000,0.0,0,HAYIR,HAYIR
2026-08-19 09:30:09.098,0.00,0.07,0,0.0,0.0,0.000,0.0,0,HAYIR,HAYIR
2026-08-19 09:30:09.118,0.00,0.07,0,0.0,0.0,0.000,0.0,0,HAYIR,HAYIR
2026-08-19 09:30:09.138,0.00,0.07,0,0.0,0.0,0.000,0.0,0,HAYIR,HAYIR
2026-08-19 09:30:09.158,0.00,0.07,0,0.0,0.0,0.000,0.0,0,HAYIR,HAYIR
2026-08-19 09:30:09.178,0.00,0.07,0,0.0,0.0,0.000,0.0,0,HAYIR,HAYIR
2026-08-19 09:30:09.198,0.00,0.07,0,0.0,0.0,0.000,0.0,0,HAYIR,HAYIR
2026-08-19 09:30:09.218,0.00,0.07,0,0.0,0.0,0.000,0.0,0,HAYIR,HAYIR
2026-08-19 09:30:09.238,0.00,0.07,0,0.0,0.0,0.000,0.0,0,HAYIR,HAYIR
2026-08-19 09:30:09.258,0.00,0.07,0,0.0,0.0,0.000,0.0,0,HAYIR,HAYIR
2026-08-19 09:30:09.278,0.00,0.07,0,0.0,0.0,0.000,0.0,0,HAYIR,HAYIR
2026-08-19 09:30:09.298,0.00,0.05,0,0.0,0.0,0.000,0.0,0,HAYIR,HAYIR
2026-08-19 09:30:09.318,0.00,0.05,0,0.0,0.0,0.000,0.0,0,HAYIR,HAYIR
2026-08-19 09:30:09.338,0.00,0.05,0,0.0,0.0,0.000,0.0,0,HAYIR,HAYIR
2026-08-19 09:30:09.358,0.00,0.05,0,0.0,0.0,0.000,0.0,0,HAYIR,HAYIR
2026-08-19 09:30:09.378,0.00,0.05,0,0.0,0.0,0.000,0.0,0,HAYIR,HAYIR
2026-08-19 09:30:09.398,0.00,0.05,0,0.0,0.0,0.000,0.0,0,HAYIR,HAYIR
2026-08-19 09:30:09.418,0.00,0.05,0,0.0,0.0,0.000,0.0,0,HAYIR,HAYIR
2026-08-19 09:30:09.438,0.00,0.05,0,0.0,0.0,0.000,0.0,0,HAYIR,HAYIR
2026-08-19 09:30:09.458,0.00,0.05,0,0.0,0.0,0.000,0.0,0,HAYIR,HAYIR
2026-08-19 09:30:09.478,0.00,0.05,0,0.0,0.0,0.000,0.0,0,HAYIR,HAYIR
2026-08-19 09:30:09.498,0.00,0.05,0,0.0,0.0,0.000,0.0,0,HAYIR,HAYIR
2026-08-19 09:30:09.518,0.00,0.05,0,0.0,0.0,0.000,0.0,0,HAYIR,HAYIR
2026-08-19 09:30:09.538,0.00,0.05,0,0.0,0.0,0.000,0.0,0,HAYIR,HAYIR
2026-08-19 09:30:09.558,0.00,0.05,0,0.0,0.0,0.000,0.0,0,HAYIR,HAYIR
2026-08-19 09:30:09.578,0.00,0.05,0,0.0,0.0,0.000,0.0,0,HAYIR,HAYIR
2026-08-19 09:30:09.598,0.00,0.05,0,0.0,0.0,0.000,0.0,0,HAYIR,HAYIR
2026-08-19 09:30:09.618,0.00,0.04,0,0.0,0.0,0.000,0.0,0,HAYIR,HAYIR
2026-08-19 09:30:09.638,0.00,0.04,0,0.0,0.0,0.000,0.0,0,HAYIR,HAYIR
2026-08-19 09:30:09.658,0.00,0.04,0,0.0,0.0,0.000,0.0,0,HAYIR,HAYIR
2026-08-19 09:30:09.678,0.00,0.04,0,0.0,0.0,0.000,0.0,0,HAYIR,HAYIR
2026-08-19 09:30:09.698,0.00,0.04,0,0.0,0.0,0.000,0.0,0,HAYIR,HAYIR
2026-08-19 09:30:09.718,0.00,0.04,0,0.0,0.0,0.000,0.0,0,HAYIR,HAYIR
2026-08-19 09:30:09.738,0.00,0.04,0,0.0,0.0,0.000,0.0,0,HAYIR,HAYIR
2026-08-19 09:30:09.758,0.00,0.04,0,0.0,0.0,0.000,0.0,0,HAYIR,HAYIR
2026-08-19 09:30:09.778,0.00,0.04,0,0.0,0.0,0.000,0.0,0,HAYIR,HAYIR
2026-08-19 09:30:09.798,0.00,0.04,0,0.0,0.0,0.000,0.0,0,HAYIR,HAYIR
2026-08-19 09:30:09.818,0.00,0.04,0,0.0,0.0,0.000,0.0,0,HAYIR,HAYIR
2026-08-19 09:30:09.838,0.00,0.04,0,0.0,0.0,0.000,0.0,0,HAYIR,HAYIR
2026-08-19 09:30:09.858,0.00,0.04,0,0.0,0.0,0.000,0.0,0,HAYIR,HAYIR
2026-08-19 09:30:09.878,0.00,0.04,0,0.0,0.0,0.000,0.0,0,HAYIR,HAYIR
2026-08-19 09:30:09.898,0.00,0.04,0,0.0,0.0,0.000,0.0,0,HAYIR,HAYIR
2026-08-19 09:30:09.918,0.00,0.04,0,0.0,0.0,0.000,0.0,0,HAYIR,HAYIR
2026-08-19 09:30:09.938,0.00,0.03,0,0.0,0.0,0.000,0.0,0,HAYIR,HAYIR
2026-08-19 09:30:09.958,0.00,0.03,0,0.0,0.0,0.000,0.0,0,HAYIR,HAYIR
2026-08-19 09:30:09.978,0.00,0.03,0,0.0,0.0,0.000,0.0,0,HAYIR,HAYIR
2026-08-19 09:30:09.998,0.00,0.03,0,0.0,0.0,0.000,0.0,0,HAYIR,HAYIR
2026-08-19 09:30:10.018,0.00,0.03,0,0.0,0.0,0.000,0.0,0,HAYIR,HAYIR
2026-08-19 09:30:10.038,0.00,0.03,0,0.0,0.0,0.000,0.0,0,HAYIR,HAYIR
2026-08-19 09:30:10.058,0.00,0.03,0,0.0,0.0,0.000,0.0,0,HAYIR,HAYIR
2026-08-19 09:30:10.078,0.00,0.03,0,0.0,0.0,0.000,0.0,0,HAYIR,HAYIR
2026-08-19 09:30:10.098,0.00,0.03,0,0.0,0.0,0.000,0.0,0,HAYIR,HAYIR
2026-08-19 09:30:10.118,0.00,0.03,0,0.0,0.0,0.000,0.0,0,HAYIR,HAYIR
2026-08-19 09:30:10.138,0.00,0.03,0,0.0,0.0,0.000,0.0,0,HAYIR,HAYIR
2026-08-19 09:30:10.158,0.00,0.03,0,0.0,0.0,0.000,0.0,0,HAYIR,HAYIR
2026-08-19 09:30:10.178,0.00,0.03,0,0.0,0.0,0.000,0.0,0,HAYIR,HAYIR
2026-08-19 09:30:10.198,0.00,0.03,0,0.0,0.0,0.000,0.0,0,HAYIR,HAYIR
2026-08-19 09:30:10.218,0.00,0.03,0,0.0,0.0,0.000,0.0,0,HAYIR,HAYIR
2026-08-19 09:30:10.238,0.00,0.03,0,0.0,0.0,0.000,0.0,0,HAYIR,HAYIR
2026-08-19 09:30:10.258,0.00,0.02,0,0.0,0.0,0.000,0.0,0,HAYIR,HAYIR
2026-08-19 09:30:10.278,0.00,0.02,0,0.0,0.0,0.000,0.0,0,HAYIR,HAYIR
2026-08-19 09:30:10.298,0.00,0.02,0,0.0,0.0,0.000,0.0,0,HAYIR,HAYIR
2026-08-19 09:30:10.318,0.00,0.02,0,0.0,0.0,0.000,0.0,0,HAYIR,HAYIR
2026-08-19 09:30:10.338,0.00,0.02,0,0.0,0.0,0.000,0.0,0,HAYIR,HAYIR
2026-08-19 09:30:10.358,0.00,0.02,0,0.0,0.0,0.000,0.0,0,HAYIR,HAYIR
2026-08-19 09:30:10.378,0.00,0.02,0,0.0,0.0,0.000,0.0,0,HAYIR,HAYIR
2026-08-19 09:30:10.398,0.00,0.02,0,0.0,0.0,0.000,0.0,0,HAYIR,HAYIR
2026-08-19 09:30:10.418,0.00,0.02,0,0.0,0.0,0.000,0.0,0,HAYIR,HAYIR
2026-08-19 09:30:10.438,0.00,0.02,0,0.0,0.0,0.000,0.0,0,HAYIR,HAYIR
2026-08-19 09:30:10.458,0.00,0.02,0,0.0,0.0,0.000,0.0,0,HAYIR,HAYIR
2026-08-19 09:30:10.478,0.00,0.02,0,0.0,0.0,0.000,0.0,0,HAYIR,HAYIR
2026-08-19 09:30:10.498,0.00,0.02,0,0.0,0.0,0.000,0.0,0,HAYIR,HAYIR
2026-08-19 09:30:10.518,0.00,0.02,0,0.0,0.0,0.000,0.0,0,HAYIR,HAYIR
2026-08-19 09:30:10.538,0.00,0.02,0,0.0,0.0,0.000,0.0,0,HAYIR,HAYIR
2026-08-19 09:30:10.558,0.00,0.02,0,0.0,0.0,0.000,0.0,0,HAYIR,HAYIR
2026-08-19 09:30:10.578,0.00,0.02,0,0.0,0.0,0.000,0.0,0,HAYIR,HAYIR
2026-08-19 09:30:10.598,0.00,0.01,0,0.0,0.0,0.000,0.0,0,HAYIR,HAYIR
2026-08-19 09:30:10.618,0.00,0.01,0,0.0,0.0,0.000,0.0,0,HAYIR,HAYIR
2026-08-19 09:30:10.638,0.00,0.01,0,0.0,0.0,0.000,0.0,0,HAYIR,HAYIR
2026-08-19 09:30:10.658,0.00,0.01,0,0.0,0.0,0.000,0.0,0,HAYIR,HAYIR
2026-08-19 09:30:10.678,0.00,0.01,0,0.0,0.0,0.000,0.0,0,HAYIR,HAYIR
2026-08-19 09:30:10.698,0.00,0.01,0,0.0,0.0,0.000,0.0,0,HAYIR,HAYIR
2026-08-19 09:30:10.718,0.00,0.01,0,0.0,0.0,0.000,0.0,0,HAYIR,HAYIR
2026-08-19 09:30:10.738,0.00,0.01,0,0.0,0.0,0.000,0.0,0,HAYIR,HAYIR
2026-08-19 09:30:10.758,0.00,0.01,0,0.0,0.0,0.000,0.0,0,HAYIR,HAYIR
2026-08-19 09:30:10.778,0.00,0.01,0,0.0,0.0,0.000,0.0,0,HAYIR,HAYIR
2026-08-19 09:30:10.798,0.00,0.01,0,0.0,0.0,0.000,0.0,0,HAYIR,HAYIR
2026-08-19 09:30:10.818,0.00,0.01,0,0.0,0.0,0.000,0.0,0,HAYIR,HAYIR
2026-08-19 09:30:10.838,0.00,0.01,0,0.0,0.0,0.000,0.0,0,HAYIR,HAYIR
2026-08-19 09:30:10.858,0.00,0.01,0,0.0,0.0,0.000,0.0,0,HAYIR,HAYIR
2026-08-19 09:30:10.878,0.00,0.01,0,0.0,0.0,0.000,0.0,0,HAYIR,HAYIR
2026-08-19 09:30:10.898,0.00,0.01,0,0.0,0.0,0.000,0.0,0,HAYIR,HAYIR
2026-08-19 09:30:10.918,0.00,0.01,0,0.0,0.0,0.000,0.0,0,HAYIR,HAYIR
2026-08-19 09:30:10.938,0.03,0.01,28,0.0,0.0,-0.050,160.0,1,HAYIR,HAYIR
2026-08-19 09:30:10.958,0.03,0.01,28,0.0,0.0,-0.050,160.0,2,HAYIR,HAYIR
2026-08-19 09:30:10.978,0.05,0.01,29,0.0,0.1,-0.100,160.0,4,HAYIR,HAYIR
2026-08-19 09:30:10.998,0.05,0.01,29,0.0,0.1,-0.100,160.0,5,HAYIR,HAYIR
2026-08-19 09:30:11.018,0.05,0.01,28,0.0,0.1,-0.100,160.0,6,HAYIR,HAYIR
2026-08-19 09:30:11.038,0.08,0.01,29,0.0,0.1,-0.050,160.0,7,HAYIR,HAYIR
2026-08-19 09:30:11.058,0.08,0.01,29,0.0,0.1,-0.050,160.0,8,HAYIR,HAYIR
2026-08-19 09:30:11.078,0.10,0.01,29,0.0,0.2,-0.032,134.1,10,HAYIR,HAYIR
2026-08-19 09:30:11.098,0.10,0.01,29,0.0,0.2,-0.032,134.1,11,HAYIR,HAYIR
2026-08-19 09:30:11.118,0.10,0.01,29,0.0,0.2,-0.032,134.1,12,HAYIR,HAYIR
2026-08-19 09:30:11.138,0.12,0.01,29,0.0,0.2,-0.082,160.0,13,HAYIR,HAYIR
2026-08-19 09:30:11.158,0.12,0.01,29,0.0,0.2,-0.082,160.0,14,HAYIR,HAYIR
2026-08-19 09:30:11.178,0.15,0.01,29,0.0,0.3,-0.100,160.0,16,HAYIR,HAYIR
2026-08-19 09:30:11.198,0.15,0.01,29,0.0,0.3,-0.100,160.0,17,HAYIR,HAYIR
2026-08-19 09:30:11.218,0.15,0.01,29,0.0,0.3,-0.100,160.0,18,HAYIR,HAYIR
2026-08-19 09:30:11.238,0.17,0.01,29,0.0,0.3,-0.100,160.0,19,HAYIR,HAYIR
2026-08-19 09:30:11.258,0.17,0.01,29,0.0,0.3,-0.100,160.0,20,HAYIR,HAYIR
2026-08-19 09:30:11.278,0.20,0.01,29,0.0,0.4,-0.100,160.0,22,HAYIR,HAYIR
2026-08-19 09:30:11.298,0.20,0.01,29,0.0,0.4,-0.100,160.0,23,HAYIR,HAYIR
2026-08-19 09:30:11.318,0.20,0.01,29,0.0,0.4,-0.100,160.0,24,HAYIR,HAYIR
2026-08-19 09:30:11.338,0.22,0.01,29,0.0,0.4,-0.067,124.7,25,HAYIR,HAYIR
2026-08-19 09:30:11.358,0.22,0.01,29,0.0,0.4,-0.067,124.7,26,HAYIR,HAYIR
2026-08-19 09:30:11.378,0.25,0.01,29,0.0,0.5,-0.067,113.5,28,HAYIR,HAYIR
2026-08-19 09:30:11.398,0.25,0.01,29,0.0,0.5,-0.067,113.5,29,HAYIR,HAYIR
2026-08-19 09:30:11.418,0.25,0.01,29,0.0,0.5,-0.067,113.5,30,HAYIR,HAYIR
2026-08-19 09:30:11.438,0.27,0.01,29,0.0,0.5,-0.067,104.1,31,HAYIR,HAYIR
2026-08-19 09:30:11.458,0.27,0.01,29,0.0,0.5,-0.067,104.1,32,HAYIR,HAYIR
2026-08-19 09:30:11.478,0.30,0.01,30,0.0,0.6,-0.067,96.1,34,HAYIR,HAYIR
2026-08-19 09:30:11.498,0.30,0.01,30,0.0,0.6,-0.067,96.1,35,HAYIR,HAYIR
2026-08-19 09:30:11.518,0.30,0.01,30,0.0,0.6,-0.067,96.1,36,HAYIR,HAYIR
2026-08-19 09:30:11.538,0.33,0.01,30,0.0,0.6,-0.100,128.3,37,HAYIR,HAYIR
2026-08-19 09:30:11.558,0.33,0.01,30,0.0,0.6,-0.100,128.3,38,HAYIR,HAYIR
2026-08-19 09:30:11.578,0.35,0.01,30,0.0,0.7,-0.100,120.2,40,HAYIR,HAYIR
2026-08-19 09:30:11.598,0.35,0.01,30,0.0,0.7,-0.100,120.2,41,HAYIR,HAYIR
2026-08-19 09:30:11.618,0.35,0.00,30,0.0,0.7,-0.100,120.2,42,HAYIR,HAYIR
2026-08-19 09:30:11.638,0.38,0.00,30,0.0,0.7,-0.082,94.7,43,HAYIR,HAYIR
2026-08-19 09:30:11.658,0.38,0.00,30,0.1,0.7,-0.082,94.7,44,HAYIR,HAYIR
2026-08-19 09:30:11.678,0.40,0.00,30,0.1,0.8,-0.082,89.2,46,HAYIR,HAYIR
2026-08-19 09:30:11.698,0.40,0.00,30,0.1,0.8,-0.082,89.2,47,HAYIR,HAYIR
2026-08-19 09:30:11.718,0.40,0.00,30,0.1,0.8,-0.082,89.2,48,HAYIR,HAYIR
2026-08-19 09:30:11.738,0.43,0.00,30,0.2,0.8,-0.082,84.2,49,HAYIR,HAYIR
2026-08-19 09:30:11.758,0.43,0.00,30,0.2,0.8,-0.082,84.2,50,HAYIR,HAYIR
2026-08-19 09:30:11.778,0.45,0.00,30,0.2,0.9,-0.082,79.8,52,HAYIR,HAYIR
2026-08-19 09:30:11.798,0.45,0.00,31,0.2,0.9,-0.082,79.8,53,HAYIR,HAYIR
2026-08-19 09:30:11.818,0.45,0.00,31,0.2,0.9,-0.082,79.8,54,HAYIR,HAYIR
2026-08-19 09:30:11.838,0.44,0.00,31,0.2,0.9,-0.100,98.4,55,HAYIR,HAYIR
2026-08-19 09:30:11.858,0.44,0.00,31,0.3,0.9,-0.100,98.4,56,HAYIR,HAYIR
2026-08-19 09:30:11.878,0.44,0.00,31,0.3,1.0,-0.100,98.4,58,HAYIR,HAYIR
2026-08-19 09:30:11.898,0.44,0.00,30,0.3,1.0,-0.100,98.4,59,HAYIR,HAYIR
2026-08-19 09:30:11.918,0.44,0.00,31,0.3,1.0,-0.100,98.4,60,HAYIR,HAYIR
2026-08-19 09:30:11.938,0.42,0.01,30,0.3,1.0,-0.100,101.1,61,HAYIR,HAYIR
2026-08-19 09:30:11.958,0.42,0.01,31,0.4,1.0,-0.100,101.1,62,HAYIR,HAYIR
2026-08-19 09:30:11.978,0.45,0.01,31,0.4,1.1,-0.073,71.5,64,HAYIR,HAYIR
2026-08-19 09:30:11.998,0.45,0.01,31,0.4,1.1,-0.073,71.5,65,HAYIR,HAYIR
2026-08-19 09:30:12.018,0.45,0.01,31,0.4,1.1,-0.073,71.5,66,HAYIR,HAYIR
2026-08-19 09:30:12.038,0.47,0.01,31,0.5,1.1,-0.073,67.8,67,HAYIR,HAYIR
2026-08-19 09:30:12.058,0.47,0.01,31,0.5,1.1,-0.073,67.8,68,HAYIR,HAYIR
2026-08-19 09:30:12.078,0.50,0.01,31,0.5,1.2,-0.073,64.6,67,HAYIR,HAYIR
2026-08-19 09:30:12.098,0.50,0.01,31,0.4,1.2,-0.073,64.6,65,HAYIR,HAYIR
2026-08-19 09:30:12.118,0.50,0.01,31,0.4,1.2,-0.073,64.6,65,HAYIR,HAYIR
2026-08-19 09:30:12.138,0.47,0.01,30,0.4,1.2,-0.100,91.2,66,HAYIR,HAYIR
2026-08-19 09:30:12.158,0.47,0.01,31,0.5,1.2,-0.100,91.2,67,HAYIR,HAYIR
2026-08-19 09:30:12.178,0.47,0.01,31,0.5,1.3,-0.100,92.6,68,HAYIR,HAYIR
2026-08-19 09:30:12.198,0.47,0.01,31,0.5,1.3,-0.100,92.6,69,HAYIR,HAYIR
2026-08-19 09:30:12.218,0.47,0.01,31,0.5,1.3,-0.100,92.6,71,HAYIR,HAYIR
2026-08-19 09:30:12.238,0.45,0.01,31,0.5,1.3,-0.100,95.3,72,HAYIR,HAYIR
2026-08-19 09:30:12.258,0.45,0.03,31,0.5,1.3,-0.100,95.3,73,HAYIR,HAYIR
2026-08-19 09:30:12.278,0.45,0.03,31,0.6,1.4,-0.100,95.3,74,HAYIR,HAYIR
2026-08-19 09:30:12.298,0.45,0.03,31,0.6,1.4,-0.100,95.3,75,HAYIR,HAYIR
2026-08-19 09:30:12.318,0.45,0.03,31,0.6,1.4,-0.100,95.3,77,HAYIR,HAYIR
2026-08-19 09:30:12.338,0.48,0.03,32,0.6,1.4,-0.080,73.5,75,HAYIR,HAYIR
2026-08-19 09:30:12.358,0.48,0.03,32,0.6,1.4,-0.080,73.5,74,HAYIR,HAYIR
2026-08-19 09:30:12.378,0.50,0.03,32,0.5,1.5,-0.080,70.2,73,HAYIR,HAYIR
2026-08-19 09:30:12.398,0.50,0.03,32,0.5,1.5,-0.080,70.2,72,HAYIR,HAYIR
2026-08-19 09:30:12.418,0.50,0.03,32,0.5,1.5,-0.080,70.2,71,HAYIR,HAYIR
2026-08-19 09:30:12.438,0.47,0.03,31,0.5,1.5,-0.100,90.9,72,HAYIR,HAYIR
2026-08-19 09:30:12.458,0.47,0.03,32,0.5,1.5,-0.100,90.9,73,HAYIR,HAYIR
2026-08-19 09:30:12.478,0.46,0.03,31,0.6,1.6,-0.100,93.0,74,HAYIR,HAYIR
2026-08-19 09:30:12.498,0.46,0.03,32,0.6,1.6,-0.100,93.0,75,HAYIR,HAYIR
2026-08-19 09:30:12.518,0.46,0.03,32,0.6,1.6,-0.100,93.0,77,HAYIR,HAYIR
2026-08-19 09:30:12.538,0.49,0.03,32,0.6,1.6,-0.100,88.5,78,HAYIR,HAYIR
2026-08-19 09:30:12.558,0.49,0.03,32,0.7,1.6,-0.100,88.5,79,HAYIR,HAYIR
2026-08-19 09:30:12.578,0.49,0.03,32,0.7,1.7,-0.100,88.5,80,HAYIR,HAYIR
2026-08-19 09:30:12.598,0.49,0.03,32,0.7,1.7,-0.100,88.5,81,HAYIR,HAYIR
2026-08-19 09:30:12.618,0.49,0.03,32,0.7,1.7,-0.100,88.5,83,HAYIR,HAYIR
2026-08-19 09:30:12.638,0.50,0.07,31,0.7,1.7,-0.098,85.0,84,HAYIR,HAYIR
2026-08-19 09:30:12.658,0.50,0.07,32,0.8,1.7,-0.098,85.0,85,HAYIR,HAYIR
2026-08-19 09:30:12.678,0.50,0.07,32,0.7,1.8,-0.057,50.5,84,HAYIR,HAYIR
2026-08-19 09:30:12.698,0.50,0.07,32,0.7,1.8,-0.057,50.5,83,HAYIR,HAYIR
2026-08-19 09:30:12.718,0.50,0.07,32,0.7,1.8,-0.057,50.5,81,HAYIR,HAYIR
2026-08-19 09:30:12.738,0.50,0.07,32,0.7,1.8,-0.057,50.5,80,HAYIR,HAYIR
2026-08-19 09:30:12.758,0.50,0.07,32,0.7,1.8,-0.057,50.5,79,HAYIR,HAYIR
2026-08-19 09:30:12.778,0.50,0.07,32,0.6,1.9,-0.057,50.5,78,HAYIR,HAYIR
2026-08-19 09:30:12.798,0.50,0.07,32,0.6,1.9,-0.057,50.5,77,HAYIR,HAYIR
2026-08-19 09:30:12.818,0.50,0.07,32,0.6,1.9,-0.057,50.5,75,HAYIR,HAYIR
2026-08-19 09:30:12.838,0.50,0.07,32,0.6,1.9,-0.093,81.0,77,HAYIR,HAYIR
2026-08-19 09:30:12.858,0.50,0.07,32,0.6,1.9,-0.093,81.0,78,HAYIR,HAYIR
2026-08-19 09:30:12.878,0.50,0.07,32,0.7,2.0,-0.093,81.0,79,HAYIR,HAYIR
2026-08-19 09:30:12.898,0.50,0.07,33,0.7,2.0,-0.093,81.0,80,HAYIR,HAYIR
2026-08-19 09:30:12.918,0.50,0.07,33,0.7,2.0,-0.093,81.0,81,HAYIR,HAYIR
2026-08-19 09:30:12.938,0.50,0.07,33,0.7,2.0,-0.082,71.9,80,HAYIR,HAYIR
2026-08-19 09:30:12.958,0.50,0.10,29,0.7,0.0,-0.082,71.9,79,HAYIR,HAYIR
2026-08-19 09:30:12.978,0.50,0.10,30,0.6,0.0,-0.082,71.9,77,HAYIR,HAYIR
2026-08-19 09:30:12.998,0.50,0.10,30,0.6,0.0,-0.082,71.9,76,HAYIR,HAYIR
2026-08-19 09:30:13.018,0.50,0.10,30,0.6,0.0,-0.082,71.9,75,HAYIR,HAYIR
2026-08-19 09:30:13.038,0.50,0.10,30,0.6,0.0,-0.062,54.5,74,HAYIR,HAYIR
2026-08-19 09:30:13.058,0.50,0.10,30,0.5,0.0,-0.062,54.5,73,HAYIR,HAYIR
2026-08-19 09:30:13.078,0.50,0.10,30,0.5,0.0,-0.062,54.5,71,HAYIR,HAYIR
2026-08-19 09:30:13.098,0.50,0.10,30,0.5,0.0,-0.062,54.5,70,HAYIR,HAYIR
2026-08-19 09:30:13.118,0.50,0.10,30,0.5,0.0,-0.062,54.5,69,HAYIR,HAYIR
2026-08-19 09:30:13.138,0.50,0.10,30,0.5,0.0,-0.058,51.7,68,HAYIR,HAYIR
2026-08-19 09:30:13.158,0.50,0.10,30,0.5,0.0,-0.058,51.7,67,HAYIR,HAYIR
2026-08-19 09:30:13.178,0.50,0.10,30,0.4,0.0,-0.058,51.7,65,HAYIR,HAYIR
2026-08-19 09:30:13.198,0.50,0.10,30,0.4,0.0,-0.058,51.7,64,HAYIR,HAYIR
2026-08-19 09:30:13.218,0.50,0.10,30,0.4,0.0,-0.058,51.7,63,HAYIR,HAYIR
2026-08-19 09:30:13.238,0.50,0.10,30,0.4,0.0,-0.041,36.0,62,HAYIR,HAYIR
2026-08-19 09:30:13.258,0.50,0.10,30,0.3,0.0,-0.041,36.0,61,HAYIR,HAYIR
2026-08-19 09:30:13.278,0.50,0.16,28,0.3,0.0,-0.041,36.0,59,HAYIR,HAYIR
2026-08-19 09:30:13.298,0.50,0.16,30,0.3,0.0,-0.041,36.0,58,HAYIR,HAYIR
2026-08-19 09:30:13.318,0.50,0.16,30,0.3,0.0,-0.041,36.0,57,HAYIR,HAYIR
2026-08-19 09:30:13.338,0.50,0.16,30,0.3,0.0,-0.045,39.9,56,HAYIR,HAYIR
2026-08-19 09:30:13.358,0.50,0.16,30,0.2,0.0,-0.045,39.9,55,HAYIR,HAYIR
2026-08-19 09:30:13.378,0.50,0.16,30,0.2,0.0,-0.045,39.9,53,HAYIR,HAYIR
2026-08-19 09:30:13.398,0.50,0.16,30,0.2,0.0,-0.045,39.9,52,HAYIR,HAYIR
2026-08-19 09:30:13.418,0.50,0.16,30,0.2,0.0,-0.045,39.9,51,HAYIR,HAYIR
2026-08-19 09:30:13.438,0.50,0.16,30,0.2,0.0,-0.045,39.9,50,HAYIR,HAYIR
2026-08-19 09:30:13.458,0.50,0.16,30,0.2,0.0,-0.045,39.9,49,HAYIR,HAYIR
2026-08-19 09:30:13.478,0.50,0.16,30,0.1,0.0,0.000,-0.0,47,HAYIR,HAYIR
2026-08-19 09:30:13.498,0.50,0.16,30,0.1,0.0,0.000,-0.0,46,HAYIR,HAYIR
2026-08-19 09:30:13.518,0.50,0.16,30,0.1,0.0,0.000,-0.0,45,HAYIR,HAYIR
2026-08-19 09:30:13.538,0.50,0.16,30,0.1,0.0,0.000,-0.0,44,HAYIR,HAYIR
2026-08-19 09:30:13.558,0.50,0.16,30,0.0,0.0,0.000,-0.0,43,HAYIR,HAYIR
2026-08-19 09:30:13.578,0.50,0.16,30,0.0,0.0,0.000,-0.0,41,HAYIR,HAYIR
2026-08-19 09:30:13.598,0.50,0.21,28,0.0,0.0,0.000,-0.0,40,HAYIR,HAYIR
2026-08-19 09:30:13.618,0.50,0.21,30,0.0,0.0,0.000,-0.0,39,HAYIR,HAYIR
2026-08-19 09:30:13.638,0.50,0.21,30,0.0,0.0,0.059,-51.7,38,HAYIR,HAYIR
2026-08-19 09:30:13.658,0.50,0.21,30,0.0,0.0,0.059,-51.7,37,HAYIR,HAYIR
2026-08-19 09:30:13.678,0.50,0.21,30,0.0,0.0,0.063,-55.5,35,HAYIR,HAYIR
2026-08-19 09:30:13.698,0.50,0.21,30,0.0,0.0,0.063,-55.5,34,HAYIR,HAYIR
2026-08-19 09:30:13.718,0.50,0.21,30,0.0,0.0,0.063,-55.5,33,HAYIR,HAYIR
2026-08-19 09:30:13.738,0.50,0.21,30,0.0,0.0,0.063,-55.5,32,HAYIR,HAYIR
2026-08-19 09:30:13.758,0.50,0.21,30,0.0,0.0,0.063,-55.5,31,HAYIR,HAYIR
2026-08-19 09:30:13.778,0.50,0.21,30,0.0,0.0,0.063,-55.5,29,HAYIR,HAYIR
2026-08-19 09:30:13.798,0.50,0.21,30,0.0,0.0,0.063,-55.5,28,HAYIR,HAYIR
2026-08-19 09:30:13.818,0.50,0.21,30,0.0,0.0,0.063,-55.5,27,HAYIR,HAYIR
2026-08-19 09:30:13.838,0.50,0.21,30,0.0,0.0,0.073,-63.8,26,HAYIR,HAYIR
2026-08-19 09:30:13.858,0.50,0.21,30,0.0,0.0,0.073,-63.8,25,HAYIR,HAYIR
2026-08-19 09:30:13.878,0.50,0.21,30,0.0,0.0,0.073,-63.8,23,HAYIR,HAYIR
2026-08-19 09:30:13.898,0.50,0.21,30,0.0,0.0,0.073,-63.8,22,HAYIR,HAYIR
2026-08-19 09:30:13.918,0.50,0.25,28,0.0,0.0,0.073,-63.8,21,HAYIR,HAYIR
2026-08-19 09:30:13.938,0.50,0.25,30,0.0,0.0,0.092,-80.4,20,HAYIR,HAYIR
2026-08-19 09:30:13.958,0.50,0.25,30,0.0,0.0,0.092,-80.4,19,HAYIR,HAYIR
2026-08-19 09:30:13.978,0.47,0.25,29,0.0,0.0,0.100,-90.9,17,HAYIR,HAYIR
2026-08-19 09:30:13.998,0.47,0.25,30,0.0,0.0,0.100,-90.9,16,HAYIR,HAYIR
2026-08-19 09:30:14.018,0.47,0.25,30,0.0,0.0,0.100,-90.9,15,HAYIR,HAYIR
2026-08-19 09:30:14.038,0.45,0.25,29,0.0,0.0,0.100,-95.6,14,HAYIR,HAYIR
2026-08-19 09:30:14.058,0.45,0.25,30,0.0,0.0,0.100,-95.6,13,HAYIR,HAYIR
2026-08-19 09:30:14.078,0.42,0.25,29,0.0,0.0,0.100,-100.8,11,HAYIR,HAYIR
2026-08-19 09:30:14.098,0.42,0.25,30,0.0,0.0,0.100,-100.8,10,HAYIR,HAYIR
2026-08-19 09:30:14.118,0.42,0.25,30,0.0,0.0,0.100,-100.8,9,HAYIR,HAYIR
2026-08-19 09:30:14.138,0.40,0.25,29,0.0,0.0,0.100,-106.6,8,HAYIR,HAYIR
2026-08-19 09:30:14.158,0.40,0.25,30,0.0,0.0,0.100,-106.6,7,HAYIR,HAYIR
2026-08-19 09:30:14.178,0.38,0.25,29,0.0,0.0,0.100,-112.8,5,HAYIR,HAYIR
2026-08-19 09:30:14.198,0.38,0.25,30,0.0,0.0,0.100,-112.8,4,HAYIR,HAYIR
2026-08-19 09:30:14.218,0.38,0.25,30,0.0,0.0,0.100,-112.8,3,HAYIR,HAYIR
2026-08-19 09:30:14.238,0.35,0.25,29,0.0,0.0,0.100,-120.0,2,HAYIR,HAYIR
2026-08-19 09:30:14.258,0.35,0.25,30,0.0,0.0,0.100,-120.0,1,HAYIR,HAYIR
2026-08-19 09:30:14.278,0.33,0.25,29,0.0,0.0,0.100,-127.0,-1,HAYIR,HAYIR
2026-08-19 09:30:14.298,0.33,0.29,28,0.0,0.0,0.100,-127.0,-2,HAYIR,HAYIR
2026-08-19 09:30:14.318,0.33,0.29,30,0.0,0.0,0.100,-127.0,-3,HAYIR,HAYIR
2026-08-19 09:30:14.338,0.30,0.29,29,0.0,0.0,0.142,-160.0,-4,HAYIR,HAYIR
2026-08-19 09:30:14.358,0.30,0.29,29,0.0,0.0,0.142,-160.0,-5,HAYIR,HAYIR
2026-08-19 09:30:14.378,0.30,0.29,29,0.0,0.0,0.142,-160.0,-7,HAYIR,HAYIR
2026-08-19 09:30:14.398,0.30,0.29,30,0.0,0.0,0.142,-160.0,-8,HAYIR,HAYIR
2026-08-19 09:30:14.418,0.30,0.29,30,0.0,0.0,0.142,-160.0,-9,HAYIR,HAYIR
2026-08-19 09:30:14.438,0.30,0.29,30,0.0,0.0,0.142,-160.0,-10,HAYIR,HAYIR
2026-08-19 09:30:14.458,0.30,0.29,30,0.0,0.0,0.142,-160.0,-11,HAYIR,HAYIR
2026-08-19 09:30:14.478,0.30,0.29,30,0.0,0.0,0.142,-160.0,-13,HAYIR,HAYIR
2026-08-19 09:30:14.498,0.30,0.29,30,0.0,0.0,0.142,-160.0,-14,HAYIR,HAYIR
2026-08-19 09:30:14.518,0.30,0.29,30,0.0,0.0,0.142,-160.0,-15,HAYIR,HAYIR
2026-08-19 09:30:14.538,0.30,0.29,30,0.0,0.0,0.121,-160.0,-16,HAYIR,HAYIR
2026-08-19 09:30:14.558,0.30,0.29,30,0.0,0.0,0.121,-160.0,-17,HAYIR,HAYIR
2026-08-19 09:30:14.578,0.30,0.29,30,0.0,0.0,0.121,-160.0,-19,HAYIR,HAYIR
2026-08-19 09:30:14.598,0.30,0.29,30,0.0,0.0,0.121,-160.0,-20,HAYIR,HAYIR
2026-08-19 09:30:14.618,0.30,0.34,28,0.0,0.0,0.121,-160.0,-21,HAYIR,HAYIR
2026-08-19 09:30:14.638,0.30,0.34,28,0.0,0.0,0.133,-160.0,-22,HAYIR,HAYIR
2026-08-19 09:30:14.658,0.30,0.34,28,0.0,0.0,0.133,-160.0,-23,HAYIR,HAYIR
2026-08-19 09:30:14.678,0.30,0.34,28,0.0,0.0,0.183,-160.0,-25,HAYIR,HAYIR
2026-08-19 09:30:14.698,0.30,0.34,28,0.0,0.0,0.183,-160.0,-26,HAYIR,HAYIR
2026-08-19 09:30:14.718,0.30,0.34,28,0.0,0.0,0.183,-160.0,-27,HAYIR,HAYIR
2026-08-19 09:30:14.738,0.30,0.34,28,0.0,0.0,0.192,-160.0,-28,HAYIR,HAYIR
2026-08-19 09:30:14.758,0.30,0.34,28,0.0,0.0,0.192,-160.0,-29,HAYIR,HAYIR
2026-08-19 09:30:14.778,0.30,0.34,28,0.0,0.0,0.192,-160.0,-31,HAYIR,HAYIR
2026-08-19 09:30:14.798,0.30,0.34,28,0.0,0.0,0.192,-160.0,-32,HAYIR,HAYIR
2026-08-19 09:30:14.818,0.30,0.34,28,0.0,0.0,0.192,-160.0,-33,HAYIR,HAYIR
2026-08-19 09:30:14.838,0.30,0.34,28,0.0,0.0,0.150,-160.0,-34,HAYIR,HAYIR
2026-08-19 09:30:14.858,0.30,0.34,28,0.0,0.0,0.150,-160.0,-35,HAYIR,HAYIR
2026-08-19 09:30:14.878,0.30,0.34,28,0.0,0.0,0.150,-160.0,-37,HAYIR,HAYIR
2026-08-19 09:30:14.898,0.30,0.34,28,0.0,0.0,0.150,-160.0,-38,HAYIR,HAYIR
2026-08-19 09:30:14.918,0.30,0.34,28,0.0,0.0,0.150,-160.0,-39,HAYIR,HAYIR
2026-08-19 09:30:14.938,0.30,0.34,28,0.0,0.0,0.159,-160.0,-40,HAYIR,HAYIR
2026-08-19 09:30:14.958,0.30,0.38,28,0.0,0.0,0.159,-160.0,-41,HAYIR,HAYIR
2026-08-19 09:30:14.978,0.30,0.38,28,0.0,0.0,0.159,-160.0,-43,HAYIR,HAYIR
2026-08-19 09:30:14.998,0.30,0.38,28,0.1,0.0,0.159,-160.0,-44,HAYIR,HAYIR
2026-08-19 09:30:15.018,0.30,0.38,28,0.1,0.0,0.159,-160.0,-45,HAYIR,HAYIR
2026-08-19 09:30:15.038,0.30,0.38,28,0.1,0.0,0.209,-160.0,-46,HAYIR,HAYIR
2026-08-19 09:30:15.058,0.30,0.38,28,0.1,0.0,0.209,-160.0,-47,HAYIR,HAYIR
2026-08-19 09:30:15.078,0.30,0.38,28,0.2,0.0,0.236,-160.0,-49,HAYIR,HAYIR
2026-08-19 09:30:15.098,0.30,0.38,28,0.2,0.0,0.236,-160.0,-50,HAYIR,HAYIR
2026-08-19 09:30:15.118,0.30,0.38,28,0.2,0.0,0.236,-160.0,-51,HAYIR,HAYIR
2026-08-19 09:30:15.138,0.30,0.38,28,0.2,0.0,0.186,-160.0,-52,HAYIR,HAYIR
2026-08-19 09:30:15.158,0.30,0.38,28,0.2,0.0,0.186,-160.0,-53,HAYIR,HAYIR
2026-08-19 09:30:15.178,0.30,0.38,28,0.2,0.0,0.169,-160.0,-55,HAYIR,HAYIR
2026-08-19 09:30:15.198,0.30,0.38,28,0.3,0.0,0.169,-160.0,-56,HAYIR,HAYIR
2026-08-19 09:30:15.218,0.30,0.38,28,0.3,0.0,0.169,-160.0,-57,HAYIR,HAYIR
2026-08-19 09:30:15.238,0.30,0.38,28,0.3,0.0,0.175,-160.0,-58,HAYIR,HAYIR
2026-08-19 09:30:15.258,0.30,0.38,28,0.3,0.0,0.175,-160.0,-59,HAYIR,HAYIR
2026-08-19 09:30:15.278,0.30,0.41,28,0.3,0.0,0.175,-160.0,-61,HAYIR,HAYIR
2026-08-19 09:30:15.298,0.30,0.41,28,0.4,0.0,0.175,-160.0,-62,HAYIR,HAYIR
2026-08-19 09:30:15.318,0.30,0.41,28,0.4,0.0,0.175,-160.0,-63,HAYIR,HAYIR
2026-08-19 09:30:15.338,0.30,0.41,28,0.4,0.0,0.225,-160.0,-64,HAYIR,HAYIR
2026-08-19 09:30:15.358,0.30,0.41,28,0.4,0.0,0.225,-160.0,-65,HAYIR,HAYIR
2026-08-19 09:30:15.378,0.30,0.41,28,0.5,0.0,0.244,-160.0,-67,HAYIR,HAYIR
2026-08-19 09:30:15.398,0.30,0.41,28,0.5,0.0,0.244,-160.0,-68,HAYIR,HAYIR
2026-08-19 09:30:15.418,0.30,0.41,28,0.5,0.0,0.244,-160.0,-69,HAYIR,HAYIR
2026-08-19 09:30:15.438,0.30,0.41,28,0.5,0.0,0.194,-160.0,-70,HAYIR,HAYIR
2026-08-19 09:30:15.458,0.30,0.41,29,0.5,0.0,0.194,-160.0,-71,HAYIR,HAYIR
2026-08-19 09:30:15.478,0.30,0.41,29,0.5,0.0,0.184,-160.0,-73,HAYIR,HAYIR
2026-08-19 09:30:15.498,0.30,0.41,29,0.6,0.0,0.184,-160.0,-74,HAYIR,HAYIR
2026-08-19 09:30:15.518,0.30,0.41,29,0.6,0.0,0.184,-160.0,-75,HAYIR,HAYIR
2026-08-19 09:30:15.538,0.30,0.41,29,0.6,0.0,0.186,-160.0,-76,HAYIR,HAYIR
2026-08-19 09:30:15.558,0.30,0.41,29,0.6,0.0,0.186,-160.0,-77,HAYIR,HAYIR
2026-08-19 09:30:15.578,0.30,0.41,29,0.7,0.0,0.186,-160.0,-79,HAYIR,HAYIR
2026-08-19 09:30:15.598,0.30,0.43,29,0.7,0.0,0.186,-160.0,-80,HAYIR,HAYIR
2026-08-19 09:30:15.618,0.30,0.43,29,0.7,0.0,0.186,-160.0,-81,HAYIR,HAYIR
2026-08-19 09:30:15.638,0.30,0.43,29,0.7,0.0,0.236,-160.0,-82,HAYIR,HAYIR
2026-08-19 09:30:15.658,0.30,0.43,29,0.7,0.0,0.236,-160.0,-83,HAYIR,HAYIR
2026-08-19 09:30:15.678,0.30,0.43,29,0.8,0.0,0.270,-160.0,-85,HAYIR,HAYIR
2026-08-19 09:30:15.698,0.30,0.43,29,0.8,0.0,0.270,-160.0,-86,HAYIR,HAYIR
2026-08-19 09:30:15.718,0.30,0.43,29,0.8,0.0,0.270,-160.0,-87,HAYIR,HAYIR
2026-08-19 09:30:15.738,0.30,0.43,29,0.8,0.0,0.270,-160.0,-88,HAYIR,HAYIR
2026-08-19 09:30:15.758,0.30,0.43,29,0.8,0.0,0.270,-160.0,-89,HAYIR,HAYIR
2026-08-19 09:30:15.778,0.30,0.43,29,0.8,0.0,0.270,-160.0,-91,HAYIR,HAYIR
2026-08-19 09:30:15.798,0.30,0.43,29,0.9,0.0,0.270,-160.0,-92,HAYIR,HAYIR
2026-08-19 09:30:15.818,0.30,0.43,29,0.9,0.0,0.270,-160.0,-93,HAYIR,HAYIR
2026-08-19 09:30:15.838,0.30,0.43,29,0.9,0.0,0.220,-160.0,-94,HAYIR,HAYIR
2026-08-19 09:30:15.858,0.30,0.43,29,0.9,0.0,0.220,-160.0,-95,HAYIR,HAYIR
2026-08-19 09:30:15.878,0.30,0.43,29,0.9,0.0,0.186,-160.0,-97,HAYIR,HAYIR
2026-08-19 09:30:15.898,0.30,0.43,29,1.0,0.0,0.186,-160.0,-98,HAYIR,HAYIR
2026-08-19 09:30:15.918,0.30,0.43,29,1.0,0.0,0.186,-160.0,-99,HAYIR,HAYIR
2026-08-19 09:30:15.938,0.30,0.43,29,1.0,0.0,0.192,-160.0,-100,HAYIR,HAYIR
2026-08-19 09:30:15.958,0.30,0.43,29,1.0,0.0,0.192,-160.0,-101,HAYIR,HAYIR
2026-08-19 09:30:15.978,0.30,0.44,29,1.1,0.0,0.192,-160.0,-103,HAYIR,HAYIR
2026-08-19 09:30:15.998,0.30,0.44,29,1.1,0.0,0.192,-160.0,-104,HAYIR,HAYIR
2026-08-19 09:30:16.018,0.30,0.44,29,1.1,0.0,0.192,-160.0,-105,HAYIR,HAYIR
2026-08-19 09:30:16.038,0.30,0.44,29,1.1,0.0,0.240,-160.0,-106,HAYIR,HAYIR
2026-08-19 09:30:16.058,0.30,0.44,29,1.1,0.0,0.240,-160.0,-107,HAYIR,HAYIR
2026-08-19 09:30:16.078,0.30,0.44,29,1.2,0.0,0.240,-160.0,-109,HAYIR,HAYIR
2026-08-19 09:30:16.098,0.30,0.44,29,1.2,0.0,0.240,-160.0,-110,HAYIR,HAYIR
2026-08-19 09:30:16.118,0.30,0.44,29,1.2,0.0,0.240,-160.0,-111,HAYIR,HAYIR
2026-08-19 09:30:16.138,0.30,0.44,29,1.2,0.0,0.190,-160.0,-112,HAYIR,HAYIR
2026-08-19 09:30:16.158,0.30,0.44,29,1.2,0.0,0.190,-160.0,-113,HAYIR,HAYIR
2026-08-19 09:30:16.178,0.30,0.44,29,1.2,0.0,0.184,-160.0,-115,HAYIR,HAYIR
2026-08-19 09:30:16.198,0.30,0.44,29,1.3,0.0,0.184,-160.0,-116,HAYIR,HAYIR
2026-08-19 09:30:16.218,0.30,0.44,29,1.3,0.0,0.184,-160.0,-117,HAYIR,HAYIR
2026-08-19 09:30:16.238,0.30,0.44,29,1.3,0.0,0.184,-160.0,-118,HAYIR,HAYIR
2026-08-19 09:30:16.258,0.30,0.44,29,1.3,0.0,0.184,-160.0,-119,HAYIR,HAYIR
2026-08-19 09:30:16.278,0.30,0.44,29,1.3,0.0,0.184,-160.0,-121,HAYIR,HAYIR
2026-08-19 09:30:16.298,0.30,0.45,29,1.4,0.0,0.184,-160.0,-122,HAYIR,HAYIR
2026-08-19 09:30:16.318,0.30,0.45,29,1.4,0.0,0.184,-160.0,-123,HAYIR,HAYIR
2026-08-19 09:30:16.338,0.30,0.45,29,1.4,0.0,0.234,-160.0,-124,HAYIR,HAYIR
2026-08-19 09:30:16.358,0.30,0.45,29,1.4,0.0,0.234,-160.0,-125,HAYIR,HAYIR
2026-08-19 09:30:16.378,0.30,0.45,29,1.4,0.0,0.243,-160.0,-127,HAYIR,HAYIR
2026-08-19 09:30:16.398,0.30,0.45,29,1.5,0.0,0.243,-160.0,-128,HAYIR,HAYIR
2026-08-19 09:30:16.418,0.30,0.45,29,1.5,0.0,0.243,-160.0,-129,HAYIR,HAYIR
2026-08-19 09:30:16.438,0.30,0.45,30,1.5,0.0,0.243,-160.0,-130,HAYIR,HAYIR
2026-08-19 09:30:16.458,0.30,0.45,30,1.5,0.0,0.243,-160.0,-131,HAYIR,HAYIR
2026-08-19 09:30:16.478,0.30,0.45,30,1.6,0.0,0.243,-160.0,-133,HAYIR,HAYIR
2026-08-19 09:30:16.498,0.30,0.45,30,1.6,0.0,0.243,-160.0,-134,HAYIR,HAYIR
2026-08-19 09:30:16.518,0.30,0.45,30,1.6,0.0,0.243,-160.0,-135,HAYIR,HAYIR
2026-08-19 09:30:16.538,0.30,0.45,30,1.6,0.0,0.193,-160.0,-136,HAYIR,HAYIR
2026-08-19 09:30:16.558,0.30,0.45,30,1.6,0.0,0.193,-160.0,-137,HAYIR,HAYIR
2026-08-19 09:30:16.578,0.30,0.45,30,1.7,0.0,0.167,-160.0,-139,HAYIR,HAYIR
2026-08-19 09:30:16.598,0.30,0.45,30,1.7,0.0,0.167,-160.0,-140,HAYIR,HAYIR
2026-08-19 09:30:16.618,0.30,0.45,30,1.7,0.0,0.167,-160.0,-141,HAYIR,HAYIR
2026-08-19 09:30:16.638,0.30,0.45,30,1.7,0.0,0.158,-160.0,-142,HAYIR,HAYIR
2026-08-19 09:30:16.658,0.30,0.45,30,1.7,0.0,0.158,-160.0,-143,HAYIR,HAYIR
2026-08-19 09:30:16.678,0.30,0.45,30,1.8,0.0,0.208,-160.0,-145,HAYIR,HAYIR
2026-08-19 09:30:16.698,0.30,0.45,30,1.8,0.0,0.208,-160.0,-146,HAYIR,HAYIR
2026-08-19 09:30:16.718,0.30,0.45,30,1.8,0.0,0.208,-160.0,-147,HAYIR,HAYIR
2026-08-19 09:30:16.738,0.30,0.45,30,1.8,0.0,0.223,-160.0,-148,HAYIR,HAYIR
2026-08-19 09:30:16.758,0.30,0.45,30,1.8,0.0,0.223,-160.0,-149,HAYIR,HAYIR
2026-08-19 09:30:16.778,0.30,0.45,30,1.8,0.0,0.223,-160.0,-151,HAYIR,HAYIR
2026-08-19 09:30:16.798,0.30,0.45,30,1.9,0.0,0.223,-160.0,-152,HAYIR,HAYIR
2026-08-19 09:30:16.818,0.30,0.45,30,1.9,0.0,0.223,-160.0,-153,HAYIR,HAYIR
2026-08-19 09:30:16.838,0.30,0.45,30,1.9,0.0,0.173,-160.0,-154,HAYIR,HAYIR
2026-08-19 09:30:16.858,0.30,0.45,30,1.9,0.0,0.173,-160.0,-155,HAYIR,HAYIR
2026-08-19 09:30:16.878,0.30,0.45,30,1.9,0.0,0.140,-160.0,-157,HAYIR,HAYIR
2026-08-19 09:30:16.898,0.30,0.45,30,2.0,0.0,0.140,-160.0,-158,HAYIR,HAYIR
2026-08-19 09:30:16.918,0.30,0.45,30,2.0,0.0,0.140,-160.0,-159,HAYIR,HAYIR
2026-08-19 09:30:16.938,0.30,0.45,30,2.0,0.0,0.130,-160.0,-160,HAYIR,HAYIR
2026-08-19 09:30:16.958,0.30,0.45,30,2.0,0.0,0.130,-160.0,-160,HAYIR,HAYIR
2026-08-19 09:30:16.978,0.30,0.46,30,2.0,0.0,0.130,-160.0,-160,HAYIR,HAYIR
2026-08-19 09:30:16.998,0.30,0.46,30,2.0,0.0,0.130,-160.0,-160,HAYIR,HAYIR
2026-08-19 09:30:17.018,0.30,0.46,30,2.0,0.0,0.130,-160.0,-160,HAYIR,HAYIR
2026-08-19 09:30:17.038,0.30,0.46,30,2.0,0.0,0.167,-160.0,-160,HAYIR,HAYIR
2026-08-19 09:30:17.058,0.30,0.46,30,2.0,0.0,0.167,-160.0,-160,HAYIR,HAYIR
2026-08-19 09:30:17.078,0.30,0.46,30,2.0,0.0,0.167,-160.0,-160,HAYIR,HAYIR
2026-08-19 09:30:17.098,0.30,0.46,30,2.0,0.0,0.167,-160.0,-160,HAYIR,HAYIR
2026-08-19 09:30:17.118,0.30,0.46,30,2.0,0.0,0.167,-160.0,-160,HAYIR,HAYIR
2026-08-19 09:30:17.138,0.30,0.46,30,2.0,0.0,0.117,-156.3,-159,HAYIR,HAYIR
2026-08-19 09:30:17.158,0.30,0.46,30,2.0,0.0,0.117,-156.3,-158,HAYIR,HAYIR
2026-08-19 09:30:17.178,0.30,0.46,30,1.9,0.0,0.107,-146.1,-156,HAYIR,HAYIR
2026-08-19 09:30:17.198,0.30,0.46,30,1.9,0.0,0.107,-146.1,-155,HAYIR,HAYIR
2026-08-19 09:30:17.218,0.30,0.46,30,1.9,0.0,0.107,-146.1,-154,HAYIR,HAYIR
2026-08-19 09:30:17.238,0.32,0.46,30,1.9,0.0,0.100,-131.5,-153,HAYIR,HAYIR
2026-08-19 09:30:17.258,0.32,0.46,30,1.9,0.0,0.100,-131.5,-152,HAYIR,HAYIR
2026-08-19 09:30:17.278,0.32,0.46,30,1.8,0.0,0.100,-131.5,-150,HAYIR,HAYIR
2026-08-19 09:30:17.298,0.32,0.46,30,1.8,0.0,0.100,-131.5,-149,HAYIR,HAYIR
2026-08-19 09:30:17.318,0.32,0.46,30,1.8,0.0,0.100,-131.5,-148,HAYIR,HAYIR
2026-08-19 09:30:17.338,0.30,0.46,30,1.8,0.0,0.129,-160.0,-149,HAYIR,HAYIR
2026-08-19 09:30:17.358,0.30,0.46,30,1.8,0.0,0.129,-160.0,-150,HAYIR,HAYIR
2026-08-19 09:30:17.378,0.30,0.46,30,1.9,0.0,0.129,-160.0,-152,HAYIR,HAYIR
2026-08-19 09:30:17.398,0.30,0.46,30,1.9,0.0,0.129,-160.0,-153,HAYIR,HAYIR
2026-08-19 09:30:17.418,0.30,0.46,30,1.9,0.0,0.129,-160.0,-154,HAYIR,HAYIR
2026-08-19 09:30:17.438,0.33,0.46,30,1.9,0.0,0.100,-128.3,-153,HAYIR,HAYIR
2026-08-19 09:30:17.458,0.33,0.46,30,1.9,0.0,0.100,-128.3,-152,HAYIR,HAYIR
2026-08-19 09:30:17.478,0.35,0.46,30,1.8,0.0,0.100,-120.2,-150,HAYIR,HAYIR
2026-08-19 09:30:17.498,0.35,0.46,30,1.8,0.0,0.100,-120.2,-149,HAYIR,HAYIR
2026-08-19 09:30:17.518,0.35,0.46,30,1.8,0.0,0.100,-120.2,-148,HAYIR,HAYIR
2026-08-19 09:30:17.538,0.38,0.46,30,1.8,0.0,0.087,-99.3,-147,HAYIR,HAYIR
2026-08-19 09:30:17.558,0.38,0.46,30,1.8,0.0,0.087,-99.3,-146,HAYIR,HAYIR
2026-08-19 09:30:17.578,0.40,0.46,30,1.7,0.0,0.087,-93.5,-144,HAYIR,HAYIR
2026-08-19 09:30:17.598,0.40,0.46,30,1.7,0.0,0.087,-93.5,-143,HAYIR,HAYIR
2026-08-19 09:30:17.618,0.40,0.46,30,1.7,0.0,0.087,-93.5,-142,HAYIR,HAYIR
2026-08-19 09:30:17.638,0.43,0.47,30,1.7,0.0,0.062,-64.3,-141,HAYIR,HAYIR
2026-08-19 09:30:17.658,0.43,0.47,30,1.7,0.0,0.062,-64.3,-140,HAYIR,HAYIR
2026-08-19 09:30:17.678,0.45,0.47,30,1.6,0.0,0.094,-90.2,-138,HAYIR,HAYIR
2026-08-19 09:30:17.698,0.45,0.47,30,1.6,0.0,0.094,-90.2,-137,HAYIR,HAYIR
2026-08-19 09:30:17.718,0.45,0.47,30,1.6,0.0,0.094,-90.2,-136,HAYIR,HAYIR
2026-08-19 09:30:17.738,0.48,0.47,30,1.6,0.0,0.094,-85.7,-135,HAYIR,HAYIR
2026-08-19 09:30:17.758,0.48,0.47,30,1.6,0.0,0.094,-85.7,-134,HAYIR,HAYIR
2026-08-19 09:30:17.778,0.50,0.47,30,1.5,0.0,0.094,-81.7,-132,HAYIR,HAYIR
2026-08-19 09:30:17.798,0.50,0.47,31,1.5,0.0,0.094,-81.7,-131,HAYIR,HAYIR
2026-08-19 09:30:17.818,0.50,0.47,31,1.5,0.0,0.094,-81.7,-130,HAYIR,HAYIR
2026-08-19 09:30:17.838,0.50,0.47,31,1.5,0.0,0.044,-39.0,-129,HAYIR,HAYIR
2026-08-19 09:30:17.858,0.50,0.47,31,1.5,0.0,0.044,-39.0,-128,HAYIR,HAYIR
2026-08-19 09:30:17.878,0.50,0.47,31,1.4,0.0,0.000,-0.0,-126,HAYIR,HAYIR
2026-08-19 09:30:17.898,0.50,0.47,31,1.4,0.0,0.000,-0.0,-125,HAYIR,HAYIR
2026-08-19 09:30:17.918,0.50,0.47,31,1.4,0.0,0.000,-0.0,-124,HAYIR,HAYIR
2026-08-19 09:30:17.938,0.50,0.47,30,1.4,0.0,0.000,-0.0,-123,HAYIR,HAYIR
2026-08-19 09:30:17.958,0.50,0.47,30,1.4,0.0,0.000,-0.0,-122,HAYIR,HAYIR
2026-08-19 09:30:17.978,0.50,0.47,30,1.3,0.0,0.000,-0.0,-120,HAYIR,HAYIR
2026-08-19 09:30:17.998,0.50,0.47,30,1.3,0.0,0.000,-0.0,-119,HAYIR,HAYIR
2026-08-19 09:30:18.018,0.50,0.47,30,1.3,0.0,0.000,-0.0,-118,HAYIR,HAYIR
2026-08-19 09:30:18.038,0.50,0.47,30,1.3,0.0,0.000,-0.0,-117,HAYIR,HAYIR
2026-08-19 09:30:18.058,0.50,0.47,30,1.3,0.0,0.000,-0.0,-116,HAYIR,HAYIR
2026-08-19 09:30:18.078,0.50,0.47,30,1.2,0.0,0.000,-0.0,-114,HAYIR,HAYIR
2026-08-19 09:30:18.098,0.50,0.47,30,1.2,0.0,0.000,-0.0,-113,HAYIR,HAYIR
2026-08-19 09:30:18.118,0.50,0.47,30,1.2,0.0,0.000,-0.0,-112,HAYIR,HAYIR
2026-08-19 09:30:18.138,0.50,0.47,30,1.2,0.0,-0.077,67.2,-111,HAYIR,HAYIR
2026-08-19 09:30:18.158,0.50,0.47,30,1.2,0.0,-0.077,67.2,-110,HAYIR,HAYIR
2026-08-19 09:30:18.178,0.50,0.47,30,1.1,0.0,-0.097,84.0,-108,HAYIR,HAYIR
2026-08-19 09:30:18.198,0.50,0.47,30,1.1,0.0,-0.097,84.0,-107,HAYIR,HAYIR
2026-08-19 09:30:18.218,0.50,0.47,30,1.1,0.0,-0.097,84.0,-106,HAYIR,HAYIR
2026-08-19 09:30:18.238,0.47,0.47,29,1.1,0.0,-0.100,90.9,-105,HAYIR,HAYIR
2026-08-19 09:30:18.258,0.47,0.47,30,1.1,0.0,-0.100,90.9,-104,HAYIR,HAYIR
2026-08-19 09:30:18.278,0.45,0.47,29,1.0,0.0,-0.100,95.6,-102,HAYIR,HAYIR
2026-08-19 09:30:18.298,0.45,0.47,29,1.0,0.0,-0.100,95.6,-101,HAYIR,HAYIR
2026-08-19 09:30:18.318,0.45,0.46,29,1.0,0.0,-0.100,95.6,-100,HAYIR,HAYIR
2026-08-19 09:30:18.338,0.42,0.46,29,1.0,0.0,-0.109,109.3,-99,HAYIR,HAYIR
2026-08-19 09:30:18.358,0.42,0.46,29,1.0,0.0,-0.109,109.3,-98,HAYIR,HAYIR
2026-08-19 09:30:18.378,0.40,0.46,29,0.9,0.0,-0.109,115.5,-96,HAYIR,HAYIR
2026-08-19 09:30:18.398,0.40,0.46,29,0.9,0.0,-0.109,115.5,-95,HAYIR,HAYIR
2026-08-19 09:30:18.418,0.40,0.46,29,0.9,0.0,-0.109,115.5,-94,HAYIR,HAYIR
2026-08-19 09:30:18.438,0.37,0.46,29,0.9,0.0,-0.109,122.3,-93,HAYIR,HAYIR
2026-08-19 09:30:18.458,0.37,0.46,29,0.9,0.0,-0.109,122.3,-92,HAYIR,HAYIR
2026-08-19 09:30:18.478,0.35,0.46,29,0.8,0.0,-0.109,129.9,-90,HAYIR,HAYIR
2026-08-19 09:30:18.498,0.35,0.46,29,0.8,0.0,-0.109,129.9,-89,HAYIR,HAYIR
2026-08-19 09:30:18.518,0.35,0.46,29,0.8,0.0,-0.109,129.9,-88,HAYIR,HAYIR
2026-08-19 09:30:18.537,0.32,0.46,29,0.8,0.0,-0.134,160.0,-87,HAYIR,HAYIR
2026-08-19 09:30:18.558,0.32,0.46,29,0.8,0.0,-0.134,160.0,-86,HAYIR,HAYIR
2026-08-19 09:30:18.578,0.30,0.46,29,0.7,0.0,-0.134,160.0,-84,HAYIR,HAYIR
2026-08-19 09:30:18.598,0.30,0.46,29,0.7,0.0,-0.134,160.0,-83,HAYIR,HAYIR
2026-08-19 09:30:18.618,0.30,0.46,29,0.7,0.0,-0.134,160.0,-82,HAYIR,HAYIR
2026-08-19 09:30:18.638,0.30,0.46,29,0.7,0.0,-0.182,160.0,-81,HAYIR,HAYIR
2026-08-19 09:30:18.658,0.30,0.46,29,0.7,0.0,-0.182,160.0,-80,HAYIR,HAYIR
2026-08-19 09:30:18.678,0.30,0.46,29,0.6,0.0,-0.182,160.0,-78,HAYIR,HAYIR
2026-08-19 09:30:18.698,0.30,0.46,29,0.6,0.0,-0.182,160.0,-77,HAYIR,HAYIR
2026-08-19 09:30:18.718,0.30,0.46,29,0.6,0.0,-0.182,160.0,-76,HAYIR,HAYIR
2026-08-19 09:30:18.738,0.30,0.46,29,0.6,0.0,-0.182,160.0,-75,HAYIR,HAYIR
2026-08-19 09:30:18.758,0.30,0.46,29,0.6,0.0,-0.182,160.0,-74,HAYIR,HAYIR
2026-08-19 09:30:18.778,0.30,0.46,29,0.5,0.0,-0.182,160.0,-72,HAYIR,HAYIR
2026-08-19 09:30:18.798,0.30,0.46,29,0.5,0.0,-0.182,160.0,-71,HAYIR,HAYIR
2026-08-19 09:30:18.818,0.30,0.46,28,0.5,0.0,-0.182,160.0,-70,HAYIR,HAYIR
2026-08-19 09:30:18.838,0.30,0.46,28,0.5,0.0,-0.193,160.0,-69,HAYIR,HAYIR
2026-08-19 09:30:18.858,0.30,0.46,28,0.5,0.0,-0.193,160.0,-68,HAYIR,HAYIR
2026-08-19 09:30:18.878,0.30,0.46,28,0.4,0.0,-0.193,160.0,-66,HAYIR,HAYIR
2026-08-19 09:30:18.898,0.30,0.46,28,0.4,0.0,-0.193,160.0,-65,HAYIR,HAYIR
2026-08-19 09:30:18.918,0.30,0.46,28,0.4,0.0,-0.193,160.0,-64,HAYIR,HAYIR
2026-08-19 09:30:18.938,0.30,0.46,28,0.4,0.0,-0.215,160.0,-63,HAYIR,HAYIR
2026-08-19 09:30:18.958,0.30,0.46,28,0.4,0.0,-0.215,160.0,-62,HAYIR,HAYIR
2026-08-19 09:30:18.978,0.30,0.45,28,0.3,0.0,-0.215,160.0,-60,HAYIR,HAYIR
2026-08-19 09:30:18.998,0.30,0.45,28,0.3,0.0,-0.215,160.0,-59,HAYIR,HAYIR
2026-08-19 09:30:19.018,0.30,0.45,28,0.3,0.0,-0.215,160.0,-58,HAYIR,HAYIR
2026-08-19 09:30:19.038,0.30,0.45,28,0.3,0.0,-0.265,160.0,-57,HAYIR,HAYIR
2026-08-19 09:30:19.058,0.30,0.45,28,0.3,0.0,-0.265,160.0,-56,HAYIR,HAYIR
2026-08-19 09:30:19.078,0.30,0.45,28,0.2,0.0,-0.306,160.0,-54,HAYIR,HAYIR
2026-08-19 09:30:19.098,0.30,0.45,28,0.2,0.0,-0.306,160.0,-53,HAYIR,HAYIR
2026-08-19 09:30:19.118,0.30,0.45,28,0.2,0.0,-0.306,160.0,-52,HAYIR,HAYIR
2026-08-19 09:30:19.138,0.30,0.45,28,0.2,0.0,-0.256,160.0,-51,HAYIR,HAYIR
2026-08-19 09:30:19.158,0.30,0.45,28,0.2,0.0,-0.256,160.0,-50,HAYIR,HAYIR
2026-08-19 09:30:19.178,0.30,0.45,28,0.1,0.0,-0.253,160.0,-48,HAYIR,HAYIR
2026-08-19 09:30:19.198,0.30,0.45,28,0.1,0.0,-0.253,160.0,-47,HAYIR,HAYIR
2026-08-19 09:30:19.218,0.30,0.45,28,0.1,0.0,-0.253,160.0,-46,HAYIR,HAYIR
2026-08-19 09:30:19.238,0.30,0.45,28,0.1,0.0,-0.253,160.0,-45,HAYIR,HAYIR
2026-08-19 09:30:19.258,0.30,0.45,28,0.1,0.0,-0.253,160.0,-44,HAYIR,HAYIR
2026-08-19 09:30:19.278,0.30,0.45,28,0.0,0.0,-0.253,160.0,-42,HAYIR,HAYIR
2026-08-19 09:30:19.298,0.30,0.45,28,0.0,0.0,-0.253,160.0,-41,HAYIR,HAYIR
2026-08-19 09:30:19.318,0.30,0.45,28,0.0,0.0,-0.253,160.0,-40,HAYIR,HAYIR
2026-08-19 09:30:19.338,0.30,0.45,28,0.0,0.0,-0.303,160.0,-39,HAYIR,HAYIR
2026-08-19 09:30:19.358,0.30,0.45,28,0.0,0.0,-0.303,160.0,-38,HAYIR,HAYIR
2026-08-19 09:30:19.378,0.30,0.45,28,0.0,0.0,-0.347,160.0,-36,HAYIR,HAYIR
2026-08-19 09:30:19.398,0.30,0.45,28,0.0,0.0,-0.347,160.0,-35,HAYIR,HAYIR
2026-08-19 09:30:19.418,0.30,0.45,28,0.0,0.0,-0.347,160.0,-34,HAYIR,HAYIR
2026-08-19 09:30:19.438,0.30,0.45,28,0.0,0.0,-0.314,160.0,-33,HAYIR,HAYIR
2026-08-19 09:30:19.458,0.30,0.45,28,0.0,0.0,-0.314,160.0,-32,HAYIR,HAYIR
2026-08-19 09:30:19.478,0.30,0.45,28,0.0,0.0,-0.314,160.0,-30,HAYIR,HAYIR
2026-08-19 09:30:19.498,0.30,0.45,28,0.0,0.0,-0.314,160.0,-29,HAYIR,HAYIR
2026-08-19 09:30:19.518,0.30,0.45,28,0.0,0.0,-0.314,160.0,-28,HAYIR,HAYIR
2026-08-19 09:30:19.538,0.30,0.45,28,0.0,0.0,-0.334,160.0,-27,HAYIR,HAYIR
2026-08-19 09:30:19.558,0.30,0.45,28,0.0,0.0,-0.334,160.0,-26,HAYIR,HAYIR
2026-08-19 09:30:19.578,0.30,0.45,28,0.0,0.0,-0.334,160.0,-24,HAYIR,HAYIR
2026-08-19 09:30:19.598,0.30,0.45,28,0.0,0.0,-0.334,160.0,-23,HAYIR,HAYIR
2026-08-19 09:30:19.618,0.30,0.45,28,0.0,0.0,-0.334,160.0,-22,HAYIR,HAYIR
2026-08-19 09:30:19.638,0.30,0.45,28,0.0,0.0,-0.350,160.0,-21,HAYIR,HAYIR
2026-08-19 09:30:19.658,0.30,0.45,28,0.0,0.0,-0.350,160.0,-20,HAYIR,HAYIR
2026-08-19 09:30:19.678,0.30,0.45,28,0.0,0.0,-0.350,160.0,-18,HAYIR,HAYIR
2026-08-19 09:30:19.698,0.30,0.45,28,0.0,0.0,-0.350,160.0,-17,HAYIR,HAYIR
2026-08-19 09:30:19.718,0.30,0.45,28,0.0,0.0,-0.350,160.0,-16,HAYIR,HAYIR
2026-08-19 09:30:19.738,0.30,0.45,28,0.0,0.0,-0.350,160.0,-15,HAYIR,HAYIR
2026-08-19 09:30:19.758,0.30,0.45,28,0.0,0.0,-0.350,160.0,-14,HAYIR,HAYIR
2026-08-19 09:30:19.778,0.30,0.45,28,0.0,0.0,-0.350,160.0,-12,HAYIR,HAYIR
2026-08-19 09:30:19.798,0.30,0.45,28,0.0,0.0,-0.350,160.0,-11,HAYIR,HAYIR
2026-08-19 09:30:19.818,0.30,0.45,28,0.0,0.0,-0.350,160.0,-10,HAYIR,HAYIR
2026-08-19 09:30:19.838,0.30,0.45,28,0.0,0.0,-0.350,160.0,-9,HAYIR,HAYIR
2026-08-19 09:30:19.858,0.30,0.45,28,0.0,0.0,-0.350,160.0,-8,HAYIR,HAYIR
2026-08-19 09:30:19.878,0.30,0.45,28,0.0,0.0,-0.350,160.0,-6,HAYIR,HAYIR
2026-08-19 09:30:19.898,0.30,0.45,28,0.0,0.0,-0.350,160.0,-5,HAYIR,HAYIR
2026-08-19 09:30:19.918,0.30,0.45,28,0.0,0.0,-0.350,160.0,-4,HAYIR,HAYIR
2026-08-19 09:30:19.938,0.30,0.45,28,0.0,0.0,-0.350,160.0,-3,HAYIR,HAYIR
2026-08-19 09:30:19.958,0.30,0.46,28,0.0,0.0,-0.350,160.0,-2,HAYIR,HAYIR
2026-08-19 09:30:19.978,0.30,0.46,28,0.0,0.0,-0.350,160.0,0,HAYIR,HAYIR
2026-08-19 09:30:19.998,0.30,0.46,28,0.0,0.0,-0.350,160.0,1,HAYIR,HAYIR
2026-08-19 09:30:20.018,0.30,0.46,28,0.0,0.0,-0.350,160.0,2,HAYIR,HAYIR
2026-08-19 09:30:20.038,0.30,0.46,28,0.0,0.0,-0.350,160.0,3,HAYIR,HAYIR
2026-08-19 09:30:20.058,0.30,0.46,28,0.0,0.0,-0.350,160.0,4,HAYIR,HAYIR
2026-08-19 09:30:20.078,0.30,0.46,28,0.0,0.0,-0.350,160.0,6,HAYIR,HAYIR
2026-08-19 09:30:20.098,0.30,0.46,28,0.0,0.0,-0.350,160.0,7,HAYIR,HAYIR
2026-08-19 09:30:20.118,0.30,0.46,28,0.0,0.0,-0.350,160.0,8,HAYIR,HAYIR
2026-08-19 09:30:20.138,0.30,0.46,28,0.0,0.0,-0.350,160.0,9,HAYIR,HAYIR
2026-08-19 09:30:20.158,0.30,0.46,28,0.0,0.0,-0.350,160.0,10,HAYIR,HAYIR
2026-08-19 09:30:20.178,0.30,0.46,28,0.0,0.0,-0.350,160.0,12,HAYIR,HAYIR
2026-08-19 09:30:20.198,0.30,0.46,28,0.0,0.0,-0.350,160.0,13,HAYIR,HAYIR
2026-08-19 09:30:20.218,0.30,0.46,28,0.0,0.0,-0.350,160.0,14,HAYIR,HAYIR
2026-08-19 09:30:20.238,0.30,0.46,28,0.0,0.0,-0.350,160.0,15,HAYIR,HAYIR
2026-08-19 09:30:20.258,0.30,0.46,28,0.0,0.0,-0.350,160.0,16,HAYIR,HAYIR
2026-08-19 09:30:20.278,0.30,0.45,28,0.0,0.0,-0.350,160.0,18,HAYIR,HAYIR
2026-08-19 09:30:20.298,0.30,0.45,28,0.0,0.0,-0.350,160.0,19,HAYIR,HAYIR
2026-08-19 09:30:20.318,0.30,0.45,28,0.0,0.0,-0.350,160.0,20,HAYIR,HAYIR
2026-08-19 09:30:20.338,0.30,0.45,28,0.0,0.0,-0.350,160.0,21,HAYIR,HAYIR
2026-08-19 09:30:20.358,0.30,0.45,28,0.0,0.0,-0.350,160.0,22,HAYIR,HAYIR
2026-08-19 09:30:20.378,0.30,0.45,28,0.0,0.0,-0.350,160.0,24,HAYIR,HAYIR
2026-08-19 09:30:20.398,0.30,0.45,28,0.0,0.0,-0.350,160.0,25,HAYIR,HAYIR
2026-08-19 09:30:20.418,0.30,0.45,28,0.0,0.0,-0.350,160.0,26,HAYIR,HAYIR
2026-08-19 09:30:20.438,0.30,0.45,28,0.0,0.0,-0.350,160.0,27,HAYIR,HAYIR
2026-08-19 09:30:20.458,0.30,0.45,28,0.0,0.0,-0.350,160.0,28,HAYIR,HAYIR
2026-08-19 09:30:20.478,0.30,0.45,28,0.0,0.0,-0.350,160.0,30,HAYIR,HAYIR
2026-08-19 09:30:20.498,0.30,0.45,28,0.0,0.0,-0.350,160.0,31,HAYIR,HAYIR
2026-08-19 09:30:20.518,0.30,0.45,28,0.0,0.0,-0.350,160.0,32,HAYIR,HAYIR
2026-08-19 09:30:20.538,0.30,0.45,28,0.0,0.0,-0.350,160.0,33,HAYIR,HAYIR
2026-08-19 09:30:20.558,0.30,0.45,28,0.0,0.0,-0.350,160.0,34,HAYIR,HAYIR
2026-08-19 09:30:20.578,0.30,0.45,28,0.0,0.0,-0.350,160.0,36,HAYIR,HAYIR
2026-08-19 09:30:20.598,0.30,0.44,28,0.0,0.0,-0.350,160.0,37,HAYIR,HAYIR
2026-08-19 09:30:20.618,0.30,0.44,28,0.0,0.0,-0.350,160.0,38,HAYIR,HAYIR
2026-08-19 09:30:20.638,0.30,0.44,28,0.0,0.0,-0.350,160.0,39,HAYIR,HAYIR
2026-08-19 09:30:20.658,0.30,0.44,28,0.0,0.0,-0.350,160.0,40,HAYIR,HAYIR
2026-08-19 09:30:20.678,0.30,0.44,28,0.0,0.0,-0.350,160.0,42,HAYIR,HAYIR
2026-08-19 09:30:20.698,0.30,0.44,28,0.0,0.0,-0.350,160.0,43,HAYIR,HAYIR
2026-08-19 09:30:20.718,0.30,0.44,28,0.1,0.0,-0.350,160.0,44,HAYIR,HAYIR
2026-08-19 09:30:20.738,0.30,0.44,28,0.1,0.0,-0.350,160.0,45,HAYIR,HAYIR
2026-08-19 09:30:20.758,0.30,0.44,28,0.1,0.0,-0.350,160.0,46,HAYIR,HAYIR
2026-08-19 09:30:20.778,0.30,0.44,28,0.1,0.0,-0.350,160.0,48,HAYIR,HAYIR
2026-08-19 09:30:20.798,0.30,0.44,28,0.2,0.0,-0.350,160.0,49,HAYIR,HAYIR
2026-08-19 09:30:20.818,0.30,0.44,28,0.2,0.0,-0.350,160.0,50,HAYIR,HAYIR
2026-08-19 09:30:20.838,0.30,0.44,28,0.2,0.0,-0.350,160.0,51,HAYIR,HAYIR
2026-08-19 09:30:20.858,0.30,0.44,28,0.2,0.0,-0.350,160.0,52,HAYIR,HAYIR
2026-08-19 09:30:20.878,0.30,0.44,28,0.2,0.0,-0.350,160.0,54,HAYIR,HAYIR
2026-08-19 09:30:20.898,0.30,0.44,28,0.2,0.0,-0.350,160.0,55,HAYIR,HAYIR
2026-08-19 09:30:20.918,0.30,0.44,28,0.3,0.0,-0.350,160.0,56,HAYIR,HAYIR
2026-08-19 09:30:20.938,0.30,0.44,28,0.3,0.0,-0.350,160.0,57,HAYIR,HAYIR
2026-08-19 09:30:20.958,0.30,0.44,28,0.3,0.0,-0.350,160.0,58,HAYIR,HAYIR
2026-08-19 09:30:20.978,0.30,0.44,28,0.3,0.0,-0.350,160.0,60,HAYIR,HAYIR
2026-08-19 09:30:20.998,0.30,0.44,28,0.3,0.0,-0.350,160.0,61,HAYIR,HAYIR
2026-08-19 09:30:21.018,0.30,0.44,28,0.4,0.0,-0.350,160.0,62,HAYIR,HAYIR
2026-08-19 09:30:21.038,0.30,0.44,28,0.4,0.0,-0.350,160.0,63,HAYIR,HAYIR
2026-08-19 09:30:21.058,0.30,0.44,28,0.4,0.0,-0.350,160.0,64,HAYIR,HAYIR
2026-08-19 09:30:21.078,0.30,0.44,28,0.4,0.0,-0.350,160.0,66,HAYIR,HAYIR
2026-08-19 09:30:21.098,0.30,0.44,28,0.5,0.0,-0.350,160.0,67,HAYIR,HAYIR
2026-08-19 09:30:21.118,0.30,0.44,28,0.5,0.0,-0.350,160.0,68,HAYIR,HAYIR
2026-08-19 09:30:21.138,0.30,0.44,28,0.5,0.0,-0.350,160.0,69,HAYIR,HAYIR
2026-08-19 09:30:21.158,0.30,0.44,28,0.5,0.0,-0.350,160.0,70,HAYIR,HAYIR
2026-08-19 09:30:21.178,0.30,0.44,29,0.5,0.0,-0.350,160.0,72,HAYIR,HAYIR
2026-08-19 09:30:21.198,0.30,0.44,29,0.5,0.0,-0.350,160.0,73,HAYIR,HAYIR
2026-08-19 09:30:21.218,0.30,0.44,29,0.6,0.0,-0.350,160.0,74,HAYIR,HAYIR
2026-08-19 09:30:21.238,0.30,0.44,29,0.6,0.0,-0.350,160.0,75,HAYIR,HAYIR
2026-08-19 09:30:21.258,0.30,0.44,29,0.6,0.0,-0.350,160.0,76,HAYIR,HAYIR
2026-08-19 09:30:21.278,0.30,0.44,29,0.6,0.0,-0.350,160.0,78,HAYIR,HAYIR
2026-08-19 09:30:21.298,0.30,0.44,29,0.7,0.0,-0.350,160.0,79,HAYIR,HAYIR
2026-08-19 09:30:21.318,0.30,0.44,29,0.7,0.0,-0.350,160.0,80,HAYIR,HAYIR
2026-08-19 09:30:21.338,0.30,0.44,29,0.7,0.0,-0.350,160.0,81,HAYIR,HAYIR
2026-08-19 09:30:21.358,0.30,0.44,29,0.7,0.0,-0.350,160.0,82,HAYIR,HAYIR
2026-08-19 09:30:21.378,0.30,0.44,29,0.7,0.0,-0.350,160.0,84,HAYIR,HAYIR
2026-08-19 09:30:21.398,0.30,0.44,29,0.8,0.0,-0.350,160.0,85,HAYIR,HAYIR
2026-08-19 09:30:21.418,0.30,0.44,29,0.8,0.0,-0.350,160.0,86,HAYIR,HAYIR
2026-08-19 09:30:21.438,0.30,0.44,29,0.8,0.0,-0.350,160.0,87,HAYIR,HAYIR
2026-08-19 09:30:21.458,0.30,0.44,29,0.8,0.0,-0.350,160.0,88,HAYIR,HAYIR
2026-08-19 09:30:21.478,0.30,0.44,29,0.8,0.0,-0.350,160.0,90,HAYIR,HAYIR
2026-08-19 09:30:21.498,0.30,0.44,29,0.8,0.0,-0.350,160.0,91,HAYIR,HAYIR
2026-08-19 09:30:21.518,0.30,0.44,29,0.9,0.0,-0.350,160.0,92,HAYIR,HAYIR
2026-08-19 09:30:21.538,0.30,0.44,29,0.9,0.0,-0.350,160.0,93,HAYIR,HAYIR
2026-08-19 09:30:21.558,0.30,0.44,29,0.9,0.0,-0.350,160.0,94,HAYIR,HAYIR
2026-08-19 09:30:21.578,0.30,0.44,29,0.9,0.0,-0.350,160.0,96,HAYIR,HAYIR
2026-08-19 09:30:21.598,0.30,0.44,29,0.9,0.0,-0.350,160.0,97,HAYIR,HAYIR
2026-08-19 09:30:21.618,0.30,0.44,29,1.0,0.0,-0.350,160.0,98,HAYIR,HAYIR
2026-08-19 09:30:21.638,0.30,0.44,29,1.0,0.0,-0.350,160.0,99,HAYIR,HAYIR
2026-08-19 09:30:21.658,0.30,0.44,29,1.0,0.0,-0.350,160.0,100,HAYIR,HAYIR
2026-08-19 09:30:21.678,0.30,0.44,29,1.0,0.0,-0.350,160.0,102,HAYIR,HAYIR
2026-08-19 09:30:21.698,0.30,0.44,29,1.1,0.0,-0.350,160.0,103,HAYIR,HAYIR
2026-08-19 09:30:21.718,0.30,0.44,29,1.1,0.0,-0.350,160.0,104,HAYIR,HAYIR
2026-08-19 09:30:21.738,0.30,0.44,29,1.1,0.0,-0.350,160.0,105,HAYIR,HAYIR
2026-08-19 09:30:21.758,0.30,0.44,29,1.1,0.0,-0.350,160.0,106,HAYIR,HAYIR
2026-08-19 09:30:21.778,0.30,0.44,29,1.1,0.0,-0.350,160.0,108,HAYIR,HAYIR
2026-08-19 09:30:21.798,0.30,0.44,29,1.2,0.0,-0.350,160.0,109,HAYIR,HAYIR
2026-08-19 09:30:21.818,0.30,0.44,29,1.2,0.0,-0.350,160.0,110,HAYIR,HAYIR
2026-08-19 09:30:21.838,0.30,0.44,29,1.2,0.0,-0.350,160.0,111,HAYIR,HAYIR
2026-08-19 09:30:21.858,0.30,0.44,29,1.2,0.0,-0.350,160.0,112,HAYIR,HAYIR
2026-08-19 09:30:21.878,0.30,0.44,29,1.2,0.0,-0.350,160.0,114,HAYIR,HAYIR
2026-08-19 09:30:21.898,0.30,0.44,29,1.2,0.0,-0.350,160.0,115,HAYIR,HAYIR
2026-08-19 09:30:21.918,0.30,0.44,29,1.3,0.0,-0.350,160.0,116,HAYIR,HAYIR
2026-08-19 09:30:21.938,0.30,0.44,29,1.3,0.0,-0.350,160.0,117,HAYIR,HAYIR
2026-08-19 09:30:21.958,0.30,0.44,29,1.3,0.0,-0.350,160.0,118,HAYIR,HAYIR
2026-08-19 09:30:21.978,0.30,0.44,29,1.3,0.0,-0.350,160.0,120,HAYIR,HAYIR
2026-08-19 09:30:21.998,0.30,0.44,29,1.3,0.0,-0.350,160.0,121,HAYIR,HAYIR
2026-08-19 09:30:22.018,0.30,0.44,29,1.4,0.0,-0.350,160.0,122,HAYIR,HAYIR
2026-08-19 09:30:22.038,0.30,0.44,29,1.4,0.0,-0.350,160.0,123,HAYIR,HAYIR
2026-08-19 09:30:22.058,0.30,0.44,29,1.4,0.0,-0.350,160.0,124,HAYIR,HAYIR
2026-08-19 09:30:22.078,0.30,0.44,29,1.4,0.0,-0.350,160.0,126,HAYIR,HAYIR
2026-08-19 09:30:22.098,0.30,0.44,29,1.4,0.0,-0.350,160.0,127,HAYIR,HAYIR
2026-08-19 09:30:22.118,0.30,0.44,29,1.5,0.0,-0.350,160.0,128,HAYIR,HAYIR
2026-08-19 09:30:22.138,0.30,0.44,29,1.5,0.0,-0.350,160.0,129,HAYIR,HAYIR
2026-08-19 09:30:22.158,0.30,0.44,30,1.5,0.0,-0.350,160.0,130,HAYIR,HAYIR
2026-08-19 09:30:22.178,0.30,0.44,30,1.5,0.0,-0.350,160.0,132,HAYIR,HAYIR
2026-08-19 09:30:22.198,0.30,0.44,30,1.6,0.0,-0.350,160.0,133,HAYIR,HAYIR
2026-08-19 09:30:22.218,0.30,0.44,30,1.6,0.0,-0.350,160.0,134,HAYIR,HAYIR
2026-08-19 09:30:22.238,0.30,0.44,30,1.6,0.0,-0.350,160.0,135,HAYIR,HAYIR
2026-08-19 09:30:22.258,0.30,0.44,30,1.6,0.0,-0.350,160.0,136,HAYIR,HAYIR
2026-08-19 09:30:22.278,0.30,0.44,30,1.6,0.0,-0.350,160.0,138,HAYIR,HAYIR
2026-08-19 09:30:22.298,0.30,0.44,30,1.7,0.0,-0.350,160.0,139,HAYIR,HAYIR
2026-08-19 09:30:22.318,0.30,0.44,30,1.7,0.0,-0.350,160.0,140,HAYIR,HAYIR
2026-08-19 09:30:22.338,0.30,0.44,30,1.7,0.0,-0.350,160.0,141,HAYIR,HAYIR
2026-08-19 09:30:22.358,0.30,0.44,30,1.7,0.0,-0.350,160.0,142,HAYIR,HAYIR
2026-08-19 09:30:22.378,0.30,0.44,30,1.7,0.0,-0.350,160.0,144,HAYIR,HAYIR
2026-08-19 09:30:22.398,0.30,0.44,30,1.8,0.0,-0.350,160.0,145,HAYIR,HAYIR
2026-08-19 09:30:22.418,0.30,0.44,30,1.8,0.0,-0.350,160.0,146,HAYIR,HAYIR
2026-08-19 09:30:22.438,0.30,0.44,30,1.8,0.0,-0.350,160.0,147,HAYIR,HAYIR
2026-08-19 09:30:22.458,0.30,0.44,30,1.8,0.0,-0.350,160.0,148,HAYIR,HAYIR
2026-08-19 09:30:22.478,0.30,0.44,30,1.8,0.0,-0.350,160.0,150,HAYIR,HAYIR
2026-08-19 09:30:22.498,0.30,0.44,30,1.8,0.0,-0.350,160.0,151,HAYIR,HAYIR
2026-08-19 09:30:22.518,0.30,0.44,30,1.9,0.0,-0.350,160.0,152,HAYIR,HAYIR
2026-08-19 09:30:22.538,0.30,0.44,30,1.9,0.0,-0.350,160.0,153,HAYIR,HAYIR
2026-08-19 09:30:22.558,0.30,0.44,30,1.9,0.0,-0.350,160.0,154,HAYIR,HAYIR
2026-08-19 09:30:22.578,0.30,0.44,30,1.9,0.0,-0.350,160.0,156,HAYIR,HAYIR
2026-08-19 09:30:22.598,0.30,0.44,30,1.9,0.0,-0.350,160.0,157,HAYIR,HAYIR
2026-08-19 09:30:22.618,0.30,0.43,30,2.0,0.0,-0.350,160.0,158,HAYIR,HAYIR
2026-08-19 09:30:22.638,0.30,0.43,30,2.0,0.0,-0.350,160.0,159,HAYIR,HAYIR
2026-08-19 09:30:22.658,0.30,0.43,30,2.0,0.0,-0.350,160.0,160,HAYIR,HAYIR
2026-08-19 09:30:22.678,0.30,0.43,30,2.0,0.0,-0.350,160.0,160,HAYIR,HAYIR
2026-08-19 09:30:22.698,0.30,0.43,30,2.0,0.0,-0.350,160.0,160,HAYIR,HAYIR
2026-08-19 09:30:22.718,0.30,0.43,30,2.0,0.0,-0.350,160.0,160,HAYIR,HAYIR
2026-08-19 09:30:22.738,0.30,0.43,30,2.0,0.0,-0.350,160.0,160,HAYIR,HAYIR
2026-08-19 09:30:22.758,0.30,0.43,30,2.0,0.0,-0.350,160.0,160,HAYIR,HAYIR
2026-08-19 09:30:22.778,0.30,0.43,30,2.0,0.0,-0.350,160.0,160,HAYIR,HAYIR
2026-08-19 09:30:22.798,0.30,0.43,30,2.0,0.0,-0.350,160.0,160,HAYIR,HAYIR
2026-08-19 09:30:22.818,0.30,0.43,30,2.0,0.0,-0.350,160.0,160,HAYIR,HAYIR
2026-08-19 09:30:22.838,0.30,0.43,30,2.0,0.0,-0.350,160.0,160,HAYIR,HAYIR
2026-08-19 09:30:22.858,0.30,0.43,30,2.0,0.0,-0.350,160.0,160,HAYIR,HAYIR
2026-08-19 09:30:22.878,0.30,0.43,30,2.0,0.0,-0.350,160.0,160,HAYIR,HAYIR
2026-08-19 09:30:22.898,0.30,0.43,30,2.0,0.0,-0.350,160.0,160,HAYIR,HAYIR
2026-08-19 09:30:22.918,0.30,0.43,30,2.0,0.0,-0.350,160.0,160,HAYIR,HAYIR
2026-08-19 09:30:22.938,0.30,0.43,30,2.0,0.0,-0.350,160.0,160,HAYIR,HAYIR
2026-08-19 09:30:22.958,0.30,0.43,30,2.0,0.0,-0.350,160.0,160,HAYIR,HAYIR
2026-08-19 09:30:22.978,0.30,0.43,30,2.0,0.0,-0.350,160.0,160,HAYIR,HAYIR
2026-08-19 09:30:22.998,0.30,0.41,30,2.0,0.0,-0.350,160.0,160,HAYIR,HAYIR
2026-08-19 09:30:23.018,0.30,0.41,30,2.0,0.0,-0.350,160.0,160,HAYIR,HAYIR
2026-08-19 09:30:23.038,0.30,0.41,30,2.0,0.0,-0.350,160.0,160,HAYIR,HAYIR
2026-08-19 09:30:23.058,0.30,0.41,30,2.0,0.0,-0.350,160.0,160,HAYIR,HAYIR
2026-08-19 09:30:23.078,0.30,0.41,30,2.0,0.0,-0.350,160.0,160,HAYIR,HAYIR
2026-08-19 09:30:23.098,0.30,0.41,30,2.0,0.0,-0.350,160.0,160,HAYIR,HAYIR
2026-08-19 09:30:23.118,0.30,0.41,30,2.0,0.0,-0.350,160.0,160,HAYIR,HAYIR
2026-08-19 09:30:23.138,0.30,0.41,30,2.0,0.0,-0.350,160.0,160,HAYIR,HAYIR
2026-08-19 09:30:23.158,0.30,0.41,30,2.0,0.0,-0.350,160.0,160,HAYIR,HAYIR
2026-08-19 09:30:23.178,0.30,0.41,30,2.0,0.0,-0.350,160.0,160,HAYIR,HAYIR
2026-08-19 09:30:23.198,0.30,0.41,30,2.0,0.0,-0.350,160.0,160,HAYIR,HAYIR
2026-08-19 09:30:23.218,0.30,0.41,30,2.0,0.0,-0.350,160.0,160,HAYIR,HAYIR
2026-08-19 09:30:23.238,0.30,0.41,30,2.0,0.0,-0.350,160.0,160,HAYIR,HAYIR
2026-08-19 09:30:23.258,0.30,0.41,30,2.0,0.0,-0.350,160.0,160,HAYIR,HAYIR
2026-08-19 09:30:23.278,0.30,0.40,30,2.0,0.0,-0.350,160.0,160,HAYIR,HAYIR
2026-08-19 09:30:23.298,0.30,0.40,30,2.0,0.0,-0.350,160.0,160,HAYIR,HAYIR
2026-08-19 09:30:23.318,0.30,0.40,30,2.0,0.0,-0.350,160.0,160,HAYIR,HAYIR
2026-08-19 09:30:23.338,0.30,0.40,30,2.0,0.0,-0.350,160.0,160,HAYIR,HAYIR
2026-08-19 09:30:23.358,0.30,0.40,30,2.0,0.0,-0.350,160.0,160,HAYIR,HAYIR
2026-08-19 09:30:23.378,0.30,0.40,30,2.0,0.0,-0.350,160.0,160,HAYIR,HAYIR
2026-08-19 09:30:23.398,0.30,0.40,30,2.0,0.0,-0.350,160.0,160,HAYIR,HAYIR
2026-08-19 09:30:23.418,0.30,0.40,30,2.0,0.0,-0.350,160.0,160,HAYIR,HAYIR
2026-08-19 09:30:23.438,0.30,0.40,30,2.0,0.0,-0.350,160.0,160,HAYIR,HAYIR
2026-08-19 09:30:23.458,0.30,0.40,30,2.0,0.0,-0.350,160.0,160,HAYIR,HAYIR
2026-08-19 09:30:23.478,0.30,0.40,30,2.0,0.0,-0.350,160.0,160,HAYIR,HAYIR
2026-08-19 09:30:23.498,0.30,0.40,30,2.0,0.0,-0.350,160.0,160,HAYIR,HAYIR
2026-08-19 09:30:23.518,0.30,0.40,30,2.0,0.0,-0.350,160.0,160,HAYIR,HAYIR
2026-08-19 09:30:23.538,0.30,0.40,30,2.0,0.0,-0.350,160.0,160,HAYIR,HAYIR
2026-08-19 09:30:23.558,0.30,0.40,30,2.0,0.0,-0.350,160.0,160,HAYIR,HAYIR
2026-08-19 09:30:23.578,0.30,0.40,30,2.0,0.0,-0.350,160.0,160,HAYIR,HAYIR
2026-08-19 09:30:23.598,0.30,0.40,30,2.0,0.0,-0.350,160.0,160,HAYIR,HAYIR
2026-08-19 09:30:23.618,0.30,0.40,30,2.0,0.0,-0.350,160.0,160,HAYIR,HAYIR
2026-08-19 09:30:23.638,0.30,0.40,30,2.0,0.0,-0.350,160.0,160,HAYIR,HAYIR
2026-08-19 09:30:23.658,0.30,0.40,30,2.0,0.0,-0.350,160.0,160,HAYIR,HAYIR
2026-08-19 09:30:23.678,0.30,0.40,30,2.0,0.0,-0.350,160.0,160,HAYIR,HAYIR
2026-08-19 09:30:23.698,0.30,0.40,30,2.0,0.0,-0.350,160.0,160,HAYIR,HAYIR
2026-08-19 09:30:23.718,0.30,0.40,30,2.0,0.0,-0.350,160.0,160,HAYIR,HAYIR
2026-08-19 09:30:23.738,0.30,0.40,30,2.0,0.0,-0.316,160.0,160,HAYIR,HAYIR
2026-08-19 09:30:23.758,0.30,0.40,30,2.0,0.0,-0.316,160.0,160,HAYIR,HAYIR
2026-08-19 09:30:23.778,0.30,0.40,30,2.0,0.0,-0.285,160.0,160,HAYIR,HAYIR
2026-08-19 09:30:23.798,0.30,0.40,30,2.0,0.0,-0.285,160.0,160,HAYIR,HAYIR
2026-08-19 09:30:23.818,0.30,0.40,30,2.0,0.0,-0.285,160.0,160,HAYIR,HAYIR
2026-08-19 09:30:23.838,0.30,0.40,30,2.0,0.0,-0.315,160.0,160,HAYIR,HAYIR
2026-08-19 09:30:23.858,0.30,0.40,30,2.0,0.0,-0.315,160.0,160,HAYIR,HAYIR
2026-08-19 09:30:23.878,0.30,0.40,30,2.0,0.0,-0.315,160.0,160,HAYIR,HAYIR
2026-08-19 09:30:23.898,0.30,0.40,30,2.0,0.0,-0.315,160.0,160,HAYIR,HAYIR
2026-08-19 09:30:23.918,0.30,0.40,30,2.0,0.0,-0.315,160.0,160,HAYIR,HAYIR
2026-08-19 09:30:23.938,0.30,0.40,30,2.0,0.0,-0.293,160.0,160,HAYIR,HAYIR
2026-08-19 09:30:23.958,0.30,0.38,30,2.0,0.0,-0.293,160.0,160,HAYIR,HAYIR
2026-08-19 09:30:23.978,0.30,0.38,30,2.0,0.0,-0.293,160.0,160,HAYIR,HAYIR
2026-08-19 09:30:23.998,0.30,0.38,30,2.0,0.0,-0.293,160.0,160,HAYIR,HAYIR
2026-08-19 09:30:24.018,0.30,0.38,30,2.0,0.0,-0.293,160.0,160,HAYIR,HAYIR
2026-08-19 09:30:24.038,0.30,0.38,30,2.0,0.0,-0.243,160.0,160,HAYIR,HAYIR
2026-08-19 09:30:24.058,0.30,0.38,30,2.0,0.0,-0.243,160.0,160,HAYIR,HAYIR
2026-08-19 09:30:24.078,0.30,0.38,30,2.0,0.0,-0.213,160.0,160,HAYIR,HAYIR
2026-08-19 09:30:24.098,0.30,0.38,30,2.0,0.0,-0.213,160.0,160,HAYIR,HAYIR
2026-08-19 09:30:24.118,0.30,0.38,30,2.0,0.0,-0.213,160.0,160,HAYIR,HAYIR
2026-08-19 09:30:24.138,0.30,0.38,30,2.0,0.0,-0.241,160.0,160,HAYIR,HAYIR
2026-08-19 09:30:24.158,0.30,0.38,30,2.0,0.0,-0.241,160.0,160,HAYIR,HAYIR
2026-08-19 09:30:24.178,0.30,0.38,30,2.0,0.0,-0.241,160.0,160,HAYIR,HAYIR
2026-08-19 09:30:24.198,0.30,0.38,30,2.0,0.0,-0.241,160.0,160,HAYIR,HAYIR
2026-08-19 09:30:24.218,0.30,0.38,30,2.0,0.0,-0.241,160.0,160,HAYIR,HAYIR
2026-08-19 09:30:24.238,0.30,0.36,30,2.0,0.0,-0.219,160.0,160,HAYIR,HAYIR
2026-08-19 09:30:24.258,0.30,0.36,30,2.0,0.0,-0.219,160.0,160,HAYIR,HAYIR
2026-08-19 09:30:24.278,0.30,0.36,30,2.0,0.0,-0.169,160.0,160,HAYIR,HAYIR
2026-08-19 09:30:24.298,0.30,0.36,30,2.0,0.0,-0.169,160.0,160,HAYIR,HAYIR
2026-08-19 09:30:24.318,0.30,0.36,30,2.0,0.0,-0.169,160.0,160,HAYIR,HAYIR
2026-08-19 09:30:24.338,0.30,0.36,30,2.0,0.0,-0.144,160.0,160,HAYIR,HAYIR
2026-08-19 09:30:24.358,0.30,0.36,30,2.0,0.0,-0.144,160.0,160,HAYIR,HAYIR
2026-08-19 09:30:24.378,0.30,0.36,30,2.0,0.0,-0.144,160.0,160,HAYIR,HAYIR
2026-08-19 09:30:24.398,0.30,0.36,30,2.0,0.0,-0.144,160.0,160,HAYIR,HAYIR
2026-08-19 09:30:24.418,0.30,0.36,30,2.0,0.0,-0.144,160.0,160,HAYIR,HAYIR
2026-08-19 09:30:24.438,0.30,0.36,30,2.0,0.0,-0.168,160.0,160,HAYIR,HAYIR
2026-08-19 09:30:24.458,0.30,0.36,30,2.0,0.0,-0.168,160.0,160,HAYIR,HAYIR
2026-08-19 09:30:24.478,0.30,0.36,30,2.0,0.0,-0.168,160.0,160,HAYIR,HAYIR
2026-08-19 09:30:24.498,0.30,0.36,30,2.0,0.0,-0.168,160.0,160,HAYIR,HAYIR
2026-08-19 09:30:24.518,0.30,0.36,30,2.0,0.0,-0.168,160.0,160,HAYIR,HAYIR
2026-08-19 09:30:24.538,0.30,0.36,30,2.0,0.0,-0.138,160.0,160,HAYIR,HAYIR
2026-08-19 09:30:24.558,0.30,0.36,30,2.0,0.0,-0.138,160.0,160,HAYIR,HAYIR
2026-08-19 09:30:24.578,0.30,0.36,30,2.0,0.0,-0.138,160.0,160,HAYIR,HAYIR
2026-08-19 09:30:24.598,0.30,0.36,30,2.0,0.0,-0.138,160.0,160,HAYIR,HAYIR
2026-08-19 09:30:24.618,0.30,0.36,30,2.0,0.0,-0.138,160.0,160,HAYIR,HAYIR
2026-08-19 09:30:24.638,0.30,0.36,30,2.0,0.0,-0.107,145.8,159,HAYIR,HAYIR
2026-08-19 09:30:24.658,0.30,0.36,30,2.0,0.0,-0.107,145.8,158,HAYIR,HAYIR
2026-08-19 09:30:24.678,0.33,0.36,30,1.9,0.0,-0.057,76.8,156,HAYIR,HAYIR
2026-08-19 09:30:24.698,0.33,0.36,30,1.9,0.0,-0.057,76.8,155,HAYIR,HAYIR
2026-08-19 09:30:24.718,0.33,0.36,30,1.9,0.0,-0.057,76.8,154,HAYIR,HAYIR
2026-08-19 09:30:24.738,0.35,0.36,30,1.9,0.0,0.000,-0.0,153,HAYIR,HAYIR
2026-08-19 09:30:24.758,0.35,0.36,30,1.9,0.0,0.000,-0.0,152,HAYIR,HAYIR
2026-08-19 09:30:24.778,0.38,0.36,30,1.8,0.0,0.000,-0.0,150,HAYIR,HAYIR
2026-08-19 09:30:24.798,0.38,0.36,30,1.8,0.0,0.000,-0.0,149,HAYIR,HAYIR
2026-08-19 09:30:24.818,0.38,0.36,30,1.8,0.0,0.000,-0.0,148,HAYIR,HAYIR
2026-08-19 09:30:24.838,0.40,0.36,30,1.8,0.0,-0.055,61.0,147,HAYIR,HAYIR
2026-08-19 09:30:24.858,0.40,0.36,30,1.8,0.0,-0.055,61.0,146,HAYIR,HAYIR
2026-08-19 09:30:24.878,0.43,0.36,30,1.7,0.0,-0.078,79.9,144,HAYIR,HAYIR
2026-08-19 09:30:24.898,0.43,0.36,30,1.7,0.0,-0.078,79.9,143,HAYIR,HAYIR
2026-08-19 09:30:24.918,0.43,0.36,30,1.7,0.0,-0.078,79.9,142,HAYIR,HAYIR
2026-08-19 09:30:24.938,0.45,0.36,30,1.7,0.0,0.000,-0.0,141,HAYIR,HAYIR
2026-08-19 09:30:24.958,0.45,0.36,30,1.7,0.0,0.000,-0.0,140,HAYIR,HAYIR
2026-08-19 09:30:24.978,0.43,0.36,30,1.6,0.0,0.000,-0.0,138,HAYIR,HAYIR
2026-08-19 09:30:24.998,0.43,0.36,30,1.6,0.0,0.000,-0.0,137,HAYIR,HAYIR
2026-08-19 09:30:25.018,0.43,0.36,30,1.6,0.0,0.000,-0.0,136,HAYIR,HAYIR
2026-08-19 09:30:25.038,0.40,0.36,30,1.6,0.0,0.070,-76.7,135,HAYIR,HAYIR
2026-08-19 09:30:25.058,0.40,0.36,30,1.6,0.0,0.070,-76.7,134,HAYIR,HAYIR
2026-08-19 09:30:25.078,0.38,0.36,30,1.5,0.0,0.100,-110.4,132,HAYIR,HAYIR
2026-08-19 09:30:25.098,0.38,0.36,30,1.5,0.0,0.100,-110.4,131,HAYIR,HAYIR
2026-08-19 09:30:25.118,0.38,0.36,30,1.5,0.0,0.100,-110.4,130,HAYIR,HAYIR
2026-08-19 09:30:25.138,0.41,0.36,30,1.5,0.0,0.083,-87.5,129,HAYIR,HAYIR
2026-08-19 09:30:25.158,0.41,0.36,30,1.5,0.0,0.083,-87.5,128,HAYIR,HAYIR
2026-08-19 09:30:25.178,0.43,0.36,30,1.4,0.0,0.083,-82.8,126,HAYIR,HAYIR
2026-08-19 09:30:25.198,0.43,0.36,30,1.4,0.0,0.083,-82.8,125,HAYIR,HAYIR
2026-08-19 09:30:25.218,0.43,0.36,30,1.4,0.0,0.083,-82.8,124,HAYIR,HAYIR
2026-08-19 09:30:25.238,0.41,0.36,29,1.4,0.0,0.100,-104.2,123,HAYIR,HAYIR
2026-08-19 09:30:25.258,0.41,0.36,29,1.4,0.0,0.100,-104.2,122,HAYIR,HAYIR
2026-08-19 09:30:25.278,0.41,0.36,29,1.3,0.0,0.100,-105.3,120,HAYIR,HAYIR
2026-08-19 09:30:25.298,0.41,0.36,29,1.3,0.0,0.100,-105.3,119,HAYIR,HAYIR
2026-08-19 09:30:25.318,0.41,0.36,29,1.3,0.0,0.100,-105.3,118,HAYIR,HAYIR
2026-08-19 09:30:25.338,0.38,0.36,29,1.3,0.0,0.150,-158.1,117,HAYIR,HAYIR
2026-08-19 09:30:25.358,0.38,0.36,29,1.3,0.0,0.150,-158.1,116,HAYIR,HAYIR
2026-08-19 09:30:25.378,0.36,0.36,29,1.2,0.0,0.191,-160.0,114,HAYIR,HAYIR
2026-08-19 09:30:25.398,0.36,0.36,29,1.2,0.0,0.191,-160.0,113,HAYIR,HAYIR
2026-08-19 09:30:25.418,0.36,0.36,29,1.2,0.0,0.191,-160.0,112,HAYIR,HAYIR
2026-08-19 09:30:25.438,0.33,0.36,29,1.2,0.0,0.191,-160.0,111,HAYIR,HAYIR
2026-08-19 09:30:25.458,0.33,0.36,29,1.2,0.0,0.191,-160.0,110,HAYIR,HAYIR
2026-08-19 09:30:25.478,0.31,0.36,29,1.1,0.0,0.191,-160.0,108,HAYIR,HAYIR
2026-08-19 09:30:25.498,0.31,0.36,29,1.1,0.0,0.191,-160.0,107,HAYIR,HAYIR
2026-08-19 09:30:25.518,0.31,0.36,29,1.1,0.0,0.191,-160.0,106,HAYIR,HAYIR
2026-08-19 09:30:25.538,0.30,0.36,29,1.1,0.0,0.165,-160.0,105,HAYIR,HAYIR
2026-08-19 09:30:25.558,0.30,0.36,29,1.1,0.0,0.165,-160.0,104,HAYIR,HAYIR
2026-08-19 09:30:25.578,0.30,0.36,29,1.0,0.0,0.165,-160.0,102,HAYIR,HAYIR
2026-08-19 09:30:25.598,0.30,0.36,29,1.0,0.0,0.165,-160.0,101,HAYIR,HAYIR
2026-08-19 09:30:25.618,0.30,0.36,29,1.0,0.0,0.165,-160.0,100,HAYIR,HAYIR
2026-08-19 09:30:25.638,0.30,0.36,29,1.0,0.0,0.215,-160.0,99,HAYIR,HAYIR
2026-08-19 09:30:25.658,0.30,0.36,29,1.0,0.0,0.215,-160.0,98,HAYIR,HAYIR
2026-08-19 09:30:25.678,0.30,0.36,29,0.9,0.0,0.265,-160.0,96,HAYIR,HAYIR
2026-08-19 09:30:25.698,0.30,0.36,29,0.9,0.0,0.265,-160.0,95,HAYIR,HAYIR
2026-08-19 09:30:25.718,0.30,0.36,29,0.9,0.0,0.265,-160.0,94,HAYIR,HAYIR
2026-08-19 09:30:25.738,0.30,0.36,29,0.9,0.0,0.283,-160.0,93,HAYIR,HAYIR
2026-08-19 09:30:25.758,0.30,0.36,29,0.9,0.0,0.283,-160.0,92,HAYIR,HAYIR
2026-08-19 09:30:25.778,0.30,0.36,29,0.8,0.0,0.283,-160.0,90,HAYIR,HAYIR
2026-08-19 09:30:25.798,0.30,0.36,29,0.8,0.0,0.283,-160.0,89,HAYIR,HAYIR
2026-08-19 09:30:25.818,0.30,0.36,29,0.8,0.0,0.283,-160.0,88,HAYIR,HAYIR
2026-08-19 09:30:25.838,0.30,0.36,29,0.8,0.0,0.240,-160.0,87,HAYIR,HAYIR
2026-08-19 09:30:25.858,0.30,0.36,29,0.8,0.0,0.240,-160.0,86,HAYIR,HAYIR
2026-08-19 09:30:25.878,0.30,0.36,29,0.7,0.0,0.240,-160.0,84,HAYIR,HAYIR
2026-08-19 09:30:25.898,0.30,0.36,29,0.7,0.0,0.240,-160.0,83,HAYIR,HAYIR
2026-08-19 09:30:25.918,0.30,0.36,29,0.7,0.0,0.240,-160.0,82,HAYIR,HAYIR
2026-08-19 09:30:25.938,0.30,0.36,29,0.7,0.0,0.262,-160.0,81,HAYIR,HAYIR
2026-08-19 09:30:25.958,0.30,0.36,29,0.7,0.0,0.262,-160.0,80,HAYIR,HAYIR
2026-08-19 09:30:25.978,0.30,0.33,29,0.6,0.0,0.262,-160.0,78,HAYIR,HAYIR
2026-08-19 09:30:25.998,0.30,0.33,29,0.6,0.0,0.262,-160.0,77,HAYIR,HAYIR
2026-08-19 09:30:26.018,0.30,0.33,29,0.6,0.0,0.262,-160.0,76,HAYIR,HAYIR
2026-08-19 09:30:26.038,0.30,0.33,29,0.6,0.0,0.312,-160.0,75,HAYIR,HAYIR
2026-08-19 09:30:26.058,0.30,0.33,29,0.6,0.0,0.312,-160.0,74,HAYIR,HAYIR
2026-08-19 09:30:26.078,0.30,0.33,29,0.5,0.0,0.350,-160.0,72,HAYIR,HAYIR
2026-08-19 09:30:26.098,0.30,0.33,29,0.5,0.0,0.350,-160.0,71,HAYIR,HAYIR
2026-08-19 09:30:26.118,0.30,0.33,28,0.5,0.0,0.350,-160.0,70,HAYIR,HAYIR
2026-08-19 09:30:26.138,0.30,0.33,28,0.5,0.0,0.302,-160.0,69,HAYIR,HAYIR
2026-08-19 09:30:26.158,0.30,0.33,28,0.5,0.0,0.302,-160.0,68,HAYIR,HAYIR
2026-08-19 09:30:26.178,0.30,0.33,28,0.4,0.0,0.298,-160.0,66,HAYIR,HAYIR
2026-08-19 09:30:26.198,0.30,0.33,28,0.4,0.0,0.298,-160.0,65,HAYIR,HAYIR
2026-08-19 09:30:26.218,0.30,0.33,28,0.4,0.0,0.298,-160.0,64,HAYIR,HAYIR
2026-08-19 09:30:26.238,0.30,0.33,28,0.4,0.0,0.320,-160.0,63,HAYIR,HAYIR
2026-08-19 09:30:26.258,0.30,0.34,28,0.4,0.0,0.320,-160.0,62,HAYIR,HAYIR
2026-08-19 09:30:26.278,0.30,0.34,28,0.3,0.0,0.320,-160.0,60,HAYIR,HAYIR
2026-08-19 09:30:26.298,0.30,0.34,28,0.3,0.0,0.320,-160.0,59,HAYIR,HAYIR
2026-08-19 09:30:26.318,0.30,0.34,28,0.3,0.0,0.320,-160.0,58,HAYIR,HAYIR
2026-08-19 09:30:26.338,0.30,0.34,28,0.3,0.0,0.350,-160.0,57,HAYIR,HAYIR
2026-08-19 09:30:26.358,0.30,0.34,28,0.3,0.0,0.350,-160.0,56,HAYIR,HAYIR
2026-08-19 09:30:26.378,0.30,0.34,28,0.2,0.0,0.350,-160.0,54,HAYIR,HAYIR
2026-08-19 09:30:26.398,0.30,0.34,28,0.2,0.0,0.350,-160.0,53,HAYIR,HAYIR
2026-08-19 09:30:26.418,0.30,0.34,28,0.2,0.0,0.350,-160.0,52,HAYIR,HAYIR
2026-08-19 09:30:26.438,0.30,0.34,28,0.2,0.0,0.350,-160.0,51,HAYIR,HAYIR
2026-08-19 09:30:26.458,0.30,0.34,28,0.2,0.0,0.350,-160.0,50,HAYIR,HAYIR
2026-08-19 09:30:26.478,0.30,0.34,28,0.1,0.0,0.350,-160.0,48,HAYIR,HAYIR
2026-08-19 09:30:26.498,0.30,0.34,28,0.1,0.0,0.350,-160.0,47,HAYIR,HAYIR
2026-08-19 09:30:26.518,0.30,0.34,28,0.1,0.0,0.350,-160.0,46,HAYIR,HAYIR
2026-08-19 09:30:26.538,0.30,0.34,28,0.1,0.0,0.350,-160.0,45,HAYIR,HAYIR
2026-08-19 09:30:26.558,0.30,0.34,28,0.1,0.0,0.350,-160.0,44,HAYIR,HAYIR
2026-08-19 09:30:26.578,0.30,0.34,28,0.0,0.0,0.350,-160.0,42,HAYIR,HAYIR
2026-08-19 09:30:26.598,0.30,0.34,28,0.0,0.0,0.350,-160.0,41,HAYIR,HAYIR
2026-08-19 09:30:26.618,0.30,0.34,28,0.0,0.0,0.350,-160.0,40,HAYIR,HAYIR
2026-08-19 09:30:26.638,0.30,0.34,28,0.0,0.0,0.350,-160.0,39,HAYIR,HAYIR
2026-08-19 09:30:26.658,0.30,0.34,28,0.0,0.0,0.350,-160.0,38,HAYIR,HAYIR
2026-08-19 09:30:26.678,0.30,0.34,28,0.0,0.0,0.350,-160.0,36,HAYIR,HAYIR
2026-08-19 09:30:26.698,0.30,0.34,28,0.0,0.0,0.350,-160.0,35,HAYIR,HAYIR
2026-08-19 09:30:26.718,0.30,0.34,28,0.0,0.0,0.350,-160.0,34,HAYIR,HAYIR
2026-08-19 09:30:26.738,0.30,0.34,28,0.0,0.0,0.350,-160.0,33,HAYIR,HAYIR
2026-08-19 09:30:26.758,0.30,0.34,28,0.0,0.0,0.350,-160.0,32,HAYIR,HAYIR
2026-08-19 09:30:26.778,0.30,0.34,28,0.0,0.0,0.350,-160.0,30,HAYIR,HAYIR
2026-08-19 09:30:26.798,0.30,0.34,28,0.0,0.0,0.350,-160.0,29,HAYIR,HAYIR
2026-08-19 09:30:26.818,0.30,0.34,28,0.0,0.0,0.350,-160.0,28,HAYIR,HAYIR
2026-08-19 09:30:26.838,0.30,0.34,28,0.0,0.0,0.350,-160.0,27,HAYIR,HAYIR
2026-08-19 09:30:26.858,0.30,0.34,28,0.0,0.0,0.350,-160.0,26,HAYIR,HAYIR
2026-08-19 09:30:26.878,0.30,0.34,28,0.0,0.0,0.350,-160.0,24,HAYIR,HAYIR
2026-08-19 09:30:26.898,0.30,0.34,28,0.0,0.0,0.350,-160.0,23,HAYIR,HAYIR
2026-08-19 09:30:26.918,0.30,0.34,28,0.0,0.0,0.350,-160.0,22,HAYIR,HAYIR
2026-08-19 09:30:26.938,0.30,0.33,28,0.0,0.0,0.350,-160.0,21,HAYIR,HAYIR
2026-08-19 09:30:26.958,0.30,0.33,28,0.0,0.0,0.350,-160.0,20,HAYIR,HAYIR
2026-08-19 09:30:26.978,0.30,0.33,28,0.0,0.0,0.350,-160.0,18,HAYIR,HAYIR
2026-08-19 09:30:26.998,0.30,0.33,28,0.0,0.0,0.350,-160.0,17,HAYIR,HAYIR
2026-08-19 09:30:27.018,0.30,0.33,28,0.0,0.0,0.350,-160.0,16,HAYIR,HAYIR
2026-08-19 09:30:27.038,0.30,0.33,28,0.0,0.0,0.350,-160.0,15,HAYIR,HAYIR
2026-08-19 09:30:27.058,0.30,0.33,28,0.0,0.0,0.350,-160.0,14,HAYIR,HAYIR
2026-08-19 09:30:27.078,0.30,0.33,28,0.0,0.0,0.350,-160.0,12,HAYIR,HAYIR
2026-08-19 09:30:27.098,0.30,0.33,28,0.0,0.0,0.350,-160.0,11,HAYIR,HAYIR
2026-08-19 09:30:27.118,0.30,0.33,28,0.0,0.0,0.350,-160.0,10,HAYIR,HAYIR
2026-08-19 09:30:27.138,0.30,0.33,28,0.0,0.0,0.350,-160.0,9,HAYIR,HAYIR
2026-08-19 09:30:27.158,0.30,0.33,28,0.0,0.0,0.350,-160.0,8,HAYIR,HAYIR
2026-08-19 09:30:27.178,0.30,0.33,28,0.0,0.0,0.350,-160.0,6,HAYIR,HAYIR
2026-08-19 09:30:27.198,0.30,0.33,28,0.0,0.0,0.350,-160.0,5,HAYIR,HAYIR
2026-08-19 09:30:27.218,0.30,0.33,28,0.0,0.0,0.350,-160.0,4,HAYIR,HAYIR
2026-08-19 09:30:27.238,0.30,0.33,28,0.0,0.0,0.350,-160.0,3,HAYIR,HAYIR
2026-08-19 09:30:27.258,0.30,0.33,28,0.0,0.0,0.350,-160.0,2,HAYIR,HAYIR
2026-08-19 09:30:27.278,0.30,0.33,28,0.0,0.0,0.350,-160.0,0,HAYIR,HAYIR
2026-08-19 09:30:27.298,0.30,0.33,28,0.0,0.0,0.350,-160.0,-1,HAYIR,HAYIR
2026-08-19 09:30:27.318,0.30,0.32,28,0.0,0.0,0.350,-160.0,-2,HAYIR,HAYIR
2026-08-19 09:30:27.338,0.30,0.32,28,0.0,0.0,0.350,-160.0,-3,HAYIR,HAYIR
2026-08-19 09:30:27.358,0.30,0.32,28,0.0,0.0,0.350,-160.0,-4,HAYIR,HAYIR
2026-08-19 09:30:27.378,0.30,0.32,28,0.0,0.0,0.350,-160.0,-6,HAYIR,HAYIR
2026-08-19 09:30:27.398,0.30,0.32,28,0.0,0.0,0.350,-160.0,-7,HAYIR,HAYIR
2026-08-19 09:30:27.418,0.30,0.32,28,0.0,0.0,0.350,-160.0,-8,HAYIR,HAYIR
2026-08-19 09:30:27.438,0.30,0.32,28,0.0,0.0,0.350,-160.0,-9,HAYIR,HAYIR
2026-08-19 09:30:27.458,0.30,0.32,28,0.0,0.0,0.350,-160.0,-10,HAYIR,HAYIR
2026-08-19 09:30:27.478,0.30,0.32,28,0.0,0.0,0.350,-160.0,-12,HAYIR,HAYIR
2026-08-19 09:30:27.498,0.30,0.32,28,0.0,0.0,0.350,-160.0,-13,HAYIR,HAYIR
2026-08-19 09:30:27.518,0.30,0.32,28,0.0,0.0,0.350,-160.0,-14,HAYIR,HAYIR
2026-08-19 09:30:27.538,0.30,0.32,28,0.0,0.0,0.350,-160.0,-15,HAYIR,HAYIR
2026-08-19 09:30:27.558,0.30,0.32,28,0.0,0.0,0.350,-160.0,-16,HAYIR,HAYIR
2026-08-19 09:30:27.578,0.30,0.32,28,0.0,0.0,0.350,-160.0,-18,HAYIR,HAYIR
2026-08-19 09:30:27.598,0.30,0.32,28,0.0,0.0,0.350,-160.0,-19,HAYIR,HAYIR
2026-08-19 09:30:27.618,0.30,0.31,28,0.0,0.0,0.350,-160.0,-20,HAYIR,HAYIR
2026-08-19 09:30:27.638,0.30,0.31,28,0.0,0.0,0.350,-160.0,-21,HAYIR,HAYIR
2026-08-19 09:30:27.658,0.30,0.31,28,0.0,0.0,0.350,-160.0,-22,HAYIR,HAYIR
2026-08-19 09:30:27.678,0.30,0.31,28,0.0,0.0,0.350,-160.0,-24,HAYIR,HAYIR
2026-08-19 09:30:27.698,0.30,0.31,28,0.0,0.0,0.350,-160.0,-25,HAYIR,HAYIR
2026-08-19 09:30:27.718,0.30,0.31,28,0.0,0.0,0.350,-160.0,-26,HAYIR,HAYIR
2026-08-19 09:30:27.738,0.30,0.31,28,0.0,0.0,0.350,-160.0,-27,HAYIR,HAYIR
2026-08-19 09:30:27.758,0.30,0.31,28,0.0,0.0,0.350,-160.0,-28,HAYIR,HAYIR
2026-08-19 09:30:27.778,0.30,0.31,28,0.0,0.0,0.350,-160.0,-30,HAYIR,HAYIR
2026-08-19 09:30:27.798,0.30,0.31,28,0.0,0.0,0.350,-160.0,-31,HAYIR,HAYIR
2026-08-19 09:30:27.818,0.30,0.31,28,0.0,0.0,0.350,-160.0,-32,HAYIR,HAYIR
2026-08-19 09:30:27.838,0.30,0.31,28,0.0,0.0,0.350,-160.0,-33,HAYIR,HAYIR
2026-08-19 09:30:27.858,0.30,0.31,28,0.0,0.0,0.350,-160.0,-34,HAYIR,HAYIR
2026-08-19 09:30:27.878,0.30,0.31,28,0.0,0.0,0.350,-160.0,-36,HAYIR,HAYIR
2026-08-19 09:30:27.898,0.30,0.31,28,0.0,0.0,0.350,-160.0,-37,HAYIR,HAYIR
2026-08-19 09:30:27.918,0.30,0.31,28,0.0,0.0,0.350,-160.0,-38,HAYIR,HAYIR
2026-08-19 09:30:27.938,0.30,0.31,28,0.0,0.0,0.350,-160.0,-39,HAYIR,HAYIR
2026-08-19 09:30:27.958,0.30,0.30,28,0.0,0.0,0.350,-160.0,-40,HAYIR,HAYIR
2026-08-19 09:30:27.978,0.30,0.30,28,0.0,0.0,0.350,-160.0,-42,HAYIR,HAYIR
2026-08-19 09:30:27.998,0.30,0.30,28,0.0,0.0,0.350,-160.0,-43,HAYIR,HAYIR
2026-08-19 09:30:28.018,0.30,0.30,28,0.1,0.0,0.350,-160.0,-44,HAYIR,HAYIR
2026-08-19 09:30:28.038,0.30,0.30,28,0.1,0.0,0.350,-160.0,-45,HAYIR,HAYIR
2026-08-19 09:30:28.058,0.30,0.30,28,0.1,0.0,0.350,-160.0,-46,HAYIR,HAYIR
2026-08-19 09:30:28.078,0.30,0.30,28,0.1,0.0,0.350,-160.0,-48,HAYIR,HAYIR
2026-08-19 09:30:28.098,0.30,0.30,28,0.2,0.0,0.350,-160.0,-49,HAYIR,HAYIR
2026-08-19 09:30:28.118,0.30,0.30,28,0.2,0.0,0.350,-160.0,-50,HAYIR,HAYIR
2026-08-19 09:30:28.138,0.30,0.30,28,0.2,0.0,0.350,-160.0,-51,HAYIR,HAYIR
2026-08-19 09:30:28.158,0.30,0.30,28,0.2,0.0,0.350,-160.0,-52,HAYIR,HAYIR
2026-08-19 09:30:28.178,0.30,0.30,28,0.2,0.0,0.350,-160.0,-54,HAYIR,HAYIR
2026-08-19 09:30:28.198,0.30,0.30,28,0.2,0.0,0.350,-160.0,-55,HAYIR,HAYIR
2026-08-19 09:30:28.218,0.30,0.30,28,0.3,0.0,0.350,-160.0,-56,HAYIR,HAYIR
2026-08-19 09:30:28.238,0.30,0.30,28,0.3,0.0,0.350,-160.0,-57,HAYIR,HAYIR
2026-08-19 09:30:28.258,0.30,0.30,28,0.3,0.0,0.350,-160.0,-58,HAYIR,HAYIR
2026-08-19 09:30:28.278,0.30,0.30,28,0.3,0.0,0.350,-160.0,-60,HAYIR,HAYIR
2026-08-19 09:30:28.298,0.30,0.30,28,0.3,0.0,0.350,-160.0,-61,HAYIR,HAYIR
2026-08-19 09:30:28.318,0.30,0.30,28,0.4,0.0,0.350,-160.0,-62,HAYIR,HAYIR
2026-08-19 09:30:28.338,0.30,0.30,28,0.4,0.0,0.350,-160.0,-63,HAYIR,HAYIR
2026-08-19 09:30:28.358,0.30,0.30,28,0.4,0.0,0.350,-160.0,-64,HAYIR,HAYIR
2026-08-19 09:30:28.378,0.30,0.30,28,0.4,0.0,0.350,-160.0,-66,HAYIR,HAYIR
2026-08-19 09:30:28.398,0.30,0.30,28,0.5,0.0,0.350,-160.0,-67,HAYIR,HAYIR
2026-08-19 09:30:28.418,0.30,0.30,28,0.5,0.0,0.350,-160.0,-68,HAYIR,HAYIR
2026-08-19 09:30:28.438,0.30,0.30,28,0.5,0.0,0.350,-160.0,-69,HAYIR,HAYIR
2026-08-19 09:30:28.458,0.30,0.30,28,0.5,0.0,0.350,-160.0,-70,HAYIR,HAYIR
2026-08-19 09:30:28.478,0.30,0.30,29,0.5,0.0,0.350,-160.0,-72,HAYIR,HAYIR
2026-08-19 09:30:28.498,0.30,0.30,29,0.5,0.0,0.350,-160.0,-73,HAYIR,HAYIR
2026-08-19 09:30:28.518,0.30,0.30,29,0.6,0.0,0.350,-160.0,-74,HAYIR,HAYIR
2026-08-19 09:30:28.538,0.30,0.30,29,0.6,0.0,0.350,-160.0,-75,HAYIR,HAYIR
2026-08-19 09:30:28.558,0.30,0.30,29,0.6,0.0,0.350,-160.0,-76,HAYIR,HAYIR
2026-08-19 09:30:28.578,0.30,0.30,29,0.6,0.0,0.350,-160.0,-78,HAYIR,HAYIR
2026-08-19 09:30:28.598,0.30,0.31,29,0.7,0.0,0.350,-160.0,-79,HAYIR,HAYIR
2026-08-19 09:30:28.618,0.30,0.31,29,0.7,0.0,0.350,-160.0,-80,HAYIR,HAYIR
2026-08-19 09:30:28.638,0.30,0.31,29,0.7,0.0,0.350,-160.0,-81,HAYIR,HAYIR
2026-08-19 09:30:28.658,0.30,0.31,29,0.7,0.0,0.350,-160.0,-82,HAYIR,HAYIR
2026-08-19 09:30:28.678,0.30,0.31,29,0.7,0.0,0.350,-160.0,-84,HAYIR,HAYIR
2026-08-19 09:30:28.698,0.30,0.31,29,0.8,0.0,0.350,-160.0,-85,HAYIR,HAYIR
2026-08-19 09:30:28.718,0.30,0.31,29,0.8,0.0,0.350,-160.0,-86,HAYIR,HAYIR
2026-08-19 09:30:28.738,0.30,0.31,29,0.8,0.0,0.350,-160.0,-87,HAYIR,HAYIR
2026-08-19 09:30:28.758,0.30,0.31,29,0.8,0.0,0.350,-160.0,-88,HAYIR,HAYIR
2026-08-19 09:30:28.778,0.30,0.31,29,0.8,0.0,0.350,-160.0,-90,HAYIR,HAYIR
2026-08-19 09:30:28.798,0.30,0.31,29,0.8,0.0,0.350,-160.0,-91,HAYIR,HAYIR
2026-08-19 09:30:28.818,0.30,0.31,29,0.9,0.0,0.350,-160.0,-92,HAYIR,HAYIR
2026-08-19 09:30:28.838,0.30,0.31,29,0.9,0.0,0.350,-160.0,-93,HAYIR,HAYIR
2026-08-19 09:30:28.858,0.30,0.31,29,0.9,0.0,0.350,-160.0,-94,HAYIR,HAYIR
2026-08-19 09:30:28.878,0.30,0.31,29,0.9,0.0,0.350,-160.0,-96,HAYIR,HAYIR
2026-08-19 09:30:28.898,0.30,0.31,29,0.9,0.0,0.350,-160.0,-97,HAYIR,HAYIR
2026-08-19 09:30:28.918,0.30,0.30,29,1.0,0.0,0.350,-160.0,-98,HAYIR,HAYIR
2026-08-19 09:30:28.938,0.30,0.30,29,1.0,0.0,0.350,-160.0,-99,HAYIR,HAYIR
2026-08-19 09:30:28.958,0.30,0.30,29,1.0,0.0,0.350,-160.0,-100,HAYIR,HAYIR
2026-08-19 09:30:28.978,0.30,0.30,29,1.0,0.0,0.350,-160.0,-102,HAYIR,HAYIR
2026-08-19 09:30:28.998,0.30,0.30,29,1.1,0.0,0.350,-160.0,-103,HAYIR,HAYIR
2026-08-19 09:30:29.018,0.30,0.30,29,1.1,0.0,0.350,-160.0,-104,HAYIR,HAYIR
2026-08-19 09:30:29.038,0.30,0.30,29,1.1,0.0,0.350,-160.0,-105,HAYIR,HAYIR
2026-08-19 09:30:29.058,0.30,0.30,29,1.1,0.0,0.350,-160.0,-106,HAYIR,HAYIR
2026-08-19 09:30:29.078,0.30,0.30,29,1.1,0.0,0.350,-160.0,-108,HAYIR,HAYIR
2026-08-19 09:30:29.098,0.30,0.30,29,1.2,0.0,0.350,-160.0,-109,HAYIR,HAYIR
2026-08-19 09:30:29.118,0.30,0.30,29,1.2,0.0,0.350,-160.0,-110,HAYIR,HAYIR
2026-08-19 09:30:29.138,0.30,0.30,29,1.2,0.0,0.350,-160.0,-111,HAYIR,HAYIR
2026-08-19 09:30:29.158,0.30,0.30,29,1.2,0.0,0.350,-160.0,-112,HAYIR,HAYIR
2026-08-19 09:30:29.178,0.30,0.30,29,1.2,0.0,0.350,-160.0,-114,HAYIR,HAYIR
2026-08-19 09:30:29.198,0.30,0.30,29,1.2,0.0,0.350,-160.0,-115,HAYIR,HAYIR
2026-08-19 09:30:29.218,0.30,0.30,29,1.3,0.0,0.350,-160.0,-116,HAYIR,HAYIR
2026-08-19 09:30:29.238,0.30,0.30,29,1.3,0.0,0.350,-160.0,-117,HAYIR,HAYIR
2026-08-19 09:30:29.258,0.30,0.30,29,1.3,0.0,0.350,-160.0,-118,HAYIR,HAYIR
2026-08-19 09:30:29.278,0.30,0.30,29,1.3,0.0,0.350,-160.0,-120,HAYIR,HAYIR
2026-08-19 09:30:29.298,0.30,0.30,29,1.3,0.0,0.350,-160.0,-121,HAYIR,HAYIR
2026-08-19 09:30:29.318,0.30,0.30,29,1.4,0.0,0.350,-160.0,-122,HAYIR,HAYIR
2026-08-19 09:30:29.338,0.30,0.30,29,1.4,0.0,0.350,-160.0,-123,HAYIR,HAYIR
2026-08-19 09:30:29.358,0.30,0.30,29,1.4,0.0,0.350,-160.0,-124,HAYIR,HAYIR
2026-08-19 09:30:29.378,0.30,0.30,29,1.4,0.0,0.350,-160.0,-126,HAYIR,HAYIR
2026-08-19 09:30:29.398,0.30,0.30,29,1.4,0.0,0.350,-160.0,-127,HAYIR,HAYIR
2026-08-19 09:30:29.418,0.30,0.30,29,1.5,0.0,0.350,-160.0,-128,HAYIR,HAYIR
2026-08-19 09:30:29.438,0.30,0.30,29,1.5,0.0,0.350,-160.0,-129,HAYIR,HAYIR
2026-08-19 09:30:29.458,0.30,0.30,30,1.5,0.0,0.350,-160.0,-130,HAYIR,HAYIR
2026-08-19 09:30:29.478,0.30,0.30,30,1.5,0.0,0.350,-160.0,-132,HAYIR,HAYIR
2026-08-19 09:30:29.498,0.30,0.30,30,1.6,0.0,0.350,-160.0,-133,HAYIR,HAYIR
2026-08-19 09:30:29.518,0.30,0.30,30,1.6,0.0,0.350,-160.0,-134,HAYIR,HAYIR
2026-08-19 09:30:29.538,0.30,0.30,30,1.6,0.0,0.350,-160.0,-135,HAYIR,HAYIR
2026-08-19 09:30:29.558,0.30,0.30,30,1.6,0.0,0.350,-160.0,-136,HAYIR,HAYIR
2026-08-19 09:30:29.578,0.30,0.30,30,1.6,0.0,0.350,-160.0,-138,HAYIR,HAYIR
2026-08-19 09:30:29.598,0.30,0.30,30,1.7,0.0,0.350,-160.0,-139,HAYIR,HAYIR
2026-08-19 09:30:29.618,0.30,0.30,30,1.7,0.0,0.350,-160.0,-140,HAYIR,HAYIR
2026-08-19 09:30:29.638,0.30,0.31,30,1.7,0.0,0.350,-160.0,-141,HAYIR,HAYIR
2026-08-19 09:30:29.658,0.30,0.31,30,1.7,0.0,0.350,-160.0,-142,HAYIR,HAYIR
2026-08-19 09:30:29.678,0.30,0.31,30,1.7,0.0,0.350,-160.0,-144,HAYIR,HAYIR
2026-08-19 09:30:29.698,0.30,0.31,30,1.8,0.0,0.350,-160.0,-145,HAYIR,HAYIR
2026-08-19 09:30:29.718,0.30,0.31,30,1.8,0.0,0.350,-160.0,-146,HAYIR,HAYIR
2026-08-19 09:30:29.738,0.30,0.31,30,1.8,0.0,0.350,-160.0,-147,HAYIR,HAYIR
2026-08-19 09:30:29.758,0.30,0.31,30,1.8,0.0,0.350,-160.0,-148,HAYIR,HAYIR
2026-08-19 09:30:29.778,0.30,0.31,30,1.8,0.0,0.350,-160.0,-150,HAYIR,HAYIR
2026-08-19 09:30:29.798,0.30,0.31,30,1.8,0.0,0.350,-160.0,-151,HAYIR,HAYIR
2026-08-19 09:30:29.818,0.30,0.31,30,1.9,0.0,0.350,-160.0,-152,HAYIR,HAYIR
2026-08-19 09:30:29.838,0.30,0.31,30,1.9,0.0,0.350,-160.0,-153,HAYIR,HAYIR
2026-08-19 09:30:29.858,0.30,0.31,30,1.9,0.0,0.350,-160.0,-154,HAYIR,HAYIR
2026-08-19 09:30:29.878,0.30,0.31,30,1.9,0.0,0.350,-160.0,-156,HAYIR,HAYIR
2026-08-19 09:30:29.898,0.30,0.31,30,1.9,0.0,0.350,-160.0,-157,HAYIR,HAYIR
2026-08-19 09:30:29.918,0.30,0.31,30,2.0,0.0,0.350,-160.0,-158,HAYIR,HAYIR
2026-08-19 09:30:29.938,0.30,0.31,30,2.0,0.0,0.350,-160.0,-159,HAYIR,HAYIR
2026-08-19 09:30:29.958,0.30,0.31,30,2.0,0.0,0.350,-160.0,-160,HAYIR,HAYIR
2026-08-19 09:30:29.978,0.30,0.32,30,2.0,0.0,0.350,-160.0,-160,HAYIR,HAYIR
2026-08-19 09:30:29.998,0.30,0.32,30,2.0,0.0,0.350,-160.0,-160,HAYIR,HAYIR
2026-08-19 09:30:30.018,0.30,0.32,30,2.0,0.0,0.350,-160.0,-160,HAYIR,HAYIR
2026-08-19 09:30:30.038,0.30,0.32,30,2.0,0.0,0.350,-160.0,-160,HAYIR,HAYIR
2026-08-19 09:30:30.058,0.30,0.32,30,2.0,0.0,0.350,-160.0,-160,HAYIR,HAYIR
2026-08-19 09:30:30.078,0.30,0.32,30,2.0,0.0,0.350,-160.0,-160,HAYIR,HAYIR
2026-08-19 09:30:30.098,0.30,0.32,30,2.0,0.0,0.350,-160.0,-160,HAYIR,HAYIR
2026-08-19 09:30:30.118,0.30,0.32,30,2.0,0.0,0.350,-160.0,-160,HAYIR,HAYIR
2026-08-19 09:30:30.138,0.30,0.32,30,2.0,0.0,0.350,-160.0,-160,HAYIR,HAYIR
2026-08-19 09:30:30.158,0.30,0.32,30,2.0,0.0,0.350,-160.0,-160,HAYIR,HAYIR
2026-08-19 09:30:30.178,0.30,0.32,30,2.0,0.0,0.350,-160.0,-160,HAYIR,HAYIR
2026-08-19 09:30:30.198,0.30,0.32,30,2.0,0.0,0.350,-160.0,-160,HAYIR,HAYIR
2026-08-19 09:30:30.218,0.30,0.32,30,2.0,0.0,0.350,-160.0,-160,HAYIR,HAYIR
2026-08-19 09:30:30.238,0.30,0.32,30,2.0,0.0,0.350,-160.0,-160,HAYIR,HAYIR
2026-08-19 09:30:30.258,0.30,0.32,30,2.0,0.0,0.350,-160.0,-160,HAYIR,HAYIR
2026-08-19 09:30:30.278,0.30,0.32,30,2.0,0.0,0.350,-160.0,-160,HAYIR,HAYIR
2026-08-19 09:30:30.298,0.30,0.32,30,2.0,0.0,0.350,-160.0,-160,HAYIR,HAYIR
2026-08-19 09:30:30.318,0.30,0.32,30,2.0,0.0,0.350,-160.0,-160,HAYIR,HAYIR
2026-08-19 09:30:30.338,0.30,0.32,30,2.0,0.0,0.350,-160.0,-160,HAYIR,HAYIR
2026-08-19 09:30:30.358,0.30,0.32,30,2.0,0.0,0.350,-160.0,-160,HAYIR,HAYIR
2026-08-19 09:30:30.378,0.30,0.32,30,2.0,0.0,0.350,-160.0,-160,HAYIR,HAYIR
2026-08-19 09:30:30.398,0.30,0.32,30,2.0,0.0,0.350,-160.0,-160,HAYIR,HAYIR
2026-08-19 09:30:30.418,0.30,0.32,30,2.0,0.0,0.350,-160.0,-160,HAYIR,HAYIR
2026-08-19 09:30:30.438,0.30,0.32,30,2.0,0.0,0.350,-160.0,-160,HAYIR,HAYIR
2026-08-19 09:30:30.458,0.30,0.32,30,2.0,0.0,0.350,-160.0,-160,HAYIR,HAYIR
2026-08-19 09:30:30.478,0.30,0.32,30,2.0,0.0,0.350,-160.0,-160,HAYIR,HAYIR
2026-08-19 09:30:30.498,0.30,0.32,30,2.0,0.0,0.350,-160.0,-160,HAYIR,HAYIR
2026-08-19 09:30:30.518,0.30,0.32,30,2.0,0.0,0.350,-160.0,-160,HAYIR,HAYIR
2026-08-19 09:30:30.538,0.30,0.32,30,2.0,0.0,0.350,-160.0,-160,HAYIR,HAYIR
2026-08-19 09:30:30.558,0.30,0.32,30,2.0,0.0,0.350,-160.0,-160,HAYIR,HAYIR
2026-08-19 09:30:30.578,0.30,0.32,30,2.0,0.0,0.350,-160.0,-160,HAYIR,HAYIR
2026-08-19 09:30:30.598,0.30,0.32,30,2.0,0.0,0.350,-160.0,-160,HAYIR,HAYIR
2026-08-19 09:30:30.618,0.30,0.32,30,2.0,0.0,0.350,-160.0,-160,HAYIR,HAYIR
2026-08-19 09:30:30.638,0.30,0.32,30,2.0,0.0,0.350,-160.0,-160,HAYIR,HAYIR
2026-08-19 09:30:30.658,0.30,0.32,30,2.0,0.0,0.350,-160.0,-160,HAYIR,HAYIR
2026-08-19 09:30:30.678,0.30,0.32,30,2.0,0.0,0.350,-160.0,-160,HAYIR,HAYIR
2026-08-19 09:30:30.698,0.30,0.32,30,2.0,0.0,0.350,-160.0,-160,HAYIR,HAYIR
2026-08-19 09:30:30.718,0.30,0.32,30,2.0,0.0,0.350,-160.0,-160,HAYIR,HAYIR
2026-08-19 09:30:30.738,0.30,0.32,30,2.0,0.0,0.350,-160.0,-160,HAYIR,HAYIR
2026-08-19 09:30:30.758,0.30,0.32,30,2.0,0.0,0.350,-160.0,-160,HAYIR,HAYIR
2026-08-19 09:30:30.778,0.30,0.32,30,2.0,0.0,0.350,-160.0,-160,HAYIR,HAYIR
2026-08-19 09:30:30.798,0.30,0.32,30,2.0,0.0,0.350,-160.0,-160,HAYIR,HAYIR
2026-08-19 09:30:30.818,0.30,0.32,30,2.0,0.0,0.350,-160.0,-160,HAYIR,HAYIR
2026-08-19 09:30:30.838,0.30,0.32,30,2.0,0.0,0.350,-160.0,-160,HAYIR,HAYIR
2026-08-19 09:30:30.858,0.30,0.32,30,2.0,0.0,0.350,-160.0,-160,HAYIR,HAYIR
2026-08-19 09:30:30.878,0.30,0.32,30,2.0,0.0,0.350,-160.0,-160,HAYIR,HAYIR
2026-08-19 09:30:30.898,0.30,0.32,30,2.0,0.0,0.350,-160.0,-160,HAYIR,HAYIR
2026-08-19 09:30:30.918,0.30,0.32,30,2.0,0.0,0.350,-160.0,-160,HAYIR,HAYIR
2026-08-19 09:30:30.938,0.30,0.32,30,2.0,0.0,0.350,-160.0,-160,HAYIR,HAYIR
2026-08-19 09:30:30.958,0.30,0.32,30,2.0,0.0,0.350,-160.0,-160,HAYIR,HAYIR
2026-08-19 09:30:30.978,0.30,0.32,30,2.0,0.0,0.350,-160.0,-160,HAYIR,HAYIR
2026-08-19 09:30:30.998,0.30,0.32,30,2.0,0.0,0.350,-160.0,-160,HAYIR,HAYIR
2026-08-19 09:30:31.018,0.30,0.32,30,2.0,0.0,0.350,-160.0,-160,HAYIR,HAYIR
2026-08-19 09:30:31.038,0.30,0.32,30,2.0,0.0,0.350,-160.0,-160,HAYIR,HAYIR
2026-08-19 09:30:31.058,0.30,0.32,30,2.0,0.0,0.350,-160.0,-160,HAYIR,HAYIR
2026-08-19 09:30:31.078,0.30,0.32,30,2.0,0.0,0.350,-160.0,-160,HAYIR,HAYIR
2026-08-19 09:30:31.098,0.30,0.32,30,2.0,0.0,0.350,-160.0,-160,HAYIR,HAYIR
2026-08-19 09:30:31.118,0.30,0.32,30,2.0,0.0,0.350,-160.0,-160,HAYIR,HAYIR
2026-08-19 09:30:31.138,0.30,0.32,30,2.0,0.0,0.350,-160.0,-160,HAYIR,HAYIR
2026-08-19 09:30:31.158,0.30,0.32,30,2.0,0.0,0.350,-160.0,-160,HAYIR,HAYIR
2026-08-19 09:30:31.178,0.30,0.32,30,2.0,0.0,0.350,-160.0,-160,HAYIR,HAYIR
2026-08-19 09:30:31.198,0.30,0.32,30,2.0,0.0,0.350,-160.0,-160,HAYIR,HAYIR
2026-08-19 09:30:31.218,0.30,0.32,30,2.0,0.0,0.350,-160.0,-160,HAYIR,HAYIR
2026-08-19 09:30:31.238,0.30,0.32,30,2.0,0.0,0.350,-160.0,-160,HAYIR,HAYIR
2026-08-19 09:30:31.258,0.30,0.32,30,2.0,0.0,0.350,-160.0,-160,HAYIR,HAYIR
2026-08-19 09:30:31.278,0.30,0.32,30,2.0,0.0,0.350,-160.0,-160,HAYIR,HAYIR
2026-08-19 09:30:31.298,0.30,0.32,30,2.0,0.0,0.350,-160.0,-160,HAYIR,HAYIR
2026-08-19 09:30:31.318,0.30,0.32,30,2.0,0.0,0.350,-160.0,-160,HAYIR,HAYIR
2026-08-19 09:30:31.338,0.30,0.32,30,2.0,0.0,0.350,-160.0,-160,HAYIR,HAYIR
2026-08-19 09:30:31.358,0.30,0.32,30,2.0,0.0,0.350,-160.0,-160,HAYIR,HAYIR
2026-08-19 09:30:31.378,0.30,0.32,30,2.0,0.0,0.350,-160.0,-160,HAYIR,HAYIR
2026-08-19 09:30:31.398,0.30,0.32,30,2.0,0.0,0.350,-160.0,-160,HAYIR,HAYIR
2026-08-19 09:30:31.418,0.30,0.32,30,2.0,0.0,0.350,-160.0,-160,HAYIR,HAYIR
2026-08-19 09:30:31.438,0.30,0.32,30,2.0,0.0,0.350,-160.0,-160,HAYIR,HAYIR
2026-08-19 09:30:31.458,0.30,0.32,30,2.0,0.0,0.350,-160.0,-160,HAYIR,HAYIR
2026-08-19 09:30:31.478,0.30,0.32,30,2.0,0.0,0.350,-160.0,-160,HAYIR,HAYIR
2026-08-19 09:30:31.498,0.30,0.32,30,2.0,0.0,0.350,-160.0,-160,HAYIR,HAYIR
2026-08-19 09:30:31.518,0.30,0.32,30,2.0,0.0,0.350,-160.0,-160,HAYIR,HAYIR
2026-08-19 09:30:31.538,0.30,0.32,30,2.0,0.0,0.350,-160.0,-160,HAYIR,HAYIR
2026-08-19 09:30:31.558,0.30,0.32,30,2.0,0.0,0.350,-160.0,-160,HAYIR,HAYIR
2026-08-19 09:30:31.578,0.30,0.32,30,2.0,0.0,0.350,-160.0,-160,HAYIR,HAYIR
2026-08-19 09:30:31.598,0.30,0.32,30,2.0,0.0,0.350,-160.0,-160,HAYIR,HAYIR
2026-08-19 09:30:31.618,0.30,0.32,30,2.0,0.0,0.350,-160.0,-160,HAYIR,HAYIR
2026-08-19 09:30:31.638,0.30,0.32,30,2.0,0.0,0.350,-160.0,-160,HAYIR,HAYIR
2026-08-19 09:30:31.658,0.30,0.32,30,2.0,0.0,0.350,-160.0,-160,HAYIR,HAYIR
2026-08-19 09:30:31.678,0.30,0.32,30,2.0,0.0,0.350,-160.0,-160,HAYIR,HAYIR
2026-08-19 09:30:31.698,0.30,0.32,30,2.0,0.0,0.350,-160.0,-160,HAYIR,HAYIR
2026-08-19 09:30:31.718,0.30,0.32,30,2.0,0.0,0.350,-160.0,-160,HAYIR,HAYIR
2026-08-19 09:30:31.738,0.30,0.32,30,2.0,0.0,0.350,-160.0,-160,HAYIR,HAYIR
2026-08-19 09:30:31.758,0.30,0.32,30,2.0,0.0,0.350,-160.0,-160,HAYIR,HAYIR
2026-08-19 09:30:31.778,0.30,0.32,30,2.0,0.0,0.350,-160.0,-160,HAYIR,HAYIR
2026-08-19 09:30:31.798,0.30,0.32,30,2.0,0.0,0.350,-160.0,-160,HAYIR,HAYIR
2026-08-19 09:30:31.818,0.30,0.32,30,2.0,0.0,0.350,-160.0,-160,HAYIR,HAYIR
2026-08-19 09:30:31.838,0.30,0.32,30,2.0,0.0,0.350,-160.0,-160,HAYIR,HAYIR
2026-08-19 09:30:31.858,0.30,0.32,30,2.0,0.0,0.350,-160.0,-160,HAYIR,HAYIR
2026-08-19 09:30:31.878,0.30,0.32,30,2.0,0.0,0.350,-160.0,-160,HAYIR,HAYIR
2026-08-19 09:30:31.898,0.30,0.32,30,2.0,0.0,0.350,-160.0,-160,HAYIR,HAYIR
2026-08-19 09:30:31.918,0.30,0.32,30,2.0,0.0,0.350,-160.0,-160,HAYIR,HAYIR
2026-08-19 09:30:31.938,0.30,0.32,30,2.0,0.0,0.350,-160.0,-160,HAYIR,HAYIR
2026-08-19 09:30:31.958,0.30,0.32,30,2.0,0.0,0.350,-160.0,-160,HAYIR,HAYIR
2026-08-19 09:30:31.978,0.30,0.32,30,2.0,0.0,0.350,-160.0,-160,HAYIR,HAYIR
2026-08-19 09:30:31.998,0.30,0.31,30,2.0,0.0,0.350,-160.0,-160,HAYIR,HAYIR
2026-08-19 09:30:32.018,0.30,0.31,30,2.0,0.0,0.350,-160.0,-160,HAYIR,HAYIR
2026-08-19 09:30:32.038,0.30,0.31,30,2.0,0.0,0.350,-160.0,-160,HAYIR,HAYIR
2026-08-19 09:30:32.058,0.30,0.31,30,2.0,0.0,0.350,-160.0,-160,HAYIR,HAYIR
2026-08-19 09:30:32.078,0.30,0.31,30,2.0,0.0,0.350,-160.0,-160,HAYIR,HAYIR
2026-08-19 09:30:32.098,0.30,0.31,30,2.0,0.0,0.350,-160.0,-160,HAYIR,HAYIR
2026-08-19 09:30:32.118,0.30,0.31,30,2.0,0.0,0.350,-160.0,-160,HAYIR,HAYIR
2026-08-19 09:30:32.138,0.30,0.31,30,2.0,0.0,0.350,-160.0,-160,HAYIR,HAYIR
2026-08-19 09:30:32.158,0.30,0.31,30,2.0,0.0,0.350,-160.0,-160,HAYIR,HAYIR
2026-08-19 09:30:32.178,0.30,0.31,30,2.0,0.0,0.350,-160.0,-160,HAYIR,HAYIR
2026-08-19 09:30:32.198,0.30,0.31,30,2.0,0.0,0.350,-160.0,-160,HAYIR,HAYIR
2026-08-19 09:30:32.218,0.30,0.31,30,2.0,0.0,0.350,-160.0,-160,HAYIR,HAYIR
2026-08-19 09:30:32.238,0.30,0.31,30,2.0,0.0,0.350,-160.0,-160,HAYIR,HAYIR
2026-08-19 09:30:32.258,0.30,0.31,30,2.0,0.0,0.350,-160.0,-160,HAYIR,HAYIR
2026-08-19 09:30:32.278,0.30,0.31,30,2.0,0.0,0.350,-160.0,-160,HAYIR,HAYIR
2026-08-19 09:30:32.298,0.30,0.29,30,2.0,0.0,0.350,-160.0,-160,HAYIR,HAYIR
2026-08-19 09:30:32.318,0.30,0.29,30,2.0,0.0,0.350,-160.0,-160,HAYIR,HAYIR
2026-08-19 09:30:32.338,0.30,0.29,30,2.0,0.0,0.350,-160.0,-160,HAYIR,HAYIR
2026-08-19 09:30:32.358,0.30,0.29,30,2.0,0.0,0.350,-160.0,-160,HAYIR,HAYIR
2026-08-19 09:30:32.378,0.30,0.29,30,2.0,0.0,0.350,-160.0,-160,HAYIR,HAYIR
2026-08-19 09:30:32.398,0.30,0.29,30,2.0,0.0,0.350,-160.0,-160,HAYIR,HAYIR
2026-08-19 09:30:32.418,0.30,0.29,30,2.0,0.0,0.350,-160.0,-160,HAYIR,HAYIR
2026-08-19 09:30:32.438,0.30,0.29,30,2.0,0.0,0.350,-160.0,-160,HAYIR,HAYIR
2026-08-19 09:30:32.458,0.30,0.29,30,2.0,0.0,0.350,-160.0,-160,HAYIR,HAYIR
2026-08-19 09:30:32.478,0.30,0.29,30,2.0,0.0,0.350,-160.0,-160,HAYIR,HAYIR
2026-08-19 09:30:32.498,0.30,0.29,30,2.0,0.0,0.350,-160.0,-160,HAYIR,HAYIR
2026-08-19 09:30:32.518,0.30,0.29,30,2.0,0.0,0.350,-160.0,-160,HAYIR,HAYIR
2026-08-19 09:30:32.538,0.30,0.29,30,2.0,0.0,0.350,-160.0,-160,HAYIR,HAYIR
2026-08-19 09:30:32.558,0.30,0.29,30,2.0,0.0,0.350,-160.0,-160,HAYIR,HAYIR
2026-08-19 09:30:32.578,0.30,0.27,30,2.0,0.0,0.350,-160.0,-160,HAYIR,HAYIR
2026-08-19 09:30:32.598,0.30,0.27,30,2.0,0.0,0.350,-160.0,-160,HAYIR,HAYIR
2026-08-19 09:30:32.618,0.30,0.27,30,2.0,0.0,0.350,-160.0,-160,HAYIR,HAYIR
2026-08-19 09:30:32.638,0.30,0.27,30,2.0,0.0,0.350,-160.0,-160,HAYIR,HAYIR
2026-08-19 09:30:32.658,0.30,0.27,30,2.0,0.0,0.350,-160.0,-160,HAYIR,HAYIR
2026-08-19 09:30:32.678,0.30,0.27,30,2.0,0.0,0.350,-160.0,-160,HAYIR,HAYIR
2026-08-19 09:30:32.698,0.30,0.27,30,2.0,0.0,0.350,-160.0,-160,HAYIR,HAYIR
2026-08-19 09:30:32.718,0.30,0.27,30,2.0,0.0,0.350,-160.0,-160,HAYIR,HAYIR
2026-08-19 09:30:32.738,0.30,0.27,30,2.0,0.0,0.350,-160.0,-160,HAYIR,HAYIR
2026-08-19 09:30:32.758,0.30,0.27,30,2.0,0.0,0.350,-160.0,-160,HAYIR,HAYIR
2026-08-19 09:30:32.778,0.30,0.27,30,2.0,0.0,0.350,-160.0,-160,HAYIR,HAYIR
2026-08-19 09:30:32.798,0.30,0.27,30,2.0,0.0,0.350,-160.0,-160,HAYIR,HAYIR
2026-08-19 09:30:32.818,0.30,0.27,30,2.0,0.0,0.350,-160.0,-160,HAYIR,HAYIR
2026-08-19 09:30:32.838,0.30,0.27,30,2.0,0.0,0.350,-160.0,-160,HAYIR,HAYIR
2026-08-19 09:30:32.858,0.30,0.27,30,2.0,0.0,0.350,-160.0,-160,HAYIR,HAYIR
2026-08-19 09:30:32.878,0.30,0.27,30,2.0,0.0,0.350,-160.0,-160,HAYIR,HAYIR
2026-08-19 09:30:32.898,0.30,0.27,30,2.0,0.0,0.350,-160.0,-160,HAYIR,HAYIR
2026-08-19 09:30:32.918,0.30,0.27,30,2.0,0.0,0.350,-160.0,-160,HAYIR,HAYIR
2026-08-19 09:30:32.938,0.30,0.27,30,2.0,0.0,0.350,-160.0,-160,HAYIR,HAYIR
2026-08-19 09:30:32.958,0.30,0.25,31,2.0,0.0,0.350,-160.0,-160,HAYIR,HAYIR
2026-08-19 09:30:32.978,0.30,0.25,30,2.0,0.0,0.350,-160.0,-160,HAYIR,HAYIR
2026-08-19 09:30:32.998,0.30,0.25,30,2.0,0.0,0.350,-160.0,-160,HAYIR,HAYIR
2026-08-19 09:30:33.018,0.30,0.25,30,2.0,0.0,0.350,-160.0,-160,HAYIR,HAYIR
2026-08-19 09:30:33.038,0.30,0.25,30,2.0,0.0,0.350,-160.0,-160,HAYIR,HAYIR
2026-08-19 09:30:33.058,0.30,0.25,30,2.0,0.0,0.350,-160.0,-160,HAYIR,HAYIR
2026-08-19 09:30:33.078,0.30,0.25,30,2.0,0.0,0.350,-160.0,-160,HAYIR,HAYIR
2026-08-19 09:30:33.098,0.30,0.25,30,2.0,0.0,0.350,-160.0,-160,HAYIR,HAYIR
2026-08-19 09:30:33.118,0.30,0.25,30,2.0,0.0,0.350,-160.0,-160,HAYIR,HAYIR
2026-08-19 09:30:33.138,0.30,0.25,30,2.0,0.0,0.350,-160.0,-160,HAYIR,HAYIR
2026-08-19 09:30:33.158,0.30,0.25,30,2.0,0.0,0.350,-160.0,-160,HAYIR,HAYIR
2026-08-19 09:30:33.178,0.30,0.25,30,2.0,0.0,0.350,-160.0,-160,HAYIR,HAYIR
2026-08-19 09:30:33.198,0.30,0.25,30,2.0,0.0,0.350,-160.0,-160,HAYIR,HAYIR
2026-08-19 09:30:33.218,0.30,0.25,30,2.0,0.0,0.350,-160.0,-160,HAYIR,HAYIR
2026-08-19 09:30:33.238,0.30,0.25,30,2.0,0.0,0.350,-160.0,-160,HAYIR,HAYIR
2026-08-19 09:30:33.258,0.30,0.22,31,2.0,0.0,0.350,-160.0,-160,HAYIR,HAYIR
2026-08-19 09:30:33.278,0.30,0.22,30,2.0,0.0,0.350,-160.0,-160,HAYIR,HAYIR
2026-08-19 09:30:33.298,0.30,0.22,30,2.0,0.0,0.350,-160.0,-160,HAYIR,HAYIR
2026-08-19 09:30:33.318,0.30,0.22,30,2.0,0.0,0.350,-160.0,-160,HAYIR,HAYIR
2026-08-19 09:30:33.338,0.30,0.22,30,2.0,0.0,0.350,-160.0,-160,HAYIR,HAYIR
2026-08-19 09:30:33.358,0.30,0.22,30,2.0,0.0,0.350,-160.0,-160,HAYIR,HAYIR
2026-08-19 09:30:33.378,0.30,0.22,30,2.0,0.0,0.350,-160.0,-160,HAYIR,HAYIR
2026-08-19 09:30:33.398,0.30,0.22,30,2.0,0.0,0.350,-160.0,-160,HAYIR,HAYIR
2026-08-19 09:30:33.418,0.30,0.22,30,2.0,0.0,0.350,-160.0,-160,HAYIR,HAYIR
2026-08-19 09:30:33.438,0.30,0.22,30,2.0,0.0,0.350,-160.0,-160,HAYIR,HAYIR
2026-08-19 09:30:33.458,0.30,0.22,30,2.0,0.0,0.350,-160.0,-160,HAYIR,HAYIR
2026-08-19 09:30:33.478,0.30,0.22,30,2.0,0.0,0.350,-160.0,-160,HAYIR,HAYIR
2026-08-19 09:30:33.498,0.30,0.22,30,2.0,0.0,0.350,-160.0,-160,HAYIR,HAYIR
2026-08-19 09:30:33.518,0.30,0.22,30,2.0,0.0,0.350,-160.0,-160,HAYIR,HAYIR
2026-08-19 09:30:33.538,0.30,0.22,30,2.0,0.0,0.350,-160.0,-160,HAYIR,HAYIR
2026-08-19 09:30:33.558,0.30,0.22,30,2.0,0.0,0.350,-160.0,-160,HAYIR,HAYIR
2026-08-19 09:30:33.578,0.30,0.22,30,2.0,0.0,0.350,-160.0,-160,HAYIR,HAYIR
2026-08-19 09:30:33.598,0.30,0.22,30,2.0,0.0,0.350,-160.0,-160,HAYIR,HAYIR
2026-08-19 09:30:33.618,0.30,0.22,30,2.0,0.0,0.350,-160.0,-160,HAYIR,HAYIR
2026-08-19 09:30:33.638,0.30,0.22,30,2.0,0.0,0.350,-160.0,-160,HAYIR,HAYIR
2026-08-19 09:30:33.658,0.30,0.22,30,2.0,0.0,0.350,-160.0,-160,HAYIR,HAYIR
2026-08-19 09:30:33.678,0.30,0.22,30,2.0,0.0,0.350,-160.0,-160,HAYIR,HAYIR
2026-08-19 09:30:33.698,0.30,0.22,30,2.0,0.0,0.350,-160.0,-160,HAYIR,HAYIR
2026-08-19 09:30:33.718,0.30,0.22,30,2.0,0.0,0.350,-160.0,-160,HAYIR,HAYIR
2026-08-19 09:30:33.738,0.30,0.22,30,2.0,0.0,0.350,-160.0,-160,HAYIR,HAYIR
2026-08-19 09:30:33.758,0.30,0.22,30,2.0,0.0,0.350,-160.0,-160,HAYIR,HAYIR
2026-08-19 09:30:33.778,0.30,0.22,30,2.0,0.0,0.350,-160.0,-160,HAYIR,HAYIR
2026-08-19 09:30:33.798,0.30,0.22,30,2.0,0.0,0.350,-160.0,-160,HAYIR,HAYIR
2026-08-19 09:30:33.818,0.30,0.22,30,2.0,0.0,0.350,-160.0,-160,HAYIR,HAYIR
2026-08-19 09:30:33.838,0.30,0.22,30,2.0,0.0,0.350,-160.0,-160,HAYIR,HAYIR
2026-08-19 09:30:33.858,0.30,0.22,30,2.0,0.0,0.350,-160.0,-160,HAYIR,HAYIR
2026-08-19 09:30:33.878,0.30,0.22,30,2.0,0.0,0.350,-160.0,-160,HAYIR,HAYIR
2026-08-19 09:30:33.898,0.30,0.22,30,2.0,0.0,0.350,-160.0,-160,HAYIR,HAYIR
2026-08-19 09:30:33.918,0.30,0.21,31,2.0,0.0,0.350,-160.0,-160,HAYIR,HAYIR
2026-08-19 09:30:33.938,0.30,0.21,30,2.0,0.0,0.350,-160.0,-160,HAYIR,HAYIR
2026-08-19 09:30:33.958,0.30,0.21,30,2.0,0.0,0.350,-160.0,-160,HAYIR,HAYIR
2026-08-19 09:30:33.978,0.30,0.21,30,2.0,0.0,0.350,-160.0,-160,HAYIR,HAYIR
2026-08-19 09:30:33.998,0.30,0.21,30,2.0,0.0,0.350,-160.0,-160,HAYIR,HAYIR
2026-08-19 09:30:34.018,0.30,0.21,30,2.0,0.0,0.350,-160.0,-160,HAYIR,HAYIR
2026-08-19 09:30:34.038,0.30,0.21,30,2.0,0.0,0.350,-160.0,-160,HAYIR,HAYIR
2026-08-19 09:30:34.058,0.30,0.21,30,2.0,0.0,0.350,-160.0,-160,HAYIR,HAYIR
2026-08-19 09:30:34.078,0.30,0.21,30,2.0,0.0,0.350,-160.0,-160,HAYIR,HAYIR
2026-08-19 09:30:34.098,0.30,0.21,30,2.0,0.0,0.350,-160.0,-160,HAYIR,HAYIR
2026-08-19 09:30:34.118,0.30,0.21,30,2.0,0.0,0.350,-160.0,-160,HAYIR,HAYIR
2026-08-19 09:30:34.138,0.30,0.21,30,2.0,0.0,0.350,-160.0,-160,HAYIR,HAYIR
2026-08-19 09:30:34.158,0.30,0.21,30,2.0,0.0,0.350,-160.0,-160,HAYIR,HAYIR
2026-08-19 09:30:34.178,0.30,0.21,30,2.0,0.0,0.350,-160.0,-160,HAYIR,HAYIR
2026-08-19 09:30:34.198,0.30,0.21,30,2.0,0.0,0.350,-160.0,-160,HAYIR,HAYIR
2026-08-19 09:30:34.218,0.30,0.21,30,2.0,0.0,0.350,-160.0,-160,HAYIR,HAYIR
2026-08-19 09:30:34.238,0.30,0.21,30,2.0,0.0,0.350,-160.0,-160,HAYIR,HAYIR
2026-08-19 09:30:34.258,0.30,0.21,30,2.0,0.0,0.350,-160.0,-160,HAYIR,HAYIR
2026-08-19 09:30:34.278,0.30,0.21,30,2.0,0.0,0.350,-160.0,-160,HAYIR,HAYIR
2026-08-19 09:30:34.298,0.30,0.21,30,2.0,0.0,0.350,-160.0,-160,HAYIR,HAYIR
2026-08-19 09:30:34.318,0.30,0.18,31,2.0,0.0,0.350,-160.0,-160,HAYIR,HAYIR
2026-08-19 09:30:34.338,0.30,0.18,30,2.0,0.0,0.350,-160.0,-160,HAYIR,HAYIR
2026-08-19 09:30:34.358,0.30,0.18,30,2.0,0.0,0.350,-160.0,-160,HAYIR,HAYIR
2026-08-19 09:30:34.378,0.30,0.18,30,2.0,0.0,0.350,-160.0,-160,HAYIR,HAYIR
2026-08-19 09:30:34.398,0.30,0.18,30,2.0,0.0,0.350,-160.0,-160,HAYIR,HAYIR
2026-08-19 09:30:34.418,0.30,0.18,30,2.0,0.0,0.350,-160.0,-160,HAYIR,HAYIR
2026-08-19 09:30:34.438,0.30,0.18,30,2.0,0.0,0.350,-160.0,-160,HAYIR,HAYIR
2026-08-19 09:30:34.458,0.30,0.18,30,2.0,0.0,0.350,-160.0,-160,HAYIR,HAYIR
2026-08-19 09:30:34.478,0.30,0.18,30,2.0,0.0,0.350,-160.0,-160,HAYIR,HAYIR
2026-08-19 09:30:34.498,0.30,0.18,30,2.0,0.0,0.350,-160.0,-160,HAYIR,HAYIR
2026-08-19 09:30:34.518,0.30,0.18,30,2.0,0.0,0.350,-160.0,-160,HAYIR,HAYIR
2026-08-19 09:30:34.538,0.30,0.18,30,2.0,0.0,0.350,-160.0,-160,HAYIR,HAYIR
2026-08-19 09:30:34.558,0.30,0.18,30,2.0,0.0,0.350,-160.0,-160,HAYIR,HAYIR
2026-08-19 09:30:34.578,0.30,0.18,30,2.0,0.0,0.350,-160.0,-160,HAYIR,HAYIR
2026-08-19 09:30:34.598,0.30,0.15,31,2.0,0.0,0.350,-160.0,-160,HAYIR,HAYIR
2026-08-19 09:30:34.618,0.30,0.15,30,2.0,0.0,0.350,-160.0,-160,HAYIR,HAYIR
2026-08-19 09:30:34.638,0.30,0.15,30,2.0,0.0,0.350,-160.0,-160,HAYIR,HAYIR
2026-08-19 09:30:34.658,0.30,0.15,30,2.0,0.0,0.350,-160.0,-160,HAYIR,HAYIR
2026-08-19 09:30:34.678,0.30,0.15,30,2.0,0.0,0.350,-160.0,-160,HAYIR,HAYIR
2026-08-19 09:30:34.698,0.30,0.15,30,2.0,0.0,0.350,-160.0,-160,HAYIR,HAYIR
2026-08-19 09:30:34.718,0.30,0.15,30,2.0,0.0,0.350,-160.0,-160,HAYIR,HAYIR
2026-08-19 09:30:34.738,0.30,0.15,30,2.0,0.0,0.350,-160.0,-160,HAYIR,HAYIR
2026-08-19 09:30:34.758,0.30,0.15,30,2.0,0.0,0.350,-160.0,-160,HAYIR,HAYIR
2026-08-19 09:30:34.778,0.30,0.15,30,2.0,0.0,0.350,-160.0,-160,HAYIR,HAYIR
2026-08-19 09:30:34.798,0.30,0.15,30,2.0,0.0,0.350,-160.0,-160,HAYIR,HAYIR
2026-08-19 09:30:34.818,0.30,0.15,30,2.0,0.0,0.350,-160.0,-160,HAYIR,HAYIR
2026-08-19 09:30:34.838,0.30,0.15,30,2.0,0.0,0.350,-160.0,-160,HAYIR,HAYIR
2026-08-19 09:30:34.858,0.30,0.15,30,2.0,0.0,0.350,-160.0,-160,HAYIR,HAYIR
2026-08-19 09:30:34.878,0.30,0.15,30,2.0,0.0,0.350,-160.0,-160,HAYIR,HAYIR
2026-08-19 09:30:34.898,0.30,0.15,30,2.0,0.0,0.350,-160.0,-160,HAYIR,HAYIR
2026-08-19 09:30:34.918,0.30,0.15,30,2.0,0.0,0.350,-160.0,-160,HAYIR,HAYIR
2026-08-19 09:30:34.938,0.30,0.15,30,2.0,0.0,0.350,-160.0,-160,HAYIR,HAYIR
2026-08-19 09:30:34.958,0.30,0.15,30,2.0,0.0,0.350,-160.0,-160,HAYIR,HAYIR
2026-08-19 09:30:34.978,0.30,0.15,30,2.0,0.0,0.350,-160.0,-160,HAYIR,HAYIR
2026-08-19 09:30:34.998,0.30,0.15,30,2.0,0.0,0.350,-160.0,-160,HAYIR,HAYIR
2026-08-19 09:30:35.018,0.30,0.15,30,2.0,0.0,0.350,-160.0,-160,HAYIR,HAYIR
2026-08-19 09:30:35.038,0.30,0.15,30,2.0,0.0,0.350,-160.0,-160,HAYIR,HAYIR
2026-08-19 09:30:35.058,0.30,0.15,30,2.0,0.0,0.350,-160.0,-160,HAYIR,HAYIR
2026-08-19 09:30:35.078,0.30,0.15,30,2.0,0.0,0.350,-160.0,-160,HAYIR,HAYIR
2026-08-19 09:30:35.098,0.30,0.15,30,2.0,0.0,0.350,-160.0,-160,HAYIR,HAYIR
2026-08-19 09:30:35.118,0.30,0.15,30,2.0,0.0,0.350,-160.0,-160,HAYIR,HAYIR
2026-08-19 09:30:35.138,0.30,0.15,30,2.0,0.0,0.350,-160.0,-160,HAYIR,HAYIR
2026-08-19 09:30:35.158,0.30,0.15,30,2.0,0.0,0.350,-160.0,-160,HAYIR,HAYIR
2026-08-19 09:30:35.178,0.30,0.15,30,2.0,0.0,0.350,-160.0,-160,HAYIR,HAYIR
2026-08-19 09:30:35.198,0.30,0.15,30,2.0,0.0,0.350,-160.0,-160,HAYIR,HAYIR
2026-08-19 09:30:35.218,0.30,0.15,30,2.0,0.0,0.350,-160.0,-160,HAYIR,HAYIR
2026-08-19 09:30:35.238,0.30,0.15,30,2.0,0.0,0.345,-160.0,-160,HAYIR,HAYIR
2026-08-19 09:30:35.258,0.30,0.15,30,2.0,0.0,0.345,-160.0,-160,HAYIR,HAYIR
2026-08-19 09:30:35.278,0.30,0.16,30,2.0,0.0,0.345,-160.0,-160,HAYIR,HAYIR
2026-08-19 09:30:35.298,0.30,0.16,30,2.0,0.0,0.345,-160.0,-160,HAYIR,HAYIR
2026-08-19 09:30:35.318,0.30,0.16,30,2.0,0.0,0.345,-160.0,-160,HAYIR,HAYIR
2026-08-19 09:30:35.338,0.30,0.16,30,2.0,0.0,0.350,-160.0,-160,HAYIR,HAYIR
2026-08-19 09:30:35.358,0.30,0.16,30,2.0,0.0,0.350,-160.0,-160,HAYIR,HAYIR
2026-08-19 09:30:35.378,0.30,0.16,30,2.0,0.0,0.350,-160.0,-160,HAYIR,HAYIR
2026-08-19 09:30:35.398,0.30,0.16,30,2.0,0.0,0.350,-160.0,-160,HAYIR,HAYIR
2026-08-19 09:30:35.418,0.30,0.16,30,2.0,0.0,0.350,-160.0,-160,HAYIR,HAYIR
2026-08-19 09:30:35.438,0.30,0.16,30,2.0,0.0,0.332,-160.0,-160,HAYIR,HAYIR
2026-08-19 09:30:35.458,0.30,0.16,30,2.0,0.0,0.332,-160.0,-160,HAYIR,HAYIR
2026-08-19 09:30:35.478,0.30,0.16,30,2.0,0.0,0.332,-160.0,-160,HAYIR,HAYIR
2026-08-19 09:30:35.498,0.30,0.16,30,2.0,0.0,0.332,-160.0,-160,HAYIR,HAYIR
2026-08-19 09:30:35.518,0.30,0.16,30,2.0,0.0,0.332,-160.0,-160,HAYIR,HAYIR
2026-08-19 09:30:35.538,0.30,0.16,30,2.0,0.0,0.322,-160.0,-160,HAYIR,HAYIR
2026-08-19 09:30:35.558,0.30,0.16,30,2.0,0.0,0.322,-160.0,-160,HAYIR,HAYIR
2026-08-19 09:30:35.578,0.30,0.16,30,2.0,0.0,0.322,-160.0,-160,HAYIR,HAYIR
2026-08-19 09:30:35.598,0.30,0.16,30,2.0,0.0,0.322,-160.0,-160,HAYIR,HAYIR
2026-08-19 09:30:35.618,0.30,0.16,30,2.0,0.0,0.322,-160.0,-160,HAYIR,HAYIR
2026-08-19 09:30:35.638,0.30,0.16,30,2.0,0.0,0.320,-160.0,-160,HAYIR,HAYIR
2026-08-19 09:30:35.658,0.30,0.17,30,2.0,0.0,0.320,-160.0,-160,HAYIR,HAYIR
2026-08-19 09:30:35.678,0.30,0.17,30,2.0,0.0,0.320,-160.0,-160,HAYIR,HAYIR
2026-08-19 09:30:35.698,0.30,0.17,30,2.0,0.0,0.320,-160.0,-160,HAYIR,HAYIR
2026-08-19 09:30:35.718,0.30,0.17,30,2.0,0.0,0.320,-160.0,-160,HAYIR,HAYIR
2026-08-19 09:30:35.738,0.30,0.17,30,2.0,0.0,0.339,-160.0,-160,HAYIR,HAYIR
2026-08-19 09:30:35.758,0.30,0.17,30,2.0,0.0,0.339,-160.0,-160,HAYIR,HAYIR
2026-08-19 09:30:35.778,0.30,0.17,30,2.0,0.0,0.339,-160.0,-160,HAYIR,HAYIR
2026-08-19 09:30:35.798,0.30,0.17,30,2.0,0.0,0.339,-160.0,-160,HAYIR,HAYIR
2026-08-19 09:30:35.818,0.30,0.17,30,2.0,0.0,0.339,-160.0,-160,HAYIR,HAYIR
2026-08-19 09:30:35.838,0.30,0.17,30,2.0,0.0,0.310,-160.0,-160,HAYIR,HAYIR
2026-08-19 09:30:35.858,0.30,0.17,30,2.0,0.0,0.310,-160.0,-160,HAYIR,HAYIR
2026-08-19 09:30:35.878,0.30,0.17,30,2.0,0.0,0.310,-160.0,-160,HAYIR,HAYIR
2026-08-19 09:30:35.898,0.30,0.17,30,2.0,0.0,0.310,-160.0,-160,HAYIR,HAYIR
2026-08-19 09:30:35.918,0.30,0.17,30,2.0,0.0,0.310,-160.0,-160,HAYIR,HAYIR
2026-08-19 09:30:35.938,0.30,0.16,31,2.0,0.0,0.303,-160.0,-160,HAYIR,HAYIR
2026-08-19 09:30:35.958,0.30,0.16,31,2.0,0.0,0.303,-160.0,-160,HAYIR,HAYIR
2026-08-19 09:30:35.978,0.30,0.16,31,2.0,0.0,0.314,-160.0,-160,HAYIR,HAYIR
2026-08-19 09:30:35.998,0.30,0.16,31,2.0,0.0,0.314,-160.0,-160,HAYIR,HAYIR
2026-08-19 09:30:36.018,0.30,0.16,31,2.0,0.0,0.314,-160.0,-160,HAYIR,HAYIR
2026-08-19 09:30:36.038,0.30,0.16,31,2.0,0.0,0.314,-160.0,-160,HAYIR,HAYIR
2026-08-19 09:30:36.058,0.30,0.16,31,2.0,0.0,0.314,-160.0,-160,HAYIR,HAYIR
2026-08-19 09:30:36.078,0.30,0.16,31,2.0,0.0,0.314,-160.0,-160,HAYIR,HAYIR
2026-08-19 09:30:36.098,0.30,0.16,31,2.0,0.0,0.314,-160.0,-160,HAYIR,HAYIR
2026-08-19 09:30:36.118,0.30,0.16,31,2.0,0.0,0.314,-160.0,-160,HAYIR,HAYIR
2026-08-19 09:30:36.138,0.30,0.16,31,2.0,0.0,0.290,-160.0,-160,HAYIR,HAYIR
2026-08-19 09:30:36.158,0.30,0.16,31,2.0,0.0,0.290,-160.0,-160,HAYIR,HAYIR
2026-08-19 09:30:36.178,0.30,0.16,31,2.0,0.0,0.290,-160.0,-160,HAYIR,HAYIR
2026-08-19 09:30:36.198,0.30,0.16,31,2.0,0.0,0.290,-160.0,-160,HAYIR,HAYIR
2026-08-19 09:30:36.218,0.30,0.16,31,2.0,0.0,0.290,-160.0,-160,HAYIR,HAYIR
2026-08-19 09:30:36.238,0.30,0.16,31,2.0,0.0,0.287,-160.0,-160,HAYIR,HAYIR
2026-08-19 09:30:36.258,0.30,0.16,31,2.0,0.0,0.287,-160.0,-160,HAYIR,HAYIR
2026-08-19 09:30:36.278,0.30,0.16,31,2.0,0.0,0.287,-160.0,-160,HAYIR,HAYIR
2026-08-19 09:30:36.298,0.30,0.16,31,2.0,0.0,0.287,-160.0,-160,HAYIR,HAYIR
2026-08-19 09:30:36.318,0.30,0.16,31,2.0,0.0,0.287,-160.0,-160,HAYIR,HAYIR
2026-08-19 09:30:36.338,0.30,0.15,31,2.0,0.0,0.281,-160.0,-160,HAYIR,HAYIR
2026-08-19 09:30:36.358,0.30,0.15,31,2.0,0.0,0.281,-160.0,-160,HAYIR,HAYIR
2026-08-19 09:30:36.378,0.30,0.15,31,2.0,0.0,0.305,-160.0,-160,HAYIR,HAYIR
2026-08-19 09:30:36.398,0.30,0.15,31,2.0,0.0,0.305,-160.0,-160,HAYIR,HAYIR
2026-08-19 09:30:36.418,0.30,0.15,31,2.0,0.0,0.305,-160.0,-160,HAYIR,HAYIR
2026-08-19 09:30:36.438,0.30,0.15,31,2.0,0.0,0.305,-160.0,-160,HAYIR,HAYIR
2026-08-19 09:30:36.458,0.30,0.15,31,2.0,0.0,0.305,-160.0,-160,HAYIR,HAYIR
2026-08-19 09:30:36.478,0.30,0.15,31,2.0,0.0,0.305,-160.0,-160,HAYIR,HAYIR
2026-08-19 09:30:36.498,0.30,0.15,31,2.0,0.0,0.305,-160.0,-160,HAYIR,HAYIR
2026-08-19 09:30:36.518,0.30,0.15,31,2.0,0.0,0.305,-160.0,-160,HAYIR,HAYIR
2026-08-19 09:30:36.538,0.30,0.15,31,2.0,0.0,0.269,-160.0,-160,HAYIR,HAYIR
2026-08-19 09:30:36.558,0.30,0.15,31,2.0,0.0,0.269,-160.0,-160,HAYIR,HAYIR
2026-08-19 09:30:36.578,0.30,0.15,31,2.0,0.0,0.269,-160.0,-160,HAYIR,HAYIR
2026-08-19 09:30:36.598,0.30,0.15,31,2.0,0.0,0.269,-160.0,-160,HAYIR,HAYIR
2026-08-19 09:30:36.618,0.30,0.15,31,2.0,0.0,0.269,-160.0,-160,HAYIR,HAYIR
2026-08-19 09:30:36.638,0.30,0.15,31,2.0,0.0,0.261,-160.0,-160,HAYIR,HAYIR
2026-08-19 09:30:36.658,0.30,0.15,31,2.0,0.0,0.261,-160.0,-160,HAYIR,HAYIR
2026-08-19 09:30:36.678,0.30,0.15,31,2.0,0.0,0.278,-160.0,-160,HAYIR,HAYIR
2026-08-19 09:30:36.698,0.30,0.15,31,2.0,0.0,0.278,-160.0,-160,HAYIR,HAYIR
2026-08-19 09:30:36.718,0.30,0.15,31,2.0,0.0,0.278,-160.0,-160,HAYIR,HAYIR
2026-08-19 09:30:36.738,0.30,0.15,31,2.0,0.0,0.278,-160.0,-160,HAYIR,HAYIR
2026-08-19 09:30:36.758,0.30,0.15,31,2.0,0.0,0.278,-160.0,-160,HAYIR,HAYIR
2026-08-19 09:30:36.778,0.30,0.15,31,2.0,0.0,0.278,-160.0,-160,HAYIR,HAYIR
2026-08-19 09:30:36.798,0.30,0.15,31,2.0,0.0,0.278,-160.0,-160,HAYIR,HAYIR
2026-08-19 09:30:36.818,0.30,0.15,31,2.0,0.0,0.278,-160.0,-160,HAYIR,HAYIR
2026-08-19 09:30:36.838,0.30,0.15,31,2.0,0.0,0.248,-160.0,-160,HAYIR,HAYIR
2026-08-19 09:30:36.858,0.30,0.15,31,2.0,0.0,0.248,-160.0,-160,HAYIR,HAYIR
2026-08-19 09:30:36.878,0.30,0.15,31,2.0,0.0,0.248,-160.0,-160,HAYIR,HAYIR
2026-08-19 09:30:36.898,0.30,0.15,31,2.0,0.0,0.248,-160.0,-160,HAYIR,HAYIR
2026-08-19 09:30:36.918,0.30,0.15,31,2.0,0.0,0.248,-160.0,-160,HAYIR,HAYIR
2026-08-19 09:30:36.938,0.30,0.15,31,2.0,0.0,0.238,-160.0,-160,HAYIR,HAYIR
2026-08-19 09:30:36.958,0.30,0.15,31,2.0,0.0,0.238,-160.0,-160,HAYIR,HAYIR
2026-08-19 09:30:36.978,0.30,0.15,31,2.0,0.0,0.238,-160.0,-160,HAYIR,HAYIR
2026-08-19 09:30:36.998,0.30,0.15,31,2.0,0.0,0.238,-160.0,-160,HAYIR,HAYIR
2026-08-19 09:30:37.018,0.30,0.15,31,2.0,0.0,0.238,-160.0,-160,HAYIR,HAYIR
2026-08-19 09:30:37.038,0.30,0.15,31,2.0,0.0,0.254,-160.0,-160,HAYIR,HAYIR
2026-08-19 09:30:37.058,0.30,0.15,31,2.0,0.0,0.254,-160.0,-160,HAYIR,HAYIR
2026-08-19 09:30:37.078,0.30,0.15,31,2.0,0.0,0.254,-160.0,-160,HAYIR,HAYIR
2026-08-19 09:30:37.098,0.30,0.15,31,2.0,0.0,0.254,-160.0,-160,HAYIR,HAYIR
2026-08-19 09:30:37.118,0.30,0.15,31,2.0,0.0,0.254,-160.0,-160,HAYIR,HAYIR
2026-08-19 09:30:37.138,0.30,0.15,31,2.0,0.0,0.254,-160.0,-160,HAYIR,HAYIR
2026-08-19 09:30:37.158,0.30,0.15,31,2.0,0.0,0.254,-160.0,-160,HAYIR,HAYIR
2026-08-19 09:30:37.178,0.30,0.15,31,2.0,0.0,0.254,-160.0,-160,HAYIR,HAYIR
2026-08-19 09:30:37.198,0.30,0.15,31,2.0,0.0,0.254,-160.0,-160,HAYIR,HAYIR
2026-08-19 09:30:37.218,0.30,0.15,31,2.0,0.0,0.254,-160.0,-160,HAYIR,HAYIR
2026-08-19 09:30:37.238,0.30,0.15,31,2.0,0.0,0.211,-160.0,-160,HAYIR,HAYIR
2026-08-19 09:30:37.258,0.30,0.15,31,2.0,0.0,0.211,-160.0,-160,HAYIR,HAYIR
2026-08-19 09:30:37.278,0.30,0.15,31,2.0,0.0,0.211,-160.0,-160,HAYIR,HAYIR
2026-08-19 09:30:37.298,0.30,0.17,30,2.0,0.0,0.211,-160.0,-160,HAYIR,HAYIR
2026-08-19 09:30:37.318,0.30,0.17,31,2.0,0.0,0.211,-160.0,-160,HAYIR,HAYIR
2026-08-19 09:30:37.338,0.30,0.17,31,2.0,0.0,0.226,-160.0,-160,HAYIR,HAYIR
2026-08-19 09:30:37.358,0.30,0.17,31,2.0,0.0,0.226,-160.0,-160,HAYIR,HAYIR
2026-08-19 09:30:37.378,0.30,0.17,31,2.0,0.0,0.226,-160.0,-160,HAYIR,HAYIR
2026-08-19 09:30:37.398,0.30,0.17,31,2.0,0.0,0.226,-160.0,-160,HAYIR,HAYIR
2026-08-19 09:30:37.418,0.30,0.17,31,2.0,0.0,0.226,-160.0,-160,HAYIR,HAYIR
2026-08-19 09:30:37.438,0.30,0.17,31,2.0,0.0,0.226,-160.0,-160,HAYIR,HAYIR
2026-08-19 09:30:37.458,0.30,0.17,31,2.0,0.0,0.226,-160.0,-160,HAYIR,HAYIR
2026-08-19 09:30:37.478,0.30,0.17,31,2.0,0.0,0.226,-160.0,-160,HAYIR,HAYIR
2026-08-19 09:30:37.498,0.30,0.17,31,2.0,0.0,0.226,-160.0,-160,HAYIR,HAYIR
2026-08-19 09:30:37.518,0.30,0.17,31,2.0,0.0,0.226,-160.0,-160,HAYIR,HAYIR
2026-08-19 09:30:37.538,0.30,0.17,31,2.0,0.0,0.181,-160.0,-160,HAYIR,HAYIR
2026-08-19 09:30:37.558,0.30,0.17,31,2.0,0.0,0.181,-160.0,-160,HAYIR,HAYIR
2026-08-19 09:30:37.578,0.30,0.17,31,2.0,0.0,0.181,-160.0,-160,HAYIR,HAYIR
2026-08-19 09:30:37.598,0.30,0.17,31,2.0,0.0,0.181,-160.0,-160,HAYIR,HAYIR
2026-08-19 09:30:37.618,0.30,0.17,31,2.0,0.0,0.181,-160.0,-160,HAYIR,HAYIR
2026-08-19 09:30:37.638,0.30,0.17,31,2.0,0.0,0.194,-160.0,-160,HAYIR,HAYIR
2026-08-19 09:30:37.658,0.30,0.17,31,2.0,0.0,0.194,-160.0,-160,HAYIR,HAYIR
2026-08-19 09:30:37.678,0.30,0.17,31,2.0,0.0,0.194,-160.0,-160,HAYIR,HAYIR
2026-08-19 09:30:37.698,0.30,0.17,31,2.0,0.0,0.194,-160.0,-160,HAYIR,HAYIR
2026-08-19 09:30:37.718,0.30,0.17,31,2.0,0.0,0.194,-160.0,-160,HAYIR,HAYIR
2026-08-19 09:30:37.738,0.30,0.17,31,2.0,0.0,0.166,-160.0,-160,HAYIR,HAYIR
2026-08-19 09:30:37.758,0.30,0.17,31,2.0,0.0,0.166,-160.0,-160,HAYIR,HAYIR
2026-08-19 09:30:37.778,0.30,0.17,31,2.0,0.0,0.166,-160.0,-160,HAYIR,HAYIR
2026-08-19 09:30:37.798,0.30,0.17,31,2.0,0.0,0.166,-160.0,-160,HAYIR,HAYIR
2026-08-19 09:30:37.818,0.30,0.17,31,2.0,0.0,0.166,-160.0,-160,HAYIR,HAYIR
2026-08-19 09:30:37.838,0.30,0.17,31,2.0,0.0,0.154,-160.0,-160,HAYIR,HAYIR
2026-08-19 09:30:37.858,0.30,0.17,31,2.0,0.0,0.154,-160.0,-160,HAYIR,HAYIR
2026-08-19 09:30:37.878,0.30,0.17,31,2.0,0.0,0.154,-160.0,-160,HAYIR,HAYIR
2026-08-19 09:30:37.898,0.30,0.17,31,2.0,0.0,0.154,-160.0,-160,HAYIR,HAYIR
2026-08-19 09:30:37.918,0.30,0.17,31,2.0,0.0,0.154,-160.0,-160,HAYIR,HAYIR
2026-08-19 09:30:37.938,0.30,0.17,31,2.0,0.0,0.142,-160.0,-160,HAYIR,HAYIR
2026-08-19 09:30:37.958,0.30,0.16,31,2.0,0.0,0.142,-160.0,-160,HAYIR,HAYIR
2026-08-19 09:30:37.978,0.30,0.16,31,2.0,0.0,0.142,-160.0,-160,HAYIR,HAYIR
2026-08-19 09:30:37.998,0.30,0.16,31,2.0,0.0,0.142,-160.0,-160,HAYIR,HAYIR
2026-08-19 09:30:38.018,0.30,0.16,31,2.0,0.0,0.142,-160.0,-160,HAYIR,HAYIR
2026-08-19 09:30:38.038,0.30,0.16,31,2.0,0.0,0.183,-160.0,-160,HAYIR,HAYIR
2026-08-19 09:30:38.058,0.30,0.16,31,2.0,0.0,0.183,-160.0,-160,HAYIR,HAYIR
2026-08-19 09:30:38.078,0.30,0.16,31,2.0,0.0,0.183,-160.0,-160,HAYIR,HAYIR
2026-08-19 09:30:38.098,0.30,0.16,31,2.0,0.0,0.183,-160.0,-160,HAYIR,HAYIR
2026-08-19 09:30:38.118,0.30,0.16,31,2.0,0.0,0.183,-160.0,-160,HAYIR,HAYIR
2026-08-19 09:30:38.138,0.30,0.16,31,2.0,0.0,0.133,-160.0,-160,HAYIR,HAYIR
2026-08-19 09:30:38.158,0.30,0.16,31,2.0,0.0,0.133,-160.0,-160,HAYIR,HAYIR
2026-08-19 09:30:38.178,0.30,0.16,31,2.0,0.0,0.123,-160.0,-160,HAYIR,HAYIR
2026-08-19 09:30:38.198,0.30,0.16,31,2.0,0.0,0.123,-160.0,-160,HAYIR,HAYIR
2026-08-19 09:30:38.218,0.30,0.16,31,2.0,0.0,0.123,-160.0,-160,HAYIR,HAYIR
2026-08-19 09:30:38.238,0.30,0.16,31,2.0,0.0,0.118,-157.8,-159,HAYIR,HAYIR
2026-08-19 09:30:38.258,0.30,0.18,30,2.0,0.0,0.118,-157.8,-158,HAYIR,HAYIR
2026-08-19 09:30:38.278,0.30,0.18,31,2.0,0.0,0.118,-157.8,-158,HAYIR,HAYIR
2026-08-19 09:30:38.298,0.30,0.18,31,2.0,0.0,0.118,-157.8,-158,HAYIR,HAYIR
2026-08-19 09:30:38.318,0.30,0.18,31,2.0,0.0,0.118,-157.8,-158,HAYIR,HAYIR
2026-08-19 09:30:38.338,0.30,0.18,31,2.0,0.0,0.123,-160.0,-159,HAYIR,HAYIR
2026-08-19 09:30:38.358,0.30,0.18,31,2.0,0.0,0.123,-160.0,-160,HAYIR,HAYIR
2026-08-19 09:30:38.378,0.30,0.18,31,2.0,0.0,0.123,-160.0,-160,HAYIR,HAYIR
2026-08-19 09:30:38.398,0.30,0.18,31,2.0,0.0,0.123,-160.0,-160,HAYIR,HAYIR
2026-08-19 09:30:38.418,0.30,0.18,31,2.0,0.0,0.123,-160.0,-160,HAYIR,HAYIR
2026-08-19 09:30:38.438,0.33,0.18,31,2.0,0.0,0.100,-128.3,-159,HAYIR,HAYIR
2026-08-19 09:30:38.458,0.33,0.18,31,2.0,0.0,0.100,-128.3,-158,HAYIR,HAYIR
2026-08-19 09:30:38.478,0.33,0.18,31,1.9,0.0,0.100,-127.1,-156,HAYIR,HAYIR
2026-08-19 09:30:38.498,0.33,0.18,31,1.9,0.0,0.100,-127.1,-155,HAYIR,HAYIR
2026-08-19 09:30:38.518,0.33,0.18,31,1.9,0.0,0.100,-127.1,-154,HAYIR,HAYIR
2026-08-19 09:30:38.538,0.35,0.18,31,1.9,0.0,0.100,-119.2,-153,HAYIR,HAYIR
2026-08-19 09:30:38.558,0.35,0.18,31,1.9,0.0,0.100,-119.2,-152,HAYIR,HAYIR
2026-08-19 09:30:38.578,0.37,0.18,31,1.8,0.0,0.100,-115.3,-150,HAYIR,HAYIR
2026-08-19 09:30:38.598,0.37,0.18,31,1.8,0.0,0.100,-115.3,-149,HAYIR,HAYIR
2026-08-19 09:30:38.618,0.37,0.18,31,1.8,0.0,0.100,-115.3,-148,HAYIR,HAYIR
2026-08-19 09:30:38.638,0.39,0.19,31,1.8,0.0,0.100,-108.7,-147,HAYIR,HAYIR
2026-08-19 09:30:38.658,0.39,0.19,31,1.8,0.0,0.100,-108.7,-146,HAYIR,HAYIR
2026-08-19 09:30:38.678,0.37,0.19,30,1.7,0.0,0.100,-113.5,-144,HAYIR,HAYIR
2026-08-19 09:30:38.698,0.37,0.19,31,1.7,0.0,0.100,-113.5,-143,HAYIR,HAYIR
2026-08-19 09:30:38.718,0.37,0.19,31,1.7,0.0,0.100,-113.5,-142,HAYIR,HAYIR
2026-08-19 09:30:38.738,0.37,0.19,31,1.7,0.0,0.100,-113.5,-141,HAYIR,HAYIR
2026-08-19 09:30:38.758,0.37,0.19,31,1.7,0.0,0.100,-113.5,-140,HAYIR,HAYIR
2026-08-19 09:30:38.778,0.37,0.19,31,1.6,0.0,0.100,-113.5,-138,HAYIR,HAYIR
2026-08-19 09:30:38.798,0.37,0.19,31,1.6,0.0,0.100,-113.5,-137,HAYIR,HAYIR
2026-08-19 09:30:38.818,0.37,0.19,31,1.6,0.0,0.100,-113.5,-136,HAYIR,HAYIR
2026-08-19 09:30:38.838,0.40,0.19,31,1.6,0.0,0.081,-88.1,-135,HAYIR,HAYIR
2026-08-19 09:30:38.858,0.40,0.19,31,1.6,0.0,0.081,-88.1,-134,HAYIR,HAYIR
2026-08-19 09:30:38.878,0.42,0.19,31,1.5,0.0,0.081,-83.2,-132,HAYIR,HAYIR
2026-08-19 09:30:38.898,0.42,0.19,31,1.5,0.0,0.081,-83.2,-131,HAYIR,HAYIR
2026-08-19 09:30:38.918,0.42,0.19,31,1.5,0.0,0.081,-83.2,-130,HAYIR,HAYIR
2026-08-19 09:30:38.938,0.45,0.19,31,1.5,0.0,0.057,-55.9,-129,HAYIR,HAYIR
2026-08-19 09:30:38.958,0.45,0.19,31,1.5,0.0,0.057,-55.9,-128,HAYIR,HAYIR
2026-08-19 09:30:38.978,0.47,0.19,31,1.4,0.0,0.075,-69.5,-126,HAYIR,HAYIR
2026-08-19 09:30:38.998,0.47,0.19,31,1.4,0.0,0.075,-69.5,-125,HAYIR,HAYIR
2026-08-19 09:30:39.018,0.47,0.19,31,1.4,0.0,0.075,-69.5,-124,HAYIR,HAYIR
2026-08-19 09:30:39.038,0.50,0.19,31,1.4,0.0,0.075,-66.2,-123,HAYIR,HAYIR
2026-08-19 09:30:39.058,0.50,0.19,31,1.4,0.0,0.075,-66.2,-122,HAYIR,HAYIR
2026-08-19 09:30:39.078,0.50,0.19,31,1.3,0.0,0.075,-65.9,-120,HAYIR,HAYIR
2026-08-19 09:30:39.098,0.50,0.19,31,1.3,0.0,0.075,-65.9,-119,HAYIR,HAYIR
2026-08-19 09:30:39.118,0.50,0.19,31,1.3,0.0,0.075,-65.9,-118,HAYIR,HAYIR
2026-08-19 09:30:39.138,0.50,0.19,31,1.3,0.0,0.000,-0.0,-117,HAYIR,HAYIR
2026-08-19 09:30:39.158,0.50,0.19,31,1.3,0.0,0.000,-0.0,-116,HAYIR,HAYIR
2026-08-19 09:30:39.178,0.50,0.19,31,1.2,0.0,0.000,-0.0,-114,HAYIR,HAYIR
2026-08-19 09:30:39.198,0.50,0.19,31,1.2,0.0,0.000,-0.0,-113,HAYIR,HAYIR
2026-08-19 09:30:39.218,0.50,0.19,31,1.2,0.0,0.000,-0.0,-112,HAYIR,HAYIR
2026-08-19 09:30:39.238,0.50,0.19,31,1.2,0.0,0.000,-0.0,-111,HAYIR,HAYIR
2026-08-19 09:30:39.258,0.50,0.19,31,1.2,0.0,0.000,-0.0,-110,HAYIR,HAYIR
2026-08-19 09:30:39.278,0.50,0.19,31,1.1,0.0,0.000,-0.0,-108,HAYIR,HAYIR
2026-08-19 09:30:39.298,0.50,0.19,31,1.1,0.0,0.000,-0.0,-107,HAYIR,HAYIR
2026-08-19 09:30:39.318,0.50,0.19,31,1.1,0.0,0.000,-0.0,-106,HAYIR,HAYIR
2026-08-19 09:30:39.338,0.50,0.19,31,1.1,0.0,0.000,-0.0,-105,HAYIR,HAYIR
2026-08-19 09:30:39.358,0.50,0.19,31,1.1,0.0,0.000,-0.0,-104,HAYIR,HAYIR
2026-08-19 09:30:39.378,0.50,0.19,31,1.0,0.0,0.000,-0.0,-102,HAYIR,HAYIR
2026-08-19 09:30:39.398,0.50,0.19,31,1.0,0.0,0.000,-0.0,-101,HAYIR,HAYIR
2026-08-19 09:30:39.418,0.50,0.19,31,1.0,0.0,0.000,-0.0,-100,HAYIR,HAYIR
2026-08-19 09:30:39.438,0.50,0.19,31,1.0,0.0,0.000,-0.0,-99,HAYIR,HAYIR
2026-08-19 09:30:39.458,0.50,0.19,31,1.0,0.0,0.000,-0.0,-98,HAYIR,HAYIR
2026-08-19 09:30:39.478,0.50,0.19,31,0.9,0.0,0.000,-0.0,-96,HAYIR,HAYIR
2026-08-19 09:30:39.498,0.50,0.19,31,0.9,0.0,0.000,-0.0,-95,HAYIR,HAYIR
2026-08-19 09:30:39.518,0.50,0.19,31,0.9,0.0,0.000,-0.0,-94,HAYIR,HAYIR
2026-08-19 09:30:39.538,0.50,0.19,31,0.9,0.0,-0.049,43.5,-93,HAYIR,HAYIR
2026-08-19 09:30:39.558,0.50,0.19,31,0.9,0.0,-0.049,43.5,-92,HAYIR,HAYIR
2026-08-19 09:30:39.578,0.50,0.19,31,0.8,0.0,-0.049,43.5,-90,HAYIR,HAYIR
2026-08-19 09:30:39.598,0.50,0.20,30,0.8,0.0,-0.049,43.5,-89,HAYIR,HAYIR
2026-08-19 09:30:39.618,0.50,0.20,31,0.8,0.0,-0.049,43.5,-88,HAYIR,HAYIR
2026-08-19 09:30:39.638,0.50,0.20,31,0.8,0.0,-0.062,54.4,-87,HAYIR,HAYIR
2026-08-19 09:30:39.658,0.50,0.20,31,0.8,0.0,-0.062,54.4,-86,HAYIR,HAYIR
2026-08-19 09:30:39.678,0.50,0.20,31,0.7,0.0,-0.062,54.4,-84,HAYIR,HAYIR
2026-08-19 09:30:39.698,0.50,0.20,31,0.7,0.0,-0.062,54.4,-83,HAYIR,HAYIR
2026-08-19 09:30:39.718,0.50,0.20,31,0.7,0.0,-0.062,54.4,-82,HAYIR,HAYIR
2026-08-19 09:30:39.738,0.50,0.20,31,0.7,0.0,-0.062,54.4,-81,HAYIR,HAYIR
2026-08-19 09:30:39.758,0.50,0.20,31,0.7,0.0,-0.062,54.4,-80,HAYIR,HAYIR
2026-08-19 09:30:39.778,0.50,0.20,31,0.6,0.0,-0.062,54.4,-78,HAYIR,HAYIR
2026-08-19 09:30:39.798,0.50,0.20,31,0.6,0.0,-0.062,54.4,-77,HAYIR,HAYIR
2026-08-19 09:30:39.818,0.50,0.20,30,0.6,0.0,-0.062,54.4,-76,HAYIR,HAYIR
2026-08-19 09:30:39.838,0.47,0.20,30,0.6,0.0,-0.100,90.9,-75,HAYIR,HAYIR
2026-08-19 09:30:39.858,0.47,0.20,30,0.6,0.0,-0.100,90.9,-74,HAYIR,HAYIR
2026-08-19 09:30:39.878,0.47,0.20,30,0.5,0.0,-0.100,91.7,-72,HAYIR,HAYIR
2026-08-19 09:30:39.898,0.47,0.20,30,0.5,0.0,-0.100,91.7,-71,HAYIR,HAYIR
2026-08-19 09:30:39.918,0.47,0.20,30,0.5,0.0,-0.100,91.7,-70,HAYIR,HAYIR
2026-08-19 09:30:39.938,0.45,0.20,30,0.5,0.0,-0.100,96.5,-69,HAYIR,HAYIR
2026-08-19 09:30:39.958,0.45,0.20,30,0.5,0.0,-0.100,96.5,-68,HAYIR,HAYIR
2026-08-19 09:30:39.978,0.42,0.21,29,0.4,0.0,-0.100,101.8,-66,HAYIR,HAYIR
2026-08-19 09:30:39.998,0.42,0.21,30,0.4,0.0,-0.100,101.8,-65,HAYIR,HAYIR
2026-08-19 09:30:40.018,0.42,0.21,30,0.4,0.0,-0.100,101.8,-64,HAYIR,HAYIR
2026-08-19 09:30:40.038,0.40,0.21,29,0.4,0.0,-0.100,107.6,-63,HAYIR,HAYIR
2026-08-19 09:30:40.058,0.40,0.21,30,0.4,0.0,-0.100,107.6,-62,HAYIR,HAYIR
2026-08-19 09:30:40.078,0.37,0.21,29,0.3,0.0,-0.100,114.2,-60,HAYIR,HAYIR
2026-08-19 09:30:40.098,0.37,0.21,30,0.3,0.0,-0.100,114.2,-59,HAYIR,HAYIR
2026-08-19 09:30:40.118,0.37,0.21,30,0.3,0.0,-0.100,114.2,-58,HAYIR,HAYIR
2026-08-19 09:30:40.138,0.35,0.21,29,0.3,0.0,-0.107,128.5,-57,HAYIR,HAYIR
2026-08-19 09:30:40.158,0.35,0.21,30,0.3,0.0,-0.107,128.5,-56,HAYIR,HAYIR
2026-08-19 09:30:40.178,0.32,0.21,29,0.2,0.0,-0.107,137.1,-54,HAYIR,HAYIR
2026-08-19 09:30:40.198,0.32,0.21,30,0.2,0.0,-0.107,137.1,-53,HAYIR,HAYIR
2026-08-19 09:30:40.218,0.32,0.21,30,0.2,0.0,-0.107,137.1,-52,HAYIR,HAYIR
2026-08-19 09:30:40.238,0.30,0.21,29,0.2,0.0,-0.118,157.9,-51,HAYIR,HAYIR
2026-08-19 09:30:40.258,0.30,0.21,30,0.2,0.0,-0.118,157.9,-50,HAYIR,HAYIR
2026-08-19 09:30:40.278,0.30,0.23,29,0.1,0.0,-0.118,157.9,-48,HAYIR,HAYIR
2026-08-19 09:30:40.298,0.30,0.23,30,0.1,0.0,-0.118,157.9,-47,HAYIR,HAYIR
2026-08-19 09:30:40.318,0.30,0.23,30,0.1,0.0,-0.118,157.9,-46,HAYIR,HAYIR
2026-08-19 09:30:40.338,0.30,0.23,30,0.1,0.0,-0.118,157.9,-45,HAYIR,HAYIR
2026-08-19 09:30:40.358,0.30,0.23,30,0.1,0.0,-0.118,157.9,-44,HAYIR,HAYIR
2026-08-19 09:30:40.378,0.30,0.23,30,0.0,0.0,-0.118,157.9,-42,HAYIR,HAYIR
2026-08-19 09:30:40.398,0.30,0.23,30,0.0,0.0,-0.118,157.9,-41,HAYIR,HAYIR
2026-08-19 09:30:40.418,0.30,0.23,30,0.0,0.0,-0.118,157.9,-40,HAYIR,HAYIR
2026-08-19 09:30:40.438,0.30,0.23,30,0.0,0.0,-0.151,160.0,-39,HAYIR,HAYIR
2026-08-19 09:30:40.458,0.30,0.23,30,0.0,0.0,-0.151,160.0,-38,HAYIR,HAYIR
2026-08-19 09:30:40.478,0.30,0.23,30,0.0,0.0,-0.151,160.0,-36,HAYIR,HAYIR
2026-08-19 09:30:40.498,0.30,0.23,30,0.0,0.0,-0.151,160.0,-35,HAYIR,HAYIR
2026-08-19 09:30:40.518,0.30,0.23,30,0.0,0.0,-0.151,160.0,-34,HAYIR,HAYIR
2026-08-19 09:30:40.538,0.30,0.23,30,0.0,0.0,-0.162,160.0,-33,HAYIR,HAYIR
2026-08-19 09:30:40.558,0.30,0.23,30,0.0,0.0,-0.162,160.0,-32,HAYIR,HAYIR
2026-08-19 09:30:40.578,0.30,0.23,30,0.0,0.0,-0.162,160.0,-30,HAYIR,HAYIR
2026-08-19 09:30:40.598,0.30,0.23,30,0.0,0.0,-0.162,160.0,-29,HAYIR,HAYIR
2026-08-19 09:30:40.618,0.30,0.23,30,0.0,0.0,-0.162,160.0,-28,HAYIR,HAYIR
2026-08-19 09:30:40.638,0.30,0.23,30,0.0,0.0,-0.179,160.0,-27,HAYIR,HAYIR
2026-08-19 09:30:40.658,0.30,0.26,28,0.0,0.0,-0.179,160.0,-26,HAYIR,HAYIR
2026-08-19 09:30:40.678,0.30,0.26,30,0.0,0.0,-0.179,160.0,-24,HAYIR,HAYIR
2026-08-19 09:30:40.698,0.30,0.26,30,0.0,0.0,-0.179,160.0,-23,HAYIR,HAYIR
2026-08-19 09:30:40.718,0.30,0.26,30,0.0,0.0,-0.179,160.0,-22,HAYIR,HAYIR
2026-08-19 09:30:40.738,0.30,0.26,30,0.0,0.0,-0.183,160.0,-21,HAYIR,HAYIR
2026-08-19 09:30:40.758,0.30,0.26,30,0.0,0.0,-0.183,160.0,-20,HAYIR,HAYIR
2026-08-19 09:30:40.778,0.30,0.26,30,0.0,0.0,-0.183,160.0,-18,HAYIR,HAYIR
2026-08-19 09:30:40.798,0.30,0.26,30,0.0,0.0,-0.183,160.0,-17,HAYIR,HAYIR
2026-08-19 09:30:40.818,0.30,0.26,30,0.0,0.0,-0.183,160.0,-16,HAYIR,HAYIR
2026-08-19 09:30:40.838,0.30,0.26,30,0.0,0.0,-0.203,160.0,-15,HAYIR,HAYIR
2026-08-19 09:30:40.858,0.30,0.26,30,0.0,0.0,-0.203,160.0,-14,HAYIR,HAYIR
2026-08-19 09:30:40.878,0.30,0.26,30,0.0,0.0,-0.203,160.0,-12,HAYIR,HAYIR
2026-08-19 09:30:40.898,0.30,0.26,30,0.0,0.0,-0.203,160.0,-11,HAYIR,HAYIR
2026-08-19 09:30:40.918,0.30,0.26,30,0.0,0.0,-0.203,160.0,-10,HAYIR,HAYIR
2026-08-19 09:30:40.938,0.30,0.26,30,0.0,0.0,-0.217,160.0,-9,HAYIR,HAYIR
2026-08-19 09:30:40.958,0.30,0.29,28,0.0,0.0,-0.217,160.0,-8,HAYIR,HAYIR
2026-08-19 09:30:40.978,0.30,0.29,30,0.0,0.0,-0.217,160.0,-6,HAYIR,HAYIR
2026-08-19 09:30:40.998,0.30,0.29,30,0.0,0.0,-0.217,160.0,-5,HAYIR,HAYIR
2026-08-19 09:30:41.018,0.30,0.29,30,0.0,0.0,-0.217,160.0,-4,HAYIR,HAYIR
2026-08-19 09:30:41.038,0.30,0.29,30,0.0,0.0,-0.247,160.0,-3,HAYIR,HAYIR
2026-08-19 09:30:41.058,0.30,0.29,30,0.0,0.0,-0.247,160.0,-2,HAYIR,HAYIR
2026-08-19 09:30:41.078,0.30,0.29,30,0.0,0.0,-0.247,160.0,0,HAYIR,HAYIR
2026-08-19 09:30:41.098,0.30,0.29,30,0.0,0.0,-0.247,160.0,1,HAYIR,HAYIR
2026-08-19 09:30:41.118,0.30,0.29,30,0.0,0.0,-0.247,160.0,2,HAYIR,HAYIR
2026-08-19 09:30:41.138,0.30,0.29,30,0.0,0.0,-0.242,160.0,3,HAYIR,HAYIR
2026-08-19 09:30:41.158,0.30,0.29,30,0.0,0.0,-0.242,160.0,4,HAYIR,HAYIR
2026-08-19 09:30:41.178,0.30,0.29,30,0.0,0.0,-0.242,160.0,6,HAYIR,HAYIR
2026-08-19 09:30:41.198,0.30,0.29,30,0.0,0.0,-0.242,160.0,7,HAYIR,HAYIR
2026-08-19 09:30:41.218,0.30,0.29,30,0.0,0.0,-0.242,160.0,8,HAYIR,HAYIR
2026-08-19 09:30:41.238,0.30,0.29,30,0.0,0.0,-0.253,160.0,9,HAYIR,HAYIR
2026-08-19 09:30:41.258,0.30,0.29,30,0.0,0.0,-0.253,160.0,10,HAYIR,HAYIR
2026-08-19 09:30:41.278,0.30,0.29,30,0.0,0.0,-0.253,160.0,12,HAYIR,HAYIR
2026-08-19 09:30:41.298,0.30,0.29,30,0.0,0.0,-0.253,160.0,13,HAYIR,HAYIR
2026-08-19 09:30:41.318,0.30,0.29,30,0.0,0.0,-0.253,160.0,14,HAYIR,HAYIR
2026-08-19 09:30:41.338,0.30,0.32,28,0.0,0.0,-0.267,160.0,15,HAYIR,HAYIR
2026-08-19 09:30:41.358,0.30,0.32,28,0.0,0.0,-0.267,160.0,16,HAYIR,HAYIR
2026-08-19 09:30:41.378,0.30,0.32,28,0.0,0.0,-0.272,160.0,18,HAYIR,HAYIR
2026-08-19 09:30:41.398,0.30,0.32,28,0.0,0.0,-0.272,160.0,19,HAYIR,HAYIR
2026-08-19 09:30:41.418,0.30,0.32,28,0.0,0.0,-0.272,160.0,20,HAYIR,HAYIR
2026-08-19 09:30:41.438,0.30,0.32,28,0.0,0.0,-0.272,160.0,21,HAYIR,HAYIR
2026-08-19 09:30:41.458,0.30,0.32,28,0.0,0.0,-0.272,160.0,22,HAYIR,HAYIR
2026-08-19 09:30:41.478,0.30,0.32,28,0.0,0.0,-0.272,160.0,24,HAYIR,HAYIR
2026-08-19 09:30:41.498,0.30,0.32,28,0.0,0.0,-0.272,160.0,25,HAYIR,HAYIR
2026-08-19 09:30:41.518,0.30,0.32,28,0.0,0.0,-0.272,160.0,26,HAYIR,HAYIR
2026-08-19 09:30:41.538,0.30,0.32,28,0.0,0.0,-0.289,160.0,27,HAYIR,HAYIR
2026-08-19 09:30:41.558,0.30,0.32,28,0.0,0.0,-0.289,160.0,28,HAYIR,HAYIR
2026-08-19 09:30:41.578,0.30,0.32,28,0.0,0.0,-0.289,160.0,30,HAYIR,HAYIR
2026-08-19 09:30:41.598,0.30,0.32,28,0.0,0.0,-0.289,160.0,31,HAYIR,HAYIR
2026-08-19 09:30:41.618,0.30,0.34,28,0.0,0.0,-0.289,160.0,32,HAYIR,HAYIR
2026-08-19 09:30:41.638,0.30,0.34,28,0.0,0.0,-0.301,160.0,33,HAYIR,HAYIR
2026-08-19 09:30:41.658,0.30,0.34,28,0.0,0.0,-0.301,160.0,34,HAYIR,HAYIR
2026-08-19 09:30:41.678,0.30,0.34,28,0.0,0.0,-0.325,160.0,36,HAYIR,HAYIR
2026-08-19 09:30:41.698,0.30,0.34,28,0.0,0.0,-0.325,160.0,37,HAYIR,HAYIR
2026-08-19 09:30:41.718,0.30,0.34,28,0.0,0.0,-0.325,160.0,38,HAYIR,HAYIR
2026-08-19 09:30:41.738,0.30,0.34,28,0.0,0.0,-0.325,160.0,39,HAYIR,HAYIR
2026-08-19 09:30:41.758,0.30,0.34,28,0.0,0.0,-0.325,160.0,40,HAYIR,HAYIR
2026-08-19 09:30:41.778,0.30,0.34,28,0.0,0.0,-0.325,160.0,42,HAYIR,HAYIR
2026-08-19 09:30:41.798,0.30,0.34,28,0.0,0.0,-0.325,160.0,43,HAYIR,HAYIR
2026-08-19 09:30:41.818,0.30,0.34,28,0.1,0.0,-0.325,160.0,44,HAYIR,HAYIR
2026-08-19 09:30:41.838,0.30,0.34,28,0.1,0.0,-0.324,160.0,45,HAYIR,HAYIR
2026-08-19 09:30:41.858,0.30,0.34,28,0.1,0.0,-0.324,160.0,46,HAYIR,HAYIR
2026-08-19 09:30:41.878,0.30,0.34,28,0.1,0.0,-0.324,160.0,48,HAYIR,HAYIR
2026-08-19 09:30:41.898,0.30,0.34,28,0.2,0.0,-0.324,160.0,49,HAYIR,HAYIR
2026-08-19 09:30:41.918,0.30,0.34,28,0.2,0.0,-0.324,160.0,50,HAYIR,HAYIR
2026-08-19 09:30:41.938,0.30,0.34,28,0.2,0.0,-0.338,160.0,51,HAYIR,HAYIR
2026-08-19 09:30:41.958,0.30,0.34,28,0.2,0.0,-0.338,160.0,52,HAYIR,HAYIR
2026-08-19 09:30:41.978,0.30,0.37,28,0.2,0.0,-0.338,160.0,54,HAYIR,HAYIR
2026-08-19 09:30:41.998,0.30,0.37,28,0.2,0.0,-0.338,160.0,55,HAYIR,HAYIR
2026-08-19 09:30:42.018,0.30,0.37,28,0.3,0.0,-0.338,160.0,56,HAYIR,HAYIR
2026-08-19 09:30:42.038,0.30,0.37,28,0.3,0.0,-0.347,160.0,57,HAYIR,HAYIR
2026-08-19 09:30:42.058,0.30,0.37,28,0.3,0.0,-0.347,160.0,58,HAYIR,HAYIR
2026-08-19 09:30:42.078,0.30,0.37,28,0.3,0.0,-0.347,160.0,60,HAYIR,HAYIR
2026-08-19 09:30:42.098,0.30,0.37,28,0.3,0.0,-0.347,160.0,61,HAYIR,HAYIR
2026-08-19 09:30:42.118,0.30,0.37,28,0.4,0.0,-0.347,160.0,62,HAYIR,HAYIR
2026-08-19 09:30:42.138,0.30,0.37,28,0.4,0.0,-0.350,160.0,63,HAYIR,HAYIR
2026-08-19 09:30:42.158,0.30,0.37,28,0.4,0.0,-0.350,160.0,64,HAYIR,HAYIR
2026-08-19 09:30:42.178,0.30,0.37,28,0.4,0.0,-0.350,160.0,66,HAYIR,HAYIR
2026-08-19 09:30:42.198,0.30,0.37,28,0.5,0.0,-0.350,160.0,67,HAYIR,HAYIR
2026-08-19 09:30:42.218,0.30,0.37,28,0.5,0.0,-0.350,160.0,68,HAYIR,HAYIR
2026-08-19 09:30:42.238,0.30,0.37,28,0.5,0.0,-0.350,160.0,69,HAYIR,HAYIR
2026-08-19 09:30:42.258,0.30,0.37,28,0.5,0.0,-0.350,160.0,70,HAYIR,HAYIR
2026-08-19 09:30:42.278,0.30,0.37,29,0.5,0.0,-0.350,160.0,72,HAYIR,HAYIR
2026-08-19 09:30:42.298,0.30,0.39,29,0.5,0.0,-0.350,160.0,73,HAYIR,HAYIR
2026-08-19 09:30:42.318,0.30,0.39,29,0.6,0.0,-0.350,160.0,74,HAYIR,HAYIR
2026-08-19 09:30:42.338,0.30,0.39,29,0.6,0.0,-0.350,160.0,75,HAYIR,HAYIR
2026-08-19 09:30:42.358,0.30,0.39,29,0.6,0.0,-0.350,160.0,76,HAYIR,HAYIR
2026-08-19 09:30:42.378,0.30,0.39,29,0.6,0.0,-0.350,160.0,78,HAYIR,HAYIR
2026-08-19 09:30:42.398,0.30,0.39,29,0.7,0.0,-0.350,160.0,79,HAYIR,HAYIR
2026-08-19 09:30:42.418,0.30,0.39,29,0.7,0.0,-0.350,160.0,80,HAYIR,HAYIR
2026-08-19 09:30:42.438,0.30,0.39,29,0.7,0.0,-0.350,160.0,81,HAYIR,HAYIR
2026-08-19 09:30:42.458,0.30,0.39,29,0.7,0.0,-0.350,160.0,82,HAYIR,HAYIR
2026-08-19 09:30:42.478,0.30,0.39,29,0.7,0.0,-0.350,160.0,84,HAYIR,HAYIR
2026-08-19 09:30:42.498,0.30,0.39,29,0.8,0.0,-0.350,160.0,85,HAYIR,HAYIR
2026-08-19 09:30:42.518,0.30,0.39,29,0.8,0.0,-0.350,160.0,86,HAYIR,HAYIR
2026-08-19 09:30:42.538,0.30,0.39,29,0.8,0.0,-0.350,160.0,87,HAYIR,HAYIR
2026-08-19 09:30:42.558,0.30,0.39,29,0.8,0.0,-0.350,160.0,88,HAYIR,HAYIR
2026-08-19 09:30:42.578,0.30,0.39,29,0.8,0.0,-0.350,160.0,90,HAYIR,HAYIR
2026-08-19 09:30:42.598,0.30,0.39,29,0.8,0.0,-0.350,160.0,91,HAYIR,HAYIR
2026-08-19 09:30:42.618,0.30,0.40,29,0.9,0.0,-0.350,160.0,92,HAYIR,HAYIR
2026-08-19 09:30:42.638,0.30,0.40,29,0.9,0.0,-0.350,160.0,93,HAYIR,HAYIR
2026-08-19 09:30:42.658,0.30,0.40,29,0.9,0.0,-0.350,160.0,94,HAYIR,HAYIR
2026-08-19 09:30:42.678,0.30,0.40,29,0.9,0.0,-0.350,160.0,96,HAYIR,HAYIR
2026-08-19 09:30:42.698,0.30,0.40,29,0.9,0.0,-0.350,160.0,97,HAYIR,HAYIR
2026-08-19 09:30:42.718,0.30,0.40,29,1.0,0.0,-0.350,160.0,98,HAYIR,HAYIR
2026-08-19 09:30:42.738,0.30,0.40,29,1.0,0.0,-0.350,160.0,99,HAYIR,HAYIR
2026-08-19 09:30:42.758,0.30,0.40,29,1.0,0.0,-0.350,160.0,100,HAYIR,HAYIR
2026-08-19 09:30:42.778,0.30,0.40,29,1.0,0.0,-0.350,160.0,102,HAYIR,HAYIR
2026-08-19 09:30:42.798,0.30,0.40,29,1.1,0.0,-0.350,160.0,103,HAYIR,HAYIR
2026-08-19 09:30:42.818,0.30,0.40,29,1.1,0.0,-0.350,160.0,104,HAYIR,HAYIR
2026-08-19 09:30:42.838,0.30,0.40,29,1.1,0.0,-0.350,160.0,105,HAYIR,HAYIR
2026-08-19 09:30:42.858,0.30,0.40,29,1.1,0.0,-0.350,160.0,106,HAYIR,HAYIR
2026-08-19 09:30:42.878,0.30,0.40,29,1.1,0.0,-0.350,160.0,108,HAYIR,HAYIR
2026-08-19 09:30:42.898,0.30,0.40,29,1.2,0.0,-0.350,160.0,109,HAYIR,HAYIR
2026-08-19 09:30:42.918,0.30,0.40,29,1.2,0.0,-0.350,160.0,110,HAYIR,HAYIR
2026-08-19 09:30:42.938,0.30,0.40,29,1.2,0.0,-0.350,160.0,111,HAYIR,HAYIR
2026-08-19 09:30:42.958,0.30,0.40,29,1.2,0.0,-0.350,160.0,112,HAYIR,HAYIR
2026-08-19 09:30:42.978,0.30,0.40,29,1.2,0.0,-0.350,160.0,114,HAYIR,HAYIR
2026-08-19 09:30:42.998,0.30,0.40,29,1.2,0.0,-0.350,160.0,115,HAYIR,HAYIR
2026-08-19 09:30:43.018,0.30,0.40,29,1.3,0.0,-0.350,160.0,116,HAYIR,HAYIR
2026-08-19 09:30:43.038,0.30,0.40,29,1.3,0.0,-0.350,160.0,117,HAYIR,HAYIR
2026-08-19 09:30:43.058,0.30,0.40,29,1.3,0.0,-0.350,160.0,118,HAYIR,HAYIR
2026-08-19 09:30:43.078,0.30,0.40,29,1.3,0.0,-0.350,160.0,120,HAYIR,HAYIR
2026-08-19 09:30:43.098,0.30,0.40,29,1.3,0.0,-0.350,160.0,121,HAYIR,HAYIR
2026-08-19 09:30:43.118,0.30,0.40,29,1.4,0.0,-0.350,160.0,122,HAYIR,HAYIR
2026-08-19 09:30:43.138,0.30,0.40,29,1.4,0.0,-0.350,160.0,123,HAYIR,HAYIR
2026-08-19 09:30:43.158,0.30,0.40,29,1.4,0.0,-0.350,160.0,124,HAYIR,HAYIR
2026-08-19 09:30:43.178,0.30,0.40,29,1.4,0.0,-0.350,160.0,126,HAYIR,HAYIR
2026-08-19 09:30:43.198,0.30,0.40,29,1.4,0.0,-0.350,160.0,127,HAYIR,HAYIR
2026-08-19 09:30:43.218,0.30,0.40,29,1.5,0.0,-0.350,160.0,128,HAYIR,HAYIR
2026-08-19 09:30:43.238,0.30,0.40,29,1.5,0.0,-0.350,160.0,129,HAYIR,HAYIR
2026-08-19 09:30:43.258,0.30,0.39,30,1.5,0.0,-0.350,160.0,130,HAYIR,HAYIR
2026-08-19 09:30:43.278,0.30,0.39,30,1.5,0.0,-0.350,160.0,132,HAYIR,HAYIR
2026-08-19 09:30:43.298,0.30,0.39,30,1.6,0.0,-0.350,160.0,133,HAYIR,HAYIR
2026-08-19 09:30:43.318,0.30,0.39,30,1.6,0.0,-0.350,160.0,134,HAYIR,HAYIR
2026-08-19 09:30:43.338,0.30,0.39,30,1.6,0.0,-0.342,160.0,135,HAYIR,HAYIR
2026-08-19 09:30:43.358,0.30,0.39,30,1.6,0.0,-0.342,160.0,136,HAYIR,HAYIR
2026-08-19 09:30:43.378,0.30,0.39,30,1.6,0.0,-0.342,160.0,138,HAYIR,HAYIR
2026-08-19 09:30:43.398,0.30,0.39,30,1.7,0.0,-0.342,160.0,139,HAYIR,HAYIR
2026-08-19 09:30:43.418,0.30,0.39,30,1.7,0.0,-0.342,160.0,140,HAYIR,HAYIR
2026-08-19 09:30:43.438,0.30,0.39,30,1.7,0.0,-0.346,160.0,141,HAYIR,HAYIR
2026-08-19 09:30:43.458,0.30,0.39,30,1.7,0.0,-0.346,160.0,142,HAYIR,HAYIR
2026-08-19 09:30:43.478,0.30,0.39,30,1.7,0.0,-0.346,160.0,144,HAYIR,HAYIR
2026-08-19 09:30:43.498,0.30,0.39,30,1.8,0.0,-0.346,160.0,145,HAYIR,HAYIR
2026-08-19 09:30:43.518,0.30,0.39,30,1.8,0.0,-0.346,160.0,146,HAYIR,HAYIR
2026-08-19 09:30:43.538,0.30,0.39,30,1.8,0.0,-0.332,160.0,147,HAYIR,HAYIR
2026-08-19 09:30:43.558,0.30,0.39,30,1.8,0.0,-0.332,160.0,148,HAYIR,HAYIR
2026-08-19 09:30:43.578,0.30,0.39,30,1.8,0.0,-0.332,160.0,150,HAYIR,HAYIR
2026-08-19 09:30:43.598,0.30,0.39,30,1.8,0.0,-0.332,160.0,151,HAYIR,HAYIR
2026-08-19 09:30:43.618,0.30,0.38,30,1.9,0.0,-0.332,160.0,152,HAYIR,HAYIR
2026-08-19 09:30:43.638,0.30,0.38,30,1.9,0.0,-0.282,160.0,153,HAYIR,HAYIR
2026-08-19 09:30:43.658,0.30,0.38,30,1.9,0.0,-0.282,160.0,154,HAYIR,HAYIR
2026-08-19 09:30:43.678,0.30,0.38,30,1.9,0.0,-0.270,160.0,156,HAYIR,HAYIR
2026-08-19 09:30:43.698,0.30,0.38,30,1.9,0.0,-0.270,160.0,157,HAYIR,HAYIR
2026-08-19 09:30:43.718,0.30,0.38,30,2.0,0.0,-0.270,160.0,158,HAYIR,HAYIR
2026-08-19 09:30:43.737,0.30,0.38,30,2.0,0.0,-0.270,160.0,159,HAYIR,HAYIR
2026-08-19 09:30:43.758,0.30,0.38,30,2.0,0.0,-0.270,160.0,160,HAYIR,HAYIR
2026-08-19 09:30:43.778,0.30,0.38,30,2.0,0.0,-0.270,160.0,160,HAYIR,HAYIR
2026-08-19 09:30:43.798,0.30,0.38,30,2.0,0.0,-0.270,160.0,160,HAYIR,HAYIR
2026-08-19 09:30:43.818,0.30,0.38,30,2.0,0.0,-0.270,160.0,160,HAYIR,HAYIR
2026-08-19 09:30:43.838,0.30,0.38,30,2.0,0.0,-0.262,160.0,160,HAYIR,HAYIR
2026-08-19 09:30:43.858,0.30,0.38,30,2.0,0.0,-0.262,160.0,160,HAYIR,HAYIR
2026-08-19 09:30:43.878,0.30,0.38,30,2.0,0.0,-0.262,160.0,160,HAYIR,HAYIR
2026-08-19 09:30:43.898,0.30,0.38,30,2.0,0.0,-0.262,160.0,160,HAYIR,HAYIR
2026-08-19 09:30:43.918,0.30,0.38,30,2.0,0.0,-0.262,160.0,160,HAYIR,HAYIR
2026-08-19 09:30:43.938,0.30,0.38,30,2.0,0.0,-0.231,160.0,160,HAYIR,HAYIR
2026-08-19 09:30:43.958,0.30,0.38,30,2.0,0.0,-0.231,160.0,160,HAYIR,HAYIR
2026-08-19 09:30:43.978,0.30,0.38,30,2.0,0.0,-0.231,160.0,160,HAYIR,HAYIR
2026-08-19 09:30:43.998,0.30,0.38,30,2.0,0.0,-0.231,160.0,160,HAYIR,HAYIR
2026-08-19 09:30:44.018,0.30,0.38,30,2.0,0.0,-0.231,160.0,160,HAYIR,HAYIR
2026-08-19 09:30:44.038,0.30,0.38,30,2.0,0.0,-0.181,160.0,160,HAYIR,HAYIR
2026-08-19 09:30:44.058,0.30,0.38,30,2.0,0.0,-0.181,160.0,160,HAYIR,HAYIR
2026-08-19 09:30:44.078,0.30,0.38,30,2.0,0.0,-0.132,160.0,160,HAYIR,HAYIR
2026-08-19 09:30:44.098,0.30,0.38,30,2.0,0.0,-0.132,160.0,160,HAYIR,HAYIR
2026-08-19 09:30:44.118,0.30,0.38,30,2.0,0.0,-0.132,160.0,160,HAYIR,HAYIR
2026-08-19 09:30:44.138,0.30,0.38,30,2.0,0.0,-0.132,160.0,160,HAYIR,HAYIR
2026-08-19 09:30:44.158,0.30,0.38,30,2.0,0.0,-0.132,160.0,160,HAYIR,HAYIR
2026-08-19 09:30:44.178,0.30,0.38,30,2.0,0.0,-0.132,160.0,160,HAYIR,HAYIR
2026-08-19 09:30:44.198,0.30,0.38,30,2.0,0.0,-0.132,160.0,160,HAYIR,HAYIR
2026-08-19 09:30:44.218,0.30,0.38,30,2.0,0.0,-0.132,160.0,160,HAYIR,HAYIR
2026-08-19 09:30:44.238,0.30,0.38,30,2.0,0.0,-0.140,160.0,160,HAYIR,HAYIR
2026-08-19 09:30:44.258,0.30,0.38,30,2.0,0.0,-0.140,160.0,160,HAYIR,HAYIR
2026-08-19 09:30:44.278,0.30,0.37,30,2.0,0.0,-0.140,160.0,160,HAYIR,HAYIR
2026-08-19 09:30:44.298,0.30,0.37,30,2.0,0.0,-0.140,160.0,160,HAYIR,HAYIR
2026-08-19 09:30:44.318,0.30,0.37,30,2.0,0.0,-0.140,160.0,160,HAYIR,HAYIR
2026-08-19 09:30:44.338,0.33,0.37,30,2.0,0.0,-0.090,117.1,159,HAYIR,HAYIR
2026-08-19 09:30:44.358,0.33,0.37,30,2.0,0.0,-0.090,117.1,158,HAYIR,HAYIR
2026-08-19 09:30:44.378,0.35,0.37,30,1.9,0.0,-0.073,90.4,156,HAYIR,HAYIR
2026-08-19 09:30:44.398,0.35,0.37,30,1.9,0.0,-0.073,90.4,155,HAYIR,HAYIR
2026-08-19 09:30:44.418,0.35,0.37,30,1.9,0.0,-0.073,90.4,154,HAYIR,HAYIR
2026-08-19 09:30:44.438,0.38,0.37,30,1.9,0.0,-0.100,113.0,153,HAYIR,HAYIR
2026-08-19 09:30:44.458,0.38,0.37,30,1.9,0.0,-0.100,113.0,152,HAYIR,HAYIR
2026-08-19 09:30:44.478,0.40,0.37,31,1.8,0.0,-0.100,106.6,150,HAYIR,HAYIR
2026-08-19 09:30:44.498,0.40,0.37,31,1.8,0.0,-0.100,106.6,149,HAYIR,HAYIR
2026-08-19 09:30:44.518,0.40,0.37,31,1.8,0.0,-0.100,106.6,148,HAYIR,HAYIR
2026-08-19 09:30:44.538,0.43,0.37,31,1.8,0.0,-0.079,81.0,147,HAYIR,HAYIR
2026-08-19 09:30:44.558,0.43,0.37,31,1.8,0.0,-0.079,81.0,146,HAYIR,HAYIR
2026-08-19 09:30:44.578,0.45,0.37,31,1.7,0.0,-0.079,76.7,144,HAYIR,HAYIR
2026-08-19 09:30:44.598,0.45,0.37,31,1.7,0.0,-0.079,76.7,143,HAYIR,HAYIR
2026-08-19 09:30:44.618,0.45,0.37,31,1.7,0.0,-0.079,76.7,142,HAYIR,HAYIR
2026-08-19 09:30:44.638,0.48,0.37,31,1.7,0.0,-0.036,33.4,141,HAYIR,HAYIR
2026-08-19 09:30:44.658,0.48,0.35,32,1.7,0.0,-0.036,33.4,140,HAYIR,HAYIR
2026-08-19 09:30:44.678,0.50,0.35,31,1.6,0.0,-0.036,31.7,138,HAYIR,HAYIR
2026-08-19 09:30:44.698,0.50,0.35,31,1.6,0.0,-0.036,31.7,137,HAYIR,HAYIR
2026-08-19 09:30:44.718,0.50,0.35,31,1.6,0.0,-0.036,31.7,136,HAYIR,HAYIR
2026-08-19 09:30:44.738,0.47,0.35,31,1.6,0.0,0.000,-0.0,135,HAYIR,HAYIR
2026-08-19 09:30:44.758,0.47,0.35,31,1.6,0.0,0.000,-0.0,134,HAYIR,HAYIR
2026-08-19 09:30:44.778,0.45,0.35,30,1.5,0.0,0.064,-62.9,132,HAYIR,HAYIR
2026-08-19 09:30:44.798,0.45,0.35,31,1.5,0.0,0.064,-62.9,131,HAYIR,HAYIR
2026-08-19 09:30:44.818,0.45,0.35,31,1.5,0.0,0.064,-62.9,130,HAYIR,HAYIR
2026-08-19 09:30:44.838,0.47,0.35,31,1.5,0.0,0.069,-63.5,129,HAYIR,HAYIR
2026-08-19 09:30:44.858,0.47,0.35,31,1.5,0.0,0.069,-63.5,128,HAYIR,HAYIR
2026-08-19 09:30:44.878,0.50,0.35,31,1.4,0.0,0.069,-60.4,126,HAYIR,HAYIR
2026-08-19 09:30:44.898,0.50,0.35,31,1.4,0.0,0.069,-60.4,125,HAYIR,HAYIR
2026-08-19 09:30:44.918,0.50,0.35,31,1.4,0.0,0.069,-60.4,124,HAYIR,HAYIR
2026-08-19 09:30:44.938,0.47,0.35,30,1.4,0.0,0.100,-90.9,123,HAYIR,HAYIR
2026-08-19 09:30:44.958,0.47,0.33,32,1.4,0.0,0.100,-90.9,122,HAYIR,HAYIR
2026-08-19 09:30:44.978,0.45,0.33,30,1.3,0.0,0.100,-95.2,120,HAYIR,HAYIR
2026-08-19 09:30:44.998,0.45,0.33,31,1.3,0.0,0.100,-95.2,119,HAYIR,HAYIR
2026-08-19 09:30:45.018,0.45,0.33,31,1.3,0.0,0.100,-95.2,118,HAYIR,HAYIR
2026-08-19 09:30:45.038,0.43,0.33,30,1.3,0.0,0.150,-143.7,117,HAYIR,HAYIR
2026-08-19 09:30:45.058,0.43,0.33,30,1.3,0.0,0.150,-143.7,116,HAYIR,HAYIR
2026-08-19 09:30:45.078,0.40,0.33,30,1.2,0.0,0.179,-160.0,114,HAYIR,HAYIR
2026-08-19 09:30:45.098,0.40,0.33,30,1.2,0.0,0.179,-160.0,113,HAYIR,HAYIR
2026-08-19 09:30:45.118,0.40,0.33,31,1.2,0.0,0.179,-160.0,112,HAYIR,HAYIR
2026-08-19 09:30:45.138,0.38,0.33,30,1.2,0.0,0.130,-141.1,111,HAYIR,HAYIR
2026-08-19 09:30:45.158,0.38,0.33,30,1.2,0.0,0.130,-141.1,110,HAYIR,HAYIR
2026-08-19 09:30:45.178,0.35,0.33,30,1.1,0.0,0.130,-149.5,108,HAYIR,HAYIR
2026-08-19 09:30:45.198,0.35,0.33,30,1.1,0.0,0.130,-149.5,107,HAYIR,HAYIR
2026-08-19 09:30:45.217,0.35,0.33,30,1.1,0.0,0.130,-149.5,106,HAYIR,HAYIR
2026-08-19 09:30:45.238,0.33,0.33,30,1.1,0.0,0.159,-160.0,105,HAYIR,HAYIR
2026-08-19 09:30:45.258,0.33,0.33,29,1.1,0.0,0.159,-160.0,104,HAYIR,HAYIR
2026-08-19 09:30:45.278,0.30,0.33,29,1.0,0.0,0.159,-160.0,102,HAYIR,HAYIR
2026-08-19 09:30:45.298,0.30,0.33,29,1.0,0.0,0.159,-160.0,101,HAYIR,HAYIR
2026-08-19 09:30:45.318,0.30,0.33,29,1.0,0.0,0.159,-160.0,100,HAYIR,HAYIR
2026-08-19 09:30:45.338,0.30,0.32,29,1.0,0.0,0.187,-160.0,99,HAYIR,HAYIR
2026-08-19 09:30:45.358,0.30,0.32,29,1.0,0.0,0.187,-160.0,98,HAYIR,HAYIR
2026-08-19 09:30:45.378,0.30,0.32,29,0.9,0.0,0.237,-160.0,96,HAYIR,HAYIR
2026-08-19 09:30:45.398,0.30,0.32,29,0.9,0.0,0.237,-160.0,95,HAYIR,HAYIR
2026-08-19 09:30:45.418,0.30,0.32,29,0.9,0.0,0.237,-160.0,94,HAYIR,HAYIR
2026-08-19 09:30:45.438,0.30,0.32,29,0.9,0.0,0.278,-160.0,93,HAYIR,HAYIR
2026-08-19 09:30:45.458,0.30,0.32,29,0.9,0.0,0.278,-160.0,92,HAYIR,HAYIR
2026-08-19 09:30:45.478,0.30,0.32,29,0.8,0.0,0.278,-160.0,90,HAYIR,HAYIR
2026-08-19 09:30:45.498,0.30,0.32,29,0.8,0.0,0.278,-160.0,89,HAYIR,HAYIR
2026-08-19 09:30:45.518,0.30,0.32,29,0.8,0.0,0.278,-160.0,88,HAYIR,HAYIR
2026-08-19 09:30:45.538,0.30,0.32,29,0.8,0.0,0.235,-160.0,87,HAYIR,HAYIR
2026-08-19 09:30:45.558,0.30,0.32,29,0.8,0.0,0.235,-160.0,86,HAYIR,HAYIR
2026-08-19 09:30:45.578,0.30,0.32,29,0.7,0.0,0.235,-160.0,84,HAYIR,HAYIR
2026-08-19 09:30:45.598,0.30,0.32,29,0.7,0.0,0.235,-160.0,83,HAYIR,HAYIR
2026-08-19 09:30:45.618,0.30,0.32,29,0.7,0.0,0.235,-160.0,82,HAYIR,HAYIR
2026-08-19 09:30:45.638,0.30,0.32,29,0.7,0.0,0.261,-160.0,81,HAYIR,HAYIR
2026-08-19 09:30:45.658,0.30,0.32,29,0.7,0.0,0.261,-160.0,80,HAYIR,HAYIR
2026-08-19 09:30:45.678,0.30,0.32,29,0.6,0.0,0.311,-160.0,78,HAYIR,HAYIR
2026-08-19 09:30:45.698,0.30,0.32,29,0.6,0.0,0.311,-160.0,77,HAYIR,HAYIR
2026-08-19 09:30:45.718,0.30,0.32,29,0.6,0.0,0.311,-160.0,76,HAYIR,HAYIR
2026-08-19 09:30:45.738,0.30,0.32,29,0.6,0.0,0.350,-160.0,75,HAYIR,HAYIR
2026-08-19 09:30:45.758,0.30,0.32,29,0.6,0.0,0.350,-160.0,74,HAYIR,HAYIR
2026-08-19 09:30:45.778,0.30,0.32,29,0.5,0.0,0.350,-160.0,72,HAYIR,HAYIR
2026-08-19 09:30:45.798,0.30,0.32,29,0.5,0.0,0.350,-160.0,71,HAYIR,HAYIR
2026-08-19 09:30:45.818,0.30,0.32,28,0.5,0.0,0.350,-160.0,70,HAYIR,HAYIR
2026-08-19 09:30:45.838,0.30,0.32,28,0.5,0.0,0.310,-160.0,69,HAYIR,HAYIR
2026-08-19 09:30:45.858,0.30,0.32,28,0.5,0.0,0.310,-160.0,68,HAYIR,HAYIR
2026-08-19 09:30:45.878,0.30,0.32,28,0.4,0.0,0.306,-160.0,66,HAYIR,HAYIR
2026-08-19 09:30:45.898,0.30,0.32,28,0.4,0.0,0.306,-160.0,65,HAYIR,HAYIR
2026-08-19 09:30:45.918,0.30,0.33,28,0.4,0.0,0.306,-160.0,64,HAYIR,HAYIR
2026-08-19 09:30:45.938,0.30,0.33,28,0.4,0.0,0.336,-160.0,63,HAYIR,HAYIR
2026-08-19 09:30:45.958,0.30,0.33,28,0.4,0.0,0.336,-160.0,62,HAYIR,HAYIR
2026-08-19 09:30:45.978,0.30,0.33,28,0.3,0.0,0.350,-160.0,60,HAYIR,HAYIR
2026-08-19 09:30:45.998,0.30,0.33,28,0.3,0.0,0.350,-160.0,59,HAYIR,HAYIR
2026-08-19 09:30:46.018,0.30,0.33,28,0.3,0.0,0.350,-160.0,58,HAYIR,HAYIR
2026-08-19 09:30:46.038,0.30,0.33,28,0.3,0.0,0.350,-160.0,57,HAYIR,HAYIR
2026-08-19 09:30:46.058,0.30,0.33,28,0.3,0.0,0.350,-160.0,56,HAYIR,HAYIR
2026-08-19 09:30:46.078,0.30,0.33,28,0.2,0.0,0.350,-160.0,54,HAYIR,HAYIR
2026-08-19 09:30:46.098,0.30,0.33,28,0.2,0.0,0.350,-160.0,53,HAYIR,HAYIR
2026-08-19 09:30:46.118,0.30,0.33,28,0.2,0.0,0.350,-160.0,52,HAYIR,HAYIR
2026-08-19 09:30:46.138,0.30,0.33,28,0.2,0.0,0.350,-160.0,51,HAYIR,HAYIR
2026-08-19 09:30:46.158,0.30,0.33,28,0.2,0.0,0.350,-160.0,50,HAYIR,HAYIR
2026-08-19 09:30:46.178,0.30,0.33,28,0.1,0.0,0.350,-160.0,48,HAYIR,HAYIR
2026-08-19 09:30:46.198,0.30,0.33,28,0.1,0.0,0.350,-160.0,47,HAYIR,HAYIR
2026-08-19 09:30:46.218,0.30,0.33,28,0.1,0.0,0.350,-160.0,46,HAYIR,HAYIR
2026-08-19 09:30:46.238,0.30,0.33,28,0.1,0.0,0.350,-160.0,45,HAYIR,HAYIR
2026-08-19 09:30:46.258,0.30,0.33,28,0.1,0.0,0.350,-160.0,44,HAYIR,HAYIR
2026-08-19 09:30:46.278,0.30,0.33,28,0.0,0.0,0.350,-160.0,42,HAYIR,HAYIR
2026-08-19 09:30:46.298,0.30,0.33,28,0.0,0.0,0.350,-160.0,41,HAYIR,HAYIR
2026-08-19 09:30:46.318,0.30,0.33,28,0.0,0.0,0.350,-160.0,40,HAYIR,HAYIR
2026-08-19 09:30:46.338,0.30,0.33,28,0.0,0.0,0.350,-160.0,39,HAYIR,HAYIR
2026-08-19 09:30:46.358,0.30,0.33,28,0.0,0.0,0.350,-160.0,38,HAYIR,HAYIR
2026-08-19 09:30:46.378,0.30,0.33,28,0.0,0.0,0.350,-160.0,36,HAYIR,HAYIR
2026-08-19 09:30:46.398,0.30,0.33,28,0.0,0.0,0.350,-160.0,35,HAYIR,HAYIR
2026-08-19 09:30:46.418,0.30,0.33,28,0.0,0.0,0.350,-160.0,34,HAYIR,HAYIR
2026-08-19 09:30:46.438,0.30,0.33,28,0.0,0.0,0.350,-160.0,33,HAYIR,HAYIR
2026-08-19 09:30:46.458,0.30,0.33,28,0.0,0.0,0.350,-160.0,32,HAYIR,HAYIR
2026-08-19 09:30:46.478,0.30,0.33,28,0.0,0.0,0.350,-160.0,30,HAYIR,HAYIR
2026-08-19 09:30:46.498,0.30,0.33,28,0.0,0.0,0.350,-160.0,29,HAYIR,HAYIR
2026-08-19 09:30:46.518,0.30,0.33,28,0.0,0.0,0.350,-160.0,28,HAYIR,HAYIR
2026-08-19 09:30:46.538,0.30,0.33,28,0.0,0.0,0.350,-160.0,27,HAYIR,HAYIR
2026-08-19 09:30:46.558,0.30,0.33,28,0.0,0.0,0.350,-160.0,26,HAYIR,HAYIR
2026-08-19 09:30:46.578,0.30,0.33,28,0.0,0.0,0.350,-160.0,24,HAYIR,HAYIR
2026-08-19 09:30:46.598,0.30,0.33,28,0.0,0.0,0.350,-160.0,23,HAYIR,HAYIR
2026-08-19 09:30:46.618,0.30,0.33,28,0.0,0.0,0.350,-160.0,22,HAYIR,HAYIR
2026-08-19 09:30:46.638,0.30,0.33,28,0.0,0.0,0.350,-160.0,21,HAYIR,HAYIR
2026-08-19 09:30:46.658,0.30,0.33,28,0.0,0.0,0.350,-160.0,20,HAYIR,HAYIR
2026-08-19 09:30:46.678,0.30,0.33,28,0.0,0.0,0.350,-160.0,18,HAYIR,HAYIR
2026-08-19 09:30:46.698,0.30,0.33,28,0.0,0.0,0.350,-160.0,17,HAYIR,HAYIR
2026-08-19 09:30:46.718,0.30,0.33,28,0.0,0.0,0.350,-160.0,16,HAYIR,HAYIR
2026-08-19 09:30:46.738,0.30,0.33,28,0.0,0.0,0.350,-160.0,15,HAYIR,HAYIR
2026-08-19 09:30:46.758,0.30,0.33,28,0.0,0.0,0.350,-160.0,14,HAYIR,HAYIR
2026-08-19 09:30:46.778,0.30,0.33,28,0.0,0.0,0.350,-160.0,12,HAYIR,HAYIR
2026-08-19 09:30:46.798,0.30,0.33,28,0.0,0.0,0.350,-160.0,11,HAYIR,HAYIR
2026-08-19 09:30:46.818,0.30,0.33,28,0.0,0.0,0.350,-160.0,10,HAYIR,HAYIR
2026-08-19 09:30:46.838,0.30,0.33,28,0.0,0.0,0.350,-160.0,9,HAYIR,HAYIR
2026-08-19 09:30:46.858,0.30,0.33,28,0.0,0.0,0.350,-160.0,8,HAYIR,HAYIR
2026-08-19 09:30:46.878,0.30,0.33,28,0.0,0.0,0.350,-160.0,6,HAYIR,HAYIR
2026-08-19 09:30:46.898,0.30,0.33,28,0.0,0.0,0.350,-160.0,5,HAYIR,HAYIR
2026-08-19 09:30:46.918,0.30,0.33,28,0.0,0.0,0.350,-160.0,4,HAYIR,HAYIR
2026-08-19 09:30:46.938,0.30,0.33,28,0.0,0.0,0.350,-160.0,3,HAYIR,HAYIR
2026-08-19 09:30:46.958,0.30,0.33,28,0.0,0.0,0.350,-160.0,2,HAYIR,HAYIR
2026-08-19 09:30:46.978,0.30,0.31,28,0.0,0.0,0.350,-160.0,0,HAYIR,HAYIR
2026-08-19 09:30:46.998,0.30,0.31,28,0.0,0.0,0.350,-160.0,-1,HAYIR,HAYIR
2026-08-19 09:30:47.018,0.30,0.31,28,0.0,0.0,0.350,-160.0,-2,HAYIR,HAYIR
2026-08-19 09:30:47.038,0.30,0.31,28,0.0,0.0,0.350,-160.0,-3,HAYIR,HAYIR
2026-08-19 09:30:47.058,0.30,0.31,28,0.0,0.0,0.350,-160.0,-4,HAYIR,HAYIR
2026-08-19 09:30:47.078,0.30,0.31,28,0.0,0.0,0.350,-160.0,-6,HAYIR,HAYIR
2026-08-19 09:30:47.098,0.30,0.31,28,0.0,0.0,0.350,-160.0,-7,HAYIR,HAYIR
2026-08-19 09:30:47.118,0.30,0.31,28,0.0,0.0,0.350,-160.0,-8,HAYIR,HAYIR
2026-08-19 09:30:47.138,0.30,0.31,28,0.0,0.0,0.350,-160.0,-9,HAYIR,HAYIR
2026-08-19 09:30:47.158,0.30,0.31,28,0.0,0.0,0.350,-160.0,-10,HAYIR,HAYIR
2026-08-19 09:30:47.178,0.30,0.31,28,0.0,0.0,0.350,-160.0,-12,HAYIR,HAYIR
2026-08-19 09:30:47.198,0.30,0.31,28,0.0,0.0,0.350,-160.0,-13,HAYIR,HAYIR
2026-08-19 09:30:47.218,0.30,0.31,28,0.0,0.0,0.350,-160.0,-14,HAYIR,HAYIR
2026-08-19 09:30:47.238,0.30,0.31,28,0.0,0.0,0.350,-160.0,-15,HAYIR,HAYIR
2026-08-19 09:30:47.258,0.30,0.31,28,0.0,0.0,0.350,-160.0,-16,HAYIR,HAYIR
2026-08-19 09:30:47.278,0.30,0.31,28,0.0,0.0,0.350,-160.0,-18,HAYIR,HAYIR
2026-08-19 09:30:47.298,0.30,0.30,28,0.0,0.0,0.350,-160.0,-19,HAYIR,HAYIR
2026-08-19 09:30:47.318,0.30,0.30,28,0.0,0.0,0.350,-160.0,-20,HAYIR,HAYIR
2026-08-19 09:30:47.338,0.30,0.30,28,0.0,0.0,0.350,-160.0,-21,HAYIR,HAYIR
2026-08-19 09:30:47.358,0.30,0.30,28,0.0,0.0,0.350,-160.0,-22,HAYIR,HAYIR
2026-08-19 09:30:47.378,0.30,0.30,28,0.0,0.0,0.350,-160.0,-24,HAYIR,HAYIR
2026-08-19 09:30:47.398,0.30,0.30,28,0.0,0.0,0.350,-160.0,-25,HAYIR,HAYIR
2026-08-19 09:30:47.418,0.30,0.30,28,0.0,0.0,0.350,-160.0,-26,HAYIR,HAYIR
2026-08-19 09:30:47.438,0.30,0.30,28,0.0,0.0,0.350,-160.0,-27,HAYIR,HAYIR
2026-08-19 09:30:47.458,0.30,0.30,28,0.0,0.0,0.350,-160.0,-28,HAYIR,HAYIR
2026-08-19 09:30:47.478,0.30,0.30,28,0.0,0.0,0.350,-160.0,-30,HAYIR,HAYIR
2026-08-19 09:30:47.498,0.30,0.30,28,0.0,0.0,0.350,-160.0,-31,HAYIR,HAYIR
2026-08-19 09:30:47.518,0.30,0.30,28,0.0,0.0,0.350,-160.0,-32,HAYIR,HAYIR
2026-08-19 09:30:47.538,0.30,0.30,28,0.0,0.0,0.350,-160.0,-33,HAYIR,HAYIR
2026-08-19 09:30:47.558,0.30,0.30,28,0.0,0.0,0.350,-160.0,-34,HAYIR,HAYIR
2026-08-19 09:30:47.578,0.30,0.30,28,0.0,0.0,0.350,-160.0,-36,HAYIR,HAYIR
2026-08-19 09:30:47.598,0.30,0.30,28,0.0,0.0,0.350,-160.0,-37,HAYIR,HAYIR
2026-08-19 09:30:47.618,0.30,0.29,30,0.0,0.0,0.350,-160.0,-38,HAYIR,HAYIR
2026-08-19 09:30:47.638,0.30,0.29,29,0.0,0.0,0.350,-160.0,-39,HAYIR,HAYIR
2026-08-19 09:30:47.658,0.30,0.29,29,0.0,0.0,0.350,-160.0,-40,HAYIR,HAYIR
2026-08-19 09:30:47.678,0.30,0.29,29,0.0,0.0,0.350,-160.0,-42,HAYIR,HAYIR
2026-08-19 09:30:47.698,0.30,0.29,29,0.0,0.0,0.350,-160.0,-43,HAYIR,HAYIR
2026-08-19 09:30:47.718,0.30,0.29,29,0.1,0.0,0.350,-160.0,-44,HAYIR,HAYIR
2026-08-19 09:30:47.738,0.30,0.29,29,0.1,0.0,0.350,-160.0,-45,HAYIR,HAYIR
2026-08-19 09:30:47.758,0.30,0.29,29,0.1,0.0,0.350,-160.0,-46,HAYIR,HAYIR
2026-08-19 09:30:47.778,0.30,0.29,29,0.1,0.0,0.350,-160.0,-48,HAYIR,HAYIR
2026-08-19 09:30:47.798,0.30,0.29,29,0.2,0.0,0.350,-160.0,-49,HAYIR,HAYIR
2026-08-19 09:30:47.818,0.30,0.29,29,0.2,0.0,0.350,-160.0,-50,HAYIR,HAYIR
2026-08-19 09:30:47.838,0.30,0.29,29,0.2,0.0,0.350,-160.0,-51,HAYIR,HAYIR
2026-08-19 09:30:47.858,0.30,0.29,29,0.2,0.0,0.350,-160.0,-52,HAYIR,HAYIR
2026-08-19 09:30:47.878,0.30,0.29,29,0.2,0.0,0.350,-160.0,-54,HAYIR,HAYIR
2026-08-19 09:30:47.898,0.30,0.29,29,0.2,0.0,0.350,-160.0,-55,HAYIR,HAYIR
2026-08-19 09:30:47.918,0.30,0.29,29,0.3,0.0,0.350,-160.0,-56,HAYIR,HAYIR
2026-08-19 09:30:47.938,0.30,0.28,30,0.3,0.0,0.350,-160.0,-57,HAYIR,HAYIR
2026-08-19 09:30:47.958,0.30,0.28,30,0.3,0.0,0.350,-160.0,-58,HAYIR,HAYIR
2026-08-19 09:30:47.978,0.30,0.28,30,0.3,0.0,0.350,-160.0,-60,HAYIR,HAYIR
2026-08-19 09:30:47.998,0.30,0.28,30,0.3,0.0,0.350,-160.0,-61,HAYIR,HAYIR
2026-08-19 09:30:48.018,0.30,0.28,30,0.4,0.0,0.350,-160.0,-62,HAYIR,HAYIR
2026-08-19 09:30:48.038,0.30,0.28,30,0.4,0.0,0.350,-160.0,-63,HAYIR,HAYIR
2026-08-19 09:30:48.058,0.30,0.28,30,0.4,0.0,0.350,-160.0,-64,HAYIR,HAYIR
2026-08-19 09:30:48.078,0.30,0.28,30,0.4,0.0,0.350,-160.0,-66,HAYIR,HAYIR
2026-08-19 09:30:48.098,0.30,0.28,30,0.5,0.0,0.350,-160.0,-67,HAYIR,HAYIR
2026-08-19 09:30:48.118,0.30,0.28,30,0.5,0.0,0.350,-160.0,-68,HAYIR,HAYIR
2026-08-19 09:30:48.138,0.30,0.28,30,0.5,0.0,0.350,-160.0,-69,HAYIR,HAYIR
2026-08-19 09:30:48.158,0.30,0.28,30,0.5,0.0,0.350,-160.0,-70,HAYIR,HAYIR
2026-08-19 09:30:48.178,0.30,0.28,30,0.5,0.0,0.350,-160.0,-72,HAYIR,HAYIR
2026-08-19 09:30:48.198,0.30,0.28,30,0.5,0.0,0.350,-160.0,-73,HAYIR,HAYIR
2026-08-19 09:30:48.218,0.30,0.28,30,0.6,0.0,0.350,-160.0,-74,HAYIR,HAYIR
2026-08-19 09:30:48.238,0.30,0.28,30,0.6,0.0,0.350,-160.0,-75,HAYIR,HAYIR
2026-08-19 09:30:48.258,0.30,0.27,30,0.6,0.0,0.350,-160.0,-76,HAYIR,HAYIR
2026-08-19 09:30:48.278,0.30,0.27,30,0.6,0.0,0.350,-160.0,-78,HAYIR,HAYIR
2026-08-19 09:30:48.298,0.30,0.27,30,0.7,0.0,0.350,-160.0,-79,HAYIR,HAYIR
2026-08-19 09:30:48.318,0.30,0.27,30,0.7,0.0,0.350,-160.0,-80,HAYIR,HAYIR
2026-08-19 09:30:48.338,0.30,0.27,30,0.7,0.0,0.350,-160.0,-81,HAYIR,HAYIR
2026-08-19 09:30:48.358,0.30,0.27,30,0.7,0.0,0.350,-160.0,-82,HAYIR,HAYIR
2026-08-19 09:30:48.378,0.30,0.27,30,0.7,0.0,0.350,-160.0,-84,HAYIR,HAYIR
2026-08-19 09:30:48.398,0.30,0.27,30,0.8,0.0,0.350,-160.0,-85,HAYIR,HAYIR
2026-08-19 09:30:48.418,0.30,0.27,30,0.8,0.0,0.350,-160.0,-86,HAYIR,HAYIR
2026-08-19 09:30:48.438,0.30,0.27,30,0.8,0.0,0.350,-160.0,-87,HAYIR,HAYIR
2026-08-19 09:30:48.458,0.30,0.27,30,0.8,0.0,0.350,-160.0,-88,HAYIR,HAYIR
2026-08-19 09:30:48.478,0.30,0.27,30,0.8,0.0,0.350,-160.0,-90,HAYIR,HAYIR
2026-08-19 09:30:48.498,0.30,0.27,30,0.8,0.0,0.350,-160.0,-91,HAYIR,HAYIR
2026-08-19 09:30:48.518,0.30,0.27,30,0.9,0.0,0.350,-160.0,-92,HAYIR,HAYIR
2026-08-19 09:30:48.538,0.30,0.27,30,0.9,0.0,0.350,-160.0,-93,HAYIR,HAYIR
2026-08-19 09:30:48.558,0.30,0.27,30,0.9,0.0,0.350,-160.0,-94,HAYIR,HAYIR
2026-08-19 09:30:48.578,0.30,0.27,30,0.9,0.0,0.350,-160.0,-96,HAYIR,HAYIR
2026-08-19 09:30:48.598,0.30,0.27,30,0.9,0.0,0.350,-160.0,-97,HAYIR,HAYIR
2026-08-19 09:30:48.618,0.30,0.27,30,1.0,0.0,0.350,-160.0,-98,HAYIR,HAYIR
2026-08-19 09:30:48.638,0.30,0.27,30,1.0,0.0,0.350,-160.0,-99,HAYIR,HAYIR
2026-08-19 09:30:48.658,0.30,0.27,30,1.0,0.0,0.350,-160.0,-100,HAYIR,HAYIR
2026-08-19 09:30:48.678,0.30,0.27,30,1.0,0.0,0.350,-160.0,-102,HAYIR,HAYIR
2026-08-19 09:30:48.698,0.30,0.27,30,1.1,0.0,0.350,-160.0,-103,HAYIR,HAYIR
2026-08-19 09:30:48.718,0.30,0.27,30,1.1,0.0,0.350,-160.0,-104,HAYIR,HAYIR
2026-08-19 09:30:48.738,0.30,0.27,30,1.1,0.0,0.350,-160.0,-105,HAYIR,HAYIR
2026-08-19 09:30:48.758,0.30,0.27,30,1.1,0.0,0.350,-160.0,-106,HAYIR,HAYIR
2026-08-19 09:30:48.778,0.30,0.27,30,1.1,0.0,0.350,-160.0,-108,HAYIR,HAYIR
2026-08-19 09:30:48.798,0.30,0.27,30,1.2,0.0,0.350,-160.0,-109,HAYIR,HAYIR
2026-08-19 09:30:48.818,0.30,0.27,30,1.2,0.0,0.350,-160.0,-110,HAYIR,HAYIR
2026-08-19 09:30:48.838,0.30,0.27,30,1.2,0.0,0.350,-160.0,-111,HAYIR,HAYIR
2026-08-19 09:30:48.858,0.30,0.27,30,1.2,0.0,0.350,-160.0,-112,HAYIR,HAYIR
2026-08-19 09:30:48.878,0.30,0.27,31,1.2,0.0,0.350,-160.0,-114,HAYIR,HAYIR
2026-08-19 09:30:48.898,0.30,0.27,31,1.2,0.0,0.350,-160.0,-115,HAYIR,HAYIR
2026-08-19 09:30:48.918,0.30,0.27,31,1.3,0.0,0.350,-160.0,-116,HAYIR,HAYIR
2026-08-19 09:30:48.938,0.30,0.27,31,1.3,0.0,0.350,-160.0,-117,HAYIR,HAYIR
2026-08-19 09:30:48.958,0.30,0.28,30,1.3,0.0,0.350,-160.0,-118,HAYIR,HAYIR
2026-08-19 09:30:48.977,0.30,0.28,31,1.3,0.0,0.350,-160.0,-120,HAYIR,HAYIR
2026-08-19 09:30:48.998,0.30,0.28,31,1.3,0.0,0.350,-160.0,-121,HAYIR,HAYIR
2026-08-19 09:30:49.018,0.30,0.28,31,1.4,0.0,0.350,-160.0,-122,HAYIR,HAYIR
2026-08-19 09:30:49.038,0.30,0.28,31,1.4,0.0,0.350,-160.0,-123,HAYIR,HAYIR
2026-08-19 09:30:49.058,0.30,0.28,31,1.4,0.0,0.350,-160.0,-124,HAYIR,HAYIR
2026-08-19 09:30:49.078,0.30,0.28,31,1.4,0.0,0.350,-160.0,-126,HAYIR,HAYIR
2026-08-19 09:30:49.098,0.30,0.28,31,1.4,0.0,0.350,-160.0,-127,HAYIR,HAYIR
2026-08-19 09:30:49.118,0.30,0.28,31,1.5,0.0,0.350,-160.0,-128,HAYIR,HAYIR
2026-08-19 09:30:49.138,0.30,0.28,31,1.5,0.0,0.350,-160.0,-129,HAYIR,HAYIR
2026-08-19 09:30:49.158,0.30,0.28,31,1.5,0.0,0.350,-160.0,-130,HAYIR,HAYIR
2026-08-19 09:30:49.178,0.30,0.28,31,1.5,0.0,0.350,-160.0,-132,HAYIR,HAYIR
2026-08-19 09:30:49.198,0.30,0.28,31,1.6,0.0,0.350,-160.0,-133,HAYIR,HAYIR
2026-08-19 09:30:49.218,0.30,0.28,31,1.6,0.0,0.350,-160.0,-134,HAYIR,HAYIR
2026-08-19 09:30:49.238,0.30,0.28,31,1.6,0.0,0.350,-160.0,-135,HAYIR,HAYIR
2026-08-19 09:30:49.258,0.30,0.28,31,1.6,0.0,0.350,-160.0,-136,HAYIR,HAYIR
2026-08-19 09:30:49.278,0.30,0.30,30,1.6,0.0,0.350,-160.0,-138,HAYIR,HAYIR
2026-08-19 09:30:49.298,0.30,0.30,30,1.7,0.0,0.350,-160.0,-139,HAYIR,HAYIR
2026-08-19 09:30:49.318,0.30,0.30,30,1.7,0.0,0.350,-160.0,-140,HAYIR,HAYIR
2026-08-19 09:30:49.338,0.30,0.30,30,1.7,0.0,0.350,-160.0,-141,HAYIR,HAYIR
2026-08-19 09:30:49.358,0.30,0.30,30,1.7,0.0,0.350,-160.0,-142,HAYIR,HAYIR
2026-08-19 09:30:49.378,0.30,0.30,30,1.7,0.0,0.350,-160.0,-144,HAYIR,HAYIR
2026-08-19 09:30:49.398,0.30,0.30,30,1.8,0.0,0.350,-160.0,-145,HAYIR,HAYIR
2026-08-19 09:30:49.418,0.30,0.30,30,1.8,0.0,0.350,-160.0,-146,HAYIR,HAYIR
2026-08-19 09:30:49.438,0.30,0.30,30,1.8,0.0,0.350,-160.0,-147,HAYIR,HAYIR
2026-08-19 09:30:49.458,0.30,0.30,30,1.8,0.0,0.350,-160.0,-148,HAYIR,HAYIR
2026-08-19 09:30:49.478,0.30,0.30,30,1.8,0.0,0.350,-160.0,-150,HAYIR,HAYIR
2026-08-19 09:30:49.498,0.30,0.30,30,1.8,0.0,0.350,-160.0,-151,HAYIR,HAYIR
2026-08-19 09:30:49.518,0.30,0.30,30,1.9,0.0,0.350,-160.0,-152,HAYIR,HAYIR
2026-08-19 09:30:49.538,0.30,0.30,30,1.9,0.0,0.350,-160.0,-153,HAYIR,HAYIR
2026-08-19 09:30:49.558,0.30,0.30,30,1.9,0.0,0.350,-160.0,-154,HAYIR,HAYIR
2026-08-19 09:30:49.578,0.30,0.30,30,1.9,0.0,0.350,-160.0,-156,HAYIR,HAYIR
2026-08-19 09:30:49.598,0.30,0.30,30,1.9,0.0,0.350,-160.0,-157,HAYIR,HAYIR
2026-08-19 09:30:49.618,0.30,0.30,30,2.0,0.0,0.350,-160.0,-158,HAYIR,HAYIR
2026-08-19 09:30:49.638,0.30,0.33,30,2.0,0.0,0.350,-160.0,-159,HAYIR,HAYIR
2026-08-19 09:30:49.658,0.30,0.33,30,2.0,0.0,0.350,-160.0,-160,HAYIR,HAYIR
2026-08-19 09:30:49.678,0.30,0.33,30,2.0,0.0,0.350,-160.0,-160,HAYIR,HAYIR
2026-08-19 09:30:49.698,0.30,0.33,30,2.0,0.0,0.350,-160.0,-160,HAYIR,HAYIR
2026-08-19 09:30:49.718,0.30,0.33,30,2.0,0.0,0.350,-160.0,-160,HAYIR,HAYIR
2026-08-19 09:30:49.738,0.30,0.33,30,2.0,0.0,0.350,-160.0,-160,HAYIR,HAYIR
2026-08-19 09:30:49.758,0.30,0.33,30,2.0,0.0,0.350,-160.0,-160,HAYIR,HAYIR
2026-08-19 09:30:49.778,0.30,0.33,30,2.0,0.0,0.350,-160.0,-160,HAYIR,HAYIR
2026-08-19 09:30:49.798,0.30,0.33,30,2.0,0.0,0.350,-160.0,-160,HAYIR,HAYIR
2026-08-19 09:30:49.818,0.30,0.33,30,2.0,0.0,0.350,-160.0,-160,HAYIR,HAYIR
2026-08-19 09:30:49.838,0.30,0.33,30,2.0,0.0,0.350,-160.0,-160,HAYIR,HAYIR
2026-08-19 09:30:49.858,0.30,0.33,30,2.0,0.0,0.350,-160.0,-160,HAYIR,HAYIR
2026-08-19 09:30:49.878,0.30,0.33,30,2.0,0.0,0.350,-160.0,-160,HAYIR,HAYIR
2026-08-19 09:30:49.898,0.30,0.33,30,2.0,0.0,0.350,-160.0,-160,HAYIR,HAYIR
2026-08-19 09:30:49.918,0.30,0.35,30,2.0,0.0,0.350,-160.0,-160,HAYIR,HAYIR
2026-08-19 09:30:49.938,0.30,0.35,30,2.0,0.0,0.350,-160.0,-160,HAYIR,HAYIR
2026-08-19 09:30:49.958,0.30,0.35,30,2.0,0.0,0.350,-160.0,-160,HAYIR,HAYIR
2026-08-19 09:30:49.978,0.30,0.35,30,2.0,0.0,0.350,-160.0,-160,HAYIR,HAYIR
2026-08-19 09:30:49.998,0.30,0.35,30,2.0,0.0,0.350,-160.0,-160,HAYIR,HAYIR
2026-08-19 09:30:50.018,0.30,0.35,30,2.0,0.0,0.350,-160.0,-160,HAYIR,HAYIR
2026-08-19 09:30:50.038,0.30,0.35,30,2.0,0.0,0.350,-160.0,-160,HAYIR,HAYIR
2026-08-19 09:30:50.058,0.30,0.35,30,2.0,0.0,0.350,-160.0,-160,HAYIR,HAYIR
2026-08-19 09:30:50.078,0.30,0.35,30,2.0,0.0,0.350,-160.0,-160,HAYIR,HAYIR
2026-08-19 09:30:50.098,0.30,0.35,30,2.0,0.0,0.350,-160.0,-160,HAYIR,HAYIR
2026-08-19 09:30:50.118,0.30,0.35,30,2.0,0.0,0.350,-160.0,-160,HAYIR,HAYIR
2026-08-19 09:30:50.138,0.30,0.35,30,2.0,0.0,0.350,-160.0,-160,HAYIR,HAYIR
2026-08-19 09:30:50.158,0.30,0.35,30,2.0,0.0,0.350,-160.0,-160,HAYIR,HAYIR
2026-08-19 09:30:50.178,0.30,0.35,30,2.0,0.0,0.350,-160.0,-160,HAYIR,HAYIR
2026-08-19 09:30:50.198,0.30,0.35,30,2.0,0.0,0.350,-160.0,-160,HAYIR,HAYIR
2026-08-19 09:30:50.218,0.30,0.35,30,2.0,0.0,0.350,-160.0,-160,HAYIR,HAYIR
2026-08-19 09:30:50.238,0.30,0.35,30,2.0,0.0,0.350,-160.0,-160,HAYIR,HAYIR
2026-08-19 09:30:50.258,0.30,0.35,30,2.0,0.0,0.350,-160.0,-160,HAYIR,HAYIR
2026-08-19 09:30:50.278,0.30,0.35,30,2.0,0.0,0.350,-160.0,-160,HAYIR,HAYIR
2026-08-19 09:30:50.298,0.30,0.35,30,2.0,0.0,0.350,-160.0,-160,HAYIR,HAYIR
2026-08-19 09:30:50.318,0.30,0.37,30,2.0,0.0,0.350,-160.0,-160,HAYIR,HAYIR
2026-08-19 09:30:50.338,0.30,0.37,30,2.0,0.0,0.350,-160.0,-160,HAYIR,HAYIR
2026-08-19 09:30:50.358,0.30,0.37,30,2.0,0.0,0.350,-160.0,-160,HAYIR,HAYIR
2026-08-19 09:30:50.378,0.30,0.37,30,2.0,0.0,0.350,-160.0,-160,HAYIR,HAYIR
2026-08-19 09:30:50.398,0.30,0.37,30,2.0,0.0,0.350,-160.0,-160,HAYIR,HAYIR
2026-08-19 09:30:50.418,0.30,0.37,30,2.0,0.0,0.350,-160.0,-160,HAYIR,HAYIR
2026-08-19 09:30:50.438,0.30,0.37,30,2.0,0.0,0.350,-160.0,-160,HAYIR,HAYIR
2026-08-19 09:30:50.458,0.30,0.37,30,2.0,0.0,0.350,-160.0,-160,HAYIR,HAYIR
2026-08-19 09:30:50.478,0.30,0.37,30,2.0,0.0,0.350,-160.0,-160,HAYIR,HAYIR
2026-08-19 09:30:50.498,0.30,0.37,30,2.0,0.0,0.350,-160.0,-160,HAYIR,HAYIR
2026-08-19 09:30:50.518,0.30,0.37,30,2.0,0.0,0.350,-160.0,-160,HAYIR,HAYIR
2026-08-19 09:30:50.538,0.30,0.37,30,2.0,0.0,0.350,-160.0,-160,HAYIR,HAYIR
2026-08-19 09:30:50.558,0.30,0.37,30,2.0,0.0,0.350,-160.0,-160,HAYIR,HAYIR
2026-08-19 09:30:50.578,0.30,0.37,30,2.0,0.0,0.350,-160.0,-160,HAYIR,HAYIR
2026-08-19 09:30:50.598,0.30,0.38,30,2.0,0.0,0.350,-160.0,-160,HAYIR,HAYIR
2026-08-19 09:30:50.618,0.30,0.38,30,2.0,0.0,0.350,-160.0,-160,HAYIR,HAYIR
2026-08-19 09:30:50.638,0.30,0.38,30,2.0,0.0,0.350,-160.0,-160,HAYIR,HAYIR
2026-08-19 09:30:50.658,0.30,0.38,30,2.0,0.0,0.350,-160.0,-160,HAYIR,HAYIR
2026-08-19 09:30:50.678,0.30,0.38,30,2.0,0.0,0.350,-160.0,-160,HAYIR,HAYIR
2026-08-19 09:30:50.698,0.30,0.38,30,2.0,0.0,0.350,-160.0,-160,HAYIR,HAYIR
2026-08-19 09:30:50.718,0.30,0.38,30,2.0,0.0,0.350,-160.0,-160,HAYIR,HAYIR
2026-08-19 09:30:50.738,0.30,0.38,30,2.0,0.0,0.350,-160.0,-160,HAYIR,HAYIR
2026-08-19 09:30:50.758,0.30,0.38,30,2.0,0.0,0.350,-160.0,-160,HAYIR,HAYIR
2026-08-19 09:30:50.778,0.30,0.38,30,2.0,0.0,0.350,-160.0,-160,HAYIR,HAYIR
2026-08-19 09:30:50.798,0.30,0.38,30,2.0,0.0,0.350,-160.0,-160,HAYIR,HAYIR
2026-08-19 09:30:50.818,0.30,0.38,30,2.0,0.0,0.350,-160.0,-160,HAYIR,HAYIR
2026-08-19 09:30:50.838,0.30,0.38,30,2.0,0.0,0.350,-160.0,-160,HAYIR,HAYIR
2026-08-19 09:30:50.858,0.30,0.38,30,2.0,0.0,0.350,-160.0,-160,HAYIR,HAYIR
2026-08-19 09:30:50.878,0.30,0.38,30,2.0,0.0,0.350,-160.0,-160,HAYIR,HAYIR
2026-08-19 09:30:50.898,0.30,0.38,30,2.0,0.0,0.350,-160.0,-160,HAYIR,HAYIR
2026-08-19 09:30:50.918,0.30,0.38,30,2.0,0.0,0.350,-160.0,-160,HAYIR,HAYIR
2026-08-19 09:30:50.938,0.30,0.38,30,2.0,0.0,0.350,-160.0,-160,HAYIR,HAYIR
2026-08-19 09:30:50.958,0.30,0.38,30,2.0,0.0,0.350,-160.0,-160,HAYIR,HAYIR
2026-08-19 09:30:50.978,0.30,0.38,30,2.0,0.0,0.350,-160.0,-160,HAYIR,HAYIR
2026-08-19 09:30:50.998,0.30,0.38,30,2.0,0.0,0.350,-160.0,-160,HAYIR,HAYIR
2026-08-19 09:30:51.018,0.30,0.38,30,2.0,0.0,0.350,-160.0,-160,HAYIR,HAYIR
2026-08-19 09:30:51.038,0.30,0.38,30,2.0,0.0,0.350,-160.0,-160,HAYIR,HAYIR
2026-08-19 09:30:51.058,0.30,0.38,30,2.0,0.0,0.350,-160.0,-160,HAYIR,HAYIR
2026-08-19 09:30:51.078,0.30,0.38,30,2.0,0.0,0.350,-160.0,-160,HAYIR,HAYIR
2026-08-19 09:30:51.098,0.30,0.38,30,2.0,0.0,0.350,-160.0,-160,HAYIR,HAYIR
2026-08-19 09:30:51.118,0.30,0.38,30,2.0,0.0,0.350,-160.0,-160,HAYIR,HAYIR
2026-08-19 09:30:51.138,0.30,0.38,30,2.0,0.0,0.350,-160.0,-160,HAYIR,HAYIR
2026-08-19 09:30:51.158,0.30,0.38,30,2.0,0.0,0.350,-160.0,-160,HAYIR,HAYIR
2026-08-19 09:30:51.178,0.30,0.38,30,2.0,0.0,0.350,-160.0,-160,HAYIR,HAYIR
2026-08-19 09:30:51.198,0.30,0.38,30,2.0,0.0,0.350,-160.0,-160,HAYIR,HAYIR
2026-08-19 09:30:51.218,0.30,0.38,30,2.0,0.0,0.350,-160.0,-160,HAYIR,HAYIR
2026-08-19 09:30:51.238,0.30,0.38,30,2.0,0.0,0.350,-160.0,-160,HAYIR,HAYIR
2026-08-19 09:30:51.258,0.30,0.38,30,2.0,0.0,0.350,-160.0,-160,HAYIR,HAYIR
2026-08-19 09:30:51.278,0.30,0.38,30,2.0,0.0,0.350,-160.0,-160,HAYIR,HAYIR
2026-08-19 09:30:51.298,0.30,0.38,30,2.0,0.0,0.350,-160.0,-160,HAYIR,HAYIR
2026-08-19 09:30:51.318,0.30,0.38,30,2.0,0.0,0.350,-160.0,-160,HAYIR,HAYIR
2026-08-19 09:30:51.338,0.30,0.38,30,2.0,0.0,0.350,-160.0,-160,HAYIR,HAYIR
2026-08-19 09:30:51.358,0.30,0.38,30,2.0,0.0,0.350,-160.0,-160,HAYIR,HAYIR
2026-08-19 09:30:51.378,0.30,0.38,30,2.0,0.0,0.350,-160.0,-160,HAYIR,HAYIR
2026-08-19 09:30:51.398,0.30,0.38,30,2.0,0.0,0.350,-160.0,-160,HAYIR,HAYIR
2026-08-19 09:30:51.418,0.30,0.38,30,2.0,0.0,0.350,-160.0,-160,HAYIR,HAYIR
2026-08-19 09:30:51.438,0.30,0.38,30,2.0,0.0,0.350,-160.0,-160,HAYIR,HAYIR
2026-08-19 09:30:51.458,0.30,0.38,30,2.0,0.0,0.350,-160.0,-160,HAYIR,HAYIR
2026-08-19 09:30:51.478,0.30,0.38,30,2.0,0.0,0.350,-160.0,-160,HAYIR,HAYIR
2026-08-19 09:30:51.498,0.30,0.38,30,2.0,0.0,0.350,-160.0,-160,HAYIR,HAYIR
2026-08-19 09:30:51.518,0.30,0.38,30,2.0,0.0,0.350,-160.0,-160,HAYIR,HAYIR
2026-08-19 09:30:51.538,0.30,0.38,30,2.0,0.0,0.350,-160.0,-160,HAYIR,HAYIR
2026-08-19 09:30:51.558,0.30,0.38,30,2.0,0.0,0.350,-160.0,-160,HAYIR,HAYIR
2026-08-19 09:30:51.578,0.30,0.38,30,2.0,0.0,0.350,-160.0,-160,HAYIR,HAYIR
2026-08-19 09:30:51.598,0.30,0.38,30,2.0,0.0,0.350,-160.0,-160,HAYIR,HAYIR
2026-08-19 09:30:51.618,0.30,0.38,30,2.0,0.0,0.350,-160.0,-160,HAYIR,HAYIR
2026-08-19 09:30:51.638,0.30,0.38,30,2.0,0.0,0.350,-160.0,-160,HAYIR,HAYIR
2026-08-19 09:30:51.658,0.30,0.37,30,2.0,0.0,0.350,-160.0,-160,HAYIR,HAYIR
2026-08-19 09:30:51.678,0.30,0.37,30,2.0,0.0,0.350,-160.0,-160,HAYIR,HAYIR
2026-08-19 09:30:51.698,0.30,0.37,30,2.0,0.0,0.350,-160.0,-160,HAYIR,HAYIR
2026-08-19 09:30:51.718,0.30,0.37,30,2.0,0.0,0.350,-160.0,-160,HAYIR,HAYIR
2026-08-19 09:30:51.738,0.30,0.37,30,2.0,0.0,0.350,-160.0,-160,HAYIR,HAYIR
2026-08-19 09:30:51.758,0.30,0.37,30,2.0,0.0,0.350,-160.0,-160,HAYIR,HAYIR
2026-08-19 09:30:51.778,0.30,0.37,30,2.0,0.0,0.350,-160.0,-160,HAYIR,HAYIR
2026-08-19 09:30:51.798,0.30,0.37,30,2.0,0.0,0.350,-160.0,-160,HAYIR,HAYIR
2026-08-19 09:30:51.818,0.30,0.37,30,2.0,0.0,0.350,-160.0,-160,HAYIR,HAYIR
2026-08-19 09:30:51.838,0.30,0.37,30,2.0,0.0,0.350,-160.0,-160,HAYIR,HAYIR
2026-08-19 09:30:51.858,0.30,0.37,30,2.0,0.0,0.350,-160.0,-160,HAYIR,HAYIR
2026-08-19 09:30:51.878,0.30,0.37,30,2.0,0.0,0.350,-160.0,-160,HAYIR,HAYIR
2026-08-19 09:30:51.898,0.30,0.37,30,2.0,0.0,0.350,-160.0,-160,HAYIR,HAYIR
2026-08-19 09:30:51.918,0.30,0.37,30,2.0,0.0,0.350,-160.0,-160,HAYIR,HAYIR
2026-08-19 09:30:51.938,0.30,0.36,30,2.0,0.0,0.350,-160.0,-160,HAYIR,HAYIR
2026-08-19 09:30:51.958,0.30,0.36,30,2.0,0.0,0.350,-160.0,-160,HAYIR,HAYIR
2026-08-19 09:30:51.978,0.30,0.36,30,2.0,0.0,0.350,-160.0,-160,HAYIR,HAYIR
2026-08-19 09:30:51.998,0.30,0.36,30,2.0,0.0,0.350,-160.0,-160,HAYIR,HAYIR
2026-08-19 09:30:52.018,0.30,0.36,30,2.0,0.0,0.350,-160.0,-160,HAYIR,HAYIR
2026-08-19 09:30:52.038,0.30,0.36,30,2.0,0.0,0.350,-160.0,-160,HAYIR,HAYIR
2026-08-19 09:30:52.058,0.30,0.36,30,2.0,0.0,0.350,-160.0,-160,HAYIR,HAYIR
2026-08-19 09:30:52.078,0.30,0.36,30,2.0,0.0,0.350,-160.0,-160,HAYIR,HAYIR
2026-08-19 09:30:52.098,0.30,0.36,30,2.0,0.0,0.350,-160.0,-160,HAYIR,HAYIR
2026-08-19 09:30:52.118,0.30,0.36,30,2.0,0.0,0.350,-160.0,-160,HAYIR,HAYIR
2026-08-19 09:30:52.138,0.30,0.36,30,2.0,0.0,0.350,-160.0,-160,HAYIR,HAYIR
2026-08-19 09:30:52.158,0.30,0.36,30,2.0,0.0,0.350,-160.0,-160,HAYIR,HAYIR
2026-08-19 09:30:52.178,0.30,0.36,30,2.0,0.0,0.350,-160.0,-160,HAYIR,HAYIR
2026-08-19 09:30:52.198,0.30,0.36,30,2.0,0.0,0.350,-160.0,-160,HAYIR,HAYIR
2026-08-19 09:30:52.218,0.30,0.36,30,2.0,0.0,0.350,-160.0,-160,HAYIR,HAYIR
2026-08-19 09:30:52.238,0.30,0.36,30,2.0,0.0,0.350,-160.0,-160,HAYIR,HAYIR
2026-08-19 09:30:52.258,0.30,0.36,30,2.0,0.0,0.350,-160.0,-160,HAYIR,HAYIR
2026-08-19 09:30:52.278,0.30,0.36,30,2.0,0.0,0.350,-160.0,-160,HAYIR,HAYIR
2026-08-19 09:30:52.298,0.30,0.36,30,2.0,0.0,0.350,-160.0,-160,HAYIR,HAYIR
2026-08-19 09:30:52.318,0.30,0.36,30,2.0,0.0,0.350,-160.0,-160,HAYIR,HAYIR
2026-08-19 09:30:52.338,0.30,0.35,30,2.0,0.0,0.350,-160.0,-160,HAYIR,HAYIR
2026-08-19 09:30:52.358,0.30,0.35,30,2.0,0.0,0.350,-160.0,-160,HAYIR,HAYIR
2026-08-19 09:30:52.378,0.30,0.35,30,2.0,0.0,0.350,-160.0,-160,HAYIR,HAYIR
2026-08-19 09:30:52.398,0.30,0.35,30,2.0,0.0,0.350,-160.0,-160,HAYIR,HAYIR
2026-08-19 09:30:52.418,0.30,0.35,30,2.0,0.0,0.350,-160.0,-160,HAYIR,HAYIR
2026-08-19 09:30:52.438,0.30,0.35,30,2.0,0.0,0.350,-160.0,-160,HAYIR,HAYIR
2026-08-19 09:30:52.458,0.30,0.35,30,2.0,0.0,0.350,-160.0,-160,HAYIR,HAYIR
2026-08-19 09:30:52.478,0.30,0.35,30,2.0,0.0,0.350,-160.0,-160,HAYIR,HAYIR
2026-08-19 09:30:52.498,0.30,0.35,30,2.0,0.0,0.350,-160.0,-160,HAYIR,HAYIR
2026-08-19 09:30:52.518,0.30,0.35,30,2.0,0.0,0.350,-160.0,-160,HAYIR,HAYIR
2026-08-19 09:30:52.538,0.30,0.35,30,2.0,0.0,0.350,-160.0,-160,HAYIR,HAYIR
2026-08-19 09:30:52.558,0.30,0.35,30,2.0,0.0,0.350,-160.0,-160,HAYIR,HAYIR
2026-08-19 09:30:52.578,0.30,0.35,30,2.0,0.0,0.350,-160.0,-160,HAYIR,HAYIR
2026-08-19 09:30:52.598,0.30,0.35,30,2.0,0.0,0.350,-160.0,-160,HAYIR,HAYIR
2026-08-19 09:30:52.618,0.30,0.34,30,2.0,0.0,0.350,-160.0,-160,HAYIR,HAYIR
2026-08-19 09:30:52.638,0.30,0.34,30,2.0,0.0,0.350,-160.0,-160,HAYIR,HAYIR
2026-08-19 09:30:52.658,0.30,0.34,30,2.0,0.0,0.350,-160.0,-160,HAYIR,HAYIR
2026-08-19 09:30:52.678,0.30,0.34,30,2.0,0.0,0.350,-160.0,-160,HAYIR,HAYIR
2026-08-19 09:30:52.698,0.30,0.34,30,2.0,0.0,0.350,-160.0,-160,HAYIR,HAYIR
2026-08-19 09:30:52.718,0.30,0.34,30,2.0,0.0,0.350,-160.0,-160,HAYIR,HAYIR
2026-08-19 09:30:52.738,0.30,0.34,30,2.0,0.0,0.350,-160.0,-160,HAYIR,HAYIR
2026-08-19 09:30:52.758,0.30,0.34,30,2.0,0.0,0.350,-160.0,-160,HAYIR,HAYIR
2026-08-19 09:30:52.778,0.30,0.34,30,2.0,0.0,0.350,-160.0,-160,HAYIR,HAYIR
2026-08-19 09:30:52.798,0.30,0.34,30,2.0,0.0,0.350,-160.0,-160,HAYIR,HAYIR
2026-08-19 09:30:52.818,0.30,0.34,30,2.0,0.0,0.350,-160.0,-160,HAYIR,HAYIR
2026-08-19 09:30:52.838,0.30,0.34,30,2.0,0.0,0.350,-160.0,-160,HAYIR,HAYIR
2026-08-19 09:30:52.858,0.30,0.34,30,2.0,0.0,0.350,-160.0,-160,HAYIR,HAYIR
2026-08-19 09:30:52.878,0.30,0.34,30,2.0,0.0,0.350,-160.0,-160,HAYIR,HAYIR
2026-08-19 09:30:52.898,0.30,0.34,30,2.0,0.0,0.350,-160.0,-160,HAYIR,HAYIR
2026-08-19 09:30:52.918,0.30,0.34,30,2.0,0.0,0.350,-160.0,-160,HAYIR,HAYIR
2026-08-19 09:30:52.938,0.30,0.34,30,2.0,0.0,0.350,-160.0,-160,HAYIR,HAYIR
2026-08-19 09:30:52.958,0.30,0.34,30,2.0,0.0,0.350,-160.0,-160,HAYIR,HAYIR
2026-08-19 09:30:52.978,0.30,0.34,30,2.0,0.0,0.350,-160.0,-160,HAYIR,HAYIR
2026-08-19 09:30:52.998,0.30,0.31,30,2.0,0.0,0.350,-160.0,-160,HAYIR,HAYIR
2026-08-19 09:30:53.018,0.30,0.31,30,2.0,0.0,0.350,-160.0,-160,HAYIR,HAYIR
2026-08-19 09:30:53.038,0.30,0.31,30,2.0,0.0,0.350,-160.0,-160,HAYIR,HAYIR
2026-08-19 09:30:53.058,0.30,0.31,30,2.0,0.0,0.350,-160.0,-160,HAYIR,HAYIR
2026-08-19 09:30:53.078,0.30,0.31,30,2.0,0.0,0.350,-160.0,-160,HAYIR,HAYIR
2026-08-19 09:30:53.098,0.30,0.31,30,2.0,0.0,0.350,-160.0,-160,HAYIR,HAYIR
2026-08-19 09:30:53.118,0.30,0.31,30,2.0,0.0,0.350,-160.0,-160,HAYIR,HAYIR
2026-08-19 09:30:53.138,0.30,0.31,30,2.0,0.0,0.350,-160.0,-160,HAYIR,HAYIR
2026-08-19 09:30:53.158,0.30,0.31,30,2.0,0.0,0.350,-160.0,-160,HAYIR,HAYIR
2026-08-19 09:30:53.178,0.30,0.31,30,2.0,0.0,0.350,-160.0,-160,HAYIR,HAYIR
2026-08-19 09:30:53.198,0.30,0.31,30,2.0,0.0,0.350,-160.0,-160,HAYIR,HAYIR
2026-08-19 09:30:53.218,0.30,0.31,30,2.0,0.0,0.350,-160.0,-160,HAYIR,HAYIR
2026-08-19 09:30:53.238,0.30,0.31,30,2.0,0.0,0.350,-160.0,-160,HAYIR,HAYIR
2026-08-19 09:30:53.258,0.30,0.31,30,2.0,0.0,0.350,-160.0,-160,HAYIR,HAYIR
2026-08-19 09:30:53.278,0.30,0.31,30,2.0,0.0,0.350,-160.0,-160,HAYIR,HAYIR
2026-08-19 09:30:53.298,0.30,0.29,32,2.0,0.0,0.350,-160.0,-160,HAYIR,HAYIR
2026-08-19 09:30:53.318,0.30,0.29,31,2.0,0.0,0.350,-160.0,-160,HAYIR,HAYIR
2026-08-19 09:30:53.338,0.30,0.29,31,2.0,0.0,0.350,-160.0,-160,HAYIR,HAYIR
2026-08-19 09:30:53.358,0.30,0.29,31,2.0,0.0,0.350,-160.0,-160,HAYIR,HAYIR
2026-08-19 09:30:53.378,0.30,0.29,31,2.0,0.0,0.350,-160.0,-160,HAYIR,HAYIR
2026-08-19 09:30:53.398,0.30,0.29,31,2.0,0.0,0.350,-160.0,-160,HAYIR,HAYIR
2026-08-19 09:30:53.418,0.30,0.29,31,2.0,0.0,0.350,-160.0,-160,HAYIR,HAYIR
2026-08-19 09:30:53.438,0.30,0.29,31,2.0,0.0,0.350,-160.0,-160,HAYIR,HAYIR
2026-08-19 09:30:53.458,0.30,0.29,31,2.0,0.0,0.350,-160.0,-160,HAYIR,HAYIR
2026-08-19 09:30:53.478,0.30,0.29,31,2.0,0.0,0.350,-160.0,-160,HAYIR,HAYIR
2026-08-19 09:30:53.498,0.30,0.29,31,2.0,0.0,0.350,-160.0,-160,HAYIR,HAYIR
2026-08-19 09:30:53.518,0.30,0.29,31,2.0,0.0,0.350,-160.0,-160,HAYIR,HAYIR
2026-08-19 09:30:53.538,0.30,0.29,31,2.0,0.0,0.350,-160.0,-160,HAYIR,HAYIR
2026-08-19 09:30:53.558,0.30,0.29,31,2.0,0.0,0.350,-160.0,-160,HAYIR,HAYIR
2026-08-19 09:30:53.578,0.30,0.26,32,2.0,0.0,0.350,-160.0,-160,HAYIR,HAYIR
2026-08-19 09:30:53.598,0.30,0.26,31,2.0,0.0,0.350,-160.0,-160,HAYIR,HAYIR
2026-08-19 09:30:53.618,0.30,0.26,31,2.0,0.0,0.350,-160.0,-160,HAYIR,HAYIR
2026-08-19 09:30:53.638,0.30,0.26,31,2.0,0.0,0.350,-160.0,-160,HAYIR,HAYIR
2026-08-19 09:30:53.658,0.30,0.26,31,2.0,0.0,0.350,-160.0,-160,HAYIR,HAYIR
2026-08-19 09:30:53.678,0.30,0.26,31,2.0,0.0,0.350,-160.0,-160,HAYIR,HAYIR
2026-08-19 09:30:53.698,0.30,0.26,31,2.0,0.0,0.350,-160.0,-160,HAYIR,HAYIR
2026-08-19 09:30:53.718,0.30,0.26,31,2.0,0.0,0.350,-160.0,-160,HAYIR,HAYIR
2026-08-19 09:30:53.738,0.30,0.26,31,2.0,0.0,0.350,-160.0,-160,HAYIR,HAYIR
2026-08-19 09:30:53.758,0.30,0.26,31,2.0,0.0,0.350,-160.0,-160,HAYIR,HAYIR
2026-08-19 09:30:53.778,0.30,0.26,31,2.0,0.0,0.350,-160.0,-160,HAYIR,HAYIR
2026-08-19 09:30:53.798,0.30,0.26,31,2.0,0.0,0.350,-160.0,-160,HAYIR,HAYIR
2026-08-19 09:30:53.818,0.30,0.26,31,2.0,0.0,0.350,-160.0,-160,HAYIR,HAYIR
2026-08-19 09:30:53.838,0.30,0.26,31,2.0,0.0,0.350,-160.0,-160,HAYIR,HAYIR
2026-08-19 09:30:53.858,0.30,0.26,31,2.0,0.0,0.350,-160.0,-160,HAYIR,HAYIR
2026-08-19 09:30:53.878,0.30,0.26,31,2.0,0.0,0.350,-160.0,-160,HAYIR,HAYIR
2026-08-19 09:30:53.898,0.30,0.26,31,2.0,0.0,0.350,-160.0,-160,HAYIR,HAYIR
2026-08-19 09:30:53.918,0.30,0.26,31,2.0,0.0,0.350,-160.0,-160,HAYIR,HAYIR
2026-08-19 09:30:53.938,0.30,0.26,31,2.0,0.0,0.350,-160.0,-160,HAYIR,HAYIR
2026-08-19 09:30:53.958,0.30,0.25,32,2.0,0.0,0.350,-160.0,-160,HAYIR,HAYIR
2026-08-19 09:30:53.978,0.30,0.25,31,2.0,0.0,0.350,-160.0,-160,HAYIR,HAYIR
2026-08-19 09:30:53.998,0.30,0.25,31,2.0,0.0,0.350,-160.0,-160,HAYIR,HAYIR
2026-08-19 09:30:54.018,0.30,0.25,31,2.0,0.0,0.350,-160.0,-160,HAYIR,HAYIR
2026-08-19 09:30:54.038,0.30,0.25,31,2.0,0.0,0.350,-160.0,-160,HAYIR,HAYIR
2026-08-19 09:30:54.058,0.30,0.25,31,2.0,0.0,0.350,-160.0,-160,HAYIR,HAYIR
2026-08-19 09:30:54.078,0.30,0.25,31,2.0,0.0,0.350,-160.0,-160,HAYIR,HAYIR
2026-08-19 09:30:54.098,0.30,0.25,31,2.0,0.0,0.350,-160.0,-160,HAYIR,HAYIR
2026-08-19 09:30:54.118,0.30,0.25,31,2.0,0.0,0.350,-160.0,-160,HAYIR,HAYIR
2026-08-19 09:30:54.138,0.30,0.25,31,2.0,0.0,0.350,-160.0,-160,HAYIR,HAYIR
2026-08-19 09:30:54.158,0.30,0.25,31,2.0,0.0,0.350,-160.0,-160,HAYIR,HAYIR
2026-08-19 09:30:54.178,0.30,0.25,31,2.0,0.0,0.350,-160.0,-160,HAYIR,HAYIR
2026-08-19 09:30:54.198,0.30,0.25,31,2.0,0.0,0.350,-160.0,-160,HAYIR,HAYIR
2026-08-19 09:30:54.218,0.30,0.25,31,2.0,0.0,0.350,-160.0,-160,HAYIR,HAYIR
2026-08-19 09:30:54.238,0.30,0.25,31,2.0,0.0,0.350,-160.0,-160,HAYIR,HAYIR
2026-08-19 09:30:54.258,0.30,0.24,32,2.0,0.0,0.350,-160.0,-160,HAYIR,HAYIR
2026-08-19 09:30:54.278,0.30,0.24,31,2.0,0.0,0.350,-160.0,-160,HAYIR,HAYIR
2026-08-19 09:30:54.298,0.30,0.24,31,2.0,0.0,0.350,-160.0,-160,HAYIR,HAYIR
2026-08-19 09:30:54.318,0.30,0.24,31,2.0,0.0,0.350,-160.0,-160,HAYIR,HAYIR
2026-08-19 09:30:54.338,0.30,0.24,31,2.0,0.0,0.350,-160.0,-160,HAYIR,HAYIR
2026-08-19 09:30:54.358,0.30,0.24,31,2.0,0.0,0.350,-160.0,-160,HAYIR,HAYIR
2026-08-19 09:30:54.378,0.30,0.24,31,2.0,0.0,0.350,-160.0,-160,HAYIR,HAYIR
2026-08-19 09:30:54.398,0.30,0.24,31,2.0,0.0,0.350,-160.0,-160,HAYIR,HAYIR
2026-08-19 09:30:54.418,0.30,0.24,31,2.0,0.0,0.350,-160.0,-160,HAYIR,HAYIR
2026-08-19 09:30:54.438,0.30,0.24,31,2.0,0.0,0.350,-160.0,-160,HAYIR,HAYIR
2026-08-19 09:30:54.458,0.30,0.24,31,2.0,0.0,0.350,-160.0,-160,HAYIR,HAYIR
2026-08-19 09:30:54.478,0.30,0.24,31,2.0,0.0,0.350,-160.0,-160,HAYIR,HAYIR
2026-08-19 09:30:54.498,0.30,0.24,31,2.0,0.0,0.350,-160.0,-160,HAYIR,HAYIR
2026-08-19 09:30:54.518,0.30,0.24,31,2.0,0.0,0.350,-160.0,-160,HAYIR,HAYIR
2026-08-19 09:30:54.538,0.30,0.24,31,2.0,0.0,0.350,-160.0,-160,HAYIR,HAYIR
2026-08-19 09:30:54.558,0.30,0.24,31,2.0,0.0,0.350,-160.0,-160,HAYIR,HAYIR
2026-08-19 09:30:54.578,0.30,0.24,31,2.0,0.0,0.350,-160.0,-160,HAYIR,HAYIR
2026-08-19 09:30:54.598,0.30,0.24,31,2.0,0.0,0.350,-160.0,-160,HAYIR,HAYIR
2026-08-19 09:30:54.618,0.30,0.24,31,2.0,0.0,0.350,-160.0,-160,HAYIR,HAYIR
2026-08-19 09:30:54.637,0.30,0.23,31,2.0,0.0,0.350,-160.0,-160,HAYIR,HAYIR
2026-08-19 09:30:54.658,0.30,0.23,31,2.0,0.0,0.350,-160.0,-160,HAYIR,HAYIR
2026-08-19 09:30:54.678,0.30,0.23,31,2.0,0.0,0.350,-160.0,-160,HAYIR,HAYIR
2026-08-19 09:30:54.698,0.30,0.23,31,2.0,0.0,0.350,-160.0,-160,HAYIR,HAYIR
2026-08-19 09:30:54.718,0.30,0.23,31,2.0,0.0,0.350,-160.0,-160,HAYIR,HAYIR
2026-08-19 09:30:54.738,0.30,0.23,31,2.0,0.0,0.350,-160.0,-160,HAYIR,HAYIR
2026-08-19 09:30:54.758,0.30,0.23,31,2.0,0.0,0.350,-160.0,-160,HAYIR,HAYIR
2026-08-19 09:30:54.778,0.30,0.23,31,2.0,0.0,0.350,-160.0,-160,HAYIR,HAYIR
2026-08-19 09:30:54.798,0.30,0.23,31,2.0,0.0,0.350,-160.0,-160,HAYIR,HAYIR
2026-08-19 09:30:54.818,0.30,0.23,31,2.0,0.0,0.350,-160.0,-160,HAYIR,HAYIR
2026-08-19 09:30:54.838,0.30,0.23,31,2.0,0.0,0.350,-160.0,-160,HAYIR,HAYIR
2026-08-19 09:30:54.858,0.30,0.23,31,2.0,0.0,0.350,-160.0,-160,HAYIR,HAYIR
2026-08-19 09:30:54.878,0.30,0.23,31,2.0,0.0,0.350,-160.0,-160,HAYIR,HAYIR
2026-08-19 09:30:54.898,0.30,0.23,31,2.0,0.0,0.350,-160.0,-160,HAYIR,HAYIR
2026-08-19 09:30:54.918,0.30,0.21,32,2.0,0.0,0.350,-160.0,-160,HAYIR,HAYIR
2026-08-19 09:30:54.938,0.30,0.21,31,2.0,0.0,0.350,-160.0,-160,HAYIR,HAYIR
2026-08-19 09:30:54.958,0.30,0.21,31,2.0,0.0,0.350,-160.0,-160,HAYIR,HAYIR
2026-08-19 09:30:54.978,0.30,0.21,31,2.0,0.0,0.350,-160.0,-160,HAYIR,HAYIR
2026-08-19 09:30:54.998,0.30,0.21,31,2.0,0.0,0.350,-160.0,-160,HAYIR,HAYIR
2026-08-19 09:30:55.018,0.30,0.21,31,2.0,0.0,0.350,-160.0,-160,HAYIR,HAYIR
2026-08-19 09:30:55.038,0.30,0.21,31,2.0,0.0,0.350,-160.0,-160,HAYIR,HAYIR
2026-08-19 09:30:55.058,0.30,0.21,31,2.0,0.0,0.350,-160.0,-160,HAYIR,HAYIR
2026-08-19 09:30:55.078,0.30,0.21,31,2.0,0.0,0.350,-160.0,-160,HAYIR,HAYIR
2026-08-19 09:30:55.098,0.30,0.21,31,2.0,0.0,0.350,-160.0,-160,HAYIR,HAYIR
2026-08-19 09:30:55.118,0.30,0.21,31,2.0,0.0,0.350,-160.0,-160,HAYIR,HAYIR
2026-08-19 09:30:55.138,0.30,0.21,31,2.0,0.0,0.350,-160.0,-160,HAYIR,HAYIR
2026-08-19 09:30:55.158,0.30,0.21,31,2.0,0.0,0.350,-160.0,-160,HAYIR,HAYIR
2026-08-19 09:30:55.178,0.30,0.21,31,2.0,0.0,0.350,-160.0,-160,HAYIR,HAYIR
2026-08-19 09:30:55.198,0.30,0.21,31,2.0,0.0,0.350,-160.0,-160,HAYIR,HAYIR
2026-08-19 09:30:55.218,0.30,0.21,31,2.0,0.0,0.350,-160.0,-160,HAYIR,HAYIR
2026-08-19 09:30:55.238,0.30,0.21,31,2.0,0.0,0.350,-160.0,-160,HAYIR,HAYIR
2026-08-19 09:30:55.258,0.30,0.21,31,2.0,0.0,0.350,-160.0,-160,HAYIR,HAYIR
2026-08-19 09:30:55.278,0.30,0.21,31,2.0,0.0,0.350,-160.0,-160,HAYIR,HAYIR
2026-08-19 09:30:55.298,0.30,0.21,31,2.0,0.0,0.350,-160.0,-160,HAYIR,HAYIR
2026-08-19 09:30:55.318,0.30,0.21,31,2.0,0.0,0.350,-160.0,-160,HAYIR,HAYIR
2026-08-19 09:30:55.338,0.30,0.21,31,2.0,0.0,0.350,-160.0,-160,HAYIR,HAYIR
2026-08-19 09:30:55.358,0.30,0.21,31,2.0,0.0,0.350,-160.0,-160,HAYIR,HAYIR
2026-08-19 09:30:55.378,0.30,0.21,31,2.0,0.0,0.350,-160.0,-160,HAYIR,HAYIR
2026-08-19 09:30:55.398,0.30,0.21,31,2.0,0.0,0.350,-160.0,-160,HAYIR,HAYIR
2026-08-19 09:30:55.418,0.30,0.21,31,2.0,0.0,0.350,-160.0,-160,HAYIR,HAYIR
2026-08-19 09:30:55.438,0.30,0.21,31,2.0,0.0,0.350,-160.0,-160,HAYIR,HAYIR
2026-08-19 09:30:55.458,0.30,0.21,31,2.0,0.0,0.350,-160.0,-160,HAYIR,HAYIR
2026-08-19 09:30:55.478,0.30,0.21,31,2.0,0.0,0.350,-160.0,-160,HAYIR,HAYIR
2026-08-19 09:30:55.498,0.30,0.21,31,2.0,0.0,0.350,-160.0,-160,HAYIR,HAYIR
2026-08-19 09:30:55.518,0.30,0.21,31,2.0,0.0,0.350,-160.0,-160,HAYIR,HAYIR
2026-08-19 09:30:55.538,0.30,0.21,31,2.0,0.0,0.350,-160.0,-160,HAYIR,HAYIR
2026-08-19 09:30:55.558,0.30,0.21,31,2.0,0.0,0.350,-160.0,-160,HAYIR,HAYIR
2026-08-19 09:30:55.578,0.30,0.21,31,2.0,0.0,0.350,-160.0,-160,HAYIR,HAYIR
2026-08-19 09:30:55.598,0.30,0.21,31,2.0,0.0,0.350,-160.0,-160,HAYIR,HAYIR
2026-08-19 09:30:55.618,0.30,0.21,31,2.0,0.0,0.350,-160.0,-160,HAYIR,HAYIR
2026-08-19 09:30:55.638,0.30,0.21,31,2.0,0.0,0.350,-160.0,-160,HAYIR,HAYIR
2026-08-19 09:30:55.658,0.30,0.21,31,2.0,0.0,0.350,-160.0,-160,HAYIR,HAYIR
2026-08-19 09:30:55.678,0.30,0.21,31,2.0,0.0,0.350,-160.0,-160,HAYIR,HAYIR
2026-08-19 09:30:55.698,0.30,0.21,31,2.0,0.0,0.350,-160.0,-160,HAYIR,HAYIR
2026-08-19 09:30:55.718,0.30,0.21,31,2.0,0.0,0.350,-160.0,-160,HAYIR,HAYIR
2026-08-19 09:30:55.738,0.30,0.21,31,2.0,0.0,0.350,-160.0,-160,HAYIR,HAYIR
2026-08-19 09:30:55.758,0.30,0.21,31,2.0,0.0,0.350,-160.0,-160,HAYIR,HAYIR
2026-08-19 09:30:55.778,0.30,0.21,31,2.0,0.0,0.350,-160.0,-160,HAYIR,HAYIR
2026-08-19 09:30:55.798,0.30,0.21,31,2.0,0.0,0.350,-160.0,-160,HAYIR,HAYIR
2026-08-19 09:30:55.818,0.30,0.21,31,2.0,0.0,0.350,-160.0,-160,HAYIR,HAYIR
2026-08-19 09:30:55.838,0.30,0.21,31,2.0,0.0,0.344,-160.0,-160,HAYIR,HAYIR
2026-08-19 09:30:55.858,0.30,0.21,31,2.0,0.0,0.344,-160.0,-160,HAYIR,HAYIR
2026-08-19 09:30:55.878,0.30,0.21,31,2.0,0.0,0.344,-160.0,-160,HAYIR,HAYIR
2026-08-19 09:30:55.898,0.30,0.21,31,2.0,0.0,0.344,-160.0,-160,HAYIR,HAYIR
2026-08-19 09:30:55.918,0.30,0.21,31,2.0,0.0,0.344,-160.0,-160,HAYIR,HAYIR
2026-08-19 09:30:55.938,0.30,0.21,31,2.0,0.0,0.319,-160.0,-160,HAYIR,HAYIR
2026-08-19 09:30:55.958,0.30,0.21,31,2.0,0.0,0.319,-160.0,-160,HAYIR,HAYIR
2026-08-19 09:30:55.978,0.30,0.22,31,2.0,0.0,0.319,-160.0,-160,HAYIR,HAYIR
2026-08-19 09:30:55.998,0.30,0.22,31,2.0,0.0,0.319,-160.0,-160,HAYIR,HAYIR
2026-08-19 09:30:56.018,0.30,0.22,31,2.0,0.0,0.319,-160.0,-160,HAYIR,HAYIR
2026-08-19 09:30:56.038,0.30,0.22,31,2.0,0.0,0.330,-160.0,-160,HAYIR,HAYIR
2026-08-19 09:30:56.058,0.30,0.22,31,2.0,0.0,0.330,-160.0,-160,HAYIR,HAYIR
2026-08-19 09:30:56.078,0.30,0.22,31,2.0,0.0,0.330,-160.0,-160,HAYIR,HAYIR
2026-08-19 09:30:56.098,0.30,0.22,31,2.0,0.0,0.330,-160.0,-160,HAYIR,HAYIR
2026-08-19 09:30:56.118,0.30,0.22,31,2.0,0.0,0.330,-160.0,-160,HAYIR,HAYIR
2026-08-19 09:30:56.138,0.30,0.22,31,2.0,0.0,0.330,-160.0,-160,HAYIR,HAYIR
2026-08-19 09:30:56.158,0.30,0.22,31,2.0,0.0,0.330,-160.0,-160,HAYIR,HAYIR
2026-08-19 09:30:56.178,0.30,0.22,31,2.0,0.0,0.285,-160.0,-160,HAYIR,HAYIR
2026-08-19 09:30:56.198,0.30,0.22,31,2.0,0.0,0.285,-160.0,-160,HAYIR,HAYIR
2026-08-19 09:30:56.218,0.30,0.22,31,2.0,0.0,0.285,-160.0,-160,HAYIR,HAYIR
2026-08-19 09:30:56.238,0.30,0.22,31,2.0,0.0,0.265,-160.0,-160,HAYIR,HAYIR
2026-08-19 09:30:56.258,0.30,0.22,31,2.0,0.0,0.265,-160.0,-160,HAYIR,HAYIR
2026-08-19 09:30:56.278,0.30,0.21,31,2.0,0.0,0.265,-160.0,-160,HAYIR,HAYIR
2026-08-19 09:30:56.298,0.30,0.21,31,2.0,0.0,0.265,-160.0,-160,HAYIR,HAYIR
2026-08-19 09:30:56.318,0.30,0.21,31,2.0,0.0,0.265,-160.0,-160,HAYIR,HAYIR
2026-08-19 09:30:56.338,0.30,0.21,31,2.0,0.0,0.256,-160.0,-160,HAYIR,HAYIR
2026-08-19 09:30:56.358,0.30,0.21,31,2.0,0.0,0.256,-160.0,-160,HAYIR,HAYIR
2026-08-19 09:30:56.378,0.30,0.21,31,2.0,0.0,0.256,-160.0,-160,HAYIR,HAYIR
2026-08-19 09:30:56.398,0.30,0.21,31,2.0,0.0,0.256,-160.0,-160,HAYIR,HAYIR
2026-08-19 09:30:56.418,0.30,0.21,31,2.0,0.0,0.256,-160.0,-160,HAYIR,HAYIR
2026-08-19 09:30:56.438,0.30,0.21,31,2.0,0.0,0.227,-160.0,-160,HAYIR,HAYIR
2026-08-19 09:30:56.458,0.30,0.21,31,2.0,0.0,0.227,-160.0,-160,HAYIR,HAYIR
2026-08-19 09:30:56.478,0.30,0.21,31,2.0,0.0,0.227,-160.0,-160,HAYIR,HAYIR
2026-08-19 09:30:56.498,0.30,0.21,31,2.0,0.0,0.227,-160.0,-160,HAYIR,HAYIR
2026-08-19 09:30:56.518,0.30,0.21,31,2.0,0.0,0.227,-160.0,-160,HAYIR,HAYIR
2026-08-19 09:30:56.538,0.30,0.21,31,2.0,0.0,0.201,-160.0,-160,HAYIR,HAYIR
2026-08-19 09:30:56.558,0.30,0.21,31,2.0,0.0,0.201,-160.0,-160,HAYIR,HAYIR
2026-08-19 09:30:56.578,0.30,0.21,31,2.0,0.0,0.201,-160.0,-160,HAYIR,HAYIR
2026-08-19 09:30:56.598,0.30,0.21,31,2.0,0.0,0.201,-160.0,-160,HAYIR,HAYIR
2026-08-19 09:30:56.618,0.30,0.21,31,2.0,0.0,0.201,-160.0,-160,HAYIR,HAYIR
2026-08-19 09:30:56.638,0.30,0.21,31,2.0,0.0,0.190,-160.0,-160,HAYIR,HAYIR
2026-08-19 09:30:56.658,0.30,0.21,32,2.0,0.0,0.190,-160.0,-160,HAYIR,HAYIR
2026-08-19 09:30:56.678,0.30,0.21,31,2.0,0.0,0.190,-160.0,-160,HAYIR,HAYIR
2026-08-19 09:30:56.698,0.30,0.21,31,2.0,0.0,0.190,-160.0,-160,HAYIR,HAYIR
2026-08-19 09:30:56.718,0.30,0.21,31,2.0,0.0,0.190,-160.0,-160,HAYIR,HAYIR
2026-08-19 09:30:56.738,0.30,0.21,31,2.0,0.0,0.158,-160.0,-160,HAYIR,HAYIR
2026-08-19 09:30:56.758,0.30,0.21,31,2.0,0.0,0.158,-160.0,-160,HAYIR,HAYIR
2026-08-19 09:30:56.778,0.30,0.21,31,2.0,0.0,0.158,-160.0,-160,HAYIR,HAYIR
2026-08-19 09:30:56.798,0.30,0.21,31,2.0,0.0,0.158,-160.0,-160,HAYIR,HAYIR
2026-08-19 09:30:56.818,0.30,0.21,31,2.0,0.0,0.158,-160.0,-160,HAYIR,HAYIR
2026-08-19 09:30:56.838,0.30,0.21,31,2.0,0.0,0.148,-160.0,-160,HAYIR,HAYIR
2026-08-19 09:30:56.858,0.30,0.21,31,2.0,0.0,0.148,-160.0,-160,HAYIR,HAYIR
2026-08-19 09:30:56.878,0.30,0.21,31,2.0,0.0,0.148,-160.0,-160,HAYIR,HAYIR
2026-08-19 09:30:56.898,0.30,0.21,31,2.0,0.0,0.148,-160.0,-160,HAYIR,HAYIR
2026-08-19 09:30:56.918,0.30,0.21,31,2.0,0.0,0.148,-160.0,-160,HAYIR,HAYIR
2026-08-19 09:30:56.938,0.30,0.20,32,2.0,0.0,0.134,-160.0,-160,HAYIR,HAYIR
2026-08-19 09:30:56.958,0.30,0.20,32,2.0,0.0,0.134,-160.0,-160,HAYIR,HAYIR
2026-08-19 09:30:56.978,0.30,0.20,32,2.0,0.0,0.121,-160.0,-160,HAYIR,HAYIR
2026-08-19 09:30:56.998,0.30,0.20,32,2.0,0.0,0.121,-160.0,-160,HAYIR,HAYIR
2026-08-19 09:30:57.018,0.30,0.20,32,2.0,0.0,0.121,-160.0,-160,HAYIR,HAYIR
2026-08-19 09:30:57.038,0.30,0.20,32,2.0,0.0,0.121,-160.0,-160,HAYIR,HAYIR
2026-08-19 09:30:57.058,0.30,0.20,32,2.0,0.0,0.121,-160.0,-160,HAYIR,HAYIR
2026-08-19 09:30:57.078,0.30,0.20,32,2.0,0.0,0.121,-160.0,-160,HAYIR,HAYIR
2026-08-19 09:30:57.098,0.30,0.20,32,2.0,0.0,0.121,-160.0,-160,HAYIR,HAYIR
2026-08-19 09:30:57.118,0.30,0.20,32,2.0,0.0,0.121,-160.0,-160,HAYIR,HAYIR
2026-08-19 09:30:57.138,0.30,0.20,32,2.0,0.0,0.102,-139.6,-159,HAYIR,HAYIR
2026-08-19 09:30:57.158,0.30,0.20,31,2.0,0.0,0.102,-139.6,-158,HAYIR,HAYIR
2026-08-19 09:30:57.178,0.30,0.20,31,1.9,0.0,0.102,-139.6,-156,HAYIR,HAYIR
2026-08-19 09:30:57.198,0.30,0.20,31,1.9,0.0,0.102,-139.6,-155,HAYIR,HAYIR
2026-08-19 09:30:57.218,0.30,0.20,31,1.9,0.0,0.102,-139.6,-154,HAYIR,HAYIR
2026-08-19 09:30:57.238,0.30,0.20,31,1.9,0.0,0.102,-139.6,-153,HAYIR,HAYIR
2026-08-19 09:30:57.258,0.30,0.20,31,1.9,0.0,0.102,-139.6,-152,HAYIR,HAYIR
2026-08-19 09:30:57.278,0.30,0.20,31,1.8,0.0,0.102,-139.6,-150,HAYIR,HAYIR
2026-08-19 09:30:57.298,0.30,0.20,31,1.8,0.0,0.102,-139.6,-149,HAYIR,HAYIR
2026-08-19 09:30:57.318,0.30,0.20,31,1.8,0.0,0.102,-139.6,-148,HAYIR,HAYIR
2026-08-19 09:30:57.338,0.30,0.20,31,1.8,0.0,0.132,-160.0,-149,HAYIR,HAYIR
2026-08-19 09:30:57.358,0.30,0.20,31,1.8,0.0,0.132,-160.0,-150,HAYIR,HAYIR
2026-08-19 09:30:57.378,0.33,0.20,32,1.8,0.0,0.085,-110.5,-149,HAYIR,HAYIR
2026-08-19 09:30:57.398,0.33,0.20,32,1.8,0.0,0.085,-110.5,-148,HAYIR,HAYIR
2026-08-19 09:30:57.418,0.33,0.20,32,1.8,0.0,0.085,-110.5,-147,HAYIR,HAYIR
2026-08-19 09:30:57.438,0.35,0.20,32,1.8,0.0,0.085,-103.3,-146,HAYIR,HAYIR
2026-08-19 09:30:57.458,0.35,0.20,32,1.7,0.0,0.085,-103.3,-144,HAYIR,HAYIR
2026-08-19 09:30:57.478,0.38,0.20,32,1.7,0.0,0.085,-96.9,-143,HAYIR,HAYIR
2026-08-19 09:30:57.498,0.38,0.20,32,1.7,0.0,0.085,-96.9,-142,HAYIR,HAYIR
2026-08-19 09:30:57.518,0.38,0.20,32,1.7,0.0,0.085,-96.9,-141,HAYIR,HAYIR
2026-08-19 09:30:57.538,0.40,0.20,32,1.7,0.0,0.035,-38.3,-140,HAYIR,HAYIR
2026-08-19 09:30:57.558,0.40,0.20,32,1.6,0.0,0.035,-38.3,-138,HAYIR,HAYIR
2026-08-19 09:30:57.578,0.43,0.20,32,1.6,0.0,0.000,-0.0,-137,HAYIR,HAYIR
2026-08-19 09:30:57.598,0.43,0.20,32,1.6,0.0,0.000,-0.0,-136,HAYIR,HAYIR
2026-08-19 09:30:57.618,0.43,0.19,32,1.6,0.0,0.000,-0.0,-135,HAYIR,HAYIR
2026-08-19 09:30:57.638,0.45,0.19,32,1.6,0.0,0.000,-0.0,-134,HAYIR,HAYIR
2026-08-19 09:30:57.658,0.45,0.19,32,1.5,0.0,0.000,-0.0,-132,HAYIR,HAYIR
2026-08-19 09:30:57.678,0.48,0.19,32,1.5,0.0,0.000,-0.0,-131,HAYIR,HAYIR
2026-08-19 09:30:57.698,0.48,0.19,32,1.5,0.0,0.000,-0.0,-130,HAYIR,HAYIR
2026-08-19 09:30:57.718,0.48,0.19,32,1.5,0.0,0.000,-0.0,-129,HAYIR,HAYIR
2026-08-19 09:30:57.738,0.50,0.19,32,1.5,0.0,0.000,-0.0,-128,HAYIR,HAYIR
2026-08-19 09:30:57.758,0.50,0.19,32,1.4,0.0,0.000,-0.0,-126,HAYIR,HAYIR
2026-08-19 09:30:57.778,0.50,0.19,32,1.4,0.0,0.000,-0.0,-125,HAYIR,HAYIR
2026-08-19 09:30:57.798,0.50,0.19,32,1.4,0.0,0.000,-0.0,-124,HAYIR,HAYIR
2026-08-19 09:30:57.818,0.50,0.19,32,1.4,0.0,0.000,-0.0,-123,HAYIR,HAYIR
2026-08-19 09:30:57.838,0.50,0.19,31,1.4,0.0,0.000,-0.0,-122,HAYIR,HAYIR
2026-08-19 09:30:57.858,0.50,0.19,31,1.3,0.0,0.000,-0.0,-120,HAYIR,HAYIR
2026-08-19 09:30:57.878,0.50,0.19,31,1.3,0.0,0.000,-0.0,-119,HAYIR,HAYIR
2026-08-19 09:30:57.898,0.50,0.19,31,1.3,0.0,0.000,-0.0,-118,HAYIR,HAYIR
2026-08-19 09:30:57.918,0.50,0.19,31,1.3,0.0,0.000,-0.0,-117,HAYIR,HAYIR
2026-08-19 09:30:57.938,0.47,0.19,31,1.3,0.0,-0.074,68.2,-116,HAYIR,HAYIR
2026-08-19 09:30:57.958,0.47,0.19,31,1.2,0.0,-0.074,68.2,-114,HAYIR,HAYIR
2026-08-19 09:30:57.978,0.45,0.19,31,1.2,0.0,-0.100,95.6,-113,HAYIR,HAYIR
2026-08-19 09:30:57.998,0.45,0.21,31,1.2,0.0,-0.100,95.6,-112,HAYIR,HAYIR
2026-08-19 09:30:58.018,0.45,0.21,31,1.2,0.0,-0.100,95.6,-111,HAYIR,HAYIR
2026-08-19 09:30:58.038,0.42,0.21,30,1.2,0.0,-0.116,115.2,-110,HAYIR,HAYIR
2026-08-19 09:30:58.058,0.42,0.21,31,1.1,0.0,-0.116,115.2,-108,HAYIR,HAYIR
2026-08-19 09:30:58.078,0.40,0.21,30,1.1,0.0,-0.116,121.6,-107,HAYIR,HAYIR
2026-08-19 09:30:58.098,0.40,0.21,31,1.1,0.0,-0.116,121.6,-106,HAYIR,HAYIR
2026-08-19 09:30:58.118,0.40,0.21,31,1.1,0.0,-0.116,121.6,-105,HAYIR,HAYIR
2026-08-19 09:30:58.138,0.37,0.21,30,1.1,0.0,-0.116,128.7,-104,HAYIR,HAYIR
2026-08-19 09:30:58.158,0.37,0.21,31,1.0,0.0,-0.116,128.7,-102,HAYIR,HAYIR
2026-08-19 09:30:58.178,0.35,0.21,30,1.0,0.0,-0.116,136.6,-101,HAYIR,HAYIR
2026-08-19 09:30:58.198,0.35,0.21,31,1.0,0.0,-0.116,136.6,-100,HAYIR,HAYIR
2026-08-19 09:30:58.218,0.35,0.21,31,1.0,0.0,-0.116,136.6,-99,HAYIR,HAYIR
2026-08-19 09:30:58.238,0.32,0.21,30,1.0,0.0,-0.140,160.0,-98,HAYIR,HAYIR
2026-08-19 09:30:58.258,0.32,0.21,31,0.9,0.0,-0.140,160.0,-96,HAYIR,HAYIR
2026-08-19 09:30:58.278,0.30,0.21,30,0.9,0.0,-0.140,160.0,-95,HAYIR,HAYIR
2026-08-19 09:30:58.298,0.30,0.24,29,0.9,0.0,-0.140,160.0,-94,HAYIR,HAYIR
2026-08-19 09:30:58.318,0.30,0.24,31,0.9,0.0,-0.140,160.0,-93,HAYIR,HAYIR
2026-08-19 09:30:58.338,0.30,0.24,31,0.9,0.0,-0.190,160.0,-92,HAYIR,HAYIR
2026-08-19 09:30:58.358,0.30,0.24,31,0.8,0.0,-0.190,160.0,-90,HAYIR,HAYIR
2026-08-19 09:30:58.378,0.30,0.24,31,0.8,0.0,-0.190,160.0,-89,HAYIR,HAYIR
2026-08-19 09:30:58.398,0.30,0.24,31,0.8,0.0,-0.190,160.0,-88,HAYIR,HAYIR
2026-08-19 09:30:58.418,0.30,0.24,31,0.8,0.0,-0.190,160.0,-87,HAYIR,HAYIR
2026-08-19 09:30:58.438,0.30,0.24,31,0.8,0.0,-0.190,160.0,-86,HAYIR,HAYIR
2026-08-19 09:30:58.458,0.30,0.24,31,0.7,0.0,-0.190,160.0,-84,HAYIR,HAYIR
2026-08-19 09:30:58.478,0.30,0.24,31,0.7,0.0,-0.190,160.0,-83,HAYIR,HAYIR
2026-08-19 09:30:58.498,0.30,0.24,30,0.7,0.0,-0.190,160.0,-82,HAYIR,HAYIR
2026-08-19 09:30:58.518,0.30,0.24,30,0.7,0.0,-0.190,160.0,-81,HAYIR,HAYIR
2026-08-19 09:30:58.538,0.30,0.24,30,0.7,0.0,-0.220,160.0,-80,HAYIR,HAYIR
2026-08-19 09:30:58.558,0.30,0.24,30,0.6,0.0,-0.220,160.0,-78,HAYIR,HAYIR
2026-08-19 09:30:58.578,0.30,0.25,30,0.6,0.0,-0.220,160.0,-77,HAYIR,HAYIR
2026-08-19 09:30:58.598,0.30,0.25,30,0.6,0.0,-0.220,160.0,-76,HAYIR,HAYIR
2026-08-19 09:30:58.618,0.30,0.25,30,0.6,0.0,-0.220,160.0,-75,HAYIR,HAYIR
2026-08-19 09:30:58.638,0.30,0.25,30,0.6,0.0,-0.270,160.0,-74,HAYIR,HAYIR
2026-08-19 09:30:58.658,0.30,0.25,30,0.5,0.0,-0.270,160.0,-72,HAYIR,HAYIR
2026-08-19 09:30:58.678,0.30,0.25,30,0.5,0.0,-0.270,160.0,-71,HAYIR,HAYIR
2026-08-19 09:30:58.698,0.30,0.25,30,0.5,0.0,-0.270,160.0,-70,HAYIR,HAYIR
2026-08-19 09:30:58.718,0.30,0.25,30,0.5,0.0,-0.270,160.0,-69,HAYIR,HAYIR
2026-08-19 09:30:58.738,0.30,0.25,30,0.5,0.0,-0.277,160.0,-68,HAYIR,HAYIR
2026-08-19 09:30:58.758,0.30,0.25,30,0.4,0.0,-0.277,160.0,-66,HAYIR,HAYIR
2026-08-19 09:30:58.778,0.30,0.25,30,0.4,0.0,-0.277,160.0,-65,HAYIR,HAYIR
2026-08-19 09:30:58.798,0.30,0.25,30,0.4,0.0,-0.277,160.0,-64,HAYIR,HAYIR
2026-08-19 09:30:58.818,0.30,0.25,30,0.4,0.0,-0.277,160.0,-63,HAYIR,HAYIR
2026-08-19 09:30:58.838,0.30,0.25,30,0.4,0.0,-0.301,160.0,-62,HAYIR,HAYIR
2026-08-19 09:30:58.858,0.30,0.25,30,0.3,0.0,-0.301,160.0,-60,HAYIR,HAYIR
2026-08-19 09:30:58.878,0.30,0.25,30,0.3,0.0,-0.301,160.0,-59,HAYIR,HAYIR
2026-08-19 09:30:58.898,0.30,0.25,30,0.3,0.0,-0.301,160.0,-58,HAYIR,HAYIR
2026-08-19 09:30:58.918,0.30,0.25,30,0.3,0.0,-0.301,160.0,-57,HAYIR,HAYIR
2026-08-19 09:30:58.938,0.30,0.25,30,0.3,0.0,-0.329,160.0,-56,HAYIR,HAYIR
2026-08-19 09:30:58.958,0.30,0.29,28,0.2,0.0,-0.329,160.0,-54,HAYIR,HAYIR
2026-08-19 09:30:58.978,0.30,0.29,30,0.2,0.0,-0.329,160.0,-53,HAYIR,HAYIR
2026-08-19 09:30:58.998,0.30,0.29,30,0.2,0.0,-0.329,160.0,-52,HAYIR,HAYIR
2026-08-19 09:30:59.018,0.30,0.29,30,0.2,0.0,-0.329,160.0,-51,HAYIR,HAYIR
2026-08-19 09:30:59.038,0.30,0.29,30,0.2,0.0,-0.350,160.0,-50,HAYIR,HAYIR
2026-08-19 09:30:59.058,0.30,0.29,30,0.1,0.0,-0.350,160.0,-48,HAYIR,HAYIR
2026-08-19 09:30:59.078,0.30,0.29,30,0.1,0.0,-0.350,160.0,-47,HAYIR,HAYIR
2026-08-19 09:30:59.098,0.30,0.29,30,0.1,0.0,-0.350,160.0,-46,HAYIR,HAYIR
2026-08-19 09:30:59.118,0.30,0.29,30,0.1,0.0,-0.350,160.0,-45,HAYIR,HAYIR
2026-08-19 09:30:59.138,0.30,0.29,30,0.1,0.0,-0.350,160.0,-44,HAYIR,HAYIR
2026-08-19 09:30:59.158,0.30,0.29,30,0.0,0.0,-0.350,160.0,-42,HAYIR,HAYIR
2026-08-19 09:30:59.178,0.30,0.29,30,0.0,0.0,-0.350,160.0,-41,HAYIR,HAYIR
2026-08-19 09:30:59.198,0.30,0.29,30,0.0,0.0,-0.350,160.0,-40,HAYIR,HAYIR
2026-08-19 09:30:59.218,0.30,0.29,30,0.0,0.0,-0.350,160.0,-39,HAYIR,HAYIR
2026-08-19 09:30:59.238,0.30,0.29,30,0.0,0.0,-0.350,160.0,-38,HAYIR,HAYIR
2026-08-19 09:30:59.258,0.30,0.32,28,0.0,0.0,-0.350,160.0,-36,HAYIR,HAYIR
2026-08-19 09:30:59.278,0.30,0.32,28,0.0,0.0,-0.350,160.0,-35,HAYIR,HAYIR
2026-08-19 09:30:59.298,0.30,0.32,28,0.0,0.0,-0.350,160.0,-34,HAYIR,HAYIR
2026-08-19 09:30:59.318,0.30,0.32,28,0.0,0.0,-0.350,160.0,-33,HAYIR,HAYIR
2026-08-19 09:30:59.338,0.30,0.32,28,0.0,0.0,-0.350,160.0,-32,HAYIR,HAYIR
2026-08-19 09:30:59.358,0.30,0.32,28,0.0,0.0,-0.350,160.0,-30,HAYIR,HAYIR
2026-08-19 09:30:59.378,0.30,0.32,28,0.0,0.0,-0.350,160.0,-29,HAYIR,HAYIR
2026-08-19 09:30:59.398,0.30,0.32,28,0.0,0.0,-0.350,160.0,-28,HAYIR,HAYIR
2026-08-19 09:30:59.418,0.30,0.32,28,0.0,0.0,-0.350,160.0,-27,HAYIR,HAYIR
2026-08-19 09:30:59.438,0.30,0.32,28,0.0,0.0,-0.350,160.0,-26,HAYIR,HAYIR
2026-08-19 09:30:59.458,0.30,0.32,28,0.0,0.0,-0.350,160.0,-24,HAYIR,HAYIR
2026-08-19 09:30:59.478,0.30,0.32,28,0.0,0.0,-0.350,160.0,-23,HAYIR,HAYIR
2026-08-19 09:30:59.498,0.30,0.32,28,0.0,0.0,-0.350,160.0,-22,HAYIR,HAYIR
2026-08-19 09:30:59.518,0.30,0.32,28,0.0,0.0,-0.350,160.0,-21,HAYIR,HAYIR
2026-08-19 09:30:59.538,0.30,0.32,28,0.0,0.0,-0.350,160.0,-20,HAYIR,HAYIR
2026-08-19 09:30:59.558,0.30,0.32,28,0.0,0.0,-0.350,160.0,-18,HAYIR,HAYIR
2026-08-19 09:30:59.578,0.30,0.32,28,0.0,0.0,-0.350,160.0,-17,HAYIR,HAYIR
2026-08-19 09:30:59.598,0.30,0.32,28,0.0,0.0,-0.350,160.0,-16,HAYIR,HAYIR
2026-08-19 09:30:59.618,0.30,0.32,28,0.0,0.0,-0.350,160.0,-15,HAYIR,HAYIR
2026-08-19 09:30:59.638,0.30,0.34,28,0.0,0.0,-0.350,160.0,-14,HAYIR,HAYIR
2026-08-19 09:30:59.658,0.30,0.34,28,0.0,0.0,-0.350,160.0,-12,HAYIR,HAYIR
2026-08-19 09:30:59.678,0.30,0.34,28,0.0,0.0,-0.350,160.0,-11,HAYIR,HAYIR
2026-08-19 09:30:59.698,0.30,0.34,28,0.0,0.0,-0.350,160.0,-10,HAYIR,HAYIR
2026-08-19 09:30:59.718,0.30,0.34,28,0.0,0.0,-0.350,160.0,-9,HAYIR,HAYIR
2026-08-19 09:30:59.738,0.30,0.34,28,0.0,0.0,-0.350,160.0,-8,HAYIR,HAYIR
2026-08-19 09:30:59.758,0.30,0.34,28,0.0,0.0,-0.350,160.0,-6,HAYIR,HAYIR
2026-08-19 09:30:59.778,0.30,0.34,28,0.0,0.0,-0.350,160.0,-5,HAYIR,HAYIR
2026-08-19 09:30:59.798,0.30,0.34,28,0.0,0.0,-0.350,160.0,-4,HAYIR,HAYIR
2026-08-19 09:30:59.818,0.30,0.34,28,0.0,0.0,-0.350,160.0,-3,HAYIR,HAYIR
2026-08-19 09:30:59.838,0.30,0.34,28,0.0,0.0,-0.350,160.0,-2,HAYIR,HAYIR
2026-08-19 09:30:59.858,0.30,0.34,28,0.0,0.0,-0.350,160.0,0,HAYIR,HAYIR
2026-08-19 09:30:59.878,0.30,0.34,28,0.0,0.0,-0.350,160.0,1,HAYIR,HAYIR
2026-08-19 09:30:59.898,0.30,0.34,28,0.0,0.0,-0.350,160.0,2,HAYIR,HAYIR
2026-08-19 09:30:59.918,0.30,0.34,28,0.0,0.0,-0.350,160.0,3,HAYIR,HAYIR
2026-08-19 09:30:59.938,0.30,0.35,28,0.0,0.0,-0.350,160.0,4,HAYIR,HAYIR
2026-08-19 09:30:59.958,0.30,0.35,28,0.0,0.0,-0.350,160.0,6,HAYIR,HAYIR
2026-08-19 09:30:59.978,0.30,0.35,28,0.0,0.0,-0.350,160.0,7,HAYIR,HAYIR
2026-08-19 09:30:59.998,0.30,0.35,28,0.0,0.0,-0.350,160.0,8,HAYIR,HAYIR
2026-08-19 09:31:00.018,0.30,0.35,28,0.0,0.0,-0.350,160.0,9,HAYIR,HAYIR
2026-08-19 09:31:00.038,0.30,0.35,28,0.0,0.0,-0.350,160.0,10,HAYIR,HAYIR
2026-08-19 09:31:00.058,0.30,0.35,28,0.0,0.0,-0.350,160.0,12,HAYIR,HAYIR
2026-08-19 09:31:00.078,0.30,0.35,28,0.0,0.0,-0.350,160.0,13,HAYIR,HAYIR
2026-08-19 09:31:00.098,0.30,0.35,28,0.0,0.0,-0.350,160.0,14,HAYIR,HAYIR
2026-08-19 09:31:00.118,0.30,0.35,28,0.0,0.0,-0.350,160.0,15,HAYIR,HAYIR
2026-08-19 09:31:00.138,0.30,0.35,28,0.0,0.0,-0.350,160.0,16,HAYIR,HAYIR
2026-08-19 09:31:00.158,0.30,0.35,28,0.0,0.0,-0.350,160.0,18,HAYIR,HAYIR
2026-08-19 09:31:00.178,0.30,0.35,28,0.0,0.0,-0.350,160.0,19,HAYIR,HAYIR
2026-08-19 09:31:00.198,0.30,0.35,28,0.0,0.0,-0.350,160.0,20,HAYIR,HAYIR
2026-08-19 09:31:00.218,0.30,0.35,28,0.0,0.0,-0.350,160.0,21,HAYIR,HAYIR
2026-08-19 09:31:00.238,0.30,0.35,28,0.0,0.0,-0.350,160.0,22,HAYIR,HAYIR
2026-08-19 09:31:00.258,0.30,0.35,28,0.0,0.0,-0.350,160.0,24,HAYIR,HAYIR
2026-08-19 09:31:00.278,0.30,0.35,28,0.0,0.0,-0.350,160.0,25,HAYIR,HAYIR
2026-08-19 09:31:00.298,0.30,0.35,28,0.0,0.0,-0.350,160.0,26,HAYIR,HAYIR
2026-08-19 09:31:00.318,0.30,0.36,28,0.0,0.0,-0.350,160.0,27,HAYIR,HAYIR
2026-08-19 09:31:00.338,0.30,0.36,28,0.0,0.0,-0.350,160.0,28,HAYIR,HAYIR
2026-08-19 09:31:00.358,0.30,0.36,28,0.0,0.0,-0.350,160.0,30,HAYIR,HAYIR
2026-08-19 09:31:00.378,0.30,0.36,28,0.0,0.0,-0.350,160.0,31,HAYIR,HAYIR
2026-08-19 09:31:00.398,0.30,0.36,28,0.0,0.0,-0.350,160.0,32,HAYIR,HAYIR
2026-08-19 09:31:00.418,0.30,0.36,28,0.0,0.0,-0.350,160.0,33,HAYIR,HAYIR
2026-08-19 09:31:00.438,0.30,0.36,28,0.0,0.0,-0.350,160.0,34,HAYIR,HAYIR
2026-08-19 09:31:00.458,0.30,0.36,28,0.0,0.0,-0.350,160.0,36,HAYIR,HAYIR
2026-08-19 09:31:00.478,0.30,0.36,28,0.0,0.0,-0.350,160.0,37,HAYIR,HAYIR
2026-08-19 09:31:00.498,0.30,0.36,28,0.0,0.0,-0.350,160.0,38,HAYIR,HAYIR
2026-08-19 09:31:00.518,0.30,0.36,28,0.0,0.0,-0.350,160.0,39,HAYIR,HAYIR
2026-08-19 09:31:00.538,0.30,0.36,28,0.0,0.0,-0.350,160.0,40,HAYIR,HAYIR
2026-08-19 09:31:00.558,0.30,0.36,28,0.0,0.0,-0.350,160.0,42,HAYIR,HAYIR
2026-08-19 09:31:00.578,0.30,0.36,28,0.0,0.0,-0.350,160.0,43,HAYIR,HAYIR
2026-08-19 09:31:00.598,0.30,0.38,28,0.1,0.0,-0.350,160.0,44,HAYIR,HAYIR
2026-08-19 09:31:00.618,0.30,0.38,28,0.1,0.0,-0.350,160.0,45,HAYIR,HAYIR
2026-08-19 09:31:00.638,0.30,0.38,28,0.1,0.0,-0.350,160.0,46,HAYIR,HAYIR
2026-08-19 09:31:00.658,0.30,0.38,28,0.1,0.0,-0.350,160.0,48,HAYIR,HAYIR
2026-08-19 09:31:00.678,0.30,0.38,28,0.2,0.0,-0.350,160.0,49,HAYIR,HAYIR
2026-08-19 09:31:00.698,0.30,0.38,28,0.2,0.0,-0.350,160.0,50,HAYIR,HAYIR
2026-08-19 09:31:00.718,0.30,0.38,28,0.2,0.0,-0.350,160.0,51,HAYIR,HAYIR
2026-08-19 09:31:00.738,0.30,0.38,28,0.2,0.0,-0.350,160.0,52,HAYIR,HAYIR
2026-08-19 09:31:00.758,0.30,0.38,28,0.2,0.0,-0.350,160.0,54,HAYIR,HAYIR
2026-08-19 09:31:00.778,0.30,0.38,28,0.2,0.0,-0.350,160.0,55,HAYIR,HAYIR
2026-08-19 09:31:00.798,0.30,0.38,28,0.3,0.0,-0.350,160.0,56,HAYIR,HAYIR
2026-08-19 09:31:00.818,0.30,0.38,28,0.3,0.0,-0.350,160.0,57,HAYIR,HAYIR
2026-08-19 09:31:00.838,0.30,0.38,28,0.3,0.0,-0.350,160.0,58,HAYIR,HAYIR
2026-08-19 09:31:00.858,0.30,0.38,28,0.3,0.0,-0.350,160.0,60,HAYIR,HAYIR
2026-08-19 09:31:00.878,0.30,0.38,28,0.3,0.0,-0.350,160.0,61,HAYIR,HAYIR
2026-08-19 09:31:00.898,0.30,0.38,28,0.4,0.0,-0.350,160.0,62,HAYIR,HAYIR
2026-08-19 09:31:00.918,0.30,0.38,28,0.4,0.0,-0.350,160.0,63,HAYIR,HAYIR
2026-08-19 09:31:00.938,0.30,0.38,28,0.4,0.0,-0.350,160.0,64,HAYIR,HAYIR
2026-08-19 09:31:00.958,0.30,0.38,28,0.4,0.0,-0.350,160.0,66,HAYIR,HAYIR
2026-08-19 09:31:00.978,0.30,0.38,28,0.5,0.0,-0.350,160.0,67,HAYIR,HAYIR
2026-08-19 09:31:00.998,0.30,0.38,28,0.5,0.0,-0.350,160.0,68,HAYIR,HAYIR
2026-08-19 09:31:01.018,0.30,0.38,28,0.5,0.0,-0.350,160.0,69,HAYIR,HAYIR
2026-08-19 09:31:01.038,0.30,0.38,28,0.5,0.0,-0.350,160.0,70,HAYIR,HAYIR
2026-08-19 09:31:01.058,0.30,0.38,29,0.5,0.0,-0.350,160.0,72,HAYIR,HAYIR
2026-08-19 09:31:01.078,0.30,0.38,29,0.5,0.0,-0.350,160.0,73,HAYIR,HAYIR
2026-08-19 09:31:01.098,0.30,0.38,29,0.6,0.0,-0.350,160.0,74,HAYIR,HAYIR
2026-08-19 09:31:01.118,0.30,0.38,29,0.6,0.0,-0.350,160.0,75,HAYIR,HAYIR
2026-08-19 09:31:01.138,0.30,0.38,29,0.6,0.0,-0.350,160.0,76,HAYIR,HAYIR
2026-08-19 09:31:01.158,0.30,0.38,29,0.6,0.0,-0.350,160.0,78,HAYIR,HAYIR
2026-08-19 09:31:01.178,0.30,0.38,29,0.7,0.0,-0.350,160.0,79,HAYIR,HAYIR
2026-08-19 09:31:01.198,0.30,0.38,29,0.7,0.0,-0.350,160.0,80,HAYIR,HAYIR
2026-08-19 09:31:01.218,0.30,0.38,29,0.7,0.0,-0.350,160.0,81,HAYIR,HAYIR
2026-08-19 09:31:01.238,0.30,0.38,29,0.7,0.0,-0.350,160.0,82,HAYIR,HAYIR
2026-08-19 09:31:01.258,0.30,0.38,29,0.7,0.0,-0.350,160.0,84,HAYIR,HAYIR
2026-08-19 09:31:01.278,0.30,0.38,29,0.8,0.0,-0.350,160.0,85,HAYIR,HAYIR
2026-08-19 09:31:01.298,0.30,0.38,29,0.8,0.0,-0.350,160.0,86,HAYIR,HAYIR
2026-08-19 09:31:01.318,0.30,0.38,29,0.8,0.0,-0.350,160.0,87,HAYIR,HAYIR
2026-08-19 09:31:01.338,0.30,0.38,29,0.8,0.0,-0.350,160.0,88,HAYIR,HAYIR
2026-08-19 09:31:01.358,0.30,0.38,29,0.8,0.0,-0.350,160.0,90,HAYIR,HAYIR
2026-08-19 09:31:01.378,0.30,0.38,29,0.8,0.0,-0.350,160.0,91,HAYIR,HAYIR
2026-08-19 09:31:01.398,0.30,0.38,29,0.9,0.0,-0.350,160.0,92,HAYIR,HAYIR
2026-08-19 09:31:01.418,0.30,0.38,29,0.9,0.0,-0.350,160.0,93,HAYIR,HAYIR
2026-08-19 09:31:01.438,0.30,0.38,29,0.9,0.0,-0.350,160.0,94,HAYIR,HAYIR
2026-08-19 09:31:01.458,0.30,0.38,29,0.9,0.0,-0.350,160.0,96,HAYIR,HAYIR
2026-08-19 09:31:01.478,0.30,0.38,29,0.9,0.0,-0.350,160.0,97,HAYIR,HAYIR
2026-08-19 09:31:01.498,0.30,0.38,29,1.0,0.0,-0.350,160.0,98,HAYIR,HAYIR
2026-08-19 09:31:01.518,0.30,0.38,29,1.0,0.0,-0.350,160.0,99,HAYIR,HAYIR
2026-08-19 09:31:01.538,0.30,0.38,29,1.0,0.0,-0.350,160.0,100,HAYIR,HAYIR
2026-08-19 09:31:01.558,0.30,0.38,29,1.0,0.0,-0.350,160.0,102,HAYIR,HAYIR
2026-08-19 09:31:01.578,0.30,0.38,29,1.1,0.0,-0.350,160.0,103,HAYIR,HAYIR
2026-08-19 09:31:01.598,0.30,0.37,29,1.1,0.0,-0.350,160.0,104,HAYIR,HAYIR
2026-08-19 09:31:01.618,0.30,0.37,29,1.1,0.0,-0.350,160.0,105,HAYIR,HAYIR
2026-08-19 09:31:01.638,0.30,0.37,29,1.1,0.0,-0.350,160.0,106,HAYIR,HAYIR
2026-08-19 09:31:01.658,0.30,0.37,29,1.1,0.0,-0.350,160.0,108,HAYIR,HAYIR
2026-08-19 09:31:01.678,0.30,0.37,29,1.2,0.0,-0.350,160.0,109,HAYIR,HAYIR
2026-08-19 09:31:01.698,0.30,0.37,29,1.2,0.0,-0.350,160.0,110,HAYIR,HAYIR
2026-08-19 09:31:01.718,0.30,0.37,29,1.2,0.0,-0.350,160.0,111,HAYIR,HAYIR
2026-08-19 09:31:01.738,0.30,0.37,29,1.2,0.0,-0.350,160.0,112,HAYIR,HAYIR
2026-08-19 09:31:01.758,0.30,0.37,29,1.2,0.0,-0.350,160.0,114,HAYIR,HAYIR
2026-08-19 09:31:01.778,0.30,0.37,29,1.2,0.0,-0.350,160.0,115,HAYIR,HAYIR
2026-08-19 09:31:01.798,0.30,0.37,29,1.3,0.0,-0.350,160.0,116,HAYIR,HAYIR
2026-08-19 09:31:01.818,0.30,0.37,29,1.3,0.0,-0.350,160.0,117,HAYIR,HAYIR
2026-08-19 09:31:01.838,0.30,0.37,29,1.3,0.0,-0.350,160.0,118,HAYIR,HAYIR
2026-08-19 09:31:01.858,0.30,0.37,29,1.3,0.0,-0.350,160.0,120,HAYIR,HAYIR
2026-08-19 09:31:01.878,0.30,0.37,29,1.3,0.0,-0.350,160.0,121,HAYIR,HAYIR
2026-08-19 09:31:01.898,0.30,0.37,29,1.4,0.0,-0.350,160.0,122,HAYIR,HAYIR
2026-08-19 09:31:01.918,0.30,0.36,29,1.4,0.0,-0.350,160.0,123,HAYIR,HAYIR
2026-08-19 09:31:01.938,0.30,0.36,29,1.4,0.0,-0.350,160.0,124,HAYIR,HAYIR
2026-08-19 09:31:01.958,0.30,0.36,29,1.4,0.0,-0.350,160.0,126,HAYIR,HAYIR
2026-08-19 09:31:01.978,0.30,0.36,29,1.4,0.0,-0.350,160.0,127,HAYIR,HAYIR
2026-08-19 09:31:01.998,0.30,0.36,29,1.5,0.0,-0.350,160.0,128,HAYIR,HAYIR
2026-08-19 09:31:02.018,0.30,0.36,29,1.5,0.0,-0.350,160.0,129,HAYIR,HAYIR
2026-08-19 09:31:02.038,0.30,0.36,30,1.5,0.0,-0.350,160.0,130,HAYIR,HAYIR
2026-08-19 09:31:02.058,0.30,0.36,30,1.5,0.0,-0.350,160.0,132,HAYIR,HAYIR
2026-08-19 09:31:02.078,0.30,0.36,30,1.6,0.0,-0.350,160.0,133,HAYIR,HAYIR
2026-08-19 09:31:02.098,0.30,0.36,30,1.6,0.0,-0.350,160.0,134,HAYIR,HAYIR
2026-08-19 09:31:02.118,0.30,0.36,30,1.6,0.0,-0.350,160.0,135,HAYIR,HAYIR
2026-08-19 09:31:02.138,0.30,0.36,30,1.6,0.0,-0.350,160.0,136,HAYIR,HAYIR
2026-08-19 09:31:02.158,0.30,0.36,30,1.6,0.0,-0.350,160.0,138,HAYIR,HAYIR
2026-08-19 09:31:02.178,0.30,0.36,30,1.7,0.0,-0.350,160.0,139,HAYIR,HAYIR
2026-08-19 09:31:02.198,0.30,0.36,30,1.7,0.0,-0.350,160.0,140,HAYIR,HAYIR
2026-08-19 09:31:02.218,0.30,0.36,30,1.7,0.0,-0.350,160.0,141,HAYIR,HAYIR
2026-08-19 09:31:02.238,0.30,0.36,30,1.7,0.0,-0.350,160.0,142,HAYIR,HAYIR
2026-08-19 09:31:02.258,0.30,0.36,30,1.7,0.0,-0.350,160.0,144,HAYIR,HAYIR
2026-08-19 09:31:02.278,0.30,0.36,30,1.8,0.0,-0.350,160.0,145,HAYIR,HAYIR
2026-08-19 09:31:02.298,0.30,0.35,30,1.8,0.0,-0.350,160.0,146,HAYIR,HAYIR
2026-08-19 09:31:02.318,0.30,0.35,30,1.8,0.0,-0.350,160.0,147,HAYIR,HAYIR
2026-08-19 09:31:02.338,0.30,0.35,30,1.8,0.0,-0.350,160.0,148,HAYIR,HAYIR
2026-08-19 09:31:02.358,0.30,0.35,30,1.8,0.0,-0.350,160.0,150,HAYIR,HAYIR
2026-08-19 09:31:02.378,0.30,0.35,30,1.8,0.0,-0.350,160.0,151,HAYIR,HAYIR
2026-08-19 09:31:02.398,0.30,0.35,30,1.9,0.0,-0.350,160.0,152,HAYIR,HAYIR
2026-08-19 09:31:02.418,0.30,0.35,30,1.9,0.0,-0.350,160.0,153,HAYIR,HAYIR
2026-08-19 09:31:02.438,0.30,0.35,30,1.9,0.0,-0.350,160.0,154,HAYIR,HAYIR
2026-08-19 09:31:02.458,0.30,0.35,30,1.9,0.0,-0.350,160.0,156,HAYIR,HAYIR
2026-08-19 09:31:02.478,0.30,0.35,30,1.9,0.0,-0.350,160.0,157,HAYIR,HAYIR
2026-08-19 09:31:02.498,0.30,0.35,30,2.0,0.0,-0.350,160.0,158,HAYIR,HAYIR
2026-08-19 09:31:02.518,0.30,0.35,30,2.0,0.0,-0.350,160.0,159,HAYIR,HAYIR
2026-08-19 09:31:02.538,0.30,0.35,30,2.0,0.0,-0.350,160.0,160,HAYIR,HAYIR
2026-08-19 09:31:02.558,0.30,0.35,30,2.0,0.0,-0.350,160.0,160,HAYIR,HAYIR
2026-08-19 09:31:02.578,0.30,0.35,30,2.0,0.0,-0.350,160.0,160,HAYIR,HAYIR
2026-08-19 09:31:02.598,0.30,0.35,30,2.0,0.0,-0.350,160.0,160,HAYIR,HAYIR
2026-08-19 09:31:02.618,0.30,0.35,30,2.0,0.0,-0.350,160.0,160,HAYIR,HAYIR
2026-08-19 09:31:02.638,0.30,0.35,30,2.0,0.0,-0.350,160.0,160,HAYIR,HAYIR
2026-08-19 09:31:02.658,0.30,0.34,30,2.0,0.0,-0.350,160.0,160,HAYIR,HAYIR
2026-08-19 09:31:02.678,0.30,0.34,30,2.0,0.0,-0.350,160.0,160,HAYIR,HAYIR
2026-08-19 09:31:02.698,0.30,0.34,30,2.0,0.0,-0.350,160.0,160,HAYIR,HAYIR
2026-08-19 09:31:02.718,0.30,0.34,30,2.0,0.0,-0.350,160.0,160,HAYIR,HAYIR
2026-08-19 09:31:02.738,0.30,0.34,30,2.0,0.0,-0.350,160.0,160,HAYIR,HAYIR
2026-08-19 09:31:02.758,0.30,0.34,30,2.0,0.0,-0.350,160.0,160,HAYIR,HAYIR
2026-08-19 09:31:02.778,0.30,0.34,30,2.0,0.0,-0.350,160.0,160,HAYIR,HAYIR
2026-08-19 09:31:02.798,0.30,0.34,30,2.0,0.0,-0.350,160.0,160,HAYIR,HAYIR
2026-08-19 09:31:02.818,0.30,0.34,30,2.0,0.0,-0.350,160.0,160,HAYIR,HAYIR
2026-08-19 09:31:02.838,0.30,0.34,30,2.0,0.0,-0.350,160.0,160,HAYIR,HAYIR
2026-08-19 09:31:02.858,0.30,0.34,30,2.0,0.0,-0.350,160.0,160,HAYIR,HAYIR
2026-08-19 09:31:02.878,0.30,0.34,30,2.0,0.0,-0.350,160.0,160,HAYIR,HAYIR
2026-08-19 09:31:02.898,0.30,0.34,30,2.0,0.0,-0.350,160.0,160,HAYIR,HAYIR
2026-08-19 09:31:02.918,0.30,0.34,30,2.0,0.0,-0.350,160.0,160,HAYIR,HAYIR
2026-08-19 09:31:02.938,0.30,0.33,30,2.0,0.0,-0.350,160.0,160,HAYIR,HAYIR
2026-08-19 09:31:02.958,0.30,0.33,30,2.0,0.0,-0.350,160.0,160,HAYIR,HAYIR
2026-08-19 09:31:02.978,0.30,0.33,30,2.0,0.0,-0.350,160.0,160,HAYIR,HAYIR
2026-08-19 09:31:02.998,0.30,0.33,30,2.0,0.0,-0.350,160.0,160,HAYIR,HAYIR
2026-08-19 09:31:03.018,0.30,0.33,30,2.0,0.0,-0.350,160.0,160,HAYIR,HAYIR
2026-08-19 09:31:03.038,0.30,0.33,30,2.0,0.0,-0.350,160.0,160,HAYIR,HAYIR
2026-08-19 09:31:03.058,0.30,0.33,30,2.0,0.0,-0.350,160.0,160,HAYIR,HAYIR
2026-08-19 09:31:03.078,0.30,0.33,30,2.0,0.0,-0.350,160.0,160,HAYIR,HAYIR
2026-08-19 09:31:03.098,0.30,0.33,30,2.0,0.0,-0.350,160.0,160,HAYIR,HAYIR
2026-08-19 09:31:03.118,0.30,0.33,30,2.0,0.0,-0.350,160.0,160,HAYIR,HAYIR
2026-08-19 09:31:03.138,0.30,0.33,30,2.0,0.0,-0.350,160.0,160,HAYIR,HAYIR
2026-08-19 09:31:03.158,0.30,0.33,30,2.0,0.0,-0.350,160.0,160,HAYIR,HAYIR
2026-08-19 09:31:03.178,0.30,0.33,30,2.0,0.0,-0.350,160.0,160,HAYIR,HAYIR
2026-08-19 09:31:03.198,0.30,0.33,30,2.0,0.0,-0.350,160.0,160,HAYIR,HAYIR
2026-08-19 09:31:03.218,0.30,0.33,30,2.0,0.0,-0.350,160.0,160,HAYIR,HAYIR
2026-08-19 09:31:03.238,0.30,0.33,30,2.0,0.0,-0.350,160.0,160,HAYIR,HAYIR
2026-08-19 09:31:03.258,0.30,0.33,30,2.0,0.0,-0.350,160.0,160,HAYIR,HAYIR
2026-08-19 09:31:03.278,0.30,0.33,30,2.0,0.0,-0.350,160.0,160,HAYIR,HAYIR
2026-08-19 09:31:03.298,0.30,0.33,30,2.0,0.0,-0.350,160.0,160,HAYIR,HAYIR
2026-08-19 09:31:03.318,0.30,0.33,30,2.0,0.0,-0.350,160.0,160,HAYIR,HAYIR
2026-08-19 09:31:03.338,0.30,0.33,30,2.0,0.0,-0.350,160.0,160,HAYIR,HAYIR
2026-08-19 09:31:03.358,0.30,0.33,30,2.0,0.0,-0.350,160.0,160,HAYIR,HAYIR
2026-08-19 09:31:03.378,0.30,0.33,30,2.0,0.0,-0.350,160.0,160,HAYIR,HAYIR
2026-08-19 09:31:03.398,0.30,0.33,30,2.0,0.0,-0.350,160.0,160,HAYIR,HAYIR
2026-08-19 09:31:03.418,0.30,0.33,30,2.0,0.0,-0.350,160.0,160,HAYIR,HAYIR
2026-08-19 09:31:03.438,0.30,0.33,30,2.0,0.0,-0.350,160.0,160,HAYIR,HAYIR
2026-08-19 09:31:03.458,0.30,0.33,30,2.0,0.0,-0.350,160.0,160,HAYIR,HAYIR
2026-08-19 09:31:03.478,0.30,0.33,30,2.0,0.0,-0.350,160.0,160,HAYIR,HAYIR
2026-08-19 09:31:03.498,0.30,0.33,30,2.0,0.0,-0.350,160.0,160,HAYIR,HAYIR
2026-08-19 09:31:03.518,0.30,0.33,30,2.0,0.0,-0.350,160.0,160,HAYIR,HAYIR
2026-08-19 09:31:03.538,0.30,0.33,30,2.0,0.0,-0.350,160.0,160,HAYIR,HAYIR
2026-08-19 09:31:03.558,0.30,0.33,30,2.0,0.0,-0.350,160.0,160,HAYIR,HAYIR
2026-08-19 09:31:03.578,0.30,0.33,30,2.0,0.0,-0.350,160.0,160,HAYIR,HAYIR
2026-08-19 09:31:03.598,0.30,0.33,30,2.0,0.0,-0.350,160.0,160,HAYIR,HAYIR
2026-08-19 09:31:03.618,0.30,0.32,30,2.0,0.0,-0.350,160.0,160,HAYIR,HAYIR
2026-08-19 09:31:03.638,0.30,0.32,30,2.0,0.0,-0.350,160.0,160,HAYIR,HAYIR
2026-08-19 09:31:03.658,0.30,0.32,30,2.0,0.0,-0.350,160.0,160,HAYIR,HAYIR
2026-08-19 09:31:03.678,0.30,0.32,30,2.0,0.0,-0.350,160.0,160,HAYIR,HAYIR
2026-08-19 09:31:03.698,0.30,0.32,30,2.0,0.0,-0.350,160.0,160,HAYIR,HAYIR
2026-08-19 09:31:03.718,0.30,0.32,30,2.0,0.0,-0.350,160.0,160,HAYIR,HAYIR
2026-08-19 09:31:03.738,0.30,0.32,30,2.0,0.0,-0.350,160.0,160,HAYIR,HAYIR
2026-08-19 09:31:03.758,0.30,0.32,30,2.0,0.0,-0.350,160.0,160,HAYIR,HAYIR
2026-08-19 09:31:03.778,0.30,0.32,30,2.0,0.0,-0.350,160.0,160,HAYIR,HAYIR
2026-08-19 09:31:03.798,0.30,0.32,30,2.0,0.0,-0.350,160.0,160,HAYIR,HAYIR
2026-08-19 09:31:03.818,0.30,0.32,30,2.0,0.0,-0.350,160.0,160,HAYIR,HAYIR
2026-08-19 09:31:03.838,0.30,0.32,30,2.0,0.0,-0.350,160.0,160,HAYIR,HAYIR
2026-08-19 09:31:03.858,0.30,0.32,30,2.0,0.0,-0.350,160.0,160,HAYIR,HAYIR
2026-08-19 09:31:03.878,0.30,0.32,30,2.0,0.0,-0.350,160.0,160,HAYIR,HAYIR
2026-08-19 09:31:03.898,0.30,0.32,30,2.0,0.0,-0.350,160.0,160,HAYIR,HAYIR
2026-08-19 09:31:03.918,0.30,0.32,30,2.0,0.0,-0.350,160.0,160,HAYIR,HAYIR
2026-08-19 09:31:03.938,0.30,0.32,30,2.0,0.0,-0.350,160.0,160,HAYIR,HAYIR
2026-08-19 09:31:03.958,0.30,0.32,30,2.0,0.0,-0.350,160.0,160,HAYIR,HAYIR
2026-08-19 09:31:03.978,0.30,0.32,30,2.0,0.0,-0.350,160.0,160,HAYIR,HAYIR
2026-08-19 09:31:03.998,0.30,0.32,30,2.0,0.0,-0.350,160.0,160,HAYIR,HAYIR
2026-08-19 09:31:04.018,0.30,0.32,30,2.0,0.0,-0.350,160.0,160,HAYIR,HAYIR
2026-08-19 09:31:04.038,0.30,0.32,30,2.0,0.0,-0.350,160.0,160,HAYIR,HAYIR
2026-08-19 09:31:04.058,0.30,0.32,30,2.0,0.0,-0.350,160.0,160,HAYIR,HAYIR
2026-08-19 09:31:04.078,0.30,0.32,30,2.0,0.0,-0.350,160.0,160,HAYIR,HAYIR
2026-08-19 09:31:04.098,0.30,0.32,30,2.0,0.0,-0.350,160.0,160,HAYIR,HAYIR
2026-08-19 09:31:04.118,0.30,0.32,30,2.0,0.0,-0.350,160.0,160,HAYIR,HAYIR
2026-08-19 09:31:04.138,0.30,0.32,30,2.0,0.0,-0.350,160.0,160,HAYIR,HAYIR
2026-08-19 09:31:04.158,0.30,0.32,30,2.0,0.0,-0.350,160.0,160,HAYIR,HAYIR
2026-08-19 09:31:04.178,0.30,0.32,30,2.0,0.0,-0.350,160.0,160,HAYIR,HAYIR
2026-08-19 09:31:04.198,0.30,0.32,30,2.0,0.0,-0.350,160.0,160,HAYIR,HAYIR
2026-08-19 09:31:04.218,0.30,0.32,30,2.0,0.0,-0.350,160.0,160,HAYIR,HAYIR
2026-08-19 09:31:04.238,0.30,0.32,30,2.0,0.0,-0.350,160.0,160,HAYIR,HAYIR
2026-08-19 09:31:04.258,0.30,0.32,30,2.0,0.0,-0.350,160.0,160,HAYIR,HAYIR
2026-08-19 09:31:04.278,0.30,0.34,30,2.0,0.0,-0.350,160.0,160,HAYIR,HAYIR
2026-08-19 09:31:04.298,0.30,0.34,30,2.0,0.0,-0.350,160.0,160,HAYIR,HAYIR
2026-08-19 09:31:04.318,0.30,0.34,30,2.0,0.0,-0.350,160.0,160,HAYIR,HAYIR
2026-08-19 09:31:04.338,0.30,0.34,30,2.0,0.0,-0.350,160.0,160,HAYIR,HAYIR
2026-08-19 09:31:04.358,0.30,0.34,30,2.0,0.0,-0.350,160.0,160,HAYIR,HAYIR
2026-08-19 09:31:04.378,0.30,0.34,30,2.0,0.0,-0.350,160.0,160,HAYIR,HAYIR
2026-08-19 09:31:04.398,0.30,0.34,30,2.0,0.0,-0.350,160.0,160,HAYIR,HAYIR
2026-08-19 09:31:04.418,0.30,0.34,30,2.0,0.0,-0.350,160.0,160,HAYIR,HAYIR
2026-08-19 09:31:04.438,0.30,0.34,30,2.0,0.0,-0.350,160.0,160,HAYIR,HAYIR
2026-08-19 09:31:04.458,0.30,0.34,30,2.0,0.0,-0.350,160.0,160,HAYIR,HAYIR
2026-08-19 09:31:04.478,0.30,0.34,30,2.0,0.0,-0.350,160.0,160,HAYIR,HAYIR
2026-08-19 09:31:04.498,0.30,0.34,30,2.0,0.0,-0.350,160.0,160,HAYIR,HAYIR
2026-08-19 09:31:04.518,0.30,0.34,30,2.0,0.0,-0.350,160.0,160,HAYIR,HAYIR
2026-08-19 09:31:04.538,0.30,0.34,30,2.0,0.0,-0.350,160.0,160,HAYIR,HAYIR
2026-08-19 09:31:04.558,0.30,0.34,30,2.0,0.0,-0.350,160.0,160,HAYIR,HAYIR
2026-08-19 09:31:04.578,0.30,0.34,30,2.0,0.0,-0.350,160.0,160,HAYIR,HAYIR
2026-08-19 09:31:04.598,0.30,0.34,30,2.0,0.0,-0.350,160.0,160,HAYIR,HAYIR
2026-08-19 09:31:04.618,0.30,0.34,30,2.0,0.0,-0.350,160.0,160,HAYIR,HAYIR
2026-08-19 09:31:04.638,0.30,0.34,30,2.0,0.0,-0.350,160.0,160,HAYIR,HAYIR
2026-08-19 09:31:04.658,0.30,0.34,30,2.0,0.0,-0.350,160.0,160,HAYIR,HAYIR
2026-08-19 09:31:04.678,0.30,0.35,30,2.0,0.0,-0.350,160.0,160,HAYIR,HAYIR
2026-08-19 09:31:04.698,0.30,0.35,30,2.0,0.0,-0.350,160.0,160,HAYIR,HAYIR
2026-08-19 09:31:04.718,0.30,0.35,30,2.0,0.0,-0.350,160.0,160,HAYIR,HAYIR
2026-08-19 09:31:04.738,0.30,0.35,30,2.0,0.0,-0.350,160.0,160,HAYIR,HAYIR
2026-08-19 09:31:04.758,0.30,0.35,30,2.0,0.0,-0.350,160.0,160,HAYIR,HAYIR
2026-08-19 09:31:04.778,0.30,0.35,30,2.0,0.0,-0.350,160.0,160,HAYIR,HAYIR
2026-08-19 09:31:04.798,0.30,0.35,30,2.0,0.0,-0.350,160.0,160,HAYIR,HAYIR
2026-08-19 09:31:04.818,0.30,0.35,30,2.0,0.0,-0.350,160.0,160,HAYIR,HAYIR
2026-08-19 09:31:04.838,0.30,0.35,30,2.0,0.0,-0.350,160.0,160,HAYIR,HAYIR
2026-08-19 09:31:04.858,0.30,0.35,30,2.0,0.0,-0.350,160.0,160,HAYIR,HAYIR
2026-08-19 09:31:04.878,0.30,0.35,30,2.0,0.0,-0.350,160.0,160,HAYIR,HAYIR
2026-08-19 09:31:04.898,0.30,0.35,30,2.0,0.0,-0.350,160.0,160,HAYIR,HAYIR
2026-08-19 09:31:04.918,0.30,0.35,30,2.0,0.0,-0.350,160.0,160,HAYIR,HAYIR
2026-08-19 09:31:04.938,0.30,0.35,30,2.0,0.0,-0.350,160.0,160,HAYIR,HAYIR
2026-08-19 09:31:04.958,0.30,0.35,30,2.0,0.0,-0.350,160.0,160,HAYIR,HAYIR
2026-08-19 09:31:04.978,0.30,0.35,30,2.0,0.0,-0.350,160.0,160,HAYIR,HAYIR
2026-08-19 09:31:04.998,0.30,0.35,30,2.0,0.0,-0.350,160.0,160,HAYIR,HAYIR
2026-08-19 09:31:05.018,0.30,0.35,30,2.0,0.0,-0.350,160.0,160,HAYIR,HAYIR
2026-08-19 09:31:05.038,0.30,0.35,30,2.0,0.0,-0.350,160.0,160,HAYIR,HAYIR
2026-08-19 09:31:05.058,0.30,0.35,30,2.0,0.0,-0.350,160.0,160,HAYIR,HAYIR
2026-08-19 09:31:05.078,0.30,0.35,30,2.0,0.0,-0.350,160.0,160,HAYIR,HAYIR
2026-08-19 09:31:05.098,0.30,0.35,30,2.0,0.0,-0.350,160.0,160,HAYIR,HAYIR
2026-08-19 09:31:05.118,0.30,0.35,30,2.0,0.0,-0.350,160.0,160,HAYIR,HAYIR
2026-08-19 09:31:05.138,0.30,0.35,30,2.0,0.0,-0.350,160.0,160,HAYIR,HAYIR
2026-08-19 09:31:05.158,0.30,0.35,30,2.0,0.0,-0.350,160.0,160,HAYIR,HAYIR
2026-08-19 09:31:05.178,0.30,0.35,30,2.0,0.0,-0.350,160.0,160,HAYIR,HAYIR
2026-08-19 09:31:05.198,0.30,0.35,30,2.0,0.0,-0.350,160.0,160,HAYIR,HAYIR
2026-08-19 09:31:05.218,0.30,0.35,30,2.0,0.0,-0.350,160.0,160,HAYIR,HAYIR
2026-08-19 09:31:05.238,0.30,0.35,30,2.0,0.0,-0.350,160.0,160,HAYIR,HAYIR
2026-08-19 09:31:05.258,0.30,0.35,30,2.0,0.0,-0.350,160.0,160,HAYIR,HAYIR
2026-08-19 09:31:05.278,0.30,0.35,30,2.0,0.0,-0.350,160.0,160,HAYIR,HAYIR
2026-08-19 09:31:05.298,0.30,0.35,30,2.0,0.0,-0.350,160.0,160,HAYIR,HAYIR
2026-08-19 09:31:05.318,0.30,0.35,30,2.0,0.0,-0.350,160.0,160,HAYIR,HAYIR
2026-08-19 09:31:05.338,0.30,0.35,30,2.0,0.0,-0.350,160.0,160,HAYIR,HAYIR
2026-08-19 09:31:05.358,0.30,0.35,30,2.0,0.0,-0.350,160.0,160,HAYIR,HAYIR
2026-08-19 09:31:05.378,0.30,0.35,30,2.0,0.0,-0.350,160.0,160,HAYIR,HAYIR
2026-08-19 09:31:05.398,0.30,0.35,30,2.0,0.0,-0.350,160.0,160,HAYIR,HAYIR
2026-08-19 09:31:05.418,0.30,0.35,30,2.0,0.0,-0.350,160.0,160,HAYIR,HAYIR
2026-08-19 09:31:05.438,0.30,0.35,30,2.0,0.0,-0.350,160.0,160,HAYIR,HAYIR
2026-08-19 09:31:05.458,0.30,0.35,30,2.0,0.0,-0.350,160.0,160,HAYIR,HAYIR
2026-08-19 09:31:05.478,0.30,0.35,30,2.0,0.0,-0.350,160.0,160,HAYIR,HAYIR
2026-08-19 09:31:05.498,0.30,0.35,30,2.0,0.0,-0.350,160.0,160,HAYIR,HAYIR
2026-08-19 09:31:05.518,0.30,0.35,30,2.0,0.0,-0.350,160.0,160,HAYIR,HAYIR
2026-08-19 09:31:05.538,0.30,0.35,30,2.0,0.0,-0.350,160.0,160,HAYIR,HAYIR
2026-08-19 09:31:05.558,0.30,0.35,30,2.0,0.0,-0.350,160.0,160,HAYIR,HAYIR
2026-08-19 09:31:05.578,0.30,0.35,30,2.0,0.0,-0.350,160.0,160,HAYIR,HAYIR
2026-08-19 09:31:05.598,0.30,0.35,30,2.0,0.0,-0.350,160.0,160,HAYIR,HAYIR
2026-08-19 09:31:05.618,0.30,0.35,30,2.0,0.0,-0.350,160.0,160,HAYIR,HAYIR
2026-08-19 09:31:05.638,0.30,0.34,30,2.0,0.0,-0.350,160.0,160,HAYIR,HAYIR
2026-08-19 09:31:05.658,0.30,0.34,30,2.0,0.0,-0.350,160.0,160,HAYIR,HAYIR
2026-08-19 09:31:05.678,0.30,0.34,30,2.0,0.0,-0.350,160.0,160,HAYIR,HAYIR
2026-08-19 09:31:05.698,0.30,0.34,30,2.0,0.0,-0.350,160.0,160,HAYIR,HAYIR
2026-08-19 09:31:05.718,0.30,0.34,30,2.0,0.0,-0.350,160.0,160,HAYIR,HAYIR
2026-08-19 09:31:05.738,0.30,0.34,30,2.0,0.0,-0.350,160.0,160,HAYIR,HAYIR
2026-08-19 09:31:05.758,0.30,0.34,30,2.0,0.0,-0.350,160.0,160,HAYIR,HAYIR
2026-08-19 09:31:05.778,0.30,0.34,30,2.0,0.0,-0.350,160.0,160,HAYIR,HAYIR
2026-08-19 09:31:05.798,0.30,0.34,30,2.0,0.0,-0.350,160.0,160,HAYIR,HAYIR
2026-08-19 09:31:05.818,0.30,0.34,30,2.0,0.0,-0.350,160.0,160,HAYIR,HAYIR
2026-08-19 09:31:05.838,0.30,0.34,30,2.0,0.0,-0.350,160.0,160,HAYIR,HAYIR
2026-08-19 09:31:05.858,0.30,0.34,30,2.0,0.0,-0.350,160.0,160,HAYIR,HAYIR
2026-08-19 09:31:05.878,0.30,0.34,30,2.0,0.0,-0.350,160.0,160,HAYIR,HAYIR
2026-08-19 09:31:05.898,0.30,0.34,30,2.0,0.0,-0.350,160.0,160,HAYIR,HAYIR
2026-08-19 09:31:05.918,0.30,0.33,30,2.0,0.0,-0.350,160.0,160,HAYIR,HAYIR
2026-08-19 09:31:05.938,0.30,0.33,30,2.0,0.0,-0.350,160.0,160,HAYIR,HAYIR
2026-08-19 09:31:05.958,0.30,0.33,30,2.0,0.0,-0.350,160.0,160,HAYIR,HAYIR
2026-08-19 09:31:05.978,0.30,0.33,30,2.0,0.0,-0.350,160.0,160,HAYIR,HAYIR
2026-08-19 09:31:05.998,0.30,0.33,30,2.0,0.0,-0.350,160.0,160,HAYIR,HAYIR
2026-08-19 09:31:06.018,0.30,0.33,30,2.0,0.0,-0.350,160.0,160,HAYIR,HAYIR
2026-08-19 09:31:06.038,0.30,0.33,30,2.0,0.0,-0.350,160.0,160,HAYIR,HAYIR
2026-08-19 09:31:06.058,0.30,0.33,30,2.0,0.0,-0.350,160.0,160,HAYIR,HAYIR
2026-08-19 09:31:06.078,0.30,0.33,30,2.0,0.0,-0.350,160.0,160,HAYIR,HAYIR
2026-08-19 09:31:06.098,0.30,0.33,30,2.0,0.0,-0.350,160.0,160,HAYIR,HAYIR
2026-08-19 09:31:06.118,0.30,0.33,30,2.0,0.0,-0.350,160.0,160,HAYIR,HAYIR
2026-08-19 09:31:06.138,0.30,0.33,30,2.0,0.0,-0.350,160.0,160,HAYIR,HAYIR
2026-08-19 09:31:06.158,0.30,0.33,30,2.0,0.0,-0.350,160.0,160,HAYIR,HAYIR
2026-08-19 09:31:06.178,0.30,0.33,30,2.0,0.0,-0.350,160.0,160,HAYIR,HAYIR
2026-08-19 09:31:06.198,0.30,0.33,30,2.0,0.0,-0.350,160.0,160,HAYIR,HAYIR
2026-08-19 09:31:06.218,0.30,0.33,30,2.0,0.0,-0.350,160.0,160,HAYIR,HAYIR
2026-08-19 09:31:06.238,0.30,0.33,30,2.0,0.0,-0.350,160.0,160,HAYIR,HAYIR
2026-08-19 09:31:06.258,0.30,0.33,30,2.0,0.0,-0.350,160.0,160,HAYIR,HAYIR
2026-08-19 09:31:06.278,0.30,0.33,30,2.0,0.0,-0.350,160.0,160,HAYIR,HAYIR
2026-08-19 09:31:06.298,0.30,0.34,30,2.0,0.0,-0.350,160.0,160,HAYIR,HAYIR
2026-08-19 09:31:06.318,0.30,0.34,30,2.0,0.0,-0.350,160.0,160,HAYIR,HAYIR
2026-08-19 09:31:06.338,0.30,0.34,30,2.0,0.0,-0.350,160.0,160,HAYIR,HAYIR
2026-08-19 09:31:06.358,0.30,0.34,30,2.0,0.0,-0.350,160.0,160,HAYIR,HAYIR
2026-08-19 09:31:06.378,0.30,0.34,30,2.0,0.0,-0.350,160.0,160,HAYIR,HAYIR
2026-08-19 09:31:06.398,0.30,0.34,30,2.0,0.0,-0.350,160.0,160,HAYIR,HAYIR
2026-08-19 09:31:06.418,0.30,0.34,30,2.0,0.0,-0.350,160.0,160,HAYIR,HAYIR
2026-08-19 09:31:06.438,0.30,0.34,30,2.0,0.0,-0.350,160.0,160,HAYIR,HAYIR
2026-08-19 09:31:06.458,0.30,0.34,30,2.0,0.0,-0.350,160.0,160,HAYIR,HAYIR
2026-08-19 09:31:06.478,0.30,0.34,30,2.0,0.0,-0.350,160.0,160,HAYIR,HAYIR
2026-08-19 09:31:06.498,0.30,0.34,30,2.0,0.0,-0.350,160.0,160,HAYIR,HAYIR
2026-08-19 09:31:06.518,0.30,0.34,30,2.0,0.0,-0.350,160.0,160,HAYIR,HAYIR
2026-08-19 09:31:06.538,0.30,0.34,30,2.0,0.0,-0.350,160.0,160,HAYIR,HAYIR
2026-08-19 09:31:06.558,0.30,0.34,30,2.0,0.0,-0.350,160.0,160,HAYIR,HAYIR
2026-08-19 09:31:06.578,0.30,0.34,30,2.0,0.0,-0.350,160.0,160,HAYIR,HAYIR
2026-08-19 09:31:06.598,0.30,0.32,30,2.0,0.0,-0.350,160.0,160,HAYIR,HAYIR
2026-08-19 09:31:06.618,0.30,0.32,30,2.0,0.0,-0.350,160.0,160,HAYIR,HAYIR
2026-08-19 09:31:06.638,0.30,0.32,30,2.0,0.0,-0.350,160.0,160,HAYIR,HAYIR
2026-08-19 09:31:06.658,0.30,0.32,30,2.0,0.0,-0.350,160.0,160,HAYIR,HAYIR
2026-08-19 09:31:06.678,0.30,0.32,30,2.0,0.0,-0.350,160.0,160,HAYIR,HAYIR
2026-08-19 09:31:06.698,0.30,0.32,30,2.0,0.0,-0.350,160.0,160,HAYIR,HAYIR
2026-08-19 09:31:06.718,0.30,0.32,30,2.0,0.0,-0.350,160.0,160,HAYIR,HAYIR
2026-08-19 09:31:06.738,0.30,0.32,30,2.0,0.0,-0.350,160.0,160,HAYIR,HAYIR
2026-08-19 09:31:06.758,0.30,0.32,30,2.0,0.0,-0.350,160.0,160,HAYIR,HAYIR
2026-08-19 09:31:06.778,0.30,0.32,30,2.0,0.0,-0.350,160.0,160,HAYIR,HAYIR
2026-08-19 09:31:06.798,0.30,0.32,30,2.0,0.0,-0.350,160.0,160,HAYIR,HAYIR
2026-08-19 09:31:06.818,0.30,0.32,30,2.0,0.0,-0.350,160.0,160,HAYIR,HAYIR
2026-08-19 09:31:06.838,0.30,0.32,30,2.0,0.0,-0.350,160.0,160,HAYIR,HAYIR
2026-08-19 09:31:06.858,0.30,0.32,30,2.0,0.0,-0.350,160.0,160,HAYIR,HAYIR
2026-08-19 09:31:06.878,0.30,0.32,30,2.0,0.0,-0.350,160.0,160,HAYIR,HAYIR
2026-08-19 09:31:06.898,0.30,0.32,30,2.0,0.0,-0.350,160.0,160,HAYIR,HAYIR
2026-08-19 09:31:06.918,0.30,0.32,30,2.0,0.0,-0.350,160.0,160,HAYIR,HAYIR
2026-08-19 09:31:06.938,0.30,0.32,30,2.0,0.0,-0.350,160.0,160,HAYIR,HAYIR
2026-08-19 09:31:06.958,0.30,0.32,30,2.0,0.0,-0.350,160.0,160,HAYIR,HAYIR
2026-08-19 09:31:06.978,0.30,0.31,30,2.0,0.0,-0.350,160.0,160,HAYIR,HAYIR
2026-08-19 09:31:06.998,0.30,0.31,30,2.0,0.0,-0.350,160.0,160,HAYIR,HAYIR
2026-08-19 09:31:07.018,0.30,0.31,30,2.0,0.0,-0.350,160.0,160,HAYIR,HAYIR
2026-08-19 09:31:07.038,0.30,0.31,30,2.0,0.0,-0.350,160.0,160,HAYIR,HAYIR
2026-08-19 09:31:07.058,0.30,0.31,30,2.0,0.0,-0.350,160.0,160,HAYIR,HAYIR
2026-08-19 09:31:07.078,0.30,0.31,30,2.0,0.0,-0.350,160.0,160,HAYIR,HAYIR
2026-08-19 09:31:07.098,0.30,0.31,30,2.0,0.0,-0.350,160.0,160,HAYIR,HAYIR
2026-08-19 09:31:07.118,0.30,0.31,30,2.0,0.0,-0.350,160.0,160,HAYIR,HAYIR
2026-08-19 09:31:07.138,0.30,0.31,30,2.0,0.0,-0.350,160.0,160,HAYIR,HAYIR
2026-08-19 09:31:07.158,0.30,0.31,30,2.0,0.0,-0.350,160.0,160,HAYIR,HAYIR
2026-08-19 09:31:07.178,0.30,0.31,30,2.0,0.0,-0.350,160.0,160,HAYIR,HAYIR
2026-08-19 09:31:07.198,0.30,0.31,30,2.0,0.0,-0.350,160.0,160,HAYIR,HAYIR
2026-08-19 09:31:07.218,0.30,0.31,30,2.0,0.0,-0.350,160.0,160,HAYIR,HAYIR
2026-08-19 09:31:07.238,0.30,0.31,30,2.0,0.0,-0.350,160.0,160,HAYIR,HAYIR
2026-08-19 09:31:07.258,0.30,0.31,30,2.0,0.0,-0.350,160.0,160,HAYIR,HAYIR
2026-08-19 09:31:07.278,0.30,0.30,30,2.0,0.0,-0.350,160.0,160,HAYIR,HAYIR
2026-08-19 09:31:07.298,0.30,0.30,30,2.0,0.0,-0.350,160.0,160,HAYIR,HAYIR
2026-08-19 09:31:07.318,0.30,0.30,30,2.0,0.0,-0.350,160.0,160,HAYIR,HAYIR
2026-08-19 09:31:07.338,0.30,0.30,30,2.0,0.0,-0.350,160.0,160,HAYIR,HAYIR
2026-08-19 09:31:07.358,0.30,0.30,30,2.0,0.0,-0.350,160.0,160,HAYIR,HAYIR
2026-08-19 09:31:07.378,0.30,0.30,30,2.0,0.0,-0.350,160.0,160,HAYIR,HAYIR
2026-08-19 09:31:07.398,0.30,0.30,30,2.0,0.0,-0.350,160.0,160,HAYIR,HAYIR
2026-08-19 09:31:07.418,0.30,0.30,30,2.0,0.0,-0.350,160.0,160,HAYIR,HAYIR
2026-08-19 09:31:07.438,0.30,0.30,30,2.0,0.0,-0.350,160.0,160,HAYIR,HAYIR
2026-08-19 09:31:07.458,0.30,0.30,30,2.0,0.0,-0.350,160.0,160,HAYIR,HAYIR
2026-08-19 09:31:07.478,0.30,0.30,30,2.0,0.0,-0.350,160.0,160,HAYIR,HAYIR
2026-08-19 09:31:07.498,0.30,0.30,30,2.0,0.0,-0.350,160.0,160,HAYIR,HAYIR
2026-08-19 09:31:07.518,0.30,0.30,30,2.0,0.0,-0.350,160.0,160,HAYIR,HAYIR
2026-08-19 09:31:07.538,0.30,0.30,30,2.0,0.0,-0.350,160.0,160,HAYIR,HAYIR
2026-08-19 09:31:07.558,0.30,0.30,30,2.0,0.0,-0.350,160.0,160,HAYIR,HAYIR
2026-08-19 09:31:07.578,0.30,0.30,30,2.0,0.0,-0.350,160.0,160,HAYIR,HAYIR
2026-08-19 09:31:07.598,0.30,0.30,30,2.0,0.0,-0.350,160.0,160,HAYIR,HAYIR
2026-08-19 09:31:07.618,0.30,0.30,30,2.0,0.0,-0.350,160.0,160,HAYIR,HAYIR
2026-08-19 09:31:07.638,0.30,0.30,30,2.0,0.0,-0.350,160.0,160,HAYIR,HAYIR
2026-08-19 09:31:07.658,0.30,0.30,31,2.0,0.0,-0.350,160.0,160,HAYIR,HAYIR
2026-08-19 09:31:07.678,0.30,0.30,31,2.0,0.0,-0.350,160.0,160,HAYIR,HAYIR
2026-08-19 09:31:07.698,0.30,0.30,31,2.0,0.0,-0.350,160.0,160,HAYIR,HAYIR
2026-08-19 09:31:07.718,0.30,0.30,31,2.0,0.0,-0.350,160.0,160,HAYIR,HAYIR
2026-08-19 09:31:07.738,0.30,0.30,31,2.0,0.0,-0.350,160.0,160,HAYIR,HAYIR
2026-08-19 09:31:07.758,0.30,0.30,31,2.0,0.0,-0.350,160.0,160,HAYIR,HAYIR
2026-08-19 09:31:07.778,0.30,0.30,31,2.0,0.0,-0.350,160.0,160,HAYIR,HAYIR
2026-08-19 09:31:07.798,0.30,0.30,31,2.0,0.0,-0.350,160.0,160,HAYIR,HAYIR
2026-08-19 09:31:07.818,0.30,0.30,31,2.0,0.0,-0.350,160.0,160,HAYIR,HAYIR
2026-08-19 09:31:07.838,0.30,0.30,31,2.0,0.0,-0.350,160.0,160,HAYIR,HAYIR
2026-08-19 09:31:07.858,0.30,0.30,31,2.0,0.0,-0.350,160.0,160,HAYIR,HAYIR
2026-08-19 09:31:07.878,0.30,0.30,31,2.0,0.0,-0.350,160.0,160,HAYIR,HAYIR
2026-08-19 09:31:07.898,0.30,0.30,31,2.0,0.0,-0.350,160.0,160,HAYIR,HAYIR
2026-08-19 09:31:07.918,0.30,0.30,31,2.0,0.0,-0.350,160.0,160,HAYIR,HAYIR
2026-08-19 09:31:07.938,0.30,0.29,31,2.0,0.0,-0.350,160.0,160,HAYIR,HAYIR
2026-08-19 09:31:07.958,0.30,0.29,31,2.0,0.0,-0.350,160.0,160,HAYIR,HAYIR
2026-08-19 09:31:07.978,0.30,0.29,31,2.0,0.0,-0.350,160.0,160,HAYIR,HAYIR
2026-08-19 09:31:07.998,0.30,0.29,31,2.0,0.0,-0.350,160.0,160,HAYIR,HAYIR
2026-08-19 09:31:08.018,0.30,0.29,31,2.0,0.0,-0.350,160.0,160,HAYIR,HAYIR
2026-08-19 09:31:08.038,0.30,0.29,31,2.0,0.0,-0.350,160.0,160,HAYIR,HAYIR
2026-08-19 09:31:08.058,0.30,0.29,31,2.0,0.0,-0.350,160.0,160,HAYIR,HAYIR
2026-08-19 09:31:08.078,0.30,0.29,31,2.0,0.0,-0.350,160.0,160,HAYIR,HAYIR
2026-08-19 09:31:08.098,0.30,0.29,31,2.0,0.0,-0.350,160.0,160,HAYIR,HAYIR
2026-08-19 09:31:08.118,0.30,0.29,31,2.0,0.0,-0.350,160.0,160,HAYIR,HAYIR
2026-08-19 09:31:08.138,0.30,0.29,31,2.0,0.0,-0.350,160.0,160,HAYIR,HAYIR
2026-08-19 09:31:08.158,0.30,0.29,31,2.0,0.0,-0.350,160.0,160,HAYIR,HAYIR
2026-08-19 09:31:08.178,0.30,0.29,31,2.0,0.0,-0.350,160.0,160,HAYIR,HAYIR
2026-08-19 09:31:08.198,0.30,0.29,31,2.0,0.0,-0.350,160.0,160,HAYIR,HAYIR
2026-08-19 09:31:08.218,0.30,0.29,31,2.0,0.0,-0.350,160.0,160,HAYIR,HAYIR
2026-08-19 09:31:08.238,0.30,0.29,31,2.0,0.0,-0.350,160.0,160,HAYIR,HAYIR
2026-08-19 09:31:08.258,0.30,0.29,31,2.0,0.0,-0.350,160.0,160,HAYIR,HAYIR
2026-08-19 09:31:08.278,0.30,0.29,31,2.0,0.0,-0.350,160.0,160,HAYIR,HAYIR
2026-08-19 09:31:08.298,0.30,0.29,31,2.0,0.0,-0.350,160.0,160,HAYIR,HAYIR
2026-08-19 09:31:08.318,0.30,0.28,32,2.0,0.0,-0.350,160.0,160,HAYIR,HAYIR
2026-08-19 09:31:08.338,0.30,0.28,31,2.0,0.0,-0.350,160.0,160,HAYIR,HAYIR
2026-08-19 09:31:08.358,0.30,0.28,31,2.0,0.0,-0.350,160.0,160,HAYIR,HAYIR
2026-08-19 09:31:08.378,0.30,0.28,31,2.0,0.0,-0.350,160.0,160,HAYIR,HAYIR
2026-08-19 09:31:08.398,0.30,0.28,31,2.0,0.0,-0.350,160.0,160,HAYIR,HAYIR
2026-08-19 09:31:08.418,0.30,0.28,31,2.0,0.0,-0.350,160.0,160,HAYIR,HAYIR
2026-08-19 09:31:08.438,0.30,0.28,31,2.0,0.0,-0.350,160.0,160,HAYIR,HAYIR
2026-08-19 09:31:08.458,0.30,0.28,31,2.0,0.0,-0.350,160.0,160,HAYIR,HAYIR
2026-08-19 09:31:08.478,0.30,0.28,31,2.0,0.0,-0.350,160.0,160,HAYIR,HAYIR
2026-08-19 09:31:08.498,0.30,0.28,31,2.0,0.0,-0.350,160.0,160,HAYIR,HAYIR
2026-08-19 09:31:08.518,0.30,0.28,31,2.0,0.0,-0.350,160.0,160,HAYIR,HAYIR
2026-08-19 09:31:08.538,0.30,0.28,31,2.0,0.0,-0.350,160.0,160,HAYIR,HAYIR
2026-08-19 09:31:08.558,0.30,0.28,31,2.0,0.0,-0.350,160.0,160,HAYIR,HAYIR
2026-08-19 09:31:08.578,0.30,0.28,31,2.0,0.0,-0.350,160.0,160,HAYIR,HAYIR
2026-08-19 09:31:08.598,0.30,0.28,31,2.0,0.0,-0.350,160.0,160,HAYIR,HAYIR
2026-08-19 09:31:08.618,0.30,0.28,31,2.0,0.0,-0.350,160.0,160,HAYIR,HAYIR
2026-08-19 09:31:08.638,0.30,0.28,31,2.0,0.0,-0.350,160.0,160,HAYIR,HAYIR
2026-08-19 09:31:08.658,0.30,0.28,31,2.0,0.0,-0.350,160.0,160,HAYIR,HAYIR
2026-08-19 09:31:08.678,0.30,0.28,31,2.0,0.0,-0.350,160.0,160,HAYIR,HAYIR
2026-08-19 09:31:08.698,0.30,0.28,31,2.0,0.0,-0.350,160.0,160,HAYIR,HAYIR
2026-08-19 09:31:08.718,0.30,0.28,31,2.0,0.0,-0.350,160.0,160,HAYIR,HAYIR
2026-08-19 09:31:08.738,0.30,0.28,31,2.0,0.0,-0.350,160.0,160,HAYIR,HAYIR
2026-08-19 09:31:08.758,0.30,0.28,31,2.0,0.0,-0.350,160.0,160,HAYIR,HAYIR
2026-08-19 09:31:08.778,0.30,0.28,31,2.0,0.0,-0.350,160.0,160,HAYIR,HAYIR
2026-08-19 09:31:08.798,0.30,0.28,31,2.0,0.0,-0.350,160.0,160,HAYIR,HAYIR
2026-08-19 09:31:08.818,0.30,0.28,31,2.0,0.0,-0.350,160.0,160,HAYIR,HAYIR
2026-08-19 09:31:08.838,0.30,0.28,31,2.0,0.0,-0.350,160.0,160,HAYIR,HAYIR
2026-08-19 09:31:08.858,0.30,0.28,31,2.0,0.0,-0.350,160.0,160,HAYIR,HAYIR
2026-08-19 09:31:08.878,0.30,0.28,31,2.0,0.0,-0.350,160.0,160,HAYIR,HAYIR
2026-08-19 09:31:08.898,0.30,0.28,31,2.0,0.0,-0.350,160.0,160,HAYIR,HAYIR
2026-08-19 09:31:08.918,0.30,0.28,31,2.0,0.0,-0.350,160.0,160,HAYIR,HAYIR
2026-08-19 09:31:08.938,0.30,0.28,31,2.0,0.0,-0.350,160.0,160,HAYIR,HAYIR
2026-08-19 09:31:08.958,0.30,0.28,31,2.0,0.0,-0.350,160.0,160,HAYIR,HAYIR
2026-08-19 09:31:08.978,0.30,0.28,31,2.0,0.0,-0.350,160.0,160,HAYIR,HAYIR
2026-08-19 09:31:08.998,0.30,0.29,31,2.0,0.0,-0.350,160.0,160,HAYIR,HAYIR
2026-08-19 09:31:09.018,0.30,0.29,31,2.0,0.0,-0.350,160.0,160,HAYIR,HAYIR
2026-08-19 09:31:09.038,0.30,0.29,31,2.0,0.0,-0.350,160.0,160,HAYIR,HAYIR
2026-08-19 09:31:09.058,0.30,0.29,31,2.0,0.0,-0.350,160.0,160,HAYIR,HAYIR
2026-08-19 09:31:09.078,0.30,0.29,31,2.0,0.0,-0.350,160.0,160,HAYIR,HAYIR
2026-08-19 09:31:09.098,0.30,0.29,31,2.0,0.0,-0.350,160.0,160,HAYIR,HAYIR
2026-08-19 09:31:09.118,0.30,0.29,31,2.0,0.0,-0.350,160.0,160,HAYIR,HAYIR
2026-08-19 09:31:09.138,0.30,0.29,31,2.0,0.0,-0.350,160.0,160,HAYIR,HAYIR
2026-08-19 09:31:09.158,0.30,0.29,31,2.0,0.0,-0.350,160.0,160,HAYIR,HAYIR
2026-08-19 09:31:09.178,0.30,0.29,31,2.0,0.0,-0.350,160.0,160,HAYIR,HAYIR
2026-08-19 09:31:09.198,0.30,0.29,31,2.0,0.0,-0.350,160.0,160,HAYIR,HAYIR
2026-08-19 09:31:09.218,0.30,0.29,31,2.0,0.0,-0.350,160.0,160,HAYIR,HAYIR
2026-08-19 09:31:09.238,0.30,0.29,31,2.0,0.0,-0.350,160.0,160,HAYIR,HAYIR
2026-08-19 09:31:09.258,0.30,0.29,31,2.0,0.0,-0.350,160.0,160,HAYIR,HAYIR
2026-08-19 09:31:09.278,0.30,0.29,31,2.0,0.0,-0.350,160.0,160,HAYIR,HAYIR
2026-08-19 09:31:09.298,0.30,0.31,30,2.0,0.0,-0.350,160.0,160,HAYIR,HAYIR
2026-08-19 09:31:09.318,0.30,0.31,30,2.0,0.0,-0.350,160.0,160,HAYIR,HAYIR
2026-08-19 09:31:09.338,0.30,0.31,30,2.0,0.0,-0.350,160.0,160,HAYIR,HAYIR
2026-08-19 09:31:09.358,0.30,0.31,30,2.0,0.0,-0.350,160.0,160,HAYIR,HAYIR
2026-08-19 09:31:09.378,0.30,0.31,30,2.0,0.0,-0.350,160.0,160,HAYIR,HAYIR
2026-08-19 09:31:09.398,0.30,0.31,30,2.0,0.0,-0.350,160.0,160,HAYIR,HAYIR
2026-08-19 09:31:09.418,0.30,0.31,30,2.0,0.0,-0.350,160.0,160,HAYIR,HAYIR
2026-08-19 09:31:09.438,0.30,0.31,30,2.0,0.0,-0.350,160.0,160,HAYIR,HAYIR
2026-08-19 09:31:09.458,0.30,0.31,30,2.0,0.0,-0.350,160.0,160,HAYIR,HAYIR
2026-08-19 09:31:09.478,0.30,0.31,30,2.0,0.0,-0.350,160.0,160,HAYIR,HAYIR
2026-08-19 09:31:09.498,0.30,0.31,30,2.0,0.0,-0.350,160.0,160,HAYIR,HAYIR
2026-08-19 09:31:09.518,0.30,0.31,30,2.0,0.0,-0.350,160.0,160,HAYIR,HAYIR
2026-08-19 09:31:09.538,0.30,0.31,30,2.0,0.0,-0.350,160.0,160,HAYIR,HAYIR
2026-08-19 09:31:09.558,0.30,0.31,30,2.0,0.0,-0.350,160.0,160,HAYIR,HAYIR
2026-08-19 09:31:09.578,0.30,0.31,30,2.0,0.0,-0.350,160.0,160,HAYIR,HAYIR
2026-08-19 09:31:09.598,0.30,0.31,30,2.0,0.0,-0.350,160.0,160,HAYIR,HAYIR
2026-08-19 09:31:09.618,0.30,0.31,30,2.0,0.0,-0.350,160.0,160,HAYIR,HAYIR
2026-08-19 09:31:09.638,0.30,0.31,30,2.0,0.0,-0.350,160.0,160,HAYIR,HAYIR
2026-08-19 09:31:09.658,0.30,0.31,30,2.0,0.0,-0.350,160.0,160,HAYIR,HAYIR
2026-08-19 09:31:09.678,0.30,0.33,30,2.0,0.0,-0.350,160.0,160,HAYIR,HAYIR
2026-08-19 09:31:09.698,0.30,0.33,30,2.0,0.0,-0.350,160.0,160,HAYIR,HAYIR
2026-08-19 09:31:09.718,0.30,0.33,30,2.0,0.0,-0.350,160.0,160,HAYIR,HAYIR
2026-08-19 09:31:09.738,0.30,0.33,30,2.0,0.0,-0.350,160.0,160,HAYIR,HAYIR
2026-08-19 09:31:09.758,0.30,0.33,30,2.0,0.0,-0.350,160.0,160,HAYIR,HAYIR
2026-08-19 09:31:09.778,0.30,0.33,30,2.0,0.0,-0.350,160.0,160,HAYIR,HAYIR
2026-08-19 09:31:09.798,0.30,0.33,30,2.0,0.0,-0.350,160.0,160,HAYIR,HAYIR
2026-08-19 09:31:09.818,0.30,0.33,30,2.0,0.0,-0.350,160.0,160,HAYIR,HAYIR
2026-08-19 09:31:09.838,0.30,0.33,30,2.0,0.0,-0.350,160.0,160,HAYIR,HAYIR
2026-08-19 09:31:09.858,0.30,0.33,30,2.0,0.0,-0.350,160.0,160,HAYIR,HAYIR
2026-08-19 09:31:09.878,0.30,0.33,30,2.0,0.0,-0.350,160.0,160,HAYIR,HAYIR
2026-08-19 09:31:09.898,0.30,0.33,30,2.0,0.0,-0.350,160.0,160,HAYIR,HAYIR
2026-08-19 09:31:09.918,0.30,0.33,30,2.0,0.0,-0.350,160.0,160,HAYIR,HAYIR
2026-08-19 09:31:09.938,0.30,0.33,30,2.0,0.0,-0.350,160.0,160,HAYIR,HAYIR
2026-08-19 09:31:09.958,0.30,0.34,30,2.0,0.0,-0.350,160.0,160,HAYIR,HAYIR
2026-08-19 09:31:09.978,0.30,0.34,30,2.0,0.0,-0.350,160.0,160,HAYIR,HAYIR
2026-08-19 09:31:09.998,0.30,0.34,30,2.0,0.0,-0.350,160.0,160,HAYIR,HAYIR
2026-08-19 09:31:10.018,0.30,0.34,30,2.0,0.0,-0.350,160.0,160,HAYIR,HAYIR
2026-08-19 09:31:10.038,0.30,0.34,30,2.0,0.0,-0.350,160.0,160,HAYIR,HAYIR
2026-08-19 09:31:10.058,0.30,0.34,30,2.0,0.0,-0.350,160.0,160,HAYIR,HAYIR
2026-08-19 09:31:10.078,0.30,0.34,30,2.0,0.0,-0.350,160.0,160,HAYIR,HAYIR
2026-08-19 09:31:10.098,0.30,0.34,30,2.0,0.0,-0.350,160.0,160,HAYIR,HAYIR
2026-08-19 09:31:10.118,0.30,0.34,30,2.0,0.0,-0.350,160.0,160,HAYIR,HAYIR
2026-08-19 09:31:10.138,0.30,0.34,30,2.0,0.0,-0.350,160.0,160,HAYIR,HAYIR
2026-08-19 09:31:10.158,0.30,0.34,30,2.0,0.0,-0.350,160.0,160,HAYIR,HAYIR
2026-08-19 09:31:10.178,0.30,0.34,30,2.0,0.0,-0.350,160.0,160,HAYIR,HAYIR
2026-08-19 09:31:10.198,0.30,0.34,30,2.0,0.0,-0.350,160.0,160,HAYIR,HAYIR
2026-08-19 09:31:10.218,0.30,0.34,30,2.0,0.0,-0.350,160.0,160,HAYIR,HAYIR
2026-08-19 09:31:10.238,0.30,0.34,30,2.0,0.0,-0.350,160.0,160,HAYIR,HAYIR
2026-08-19 09:31:10.258,0.30,0.35,30,2.0,0.0,-0.350,160.0,160,HAYIR,HAYIR
2026-08-19 09:31:10.278,0.30,0.35,30,2.0,0.0,-0.350,160.0,160,HAYIR,HAYIR
2026-08-19 09:31:10.298,0.30,0.35,30,2.0,0.0,-0.350,160.0,160,HAYIR,HAYIR
2026-08-19 09:31:10.318,0.30,0.35,30,2.0,0.0,-0.350,160.0,160,HAYIR,HAYIR
2026-08-19 09:31:10.338,0.27,0.35,30,2.0,0.0,-0.350,160.0,160,HAYIR,HAYIR
2026-08-19 09:31:10.358,0.27,0.35,30,2.0,0.0,-0.350,160.0,160,HAYIR,HAYIR
2026-08-19 09:31:10.378,0.26,0.35,30,2.0,0.0,-0.350,160.0,160,HAYIR,HAYIR
2026-08-19 09:31:10.398,0.26,0.35,30,2.0,0.0,-0.350,160.0,160,HAYIR,HAYIR
2026-08-19 09:31:10.418,0.26,0.35,30,2.0,0.0,-0.350,160.0,160,HAYIR,HAYIR
2026-08-19 09:31:10.438,0.26,0.35,30,2.0,0.0,-0.350,160.0,160,HAYIR,HAYIR
2026-08-19 09:31:10.458,0.26,0.35,30,2.0,0.0,-0.350,160.0,160,HAYIR,HAYIR
2026-08-19 09:31:10.478,0.28,0.35,30,2.0,0.0,-0.350,160.0,160,HAYIR,HAYIR
2026-08-19 09:31:10.498,0.28,0.35,30,2.0,0.0,-0.350,160.0,160,HAYIR,HAYIR
2026-08-19 09:31:10.518,0.28,0.35,30,2.0,0.0,-0.350,160.0,160,HAYIR,HAYIR
2026-08-19 09:31:10.538,0.28,0.35,30,2.0,0.0,-0.350,160.0,160,HAYIR,HAYIR
2026-08-19 09:31:10.558,0.28,0.35,30,2.0,0.0,-0.350,160.0,160,HAYIR,HAYIR
2026-08-19 09:31:10.578,0.27,0.35,30,2.0,0.0,-0.350,160.0,160,HAYIR,HAYIR
2026-08-19 09:31:10.598,0.27,0.35,30,2.0,0.0,-0.350,160.0,160,HAYIR,HAYIR
2026-08-19 09:31:10.618,0.27,0.35,30,2.0,0.0,-0.350,160.0,160,HAYIR,HAYIR
2026-08-19 09:31:10.638,0.27,0.35,30,2.0,0.0,-0.350,160.0,160,HAYIR,HAYIR
2026-08-19 09:31:10.658,0.27,0.35,30,2.0,0.0,-0.350,160.0,160,HAYIR,HAYIR
2026-08-19 09:31:10.678,0.24,0.35,30,2.0,0.0,-0.350,160.0,160,HAYIR,HAYIR
2026-08-19 09:31:10.698,0.24,0.35,30,2.0,0.0,-0.350,160.0,160,HAYIR,HAYIR
2026-08-19 09:31:10.718,0.24,0.35,30,2.0,0.0,-0.350,160.0,160,HAYIR,HAYIR
2026-08-19 09:31:10.738,0.23,0.35,30,2.0,0.0,-0.350,160.0,160,HAYIR,HAYIR
2026-08-19 09:31:10.758,0.23,0.35,30,2.0,0.0,-0.350,160.0,160,HAYIR,HAYIR
2026-08-19 09:31:10.778,0.23,0.35,30,2.0,0.0,-0.350,160.0,160,HAYIR,HAYIR
2026-08-19 09:31:10.798,0.23,0.35,30,2.0,0.0,-0.350,160.0,160,HAYIR,HAYIR
2026-08-19 09:31:10.818,0.23,0.35,30,2.0,0.0,-0.350,160.0,160,HAYIR,HAYIR
2026-08-19 09:31:10.838,0.24,0.35,30,2.0,0.0,-0.350,160.0,160,HAYIR,HAYIR
2026-08-19 09:31:10.858,0.24,0.35,30,2.0,0.0,-0.350,160.0,160,HAYIR,HAYIR
2026-08-19 09:31:10.878,0.24,0.35,30,2.0,0.0,-0.350,160.0,160,HAYIR,HAYIR
2026-08-19 09:31:10.898,0.24,0.35,30,2.0,0.0,-0.350,160.0,160,HAYIR,HAYIR
2026-08-19 09:31:10.918,0.24,0.35,30,2.0,0.0,-0.350,160.0,160,HAYIR,HAYIR
2026-08-19 09:31:10.938,0.23,0.35,30,2.0,0.0,-0.350,160.0,160,HAYIR,HAYIR
2026-08-19 09:31:10.958,0.23,0.35,30,2.0,0.0,-0.350,160.0,160,HAYIR,HAYIR
2026-08-19 09:31:10.978,0.21,0.35,30,2.0,0.0,-0.350,160.0,160,HAYIR,HAYIR
2026-08-19 09:31:10.998,0.21,0.35,30,2.0,0.0,-0.350,160.0,160,HAYIR,HAYIR
2026-08-19 09:31:11.018,0.21,0.35,30,2.0,0.0,-0.350,160.0,160,HAYIR,HAYIR
2026-08-19 09:31:11.038,0.20,0.35,30,2.0,0.0,-0.350,160.0,160,HAYIR,HAYIR
2026-08-19 09:31:11.058,0.20,0.35,30,2.0,0.0,-0.350,160.0,160,HAYIR,HAYIR
2026-08-19 09:31:11.078,0.20,0.35,30,2.0,0.0,-0.350,160.0,160,HAYIR,HAYIR
2026-08-19 09:31:11.098,0.20,0.35,30,2.0,0.0,-0.350,160.0,160,HAYIR,HAYIR
2026-08-19 09:31:11.118,0.20,0.35,30,2.0,0.0,-0.350,160.0,160,HAYIR,HAYIR
2026-08-19 09:31:11.138,0.22,0.35,30,2.0,0.0,-0.350,160.0,160,HAYIR,HAYIR
2026-08-19 09:31:11.158,0.22,0.35,30,2.0,0.0,-0.350,160.0,160,HAYIR,HAYIR
2026-08-19 09:31:11.178,0.22,0.35,30,2.0,0.0,-0.350,160.0,160,HAYIR,HAYIR
2026-08-19 09:31:11.198,0.22,0.35,30,2.0,0.0,-0.350,160.0,160,HAYIR,HAYIR
2026-08-19 09:31:11.218,0.22,0.35,30,2.0,0.0,-0.350,160.0,160,HAYIR,HAYIR
2026-08-19 09:31:11.238,0.21,0.35,30,2.0,0.0,-0.350,160.0,160,HAYIR,HAYIR
2026-08-19 09:31:11.258,0.21,0.35,30,2.0,0.0,-0.350,160.0,160,HAYIR,HAYIR
2026-08-19 09:31:11.278,0.21,0.35,30,2.0,0.0,-0.350,160.0,160,HAYIR,HAYIR
2026-08-19 09:31:11.298,0.21,0.35,30,2.0,0.0,-0.350,160.0,160,HAYIR,HAYIR
2026-08-19 09:31:11.318,0.21,0.34,30,2.0,0.0,-0.350,160.0,160,HAYIR,HAYIR
2026-08-19 09:31:11.338,0.18,0.34,30,2.0,0.0,-0.350,160.0,160,HAYIR,HAYIR
2026-08-19 09:31:11.358,0.18,0.34,30,2.0,0.0,-0.350,160.0,160,HAYIR,HAYIR
2026-08-19 09:31:11.378,0.18,0.34,30,2.0,0.0,-0.350,160.0,160,HAYIR,HAYIR
2026-08-19 09:31:11.398,0.18,0.34,30,2.0,0.0,-0.350,160.0,160,HAYIR,HAYIR
2026-08-19 09:31:11.418,0.18,0.34,30,2.0,0.0,-0.350,160.0,160,HAYIR,HAYIR
2026-08-19 09:31:11.438,0.18,0.34,30,2.0,0.0,-0.350,160.0,160,HAYIR,HAYIR
2026-08-19 09:31:11.458,0.18,0.34,30,2.0,0.0,-0.350,160.0,160,HAYIR,HAYIR
2026-08-19 09:31:11.478,0.18,0.34,30,2.0,0.0,-0.350,160.0,160,HAYIR,HAYIR
2026-08-19 09:31:11.498,0.18,0.34,30,2.0,0.0,-0.350,160.0,160,HAYIR,HAYIR
2026-08-19 09:31:11.518,0.18,0.34,30,2.0,0.0,-0.350,160.0,160,HAYIR,HAYIR
2026-08-19 09:31:11.538,0.19,0.34,30,2.0,0.0,-0.350,160.0,160,HAYIR,HAYIR
2026-08-19 09:31:11.558,0.19,0.34,30,2.0,0.0,-0.350,160.0,160,HAYIR,HAYIR
2026-08-19 09:31:11.578,0.19,0.34,30,2.0,0.0,-0.350,160.0,160,HAYIR,HAYIR
2026-08-19 09:31:11.598,0.19,0.32,30,2.0,0.0,-0.350,160.0,160,HAYIR,HAYIR
2026-08-19 09:31:11.618,0.19,0.32,30,2.0,0.0,-0.350,160.0,160,HAYIR,HAYIR
2026-08-19 09:31:11.638,0.16,0.32,30,2.0,0.0,-0.350,160.0,160,HAYIR,HAYIR
2026-08-19 09:31:11.658,0.16,0.32,30,2.0,0.0,-0.350,160.0,160,HAYIR,HAYIR
2026-08-19 09:31:11.678,0.16,0.32,30,2.0,0.0,-0.350,160.0,160,HAYIR,HAYIR
2026-08-19 09:31:11.698,0.16,0.32,30,2.0,0.0,-0.350,160.0,160,HAYIR,HAYIR
2026-08-19 09:31:11.718,0.16,0.32,30,2.0,0.0,-0.350,160.0,160,HAYIR,HAYIR
2026-08-19 09:31:11.738,0.16,0.32,30,2.0,0.0,-0.350,160.0,160,HAYIR,HAYIR
2026-08-19 09:31:11.758,0.16,0.32,30,2.0,0.0,-0.350,160.0,160,HAYIR,HAYIR
2026-08-19 09:31:11.778,0.16,0.32,30,2.0,0.0,-0.350,160.0,160,HAYIR,HAYIR
2026-08-19 09:31:11.798,0.16,0.32,30,2.0,0.0,-0.350,160.0,160,HAYIR,HAYIR
2026-08-19 09:31:11.818,0.16,0.32,30,2.0,0.0,-0.350,160.0,160,HAYIR,HAYIR
2026-08-19 09:31:11.838,0.16,0.32,30,2.0,0.0,-0.350,160.0,160,HAYIR,HAYIR
2026-08-19 09:31:11.858,0.16,0.32,30,2.0,0.0,-0.350,160.0,160,HAYIR,HAYIR
2026-08-19 09:31:11.878,0.17,0.32,30,2.0,0.0,-0.350,160.0,160,HAYIR,HAYIR
2026-08-19 09:31:11.898,0.17,0.32,30,2.0,0.0,-0.350,160.0,160,HAYIR,HAYIR
2026-08-19 09:31:11.918,0.17,0.32,30,2.0,0.0,-0.350,160.0,160,HAYIR,HAYIR
2026-08-19 09:31:11.938,0.16,0.32,30,2.0,0.0,-0.350,160.0,160,HAYIR,HAYIR
2026-08-19 09:31:11.958,0.16,0.32,30,2.0,0.0,-0.350,160.0,160,HAYIR,HAYIR
2026-08-19 09:31:11.978,0.16,0.31,30,2.0,0.0,-0.350,160.0,160,HAYIR,HAYIR
2026-08-19 09:31:11.998,0.16,0.31,30,2.0,0.0,-0.350,160.0,160,HAYIR,HAYIR
2026-08-19 09:31:12.018,0.16,0.31,30,2.0,0.0,-0.350,160.0,160,HAYIR,HAYIR
2026-08-19 09:31:12.038,0.14,0.31,30,2.0,0.0,-0.350,160.0,160,HAYIR,HAYIR
2026-08-19 09:31:12.058,0.14,0.31,30,2.0,0.0,-0.350,160.0,160,HAYIR,HAYIR
2026-08-19 09:31:12.078,0.14,0.31,30,2.0,0.0,-0.350,160.0,160,HAYIR,HAYIR
2026-08-19 09:31:12.098,0.14,0.31,30,2.0,0.0,-0.350,160.0,160,HAYIR,HAYIR
2026-08-19 09:31:12.118,0.14,0.31,30,2.0,0.0,-0.350,160.0,160,HAYIR,HAYIR
2026-08-19 09:31:12.138,0.15,0.31,30,2.0,0.0,-0.350,160.0,160,HAYIR,HAYIR
2026-08-19 09:31:12.158,0.15,0.31,30,2.0,0.0,-0.350,160.0,160,HAYIR,HAYIR
2026-08-19 09:31:12.178,0.15,0.31,30,2.0,0.0,-0.350,160.0,160,HAYIR,HAYIR
2026-08-19 09:31:12.198,0.15,0.31,30,2.0,0.0,-0.350,160.0,160,HAYIR,HAYIR
2026-08-19 09:31:12.218,0.15,0.31,30,2.0,0.0,-0.350,160.0,160,HAYIR,HAYIR
2026-08-19 09:31:12.238,0.15,0.31,30,2.0,0.0,-0.350,160.0,160,HAYIR,HAYIR
2026-08-19 09:31:12.258,0.15,0.31,30,2.0,0.0,-0.350,160.0,160,HAYIR,HAYIR
2026-08-19 09:31:12.278,0.15,0.31,30,2.0,0.0,-0.350,160.0,160,HAYIR,HAYIR
2026-08-19 09:31:12.298,0.15,0.31,30,2.0,0.0,-0.350,160.0,160,HAYIR,HAYIR
2026-08-19 09:31:12.318,0.15,0.31,30,2.0,0.0,-0.350,160.0,160,HAYIR,HAYIR
2026-08-19 09:31:12.338,0.13,0.31,30,2.0,0.0,-0.350,160.0,160,HAYIR,HAYIR
2026-08-19 09:31:12.358,0.13,0.31,30,2.0,0.0,-0.350,160.0,160,HAYIR,HAYIR
2026-08-19 09:31:12.378,0.13,0.31,30,2.0,0.0,-0.350,160.0,160,HAYIR,HAYIR
2026-08-19 09:31:12.398,0.13,0.31,30,2.0,0.0,-0.350,160.0,160,HAYIR,HAYIR
2026-08-19 09:31:12.418,0.13,0.31,30,2.0,0.0,-0.350,160.0,160,HAYIR,HAYIR
2026-08-19 09:31:12.438,0.13,0.31,30,2.0,0.0,-0.350,160.0,160,HAYIR,HAYIR
2026-08-19 09:31:12.458,0.13,0.31,30,2.0,0.0,-0.350,160.0,160,HAYIR,HAYIR
2026-08-19 09:31:12.478,0.14,0.31,30,2.0,0.0,-0.350,160.0,160,HAYIR,HAYIR
2026-08-19 09:31:12.498,0.14,0.31,30,2.0,0.0,-0.350,160.0,160,HAYIR,HAYIR
2026-08-19 09:31:12.518,0.14,0.31,30,2.0,0.0,-0.350,160.0,160,HAYIR,HAYIR
2026-08-19 09:31:12.538,0.14,0.31,30,2.0,0.0,-0.350,160.0,160,HAYIR,HAYIR
2026-08-19 09:31:12.558,0.14,0.31,30,2.0,0.0,-0.350,160.0,160,HAYIR,HAYIR
2026-08-19 09:31:12.578,0.14,0.31,30,2.0,0.0,-0.350,160.0,160,HAYIR,HAYIR
2026-08-19 09:31:12.598,0.14,0.31,30,2.0,0.0,-0.350,160.0,160,HAYIR,HAYIR
2026-08-19 09:31:12.618,0.14,0.31,30,2.0,0.0,-0.350,160.0,160,HAYIR,HAYIR
2026-08-19 09:31:12.638,0.14,0.31,30,2.0,0.0,-0.350,160.0,160,HAYIR,HAYIR
2026-08-19 09:31:12.658,0.14,0.30,30,2.0,0.0,-0.350,160.0,160,HAYIR,HAYIR
2026-08-19 09:31:12.678,0.14,0.30,30,2.0,0.0,-0.350,160.0,160,HAYIR,HAYIR
2026-08-19 09:31:12.698,0.14,0.30,30,2.0,0.0,-0.350,160.0,160,HAYIR,HAYIR
2026-08-19 09:31:12.718,0.14,0.30,30,2.0,0.0,-0.350,160.0,160,HAYIR,HAYIR
2026-08-19 09:31:12.738,0.14,0.30,30,2.0,0.0,-0.350,160.0,160,HAYIR,HAYIR
2026-08-19 09:31:12.758,0.14,0.30,30,2.0,0.0,-0.350,160.0,160,HAYIR,HAYIR
2026-08-19 09:31:12.778,0.14,0.30,30,2.0,0.0,-0.350,160.0,160,HAYIR,HAYIR
2026-08-19 09:31:12.798,0.14,0.30,30,2.0,0.0,-0.350,160.0,160,HAYIR,HAYIR
2026-08-19 09:31:12.818,0.14,0.30,30,2.0,0.0,-0.350,160.0,160,HAYIR,HAYIR
2026-08-19 09:31:12.838,0.14,0.30,30,2.0,0.0,-0.350,160.0,160,HAYIR,HAYIR
2026-08-19 09:31:12.858,0.14,0.30,30,2.0,0.0,-0.350,160.0,160,HAYIR,HAYIR
2026-08-19 09:31:12.878,0.14,0.30,30,2.0,0.0,-0.350,160.0,160,HAYIR,HAYIR
2026-08-19 09:31:12.898,0.14,0.30,30,2.0,0.0,-0.350,160.0,160,HAYIR,HAYIR
2026-08-19 09:31:12.918,0.14,0.30,30,2.0,0.0,-0.350,160.0,160,HAYIR,HAYIR
2026-08-19 09:31:12.938,0.14,0.30,30,2.0,0.0,-0.350,160.0,160,HAYIR,HAYIR
2026-08-19 09:31:12.958,0.14,0.30,30,2.0,0.0,-0.350,160.0,160,HAYIR,HAYIR
2026-08-19 09:31:12.978,0.13,0.30,30,2.0,0.0,-0.350,160.0,160,HAYIR,HAYIR
2026-08-19 09:31:12.998,0.13,0.30,30,2.0,0.0,-0.350,160.0,160,HAYIR,HAYIR
2026-08-19 09:31:13.018,0.13,0.30,30,2.0,0.0,-0.350,160.0,160,HAYIR,HAYIR
2026-08-19 09:31:13.038,0.13,0.30,30,2.0,0.0,-0.350,160.0,160,HAYIR,HAYIR
2026-08-19 09:31:13.058,0.13,0.30,30,2.0,0.0,-0.350,160.0,160,HAYIR,HAYIR
2026-08-19 09:31:13.078,0.13,0.30,30,2.0,0.0,-0.350,160.0,160,HAYIR,HAYIR
2026-08-19 09:31:13.098,0.13,0.30,30,2.0,0.0,-0.350,160.0,160,HAYIR,HAYIR
2026-08-19 09:31:13.118,0.13,0.30,30,2.0,0.0,-0.350,160.0,160,HAYIR,HAYIR
2026-08-19 09:31:13.138,0.14,0.30,30,2.0,0.0,-0.350,160.0,160,HAYIR,HAYIR
2026-08-19 09:31:13.158,0.14,0.30,30,2.0,0.0,-0.350,160.0,160,HAYIR,HAYIR
2026-08-19 09:31:13.178,0.14,0.30,30,2.0,0.0,-0.350,160.0,160,HAYIR,HAYIR
2026-08-19 09:31:13.198,0.14,0.30,30,2.0,0.0,-0.350,160.0,160,HAYIR,HAYIR
2026-08-19 09:31:13.218,0.14,0.30,30,2.0,0.0,-0.350,160.0,160,HAYIR,HAYIR
2026-08-19 09:31:13.238,0.14,0.30,30,2.0,0.0,-0.350,160.0,160,HAYIR,HAYIR
2026-08-19 09:31:13.258,0.14,0.30,30,2.0,0.0,-0.350,160.0,160,HAYIR,HAYIR
2026-08-19 09:31:13.278,0.14,0.30,30,2.0,0.0,-0.350,160.0,160,HAYIR,HAYIR
2026-08-19 09:31:13.298,0.14,0.30,30,2.0,0.0,-0.350,160.0,160,HAYIR,HAYIR
2026-08-19 09:31:13.318,0.14,0.30,30,2.0,0.0,-0.350,160.0,160,HAYIR,HAYIR
2026-08-19 09:31:13.338,0.14,0.28,30,2.0,0.0,-0.350,160.0,160,HAYIR,HAYIR
2026-08-19 09:31:13.358,0.14,0.28,30,2.0,0.0,-0.350,160.0,160,HAYIR,HAYIR
2026-08-19 09:31:13.378,0.15,0.28,30,2.0,0.0,-0.350,160.0,160,HAYIR,HAYIR
2026-08-19 09:31:13.398,0.15,0.28,30,2.0,0.0,-0.350,160.0,160,HAYIR,HAYIR
2026-08-19 09:31:13.418,0.15,0.28,30,2.0,0.0,-0.350,160.0,160,HAYIR,HAYIR
2026-08-19 09:31:13.438,0.15,0.28,30,2.0,0.0,-0.350,160.0,160,HAYIR,HAYIR
2026-08-19 09:31:13.458,0.15,0.28,30,2.0,0.0,-0.350,160.0,160,HAYIR,HAYIR
2026-08-19 09:31:13.478,0.15,0.28,30,2.0,0.0,-0.350,160.0,160,HAYIR,HAYIR
2026-08-19 09:31:13.498,0.15,0.28,30,2.0,0.0,-0.350,160.0,160,HAYIR,HAYIR
2026-08-19 09:31:13.518,0.15,0.28,30,2.0,0.0,-0.350,160.0,160,HAYIR,HAYIR
2026-08-19 09:31:13.538,0.14,0.28,30,2.0,0.0,-0.350,160.0,160,HAYIR,HAYIR
2026-08-19 09:31:13.558,0.14,0.28,30,2.0,0.0,-0.350,160.0,160,HAYIR,HAYIR
2026-08-19 09:31:13.578,0.14,0.28,30,2.0,0.0,-0.350,160.0,160,HAYIR,HAYIR
2026-08-19 09:31:13.598,0.14,0.28,30,2.0,0.0,-0.350,160.0,160,HAYIR,HAYIR
2026-08-19 09:31:13.618,0.14,0.24,30,2.0,0.0,-0.350,160.0,160,HAYIR,HAYIR
2026-08-19 09:31:13.638,0.14,0.24,30,2.0,0.0,-0.350,160.0,160,HAYIR,HAYIR
2026-08-19 09:31:13.658,0.14,0.24,30,2.0,0.0,-0.350,160.0,160,HAYIR,HAYIR
2026-08-19 09:31:13.678,0.15,0.24,30,2.0,0.0,-0.350,160.0,160,HAYIR,HAYIR
2026-08-19 09:31:13.698,0.15,0.24,30,2.0,0.0,-0.350,160.0,160,HAYIR,HAYIR
2026-08-19 09:31:13.718,0.15,0.24,30,2.0,0.0,-0.350,160.0,160,HAYIR,HAYIR
2026-08-19 09:31:13.738,0.15,0.24,30,2.0,0.0,-0.350,160.0,160,HAYIR,HAYIR
2026-08-19 09:31:13.758,0.15,0.24,30,2.0,0.0,-0.350,160.0,160,HAYIR,HAYIR
2026-08-19 09:31:13.778,0.15,0.24,30,2.0,0.0,-0.350,160.0,160,HAYIR,HAYIR
2026-08-19 09:31:13.798,0.15,0.24,30,2.0,0.0,-0.350,160.0,160,HAYIR,HAYIR
2026-08-19 09:31:13.818,0.15,0.24,30,2.0,0.0,-0.350,160.0,160,HAYIR,HAYIR
2026-08-19 09:31:13.838,0.15,0.24,30,2.0,0.0,-0.350,160.0,160,HAYIR,HAYIR
2026-08-19 09:31:13.858,0.15,0.24,30,2.0,0.0,-0.350,160.0,160,HAYIR,HAYIR
2026-08-19 09:31:13.878,0.15,0.24,30,2.0,0.0,-0.350,160.0,160,HAYIR,HAYIR
2026-08-19 09:31:13.898,0.15,0.24,30,2.0,0.0,-0.350,160.0,160,HAYIR,HAYIR
2026-08-19 09:31:13.918,0.15,0.24,30,2.0,0.0,-0.350,160.0,160,HAYIR,HAYIR
2026-08-19 09:31:13.938,0.15,0.24,30,2.0,0.0,-0.350,160.0,160,HAYIR,HAYIR
2026-08-19 09:31:13.958,0.15,0.24,30,2.0,0.0,-0.350,160.0,160,HAYIR,HAYIR
2026-08-19 09:31:13.978,0.15,0.24,30,2.0,0.0,-0.350,160.0,160,HAYIR,HAYIR
2026-08-19 09:31:13.998,0.15,0.23,30,2.0,0.0,-0.350,160.0,160,HAYIR,HAYIR
2026-08-19 09:31:14.018,0.15,0.23,30,2.0,0.0,-0.350,160.0,160,HAYIR,HAYIR
2026-08-19 09:31:14.038,0.15,0.23,30,2.0,0.0,-0.350,160.0,160,HAYIR,HAYIR
2026-08-19 09:31:14.058,0.15,0.23,30,2.0,0.0,-0.350,160.0,160,HAYIR,HAYIR
2026-08-19 09:31:14.078,0.15,0.23,30,2.0,0.0,-0.350,160.0,160,HAYIR,HAYIR
2026-08-19 09:31:14.098,0.15,0.23,30,2.0,0.0,-0.350,160.0,160,HAYIR,HAYIR
2026-08-19 09:31:14.118,0.15,0.23,30,2.0,0.0,-0.350,160.0,160,HAYIR,HAYIR
2026-08-19 09:31:14.138,0.15,0.23,30,2.0,0.0,-0.350,160.0,160,HAYIR,HAYIR
2026-08-19 09:31:14.158,0.15,0.23,30,2.0,0.0,-0.350,160.0,160,HAYIR,HAYIR
2026-08-19 09:31:14.178,0.15,0.23,30,2.0,0.0,-0.350,160.0,160,HAYIR,HAYIR
2026-08-19 09:31:14.198,0.15,0.23,30,2.0,0.0,-0.350,160.0,160,HAYIR,HAYIR
2026-08-19 09:31:14.218,0.15,0.23,30,2.0,0.0,-0.350,160.0,160,HAYIR,HAYIR
2026-08-19 09:31:14.238,0.16,0.23,30,2.0,0.0,-0.350,160.0,160,HAYIR,HAYIR
2026-08-19 09:31:14.258,0.16,0.23,30,2.0,0.0,-0.350,160.0,160,HAYIR,HAYIR
2026-08-19 09:31:14.278,0.16,0.23,30,2.0,0.0,-0.350,160.0,160,HAYIR,HAYIR
2026-08-19 09:31:14.298,0.16,0.22,30,2.0,0.0,-0.350,160.0,160,HAYIR,HAYIR
2026-08-19 09:31:14.318,0.16,0.22,30,2.0,0.0,-0.350,160.0,160,HAYIR,HAYIR
2026-08-19 09:31:14.338,0.17,0.22,30,2.0,0.0,-0.350,160.0,160,HAYIR,HAYIR
2026-08-19 09:31:14.358,0.17,0.22,30,2.0,0.0,-0.350,160.0,160,HAYIR,HAYIR
2026-08-19 09:31:14.378,0.17,0.22,30,2.0,0.0,-0.350,160.0,160,HAYIR,HAYIR
2026-08-19 09:31:14.398,0.17,0.22,30,2.0,0.0,-0.350,160.0,160,HAYIR,HAYIR
2026-08-19 09:31:14.418,0.17,0.22,30,2.0,0.0,-0.350,160.0,160,HAYIR,HAYIR
2026-08-19 09:31:14.438,0.17,0.22,30,2.0,0.0,-0.350,160.0,160,HAYIR,HAYIR
2026-08-19 09:31:14.458,0.17,0.22,30,2.0,0.0,-0.350,160.0,160,HAYIR,HAYIR
2026-08-19 09:31:14.478,0.17,0.22,30,2.0,0.0,-0.350,160.0,160,HAYIR,HAYIR
2026-08-19 09:31:14.498,0.17,0.22,30,2.0,0.0,-0.350,160.0,160,HAYIR,HAYIR
2026-08-19 09:31:14.518,0.17,0.22,30,2.0,0.0,-0.350,160.0,160,HAYIR,HAYIR
2026-08-19 09:31:14.538,0.16,0.22,30,2.0,0.0,-0.350,160.0,160,HAYIR,HAYIR
2026-08-19 09:31:14.558,0.16,0.22,30,2.0,0.0,-0.350,160.0,160,HAYIR,HAYIR
2026-08-19 09:31:14.578,0.16,0.21,30,2.0,0.0,-0.350,160.0,160,HAYIR,HAYIR
2026-08-19 09:31:14.598,0.16,0.21,30,2.0,0.0,-0.350,160.0,160,HAYIR,HAYIR
2026-08-19 09:31:14.618,0.16,0.21,30,2.0,0.0,-0.350,160.0,160,HAYIR,HAYIR
2026-08-19 09:31:14.638,0.17,0.21,30,2.0,0.0,-0.350,160.0,160,HAYIR,HAYIR
2026-08-19 09:31:14.658,0.17,0.21,30,2.0,0.0,-0.350,160.0,160,HAYIR,HAYIR
2026-08-19 09:31:14.678,0.17,0.21,30,2.0,0.0,-0.350,160.0,160,HAYIR,HAYIR
2026-08-19 09:31:14.698,0.17,0.21,30,2.0,0.0,-0.350,160.0,160,HAYIR,HAYIR
2026-08-19 09:31:14.718,0.17,0.21,30,2.0,0.0,-0.350,160.0,160,HAYIR,HAYIR
2026-08-19 09:31:14.738,0.17,0.21,30,2.0,0.0,-0.350,160.0,160,HAYIR,HAYIR
2026-08-19 09:31:14.758,0.17,0.21,30,2.0,0.0,-0.350,160.0,160,HAYIR,HAYIR
2026-08-19 09:31:14.778,0.17,0.21,30,2.0,0.0,-0.350,160.0,160,HAYIR,HAYIR
2026-08-19 09:31:14.798,0.17,0.21,30,2.0,0.0,-0.350,160.0,160,HAYIR,HAYIR
2026-08-19 09:31:14.818,0.17,0.21,30,2.0,0.0,-0.350,160.0,160,HAYIR,HAYIR
2026-08-19 09:31:14.838,0.17,0.21,30,2.0,0.0,-0.350,160.0,160,HAYIR,HAYIR
2026-08-19 09:31:14.858,0.17,0.21,30,2.0,0.0,-0.350,160.0,160,HAYIR,HAYIR
2026-08-19 09:31:14.878,0.17,0.21,30,2.0,0.0,-0.350,160.0,160,HAYIR,HAYIR
2026-08-19 09:31:14.898,0.17,0.21,30,2.0,0.0,-0.350,160.0,160,HAYIR,HAYIR
2026-08-19 09:31:14.918,0.17,0.21,30,2.0,0.0,-0.350,160.0,160,HAYIR,HAYIR
2026-08-19 09:31:14.938,0.17,0.21,30,2.0,0.0,-0.350,160.0,160,HAYIR,HAYIR
2026-08-19 09:31:14.958,0.17,0.18,30,2.0,0.0,-0.350,160.0,160,HAYIR,HAYIR
2026-08-19 09:31:14.978,0.17,0.18,30,2.0,0.0,-0.350,160.0,160,HAYIR,HAYIR
2026-08-19 09:31:14.998,0.17,0.18,30,2.0,0.0,-0.350,160.0,160,HAYIR,HAYIR
2026-08-19 09:31:15.018,0.17,0.18,30,2.0,0.0,-0.350,160.0,160,HAYIR,HAYIR
2026-08-19 09:31:15.038,0.18,0.18,31,2.0,0.0,-0.344,160.0,160,HAYIR,HAYIR
2026-08-19 09:31:15.058,0.18,0.18,30,2.0,0.0,-0.344,160.0,160,HAYIR,HAYIR
2026-08-19 09:31:15.078,0.18,0.18,30,2.0,0.0,-0.335,160.0,160,HAYIR,HAYIR
2026-08-19 09:31:15.098,0.18,0.18,30,2.0,0.0,-0.335,160.0,160,HAYIR,HAYIR
2026-08-19 09:31:15.118,0.18,0.18,30,2.0,0.0,-0.335,160.0,160,HAYIR,HAYIR
2026-08-19 09:31:15.138,0.17,0.18,30,2.0,0.0,-0.350,160.0,160,HAYIR,HAYIR
2026-08-19 09:31:15.158,0.17,0.18,30,2.0,0.0,-0.350,160.0,160,HAYIR,HAYIR
2026-08-19 09:31:15.178,0.17,0.18,30,2.0,0.0,-0.350,160.0,160,HAYIR,HAYIR
2026-08-19 09:31:15.198,0.17,0.18,30,2.0,0.0,-0.350,160.0,160,HAYIR,HAYIR
2026-08-19 09:31:15.218,0.17,0.18,30,2.0,0.0,-0.350,160.0,160,HAYIR,HAYIR
2026-08-19 09:31:15.238,0.17,0.18,30,2.0,0.0,-0.350,160.0,160,HAYIR,HAYIR
2026-08-19 09:31:15.258,0.17,0.14,32,2.0,0.0,-0.350,160.0,160,HAYIR,HAYIR
2026-08-19 09:31:15.278,0.17,0.14,30,2.0,0.0,-0.350,160.0,160,HAYIR,HAYIR
2026-08-19 09:31:15.298,0.17,0.14,30,2.0,0.0,-0.350,160.0,160,HAYIR,HAYIR
2026-08-19 09:31:15.318,0.17,0.14,30,2.0,0.0,-0.350,160.0,160,HAYIR,HAYIR
2026-08-19 09:31:15.338,0.18,0.14,31,2.0,0.0,-0.334,160.0,160,HAYIR,HAYIR
2026-08-19 09:31:15.358,0.18,0.14,31,2.0,0.0,-0.334,160.0,160,HAYIR,HAYIR
2026-08-19 09:31:15.378,0.18,0.14,30,2.0,0.0,-0.334,160.0,160,HAYIR,HAYIR
2026-08-19 09:31:15.398,0.18,0.14,30,2.0,0.0,-0.334,160.0,160,HAYIR,HAYIR
2026-08-19 09:31:15.418,0.18,0.14,30,2.0,0.0,-0.334,160.0,160,HAYIR,HAYIR
2026-08-19 09:31:15.438,0.17,0.14,30,2.0,0.0,-0.350,160.0,160,HAYIR,HAYIR
2026-08-19 09:31:15.458,0.17,0.14,30,2.0,0.0,-0.350,160.0,160,HAYIR,HAYIR
2026-08-19 09:31:15.478,0.17,0.14,30,2.0,0.0,-0.350,160.0,160,HAYIR,HAYIR
2026-08-19 09:31:15.498,0.17,0.14,30,2.0,0.0,-0.350,160.0,160,HAYIR,HAYIR
2026-08-19 09:31:15.518,0.17,0.14,30,2.0,0.0,-0.350,160.0,160,HAYIR,HAYIR
2026-08-19 09:31:15.538,0.17,0.14,30,2.0,0.0,-0.350,160.0,160,HAYIR,HAYIR
2026-08-19 09:31:15.558,0.17,0.14,30,2.0,0.0,-0.350,160.0,160,HAYIR,HAYIR
2026-08-19 09:31:15.578,0.17,0.14,30,2.0,0.0,-0.350,160.0,160,HAYIR,HAYIR
2026-08-19 09:31:15.598,0.17,0.14,30,2.0,0.0,-0.350,160.0,160,HAYIR,HAYIR
2026-08-19 09:31:15.618,0.17,0.14,30,2.0,0.0,-0.350,160.0,160,HAYIR,HAYIR
2026-08-19 09:31:15.638,0.18,0.12,32,2.0,0.0,-0.350,160.0,160,HAYIR,HAYIR
2026-08-19 09:31:15.658,0.18,0.12,30,2.0,0.0,-0.350,160.0,160,HAYIR,HAYIR
2026-08-19 09:31:15.678,0.17,0.12,30,2.0,0.0,-0.336,160.0,160,HAYIR,HAYIR
2026-08-19 09:31:15.698,0.17,0.12,30,2.0,0.0,-0.336,160.0,160,HAYIR,HAYIR
2026-08-19 09:31:15.718,0.17,0.12,30,2.0,0.0,-0.336,160.0,160,HAYIR,HAYIR
2026-08-19 09:31:15.738,0.17,0.12,30,2.0,0.0,-0.336,160.0,160,HAYIR,HAYIR
2026-08-19 09:31:15.758,0.17,0.12,30,2.0,0.0,-0.336,160.0,160,HAYIR,HAYIR
2026-08-19 09:31:15.778,0.17,0.12,30,2.0,0.0,-0.336,160.0,160,HAYIR,HAYIR
2026-08-19 09:31:15.798,0.17,0.12,30,2.0,0.0,-0.336,160.0,160,HAYIR,HAYIR
2026-08-19 09:31:15.818,0.17,0.12,30,2.0,0.0,-0.336,160.0,160,HAYIR,HAYIR
2026-08-19 09:31:15.838,0.18,0.12,31,2.0,0.0,-0.350,160.0,160,HAYIR,HAYIR
2026-08-19 09:31:15.858,0.18,0.12,30,2.0,0.0,-0.350,160.0,160,HAYIR,HAYIR
2026-08-19 09:31:15.878,0.18,0.12,30,2.0,0.0,-0.350,160.0,160,HAYIR,HAYIR
2026-08-19 09:31:15.898,0.18,0.12,30,2.0,0.0,-0.350,160.0,160,HAYIR,HAYIR
2026-08-19 09:31:15.918,0.18,0.09,32,2.0,0.0,-0.350,160.0,160,HAYIR,HAYIR
2026-08-19 09:31:15.938,0.18,0.09,31,2.0,0.0,-0.350,160.0,160,HAYIR,HAYIR
2026-08-19 09:31:15.958,0.18,0.09,31,2.0,0.0,-0.350,160.0,160,HAYIR,HAYIR
2026-08-19 09:31:15.978,0.18,0.09,30,2.0,0.0,-0.343,160.0,160,HAYIR,HAYIR
2026-08-19 09:31:15.998,0.18,0.09,31,2.0,0.0,-0.343,160.0,160,HAYIR,HAYIR
2026-08-19 09:31:16.018,0.18,0.09,31,2.0,0.0,-0.343,160.0,160,HAYIR,HAYIR
2026-08-19 09:31:16.038,0.18,0.09,31,2.0,0.0,-0.343,160.0,160,HAYIR,HAYIR
2026-08-19 09:31:16.058,0.18,0.09,31,2.0,0.0,-0.343,160.0,160,HAYIR,HAYIR
2026-08-19 09:31:16.078,0.18,0.09,31,2.0,0.0,-0.343,160.0,160,HAYIR,HAYIR
2026-08-19 09:31:16.098,0.18,0.09,31,2.0,0.0,-0.343,160.0,160,HAYIR,HAYIR
2026-08-19 09:31:16.118,0.18,0.09,31,2.0,0.0,-0.343,160.0,160,HAYIR,HAYIR
2026-08-19 09:31:16.138,0.18,0.09,31,2.0,0.0,-0.350,160.0,160,HAYIR,HAYIR
2026-08-19 09:31:16.158,0.18,0.09,31,2.0,0.0,-0.350,160.0,160,HAYIR,HAYIR
2026-08-19 09:31:16.178,0.18,0.09,31,2.0,0.0,-0.350,160.0,160,HAYIR,HAYIR
2026-08-19 09:31:16.198,0.18,0.09,31,2.0,0.0,-0.350,160.0,160,HAYIR,HAYIR
2026-08-19 09:31:16.218,0.18,0.09,31,2.0,0.0,-0.350,160.0,160,HAYIR,HAYIR
2026-08-19 09:31:16.238,0.18,0.09,31,2.0,0.0,-0.350,160.0,160,HAYIR,HAYIR
2026-08-19 09:31:16.258,0.18,0.09,31,2.0,0.0,-0.350,160.0,160,HAYIR,HAYIR
2026-08-19 09:31:16.278,0.18,0.09,31,2.0,0.0,-0.350,160.0,160,HAYIR,HAYIR
2026-08-19 09:31:16.298,0.18,0.09,31,2.0,0.0,-0.350,160.0,160,HAYIR,HAYIR
2026-08-19 09:31:16.318,0.18,0.08,31,2.0,0.0,-0.350,160.0,160,HAYIR,HAYIR
2026-08-19 09:31:16.338,0.18,0.08,30,2.0,0.0,-0.340,160.0,160,HAYIR,HAYIR
2026-08-19 09:31:16.358,0.18,0.08,31,2.0,0.1,-0.340,160.0,160,HAYIR,HAYIR
2026-08-19 09:31:16.378,0.18,0.08,31,2.0,0.1,-0.340,160.0,160,HAYIR,HAYIR
2026-08-19 09:31:16.398,0.18,0.08,31,2.0,0.1,-0.340,160.0,160,HAYIR,HAYIR
2026-08-19 09:31:16.418,0.18,0.08,31,2.0,0.1,-0.340,160.0,160,HAYIR,HAYIR
2026-08-19 09:31:16.438,0.18,0.08,31,2.0,0.1,-0.340,160.0,160,HAYIR,HAYIR
2026-08-19 09:31:16.458,0.18,0.08,31,2.0,0.2,-0.340,160.0,160,HAYIR,HAYIR
2026-08-19 09:31:16.478,0.18,0.08,31,2.0,0.2,-0.340,160.0,160,HAYIR,HAYIR
2026-08-19 09:31:16.498,0.18,0.08,31,2.0,0.2,-0.340,160.0,160,HAYIR,HAYIR
2026-08-19 09:31:16.518,0.18,0.08,31,2.0,0.2,-0.340,160.0,160,HAYIR,HAYIR
2026-08-19 09:31:16.538,0.19,0.08,31,2.0,0.2,-0.345,160.0,160,HAYIR,HAYIR
2026-08-19 09:31:16.558,0.19,0.08,31,2.0,0.3,-0.345,160.0,160,HAYIR,HAYIR
2026-08-19 09:31:16.578,0.19,0.08,31,2.0,0.3,-0.345,160.0,160,HAYIR,HAYIR
2026-08-19 09:31:16.598,0.19,0.08,31,2.0,0.3,-0.345,160.0,160,HAYIR,HAYIR
2026-08-19 09:31:16.618,0.19,0.08,31,2.0,0.3,-0.345,160.0,160,HAYIR,HAYIR
2026-08-19 09:31:16.638,0.18,0.08,31,2.0,0.3,-0.333,160.0,160,HAYIR,HAYIR
2026-08-19 09:31:16.658,0.18,0.08,31,2.0,0.4,-0.333,160.0,160,HAYIR,HAYIR
2026-08-19 09:31:16.678,0.18,0.08,31,2.0,0.4,-0.333,160.0,160,HAYIR,HAYIR
2026-08-19 09:31:16.698,0.18,0.08,31,2.0,0.4,-0.333,160.0,160,HAYIR,HAYIR
2026-08-19 09:31:16.718,0.18,0.08,31,2.0,0.4,-0.333,160.0,160,HAYIR,HAYIR
2026-08-19 09:31:16.738,0.18,0.08,31,2.0,0.4,-0.333,160.0,160,HAYIR,HAYIR
2026-08-19 09:31:16.758,0.18,0.08,31,2.0,0.5,-0.333,160.0,160,HAYIR,HAYIR
2026-08-19 09:31:16.778,0.18,0.08,31,2.0,0.5,-0.333,160.0,160,HAYIR,HAYIR
2026-08-19 09:31:16.798,0.18,0.08,31,2.0,0.5,-0.333,160.0,160,HAYIR,HAYIR
2026-08-19 09:31:16.818,0.18,0.08,31,2.0,0.5,-0.333,160.0,160,HAYIR,HAYIR
2026-08-19 09:31:16.838,0.19,0.08,32,2.0,0.5,-0.336,160.0,160,HAYIR,HAYIR
2026-08-19 09:31:16.858,0.19,0.08,31,2.0,0.6,-0.336,160.0,160,HAYIR,HAYIR
2026-08-19 09:31:16.878,0.19,0.08,31,2.0,0.6,-0.336,160.0,160,HAYIR,HAYIR
2026-08-19 09:31:16.898,0.19,0.08,31,2.0,0.6,-0.336,160.0,160,HAYIR,HAYIR
2026-08-19 09:31:16.918,0.19,0.08,31,2.0,0.6,-0.336,160.0,160,HAYIR,HAYIR
2026-08-19 09:31:16.938,0.19,0.08,31,2.0,0.6,-0.333,160.0,160,HAYIR,HAYIR
2026-08-19 09:31:16.958,0.19,0.08,31,2.0,0.7,-0.333,160.0,160,HAYIR,HAYIR
2026-08-19 09:31:16.978,0.19,0.08,31,2.0,0.7,-0.333,160.0,160,HAYIR,HAYIR
2026-08-19 09:31:16.998,0.19,0.08,31,2.0,0.7,-0.333,160.0,160,HAYIR,HAYIR
2026-08-19 09:31:17.018,0.19,0.08,31,2.0,0.7,-0.333,160.0,160,HAYIR,HAYIR
2026-08-19 09:31:17.038,0.19,0.08,31,2.0,0.7,-0.324,160.0,160,HAYIR,HAYIR
2026-08-19 09:31:17.058,0.19,0.08,32,2.0,0.8,-0.324,160.0,160,HAYIR,HAYIR
2026-08-19 09:31:17.078,0.19,0.08,32,2.0,0.8,-0.324,160.0,160,HAYIR,HAYIR
2026-08-19 09:31:17.098,0.19,0.08,32,2.0,0.8,-0.324,160.0,160,HAYIR,HAYIR
2026-08-19 09:31:17.118,0.19,0.08,32,2.0,0.8,-0.324,160.0,160,HAYIR,HAYIR
2026-08-19 09:31:17.138,0.20,0.08,32,2.0,0.8,-0.322,160.0,160,HAYIR,HAYIR
2026-08-19 09:31:17.158,0.20,0.08,32,2.0,0.9,-0.322,160.0,160,HAYIR,HAYIR
2026-08-19 09:31:17.178,0.20,0.08,32,2.0,0.9,-0.322,160.0,160,HAYIR,HAYIR
2026-08-19 09:31:17.198,0.20,0.08,32,2.0,0.9,-0.322,160.0,160,HAYIR,HAYIR
2026-08-19 09:31:17.218,0.20,0.08,32,2.0,0.9,-0.322,160.0,160,HAYIR,HAYIR
2026-08-19 09:31:17.238,0.20,0.08,32,2.0,0.9,-0.321,160.0,160,HAYIR,HAYIR
2026-08-19 09:31:17.258,0.20,0.08,32,2.0,1.0,-0.321,160.0,160,HAYIR,HAYIR
2026-08-19 09:31:17.278,0.20,0.07,32,2.0,1.0,-0.321,160.0,160,HAYIR,HAYIR
2026-08-19 09:31:17.298,0.20,0.07,32,2.0,1.0,-0.321,160.0,160,HAYIR,HAYIR
2026-08-19 09:31:17.318,0.20,0.07,32,2.0,1.0,-0.321,160.0,160,HAYIR,HAYIR
2026-08-19 09:31:17.338,0.19,0.07,32,2.0,1.0,-0.306,160.0,160,HAYIR,HAYIR
2026-08-19 09:31:17.358,0.19,0.07,32,2.0,1.1,-0.306,160.0,160,HAYIR,HAYIR
2026-08-19 09:31:17.378,0.19,0.07,32,2.0,1.1,-0.306,160.0,160,HAYIR,HAYIR
2026-08-19 09:31:17.398,0.19,0.07,32,2.0,1.1,-0.306,160.0,160,HAYIR,HAYIR
2026-08-19 09:31:17.418,0.19,0.07,32,2.0,1.1,-0.306,160.0,160,HAYIR,HAYIR
2026-08-19 09:31:17.438,0.20,0.07,32,2.0,1.1,-0.316,160.0,160,HAYIR,HAYIR
2026-08-19 09:31:17.458,0.20,0.07,32,2.0,1.2,-0.316,160.0,160,HAYIR,HAYIR
2026-08-19 09:31:17.478,0.20,0.07,32,2.0,1.2,-0.316,160.0,160,HAYIR,HAYIR
2026-08-19 09:31:17.498,0.20,0.07,32,2.0,1.2,-0.316,160.0,160,HAYIR,HAYIR
2026-08-19 09:31:17.518,0.20,0.07,32,2.0,1.2,-0.316,160.0,160,HAYIR,HAYIR
2026-08-19 09:31:17.538,0.20,0.07,32,2.0,1.2,-0.313,160.0,160,HAYIR,HAYIR
2026-08-19 09:31:17.558,0.20,0.07,32,2.0,1.3,-0.313,160.0,160,HAYIR,HAYIR
2026-08-19 09:31:17.578,0.20,0.07,32,2.0,1.3,-0.313,160.0,160,HAYIR,HAYIR
2026-08-19 09:31:17.598,0.20,0.07,32,2.0,1.3,-0.313,160.0,160,HAYIR,HAYIR
2026-08-19 09:31:17.618,0.20,0.07,32,2.0,1.3,-0.313,160.0,160,HAYIR,HAYIR
2026-08-19 09:31:17.638,0.20,0.07,32,2.0,1.3,-0.316,160.0,160,HAYIR,HAYIR
2026-08-19 09:31:17.658,0.20,0.06,33,2.0,1.4,-0.316,160.0,160,HAYIR,HAYIR
2026-08-19 09:31:17.678,0.20,0.06,32,2.0,1.4,-0.316,160.0,160,HAYIR,HAYIR
2026-08-19 09:31:17.698,0.20,0.06,32,2.0,1.4,-0.316,160.0,160,HAYIR,HAYIR
2026-08-19 09:31:17.718,0.20,0.06,32,2.0,1.4,-0.316,160.0,160,HAYIR,HAYIR
2026-08-19 09:31:17.738,0.20,0.06,33,2.0,1.4,-0.301,160.0,160,HAYIR,HAYIR
2026-08-19 09:31:17.758,0.20,0.06,32,2.0,1.5,-0.301,160.0,160,HAYIR,HAYIR
2026-08-19 09:31:17.778,0.20,0.06,32,2.0,1.5,-0.301,160.0,160,HAYIR,HAYIR
2026-08-19 09:31:17.798,0.20,0.06,32,2.0,1.5,-0.301,160.0,160,HAYIR,HAYIR
2026-08-19 09:31:17.818,0.20,0.06,32,2.0,1.5,-0.301,160.0,160,HAYIR,HAYIR
2026-08-19 09:31:17.838,0.20,0.06,32,2.0,1.5,-0.316,160.0,160,HAYIR,HAYIR
2026-08-19 09:31:17.858,0.20,0.06,33,2.0,1.6,-0.316,160.0,160,HAYIR,HAYIR
2026-08-19 09:31:17.878,0.20,0.06,33,2.0,1.6,-0.316,160.0,160,HAYIR,HAYIR
2026-08-19 09:31:17.898,0.20,0.06,33,2.0,1.6,-0.316,160.0,160,HAYIR,HAYIR
2026-08-19 09:31:17.918,0.20,0.06,33,2.0,1.6,-0.316,160.0,160,HAYIR,HAYIR
2026-08-19 09:31:17.938,0.20,0.04,33,2.0,1.6,-0.312,160.0,160,HAYIR,HAYIR
2026-08-19 09:31:17.958,0.20,0.04,33,2.0,1.7,-0.312,160.0,160,HAYIR,HAYIR
2026-08-19 09:31:17.978,0.19,0.04,33,2.0,1.7,-0.301,160.0,160,HAYIR,HAYIR
2026-08-19 09:31:17.998,0.19,0.04,33,2.0,1.7,-0.301,160.0,160,HAYIR,HAYIR
2026-08-19 09:31:18.018,0.19,0.04,33,2.0,1.7,-0.301,160.0,160,HAYIR,HAYIR
2026-08-19 09:31:18.038,0.19,0.04,33,2.0,1.7,-0.301,160.0,160,HAYIR,HAYIR
2026-08-19 09:31:18.058,0.19,0.04,33,2.0,1.8,-0.301,160.0,160,HAYIR,HAYIR
2026-08-19 09:31:18.078,0.19,0.04,33,2.0,1.8,-0.301,160.0,160,HAYIR,HAYIR
2026-08-19 09:31:18.098,0.19,0.04,33,2.0,1.8,-0.301,160.0,160,HAYIR,HAYIR
2026-08-19 09:31:18.118,0.19,0.04,33,2.0,1.8,-0.301,160.0,160,HAYIR,HAYIR
2026-08-19 09:31:18.138,0.20,0.04,33,2.0,1.8,-0.315,160.0,160,HAYIR,HAYIR
2026-08-19 09:31:18.158,0.20,0.04,33,2.0,1.9,-0.315,160.0,160,HAYIR,HAYIR
2026-08-19 09:31:18.178,0.20,0.04,33,2.0,1.9,-0.315,160.0,160,HAYIR,HAYIR
2026-08-19 09:31:18.198,0.20,0.04,33,2.0,1.9,-0.315,160.0,160,HAYIR,HAYIR
2026-08-19 09:31:18.218,0.20,0.04,33,2.0,1.9,-0.315,160.0,160,HAYIR,HAYIR
2026-08-19 09:31:18.238,0.20,0.04,33,2.0,1.9,-0.314,160.0,160,HAYIR,HAYIR
2026-08-19 09:31:18.258,0.20,0.04,33,2.0,2.0,-0.314,160.0,160,HAYIR,HAYIR
2026-08-19 09:31:18.278,0.20,0.04,33,2.0,2.0,-0.314,160.0,160,HAYIR,HAYIR
2026-08-19 09:31:18.298,0.20,0.04,33,2.0,2.0,-0.314,160.0,160,HAYIR,HAYIR
2026-08-19 09:31:18.318,0.20,0.04,33,2.0,2.0,-0.314,160.0,160,HAYIR,HAYIR
2026-08-19 09:31:18.338,0.20,0.03,34,2.0,2.0,-0.308,160.0,160,HAYIR,HAYIR
2026-08-19 09:31:18.358,0.20,0.03,33,2.0,2.1,-0.308,160.0,160,HAYIR,HAYIR
2026-08-19 09:31:18.378,0.19,0.03,33,2.0,2.1,-0.297,160.0,160,HAYIR,HAYIR
2026-08-19 09:31:18.398,0.19,0.03,33,2.0,2.1,-0.297,160.0,160,HAYIR,HAYIR
2026-08-19 09:31:18.418,0.19,0.03,33,2.0,2.1,-0.297,160.0,160,HAYIR,HAYIR
2026-08-19 09:31:18.438,0.19,0.03,33,2.0,2.1,-0.297,160.0,160,HAYIR,HAYIR
2026-08-19 09:31:18.458,0.19,0.03,33,2.0,2.2,-0.297,160.0,160,HAYIR,HAYIR
2026-08-19 09:31:18.478,0.19,0.03,33,2.0,2.2,-0.297,160.0,160,HAYIR,HAYIR
2026-08-19 09:31:18.498,0.19,0.03,33,2.0,2.2,-0.297,160.0,160,HAYIR,HAYIR
2026-08-19 09:31:18.518,0.19,0.03,33,2.0,2.2,-0.297,160.0,160,HAYIR,HAYIR
2026-08-19 09:31:18.538,0.20,0.03,34,2.0,2.2,-0.308,160.0,160,HAYIR,HAYIR
2026-08-19 09:31:18.558,0.20,0.03,33,2.0,2.3,-0.308,160.0,160,HAYIR,HAYIR
2026-08-19 09:31:18.578,0.20,0.03,33,2.0,2.3,-0.308,160.0,160,HAYIR,HAYIR
2026-08-19 09:31:18.598,0.20,0.03,34,2.0,2.3,-0.308,160.0,160,HAYIR,HAYIR
2026-08-19 09:31:18.618,0.20,0.02,34,2.0,2.3,-0.308,160.0,160,HAYIR,HAYIR
2026-08-19 09:31:18.638,0.20,0.02,34,2.0,2.3,-0.308,160.0,160,HAYIR,HAYIR
2026-08-19 09:31:18.658,0.20,0.02,34,2.0,2.4,-0.308,160.0,160,HAYIR,HAYIR
2026-08-19 09:31:18.678,0.19,0.02,33,2.0,2.4,-0.302,160.0,160,HAYIR,HAYIR
2026-08-19 09:31:18.698,0.19,0.02,34,2.0,2.4,-0.302,160.0,160,HAYIR,HAYIR
2026-08-19 09:31:18.718,0.19,0.02,34,2.0,2.4,-0.302,160.0,160,HAYIR,HAYIR
2026-08-19 09:31:18.738,0.19,0.02,34,2.0,2.4,-0.302,160.0,160,HAYIR,HAYIR
2026-08-19 09:31:18.758,0.19,0.02,34,2.0,2.5,-0.302,160.0,160,HAYIR,HAYIR
2026-08-19 09:31:18.778,0.19,0.02,34,2.0,2.5,-0.302,160.0,160,HAYIR,HAYIR
2026-08-19 09:31:18.798,0.19,0.02,34,2.0,2.5,-0.302,160.0,160,HAYIR,HAYIR
2026-08-19 09:31:18.818,0.19,0.02,34,2.0,2.5,-0.302,160.0,160,HAYIR,HAYIR
2026-08-19 09:31:18.838,0.20,0.02,34,2.0,2.5,-0.308,160.0,160,HAYIR,HAYIR
2026-08-19 09:31:18.858,0.20,0.02,34,2.0,2.6,-0.308,160.0,160,HAYIR,HAYIR
2026-08-19 09:31:18.878,0.20,0.02,34,2.0,2.6,-0.308,160.0,160,HAYIR,HAYIR
2026-08-19 09:31:18.898,0.20,0.02,34,2.0,2.6,-0.308,160.0,160,HAYIR,HAYIR
2026-08-19 09:31:18.918,0.20,0.02,34,2.0,2.6,-0.308,160.0,160,HAYIR,HAYIR
2026-08-19 09:31:18.938,0.20,0.02,34,2.0,2.6,-0.306,160.0,160,HAYIR,HAYIR
2026-08-19 09:31:18.958,0.20,0.02,34,2.0,2.7,-0.306,160.0,160,HAYIR,HAYIR
2026-08-19 09:31:18.978,0.20,0.02,34,2.0,2.7,-0.306,160.0,160,HAYIR,HAYIR
2026-08-19 09:31:18.998,0.20,0.01,34,2.0,2.7,-0.306,160.0,160,HAYIR,HAYIR
2026-08-19 09:31:19.018,0.20,0.01,34,2.0,2.7,-0.306,160.0,160,HAYIR,HAYIR
2026-08-19 09:31:19.038,0.19,0.01,34,2.0,2.7,-0.296,160.0,160,HAYIR,HAYIR
2026-08-19 09:31:19.058,0.19,0.01,34,2.0,2.8,-0.296,160.0,160,HAYIR,HAYIR
2026-08-19 09:31:19.078,0.19,0.01,34,2.0,2.8,-0.296,160.0,160,HAYIR,HAYIR
2026-08-19 09:31:19.098,0.19,0.01,34,2.0,2.8,-0.296,160.0,160,HAYIR,HAYIR
2026-08-19 09:31:19.118,0.19,0.01,34,2.0,2.8,-0.296,160.0,160,HAYIR,HAYIR
2026-08-19 09:31:19.138,0.19,0.01,34,2.0,2.8,-0.296,160.0,160,HAYIR,HAYIR
2026-08-19 09:31:19.158,0.19,0.01,34,2.0,2.9,-0.296,160.0,160,HAYIR,HAYIR
2026-08-19 09:31:19.178,0.19,0.01,34,2.0,2.9,-0.296,160.0,160,HAYIR,HAYIR
2026-08-19 09:31:19.198,0.19,0.01,34,2.0,2.9,-0.296,160.0,160,HAYIR,HAYIR
2026-08-19 09:31:19.218,0.19,0.01,34,2.0,2.9,-0.296,160.0,160,HAYIR,HAYIR
2026-08-19 09:31:19.238,0.20,0.01,35,2.0,2.9,-0.313,160.0,160,HAYIR,HAYIR
2026-08-19 09:31:19.258,0.20,0.01,34,2.0,3.0,-0.313,160.0,160,HAYIR,HAYIR
2026-08-19 09:31:19.278,0.20,0.01,34,2.0,3.0,-0.313,160.0,160,HAYIR,HAYIR
2026-08-19 09:31:19.298,0.20,0.01,35,2.0,3.0,-0.313,160.0,160,HAYIR,HAYIR
2026-08-19 09:31:19.318,0.20,0.01,34,2.0,3.0,-0.313,160.0,160,HAYIR,HAYIR
2026-08-19 09:31:19.338,0.19,0.01,34,2.0,3.0,-0.299,160.0,160,HAYIR,HAYIR
2026-08-19 09:31:19.358,0.19,0.01,34,2.0,3.1,-0.299,160.0,160,HAYIR,HAYIR
2026-08-19 09:31:19.378,0.19,0.01,35,2.0,3.1,-0.299,160.0,160,HAYIR,HAYIR
2026-08-19 09:31:19.398,0.19,0.01,35,2.0,3.1,-0.299,160.0,160,HAYIR,HAYIR
2026-08-19 09:31:19.418,0.19,0.01,35,2.0,3.1,-0.299,160.0,160,HAYIR,HAYIR
2026-08-19 09:31:19.438,0.19,0.01,35,2.0,3.1,-0.299,160.0,160,HAYIR,HAYIR
2026-08-19 09:31:19.458,0.19,0.01,35,2.0,3.2,-0.299,160.0,160,HAYIR,HAYIR
2026-08-19 09:31:19.478,0.19,0.01,35,2.0,3.2,-0.299,160.0,160,HAYIR,HAYIR
2026-08-19 09:31:19.498,0.19,0.01,35,2.0,3.2,-0.299,160.0,160,HAYIR,HAYIR
2026-08-19 09:31:19.518,0.19,0.01,35,2.0,3.2,-0.299,160.0,160,HAYIR,HAYIR
2026-08-19 09:31:19.538,0.20,0.01,35,2.0,3.2,-0.312,160.0,160,HAYIR,HAYIR
2026-08-19 09:31:19.558,0.20,0.01,35,2.0,3.3,-0.312,160.0,160,HAYIR,HAYIR
2026-08-19 09:31:19.578,0.20,0.01,35,2.0,3.3,-0.312,160.0,160,HAYIR,HAYIR
2026-08-19 09:31:19.598,0.20,0.01,35,2.0,3.3,-0.312,160.0,160,HAYIR,HAYIR
2026-08-19 09:31:19.618,0.20,0.01,35,2.0,3.3,-0.312,160.0,160,HAYIR,HAYIR
2026-08-19 09:31:19.638,0.19,0.01,35,2.0,3.3,-0.305,160.0,160,HAYIR,HAYIR
2026-08-19 09:31:19.658,0.19,0.01,35,2.0,3.4,-0.305,160.0,160,HAYIR,HAYIR
2026-08-19 09:31:19.678,0.19,0.01,35,2.0,3.4,-0.305,160.0,160,HAYIR,HAYIR
2026-08-19 09:31:19.698,0.19,0.01,35,2.0,3.4,-0.305,160.0,160,HAYIR,HAYIR
2026-08-19 09:31:19.718,0.19,0.01,35,2.0,3.4,-0.305,160.0,160,HAYIR,HAYIR
2026-08-19 09:31:19.738,0.20,0.01,35,2.0,3.4,-0.310,160.0,160,HAYIR,HAYIR
2026-08-19 09:31:19.758,0.20,0.01,35,2.0,3.5,-0.310,160.0,160,HAYIR,HAYIR
2026-08-19 09:31:19.778,0.20,0.01,35,2.0,3.5,-0.310,160.0,160,HAYIR,HAYIR
2026-08-19 09:31:19.798,0.20,0.01,35,2.0,3.5,-0.310,160.0,160,HAYIR,HAYIR
2026-08-19 09:31:19.818,0.20,0.01,35,2.0,3.5,-0.310,160.0,160,HAYIR,HAYIR
2026-08-19 09:31:19.838,0.20,0.01,35,2.0,3.5,-0.311,160.0,160,HAYIR,HAYIR
2026-08-19 09:31:19.858,0.20,0.01,35,2.0,3.6,-0.311,160.0,160,HAYIR,HAYIR
2026-08-19 09:31:19.878,0.20,0.01,35,2.0,3.6,-0.311,160.0,160,HAYIR,HAYIR
2026-08-19 09:31:19.898,0.20,0.01,35,2.0,3.6,-0.311,160.0,160,HAYIR,HAYIR
2026-08-19 09:31:19.918,0.20,0.01,35,2.0,3.6,-0.311,160.0,160,HAYIR,HAYIR
2026-08-19 09:31:19.938,0.20,0.01,35,2.0,3.6,-0.311,160.0,160,HAYIR,HAYIR
2026-08-19 09:31:19.958,0.20,0.00,35,2.0,3.7,-0.311,160.0,160,HAYIR,HAYIR
2026-08-19 09:31:19.978,0.20,0.00,35,2.0,3.7,-0.311,160.0,160,HAYIR,HAYIR
2026-08-19 09:31:19.998,0.20,0.00,35,2.0,3.7,-0.311,160.0,160,HAYIR,HAYIR
2026-08-19 09:31:20.018,0.20,0.00,35,2.0,3.7,-0.311,160.0,160,HAYIR,HAYIR
2026-08-19 09:31:20.038,0.19,0.00,35,2.0,3.7,-0.301,160.0,160,HAYIR,HAYIR
2026-08-19 09:31:20.058,0.19,0.00,35,2.0,3.8,-0.301,160.0,160,HAYIR,HAYIR
2026-08-19 09:31:20.078,0.19,0.00,35,2.0,3.8,-0.301,160.0,160,HAYIR,HAYIR
2026-08-19 09:31:20.098,0.19,0.00,35,2.0,3.8,-0.301,160.0,160,HAYIR,HAYIR
2026-08-19 09:31:20.118,0.19,0.00,35,2.0,3.8,-0.301,160.0,160,HAYIR,HAYIR
2026-08-19 09:31:20.138,0.20,0.00,36,2.0,3.8,-0.311,160.0,160,HAYIR,HAYIR
2026-08-19 09:31:20.158,0.20,0.00,36,2.0,3.9,-0.311,160.0,160,HAYIR,HAYIR
2026-08-19 09:31:20.178,0.20,0.00,36,2.0,3.9,-0.311,160.0,160,HAYIR,HAYIR
2026-08-19 09:31:20.198,0.20,0.00,36,2.0,3.9,-0.311,160.0,160,HAYIR,HAYIR
2026-08-19 09:31:20.218,0.20,0.00,36,2.0,3.9,-0.311,160.0,160,HAYIR,HAYIR
2026-08-19 09:31:20.238,0.20,0.00,36,2.0,3.9,-0.311,160.0,160,HAYIR,HAYIR
2026-08-19 09:31:20.258,0.20,0.00,36,2.0,4.0,-0.311,160.0,160,HAYIR,HAYIR
2026-08-19 09:31:20.278,0.20,0.00,36,2.0,4.0,-0.311,160.0,160,HAYIR,HAYIR
2026-08-19 09:31:20.298,0.20,0.00,36,2.0,4.0,-0.311,160.0,160,HAYIR,HAYIR
2026-08-19 09:31:20.318,0.20,0.00,36,2.0,4.0,-0.311,160.0,160,HAYIR,HAYIR
2026-08-19 09:31:20.338,0.19,0.00,35,2.0,4.0,-0.307,160.0,160,HAYIR,HAYIR
2026-08-19 09:31:20.358,0.19,0.00,36,2.0,4.1,-0.307,160.0,160,HAYIR,HAYIR
2026-08-19 09:31:20.378,0.19,0.00,36,2.0,4.1,-0.307,160.0,160,HAYIR,HAYIR
2026-08-19 09:31:20.398,0.19,0.00,36,2.0,4.1,-0.307,160.0,160,HAYIR,HAYIR
2026-08-19 09:31:20.418,0.19,0.00,36,2.0,4.1,-0.307,160.0,160,HAYIR,HAYIR
2026-08-19 09:31:20.438,0.20,0.00,36,2.0,4.1,-0.310,160.0,160,HAYIR,HAYIR
2026-08-19 09:31:20.458,0.20,0.00,36,2.0,4.2,-0.310,160.0,160,HAYIR,HAYIR
2026-08-19 09:31:20.478,0.20,0.00,36,2.0,4.2,-0.310,160.0,160,HAYIR,HAYIR
2026-08-19 09:31:20.498,0.20,0.00,36,2.0,4.2,-0.310,160.0,160,HAYIR,HAYIR
2026-08-19 09:31:20.518,0.20,0.00,36,2.0,4.2,-0.310,160.0,160,HAYIR,HAYIR
2026-08-19 09:31:20.538,0.20,0.00,36,2.0,4.2,-0.311,160.0,160,HAYIR,HAYIR
2026-08-19 09:31:20.558,0.20,0.00,36,2.0,4.3,-0.311,160.0,160,HAYIR,HAYIR
2026-08-19 09:31:20.578,0.20,0.00,36,2.0,4.3,-0.311,160.0,160,HAYIR,HAYIR
2026-08-19 09:31:20.598,0.20,0.00,36,2.0,4.3,-0.311,160.0,160,HAYIR,HAYIR
2026-08-19 09:31:20.618,0.20,0.00,36,2.0,4.3,-0.311,160.0,160,HAYIR,HAYIR
2026-08-19 09:31:20.638,0.20,0.00,36,2.0,4.3,-0.314,160.0,160,HAYIR,HAYIR
2026-08-19 09:31:20.658,0.20,0.00,36,2.0,4.4,-0.314,160.0,160,HAYIR,HAYIR
2026-08-19 09:31:20.678,0.19,0.00,36,2.0,4.4,-0.296,160.0,160,HAYIR,HAYIR
2026-08-19 09:31:20.698,0.19,0.00,36,2.0,4.4,-0.296,160.0,160,HAYIR,HAYIR
2026-08-19 09:31:20.718,0.19,0.00,36,2.0,4.4,-0.296,160.0,160,HAYIR,HAYIR
2026-08-19 09:31:20.738,0.19,0.00,36,2.0,4.4,-0.296,160.0,160,HAYIR,HAYIR
2026-08-19 09:31:20.758,0.19,0.00,36,2.0,4.5,-0.296,160.0,160,HAYIR,HAYIR
2026-08-19 09:31:20.778,0.19,0.00,36,2.0,4.5,-0.296,160.0,160,HAYIR,HAYIR
2026-08-19 09:31:20.798,0.19,0.00,36,2.0,4.5,-0.296,160.0,160,HAYIR,HAYIR
2026-08-19 09:31:20.818,0.19,0.00,36,2.0,4.5,-0.296,160.0,160,HAYIR,HAYIR
2026-08-19 09:31:20.838,0.19,0.00,36,2.0,4.5,-0.322,160.0,160,HAYIR,HAYIR
2026-08-19 09:31:20.858,0.19,0.00,36,2.0,4.6,-0.322,160.0,160,HAYIR,HAYIR
2026-08-19 09:31:20.878,0.19,0.00,36,2.0,4.6,-0.322,160.0,160,HAYIR,HAYIR
2026-08-19 09:31:20.898,0.19,0.00,36,2.0,4.6,-0.322,160.0,160,HAYIR,HAYIR
2026-08-19 09:31:20.918,0.19,0.00,36,2.0,4.6,-0.322,160.0,160,HAYIR,HAYIR
2026-08-19 09:31:20.938,0.20,0.00,36,2.0,4.6,-0.317,160.0,160,HAYIR,HAYIR
2026-08-19 09:31:20.958,0.20,0.00,36,2.0,4.7,-0.317,160.0,160,HAYIR,HAYIR
2026-08-19 09:31:20.978,0.19,0.00,36,2.0,4.7,-0.306,160.0,160,HAYIR,HAYIR
2026-08-19 09:31:20.998,0.19,0.00,36,2.0,4.7,-0.306,160.0,160,HAYIR,HAYIR
2026-08-19 09:31:21.018,0.19,0.00,36,2.0,4.7,-0.306,160.0,160,HAYIR,HAYIR
2026-08-19 09:31:21.038,0.19,0.00,36,2.0,4.7,-0.306,160.0,160,HAYIR,HAYIR
2026-08-19 09:31:21.058,0.19,0.00,36,2.0,4.8,-0.306,160.0,160,HAYIR,HAYIR
2026-08-19 09:31:21.078,0.19,0.00,36,2.0,4.8,-0.306,160.0,160,HAYIR,HAYIR
2026-08-19 09:31:21.098,0.19,0.00,36,2.0,4.8,-0.306,160.0,160,HAYIR,HAYIR
2026-08-19 09:31:21.118,0.19,0.00,36,2.0,4.8,-0.306,160.0,160,HAYIR,HAYIR
2026-08-19 09:31:21.138,0.19,0.00,36,2.0,4.8,-0.324,160.0,160,HAYIR,HAYIR
2026-08-19 09:31:21.158,0.19,0.00,36,2.0,4.9,-0.324,160.0,160,HAYIR,HAYIR
2026-08-19 09:31:21.178,0.19,0.00,36,2.0,4.9,-0.324,160.0,160,HAYIR,HAYIR
2026-08-19 09:31:21.198,0.19,0.00,36,2.0,4.9,-0.324,160.0,160,HAYIR,HAYIR
2026-08-19 09:31:21.218,0.19,0.00,36,2.0,4.9,-0.324,160.0,160,HAYIR,HAYIR
2026-08-19 09:31:21.238,0.19,0.00,36,2.0,4.9,-0.327,160.0,160,HAYIR,HAYIR
2026-08-19 09:31:21.258,0.19,0.00,36,2.0,5.0,-0.327,160.0,160,HAYIR,HAYIR
2026-08-19 09:31:21.278,0.19,0.00,36,2.0,5.0,-0.327,160.0,160,HAYIR,HAYIR
2026-08-19 09:31:21.298,0.19,0.00,36,2.0,5.0,-0.327,160.0,160,HAYIR,HAYIR
2026-08-19 09:31:21.318,0.19,0.00,36,2.0,5.0,-0.327,160.0,160,HAYIR,HAYIR
2026-08-19 09:31:21.338,0.19,0.00,36,2.0,5.0,-0.317,160.0,160,HAYIR,HAYIR
2026-08-19 09:31:21.358,0.19,0.00,36,2.0,5.1,-0.317,160.0,160,HAYIR,HAYIR
2026-08-19 09:31:21.378,0.19,0.00,36,2.0,5.1,-0.317,160.0,160,HAYIR,HAYIR
2026-08-19 09:31:21.398,0.19,0.00,36,2.0,5.1,-0.317,160.0,160,HAYIR,HAYIR
2026-08-19 09:31:21.418,0.19,0.00,36,2.0,5.1,-0.317,160.0,160,HAYIR,HAYIR
2026-08-19 09:31:21.438,0.19,0.00,36,2.0,5.1,-0.317,160.0,160,HAYIR,HAYIR
2026-08-19 09:31:21.458,0.19,0.00,36,2.0,5.2,-0.317,160.0,160,HAYIR,HAYIR
2026-08-19 09:31:21.478,0.19,0.00,36,2.0,5.2,-0.317,160.0,160,HAYIR,HAYIR
2026-08-19 09:31:21.498,0.19,0.00,36,2.0,5.2,-0.317,160.0,160,HAYIR,HAYIR
2026-08-19 09:31:21.518,0.19,0.00,36,2.0,5.2,-0.317,160.0,160,HAYIR,HAYIR
2026-08-19 09:31:21.538,0.20,0.00,36,2.0,5.2,-0.329,160.0,160,HAYIR,HAYIR
2026-08-19 09:31:21.558,0.20,0.00,36,2.0,5.3,-0.329,160.0,160,HAYIR,HAYIR
2026-08-19 09:31:21.578,0.20,0.00,36,2.0,5.3,-0.329,160.0,160,HAYIR,HAYIR
2026-08-19 09:31:21.598,0.20,0.00,36,2.0,5.3,-0.329,160.0,160,HAYIR,HAYIR
2026-08-19 09:31:21.618,0.20,0.00,36,2.0,5.3,-0.329,160.0,160,HAYIR,HAYIR
2026-08-19 09:31:21.638,0.19,0.00,36,2.0,5.3,-0.321,160.0,160,HAYIR,HAYIR
2026-08-19 09:31:21.658,0.19,0.00,36,2.0,5.4,-0.321,160.0,160,HAYIR,HAYIR
2026-08-19 09:31:21.678,0.19,0.00,36,2.0,5.4,-0.321,160.0,160,HAYIR,HAYIR
2026-08-19 09:31:21.698,0.19,0.00,36,2.0,5.4,-0.321,160.0,160,HAYIR,HAYIR
2026-08-19 09:31:21.718,0.19,0.00,36,2.0,5.4,-0.321,160.0,160,HAYIR,HAYIR
2026-08-19 09:31:21.738,0.19,0.00,36,2.0,5.4,-0.321,160.0,160,HAYIR,HAYIR
2026-08-19 09:31:21.758,0.19,0.00,36,2.0,5.5,-0.321,160.0,160,HAYIR,HAYIR
2026-08-19 09:31:21.778,0.19,0.00,36,2.0,5.5,-0.321,160.0,160,HAYIR,HAYIR
2026-08-19 09:31:21.798,0.19,0.00,36,2.0,5.5,-0.321,160.0,160,HAYIR,HAYIR
2026-08-19 09:31:21.818,0.19,0.00,36,2.0,5.5,-0.321,160.0,160,HAYIR,HAYIR
2026-08-19 09:31:21.838,0.20,0.00,36,2.0,5.5,-0.331,160.0,160,HAYIR,HAYIR
2026-08-19 09:31:21.858,0.20,0.00,36,2.0,5.6,-0.331,160.0,160,HAYIR,HAYIR
2026-08-19 09:31:21.878,0.20,0.00,36,2.0,5.6,-0.331,160.0,160,HAYIR,HAYIR
2026-08-19 09:31:21.898,0.20,0.00,36,2.0,5.6,-0.331,160.0,160,HAYIR,HAYIR
2026-08-19 09:31:21.918,0.20,0.00,36,2.0,5.6,-0.331,160.0,160,HAYIR,HAYIR
2026-08-19 09:31:21.938,0.20,0.00,36,2.0,5.6,-0.331,160.0,160,HAYIR,HAYIR
2026-08-19 09:31:21.958,0.20,0.00,36,2.0,5.7,-0.331,160.0,160,HAYIR,HAYIR
2026-08-19 09:31:21.978,0.20,0.00,36,2.0,5.7,-0.331,160.0,160,HAYIR,HAYIR
2026-08-19 09:31:21.998,0.20,0.00,36,2.0,5.7,-0.331,160.0,160,HAYIR,HAYIR
2026-08-19 09:31:22.018,0.20,0.00,36,2.0,5.7,-0.331,160.0,160,HAYIR,HAYIR
2026-08-19 09:31:22.038,0.19,0.00,36,2.0,5.7,-0.335,160.0,160,HAYIR,HAYIR
2026-08-19 09:31:22.058,0.19,0.00,36,2.0,5.8,-0.335,160.0,160,HAYIR,HAYIR
2026-08-19 09:31:22.078,0.19,0.00,36,2.0,5.8,-0.335,160.0,160,HAYIR,HAYIR
2026-08-19 09:31:22.098,0.19,0.00,36,2.0,5.8,-0.335,160.0,160,HAYIR,HAYIR
2026-08-19 09:31:22.118,0.19,0.00,36,2.0,5.8,-0.335,160.0,160,HAYIR,HAYIR
2026-08-19 09:31:22.138,0.20,0.00,36,2.0,5.8,-0.330,160.0,160,HAYIR,HAYIR
2026-08-19 09:31:22.158,0.20,0.00,36,2.0,5.9,-0.330,160.0,160,HAYIR,HAYIR
2026-08-19 09:31:22.178,0.20,0.00,36,2.0,5.9,-0.330,160.0,160,HAYIR,HAYIR
2026-08-19 09:31:22.198,0.20,0.00,36,2.0,5.9,-0.330,160.0,160,HAYIR,HAYIR
2026-08-19 09:31:22.218,0.20,0.00,36,2.0,5.9,-0.330,160.0,160,HAYIR,HAYIR
2026-08-19 09:31:22.238,0.20,0.00,36,2.0,5.9,-0.323,160.0,160,HAYIR,HAYIR
2026-08-19 09:31:22.258,0.20,0.00,36,2.0,6.0,-0.323,160.0,160,HAYIR,HAYIR
2026-08-19 09:31:22.278,0.20,0.00,36,2.0,6.0,-0.323,160.0,160,HAYIR,HAYIR
2026-08-19 09:31:22.298,0.20,0.00,36,2.0,6.0,-0.323,160.0,160,HAYIR,HAYIR
2026-08-19 09:31:22.318,0.20,0.00,36,2.0,6.0,-0.323,160.0,160,HAYIR,HAYIR
2026-08-19 09:31:22.338,0.19,0.00,36,2.0,6.0,-0.320,160.0,160,HAYIR,HAYIR
2026-08-19 09:31:22.358,0.19,0.00,36,2.0,6.1,-0.320,160.0,160,HAYIR,HAYIR
2026-08-19 09:31:22.378,0.19,0.00,36,2.0,6.1,-0.320,160.0,160,HAYIR,HAYIR
2026-08-19 09:31:22.398,0.19,0.00,36,2.0,6.1,-0.320,160.0,160,HAYIR,HAYIR
2026-08-19 09:31:22.418,0.19,0.00,36,2.0,6.1,-0.320,160.0,160,HAYIR,HAYIR
2026-08-19 09:31:22.438,0.20,0.00,36,2.0,6.1,-0.322,160.0,160,HAYIR,HAYIR
2026-08-19 09:31:22.458,0.20,0.00,36,2.0,6.2,-0.322,160.0,160,HAYIR,HAYIR
2026-08-19 09:31:22.478,0.20,0.00,36,2.0,6.2,-0.322,160.0,160,HAYIR,HAYIR
2026-08-19 09:31:22.498,0.20,0.00,36,2.0,6.2,-0.322,160.0,160,HAYIR,HAYIR
2026-08-19 09:31:22.518,0.20,0.00,36,2.0,6.2,-0.322,160.0,160,HAYIR,HAYIR
2026-08-19 09:31:22.538,0.20,0.00,36,2.0,6.2,-0.320,160.0,160,HAYIR,HAYIR
2026-08-19 09:31:22.558,0.20,0.00,36,2.0,6.3,-0.320,160.0,160,HAYIR,HAYIR
2026-08-19 09:31:22.578,0.20,0.00,36,2.0,6.3,-0.320,160.0,160,HAYIR,HAYIR
2026-08-19 09:31:22.598,0.20,0.00,36,2.0,6.3,-0.320,160.0,160,HAYIR,HAYIR
2026-08-19 09:31:22.618,0.20,0.00,36,2.0,6.3,-0.320,160.0,160,HAYIR,HAYIR
2026-08-19 09:31:22.638,0.20,0.00,36,2.0,6.3,-0.322,160.0,160,HAYIR,HAYIR
2026-08-19 09:31:22.658,0.20,0.00,36,2.0,6.4,-0.322,160.0,160,HAYIR,HAYIR
2026-08-19 09:31:22.678,0.20,0.00,36,2.0,6.4,-0.322,160.0,160,HAYIR,HAYIR
2026-08-19 09:31:22.698,0.20,0.00,36,2.0,6.4,-0.322,160.0,160,HAYIR,HAYIR
2026-08-19 09:31:22.718,0.20,0.00,36,2.0,6.4,-0.322,160.0,160,HAYIR,HAYIR
2026-08-19 09:31:22.738,0.19,0.00,36,2.0,6.4,-0.316,160.0,160,HAYIR,HAYIR
2026-08-19 09:31:22.758,0.19,0.00,36,2.0,6.5,-0.316,160.0,160,HAYIR,HAYIR
2026-08-19 09:31:22.778,0.19,0.00,36,2.0,6.5,-0.316,160.0,160,HAYIR,HAYIR
2026-08-19 09:31:22.798,0.19,0.00,36,2.0,6.5,-0.316,160.0,160,HAYIR,HAYIR
2026-08-19 09:31:22.818,0.19,0.00,36,2.0,6.5,-0.316,160.0,160,HAYIR,HAYIR
2026-08-19 09:31:22.838,0.20,0.00,36,2.0,6.5,-0.319,160.0,160,HAYIR,HAYIR
2026-08-19 09:31:22.858,0.20,0.00,36,2.0,6.6,-0.319,160.0,160,HAYIR,HAYIR
2026-08-19 09:31:22.878,0.20,0.00,36,2.0,6.6,-0.319,160.0,160,HAYIR,HAYIR
2026-08-19 09:31:22.898,0.20,0.00,36,2.0,6.6,-0.319,160.0,160,HAYIR,HAYIR
2026-08-19 09:31:22.918,0.20,0.00,36,2.0,6.6,-0.319,160.0,160,HAYIR,HAYIR
2026-08-19 09:31:22.938,0.20,0.00,36,2.0,6.6,-0.320,160.0,160,HAYIR,HAYIR
2026-08-19 09:31:22.958,0.20,0.00,36,2.0,6.7,-0.320,160.0,160,HAYIR,HAYIR
2026-08-19 09:31:22.978,0.19,0.00,36,2.0,6.7,-0.309,160.0,160,HAYIR,HAYIR
2026-08-19 09:31:22.998,0.19,0.00,36,2.0,6.7,-0.309,160.0,160,HAYIR,HAYIR
2026-08-19 09:31:23.018,0.19,0.00,36,2.0,6.7,-0.309,160.0,160,HAYIR,HAYIR
2026-08-19 09:31:23.038,0.19,0.00,36,2.0,6.7,-0.309,160.0,160,HAYIR,HAYIR
2026-08-19 09:31:23.058,0.19,0.00,36,2.0,6.8,-0.309,160.0,160,HAYIR,HAYIR
2026-08-19 09:31:23.078,0.19,0.00,36,2.0,6.8,-0.309,160.0,160,HAYIR,HAYIR
2026-08-19 09:31:23.098,0.19,0.00,36,2.0,6.8,-0.309,160.0,160,HAYIR,HAYIR
2026-08-19 09:31:23.118,0.19,0.00,36,2.0,6.8,-0.309,160.0,160,HAYIR,HAYIR
2026-08-19 09:31:23.138,0.19,0.00,36,2.0,6.8,-0.315,160.0,160,HAYIR,HAYIR
2026-08-19 09:31:23.158,0.19,0.00,36,2.0,6.9,-0.315,160.0,160,HAYIR,HAYIR
2026-08-19 09:31:23.178,0.19,0.00,36,2.0,6.9,-0.315,160.0,160,HAYIR,HAYIR
2026-08-19 09:31:23.198,0.19,0.00,36,2.0,6.9,-0.315,160.0,160,HAYIR,HAYIR
2026-08-19 09:31:23.218,0.19,0.00,36,2.0,6.9,-0.315,160.0,160,HAYIR,HAYIR
2026-08-19 09:31:23.238,0.19,0.00,36,2.0,6.9,-0.313,160.0,160,HAYIR,HAYIR
2026-08-19 09:31:23.258,0.19,0.00,36,2.0,7.0,-0.313,160.0,160,HAYIR,HAYIR
2026-08-19 09:31:23.278,0.19,0.00,36,2.0,7.0,-0.313,160.0,160,HAYIR,HAYIR
2026-08-19 09:31:23.298,0.19,0.00,36,2.0,7.0,-0.313,160.0,160,HAYIR,HAYIR
2026-08-19 09:31:23.318,0.19,0.00,36,2.0,7.0,-0.313,160.0,160,HAYIR,HAYIR
2026-08-19 09:31:23.338,0.19,0.00,36,2.0,7.0,-0.311,160.0,160,HAYIR,HAYIR
2026-08-19 09:31:23.358,0.19,0.00,36,2.0,7.1,-0.311,160.0,160,HAYIR,HAYIR
2026-08-19 09:31:23.378,0.18,0.00,36,2.0,7.1,-0.297,160.0,160,HAYIR,HAYIR
2026-08-19 09:31:23.398,0.18,0.00,36,2.0,7.1,-0.297,160.0,160,HAYIR,HAYIR
2026-08-19 09:31:23.418,0.18,0.00,36,2.0,7.1,-0.297,160.0,160,HAYIR,HAYIR
2026-08-19 09:31:23.438,0.18,0.00,36,2.0,7.1,-0.297,160.0,160,HAYIR,HAYIR
2026-08-19 09:31:23.458,0.18,0.00,36,2.0,7.2,-0.297,160.0,160,HAYIR,HAYIR
2026-08-19 09:31:23.478,0.18,0.00,36,2.0,7.2,-0.297,160.0,160,HAYIR,HAYIR
2026-08-19 09:31:23.498,0.18,0.00,36,2.0,7.2,-0.297,160.0,160,HAYIR,HAYIR
2026-08-19 09:31:23.518,0.18,0.00,36,2.0,7.2,-0.297,160.0,160,HAYIR,HAYIR
2026-08-19 09:31:23.538,0.20,0.00,36,2.0,7.2,-0.319,160.0,160,HAYIR,HAYIR
2026-08-19 09:31:23.558,0.20,0.00,36,2.0,7.3,-0.319,160.0,160,HAYIR,HAYIR
2026-08-19 09:31:23.578,0.20,0.00,36,2.0,7.3,-0.319,160.0,160,HAYIR,HAYIR
2026-08-19 09:31:23.598,0.20,0.00,36,2.0,7.3,-0.319,160.0,160,HAYIR,HAYIR
2026-08-19 09:31:23.618,0.20,0.00,36,2.0,7.3,-0.319,160.0,160,HAYIR,HAYIR
2026-08-19 09:31:23.638,0.20,0.00,36,2.0,7.3,-0.322,160.0,160,HAYIR,HAYIR
2026-08-19 09:31:23.658,0.20,0.00,36,2.0,7.4,-0.322,160.0,160,HAYIR,HAYIR
2026-08-19 09:31:23.678,0.19,0.00,36,2.0,7.4,-0.296,160.0,160,HAYIR,HAYIR
2026-08-19 09:31:23.698,0.19,0.00,36,2.0,7.4,-0.296,160.0,160,HAYIR,HAYIR
2026-08-19 09:31:23.718,0.19,0.00,36,2.0,7.4,-0.296,160.0,160,HAYIR,HAYIR
2026-08-19 09:31:23.738,0.19,0.00,36,2.0,7.4,-0.296,160.0,160,HAYIR,HAYIR
2026-08-19 09:31:23.758,0.19,0.00,36,2.0,7.5,-0.296,160.0,160,HAYIR,HAYIR
2026-08-19 09:31:23.778,0.19,0.00,36,2.0,7.5,-0.296,160.0,160,HAYIR,HAYIR
2026-08-19 09:31:23.798,0.19,0.00,36,2.0,7.5,-0.296,160.0,160,HAYIR,HAYIR
2026-08-19 09:31:23.818,0.19,0.00,36,2.0,7.5,-0.296,160.0,160,HAYIR,HAYIR
2026-08-19 09:31:23.838,0.19,0.00,36,2.0,7.5,-0.324,160.0,160,HAYIR,HAYIR
2026-08-19 09:31:23.858,0.19,0.00,36,2.0,7.6,-0.324,160.0,160,HAYIR,HAYIR
2026-08-19 09:31:23.878,0.19,0.00,36,2.0,7.6,-0.324,160.0,160,HAYIR,HAYIR
2026-08-19 09:31:23.898,0.19,0.00,36,2.0,7.6,-0.324,160.0,160,HAYIR,HAYIR
2026-08-19 09:31:23.918,0.19,0.00,36,2.0,7.6,-0.324,160.0,160,HAYIR,HAYIR
2026-08-19 09:31:23.938,0.20,0.00,36,2.0,7.6,-0.322,160.0,160,HAYIR,HAYIR
2026-08-19 09:31:23.958,0.20,0.00,36,2.0,7.7,-0.322,160.0,160,HAYIR,HAYIR
2026-08-19 09:31:23.978,0.20,0.00,36,2.0,7.7,-0.322,160.0,160,HAYIR,HAYIR
2026-08-19 09:31:23.998,0.20,0.00,36,2.0,7.7,-0.322,160.0,160,HAYIR,HAYIR
2026-08-19 09:31:24.018,0.20,0.00,36,2.0,7.7,-0.322,160.0,160,HAYIR,HAYIR
2026-08-19 09:31:24.038,0.19,0.00,36,2.0,7.7,-0.308,160.0,160,HAYIR,HAYIR
2026-08-19 09:31:24.058,0.19,0.00,36,2.0,7.8,-0.308,160.0,160,HAYIR,HAYIR
2026-08-19 09:31:24.078,0.19,0.00,36,2.0,7.8,-0.308,160.0,160,HAYIR,HAYIR
2026-08-19 09:31:24.098,0.19,0.00,36,2.0,7.8,-0.308,160.0,160,HAYIR,HAYIR
2026-08-19 09:31:24.118,0.19,0.00,36,2.0,7.8,-0.308,160.0,160,HAYIR,HAYIR
2026-08-19 09:31:24.138,0.19,0.00,36,2.0,7.8,-0.308,160.0,160,HAYIR,HAYIR
2026-08-19 09:31:24.158,0.19,0.00,36,2.0,7.9,-0.308,160.0,160,HAYIR,HAYIR
2026-08-19 09:31:24.178,0.19,0.00,36,2.0,7.9,-0.308,160.0,160,HAYIR,HAYIR
2026-08-19 09:31:24.198,0.19,0.00,36,2.0,7.9,-0.308,160.0,160,HAYIR,HAYIR
2026-08-19 09:31:24.218,0.19,0.00,36,2.0,7.9,-0.308,160.0,160,HAYIR,HAYIR
2026-08-19 09:31:24.238,0.19,0.00,36,2.0,7.9,-0.326,160.0,160,HAYIR,HAYIR
2026-08-19 09:31:24.258,0.19,0.00,36,2.0,8.0,-0.326,160.0,160,HAYIR,HAYIR
2026-08-19 09:31:24.278,0.19,0.00,36,2.0,8.0,-0.326,160.0,160,HAYIR,HAYIR
2026-08-19 09:31:24.298,0.19,0.00,36,2.0,8.0,-0.326,160.0,160,HAYIR,HAYIR
2026-08-19 09:31:24.318,0.19,0.00,36,2.0,8.0,-0.326,160.0,160,HAYIR,HAYIR
2026-08-19 09:31:24.338,0.19,0.00,36,2.0,8.0,-0.313,160.0,160,HAYIR,HAYIR
2026-08-19 09:31:24.358,0.19,0.00,36,2.0,8.1,-0.313,160.0,160,HAYIR,HAYIR
2026-08-19 09:31:24.378,0.19,0.00,36,2.0,8.1,-0.313,160.0,160,HAYIR,HAYIR
2026-08-19 09:31:24.398,0.19,0.00,36,2.0,8.1,-0.313,160.0,160,HAYIR,HAYIR
2026-08-19 09:31:24.418,0.19,0.00,36,2.0,8.1,-0.313,160.0,160,HAYIR,HAYIR
2026-08-19 09:31:24.438,0.19,0.00,36,2.0,8.1,-0.313,160.0,160,HAYIR,HAYIR
2026-08-19 09:31:24.458,0.19,0.00,36,2.0,8.2,-0.313,160.0,160,HAYIR,HAYIR
2026-08-19 09:31:24.478,0.19,0.00,36,2.0,8.2,-0.313,160.0,160,HAYIR,HAYIR
2026-08-19 09:31:24.498,0.19,0.00,36,2.0,8.2,-0.313,160.0,160,HAYIR,HAYIR
2026-08-19 09:31:24.518,0.19,0.00,36,2.0,8.2,-0.313,160.0,160,HAYIR,HAYIR
2026-08-19 09:31:24.538,0.20,0.00,36,2.0,8.2,-0.325,160.0,160,HAYIR,HAYIR
2026-08-19 09:31:24.558,0.20,0.00,36,2.0,8.3,-0.325,160.0,160,HAYIR,HAYIR
2026-08-19 09:31:24.578,0.20,0.00,36,2.0,8.3,-0.325,160.0,160,HAYIR,HAYIR
2026-08-19 09:31:24.598,0.20,0.00,36,2.0,8.3,-0.325,160.0,160,HAYIR,HAYIR
2026-08-19 09:31:24.618,0.20,0.00,36,2.0,8.3,-0.325,160.0,160,HAYIR,HAYIR
2026-08-19 09:31:24.638,0.19,0.00,36,2.0,8.3,-0.320,160.0,160,HAYIR,HAYIR
2026-08-19 09:31:24.658,0.19,0.00,36,2.0,8.4,-0.320,160.0,160,HAYIR,HAYIR
2026-08-19 09:31:24.678,0.19,0.00,36,2.0,8.4,-0.320,160.0,160,HAYIR,HAYIR
2026-08-19 09:31:24.698,0.19,0.00,36,2.0,8.4,-0.320,160.0,160,HAYIR,HAYIR
2026-08-19 09:31:24.718,0.19,0.00,36,2.0,8.4,-0.320,160.0,160,HAYIR,HAYIR
2026-08-19 09:31:24.738,0.20,0.00,36,2.0,8.4,-0.326,160.0,160,HAYIR,HAYIR
2026-08-19 09:31:24.758,0.20,0.00,36,2.0,8.5,-0.326,160.0,160,HAYIR,HAYIR
2026-08-19 09:31:24.778,0.20,0.00,36,2.0,8.5,-0.326,160.0,160,HAYIR,HAYIR
2026-08-19 09:31:24.798,0.20,0.00,36,2.0,8.5,-0.326,160.0,160,HAYIR,HAYIR
2026-08-19 09:31:24.818,0.20,0.00,36,2.0,8.5,-0.326,160.0,160,HAYIR,HAYIR
2026-08-19 09:31:24.838,0.20,0.00,36,2.0,8.5,-0.327,160.0,160,HAYIR,HAYIR
2026-08-19 09:31:24.858,0.20,0.00,36,2.0,8.6,-0.327,160.0,160,HAYIR,HAYIR
2026-08-19 09:31:24.878,0.20,0.00,36,2.0,8.6,-0.327,160.0,160,HAYIR,HAYIR
2026-08-19 09:31:24.898,0.20,0.00,36,2.0,8.6,-0.327,160.0,160,HAYIR,HAYIR
2026-08-19 09:31:24.918,0.20,0.00,36,2.0,8.6,-0.327,160.0,160,HAYIR,HAYIR
2026-08-19 09:31:24.938,0.20,0.00,36,2.0,8.6,-0.326,160.0,160,HAYIR,HAYIR
2026-08-19 09:31:24.958,0.20,0.00,36,2.0,8.7,-0.326,160.0,160,HAYIR,HAYIR
2026-08-19 09:31:24.978,0.20,0.00,36,2.0,8.7,-0.326,160.0,160,HAYIR,HAYIR
2026-08-19 09:31:24.998,0.20,0.00,36,2.0,8.7,-0.326,160.0,160,HAYIR,HAYIR
2026-08-19 09:31:25.018,0.20,0.00,36,2.0,8.7,-0.326,160.0,160,HAYIR,HAYIR
2026-08-19 09:31:25.038,0.19,0.00,36,2.0,8.7,-0.304,160.0,160,HAYIR,HAYIR
2026-08-19 09:31:25.058,0.19,0.00,36,2.0,8.8,-0.304,160.0,160,HAYIR,HAYIR
2026-08-19 09:31:25.078,0.19,0.00,36,2.0,8.8,-0.304,160.0,160,HAYIR,HAYIR
2026-08-19 09:31:25.098,0.19,0.00,36,2.0,8.8,-0.304,160.0,160,HAYIR,HAYIR
2026-08-19 09:31:25.118,0.19,0.00,36,2.0,8.8,-0.304,160.0,160,HAYIR,HAYIR
2026-08-19 09:31:25.138,0.20,0.00,36,2.0,8.8,-0.326,160.0,160,HAYIR,HAYIR
2026-08-19 09:31:25.158,0.20,0.00,36,2.0,8.9,-0.326,160.0,160,HAYIR,HAYIR
2026-08-19 09:31:25.178,0.20,0.00,36,2.0,8.9,-0.326,160.0,160,HAYIR,HAYIR
2026-08-19 09:31:25.198,0.20,0.00,36,2.0,8.9,-0.326,160.0,160,HAYIR,HAYIR
2026-08-19 09:31:25.218,0.20,0.00,36,2.0,8.9,-0.326,160.0,160,HAYIR,HAYIR
2026-08-19 09:31:25.238,0.20,0.00,36,2.0,8.9,-0.325,160.0,160,HAYIR,HAYIR
2026-08-19 09:31:25.258,0.20,0.00,36,2.0,9.0,-0.325,160.0,160,HAYIR,HAYIR
2026-08-19 09:31:25.278,0.20,0.00,36,2.0,9.0,-0.325,160.0,160,HAYIR,HAYIR
2026-08-19 09:31:25.298,0.20,0.00,36,2.0,9.0,-0.325,160.0,160,HAYIR,HAYIR
2026-08-19 09:31:25.318,0.20,0.00,36,2.0,9.0,-0.325,160.0,160,HAYIR,HAYIR
2026-08-19 09:31:25.338,0.19,0.00,36,2.0,9.0,-0.313,160.0,160,HAYIR,HAYIR
2026-08-19 09:31:25.358,0.19,0.00,36,2.0,9.1,-0.313,160.0,160,HAYIR,HAYIR
2026-08-19 09:31:25.378,0.19,0.00,36,2.0,9.1,-0.313,160.0,160,HAYIR,HAYIR
2026-08-19 09:31:25.398,0.19,0.00,36,2.0,9.1,-0.313,160.0,160,HAYIR,HAYIR
2026-08-19 09:31:25.418,0.19,0.00,36,2.0,9.1,-0.313,160.0,160,HAYIR,HAYIR
2026-08-19 09:31:25.438,0.20,0.00,36,2.0,9.1,-0.331,160.0,160,HAYIR,HAYIR
2026-08-19 09:31:25.458,0.20,0.00,36,2.0,9.2,-0.331,160.0,160,HAYIR,HAYIR
2026-08-19 09:31:25.478,0.20,0.00,36,2.0,9.2,-0.331,160.0,160,HAYIR,HAYIR
2026-08-19 09:31:25.498,0.20,0.00,36,2.0,9.2,-0.331,160.0,160,HAYIR,HAYIR
2026-08-19 09:31:25.518,0.20,0.00,36,2.0,9.2,-0.331,160.0,160,HAYIR,HAYIR
2026-08-19 09:31:25.538,0.20,0.00,36,2.0,9.2,-0.325,160.0,160,HAYIR,HAYIR
2026-08-19 09:31:25.558,0.20,0.00,36,2.0,9.3,-0.325,160.0,160,HAYIR,HAYIR
2026-08-19 09:31:25.578,0.20,0.00,36,2.0,9.3,-0.325,160.0,160,HAYIR,HAYIR
2026-08-19 09:31:25.598,0.20,0.00,36,2.0,9.3,-0.325,160.0,160,HAYIR,HAYIR
2026-08-19 09:31:25.618,0.20,0.00,36,2.0,9.3,-0.325,160.0,160,HAYIR,HAYIR
2026-08-19 09:31:25.638,0.20,0.00,36,2.0,9.3,-0.326,160.0,160,HAYIR,HAYIR
2026-08-19 09:31:25.658,0.20,0.00,36,2.0,9.4,-0.326,160.0,160,HAYIR,HAYIR
2026-08-19 09:31:25.678,0.19,0.00,36,2.0,9.4,-0.308,160.0,160,HAYIR,HAYIR
2026-08-19 09:31:25.698,0.19,0.00,36,2.0,9.4,-0.308,160.0,160,HAYIR,HAYIR
2026-08-19 09:31:25.718,0.19,0.00,36,2.0,9.4,-0.308,160.0,160,HAYIR,HAYIR
2026-08-19 09:31:25.738,0.19,0.00,36,2.0,9.4,-0.308,160.0,160,HAYIR,HAYIR
2026-08-19 09:31:25.758,0.19,0.00,36,2.0,9.5,-0.308,160.0,160,HAYIR,HAYIR
2026-08-19 09:31:25.778,0.19,0.00,36,2.0,9.5,-0.308,160.0,160,HAYIR,HAYIR
2026-08-19 09:31:25.798,0.19,0.00,36,2.0,9.5,-0.308,160.0,160,HAYIR,HAYIR
2026-08-19 09:31:25.818,0.19,0.00,36,2.0,9.5,-0.308,160.0,160,HAYIR,HAYIR
2026-08-19 09:31:25.838,0.20,0.00,36,2.0,9.5,-0.328,160.0,160,HAYIR,HAYIR
2026-08-19 09:31:25.858,0.20,0.00,36,2.0,9.6,-0.328,160.0,160,HAYIR,HAYIR
2026-08-19 09:31:25.878,0.20,0.00,36,2.0,9.6,-0.328,160.0,160,HAYIR,HAYIR
2026-08-19 09:31:25.898,0.20,0.00,36,2.0,9.6,-0.328,160.0,160,HAYIR,HAYIR
2026-08-19 09:31:25.918,0.20,0.00,36,2.0,9.6,-0.328,160.0,160,HAYIR,HAYIR
2026-08-19 09:31:25.938,0.20,0.00,36,2.0,9.6,-0.327,160.0,160,HAYIR,HAYIR
2026-08-19 09:31:25.958,0.20,0.00,36,2.0,9.7,-0.327,160.0,160,HAYIR,HAYIR
2026-08-19 09:31:25.978,0.19,0.00,36,2.0,9.7,-0.310,160.0,160,HAYIR,HAYIR
2026-08-19 09:31:25.998,0.19,0.00,36,2.0,9.7,-0.310,160.0,160,HAYIR,HAYIR
2026-08-19 09:31:26.018,0.19,0.00,36,2.0,9.7,-0.310,160.0,160,HAYIR,HAYIR
2026-08-19 09:31:26.038,0.19,0.00,36,2.0,9.7,-0.310,160.0,160,HAYIR,HAYIR
2026-08-19 09:31:26.058,0.19,0.00,36,2.0,9.8,-0.310,160.0,160,HAYIR,HAYIR
2026-08-19 09:31:26.078,0.19,0.00,36,2.0,9.8,-0.310,160.0,160,HAYIR,HAYIR
2026-08-19 09:31:26.098,0.19,0.00,36,2.0,9.8,-0.310,160.0,160,HAYIR,HAYIR
2026-08-19 09:31:26.118,0.19,0.00,36,2.0,9.8,-0.310,160.0,160,HAYIR,HAYIR
2026-08-19 09:31:26.138,0.20,0.00,36,2.0,9.8,-0.329,160.0,160,HAYIR,HAYIR
2026-08-19 09:31:26.158,0.20,0.00,36,2.0,9.9,-0.329,160.0,160,HAYIR,HAYIR
2026-08-19 09:31:26.178,0.20,0.00,36,2.0,9.9,-0.329,160.0,160,HAYIR,HAYIR
2026-08-19 09:31:26.198,0.20,0.00,36,2.0,9.9,-0.329,160.0,160,HAYIR,HAYIR
2026-08-19 09:31:26.218,0.20,0.00,36,2.0,9.9,-0.329,160.0,160,HAYIR,HAYIR
2026-08-19 09:31:26.238,0.20,0.00,36,2.0,9.9,-0.327,160.0,160,HAYIR,HAYIR
2026-08-19 09:31:26.258,0.20,0.00,36,2.0,10.0,-0.327,160.0,160,HAYIR,HAYIR
2026-08-19 09:31:26.278,0.20,0.00,36,2.0,10.0,-0.327,160.0,160,HAYIR,HAYIR
2026-08-19 09:31:26.298,0.20,0.00,36,2.0,10.0,-0.327,160.0,160,HAYIR,HAYIR
2026-08-19 09:31:26.318,0.20,0.00,36,2.0,10.0,-0.327,160.0,160,HAYIR,HAYIR
2026-08-19 09:31:26.338,0.19,0.00,36,2.0,10.0,-0.316,160.0,160,HAYIR,HAYIR
2026-08-19 09:31:26.358,0.19,0.00,36,2.0,10.1,-0.316,160.0,160,HAYIR,HAYIR
2026-08-19 09:31:26.378,0.19,0.00,36,2.0,10.1,-0.316,160.0,160,HAYIR,HAYIR
2026-08-19 09:31:26.398,0.19,0.00,36,2.0,10.1,-0.316,160.0,160,HAYIR,HAYIR
2026-08-19 09:31:26.418,0.19,0.00,36,2.0,10.1,-0.316,160.0,160,HAYIR,HAYIR
2026-08-19 09:31:26.438,0.19,0.00,36,2.0,10.1,-0.316,160.0,160,HAYIR,HAYIR
2026-08-19 09:31:26.458,0.19,0.00,36,2.0,10.2,-0.316,160.0,160,HAYIR,HAYIR
2026-08-19 09:31:26.478,0.19,0.00,36,2.0,10.2,-0.316,160.0,160,HAYIR,HAYIR
2026-08-19 09:31:26.498,0.19,0.00,36,2.0,10.2,-0.316,160.0,160,HAYIR,HAYIR
2026-08-19 09:31:26.518,0.19,0.00,36,2.0,10.2,-0.316,160.0,160,HAYIR,HAYIR
2026-08-19 09:31:26.538,0.20,0.00,36,2.0,10.2,-0.326,160.0,160,HAYIR,HAYIR
2026-08-19 09:31:26.558,0.20,0.00,36,2.0,10.3,-0.326,160.0,160,HAYIR,HAYIR
2026-08-19 09:31:26.578,0.20,0.00,36,2.0,10.3,-0.326,160.0,160,HAYIR,HAYIR
2026-08-19 09:31:26.598,0.20,0.00,36,2.0,10.3,-0.326,160.0,160,HAYIR,HAYIR
2026-08-19 09:31:26.618,0.20,0.00,36,2.0,10.3,-0.326,160.0,160,HAYIR,HAYIR
2026-08-19 09:31:26.638,0.19,0.00,36,2.0,10.3,-0.311,160.0,160,HAYIR,HAYIR
2026-08-19 09:31:26.658,0.19,0.00,36,2.0,10.4,-0.311,160.0,160,HAYIR,HAYIR
2026-08-19 09:31:26.678,0.19,0.00,36,2.0,10.4,-0.311,160.0,160,HAYIR,HAYIR
2026-08-19 09:31:26.698,0.19,0.00,36,2.0,10.4,-0.311,160.0,160,HAYIR,HAYIR
2026-08-19 09:31:26.718,0.19,0.00,36,2.0,10.4,-0.311,160.0,160,HAYIR,HAYIR
2026-08-19 09:31:26.738,0.19,0.00,36,2.0,10.4,-0.311,160.0,160,HAYIR,HAYIR
2026-08-19 09:31:26.758,0.19,0.00,36,2.0,10.5,-0.311,160.0,160,HAYIR,HAYIR
2026-08-19 09:31:26.778,0.19,0.00,36,2.0,10.5,-0.311,160.0,160,HAYIR,HAYIR
2026-08-19 09:31:26.798,0.19,0.00,36,2.0,10.5,-0.311,160.0,160,HAYIR,HAYIR
2026-08-19 09:31:26.818,0.19,0.00,36,2.0,10.5,-0.311,160.0,160,HAYIR,HAYIR
2026-08-19 09:31:26.838,0.20,0.00,36,2.0,10.5,-0.328,160.0,160,HAYIR,HAYIR
2026-08-19 09:31:26.858,0.20,0.00,36,2.0,10.6,-0.328,160.0,160,HAYIR,HAYIR
2026-08-19 09:31:26.878,0.20,0.00,36,2.0,10.6,-0.328,160.0,160,HAYIR,HAYIR
2026-08-19 09:31:26.898,0.20,0.00,36,2.0,10.6,-0.328,160.0,160,HAYIR,HAYIR
2026-08-19 09:31:26.918,0.20,0.00,36,2.0,10.6,-0.328,160.0,160,HAYIR,HAYIR
2026-08-19 09:31:26.938,0.20,0.00,36,2.0,10.6,-0.325,160.0,160,HAYIR,HAYIR
2026-08-19 09:31:26.958,0.20,0.00,36,2.0,10.7,-0.325,160.0,160,HAYIR,HAYIR
2026-08-19 09:31:26.978,0.20,0.00,36,2.0,10.7,-0.325,160.0,160,HAYIR,HAYIR
2026-08-19 09:31:26.998,0.20,0.00,36,2.0,10.7,-0.325,160.0,160,HAYIR,HAYIR
2026-08-19 09:31:27.018,0.20,0.00,36,2.0,10.7,-0.325,160.0,160,HAYIR,HAYIR
2026-08-19 09:31:27.038,0.19,0.00,36,2.0,10.7,-0.308,160.0,160,HAYIR,HAYIR
2026-08-19 09:31:27.058,0.19,0.00,36,2.0,10.8,-0.308,160.0,160,HAYIR,HAYIR
2026-08-19 09:31:27.078,0.19,0.00,36,2.0,10.8,-0.308,160.0,160,HAYIR,HAYIR
2026-08-19 09:31:27.098,0.19,0.00,36,2.0,10.8,-0.308,160.0,160,HAYIR,HAYIR
2026-08-19 09:31:27.118,0.19,0.00,36,2.0,10.8,-0.308,160.0,160,HAYIR,HAYIR
2026-08-19 09:31:27.138,0.20,0.00,36,2.0,10.8,-0.330,160.0,160,HAYIR,HAYIR
2026-08-19 09:31:27.158,0.20,0.00,36,2.0,10.9,-0.330,160.0,160,HAYIR,HAYIR
2026-08-19 09:31:27.178,0.20,0.00,36,2.0,10.9,-0.330,160.0,160,HAYIR,HAYIR
2026-08-19 09:31:27.198,0.20,0.00,36,2.0,10.9,-0.330,160.0,160,HAYIR,HAYIR
2026-08-19 09:31:27.218,0.20,0.00,36,2.0,10.9,-0.330,160.0,160,HAYIR,HAYIR
2026-08-19 09:31:27.238,0.20,0.00,36,2.0,10.9,-0.326,160.0,160,HAYIR,HAYIR
2026-08-19 09:31:27.258,0.20,0.00,36,2.0,11.0,-0.326,160.0,160,HAYIR,HAYIR
2026-08-19 09:31:27.278,0.20,-0.01,36,2.0,11.0,-0.326,160.0,160,HAYIR,HAYIR
2026-08-19 09:31:27.298,0.20,-0.01,36,2.0,11.0,-0.326,160.0,160,HAYIR,HAYIR
2026-08-19 09:31:27.318,0.20,-0.01,36,2.0,11.0,-0.326,160.0,160,HAYIR,HAYIR
2026-08-19 09:31:27.338,0.19,-0.01,36,2.0,11.0,-0.311,160.0,160,HAYIR,HAYIR
2026-08-19 09:31:27.358,0.19,-0.01,36,2.0,11.1,-0.311,160.0,160,HAYIR,HAYIR
2026-08-19 09:31:27.378,0.19,-0.01,36,2.0,11.1,-0.311,160.0,160,HAYIR,HAYIR
2026-08-19 09:31:27.398,0.19,-0.01,36,2.0,11.1,-0.311,160.0,160,HAYIR,HAYIR
2026-08-19 09:31:27.418,0.19,-0.01,36,2.0,11.1,-0.311,160.0,160,HAYIR,HAYIR
2026-08-19 09:31:27.438,0.20,-0.01,36,2.0,11.1,-0.328,160.0,160,HAYIR,HAYIR
2026-08-19 09:31:27.458,0.20,-0.01,36,2.0,11.2,-0.328,160.0,160,HAYIR,HAYIR
2026-08-19 09:31:27.478,0.20,-0.01,36,2.0,11.2,-0.328,160.0,160,HAYIR,HAYIR
2026-08-19 09:31:27.498,0.20,-0.01,36,2.0,11.2,-0.328,160.0,160,HAYIR,HAYIR
2026-08-19 09:31:27.518,0.20,-0.01,36,2.0,11.2,-0.328,160.0,160,HAYIR,HAYIR
2026-08-19 09:31:27.538,0.20,-0.01,36,2.0,11.2,-0.332,160.0,160,HAYIR,HAYIR
2026-08-19 09:31:27.558,0.20,-0.01,36,2.0,11.3,-0.332,160.0,160,HAYIR,HAYIR
2026-08-19 09:31:27.578,0.20,-0.01,36,2.0,11.3,-0.332,160.0,160,HAYIR,HAYIR
2026-08-19 09:31:27.598,0.20,-0.01,36,2.0,11.3,-0.332,160.0,160,HAYIR,HAYIR
2026-08-19 09:31:27.618,0.20,-0.01,36,2.0,11.3,-0.332,160.0,160,HAYIR,HAYIR
2026-08-19 09:31:27.638,0.20,-0.01,36,2.0,11.3,-0.327,160.0,160,HAYIR,HAYIR
2026-08-19 09:31:27.658,0.20,-0.01,36,2.0,11.4,-0.327,160.0,160,HAYIR,HAYIR
2026-08-19 09:31:27.678,0.20,-0.01,36,2.0,11.4,-0.327,160.0,160,HAYIR,HAYIR
2026-08-19 09:31:27.698,0.20,-0.01,36,2.0,11.4,-0.327,160.0,160,HAYIR,HAYIR
2026-08-19 09:31:27.718,0.20,-0.01,36,2.0,11.4,-0.327,160.0,160,HAYIR,HAYIR
2026-08-19 09:31:27.738,0.19,-0.01,36,2.0,11.4,-0.316,160.0,160,HAYIR,HAYIR
2026-08-19 09:31:27.758,0.19,-0.01,36,2.0,11.5,-0.316,160.0,160,HAYIR,HAYIR
2026-08-19 09:31:27.778,0.19,-0.01,36,2.0,11.5,-0.316,160.0,160,HAYIR,HAYIR
2026-08-19 09:31:27.798,0.19,-0.01,36,2.0,11.5,-0.316,160.0,160,HAYIR,HAYIR
2026-08-19 09:31:27.818,0.19,-0.01,36,2.0,11.5,-0.316,160.0,160,HAYIR,HAYIR
2026-08-19 09:31:27.838,0.20,-0.01,36,2.0,11.5,-0.327,160.0,160,HAYIR,HAYIR
2026-08-19 09:31:27.858,0.20,-0.01,36,2.0,11.6,-0.327,160.0,160,HAYIR,HAYIR
2026-08-19 09:31:27.878,0.20,-0.01,36,2.0,11.6,-0.327,160.0,160,HAYIR,HAYIR
2026-08-19 09:31:27.898,0.20,-0.01,36,2.0,11.6,-0.327,160.0,160,HAYIR,HAYIR
2026-08-19 09:31:27.918,0.20,-0.01,36,2.0,11.6,-0.327,160.0,160,HAYIR,HAYIR
2026-08-19 09:31:27.938,0.20,-0.01,36,2.0,11.6,-0.327,160.0,160,HAYIR,HAYIR
2026-08-19 09:31:27.958,0.20,-0.01,36,2.0,11.7,-0.327,160.0,160,HAYIR,HAYIR
2026-08-19 09:31:27.978,0.19,-0.01,36,2.0,11.7,-0.317,160.0,160,HAYIR,HAYIR
2026-08-19 09:31:27.998,0.19,-0.01,36,2.0,11.7,-0.317,160.0,160,HAYIR,HAYIR
2026-08-19 09:31:28.018,0.19,-0.01,36,2.0,11.7,-0.317,160.0,160,HAYIR,HAYIR
2026-08-19 09:31:28.038,0.19,-0.01,36,2.0,11.7,-0.317,160.0,160,HAYIR,HAYIR
2026-08-19 09:31:28.058,0.19,-0.01,36,2.0,11.8,-0.317,160.0,160,HAYIR,HAYIR
2026-08-19 09:31:28.078,0.19,-0.01,36,2.0,11.8,-0.317,160.0,160,HAYIR,HAYIR
2026-08-19 09:31:28.098,0.19,-0.01,36,2.0,11.8,-0.317,160.0,160,HAYIR,HAYIR
2026-08-19 09:31:28.118,0.19,-0.01,36,2.0,11.8,-0.317,160.0,160,HAYIR,HAYIR
2026-08-19 09:31:28.138,0.20,-0.01,36,2.0,11.8,-0.327,160.0,160,HAYIR,HAYIR
2026-08-19 09:31:28.158,0.20,-0.01,36,2.0,11.9,-0.327,160.0,160,HAYIR,HAYIR
2026-08-19 09:31:28.178,0.20,-0.01,36,2.0,11.9,-0.327,160.0,160,HAYIR,HAYIR
2026-08-19 09:31:28.198,0.20,-0.01,36,2.0,11.9,-0.327,160.0,160,HAYIR,HAYIR
2026-08-19 09:31:28.218,0.20,-0.01,36,2.0,11.9,-0.327,160.0,160,HAYIR,HAYIR
2026-08-19 09:31:28.238,0.20,-0.01,36,2.0,11.9,-0.328,160.0,160,HAYIR,HAYIR
2026-08-19 09:31:28.258,0.20,-0.01,36,2.0,12.0,-0.328,160.0,160,HAYIR,HAYIR
2026-08-19 09:31:28.278,0.20,-0.01,36,2.0,12.0,-0.328,160.0,160,HAYIR,HAYIR
2026-08-19 09:31:28.298,0.20,-0.01,36,2.0,12.0,-0.328,160.0,160,HAYIR,HAYIR
2026-08-19 09:31:28.318,0.20,-0.01,36,2.0,12.0,-0.328,160.0,160,HAYIR,HAYIR
2026-08-19 09:31:28.338,0.20,-0.00,36,2.0,12.0,-0.327,160.0,160,HAYIR,HAYIR
2026-08-19 09:31:28.358,0.20,-0.00,36,2.0,12.1,-0.327,160.0,160,HAYIR,HAYIR
2026-08-19 09:31:28.378,0.19,-0.00,36,2.0,12.1,-0.310,160.0,160,HAYIR,HAYIR
2026-08-19 09:31:28.398,0.19,-0.00,36,2.0,12.1,-0.310,160.0,160,HAYIR,HAYIR
2026-08-19 09:31:28.418,0.19,-0.00,36,2.0,12.1,-0.310,160.0,160,HAYIR,HAYIR
2026-08-19 09:31:28.438,0.19,-0.00,36,2.0,12.1,-0.310,160.0,160,HAYIR,HAYIR
2026-08-19 09:31:28.458,0.19,-0.00,36,2.0,12.2,-0.310,160.0,160,HAYIR,HAYIR
2026-08-19 09:31:28.478,0.19,-0.00,36,2.0,12.2,-0.310,160.0,160,HAYIR,HAYIR
2026-08-19 09:31:28.498,0.19,-0.00,36,2.0,12.2,-0.310,160.0,160,HAYIR,HAYIR
2026-08-19 09:31:28.518,0.19,-0.00,36,2.0,12.2,-0.310,160.0,160,HAYIR,HAYIR
2026-08-19 09:31:28.538,0.20,-0.00,36,2.0,12.2,-0.325,160.0,160,HAYIR,HAYIR
2026-08-19 09:31:28.558,0.20,-0.00,36,2.0,12.3,-0.325,160.0,160,HAYIR,HAYIR
2026-08-19 09:31:28.578,0.20,-0.00,36,2.0,12.3,-0.325,160.0,160,HAYIR,HAYIR
2026-08-19 09:31:28.598,0.20,-0.00,36,2.0,12.3,-0.325,160.0,160,HAYIR,HAYIR
2026-08-19 09:31:28.618,0.20,-0.00,36,2.0,12.3,-0.325,160.0,160,HAYIR,HAYIR
2026-08-19 09:31:28.638,0.20,-0.00,36,2.0,12.3,-0.327,160.0,160,HAYIR,HAYIR
2026-08-19 09:31:28.658,0.20,-0.00,36,2.0,12.4,-0.327,160.0,160,HAYIR,HAYIR
2026-08-19 09:31:28.678,0.19,-0.00,36,2.0,12.4,-0.314,160.0,160,HAYIR,HAYIR
2026-08-19 09:31:28.698,0.19,-0.00,36,2.0,12.4,-0.314,160.0,160,HAYIR,HAYIR
2026-08-19 09:31:28.718,0.19,-0.00,36,2.0,12.4,-0.314,160.0,160,HAYIR,HAYIR
2026-08-19 09:31:28.738,0.19,-0.00,36,2.0,12.4,-0.314,160.0,160,HAYIR,HAYIR
2026-08-19 09:31:28.758,0.19,-0.00,36,2.0,12.5,-0.314,160.0,160,HAYIR,HAYIR
2026-08-19 09:31:28.778,0.19,-0.00,36,2.0,12.5,-0.314,160.0,160,HAYIR,HAYIR
2026-08-19 09:31:28.798,0.19,-0.00,36,2.0,12.5,-0.314,160.0,160,HAYIR,HAYIR
2026-08-19 09:31:28.818,0.19,-0.00,36,2.0,12.5,-0.314,160.0,160,HAYIR,HAYIR
2026-08-19 09:31:28.838,0.19,-0.00,36,2.0,12.5,-0.323,160.0,160,HAYIR,HAYIR
