Timestamp,HedefLinX_m_s,AnlikHiz_m_s,MotorGucu,TurnBoost,StallBoost,HedefAngZ_rad_s,HedefAci_deg,YayinAci_deg,Fren,GeriVites
2026-08-19 12:19:24.161,0.00,0.00,0,0.0,0.0,0.000,0.0,0,HAYIR,HAYIR
2026-08-19 12:19:24.182,0.00,0.00,0,0.0,0.0,0.000,0.0,0,HAYIR,HAYIR
2026-08-19 12:19:24.201,0.00,0.00,0,0.0,0.0,0.000,0.0,0,HAYIR,HAYIR
2026-08-19 12:19:24.221,0.00,0.00,0,0.0,0.0,0.000,0.0,0,HAYIR,HAYIR
2026-08-19 12:19:24.241,0.00,0.00,0,0.0,0.0,0.000,0.0,0,HAYIR,HAYIR
2026-08-19 12:19:24.262,0.00,0.00,0,0.0,0.0,0.000,0.0,0,HAYIR,HAYIR
2026-08-19 12:19:24.281,0.00,0.00,0,0.0,0.0,0.000,0.0,0,HAYIR,HAYIR
2026-08-19 12:19:24.301,0.00,0.00,0,0.0,0.0,0.000,0.0,0,HAYIR,HAYIR
2026-08-19 12:19:24.321,0.00,0.00,0,0.0,0.0,0.000,0.0,0,HAYIR,HAYIR
2026-08-19 12:19:24.342,0.00,0.00,0,0.0,0.0,0.000,0.0,0,HAYIR,HAYIR
2026-08-19 12:19:24.361,0.00,0.00,0,0.0,0.0,0.000,0.0,0,HAYIR,HAYIR
2026-08-19 12:19:24.381,0.00,0.00,0,0.0,0.0,0.000,0.0,0,HAYIR,HAYIR
2026-08-19 12:19:24.402,0.00,0.00,0,0.0,0.0,0.000,0.0,0,HAYIR,HAYIR
2026-08-19 12:19:24.422,0.00,0.00,0,0.0,0.0,0.000,0.0,0,HAYIR,HAYIR
2026-08-19 12:19:24.442,0.00,0.00,0,0.0,0.0,0.000,0.0,0,HAYIR,HAYIR
2026-08-19 12:19:24.461,0.00,0.00,0,0.0,0.0,0.000,0.0,0,HAYIR,HAYIR
2026-08-19 12:19:24.482,0.00,0.00,0,0.0,0.0,0.000,0.0,0,HAYIR,HAYIR
2026-08-19 12:19:24.501,0.00,0.00,0,0.0,0.0,0.000,0.0,0,HAYIR,HAYIR
2026-08-19 12:19:24.521,0.00,0.00,0,0.0,0.0,0.000,0.0,0,HAYIR,HAYIR
2026-08-19 12:19:24.542,0.00,0.00,0,0.0,0.0,0.000,0.0,0,HAYIR,HAYIR
2026-08-19 12:19:24.561,0.00,0.00,0,0.0,0.0,0.000,0.0,0,HAYIR,HAYIR
2026-08-19 12:19:24.581,0.00,0.00,0,0.0,0.0,0.000,0.0,0,HAYIR,HAYIR
2026-08-19 12:19:24.602,0.00,0.00,0,0.0,0.0,0.000,0.0,0,HAYIR,HAYIR
2026-08-19 12:19:24.621,0.00,0.00,0,0.0,0.0,0.000,0.0,0,HAYIR,HAYIR
2026-08-19 12:19:24.642,0.00,0.00,0,0.0,0.0,0.000,0.0,0,HAYIR,HAYIR
2026-08-19 12:19:24.661,0.00,0.00,0,0.0,0.0,0.000,0.0,0,HAYIR,HAYIR
2026-08-19 12:19:24.682,0.00,0.00,0,0.0,0.0,0.000,0.0,0,HAYIR,HAYIR
2026-08-19 12:19:24.701,0.00,0.00,0,0.0,0.0,0.000,0.0,0,HAYIR,HAYIR
2026-08-19 12:19:24.721,0.00,0.00,0,0.0,0.0,0.000,0.0,0,HAYIR,HAYIR
2026-08-19 12:19:24.742,0.00,0.00,0,0.0,0.0,0.000,0.0,0,HAYIR,HAYIR
2026-08-19 12:19:24.762,0.00,0.00,0,0.0,0.0,0.000,0.0,0,HAYIR,HAYIR
2026-08-19 12:19:24.781,0.00,0.00,0,0.0,0.0,0.000,0.0,0,HAYIR,HAYIR
2026-08-19 12:19:24.801,0.00,0.00,0,0.0,0.0,0.000,0.0,0,HAYIR,HAYIR
2026-08-19 12:19:24.821,0.00,0.00,0,0.0,0.0,0.000,0.0,0,HAYIR,HAYIR
2026-08-19 12:19:24.841,0.00,0.00,0,0.0,0.0,0.000,0.0,0,HAYIR,HAYIR
2026-08-19 12:19:24.861,0.00,0.00,0,0.0,0.0,0.000,0.0,0,HAYIR,HAYIR
2026-08-19 12:19:24.881,0.00,0.00,0,0.0,0.0,0.000,0.0,0,HAYIR,HAYIR
2026-08-19 12:19:24.901,0.00,0.00,0,0.0,0.0,0.000,0.0,0,HAYIR,HAYIR
2026-08-19 12:19:24.922,0.00,0.00,0,0.0,0.0,0.000,0.0,0,HAYIR,HAYIR
2026-08-19 12:19:24.942,0.00,0.00,0,0.0,0.0,0.000,0.0,0,HAYIR,HAYIR
2026-08-19 12:19:24.961,0.00,0.00,0,0.0,0.0,0.000,0.0,0,HAYIR,HAYIR
2026-08-19 12:19:24.981,0.00,0.00,0,0.0,0.0,0.000,0.0,0,HAYIR,HAYIR
2026-08-19 12:19:25.002,0.00,0.00,0,0.0,0.0,0.000,0.0,0,HAYIR,HAYIR
2026-08-19 12:19:25.021,0.00,0.00,0,0.0,0.0,0.000,0.0,0,HAYIR,HAYIR
2026-08-19 12:19:25.041,0.00,0.00,0,0.0,0.0,0.000,0.0,0,HAYIR,HAYIR
2026-08-19 12:19:25.061,0.00,0.00,0,0.0,0.0,0.000,0.0,0,HAYIR,HAYIR
2026-08-19 12:19:25.081,0.00,0.00,0,0.0,0.0,0.000,0.0,0,HAYIR,HAYIR
2026-08-19 12:19:25.101,0.00,0.00,0,0.0,0.0,0.000,0.0,0,HAYIR,HAYIR
2026-08-19 12:19:25.121,0.00,0.00,0,0.0,0.0,0.000,0.0,0,HAYIR,HAYIR
2026-08-19 12:19:25.142,0.00,0.00,0,0.0,0.0,0.000,0.0,0,HAYIR,HAYIR
2026-08-19 12:19:25.161,0.00,0.00,0,0.0,0.0,0.000,0.0,0,HAYIR,HAYIR
2026-08-19 12:19:25.182,0.00,0.00,0,0.0,0.0,0.000,0.0,0,HAYIR,HAYIR
2026-08-19 12:19:25.202,0.00,0.00,0,0.0,0.0,0.000,0.0,0,HAYIR,HAYIR
2026-08-19 12:19:25.221,0.00,0.00,0,0.0,0.0,0.000,0.0,0,HAYIR,HAYIR
2026-08-19 12:19:25.241,0.00,0.00,0,0.0,0.0,0.000,0.0,0,HAYIR,HAYIR
2026-08-19 12:19:25.261,0.00,0.00,0,0.0,0.0,0.000,0.0,0,HAYIR,HAYIR
2026-08-19 12:19:25.281,0.00,0.00,0,0.0,0.0,0.000,0.0,0,HAYIR,HAYIR
2026-08-19 12:19:25.301,0.00,0.00,0,0.0,0.0,0.000,0.0,0,HAYIR,HAYIR
2026-08-19 12:19:25.321,0.00,0.00,0,0.0,0.0,0.000,0.0,0,HAYIR,HAYIR
2026-08-19 12:19:25.341,0.00,0.00,0,0.0,0.0,0.000,0.0,0,HAYIR,HAYIR
2026-08-19 12:19:25.361,0.00,0.00,0,0.0,0.0,0.000,0.0,0,HAYIR,HAYIR
2026-08-19 12:19:25.381,0.00,0.00,0,0.0,0.0,0.000,0.0,0,HAYIR,HAYIR
2026-08-19 12:19:25.402,0.00,0.00,0,0.0,0.0,0.000,0.0,0,HAYIR,HAYIR
2026-08-19 12:19:25.421,0.00,0.00,0,0.0,0.0,0.000,0.0,0,HAYIR,HAYIR
2026-08-19 12:19:25.442,0.00,0.00,0,0.0,0.0,0.000,0.0,0,HAYIR,HAYIR
2026-08-19 12:19:25.461,0.00,0.00,0,0.0,0.0,0.000,0.0,0,HAYIR,HAYIR
2026-08-19 12:19:25.481,0.00,0.00,0,0.0,0.0,0.000,0.0,0,HAYIR,HAYIR
2026-08-19 12:19:25.501,0.00,0.00,0,0.0,0.0,0.000,0.0,0,HAYIR,HAYIR
2026-08-19 12:19:25.522,0.00,0.00,0,0.0,0.0,0.000,0.0,0,HAYIR,HAYIR
2026-08-19 12:19:25.542,0.00,0.00,0,0.0,0.0,0.000,0.0,0,HAYIR,HAYIR
2026-08-19 12:19:25.561,0.00,0.00,0,0.0,0.0,0.000,0.0,0,HAYIR,HAYIR
2026-08-19 12:19:25.581,0.00,0.00,0,0.0,0.0,0.000,0.0,0,HAYIR,HAYIR
2026-08-19 12:19:25.601,0.00,0.00,0,0.0,0.0,0.000,0.0,0,HAYIR,HAYIR
2026-08-19 12:19:25.621,0.00,0.00,0,0.0,0.0,0.000,0.0,0,HAYIR,HAYIR
2026-08-19 12:19:25.641,0.00,0.00,0,0.0,0.0,0.000,0.0,0,HAYIR,HAYIR
2026-08-19 12:19:25.661,0.00,0.00,0,0.0,0.0,0.000,0.0,0,HAYIR,HAYIR
2026-08-19 12:19:25.682,0.00,0.00,0,0.0,0.0,0.000,0.0,0,HAYIR,HAYIR
2026-08-19 12:19:25.701,0.00,0.00,0,0.0,0.0,0.000,0.0,0,HAYIR,HAYIR
2026-08-19 12:19:25.722,0.00,0.00,0,0.0,0.0,0.000,0.0,0,HAYIR,HAYIR
2026-08-19 12:19:25.741,0.00,0.00,0,0.0,0.0,0.000,0.0,0,HAYIR,HAYIR
2026-08-19 12:19:25.761,0.00,0.00,0,0.0,0.0,0.000,0.0,0,HAYIR,HAYIR
2026-08-19 12:19:25.781,0.00,0.00,0,0.0,0.0,0.000,0.0,0,HAYIR,HAYIR
2026-08-19 12:19:25.801,0.00,0.00,0,0.0,0.0,0.000,0.0,0,HAYIR,HAYIR
2026-08-19 12:19:25.822,0.00,0.00,0,0.0,0.0,0.000,0.0,0,HAYIR,HAYIR
2026-08-19 12:19:25.842,0.00,0.00,0,0.0,0.0,0.000,0.0,0,HAYIR,HAYIR
2026-08-19 12:19:25.861,0.00,0.00,0,0.0,0.0,0.000,0.0,0,HAYIR,HAYIR
2026-08-19 12:19:25.881,0.00,0.00,0,0.0,0.0,0.000,0.0,0,HAYIR,HAYIR
2026-08-19 12:19:25.902,0.00,0.00,0,0.0,0.0,0.000,0.0,0,HAYIR,HAYIR
2026-08-19 12:19:25.922,0.00,0.00,0,0.0,0.0,0.000,0.0,0,HAYIR,HAYIR
2026-08-19 12:19:25.941,0.00,0.00,0,0.0,0.0,0.000,0.0,0,HAYIR,HAYIR
2026-08-19 12:19:25.961,0.00,0.00,0,0.0,0.0,0.000,0.0,0,HAYIR,HAYIR
2026-08-19 12:19:25.981,0.00,0.00,0,0.0,0.0,0.000,0.0,0,HAYIR,HAYIR
2026-08-19 12:19:26.002,0.00,0.00,0,0.0,0.0,0.000,0.0,0,HAYIR,HAYIR
2026-08-19 12:19:26.021,0.00,0.00,0,0.0,0.0,0.000,0.0,0,HAYIR,HAYIR
2026-08-19 12:19:26.041,0.00,0.00,0,0.0,0.0,0.000,0.0,0,HAYIR,HAYIR
2026-08-19 12:19:26.061,0.00,0.00,0,0.0,0.0,0.000,0.0,0,HAYIR,HAYIR
2026-08-19 12:19:26.081,0.00,0.00,0,0.0,0.0,0.000,0.0,0,HAYIR,HAYIR
2026-08-19 12:19:26.101,0.00,0.00,0,0.0,0.0,0.000,0.0,0,HAYIR,HAYIR
2026-08-19 12:19:26.121,0.00,0.00,0,0.0,0.0,0.000,0.0,0,HAYIR,HAYIR
2026-08-19 12:19:26.141,0.00,0.00,0,0.0,0.0,0.000,0.0,0,HAYIR,HAYIR
2026-08-19 12:19:26.161,0.00,0.00,0,0.0,0.0,0.000,0.0,0,HAYIR,HAYIR
2026-08-19 12:19:26.181,0.00,0.00,0,0.0,0.0,0.000,0.0,0,HAYIR,HAYIR
2026-08-19 12:19:26.201,0.00,0.00,0,0.0,0.0,0.000,0.0,0,HAYIR,HAYIR
2026-08-19 12:19:26.221,0.00,0.00,0,0.0,0.0,0.000,0.0,0,HAYIR,HAYIR
2026-08-19 12:19:26.241,0.00,0.00,0,0.0,0.0,0.000,0.0,0,HAYIR,HAYIR
2026-08-19 12:19:26.261,0.00,0.00,0,0.0,0.0,0.000,0.0,0,HAYIR,HAYIR
2026-08-19 12:19:26.281,0.00,0.00,0,0.0,0.0,0.000,0.0,0,HAYIR,HAYIR
2026-08-19 12:19:26.301,0.00,0.00,0,0.0,0.0,0.000,0.0,0,HAYIR,HAYIR
2026-08-19 12:19:26.321,0.00,0.00,0,0.0,0.0,0.000,0.0,0,HAYIR,HAYIR
2026-08-19 12:19:26.342,0.00,0.00,0,0.0,0.0,0.000,0.0,0,HAYIR,HAYIR
2026-08-19 12:19:26.361,0.00,0.00,0,0.0,0.0,0.000,0.0,0,HAYIR,HAYIR
2026-08-19 12:19:26.381,0.00,0.00,0,0.0,0.0,0.000,0.0,0,HAYIR,HAYIR
2026-08-19 12:19:26.401,0.00,0.00,0,0.0,0.0,0.000,0.0,0,HAYIR,HAYIR
2026-08-19 12:19:26.421,0.00,0.00,0,0.0,0.0,0.000,0.0,0,HAYIR,HAYIR
2026-08-19 12:19:26.441,0.00,0.00,0,0.0,0.0,0.000,0.0,0,HAYIR,HAYIR
2026-08-19 12:19:26.461,0.00,0.00,0,0.0,0.0,0.000,0.0,0,HAYIR,HAYIR
2026-08-19 12:19:26.481,0.00,0.00,0,0.0,0.0,0.000,0.0,0,HAYIR,HAYIR
2026-08-19 12:19:26.501,0.00,0.00,0,0.0,0.0,0.000,0.0,0,HAYIR,HAYIR
2026-08-19 12:19:26.521,0.00,0.00,0,0.0,0.0,0.000,0.0,0,HAYIR,HAYIR
2026-08-19 12:19:26.541,0.00,0.00,0,0.0,0.0,0.000,0.0,0,HAYIR,HAYIR
2026-08-19 12:19:26.561,0.00,0.00,0,0.0,0.0,0.000,0.0,0,HAYIR,HAYIR
2026-08-19 12:19:26.581,0.00,0.00,0,0.0,0.0,0.000,0.0,0,HAYIR,HAYIR
2026-08-19 12:19:26.601,0.00,0.00,0,0.0,0.0,0.000,0.0,0,HAYIR,HAYIR
2026-08-19 12:19:26.621,0.00,0.00,0,0.0,0.0,0.000,0.0,0,HAYIR,HAYIR
2026-08-19 12:19:26.642,0.00,0.00,0,0.0,0.0,0.000,0.0,0,HAYIR,HAYIR
2026-08-19 12:19:26.661,0.00,0.00,0,0.0,0.0,0.000,0.0,0,HAYIR,HAYIR
2026-08-19 12:19:26.681,0.00,0.00,0,0.0,0.0,0.000,0.0,0,HAYIR,HAYIR
2026-08-19 12:19:26.701,0.00,0.00,0,0.0,0.0,0.000,0.0,0,HAYIR,HAYIR
2026-08-19 12:19:26.721,0.00,0.00,0,0.0,0.0,0.000,0.0,0,HAYIR,HAYIR
2026-08-19 12:19:26.742,0.00,0.00,0,0.0,0.0,0.000,0.0,0,HAYIR,HAYIR
2026-08-19 12:19:26.761,0.00,0.00,0,0.0,0.0,0.000,0.0,0,HAYIR,HAYIR
2026-08-19 12:19:26.781,0.00,0.00,0,0.0,0.0,0.000,0.0,0,HAYIR,HAYIR
2026-08-19 12:19:26.801,0.00,0.00,0,0.0,0.0,0.000,0.0,0,HAYIR,HAYIR
2026-08-19 12:19:26.821,0.00,0.00,0,0.0,0.0,0.000,0.0,0,HAYIR,HAYIR
2026-08-19 12:19:26.841,0.00,0.00,0,0.0,0.0,0.000,0.0,0,HAYIR,HAYIR
2026-08-19 12:19:26.861,0.00,0.00,0,0.0,0.0,0.000,0.0,0,HAYIR,HAYIR
2026-08-19 12:19:26.882,0.00,0.00,0,0.0,0.0,0.000,0.0,0,HAYIR,HAYIR
2026-08-19 12:19:26.901,0.00,0.00,0,0.0,0.0,0.000,0.0,0,HAYIR,HAYIR
2026-08-19 12:19:26.922,0.00,0.00,0,0.0,0.0,0.000,0.0,0,HAYIR,HAYIR
2026-08-19 12:19:26.942,0.00,0.00,0,0.0,0.0,0.000,0.0,0,HAYIR,HAYIR
2026-08-19 12:19:26.961,0.00,0.00,0,0.0,0.0,0.000,0.0,0,HAYIR,HAYIR
2026-08-19 12:19:26.981,0.00,0.00,0,0.0,0.0,0.000,0.0,0,HAYIR,HAYIR
2026-08-19 12:19:27.001,0.00,0.00,0,0.0,0.0,0.000,0.0,0,HAYIR,HAYIR
2026-08-19 12:19:27.021,0.00,0.00,0,0.0,0.0,0.000,0.0,0,HAYIR,HAYIR
2026-08-19 12:19:27.041,0.00,0.00,0,0.0,0.0,0.000,0.0,0,HAYIR,HAYIR
2026-08-19 12:19:27.061,0.00,0.00,0,0.0,0.0,0.000,0.0,0,HAYIR,HAYIR
2026-08-19 12:19:27.081,0.00,0.00,0,0.0,0.0,0.000,0.0,0,HAYIR,HAYIR
2026-08-19 12:19:27.102,0.00,0.00,0,0.0,0.0,0.000,0.0,0,HAYIR,HAYIR
2026-08-19 12:19:27.122,0.00,0.00,0,0.0,0.0,0.000,0.0,0,HAYIR,HAYIR
2026-08-19 12:19:27.142,0.00,0.00,0,0.0,0.0,0.000,0.0,0,HAYIR,HAYIR
2026-08-19 12:19:27.161,0.00,0.00,0,0.0,0.0,0.000,0.0,0,HAYIR,HAYIR
2026-08-19 12:19:27.181,0.00,0.00,0,0.0,0.0,0.000,0.0,0,HAYIR,HAYIR
2026-08-19 12:19:27.202,0.00,0.00,0,0.0,0.0,0.000,0.0,0,HAYIR,HAYIR
2026-08-19 12:19:27.221,0.00,0.00,0,0.0,0.0,0.000,0.0,0,HAYIR,HAYIR
2026-08-19 12:19:27.241,0.00,0.00,0,0.0,0.0,0.000,0.0,0,HAYIR,HAYIR
2026-08-19 12:19:27.261,0.00,0.00,0,0.0,0.0,0.000,0.0,0,HAYIR,HAYIR
2026-08-19 12:19:27.281,0.00,0.00,0,0.0,0.0,0.000,0.0,0,HAYIR,HAYIR
2026-08-19 12:19:27.301,0.00,0.00,0,0.0,0.0,0.000,0.0,0,HAYIR,HAYIR
2026-08-19 12:19:27.322,0.00,0.00,0,0.0,0.0,0.000,0.0,0,HAYIR,HAYIR
2026-08-19 12:19:27.342,0.00,0.00,0,0.0,0.0,0.000,0.0,0,HAYIR,HAYIR
2026-08-19 12:19:27.361,0.00,0.00,0,0.0,0.0,0.000,0.0,0,HAYIR,HAYIR
2026-08-19 12:19:27.381,0.00,0.00,0,0.0,0.0,0.000,0.0,0,HAYIR,HAYIR
2026-08-19 12:19:27.402,0.00,0.00,0,0.0,0.0,0.000,0.0,0,HAYIR,HAYIR
2026-08-19 12:19:27.421,0.00,0.00,0,0.0,0.0,0.000,0.0,0,HAYIR,HAYIR
2026-08-19 12:19:27.441,0.00,0.00,0,0.0,0.0,0.000,0.0,0,HAYIR,HAYIR
2026-08-19 12:19:27.461,0.00,0.00,0,0.0,0.0,0.000,0.0,0,HAYIR,HAYIR
2026-08-19 12:19:27.481,0.00,0.00,0,0.0,0.0,0.000,0.0,0,HAYIR,HAYIR
2026-08-19 12:19:27.501,0.00,0.00,0,0.0,0.0,0.000,0.0,0,HAYIR,HAYIR
2026-08-19 12:19:27.522,0.00,0.00,0,0.0,0.0,0.000,0.0,0,HAYIR,HAYIR
2026-08-19 12:19:27.542,0.00,0.00,0,0.0,0.0,0.000,0.0,0,HAYIR,HAYIR
2026-08-19 12:19:27.561,0.00,0.00,0,0.0,0.0,0.000,0.0,0,HAYIR,HAYIR
2026-08-19 12:19:27.581,0.00,0.00,0,0.0,0.0,0.000,0.0,0,HAYIR,HAYIR
2026-08-19 12:19:27.602,0.00,0.00,0,0.0,0.0,0.000,0.0,0,HAYIR,HAYIR
2026-08-19 12:19:27.621,0.00,0.00,0,0.0,0.0,0.000,0.0,0,HAYIR,HAYIR
2026-08-19 12:19:27.642,0.00,0.00,0,0.0,0.0,0.000,0.0,0,HAYIR,HAYIR
2026-08-19 12:19:27.661,0.00,0.00,0,0.0,0.0,0.000,0.0,0,HAYIR,HAYIR
2026-08-19 12:19:27.681,0.00,0.00,0,0.0,0.0,0.000,0.0,0,HAYIR,HAYIR
2026-08-19 12:19:27.701,0.00,0.00,0,0.0,0.0,0.000,0.0,0,HAYIR,HAYIR
2026-08-19 12:19:27.721,0.00,0.00,0,0.0,0.0,0.000,0.0,0,HAYIR,HAYIR
2026-08-19 12:19:27.742,0.00,0.00,0,0.0,0.0,0.000,0.0,0,HAYIR,HAYIR
2026-08-19 12:19:27.762,0.00,0.00,0,0.0,0.0,0.000,0.0,0,HAYIR,HAYIR
2026-08-19 12:19:27.782,0.00,0.00,0,0.0,0.0,0.000,0.0,0,HAYIR,HAYIR
2026-08-19 12:19:27.802,0.00,0.00,0,0.0,0.0,0.000,0.0,0,HAYIR,HAYIR
2026-08-19 12:19:27.821,0.00,0.00,0,0.0,0.0,0.000,0.0,0,HAYIR,HAYIR
2026-08-19 12:19:27.842,0.00,0.00,0,0.0,0.0,0.000,0.0,0,HAYIR,HAYIR
2026-08-19 12:19:27.861,0.00,0.00,0,0.0,0.0,0.000,0.0,0,HAYIR,HAYIR
2026-08-19 12:19:27.882,0.00,0.00,0,0.0,0.0,0.000,0.0,0,HAYIR,HAYIR
2026-08-19 12:19:27.901,0.00,0.00,0,0.0,0.0,0.000,0.0,0,HAYIR,HAYIR
2026-08-19 12:19:27.922,0.00,0.00,0,0.0,0.0,0.000,0.0,0,HAYIR,HAYIR
2026-08-19 12:19:27.942,0.00,0.00,0,0.0,0.0,0.000,0.0,0,HAYIR,HAYIR
2026-08-19 12:19:27.961,0.00,0.00,0,0.0,0.0,0.000,0.0,0,HAYIR,HAYIR
2026-08-19 12:19:27.981,0.00,0.00,0,0.0,0.0,0.000,0.0,0,HAYIR,HAYIR
2026-08-19 12:19:28.002,0.00,0.00,0,0.0,0.0,0.000,0.0,0,HAYIR,HAYIR
2026-08-19 12:19:28.022,0.00,0.00,0,0.0,0.0,0.000,0.0,0,HAYIR,HAYIR
2026-08-19 12:19:28.041,0.00,0.00,0,0.0,0.0,0.000,0.0,0,HAYIR,HAYIR
2026-08-19 12:19:28.061,0.00,0.00,0,0.0,0.0,0.000,0.0,0,HAYIR,HAYIR
2026-08-19 12:19:28.081,0.00,0.00,0,0.0,0.0,0.000,0.0,0,HAYIR,HAYIR
2026-08-19 12:19:28.101,0.00,0.00,0,0.0,0.0,0.000,0.0,0,HAYIR,HAYIR
2026-08-19 12:19:28.121,0.00,0.00,0,0.0,0.0,0.000,0.0,0,HAYIR,HAYIR
2026-08-19 12:19:28.141,0.00,0.00,0,0.0,0.0,0.000,0.0,0,HAYIR,HAYIR
2026-08-19 12:19:28.161,0.00,0.00,0,0.0,0.0,0.000,0.0,0,HAYIR,HAYIR
2026-08-19 12:19:28.181,0.00,0.00,0,0.0,0.0,0.000,0.0,0,HAYIR,HAYIR
2026-08-19 12:19:28.201,0.00,0.00,0,0.0,0.0,0.000,0.0,0,HAYIR,HAYIR
2026-08-19 12:19:28.221,0.00,0.00,0,0.0,0.0,0.000,0.0,0,HAYIR,HAYIR
2026-08-19 12:19:28.242,0.00,0.00,0,0.0,0.0,0.000,0.0,0,HAYIR,HAYIR
2026-08-19 12:19:28.262,0.00,0.00,0,0.0,0.0,0.000,0.0,0,HAYIR,HAYIR
2026-08-19 12:19:28.281,0.00,0.00,0,0.0,0.0,0.000,0.0,0,HAYIR,HAYIR
2026-08-19 12:19:28.301,0.00,0.00,0,0.0,0.0,0.000,0.0,0,HAYIR,HAYIR
2026-08-19 12:19:28.322,0.00,0.00,0,0.0,0.0,0.000,0.0,0,HAYIR,HAYIR
2026-08-19 12:19:28.342,0.00,0.00,0,0.0,0.0,0.000,0.0,0,HAYIR,HAYIR
2026-08-19 12:19:28.361,0.00,0.00,0,0.0,0.0,0.000,0.0,0,HAYIR,HAYIR
2026-08-19 12:19:28.382,0.00,0.00,0,0.0,0.0,0.000,0.0,0,HAYIR,HAYIR
2026-08-19 12:19:28.401,0.00,0.00,0,0.0,0.0,0.000,0.0,0,HAYIR,HAYIR
2026-08-19 12:19:28.421,0.00,0.00,0,0.0,0.0,0.000,0.0,0,HAYIR,HAYIR
2026-08-19 12:19:28.441,0.00,0.00,0,0.0,0.0,0.000,0.0,0,HAYIR,HAYIR
2026-08-19 12:19:28.461,0.00,0.00,0,0.0,0.0,0.000,0.0,0,HAYIR,HAYIR
2026-08-19 12:19:28.481,0.00,0.00,0,0.0,0.0,0.000,0.0,0,HAYIR,HAYIR
2026-08-19 12:19:28.501,0.00,0.00,0,0.0,0.0,0.000,0.0,0,HAYIR,HAYIR
2026-08-19 12:19:28.522,0.00,0.00,0,0.0,0.0,0.000,0.0,0,HAYIR,HAYIR
2026-08-19 12:19:28.542,0.00,0.00,0,0.0,0.0,0.000,0.0,0,HAYIR,HAYIR
2026-08-19 12:19:28.561,0.00,0.00,0,0.0,0.0,0.000,0.0,0,HAYIR,HAYIR
2026-08-19 12:19:28.581,0.00,0.00,0,0.0,0.0,0.000,0.0,0,HAYIR,HAYIR
2026-08-19 12:19:28.601,0.00,0.00,0,0.0,0.0,0.000,0.0,0,HAYIR,HAYIR
2026-08-19 12:19:28.622,0.00,0.00,0,0.0,0.0,0.000,0.0,0,HAYIR,HAYIR
2026-08-19 12:19:28.642,0.00,0.00,0,0.0,0.0,0.000,0.0,0,HAYIR,HAYIR
2026-08-19 12:19:28.661,0.00,0.00,0,0.0,0.0,0.000,0.0,0,HAYIR,HAYIR
2026-08-19 12:19:28.682,0.00,0.00,0,0.0,0.0,0.000,0.0,0,HAYIR,HAYIR
2026-08-19 12:19:28.701,0.00,0.00,0,0.0,0.0,0.000,0.0,0,HAYIR,HAYIR
2026-08-19 12:19:28.722,0.00,0.00,0,0.0,0.0,0.000,0.0,0,HAYIR,HAYIR
2026-08-19 12:19:28.741,0.00,0.00,0,0.0,0.0,0.000,0.0,0,HAYIR,HAYIR
2026-08-19 12:19:28.761,0.00,0.00,0,0.0,0.0,0.000,0.0,0,HAYIR,HAYIR
2026-08-19 12:19:28.781,0.00,0.00,0,0.0,0.0,0.000,0.0,0,HAYIR,HAYIR
2026-08-19 12:19:28.802,0.00,0.00,0,0.0,0.0,0.000,0.0,0,HAYIR,HAYIR
2026-08-19 12:19:28.821,0.00,0.00,0,0.0,0.0,0.000,0.0,0,HAYIR,HAYIR
2026-08-19 12:19:28.841,0.00,0.00,0,0.0,0.0,0.000,0.0,0,HAYIR,HAYIR
2026-08-19 12:19:28.861,0.00,0.00,0,0.0,0.0,0.000,0.0,0,HAYIR,HAYIR
2026-08-19 12:19:28.881,0.00,0.00,0,0.0,0.0,0.000,0.0,0,HAYIR,HAYIR
2026-08-19 12:19:28.901,0.00,0.00,0,0.0,0.0,0.000,0.0,0,HAYIR,HAYIR
2026-08-19 12:19:28.921,0.00,0.00,0,0.0,0.0,0.000,0.0,0,HAYIR,HAYIR
2026-08-19 12:19:28.941,0.00,0.00,0,0.0,0.0,0.000,0.0,0,HAYIR,HAYIR
2026-08-19 12:19:28.961,0.00,0.00,0,0.0,0.0,0.000,0.0,0,HAYIR,HAYIR
2026-08-19 12:19:28.981,0.00,0.00,0,0.0,0.0,0.000,0.0,0,HAYIR,HAYIR
2026-08-19 12:19:29.001,0.00,0.00,0,0.0,0.0,0.000,0.0,0,HAYIR,HAYIR
2026-08-19 12:19:29.021,0.00,0.00,0,0.0,0.0,0.000,0.0,0,HAYIR,HAYIR
2026-08-19 12:19:29.041,0.00,0.00,0,0.0,0.0,0.000,0.0,0,HAYIR,HAYIR
2026-08-19 12:19:29.062,0.00,0.00,0,0.0,0.0,0.000,0.0,0,HAYIR,HAYIR
2026-08-19 12:19:29.081,0.00,0.00,0,0.0,0.0,0.000,0.0,0,HAYIR,HAYIR
2026-08-19 12:19:29.101,0.00,0.00,0,0.0,0.0,0.000,0.0,0,HAYIR,HAYIR
2026-08-19 12:19:29.121,0.00,0.00,0,0.0,0.0,0.000,0.0,0,HAYIR,HAYIR
2026-08-19 12:19:29.142,0.00,0.00,0,0.0,0.0,0.000,0.0,0,HAYIR,HAYIR
2026-08-19 12:19:29.161,0.00,0.00,0,0.0,0.0,0.000,0.0,0,HAYIR,HAYIR
2026-08-19 12:19:29.181,0.00,0.00,0,0.0,0.0,0.000,0.0,0,HAYIR,HAYIR
2026-08-19 12:19:29.201,0.00,0.00,0,0.0,0.0,0.000,0.0,0,HAYIR,HAYIR
2026-08-19 12:19:29.221,0.00,0.00,0,0.0,0.0,0.000,0.0,0,HAYIR,HAYIR
2026-08-19 12:19:29.241,0.00,0.00,0,0.0,0.0,0.000,0.0,0,HAYIR,HAYIR
2026-08-19 12:19:29.261,0.00,0.00,0,0.0,0.0,0.000,0.0,0,HAYIR,HAYIR
2026-08-19 12:19:29.281,0.00,0.00,0,0.0,0.0,0.000,0.0,0,HAYIR,HAYIR
2026-08-19 12:19:29.301,0.00,0.00,0,0.0,0.0,0.000,0.0,0,HAYIR,HAYIR
2026-08-19 12:19:29.321,0.00,0.00,0,0.0,0.0,0.000,0.0,0,HAYIR,HAYIR
2026-08-19 12:19:29.342,0.00,0.00,0,0.0,0.0,0.000,0.0,0,HAYIR,HAYIR
2026-08-19 12:19:29.361,0.00,0.00,0,0.0,0.0,0.000,0.0,0,HAYIR,HAYIR
2026-08-19 12:19:29.381,0.00,0.00,0,0.0,0.0,0.000,0.0,0,HAYIR,HAYIR
2026-08-19 12:19:29.401,0.00,0.00,0,0.0,0.0,0.000,0.0,0,HAYIR,HAYIR
2026-08-19 12:19:29.421,0.00,0.00,0,0.0,0.0,0.000,0.0,0,HAYIR,HAYIR
2026-08-19 12:19:29.442,0.00,0.00,0,0.0,0.0,0.000,0.0,0,HAYIR,HAYIR
2026-08-19 12:19:29.461,0.00,0.00,0,0.0,0.0,0.000,0.0,0,HAYIR,HAYIR
2026-08-19 12:19:29.481,0.00,0.00,0,0.0,0.0,0.000,0.0,0,HAYIR,HAYIR
2026-08-19 12:19:29.501,0.00,0.00,0,0.0,0.0,0.000,0.0,0,HAYIR,HAYIR
2026-08-19 12:19:29.521,0.00,0.00,0,0.0,0.0,0.000,0.0,0,HAYIR,HAYIR
2026-08-19 12:19:29.542,0.00,0.00,0,0.0,0.0,0.000,0.0,0,HAYIR,HAYIR
2026-08-19 12:19:29.561,0.00,0.00,0,0.0,0.0,0.000,0.0,0,HAYIR,HAYIR
2026-08-19 12:19:29.581,0.00,0.00,0,0.0,0.0,0.000,0.0,0,HAYIR,HAYIR
2026-08-19 12:19:29.601,0.00,0.00,0,0.0,0.0,0.000,0.0,0,HAYIR,HAYIR
2026-08-19 12:19:29.621,0.00,0.00,0,0.0,0.0,0.000,0.0,0,HAYIR,HAYIR
2026-08-19 12:19:29.642,0.00,0.00,0,0.0,0.0,0.000,0.0,0,HAYIR,HAYIR
2026-08-19 12:19:29.661,0.00,0.00,0,0.0,0.0,0.000,0.0,0,HAYIR,HAYIR
2026-08-19 12:19:29.682,0.00,0.00,0,0.0,0.0,0.000,0.0,0,HAYIR,HAYIR
2026-08-19 12:19:29.701,0.00,0.00,0,0.0,0.0,0.000,0.0,0,HAYIR,HAYIR
2026-08-19 12:19:29.722,0.00,0.00,0,0.0,0.0,0.000,0.0,0,HAYIR,HAYIR
2026-08-19 12:19:29.742,0.00,0.00,0,0.0,0.0,0.000,0.0,0,HAYIR,HAYIR
2026-08-19 12:19:29.761,0.00,0.00,0,0.0,0.0,0.000,0.0,0,HAYIR,HAYIR
2026-08-19 12:19:29.781,0.00,0.00,0,0.0,0.0,0.000,0.0,0,HAYIR,HAYIR
2026-08-19 12:19:29.801,0.00,0.00,0,0.0,0.0,0.000,0.0,0,HAYIR,HAYIR
2026-08-19 12:19:29.821,0.00,0.00,0,0.0,0.0,0.000,0.0,0,HAYIR,HAYIR
2026-08-19 12:19:29.841,0.00,0.00,0,0.0,0.0,0.000,0.0,0,HAYIR,HAYIR
2026-08-19 12:19:29.861,0.00,0.00,0,0.0,0.0,0.000,0.0,0,HAYIR,HAYIR
2026-08-19 12:19:29.881,0.00,0.00,0,0.0,0.0,0.000,0.0,0,HAYIR,HAYIR
2026-08-19 12:19:29.901,0.00,0.00,0,0.0,0.0,0.000,0.0,0,HAYIR,HAYIR
2026-08-19 12:19:29.922,0.00,0.00,0,0.0,0.0,0.000,0.0,0,HAYIR,HAYIR
2026-08-19 12:19:29.941,0.00,0.00,0,0.0,0.0,0.000,0.0,0,HAYIR,HAYIR
2026-08-19 12:19:29.961,0.00,0.00,0,0.0,0.0,0.000,0.0,0,HAYIR,HAYIR
2026-08-19 12:19:29.981,0.00,0.00,0,0.0,0.0,0.000,0.0,0,HAYIR,HAYIR
2026-08-19 12:19:30.002,0.00,0.00,0,0.0,0.0,0.000,0.0,0,HAYIR,HAYIR
2026-08-19 12:19:30.021,0.00,0.00,0,0.0,0.0,0.000,0.0,0,HAYIR,HAYIR
2026-08-19 12:19:30.042,0.00,0.00,0,0.0,0.0,0.000,0.0,0,HAYIR,HAYIR
2026-08-19 12:19:30.061,0.00,0.00,0,0.0,0.0,0.000,0.0,0,HAYIR,HAYIR
2026-08-19 12:19:30.081,0.00,0.00,0,0.0,0.0,0.000,0.0,0,HAYIR,HAYIR
2026-08-19 12:19:30.102,0.00,0.00,0,0.0,0.0,0.000,0.0,0,HAYIR,HAYIR
2026-08-19 12:19:30.122,0.00,0.00,0,0.0,0.0,0.000,0.0,0,HAYIR,HAYIR
2026-08-19 12:19:30.142,0.00,0.00,0,0.0,0.0,0.000,0.0,0,HAYIR,HAYIR
2026-08-19 12:19:30.161,0.00,0.00,0,0.0,0.0,0.000,0.0,0,HAYIR,HAYIR
2026-08-19 12:19:30.181,0.00,0.00,0,0.0,0.0,0.000,0.0,0,HAYIR,HAYIR
2026-08-19 12:19:30.201,0.00,0.00,0,0.0,0.0,0.000,0.0,0,HAYIR,HAYIR
2026-08-19 12:19:30.221,0.00,0.00,0,0.0,0.0,0.000,0.0,0,HAYIR,HAYIR
2026-08-19 12:19:30.241,0.00,0.00,0,0.0,0.0,0.000,0.0,0,HAYIR,HAYIR
2026-08-19 12:19:30.261,0.00,0.00,0,0.0,0.0,0.000,0.0,0,HAYIR,HAYIR
2026-08-19 12:19:30.281,0.00,0.00,0,0.0,0.0,0.000,0.0,0,HAYIR,HAYIR
2026-08-19 12:19:30.301,0.00,0.00,0,0.0,0.0,0.000,0.0,0,HAYIR,HAYIR
2026-08-19 12:19:30.321,0.00,0.00,0,0.0,0.0,0.000,0.0,0,HAYIR,HAYIR
2026-08-19 12:19:30.342,0.00,0.00,0,0.0,0.0,0.000,0.0,0,HAYIR,HAYIR
2026-08-19 12:19:30.361,0.00,0.00,0,0.0,0.0,0.000,0.0,0,HAYIR,HAYIR
2026-08-19 12:19:30.381,0.00,0.00,0,0.0,0.0,0.000,0.0,0,HAYIR,HAYIR
2026-08-19 12:19:30.401,0.00,0.00,0,0.0,0.0,0.000,0.0,0,HAYIR,HAYIR
2026-08-19 12:19:30.421,0.00,0.00,0,0.0,0.0,0.000,0.0,0,HAYIR,HAYIR
2026-08-19 12:19:30.441,0.00,0.00,0,0.0,0.0,0.000,0.0,0,HAYIR,HAYIR
2026-08-19 12:19:30.461,0.00,0.00,0,0.0,0.0,0.000,0.0,0,HAYIR,HAYIR
2026-08-19 12:19:30.481,0.00,0.00,0,0.0,0.0,0.000,0.0,0,HAYIR,HAYIR
2026-08-19 12:19:30.501,0.00,0.00,0,0.0,0.0,0.000,0.0,0,HAYIR,HAYIR
2026-08-19 12:19:30.521,0.00,0.00,0,0.0,0.0,0.000,0.0,0,HAYIR,HAYIR
2026-08-19 12:19:30.542,0.00,0.00,0,0.0,0.0,0.000,0.0,0,HAYIR,HAYIR
2026-08-19 12:19:30.561,0.00,0.00,0,0.0,0.0,0.000,0.0,0,HAYIR,HAYIR
2026-08-19 12:19:30.581,0.00,0.00,0,0.0,0.0,0.000,0.0,0,HAYIR,HAYIR
2026-08-19 12:19:30.601,0.00,0.00,0,0.0,0.0,0.000,0.0,0,HAYIR,HAYIR
2026-08-19 12:19:30.621,0.00,0.00,0,0.0,0.0,0.000,0.0,0,HAYIR,HAYIR
2026-08-19 12:19:30.642,0.00,0.00,0,0.0,0.0,0.000,0.0,0,HAYIR,HAYIR
2026-08-19 12:19:30.662,0.00,0.00,0,0.0,0.0,0.000,0.0,0,HAYIR,HAYIR
2026-08-19 12:19:30.682,0.00,0.00,0,0.0,0.0,0.000,0.0,0,HAYIR,HAYIR
2026-08-19 12:19:30.701,0.00,0.00,0,0.0,0.0,0.000,0.0,0,HAYIR,HAYIR
2026-08-19 12:19:30.722,0.00,0.00,0,0.0,0.0,0.000,0.0,0,HAYIR,HAYIR
2026-08-19 12:19:30.742,0.00,0.00,0,0.0,0.0,0.000,0.0,0,HAYIR,HAYIR
2026-08-19 12:19:30.761,0.00,0.00,0,0.0,0.0,0.000,0.0,0,HAYIR,HAYIR
2026-08-19 12:19:30.782,0.00,0.00,0,0.0,0.0,0.000,0.0,0,HAYIR,HAYIR
2026-08-19 12:19:30.802,0.00,0.00,0,0.0,0.0,0.000,0.0,0,HAYIR,HAYIR
2026-08-19 12:19:30.821,0.00,0.00,0,0.0,0.0,0.000,0.0,0,HAYIR,HAYIR
2026-08-19 12:19:30.842,0.00,0.00,0,0.0,0.0,0.000,0.0,0,HAYIR,HAYIR
2026-08-19 12:19:30.861,0.00,0.00,0,0.0,0.0,0.000,0.0,0,HAYIR,HAYIR
2026-08-19 12:19:30.881,0.00,0.00,0,0.0,0.0,0.000,0.0,0,HAYIR,HAYIR
2026-08-19 12:19:30.902,0.00,0.00,0,0.0,0.0,0.000,0.0,0,HAYIR,HAYIR
2026-08-19 12:19:30.921,0.00,0.00,0,0.0,0.0,0.000,0.0,0,HAYIR,HAYIR
2026-08-19 12:19:30.942,0.00,0.00,0,0.0,0.0,0.000,0.0,0,HAYIR,HAYIR
2026-08-19 12:19:30.961,0.00,0.00,0,0.0,0.0,0.000,0.0,0,HAYIR,HAYIR
2026-08-19 12:19:30.981,0.00,0.00,0,0.0,0.0,0.000,0.0,0,HAYIR,HAYIR
2026-08-19 12:19:31.002,0.00,0.00,0,0.0,0.0,0.000,0.0,0,HAYIR,HAYIR
2026-08-19 12:19:31.021,0.00,0.00,0,0.0,0.0,0.000,0.0,0,HAYIR,HAYIR
2026-08-19 12:19:31.042,0.00,0.00,0,0.0,0.0,0.000,0.0,0,HAYIR,HAYIR
2026-08-19 12:19:31.061,0.00,0.00,0,0.0,0.0,0.000,0.0,0,HAYIR,HAYIR
2026-08-19 12:19:31.081,0.00,0.00,0,0.0,0.0,0.000,0.0,0,HAYIR,HAYIR
2026-08-19 12:19:31.101,0.00,0.00,0,0.0,0.0,0.000,0.0,0,HAYIR,HAYIR
2026-08-19 12:19:31.122,0.00,0.00,0,0.0,0.0,0.000,0.0,0,HAYIR,HAYIR
2026-08-19 12:19:31.142,0.00,0.00,0,0.0,0.0,0.000,0.0,0,HAYIR,HAYIR
2026-08-19 12:19:31.161,0.00,0.00,0,0.0,0.0,0.000,0.0,0,HAYIR,HAYIR
2026-08-19 12:19:31.181,0.00,0.00,0,0.0,0.0,0.000,0.0,0,HAYIR,HAYIR
2026-08-19 12:19:31.202,0.00,0.00,0,0.0,0.0,0.000,0.0,0,HAYIR,HAYIR
2026-08-19 12:19:31.221,0.00,0.00,0,0.0,0.0,0.000,0.0,0,HAYIR,HAYIR
2026-08-19 12:19:31.241,0.00,0.00,0,0.0,0.0,0.000,0.0,0,HAYIR,HAYIR
2026-08-19 12:19:31.262,0.00,0.00,0,0.0,0.0,0.000,0.0,0,HAYIR,HAYIR
2026-08-19 12:19:31.281,0.00,0.00,0,0.0,0.0,0.000,0.0,0,HAYIR,HAYIR
2026-08-19 12:19:31.301,0.00,0.00,0,0.0,0.0,0.000,0.0,0,HAYIR,HAYIR
2026-08-19 12:19:31.322,0.00,0.00,0,0.0,0.0,0.000,0.0,0,HAYIR,HAYIR
2026-08-19 12:19:31.342,0.00,0.00,0,0.0,0.0,0.000,0.0,0,HAYIR,HAYIR
2026-08-19 12:19:31.362,0.00,0.00,0,0.0,0.0,0.000,0.0,0,HAYIR,HAYIR
2026-08-19 12:19:31.381,0.00,0.00,0,0.0,0.0,0.000,0.0,0,HAYIR,HAYIR
2026-08-19 12:19:31.401,0.00,0.00,0,0.0,0.0,0.000,0.0,0,HAYIR,HAYIR
2026-08-19 12:19:31.421,0.00,0.00,0,0.0,0.0,0.000,0.0,0,HAYIR,HAYIR
2026-08-19 12:19:31.441,0.00,0.00,0,0.0,0.0,0.000,0.0,0,HAYIR,HAYIR
2026-08-19 12:19:31.461,0.00,0.00,0,0.0,0.0,0.000,0.0,0,HAYIR,HAYIR
2026-08-19 12:19:31.481,0.00,0.00,0,0.0,0.0,0.000,0.0,0,HAYIR,HAYIR
2026-08-19 12:19:31.501,0.00,0.00,0,0.0,0.0,0.000,0.0,0,HAYIR,HAYIR
2026-08-19 12:19:31.521,0.00,0.00,0,0.0,0.0,0.000,0.0,0,HAYIR,HAYIR
2026-08-19 12:19:31.541,0.00,0.00,0,0.0,0.0,0.000,0.0,0,HAYIR,HAYIR
2026-08-19 12:19:31.561,0.00,0.00,0,0.0,0.0,0.000,0.0,0,HAYIR,HAYIR
2026-08-19 12:19:31.581,0.00,0.00,0,0.0,0.0,0.000,0.0,0,HAYIR,HAYIR
2026-08-19 12:19:31.601,0.00,0.00,0,0.0,0.0,0.000,0.0,0,HAYIR,HAYIR
2026-08-19 12:19:31.622,0.00,0.00,0,0.0,0.0,0.000,0.0,0,HAYIR,HAYIR
2026-08-19 12:19:31.642,0.00,0.00,0,0.0,0.0,0.000,0.0,0,HAYIR,HAYIR
2026-08-19 12:19:31.662,0.00,0.00,0,0.0,0.0,0.000,0.0,0,HAYIR,HAYIR
2026-08-19 12:19:31.681,0.00,0.00,0,0.0,0.0,0.000,0.0,0,HAYIR,HAYIR
2026-08-19 12:19:31.701,0.00,0.00,0,0.0,0.0,0.000,0.0,0,HAYIR,HAYIR
2026-08-19 12:19:31.721,0.00,0.00,0,0.0,0.0,0.000,0.0,0,HAYIR,HAYIR
2026-08-19 12:19:31.741,0.00,0.00,0,0.0,0.0,0.000,0.0,0,HAYIR,HAYIR
2026-08-19 12:19:31.761,0.00,0.00,0,0.0,0.0,0.000,0.0,0,HAYIR,HAYIR
2026-08-19 12:19:31.781,0.00,0.00,0,0.0,0.0,0.000,0.0,0,HAYIR,HAYIR
2026-08-19 12:19:31.802,0.00,0.00,0,0.0,0.0,0.000,0.0,0,HAYIR,HAYIR
2026-08-19 12:19:31.821,0.00,0.00,0,0.0,0.0,0.000,0.0,0,HAYIR,HAYIR
2026-08-19 12:19:31.841,0.00,0.00,0,0.0,0.0,0.000,0.0,0,HAYIR,HAYIR
2026-08-19 12:19:31.862,0.00,0.00,0,0.0,0.0,0.000,0.0,0,HAYIR,HAYIR
2026-08-19 12:19:31.882,0.00,0.00,0,0.0,0.0,0.000,0.0,0,HAYIR,HAYIR
2026-08-19 12:19:31.901,0.00,0.00,0,0.0,0.0,0.000,0.0,0,HAYIR,HAYIR
2026-08-19 12:19:31.922,0.00,0.00,0,0.0,0.0,0.000,0.0,0,HAYIR,HAYIR
2026-08-19 12:19:31.942,0.00,0.00,0,0.0,0.0,0.000,0.0,0,HAYIR,HAYIR
2026-08-19 12:19:31.961,0.00,0.00,0,0.0,0.0,0.000,0.0,0,HAYIR,HAYIR
2026-08-19 12:19:31.981,0.00,0.00,0,0.0,0.0,0.000,0.0,0,HAYIR,HAYIR
2026-08-19 12:19:32.001,0.00,0.00,0,0.0,0.0,0.000,0.0,0,HAYIR,HAYIR
2026-08-19 12:19:32.021,0.00,0.00,0,0.0,0.0,0.000,0.0,0,HAYIR,HAYIR
2026-08-19 12:19:32.042,0.00,0.00,0,0.0,0.0,0.000,0.0,0,HAYIR,HAYIR
2026-08-19 12:19:32.062,0.00,0.00,0,0.0,0.0,0.000,0.0,0,HAYIR,HAYIR
2026-08-19 12:19:32.081,0.00,0.00,0,0.0,0.0,0.000,0.0,0,HAYIR,HAYIR
2026-08-19 12:19:32.101,0.00,0.00,0,0.0,0.0,0.000,0.0,0,HAYIR,HAYIR
2026-08-19 12:19:32.122,0.00,0.00,0,0.0,0.0,0.000,0.0,0,HAYIR,HAYIR
2026-08-19 12:19:32.142,0.00,0.00,0,0.0,0.0,0.000,0.0,0,HAYIR,HAYIR
2026-08-19 12:19:32.161,0.00,0.00,0,0.0,0.0,0.000,0.0,0,HAYIR,HAYIR
2026-08-19 12:19:32.181,0.00,0.00,0,0.0,0.0,0.000,0.0,0,HAYIR,HAYIR
2026-08-19 12:19:32.202,0.00,0.00,0,0.0,0.0,0.000,0.0,0,HAYIR,HAYIR
2026-08-19 12:19:32.221,0.00,0.00,0,0.0,0.0,0.000,0.0,0,HAYIR,HAYIR
2026-08-19 12:19:32.241,0.00,0.00,0,0.0,0.0,0.000,0.0,0,HAYIR,HAYIR
2026-08-19 12:19:32.261,0.00,0.00,0,0.0,0.0,0.000,0.0,0,HAYIR,HAYIR
2026-08-19 12:19:32.281,0.00,0.00,0,0.0,0.0,0.000,0.0,0,HAYIR,HAYIR
2026-08-19 12:19:32.301,0.00,0.00,0,0.0,0.0,0.000,0.0,0,HAYIR,HAYIR
2026-08-19 12:19:32.322,0.00,0.00,0,0.0,0.0,0.000,0.0,0,HAYIR,HAYIR
2026-08-19 12:19:32.342,0.00,0.00,0,0.0,0.0,0.000,0.0,0,HAYIR,HAYIR
2026-08-19 12:19:32.361,0.00,0.00,0,0.0,0.0,0.000,0.0,0,HAYIR,HAYIR
2026-08-19 12:19:32.381,0.00,0.00,0,0.0,0.0,0.000,0.0,0,HAYIR,HAYIR
2026-08-19 12:19:32.401,0.00,0.00,0,0.0,0.0,0.000,0.0,0,HAYIR,HAYIR
2026-08-19 12:19:32.421,0.00,0.00,0,0.0,0.0,0.000,0.0,0,HAYIR,HAYIR
2026-08-19 12:19:32.441,0.00,0.00,0,0.0,0.0,0.000,0.0,0,HAYIR,HAYIR
2026-08-19 12:19:32.461,0.00,0.00,0,0.0,0.0,0.000,0.0,0,HAYIR,HAYIR
2026-08-19 12:19:32.481,0.00,0.00,0,0.0,0.0,0.000,0.0,0,HAYIR,HAYIR
2026-08-19 12:19:32.501,0.00,0.00,0,0.0,0.0,0.000,0.0,0,HAYIR,HAYIR
2026-08-19 12:19:32.521,0.00,0.00,0,0.0,0.0,0.000,0.0,0,HAYIR,HAYIR
2026-08-19 12:19:32.542,0.00,0.00,0,0.0,0.0,0.000,0.0,0,HAYIR,HAYIR
2026-08-19 12:19:32.561,0.00,0.00,0,0.0,0.0,0.000,0.0,0,HAYIR,HAYIR
2026-08-19 12:19:32.581,0.00,0.00,0,0.0,0.0,0.000,0.0,0,HAYIR,HAYIR
2026-08-19 12:19:32.601,0.00,0.00,0,0.0,0.0,0.000,0.0,0,HAYIR,HAYIR
2026-08-19 12:19:32.622,0.00,0.00,0,0.0,0.0,0.000,0.0,0,HAYIR,HAYIR
2026-08-19 12:19:32.641,0.00,0.00,0,0.0,0.0,0.000,0.0,0,HAYIR,HAYIR
2026-08-19 12:19:32.661,0.00,0.00,0,0.0,0.0,0.000,0.0,0,HAYIR,HAYIR
2026-08-19 12:19:32.681,0.00,0.00,0,0.0,0.0,0.000,0.0,0,HAYIR,HAYIR
2026-08-19 12:19:32.702,0.00,0.00,0,0.0,0.0,0.000,0.0,0,HAYIR,HAYIR
2026-08-19 12:19:32.722,0.00,0.00,0,0.0,0.0,0.000,0.0,0,HAYIR,HAYIR
2026-08-19 12:19:32.742,0.00,0.00,0,0.0,0.0,0.000,0.0,0,HAYIR,HAYIR
2026-08-19 12:19:32.761,0.00,0.00,0,0.0,0.0,0.000,0.0,0,HAYIR,HAYIR
2026-08-19 12:19:32.781,0.00,0.00,0,0.0,0.0,0.000,0.0,0,HAYIR,HAYIR
2026-08-19 12:19:32.802,0.00,0.00,0,0.0,0.0,0.000,0.0,0,HAYIR,HAYIR
2026-08-19 12:19:32.821,0.00,0.00,0,0.0,0.0,0.000,0.0,0,HAYIR,HAYIR
2026-08-19 12:19:32.841,0.00,0.00,0,0.0,0.0,0.000,0.0,0,HAYIR,HAYIR
2026-08-19 12:19:32.861,0.00,0.00,0,0.0,0.0,0.000,0.0,0,HAYIR,HAYIR
2026-08-19 12:19:32.881,0.00,0.00,0,0.0,0.0,0.000,0.0,0,HAYIR,HAYIR
2026-08-19 12:19:32.901,0.00,0.00,0,0.0,0.0,0.000,0.0,0,HAYIR,HAYIR
2026-08-19 12:19:32.922,0.00,0.00,0,0.0,0.0,0.000,0.0,0,HAYIR,HAYIR
2026-08-19 12:19:32.942,0.00,0.00,0,0.0,0.0,0.000,0.0,0,HAYIR,HAYIR
2026-08-19 12:19:32.961,0.00,0.00,0,0.0,0.0,0.000,0.0,0,HAYIR,HAYIR
2026-08-19 12:19:32.981,0.00,0.00,0,0.0,0.0,0.000,0.0,0,HAYIR,HAYIR
2026-08-19 12:19:33.002,0.00,0.00,0,0.0,0.0,0.000,0.0,0,HAYIR,HAYIR
2026-08-19 12:19:33.021,0.00,0.00,0,0.0,0.0,0.000,0.0,0,HAYIR,HAYIR
2026-08-19 12:19:33.042,0.00,0.00,0,0.0,0.0,0.000,0.0,0,HAYIR,HAYIR
2026-08-19 12:19:33.062,0.00,0.00,0,0.0,0.0,0.000,0.0,0,HAYIR,HAYIR
2026-08-19 12:19:33.081,0.00,0.00,0,0.0,0.0,0.000,0.0,0,HAYIR,HAYIR
2026-08-19 12:19:33.101,0.00,0.00,0,0.0,0.0,0.000,0.0,0,HAYIR,HAYIR
2026-08-19 12:19:33.122,0.00,0.00,0,0.0,0.0,0.000,0.0,0,HAYIR,HAYIR
2026-08-19 12:19:33.142,0.00,0.00,0,0.0,0.0,0.000,0.0,0,HAYIR,HAYIR
2026-08-19 12:19:33.161,0.00,0.00,0,0.0,0.0,0.000,0.0,0,HAYIR,HAYIR
2026-08-19 12:19:33.181,0.00,0.00,0,0.0,0.0,0.000,0.0,0,HAYIR,HAYIR
2026-08-19 12:19:33.201,0.00,0.00,0,0.0,0.0,0.000,0.0,0,HAYIR,HAYIR
2026-08-19 12:19:33.221,0.00,0.00,0,0.0,0.0,0.000,0.0,0,HAYIR,HAYIR
2026-08-19 12:19:33.241,0.00,0.00,0,0.0,0.0,0.000,0.0,0,HAYIR,HAYIR
2026-08-19 12:19:33.261,0.00,0.00,0,0.0,0.0,0.000,0.0,0,HAYIR,HAYIR
2026-08-19 12:19:33.282,0.00,0.00,0,0.0,0.0,0.000,0.0,0,HAYIR,HAYIR
2026-08-19 12:19:33.301,0.00,0.00,0,0.0,0.0,0.000,0.0,0,HAYIR,HAYIR
2026-08-19 12:19:33.322,0.00,0.00,0,0.0,0.0,0.000,0.0,0,HAYIR,HAYIR
2026-08-19 12:19:33.342,0.00,0.00,0,0.0,0.0,0.000,0.0,0,HAYIR,HAYIR
2026-08-19 12:19:33.361,0.00,0.00,0,0.0,0.0,0.000,0.0,0,HAYIR,HAYIR
2026-08-19 12:19:33.381,0.00,0.00,0,0.0,0.0,0.000,0.0,0,HAYIR,HAYIR
2026-08-19 12:19:33.402,0.00,0.00,0,0.0,0.0,0.000,0.0,0,HAYIR,HAYIR
2026-08-19 12:19:33.421,0.00,0.00,0,0.0,0.0,0.000,0.0,0,HAYIR,HAYIR
2026-08-19 12:19:33.442,0.00,0.00,0,0.0,0.0,0.000,0.0,0,HAYIR,HAYIR
2026-08-19 12:19:33.461,0.00,0.00,0,0.0,0.0,0.000,0.0,0,HAYIR,HAYIR
2026-08-19 12:19:33.481,0.00,0.00,0,0.0,0.0,0.000,0.0,0,HAYIR,HAYIR
2026-08-19 12:19:33.501,0.00,0.00,0,0.0,0.0,0.000,0.0,0,HAYIR,HAYIR
2026-08-19 12:19:33.521,0.00,0.00,0,0.0,0.0,0.000,0.0,0,HAYIR,HAYIR
2026-08-19 12:19:33.542,0.00,0.00,0,0.0,0.0,0.000,0.0,0,HAYIR,HAYIR
2026-08-19 12:19:33.561,0.00,0.00,0,0.0,0.0,0.000,0.0,0,HAYIR,HAYIR
2026-08-19 12:19:33.581,0.00,0.00,0,0.0,0.0,0.000,0.0,0,HAYIR,HAYIR
2026-08-19 12:19:33.602,0.00,0.00,0,0.0,0.0,0.000,0.0,0,HAYIR,HAYIR
2026-08-19 12:19:33.621,0.00,0.00,0,0.0,0.0,0.000,0.0,0,HAYIR,HAYIR
2026-08-19 12:19:33.642,0.00,0.00,0,0.0,0.0,0.000,0.0,0,HAYIR,HAYIR
2026-08-19 12:19:33.661,0.00,0.00,0,0.0,0.0,0.000,0.0,0,HAYIR,HAYIR
2026-08-19 12:19:33.681,0.00,0.00,0,0.0,0.0,0.000,0.0,0,HAYIR,HAYIR
2026-08-19 12:19:33.701,0.00,0.00,0,0.0,0.0,0.000,0.0,0,HAYIR,HAYIR
2026-08-19 12:19:33.722,0.00,0.00,0,0.0,0.0,0.000,0.0,0,HAYIR,HAYIR
2026-08-19 12:19:33.742,0.00,0.00,0,0.0,0.0,0.000,0.0,0,HAYIR,HAYIR
2026-08-19 12:19:33.761,0.00,0.00,0,0.0,0.0,0.000,0.0,0,HAYIR,HAYIR
2026-08-19 12:19:33.781,0.00,0.00,0,0.0,0.0,0.000,0.0,0,HAYIR,HAYIR
2026-08-19 12:19:33.802,0.00,0.00,0,0.0,0.0,0.000,0.0,0,HAYIR,HAYIR
2026-08-19 12:19:33.821,0.00,0.00,0,0.0,0.0,0.000,0.0,0,HAYIR,HAYIR
2026-08-19 12:19:33.842,0.00,0.00,0,0.0,0.0,0.000,0.0,0,HAYIR,HAYIR
2026-08-19 12:19:33.861,0.00,0.00,0,0.0,0.0,0.000,0.0,0,HAYIR,HAYIR
2026-08-19 12:19:33.882,0.00,0.00,0,0.0,0.0,0.000,0.0,0,HAYIR,HAYIR
2026-08-19 12:19:33.902,0.00,0.00,0,0.0,0.0,0.000,0.0,0,HAYIR,HAYIR
2026-08-19 12:19:33.922,0.00,0.00,0,0.0,0.0,0.000,0.0,0,HAYIR,HAYIR
2026-08-19 12:19:33.942,0.00,0.00,0,0.0,0.0,0.000,0.0,0,HAYIR,HAYIR
2026-08-19 12:19:33.961,0.00,0.00,0,0.0,0.0,0.000,0.0,0,HAYIR,HAYIR
2026-08-19 12:19:33.981,0.00,0.00,0,0.0,0.0,0.000,0.0,0,HAYIR,HAYIR
2026-08-19 12:19:34.001,0.00,0.00,0,0.0,0.0,0.000,0.0,0,HAYIR,HAYIR
2026-08-19 12:19:34.021,0.00,0.00,0,0.0,0.0,0.000,0.0,0,HAYIR,HAYIR
2026-08-19 12:19:34.041,0.00,0.00,0,0.0,0.0,0.000,0.0,0,HAYIR,HAYIR
2026-08-19 12:19:34.061,0.00,0.00,0,0.0,0.0,0.000,0.0,0,HAYIR,HAYIR
2026-08-19 12:19:34.081,0.00,0.00,0,0.0,0.0,0.000,0.0,0,HAYIR,HAYIR
2026-08-19 12:19:34.101,0.00,0.00,0,0.0,0.0,0.000,0.0,0,HAYIR,HAYIR
2026-08-19 12:19:34.122,0.00,0.00,0,0.0,0.0,0.000,0.0,0,HAYIR,HAYIR
2026-08-19 12:19:34.142,0.00,0.00,0,0.0,0.0,0.000,0.0,0,HAYIR,HAYIR
2026-08-19 12:19:34.161,0.00,0.00,0,0.0,0.0,0.000,0.0,0,HAYIR,HAYIR
2026-08-19 12:19:34.181,0.00,0.00,0,0.0,0.0,0.000,0.0,0,HAYIR,HAYIR
2026-08-19 12:19:34.202,0.00,0.00,0,0.0,0.0,0.000,0.0,0,HAYIR,HAYIR
2026-08-19 12:19:34.221,0.00,0.00,0,0.0,0.0,0.000,0.0,0,HAYIR,HAYIR
2026-08-19 12:19:34.241,0.00,0.00,0,0.0,0.0,0.000,0.0,0,HAYIR,HAYIR
2026-08-19 12:19:34.262,0.00,0.00,0,0.0,0.0,0.000,0.0,0,HAYIR,HAYIR
2026-08-19 12:19:34.282,0.00,0.00,0,0.0,0.0,0.000,0.0,0,HAYIR,HAYIR
2026-08-19 12:19:34.301,0.00,0.00,0,0.0,0.0,0.000,0.0,0,HAYIR,HAYIR
2026-08-19 12:19:34.322,0.00,0.00,0,0.0,0.0,0.000,0.0,0,HAYIR,HAYIR
2026-08-19 12:19:34.342,0.00,0.00,0,0.0,0.0,0.000,0.0,0,HAYIR,HAYIR
2026-08-19 12:19:34.361,0.00,0.00,0,0.0,0.0,0.000,0.0,0,HAYIR,HAYIR
2026-08-19 12:19:34.381,0.00,0.00,0,0.0,0.0,0.000,0.0,0,HAYIR,HAYIR
2026-08-19 12:19:34.401,0.00,0.00,0,0.0,0.0,0.000,0.0,0,HAYIR,HAYIR
2026-08-19 12:19:34.421,0.00,0.00,0,0.0,0.0,0.000,0.0,0,HAYIR,HAYIR
2026-08-19 12:19:34.441,0.00,0.00,0,0.0,0.0,0.000,0.0,0,HAYIR,HAYIR
2026-08-19 12:19:34.461,0.00,0.00,0,0.0,0.0,0.000,0.0,0,HAYIR,HAYIR
2026-08-19 12:19:34.481,0.00,0.00,0,0.0,0.0,0.000,0.0,0,HAYIR,HAYIR
2026-08-19 12:19:34.501,0.00,0.00,0,0.0,0.0,0.000,0.0,0,HAYIR,HAYIR
2026-08-19 12:19:34.521,0.00,0.00,0,0.0,0.0,0.000,0.0,0,HAYIR,HAYIR
2026-08-19 12:19:34.542,0.00,0.00,0,0.0,0.0,0.000,0.0,0,HAYIR,HAYIR
2026-08-19 12:19:34.561,0.00,0.00,0,0.0,0.0,0.000,0.0,0,HAYIR,HAYIR
2026-08-19 12:19:34.581,0.00,0.00,0,0.0,0.0,0.000,0.0,0,HAYIR,HAYIR
2026-08-19 12:19:34.601,0.00,0.00,0,0.0,0.0,0.000,0.0,0,HAYIR,HAYIR
2026-08-19 12:19:34.621,0.00,0.00,0,0.0,0.0,0.000,0.0,0,HAYIR,HAYIR
2026-08-19 12:19:34.641,0.00,0.00,0,0.0,0.0,0.000,0.0,0,HAYIR,HAYIR
2026-08-19 12:19:34.661,0.00,0.00,0,0.0,0.0,0.000,0.0,0,HAYIR,HAYIR
2026-08-19 12:19:34.681,0.00,0.00,0,0.0,0.0,0.000,0.0,0,HAYIR,HAYIR
2026-08-19 12:19:34.701,0.00,0.00,0,0.0,0.0,0.000,0.0,0,HAYIR,HAYIR
2026-08-19 12:19:34.721,0.00,0.00,0,0.0,0.0,0.000,0.0,0,HAYIR,HAYIR
2026-08-19 12:19:34.742,0.00,0.00,0,0.0,0.0,0.000,0.0,0,HAYIR,HAYIR
2026-08-19 12:19:34.761,0.00,0.00,0,0.0,0.0,0.000,0.0,0,HAYIR,HAYIR
2026-08-19 12:19:34.781,0.00,0.00,0,0.0,0.0,0.000,0.0,0,HAYIR,HAYIR
2026-08-19 12:19:34.802,0.00,0.00,0,0.0,0.0,0.000,0.0,0,HAYIR,HAYIR
2026-08-19 12:19:34.821,0.00,0.00,0,0.0,0.0,0.000,0.0,0,HAYIR,HAYIR
2026-08-19 12:19:34.841,0.00,0.00,0,0.0,0.0,0.000,0.0,0,HAYIR,HAYIR
2026-08-19 12:19:34.861,0.00,0.00,0,0.0,0.0,0.000,0.0,0,HAYIR,HAYIR
2026-08-19 12:19:34.881,0.00,0.00,0,0.0,0.0,0.000,0.0,0,HAYIR,HAYIR
2026-08-19 12:19:34.901,0.03,0.00,28,0.0,0.0,0.000,-0.0,0,HAYIR,HAYIR
2026-08-19 12:19:34.922,0.03,0.00,28,0.0,0.0,0.000,-0.0,0,HAYIR,HAYIR
2026-08-19 12:19:34.942,0.05,0.00,28,0.0,0.1,0.000,-0.0,0,HAYIR,HAYIR
2026-08-19 12:19:34.961,0.05,0.00,29,0.0,0.1,0.000,-0.0,0,HAYIR,HAYIR
2026-08-19 12:19:34.981,0.05,0.00,29,0.0,0.1,0.000,-0.0,0,HAYIR,HAYIR
2026-08-19 12:19:35.001,0.08,0.00,29,0.0,0.1,0.000,-0.0,0,HAYIR,HAYIR
2026-08-19 12:19:35.021,0.08,0.00,29,0.0,0.1,0.000,-0.0,0,HAYIR,HAYIR
2026-08-19 12:19:35.041,0.10,0.00,29,0.0,0.2,0.000,-0.0,0,HAYIR,HAYIR
2026-08-19 12:19:35.061,0.10,0.00,29,0.0,0.2,0.000,-0.0,0,HAYIR,HAYIR
2026-08-19 12:19:35.081,0.10,0.00,29,0.0,0.2,0.000,-0.0,0,HAYIR,HAYIR
2026-08-19 12:19:35.101,0.12,0.00,29,0.0,0.2,0.000,-0.0,0,HAYIR,HAYIR
2026-08-19 12:19:35.121,0.12,0.00,29,0.0,0.2,0.000,-0.0,0,HAYIR,HAYIR
2026-08-19 12:19:35.142,0.15,0.00,29,0.0,0.3,0.000,-0.0,0,HAYIR,HAYIR
2026-08-19 12:19:35.161,0.15,0.00,29,0.0,0.3,0.000,-0.0,0,HAYIR,HAYIR
2026-08-19 12:19:35.181,0.15,0.00,29,0.0,0.3,0.000,-0.0,0,HAYIR,HAYIR
2026-08-19 12:19:35.202,0.17,0.00,29,0.0,0.3,0.000,-0.0,0,HAYIR,HAYIR
2026-08-19 12:19:35.221,0.17,0.00,29,0.0,0.3,0.000,-0.0,0,HAYIR,HAYIR
2026-08-19 12:19:35.241,0.20,0.00,29,0.0,0.4,0.000,-0.0,0,HAYIR,HAYIR
2026-08-19 12:19:35.262,0.20,0.00,29,0.0,0.4,0.000,-0.0,0,HAYIR,HAYIR
2026-08-19 12:19:35.281,0.20,0.00,29,0.0,0.4,0.000,-0.0,0,HAYIR,HAYIR
2026-08-19 12:19:35.301,0.22,0.00,29,0.0,0.4,0.000,-0.0,0,HAYIR,HAYIR
2026-08-19 12:19:35.322,0.22,0.00,29,0.0,0.4,0.000,-0.0,0,HAYIR,HAYIR
2026-08-19 12:19:35.341,0.25,0.00,29,0.0,0.5,0.000,-0.0,0,HAYIR,HAYIR
2026-08-19 12:19:35.361,0.25,0.00,29,0.0,0.5,0.000,-0.0,0,HAYIR,HAYIR
2026-08-19 12:19:35.381,0.25,0.00,29,0.0,0.5,0.000,-0.0,0,HAYIR,HAYIR
2026-08-19 12:19:35.401,0.27,0.00,29,0.0,0.5,0.000,-0.0,0,HAYIR,HAYIR
2026-08-19 12:19:35.421,0.27,0.00,29,0.0,0.5,0.000,-0.0,0,HAYIR,HAYIR
2026-08-19 12:19:35.442,0.30,0.00,30,0.0,0.6,0.000,-0.0,0,HAYIR,HAYIR
2026-08-19 12:19:35.462,0.30,0.00,30,0.0,0.6,0.000,-0.0,0,HAYIR,HAYIR
2026-08-19 12:19:35.481,0.30,0.00,30,0.0,0.6,0.000,-0.0,0,HAYIR,HAYIR
2026-08-19 12:19:35.501,0.33,0.00,30,0.0,0.6,0.000,-0.0,0,HAYIR,HAYIR
2026-08-19 12:19:35.522,0.33,0.00,30,0.0,0.6,0.000,-0.0,0,HAYIR,HAYIR
2026-08-19 12:19:35.542,0.35,0.00,30,0.0,0.7,0.000,-0.0,0,HAYIR,HAYIR
2026-08-19 12:19:35.561,0.35,0.00,30,0.0,0.7,0.000,-0.0,0,HAYIR,HAYIR
2026-08-19 12:19:35.581,0.35,0.00,30,0.0,0.7,0.000,-0.0,0,HAYIR,HAYIR
2026-08-19 12:19:35.602,0.38,0.00,30,0.0,0.7,0.000,-0.0,0,HAYIR,HAYIR
2026-08-19 12:19:35.622,0.38,0.00,30,0.0,0.7,0.000,-0.0,0,HAYIR,HAYIR
2026-08-19 12:19:35.642,0.40,0.00,30,0.0,0.8,0.000,-0.0,0,HAYIR,HAYIR
2026-08-19 12:19:35.662,0.40,0.00,30,0.0,0.8,0.000,-0.0,0,HAYIR,HAYIR
2026-08-19 12:19:35.681,0.40,0.00,30,0.0,0.8,0.000,-0.0,0,HAYIR,HAYIR
2026-08-19 12:19:35.701,0.43,0.00,30,0.0,0.8,0.000,-0.0,0,HAYIR,HAYIR
2026-08-19 12:19:35.722,0.43,0.00,30,0.0,0.8,0.000,-0.0,0,HAYIR,HAYIR
2026-08-19 12:19:35.742,0.45,0.00,30,0.0,0.9,0.000,-0.0,0,HAYIR,HAYIR
2026-08-19 12:19:35.761,0.45,0.00,30,0.0,0.9,0.000,-0.0,0,HAYIR,HAYIR
2026-08-19 12:19:35.781,0.45,0.00,30,0.0,0.9,0.000,-0.0,0,HAYIR,HAYIR
2026-08-19 12:19:35.801,0.48,0.00,30,0.0,0.9,0.000,-0.0,0,HAYIR,HAYIR
2026-08-19 12:19:35.821,0.48,0.00,30,0.0,0.9,0.000,-0.0,0,HAYIR,HAYIR
2026-08-19 12:19:35.841,0.50,0.00,31,0.0,1.0,0.000,-0.0,0,HAYIR,HAYIR
2026-08-19 12:19:35.861,0.50,0.00,31,0.0,1.0,0.000,-0.0,0,HAYIR,HAYIR
2026-08-19 12:19:35.881,0.50,0.00,31,0.0,1.0,0.000,-0.0,0,HAYIR,HAYIR
2026-08-19 12:19:35.901,0.53,0.00,31,0.0,1.0,0.000,-0.0,0,HAYIR,HAYIR
2026-08-19 12:19:35.922,0.53,0.00,31,0.0,1.0,0.000,-0.0,0,HAYIR,HAYIR
2026-08-19 12:19:35.941,0.55,0.00,31,0.0,1.1,0.000,-0.0,0,HAYIR,HAYIR
2026-08-19 12:19:35.961,0.55,0.00,31,0.0,1.1,0.000,-0.0,0,HAYIR,HAYIR
2026-08-19 12:19:35.981,0.55,0.00,31,0.0,1.1,0.000,-0.0,0,HAYIR,HAYIR
2026-08-19 12:19:36.001,0.58,0.00,31,0.0,1.1,0.000,-0.0,0,HAYIR,HAYIR
2026-08-19 12:19:36.021,0.58,0.00,31,0.0,1.1,0.000,-0.0,0,HAYIR,HAYIR
2026-08-19 12:19:36.041,0.60,0.00,31,0.0,1.2,0.000,-0.0,0,HAYIR,HAYIR
2026-08-19 12:19:36.061,0.60,0.00,31,0.0,1.2,0.000,-0.0,0,HAYIR,HAYIR
2026-08-19 12:19:36.081,0.60,0.00,31,0.0,1.2,0.000,-0.0,0,HAYIR,HAYIR
2026-08-19 12:19:36.101,0.60,0.00,31,0.0,1.2,0.000,-0.0,0,HAYIR,HAYIR
2026-08-19 12:19:36.121,0.60,0.00,31,0.0,1.2,0.000,-0.0,0,HAYIR,HAYIR
2026-08-19 12:19:36.141,0.60,0.00,31,0.0,1.3,0.000,-0.0,0,HAYIR,HAYIR
2026-08-19 12:19:36.161,0.60,0.00,31,0.0,1.3,0.000,-0.0,0,HAYIR,HAYIR
2026-08-19 12:19:36.181,0.60,0.00,31,0.0,1.3,0.000,-0.0,0,HAYIR,HAYIR
2026-08-19 12:19:36.201,0.60,0.00,31,0.0,1.3,0.000,-0.0,0,HAYIR,HAYIR
2026-08-19 12:19:36.221,0.60,0.00,31,0.0,1.3,0.000,-0.0,0,HAYIR,HAYIR
2026-08-19 12:19:36.241,0.60,0.00,31,0.0,1.4,0.000,-0.0,0,HAYIR,HAYIR
2026-08-19 12:19:36.261,0.60,0.00,31,0.0,1.4,0.000,-0.0,0,HAYIR,HAYIR
2026-08-19 12:19:36.281,0.60,0.00,31,0.0,1.4,0.000,-0.0,0,HAYIR,HAYIR
2026-08-19 12:19:36.301,0.60,0.00,31,0.0,1.4,0.000,-0.0,0,HAYIR,HAYIR
2026-08-19 12:19:36.321,0.60,0.00,31,0.0,1.4,0.000,-0.0,0,HAYIR,HAYIR
2026-08-19 12:19:36.342,0.60,0.00,31,0.0,1.5,0.000,-0.0,0,HAYIR,HAYIR
2026-08-19 12:19:36.361,0.60,0.00,31,0.0,1.5,0.000,-0.0,0,HAYIR,HAYIR
2026-08-19 12:19:36.381,0.60,0.02,31,0.0,1.5,0.000,-0.0,0,HAYIR,HAYIR
2026-08-19 12:19:36.402,0.60,0.02,31,0.0,1.5,0.000,-0.0,0,HAYIR,HAYIR
2026-08-19 12:19:36.421,0.60,0.02,32,0.0,1.5,0.000,-0.0,0,HAYIR,HAYIR
2026-08-19 12:19:36.442,0.60,0.02,32,0.0,1.6,0.000,-0.0,0,HAYIR,HAYIR
2026-08-19 12:19:36.462,0.60,0.02,32,0.0,1.6,0.000,-0.0,0,HAYIR,HAYIR
2026-08-19 12:19:36.481,0.60,0.02,32,0.0,1.6,0.000,-0.0,0,HAYIR,HAYIR
2026-08-19 12:19:36.501,0.60,0.02,32,0.0,1.6,0.000,-0.0,0,HAYIR,HAYIR
2026-08-19 12:19:36.522,0.60,0.02,32,0.0,1.6,0.000,-0.0,0,HAYIR,HAYIR
2026-08-19 12:19:36.542,0.60,0.02,32,0.0,1.7,0.000,-0.0,0,HAYIR,HAYIR
2026-08-19 12:19:36.561,0.60,0.02,32,0.0,1.7,0.000,-0.0,0,HAYIR,HAYIR
2026-08-19 12:19:36.582,0.60,0.02,32,0.0,1.7,0.000,-0.0,0,HAYIR,HAYIR
2026-08-19 12:19:36.601,0.60,0.02,32,0.0,1.7,0.000,-0.0,0,HAYIR,HAYIR
2026-08-19 12:19:36.622,0.60,0.02,32,0.0,1.7,0.000,-0.0,0,HAYIR,HAYIR
2026-08-19 12:19:36.642,0.60,0.02,32,0.0,1.8,0.000,-0.0,0,HAYIR,HAYIR
2026-08-19 12:19:36.661,0.60,0.02,32,0.0,1.8,0.000,-0.0,0,HAYIR,HAYIR
2026-08-19 12:19:36.682,0.60,0.02,32,0.0,1.8,0.000,-0.0,0,HAYIR,HAYIR
2026-08-19 12:19:36.701,0.60,0.04,31,0.0,1.8,0.000,-0.0,0,HAYIR,HAYIR
2026-08-19 12:19:36.722,0.60,0.04,32,0.0,1.8,0.000,-0.0,0,HAYIR,HAYIR
2026-08-19 12:19:36.742,0.60,0.04,32,0.0,1.9,0.000,-0.0,0,HAYIR,HAYIR
2026-08-19 12:19:36.761,0.60,0.04,32,0.0,1.9,0.000,-0.0,0,HAYIR,HAYIR
2026-08-19 12:19:36.781,0.60,0.04,32,0.0,1.9,0.000,-0.0,0,HAYIR,HAYIR
2026-08-19 12:19:36.802,0.60,0.04,32,0.0,1.9,0.000,-0.0,0,HAYIR,HAYIR
2026-08-19 12:19:36.822,0.60,0.04,32,0.0,1.9,0.000,-0.0,0,HAYIR,HAYIR
2026-08-19 12:19:36.841,0.60,0.04,32,0.0,2.0,0.000,-0.0,0,HAYIR,HAYIR
2026-08-19 12:19:36.861,0.60,0.04,32,0.0,2.0,0.000,-0.0,0,HAYIR,HAYIR
2026-08-19 12:19:36.881,0.60,0.04,32,0.0,2.0,0.000,-0.0,0,HAYIR,HAYIR
2026-08-19 12:19:36.901,0.60,0.04,32,0.0,2.0,0.000,-0.0,0,HAYIR,HAYIR
2026-08-19 12:19:36.922,0.60,0.04,32,0.0,2.0,0.000,-0.0,0,HAYIR,HAYIR
2026-08-19 12:19:36.942,0.60,0.04,32,0.0,2.1,0.000,-0.0,0,HAYIR,HAYIR
2026-08-19 12:19:36.961,0.60,0.04,32,0.0,2.1,0.000,-0.0,0,HAYIR,HAYIR
2026-08-19 12:19:36.981,0.60,0.04,32,0.0,2.1,0.000,-0.0,0,HAYIR,HAYIR
2026-08-19 12:19:37.002,0.60,0.04,33,0.0,2.1,0.000,-0.0,0,HAYIR,HAYIR
2026-08-19 12:19:37.021,0.60,0.06,31,0.0,2.1,0.000,-0.0,0,HAYIR,HAYIR
2026-08-19 12:19:37.042,0.60,0.06,33,0.0,2.2,0.000,-0.0,0,HAYIR,HAYIR
2026-08-19 12:19:37.061,0.60,0.06,33,0.0,2.2,0.000,-0.0,0,HAYIR,HAYIR
2026-08-19 12:19:37.081,0.60,0.06,33,0.0,2.2,0.000,-0.0,0,HAYIR,HAYIR
2026-08-19 12:19:37.101,0.60,0.06,33,0.0,2.2,0.000,-0.0,0,HAYIR,HAYIR
2026-08-19 12:19:37.121,0.60,0.06,33,0.0,2.2,0.000,-0.0,0,HAYIR,HAYIR
2026-08-19 12:19:37.142,0.60,0.06,33,0.0,2.3,0.000,-0.0,0,HAYIR,HAYIR
2026-08-19 12:19:37.161,0.60,0.06,33,0.0,2.3,0.000,-0.0,0,HAYIR,HAYIR
2026-08-19 12:19:37.181,0.60,0.06,33,0.0,2.3,0.000,-0.0,0,HAYIR,HAYIR
2026-08-19 12:19:37.201,0.60,0.06,33,0.0,2.3,0.000,-0.0,0,HAYIR,HAYIR
2026-08-19 12:19:37.221,0.60,0.06,33,0.0,2.3,0.000,-0.0,0,HAYIR,HAYIR
2026-08-19 12:19:37.241,0.60,0.06,33,0.0,2.4,0.000,-0.0,0,HAYIR,HAYIR
2026-08-19 12:19:37.261,0.60,0.06,33,0.0,2.4,0.000,-0.0,0,HAYIR,HAYIR
2026-08-19 12:19:37.281,0.60,0.06,33,0.0,2.4,0.000,-0.0,0,HAYIR,HAYIR
2026-08-19 12:19:37.301,0.60,0.06,33,0.0,2.4,0.000,-0.0,0,HAYIR,HAYIR
2026-08-19 12:19:37.321,0.60,0.06,33,0.0,2.4,0.000,-0.0,0,HAYIR,HAYIR
2026-08-19 12:19:37.341,0.60,0.11,29,0.0,0.0,0.000,-0.0,0,HAYIR,HAYIR
2026-08-19 12:19:37.361,0.60,0.11,31,0.0,0.0,0.000,-0.0,0,HAYIR,HAYIR
2026-08-19 12:19:37.381,0.60,0.11,31,0.0,0.0,0.000,-0.0,0,HAYIR,HAYIR
2026-08-19 12:19:37.401,0.60,0.11,31,0.0,0.0,0.000,-0.0,0,HAYIR,HAYIR
2026-08-19 12:19:37.421,0.60,0.11,31,0.0,0.0,0.000,-0.0,0,HAYIR,HAYIR
2026-08-19 12:19:37.441,0.60,0.11,31,0.0,0.0,0.000,-0.0,0,HAYIR,HAYIR
2026-08-19 12:19:37.461,0.60,0.11,31,0.0,0.0,0.000,-0.0,0,HAYIR,HAYIR
2026-08-19 12:19:37.481,0.60,0.11,31,0.0,0.0,0.000,-0.0,0,HAYIR,HAYIR
2026-08-19 12:19:37.501,0.60,0.11,31,0.0,0.0,0.000,-0.0,0,HAYIR,HAYIR
2026-08-19 12:19:37.521,0.60,0.11,31,0.0,0.0,0.000,-0.0,0,HAYIR,HAYIR
2026-08-19 12:19:37.542,0.60,0.11,31,0.0,0.0,0.000,-0.0,0,HAYIR,HAYIR
2026-08-19 12:19:37.561,0.60,0.11,31,0.0,0.0,0.000,-0.0,0,HAYIR,HAYIR
2026-08-19 12:19:37.581,0.60,0.11,31,0.0,0.0,0.000,-0.0,0,HAYIR,HAYIR
2026-08-19 12:19:37.601,0.60,0.11,31,0.0,0.0,0.000,-0.0,0,HAYIR,HAYIR
2026-08-19 12:19:37.621,0.60,0.11,31,0.0,0.0,0.000,-0.0,0,HAYIR,HAYIR
2026-08-19 12:19:37.641,0.60,0.11,31,0.0,0.0,0.000,-0.0,0,HAYIR,HAYIR
2026-08-19 12:19:37.661,0.60,0.16,29,0.0,0.0,0.000,-0.0,0,HAYIR,HAYIR
2026-08-19 12:19:37.681,0.60,0.16,31,0.0,0.0,0.000,-0.0,0,HAYIR,HAYIR
2026-08-19 12:19:37.701,0.60,0.16,31,0.0,0.0,0.000,-0.0,0,HAYIR,HAYIR
2026-08-19 12:19:37.721,0.60,0.16,31,0.0,0.0,0.000,-0.0,0,HAYIR,HAYIR
2026-08-19 12:19:37.742,0.60,0.16,31,0.0,0.0,0.000,-0.0,0,HAYIR,HAYIR
2026-08-19 12:19:37.761,0.60,0.16,31,0.0,0.0,0.000,-0.0,0,HAYIR,HAYIR
2026-08-19 12:19:37.781,0.60,0.16,31,0.0,0.0,0.000,-0.0,0,HAYIR,HAYIR
2026-08-19 12:19:37.802,0.60,0.16,31,0.0,0.0,0.000,-0.0,0,HAYIR,HAYIR
2026-08-19 12:19:37.821,0.60,0.16,31,0.0,0.0,0.000,-0.0,0,HAYIR,HAYIR
2026-08-19 12:19:37.841,0.60,0.16,31,0.0,0.0,0.000,-0.0,0,HAYIR,HAYIR
2026-08-19 12:19:37.862,0.60,0.16,31,0.0,0.0,0.000,-0.0,0,HAYIR,HAYIR
2026-08-19 12:19:37.881,0.60,0.16,31,0.0,0.0,0.000,-0.0,0,HAYIR,HAYIR
2026-08-19 12:19:37.901,0.60,0.16,31,0.0,0.0,0.000,-0.0,0,HAYIR,HAYIR
2026-08-19 12:19:37.921,0.60,0.16,31,0.0,0.0,0.000,-0.0,0,HAYIR,HAYIR
2026-08-19 12:19:37.942,0.60,0.16,31,0.0,0.0,0.000,-0.0,0,HAYIR,HAYIR
2026-08-19 12:19:37.962,0.60,0.16,31,0.0,0.0,0.000,-0.0,0,HAYIR,HAYIR
2026-08-19 12:19:37.981,0.60,0.16,31,0.0,0.0,0.000,-0.0,0,HAYIR,HAYIR
2026-08-19 12:19:38.002,0.60,0.16,31,0.0,0.0,0.000,-0.0,0,HAYIR,HAYIR
2026-08-19 12:19:38.022,0.60,0.16,31,0.0,0.0,0.000,-0.0,0,HAYIR,HAYIR
2026-08-19 12:19:38.041,0.60,0.22,28,0.0,0.0,0.000,-0.0,0,HAYIR,HAYIR
2026-08-19 12:19:38.062,0.60,0.22,31,0.0,0.0,0.000,-0.0,0,HAYIR,HAYIR
2026-08-19 12:19:38.082,0.60,0.22,31,0.0,0.0,0.000,-0.0,0,HAYIR,HAYIR
2026-08-19 12:19:38.102,0.60,0.22,31,0.0,0.0,0.000,-0.0,0,HAYIR,HAYIR
2026-08-19 12:19:38.122,0.60,0.22,31,0.0,0.0,0.000,-0.0,0,HAYIR,HAYIR
2026-08-19 12:19:38.142,0.60,0.22,31,0.0,0.0,0.000,-0.0,0,HAYIR,HAYIR
2026-08-19 12:19:38.161,0.60,0.22,31,0.0,0.0,0.000,-0.0,0,HAYIR,HAYIR
2026-08-19 12:19:38.182,0.60,0.22,31,0.0,0.0,0.000,-0.0,0,HAYIR,HAYIR
2026-08-19 12:19:38.202,0.60,0.22,31,0.0,0.0,0.000,-0.0,0,HAYIR,HAYIR
2026-08-19 12:19:38.222,0.60,0.22,31,0.0,0.0,0.000,-0.0,0,HAYIR,HAYIR
2026-08-19 12:19:38.241,0.60,0.22,31,0.0,0.0,0.000,-0.0,0,HAYIR,HAYIR
2026-08-19 12:19:38.261,0.60,0.22,31,0.0,0.0,0.000,-0.0,0,HAYIR,HAYIR
2026-08-19 12:19:38.281,0.60,0.22,31,0.0,0.0,0.000,-0.0,0,HAYIR,HAYIR
2026-08-19 12:19:38.301,0.60,0.22,31,0.0,0.0,0.000,-0.0,0,HAYIR,HAYIR
2026-08-19 12:19:38.322,0.60,0.22,31,0.0,0.0,0.000,-0.0,0,HAYIR,HAYIR
2026-08-19 12:19:38.342,0.60,0.22,31,0.0,0.0,0.000,-0.0,0,HAYIR,HAYIR
2026-08-19 12:19:38.361,0.60,0.29,28,0.0,0.0,0.000,-0.0,0,HAYIR,HAYIR
2026-08-19 12:19:38.381,0.60,0.29,31,0.0,0.0,0.000,-0.0,0,HAYIR,HAYIR
2026-08-19 12:19:38.402,0.60,0.29,31,0.0,0.0,0.000,-0.0,0,HAYIR,HAYIR
2026-08-19 12:19:38.422,0.60,0.29,31,0.0,0.0,0.000,-0.0,0,HAYIR,HAYIR
2026-08-19 12:19:38.441,0.60,0.29,31,0.0,0.0,0.000,-0.0,0,HAYIR,HAYIR
2026-08-19 12:19:38.461,0.60,0.29,31,0.0,0.0,0.000,-0.0,0,HAYIR,HAYIR
2026-08-19 12:19:38.481,0.60,0.29,31,0.0,0.0,0.000,-0.0,0,HAYIR,HAYIR
2026-08-19 12:19:38.501,0.60,0.29,31,0.0,0.0,0.000,-0.0,0,HAYIR,HAYIR
2026-08-19 12:19:38.522,0.60,0.29,31,0.0,0.0,0.000,-0.0,0,HAYIR,HAYIR
2026-08-19 12:19:38.542,0.60,0.29,31,0.0,0.0,0.000,-0.0,0,HAYIR,HAYIR
2026-08-19 12:19:38.562,0.60,0.29,31,0.0,0.0,0.000,-0.0,0,HAYIR,HAYIR
2026-08-19 12:19:38.581,0.60,0.29,31,0.0,0.0,0.000,-0.0,0,HAYIR,HAYIR
2026-08-19 12:19:38.602,0.60,0.29,31,0.0,0.0,0.000,-0.0,0,HAYIR,HAYIR
2026-08-19 12:19:38.622,0.60,0.29,31,0.0,0.0,0.000,-0.0,0,HAYIR,HAYIR
2026-08-19 12:19:38.642,0.60,0.29,31,0.0,0.0,0.000,-0.0,0,HAYIR,HAYIR
2026-08-19 12:19:38.662,0.60,0.29,31,0.0,0.0,0.000,-0.0,0,HAYIR,HAYIR
2026-08-19 12:19:38.682,0.60,0.29,31,0.0,0.0,0.000,-0.0,0,HAYIR,HAYIR
2026-08-19 12:19:38.701,0.60,0.34,29,0.0,0.0,0.000,-0.0,0,HAYIR,HAYIR
2026-08-19 12:19:38.722,0.60,0.34,31,0.0,0.0,0.000,-0.0,0,HAYIR,HAYIR
2026-08-19 12:19:38.742,0.60,0.34,31,0.0,0.0,0.000,-0.0,0,HAYIR,HAYIR
2026-08-19 12:19:38.762,0.60,0.34,31,0.0,0.0,0.000,-0.0,0,HAYIR,HAYIR
2026-08-19 12:19:38.781,0.60,0.34,31,0.0,0.0,0.000,-0.0,0,HAYIR,HAYIR
2026-08-19 12:19:38.802,0.60,0.34,31,0.0,0.0,0.000,-0.0,0,HAYIR,HAYIR
2026-08-19 12:19:38.821,0.60,0.34,31,0.0,0.0,0.000,-0.0,0,HAYIR,HAYIR
2026-08-19 12:19:38.841,0.60,0.34,31,0.0,0.0,0.000,-0.0,0,HAYIR,HAYIR
2026-08-19 12:19:38.862,0.60,0.34,31,0.0,0.0,0.000,-0.0,0,HAYIR,HAYIR
2026-08-19 12:19:38.882,0.60,0.34,31,0.0,0.0,0.000,-0.0,0,HAYIR,HAYIR
2026-08-19 12:19:38.901,0.60,0.34,31,0.0,0.0,0.000,-0.0,0,HAYIR,HAYIR
2026-08-19 12:19:38.921,0.60,0.34,31,0.0,0.0,0.000,-0.0,0,HAYIR,HAYIR
2026-08-19 12:19:38.942,0.60,0.34,31,0.0,0.0,0.000,-0.0,0,HAYIR,HAYIR
2026-08-19 12:19:38.961,0.60,0.34,31,0.0,0.0,0.000,-0.0,0,HAYIR,HAYIR
2026-08-19 12:19:38.981,0.60,0.34,31,0.0,0.0,0.000,-0.0,0,HAYIR,HAYIR
2026-08-19 12:19:39.002,0.60,0.34,31,0.0,0.0,0.000,-0.0,0,HAYIR,HAYIR
2026-08-19 12:19:39.021,0.60,0.40,29,0.0,0.0,0.000,-0.0,0,HAYIR,HAYIR
2026-08-19 12:19:39.042,0.60,0.40,31,0.0,0.0,0.000,-0.0,0,HAYIR,HAYIR
2026-08-19 12:19:39.061,0.60,0.40,31,0.0,0.0,0.000,-0.0,0,HAYIR,HAYIR
2026-08-19 12:19:39.081,0.60,0.40,31,0.0,0.0,0.000,-0.0,0,HAYIR,HAYIR
2026-08-19 12:19:39.101,0.60,0.40,31,0.0,0.0,0.000,-0.0,0,HAYIR,HAYIR
2026-08-19 12:19:39.122,0.60,0.40,31,0.0,0.0,0.000,-0.0,0,HAYIR,HAYIR
2026-08-19 12:19:39.142,0.60,0.40,31,0.0,0.0,0.000,-0.0,0,HAYIR,HAYIR
2026-08-19 12:19:39.161,0.60,0.40,31,0.0,0.0,0.000,-0.0,0,HAYIR,HAYIR
2026-08-19 12:19:39.181,0.60,0.40,31,0.0,0.0,0.000,-0.0,0,HAYIR,HAYIR
2026-08-19 12:19:39.202,0.60,0.40,31,0.0,0.0,0.000,-0.0,0,HAYIR,HAYIR
2026-08-19 12:19:39.221,0.60,0.40,31,0.0,0.0,0.000,-0.0,0,HAYIR,HAYIR
2026-08-19 12:19:39.241,0.60,0.40,31,0.0,0.0,0.000,-0.0,0,HAYIR,HAYIR
2026-08-19 12:19:39.261,0.60,0.40,31,0.0,0.0,0.000,-0.0,0,HAYIR,HAYIR
2026-08-19 12:19:39.281,0.60,0.40,31,0.0,0.0,0.000,-0.0,0,HAYIR,HAYIR
2026-08-19 12:19:39.301,0.60,0.40,31,0.0,0.0,0.000,-0.0,0,HAYIR,HAYIR
2026-08-19 12:19:39.321,0.60,0.40,31,0.0,0.0,0.000,-0.0,0,HAYIR,HAYIR
2026-08-19 12:19:39.342,0.60,0.44,29,0.0,0.0,0.000,-0.0,0,HAYIR,HAYIR
2026-08-19 12:19:39.361,0.60,0.44,31,0.0,0.0,0.000,-0.0,0,HAYIR,HAYIR
2026-08-19 12:19:39.381,0.60,0.44,31,0.0,0.0,0.000,-0.0,0,HAYIR,HAYIR
2026-08-19 12:19:39.402,0.60,0.44,31,0.0,0.0,0.000,-0.0,0,HAYIR,HAYIR
2026-08-19 12:19:39.422,0.60,0.44,31,0.0,0.0,0.000,-0.0,0,HAYIR,HAYIR
2026-08-19 12:19:39.442,0.60,0.44,31,0.0,0.0,0.000,-0.0,0,HAYIR,HAYIR
2026-08-19 12:19:39.462,0.60,0.44,31,0.0,0.0,0.000,-0.0,0,HAYIR,HAYIR
2026-08-19 12:19:39.481,0.60,0.44,31,0.0,0.0,0.000,-0.0,0,HAYIR,HAYIR
2026-08-19 12:19:39.501,0.60,0.44,31,0.0,0.0,0.000,-0.0,0,HAYIR,HAYIR
2026-08-19 12:19:39.521,0.60,0.44,31,0.0,0.0,0.000,-0.0,0,HAYIR,HAYIR
2026-08-19 12:19:39.542,0.60,0.44,31,0.0,0.0,0.000,-0.0,0,HAYIR,HAYIR
2026-08-19 12:19:39.562,0.60,0.44,31,0.0,0.0,0.000,-0.0,0,HAYIR,HAYIR
2026-08-19 12:19:39.581,0.60,0.44,31,0.0,0.0,0.000,-0.0,0,HAYIR,HAYIR
2026-08-19 12:19:39.602,0.60,0.44,31,0.0,0.0,0.000,-0.0,0,HAYIR,HAYIR
2026-08-19 12:19:39.622,0.60,0.44,31,0.0,0.0,0.000,-0.0,0,HAYIR,HAYIR
2026-08-19 12:19:39.641,0.60,0.44,31,0.0,0.0,0.000,-0.0,0,HAYIR,HAYIR
2026-08-19 12:19:39.661,0.60,0.44,31,0.0,0.0,0.000,-0.0,0,HAYIR,HAYIR
2026-08-19 12:19:39.681,0.60,0.44,31,0.0,0.0,0.000,-0.0,0,HAYIR,HAYIR
2026-08-19 12:19:39.701,0.60,0.44,31,0.0,0.0,0.000,-0.0,0,HAYIR,HAYIR
2026-08-19 12:19:39.721,0.60,0.49,29,0.0,0.0,0.000,-0.0,0,HAYIR,HAYIR
2026-08-19 12:19:39.742,0.60,0.49,31,0.0,0.0,0.000,-0.0,0,HAYIR,HAYIR
2026-08-19 12:19:39.761,0.60,0.49,31,0.0,0.0,0.000,-0.0,0,HAYIR,HAYIR
2026-08-19 12:19:39.781,0.60,0.49,31,0.0,0.0,0.000,-0.0,0,HAYIR,HAYIR
2026-08-19 12:19:39.802,0.60,0.49,31,0.0,0.0,0.000,-0.0,0,HAYIR,HAYIR
2026-08-19 12:19:39.822,0.60,0.49,31,0.0,0.0,0.000,-0.0,0,HAYIR,HAYIR
2026-08-19 12:19:39.842,0.60,0.49,31,0.0,0.0,0.000,-0.0,0,HAYIR,HAYIR
2026-08-19 12:19:39.862,0.60,0.49,31,0.0,0.0,0.000,-0.0,0,HAYIR,HAYIR
2026-08-19 12:19:39.881,0.60,0.49,31,0.0,0.0,0.000,-0.0,0,HAYIR,HAYIR
2026-08-19 12:19:39.901,0.60,0.49,31,0.0,0.0,0.000,-0.0,0,HAYIR,HAYIR
2026-08-19 12:19:39.921,0.60,0.49,31,0.0,0.0,0.000,-0.0,0,HAYIR,HAYIR
2026-08-19 12:19:39.942,0.60,0.49,31,0.0,0.0,0.000,-0.0,0,HAYIR,HAYIR
2026-08-19 12:19:39.961,0.60,0.49,31,0.0,0.0,0.000,-0.0,0,HAYIR,HAYIR
2026-08-19 12:19:39.981,0.60,0.49,31,0.0,0.0,0.000,-0.0,0,HAYIR,HAYIR
2026-08-19 12:19:40.001,0.60,0.49,31,0.0,0.0,0.000,-0.0,0,HAYIR,HAYIR
2026-08-19 12:19:40.022,0.60,0.49,31,0.0,0.0,0.000,-0.0,0,HAYIR,HAYIR
2026-08-19 12:19:40.042,0.60,0.53,29,0.0,0.0,0.000,-0.0,0,HAYIR,HAYIR
2026-08-19 12:19:40.061,0.60,0.53,31,0.0,0.0,0.000,-0.0,0,HAYIR,HAYIR
2026-08-19 12:19:40.082,0.60,0.53,31,0.0,0.0,0.000,-0.0,0,HAYIR,HAYIR
2026-08-19 12:19:40.102,0.60,0.53,31,0.0,0.0,0.000,-0.0,0,HAYIR,HAYIR
2026-08-19 12:19:40.121,0.60,0.53,31,0.0,0.0,0.000,-0.0,0,HAYIR,HAYIR
2026-08-19 12:19:40.142,0.60,0.53,31,0.0,0.0,0.000,-0.0,0,HAYIR,HAYIR
2026-08-19 12:19:40.161,0.60,0.53,31,0.0,0.0,0.000,-0.0,0,HAYIR,HAYIR
2026-08-19 12:19:40.182,0.60,0.53,31,0.0,0.0,0.000,-0.0,0,HAYIR,HAYIR
2026-08-19 12:19:40.202,0.60,0.53,31,0.0,0.0,0.000,-0.0,0,HAYIR,HAYIR
2026-08-19 12:19:40.221,0.60,0.53,31,0.0,0.0,0.000,-0.0,0,HAYIR,HAYIR
2026-08-19 12:19:40.241,0.60,0.53,31,0.0,0.0,0.000,-0.0,0,HAYIR,HAYIR
2026-08-19 12:19:40.262,0.60,0.53,31,0.0,0.0,0.000,-0.0,0,HAYIR,HAYIR
2026-08-19 12:19:40.281,0.60,0.53,31,0.0,0.0,0.000,-0.0,0,HAYIR,HAYIR
2026-08-19 12:19:40.301,0.60,0.53,31,0.0,0.0,0.000,-0.0,0,HAYIR,HAYIR
2026-08-19 12:19:40.322,0.60,0.53,31,0.0,0.0,0.000,-0.0,0,HAYIR,HAYIR
2026-08-19 12:19:40.342,0.60,0.53,31,0.0,0.0,0.000,-0.0,0,HAYIR,HAYIR
2026-08-19 12:19:40.361,0.60,0.57,29,0.0,0.0,0.000,-0.0,0,HAYIR,HAYIR
2026-08-19 12:19:40.381,0.60,0.57,31,0.0,0.0,0.000,-0.0,0,HAYIR,HAYIR
2026-08-19 12:19:40.401,0.60,0.57,31,0.0,0.0,0.000,-0.0,0,HAYIR,HAYIR
2026-08-19 12:19:40.421,0.60,0.57,31,0.0,0.0,0.000,-0.0,0,HAYIR,HAYIR
2026-08-19 12:19:40.442,0.60,0.57,31,0.0,0.0,0.000,-0.0,0,HAYIR,HAYIR
2026-08-19 12:19:40.462,0.60,0.57,31,0.0,0.0,0.000,-0.0,0,HAYIR,HAYIR
2026-08-19 12:19:40.481,0.60,0.57,31,0.0,0.0,0.000,-0.0,0,HAYIR,HAYIR
2026-08-19 12:19:40.501,0.60,0.57,31,0.0,0.0,0.000,-0.0,0,HAYIR,HAYIR
2026-08-19 12:19:40.521,0.60,0.57,31,0.0,0.0,0.000,-0.0,0,HAYIR,HAYIR
2026-08-19 12:19:40.542,0.60,0.57,31,0.0,0.0,0.000,-0.0,0,HAYIR,HAYIR
2026-08-19 12:19:40.561,0.60,0.57,31,0.0,0.0,0.000,-0.0,0,HAYIR,HAYIR
2026-08-19 12:19:40.581,0.60,0.57,31,0.0,0.0,0.000,-0.0,0,HAYIR,HAYIR
2026-08-19 12:19:40.602,0.60,0.57,31,0.0,0.0,0.000,-0.0,0,HAYIR,HAYIR
2026-08-19 12:19:40.621,0.60,0.57,31,0.0,0.0,0.000,-0.0,0,HAYIR,HAYIR
2026-08-19 12:19:40.642,0.60,0.57,31,0.0,0.0,0.000,-0.0,0,HAYIR,HAYIR
2026-08-19 12:19:40.662,0.60,0.57,31,0.0,0.0,0.000,-0.0,0,HAYIR,HAYIR
2026-08-19 12:19:40.681,0.60,0.61,28,0.0,0.0,0.000,-0.0,0,HAYIR,HAYIR
2026-08-19 12:19:40.701,0.60,0.61,28,0.0,0.0,0.000,-0.0,0,HAYIR,HAYIR
2026-08-19 12:19:40.722,0.60,0.61,28,0.0,0.0,0.000,-0.0,0,HAYIR,HAYIR
2026-08-19 12:19:40.742,0.60,0.61,28,0.0,0.0,0.000,-0.0,0,HAYIR,HAYIR
2026-08-19 12:19:40.762,0.60,0.61,28,0.0,0.0,0.000,-0.0,0,HAYIR,HAYIR
2026-08-19 12:19:40.781,0.60,0.61,28,0.0,0.0,0.000,-0.0,0,HAYIR,HAYIR
2026-08-19 12:19:40.802,0.60,0.61,28,0.0,0.0,0.000,-0.0,0,HAYIR,HAYIR
2026-08-19 12:19:40.822,0.60,0.61,28,0.0,0.0,0.000,-0.0,0,HAYIR,HAYIR
2026-08-19 12:19:40.842,0.60,0.61,28,0.0,0.0,0.000,-0.0,0,HAYIR,HAYIR
2026-08-19 12:19:40.861,0.60,0.61,28,0.0,0.0,0.000,-0.0,0,HAYIR,HAYIR
2026-08-19 12:19:40.881,0.60,0.61,28,0.0,0.0,0.000,-0.0,0,HAYIR,HAYIR
2026-08-19 12:19:40.901,0.60,0.61,28,0.0,0.0,0.000,-0.0,0,HAYIR,HAYIR
2026-08-19 12:19:40.921,0.60,0.61,28,0.0,0.0,0.000,-0.0,0,HAYIR,HAYIR
2026-08-19 12:19:40.942,0.60,0.61,28,0.0,0.0,0.000,-0.0,0,HAYIR,HAYIR
2026-08-19 12:19:40.961,0.60,0.61,28,0.0,0.0,0.000,-0.0,0,HAYIR,HAYIR
2026-08-19 12:19:40.981,0.60,0.61,28,0.0,0.0,0.000,-0.0,0,HAYIR,HAYIR
2026-08-19 12:19:41.001,0.60,0.63,28,0.0,0.0,0.000,-0.0,0,HAYIR,HAYIR
2026-08-19 12:19:41.021,0.60,0.63,28,0.0,0.0,0.000,-0.0,0,HAYIR,HAYIR
2026-08-19 12:19:41.042,0.60,0.63,28,0.0,0.0,0.000,-0.0,0,HAYIR,HAYIR
2026-08-19 12:19:41.062,0.60,0.63,28,0.0,0.0,0.000,-0.0,0,HAYIR,HAYIR
2026-08-19 12:19:41.081,0.60,0.63,28,0.0,0.0,0.000,-0.0,0,HAYIR,HAYIR
2026-08-19 12:19:41.101,0.60,0.63,28,0.0,0.0,0.000,-0.0,0,HAYIR,HAYIR
2026-08-19 12:19:41.121,0.60,0.63,28,0.0,0.0,0.000,-0.0,0,HAYIR,HAYIR
2026-08-19 12:19:41.142,0.60,0.63,28,0.0,0.0,0.000,-0.0,0,HAYIR,HAYIR
2026-08-19 12:19:41.162,0.60,0.63,28,0.0,0.0,0.000,-0.0,0,HAYIR,HAYIR
2026-08-19 12:19:41.181,0.60,0.63,28,0.0,0.0,0.000,-0.0,0,HAYIR,HAYIR
2026-08-19 12:19:41.202,0.60,0.63,28,0.0,0.0,0.000,-0.0,0,HAYIR,HAYIR
2026-08-19 12:19:41.222,0.60,0.63,28,0.0,0.0,0.000,-0.0,0,HAYIR,HAYIR
2026-08-19 12:19:41.242,0.60,0.63,28,0.0,0.0,0.000,-0.0,0,HAYIR,HAYIR
2026-08-19 12:19:41.262,0.60,0.63,28,0.0,0.0,0.000,-0.0,0,HAYIR,HAYIR
2026-08-19 12:19:41.282,0.60,0.63,28,0.0,0.0,0.000,-0.0,0,HAYIR,HAYIR
2026-08-19 12:19:41.301,0.60,0.63,28,0.0,0.0,0.000,-0.0,0,HAYIR,HAYIR
2026-08-19 12:19:41.322,0.60,0.63,28,0.0,0.0,0.000,-0.0,0,HAYIR,HAYIR
2026-08-19 12:19:41.342,0.60,0.63,28,0.0,0.0,0.000,-0.0,0,HAYIR,HAYIR
2026-08-19 12:19:41.362,0.60,0.63,28,0.0,0.0,0.000,-0.0,0,HAYIR,HAYIR
2026-08-19 12:19:41.381,0.60,0.65,28,0.0,0.0,0.000,-0.0,0,HAYIR,HAYIR
2026-08-19 12:19:41.401,0.60,0.65,28,0.0,0.0,0.000,-0.0,0,HAYIR,HAYIR
2026-08-19 12:19:41.421,0.60,0.65,28,0.0,0.0,0.000,-0.0,0,HAYIR,HAYIR
2026-08-19 12:19:41.442,0.60,0.65,28,0.0,0.0,0.000,-0.0,0,HAYIR,HAYIR
2026-08-19 12:19:41.462,0.60,0.65,28,0.0,0.0,0.000,-0.0,0,HAYIR,HAYIR
2026-08-19 12:19:41.482,0.60,0.65,28,0.0,0.0,0.000,-0.0,0,HAYIR,HAYIR
2026-08-19 12:19:41.502,0.60,0.65,28,0.0,0.0,0.000,-0.0,0,HAYIR,HAYIR
2026-08-19 12:19:41.521,0.60,0.65,28,0.0,0.0,0.000,-0.0,0,HAYIR,HAYIR
2026-08-19 12:19:41.542,0.60,0.65,28,0.0,0.0,0.000,-0.0,0,HAYIR,HAYIR
2026-08-19 12:19:41.561,0.60,0.65,28,0.0,0.0,0.000,-0.0,0,HAYIR,HAYIR
2026-08-19 12:19:41.581,0.60,0.65,28,0.0,0.0,0.000,-0.0,0,HAYIR,HAYIR
2026-08-19 12:19:41.602,0.60,0.65,28,0.0,0.0,0.000,-0.0,0,HAYIR,HAYIR
2026-08-19 12:19:41.621,0.60,0.65,28,0.0,0.0,0.000,-0.0,0,HAYIR,HAYIR
2026-08-19 12:19:41.641,0.60,0.65,28,0.0,0.0,0.000,-0.0,0,HAYIR,HAYIR
2026-08-19 12:19:41.662,0.60,0.65,28,0.0,0.0,0.000,-0.0,0,HAYIR,HAYIR
2026-08-19 12:19:41.682,0.60,0.65,28,0.0,0.0,0.000,-0.0,0,HAYIR,HAYIR
2026-08-19 12:19:41.701,0.60,0.63,28,0.0,0.0,0.000,-0.0,0,HAYIR,HAYIR
2026-08-19 12:19:41.722,0.60,0.63,28,0.0,0.0,0.000,-0.0,0,HAYIR,HAYIR
2026-08-19 12:19:41.742,0.60,0.63,28,0.0,0.0,0.000,-0.0,0,HAYIR,HAYIR
2026-08-19 12:19:41.762,0.60,0.63,28,0.0,0.0,0.000,-0.0,0,HAYIR,HAYIR
2026-08-19 12:19:41.782,0.60,0.63,28,0.0,0.0,0.000,-0.0,0,HAYIR,HAYIR
2026-08-19 12:19:41.802,0.60,0.63,28,0.0,0.0,0.000,-0.0,0,HAYIR,HAYIR
2026-08-19 12:19:41.822,0.60,0.63,28,0.0,0.0,0.000,-0.0,0,HAYIR,HAYIR
2026-08-19 12:19:41.841,0.60,0.63,28,0.0,0.0,0.000,-0.0,0,HAYIR,HAYIR
2026-08-19 12:19:41.862,0.60,0.63,28,0.0,0.0,0.000,-0.0,0,HAYIR,HAYIR
2026-08-19 12:19:41.881,0.60,0.63,28,0.0,0.0,0.000,-0.0,0,HAYIR,HAYIR
2026-08-19 12:19:41.901,0.60,0.63,28,0.0,0.0,0.000,-0.0,0,HAYIR,HAYIR
2026-08-19 12:19:41.922,0.60,0.63,28,0.0,0.0,0.000,-0.0,0,HAYIR,HAYIR
2026-08-19 12:19:41.942,0.60,0.63,28,0.0,0.0,0.000,-0.0,0,HAYIR,HAYIR
2026-08-19 12:19:41.961,0.60,0.63,28,0.0,0.0,0.000,-0.0,0,HAYIR,HAYIR
2026-08-19 12:19:41.982,0.60,0.63,28,0.0,0.0,0.000,-0.0,0,HAYIR,HAYIR
2026-08-19 12:19:42.001,0.60,0.63,28,0.0,0.0,0.000,-0.0,0,HAYIR,HAYIR
2026-08-19 12:19:42.022,0.60,0.64,28,0.0,0.0,0.000,-0.0,0,HAYIR,HAYIR
2026-08-19 12:19:42.042,0.60,0.64,28,0.0,0.0,0.000,-0.0,0,HAYIR,HAYIR
2026-08-19 12:19:42.062,0.60,0.64,28,0.0,0.0,0.000,-0.0,0,HAYIR,HAYIR
2026-08-19 12:19:42.081,0.60,0.64,28,0.0,0.0,0.000,-0.0,0,HAYIR,HAYIR
2026-08-19 12:19:42.101,0.60,0.64,28,0.0,0.0,0.000,-0.0,0,HAYIR,HAYIR
2026-08-19 12:19:42.122,0.60,0.64,28,0.0,0.0,0.000,-0.0,0,HAYIR,HAYIR
2026-08-19 12:19:42.142,0.60,0.64,28,0.0,0.0,0.000,-0.0,0,HAYIR,HAYIR
2026-08-19 12:19:42.161,0.60,0.64,28,0.0,0.0,0.000,-0.0,0,HAYIR,HAYIR
2026-08-19 12:19:42.182,0.60,0.64,28,0.0,0.0,0.000,-0.0,0,HAYIR,HAYIR
2026-08-19 12:19:42.202,0.60,0.64,28,0.0,0.0,0.000,-0.0,0,HAYIR,HAYIR
2026-08-19 12:19:42.222,0.60,0.64,28,0.0,0.0,0.000,-0.0,0,HAYIR,HAYIR
2026-08-19 12:19:42.242,0.60,0.64,28,0.0,0.0,0.000,-0.0,0,HAYIR,HAYIR
2026-08-19 12:19:42.261,0.60,0.64,28,0.0,0.0,0.000,-0.0,0,HAYIR,HAYIR
2026-08-19 12:19:42.281,0.60,0.64,28,0.0,0.0,0.000,-0.0,0,HAYIR,HAYIR
2026-08-19 12:19:42.301,0.60,0.64,28,0.0,0.0,0.000,-0.0,0,HAYIR,HAYIR
2026-08-19 12:19:42.322,0.60,0.64,28,0.0,0.0,0.000,-0.0,0,HAYIR,HAYIR
2026-08-19 12:19:42.342,0.60,0.63,28,0.0,0.0,0.000,-0.0,0,HAYIR,HAYIR
2026-08-19 12:19:42.361,0.60,0.63,28,0.0,0.0,0.000,-0.0,0,HAYIR,HAYIR
2026-08-19 12:19:42.381,0.60,0.63,28,0.0,0.0,0.000,-0.0,0,HAYIR,HAYIR
2026-08-19 12:19:42.402,0.60,0.63,28,0.0,0.0,0.000,-0.0,0,HAYIR,HAYIR
2026-08-19 12:19:42.421,0.60,0.63,28,0.0,0.0,0.000,-0.0,0,HAYIR,HAYIR
2026-08-19 12:19:42.442,0.60,0.63,28,0.0,0.0,0.000,-0.0,0,HAYIR,HAYIR
2026-08-19 12:19:42.462,0.60,0.63,28,0.0,0.0,0.000,-0.0,0,HAYIR,HAYIR
2026-08-19 12:19:42.481,0.60,0.63,28,0.0,0.0,0.000,-0.0,0,HAYIR,HAYIR
2026-08-19 12:19:42.501,0.60,0.63,28,0.0,0.0,0.000,-0.0,0,HAYIR,HAYIR
2026-08-19 12:19:42.521,0.60,0.63,28,0.0,0.0,0.000,-0.0,0,HAYIR,HAYIR
2026-08-19 12:19:42.542,0.60,0.63,28,0.0,0.0,0.000,-0.0,0,HAYIR,HAYIR
2026-08-19 12:19:42.562,0.60,0.63,28,0.0,0.0,0.000,-0.0,0,HAYIR,HAYIR
2026-08-19 12:19:42.581,0.60,0.63,28,0.0,0.0,0.000,-0.0,0,HAYIR,HAYIR
2026-08-19 12:19:42.602,0.60,0.63,28,0.0,0.0,0.000,-0.0,0,HAYIR,HAYIR
2026-08-19 12:19:42.622,0.60,0.63,28,0.0,0.0,0.000,-0.0,0,HAYIR,HAYIR
2026-08-19 12:19:42.642,0.60,0.63,28,0.0,0.0,0.000,-0.0,0,HAYIR,HAYIR
2026-08-19 12:19:42.661,0.60,0.63,28,0.0,0.0,0.000,-0.0,0,HAYIR,HAYIR
2026-08-19 12:19:42.681,0.60,0.63,28,0.0,0.0,0.000,-0.0,0,HAYIR,HAYIR
2026-08-19 12:19:42.701,0.60,0.63,28,0.0,0.0,0.000,-0.0,0,HAYIR,HAYIR
2026-08-19 12:19:42.721,0.60,0.63,28,0.0,0.0,0.000,-0.0,0,HAYIR,HAYIR
2026-08-19 12:19:42.742,0.60,0.63,28,0.0,0.0,0.000,-0.0,0,HAYIR,HAYIR
2026-08-19 12:19:42.761,0.60,0.63,28,0.0,0.0,0.000,-0.0,0,HAYIR,HAYIR
2026-08-19 12:19:42.781,0.60,0.63,28,0.0,0.0,0.000,-0.0,0,HAYIR,HAYIR
2026-08-19 12:19:42.801,0.60,0.63,28,0.0,0.0,0.000,-0.0,0,HAYIR,HAYIR
2026-08-19 12:19:42.821,0.60,0.63,28,0.0,0.0,0.000,-0.0,0,HAYIR,HAYIR
2026-08-19 12:19:42.841,0.60,0.63,28,0.0,0.0,0.000,-0.0,0,HAYIR,HAYIR
2026-08-19 12:19:42.861,0.60,0.63,28,0.0,0.0,0.000,-0.0,0,HAYIR,HAYIR
2026-08-19 12:19:42.881,0.60,0.63,28,0.0,0.0,0.000,-0.0,0,HAYIR,HAYIR
2026-08-19 12:19:42.901,0.60,0.63,28,0.0,0.0,0.000,-0.0,0,HAYIR,HAYIR
2026-08-19 12:19:42.921,0.60,0.63,28,0.0,0.0,0.000,-0.0,0,HAYIR,HAYIR
2026-08-19 12:19:42.942,0.60,0.63,28,0.0,0.0,0.000,-0.0,0,HAYIR,HAYIR
2026-08-19 12:19:42.961,0.60,0.63,28,0.0,0.0,0.000,-0.0,0,HAYIR,HAYIR
2026-08-19 12:19:42.981,0.60,0.63,28,0.0,0.0,0.000,-0.0,0,HAYIR,HAYIR
2026-08-19 12:19:43.001,0.60,0.63,28,0.0,0.0,0.000,-0.0,0,HAYIR,HAYIR
2026-08-19 12:19:43.021,0.60,0.63,28,0.0,0.0,0.000,-0.0,0,HAYIR,HAYIR
2026-08-19 12:19:43.041,0.60,0.63,28,0.0,0.0,0.000,-0.0,0,HAYIR,HAYIR
2026-08-19 12:19:43.061,0.60,0.60,32,0.0,0.0,0.000,-0.0,0,HAYIR,HAYIR
2026-08-19 12:19:43.082,0.60,0.60,31,0.0,0.0,0.000,-0.0,0,HAYIR,HAYIR
2026-08-19 12:19:43.101,0.60,0.60,31,0.0,0.0,0.000,-0.0,0,HAYIR,HAYIR
2026-08-19 12:19:43.121,0.60,0.60,31,0.0,0.0,0.000,-0.0,0,HAYIR,HAYIR
2026-08-19 12:19:43.141,0.60,0.60,31,0.0,0.0,0.000,-0.0,0,HAYIR,HAYIR
2026-08-19 12:19:43.161,0.60,0.60,31,0.0,0.0,0.000,-0.0,0,HAYIR,HAYIR
2026-08-19 12:19:43.181,0.60,0.60,31,0.0,0.0,0.000,-0.0,0,HAYIR,HAYIR
2026-08-19 12:19:43.201,0.60,0.60,31,0.0,0.0,0.000,-0.0,0,HAYIR,HAYIR
2026-08-19 12:19:43.222,0.60,0.60,31,0.0,0.0,0.000,-0.0,0,HAYIR,HAYIR
2026-08-19 12:19:43.241,0.60,0.60,31,0.0,0.0,0.000,-0.0,0,HAYIR,HAYIR
2026-08-19 12:19:43.261,0.60,0.60,31,0.0,0.0,0.000,-0.0,0,HAYIR,HAYIR
2026-08-19 12:19:43.281,0.60,0.60,31,0.0,0.0,0.000,-0.0,0,HAYIR,HAYIR
2026-08-19 12:19:43.301,0.60,0.60,31,0.0,0.0,0.000,-0.0,0,HAYIR,HAYIR
2026-08-19 12:19:43.322,0.60,0.60,31,0.0,0.0,0.000,-0.0,0,HAYIR,HAYIR
2026-08-19 12:19:43.342,0.60,0.60,31,0.0,0.0,0.000,-0.0,0,HAYIR,HAYIR
2026-08-19 12:19:43.362,0.60,0.60,31,0.0,0.0,0.000,-0.0,0,HAYIR,HAYIR
2026-08-19 12:19:43.381,0.60,0.58,32,0.0,0.0,0.000,-0.0,0,HAYIR,HAYIR
2026-08-19 12:19:43.401,0.60,0.58,31,0.0,0.0,0.000,-0.0,0,HAYIR,HAYIR
2026-08-19 12:19:43.421,0.60,0.58,31,0.0,0.0,0.000,-0.0,0,HAYIR,HAYIR
2026-08-19 12:19:43.441,0.60,0.58,31,0.0,0.0,0.000,-0.0,0,HAYIR,HAYIR
2026-08-19 12:19:43.462,0.60,0.58,31,0.0,0.0,0.000,-0.0,0,HAYIR,HAYIR
2026-08-19 12:19:43.481,0.60,0.58,31,0.0,0.0,0.000,-0.0,0,HAYIR,HAYIR
2026-08-19 12:19:43.501,0.60,0.58,31,0.0,0.0,0.000,-0.0,0,HAYIR,HAYIR
2026-08-19 12:19:43.521,0.60,0.58,31,0.0,0.0,0.000,-0.0,0,HAYIR,HAYIR
2026-08-19 12:19:43.542,0.60,0.58,31,0.0,0.0,0.000,-0.0,0,HAYIR,HAYIR
2026-08-19 12:19:43.562,0.60,0.58,31,0.0,0.0,0.000,-0.0,0,HAYIR,HAYIR
2026-08-19 12:19:43.582,0.60,0.58,31,0.0,0.0,0.000,-0.0,0,HAYIR,HAYIR
2026-08-19 12:19:43.601,0.60,0.58,31,0.0,0.0,0.000,-0.0,0,HAYIR,HAYIR
2026-08-19 12:19:43.622,0.60,0.58,31,0.0,0.0,0.000,-0.0,0,HAYIR,HAYIR
2026-08-19 12:19:43.641,0.60,0.58,31,0.0,0.0,0.000,-0.0,0,HAYIR,HAYIR
2026-08-19 12:19:43.661,0.60,0.58,31,0.0,0.0,0.000,-0.0,0,HAYIR,HAYIR
2026-08-19 12:19:43.681,0.60,0.58,31,0.0,0.0,0.000,-0.0,0,HAYIR,HAYIR
2026-08-19 12:19:43.701,0.60,0.53,33,0.0,0.0,0.000,-0.0,0,HAYIR,HAYIR
2026-08-19 12:19:43.721,0.60,0.53,31,0.0,0.0,0.000,-0.0,0,HAYIR,HAYIR
2026-08-19 12:19:43.742,0.60,0.53,31,0.0,0.0,0.000,-0.0,0,HAYIR,HAYIR
2026-08-19 12:19:43.762,0.60,0.53,31,0.0,0.0,0.000,-0.0,0,HAYIR,HAYIR
2026-08-19 12:19:43.782,0.60,0.53,31,0.0,0.0,0.000,-0.0,0,HAYIR,HAYIR
2026-08-19 12:19:43.801,0.60,0.53,31,0.0,0.0,0.000,-0.0,0,HAYIR,HAYIR
2026-08-19 12:19:43.821,0.60,0.53,31,0.0,0.0,0.000,-0.0,0,HAYIR,HAYIR
2026-08-19 12:19:43.841,0.60,0.53,31,0.0,0.0,0.000,-0.0,0,HAYIR,HAYIR
2026-08-19 12:19:43.862,0.60,0.53,31,0.0,0.0,0.000,-0.0,0,HAYIR,HAYIR
2026-08-19 12:19:43.881,0.60,0.53,31,0.0,0.0,0.000,-0.0,0,HAYIR,HAYIR
2026-08-19 12:19:43.901,0.60,0.53,31,0.0,0.0,0.000,-0.0,0,HAYIR,HAYIR
2026-08-19 12:19:43.921,0.60,0.53,31,0.0,0.0,0.000,-0.0,0,HAYIR,HAYIR
2026-08-19 12:19:43.941,0.60,0.53,31,0.0,0.0,0.000,-0.0,0,HAYIR,HAYIR
2026-08-19 12:19:43.961,0.60,0.53,31,0.0,0.0,0.000,-0.0,0,HAYIR,HAYIR
2026-08-19 12:19:43.981,0.60,0.53,31,0.0,0.0,0.000,-0.0,0,HAYIR,HAYIR
2026-08-19 12:19:44.001,0.60,0.53,31,0.0,0.0,0.000,-0.0,0,HAYIR,HAYIR
2026-08-19 12:19:44.021,0.60,0.52,31,0.0,0.0,0.000,-0.0,0,HAYIR,HAYIR
2026-08-19 12:19:44.042,0.60,0.52,31,0.0,0.0,0.000,-0.0,0,HAYIR,HAYIR
2026-08-19 12:19:44.062,0.60,0.52,31,0.0,0.0,0.000,-0.0,0,HAYIR,HAYIR
2026-08-19 12:19:44.082,0.60,0.52,31,0.0,0.0,0.000,-0.0,0,HAYIR,HAYIR
2026-08-19 12:19:44.102,0.60,0.52,31,0.0,0.0,0.000,-0.0,0,HAYIR,HAYIR
2026-08-19 12:19:44.122,0.60,0.52,31,0.0,0.0,0.000,-0.0,0,HAYIR,HAYIR
2026-08-19 12:19:44.142,0.60,0.52,31,0.0,0.0,0.000,-0.0,0,HAYIR,HAYIR
2026-08-19 12:19:44.162,0.60,0.52,31,0.0,0.0,0.000,-0.0,0,HAYIR,HAYIR
2026-08-19 12:19:44.181,0.60,0.52,31,0.0,0.0,0.000,-0.0,0,HAYIR,HAYIR
2026-08-19 12:19:44.202,0.60,0.52,31,0.0,0.0,0.000,-0.0,0,HAYIR,HAYIR
2026-08-19 12:19:44.222,0.60,0.52,31,0.0,0.0,0.000,-0.0,0,HAYIR,HAYIR
2026-08-19 12:19:44.242,0.60,0.52,31,0.0,0.0,0.000,-0.0,0,HAYIR,HAYIR
2026-08-19 12:19:44.262,0.60,0.52,31,0.0,0.0,0.000,-0.0,0,HAYIR,HAYIR
2026-08-19 12:19:44.281,0.60,0.52,31,0.0,0.0,0.000,-0.0,0,HAYIR,HAYIR
2026-08-19 12:19:44.301,0.60,0.52,31,0.0,0.0,0.000,-0.0,0,HAYIR,HAYIR
2026-08-19 12:19:44.321,0.60,0.52,31,0.0,0.0,0.000,-0.0,0,HAYIR,HAYIR
2026-08-19 12:19:44.342,0.60,0.52,31,0.0,0.0,0.000,-0.0,0,HAYIR,HAYIR
2026-08-19 12:19:44.361,0.60,0.52,31,0.0,0.0,0.000,-0.0,0,HAYIR,HAYIR
2026-08-19 12:19:44.382,0.60,0.52,31,0.0,0.0,0.000,-0.0,0,HAYIR,HAYIR
2026-08-19 12:19:44.401,0.60,0.52,31,0.0,0.0,0.000,-0.0,0,HAYIR,HAYIR
2026-08-19 12:19:44.422,0.60,0.52,31,0.0,0.0,0.000,-0.0,0,HAYIR,HAYIR
2026-08-19 12:19:44.441,0.60,0.52,31,0.0,0.0,0.000,-0.0,0,HAYIR,HAYIR
2026-08-19 12:19:44.462,0.60,0.52,31,0.0,0.0,0.000,-0.0,0,HAYIR,HAYIR
2026-08-19 12:19:44.482,0.60,0.52,31,0.0,0.0,0.000,-0.0,0,HAYIR,HAYIR
2026-08-19 12:19:44.502,0.60,0.52,31,0.0,0.0,0.000,-0.0,0,HAYIR,HAYIR
2026-08-19 12:19:44.522,0.60,0.52,31,0.0,0.0,0.000,-0.0,0,HAYIR,HAYIR
2026-08-19 12:19:44.542,0.60,0.52,31,0.0,0.0,0.000,-0.0,0,HAYIR,HAYIR
2026-08-19 12:19:44.561,0.60,0.52,31,0.0,0.0,0.000,-0.0,0,HAYIR,HAYIR
2026-08-19 12:19:44.582,0.60,0.52,31,0.0,0.0,0.000,-0.0,0,HAYIR,HAYIR
2026-08-19 12:19:44.601,0.60,0.52,31,0.0,0.0,0.000,-0.0,0,HAYIR,HAYIR
2026-08-19 12:19:44.622,0.60,0.52,31,0.0,0.0,0.000,-0.0,0,HAYIR,HAYIR
2026-08-19 12:19:44.641,0.60,0.52,31,0.0,0.0,0.000,-0.0,0,HAYIR,HAYIR
2026-08-19 12:19:44.661,0.60,0.52,31,0.0,0.0,0.000,-0.0,0,HAYIR,HAYIR
2026-08-19 12:19:44.682,0.60,0.52,31,0.0,0.0,0.000,-0.0,0,HAYIR,HAYIR
2026-08-19 12:19:44.702,0.60,0.52,31,0.0,0.0,0.000,-0.0,0,HAYIR,HAYIR
2026-08-19 12:19:44.722,0.60,0.52,31,0.0,0.0,0.000,-0.0,0,HAYIR,HAYIR
2026-08-19 12:19:44.741,0.60,0.52,31,0.0,0.0,0.000,-0.0,0,HAYIR,HAYIR
2026-08-19 12:19:44.762,0.60,0.52,31,0.0,0.0,0.000,-0.0,0,HAYIR,HAYIR
2026-08-19 12:19:44.781,0.60,0.52,31,0.0,0.0,0.000,-0.0,0,HAYIR,HAYIR
2026-08-19 12:19:44.801,0.60,0.52,31,0.0,0.0,0.000,-0.0,0,HAYIR,HAYIR
2026-08-19 12:19:44.821,0.60,0.52,31,0.0,0.0,0.000,-0.0,0,HAYIR,HAYIR
2026-08-19 12:19:44.841,0.60,0.52,31,0.0,0.0,0.000,-0.0,0,HAYIR,HAYIR
2026-08-19 12:19:44.861,0.60,0.52,31,0.0,0.0,0.000,-0.0,0,HAYIR,HAYIR
2026-08-19 12:19:44.882,0.60,0.52,31,0.0,0.0,0.000,-0.0,0,HAYIR,HAYIR
2026-08-19 12:19:44.901,0.60,0.52,31,0.0,0.0,0.000,-0.0,0,HAYIR,HAYIR
2026-08-19 12:19:44.921,0.60,0.52,31,0.0,0.0,0.000,-0.0,0,HAYIR,HAYIR
2026-08-19 12:19:44.942,0.60,0.52,31,0.0,0.0,0.000,-0.0,0,HAYIR,HAYIR
2026-08-19 12:19:44.961,0.60,0.52,31,0.0,0.0,0.000,-0.0,0,HAYIR,HAYIR
2026-08-19 12:19:44.981,0.60,0.52,31,0.0,0.0,0.000,-0.0,0,HAYIR,HAYIR
2026-08-19 12:19:45.001,0.60,0.52,31,0.0,0.0,0.000,-0.0,0,HAYIR,HAYIR
2026-08-19 12:19:45.022,0.60,0.52,31,0.0,0.0,0.000,-0.0,0,HAYIR,HAYIR
2026-08-19 12:19:45.041,0.60,0.52,31,0.0,0.0,0.000,-0.0,0,HAYIR,HAYIR
2026-08-19 12:19:45.062,0.60,0.52,31,0.0,0.0,0.000,-0.0,0,HAYIR,HAYIR
2026-08-19 12:19:45.081,0.60,0.52,31,0.0,0.0,0.000,-0.0,0,HAYIR,HAYIR
2026-08-19 12:19:45.101,0.60,0.52,31,0.0,0.0,0.000,-0.0,0,HAYIR,HAYIR
2026-08-19 12:19:45.121,0.60,0.52,31,0.0,0.0,0.000,-0.0,0,HAYIR,HAYIR
2026-08-19 12:19:45.141,0.60,0.52,31,0.0,0.0,0.000,-0.0,0,HAYIR,HAYIR
2026-08-19 12:19:45.161,0.60,0.52,31,0.0,0.0,0.000,-0.0,0,HAYIR,HAYIR
2026-08-19 12:19:45.181,0.60,0.52,31,0.0,0.0,0.000,-0.0,0,HAYIR,HAYIR
2026-08-19 12:19:45.201,0.60,0.52,31,0.0,0.0,0.000,-0.0,0,HAYIR,HAYIR
2026-08-19 12:19:45.221,0.60,0.52,31,0.0,0.0,0.000,-0.0,0,HAYIR,HAYIR
2026-08-19 12:19:45.241,0.60,0.52,31,0.0,0.0,0.000,-0.0,0,HAYIR,HAYIR
2026-08-19 12:19:45.261,0.60,0.52,31,0.0,0.0,0.000,-0.0,0,HAYIR,HAYIR
2026-08-19 12:19:45.281,0.60,0.52,31,0.0,0.0,0.000,-0.0,0,HAYIR,HAYIR
2026-08-19 12:19:45.301,0.60,0.52,31,0.0,0.0,0.000,-0.0,0,HAYIR,HAYIR
2026-08-19 12:19:45.321,0.60,0.52,31,0.0,0.0,0.000,-0.0,0,HAYIR,HAYIR
2026-08-19 12:19:45.341,0.60,0.52,31,0.0,0.0,0.000,-0.0,0,HAYIR,HAYIR
2026-08-19 12:19:45.362,0.60,0.53,31,0.0,0.0,0.000,-0.0,0,HAYIR,HAYIR
2026-08-19 12:19:45.382,0.60,0.53,31,0.0,0.0,0.000,-0.0,0,HAYIR,HAYIR
2026-08-19 12:19:45.401,0.60,0.53,31,0.0,0.0,0.000,-0.0,0,HAYIR,HAYIR
2026-08-19 12:19:45.422,0.60,0.53,31,0.0,0.0,0.000,-0.0,0,HAYIR,HAYIR
2026-08-19 12:19:45.441,0.60,0.53,31,0.0,0.0,0.000,-0.0,0,HAYIR,HAYIR
2026-08-19 12:19:45.461,0.60,0.53,31,0.0,0.0,0.000,-0.0,0,HAYIR,HAYIR
2026-08-19 12:19:45.481,0.60,0.53,31,0.0,0.0,0.000,-0.0,0,HAYIR,HAYIR
2026-08-19 12:19:45.501,0.60,0.53,31,0.0,0.0,0.000,-0.0,0,HAYIR,HAYIR
2026-08-19 12:19:45.521,0.60,0.53,31,0.0,0.0,0.000,-0.0,0,HAYIR,HAYIR
2026-08-19 12:19:45.541,0.60,0.53,31,0.0,0.0,0.000,-0.0,0,HAYIR,HAYIR
2026-08-19 12:19:45.562,0.60,0.53,31,0.0,0.0,0.000,-0.0,0,HAYIR,HAYIR
2026-08-19 12:19:45.581,0.60,0.53,31,0.0,0.0,0.000,-0.0,0,HAYIR,HAYIR
2026-08-19 12:19:45.601,0.60,0.53,31,0.0,0.0,0.000,-0.0,0,HAYIR,HAYIR
2026-08-19 12:19:45.621,0.60,0.53,31,0.0,0.0,0.000,-0.0,0,HAYIR,HAYIR
2026-08-19 12:19:45.642,0.60,0.53,31,0.0,0.0,0.000,-0.0,0,HAYIR,HAYIR
2026-08-19 12:19:45.661,0.60,0.53,31,0.0,0.0,0.000,-0.0,0,HAYIR,HAYIR
2026-08-19 12:19:45.681,0.60,0.56,30,0.0,0.0,0.000,-0.0,0,HAYIR,HAYIR
2026-08-19 12:19:45.702,0.60,0.56,31,0.0,0.0,0.000,-0.0,0,HAYIR,HAYIR
2026-08-19 12:19:45.722,0.60,0.56,31,0.0,0.0,0.000,-0.0,0,HAYIR,HAYIR
2026-08-19 12:19:45.742,0.60,0.56,31,0.0,0.0,0.000,-0.0,0,HAYIR,HAYIR
2026-08-19 12:19:45.762,0.60,0.56,31,0.0,0.0,0.000,-0.0,0,HAYIR,HAYIR
2026-08-19 12:19:45.781,0.60,0.56,31,0.0,0.0,0.000,-0.0,0,HAYIR,HAYIR
2026-08-19 12:19:45.801,0.60,0.56,31,0.0,0.0,0.000,-0.0,0,HAYIR,HAYIR
2026-08-19 12:19:45.822,0.60,0.56,31,0.0,0.0,0.000,-0.0,0,HAYIR,HAYIR
2026-08-19 12:19:45.842,0.60,0.56,31,0.0,0.0,0.000,-0.0,0,HAYIR,HAYIR
2026-08-19 12:19:45.861,0.60,0.56,31,0.0,0.0,0.000,-0.0,0,HAYIR,HAYIR
2026-08-19 12:19:45.881,0.60,0.56,31,0.0,0.0,0.000,-0.0,0,HAYIR,HAYIR
2026-08-19 12:19:45.902,0.60,0.56,31,0.0,0.0,0.000,-0.0,0,HAYIR,HAYIR
2026-08-19 12:19:45.922,0.60,0.56,31,0.0,0.0,0.000,-0.0,0,HAYIR,HAYIR
2026-08-19 12:19:45.942,0.60,0.56,31,0.0,0.0,0.000,-0.0,0,HAYIR,HAYIR
2026-08-19 12:19:45.962,0.60,0.56,31,0.0,0.0,0.000,-0.0,0,HAYIR,HAYIR
2026-08-19 12:19:45.981,0.60,0.56,31,0.0,0.0,0.000,-0.0,0,HAYIR,HAYIR
2026-08-19 12:19:46.001,0.60,0.58,30,0.0,0.0,0.000,-0.0,0,HAYIR,HAYIR
2026-08-19 12:19:46.022,0.60,0.58,31,0.0,0.0,0.000,-0.0,0,HAYIR,HAYIR
2026-08-19 12:19:46.042,0.60,0.58,31,0.0,0.0,0.000,-0.0,0,HAYIR,HAYIR
2026-08-19 12:19:46.061,0.60,0.58,31,0.0,0.0,0.000,-0.0,0,HAYIR,HAYIR
2026-08-19 12:19:46.081,0.60,0.58,31,0.0,0.0,0.000,-0.0,0,HAYIR,HAYIR
2026-08-19 12:19:46.101,0.60,0.58,31,0.0,0.0,0.000,-0.0,0,HAYIR,HAYIR
2026-08-19 12:19:46.121,0.60,0.58,31,0.0,0.0,0.000,-0.0,0,HAYIR,HAYIR
2026-08-19 12:19:46.141,0.60,0.58,31,0.0,0.0,0.000,-0.0,0,HAYIR,HAYIR
2026-08-19 12:19:46.161,0.60,0.58,31,0.0,0.0,0.000,-0.0,0,HAYIR,HAYIR
2026-08-19 12:19:46.181,0.60,0.58,31,0.0,0.0,0.000,-0.0,0,HAYIR,HAYIR
2026-08-19 12:19:46.201,0.60,0.58,31,0.0,0.0,0.000,-0.0,0,HAYIR,HAYIR
2026-08-19 12:19:46.221,0.60,0.58,31,0.0,0.0,0.000,-0.0,0,HAYIR,HAYIR
2026-08-19 12:19:46.242,0.60,0.58,31,0.0,0.0,0.000,-0.0,0,HAYIR,HAYIR
2026-08-19 12:19:46.262,0.60,0.58,31,0.0,0.0,0.000,-0.0,0,HAYIR,HAYIR
2026-08-19 12:19:46.282,0.60,0.58,31,0.0,0.0,0.000,-0.0,0,HAYIR,HAYIR
2026-08-19 12:19:46.301,0.60,0.58,31,0.0,0.0,0.000,-0.0,0,HAYIR,HAYIR
2026-08-19 12:19:46.322,0.60,0.58,31,0.0,0.0,0.000,-0.0,0,HAYIR,HAYIR
2026-08-19 12:19:46.342,0.60,0.58,31,0.0,0.0,0.000,-0.0,0,HAYIR,HAYIR
2026-08-19 12:19:46.361,0.60,0.58,31,0.0,0.0,0.000,-0.0,0,HAYIR,HAYIR
2026-08-19 12:19:46.381,0.60,0.60,28,0.0,0.0,0.000,-0.0,0,HAYIR,HAYIR
2026-08-19 12:19:46.401,0.60,0.60,28,0.0,0.0,0.000,-0.0,0,HAYIR,HAYIR
2026-08-19 12:19:46.421,0.60,0.60,28,0.0,0.0,0.000,-0.0,0,HAYIR,HAYIR
2026-08-19 12:19:46.441,0.60,0.60,28,0.0,0.0,0.000,-0.0,0,HAYIR,HAYIR
2026-08-19 12:19:46.461,0.60,0.60,28,0.0,0.0,0.000,-0.0,0,HAYIR,HAYIR
2026-08-19 12:19:46.481,0.60,0.60,28,0.0,0.0,0.000,-0.0,0,HAYIR,HAYIR
2026-08-19 12:19:46.501,0.60,0.60,28,0.0,0.0,0.000,-0.0,0,HAYIR,HAYIR
2026-08-19 12:19:46.521,0.60,0.60,28,0.0,0.0,0.000,-0.0,0,HAYIR,HAYIR
2026-08-19 12:19:46.542,0.60,0.60,28,0.0,0.0,0.000,-0.0,0,HAYIR,HAYIR
2026-08-19 12:19:46.561,0.60,0.60,28,0.0,0.0,0.000,-0.0,0,HAYIR,HAYIR
2026-08-19 12:19:46.582,0.60,0.60,28,0.0,0.0,0.000,-0.0,0,HAYIR,HAYIR
2026-08-19 12:19:46.602,0.60,0.60,28,0.0,0.0,0.000,-0.0,0,HAYIR,HAYIR
2026-08-19 12:19:46.622,0.60,0.60,28,0.0,0.0,0.000,-0.0,0,HAYIR,HAYIR
2026-08-19 12:19:46.642,0.60,0.60,28,0.0,0.0,0.000,-0.0,0,HAYIR,HAYIR
2026-08-19 12:19:46.662,0.60,0.60,28,0.0,0.0,0.000,-0.0,0,HAYIR,HAYIR
2026-08-19 12:19:46.682,0.60,0.60,28,0.0,0.0,0.000,-0.0,0,HAYIR,HAYIR
2026-08-19 12:19:46.701,0.60,0.62,28,0.0,0.0,0.000,-0.0,0,HAYIR,HAYIR
2026-08-19 12:19:46.722,0.60,0.62,28,0.0,0.0,0.000,-0.0,0,HAYIR,HAYIR
2026-08-19 12:19:46.742,0.60,0.62,28,0.0,0.0,0.000,-0.0,0,HAYIR,HAYIR
2026-08-19 12:19:46.761,0.60,0.62,28,0.0,0.0,0.000,-0.0,0,HAYIR,HAYIR
2026-08-19 12:19:46.781,0.60,0.62,28,0.0,0.0,0.000,-0.0,0,HAYIR,HAYIR
2026-08-19 12:19:46.801,0.60,0.62,28,0.0,0.0,0.000,-0.0,0,HAYIR,HAYIR
2026-08-19 12:19:46.822,0.60,0.62,28,0.0,0.0,0.000,-0.0,0,HAYIR,HAYIR
2026-08-19 12:19:46.842,0.60,0.62,28,0.0,0.0,0.000,-0.0,0,HAYIR,HAYIR
2026-08-19 12:19:46.861,0.60,0.62,28,0.0,0.0,0.000,-0.0,0,HAYIR,HAYIR
2026-08-19 12:19:46.881,0.60,0.62,28,0.0,0.0,0.000,-0.0,0,HAYIR,HAYIR
2026-08-19 12:19:46.902,0.60,0.62,28,0.0,0.0,0.000,-0.0,0,HAYIR,HAYIR
2026-08-19 12:19:46.921,0.60,0.62,28,0.0,0.0,0.000,-0.0,0,HAYIR,HAYIR
2026-08-19 12:19:46.941,0.60,0.62,28,0.0,0.0,0.000,-0.0,0,HAYIR,HAYIR
2026-08-19 12:19:46.962,0.60,0.62,28,0.0,0.0,0.000,-0.0,0,HAYIR,HAYIR
2026-08-19 12:19:46.981,0.60,0.62,28,0.0,0.0,0.000,-0.0,0,HAYIR,HAYIR
2026-08-19 12:19:47.001,0.60,0.62,28,0.0,0.0,0.000,-0.0,0,HAYIR,HAYIR
2026-08-19 12:19:47.021,0.60,0.63,28,0.0,0.0,0.000,-0.0,0,HAYIR,HAYIR
2026-08-19 12:19:47.041,0.60,0.63,28,0.0,0.0,0.000,-0.0,0,HAYIR,HAYIR
2026-08-19 12:19:47.061,0.60,0.63,28,0.0,0.0,0.000,-0.0,0,HAYIR,HAYIR
2026-08-19 12:19:47.081,0.60,0.63,28,0.0,0.0,0.000,-0.0,0,HAYIR,HAYIR
2026-08-19 12:19:47.102,0.60,0.63,28,0.0,0.0,0.000,-0.0,0,HAYIR,HAYIR
2026-08-19 12:19:47.121,0.60,0.63,28,0.0,0.0,0.000,-0.0,0,HAYIR,HAYIR
2026-08-19 12:19:47.141,0.60,0.63,28,0.0,0.0,0.000,-0.0,0,HAYIR,HAYIR
2026-08-19 12:19:47.162,0.60,0.63,28,0.0,0.0,0.000,-0.0,0,HAYIR,HAYIR
2026-08-19 12:19:47.181,0.60,0.63,28,0.0,0.0,0.000,-0.0,0,HAYIR,HAYIR
2026-08-19 12:19:47.201,0.60,0.63,28,0.0,0.0,0.000,-0.0,0,HAYIR,HAYIR
2026-08-19 12:19:47.221,0.60,0.63,28,0.0,0.0,0.000,-0.0,0,HAYIR,HAYIR
2026-08-19 12:19:47.241,0.60,0.63,28,0.0,0.0,0.000,-0.0,0,HAYIR,HAYIR
2026-08-19 12:19:47.261,0.60,0.63,28,0.0,0.0,0.000,-0.0,0,HAYIR,HAYIR
2026-08-19 12:19:47.281,0.60,0.63,28,0.0,0.0,0.000,-0.0,0,HAYIR,HAYIR
2026-08-19 12:19:47.302,0.60,0.63,28,0.0,0.0,0.000,-0.0,0,HAYIR,HAYIR
2026-08-19 12:19:47.321,0.60,0.63,28,0.0,0.0,0.000,-0.0,0,HAYIR,HAYIR
2026-08-19 12:19:47.341,0.60,0.61,28,0.0,0.0,0.000,-0.0,0,HAYIR,HAYIR
2026-08-19 12:19:47.362,0.60,0.61,28,0.0,0.0,0.000,-0.0,0,HAYIR,HAYIR
2026-08-19 12:19:47.381,0.60,0.61,28,0.0,0.0,0.000,-0.0,0,HAYIR,HAYIR
2026-08-19 12:19:47.401,0.60,0.61,28,0.0,0.0,0.000,-0.0,0,HAYIR,HAYIR
2026-08-19 12:19:47.421,0.60,0.61,28,0.0,0.0,0.000,-0.0,0,HAYIR,HAYIR
2026-08-19 12:19:47.442,0.60,0.61,28,0.0,0.0,0.000,-0.0,0,HAYIR,HAYIR
2026-08-19 12:19:47.462,0.60,0.61,28,0.0,0.0,0.000,-0.0,0,HAYIR,HAYIR
2026-08-19 12:19:47.481,0.60,0.61,28,0.0,0.0,0.000,-0.0,0,HAYIR,HAYIR
2026-08-19 12:19:47.502,0.60,0.61,28,0.0,0.0,0.000,-0.0,0,HAYIR,HAYIR
2026-08-19 12:19:47.521,0.60,0.61,28,0.0,0.0,0.000,-0.0,0,HAYIR,HAYIR
2026-08-19 12:19:47.541,0.60,0.61,28,0.0,0.0,0.000,-0.0,0,HAYIR,HAYIR
2026-08-19 12:19:47.562,0.60,0.61,28,0.0,0.0,0.000,-0.0,0,HAYIR,HAYIR
2026-08-19 12:19:47.582,0.60,0.61,28,0.0,0.0,0.000,-0.0,0,HAYIR,HAYIR
2026-08-19 12:19:47.601,0.60,0.61,28,0.0,0.0,0.000,-0.0,0,HAYIR,HAYIR
2026-08-19 12:19:47.621,0.60,0.61,28,0.0,0.0,0.000,-0.0,0,HAYIR,HAYIR
2026-08-19 12:19:47.642,0.60,0.61,28,0.0,0.0,0.000,-0.0,0,HAYIR,HAYIR
2026-08-19 12:19:47.661,0.60,0.59,31,0.0,0.0,0.000,-0.0,0,HAYIR,HAYIR
2026-08-19 12:19:47.681,0.60,0.59,31,0.0,0.0,0.000,-0.0,0,HAYIR,HAYIR
2026-08-19 12:19:47.701,0.60,0.59,31,0.0,0.0,0.000,-0.0,0,HAYIR,HAYIR
2026-08-19 12:19:47.721,0.60,0.59,31,0.0,0.0,0.000,-0.0,0,HAYIR,HAYIR
2026-08-19 12:19:47.741,0.60,0.59,31,0.0,0.0,0.000,-0.0,0,HAYIR,HAYIR
2026-08-19 12:19:47.762,0.60,0.59,31,0.0,0.0,0.000,-0.0,0,HAYIR,HAYIR
2026-08-19 12:19:47.782,0.60,0.59,31,0.0,0.0,0.000,-0.0,0,HAYIR,HAYIR
2026-08-19 12:19:47.801,0.60,0.59,31,0.0,0.0,0.000,-0.0,0,HAYIR,HAYIR
2026-08-19 12:19:47.821,0.60,0.59,31,0.0,0.0,0.000,-0.0,0,HAYIR,HAYIR
2026-08-19 12:19:47.841,0.60,0.59,31,0.0,0.0,0.000,-0.0,0,HAYIR,HAYIR
2026-08-19 12:19:47.862,0.60,0.59,31,0.0,0.0,0.000,-0.0,0,HAYIR,HAYIR
2026-08-19 12:19:47.882,0.60,0.59,31,0.0,0.0,0.000,-0.0,0,HAYIR,HAYIR
2026-08-19 12:19:47.902,0.60,0.59,31,0.0,0.0,0.000,-0.0,0,HAYIR,HAYIR
2026-08-19 12:19:47.922,0.60,0.59,31,0.0,0.0,0.000,-0.0,0,HAYIR,HAYIR
2026-08-19 12:19:47.942,0.60,0.59,31,0.0,0.0,0.000,-0.0,0,HAYIR,HAYIR
2026-08-19 12:19:47.962,0.60,0.59,31,0.0,0.0,0.000,-0.0,0,HAYIR,HAYIR
2026-08-19 12:19:47.982,0.60,0.59,31,0.0,0.0,0.000,-0.0,0,HAYIR,HAYIR
2026-08-19 12:19:48.001,0.60,0.59,31,0.0,0.0,0.000,-0.0,0,HAYIR,HAYIR
2026-08-19 12:19:48.022,0.60,0.59,31,0.0,0.0,0.000,-0.0,0,HAYIR,HAYIR
2026-08-19 12:19:48.041,0.60,0.59,31,0.0,0.0,0.000,-0.0,0,HAYIR,HAYIR
2026-08-19 12:19:48.061,0.60,0.56,32,0.0,0.0,0.000,-0.0,0,HAYIR,HAYIR
2026-08-19 12:19:48.081,0.60,0.56,31,0.0,0.0,0.000,-0.0,0,HAYIR,HAYIR
2026-08-19 12:19:48.102,0.60,0.56,31,0.0,0.0,0.000,-0.0,0,HAYIR,HAYIR
2026-08-19 12:19:48.121,0.60,0.56,31,0.0,0.0,0.000,-0.0,0,HAYIR,HAYIR
2026-08-19 12:19:48.141,0.60,0.56,31,0.0,0.0,0.000,-0.0,0,HAYIR,HAYIR
2026-08-19 12:19:48.161,0.60,0.56,31,0.0,0.0,0.000,-0.0,0,HAYIR,HAYIR
2026-08-19 12:19:48.181,0.60,0.56,31,0.0,0.0,0.000,-0.0,0,HAYIR,HAYIR
2026-08-19 12:19:48.201,0.60,0.56,31,0.0,0.0,0.000,-0.0,0,HAYIR,HAYIR
2026-08-19 12:19:48.221,0.60,0.56,31,0.0,0.0,0.000,-0.0,0,HAYIR,HAYIR
2026-08-19 12:19:48.242,0.60,0.56,31,0.0,0.0,0.000,-0.0,0,HAYIR,HAYIR
2026-08-19 12:19:48.261,0.60,0.56,31,0.0,0.0,0.000,-0.0,0,HAYIR,HAYIR
2026-08-19 12:19:48.281,0.60,0.56,31,0.0,0.0,0.000,-0.0,0,HAYIR,HAYIR
2026-08-19 12:19:48.302,0.60,0.56,31,0.0,0.0,0.000,-0.0,0,HAYIR,HAYIR
2026-08-19 12:19:48.321,0.60,0.56,31,0.0,0.0,0.000,-0.0,0,HAYIR,HAYIR
2026-08-19 12:19:48.341,0.60,0.56,31,0.0,0.0,0.000,-0.0,0,HAYIR,HAYIR
2026-08-19 12:19:48.362,0.60,0.56,31,0.0,0.0,0.000,-0.0,0,HAYIR,HAYIR
2026-08-19 12:19:48.381,0.60,0.53,33,0.0,0.0,0.000,-0.0,0,HAYIR,HAYIR
2026-08-19 12:19:48.401,0.60,0.53,31,0.0,0.0,0.000,-0.0,0,HAYIR,HAYIR
2026-08-19 12:19:48.422,0.60,0.53,31,0.0,0.0,0.000,-0.0,0,HAYIR,HAYIR
2026-08-19 12:19:48.442,0.60,0.53,31,0.0,0.0,0.000,-0.0,0,HAYIR,HAYIR
2026-08-19 12:19:48.461,0.60,0.53,31,0.0,0.0,0.000,-0.0,0,HAYIR,HAYIR
2026-08-19 12:19:48.481,0.60,0.53,31,0.0,0.0,0.000,-0.0,0,HAYIR,HAYIR
2026-08-19 12:19:48.501,0.60,0.53,31,0.0,0.0,0.000,-0.0,0,HAYIR,HAYIR
2026-08-19 12:19:48.522,0.60,0.53,31,0.0,0.0,0.000,-0.0,0,HAYIR,HAYIR
2026-08-19 12:19:48.541,0.60,0.53,31,0.0,0.0,0.000,-0.0,0,HAYIR,HAYIR
2026-08-19 12:19:48.562,0.60,0.53,31,0.0,0.0,0.000,-0.0,0,HAYIR,HAYIR
2026-08-19 12:19:48.582,0.60,0.53,31,0.0,0.0,0.000,-0.0,0,HAYIR,HAYIR
2026-08-19 12:19:48.601,0.60,0.53,31,0.0,0.0,0.000,-0.0,0,HAYIR,HAYIR
2026-08-19 12:19:48.622,0.60,0.53,31,0.0,0.0,0.000,-0.0,0,HAYIR,HAYIR
2026-08-19 12:19:48.641,0.60,0.53,31,0.0,0.0,0.000,-0.0,0,HAYIR,HAYIR
2026-08-19 12:19:48.661,0.60,0.53,31,0.0,0.0,0.000,-0.0,0,HAYIR,HAYIR
2026-08-19 12:19:48.682,0.60,0.53,31,0.0,0.0,0.000,-0.0,0,HAYIR,HAYIR
2026-08-19 12:19:48.702,0.60,0.52,31,0.0,0.0,0.000,-0.0,0,HAYIR,HAYIR
2026-08-19 12:19:48.721,0.60,0.52,31,0.0,0.0,0.000,-0.0,0,HAYIR,HAYIR
2026-08-19 12:19:48.741,0.60,0.52,31,0.0,0.0,0.000,-0.0,0,HAYIR,HAYIR
2026-08-19 12:19:48.762,0.60,0.52,31,0.0,0.0,0.000,-0.0,0,HAYIR,HAYIR
2026-08-19 12:19:48.782,0.60,0.52,31,0.0,0.0,0.000,-0.0,0,HAYIR,HAYIR
2026-08-19 12:19:48.801,0.60,0.52,31,0.0,0.0,0.000,-0.0,0,HAYIR,HAYIR
2026-08-19 12:19:48.821,0.60,0.52,31,0.0,0.0,0.000,-0.0,0,HAYIR,HAYIR
2026-08-19 12:19:48.841,0.60,0.52,31,0.0,0.0,0.000,-0.0,0,HAYIR,HAYIR
2026-08-19 12:19:48.861,0.60,0.52,31,0.0,0.0,0.000,-0.0,0,HAYIR,HAYIR
2026-08-19 12:19:48.881,0.60,0.52,31,0.0,0.0,0.000,-0.0,0,HAYIR,HAYIR
2026-08-19 12:19:48.902,0.60,0.52,31,0.0,0.0,0.000,-0.0,0,HAYIR,HAYIR
2026-08-19 12:19:48.922,0.60,0.52,31,0.0,0.0,0.000,-0.0,0,HAYIR,HAYIR
2026-08-19 12:19:48.941,0.60,0.52,31,0.0,0.0,0.000,-0.0,0,HAYIR,HAYIR
2026-08-19 12:19:48.962,0.60,0.52,31,0.0,0.0,0.000,-0.0,0,HAYIR,HAYIR
2026-08-19 12:19:48.982,0.60,0.52,31,0.0,0.0,0.000,-0.0,0,HAYIR,HAYIR
2026-08-19 12:19:49.001,0.60,0.52,31,0.0,0.0,0.000,-0.0,0,HAYIR,HAYIR
2026-08-19 12:19:49.021,0.60,0.51,31,0.0,0.0,0.000,-0.0,0,HAYIR,HAYIR
2026-08-19 12:19:49.041,0.60,0.51,31,0.0,0.0,0.000,-0.0,0,HAYIR,HAYIR
2026-08-19 12:19:49.061,0.60,0.51,31,0.0,0.0,0.000,-0.0,0,HAYIR,HAYIR
2026-08-19 12:19:49.081,0.60,0.51,31,0.0,0.0,0.000,-0.0,0,HAYIR,HAYIR
2026-08-19 12:19:49.101,0.60,0.51,31,0.0,0.0,0.000,-0.0,0,HAYIR,HAYIR
2026-08-19 12:19:49.121,0.60,0.51,31,0.0,0.0,0.000,-0.0,0,HAYIR,HAYIR
2026-08-19 12:19:49.141,0.60,0.51,31,0.0,0.0,0.000,-0.0,0,HAYIR,HAYIR
2026-08-19 12:19:49.161,0.60,0.51,31,0.0,0.0,0.000,-0.0,0,HAYIR,HAYIR
2026-08-19 12:19:49.181,0.60,0.51,31,0.0,0.0,0.000,-0.0,0,HAYIR,HAYIR
2026-08-19 12:19:49.201,0.60,0.51,31,0.0,0.0,0.000,-0.0,0,HAYIR,HAYIR
2026-08-19 12:19:49.221,0.60,0.51,31,0.0,0.0,0.000,-0.0,0,HAYIR,HAYIR
2026-08-19 12:19:49.241,0.60,0.51,31,0.0,0.0,0.000,-0.0,0,HAYIR,HAYIR
2026-08-19 12:19:49.261,0.60,0.51,31,0.0,0.0,0.000,-0.0,0,HAYIR,HAYIR
2026-08-19 12:19:49.281,0.60,0.51,31,0.0,0.0,0.000,-0.0,0,HAYIR,HAYIR
2026-08-19 12:19:49.301,0.60,0.51,31,0.0,0.0,0.000,-0.0,0,HAYIR,HAYIR
2026-08-19 12:19:49.321,0.60,0.51,31,0.0,0.0,0.000,-0.0,0,HAYIR,HAYIR
2026-08-19 12:19:49.341,0.60,0.50,32,0.0,0.0,0.000,-0.0,0,HAYIR,HAYIR
2026-08-19 12:19:49.361,0.60,0.50,31,0.0,0.0,0.000,-0.0,0,HAYIR,HAYIR
2026-08-19 12:19:49.381,0.60,0.50,31,0.0,0.0,0.000,-0.0,0,HAYIR,HAYIR
2026-08-19 12:19:49.401,0.60,0.50,31,0.0,0.0,0.000,-0.0,0,HAYIR,HAYIR
2026-08-19 12:19:49.421,0.60,0.50,31,0.0,0.0,0.000,-0.0,0,HAYIR,HAYIR
2026-08-19 12:19:49.441,0.60,0.50,31,0.0,0.0,0.000,-0.0,0,HAYIR,HAYIR
2026-08-19 12:19:49.461,0.60,0.50,31,0.0,0.0,0.000,-0.0,0,HAYIR,HAYIR
2026-08-19 12:19:49.481,0.60,0.50,31,0.0,0.0,0.000,-0.0,0,HAYIR,HAYIR
2026-08-19 12:19:49.501,0.60,0.50,31,0.0,0.0,0.000,-0.0,0,HAYIR,HAYIR
2026-08-19 12:19:49.522,0.60,0.50,31,0.0,0.0,0.000,-0.0,0,HAYIR,HAYIR
2026-08-19 12:19:49.541,0.60,0.50,31,0.0,0.0,0.000,-0.0,0,HAYIR,HAYIR
2026-08-19 12:19:49.562,0.60,0.50,31,0.0,0.0,0.000,-0.0,0,HAYIR,HAYIR
2026-08-19 12:19:49.582,0.60,0.50,31,0.0,0.0,0.000,-0.0,0,HAYIR,HAYIR
2026-08-19 12:19:49.601,0.60,0.50,31,0.0,0.0,0.000,-0.0,0,HAYIR,HAYIR
2026-08-19 12:19:49.622,0.60,0.50,31,0.0,0.0,0.000,-0.0,0,HAYIR,HAYIR
2026-08-19 12:19:49.641,0.60,0.50,31,0.0,0.0,0.000,-0.0,0,HAYIR,HAYIR
2026-08-19 12:19:49.661,0.60,0.50,31,0.0,0.0,0.000,-0.0,0,HAYIR,HAYIR
2026-08-19 12:19:49.681,0.60,0.50,31,0.0,0.0,0.000,-0.0,0,HAYIR,HAYIR
2026-08-19 12:19:49.702,0.60,0.50,31,0.0,0.0,0.000,-0.0,0,HAYIR,HAYIR
2026-08-19 12:19:49.721,0.60,0.51,31,0.0,0.0,0.000,-0.0,0,HAYIR,HAYIR
2026-08-19 12:19:49.741,0.60,0.51,31,0.0,0.0,0.000,-0.0,0,HAYIR,HAYIR
2026-08-19 12:19:49.762,0.60,0.51,31,0.0,0.0,0.000,-0.0,0,HAYIR,HAYIR
2026-08-19 12:19:49.782,0.60,0.51,31,0.0,0.0,0.000,-0.0,0,HAYIR,HAYIR
2026-08-19 12:19:49.801,0.60,0.51,31,0.0,0.0,0.000,-0.0,0,HAYIR,HAYIR
2026-08-19 12:19:49.821,0.60,0.51,31,0.0,0.0,0.000,-0.0,0,HAYIR,HAYIR
2026-08-19 12:19:49.842,0.60,0.51,31,0.0,0.0,0.000,-0.0,0,HAYIR,HAYIR
2026-08-19 12:19:49.862,0.60,0.51,31,0.0,0.0,0.000,-0.0,0,HAYIR,HAYIR
2026-08-19 12:19:49.882,0.60,0.51,31,0.0,0.0,0.000,-0.0,0,HAYIR,HAYIR
2026-08-19 12:19:49.902,0.60,0.51,31,0.0,0.0,0.000,-0.0,0,HAYIR,HAYIR
2026-08-19 12:19:49.922,0.60,0.51,31,0.0,0.0,0.000,-0.0,0,HAYIR,HAYIR
2026-08-19 12:19:49.941,0.60,0.51,31,0.0,0.0,0.000,-0.0,0,HAYIR,HAYIR
2026-08-19 12:19:49.962,0.60,0.51,31,0.0,0.0,0.000,-0.0,0,HAYIR,HAYIR
2026-08-19 12:19:49.982,0.60,0.51,31,0.0,0.0,0.000,-0.0,0,HAYIR,HAYIR
2026-08-19 12:19:50.001,0.60,0.51,31,0.0,0.0,0.000,-0.0,0,HAYIR,HAYIR
2026-08-19 12:19:50.022,0.60,0.51,31,0.0,0.0,0.000,-0.0,0,HAYIR,HAYIR
2026-08-19 12:19:50.041,0.60,0.54,30,0.0,0.0,0.000,-0.0,0,HAYIR,HAYIR
2026-08-19 12:19:50.061,0.60,0.54,31,0.0,0.0,0.000,-0.0,0,HAYIR,HAYIR
2026-08-19 12:19:50.081,0.60,0.54,31,0.0,0.0,0.000,-0.0,0,HAYIR,HAYIR
2026-08-19 12:19:50.101,0.60,0.54,31,0.0,0.0,0.000,-0.0,0,HAYIR,HAYIR
2026-08-19 12:19:50.122,0.60,0.54,31,0.0,0.0,0.000,-0.0,0,HAYIR,HAYIR
2026-08-19 12:19:50.141,0.60,0.54,31,0.0,0.0,0.000,-0.0,0,HAYIR,HAYIR
2026-08-19 12:19:50.162,0.60,0.54,31,0.0,0.0,0.000,-0.0,0,HAYIR,HAYIR
2026-08-19 12:19:50.182,0.60,0.54,31,0.0,0.0,0.000,-0.0,0,HAYIR,HAYIR
2026-08-19 12:19:50.201,0.60,0.54,31,0.0,0.0,0.000,-0.0,0,HAYIR,HAYIR
2026-08-19 12:19:50.221,0.60,0.54,31,0.0,0.0,0.000,-0.0,0,HAYIR,HAYIR
2026-08-19 12:19:50.242,0.60,0.54,31,0.0,0.0,0.000,-0.0,0,HAYIR,HAYIR
2026-08-19 12:19:50.262,0.60,0.54,31,0.0,0.0,0.000,-0.0,0,HAYIR,HAYIR
2026-08-19 12:19:50.281,0.60,0.54,31,0.0,0.0,0.000,-0.0,0,HAYIR,HAYIR
2026-08-19 12:19:50.302,0.60,0.54,31,0.0,0.0,0.000,-0.0,0,HAYIR,HAYIR
2026-08-19 12:19:50.321,0.60,0.54,31,0.0,0.0,0.000,-0.0,0,HAYIR,HAYIR
2026-08-19 12:19:50.341,0.60,0.54,31,0.0,0.0,0.000,-0.0,0,HAYIR,HAYIR
2026-08-19 12:19:50.362,0.60,0.54,31,0.0,0.0,0.000,-0.0,0,HAYIR,HAYIR
2026-08-19 12:19:50.382,0.60,0.54,31,0.0,0.0,0.000,-0.0,0,HAYIR,HAYIR
2026-08-19 12:19:50.401,0.60,0.54,31,0.0,0.0,0.000,-0.0,0,HAYIR,HAYIR
2026-08-19 12:19:50.421,0.60,0.54,31,0.0,0.0,0.000,-0.0,0,HAYIR,HAYIR
2026-08-19 12:19:50.441,0.60,0.54,31,0.0,0.0,0.000,-0.0,0,HAYIR,HAYIR
2026-08-19 12:19:50.461,0.60,0.54,31,0.0,0.0,0.000,-0.0,0,HAYIR,HAYIR
2026-08-19 12:19:50.481,0.60,0.54,31,0.0,0.0,0.000,-0.0,0,HAYIR,HAYIR
2026-08-19 12:19:50.501,0.60,0.54,31,0.0,0.0,0.000,-0.0,0,HAYIR,HAYIR
2026-08-19 12:19:50.521,0.60,0.54,31,0.0,0.0,0.000,-0.0,0,HAYIR,HAYIR
2026-08-19 12:19:50.541,0.60,0.54,31,0.0,0.0,0.000,-0.0,0,HAYIR,HAYIR
2026-08-19 12:19:50.562,0.60,0.54,31,0.0,0.0,0.000,-0.0,0,HAYIR,HAYIR
2026-08-19 12:19:50.581,0.60,0.54,31,0.0,0.0,0.000,-0.0,0,HAYIR,HAYIR
2026-08-19 12:19:50.601,0.60,0.54,31,0.0,0.0,0.000,-0.0,0,HAYIR,HAYIR
2026-08-19 12:19:50.621,0.60,0.54,31,0.0,0.0,0.000,-0.0,0,HAYIR,HAYIR
2026-08-19 12:19:50.641,0.60,0.54,31,0.0,0.0,0.000,-0.0,0,HAYIR,HAYIR
2026-08-19 12:19:50.662,0.60,0.54,31,0.0,0.0,0.000,-0.0,0,HAYIR,HAYIR
2026-08-19 12:19:50.681,0.60,0.56,31,0.0,0.0,0.000,-0.0,0,HAYIR,HAYIR
2026-08-19 12:19:50.702,0.60,0.56,31,0.0,0.0,0.000,-0.0,0,HAYIR,HAYIR
2026-08-19 12:19:50.721,0.60,0.56,31,0.0,0.0,0.000,-0.0,0,HAYIR,HAYIR
2026-08-19 12:19:50.741,0.60,0.56,31,0.0,0.0,0.000,-0.0,0,HAYIR,HAYIR
2026-08-19 12:19:50.762,0.60,0.56,31,0.0,0.0,0.000,-0.0,0,HAYIR,HAYIR
2026-08-19 12:19:50.782,0.60,0.56,31,0.0,0.0,0.000,-0.0,0,HAYIR,HAYIR
2026-08-19 12:19:50.801,0.60,0.56,31,0.0,0.0,0.000,-0.0,0,HAYIR,HAYIR
2026-08-19 12:19:50.822,0.60,0.56,31,0.0,0.0,0.000,-0.0,0,HAYIR,HAYIR
2026-08-19 12:19:50.841,0.60,0.56,31,0.0,0.0,0.000,-0.0,0,HAYIR,HAYIR
2026-08-19 12:19:50.861,0.60,0.56,31,0.0,0.0,0.000,-0.0,0,HAYIR,HAYIR
2026-08-19 12:19:50.881,0.60,0.56,31,0.0,0.0,0.000,-0.0,0,HAYIR,HAYIR
2026-08-19 12:19:50.901,0.60,0.56,31,0.0,0.0,0.000,-0.0,0,HAYIR,HAYIR
2026-08-19 12:19:50.921,0.60,0.56,31,0.0,0.0,0.000,-0.0,0,HAYIR,HAYIR
2026-08-19 12:19:50.941,0.60,0.56,31,0.0,0.0,0.000,-0.0,0,HAYIR,HAYIR
2026-08-19 12:19:50.962,0.60,0.56,31,0.0,0.0,0.000,-0.0,0,HAYIR,HAYIR
2026-08-19 12:19:50.981,0.60,0.56,31,0.0,0.0,0.000,-0.0,0,HAYIR,HAYIR
2026-08-19 12:19:51.001,0.60,0.57,31,0.0,0.0,0.000,-0.0,0,HAYIR,HAYIR
2026-08-19 12:19:51.022,0.60,0.57,31,0.0,0.0,0.000,-0.0,0,HAYIR,HAYIR
2026-08-19 12:19:51.041,0.60,0.57,31,0.0,0.0,0.000,-0.0,0,HAYIR,HAYIR
2026-08-19 12:19:51.062,0.60,0.57,31,0.0,0.0,0.000,-0.0,0,HAYIR,HAYIR
2026-08-19 12:19:51.081,0.60,0.57,31,0.0,0.0,0.000,-0.0,0,HAYIR,HAYIR
2026-08-19 12:19:51.102,0.60,0.57,31,0.0,0.0,0.000,-0.0,0,HAYIR,HAYIR
2026-08-19 12:19:51.121,0.60,0.57,31,0.0,0.0,0.000,-0.0,0,HAYIR,HAYIR
2026-08-19 12:19:51.141,0.60,0.57,31,0.0,0.0,0.000,-0.0,0,HAYIR,HAYIR
2026-08-19 12:19:51.162,0.60,0.57,31,0.0,0.0,0.000,-0.0,0,HAYIR,HAYIR
2026-08-19 12:19:51.182,0.60,0.57,31,0.0,0.0,0.000,-0.0,0,HAYIR,HAYIR
2026-08-19 12:19:51.201,0.60,0.57,31,0.0,0.0,0.000,-0.0,0,HAYIR,HAYIR
2026-08-19 12:19:51.222,0.60,0.57,31,0.0,0.0,0.000,-0.0,0,HAYIR,HAYIR
2026-08-19 12:19:51.241,0.60,0.57,31,0.0,0.0,0.000,-0.0,0,HAYIR,HAYIR
2026-08-19 12:19:51.261,0.60,0.57,31,0.0,0.0,0.000,-0.0,0,HAYIR,HAYIR
2026-08-19 12:19:51.281,0.60,0.57,31,0.0,0.0,0.000,-0.0,0,HAYIR,HAYIR
2026-08-19 12:19:51.302,0.60,0.57,31,0.0,0.0,0.000,-0.0,0,HAYIR,HAYIR
2026-08-19 12:19:51.321,0.60,0.57,31,0.0,0.0,0.000,-0.0,0,HAYIR,HAYIR
2026-08-19 12:19:51.342,0.60,0.57,31,0.0,0.0,0.000,-0.0,0,HAYIR,HAYIR
2026-08-19 12:19:51.362,0.60,0.57,31,0.0,0.0,0.000,-0.0,0,HAYIR,HAYIR
2026-08-19 12:19:51.381,0.60,0.58,31,0.0,0.0,0.000,-0.0,0,HAYIR,HAYIR
2026-08-19 12:19:51.401,0.60,0.58,31,0.0,0.0,0.000,-0.0,0,HAYIR,HAYIR
2026-08-19 12:19:51.421,0.60,0.58,31,0.0,0.0,0.000,-0.0,0,HAYIR,HAYIR
2026-08-19 12:19:51.442,0.60,0.58,31,0.0,0.0,0.000,-0.0,0,HAYIR,HAYIR
2026-08-19 12:19:51.461,0.60,0.58,31,0.0,0.0,0.000,-0.0,0,HAYIR,HAYIR
2026-08-19 12:19:51.482,0.60,0.58,31,0.0,0.0,0.000,-0.0,0,HAYIR,HAYIR
2026-08-19 12:19:51.502,0.60,0.58,31,0.0,0.0,0.000,-0.0,0,HAYIR,HAYIR
2026-08-19 12:19:51.522,0.60,0.58,31,0.0,0.0,0.000,-0.0,0,HAYIR,HAYIR
2026-08-19 12:19:51.542,0.60,0.58,31,0.0,0.0,0.000,-0.0,0,HAYIR,HAYIR
2026-08-19 12:19:51.562,0.60,0.58,31,0.0,0.0,0.000,-0.0,0,HAYIR,HAYIR
2026-08-19 12:19:51.582,0.60,0.58,31,0.0,0.0,0.000,-0.0,0,HAYIR,HAYIR
2026-08-19 12:19:51.602,0.60,0.58,31,0.0,0.0,0.000,-0.0,0,HAYIR,HAYIR
2026-08-19 12:19:51.621,0.60,0.58,31,0.0,0.0,0.000,-0.0,0,HAYIR,HAYIR
2026-08-19 12:19:51.641,0.60,0.58,31,0.0,0.0,0.000,-0.0,0,HAYIR,HAYIR
2026-08-19 12:19:51.662,0.60,0.58,31,0.0,0.0,0.000,-0.0,0,HAYIR,HAYIR
2026-08-19 12:19:51.682,0.60,0.58,31,0.0,0.0,0.000,-0.0,0,HAYIR,HAYIR
2026-08-19 12:19:51.701,0.60,0.58,31,0.0,0.0,0.000,-0.0,0,HAYIR,HAYIR
2026-08-19 12:19:51.721,0.60,0.61,28,0.0,0.0,0.000,-0.0,0,HAYIR,HAYIR
2026-08-19 12:19:51.741,0.60,0.61,28,0.0,0.0,0.000,-0.0,0,HAYIR,HAYIR
2026-08-19 12:19:51.761,0.60,0.61,28,0.0,0.0,0.000,-0.0,0,HAYIR,HAYIR
2026-08-19 12:19:51.782,0.60,0.61,28,0.0,0.0,0.000,-0.0,0,HAYIR,HAYIR
2026-08-19 12:19:51.801,0.60,0.61,28,0.0,0.0,0.000,-0.0,0,HAYIR,HAYIR
2026-08-19 12:19:51.821,0.60,0.61,28,0.0,0.0,0.000,-0.0,0,HAYIR,HAYIR
2026-08-19 12:19:51.842,0.60,0.61,28,0.0,0.0,0.000,-0.0,0,HAYIR,HAYIR
2026-08-19 12:19:51.861,0.60,0.61,28,0.0,0.0,0.000,-0.0,0,HAYIR,HAYIR
2026-08-19 12:19:51.881,0.60,0.61,28,0.0,0.0,0.000,-0.0,0,HAYIR,HAYIR
2026-08-19 12:19:51.902,0.60,0.61,28,0.0,0.0,0.000,-0.0,0,HAYIR,HAYIR
2026-08-19 12:19:51.922,0.60,0.61,28,0.0,0.0,0.000,-0.0,0,HAYIR,HAYIR
2026-08-19 12:19:51.941,0.60,0.61,28,0.0,0.0,0.000,-0.0,0,HAYIR,HAYIR
2026-08-19 12:19:51.961,0.60,0.61,28,0.0,0.0,0.000,-0.0,0,HAYIR,HAYIR
2026-08-19 12:19:51.981,0.60,0.61,28,0.0,0.0,0.000,-0.0,0,HAYIR,HAYIR
2026-08-19 12:19:52.002,0.60,0.61,28,0.0,0.0,0.000,-0.0,0,HAYIR,HAYIR
2026-08-19 12:19:52.022,0.60,0.61,28,0.0,0.0,0.000,-0.0,0,HAYIR,HAYIR
2026-08-19 12:19:52.042,0.60,0.63,28,0.0,0.0,0.000,-0.0,0,HAYIR,HAYIR
2026-08-19 12:19:52.061,0.60,0.63,28,0.0,0.0,0.000,-0.0,0,HAYIR,HAYIR
2026-08-19 12:19:52.081,0.60,0.63,28,0.0,0.0,0.000,-0.0,0,HAYIR,HAYIR
2026-08-19 12:19:52.101,0.60,0.63,28,0.0,0.0,0.000,-0.0,0,HAYIR,HAYIR
2026-08-19 12:19:52.121,0.60,0.63,28,0.0,0.0,0.000,-0.0,0,HAYIR,HAYIR
2026-08-19 12:19:52.142,0.60,0.63,28,0.0,0.0,0.000,-0.0,0,HAYIR,HAYIR
2026-08-19 12:19:52.162,0.60,0.63,28,0.0,0.0,0.000,-0.0,0,HAYIR,HAYIR
2026-08-19 12:19:52.181,0.60,0.63,28,0.0,0.0,0.000,-0.0,0,HAYIR,HAYIR
2026-08-19 12:19:52.201,0.60,0.63,28,0.0,0.0,0.000,-0.0,0,HAYIR,HAYIR
2026-08-19 12:19:52.221,0.60,0.63,28,0.0,0.0,0.000,-0.0,0,HAYIR,HAYIR
2026-08-19 12:19:52.241,0.60,0.63,28,0.0,0.0,0.000,-0.0,0,HAYIR,HAYIR
2026-08-19 12:19:52.261,0.60,0.63,28,0.0,0.0,0.000,-0.0,0,HAYIR,HAYIR
2026-08-19 12:19:52.281,0.60,0.63,28,0.0,0.0,0.000,-0.0,0,HAYIR,HAYIR
2026-08-19 12:19:52.301,0.60,0.63,28,0.0,0.0,0.000,-0.0,0,HAYIR,HAYIR
2026-08-19 12:19:52.321,0.60,0.63,28,0.0,0.0,0.000,-0.0,0,HAYIR,HAYIR
2026-08-19 12:19:52.341,0.60,0.63,28,0.0,0.0,0.000,-0.0,0,HAYIR,HAYIR
2026-08-19 12:19:52.362,0.60,0.65,28,0.0,0.0,0.000,-0.0,0,HAYIR,HAYIR
2026-08-19 12:19:52.381,0.60,0.65,28,0.0,0.0,0.000,-0.0,0,HAYIR,HAYIR
2026-08-19 12:19:52.401,0.60,0.65,28,0.0,0.0,0.000,-0.0,0,HAYIR,HAYIR
2026-08-19 12:19:52.422,0.60,0.65,28,0.0,0.0,0.000,-0.0,0,HAYIR,HAYIR
2026-08-19 12:19:52.442,0.60,0.65,28,0.0,0.0,0.000,-0.0,0,HAYIR,HAYIR
2026-08-19 12:19:52.461,0.60,0.65,28,0.0,0.0,0.000,-0.0,0,HAYIR,HAYIR
2026-08-19 12:19:52.481,0.60,0.65,28,0.0,0.0,0.000,-0.0,0,HAYIR,HAYIR
2026-08-19 12:19:52.501,0.60,0.65,28,0.0,0.0,0.000,-0.0,0,HAYIR,HAYIR
2026-08-19 12:19:52.522,0.60,0.65,28,0.0,0.0,0.000,-0.0,0,HAYIR,HAYIR
2026-08-19 12:19:52.542,0.60,0.65,28,0.0,0.0,0.000,-0.0,0,HAYIR,HAYIR
2026-08-19 12:19:52.562,0.60,0.65,28,0.0,0.0,0.000,-0.0,0,HAYIR,HAYIR
2026-08-19 12:19:52.582,0.60,0.65,28,0.0,0.0,0.000,-0.0,0,HAYIR,HAYIR
2026-08-19 12:19:52.601,0.60,0.65,28,0.0,0.0,0.000,-0.0,0,HAYIR,HAYIR
2026-08-19 12:19:52.621,0.60,0.65,28,0.0,0.0,0.000,-0.0,0,HAYIR,HAYIR
2026-08-19 12:19:52.641,0.60,0.65,28,0.0,0.0,0.000,-0.0,0,HAYIR,HAYIR
2026-08-19 12:19:52.661,0.60,0.65,28,0.0,0.0,0.000,-0.0,0,HAYIR,HAYIR
2026-08-19 12:19:52.681,0.60,0.64,28,0.0,0.0,0.000,-0.0,0,HAYIR,HAYIR
2026-08-19 12:19:52.701,0.60,0.64,28,0.0,0.0,0.000,-0.0,0,HAYIR,HAYIR
2026-08-19 12:19:52.721,0.60,0.64,28,0.0,0.0,0.000,-0.0,0,HAYIR,HAYIR
2026-08-19 12:19:52.741,0.60,0.64,28,0.0,0.0,0.000,-0.0,0,HAYIR,HAYIR
2026-08-19 12:19:52.761,0.60,0.64,28,0.0,0.0,0.000,-0.0,0,HAYIR,HAYIR
2026-08-19 12:19:52.781,0.60,0.64,28,0.0,0.0,0.000,-0.0,0,HAYIR,HAYIR
2026-08-19 12:19:52.801,0.60,0.64,28,0.0,0.0,0.000,-0.0,0,HAYIR,HAYIR
2026-08-19 12:19:52.821,0.60,0.64,28,0.0,0.0,0.000,-0.0,0,HAYIR,HAYIR
2026-08-19 12:19:52.841,0.60,0.64,28,0.0,0.0,0.000,-0.0,0,HAYIR,HAYIR
2026-08-19 12:19:52.861,0.60,0.64,28,0.0,0.0,0.000,-0.0,0,HAYIR,HAYIR
2026-08-19 12:19:52.882,0.60,0.64,28,0.0,0.0,0.000,-0.0,0,HAYIR,HAYIR
2026-08-19 12:19:52.902,0.60,0.64,28,0.0,0.0,0.000,-0.0,0,HAYIR,HAYIR
2026-08-19 12:19:52.921,0.60,0.64,28,0.0,0.0,0.000,-0.0,0,HAYIR,HAYIR
2026-08-19 12:19:52.942,0.60,0.64,28,0.0,0.0,0.000,-0.0,0,HAYIR,HAYIR
2026-08-19 12:19:52.962,0.60,0.64,28,0.0,0.0,0.000,-0.0,0,HAYIR,HAYIR
2026-08-19 12:19:52.982,0.60,0.64,28,0.0,0.0,0.000,-0.0,0,HAYIR,HAYIR
2026-08-19 12:19:53.001,0.60,0.64,28,0.0,0.0,0.000,-0.0,0,HAYIR,HAYIR
2026-08-19 12:19:53.021,0.60,0.64,28,0.0,0.0,0.000,-0.0,0,HAYIR,HAYIR
2026-08-19 12:19:53.042,0.60,0.64,28,0.0,0.0,-0.030,22.4,1,HAYIR,HAYIR
2026-08-19 12:19:53.062,0.60,0.63,28,0.0,0.0,-0.030,22.4,1,HAYIR,HAYIR
2026-08-19 12:19:53.081,0.60,0.63,28,0.0,0.0,-0.030,22.4,2,HAYIR,HAYIR
2026-08-19 12:19:53.102,0.60,0.63,28,0.0,0.0,-0.030,22.6,2,HAYIR,HAYIR
2026-08-19 12:19:53.122,0.60,0.63,28,0.0,0.0,-0.030,22.6,3,HAYIR,HAYIR
2026-08-19 12:19:53.142,0.60,0.63,28,0.0,0.0,-0.031,22.8,3,HAYIR,HAYIR
2026-08-19 12:19:53.162,0.60,0.63,28,0.0,0.0,-0.031,22.8,4,HAYIR,HAYIR
2026-08-19 12:19:53.182,0.60,0.63,28,0.0,0.0,-0.031,22.8,4,HAYIR,HAYIR
2026-08-19 12:19:53.201,0.60,0.63,28,0.0,0.0,-0.031,22.9,5,HAYIR,HAYIR
2026-08-19 12:19:53.222,0.60,0.63,28,0.0,0.0,-0.031,22.9,6,HAYIR,HAYIR
2026-08-19 12:19:53.242,0.60,0.63,28,0.0,0.0,-0.031,23.1,6,HAYIR,HAYIR
2026-08-19 12:19:53.261,0.60,0.63,28,0.0,0.0,-0.031,23.1,7,HAYIR,HAYIR
2026-08-19 12:19:53.281,0.60,0.63,28,0.0,0.0,-0.031,23.1,7,HAYIR,HAYIR
2026-08-19 12:19:53.302,0.60,0.63,28,0.0,0.0,-0.031,23.2,8,HAYIR,HAYIR
2026-08-19 12:19:53.322,0.60,0.63,28,0.0,0.0,-0.031,23.2,8,HAYIR,HAYIR
2026-08-19 12:19:53.342,0.60,0.63,28,0.0,0.0,-0.031,23.3,9,HAYIR,HAYIR
2026-08-19 12:19:53.362,0.60,0.63,28,0.0,0.0,-0.031,23.3,10,HAYIR,HAYIR
2026-08-19 12:19:53.381,0.60,0.61,28,0.0,0.0,-0.031,23.3,10,HAYIR,HAYIR
2026-08-19 12:19:53.402,0.60,0.61,28,0.0,0.0,-0.081,59.8,11,HAYIR,HAYIR
2026-08-19 12:19:53.422,0.60,0.61,28,0.0,0.0,-0.081,59.8,11,HAYIR,HAYIR
2026-08-19 12:19:53.442,0.60,0.61,28,0.0,0.0,-0.131,94.3,12,HAYIR,HAYIR
2026-08-19 12:19:53.461,0.60,0.61,28,0.0,0.0,-0.131,94.3,12,HAYIR,HAYIR
2026-08-19 12:19:53.481,0.60,0.61,28,0.0,0.0,-0.131,94.3,13,HAYIR,HAYIR
2026-08-19 12:19:53.501,0.60,0.61,28,0.0,0.0,-0.175,122.6,13,HAYIR,HAYIR
2026-08-19 12:19:53.521,0.60,0.61,28,0.0,0.0,-0.175,122.6,14,HAYIR,HAYIR
2026-08-19 12:19:53.541,0.60,0.61,28,0.0,0.0,-0.176,122.8,15,HAYIR,HAYIR
2026-08-19 12:19:53.562,0.60,0.61,28,0.0,0.0,-0.176,122.8,15,HAYIR,HAYIR
2026-08-19 12:19:53.582,0.60,0.61,28,0.0,0.0,-0.176,122.8,16,HAYIR,HAYIR
2026-08-19 12:19:53.601,0.60,0.61,28,0.0,0.0,-0.176,123.1,16,HAYIR,HAYIR
2026-08-19 12:19:53.622,0.60,0.61,28,0.0,0.0,-0.176,123.1,17,HAYIR,HAYIR
2026-08-19 12:19:53.642,0.60,0.61,28,0.0,0.0,-0.176,123.2,17,HAYIR,HAYIR
2026-08-19 12:19:53.661,0.60,0.61,28,0.0,0.0,-0.176,123.2,18,HAYIR,HAYIR
2026-08-19 12:19:53.681,0.60,0.61,28,0.0,0.0,-0.176,123.2,18,HAYIR,HAYIR
2026-08-19 12:19:53.701,0.60,0.59,32,0.0,0.0,-0.177,123.6,19,HAYIR,HAYIR
2026-08-19 12:19:53.721,0.60,0.59,31,0.0,0.0,-0.177,123.6,20,HAYIR,HAYIR
2026-08-19 12:19:53.741,0.60,0.59,31,0.0,0.0,-0.177,123.8,20,HAYIR,HAYIR
2026-08-19 12:19:53.762,0.60,0.59,31,0.0,0.0,-0.177,123.8,21,HAYIR,HAYIR
2026-08-19 12:19:53.781,0.60,0.59,31,0.0,0.0,-0.177,123.8,21,HAYIR,HAYIR
2026-08-19 12:19:53.801,0.60,0.59,31,0.0,0.0,-0.178,124.0,22,HAYIR,HAYIR
2026-08-19 12:19:53.821,0.60,0.59,31,0.0,0.0,-0.178,124.0,22,HAYIR,HAYIR
2026-08-19 12:19:53.842,0.60,0.59,31,0.0,0.0,-0.178,124.2,23,HAYIR,HAYIR
2026-08-19 12:19:53.861,0.60,0.59,31,0.0,0.0,-0.178,124.2,24,HAYIR,HAYIR
2026-08-19 12:19:53.881,0.60,0.59,31,0.0,0.0,-0.178,124.2,24,HAYIR,HAYIR
2026-08-19 12:19:53.901,0.60,0.59,31,0.0,0.0,-0.179,124.6,25,HAYIR,HAYIR
2026-08-19 12:19:53.921,0.60,0.59,31,0.0,0.0,-0.179,124.6,25,HAYIR,HAYIR
2026-08-19 12:19:53.941,0.60,0.59,31,0.0,0.0,-0.178,124.5,26,HAYIR,HAYIR
2026-08-19 12:19:53.962,0.60,0.59,31,0.0,0.0,-0.178,124.5,26,HAYIR,HAYIR
2026-08-19 12:19:53.981,0.60,0.59,31,0.0,0.0,-0.178,124.5,27,HAYIR,HAYIR
2026-08-19 12:19:54.001,0.60,0.59,31,0.0,0.0,-0.179,125.0,27,HAYIR,HAYIR
2026-08-19 12:19:54.021,0.60,0.57,32,0.0,0.0,-0.179,125.0,28,HAYIR,HAYIR
2026-08-19 12:19:54.042,0.60,0.57,31,0.0,0.0,-0.179,125.0,29,HAYIR,HAYIR
2026-08-19 12:19:54.061,0.60,0.57,31,0.0,0.0,-0.179,125.0,29,HAYIR,HAYIR
2026-08-19 12:19:54.081,0.60,0.57,31,0.0,0.0,-0.179,125.0,30,HAYIR,HAYIR
2026-08-19 12:19:54.101,0.60,0.57,31,0.0,0.0,-0.180,125.4,30,HAYIR,HAYIR
2026-08-19 12:19:54.121,0.60,0.57,31,0.0,0.0,-0.180,125.4,31,HAYIR,HAYIR
2026-08-19 12:19:54.141,0.60,0.57,31,0.0,0.0,-0.180,125.5,31,HAYIR,HAYIR
2026-08-19 12:19:54.162,0.60,0.57,31,0.0,0.0,-0.180,125.5,32,HAYIR,HAYIR
2026-08-19 12:19:54.182,0.60,0.57,31,0.0,0.0,-0.180,125.5,32,HAYIR,HAYIR
2026-08-19 12:19:54.201,0.60,0.57,31,0.0,0.0,-0.181,125.9,33,HAYIR,HAYIR
2026-08-19 12:19:54.222,0.60,0.57,31,0.0,0.0,-0.181,125.9,34,HAYIR,HAYIR
2026-08-19 12:19:54.242,0.60,0.57,31,0.0,0.0,-0.181,126.0,34,HAYIR,HAYIR
2026-08-19 12:19:54.261,0.60,0.57,31,0.0,0.0,-0.181,126.0,35,HAYIR,HAYIR
2026-08-19 12:19:54.281,0.60,0.57,31,0.0,0.0,-0.181,126.0,35,HAYIR,HAYIR
2026-08-19 12:19:54.301,0.60,0.57,31,0.0,0.0,-0.181,126.4,36,HAYIR,HAYIR
2026-08-19 12:19:54.321,0.60,0.57,31,0.0,0.0,-0.181,126.4,36,HAYIR,HAYIR
2026-08-19 12:19:54.341,0.60,0.55,32,0.0,0.0,-0.182,126.4,37,HAYIR,HAYIR
2026-08-19 12:19:54.362,0.60,0.55,31,0.0,0.0,-0.182,126.4,38,HAYIR,HAYIR
2026-08-19 12:19:54.381,0.60,0.55,31,0.0,0.0,-0.182,126.4,38,HAYIR,HAYIR
2026-08-19 12:19:54.401,0.60,0.55,31,0.0,0.0,-0.188,130.6,39,HAYIR,HAYIR
2026-08-19 12:19:54.422,0.60,0.55,31,0.0,0.0,-0.188,130.6,39,HAYIR,HAYIR
2026-08-19 12:19:54.442,0.60,0.55,31,0.0,0.0,-0.189,130.8,40,HAYIR,HAYIR
2026-08-19 12:19:54.461,0.60,0.55,31,0.0,0.0,-0.189,130.8,40,HAYIR,HAYIR
2026-08-19 12:19:54.481,0.60,0.55,31,0.0,0.0,-0.189,130.8,41,HAYIR,HAYIR
2026-08-19 12:19:54.502,0.60,0.55,31,0.0,0.0,-0.190,131.2,41,HAYIR,HAYIR
2026-08-19 12:19:54.521,0.60,0.55,31,0.0,0.0,-0.190,131.2,42,HAYIR,HAYIR
2026-08-19 12:19:54.541,0.60,0.55,31,0.0,0.0,-0.190,131.4,43,HAYIR,HAYIR
2026-08-19 12:19:54.562,0.60,0.55,31,0.0,0.0,-0.190,131.4,43,HAYIR,HAYIR
2026-08-19 12:19:54.581,0.60,0.55,31,0.1,0.0,-0.190,131.4,44,HAYIR,HAYIR
2026-08-19 12:19:54.601,0.60,0.55,31,0.1,0.0,-0.191,131.9,44,HAYIR,HAYIR
2026-08-19 12:19:54.622,0.60,0.55,31,0.1,0.0,-0.191,131.9,45,HAYIR,HAYIR
2026-08-19 12:19:54.642,0.60,0.55,31,0.1,0.0,-0.191,132.0,45,HAYIR,HAYIR
2026-08-19 12:19:54.661,0.60,0.55,31,0.1,0.0,-0.191,132.0,46,HAYIR,HAYIR
2026-08-19 12:19:54.682,0.60,0.55,31,0.1,0.0,-0.191,132.0,46,HAYIR,HAYIR
2026-08-19 12:19:54.702,0.60,0.55,31,0.1,0.0,-0.191,132.4,47,HAYIR,HAYIR
2026-08-19 12:19:54.721,0.60,0.55,32,0.1,0.0,-0.191,132.4,48,HAYIR,HAYIR
2026-08-19 12:19:54.742,0.60,0.55,31,0.1,0.0,-0.192,132.6,48,HAYIR,HAYIR
2026-08-19 12:19:54.762,0.60,0.55,31,0.2,0.0,-0.192,132.6,49,HAYIR,HAYIR
2026-08-19 12:19:54.781,0.60,0.55,31,0.2,0.0,-0.192,132.6,49,HAYIR,HAYIR
2026-08-19 12:19:54.801,0.60,0.55,31,0.2,0.0,-0.197,135.9,50,HAYIR,HAYIR
2026-08-19 12:19:54.822,0.60,0.55,31,0.2,0.0,-0.197,135.9,50,HAYIR,HAYIR
2026-08-19 12:19:54.842,0.60,0.55,32,0.2,0.0,-0.198,136.1,51,HAYIR,HAYIR
2026-08-19 12:19:54.862,0.60,0.55,32,0.2,0.0,-0.198,136.1,52,HAYIR,HAYIR
2026-08-19 12:19:54.881,0.60,0.55,32,0.2,0.0,-0.198,136.1,52,HAYIR,HAYIR
2026-08-19 12:19:54.901,0.60,0.55,32,0.2,0.0,-0.199,136.7,53,HAYIR,HAYIR
2026-08-19 12:19:54.921,0.60,0.55,32,0.2,0.0,-0.199,136.7,53,HAYIR,HAYIR
2026-08-19 12:19:54.942,0.60,0.55,32,0.2,0.0,-0.199,136.9,54,HAYIR,HAYIR
2026-08-19 12:19:54.962,0.60,0.55,32,0.2,0.0,-0.199,136.9,54,HAYIR,HAYIR
2026-08-19 12:19:54.982,0.60,0.55,32,0.2,0.0,-0.199,136.9,55,HAYIR,HAYIR
2026-08-19 12:19:55.001,0.60,0.55,32,0.2,0.0,-0.200,137.4,55,HAYIR,HAYIR
2026-08-19 12:19:55.022,0.60,0.55,32,0.3,0.0,-0.200,137.4,56,HAYIR,HAYIR
2026-08-19 12:19:55.042,0.60,0.57,31,0.3,0.0,-0.200,137.6,57,HAYIR,HAYIR
2026-08-19 12:19:55.061,0.60,0.57,32,0.3,0.0,-0.200,137.6,57,HAYIR,HAYIR
2026-08-19 12:19:55.082,0.60,0.57,32,0.3,0.0,-0.200,137.6,58,HAYIR,HAYIR
2026-08-19 12:19:55.101,0.60,0.57,32,0.3,0.0,-0.202,138.4,58,HAYIR,HAYIR
2026-08-19 12:19:55.121,0.60,0.57,32,0.3,0.0,-0.202,138.4,59,HAYIR,HAYIR
2026-08-19 12:19:55.141,0.60,0.57,32,0.3,0.0,-0.202,138.7,59,HAYIR,HAYIR
2026-08-19 12:19:55.161,0.60,0.57,32,0.3,0.0,-0.202,138.7,60,HAYIR,HAYIR
2026-08-19 12:19:55.182,0.60,0.57,32,0.3,0.0,-0.202,138.7,60,HAYIR,HAYIR
2026-08-19 12:19:55.201,0.60,0.57,32,0.3,0.0,-0.203,139.2,61,HAYIR,HAYIR
2026-08-19 12:19:55.221,0.60,0.57,32,0.4,0.0,-0.203,139.2,62,HAYIR,HAYIR
2026-08-19 12:19:55.241,0.60,0.57,32,0.4,0.0,-0.203,139.5,62,HAYIR,HAYIR
2026-08-19 12:19:55.261,0.60,0.57,32,0.4,0.0,-0.203,139.5,63,HAYIR,HAYIR
2026-08-19 12:19:55.281,0.60,0.57,32,0.4,0.0,-0.203,139.5,63,HAYIR,HAYIR
2026-08-19 12:19:55.302,0.60,0.57,32,0.4,0.0,-0.204,139.9,64,HAYIR,HAYIR
2026-08-19 12:19:55.321,0.60,0.57,32,0.4,0.0,-0.204,139.9,64,HAYIR,HAYIR
2026-08-19 12:19:55.342,0.60,0.57,32,0.4,0.0,-0.205,140.2,65,HAYIR,HAYIR
2026-08-19 12:19:55.362,0.60,0.60,31,0.4,0.0,-0.205,140.2,66,HAYIR,HAYIR
2026-08-19 12:19:55.382,0.60,0.60,32,0.4,0.0,-0.205,140.2,66,HAYIR,HAYIR
2026-08-19 12:19:55.401,0.60,0.60,32,0.5,0.0,-0.186,128.9,67,HAYIR,HAYIR
2026-08-19 12:19:55.421,0.60,0.60,32,0.5,0.0,-0.186,128.9,67,HAYIR,HAYIR
2026-08-19 12:19:55.442,0.60,0.60,32,0.5,0.0,-0.180,125.8,68,HAYIR,HAYIR
2026-08-19 12:19:55.462,0.60,0.60,32,0.5,0.0,-0.180,125.8,68,HAYIR,HAYIR
2026-08-19 12:19:55.481,0.60,0.60,32,0.5,0.0,-0.180,125.8,69,HAYIR,HAYIR
2026-08-19 12:19:55.501,0.60,0.60,32,0.5,0.0,-0.181,126.0,69,HAYIR,HAYIR
2026-08-19 12:19:55.522,0.60,0.60,32,0.5,0.0,-0.181,126.0,70,HAYIR,HAYIR
2026-08-19 12:19:55.542,0.60,0.60,32,0.5,0.0,-0.181,126.3,71,HAYIR,HAYIR
2026-08-19 12:19:55.562,0.60,0.60,32,0.5,0.0,-0.181,126.3,71,HAYIR,HAYIR
2026-08-19 12:19:55.581,0.60,0.60,32,0.5,0.0,-0.181,126.3,72,HAYIR,HAYIR
2026-08-19 12:19:55.601,0.60,0.60,32,0.5,0.0,-0.182,126.7,72,HAYIR,HAYIR
2026-08-19 12:19:55.622,0.60,0.60,32,0.5,0.0,-0.182,126.7,73,HAYIR,HAYIR
2026-08-19 12:19:55.642,0.60,0.60,32,0.5,0.0,-0.182,126.8,73,HAYIR,HAYIR
2026-08-19 12:19:55.662,0.60,0.60,32,0.6,0.0,-0.182,126.8,74,HAYIR,HAYIR
2026-08-19 12:19:55.681,0.60,0.62,29,0.6,0.0,-0.182,126.8,74,HAYIR,HAYIR
2026-08-19 12:19:55.701,0.60,0.62,29,0.6,0.0,-0.182,126.9,75,HAYIR,HAYIR
2026-08-19 12:19:55.722,0.60,0.62,29,0.6,0.0,-0.182,126.9,76,HAYIR,HAYIR
2026-08-19 12:19:55.741,0.60,0.62,29,0.6,0.0,-0.175,122.6,76,HAYIR,HAYIR
2026-08-19 12:19:55.762,0.60,0.62,29,0.6,0.0,-0.175,122.6,77,HAYIR,HAYIR
2026-08-19 12:19:55.782,0.60,0.62,29,0.6,0.0,-0.175,122.6,77,HAYIR,HAYIR
2026-08-19 12:19:55.802,0.60,0.62,29,0.6,0.0,-0.175,122.7,78,HAYIR,HAYIR
2026-08-19 12:19:55.821,0.60,0.62,29,0.6,0.0,-0.175,122.7,78,HAYIR,HAYIR
2026-08-19 12:19:55.842,0.60,0.62,29,0.7,0.0,-0.176,122.8,79,HAYIR,HAYIR
2026-08-19 12:19:55.862,0.60,0.62,29,0.7,0.0,-0.176,122.8,80,HAYIR,HAYIR
2026-08-19 12:19:55.882,0.60,0.62,29,0.7,0.0,-0.176,122.8,80,HAYIR,HAYIR
2026-08-19 12:19:55.902,0.60,0.62,29,0.7,0.0,-0.176,122.8,81,HAYIR,HAYIR
2026-08-19 12:19:55.922,0.60,0.62,29,0.7,0.0,-0.176,122.8,81,HAYIR,HAYIR
2026-08-19 12:19:55.941,0.60,0.62,29,0.7,0.0,-0.176,122.8,82,HAYIR,HAYIR
2026-08-19 12:19:55.962,0.60,0.62,29,0.7,0.0,-0.176,122.8,82,HAYIR,HAYIR
2026-08-19 12:19:55.982,0.60,0.62,29,0.7,0.0,-0.176,122.8,83,HAYIR,HAYIR
2026-08-19 12:19:56.001,0.60,0.66,29,0.7,0.0,-0.176,122.8,83,HAYIR,HAYIR
2026-08-19 12:19:56.022,0.60,0.66,29,0.7,0.0,-0.176,122.8,84,HAYIR,HAYIR
2026-08-19 12:19:56.042,0.60,0.66,29,0.8,0.0,-0.176,122.9,85,HAYIR,HAYIR
2026-08-19 12:19:56.062,0.60,0.66,29,0.8,0.0,-0.176,122.9,85,HAYIR,HAYIR
2026-08-19 12:19:56.081,0.60,0.66,29,0.8,0.0,-0.176,122.9,86,HAYIR,HAYIR
2026-08-19 12:19:56.101,0.60,0.66,29,0.8,0.0,-0.174,121.8,86,HAYIR,HAYIR
2026-08-19 12:19:56.122,0.60,0.66,29,0.8,0.0,-0.174,121.8,87,HAYIR,HAYIR
2026-08-19 12:19:56.142,0.57,0.66,29,0.8,0.0,-0.124,93.0,87,HAYIR,HAYIR
2026-08-19 12:19:56.162,0.57,0.66,29,0.8,0.0,-0.124,93.0,88,HAYIR,HAYIR
2026-08-19 12:19:56.182,0.57,0.66,29,0.8,0.0,-0.124,93.0,88,HAYIR,HAYIR
2026-08-19 12:19:56.201,0.55,0.66,29,0.8,0.0,-0.074,59.3,88,HAYIR,HAYIR
2026-08-19 12:19:56.222,0.55,0.66,29,0.8,0.0,-0.074,59.3,87,HAYIR,HAYIR
2026-08-19 12:19:56.242,0.52,0.66,29,0.8,0.0,0.000,-0.0,87,HAYIR,HAYIR
2026-08-19 12:19:56.261,0.52,0.66,29,0.8,0.0,0.000,-0.0,86,HAYIR,HAYIR
2026-08-19 12:19:56.281,0.52,0.66,29,0.8,0.0,0.000,-0.0,86,HAYIR,HAYIR
2026-08-19 12:19:56.302,0.50,0.66,29,0.8,0.0,0.000,-0.0,85,HAYIR,HAYIR
2026-08-19 12:19:56.322,0.50,0.66,29,0.8,0.0,0.000,-0.0,85,HAYIR,HAYIR
2026-08-19 12:19:56.341,0.47,0.66,29,0.7,0.0,0.000,-0.0,84,HAYIR,HAYIR
2026-08-19 12:19:56.362,0.47,0.66,29,0.7,0.0,0.000,-0.0,83,HAYIR,HAYIR
2026-08-19 12:19:56.382,0.47,0.66,29,0.7,0.0,0.000,-0.0,83,HAYIR,HAYIR
2026-08-19 12:19:56.401,0.45,0.68,29,0.7,0.0,0.000,-0.0,82,HAYIR,HAYIR
2026-08-19 12:19:56.421,0.45,0.68,29,0.7,0.0,0.000,-0.0,82,HAYIR,HAYIR
2026-08-19 12:19:56.442,0.42,0.68,29,0.7,0.0,0.000,-0.0,81,HAYIR,HAYIR
2026-08-19 12:19:56.462,0.42,0.68,29,0.7,0.0,0.000,-0.0,81,HAYIR,HAYIR
2026-08-19 12:19:56.482,0.42,0.68,29,0.7,0.0,0.000,-0.0,80,HAYIR,HAYIR
2026-08-19 12:19:56.501,0.40,0.68,29,0.7,0.0,0.000,-0.0,80,HAYIR,HAYIR
2026-08-19 12:19:56.521,0.40,0.68,29,0.7,0.0,0.000,-0.0,79,HAYIR,HAYIR
2026-08-19 12:19:56.541,0.37,0.68,29,0.6,0.0,0.000,-0.0,78,HAYIR,HAYIR
2026-08-19 12:19:56.561,0.37,0.68,29,0.6,0.0,0.000,-0.0,78,HAYIR,HAYIR
2026-08-19 12:19:56.581,0.37,0.68,29,0.6,0.0,0.000,-0.0,77,HAYIR,HAYIR
2026-08-19 12:19:56.601,0.35,0.68,29,0.6,0.0,0.000,-0.0,77,HAYIR,HAYIR
2026-08-19 12:19:56.621,0.35,0.68,29,0.6,0.0,0.000,-0.0,76,HAYIR,HAYIR
2026-08-19 12:19:56.642,0.32,0.68,29,0.6,0.0,0.000,-0.0,76,HAYIR,HAYIR
2026-08-19 12:19:56.662,0.32,0.68,29,0.6,0.0,0.000,-0.0,75,HAYIR,HAYIR
2026-08-19 12:19:56.682,0.32,0.68,29,0.6,0.0,0.000,-0.0,74,HAYIR,HAYIR
2026-08-19 12:19:56.702,0.30,0.68,29,0.6,0.0,0.000,-0.0,74,HAYIR,HAYIR
2026-08-19 12:19:56.722,0.30,0.69,29,0.5,0.0,0.000,-0.0,73,HAYIR,HAYIR
2026-08-19 12:19:56.742,0.27,0.69,29,0.5,0.0,0.000,-0.0,73,HAYIR,HAYIR
2026-08-19 12:19:56.762,0.27,0.69,29,0.5,0.0,0.000,-0.0,72,HAYIR,HAYIR
2026-08-19 12:19:56.782,0.27,0.69,29,0.5,0.0,0.000,-0.0,72,HAYIR,HAYIR
2026-08-19 12:19:56.801,0.25,0.69,29,0.5,0.0,0.000,-0.0,71,HAYIR,HAYIR
2026-08-19 12:19:56.821,0.25,0.69,29,0.5,0.0,0.000,-0.0,71,HAYIR,HAYIR
2026-08-19 12:19:56.842,0.22,0.69,28,0.5,0.0,0.000,-0.0,70,HAYIR,HAYIR
2026-08-19 12:19:56.862,0.22,0.69,28,0.5,0.0,0.000,-0.0,69,HAYIR,HAYIR
2026-08-19 12:19:56.881,0.22,0.69,28,0.5,0.0,0.000,-0.0,69,HAYIR,HAYIR
2026-08-19 12:19:56.902,0.20,0.69,28,0.5,0.0,0.000,-0.0,68,HAYIR,HAYIR
2026-08-19 12:19:56.922,0.20,0.69,28,0.5,0.0,0.000,-0.0,68,HAYIR,HAYIR
2026-08-19 12:19:56.942,0.17,0.69,28,0.5,0.0,0.000,-0.0,67,HAYIR,HAYIR
2026-08-19 12:19:56.962,0.17,0.69,28,0.5,0.0,0.000,-0.0,67,HAYIR,HAYIR
2026-08-19 12:19:56.982,0.17,0.69,28,0.4,0.0,0.000,-0.0,66,HAYIR,HAYIR
2026-08-19 12:19:57.002,0.15,0.69,28,0.4,0.0,0.000,-0.0,66,HAYIR,HAYIR
2026-08-19 12:19:57.021,0.15,0.69,28,0.4,0.0,0.000,-0.0,65,HAYIR,HAYIR
2026-08-19 12:19:57.042,0.12,0.69,28,0.4,0.0,0.000,-0.0,64,HAYIR,HAYIR
2026-08-19 12:19:57.062,0.12,0.69,28,0.4,0.0,0.000,-0.0,64,HAYIR,HAYIR
2026-08-19 12:19:57.081,0.12,0.69,28,0.4,0.0,0.000,-0.0,63,HAYIR,HAYIR
2026-08-19 12:19:57.102,0.10,0.69,28,0.4,0.0,0.000,-0.0,63,HAYIR,HAYIR
2026-08-19 12:19:57.122,0.10,0.69,28,0.4,0.0,0.000,-0.0,62,HAYIR,HAYIR
2026-08-19 12:19:57.142,0.07,0.69,28,0.4,0.0,0.000,-0.0,62,HAYIR,HAYIR
2026-08-19 12:19:57.162,0.07,0.69,28,0.3,0.0,0.000,-0.0,61,HAYIR,HAYIR
2026-08-19 12:19:57.182,0.07,0.69,28,0.3,0.0,0.000,-0.0,60,HAYIR,HAYIR
2026-08-19 12:19:57.201,0.05,0.69,28,0.3,0.0,0.000,-0.0,60,HAYIR,HAYIR
2026-08-19 12:19:57.222,0.05,0.69,28,0.3,0.0,0.000,-0.0,59,HAYIR,HAYIR
2026-08-19 12:19:57.242,0.02,0.69,28,0.3,0.0,0.000,-0.0,59,HAYIR,HAYIR
2026-08-19 12:19:57.262,0.02,0.69,28,0.3,0.0,0.000,-0.0,58,HAYIR,HAYIR
2026-08-19 12:19:57.281,0.02,0.69,28,0.3,0.0,0.000,-0.0,58,HAYIR,HAYIR
2026-08-19 12:19:57.302,0.00,0.69,0,0.0,0.0,0.000,0.0,57,EVET,HAYIR
2026-08-19 12:19:57.322,0.00,0.69,0,0.0,0.0,0.000,0.0,57,EVET,HAYIR
2026-08-19 12:19:57.342,0.00,0.69,0,0.0,0.0,0.000,0.0,56,EVET,HAYIR
2026-08-19 12:19:57.362,0.00,0.70,0,0.0,0.0,0.000,0.0,55,EVET,HAYIR
2026-08-19 12:19:57.382,0.00,0.70,0,0.0,0.0,0.000,0.0,55,EVET,HAYIR
2026-08-19 12:19:57.401,0.00,0.70,0,0.0,0.0,0.000,0.0,54,EVET,HAYIR
2026-08-19 12:19:57.422,0.00,0.70,0,0.0,0.0,0.000,0.0,54,EVET,HAYIR
2026-08-19 12:19:57.442,0.00,0.70,0,0.0,0.0,0.000,0.0,53,EVET,HAYIR
2026-08-19 12:19:57.462,0.00,0.70,0,0.0,0.0,0.000,0.0,53,EVET,HAYIR
2026-08-19 12:19:57.481,0.00,0.70,0,0.0,0.0,0.000,0.0,52,EVET,HAYIR
2026-08-19 12:19:57.502,0.00,0.70,0,0.0,0.0,0.000,0.0,52,EVET,HAYIR
2026-08-19 12:19:57.522,0.00,0.70,0,0.0,0.0,0.000,0.0,51,EVET,HAYIR
2026-08-19 12:19:57.542,0.00,0.70,0,0.0,0.0,0.000,0.0,50,EVET,HAYIR
2026-08-19 12:19:57.562,0.00,0.70,0,0.0,0.0,0.000,0.0,50,EVET,HAYIR
2026-08-19 12:19:57.582,0.00,0.70,0,0.0,0.0,0.000,0.0,49,EVET,HAYIR
2026-08-19 12:19:57.602,0.00,0.70,0,0.0,0.0,0.000,0.0,49,EVET,HAYIR
2026-08-19 12:19:57.622,0.00,0.70,0,0.0,0.0,0.000,0.0,48,EVET,HAYIR
2026-08-19 12:19:57.642,0.00,0.70,0,0.0,0.0,0.000,0.0,48,EVET,HAYIR
2026-08-19 12:19:57.661,0.00,0.70,0,0.0,0.0,0.000,0.0,47,EVET,HAYIR
2026-08-19 12:19:57.681,0.00,0.70,0,0.0,0.0,0.000,0.0,46,EVET,HAYIR
2026-08-19 12:19:57.701,0.00,0.70,0,0.0,0.0,0.000,0.0,46,EVET,HAYIR
2026-08-19 12:19:57.721,0.00,0.70,0,0.0,0.0,0.000,0.0,45,EVET,HAYIR
2026-08-19 12:19:57.741,0.00,0.70,0,0.0,0.0,0.000,0.0,45,EVET,HAYIR
2026-08-19 12:19:57.761,0.00,0.70,0,0.0,0.0,0.000,0.0,44,EVET,HAYIR
2026-08-19 12:19:57.781,0.00,0.70,0,0.0,0.0,0.000,0.0,44,EVET,HAYIR
2026-08-19 12:19:57.801,0.00,0.70,0,0.0,0.0,0.000,0.0,43,EVET,HAYIR
2026-08-19 12:19:57.821,0.00,0.70,0,0.0,0.0,0.000,0.0,43,EVET,HAYIR
2026-08-19 12:19:57.841,0.00,0.70,0,0.0,0.0,0.000,0.0,42,EVET,HAYIR
2026-08-19 12:19:57.861,0.00,0.70,0,0.0,0.0,0.000,0.0,41,EVET,HAYIR
2026-08-19 12:19:57.881,0.00,0.70,0,0.0,0.0,0.000,0.0,41,EVET,HAYIR
2026-08-19 12:19:57.901,0.00,0.70,0,0.0,0.0,0.000,0.0,40,EVET,HAYIR
2026-08-19 12:19:57.921,0.00,0.70,0,0.0,0.0,0.000,0.0,40,EVET,HAYIR
2026-08-19 12:19:57.941,0.00,0.70,0,0.0,0.0,0.000,0.0,39,EVET,HAYIR
2026-08-19 12:19:57.961,0.00,0.70,0,0.0,0.0,0.000,0.0,39,EVET,HAYIR
2026-08-19 12:19:57.981,0.00,0.70,0,0.0,0.0,0.000,0.0,38,EVET,HAYIR
2026-08-19 12:19:58.001,0.00,0.70,0,0.0,0.0,0.000,0.0,38,EVET,HAYIR
2026-08-19 12:19:58.021,0.00,0.70,0,0.0,0.0,0.000,0.0,37,EVET,HAYIR
2026-08-19 12:19:58.042,0.00,0.70,0,0.0,0.0,0.000,0.0,36,EVET,HAYIR
2026-08-19 12:19:58.061,0.00,0.70,0,0.0,0.0,0.000,0.0,36,EVET,HAYIR
2026-08-19 12:19:58.082,0.00,0.70,0,0.0,0.0,0.000,0.0,35,EVET,HAYIR
2026-08-19 12:19:58.101,0.00,0.70,0,0.0,0.0,0.000,0.0,35,EVET,HAYIR
2026-08-19 12:19:58.122,0.00,0.70,0,0.0,0.0,0.000,0.0,34,EVET,HAYIR
2026-08-19 12:19:58.141,0.00,0.70,0,0.0,0.0,0.000,0.0,34,EVET,HAYIR
2026-08-19 12:19:58.161,0.00,0.70,0,0.0,0.0,0.000,0.0,33,EVET,HAYIR
2026-08-19 12:19:58.182,0.00,0.70,0,0.0,0.0,0.000,0.0,32,EVET,HAYIR
2026-08-19 12:19:58.201,0.00,0.70,0,0.0,0.0,0.000,0.0,32,EVET,HAYIR
2026-08-19 12:19:58.221,0.00,0.70,0,0.0,0.0,0.000,0.0,31,EVET,HAYIR
2026-08-19 12:19:58.241,0.00,0.70,0,0.0,0.0,0.000,0.0,31,EVET,HAYIR
2026-08-19 12:19:58.261,0.00,0.70,0,0.0,0.0,0.000,0.0,30,EVET,HAYIR
2026-08-19 12:19:58.281,0.00,0.70,0,0.0,0.0,0.000,0.0,30,EVET,HAYIR
2026-08-19 12:19:58.301,0.00,0.70,0,0.0,0.0,0.000,0.0,29,EVET,HAYIR
2026-08-19 12:19:58.322,0.00,0.70,0,0.0,0.0,0.000,0.0,29,EVET,HAYIR
2026-08-19 12:19:58.341,0.00,0.70,0,0.0,0.0,0.000,0.0,28,EVET,HAYIR
2026-08-19 12:19:58.361,0.00,0.70,0,0.0,0.0,0.000,0.0,27,EVET,HAYIR
2026-08-19 12:19:58.382,0.00,0.66,0,0.0,0.0,0.000,0.0,27,EVET,HAYIR
2026-08-19 12:19:58.401,0.00,0.66,0,0.0,0.0,0.000,0.0,26,EVET,HAYIR
2026-08-19 12:19:58.421,0.00,0.66,0,0.0,0.0,0.000,0.0,26,EVET,HAYIR
2026-08-19 12:19:58.441,0.00,0.66,0,0.0,0.0,0.000,0.0,25,EVET,HAYIR
2026-08-19 12:19:58.462,0.00,0.66,0,0.0,0.0,0.000,0.0,25,EVET,HAYIR
2026-08-19 12:19:58.481,0.00,0.66,0,0.0,0.0,0.000,0.0,24,EVET,HAYIR
2026-08-19 12:19:58.501,0.00,0.66,0,0.0,0.0,0.000,0.0,24,EVET,HAYIR
2026-08-19 12:19:58.521,0.00,0.66,0,0.0,0.0,0.000,0.0,23,EVET,HAYIR
2026-08-19 12:19:58.541,0.00,0.66,0,0.0,0.0,0.000,0.0,22,EVET,HAYIR
2026-08-19 12:19:58.561,0.00,0.66,0,0.0,0.0,0.000,0.0,22,EVET,HAYIR
2026-08-19 12:19:58.581,0.00,0.66,0,0.0,0.0,0.000,0.0,21,EVET,HAYIR
2026-08-19 12:19:58.601,0.00,0.66,0,0.0,0.0,0.000,0.0,21,EVET,HAYIR
2026-08-19 12:19:58.621,0.00,0.66,0,0.0,0.0,0.000,0.0,20,EVET,HAYIR
2026-08-19 12:19:58.642,0.00,0.66,0,0.0,0.0,0.000,0.0,20,EVET,HAYIR
2026-08-19 12:19:58.662,0.00,0.66,0,0.0,0.0,0.000,0.0,19,EVET,HAYIR
2026-08-19 12:19:58.682,0.00,0.66,0,0.0,0.0,0.000,0.0,18,EVET,HAYIR
2026-08-19 12:19:58.701,0.00,0.62,0,0.0,0.0,0.000,0.0,18,EVET,HAYIR
2026-08-19 12:19:58.721,0.00,0.62,0,0.0,0.0,0.000,0.0,17,EVET,HAYIR
2026-08-19 12:19:58.741,0.00,0.62,0,0.0,0.0,0.000,0.0,17,EVET,HAYIR
2026-08-19 12:19:58.761,0.00,0.62,0,0.0,0.0,0.000,0.0,16,EVET,HAYIR
2026-08-19 12:19:58.782,0.00,0.62,0,0.0,0.0,0.000,0.0,16,EVET,HAYIR
2026-08-19 12:19:58.801,0.00,0.62,0,0.0,0.0,0.000,0.0,15,EVET,HAYIR
2026-08-19 12:19:58.821,0.00,0.62,0,0.0,0.0,0.000,0.0,15,EVET,HAYIR
2026-08-19 12:19:58.842,0.00,0.62,0,0.0,0.0,0.000,0.0,14,EVET,HAYIR
2026-08-19 12:19:58.861,0.00,0.62,0,0.0,0.0,0.000,0.0,13,EVET,HAYIR
2026-08-19 12:19:58.882,0.00,0.62,0,0.0,0.0,0.000,0.0,13,EVET,HAYIR
2026-08-19 12:19:58.902,0.00,0.62,0,0.0,0.0,0.000,0.0,12,EVET,HAYIR
2026-08-19 12:19:58.922,0.00,0.62,0,0.0,0.0,0.000,0.0,12,EVET,HAYIR
2026-08-19 12:19:58.941,0.00,0.62,0,0.0,0.0,0.000,0.0,11,EVET,HAYIR
2026-08-19 12:19:58.961,0.00,0.62,0,0.0,0.0,0.000,0.0,11,EVET,HAYIR
2026-08-19 12:19:58.982,0.00,0.62,0,0.0,0.0,0.000,0.0,10,EVET,HAYIR
2026-08-19 12:19:59.001,0.00,0.62,0,0.0,0.0,0.000,0.0,10,EVET,HAYIR
2026-08-19 12:19:59.021,0.00,0.55,0,0.0,0.0,0.000,0.0,9,EVET,HAYIR
2026-08-19 12:19:59.042,0.00,0.55,0,0.0,0.0,0.000,0.0,8,EVET,HAYIR
2026-08-19 12:19:59.062,0.00,0.55,0,0.0,0.0,0.000,0.0,8,EVET,HAYIR
2026-08-19 12:19:59.081,0.00,0.55,0,0.0,0.0,0.000,0.0,7,EVET,HAYIR
2026-08-19 12:19:59.102,0.00,0.55,0,0.0,0.0,0.000,0.0,7,EVET,HAYIR
2026-08-19 12:19:59.122,0.00,0.55,0,0.0,0.0,0.000,0.0,6,EVET,HAYIR
2026-08-19 12:19:59.142,0.00,0.55,0,0.0,0.0,0.000,0.0,6,EVET,HAYIR
2026-08-19 12:19:59.161,0.00,0.55,0,0.0,0.0,0.000,0.0,5,EVET,HAYIR
2026-08-19 12:19:59.182,0.00,0.55,0,0.0,0.0,0.000,0.0,4,EVET,HAYIR
2026-08-19 12:19:59.201,0.00,0.55,0,0.0,0.0,0.000,0.0,4,EVET,HAYIR
2026-08-19 12:19:59.221,0.00,0.55,0,0.0,0.0,0.000,0.0,3,EVET,HAYIR
2026-08-19 12:19:59.242,0.00,0.55,0,0.0,0.0,0.000,0.0,3,EVET,HAYIR
2026-08-19 12:19:59.262,0.00,0.55,0,0.0,0.0,0.000,0.0,2,EVET,HAYIR
2026-08-19 12:19:59.281,0.00,0.55,0,0.0,0.0,0.000,0.0,2,EVET,HAYIR
2026-08-19 12:19:59.301,0.00,0.55,0,0.0,0.0,0.000,0.0,1,EVET,HAYIR
2026-08-19 12:19:59.322,0.00,0.55,0,0.0,0.0,0.000,0.0,1,EVET,HAYIR
2026-08-19 12:19:59.341,0.00,0.42,0,0.0,0.0,0.000,0.0,0,EVET,HAYIR
2026-08-19 12:19:59.362,0.00,0.42,0,0.0,0.0,0.000,0.0,0,EVET,HAYIR
2026-08-19 12:19:59.382,0.00,0.42,0,0.0,0.0,0.000,0.0,0,EVET,HAYIR
2026-08-19 12:19:59.401,0.00,0.42,0,0.0,0.0,0.000,0.0,0,EVET,HAYIR
2026-08-19 12:19:59.421,0.00,0.42,0,0.0,0.0,0.000,0.0,0,EVET,HAYIR
2026-08-19 12:19:59.442,0.00,0.42,0,0.0,0.0,0.000,0.0,0,EVET,HAYIR
2026-08-19 12:19:59.462,0.00,0.42,0,0.0,0.0,0.000,0.0,0,EVET,HAYIR
2026-08-19 12:19:59.481,0.00,0.42,0,0.0,0.0,0.000,0.0,0,EVET,HAYIR
2026-08-19 12:19:59.501,0.00,0.42,0,0.0,0.0,0.000,0.0,0,EVET,HAYIR
2026-08-19 12:19:59.522,0.00,0.42,0,0.0,0.0,0.000,0.0,0,EVET,HAYIR
2026-08-19 12:19:59.542,0.00,0.42,0,0.0,0.0,0.000,0.0,0,EVET,HAYIR
2026-08-19 12:19:59.561,0.00,0.42,0,0.0,0.0,0.000,0.0,0,EVET,HAYIR
2026-08-19 12:19:59.581,0.00,0.42,0,0.0,0.0,0.000,0.0,0,EVET,HAYIR
2026-08-19 12:19:59.601,0.00,0.42,0,0.0,0.0,0.000,0.0,0,EVET,HAYIR
2026-08-19 12:19:59.622,0.00,0.42,0,0.0,0.0,0.000,0.0,0,EVET,HAYIR
2026-08-19 12:19:59.642,0.00,0.42,0,0.0,0.0,0.000,0.0,0,EVET,HAYIR
2026-08-19 12:19:59.661,0.00,0.28,0,0.0,0.0,0.000,0.0,0,EVET,HAYIR
2026-08-19 12:19:59.681,0.00,0.28,0,0.0,0.0,0.000,0.0,0,EVET,HAYIR
2026-08-19 12:19:59.701,0.00,0.28,0,0.0,0.0,0.000,0.0,0,EVET,HAYIR
2026-08-19 12:19:59.722,0.00,0.28,0,0.0,0.0,0.000,0.0,0,EVET,HAYIR
2026-08-19 12:19:59.742,0.00,0.28,0,0.0,0.0,0.000,0.0,0,EVET,HAYIR
2026-08-19 12:19:59.762,0.00,0.28,0,0.0,0.0,0.000,0.0,0,EVET,HAYIR
2026-08-19 12:19:59.782,0.00,0.28,0,0.0,0.0,0.000,0.0,0,EVET,HAYIR
2026-08-19 12:19:59.801,0.00,0.28,0,0.0,0.0,0.000,0.0,0,EVET,HAYIR
2026-08-19 12:19:59.821,0.00,0.28,0,0.0,0.0,0.000,0.0,0,EVET,HAYIR
2026-08-19 12:19:59.841,0.00,0.28,0,0.0,0.0,0.000,0.0,0,EVET,HAYIR
2026-08-19 12:19:59.861,0.00,0.28,0,0.0,0.0,0.000,0.0,0,EVET,HAYIR
2026-08-19 12:19:59.882,0.00,0.28,0,0.0,0.0,0.000,0.0,0,EVET,HAYIR
2026-08-19 12:19:59.901,0.00,0.28,0,0.0,0.0,0.000,0.0,0,EVET,HAYIR
2026-08-19 12:19:59.922,0.00,0.28,0,0.0,0.0,0.000,0.0,0,EVET,HAYIR
2026-08-19 12:19:59.942,0.00,0.28,0,0.0,0.0,0.000,0.0,0,EVET,HAYIR
2026-08-19 12:19:59.961,0.00,0.28,0,0.0,0.0,0.000,0.0,0,EVET,HAYIR
2026-08-19 12:19:59.982,0.00,0.28,0,0.0,0.0,0.000,0.0,0,EVET,HAYIR
2026-08-19 12:20:00.001,0.00,0.28,0,0.0,0.0,0.000,0.0,0,EVET,HAYIR
2026-08-19 12:20:00.021,0.00,0.28,0,0.0,0.0,0.000,0.0,0,EVET,HAYIR
2026-08-19 12:20:00.041,0.00,0.19,0,0.0,0.0,0.000,0.0,0,EVET,HAYIR
2026-08-19 12:20:00.062,0.00,0.19,0,0.0,0.0,0.000,0.0,0,EVET,HAYIR
2026-08-19 12:20:00.081,0.00,0.19,0,0.0,0.0,0.000,0.0,0,EVET,HAYIR
2026-08-19 12:20:00.101,0.00,0.19,0,0.0,0.0,0.000,0.0,0,EVET,HAYIR
2026-08-19 12:20:00.121,0.00,0.19,0,0.0,0.0,0.000,0.0,0,EVET,HAYIR
2026-08-19 12:20:00.141,0.00,0.19,0,0.0,0.0,0.000,0.0,0,EVET,HAYIR
2026-08-19 12:20:00.161,0.00,0.19,0,0.0,0.0,0.000,0.0,0,EVET,HAYIR
2026-08-19 12:20:00.181,0.00,0.19,0,0.0,0.0,0.000,0.0,0,EVET,HAYIR
2026-08-19 12:20:00.201,0.00,0.19,0,0.0,0.0,0.000,0.0,0,EVET,HAYIR
2026-08-19 12:20:00.221,0.00,0.19,0,0.0,0.0,0.000,0.0,0,EVET,HAYIR
2026-08-19 12:20:00.242,0.00,0.19,0,0.0,0.0,0.000,0.0,0,EVET,HAYIR
2026-08-19 12:20:00.262,0.00,0.19,0,0.0,0.0,0.000,0.0,0,EVET,HAYIR
2026-08-19 12:20:00.281,0.00,0.19,0,0.0,0.0,0.000,0.0,0,EVET,HAYIR
2026-08-19 12:20:00.301,0.00,0.19,0,0.0,0.0,0.000,0.0,0,EVET,HAYIR
2026-08-19 12:20:00.322,0.00,0.19,0,0.0,0.0,0.000,0.0,0,EVET,HAYIR
2026-08-19 12:20:00.342,0.00,0.19,0,0.0,0.0,0.000,0.0,0,EVET,HAYIR
2026-08-19 12:20:00.361,0.00,0.14,0,0.0,0.0,0.000,0.0,0,EVET,HAYIR
2026-08-19 12:20:00.382,0.00,0.14,0,0.0,0.0,0.000,0.0,0,EVET,HAYIR
2026-08-19 12:20:00.402,0.00,0.14,0,0.0,0.0,0.000,0.0,0,EVET,HAYIR
2026-08-19 12:20:00.421,0.00,0.14,0,0.0,0.0,0.000,0.0,0,EVET,HAYIR
2026-08-19 12:20:00.442,0.00,0.14,0,0.0,0.0,0.000,0.0,0,EVET,HAYIR
2026-08-19 12:20:00.462,0.00,0.14,0,0.0,0.0,0.000,0.0,0,EVET,HAYIR
2026-08-19 12:20:00.482,0.00,0.14,0,0.0,0.0,0.000,0.0,0,EVET,HAYIR
2026-08-19 12:20:00.501,0.00,0.14,0,0.0,0.0,0.000,0.0,0,EVET,HAYIR
2026-08-19 12:20:00.522,0.00,0.14,0,0.0,0.0,0.000,0.0,0,EVET,HAYIR
2026-08-19 12:20:00.542,0.00,0.14,0,0.0,0.0,0.000,0.0,0,EVET,HAYIR
2026-08-19 12:20:00.562,0.00,0.14,0,0.0,0.0,0.000,0.0,0,EVET,HAYIR
2026-08-19 12:20:00.582,0.00,0.14,0,0.0,0.0,0.000,0.0,0,EVET,HAYIR
2026-08-19 12:20:00.601,0.00,0.14,0,0.0,0.0,0.000,0.0,0,EVET,HAYIR
2026-08-19 12:20:00.622,0.00,0.14,0,0.0,0.0,0.000,0.0,0,EVET,HAYIR
2026-08-19 12:20:00.642,0.00,0.14,0,0.0,0.0,0.000,0.0,0,EVET,HAYIR
2026-08-19 12:20:00.662,0.00,0.14,0,0.0,0.0,0.000,0.0,0,EVET,HAYIR
2026-08-19 12:20:00.681,0.00,0.09,0,0.0,0.0,0.000,0.0,0,EVET,HAYIR
2026-08-19 12:20:00.701,0.00,0.09,0,0.0,0.0,0.000,0.0,0,EVET,HAYIR
2026-08-19 12:20:00.722,0.00,0.09,0,0.0,0.0,0.000,0.0,0,EVET,HAYIR
2026-08-19 12:20:00.742,0.00,0.09,0,0.0,0.0,0.000,0.0,0,EVET,HAYIR
2026-08-19 12:20:00.761,0.00,0.09,0,0.0,0.0,0.000,0.0,0,EVET,HAYIR
2026-08-19 12:20:00.782,0.00,0.09,0,0.0,0.0,0.000,0.0,0,EVET,HAYIR
2026-08-19 12:20:00.801,0.00,0.09,0,0.0,0.0,0.000,0.0,0,EVET,HAYIR
2026-08-19 12:20:00.821,0.00,0.09,0,0.0,0.0,0.000,0.0,0,EVET,HAYIR
2026-08-19 12:20:00.841,0.00,0.09,0,0.0,0.0,0.000,0.0,0,EVET,HAYIR
2026-08-19 12:20:00.861,0.00,0.09,0,0.0,0.0,0.000,0.0,0,EVET,HAYIR
2026-08-19 12:20:00.881,0.00,0.09,0,0.0,0.0,0.000,0.0,0,EVET,HAYIR
2026-08-19 12:20:00.901,0.00,0.09,0,0.0,0.0,0.000,0.0,0,EVET,HAYIR
2026-08-19 12:20:00.921,0.00,0.09,0,0.0,0.0,0.000,0.0,0,EVET,HAYIR
2026-08-19 12:20:00.941,0.00,0.09,0,0.0,0.0,0.000,0.0,0,EVET,HAYIR
2026-08-19 12:20:00.961,0.00,0.09,0,0.0,0.0,0.000,0.0,0,EVET,HAYIR
2026-08-19 12:20:00.981,0.00,0.09,0,0.0,0.0,0.000,0.0,0,EVET,HAYIR
2026-08-19 12:20:01.001,0.00,0.07,0,0.0,0.0,0.000,0.0,0,HAYIR,HAYIR
2026-08-19 12:20:01.021,0.00,0.07,0,0.0,0.0,0.000,0.0,0,HAYIR,HAYIR
2026-08-19 12:20:01.041,0.00,0.07,0,0.0,0.0,0.000,0.0,0,HAYIR,HAYIR
2026-08-19 12:20:01.061,0.00,0.07,0,0.0,0.0,0.000,0.0,0,HAYIR,HAYIR
2026-08-19 12:20:01.081,0.00,0.07,0,0.0,0.0,0.000,0.0,0,HAYIR,HAYIR
2026-08-19 12:20:01.101,0.00,0.07,0,0.0,0.0,0.000,0.0,0,HAYIR,HAYIR
2026-08-19 12:20:01.121,0.00,0.07,0,0.0,0.0,0.000,0.0,0,HAYIR,HAYIR
2026-08-19 12:20:01.141,0.00,0.07,0,0.0,0.0,0.000,0.0,0,HAYIR,HAYIR
2026-08-19 12:20:01.161,0.00,0.07,0,0.0,0.0,0.000,0.0,0,HAYIR,HAYIR
2026-08-19 12:20:01.181,0.00,0.07,0,0.0,0.0,0.000,0.0,0,HAYIR,HAYIR
2026-08-19 12:20:01.201,0.00,0.07,0,0.0,0.0,0.000,0.0,0,HAYIR,HAYIR
2026-08-19 12:20:01.221,0.00,0.07,0,0.0,0.0,0.000,0.0,0,HAYIR,HAYIR
2026-08-19 12:20:01.241,0.00,0.07,0,0.0,0.0,0.000,0.0,0,HAYIR,HAYIR
2026-08-19 12:20:01.261,0.00,0.07,0,0.0,0.0,0.000,0.0,0,HAYIR,HAYIR
2026-08-19 12:20:01.281,0.00,0.07,0,0.0,0.0,0.000,0.0,0,HAYIR,HAYIR
2026-08-19 12:20:01.301,0.00,0.07,0,0.0,0.0,0.000,0.0,0,HAYIR,HAYIR
2026-08-19 12:20:01.322,0.00,0.07,0,0.0,0.0,0.000,0.0,0,HAYIR,HAYIR
2026-08-19 12:20:01.342,0.00,0.05,0,0.0,0.0,0.000,0.0,0,HAYIR,HAYIR
2026-08-19 12:20:01.361,0.00,0.05,0,0.0,0.0,0.000,0.0,0,HAYIR,HAYIR
2026-08-19 12:20:01.382,0.00,0.05,0,0.0,0.0,0.000,0.0,0,HAYIR,HAYIR
2026-08-19 12:20:01.401,0.00,0.05,0,0.0,0.0,0.000,0.0,0,HAYIR,HAYIR
2026-08-19 12:20:01.421,0.00,0.05,0,0.0,0.0,0.000,0.0,0,HAYIR,HAYIR
2026-08-19 12:20:01.441,0.00,0.05,0,0.0,0.0,0.000,0.0,0,HAYIR,HAYIR
2026-08-19 12:20:01.462,0.00,0.05,0,0.0,0.0,0.000,0.0,0,HAYIR,HAYIR
2026-08-19 12:20:01.482,0.00,0.05,0,0.0,0.0,0.000,0.0,0,HAYIR,HAYIR
2026-08-19 12:20:01.501,0.00,0.05,0,0.0,0.0,0.000,0.0,0,HAYIR,HAYIR
2026-08-19 12:20:01.521,0.00,0.05,0,0.0,0.0,0.000,0.0,0,HAYIR,HAYIR
2026-08-19 12:20:01.541,0.00,0.05,0,0.0,0.0,0.000,0.0,0,HAYIR,HAYIR
2026-08-19 12:20:01.561,0.00,0.05,0,0.0,0.0,0.000,0.0,0,HAYIR,HAYIR
2026-08-19 12:20:01.582,0.00,0.05,0,0.0,0.0,0.000,0.0,0,HAYIR,HAYIR
2026-08-19 12:20:01.601,0.00,0.05,0,0.0,0.0,0.000,0.0,0,HAYIR,HAYIR
2026-08-19 12:20:01.621,0.00,0.05,0,0.0,0.0,0.000,0.0,0,HAYIR,HAYIR
2026-08-19 12:20:01.642,0.00,0.05,0,0.0,0.0,0.000,0.0,0,HAYIR,HAYIR
2026-08-19 12:20:01.661,0.00,0.05,0,0.0,0.0,0.000,0.0,0,HAYIR,HAYIR
2026-08-19 12:20:01.681,0.00,0.05,0,0.0,0.0,0.000,0.0,0,HAYIR,HAYIR
2026-08-19 12:20:01.701,0.00,0.05,0,0.0,0.0,0.000,0.0,0,HAYIR,HAYIR
2026-08-19 12:20:01.721,0.00,0.03,0,0.0,0.0,0.000,0.0,0,HAYIR,HAYIR
2026-08-19 12:20:01.741,0.00,0.03,0,0.0,0.0,0.000,0.0,0,HAYIR,HAYIR
2026-08-19 12:20:01.761,0.00,0.03,0,0.0,0.0,0.000,0.0,0,HAYIR,HAYIR
2026-08-19 12:20:01.781,0.00,0.03,0,0.0,0.0,0.000,0.0,0,HAYIR,HAYIR
2026-08-19 12:20:01.801,0.00,0.03,0,0.0,0.0,0.000,0.0,0,HAYIR,HAYIR
2026-08-19 12:20:01.821,0.00,0.03,0,0.0,0.0,0.000,0.0,0,HAYIR,HAYIR
2026-08-19 12:20:01.841,0.00,0.03,0,0.0,0.0,0.000,0.0,0,HAYIR,HAYIR
2026-08-19 12:20:01.861,0.00,0.03,0,0.0,0.0,0.000,0.0,0,HAYIR,HAYIR
2026-08-19 12:20:01.881,0.00,0.03,0,0.0,0.0,0.000,0.0,0,HAYIR,HAYIR
2026-08-19 12:20:01.901,0.00,0.03,0,0.0,0.0,0.000,0.0,0,HAYIR,HAYIR
2026-08-19 12:20:01.921,0.00,0.03,0,0.0,0.0,0.000,0.0,0,HAYIR,HAYIR
2026-08-19 12:20:01.942,0.00,0.03,0,0.0,0.0,0.000,0.0,0,HAYIR,HAYIR
2026-08-19 12:20:01.962,0.00,0.03,0,0.0,0.0,0.000,0.0,0,HAYIR,HAYIR
2026-08-19 12:20:01.982,0.00,0.03,0,0.0,0.0,0.000,0.0,0,HAYIR,HAYIR
2026-08-19 12:20:02.001,0.00,0.03,0,0.0,0.0,0.000,0.0,0,HAYIR,HAYIR
2026-08-19 12:20:02.021,0.00,0.03,0,0.0,0.0,0.000,0.0,0,HAYIR,HAYIR
2026-08-19 12:20:02.042,0.00,0.02,0,0.0,0.0,0.000,0.0,0,HAYIR,HAYIR
2026-08-19 12:20:02.061,0.00,0.02,0,0.0,0.0,0.000,0.0,0,HAYIR,HAYIR
2026-08-19 12:20:02.081,0.00,0.02,0,0.0,0.0,0.000,0.0,0,HAYIR,HAYIR
2026-08-19 12:20:02.101,0.00,0.02,0,0.0,0.0,0.000,0.0,0,HAYIR,HAYIR
2026-08-19 12:20:02.121,0.00,0.02,0,0.0,0.0,0.000,0.0,0,HAYIR,HAYIR
2026-08-19 12:20:02.141,0.00,0.02,0,0.0,0.0,0.000,0.0,0,HAYIR,HAYIR
2026-08-19 12:20:02.161,0.00,0.02,0,0.0,0.0,0.000,0.0,0,HAYIR,HAYIR
2026-08-19 12:20:02.182,0.00,0.02,0,0.0,0.0,0.000,0.0,0,HAYIR,HAYIR
2026-08-19 12:20:02.201,0.00,0.02,0,0.0,0.0,0.000,0.0,0,HAYIR,HAYIR
2026-08-19 12:20:02.221,0.00,0.02,0,0.0,0.0,0.000,0.0,0,HAYIR,HAYIR
2026-08-19 12:20:02.241,0.00,0.02,0,0.0,0.0,0.000,0.0,0,HAYIR,HAYIR
2026-08-19 12:20:02.261,0.00,0.02,0,0.0,0.0,0.000,0.0,0,HAYIR,HAYIR
2026-08-19 12:20:02.281,0.00,0.02,0,0.0,0.0,0.000,0.0,0,HAYIR,HAYIR
2026-08-19 12:20:02.301,0.00,0.02,0,0.0,0.0,0.000,0.0,0,HAYIR,HAYIR
2026-08-19 12:20:02.322,0.00,0.02,0,0.0,0.0,0.000,0.0,0,HAYIR,HAYIR
2026-08-19 12:20:02.342,0.00,0.02,0,0.0,0.0,0.000,0.0,0,HAYIR,HAYIR
2026-08-19 12:20:02.362,0.00,0.02,0,0.0,0.0,0.000,0.0,0,HAYIR,HAYIR
2026-08-19 12:20:02.382,0.00,0.02,0,0.0,0.0,0.000,0.0,0,HAYIR,HAYIR
2026-08-19 12:20:02.402,0.00,0.02,0,0.0,0.0,0.000,0.0,0,HAYIR,HAYIR
2026-08-19 12:20:02.421,0.00,0.02,0,0.0,0.0,0.000,0.0,0,HAYIR,HAYIR
2026-08-19 12:20:02.442,0.00,0.02,0,0.0,0.0,0.000,0.0,0,HAYIR,HAYIR
2026-08-19 12:20:02.461,0.00,0.02,0,0.0,0.0,0.000,0.0,0,HAYIR,HAYIR
2026-08-19 12:20:02.482,0.00,0.02,0,0.0,0.0,0.000,0.0,0,HAYIR,HAYIR
2026-08-19 12:20:02.501,0.00,0.02,0,0.0,0.0,0.000,0.0,0,HAYIR,HAYIR
2026-08-19 12:20:02.522,0.00,0.02,0,0.0,0.0,0.000,0.0,0,HAYIR,HAYIR
2026-08-19 12:20:02.542,0.00,0.02,0,0.0,0.0,0.000,0.0,0,HAYIR,HAYIR
2026-08-19 12:20:02.562,0.00,0.02,0,0.0,0.0,0.000,0.0,0,HAYIR,HAYIR
2026-08-19 12:20:02.582,0.00,0.02,0,0.0,0.0,0.000,0.0,0,HAYIR,HAYIR
2026-08-19 12:20:02.601,0.00,0.02,0,0.0,0.0,0.000,0.0,0,HAYIR,HAYIR
2026-08-19 12:20:02.621,0.00,0.02,0,0.0,0.0,0.000,0.0,0,HAYIR,HAYIR
2026-08-19 12:20:02.642,0.00,0.02,0,0.0,0.0,0.000,0.0,0,HAYIR,HAYIR
2026-08-19 12:20:02.661,0.00,0.02,0,0.0,0.0,0.000,0.0,0,HAYIR,HAYIR
2026-08-19 12:20:02.681,0.00,0.01,0,0.0,0.0,0.000,0.0,0,HAYIR,HAYIR
2026-08-19 12:20:02.701,0.00,0.01,0,0.0,0.0,0.000,0.0,0,HAYIR,HAYIR
2026-08-19 12:20:02.722,0.00,0.01,0,0.0,0.0,0.000,0.0,0,HAYIR,HAYIR
2026-08-19 12:20:02.742,0.00,0.01,0,0.0,0.0,0.000,0.0,0,HAYIR,HAYIR
2026-08-19 12:20:02.762,0.00,0.01,0,0.0,0.0,0.000,0.0,0,HAYIR,HAYIR
2026-08-19 12:20:02.782,0.00,0.01,0,0.0,0.0,0.000,0.0,0,HAYIR,HAYIR
2026-08-19 12:20:02.801,0.00,0.01,0,0.0,0.0,0.000,0.0,0,HAYIR,HAYIR
2026-08-19 12:20:02.822,0.00,0.01,0,0.0,0.0,0.000,0.0,0,HAYIR,HAYIR
2026-08-19 12:20:02.841,0.00,0.01,0,0.0,0.0,0.000,0.0,0,HAYIR,HAYIR
2026-08-19 12:20:02.862,0.00,0.01,0,0.0,0.0,0.000,0.0,0,HAYIR,HAYIR
2026-08-19 12:20:02.881,0.00,0.01,0,0.0,0.0,0.000,0.0,0,HAYIR,HAYIR
2026-08-19 12:20:02.901,0.00,0.01,0,0.0,0.0,0.000,0.0,0,HAYIR,HAYIR
2026-08-19 12:20:02.922,0.00,0.01,0,0.0,0.0,0.000,0.0,0,HAYIR,HAYIR
2026-08-19 12:20:02.941,0.00,0.01,0,0.0,0.0,0.000,0.0,0,HAYIR,HAYIR
2026-08-19 12:20:02.961,0.00,0.01,0,0.0,0.0,0.000,0.0,0,HAYIR,HAYIR
2026-08-19 12:20:02.982,0.00,0.01,0,0.0,0.0,0.000,0.0,0,HAYIR,HAYIR
2026-08-19 12:20:03.001,0.00,0.01,0,0.0,0.0,0.000,0.0,0,HAYIR,HAYIR
2026-08-19 12:20:03.021,0.00,0.01,0,0.0,0.0,0.000,0.0,0,HAYIR,HAYIR
2026-08-19 12:20:03.041,0.00,0.01,0,0.0,0.0,0.000,0.0,0,HAYIR,HAYIR
2026-08-19 12:20:03.061,0.00,0.01,0,0.0,0.0,0.000,0.0,0,HAYIR,HAYIR
2026-08-19 12:20:03.081,0.00,0.01,0,0.0,0.0,0.000,0.0,0,HAYIR,HAYIR
2026-08-19 12:20:03.101,0.00,0.01,0,0.0,0.0,0.000,0.0,0,HAYIR,HAYIR
2026-08-19 12:20:03.122,0.00,0.01,0,0.0,0.0,0.000,0.0,0,HAYIR,HAYIR
2026-08-19 12:20:03.141,0.00,0.01,0,0.0,0.0,0.000,0.0,0,HAYIR,HAYIR
2026-08-19 12:20:03.161,0.00,0.01,0,0.0,0.0,0.000,0.0,0,HAYIR,HAYIR
2026-08-19 12:20:03.182,0.00,0.01,0,0.0,0.0,0.000,0.0,0,HAYIR,HAYIR
2026-08-19 12:20:03.201,0.00,0.01,0,0.0,0.0,0.000,0.0,0,HAYIR,HAYIR
2026-08-19 12:20:03.221,0.00,0.01,0,0.0,0.0,0.000,0.0,0,HAYIR,HAYIR
2026-08-19 12:20:03.241,0.00,0.01,0,0.0,0.0,0.000,0.0,0,HAYIR,HAYIR
2026-08-19 12:20:03.261,0.00,0.01,0,0.0,0.0,0.000,0.0,0,HAYIR,HAYIR
2026-08-19 12:20:03.281,0.00,0.01,0,0.0,0.0,0.000,0.0,0,HAYIR,HAYIR
2026-08-19 12:20:03.301,0.00,0.01,0,0.0,0.0,0.000,0.0,0,HAYIR,HAYIR
2026-08-19 12:20:03.322,0.00,0.01,0,0.0,0.0,0.000,0.0,0,HAYIR,HAYIR
2026-08-19 12:20:03.342,0.00,0.01,0,0.0,0.0,0.000,0.0,0,HAYIR,HAYIR
2026-08-19 12:20:03.361,0.00,0.01,0,0.0,0.0,0.000,0.0,0,HAYIR,HAYIR
2026-08-19 12:20:03.382,0.00,0.01,0,0.0,0.0,0.000,0.0,0,HAYIR,HAYIR
2026-08-19 12:20:03.401,0.00,0.01,0,0.0,0.0,0.000,0.0,0,HAYIR,HAYIR
2026-08-19 12:20:03.422,0.00,0.01,0,0.0,0.0,0.000,0.0,0,HAYIR,HAYIR
2026-08-19 12:20:03.442,0.00,0.01,0,0.0,0.0,0.000,0.0,0,HAYIR,HAYIR
2026-08-19 12:20:03.462,0.00,0.01,0,0.0,0.0,0.000,0.0,0,HAYIR,HAYIR
2026-08-19 12:20:03.481,0.00,0.01,0,0.0,0.0,0.000,0.0,0,HAYIR,HAYIR
2026-08-19 12:20:03.501,0.00,0.01,0,0.0,0.0,0.000,0.0,0,HAYIR,HAYIR
2026-08-19 12:20:03.521,0.00,0.01,0,0.0,0.0,0.000,0.0,0,HAYIR,HAYIR
2026-08-19 12:20:03.542,0.00,0.01,0,0.0,0.0,0.000,0.0,0,HAYIR,HAYIR
2026-08-19 12:20:03.561,0.00,0.01,0,0.0,0.0,0.000,0.0,0,HAYIR,HAYIR
2026-08-19 12:20:03.582,0.00,0.01,0,0.0,0.0,0.000,0.0,0,HAYIR,HAYIR
2026-08-19 12:20:03.601,0.00,0.01,0,0.0,0.0,0.000,0.0,0,HAYIR,HAYIR
2026-08-19 12:20:03.621,0.00,0.01,0,0.0,0.0,0.000,0.0,0,HAYIR,HAYIR
2026-08-19 12:20:03.642,0.00,0.01,0,0.0,0.0,0.000,0.0,0,HAYIR,HAYIR
2026-08-19 12:20:03.662,0.00,0.01,0,0.0,0.0,0.000,0.0,0,HAYIR,HAYIR
2026-08-19 12:20:03.682,0.00,0.01,0,0.0,0.0,0.000,0.0,0,HAYIR,HAYIR
2026-08-19 12:20:03.701,0.00,0.00,0,0.0,0.0,0.000,0.0,0,HAYIR,HAYIR
2026-08-19 12:20:03.722,0.00,0.00,0,0.0,0.0,0.000,0.0,0,HAYIR,HAYIR
2026-08-19 12:20:03.741,0.00,0.00,0,0.0,0.0,0.000,0.0,0,HAYIR,HAYIR
2026-08-19 12:20:03.761,0.00,0.00,0,0.0,0.0,0.000,0.0,0,HAYIR,HAYIR
2026-08-19 12:20:03.782,0.00,0.00,0,0.0,0.0,0.000,0.0,0,HAYIR,HAYIR
2026-08-19 12:20:03.801,0.00,0.00,0,0.0,0.0,0.000,0.0,0,HAYIR,HAYIR
2026-08-19 12:20:03.821,0.00,0.00,0,0.0,0.0,0.000,0.0,0,HAYIR,HAYIR
2026-08-19 12:20:03.842,0.00,0.00,0,0.0,0.0,0.000,0.0,0,HAYIR,HAYIR
2026-08-19 12:20:03.861,0.00,0.00,0,0.0,0.0,0.000,0.0,0,HAYIR,HAYIR
2026-08-19 12:20:03.881,0.00,0.00,0,0.0,0.0,0.000,0.0,0,HAYIR,HAYIR
2026-08-19 12:20:03.901,0.00,0.00,0,0.0,0.0,0.000,0.0,0,HAYIR,HAYIR
2026-08-19 12:20:03.922,0.00,0.00,0,0.0,0.0,0.000,0.0,0,HAYIR,HAYIR
2026-08-19 12:20:03.942,0.00,0.00,0,0.0,0.0,0.000,0.0,0,HAYIR,HAYIR
2026-08-19 12:20:03.962,0.00,0.00,0,0.0,0.0,0.000,0.0,0,HAYIR,HAYIR
2026-08-19 12:20:03.982,0.00,0.00,0,0.0,0.0,0.000,0.0,0,HAYIR,HAYIR
2026-08-19 12:20:04.001,0.00,0.00,0,0.0,0.0,0.000,0.0,0,HAYIR,HAYIR
2026-08-19 12:20:04.021,0.00,0.00,0,0.0,0.0,0.000,0.0,0,HAYIR,HAYIR
2026-08-19 12:20:04.042,0.00,0.00,0,0.0,0.0,0.000,0.0,0,HAYIR,HAYIR
2026-08-19 12:20:04.061,0.00,0.00,0,0.0,0.0,0.000,0.0,0,HAYIR,HAYIR
2026-08-19 12:20:04.081,0.00,0.00,0,0.0,0.0,0.000,0.0,0,HAYIR,HAYIR
2026-08-19 12:20:04.101,0.00,0.00,0,0.0,0.0,0.000,0.0,0,HAYIR,HAYIR
2026-08-19 12:20:04.121,0.00,0.00,0,0.0,0.0,0.000,0.0,0,HAYIR,HAYIR
2026-08-19 12:20:04.142,0.00,0.00,0,0.0,0.0,0.000,0.0,0,HAYIR,HAYIR
2026-08-19 12:20:04.161,0.00,0.00,0,0.0,0.0,0.000,0.0,0,HAYIR,HAYIR
2026-08-19 12:20:04.182,0.00,0.00,0,0.0,0.0,0.000,0.0,0,HAYIR,HAYIR
2026-08-19 12:20:04.201,0.00,0.00,0,0.0,0.0,0.000,0.0,0,HAYIR,HAYIR
2026-08-19 12:20:04.221,0.00,0.00,0,0.0,0.0,0.000,0.0,0,HAYIR,HAYIR
2026-08-19 12:20:04.241,0.00,0.00,0,0.0,0.0,0.000,0.0,0,HAYIR,HAYIR
2026-08-19 12:20:04.261,0.00,0.00,0,0.0,0.0,0.000,0.0,0,HAYIR,HAYIR
2026-08-19 12:20:04.281,0.00,0.00,0,0.0,0.0,0.000,0.0,0,HAYIR,HAYIR
2026-08-19 12:20:04.301,0.00,0.00,0,0.0,0.0,0.000,0.0,0,HAYIR,HAYIR
2026-08-19 12:20:04.322,0.00,0.00,0,0.0,0.0,0.000,0.0,0,HAYIR,HAYIR
2026-08-19 12:20:04.341,0.00,0.00,0,0.0,0.0,0.000,0.0,0,HAYIR,HAYIR
2026-08-19 12:20:04.361,0.00,0.00,0,0.0,0.0,0.000,0.0,0,HAYIR,HAYIR
2026-08-19 12:20:04.382,0.00,0.00,0,0.0,0.0,0.000,0.0,0,HAYIR,HAYIR
2026-08-19 12:20:04.401,0.00,0.00,0,0.0,0.0,0.000,0.0,0,HAYIR,HAYIR
2026-08-19 12:20:04.421,0.00,0.00,0,0.0,0.0,0.000,0.0,0,HAYIR,HAYIR
2026-08-19 12:20:04.442,0.00,0.00,0,0.0,0.0,0.000,0.0,0,HAYIR,HAYIR
2026-08-19 12:20:04.462,0.00,0.00,0,0.0,0.0,0.000,0.0,0,HAYIR,HAYIR
2026-08-19 12:20:04.481,0.00,0.00,0,0.0,0.0,0.000,0.0,0,HAYIR,HAYIR
2026-08-19 12:20:04.501,0.00,0.00,0,0.0,0.0,0.000,0.0,0,HAYIR,HAYIR
2026-08-19 12:20:04.522,0.00,0.00,0,0.0,0.0,0.000,0.0,0,HAYIR,HAYIR
2026-08-19 12:20:04.542,0.00,0.00,0,0.0,0.0,0.000,0.0,0,HAYIR,HAYIR
2026-08-19 12:20:04.561,0.00,0.00,0,0.0,0.0,0.000,0.0,0,HAYIR,HAYIR
2026-08-19 12:20:04.582,0.00,0.00,0,0.0,0.0,0.000,0.0,0,HAYIR,HAYIR
2026-08-19 12:20:04.601,0.00,0.00,0,0.0,0.0,0.000,0.0,0,HAYIR,HAYIR
2026-08-19 12:20:04.622,0.00,0.00,0,0.0,0.0,0.000,0.0,0,HAYIR,HAYIR
2026-08-19 12:20:04.642,0.00,0.00,0,0.0,0.0,0.000,0.0,0,HAYIR,HAYIR
2026-08-19 12:20:04.661,0.00,0.00,0,0.0,0.0,0.000,0.0,0,HAYIR,HAYIR
2026-08-19 12:20:04.681,0.00,0.00,0,0.0,0.0,0.000,0.0,0,HAYIR,HAYIR
2026-08-19 12:20:04.701,0.00,0.00,0,0.0,0.0,0.000,0.0,0,HAYIR,HAYIR
2026-08-19 12:20:04.722,0.00,0.00,0,0.0,0.0,0.000,0.0,0,HAYIR,HAYIR
2026-08-19 12:20:04.742,0.00,0.00,0,0.0,0.0,0.000,0.0,0,HAYIR,HAYIR
2026-08-19 12:20:04.762,0.00,0.00,0,0.0,0.0,0.000,0.0,0,HAYIR,HAYIR
2026-08-19 12:20:04.782,0.00,0.00,0,0.0,0.0,0.000,0.0,0,HAYIR,HAYIR
2026-08-19 12:20:04.801,0.00,0.00,0,0.0,0.0,0.000,0.0,0,HAYIR,HAYIR
2026-08-19 12:20:04.821,0.00,0.00,0,0.0,0.0,0.000,0.0,0,HAYIR,HAYIR
2026-08-19 12:20:04.842,0.00,0.00,0,0.0,0.0,0.000,0.0,0,HAYIR,HAYIR
2026-08-19 12:20:04.862,0.00,0.00,0,0.0,0.0,0.000,0.0,0,HAYIR,HAYIR
2026-08-19 12:20:04.881,0.00,0.00,0,0.0,0.0,0.000,0.0,0,HAYIR,HAYIR
2026-08-19 12:20:04.901,0.00,0.00,0,0.0,0.0,0.000,0.0,0,HAYIR,HAYIR
2026-08-19 12:20:04.922,0.00,0.00,0,0.0,0.0,0.000,0.0,0,HAYIR,HAYIR
2026-08-19 12:20:04.942,0.00,0.00,0,0.0,0.0,0.000,0.0,0,HAYIR,HAYIR
2026-08-19 12:20:04.961,0.00,0.00,0,0.0,0.0,0.000,0.0,0,HAYIR,HAYIR
2026-08-19 12:20:04.982,0.00,0.00,0,0.0,0.0,0.000,0.0,0,HAYIR,HAYIR
2026-08-19 12:20:05.001,0.00,0.00,0,0.0,0.0,0.000,0.0,0,HAYIR,HAYIR
2026-08-19 12:20:05.021,0.00,0.00,0,0.0,0.0,0.000,0.0,0,HAYIR,HAYIR
2026-08-19 12:20:05.042,0.00,0.00,0,0.0,0.0,0.000,0.0,0,HAYIR,HAYIR
2026-08-19 12:20:05.062,0.00,0.00,0,0.0,0.0,0.000,0.0,0,HAYIR,HAYIR
2026-08-19 12:20:05.081,0.00,0.00,0,0.0,0.0,0.000,0.0,0,HAYIR,HAYIR
2026-08-19 12:20:05.101,0.00,0.00,0,0.0,0.0,0.000,0.0,0,HAYIR,HAYIR
2026-08-19 12:20:05.122,0.00,0.00,0,0.0,0.0,0.000,0.0,0,HAYIR,HAYIR
2026-08-19 12:20:05.141,0.00,0.00,0,0.0,0.0,0.000,0.0,0,HAYIR,HAYIR
2026-08-19 12:20:05.161,0.00,0.00,0,0.0,0.0,0.000,0.0,0,HAYIR,HAYIR
2026-08-19 12:20:05.182,0.00,0.00,0,0.0,0.0,0.000,0.0,0,HAYIR,HAYIR
2026-08-19 12:20:05.201,0.00,0.00,0,0.0,0.0,0.000,0.0,0,HAYIR,HAYIR
2026-08-19 12:20:05.221,0.00,0.00,0,0.0,0.0,0.000,0.0,0,HAYIR,HAYIR
2026-08-19 12:20:05.241,0.00,0.00,0,0.0,0.0,0.000,0.0,0,HAYIR,HAYIR
2026-08-19 12:20:05.261,0.00,0.00,0,0.0,0.0,0.000,0.0,0,HAYIR,HAYIR
2026-08-19 12:20:05.281,0.00,0.00,0,0.0,0.0,0.000,0.0,0,HAYIR,HAYIR
2026-08-19 12:20:05.301,0.00,0.00,0,0.0,0.0,0.000,0.0,0,HAYIR,HAYIR
2026-08-19 12:20:05.322,0.00,0.00,0,0.0,0.0,0.000,0.0,0,HAYIR,HAYIR
2026-08-19 12:20:05.342,0.00,0.00,0,0.0,0.0,0.000,0.0,0,HAYIR,HAYIR
2026-08-19 12:20:05.361,0.00,0.00,0,0.0,0.0,0.000,0.0,0,HAYIR,HAYIR
2026-08-19 12:20:05.382,0.00,0.00,0,0.0,0.0,0.000,0.0,0,HAYIR,HAYIR
2026-08-19 12:20:05.401,0.00,0.00,0,0.0,0.0,0.000,0.0,0,HAYIR,HAYIR
2026-08-19 12:20:05.421,0.00,0.00,0,0.0,0.0,0.000,0.0,0,HAYIR,HAYIR
2026-08-19 12:20:05.441,0.00,0.00,0,0.0,0.0,0.000,0.0,0,HAYIR,HAYIR
2026-08-19 12:20:05.461,0.00,0.00,0,0.0,0.0,0.000,0.0,0,HAYIR,HAYIR
2026-08-19 12:20:05.481,0.00,0.00,0,0.0,0.0,0.000,0.0,0,HAYIR,HAYIR
2026-08-19 12:20:05.501,0.00,0.00,0,0.0,0.0,0.000,0.0,0,HAYIR,HAYIR
2026-08-19 12:20:05.522,0.00,0.00,0,0.0,0.0,0.000,0.0,0,HAYIR,HAYIR
2026-08-19 12:20:05.541,0.00,0.00,0,0.0,0.0,0.000,0.0,0,HAYIR,HAYIR
2026-08-19 12:20:05.561,0.00,0.00,0,0.0,0.0,0.000,0.0,0,HAYIR,HAYIR
2026-08-19 12:20:05.582,0.00,0.00,0,0.0,0.0,0.000,0.0,0,HAYIR,HAYIR
2026-08-19 12:20:05.601,0.00,0.00,0,0.0,0.0,0.000,0.0,0,HAYIR,HAYIR
2026-08-19 12:20:05.621,0.00,0.00,0,0.0,0.0,0.000,0.0,0,HAYIR,HAYIR
2026-08-19 12:20:05.642,0.00,0.00,0,0.0,0.0,0.000,0.0,0,HAYIR,HAYIR
2026-08-19 12:20:05.662,0.00,0.00,0,0.0,0.0,0.000,0.0,0,HAYIR,HAYIR
2026-08-19 12:20:05.681,0.00,0.00,0,0.0,0.0,0.000,0.0,0,HAYIR,HAYIR
2026-08-19 12:20:05.701,0.00,0.00,0,0.0,0.0,0.000,0.0,0,HAYIR,HAYIR
2026-08-19 12:20:05.722,0.00,0.00,0,0.0,0.0,0.000,0.0,0,HAYIR,HAYIR
2026-08-19 12:20:05.741,0.00,0.00,0,0.0,0.0,0.000,0.0,0,HAYIR,HAYIR
2026-08-19 12:20:05.761,0.00,0.00,0,0.0,0.0,0.000,0.0,0,HAYIR,HAYIR
2026-08-19 12:20:05.782,0.00,0.00,0,0.0,0.0,0.000,0.0,0,HAYIR,HAYIR
2026-08-19 12:20:05.801,0.00,0.00,0,0.0,0.0,0.000,0.0,0,HAYIR,HAYIR
2026-08-19 12:20:05.822,0.00,0.00,0,0.0,0.0,0.000,0.0,0,HAYIR,HAYIR
2026-08-19 12:20:05.842,0.00,0.00,0,0.0,0.0,0.000,0.0,0,HAYIR,HAYIR
2026-08-19 12:20:05.862,0.00,0.00,0,0.0,0.0,0.000,0.0,0,HAYIR,HAYIR
2026-08-19 12:20:05.882,0.00,0.00,0,0.0,0.0,0.000,0.0,0,HAYIR,HAYIR
2026-08-19 12:20:05.901,0.00,0.00,0,0.0,0.0,0.000,0.0,0,HAYIR,HAYIR
2026-08-19 12:20:05.922,0.00,0.00,0,0.0,0.0,0.000,0.0,0,HAYIR,HAYIR
2026-08-19 12:20:05.942,0.00,0.00,0,0.0,0.0,0.000,0.0,0,HAYIR,HAYIR
2026-08-19 12:20:05.961,0.00,0.00,0,0.0,0.0,0.000,0.0,0,HAYIR,HAYIR
2026-08-19 12:20:05.982,0.00,0.00,0,0.0,0.0,0.000,0.0,0,HAYIR,HAYIR
2026-08-19 12:20:06.002,0.00,0.00,0,0.0,0.0,0.000,0.0,0,HAYIR,HAYIR
2026-08-19 12:20:06.021,0.00,0.00,0,0.0,0.0,0.000,0.0,0,HAYIR,HAYIR
2026-08-19 12:20:06.042,0.00,0.00,0,0.0,0.0,0.000,0.0,0,HAYIR,HAYIR
2026-08-19 12:20:06.062,0.00,0.00,0,0.0,0.0,0.000,0.0,0,HAYIR,HAYIR
2026-08-19 12:20:06.081,0.00,0.00,0,0.0,0.0,0.000,0.0,0,HAYIR,HAYIR
2026-08-19 12:20:06.101,0.00,0.00,0,0.0,0.0,0.000,0.0,0,HAYIR,HAYIR
2026-08-19 12:20:06.121,0.00,0.00,0,0.0,0.0,0.000,0.0,0,HAYIR,HAYIR
2026-08-19 12:20:06.142,0.00,0.00,0,0.0,0.0,0.000,0.0,0,HAYIR,HAYIR
2026-08-19 12:20:06.162,0.00,0.00,0,0.0,0.0,0.000,0.0,0,HAYIR,HAYIR
2026-08-19 12:20:06.182,0.00,0.00,0,0.0,0.0,0.000,0.0,0,HAYIR,HAYIR
2026-08-19 12:20:06.201,0.00,0.00,0,0.0,0.0,0.000,0.0,0,HAYIR,HAYIR
2026-08-19 12:20:06.221,0.00,0.00,0,0.0,0.0,0.000,0.0,0,HAYIR,HAYIR
2026-08-19 12:20:06.242,0.00,0.00,0,0.0,0.0,0.000,0.0,0,HAYIR,HAYIR
2026-08-19 12:20:06.261,0.00,0.00,0,0.0,0.0,0.000,0.0,0,HAYIR,HAYIR
2026-08-19 12:20:06.282,0.00,0.00,0,0.0,0.0,0.000,0.0,0,HAYIR,HAYIR
2026-08-19 12:20:06.301,0.00,0.00,0,0.0,0.0,0.000,0.0,0,HAYIR,HAYIR
2026-08-19 12:20:06.322,0.00,0.00,0,0.0,0.0,0.000,0.0,0,HAYIR,HAYIR
2026-08-19 12:20:06.341,0.00,0.00,0,0.0,0.0,0.000,0.0,0,HAYIR,HAYIR
2026-08-19 12:20:06.361,0.00,0.00,0,0.0,0.0,0.000,0.0,0,HAYIR,HAYIR
2026-08-19 12:20:06.382,0.00,0.00,0,0.0,0.0,0.000,0.0,0,HAYIR,HAYIR
2026-08-19 12:20:06.401,0.00,0.00,0,0.0,0.0,0.000,0.0,0,HAYIR,HAYIR
2026-08-19 12:20:06.421,0.00,0.00,0,0.0,0.0,0.000,0.0,0,HAYIR,HAYIR
2026-08-19 12:20:06.442,0.00,0.00,0,0.0,0.0,0.000,0.0,0,HAYIR,HAYIR
2026-08-19 12:20:06.462,0.00,0.00,0,0.0,0.0,0.000,0.0,0,HAYIR,HAYIR
2026-08-19 12:20:06.481,0.00,0.00,0,0.0,0.0,0.000,0.0,0,HAYIR,HAYIR
2026-08-19 12:20:06.501,0.00,0.00,0,0.0,0.0,0.000,0.0,0,HAYIR,HAYIR
2026-08-19 12:20:06.522,0.00,0.00,0,0.0,0.0,0.000,0.0,0,HAYIR,HAYIR
2026-08-19 12:20:06.542,0.00,0.00,0,0.0,0.0,0.000,0.0,0,HAYIR,HAYIR
2026-08-19 12:20:06.561,0.00,0.00,0,0.0,0.0,0.000,0.0,0,HAYIR,HAYIR
2026-08-19 12:20:06.582,0.00,0.00,0,0.0,0.0,0.000,0.0,0,HAYIR,HAYIR
2026-08-19 12:20:06.601,0.00,0.00,0,0.0,0.0,0.000,0.0,0,HAYIR,HAYIR
2026-08-19 12:20:06.621,0.00,0.00,0,0.0,0.0,0.000,0.0,0,HAYIR,HAYIR
2026-08-19 12:20:06.642,0.00,0.00,0,0.0,0.0,0.000,0.0,0,HAYIR,HAYIR
2026-08-19 12:20:06.662,0.00,0.00,0,0.0,0.0,0.000,0.0,0,HAYIR,HAYIR
2026-08-19 12:20:06.682,0.00,0.00,0,0.0,0.0,0.000,0.0,0,HAYIR,HAYIR
2026-08-19 12:20:06.701,0.00,0.00,0,0.0,0.0,0.000,0.0,0,HAYIR,HAYIR
2026-08-19 12:20:06.721,0.00,0.00,0,0.0,0.0,0.000,0.0,0,HAYIR,HAYIR
2026-08-19 12:20:06.741,0.00,0.00,0,0.0,0.0,0.000,0.0,0,HAYIR,HAYIR
2026-08-19 12:20:06.761,0.00,0.00,0,0.0,0.0,0.000,0.0,0,HAYIR,HAYIR
2026-08-19 12:20:06.782,0.00,0.00,0,0.0,0.0,0.000,0.0,0,HAYIR,HAYIR
2026-08-19 12:20:06.801,0.00,0.00,0,0.0,0.0,0.000,0.0,0,HAYIR,HAYIR
2026-08-19 12:20:06.822,0.00,0.00,0,0.0,0.0,0.000,0.0,0,HAYIR,HAYIR
2026-08-19 12:20:06.842,0.00,0.00,0,0.0,0.0,0.000,0.0,0,HAYIR,HAYIR
2026-08-19 12:20:06.862,0.00,0.00,0,0.0,0.0,0.000,0.0,0,HAYIR,HAYIR
2026-08-19 12:20:06.881,0.00,0.00,0,0.0,0.0,0.000,0.0,0,HAYIR,HAYIR
2026-08-19 12:20:06.901,0.00,0.00,0,0.0,0.0,0.000,0.0,0,HAYIR,HAYIR
2026-08-19 12:20:06.922,0.00,0.00,0,0.0,0.0,0.000,0.0,0,HAYIR,HAYIR
2026-08-19 12:20:06.942,0.00,0.00,0,0.0,0.0,0.000,0.0,0,HAYIR,HAYIR
2026-08-19 12:20:06.962,0.00,0.00,0,0.0,0.0,0.000,0.0,0,HAYIR,HAYIR
2026-08-19 12:20:06.982,0.00,0.00,0,0.0,0.0,0.000,0.0,0,HAYIR,HAYIR
2026-08-19 12:20:07.001,0.00,0.00,0,0.0,0.0,0.000,0.0,0,HAYIR,HAYIR
2026-08-19 12:20:07.021,0.00,0.00,0,0.0,0.0,0.000,0.0,0,HAYIR,HAYIR
2026-08-19 12:20:07.042,0.00,0.00,0,0.0,0.0,0.000,0.0,0,HAYIR,HAYIR
2026-08-19 12:20:07.061,0.00,0.00,0,0.0,0.0,0.000,0.0,0,HAYIR,HAYIR
2026-08-19 12:20:07.081,0.00,0.00,0,0.0,0.0,0.000,0.0,0,HAYIR,HAYIR
2026-08-19 12:20:07.101,0.00,0.00,0,0.0,0.0,0.000,0.0,0,HAYIR,HAYIR
2026-08-19 12:20:07.122,0.00,0.00,0,0.0,0.0,0.000,0.0,0,HAYIR,HAYIR
2026-08-19 12:20:07.141,0.00,0.00,0,0.0,0.0,0.000,0.0,0,HAYIR,HAYIR
2026-08-19 12:20:07.161,0.00,0.00,0,0.0,0.0,0.000,0.0,0,HAYIR,HAYIR
2026-08-19 12:20:07.181,0.00,0.00,0,0.0,0.0,0.000,0.0,0,HAYIR,HAYIR
2026-08-19 12:20:07.201,0.00,0.00,0,0.0,0.0,0.000,0.0,0,HAYIR,HAYIR
2026-08-19 12:20:07.221,0.00,0.00,0,0.0,0.0,0.000,0.0,0,HAYIR,HAYIR
2026-08-19 12:20:07.241,0.00,0.00,0,0.0,0.0,0.000,0.0,0,HAYIR,HAYIR
2026-08-19 12:20:07.261,0.00,0.00,0,0.0,0.0,0.000,0.0,0,HAYIR,HAYIR
2026-08-19 12:20:07.282,0.00,0.00,0,0.0,0.0,0.000,0.0,0,HAYIR,HAYIR
2026-08-19 12:20:07.301,0.00,0.00,0,0.0,0.0,0.000,0.0,0,HAYIR,HAYIR
2026-08-19 12:20:07.322,0.00,0.00,0,0.0,0.0,0.000,0.0,0,HAYIR,HAYIR
2026-08-19 12:20:07.341,0.00,0.00,0,0.0,0.0,0.000,0.0,0,HAYIR,HAYIR
2026-08-19 12:20:07.361,0.00,0.00,0,0.0,0.0,0.000,0.0,0,HAYIR,HAYIR
2026-08-19 12:20:07.381,0.00,0.00,0,0.0,0.0,0.000,0.0,0,HAYIR,HAYIR
2026-08-19 12:20:07.401,0.00,0.00,0,0.0,0.0,0.000,0.0,0,HAYIR,HAYIR
2026-08-19 12:20:07.421,0.00,0.00,0,0.0,0.0,0.000,0.0,0,HAYIR,HAYIR
2026-08-19 12:20:07.441,0.00,0.00,0,0.0,0.0,0.000,0.0,0,HAYIR,HAYIR
2026-08-19 12:20:07.462,0.00,0.00,0,0.0,0.0,0.000,0.0,0,HAYIR,HAYIR
2026-08-19 12:20:07.481,0.00,0.00,0,0.0,0.0,0.000,0.0,0,HAYIR,HAYIR
2026-08-19 12:20:07.501,0.00,0.00,0,0.0,0.0,0.000,0.0,0,HAYIR,HAYIR
2026-08-19 12:20:07.521,0.00,0.00,0,0.0,0.0,0.000,0.0,0,HAYIR,HAYIR
2026-08-19 12:20:07.541,0.00,0.00,0,0.0,0.0,0.000,0.0,0,HAYIR,HAYIR
2026-08-19 12:20:07.561,0.00,0.00,0,0.0,0.0,0.000,0.0,0,HAYIR,HAYIR
2026-08-19 12:20:07.581,0.00,0.00,0,0.0,0.0,0.000,0.0,0,HAYIR,HAYIR
2026-08-19 12:20:07.601,0.00,0.00,0,0.0,0.0,0.000,0.0,0,HAYIR,HAYIR
2026-08-19 12:20:07.621,0.00,0.00,0,0.0,0.0,0.000,0.0,0,HAYIR,HAYIR
2026-08-19 12:20:07.642,0.00,0.00,0,0.0,0.0,0.000,0.0,0,HAYIR,HAYIR
2026-08-19 12:20:07.662,0.00,0.00,0,0.0,0.0,0.000,0.0,0,HAYIR,HAYIR
2026-08-19 12:20:07.681,0.00,0.00,0,0.0,0.0,0.000,0.0,0,HAYIR,HAYIR
2026-08-19 12:20:07.701,0.00,0.00,0,0.0,0.0,0.000,0.0,0,HAYIR,HAYIR
2026-08-19 12:20:07.722,0.00,0.00,0,0.0,0.0,0.000,0.0,0,HAYIR,HAYIR
2026-08-19 12:20:07.742,0.00,0.00,0,0.0,0.0,0.000,0.0,0,HAYIR,HAYIR
2026-08-19 12:20:07.761,0.00,0.00,0,0.0,0.0,0.000,0.0,0,HAYIR,HAYIR
2026-08-19 12:20:07.782,0.00,0.00,0,0.0,0.0,0.000,0.0,0,HAYIR,HAYIR
2026-08-19 12:20:07.802,0.00,0.00,0,0.0,0.0,0.000,0.0,0,HAYIR,HAYIR
2026-08-19 12:20:07.821,0.00,0.00,0,0.0,0.0,0.000,0.0,0,HAYIR,HAYIR
2026-08-19 12:20:07.841,0.00,0.00,0,0.0,0.0,0.000,0.0,0,HAYIR,HAYIR
2026-08-19 12:20:07.861,0.00,0.00,0,0.0,0.0,0.000,0.0,0,HAYIR,HAYIR
2026-08-19 12:20:07.881,0.00,0.00,0,0.0,0.0,0.000,0.0,0,HAYIR,HAYIR
2026-08-19 12:20:07.902,0.00,0.00,0,0.0,0.0,0.000,0.0,0,HAYIR,HAYIR
2026-08-19 12:20:07.922,0.00,0.00,0,0.0,0.0,0.000,0.0,0,HAYIR,HAYIR
2026-08-19 12:20:07.942,0.00,0.00,0,0.0,0.0,0.000,0.0,0,HAYIR,HAYIR
2026-08-19 12:20:07.961,0.00,0.00,0,0.0,0.0,0.000,0.0,0,HAYIR,HAYIR
2026-08-19 12:20:07.982,0.00,0.00,0,0.0,0.0,0.000,0.0,0,HAYIR,HAYIR
2026-08-19 12:20:08.001,0.00,0.00,0,0.0,0.0,0.000,0.0,0,HAYIR,HAYIR
2026-08-19 12:20:08.022,0.00,0.00,0,0.0,0.0,0.000,0.0,0,HAYIR,HAYIR
2026-08-19 12:20:08.041,0.00,0.00,0,0.0,0.0,0.000,0.0,0,HAYIR,HAYIR
2026-08-19 12:20:08.061,0.00,0.00,0,0.0,0.0,0.000,0.0,0,HAYIR,HAYIR
2026-08-19 12:20:08.081,0.00,0.00,0,0.0,0.0,0.000,0.0,0,HAYIR,HAYIR
2026-08-19 12:20:08.101,0.00,0.00,0,0.0,0.0,0.000,0.0,0,HAYIR,HAYIR
2026-08-19 12:20:08.121,0.00,0.00,0,0.0,0.0,0.000,0.0,0,HAYIR,HAYIR
2026-08-19 12:20:08.141,0.00,0.00,0,0.0,0.0,0.000,0.0,0,HAYIR,HAYIR
2026-08-19 12:20:08.161,0.00,0.00,0,0.0,0.0,0.000,0.0,0,HAYIR,HAYIR
2026-08-19 12:20:08.181,0.00,0.00,0,0.0,0.0,0.000,0.0,0,HAYIR,HAYIR
2026-08-19 12:20:08.201,0.00,0.00,0,0.0,0.0,0.000,0.0,0,HAYIR,HAYIR
2026-08-19 12:20:08.221,0.00,0.00,0,0.0,0.0,0.000,0.0,0,HAYIR,HAYIR
2026-08-19 12:20:08.242,0.00,0.00,0,0.0,0.0,0.000,0.0,0,HAYIR,HAYIR
2026-08-19 12:20:08.262,0.00,0.00,0,0.0,0.0,0.000,0.0,0,HAYIR,HAYIR
2026-08-19 12:20:08.281,0.00,0.00,0,0.0,0.0,0.000,0.0,0,HAYIR,HAYIR
2026-08-19 12:20:08.302,0.00,0.00,0,0.0,0.0,0.000,0.0,0,HAYIR,HAYIR
2026-08-19 12:20:08.322,0.00,0.00,0,0.0,0.0,0.000,0.0,0,HAYIR,HAYIR
2026-08-19 12:20:08.342,0.00,0.00,0,0.0,0.0,0.000,0.0,0,HAYIR,HAYIR
2026-08-19 12:20:08.361,0.00,0.00,0,0.0,0.0,0.000,0.0,0,HAYIR,HAYIR
2026-08-19 12:20:08.381,0.00,0.00,0,0.0,0.0,0.000,0.0,0,HAYIR,HAYIR
2026-08-19 12:20:08.401,0.00,0.00,0,0.0,0.0,0.000,0.0,0,HAYIR,HAYIR
2026-08-19 12:20:08.421,0.00,0.00,0,0.0,0.0,0.000,0.0,0,HAYIR,HAYIR
2026-08-19 12:20:08.442,0.00,0.00,0,0.0,0.0,0.000,0.0,0,HAYIR,HAYIR
2026-08-19 12:20:08.462,0.00,0.00,0,0.0,0.0,0.000,0.0,0,HAYIR,HAYIR
2026-08-19 12:20:08.481,0.00,0.00,0,0.0,0.0,0.000,0.0,0,HAYIR,HAYIR
2026-08-19 12:20:08.501,0.00,0.00,0,0.0,0.0,0.000,0.0,0,HAYIR,HAYIR
2026-08-19 12:20:08.522,0.00,0.00,0,0.0,0.0,0.000,0.0,0,HAYIR,HAYIR
2026-08-19 12:20:08.542,0.00,0.00,0,0.0,0.0,0.000,0.0,0,HAYIR,HAYIR
2026-08-19 12:20:08.561,0.00,0.00,0,0.0,0.0,0.000,0.0,0,HAYIR,HAYIR
2026-08-19 12:20:08.582,0.00,0.00,0,0.0,0.0,0.000,0.0,0,HAYIR,HAYIR
2026-08-19 12:20:08.602,0.00,0.00,0,0.0,0.0,0.000,0.0,0,HAYIR,HAYIR
2026-08-19 12:20:08.621,0.00,0.00,0,0.0,0.0,0.000,0.0,0,HAYIR,HAYIR
2026-08-19 12:20:08.642,0.00,0.00,0,0.0,0.0,0.000,0.0,0,HAYIR,HAYIR
2026-08-19 12:20:08.662,0.00,0.00,0,0.0,0.0,0.000,0.0,0,HAYIR,HAYIR
2026-08-19 12:20:08.682,0.00,0.00,0,0.0,0.0,0.000,0.0,0,HAYIR,HAYIR
2026-08-19 12:20:08.701,0.00,0.00,0,0.0,0.0,0.000,0.0,0,HAYIR,HAYIR
2026-08-19 12:20:08.722,0.00,0.00,0,0.0,0.0,0.000,0.0,0,HAYIR,HAYIR
2026-08-19 12:20:08.742,0.00,0.00,0,0.0,0.0,0.000,0.0,0,HAYIR,HAYIR
2026-08-19 12:20:08.761,0.00,0.00,0,0.0,0.0,0.000,0.0,0,HAYIR,HAYIR
2026-08-19 12:20:08.782,0.00,0.00,0,0.0,0.0,0.000,0.0,0,HAYIR,HAYIR
2026-08-19 12:20:08.802,0.00,0.00,0,0.0,0.0,0.000,0.0,0,HAYIR,HAYIR
2026-08-19 12:20:08.821,0.00,0.00,0,0.0,0.0,0.000,0.0,0,HAYIR,HAYIR
2026-08-19 12:20:08.842,0.00,0.00,0,0.0,0.0,0.000,0.0,0,HAYIR,HAYIR
2026-08-19 12:20:08.862,0.00,0.00,0,0.0,0.0,0.000,0.0,0,HAYIR,HAYIR
2026-08-19 12:20:08.881,0.00,0.00,0,0.0,0.0,0.000,0.0,0,HAYIR,HAYIR
2026-08-19 12:20:08.901,0.00,0.00,0,0.0,0.0,0.000,0.0,0,HAYIR,HAYIR
2026-08-19 12:20:08.922,0.00,0.00,0,0.0,0.0,0.000,0.0,0,HAYIR,HAYIR
2026-08-19 12:20:08.941,0.00,0.00,0,0.0,0.0,0.000,0.0,0,HAYIR,HAYIR
2026-08-19 12:20:08.961,0.00,0.00,0,0.0,0.0,0.000,0.0,0,HAYIR,HAYIR
2026-08-19 12:20:08.982,0.00,0.00,0,0.0,0.0,0.000,0.0,0,HAYIR,HAYIR
2026-08-19 12:20:09.002,0.00,0.00,0,0.0,0.0,0.000,0.0,0,HAYIR,HAYIR
2026-08-19 12:20:09.021,0.00,0.00,0,0.0,0.0,0.000,0.0,0,HAYIR,HAYIR
2026-08-19 12:20:09.042,0.00,0.00,0,0.0,0.0,0.000,0.0,0,HAYIR,HAYIR
2026-08-19 12:20:09.062,0.00,0.00,0,0.0,0.0,0.000,0.0,0,HAYIR,HAYIR
2026-08-19 12:20:09.081,0.00,0.00,0,0.0,0.0,0.000,0.0,0,HAYIR,HAYIR
2026-08-19 12:20:09.101,0.00,0.00,0,0.0,0.0,0.000,0.0,0,HAYIR,HAYIR
2026-08-19 12:20:09.122,0.00,0.00,0,0.0,0.0,0.000,0.0,0,HAYIR,HAYIR
2026-08-19 12:20:09.142,0.00,0.00,0,0.0,0.0,0.000,0.0,0,HAYIR,HAYIR
2026-08-19 12:20:09.162,0.00,0.00,0,0.0,0.0,0.000,0.0,0,HAYIR,HAYIR
2026-08-19 12:20:09.182,0.00,0.00,0,0.0,0.0,0.000,0.0,0,HAYIR,HAYIR
2026-08-19 12:20:09.201,0.00,0.00,0,0.0,0.0,0.000,0.0,0,HAYIR,HAYIR
2026-08-19 12:20:09.221,0.00,0.00,0,0.0,0.0,0.000,0.0,0,HAYIR,HAYIR
2026-08-19 12:20:09.241,0.00,0.00,0,0.0,0.0,0.000,0.0,0,HAYIR,HAYIR
2026-08-19 12:20:09.262,0.00,0.00,0,0.0,0.0,0.000,0.0,0,HAYIR,HAYIR
2026-08-19 12:20:09.281,0.00,0.00,0,0.0,0.0,0.000,0.0,0,HAYIR,HAYIR
2026-08-19 12:20:09.301,0.00,0.00,0,0.0,0.0,0.000,0.0,0,HAYIR,HAYIR
2026-08-19 12:20:09.322,0.00,0.00,0,0.0,0.0,0.000,0.0,0,HAYIR,HAYIR
2026-08-19 12:20:09.341,0.00,0.00,0,0.0,0.0,0.000,0.0,0,HAYIR,HAYIR
2026-08-19 12:20:09.362,0.00,0.00,0,0.0,0.0,0.000,0.0,0,HAYIR,HAYIR
2026-08-19 12:20:09.381,0.00,0.00,0,0.0,0.0,0.000,0.0,0,HAYIR,HAYIR
2026-08-19 12:20:09.401,0.00,0.00,0,0.0,0.0,0.000,0.0,0,HAYIR,HAYIR
2026-08-19 12:20:09.421,0.00,0.00,0,0.0,0.0,0.000,0.0,0,HAYIR,HAYIR
2026-08-19 12:20:09.441,0.00,0.00,0,0.0,0.0,0.000,0.0,0,HAYIR,HAYIR
2026-08-19 12:20:09.461,0.00,0.00,0,0.0,0.0,0.000,0.0,0,HAYIR,HAYIR
2026-08-19 12:20:09.481,0.00,0.00,0,0.0,0.0,0.000,0.0,0,HAYIR,HAYIR
2026-08-19 12:20:09.501,0.00,0.00,0,0.0,0.0,0.000,0.0,0,HAYIR,HAYIR
2026-08-19 12:20:09.522,0.00,0.00,0,0.0,0.0,0.000,0.0,0,HAYIR,HAYIR
2026-08-19 12:20:09.542,0.00,0.00,0,0.0,0.0,0.000,0.0,0,HAYIR,HAYIR
2026-08-19 12:20:09.561,0.00,0.00,0,0.0,0.0,0.000,0.0,0,HAYIR,HAYIR
2026-08-19 12:20:09.582,0.00,0.00,0,0.0,0.0,0.000,0.0,0,HAYIR,HAYIR
2026-08-19 12:20:09.602,0.00,0.00,0,0.0,0.0,0.000,0.0,0,HAYIR,HAYIR
2026-08-19 12:20:09.621,0.00,0.00,0,0.0,0.0,0.000,0.0,0,HAYIR,HAYIR
2026-08-19 12:20:09.642,0.00,0.00,0,0.0,0.0,0.000,0.0,0,HAYIR,HAYIR
2026-08-19 12:20:09.661,0.00,0.00,0,0.0,0.0,0.000,0.0,0,HAYIR,HAYIR
2026-08-19 12:20:09.681,0.00,0.00,0,0.0,0.0,0.000,0.0,0,HAYIR,HAYIR
2026-08-19 12:20:09.701,0.00,0.00,0,0.0,0.0,0.000,0.0,0,HAYIR,HAYIR
2026-08-19 12:20:09.722,0.00,0.00,0,0.0,0.0,0.000,0.0,0,HAYIR,HAYIR
2026-08-19 12:20:09.742,0.00,0.00,0,0.0,0.0,0.000,0.0,0,HAYIR,HAYIR
2026-08-19 12:20:09.761,0.00,0.00,0,0.0,0.0,0.000,0.0,0,HAYIR,HAYIR
2026-08-19 12:20:09.782,0.00,0.00,0,0.0,0.0,0.000,0.0,0,HAYIR,HAYIR
2026-08-19 12:20:09.801,0.00,0.00,0,0.0,0.0,0.000,0.0,0,HAYIR,HAYIR
2026-08-19 12:20:09.821,0.00,0.00,0,0.0,0.0,0.000,0.0,0,HAYIR,HAYIR
2026-08-19 12:20:09.841,0.00,0.00,0,0.0,0.0,0.000,0.0,0,HAYIR,HAYIR
2026-08-19 12:20:09.862,0.00,0.00,0,0.0,0.0,0.000,0.0,0,HAYIR,HAYIR
2026-08-19 12:20:09.881,0.00,0.00,0,0.0,0.0,0.000,0.0,0,HAYIR,HAYIR
2026-08-19 12:20:09.902,0.00,0.00,0,0.0,0.0,0.000,0.0,0,HAYIR,HAYIR
2026-08-19 12:20:09.922,0.00,0.00,0,0.0,0.0,0.000,0.0,0,HAYIR,HAYIR
2026-08-19 12:20:09.942,0.00,0.00,0,0.0,0.0,0.000,0.0,0,HAYIR,HAYIR
2026-08-19 12:20:09.961,0.00,0.00,0,0.0,0.0,0.000,0.0,0,HAYIR,HAYIR
2026-08-19 12:20:09.982,0.00,0.00,0,0.0,0.0,0.000,0.0,0,HAYIR,HAYIR
2026-08-19 12:20:10.001,0.00,0.00,0,0.0,0.0,0.000,0.0,0,HAYIR,HAYIR
2026-08-19 12:20:10.021,0.00,0.00,0,0.0,0.0,0.000,0.0,0,HAYIR,HAYIR
2026-08-19 12:20:10.042,0.00,0.00,0,0.0,0.0,0.000,0.0,0,HAYIR,HAYIR
2026-08-19 12:20:10.062,0.00,0.00,0,0.0,0.0,0.000,0.0,0,HAYIR,HAYIR
2026-08-19 12:20:10.081,0.00,0.00,0,0.0,0.0,0.000,0.0,0,HAYIR,HAYIR
2026-08-19 12:20:10.101,0.00,0.00,0,0.0,0.0,0.000,0.0,0,HAYIR,HAYIR
2026-08-19 12:20:10.122,0.00,0.00,0,0.0,0.0,0.000,0.0,0,HAYIR,HAYIR
2026-08-19 12:20:10.142,0.00,0.00,0,0.0,0.0,0.000,0.0,0,HAYIR,HAYIR
2026-08-19 12:20:10.161,0.00,0.00,0,0.0,0.0,0.000,0.0,0,HAYIR,HAYIR
2026-08-19 12:20:10.182,0.00,0.00,0,0.0,0.0,0.000,0.0,0,HAYIR,HAYIR
2026-08-19 12:20:10.202,0.00,0.00,0,0.0,0.0,0.000,0.0,0,HAYIR,HAYIR
2026-08-19 12:20:10.221,0.00,0.00,0,0.0,0.0,0.000,0.0,0,HAYIR,HAYIR
2026-08-19 12:20:10.241,0.00,0.00,0,0.0,0.0,0.000,0.0,0,HAYIR,HAYIR
2026-08-19 12:20:10.262,0.00,0.00,0,0.0,0.0,0.000,0.0,0,HAYIR,HAYIR
2026-08-19 12:20:10.281,0.00,0.00,0,0.0,0.0,0.000,0.0,0,HAYIR,HAYIR
2026-08-19 12:20:10.301,0.00,0.00,0,0.0,0.0,0.000,0.0,0,HAYIR,HAYIR
2026-08-19 12:20:10.321,0.00,0.00,0,0.0,0.0,0.000,0.0,0,HAYIR,HAYIR
2026-08-19 12:20:10.342,0.00,0.00,0,0.0,0.0,0.000,0.0,0,HAYIR,HAYIR
2026-08-19 12:20:10.361,0.00,0.00,0,0.0,0.0,0.000,0.0,0,HAYIR,HAYIR
2026-08-19 12:20:10.382,0.00,0.00,0,0.0,0.0,0.000,0.0,0,HAYIR,HAYIR
2026-08-19 12:20:10.402,0.00,0.00,0,0.0,0.0,0.000,0.0,0,HAYIR,HAYIR
2026-08-19 12:20:10.421,0.00,0.00,0,0.0,0.0,0.000,0.0,0,HAYIR,HAYIR
2026-08-19 12:20:10.442,0.00,0.00,0,0.0,0.0,0.000,0.0,0,HAYIR,HAYIR
2026-08-19 12:20:10.462,0.00,0.00,0,0.0,0.0,0.000,0.0,0,HAYIR,HAYIR
2026-08-19 12:20:10.481,0.00,0.00,0,0.0,0.0,0.000,0.0,0,HAYIR,HAYIR
2026-08-19 12:20:10.501,0.00,0.00,0,0.0,0.0,0.000,0.0,0,HAYIR,HAYIR
2026-08-19 12:20:10.522,0.00,0.00,0,0.0,0.0,0.000,0.0,0,HAYIR,HAYIR
2026-08-19 12:20:10.542,0.00,0.00,0,0.0,0.0,0.000,0.0,0,HAYIR,HAYIR
2026-08-19 12:20:10.561,0.00,0.00,0,0.0,0.0,0.000,0.0,0,HAYIR,HAYIR
2026-08-19 12:20:10.582,0.00,0.00,0,0.0,0.0,0.000,0.0,0,HAYIR,HAYIR
2026-08-19 12:20:10.602,0.00,0.00,0,0.0,0.0,0.000,0.0,0,HAYIR,HAYIR
2026-08-19 12:20:10.622,0.00,0.00,0,0.0,0.0,0.000,0.0,0,HAYIR,HAYIR
2026-08-19 12:20:10.642,0.00,0.00,0,0.0,0.0,0.000,0.0,0,HAYIR,HAYIR
2026-08-19 12:20:10.661,0.00,0.00,0,0.0,0.0,0.000,0.0,0,HAYIR,HAYIR
2026-08-19 12:20:10.681,0.00,0.00,0,0.0,0.0,0.000,0.0,0,HAYIR,HAYIR
2026-08-19 12:20:10.701,0.00,0.00,0,0.0,0.0,0.000,0.0,0,HAYIR,HAYIR
2026-08-19 12:20:10.721,0.00,0.00,0,0.0,0.0,0.000,0.0,0,HAYIR,HAYIR
2026-08-19 12:20:10.741,0.00,0.00,0,0.0,0.0,0.000,0.0,0,HAYIR,HAYIR
2026-08-19 12:20:10.761,0.00,0.00,0,0.0,0.0,0.000,0.0,0,HAYIR,HAYIR
2026-08-19 12:20:10.781,0.00,0.00,0,0.0,0.0,0.000,0.0,0,HAYIR,HAYIR
2026-08-19 12:20:10.801,0.00,0.00,0,0.0,0.0,0.000,0.0,0,HAYIR,HAYIR
2026-08-19 12:20:10.821,0.00,0.00,0,0.0,0.0,0.000,0.0,0,HAYIR,HAYIR
2026-08-19 12:20:10.841,0.00,0.00,0,0.0,0.0,0.000,0.0,0,HAYIR,HAYIR
2026-08-19 12:20:10.861,0.00,0.00,0,0.0,0.0,0.000,0.0,0,HAYIR,HAYIR
2026-08-19 12:20:10.881,0.00,0.00,0,0.0,0.0,0.000,0.0,0,HAYIR,HAYIR
2026-08-19 12:20:10.901,0.00,0.00,0,0.0,0.0,0.000,0.0,0,HAYIR,HAYIR
2026-08-19 12:20:10.921,0.00,0.00,0,0.0,0.0,0.000,0.0,0,HAYIR,HAYIR
2026-08-19 12:20:10.942,0.00,0.00,0,0.0,0.0,0.000,0.0,0,HAYIR,HAYIR
2026-08-19 12:20:10.961,0.00,0.00,0,0.0,0.0,0.000,0.0,0,HAYIR,HAYIR
2026-08-19 12:20:10.981,0.00,0.00,0,0.0,0.0,0.000,0.0,0,HAYIR,HAYIR
2026-08-19 12:20:11.001,0.00,0.00,0,0.0,0.0,0.000,0.0,0,HAYIR,HAYIR
2026-08-19 12:20:11.021,0.00,0.00,0,0.0,0.0,0.000,0.0,0,HAYIR,HAYIR
2026-08-19 12:20:11.042,0.00,0.00,0,0.0,0.0,0.000,0.0,0,HAYIR,HAYIR
2026-08-19 12:20:11.062,0.00,0.00,0,0.0,0.0,0.000,0.0,0,HAYIR,HAYIR
2026-08-19 12:20:11.082,0.00,0.00,0,0.0,0.0,0.000,0.0,0,HAYIR,HAYIR
2026-08-19 12:20:11.101,0.00,0.00,0,0.0,0.0,0.000,0.0,0,HAYIR,HAYIR
2026-08-19 12:20:11.122,0.00,0.00,0,0.0,0.0,0.000,0.0,0,HAYIR,HAYIR
2026-08-19 12:20:11.142,0.00,0.00,0,0.0,0.0,0.000,0.0,0,HAYIR,HAYIR
2026-08-19 12:20:11.161,0.00,0.00,0,0.0,0.0,0.000,0.0,0,HAYIR,HAYIR
2026-08-19 12:20:11.181,0.00,0.00,0,0.0,0.0,0.000,0.0,0,HAYIR,HAYIR
2026-08-19 12:20:11.201,0.00,0.00,0,0.0,0.0,0.000,0.0,0,HAYIR,HAYIR
2026-08-19 12:20:11.221,0.00,0.00,0,0.0,0.0,0.000,0.0,0,HAYIR,HAYIR
2026-08-19 12:20:11.241,0.00,0.00,0,0.0,0.0,0.000,0.0,0,HAYIR,HAYIR
2026-08-19 12:20:11.261,0.00,0.00,0,0.0,0.0,0.000,0.0,0,HAYIR,HAYIR
2026-08-19 12:20:11.281,0.00,0.00,0,0.0,0.0,0.000,0.0,0,HAYIR,HAYIR
2026-08-19 12:20:11.301,0.00,0.00,0,0.0,0.0,0.000,0.0,0,HAYIR,HAYIR
2026-08-19 12:20:11.321,0.00,0.00,0,0.0,0.0,0.000,0.0,0,HAYIR,HAYIR
2026-08-19 12:20:11.341,0.00,0.00,0,0.0,0.0,0.000,0.0,0,HAYIR,HAYIR
2026-08-19 12:20:11.361,0.00,0.00,0,0.0,0.0,0.000,0.0,0,HAYIR,HAYIR
2026-08-19 12:20:11.381,0.00,0.00,0,0.0,0.0,0.000,0.0,0,HAYIR,HAYIR
2026-08-19 12:20:11.401,0.00,0.00,0,0.0,0.0,0.000,0.0,0,HAYIR,HAYIR
2026-08-19 12:20:11.421,0.00,0.00,0,0.0,0.0,0.000,0.0,0,HAYIR,HAYIR
2026-08-19 12:20:11.441,0.00,0.00,0,0.0,0.0,0.000,0.0,0,HAYIR,HAYIR
2026-08-19 12:20:11.461,0.00,0.00,0,0.0,0.0,0.000,0.0,0,HAYIR,HAYIR
2026-08-19 12:20:11.481,0.00,0.00,0,0.0,0.0,0.000,0.0,0,HAYIR,HAYIR
2026-08-19 12:20:11.501,0.00,0.00,0,0.0,0.0,0.000,0.0,0,HAYIR,HAYIR
2026-08-19 12:20:11.522,0.00,0.00,0,0.0,0.0,0.000,0.0,0,HAYIR,HAYIR
2026-08-19 12:20:11.541,0.00,0.00,0,0.0,0.0,0.000,0.0,0,HAYIR,HAYIR
2026-08-19 12:20:11.561,0.00,0.00,0,0.0,0.0,0.000,0.0,0,HAYIR,HAYIR
2026-08-19 12:20:11.581,0.00,0.00,0,0.0,0.0,0.000,0.0,0,HAYIR,HAYIR
2026-08-19 12:20:11.601,0.00,0.00,0,0.0,0.0,0.000,0.0,0,HAYIR,HAYIR
2026-08-19 12:20:11.621,0.00,0.00,0,0.0,0.0,0.000,0.0,0,HAYIR,HAYIR
2026-08-19 12:20:11.641,0.00,0.00,0,0.0,0.0,0.000,0.0,0,HAYIR,HAYIR
2026-08-19 12:20:11.662,0.00,0.00,0,0.0,0.0,0.000,0.0,0,HAYIR,HAYIR
2026-08-19 12:20:11.681,0.00,0.00,0,0.0,0.0,0.000,0.0,0,HAYIR,HAYIR
2026-08-19 12:20:11.701,0.00,0.00,0,0.0,0.0,0.000,0.0,0,HAYIR,HAYIR
2026-08-19 12:20:11.722,0.00,0.00,0,0.0,0.0,0.000,0.0,0,HAYIR,HAYIR
2026-08-19 12:20:11.742,0.00,0.00,0,0.0,0.0,0.000,0.0,0,HAYIR,HAYIR
2026-08-19 12:20:11.761,0.00,0.00,0,0.0,0.0,0.000,0.0,0,HAYIR,HAYIR
2026-08-19 12:20:11.782,0.00,0.00,0,0.0,0.0,0.000,0.0,0,HAYIR,HAYIR
2026-08-19 12:20:11.802,0.00,0.00,0,0.0,0.0,0.000,0.0,0,HAYIR,HAYIR
2026-08-19 12:20:11.821,0.00,0.00,0,0.0,0.0,0.000,0.0,0,HAYIR,HAYIR
2026-08-19 12:20:11.842,0.00,0.00,0,0.0,0.0,0.000,0.0,0,HAYIR,HAYIR
2026-08-19 12:20:11.862,0.00,0.00,0,0.0,0.0,0.000,0.0,0,HAYIR,HAYIR
2026-08-19 12:20:11.881,0.00,0.00,0,0.0,0.0,0.000,0.0,0,HAYIR,HAYIR
2026-08-19 12:20:11.901,0.00,0.00,0,0.0,0.0,0.000,0.0,0,HAYIR,HAYIR
2026-08-19 12:20:11.922,0.00,0.00,0,0.0,0.0,0.000,0.0,0,HAYIR,HAYIR
2026-08-19 12:20:11.941,0.00,0.00,0,0.0,0.0,0.000,0.0,0,HAYIR,HAYIR
2026-08-19 12:20:11.961,0.00,0.00,0,0.0,0.0,0.000,0.0,0,HAYIR,HAYIR
2026-08-19 12:20:11.982,0.00,0.00,0,0.0,0.0,0.000,0.0,0,HAYIR,HAYIR
2026-08-19 12:20:12.002,0.00,0.00,0,0.0,0.0,0.000,0.0,0,HAYIR,HAYIR
2026-08-19 12:20:12.022,0.00,0.00,0,0.0,0.0,0.000,0.0,0,HAYIR,HAYIR
2026-08-19 12:20:12.042,0.00,0.00,0,0.0,0.0,0.000,0.0,0,HAYIR,HAYIR
2026-08-19 12:20:12.062,0.00,0.00,0,0.0,0.0,0.000,0.0,0,HAYIR,HAYIR
2026-08-19 12:20:12.081,0.00,0.00,0,0.0,0.0,0.000,0.0,0,HAYIR,HAYIR
2026-08-19 12:20:12.101,0.00,0.00,0,0.0,0.0,0.000,0.0,0,HAYIR,HAYIR
2026-08-19 12:20:12.122,0.00,0.00,0,0.0,0.0,0.000,0.0,0,HAYIR,HAYIR
2026-08-19 12:20:12.142,0.00,0.00,0,0.0,0.0,0.000,0.0,0,HAYIR,HAYIR
2026-08-19 12:20:12.161,0.00,0.00,0,0.0,0.0,0.000,0.0,0,HAYIR,HAYIR
2026-08-19 12:20:12.182,0.00,0.00,0,0.0,0.0,0.000,0.0,0,HAYIR,HAYIR
2026-08-19 12:20:12.201,0.00,0.00,0,0.0,0.0,0.000,0.0,0,HAYIR,HAYIR
2026-08-19 12:20:12.221,0.00,0.00,0,0.0,0.0,0.000,0.0,0,HAYIR,HAYIR
2026-08-19 12:20:12.241,0.00,0.00,0,0.0,0.0,0.000,0.0,0,HAYIR,HAYIR
2026-08-19 12:20:12.262,0.00,0.00,0,0.0,0.0,0.000,0.0,0,HAYIR,HAYIR
2026-08-19 12:20:12.281,0.00,0.00,0,0.0,0.0,0.000,0.0,0,HAYIR,HAYIR
2026-08-19 12:20:12.301,0.00,0.00,0,0.0,0.0,0.000,0.0,0,HAYIR,HAYIR
2026-08-19 12:20:12.322,0.00,0.00,0,0.0,0.0,0.000,0.0,0,HAYIR,HAYIR
2026-08-19 12:20:12.342,0.00,0.00,0,0.0,0.0,0.000,0.0,0,HAYIR,HAYIR
2026-08-19 12:20:12.361,0.00,0.00,0,0.0,0.0,0.000,0.0,0,HAYIR,HAYIR
2026-08-19 12:20:12.382,0.00,0.00,0,0.0,0.0,0.000,0.0,0,HAYIR,HAYIR
2026-08-19 12:20:12.402,0.00,0.00,0,0.0,0.0,0.000,0.0,0,HAYIR,HAYIR
2026-08-19 12:20:12.421,0.00,0.00,0,0.0,0.0,0.000,0.0,0,HAYIR,HAYIR
2026-08-19 12:20:12.442,0.00,0.00,0,0.0,0.0,0.000,0.0,0,HAYIR,HAYIR
2026-08-19 12:20:12.462,0.00,0.00,0,0.0,0.0,0.000,0.0,0,HAYIR,HAYIR
2026-08-19 12:20:12.481,0.00,0.00,0,0.0,0.0,0.000,0.0,0,HAYIR,HAYIR
2026-08-19 12:20:12.501,0.00,0.00,0,0.0,0.0,0.000,0.0,0,HAYIR,HAYIR
2026-08-19 12:20:12.522,0.00,0.00,0,0.0,0.0,0.000,0.0,0,HAYIR,HAYIR
2026-08-19 12:20:12.542,0.00,0.00,0,0.0,0.0,0.000,0.0,0,HAYIR,HAYIR
2026-08-19 12:20:12.562,0.00,0.00,0,0.0,0.0,0.000,0.0,0,HAYIR,HAYIR
2026-08-19 12:20:12.582,0.00,0.00,0,0.0,0.0,0.000,0.0,0,HAYIR,HAYIR
2026-08-19 12:20:12.602,0.00,0.00,0,0.0,0.0,0.000,0.0,0,HAYIR,HAYIR
2026-08-19 12:20:12.621,0.00,0.00,0,0.0,0.0,0.000,0.0,0,HAYIR,HAYIR
2026-08-19 12:20:12.642,0.00,0.00,0,0.0,0.0,0.000,0.0,0,HAYIR,HAYIR
2026-08-19 12:20:12.662,0.00,0.00,0,0.0,0.0,0.000,0.0,0,HAYIR,HAYIR
2026-08-19 12:20:12.682,0.00,0.00,0,0.0,0.0,0.000,0.0,0,HAYIR,HAYIR
2026-08-19 12:20:12.701,0.00,0.00,0,0.0,0.0,0.000,0.0,0,HAYIR,HAYIR
2026-08-19 12:20:12.721,0.00,0.00,0,0.0,0.0,0.000,0.0,0,HAYIR,HAYIR
2026-08-19 12:20:12.742,0.00,0.00,0,0.0,0.0,0.000,0.0,0,HAYIR,HAYIR
2026-08-19 12:20:12.761,0.00,0.00,0,0.0,0.0,0.000,0.0,0,HAYIR,HAYIR
2026-08-19 12:20:12.781,0.00,0.00,0,0.0,0.0,0.000,0.0,0,HAYIR,HAYIR
2026-08-19 12:20:12.801,0.00,0.00,0,0.0,0.0,0.000,0.0,0,HAYIR,HAYIR
2026-08-19 12:20:12.821,0.00,0.00,0,0.0,0.0,0.000,0.0,0,HAYIR,HAYIR
2026-08-19 12:20:12.842,0.00,0.00,0,0.0,0.0,0.000,0.0,0,HAYIR,HAYIR
2026-08-19 12:20:12.861,0.00,0.00,0,0.0,0.0,0.000,0.0,0,HAYIR,HAYIR
2026-08-19 12:20:12.881,0.00,0.00,0,0.0,0.0,0.000,0.0,0,HAYIR,HAYIR
2026-08-19 12:20:12.901,0.00,0.00,0,0.0,0.0,0.000,0.0,0,HAYIR,HAYIR
2026-08-19 12:20:12.921,0.00,0.00,0,0.0,0.0,0.000,0.0,0,HAYIR,HAYIR
2026-08-19 12:20:12.941,0.00,0.00,0,0.0,0.0,0.000,0.0,0,HAYIR,HAYIR
2026-08-19 12:20:12.962,0.00,0.00,0,0.0,0.0,0.000,0.0,0,HAYIR,HAYIR
2026-08-19 12:20:12.982,0.00,0.00,0,0.0,0.0,0.000,0.0,0,HAYIR,HAYIR
2026-08-19 12:20:13.001,0.00,0.00,0,0.0,0.0,0.000,0.0,0,HAYIR,HAYIR
2026-08-19 12:20:13.022,0.00,0.00,0,0.0,0.0,0.000,0.0,0,HAYIR,HAYIR
2026-08-19 12:20:13.042,0.00,0.00,0,0.0,0.0,0.000,0.0,0,HAYIR,HAYIR
2026-08-19 12:20:13.062,0.00,0.00,0,0.0,0.0,0.000,0.0,0,HAYIR,HAYIR
2026-08-19 12:20:13.082,0.00,0.00,0,0.0,0.0,0.000,0.0,0,HAYIR,HAYIR
2026-08-19 12:20:13.102,0.00,0.00,0,0.0,0.0,0.000,0.0,0,HAYIR,HAYIR
2026-08-19 12:20:13.122,0.00,0.00,0,0.0,0.0,0.000,0.0,0,HAYIR,HAYIR
2026-08-19 12:20:13.142,0.00,0.00,0,0.0,0.0,0.000,0.0,0,HAYIR,HAYIR
2026-08-19 12:20:13.162,0.00,0.00,0,0.0,0.0,0.000,0.0,0,HAYIR,HAYIR
2026-08-19 12:20:13.182,0.00,0.00,0,0.0,0.0,0.000,0.0,0,HAYIR,HAYIR
2026-08-19 12:20:13.202,0.00,0.00,0,0.0,0.0,0.000,0.0,0,HAYIR,HAYIR
2026-08-19 12:20:13.222,0.00,0.00,0,0.0,0.0,0.000,0.0,0,HAYIR,HAYIR
2026-08-19 12:20:13.242,0.00,0.00,0,0.0,0.0,0.000,0.0,0,HAYIR,HAYIR
2026-08-19 12:20:13.262,0.00,0.00,0,0.0,0.0,0.000,0.0,0,HAYIR,HAYIR
2026-08-19 12:20:13.282,0.00,0.00,0,0.0,0.0,0.000,0.0,0,HAYIR,HAYIR
2026-08-19 12:20:13.301,0.00,0.00,0,0.0,0.0,0.000,0.0,0,HAYIR,HAYIR
2026-08-19 12:20:13.322,0.00,0.00,0,0.0,0.0,0.000,0.0,0,HAYIR,HAYIR
2026-08-19 12:20:13.342,0.00,0.00,0,0.0,0.0,0.000,0.0,0,HAYIR,HAYIR
2026-08-19 12:20:13.362,0.00,0.00,0,0.0,0.0,0.000,0.0,0,HAYIR,HAYIR
2026-08-19 12:20:13.382,0.00,0.00,0,0.0,0.0,0.000,0.0,0,HAYIR,HAYIR
2026-08-19 12:20:13.401,0.00,0.00,0,0.0,0.0,0.000,0.0,0,HAYIR,HAYIR
2026-08-19 12:20:13.421,0.00,0.00,0,0.0,0.0,0.000,0.0,0,HAYIR,HAYIR
2026-08-19 12:20:13.442,0.00,0.00,0,0.0,0.0,0.000,0.0,0,HAYIR,HAYIR
2026-08-19 12:20:13.462,0.00,0.00,0,0.0,0.0,0.000,0.0,0,HAYIR,HAYIR
2026-08-19 12:20:13.481,0.00,0.00,0,0.0,0.0,0.000,0.0,0,HAYIR,HAYIR
2026-08-19 12:20:13.501,0.03,0.00,29,0.0,0.0,-0.050,160.0,1,HAYIR,HAYIR
2026-08-19 12:20:13.522,0.03,0.00,28,0.0,0.0,-0.050,160.0,1,HAYIR,HAYIR
2026-08-19 12:20:13.542,0.05,0.00,28,0.0,0.1,-0.100,160.0,2,HAYIR,HAYIR
2026-08-19 12:20:13.561,0.05,0.00,29,0.0,0.1,-0.100,160.0,2,HAYIR,HAYIR
2026-08-19 12:20:13.582,0.05,0.00,28,0.0,0.1,-0.100,160.0,3,HAYIR,HAYIR
2026-08-19 12:20:13.602,0.08,0.00,29,0.0,0.1,-0.150,160.0,3,HAYIR,HAYIR
2026-08-19 12:20:13.622,0.08,0.00,29,0.0,0.1,-0.150,160.0,4,HAYIR,HAYIR
2026-08-19 12:20:13.642,0.10,0.00,29,0.0,0.2,-0.184,160.0,4,HAYIR,HAYIR
2026-08-19 12:20:13.662,0.10,0.00,29,0.0,0.2,-0.184,160.0,5,HAYIR,HAYIR
2026-08-19 12:20:13.682,0.10,0.00,29,0.0,0.2,-0.184,160.0,6,HAYIR,HAYIR
2026-08-19 12:20:13.701,0.12,0.00,29,0.0,0.2,-0.183,160.0,6,HAYIR,HAYIR
2026-08-19 12:20:13.722,0.12,0.00,29,0.0,0.2,-0.183,160.0,7,HAYIR,HAYIR
2026-08-19 12:20:13.741,0.15,0.00,29,0.0,0.3,-0.184,160.0,7,HAYIR,HAYIR
2026-08-19 12:20:13.762,0.15,0.00,29,0.0,0.3,-0.184,160.0,8,HAYIR,HAYIR
2026-08-19 12:20:13.782,0.15,0.00,29,0.0,0.3,-0.184,160.0,8,HAYIR,HAYIR
2026-08-19 12:20:13.801,0.17,0.00,29,0.0,0.3,-0.183,160.0,9,HAYIR,HAYIR
2026-08-19 12:20:13.822,0.17,0.00,29,0.0,0.3,-0.183,160.0,10,HAYIR,HAYIR
2026-08-19 12:20:13.841,0.20,0.00,29,0.0,0.4,-0.183,160.0,10,HAYIR,HAYIR
2026-08-19 12:20:13.861,0.20,0.00,29,0.0,0.4,-0.183,160.0,11,HAYIR,HAYIR
2026-08-19 12:20:13.881,0.20,0.00,29,0.0,0.4,-0.183,160.0,11,HAYIR,HAYIR
2026-08-19 12:20:13.901,0.22,0.00,29,0.0,0.4,-0.183,160.0,12,HAYIR,HAYIR
2026-08-19 12:20:13.921,0.22,0.00,29,0.0,0.4,-0.183,160.0,12,HAYIR,HAYIR
2026-08-19 12:20:13.941,0.25,0.00,29,0.0,0.5,-0.183,160.0,13,HAYIR,HAYIR
2026-08-19 12:20:13.961,0.25,0.00,29,0.0,0.5,-0.183,160.0,13,HAYIR,HAYIR
2026-08-19 12:20:13.981,0.25,0.00,29,0.0,0.5,-0.183,160.0,14,HAYIR,HAYIR
2026-08-19 12:20:14.001,0.27,0.00,29,0.0,0.5,-0.183,160.0,15,HAYIR,HAYIR
2026-08-19 12:20:14.021,0.27,0.00,30,0.0,0.5,-0.183,160.0,15,HAYIR,HAYIR
2026-08-19 12:20:14.041,0.30,0.00,30,0.0,0.6,-0.184,160.0,16,HAYIR,HAYIR
2026-08-19 12:20:14.061,0.30,0.00,30,0.0,0.6,-0.184,160.0,16,HAYIR,HAYIR
2026-08-19 12:20:14.081,0.30,0.00,30,0.0,0.6,-0.184,160.0,17,HAYIR,HAYIR
2026-08-19 12:20:14.101,0.33,0.00,30,0.0,0.6,-0.184,160.0,17,HAYIR,HAYIR
2026-08-19 12:20:14.122,0.33,0.00,30,0.0,0.6,-0.184,160.0,18,HAYIR,HAYIR
2026-08-19 12:20:14.141,0.35,0.00,30,0.0,0.7,-0.184,160.0,18,HAYIR,HAYIR
2026-08-19 12:20:14.161,0.35,0.00,30,0.0,0.7,-0.184,160.0,19,HAYIR,HAYIR
2026-08-19 12:20:14.181,0.35,0.00,30,0.0,0.7,-0.184,160.0,20,HAYIR,HAYIR
2026-08-19 12:20:14.201,0.38,0.00,30,0.0,0.7,-0.184,160.0,20,HAYIR,HAYIR
2026-08-19 12:20:14.221,0.38,0.00,30,0.0,0.7,-0.184,160.0,21,HAYIR,HAYIR
2026-08-19 12:20:14.242,0.40,0.00,30,0.0,0.8,-0.184,160.0,21,HAYIR,HAYIR
2026-08-19 12:20:14.262,0.40,0.00,30,0.0,0.8,-0.184,160.0,22,HAYIR,HAYIR
2026-08-19 12:20:14.281,0.40,0.00,30,0.0,0.8,-0.184,160.0,22,HAYIR,HAYIR
2026-08-19 12:20:14.301,0.43,0.00,30,0.0,0.8,-0.184,160.0,23,HAYIR,HAYIR
2026-08-19 12:20:14.322,0.43,0.00,30,0.0,0.8,-0.184,160.0,24,HAYIR,HAYIR
2026-08-19 12:20:14.341,0.45,0.00,30,0.0,0.9,-0.184,160.0,24,HAYIR,HAYIR
2026-08-19 12:20:14.361,0.45,0.01,30,0.0,0.9,-0.184,160.0,25,HAYIR,HAYIR
2026-08-19 12:20:14.381,0.45,0.01,30,0.0,0.9,-0.184,160.0,25,HAYIR,HAYIR
2026-08-19 12:20:14.402,0.48,0.01,30,0.0,0.9,-0.184,156.0,26,HAYIR,HAYIR
2026-08-19 12:20:14.421,0.48,0.01,30,0.0,0.9,-0.184,156.0,26,HAYIR,HAYIR
2026-08-19 12:20:14.442,0.50,0.01,30,0.0,1.0,-0.184,149.6,27,HAYIR,HAYIR
2026-08-19 12:20:14.462,0.50,0.01,31,0.0,1.0,-0.184,149.6,27,HAYIR,HAYIR
2026-08-19 12:20:14.481,0.50,0.01,31,0.0,1.0,-0.184,149.6,28,HAYIR,HAYIR
2026-08-19 12:20:14.501,0.53,0.01,31,0.0,1.0,-0.184,143.8,29,HAYIR,HAYIR
2026-08-19 12:20:14.522,0.53,0.01,31,0.0,1.0,-0.184,143.8,29,HAYIR,HAYIR
2026-08-19 12:20:14.542,0.55,0.01,31,0.0,1.1,-0.184,138.2,30,HAYIR,HAYIR
2026-08-19 12:20:14.562,0.55,0.01,31,0.0,1.1,-0.184,138.2,30,HAYIR,HAYIR
2026-08-19 12:20:14.581,0.55,0.01,31,0.0,1.1,-0.184,138.2,31,HAYIR,HAYIR
2026-08-19 12:20:14.602,0.58,0.01,31,0.0,1.1,-0.185,133.2,31,HAYIR,HAYIR
2026-08-19 12:20:14.622,0.58,0.01,31,0.0,1.1,-0.185,133.2,32,HAYIR,HAYIR
2026-08-19 12:20:14.641,0.60,0.01,31,0.0,1.2,-0.185,128.4,32,HAYIR,HAYIR
2026-08-19 12:20:14.662,0.60,0.01,31,0.0,1.2,-0.185,128.4,33,HAYIR,HAYIR
2026-08-19 12:20:14.681,0.60,0.03,30,0.0,1.2,-0.185,128.4,34,HAYIR,HAYIR
2026-08-19 12:20:14.701,0.60,0.03,31,0.0,1.2,-0.185,128.5,34,HAYIR,HAYIR
2026-08-19 12:20:14.722,0.60,0.03,31,0.0,1.2,-0.185,128.5,35,HAYIR,HAYIR
2026-08-19 12:20:14.742,0.60,0.03,31,0.0,1.3,-0.185,128.5,35,HAYIR,HAYIR
2026-08-19 12:20:14.761,0.60,0.03,31,0.0,1.3,-0.185,128.5,36,HAYIR,HAYIR
2026-08-19 12:20:14.781,0.60,0.03,31,0.0,1.3,-0.185,128.5,36,HAYIR,HAYIR
2026-08-19 12:20:14.802,0.60,0.03,31,0.0,1.3,-0.185,128.6,37,HAYIR,HAYIR
2026-08-19 12:20:14.822,0.60,0.03,31,0.0,1.3,-0.185,128.6,38,HAYIR,HAYIR
2026-08-19 12:20:14.841,0.60,0.03,31,0.0,1.4,-0.185,128.8,38,HAYIR,HAYIR
2026-08-19 12:20:14.861,0.60,0.03,31,0.0,1.4,-0.185,128.8,39,HAYIR,HAYIR
2026-08-19 12:20:14.881,0.60,0.03,31,0.0,1.4,-0.185,128.8,39,HAYIR,HAYIR
2026-08-19 12:20:14.901,0.60,0.03,31,0.0,1.4,-0.186,129.0,40,HAYIR,HAYIR
2026-08-19 12:20:14.922,0.60,0.03,31,0.0,1.4,-0.186,129.0,40,HAYIR,HAYIR
2026-08-19 12:20:14.942,0.60,0.03,31,0.0,1.5,-0.186,129.0,41,HAYIR,HAYIR
2026-08-19 12:20:14.961,0.60,0.03,31,0.0,1.5,-0.186,129.0,41,HAYIR,HAYIR
2026-08-19 12:20:14.981,0.60,0.03,31,0.0,1.5,-0.186,129.0,42,HAYIR,HAYIR
2026-08-19 12:20:15.001,0.60,0.03,31,0.0,1.5,-0.186,129.2,43,HAYIR,HAYIR
2026-08-19 12:20:15.021,0.60,0.03,32,0.0,1.5,-0.186,129.2,43,HAYIR,HAYIR
2026-08-19 12:20:15.041,0.60,0.03,32,0.1,1.6,-0.186,129.2,44,HAYIR,HAYIR
2026-08-19 12:20:15.062,0.60,0.04,31,0.1,1.6,-0.186,129.2,44,HAYIR,HAYIR
2026-08-19 12:20:15.081,0.60,0.04,32,0.1,1.6,-0.186,129.2,45,HAYIR,HAYIR
2026-08-19 12:20:15.102,0.60,0.04,32,0.1,1.6,-0.187,129.6,45,HAYIR,HAYIR
2026-08-19 12:20:15.122,0.60,0.04,32,0.1,1.6,-0.187,129.6,46,HAYIR,HAYIR
2026-08-19 12:20:15.142,0.60,0.04,32,0.1,1.7,-0.187,129.6,46,HAYIR,HAYIR
2026-08-19 12:20:15.161,0.60,0.04,32,0.1,1.7,-0.187,129.6,47,HAYIR,HAYIR
2026-08-19 12:20:15.182,0.60,0.04,32,0.1,1.7,-0.187,129.6,48,HAYIR,HAYIR
2026-08-19 12:20:15.202,0.60,0.04,32,0.1,1.7,-0.187,129.7,48,HAYIR,HAYIR
2026-08-19 12:20:15.222,0.60,0.04,32,0.2,1.7,-0.187,129.7,49,HAYIR,HAYIR
2026-08-19 12:20:15.242,0.60,0.04,32,0.2,1.8,-0.184,127.7,49,HAYIR,HAYIR
2026-08-19 12:20:15.262,0.60,0.04,32,0.2,1.8,-0.184,127.7,50,HAYIR,HAYIR
2026-08-19 12:20:15.281,0.60,0.04,32,0.2,1.8,-0.184,127.7,50,HAYIR,HAYIR
2026-08-19 12:20:15.301,0.60,0.04,32,0.2,1.8,-0.184,127.7,51,HAYIR,HAYIR
2026-08-19 12:20:15.321,0.60,0.04,32,0.2,1.8,-0.184,127.7,52,HAYIR,HAYIR
2026-08-19 12:20:15.342,0.60,0.04,32,0.2,1.9,-0.184,128.1,52,HAYIR,HAYIR
2026-08-19 12:20:15.362,0.60,0.04,32,0.2,1.9,-0.184,128.1,53,HAYIR,HAYIR
2026-08-19 12:20:15.381,0.60,0.08,31,0.2,1.9,-0.184,128.1,53,HAYIR,HAYIR
2026-08-19 12:20:15.401,0.60,0.08,32,0.2,1.9,-0.185,128.5,54,HAYIR,HAYIR
2026-08-19 12:20:15.421,0.60,0.08,32,0.2,1.9,-0.185,128.5,54,HAYIR,HAYIR
2026-08-19 12:20:15.442,0.60,0.08,32,0.2,2.0,-0.186,128.9,55,HAYIR,HAYIR
2026-08-19 12:20:15.462,0.60,0.08,32,0.2,2.0,-0.186,128.9,55,HAYIR,HAYIR
2026-08-19 12:20:15.481,0.60,0.08,32,0.3,2.0,-0.186,128.9,56,HAYIR,HAYIR
2026-08-19 12:20:15.501,0.60,0.08,33,0.3,2.0,-0.186,128.9,57,HAYIR,HAYIR
2026-08-19 12:20:15.522,0.60,0.08,33,0.3,2.0,-0.186,128.9,57,HAYIR,HAYIR
2026-08-19 12:20:15.541,0.60,0.08,33,0.3,2.1,-0.186,129.0,58,HAYIR,HAYIR
2026-08-19 12:20:15.561,0.60,0.08,33,0.3,2.1,-0.186,129.0,58,HAYIR,HAYIR
2026-08-19 12:20:15.582,0.60,0.08,33,0.3,2.1,-0.186,129.0,59,HAYIR,HAYIR
2026-08-19 12:20:15.602,0.60,0.08,33,0.3,2.1,-0.186,129.1,59,HAYIR,HAYIR
2026-08-19 12:20:15.621,0.60,0.08,33,0.3,2.1,-0.186,129.1,60,HAYIR,HAYIR
2026-08-19 12:20:15.642,0.60,0.08,33,0.3,2.2,-0.186,129.4,60,HAYIR,HAYIR
2026-08-19 12:20:15.662,0.60,0.08,33,0.3,2.2,-0.186,129.4,61,HAYIR,HAYIR
2026-08-19 12:20:15.682,0.60,0.08,33,0.4,2.2,-0.186,129.4,62,HAYIR,HAYIR
2026-08-19 12:20:15.702,0.60,0.13,29,0.4,0.0,-0.187,129.6,62,HAYIR,HAYIR
2026-08-19 12:20:15.722,0.60,0.13,31,0.4,0.0,-0.187,129.6,63,HAYIR,HAYIR
2026-08-19 12:20:15.742,0.60,0.13,31,0.4,0.0,-0.187,130.0,63,HAYIR,HAYIR
2026-08-19 12:20:15.761,0.60,0.13,31,0.4,0.0,-0.187,130.0,64,HAYIR,HAYIR
2026-08-19 12:20:15.782,0.60,0.13,31,0.4,0.0,-0.187,130.0,64,HAYIR,HAYIR
2026-08-19 12:20:15.801,0.60,0.13,31,0.4,0.0,-0.188,130.2,65,HAYIR,HAYIR
2026-08-19 12:20:15.821,0.60,0.13,31,0.4,0.0,-0.188,130.2,66,HAYIR,HAYIR
2026-08-19 12:20:15.841,0.60,0.13,31,0.4,0.0,-0.188,130.5,66,HAYIR,HAYIR
2026-08-19 12:20:15.862,0.60,0.13,31,0.5,0.0,-0.188,130.5,67,HAYIR,HAYIR
2026-08-19 12:20:15.882,0.60,0.13,31,0.5,0.0,-0.188,130.5,67,HAYIR,HAYIR
2026-08-19 12:20:15.901,0.60,0.13,31,0.5,0.0,-0.189,130.8,68,HAYIR,HAYIR
2026-08-19 12:20:15.922,0.60,0.13,31,0.5,0.0,-0.189,130.8,68,HAYIR,HAYIR
2026-08-19 12:20:15.942,0.60,0.13,31,0.5,0.0,-0.189,131.1,69,HAYIR,HAYIR
2026-08-19 12:20:15.961,0.60,0.13,31,0.5,0.0,-0.189,131.1,69,HAYIR,HAYIR
2026-08-19 12:20:15.981,0.60,0.13,31,0.5,0.0,-0.189,131.1,70,HAYIR,HAYIR
2026-08-19 12:20:16.001,0.60,0.13,31,0.5,0.0,-0.189,131.2,71,HAYIR,HAYIR
2026-08-19 12:20:16.021,0.60,0.19,29,0.5,0.0,-0.189,131.2,71,HAYIR,HAYIR
2026-08-19 12:20:16.041,0.60,0.19,31,0.5,0.0,-0.190,131.7,72,HAYIR,HAYIR
2026-08-19 12:20:16.061,0.60,0.19,31,0.5,0.0,-0.190,131.7,72,HAYIR,HAYIR
2026-08-19 12:20:16.081,0.60,0.19,31,0.5,0.0,-0.190,131.7,73,HAYIR,HAYIR
2026-08-19 12:20:16.101,0.60,0.19,31,0.5,0.0,-0.191,131.9,73,HAYIR,HAYIR
2026-08-19 12:20:16.121,0.60,0.19,31,0.6,0.0,-0.191,131.9,74,HAYIR,HAYIR
2026-08-19 12:20:16.141,0.60,0.19,31,0.6,0.0,-0.192,132.5,74,HAYIR,HAYIR
2026-08-19 12:20:16.161,0.60,0.19,31,0.6,0.0,-0.192,132.5,75,HAYIR,HAYIR
2026-08-19 12:20:16.181,0.60,0.19,31,0.6,0.0,-0.192,132.5,76,HAYIR,HAYIR
2026-08-19 12:20:16.201,0.60,0.19,31,0.6,0.0,-0.192,132.7,76,HAYIR,HAYIR
2026-08-19 12:20:16.221,0.60,0.19,31,0.6,0.0,-0.192,132.7,77,HAYIR,HAYIR
2026-08-19 12:20:16.241,0.60,0.19,31,0.6,0.0,-0.193,133.1,77,HAYIR,HAYIR
2026-08-19 12:20:16.262,0.60,0.19,31,0.6,0.0,-0.193,133.1,78,HAYIR,HAYIR
2026-08-19 12:20:16.281,0.60,0.19,31,0.6,0.0,-0.193,133.1,78,HAYIR,HAYIR
2026-08-19 12:20:16.301,0.60,0.19,31,0.7,0.0,-0.143,101.8,79,HAYIR,HAYIR
2026-08-19 12:20:16.321,0.60,0.19,31,0.7,0.0,-0.143,101.8,80,HAYIR,HAYIR
2026-08-19 12:20:16.341,0.60,0.27,29,0.7,0.0,-0.093,67.7,79,HAYIR,HAYIR
2026-08-19 12:20:16.361,0.60,0.27,31,0.6,0.0,-0.093,67.7,78,HAYIR,HAYIR
2026-08-19 12:20:16.381,0.60,0.27,31,0.6,0.0,-0.093,67.7,78,HAYIR,HAYIR
2026-08-19 12:20:16.401,0.60,0.27,31,0.6,0.0,-0.043,31.6,77,HAYIR,HAYIR
2026-08-19 12:20:16.422,0.60,0.27,31,0.6,0.0,-0.043,31.6,77,HAYIR,HAYIR
2026-08-19 12:20:16.441,0.60,0.27,31,0.6,0.0,0.000,-0.0,76,HAYIR,HAYIR
2026-08-19 12:20:16.462,0.60,0.27,31,0.6,0.0,0.000,-0.0,76,HAYIR,HAYIR
2026-08-19 12:20:16.481,0.60,0.27,31,0.6,0.0,0.000,-0.0,75,HAYIR,HAYIR
2026-08-19 12:20:16.501,0.60,0.27,31,0.6,0.0,0.000,-0.0,74,HAYIR,HAYIR
2026-08-19 12:20:16.522,0.60,0.27,31,0.6,0.0,0.000,-0.0,74,HAYIR,HAYIR
2026-08-19 12:20:16.542,0.60,0.27,31,0.5,0.0,0.000,-0.0,73,HAYIR,HAYIR
2026-08-19 12:20:16.562,0.60,0.27,31,0.5,0.0,0.000,-0.0,73,HAYIR,HAYIR
2026-08-19 12:20:16.581,0.60,0.27,31,0.5,0.0,0.000,-0.0,72,HAYIR,HAYIR
2026-08-19 12:20:16.601,0.60,0.27,31,0.5,0.0,0.000,-0.0,72,HAYIR,HAYIR
2026-08-19 12:20:16.621,0.60,0.27,31,0.5,0.0,0.000,-0.0,71,HAYIR,HAYIR
2026-08-19 12:20:16.642,0.60,0.27,31,0.5,0.0,0.000,-0.0,71,HAYIR,HAYIR
2026-08-19 12:20:16.662,0.60,0.27,31,0.5,0.0,0.000,-0.0,70,HAYIR,HAYIR
2026-08-19 12:20:16.682,0.60,0.27,31,0.5,0.0,0.000,-0.0,69,HAYIR,HAYIR
2026-08-19 12:20:16.702,0.60,0.27,31,0.5,0.0,0.000,-0.0,69,HAYIR,HAYIR
2026-08-19 12:20:16.722,0.60,0.33,28,0.5,0.0,0.000,-0.0,68,HAYIR,HAYIR
2026-08-19 12:20:16.742,0.60,0.33,31,0.5,0.0,0.000,-0.0,68,HAYIR,HAYIR
2026-08-19 12:20:16.762,0.60,0.33,31,0.5,0.0,0.000,-0.0,67,HAYIR,HAYIR
2026-08-19 12:20:16.782,0.60,0.33,31,0.5,0.0,0.000,-0.0,67,HAYIR,HAYIR
2026-08-19 12:20:16.802,0.60,0.33,31,0.4,0.0,0.000,-0.0,66,HAYIR,HAYIR
2026-08-19 12:20:16.822,0.60,0.33,31,0.4,0.0,0.000,-0.0,66,HAYIR,HAYIR
2026-08-19 12:20:16.842,0.60,0.33,31,0.4,0.0,0.000,-0.0,65,HAYIR,HAYIR
2026-08-19 12:20:16.862,0.60,0.33,31,0.4,0.0,0.000,-0.0,64,HAYIR,HAYIR
2026-08-19 12:20:16.881,0.60,0.33,31,0.4,0.0,0.000,-0.0,64,HAYIR,HAYIR
2026-08-19 12:20:16.902,0.60,0.33,31,0.4,0.0,0.000,-0.0,63,HAYIR,HAYIR
2026-08-19 12:20:16.922,0.60,0.33,31,0.4,0.0,0.000,-0.0,63,HAYIR,HAYIR
2026-08-19 12:20:16.941,0.60,0.33,31,0.4,0.0,0.000,-0.0,62,HAYIR,HAYIR
2026-08-19 12:20:16.962,0.60,0.33,31,0.4,0.0,0.000,-0.0,62,HAYIR,HAYIR
2026-08-19 12:20:16.982,0.60,0.33,31,0.3,0.0,0.000,-0.0,61,HAYIR,HAYIR
2026-08-19 12:20:17.002,0.60,0.33,31,0.3,0.0,0.000,-0.0,60,HAYIR,HAYIR
2026-08-19 12:20:17.021,0.60,0.33,31,0.3,0.0,0.000,-0.0,60,HAYIR,HAYIR
2026-08-19 12:20:17.041,0.60,0.39,28,0.3,0.0,0.000,-0.0,59,HAYIR,HAYIR
2026-08-19 12:20:17.062,0.60,0.39,31,0.3,0.0,0.000,-0.0,59,HAYIR,HAYIR
2026-08-19 12:20:17.081,0.60,0.39,31,0.3,0.0,0.000,-0.0,58,HAYIR,HAYIR
2026-08-19 12:20:17.101,0.60,0.39,31,0.3,0.0,0.000,-0.0,58,HAYIR,HAYIR
2026-08-19 12:20:17.122,0.60,0.39,31,0.3,0.0,0.000,-0.0,57,HAYIR,HAYIR
2026-08-19 12:20:17.141,0.60,0.39,31,0.3,0.0,0.000,-0.0,57,HAYIR,HAYIR
2026-08-19 12:20:17.161,0.60,0.39,31,0.3,0.0,0.000,-0.0,56,HAYIR,HAYIR
2026-08-19 12:20:17.181,0.60,0.39,31,0.2,0.0,0.000,-0.0,55,HAYIR,HAYIR
2026-08-19 12:20:17.201,0.60,0.39,31,0.2,0.0,0.000,-0.0,55,HAYIR,HAYIR
2026-08-19 12:20:17.221,0.60,0.39,31,0.2,0.0,0.000,-0.0,54,HAYIR,HAYIR
2026-08-19 12:20:17.241,0.60,0.39,31,0.2,0.0,0.000,-0.0,54,HAYIR,HAYIR
2026-08-19 12:20:17.261,0.60,0.39,31,0.2,0.0,0.000,-0.0,53,HAYIR,HAYIR
2026-08-19 12:20:17.281,0.60,0.39,31,0.2,0.0,0.000,-0.0,53,HAYIR,HAYIR
2026-08-19 12:20:17.301,0.60,0.39,31,0.2,0.0,0.034,-25.3,52,HAYIR,HAYIR
2026-08-19 12:20:17.321,0.60,0.39,31,0.2,0.0,0.034,-25.3,52,HAYIR,HAYIR
2026-08-19 12:20:17.341,0.60,0.39,31,0.2,0.0,0.035,-25.8,51,HAYIR,HAYIR
2026-08-19 12:20:17.361,0.60,0.45,28,0.2,0.0,0.035,-25.8,50,HAYIR,HAYIR
2026-08-19 12:20:17.381,0.60,0.45,31,0.2,0.0,0.035,-25.8,50,HAYIR,HAYIR
2026-08-19 12:20:17.401,0.60,0.45,31,0.2,0.0,0.036,-26.9,49,HAYIR,HAYIR
2026-08-19 12:20:17.421,0.60,0.45,31,0.2,0.0,0.036,-26.9,49,HAYIR,HAYIR
2026-08-19 12:20:17.441,0.60,0.45,31,0.1,0.0,0.036,-27.0,48,HAYIR,HAYIR
2026-08-19 12:20:17.462,0.60,0.45,31,0.1,0.0,0.036,-27.0,48,HAYIR,HAYIR
2026-08-19 12:20:17.481,0.60,0.45,31,0.1,0.0,0.036,-27.0,47,HAYIR,HAYIR
2026-08-19 12:20:17.501,0.60,0.45,31,0.1,0.0,0.037,-27.6,46,HAYIR,HAYIR
2026-08-19 12:20:17.522,0.60,0.45,31,0.1,0.0,0.037,-27.6,46,HAYIR,HAYIR
2026-08-19 12:20:17.542,0.60,0.45,31,0.1,0.0,0.038,-28.0,45,HAYIR,HAYIR
2026-08-19 12:20:17.562,0.60,0.45,31,0.1,0.0,0.038,-28.0,45,HAYIR,HAYIR
2026-08-19 12:20:17.582,0.60,0.45,31,0.1,0.0,0.038,-28.0,44,HAYIR,HAYIR
2026-08-19 12:20:17.602,0.60,0.45,31,0.1,0.0,0.039,-28.6,44,HAYIR,HAYIR
2026-08-19 12:20:17.621,0.60,0.45,31,0.0,0.0,0.039,-28.6,43,HAYIR,HAYIR
2026-08-19 12:20:17.641,0.60,0.45,31,0.0,0.0,0.039,-28.8,43,HAYIR,HAYIR
2026-08-19 12:20:17.662,0.60,0.45,31,0.0,0.0,0.039,-28.8,42,HAYIR,HAYIR
2026-08-19 12:20:17.681,0.60,0.51,28,0.0,0.0,0.039,-28.8,41,HAYIR,HAYIR
2026-08-19 12:20:17.702,0.60,0.51,30,0.0,0.0,0.039,-29.3,41,HAYIR,HAYIR
2026-08-19 12:20:17.722,0.60,0.51,30,0.0,0.0,0.039,-29.3,40,HAYIR,HAYIR
2026-08-19 12:20:17.742,0.60,0.51,30,0.0,0.0,0.038,-28.4,40,HAYIR,HAYIR
2026-08-19 12:20:17.761,0.60,0.51,30,0.0,0.0,0.038,-28.4,39,HAYIR,HAYIR
2026-08-19 12:20:17.781,0.60,0.51,30,0.0,0.0,0.038,-28.4,39,HAYIR,HAYIR
2026-08-19 12:20:17.802,0.60,0.51,30,0.0,0.0,0.039,-28.9,38,HAYIR,HAYIR
2026-08-19 12:20:17.822,0.60,0.51,30,0.0,0.0,0.039,-28.9,38,HAYIR,HAYIR
2026-08-19 12:20:17.842,0.60,0.51,30,0.0,0.0,0.039,-29.3,37,HAYIR,HAYIR
2026-08-19 12:20:17.862,0.60,0.51,30,0.0,0.0,0.039,-29.3,36,HAYIR,HAYIR
2026-08-19 12:20:17.881,0.60,0.51,30,0.0,0.0,0.039,-29.3,36,HAYIR,HAYIR
2026-08-19 12:20:17.901,0.60,0.51,30,0.0,0.0,0.040,-30.0,35,HAYIR,HAYIR
2026-08-19 12:20:17.922,0.60,0.51,30,0.0,0.0,0.040,-30.0,35,HAYIR,HAYIR
2026-08-19 12:20:17.942,0.60,0.51,30,0.0,0.0,0.041,-30.2,34,HAYIR,HAYIR
2026-08-19 12:20:17.962,0.60,0.51,30,0.0,0.0,0.041,-30.2,34,HAYIR,HAYIR
2026-08-19 12:20:17.982,0.60,0.51,30,0.0,0.0,0.041,-30.2,33,HAYIR,HAYIR
2026-08-19 12:20:18.002,0.60,0.57,28,0.0,0.0,0.041,-30.5,32,HAYIR,HAYIR
2026-08-19 12:20:18.022,0.60,0.57,30,0.0,0.0,0.041,-30.5,32,HAYIR,HAYIR
2026-08-19 12:20:18.041,0.60,0.57,30,0.0,0.0,0.041,-30.6,31,HAYIR,HAYIR
2026-08-19 12:20:18.062,0.60,0.57,30,0.0,0.0,0.041,-30.6,31,HAYIR,HAYIR
2026-08-19 12:20:18.082,0.60,0.57,30,0.0,0.0,0.041,-30.6,30,HAYIR,HAYIR
2026-08-19 12:20:18.102,0.60,0.57,30,0.0,0.0,0.041,-30.3,30,HAYIR,HAYIR
2026-08-19 12:20:18.122,0.60,0.57,30,0.0,0.0,0.041,-30.3,29,HAYIR,HAYIR
2026-08-19 12:20:18.141,0.60,0.57,30,0.0,0.0,0.042,-31.0,29,HAYIR,HAYIR
2026-08-19 12:20:18.161,0.60,0.57,30,0.0,0.0,0.042,-31.0,28,HAYIR,HAYIR
2026-08-19 12:20:18.181,0.60,0.57,30,0.0,0.0,0.042,-31.0,27,HAYIR,HAYIR
2026-08-19 12:20:18.201,0.60,0.57,30,0.0,0.0,0.043,-31.8,27,HAYIR,HAYIR
2026-08-19 12:20:18.222,0.60,0.57,30,0.0,0.0,0.043,-31.8,26,HAYIR,HAYIR
2026-08-19 12:20:18.242,0.60,0.57,30,0.0,0.0,0.043,-32.2,26,HAYIR,HAYIR
2026-08-19 12:20:18.262,0.60,0.57,30,0.0,0.0,0.043,-32.2,25,HAYIR,HAYIR
2026-08-19 12:20:18.281,0.60,0.57,30,0.0,0.0,0.043,-32.2,25,HAYIR,HAYIR
2026-08-19 12:20:18.301,0.60,0.57,30,0.0,0.0,0.045,-33.1,24,HAYIR,HAYIR
2026-08-19 12:20:18.322,0.60,0.57,30,0.0,0.0,0.045,-33.1,24,HAYIR,HAYIR
2026-08-19 12:20:18.342,0.60,0.57,30,0.0,0.0,0.093,-67.8,23,HAYIR,HAYIR
2026-08-19 12:20:18.362,0.60,0.57,30,0.0,0.0,0.093,-67.8,22,HAYIR,HAYIR
2026-08-19 12:20:18.382,0.60,0.57,30,0.0,0.0,0.093,-67.8,22,HAYIR,HAYIR
2026-08-19 12:20:18.401,0.60,0.63,28,0.0,0.0,0.094,-68.6,21,HAYIR,HAYIR
2026-08-19 12:20:18.421,0.60,0.63,28,0.0,0.0,0.094,-68.6,21,HAYIR,HAYIR
2026-08-19 12:20:18.441,0.60,0.63,28,0.0,0.0,0.095,-69.3,20,HAYIR,HAYIR
2026-08-19 12:20:18.462,0.60,0.63,28,0.0,0.0,0.095,-69.3,20,HAYIR,HAYIR
2026-08-19 12:20:18.481,0.60,0.63,28,0.0,0.0,0.095,-69.3,19,HAYIR,HAYIR
2026-08-19 12:20:18.501,0.60,0.63,28,0.0,0.0,0.096,-70.3,18,HAYIR,HAYIR
2026-08-19 12:20:18.522,0.60,0.63,28,0.0,0.0,0.096,-70.3,18,HAYIR,HAYIR
2026-08-19 12:20:18.541,0.60,0.63,28,0.0,0.0,0.097,-70.7,17,HAYIR,HAYIR
2026-08-19 12:20:18.561,0.60,0.63,28,0.0,0.0,0.097,-70.7,17,HAYIR,HAYIR
2026-08-19 12:20:18.581,0.60,0.63,28,0.0,0.0,0.097,-70.7,16,HAYIR,HAYIR
2026-08-19 12:20:18.602,0.60,0.63,28,0.0,0.0,0.098,-71.7,16,HAYIR,HAYIR
2026-08-19 12:20:18.622,0.60,0.63,28,0.0,0.0,0.098,-71.7,15,HAYIR,HAYIR
2026-08-19 12:20:18.642,0.60,0.63,28,0.0,0.0,0.099,-72.2,15,HAYIR,HAYIR
2026-08-19 12:20:18.662,0.60,0.63,28,0.0,0.0,0.099,-72.2,14,HAYIR,HAYIR
2026-08-19 12:20:18.682,0.60,0.63,28,0.0,0.0,0.099,-72.2,13,HAYIR,HAYIR
2026-08-19 12:20:18.701,0.60,0.63,28,0.0,0.0,0.100,-72.9,13,HAYIR,HAYIR
2026-08-19 12:20:18.722,0.60,0.68,28,0.0,0.0,0.100,-72.9,12,HAYIR,HAYIR
2026-08-19 12:20:18.741,0.60,0.68,28,0.0,0.0,0.101,-73.4,12,HAYIR,HAYIR
2026-08-19 12:20:18.761,0.60,0.68,28,0.0,0.0,0.101,-73.4,11,HAYIR,HAYIR
2026-08-19 12:20:18.781,0.60,0.68,28,0.0,0.0,0.101,-73.4,11,HAYIR,HAYIR
2026-08-19 12:20:18.801,0.60,0.68,28,0.0,0.0,0.102,-74.3,10,HAYIR,HAYIR
2026-08-19 12:20:18.821,0.60,0.68,28,0.0,0.0,0.102,-74.3,10,HAYIR,HAYIR
2026-08-19 12:20:18.841,0.60,0.68,28,0.0,0.0,0.103,-74.7,9,HAYIR,HAYIR
2026-08-19 12:20:18.862,0.60,0.68,28,0.0,0.0,0.103,-74.7,8,HAYIR,HAYIR
2026-08-19 12:20:18.881,0.60,0.68,28,0.0,0.0,0.103,-74.7,8,HAYIR,HAYIR
2026-08-19 12:20:18.901,0.60,0.68,28,0.0,0.0,0.104,-75.6,7,HAYIR,HAYIR
2026-08-19 12:20:18.921,0.60,0.68,28,0.0,0.0,0.104,-75.6,7,HAYIR,HAYIR
2026-08-19 12:20:18.942,0.60,0.68,28,0.0,0.0,0.104,-75.9,6,HAYIR,HAYIR
2026-08-19 12:20:18.962,0.60,0.68,28,0.0,0.0,0.104,-75.9,6,HAYIR,HAYIR
2026-08-19 12:20:18.982,0.60,0.68,28,0.0,0.0,0.104,-75.9,5,HAYIR,HAYIR
2026-08-19 12:20:19.002,0.60,0.68,28,0.0,0.0,0.106,-76.7,4,HAYIR,HAYIR
2026-08-19 12:20:19.021,0.60,0.68,28,0.0,0.0,0.106,-76.7,4,HAYIR,HAYIR
2026-08-19 12:20:19.041,0.60,0.71,28,0.0,0.0,0.106,-77.0,3,HAYIR,HAYIR
2026-08-19 12:20:19.062,0.60,0.71,28,0.0,0.0,0.106,-77.0,3,HAYIR,HAYIR
2026-08-19 12:20:19.081,0.60,0.71,28,0.0,0.0,0.106,-77.0,2,HAYIR,HAYIR
2026-08-19 12:20:19.101,0.60,0.71,28,0.0,0.0,0.107,-77.7,2,HAYIR,HAYIR
2026-08-19 12:20:19.122,0.60,0.71,28,0.0,0.0,0.107,-77.7,1,HAYIR,HAYIR
2026-08-19 12:20:19.142,0.60,0.71,28,0.0,0.0,0.107,-78.0,1,HAYIR,HAYIR
2026-08-19 12:20:19.162,0.60,0.71,28,0.0,0.0,0.107,-78.0,0,HAYIR,HAYIR
2026-08-19 12:20:19.182,0.60,0.71,28,0.0,0.0,0.107,-78.0,-1,HAYIR,HAYIR
2026-08-19 12:20:19.201,0.60,0.71,28,0.0,0.0,0.109,-78.8,-1,HAYIR,HAYIR
2026-08-19 12:20:19.221,0.60,0.71,28,0.0,0.0,0.109,-78.8,-2,HAYIR,HAYIR
2026-08-19 12:20:19.241,0.60,0.71,28,0.0,0.0,0.109,-78.9,-2,HAYIR,HAYIR
2026-08-19 12:20:19.262,0.60,0.71,28,0.0,0.0,0.109,-78.9,-3,HAYIR,HAYIR
2026-08-19 12:20:19.282,0.60,0.71,28,0.0,0.0,0.109,-78.9,-3,HAYIR,HAYIR
2026-08-19 12:20:19.301,0.60,0.71,28,0.0,0.0,0.110,-79.9,-4,HAYIR,HAYIR
2026-08-19 12:20:19.322,0.60,0.71,28,0.0,0.0,0.110,-79.9,-4,HAYIR,HAYIR
2026-08-19 12:20:19.341,0.60,0.71,28,0.0,0.0,0.110,-80.1,-5,HAYIR,HAYIR
2026-08-19 12:20:19.362,0.60,0.73,28,0.0,0.0,0.110,-80.1,-6,HAYIR,HAYIR
2026-08-19 12:20:19.382,0.60,0.73,28,0.0,0.0,0.110,-80.1,-6,HAYIR,HAYIR
2026-08-19 12:20:19.401,0.60,0.73,28,0.0,0.0,0.109,-79.4,-7,HAYIR,HAYIR
2026-08-19 12:20:19.421,0.60,0.73,28,0.0,0.0,0.109,-79.4,-7,HAYIR,HAYIR
2026-08-19 12:20:19.441,0.60,0.73,28,0.0,0.0,0.110,-79.5,-8,HAYIR,HAYIR
2026-08-19 12:20:19.462,0.60,0.73,28,0.0,0.0,0.110,-79.5,-8,HAYIR,HAYIR
2026-08-19 12:20:19.482,0.60,0.73,28,0.0,0.0,0.110,-79.5,-9,HAYIR,HAYIR
2026-08-19 12:20:19.502,0.60,0.73,28,0.0,0.0,0.111,-80.5,-10,HAYIR,HAYIR
2026-08-19 12:20:19.522,0.60,0.73,28,0.0,0.0,0.111,-80.5,-10,HAYIR,HAYIR
2026-08-19 12:20:19.541,0.60,0.73,28,0.0,0.0,0.111,-80.8,-11,HAYIR,HAYIR
2026-08-19 12:20:19.561,0.60,0.73,28,0.0,0.0,0.111,-80.8,-11,HAYIR,HAYIR
2026-08-19 12:20:19.581,0.60,0.73,28,0.0,0.0,0.111,-80.8,-12,HAYIR,HAYIR
2026-08-19 12:20:19.601,0.60,0.73,28,0.0,0.0,0.112,-81.4,-12,HAYIR,HAYIR
2026-08-19 12:20:19.622,0.60,0.73,28,0.0,0.0,0.112,-81.4,-13,HAYIR,HAYIR
2026-08-19 12:20:19.642,0.60,0.73,28,0.0,0.0,0.113,-81.6,-13,HAYIR,HAYIR
2026-08-19 12:20:19.662,0.60,0.73,28,0.0,0.0,0.113,-81.6,-14,HAYIR,HAYIR
2026-08-19 12:20:19.681,0.60,0.76,28,0.0,0.0,0.113,-81.6,-15,HAYIR,HAYIR
2026-08-19 12:20:19.701,0.60,0.76,28,0.0,0.0,0.113,-82.1,-15,HAYIR,HAYIR
2026-08-19 12:20:19.722,0.60,0.76,28,0.0,0.0,0.113,-82.1,-16,HAYIR,HAYIR
2026-08-19 12:20:19.741,0.60,0.76,28,0.0,0.0,0.113,-81.8,-16,HAYIR,HAYIR
2026-08-19 12:20:19.761,0.60,0.76,28,0.0,0.0,0.113,-81.8,-17,HAYIR,HAYIR
2026-08-19 12:20:19.781,0.60,0.76,28,0.0,0.0,0.113,-81.8,-17,HAYIR,HAYIR
2026-08-19 12:20:19.801,0.60,0.76,28,0.0,0.0,0.114,-82.8,-18,HAYIR,HAYIR
2026-08-19 12:20:19.821,0.60,0.76,28,0.0,0.0,0.114,-82.8,-18,HAYIR,HAYIR
2026-08-19 12:20:19.841,0.60,0.76,28,0.0,0.0,0.115,-83.1,-19,HAYIR,HAYIR
2026-08-19 12:20:19.861,0.60,0.76,28,0.0,0.0,0.115,-83.1,-20,HAYIR,HAYIR
2026-08-19 12:20:19.881,0.60,0.76,28,0.0,0.0,0.115,-83.1,-20,HAYIR,HAYIR
2026-08-19 12:20:19.901,0.60,0.76,28,0.0,0.0,0.115,-83.5,-21,HAYIR,HAYIR
2026-08-19 12:20:19.921,0.60,0.76,28,0.0,0.0,0.115,-83.5,-21,HAYIR,HAYIR
2026-08-19 12:20:19.942,0.60,0.76,28,0.0,0.0,0.116,-83.6,-22,HAYIR,HAYIR
2026-08-19 12:20:19.962,0.60,0.76,28,0.0,0.0,0.116,-83.6,-22,HAYIR,HAYIR
2026-08-19 12:20:19.982,0.60,0.76,28,0.0,0.0,0.116,-83.6,-23,HAYIR,HAYIR
2026-08-19 12:20:20.002,0.60,0.76,28,0.0,0.0,0.116,-84.0,-24,HAYIR,HAYIR
2026-08-19 12:20:20.021,0.60,0.76,28,0.0,0.0,0.116,-84.0,-24,HAYIR,HAYIR
2026-08-19 12:20:20.041,0.60,0.76,28,0.0,0.0,0.116,-84.0,-25,HAYIR,HAYIR
2026-08-19 12:20:20.062,0.60,0.77,28,0.0,0.0,0.116,-84.0,-25,HAYIR,HAYIR
2026-08-19 12:20:20.081,0.60,0.77,28,0.0,0.0,0.116,-84.0,-26,HAYIR,HAYIR
2026-08-19 12:20:20.101,0.60,0.77,28,0.0,0.0,0.116,-84.2,-26,HAYIR,HAYIR
2026-08-19 12:20:20.122,0.60,0.77,28,0.0,0.0,0.116,-84.2,-27,HAYIR,HAYIR
2026-08-19 12:20:20.142,0.60,0.77,28,0.0,0.0,0.117,-84.5,-27,HAYIR,HAYIR
2026-08-19 12:20:20.161,0.60,0.77,28,0.0,0.0,0.117,-84.5,-28,HAYIR,HAYIR
2026-08-19 12:20:20.181,0.60,0.77,28,0.0,0.0,0.117,-84.5,-29,HAYIR,HAYIR
2026-08-19 12:20:20.201,0.60,0.77,28,0.0,0.0,0.118,-85.0,-29,HAYIR,HAYIR
2026-08-19 12:20:20.222,0.60,0.77,28,0.0,0.0,0.118,-85.0,-30,HAYIR,HAYIR
2026-08-19 12:20:20.241,0.60,0.77,28,0.0,0.0,0.118,-85.1,-30,HAYIR,HAYIR
2026-08-19 12:20:20.262,0.60,0.77,28,0.0,0.0,0.118,-85.1,-31,HAYIR,HAYIR
2026-08-19 12:20:20.281,0.60,0.77,28,0.0,0.0,0.118,-85.1,-31,HAYIR,HAYIR
2026-08-19 12:20:20.301,0.60,0.77,28,0.0,0.0,0.118,-85.4,-32,HAYIR,HAYIR
2026-08-19 12:20:20.322,0.60,0.77,28,0.0,0.0,0.118,-85.4,-32,HAYIR,HAYIR
2026-08-19 12:20:20.342,0.60,0.77,28,0.0,0.0,0.118,-85.4,-33,HAYIR,HAYIR
2026-08-19 12:20:20.362,0.60,0.77,28,0.0,0.0,0.118,-85.4,-34,HAYIR,HAYIR
2026-08-19 12:20:20.382,0.60,0.77,28,0.0,0.0,0.118,-85.4,-34,HAYIR,HAYIR
2026-08-19 12:20:20.401,0.60,0.77,28,0.0,0.0,0.118,-85.6,-35,HAYIR,HAYIR
2026-08-19 12:20:20.421,0.60,0.77,28,0.0,0.0,0.118,-85.6,-35,HAYIR,HAYIR
2026-08-19 12:20:20.441,0.60,0.77,28,0.0,0.0,0.118,-85.0,-36,HAYIR,HAYIR
2026-08-19 12:20:20.462,0.60,0.77,28,0.0,0.0,0.118,-85.0,-36,HAYIR,HAYIR
2026-08-19 12:20:20.481,0.60,0.77,28,0.0,0.0,0.118,-85.0,-37,HAYIR,HAYIR
2026-08-19 12:20:20.501,0.60,0.77,28,0.0,0.0,0.118,-85.6,-38,HAYIR,HAYIR
2026-08-19 12:20:20.521,0.60,0.77,28,0.0,0.0,0.118,-85.6,-38,HAYIR,HAYIR
2026-08-19 12:20:20.541,0.60,0.77,28,0.0,0.0,0.119,-85.8,-39,HAYIR,HAYIR
2026-08-19 12:20:20.561,0.60,0.77,28,0.0,0.0,0.119,-85.8,-39,HAYIR,HAYIR
2026-08-19 12:20:20.581,0.60,0.77,28,0.0,0.0,0.119,-85.8,-40,HAYIR,HAYIR
2026-08-19 12:20:20.601,0.60,0.77,28,0.0,0.0,0.119,-86.0,-40,HAYIR,HAYIR
2026-08-19 12:20:20.621,0.60,0.77,28,0.0,0.0,0.119,-86.0,-41,HAYIR,HAYIR
2026-08-19 12:20:20.641,0.60,0.77,28,0.0,0.0,0.119,-86.0,-41,HAYIR,HAYIR
2026-08-19 12:20:20.662,0.60,0.77,28,0.0,0.0,0.119,-86.0,-42,HAYIR,HAYIR
2026-08-19 12:20:20.682,0.60,0.77,28,0.0,0.0,0.119,-86.0,-43,HAYIR,HAYIR
2026-08-19 12:20:20.701,0.60,0.77,28,0.0,0.0,0.119,-86.1,-43,HAYIR,HAYIR
2026-08-19 12:20:20.721,0.60,0.77,28,0.1,0.0,0.119,-86.1,-44,HAYIR,HAYIR
2026-08-19 12:20:20.741,0.60,0.77,28,0.1,0.0,0.119,-85.9,-44,HAYIR,HAYIR
2026-08-19 12:20:20.761,0.60,0.77,28,0.1,0.0,0.119,-85.9,-45,HAYIR,HAYIR
2026-08-19 12:20:20.781,0.60,0.77,28,0.1,0.0,0.119,-85.9,-45,HAYIR,HAYIR
2026-08-19 12:20:20.801,0.60,0.77,28,0.1,0.0,0.119,-86.0,-46,HAYIR,HAYIR
2026-08-19 12:20:20.821,0.60,0.77,28,0.1,0.0,0.119,-86.0,-46,HAYIR,HAYIR
2026-08-19 12:20:20.841,0.57,0.77,28,0.1,0.0,0.069,-53.1,-47,HAYIR,HAYIR
2026-08-19 12:20:20.861,0.57,0.77,28,0.1,0.0,0.069,-53.1,-48,HAYIR,HAYIR
2026-08-19 12:20:20.881,0.57,0.77,28,0.1,0.0,0.069,-53.1,-48,HAYIR,HAYIR
2026-08-19 12:20:20.941,0.52,0.77,28,0.1,0.0,0.000,-0.0,-48,HAYIR,HAYIR
2026-08-19 12:20:20.962,0.52,0.77,28,0.1,0.0,0.000,-0.0,-47,HAYIR,HAYIR
2026-08-19 12:20:20.982,0.52,0.77,28,0.1,0.0,0.000,-0.0,-46,HAYIR,HAYIR
2026-08-19 12:20:21.041,0.47,0.75,28,0.1,0.0,0.000,-0.0,-46,HAYIR,HAYIR
2026-08-19 12:20:21.062,0.47,0.75,28,0.1,0.0,0.000,-0.0,-45,HAYIR,HAYIR
2026-08-19 12:20:21.082,0.47,0.75,28,0.1,0.0,0.000,-0.0,-45,HAYIR,HAYIR
2026-08-19 12:20:21.142,0.42,0.75,28,0.1,0.0,0.000,-0.0,-44,HAYIR,HAYIR
2026-08-19 12:20:21.162,0.42,0.75,28,0.1,0.0,0.000,-0.0,-44,HAYIR,HAYIR
2026-08-19 12:20:21.182,0.42,0.75,28,0.0,0.0,0.000,-0.0,-43,HAYIR,HAYIR
2026-08-19 12:20:21.242,0.37,0.75,28,0.0,0.0,0.000,-0.0,-43,HAYIR,HAYIR
2026-08-19 12:20:21.262,0.37,0.75,28,0.0,0.0,0.000,-0.0,-42,HAYIR,HAYIR
2026-08-19 12:20:21.281,0.37,0.75,28,0.0,0.0,0.000,-0.0,-41,HAYIR,HAYIR
2026-08-19 12:20:21.301,0.00,0.75,0,0.0,0.0,0.000,0.0,-41,EVET,HAYIR
2026-08-19 12:20:21.322,0.00,0.75,0,0.0,0.0,0.000,0.0,-40,EVET,HAYIR
2026-08-19 12:20:21.341,0.32,0.73,28,0.0,0.0,0.000,-0.0,-40,HAYIR,HAYIR
2026-08-19 12:20:21.362,0.32,0.73,28,0.0,0.0,0.000,-0.0,-39,HAYIR,HAYIR
2026-08-19 12:20:21.382,0.32,0.73,28,0.0,0.0,0.000,-0.0,-39,HAYIR,HAYIR
2026-08-19 12:20:21.402,0.30,0.73,28,0.0,0.0,0.000,-0.0,-38,HAYIR,HAYIR
2026-08-19 12:20:21.422,0.30,0.73,28,0.0,0.0,0.000,-0.0,-38,HAYIR,HAYIR
2026-08-19 12:20:21.441,0.27,0.73,28,0.0,0.0,0.000,-0.0,-37,HAYIR,HAYIR
2026-08-19 12:20:21.462,0.27,0.73,28,0.0,0.0,0.000,-0.0,-36,HAYIR,HAYIR
2026-08-19 12:20:21.481,0.27,0.73,28,0.0,0.0,0.000,-0.0,-36,HAYIR,HAYIR
2026-08-19 12:20:21.501,0.25,0.73,28,0.0,0.0,0.000,-0.0,-35,HAYIR,HAYIR
2026-08-19 12:20:21.521,0.25,0.73,28,0.0,0.0,0.000,-0.0,-35,HAYIR,HAYIR
2026-08-19 12:20:21.542,0.22,0.73,28,0.0,0.0,0.000,-0.0,-34,HAYIR,HAYIR
2026-08-19 12:20:21.562,0.22,0.73,28,0.0,0.0,0.000,-0.0,-34,HAYIR,HAYIR
2026-08-19 12:20:21.582,0.22,0.73,28,0.0,0.0,0.000,-0.0,-33,HAYIR,HAYIR
2026-08-19 12:20:21.601,0.20,0.73,28,0.0,0.0,0.000,-0.0,-32,HAYIR,HAYIR
2026-08-19 12:20:21.622,0.20,0.73,28,0.0,0.0,0.000,-0.0,-32,HAYIR,HAYIR
2026-08-19 12:20:21.641,0.17,0.73,28,0.0,0.0,0.000,-0.0,-31,HAYIR,HAYIR
2026-08-19 12:20:21.662,0.17,0.73,28,0.0,0.0,0.000,-0.0,-31,HAYIR,HAYIR
2026-08-19 12:20:21.682,0.17,0.73,28,0.0,0.0,0.000,-0.0,-30,HAYIR,HAYIR
2026-08-19 12:20:21.702,0.15,0.73,28,0.0,0.0,0.000,-0.0,-30,HAYIR,HAYIR
2026-08-19 12:20:21.722,0.15,0.70,28,0.0,0.0,0.000,-0.0,-29,HAYIR,HAYIR
2026-08-19 12:20:21.742,0.12,0.70,28,0.0,0.0,0.000,-0.0,-29,HAYIR,HAYIR
2026-08-19 12:20:21.762,0.12,0.70,28,0.0,0.0,0.000,-0.0,-28,HAYIR,HAYIR
2026-08-19 12:20:21.782,0.12,0.70,28,0.0,0.0,0.000,-0.0,-27,HAYIR,HAYIR
2026-08-19 12:20:21.802,0.10,0.70,28,0.0,0.0,0.000,-0.0,-27,HAYIR,HAYIR
2026-08-19 12:20:21.822,0.10,0.70,28,0.0,0.0,0.000,-0.0,-26,HAYIR,HAYIR
2026-08-19 12:20:21.842,0.07,0.70,28,0.0,0.0,0.000,-0.0,-26,HAYIR,HAYIR
2026-08-19 12:20:21.862,0.07,0.70,28,0.0,0.0,0.000,-0.0,-25,HAYIR,HAYIR
2026-08-19 12:20:21.881,0.07,0.70,28,0.0,0.0,0.000,-0.0,-25,HAYIR,HAYIR
2026-08-19 12:20:21.901,0.00,0.70,0,0.0,0.0,0.000,0.0,-24,EVET,HAYIR
2026-08-19 12:20:21.922,0.00,0.70,0,0.0,0.0,0.000,0.0,-24,EVET,HAYIR
2026-08-19 12:20:21.941,0.02,0.70,28,0.0,0.0,0.000,-0.0,-23,HAYIR,HAYIR
2026-08-19 12:20:21.962,0.02,0.70,28,0.0,0.0,0.000,-0.0,-22,HAYIR,HAYIR
2026-08-19 12:20:21.982,0.02,0.70,28,0.0,0.0,0.000,-0.0,-22,HAYIR,HAYIR
2026-08-19 12:20:22.002,0.00,0.70,0,0.0,0.0,0.000,0.0,-21,EVET,HAYIR
2026-08-19 12:20:22.021,0.00,0.70,0,0.0,0.0,0.000,0.0,-21,EVET,HAYIR
2026-08-19 12:20:22.041,0.00,0.65,0,0.0,0.0,0.000,0.0,-20,EVET,HAYIR
2026-08-19 12:20:22.062,0.00,0.65,0,0.0,0.0,0.000,0.0,-20,EVET,HAYIR
2026-08-19 12:20:22.081,0.00,0.65,0,0.0,0.0,0.000,0.0,-19,EVET,HAYIR
2026-08-19 12:20:22.101,0.00,0.65,0,0.0,0.0,0.000,0.0,-18,EVET,HAYIR
2026-08-19 12:20:22.122,0.00,0.65,0,0.0,0.0,0.000,0.0,-18,EVET,HAYIR
2026-08-19 12:20:22.142,0.00,0.65,0,0.0,0.0,0.000,0.0,-17,EVET,HAYIR
2026-08-19 12:20:22.161,0.00,0.65,0,0.0,0.0,0.000,0.0,-17,EVET,HAYIR
2026-08-19 12:20:22.181,0.00,0.65,0,0.0,0.0,0.000,0.0,-16,EVET,HAYIR
2026-08-19 12:20:22.201,0.00,0.65,0,0.0,0.0,0.000,0.0,-16,EVET,HAYIR
2026-08-19 12:20:22.221,0.00,0.65,0,0.0,0.0,0.000,0.0,-15,EVET,HAYIR
2026-08-19 12:20:22.241,0.00,0.65,0,0.0,0.0,0.000,0.0,-15,EVET,HAYIR
2026-08-19 12:20:22.262,0.00,0.65,0,0.0,0.0,0.000,0.0,-14,EVET,HAYIR
2026-08-19 12:20:22.281,0.00,0.65,0,0.0,0.0,0.000,0.0,-13,EVET,HAYIR
2026-08-19 12:20:22.301,0.00,0.65,0,0.0,0.0,0.000,0.0,-13,EVET,HAYIR
2026-08-19 12:20:22.322,0.00,0.65,0,0.0,0.0,0.000,0.0,-12,EVET,HAYIR
2026-08-19 12:20:22.342,0.00,0.65,0,0.0,0.0,0.000,0.0,-12,EVET,HAYIR
2026-08-19 12:20:22.361,0.00,0.61,0,0.0,0.0,0.000,0.0,-11,EVET,HAYIR
2026-08-19 12:20:22.381,0.00,0.61,0,0.0,0.0,0.000,0.0,-11,EVET,HAYIR
2026-08-19 12:20:22.402,0.00,0.61,0,0.0,0.0,0.000,0.0,-10,EVET,HAYIR
2026-08-19 12:20:22.422,0.00,0.61,0,0.0,0.0,0.000,0.0,-10,EVET,HAYIR
2026-08-19 12:20:22.442,0.00,0.61,0,0.0,0.0,0.000,0.0,-9,EVET,HAYIR
2026-08-19 12:20:22.462,0.00,0.61,0,0.0,0.0,0.000,0.0,-8,EVET,HAYIR
2026-08-19 12:20:22.481,0.00,0.61,0,0.0,0.0,0.000,0.0,-8,EVET,HAYIR
2026-08-19 12:20:22.501,0.00,0.61,0,0.0,0.0,0.000,0.0,-7,EVET,HAYIR
2026-08-19 12:20:22.522,0.00,0.61,0,0.0,0.0,0.000,0.0,-7,EVET,HAYIR
2026-08-19 12:20:22.542,0.00,0.61,0,0.0,0.0,0.000,0.0,-6,EVET,HAYIR
2026-08-19 12:20:22.561,0.00,0.61,0,0.0,0.0,0.000,0.0,-6,EVET,HAYIR
2026-08-19 12:20:22.581,0.00,0.61,0,0.0,0.0,0.000,0.0,-5,EVET,HAYIR
2026-08-19 12:20:22.601,0.00,0.61,0,0.0,0.0,0.000,0.0,-4,EVET,HAYIR
2026-08-19 12:20:22.622,0.00,0.61,0,0.0,0.0,0.000,0.0,-4,EVET,HAYIR
2026-08-19 12:20:22.642,0.00,0.61,0,0.0,0.0,0.000,0.0,-3,EVET,HAYIR
2026-08-19 12:20:22.662,0.00,0.61,0,0.0,0.0,0.000,0.0,-3,EVET,HAYIR
2026-08-19 12:20:22.682,0.00,0.55,0,0.0,0.0,0.000,0.0,-2,EVET,HAYIR
2026-08-19 12:20:22.702,0.00,0.55,0,0.0,0.0,0.000,0.0,-2,EVET,HAYIR
2026-08-19 12:20:22.722,0.00,0.55,0,0.0,0.0,0.000,0.0,-1,EVET,HAYIR
2026-08-19 12:20:22.742,0.00,0.55,0,0.0,0.0,0.000,0.0,-1,EVET,HAYIR
2026-08-19 12:20:22.762,0.00,0.55,0,0.0,0.0,0.000,0.0,0,EVET,HAYIR
2026-08-19 12:20:22.781,0.00,0.55,0,0.0,0.0,0.000,0.0,0,EVET,HAYIR
2026-08-19 12:20:22.801,0.00,0.55,0,0.0,0.0,0.000,0.0,0,EVET,HAYIR
2026-08-19 12:20:22.821,0.00,0.55,0,0.0,0.0,0.000,0.0,0,EVET,HAYIR
2026-08-19 12:20:22.841,0.00,0.55,0,0.0,0.0,0.000,0.0,0,EVET,HAYIR
2026-08-19 12:20:22.862,0.00,0.55,0,0.0,0.0,0.000,0.0,0,EVET,HAYIR
2026-08-19 12:20:22.881,0.00,0.55,0,0.0,0.0,0.000,0.0,0,EVET,HAYIR
2026-08-19 12:20:22.901,0.00,0.55,0,0.0,0.0,0.000,0.0,0,EVET,HAYIR
2026-08-19 12:20:22.922,0.00,0.55,0,0.0,0.0,0.000,0.0,0,EVET,HAYIR
2026-08-19 12:20:22.941,0.00,0.55,0,0.0,0.0,0.000,0.0,0,EVET,HAYIR
2026-08-19 12:20:22.961,0.00,0.55,0,0.0,0.0,0.000,0.0,0,EVET,HAYIR
2026-08-19 12:20:22.981,0.00,0.55,0,0.0,0.0,0.000,0.0,0,EVET,HAYIR
2026-08-19 12:20:23.001,0.00,0.49,0,0.0,0.0,0.000,0.0,0,EVET,HAYIR
2026-08-19 12:20:23.021,0.00,0.49,0,0.0,0.0,0.000,0.0,0,EVET,HAYIR
2026-08-19 12:20:23.041,0.00,0.49,0,0.0,0.0,0.000,0.0,0,EVET,HAYIR
2026-08-19 12:20:23.062,0.00,0.49,0,0.0,0.0,0.000,0.0,0,EVET,HAYIR
2026-08-19 12:20:23.082,0.00,0.49,0,0.0,0.0,0.000,0.0,0,EVET,HAYIR
2026-08-19 12:20:23.101,0.00,0.49,0,0.0,0.0,0.000,0.0,0,EVET,HAYIR
2026-08-19 12:20:23.122,0.00,0.49,0,0.0,0.0,0.000,0.0,0,EVET,HAYIR
2026-08-19 12:20:23.142,0.00,0.49,0,0.0,0.0,0.000,0.0,0,EVET,HAYIR
2026-08-19 12:20:23.161,0.00,0.49,0,0.0,0.0,0.000,0.0,0,EVET,HAYIR
2026-08-19 12:20:23.181,0.00,0.49,0,0.0,0.0,0.000,0.0,0,EVET,HAYIR
2026-08-19 12:20:23.202,0.00,0.49,0,0.0,0.0,0.000,0.0,0,EVET,HAYIR
2026-08-19 12:20:23.221,0.00,0.49,0,0.0,0.0,0.000,0.0,0,EVET,HAYIR
2026-08-19 12:20:23.241,0.00,0.49,0,0.0,0.0,0.000,0.0,0,EVET,HAYIR
2026-08-19 12:20:23.262,0.00,0.49,0,0.0,0.0,0.000,0.0,0,EVET,HAYIR
2026-08-19 12:20:23.282,0.00,0.49,0,0.0,0.0,0.000,0.0,0,EVET,HAYIR
2026-08-19 12:20:23.301,0.00,0.49,0,0.0,0.0,0.000,0.0,0,EVET,HAYIR
2026-08-19 12:20:23.322,0.00,0.43,0,0.0,0.0,0.000,0.0,0,EVET,HAYIR
2026-08-19 12:20:23.342,0.00,0.43,0,0.0,0.0,0.000,0.0,0,EVET,HAYIR
2026-08-19 12:20:23.362,0.00,0.43,0,0.0,0.0,0.000,0.0,0,EVET,HAYIR
2026-08-19 12:20:23.381,0.00,0.43,0,0.0,0.0,0.000,0.0,0,EVET,HAYIR
2026-08-19 12:20:23.401,0.00,0.43,0,0.0,0.0,0.000,0.0,0,EVET,HAYIR
2026-08-19 12:20:23.421,0.00,0.43,0,0.0,0.0,0.000,0.0,0,EVET,HAYIR
2026-08-19 12:20:23.441,0.00,0.43,0,0.0,0.0,0.000,0.0,0,EVET,HAYIR
2026-08-19 12:20:23.462,0.00,0.43,0,0.0,0.0,0.000,0.0,0,EVET,HAYIR
2026-08-19 12:20:23.481,0.00,0.43,0,0.0,0.0,0.000,0.0,0,EVET,HAYIR
2026-08-19 12:20:23.501,0.00,0.43,0,0.0,0.0,0.000,0.0,0,EVET,HAYIR
2026-08-19 12:20:23.521,0.00,0.43,0,0.0,0.0,0.000,0.0,0,EVET,HAYIR
2026-08-19 12:20:23.542,0.00,0.43,0,0.0,0.0,0.000,0.0,0,EVET,HAYIR
2026-08-19 12:20:23.562,0.00,0.43,0,0.0,0.0,0.000,0.0,0,EVET,HAYIR
2026-08-19 12:20:23.582,0.00,0.43,0,0.0,0.0,0.000,0.0,0,EVET,HAYIR
2026-08-19 12:20:23.601,0.00,0.43,0,0.0,0.0,0.000,0.0,0,EVET,HAYIR
2026-08-19 12:20:23.622,0.00,0.43,0,0.0,0.0,0.000,0.0,0,EVET,HAYIR
2026-08-19 12:20:23.642,0.00,0.43,0,0.0,0.0,0.000,0.0,0,EVET,HAYIR
2026-08-19 12:20:23.662,0.00,0.43,0,0.0,0.0,0.000,0.0,0,EVET,HAYIR
2026-08-19 12:20:23.682,0.00,0.43,0,0.0,0.0,0.000,0.0,0,EVET,HAYIR
2026-08-19 12:20:23.701,0.00,0.43,0,0.0,0.0,0.000,0.0,0,EVET,HAYIR
2026-08-19 12:20:23.722,0.00,0.33,0,0.0,0.0,0.000,0.0,0,EVET,HAYIR
2026-08-19 12:20:23.742,0.00,0.33,0,0.0,0.0,0.000,0.0,0,EVET,HAYIR
2026-08-19 12:20:23.762,0.00,0.33,0,0.0,0.0,0.000,0.0,0,EVET,HAYIR
2026-08-19 12:20:23.782,0.00,0.33,0,0.0,0.0,0.000,0.0,0,EVET,HAYIR
2026-08-19 12:20:23.801,0.00,0.33,0,0.0,0.0,0.000,0.0,0,EVET,HAYIR
2026-08-19 12:20:23.821,0.00,0.33,0,0.0,0.0,0.000,0.0,0,EVET,HAYIR
2026-08-19 12:20:23.842,0.00,0.33,0,0.0,0.0,0.000,0.0,0,EVET,HAYIR
2026-08-19 12:20:23.861,0.00,0.33,0,0.0,0.0,0.000,0.0,0,EVET,HAYIR
2026-08-19 12:20:23.881,0.00,0.33,0,0.0,0.0,0.000,0.0,0,EVET,HAYIR
2026-08-19 12:20:23.901,0.00,0.33,0,0.0,0.0,0.000,0.0,0,EVET,HAYIR
2026-08-19 12:20:23.921,0.00,0.33,0,0.0,0.0,0.000,0.0,0,EVET,HAYIR
2026-08-19 12:20:23.942,0.00,0.33,0,0.0,0.0,0.000,0.0,0,EVET,HAYIR
2026-08-19 12:20:23.961,0.00,0.33,0,0.0,0.0,0.000,0.0,0,EVET,HAYIR
2026-08-19 12:20:23.981,0.00,0.33,0,0.0,0.0,0.000,0.0,0,EVET,HAYIR
2026-08-19 12:20:24.001,0.00,0.33,0,0.0,0.0,0.000,0.0,0,EVET,HAYIR
2026-08-19 12:20:24.021,0.00,0.33,0,0.0,0.0,0.000,0.0,0,EVET,HAYIR
2026-08-19 12:20:24.041,0.00,0.23,0,0.0,0.0,0.000,0.0,0,EVET,HAYIR
2026-08-19 12:20:24.062,0.00,0.23,0,0.0,0.0,0.000,0.0,0,EVET,HAYIR
2026-08-19 12:20:24.081,0.00,0.23,0,0.0,0.0,0.000,0.0,0,EVET,HAYIR
2026-08-19 12:20:24.101,0.00,0.23,0,0.0,0.0,0.000,0.0,0,EVET,HAYIR
2026-08-19 12:20:24.122,0.00,0.23,0,0.0,0.0,0.000,0.0,0,EVET,HAYIR
2026-08-19 12:20:24.142,0.00,0.23,0,0.0,0.0,0.000,0.0,0,EVET,HAYIR
2026-08-19 12:20:24.162,0.00,0.23,0,0.0,0.0,0.000,0.0,0,EVET,HAYIR
2026-08-19 12:20:24.182,0.00,0.23,0,0.0,0.0,0.000,0.0,0,EVET,HAYIR
2026-08-19 12:20:24.201,0.00,0.23,0,0.0,0.0,0.000,0.0,0,EVET,HAYIR
2026-08-19 12:20:24.221,0.00,0.23,0,0.0,0.0,0.000,0.0,0,EVET,HAYIR
2026-08-19 12:20:24.241,0.00,0.23,0,0.0,0.0,0.000,0.0,0,EVET,HAYIR
2026-08-19 12:20:24.262,0.00,0.23,0,0.0,0.0,0.000,0.0,0,EVET,HAYIR
2026-08-19 12:20:24.281,0.00,0.23,0,0.0,0.0,0.000,0.0,0,EVET,HAYIR
2026-08-19 12:20:24.301,0.00,0.23,0,0.0,0.0,0.000,0.0,0,EVET,HAYIR
2026-08-19 12:20:24.322,0.00,0.23,0,0.0,0.0,0.000,0.0,0,EVET,HAYIR
2026-08-19 12:20:24.342,0.00,0.23,0,0.0,0.0,0.000,0.0,0,EVET,HAYIR
2026-08-19 12:20:24.361,0.00,0.16,0,0.0,0.0,0.000,0.0,0,EVET,HAYIR
2026-08-19 12:20:24.381,0.00,0.16,0,0.0,0.0,0.000,0.0,0,EVET,HAYIR
2026-08-19 12:20:24.401,0.00,0.16,0,0.0,0.0,0.000,0.0,0,EVET,HAYIR
2026-08-19 12:20:24.422,0.00,0.16,0,0.0,0.0,0.000,0.0,0,EVET,HAYIR
2026-08-19 12:20:24.441,0.00,0.16,0,0.0,0.0,0.000,0.0,0,EVET,HAYIR
2026-08-19 12:20:24.462,0.00,0.16,0,0.0,0.0,0.000,0.0,0,EVET,HAYIR
2026-08-19 12:20:24.481,0.00,0.16,0,0.0,0.0,0.000,0.0,0,EVET,HAYIR
2026-08-19 12:20:24.501,0.00,0.16,0,0.0,0.0,0.000,0.0,0,EVET,HAYIR
2026-08-19 12:20:24.522,0.00,0.16,0,0.0,0.0,0.000,0.0,0,EVET,HAYIR
2026-08-19 12:20:24.542,0.00,0.16,0,0.0,0.0,0.000,0.0,0,EVET,HAYIR
2026-08-19 12:20:24.562,0.00,0.16,0,0.0,0.0,0.000,0.0,0,EVET,HAYIR
2026-08-19 12:20:24.581,0.00,0.16,0,0.0,0.0,0.000,0.0,0,EVET,HAYIR
2026-08-19 12:20:24.601,0.00,0.16,0,0.0,0.0,0.000,0.0,0,EVET,HAYIR
2026-08-19 12:20:24.622,0.00,0.16,0,0.0,0.0,0.000,0.0,0,EVET,HAYIR
2026-08-19 12:20:24.642,0.00,0.16,0,0.0,0.0,0.000,0.0,0,EVET,HAYIR
2026-08-19 12:20:24.662,0.00,0.16,0,0.0,0.0,0.000,0.0,0,EVET,HAYIR
2026-08-19 12:20:24.681,0.00,0.11,0,0.0,0.0,0.000,0.0,0,EVET,HAYIR
2026-08-19 12:20:24.701,0.00,0.11,0,0.0,0.0,0.000,0.0,0,EVET,HAYIR
2026-08-19 12:20:24.722,0.00,0.11,0,0.0,0.0,0.000,0.0,0,EVET,HAYIR
2026-08-19 12:20:24.742,0.00,0.11,0,0.0,0.0,0.000,0.0,0,EVET,HAYIR
2026-08-19 12:20:24.762,0.00,0.11,0,0.0,0.0,0.000,0.0,0,EVET,HAYIR
2026-08-19 12:20:24.782,0.00,0.11,0,0.0,0.0,0.000,0.0,0,EVET,HAYIR
2026-08-19 12:20:24.801,0.00,0.11,0,0.0,0.0,0.000,0.0,0,EVET,HAYIR
2026-08-19 12:20:24.821,0.00,0.11,0,0.0,0.0,0.000,0.0,0,EVET,HAYIR
2026-08-19 12:20:24.841,0.00,0.11,0,0.0,0.0,0.000,0.0,0,EVET,HAYIR
2026-08-19 12:20:24.862,0.00,0.11,0,0.0,0.0,0.000,0.0,0,EVET,HAYIR
2026-08-19 12:20:24.881,0.00,0.11,0,0.0,0.0,0.000,0.0,0,EVET,HAYIR
2026-08-19 12:20:24.901,0.00,0.11,0,0.0,0.0,0.000,0.0,0,EVET,HAYIR
2026-08-19 12:20:24.922,0.00,0.11,0,0.0,0.0,0.000,0.0,0,EVET,HAYIR
2026-08-19 12:20:24.942,0.00,0.11,0,0.0,0.0,0.000,0.0,0,EVET,HAYIR
2026-08-19 12:20:24.962,0.00,0.11,0,0.0,0.0,0.000,0.0,0,EVET,HAYIR
2026-08-19 12:20:24.982,0.00,0.11,0,0.0,0.0,0.000,0.0,0,EVET,HAYIR
2026-08-19 12:20:25.001,0.00,0.08,0,0.0,0.0,0.000,0.0,0,HAYIR,HAYIR
2026-08-19 12:20:25.021,0.00,0.08,0,0.0,0.0,0.000,0.0,0,HAYIR,HAYIR
2026-08-19 12:20:25.041,0.00,0.08,0,0.0,0.0,0.000,0.0,0,HAYIR,HAYIR
2026-08-19 12:20:25.062,0.00,0.08,0,0.0,0.0,0.000,0.0,0,HAYIR,HAYIR
2026-08-19 12:20:25.081,0.00,0.08,0,0.0,0.0,0.000,0.0,0,HAYIR,HAYIR
2026-08-19 12:20:25.101,0.00,0.08,0,0.0,0.0,0.000,0.0,0,HAYIR,HAYIR
2026-08-19 12:20:25.122,0.00,0.08,0,0.0,0.0,0.000,0.0,0,HAYIR,HAYIR
2026-08-19 12:20:25.142,0.00,0.08,0,0.0,0.0,0.000,0.0,0,HAYIR,HAYIR
2026-08-19 12:20:25.162,0.00,0.08,0,0.0,0.0,0.000,0.0,0,HAYIR,HAYIR
2026-08-19 12:20:25.181,0.00,0.08,0,0.0,0.0,0.000,0.0,0,HAYIR,HAYIR
2026-08-19 12:20:25.201,0.00,0.08,0,0.0,0.0,0.000,0.0,0,HAYIR,HAYIR
2026-08-19 12:20:25.221,0.00,0.08,0,0.0,0.0,0.000,0.0,0,HAYIR,HAYIR
2026-08-19 12:20:25.241,0.00,0.08,0,0.0,0.0,0.000,0.0,0,HAYIR,HAYIR
2026-08-19 12:20:25.261,0.00,0.08,0,0.0,0.0,0.000,0.0,0,HAYIR,HAYIR
2026-08-19 12:20:25.281,0.00,0.08,0,0.0,0.0,0.000,0.0,0,HAYIR,HAYIR
2026-08-19 12:20:25.301,0.00,0.08,0,0.0,0.0,0.000,0.0,0,HAYIR,HAYIR
2026-08-19 12:20:25.322,0.00,0.08,0,0.0,0.0,0.000,0.0,0,HAYIR,HAYIR
2026-08-19 12:20:25.341,0.00,0.08,0,0.0,0.0,0.000,0.0,0,HAYIR,HAYIR
2026-08-19 12:20:25.361,0.00,0.08,0,0.0,0.0,0.000,0.0,0,HAYIR,HAYIR
2026-08-19 12:20:25.381,0.00,0.06,0,0.0,0.0,0.000,0.0,0,HAYIR,HAYIR
2026-08-19 12:20:25.401,0.00,0.06,0,0.0,0.0,0.000,0.0,0,HAYIR,HAYIR
2026-08-19 12:20:25.421,0.00,0.06,0,0.0,0.0,0.000,0.0,0,HAYIR,HAYIR
2026-08-19 12:20:25.442,0.00,0.06,0,0.0,0.0,0.000,0.0,0,HAYIR,HAYIR
2026-08-19 12:20:25.462,0.00,0.06,0,0.0,0.0,0.000,0.0,0,HAYIR,HAYIR
2026-08-19 12:20:25.481,0.00,0.06,0,0.0,0.0,0.000,0.0,0,HAYIR,HAYIR
2026-08-19 12:20:25.501,0.00,0.06,0,0.0,0.0,0.000,0.0,0,HAYIR,HAYIR
2026-08-19 12:20:25.522,0.00,0.06,0,0.0,0.0,0.000,0.0,0,HAYIR,HAYIR
2026-08-19 12:20:25.542,0.00,0.06,0,0.0,0.0,0.000,0.0,0,HAYIR,HAYIR
2026-08-19 12:20:25.562,0.00,0.06,0,0.0,0.0,0.000,0.0,0,HAYIR,HAYIR
2026-08-19 12:20:25.581,0.00,0.06,0,0.0,0.0,0.000,0.0,0,HAYIR,HAYIR
2026-08-19 12:20:25.601,0.00,0.06,0,0.0,0.0,0.000,0.0,0,HAYIR,HAYIR
2026-08-19 12:20:25.621,0.00,0.06,0,0.0,0.0,0.000,0.0,0,HAYIR,HAYIR
2026-08-19 12:20:25.641,0.00,0.06,0,0.0,0.0,0.000,0.0,0,HAYIR,HAYIR
2026-08-19 12:20:25.661,0.00,0.06,0,0.0,0.0,0.000,0.0,0,HAYIR,HAYIR
2026-08-19 12:20:25.681,0.00,0.06,0,0.0,0.0,0.000,0.0,0,HAYIR,HAYIR
2026-08-19 12:20:25.701,0.00,0.04,0,0.0,0.0,0.000,0.0,0,HAYIR,HAYIR
2026-08-19 12:20:25.721,0.00,0.04,0,0.0,0.0,0.000,0.0,0,HAYIR,HAYIR
2026-08-19 12:20:25.741,0.00,0.04,0,0.0,0.0,0.000,0.0,0,HAYIR,HAYIR
2026-08-19 12:20:25.761,0.00,0.04,0,0.0,0.0,0.000,0.0,0,HAYIR,HAYIR
2026-08-19 12:20:25.781,0.00,0.04,0,0.0,0.0,0.000,0.0,0,HAYIR,HAYIR
2026-08-19 12:20:25.801,0.00,0.04,0,0.0,0.0,0.000,0.0,0,HAYIR,HAYIR
2026-08-19 12:20:25.821,0.00,0.04,0,0.0,0.0,0.000,0.0,0,HAYIR,HAYIR
2026-08-19 12:20:25.841,0.00,0.04,0,0.0,0.0,0.000,0.0,0,HAYIR,HAYIR
2026-08-19 12:20:25.861,0.00,0.04,0,0.0,0.0,0.000,0.0,0,HAYIR,HAYIR
2026-08-19 12:20:25.881,0.00,0.04,0,0.0,0.0,0.000,0.0,0,HAYIR,HAYIR
2026-08-19 12:20:25.901,0.00,0.04,0,0.0,0.0,0.000,0.0,0,HAYIR,HAYIR
2026-08-19 12:20:25.921,0.00,0.04,0,0.0,0.0,0.000,0.0,0,HAYIR,HAYIR
2026-08-19 12:20:25.942,0.00,0.04,0,0.0,0.0,0.000,0.0,0,HAYIR,HAYIR
2026-08-19 12:20:25.961,0.00,0.04,0,0.0,0.0,0.000,0.0,0,HAYIR,HAYIR
2026-08-19 12:20:25.981,0.00,0.04,0,0.0,0.0,0.000,0.0,0,HAYIR,HAYIR
2026-08-19 12:20:26.001,0.00,0.04,0,0.0,0.0,0.000,0.0,0,HAYIR,HAYIR
2026-08-19 12:20:26.022,0.00,0.03,0,0.0,0.0,0.000,0.0,0,HAYIR,HAYIR
2026-08-19 12:20:26.041,0.00,0.03,0,0.0,0.0,0.000,0.0,0,HAYIR,HAYIR
2026-08-19 12:20:26.061,0.00,0.03,0,0.0,0.0,0.000,0.0,0,HAYIR,HAYIR
2026-08-19 12:20:26.081,0.00,0.03,0,0.0,0.0,0.000,0.0,0,HAYIR,HAYIR
2026-08-19 12:20:26.101,0.00,0.03,0,0.0,0.0,0.000,0.0,0,HAYIR,HAYIR
2026-08-19 12:20:26.122,0.00,0.03,0,0.0,0.0,0.000,0.0,0,HAYIR,HAYIR
2026-08-19 12:20:26.142,0.00,0.03,0,0.0,0.0,0.000,0.0,0,HAYIR,HAYIR
2026-08-19 12:20:26.161,0.00,0.03,0,0.0,0.0,0.000,0.0,0,HAYIR,HAYIR
2026-08-19 12:20:26.181,0.00,0.03,0,0.0,0.0,0.000,0.0,0,HAYIR,HAYIR
2026-08-19 12:20:26.202,0.00,0.03,0,0.0,0.0,0.000,0.0,0,HAYIR,HAYIR
2026-08-19 12:20:26.221,0.00,0.03,0,0.0,0.0,0.000,0.0,0,HAYIR,HAYIR
2026-08-19 12:20:26.242,0.00,0.03,0,0.0,0.0,0.000,0.0,0,HAYIR,HAYIR
2026-08-19 12:20:26.262,0.00,0.03,0,0.0,0.0,0.000,0.0,0,HAYIR,HAYIR
2026-08-19 12:20:26.282,0.00,0.03,0,0.0,0.0,0.000,0.0,0,HAYIR,HAYIR
2026-08-19 12:20:26.301,0.00,0.03,0,0.0,0.0,0.000,0.0,0,HAYIR,HAYIR
2026-08-19 12:20:26.322,0.00,0.03,0,0.0,0.0,0.000,0.0,0,HAYIR,HAYIR
2026-08-19 12:20:26.341,0.00,0.02,0,0.0,0.0,0.000,0.0,0,HAYIR,HAYIR
2026-08-19 12:20:26.361,0.00,0.02,0,0.0,0.0,0.000,0.0,0,HAYIR,HAYIR
2026-08-19 12:20:26.381,0.00,0.02,0,0.0,0.0,0.000,0.0,0,HAYIR,HAYIR
2026-08-19 12:20:26.402,0.00,0.02,0,0.0,0.0,0.000,0.0,0,HAYIR,HAYIR
2026-08-19 12:20:26.421,0.00,0.02,0,0.0,0.0,0.000,0.0,0,HAYIR,HAYIR
2026-08-19 12:20:26.441,0.00,0.02,0,0.0,0.0,0.000,0.0,0,HAYIR,HAYIR
2026-08-19 12:20:26.461,0.00,0.02,0,0.0,0.0,0.000,0.0,0,HAYIR,HAYIR
2026-08-19 12:20:26.481,0.00,0.02,0,0.0,0.0,0.000,0.0,0,HAYIR,HAYIR
2026-08-19 12:20:26.501,0.00,0.02,0,0.0,0.0,0.000,0.0,0,HAYIR,HAYIR
2026-08-19 12:20:26.522,0.00,0.02,0,0.0,0.0,0.000,0.0,0,HAYIR,HAYIR
2026-08-19 12:20:26.542,0.00,0.02,0,0.0,0.0,0.000,0.0,0,HAYIR,HAYIR
2026-08-19 12:20:26.562,0.00,0.02,0,0.0,0.0,0.000,0.0,0,HAYIR,HAYIR
2026-08-19 12:20:26.581,0.00,0.02,0,0.0,0.0,0.000,0.0,0,HAYIR,HAYIR
2026-08-19 12:20:26.601,0.00,0.02,0,0.0,0.0,0.000,0.0,0,HAYIR,HAYIR
2026-08-19 12:20:26.622,0.00,0.02,0,0.0,0.0,0.000,0.0,0,HAYIR,HAYIR
2026-08-19 12:20:26.642,0.00,0.02,0,0.0,0.0,0.000,0.0,0,HAYIR,HAYIR
2026-08-19 12:20:26.662,0.00,0.01,0,0.0,0.0,0.000,0.0,0,HAYIR,HAYIR
2026-08-19 12:20:26.682,0.00,0.01,0,0.0,0.0,0.000,0.0,0,HAYIR,HAYIR
2026-08-19 12:20:26.701,0.00,0.01,0,0.0,0.0,0.000,0.0,0,HAYIR,HAYIR
2026-08-19 12:20:26.721,0.00,0.01,0,0.0,0.0,0.000,0.0,0,HAYIR,HAYIR
2026-08-19 12:20:26.742,0.00,0.01,0,0.0,0.0,0.000,0.0,0,HAYIR,HAYIR
2026-08-19 12:20:26.761,0.00,0.01,0,0.0,0.0,0.000,0.0,0,HAYIR,HAYIR
2026-08-19 12:20:26.781,0.00,0.01,0,0.0,0.0,0.000,0.0,0,HAYIR,HAYIR
2026-08-19 12:20:26.801,0.00,0.01,0,0.0,0.0,0.000,0.0,0,HAYIR,HAYIR
2026-08-19 12:20:26.821,0.00,0.01,0,0.0,0.0,0.000,0.0,0,HAYIR,HAYIR
2026-08-19 12:20:26.841,0.00,0.01,0,0.0,0.0,0.000,0.0,0,HAYIR,HAYIR
2026-08-19 12:20:26.861,0.00,0.01,0,0.0,0.0,0.000,0.0,0,HAYIR,HAYIR
2026-08-19 12:20:26.881,0.00,0.01,0,0.0,0.0,0.000,0.0,0,HAYIR,HAYIR
2026-08-19 12:20:26.901,0.00,0.01,0,0.0,0.0,0.000,0.0,0,HAYIR,HAYIR
2026-08-19 12:20:26.921,0.00,0.01,0,0.0,0.0,0.000,0.0,0,HAYIR,HAYIR
2026-08-19 12:20:26.941,0.00,0.01,0,0.0,0.0,0.000,0.0,0,HAYIR,HAYIR
2026-08-19 12:20:26.962,0.00,0.01,0,0.0,0.0,0.000,0.0,0,HAYIR,HAYIR
2026-08-19 12:20:26.981,0.00,0.01,0,0.0,0.0,0.000,0.0,0,HAYIR,HAYIR
2026-08-19 12:20:27.001,0.00,0.01,0,0.0,0.0,0.000,0.0,0,HAYIR,HAYIR
2026-08-19 12:20:27.021,0.00,0.01,0,0.0,0.0,0.000,0.0,0,HAYIR,HAYIR
2026-08-19 12:20:27.041,0.00,0.01,0,0.0,0.0,0.000,0.0,0,HAYIR,HAYIR
2026-08-19 12:20:27.061,0.00,0.01,0,0.0,0.0,0.000,0.0,0,HAYIR,HAYIR
2026-08-19 12:20:27.082,0.00,0.01,0,0.0,0.0,0.000,0.0,0,HAYIR,HAYIR
2026-08-19 12:20:27.101,0.00,0.01,0,0.0,0.0,0.000,0.0,0,HAYIR,HAYIR
2026-08-19 12:20:27.122,0.00,0.01,0,0.0,0.0,0.000,0.0,0,HAYIR,HAYIR
2026-08-19 12:20:27.142,0.00,0.01,0,0.0,0.0,0.000,0.0,0,HAYIR,HAYIR
2026-08-19 12:20:27.161,0.00,0.01,0,0.0,0.0,0.000,0.0,0,HAYIR,HAYIR
2026-08-19 12:20:27.181,0.00,0.01,0,0.0,0.0,0.000,0.0,0,HAYIR,HAYIR
2026-08-19 12:20:27.201,0.00,0.01,0,0.0,0.0,0.000,0.0,0,HAYIR,HAYIR
2026-08-19 12:20:27.221,0.00,0.01,0,0.0,0.0,0.000,0.0,0,HAYIR,HAYIR
2026-08-19 12:20:27.241,0.00,0.01,0,0.0,0.0,0.000,0.0,0,HAYIR,HAYIR
2026-08-19 12:20:27.261,0.00,0.01,0,0.0,0.0,0.000,0.0,0,HAYIR,HAYIR
2026-08-19 12:20:27.281,0.00,0.01,0,0.0,0.0,0.000,0.0,0,HAYIR,HAYIR
2026-08-19 12:20:27.301,0.00,0.01,0,0.0,0.0,0.000,0.0,0,HAYIR,HAYIR
2026-08-19 12:20:27.321,0.00,0.01,0,0.0,0.0,0.000,0.0,0,HAYIR,HAYIR
2026-08-19 12:20:27.341,0.00,0.01,0,0.0,0.0,0.000,0.0,0,HAYIR,HAYIR
2026-08-19 12:20:27.361,0.00,0.01,0,0.0,0.0,0.000,0.0,0,HAYIR,HAYIR
2026-08-19 12:20:27.381,0.00,0.01,0,0.0,0.0,0.000,0.0,0,HAYIR,HAYIR
2026-08-19 12:20:27.401,0.00,0.01,0,0.0,0.0,0.000,0.0,0,HAYIR,HAYIR
2026-08-19 12:20:27.421,0.00,0.01,0,0.0,0.0,0.000,0.0,0,HAYIR,HAYIR
2026-08-19 12:20:27.441,0.00,0.01,0,0.0,0.0,0.000,0.0,0,HAYIR,HAYIR
2026-08-19 12:20:27.461,0.00,0.01,0,0.0,0.0,0.000,0.0,0,HAYIR,HAYIR
2026-08-19 12:20:27.482,0.00,0.01,0,0.0,0.0,0.000,0.0,0,HAYIR,HAYIR
2026-08-19 12:20:27.501,0.00,0.01,0,0.0,0.0,0.000,0.0,0,HAYIR,HAYIR
2026-08-19 12:20:27.522,0.00,0.01,0,0.0,0.0,0.000,0.0,0,HAYIR,HAYIR
2026-08-19 12:20:27.542,0.00,0.01,0,0.0,0.0,0.000,0.0,0,HAYIR,HAYIR
2026-08-19 12:20:27.561,0.00,0.01,0,0.0,0.0,0.000,0.0,0,HAYIR,HAYIR
2026-08-19 12:20:27.581,0.00,0.01,0,0.0,0.0,0.000,0.0,0,HAYIR,HAYIR
2026-08-19 12:20:27.601,0.00,0.01,0,0.0,0.0,0.000,0.0,0,HAYIR,HAYIR
2026-08-19 12:20:27.621,0.00,0.01,0,0.0,0.0,0.000,0.0,0,HAYIR,HAYIR
2026-08-19 12:20:27.642,0.00,0.01,0,0.0,0.0,0.000,0.0,0,HAYIR,HAYIR
2026-08-19 12:20:27.662,0.00,0.01,0,0.0,0.0,0.000,0.0,0,HAYIR,HAYIR
2026-08-19 12:20:27.682,0.00,0.01,0,0.0,0.0,0.000,0.0,0,HAYIR,HAYIR
2026-08-19 12:20:27.701,0.00,0.00,0,0.0,0.0,0.000,0.0,0,HAYIR,HAYIR
2026-08-19 12:20:27.721,0.00,0.00,0,0.0,0.0,0.000,0.0,0,HAYIR,HAYIR
2026-08-19 12:20:27.742,0.00,0.00,0,0.0,0.0,0.000,0.0,0,HAYIR,HAYIR
2026-08-19 12:20:27.762,0.00,0.00,0,0.0,0.0,0.000,0.0,0,HAYIR,HAYIR
2026-08-19 12:20:27.781,0.00,0.00,0,0.0,0.0,0.000,0.0,0,HAYIR,HAYIR
2026-08-19 12:20:27.801,0.00,0.00,0,0.0,0.0,0.000,0.0,0,HAYIR,HAYIR
2026-08-19 12:20:27.821,0.00,0.00,0,0.0,0.0,0.000,0.0,0,HAYIR,HAYIR
2026-08-19 12:20:27.841,0.00,0.00,0,0.0,0.0,0.000,0.0,0,HAYIR,HAYIR
2026-08-19 12:20:27.861,0.00,0.00,0,0.0,0.0,0.000,0.0,0,HAYIR,HAYIR
2026-08-19 12:20:27.882,0.00,0.00,0,0.0,0.0,0.000,0.0,0,HAYIR,HAYIR
2026-08-19 12:20:27.901,0.00,0.00,0,0.0,0.0,0.000,0.0,0,HAYIR,HAYIR
2026-08-19 12:20:27.922,0.00,0.00,0,0.0,0.0,0.000,0.0,0,HAYIR,HAYIR
2026-08-19 12:20:27.942,0.00,0.00,0,0.0,0.0,0.000,0.0,0,HAYIR,HAYIR
2026-08-19 12:20:27.961,0.00,0.00,0,0.0,0.0,0.000,0.0,0,HAYIR,HAYIR
2026-08-19 12:20:27.981,0.00,0.00,0,0.0,0.0,0.000,0.0,0,HAYIR,HAYIR
2026-08-19 12:20:28.002,0.00,0.00,0,0.0,0.0,0.000,0.0,0,HAYIR,HAYIR
2026-08-19 12:20:28.021,0.00,0.00,0,0.0,0.0,0.000,0.0,0,HAYIR,HAYIR
2026-08-19 12:20:28.041,0.00,0.00,0,0.0,0.0,0.000,0.0,0,HAYIR,HAYIR
2026-08-19 12:20:28.061,0.00,0.00,0,0.0,0.0,0.000,0.0,0,HAYIR,HAYIR
2026-08-19 12:20:28.081,0.00,0.00,0,0.0,0.0,0.000,0.0,0,HAYIR,HAYIR
2026-08-19 12:20:28.101,0.00,0.00,0,0.0,0.0,0.000,0.0,0,HAYIR,HAYIR
2026-08-19 12:20:28.121,0.00,0.00,0,0.0,0.0,0.000,0.0,0,HAYIR,HAYIR
2026-08-19 12:20:28.142,0.00,0.00,0,0.0,0.0,0.000,0.0,0,HAYIR,HAYIR
2026-08-19 12:20:28.161,0.00,0.00,0,0.0,0.0,0.000,0.0,0,HAYIR,HAYIR
2026-08-19 12:20:28.181,0.00,0.00,0,0.0,0.0,0.000,0.0,0,HAYIR,HAYIR
2026-08-19 12:20:28.201,0.00,0.00,0,0.0,0.0,0.000,0.0,0,HAYIR,HAYIR
2026-08-19 12:20:28.222,0.00,0.00,0,0.0,0.0,0.000,0.0,0,HAYIR,HAYIR
2026-08-19 12:20:28.242,0.00,0.00,0,0.0,0.0,0.000,0.0,0,HAYIR,HAYIR
2026-08-19 12:20:28.262,0.00,0.00,0,0.0,0.0,0.000,0.0,0,HAYIR,HAYIR
2026-08-19 12:20:28.282,0.00,0.00,0,0.0,0.0,0.000,0.0,0,HAYIR,HAYIR
2026-08-19 12:20:28.301,0.00,0.00,0,0.0,0.0,0.000,0.0,0,HAYIR,HAYIR
2026-08-19 12:20:28.322,0.00,0.00,0,0.0,0.0,0.000,0.0,0,HAYIR,HAYIR
2026-08-19 12:20:28.342,0.00,0.00,0,0.0,0.0,0.000,0.0,0,HAYIR,HAYIR
2026-08-19 12:20:28.361,0.00,0.00,0,0.0,0.0,0.000,0.0,0,HAYIR,HAYIR
2026-08-19 12:20:28.381,0.00,0.00,0,0.0,0.0,0.000,0.0,0,HAYIR,HAYIR
2026-08-19 12:20:28.401,0.00,0.00,0,0.0,0.0,0.000,0.0,0,HAYIR,HAYIR
2026-08-19 12:20:28.421,0.00,0.00,0,0.0,0.0,0.000,0.0,0,HAYIR,HAYIR
2026-08-19 12:20:28.441,0.00,0.00,0,0.0,0.0,0.000,0.0,0,HAYIR,HAYIR
2026-08-19 12:20:28.461,0.00,0.00,0,0.0,0.0,0.000,0.0,0,HAYIR,HAYIR
2026-08-19 12:20:28.481,0.00,0.00,0,0.0,0.0,0.000,0.0,0,HAYIR,HAYIR
2026-08-19 12:20:28.501,0.00,0.00,0,0.0,0.0,0.000,0.0,0,HAYIR,HAYIR
2026-08-19 12:20:28.522,0.00,0.00,0,0.0,0.0,0.000,0.0,0,HAYIR,HAYIR
2026-08-19 12:20:28.542,0.00,0.00,0,0.0,0.0,0.000,0.0,0,HAYIR,HAYIR
2026-08-19 12:20:28.561,0.00,0.00,0,0.0,0.0,0.000,0.0,0,HAYIR,HAYIR
2026-08-19 12:20:28.582,0.00,0.00,0,0.0,0.0,0.000,0.0,0,HAYIR,HAYIR
2026-08-19 12:20:28.601,0.00,0.00,0,0.0,0.0,0.000,0.0,0,HAYIR,HAYIR
2026-08-19 12:20:28.621,0.00,0.00,0,0.0,0.0,0.000,0.0,0,HAYIR,HAYIR
2026-08-19 12:20:28.641,0.00,0.00,0,0.0,0.0,0.000,0.0,0,HAYIR,HAYIR
2026-08-19 12:20:28.661,0.00,0.00,0,0.0,0.0,0.000,0.0,0,HAYIR,HAYIR
2026-08-19 12:20:28.681,0.00,0.00,0,0.0,0.0,0.000,0.0,0,HAYIR,HAYIR
2026-08-19 12:20:28.701,0.00,0.00,0,0.0,0.0,0.000,0.0,0,HAYIR,HAYIR
2026-08-19 12:20:28.721,0.00,0.00,0,0.0,0.0,0.000,0.0,0,HAYIR,HAYIR
2026-08-19 12:20:28.742,0.00,0.00,0,0.0,0.0,0.000,0.0,0,HAYIR,HAYIR
2026-08-19 12:20:28.761,0.00,0.00,0,0.0,0.0,0.000,0.0,0,HAYIR,HAYIR
2026-08-19 12:20:28.782,0.00,0.00,0,0.0,0.0,0.000,0.0,0,HAYIR,HAYIR
2026-08-19 12:20:28.802,0.00,0.00,0,0.0,0.0,0.000,0.0,0,HAYIR,HAYIR
2026-08-19 12:20:28.822,0.00,0.00,0,0.0,0.0,0.000,0.0,0,HAYIR,HAYIR
2026-08-19 12:20:28.841,0.00,0.00,0,0.0,0.0,0.000,0.0,0,HAYIR,HAYIR
2026-08-19 12:20:28.861,0.00,0.00,0,0.0,0.0,0.000,0.0,0,HAYIR,HAYIR
2026-08-19 12:20:28.881,0.00,0.00,0,0.0,0.0,0.000,0.0,0,HAYIR,HAYIR
2026-08-19 12:20:28.901,0.00,0.00,0,0.0,0.0,0.000,0.0,0,HAYIR,HAYIR
2026-08-19 12:20:28.921,0.00,0.00,0,0.0,0.0,0.000,0.0,0,HAYIR,HAYIR
2026-08-19 12:20:28.942,0.00,0.00,0,0.0,0.0,0.000,0.0,0,HAYIR,HAYIR
2026-08-19 12:20:28.961,0.00,0.00,0,0.0,0.0,0.000,0.0,0,HAYIR,HAYIR
2026-08-19 12:20:28.982,0.00,0.00,0,0.0,0.0,0.000,0.0,0,HAYIR,HAYIR
2026-08-19 12:20:29.001,0.00,0.00,0,0.0,0.0,0.000,0.0,0,HAYIR,HAYIR
2026-08-19 12:20:29.021,0.00,0.00,0,0.0,0.0,0.000,0.0,0,HAYIR,HAYIR
2026-08-19 12:20:29.041,0.00,0.00,0,0.0,0.0,0.000,0.0,0,HAYIR,HAYIR
2026-08-19 12:20:29.061,0.00,0.00,0,0.0,0.0,0.000,0.0,0,HAYIR,HAYIR
2026-08-19 12:20:29.081,0.00,0.00,0,0.0,0.0,0.000,0.0,0,HAYIR,HAYIR
2026-08-19 12:20:29.101,0.00,0.00,0,0.0,0.0,0.000,0.0,0,HAYIR,HAYIR
2026-08-19 12:20:29.122,0.00,0.00,0,0.0,0.0,0.000,0.0,0,HAYIR,HAYIR
2026-08-19 12:20:29.141,0.00,0.00,0,0.0,0.0,0.000,0.0,0,HAYIR,HAYIR
2026-08-19 12:20:29.161,0.00,0.00,0,0.0,0.0,0.000,0.0,0,HAYIR,HAYIR
2026-08-19 12:20:29.181,0.00,0.00,0,0.0,0.0,0.000,0.0,0,HAYIR,HAYIR
2026-08-19 12:20:29.202,0.00,0.00,0,0.0,0.0,0.000,0.0,0,HAYIR,HAYIR
2026-08-19 12:20:29.221,0.00,0.00,0,0.0,0.0,0.000,0.0,0,HAYIR,HAYIR
2026-08-19 12:20:29.242,0.00,0.00,0,0.0,0.0,0.000,0.0,0,HAYIR,HAYIR
2026-08-19 12:20:29.262,0.00,0.00,0,0.0,0.0,0.000,0.0,0,HAYIR,HAYIR
2026-08-19 12:20:29.281,0.00,0.00,0,0.0,0.0,0.000,0.0,0,HAYIR,HAYIR
2026-08-19 12:20:29.301,0.00,0.00,0,0.0,0.0,0.000,0.0,0,HAYIR,HAYIR
2026-08-19 12:20:29.321,0.00,0.00,0,0.0,0.0,0.000,0.0,0,HAYIR,HAYIR
2026-08-19 12:20:29.342,0.00,0.00,0,0.0,0.0,0.000,0.0,0,HAYIR,HAYIR
2026-08-19 12:20:29.361,0.00,0.00,0,0.0,0.0,0.000,0.0,0,HAYIR,HAYIR
2026-08-19 12:20:29.381,0.00,0.00,0,0.0,0.0,0.000,0.0,0,HAYIR,HAYIR
2026-08-19 12:20:29.401,0.00,0.00,0,0.0,0.0,0.000,0.0,0,HAYIR,HAYIR
2026-08-19 12:20:29.421,0.00,0.00,0,0.0,0.0,0.000,0.0,0,HAYIR,HAYIR
2026-08-19 12:20:29.441,0.00,0.00,0,0.0,0.0,0.000,0.0,0,HAYIR,HAYIR
2026-08-19 12:20:29.461,0.00,0.00,0,0.0,0.0,0.000,0.0,0,HAYIR,HAYIR
2026-08-19 12:20:29.482,0.00,0.00,0,0.0,0.0,0.000,0.0,0,HAYIR,HAYIR
2026-08-19 12:20:29.501,0.00,0.00,0,0.0,0.0,0.000,0.0,0,HAYIR,HAYIR
2026-08-19 12:20:29.522,0.00,0.00,0,0.0,0.0,0.000,0.0,0,HAYIR,HAYIR
2026-08-19 12:20:29.542,0.00,0.00,0,0.0,0.0,0.000,0.0,0,HAYIR,HAYIR
2026-08-19 12:20:29.561,0.00,0.00,0,0.0,0.0,0.000,0.0,0,HAYIR,HAYIR
2026-08-19 12:20:29.581,0.00,0.00,0,0.0,0.0,0.000,0.0,0,HAYIR,HAYIR
2026-08-19 12:20:29.601,0.00,0.00,0,0.0,0.0,0.000,0.0,0,HAYIR,HAYIR
2026-08-19 12:20:29.622,0.00,0.00,0,0.0,0.0,0.000,0.0,0,HAYIR,HAYIR
2026-08-19 12:20:29.642,0.00,0.00,0,0.0,0.0,0.000,0.0,0,HAYIR,HAYIR
2026-08-19 12:20:29.661,0.00,0.00,0,0.0,0.0,0.000,0.0,0,HAYIR,HAYIR
2026-08-19 12:20:29.682,0.00,0.00,0,0.0,0.0,0.000,0.0,0,HAYIR,HAYIR
2026-08-19 12:20:29.701,0.00,0.00,0,0.0,0.0,0.000,0.0,0,HAYIR,HAYIR
2026-08-19 12:20:29.722,0.00,0.00,0,0.0,0.0,0.000,0.0,0,HAYIR,HAYIR
2026-08-19 12:20:29.742,0.00,0.00,0,0.0,0.0,0.000,0.0,0,HAYIR,HAYIR
2026-08-19 12:20:29.762,0.00,0.00,0,0.0,0.0,0.000,0.0,0,HAYIR,HAYIR
2026-08-19 12:20:29.781,0.00,0.00,0,0.0,0.0,0.000,0.0,0,HAYIR,HAYIR
2026-08-19 12:20:29.801,0.00,0.00,0,0.0,0.0,0.000,0.0,0,HAYIR,HAYIR
2026-08-19 12:20:29.821,0.00,0.00,0,0.0,0.0,0.000,0.0,0,HAYIR,HAYIR
2026-08-19 12:20:29.841,0.00,0.00,0,0.0,0.0,0.000,0.0,0,HAYIR,HAYIR
2026-08-19 12:20:29.861,0.00,0.00,0,0.0,0.0,0.000,0.0,0,HAYIR,HAYIR
2026-08-19 12:20:29.882,0.00,0.00,0,0.0,0.0,0.000,0.0,0,HAYIR,HAYIR
2026-08-19 12:20:29.901,0.00,0.00,0,0.0,0.0,0.000,0.0,0,HAYIR,HAYIR
2026-08-19 12:20:29.922,0.00,0.00,0,0.0,0.0,0.000,0.0,0,HAYIR,HAYIR
2026-08-19 12:20:29.942,0.00,0.00,0,0.0,0.0,0.000,0.0,0,HAYIR,HAYIR
2026-08-19 12:20:29.961,0.00,0.00,0,0.0,0.0,0.000,0.0,0,HAYIR,HAYIR
2026-08-19 12:20:29.981,0.00,0.00,0,0.0,0.0,0.000,0.0,0,HAYIR,HAYIR
2026-08-19 12:20:30.001,0.00,0.00,0,0.0,0.0,0.000,0.0,0,HAYIR,HAYIR
2026-08-19 12:20:30.022,0.00,0.00,0,0.0,0.0,0.000,0.0,0,HAYIR,HAYIR
2026-08-19 12:20:30.041,0.00,0.00,0,0.0,0.0,0.000,0.0,0,HAYIR,HAYIR
2026-08-19 12:20:30.061,0.00,0.00,0,0.0,0.0,0.000,0.0,0,HAYIR,HAYIR
2026-08-19 12:20:30.082,0.00,0.00,0,0.0,0.0,0.000,0.0,0,HAYIR,HAYIR
2026-08-19 12:20:30.101,0.00,0.00,0,0.0,0.0,0.000,0.0,0,HAYIR,HAYIR
2026-08-19 12:20:30.122,0.00,0.00,0,0.0,0.0,0.000,0.0,0,HAYIR,HAYIR
2026-08-19 12:20:30.142,0.00,0.00,0,0.0,0.0,0.000,0.0,0,HAYIR,HAYIR
2026-08-19 12:20:30.162,0.00,0.00,0,0.0,0.0,0.000,0.0,0,HAYIR,HAYIR
2026-08-19 12:20:30.181,0.00,0.00,0,0.0,0.0,0.000,0.0,0,HAYIR,HAYIR
2026-08-19 12:20:30.201,0.00,0.00,0,0.0,0.0,0.000,0.0,0,HAYIR,HAYIR
2026-08-19 12:20:30.221,0.00,0.00,0,0.0,0.0,0.000,0.0,0,HAYIR,HAYIR
2026-08-19 12:20:30.242,0.00,0.00,0,0.0,0.0,0.000,0.0,0,HAYIR,HAYIR
2026-08-19 12:20:30.262,0.00,0.00,0,0.0,0.0,0.000,0.0,0,HAYIR,HAYIR
2026-08-19 12:20:30.282,0.00,0.00,0,0.0,0.0,0.000,0.0,0,HAYIR,HAYIR
2026-08-19 12:20:30.301,0.00,0.00,0,0.0,0.0,0.000,0.0,0,HAYIR,HAYIR
2026-08-19 12:20:30.321,0.00,0.00,0,0.0,0.0,0.000,0.0,0,HAYIR,HAYIR
2026-08-19 12:20:30.342,0.00,0.00,0,0.0,0.0,0.000,0.0,0,HAYIR,HAYIR
2026-08-19 12:20:30.361,0.00,0.00,0,0.0,0.0,0.000,0.0,0,HAYIR,HAYIR
2026-08-19 12:20:30.381,0.00,0.00,0,0.0,0.0,0.000,0.0,0,HAYIR,HAYIR
2026-08-19 12:20:30.401,0.00,0.00,0,0.0,0.0,0.000,0.0,0,HAYIR,HAYIR
2026-08-19 12:20:30.422,0.00,0.00,0,0.0,0.0,0.000,0.0,0,HAYIR,HAYIR
2026-08-19 12:20:30.441,0.00,0.00,0,0.0,0.0,0.000,0.0,0,HAYIR,HAYIR
2026-08-19 12:20:30.461,0.00,0.00,0,0.0,0.0,0.000,0.0,0,HAYIR,HAYIR
2026-08-19 12:20:30.481,0.00,0.00,0,0.0,0.0,0.000,0.0,0,HAYIR,HAYIR
2026-08-19 12:20:30.501,0.00,0.00,0,0.0,0.0,0.000,0.0,0,HAYIR,HAYIR
2026-08-19 12:20:30.521,0.00,0.00,0,0.0,0.0,0.000,0.0,0,HAYIR,HAYIR
2026-08-19 12:20:30.541,0.00,0.00,0,0.0,0.0,0.000,0.0,0,HAYIR,HAYIR
2026-08-19 12:20:30.561,0.00,0.00,0,0.0,0.0,0.000,0.0,0,HAYIR,HAYIR
2026-08-19 12:20:30.581,0.00,0.00,0,0.0,0.0,0.000,0.0,0,HAYIR,HAYIR
2026-08-19 12:20:30.601,0.00,0.00,0,0.0,0.0,0.000,0.0,0,HAYIR,HAYIR
2026-08-19 12:20:30.621,0.00,0.00,0,0.0,0.0,0.000,0.0,0,HAYIR,HAYIR
2026-08-19 12:20:30.641,0.00,0.00,0,0.0,0.0,0.000,0.0,0,HAYIR,HAYIR
2026-08-19 12:20:30.661,0.00,0.00,0,0.0,0.0,0.000,0.0,0,HAYIR,HAYIR
2026-08-19 12:20:30.681,0.00,0.00,0,0.0,0.0,0.000,0.0,0,HAYIR,HAYIR
2026-08-19 12:20:30.701,0.00,0.00,0,0.0,0.0,0.000,0.0,0,HAYIR,HAYIR
2026-08-19 12:20:30.721,0.00,0.00,0,0.0,0.0,0.000,0.0,0,HAYIR,HAYIR
2026-08-19 12:20:30.741,0.00,0.00,0,0.0,0.0,0.000,0.0,0,HAYIR,HAYIR
2026-08-19 12:20:30.762,0.00,0.00,0,0.0,0.0,0.000,0.0,0,HAYIR,HAYIR
2026-08-19 12:20:30.782,0.00,0.00,0,0.0,0.0,0.000,0.0,0,HAYIR,HAYIR
2026-08-19 12:20:30.801,0.00,0.00,0,0.0,0.0,0.000,0.0,0,HAYIR,HAYIR
2026-08-19 12:20:30.822,0.00,0.00,0,0.0,0.0,0.000,0.0,0,HAYIR,HAYIR
2026-08-19 12:20:30.842,0.00,0.00,0,0.0,0.0,0.000,0.0,0,HAYIR,HAYIR
2026-08-19 12:20:30.862,0.00,0.00,0,0.0,0.0,0.000,0.0,0,HAYIR,HAYIR
2026-08-19 12:20:30.881,0.00,0.00,0,0.0,0.0,0.000,0.0,0,HAYIR,HAYIR
2026-08-19 12:20:30.901,0.00,0.00,0,0.0,0.0,0.000,0.0,0,HAYIR,HAYIR
2026-08-19 12:20:30.922,0.00,0.00,0,0.0,0.0,0.000,0.0,0,HAYIR,HAYIR
2026-08-19 12:20:30.942,0.00,0.00,0,0.0,0.0,0.000,0.0,0,HAYIR,HAYIR
2026-08-19 12:20:30.962,0.00,0.00,0,0.0,0.0,0.000,0.0,0,HAYIR,HAYIR
2026-08-19 12:20:30.982,0.00,0.00,0,0.0,0.0,0.000,0.0,0,HAYIR,HAYIR
2026-08-19 12:20:31.002,0.00,0.00,0,0.0,0.0,0.000,0.0,0,HAYIR,HAYIR
2026-08-19 12:20:31.022,0.00,0.00,0,0.0,0.0,0.000,0.0,0,HAYIR,HAYIR
2026-08-19 12:20:31.041,0.00,0.00,0,0.0,0.0,0.000,0.0,0,HAYIR,HAYIR
2026-08-19 12:20:31.061,0.00,0.00,0,0.0,0.0,0.000,0.0,0,HAYIR,HAYIR
2026-08-19 12:20:31.082,0.00,0.00,0,0.0,0.0,0.000,0.0,0,HAYIR,HAYIR
2026-08-19 12:20:31.101,0.00,0.00,0,0.0,0.0,0.000,0.0,0,HAYIR,HAYIR
2026-08-19 12:20:31.121,0.00,0.00,0,0.0,0.0,0.000,0.0,0,HAYIR,HAYIR
2026-08-19 12:20:31.142,0.00,0.00,0,0.0,0.0,0.000,0.0,0,HAYIR,HAYIR
2026-08-19 12:20:31.161,0.00,0.00,0,0.0,0.0,0.000,0.0,0,HAYIR,HAYIR
2026-08-19 12:20:31.181,0.00,0.00,0,0.0,0.0,0.000,0.0,0,HAYIR,HAYIR
2026-08-19 12:20:31.201,0.00,0.00,0,0.0,0.0,0.000,0.0,0,HAYIR,HAYIR
2026-08-19 12:20:31.222,0.00,0.00,0,0.0,0.0,0.000,0.0,0,HAYIR,HAYIR
2026-08-19 12:20:31.242,0.00,0.00,0,0.0,0.0,0.000,0.0,0,HAYIR,HAYIR
2026-08-19 12:20:31.262,0.00,0.00,0,0.0,0.0,0.000,0.0,0,HAYIR,HAYIR
2026-08-19 12:20:31.281,0.00,0.00,0,0.0,0.0,0.000,0.0,0,HAYIR,HAYIR
2026-08-19 12:20:31.301,0.00,0.00,0,0.0,0.0,0.000,0.0,0,HAYIR,HAYIR
2026-08-19 12:20:31.321,0.00,0.00,0,0.0,0.0,0.000,0.0,0,HAYIR,HAYIR
2026-08-19 12:20:31.342,0.00,0.00,0,0.0,0.0,0.000,0.0,0,HAYIR,HAYIR
2026-08-19 12:20:31.362,0.00,0.00,0,0.0,0.0,0.000,0.0,0,HAYIR,HAYIR
2026-08-19 12:20:31.381,0.00,0.00,0,0.0,0.0,0.000,0.0,0,HAYIR,HAYIR
2026-08-19 12:20:31.401,0.00,0.00,0,0.0,0.0,0.000,0.0,0,HAYIR,HAYIR
2026-08-19 12:20:31.422,0.00,0.00,0,0.0,0.0,0.000,0.0,0,HAYIR,HAYIR
2026-08-19 12:20:31.441,0.00,0.00,0,0.0,0.0,0.000,0.0,0,HAYIR,HAYIR
2026-08-19 12:20:31.461,0.00,0.00,0,0.0,0.0,0.000,0.0,0,HAYIR,HAYIR
2026-08-19 12:20:31.482,0.00,0.00,0,0.0,0.0,0.000,0.0,0,HAYIR,HAYIR
2026-08-19 12:20:31.501,0.00,0.00,0,0.0,0.0,0.000,0.0,0,HAYIR,HAYIR
2026-08-19 12:20:31.522,0.00,0.00,0,0.0,0.0,0.000,0.0,0,HAYIR,HAYIR
2026-08-19 12:20:31.542,0.00,0.00,0,0.0,0.0,0.000,0.0,0,HAYIR,HAYIR
2026-08-19 12:20:31.562,0.00,0.00,0,0.0,0.0,0.000,0.0,0,HAYIR,HAYIR
2026-08-19 12:20:31.581,0.00,0.00,0,0.0,0.0,0.000,0.0,0,HAYIR,HAYIR
2026-08-19 12:20:31.601,0.00,0.00,0,0.0,0.0,0.000,0.0,0,HAYIR,HAYIR
2026-08-19 12:20:31.622,0.00,0.00,0,0.0,0.0,0.000,0.0,0,HAYIR,HAYIR
2026-08-19 12:20:31.642,0.00,0.00,0,0.0,0.0,0.000,0.0,0,HAYIR,HAYIR
2026-08-19 12:20:31.661,0.00,0.00,0,0.0,0.0,0.000,0.0,0,HAYIR,HAYIR
2026-08-19 12:20:31.682,0.00,0.00,0,0.0,0.0,0.000,0.0,0,HAYIR,HAYIR
2026-08-19 12:20:31.701,0.00,0.00,0,0.0,0.0,0.000,0.0,0,HAYIR,HAYIR
2026-08-19 12:20:31.721,0.00,0.00,0,0.0,0.0,0.000,0.0,0,HAYIR,HAYIR
2026-08-19 12:20:31.742,0.00,0.00,0,0.0,0.0,0.000,0.0,0,HAYIR,HAYIR
2026-08-19 12:20:31.762,0.00,0.00,0,0.0,0.0,0.000,0.0,0,HAYIR,HAYIR
2026-08-19 12:20:31.781,0.00,0.00,0,0.0,0.0,0.000,0.0,0,HAYIR,HAYIR
2026-08-19 12:20:31.801,0.00,0.00,0,0.0,0.0,0.000,0.0,0,HAYIR,HAYIR
2026-08-19 12:20:31.822,0.00,0.00,0,0.0,0.0,0.000,0.0,0,HAYIR,HAYIR
2026-08-19 12:20:31.842,0.00,0.00,0,0.0,0.0,0.000,0.0,0,HAYIR,HAYIR
2026-08-19 12:20:31.861,0.00,0.00,0,0.0,0.0,0.000,0.0,0,HAYIR,HAYIR
2026-08-19 12:20:31.882,0.00,0.00,0,0.0,0.0,0.000,0.0,0,HAYIR,HAYIR
2026-08-19 12:20:31.901,0.00,0.00,0,0.0,0.0,0.000,0.0,0,HAYIR,HAYIR
2026-08-19 12:20:31.921,0.00,0.00,0,0.0,0.0,0.000,0.0,0,HAYIR,HAYIR
2026-08-19 12:20:31.942,0.00,0.00,0,0.0,0.0,0.000,0.0,0,HAYIR,HAYIR
2026-08-19 12:20:31.962,0.00,0.00,0,0.0,0.0,0.000,0.0,0,HAYIR,HAYIR
2026-08-19 12:20:31.981,0.00,0.00,0,0.0,0.0,0.000,0.0,0,HAYIR,HAYIR
2026-08-19 12:20:32.001,0.00,0.00,0,0.0,0.0,0.000,0.0,0,HAYIR,HAYIR
2026-08-19 12:20:32.022,0.00,0.00,0,0.0,0.0,0.000,0.0,0,HAYIR,HAYIR
2026-08-19 12:20:32.042,0.00,0.00,0,0.0,0.0,0.000,0.0,0,HAYIR,HAYIR
2026-08-19 12:20:32.062,0.00,0.00,0,0.0,0.0,0.000,0.0,0,HAYIR,HAYIR
2026-08-19 12:20:32.082,0.00,0.00,0,0.0,0.0,0.000,0.0,0,HAYIR,HAYIR
2026-08-19 12:20:32.101,0.00,0.00,0,0.0,0.0,0.000,0.0,0,HAYIR,HAYIR
2026-08-19 12:20:32.121,0.00,0.00,0,0.0,0.0,0.000,0.0,0,HAYIR,HAYIR
2026-08-19 12:20:32.142,0.00,0.00,0,0.0,0.0,0.000,0.0,0,HAYIR,HAYIR
2026-08-19 12:20:32.162,0.00,0.00,0,0.0,0.0,0.000,0.0,0,HAYIR,HAYIR
2026-08-19 12:20:32.181,0.00,0.00,0,0.0,0.0,0.000,0.0,0,HAYIR,HAYIR
2026-08-19 12:20:32.201,0.00,0.00,0,0.0,0.0,0.000,0.0,0,HAYIR,HAYIR
2026-08-19 12:20:32.221,0.00,0.00,0,0.0,0.0,0.000,0.0,0,HAYIR,HAYIR
2026-08-19 12:20:32.242,0.00,0.00,0,0.0,0.0,0.000,0.0,0,HAYIR,HAYIR
2026-08-19 12:20:32.262,0.00,0.00,0,0.0,0.0,0.000,0.0,0,HAYIR,HAYIR
2026-08-19 12:20:32.282,0.00,0.00,0,0.0,0.0,0.000,0.0,0,HAYIR,HAYIR
2026-08-19 12:20:32.301,0.00,0.00,0,0.0,0.0,0.000,0.0,0,HAYIR,HAYIR
2026-08-19 12:20:32.321,0.00,0.00,0,0.0,0.0,0.000,0.0,0,HAYIR,HAYIR
2026-08-19 12:20:32.342,0.00,0.00,0,0.0,0.0,0.000,0.0,0,HAYIR,HAYIR
2026-08-19 12:20:32.361,0.00,0.00,0,0.0,0.0,0.000,0.0,0,HAYIR,HAYIR
2026-08-19 12:20:32.381,0.00,0.00,0,0.0,0.0,0.000,0.0,0,HAYIR,HAYIR
2026-08-19 12:20:32.401,0.00,0.00,0,0.0,0.0,0.000,0.0,0,HAYIR,HAYIR
2026-08-19 12:20:32.422,0.00,0.00,0,0.0,0.0,0.000,0.0,0,HAYIR,HAYIR
2026-08-19 12:20:32.441,0.00,0.00,0,0.0,0.0,0.000,0.0,0,HAYIR,HAYIR
2026-08-19 12:20:32.462,0.00,0.00,0,0.0,0.0,0.000,0.0,0,HAYIR,HAYIR
2026-08-19 12:20:32.482,0.00,0.00,0,0.0,0.0,0.000,0.0,0,HAYIR,HAYIR
2026-08-19 12:20:32.501,0.00,0.00,0,0.0,0.0,0.000,0.0,0,HAYIR,HAYIR
2026-08-19 12:20:32.521,0.00,0.00,0,0.0,0.0,0.000,0.0,0,HAYIR,HAYIR
2026-08-19 12:20:32.542,0.00,0.00,0,0.0,0.0,0.000,0.0,0,HAYIR,HAYIR
2026-08-19 12:20:32.561,0.00,0.00,0,0.0,0.0,0.000,0.0,0,HAYIR,HAYIR
2026-08-19 12:20:32.581,0.00,0.00,0,0.0,0.0,0.000,0.0,0,HAYIR,HAYIR
2026-08-19 12:20:32.602,0.00,0.00,0,0.0,0.0,0.000,0.0,0,HAYIR,HAYIR
2026-08-19 12:20:32.622,0.00,0.00,0,0.0,0.0,0.000,0.0,0,HAYIR,HAYIR
2026-08-19 12:20:32.641,0.00,0.00,0,0.0,0.0,0.000,0.0,0,HAYIR,HAYIR
2026-08-19 12:20:32.661,0.00,0.00,0,0.0,0.0,0.000,0.0,0,HAYIR,HAYIR
2026-08-19 12:20:32.681,0.00,0.00,0,0.0,0.0,0.000,0.0,0,HAYIR,HAYIR
2026-08-19 12:20:32.701,0.00,0.00,0,0.0,0.0,0.000,0.0,0,HAYIR,HAYIR
2026-08-19 12:20:32.721,0.00,0.00,0,0.0,0.0,0.000,0.0,0,HAYIR,HAYIR
2026-08-19 12:20:32.742,0.00,0.00,0,0.0,0.0,0.000,0.0,0,HAYIR,HAYIR
2026-08-19 12:20:32.762,0.00,0.00,0,0.0,0.0,0.000,0.0,0,HAYIR,HAYIR
2026-08-19 12:20:32.781,0.00,0.00,0,0.0,0.0,0.000,0.0,0,HAYIR,HAYIR
2026-08-19 12:20:32.801,0.00,0.00,0,0.0,0.0,0.000,0.0,0,HAYIR,HAYIR
2026-08-19 12:20:32.822,0.00,0.00,0,0.0,0.0,0.000,0.0,0,HAYIR,HAYIR
2026-08-19 12:20:32.842,0.00,0.00,0,0.0,0.0,0.000,0.0,0,HAYIR,HAYIR
2026-08-19 12:20:32.861,0.00,0.00,0,0.0,0.0,0.000,0.0,0,HAYIR,HAYIR
2026-08-19 12:20:32.881,0.00,0.00,0,0.0,0.0,0.000,0.0,0,HAYIR,HAYIR
2026-08-19 12:20:32.901,0.00,0.00,0,0.0,0.0,0.000,0.0,0,HAYIR,HAYIR
2026-08-19 12:20:32.921,0.00,0.00,0,0.0,0.0,0.000,0.0,0,HAYIR,HAYIR
2026-08-19 12:20:32.941,0.00,0.00,0,0.0,0.0,0.000,0.0,0,HAYIR,HAYIR
2026-08-19 12:20:32.961,0.00,0.00,0,0.0,0.0,0.000,0.0,0,HAYIR,HAYIR
2026-08-19 12:20:32.981,0.00,0.00,0,0.0,0.0,0.000,0.0,0,HAYIR,HAYIR
2026-08-19 12:20:33.001,0.00,0.00,0,0.0,0.0,0.000,0.0,0,HAYIR,HAYIR
2026-08-19 12:20:33.021,0.00,0.00,0,0.0,0.0,0.000,0.0,0,HAYIR,HAYIR
2026-08-19 12:20:33.042,0.00,0.00,0,0.0,0.0,0.000,0.0,0,HAYIR,HAYIR
2026-08-19 12:20:33.062,0.00,0.00,0,0.0,0.0,0.000,0.0,0,HAYIR,HAYIR
2026-08-19 12:20:33.082,0.00,0.00,0,0.0,0.0,0.000,0.0,0,HAYIR,HAYIR
2026-08-19 12:20:33.102,0.00,0.00,0,0.0,0.0,0.000,0.0,0,HAYIR,HAYIR
2026-08-19 12:20:33.121,0.00,0.00,0,0.0,0.0,0.000,0.0,0,HAYIR,HAYIR
2026-08-19 12:20:33.142,0.00,0.00,0,0.0,0.0,0.000,0.0,0,HAYIR,HAYIR
2026-08-19 12:20:33.161,0.00,0.00,0,0.0,0.0,0.000,0.0,0,HAYIR,HAYIR
2026-08-19 12:20:33.181,0.00,0.00,0,0.0,0.0,0.000,0.0,0,HAYIR,HAYIR
2026-08-19 12:20:33.201,0.00,0.00,0,0.0,0.0,0.000,0.0,0,HAYIR,HAYIR
2026-08-19 12:20:33.221,0.00,0.00,0,0.0,0.0,0.000,0.0,0,HAYIR,HAYIR
2026-08-19 12:20:33.242,0.00,0.00,0,0.0,0.0,0.000,0.0,0,HAYIR,HAYIR
2026-08-19 12:20:33.262,0.00,0.00,0,0.0,0.0,0.000,0.0,0,HAYIR,HAYIR
2026-08-19 12:20:33.282,0.00,0.00,0,0.0,0.0,0.000,0.0,0,HAYIR,HAYIR
2026-08-19 12:20:33.301,0.00,0.00,0,0.0,0.0,0.000,0.0,0,HAYIR,HAYIR
2026-08-19 12:20:33.321,0.00,0.00,0,0.0,0.0,0.000,0.0,0,HAYIR,HAYIR
2026-08-19 12:20:33.342,0.00,0.00,0,0.0,0.0,0.000,0.0,0,HAYIR,HAYIR
2026-08-19 12:20:33.361,0.00,0.00,0,0.0,0.0,0.000,0.0,0,HAYIR,HAYIR
2026-08-19 12:20:33.381,0.00,0.00,0,0.0,0.0,0.000,0.0,0,HAYIR,HAYIR
2026-08-19 12:20:33.401,0.00,0.00,0,0.0,0.0,0.000,0.0,0,HAYIR,HAYIR
2026-08-19 12:20:33.422,0.00,0.00,0,0.0,0.0,0.000,0.0,0,HAYIR,HAYIR
2026-08-19 12:20:33.442,0.00,0.00,0,0.0,0.0,0.000,0.0,0,HAYIR,HAYIR
2026-08-19 12:20:33.461,0.00,0.00,0,0.0,0.0,0.000,0.0,0,HAYIR,HAYIR
2026-08-19 12:20:33.481,0.00,0.00,0,0.0,0.0,0.000,0.0,0,HAYIR,HAYIR
2026-08-19 12:20:33.501,0.00,0.00,0,0.0,0.0,0.000,0.0,0,HAYIR,HAYIR
2026-08-19 12:20:33.521,0.00,0.00,0,0.0,0.0,0.000,0.0,0,HAYIR,HAYIR
2026-08-19 12:20:33.542,0.00,0.00,0,0.0,0.0,0.000,0.0,0,HAYIR,HAYIR
2026-08-19 12:20:33.561,0.00,0.00,0,0.0,0.0,0.000,0.0,0,HAYIR,HAYIR
2026-08-19 12:20:33.581,0.00,0.00,0,0.0,0.0,0.000,0.0,0,HAYIR,HAYIR
2026-08-19 12:20:33.601,0.00,0.00,0,0.0,0.0,0.000,0.0,0,HAYIR,HAYIR
2026-08-19 12:20:33.622,0.00,0.00,0,0.0,0.0,0.000,0.0,0,HAYIR,HAYIR
2026-08-19 12:20:33.642,0.00,0.00,0,0.0,0.0,0.000,0.0,0,HAYIR,HAYIR
2026-08-19 12:20:33.661,0.00,0.00,0,0.0,0.0,0.000,0.0,0,HAYIR,HAYIR
2026-08-19 12:20:33.681,0.00,0.00,0,0.0,0.0,0.000,0.0,0,HAYIR,HAYIR
2026-08-19 12:20:33.701,0.00,0.00,0,0.0,0.0,0.000,0.0,0,HAYIR,HAYIR
2026-08-19 12:20:33.721,0.00,0.00,0,0.0,0.0,0.000,0.0,0,HAYIR,HAYIR
2026-08-19 12:20:33.741,0.00,0.00,0,0.0,0.0,0.000,0.0,0,HAYIR,HAYIR
2026-08-19 12:20:33.761,0.00,0.00,0,0.0,0.0,0.000,0.0,0,HAYIR,HAYIR
2026-08-19 12:20:33.781,0.00,0.00,0,0.0,0.0,0.000,0.0,0,HAYIR,HAYIR
2026-08-19 12:20:33.801,0.00,0.00,0,0.0,0.0,0.000,0.0,0,HAYIR,HAYIR
2026-08-19 12:20:33.821,0.00,0.00,0,0.0,0.0,0.000,0.0,0,HAYIR,HAYIR
2026-08-19 12:20:33.842,0.00,0.00,0,0.0,0.0,0.000,0.0,0,HAYIR,HAYIR
2026-08-19 12:20:33.862,0.00,0.00,0,0.0,0.0,0.000,0.0,0,HAYIR,HAYIR
2026-08-19 12:20:33.881,0.00,0.00,0,0.0,0.0,0.000,0.0,0,HAYIR,HAYIR
2026-08-19 12:20:33.901,0.00,0.00,0,0.0,0.0,0.000,0.0,0,HAYIR,HAYIR
2026-08-19 12:20:33.921,0.00,0.00,0,0.0,0.0,0.000,0.0,0,HAYIR,HAYIR
2026-08-19 12:20:33.942,0.00,0.00,0,0.0,0.0,0.000,0.0,0,HAYIR,HAYIR
2026-08-19 12:20:33.962,0.00,0.00,0,0.0,0.0,0.000,0.0,0,HAYIR,HAYIR
2026-08-19 12:20:33.981,0.00,0.00,0,0.0,0.0,0.000,0.0,0,HAYIR,HAYIR
2026-08-19 12:20:34.002,0.00,0.00,0,0.0,0.0,0.000,0.0,0,HAYIR,HAYIR
2026-08-19 12:20:34.021,0.00,0.00,0,0.0,0.0,0.000,0.0,0,HAYIR,HAYIR
2026-08-19 12:20:34.041,0.00,0.00,0,0.0,0.0,0.000,0.0,0,HAYIR,HAYIR
2026-08-19 12:20:34.062,0.00,0.00,0,0.0,0.0,0.000,0.0,0,HAYIR,HAYIR
2026-08-19 12:20:34.082,0.00,0.00,0,0.0,0.0,0.000,0.0,0,HAYIR,HAYIR
2026-08-19 12:20:34.101,0.00,0.00,0,0.0,0.0,0.000,0.0,0,HAYIR,HAYIR
2026-08-19 12:20:34.121,0.00,0.00,0,0.0,0.0,0.000,0.0,0,HAYIR,HAYIR
2026-08-19 12:20:34.142,0.00,0.00,0,0.0,0.0,0.000,0.0,0,HAYIR,HAYIR
2026-08-19 12:20:34.162,0.00,0.00,0,0.0,0.0,0.000,0.0,0,HAYIR,HAYIR
2026-08-19 12:20:34.182,0.00,0.00,0,0.0,0.0,0.000,0.0,0,HAYIR,HAYIR
2026-08-19 12:20:34.202,0.00,0.00,0,0.0,0.0,0.000,0.0,0,HAYIR,HAYIR
2026-08-19 12:20:34.222,0.00,0.00,0,0.0,0.0,0.000,0.0,0,HAYIR,HAYIR
2026-08-19 12:20:34.241,0.00,0.00,0,0.0,0.0,0.000,0.0,0,HAYIR,HAYIR
2026-08-19 12:20:34.262,0.00,0.00,0,0.0,0.0,0.000,0.0,0,HAYIR,HAYIR
2026-08-19 12:20:34.281,0.00,0.00,0,0.0,0.0,0.000,0.0,0,HAYIR,HAYIR
2026-08-19 12:20:34.301,0.00,0.00,0,0.0,0.0,0.000,0.0,0,HAYIR,HAYIR
2026-08-19 12:20:34.321,0.00,0.00,0,0.0,0.0,0.000,0.0,0,HAYIR,HAYIR
2026-08-19 12:20:34.342,0.00,0.00,0,0.0,0.0,0.000,0.0,0,HAYIR,HAYIR
2026-08-19 12:20:34.361,0.00,0.00,0,0.0,0.0,0.000,0.0,0,HAYIR,HAYIR
2026-08-19 12:20:34.381,0.00,0.00,0,0.0,0.0,0.000,0.0,0,HAYIR,HAYIR
2026-08-19 12:20:34.401,0.00,0.00,0,0.0,0.0,0.000,0.0,0,HAYIR,HAYIR
2026-08-19 12:20:34.422,0.00,0.00,0,0.0,0.0,0.000,0.0,0,HAYIR,HAYIR
2026-08-19 12:20:34.441,0.00,0.00,0,0.0,0.0,0.000,0.0,0,HAYIR,HAYIR
2026-08-19 12:20:34.461,0.00,0.00,0,0.0,0.0,0.000,0.0,0,HAYIR,HAYIR
2026-08-19 12:20:34.481,0.00,0.00,0,0.0,0.0,0.000,0.0,0,HAYIR,HAYIR
2026-08-19 12:20:34.501,0.00,0.00,0,0.0,0.0,0.000,0.0,0,HAYIR,HAYIR
2026-08-19 12:20:34.521,0.00,0.00,0,0.0,0.0,0.000,0.0,0,HAYIR,HAYIR
2026-08-19 12:20:34.541,0.00,0.00,0,0.0,0.0,0.000,0.0,0,HAYIR,HAYIR
2026-08-19 12:20:34.561,0.00,0.00,0,0.0,0.0,0.000,0.0,0,HAYIR,HAYIR
2026-08-19 12:20:34.581,0.00,0.00,0,0.0,0.0,0.000,0.0,0,HAYIR,HAYIR
2026-08-19 12:20:34.601,0.00,0.00,0,0.0,0.0,0.000,0.0,0,HAYIR,HAYIR
2026-08-19 12:20:34.622,0.00,0.00,0,0.0,0.0,0.000,0.0,0,HAYIR,HAYIR
2026-08-19 12:20:34.642,0.00,0.00,0,0.0,0.0,0.000,0.0,0,HAYIR,HAYIR
2026-08-19 12:20:34.662,0.00,0.00,0,0.0,0.0,0.000,0.0,0,HAYIR,HAYIR
2026-08-19 12:20:34.682,0.00,0.00,0,0.0,0.0,0.000,0.0,0,HAYIR,HAYIR
2026-08-19 12:20:34.702,0.00,0.00,0,0.0,0.0,0.000,0.0,0,HAYIR,HAYIR
2026-08-19 12:20:34.721,0.00,0.00,0,0.0,0.0,0.000,0.0,0,HAYIR,HAYIR
2026-08-19 12:20:34.741,0.00,0.00,0,0.0,0.0,0.000,0.0,0,HAYIR,HAYIR
2026-08-19 12:20:34.761,0.00,0.00,0,0.0,0.0,0.000,0.0,0,HAYIR,HAYIR
2026-08-19 12:20:34.781,0.00,0.00,0,0.0,0.0,0.000,0.0,0,HAYIR,HAYIR
2026-08-19 12:20:34.802,0.00,0.00,0,0.0,0.0,0.000,0.0,0,HAYIR,HAYIR
2026-08-19 12:20:34.822,0.00,0.00,0,0.0,0.0,0.000,0.0,0,HAYIR,HAYIR
2026-08-19 12:20:34.841,0.00,0.00,0,0.0,0.0,0.000,0.0,0,HAYIR,HAYIR
2026-08-19 12:20:34.862,0.00,0.00,0,0.0,0.0,0.000,0.0,0,HAYIR,HAYIR
2026-08-19 12:20:34.882,0.00,0.00,0,0.0,0.0,0.000,0.0,0,HAYIR,HAYIR
2026-08-19 12:20:34.901,0.00,0.00,0,0.0,0.0,0.000,0.0,0,HAYIR,HAYIR
2026-08-19 12:20:34.921,0.00,0.00,0,0.0,0.0,0.000,0.0,0,HAYIR,HAYIR
2026-08-19 12:20:34.942,0.00,0.00,0,0.0,0.0,0.000,0.0,0,HAYIR,HAYIR
2026-08-19 12:20:34.961,0.00,0.00,0,0.0,0.0,0.000,0.0,0,HAYIR,HAYIR
2026-08-19 12:20:34.981,0.00,0.00,0,0.0,0.0,0.000,0.0,0,HAYIR,HAYIR
2026-08-19 12:20:35.001,0.00,0.00,0,0.0,0.0,0.000,0.0,0,HAYIR,HAYIR
2026-08-19 12:20:35.022,0.00,0.00,0,0.0,0.0,0.000,0.0,0,HAYIR,HAYIR
2026-08-19 12:20:35.042,0.00,0.00,0,0.0,0.0,0.000,0.0,0,HAYIR,HAYIR
2026-08-19 12:20:35.062,0.00,0.00,0,0.0,0.0,0.000,0.0,0,HAYIR,HAYIR
2026-08-19 12:20:35.081,0.00,0.00,0,0.0,0.0,0.000,0.0,0,HAYIR,HAYIR
2026-08-19 12:20:35.101,0.00,0.00,0,0.0,0.0,0.000,0.0,0,HAYIR,HAYIR
2026-08-19 12:20:35.121,0.00,0.00,0,0.0,0.0,0.000,0.0,0,HAYIR,HAYIR
2026-08-19 12:20:35.142,0.00,0.00,0,0.0,0.0,0.000,0.0,0,HAYIR,HAYIR
2026-08-19 12:20:35.161,0.00,0.00,0,0.0,0.0,0.000,0.0,0,HAYIR,HAYIR
2026-08-19 12:20:35.181,0.00,0.00,0,0.0,0.0,0.000,0.0,0,HAYIR,HAYIR
2026-08-19 12:20:35.201,0.00,0.00,0,0.0,0.0,0.000,0.0,0,HAYIR,HAYIR
2026-08-19 12:20:35.222,0.00,0.00,0,0.0,0.0,0.000,0.0,0,HAYIR,HAYIR
2026-08-19 12:20:35.241,0.00,0.00,0,0.0,0.0,0.000,0.0,0,HAYIR,HAYIR
2026-08-19 12:20:35.261,0.00,0.00,0,0.0,0.0,0.000,0.0,0,HAYIR,HAYIR
2026-08-19 12:20:35.282,0.00,0.00,0,0.0,0.0,0.000,0.0,0,HAYIR,HAYIR
2026-08-19 12:20:35.301,0.00,0.00,0,0.0,0.0,0.000,0.0,0,HAYIR,HAYIR
2026-08-19 12:20:35.321,0.00,0.00,0,0.0,0.0,0.000,0.0,0,HAYIR,HAYIR
2026-08-19 12:20:35.342,0.00,0.00,0,0.0,0.0,0.000,0.0,0,HAYIR,HAYIR
2026-08-19 12:20:35.361,0.00,0.00,0,0.0,0.0,0.000,0.0,0,HAYIR,HAYIR
2026-08-19 12:20:35.381,0.00,0.00,0,0.0,0.0,0.000,0.0,0,HAYIR,HAYIR
2026-08-19 12:20:35.401,0.00,0.00,0,0.0,0.0,0.000,0.0,0,HAYIR,HAYIR
2026-08-19 12:20:35.422,0.00,0.00,0,0.0,0.0,0.000,0.0,0,HAYIR,HAYIR
2026-08-19 12:20:35.441,0.00,0.00,0,0.0,0.0,0.000,0.0,0,HAYIR,HAYIR
2026-08-19 12:20:35.461,0.00,0.00,0,0.0,0.0,0.000,0.0,0,HAYIR,HAYIR
2026-08-19 12:20:35.481,0.00,0.00,0,0.0,0.0,0.000,0.0,0,HAYIR,HAYIR
2026-08-19 12:20:35.501,0.00,0.00,0,0.0,0.0,0.000,0.0,0,HAYIR,HAYIR
2026-08-19 12:20:35.521,0.00,0.00,0,0.0,0.0,0.000,0.0,0,HAYIR,HAYIR
2026-08-19 12:20:35.542,0.00,0.00,0,0.0,0.0,0.000,0.0,0,HAYIR,HAYIR
2026-08-19 12:20:35.562,0.00,0.00,0,0.0,0.0,0.000,0.0,0,HAYIR,HAYIR
2026-08-19 12:20:35.581,0.00,0.00,0,0.0,0.0,0.000,0.0,0,HAYIR,HAYIR
2026-08-19 12:20:35.601,0.00,0.00,0,0.0,0.0,0.000,0.0,0,HAYIR,HAYIR
2026-08-19 12:20:35.622,0.00,0.00,0,0.0,0.0,0.000,0.0,0,HAYIR,HAYIR
2026-08-19 12:20:35.642,0.00,0.00,0,0.0,0.0,0.000,0.0,0,HAYIR,HAYIR
2026-08-19 12:20:35.662,0.00,0.00,0,0.0,0.0,0.000,0.0,0,HAYIR,HAYIR
2026-08-19 12:20:35.682,0.00,0.00,0,0.0,0.0,0.000,0.0,0,HAYIR,HAYIR
2026-08-19 12:20:35.701,0.00,0.00,0,0.0,0.0,0.000,0.0,0,HAYIR,HAYIR
2026-08-19 12:20:35.722,0.00,0.00,0,0.0,0.0,0.000,0.0,0,HAYIR,HAYIR
2026-08-19 12:20:35.741,0.00,0.00,0,0.0,0.0,0.000,0.0,0,HAYIR,HAYIR
2026-08-19 12:20:35.761,0.00,0.00,0,0.0,0.0,0.000,0.0,0,HAYIR,HAYIR
2026-08-19 12:20:35.781,0.00,0.00,0,0.0,0.0,0.000,0.0,0,HAYIR,HAYIR
2026-08-19 12:20:35.801,0.00,0.00,0,0.0,0.0,0.000,0.0,0,HAYIR,HAYIR
2026-08-19 12:20:35.821,0.00,0.00,0,0.0,0.0,0.000,0.0,0,HAYIR,HAYIR
2026-08-19 12:20:35.841,0.00,0.00,0,0.0,0.0,0.000,0.0,0,HAYIR,HAYIR
2026-08-19 12:20:35.861,0.00,0.00,0,0.0,0.0,0.000,0.0,0,HAYIR,HAYIR
2026-08-19 12:20:35.881,0.00,0.00,0,0.0,0.0,0.000,0.0,0,HAYIR,HAYIR
2026-08-19 12:20:35.901,0.00,0.00,0,0.0,0.0,0.000,0.0,0,HAYIR,HAYIR
2026-08-19 12:20:35.921,0.00,0.00,0,0.0,0.0,0.000,0.0,0,HAYIR,HAYIR
2026-08-19 12:20:35.942,0.00,0.00,0,0.0,0.0,0.000,0.0,0,HAYIR,HAYIR
2026-08-19 12:20:35.961,0.00,0.00,0,0.0,0.0,0.000,0.0,0,HAYIR,HAYIR
2026-08-19 12:20:35.981,0.00,0.00,0,0.0,0.0,0.000,0.0,0,HAYIR,HAYIR
2026-08-19 12:20:36.001,0.00,0.00,0,0.0,0.0,0.000,0.0,0,HAYIR,HAYIR
2026-08-19 12:20:36.021,0.00,0.00,0,0.0,0.0,0.000,0.0,0,HAYIR,HAYIR
2026-08-19 12:20:36.042,0.00,0.00,0,0.0,0.0,0.000,0.0,0,HAYIR,HAYIR
2026-08-19 12:20:36.061,0.00,0.00,0,0.0,0.0,0.000,0.0,0,HAYIR,HAYIR
2026-08-19 12:20:36.082,0.00,0.00,0,0.0,0.0,0.000,0.0,0,HAYIR,HAYIR
2026-08-19 12:20:36.101,0.00,0.00,0,0.0,0.0,0.000,0.0,0,HAYIR,HAYIR
2026-08-19 12:20:36.121,0.00,0.00,0,0.0,0.0,0.000,0.0,0,HAYIR,HAYIR
2026-08-19 12:20:36.142,0.00,0.00,0,0.0,0.0,0.000,0.0,0,HAYIR,HAYIR
2026-08-19 12:20:36.162,0.00,0.00,0,0.0,0.0,0.000,0.0,0,HAYIR,HAYIR
2026-08-19 12:20:36.182,0.00,0.00,0,0.0,0.0,0.000,0.0,0,HAYIR,HAYIR
2026-08-19 12:20:36.201,0.00,0.00,0,0.0,0.0,0.000,0.0,0,HAYIR,HAYIR
2026-08-19 12:20:36.221,0.00,0.00,0,0.0,0.0,0.000,0.0,0,HAYIR,HAYIR
2026-08-19 12:20:36.241,0.00,0.00,0,0.0,0.0,0.000,0.0,0,HAYIR,HAYIR
2026-08-19 12:20:36.262,0.00,0.00,0,0.0,0.0,0.000,0.0,0,HAYIR,HAYIR
2026-08-19 12:20:36.282,0.00,0.00,0,0.0,0.0,0.000,0.0,0,HAYIR,HAYIR
2026-08-19 12:20:36.302,0.00,0.00,0,0.0,0.0,0.000,0.0,0,HAYIR,HAYIR
2026-08-19 12:20:36.321,0.00,0.00,0,0.0,0.0,0.000,0.0,0,HAYIR,HAYIR
2026-08-19 12:20:36.341,0.00,0.00,0,0.0,0.0,0.000,0.0,0,HAYIR,HAYIR
2026-08-19 12:20:36.361,0.00,0.00,0,0.0,0.0,0.000,0.0,0,HAYIR,HAYIR
2026-08-19 12:20:36.381,0.00,0.00,0,0.0,0.0,0.000,0.0,0,HAYIR,HAYIR
2026-08-19 12:20:36.401,0.00,0.00,0,0.0,0.0,0.000,0.0,0,HAYIR,HAYIR
2026-08-19 12:20:36.421,0.00,0.00,0,0.0,0.0,0.000,0.0,0,HAYIR,HAYIR
2026-08-19 12:20:36.441,0.00,0.00,0,0.0,0.0,0.000,0.0,0,HAYIR,HAYIR
2026-08-19 12:20:36.461,0.00,0.00,0,0.0,0.0,0.000,0.0,0,HAYIR,HAYIR
2026-08-19 12:20:36.481,0.00,0.00,0,0.0,0.0,0.000,0.0,0,HAYIR,HAYIR
2026-08-19 12:20:36.501,0.00,0.00,0,0.0,0.0,0.000,0.0,0,HAYIR,HAYIR
2026-08-19 12:20:36.521,0.00,0.00,0,0.0,0.0,0.000,0.0,0,HAYIR,HAYIR
2026-08-19 12:20:36.542,0.00,0.00,0,0.0,0.0,0.000,0.0,0,HAYIR,HAYIR
2026-08-19 12:20:36.562,0.00,0.00,0,0.0,0.0,0.000,0.0,0,HAYIR,HAYIR
2026-08-19 12:20:36.581,0.00,0.00,0,0.0,0.0,0.000,0.0,0,HAYIR,HAYIR
2026-08-19 12:20:36.601,0.00,0.00,0,0.0,0.0,0.000,0.0,0,HAYIR,HAYIR
2026-08-19 12:20:36.621,0.00,0.00,0,0.0,0.0,0.000,0.0,0,HAYIR,HAYIR
2026-08-19 12:20:36.641,0.00,0.00,0,0.0,0.0,0.000,0.0,0,HAYIR,HAYIR
2026-08-19 12:20:36.661,0.00,0.00,0,0.0,0.0,0.000,0.0,0,HAYIR,HAYIR
2026-08-19 12:20:36.681,0.00,0.00,0,0.0,0.0,0.000,0.0,0,HAYIR,HAYIR
2026-08-19 12:20:36.701,0.00,0.00,0,0.0,0.0,0.000,0.0,0,HAYIR,HAYIR
2026-08-19 12:20:36.721,0.00,0.00,0,0.0,0.0,0.000,0.0,0,HAYIR,HAYIR
2026-08-19 12:20:36.741,0.00,0.00,0,0.0,0.0,0.000,0.0,0,HAYIR,HAYIR
2026-08-19 12:20:36.761,0.00,0.00,0,0.0,0.0,0.000,0.0,0,HAYIR,HAYIR
2026-08-19 12:20:36.782,0.00,0.00,0,0.0,0.0,0.000,0.0,0,HAYIR,HAYIR
2026-08-19 12:20:36.801,0.00,0.00,0,0.0,0.0,0.000,0.0,0,HAYIR,HAYIR
2026-08-19 12:20:36.821,0.00,0.00,0,0.0,0.0,0.000,0.0,0,HAYIR,HAYIR
2026-08-19 12:20:36.841,0.00,0.00,0,0.0,0.0,0.000,0.0,0,HAYIR,HAYIR
2026-08-19 12:20:36.861,0.00,0.00,0,0.0,0.0,0.000,0.0,0,HAYIR,HAYIR
2026-08-19 12:20:36.881,0.00,0.00,0,0.0,0.0,0.000,0.0,0,HAYIR,HAYIR
2026-08-19 12:20:36.901,0.00,0.00,0,0.0,0.0,0.000,0.0,0,HAYIR,HAYIR
2026-08-19 12:20:36.921,0.00,0.00,0,0.0,0.0,0.000,0.0,0,HAYIR,HAYIR
2026-08-19 12:20:36.941,0.00,0.00,0,0.0,0.0,0.000,0.0,0,HAYIR,HAYIR
2026-08-19 12:20:36.961,0.00,0.00,0,0.0,0.0,0.000,0.0,0,HAYIR,HAYIR
2026-08-19 12:20:36.981,0.00,0.00,0,0.0,0.0,0.000,0.0,0,HAYIR,HAYIR
2026-08-19 12:20:37.001,0.00,0.00,0,0.0,0.0,0.000,0.0,0,HAYIR,HAYIR
2026-08-19 12:20:37.021,0.00,0.00,0,0.0,0.0,0.000,0.0,0,HAYIR,HAYIR
2026-08-19 12:20:37.041,0.00,0.00,0,0.0,0.0,0.000,0.0,0,HAYIR,HAYIR
2026-08-19 12:20:37.061,0.00,0.00,0,0.0,0.0,0.000,0.0,0,HAYIR,HAYIR
2026-08-19 12:20:37.081,0.00,0.00,0,0.0,0.0,0.000,0.0,0,HAYIR,HAYIR
2026-08-19 12:20:37.102,-0.05,0.00,32,0.0,0.0,0.000,0.0,0,HAYIR,EVET
2026-08-19 12:20:37.121,-0.05,0.00,32,0.0,0.0,0.000,0.0,0,HAYIR,EVET
2026-08-19 12:20:37.141,0.00,0.00,0,0.0,0.0,0.000,0.0,0,HAYIR,EVET
2026-08-19 12:20:37.161,0.00,0.00,0,0.0,0.0,0.000,0.0,0,HAYIR,EVET
2026-08-19 12:20:37.181,0.00,0.00,0,0.0,0.0,0.000,0.0,0,HAYIR,EVET
2026-08-19 12:20:37.201,-0.05,0.00,33,0.0,0.0,0.000,0.0,0,HAYIR,EVET
2026-08-19 12:20:37.221,-0.05,0.00,32,0.0,0.0,0.000,0.0,0,HAYIR,EVET
2026-08-19 12:20:37.242,0.00,0.00,0,0.0,0.0,0.000,0.0,0,HAYIR,EVET
2026-08-19 12:20:37.261,0.00,0.00,0,0.0,0.0,0.000,0.0,0,HAYIR,EVET
2026-08-19 12:20:37.281,0.00,0.00,0,0.0,0.0,0.000,0.0,0,HAYIR,EVET
2026-08-19 12:20:37.301,-0.05,0.00,33,0.0,0.0,0.000,0.0,0,HAYIR,EVET
2026-08-19 12:20:37.321,-0.05,0.00,32,0.0,0.0,0.000,0.0,0,HAYIR,EVET
2026-08-19 12:20:37.342,0.00,0.00,0,0.0,0.0,0.000,0.0,0,HAYIR,EVET
2026-08-19 12:20:37.361,0.00,0.00,0,0.0,0.0,0.000,0.0,0,HAYIR,EVET
2026-08-19 12:20:37.381,0.00,0.00,0,0.0,0.0,0.000,0.0,0,HAYIR,EVET
2026-08-19 12:20:37.402,-0.05,0.00,33,0.0,0.0,0.000,0.0,0,HAYIR,EVET
2026-08-19 12:20:37.421,-0.05,0.00,32,0.0,0.0,0.000,0.0,0,HAYIR,EVET
2026-08-19 12:20:37.441,0.00,0.00,0,0.0,0.0,0.000,0.0,0,HAYIR,EVET
2026-08-19 12:20:37.462,0.00,0.00,0,0.0,0.0,0.000,0.0,0,HAYIR,EVET
2026-08-19 12:20:37.481,0.00,0.00,0,0.0,0.0,0.000,0.0,0,HAYIR,EVET
2026-08-19 12:20:37.501,-0.05,0.00,33,0.0,0.0,0.000,0.0,0,HAYIR,EVET
2026-08-19 12:20:37.521,-0.05,0.00,32,0.0,0.0,0.000,0.0,0,HAYIR,EVET
2026-08-19 12:20:37.541,0.00,0.00,0,0.0,0.0,0.000,0.0,0,HAYIR,EVET
2026-08-19 12:20:37.561,0.00,0.00,0,0.0,0.0,0.000,0.0,0,HAYIR,EVET
2026-08-19 12:20:37.581,0.00,0.00,0,0.0,0.0,0.000,0.0,0,HAYIR,EVET
2026-08-19 12:20:37.601,-0.05,0.00,33,0.0,0.0,0.000,0.0,0,HAYIR,EVET
2026-08-19 12:20:37.622,-0.05,0.00,32,0.0,0.0,0.000,0.0,0,HAYIR,EVET
2026-08-19 12:20:37.642,0.00,0.00,0,0.0,0.0,0.000,0.0,0,HAYIR,EVET
2026-08-19 12:20:37.661,0.00,0.00,0,0.0,0.0,0.000,0.0,0,HAYIR,EVET
2026-08-19 12:20:37.682,0.00,0.00,0,0.0,0.0,0.000,0.0,0,HAYIR,EVET
2026-08-19 12:20:37.701,-0.05,0.00,33,0.0,0.0,0.000,0.0,0,HAYIR,EVET
2026-08-19 12:20:37.721,-0.05,0.00,32,0.0,0.0,0.000,0.0,0,HAYIR,EVET
2026-08-19 12:20:37.742,0.00,0.00,0,0.0,0.0,0.000,0.0,0,HAYIR,EVET
2026-08-19 12:20:37.761,0.00,0.00,0,0.0,0.0,0.000,0.0,0,HAYIR,EVET
2026-08-19 12:20:37.781,0.00,0.00,0,0.0,0.0,0.000,0.0,0,HAYIR,EVET
2026-08-19 12:20:37.801,-0.05,0.00,33,0.0,0.0,0.000,0.0,0,HAYIR,EVET
2026-08-19 12:20:37.821,-0.05,0.00,32,0.0,0.0,0.000,0.0,0,HAYIR,EVET
2026-08-19 12:20:37.841,0.00,0.00,0,0.0,0.0,0.000,0.0,0,HAYIR,EVET
2026-08-19 12:20:37.861,0.00,0.00,0,0.0,0.0,0.000,0.0,0,HAYIR,EVET
2026-08-19 12:20:37.881,0.00,0.00,0,0.0,0.0,0.000,0.0,0,HAYIR,EVET
2026-08-19 12:20:37.901,-0.05,0.00,33,0.0,0.0,0.000,0.0,0,HAYIR,EVET
2026-08-19 12:20:37.921,-0.05,0.00,32,0.0,0.0,0.000,0.0,0,HAYIR,EVET
2026-08-19 12:20:37.941,0.00,0.00,0,0.0,0.0,0.000,0.0,0,HAYIR,EVET
2026-08-19 12:20:37.962,0.00,0.00,0,0.0,0.0,0.000,0.0,0,HAYIR,EVET
2026-08-19 12:20:37.981,0.00,0.00,0,0.0,0.0,0.000,0.0,0,HAYIR,EVET
2026-08-19 12:20:38.001,-0.05,0.00,33,0.0,0.0,0.000,0.0,0,HAYIR,EVET
2026-08-19 12:20:38.021,-0.05,0.00,32,0.0,0.0,0.000,0.0,0,HAYIR,EVET
2026-08-19 12:20:38.041,0.00,0.00,0,0.0,0.0,0.000,0.0,0,HAYIR,EVET
2026-08-19 12:20:38.061,0.00,0.00,0,0.0,0.0,0.000,0.0,0,HAYIR,EVET
2026-08-19 12:20:38.081,0.00,0.00,0,0.0,0.0,0.000,0.0,0,HAYIR,EVET
2026-08-19 12:20:38.101,-0.05,0.00,33,0.0,0.0,0.000,0.0,0,HAYIR,EVET
2026-08-19 12:20:38.121,-0.05,0.00,32,0.0,0.0,0.000,0.0,0,HAYIR,EVET
2026-08-19 12:20:38.141,-0.05,0.00,32,0.0,0.1,0.000,0.0,0,HAYIR,EVET
2026-08-19 12:20:38.162,-0.05,0.00,32,0.0,0.1,0.000,0.0,0,HAYIR,EVET
2026-08-19 12:20:38.181,-0.05,0.00,32,0.0,0.1,0.000,0.0,0,HAYIR,EVET
2026-08-19 12:20:38.201,-0.05,0.00,32,0.0,0.1,0.000,0.0,0,HAYIR,EVET
2026-08-19 12:20:38.222,-0.05,0.00,32,0.0,0.1,0.000,0.0,0,HAYIR,EVET
2026-08-19 12:20:38.241,-0.05,0.00,32,0.0,0.2,0.000,0.0,0,HAYIR,EVET
2026-08-19 12:20:38.261,-0.05,0.00,32,0.0,0.2,0.000,0.0,0,HAYIR,EVET
2026-08-19 12:20:38.281,-0.05,0.00,32,0.0,0.2,0.000,0.0,0,HAYIR,EVET
2026-08-19 12:20:38.302,-0.05,0.00,32,0.0,0.2,0.000,0.0,0,HAYIR,EVET
2026-08-19 12:20:38.321,-0.05,0.00,32,0.0,0.2,0.000,0.0,0,HAYIR,EVET
2026-08-19 12:20:38.342,-0.05,0.00,32,0.0,0.3,0.000,0.0,0,HAYIR,EVET
2026-08-19 12:20:38.361,-0.05,0.00,32,0.0,0.3,0.000,0.0,0,HAYIR,EVET
2026-08-19 12:20:38.382,-0.05,0.00,32,0.0,0.3,0.000,0.0,0,HAYIR,EVET
2026-08-19 12:20:38.401,-0.05,0.00,32,0.0,0.3,0.000,0.0,0,HAYIR,EVET
2026-08-19 12:20:38.421,-0.05,0.00,32,0.0,0.3,0.000,0.0,0,HAYIR,EVET
2026-08-19 12:20:38.441,-0.05,0.00,32,0.0,0.4,0.000,0.0,0,HAYIR,EVET
2026-08-19 12:20:38.461,-0.05,0.00,32,0.0,0.4,0.000,0.0,0,HAYIR,EVET
2026-08-19 12:20:38.482,-0.05,0.00,33,0.0,0.4,0.000,0.0,0,HAYIR,EVET
2026-08-19 12:20:38.501,-0.05,0.00,33,0.0,0.4,0.000,0.0,0,HAYIR,EVET
2026-08-19 12:20:38.521,-0.05,0.00,33,0.0,0.4,0.000,0.0,0,HAYIR,EVET
2026-08-19 12:20:38.542,-0.05,0.00,33,0.0,0.5,0.000,0.0,0,HAYIR,EVET
2026-08-19 12:20:38.562,-0.05,0.00,33,0.0,0.5,0.000,0.0,0,HAYIR,EVET
2026-08-19 12:20:38.581,-0.05,0.00,33,0.0,0.5,0.000,0.0,0,HAYIR,EVET
2026-08-19 12:20:38.601,-0.05,0.00,33,0.0,0.5,0.000,0.0,0,HAYIR,EVET
2026-08-19 12:20:38.622,-0.05,0.00,33,0.0,0.5,0.000,0.0,0,HAYIR,EVET
2026-08-19 12:20:38.642,-0.05,0.00,33,0.0,0.6,0.000,0.0,0,HAYIR,EVET
2026-08-19 12:20:38.661,-0.05,0.00,33,0.0,0.6,0.000,0.0,0,HAYIR,EVET
2026-08-19 12:20:38.681,-0.05,0.00,33,0.0,0.6,0.000,0.0,0,HAYIR,EVET
2026-08-19 12:20:38.701,-0.05,0.00,33,0.0,0.6,0.000,0.0,0,HAYIR,EVET
2026-08-19 12:20:38.721,-0.05,0.00,33,0.0,0.6,0.000,0.0,0,HAYIR,EVET
2026-08-19 12:20:38.742,-0.05,0.00,33,0.0,0.7,0.000,0.0,0,HAYIR,EVET
2026-08-19 12:20:38.762,-0.05,0.00,33,0.0,0.7,0.000,0.0,0,HAYIR,EVET
2026-08-19 12:20:38.782,-0.05,0.00,33,0.0,0.7,0.000,0.0,0,HAYIR,EVET
2026-08-19 12:20:38.801,-0.05,0.00,33,0.0,0.7,0.000,0.0,0,HAYIR,EVET
2026-08-19 12:20:38.822,-0.05,0.00,33,0.0,0.7,0.000,0.0,0,HAYIR,EVET
2026-08-19 12:20:38.842,-0.05,0.00,33,0.0,0.8,0.000,0.0,0,HAYIR,EVET
2026-08-19 12:20:38.862,-0.05,0.00,33,0.0,0.8,0.000,0.0,0,HAYIR,EVET
2026-08-19 12:20:38.881,-0.05,0.00,33,0.0,0.8,0.000,0.0,0,HAYIR,EVET
2026-08-19 12:20:38.901,-0.05,0.00,33,0.0,0.8,0.000,0.0,0,HAYIR,EVET
2026-08-19 12:20:38.921,-0.05,0.00,33,0.0,0.8,0.000,0.0,0,HAYIR,EVET
2026-08-19 12:20:38.942,-0.05,0.00,33,0.0,0.9,0.000,0.0,0,HAYIR,EVET
2026-08-19 12:20:38.961,-0.05,0.00,33,0.0,0.9,0.000,0.0,0,HAYIR,EVET
2026-08-19 12:20:38.981,-0.05,0.00,33,0.0,0.9,0.000,0.0,0,HAYIR,EVET
2026-08-19 12:20:39.001,-0.05,0.00,33,0.0,0.9,0.000,0.0,0,HAYIR,EVET
2026-08-19 12:20:39.021,-0.05,0.00,33,0.0,0.9,0.000,0.0,0,HAYIR,EVET
2026-08-19 12:20:39.041,-0.05,-0.01,33,0.0,1.0,0.000,0.0,0,HAYIR,EVET
2026-08-19 12:20:39.061,-0.05,-0.01,33,0.0,1.0,0.000,0.0,0,HAYIR,EVET
2026-08-19 12:20:39.081,-0.05,-0.01,33,0.0,1.0,0.000,0.0,0,HAYIR,EVET
2026-08-19 12:20:39.101,-0.05,-0.01,33,0.0,1.0,0.000,0.0,0,HAYIR,EVET
2026-08-19 12:20:39.121,-0.05,-0.01,33,0.0,1.0,0.000,0.0,0,HAYIR,EVET
2026-08-19 12:20:39.142,-0.05,-0.01,33,0.0,1.1,0.000,0.0,0,HAYIR,EVET
2026-08-19 12:20:39.161,-0.05,-0.01,33,0.0,1.1,0.000,0.0,0,HAYIR,EVET
2026-08-19 12:20:39.181,-0.05,-0.01,33,0.0,1.1,0.000,0.0,0,HAYIR,EVET
2026-08-19 12:20:39.201,-0.05,-0.01,33,0.0,1.1,0.000,0.0,0,HAYIR,EVET
2026-08-19 12:20:39.221,-0.05,-0.01,33,0.0,1.1,0.000,0.0,0,HAYIR,EVET
2026-08-19 12:20:39.241,-0.05,-0.01,33,0.0,1.2,0.000,0.0,0,HAYIR,EVET
2026-08-19 12:20:39.261,-0.05,-0.01,33,0.0,1.2,0.000,0.0,0,HAYIR,EVET
2026-08-19 12:20:39.281,-0.05,-0.01,33,0.0,1.2,0.000,0.0,0,HAYIR,EVET
2026-08-19 12:20:39.301,-0.05,-0.01,33,0.0,1.2,0.000,0.0,0,HAYIR,EVET
2026-08-19 12:20:39.321,-0.05,-0.01,33,0.0,1.2,0.000,0.0,0,HAYIR,EVET
2026-08-19 12:20:39.342,-0.05,-0.01,33,0.0,1.3,0.000,0.0,0,HAYIR,EVET
2026-08-19 12:20:39.362,-0.05,-0.02,33,0.0,1.3,0.000,0.0,0,HAYIR,EVET
2026-08-19 12:20:39.381,-0.05,-0.02,33,0.0,1.3,0.000,0.0,0,HAYIR,EVET
2026-08-19 12:20:39.401,-0.05,-0.02,33,0.0,1.3,0.000,0.0,0,HAYIR,EVET
2026-08-19 12:20:39.421,-0.05,-0.02,33,0.0,1.3,0.000,0.0,0,HAYIR,EVET
2026-08-19 12:20:39.441,-0.05,-0.02,33,0.0,1.4,0.000,0.0,0,HAYIR,EVET
2026-08-19 12:20:39.461,-0.05,-0.02,33,0.0,1.4,0.000,0.0,0,HAYIR,EVET
2026-08-19 12:20:39.481,-0.05,-0.02,34,0.0,1.4,0.000,0.0,0,HAYIR,EVET
2026-08-19 12:20:39.501,-0.05,-0.02,34,0.0,1.4,0.000,0.0,0,HAYIR,EVET
2026-08-19 12:20:39.521,-0.05,-0.02,34,0.0,1.4,0.000,0.0,0,HAYIR,EVET
2026-08-19 12:20:39.542,-0.05,-0.02,34,0.0,1.5,0.000,0.0,0,HAYIR,EVET
2026-08-19 12:20:39.562,-0.05,-0.02,34,0.0,1.5,0.000,0.0,0,HAYIR,EVET
2026-08-19 12:20:39.581,-0.05,-0.02,34,0.0,1.5,0.000,0.0,0,HAYIR,EVET
2026-08-19 12:20:39.601,-0.05,-0.02,34,0.0,1.5,0.000,0.0,0,HAYIR,EVET
2026-08-19 12:20:39.622,-0.05,-0.02,34,0.0,1.5,0.000,0.0,0,HAYIR,EVET
2026-08-19 12:20:39.642,-0.05,-0.02,34,0.0,1.6,0.000,0.0,0,HAYIR,EVET
2026-08-19 12:20:39.662,-0.05,-0.02,34,0.0,1.6,0.000,0.0,0,HAYIR,EVET
2026-08-19 12:20:39.682,-0.05,-0.02,34,0.0,1.6,0.000,0.0,0,HAYIR,EVET
2026-08-19 12:20:39.701,-0.05,-0.02,34,0.0,1.6,0.000,0.0,0,HAYIR,EVET
2026-08-19 12:20:39.721,-0.05,-0.02,34,0.0,1.6,0.000,0.0,0,HAYIR,EVET
2026-08-19 12:20:39.742,-0.05,-0.02,34,0.0,1.7,0.000,0.0,0,HAYIR,EVET
2026-08-19 12:20:39.762,-0.05,-0.02,34,0.0,1.7,0.000,0.0,0,HAYIR,EVET
2026-08-19 12:20:39.781,-0.05,-0.02,34,0.0,1.7,0.000,0.0,0,HAYIR,EVET
2026-08-19 12:20:39.801,-0.05,-0.02,34,0.0,1.7,0.000,0.0,0,HAYIR,EVET
2026-08-19 12:20:39.821,-0.05,-0.02,34,0.0,1.7,0.000,0.0,0,HAYIR,EVET
2026-08-19 12:20:39.841,-0.05,-0.02,34,0.0,1.8,0.000,0.0,0,HAYIR,EVET
2026-08-19 12:20:39.861,-0.05,-0.02,34,0.0,1.8,0.000,0.0,0,HAYIR,EVET
2026-08-19 12:20:39.882,-0.05,-0.02,34,0.0,1.8,0.000,0.0,0,HAYIR,EVET
2026-08-19 12:20:39.901,-0.05,-0.02,34,0.0,1.8,0.000,0.0,0,HAYIR,EVET
2026-08-19 12:20:39.921,-0.05,-0.02,34,0.0,1.8,0.000,0.0,0,HAYIR,EVET
2026-08-19 12:20:39.942,-0.05,-0.02,34,0.0,1.9,0.000,0.0,0,HAYIR,EVET
2026-08-19 12:20:39.962,-0.05,-0.02,34,0.0,1.9,0.000,0.0,0,HAYIR,EVET
2026-08-19 12:20:39.981,-0.05,-0.02,34,0.0,1.9,0.000,0.0,0,HAYIR,EVET
2026-08-19 12:20:40.001,-0.05,-0.02,34,0.0,1.9,0.000,0.0,0,HAYIR,EVET
2026-08-19 12:20:40.021,-0.05,-0.02,34,0.0,1.9,0.000,0.0,0,HAYIR,EVET
2026-08-19 12:20:40.041,-0.05,-0.02,34,0.0,2.0,0.000,0.0,0,HAYIR,EVET
2026-08-19 12:20:40.062,-0.05,-0.02,34,0.0,2.0,0.000,0.0,0,HAYIR,EVET
2026-08-19 12:20:40.082,-0.05,-0.02,34,0.0,2.0,0.000,0.0,0,HAYIR,EVET
2026-08-19 12:20:40.101,-0.05,-0.02,34,0.0,2.0,0.000,0.0,0,HAYIR,EVET
2026-08-19 12:20:40.121,-0.05,-0.02,34,0.0,2.0,0.000,0.0,0,HAYIR,EVET
2026-08-19 12:20:40.142,-0.05,-0.02,34,0.0,2.1,0.000,0.0,0,HAYIR,EVET
2026-08-19 12:20:40.162,-0.05,-0.02,34,0.0,2.1,0.000,0.0,0,HAYIR,EVET
2026-08-19 12:20:40.182,-0.05,-0.02,34,0.0,2.1,0.000,0.0,0,HAYIR,EVET
2026-08-19 12:20:40.202,-0.05,-0.02,34,0.0,2.1,0.000,0.0,0,HAYIR,EVET
2026-08-19 12:20:40.222,-0.05,-0.02,34,0.0,2.1,0.000,0.0,0,HAYIR,EVET
2026-08-19 12:20:40.241,-0.05,-0.02,34,0.0,2.2,0.000,0.0,0,HAYIR,EVET
2026-08-19 12:20:40.261,-0.05,-0.02,34,0.0,2.2,0.000,0.0,0,HAYIR,EVET
2026-08-19 12:20:40.281,-0.05,-0.02,34,0.0,2.2,0.000,0.0,0,HAYIR,EVET
2026-08-19 12:20:40.301,-0.05,-0.02,34,0.0,2.2,0.000,0.0,0,HAYIR,EVET
2026-08-19 12:20:40.321,-0.05,-0.02,34,0.0,2.2,0.000,0.0,0,HAYIR,EVET
2026-08-19 12:20:40.342,-0.05,-0.02,34,0.0,2.3,0.000,0.0,0,HAYIR,EVET
2026-08-19 12:20:40.362,-0.05,-0.02,34,0.0,2.3,0.000,0.0,0,HAYIR,EVET
2026-08-19 12:20:40.381,-0.05,-0.02,34,0.0,2.3,0.000,0.0,0,HAYIR,EVET
2026-08-19 12:20:40.401,-0.05,-0.02,34,0.0,2.3,0.000,0.0,0,HAYIR,EVET
2026-08-19 12:20:40.421,-0.05,-0.02,34,0.0,2.3,0.000,0.0,0,HAYIR,EVET
2026-08-19 12:20:40.441,-0.05,-0.02,34,0.0,2.4,0.000,0.0,0,HAYIR,EVET
2026-08-19 12:20:40.462,-0.05,-0.02,34,0.0,2.4,0.000,0.0,0,HAYIR,EVET
2026-08-19 12:20:40.481,-0.05,-0.02,34,0.0,2.4,0.000,0.0,0,HAYIR,EVET
2026-08-19 12:20:40.502,-0.05,-0.02,35,0.0,2.4,0.000,0.0,0,HAYIR,EVET
2026-08-19 12:20:40.521,-0.05,-0.02,35,0.0,2.4,0.000,0.0,0,HAYIR,EVET
2026-08-19 12:20:40.542,-0.05,-0.02,35,0.0,2.5,0.000,0.0,0,HAYIR,EVET
2026-08-19 12:20:40.561,-0.05,-0.02,35,0.0,2.5,0.000,0.0,0,HAYIR,EVET
2026-08-19 12:20:40.581,-0.05,-0.02,35,0.0,2.5,0.000,0.0,0,HAYIR,EVET
2026-08-19 12:20:40.601,-0.05,-0.02,35,0.0,2.5,0.000,0.0,0,HAYIR,EVET
2026-08-19 12:20:40.621,-0.05,-0.02,35,0.0,2.5,0.000,0.0,0,HAYIR,EVET
2026-08-19 12:20:40.641,-0.05,-0.02,35,0.0,2.6,0.000,0.0,0,HAYIR,EVET
2026-08-19 12:20:40.661,-0.05,-0.02,35,0.0,2.6,0.000,0.0,0,HAYIR,EVET
2026-08-19 12:20:40.681,-0.05,-0.02,35,0.0,2.6,0.000,0.0,0,HAYIR,EVET
2026-08-19 12:20:40.701,-0.05,-0.02,35,0.0,2.6,0.000,0.0,0,HAYIR,EVET
2026-08-19 12:20:40.722,-0.05,-0.02,35,0.0,2.6,0.000,0.0,0,HAYIR,EVET
2026-08-19 12:20:40.742,-0.05,-0.02,35,0.0,2.7,0.000,0.0,0,HAYIR,EVET
2026-08-19 12:20:40.762,-0.05,-0.02,35,0.0,2.7,0.000,0.0,0,HAYIR,EVET
2026-08-19 12:20:40.781,-0.05,-0.02,35,0.0,2.7,0.000,0.0,0,HAYIR,EVET
2026-08-19 12:20:40.801,-0.05,-0.02,35,0.0,2.7,0.000,0.0,0,HAYIR,EVET
2026-08-19 12:20:40.822,-0.05,-0.02,35,0.0,2.7,0.000,0.0,0,HAYIR,EVET
2026-08-19 12:20:40.841,-0.05,-0.02,35,0.0,2.8,0.000,0.0,0,HAYIR,EVET
2026-08-19 12:20:40.861,-0.05,-0.02,35,0.0,2.8,0.000,0.0,0,HAYIR,EVET
2026-08-19 12:20:40.882,-0.05,-0.02,35,0.0,2.8,0.000,0.0,0,HAYIR,EVET
2026-08-19 12:20:40.901,-0.05,-0.02,35,0.0,2.8,0.000,0.0,0,HAYIR,EVET
2026-08-19 12:20:40.921,-0.05,-0.02,35,0.0,2.8,0.000,0.0,0,HAYIR,EVET
2026-08-19 12:20:40.942,-0.05,-0.02,35,0.0,2.9,0.000,0.0,0,HAYIR,EVET
2026-08-19 12:20:40.962,-0.05,-0.02,35,0.0,2.9,0.000,0.0,0,HAYIR,EVET
2026-08-19 12:20:40.981,-0.05,-0.02,35,0.0,2.9,0.000,0.0,0,HAYIR,EVET
2026-08-19 12:20:41.001,-0.05,-0.02,35,0.0,2.9,0.000,0.0,0,HAYIR,EVET
2026-08-19 12:20:41.021,-0.05,-0.02,35,0.0,2.9,0.000,0.0,0,HAYIR,EVET
2026-08-19 12:20:41.041,-0.05,-0.02,35,0.0,3.0,0.000,0.0,0,HAYIR,EVET
2026-08-19 12:20:41.061,-0.05,-0.02,35,0.0,3.0,0.000,0.0,0,HAYIR,EVET
2026-08-19 12:20:41.082,-0.05,-0.02,35,0.0,3.0,0.000,0.0,0,HAYIR,EVET
2026-08-19 12:20:41.101,-0.05,-0.02,35,0.0,3.0,0.000,0.0,0,HAYIR,EVET
2026-08-19 12:20:41.121,-0.05,-0.02,35,0.0,3.0,0.000,0.0,0,HAYIR,EVET
2026-08-19 12:20:41.141,-0.05,-0.02,35,0.0,3.1,0.000,0.0,0,HAYIR,EVET
2026-08-19 12:20:41.161,-0.05,-0.02,35,0.0,3.1,0.000,0.0,0,HAYIR,EVET
2026-08-19 12:20:41.181,-0.05,-0.02,35,0.0,3.1,0.000,0.0,0,HAYIR,EVET
2026-08-19 12:20:41.201,-0.05,-0.02,35,0.0,3.1,0.000,0.0,0,HAYIR,EVET
2026-08-19 12:20:41.221,-0.05,-0.02,35,0.0,3.1,0.000,0.0,0,HAYIR,EVET
2026-08-19 12:20:41.241,-0.05,-0.02,35,0.0,3.2,0.000,0.0,0,HAYIR,EVET
2026-08-19 12:20:41.261,-0.05,-0.02,35,0.0,3.2,0.000,0.0,0,HAYIR,EVET
2026-08-19 12:20:41.281,-0.05,-0.02,35,0.0,3.2,0.000,0.0,0,HAYIR,EVET
2026-08-19 12:20:41.301,-0.05,-0.02,35,0.0,3.2,0.000,0.0,0,HAYIR,EVET
2026-08-19 12:20:41.321,-0.05,-0.02,35,0.0,3.2,0.000,0.0,0,HAYIR,EVET
2026-08-19 12:20:41.341,-0.05,-0.02,35,0.0,3.3,0.000,0.0,0,HAYIR,EVET
2026-08-19 12:20:41.361,-0.05,-0.02,35,0.0,3.3,0.000,0.0,0,HAYIR,EVET
2026-08-19 12:20:41.381,-0.05,-0.02,35,0.0,3.3,0.000,0.0,0,HAYIR,EVET
2026-08-19 12:20:41.401,-0.05,-0.02,35,0.0,3.3,0.000,0.0,0,HAYIR,EVET
2026-08-19 12:20:41.421,-0.05,-0.02,35,0.0,3.3,0.000,0.0,0,HAYIR,EVET
2026-08-19 12:20:41.442,-0.05,-0.02,35,0.0,3.4,0.000,0.0,0,HAYIR,EVET
2026-08-19 12:20:41.461,-0.05,-0.02,35,0.0,3.4,0.000,0.0,0,HAYIR,EVET
2026-08-19 12:20:41.481,-0.05,-0.02,35,0.0,3.4,0.000,0.0,0,HAYIR,EVET
2026-08-19 12:20:41.501,-0.05,-0.02,35,0.0,3.4,0.000,0.0,0,HAYIR,EVET
2026-08-19 12:20:41.521,-0.05,-0.02,35,0.0,3.4,0.000,0.0,0,HAYIR,EVET
2026-08-19 12:20:41.542,-0.05,-0.02,35,0.0,3.5,0.000,0.0,0,HAYIR,EVET
2026-08-19 12:20:41.562,-0.05,-0.02,35,0.0,3.5,0.000,0.0,0,HAYIR,EVET
2026-08-19 12:20:41.581,-0.05,-0.02,35,0.0,3.5,0.000,0.0,0,HAYIR,EVET
2026-08-19 12:20:41.601,-0.05,-0.02,35,0.0,3.5,0.000,0.0,0,HAYIR,EVET
2026-08-19 12:20:41.621,-0.05,-0.02,35,0.0,3.5,0.000,0.0,0,HAYIR,EVET
2026-08-19 12:20:41.642,-0.05,-0.02,35,0.0,3.6,0.000,0.0,0,HAYIR,EVET
2026-08-19 12:20:41.661,-0.05,-0.02,35,0.0,3.6,0.000,0.0,0,HAYIR,EVET
2026-08-19 12:20:41.682,-0.05,-0.03,35,0.0,3.6,0.000,0.0,0,HAYIR,EVET
2026-08-19 12:20:41.701,-0.05,-0.03,35,0.0,3.6,0.000,0.0,0,HAYIR,EVET
2026-08-19 12:20:41.721,-0.05,-0.03,35,0.0,3.6,0.000,0.0,0,HAYIR,EVET
2026-08-19 12:20:41.742,-0.05,-0.03,35,0.0,3.7,0.000,0.0,0,HAYIR,EVET
2026-08-19 12:20:41.762,-0.05,-0.03,35,0.0,3.7,0.000,0.0,0,HAYIR,EVET
2026-08-19 12:20:41.781,-0.05,-0.03,35,0.0,3.7,0.000,0.0,0,HAYIR,EVET
2026-08-19 12:20:41.801,-0.05,-0.03,35,0.0,3.7,0.000,0.0,0,HAYIR,EVET
